# PATH  Rmax= 9.000,  Keep_limit= 0.00, Heap_limit 0.00  Pwcrit= 2.50%
 -----------------------------------------------------------------------
  pathindex     sig2   amp ratio    deg    nlegs  r effective
        1     0.00000     0.1000E+03     1.000     2   2.0374
        2     0.00000     0.9697E+02     1.000     2   2.0616
        3     0.00000     0.7895E+02     1.000     2   2.2883
        4     0.00000     0.7878E+02     1.000     2   2.2901
        5     0.00000     0.9221E+01     1.000     2   2.9519
        6     0.00000     0.3691E+02     1.000     2   2.9802
        7     0.00000     0.3541E+02     1.000     2   3.0274
        8     0.00000     0.3466E+02     1.000     2   3.0416
        9     0.00000     0.3302E+02     1.000     2   3.1239
       10     0.00000     0.7940E+01     1.000     2   3.1262
       11     0.00000     0.3201E+02     1.000     2   3.1386
       12     0.00000     0.7717E+01     1.000     2   3.1604
       13     0.00000     0.7708E+01     1.000     2   3.1618
       14     0.00000     0.5472E+02     2.000     3   3.1803
       15     0.00000     0.3123E+02     1.000     2   3.1908
       16     0.00000     0.6338E+02     2.000     3   3.1904
       17     0.00000     0.7487E+01     1.000     2   3.1970
       18     0.00000     0.5650E+02     2.000     3   3.2253
       19     0.00000     0.6967E+01     1.000     2   3.2856
       20     0.00000     0.6169E+02     2.000     3   3.2891
       21     0.00000     0.6660E+01     1.000     2   3.3421
       22     0.00000     0.3818E+02     1.000     4   3.3533
       23     0.00000     0.6488E+01     1.000     2   3.3751
       24     0.00000     0.2571E+02     1.000     4   3.3804
       25     0.00000     0.6321E+01     1.000     2   3.4085
       26     0.00000     0.3014E+02     1.000     4   3.4091
       27     0.00000     0.4004E+02     1.000     4   3.4397
       28     0.00000     0.2388E+02     1.000     2   3.5290
       29     0.00000     0.9788E+01     2.000     3   3.5842
       30     0.00000     0.6687E+01     2.000     3   3.6096
       31     0.00000     0.3217E+02     2.000     3   3.6189
       32     0.00000     0.8245E+01     2.000     3   3.6416
       33     0.00000     0.2171E+02     1.000     2   3.6526
       34     0.00000     0.3163E+02     2.000     3   3.6544
       35     0.00000     0.6404E+01     2.000     3   3.6584
       36     0.00000     0.5647E+01     2.000     3   3.6774
       37     0.00000     0.5743E+01     2.000     3   3.6879
       38     0.00000     0.6540E+01     2.000     3   3.6957
       39     0.00000     0.7033E+01     2.000     3   3.7226
       40     0.00000     0.5858E+01     2.000     3   3.7301
       41     0.00000     0.1156E+02     2.000     4   3.8097
       42     0.00000     0.5932E+01     2.000     3   3.8128
       43     0.00000     0.1061E+02     2.000     4   3.8421
       44     0.00000     0.1342E+02     2.000     4   3.8587
       45     0.00000     0.6149E+01     2.000     3   3.9027
       46     0.00000     0.5989E+01     2.000     3   3.9203
       47     0.00000     0.1124E+02     2.000     3   3.9359
       48     0.00000     0.7014E+01     2.000     3   3.9541
       49     0.00000     0.6743E+01     2.000     3   3.9697
       50     0.00000     0.6830E+01     2.000     3   3.9833
       51     0.00000     0.6409E+01     2.000     3   3.9999
       52     0.00000     0.4602E+01     1.000     4   4.0444
       53     0.00000     0.1332E+02     2.000     3   4.0502
       54     0.00000     0.4487E+01     2.000     3   4.0560
       56     0.00000     0.1217E+02     1.000     4   4.0748
       57     0.00000     0.1538E+02     2.000     3   4.0771
       59     0.00000     0.3644E+01     2.000     4   4.0990
       60     0.00000     0.1095E+02     1.000     4   4.1138
       61     0.00000     0.1025E+02     1.000     4   4.1180
       62     0.00000     0.1142E+02     1.000     4   4.1233
       65     0.00000     0.3726E+01     1.000     2   4.1428
       67     0.00000     0.1488E+02     1.000     2   4.1552
       68     0.00000     0.1478E+02     1.000     2   4.1644
       69     0.00000     0.3666E+01     1.000     2   4.1672
       70     0.00000     0.1372E+02     2.000     3   4.1797
       72     0.00000     0.4339E+02     2.000     3   4.1880
       73     0.00000     0.4002E+02     2.000     3   4.1965
       74     0.00000     0.1445E+02     1.000     2   4.2059
       75     0.00000     0.3380E+02     1.000     4   4.2117
       76     0.00000     0.4252E+01     1.000     4   4.2191
       77     0.00000     0.1455E+02     2.000     3   4.2254
       78     0.00000     0.8488E+01     2.000     4   4.2277
       79     0.00000     0.4083E+02     2.000     3   4.2356
       80     0.00000     0.4058E+02     2.000     3   4.2383
       81     0.00000     0.2986E+02     1.000     4   4.2379
       82     0.00000     0.3765E+01     1.000     4   4.2390
       83     0.00000     0.9232E+01     2.000     3   4.2468
       84     0.00000     0.1396E+02     1.000     2   4.2536
       85     0.00000     0.3755E+01     1.000     4   4.2543
       86     0.00000     0.4380E+01     2.000     5   4.2589
       87     0.00000     0.3591E+02     2.000     3   4.2663
       88     0.00000     0.4194E+02     2.000     3   4.2687
       89     0.00000     0.6765E+01     2.000     5   4.2688
       90     0.00000     0.3074E+02     1.000     4   4.2707
       92     0.00000     0.3676E+01     1.000     4   4.2752
       93     0.00000     0.2116E+02     2.000     4   4.2769
       94     0.00000     0.5605E+02     2.000     4   4.2769
       95     0.00000     0.1568E+02     1.000     4   4.2836
       96     0.00000     0.3280E+02     1.000     4   4.2839
       97     0.00000     0.5432E+02     2.000     4   4.2900
       98     0.00000     0.1899E+02     2.000     4   4.2955
       99     0.00000     0.1878E+02     2.000     4   4.2977
      100     0.00000     0.2504E+02     1.000     4   4.2990
      101     0.00000     0.3997E+01     2.000     5   4.3035
      102     0.00000     0.9101E+01     2.000     5   4.3032
      103     0.00000     0.3629E+02     2.000     3   4.3057
      104     0.00000     0.3287E+01     2.000     4   4.3078
      105     0.00000     0.4007E+02     1.000     4   4.3160
      107     0.00000     0.6389E+01     2.000     5   4.3267
      108     0.00000     0.3334E+01     2.000     4   4.3275
      109     0.00000     0.6660E+01     2.000     5   4.3331
      110     0.00000     0.5173E+02     2.000     4   4.3381
      111     0.00000     0.2582E+02     1.000     4   4.3433
      112     0.00000     0.1955E+02     2.000     4   4.3451
      114     0.00000     0.3087E+01     2.000     4   4.3517
      115     0.00000     0.3383E+02     1.000     4   4.3682
      116     0.00000     0.1123E+02     2.000     3   4.3760
      117     0.00000     0.2411E+02     2.000     4   4.3783
      118     0.00000     0.3026E+02     2.000     3   4.3791
      119     0.00000     0.4670E+02     2.000     4   4.3942
      120     0.00000     0.3412E+02     1.000     4   4.4055
      121     0.00000     0.2385E+02     2.000     4   4.4078
      122     0.00000     0.2216E+02     1.000     4   4.4133
      123     0.00000     0.5974E+01     2.000     3   4.4205
      124     0.00000     0.4683E+02     2.000     4   4.4292
      125     0.00000     0.1701E+02     1.000     6   4.4318
      126     0.00000     0.4217E+01     2.000     3   4.4324
      127     0.00000     0.4622E+02     2.000     4   4.4357
      128     0.00000     0.5599E+01     2.000     3   4.4441
      130     0.00000     0.7967E+02     2.000     5   4.4529
      132     0.00000     0.1304E+02     1.000     6   4.4590
      133     0.00000     0.5515E+02     2.000     5   4.4606
      134     0.00000     0.3113E+01     2.000     4   4.4629
      136     0.00000     0.7437E+02     2.000     5   4.4770
      137     0.00000     0.1301E+02     2.000     4   4.4787
      138     0.00000     0.1185E+02     1.000     6   4.4873
      139     0.00000     0.4376E+02     2.000     4   4.4894
      140     0.00000     0.5291E+02     2.000     5   4.4957
      141     0.00000     0.7261E+02     2.000     5   4.4991
      142     0.00000     0.2687E+02     1.000     4   4.5045
      143     0.00000     0.8344E+02     2.000     5   4.5063
      144     0.00000     0.1206E+02     1.000     2   4.5111
      145     0.00000     0.8715E+02     2.000     5   4.5161
      146     0.00000     0.2151E+02     1.000     4   4.5166
      147     0.00000     0.7139E+02     2.000     5   4.5219
      148     0.00000     0.4164E+02     2.000     4   4.5296
      150     0.00000     0.8078E+02     2.000     5   4.5312
      151     0.00000     0.3932E+01     2.000     3   4.5328
      152     0.00000     0.4518E+02     2.000     5   4.5413
      153     0.00000     0.7089E+02     2.000     5   4.5447
      155     0.00000     0.4475E+02     2.000     5   4.5584
      156     0.00000     0.4242E+02     2.000     5   4.5620
      157     0.00000     0.2840E+01     1.000     2   4.5649
      158     0.00000     0.3841E+01     2.000     3   4.5710
      159     0.00000     0.2758E+01     1.000     4   4.5714
      160     0.00000     0.3456E+02     2.000     3   4.5725
      161     0.00000     0.5666E+01     1.000     4   4.5765
      162     0.00000     0.4031E+01     2.000     4   4.5783
      163     0.00000     0.5642E+01     1.000     4   4.5801
      164     0.00000     0.7526E+02     2.000     5   4.5893
      165     0.00000     0.6550E+02     2.000     5   4.5970
      166     0.00000     0.6994E+01     2.000     4   4.5983
      167     0.00000     0.3977E+01     2.000     4   4.6029
      168     0.00000     0.4133E+02     2.000     5   4.6079
      169     0.00000     0.3373E+01     2.000     3   4.6229
      170     0.00000     0.3680E+01     1.000     4   4.6252
      171     0.00000     0.3149E+02     1.000     4   4.6339
      172     0.00000     0.5414E+01     2.000     4   4.6433
      173     0.00000     0.6371E+02     2.000     5   4.6550
      174     0.00000     0.9907E+01     2.000     3   4.6563
      175     0.00000     0.6988E+02     2.000     5   4.6672
      176     0.00000     0.6929E+02     1.000     6   4.6692
      178     0.00000     0.5708E+01     2.000     5   4.6820
      179     0.00000     0.6665E+01     2.000     3   4.6879
      180     0.00000     0.8459E+01     2.000     4   4.6890
      181     0.00000     0.5697E+02     1.000     6   4.6941
      182     0.00000     0.5512E+01     2.000     5   4.6985
      183     0.00000     0.5210E+02     1.000     6   4.6992
      184     0.00000     0.2992E+01     1.000     4   4.7067
      186     0.00000     0.1345E+02     2.000     4   4.7116
      188     0.00000     0.7997E+01     2.000     3   4.7142
      189     0.00000     0.5664E+02     1.000     6   4.7162
      190     0.00000     0.7171E+01     2.000     3   4.7205
      191     0.00000     0.1047E+03     2.000     6   4.7250
      193     0.00000     0.3392E+01     2.000     3   4.7279
      194     0.00000     0.1566E+02     2.000     4   4.7293
      195     0.00000     0.5882E+01     2.000     3   4.7405
      196     0.00000     0.3112E+01     2.000     3   4.7442
      198     0.00000     0.1995E+02     2.000     5   4.7472
      199     0.00000     0.9450E+01     1.000     4   4.7476
      201     0.00000     0.8908E+01     2.000     5   4.7489
      202     0.00000     0.1375E+02     2.000     4   4.7529
      204     0.00000     0.1010E+03     2.000     6   4.7585
      205     0.00000     0.3158E+01     2.000     4   4.7602
      206     0.00000     0.3102E+01     2.000     4   4.7711
      207     0.00000     0.4956E+02     1.000     6   4.7730
      208     0.00000     0.8763E+01     2.000     5   4.7758
      209     0.00000     0.1535E+02     2.000     3   4.7799
      210     0.00000     0.4960E+02     1.000     6   4.7808
      211     0.00000     0.1134E+02     2.000     4   4.7819
      212     0.00000     0.9128E+01     2.000     4   4.7898
      213     0.00000     0.6933E+01     2.000     4   4.7961
      214     0.00000     0.3218E+01     2.000     3   4.8058
      215     0.00000     0.4543E+02     1.000     6   4.8056
      216     0.00000     0.4775E+01     2.000     3   4.8066
      218     0.00000     0.9548E+01     2.000     4   4.8083
      219     0.00000     0.4654E+01     2.000     5   4.8154
      220     0.00000     0.6005E+02     1.000     6   4.8178
      221     0.00000     0.9975E+01     2.000     4   4.8204
      222     0.00000     0.9142E+01     2.000     4   4.8209
      223     0.00000     0.3327E+01     2.000     4   4.8229
      225     0.00000     0.3538E+01     2.000     4   4.8383
      226     0.00000     0.9563E+01     2.000     4   4.8396
      227     0.00000     0.3861E+01     2.000     4   4.8409
      228     0.00000     0.2512E+02     2.000     4   4.8413
      229     0.00000     0.4959E+01     2.000     4   4.8651
      230     0.00000     0.8579E+01     2.000     4   4.8650
      231     0.00000     0.8909E+01     2.000     4   4.8680
      232     0.00000     0.1653E+02     2.000     4   4.8716
      233     0.00000     0.6329E+01     2.000     4   4.8759
      234     0.00000     0.1855E+02     2.000     4   4.8835
      235     0.00000     0.6673E+01     2.000     4   4.8831
      236     0.00000     0.6243E+01     2.000     6   4.8883
      237     0.00000     0.1655E+02     2.000     4   4.8911
      238     0.00000     0.1388E+02     2.000     5   4.8937
      239     0.00000     0.1827E+02     2.000     4   4.8950
      240     0.00000     0.3243E+02     2.000     5   4.8953
      241     0.00000     0.8466E+01     2.000     4   4.8968
      242     0.00000     0.1765E+02     2.000     4   4.9038
      243     0.00000     0.1750E+02     2.000     4   4.9048
      244     0.00000     0.3489E+01     2.000     4   4.9049
      245     0.00000     0.8647E+01     2.000     4   4.9057
      246     0.00000     0.1128E+02     2.000     5   4.9063
      247     0.00000     0.4795E+01     2.000     4   4.9085
      248     0.00000     0.1756E+02     2.000     4   4.9143
      249     0.00000     0.3475E+02     2.000     5   4.9159
      250     0.00000     0.5689E+01     2.000     6   4.9203
      251     0.00000     0.9042E+01     2.000     4   4.9225
      252     0.00000     0.1399E+02     2.000     5   4.9249
      253     0.00000     0.2833E+02     1.000     6   4.9263
      254     0.00000     0.3540E+02     2.000     5   4.9274
      255     0.00000     0.1483E+02     2.000     5   4.9284
      256     0.00000     0.3830E+01     2.000     3   4.9292
      257     0.00000     0.3323E+02     2.000     5   4.9294
      258     0.00000     0.3177E+02     2.000     5   4.9324
      259     0.00000     0.7934E+01     2.000     4   4.9346
      260     0.00000     0.7320E+01     2.000     6   4.9371
      261     0.00000     0.8403E+01     2.000     5   4.9423
      262     0.00000     0.2020E+02     2.000     5   4.9454
      263     0.00000     0.3452E+02     2.000     5   4.9462
      264     0.00000     0.4317E+01     1.000     4   4.9495
      265     0.00000     0.4400E+01     2.000     4   4.9512
      266     0.00000     0.1894E+02     2.000     5   4.9528
      267     0.00000     0.1219E+02     2.000     5   4.9549
      268     0.00000     0.3008E+01     2.000     5   4.9575
      269     0.00000     0.2977E+01     2.000     3   4.9585
      270     0.00000     0.1162E+02     2.000     5   4.9583
      271     0.00000     0.6148E+01     2.000     5   4.9603
      272     0.00000     0.5208E+01     2.000     3   4.9633
      273     0.00000     0.1303E+02     2.000     5   4.9660
      274     0.00000     0.1108E+02     2.000     4   4.9701
      275     0.00000     0.1119E+02     2.000     4   4.9712
      276     0.00000     0.3225E+01     2.000     4   4.9711
      277     0.00000     0.2030E+02     2.000     5   4.9715
      278     0.00000     0.1056E+02     2.000     4   4.9733
      279     0.00000     0.3782E+01     2.000     3   4.9839
      280     0.00000     0.1818E+02     2.000     5   4.9852
      281     0.00000     0.3870E+01     2.000     4   4.9893
      282     0.00000     0.1995E+02     2.000     5   4.9902
      283     0.00000     0.1628E+02     2.000     5   4.9949
      284     0.00000     0.7853E+01     2.000     5   4.9951
      285     0.00000     0.3663E+01     2.000     3   4.9954
      286     0.00000     0.9405E+01     2.000     5   4.9962
      287     0.00000     0.8472E+01     2.000     5   5.0038
      288     0.00000     0.1844E+02     2.000     5   5.0041
      289     0.00000     0.1497E+02     2.000     5   5.0057
      290     0.00000     0.8999E+01     2.000     5   5.0084
      291     0.00000     0.1472E+02     2.000     5   5.0116
      292     0.00000     0.4509E+01     2.000     5   5.0132
      293     0.00000     0.1084E+02     2.000     4   5.0151
      294     0.00000     0.5011E+01     2.000     3   5.0179
      295     0.00000     0.4257E+01     1.000     4   5.0187
      297     0.00000     0.1649E+02     2.000     5   5.0211
      298     0.00000     0.2028E+02     2.000     5   5.0223
      299     0.00000     0.1081E+02     2.000     3   5.0289
      301     0.00000     0.1228E+02     2.000     5   5.0301
      302     0.00000     0.4193E+01     2.000     5   5.0309
      303     0.00000     0.5126E+01     2.000     4   5.0328
      304     0.00000     0.3036E+01     2.000     3   5.0338
      305     0.00000     0.1789E+02     2.000     5   5.0365
      306     0.00000     0.7560E+01     2.000     5   5.0372
      307     0.00000     0.7741E+01     2.000     4   5.0418
      308     0.00000     0.8712E+01     1.000     2   5.0440
      309     0.00000     0.3060E+01     2.000     4   5.0448
      310     0.00000     0.3204E+02     2.000     3   5.0455
      311     0.00000     0.9901E+01     2.000     5   5.0460
      312     0.00000     0.3139E+02     1.000     4   5.0470
      313     0.00000     0.7575E+01     2.000     5   5.0466
      314     0.00000     0.5861E+01     1.000     4   5.0486
      316     0.00000     0.5854E+01     2.000     4   5.0499
      317     0.00000     0.7836E+01     2.000     5   5.0555
      318     0.00000     0.1302E+02     2.000     5   5.0565
      319     0.00000     0.6299E+01     2.000     3   5.0586
      320     0.00000     0.8574E+01     2.000     5   5.0596
      321     0.00000     0.8816E+01     2.000     5   5.0598
      322     0.00000     0.7832E+01     2.000     4   5.0648
      323     0.00000     0.1786E+02     2.000     4   5.0675
      324     0.00000     0.4920E+01     1.000     4   5.0697
      326     0.00000     0.2801E+02     2.000     5   5.0731
      327     0.00000     0.7674E+01     2.000     4   5.0790
      328     0.00000     0.6143E+01     2.000     3   5.0876
      329     0.00000     0.6621E+01     2.000     4   5.0883
      330     0.00000     0.8266E+01     2.000     5   5.0894
      331     0.00000     0.7765E+01     2.000     4   5.0906
      332     0.00000     0.1067E+02     2.000     5   5.0942
      333     0.00000     0.7479E+01     2.000     4   5.0952
      334     0.00000     0.2775E+02     2.000     5   5.0955
      335     0.00000     0.5975E+01     2.000     3   5.0985
      336     0.00000     0.7220E+01     2.000     5   5.1018
      337     0.00000     0.7893E+01     2.000     3   5.1053
      338     0.00000     0.1134E+02     2.000     4   5.1071
      339     0.00000     0.9939E+01     2.000     3   5.1130
      340     0.00000     0.1238E+02     2.000     4   5.1164
      341     0.00000     0.4538E+01     1.000     4   5.1203
      342     0.00000     0.5779E+01     2.000     3   5.1232
      343     0.00000     0.8004E+01     2.000     3   5.1250
      344     0.00000     0.4666E+01     2.000     3   5.1262
      345     0.00000     0.5026E+01     2.000     3   5.1278
      346     0.00000     0.3512E+02     2.000     5   5.1289
      347     0.00000     0.2065E+02     2.000     6   5.1285
      348     0.00000     0.2338E+02     2.000     5   5.1362
      349     0.00000     0.7144E+01     2.000     4   5.1373
      350     0.00000     0.5051E+01     2.000     3   5.1396
      351     0.00000     0.4531E+01     2.000     3   5.1426
      352     0.00000     0.2600E+02     2.000     6   5.1455
      353     0.00000     0.1213E+02     2.000     4   5.1468
      354     0.00000     0.1205E+02     2.000     4   5.1466
      355     0.00000     0.9821E+01     2.000     4   5.1478
      356     0.00000     0.1275E+02     2.000     4   5.1487
      357     0.00000     0.7402E+01     2.000     4   5.1496
      358     0.00000     0.2242E+02     2.000     5   5.1549
      360     0.00000     0.1944E+02     2.000     5   5.1577
      361     0.00000     0.2211E+02     2.000     6   5.1580
      362     0.00000     0.8629E+01     2.000     4   5.1613
      363     0.00000     0.5625E+01     2.000     4   5.1634
      364     0.00000     0.7797E+01     1.000     4   5.1631
      365     0.00000     0.2270E+02     2.000     5   5.1657
      366     0.00000     0.8872E+01     2.000     4   5.1689
      367     0.00000     0.4172E+02     2.000     6   5.1686
      368     0.00000     0.2232E+02     2.000     5   5.1702
      369     0.00000     0.2766E+01     2.000     5   5.1704
      370     0.00000     0.1986E+02     2.000     5   5.1704
      371     0.00000     0.8142E+01     1.000     4   5.1733
      373     0.00000     0.2248E+02     2.000     6   5.1746
      374     0.00000     0.3659E+01     2.000     3   5.1764
      375     0.00000     0.1023E+02     2.000     4   5.1761
      376     0.00000     0.3352E+01     1.000     4   5.1789
      377     0.00000     0.4129E+02     2.000     6   5.1786
      378     0.00000     0.5000E+01     2.000     4   5.1833
      379     0.00000     0.9319E+01     2.000     4   5.1840
      380     0.00000     0.9788E+01     2.000     4   5.1857
      381     0.00000     0.4122E+02     2.000     6   5.1853
      382     0.00000     0.3978E+01     2.000     4   5.1879
      383     0.00000     0.2141E+02     2.000     6   5.1878
      384     0.00000     0.1634E+02     2.000     5   5.1968
      385     0.00000     0.2774E+02     2.000     5   5.1970
      386     0.00000     0.2557E+02     2.000     6   5.1995
      387     0.00000     0.7042E+01     2.000     4   5.2002
      388     0.00000     0.1797E+02     2.000     5   5.1998
      389     0.00000     0.6269E+01     2.000     4   5.2016
      390     0.00000     0.2561E+02     2.000     5   5.2044
      391     0.00000     0.2961E+01     1.000     4   5.2049
      392     0.00000     0.2607E+02     2.000     6   5.2061
      393     0.00000     0.3956E+02     2.000     6   5.2070
      394     0.00000     0.1678E+02     2.000     6   5.2138
      395     0.00000     0.5409E+01     2.000     4   5.2185
      396     0.00000     0.3602E+01     2.000     5   5.2186
      397     0.00000     0.2545E+02     1.000     6   5.2206
      398     0.00000     0.1615E+02     2.000     5   5.2253
      399     0.00000     0.9251E+01     2.000     4   5.2270
      400     0.00000     0.9194E+01     2.000     5   5.2278
      401     0.00000     0.8883E+01     2.000     5   5.2278
      402     0.00000     0.2012E+02     2.000     6   5.2303
      403     0.00000     0.9457E+01     2.000     4   5.2333
      405     0.00000     0.3941E+02     2.000     6   5.2361
      407     0.00000     0.7674E+01     2.000     5   5.2419
      408     0.00000     0.7297E+01     2.000     5   5.2419
      409     0.00000     0.2151E+02     2.000     5   5.2435
      410     0.00000     0.4333E+01     1.000     4   5.2443
      411     0.00000     0.4031E+02     2.000     6   5.2461
      412     0.00000     0.2320E+02     1.000     6   5.2458
      413     0.00000     0.1501E+02     2.000     5   5.2487
      414     0.00000     0.8554E+01     2.000     4   5.2505
      415     0.00000     0.8730E+01     2.000     4   5.2505
      416     0.00000     0.7736E+01     2.000     4   5.2524
      417     0.00000     0.3701E+02     2.000     6   5.2568
      418     0.00000     0.4799E+01     2.000     5   5.2574
      419     0.00000     0.6204E+01     2.000     4   5.2587
      420     0.00000     0.5412E+01     2.000     3   5.2596
      421     0.00000     0.6486E+01     2.000     4   5.2615
      422     0.00000     0.4081E+01     2.000     4   5.2614
      423     0.00000     0.8315E+01     2.000     5   5.2627
      424     0.00000     0.7972E+01     2.000     5   5.2627
      425     0.00000     0.6094E+01     2.000     4   5.2637
      426     0.00000     0.1258E+02     2.000     5   5.2644
      427     0.00000     0.3026E+01     2.000     4   5.2690
      428     0.00000     0.2678E+01     2.000     4   5.2702
      429     0.00000     0.1777E+02     2.000     5   5.2700
      430     0.00000     0.1051E+02     2.000     5   5.2698
      431     0.00000     0.3756E+01     2.000     3   5.2709
      432     0.00000     0.7595E+01     2.000     4   5.2724
      433     0.00000     0.1090E+02     2.000     5   5.2725
      434     0.00000     0.3123E+01     2.000     5   5.2724
      435     0.00000     0.1218E+02     2.000     5   5.2744
      436     0.00000     0.1074E+02     2.000     5   5.2746
      437     0.00000     0.2088E+02     2.000     5   5.2752
      438     0.00000     0.1196E+02     2.000     4   5.2777
      439     0.00000     0.1278E+02     2.000     5   5.2780
      440     0.00000     0.4092E+01     1.000     4   5.2821
      441     0.00000     0.2715E+01     1.000     4   5.2831
      442     0.00000     0.1068E+02     2.000     5   5.2832
      443     0.00000     0.1225E+02     2.000     5   5.2836
      444     0.00000     0.3663E+02     2.000     6   5.2848
      445     0.00000     0.3635E+01     2.000     3   5.2877
      446     0.00000     0.1059E+02     2.000     5   5.2885
      447     0.00000     0.7482E+01     2.000     4   5.2892
      448     0.00000     0.7571E+01     2.000     4   5.2901
      449     0.00000     0.3432E+02     2.000     6   5.2956
      450     0.00000     0.1544E+02     2.000     5   5.2984
      451     0.00000     0.3686E+02     2.000     6   5.2989
      452     0.00000     0.2824E+01     2.000     5   5.3015
      453     0.00000     0.3445E+01     2.000     3   5.3032
      454     0.00000     0.4361E+01     2.000     4   5.3047
      455     0.00000     0.6914E+01     2.000     4   5.3071
      456     0.00000     0.4897E+01     2.000     5   5.3070
      457     0.00000     0.7929E+01     2.000     3   5.3078
      458     0.00000     0.1410E+02     2.000     5   5.3097
      459     0.00000     0.8767E+01     2.000     5   5.3125
      460     0.00000     0.3947E+01     2.000     5   5.3141
      461     0.00000     0.4650E+01     2.000     3   5.3149
      462     0.00000     0.1249E+02     2.000     4   5.3152
      463     0.00000     0.1318E+02     2.000     5   5.3165
      464     0.00000     0.3662E+01     2.000     4   5.3175
      465     0.00000     0.1496E+02     2.000     4   5.3176
      466     0.00000     0.7254E+01     2.000     5   5.3182
      467     0.00000     0.1273E+02     2.000     4   5.3229
      468     0.00000     0.9590E+01     2.000     5   5.3228
      469     0.00000     0.1542E+02     1.000     6   5.3239
      470     0.00000     0.4716E+01     2.000     5   5.3253
      471     0.00000     0.3094E+01     2.000     5   5.3258
      472     0.00000     0.3910E+01     2.000     5   5.3280
      473     0.00000     0.4791E+01     2.000     3   5.3287
      474     0.00000     0.9459E+01     2.000     5   5.3283
      476     0.00000     0.9195E+01     1.000     4   5.3302
      477     0.00000     0.3512E+01     2.000     5   5.3306
      478     0.00000     0.2896E+01     2.000     5   5.3318
      479     0.00000     0.2303E+02     2.000     5   5.3327
      480     0.00000     0.2501E+02     2.000     6   5.3334
      481     0.00000     0.8157E+01     2.000     4   5.3340
      482     0.00000     0.1482E+02     2.000     5   5.3362
      483     0.00000     0.1059E+02     2.000     4   5.3373
      484     0.00000     0.7817E+01     2.000     5   5.3374
      486     0.00000     0.2970E+01     2.000     4   5.3386
      487     0.00000     0.1286E+02     2.000     4   5.3410
      488     0.00000     0.4957E+01     2.000     5   5.3414
      489     0.00000     0.4384E+01     2.000     4   5.3436
      490     0.00000     0.3164E+01     1.000     4   5.3445
      491     0.00000     0.8509E+01     2.000     3   5.3452
      492     0.00000     0.4282E+01     2.000     5   5.3447
      493     0.00000     0.3129E+02     2.000     5   5.3453
      494     0.00000     0.1759E+02     2.000     4   5.3467
      495     0.00000     0.4225E+01     2.000     7   5.3473
      496     0.00000     0.3636E+01     2.000     5   5.3477
      497     0.00000     0.1035E+02     2.000     5   5.3492
      498     0.00000     0.5290E+01     2.000     4   5.3503
      499     0.00000     0.1101E+02     2.000     4   5.3511
      500     0.00000     0.8787E+01     2.000     5   5.3508
      501     0.00000     0.8532E+01     2.000     5   5.3508
      502     0.00000     0.1826E+02     2.000     5   5.3525
      503     0.00000     0.7716E+01     2.000     6   5.3551
      504     0.00000     0.7213E+01     2.000     6   5.3553
      505     0.00000     0.4715E+01     2.000     6   5.3555
      506     0.00000     0.3318E+01     2.000     5   5.3560
      507     0.00000     0.1881E+02     2.000     5   5.3566
      508     0.00000     0.2257E+02     2.000     6   5.3579
      509     0.00000     0.6220E+01     2.000     4   5.3583
      510     0.00000     0.9031E+01     2.000     5   5.3587
      511     0.00000     0.2815E+02     1.000     6   5.3604
      512     0.00000     0.2995E+01     2.000     5   5.3626
      513     0.00000     0.5327E+01     2.000     4   5.3646
      514     0.00000     0.2070E+02     2.000     5   5.3647
      515     0.00000     0.1815E+02     2.000     5   5.3662
      516     0.00000     0.4223E+01     2.000     5   5.3671
      517     0.00000     0.3702E+01     2.000     5   5.3680
      518     0.00000     0.6331E+01     2.000     6   5.3684
      519     0.00000     0.1777E+02     2.000     5   5.3690
      520     0.00000     0.3366E+01     1.000     4   5.3721
      521     0.00000     0.8177E+01     2.000     6   5.3741
      522     0.00000     0.4810E+01     2.000     6   5.3758
      523     0.00000     0.9389E+01     2.000     6   5.3761
      524     0.00000     0.9004E+01     1.000     6   5.3764
      525     0.00000     0.3365E+01     2.000     5   5.3771
      526     0.00000     0.7527E+01     2.000     6   5.3775
      527     0.00000     0.1405E+02     1.000     6   5.3771
      528     0.00000     0.4828E+01     2.000     5   5.3792
      529     0.00000     0.4364E+01     2.000     5   5.3820
      531     0.00000     0.5940E+01     2.000     7   5.3817
      532     0.00000     0.4011E+01     2.000     5   5.3839
      533     0.00000     0.9468E+01     2.000     5   5.3842
      534     0.00000     0.9634E+01     2.000     6   5.3846
      535     0.00000     0.1549E+02     2.000     5   5.3858
      536     0.00000     0.4664E+01     2.000     4   5.3874
      537     0.00000     0.4075E+01     2.000     4   5.3888
      538     0.00000     0.1622E+02     2.000     5   5.3899
      539     0.00000     0.1634E+02     2.000     6   5.3907
      540     0.00000     0.4782E+01     2.000     4   5.3912
      541     0.00000     0.1247E+02     2.000     5   5.3916
      542     0.00000     0.5752E+01     2.000     6   5.3917
      543     0.00000     0.1068E+02     2.000     6   5.3945
      544     0.00000     0.2174E+02     2.000     5   5.3956
      545     0.00000     0.3294E+01     2.000     5   5.3958
      546     0.00000     0.4566E+01     2.000     5   5.3966
      547     0.00000     0.1953E+02     2.000     6   5.3969
      548     0.00000     0.2742E+02     2.000     6   5.3969
      549     0.00000     0.8718E+01     2.000     5   5.3996
      550     0.00000     0.8661E+01     2.000     5   5.4025
      551     0.00000     0.8135E+01     2.000     6   5.4028
      552     0.00000     0.4119E+01     2.000     7   5.4053
      553     0.00000     0.2813E+01     2.000     5   5.4097
      554     0.00000     0.1133E+02     2.000     5   5.4097
      555     0.00000     0.4457E+01     2.000     5   5.4102
      556     0.00000     0.1019E+02     2.000     6   5.4105
      557     0.00000     0.1956E+02     2.000     6   5.4116
      558     0.00000     0.2786E+02     2.000     6   5.4116
      559     0.00000     0.4348E+01     2.000     7   5.4112
      560     0.00000     0.3281E+01     2.000     4   5.4122
      561     0.00000     0.4885E+01     2.000     5   5.4134
      562     0.00000     0.4858E+01     2.000     6   5.4163
      563     0.00000     0.4571E+01     2.000     6   5.4185
      564     0.00000     0.6530E+02     2.000     7   5.4198
      565     0.00000     0.8816E+01     2.000     5   5.4212
      566     0.00000     0.4786E+01     2.000     3   5.4215
      567     0.00000     0.8869E+01     2.000     6   5.4218
      568     0.00000     0.6466E+01     2.000     6   5.4233
      569     0.00000     0.9083E+01     2.000     5   5.4237
      570     0.00000     0.6658E+01     2.000     6   5.4237
      571     0.00000     0.5040E+01     2.000     4   5.4243
      572     0.00000     0.1190E+02     2.000     4   5.4262
      573     0.00000     0.2707E+01     2.000     4   5.4269
      574     0.00000     0.1536E+02     2.000     5   5.4283
      576     0.00000     0.3165E+01     2.000     6   5.4313
      577     0.00000     0.8776E+01     2.000     4   5.4332
      578     0.00000     0.4413E+01     2.000     5   5.4333
      579     0.00000     0.3851E+02     2.000     6   5.4382
      580     0.00000     0.3099E+01     2.000     6   5.4379
      581     0.00000     0.2391E+02     2.000     6   5.4410
      582     0.00000     0.1127E+02     2.000     6   5.4420
      583     0.00000     0.9173E+01     2.000     6   5.4419
      585     0.00000     0.3219E+02     2.000     5   5.4430
      586     0.00000     0.2074E+02     2.000     5   5.4429
      587     0.00000     0.4002E+01     2.000     4   5.4437
      588     0.00000     0.7358E+01     2.000     4   5.4440
      589     0.00000     0.3596E+02     2.000     6   5.4436
      590     0.00000     0.7128E+01     2.000     5   5.4444
      591     0.00000     0.7417E+01     2.000     6   5.4458
      592     0.00000     0.7283E+01     2.000     6   5.4454
      593     0.00000     0.9387E+01     2.000     6   5.4454
      594     0.00000     0.6503E+01     1.000     6   5.4461
      595     0.00000     0.6315E+02     2.000     7   5.4462
      596     0.00000     0.1313E+02     2.000     6   5.4465
      597     0.00000     0.1112E+02     2.000     6   5.4467
      598     0.00000     0.3007E+01     2.000     5   5.4510
      599     0.00000     0.1066E+02     2.000     5   5.4552
      600     0.00000     0.2235E+02     2.000     5   5.4556
      601     0.00000     0.4837E+01     2.000     6   5.4562
      602     0.00000     0.8559E+01     2.000     6   5.4562
      603     0.00000     0.1101E+02     2.000     6   5.4562
      604     0.00000     0.5338E+01     2.000     6   5.4568
      605     0.00000     0.5897E+01     2.000     3   5.4573
      606     0.00000     0.7989E+01     2.000     5   5.4577
      607     0.00000     0.1103E+02     2.000     6   5.4575
      608     0.00000     0.1254E+02     2.000     4   5.4588
      609     0.00000     0.1816E+02     2.000     5   5.4586
      610     0.00000     0.1017E+02     2.000     5   5.4604
      611     0.00000     0.7270E+02     2.000     7   5.4618
      612     0.00000     0.1253E+02     2.000     5   5.4628
      613     0.00000     0.1139E+02     2.000     6   5.4624
      614     0.00000     0.2152E+02     2.000     6   5.4645
      615     0.00000     0.4869E+01     2.000     6   5.4652
      616     0.00000     0.8532E+01     2.000     5   5.4654
      618     0.00000     0.5128E+01     2.000     6   5.4699
      619     0.00000     0.5922E+01     1.000     6   5.4699
      620     0.00000     0.1231E+02     2.000     6   5.4699
      621     0.00000     0.7319E+01     2.000     5   5.4710
      622     0.00000     0.3945E+02     2.000     6   5.4707
      623     0.00000     0.1316E+02     2.000     5   5.4765
      624     0.00000     0.5287E+01     2.000     4   5.4793
      625     0.00000     0.5019E+01     2.000     5   5.4804
      626     0.00000     0.5460E+01     2.000     5   5.4804
      627     0.00000     0.3156E+01     2.000     4   5.4808
      628     0.00000     0.1195E+02     2.000     6   5.4811
      629     0.00000     0.7174E+01     2.000     5   5.4824
      631     0.00000     0.5979E+01     2.000     4   5.4830
      632     0.00000     0.4197E+01     2.000     6   5.4834
      633     0.00000     0.1033E+02     2.000     6   5.4837
      634     0.00000     0.6623E+02     2.000     7   5.4849
      635     0.00000     0.7062E+01     2.000     5   5.4857
      636     0.00000     0.9977E+01     2.000     6   5.4860
      637     0.00000     0.5983E+01     2.000     6   5.4860
      638     0.00000     0.4195E+01     2.000     6   5.4864
      640     0.00000     0.5561E+01     2.000     6   5.4906
      641     0.00000     0.1167E+02     1.000     4   5.4910
      642     0.00000     0.3512E+01     2.000     5   5.4911
      643     0.00000     0.1101E+02     2.000     6   5.4912
      644     0.00000     0.6462E+01     2.000     6   5.4912
      645     0.00000     0.6121E+01     2.000     6   5.4915
      646     0.00000     0.4930E+01     2.000     5   5.4922
      647     0.00000     0.3037E+01     2.000     5   5.4947
      648     0.00000     0.6815E+01     2.000     6   5.4948
      649     0.00000     0.1091E+02     2.000     4   5.4957
      650     0.00000     0.1162E+02     2.000     4   5.4963
      651     0.00000     0.2388E+02     2.000     5   5.4972
      652     0.00000     0.3988E+01     2.000     4   5.4998
      653     0.00000     0.4160E+01     2.000     5   5.4995
      654     0.00000     0.1301E+02     2.000     5   5.5017
      655     0.00000     0.8812E+01     2.000     5   5.5013
      656     0.00000     0.1592E+02     2.000     6   5.5013
      657     0.00000     0.5444E+01     2.000     5   5.5037
      658     0.00000     0.2410E+02     2.000     5   5.5039
      659     0.00000     0.3771E+01     2.000     5   5.5044
      660     0.00000     0.4772E+01     2.000     6   5.5046
      661     0.00000     0.5383E+01     2.000     6   5.5043
      662     0.00000     0.1100E+02     1.000     4   5.5052
      663     0.00000     0.9825E+01     2.000     5   5.5054
      664     0.00000     0.7212E+01     2.000     5   5.5051
      665     0.00000     0.1436E+02     2.000     6   5.5077
      666     0.00000     0.7405E+01     2.000     5   5.5089
      668     0.00000     0.8885E+01     2.000     6   5.5102
      669     0.00000     0.1871E+02     2.000     5   5.5114
      670     0.00000     0.5555E+01     2.000     6   5.5120
      671     0.00000     0.1585E+02     1.000     6   5.5122
      672     0.00000     0.4264E+01     2.000     6   5.5132
      673     0.00000     0.1212E+02     2.000     6   5.5133
      674     0.00000     0.4494E+01     2.000     5   5.5135
      675     0.00000     0.1237E+02     2.000     6   5.5143
      676     0.00000     0.2114E+02     2.000     5   5.5153
      677     0.00000     0.3912E+01     2.000     4   5.5164
      678     0.00000     0.2297E+02     2.000     6   5.5168
      680     0.00000     0.8739E+01     2.000     5   5.5179
      681     0.00000     0.6435E+01     2.000     6   5.5210
      682     0.00000     0.8118E+01     2.000     6   5.5210
      683     0.00000     0.7991E+01     2.000     5   5.5226
      684     0.00000     0.5627E+02     2.000     7   5.5240
      685     0.00000     0.9710E+01     2.000     6   5.5243
      686     0.00000     0.4745E+01     2.000     6   5.5254
      687     0.00000     0.1872E+02     2.000     5   5.5261
      688     0.00000     0.4297E+02     2.000     6   5.5276
      689     0.00000     0.3549E+02     2.000     5   5.5288
      690     0.00000     0.2871E+01     2.000     5   5.5301
      691     0.00000     0.2985E+02     2.000     7   5.5314
      692     0.00000     0.3457E+02     2.000     5   5.5323
      693     0.00000     0.3309E+01     2.000     4   5.5361
      694     0.00000     0.2564E+02     2.000     7   5.5388
      696     0.00000     0.3035E+02     2.000     7   5.5391
      697     0.00000     0.5624E+02     2.000     7   5.5401
      698     0.00000     0.1440E+02     2.000     5   5.5410
      699     0.00000     0.6465E+01     2.000     6   5.5464
      700     0.00000     0.2490E+02     2.000     6   5.5465
      701     0.00000     0.1336E+02     2.000     5   5.5510
      702     0.00000     0.4232E+01     2.000     6   5.5506
      703     0.00000     0.9370E+01     2.000     6   5.5508
      704     0.00000     0.4430E+01     2.000     5   5.5512
      705     0.00000     0.1261E+02     1.000     6   5.5516
      706     0.00000     0.3001E+02     1.000     6   5.5525
      707     0.00000     0.3260E+01     2.000     4   5.5534
      708     0.00000     0.1460E+02     2.000     5   5.5542
      709     0.00000     0.1474E+02     2.000     5   5.5544
      710     0.00000     0.9560E+01     2.000     6   5.5542
      711     0.00000     0.5445E+01     2.000     6   5.5542
      712     0.00000     0.6230E+01     2.000     6   5.5557
      713     0.00000     0.2495E+02     2.000     7   5.5556
      714     0.00000     0.3553E+02     2.000     6   5.5567
      715     0.00000     0.9111E+01     2.000     6   5.5578
      716     0.00000     0.3456E+01     2.000     4   5.5599
      717     0.00000     0.1246E+02     2.000     5   5.5597
      718     0.00000     0.2448E+02     2.000     6   5.5602
      719     0.00000     0.1115E+02     2.000     4   5.5667
      720     0.00000     0.1220E+02     2.000     6   5.5676
      721     0.00000     0.1285E+02     1.000     6   5.5679
      722     0.00000     0.2471E+02     2.000     5   5.5682
      723     0.00000     0.4397E+01     2.000     5   5.5685
      724     0.00000     0.9141E+01     2.000     6   5.5695
      725     0.00000     0.1114E+02     1.000     4   5.5698
      727     0.00000     0.3999E+01     2.000     5   5.5718
      728     0.00000     0.5022E+02     2.000     5   5.5714
      729     0.00000     0.7549E+01     2.000     6   5.5715
      730     0.00000     0.5786E+01     2.000     6   5.5725
      732     0.00000     0.2635E+02     2.000     6   5.5734
      733     0.00000     0.2716E+02     1.000     6   5.5737
      734     0.00000     0.2810E+02     2.000     7   5.5742
      735     0.00000     0.3427E+01     2.000     4   5.5745
      736     0.00000     0.1270E+02     2.000     5   5.5746
      737     0.00000     0.3666E+02     2.000     7   5.5746
      738     0.00000     0.4162E+01     2.000     5   5.5774
      739     0.00000     0.8790E+01     2.000     7   5.5776
      740     0.00000     0.2018E+02     2.000     7   5.5776
      741     0.00000     0.4597E+01     2.000     6   5.5804
      742     0.00000     0.1451E+02     1.000     6   5.5810
      743     0.00000     0.1451E+02     2.000     5   5.5822
      744     0.00000     0.2508E+02     2.000     6   5.5834
      745     0.00000     0.1525E+02     2.000     5   5.5837
      746     0.00000     0.1212E+02     2.000     7   5.5847
      747     0.00000     0.2495E+02     2.000     7   5.5847
      748     0.00000     0.2848E+02     2.000     6   5.5866
      749     0.00000     0.1329E+02     2.000     5   5.5875
      751     0.00000     0.3036E+02     2.000     6   5.5928
      752     0.00000     0.2468E+02     2.000     6   5.5923
      753     0.00000     0.1333E+02     2.000     4   5.5936
      754     0.00000     0.4297E+02     2.000     6   5.5936
      755     0.00000     0.1257E+02     2.000     7   5.5947
      756     0.00000     0.3090E+02     2.000     7   5.5947
      757     0.00000     0.3012E+02     2.000     5   5.5951
      759     0.00000     0.2658E+02     2.000     6   5.5957
      760     0.00000     0.4277E+02     2.000     6   5.5957
      761     0.00000     0.2528E+02     2.000     6   5.5957
      762     0.00000     0.3719E+01     2.000     3   5.5974
      763     0.00000     0.3332E+02     2.000     7   5.5970
      764     0.00000     0.6382E+01     1.000     2   5.5979
      765     0.00000     0.2470E+02     2.000     7   5.6000
      766     0.00000     0.3656E+01     2.000     5   5.6005
      767     0.00000     0.2481E+02     2.000     6   5.6007
      768     0.00000     0.3359E+02     2.000     5   5.6022
      770     0.00000     0.2587E+02     2.000     6   5.6026
      772     0.00000     0.3290E+01     1.000     4   5.6059
      773     0.00000     0.4076E+02     2.000     6   5.6062
      774     0.00000     0.2818E+02     2.000     6   5.6059
      775     0.00000     0.4447E+02     2.000     6   5.6059
      776     0.00000     0.2654E+02     2.000     6   5.6059
      777     0.00000     0.1042E+02     2.000     6   5.6057
      778     0.00000     0.4790E+01     2.000     5   5.6062
      779     0.00000     0.4497E+02     2.000     5   5.6071
      780     0.00000     0.3770E+01     2.000     3   5.6088
      781     0.00000     0.1519E+02     2.000     7   5.6096
      782     0.00000     0.3369E+02     2.000     7   5.6096
      783     0.00000     0.2017E+02     2.000     5   5.6100
      784     0.00000     0.1474E+02     1.000     6   5.6109
      785     0.00000     0.7848E+02     2.000     6   5.6127
      786     0.00000     0.3903E+02     2.000     6   5.6136
      787     0.00000     0.2298E+02     2.000     6   5.6133
      788     0.00000     0.1902E+02     2.000     6   5.6136
      789     0.00000     0.1699E+02     2.000     6   5.6136
      790     0.00000     0.3971E+02     2.000     6   5.6143
      791     0.00000     0.1828E+02     2.000     6   5.6143
      792     0.00000     0.2543E+02     2.000     6   5.6160
      793     0.00000     0.1561E+02     2.000     3   5.6174
      794     0.00000     0.6417E+01     2.000     5   5.6172
      795     0.00000     0.3419E+02     1.000     6   5.6177
      796     0.00000     0.1009E+02     1.000     4   5.6195
      797     0.00000     0.1406E+02     2.000     7   5.6194
      798     0.00000     0.2048E+02     2.000     7   5.6191
      799     0.00000     0.1308E+02     2.000     7   5.6191
      800     0.00000     0.2281E+02     2.000     7   5.6197
      801     0.00000     0.7588E+02     2.000     7   5.6213
      802     0.00000     0.1648E+02     2.000     5   5.6217
      803     0.00000     0.3953E+01     2.000     3   5.6272
      804     0.00000     0.1730E+02     2.000     6   5.6271
      805     0.00000     0.2398E+02     2.000     6   5.6271
      806     0.00000     0.1058E+02     2.000     6   5.6308
      807     0.00000     0.8217E+01     2.000     6   5.6308
      808     0.00000     0.7671E+02     2.000     6   5.6308
      809     0.00000     0.1663E+02     2.000     6   5.6313
      810     0.00000     0.1592E+02     2.000     7   5.6329
      811     0.00000     0.3239E+01     2.000     3   5.6334
      813     0.00000     0.3271E+02     2.000     5   5.6346
      814     0.00000     0.2662E+02     1.000     6   5.6346
      815     0.00000     0.3638E+02     2.000     6   5.6348
      818     0.00000     0.1039E+02     1.000     4   5.6369
      819     0.00000     0.1431E+02     2.000     7   5.6369
      820     0.00000     0.4424E+01     2.000     5   5.6388
      821     0.00000     0.1511E+02     2.000     6   5.6385
      822     0.00000     0.1930E+02     2.000     7   5.6402
      823     0.00000     0.5602E+01     1.000     6   5.6408
      824     0.00000     0.1603E+02     2.000     6   5.6408
      825     0.00000     0.1686E+02     2.000     7   5.6405
      826     0.00000     0.5602E+01     1.000     6   5.6408
      827     0.00000     0.3290E+01     2.000     6   5.6416
      828     0.00000     0.5633E+01     2.000     5   5.6424
      829     0.00000     0.3418E+02     2.000     6   5.6424
      830     0.00000     0.1844E+02     2.000     3   5.6427
      831     0.00000     0.7486E+01     2.000     6   5.6434
      832     0.00000     0.1713E+02     2.000     7   5.6440
      833     0.00000     0.9317E+01     2.000     7   5.6455
      834     0.00000     0.1550E+02     2.000     7   5.6455
      835     0.00000     0.3869E+01     1.000     4   5.6463
      836     0.00000     0.2147E+02     2.000     5   5.6468
      837     0.00000     0.9075E+01     2.000     6   5.6475
      838     0.00000     0.3647E+01     2.000     4   5.6486
      839     0.00000     0.4483E+01     2.000     5   5.6483
      840     0.00000     0.3761E+02     2.000     6   5.6486
      841     0.00000     0.1632E+02     2.000     6   5.6486
      842     0.00000     0.1804E+02     2.000     7   5.6490
      843     0.00000     0.2044E+02     2.000     7   5.6490
      844     0.00000     0.2752E+02     1.000     6   5.6497
      845     0.00000     0.1069E+02     2.000     6   5.6509
      846     0.00000     0.7351E+01     2.000     6   5.6509
      847     0.00000     0.5982E+02     1.000     6   5.6518
      848     0.00000     0.1394E+02     2.000     6   5.6540
      849     0.00000     0.1426E+02     2.000     6   5.6550
      850     0.00000     0.2812E+01     2.000     4   5.6556
      851     0.00000     0.1364E+02     2.000     7   5.6577
      852     0.00000     0.3606E+02     1.000     6   5.6592
      853     0.00000     0.7339E+01     2.000     5   5.6616
      854     0.00000     0.1239E+02     2.000     6   5.6616
      855     0.00000     0.1301E+02     2.000     3   5.6623
      856     0.00000     0.2370E+02     2.000     4   5.6621
      857     0.00000     0.3799E+02     2.000     6   5.6619
      858     0.00000     0.7652E+01     2.000     6   5.6624
      859     0.00000     0.1472E+02     2.000     7   5.6625
      860     0.00000     0.6623E+01     2.000     5   5.6632
      861     0.00000     0.7448E+01     2.000     6   5.6634
      862     0.00000     0.2705E+02     2.000     6   5.6639
      863     0.00000     0.2989E+01     2.000     5   5.6654
      864     0.00000     0.5766E+01     2.000     5   5.6657
      866     0.00000     0.9631E+01     2.000     5   5.6673
      867     0.00000     0.1212E+02     2.000     7   5.6675
      868     0.00000     0.2865E+02     2.000     7   5.6675
      869     0.00000     0.4528E+02     2.000     5   5.6696
      870     0.00000     0.2394E+02     2.000     6   5.6693
      871     0.00000     0.5919E+01     2.000     5   5.6703
      872     0.00000     0.4618E+01     2.000     6   5.6705
      873     0.00000     0.4902E+01     1.000     6   5.6732
      874     0.00000     0.2462E+02     2.000     6   5.6736
      875     0.00000     0.2692E+02     2.000     4   5.6751
      876     0.00000     0.8654E+01     2.000     6   5.6748
      877     0.00000     0.6995E+01     2.000     7   5.6752
      878     0.00000     0.1816E+02     2.000     7   5.6749
      879     0.00000     0.2116E+02     2.000     7   5.6749
      880     0.00000     0.1601E+02     2.000     7   5.6752
      881     0.00000     0.9338E+01     2.000     3   5.6762
      882     0.00000     0.5982E+01     1.000     6   5.6770
      883     0.00000     0.1299E+02     2.000     5   5.6774
      884     0.00000     0.5423E+01     2.000     5   5.6782
      885     0.00000     0.7221E+01     2.000     5   5.6788
      886     0.00000     0.1092E+02     2.000     6   5.6785
      887     0.00000     0.6186E+01     2.000     6   5.6785
      888     0.00000     0.2959E+01     2.000     4   5.6820
      889     0.00000     0.1634E+02     2.000     4   5.6818
      890     0.00000     0.3330E+02     2.000     6   5.6841
      893     0.00000     0.7685E+01     1.000     6   5.6866
      894     0.00000     0.1994E+02     2.000     7   5.6865
      895     0.00000     0.1666E+02     1.000     4   5.6874
      896     0.00000     0.4661E+01     2.000     4   5.6903
      897     0.00000     0.8071E+01     2.000     5   5.6901
      898     0.00000     0.3526E+01     2.000     6   5.6899
      899     0.00000     0.3261E+01     2.000     4   5.6906
      901     0.00000     0.5408E+01     2.000     5   5.6931
      902     0.00000     0.3585E+02     2.000     5   5.6945
      903     0.00000     0.2836E+02     2.000     6   5.6942
      906     0.00000     0.8266E+01     2.000     5   5.6968
      907     0.00000     0.1573E+02     2.000     7   5.6970
      909     0.00000     0.4412E+01     2.000     6   5.6991
      910     0.00000     0.5470E+01     2.000     5   5.6996
      911     0.00000     0.5501E+01     2.000     5   5.7017
      912     0.00000     0.7216E+02     2.000     6   5.7020
      913     0.00000     0.1044E+02     2.000     6   5.7046
      914     0.00000     0.1613E+02     2.000     7   5.7048
      915     0.00000     0.1977E+02     2.000     7   5.7048
      916     0.00000     0.1421E+02     2.000     7   5.7047
      917     0.00000     0.8378E+01     2.000     7   5.7047
      918     0.00000     0.5670E+01     2.000     5   5.7057
      919     0.00000     0.2175E+02     2.000     4   5.7070
      920     0.00000     0.2985E+01     2.000     5   5.7074
      921     0.00000     0.5112E+02     1.000     6   5.7090
      922     0.00000     0.2353E+02     2.000     6   5.7098
      923     0.00000     0.2269E+02     2.000     6   5.7098
      924     0.00000     0.3615E+02     2.000     6   5.7098
      926     0.00000     0.7187E+01     2.000     6   5.7106
      927     0.00000     0.1376E+02     2.000     6   5.7110
      928     0.00000     0.7619E+01     2.000     5   5.7127
      929     0.00000     0.1055E+02     2.000     6   5.7129
      930     0.00000     0.8726E+01     2.000     4   5.7143
      931     0.00000     0.1366E+02     2.000     6   5.7143
      932     0.00000     0.4945E+01     1.000     6   5.7150
      933     0.00000     0.6077E+01     2.000     5   5.7170
      934     0.00000     0.2842E+01     2.000     5   5.7177
      935     0.00000     0.2127E+02     2.000     6   5.7191
      936     0.00000     0.5411E+02     2.000     5   5.7198
      937     0.00000     0.1227E+02     2.000     5   5.7204
      938     0.00000     0.1611E+02     2.000     6   5.7205
      939     0.00000     0.3768E+01     2.000     5   5.7224
      941     0.00000     0.3399E+02     2.000     6   5.7232
      942     0.00000     0.1622E+02     2.000     6   5.7232
      943     0.00000     0.1520E+02     2.000     6   5.7232
      944     0.00000     0.3317E+01     2.000     6   5.7249
      945     0.00000     0.2637E+02     2.000     6   5.7266
      946     0.00000     0.7802E+01     1.000     4   5.7267
      947     0.00000     0.5658E+01     2.000     6   5.7271
      948     0.00000     0.5636E+01     1.000     6   5.7271
      949     0.00000     0.4962E+01     1.000     6   5.7268
      950     0.00000     0.5812E+01     2.000     6   5.7280
      951     0.00000     0.6379E+01     2.000     3   5.7287
      952     0.00000     0.7074E+01     1.000     6   5.7287
      953     0.00000     0.4971E+01     1.000     6   5.7292
      954     0.00000     0.3617E+01     2.000     6   5.7298
      955     0.00000     0.5674E+02     2.000     7   5.7316
      957     0.00000     0.1181E+02     2.000     7   5.7345
      958     0.00000     0.3484E+01     2.000     6   5.7362
      959     0.00000     0.4610E+01     2.000     6   5.7379
      960     0.00000     0.3604E+01     2.000     6   5.7384
      961     0.00000     0.7636E+01     2.000     6   5.7383
      962     0.00000     0.3616E+02     2.000     5   5.7394
      963     0.00000     0.3625E+01     2.000     4   5.7404
      964     0.00000     0.2795E+01     2.000     5   5.7400
      965     0.00000     0.8162E+01     1.000     6   5.7407
      966     0.00000     0.3161E+01     2.000     6   5.7414
      967     0.00000     0.4191E+01     2.000     4   5.7416
      968     0.00000     0.2195E+02     2.000     4   5.7425
      969     0.00000     0.2014E+02     2.000     6   5.7422
      970     0.00000     0.2192E+02     2.000     6   5.7436
      971     0.00000     0.1255E+02     2.000     5   5.7442
      972     0.00000     0.3855E+02     2.000     5   5.7449
      973     0.00000     0.3627E+02     2.000     6   5.7451
      974     0.00000     0.2849E+02     2.000     6   5.7456
      975     0.00000     0.7171E+01     2.000     5   5.7484
      976     0.00000     0.3931E+01     2.000     5   5.7491
      977     0.00000     0.4572E+01     2.000     5   5.7497
      978     0.00000     0.2477E+02     2.000     6   5.7500
      979     0.00000     0.4950E+01     2.000     5   5.7512
      980     0.00000     0.1052E+02     2.000     6   5.7510
      981     0.00000     0.4948E+01     2.000     6   5.7510
      982     0.00000     0.4795E+02     1.000     6   5.7522
      983     0.00000     0.2668E+01     2.000     4   5.7526
      984     0.00000     0.4596E+01     2.000     6   5.7545
      985     0.00000     0.3374E+02     2.000     6   5.7545
      986     0.00000     0.1192E+02     2.000     5   5.7571
      987     0.00000     0.5076E+01     2.000     4   5.7584
      988     0.00000     0.2831E+01     2.000     5   5.7585
      989     0.00000     0.3941E+01     2.000     4   5.7589
      990     0.00000     0.3224E+01     2.000     4   5.7603
      991     0.00000     0.6630E+02     2.000     6   5.7601
      992     0.00000     0.1074E+02     2.000     5   5.7614
      993     0.00000     0.4681E+01     2.000     5   5.7614
      994     0.00000     0.3758E+01     2.000     4   5.7624
      995     0.00000     0.3138E+02     2.000     5   5.7620
      996     0.00000     0.3026E+01     2.000     5   5.7625
      997     0.00000     0.5484E+01     2.000     6   5.7648
      998     0.00000     0.3949E+01     2.000     4   5.7683
      999     0.00000     0.6772E+02     2.000     7   5.7688
     1000     0.00000     0.6783E+02     2.000     7   5.7688
     1002     0.00000     0.4581E+01     2.000     5   5.7694
     1003     0.00000     0.5115E+02     1.000     6   5.7695
     1004     0.00000     0.6262E+02     2.000     6   5.7700
     1006     0.00000     0.6389E+02     2.000     6   5.7715
     1007     0.00000     0.7277E+01     2.000     5   5.7717
     1008     0.00000     0.3822E+01     2.000     5   5.7719
     1009     0.00000     0.2300E+02     2.000     6   5.7722
     1010     0.00000     0.3429E+02     2.000     6   5.7722
     1011     0.00000     0.2190E+02     2.000     6   5.7722
     1012     0.00000     0.6150E+01     2.000     5   5.7732
     1013     0.00000     0.1774E+02     2.000     6   5.7737
     1014     0.00000     0.4727E+01     2.000     5   5.7745
     1015     0.00000     0.4553E+01     2.000     5   5.7754
     1016     0.00000     0.4898E+01     2.000     5   5.7763
     1017     0.00000     0.8329E+02     2.000     7   5.7765
     1018     0.00000     0.5058E+02     2.000     7   5.7765
     1019     0.00000     0.5135E+01     2.000     5   5.7770
     1020     0.00000     0.2812E+02     2.000     6   5.7772
     1022     0.00000     0.3804E+01     2.000     7   5.7775
     1023     0.00000     0.4608E+01     2.000     5   5.7780
     1024     0.00000     0.6983E+01     2.000     5   5.7775
     1025     0.00000     0.9564E+01     1.000     6   5.7780
     1027     0.00000     0.3174E+02     2.000     7   5.7777
     1028     0.00000     0.8848E+01     2.000     6   5.7822
     1029     0.00000     0.4025E+01     2.000     5   5.7839
     1030     0.00000     0.3989E+01     2.000     5   5.7850
     1031     0.00000     0.2700E+02     1.000     6   5.7850
     1032     0.00000     0.3253E+01     2.000     6   5.7854
     1033     0.00000     0.2566E+02     2.000     6   5.7859
     1034     0.00000     0.5585E+01     2.000     7   5.7861
     1035     0.00000     0.3728E+01     2.000     5   5.7866
     1037     0.00000     0.5101E+01     2.000     6   5.7870
     1038     0.00000     0.5629E+01     2.000     7   5.7869
     1039     0.00000     0.4127E+02     2.000     5   5.7872
     1040     0.00000     0.2695E+01     2.000     5   5.7878
     1041     0.00000     0.3775E+01     2.000     5   5.7885
     1042     0.00000     0.1362E+02     2.000     6   5.7898
     1043     0.00000     0.4346E+01     2.000     6   5.7897
     1044     0.00000     0.1014E+02     2.000     5   5.7907
     1045     0.00000     0.1108E+03     2.000     7   5.7937
     1047     0.00000     0.3683E+01     2.000     7   5.7942
     1048     0.00000     0.5908E+02     2.000     7   5.7958
     1049     0.00000     0.5928E+02     2.000     7   5.7958
     1050     0.00000     0.1379E+02     2.000     5   5.7969
     1051     0.00000     0.6044E+01     2.000     5   5.7979
     1052     0.00000     0.6107E+01     2.000     5   5.7986
     1053     0.00000     0.1179E+02     2.000     6   5.7987
     1054     0.00000     0.7514E+01     2.000     5   5.7989
     1055     0.00000     0.9774E+01     2.000     6   5.7995
     1056     0.00000     0.1463E+02     2.000     4   5.8011
     1057     0.00000     0.9320E+01     2.000     6   5.8009
     1058     0.00000     0.1306E+02     2.000     6   5.8017
     1059     0.00000     0.2844E+02     2.000     7   5.8014
     1060     0.00000     0.5071E+01     2.000     6   5.8036
     1061     0.00000     0.3196E+01     2.000     4   5.8042
     1062     0.00000     0.4450E+01     2.000     5   5.8042
     1063     0.00000     0.1294E+02     2.000     6   5.8048
     1064     0.00000     0.1929E+02     2.000     6   5.8058
     1065     0.00000     0.9940E+01     2.000     6   5.8053
     1066     0.00000     0.3573E+01     2.000     3   5.8059
     1067     0.00000     0.1264E+02     2.000     6   5.8063
     1068     0.00000     0.2682E+02     2.000     5   5.8069
     1071     0.00000     0.4273E+01     2.000     6   5.8079
     1072     0.00000     0.7640E+01     2.000     6   5.8087
     1073     0.00000     0.3171E+01     2.000     4   5.8094
     1074     0.00000     0.3266E+01     2.000     4   5.8109
     1075     0.00000     0.5777E+01     2.000     5   5.8117
     1076     0.00000     0.9195E+01     2.000     6   5.8121
     1077     0.00000     0.4245E+01     2.000     5   5.8129
     1078     0.00000     0.1051E+03     2.000     7   5.8129
     1079     0.00000     0.3704E+01     2.000     5   5.8136
     1080     0.00000     0.1027E+02     2.000     6   5.8138
     1081     0.00000     0.2648E+02     2.000     7   5.8138
     1082     0.00000     0.7724E+02     2.000     7   5.8144
     1083     0.00000     0.4275E+02     2.000     7   5.8144
     1084     0.00000     0.3584E+01     2.000     4   5.8151
     1088     0.00000     0.4787E+01     2.000     4   5.8173
     1092     0.00000     0.1147E+03     2.000     7   5.8179
     1093     0.00000     0.2906E+01     2.000     3   5.8186
     1095     0.00000     0.4509E+01     2.000     4   5.8192
     1096     0.00000     0.5968E+01     2.000     6   5.8193
     1097     0.00000     0.7111E+02     2.000     6   5.8196
     1098     0.00000     0.2103E+02     2.000     5   5.8206
     1100     0.00000     0.1335E+03     2.000     7   5.8222
     1101     0.00000     0.3627E+01     2.000     3   5.8243
     1102     0.00000     0.2847E+02     2.000     7   5.8245
     1103     0.00000     0.1864E+02     2.000     7   5.8246
     1104     0.00000     0.3152E+02     2.000     7   5.8246
     1105     0.00000     0.2159E+02     2.000     7   5.8254
     1106     0.00000     0.4811E+01     2.000     5   5.8259
     1107     0.00000     0.3653E+01     2.000     6   5.8262
     1110     0.00000     0.3813E+01     2.000     5   5.8282
     1111     0.00000     0.6744E+01     2.000     5   5.8283
     1112     0.00000     0.7119E+01     2.000     6   5.8280
     1114     0.00000     0.1101E+02     2.000     6   5.8288
     1115     0.00000     0.9090E+01     2.000     6   5.8294
     1116     0.00000     0.4518E+01     2.000     4   5.8302
     1117     0.00000     0.6413E+01     2.000     5   5.8302
     1118     0.00000     0.2477E+02     2.000     7   5.8309
     1119     0.00000     0.1228E+02     2.000     6   5.8317
     1120     0.00000     0.5237E+01     2.000     6   5.8314
     1121     0.00000     0.2894E+02     2.000     7   5.8315
     1122     0.00000     0.7372E+02     2.000     7   5.8323
     1123     0.00000     0.4086E+02     2.000     7   5.8323
     1124     0.00000     0.2932E+01     2.000     5   5.8334
     1125     0.00000     0.7393E+01     2.000     6   5.8333
     1126     0.00000     0.3864E+02     2.000     7   5.8349
     1127     0.00000     0.8076E+02     2.000     7   5.8349
     1128     0.00000     0.4241E+01     1.000     6   5.8354
     1130     0.00000     0.2005E+02     2.000     7   5.8378
     1131     0.00000     0.3415E+02     2.000     7   5.8378
     1132     0.00000     0.1105E+02     2.000     5   5.8388
     1134     0.00000     0.2970E+01     2.000     4   5.8391
     1136     0.00000     0.1292E+02     2.000     7   5.8400
     1138     0.00000     0.5432E+01     1.000     6   5.8426
     1139     0.00000     0.3534E+01     2.000     5   5.8431
     1143     0.00000     0.2618E+02     2.000     5   5.8459
     1144     0.00000     0.3710E+02     2.000     7   5.8471
     1145     0.00000     0.8006E+02     2.000     7   5.8471
     1146     0.00000     0.2078E+02     2.000     7   5.8476
     1147     0.00000     0.9126E+01     2.000     6   5.8484
     1148     0.00000     0.4705E+01     2.000     5   5.8503
     1149     0.00000     0.2764E+01     2.000     3   5.8516
     1150     0.00000     0.3849E+01     2.000     5   5.8514
     1151     0.00000     0.3595E+01     2.000     5   5.8519
     1152     0.00000     0.1576E+03     2.000     7   5.8519
     1153     0.00000     0.7241E+01     2.000     5   5.8524
     1154     0.00000     0.1355E+02     2.000     6   5.8523
     1155     0.00000     0.1265E+02     2.000     7   5.8528
     1156     0.00000     0.4468E+01     2.000     4   5.8530
     1157     0.00000     0.5833E+02     2.000     6   5.8534
     1158     0.00000     0.1321E+02     2.000     6   5.8540
     1159     0.00000     0.1821E+02     2.000     6   5.8539
     1160     0.00000     0.3727E+01     2.000     5   5.8545
     1161     0.00000     0.5242E+01     2.000     5   5.8552
     1162     0.00000     0.8161E+01     2.000     5   5.8552
     1163     0.00000     0.1928E+02     2.000     7   5.8551
     1164     0.00000     0.3241E+02     2.000     7   5.8551
     1165     0.00000     0.5084E+01     2.000     5   5.8564
     1166     0.00000     0.6315E+02     2.000     7   5.8572
     1167     0.00000     0.3485E+01     2.000     4   5.8613
     1168     0.00000     0.2922E+02     2.000     6   5.8611
     1169     0.00000     0.2714E+02     2.000     7   5.8616
     1170     0.00000     0.1269E+02     2.000     6   5.8619
     1171     0.00000     0.1873E+02     2.000     7   5.8635
     1172     0.00000     0.3026E+02     2.000     7   5.8635
     1173     0.00000     0.3083E+01     2.000     5   5.8636
     1175     0.00000     0.1132E+02     2.000     5   5.8657
     1176     0.00000     0.1771E+02     2.000     5   5.8655
     1177     0.00000     0.6211E+01     2.000     6   5.8658
     1178     0.00000     0.1322E+02     2.000     6   5.8660
     1179     0.00000     0.5449E+01     2.000     6   5.8670
     1180     0.00000     0.8649E+01     2.000     5   5.8679
     1181     0.00000     0.1482E+02     2.000     6   5.8675
     1182     0.00000     0.1053E+02     2.000     6   5.8675
     1183     0.00000     0.4114E+02     1.000     6   5.8704
     1185     0.00000     0.9439E+01     2.000     6   5.8715
     1186     0.00000     0.3091E+01     2.000     7   5.8713
     1187     0.00000     0.2826E+01     2.000     7   5.8714
     1188     0.00000     0.4361E+01     2.000     5   5.8719
     1189     0.00000     0.1475E+03     2.000     7   5.8720
     1190     0.00000     0.3401E+01     2.000     4   5.8730
     1191     0.00000     0.4242E+01     2.000     6   5.8729
     1192     0.00000     0.3518E+01     2.000     4   5.8734
     1193     0.00000     0.7201E+02     2.000     7   5.8737
     1194     0.00000     0.4428E+02     2.000     7   5.8737
     1195     0.00000     0.6846E+01     2.000     5   5.8747
     1197     0.00000     0.9875E+01     1.000     6   5.8751
     1198     0.00000     0.1173E+02     2.000     7   5.8755
     1199     0.00000     0.5290E+01     2.000     6   5.8757
     1200     0.00000     0.1490E+02     2.000     6   5.8761
     1201     0.00000     0.6258E+02     2.000     7   5.8771
     1202     0.00000     0.2280E+02     2.000     7   5.8771
     1203     0.00000     0.2931E+01     2.000     5   5.8774
     1204     0.00000     0.4365E+02     2.000     6   5.8783
     1205     0.00000     0.6361E+02     2.000     7   5.8780
     1206     0.00000     0.2030E+02     2.000     7   5.8780
     1207     0.00000     0.3860E+01     2.000     5   5.8789
     1208     0.00000     0.9483E+01     2.000     5   5.8803
     1209     0.00000     0.6964E+01     2.000     5   5.8804
     1210     0.00000     0.1674E+02     2.000     6   5.8808
     1211     0.00000     0.1891E+02     2.000     6   5.8806
     1212     0.00000     0.2940E+02     2.000     7   5.8821
     1213     0.00000     0.2237E+02     2.000     6   5.8825
     1214     0.00000     0.1215E+02     2.000     6   5.8833
     1215     0.00000     0.9699E+02     2.000     7   5.8858
     1217     0.00000     0.1303E+02     2.000     6   5.8862
     1218     0.00000     0.5436E+01     2.000     6   5.8870
     1219     0.00000     0.2595E+02     1.000     6   5.8871
     1220     0.00000     0.2397E+02     2.000     7   5.8867
     1221     0.00000     0.4728E+01     2.000     5   5.8878
     1223     0.00000     0.1036E+02     2.000     6   5.8894
     1225     0.00000     0.1656E+02     2.000     6   5.8902
     1228     0.00000     0.5144E+02     2.000     7   5.8935
     1229     0.00000     0.5231E+02     2.000     7   5.8935
     1230     0.00000     0.6743E+01     2.000     6   5.8944
     1231     0.00000     0.3613E+02     2.000     7   5.8942
     1232     0.00000     0.1942E+02     2.000     7   5.8943
     1233     0.00000     0.1090E+02     2.000     5   5.8947
     1234     0.00000     0.2636E+02     1.000     6   5.8947
     1235     0.00000     0.8469E+01     2.000     5   5.8955
     1236     0.00000     0.5364E+02     2.000     6   5.8955
     1237     0.00000     0.1013E+02     2.000     6   5.8955
     1238     0.00000     0.6566E+01     2.000     5   5.8969
     1239     0.00000     0.4378E+01     2.000     4   5.8971
     1240     0.00000     0.1044E+02     2.000     6   5.8973
     1241     0.00000     0.1837E+02     2.000     6   5.8990
     1242     0.00000     0.1209E+02     2.000     6   5.9002
     1243     0.00000     0.6351E+01     2.000     6   5.9019
     1244     0.00000     0.2325E+02     2.000     7   5.9016
     1245     0.00000     0.5411E+01     2.000     5   5.9026
     1246     0.00000     0.3102E+02     2.000     7   5.9028
     1247     0.00000     0.3711E+01     2.000     5   5.9035
     1248     0.00000     0.1778E+02     2.000     6   5.9039
     1249     0.00000     0.2439E+02     2.000     7   5.9036
     1250     0.00000     0.3631E+02     2.000     7   5.9042
     1251     0.00000     0.3124E+02     2.000     7   5.9052
     1253     0.00000     0.2878E+02     2.000     6   5.9077
     1254     0.00000     0.4205E+01     2.000     4   5.9089
     1255     0.00000     0.9849E+01     2.000     5   5.9090
     1256     0.00000     0.3629E+01     2.000     6   5.9095
     1257     0.00000     0.1658E+02     2.000     6   5.9106
     1258     0.00000     0.3755E+01     2.000     4   5.9107
     1259     0.00000     0.6101E+01     2.000     5   5.9109
     1260     0.00000     0.9508E+02     2.000     7   5.9106
     1261     0.00000     0.6691E+01     2.000     5   5.9122
     1262     0.00000     0.4699E+01     2.000     6   5.9120
     1263     0.00000     0.1795E+02     2.000     6   5.9127
     1264     0.00000     0.1866E+02     2.000     6   5.9127
     1265     0.00000     0.5963E+02     2.000     7   5.9129
     1266     0.00000     0.1783E+02     2.000     7   5.9129
     1267     0.00000     0.1023E+02     2.000     6   5.9139
     1268     0.00000     0.6580E+01     2.000     7   5.9142
     1269     0.00000     0.1197E+02     2.000     6   5.9155
     1270     0.00000     0.1896E+02     2.000     7   5.9153
     1271     0.00000     0.3059E+01     2.000     4   5.9164
     1272     0.00000     0.4544E+01     2.000     5   5.9164
     1273     0.00000     0.1352E+02     2.000     6   5.9162
     1274     0.00000     0.3248E+01     2.000     4   5.9168
     1275     0.00000     0.1379E+02     2.000     6   5.9171
     1276     0.00000     0.3289E+01     2.000     6   5.9170
     1277     0.00000     0.4716E+01     2.000     5   5.9179
     1278     0.00000     0.6264E+01     2.000     5   5.9179
     1279     0.00000     0.6400E+01     2.000     5   5.9183
     1280     0.00000     0.5120E+01     2.000     4   5.9195
     1281     0.00000     0.1154E+02     2.000     6   5.9199
     1282     0.00000     0.3847E+01     2.000     6   5.9215
     1283     0.00000     0.5383E+02     2.000     7   5.9228
     1284     0.00000     0.5414E+02     2.000     7   5.9228
     1285     0.00000     0.8716E+01     2.000     5   5.9232
     1286     0.00000     0.2337E+02     2.000     7   5.9243
     1287     0.00000     0.1099E+02     2.000     7   5.9251
     1289     0.00000     0.9779E+01     2.000     6   5.9251
     1290     0.00000     0.3165E+02     2.000     5   5.9262
     1291     0.00000     0.3646E+01     2.000     6   5.9261
     1292     0.00000     0.2655E+02     2.000     7   5.9260
     1293     0.00000     0.5380E+02     2.000     7   5.9267
     1294     0.00000     0.4663E+01     2.000     6   5.9286
     1295     0.00000     0.7576E+01     2.000     5   5.9297
     1296     0.00000     0.5024E+01     2.000     5   5.9318
     1298     0.00000     0.5069E+02     2.000     7   5.9337
     1300     0.00000     0.3391E+01     2.000     6   5.9342
     1301     0.00000     0.5242E+01     2.000     6   5.9345
     1302     0.00000     0.1138E+02     2.000     6   5.9361
     1303     0.00000     0.5660E+02     2.000     7   5.9364
     1304     0.00000     0.3598E+02     2.000     7   5.9364
     1305     0.00000     0.3085E+01     2.000     4   5.9373
     1306     0.00000     0.1357E+02     2.000     6   5.9383
     1307     0.00000     0.8692E+01     2.000     5   5.9393
     1308     0.00000     0.4681E+01     2.000     5   5.9389
     1309     0.00000     0.1662E+02     2.000     6   5.9389
     1311     0.00000     0.3524E+01     2.000     6   5.9401
     1312     0.00000     0.4550E+01     2.000     5   5.9405
     1313     0.00000     0.3480E+02     2.000     7   5.9403
     1314     0.00000     0.6020E+01     2.000     5   5.9417
     1315     0.00000     0.5479E+01     2.000     5   5.9426
     1316     0.00000     0.3278E+01     2.000     6   5.9435
     1317     0.00000     0.3993E+01     2.000     6   5.9435
     1318     0.00000     0.2932E+02     2.000     7   5.9437
     1319     0.00000     0.3954E+02     2.000     6   5.9457
     1320     0.00000     0.4882E+02     2.000     6   5.9457
     1322     0.00000     0.7551E+01     2.000     5   5.9471
     1323     0.00000     0.7508E+01     2.000     6   5.9469
     1324     0.00000     0.1716E+02     2.000     6   5.9468
     1325     0.00000     0.1458E+02     1.000     6   5.9474
     1326     0.00000     0.3958E+01     2.000     5   5.9482
     1328     0.00000     0.1318E+02     2.000     6   5.9492
     1329     0.00000     0.1007E+02     2.000     6   5.9495
     1330     0.00000     0.7760E+01     2.000     6   5.9498
     1331     0.00000     0.3119E+01     2.000     6   5.9515
     1332     0.00000     0.6482E+01     2.000     4   5.9520
     1333     0.00000     0.8168E+01     2.000     6   5.9536
     1334     0.00000     0.6880E+01     2.000     7   5.9533
     1335     0.00000     0.1362E+03     2.000     7   5.9532
     1336     0.00000     0.3417E+02     2.000     7   5.9540
     1337     0.00000     0.9790E+01     2.000     6   5.9544
     1339     0.00000     0.3215E+01     2.000     6   5.9574
     1340     0.00000     0.6649E+01     2.000     4   5.9594
     1341     0.00000     0.3262E+01     2.000     4   5.9591
     1342     0.00000     0.4470E+01     2.000     5   5.9600
     1343     0.00000     0.3299E+01     2.000     6   5.9612
     1344     0.00000     0.2903E+02     2.000     7   5.9610
     1345     0.00000     0.6193E+02     2.000     7   5.9610
     1346     0.00000     0.4582E+01     2.000     5   5.9615
     1347     0.00000     0.9116E+01     2.000     6   5.9619
     1348     0.00000     0.8433E+01     2.000     6   5.9615
     1349     0.00000     0.2274E+02     2.000     7   5.9617
     1350     0.00000     0.2637E+02     2.000     7   5.9617
     1351     0.00000     0.7330E+01     2.000     6   5.9622
     1352     0.00000     0.4476E+01     2.000     6   5.9639
     1353     0.00000     0.2559E+02     2.000     6   5.9642
     1354     0.00000     0.4331E+01     2.000     5   5.9652
     1355     0.00000     0.2964E+01     2.000     6   5.9654
     1356     0.00000     0.1033E+02     2.000     5   5.9662
     1357     0.00000     0.6661E+01     2.000     7   5.9672
     1358     0.00000     0.3098E+01     2.000     6   5.9681
     1359     0.00000     0.9130E+02     2.000     7   5.9687
     1360     0.00000     0.6924E+01     2.000     4   5.9696
     1361     0.00000     0.4059E+01     2.000     5   5.9700
     1362     0.00000     0.6822E+02     2.000     6   5.9710
     1363     0.00000     0.2689E+01     2.000     6   5.9711
     1364     0.00000     0.8925E+01     2.000     7   5.9718
     1365     0.00000     0.1057E+02     2.000     7   5.9721
     1366     0.00000     0.5251E+01     2.000     6   5.9724
     1367     0.00000     0.1740E+02     2.000     7   5.9735
     1368     0.00000     0.2470E+02     2.000     7   5.9738
     1369     0.00000     0.1381E+02     2.000     5   5.9757
     1370     0.00000     0.9932E+01     2.000     6   5.9764
     1371     0.00000     0.7779E+01     2.000     6   5.9764
     1372     0.00000     0.1132E+02     2.000     6   5.9764
     1373     0.00000     0.7379E+01     2.000     6   5.9763
     1374     0.00000     0.1137E+02     2.000     6   5.9776
     1375     0.00000     0.9635E+01     2.000     6   5.9773
     1376     0.00000     0.1325E+02     2.000     6   5.9780
     1377     0.00000     0.7837E+01     2.000     6   5.9789
     1378     0.00000     0.2715E+02     2.000     7   5.9794
     1379     0.00000     0.6562E+01     2.000     5   5.9800
     1380     0.00000     0.1217E+02     2.000     6   5.9801
     1381     0.00000     0.4593E+01     2.000     6   5.9807
     1382     0.00000     0.7080E+01     2.000     6   5.9809
     1383     0.00000     0.5997E+01     2.000     4   5.9810
     1384     0.00000     0.1920E+02     2.000     6   5.9814
     1385     0.00000     0.6508E+01     2.000     6   5.9818
     1386     0.00000     0.1294E+02     2.000     6   5.9822
     1387     0.00000     0.2622E+02     2.000     7   5.9825
     1388     0.00000     0.4328E+02     2.000     7   5.9823
     1389     0.00000     0.1129E+02     2.000     5   5.9831
     1390     0.00000     0.8518E+01     2.000     6   5.9829
     1391     0.00000     0.1073E+02     2.000     5   5.9844
     1392     0.00000     0.1398E+02     2.000     5   5.9847
     1393     0.00000     0.7632E+01     2.000     7   5.9849
     1394     0.00000     0.7225E+01     2.000     6   5.9860
     1395     0.00000     0.5650E+02     2.000     7   5.9860
     1396     0.00000     0.1580E+02     2.000     7   5.9860
     1400     0.00000     0.3626E+01     2.000     6   5.9871
     1401     0.00000     0.4541E+01     2.000     6   5.9879
     1403     0.00000     0.2677E+01     2.000     6   5.9879
     1404     0.00000     0.6748E+01     2.000     6   5.9889
     1405     0.00000     0.1481E+02     2.000     6   5.9884
     1406     0.00000     0.3836E+01     2.000     4   5.9896
     1408     0.00000     0.4393E+02     2.000     6   5.9906
     1409     0.00000     0.7859E+01     2.000     5   5.9908
     1410     0.00000     0.2138E+02     2.000     6   5.9909
     1411     0.00000     0.2857E+02     2.000     6   5.9911
     1412     0.00000     0.1384E+02     2.000     5   5.9918
     1413     0.00000     0.8045E+01     2.000     6   5.9929
     1414     0.00000     0.2667E+02     2.000     7   5.9931
     1415     0.00000     0.1980E+02     2.000     7   5.9943
     1416     0.00000     0.3652E+01     2.000     5   5.9950
     1417     0.00000     0.1034E+02     2.000     5   5.9961
     1418     0.00000     0.1240E+02     2.000     6   5.9980
     1419     0.00000     0.5589E+01     2.000     5   6.0000
     1420     0.00000     0.6876E+01     2.000     6   6.0003
     1421     0.00000     0.8201E+01     2.000     6   6.0003
     1422     0.00000     0.6260E+01     2.000     7   6.0008
     1423     0.00000     0.4072E+01     2.000     6   6.0008
     1424     0.00000     0.6846E+01     2.000     6   6.0010
     1425     0.00000     0.8928E+01     2.000     7   6.0035
     1426     0.00000     0.6706E+01     2.000     6   6.0033
     1427     0.00000     0.1260E+03     2.000     7   6.0034
     1428     0.00000     0.2600E+02     2.000     7   6.0038
     1429     0.00000     0.1167E+02     1.000     6   6.0043
     1430     0.00000     0.8809E+01     2.000     6   6.0058
     1431     0.00000     0.2215E+02     2.000     6   6.0058
     1432     0.00000     0.4055E+02     2.000     7   6.0060
     1433     0.00000     0.7805E+01     2.000     5   6.0068
     1434     0.00000     0.2019E+02     2.000     6   6.0076
     1435     0.00000     0.2315E+02     2.000     6   6.0081
     1436     0.00000     0.1729E+02     2.000     7   6.0080
     1437     0.00000     0.4080E+01     2.000     6   6.0097
     1438     0.00000     0.1112E+02     2.000     5   6.0110
     1440     0.00000     0.3818E+01     2.000     4   6.0124
     1441     0.00000     0.6310E+01     2.000     6   6.0137
     1442     0.00000     0.1167E+02     2.000     6   6.0148
     1443     0.00000     0.2595E+02     2.000     7   6.0146
     1444     0.00000     0.2778E+01     2.000     6   6.0156
     1445     0.00000     0.2381E+02     2.000     6   6.0155
     1446     0.00000     0.2352E+02     2.000     6   6.0162
     1447     0.00000     0.5234E+01     2.000     3   6.0168
     1448     0.00000     0.8958E+01     2.000     6   6.0167
     1449     0.00000     0.1874E+02     2.000     7   6.0170
     1450     0.00000     0.6306E+01     2.000     7   6.0173
     1451     0.00000     0.3017E+01     2.000     5   6.0172
     1452     0.00000     0.6837E+01     2.000     6   6.0175
     1453     0.00000     0.7710E+01     2.000     6   6.0175
     1454     0.00000     0.1447E+02     2.000     6   6.0184
     1455     0.00000     0.7252E+01     1.000     4   6.0211
     1456     0.00000     0.1060E+02     2.000     6   6.0209
     1457     0.00000     0.1184E+03     2.000     7   6.0209
     1458     0.00000     0.1309E+02     2.000     5   6.0224
     1459     0.00000     0.3827E+02     2.000     7   6.0227
     1460     0.00000     0.1017E+02     2.000     6   6.0230
     1461     0.00000     0.1496E+02     2.000     6   6.0232
     1462     0.00000     0.1340E+02     2.000     7   6.0239
     1463     0.00000     0.5475E+01     2.000     5   6.0242
     1464     0.00000     0.9873E+01     2.000     6   6.0250
     1465     0.00000     0.2566E+02     2.000     7   6.0256
     1466     0.00000     0.2276E+02     2.000     6   6.0261
     1467     0.00000     0.4306E+01     2.000     7   6.0263
     1468     0.00000     0.8908E+01     2.000     6   6.0275
     1469     0.00000     0.3984E+01     2.000     6   6.0279
     1470     0.00000     0.1147E+02     2.000     6   6.0286
     1471     0.00000     0.1941E+02     2.000     7   6.0289
     1472     0.00000     0.8478E+01     2.000     5   6.0296
     1476     0.00000     0.4208E+01     2.000     5   6.0312
     1477     0.00000     0.5055E+01     2.000     7   6.0312
     1479     0.00000     0.4579E+02     2.000     7   6.0313
     1480     0.00000     0.4287E+01     2.000     5   6.0323
     1481     0.00000     0.7569E+01     2.000     6   6.0330
     1482     0.00000     0.2366E+02     2.000     7   6.0331
     1483     0.00000     0.5314E+02     2.000     7   6.0331
     1484     0.00000     0.8172E+01     2.000     7   6.0331
     1485     0.00000     0.6285E+01     2.000     6   6.0362
     1486     0.00000     0.7863E+01     2.000     7   6.0367
     1487     0.00000     0.2286E+02     2.000     6   6.0375
     1488     0.00000     0.8709E+01     2.000     6   6.0384
     1490     0.00000     0.4470E+01     2.000     6   6.0390
     1493     0.00000     0.3768E+01     2.000     5   6.0412
     1494     0.00000     0.6988E+01     2.000     5   6.0428
     1495     0.00000     0.7077E+01     2.000     6   6.0439
     1496     0.00000     0.4072E+01     2.000     6   6.0436
     1497     0.00000     0.8823E+01     2.000     7   6.0441
     1498     0.00000     0.8369E+01     2.000     7   6.0444
     1499     0.00000     0.1616E+02     2.000     6   6.0447
     1500     0.00000     0.2963E+02     2.000     7   6.0450
     1501     0.00000     0.1429E+02     2.000     6   6.0453
     1502     0.00000     0.1714E+02     2.000     6   6.0453
     1503     0.00000     0.6159E+01     2.000     7   6.0454
     1504     0.00000     0.9726E+02     2.000     7   6.0453
     1506     0.00000     0.1476E+02     2.000     6   6.0466
     1507     0.00000     0.5915E+01     2.000     6   6.0475
     1508     0.00000     0.1364E+02     2.000     7   6.0479
     1509     0.00000     0.1836E+02     2.000     7   6.0491
     1510     0.00000     0.1158E+02     2.000     5   6.0500
     1511     0.00000     0.1124E+02     2.000     7   6.0499
     1513     0.00000     0.6083E+01     2.000     6   6.0504
     1514     0.00000     0.1017E+02     2.000     5   6.0518
     1515     0.00000     0.6084E+01     2.000     7   6.0517
     1516     0.00000     0.5995E+01     2.000     6   6.0520
     1517     0.00000     0.1769E+02     2.000     7   6.0524
     1518     0.00000     0.9094E+01     2.000     6   6.0538
     1519     0.00000     0.3820E+01     2.000     4   6.0556
     1520     0.00000     0.3780E+01     2.000     3   6.0581
     1521     0.00000     0.6594E+01     2.000     5   6.0601
     1522     0.00000     0.5262E+01     2.000     6   6.0601
     1523     0.00000     0.5427E+01     2.000     6   6.0601
     1524     0.00000     0.1322E+02     2.000     7   6.0599
     1525     0.00000     0.5984E+01     2.000     7   6.0600
     1526     0.00000     0.3029E+01     2.000     4   6.0608
     1527     0.00000     0.1036E+02     2.000     5   6.0613
     1528     0.00000     0.6588E+01     2.000     7   6.0618
     1529     0.00000     0.2988E+02     2.000     7   6.0618
     1530     0.00000     0.3986E+01     2.000     5   6.0624
     1533     0.00000     0.2179E+02     2.000     7   6.0644
     1534     0.00000     0.1343E+02     2.000     7   6.0644
     1535     0.00000     0.2593E+02     2.000     6   6.0651
     1536     0.00000     0.1714E+02     2.000     7   6.0661
     1537     0.00000     0.2778E+01     2.000     6   6.0668
     1538     0.00000     0.2558E+02     2.000     7   6.0667
     1539     0.00000     0.6281E+01     2.000     6   6.0670
     1540     0.00000     0.1046E+02     2.000     7   6.0671
     1541     0.00000     0.2792E+01     2.000     4   6.0679
     1542     0.00000     0.7944E+01     2.000     6   6.0676
     1543     0.00000     0.2754E+02     2.000     7   6.0677
     1544     0.00000     0.3060E+02     2.000     7   6.0677
     1545     0.00000     0.4200E+01     2.000     6   6.0684
     1547     0.00000     0.9727E+02     2.000     7   6.0708
     1548     0.00000     0.3920E+01     2.000     5   6.0733
     1549     0.00000     0.2974E+01     2.000     5   6.0732
     1550     0.00000     0.4005E+01     2.000     5   6.0755
     1551     0.00000     0.2419E+02     2.000     6   6.0755
     1552     0.00000     0.6297E+01     2.000     6   6.0754
     1553     0.00000     0.3925E+01     2.000     6   6.0761
     1554     0.00000     0.6364E+01     2.000     6   6.0765
     1555     0.00000     0.5938E+01     2.000     7   6.0766
     1557     0.00000     0.3084E+01     2.000     5   6.0803
     1558     0.00000     0.4232E+01     2.000     7   6.0799
     1559     0.00000     0.3756E+01     2.000     6   6.0816
     1560     0.00000     0.4449E+01     2.000     7   6.0823
     1561     0.00000     0.5654E+01     2.000     7   6.0820
     1562     0.00000     0.3538E+01     2.000     5   6.0824
     1563     0.00000     0.2897E+02     2.000     5   6.0825
     1564     0.00000     0.1790E+02     2.000     7   6.0820
     1565     0.00000     0.3499E+01     2.000     4   6.0828
     1566     0.00000     0.4941E+01     2.000     6   6.0829
     1567     0.00000     0.4263E+01     2.000     5   6.0863
     1568     0.00000     0.3313E+01     2.000     5   6.0863
     1569     0.00000     0.4813E+01     2.000     6   6.0863
     1570     0.00000     0.7879E+01     2.000     6   6.0880
     1571     0.00000     0.1257E+02     2.000     7   6.0889
     1572     0.00000     0.6311E+01     1.000     6   6.0894
     1573     0.00000     0.5640E+01     2.000     7   6.0905
     1574     0.00000     0.8243E+01     2.000     6   6.0910
     1575     0.00000     0.1337E+02     2.000     6   6.0917
     1576     0.00000     0.7237E+01     2.000     6   6.0926
     1577     0.00000     0.5153E+01     2.000     5   6.0932
     1578     0.00000     0.6154E+01     2.000     3   6.0934
     1579     0.00000     0.2422E+02     2.000     6   6.0937
     1580     0.00000     0.2152E+02     2.000     7   6.0945
     1581     0.00000     0.3189E+01     2.000     6   6.0960
     1582     0.00000     0.7849E+01     2.000     6   6.0956
     1583     0.00000     0.4986E+01     2.000     6   6.0983
     1584     0.00000     0.7124E+01     2.000     6   6.1007
     1585     0.00000     0.1346E+02     2.000     7   6.1005
     1586     0.00000     0.4905E+01     2.000     6   6.1027
     1588     0.00000     0.1638E+02     2.000     7   6.1034
     1590     0.00000     0.3084E+01     2.000     4   6.1047
     1593     0.00000     0.8675E+01     2.000     5   6.1064
     1594     0.00000     0.9137E+01     2.000     6   6.1074
     1596     0.00000     0.4016E+01     2.000     7   6.1080
     1597     0.00000     0.3035E+01     2.000     4   6.1092
     1598     0.00000     0.3427E+01     2.000     4   6.1105
     1599     0.00000     0.1565E+02     2.000     7   6.1107
     1600     0.00000     0.8830E+01     2.000     6   6.1112
     1601     0.00000     0.3966E+01     2.000     6   6.1115
     1602     0.00000     0.3783E+01     2.000     6   6.1115
     1603     0.00000     0.4585E+01     2.000     5   6.1131
     1604     0.00000     0.1190E+02     2.000     7   6.1150
     1605     0.00000     0.3530E+02     2.000     7   6.1148
     1606     0.00000     0.5655E+01     2.000     6   6.1158
     1607     0.00000     0.6296E+01     2.000     6   6.1156
     1608     0.00000     0.4209E+01     2.000     6   6.1165
     1609     0.00000     0.1561E+02     2.000     6   6.1163
     1611     0.00000     0.1115E+02     2.000     7   6.1165
     1612     0.00000     0.2816E+02     2.000     7   6.1163
     1613     0.00000     0.2073E+02     2.000     7   6.1173
     1614     0.00000     0.3947E+01     2.000     7   6.1183
     1615     0.00000     0.3908E+01     2.000     6   6.1189
     1616     0.00000     0.4685E+01     2.000     7   6.1194
     1617     0.00000     0.6889E+01     2.000     6   6.1230
     1618     0.00000     0.3382E+01     2.000     3   6.1246
     1619     0.00000     0.7786E+01     2.000     6   6.1246
     1620     0.00000     0.8143E+01     2.000     6   6.1243
     1623     0.00000     0.4671E+01     2.000     6   6.1255
     1624     0.00000     0.1010E+02     2.000     7   6.1269
     1626     0.00000     0.7527E+01     2.000     7   6.1269
     1627     0.00000     0.2124E+02     2.000     7   6.1269
     1628     0.00000     0.8742E+01     2.000     7   6.1279
     1629     0.00000     0.4449E+01     2.000     5   6.1284
     1630     0.00000     0.6351E+02     2.000     7   6.1294
     1631     0.00000     0.4830E+01     2.000     6   6.1319
     1632     0.00000     0.6222E+01     2.000     6   6.1319
     1633     0.00000     0.1304E+02     2.000     7   6.1324
     1634     0.00000     0.2680E+02     2.000     7   6.1330
     1635     0.00000     0.4618E+01     2.000     5   6.1339
     1636     0.00000     0.3663E+01     2.000     5   6.1360
     1637     0.00000     0.5195E+01     2.000     5   6.1366
     1638     0.00000     0.3104E+01     2.000     3   6.1369
     1639     0.00000     0.1088E+02     2.000     7   6.1373
     1640     0.00000     0.7933E+01     2.000     6   6.1378
     1641     0.00000     0.4536E+01     2.000     5   6.1382
     1642     0.00000     0.4753E+01     2.000     5   6.1382
     1643     0.00000     0.5035E+01     1.000     6   6.1381
     1644     0.00000     0.8675E+01     2.000     7   6.1381
     1646     0.00000     0.5024E+01     1.000     6   6.1397
     1647     0.00000     0.4955E+01     1.000     6   6.1397
     1649     0.00000     0.3775E+02     2.000     7   6.1417
     1650     0.00000     0.5838E+02     2.000     7   6.1417
     1651     0.00000     0.3470E+01     2.000     5   6.1425
     1652     0.00000     0.4020E+01     2.000     5   6.1428
     1653     0.00000     0.7680E+01     2.000     6   6.1428
     1654     0.00000     0.4508E+01     2.000     6   6.1428
     1655     0.00000     0.5315E+01     1.000     6   6.1434
     1656     0.00000     0.4427E+01     2.000     4   6.1441
     1657     0.00000     0.1283E+02     2.000     6   6.1441
     1658     0.00000     0.3171E+02     1.000     6   6.1439
     1659     0.00000     0.4660E+01     2.000     6   6.1452
     1660     0.00000     0.2631E+02     2.000     7   6.1451
     1661     0.00000     0.3831E+01     2.000     5   6.1459
     1663     0.00000     0.2143E+02     2.000     6   6.1478
     1664     0.00000     0.5158E+01     2.000     6   6.1483
     1666     0.00000     0.3754E+01     2.000     5   6.1493
     1668     0.00000     0.5097E+01     2.000     4   6.1500
     1670     0.00000     0.2676E+01     2.000     7   6.1516
     1672     0.00000     0.5486E+01     2.000     5   6.1515
     1673     0.00000     0.3189E+01     2.000     4   6.1527
     1674     0.00000     0.6350E+01     2.000     6   6.1538
     1675     0.00000     0.6689E+01     2.000     7   6.1538
     1676     0.00000     0.2772E+02     2.000     7   6.1538
     1677     0.00000     0.3659E+01     2.000     7   6.1543
     1679     0.00000     0.7779E+01     2.000     6   6.1545
     1680     0.00000     0.7952E+01     2.000     6   6.1557
     1681     0.00000     0.4351E+01     2.000     6   6.1562
     1682     0.00000     0.2718E+02     2.000     7   6.1563
     1683     0.00000     0.3946E+01     2.000     4   6.1564
     1684     0.00000     0.7490E+01     2.000     4   6.1573
     1685     0.00000     0.1064E+02     2.000     6   6.1574
     1686     0.00000     0.8169E+01     2.000     6   6.1576
     1687     0.00000     0.4173E+01     2.000     5   6.1583
     1688     0.00000     0.3512E+01     2.000     7   6.1584
     1689     0.00000     0.4787E+01     2.000     6   6.1585
     1690     0.00000     0.4808E+01     2.000     4   6.1606
     1691     0.00000     0.3304E+01     2.000     5   6.1605
     1692     0.00000     0.3896E+01     2.000     5   6.1606
     1693     0.00000     0.7362E+01     2.000     6   6.1612
     1694     0.00000     0.7648E+01     2.000     6   6.1623
     1695     0.00000     0.4516E+01     2.000     6   6.1623
     1696     0.00000     0.1726E+02     2.000     7   6.1624
     1697     0.00000     0.1577E+02     2.000     7   6.1638
     1698     0.00000     0.4583E+01     2.000     4   6.1655
     1699     0.00000     0.1392E+02     2.000     7   6.1656
     1700     0.00000     0.1015E+02     2.000     7   6.1666
     1703     0.00000     0.2723E+01     2.000     4   6.1681
     1704     0.00000     0.3943E+01     2.000     7   6.1687
     1705     0.00000     0.2941E+01     2.000     7   6.1686
     1706     0.00000     0.7210E+01     2.000     4   6.1694
     1707     0.00000     0.3300E+01     2.000     4   6.1709
     1708     0.00000     0.5217E+01     1.000     6   6.1709
     1709     0.00000     0.2154E+02     2.000     7   6.1714
     1710     0.00000     0.5769E+01     2.000     5   6.1719
     1711     0.00000     0.2003E+02     2.000     7   6.1721
     1712     0.00000     0.6507E+01     2.000     7   6.1726
     1713     0.00000     0.1383E+02     2.000     7   6.1736
     1715     0.00000     0.3050E+01     2.000     6   6.1747
     1716     0.00000     0.9668E+01     2.000     7   6.1748
     1717     0.00000     0.1045E+02     2.000     5   6.1768
     1718     0.00000     0.9274E+01     2.000     7   6.1764
     1719     0.00000     0.1890E+02     2.000     7   6.1775
     1720     0.00000     0.2468E+02     2.000     7   6.1781
     1721     0.00000     0.3658E+01     2.000     6   6.1789
     1722     0.00000     0.1623E+02     2.000     7   6.1791
     1723     0.00000     0.1416E+02     2.000     7   6.1794
     1724     0.00000     0.3445E+01     2.000     7   6.1800
     1725     0.00000     0.6316E+01     2.000     5   6.1800
     1726     0.00000     0.3329E+01     2.000     5   6.1803
     1727     0.00000     0.3285E+01     2.000     7   6.1808
     1728     0.00000     0.3503E+01     2.000     5   6.1814
     1730     0.00000     0.7122E+01     2.000     4   6.1816
     1731     0.00000     0.6075E+01     2.000     6   6.1818
     1732     0.00000     0.5405E+01     1.000     6   6.1822
     1733     0.00000     0.6165E+01     2.000     6   6.1829
     1734     0.00000     0.3395E+01     1.000     6   6.1838
     1735     0.00000     0.7358E+01     2.000     6   6.1838
     1736     0.00000     0.4775E+01     2.000     5   6.1850
     1737     0.00000     0.6701E+01     2.000     6   6.1850
     1738     0.00000     0.2961E+01     2.000     7   6.1852
     1739     0.00000     0.3479E+01     2.000     6   6.1855
     1740     0.00000     0.3299E+01     2.000     7   6.1860
     1741     0.00000     0.6362E+01     2.000     6   6.1868
     1742     0.00000     0.6830E+01     2.000     7   6.1867
     1745     0.00000     0.2749E+01     2.000     7   6.1875
     1746     0.00000     0.3308E+01     2.000     7   6.1873
     1747     0.00000     0.5686E+01     2.000     7   6.1874
     1749     0.00000     0.4985E+01     2.000     4   6.1890
     1751     0.00000     0.3053E+01     2.000     6   6.1913
     1752     0.00000     0.3029E+01     2.000     5   6.1913
     1753     0.00000     0.4390E+01     2.000     6   6.1915
     1754     0.00000     0.2695E+01     2.000     5   6.1919
     1755     0.00000     0.6178E+01     2.000     6   6.1919
     1757     0.00000     0.4197E+01     2.000     6   6.1928
     1759     0.00000     0.6711E+01     2.000     6   6.1935
     1760     0.00000     0.8697E+01     2.000     7   6.1945
     1761     0.00000     0.3068E+01     2.000     7   6.1956
     1762     0.00000     0.2926E+02     2.000     7   6.1959
     1763     0.00000     0.3071E+01     2.000     5   6.1977
     1765     0.00000     0.4732E+01     2.000     7   6.1999
     1766     0.00000     0.4894E+01     2.000     5   6.2003
     1767     0.00000     0.1122E+02     2.000     6   6.2008
     1768     0.00000     0.6056E+01     2.000     7   6.2009
     1769     0.00000     0.3442E+01     2.000     4   6.2018
     1770     0.00000     0.4433E+01     2.000     4   6.2013
     1771     0.00000     0.1296E+02     2.000     5   6.2018
     1772     0.00000     0.1663E+02     2.000     5   6.2020
     1775     0.00000     0.4337E+01     2.000     5   6.2034
     1776     0.00000     0.1233E+02     2.000     7   6.2047
     1777     0.00000     0.1081E+02     2.000     5   6.2053
     1778     0.00000     0.5031E+01     2.000     5   6.2058
     1779     0.00000     0.2008E+02     2.000     7   6.2059
     1780     0.00000     0.5589E+01     2.000     5   6.2067
     1781     0.00000     0.5418E+01     2.000     6   6.2077
     1782     0.00000     0.3368E+01     2.000     4   6.2086
     1783     0.00000     0.1283E+02     2.000     7   6.2087
     1784     0.00000     0.1758E+02     2.000     7   6.2096
     1785     0.00000     0.4312E+01     2.000     6   6.2102
     1786     0.00000     0.2114E+02     2.000     7   6.2112
     1787     0.00000     0.4897E+01     2.000     5   6.2119
     1788     0.00000     0.1869E+02     2.000     7   6.2123
     1789     0.00000     0.1212E+02     2.000     5   6.2140
     1791     0.00000     0.8257E+01     2.000     7   6.2147
     1792     0.00000     0.4676E+01     2.000     7   6.2165
     1793     0.00000     0.4203E+01     2.000     4   6.2169
     1794     0.00000     0.6496E+01     2.000     4   6.2169
     1795     0.00000     0.3295E+01     2.000     4   6.2168
     1796     0.00000     0.3532E+01     2.000     5   6.2178
     1797     0.00000     0.3507E+01     2.000     5   6.2178
     1798     0.00000     0.1086E+02     2.000     7   6.2182
     1799     0.00000     0.8033E+01     2.000     7   6.2184
     1801     0.00000     0.1013E+02     2.000     7   6.2210
     1803     0.00000     0.1103E+02     2.000     5   6.2217
     1804     0.00000     0.5982E+01     2.000     7   6.2218
     1805     0.00000     0.3823E+01     2.000     7   6.2220
     1806     0.00000     0.5502E+01     2.000     7   6.2221
     1808     0.00000     0.1269E+02     2.000     7   6.2237
     1809     0.00000     0.5367E+01     2.000     6   6.2239
     1810     0.00000     0.3471E+01     1.000     6   6.2239
     1811     0.00000     0.1636E+02     2.000     6   6.2243
     1812     0.00000     0.7146E+01     2.000     6   6.2243
     1813     0.00000     0.7020E+01     2.000     5   6.2249
     1814     0.00000     0.1282E+02     2.000     7   6.2251
     1815     0.00000     0.3538E+01     2.000     4   6.2256
     1816     0.00000     0.5778E+01     2.000     5   6.2254
     1817     0.00000     0.5758E+01     2.000     5   6.2254
     1818     0.00000     0.3521E+01     1.000     6   6.2261
     1819     0.00000     0.3665E+01     2.000     5   6.2265
     1820     0.00000     0.4011E+01     2.000     5   6.2272
     1821     0.00000     0.3424E+01     2.000     7   6.2271
     1822     0.00000     0.4579E+01     1.000     2   6.2278
     1823     0.00000     0.3532E+01     2.000     7   6.2300
     1824     0.00000     0.5948E+01     2.000     6   6.2309
     1825     0.00000     0.4331E+01     2.000     4   6.2317
     1827     0.00000     0.3331E+02     2.000     7   6.2318
     1828     0.00000     0.1165E+02     2.000     7   6.2332
     1829     0.00000     0.6708E+01     2.000     7   6.2331
     1830     0.00000     0.2004E+02     2.000     7   6.2342
     1831     0.00000     0.4004E+01     2.000     6   6.2341
     1832     0.00000     0.3064E+02     2.000     6   6.2345
     1833     0.00000     0.6349E+01     2.000     6   6.2359
     1834     0.00000     0.1532E+02     2.000     6   6.2356
     1835     0.00000     0.1526E+02     2.000     7   6.2355
     1836     0.00000     0.4172E+01     2.000     5   6.2360
     1837     0.00000     0.8609E+01     2.000     7   6.2371
     1838     0.00000     0.1120E+02     2.000     6   6.2376
     1839     0.00000     0.1972E+02     2.000     6   6.2377
     1840     0.00000     0.1575E+02     2.000     7   6.2385
     1841     0.00000     0.5252E+01     2.000     4   6.2388
     1842     0.00000     0.5086E+01     2.000     6   6.2398
     1843     0.00000     0.1626E+02     2.000     6   6.2406
     1844     0.00000     0.1080E+02     2.000     6   6.2416
     1845     0.00000     0.3059E+01     2.000     7   6.2419
     1846     0.00000     0.2660E+02     2.000     7   6.2422
     1847     0.00000     0.1584E+02     2.000     7   6.2421
     1848     0.00000     0.3561E+01     2.000     4   6.2433
     1849     0.00000     0.1214E+02     2.000     7   6.2437
     1850     0.00000     0.1160E+02     2.000     7   6.2437
     1851     0.00000     0.3678E+01     2.000     5   6.2445
     1852     0.00000     0.1525E+02     2.000     6   6.2446
     1853     0.00000     0.2736E+01     2.000     5   6.2451
     1854     0.00000     0.1992E+02     2.000     7   6.2468
     1855     0.00000     0.2409E+02     2.000     7   6.2471
     1856     0.00000     0.2969E+02     2.000     7   6.2482
     1857     0.00000     0.1060E+02     2.000     6   6.2491
     1858     0.00000     0.7825E+01     2.000     7   6.2488
     1859     0.00000     0.2208E+02     2.000     7   6.2493
     1860     0.00000     0.1664E+02     2.000     6   6.2501
     1861     0.00000     0.6843E+01     2.000     6   6.2505
     1862     0.00000     0.3446E+01     1.000     6   6.2513
     1863     0.00000     0.1602E+02     2.000     7   6.2513
     1864     0.00000     0.3891E+01     2.000     5   6.2528
     1866     0.00000     0.1153E+02     2.000     7   6.2539
     1867     0.00000     0.3215E+01     2.000     7   6.2554
     1868     0.00000     0.3804E+02     2.000     7   6.2567
     1869     0.00000     0.1414E+02     2.000     6   6.2570
     1870     0.00000     0.5437E+01     2.000     7   6.2576
     1871     0.00000     0.1134E+02     2.000     7   6.2576
     1872     0.00000     0.5251E+01     2.000     5   6.2582
     1873     0.00000     0.5230E+01     2.000     5   6.2582
     1874     0.00000     0.6082E+01     2.000     5   6.2583
     1875     0.00000     0.1457E+02     2.000     6   6.2589
     1876     0.00000     0.3621E+02     2.000     7   6.2592
     1877     0.00000     0.3368E+01     2.000     5   6.2601
     1878     0.00000     0.4756E+01     2.000     7   6.2602
     1879     0.00000     0.1034E+02     2.000     7   6.2624
     1880     0.00000     0.6528E+01     2.000     7   6.2632
     1881     0.00000     0.1953E+02     2.000     7   6.2642
     1882     0.00000     0.1353E+02     2.000     7   6.2642
     1883     0.00000     0.3726E+02     2.000     7   6.2652
     1884     0.00000     0.1081E+02     2.000     7   6.2653
     1885     0.00000     0.3229E+01     2.000     5   6.2670
     1886     0.00000     0.3197E+01     2.000     5   6.2670
     1887     0.00000     0.6385E+01     2.000     7   6.2671
     1888     0.00000     0.2811E+02     2.000     7   6.2670
     1889     0.00000     0.1578E+02     2.000     7   6.2668
     1890     0.00000     0.1219E+02     2.000     6   6.2677
     1891     0.00000     0.1117E+02     2.000     7   6.2677
     1892     0.00000     0.9729E+01     2.000     6   6.2685
     1893     0.00000     0.2827E+02     2.000     7   6.2682
     1894     0.00000     0.8842E+01     2.000     5   6.2692
     1896     0.00000     0.3514E+01     2.000     6   6.2693
     1897     0.00000     0.1147E+02     2.000     6   6.2696
     1898     0.00000     0.1122E+02     2.000     6   6.2707
     1899     0.00000     0.9435E+01     2.000     7   6.2723
     1900     0.00000     0.1304E+02     2.000     7   6.2742
     1902     0.00000     0.5700E+01     2.000     5   6.2757
     1903     0.00000     0.5664E+01     2.000     5   6.2757
     1904     0.00000     0.1003E+02     2.000     6   6.2754
     1906     0.00000     0.7030E+01     2.000     7   6.2763
     1907     0.00000     0.7084E+01     2.000     6   6.2764
     1908     0.00000     0.5822E+01     2.000     4   6.2772
     1909     0.00000     0.6949E+01     2.000     6   6.2769
     1910     0.00000     0.7921E+01     2.000     7   6.2777
     1911     0.00000     0.3427E+01     2.000     6   6.2781
     1914     0.00000     0.1023E+02     2.000     7   6.2791
     1917     0.00000     0.3178E+02     2.000     7   6.2812
     1918     0.00000     0.8062E+01     2.000     5   6.2815
     1919     0.00000     0.1152E+02     2.000     7   6.2819
     1920     0.00000     0.2826E+02     2.000     7   6.2820
     1921     0.00000     0.1228E+02     2.000     7   6.2819
     1922     0.00000     0.1502E+02     2.000     5   6.2836
     1923     0.00000     0.1554E+02     2.000     7   6.2841
     1924     0.00000     0.6004E+01     2.000     5   6.2852
     1925     0.00000     0.2795E+01     2.000     5   6.2863
     1926     0.00000     0.1145E+02     2.000     6   6.2864
     1927     0.00000     0.2794E+01     2.000     5   6.2874
     1929     0.00000     0.9547E+01     2.000     7   6.2869
     1930     0.00000     0.2730E+01     2.000     4   6.2874
     1931     0.00000     0.1696E+02     2.000     7   6.2876
     1932     0.00000     0.1103E+02     2.000     5   6.2898
     1933     0.00000     0.2594E+02     2.000     7   6.2914
     1934     0.00000     0.8004E+01     2.000     7   6.2921
     1935     0.00000     0.6487E+01     2.000     7   6.2928
     1936     0.00000     0.2042E+02     2.000     7   6.2937
     1937     0.00000     0.6001E+01     2.000     6   6.2942
     1938     0.00000     0.4091E+01     2.000     7   6.2952
     1939     0.00000     0.1273E+02     2.000     6   6.2970
     1940     0.00000     0.5393E+01     2.000     5   6.2972
     1941     0.00000     0.5366E+01     2.000     5   6.2972
     1942     0.00000     0.4071E+01     2.000     5   6.2978
     1943     0.00000     0.3454E+02     2.000     7   6.2983
     1944     0.00000     0.7052E+01     2.000     5   6.2991
     1945     0.00000     0.1584E+02     2.000     7   6.2991
     1946     0.00000     0.9317E+01     2.000     6   6.2995
     1948     0.00000     0.3932E+01     2.000     5   6.3005
     1949     0.00000     0.4364E+01     2.000     5   6.3017
     1950     0.00000     0.2435E+02     2.000     6   6.3019
     1951     0.00000     0.5578E+01     2.000     6   6.3021
     1952     0.00000     0.1623E+02     2.000     7   6.3030
     1953     0.00000     0.9348E+01     2.000     5   6.3032
     1954     0.00000     0.5073E+01     2.000     5   6.3037
     1955     0.00000     0.5058E+01     2.000     5   6.3037
     1956     0.00000     0.2858E+01     2.000     5   6.3034
     1957     0.00000     0.4835E+01     2.000     5   6.3033
     1958     0.00000     0.2750E+01     2.000     6   6.3052
     1959     0.00000     0.1235E+02     2.000     6   6.3051
     1960     0.00000     0.1750E+02     2.000     6   6.3059
     1961     0.00000     0.6322E+01     2.000     7   6.3064
     1962     0.00000     0.1786E+02     2.000     7   6.3075
     1963     0.00000     0.8462E+01     2.000     4   6.3081
     1964     0.00000     0.1003E+02     2.000     6   6.3081
     1966     0.00000     0.2925E+02     2.000     7   6.3105
     1967     0.00000     0.1909E+02     2.000     7   6.3108
     1968     0.00000     0.2841E+01     2.000     3   6.3113
     1969     0.00000     0.6626E+01     2.000     6   6.3115
     1970     0.00000     0.3614E+01     2.000     6   6.3113
     1971     0.00000     0.3052E+01     2.000     6   6.3115
     1972     0.00000     0.1585E+02     2.000     6   6.3120
     1973     0.00000     0.2393E+02     2.000     7   6.3121
     1974     0.00000     0.4679E+01     2.000     6   6.3136
     1976     0.00000     0.1566E+02     2.000     6   6.3141
     1977     0.00000     0.3392E+01     2.000     4   6.3153
     1978     0.00000     0.3948E+01     2.000     6   6.3153
     1979     0.00000     0.2850E+02     2.000     6   6.3160
     1980     0.00000     0.6712E+01     2.000     7   6.3160
     1981     0.00000     0.3516E+01     2.000     6   6.3164
     1982     0.00000     0.3436E+01     2.000     6   6.3170
     1983     0.00000     0.2651E+02     2.000     7   6.3167
     1985     0.00000     0.1057E+02     2.000     7   6.3186
     1986     0.00000     0.1656E+02     2.000     7   6.3188
     1987     0.00000     0.4561E+01     2.000     7   6.3192
     1988     0.00000     0.1364E+02     2.000     7   6.3198
     1989     0.00000     0.4834E+01     2.000     5   6.3198
     1990     0.00000     0.4469E+01     2.000     6   6.3198
     1992     0.00000     0.1703E+02     2.000     5   6.3203
     1993     0.00000     0.3700E+02     2.000     7   6.3210
     1994     0.00000     0.6428E+01     2.000     7   6.3214
     1996     0.00000     0.3523E+01     2.000     6   6.3224
     1997     0.00000     0.7191E+01     2.000     6   6.3234
     1998     0.00000     0.8861E+01     2.000     6   6.3231
     2000     0.00000     0.9231E+01     2.000     7   6.3241
     2001     0.00000     0.9952E+01     2.000     7   6.3244
     2002     0.00000     0.7896E+01     2.000     7   6.3252
     2004     0.00000     0.1100E+02     2.000     7   6.3266
     2005     0.00000     0.1063E+02     2.000     7   6.3266
     2007     0.00000     0.5508E+01     2.000     5   6.3278
     2009     0.00000     0.1188E+02     2.000     5   6.3276
     2010     0.00000     0.3349E+01     2.000     6   6.3277
     2011     0.00000     0.8515E+01     2.000     6   6.3274
     2012     0.00000     0.8718E+01     2.000     6   6.3274
     2013     0.00000     0.2421E+02     2.000     7   6.3275
     2014     0.00000     0.4293E+01     2.000     6   6.3291
     2015     0.00000     0.5623E+01     2.000     5   6.3304
     2016     0.00000     0.5580E+01     2.000     5   6.3304
     2017     0.00000     0.7526E+01     2.000     6   6.3302
     2018     0.00000     0.3809E+01     2.000     7   6.3313
     2019     0.00000     0.1602E+02     2.000     5   6.3318
     2020     0.00000     0.5800E+01     2.000     7   6.3320
     2021     0.00000     0.1318E+02     2.000     5   6.3323
     2022     0.00000     0.3530E+01     2.000     4   6.3351
     2023     0.00000     0.1488E+02     2.000     6   6.3351
     2024     0.00000     0.2936E+02     2.000     7   6.3357
     2025     0.00000     0.4385E+01     2.000     7   6.3355
     2026     0.00000     0.1469E+02     2.000     6   6.3360
     2028     0.00000     0.3666E+01     2.000     3   6.3364
     2029     0.00000     0.1063E+02     2.000     7   6.3373
     2030     0.00000     0.1520E+02     2.000     6   6.3372
     2031     0.00000     0.8961E+01     2.000     7   6.3374
     2032     0.00000     0.7731E+01     2.000     7   6.3375
     2033     0.00000     0.1472E+02     2.000     7   6.3377
     2034     0.00000     0.3537E+01     2.000     5   6.3377
     2035     0.00000     0.8447E+01     2.000     6   6.3386
     2036     0.00000     0.8623E+01     2.000     6   6.3386
     2039     0.00000     0.2937E+01     2.000     3   6.3393
     2040     0.00000     0.5083E+01     2.000     5   6.3401
     2041     0.00000     0.2467E+02     2.000     6   6.3397
     2042     0.00000     0.2833E+01     2.000     4   6.3405
     2043     0.00000     0.7088E+01     2.000     6   6.3407
     2044     0.00000     0.3041E+01     2.000     6   6.3409
     2045     0.00000     0.1194E+02     2.000     7   6.3421
     2046     0.00000     0.6045E+01     2.000     7   6.3431
     2047     0.00000     0.5164E+01     2.000     5   6.3431
     2048     0.00000     0.5131E+01     2.000     5   6.3431
     2050     0.00000     0.4215E+01     2.000     4   6.3437
     2051     0.00000     0.6248E+01     2.000     6   6.3436
     2052     0.00000     0.6787E+01     2.000     6   6.3443
     2053     0.00000     0.5171E+01     2.000     6   6.3443
     2054     0.00000     0.5752E+01     2.000     6   6.3440
     2055     0.00000     0.5160E+01     2.000     6   6.3440
     2057     0.00000     0.4744E+01     2.000     5   6.3448
     2058     0.00000     0.6189E+01     2.000     6   6.3452
     2059     0.00000     0.1006E+02     2.000     6   6.3455
     2060     0.00000     0.5773E+01     2.000     7   6.3453
     2061     0.00000     0.3217E+01     2.000     5   6.3459
     2062     0.00000     0.6330E+01     2.000     6   6.3457
     2063     0.00000     0.5560E+01     2.000     7   6.3460
     2064     0.00000     0.3246E+02     2.000     7   6.3465
     2065     0.00000     0.7379E+01     2.000     3   6.3475
     2066     0.00000     0.4346E+01     2.000     7   6.3485
     2067     0.00000     0.4079E+01     2.000     4   6.3485
     2069     0.00000     0.4595E+01     2.000     5   6.3493
     2070     0.00000     0.4698E+01     2.000     5   6.3493
     2071     0.00000     0.9465E+01     2.000     6   6.3499
     2073     0.00000     0.1601E+02     2.000     6   6.3509
     2074     0.00000     0.2355E+02     2.000     6   6.3513
     2075     0.00000     0.2360E+02     2.000     6   6.3512
     2076     0.00000     0.2714E+02     2.000     7   6.3511
     2077     0.00000     0.8932E+01     2.000     5   6.3519
     2078     0.00000     0.1315E+02     2.000     7   6.3524
     2079     0.00000     0.1702E+02     2.000     7   6.3524
     2080     0.00000     0.2698E+01     2.000     7   6.3526
     2081     0.00000     0.1857E+02     2.000     5   6.3529
     2082     0.00000     0.6331E+01     2.000     6   6.3527
     2083     0.00000     0.5770E+01     2.000     6   6.3527
     2085     0.00000     0.7083E+01     2.000     3   6.3558
     2086     0.00000     0.1733E+02     2.000     7   6.3558
     2087     0.00000     0.6364E+01     2.000     6   6.3560
     2089     0.00000     0.6115E+01     2.000     5   6.3582
     2090     0.00000     0.6243E+01     2.000     5   6.3578
     2091     0.00000     0.8521E+01     2.000     6   6.3581
     2093     0.00000     0.3196E+02     2.000     7   6.3588
     2094     0.00000     0.3844E+01     2.000     5   6.3593
     2095     0.00000     0.1271E+02     2.000     6   6.3605
     2096     0.00000     0.3525E+01     2.000     6   6.3606
     2097     0.00000     0.7596E+01     2.000     7   6.3608
     2103     0.00000     0.8419E+01     2.000     7   6.3622
     2104     0.00000     0.9437E+01     2.000     5   6.3623
     2105     0.00000     0.8188E+01     2.000     6   6.3624
     2106     0.00000     0.1614E+02     2.000     7   6.3620
     2107     0.00000     0.8907E+01     2.000     6   6.3638
     2108     0.00000     0.1496E+02     2.000     7   6.3644
     2109     0.00000     0.2821E+01     2.000     6   6.3646
     2111     0.00000     0.3855E+02     2.000     6   6.3650
     2112     0.00000     0.2358E+02     2.000     6   6.3647
     2113     0.00000     0.1719E+02     2.000     7   6.3647
     2114     0.00000     0.4437E+01     2.000     5   6.3655
     2116     0.00000     0.5436E+01     2.000     6   6.3665
     2117     0.00000     0.2684E+01     2.000     7   6.3670
     2118     0.00000     0.5635E+01     2.000     5   6.3675
     2119     0.00000     0.1590E+02     2.000     7   6.3673
     2120     0.00000     0.3238E+01     2.000     7   6.3674
     2122     0.00000     0.5763E+01     2.000     6   6.3684
     2123     0.00000     0.2702E+01     2.000     6   6.3685
     2124     0.00000     0.6859E+01     2.000     6   6.3696
     2125     0.00000     0.5949E+01     2.000     6   6.3696
     2126     0.00000     0.2642E+02     2.000     7   6.3696
     2127     0.00000     0.3481E+01     1.000     6   6.3701
     2128     0.00000     0.3249E+01     2.000     5   6.3711
     2129     0.00000     0.3350E+01     2.000     5   6.3711
     2130     0.00000     0.4954E+01     2.000     5   6.3718
     2131     0.00000     0.1213E+02     2.000     5   6.3725
     2133     0.00000     0.3112E+01     2.000     4   6.3731
     2134     0.00000     0.8864E+01     2.000     5   6.3728
     2135     0.00000     0.1658E+02     2.000     7   6.3736
     2136     0.00000     0.5280E+01     2.000     7   6.3743
     2137     0.00000     0.3845E+01     2.000     5   6.3752
     2138     0.00000     0.8160E+01     2.000     6   6.3755
     2139     0.00000     0.8298E+01     2.000     6   6.3755
     2140     0.00000     0.1533E+02     2.000     7   6.3753
     2141     0.00000     0.5139E+01     2.000     7   6.3755
     2143     0.00000     0.5219E+01     2.000     6   6.3760
     2144     0.00000     0.3631E+02     2.000     6   6.3765
     2145     0.00000     0.7095E+01     2.000     7   6.3766
     2147     0.00000     0.1374E+02     2.000     6   6.3777
     2148     0.00000     0.1186E+02     2.000     6   6.3776
     2149     0.00000     0.2750E+02     2.000     7   6.3773
     2150     0.00000     0.8712E+01     2.000     6   6.3780
     2151     0.00000     0.1688E+02     2.000     7   6.3782
     2152     0.00000     0.5210E+01     2.000     6   6.3785
     2153     0.00000     0.5839E+01     2.000     6   6.3787
     2154     0.00000     0.2972E+01     2.000     6   6.3787
     2155     0.00000     0.5017E+01     2.000     6   6.3791
     2159     0.00000     0.3520E+01     2.000     6   6.3807
     2160     0.00000     0.4694E+01     2.000     6   6.3807
     2161     0.00000     0.1277E+02     2.000     6   6.3810
     2162     0.00000     0.6372E+01     1.000     6   6.3815
     2163     0.00000     0.5699E+01     2.000     5   6.3818
     2165     0.00000     0.2710E+01     2.000     4   6.3824
     2166     0.00000     0.4931E+01     2.000     6   6.3831
     2167     0.00000     0.5505E+01     2.000     6   6.3828
     2168     0.00000     0.1764E+02     2.000     6   6.3834
     2169     0.00000     0.5508E+01     2.000     7   6.3833
     2170     0.00000     0.4114E+01     2.000     5   6.3843
     2171     0.00000     0.5657E+01     2.000     5   6.3839
     2172     0.00000     0.2531E+02     2.000     6   6.3846
     2173     0.00000     0.6644E+01     2.000     7   6.3849
     2175     0.00000     0.5292E+01     2.000     6   6.3851
     2176     0.00000     0.3298E+02     2.000     6   6.3853
     2178     0.00000     0.4823E+01     2.000     5   6.3856
     2179     0.00000     0.8424E+01     1.000     6   6.3860
     2180     0.00000     0.5701E+01     2.000     6   6.3857
     2181     0.00000     0.3101E+02     2.000     7   6.3863
     2182     0.00000     0.3982E+01     2.000     5   6.3866
     2183     0.00000     0.2285E+02     2.000     7   6.3869
     2185     0.00000     0.3358E+01     2.000     6   6.3872
     2187     0.00000     0.2810E+01     2.000     7   6.3881
     2188     0.00000     0.7412E+01     2.000     6   6.3885
     2189     0.00000     0.4243E+01     2.000     4   6.3889
     2191     0.00000     0.2474E+02     2.000     7   6.3890
     2195     0.00000     0.5078E+01     1.000     6   6.3906
     2197     0.00000     0.6223E+01     2.000     7   6.3913
     2199     0.00000     0.6845E+01     2.000     7   6.3917
     2200     0.00000     0.2773E+02     2.000     7   6.3923
     2201     0.00000     0.1203E+02     2.000     7   6.3936
     2202     0.00000     0.1071E+02     2.000     6   6.3941
     2203     0.00000     0.1225E+02     2.000     7   6.3940
     2204     0.00000     0.1469E+02     2.000     7   6.3940
     2205     0.00000     0.5088E+01     2.000     4   6.3943
     2206     0.00000     0.5544E+01     2.000     5   6.3944
     2207     0.00000     0.4953E+01     2.000     6   6.3951
     2208     0.00000     0.5183E+01     2.000     6   6.3949
     2209     0.00000     0.7861E+01     2.000     6   6.3949
     2210     0.00000     0.5884E+01     2.000     7   6.3948
     2213     0.00000     0.2379E+02     2.000     6   6.3962
     2214     0.00000     0.7175E+02     2.000     7   6.3974
     2215     0.00000     0.5593E+01     2.000     4   6.3978
     2216     0.00000     0.3391E+01     2.000     5   6.3981
     2217     0.00000     0.3501E+01     2.000     6   6.3976
     2218     0.00000     0.4837E+01     2.000     6   6.3977
     2219     0.00000     0.1251E+02     2.000     7   6.3988
     2220     0.00000     0.7286E+01     2.000     6   6.3994
     2221     0.00000     0.1506E+02     2.000     7   6.3995
     2222     0.00000     0.8764E+01     2.000     5   6.4006
     2223     0.00000     0.3860E+01     2.000     5   6.4018
     2224     0.00000     0.1739E+02     2.000     7   6.4017
     2226     0.00000     0.4130E+01     2.000     6   6.4034
     2227     0.00000     0.6925E+01     2.000     5   6.4035
     2228     0.00000     0.1325E+02     2.000     7   6.4035
     2230     0.00000     0.4184E+01     2.000     4   6.4037
     2231     0.00000     0.9659E+01     2.000     6   6.4040
     2233     0.00000     0.4730E+01     2.000     5   6.4055
     2234     0.00000     0.9679E+01     2.000     6   6.4055
     2235     0.00000     0.1082E+02     2.000     6   6.4056
     2236     0.00000     0.3395E+01     2.000     6   6.4069
     2237     0.00000     0.9888E+01     2.000     6   6.4069
     2238     0.00000     0.5430E+01     1.000     6   6.4067
     2239     0.00000     0.1040E+02     2.000     6   6.4071
     2240     0.00000     0.9483E+01     2.000     7   6.4086
     2241     0.00000     0.6135E+01     2.000     7   6.4090
     2242     0.00000     0.6706E+02     2.000     7   6.4090
     2243     0.00000     0.8271E+01     2.000     6   6.4093
     2244     0.00000     0.7692E+01     2.000     6   6.4093
     2245     0.00000     0.1815E+02     2.000     7   6.4092
     2246     0.00000     0.9390E+01     2.000     5   6.4101
     2247     0.00000     0.1628E+02     2.000     7   6.4098
     2249     0.00000     0.3905E+01     2.000     4   6.4112
     2250     0.00000     0.1642E+02     2.000     7   6.4116
     2251     0.00000     0.8502E+01     2.000     5   6.4118
     2252     0.00000     0.4876E+01     2.000     6   6.4121
     2253     0.00000     0.7504E+01     2.000     5   6.4126
     2254     0.00000     0.8232E+01     2.000     6   6.4131
     2255     0.00000     0.7194E+01     2.000     6   6.4131
     2256     0.00000     0.6134E+01     2.000     6   6.4139
     2257     0.00000     0.3791E+02     2.000     7   6.4139
     2258     0.00000     0.7637E+01     1.000     6   6.4141
     2259     0.00000     0.2320E+02     2.000     7   6.4143
     2260     0.00000     0.3414E+01     2.000     6   6.4151
     2261     0.00000     0.3335E+01     2.000     6   6.4157
     2262     0.00000     0.3364E+01     2.000     6   6.4157
     2264     0.00000     0.4354E+01     2.000     7   6.4157
     2265     0.00000     0.6066E+01     2.000     7   6.4155
     2266     0.00000     0.6221E+01     2.000     7   6.4160
     2269     0.00000     0.5217E+01     2.000     7   6.4177
     2270     0.00000     0.7277E+01     2.000     5   6.4188
     2271     0.00000     0.3077E+02     2.000     7   6.4191
     2272     0.00000     0.1441E+02     2.000     7   6.4186
     2273     0.00000     0.4588E+01     2.000     6   6.4194
     2274     0.00000     0.4937E+01     2.000     6   6.4201
     2275     0.00000     0.5348E+01     2.000     6   6.4199
     2276     0.00000     0.5185E+01     2.000     5   6.4212
     2277     0.00000     0.4665E+01     2.000     6   6.4212
     2279     0.00000     0.7275E+01     2.000     5   6.4213
     2280     0.00000     0.2974E+01     2.000     6   6.4217
     2281     0.00000     0.2000E+02     2.000     7   6.4218
     2282     0.00000     0.2572E+02     2.000     7   6.4224
     2283     0.00000     0.1603E+02     2.000     6   6.4230
     2284     0.00000     0.4854E+01     2.000     6   6.4237
     2285     0.00000     0.8307E+01     2.000     6   6.4241
     2286     0.00000     0.1603E+02     2.000     7   6.4240
     2287     0.00000     0.5845E+01     1.000     6   6.4252
     2288     0.00000     0.5793E+01     2.000     5   6.4256
     2290     0.00000     0.4939E+01     2.000     6   6.4268
     2291     0.00000     0.6861E+01     2.000     6   6.4268
     2292     0.00000     0.1546E+02     2.000     7   6.4271
     2293     0.00000     0.3132E+01     2.000     5   6.4277
     2294     0.00000     0.3118E+01     2.000     5   6.4277
     2295     0.00000     0.3237E+01     2.000     6   6.4273
     2296     0.00000     0.6453E+01     2.000     6   6.4277
     2297     0.00000     0.4221E+01     2.000     7   6.4277
     2298     0.00000     0.6480E+01     2.000     5   6.4284
     2299     0.00000     0.1147E+02     2.000     7   6.4290
     2300     0.00000     0.1264E+02     2.000     6   6.4295
     2302     0.00000     0.6026E+01     2.000     5   6.4302
     2303     0.00000     0.4928E+01     2.000     6   6.4310
     2304     0.00000     0.9522E+01     2.000     7   6.4310
     2305     0.00000     0.3922E+02     2.000     7   6.4313
     2306     0.00000     0.6224E+01     2.000     5   6.4318
     2307     0.00000     0.1738E+02     2.000     6   6.4321
     2309     0.00000     0.1400E+02     2.000     7   6.4330
     2310     0.00000     0.1098E+02     2.000     7   6.4335
     2311     0.00000     0.3868E+01     2.000     6   6.4334
     2313     0.00000     0.3811E+01     2.000     6   6.4334
     2314     0.00000     0.4414E+01     2.000     6   6.4341
     2316     0.00000     0.1063E+02     2.000     7   6.4352
     2317     0.00000     0.5089E+01     2.000     5   6.4349
     2318     0.00000     0.9458E+01     2.000     6   6.4352
     2319     0.00000     0.3351E+01     2.000     5   6.4363
     2320     0.00000     0.7276E+01     2.000     6   6.4362
     2321     0.00000     0.1569E+02     2.000     7   6.4364
     2323     0.00000     0.4191E+01     2.000     6   6.4365
     2324     0.00000     0.3674E+02     2.000     7   6.4370
     2325     0.00000     0.4777E+01     2.000     6   6.4375
     2326     0.00000     0.7199E+01     2.000     6   6.4377
     2327     0.00000     0.1254E+02     2.000     7   6.4385
     2328     0.00000     0.5064E+01     2.000     5   6.4393
     2329     0.00000     0.3207E+01     2.000     6   6.4394
     2330     0.00000     0.3293E+01     2.000     6   6.4394
     2331     0.00000     0.2825E+01     2.000     6   6.4391
     2332     0.00000     0.2867E+01     2.000     6   6.4395
     2333     0.00000     0.7866E+01     2.000     5   6.4406
     2334     0.00000     0.3168E+01     2.000     5   6.4406
     2335     0.00000     0.4300E+01     2.000     5   6.4407
     2336     0.00000     0.4300E+01     2.000     5   6.4407
     2337     0.00000     0.5193E+01     2.000     5   6.4411
     2338     0.00000     0.7991E+01     2.000     7   6.4407
     2339     0.00000     0.4420E+01     2.000     6   6.4413
     2340     0.00000     0.9052E+01     2.000     6   6.4420
     2341     0.00000     0.1069E+02     2.000     6   6.4429
     2342     0.00000     0.1149E+02     2.000     7   6.4428
     2343     0.00000     0.2184E+02     2.000     7   6.4448
     2344     0.00000     0.7196E+01     2.000     5   6.4450
     2345     0.00000     0.1326E+02     2.000     6   6.4450
     2347     0.00000     0.4929E+01     2.000     7   6.4456
     2348     0.00000     0.6160E+01     2.000     5   6.4460
     2349     0.00000     0.4787E+01     2.000     6   6.4463
     2350     0.00000     0.1352E+02     2.000     6   6.4465
     2351     0.00000     0.7373E+01     2.000     7   6.4476
     2352     0.00000     0.1007E+02     2.000     6   6.4479
     2354     0.00000     0.4392E+01     2.000     7   6.4500
     2355     0.00000     0.3779E+01     2.000     6   6.4507
     2357     0.00000     0.1331E+02     2.000     7   6.4518
     2358     0.00000     0.1234E+02     2.000     6   6.4522
     2359     0.00000     0.6708E+01     2.000     6   6.4522
     2360     0.00000     0.9035E+01     2.000     6   6.4522
     2361     0.00000     0.2670E+02     2.000     7   6.4521
     2362     0.00000     0.4025E+01     2.000     7   6.4527
     2363     0.00000     0.3230E+01     2.000     5   6.4527
     2364     0.00000     0.1497E+02     2.000     6   6.4529
     2365     0.00000     0.2678E+02     2.000     6   6.4527
     2366     0.00000     0.1440E+02     2.000     6   6.4532
     2367     0.00000     0.7260E+01     2.000     7   6.4534
     2368     0.00000     0.7466E+01     2.000     6   6.4546
     2370     0.00000     0.1282E+02     2.000     7   6.4545
     2371     0.00000     0.2429E+02     2.000     6   6.4548
     2372     0.00000     0.7456E+01     2.000     5   6.4557
     2373     0.00000     0.7142E+01     2.000     6   6.4558
     2374     0.00000     0.7256E+01     2.000     6   6.4558
     2375     0.00000     0.3799E+01     2.000     6   6.4563
     2376     0.00000     0.3114E+01     2.000     6   6.4563
     2377     0.00000     0.5206E+01     2.000     6   6.4561
     2378     0.00000     0.5403E+01     2.000     3   6.4565
     2379     0.00000     0.3212E+01     2.000     6   6.4579
     2380     0.00000     0.9426E+01     2.000     6   6.4580
     2381     0.00000     0.1273E+02     2.000     7   6.4581
     2383     0.00000     0.7408E+01     2.000     6   6.4595
     2385     0.00000     0.1291E+02     2.000     6   6.4601
     2386     0.00000     0.4512E+01     2.000     6   6.4603
     2388     0.00000     0.2972E+01     1.000     6   6.4608
     2389     0.00000     0.8614E+01     2.000     6   6.4611
     2390     0.00000     0.3482E+02     2.000     7   6.4614
     2391     0.00000     0.5195E+01     2.000     7   6.4621
     2392     0.00000     0.2994E+01     2.000     7   6.4619
     2393     0.00000     0.9956E+01     2.000     6   6.4623
     2394     0.00000     0.9763E+01     2.000     6   6.4627
     2395     0.00000     0.6417E+01     2.000     5   6.4633
     2397     0.00000     0.9004E+01     2.000     6   6.4646
     2398     0.00000     0.1400E+02     2.000     6   6.4643
     2399     0.00000     0.3363E+01     2.000     7   6.4643
     2400     0.00000     0.1364E+02     2.000     6   6.4652
     2401     0.00000     0.5523E+02     2.000     7   6.4648
     2402     0.00000     0.4055E+01     2.000     6   6.4656
     2404     0.00000     0.7932E+01     2.000     6   6.4654
     2405     0.00000     0.5718E+01     2.000     6   6.4655
     2406     0.00000     0.6036E+01     2.000     6   6.4655
     2407     0.00000     0.6951E+01     2.000     7   6.4654
     2408     0.00000     0.4930E+01     2.000     5   6.4658
     2409     0.00000     0.7510E+01     2.000     6   6.4661
     2410     0.00000     0.5164E+01     2.000     7   6.4661
     2411     0.00000     0.8289E+01     2.000     6   6.4666
     2412     0.00000     0.7991E+01     2.000     6   6.4666
     2413     0.00000     0.3966E+01     1.000     4   6.4672
     2414     0.00000     0.3930E+01     2.000     6   6.4674
     2415     0.00000     0.3847E+01     2.000     7   6.4684
     2416     0.00000     0.1403E+02     2.000     7   6.4682
     2417     0.00000     0.3992E+01     2.000     7   6.4700
     2418     0.00000     0.9143E+01     2.000     7   6.4708
     2419     0.00000     0.8946E+01     2.000     5   6.4716
     2420     0.00000     0.1014E+02     2.000     6   6.4715
     2421     0.00000     0.4722E+01     2.000     5   6.4729
     2422     0.00000     0.6062E+01     2.000     6   6.4730
     2423     0.00000     0.7142E+01     2.000     6   6.4731
     2424     0.00000     0.7897E+01     2.000     7   6.4731
     2425     0.00000     0.9969E+01     2.000     7   6.4735
     2426     0.00000     0.9195E+01     2.000     7   6.4733
     2427     0.00000     0.6259E+01     2.000     7   6.4733
     2428     0.00000     0.2209E+02     2.000     7   6.4736
     2430     0.00000     0.1623E+02     2.000     6   6.4744
     2431     0.00000     0.6874E+01     2.000     4   6.4755
     2432     0.00000     0.5433E+02     2.000     7   6.4764
     2433     0.00000     0.7242E+01     2.000     7   6.4768
     2434     0.00000     0.7589E+01     2.000     7   6.4766
     2435     0.00000     0.7716E+01     2.000     7   6.4765
     2436     0.00000     0.1423E+02     2.000     7   6.4765
     2437     0.00000     0.1661E+02     2.000     7   6.4765
     2438     0.00000     0.6260E+01     2.000     6   6.4772
     2439     0.00000     0.2597E+02     2.000     7   6.4770
     2440     0.00000     0.4527E+01     2.000     4   6.4775
     2441     0.00000     0.5519E+01     2.000     7   6.4775
     2442     0.00000     0.6202E+01     1.000     6   6.4784
     2443     0.00000     0.6071E+01     1.000     6   6.4785
     2444     0.00000     0.4122E+01     2.000     6   6.4789
     2445     0.00000     0.9743E+01     2.000     7   6.4791
     2446     0.00000     0.2662E+02     2.000     7   6.4789
     2451     0.00000     0.2699E+01     2.000     6   6.4815
     2452     0.00000     0.5537E+01     2.000     6   6.4815
     2453     0.00000     0.4236E+01     2.000     6   6.4823
     2454     0.00000     0.7778E+01     2.000     6   6.4824
     2456     0.00000     0.2785E+01     2.000     6   6.4826
     2458     0.00000     0.2974E+01     2.000     6   6.4831
     2459     0.00000     0.3622E+01     1.000     4   6.4837
     2460     0.00000     0.5563E+01     2.000     5   6.4840
     2461     0.00000     0.8231E+01     2.000     6   6.4843
     2462     0.00000     0.9367E+01     2.000     7   6.4845
     2463     0.00000     0.4137E+02     2.000     7   6.4856
     2464     0.00000     0.8556E+01     2.000     7   6.4864
     2465     0.00000     0.1769E+02     2.000     7   6.4864
     2466     0.00000     0.1563E+02     2.000     7   6.4864
     2467     0.00000     0.5112E+01     2.000     6   6.4872
     2468     0.00000     0.4845E+02     2.000     7   6.4872
     2469     0.00000     0.6109E+01     2.000     6   6.4876
     2470     0.00000     0.8335E+01     2.000     6   6.4876
     2471     0.00000     0.1158E+02     2.000     6   6.4876
     2472     0.00000     0.5248E+01     2.000     6   6.4880
     2473     0.00000     0.7891E+01     2.000     4   6.4889
     2474     0.00000     0.5065E+01     2.000     5   6.4887
     2475     0.00000     0.3155E+01     2.000     6   6.4888
     2476     0.00000     0.2384E+02     2.000     7   6.4889
     2477     0.00000     0.2256E+02     2.000     7   6.4890
     2478     0.00000     0.8126E+01     2.000     6   6.4895
     2479     0.00000     0.5531E+01     2.000     6   6.4901
     2480     0.00000     0.1134E+02     2.000     6   6.4908
     2481     0.00000     0.7042E+01     2.000     6   6.4904
     2482     0.00000     0.1561E+02     2.000     7   6.4903
     2483     0.00000     0.1551E+02     2.000     7   6.4903
     2484     0.00000     0.6803E+01     2.000     7   6.4903
     2485     0.00000     0.5704E+01     2.000     5   6.4911
     2486     0.00000     0.9158E+01     2.000     5   6.4910
     2487     0.00000     0.5130E+01     2.000     5   6.4908
     2488     0.00000     0.7722E+01     2.000     6   6.4920
     2489     0.00000     0.6836E+01     1.000     6   6.4922
     2490     0.00000     0.3993E+01     2.000     7   6.4919
     2491     0.00000     0.4777E+01     2.000     7   6.4929
     2492     0.00000     0.4185E+01     2.000     6   6.4935
     2493     0.00000     0.1045E+02     2.000     7   6.4935
     2494     0.00000     0.2088E+02     2.000     7   6.4935
     2495     0.00000     0.1379E+02     2.000     7   6.4935
     2497     0.00000     0.4953E+01     2.000     6   6.4948
     2499     0.00000     0.2961E+02     2.000     7   6.4957
     2500     0.00000     0.6793E+01     2.000     7   6.4969
     2501     0.00000     0.7928E+01     2.000     6   6.4973
     2502     0.00000     0.7654E+01     2.000     6   6.4973
     2503     0.00000     0.1091E+02     2.000     7   6.4969
     2504     0.00000     0.4624E+01     2.000     6   6.4977
     2505     0.00000     0.9418E+01     2.000     6   6.4977
     2506     0.00000     0.1044E+02     2.000     7   6.4980
     2507     0.00000     0.1046E+02     2.000     7   6.4980
     2508     0.00000     0.1174E+02     2.000     6   6.4989
     2509     0.00000     0.6799E+01     2.000     6   6.4992
     2510     0.00000     0.1047E+02     2.000     6   6.4992
     2511     0.00000     0.3061E+02     2.000     7   6.5001
     2512     0.00000     0.3333E+01     2.000     6   6.5012
     2513     0.00000     0.3117E+02     2.000     7   6.5015
     2514     0.00000     0.6595E+01     2.000     6   6.5028
     2515     0.00000     0.9025E+01     2.000     7   6.5036
     2516     0.00000     0.4368E+01     2.000     7   6.5039
     2517     0.00000     0.7637E+01     1.000     6   6.5040
     2518     0.00000     0.1416E+02     2.000     7   6.5038
     2519     0.00000     0.8193E+01     2.000     6   6.5044
     2520     0.00000     0.4562E+01     2.000     6   6.5047
     2521     0.00000     0.4163E+01     2.000     5   6.5055
     2522     0.00000     0.7986E+01     1.000     6   6.5061
     2523     0.00000     0.2726E+02     2.000     7   6.5060
     2525     0.00000     0.2979E+01     2.000     7   6.5074
     2526     0.00000     0.1148E+02     2.000     7   6.5072
     2527     0.00000     0.8825E+01     2.000     6   6.5079
     2528     0.00000     0.7276E+01     2.000     7   6.5079
     2529     0.00000     0.3706E+01     2.000     4   6.5087
     2530     0.00000     0.5460E+01     2.000     7   6.5087
     2531     0.00000     0.2959E+01     2.000     6   6.5089
     2532     0.00000     0.3359E+01     2.000     7   6.5092
     2533     0.00000     0.5387E+01     2.000     6   6.5097
     2534     0.00000     0.1157E+02     2.000     6   6.5106
     2536     0.00000     0.1530E+02     2.000     6   6.5113
     2537     0.00000     0.1043E+02     2.000     7   6.5112
     2538     0.00000     0.2039E+02     2.000     7   6.5112
     2539     0.00000     0.8711E+01     2.000     7   6.5116
     2540     0.00000     0.1399E+02     2.000     7   6.5112
     2541     0.00000     0.9608E+01     2.000     6   6.5124
     2542     0.00000     0.4386E+01     2.000     6   6.5122
     2543     0.00000     0.5908E+01     2.000     7   6.5121
     2544     0.00000     0.7454E+01     2.000     6   6.5128
     2545     0.00000     0.2144E+02     2.000     7   6.5129
     2546     0.00000     0.3665E+01     2.000     4   6.5138
     2547     0.00000     0.7068E+01     2.000     6   6.5137
     2548     0.00000     0.1144E+02     2.000     6   6.5141
     2549     0.00000     0.1080E+02     2.000     7   6.5140
     2550     0.00000     0.4464E+01     2.000     7   6.5144
     2551     0.00000     0.1354E+02     2.000     7   6.5157
     2552     0.00000     0.1461E+02     2.000     7   6.5157
     2553     0.00000     0.1414E+02     2.000     7   6.5156
     2554     0.00000     0.1476E+02     2.000     7   6.5156
     2555     0.00000     0.2669E+01     2.000     6   6.5164
     2557     0.00000     0.6993E+01     2.000     6   6.5169
     2559     0.00000     0.3328E+01     2.000     4   6.5181
     2561     0.00000     0.2345E+02     2.000     7   6.5188
     2562     0.00000     0.3513E+01     2.000     6   6.5190
     2563     0.00000     0.5547E+01     2.000     7   6.5189
     2564     0.00000     0.6847E+01     2.000     6   6.5198
     2565     0.00000     0.1579E+02     2.000     7   6.5195
     2566     0.00000     0.5190E+01     2.000     6   6.5200
     2568     0.00000     0.1308E+02     2.000     6   6.5215
     2569     0.00000     0.9446E+01     2.000     7   6.5213
     2570     0.00000     0.4552E+01     2.000     7   6.5216
     2571     0.00000     0.3110E+01     2.000     6   6.5228
     2572     0.00000     0.1831E+02     2.000     7   6.5232
     2573     0.00000     0.1530E+02     2.000     7   6.5232
     2574     0.00000     0.9512E+01     2.000     6   6.5232
     2575     0.00000     0.3403E+02     2.000     7   6.5235
     2576     0.00000     0.4634E+01     1.000     6   6.5254
     2577     0.00000     0.1178E+02     2.000     6   6.5259
     2578     0.00000     0.7847E+01     2.000     6   6.5268
     2579     0.00000     0.7578E+01     2.000     6   6.5268
     2580     0.00000     0.2257E+02     2.000     7   6.5266
     2581     0.00000     0.4425E+01     2.000     7   6.5274
     2583     0.00000     0.5412E+01     2.000     5   6.5282
     2584     0.00000     0.9141E+01     2.000     7   6.5281
     2585     0.00000     0.1092E+02     2.000     7   6.5283
     2586     0.00000     0.4434E+01     2.000     5   6.5291
     2588     0.00000     0.8635E+01     2.000     7   6.5293
     2590     0.00000     0.3831E+01     2.000     6   6.5298
     2591     0.00000     0.3371E+01     2.000     6   6.5315
     2592     0.00000     0.5803E+01     2.000     6   6.5315
     2593     0.00000     0.2689E+01     1.000     6   6.5316
     2594     0.00000     0.2095E+02     2.000     7   6.5316
     2595     0.00000     0.8338E+01     2.000     7   6.5314
     2596     0.00000     0.4115E+01     2.000     5   6.5322
     2597     0.00000     0.1482E+02     2.000     7   6.5321
     2598     0.00000     0.1801E+02     2.000     7   6.5326
     2599     0.00000     0.2397E+02     2.000     7   6.5326
     2600     0.00000     0.5626E+01     2.000     6   6.5330
     2601     0.00000     0.1325E+02     2.000     6   6.5336
     2602     0.00000     0.6927E+01     2.000     6   6.5337
     2603     0.00000     0.3163E+02     2.000     7   6.5350
     2604     0.00000     0.1183E+02     2.000     7   6.5358
     2605     0.00000     0.2736E+02     2.000     7   6.5361
     2606     0.00000     0.3355E+01     2.000     7   6.5365
     2607     0.00000     0.4533E+01     2.000     7   6.5363
     2608     0.00000     0.4670E+01     2.000     5   6.5375
     2609     0.00000     0.3829E+01     2.000     6   6.5374
     2610     0.00000     0.9752E+01     2.000     7   6.5376
     2611     0.00000     0.2059E+02     2.000     7   6.5378
     2612     0.00000     0.1969E+02     2.000     7   6.5378
     2613     0.00000     0.1419E+02     2.000     7   6.5387
     2614     0.00000     0.1411E+02     2.000     7   6.5387
     2615     0.00000     0.3084E+01     2.000     4   6.5390
     2616     0.00000     0.1073E+02     2.000     5   6.5389
     2617     0.00000     0.7626E+01     2.000     5   6.5390
     2618     0.00000     0.4227E+01     2.000     6   6.5388
     2619     0.00000     0.6799E+01     2.000     4   6.5395
     2620     0.00000     0.8255E+01     2.000     7   6.5393
     2621     0.00000     0.4651E+01     2.000     7   6.5400
     2622     0.00000     0.2032E+02     2.000     7   6.5402
     2623     0.00000     0.1839E+02     2.000     7   6.5402
     2626     0.00000     0.1241E+02     2.000     7   6.5405
     2627     0.00000     0.7922E+01     2.000     5   6.5412
     2628     0.00000     0.5888E+01     2.000     5   6.5412
     2629     0.00000     0.3012E+01     2.000     6   6.5410
     2630     0.00000     0.5593E+01     2.000     7   6.5421
     2631     0.00000     0.2727E+01     2.000     5   6.5423
     2632     0.00000     0.1099E+02     2.000     7   6.5421
     2633     0.00000     0.8370E+01     2.000     6   6.5429
     2634     0.00000     0.5726E+01     1.000     6   6.5425
     2635     0.00000     0.5319E+01     2.000     6   6.5427
     2636     0.00000     0.1068E+02     2.000     7   6.5429
     2637     0.00000     0.1684E+02     2.000     7   6.5437
     2638     0.00000     0.4156E+01     2.000     7   6.5437
     2639     0.00000     0.2507E+02     2.000     7   6.5438
     2640     0.00000     0.1695E+02     2.000     7   6.5437
     2641     0.00000     0.4435E+01     2.000     7   6.5437
     2642     0.00000     0.9013E+01     2.000     7   6.5437
     2643     0.00000     0.4260E+01     2.000     6   6.5440
     2644     0.00000     0.1112E+02     2.000     7   6.5441
     2645     0.00000     0.1215E+02     2.000     7   6.5441
     2646     0.00000     0.5965E+01     2.000     7   6.5456
     2647     0.00000     0.6897E+01     2.000     6   6.5458
     2648     0.00000     0.6917E+01     2.000     6   6.5457
     2649     0.00000     0.7001E+01     2.000     7   6.5457
     2650     0.00000     0.1448E+02     2.000     7   6.5463
     2652     0.00000     0.7063E+01     2.000     7   6.5483
     2653     0.00000     0.2938E+01     2.000     7   6.5489
     2654     0.00000     0.4216E+01     2.000     6   6.5492
     2655     0.00000     0.2873E+01     2.000     6   6.5494
     2656     0.00000     0.4021E+01     2.000     6   6.5499
     2657     0.00000     0.5989E+01     2.000     7   6.5500
     2659     0.00000     0.7738E+01     2.000     5   6.5517
     2660     0.00000     0.7154E+01     2.000     6   6.5516
     2661     0.00000     0.3824E+01     2.000     6   6.5517
     2664     0.00000     0.1644E+02     2.000     6   6.5532
     2665     0.00000     0.8822E+01     2.000     7   6.5531
     2666     0.00000     0.4619E+01     2.000     5   6.5535
     2669     0.00000     0.4473E+01     2.000     7   6.5540
     2670     0.00000     0.6769E+01     2.000     7   6.5542
     2671     0.00000     0.1222E+02     2.000     7   6.5542
     2673     0.00000     0.3540E+02     2.000     7   6.5546
     2674     0.00000     0.9501E+01     2.000     7   6.5553
     2675     0.00000     0.2979E+01     2.000     4   6.5561
     2676     0.00000     0.6828E+01     2.000     4   6.5564
     2677     0.00000     0.3843E+01     2.000     6   6.5560
     2678     0.00000     0.6134E+01     2.000     6   6.5562
     2679     0.00000     0.6167E+01     2.000     7   6.5561
     2680     0.00000     0.1227E+02     2.000     7   6.5561
     2681     0.00000     0.3449E+01     2.000     5   6.5568
     2682     0.00000     0.5866E+01     2.000     7   6.5566
     2684     0.00000     0.9677E+01     2.000     7   6.5573
     2685     0.00000     0.9669E+01     2.000     7   6.5573
     2686     0.00000     0.3567E+01     2.000     7   6.5578
     2687     0.00000     0.2791E+01     2.000     4   6.5587
     2689     0.00000     0.1410E+02     2.000     7   6.5593
     2690     0.00000     0.1402E+02     2.000     7   6.5593
     2691     0.00000     0.4890E+01     2.000     7   6.5597
     2692     0.00000     0.8610E+01     2.000     6   6.5606
     2693     0.00000     0.1105E+02     2.000     7   6.5606
     2694     0.00000     0.1427E+02     2.000     7   6.5607
     2696     0.00000     0.1424E+02     2.000     7   6.5607
     2698     0.00000     0.1124E+02     2.000     7   6.5611
     2699     0.00000     0.8776E+01     2.000     7   6.5618
     2700     0.00000     0.5735E+01     1.000     4   6.5620
     2702     0.00000     0.1915E+02     2.000     7   6.5622
     2703     0.00000     0.4074E+01     2.000     5   6.5628
     2704     0.00000     0.5400E+01     2.000     7   6.5625
     2705     0.00000     0.7698E+01     2.000     7   6.5625
     2708     0.00000     0.4649E+01     2.000     7   6.5636
     2709     0.00000     0.2464E+02     2.000     5   6.5635
     2710     0.00000     0.1058E+02     2.000     7   6.5635
     2711     0.00000     0.6099E+01     2.000     6   6.5645
     2712     0.00000     0.2856E+02     1.000     6   6.5650
     2713     0.00000     0.1371E+02     2.000     7   6.5646
     2714     0.00000     0.1472E+02     2.000     7   6.5646
     2715     0.00000     0.2810E+01     2.000     6   6.5659
     2716     0.00000     0.1263E+02     2.000     6   6.5664
     2717     0.00000     0.3028E+01     2.000     5   6.5662
     2718     0.00000     0.5158E+01     2.000     6   6.5664
     2719     0.00000     0.8496E+01     2.000     6   6.5661
     2720     0.00000     0.6370E+01     2.000     7   6.5666
     2721     0.00000     0.3184E+01     2.000     7   6.5664
     2722     0.00000     0.3320E+02     2.000     7   6.5671
     2723     0.00000     0.1331E+02     2.000     7   6.5667
     2724     0.00000     0.1162E+02     2.000     7   6.5674
     2725     0.00000     0.1194E+02     2.000     6   6.5677
     2726     0.00000     0.1588E+02     2.000     7   6.5686
     2727     0.00000     0.1425E+02     2.000     7   6.5686
     2728     0.00000     0.8216E+01     2.000     7   6.5684
     2729     0.00000     0.1510E+02     2.000     7   6.5686
     2731     0.00000     0.4391E+01     2.000     7   6.5689
     2732     0.00000     0.1080E+02     2.000     6   6.5693
     2733     0.00000     0.1509E+02     2.000     7   6.5694
     2734     0.00000     0.1367E+02     2.000     7   6.5694
     2735     0.00000     0.1221E+02     2.000     7   6.5695
     2736     0.00000     0.5891E+01     2.000     5   6.5706
     2737     0.00000     0.8123E+01     2.000     6   6.5704
     2738     0.00000     0.4300E+01     2.000     6   6.5712
     2739     0.00000     0.4102E+01     2.000     6   6.5710
     2740     0.00000     0.7101E+01     2.000     7   6.5711
     2741     0.00000     0.6089E+01     2.000     7   6.5709
     2742     0.00000     0.4710E+01     2.000     5   6.5715
     2743     0.00000     0.1281E+02     2.000     6   6.5714
     2744     0.00000     0.7827E+01     2.000     7   6.5714
     2745     0.00000     0.1010E+02     2.000     7   6.5714
     2746     0.00000     0.9577E+01     2.000     7   6.5722
     2748     0.00000     0.9888E+01     2.000     6   6.5728
     2749     0.00000     0.1304E+02     2.000     7   6.5728
     2750     0.00000     0.7639E+01     2.000     7   6.5728
     2752     0.00000     0.1150E+02     2.000     7   6.5729
     2753     0.00000     0.5419E+01     2.000     7   6.5729
     2754     0.00000     0.4153E+01     2.000     5   6.5731
     2755     0.00000     0.1254E+02     2.000     6   6.5730
     2756     0.00000     0.5201E+01     2.000     6   6.5747
     2757     0.00000     0.5285E+01     2.000     6   6.5747
     2758     0.00000     0.8976E+01     2.000     6   6.5754
     2759     0.00000     0.1464E+02     2.000     7   6.5750
     2760     0.00000     0.1340E+02     2.000     7   6.5750
     2761     0.00000     0.4378E+01     2.000     7   6.5752
     2762     0.00000     0.4499E+01     2.000     5   6.5756
     2763     0.00000     0.9340E+01     2.000     6   6.5760
     2764     0.00000     0.5788E+01     2.000     7   6.5759
     2765     0.00000     0.5918E+01     2.000     4   6.5762
     2766     0.00000     0.1277E+02     2.000     7   6.5762
     2768     0.00000     0.7579E+01     2.000     6   6.5775
     2769     0.00000     0.8395E+01     2.000     6   6.5774
     2770     0.00000     0.1823E+02     2.000     6   6.5774
     2771     0.00000     0.1173E+02     2.000     7   6.5772
     2772     0.00000     0.3096E+01     2.000     7   6.5771
     2773     0.00000     0.1484E+02     2.000     7   6.5777
     2774     0.00000     0.1567E+02     2.000     7   6.5777
     2775     0.00000     0.3326E+01     2.000     6   6.5783
     2776     0.00000     0.4435E+01     2.000     6   6.5783
     2777     0.00000     0.8611E+01     2.000     7   6.5782
     2779     0.00000     0.7225E+01     2.000     7   6.5787
     2780     0.00000     0.9773E+01     2.000     7   6.5787
     2781     0.00000     0.9438E+01     2.000     7   6.5787
     2782     0.00000     0.7717E+01     2.000     7   6.5787
     2784     0.00000     0.4409E+01     2.000     7   6.5789
     2785     0.00000     0.1776E+02     2.000     7   6.5793
     2786     0.00000     0.3107E+02     2.000     7   6.5793
     2787     0.00000     0.5983E+01     2.000     5   6.5799
     2788     0.00000     0.3418E+01     2.000     6   6.5800
     2789     0.00000     0.5623E+01     2.000     6   6.5800
     2790     0.00000     0.5494E+01     2.000     6   6.5800
     2791     0.00000     0.2687E+01     2.000     7   6.5808
     2794     0.00000     0.1448E+02     2.000     7   6.5810
     2795     0.00000     0.6674E+01     2.000     7   6.5814
     2796     0.00000     0.5259E+01     2.000     7   6.5814
     2797     0.00000     0.9605E+01     2.000     7   6.5821
     2798     0.00000     0.9214E+01     2.000     7   6.5824
     2799     0.00000     0.3820E+01     2.000     5   6.5824
     2800     0.00000     0.2807E+01     2.000     6   6.5824
     2801     0.00000     0.1618E+02     2.000     7   6.5825
     2802     0.00000     0.1033E+02     2.000     7   6.5832
     2803     0.00000     0.1119E+02     2.000     7   6.5832
     2804     0.00000     0.5723E+01     2.000     4   6.5845
     2805     0.00000     0.8653E+01     2.000     7   6.5854
     2806     0.00000     0.4766E+01     2.000     7   6.5854
     2807     0.00000     0.3091E+01     2.000     7   6.5851
     2808     0.00000     0.3102E+02     2.000     7   6.5859
     2809     0.00000     0.7582E+01     2.000     6   6.5859
     2810     0.00000     0.7298E+01     2.000     6   6.5859
     2812     0.00000     0.2766E+01     2.000     5   6.5868
     2813     0.00000     0.5081E+01     2.000     5   6.5871
     2814     0.00000     0.5519E+01     2.000     6   6.5868
     2815     0.00000     0.1728E+02     2.000     7   6.5879
     2818     0.00000     0.8943E+01     2.000     7   6.5886
     2819     0.00000     0.1386E+02     2.000     7   6.5886
     2820     0.00000     0.1345E+02     2.000     7   6.5883
     2821     0.00000     0.5564E+01     2.000     6   6.5892
     2822     0.00000     0.1591E+02     2.000     7   6.5895
     2823     0.00000     0.2133E+02     2.000     7   6.5895
     2825     0.00000     0.4028E+01     2.000     7   6.5899
     2826     0.00000     0.4100E+01     2.000     7   6.5899
     2827     0.00000     0.5123E+01     2.000     6   6.5906
     2828     0.00000     0.7380E+01     2.000     6   6.5907
     2829     0.00000     0.5008E+01     2.000     7   6.5903
     2830     0.00000     0.9115E+01     2.000     7   6.5908
     2831     0.00000     0.7228E+01     2.000     6   6.5912
     2832     0.00000     0.6990E+01     2.000     6   6.5912
     2833     0.00000     0.2005E+02     2.000     7   6.5911
     2834     0.00000     0.3698E+01     2.000     7   6.5916
     2835     0.00000     0.6234E+01     2.000     6   6.5913
     2836     0.00000     0.4564E+01     2.000     5   6.5916
     2837     0.00000     0.4307E+01     2.000     7   6.5918
     2838     0.00000     0.1947E+02     2.000     7   6.5925
     2840     0.00000     0.6013E+01     2.000     6   6.5932
     2842     0.00000     0.1807E+02     2.000     7   6.5932
     2843     0.00000     0.6124E+01     2.000     6   6.5937
     2845     0.00000     0.7726E+01     2.000     7   6.5939
     2846     0.00000     0.3396E+01     2.000     6   6.5943
     2847     0.00000     0.4498E+01     2.000     7   6.5940
     2848     0.00000     0.1118E+02     2.000     7   6.5939
     2849     0.00000     0.1220E+02     2.000     7   6.5939
     2851     0.00000     0.5452E+01     2.000     5   6.5949
     2853     0.00000     0.2939E+01     2.000     6   6.5951
     2854     0.00000     0.6745E+01     2.000     6   6.5952
     2855     0.00000     0.6239E+01     2.000     7   6.5969
     2856     0.00000     0.6493E+01     2.000     6   6.5965
     2857     0.00000     0.1854E+02     2.000     7   6.5968
     2858     0.00000     0.3544E+01     2.000     7   6.5966
     2860     0.00000     0.5538E+01     2.000     7   6.5968
     2861     0.00000     0.2691E+01     2.000     7   6.5980
     2865     0.00000     0.4774E+01     2.000     7   6.5983
     2866     0.00000     0.8657E+01     2.000     7   6.5985
     2867     0.00000     0.9985E+01     2.000     7   6.5988
     2869     0.00000     0.5593E+01     2.000     6   6.5994
     2871     0.00000     0.6483E+01     2.000     7   6.5994
     2872     0.00000     0.9157E+01     2.000     7   6.5994
     2873     0.00000     0.8847E+01     2.000     7   6.5994
     2874     0.00000     0.6850E+01     2.000     7   6.5994
     2875     0.00000     0.9516E+01     2.000     7   6.5991
     2876     0.00000     0.5280E+01     2.000     7   6.5992
     2877     0.00000     0.1486E+02     2.000     7   6.5991
     2878     0.00000     0.2903E+01     2.000     7   6.5996
     2880     0.00000     0.6394E+01     2.000     7   6.5996
     2882     0.00000     0.6414E+01     2.000     7   6.6002
     2883     0.00000     0.1775E+02     2.000     7   6.6002
     2884     0.00000     0.3761E+01     2.000     5   6.6008
     2885     0.00000     0.2954E+01     2.000     7   6.6008
     2886     0.00000     0.6671E+01     2.000     5   6.6013
     2887     0.00000     0.5499E+01     2.000     6   6.6019
     2888     0.00000     0.1608E+02     2.000     7   6.6024
     2889     0.00000     0.7592E+01     2.000     6   6.6022
     2890     0.00000     0.1174E+02     2.000     7   6.6023
     2892     0.00000     0.1120E+02     2.000     6   6.6035
     2893     0.00000     0.1227E+02     2.000     6   6.6035
     2894     0.00000     0.1101E+02     2.000     6   6.6035
     2895     0.00000     0.7755E+01     2.000     7   6.6034
     2896     0.00000     0.1004E+02     2.000     7   6.6034
     2897     0.00000     0.2813E+01     2.000     5   6.6042
     2899     0.00000     0.1270E+02     2.000     7   6.6041
     2901     0.00000     0.8691E+01     2.000     6   6.6050
     2902     0.00000     0.7082E+01     2.000     6   6.6052
     2903     0.00000     0.8396E+01     2.000     7   6.6050
     2904     0.00000     0.7022E+01     2.000     6   6.6055
     2905     0.00000     0.1195E+02     2.000     7   6.6056
     2906     0.00000     0.1156E+02     2.000     7   6.6056
     2908     0.00000     0.5859E+01     2.000     6   6.6060
     2909     0.00000     0.1332E+02     2.000     7   6.6064
     2910     0.00000     0.1340E+02     2.000     7   6.6064
     2912     0.00000     0.7768E+01     2.000     6   6.6067
     2913     0.00000     0.7436E+01     2.000     6   6.6067
     2914     0.00000     0.4079E+01     2.000     6   6.6069
     2915     0.00000     0.1884E+02     2.000     7   6.6072
     2916     0.00000     0.1409E+02     2.000     7   6.6073
     2917     0.00000     0.1049E+02     2.000     7   6.6071
     2918     0.00000     0.2910E+01     2.000     6   6.6077
     2919     0.00000     0.6736E+01     2.000     7   6.6084
     2920     0.00000     0.5632E+01     2.000     5   6.6086
     2921     0.00000     0.1001E+02     2.000     5   6.6087
     2924     0.00000     0.8508E+01     2.000     6   6.6093
     2925     0.00000     0.7110E+01     2.000     6   6.6095
     2926     0.00000     0.4826E+01     2.000     5   6.6099
     2927     0.00000     0.4937E+01     2.000     5   6.6099
     2928     0.00000     0.5717E+01     2.000     7   6.6102
     2929     0.00000     0.4398E+01     2.000     7   6.6106
     2932     0.00000     0.1003E+02     2.000     7   6.6108
     2933     0.00000     0.6881E+01     2.000     7   6.6109
     2934     0.00000     0.1344E+02     2.000     7   6.6109
     2935     0.00000     0.4133E+01     2.000     7   6.6109
     2936     0.00000     0.1253E+02     2.000     6   6.6112
     2937     0.00000     0.4943E+01     2.000     3   6.6120
     2938     0.00000     0.1068E+02     2.000     6   6.6120
     2939     0.00000     0.1188E+02     2.000     6   6.6120
     2940     0.00000     0.1052E+02     2.000     6   6.6120
     2941     0.00000     0.1080E+02     2.000     7   6.6119
     2944     0.00000     0.4585E+01     2.000     7   6.6123
     2945     0.00000     0.4471E+01     2.000     7   6.6126
     2946     0.00000     0.4654E+01     2.000     6   6.6131
     2947     0.00000     0.1718E+02     2.000     7   6.6133
     2948     0.00000     0.4549E+01     2.000     7   6.6138
     2949     0.00000     0.5499E+01     2.000     7   6.6135
     2951     0.00000     0.4283E+01     2.000     6   6.6139
     2952     0.00000     0.1029E+02     2.000     7   6.6141
     2953     0.00000     0.1416E+02     2.000     7   6.6141
     2954     0.00000     0.1371E+02     2.000     7   6.6150
     2955     0.00000     0.1044E+02     2.000     6   6.6159
     2956     0.00000     0.3180E+02     2.000     7   6.6159
     2957     0.00000     0.1629E+02     2.000     7   6.6160
     2958     0.00000     0.2912E+02     2.000     7   6.6160
     2959     0.00000     0.1162E+02     2.000     6   6.6164
     2960     0.00000     0.3655E+01     2.000     7   6.6165
     2962     0.00000     0.8959E+01     2.000     5   6.6169
     2963     0.00000     0.4306E+01     2.000     7   6.6171
     2964     0.00000     0.3717E+01     2.000     7   6.6170
     2966     0.00000     0.3172E+02     2.000     7   6.6177
     2967     0.00000     0.4354E+01     2.000     7   6.6175
     2968     0.00000     0.3502E+01     2.000     3   6.6182
     2969     0.00000     0.1284E+02     2.000     7   6.6183
     2970     0.00000     0.7594E+01     2.000     6   6.6187
     2971     0.00000     0.1747E+02     2.000     7   6.6188
     2972     0.00000     0.1492E+02     2.000     7   6.6191
     2973     0.00000     0.6501E+01     2.000     7   6.6195
     2974     0.00000     0.1800E+02     2.000     7   6.6195
     2975     0.00000     0.6789E+01     2.000     7   6.6200
     2976     0.00000     0.9310E+01     2.000     7   6.6200
     2977     0.00000     0.8987E+01     2.000     7   6.6200
     2978     0.00000     0.7283E+01     2.000     7   6.6200
     2979     0.00000     0.3240E+01     2.000     5   6.6205
     2980     0.00000     0.4686E+01     2.000     6   6.6204
     2981     0.00000     0.9182E+01     2.000     7   6.6212
     2982     0.00000     0.1041E+02     2.000     7   6.6212
     2983     0.00000     0.1323E+02     2.000     7   6.6218
     2984     0.00000     0.2799E+01     2.000     7   6.6218
     2985     0.00000     0.7692E+01     2.000     7   6.6219
     2986     0.00000     0.9408E+01     2.000     7   6.6230
     2987     0.00000     0.1254E+02     2.000     7   6.6229
     2988     0.00000     0.4094E+01     2.000     6   6.6238
     2989     0.00000     0.8368E+01     2.000     7   6.6239
     2990     0.00000     0.1163E+02     2.000     7   6.6240
     2991     0.00000     0.1118E+02     2.000     7   6.6240
     2992     0.00000     0.8374E+01     2.000     7   6.6243
     2993     0.00000     0.6334E+01     2.000     7   6.6244
     2995     0.00000     0.1999E+02     2.000     7   6.6256
     2996     0.00000     0.3490E+01     2.000     7   6.6261
     2997     0.00000     0.1330E+02     2.000     7   6.6267
     2998     0.00000     0.1409E+02     2.000     7   6.6267
     2999     0.00000     0.2360E+02     2.000     7   6.6272
     3000     0.00000     0.2178E+02     2.000     7   6.6272
     3002     0.00000     0.8465E+01     2.000     7   6.6274
     3003     0.00000     0.3393E+01     2.000     7   6.6278
     3004     0.00000     0.8851E+01     2.000     6   6.6281
     3006     0.00000     0.7102E+01     2.000     7   6.6284
     3007     0.00000     0.1260E+02     2.000     7   6.6284
     3009     0.00000     0.7254E+01     2.000     7   6.6290
     3011     0.00000     0.1448E+02     2.000     7   6.6295
     3012     0.00000     0.5652E+01     2.000     6   6.6305
     3014     0.00000     0.1323E+02     2.000     6   6.6306
     3016     0.00000     0.7190E+01     2.000     6   6.6312
     3017     0.00000     0.4750E+01     2.000     6   6.6312
     3018     0.00000     0.2831E+01     2.000     5   6.6319
     3019     0.00000     0.7507E+01     2.000     7   6.6316
     3020     0.00000     0.4058E+01     2.000     7   6.6320
     3021     0.00000     0.3875E+01     2.000     4   6.6328
     3022     0.00000     0.4200E+01     2.000     7   6.6329
     3023     0.00000     0.1283E+02     2.000     7   6.6329
     3024     0.00000     0.2803E+01     2.000     6   6.6331
     3025     0.00000     0.5680E+01     2.000     6   6.6332
     3026     0.00000     0.4128E+01     2.000     7   6.6331
     3027     0.00000     0.1960E+02     2.000     6   6.6340
     3028     0.00000     0.4338E+01     2.000     7   6.6341
     3029     0.00000     0.1356E+02     2.000     7   6.6340
     3030     0.00000     0.3691E+01     2.000     6   6.6344
     3031     0.00000     0.3589E+01     2.000     6   6.6346
     3032     0.00000     0.1326E+02     2.000     7   6.6344
     3033     0.00000     0.2893E+01     2.000     7   6.6344
     3034     0.00000     0.1330E+02     2.000     7   6.6344
     3035     0.00000     0.3156E+01     2.000     7   6.6344
     3036     0.00000     0.2433E+02     2.000     7   6.6349
     3037     0.00000     0.7899E+01     2.000     7   6.6350
     3038     0.00000     0.9288E+01     2.000     7   6.6355
     3039     0.00000     0.1755E+02     2.000     7   6.6353
     3040     0.00000     0.4724E+02     2.000     7   6.6364
     3041     0.00000     0.2859E+01     2.000     6   6.6368
     3042     0.00000     0.2028E+02     2.000     7   6.6374
     3043     0.00000     0.6465E+01     2.000     7   6.6383
     3044     0.00000     0.6009E+01     2.000     5   6.6389
     3045     0.00000     0.5259E+01     1.000     6   6.6388
     3046     0.00000     0.4149E+02     2.000     7   6.6388
     3048     0.00000     0.6104E+01     2.000     7   6.6401
     3049     0.00000     0.4982E+01     2.000     7   6.6400
     3050     0.00000     0.3063E+01     2.000     5   6.6406
     3052     0.00000     0.5320E+01     2.000     7   6.6414
     3054     0.00000     0.7173E+01     2.000     7   6.6417
     3055     0.00000     0.1453E+02     2.000     7   6.6417
     3057     0.00000     0.3866E+01     2.000     6   6.6421
     3058     0.00000     0.8003E+01     2.000     6   6.6436
     3059     0.00000     0.3358E+01     2.000     7   6.6450
     3060     0.00000     0.1842E+02     2.000     7   6.6461
     3061     0.00000     0.9663E+01     2.000     7   6.6460
     3062     0.00000     0.6909E+01     2.000     7   6.6464
     3063     0.00000     0.3695E+01     2.000     7   6.6466
     3064     0.00000     0.9622E+01     2.000     7   6.6477
     3065     0.00000     0.1585E+02     2.000     7   6.6478
     3066     0.00000     0.7539E+01     2.000     7   6.6478
     3067     0.00000     0.1327E+02     2.000     7   6.6477
     3068     0.00000     0.4929E+01     2.000     7   6.6479
     3070     0.00000     0.2003E+02     2.000     7   6.6499
     3071     0.00000     0.8557E+01     2.000     7   6.6508
     3072     0.00000     0.1187E+02     2.000     7   6.6505
     3073     0.00000     0.1110E+02     2.000     7   6.6505
     3074     0.00000     0.1510E+02     2.000     7   6.6505
     3075     0.00000     0.7829E+01     2.000     7   6.6505
     3076     0.00000     0.8448E+01     2.000     6   6.6510
     3077     0.00000     0.8667E+01     2.000     6   6.6510
     3078     0.00000     0.1189E+02     2.000     7   6.6523
     3079     0.00000     0.1105E+02     2.000     7   6.6523
     3080     0.00000     0.1492E+02     2.000     7   6.6523
     3081     0.00000     0.8888E+01     2.000     7   6.6523
     3082     0.00000     0.6586E+01     2.000     6   6.6528
     3083     0.00000     0.6071E+01     2.000     6   6.6535
     3084     0.00000     0.9411E+01     2.000     6   6.6533
     3085     0.00000     0.7540E+01     2.000     6   6.6533
     3086     0.00000     0.9295E+01     2.000     7   6.6533
     3087     0.00000     0.2208E+02     2.000     7   6.6533
     3088     0.00000     0.2026E+02     2.000     7   6.6533
     3089     0.00000     0.9281E+01     2.000     6   6.6538
     3090     0.00000     0.8532E+01     2.000     7   6.6544
     3091     0.00000     0.4626E+01     2.000     7   6.6549
     3092     0.00000     0.3632E+01     2.000     7   6.6554
     3093     0.00000     0.1225E+02     2.000     6   6.6558
     3094     0.00000     0.5893E+01     2.000     7   6.6562
     3095     0.00000     0.1058E+02     2.000     7   6.6562
     3096     0.00000     0.5705E+01     2.000     6   6.6567
     3097     0.00000     0.6793E+01     2.000     6   6.6567
     3098     0.00000     0.3717E+01     2.000     7   6.6568
     3099     0.00000     0.5477E+01     2.000     7   6.6564
     3101     0.00000     0.2005E+02     2.000     6   6.6569
     3102     0.00000     0.9771E+01     2.000     7   6.6573
     3103     0.00000     0.7168E+01     2.000     6   6.6583
     3104     0.00000     0.3882E+01     2.000     7   6.6586
     3105     0.00000     0.7811E+01     2.000     5   6.6592
     3106     0.00000     0.9501E+01     2.000     7   6.6593
     3107     0.00000     0.6599E+01     2.000     7   6.6593
     3108     0.00000     0.3931E+01     2.000     7   6.6601
     3109     0.00000     0.1031E+02     2.000     7   6.6603
     3110     0.00000     0.1318E+02     2.000     7   6.6606
     3112     0.00000     0.5430E+01     2.000     7   6.6609
     3113     0.00000     0.4527E+01     2.000     7   6.6609
     3114     0.00000     0.4565E+01     2.000     7   6.6609
     3115     0.00000     0.1286E+02     2.000     6   6.6615
     3117     0.00000     0.8223E+01     2.000     6   6.6626
     3118     0.00000     0.6697E+01     2.000     7   6.6636
     3119     0.00000     0.1188E+02     2.000     7   6.6636
     3120     0.00000     0.6130E+01     2.000     7   6.6642
     3121     0.00000     0.4889E+01     2.000     6   6.6643
     3122     0.00000     0.1806E+02     2.000     7   6.6641
     3123     0.00000     0.3331E+01     2.000     7   6.6646
     3124     0.00000     0.2098E+02     2.000     7   6.6651
     3125     0.00000     0.1170E+02     2.000     7   6.6662
     3126     0.00000     0.6853E+01     2.000     7   6.6665
     3127     0.00000     0.1714E+02     2.000     7   6.6669
     3128     0.00000     0.7787E+01     2.000     5   6.6675
     3129     0.00000     0.4241E+01     2.000     7   6.6678
     3130     0.00000     0.1149E+02     2.000     7   6.6686
     3131     0.00000     0.1009E+02     2.000     7   6.6690
     3132     0.00000     0.5797E+01     2.000     7   6.6696
     3133     0.00000     0.8567E+01     2.000     7   6.6696
     3134     0.00000     0.8309E+01     2.000     7   6.6696
     3135     0.00000     0.6131E+01     2.000     7   6.6696
     3136     0.00000     0.9005E+01     2.000     7   6.6694
     3138     0.00000     0.1807E+02     2.000     7   6.6703
     3139     0.00000     0.2906E+01     2.000     7   6.6711
     3141     0.00000     0.1249E+02     2.000     6   6.6713
     3142     0.00000     0.8663E+01     2.000     7   6.6712
     3143     0.00000     0.2466E+02     2.000     7   6.6719
     3144     0.00000     0.6316E+01     2.000     7   6.6719
     3146     0.00000     0.3491E+01     2.000     7   6.6725
     3147     0.00000     0.6613E+01     2.000     6   6.6730
     3148     0.00000     0.8626E+01     2.000     7   6.6730
     3149     0.00000     0.8849E+01     2.000     7   6.6732
     3150     0.00000     0.5187E+01     2.000     5   6.6736
     3151     0.00000     0.4342E+01     2.000     7   6.6745
     3152     0.00000     0.7500E+01     2.000     7   6.6745
     3153     0.00000     0.5549E+01     2.000     6   6.6750
     3155     0.00000     0.1291E+02     2.000     7   6.6753
     3156     0.00000     0.3323E+02     2.000     7   6.6753
     3157     0.00000     0.4238E+01     2.000     7   6.6760
     3158     0.00000     0.4551E+01     2.000     7   6.6759
     3159     0.00000     0.2272E+02     2.000     7   6.6764
     3160     0.00000     0.6430E+01     2.000     7   6.6760
     3161     0.00000     0.8044E+01     2.000     5   6.6761
     3162     0.00000     0.9555E+01     2.000     7   6.6770
     3164     0.00000     0.3438E+01     2.000     6   6.6777
     3165     0.00000     0.4777E+01     2.000     7   6.6790
     3169     0.00000     0.2816E+01     2.000     4   6.6798
     3170     0.00000     0.1488E+02     2.000     7   6.6804
     3171     0.00000     0.1551E+02     2.000     7   6.6806
     3172     0.00000     0.3603E+02     2.000     7   6.6806
     3173     0.00000     0.5080E+01     2.000     7   6.6814
     3174     0.00000     0.7232E+01     2.000     7   6.6814
     3175     0.00000     0.4460E+01     2.000     7   6.6816
     3176     0.00000     0.7605E+01     2.000     6   6.6818
     3177     0.00000     0.7978E+01     2.000     6   6.6818
     3178     0.00000     0.7015E+01     2.000     7   6.6822
     3179     0.00000     0.2909E+01     2.000     7   6.6830
     3180     0.00000     0.1075E+02     2.000     7   6.6827
     3181     0.00000     0.3785E+01     2.000     7   6.6832
     3182     0.00000     0.4451E+01     2.000     5   6.6840
     3183     0.00000     0.4825E+01     2.000     7   6.6842
     3184     0.00000     0.4893E+01     2.000     4   6.6848
     3185     0.00000     0.8317E+01     2.000     5   6.6844
     3186     0.00000     0.2673E+01     1.000     4   6.6853
     3187     0.00000     0.5696E+01     2.000     5   6.6854
     3189     0.00000     0.1594E+02     2.000     7   6.6857
     3190     0.00000     0.1206E+02     2.000     7   6.6857
     3191     0.00000     0.1841E+02     2.000     7   6.6855
     3192     0.00000     0.9995E+01     2.000     5   6.6863
     3193     0.00000     0.5367E+01     2.000     6   6.6861
     3194     0.00000     0.5418E+01     2.000     6   6.6861
     3195     0.00000     0.1812E+02     2.000     7   6.6862
     3196     0.00000     0.1650E+02     2.000     7   6.6862
     3197     0.00000     0.9161E+01     2.000     7   6.6862
     3198     0.00000     0.2896E+01     2.000     5   6.6873
     3199     0.00000     0.1221E+02     2.000     6   6.6869
     3200     0.00000     0.6911E+01     2.000     7   6.6871
     3201     0.00000     0.2751E+02     2.000     7   6.6878
     3202     0.00000     0.4966E+01     2.000     7   6.6878
     3203     0.00000     0.4986E+01     2.000     7   6.6878
     3204     0.00000     0.2756E+01     2.000     7   6.6881
     3205     0.00000     0.6287E+01     2.000     7   6.6881
     3206     0.00000     0.8802E+01     2.000     6   6.6888
     3207     0.00000     0.6782E+01     2.000     7   6.6887
     3209     0.00000     0.1049E+02     2.000     7   6.6899
     3210     0.00000     0.5799E+01     2.000     5   6.6903
     3211     0.00000     0.1146E+02     2.000     7   6.6904
     3212     0.00000     0.9847E+01     2.000     7   6.6901
     3215     0.00000     0.6743E+01     2.000     6   6.6918
     3217     0.00000     0.2100E+02     2.000     7   6.6924
     3218     0.00000     0.2307E+02     2.000     7   6.6924
     3219     0.00000     0.1701E+02     2.000     7   6.6924
     3220     0.00000     0.1612E+02     2.000     7   6.6924
     3221     0.00000     0.1097E+02     2.000     7   6.6935
     3222     0.00000     0.5030E+01     2.000     6   6.6938
     3223     0.00000     0.2376E+02     2.000     7   6.6939
     3224     0.00000     0.3307E+01     2.000     4   6.6946
     3225     0.00000     0.7252E+01     2.000     7   6.6946
     3226     0.00000     0.1026E+02     2.000     7   6.6951
     3227     0.00000     0.4209E+01     2.000     7   6.6951
     3229     0.00000     0.9509E+01     2.000     7   6.6956
     3230     0.00000     0.4137E+01     2.000     5   6.6963
     3231     0.00000     0.3653E+01     2.000     6   6.6960
     3232     0.00000     0.1347E+02     2.000     6   6.6961
     3233     0.00000     0.1732E+02     2.000     7   6.6961
     3234     0.00000     0.1606E+02     2.000     7   6.6961
     3236     0.00000     0.3824E+01     2.000     5   6.6975
     3237     0.00000     0.3951E+01     2.000     7   6.6975
     3238     0.00000     0.1338E+02     2.000     7   6.6982
     3239     0.00000     0.3358E+02     2.000     7   6.6986
     3240     0.00000     0.1793E+02     2.000     7   6.6993
     3241     0.00000     0.1614E+02     2.000     7   6.6993
     3242     0.00000     0.2738E+01     2.000     5   6.6995
     3243     0.00000     0.8330E+01     2.000     7   6.7001
     3244     0.00000     0.7730E+01     2.000     6   6.7007
     3245     0.00000     0.8348E+01     2.000     6   6.7009
     3246     0.00000     0.9377E+01     2.000     7   6.7008
     3247     0.00000     0.3880E+01     2.000     7   6.7008
     3248     0.00000     0.1347E+02     2.000     7   6.7012
     3249     0.00000     0.2706E+01     2.000     5   6.7021
     3250     0.00000     0.9639E+01     2.000     7   6.7022
     3251     0.00000     0.3480E+01     2.000     7   6.7030
     3252     0.00000     0.7551E+01     2.000     6   6.7032
     3253     0.00000     0.8245E+01     2.000     7   6.7033
     3254     0.00000     0.3502E+01     2.000     7   6.7041
     3255     0.00000     0.1691E+02     2.000     7   6.7046
     3256     0.00000     0.6131E+01     2.000     7   6.7048
     3257     0.00000     0.3711E+01     2.000     5   6.7051
     3258     0.00000     0.6396E+01     2.000     7   6.7057
     3259     0.00000     0.1881E+02     2.000     7   6.7058
     3260     0.00000     0.1975E+02     2.000     7   6.7055
     3261     0.00000     0.2513E+02     2.000     7   6.7055
     3262     0.00000     0.1601E+02     2.000     7   6.7055
     3263     0.00000     0.1502E+02     2.000     7   6.7055
     3264     0.00000     0.4888E+01     2.000     7   6.7075
     3266     0.00000     0.2724E+01     2.000     5   6.7080
     3267     0.00000     0.8705E+01     2.000     7   6.7088
     3268     0.00000     0.8244E+01     2.000     7   6.7088
     3270     0.00000     0.1441E+02     2.000     7   6.7092
     3271     0.00000     0.3544E+01     2.000     5   6.7101
     3272     0.00000     0.2343E+02     2.000     7   6.7110
     3273     0.00000     0.1746E+02     2.000     7   6.7107
     3274     0.00000     0.4913E+01     2.000     5   6.7111
     3275     0.00000     0.5269E+01     2.000     5   6.7112
     3276     0.00000     0.2416E+02     2.000     7   6.7112
     3277     0.00000     0.2376E+02     2.000     7   6.7112
     3278     0.00000     0.5947E+01     2.000     6   6.7120
     3279     0.00000     0.1085E+02     2.000     6   6.7125
     3280     0.00000     0.4551E+01     2.000     6   6.7121
     3281     0.00000     0.1202E+02     2.000     6   6.7122
     3282     0.00000     0.8199E+01     2.000     7   6.7125
     3283     0.00000     0.8752E+01     2.000     7   6.7130
     3284     0.00000     0.7341E+01     2.000     7   6.7130
     3285     0.00000     0.7320E+01     2.000     7   6.7131
     3286     0.00000     0.2056E+02     2.000     7   6.7132
     3288     0.00000     0.4315E+01     2.000     7   6.7146
     3289     0.00000     0.3834E+02     2.000     7   6.7144
     3290     0.00000     0.7009E+01     2.000     6   6.7154
     3291     0.00000     0.1724E+02     2.000     7   6.7156
     3292     0.00000     0.4760E+01     2.000     7   6.7155
     3293     0.00000     0.4719E+01     2.000     7   6.7153
     3294     0.00000     0.1291E+02     2.000     7   6.7159
     3295     0.00000     0.1091E+02     2.000     7   6.7167
     3296     0.00000     0.1158E+02     2.000     7   6.7167
     3297     0.00000     0.4893E+01     1.000     6   6.7167
     3298     0.00000     0.5497E+01     2.000     6   6.7170
     3299     0.00000     0.1049E+02     2.000     6   6.7170
     3300     0.00000     0.8039E+01     2.000     6   6.7170
     3301     0.00000     0.8828E+01     2.000     5   6.7177
     3302     0.00000     0.2152E+02     2.000     7   6.7179
     3304     0.00000     0.1355E+02     2.000     7   6.7183
     3306     0.00000     0.4054E+01     2.000     4   6.7198
     3307     0.00000     0.3499E+01     2.000     5   6.7195
     3308     0.00000     0.7202E+01     2.000     6   6.7200
     3309     0.00000     0.1023E+02     2.000     7   6.7206
     3310     0.00000     0.8138E+01     2.000     7   6.7209
     3311     0.00000     0.3922E+01     2.000     7   6.7205
     3312     0.00000     0.5177E+01     2.000     6   6.7213
     3313     0.00000     0.1630E+02     2.000     7   6.7210
     3314     0.00000     0.1739E+02     2.000     7   6.7216
     3315     0.00000     0.1034E+02     2.000     6   6.7227
     3316     0.00000     0.1097E+02     2.000     6   6.7227
     3317     0.00000     0.1020E+02     2.000     6   6.7227
     3318     0.00000     0.9919E+01     2.000     5   6.7232
     3319     0.00000     0.2250E+02     2.000     7   6.7234
     3320     0.00000     0.5859E+01     2.000     6   6.7242
     3321     0.00000     0.5372E+01     2.000     7   6.7242
     3322     0.00000     0.2235E+02     2.000     6   6.7247
     3323     0.00000     0.4197E+01     2.000     7   6.7248
     3326     0.00000     0.4624E+01     2.000     6   6.7268
     3327     0.00000     0.3164E+01     2.000     7   6.7275
     3328     0.00000     0.1017E+02     2.000     7   6.7274
     3329     0.00000     0.8645E+01     2.000     7   6.7274
     3330     0.00000     0.1419E+02     2.000     7   6.7283
     3331     0.00000     0.5844E+01     2.000     6   6.7285
     3332     0.00000     0.1351E+02     2.000     7   6.7288
     3333     0.00000     0.4666E+01     2.000     7   6.7288
     3334     0.00000     0.1365E+02     2.000     7   6.7288
     3335     0.00000     0.4914E+01     2.000     7   6.7288
     3336     0.00000     0.7793E+01     2.000     6   6.7292
     3337     0.00000     0.1063E+02     2.000     7   6.7293
     3339     0.00000     0.8692E+01     2.000     7   6.7296
     3340     0.00000     0.3879E+01     2.000     7   6.7299
     3341     0.00000     0.5001E+01     2.000     7   6.7300
     3343     0.00000     0.4190E+01     1.000     6   6.7307
     3345     0.00000     0.3898E+01     2.000     7   6.7310
     3346     0.00000     0.1283E+02     2.000     7   6.7305
     3347     0.00000     0.1300E+02     2.000     7   6.7305
     3348     0.00000     0.1726E+02     2.000     7   6.7307
     3349     0.00000     0.3581E+02     2.000     7   6.7314
     3350     0.00000     0.1653E+02     2.000     7   6.7310
     3351     0.00000     0.1268E+02     2.000     7   6.7314
     3352     0.00000     0.4293E+01     2.000     6   6.7317
     3354     0.00000     0.4255E+01     2.000     7   6.7317
     3355     0.00000     0.9566E+01     2.000     7   6.7321
     3356     0.00000     0.1853E+02     2.000     7   6.7321
     3357     0.00000     0.1385E+02     2.000     7   6.7321
     3358     0.00000     0.2970E+01     2.000     6   6.7331
     3359     0.00000     0.5088E+01     2.000     7   6.7332
     3360     0.00000     0.5962E+01     2.000     7   6.7343
     3361     0.00000     0.4709E+01     2.000     5   6.7365
     3362     0.00000     0.2887E+01     1.000     6   6.7374
     3364     0.00000     0.6385E+01     2.000     6   6.7380
     3365     0.00000     0.1328E+02     2.000     7   6.7383
     3366     0.00000     0.3378E+01     2.000     7   6.7381
     3367     0.00000     0.9826E+01     2.000     7   6.7388
     3368     0.00000     0.6562E+01     2.000     7   6.7388
     3369     0.00000     0.1573E+02     2.000     7   6.7389
     3370     0.00000     0.3459E+01     2.000     5   6.7398
     3371     0.00000     0.9456E+01     2.000     5   6.7401
     3373     0.00000     0.9376E+01     2.000     7   6.7418
     3374     0.00000     0.3307E+01     2.000     7   6.7420
     3375     0.00000     0.6366E+01     2.000     6   6.7426
     3376     0.00000     0.3871E+01     2.000     6   6.7425
     3377     0.00000     0.9849E+01     2.000     6   6.7433
     3378     0.00000     0.2994E+01     2.000     7   6.7432
     3379     0.00000     0.5879E+01     2.000     7   6.7431
     3380     0.00000     0.2750E+01     2.000     7   6.7437
     3381     0.00000     0.9820E+01     2.000     7   6.7444
     3382     0.00000     0.7362E+01     2.000     7   6.7443
     3383     0.00000     0.1327E+02     2.000     7   6.7443
     3384     0.00000     0.1405E+02     2.000     7   6.7443
     3386     0.00000     0.6364E+01     2.000     7   6.7460
     3387     0.00000     0.6109E+01     2.000     7   6.7458
     3389     0.00000     0.1011E+02     2.000     7   6.7471
     3392     0.00000     0.1326E+02     2.000     7   6.7471
     3393     0.00000     0.2078E+02     2.000     7   6.7478
     3394     0.00000     0.7830E+01     1.000     6   6.7501
     3395     0.00000     0.9043E+01     2.000     7   6.7505
     3396     0.00000     0.7776E+01     2.000     7   6.7505
     3397     0.00000     0.8720E+01     2.000     7   6.7508
     3398     0.00000     0.6340E+01     2.000     5   6.7522
     3399     0.00000     0.1039E+02     2.000     6   6.7518
     3400     0.00000     0.1068E+02     2.000     6   6.7518
     3401     0.00000     0.1022E+02     2.000     6   6.7518
     3402     0.00000     0.1598E+02     2.000     7   6.7532
     3403     0.00000     0.1340E+02     2.000     7   6.7536
     3405     0.00000     0.3324E+01     2.000     7   6.7553
     3408     0.00000     0.2016E+02     2.000     7   6.7551
     3409     0.00000     0.1929E+02     2.000     7   6.7551
     3410     0.00000     0.7323E+01     2.000     6   6.7559
     3411     0.00000     0.1669E+02     2.000     7   6.7559
     3412     0.00000     0.1131E+02     2.000     7   6.7556
     3413     0.00000     0.4044E+01     2.000     5   6.7561
     3414     0.00000     0.5571E+01     2.000     7   6.7563
     3415     0.00000     0.3999E+01     2.000     7   6.7564
     3416     0.00000     0.7691E+01     2.000     7   6.7569
     3418     0.00000     0.4998E+01     2.000     7   6.7582
     3421     0.00000     0.3826E+01     2.000     6   6.7588
     3422     0.00000     0.3645E+02     2.000     7   6.7588
     3423     0.00000     0.1440E+02     2.000     7   6.7591
     3424     0.00000     0.3657E+01     2.000     7   6.7589
     3425     0.00000     0.4896E+01     2.000     6   6.7593
     3426     0.00000     0.5282E+01     2.000     6   6.7593
     3427     0.00000     0.3402E+01     2.000     6   6.7600
     3428     0.00000     0.1358E+02     2.000     7   6.7600
     3429     0.00000     0.9285E+01     2.000     7   6.7600
     3433     0.00000     0.2844E+01     2.000     7   6.7613
     3434     0.00000     0.2026E+02     2.000     7   6.7613
     3435     0.00000     0.3354E+01     2.000     7   6.7616
     3436     0.00000     0.6097E+01     2.000     7   6.7621
     3437     0.00000     0.3540E+01     2.000     7   6.7624
     3438     0.00000     0.1224E+02     2.000     7   6.7636
     3439     0.00000     0.3186E+01     2.000     7   6.7638
     3440     0.00000     0.1240E+02     2.000     7   6.7645
     3441     0.00000     0.4754E+01     2.000     5   6.7655
     3442     0.00000     0.3869E+01     2.000     7   6.7657
     3444     0.00000     0.3562E+01     2.000     7   6.7662
     3445     0.00000     0.1025E+02     2.000     7   6.7665
     3446     0.00000     0.8725E+01     2.000     7   6.7665
     3448     0.00000     0.2010E+02     2.000     7   6.7669
     3449     0.00000     0.1961E+02     2.000     7   6.7669
     3450     0.00000     0.5987E+01     2.000     5   6.7670
     3451     0.00000     0.3042E+01     2.000     6   6.7670
     3452     0.00000     0.4830E+01     2.000     7   6.7675
     3453     0.00000     0.3966E+01     2.000     7   6.7671
     3454     0.00000     0.1343E+02     2.000     6   6.7685
     3455     0.00000     0.6546E+01     2.000     5   6.7683
     3456     0.00000     0.8029E+01     2.000     7   6.7683
     3457     0.00000     0.3032E+01     2.000     4   6.7688
     3458     0.00000     0.7461E+01     2.000     6   6.7689
     3460     0.00000     0.5464E+01     2.000     5   6.7712
     3461     0.00000     0.4300E+01     2.000     5   6.7711
     3462     0.00000     0.5312E+01     2.000     6   6.7737
     3463     0.00000     0.1282E+02     2.000     7   6.7744
     3465     0.00000     0.6053E+01     2.000     6   6.7756
     3466     0.00000     0.5458E+01     2.000     5   6.7761
     3467     0.00000     0.1098E+02     2.000     6   6.7775
     3468     0.00000     0.4564E+01     2.000     5   6.7778
     3469     0.00000     0.3619E+01     2.000     7   6.7779
     3471     0.00000     0.5477E+01     2.000     7   6.7782
     3472     0.00000     0.8175E+01     2.000     7   6.7790
     3474     0.00000     0.4224E+01     2.000     5   6.7798
     3475     0.00000     0.1623E+02     2.000     7   6.7806
     3477     0.00000     0.3246E+01     1.000     6   6.7812
     3478     0.00000     0.4353E+01     2.000     7   6.7814
     3481     0.00000     0.6401E+01     2.000     7   6.7817
     3482     0.00000     0.3451E+02     2.000     7   6.7837
     3483     0.00000     0.9769E+01     2.000     7   6.7837
     3485     0.00000     0.1598E+02     2.000     7   6.7842
     3486     0.00000     0.4517E+01     2.000     6   6.7846
     3487     0.00000     0.3745E+01     2.000     7   6.7850
     3488     0.00000     0.7417E+01     2.000     5   6.7851
     3489     0.00000     0.9257E+01     2.000     7   6.7851
     3490     0.00000     0.4846E+01     2.000     7   6.7865
     3491     0.00000     0.2763E+01     2.000     7   6.7879
     3492     0.00000     0.1130E+02     2.000     7   6.7884
     3493     0.00000     0.7180E+01     2.000     6   6.7901
     3494     0.00000     0.1368E+02     2.000     6   6.7901
     3495     0.00000     0.7539E+01     2.000     6   6.7901
     3496     0.00000     0.7067E+01     2.000     6   6.7904
     3497     0.00000     0.5953E+01     2.000     7   6.7906
     3498     0.00000     0.5208E+01     2.000     7   6.7907
     3500     0.00000     0.8027E+01     2.000     7   6.7912
     3501     0.00000     0.6383E+01     2.000     7   6.7912
     3502     0.00000     0.6089E+01     2.000     6   6.7921
     3503     0.00000     0.8479E+01     2.000     6   6.7923
     3504     0.00000     0.4736E+01     2.000     6   6.7927
     3505     0.00000     0.5099E+01     2.000     6   6.7931
     3507     0.00000     0.8528E+01     2.000     5   6.7942
     3508     0.00000     0.8264E+01     2.000     7   6.7942
     3511     0.00000     0.4236E+01     2.000     4   6.7949
     3512     0.00000     0.1570E+02     2.000     7   6.7953
     3513     0.00000     0.5607E+01     2.000     7   6.7952
     3514     0.00000     0.1901E+02     2.000     6   6.7957
     3515     0.00000     0.1619E+02     2.000     6   6.7979
     3517     0.00000     0.1035E+02     2.000     6   6.7982
     3518     0.00000     0.1190E+02     2.000     6   6.7991
     3519     0.00000     0.2807E+01     2.000     6   6.7990
     3520     0.00000     0.6565E+01     2.000     7   6.7986
     3521     0.00000     0.1072E+02     2.000     6   6.8001
     3522     0.00000     0.6174E+01     2.000     7   6.8000
     3523     0.00000     0.8045E+01     2.000     7   6.8004
     3524     0.00000     0.5580E+01     2.000     6   6.8008
     3525     0.00000     0.1107E+02     2.000     6   6.8007
     3526     0.00000     0.2373E+02     2.000     7   6.8016
     3527     0.00000     0.7084E+01     2.000     6   6.8015
     3528     0.00000     0.1340E+02     2.000     7   6.8013
     3530     0.00000     0.2770E+01     2.000     4   6.8031
     3531     0.00000     0.6173E+01     2.000     6   6.8033
     3532     0.00000     0.4714E+01     2.000     6   6.8038
     3533     0.00000     0.5603E+01     2.000     7   6.8036
     3534     0.00000     0.3929E+01     2.000     6   6.8042
     3535     0.00000     0.3795E+01     2.000     7   6.8045
     3537     0.00000     0.6505E+01     2.000     7   6.8061
     3538     0.00000     0.1947E+02     2.000     7   6.8064
     3539     0.00000     0.6958E+01     2.000     6   6.8072
     3543     0.00000     0.4739E+01     2.000     7   6.8076
     3544     0.00000     0.5094E+02     2.000     7   6.8089
     3545     0.00000     0.5640E+01     2.000     6   6.8092
     3546     0.00000     0.5282E+01     2.000     6   6.8100
     3547     0.00000     0.1167E+02     2.000     7   6.8096
     3549     0.00000     0.3039E+01     2.000     7   6.8107
     3550     0.00000     0.4142E+01     2.000     4   6.8121
     3551     0.00000     0.4124E+01     2.000     6   6.8119
     3552     0.00000     0.3859E+01     2.000     6   6.8119
     3553     0.00000     0.8681E+01     2.000     7   6.8117
     3554     0.00000     0.1037E+02     2.000     7   6.8118
     3555     0.00000     0.1324E+02     2.000     7   6.8118
     3556     0.00000     0.2924E+01     2.000     6   6.8125
     3558     0.00000     0.1039E+02     2.000     7   6.8136
     3560     0.00000     0.3515E+01     2.000     5   6.8143
     3561     0.00000     0.1129E+02     2.000     6   6.8145
     3562     0.00000     0.2739E+01     2.000     5   6.8149
     3563     0.00000     0.8441E+01     2.000     7   6.8149
     3564     0.00000     0.6377E+01     2.000     7   6.8149
     3566     0.00000     0.2588E+02     2.000     7   6.8160
     3567     0.00000     0.3124E+01     2.000     5   6.8160
     3569     0.00000     0.7136E+01     2.000     7   6.8170
     3571     0.00000     0.1275E+02     2.000     6   6.8176
     3572     0.00000     0.2757E+01     2.000     5   6.8188
     3574     0.00000     0.1882E+02     2.000     7   6.8193
     3575     0.00000     0.5255E+01     2.000     5   6.8197
     3576     0.00000     0.3819E+02     2.000     7   6.8198
     3578     0.00000     0.6692E+01     2.000     7   6.8205
     3582     0.00000     0.7709E+01     2.000     7   6.8212
     3583     0.00000     0.1262E+02     2.000     7   6.8211
     3584     0.00000     0.5321E+01     2.000     7   6.8215
     3585     0.00000     0.8510E+01     2.000     7   6.8212
     3586     0.00000     0.1825E+02     2.000     7   6.8215
     3587     0.00000     0.3253E+02     2.000     7   6.8215
     3588     0.00000     0.4154E+01     2.000     5   6.8226
     3589     0.00000     0.2112E+02     2.000     7   6.8226
     3590     0.00000     0.1674E+02     2.000     7   6.8226
     3591     0.00000     0.1442E+02     2.000     7   6.8226
     3592     0.00000     0.1350E+02     2.000     7   6.8226
     3593     0.00000     0.8748E+01     2.000     6   6.8226
     3594     0.00000     0.1495E+02     2.000     7   6.8232
     3595     0.00000     0.8521E+01     2.000     6   6.8251
     3596     0.00000     0.4527E+01     2.000     7   6.8251
     3598     0.00000     0.3469E+01     2.000     5   6.8256
     3599     0.00000     0.3879E+01     2.000     7   6.8256
     3600     0.00000     0.4651E+01     2.000     7   6.8259
     3601     0.00000     0.7455E+01     2.000     7   6.8259
     3602     0.00000     0.5164E+01     2.000     7   6.8260
     3603     0.00000     0.1281E+02     2.000     7   6.8262
     3604     0.00000     0.1605E+02     1.000     6   6.8268
     3605     0.00000     0.3149E+01     2.000     7   6.8276
     3606     0.00000     0.4041E+01     2.000     7   6.8276
     3608     0.00000     0.1611E+02     2.000     7   6.8282
     3609     0.00000     0.8588E+01     2.000     7   6.8287
     3610     0.00000     0.6383E+01     2.000     7   6.8287
     3611     0.00000     0.1791E+02     2.000     7   6.8287
     3612     0.00000     0.1145E+02     2.000     7   6.8303
     3613     0.00000     0.2753E+02     2.000     7   6.8303
     3614     0.00000     0.1114E+02     2.000     7   6.8313
     3615     0.00000     0.5636E+01     2.000     7   6.8314
     3616     0.00000     0.6396E+01     2.000     5   6.8317
     3617     0.00000     0.3485E+01     2.000     5   6.8329
     3618     0.00000     0.3583E+01     2.000     5   6.8329
     3619     0.00000     0.1036E+02     2.000     7   6.8328
     3620     0.00000     0.9461E+01     2.000     7   6.8333
     3621     0.00000     0.6918E+01     2.000     7   6.8334
     3622     0.00000     0.5522E+01     2.000     5   6.8341
     3623     0.00000     0.3367E+02     2.000     7   6.8341
     3624     0.00000     0.1813E+02     2.000     7   6.8337
     3625     0.00000     0.4008E+01     2.000     6   6.8343
     3628     0.00000     0.2762E+01     2.000     7   6.8344
     3629     0.00000     0.4685E+01     2.000     7   6.8352
     3630     0.00000     0.6573E+01     2.000     5   6.8353
     3631     0.00000     0.1254E+02     2.000     6   6.8356
     3633     0.00000     0.9535E+01     2.000     6   6.8363
     3634     0.00000     0.3174E+01     2.000     7   6.8365
     3635     0.00000     0.1516E+02     2.000     6   6.8368
     3638     0.00000     0.4206E+01     2.000     7   6.8371
     3639     0.00000     0.1156E+02     2.000     7   6.8370
     3640     0.00000     0.1420E+02     2.000     7   6.8370
     3641     0.00000     0.3158E+01     2.000     5   6.8377
     3642     0.00000     0.3172E+01     2.000     7   6.8381
     3643     0.00000     0.8957E+01     2.000     7   6.8381
     3644     0.00000     0.1775E+02     2.000     7   6.8384
     3645     0.00000     0.3016E+01     2.000     4   6.8394
     3646     0.00000     0.2754E+01     2.000     7   6.8397
     3647     0.00000     0.4896E+01     2.000     5   6.8395
     3648     0.00000     0.2701E+01     2.000     7   6.8398
     3649     0.00000     0.4566E+01     2.000     6   6.8402
     3650     0.00000     0.8351E+01     2.000     7   6.8404
     3651     0.00000     0.3016E+01     2.000     7   6.8401
     3652     0.00000     0.4828E+01     2.000     5   6.8409
     3653     0.00000     0.9615E+01     2.000     7   6.8408
     3654     0.00000     0.1000E+02     2.000     7   6.8408
     3655     0.00000     0.3433E+01     2.000     7   6.8414
     3656     0.00000     0.1385E+02     2.000     7   6.8424
     3657     0.00000     0.1962E+02     2.000     7   6.8424
     3658     0.00000     0.1194E+02     2.000     7   6.8423
     3659     0.00000     0.4435E+01     2.000     6   6.8446
     3660     0.00000     0.3022E+01     2.000     7   6.8443
     3661     0.00000     0.4444E+01     2.000     6   6.8451
     3662     0.00000     0.3331E+02     2.000     7   6.8447
     3663     0.00000     0.1472E+02     2.000     7   6.8447
     3664     0.00000     0.1147E+02     2.000     7   6.8447
     3665     0.00000     0.1221E+02     2.000     7   6.8447
     3666     0.00000     0.5802E+01     2.000     7   6.8447
     3668     0.00000     0.4605E+01     2.000     7   6.8455
     3669     0.00000     0.1483E+02     1.000     6   6.8459
     3670     0.00000     0.1260E+02     2.000     7   6.8464
     3671     0.00000     0.1521E+02     2.000     7   6.8462
     3672     0.00000     0.4821E+01     2.000     7   6.8465
     3673     0.00000     0.8312E+01     2.000     7   6.8471
     3674     0.00000     0.4672E+01     2.000     5   6.8478
     3678     0.00000     0.9412E+01     2.000     6   6.8492
     3679     0.00000     0.3355E+01     2.000     6   6.8495
     3680     0.00000     0.4172E+01     2.000     4   6.8502
     3682     0.00000     0.4070E+01     2.000     7   6.8503
     3683     0.00000     0.2160E+02     2.000     7   6.8507
     3685     0.00000     0.4442E+01     1.000     6   6.8512
     3686     0.00000     0.1004E+02     2.000     6   6.8511
     3687     0.00000     0.3044E+02     2.000     7   6.8511
     3688     0.00000     0.1430E+02     2.000     7   6.8511
     3689     0.00000     0.1066E+02     2.000     7   6.8511
     3691     0.00000     0.1194E+02     2.000     7   6.8511
     3694     0.00000     0.1011E+02     2.000     6   6.8528
     3695     0.00000     0.5378E+01     2.000     7   6.8529
     3696     0.00000     0.1758E+02     2.000     7   6.8524
     3697     0.00000     0.9230E+01     2.000     7   6.8524
     3701     0.00000     0.4634E+01     2.000     7   6.8541
     3702     0.00000     0.1053E+02     2.000     7   6.8546
     3703     0.00000     0.1086E+02     2.000     7   6.8546
     3706     0.00000     0.1551E+02     2.000     7   6.8558
     3707     0.00000     0.5671E+01     2.000     7   6.8561
     3708     0.00000     0.1031E+02     2.000     7   6.8567
     3709     0.00000     0.6020E+01     2.000     6   6.8573
     3710     0.00000     0.6603E+01     2.000     6   6.8580
     3711     0.00000     0.2836E+01     2.000     5   6.8586
     3713     0.00000     0.7571E+01     2.000     7   6.8586
     3714     0.00000     0.5425E+01     2.000     7   6.8586
     3715     0.00000     0.3474E+01     2.000     5   6.8592
     3716     0.00000     0.3589E+01     2.000     6   6.8596
     3717     0.00000     0.1248E+02     2.000     6   6.8598
     3718     0.00000     0.1133E+02     2.000     7   6.8604
     3720     0.00000     0.5525E+01     2.000     7   6.8614
     3721     0.00000     0.6030E+01     2.000     6   6.8621
     3722     0.00000     0.6641E+01     2.000     6   6.8621
     3723     0.00000     0.4007E+01     2.000     7   6.8619
     3724     0.00000     0.1427E+02     2.000     7   6.8628
     3725     0.00000     0.1325E+02     2.000     7   6.8628
     3726     0.00000     0.7391E+01     2.000     5   6.8631
     3727     0.00000     0.8578E+01     2.000     5   6.8630
     3728     0.00000     0.2721E+01     2.000     6   6.8630
     3729     0.00000     0.3046E+01     2.000     7   6.8632
     3730     0.00000     0.1733E+02     2.000     7   6.8631
     3731     0.00000     0.3203E+01     2.000     7   6.8643
     3732     0.00000     0.1709E+02     2.000     6   6.8646
     3733     0.00000     0.2001E+02     2.000     7   6.8643
     3734     0.00000     0.3943E+01     2.000     6   6.8650
     3736     0.00000     0.4715E+01     2.000     7   6.8654
     3739     0.00000     0.6220E+01     2.000     6   6.8667
     3740     0.00000     0.3319E+01     2.000     7   6.8670
     3741     0.00000     0.6890E+01     2.000     7   6.8673
     3742     0.00000     0.2942E+01     2.000     7   6.8670
     3743     0.00000     0.1115E+02     2.000     7   6.8672
     3744     0.00000     0.3249E+01     2.000     5   6.8675
     3745     0.00000     0.1074E+02     2.000     6   6.8675
     3746     0.00000     0.1034E+02     2.000     7   6.8676
     3747     0.00000     0.1069E+02     2.000     7   6.8676
     3748     0.00000     0.1385E+02     2.000     7   6.8676
     3749     0.00000     0.3752E+01     2.000     6   6.8683
     3750     0.00000     0.1051E+02     2.000     6   6.8681
     3751     0.00000     0.1243E+02     2.000     6   6.8681
     3752     0.00000     0.5121E+02     2.000     7   6.8681
     3754     0.00000     0.2762E+01     2.000     7   6.8693
     3755     0.00000     0.5692E+01     2.000     5   6.8697
     3756     0.00000     0.4122E+01     2.000     6   6.8695
     3757     0.00000     0.1884E+02     2.000     7   6.8697
     3758     0.00000     0.7618E+01     2.000     7   6.8697
     3759     0.00000     0.5145E+02     2.000     7   6.8696
     3760     0.00000     0.3551E+01     2.000     7   6.8697
     3761     0.00000     0.8113E+01     2.000     6   6.8704
     3762     0.00000     0.6562E+01     2.000     6   6.8701
     3763     0.00000     0.1876E+02     2.000     7   6.8701
     3765     0.00000     0.8875E+01     2.000     6   6.8720
     3767     0.00000     0.6491E+01     2.000     6   6.8721
     3768     0.00000     0.9777E+01     2.000     6   6.8728
     3769     0.00000     0.2934E+01     2.000     6   6.8728
     3770     0.00000     0.4366E+01     2.000     6   6.8731
     3771     0.00000     0.3346E+01     2.000     6   6.8731
     3772     0.00000     0.2608E+02     2.000     7   6.8731
     3773     0.00000     0.1413E+02     2.000     6   6.8738
     3774     0.00000     0.1547E+02     2.000     6   6.8743
     3775     0.00000     0.5759E+01     2.000     6   6.8746
     3776     0.00000     0.7779E+01     2.000     7   6.8747
     3777     0.00000     0.3597E+02     2.000     7   6.8753
     3778     0.00000     0.5034E+01     2.000     7   6.8760
     3780     0.00000     0.2063E+02     2.000     7   6.8756
     3781     0.00000     0.1492E+02     2.000     6   6.8764
     3783     0.00000     0.4917E+01     2.000     7   6.8768
     3784     0.00000     0.3969E+01     2.000     7   6.8772
     3785     0.00000     0.5377E+01     2.000     7   6.8775
     3786     0.00000     0.1432E+02     2.000     7   6.8773
     3787     0.00000     0.2150E+02     2.000     7   6.8773
     3788     0.00000     0.1272E+02     2.000     7   6.8773
     3789     0.00000     0.1157E+02     2.000     7   6.8773
     3790     0.00000     0.3472E+01     2.000     5   6.8783
     3791     0.00000     0.3714E+01     2.000     7   6.8792
     3793     0.00000     0.3459E+01     2.000     6   6.8792
     3794     0.00000     0.6607E+01     1.000     6   6.8797
     3795     0.00000     0.2453E+02     2.000     7   6.8797
     3796     0.00000     0.7962E+01     2.000     6   6.8802
     3797     0.00000     0.1620E+02     2.000     7   6.8798
     3798     0.00000     0.4728E+01     2.000     7   6.8807
     3799     0.00000     0.5948E+01     2.000     6   6.8809
     3800     0.00000     0.9067E+01     2.000     6   6.8813
     3801     0.00000     0.1362E+02     2.000     7   6.8810
     3802     0.00000     0.5377E+01     2.000     4   6.8815
     3803     0.00000     0.4251E+01     2.000     6   6.8824
     3804     0.00000     0.1250E+02     2.000     6   6.8825
     3805     0.00000     0.2819E+01     2.000     5   6.8836
     3806     0.00000     0.3313E+01     2.000     6   6.8838
     3807     0.00000     0.5983E+01     2.000     7   6.8836
     3809     0.00000     0.9805E+01     2.000     7   6.8844
     3810     0.00000     0.1148E+02     2.000     7   6.8844
     3811     0.00000     0.5404E+01     1.000     6   6.8850
     3814     0.00000     0.1082E+02     2.000     6   6.8855
     3815     0.00000     0.3143E+01     2.000     7   6.8861
     3818     0.00000     0.6875E+01     2.000     7   6.8862
     3819     0.00000     0.4033E+01     2.000     7   6.8866
     3820     0.00000     0.5257E+01     2.000     7   6.8869
     3821     0.00000     0.9280E+01     2.000     7   6.8869
     3822     0.00000     0.2572E+02     2.000     7   6.8870
     3823     0.00000     0.1010E+02     2.000     7   6.8872
     3825     0.00000     0.1212E+02     2.000     7   6.8880
     3826     0.00000     0.6549E+01     2.000     6   6.8888
     3827     0.00000     0.8599E+01     2.000     7   6.8885
     3828     0.00000     0.8345E+01     2.000     7   6.8885
     3829     0.00000     0.3046E+01     2.000     7   6.8894
     3830     0.00000     0.1259E+02     2.000     7   6.8894
     3831     0.00000     0.2765E+02     2.000     7   6.8894
     3832     0.00000     0.6465E+01     2.000     6   6.8900
     3833     0.00000     0.6947E+01     2.000     7   6.8897
     3834     0.00000     0.3085E+02     2.000     7   6.8900
     3835     0.00000     0.8664E+01     2.000     7   6.8900
     3836     0.00000     0.7570E+01     2.000     6   6.8904
     3837     0.00000     0.1159E+02     2.000     7   6.8904
     3838     0.00000     0.2866E+02     2.000     7   6.8902
     3839     0.00000     0.4717E+01     2.000     7   6.8902
     3840     0.00000     0.2220E+02     2.000     7   6.8912
     3841     0.00000     0.4144E+01     2.000     6   6.8918
     3842     0.00000     0.6365E+01     2.000     7   6.8920
     3843     0.00000     0.6608E+01     2.000     6   6.8924
     3844     0.00000     0.5515E+01     2.000     6   6.8924
     3845     0.00000     0.3404E+01     2.000     5   6.8931
     3846     0.00000     0.2094E+02     2.000     7   6.8934
     3847     0.00000     0.4546E+01     2.000     6   6.8940
     3848     0.00000     0.3101E+01     2.000     7   6.8939
     3849     0.00000     0.1459E+02     2.000     7   6.8945
     3850     0.00000     0.7173E+01     2.000     5   6.8950
     3851     0.00000     0.6005E+01     2.000     6   6.8949
     3852     0.00000     0.6137E+01     2.000     7   6.8949
     3854     0.00000     0.3138E+01     2.000     7   6.8955
     3855     0.00000     0.9225E+01     2.000     6   6.8960
     3857     0.00000     0.8997E+01     2.000     6   6.8974
     3858     0.00000     0.2820E+02     2.000     7   6.8977
     3859     0.00000     0.4194E+01     2.000     7   6.8979
     3860     0.00000     0.2599E+02     2.000     7   6.8981
     3861     0.00000     0.2855E+01     2.000     7   6.8988
     3863     0.00000     0.4277E+01     2.000     7   6.8998
     3864     0.00000     0.6197E+01     2.000     7   6.9007
     3865     0.00000     0.9716E+01     2.000     7   6.9007
     3866     0.00000     0.1167E+02     2.000     7   6.9007
     3867     0.00000     0.7427E+01     2.000     5   6.9010
     3868     0.00000     0.1137E+02     2.000     7   6.9013
     3869     0.00000     0.2921E+01     2.000     4   6.9017
     3870     0.00000     0.4492E+01     2.000     6   6.9019
     3871     0.00000     0.1798E+02     2.000     7   6.9028
     3872     0.00000     0.2990E+01     2.000     7   6.9025
     3873     0.00000     0.1021E+02     2.000     7   6.9029
     3877     0.00000     0.8647E+01     2.000     6   6.9037
     3878     0.00000     0.5042E+01     2.000     7   6.9048
     3879     0.00000     0.1714E+02     2.000     7   6.9049
     3880     0.00000     0.1747E+02     2.000     7   6.9052
     3881     0.00000     0.8157E+01     2.000     7   6.9055
     3882     0.00000     0.6199E+01     2.000     7   6.9056
     3884     0.00000     0.4222E+01     2.000     7   6.9067
     3885     0.00000     0.7902E+02     2.000     7   6.9072
     3886     0.00000     0.2779E+01     2.000     7   6.9072
     3887     0.00000     0.1697E+02     2.000     6   6.9077
     3888     0.00000     0.5809E+01     2.000     7   6.9083
     3889     0.00000     0.2626E+02     2.000     7   6.9088
     3890     0.00000     0.4162E+01     2.000     7   6.9105
     3891     0.00000     0.6202E+01     2.000     7   6.9105
     3892     0.00000     0.4956E+01     2.000     7   6.9105
     3893     0.00000     0.3134E+01     2.000     7   6.9121
     3894     0.00000     0.4629E+01     2.000     6   6.9126
     3895     0.00000     0.1751E+02     2.000     7   6.9126
     3896     0.00000     0.8256E+01     2.000     7   6.9126
     3897     0.00000     0.7357E+01     2.000     5   6.9139
     3898     0.00000     0.1641E+02     2.000     7   6.9137
     3899     0.00000     0.9492E+01     2.000     7   6.9144
     3900     0.00000     0.3467E+01     2.000     5   6.9146
     3901     0.00000     0.4802E+01     2.000     5   6.9146
     3902     0.00000     0.3237E+01     2.000     7   6.9146
     3903     0.00000     0.3057E+01     2.000     7   6.9149
     3904     0.00000     0.8652E+01     2.000     7   6.9153
     3905     0.00000     0.7074E+01     2.000     7   6.9155
     3906     0.00000     0.6033E+01     2.000     6   6.9155
     3908     0.00000     0.6335E+01     2.000     6   6.9170
     3909     0.00000     0.2959E+01     2.000     7   6.9174
     3910     0.00000     0.3461E+01     2.000     4   6.9176
     3911     0.00000     0.1617E+02     2.000     7   6.9188
     3912     0.00000     0.4730E+01     2.000     7   6.9187
     3913     0.00000     0.3458E+01     2.000     7   6.9197
     3914     0.00000     0.6644E+01     2.000     7   6.9201
     3915     0.00000     0.3179E+01     2.000     6   6.9204
     3916     0.00000     0.3563E+01     2.000     5   6.9222
     3917     0.00000     0.3119E+01     2.000     7   6.9219
     3918     0.00000     0.4357E+01     2.000     6   6.9222
     3919     0.00000     0.2685E+01     2.000     7   6.9227
     3920     0.00000     0.4737E+01     2.000     7   6.9225
     3921     0.00000     0.2789E+02     2.000     7   6.9230
     3922     0.00000     0.4898E+01     2.000     7   6.9230
     3923     0.00000     0.3874E+01     2.000     5   6.9233
     3924     0.00000     0.1471E+02     2.000     7   6.9235
     3925     0.00000     0.3035E+01     2.000     6   6.9243
     3926     0.00000     0.4809E+01     2.000     6   6.9239
     3927     0.00000     0.2707E+01     2.000     6   6.9240
     3928     0.00000     0.3710E+01     2.000     7   6.9240
     3930     0.00000     0.6689E+01     2.000     7   6.9251
     3931     0.00000     0.2064E+02     2.000     7   6.9259
     3932     0.00000     0.9126E+01     2.000     5   6.9262
     3933     0.00000     0.1123E+02     2.000     6   6.9274
     3934     0.00000     0.1068E+02     2.000     6   6.9274
     3936     0.00000     0.4138E+01     2.000     7   6.9274
     3937     0.00000     0.4340E+01     2.000     6   6.9285
     3938     0.00000     0.7028E+01     2.000     6   6.9285
     3940     0.00000     0.3365E+01     2.000     6   6.9298
     3941     0.00000     0.2491E+02     2.000     7   6.9296
     3942     0.00000     0.1662E+02     2.000     7   6.9298
     3943     0.00000     0.8086E+01     2.000     6   6.9304
     3944     0.00000     0.4610E+01     2.000     7   6.9314
     3945     0.00000     0.3373E+01     2.000     6   6.9324
     3946     0.00000     0.4412E+01     2.000     7   6.9325
     3947     0.00000     0.8797E+01     2.000     7   6.9321
     3949     0.00000     0.1055E+02     2.000     7   6.9324
     3950     0.00000     0.1056E+02     2.000     7   6.9331
     3953     0.00000     0.1064E+02     2.000     6   6.9334
     3954     0.00000     0.8219E+01     2.000     6   6.9341
     3955     0.00000     0.1493E+02     1.000     6   6.9337
     3956     0.00000     0.6421E+01     2.000     7   6.9337
     3957     0.00000     0.4596E+01     2.000     6   6.9341
     3958     0.00000     0.5499E+01     2.000     6   6.9344
     3959     0.00000     0.3721E+01     2.000     6   6.9343
     3961     0.00000     0.5669E+01     2.000     7   6.9349
     3963     0.00000     0.4431E+01     2.000     6   6.9358
     3964     0.00000     0.4218E+01     2.000     5   6.9363
     3965     0.00000     0.4692E+01     2.000     6   6.9362
     3966     0.00000     0.5517E+01     2.000     7   6.9363
     3967     0.00000     0.7829E+01     2.000     6   6.9368
     3968     0.00000     0.3632E+01     2.000     7   6.9371
     3969     0.00000     0.3912E+01     2.000     6   6.9375
     3970     0.00000     0.4338E+01     2.000     6   6.9379
     3971     0.00000     0.4419E+01     2.000     7   6.9378
     3972     0.00000     0.6906E+01     2.000     6   6.9394
     3973     0.00000     0.8418E+01     2.000     7   6.9397
     3974     0.00000     0.2858E+02     2.000     7   6.9402
     3976     0.00000     0.4346E+01     2.000     6   6.9407
     3977     0.00000     0.3193E+01     2.000     6   6.9412
     3978     0.00000     0.4430E+01     2.000     7   6.9409
     3981     0.00000     0.5581E+01     2.000     6   6.9422
     3982     0.00000     0.1245E+02     2.000     7   6.9420
     3983     0.00000     0.8476E+01     2.000     7   6.9422
     3984     0.00000     0.3753E+01     2.000     7   6.9420
     3985     0.00000     0.5716E+01     2.000     7   6.9430
     3986     0.00000     0.2678E+01     2.000     7   6.9437
     3987     0.00000     0.3958E+01     2.000     7   6.9439
     3988     0.00000     0.7379E+01     2.000     7   6.9443
     3989     0.00000     0.1315E+02     2.000     6   6.9448
     3990     0.00000     0.6279E+01     2.000     6   6.9451
     3991     0.00000     0.1569E+02     2.000     7   6.9450
     3992     0.00000     0.6375E+01     2.000     5   6.9459
     3993     0.00000     0.3385E+01     2.000     6   6.9455
     3995     0.00000     0.6068E+01     2.000     7   6.9459
     3996     0.00000     0.6324E+01     2.000     6   6.9462
     3997     0.00000     0.3081E+02     2.000     7   6.9463
     3998     0.00000     0.3047E+01     2.000     7   6.9468
     4001     0.00000     0.5474E+01     2.000     7   6.9470
     4002     0.00000     0.7258E+01     2.000     7   6.9470
     4003     0.00000     0.6913E+01     2.000     6   6.9477
     4004     0.00000     0.6984E+02     2.000     7   6.9479
     4006     0.00000     0.3658E+01     2.000     6   6.9483
     4008     0.00000     0.5000E+01     2.000     5   6.9486
     4009     0.00000     0.9944E+01     2.000     6   6.9490
     4010     0.00000     0.7121E+01     2.000     6   6.9490
     4011     0.00000     0.4317E+01     2.000     7   6.9494
     4012     0.00000     0.3664E+01     2.000     7   6.9492
     4013     0.00000     0.3720E+01     2.000     7   6.9496
     4014     0.00000     0.1734E+02     2.000     7   6.9496
     4015     0.00000     0.3354E+01     2.000     6   6.9509
     4016     0.00000     0.1018E+02     2.000     7   6.9514
     4017     0.00000     0.4021E+01     2.000     6   6.9519
     4020     0.00000     0.2921E+01     2.000     7   6.9521
     4021     0.00000     0.3567E+01     2.000     6   6.9532
     4022     0.00000     0.1370E+02     2.000     7   6.9534
     4023     0.00000     0.3979E+01     2.000     5   6.9541
     4024     0.00000     0.3889E+01     2.000     6   6.9540
     4025     0.00000     0.5806E+01     2.000     6   6.9540
     4026     0.00000     0.1030E+02     2.000     7   6.9539
     4027     0.00000     0.2720E+01     2.000     6   6.9542
     4029     0.00000     0.8179E+01     2.000     7   6.9544
     4030     0.00000     0.7786E+01     2.000     7   6.9549
     4032     0.00000     0.6407E+01     2.000     6   6.9558
     4033     0.00000     0.7061E+01     2.000     7   6.9569
     4034     0.00000     0.1032E+02     2.000     6   6.9575
     4035     0.00000     0.4445E+01     2.000     6   6.9575
     4036     0.00000     0.1101E+02     2.000     7   6.9573
     4037     0.00000     0.1452E+02     2.000     7   6.9580
     4038     0.00000     0.9325E+01     2.000     7   6.9578
     4039     0.00000     0.1498E+02     2.000     6   6.9586
     4040     0.00000     0.1327E+02     2.000     6   6.9586
     4042     0.00000     0.1136E+02     2.000     7   6.9583
     4043     0.00000     0.4033E+01     2.000     5   6.9591
     4044     0.00000     0.5167E+01     2.000     7   6.9589
     4045     0.00000     0.8532E+01     2.000     6   6.9595
     4046     0.00000     0.7382E+01     2.000     7   6.9594
     4047     0.00000     0.6999E+01     2.000     7   6.9593
     4048     0.00000     0.8097E+01     2.000     6   6.9609
     4049     0.00000     0.2226E+02     2.000     7   6.9610
     4050     0.00000     0.1061E+02     2.000     7   6.9612
     4051     0.00000     0.2142E+02     2.000     7   6.9612
     4052     0.00000     0.1521E+02     2.000     7   6.9618
     4053     0.00000     0.9748E+01     2.000     7   6.9624
     4054     0.00000     0.5824E+01     2.000     6   6.9632
     4055     0.00000     0.5862E+01     2.000     7   6.9632
     4056     0.00000     0.1056E+02     2.000     7   6.9631
     4058     0.00000     0.5410E+01     2.000     6   6.9637
     4059     0.00000     0.1501E+02     2.000     7   6.9636
     4060     0.00000     0.9324E+01     2.000     7   6.9636
     4061     0.00000     0.3033E+01     2.000     7   6.9641
     4062     0.00000     0.4589E+01     2.000     7   6.9642
     4063     0.00000     0.6516E+01     2.000     7   6.9644
     4064     0.00000     0.4077E+01     2.000     7   6.9641
     4065     0.00000     0.7834E+01     2.000     6   6.9649
     4066     0.00000     0.1894E+02     2.000     7   6.9656
     4067     0.00000     0.4805E+02     2.000     7   6.9661
     4068     0.00000     0.3338E+01     2.000     7   6.9664
     4069     0.00000     0.6756E+01     2.000     7   6.9664
     4070     0.00000     0.1059E+02     2.000     7   6.9668
     4071     0.00000     0.3176E+01     2.000     5   6.9673
     4072     0.00000     0.1071E+02     2.000     7   6.9671
     4073     0.00000     0.3473E+01     2.000     5   6.9682
     4074     0.00000     0.5403E+01     2.000     6   6.9681
     4075     0.00000     0.1160E+02     2.000     6   6.9689
     4076     0.00000     0.8512E+01     2.000     7   6.9686
     4077     0.00000     0.3308E+01     2.000     5   6.9692
     4078     0.00000     0.4459E+01     2.000     7   6.9695
     4079     0.00000     0.1660E+02     2.000     7   6.9695
     4080     0.00000     0.5452E+01     2.000     6   6.9697
     4081     0.00000     0.8296E+01     2.000     7   6.9703
     4082     0.00000     0.1113E+02     2.000     7   6.9702
     4084     0.00000     0.4860E+01     2.000     7   6.9711
     4085     0.00000     0.9098E+01     2.000     7   6.9711
     4087     0.00000     0.1590E+02     2.000     6   6.9717
     4088     0.00000     0.5570E+01     2.000     7   6.9720
     4089     0.00000     0.7333E+01     2.000     7   6.9721
     4090     0.00000     0.2004E+02     2.000     7   6.9726
     4091     0.00000     0.6926E+01     2.000     7   6.9722
     4092     0.00000     0.1410E+02     2.000     7   6.9726
     4094     0.00000     0.6727E+01     2.000     7   6.9729
     4095     0.00000     0.1956E+02     2.000     7   6.9727
     4096     0.00000     0.1249E+02     2.000     7   6.9727
     4098     0.00000     0.6094E+01     2.000     6   6.9736
     4099     0.00000     0.3749E+02     2.000     7   6.9732
     4100     0.00000     0.5899E+01     2.000     7   6.9741
     4101     0.00000     0.2687E+02     2.000     7   6.9739
     4102     0.00000     0.1292E+02     2.000     7   6.9739
     4103     0.00000     0.1113E+02     2.000     7   6.9739
     4104     0.00000     0.1054E+02     2.000     7   6.9739
     4105     0.00000     0.5901E+01     2.000     7   6.9742
     4106     0.00000     0.5310E+01     2.000     5   6.9752
     4107     0.00000     0.1152E+02     2.000     7   6.9757
     4109     0.00000     0.2360E+02     2.000     7   6.9762
     4110     0.00000     0.1226E+02     2.000     6   6.9767
     4111     0.00000     0.7617E+01     2.000     7   6.9768
     4112     0.00000     0.9334E+01     2.000     6   6.9783
     4113     0.00000     0.3975E+01     2.000     7   6.9779
     4114     0.00000     0.3415E+01     2.000     7   6.9792
     4115     0.00000     0.1236E+02     2.000     7   6.9795
     4116     0.00000     0.4034E+01     2.000     7   6.9795
     4118     0.00000     0.1146E+02     2.000     5   6.9813
     4119     0.00000     0.8714E+01     2.000     6   6.9810
     4120     0.00000     0.8490E+01     2.000     6   6.9810
     4121     0.00000     0.1754E+02     2.000     7   6.9811
     4122     0.00000     0.3460E+01     2.000     7   6.9813
     4123     0.00000     0.2788E+02     2.000     7   6.9816
     4124     0.00000     0.1017E+02     2.000     7   6.9820
     4125     0.00000     0.5248E+01     2.000     6   6.9823
     4126     0.00000     0.3739E+01     2.000     6   6.9834
     4127     0.00000     0.1750E+02     2.000     7   6.9832
     4128     0.00000     0.1243E+02     2.000     7   6.9838
     4129     0.00000     0.8647E+01     2.000     7   6.9843
     4130     0.00000     0.1732E+02     2.000     7   6.9841
     4131     0.00000     0.2852E+01     2.000     7   6.9843
     4132     0.00000     0.1572E+02     2.000     7   6.9846
     4133     0.00000     0.3802E+01     2.000     7   6.9850
     4134     0.00000     0.1326E+02     1.000     6   6.9854
     4135     0.00000     0.4513E+01     2.000     7   6.9854
     4136     0.00000     0.4669E+01     2.000     5   6.9859
     4137     0.00000     0.6691E+01     2.000     7   6.9858
     4138     0.00000     0.5875E+01     2.000     6   6.9865
     4139     0.00000     0.1575E+02     2.000     7   6.9862
     4140     0.00000     0.3079E+01     2.000     5   6.9868
     4141     0.00000     0.3028E+01     2.000     7   6.9868
     4142     0.00000     0.2780E+02     2.000     7   6.9876
     4143     0.00000     0.5579E+01     2.000     7   6.9876
     4144     0.00000     0.4003E+01     2.000     7   6.9875
     4145     0.00000     0.6998E+01     2.000     7   6.9879
     4146     0.00000     0.1079E+02     2.000     6   6.9885
     4147     0.00000     0.6241E+01     2.000     7   6.9883
     4148     0.00000     0.8501E+01     2.000     5   6.9891
     4149     0.00000     0.7679E+01     2.000     6   6.9889
     4150     0.00000     0.1086E+02     2.000     7   6.9889
     4151     0.00000     0.3949E+01     2.000     6   6.9899
     4152     0.00000     0.8697E+01     2.000     6   6.9900
     4153     0.00000     0.1437E+02     2.000     6   6.9910
     4155     0.00000     0.2330E+02     2.000     7   6.9911
     4156     0.00000     0.9654E+01     2.000     6   6.9915
     4157     0.00000     0.6564E+01     2.000     7   6.9920
     4159     0.00000     0.4440E+01     2.000     7   6.9928
     4160     0.00000     0.8140E+01     2.000     7   6.9926
     4161     0.00000     0.5656E+01     2.000     6   6.9929
     4162     0.00000     0.1512E+02     2.000     7   6.9933
     4163     0.00000     0.4094E+01     2.000     7   6.9930
     4164     0.00000     0.9776E+01     2.000     7   6.9933
     4165     0.00000     0.8706E+01     2.000     7   6.9937
     4166     0.00000     0.1024E+02     2.000     6   6.9948
     4167     0.00000     0.2784E+01     2.000     6   6.9944
     4168     0.00000     0.5833E+01     2.000     5   6.9950
     4169     0.00000     0.3110E+01     2.000     7   6.9951
     4170     0.00000     0.3727E+01     2.000     7   6.9951
     4171     0.00000     0.3638E+01     2.000     7   6.9955
     4172     0.00000     0.8177E+01     2.000     7   6.9957
     4173     0.00000     0.4230E+01     2.000     7   6.9962
     4174     0.00000     0.9712E+01     2.000     7   6.9961
     4175     0.00000     0.6383E+01     2.000     7   6.9964
     4176     0.00000     0.2836E+01     2.000     5   6.9973
     4177     0.00000     0.3732E+01     2.000     6   6.9972
     4178     0.00000     0.1479E+02     2.000     7   6.9972
     4179     0.00000     0.1404E+02     2.000     7   6.9975
     4180     0.00000     0.4256E+01     2.000     6   6.9980
     4181     0.00000     0.4270E+01     2.000     7   6.9980
     4183     0.00000     0.7129E+01     2.000     6   6.9988
     4184     0.00000     0.1447E+02     2.000     7   6.9990
     4185     0.00000     0.4060E+01     2.000     7   6.9995
     4186     0.00000     0.7812E+01     2.000     7   7.0001
     4187     0.00000     0.2436E+02     2.000     7   6.9997
     4188     0.00000     0.4580E+02     2.000     7   7.0005
     4189     0.00000     0.1029E+02     2.000     7   7.0005
     4190     0.00000     0.3438E+01     2.000     7   7.0002
     4191     0.00000     0.6144E+01     2.000     6   7.0007
     4192     0.00000     0.1754E+02     2.000     6   7.0008
     4193     0.00000     0.8347E+01     2.000     7   7.0007
     4194     0.00000     0.2100E+02     2.000     7   7.0013
     4195     0.00000     0.7974E+01     2.000     7   7.0013
     4197     0.00000     0.9638E+01     2.000     7   7.0022
     4199     0.00000     0.5620E+01     2.000     7   7.0021
     4200     0.00000     0.2836E+01     2.000     6   7.0030
     4201     0.00000     0.8282E+01     2.000     6   7.0034
     4202     0.00000     0.2120E+02     2.000     7   7.0034
     4203     0.00000     0.6185E+01     2.000     7   7.0031
     4204     0.00000     0.5291E+01     2.000     7   7.0035
     4205     0.00000     0.4403E+01     2.000     7   7.0033
     4206     0.00000     0.3705E+01     2.000     5   7.0037
     4207     0.00000     0.1489E+02     2.000     7   7.0040
     4208     0.00000     0.6918E+01     2.000     7   7.0045
     4209     0.00000     0.5990E+01     2.000     7   7.0044
     4210     0.00000     0.1229E+02     2.000     7   7.0052
     4213     0.00000     0.6293E+01     2.000     7   7.0055
     4214     0.00000     0.1082E+02     2.000     5   7.0066
     4215     0.00000     0.4841E+01     2.000     6   7.0063
     4216     0.00000     0.4833E+01     2.000     6   7.0063
     4217     0.00000     0.1353E+02     2.000     7   7.0063
     4218     0.00000     0.8474E+01     2.000     7   7.0066
     4219     0.00000     0.2343E+02     2.000     7   7.0076
     4220     0.00000     0.5557E+01     2.000     6   7.0081
     4221     0.00000     0.1317E+02     2.000     6   7.0086
     4222     0.00000     0.1204E+02     2.000     7   7.0089
     4223     0.00000     0.3487E+01     2.000     7   7.0093
     4224     0.00000     0.1666E+02     2.000     7   7.0089
     4226     0.00000     0.7744E+01     2.000     7   7.0095
     4228     0.00000     0.6514E+01     2.000     7   7.0103
     4229     0.00000     0.2205E+02     2.000     7   7.0105
     4231     0.00000     0.4087E+01     2.000     7   7.0106
     4232     0.00000     0.7251E+01     2.000     7   7.0112
     4234     0.00000     0.4178E+01     2.000     7   7.0110
     4235     0.00000     0.7206E+01     2.000     6   7.0122
     4236     0.00000     0.3277E+01     2.000     7   7.0119
     4237     0.00000     0.6337E+01     2.000     6   7.0125
     4238     0.00000     0.1183E+02     2.000     7   7.0127
     4239     0.00000     0.2735E+02     2.000     7   7.0127
     4240     0.00000     0.1039E+02     2.000     7   7.0127
     4241     0.00000     0.2700E+01     2.000     7   7.0131
     4242     0.00000     0.4991E+01     2.000     7   7.0135
     4243     0.00000     0.1575E+02     2.000     7   7.0134
     4244     0.00000     0.4746E+01     2.000     7   7.0137
     4245     0.00000     0.1013E+02     2.000     6   7.0137
     4246     0.00000     0.1015E+02     2.000     7   7.0141
     4247     0.00000     0.3032E+01     2.000     7   7.0137
     4248     0.00000     0.6989E+01     2.000     7   7.0137
     4249     0.00000     0.6130E+01     2.000     7   7.0137
     4250     0.00000     0.1249E+02     2.000     7   7.0142
     4251     0.00000     0.2682E+01     2.000     7   7.0144
     4252     0.00000     0.5091E+01     2.000     6   7.0150
     4253     0.00000     0.7350E+01     2.000     7   7.0151
     4254     0.00000     0.8136E+01     2.000     7   7.0151
     4255     0.00000     0.8308E+01     2.000     7   7.0154
     4256     0.00000     0.9959E+01     2.000     7   7.0154
     4257     0.00000     0.2431E+02     2.000     7   7.0152
     4258     0.00000     0.8095E+01     2.000     7   7.0158
     4260     0.00000     0.3124E+01     2.000     6   7.0163
     4262     0.00000     0.4933E+01     2.000     7   7.0181
     4263     0.00000     0.5603E+01     2.000     6   7.0185
     4264     0.00000     0.2991E+01     2.000     7   7.0182
     4265     0.00000     0.6489E+01     2.000     7   7.0188
     4266     0.00000     0.1006E+02     2.000     7   7.0193
     4267     0.00000     0.1469E+02     2.000     7   7.0200
     4268     0.00000     0.1821E+02     2.000     7   7.0209
     4271     0.00000     0.2901E+02     2.000     7   7.0225
     4272     0.00000     0.2970E+01     2.000     7   7.0226
     4273     0.00000     0.1057E+02     2.000     6   7.0229
     4274     0.00000     0.5759E+01     2.000     6   7.0232
     4276     0.00000     0.1096E+02     2.000     6   7.0244
     4278     0.00000     0.9349E+01     2.000     7   7.0249
     4279     0.00000     0.2909E+02     2.000     7   7.0249
     4280     0.00000     0.1184E+02     2.000     6   7.0261
     4281     0.00000     0.1579E+02     2.000     6   7.0261
     4282     0.00000     0.2165E+02     2.000     6   7.0261
     4283     0.00000     0.5044E+01     2.000     7   7.0259
     4286     0.00000     0.4903E+01     2.000     6   7.0276
     4287     0.00000     0.8141E+01     2.000     6   7.0276
     4288     0.00000     0.1152E+02     2.000     7   7.0274
     4289     0.00000     0.7297E+01     2.000     7   7.0288
     4290     0.00000     0.6279E+01     2.000     6   7.0287
     4291     0.00000     0.1589E+02     2.000     7   7.0291
     4292     0.00000     0.1473E+02     2.000     7   7.0302
     4293     0.00000     0.9385E+01     2.000     7   7.0301
     4294     0.00000     0.8830E+01     2.000     7   7.0312
     4295     0.00000     0.1427E+02     2.000     7   7.0312
     4296     0.00000     0.5706E+01     2.000     6   7.0316
     4297     0.00000     0.1507E+02     2.000     7   7.0323
     4298     0.00000     0.8054E+01     2.000     7   7.0325
     4299     0.00000     0.2989E+01     2.000     7   7.0321
     4300     0.00000     0.4329E+01     2.000     6   7.0330
     4301     0.00000     0.5760E+01     2.000     6   7.0329
     4302     0.00000     0.3685E+01     2.000     7   7.0334
     4303     0.00000     0.6933E+02     2.000     7   7.0336
     4304     0.00000     0.6623E+01     2.000     5   7.0340
     4305     0.00000     0.1553E+02     2.000     6   7.0338
     4306     0.00000     0.1040E+02     2.000     7   7.0342
     4307     0.00000     0.3643E+01     2.000     6   7.0350
     4308     0.00000     0.1367E+02     2.000     7   7.0349
     4309     0.00000     0.3414E+02     2.000     7   7.0357
     4310     0.00000     0.9922E+01     2.000     7   7.0358
     4311     0.00000     0.6607E+01     2.000     7   7.0361
     4312     0.00000     0.4366E+01     2.000     6   7.0368
     4313     0.00000     0.8220E+01     2.000     7   7.0370
     4314     0.00000     0.2781E+01     2.000     7   7.0370
     4315     0.00000     0.5325E+01     2.000     5   7.0373
     4316     0.00000     0.4579E+01     2.000     6   7.0373
     4317     0.00000     0.6541E+01     2.000     7   7.0376
     4318     0.00000     0.1621E+02     2.000     7   7.0376
     4319     0.00000     0.8949E+01     2.000     7   7.0377
     4320     0.00000     0.9559E+01     2.000     6   7.0391
     4321     0.00000     0.1577E+02     2.000     6   7.0390
     4322     0.00000     0.4148E+01     2.000     7   7.0411
     4323     0.00000     0.1046E+02     2.000     7   7.0413
     4324     0.00000     0.2359E+02     2.000     7   7.0413
     4325     0.00000     0.4711E+01     2.000     7   7.0413
     4326     0.00000     0.2977E+01     2.000     7   7.0417
     4327     0.00000     0.4004E+01     2.000     7   7.0421
     4328     0.00000     0.1302E+02     2.000     7   7.0427
     4329     0.00000     0.3952E+01     2.000     5   7.0431
     4330     0.00000     0.1132E+02     2.000     7   7.0447
     4331     0.00000     0.3475E+01     2.000     5   7.0456
     4332     0.00000     0.1422E+02     2.000     6   7.0457
     4333     0.00000     0.5399E+01     2.000     6   7.0459
     4334     0.00000     0.8669E+01     2.000     6   7.0461
     4335     0.00000     0.3174E+01     2.000     6   7.0465
     4336     0.00000     0.1499E+02     2.000     6   7.0467
     4337     0.00000     0.2950E+01     2.000     6   7.0474
     4338     0.00000     0.3451E+01     2.000     6   7.0474
     4339     0.00000     0.4799E+01     2.000     7   7.0470
     4341     0.00000     0.7699E+01     2.000     6   7.0484
     4342     0.00000     0.7835E+01     2.000     6   7.0484
     4343     0.00000     0.4038E+01     2.000     7   7.0493
     4344     0.00000     0.2046E+02     2.000     7   7.0491
     4345     0.00000     0.4015E+01     2.000     6   7.0512
     4346     0.00000     0.2401E+02     2.000     6   7.0513
     4347     0.00000     0.2043E+02     2.000     7   7.0510
     4348     0.00000     0.7596E+01     2.000     7   7.0517
     4349     0.00000     0.1592E+02     2.000     7   7.0518
     4350     0.00000     0.4929E+01     2.000     7   7.0517
     4351     0.00000     0.8889E+01     2.000     7   7.0525
     4352     0.00000     0.3116E+01     2.000     7   7.0528
     4353     0.00000     0.3193E+01     2.000     7   7.0532
     4354     0.00000     0.6018E+01     2.000     6   7.0535
     4355     0.00000     0.1050E+02     2.000     6   7.0535
     4356     0.00000     0.9878E+01     2.000     6   7.0535
     4357     0.00000     0.1038E+02     2.000     7   7.0538
     4358     0.00000     0.5996E+01     2.000     7   7.0538
     4359     0.00000     0.4926E+01     2.000     5   7.0543
     4360     0.00000     0.1795E+02     2.000     7   7.0542
     4361     0.00000     0.3010E+01     2.000     6   7.0548
     4362     0.00000     0.1033E+02     2.000     7   7.0548
     4363     0.00000     0.2211E+02     2.000     7   7.0554
     4364     0.00000     0.1940E+02     2.000     7   7.0554
     4366     0.00000     0.8760E+01     2.000     7   7.0559
     4367     0.00000     0.4205E+01     2.000     6   7.0561
     4368     0.00000     0.5757E+01     2.000     6   7.0565
     4372     0.00000     0.5369E+01     2.000     7   7.0569
     4373     0.00000     0.5148E+01     2.000     7   7.0579
     4374     0.00000     0.1797E+02     2.000     7   7.0585
     4375     0.00000     0.3626E+02     2.000     7   7.0585
     4376     0.00000     0.2406E+02     2.000     7   7.0585
     4377     0.00000     0.1209E+02     2.000     6   7.0598
     4379     0.00000     0.3517E+01     2.000     7   7.0603
     4380     0.00000     0.2950E+01     2.000     7   7.0602
     4381     0.00000     0.1546E+02     2.000     7   7.0607
     4382     0.00000     0.1654E+02     2.000     7   7.0612
     4383     0.00000     0.7832E+01     2.000     7   7.0615
     4384     0.00000     0.1939E+02     2.000     7   7.0618
     4386     0.00000     0.3477E+01     2.000     4   7.0623
     4387     0.00000     0.8319E+01     2.000     7   7.0626
     4388     0.00000     0.2081E+02     2.000     7   7.0629
     4389     0.00000     0.3727E+01     2.000     4   7.0632
     4390     0.00000     0.1078E+02     2.000     7   7.0628
     4391     0.00000     0.1047E+02     2.000     7   7.0635
     4392     0.00000     0.9298E+01     2.000     7   7.0633
     4393     0.00000     0.1018E+02     2.000     7   7.0640
     4394     0.00000     0.8195E+01     2.000     7   7.0644
     4395     0.00000     0.5191E+01     2.000     7   7.0652
     4396     0.00000     0.4808E+01     2.000     7   7.0652
     4398     0.00000     0.1351E+02     2.000     7   7.0661
     4400     0.00000     0.1461E+02     2.000     7   7.0662
     4401     0.00000     0.2593E+02     2.000     7   7.0662
     4402     0.00000     0.2345E+02     2.000     7   7.0662
     4404     0.00000     0.1114E+02     2.000     6   7.0663
     4405     0.00000     0.3105E+01     2.000     5   7.0669
     4406     0.00000     0.1854E+02     2.000     7   7.0670
     4407     0.00000     0.9889E+01     2.000     7   7.0676
     4408     0.00000     0.3335E+01     2.000     5   7.0681
     4410     0.00000     0.5834E+01     2.000     6   7.0682
     4411     0.00000     0.5241E+01     2.000     6   7.0681
     4412     0.00000     0.1165E+02     2.000     7   7.0679
     4413     0.00000     0.1504E+02     2.000     7   7.0682
     4414     0.00000     0.1206E+02     2.000     7   7.0679
     4415     0.00000     0.1834E+02     2.000     7   7.0687
     4417     0.00000     0.7329E+01     2.000     7   7.0691
     4418     0.00000     0.7349E+01     2.000     7   7.0692
     4419     0.00000     0.1099E+02     2.000     7   7.0693
     4420     0.00000     0.1077E+02     2.000     7   7.0696
     4422     0.00000     0.9274E+01     2.000     7   7.0703
     4423     0.00000     0.4427E+01     2.000     7   7.0706
     4424     0.00000     0.6240E+01     2.000     7   7.0704
     4425     0.00000     0.1463E+02     2.000     6   7.0710
     4426     0.00000     0.2973E+01     2.000     7   7.0710
     4427     0.00000     0.2380E+02     2.000     7   7.0722
     4429     0.00000     0.7487E+01     2.000     7   7.0727
     4431     0.00000     0.3850E+01     2.000     7   7.0730
     4432     0.00000     0.1253E+02     2.000     7   7.0744
     4433     0.00000     0.1009E+02     2.000     7   7.0743
     4434     0.00000     0.1008E+02     2.000     7   7.0747
     4436     0.00000     0.6168E+01     2.000     7   7.0756
     4437     0.00000     0.8777E+01     2.000     7   7.0759
     4439     0.00000     0.3760E+01     2.000     5   7.0769
     4440     0.00000     0.4088E+01     2.000     6   7.0774
     4441     0.00000     0.7380E+01     2.000     6   7.0772
     4443     0.00000     0.7171E+01     2.000     7   7.0777
     4444     0.00000     0.1282E+02     2.000     6   7.0787
     4445     0.00000     0.4265E+01     1.000     4   7.0795
     4446     0.00000     0.3097E+01     2.000     6   7.0792
     4448     0.00000     0.6961E+01     2.000     7   7.0804
     4449     0.00000     0.3324E+01     2.000     5   7.0806
     4451     0.00000     0.3813E+01     2.000     6   7.0809
     4452     0.00000     0.1386E+02     2.000     7   7.0809
     4453     0.00000     0.1371E+02     2.000     7   7.0809
     4454     0.00000     0.1923E+02     2.000     7   7.0814
     4455     0.00000     0.1507E+02     2.000     7   7.0817
     4457     0.00000     0.2009E+02     2.000     7   7.0829
     4458     0.00000     0.5234E+01     2.000     7   7.0832
     4459     0.00000     0.4223E+02     2.000     7   7.0837
     4460     0.00000     0.3873E+02     2.000     7   7.0837
     4461     0.00000     0.6078E+01     2.000     7   7.0842
     4462     0.00000     0.1133E+02     2.000     6   7.0847
     4463     0.00000     0.8734E+01     2.000     6   7.0847
     4464     0.00000     0.2992E+01     2.000     6   7.0851
     4465     0.00000     0.7025E+01     2.000     7   7.0849
     4466     0.00000     0.5616E+01     1.000     6   7.0852
     4468     0.00000     0.2792E+02     2.000     7   7.0862
     4469     0.00000     0.6131E+01     2.000     5   7.0868
     4471     0.00000     0.5394E+01     2.000     7   7.0869
     4472     0.00000     0.4261E+01     2.000     7   7.0871
     4473     0.00000     0.1599E+02     2.000     7   7.0875
     4475     0.00000     0.1543E+02     2.000     7   7.0883
     4476     0.00000     0.3598E+01     2.000     7   7.0887
     4477     0.00000     0.3226E+01     2.000     7   7.0891
     4478     0.00000     0.4670E+01     2.000     7   7.0894
     4479     0.00000     0.4031E+01     2.000     7   7.0894
     4480     0.00000     0.7579E+01     2.000     7   7.0895
     4481     0.00000     0.1085E+02     2.000     7   7.0905
     4482     0.00000     0.1223E+02     2.000     7   7.0905
     4483     0.00000     0.2942E+01     2.000     5   7.0909
     4484     0.00000     0.7752E+01     2.000     7   7.0913
     4485     0.00000     0.3496E+02     2.000     7   7.0915
     4486     0.00000     0.6429E+01     2.000     7   7.0914
     4487     0.00000     0.3842E+01     2.000     7   7.0920
     4488     0.00000     0.2721E+02     2.000     7   7.0923
     4490     0.00000     0.2310E+02     2.000     7   7.0923
     4491     0.00000     0.5594E+01     2.000     6   7.0923
     4492     0.00000     0.5205E+01     2.000     7   7.0927
     4493     0.00000     0.3903E+01     2.000     7   7.0926
     4494     0.00000     0.4052E+01     2.000     7   7.0929
     4495     0.00000     0.2747E+01     2.000     5   7.0937
     4497     0.00000     0.6576E+01     2.000     6   7.0947
     4498     0.00000     0.9244E+01     2.000     7   7.0947
     4499     0.00000     0.6939E+01     2.000     6   7.0954
     4500     0.00000     0.1304E+02     2.000     7   7.0950
     4501     0.00000     0.5157E+01     2.000     7   7.0957
     4502     0.00000     0.7520E+01     2.000     6   7.0957
     4503     0.00000     0.1133E+02     2.000     6   7.0957
     4504     0.00000     0.5664E+01     2.000     7   7.0963
     4505     0.00000     0.6876E+01     2.000     7   7.0960
     4506     0.00000     0.7655E+01     2.000     7   7.0973
     4507     0.00000     0.6295E+01     2.000     6   7.0982
     4508     0.00000     0.8774E+01     2.000     6   7.0984
     4509     0.00000     0.2935E+01     2.000     6   7.0987
     4510     0.00000     0.5981E+01     2.000     6   7.0986
     4511     0.00000     0.1165E+02     2.000     7   7.0987
     4512     0.00000     0.5726E+01     2.000     7   7.0987
     4513     0.00000     0.1190E+02     2.000     5   7.0989
     4514     0.00000     0.9389E+01     2.000     7   7.0992
     4515     0.00000     0.1000E+02     2.000     7   7.0989
     4516     0.00000     0.8545E+01     2.000     7   7.0997
     4517     0.00000     0.1310E+02     2.000     7   7.0997
     4518     0.00000     0.6097E+01     2.000     6   7.1005
     4519     0.00000     0.3019E+01     2.000     7   7.1006
     4520     0.00000     0.5807E+01     2.000     7   7.1008
     4521     0.00000     0.3835E+01     2.000     7   7.1006
     4522     0.00000     0.9095E+01     2.000     7   7.1006
     4523     0.00000     0.1334E+02     2.000     7   7.1013
     4524     0.00000     0.3906E+01     2.000     7   7.1018
     4525     0.00000     0.4801E+01     2.000     7   7.1031
     4526     0.00000     0.2387E+02     2.000     7   7.1034
     4527     0.00000     0.5928E+01     2.000     7   7.1032
     4528     0.00000     0.9631E+01     2.000     7   7.1037
     4529     0.00000     0.6524E+01     2.000     6   7.1041
     4530     0.00000     0.4419E+01     2.000     7   7.1042
     4531     0.00000     0.5942E+01     2.000     6   7.1055
     4532     0.00000     0.3815E+01     2.000     7   7.1051
     4534     0.00000     0.6933E+01     2.000     7   7.1059
     4535     0.00000     0.2586E+02     2.000     6   7.1064
     4536     0.00000     0.6878E+01     1.000     6   7.1062
     4537     0.00000     0.9033E+01     2.000     7   7.1061
     4538     0.00000     0.5720E+01     2.000     7   7.1061
     4539     0.00000     0.5821E+01     2.000     7   7.1068
     4540     0.00000     0.4650E+01     2.000     6   7.1071
     4541     0.00000     0.9102E+01     2.000     7   7.1084
     4543     0.00000     0.7925E+01     2.000     7   7.1081
     4544     0.00000     0.5270E+01     2.000     6   7.1086
     4545     0.00000     0.2718E+01     2.000     5   7.1096
     4546     0.00000     0.2903E+01     2.000     7   7.1093
     4547     0.00000     0.1436E+02     2.000     7   7.1100
     4548     0.00000     0.2895E+01     2.000     5   7.1106
     4549     0.00000     0.6242E+01     2.000     7   7.1105
     4550     0.00000     0.6243E+01     2.000     7   7.1105
     4551     0.00000     0.2275E+02     2.000     7   7.1111
     4552     0.00000     0.2208E+02     2.000     7   7.1111
     4553     0.00000     0.1182E+02     2.000     7   7.1108
     4554     0.00000     0.1950E+02     2.000     7   7.1108
     4555     0.00000     0.5847E+02     2.000     7   7.1108
     4556     0.00000     0.5878E+01     2.000     7   7.1115
     4557     0.00000     0.1783E+02     2.000     7   7.1119
     4558     0.00000     0.1008E+02     2.000     7   7.1120
     4559     0.00000     0.7728E+01     2.000     7   7.1120
     4562     0.00000     0.3454E+02     2.000     7   7.1131
     4563     0.00000     0.2826E+01     2.000     6   7.1137
     4564     0.00000     0.1222E+02     2.000     7   7.1133
     4565     0.00000     0.5226E+01     2.000     7   7.1133
     4566     0.00000     0.1535E+02     2.000     6   7.1142
     4567     0.00000     0.1372E+02     2.000     7   7.1143
     4568     0.00000     0.1018E+02     2.000     6   7.1150
     4569     0.00000     0.2864E+01     2.000     7   7.1149
     4570     0.00000     0.1563E+02     2.000     7   7.1157
     4571     0.00000     0.5062E+01     2.000     7   7.1155
     4572     0.00000     0.3839E+01     2.000     6   7.1159
     4573     0.00000     0.5840E+01     2.000     7   7.1162
     4574     0.00000     0.5651E+01     2.000     7   7.1162
     4575     0.00000     0.5194E+01     2.000     6   7.1165
     4577     0.00000     0.5958E+01     2.000     6   7.1170
     4579     0.00000     0.1273E+02     2.000     7   7.1171
     4580     0.00000     0.1485E+02     2.000     7   7.1177
     4581     0.00000     0.5215E+01     2.000     7   7.1177
     4582     0.00000     0.3150E+01     2.000     7   7.1177
     4583     0.00000     0.8036E+01     2.000     7   7.1179
     4584     0.00000     0.8830E+01     1.000     6   7.1184
     4585     0.00000     0.6856E+01     2.000     7   7.1195
     4586     0.00000     0.1707E+02     2.000     7   7.1203
     4587     0.00000     0.5836E+01     2.000     7   7.1205
     4588     0.00000     0.8110E+01     2.000     7   7.1212
     4589     0.00000     0.2474E+02     2.000     7   7.1213
     4590     0.00000     0.3079E+01     2.000     7   7.1215
     4592     0.00000     0.2534E+02     2.000     7   7.1222
     4593     0.00000     0.3437E+01     2.000     6   7.1228
     4594     0.00000     0.6613E+01     2.000     7   7.1224
     4595     0.00000     0.1480E+02     2.000     7   7.1228
     4596     0.00000     0.1078E+02     2.000     7   7.1231
     4598     0.00000     0.1188E+02     2.000     7   7.1231
     4599     0.00000     0.2084E+02     2.000     7   7.1230
     4600     0.00000     0.5437E+01     2.000     7   7.1230
     4601     0.00000     0.5967E+01     2.000     7   7.1236
     4603     0.00000     0.1666E+02     2.000     5   7.1242
     4604     0.00000     0.5609E+01     2.000     7   7.1239
     4605     0.00000     0.4758E+01     2.000     6   7.1243
     4606     0.00000     0.4184E+01     2.000     7   7.1240
     4607     0.00000     0.1359E+02     2.000     7   7.1244
     4608     0.00000     0.4927E+01     2.000     7   7.1256
     4610     0.00000     0.3112E+02     2.000     7   7.1259
     4611     0.00000     0.4037E+02     2.000     7   7.1259
     4612     0.00000     0.1790E+02     2.000     7   7.1265
     4615     0.00000     0.5161E+01     2.000     7   7.1271
     4617     0.00000     0.9748E+01     2.000     7   7.1286
     4618     0.00000     0.1010E+02     2.000     7   7.1300
     4619     0.00000     0.9353E+01     2.000     7   7.1314
     4620     0.00000     0.1155E+02     2.000     7   7.1314
     4621     0.00000     0.3416E+01     2.000     7   7.1320
     4622     0.00000     0.7640E+01     2.000     7   7.1320
     4623     0.00000     0.1177E+02     2.000     7   7.1334
     4624     0.00000     0.1079E+02     2.000     7   7.1337
     4626     0.00000     0.2515E+02     2.000     7   7.1336
     4627     0.00000     0.2482E+02     2.000     7   7.1336
     4628     0.00000     0.1707E+02     2.000     7   7.1344
     4629     0.00000     0.1960E+02     2.000     7   7.1349
     4630     0.00000     0.3446E+01     2.000     7   7.1346
     4631     0.00000     0.4406E+01     2.000     6   7.1352
     4632     0.00000     0.9132E+01     2.000     7   7.1352
     4633     0.00000     0.1884E+02     2.000     7   7.1352
     4634     0.00000     0.2891E+01     2.000     6   7.1357
     4635     0.00000     0.7108E+01     2.000     6   7.1365
     4636     0.00000     0.7495E+01     2.000     6   7.1365
     4637     0.00000     0.8193E+01     2.000     6   7.1365
     4638     0.00000     0.9780E+01     2.000     7   7.1365
     4639     0.00000     0.8460E+01     2.000     7   7.1371
     4640     0.00000     0.1282E+02     2.000     7   7.1371
     4641     0.00000     0.3657E+01     2.000     7   7.1373
     4642     0.00000     0.4923E+01     2.000     6   7.1374
     4643     0.00000     0.4479E+01     2.000     7   7.1381
     4644     0.00000     0.3401E+01     2.000     6   7.1385
     4645     0.00000     0.8129E+01     2.000     7   7.1395
     4646     0.00000     0.8902E+01     2.000     7   7.1400
     4647     0.00000     0.8975E+01     2.000     7   7.1398
     4648     0.00000     0.3131E+01     2.000     4   7.1405
     4649     0.00000     0.9469E+01     2.000     7   7.1404
     4650     0.00000     0.1004E+02     2.000     7   7.1402
     4651     0.00000     0.3475E+01     2.000     5   7.1419
     4653     0.00000     0.2845E+01     2.000     7   7.1419
     4654     0.00000     0.2678E+01     2.000     7   7.1422
     4655     0.00000     0.8227E+01     2.000     7   7.1427
     4656     0.00000     0.7153E+01     2.000     7   7.1423
     4657     0.00000     0.2475E+02     2.000     6   7.1437
     4658     0.00000     0.4802E+01     2.000     7   7.1436
     4659     0.00000     0.5300E+01     2.000     7   7.1434
     4660     0.00000     0.1074E+02     2.000     5   7.1438
     4661     0.00000     0.6295E+01     2.000     7   7.1441
     4662     0.00000     0.4310E+01     2.000     5   7.1464
     4663     0.00000     0.1140E+02     2.000     7   7.1471
     4664     0.00000     0.8199E+01     2.000     7   7.1469
     4665     0.00000     0.3042E+01     2.000     7   7.1476
     4666     0.00000     0.7456E+01     2.000     7   7.1478
     4667     0.00000     0.9643E+01     2.000     7   7.1475
     4668     0.00000     0.2894E+01     2.000     7   7.1484
     4669     0.00000     0.1184E+02     2.000     7   7.1483
     4670     0.00000     0.3811E+01     2.000     5   7.1488
     4671     0.00000     0.3347E+01     2.000     7   7.1486
     4672     0.00000     0.9283E+01     2.000     7   7.1490
     4673     0.00000     0.1339E+02     2.000     7   7.1498
     4674     0.00000     0.4967E+01     2.000     7   7.1498
     4675     0.00000     0.8212E+01     2.000     7   7.1503
     4676     0.00000     0.5657E+01     2.000     7   7.1503
     4677     0.00000     0.3221E+01     2.000     6   7.1506
     4678     0.00000     0.5845E+01     2.000     6   7.1509
     4679     0.00000     0.4419E+01     2.000     6   7.1511
     4680     0.00000     0.4094E+01     2.000     7   7.1513
     4681     0.00000     0.3066E+02     2.000     7   7.1512
     4682     0.00000     0.5946E+02     2.000     7   7.1512
     4683     0.00000     0.3956E+01     2.000     5   7.1518
     4684     0.00000     0.6158E+01     2.000     7   7.1517
     4686     0.00000     0.7523E+01     2.000     7   7.1529
     4687     0.00000     0.3365E+01     2.000     6   7.1527
     4688     0.00000     0.9214E+01     2.000     7   7.1525
     4689     0.00000     0.3263E+01     2.000     7   7.1538
     4691     0.00000     0.2736E+02     2.000     6   7.1566
     4692     0.00000     0.8243E+01     2.000     7   7.1566
     4694     0.00000     0.4390E+01     1.000     6   7.1570
     4695     0.00000     0.5948E+01     2.000     7   7.1572
     4696     0.00000     0.5985E+01     2.000     7   7.1572
     4697     0.00000     0.7858E+01     2.000     7   7.1573
     4698     0.00000     0.1881E+02     2.000     7   7.1576
     4699     0.00000     0.4546E+01     2.000     5   7.1584
     4700     0.00000     0.3121E+02     2.000     7   7.1589
     4702     0.00000     0.1833E+02     2.000     7   7.1597
     4703     0.00000     0.2635E+02     2.000     7   7.1597
     4704     0.00000     0.5820E+01     2.000     7   7.1602
     4707     0.00000     0.7715E+01     2.000     7   7.1613
     4708     0.00000     0.5043E+01     2.000     7   7.1615
     4709     0.00000     0.1094E+02     2.000     7   7.1618
     4710     0.00000     0.1052E+02     2.000     7   7.1628
     4711     0.00000     0.1326E+02     2.000     7   7.1628
     4712     0.00000     0.1542E+02     2.000     6   7.1633
     4713     0.00000     0.1925E+02     2.000     7   7.1645
     4714     0.00000     0.6353E+01     2.000     5   7.1651
     4715     0.00000     0.1285E+02     2.000     6   7.1651
     4716     0.00000     0.3193E+01     2.000     7   7.1647
     4717     0.00000     0.6727E+01     2.000     7   7.1648
     4718     0.00000     0.1108E+02     2.000     7   7.1660
     4720     0.00000     0.5175E+01     2.000     7   7.1667
     4721     0.00000     0.3869E+01     2.000     5   7.1672
     4722     0.00000     0.2808E+01     2.000     5   7.1672
     4723     0.00000     0.4360E+01     2.000     6   7.1680
     4724     0.00000     0.4639E+01     2.000     7   7.1680
     4725     0.00000     0.2988E+01     2.000     7   7.1680
     4726     0.00000     0.1783E+02     1.000     6   7.1689
     4727     0.00000     0.7640E+01     2.000     7   7.1709
     4728     0.00000     0.3533E+02     2.000     7   7.1708
     4729     0.00000     0.1091E+02     2.000     7   7.1716
     4730     0.00000     0.3884E+01     2.000     7   7.1720
     4731     0.00000     0.6073E+01     2.000     7   7.1722
     4733     0.00000     0.1472E+02     2.000     6   7.1728
     4734     0.00000     0.5985E+01     2.000     7   7.1735
     4735     0.00000     0.1864E+02     2.000     7   7.1749
     4736     0.00000     0.2055E+02     2.000     7   7.1749
     4737     0.00000     0.4510E+01     2.000     7   7.1750
     4738     0.00000     0.6711E+01     2.000     7   7.1757
     4739     0.00000     0.5624E+01     2.000     7   7.1757
     4740     0.00000     0.4953E+01     2.000     7   7.1754
     4741     0.00000     0.5247E+01     2.000     7   7.1757
     4742     0.00000     0.4128E+02     2.000     7   7.1761
     4744     0.00000     0.1196E+02     2.000     7   7.1767
     4745     0.00000     0.3350E+01     2.000     7   7.1768
     4746     0.00000     0.4945E+01     2.000     7   7.1767
     4747     0.00000     0.2852E+01     2.000     6   7.1770
     4748     0.00000     0.1380E+02     2.000     7   7.1770
     4749     0.00000     0.5796E+01     2.000     7   7.1773
     4750     0.00000     0.9825E+01     2.000     7   7.1773
     4751     0.00000     0.8206E+01     2.000     6   7.1788
     4752     0.00000     0.9340E+01     2.000     7   7.1788
     4753     0.00000     0.1986E+02     2.000     7   7.1785
     4754     0.00000     0.1549E+02     2.000     7   7.1785
     4755     0.00000     0.2032E+02     2.000     7   7.1785
     4756     0.00000     0.8958E+01     2.000     7   7.1792
     4757     0.00000     0.3856E+01     2.000     7   7.1792
     4758     0.00000     0.1456E+02     2.000     7   7.1793
     4759     0.00000     0.4469E+01     2.000     7   7.1798
     4760     0.00000     0.7123E+01     2.000     7   7.1795
     4761     0.00000     0.5325E+01     2.000     6   7.1803
     4762     0.00000     0.3557E+01     2.000     6   7.1805
     4763     0.00000     0.5872E+01     2.000     7   7.1810
     4764     0.00000     0.8760E+01     2.000     7   7.1814
     4765     0.00000     0.8957E+01     2.000     7   7.1814
     4766     0.00000     0.7405E+01     2.000     6   7.1820
     4767     0.00000     0.4005E+01     2.000     7   7.1821
     4768     0.00000     0.5036E+01     2.000     7   7.1823
     4770     0.00000     0.3233E+01     2.000     7   7.1846
     4771     0.00000     0.7014E+01     2.000     7   7.1846
     4772     0.00000     0.2200E+02     2.000     7   7.1845
     4773     0.00000     0.2049E+02     2.000     7   7.1845
     4774     0.00000     0.5270E+01     2.000     7   7.1861
     4776     0.00000     0.4568E+01     1.000     6   7.1867
     4777     0.00000     0.4909E+01     2.000     6   7.1866
     4778     0.00000     0.1088E+02     2.000     7   7.1866
     4779     0.00000     0.5808E+01     2.000     6   7.1874
     4780     0.00000     0.3321E+01     2.000     7   7.1884
     4781     0.00000     0.2279E+02     2.000     6   7.1886
     4782     0.00000     0.6164E+01     2.000     6   7.1893
     4783     0.00000     0.2913E+01     2.000     7   7.1895
     4784     0.00000     0.5547E+01     2.000     7   7.1891
     4785     0.00000     0.5699E+01     2.000     7   7.1900
     4786     0.00000     0.7455E+01     2.000     7   7.1899
     4787     0.00000     0.2896E+01     2.000     6   7.1906
     4789     0.00000     0.2367E+02     2.000     7   7.1917
     4790     0.00000     0.5165E+01     2.000     7   7.1925
     4791     0.00000     0.8456E+01     2.000     7   7.1921
     4792     0.00000     0.1026E+02     2.000     7   7.1922
     4793     0.00000     0.1528E+02     2.000     7   7.1923
     4794     0.00000     0.2371E+02     2.000     7   7.1923
     4795     0.00000     0.3504E+01     2.000     7   7.1929
     4796     0.00000     0.4249E+01     2.000     7   7.1930
     4797     0.00000     0.5400E+01     2.000     7   7.1932
     4798     0.00000     0.3144E+01     2.000     7   7.1936
     4800     0.00000     0.4894E+01     2.000     7   7.1961
     4802     0.00000     0.3898E+01     2.000     7   7.1965
     4803     0.00000     0.1004E+02     2.000     7   7.1962
     4804     0.00000     0.5702E+01     2.000     6   7.1970
     4805     0.00000     0.4117E+01     2.000     7   7.1990
     4806     0.00000     0.5052E+01     2.000     6   7.1996
     4807     0.00000     0.6101E+01     2.000     7   7.1994
     4809     0.00000     0.5084E+01     2.000     7   7.1997
     4810     0.00000     0.5356E+01     2.000     6   7.2003
     4811     0.00000     0.6246E+02     2.000     7   7.2013
     4812     0.00000     0.4211E+01     2.000     5   7.2032
     4813     0.00000     0.3954E+01     2.000     7   7.2031
     4814     0.00000     0.4708E+01     2.000     6   7.2043
     4815     0.00000     0.1665E+02     2.000     7   7.2047
     4816     0.00000     0.4833E+01     2.000     7   7.2051
     4817     0.00000     0.6694E+01     2.000     6   7.2061
     4818     0.00000     0.3566E+01     2.000     6   7.2063
     4820     0.00000     0.4965E+01     2.000     7   7.2063
     4822     0.00000     0.9667E+01     2.000     7   7.2071
     4823     0.00000     0.9365E+01     2.000     7   7.2069
     4824     0.00000     0.7667E+01     2.000     7   7.2069
     4825     0.00000     0.3785E+01     2.000     7   7.2078
     4826     0.00000     0.3905E+01     2.000     7   7.2078
     4827     0.00000     0.7634E+01     1.000     6   7.2082
     4828     0.00000     0.1121E+02     2.000     7   7.2081
     4829     0.00000     0.5224E+01     2.000     7   7.2080
     4830     0.00000     0.7287E+01     2.000     7   7.2081
     4831     0.00000     0.3537E+01     2.000     6   7.2085
     4832     0.00000     0.3834E+01     2.000     5   7.2089
     4833     0.00000     0.2019E+02     2.000     7   7.2098
     4834     0.00000     0.2149E+02     2.000     7   7.2098
     4835     0.00000     0.2629E+02     2.000     7   7.2098
     4837     0.00000     0.2678E+01     2.000     7   7.2103
     4839     0.00000     0.3359E+01     2.000     4   7.2131
     4840     0.00000     0.2804E+01     2.000     6   7.2131
     4841     0.00000     0.5941E+01     2.000     7   7.2132
     4842     0.00000     0.1098E+02     2.000     7   7.2134
     4843     0.00000     0.2857E+01     2.000     3   7.2139
     4844     0.00000     0.3728E+01     2.000     7   7.2135
     4845     0.00000     0.6045E+01     2.000     7   7.2142
     4846     0.00000     0.5810E+01     2.000     7   7.2142
     4847     0.00000     0.4476E+01     2.000     6   7.2149
     4848     0.00000     0.2784E+01     2.000     7   7.2150
     4849     0.00000     0.4075E+01     2.000     7   7.2156
     4850     0.00000     0.1095E+02     2.000     7   7.2164
     4851     0.00000     0.7168E+01     2.000     7   7.2162
     4852     0.00000     0.9336E+01     2.000     7   7.2168
     4853     0.00000     0.1951E+02     2.000     7   7.2169
     4854     0.00000     0.5889E+01     2.000     7   7.2169
     4855     0.00000     0.7348E+01     2.000     7   7.2178
     4856     0.00000     0.9273E+01     2.000     7   7.2177
     4858     0.00000     0.6641E+01     2.000     7   7.2177
     4859     0.00000     0.2876E+02     2.000     7   7.2175
     4860     0.00000     0.7237E+01     2.000     7   7.2185
     4861     0.00000     0.3708E+01     2.000     7   7.2188
     4862     0.00000     0.3876E+01     2.000     7   7.2188
     4863     0.00000     0.1102E+02     2.000     7   7.2187
     4864     0.00000     0.3209E+01     2.000     7   7.2191
     4865     0.00000     0.7635E+01     2.000     7   7.2192
     4866     0.00000     0.3601E+01     2.000     7   7.2194
     4867     0.00000     0.8518E+01     2.000     7   7.2191
     4868     0.00000     0.3697E+01     2.000     7   7.2194
     4870     0.00000     0.1027E+02     2.000     7   7.2208
     4871     0.00000     0.4107E+02     2.000     7   7.2210
     4872     0.00000     0.1356E+02     2.000     7   7.2211
     4873     0.00000     0.2545E+02     2.000     7   7.2211
     4875     0.00000     0.3107E+01     2.000     6   7.2229
     4876     0.00000     0.5294E+01     2.000     7   7.2230
     4877     0.00000     0.6615E+01     2.000     7   7.2227
     4879     0.00000     0.2675E+01     2.000     5   7.2239
     4880     0.00000     0.2321E+02     2.000     6   7.2240
     4881     0.00000     0.8181E+01     2.000     7   7.2236
     4882     0.00000     0.5215E+01     2.000     4   7.2247
     4883     0.00000     0.4068E+01     2.000     7   7.2249
     4887     0.00000     0.3510E+01     2.000     7   7.2258
     4888     0.00000     0.3679E+01     2.000     7   7.2258
     4889     0.00000     0.4571E+01     2.000     6   7.2262
     4890     0.00000     0.2704E+01     2.000     7   7.2266
     4891     0.00000     0.1271E+02     2.000     7   7.2278
     4892     0.00000     0.1602E+02     2.000     7   7.2278
     4893     0.00000     0.5441E+01     2.000     7   7.2285
     4894     0.00000     0.1023E+02     2.000     7   7.2284
     4895     0.00000     0.3433E+01     2.000     4   7.2291
     4896     0.00000     0.4744E+01     2.000     7   7.2291
     4897     0.00000     0.4930E+01     2.000     6   7.2293
     4898     0.00000     0.8438E+01     2.000     7   7.2296
     4899     0.00000     0.1729E+02     2.000     7   7.2294
     4900     0.00000     0.3289E+01     2.000     4   7.2298
     4901     0.00000     0.3832E+01     2.000     5   7.2300
     4902     0.00000     0.1010E+02     2.000     7   7.2308
     4903     0.00000     0.1313E+02     2.000     7   7.2313
     4905     0.00000     0.4890E+01     2.000     7   7.2317
     4906     0.00000     0.3996E+01     2.000     6   7.2315
     4907     0.00000     0.1761E+02     2.000     7   7.2316
     4908     0.00000     0.2872E+02     2.000     7   7.2316
     4909     0.00000     0.1285E+02     2.000     7   7.2322
     4910     0.00000     0.1224E+02     2.000     7   7.2322
     4911     0.00000     0.4840E+01     2.000     6   7.2324
     4912     0.00000     0.5258E+01     2.000     7   7.2327
     4913     0.00000     0.4322E+01     2.000     7   7.2325
     4914     0.00000     0.1808E+02     2.000     7   7.2333
     4915     0.00000     0.6451E+01     2.000     7   7.2337
     4916     0.00000     0.3439E+01     2.000     6   7.2341
     4917     0.00000     0.4790E+01     2.000     7   7.2342
     4918     0.00000     0.3254E+01     2.000     7   7.2339
     4919     0.00000     0.3905E+01     2.000     7   7.2344
     4920     0.00000     0.5514E+01     2.000     7   7.2344
     4921     0.00000     0.5262E+01     2.000     7   7.2344
     4922     0.00000     0.5805E+01     2.000     7   7.2350
     4925     0.00000     0.3117E+01     2.000     7   7.2355
     4926     0.00000     0.1367E+02     2.000     7   7.2358
     4928     0.00000     0.6518E+01     2.000     6   7.2369
     4929     0.00000     0.4502E+01     2.000     7   7.2373
     4930     0.00000     0.3520E+01     2.000     7   7.2372
     4931     0.00000     0.3517E+01     2.000     7   7.2372
     4932     0.00000     0.1145E+02     2.000     7   7.2372
     4933     0.00000     0.1959E+02     2.000     7   7.2372
     4934     0.00000     0.4208E+01     2.000     7   7.2382
     4935     0.00000     0.3601E+01     2.000     6   7.2379
     4936     0.00000     0.4800E+01     2.000     7   7.2383
     4937     0.00000     0.1435E+02     2.000     7   7.2384
     4938     0.00000     0.8142E+01     2.000     7   7.2384
     4939     0.00000     0.5198E+01     2.000     7   7.2387
     4940     0.00000     0.4112E+01     2.000     7   7.2394
     4941     0.00000     0.4615E+01     2.000     7   7.2400
     4942     0.00000     0.1067E+02     2.000     7   7.2399
     4943     0.00000     0.4280E+01     2.000     7   7.2402
     4944     0.00000     0.6736E+01     2.000     7   7.2421
     4947     0.00000     0.3629E+02     2.000     7   7.2435
     4948     0.00000     0.2281E+02     2.000     7   7.2437
     4949     0.00000     0.4938E+01     2.000     6   7.2441
     4950     0.00000     0.2870E+01     2.000     7   7.2443
     4951     0.00000     0.7807E+01     2.000     7   7.2443
     4952     0.00000     0.1348E+02     2.000     7   7.2442
     4953     0.00000     0.8761E+01     2.000     7   7.2443
     4955     0.00000     0.4626E+01     2.000     4   7.2452
     4956     0.00000     0.1152E+02     2.000     7   7.2459
     4957     0.00000     0.1313E+02     2.000     7   7.2459
     4958     0.00000     0.1123E+02     2.000     7   7.2459
     4959     0.00000     0.3911E+01     2.000     4   7.2463
     4960     0.00000     0.5594E+01     2.000     6   7.2462
     4961     0.00000     0.1453E+02     2.000     7   7.2463
     4962     0.00000     0.1526E+02     2.000     7   7.2463
     4963     0.00000     0.1057E+02     2.000     5   7.2467
     4964     0.00000     0.8940E+01     2.000     7   7.2470
     4965     0.00000     0.3862E+01     2.000     6   7.2473
     4966     0.00000     0.5226E+01     2.000     6   7.2486
     4967     0.00000     0.3416E+01     2.000     7   7.2495
     4968     0.00000     0.7960E+01     2.000     7   7.2496
     4970     0.00000     0.3502E+01     2.000     7   7.2507
     4974     0.00000     0.8491E+01     2.000     7   7.2518
     4975     0.00000     0.3618E+01     2.000     4   7.2522
     4976     0.00000     0.7178E+01     2.000     7   7.2522
     4977     0.00000     0.4991E+01     2.000     7   7.2530
     4978     0.00000     0.6768E+01     2.000     7   7.2537
     4979     0.00000     0.2954E+01     2.000     7   7.2547
     4981     0.00000     0.3037E+01     2.000     7   7.2553
     4982     0.00000     0.4359E+01     2.000     7   7.2560
     4983     0.00000     0.3585E+01     2.000     7   7.2566
     4984     0.00000     0.5591E+01     2.000     7   7.2575
     4985     0.00000     0.6893E+01     2.000     7   7.2578
     4987     0.00000     0.8607E+01     2.000     6   7.2603
     4988     0.00000     0.6023E+01     2.000     7   7.2606
     4989     0.00000     0.4525E+01     2.000     7   7.2611
     4991     0.00000     0.6428E+01     2.000     7   7.2614
     4992     0.00000     0.4788E+01     2.000     5   7.2622
     4993     0.00000     0.1298E+02     2.000     7   7.2621
     4994     0.00000     0.7604E+01     2.000     7   7.2624
     4995     0.00000     0.9809E+01     2.000     7   7.2628
     4997     0.00000     0.1268E+02     2.000     7   7.2635
     5000     0.00000     0.3268E+01     2.000     6   7.2640
     5001     0.00000     0.4703E+01     2.000     7   7.2642
     5002     0.00000     0.8278E+01     2.000     7   7.2642
     5003     0.00000     0.7429E+01     2.000     7   7.2640
     5004     0.00000     0.2859E+01     2.000     6   7.2648
     5005     0.00000     0.4495E+01     2.000     7   7.2661
     5006     0.00000     0.4957E+01     2.000     7   7.2660
     5007     0.00000     0.4746E+01     2.000     7   7.2660
     5008     0.00000     0.6376E+01     2.000     7   7.2665
     5009     0.00000     0.4862E+01     2.000     6   7.2670
     5010     0.00000     0.3947E+01     2.000     7   7.2675
     5012     0.00000     0.4363E+01     2.000     7   7.2688
     5013     0.00000     0.2755E+01     2.000     7   7.2684
     5014     0.00000     0.5184E+02     2.000     7   7.2687
     5015     0.00000     0.4161E+01     2.000     7   7.2693
     5016     0.00000     0.6115E+01     2.000     6   7.2703
     5017     0.00000     0.3049E+01     2.000     6   7.2702
     5019     0.00000     0.2756E+01     2.000     7   7.2706
     5021     0.00000     0.3415E+01     2.000     4   7.2722
     5022     0.00000     0.1600E+02     2.000     7   7.2728
     5023     0.00000     0.3957E+01     2.000     7   7.2726
     5024     0.00000     0.3383E+01     2.000     7   7.2733
     5028     0.00000     0.7175E+01     2.000     7   7.2749
     5029     0.00000     0.8470E+01     2.000     7   7.2753
     5030     0.00000     0.7652E+01     2.000     7   7.2763
     5031     0.00000     0.8665E+01     2.000     7   7.2761
     5032     0.00000     0.3244E+01     2.000     7   7.2763
     5033     0.00000     0.3047E+01     2.000     6   7.2770
     5034     0.00000     0.4351E+01     2.000     7   7.2774
     5035     0.00000     0.2972E+01     2.000     7   7.2779
     5036     0.00000     0.1149E+02     2.000     7   7.2784
     5037     0.00000     0.3695E+01     2.000     7   7.2787
     5038     0.00000     0.4866E+01     2.000     7   7.2798
     5039     0.00000     0.3766E+01     2.000     7   7.2803
     5040     0.00000     0.4359E+01     2.000     7   7.2802
     5041     0.00000     0.5780E+01     2.000     7   7.2805
     5043     0.00000     0.4932E+01     2.000     7   7.2821
     5044     0.00000     0.4770E+01     2.000     7   7.2823
     5045     0.00000     0.3124E+01     2.000     6   7.2829
     5046     0.00000     0.1409E+02     2.000     6   7.2827
     5047     0.00000     0.2967E+01     2.000     6   7.2832
     5048     0.00000     0.7363E+01     2.000     7   7.2835
     5049     0.00000     0.3309E+01     2.000     7   7.2835
     5050     0.00000     0.6541E+01     2.000     7   7.2840
     5051     0.00000     0.6738E+01     2.000     7   7.2838
     5052     0.00000     0.8350E+01     2.000     7   7.2842
     5053     0.00000     0.4382E+01     2.000     7   7.2844
     5054     0.00000     0.4200E+01     2.000     7   7.2858
     5055     0.00000     0.6377E+01     2.000     7   7.2858
     5056     0.00000     0.8380E+01     2.000     7   7.2865
     5057     0.00000     0.1293E+02     2.000     7   7.2870
     5058     0.00000     0.1400E+02     2.000     7   7.2870
     5059     0.00000     0.2906E+01     2.000     6   7.2883
     5060     0.00000     0.3260E+02     2.000     7   7.2884
     5061     0.00000     0.2896E+01     2.000     7   7.2890
     5062     0.00000     0.4120E+01     2.000     5   7.2893
     5063     0.00000     0.3377E+01     2.000     7   7.2891
     5064     0.00000     0.5126E+01     2.000     6   7.2896
     5065     0.00000     0.4506E+01     2.000     7   7.2897
     5066     0.00000     0.1017E+02     2.000     7   7.2897
     5067     0.00000     0.4892E+01     2.000     7   7.2904
     5068     0.00000     0.3084E+01     2.000     6   7.2906
     5069     0.00000     0.3267E+02     2.000     7   7.2902
     5070     0.00000     0.4058E+01     2.000     7   7.2910
     5071     0.00000     0.3517E+01     2.000     7   7.2924
     5072     0.00000     0.4017E+01     2.000     7   7.2925
     5073     0.00000     0.3367E+01     2.000     7   7.2932
     5074     0.00000     0.2902E+01     2.000     7   7.2939
     5075     0.00000     0.3725E+01     2.000     7   7.2940
     5076     0.00000     0.3363E+01     2.000     7   7.2937
     5077     0.00000     0.2843E+01     2.000     3   7.2945
     5078     0.00000     0.4671E+01     2.000     6   7.2943
     5079     0.00000     0.3115E+01     2.000     7   7.2956
     5080     0.00000     0.3625E+01     2.000     7   7.2956
     5082     0.00000     0.5103E+01     2.000     6   7.2962
     5083     0.00000     0.1103E+02     2.000     7   7.2958
     5084     0.00000     0.2955E+01     2.000     7   7.2972
     5085     0.00000     0.3089E+01     2.000     6   7.2981
     5086     0.00000     0.3022E+02     2.000     7   7.2979
     5087     0.00000     0.2971E+01     2.000     4   7.2986
     5088     0.00000     0.3648E+01     2.000     7   7.2987
     5089     0.00000     0.9547E+01     2.000     7   7.2983
     5090     0.00000     0.1095E+02     2.000     7   7.2987
     5091     0.00000     0.9440E+01     2.000     7   7.2987
     5092     0.00000     0.4399E+01     2.000     7   7.2987
     5094     0.00000     0.4066E+01     2.000     6   7.2998
     5095     0.00000     0.4393E+01     2.000     7   7.3002
     5096     0.00000     0.3997E+01     2.000     7   7.3010
     5097     0.00000     0.4055E+01     2.000     7   7.3014
     5098     0.00000     0.1468E+02     2.000     7   7.3021
     5099     0.00000     0.2199E+02     2.000     7   7.3021
     5100     0.00000     0.2724E+01     2.000     7   7.3032
     5101     0.00000     0.8944E+01     2.000     7   7.3033
     5102     0.00000     0.4461E+01     2.000     5   7.3035
     5103     0.00000     0.1016E+02     2.000     7   7.3042
     5104     0.00000     0.4244E+01     2.000     7   7.3043
     5106     0.00000     0.3770E+01     2.000     7   7.3051
     5107     0.00000     0.1046E+02     2.000     7   7.3057
     5108     0.00000     0.3974E+01     2.000     7   7.3060
     5109     0.00000     0.3710E+01     2.000     6   7.3064
     5111     0.00000     0.6564E+01     2.000     7   7.3064
     5112     0.00000     0.2764E+01     2.000     7   7.3070
     5113     0.00000     0.5614E+01     2.000     7   7.3074
     5114     0.00000     0.4033E+01     2.000     7   7.3075
     5115     0.00000     0.5387E+01     2.000     7   7.3081
     5116     0.00000     0.4557E+01     2.000     6   7.3093
     5118     0.00000     0.2736E+01     2.000     7   7.3097
     5119     0.00000     0.4063E+01     2.000     7   7.3097
     5120     0.00000     0.4796E+01     2.000     7   7.3100
     5121     0.00000     0.8972E+01     2.000     7   7.3117
     5122     0.00000     0.5566E+01     2.000     7   7.3121
     5123     0.00000     0.2956E+01     2.000     6   7.3123
     5124     0.00000     0.3120E+01     2.000     6   7.3125
     5125     0.00000     0.3896E+01     2.000     7   7.3126
     5126     0.00000     0.3868E+01     2.000     7   7.3126
     5127     0.00000     0.3698E+01     2.000     4   7.3137
     5128     0.00000     0.4816E+01     2.000     5   7.3136
     5129     0.00000     0.4758E+01     2.000     5   7.3137
     5130     0.00000     0.3812E+01     2.000     6   7.3135
     5132     0.00000     0.9394E+01     2.000     7   7.3148
     5133     0.00000     0.7359E+01     2.000     7   7.3149
     5134     0.00000     0.5102E+01     2.000     7   7.3146
     5135     0.00000     0.3420E+01     2.000     6   7.3156
     5137     0.00000     0.4109E+01     2.000     7   7.3159
     5139     0.00000     0.1109E+02     2.000     7   7.3169
     5140     0.00000     0.4014E+01     2.000     5   7.3174
     5141     0.00000     0.4713E+01     2.000     6   7.3171
     5146     0.00000     0.4865E+01     2.000     6   7.3198
     5147     0.00000     0.3126E+01     2.000     6   7.3199
     5148     0.00000     0.3126E+01     1.000     4   7.3200
     5149     0.00000     0.1662E+02     2.000     7   7.3205
     5150     0.00000     0.3429E+01     2.000     7   7.3209
     5152     0.00000     0.5450E+01     2.000     7   7.3231
     5153     0.00000     0.5679E+01     2.000     7   7.3237
     5154     0.00000     0.2875E+01     2.000     6   7.3245
     5155     0.00000     0.1049E+02     2.000     7   7.3254
     5156     0.00000     0.4643E+01     2.000     7   7.3254
     5157     0.00000     0.3275E+01     2.000     6   7.3256
     5158     0.00000     0.6190E+01     2.000     7   7.3267
     5159     0.00000     0.2994E+01     2.000     7   7.3270
     5160     0.00000     0.2997E+01     2.000     6   7.3272
     5161     0.00000     0.3168E+02     2.000     7   7.3274
     5162     0.00000     0.8695E+01     2.000     6   7.3280
     5163     0.00000     0.4459E+01     2.000     6   7.3280
     5164     0.00000     0.9070E+01     2.000     7   7.3278
     5165     0.00000     0.4029E+01     2.000     5   7.3283
     5166     0.00000     0.2769E+01     2.000     7   7.3284
     5167     0.00000     0.4326E+01     2.000     7   7.3284
     5168     0.00000     0.4607E+01     2.000     5   7.3296
     5170     0.00000     0.3530E+01     2.000     7   7.3294
     5173     0.00000     0.9964E+01     2.000     7   7.3311
     5174     0.00000     0.3227E+01     2.000     6   7.3314
     5175     0.00000     0.6899E+01     2.000     7   7.3314
     5177     0.00000     0.1608E+02     2.000     7   7.3326
     5178     0.00000     0.2748E+01     2.000     5   7.3328
     5179     0.00000     0.2841E+01     2.000     6   7.3332
     5180     0.00000     0.3817E+01     2.000     5   7.3338
     5181     0.00000     0.3842E+01     2.000     5   7.3338
     5182     0.00000     0.5867E+01     2.000     7   7.3340
     5183     0.00000     0.5745E+01     2.000     7   7.3340
     5184     0.00000     0.3425E+01     2.000     5   7.3343
     5185     0.00000     0.5097E+01     2.000     7   7.3346
     5186     0.00000     0.4100E+01     2.000     5   7.3352
     5187     0.00000     0.9428E+01     2.000     6   7.3353
     5188     0.00000     0.3868E+01     2.000     6   7.3356
     5189     0.00000     0.6440E+01     2.000     7   7.3353
     5190     0.00000     0.4854E+01     2.000     7   7.3361
     5191     0.00000     0.4045E+01     2.000     7   7.3358
     5192     0.00000     0.7558E+01     2.000     7   7.3365
     5193     0.00000     0.4841E+01     2.000     7   7.3362
     5194     0.00000     0.4768E+01     2.000     6   7.3372
     5195     0.00000     0.2843E+01     2.000     7   7.3367
     5196     0.00000     0.4018E+01     2.000     7   7.3368
     5197     0.00000     0.6474E+01     2.000     7   7.3380
     5198     0.00000     0.2698E+01     2.000     4   7.3394
     5199     0.00000     0.4293E+01     2.000     6   7.3393
     5200     0.00000     0.5132E+01     2.000     7   7.3393
     5201     0.00000     0.1611E+02     2.000     7   7.3396
     5202     0.00000     0.6620E+01     2.000     7   7.3396
     5203     0.00000     0.3671E+01     2.000     5   7.3400
     5204     0.00000     0.3495E+01     2.000     6   7.3402
     5205     0.00000     0.5061E+01     2.000     7   7.3403
     5206     0.00000     0.3468E+01     2.000     7   7.3405
     5207     0.00000     0.9482E+01     2.000     7   7.3407
     5208     0.00000     0.8866E+01     2.000     7   7.3417
     5209     0.00000     0.3223E+01     2.000     7   7.3425
     5210     0.00000     0.3115E+01     2.000     6   7.3431
     5212     0.00000     0.4388E+01     2.000     6   7.3436
     5213     0.00000     0.3269E+01     2.000     7   7.3448
     5214     0.00000     0.5868E+01     2.000     7   7.3447
     5215     0.00000     0.5603E+01     2.000     7   7.3451
     5216     0.00000     0.4952E+01     2.000     7   7.3451
     5217     0.00000     0.7574E+01     2.000     7   7.3459
     5218     0.00000     0.4165E+01     2.000     7   7.3464
     5219     0.00000     0.1975E+02     2.000     7   7.3470
     5221     0.00000     0.4376E+01     2.000     5   7.3477
     5222     0.00000     0.4399E+01     2.000     6   7.3476
     5223     0.00000     0.4508E+01     2.000     7   7.3480
     5224     0.00000     0.4768E+01     2.000     6   7.3482
     5225     0.00000     0.2869E+01     2.000     7   7.3502
     5226     0.00000     0.2998E+01     2.000     7   7.3507
     5227     0.00000     0.4528E+01     2.000     7   7.3516
     5229     0.00000     0.7711E+01     2.000     7   7.3517
     5230     0.00000     0.2817E+01     2.000     7   7.3514
     5232     0.00000     0.2971E+01     2.000     6   7.3523
     5233     0.00000     0.3225E+01     2.000     6   7.3519
     5234     0.00000     0.1106E+02     2.000     7   7.3523
     5235     0.00000     0.3039E+01     2.000     7   7.3521
     5236     0.00000     0.7506E+01     2.000     5   7.3526
     5238     0.00000     0.5754E+01     2.000     7   7.3528
     5239     0.00000     0.5675E+01     2.000     6   7.3531
     5240     0.00000     0.7177E+01     2.000     7   7.3531
     5241     0.00000     0.6527E+01     2.000     7   7.3534
     5242     0.00000     0.3582E+01     2.000     5   7.3544
     5243     0.00000     0.5509E+01     2.000     6   7.3544
     5244     0.00000     0.4717E+01     2.000     7   7.3549
     5246     0.00000     0.4880E+01     2.000     7   7.3549
     5248     0.00000     0.8107E+01     2.000     6   7.3559
     5249     0.00000     0.3192E+01     2.000     7   7.3557
     5250     0.00000     0.2805E+01     2.000     7   7.3564
     5252     0.00000     0.7895E+01     2.000     7   7.3568
     5253     0.00000     0.3343E+01     2.000     4   7.3575
     5254     0.00000     0.9454E+01     2.000     7   7.3580
     5255     0.00000     0.9070E+01     2.000     7   7.3580
     5257     0.00000     0.3399E+01     2.000     6   7.3594
     5258     0.00000     0.5855E+01     2.000     6   7.3595
     5260     0.00000     0.1216E+02     2.000     7   7.3603
     5261     0.00000     0.1147E+02     2.000     7   7.3600
     5264     0.00000     0.9929E+01     2.000     7   7.3618
     5268     0.00000     0.6058E+01     2.000     7   7.3638
     5270     0.00000     0.5060E+01     2.000     7   7.3643
     5271     0.00000     0.6476E+01     2.000     7   7.3646
     5272     0.00000     0.3543E+01     2.000     6   7.3660
     5273     0.00000     0.7183E+01     2.000     7   7.3668
     5274     0.00000     0.5930E+01     2.000     7   7.3668
     5275     0.00000     0.5417E+01     2.000     6   7.3685
     5277     0.00000     0.3484E+01     2.000     7   7.3695
     5278     0.00000     0.4627E+01     2.000     7   7.3696
     5279     0.00000     0.7267E+01     2.000     7   7.3703
     5280     0.00000     0.3489E+01     2.000     7   7.3706
     5281     0.00000     0.6294E+01     2.000     7   7.3704
     5282     0.00000     0.4666E+01     2.000     6   7.3710
     5284     0.00000     0.8257E+01     2.000     7   7.3713
     5285     0.00000     0.7864E+01     2.000     7   7.3713
     5286     0.00000     0.7435E+01     2.000     7   7.3717
     5287     0.00000     0.6132E+01     2.000     7   7.3730
     5288     0.00000     0.5717E+01     2.000     7   7.3727
     5289     0.00000     0.8124E+01     2.000     7   7.3734
     5291     0.00000     0.5092E+01     2.000     7   7.3740
     5292     0.00000     0.5267E+01     2.000     7   7.3740
     5293     0.00000     0.3643E+01     2.000     6   7.3744
     5296     0.00000     0.5602E+01     2.000     7   7.3755
     5297     0.00000     0.4295E+01     2.000     7   7.3756
     5298     0.00000     0.3131E+01     2.000     7   7.3759
     5299     0.00000     0.3492E+01     2.000     6   7.3768
     5301     0.00000     0.2878E+01     2.000     7   7.3774
     5304     0.00000     0.3248E+01     2.000     7   7.3794
     5305     0.00000     0.4984E+01     2.000     7   7.3800
     5306     0.00000     0.7656E+01     2.000     7   7.3807
     5307     0.00000     0.7422E+01     2.000     7   7.3807
     5308     0.00000     0.7166E+01     2.000     7   7.3814
     5309     0.00000     0.3425E+01     2.000     7   7.3821
     5310     0.00000     0.8204E+01     2.000     7   7.3836
     5311     0.00000     0.4543E+01     2.000     7   7.3842
     5313     0.00000     0.4380E+01     2.000     7   7.3846
     5314     0.00000     0.5555E+01     2.000     7   7.3845
     5316     0.00000     0.6836E+01     2.000     7   7.3850
     5317     0.00000     0.5800E+01     2.000     7   7.3853
     5318     0.00000     0.1192E+02     2.000     7   7.3849
     5319     0.00000     0.8735E+01     2.000     7   7.3849
     5320     0.00000     0.5237E+01     2.000     7   7.3855
     5321     0.00000     0.1604E+02     2.000     7   7.3858
     5322     0.00000     0.9176E+01     2.000     7   7.3858
     5323     0.00000     0.2850E+01     2.000     6   7.3867
     5324     0.00000     0.3240E+01     2.000     6   7.3869
     5325     0.00000     0.1491E+02     2.000     7   7.3883
     5326     0.00000     0.3963E+01     2.000     7   7.3883
     5327     0.00000     0.4576E+01     2.000     5   7.3900
     5328     0.00000     0.4738E+01     2.000     7   7.3900
     5329     0.00000     0.4653E+01     2.000     7   7.3901
     5330     0.00000     0.3795E+01     2.000     5   7.3904
     5331     0.00000     0.6385E+01     2.000     7   7.3907
     5332     0.00000     0.4400E+01     2.000     7   7.3913
     5333     0.00000     0.6654E+01     2.000     7   7.3917
     5334     0.00000     0.6016E+01     2.000     7   7.3919
     5335     0.00000     0.5349E+01     2.000     7   7.3917
     5336     0.00000     0.3944E+01     2.000     7   7.3921
     5337     0.00000     0.5626E+01     2.000     7   7.3923
     5338     0.00000     0.3269E+01     2.000     7   7.3929
     5339     0.00000     0.4944E+01     2.000     6   7.3930
     5340     0.00000     0.7733E+01     2.000     6   7.3934
     5341     0.00000     0.4012E+01     2.000     7   7.3943
     5342     0.00000     0.4861E+01     2.000     7   7.3943
     5343     0.00000     0.3714E+01     2.000     6   7.3946
     5344     0.00000     0.4391E+01     2.000     7   7.3948
     5345     0.00000     0.3884E+01     2.000     7   7.3951
     5346     0.00000     0.4193E+01     2.000     6   7.3956
     5347     0.00000     0.6124E+01     2.000     7   7.3956
     5348     0.00000     0.7166E+01     2.000     5   7.3962
     5349     0.00000     0.5589E+01     2.000     7   7.3963
     5350     0.00000     0.3489E+01     2.000     7   7.3964
     5351     0.00000     0.2914E+01     2.000     7   7.3970
     5353     0.00000     0.5838E+01     2.000     7   7.3983
     5354     0.00000     0.4872E+01     2.000     6   7.3988
     5355     0.00000     0.1111E+02     2.000     7   7.3987
     5356     0.00000     0.2933E+01     2.000     7   7.4010
     5357     0.00000     0.3965E+01     2.000     6   7.4017
     5358     0.00000     0.4642E+01     2.000     7   7.4016
     5359     0.00000     0.4753E+01     2.000     7   7.4016
     5360     0.00000     0.3763E+01     2.000     7   7.4021
     5361     0.00000     0.3701E+01     2.000     7   7.4021
     5362     0.00000     0.1417E+02     2.000     7   7.4021
     5363     0.00000     0.4778E+01     2.000     7   7.4037
     5364     0.00000     0.3074E+01     2.000     7   7.4049
     5365     0.00000     0.5824E+01     2.000     6   7.4055
     5366     0.00000     0.6354E+01     2.000     6   7.4066
     5367     0.00000     0.6016E+01     2.000     7   7.4069
     5368     0.00000     0.5739E+01     2.000     7   7.4069
     5369     0.00000     0.1002E+02     2.000     7   7.4069
     5370     0.00000     0.3848E+02     2.000     7   7.4078
     5371     0.00000     0.6448E+01     2.000     5   7.4082
     5372     0.00000     0.5468E+01     2.000     6   7.4092
     5373     0.00000     0.5356E+01     2.000     7   7.4093
     5374     0.00000     0.5741E+01     2.000     7   7.4092
     5375     0.00000     0.3875E+01     2.000     6   7.4097
     5376     0.00000     0.5431E+01     2.000     7   7.4104
     5377     0.00000     0.3451E+01     2.000     5   7.4110
     5378     0.00000     0.9263E+01     2.000     7   7.4108
     5379     0.00000     0.3141E+01     2.000     7   7.4118
     5380     0.00000     0.7118E+01     2.000     6   7.4124
     5381     0.00000     0.4186E+01     2.000     7   7.4127
     5382     0.00000     0.6092E+01     2.000     7   7.4134
     5383     0.00000     0.2689E+01     2.000     4   7.4142
     5385     0.00000     0.9924E+01     2.000     6   7.4157
     5386     0.00000     0.1441E+02     2.000     7   7.4158
     5388     0.00000     0.3938E+01     2.000     7   7.4178
     5389     0.00000     0.3697E+01     2.000     7   7.4181
     5390     0.00000     0.5838E+01     2.000     7   7.4184
     5391     0.00000     0.3835E+01     2.000     7   7.4188
     5392     0.00000     0.6336E+01     2.000     7   7.4190
     5393     0.00000     0.3610E+01     2.000     7   7.4192
     5394     0.00000     0.1313E+02     2.000     6   7.4199
     5395     0.00000     0.2746E+01     2.000     7   7.4199
     5396     0.00000     0.6224E+01     2.000     7   7.4197
     5397     0.00000     0.7950E+01     2.000     7   7.4197
     5398     0.00000     0.2714E+01     2.000     7   7.4206
     5399     0.00000     0.5600E+01     2.000     7   7.4208
     5400     0.00000     0.1317E+02     2.000     7   7.4209
     5401     0.00000     0.3158E+01     2.000     6   7.4207
     5403     0.00000     0.8196E+01     2.000     7   7.4215
     5404     0.00000     0.6402E+01     2.000     7   7.4215
     5407     0.00000     0.8835E+01     2.000     7   7.4224
     5408     0.00000     0.5441E+01     2.000     7   7.4230
     5409     0.00000     0.1092E+02     2.000     7   7.4232
     5410     0.00000     0.4575E+01     2.000     7   7.4235
     5412     0.00000     0.5220E+01     2.000     5   7.4240
     5414     0.00000     0.3237E+01     2.000     5   7.4254
     5415     0.00000     0.6698E+01     2.000     7   7.4266
     5416     0.00000     0.8034E+01     2.000     6   7.4268
     5418     0.00000     0.7952E+01     2.000     7   7.4269
     5419     0.00000     0.6599E+01     2.000     6   7.4276
     5420     0.00000     0.3359E+01     2.000     7   7.4280
     5421     0.00000     0.3291E+01     2.000     6   7.4287
     5423     0.00000     0.4296E+01     2.000     6   7.4295
     5424     0.00000     0.9813E+01     2.000     7   7.4299
     5425     0.00000     0.6778E+01     2.000     7   7.4302
     5427     0.00000     0.7317E+01     2.000     7   7.4302
     5428     0.00000     0.6561E+01     2.000     7   7.4302
     5429     0.00000     0.3020E+01     2.000     6   7.4305
     5430     0.00000     0.5414E+01     2.000     7   7.4304
     5431     0.00000     0.4788E+01     2.000     7   7.4313
     5432     0.00000     0.4325E+01     2.000     7   7.4308
     5433     0.00000     0.5882E+01     2.000     7   7.4317
     5434     0.00000     0.1158E+02     2.000     6   7.4319
     5435     0.00000     0.1044E+02     2.000     7   7.4319
     5436     0.00000     0.5953E+01     2.000     7   7.4319
     5437     0.00000     0.5852E+01     2.000     7   7.4327
     5438     0.00000     0.4334E+01     2.000     7   7.4330
     5439     0.00000     0.7369E+01     2.000     6   7.4335
     5440     0.00000     0.1177E+02     2.000     7   7.4337
     5441     0.00000     0.2871E+01     2.000     6   7.4338
     5443     0.00000     0.4208E+01     2.000     7   7.4344
     5444     0.00000     0.2737E+01     2.000     7   7.4343
     5445     0.00000     0.3598E+01     2.000     7   7.4352
     5446     0.00000     0.3718E+01     2.000     6   7.4357
     5447     0.00000     0.2990E+01     2.000     6   7.4357
     5448     0.00000     0.8529E+01     2.000     7   7.4357
     5449     0.00000     0.6530E+01     2.000     7   7.4363
     5450     0.00000     0.6484E+01     2.000     7   7.4359
     5451     0.00000     0.7079E+01     2.000     7   7.4363
     5452     0.00000     0.6948E+01     2.000     7   7.4359
     5453     0.00000     0.3200E+01     2.000     7   7.4369
     5454     0.00000     0.2821E+01     2.000     7   7.4373
     5455     0.00000     0.3715E+01     2.000     7   7.4370
     5456     0.00000     0.3875E+01     2.000     7   7.4370
     5457     0.00000     0.1945E+02     2.000     7   7.4393
     5458     0.00000     0.6312E+01     2.000     5   7.4397
     5459     0.00000     0.1037E+02     2.000     7   7.4402
     5460     0.00000     0.1141E+02     2.000     6   7.4406
     5461     0.00000     0.4448E+01     2.000     7   7.4407
     5462     0.00000     0.4644E+01     2.000     7   7.4407
     5463     0.00000     0.3903E+01     2.000     7   7.4410
     5464     0.00000     0.1547E+02     2.000     6   7.4409
     5465     0.00000     0.5124E+01     2.000     7   7.4412
     5466     0.00000     0.7390E+01     2.000     7   7.4421
     5467     0.00000     0.1064E+02     2.000     7   7.4419
     5469     0.00000     0.5272E+01     2.000     6   7.4444
     5470     0.00000     0.4376E+01     2.000     7   7.4450
     5471     0.00000     0.4269E+01     2.000     6   7.4472
     5472     0.00000     0.9828E+01     2.000     7   7.4470
     5473     0.00000     0.4175E+01     2.000     7   7.4476
     5474     0.00000     0.5728E+01     2.000     5   7.4480
     5476     0.00000     0.5974E+01     2.000     7   7.4495
     5477     0.00000     0.7462E+01     2.000     7   7.4495
     5478     0.00000     0.3201E+01     2.000     5   7.4503
     5479     0.00000     0.8067E+01     2.000     7   7.4507
     5480     0.00000     0.5617E+01     2.000     7   7.4514
     5481     0.00000     0.5237E+01     2.000     7   7.4514
     5482     0.00000     0.7272E+01     2.000     6   7.4515
     5483     0.00000     0.3874E+01     2.000     7   7.4520
     5484     0.00000     0.4326E+01     2.000     7   7.4523
     5485     0.00000     0.3856E+01     2.000     6   7.4527
     5486     0.00000     0.6174E+01     2.000     7   7.4529
     5488     0.00000     0.5733E+01     2.000     7   7.4536
     5489     0.00000     0.4459E+01     2.000     7   7.4535
     5490     0.00000     0.5319E+01     2.000     7   7.4536
     5491     0.00000     0.5193E+01     2.000     7   7.4541
     5492     0.00000     0.3486E+01     2.000     4   7.4564
     5493     0.00000     0.7397E+01     2.000     5   7.4574
     5494     0.00000     0.1731E+02     2.000     7   7.4572
     5495     0.00000     0.3566E+01     2.000     7   7.4577
     5496     0.00000     0.3614E+01     2.000     7   7.4588
     5497     0.00000     0.4751E+01     2.000     7   7.4593
     5498     0.00000     0.2715E+01     2.000     7   7.4596
     5499     0.00000     0.1069E+02     2.000     6   7.4606
     5500     0.00000     0.3953E+01     2.000     7   7.4611
     5501     0.00000     0.4104E+01     2.000     7   7.4611
     5502     0.00000     0.3825E+01     2.000     6   7.4620
     5503     0.00000     0.3796E+01     2.000     6   7.4620
     5505     0.00000     0.8808E+01     2.000     7   7.4628
     5509     0.00000     0.3420E+01     2.000     7   7.4641
     5510     0.00000     0.3605E+01     2.000     7   7.4641
     5511     0.00000     0.2060E+02     2.000     7   7.4643
     5512     0.00000     0.2966E+02     2.000     7   7.4646
     5514     0.00000     0.4936E+01     2.000     6   7.4659
     5515     0.00000     0.1317E+02     2.000     7   7.4659
     5516     0.00000     0.6575E+01     2.000     7   7.4665
     5517     0.00000     0.3519E+01     2.000     7   7.4665
     5518     0.00000     0.4622E+01     2.000     7   7.4665
     5519     0.00000     0.4226E+01     2.000     6   7.4666
     5520     0.00000     0.7524E+01     2.000     6   7.4676
     5521     0.00000     0.6622E+01     2.000     7   7.4679
     5522     0.00000     0.3181E+01     2.000     7   7.4684
     5524     0.00000     0.1198E+02     2.000     7   7.4691
     5525     0.00000     0.3144E+01     2.000     7   7.4694
     5528     0.00000     0.2762E+01     2.000     5   7.4718
     5529     0.00000     0.7880E+01     2.000     7   7.4720
     5530     0.00000     0.3970E+01     2.000     7   7.4720
     5531     0.00000     0.1463E+02     2.000     7   7.4723
     5532     0.00000     0.6601E+01     2.000     7   7.4726
     5533     0.00000     0.7649E+01     2.000     7   7.4733
     5534     0.00000     0.2872E+02     2.000     7   7.4733
     5535     0.00000     0.3525E+01     2.000     6   7.4746
     5538     0.00000     0.4961E+01     2.000     7   7.4763
     5539     0.00000     0.5755E+01     2.000     7   7.4771
     5540     0.00000     0.1079E+02     2.000     7   7.4768
     5542     0.00000     0.3823E+01     2.000     6   7.4777
     5544     0.00000     0.3634E+01     2.000     7   7.4775
     5546     0.00000     0.4468E+01     2.000     7   7.4779
     5548     0.00000     0.5158E+01     2.000     7   7.4792
     5549     0.00000     0.4509E+01     2.000     7   7.4795
     5551     0.00000     0.4280E+01     2.000     7   7.4802
     5554     0.00000     0.1416E+02     2.000     7   7.4828
     5555     0.00000     0.6507E+01     2.000     7   7.4835
     5558     0.00000     0.4260E+01     2.000     7   7.4840
     5559     0.00000     0.1957E+02     2.000     7   7.4842
     5560     0.00000     0.4106E+01     2.000     7   7.4840
     5561     0.00000     0.4127E+01     2.000     7   7.4840
     5562     0.00000     0.6269E+01     2.000     6   7.4849
     5563     0.00000     0.7645E+01     2.000     7   7.4851
     5564     0.00000     0.6109E+01     2.000     6   7.4858
     5566     0.00000     0.4949E+01     2.000     6   7.4873
     5567     0.00000     0.3933E+01     2.000     7   7.4900
     5569     0.00000     0.9727E+01     2.000     7   7.4919
     5570     0.00000     0.4649E+01     2.000     7   7.4919
     5571     0.00000     0.3970E+01     2.000     7   7.4928
     5572     0.00000     0.8274E+01     2.000     7   7.4932
     5574     0.00000     0.6942E+01     2.000     7   7.4953
     5575     0.00000     0.4799E+01     2.000     7   7.4957
     5576     0.00000     0.4864E+01     2.000     7   7.4957
     5577     0.00000     0.3198E+01     2.000     7   7.4960
     5578     0.00000     0.5997E+01     2.000     7   7.4963
     5579     0.00000     0.5988E+01     2.000     7   7.4963
     5580     0.00000     0.3142E+01     2.000     7   7.4960
     5581     0.00000     0.5345E+01     2.000     6   7.4968
     5582     0.00000     0.3130E+01     2.000     7   7.4966
     5584     0.00000     0.4498E+01     2.000     7   7.4977
     5586     0.00000     0.1275E+02     2.000     6   7.4981
     5587     0.00000     0.4771E+01     2.000     7   7.4982
     5588     0.00000     0.6910E+01     2.000     7   7.4979
     5589     0.00000     0.1364E+02     2.000     7   7.4985
     5590     0.00000     0.5465E+01     2.000     7   7.4993
     5591     0.00000     0.4069E+01     2.000     7   7.4989
     5592     0.00000     0.4423E+01     2.000     7   7.4998
     5593     0.00000     0.7145E+01     2.000     6   7.5014
     5594     0.00000     0.5684E+01     2.000     7   7.5015
     5595     0.00000     0.2744E+01     2.000     7   7.5018
     5597     0.00000     0.7270E+01     2.000     7   7.5039
     5599     0.00000     0.2810E+01     2.000     5   7.5046
     5601     0.00000     0.3835E+01     2.000     7   7.5064
     5603     0.00000     0.5472E+01     2.000     6   7.5067
     5604     0.00000     0.4979E+01     2.000     7   7.5066
     5605     0.00000     0.7995E+01     2.000     6   7.5081
     5606     0.00000     0.1705E+02     2.000     7   7.5090
     5607     0.00000     0.2678E+01     2.000     4   7.5095
     5608     0.00000     0.3549E+01     2.000     5   7.5100
     5609     0.00000     0.6232E+01     2.000     7   7.5095
     5611     0.00000     0.3575E+01     2.000     6   7.5103
     5612     0.00000     0.1181E+02     2.000     6   7.5101
     5613     0.00000     0.3691E+01     2.000     7   7.5101
     5614     0.00000     0.2941E+01     2.000     7   7.5110
     5615     0.00000     0.6184E+01     2.000     7   7.5112
     5616     0.00000     0.4442E+01     2.000     7   7.5118
     5617     0.00000     0.9717E+01     2.000     7   7.5119
     5619     0.00000     0.6143E+01     2.000     6   7.5134
     5620     0.00000     0.5872E+01     2.000     6   7.5134
     5621     0.00000     0.4911E+01     2.000     7   7.5135
     5622     0.00000     0.5511E+01     2.000     7   7.5145
     5623     0.00000     0.4463E+01     2.000     7   7.5149
     5624     0.00000     0.7304E+01     2.000     6   7.5158
     5625     0.00000     0.3715E+01     2.000     7   7.5164
     5626     0.00000     0.7620E+01     2.000     7   7.5161
     5627     0.00000     0.7570E+01     2.000     7   7.5162
     5628     0.00000     0.4079E+01     2.000     7   7.5172
     5629     0.00000     0.4062E+01     2.000     7   7.5172
     5630     0.00000     0.1831E+02     2.000     7   7.5176
     5631     0.00000     0.9777E+01     2.000     7   7.5191
     5632     0.00000     0.3765E+01     2.000     7   7.5194
     5633     0.00000     0.9475E+01     2.000     7   7.5208
     5634     0.00000     0.9431E+01     2.000     7   7.5212
     5635     0.00000     0.7538E+01     2.000     7   7.5215
     5636     0.00000     0.1100E+02     2.000     6   7.5224
     5638     0.00000     0.5065E+01     2.000     7   7.5246
     5639     0.00000     0.5242E+01     2.000     7   7.5245
     5640     0.00000     0.7668E+01     2.000     7   7.5245
     5641     0.00000     0.3904E+01     2.000     7   7.5263
     5642     0.00000     0.4210E+01     2.000     7   7.5267
     5643     0.00000     0.3815E+01     2.000     7   7.5270
     5644     0.00000     0.3910E+01     2.000     7   7.5270
     5646     0.00000     0.5434E+01     2.000     6   7.5284
     5648     0.00000     0.3962E+01     2.000     6   7.5292
     5649     0.00000     0.3656E+01     2.000     5   7.5295
     5650     0.00000     0.6410E+01     2.000     6   7.5294
     5651     0.00000     0.7803E+01     2.000     6   7.5298
     5652     0.00000     0.1518E+02     2.000     7   7.5317
     5653     0.00000     0.4263E+01     2.000     7   7.5324
     5654     0.00000     0.3954E+01     2.000     7   7.5331
     5655     0.00000     0.5334E+01     2.000     6   7.5333
     5656     0.00000     0.9708E+01     2.000     7   7.5333
     5657     0.00000     0.3576E+01     2.000     6   7.5340
     5658     0.00000     0.2932E+01     2.000     7   7.5340
     5659     0.00000     0.4433E+01     2.000     7   7.5357
     5660     0.00000     0.3085E+01     2.000     5   7.5358
     5661     0.00000     0.5059E+01     2.000     6   7.5359
     5662     0.00000     0.3254E+01     2.000     7   7.5364
     5664     0.00000     0.7192E+01     2.000     7   7.5381
     5665     0.00000     0.2707E+01     2.000     7   7.5380
     5666     0.00000     0.6370E+01     2.000     7   7.5394
     5667     0.00000     0.7333E+01     2.000     7   7.5399
     5668     0.00000     0.6110E+01     2.000     7   7.5399
     5669     0.00000     0.2228E+02     2.000     7   7.5408
     5670     0.00000     0.1209E+02     2.000     7   7.5407
     5671     0.00000     0.3015E+01     2.000     6   7.5412
     5672     0.00000     0.3546E+01     2.000     7   7.5413
     5673     0.00000     0.3768E+01     2.000     7   7.5413
     5674     0.00000     0.2772E+01     2.000     4   7.5420
     5675     0.00000     0.6650E+01     2.000     6   7.5421
     5676     0.00000     0.5366E+01     2.000     7   7.5419
     5678     0.00000     0.2228E+02     2.000     7   7.5426
     5680     0.00000     0.2973E+02     2.000     7   7.5428
     5682     0.00000     0.6279E+01     2.000     6   7.5441
     5683     0.00000     0.3009E+01     2.000     6   7.5448
     5684     0.00000     0.5281E+01     2.000     6   7.5456
     5685     0.00000     0.3354E+01     2.000     7   7.5459
     5686     0.00000     0.2998E+01     2.000     7   7.5462
     5687     0.00000     0.2009E+02     2.000     7   7.5461
     5689     0.00000     0.4255E+01     2.000     7   7.5470
     5690     0.00000     0.1046E+02     2.000     7   7.5475
     5691     0.00000     0.7090E+01     2.000     7   7.5480
     5692     0.00000     0.4016E+01     2.000     7   7.5480
     5693     0.00000     0.6846E+01     2.000     7   7.5482
     5695     0.00000     0.4793E+01     2.000     5   7.5488
     5696     0.00000     0.4815E+01     2.000     7   7.5492
     5697     0.00000     0.4894E+01     2.000     7   7.5503
     5699     0.00000     0.3180E+01     2.000     7   7.5505
     5700     0.00000     0.4761E+01     2.000     6   7.5524
     5702     0.00000     0.8412E+01     2.000     6   7.5527
     5703     0.00000     0.5730E+01     2.000     7   7.5525
     5704     0.00000     0.3989E+01     2.000     5   7.5532
     5705     0.00000     0.5430E+01     2.000     7   7.5548
     5706     0.00000     0.2016E+02     2.000     7   7.5548
     5707     0.00000     0.3582E+01     2.000     6   7.5553
     5708     0.00000     0.3210E+01     2.000     5   7.5557
     5709     0.00000     0.6786E+01     2.000     6   7.5568
     5710     0.00000     0.3276E+01     2.000     7   7.5584
     5711     0.00000     0.4362E+01     2.000     7   7.5588
     5712     0.00000     0.5668E+01     2.000     7   7.5586
     5713     0.00000     0.5714E+01     2.000     7   7.5586
     5714     0.00000     0.4527E+01     2.000     7   7.5588
     5715     0.00000     0.3942E+01     1.000     6   7.5594
     5716     0.00000     0.3784E+01     2.000     6   7.5598
     5717     0.00000     0.3098E+01     2.000     7   7.5604
     5718     0.00000     0.4769E+01     2.000     7   7.5601
     5719     0.00000     0.5762E+01     2.000     7   7.5606
     5720     0.00000     0.4192E+01     2.000     7   7.5608
     5721     0.00000     0.4995E+01     2.000     6   7.5619
     5722     0.00000     0.3379E+01     2.000     5   7.5625
     5723     0.00000     0.2044E+02     2.000     7   7.5625
     5725     0.00000     0.4431E+01     2.000     7   7.5631
     5726     0.00000     0.4452E+01     2.000     7   7.5631
     5727     0.00000     0.2852E+01     2.000     7   7.5649
     5728     0.00000     0.1467E+02     2.000     7   7.5660
     5729     0.00000     0.9114E+01     2.000     7   7.5657
     5730     0.00000     0.1172E+02     2.000     7   7.5657
     5731     0.00000     0.3376E+01     2.000     7   7.5664
     5732     0.00000     0.3093E+01     2.000     7   7.5669
     5733     0.00000     0.6212E+01     2.000     6   7.5675
     5734     0.00000     0.8912E+01     2.000     7   7.5675
     5735     0.00000     0.8404E+01     2.000     7   7.5675
     5736     0.00000     0.7943E+01     2.000     7   7.5673
     5737     0.00000     0.6437E+01     2.000     6   7.5677
     5739     0.00000     0.2933E+01     2.000     5   7.5686
     5740     0.00000     0.8173E+01     2.000     7   7.5692
     5741     0.00000     0.3703E+01     2.000     7   7.5694
     5742     0.00000     0.4097E+01     2.000     5   7.5709
     5743     0.00000     0.2753E+01     2.000     7   7.5710
     5744     0.00000     0.4303E+01     2.000     7   7.5726
     5745     0.00000     0.3755E+01     2.000     7   7.5730
     5746     0.00000     0.3727E+01     2.000     7   7.5730
     5747     0.00000     0.7969E+01     2.000     7   7.5734
     5748     0.00000     0.6771E+01     2.000     6   7.5745
     5749     0.00000     0.1268E+02     2.000     7   7.5745
     5750     0.00000     0.2865E+01     2.000     6   7.5750
     5751     0.00000     0.5831E+01     2.000     7   7.5747
     5752     0.00000     0.5134E+01     2.000     7   7.5747
     5753     0.00000     0.4889E+01     2.000     7   7.5747
     5754     0.00000     0.3015E+01     1.000     6   7.5760
     5755     0.00000     0.3731E+01     2.000     7   7.5757
     5758     0.00000     0.3054E+01     2.000     5   7.5774
     5759     0.00000     0.5838E+01     2.000     7   7.5772
     5760     0.00000     0.5647E+01     2.000     7   7.5778
     5761     0.00000     0.8688E+01     2.000     7   7.5780
     5762     0.00000     0.6000E+01     2.000     7   7.5785
     5764     0.00000     0.3597E+01     2.000     7   7.5796
     5765     0.00000     0.7046E+01     2.000     6   7.5796
     5766     0.00000     0.6519E+01     2.000     6   7.5808
     5767     0.00000     0.7948E+01     2.000     6   7.5812
     5769     0.00000     0.4007E+01     2.000     5   7.5822
     5770     0.00000     0.4960E+01     2.000     7   7.5839
     5771     0.00000     0.4850E+01     2.000     7   7.5846
     5772     0.00000     0.4669E+01     2.000     6   7.5851
     5773     0.00000     0.4174E+01     2.000     5   7.5858
     5775     0.00000     0.7348E+01     2.000     7   7.5857
     5777     0.00000     0.4173E+01     2.000     5   7.5877
     5778     0.00000     0.8391E+01     2.000     6   7.5885
     5779     0.00000     0.5155E+01     2.000     7   7.5885
     5780     0.00000     0.7053E+01     2.000     7   7.5899
     5781     0.00000     0.8813E+01     2.000     7   7.5904
     5782     0.00000     0.3315E+01     2.000     7   7.5914
     5783     0.00000     0.4016E+01     2.000     7   7.5916
     5784     0.00000     0.4102E+01     2.000     7   7.5916
     5785     0.00000     0.5770E+01     2.000     7   7.5919
     5786     0.00000     0.2667E+01     2.000     7   7.5923
     5787     0.00000     0.3162E+02     2.000     7   7.5925
     5788     0.00000     0.5761E+01     2.000     7   7.5929
     5789     0.00000     0.1573E+02     2.000     7   7.5931
     5790     0.00000     0.6955E+01     2.000     7   7.5934
     5791     0.00000     0.3142E+01     2.000     7   7.5934
     5792     0.00000     0.1063E+02     2.000     7   7.5936
     5793     0.00000     0.8752E+01     2.000     7   7.5942
     5794     0.00000     0.2881E+01     2.000     5   7.5946
     5796     0.00000     0.7077E+01     2.000     6   7.5961
     5797     0.00000     0.3269E+01     2.000     7   7.5971
     5798     0.00000     0.3346E+01     2.000     7   7.5971
     5800     0.00000     0.3000E+01     2.000     7   7.5987
     5801     0.00000     0.3574E+01     2.000     7   7.5989
     5802     0.00000     0.9747E+01     2.000     7   7.5991
     5803     0.00000     0.9988E+01     2.000     7   7.5995
     5804     0.00000     0.1320E+02     2.000     7   7.5994
     5805     0.00000     0.5312E+01     2.000     7   7.6003
     5806     0.00000     0.4263E+01     2.000     6   7.6009
     5807     0.00000     0.4328E+01     2.000     7   7.6011
     5808     0.00000     0.5215E+01     2.000     6   7.6028
     5809     0.00000     0.6143E+01     2.000     5   7.6034
     5810     0.00000     0.6708E+01     2.000     6   7.6034
     5812     0.00000     0.1323E+02     2.000     7   7.6043
     5813     0.00000     0.4665E+01     2.000     7   7.6051
     5814     0.00000     0.2976E+01     2.000     7   7.6049
     5815     0.00000     0.2837E+01     2.000     5   7.6062
     5818     0.00000     0.4402E+01     2.000     7   7.6069
     5820     0.00000     0.2956E+01     2.000     5   7.6074
     5821     0.00000     0.3208E+01     1.000     6   7.6075
     5823     0.00000     0.1548E+02     2.000     7   7.6100
     5826     0.00000     0.4308E+01     2.000     6   7.6135
     5827     0.00000     0.3812E+01     2.000     7   7.6153
     5828     0.00000     0.3231E+01     2.000     7   7.6152
     5829     0.00000     0.3875E+01     2.000     7   7.6159
     5830     0.00000     0.4683E+01     2.000     7   7.6156
     5831     0.00000     0.3134E+01     2.000     7   7.6160
     5833     0.00000     0.5947E+01     2.000     7   7.6175
     5834     0.00000     0.5198E+01     2.000     7   7.6191
     5836     0.00000     0.5565E+01     2.000     7   7.6198
     5837     0.00000     0.3834E+01     2.000     7   7.6196
     5838     0.00000     0.3881E+01     2.000     7   7.6196
     5839     0.00000     0.2778E+01     2.000     7   7.6197
     5840     0.00000     0.7034E+01     2.000     6   7.6201
     5841     0.00000     0.3382E+01     2.000     6   7.6204
     5844     0.00000     0.4340E+01     2.000     7   7.6220
     5845     0.00000     0.1361E+02     2.000     7   7.6223
     5846     0.00000     0.1102E+02     2.000     7   7.6222
     5847     0.00000     0.6845E+01     2.000     7   7.6222
     5848     0.00000     0.2832E+01     2.000     5   7.6231
     5849     0.00000     0.2268E+02     2.000     7   7.6244
     5850     0.00000     0.4794E+01     2.000     7   7.6253
     5851     0.00000     0.3158E+01     2.000     7   7.6256
     5852     0.00000     0.2959E+01     2.000     7   7.6277
     5853     0.00000     0.5466E+01     2.000     7   7.6283
     5855     0.00000     0.4589E+01     2.000     6   7.6294
     5856     0.00000     0.4534E+01     2.000     6   7.6297
     5857     0.00000     0.4928E+01     2.000     7   7.6303
     5858     0.00000     0.5275E+01     2.000     7   7.6309
     5860     0.00000     0.5302E+01     2.000     7   7.6309
     5861     0.00000     0.6995E+01     2.000     6   7.6318
     5862     0.00000     0.6413E+01     2.000     7   7.6326
     5863     0.00000     0.1275E+02     2.000     7   7.6331
     5865     0.00000     0.1028E+02     2.000     7   7.6344
     5866     0.00000     0.2904E+01     2.000     6   7.6347
     5867     0.00000     0.1140E+02     2.000     7   7.6349
     5869     0.00000     0.3905E+01     2.000     7   7.6362
     5870     0.00000     0.3985E+01     2.000     7   7.6362
     5871     0.00000     0.3673E+01     2.000     6   7.6380
     5872     0.00000     0.8475E+01     2.000     6   7.6388
     5873     0.00000     0.3637E+01     2.000     5   7.6401
     5874     0.00000     0.7683E+01     2.000     6   7.6411
     5875     0.00000     0.5773E+01     2.000     6   7.6421
     5876     0.00000     0.5280E+01     2.000     7   7.6417
     5877     0.00000     0.4005E+01     2.000     7   7.6423
     5878     0.00000     0.5395E+01     2.000     7   7.6421
     5879     0.00000     0.4570E+01     2.000     7   7.6428
     5880     0.00000     0.4036E+01     2.000     7   7.6428
     5881     0.00000     0.6610E+01     2.000     6   7.6436
     5882     0.00000     0.1351E+02     2.000     7   7.6440
     5884     0.00000     0.4749E+01     2.000     7   7.6446
     5887     0.00000     0.1242E+02     2.000     7   7.6454
     5888     0.00000     0.3617E+01     2.000     6   7.6461
     5889     0.00000     0.1224E+02     2.000     7   7.6475
     5890     0.00000     0.2762E+01     2.000     7   7.6474
     5891     0.00000     0.2935E+01     2.000     7   7.6474
     5892     0.00000     0.6176E+01     2.000     7   7.6473
     5893     0.00000     0.3041E+01     2.000     7   7.6480
     5894     0.00000     0.9814E+01     2.000     7   7.6478
     5895     0.00000     0.7048E+01     2.000     6   7.6486
     5896     0.00000     0.7182E+01     2.000     6   7.6489
     5897     0.00000     0.1038E+02     2.000     6   7.6489
     5898     0.00000     0.2864E+01     2.000     7   7.6492
     5899     0.00000     0.2926E+01     2.000     7   7.6492
     5900     0.00000     0.4340E+01     2.000     7   7.6502
     5901     0.00000     0.6029E+01     2.000     7   7.6502
     5902     0.00000     0.5515E+01     2.000     7   7.6506
     5903     0.00000     0.8076E+01     2.000     6   7.6509
     5904     0.00000     0.3162E+01     2.000     7   7.6531
     5905     0.00000     0.5354E+01     2.000     7   7.6541
     5906     0.00000     0.5893E+01     2.000     7   7.6539
     5908     0.00000     0.4358E+01     2.000     7   7.6546
     5909     0.00000     0.5834E+01     2.000     7   7.6546
     5910     0.00000     0.2930E+01     2.000     6   7.6555
     5911     0.00000     0.8375E+01     2.000     7   7.6560
     5914     0.00000     0.5217E+01     2.000     7   7.6562
     5915     0.00000     0.5436E+01     2.000     7   7.6562
     5916     0.00000     0.4409E+01     2.000     7   7.6562
     5917     0.00000     0.4444E+01     2.000     7   7.6562
     5918     0.00000     0.2885E+01     2.000     7   7.6570
     5920     0.00000     0.1303E+02     2.000     7   7.6583
     5921     0.00000     0.2868E+01     2.000     7   7.6592
     5922     0.00000     0.3226E+01     2.000     7   7.6590
     5924     0.00000     0.3255E+01     2.000     7   7.6590
     5926     0.00000     0.3834E+01     2.000     7   7.6590
     5927     0.00000     0.3890E+01     2.000     7   7.6591
     5928     0.00000     0.2849E+01     2.000     6   7.6610
     5929     0.00000     0.8689E+01     2.000     7   7.6607
     5932     0.00000     0.2083E+02     2.000     7   7.6611
     5933     0.00000     0.8615E+01     2.000     7   7.6616
     5936     0.00000     0.7774E+01     2.000     6   7.6631
     5937     0.00000     0.4436E+01     2.000     6   7.6635
     5938     0.00000     0.4056E+01     2.000     7   7.6637
     5940     0.00000     0.3304E+01     2.000     5   7.6654
     5941     0.00000     0.8910E+01     2.000     7   7.6664
     5942     0.00000     0.3517E+01     2.000     7   7.6681
     5943     0.00000     0.5653E+01     2.000     6   7.6685
     5944     0.00000     0.2692E+01     2.000     6   7.6685
     5945     0.00000     0.1506E+02     2.000     7   7.6684
     5946     0.00000     0.8892E+01     2.000     7   7.6686
     5947     0.00000     0.9270E+01     2.000     7   7.6684
     5948     0.00000     0.6411E+01     2.000     7   7.6684
     5949     0.00000     0.4219E+01     2.000     7   7.6689
     5952     0.00000     0.2868E+01     2.000     7   7.6702
     5953     0.00000     0.5646E+01     2.000     6   7.6705
     5956     0.00000     0.1991E+02     2.000     7   7.6726
     5957     0.00000     0.1877E+02     2.000     7   7.6731
     5959     0.00000     0.3661E+01     2.000     7   7.6753
     5960     0.00000     0.5179E+01     2.000     7   7.6749
     5961     0.00000     0.3703E+01     2.000     7   7.6753
     5962     0.00000     0.5794E+01     2.000     6   7.6755
     5964     0.00000     0.5713E+01     2.000     7   7.6757
     5965     0.00000     0.3870E+01     2.000     7   7.6759
     5967     0.00000     0.5013E+01     2.000     7   7.6763
     5968     0.00000     0.2957E+01     2.000     7   7.6768
     5969     0.00000     0.4963E+01     2.000     6   7.6768
     5970     0.00000     0.3530E+01     2.000     7   7.6764
     5971     0.00000     0.3989E+01     2.000     6   7.6773
     5972     0.00000     0.6112E+01     2.000     7   7.6778
     5974     0.00000     0.6860E+01     2.000     7   7.6778
     5977     0.00000     0.7792E+01     2.000     7   7.6809
     5978     0.00000     0.6928E+01     2.000     7   7.6813
     5979     0.00000     0.5817E+01     2.000     7   7.6818
     5980     0.00000     0.3870E+01     2.000     6   7.6822
     5981     0.00000     0.5208E+01     2.000     6   7.6828
     5982     0.00000     0.1552E+02     2.000     7   7.6833
     5984     0.00000     0.2013E+02     2.000     7   7.6836
     5985     0.00000     0.6423E+01     2.000     7   7.6849
     5986     0.00000     0.3141E+01     2.000     6   7.6850
     5987     0.00000     0.7546E+01     2.000     7   7.6856
     5988     0.00000     0.2709E+01     2.000     6   7.6859
     5989     0.00000     0.4745E+01     2.000     7   7.6868
     5990     0.00000     0.1306E+02     2.000     7   7.6868
     5991     0.00000     0.6167E+01     2.000     6   7.6875
     5993     0.00000     0.3548E+01     2.000     6   7.6883
     5994     0.00000     0.4119E+01     2.000     7   7.6898
     5995     0.00000     0.3600E+01     2.000     6   7.6904
     5996     0.00000     0.2831E+01     2.000     7   7.6908
     5997     0.00000     0.2797E+01     2.000     6   7.6919
     5998     0.00000     0.1425E+02     2.000     7   7.6918
     5999     0.00000     0.4210E+01     2.000     7   7.6921
     6000     0.00000     0.1186E+02     2.000     7   7.6927
     6001     0.00000     0.2837E+01     2.000     5   7.6932
     6003     0.00000     0.8854E+01     2.000     7   7.6936
     6004     0.00000     0.6594E+01     2.000     7   7.6936
     6005     0.00000     0.2589E+02     2.000     7   7.6937
     6007     0.00000     0.1413E+02     2.000     7   7.6956
     6008     0.00000     0.3211E+01     2.000     6   7.6966
     6009     0.00000     0.3292E+01     2.000     6   7.6966
     6010     0.00000     0.3678E+01     2.000     6   7.6971
     6011     0.00000     0.6104E+01     2.000     7   7.6995
     6013     0.00000     0.1069E+02     2.000     7   7.7009
     6014     0.00000     0.3782E+01     2.000     7   7.7008
     6016     0.00000     0.3657E+01     2.000     7   7.7024
     6017     0.00000     0.1340E+02     2.000     7   7.7032
     6019     0.00000     0.6223E+01     2.000     6   7.7043
     6021     0.00000     0.3281E+01     2.000     6   7.7054
     6022     0.00000     0.4725E+01     2.000     7   7.7054
     6024     0.00000     0.8853E+01     2.000     7   7.7065
     6025     0.00000     0.6489E+01     2.000     7   7.7069
     6026     0.00000     0.6277E+01     2.000     7   7.7069
     6027     0.00000     0.9090E+01     2.000     7   7.7071
     6028     0.00000     0.5013E+01     2.000     6   7.7074
     6029     0.00000     0.3386E+01     2.000     7   7.7077
     6030     0.00000     0.3500E+01     2.000     5   7.7081
     6031     0.00000     0.3651E+01     2.000     7   7.7084
     6032     0.00000     0.3832E+01     2.000     7   7.7084
     6033     0.00000     0.8737E+01     2.000     7   7.7092
     6034     0.00000     0.3431E+01     2.000     7   7.7115
     6035     0.00000     0.4316E+01     2.000     6   7.7125
     6036     0.00000     0.4877E+01     2.000     6   7.7124
     6037     0.00000     0.4467E+01     2.000     6   7.7125
     6038     0.00000     0.4570E+01     2.000     6   7.7125
     6039     0.00000     0.7005E+01     2.000     7   7.7132
     6040     0.00000     0.6895E+01     2.000     7   7.7132
     6041     0.00000     0.3291E+01     2.000     6   7.7135
     6042     0.00000     0.6664E+01     2.000     7   7.7133
     6043     0.00000     0.1681E+02     2.000     7   7.7133
     6044     0.00000     0.3380E+01     2.000     6   7.7138
     6045     0.00000     0.3182E+01     2.000     7   7.7148
     6046     0.00000     0.3214E+01     2.000     7   7.7148
     6047     0.00000     0.3835E+01     2.000     7   7.7160
     6048     0.00000     0.4386E+01     2.000     6   7.7157
     6049     0.00000     0.4078E+01     2.000     7   7.7160
     6050     0.00000     0.7182E+01     2.000     7   7.7165
     6051     0.00000     0.9412E+01     2.000     7   7.7165
     6052     0.00000     0.3499E+01     2.000     6   7.7162
     6053     0.00000     0.7493E+01     2.000     7   7.7168
     6054     0.00000     0.4682E+01     2.000     7   7.7175
     6055     0.00000     0.4952E+01     2.000     7   7.7178
     6056     0.00000     0.5012E+01     2.000     7   7.7177
     6058     0.00000     0.1040E+02     2.000     7   7.7194
     6059     0.00000     0.5339E+01     2.000     5   7.7197
     6060     0.00000     0.5080E+01     2.000     7   7.7206
     6061     0.00000     0.6960E+01     2.000     6   7.7204
     6063     0.00000     0.6167E+01     2.000     7   7.7221
     6064     0.00000     0.6073E+01     2.000     7   7.7221
     6065     0.00000     0.2743E+01     2.000     7   7.7218
     6066     0.00000     0.6209E+01     2.000     7   7.7232
     6068     0.00000     0.3117E+01     2.000     7   7.7238
     6069     0.00000     0.5668E+01     2.000     6   7.7248
     6070     0.00000     0.1300E+02     2.000     7   7.7253
     6071     0.00000     0.4650E+01     2.000     7   7.7260
     6074     0.00000     0.2695E+01     2.000     7   7.7263
     6075     0.00000     0.7945E+01     2.000     6   7.7268
     6076     0.00000     0.3780E+01     2.000     6   7.7271
     6077     0.00000     0.3280E+01     2.000     6   7.7279
     6081     0.00000     0.4770E+01     2.000     7   7.7298
     6082     0.00000     0.5515E+01     2.000     7   7.7314
     6083     0.00000     0.6563E+01     2.000     7   7.7319
     6084     0.00000     0.6744E+01     2.000     7   7.7319
     6086     0.00000     0.3507E+01     2.000     7   7.7332
     6087     0.00000     0.1116E+02     2.000     7   7.7342
     6088     0.00000     0.3531E+01     2.000     7   7.7349
     6090     0.00000     0.3078E+01     2.000     6   7.7353
     6091     0.00000     0.3194E+01     2.000     7   7.7357
     6093     0.00000     0.2842E+01     2.000     6   7.7382
     6094     0.00000     0.3008E+01     2.000     6   7.7382
     6096     0.00000     0.3217E+01     2.000     6   7.7388
     6097     0.00000     0.3212E+01     2.000     6   7.7388
     6098     0.00000     0.9268E+01     2.000     7   7.7398
     6099     0.00000     0.1001E+02     2.000     7   7.7398
     6100     0.00000     0.1074E+02     2.000     7   7.7426
     6101     0.00000     0.3589E+01     2.000     7   7.7436
     6102     0.00000     0.4801E+01     2.000     6   7.7436
     6103     0.00000     0.3017E+01     2.000     7   7.7433
     6104     0.00000     0.3520E+01     2.000     7   7.7442
     6105     0.00000     0.4643E+01     2.000     7   7.7444
     6106     0.00000     0.3824E+01     2.000     6   7.7444
     6107     0.00000     0.3739E+01     2.000     6   7.7444
     6108     0.00000     0.3287E+01     2.000     6   7.7447
     6109     0.00000     0.9038E+01     2.000     7   7.7457
     6110     0.00000     0.4179E+01     2.000     6   7.7462
     6112     0.00000     0.7522E+01     2.000     7   7.7481
     6113     0.00000     0.4209E+01     2.000     7   7.7481
     6118     0.00000     0.3763E+01     2.000     7   7.7502
     6119     0.00000     0.3225E+01     2.000     7   7.7507
     6120     0.00000     0.1136E+02     2.000     7   7.7506
     6121     0.00000     0.1169E+02     2.000     7   7.7507
     6122     0.00000     0.5637E+01     2.000     7   7.7512
     6123     0.00000     0.2023E+02     2.000     7   7.7509
     6124     0.00000     0.8821E+01     2.000     7   7.7515
     6125     0.00000     0.2826E+01     2.000     6   7.7524
     6127     0.00000     0.2845E+01     2.000     7   7.7542
     6128     0.00000     0.4590E+01     2.000     6   7.7546
     6130     0.00000     0.1060E+02     2.000     7   7.7572
     6131     0.00000     0.1013E+02     2.000     7   7.7572
     6132     0.00000     0.3607E+01     2.000     6   7.7578
     6135     0.00000     0.8001E+01     2.000     7   7.7597
     6136     0.00000     0.4850E+01     2.000     6   7.7612
     6137     0.00000     0.7905E+01     2.000     7   7.7610
     6138     0.00000     0.5262E+01     2.000     7   7.7626
     6140     0.00000     0.1106E+02     2.000     7   7.7630
     6141     0.00000     0.3318E+01     2.000     6   7.7635
     6142     0.00000     0.7758E+01     2.000     7   7.7645
     6143     0.00000     0.1660E+02     2.000     7   7.7651
     6144     0.00000     0.5952E+01     2.000     6   7.7660
     6145     0.00000     0.3746E+01     2.000     7   7.7670
     6146     0.00000     0.8000E+01     2.000     7   7.7676
     6148     0.00000     0.8850E+01     2.000     7   7.7683
     6150     0.00000     0.1069E+02     2.000     7   7.7692
     6151     0.00000     0.6074E+01     2.000     6   7.7695
     6152     0.00000     0.3784E+01     2.000     6   7.7696
     6153     0.00000     0.5056E+01     2.000     7   7.7694
     6154     0.00000     0.6976E+01     2.000     7   7.7704
     6156     0.00000     0.6049E+01     2.000     7   7.7712
     6157     0.00000     0.4676E+01     2.000     7   7.7716
     6159     0.00000     0.1332E+02     2.000     7   7.7723
     6160     0.00000     0.5345E+01     2.000     7   7.7735
     6161     0.00000     0.8106E+01     2.000     7   7.7740
     6162     0.00000     0.5607E+01     2.000     6   7.7751
     6163     0.00000     0.6821E+01     2.000     7   7.7768
     6164     0.00000     0.6812E+01     2.000     7   7.7768
     6165     0.00000     0.7955E+01     2.000     7   7.7766
     6166     0.00000     0.2783E+01     2.000     6   7.7777
     6167     0.00000     0.2821E+01     2.000     6   7.7777
     6168     0.00000     0.4928E+01     2.000     7   7.7793
     6170     0.00000     0.3979E+01     2.000     7   7.7807
     6171     0.00000     0.4591E+01     2.000     7   7.7824
     6173     0.00000     0.2979E+01     2.000     7   7.7828
     6174     0.00000     0.8875E+01     2.000     7   7.7825
     6175     0.00000     0.2849E+01     2.000     6   7.7837
     6176     0.00000     0.1194E+02     2.000     7   7.7847
     6177     0.00000     0.4387E+01     2.000     7   7.7852
     6178     0.00000     0.3293E+01     2.000     7   7.7855
     6179     0.00000     0.5102E+01     2.000     6   7.7868
     6181     0.00000     0.7166E+01     2.000     6   7.7872
     6182     0.00000     0.9227E+01     2.000     7   7.7871
     6183     0.00000     0.9301E+01     2.000     7   7.7878
     6184     0.00000     0.5075E+01     2.000     7   7.7879
     6185     0.00000     0.3958E+01     2.000     7   7.7885
     6186     0.00000     0.2781E+01     2.000     6   7.7893
     6187     0.00000     0.6045E+01     2.000     7   7.7895
     6188     0.00000     0.2946E+01     2.000     6   7.7912
     6190     0.00000     0.2905E+01     2.000     6   7.7934
     6191     0.00000     0.4440E+01     2.000     7   7.7936
     6192     0.00000     0.4480E+01     2.000     7   7.7936
     6194     0.00000     0.4208E+01     2.000     7   7.7959
     6195     0.00000     0.2667E+01     2.000     6   7.7974
     6197     0.00000     0.7739E+01     2.000     7   7.7988
     6198     0.00000     0.5366E+01     2.000     7   7.7994
     6199     0.00000     0.5353E+01     2.000     7   7.7994
     6200     0.00000     0.1163E+02     2.000     7   7.7998
     6201     0.00000     0.3078E+01     2.000     7   7.8008
     6202     0.00000     0.5340E+01     2.000     7   7.8013
     6203     0.00000     0.4140E+01     2.000     7   7.8018
     6204     0.00000     0.4084E+01     2.000     6   7.8017
     6205     0.00000     0.4233E+01     2.000     6   7.8017
     6206     0.00000     0.9601E+01     2.000     7   7.8032
     6207     0.00000     0.4102E+01     2.000     7   7.8036
     6209     0.00000     0.3323E+01     2.000     6   7.8042
     6210     0.00000     0.4436E+01     2.000     7   7.8061
     6212     0.00000     0.2769E+01     2.000     6   7.8062
     6213     0.00000     0.2748E+01     2.000     6   7.8062
     6215     0.00000     0.4453E+01     2.000     6   7.8068
     6216     0.00000     0.7598E+01     2.000     7   7.8073
     6217     0.00000     0.2900E+01     2.000     7   7.8081
     6218     0.00000     0.2821E+01     2.000     7   7.8076
     6219     0.00000     0.3726E+01     2.000     7   7.8086
     6220     0.00000     0.4720E+01     2.000     7   7.8082
     6221     0.00000     0.6884E+01     2.000     7   7.8094
     6222     0.00000     0.7022E+01     2.000     7   7.8099
     6223     0.00000     0.7997E+01     2.000     7   7.8099
     6224     0.00000     0.7714E+01     2.000     7   7.8100
     6225     0.00000     0.5217E+01     2.000     7   7.8101
     6226     0.00000     0.4547E+01     2.000     7   7.8110
     6227     0.00000     0.5923E+01     2.000     7   7.8110
     6228     0.00000     0.6766E+01     2.000     6   7.8121
     6229     0.00000     0.6573E+01     2.000     7   7.8118
     6230     0.00000     0.6581E+01     2.000     7   7.8125
     6231     0.00000     0.5096E+01     2.000     7   7.8143
     6232     0.00000     0.6783E+01     2.000     7   7.8155
     6233     0.00000     0.3704E+01     2.000     6   7.8165
     6235     0.00000     0.4540E+01     2.000     6   7.8190
     6236     0.00000     0.3370E+01     2.000     7   7.8188
     6237     0.00000     0.3386E+01     2.000     7   7.8188
     6240     0.00000     0.6820E+01     2.000     7   7.8216
     6241     0.00000     0.5026E+01     2.000     7   7.8217
     6242     0.00000     0.3584E+01     2.000     7   7.8223
     6243     0.00000     0.5166E+01     2.000     7   7.8236
     6244     0.00000     0.3290E+01     2.000     7   7.8240
     6245     0.00000     0.3600E+01     2.000     7   7.8243
     6246     0.00000     0.4134E+01     2.000     7   7.8247
     6247     0.00000     0.7518E+01     2.000     7   7.8246
     6248     0.00000     0.3768E+01     2.000     7   7.8243
     6249     0.00000     0.7489E+01     2.000     7   7.8246
     6250     0.00000     0.3254E+01     2.000     4   7.8255
     6251     0.00000     0.1022E+02     2.000     7   7.8274
     6252     0.00000     0.2863E+01     2.000     7   7.8277
     6253     0.00000     0.3191E+01     2.000     4   7.8279
     6256     0.00000     0.1072E+02     2.000     7   7.8297
     6257     0.00000     0.4809E+01     2.000     7   7.8298
     6258     0.00000     0.4633E+01     2.000     6   7.8311
     6259     0.00000     0.4543E+01     2.000     6   7.8317
     6260     0.00000     0.3009E+01     2.000     7   7.8318
     6261     0.00000     0.1154E+02     2.000     7   7.8324
     6262     0.00000     0.2250E+02     2.000     7   7.8344
     6263     0.00000     0.3424E+01     2.000     7   7.8357
     6264     0.00000     0.3472E+01     2.000     7   7.8355
     6265     0.00000     0.6786E+01     2.000     7   7.8363
     6266     0.00000     0.2687E+01     2.000     6   7.8361
     6268     0.00000     0.5092E+01     2.000     7   7.8369
     6269     0.00000     0.7382E+01     2.000     7   7.8369
     6270     0.00000     0.4964E+01     2.000     7   7.8386
     6271     0.00000     0.4999E+01     2.000     7   7.8386
     6272     0.00000     0.4523E+01     2.000     6   7.8389
     6273     0.00000     0.6042E+01     2.000     6   7.8394
     6274     0.00000     0.5312E+01     2.000     7   7.8397
     6275     0.00000     0.5595E+01     2.000     7   7.8397
     6276     0.00000     0.3350E+01     2.000     7   7.8406
     6277     0.00000     0.5541E+01     2.000     7   7.8408
     6278     0.00000     0.2842E+01     2.000     6   7.8431
     6280     0.00000     0.5082E+01     2.000     7   7.8443
     6281     0.00000     0.5245E+01     2.000     7   7.8443
     6282     0.00000     0.1183E+02     2.000     7   7.8445
     6283     0.00000     0.3837E+01     2.000     7   7.8443
     6286     0.00000     0.4029E+01     2.000     7   7.8456
     6287     0.00000     0.4050E+01     2.000     6   7.8457
     6288     0.00000     0.3312E+01     2.000     7   7.8471
     6289     0.00000     0.6332E+01     2.000     6   7.8477
     6290     0.00000     0.3709E+01     2.000     7   7.8482
     6291     0.00000     0.4833E+01     2.000     6   7.8492
     6292     0.00000     0.4479E+01     2.000     5   7.8493
     6293     0.00000     0.6016E+01     2.000     6   7.8494
     6294     0.00000     0.6627E+01     2.000     7   7.8489
     6295     0.00000     0.6703E+01     2.000     7   7.8489
     6296     0.00000     0.5154E+01     2.000     7   7.8490
     6299     0.00000     0.3813E+01     2.000     5   7.8525
     6300     0.00000     0.5601E+01     2.000     6   7.8529
     6301     0.00000     0.2953E+01     2.000     6   7.8547
     6302     0.00000     0.7839E+01     2.000     7   7.8548
     6303     0.00000     0.3079E+01     2.000     6   7.8554
     6305     0.00000     0.6046E+01     2.000     7   7.8570
     6306     0.00000     0.4232E+01     2.000     5   7.8573
     6307     0.00000     0.2668E+01     2.000     7   7.8575
     6308     0.00000     0.2925E+01     2.000     4   7.8587
     6309     0.00000     0.5060E+01     2.000     6   7.8585
     6311     0.00000     0.6713E+01     2.000     7   7.8592
     6312     0.00000     0.6775E+01     2.000     7   7.8592
     6313     0.00000     0.6684E+01     2.000     7   7.8605
     6314     0.00000     0.4385E+01     2.000     7   7.8625
     6315     0.00000     0.4141E+01     2.000     7   7.8633
     6316     0.00000     0.3981E+01     2.000     7   7.8634
     6318     0.00000     0.5183E+01     2.000     7   7.8659
     6319     0.00000     0.3414E+01     2.000     4   7.8670
     6320     0.00000     0.3214E+01     2.000     4   7.8674
     6321     0.00000     0.8691E+01     2.000     7   7.8688
     6322     0.00000     0.4144E+01     2.000     7   7.8687
     6323     0.00000     0.5055E+01     2.000     7   7.8685
     6324     0.00000     0.4487E+01     2.000     7   7.8688
     6325     0.00000     0.8580E+01     2.000     7   7.8692
     6326     0.00000     0.4337E+01     2.000     6   7.8699
     6328     0.00000     0.2886E+01     2.000     7   7.8697
     6329     0.00000     0.4325E+01     2.000     6   7.8700
     6330     0.00000     0.6702E+01     2.000     6   7.8704
     6331     0.00000     0.9176E+01     2.000     7   7.8705
     6334     0.00000     0.1037E+02     2.000     7   7.8713
     6335     0.00000     0.2949E+01     2.000     6   7.8716
     6336     0.00000     0.4662E+01     2.000     5   7.8738
     6339     0.00000     0.4697E+01     2.000     7   7.8742
     6340     0.00000     0.4768E+01     2.000     7   7.8742
     6342     0.00000     0.4136E+01     2.000     5   7.8759
     6343     0.00000     0.6700E+01     2.000     7   7.8774
     6344     0.00000     0.4260E+01     2.000     7   7.8775
     6345     0.00000     0.4254E+01     2.000     7   7.8775
     6346     0.00000     0.4054E+01     2.000     7   7.8804
     6347     0.00000     0.6285E+01     2.000     7   7.8809
     6348     0.00000     0.3003E+01     2.000     7   7.8821
     6349     0.00000     0.3091E+01     2.000     7   7.8821
     6350     0.00000     0.6030E+01     2.000     6   7.8828
     6351     0.00000     0.5066E+01     2.000     7   7.8833
     6352     0.00000     0.4886E+01     2.000     7   7.8833
     6353     0.00000     0.6649E+01     2.000     7   7.8833
     6354     0.00000     0.7107E+01     2.000     7   7.8838
     6355     0.00000     0.4063E+01     2.000     6   7.8864
     6356     0.00000     0.3975E+01     2.000     6   7.8871
     6357     0.00000     0.5713E+01     2.000     7   7.8878
     6358     0.00000     0.5449E+01     2.000     7   7.8892
     6359     0.00000     0.4559E+01     2.000     7   7.8892
     6360     0.00000     0.3791E+01     2.000     7   7.8892
     6361     0.00000     0.2788E+01     2.000     6   7.8898
     6362     0.00000     0.5263E+01     2.000     7   7.8897
     6363     0.00000     0.3367E+01     2.000     6   7.8905
     6364     0.00000     0.4567E+01     2.000     6   7.8901
     6365     0.00000     0.4182E+01     2.000     7   7.8908
     6366     0.00000     0.4709E+01     2.000     7   7.8911
     6367     0.00000     0.3742E+01     2.000     5   7.8915
     6368     0.00000     0.2859E+01     2.000     7   7.8914
     6369     0.00000     0.1177E+02     2.000     7   7.8916
     6370     0.00000     0.5295E+01     2.000     7   7.8921
     6371     0.00000     0.5713E+01     2.000     7   7.8921
     6373     0.00000     0.1365E+02     2.000     7   7.8941
     6374     0.00000     0.4886E+01     2.000     6   7.8949
     6375     0.00000     0.3967E+01     2.000     6   7.8949
     6376     0.00000     0.5787E+01     2.000     6   7.8954
     6377     0.00000     0.6120E+01     2.000     6   7.8952
     6378     0.00000     0.4445E+01     2.000     7   7.8972
     6379     0.00000     0.5354E+01     2.000     7   7.8972
     6380     0.00000     0.3728E+01     2.000     5   7.8984
     6381     0.00000     0.4704E+01     2.000     6   7.8988
     6382     0.00000     0.5852E+01     2.000     7   7.8994
     6383     0.00000     0.6611E+01     2.000     7   7.8996
     6384     0.00000     0.2815E+01     2.000     7   7.9007
     6385     0.00000     0.8663E+01     2.000     7   7.9023
     6386     0.00000     0.1215E+02     2.000     7   7.9029
     6387     0.00000     0.1224E+02     2.000     7   7.9028
     6389     0.00000     0.6041E+01     2.000     7   7.9051
     6390     0.00000     0.5587E+01     2.000     7   7.9053
     6391     0.00000     0.4112E+01     2.000     7   7.9059
     6392     0.00000     0.4328E+01     2.000     7   7.9060
     6393     0.00000     0.6095E+01     2.000     7   7.9065
     6394     0.00000     0.5216E+01     2.000     7   7.9071
     6395     0.00000     0.4303E+01     2.000     7   7.9074
     6396     0.00000     0.3635E+01     2.000     7   7.9080
     6397     0.00000     0.6747E+01     2.000     6   7.9084
     6398     0.00000     0.4466E+01     2.000     5   7.9088
     6399     0.00000     0.5292E+01     2.000     7   7.9094
     6401     0.00000     0.1299E+02     2.000     7   7.9106
     6403     0.00000     0.5567E+01     2.000     7   7.9106
     6404     0.00000     0.7211E+01     2.000     6   7.9112
     6405     0.00000     0.3539E+01     2.000     7   7.9117
     6406     0.00000     0.1058E+02     2.000     7   7.9119
     6407     0.00000     0.5761E+01     2.000     7   7.9134
     6408     0.00000     0.3767E+01     2.000     7   7.9132
     6409     0.00000     0.7817E+01     2.000     7   7.9137
     6410     0.00000     0.8849E+01     2.000     7   7.9137
     6411     0.00000     0.5359E+01     2.000     7   7.9138
     6412     0.00000     0.4085E+01     2.000     6   7.9148
     6413     0.00000     0.3901E+01     2.000     6   7.9151
     6414     0.00000     0.5733E+01     2.000     7   7.9148
     6415     0.00000     0.6301E+01     2.000     7   7.9154
     6416     0.00000     0.5869E+01     2.000     7   7.9163
     6417     0.00000     0.5713E+01     2.000     7   7.9163
     6418     0.00000     0.4480E+01     2.000     7   7.9172
     6419     0.00000     0.4924E+01     2.000     7   7.9174
     6420     0.00000     0.2868E+01     2.000     7   7.9178
     6421     0.00000     0.4195E+01     2.000     7   7.9191
     6422     0.00000     0.3329E+01     2.000     7   7.9195
     6423     0.00000     0.8438E+01     2.000     6   7.9207
     6424     0.00000     0.8770E+01     2.000     6   7.9203
     6426     0.00000     0.3950E+01     2.000     7   7.9258
     6427     0.00000     0.4063E+01     2.000     7   7.9258
     6429     0.00000     0.1286E+02     2.000     7   7.9276
     6430     0.00000     0.8386E+01     2.000     7   7.9273
     6431     0.00000     0.1036E+02     2.000     7   7.9276
     6432     0.00000     0.9827E+01     2.000     7   7.9278
     6433     0.00000     0.5556E+01     2.000     7   7.9285
     6434     0.00000     0.3559E+01     2.000     6   7.9296
     6435     0.00000     0.3440E+01     2.000     6   7.9296
     6436     0.00000     0.3951E+01     2.000     7   7.9300
     6437     0.00000     0.8569E+01     2.000     7   7.9312
     6438     0.00000     0.3722E+01     2.000     6   7.9316
     6439     0.00000     0.3750E+01     2.000     7   7.9316
     6440     0.00000     0.8490E+01     2.000     7   7.9318
     6441     0.00000     0.5031E+01     2.000     7   7.9323
     6443     0.00000     0.2917E+01     2.000     7   7.9362
     6444     0.00000     0.3757E+01     2.000     7   7.9362
     6445     0.00000     0.4711E+01     2.000     7   7.9362
     6446     0.00000     0.4212E+01     2.000     7   7.9360
     6447     0.00000     0.3549E+01     2.000     7   7.9360
     6448     0.00000     0.3609E+01     2.000     6   7.9365
     6449     0.00000     0.4426E+01     2.000     5   7.9381
     6450     0.00000     0.4816E+01     2.000     7   7.9381
     6451     0.00000     0.4903E+01     2.000     7   7.9395
     6452     0.00000     0.4764E+01     2.000     6   7.9402
     6453     0.00000     0.7503E+01     2.000     7   7.9401
     6454     0.00000     0.5441E+01     2.000     6   7.9403
     6455     0.00000     0.5281E+01     2.000     6   7.9403
     6456     0.00000     0.5435E+01     2.000     6   7.9403
     6457     0.00000     0.5861E+01     2.000     7   7.9406
     6459     0.00000     0.4484E+01     2.000     7   7.9423
     6461     0.00000     0.3679E+01     2.000     7   7.9450
     6462     0.00000     0.5344E+01     2.000     7   7.9453
     6463     0.00000     0.8635E+01     2.000     7   7.9472
     6464     0.00000     0.6996E+01     2.000     5   7.9478
     6465     0.00000     0.5346E+01     2.000     6   7.9484
     6466     0.00000     0.4714E+01     2.000     6   7.9484
     6467     0.00000     0.2981E+01     2.000     7   7.9495
     6468     0.00000     0.3565E+01     2.000     7   7.9511
     6469     0.00000     0.6070E+01     2.000     7   7.9515
     6470     0.00000     0.8681E+01     2.000     7   7.9528
     6471     0.00000     0.1500E+02     2.000     7   7.9531
     6472     0.00000     0.1440E+02     2.000     7   7.9531
     6473     0.00000     0.3862E+01     2.000     7   7.9536
     6474     0.00000     0.4944E+01     2.000     7   7.9552
     6476     0.00000     0.9581E+01     2.000     7   7.9556
     6477     0.00000     0.3916E+01     2.000     7   7.9565
     6479     0.00000     0.4993E+01     2.000     7   7.9597
     6480     0.00000     0.3778E+01     2.000     6   7.9600
     6481     0.00000     0.4556E+01     2.000     7   7.9640
     6482     0.00000     0.5603E+01     2.000     7   7.9652
     6483     0.00000     0.7701E+01     2.000     7   7.9652
     6484     0.00000     0.7675E+01     2.000     7   7.9657
     6485     0.00000     0.4906E+01     2.000     7   7.9674
     6487     0.00000     0.5260E+01     2.000     7   7.9681
     6488     0.00000     0.5596E+01     2.000     6   7.9686
     6489     0.00000     0.3144E+01     2.000     6   7.9684
     6490     0.00000     0.8902E+01     2.000     7   7.9703
     6491     0.00000     0.6939E+01     2.000     6   7.9705
     6492     0.00000     0.6586E+01     2.000     7   7.9706
     6493     0.00000     0.9296E+01     2.000     7   7.9724
     6494     0.00000     0.8958E+01     2.000     7   7.9725
     6495     0.00000     0.9452E+01     2.000     7   7.9727
     6496     0.00000     0.9776E+01     2.000     7   7.9727
     6497     0.00000     0.7668E+01     2.000     7   7.9726
     6498     0.00000     0.3540E+01     2.000     7   7.9749
     6499     0.00000     0.3917E+01     2.000     7   7.9750
     6500     0.00000     0.4313E+01     2.000     7   7.9751
     6501     0.00000     0.6209E+01     2.000     6   7.9758
     6502     0.00000     0.3529E+01     2.000     6   7.9768
     6503     0.00000     0.3405E+01     2.000     7   7.9768
     6504     0.00000     0.4856E+01     2.000     7   7.9768
     6505     0.00000     0.3106E+01     2.000     7   7.9774
     6506     0.00000     0.3816E+01     2.000     7   7.9777
     6507     0.00000     0.6324E+01     2.000     7   7.9803
     6508     0.00000     0.6238E+01     2.000     7   7.9803
     6509     0.00000     0.4829E+01     2.000     7   7.9809
     6510     0.00000     0.8944E+01     2.000     7   7.9809
     6511     0.00000     0.7176E+01     2.000     7   7.9809
     6512     0.00000     0.5759E+01     2.000     7   7.9812
     6513     0.00000     0.3425E+01     2.000     7   7.9816
     6514     0.00000     0.3333E+01     2.000     7   7.9816
     6515     0.00000     0.6518E+01     2.000     7   7.9817
     6516     0.00000     0.2778E+01     2.000     7   7.9821
     6517     0.00000     0.3836E+01     2.000     7   7.9834
     6518     0.00000     0.5036E+01     2.000     5   7.9841
     6519     0.00000     0.3578E+01     2.000     7   7.9842
     6521     0.00000     0.2738E+01     2.000     7   7.9886
     6522     0.00000     0.6877E+01     2.000     7   7.9886
     6523     0.00000     0.6044E+01     2.000     7   7.9886
     6524     0.00000     0.4657E+01     2.000     7   7.9899
     6525     0.00000     0.4616E+01     2.000     7   7.9899
     6526     0.00000     0.4024E+01     2.000     7   7.9917
     6527     0.00000     0.6195E+01     2.000     7   7.9920
     6528     0.00000     0.5357E+01     2.000     7   7.9920
     6529     0.00000     0.6062E+01     2.000     7   7.9921
     6530     0.00000     0.3338E+01     2.000     6   7.9939
     6532     0.00000     0.6427E+01     2.000     7   7.9947
     6533     0.00000     0.8640E+01     2.000     7   7.9950
     6534     0.00000     0.9211E+01     2.000     7   7.9953
     6535     0.00000     0.3100E+01     2.000     7   7.9955
     6536     0.00000     0.4166E+01     2.000     7   7.9964
     6538     0.00000     0.3229E+01     2.000     7   7.9962
     6539     0.00000     0.3438E+01     2.000     7   8.0004
     6541     0.00000     0.4760E+01     2.000     7   8.0021
     6542     0.00000     0.4714E+01     2.000     7   8.0021
     6543     0.00000     0.8339E+01     2.000     7   8.0028
     6545     0.00000     0.2839E+01     2.000     6   8.0040
     6546     0.00000     0.3040E+01     2.000     7   8.0042
     6547     0.00000     0.5551E+01     2.000     7   8.0049
     6548     0.00000     0.3839E+01     2.000     7   8.0050
     6549     0.00000     0.3888E+01     2.000     7   8.0058
     6550     0.00000     0.4255E+01     2.000     6   8.0077
     6551     0.00000     0.4911E+01     2.000     6   8.0077
     6552     0.00000     0.4883E+01     2.000     7   8.0080
     6553     0.00000     0.5473E+01     2.000     7   8.0091
     6554     0.00000     0.4474E+01     2.000     7   8.0091
     6555     0.00000     0.4434E+01     2.000     6   8.0099
     6556     0.00000     0.4852E+01     2.000     7   8.0097
     6557     0.00000     0.2972E+01     2.000     7   8.0134
     6558     0.00000     0.3367E+01     2.000     7   8.0139
     6559     0.00000     0.3599E+01     2.000     6   8.0150
     6560     0.00000     0.4734E+01     2.000     7   8.0156
     6561     0.00000     0.4039E+01     2.000     7   8.0183
     6562     0.00000     0.6150E+01     2.000     7   8.0191
     6563     0.00000     0.1140E+02     2.000     7   8.0205
     6564     0.00000     0.1349E+02     2.000     7   8.0205
     6565     0.00000     0.4117E+01     2.000     7   8.0212
     6567     0.00000     0.3402E+01     2.000     7   8.0217
     6568     0.00000     0.5502E+01     2.000     7   8.0227
     6569     0.00000     0.8542E+01     2.000     7   8.0248
     6570     0.00000     0.7891E+01     2.000     7   8.0248
     6571     0.00000     0.2953E+01     2.000     6   8.0277
     6572     0.00000     0.6904E+01     2.000     7   8.0281
     6573     0.00000     0.5402E+01     2.000     7   8.0285
     6574     0.00000     0.4054E+01     2.000     7   8.0288
     6575     0.00000     0.4054E+01     2.000     7   8.0288
     6576     0.00000     0.5648E+01     2.000     7   8.0289
     6577     0.00000     0.3334E+01     2.000     7   8.0293
     6578     0.00000     0.4928E+01     2.000     7   8.0309
     6579     0.00000     0.8958E+01     2.000     7   8.0309
     6580     0.00000     0.3695E+01     2.000     6   8.0314
     6582     0.00000     0.7899E+01     2.000     7   8.0314
     6584     0.00000     0.3844E+01     2.000     6   8.0344
     6585     0.00000     0.5032E+01     2.000     7   8.0350
     6586     0.00000     0.3445E+01     2.000     7   8.0362
     6587     0.00000     0.7462E+01     2.000     7   8.0371
     6588     0.00000     0.7241E+01     2.000     7   8.0371
     6589     0.00000     0.8763E+01     2.000     7   8.0371
     6590     0.00000     0.5747E+01     2.000     6   8.0379
     6591     0.00000     0.3323E+01     2.000     6   8.0394
     6592     0.00000     0.8985E+01     2.000     7   8.0392
     6593     0.00000     0.1108E+02     2.000     7   8.0400
     6595     0.00000     0.7422E+01     2.000     7   8.0402
     6596     0.00000     0.8074E+01     2.000     7   8.0402
     6597     0.00000     0.8392E+01     2.000     7   8.0402
     6598     0.00000     0.6398E+01     2.000     7   8.0409
     6600     0.00000     0.6291E+01     2.000     7   8.0422
     6601     0.00000     0.4488E+01     2.000     7   8.0443
     6602     0.00000     0.3082E+01     2.000     7   8.0442
     6604     0.00000     0.3652E+01     2.000     7   8.0448
     6605     0.00000     0.3442E+01     2.000     7   8.0476
     6606     0.00000     0.5867E+01     2.000     7   8.0478
     6607     0.00000     0.3591E+01     2.000     7   8.0482
     6608     0.00000     0.8162E+01     2.000     7   8.0483
     6609     0.00000     0.1158E+02     2.000     7   8.0483
     6610     0.00000     0.3800E+01     2.000     7   8.0485
     6611     0.00000     0.1166E+02     2.000     7   8.0489
     6612     0.00000     0.4452E+01     2.000     6   8.0492
     6613     0.00000     0.3618E+01     2.000     7   8.0501
     6614     0.00000     0.5168E+01     2.000     7   8.0513
     6615     0.00000     0.6120E+01     2.000     7   8.0522
     6616     0.00000     0.5557E+01     2.000     7   8.0530
     6617     0.00000     0.6378E+01     2.000     7   8.0536
     6618     0.00000     0.5087E+01     2.000     7   8.0536
     6619     0.00000     0.6025E+01     2.000     7   8.0537
     6620     0.00000     0.5678E+01     2.000     7   8.0539
     6621     0.00000     0.4069E+01     2.000     7   8.0545
     6622     0.00000     0.4378E+01     2.000     7   8.0545
     6624     0.00000     0.4867E+01     2.000     7   8.0553
     6625     0.00000     0.6794E+01     2.000     7   8.0560
     6627     0.00000     0.4074E+01     2.000     7   8.0568
     6628     0.00000     0.5512E+01     2.000     6   8.0578
     6630     0.00000     0.4023E+01     2.000     7   8.0596
     6631     0.00000     0.4400E+01     2.000     7   8.0605
     6632     0.00000     0.3996E+01     2.000     7   8.0607
     6633     0.00000     0.2960E+01     2.000     7   8.0614
     6635     0.00000     0.2694E+01     2.000     7   8.0625
     6638     0.00000     0.1222E+02     2.000     7   8.0643
     6639     0.00000     0.2937E+01     2.000     7   8.0651
     6640     0.00000     0.5544E+01     2.000     6   8.0660
     6642     0.00000     0.3061E+01     2.000     6   8.0675
     6643     0.00000     0.3534E+01     2.000     6   8.0675
     6644     0.00000     0.4586E+01     2.000     7   8.0675
     6645     0.00000     0.4870E+01     2.000     7   8.0675
     6646     0.00000     0.3425E+01     2.000     7   8.0680
     6647     0.00000     0.5207E+01     2.000     7   8.0692
     6648     0.00000     0.3666E+01     2.000     7   8.0690
     6649     0.00000     0.4100E+01     2.000     7   8.0695
     6650     0.00000     0.4140E+01     2.000     7   8.0695
     6651     0.00000     0.6950E+01     2.000     7   8.0701
     6652     0.00000     0.2933E+01     2.000     6   8.0707
     6655     0.00000     0.5286E+01     2.000     7   8.0751
     6657     0.00000     0.4821E+01     2.000     7   8.0768
     6658     0.00000     0.3109E+01     2.000     7   8.0780
     6660     0.00000     0.4797E+01     2.000     7   8.0791
     6661     0.00000     0.7479E+01     2.000     7   8.0792
     6662     0.00000     0.7168E+01     2.000     7   8.0792
     6663     0.00000     0.7104E+01     2.000     7   8.0792
     6664     0.00000     0.2987E+01     2.000     7   8.0802
     6665     0.00000     0.5497E+01     2.000     7   8.0798
     6666     0.00000     0.7037E+01     2.000     7   8.0816
     6667     0.00000     0.7719E+01     2.000     7   8.0816
     6668     0.00000     0.2630E+02     2.000     7   8.0814
     6669     0.00000     0.3217E+01     2.000     7   8.0842
     6670     0.00000     0.4120E+01     2.000     7   8.0848
     6671     0.00000     0.3310E+01     2.000     7   8.0867
     6672     0.00000     0.7235E+01     2.000     7   8.0870
     6673     0.00000     0.7257E+01     2.000     7   8.0891
     6674     0.00000     0.5833E+01     2.000     7   8.0894
     6675     0.00000     0.5397E+01     2.000     7   8.0900
     6676     0.00000     0.9664E+01     2.000     7   8.0902
     6677     0.00000     0.4235E+01     2.000     7   8.0942
     6678     0.00000     0.4096E+01     2.000     7   8.0958
     6679     0.00000     0.3458E+01     2.000     7   8.0960
     6680     0.00000     0.4830E+01     2.000     7   8.0960
     6681     0.00000     0.4741E+01     2.000     7   8.0988
     6682     0.00000     0.5218E+01     2.000     7   8.0988
     6683     0.00000     0.9050E+01     2.000     7   8.0985
     6684     0.00000     0.3771E+01     2.000     7   8.0994
     6685     0.00000     0.3969E+01     2.000     7   8.0994
     6686     0.00000     0.1283E+02     2.000     7   8.1013
     6687     0.00000     0.3431E+01     2.000     7   8.1014
     6688     0.00000     0.4516E+01     2.000     7   8.1028
     6690     0.00000     0.1095E+02     2.000     7   8.1040
     6691     0.00000     0.3525E+01     2.000     7   8.1047
     6692     0.00000     0.2853E+01     2.000     7   8.1046
     6694     0.00000     0.6801E+01     2.000     7   8.1063
     6695     0.00000     0.8416E+01     2.000     7   8.1063
     6696     0.00000     0.5185E+01     2.000     7   8.1067
     6697     0.00000     0.4660E+01     2.000     7   8.1069
     6698     0.00000     0.6735E+01     2.000     7   8.1076
     6699     0.00000     0.8417E+01     2.000     7   8.1118
     6700     0.00000     0.3864E+01     2.000     7   8.1119
     6701     0.00000     0.4563E+01     2.000     7   8.1130
     6703     0.00000     0.6426E+01     2.000     7   8.1186
     6704     0.00000     0.7907E+01     2.000     7   8.1186
     6705     0.00000     0.4827E+01     2.000     7   8.1204
     6706     0.00000     0.5470E+01     2.000     7   8.1213
     6707     0.00000     0.2931E+01     2.000     7   8.1216
     6708     0.00000     0.6810E+01     2.000     7   8.1296
     6709     0.00000     0.5635E+01     2.000     6   8.1307
     6710     0.00000     0.6138E+01     2.000     7   8.1322
     6711     0.00000     0.2862E+01     2.000     7   8.1339
     6712     0.00000     0.6664E+01     2.000     6   8.1347
     6713     0.00000     0.4352E+01     2.000     7   8.1349
     6714     0.00000     0.4065E+01     2.000     7   8.1349
     6715     0.00000     0.4580E+01     2.000     7   8.1354
     6716     0.00000     0.4694E+01     2.000     7   8.1379
     6717     0.00000     0.7497E+01     2.000     7   8.1399
     6718     0.00000     0.3344E+01     2.000     7   8.1429
     6719     0.00000     0.2837E+01     2.000     7   8.1431
     6720     0.00000     0.6550E+01     2.000     7   8.1466
     6721     0.00000     0.7415E+01     2.000     7   8.1466
     6722     0.00000     0.6796E+01     2.000     7   8.1466
     6725     0.00000     0.7835E+01     2.000     6   8.1479
     6726     0.00000     0.4477E+01     2.000     7   8.1492
     6727     0.00000     0.6449E+01     2.000     7   8.1491
     6728     0.00000     0.1071E+02     2.000     7   8.1491
     6729     0.00000     0.3170E+01     2.000     6   8.1497
     6730     0.00000     0.3409E+01     2.000     6   8.1497
     6732     0.00000     0.4289E+01     2.000     6   8.1545
     6734     0.00000     0.6921E+01     2.000     7   8.1545
     6735     0.00000     0.5765E+01     2.000     7   8.1569
     6736     0.00000     0.3991E+01     2.000     7   8.1576
     6737     0.00000     0.7374E+01     2.000     7   8.1579
     6738     0.00000     0.7522E+01     2.000     7   8.1576
     6740     0.00000     0.3089E+01     2.000     6   8.1590
     6741     0.00000     0.9329E+01     2.000     7   8.1595
     6742     0.00000     0.9412E+01     2.000     7   8.1595
     6743     0.00000     0.8951E+01     2.000     7   8.1595
     6744     0.00000     0.5600E+01     2.000     7   8.1601
     6745     0.00000     0.3645E+01     2.000     7   8.1604
     6746     0.00000     0.3206E+01     2.000     7   8.1607
     6748     0.00000     0.3326E+01     2.000     7   8.1634
     6749     0.00000     0.2787E+01     2.000     7   8.1640
     6750     0.00000     0.7800E+01     2.000     7   8.1659
     6751     0.00000     0.5381E+01     2.000     6   8.1668
     6754     0.00000     0.6466E+01     2.000     7   8.1687
     6755     0.00000     0.6211E+01     2.000     7   8.1687
     6756     0.00000     0.4024E+01     2.000     7   8.1691
     6757     0.00000     0.1119E+02     2.000     7   8.1718
     6758     0.00000     0.1110E+02     2.000     7   8.1718
     6760     0.00000     0.2923E+01     2.000     7   8.1729
     6761     0.00000     0.5468E+01     2.000     7   8.1728
     6764     0.00000     0.6170E+01     2.000     7   8.1740
     6765     0.00000     0.3979E+01     2.000     7   8.1743
     6766     0.00000     0.2941E+01     2.000     7   8.1784
     6769     0.00000     0.3384E+01     2.000     7   8.1832
     6772     0.00000     0.3438E+01     2.000     7   8.1859
     6773     0.00000     0.3675E+01     2.000     7   8.1877
     6775     0.00000     0.2671E+01     2.000     7   8.1915
     6776     0.00000     0.7223E+01     2.000     7   8.1915
     6777     0.00000     0.6827E+01     2.000     7   8.1915
     6778     0.00000     0.7101E+01     2.000     7   8.1915
     6779     0.00000     0.5534E+01     2.000     7   8.1938
     6780     0.00000     0.9280E+01     2.000     7   8.1977
     6781     0.00000     0.9196E+01     2.000     7   8.1992
     6782     0.00000     0.3199E+01     2.000     7   8.1993
     6783     0.00000     0.9245E+01     2.000     7   8.1992
     6784     0.00000     0.6541E+01     2.000     7   8.2000
     6785     0.00000     0.3854E+01     2.000     7   8.1999
     6787     0.00000     0.5098E+01     2.000     7   8.2022
     6788     0.00000     0.4544E+01     2.000     7   8.2030
     6789     0.00000     0.3578E+01     2.000     7   8.2028
     6790     0.00000     0.3207E+01     2.000     7   8.2034
     6791     0.00000     0.4915E+01     2.000     7   8.2075
     6792     0.00000     0.3488E+01     2.000     7   8.2080
     6793     0.00000     0.3815E+01     2.000     7   8.2106
     6794     0.00000     0.3708E+01     2.000     7   8.2121
     6795     0.00000     0.3040E+01     2.000     7   8.2126
     6796     0.00000     0.3942E+01     2.000     7   8.2122
     6797     0.00000     0.4783E+01     2.000     7   8.2151
     6798     0.00000     0.4452E+01     2.000     7   8.2150
     6799     0.00000     0.4247E+01     2.000     7   8.2166
     6800     0.00000     0.4937E+01     2.000     7   8.2168
     6801     0.00000     0.5184E+01     2.000     7   8.2180
     6803     0.00000     0.6229E+01     2.000     7   8.2189
     6804     0.00000     0.3228E+01     2.000     7   8.2197
     6805     0.00000     0.3013E+01     2.000     7   8.2211
     6806     0.00000     0.2702E+01     2.000     6   8.2210
     6807     0.00000     0.3012E+01     2.000     7   8.2221
     6809     0.00000     0.3855E+01     2.000     6   8.2246
     6810     0.00000     0.7204E+01     2.000     7   8.2269
     6813     0.00000     0.4426E+01     2.000     7   8.2298
     6814     0.00000     0.5369E+01     2.000     7   8.2305
     6815     0.00000     0.9886E+01     2.000     7   8.2313
     6817     0.00000     0.3119E+01     2.000     7   8.2327
     6818     0.00000     0.3656E+01     2.000     7   8.2337
     6819     0.00000     0.3588E+01     2.000     7   8.2336
     6820     0.00000     0.3280E+01     2.000     7   8.2365
     6821     0.00000     0.3662E+01     2.000     6   8.2375
     6822     0.00000     0.5016E+01     2.000     7   8.2377
     6825     0.00000     0.4536E+01     2.000     7   8.2386
     6827     0.00000     0.5754E+01     2.000     7   8.2414
     6828     0.00000     0.3080E+01     2.000     7   8.2417
     6830     0.00000     0.8043E+01     2.000     7   8.2422
     6831     0.00000     0.5074E+01     2.000     7   8.2470
     6832     0.00000     0.6814E+01     2.000     7   8.2498
     6833     0.00000     0.3437E+01     2.000     7   8.2511
     6834     0.00000     0.5730E+01     2.000     7   8.2510
     6835     0.00000     0.4198E+01     2.000     7   8.2522
     6837     0.00000     0.2782E+01     2.000     7   8.2523
     6838     0.00000     0.2759E+01     2.000     7   8.2561
     6839     0.00000     0.4168E+01     2.000     6   8.2574
     6840     0.00000     0.2785E+01     2.000     7   8.2585
     6841     0.00000     0.5553E+01     2.000     7   8.2589
     6842     0.00000     0.2981E+01     2.000     7   8.2610
     6843     0.00000     0.3009E+01     2.000     7   8.2627
     6845     0.00000     0.1145E+02     2.000     7   8.2649
     6846     0.00000     0.8210E+01     2.000     7   8.2667
     6847     0.00000     0.7509E+01     2.000     7   8.2667
     6848     0.00000     0.2818E+01     2.000     7   8.2673
     6849     0.00000     0.3040E+01     2.000     7   8.2689
     6850     0.00000     0.4428E+01     2.000     6   8.2703
     6851     0.00000     0.3299E+01     2.000     7   8.2726
     6852     0.00000     0.2823E+01     2.000     7   8.2755
     6853     0.00000     0.3929E+01     2.000     7   8.2776
     6854     0.00000     0.1143E+02     2.000     7   8.2778
     6855     0.00000     0.2905E+01     2.000     7   8.2796
     6856     0.00000     0.4337E+01     2.000     7   8.2827
     6859     0.00000     0.4233E+01     2.000     7   8.2856
     6860     0.00000     0.5258E+01     2.000     7   8.2863
     6861     0.00000     0.3911E+01     2.000     7   8.2879
     6862     0.00000     0.6647E+01     2.000     7   8.2898
     6863     0.00000     0.1429E+02     2.000     7   8.2901
     6865     0.00000     0.6059E+01     2.000     7   8.2949
     6866     0.00000     0.3528E+01     2.000     7   8.2972
     6867     0.00000     0.3220E+01     2.000     7   8.2972
     6868     0.00000     0.4276E+01     2.000     7   8.2979
     6870     0.00000     0.8020E+01     2.000     7   8.2987
     6871     0.00000     0.6438E+01     2.000     7   8.2999
     6873     0.00000     0.5757E+01     2.000     7   8.3002
     6874     0.00000     0.3136E+01     2.000     7   8.3036
     6876     0.00000     0.3017E+01     2.000     7   8.3046
     6877     0.00000     0.3021E+01     2.000     6   8.3056
     6878     0.00000     0.2769E+01     2.000     7   8.3084
     6881     0.00000     0.1070E+02     2.000     7   8.3138
     6882     0.00000     0.8214E+01     2.000     7   8.3151
     6883     0.00000     0.3343E+01     2.000     7   8.3162
     6885     0.00000     0.3354E+01     2.000     7   8.3214
     6886     0.00000     0.5762E+01     2.000     7   8.3293
     6888     0.00000     0.7265E+01     2.000     7   8.3308
     6889     0.00000     0.6954E+01     2.000     7   8.3331
     6890     0.00000     0.5911E+01     2.000     7   8.3347
     6891     0.00000     0.3009E+01     2.000     7   8.3362
     6892     0.00000     0.3984E+01     2.000     6   8.3378
     6893     0.00000     0.3829E+01     2.000     6   8.3378
     6894     0.00000     0.3840E+01     2.000     6   8.3378
     6898     0.00000     0.5172E+01     2.000     7   8.3402
     6899     0.00000     0.4564E+01     2.000     6   8.3430
     6901     0.00000     0.3187E+01     2.000     7   8.3436
     6902     0.00000     0.6719E+01     2.000     7   8.3449
     6903     0.00000     0.1682E+02     2.000     7   8.3453
     6906     0.00000     0.4325E+01     2.000     7   8.3530
     6907     0.00000     0.2914E+01     2.000     7   8.3532
     6908     0.00000     0.3054E+01     2.000     7   8.3551
     6909     0.00000     0.5997E+01     2.000     7   8.3572
     6910     0.00000     0.6059E+01     2.000     7   8.3572
     6911     0.00000     0.7378E+01     2.000     7   8.3578
     6912     0.00000     0.6025E+01     2.000     7   8.3578
     6913     0.00000     0.2868E+01     2.000     7   8.3584
     6914     0.00000     0.2900E+01     2.000     7   8.3605
     6915     0.00000     0.5056E+01     2.000     6   8.3630
     6916     0.00000     0.4469E+01     2.000     6   8.3630
     6917     0.00000     0.5146E+01     2.000     7   8.3676
     6918     0.00000     0.1021E+02     2.000     7   8.3701
     6919     0.00000     0.1611E+02     2.000     7   8.3705
     6920     0.00000     0.7424E+01     2.000     7   8.3731
     6922     0.00000     0.3784E+01     2.000     6   8.3742
     6923     0.00000     0.3883E+01     2.000     7   8.3758
     6924     0.00000     0.7635E+01     2.000     7   8.3781
     6925     0.00000     0.4620E+01     2.000     6   8.3808
     6927     0.00000     0.3126E+01     2.000     7   8.3821
     6928     0.00000     0.3237E+01     2.000     6   8.3827
     6929     0.00000     0.7067E+01     2.000     7   8.3825
     6930     0.00000     0.6824E+01     2.000     7   8.3825
     6931     0.00000     0.7953E+01     2.000     7   8.3825
     6932     0.00000     0.6317E+01     2.000     7   8.3839
     6933     0.00000     0.4904E+01     2.000     7   8.3880
     6934     0.00000     0.5658E+01     2.000     7   8.3898
     6935     0.00000     0.6322E+01     2.000     7   8.3898
     6937     0.00000     0.4082E+01     2.000     7   8.3902
     6938     0.00000     0.8564E+01     2.000     7   8.3954
     6939     0.00000     0.7310E+01     2.000     7   8.3954
     6941     0.00000     0.4799E+01     2.000     7   8.4021
     6942     0.00000     0.4592E+01     2.000     7   8.4021
     6943     0.00000     0.4960E+01     2.000     7   8.4021
     6945     0.00000     0.4598E+01     2.000     6   8.4036
     6946     0.00000     0.8574E+01     2.000     7   8.4044
     6947     0.00000     0.3894E+01     2.000     7   8.4064
     6948     0.00000     0.3549E+01     2.000     7   8.4065
     6949     0.00000     0.3572E+01     2.000     7   8.4075
     6950     0.00000     0.9548E+01     2.000     7   8.4077
     6951     0.00000     0.3511E+01     2.000     7   8.4083
     6952     0.00000     0.3973E+01     2.000     7   8.4118
     6954     0.00000     0.4104E+01     2.000     7   8.4159
     6955     0.00000     0.3437E+01     2.000     7   8.4166
     6956     0.00000     0.5712E+01     2.000     7   8.4177
     6957     0.00000     0.2965E+01     2.000     7   8.4181
     6958     0.00000     0.4442E+01     2.000     7   8.4178
     6959     0.00000     0.4723E+01     2.000     6   8.4213
     6960     0.00000     0.6498E+01     2.000     7   8.4252
     6961     0.00000     0.5977E+01     2.000     7   8.4274
     6962     0.00000     0.6483E+01     2.000     7   8.4274
     6963     0.00000     0.3073E+01     2.000     7   8.4280
     6964     0.00000     0.5784E+01     2.000     7   8.4301
     6965     0.00000     0.5821E+01     2.000     7   8.4301
     6966     0.00000     0.7595E+01     2.000     7   8.4323
     6967     0.00000     0.3413E+01     2.000     7   8.4386
     6968     0.00000     0.4830E+01     2.000     7   8.4411
     6970     0.00000     0.6787E+01     2.000     7   8.4454
     6971     0.00000     0.4279E+01     2.000     7   8.4470
     6973     0.00000     0.3549E+01     2.000     6   8.4524
     6974     0.00000     0.6262E+01     2.000     7   8.4608
     6975     0.00000     0.1238E+02     2.000     7   8.4629
     6976     0.00000     0.6176E+01     2.000     7   8.4629
     6977     0.00000     0.6681E+01     2.000     7   8.4629
     6978     0.00000     0.6063E+01     2.000     7   8.4629
     6980     0.00000     0.7189E+01     2.000     7   8.4714
     6981     0.00000     0.6930E+01     2.000     7   8.4731
     6983     0.00000     0.4599E+01     2.000     6   8.4819
     6984     0.00000     0.8757E+01     2.000     7   8.4827
     6985     0.00000     0.6414E+01     2.000     7   8.4872
     6986     0.00000     0.3838E+01     2.000     7   8.4878
     6987     0.00000     0.1362E+02     2.000     7   8.4881
     6988     0.00000     0.1059E+02     2.000     7   8.4881
     6989     0.00000     0.9526E+01     2.000     7   8.4966
     6990     0.00000     0.2767E+01     2.000     7   8.5005
     6991     0.00000     0.3447E+01     2.000     7   8.5063
     6993     0.00000     0.6036E+01     2.000     7   8.5078
     6994     0.00000     0.3053E+01     2.000     7   8.5151
     6995     0.00000     0.6134E+01     2.000     7   8.5163
     6996     0.00000     0.4199E+01     2.000     7   8.5168
     6997     0.00000     0.3915E+01     2.000     7   8.5168
     6998     0.00000     0.4817E+01     2.000     7   8.5215
     6999     0.00000     0.4585E+01     2.000     7   8.5215
     7001     0.00000     0.3498E+01     2.000     7   8.5409
     7002     0.00000     0.5273E+01     2.000     7   8.5473
     7003     0.00000     0.3310E+01     2.000     7   8.5641
     7004     0.00000     0.4239E+01     2.000     6   8.5723
     7005     0.00000     0.4884E+01     2.000     6   8.5732
     7006     0.00000     0.3099E+01     2.000     7   8.5748
     7007     0.00000     0.3395E+01     2.000     6   8.5751
     7008     0.00000     0.1338E+02     2.000     7   8.5804
     7009     0.00000     0.4893E+01     2.000     7   8.5819
     7010     0.00000     0.6616E+01     2.000     7   8.5842
     7011     0.00000     0.9447E+01     2.000     7   8.5968
     7013     0.00000     0.1932E+02     2.000     7   8.6057
     7014     0.00000     0.5667E+01     2.000     7   8.6154
     7015     0.00000     0.6021E+01     2.000     7   8.6209
     7016     0.00000     0.1203E+02     2.000     7   8.6254
     7017     0.00000     0.3886E+01     2.000     7   8.6300
     7018     0.00000     0.4928E+01     2.000     7   8.6306
     7019     0.00000     0.3147E+01     2.000     6   8.6311
     7020     0.00000     0.3493E+01     2.000     6   8.6334
     7022     0.00000     0.2913E+01     2.000     7   8.6408
     7023     0.00000     0.3287E+01     2.000     7   8.6440
     7024     0.00000     0.7144E+01     2.000     7   8.6448
     7025     0.00000     0.4352E+01     2.000     7   8.6455
     7026     0.00000     0.3159E+01     2.000     7   8.6487
     7028     0.00000     0.4111E+01     2.000     6   8.6505
     7029     0.00000     0.3028E+01     2.000     6   8.6562
     7030     0.00000     0.3015E+01     2.000     6   8.6566
     7031     0.00000     0.4954E+01     2.000     7   8.6618
     7032     0.00000     0.6221E+01     2.000     7   8.6684
     7033     0.00000     0.3072E+01     2.000     5   8.6701
     7034     0.00000     0.1036E+02     2.000     7   8.6751
     7035     0.00000     0.3187E+01     2.000     7   8.6764
     7036     0.00000     0.3289E+01     2.000     7   8.6851
     7037     0.00000     0.3647E+01     2.000     6   8.6861
     7038     0.00000     0.1166E+02     2.000     7   8.6884
     7039     0.00000     0.4713E+01     2.000     7   8.6890
     7040     0.00000     0.4338E+01     2.000     7   8.6889
     7041     0.00000     0.5866E+01     2.000     7   8.6911
     7042     0.00000     0.5279E+01     2.000     7   8.6917
     7043     0.00000     0.4189E+01     2.000     5   8.6954
     7044     0.00000     0.3145E+01     2.000     6   8.6986
     7045     0.00000     0.3249E+01     2.000     5   8.7070
     7046     0.00000     0.5042E+01     2.000     7   8.7089
     7047     0.00000     0.5079E+01     2.000     6   8.7113
     7048     0.00000     0.6123E+01     2.000     7   8.7132
     7050     0.00000     0.4137E+01     2.000     7   8.7243
     7051     0.00000     0.6320E+01     2.000     6   8.7278
     7052     0.00000     0.3006E+01     2.000     6   8.7310
     7053     0.00000     0.2968E+01     2.000     6   8.7310
     7054     0.00000     0.3964E+01     2.000     6   8.7398
     7055     0.00000     0.4907E+01     2.000     7   8.7400
     7056     0.00000     0.5205E+01     2.000     6   8.7427
     7057     0.00000     0.7893E+01     2.000     7   8.7437
     7058     0.00000     0.3503E+01     2.000     6   8.7464
     7059     0.00000     0.4639E+01     2.000     6   8.7563
     7060     0.00000     0.5090E+01     2.000     7   8.7563
     7061     0.00000     0.4652E+01     2.000     7   8.7564
     7062     0.00000     0.5216E+01     2.000     7   8.7633
     7063     0.00000     0.1162E+02     2.000     7   8.7647
     7064     0.00000     0.3866E+01     2.000     7   8.7664
     7065     0.00000     0.4986E+01     2.000     7   8.7693
     7066     0.00000     0.4770E+01     2.000     7   8.7696
     7067     0.00000     0.6651E+01     2.000     7   8.7722
     7068     0.00000     0.2941E+01     2.000     5   8.7745
     7069     0.00000     0.5436E+01     2.000     7   8.7766
     7070     0.00000     0.5480E+01     2.000     6   8.7952
     7071     0.00000     0.2706E+01     2.000     6   8.7984
     7072     0.00000     0.6962E+01     2.000     7   8.8111
     7073     0.00000     0.7144E+01     2.000     7   8.8135
     7074     0.00000     0.3403E+01     2.000     6   8.8138
     7075     0.00000     0.3410E+01     2.000     6   8.8138
     7076     0.00000     0.3822E+01     2.000     7   8.8139
     7077     0.00000     0.2968E+01     2.000     7   8.8185
     7078     0.00000     0.3017E+01     2.000     7   8.8185
     7079     0.00000     0.5181E+01     2.000     7   8.8194
     7080     0.00000     0.5219E+01     2.000     6   8.8203
     7081     0.00000     0.1154E+02     2.000     7   8.8213
     7082     0.00000     0.4549E+01     2.000     6   8.8237
     7083     0.00000     0.3542E+01     2.000     7   8.8323
     7085     0.00000     0.4249E+01     2.000     6   8.8391
     7086     0.00000     0.6618E+01     2.000     7   8.8396
     7087     0.00000     0.3334E+01     2.000     7   8.8430
     7088     0.00000     0.4347E+01     2.000     7   8.8437
     7089     0.00000     0.4332E+01     2.000     7   8.8437
     7090     0.00000     0.3089E+01     2.000     7   8.8508
     7091     0.00000     0.3252E+01     2.000     7   8.8603
     7092     0.00000     0.3825E+01     2.000     6   8.8601
     7093     0.00000     0.4296E+01     2.000     6   8.8675
     7094     0.00000     0.4305E+01     2.000     7   8.8698
     7095     0.00000     0.4045E+01     2.000     7   8.8698
     7096     0.00000     0.6756E+01     2.000     7   8.8715
     7097     0.00000     0.3605E+01     2.000     7   8.8722
     7098     0.00000     0.3579E+01     2.000     7   8.8722
     7099     0.00000     0.2831E+01     2.000     6   8.8836
     7100     0.00000     0.3326E+01     2.000     7   8.8855
     7101     0.00000     0.5972E+01     2.000     7   8.8925
     7102     0.00000     0.6043E+01     2.000     7   8.8943
     7103     0.00000     0.2788E+01     2.000     7   8.8994
     7104     0.00000     0.6575E+01     2.000     7   8.8999
     7105     0.00000     0.4127E+01     2.000     7   8.8998
     7106     0.00000     0.2862E+01     2.000     6   8.9020
     7107     0.00000     0.3553E+01     2.000     7   8.9046
     7108     0.00000     0.4345E+01     2.000     6   8.9060
     7109     0.00000     0.3813E+01     2.000     7   8.9111
     7110     0.00000     0.3719E+01     2.000     7   8.9111
     7111     0.00000     0.4520E+01     2.000     7   8.9157
     7112     0.00000     0.3102E+01     2.000     7   8.9167
     7113     0.00000     0.4368E+01     2.000     7   8.9189
     7114     0.00000     0.4562E+01     2.000     7   8.9210
     7115     0.00000     0.6222E+01     2.000     7   8.9313
     7116     0.00000     0.5834E+01     2.000     7   8.9348
     7117     0.00000     0.4077E+01     2.000     7   8.9372
     7118     0.00000     0.5526E+01     2.000     7   8.9389
     7119     0.00000     0.4023E+01     2.000     7   8.9396
     7120     0.00000     0.4051E+01     2.000     7   8.9396
     7121     0.00000     0.3273E+01     2.000     7   8.9462
     7122     0.00000     0.3141E+01     2.000     7   8.9474
     7123     0.00000     0.4771E+01     2.000     7   8.9497
     7124     0.00000     0.3922E+01     2.000     7   8.9503
     7125     0.00000     0.2689E+01     2.000     7   8.9557
     7126     0.00000     0.4845E+01     2.000     7   8.9600
     7127     0.00000     0.6699E+01     2.000     7   8.9625
     7128     0.00000     0.5569E+01     2.000     7   8.9653
     7129     0.00000     0.1173E+02     2.000     7   8.9674
     7130     0.00000     0.4183E+01     2.000     7   8.9688
     7131     0.00000     0.3608E+01     2.000     7   8.9750
     7132     0.00000     0.4073E+01     2.000     7   8.9780
     7133     0.00000     0.4149E+01     2.000     7   8.9780
     7134     0.00000     0.8786E+01     2.000     7   8.9790
     7135     0.00000     0.4137E+01     2.000     7   8.9850
     7136     0.00000     0.4109E+01     2.000     7   8.9884
     7137     0.00000     0.5505E+01     2.000     7   8.9909
     7138     0.00000     0.2980E+01     2.000     7   8.9934
     7139     0.00000     0.4113E+01     2.000     7   8.9975
