# # Once                                                         FEFF 10.0.0 
# # POT  SCF 100  9.0000   0, core-hole, FOLP (folp(0)= 1.150)
# # Abs   Z=30 Rmt= 1.412 Rnm= 1.530 K  shell
# #   RGRID 0.0100
# # Pot 1 Z= 6 Rmt= 0.808 Rnm= 1.034
# # Pot 2 Z= 6 Rmt= 0.798 Rnm= 1.006
# # Pot 3 Z= 6 Rmt= 0.807 Rnm= 1.033
# # Pot 4 Z= 6 Rmt= 0.776 Rnm= 1.002
# # Pot 5 Z= 6 Rmt= 0.900 Rnm= 1.123
# # Pot 6 Z= 6 Rmt= 0.933 Rnm= 1.171
# # Pot 7 Z= 1 Rmt= 0.555 Rnm= 0.959
# # Pot 8 Z= 1 Rmt= 0.497 Rnm= 0.872
# # Pot 9 Z= 7 Rmt= 0.787 Rnm= 0.989
# # Pot10 Z= 7 Rmt= 0.810 Rnm= 0.996
# # Pot11 Z=16 Rmt= 1.241 Rnm= 1.463
# # Gam_ch=1.897E+00 H-L exch Vi= 0.000E+00 Vr= 0.000E+00
# # Mu=-7.607E+00eV kf=2.144E+00 Vint=-1.455E+01eV Rs_int= 1.692
# # PATH  Rmax= 9.000,  Keep_limit= 0.00, Heap_limit 0.00  Pwcrit= 2.50%
#  S02=1.000  Temp=  10.00  Debye_temp= 315.00  Global_sig2= 0.00000
#  Energy zero shift, vr, vi    0.00000E+00   0.00000E+00
#  Curved wave amplitude ratio filter   4.000%
#     file         sig2 tot  cw amp ratio   deg  nlegs   reff  inp sig2
#           1       0.00439    100.00      1.00     2   2.1556
#           2       0.00365     99.94      1.00     2   2.1561
#           3       0.00295     84.43      1.00     2   2.3587
#           4       0.00307     84.26      1.00     2   2.3604
#           5       0.02916     12.98      1.00     2   2.7465
#           6       0.00347     43.38      1.00     2   2.9511
#           7       0.00308     42.63      1.00     2   2.9707
#           8       0.00466     41.70      1.00     2   3.0071
#           9       0.02035      9.94      1.00     2   3.0438
#          10       0.00623     38.88      1.00     2   3.1014
#          11       0.02154      8.65      1.00     2   3.2099
#          12       0.00476     51.15      2.00     3   3.2507
#          13       0.00360     44.79      2.00     3   3.2518
#          14       0.00267     45.51      2.00     3   3.2597
#          15       0.00430     32.91      1.00     2   3.2869
#          16       0.02189      7.92      1.00     2   3.3190
#          17       0.00489     81.63      2.00     3   3.3892
#          18       0.01412     17.10      2.00     3   3.4590
#          19       0.00519     67.44      1.00     4   3.4914
#          20       0.00627     17.99      1.00     4   3.4944
#          21       0.00917      9.15      2.00     3   3.5232
#          22       0.00472     11.90      1.00     4   3.5488
#          23       0.00517     11.05      1.00     4   3.5525
#          24       0.00966      8.81      2.00     3   3.5965
#          25       0.01742      6.26      1.00     2   3.6245
#          26       0.00343     35.93      2.00     3   3.6357
#          27       0.00839     24.96      1.00     2   3.6605
#          28       0.01064      8.98      2.00     3   3.6791
#          29       0.01298      6.16      2.00     3   3.6787
#          30       0.02115      5.73      1.00     2   3.7441
#          31       0.01634      5.94      2.00     3   3.7486
#          32       0.01314      5.93      2.00     3   3.7640
#          33       0.01318      6.39      2.00     3   3.7870
#          34       0.00810      9.62      2.00     4   3.8123
#          35       0.00356      7.74      2.00     3   3.8143
#          36       0.02739      7.33      1.00     4   3.8165
#          37       0.01871      5.41      1.00     2   3.8256
#          38       0.01915      5.33      1.00     2   3.8454
#          39       0.00921      9.40      2.00     4   3.8972
#          40       0.02153      5.10      1.00     2   3.9075
#          41       0.00435     37.94      2.00     3   3.9107
#          42       0.01006     11.40      2.00     4   3.9227
#          43       0.01186      7.55      2.00     3   3.9383
#          44       0.00471     19.74      1.00     2   3.9597
#          45       0.00335     19.55      1.00     2   3.9680
#          46       0.00931      7.66      2.00     3   3.9717
#          49       0.00459      5.79      2.00     3   3.9957
#          50       0.00332     18.79      1.00     2   4.0369
#          51       0.01363     15.61      2.00     3   4.0394
#          53       0.00394     12.63      2.00     3   4.0637
#          54       0.00805     17.79      2.00     4   4.0739
#          55       0.01482      5.75      1.00     4   4.0758
#          56       0.00230     32.71      2.00     3   4.1409
#          59       0.00514      7.55      2.00     3   4.1518
#          60       0.00843      7.77      2.00     3   4.1577
#          61       0.00370      7.76      2.00     3   4.1588
#          62       0.00383     29.03      2.00     3   4.1604
#          63       0.00460     14.05      1.00     4   4.1609
#          64       0.00382     12.54      1.00     4   4.1700
#          65       0.01092     13.29      1.00     4   4.1714
#          66       0.00424     25.77      2.00     3   4.1732
#          67       0.00438     24.81      2.00     3   4.1895
#          69       0.00448     16.70      1.00     2   4.2041
#          70       0.00400     10.91      2.00     3   4.2119
#          71       0.01603      4.84      1.00     4   4.2419
#          73       0.00866     49.98      2.00     3   4.2726
#          74       0.00857      4.58      2.00     3   4.2780
#          75       0.01383      4.92      2.00     3   4.2813
#          76       0.00837      7.43      2.00     5   4.2827
#          77       0.00903      4.60      2.00     5   4.2838
#          78       0.00969      4.78      2.00     4   4.2856
#          79       0.00943      4.59      2.00     3   4.2879
#          81       0.01328      4.93      2.00     3   4.2925
#          82       0.00373     16.83      2.00     4   4.3073
#          83       0.00409      8.06      2.00     3   4.3089
#          84       0.00419     33.77      2.00     3   4.3113
#          85       0.00878     10.43      1.00     4   4.3111
#          86       0.00730     10.42      1.00     4   4.3122
#          87       0.00499     23.30      2.00     4   4.3142
#          89       0.00277     25.54      1.00     4   4.3221
#          90       0.01085      4.97      2.00     3   4.3296
#          91       0.01764      4.97      2.00     4   4.3319
#          92       0.00483     18.26      2.00     3   4.3337
#          93       0.00376     15.16      1.00     2   4.3352
#          94       0.00285     50.19      1.00     4   4.3410
#          95       0.00480     25.53      1.00     4   4.3454
#          96       0.00467     19.84      2.00     4   4.3464
#          97       0.00444     21.97      1.00     4   4.3475
#          98       0.01615      4.41      1.00     4   4.3510
#          99       0.00453     22.42      1.00     4   4.3529
#         100       0.00416      6.06      2.00     3   4.3546
#         101       0.00470     43.43      2.00     3   4.3574
#         102       0.00410     22.15      1.00     4   4.3639
#         103       0.00566     14.90      2.00     4   4.3644
#         104       0.00501     27.95      2.00     4   4.3657
#         105       0.00317     28.17      2.00     4   4.3707
#         106       0.00375     13.48      1.00     4   4.3784
#         107       0.00251     53.00      2.00     4   4.3797
#         108       0.00512     33.02      1.00     4   4.3796
#         109       0.00366      5.48      2.00     3   4.3811
#         110       0.00973     16.96      2.00     5   4.3878
#         111       0.00965      6.43      2.00     5   4.3907
#         113       0.00438     26.98      2.00     4   4.4041
#         114       0.00438     21.74      1.00     4   4.4184
#         115       0.00474     12.13      1.00     4   4.4192
#         116       0.00675     13.82      2.00     5   4.4212
#         117       0.00816      6.67      2.00     3   4.4255
#         118       0.00463     25.89      2.00     4   4.4417
#         121       0.01166      6.17      2.00     3   4.4613
#         122       0.00860      8.40      2.00     4   4.4615
#         123       0.00422     28.02      2.00     3   4.4863
#         124       0.00490     23.55      2.00     4   4.4933
#         125       0.00588     16.37      2.00     4   4.5010
#         126       0.00598      4.02      2.00     3   4.5047
#         127       0.00507     45.04      2.00     4   4.5085
#         131       0.00660     25.23      1.00     6   4.5234
#         132       0.00832      8.78      1.00     6   4.5264
#         133       0.00730      4.22      2.00     4   4.5282
#         134       0.01906      6.89      2.00     5   4.5290
#         135       0.04694      8.87      2.00     5   4.5290
#         136       0.00757      4.24      2.00     4   4.5381
#         137       0.00434      7.85      2.00     3   4.5597
#         138       0.00453     42.06      2.00     4   4.5616
#         139       0.00418     13.01      2.00     3   4.5623
#         140       0.00928      8.21      2.00     4   4.5737
#         141       0.00799      7.86      1.00     6   4.5808
#         142       0.00912      4.99      1.00     6   4.5845
#         143       0.00355      8.02      2.00     3   4.5856
#         144       0.00464     43.37      2.00     4   4.5886
#         145       0.00529     66.27      2.00     5   4.5890
#         146       0.00382     27.22      2.00     5   4.5901
#         147       0.00590     49.18      2.00     5   4.5956
#         148       0.00612     49.50      2.00     5   4.5965
#         150       0.00612     47.23      2.00     5   4.6033
#         151       0.00639     25.84      2.00     5   4.6081
#         152       0.00520     37.09      2.00     5   4.6093
#         153       0.00473     74.57      2.00     5   4.6108
#         154       0.01031     25.84      1.00     4   4.6227
#         155       0.00440     48.35      2.00     5   4.6229
#         156       0.01032      6.22      2.00     5   4.6285
#         157       0.00582      8.50      1.00     4   4.6305
#         158       0.00489     86.90      2.00     5   4.6301
#         160       0.00667     24.35      1.00     4   4.6373
#         161       0.00457     24.08      2.00     5   4.6472
#         162       0.00510     48.27      2.00     5   4.6482
#         163       0.00476     50.07      2.00     5   4.6530
#         165       0.00536     12.92      2.00     3   4.6565
#         168       0.00455     57.00      2.00     5   4.6688
#         169       0.00482     32.23      2.00     5   4.6714
#         170       0.01147      5.66      2.00     4   4.6912
#         171       0.00558      4.73      2.00     3   4.6924
#         172       0.01068     15.47      2.00     5   4.7057
#         173       0.01232      6.23      2.00     5   4.7111
#         174       0.00590      5.72      1.00     4   4.7173
#         176       0.00614      5.70      1.00     4   4.7208
#         177       0.00934      5.20      2.00     4   4.7223
#         178       0.01158     99.44      2.00     5   4.7250
#         181       0.00648     64.34      2.00     5   4.7396
#         182       0.00387      7.51      2.00     4   4.7521
#         183       0.00431      9.39      2.00     3   4.7532
#         184       0.01609      6.21      2.00     4   4.7581
#         185       0.00632     12.58      2.00     4   4.7609
#         186       0.00350      8.29      2.00     4   4.7649
#         187       0.00381      8.28      2.00     4   4.7668
#         188       0.01167     17.05      2.00     4   4.7754
#         190       0.00551     33.33      2.00     5   4.7824
#         191       0.01609      7.38      2.00     4   4.7829
#         193       0.00969     10.43      2.00     4   4.7864
#         196       0.00534      7.76      2.00     4   4.8153
#         197       0.01368      4.43      2.00     5   4.8190
#         198       0.00911     11.41      2.00     4   4.8251
#         199       0.01212    103.00      1.00     6   4.8273
#         200       0.00462     12.13      2.00     4   4.8292
#         201       0.00985      9.65      2.00     4   4.8324
#         202       0.01332     41.49      1.00     6   4.8327
#         203       0.00789      8.85      2.00     4   4.8353
#         204       0.00407     10.10      2.00     4   4.8377
#         205       0.00702     30.90      1.00     6   4.8402
#         206       0.00609     47.77      1.00     6   4.8419
#         207       0.01266      6.14      2.00     6   4.8443
#         208       0.00449      6.36      2.00     3   4.8492
#         209       0.01071      6.24      2.00     4   4.8488
#         210       0.00326     10.29      2.00     4   4.8489
#         212       0.00384      7.83      2.00     4   4.8591
#         213       0.01589      6.62      2.00     4   4.8597
#         214       0.00442      7.35      2.00     3   4.8666
#         215       0.00890     18.76      2.00     5   4.8668
#         216       0.00403      8.41      2.00     4   4.8680
#         217       0.01598      7.12      2.00     4   4.8816
#         218       0.00767     10.42      2.00     3   4.8837
#         219       0.01078      6.84      2.00     3   4.8852
#         220       0.00909     88.70      2.00     6   4.8847
#         221       0.00935      8.05      2.00     4   4.8888
#         222       0.00909     48.15      2.00     6   4.8908
#         223       0.02953      5.18      2.00     3   4.8914
#         224       0.00950     27.39      2.00     5   4.8935
#         225       0.02982      5.88      2.00     4   4.9026
#         226       0.00384      9.39      2.00     4   4.9043
#         228       0.00321     11.42      2.00     4   4.9090
#         229       0.00622      4.89      1.00     4   4.9109
#         230       0.01340      4.11      2.00     4   4.9123
#         231       0.00919     15.64      2.00     5   4.9165
#         232       0.00383     10.87      2.00     4   4.9176
#         233       0.00706     46.03      1.00     6   4.9191
#         234       0.00653     26.64      1.00     6   4.9236
#         235       0.01514      6.42      2.00     6   4.9292
#         236       0.00852     11.54      2.00     5   4.9322
#         238       0.00981     26.97      1.00     6   4.9421
#         239       0.01460      7.99      2.00     3   4.9444
#         240       0.01069     25.24      1.00     6   4.9490
#         241       0.01433      4.41      2.00     3   4.9517
#         242       0.00449     18.95      2.00     4   4.9515
#         243       0.00640     10.19      1.00     4   4.9525
#         244       0.01008     11.81      2.00     5   4.9528
#         245       0.00962      6.02      2.00     3   4.9532
#         246       0.01440      7.73      2.00     6   4.9547
#         247       0.00545      9.62      2.00     4   4.9563
#         248       0.01719      4.25      2.00     3   4.9590
#         250       0.00532     10.42      1.00     2   4.9627
#         251       0.01039     20.57      2.00     5   4.9676
#         252       0.01322      5.08      2.00     5   4.9703
#         257       0.00426     16.76      2.00     4   4.9859
#         258       0.01241      7.01      2.00     5   4.9880
#         259       0.00989      9.31      2.00     5   4.9919
#         260       0.01010     14.23      2.00     5   4.9929
#         261       0.00357     11.61      2.00     5   4.9957
#         262       0.00925      4.48      2.00     5   4.9958
#         263       0.01353      5.22      2.00     5   5.0037
#         264       0.00564     23.46      2.00     5   5.0066
#         265       0.01326      4.82      2.00     3   5.0110
#         266       0.01375      9.78      2.00     5   5.0146
#         267       0.00993      9.63      2.00     5   5.0161
#         268       0.00958     15.37      2.00     5   5.0173
#         269       0.00995      9.05      2.00     5   5.0184
#         271       0.00532     27.40      2.00     5   5.0199
#         272       0.00801     12.01      2.00     4   5.0220
#         273       0.01050     18.52      2.00     5   5.0248
#         274       0.00529     34.25      2.00     3   5.0261
#         275       0.00362     20.28      2.00     5   5.0301
#         276       0.00409     11.23      2.00     4   5.0322
#         277       0.01110      9.81      2.00     5   5.0364
#         278       0.01022     10.23      2.00     5   5.0376
#         279       0.00520     14.09      2.00     4   5.0423
#         280       0.00328      8.75      2.00     5   5.0429
#         281       0.00880      9.63      2.00     5   5.0459
#         283       0.00616      9.40      2.00     5   5.0499
#         284       0.00244     19.50      2.00     5   5.0544
#         285       0.00607      4.03      2.00     4   5.0570
#         286       0.00585     31.26      2.00     5   5.0586
#         287       0.00499     15.23      2.00     5   5.0589
#         288       0.00528     25.80      2.00     5   5.0645
#         289       0.00563     13.40      2.00     5   5.0656
#         291       0.01745      8.30      2.00     5   5.0719
#         292       0.00554     23.16      2.00     3   5.0740
#         293       0.00812     10.29      2.00     4   5.0761
#         294       0.00511      8.08      2.00     5   5.0787
#         296       0.00787      9.80      2.00     4   5.0889
#         297       0.00560     30.26      1.00     4   5.0896
#         299       0.00439     14.01      2.00     5   5.0926
#         300       0.00483     29.67      2.00     5   5.0931
#         301       0.01381      6.31      2.00     5   5.1023
#         302       0.01182     11.67      2.00     6   5.1059
#         303       0.00734      6.08      1.00     4   5.1069
#         304       0.00835      4.19      1.00     4   5.1069
#         305       0.00781      7.81      2.00     4   5.1072
#         306       0.02128      8.82      2.00     5   5.1094
#         307       0.00718      8.38      2.00     4   5.1102
#         308       0.00420     11.47      2.00     4   5.1148
#         310       0.02000      9.27      2.00     5   5.1252
#         311       0.00596      7.73      2.00     4   5.1262
#         312       0.00888      7.86      2.00     5   5.1324
#         313       0.00799      7.34      2.00     5   5.1361
#         314       0.00831      7.58      2.00     4   5.1374
#         315       0.00474     37.75      2.00     4   5.1375
#         316       0.00451     12.98      2.00     5   5.1384
#         317       0.00772     22.54      2.00     5   5.1450
#         318       0.00914     28.46      2.00     6   5.1482
#         320       0.00913     16.97      2.00     5   5.1526
#         321       0.00346      8.78      2.00     3   5.1575
#         322       0.00855     21.12      2.00     5   5.1577
#         323       0.01854      7.50      2.00     5   5.1604
#         325       0.00507      4.18      2.00     4   5.1627
#         326       0.01313      7.65      2.00     4   5.1632
#         327       0.00469     10.73      2.00     5   5.1647
#         328       0.00678     12.84      2.00     3   5.1671
#         331       0.00869      8.13      2.00     4   5.1711
#         332       0.01496      6.57      2.00     4   5.1719
#         333       0.00866      6.10      2.00     5   5.1729
#         334       0.01107      5.53      2.00     4   5.1734
#         335       0.01037      7.52      2.00     4   5.1734
#         336       0.00438      8.58      2.00     3   5.1753
#         338       0.00815      8.65      2.00     5   5.1781
#         339       0.01034      5.60      2.00     4   5.1808
#         340       0.01089      5.50      2.00     4   5.1819
#         341       0.01078     27.69      2.00     6   5.1826
#         342       0.01355      5.36      2.00     5   5.1834
#         343       0.00363     28.91      2.00     5   5.1832
#         344       0.00812      7.35      2.00     4   5.1859
#         345       0.00934     19.19      1.00     4   5.1854
#         346       0.00945     10.83      2.00     5   5.1858
#         347       0.00741      6.65      2.00     5   5.1925
#         348       0.00826     13.38      2.00     5   5.1933
#         350       0.00965      5.61      2.00     4   5.1968
#         351       0.00948      5.32      2.00     4   5.2051
#         352       0.01201     18.35      2.00     6   5.2055
#         353       0.01043      4.74      2.00     4   5.2069
#         355       0.02448      8.28      2.00     3   5.2112
#         356       0.00810     13.38      2.00     5   5.2145
#         357       0.00424     24.89      2.00     5   5.2171
#         358       0.02478      8.46      2.00     3   5.2185
#         359       0.00808      5.77      2.00     5   5.2219
#         360       0.00516     11.19      2.00     5   5.2219
#         361       0.00941     13.00      2.00     5   5.2272
#         362       0.00594      7.05      2.00     4   5.2293
#         365       0.01001     18.35      2.00     6   5.2355
#         368       0.00988      6.12      2.00     5   5.2403
#         369       0.01018      6.17      2.00     4   5.2412
#         370       0.02228      8.65      1.00     6   5.2414
#         372       0.00802      5.96      2.00     5   5.2488
#         373       0.00298      9.89      2.00     4   5.2534
#         375       0.00717     11.16      2.00     4   5.2575
#         376       0.00924      5.09      2.00     4   5.2575
#         377       0.02404      8.12      1.00     4   5.2610
#         378       0.02380      7.77      1.00     4   5.2610
#         379       0.01468     21.24      2.00     6   5.2610
#         380       0.00390     10.08      2.00     4   5.2630
#         381       0.00876     11.83      2.00     5   5.2657
#         382       0.00566     13.57      2.00     4   5.2679
#         383       0.01201     22.07      2.00     6   5.2683
#         384       0.01172      4.07      2.00     5   5.2685
#         385       0.01293     23.39      2.00     6   5.2685
#         386       0.01108      4.62      2.00     4   5.2717
#         387       0.01821     11.69      2.00     5   5.2742
#         388       0.00332     25.21      2.00     6   5.2738
#         389       0.00471      6.22      2.00     4   5.2841
#         390       0.00419     12.59      2.00     4   5.2852
#         391       0.00609     48.49      2.00     6   5.2855
#         392       0.00391      8.74      1.00     2   5.2859
#         393       0.00807      9.06      2.00     3   5.2882
#         394       0.00733      9.00      2.00     5   5.2882
#         395       0.00804      5.45      2.00     3   5.2901
#         396       0.01377     17.24      2.00     6   5.2937
#         397       0.00557      6.53      2.00     4   5.2996
#         399       0.00958      5.36      2.00     5   5.3004
#         401       0.00867      5.13      2.00     5   5.3046
#         402       0.00875      5.86      2.00     4   5.3058
#         403       0.00841     14.52      2.00     5   5.3075
#         404       0.00399      6.10      2.00     4   5.3097
#         405       0.00753     13.71      2.00     4   5.3104
#         407       0.00406     12.34      1.00     4   5.3138
#         409       0.01671      5.59      2.00     7   5.3148
#         411       0.00980      5.59      2.00     3   5.3166
#         413       0.01009     15.30      2.00     6   5.3191
#         414       0.00692      9.93      1.00     4   5.3197
#         415       0.00812     13.48      2.00     5   5.3198
#         416       0.00854     11.78      2.00     4   5.3216
#         417       0.00487     18.44      2.00     5   5.3212
#         418       0.00877     16.52      2.00     5   5.3221
#         419       0.00479     19.10      2.00     6   5.3223
#         421       0.00475     27.45      2.00     4   5.3242
#         422       0.00450     37.97      2.00     6   5.3242
#         424       0.00902     10.32      2.00     5   5.3280
#         425       0.00914      8.93      2.00     5   5.3298
#         426       0.00468      5.91      2.00     4   5.3311
#         427       0.00534     13.16      1.00     4   5.3308
#         428       0.00515     22.07      2.00     6   5.3309
#         429       0.00619     14.17      2.00     5   5.3315
#         430       0.01293      5.97      2.00     5   5.3316
#         431       0.01173      7.90      2.00     5   5.3352
#         432       0.00796     13.47      1.00     6   5.3374
#         433       0.01221      4.40      2.00     4   5.3390
#         434       0.00762      6.96      2.00     6   5.3393
#         435       0.00938      9.67      2.00     6   5.3393
#         436       0.00995      4.77      2.00     5   5.3404
#         437       0.00866     31.91      2.00     5   5.3419
#         439       0.00875      9.43      2.00     5   5.3426
#         440       0.00866     19.28      2.00     5   5.3438
#         441       0.00496     33.47      2.00     6   5.3434
#         442       0.00524     17.52      2.00     6   5.3436
#         443       0.00993      9.15      2.00     6   5.3462
#         444       0.00878      8.79      2.00     6   5.3462
#         445       0.01776     12.28      2.00     4   5.3482
#         446       0.01052      7.28      2.00     4   5.3501
#         447       0.01016     26.32      2.00     6   5.3502
#         448       0.01416     14.25      2.00     6   5.3541
#         449       0.01239      4.62      2.00     5   5.3564
#         450       0.00926      4.49      2.00     5   5.3567
#         452       0.00857     13.70      1.00     6   5.3629
#         453       0.00867     27.25      1.00     6   5.3641
#         454       0.00946     19.57      2.00     5   5.3704
#         455       0.01394     13.55      2.00     6   5.3730
#         456       0.00654     20.97      2.00     3   5.3739
#         458       0.00910     11.56      2.00     6   5.3774
#         459       0.00742      8.23      2.00     6   5.3785
#         460       0.00792      7.15      2.00     6   5.3784
#         461       0.00942      9.15      2.00     6   5.3795
#         462       0.00568      5.67      2.00     4   5.3818
#         463       0.00935     14.77      2.00     6   5.3849
#         464       0.00482     47.50      2.00     5   5.3877
#         465       0.00859     30.95      2.00     6   5.3886
#         466       0.00721      4.12      2.00     5   5.3894
#         468       0.00902      5.01      2.00     5   5.3958
#         469       0.00964      7.30      2.00     6   5.3959
#         470       0.01028      5.75      2.00     6   5.3964
#         471       0.00965      9.65      2.00     6   5.3964
#         472       0.00948      7.39      2.00     6   5.3977
#         473       0.00930      5.51      2.00     6   5.4027
#         474       0.01028      9.40      2.00     5   5.4037
#         475       0.00992      7.82      2.00     5   5.4037
#         476       0.00915     10.77      2.00     5   5.4037
#         478       0.01280      6.37      2.00     5   5.4068
#         479       0.01278      6.00      2.00     5   5.4068
#         480       0.00730      5.64      2.00     5   5.4079
#         481       0.00620      5.18      2.00     5   5.4079
#         482       0.01381     26.96      2.00     6   5.4098
#         483       0.01025      7.35      2.00     5   5.4103
#         484       0.00853      4.04      2.00     6   5.4117
#         485       0.00757     11.92      2.00     4   5.4154
#         486       0.01409      5.73      2.00     5   5.4153
#         487       0.00492      5.28      2.00     5   5.4153
#         488       0.00914      7.21      2.00     4   5.4189
#         489       0.01277     13.08      2.00     7   5.4198
#         490       0.01592      4.98      2.00     7   5.4227
#         491       0.01107     27.64      2.00     6   5.4244
#         492       0.00399      8.91      2.00     4   5.4271
#         494       0.00422     14.34      2.00     3   5.4303
#         495       0.00531     41.43      2.00     5   5.4356
#         496       0.01112     12.21      2.00     6   5.4361
#         497       0.00845      9.14      2.00     4   5.4392
#         498       0.01355      6.59      2.00     4   5.4424
#         499       0.00702      8.04      2.00     5   5.4452
#         501       0.00411      4.04      2.00     4   5.4493
#         503       0.01006      5.15      2.00     5   5.4506
#         504       0.00902     16.71      2.00     5   5.4504
#         505       0.01015     10.13      2.00     5   5.4523
#         506       0.01356     10.53      2.00     7   5.4531
#         507       0.00330      7.71      2.00     4   5.4582
#         508       0.00926     15.24      2.00     6   5.4581
#         509       0.00945     19.69      2.00     6   5.4581
#         510       0.00983      4.63      2.00     5   5.4600
#         511       0.00609     18.26      2.00     5   5.4603
#         514       0.00516     18.10      1.00     4   5.4620
#         515       0.00743      4.85      1.00     4   5.4627
#         516       0.00434      7.78      2.00     4   5.4644
#         517       0.00475     17.25      2.00     5   5.4664
#         518       0.00897     16.86      2.00     6   5.4672
#         520       0.00938      4.21      2.00     4   5.4699
#         521       0.01060      6.67      2.00     5   5.4702
#         522       0.01046      5.20      2.00     5   5.4702
#         523       0.01289      8.41      2.00     5   5.4710
#         524       0.00775     22.10      2.00     5   5.4708
#         525       0.00900     14.87      2.00     6   5.4709
#         526       0.00915     12.89      2.00     5   5.4727
#         527       0.00527     30.80      2.00     6   5.4723
#         528       0.00901     28.78      2.00     6   5.4726
#         529       0.01060     14.90      2.00     5   5.4731
#         530       0.01076      9.70      2.00     6   5.4737
#         532       0.00786      4.35      2.00     4   5.4753
#         534       0.01151      4.19      2.00     5   5.4775
#         535       0.00410      4.34      2.00     3   5.4787
#         537       0.01195     10.87      2.00     5   5.4789
#         541       0.00439     21.60      2.00     5   5.4839
#         542       0.00701      7.59      2.00     5   5.4838
#         543       0.00953      4.30      2.00     5   5.4843
#         544       0.00985      7.11      2.00     5   5.4850
#         545       0.01909      6.06      2.00     6   5.4853
#         546       0.01077      8.29      2.00     6   5.4853
#         547       0.01067      8.39      2.00     6   5.4853
#         549       0.02392      5.33      2.00     5   5.4858
#         550       0.01124      8.00      2.00     6   5.4864
#         551       0.07178      6.90      2.00     6   5.4864
#         552       0.01066      7.27      2.00     5   5.4872
#         553       0.00909      5.58      2.00     6   5.4889
#         555       0.00956     13.91      2.00     6   5.4920
#         556       0.01080      5.82      2.00     6   5.4925
#         557       0.00988      9.58      2.00     6   5.4920
#         558       0.00969      8.73      2.00     6   5.4925
#         559       0.01005     11.53      2.00     6   5.4928
#         560       0.00803     37.41      2.00     6   5.4930
#         561       0.00966      4.54      2.00     6   5.4940
#         562       0.00525      5.74      2.00     5   5.4947
#         566       0.01061     13.51      2.00     5   5.4992
#         567       0.00609     15.84      2.00     5   5.4987
#         568       0.00544      6.45      2.00     5   5.4998
#         569       0.00930      6.09      2.00     5   5.4998
#         570       0.01111     11.52      2.00     6   5.4997
#         571       0.01066      9.40      2.00     6   5.5017
#         572       0.01123      7.45      2.00     6   5.5043
#         574       0.00977      6.39      2.00     6   5.5056
#         575       0.00943     41.45      2.00     5   5.5062
#         576       0.00954      8.11      2.00     6   5.5065
#         577       0.01033      7.19      2.00     6   5.5068
#         578       0.01063     13.16      2.00     6   5.5072
#         579       0.01456     18.86      2.00     5   5.5115
#         580       0.00560     45.14      2.00     5   5.5120
#         581       0.00511      7.23      2.00     5   5.5138
#         582       0.00446     12.69      2.00     5   5.5149
#         585       0.00366     21.72      2.00     4   5.5184
#         586       0.00817      6.06      2.00     5   5.5183
#         587       0.00904      4.85      2.00     5   5.5191
#         588       0.00998     25.67      2.00     5   5.5190
#         589       0.01045     10.64      2.00     6   5.5216
#         590       0.01399     14.71      2.00     5   5.5226
#         591       0.01112      4.82      2.00     6   5.5227
#         592       0.00983      7.22      2.00     6   5.5227
#         594       0.00761      8.23      2.00     6   5.5253
#         595       0.00371      4.80      2.00     5   5.5262
#         596       0.01620      5.71      2.00     4   5.5282
#         597       0.01636      5.90      2.00     4   5.5282
#         598       0.00991     11.04      2.00     5   5.5277
#         599       0.01031     12.32      2.00     6   5.5284
#         601       0.00973      9.01      2.00     6   5.5294
#         604       0.01768      5.40      2.00     6   5.5315
#         605       0.01017      5.64      2.00     5   5.5331
#         606       0.01035      5.91      2.00     6   5.5330
#         607       0.00966     10.82      2.00     6   5.5330
#         608       0.00795      4.29      2.00     4   5.5340
#         610       0.00453      5.91      2.00     5   5.5363
#         611       0.00506     14.07      2.00     5   5.5374
#         612       0.00761     10.75      2.00     6   5.5405
#         613       0.00777     18.01      2.00     5   5.5415
#         615       0.01212      5.62      2.00     6   5.5435
#         616       0.00657      9.43      2.00     5   5.5442
#         617       0.00500      5.25      2.00     4   5.5448
#         618       0.01357     10.11      2.00     5   5.5447
#         619       0.01360      9.99      2.00     5   5.5447
#         621       0.00846      6.41      2.00     6   5.5459
#         622       0.00852      5.86      2.00     6   5.5459
#         623       0.01765      4.10      2.00     6   5.5470
#         624       0.01032      5.85      2.00     6   5.5470
#         625       0.01031      6.42      2.00     6   5.5470
#         626       0.00959      6.59      2.00     6   5.5514
#         627       0.00449     12.55      2.00     5   5.5521
#         629       0.00708     12.18      2.00     5   5.5541
#         630       0.00327     20.98      2.00     4   5.5552
#         631       0.00740     12.74      2.00     5   5.5554
#         632       0.00899      9.51      2.00     6   5.5591
#         633       0.01685     24.40      2.00     5   5.5605
#         635       0.00468      7.48      1.00     2   5.5630
#         637       0.00516      7.35      1.00     4   5.5660
#         639       0.00939      5.05      2.00     6   5.5671
#         642       0.01192      7.13      2.00     5   5.5685
#         643       0.00928      8.58      2.00     5   5.5697
#         644       0.01008      4.79      2.00     6   5.5702
#         645       0.00720      5.68      2.00     4   5.5709
#         647       0.00884     13.39      2.00     6   5.5735
#         648       0.00870     45.50      2.00     6   5.5731
#         650       0.00465      8.29      1.00     4   5.5747
#         651       0.00514     13.79      1.00     4   5.5744
#         652       0.00560     60.33      2.00     7   5.5746
#         653       0.00588     35.22      2.00     7   5.5745
#         654       0.00887     26.94      2.00     6   5.5750
#         655       0.01200      4.33      1.00     6   5.5788
#         656       0.00477     18.74      2.00     3   5.5796
#         658       0.00883     41.77      2.00     7   5.5810
#         660       0.01218      7.78      1.00     6   5.5812
#         661       0.00629      5.64      2.00     4   5.5820
#         662       0.01146     14.94      2.00     5   5.5859
#         663       0.02638     10.20      2.00     6   5.5881
#         664       0.00619     13.11      2.00     4   5.5910
#         666       0.00298      8.07      2.00     3   5.5926
#         667       0.01064     10.03      2.00     6   5.5936
#         668       0.02512      4.67      2.00     6   5.5932
#         670       0.00863     41.21      2.00     7   5.5938
#         671       0.00871     81.75      2.00     7   5.5953
#         672       0.00477     12.68      1.00     4   5.5962
#         678       0.07126      5.09      2.00     7   5.5990
#         679       0.03304      5.03      2.00     7   5.5990
#         680       0.00958      4.41      2.00     6   5.6004
#         681       0.00909     20.45      2.00     6   5.6015
#         682       0.00954     28.47      2.00     6   5.6015
#         683       0.00974      7.54      2.00     6   5.6021
#         685       0.00525     16.82      2.00     4   5.6037
#         687       0.00871      9.87      2.00     6   5.6069
#         690       0.00381      5.52      2.00     5   5.6105
#         692       0.00850      5.62      2.00     5   5.6137
#         693       0.01332     21.58      2.00     5   5.6132
#         694       0.00543      5.14      2.00     5   5.6133
#         695       0.00543     15.06      2.00     5   5.6161
#         697       0.01019      8.40      2.00     6   5.6173
#         698       0.01036      9.24      2.00     6   5.6190
#         699       0.00451      5.45      2.00     5   5.6202
#         700       0.00460      5.53      2.00     5   5.6202
#         701       0.01192     19.47      2.00     6   5.6206
#         702       0.01482      8.82      2.00     6   5.6214
#         703       0.01100     12.11      2.00     6   5.6214
#         704       0.01099     14.09      2.00     6   5.6214
#         705       0.01822     15.25      2.00     7   5.6210
#         706       0.00936     19.26      2.00     7   5.6210
#         707       0.00748     18.71      2.00     7   5.6221
#         708       0.00806     13.21      1.00     6   5.6218
#         709       0.01001     17.56      2.00     7   5.6221
#         710       0.00964      5.06      2.00     6   5.6223
#         711       0.01024      5.31      2.00     6   5.6239
#         712       0.00760     29.17      2.00     7   5.6276
#         713       0.00984     14.45      2.00     7   5.6276
#         715       0.01256     18.01      2.00     7   5.6285
#         716       0.01168     25.05      2.00     7   5.6285
#         717       0.00879      6.43      2.00     5   5.6323
#         719       0.01111      6.98      2.00     6   5.6354
#         720       0.00972     14.52      2.00     6   5.6354
#         721       0.00957     30.18      2.00     7   5.6353
#         722       0.01018     26.59      2.00     7   5.6353
#         723       0.01013     15.40      2.00     6   5.6360
#         724       0.00369     18.58      2.00     3   5.6397
#         725       0.00961     16.90      2.00     7   5.6401
#         726       0.00948     15.90      2.00     7   5.6401
#         727       0.00841      8.96      2.00     5   5.6411
#         728       0.00871     12.29      2.00     5   5.6410
#         729       0.01021      6.54      2.00     6   5.6412
#         730       0.00940     16.54      2.00     7   5.6413
#         731       0.00315     41.42      2.00     5   5.6432
#         732       0.00693     60.68      2.00     5   5.6429
#         733       0.00747     39.43      2.00     7   5.6428
#         735       0.01578      7.35      2.00     6   5.6455
#         736       0.01782     24.90      2.00     6   5.6456
#         739       0.00491     15.72      2.00     5   5.6471
#         740       0.00827     21.87      2.00     6   5.6470
#         742       0.01449      5.47      2.00     6   5.6494
#         743       0.00841     34.34      2.00     6   5.6501
#         744       0.00978      7.19      2.00     6   5.6505
#         745       0.01545      4.74      2.00     6   5.6514
#         746       0.00508      9.30      2.00     5   5.6520
#         747       0.00988     12.10      2.00     6   5.6547
#         748       0.01180     14.52      2.00     7   5.6549
#         749       0.01120     21.14      2.00     7   5.6549
#         750       0.00325     25.55      2.00     4   5.6562
#         751       0.01457      4.51      2.00     6   5.6564
#         752       0.00645     20.50      1.00     6   5.6577
#         753       0.01239      4.00      2.00     4   5.6605
#         754       0.00400      5.95      2.00     5   5.6607
#         755       0.01109     12.06      2.00     7   5.6621
#         756       0.01072     27.02      2.00     7   5.6621
#         757       0.00752      7.86      1.00     6   5.6636
#         759       0.00600     14.35      2.00     5   5.6658
#         760       0.01242      4.11      2.00     4   5.6678
#         761       0.01360     13.75      2.00     6   5.6693
#         762       0.00913      4.03      2.00     6   5.6755
#         763       0.01280      6.34      2.00     6   5.6788
#         764       0.00611      8.23      2.00     6   5.6784
#         765       0.00803     15.57      2.00     7   5.6792
#         766       0.01049     17.33      2.00     7   5.6792
#         767       0.00508     13.68      2.00     4   5.6807
#         768       0.02744     10.30      2.00     7   5.6802
#         769       0.01005     13.17      2.00     7   5.6802
#         770       0.00966      7.49      2.00     6   5.6808
#         771       0.00972      5.25      2.00     6   5.6808
#         772       0.00607     31.70      2.00     5   5.6816
#         773       0.00798     33.29      1.00     6   5.6837
#         774       0.00677     19.32      2.00     6   5.6845
#         775       0.00600     25.60      2.00     6   5.6847
#         776       0.01033      8.18      2.00     7   5.6850
#         777       0.00885     13.52      2.00     7   5.6850
#         778       0.00389     10.20      1.00     4   5.6857
#         779       0.00650     24.30      1.00     6   5.6858
#         781       0.00683     28.38      2.00     6   5.6912
#         782       0.00504     36.06      2.00     5   5.6918
#         783       0.00404     18.09      2.00     6   5.6922
#         784       0.00450      8.33      2.00     5   5.6929
#         785       0.00558      6.12      2.00     5   5.6927
#         786       0.01164     27.87      2.00     5   5.6933
#         787       0.00632     43.28      1.00     6   5.6932
#         788       0.00870      7.15      2.00     5   5.6978
#         790       0.01039     38.99      1.00     6   5.6987
#         791       0.00355     27.50      2.00     5   5.6996
#         792       0.01946     14.96      2.00     6   5.7005
#         794       0.00951      5.15      1.00     6   5.7005
#         796       0.00855     17.58      2.00     7   5.7008
#         798       0.00967     23.10      2.00     7   5.7018
#         800       0.00768     26.60      2.00     6   5.7027
#         801       0.00771     11.91      2.00     6   5.7027
#         802       0.00816     27.12      2.00     6   5.7038
#         803       0.00867     10.14      2.00     6   5.7038
#         804       0.00940     11.74      2.00     7   5.7034
#         805       0.00973     43.72      2.00     7   5.7038
#         806       0.01038      4.58      2.00     6   5.7044
#         807       0.01014     19.98      2.00     6   5.7039
#         808       0.00855     29.20      2.00     6   5.7039
#         809       0.00728     19.20      2.00     6   5.7039
#         810       0.01128     15.46      2.00     5   5.7045
#         811       0.00527      5.18      2.00     6   5.7054
#         812       0.00392      8.86      2.00     6   5.7050
#         813       0.00723      5.06      2.00     4   5.7062
#         815       0.00897      4.84      2.00     5   5.7077
#         816       0.00930     39.36      2.00     6   5.7074
#         817       0.00367      8.56      1.00     6   5.7074
#         818       0.00876     14.30      2.00     6   5.7074
#         819       0.00303     25.33      2.00     4   5.7081
#         820       0.00373     34.61      2.00     5   5.7079
#         821       0.01102      4.11      2.00     4   5.7084
#         822       0.01382      4.05      2.00     6   5.7086
#         823       0.00772      4.14      2.00     5   5.7090
#         824       0.00406      8.61      2.00     6   5.7090
#         826       0.01222      8.06      2.00     5   5.7103
#         827       0.01218      7.69      2.00     5   5.7103
#         828       0.00964      6.74      2.00     6   5.7102
#         829       0.00714     73.67      1.00     6   5.7113
#         830       0.01117     47.89      2.00     6   5.7114
#         831       0.00869     12.43      2.00     5   5.7129
#         832       0.00598     11.94      2.00     6   5.7149
#         833       0.00669     19.63      2.00     6   5.7156
#         834       0.00825      7.13      1.00     6   5.7151
#         835       0.01112     49.80      2.00     6   5.7155
#         836       0.01115      4.09      2.00     4   5.7157
#         837       0.00479     16.12      1.00     4   5.7163
#         838       0.00930     22.27      2.00     6   5.7167
#         840       0.00738     17.09      2.00     6   5.7175
#         841       0.00568      6.71      2.00     6   5.7184
#         842       0.00574     24.02      2.00     6   5.7186
#         843       0.00577      4.37      2.00     6   5.7184
#         846       0.00902      5.24      1.00     6   5.7218
#         847       0.00838      4.46      2.00     4   5.7230
#         848       0.00609     18.56      2.00     6   5.7226
#         849       0.00544     25.09      2.00     6   5.7232
#         850       0.01454     31.28      2.00     7   5.7237
#         851       0.01472     25.11      2.00     7   5.7237
#         852       0.00964      6.35      2.00     5   5.7238
#         853       0.00914     15.28      1.00     6   5.7242
#         854       0.00894     58.52      2.00     7   5.7241
#         855       0.00298     37.88      2.00     5   5.7247
#         857       0.00409      8.98      2.00     5   5.7249
#         861       0.00381      9.75      1.00     6   5.7291
#         862       0.01910     11.62      2.00     7   5.7289
#         863       0.01930     10.88      2.00     7   5.7289
#         864       0.00597      6.54      2.00     6   5.7301
#         865       0.00377     30.82      1.00     6   5.7301
#         866       0.00411     10.44      2.00     4   5.7310
#         868       0.00431     10.49      2.00     3   5.7343
#         870       0.00657     34.95      2.00     6   5.7342
#         871       0.00786      4.22      2.00     6   5.7358
#         872       0.01075      9.02      2.00     7   5.7361
#         874       0.00905     11.99      2.00     6   5.7366
#         875       0.01034     14.11      2.00     7   5.7364
#         876       0.00430      9.41      2.00     4   5.7370
#         877       0.01021     12.31      2.00     5   5.7377
#         878       0.00442      6.42      1.00     6   5.7381
#         879       0.01092     20.47      2.00     7   5.7377
#         880       0.01694     25.84      2.00     7   5.7383
#         881       0.00848      7.85      2.00     4   5.7389
#         882       0.00590      8.65      2.00     6   5.7393
#         883       0.00716      4.28      2.00     4   5.7399
#         884       0.00928      7.48      2.00     5   5.7396
#         886       0.00807     18.16      2.00     5   5.7421
#         888       0.01461     46.42      2.00     6   5.7417
#         889       0.01502     26.54      2.00     6   5.7424
#         890       0.01207     21.29      2.00     6   5.7429
#         891       0.00742     24.53      1.00     6   5.7440
#         892       0.01028      7.70      2.00     5   5.7452
#         893       0.02259      4.18      2.00     3   5.7455
#         895       0.00382     21.78      2.00     4   5.7468
#         896       0.00409     21.67      2.00     5   5.7481
#         898       0.00668      8.01      2.00     4   5.7495
#         899       0.00744     11.66      2.00     6   5.7494
#         900       0.01176     45.03      2.00     6   5.7499
#         901       0.00623     74.10      2.00     6   5.7500
#         902       0.00987      9.59      2.00     5   5.7507
#         904       0.00421     14.49      2.00     4   5.7509
#         907       0.00319     11.37      2.00     5   5.7521
#         908       0.00770      5.30      2.00     5   5.7534
#         909       0.01014     28.21      2.00     6   5.7543
#         910       0.00947      4.55      2.00     5   5.7550
#         912       0.01364     23.10      2.00     7   5.7570
#         913       0.00761     33.54      2.00     7   5.7570
#         914       0.00683     25.05      1.00     6   5.7572
#         915       0.01015     13.91      2.00     6   5.7575
#         916       0.01082      7.88      2.00     5   5.7582
#         917       0.01095      7.98      2.00     5   5.7582
#         919       0.00676     22.03      2.00     6   5.7599
#         920       0.01705      5.36      2.00     6   5.7612
#         922       0.00515      6.09      2.00     6   5.7621
#         923       0.00374     32.31      2.00     5   5.7634
#         924       0.01346      4.67      2.00     6   5.7632
#         925       0.00960      4.65      2.00     5   5.7650
#         926       0.00464      7.23      2.00     6   5.7660
#         927       0.00845      7.34      2.00     5   5.7662
#         928       0.00849     16.29      2.00     6   5.7671
#         929       0.01258     23.73      2.00     6   5.7671
#         930       0.00882     16.05      2.00     6   5.7671
#         933       0.00457      9.02      2.00     6   5.7678
#         934       0.01149     23.00      2.00     7   5.7716
#         935       0.01198     40.48      2.00     7   5.7716
#         936       0.00994     17.62      2.00     6   5.7729
#         937       0.00834     20.50      2.00     6   5.7729
#         938       0.00816     20.33      2.00     6   5.7729
#         939       0.01121     33.13      2.00     6   5.7729
#         941       0.01016     10.89      2.00     6   5.7749
#         943       0.01636     11.14      2.00     7   5.7757
#         944       0.00510      5.05      2.00     3   5.7773
#         946       0.01666      7.21      2.00     5   5.7784
#         947       0.01667      7.43      2.00     5   5.7784
#         948       0.00776      9.65      2.00     6   5.7800
#         949       0.01264     20.75      2.00     7   5.7811
#         950       0.01292     20.82      2.00     7   5.7811
#         951       0.01278     16.36      2.00     7   5.7831
#         952       0.01159     18.17      2.00     7   5.7831
#         954       0.00520     45.54      2.00     5   5.7847
#         955       0.01694      4.68      2.00     3   5.7873
#         957       0.01232     12.05      2.00     7   5.7871
#         958       0.01256     13.53      2.00     7   5.7871
#         959       0.00615     19.81      1.00     6   5.7887
#         960       0.00374      7.75      2.00     6   5.7893
#         961       0.01138     11.47      2.00     7   5.7896
#         962       0.01241     13.11      2.00     7   5.7896
#         964       0.01143     12.76      1.00     6   5.7903
#         965       0.01459      5.71      2.00     6   5.7923
#         969       0.02599      8.18      2.00     6   5.7929
#         971       0.00584      6.64      2.00     5   5.7952
#         973       0.01032      4.01      2.00     5   5.7967
#         974       0.00974      4.98      2.00     6   5.7969
#         975       0.00808      7.82      2.00     6   5.8005
#         977       0.00910      7.21      2.00     5   5.8030
#         978       0.00573      4.15      2.00     4   5.8066
#         979       0.00869      4.15      2.00     6   5.8074
#         980       0.00488     17.03      2.00     4   5.8109
#         981       0.01154     20.83      2.00     6   5.8116
#         982       0.00954      7.23      2.00     5   5.8129
#         983       0.00999     42.76      2.00     6   5.8127
#         984       0.00774     17.53      2.00     7   5.8144
#         985       0.01075     19.52      2.00     7   5.8144
#         986       0.00943      5.22      2.00     5   5.8156
#         987       0.01234     15.78      2.00     6   5.8156
#         988       0.01396      5.36      2.00     6   5.8169
#         989       0.01290     12.69      2.00     7   5.8175
#         990       0.02407      7.66      2.00     6   5.8183
#         991       0.01039      9.70      2.00     7   5.8184
#         992       0.00351     19.39      2.00     5   5.8191
#         993       0.03859      5.50      2.00     5   5.8211
#         994       0.00588     14.54      2.00     5   5.8221
#         995       0.00639     12.23      2.00     6   5.8222
#         996       0.01369     11.17      2.00     7   5.8224
#         997       0.00486     44.15      2.00     5   5.8234
#         998       0.01120      6.48      2.00     7   5.8234
#        1000       0.00355     24.15      1.00     6   5.8245
#        1003       0.00749      7.62      2.00     6   5.8269
#        1006       0.01239     30.18      2.00     6   5.8292
#        1009       0.01175      5.49      2.00     5   5.8322
#        1010       0.00829     14.65      2.00     6   5.8334
#        1011       0.01541     37.56      2.00     5   5.8368
#        1012       0.00690     30.82      2.00     6   5.8369
#        1013       0.00741     18.10      2.00     6   5.8369
#        1014       0.00807     16.26      2.00     6   5.8369
#        1015       0.01106      4.06      2.00     4   5.8376
#        1016       0.01369     20.25      2.00     6   5.8381
#        1017       0.00870     16.06      2.00     7   5.8381
#        1018       0.01045      8.10      2.00     7   5.8404
#        1019       0.01060      6.57      2.00     7   5.8404
#        1021       0.00592     20.84      2.00     6   5.8438
#        1022       0.01057     27.98      2.00     6   5.8443
#        1023       0.00882     26.64      2.00     6   5.8443
#        1024       0.01572     43.22      2.00     6   5.8443
#        1025       0.00924     13.17      2.00     6   5.8449
#        1026       0.00893      6.55      2.00     5   5.8464
#        1027       0.01009     14.30      2.00     6   5.8462
#        1028       0.00961      5.81      2.00     6   5.8473
#        1029       0.01783      6.44      2.00     7   5.8477
#        1030       0.01801      6.89      2.00     7   5.8477
#        1031       0.00953      4.27      2.00     5   5.8479
#        1033       0.00594      4.38      2.00     6   5.8501
#        1034       0.01050     10.76      2.00     6   5.8515
#        1035       0.00517      6.74      2.00     6   5.8519
#        1037       0.00579     32.28      1.00     6   5.8531
#        1042       0.00586     22.32      2.00     5   5.8559
#        1043       0.00793      5.74      2.00     6   5.8573
#        1044       0.02545      8.28      2.00     6   5.8571
#        1045       0.00406     68.47      2.00     6   5.8590
#        1046       0.00600      4.09      2.00     4   5.8611
#        1048       0.00923      8.05      2.00     6   5.8612
#        1049       0.00397     17.16      2.00     5   5.8619
#        1050       0.00568     10.89      2.00     6   5.8621
#        1051       0.00577      7.28      2.00     6   5.8621
#        1052       0.01115     17.89      2.00     5   5.8627
#        1053       0.00638     21.97      2.00     6   5.8636
#        1054       0.00679      5.21      2.00     3   5.8642
#        1057       0.02489      6.04      2.00     6   5.8673
#        1058       0.01265      6.64      2.00     5   5.8682
#        1059       0.00913     10.63      2.00     6   5.8685
#        1061       0.00473     13.42      2.00     4   5.8687
#        1064       0.00887     14.21      2.00     6   5.8707
#        1065       0.00450     46.18      2.00     6   5.8730
#        1067       0.00425      4.07      2.00     5   5.8744
#        1068       0.00804      5.18      2.00     5   5.8740
#        1069       0.00319     10.62      2.00     5   5.8750
#        1070       0.00474     14.65      2.00     5   5.8754
#        1071       0.00557     24.70      2.00     5   5.8793
#        1073       0.01530      4.66      2.00     6   5.8808
#        1075       0.01323      4.72      2.00     6   5.8825
#        1078       0.00478     20.45      2.00     5   5.8853
#        1082       0.01099     20.82      2.00     6   5.8866
#        1084       0.00714     15.16      2.00     6   5.8888
#        1085       0.00829      8.85      2.00     6   5.8903
#        1087       0.00335     67.59      2.00     6   5.8918
#        1088       0.00833      6.88      2.00     6   5.8917
#        1089       0.00947      6.80      2.00     6   5.8924
#        1090       0.00882      9.80      2.00     5   5.8927
#        1091       0.01089     19.07      2.00     6   5.8942
#        1092       0.01064      6.20      2.00     5   5.8946
#        1093       0.00407      5.55      2.00     6   5.8966
#        1094       0.00806     13.56      2.00     6   5.8975
#        1095       0.01349     16.13      2.00     7   5.8988
#        1096       0.00976      4.45      2.00     5   5.8988
#        1097       0.02122     13.91      2.00     7   5.8988
#        1099       0.00595      7.51      2.00     6   5.9017
#        1101       0.00587      8.21      2.00     6   5.9023
#        1102       0.00762      9.79      2.00     6   5.9030
#        1103       0.00891      5.18      2.00     3   5.9059
#        1104       0.00435      5.35      1.00     4   5.9055
#        1106       0.00563     16.38      2.00     5   5.9104
#        1109       0.01148      7.92      2.00     4   5.9141
#        1112       0.00685     17.63      2.00     6   5.9149
#        1114       0.01235      5.75      2.00     4   5.9174
#        1115       0.00518     25.70      2.00     5   5.9180
#        1116       0.00999     10.58      2.00     7   5.9192
#        1118       0.00665      5.48      2.00     5   5.9211
#        1119       0.00545     22.36      1.00     6   5.9215
#        1120       0.01705     38.64      2.00     6   5.9244
#        1121       0.02672     21.43      2.00     7   5.9255
#        1123       0.02075    101.50      2.00     7   5.9273
#        1124       0.00656     41.42      2.00     7   5.9284
#        1125       0.00887      6.19      2.00     6   5.9291
#        1126       0.00930      5.60      2.00     6   5.9291
#        1129       0.00628     10.76      2.00     5   5.9307
#        1130       0.01110      5.07      2.00     5   5.9306
#        1131       0.00502     35.15      1.00     6   5.9305
#        1132       0.00927      4.53      2.00     5   5.9314
#        1133       0.00818      9.93      2.00     5   5.9313
#        1134       0.01034     75.75      2.00     7   5.9315
#        1136       0.01064     60.67      2.00     6   5.9319
#        1138       0.00502      5.26      2.00     5   5.9350
#        1140       0.01250     26.53      2.00     7   5.9348
#        1141       0.00928     53.76      2.00     7   5.9348
#        1143       0.00463     21.91      2.00     7   5.9359
#        1145       0.01307      7.49      1.00     6   5.9370
#        1146       0.00428      5.28      2.00     4   5.9382
#        1147       0.00866      8.15      2.00     6   5.9380
#        1150       0.01053     57.73      2.00     6   5.9390
#        1151       0.01096     74.84      2.00     7   5.9391
#        1152       0.00775     56.30      2.00     7   5.9391
#        1154       0.01250     94.02      2.00     7   5.9423
#        1155       0.00589      8.35      2.00     5   5.9441
#        1156       0.00544     48.43      2.00     6   5.9440
#        1157       0.00393     22.71      2.00     5   5.9453
#        1158       0.00658     29.42      2.00     7   5.9461
#        1159       0.01115     44.92      2.00     7   5.9464
#        1160       0.01715     72.39      2.00     7   5.9466
#        1161       0.00847     23.26      2.00     7   5.9464
#        1162       0.01710     73.20      2.00     7   5.9466
#        1163       0.00917     34.48      2.00     7   5.9476
#        1164       0.00915     34.98      2.00     7   5.9476
#        1165       0.00851     11.74      2.00     5   5.9482
#        1166       0.02081     11.66      2.00     7   5.9485
#        1167       0.00404     10.85      2.00     6   5.9498
#        1168       0.00308      4.56      2.00     4   5.9504
#        1169       0.00845      6.95      2.00     5   5.9501
#        1170       0.00451      5.53      2.00     4   5.9509
#        1171       0.00928      4.10      2.00     6   5.9515
#        1172       0.00907      5.44      2.00     6   5.9527
#        1173       0.00935      7.97      2.00     6   5.9536
#        1174       0.00709     20.42      2.00     7   5.9537
#        1175       0.00900      7.73      2.00     6   5.9542
#        1176       0.00965      4.65      2.00     5   5.9545
#        1178       0.00626      9.65      2.00     5   5.9547
#        1179       0.01344     24.80      2.00     6   5.9549
#        1180       0.00967      8.67      2.00     6   5.9550
#        1183       0.01089      4.82      2.00     6   5.9552
#        1184       0.01156     58.63      2.00     7   5.9551
#        1186       0.01682     35.69      1.00     6   5.9586
#        1187       0.00920      4.64      2.00     5   5.9599
#        1189       0.01059    108.40      2.00     7   5.9612
#        1190       0.00521     22.52      2.00     7   5.9612
#        1191       0.00662     11.65      2.00     7   5.9620
#        1192       0.01033      4.80      2.00     6   5.9629
#        1193       0.00927      8.26      1.00     6   5.9631
#        1195       0.01029      4.03      2.00     6   5.9644
#        1196       0.00649     26.77      2.00     7   5.9644
#        1197       0.01317      9.25      2.00     7   5.9642
#        1198       0.00751      5.15      2.00     6   5.9653
#        1200       0.00647     43.64      2.00     7   5.9659
#        1203       0.01053      5.64      2.00     5   5.9680
#        1205       0.00599      9.60      2.00     5   5.9686
#        1206       0.00920      9.98      2.00     4   5.9693
#        1207       0.00861     20.40      2.00     6   5.9704
#        1208       0.00936      4.34      2.00     6   5.9709
#        1210       0.00647     29.73      2.00     6   5.9732
#        1211       0.01013     26.27      2.00     7   5.9736
#        1213       0.00865      4.63      2.00     5   5.9753
#        1214       0.00910      7.03      2.00     5   5.9767
#        1215       0.00958     10.58      2.00     6   5.9763
#        1216       0.00421     11.73      2.00     6   5.9767
#        1217       0.00987     15.06      2.00     5   5.9775
#        1220       0.01099      6.81      2.00     6   5.9786
#        1221       0.00401      7.51      2.00     4   5.9796
#        1222       0.00583      8.06      2.00     5   5.9793
#        1223       0.00761     16.85      2.00     7   5.9802
#        1225       0.01443      4.54      2.00     6   5.9809
#        1226       0.00875      5.80      2.00     6   5.9818
#        1227       0.01032      4.24      2.00     6   5.9818
#        1228       0.00372     17.21      2.00     7   5.9818
#        1229       0.00881     11.46      2.00     6   5.9835
#        1230       0.01473     10.49      2.00     7   5.9848
#        1231       0.00711      7.24      2.00     5   5.9851
#        1232       0.02140      8.96      2.00     7   5.9848
#        1233       0.00841     41.21      2.00     7   5.9855
#        1234       0.01054      8.23      2.00     7   5.9855
#        1236       0.00941     39.28      2.00     7   5.9865
#        1237       0.01192      8.46      2.00     7   5.9865
#        1238       0.01587     38.85      1.00     6   5.9878
#        1239       0.00951      7.50      2.00     6   5.9883
#        1240       0.01148     54.74      2.00     7   5.9889
#        1241       0.01236     18.55      2.00     7   5.9889
#        1242       0.01022      4.62      2.00     6   5.9906
#        1243       0.00761     32.15      2.00     7   5.9911
#        1245       0.00598     19.57      2.00     7   5.9930
#        1246       0.01054     90.29      2.00     7   5.9939
#        1247       0.00405      8.15      2.00     7   5.9945
#        1248       0.01188     58.98      2.00     7   5.9965
#        1249       0.00998     25.36      2.00     7   5.9965
#        1250       0.00368     27.30      2.00     5   5.9972
#        1251       0.00907      5.26      2.00     6   5.9985
#        1252       0.00428     18.94      2.00     7   5.9989
#        1253       0.00347      7.42      2.00     4   5.9998
#        1254       0.02617     16.26      2.00     7   5.9996
#        1256       0.00402     28.48      2.00     6   6.0003
#        1257       0.00394     32.94      2.00     6   6.0003
#        1258       0.01070    153.60      2.00     7   6.0004
#        1260       0.00967      7.22      2.00     6   6.0027
#        1261       0.00940      7.96      2.00     6   6.0027
#        1262       0.01050      8.62      2.00     7   6.0028
#        1263       0.00881     11.02      2.00     7   6.0040
#        1264       0.00984     21.18      2.00     7   6.0040
#        1265       0.00892      4.64      2.00     6   6.0045
#        1266       0.00801     21.85      2.00     7   6.0046
#        1267       0.01275     33.86      2.00     7   6.0046
#        1268       0.01168     38.60      2.00     7   6.0045
#        1269       0.00988     16.22      2.00     7   6.0045
#        1270       0.00891      9.71      2.00     7   6.0057
#        1271       0.00989     12.48      2.00     7   6.0057
#        1272       0.00677      4.17      2.00     5   6.0070
#        1273       0.01243      8.95      2.00     6   6.0065
#        1274       0.00739      5.36      2.00     6   6.0071
#        1275       0.00714     19.57      2.00     7   6.0081
#        1276       0.01084      6.90      2.00     6   6.0084
#        1277       0.01110      6.89      2.00     6   6.0084
#        1278       0.01423      7.41      2.00     7   6.0093
#        1279       0.00805     11.26      2.00     7   6.0097
#        1280       0.01296     15.55      2.00     7   6.0097
#        1281       0.00600      4.62      2.00     6   6.0110
#        1284       0.00594     38.42      2.00     6   6.0137
#        1285       0.00379     45.56      2.00     6   6.0137
#        1286       0.01396      4.50      2.00     5   6.0144
#        1287       0.00900     16.54      2.00     7   6.0146
#        1289       0.00957     18.66      2.00     6   6.0167
#        1290       0.01461      5.20      2.00     4   6.0173
#        1292       0.00923     11.45      2.00     6   6.0186
#        1293       0.00567     19.70      2.00     7   6.0183
#        1294       0.00384     25.49      2.00     7   6.0182
#        1296       0.01019     20.02      2.00     7   6.0193
#        1297       0.01838     40.12      2.00     7   6.0193
#        1300       0.01429      6.39      2.00     7   6.0221
#        1301       0.00782      8.72      2.00     6   6.0234
#        1302       0.01066     31.32      2.00     7   6.0233
#        1303       0.01485     62.31      2.00     7   6.0233
#        1305       0.01158      4.23      2.00     7   6.0249
#        1306       0.01329      8.36      2.00     5   6.0254
#        1309       0.00405      7.18      1.00     6   6.0255
#        1310       0.00926     18.90      2.00     6   6.0268
#        1311       0.00731     16.91      2.00     7   6.0274
#        1312       0.00891      5.85      2.00     5   6.0289
#        1313       0.01031      4.43      1.00     4   6.0327
#        1316       0.00477      4.29      2.00     4   6.0344
#        1318       0.00930      9.88      2.00     6   6.0342
#        1320       0.00957      6.75      2.00     4   6.0360
#        1321       0.01075     11.94      2.00     6   6.0364
#        1322       0.01040     16.82      2.00     7   6.0373
#        1323       0.01451      4.60      2.00     4   6.0375
#        1324       0.00471      8.86      2.00     5   6.0377
#        1325       0.01300     10.49      2.00     7   6.0386
#        1326       0.00666     35.03      2.00     7   6.0389
#        1327       0.01119     80.86      2.00     7   6.0391
#        1329       0.00493     13.12      2.00     5   6.0400
#        1332       0.01052     49.55      2.00     7   6.0425
#        1333       0.00832     11.51      2.00     6   6.0437
#        1334       0.00776     29.31      2.00     7   6.0436
#        1335       0.01346      5.79      2.00     7   6.0446
#        1336       0.01362      5.82      2.00     7   6.0446
#        1337       0.00830     10.50      2.00     6   6.0451
#        1338       0.01478     63.52      2.00     7   6.0447
#        1339       0.01553      7.17      2.00     5   6.0457
#        1341       0.01807      5.95      2.00     7   6.0465
#        1342       0.01983      7.63      2.00     7   6.0466
#        1343       0.01343     66.61      2.00     7   6.0462
#        1344       0.01517      7.72      2.00     7   6.0481
#        1345       0.00570      6.19      2.00     4   6.0486
#        1346       0.01025      4.29      2.00     6   6.0485
#        1347       0.00425     22.31      2.00     6   6.0488
#        1348       0.00927     34.00      2.00     7   6.0490
#        1349       0.02042     11.55      2.00     7   6.0493
#        1350       0.01175      4.56      2.00     7   6.0493
#        1351       0.00928     18.08      2.00     7   6.0501
#        1354       0.00391      6.19      2.00     3   6.0513
#        1356       0.00723     13.16      2.00     7   6.0519
#        1357       0.00460     32.52      2.00     6   6.0524
#        1358       0.00326      6.41      2.00     5   6.0532
#        1359       0.01430      8.19      2.00     6   6.0532
#        1362       0.00356      6.36      2.00     4   6.0545
#        1363       0.00837      4.19      2.00     6   6.0541
#        1365       0.00593      7.76      2.00     4   6.0551
#        1366       0.00897     19.98      2.00     6   6.0554
#        1371       0.00450     13.90      2.00     7   6.0569
#        1372       0.02536     14.67      2.00     7   6.0568
#        1374       0.02400      4.07      2.00     7   6.0580
#        1375       0.01750      6.26      2.00     7   6.0580
#        1376       0.02982      5.13      2.00     7   6.0580
#        1377       0.05211      5.04      2.00     7   6.0580
#        1381       0.01516      7.86      2.00     6   6.0606
#        1382       0.01853    155.20      2.00     7   6.0609
#        1383       0.00508      4.59      2.00     4   6.0616
#        1384       0.00700      4.31      2.00     7   6.0621
#        1387       0.00728      4.36      2.00     6   6.0621
#        1388       0.01334     35.11      2.00     7   6.0620
#        1389       0.01294     35.92      2.00     7   6.0620
#        1390       0.00664      6.61      2.00     5   6.0627
#        1391       0.01045      8.23      2.00     6   6.0631
#        1392       0.01017     18.37      2.00     7   6.0632
#        1394       0.01076      6.07      2.00     6   6.0664
#        1395       0.02153      5.13      2.00     5   6.0668
#        1397       0.01428     23.78      2.00     7   6.0678
#        1398       0.01416     24.40      2.00     7   6.0678
#        1399       0.01544      8.58      2.00     7   6.0684
#        1400       0.02266      7.52      2.00     7   6.0684
#        1402       0.01599      8.21      2.00     7   6.0696
#        1403       0.00364      9.76      2.00     4   6.0707
#        1404       0.00575     10.22      2.00     5   6.0708
#        1405       0.00991      5.97      2.00     6   6.0713
#        1407       0.00527     57.14      2.00     6   6.0738
#        1408       0.01690      7.22      2.00     6   6.0734
#        1409       0.00987      7.31      2.00     6   6.0743
#        1410       0.01054      4.05      2.00     6   6.0748
#        1411       0.01120      6.85      2.00     6   6.0751
#        1412       0.01159     33.70      2.00     7   6.0755
#        1413       0.01816     77.29      2.00     7   6.0755
#        1414       0.00892     19.53      2.00     7   6.0759
#        1416       0.00604     13.66      2.00     5   6.0773
#        1417       0.01019     21.74      2.00     7   6.0771
#        1418       0.00898     35.94      2.00     7   6.0776
#        1419       0.00894      9.39      2.00     6   6.0776
#        1421       0.00882     10.69      2.00     6   6.0790
#        1427       0.00970      5.51      2.00     6   6.0824
#        1428       0.00320      4.22      2.00     4   6.0839
#        1431       0.00378     16.12      2.00     5   6.0879
#        1433       0.00942     23.58      2.00     7   6.0906
#        1434       0.01122    124.60      2.00     7   6.0901
#        1435       0.00957     11.11      2.00     7   6.0909
#        1436       0.01138      6.97      2.00     6   6.0919
#        1437       0.01269      4.23      2.00     4   6.0946
#        1438       0.01132     17.66      2.00     5   6.0961
#        1439       0.00874     14.50      2.00     7   6.0965
#        1441       0.00633     10.14      2.00     5   6.0968
#        1444       0.00984      9.15      2.00     7   6.0976
#        1445       0.01082     14.17      2.00     6   6.0993
#        1446       0.00968     14.72      2.00     5   6.0994
#        1449       0.00469      6.78      2.00     6   6.1032
#        1455       0.00561      4.14      2.00     3   6.1109
#        1457       0.00538      4.24      2.00     5   6.1111
#        1458       0.01157      8.46      2.00     6   6.1118
#        1459       0.00706     12.95      2.00     6   6.1113
#        1463       0.00632     53.40      2.00     7   6.1183
#        1464       0.01065     11.48      2.00     7   6.1183
#        1465       0.00219      5.53      1.00     2   6.1191
#        1466       0.01650      4.68      2.00     5   6.1193
#        1467       0.00638     18.17      2.00     6   6.1190
#        1468       0.00655      7.99      2.00     6   6.1211
#        1469       0.01112      5.67      2.00     6   6.1219
#        1470       0.00609      6.47      2.00     6   6.1232
#        1471       0.00904     10.18      2.00     7   6.1229
#        1473       0.00865     13.91      2.00     5   6.1236
#        1475       0.00926      7.29      2.00     7   6.1246
#        1476       0.00613     64.97      2.00     7   6.1252
#        1478       0.00425     10.97      2.00     6   6.1259
#        1479       0.01125      4.09      2.00     7   6.1277
#        1480       0.00402     23.88      2.00     7   6.1277
#        1481       0.01559     18.79      2.00     7   6.1295
#        1482       0.01696      4.43      2.00     7   6.1301
#        1483       0.01030      4.54      2.00     6   6.1310
#        1484       0.00679     16.97      2.00     6   6.1312
#        1486       0.01172      8.33      2.00     6   6.1323
#        1487       0.00501     21.24      2.00     7   6.1329
#        1489       0.00771     13.71      2.00     7   6.1339
#        1493       0.00790      7.35      2.00     7   6.1354
#        1494       0.01212      6.58      2.00     5   6.1359
#        1495       0.00781     14.89      2.00     6   6.1359
#        1497       0.00907      7.29      2.00     6   6.1392
#        1499       0.00782      5.75      2.00     5   6.1425
#        1500       0.01739     17.33      2.00     7   6.1422
#        1501       0.00567     92.88      2.00     7   6.1422
#        1504       0.00290      7.65      2.00     5   6.1429
#        1507       0.00386      9.12      2.00     5   6.1442
#        1510       0.00980     10.19      2.00     5   6.1440
#        1512       0.01456      5.98      2.00     6   6.1450
#        1513       0.00856     26.86      2.00     6   6.1458
#        1514       0.01324     25.58      2.00     7   6.1460
#        1516       0.00956      7.11      2.00     5   6.1474
#        1517       0.00898     16.48      2.00     7   6.1474
#        1519       0.00656      4.86      2.00     6   6.1490
#        1524       0.00590     26.44      2.00     7   6.1527
#        1525       0.01620      7.23      2.00     6   6.1532
#        1528       0.00627     12.30      2.00     5   6.1557
#        1529       0.00963      4.83      1.00     6   6.1558
#        1530       0.01252      4.73      2.00     6   6.1556
#        1533       0.01213     13.12      2.00     6   6.1574
#        1534       0.00869      8.75      2.00     7   6.1571
#        1535       0.01027     18.97      2.00     7   6.1575
#        1538       0.01597      4.69      2.00     5   6.1580
#        1540       0.01021     10.26      2.00     7   6.1581
#        1541       0.00356     20.82      2.00     5   6.1588
#        1542       0.01257     12.08      1.00     6   6.1595
#        1543       0.01118     19.77      1.00     6   6.1596
#        1544       0.01304      5.44      2.00     6   6.1603
#        1545       0.00399      8.01      2.00     5   6.1608
#        1546       0.00699     14.12      2.00     6   6.1611
#        1547       0.00616     10.34      2.00     5   6.1623
#        1548       0.00597     21.55      2.00     6   6.1626
#        1550       0.00402      7.93      2.00     6   6.1641
#        1551       0.00974      8.21      2.00     5   6.1643
#        1555       0.01235      6.00      2.00     5   6.1676
#        1556       0.00717     23.59      2.00     7   6.1677
#        1557       0.00554     31.74      2.00     6   6.1684
#        1558       0.00779      7.23      2.00     7   6.1697
#        1560       0.00635     10.15      2.00     6   6.1704
#        1561       0.00941      6.68      2.00     7   6.1704
#        1563       0.01130      7.70      2.00     6   6.1707
#        1564       0.00401     12.83      2.00     5   6.1720
#        1566       0.00650      6.46      2.00     6   6.1726
#        1568       0.00647     11.52      2.00     6   6.1738
#        1569       0.00574     60.49      2.00     7   6.1737
#        1570       0.00609      9.46      1.00     6   6.1744
#        1571       0.00958      5.75      2.00     5   6.1754
#        1572       0.01321     11.91      2.00     6   6.1750
#        1573       0.00928     32.59      2.00     7   6.1756
#        1574       0.00573      6.96      1.00     6   6.1761
#        1577       0.01201      4.44      2.00     7   6.1770
#        1578       0.01026     23.56      2.00     7   6.1779
#        1579       0.01311      8.23      2.00     7   6.1778
#        1580       0.00635     21.36      2.00     6   6.1779
#        1582       0.01208     12.07      2.00     6   6.1782
#        1585       0.00959     12.22      2.00     7   6.1813
#        1586       0.00541     93.52      2.00     7   6.1809
#        1587       0.00940      7.66      2.00     6   6.1817
#        1590       0.00911      6.21      2.00     7   6.1824
#        1591       0.01144      7.23      2.00     6   6.1828
#        1592       0.00989      5.18      2.00     5   6.1835
#        1594       0.00390     15.90      2.00     6   6.1835
#        1595       0.00869      4.83      2.00     6   6.1836
#        1598       0.01099      6.23      2.00     7   6.1846
#        1599       0.00395      7.03      2.00     5   6.1848
#        1600       0.01278      7.92      2.00     6   6.1846
#        1601       0.00588     19.00      2.00     6   6.1845
#        1602       0.00625     10.85      2.00     6   6.1845
#        1604       0.00899     12.32      2.00     7   6.1847
#        1606       0.00896     19.79      2.00     7   6.1861
#        1607       0.01374      5.86      2.00     6   6.1896
#        1608       0.00550      4.30      2.00     4   6.1910
#        1609       0.00974      6.98      2.00     7   6.1910
#        1610       0.00990      6.41      2.00     7   6.1925
#        1611       0.00394      4.62      2.00     4   6.1930
#        1613       0.00538      7.53      2.00     5   6.1946
#        1614       0.00791     14.29      2.00     6   6.1947
#        1617       0.01149     15.11      2.00     6   6.1954
#        1620       0.01518     11.40      2.00     7   6.1990
#        1621       0.00796      4.04      2.00     4   6.1994
#        1622       0.00801      8.16      2.00     5   6.1997
#        1624       0.01536      7.24      2.00     7   6.2002
#        1625       0.01006      4.38      2.00     5   6.2006
#        1627       0.01022     31.18      2.00     7   6.2016
#        1628       0.00420      8.12      2.00     5   6.2025
#        1629       0.01095     24.80      2.00     7   6.2026
#        1630       0.00947     14.28      2.00     7   6.2039
#        1631       0.00940      8.49      2.00     7   6.2038
#        1633       0.00513      5.79      2.00     5   6.2049
#        1634       0.00708      4.64      2.00     4   6.2066
#        1636       0.00899     12.13      2.00     6   6.2064
#        1637       0.00798     24.90      2.00     7   6.2064
#        1638       0.00924     20.12      2.00     6   6.2075
#        1639       0.00839      5.17      2.00     6   6.2075
#        1640       0.00824      5.27      2.00     6   6.2075
#        1643       0.00710     13.33      2.00     6   6.2088
#        1644       0.00391      7.87      2.00     5   6.2093
#        1645       0.00828      4.46      2.00     6   6.2102
#        1647       0.01803     10.69      2.00     7   6.2117
#        1648       0.00422      4.92      2.00     5   6.2124
#        1653       0.00403     11.68      2.00     5   6.2151
#        1656       0.01384      9.00      2.00     7   6.2178
#        1657       0.01870      8.38      2.00     7   6.2178
#        1659       0.01127      8.59      2.00     6   6.2184
#        1661       0.00428     15.77      2.00     6   6.2200
#        1666       0.00520      6.53      2.00     6   6.2229
#        1668       0.01296     10.70      2.00     7   6.2253
#        1672       0.01560      5.44      2.00     6   6.2274
#        1673       0.00973     16.84      2.00     6   6.2277
#        1674       0.00439      4.40      2.00     5   6.2284
#        1677       0.01065      6.37      2.00     5   6.2295
#        1680       0.01614      4.99      2.00     6   6.2308
#        1681       0.01034      5.71      2.00     7   6.2306
#        1682       0.00738     11.57      2.00     6   6.2315
#        1684       0.00898     11.03      2.00     6   6.2346
#        1685       0.00618      5.11      2.00     6   6.2341
#        1687       0.00811      4.13      2.00     7   6.2347
#        1688       0.00895      8.35      2.00     7   6.2347
#        1689       0.01115      9.60      2.00     7   6.2347
#        1691       0.01385      9.80      2.00     7   6.2347
#        1692       0.00496      7.55      2.00     5   6.2357
#        1694       0.01159      5.48      2.00     5   6.2371
#        1696       0.01089      9.71      2.00     6   6.2402
#        1700       0.00339      5.22      2.00     5   6.2430
#        1703       0.00565     10.77      2.00     5   6.2434
#        1708       0.01666      4.90      2.00     6   6.2434
#        1710       0.00853     13.43      2.00     6   6.2448
#        1713       0.00520     12.41      2.00     6   6.2472
#        1714       0.00884      7.74      2.00     7   6.2491
#        1716       0.01562      9.90      2.00     7   6.2502
#        1717       0.01421      4.92      2.00     6   6.2513
#        1719       0.00965     11.04      2.00     6   6.2524
#        1720       0.01032      7.47      2.00     7   6.2523
#        1723       0.01316      5.24      2.00     5   6.2538
#        1724       0.00982      6.71      2.00     6   6.2547
#        1725       0.00432     12.81      2.00     6   6.2548
#        1729       0.01009      5.93      1.00     6   6.2554
#        1733       0.01020      4.38      2.00     6   6.2587
#        1735       0.01013      4.50      2.00     6   6.2600
#        1736       0.01058     14.20      2.00     7   6.2600
#        1737       0.01180     10.52      2.00     7   6.2600
#        1738       0.00926      4.28      2.00     5   6.2606
#        1740       0.00670      5.91      2.00     5   6.2625
#        1741       0.00356      8.17      2.00     5   6.2631
#        1743       0.01164     43.01      2.00     7   6.2639
#        1744       0.00980     15.49      2.00     7   6.2654
#        1745       0.00821      8.11      2.00     6   6.2668
#        1746       0.00966      5.64      2.00     7   6.2675
#        1747       0.01024      7.80      2.00     5   6.2675
#        1748       0.00590      7.21      2.00     6   6.2681
#        1749       0.00568     21.70      2.00     6   6.2691
#        1752       0.00468      4.08      2.00     4   6.2703
#        1753       0.01406      5.71      2.00     5   6.2727
#        1754       0.00701      4.30      2.00     6   6.2730
#        1755       0.01249      4.01      2.00     7   6.2727
#        1760       0.00820      7.22      2.00     6   6.2742
#        1761       0.00822      7.33      2.00     6   6.2746
#        1763       0.01019      9.39      2.00     6   6.2756
#        1764       0.00919      4.70      2.00     6   6.2756
#        1765       0.00918      4.75      2.00     6   6.2756
#        1766       0.01062     12.98      2.00     6   6.2756
#        1769       0.00587     10.49      2.00     5   6.2759
#        1770       0.00926      7.12      2.00     6   6.2772
#        1772       0.00793      4.75      2.00     5   6.2781
#        1773       0.00252      7.92      2.00     3   6.2813
#        1774       0.02565      4.53      2.00     5   6.2812
#        1776       0.00965      9.90      2.00     7   6.2817
#        1777       0.01041      4.75      2.00     5   6.2820
#        1778       0.00621      7.34      2.00     5   6.2842
#        1779       0.00438      6.39      2.00     4   6.2847
#        1784       0.01599      5.05      2.00     7   6.2863
#        1785       0.01152     23.22      2.00     7   6.2868
#        1786       0.01068     14.09      2.00     7   6.2868
#        1787       0.01469      6.69      2.00     6   6.2872
#        1788       0.02501      4.59      2.00     5   6.2885
#        1790       0.01014     10.80      2.00     6   6.2887
#        1791       0.00712      4.83      2.00     6   6.2895
#        1792       0.01312      6.77      2.00     6   6.2903
#        1793       0.01215     15.45      2.00     7   6.2910
#        1798       0.01327      4.23      2.00     6   6.2922
#        1799       0.00561      4.30      2.00     6   6.2924
#        1800       0.01754      9.67      2.00     6   6.2949
#        1806       0.01887      8.62      2.00     6   6.2969
#        1809       0.01310      4.17      2.00     6   6.2977
#        1811       0.00552      8.01      2.00     5   6.2981
#        1812       0.01175      7.81      2.00     6   6.2980
#        1813       0.00998     14.34      2.00     6   6.2983
#        1814       0.01607      5.21      2.00     5   6.2990
#        1815       0.00439      6.10      2.00     4   6.3003
#        1816       0.00373      9.81      2.00     5   6.3013
#        1817       0.00466     34.79      2.00     7   6.3010
#        1819       0.00882      4.48      2.00     5   6.3023
#        1820       0.00707     14.28      2.00     6   6.3020
#        1821       0.00459     48.70      2.00     7   6.3028
#        1822       0.01056     16.30      2.00     7   6.3026
#        1825       0.01419      7.17      1.00     6   6.3042
#        1826       0.01662     11.53      2.00     7   6.3043
#        1827       0.01257      8.40      2.00     6   6.3061
#        1828       0.00614      4.89      2.00     6   6.3057
#        1829       0.00912     19.18      2.00     7   6.3057
#        1834       0.00630      6.56      2.00     5   6.3065
#        1835       0.01273      6.56      2.00     7   6.3066
#        1837       0.03916     18.98      2.00     6   6.3068
#        1838       0.00927     11.51      2.00     7   6.3076
#        1839       0.00918      5.06      2.00     7   6.3078
#        1841       0.01099     21.45      2.00     7   6.3097
#        1843       0.00734      8.57      2.00     6   6.3107
#        1846       0.00635      4.25      2.00     6   6.3117
#        1847       0.00824      4.45      2.00     7   6.3117
#        1848       0.01328     12.87      2.00     7   6.3125
#        1850       0.00831      7.59      2.00     7   6.3125
#        1851       0.00361      4.30      2.00     4   6.3145
#        1852       0.01572      7.54      2.00     7   6.3143
#        1855       0.00622     18.53      2.00     6   6.3176
#        1860       0.01520      6.66      2.00     7   6.3197
#        1864       0.01020      7.12      2.00     6   6.3219
#        1865       0.00435      9.08      2.00     5   6.3225
#        1866       0.00795      7.46      2.00     5   6.3243
#        1867       0.01185     11.93      2.00     7   6.3255
#        1868       0.01775     25.29      2.00     7   6.3264
#        1869       0.01723      7.74      2.00     7   6.3271
#        1871       0.01145      6.17      2.00     6   6.3275
#        1872       0.01761     15.08      2.00     7   6.3283
#        1874       0.01524      4.91      2.00     7   6.3290
#        1875       0.00370      5.64      2.00     4   6.3303
#        1878       0.01946      4.13      2.00     6   6.3310
#        1879       0.02538      4.58      1.00     6   6.3310
#        1880       0.02629      4.43      1.00     6   6.3310
#        1881       0.01102      5.20      2.00     7   6.3312
#        1882       0.00550     25.16      2.00     6   6.3315
#        1883       0.01033      4.17      2.00     6   6.3316
#        1884       0.01170      8.91      2.00     6   6.3327
#        1885       0.00981      9.61      2.00     7   6.3328
#        1886       0.01007     11.71      2.00     7   6.3342
#        1887       0.01583      4.96      1.00     2   6.3349
#        1889       0.01507      5.20      2.00     6   6.3346
#        1890       0.00876      4.12      2.00     7   6.3347
#        1893       0.00877      4.85      2.00     6   6.3363
#        1895       0.00752     12.65      2.00     6   6.3364
#        1896       0.00935     11.20      2.00     6   6.3373
#        1897       0.01183      4.06      2.00     4   6.3378
#        1899       0.01383      8.89      2.00     6   6.3377
#        1902       0.01248     31.60      2.00     7   6.3386
#        1903       0.01760     10.90      2.00     7   6.3395
#        1906       0.00907     27.55      2.00     6   6.3400
#        1910       0.00880     29.35      2.00     7   6.3424
#        1912       0.01021      5.82      2.00     6   6.3450
#        1920       0.01057      8.96      2.00     7   6.3492
#        1921       0.01052      4.19      2.00     7   6.3504
#        1922       0.01074      5.23      2.00     6   6.3504
#        1923       0.01595     15.79      2.00     7   6.3504
#        1924       0.00708     19.92      2.00     7   6.3501
#        1925       0.00384     20.68      2.00     6   6.3512
#        1929       0.01043      7.03      2.00     7   6.3528
#        1932       0.00365     14.06      2.00     6   6.3532
#        1933       0.01039      7.55      2.00     7   6.3532
#        1934       0.02187     13.05      2.00     7   6.3541
#        1939       0.04356     15.50      2.00     7   6.3549
#        1942       0.01123     24.61      2.00     7   6.3556
#        1943       0.00655     15.75      2.00     6   6.3563
#        1944       0.01041      4.64      2.00     5   6.3569
#        1945       0.00514     20.78      2.00     7   6.3571
#        1946       0.00215     10.65      2.00     3   6.3588
#        1947       0.00759      4.96      2.00     5   6.3587
#        1951       0.01349      7.54      2.00     7   6.3600
#        1953       0.01016     10.57      2.00     6   6.3603
#        1955       0.00553     13.80      2.00     5   6.3613
#        1956       0.00973      4.39      2.00     6   6.3614
#        1959       0.01096     15.50      2.00     7   6.3631
#        1960       0.01200     16.84      2.00     7   6.3631
#        1961       0.00926      4.66      2.00     7   6.3635
#        1964       0.00562     24.28      2.00     6   6.3640
#        1965       0.01124     13.38      2.00     7   6.3640
#        1966       0.01198     15.85      2.00     7   6.3640
#        1969       0.00470      7.83      2.00     6   6.3660
#        1970       0.01056      8.80      2.00     6   6.3663
#        1971       0.00756     16.06      2.00     7   6.3668
#        1973       0.00920      6.37      2.00     6   6.3678
#        1974       0.00904      8.58      2.00     6   6.3678
#        1975       0.01304     11.63      2.00     6   6.3678
#        1977       0.00431      8.00      2.00     5   6.3687
#        1978       0.00410     21.86      2.00     7   6.3684
#        1980       0.00390     13.32      2.00     7   6.3695
#        1982       0.00829     11.44      2.00     7   6.3704
#        1984       0.01244     28.55      2.00     7   6.3706
#        1985       0.01055      6.69      2.00     7   6.3716
#        1986       0.00377      6.76      2.00     5   6.3719
#        1987       0.00281      5.26      2.00     5   6.3722
#        1988       0.00546      8.68      2.00     5   6.3726
#        1992       0.01056     10.55      2.00     7   6.3747
#        1993       0.00371      5.21      2.00     4   6.3753
#        1995       0.01438     10.75      2.00     7   6.3759
#        1996       0.00424     31.51      2.00     7   6.3759
#        1998       0.00824     31.97      2.00     7   6.3769
#        1999       0.00566      8.29      2.00     5   6.3774
#        2000       0.00445      6.03      2.00     5   6.3783
#        2003       0.01058      5.16      2.00     6   6.3801
#        2004       0.00999      6.23      2.00     6   6.3806
#        2005       0.01196      6.00      2.00     6   6.3806
#        2006       0.00584      4.02      2.00     7   6.3810
#        2007       0.01317      5.14      2.00     4   6.3812
#        2008       0.01410      7.19      2.00     7   6.3820
#        2009       0.00390     15.30      2.00     6   6.3826
#        2010       0.00230      6.23      1.00     4   6.3827
#        2012       0.00374      7.92      2.00     5   6.3829
#        2014       0.00510      6.91      2.00     5   6.3828
#        2015       0.01243     14.22      2.00     7   6.3834
#        2017       0.00862      8.15      2.00     6   6.3862
#        2018       0.00858      5.54      2.00     6   6.3865
#        2021       0.00800     10.24      2.00     3   6.3867
#        2022       0.00378     16.21      2.00     5   6.3870
#        2023       0.01246     13.34      2.00     7   6.3872
#        2024       0.01339      7.77      2.00     5   6.3876
#        2025       0.00638      4.87      2.00     5   6.3878
#        2026       0.00458     14.76      2.00     6   6.3878
#        2027       0.00677      9.40      2.00     6   6.3882
#        2028       0.00761     23.13      2.00     6   6.3885
#        2029       0.00508     19.62      2.00     7   6.3887
#        2032       0.01021      7.41      2.00     6   6.3891
#        2033       0.01189     19.59      2.00     7   6.3894
#        2035       0.00886     19.19      2.00     7   6.3897
#        2036       0.00625      5.01      2.00     5   6.3907
#        2037       0.00882     23.73      2.00     7   6.3902
#        2039       0.00442      5.62      2.00     5   6.3913
#        2040       0.00438     11.87      2.00     6   6.3909
#        2045       0.01056     15.64      2.00     6   6.3942
#        2049       0.01445      9.29      2.00     7   6.3948
#        2050       0.00434     10.02      2.00     7   6.3947
#        2051       0.01268     34.08      2.00     7   6.3945
#        2053       0.01292      4.11      2.00     5   6.3953
#        2054       0.00825      4.21      2.00     5   6.3955
#        2055       0.00814      6.18      2.00     5   6.3955
#        2058       0.00958     11.18      2.00     6   6.3976
#        2063       0.00516      8.10      2.00     5   6.3988
#        2066       0.01383      5.43      2.00     3   6.4005
#        2067       0.00911     21.62      2.00     7   6.4004
#        2068       0.00708     31.78      2.00     7   6.4012
#        2070       0.00383     15.89      2.00     6   6.4018
#        2071       0.00932      7.27      2.00     6   6.4022
#        2072       0.00929     18.10      2.00     6   6.4025
#        2075       0.00390     25.47      2.00     6   6.4036
#        2077       0.01368      5.33      2.00     6   6.4034
#        2078       0.00476      7.32      2.00     5   6.4040
#        2079       0.00760     18.87      2.00     7   6.4047
#        2080       0.00415     29.41      2.00     7   6.4048
#        2081       0.00956      4.75      2.00     6   6.4058
#        2082       0.00957     18.58      2.00     7   6.4057
#        2083       0.01239      6.69      2.00     5   6.4062
#        2085       0.00472      8.94      2.00     5   6.4074
#        2086       0.00389      9.76      2.00     6   6.4076
#        2087       0.00631     12.89      2.00     7   6.4080
#        2088       0.01813      4.28      2.00     7   6.4078
#        2089       0.01644      6.27      2.00     6   6.4084
#        2090       0.01621      4.94      2.00     6   6.4084
#        2091       0.00831     33.36      2.00     7   6.4091
#        2092       0.01047      5.45      2.00     7   6.4101
#        2093       0.01009     11.31      2.00     4   6.4106
#        2096       0.01229      5.03      2.00     5   6.4118
#        2097       0.00849      7.70      2.00     6   6.4118
#        2098       0.00931     16.02      2.00     6   6.4126
#        2100       0.01349      9.16      2.00     7   6.4125
#        2102       0.01106      5.18      2.00     7   6.4138
#        2104       0.00661      8.16      2.00     7   6.4138
#        2105       0.00462     20.11      2.00     7   6.4140
#        2106       0.00419      9.34      2.00     6   6.4145
#        2107       0.00989      9.76      2.00     6   6.4144
#        2108       0.00534      4.41      2.00     7   6.4154
#        2109       0.00391     13.28      2.00     5   6.4159
#        2110       0.00400      9.56      2.00     6   6.4157
#        2111       0.00586     18.63      2.00     7   6.4156
#        2112       0.00786      5.38      2.00     3   6.4176
#        2113       0.00358      5.19      2.00     5   6.4171
#        2116       0.00919      4.33      2.00     6   6.4194
#        2118       0.00703      5.79      2.00     6   6.4199
#        2119       0.00474     14.62      2.00     6   6.4203
#        2120       0.00593      9.63      2.00     6   6.4203
#        2122       0.01359      5.87      2.00     7   6.4210
#        2123       0.00387      4.60      2.00     5   6.4216
#        2124       0.00416     14.53      2.00     5   6.4215
#        2125       0.01385     12.91      2.00     6   6.4219
#        2126       0.01555      6.94      2.00     6   6.4237
#        2127       0.00753     19.88      2.00     7   6.4244
#        2128       0.00929     37.60      2.00     7   6.4247
#        2130       0.00503     11.42      2.00     7   6.4255
#        2131       0.01304      5.83      2.00     5   6.4263
#        2132       0.01023      7.41      2.00     6   6.4269
#        2133       0.00762     17.77      2.00     7   6.4266
#        2134       0.01213      8.15      2.00     6   6.4272
#        2135       0.00499      5.63      2.00     5   6.4281
#        2136       0.00504      5.57      2.00     5   6.4281
#        2137       0.00619      9.34      2.00     7   6.4281
#        2138       0.00433     15.36      2.00     6   6.4296
#        2139       0.01219      6.71      2.00     6   6.4298
#        2140       0.00565     22.83      2.00     6   6.4298
#        2143       0.01299     20.16      2.00     7   6.4308
#        2144       0.00915      4.39      2.00     6   6.4319
#        2145       0.00581     11.55      2.00     5   6.4326
#        2146       0.01313     11.06      2.00     7   6.4328
#        2147       0.01094      6.80      2.00     6   6.4347
#        2148       0.00931     16.91      2.00     7   6.4347
#        2149       0.01330      4.24      1.00     6   6.4350
#        2150       0.01564      4.25      2.00     7   6.4351
#        2151       0.00926     31.85      2.00     7   6.4348
#        2152       0.01389     13.71      2.00     7   6.4349
#        2153       0.01162      4.85      2.00     5   6.4363
#        2155       0.01380      8.12      2.00     7   6.4368
#        2156       0.00786     17.60      2.00     7   6.4367
#        2158       0.00479      8.97      2.00     5   6.4375
#        2159       0.01469      7.18      2.00     6   6.4373
#        2160       0.01649      4.92      2.00     6   6.4373
#        2161       0.01046      4.93      2.00     7   6.4380
#        2164       0.00434     23.18      2.00     6   6.4380
#        2166       0.00747      6.17      1.00     4   6.4385
#        2167       0.03134     17.38      2.00     7   6.4384
#        2168       0.00343      4.52      2.00     3   6.4400
#        2169       0.00831      4.32      2.00     6   6.4400
#        2170       0.01596     10.04      2.00     7   6.4406
#        2171       0.01318      7.69      2.00     7   6.4414
#        2172       0.00612     18.60      2.00     7   6.4425
#        2175       0.00572      4.37      2.00     5   6.4432
#        2176       0.00611     24.13      2.00     7   6.4435
#        2177       0.00818      4.04      2.00     5   6.4439
#        2179       0.00912     14.72      2.00     7   6.4444
#        2180       0.01168      4.81      2.00     5   6.4449
#        2182       0.00743      8.50      2.00     6   6.4449
#        2183       0.00992     14.11      2.00     7   6.4448
#        2186       0.00701     10.80      2.00     6   6.4461
#        2187       0.01621      4.98      2.00     6   6.4471
#        2189       0.00978     17.71      2.00     7   6.4497
#        2191       0.01031      4.38      2.00     6   6.4511
#        2192       0.00437     12.54      2.00     5   6.4514
#        2195       0.01177      4.94      2.00     7   6.4520
#        2197       0.00980      6.02      2.00     5   6.4525
#        2200       0.01570     18.19      2.00     7   6.4553
#        2201       0.00643      7.69      2.00     5   6.4560
#        2202       0.01353      6.76      1.00     6   6.4560
#        2205       0.01328     10.62      2.00     7   6.4572
#        2206       0.00848      4.80      2.00     7   6.4577
#        2207       0.01255      5.09      2.00     7   6.4577
#        2208       0.00826      4.80      2.00     7   6.4577
#        2209       0.01033     33.51      2.00     7   6.4577
#        2210       0.01259      5.14      2.00     7   6.4577
#  1631/2000 paths used
#  xsedge+50, used to normalize mu           1.0000E+00
#  -----------------------------------------------------------------------
#  omega    e    k    mu    mu0     chi     @#
    9726.130   -205.117  -7.200 -2.13381E-06 -2.45378E-06  3.26386E-06
    9728.864   -202.383  -7.150 -5.10088E-06 -5.48768E-06  3.36989E-06
    9731.578   -199.668  -7.100 -8.06795E-06 -8.52159E-06  3.46201E-06
    9734.274   -196.973  -7.050 -1.10350E-05 -1.15555E-05  3.54603E-06
    9736.950   -194.296  -7.000 -1.40021E-05 -1.45894E-05  3.63448E-06
    9739.608   -191.639  -6.950 -1.69692E-05 -1.76233E-05  3.73821E-06
    9742.246   -189.000  -6.900 -1.99362E-05 -2.06572E-05  3.85894E-06
    9744.866   -186.381  -6.850 -2.27527E-05 -2.36146E-05  4.01280E-06
    9747.466   -183.781  -6.800 -2.53986E-05 -2.64852E-05  4.19199E-06
    9750.047   -181.199  -6.750 -2.80444E-05 -2.93559E-05  4.36019E-06
    9752.609   -178.637  -6.700 -3.06903E-05 -3.22266E-05  4.51732E-06
    9755.153   -176.094  -6.650 -3.33362E-05 -3.50972E-05  4.67224E-06
    9757.677   -173.570  -6.600 -3.59821E-05 -3.79679E-05  4.83756E-06
    9760.182   -171.065  -6.550 -3.86280E-05 -4.08386E-05  5.02198E-06
    9762.668   -168.579  -6.500 -4.12739E-05 -4.37092E-05  5.22473E-06
    9765.135   -166.112  -6.450 -4.33740E-05 -4.64730E-05  5.48723E-06
    9767.583   -163.664  -6.400 -4.51208E-05 -4.91676E-05  5.78219E-06
    9770.012   -161.235  -6.350 -4.68675E-05 -5.18622E-05  6.06878E-06
    9772.421   -158.825  -6.300 -4.86143E-05 -5.45568E-05  6.34687E-06
    9774.812   -156.434  -6.250 -5.03611E-05 -5.72515E-05  6.62494E-06
    9777.184   -154.063  -6.200 -5.21078E-05 -5.99461E-05  6.91582E-06
    9779.537   -151.710  -6.150 -5.38546E-05 -6.26407E-05  7.22966E-06
    9781.870   -149.377  -6.100 -5.56014E-05 -6.53353E-05  7.56814E-06
    9784.185   -147.062  -6.050 -5.60328E-05 -6.79853E-05  7.99773E-06
    9786.480   -144.766  -6.000 -5.22114E-05 -7.04910E-05  8.68425E-06
    9788.757   -142.490  -5.950 -4.83900E-05 -7.29968E-05  9.38302E-06
    9791.014   -140.233  -5.900 -4.45686E-05 -7.55025E-05  1.00889E-05
    9793.252   -137.994  -5.850 -4.07472E-05 -7.80083E-05  1.08058E-05
    9795.472   -135.775  -5.800 -3.69258E-05 -8.05140E-05  1.15448E-05
    9797.672   -133.575  -5.750 -3.31045E-05 -8.30198E-05  1.23201E-05
    9799.853   -131.393  -5.700 -2.92831E-05 -8.55255E-05  1.31413E-05
    9802.015   -129.231  -5.650 -2.54617E-05 -8.80313E-05  1.40087E-05
    9804.159   -127.088  -5.600  4.49527E-05 -9.04873E-05  1.60372E-05
    9806.283   -124.964  -5.550  3.22887E-04 -9.27881E-05  2.19715E-05
    9808.388   -122.859  -5.500  6.00821E-04 -9.50889E-05  2.85125E-05
    9810.474   -120.773  -5.450  8.78755E-04 -9.73897E-05  3.56361E-05
    9812.541   -118.706  -5.400  1.15669E-03 -9.96905E-05  4.33294E-05
    9814.588   -116.658  -5.350  1.43462E-03 -1.01991E-04  5.15913E-05
    9816.617   -114.629  -5.300  1.71256E-03 -1.04292E-04  6.04269E-05
    9818.627   -112.620  -5.250  1.99049E-03 -1.06593E-04  6.98369E-05
    9820.618   -110.629  -5.200  2.26843E-03 -1.08894E-04  7.98070E-05
    9822.589   -108.657  -5.150  2.54636E-03 -1.11194E-04  9.03029E-05
    9824.542   -106.705  -5.100  2.63520E-03 -1.13390E-04  9.18849E-05
    9826.476   -104.771  -5.050  2.50499E-03 -1.15465E-04  8.24803E-05
    9828.390   -102.857  -5.000  2.37479E-03 -1.17539E-04  7.27693E-05
    9830.286   -100.961  -4.950  2.24459E-03 -1.19614E-04  6.27708E-05
    9832.162    -99.085  -4.900  2.11438E-03 -1.21688E-04  5.25153E-05
    9834.019    -97.227  -4.850  1.98418E-03 -1.23763E-04  4.20436E-05
    9835.858    -95.389  -4.800  1.85398E-03 -1.25838E-04  3.14037E-05
    9837.677    -93.570  -4.750  1.72377E-03 -1.27912E-04  2.06440E-05
    9839.477    -91.770  -4.700  1.59357E-03 -1.29987E-04  9.80761E-06
    9841.258    -89.988  -4.650  1.46337E-03 -1.32061E-04 -1.07322E-06
    9843.020    -88.226  -4.600  1.33316E-03 -1.34136E-04 -1.19789E-05
    9844.763    -86.483  -4.550  1.23793E-03 -1.36044E-04 -1.55429E-05
    9846.487    -84.759  -4.500  1.16186E-03 -1.37862E-04 -1.47714E-05
    9848.192    -83.054  -4.450  1.08580E-03 -1.39680E-04 -1.36774E-05
    9849.878    -81.368  -4.400  1.00973E-03 -1.41497E-04 -1.23208E-05
    9851.545    -79.701  -4.350  9.33662E-04 -1.43315E-04 -1.07453E-05
    9853.193    -78.054  -4.300  8.57594E-04 -1.45133E-04 -8.95883E-06
    9854.822    -76.425  -4.250  7.81527E-04 -1.46951E-04 -6.92449E-06
    9856.432    -74.815  -4.200  7.05459E-04 -1.48768E-04 -4.56668E-06
    9858.022    -73.224  -4.150  6.29392E-04 -1.50586E-04 -1.79141E-06
    9859.594    -71.653  -4.100  5.53324E-04 -1.52404E-04  1.48462E-06
    9861.146    -70.100  -4.050  4.77257E-04 -1.54222E-04  5.30480E-06
    9862.680    -68.567  -4.000  4.01189E-04 -1.56039E-04  9.65311E-06
    9864.194    -67.052  -3.950  3.52034E-04 -1.57744E-04  6.77439E-05
    9865.690    -65.557  -3.900  3.49151E-04 -1.59256E-04  2.29135E-04
    9867.166    -64.080  -3.850  3.46267E-04 -1.60767E-04  3.78194E-04
    9868.623    -62.623  -3.800  3.43384E-04 -1.62278E-04  4.76265E-04
    9870.062    -61.185  -3.750  3.40500E-04 -1.63789E-04  4.90986E-04
    9871.481    -59.766  -3.700  3.37617E-04 -1.65300E-04  4.05025E-04
    9872.881    -58.366  -3.650  3.34733E-04 -1.66811E-04  2.22109E-04
    9874.262    -56.984  -3.600  3.31849E-04 -1.68322E-04 -3.12858E-05
    9875.624    -55.622  -3.550  3.28966E-04 -1.69833E-04 -3.09351E-04
    9876.967    -54.279  -3.500  3.26082E-04 -1.71345E-04 -5.55109E-04
    9878.291    -52.955  -3.450  3.23199E-04 -1.72856E-04 -7.11874E-04
    9879.596    -51.650  -3.400  3.20315E-04 -1.74367E-04 -7.35717E-04
    9880.882    -50.365  -3.350  3.17432E-04 -1.75878E-04 -6.06258E-04
    9882.149    -49.098  -3.300  3.14548E-04 -1.77389E-04 -3.33293E-04
    9883.397    -47.850  -3.250  3.11665E-04 -1.78900E-04  4.25168E-05
    9884.625    -46.621  -3.200  3.15553E-04 -1.80075E-04  9.08975E-04
    9885.835    -45.412  -3.150  3.21097E-04 -1.81167E-04  2.45645E-03
    9887.026    -44.221  -3.100  3.26641E-04 -1.82260E-04  4.28376E-03
    9888.197    -43.049  -3.050  3.32185E-04 -1.83352E-04  5.93519E-03
    9889.350    -41.897  -3.000  3.37729E-04 -1.84445E-04  6.97094E-03
    9890.483    -40.763  -2.950  3.43273E-04 -1.85537E-04  7.05047E-03
    9891.598    -39.649  -2.900  3.48818E-04 -1.86629E-04  5.97909E-03
    9892.693    -38.554  -2.850  3.54362E-04 -1.87722E-04  3.72056E-03
    9893.769    -37.477  -2.800  3.59906E-04 -1.88814E-04  3.92787E-04
    9894.827    -36.420  -2.750  3.65450E-04 -1.89907E-04 -3.73570E-03
    9895.865    -35.382  -2.700  3.70994E-04 -1.90999E-04 -8.24338E-03
    9896.884    -34.363  -2.650  3.76539E-04 -1.92092E-04 -1.25601E-02
    9897.884    -33.362  -2.600  3.82083E-04 -1.93184E-04 -1.60024E-02
    9898.865    -32.381  -2.550  3.87627E-04 -1.94277E-04 -1.78590E-02
    9899.827    -31.419  -2.500  3.93171E-04 -1.95369E-04 -1.75276E-02
    9900.770    -30.476  -2.450  3.98715E-04 -1.96461E-04 -1.46727E-02
    9901.694    -29.553  -2.400  4.04259E-04 -1.97554E-04 -9.35752E-03
    9902.599    -28.648  -2.350  4.09804E-04 -1.98646E-04 -2.09676E-03
    9903.485    -27.762  -2.300  4.15348E-04 -1.99739E-04  6.19954E-03
    9904.352    -26.895  -2.250  3.97937E-04 -2.00388E-04  1.08537E+01
    9905.199    -26.047  -2.200  3.75590E-04 -2.00942E-04  2.03650E+01
    9906.028    -25.219  -2.150  3.53242E-04 -2.01497E-04  1.46807E+01
    9906.838    -24.409  -2.100  3.30894E-04 -2.02051E-04 -7.77072E+00
    9907.628    -23.618  -2.050  3.08547E-04 -2.02605E-04 -3.61466E+01
    9908.400    -22.847  -2.000  2.86199E-04 -2.03159E-04 -5.36539E+01
    9909.152    -22.094  -1.950  2.63851E-04 -2.03714E-04 -4.83278E+01
    9909.886    -21.361  -1.900  2.41504E-04 -2.04268E-04 -2.11452E+01
    9910.600    -20.647  -1.850  2.19156E-04 -2.04822E-04  1.39038E+01
    9911.295    -19.951  -1.800  1.96808E-04 -2.05376E-04  3.80452E+01
    9911.972    -19.275  -1.750  1.74461E-04 -2.05931E-04  3.91443E+01
    9912.629    -18.618  -1.700  1.52113E-04 -2.06485E-04  1.90756E+01
    9913.267    -17.980  -1.650  1.29765E-04 -2.07039E-04 -7.70361E+00
    9913.886    -17.361  -1.600  9.38627E-05 -2.07452E-04 -4.49504E+01
    9914.486    -16.760  -1.550  3.62015E-05 -2.07607E-04 -6.91709E+00
    9915.067    -16.179  -1.500 -2.10814E-05 -2.07687E-04  1.16959E+02
    9915.629    -15.617  -1.450 -7.28235E-05 -2.07684E-04  6.56657E+00
    9916.172    -15.075  -1.400 -1.10465E-04 -2.07591E-04 -7.41415E+00
    9916.696    -14.551  -1.350 -1.21628E-04 -2.07398E-04 -9.70708E+00
    9917.201    -14.046  -1.300 -9.67736E-05 -2.07092E-04 -1.29685E+01
    9917.687    -13.560  -1.250 -3.83632E-05 -2.06660E-04 -1.51663E+01
    9918.153    -13.093  -1.200  4.56350E-05 -2.06085E-04 -1.62852E+01
    9918.601    -12.646  -1.150  1.48260E-04 -2.05347E-04 -1.75490E+01
    9919.030    -12.217  -1.100  2.63115E-04 -2.04424E-04 -1.76402E+01
    9919.439    -11.807  -1.050  3.84725E-04 -2.03286E-04 -1.06490E+01
    9919.830    -11.417  -1.000  5.08077E-04 -2.01897E-04  7.10591E+00
    9920.201    -11.046  -0.950  6.29086E-04 -2.00216E-04  2.57517E+01
    9920.554    -10.693  -0.900  7.44557E-04 -1.98197E-04  3.02550E+01
    9920.887    -10.360  -0.850  8.52359E-04 -1.95771E-04  1.85414E+01
    9921.201    -10.045  -0.800  9.51276E-04 -1.92875E-04  1.03690E+00
    9921.497     -9.750  -0.750  1.04080E-03 -1.89422E-04 -1.26318E+01
    9921.773     -9.474  -0.700  1.12117E-03 -1.85318E-04 -1.91566E+01
    9922.030     -9.217  -0.650  1.19281E-03 -1.80473E-04 -1.96107E+01
    9922.268     -8.979  -0.600  1.25627E-03 -1.74766E-04 -1.64485E+01
    9922.487     -8.760  -0.550  1.31266E-03 -1.68153E-04 -1.18186E+01
    9922.687     -8.559  -0.500  1.36269E-03 -1.60631E-04 -7.10447E+00
    9922.868     -8.379  -0.450  1.40710E-03 -1.52306E-04 -3.01160E+00
    9923.030     -8.217  -0.400  1.44644E-03 -1.43413E-04  2.16473E-01
    9923.173     -8.074  -0.350  1.48058E-03 -1.34340E-04  2.56513E+00
    9923.297     -7.950  -0.300  1.51000E-03 -1.25578E-04  4.19805E+00
    9923.402     -7.845  -0.250  1.53463E-03 -1.17609E-04  5.27325E+00
    9923.487     -7.759  -0.200  1.55428E-03 -1.10887E-04  5.93976E+00
    9923.554     -7.693  -0.150  1.58560E-03 -8.91641E-05  6.33136E+00
    9923.602     -7.645  -0.100  1.66124E-03 -1.79536E-05  6.48572E+00
    9923.630     -7.617  -0.050  1.73689E-03  5.32569E-05  6.61781E+00
    9923.640     -7.607   0.000  1.81254E-03  1.24467E-04  6.72789E+00
    9923.649     -7.597   0.050  1.84217E-03  1.28125E-04  6.81478E+00
    9923.678     -7.569   0.100  1.86671E-03  1.31395E-04  6.88261E+00
    9923.725     -7.521   0.150  1.88661E-03  1.34665E-04  6.93172E+00
    9923.792     -7.455   0.200  1.91348E-03  1.40792E-04  6.98034E+00
    9923.878     -7.369   0.250  1.92126E-03  1.48436E-04  6.93865E+00
    9923.983     -7.264   0.300  1.89187E-03  1.57307E-04  6.74040E+00
    9924.106     -7.140   0.350  1.80879E-03  1.67041E-04  6.32876E+00
    9924.249     -6.997   0.400  1.66149E-03  1.77195E-04  5.67288E+00
    9924.411     -6.835   0.450  1.44298E-03  1.87310E-04  4.75606E+00
    9924.592     -6.654   0.500  1.16188E-03  1.96999E-04  3.62160E+00
    9924.792     -6.454   0.550  8.36573E-04  2.06010E-04  2.34554E+00
    9925.011     -6.235   0.600  4.95527E-04  2.14209E-04  1.03744E+00
    9925.249     -5.997   0.650  1.73108E-04  2.21551E-04 -1.77202E-01
    9925.507     -5.740   0.700 -9.76904E-05  2.28042E-04 -1.18275E+00
    9925.783     -5.464   0.750 -2.89709E-04  2.33749E-04 -1.88837E+00
    9926.078     -5.169   0.800 -3.88584E-04  2.38713E-04 -2.25069E+00
    9926.392     -4.854   0.850 -3.94109E-04  2.42981E-04 -2.27598E+00
    9926.726     -4.521   0.900 -3.19846E-04  2.46607E-04 -2.01735E+00
    9927.078     -4.168   0.950 -1.89550E-04  2.49613E-04 -1.56111E+00
    9927.450     -3.797   1.000 -3.13178E-05  2.52054E-04 -1.00676E+00
    9927.840     -3.406   1.050  1.27930E-04  2.53957E-04 -4.48066E-01
    9928.250     -2.997   1.100  2.64516E-04  2.55350E-04  3.26559E-02
    9928.678     -2.568   1.150  3.65041E-04  2.56273E-04  3.88730E-01
    9929.126     -2.121   1.200  4.24472E-04  2.56764E-04  6.02011E-01
    9929.593     -1.654   1.250  4.45066E-04  2.56850E-04  6.79326E-01
    9930.079     -1.168   1.300  4.34681E-04  2.56570E-04  6.47037E-01
    9930.583     -0.663   1.350  4.04106E-04  2.55963E-04  5.42168E-01
    9931.107     -0.139   1.400  3.64458E-04  2.55062E-04  4.03685E-01
    9931.650      0.403   1.450  3.25245E-04  2.53903E-04  2.65646E-01
    9932.212      0.965   1.500  2.93034E-04  2.52517E-04  1.52330E-01
    9932.793      1.546   1.550  2.71123E-04  2.50945E-04  7.66464E-02
    9933.393      2.147   1.600  2.59817E-04  2.49211E-04  4.07234E-02
    9934.012      2.766   1.650  2.57207E-04  2.47348E-04  3.82758E-02
    9934.651      3.404   1.700  2.60188E-04  2.45382E-04  5.81478E-02
    9935.308      4.061   1.750  2.65451E-04  2.43338E-04  8.78661E-02
    9935.984      4.737   1.800  2.70297E-04  2.41233E-04  1.16872E-01
    9936.679      5.433   1.850  2.73079E-04  2.39092E-04  1.38309E-01
    9937.394      6.147   1.900  2.73283E-04  2.36929E-04  1.49726E-01
    9938.127      6.880   1.950  2.71250E-04  2.34755E-04  1.52115E-01
    9938.880      7.633   2.000  2.67711E-04  2.32567E-04  1.48220E-01
    9939.651      8.404   2.050  2.63391E-04  2.30316E-04  1.41200E-01
    9940.442      9.195   2.100  2.58759E-04  2.27962E-04  1.33208E-01
    9941.251     10.005   2.150  2.53934E-04  2.25568E-04  1.24379E-01
    9942.080     10.833   2.200  2.49242E-04  2.23704E-04  1.13526E-01
    9942.928     11.681   2.250  2.44884E-04  2.22854E-04  9.91197E-02
    9943.794     12.548   2.300  2.40383E-04  2.22669E-04  8.04180E-02
    9944.680     13.434   2.350  2.35531E-04  2.22886E-04  5.77390E-02
    9945.585     14.339   2.400  2.30433E-04  2.23468E-04  3.18845E-02
    9946.509     15.262   2.450  2.25498E-04  2.24379E-04  5.12182E-03
    9947.452     16.205   2.500  2.21288E-04  2.25519E-04 -1.93266E-02
    9948.414     17.167   2.550  2.18564E-04  2.26834E-04 -3.76918E-02
    9949.395     18.149   2.600  2.16485E-04  2.27326E-04 -4.93143E-02
    9950.395     19.149   2.650  2.13945E-04  2.27164E-04 -6.01092E-02
    9951.414     20.168   2.700  2.11139E-04  2.26688E-04 -7.08038E-02
    9952.453     21.206   2.750  2.08248E-04  2.26075E-04 -8.13548E-02
    9953.510     22.263   2.800  2.05396E-04  2.25395E-04 -9.14824E-02
    9954.586     23.340   2.850  2.02709E-04  2.24688E-04 -1.00782E-01
    9955.682     24.435   2.900  2.00327E-04  2.23984E-04 -1.08705E-01
    9956.796     25.549   2.950  1.98418E-04  2.23326E-04 -1.14653E-01
    9957.930     26.683   3.000  1.97136E-04  2.22738E-04 -1.17987E-01
    9959.082     27.835   3.050  1.96600E-04  2.22224E-04 -1.18161E-01
    9960.254     29.007   3.100  1.96885E-04  2.21756E-04 -1.14729E-01
    9961.444     30.198   3.150  1.98049E-04  2.21345E-04 -1.07459E-01
    9962.654     31.407   3.200  2.00099E-04  2.20993E-04 -9.63504E-02
    9963.883     32.636   3.250  2.02972E-04  2.20696E-04 -8.16830E-02
    9965.130     33.884   3.300  2.06533E-04  2.20451E-04 -6.40876E-02
    9966.397     35.151   3.350  2.10608E-04  2.20272E-04 -4.44568E-02
    9967.683     36.436   3.400  2.14949E-04  2.20148E-04 -2.38840E-02
    9968.988     37.741   3.450  2.19313E-04  2.20078E-04 -3.50878E-03
    9970.312     39.065   3.500  2.23468E-04  2.20055E-04  1.56312E-02
    9971.655     40.408   3.550  2.27235E-04  2.20082E-04  3.27065E-02
    9973.017     41.770   3.600  2.30501E-04  2.20162E-04  4.71829E-02
    9974.398     43.152   3.650  2.33188E-04  2.20278E-04  5.88021E-02
    9975.798     44.552   3.700  2.35301E-04  2.20440E-04  6.75483E-02
    9977.218     45.971   3.750  2.36841E-04  2.20630E-04  7.35294E-02
    9978.656     47.409   3.800  2.37862E-04  2.20864E-04  7.69307E-02
    9980.113     48.866   3.850  2.38367E-04  2.21113E-04  7.79197E-02
    9981.590     50.343   3.900  2.38411E-04  2.21397E-04  7.66619E-02
    9983.085     51.838   3.950  2.37999E-04  2.21692E-04  7.33142E-02
    9984.599     53.353   4.000  2.37182E-04  2.22009E-04  6.80705E-02
    9986.133     54.886   4.050  2.35994E-04  2.22329E-04  6.11721E-02
    9987.685     56.439   4.100  2.34508E-04  2.22660E-04  5.29256E-02
    9989.257     58.010   4.150  2.32785E-04  2.22987E-04  4.36840E-02
    9990.848     59.601   4.200  2.30916E-04  2.23315E-04  3.38185E-02
    9992.457     61.211   4.250  2.28966E-04  2.23638E-04  2.36643E-02
    9994.086     62.840   4.300  2.26992E-04  2.23944E-04  1.35167E-02
    9995.734     64.487   4.350  2.25044E-04  2.24236E-04  3.57361E-03
    9997.401     66.154   4.400  2.23147E-04  2.24508E-04 -6.01852E-03
    9999.087     67.840   4.450  2.21333E-04  2.24769E-04 -1.51693E-02
   10000.792     69.545   4.500  2.19603E-04  2.24998E-04 -2.37858E-02
   10002.516     71.269   4.550  2.18001E-04  2.25202E-04 -3.17137E-02
   10004.259     73.012   4.600  2.16571E-04  2.25378E-04 -3.87458E-02
   10006.021     74.774   4.650  2.15380E-04  2.25522E-04 -4.45877E-02
   10007.802     76.556   4.700  2.14512E-04  2.25642E-04 -4.89012E-02
   10009.602     78.356   4.750  2.14034E-04  2.25728E-04 -5.13500E-02
   10011.422     80.175   4.800  2.14008E-04  2.25781E-04 -5.16805E-02
   10013.260     82.013   4.850  2.14462E-04  2.25804E-04 -4.97749E-02
   10015.117     83.871   4.900  2.15375E-04  2.25795E-04 -4.57245E-02
   10016.994     85.747   4.950  2.16689E-04  2.25764E-04 -3.98156E-02
   10018.889     87.643   5.000  2.18283E-04  2.25695E-04 -3.25250E-02
   10020.804     89.557   5.050  2.20034E-04  2.25604E-04 -2.44470E-02
   10022.737     91.491   5.100  2.21801E-04  2.25492E-04 -1.62017E-02
   10024.690     93.443   5.150  2.23450E-04  2.25352E-04 -8.35445E-03
   10026.662     95.415   5.200  2.24893E-04  2.25193E-04 -1.32060E-03
   10028.652     97.406   5.250  2.26074E-04  2.25013E-04  4.66403E-03
   10030.662     99.415   5.300  2.26995E-04  2.24822E-04  9.55622E-03
   10032.691    101.444   5.350  2.27675E-04  2.24615E-04  1.34657E-02
   10034.739    103.492   5.400  2.28169E-04  2.24402E-04  1.65898E-02
   10036.806    105.559   5.450  2.28524E-04  2.24181E-04  1.91384E-02
   10038.892    107.645   5.500  2.28776E-04  2.23953E-04  2.12680E-02
   10040.997    109.750   5.550  2.28945E-04  2.23723E-04  2.30436E-02
   10043.121    111.874   5.600  2.29027E-04  2.23494E-04  2.44316E-02
   10045.264    114.017   5.650  2.28997E-04  2.23265E-04  2.53272E-02
   10047.426    116.179   5.700  2.28834E-04  2.23043E-04  2.56031E-02
   10049.607    118.361   5.750  2.28513E-04  2.22826E-04  2.51589E-02
   10051.808    120.561   5.800  2.28032E-04  2.22619E-04  2.39626E-02
   10054.027    122.780   5.850  2.27407E-04  2.22425E-04  2.20673E-02
   10056.265    125.019   5.900  2.26659E-04  2.22238E-04  1.95923E-02
   10058.523    127.276   5.950  2.25833E-04  2.22066E-04  1.67051E-02
   10060.799    129.552   6.000  2.24957E-04  2.21900E-04  1.35649E-02
   10063.095    131.848   6.050  2.24073E-04  2.21755E-04  1.02902E-02
   10065.409    134.163   6.100  2.23183E-04  2.21618E-04  6.94625E-03
   10067.743    136.496   6.150  2.22296E-04  2.21498E-04  3.54275E-03
   10070.095    138.849   6.200  2.21409E-04  2.21395E-04  6.07340E-05
   10072.467    141.221   6.250  2.20511E-04  2.21300E-04 -3.50739E-03
   10074.858    143.611   6.300  2.19623E-04  2.21226E-04 -7.12583E-03
   10077.268    146.021   6.350  2.18752E-04  2.21157E-04 -1.06947E-02
   10079.697    148.450   6.400  2.17938E-04  2.21096E-04 -1.40511E-02
   10082.145    150.898   6.450  2.17236E-04  2.21054E-04 -1.69909E-02
   10084.611    153.365   6.500  2.16676E-04  2.21013E-04 -1.93056E-02
   10087.097    155.851   6.550  2.16306E-04  2.20983E-04 -2.08247E-02
   10089.603    158.356   6.600  2.16145E-04  2.20960E-04 -2.14461E-02
   10092.127    160.880   6.650  2.16191E-04  2.20938E-04 -2.11487E-02
   10094.670    163.423   6.700  2.16437E-04  2.20922E-04 -1.99906E-02
   10097.232    165.985   6.750  2.16845E-04  2.20902E-04 -1.80848E-02
   10099.813    168.567   6.800  2.17393E-04  2.20885E-04 -1.55723E-02
   10102.414    171.167   6.850  2.18040E-04  2.20863E-04 -1.25946E-02
   10105.033    173.786   6.900  2.18760E-04  2.20838E-04 -9.27589E-03
   10107.671    176.425   6.950  2.19524E-04  2.20806E-04 -5.72590E-03
   10110.329    179.082   7.000  2.20306E-04  2.20764E-04 -2.04481E-03
   10113.005    181.759   7.050  2.21088E-04  2.20716E-04  1.65907E-03
   10115.701    184.454   7.100  2.21829E-04  2.20655E-04  5.25527E-03
   10118.416    187.169   7.150  2.22505E-04  2.20587E-04  8.58787E-03
   10121.149    189.903   7.200  2.23066E-04  2.20502E-04  1.14854E-02
   10123.902    192.655   7.250  2.23479E-04  2.20406E-04  1.37813E-02
   10126.674    195.427   7.300  2.23716E-04  2.20298E-04  1.53419E-02
   10129.465    198.218   7.350  2.23756E-04  2.20174E-04  1.60910E-02
   10132.274    201.028   7.400  2.23596E-04  2.20033E-04  1.60266E-02
   10135.103    203.857   7.450  2.23263E-04  2.19882E-04  1.52205E-02
   10137.951    206.705   7.500  2.22773E-04  2.19710E-04  1.38051E-02
   10140.818    209.572   7.550  2.22179E-04  2.19531E-04  1.19471E-02
   10143.704    212.458   7.600  2.21508E-04  2.19335E-04  9.81538E-03
   10146.609    215.363   7.650  2.20798E-04  2.19128E-04  7.55417E-03
   10149.534    218.287   7.700  2.20069E-04  2.18906E-04  5.26722E-03
   10152.477    221.230   7.750  2.19340E-04  2.18676E-04  3.01131E-03
   10155.439    224.192   7.800  2.18611E-04  2.18433E-04  8.10040E-04
   10158.420    227.174   7.850  2.17893E-04  2.18186E-04 -1.32853E-03
   10161.421    230.174   7.900  2.17179E-04  2.17924E-04 -3.39055E-03
   10164.440    233.194   7.950  2.16492E-04  2.17663E-04 -5.33961E-03
   10167.479    236.232   8.000  2.15833E-04  2.17390E-04 -7.11046E-03
   10170.536    239.290   8.050  2.15233E-04  2.17118E-04 -8.61534E-03
   10173.613    242.366   8.100  2.14716E-04  2.16848E-04 -9.75859E-03
   10176.708    245.462   8.150  2.14292E-04  2.16573E-04 -1.04572E-02
   10179.823    248.576   8.200  2.13975E-04  2.16298E-04 -1.06592E-02
   10182.957    251.710   8.250  2.13769E-04  2.16022E-04 -1.03564E-02
   10186.109    254.863   8.300  2.13667E-04  2.15750E-04 -9.58494E-03
   10189.281    258.035   8.350  2.13657E-04  2.15484E-04 -8.41785E-03
   10192.472    261.225   8.400  2.13720E-04  2.15226E-04 -6.94939E-03
   10195.682    264.435   8.450  2.13829E-04  2.14971E-04 -5.27846E-03
   10198.911    267.664   8.500  2.13968E-04  2.14724E-04 -3.49528E-03
   10202.159    270.912   8.550  2.14120E-04  2.14482E-04 -1.67487E-03
   10205.426    274.179   8.600  2.14280E-04  2.14254E-04  1.21572E-04
   10208.712    277.466   8.650  2.14427E-04  2.14030E-04  1.83988E-03
   10212.017    280.771   8.700  2.14551E-04  2.13814E-04  3.42508E-03
   10215.342    284.095   8.750  2.14642E-04  2.13607E-04  4.81413E-03
   10218.685    287.438   8.800  2.14682E-04  2.13407E-04  5.93972E-03
   10222.047    290.800   8.850  2.14665E-04  2.13219E-04  6.73748E-03
   10225.428    294.182   8.900  2.14569E-04  2.13035E-04  7.15732E-03
   10228.829    297.582   8.950  2.14402E-04  2.12865E-04  7.17798E-03
   10232.248    301.002   9.000  2.14156E-04  2.12699E-04  6.81528E-03
   10235.687    304.440   9.050  2.13844E-04  2.12536E-04  6.12363E-03
   10239.144    307.898   9.100  2.13489E-04  2.12381E-04  5.18811E-03
   10242.621    311.374   9.150  2.13110E-04  2.12234E-04  4.10911E-03
   10246.117    314.870   9.200  2.12723E-04  2.12088E-04  2.98462E-03
   10249.631    318.385   9.250  2.12350E-04  2.11947E-04  1.89357E-03
   10253.165    321.919   9.300  2.11992E-04  2.11803E-04  8.86348E-04
   10256.718    325.471   9.350  2.11662E-04  2.11666E-04 -1.64540E-05
   10260.290    329.043   9.400  2.11355E-04  2.11528E-04 -8.17047E-04
   10263.881    332.634   9.450  2.11067E-04  2.11391E-04 -1.52853E-03
   10267.491    336.244   9.500  2.10793E-04  2.11251E-04 -2.16206E-03
   10271.120    339.873   9.550  2.10531E-04  2.11106E-04 -2.71796E-03
   10274.768    343.521   9.600  2.10286E-04  2.10959E-04 -3.18285E-03
   10278.435    347.188   9.650  2.10063E-04  2.10809E-04 -3.53302E-03
   10282.121    350.874   9.700  2.09869E-04  2.10658E-04 -3.74298E-03
   10285.826    354.580   9.750  2.09694E-04  2.10494E-04 -3.79516E-03
   10289.551    358.304   9.800  2.09555E-04  2.10331E-04 -3.68556E-03
   10293.294    362.047   9.850  2.09434E-04  2.10154E-04 -3.42738E-03
   10297.056    365.810   9.900  2.09335E-04  2.09975E-04 -3.04757E-03
   10300.838    369.591   9.950  2.09245E-04  2.09786E-04 -2.58048E-03
   10304.638    373.391  10.000  2.09164E-04  2.09595E-04 -2.05974E-03
   10308.458    377.211  10.050  2.09073E-04  2.09389E-04 -1.51215E-03
   10312.296    381.049  10.100  2.08979E-04  2.09178E-04 -9.54727E-04
   10316.154    384.907  10.150  2.08877E-04  2.08960E-04 -3.96481E-04
   10320.030    388.784  10.200  2.08771E-04  2.08739E-04  1.57338E-04
   10323.926    392.679  10.250  2.08655E-04  2.08510E-04  6.99569E-04
   10327.841    396.594  10.300  2.08525E-04  2.08272E-04  1.21666E-03
   10331.775    400.528  10.350  2.08377E-04  2.08026E-04  1.68768E-03
   10335.728    404.481  10.400  2.08216E-04  2.07783E-04  2.08644E-03
   10339.699    408.453  10.450  2.08029E-04  2.07535E-04  2.38654E-03
   10343.690    412.444  10.500  2.07812E-04  2.07280E-04  2.56736E-03
   10347.700    416.454  10.550  2.07570E-04  2.07028E-04  2.61927E-03
   10351.729    420.483  10.600  2.07297E-04  2.06771E-04  2.54595E-03
   10355.778    424.531  10.650  2.07008E-04  2.06520E-04  2.36317E-03
   10359.845    428.598  10.700  2.06695E-04  2.06264E-04  2.09492E-03
   10363.931    432.684  10.750  2.06377E-04  2.06013E-04  1.76790E-03
   10368.036    436.790  10.800  2.06048E-04  2.05759E-04  1.40574E-03
   10372.161    440.914  10.850  2.05721E-04  2.05511E-04  1.02565E-03
   10376.304    445.057  10.900  2.05401E-04  2.05270E-04  6.37407E-04
   10380.466    449.220  10.950  2.05082E-04  2.05031E-04  2.45579E-04
   10384.648    453.401  11.000  2.04763E-04  2.04793E-04 -1.47042E-04
   10388.848    457.602  11.050  2.04454E-04  2.04563E-04 -5.34833E-04
   10393.068    461.821  11.100  2.04152E-04  2.04337E-04 -9.06565E-04
   10397.306    466.060  11.150  2.03864E-04  2.04118E-04 -1.24462E-03
   10401.564    470.317  11.200  2.03588E-04  2.03900E-04 -1.52702E-03
   10405.841    474.594  11.250  2.03331E-04  2.03684E-04 -1.73162E-03
   10410.137    478.890  11.300  2.03106E-04  2.03481E-04 -1.84108E-03
   10414.451    483.205  11.350  2.02900E-04  2.03276E-04 -1.84712E-03
   10418.785    487.539  11.400  2.02721E-04  2.03077E-04 -1.75276E-03
   10423.138    491.891  11.450  2.02567E-04  2.02886E-04 -1.57204E-03
   10427.510    496.263  11.500  2.02423E-04  2.02692E-04 -1.32663E-03
   10431.901    500.654  11.550  2.02293E-04  2.02504E-04 -1.04127E-03
   10436.311    505.064  11.600  2.02173E-04  2.02323E-04 -7.38942E-04
   10440.740    509.494  11.650  2.02048E-04  2.02136E-04 -4.37078E-04
   10445.188    513.942  11.700  2.01927E-04  2.01956E-04 -1.46265E-04
   10449.656    518.409  11.750  2.01803E-04  2.01777E-04  1.28820E-04
   10454.142    522.895  11.800  2.01674E-04  2.01596E-04  3.86351E-04
   10458.647    527.401  11.850  2.01537E-04  2.01411E-04  6.24262E-04
   10463.172    531.925  11.900  2.01400E-04  2.01231E-04  8.37326E-04
   10467.715    536.468  11.950  2.01249E-04  2.01044E-04  1.01662E-03
   10472.277    541.031  12.000  2.01093E-04  2.00861E-04  1.15070E-03
   10476.859    545.612  12.050  2.00914E-04  2.00667E-04  1.22838E-03
   10481.459    550.213  12.100  2.00724E-04  2.00475E-04  1.24225E-03
   10486.079    554.832  12.150  2.00516E-04  2.00277E-04  1.19094E-03
   10490.718    559.471  12.200  2.00294E-04  2.00077E-04  1.08030E-03
   10495.375    564.129  12.250  2.00054E-04  1.99869E-04  9.21883E-04
   10500.052    568.806  12.300  1.99804E-04  1.99658E-04  7.30233E-04
   10504.748    573.501  12.350  1.99543E-04  1.99439E-04  5.19441E-04
   10509.463    578.216  12.400  1.99278E-04  1.99218E-04  3.00582E-04
   10514.197    582.950  12.450  1.99005E-04  1.98989E-04  8.05249E-05
   10518.950    587.703  12.500  1.98724E-04  1.98751E-04 -1.36976E-04
   10523.722    592.475  12.550  1.98443E-04  1.98512E-04 -3.49088E-04
   10528.513    597.266  12.600  1.98161E-04  1.98270E-04 -5.51197E-04
   10533.323    602.076  12.650  1.97875E-04  1.98021E-04 -7.34893E-04
   10538.152    606.905  12.700  1.97588E-04  1.97764E-04 -8.87882E-04
   10543.000    611.754  12.750  1.97308E-04  1.97505E-04 -9.95660E-04
   10547.867    616.621  12.800  1.97038E-04  1.97245E-04 -1.04481E-03
   10552.754    621.507  12.850  1.96775E-04  1.96977E-04 -1.02680E-03
   10557.659    626.412  12.900  1.96523E-04  1.96708E-04 -9.40829E-04
   10562.584    631.337  12.950  1.96280E-04  1.96437E-04 -7.95025E-04
   10567.527    636.280  13.000  1.96047E-04  1.96166E-04 -6.05069E-04
   10572.489    641.243  13.050  1.95812E-04  1.95889E-04 -3.91340E-04
   10577.471    646.224  13.100  1.95578E-04  1.95612E-04 -1.74598E-04
   10582.472    651.225  13.150  1.95345E-04  1.95340E-04  2.77019E-05
   10587.491    656.245  13.200  1.95102E-04  1.95062E-04  2.03941E-04
   10592.530    661.283  13.250  1.94859E-04  1.94791E-04  3.49001E-04
   10597.588    666.341  13.300  1.94604E-04  1.94514E-04  4.63141E-04
   10602.665    671.418  13.350  1.94351E-04  1.94244E-04  5.49347E-04
   10607.760    676.514  13.400  1.94093E-04  1.93975E-04  6.10798E-04
   10612.875    681.629  13.450  1.93834E-04  1.93708E-04  6.49068E-04
   10618.009    686.763  13.500  1.93575E-04  1.93446E-04  6.63095E-04
   10623.162    691.916  13.550  1.93309E-04  1.93183E-04  6.50211E-04
   10628.334    697.088  13.600  1.93048E-04  1.92930E-04  6.07600E-04
   10633.525    702.279  13.650  1.92778E-04  1.92674E-04  5.34449E-04
   10638.736    707.489  13.700  1.92509E-04  1.92425E-04  4.33386E-04
   10643.965    712.718  13.750  1.92237E-04  1.92177E-04  3.10906E-04
   10649.213    717.966  13.800  1.91970E-04  1.91936E-04  1.76633E-04
   10654.480    723.234  13.850  1.91705E-04  1.91697E-04  4.16199E-05
   10659.767    728.520  13.900  1.91442E-04  1.91458E-04 -8.37630E-05
   10665.072    733.825  13.950  1.91185E-04  1.91222E-04 -1.91604E-04
   10670.397    739.150  14.000  1.90937E-04  1.90990E-04 -2.77638E-04
   10675.740    744.493  14.050  1.90695E-04  1.90760E-04 -3.41252E-04
   10681.103    749.856  14.100  1.90460E-04  1.90533E-04 -3.84432E-04
   10686.484    755.238  14.150  1.90226E-04  1.90305E-04 -4.10306E-04
   10691.885    760.638  14.200  1.89996E-04  1.90076E-04 -4.21759E-04
   10697.305    766.058  14.250  1.89773E-04  1.89853E-04 -4.20073E-04
   10702.743    771.497  14.300  1.89549E-04  1.89626E-04 -4.04990E-04
   10708.201    776.954  14.350  1.89327E-04  1.89398E-04 -3.74965E-04
   10713.678    782.431  14.400  1.89107E-04  1.89169E-04 -3.28373E-04
   10719.174    787.927  14.450  1.88889E-04  1.88940E-04 -2.64831E-04
   10724.689    793.442  14.500  1.88673E-04  1.88708E-04 -1.86139E-04
   10730.223    798.976  14.550  1.88459E-04  1.88477E-04 -9.66055E-05
   10735.776    804.529  14.600  1.88239E-04  1.88239E-04 -2.56334E-06
   10741.348    810.101  14.650  1.88017E-04  1.88000E-04  8.85544E-05
   10746.939    815.692  14.700  1.87790E-04  1.87758E-04  1.69825E-04
   10752.549    821.303  14.750  1.87556E-04  1.87511E-04  2.35799E-04
   10758.179    826.932  14.800  1.87314E-04  1.87261E-04  2.83554E-04
   10763.827    832.580  14.850  1.87068E-04  1.87010E-04  3.12652E-04
   10769.494    838.248  14.900  1.86812E-04  1.86752E-04  3.24816E-04
   10775.181    843.934  14.950  1.86552E-04  1.86492E-04  3.22741E-04
   10780.886    849.639  15.000  1.86282E-04  1.86224E-04  3.09443E-04
   10786.611    855.364  15.050  1.86014E-04  1.85960E-04  2.87062E-04
   10792.354    861.107  15.100  1.85733E-04  1.85685E-04  2.56942E-04
   10798.117    866.870  15.150  1.85454E-04  1.85413E-04  2.19410E-04
   10803.898    872.652  15.200  1.85166E-04  1.85134E-04  1.74450E-04
   10809.699    878.452  15.250  1.84877E-04  1.84854E-04  1.22171E-04
   10815.519    884.272  15.300  1.84586E-04  1.84574E-04  6.33997E-05
   10821.358    890.111  15.350  1.84287E-04  1.84287E-04 -5.61466E-08
   10827.215    895.969  15.400  1.83994E-04  1.84006E-04 -6.57066E-05
   10833.092    901.846  15.450  1.83693E-04  1.83717E-04 -1.30449E-04
   10838.988    907.742  15.500  1.83393E-04  1.83429E-04 -1.90984E-04
   10844.903    913.657  15.550  1.83100E-04  1.83145E-04 -2.44160E-04
   10850.837    919.591  15.600  1.82806E-04  1.82858E-04 -2.87055E-04
   10856.790    925.544  15.650  1.82512E-04  1.82570E-04 -3.17050E-04
   10862.763    931.516  15.700  1.82226E-04  1.82287E-04 -3.32035E-04
   10868.754    937.507  15.750  1.81941E-04  1.82001E-04 -3.30283E-04
   10874.764    943.517  15.800  1.81664E-04  1.81721E-04 -3.10851E-04
   10880.793    949.547  15.850  1.81391E-04  1.81441E-04 -2.74039E-04
   10886.842    955.595  15.900  1.81122E-04  1.81162E-04 -2.21428E-04
   10892.909    961.662  15.950  1.80854E-04  1.80883E-04 -1.56290E-04
   10898.996    967.749  16.000  1.80591E-04  1.80606E-04 -8.33716E-05
   10905.101    973.854  16.050  1.80335E-04  1.80337E-04 -8.25231E-06
   10911.226    979.979  16.100  1.80079E-04  1.80067E-04  6.33780E-05
   10917.369    986.123  16.150  1.79821E-04  1.79798E-04  1.26569E-04
   10923.532    992.285  16.200  1.79569E-04  1.79537E-04  1.77914E-04
   10929.714    998.467  16.250  1.79314E-04  1.79275E-04  2.15862E-04
   10935.914   1004.668  16.300  1.79053E-04  1.79010E-04  2.40649E-04
   10942.134   1010.887  16.350  1.78798E-04  1.78752E-04  2.53839E-04
   10948.373   1017.126  16.400  1.78546E-04  1.78500E-04  2.57456E-04
   10954.631   1023.384  16.450  1.78286E-04  1.78241E-04  2.53359E-04
   10960.908   1029.661  16.500  1.78033E-04  1.77990E-04  2.42671E-04
   10967.204   1035.957  16.550  1.77775E-04  1.77735E-04  2.25509E-04
   10973.519   1042.272  16.600  1.77519E-04  1.77483E-04  2.01363E-04
   10979.853   1048.606  16.650  1.77262E-04  1.77232E-04  1.69508E-04
   10986.206   1054.959  16.700  1.76999E-04  1.76976E-04  1.29859E-04
   10992.578   1061.332  16.750  1.76739E-04  1.76724E-04  8.31303E-05
   10998.970   1067.723  16.800  1.76479E-04  1.76473E-04  3.13555E-05
   11005.380   1074.133  16.850  1.76211E-04  1.76215E-04 -2.24694E-05
   11011.809   1080.563  16.900  1.75943E-04  1.75956E-04 -7.46840E-05
   11018.258   1087.011  16.950  1.75675E-04  1.75697E-04 -1.21679E-04
   11024.725   1093.478  17.000  1.75409E-04  1.75437E-04 -1.60322E-04
   11031.212   1099.965  17.050  1.75144E-04  1.75177E-04 -1.88598E-04
   11037.717   1106.470  17.100  1.74873E-04  1.74909E-04 -2.05662E-04
   11044.242   1112.995  17.150  1.74609E-04  1.74646E-04 -2.11796E-04
   11050.785   1119.539  17.200  1.74340E-04  1.74376E-04 -2.08134E-04
   11057.348   1126.101  17.250  1.74067E-04  1.74101E-04 -1.96267E-04
   11063.930   1132.683  17.300  1.73797E-04  1.73828E-04 -1.78032E-04
   11070.531   1139.284  17.350  1.73522E-04  1.73549E-04 -1.54853E-04
   11077.150   1145.904  17.400  1.73247E-04  1.73269E-04 -1.28029E-04
   11083.789   1152.543  17.450  1.72970E-04  1.72987E-04 -9.83662E-05
   11090.447   1159.201  17.500  1.72689E-04  1.72701E-04 -6.64815E-05
   11097.124   1165.878  17.550  1.72406E-04  1.72412E-04 -3.28230E-05
   11103.820   1172.574  17.600  1.72123E-04  1.72123E-04  2.04031E-06
   11110.535   1179.289  17.650  1.71839E-04  1.71833E-04  3.72470E-05
   11117.270   1186.023  17.700  1.71553E-04  1.71541E-04  7.15450E-05
   11124.023   1192.776  17.750  1.71268E-04  1.71250E-04  1.03248E-04
   11130.795   1199.548  17.800  1.70975E-04  1.70952E-04  1.30423E-04
   11137.586   1206.340  17.850  1.70687E-04  1.70661E-04  1.51027E-04
   11144.397   1213.150  17.900  1.70391E-04  1.70363E-04  1.63194E-04
   11151.226   1219.979  17.950  1.70095E-04  1.70067E-04  1.65751E-04
   11158.075   1226.828  18.000  1.69801E-04  1.69774E-04  1.58430E-04
   11164.942   1233.695  18.050  1.69502E-04  1.69478E-04  1.42068E-04
   11171.829   1240.582  18.100  1.69206E-04  1.69185E-04  1.18580E-04
   11178.734   1247.488  18.150  1.68910E-04  1.68895E-04  9.06656E-05
   11185.659   1254.412  18.200  1.68610E-04  1.68599E-04  6.13707E-05
   11192.602   1261.356  18.250  1.68315E-04  1.68310E-04  3.35497E-05
   11199.565   1268.319  18.300  1.68022E-04  1.68021E-04  9.22835E-06
   11206.547   1275.300  18.350  1.67736E-04  1.67738E-04 -1.06253E-05
   11213.548   1282.301  18.400  1.67447E-04  1.67451E-04 -2.62272E-05
   11220.568   1289.321  18.450  1.67165E-04  1.67171E-04 -3.87406E-05
   11227.607   1296.360  18.500  1.66883E-04  1.66892E-04 -4.97537E-05
   11234.665   1303.418  18.550  1.66602E-04  1.66612E-04 -6.06591E-05
   11241.742   1310.495  18.600  1.66321E-04  1.66333E-04 -7.21577E-05
   11248.838   1317.591  18.650  1.66041E-04  1.66055E-04 -8.39573E-05
   11255.953   1324.706  18.700  1.65768E-04  1.65784E-04 -9.47489E-05
   11263.087   1331.841  18.750  1.65491E-04  1.65508E-04 -1.02625E-04
   11270.240   1338.994  18.800  1.65221E-04  1.65239E-04 -1.05572E-04
   11277.413   1346.166  18.850  1.64950E-04  1.64967E-04 -1.02173E-04
   11284.604   1353.357  18.900  1.64682E-04  1.64697E-04 -9.19173E-05
   11291.814   1360.568  18.950  1.64416E-04  1.64428E-04 -7.55271E-05
   11299.044   1367.797  19.000  1.64150E-04  1.64159E-04 -5.46797E-05
   11306.292   1375.046  19.050  1.63887E-04  1.63892E-04 -3.18157E-05
   11313.560   1382.313  19.100  1.63622E-04  1.63623E-04 -9.34837E-06
   11320.847   1389.600  19.150  1.63356E-04  1.63354E-04  1.06953E-05
   11328.152   1396.906  19.200  1.63088E-04  1.63083E-04  2.70541E-05
   11335.477   1404.230  19.250  1.62820E-04  1.62813E-04  3.93355E-05
   11342.821   1411.574  19.300  1.62552E-04  1.62544E-04  4.78741E-05
   11350.183   1418.937  19.350  1.62275E-04  1.62267E-04  5.34117E-05
   11357.565   1426.319  19.400  1.62005E-04  1.61996E-04  5.68350E-05
   11364.966   1433.720  19.450  1.61728E-04  1.61718E-04  5.88075E-05
   11372.386   1441.139  19.500  1.61450E-04  1.61440E-04  5.97511E-05
   11379.825   1448.578  19.550  1.61171E-04  1.61161E-04  5.97581E-05
   11387.283   1456.037  19.600  1.60892E-04  1.60883E-04  5.88193E-05
   11394.760   1463.514  19.650  1.60611E-04  1.60602E-04  5.67924E-05
   11402.256   1471.010  19.700  1.60325E-04  1.60316E-04  5.35927E-05
   11409.772   1478.525  19.750  1.60037E-04  1.60029E-04  4.91655E-05
   11417.306   1486.059  19.800  1.59749E-04  1.59742E-04  4.34237E-05
   11424.859   1493.612  19.850  1.59461E-04  1.59456E-04  3.62242E-05
   11432.431   1501.185  19.900  1.59173E-04  1.59169E-04  2.73717E-05
   11440.023   1508.776  19.950  1.58889E-04  1.58886E-04  1.67235E-05
