# # Once                                                         FEFF 10.0.0 
# # POT  SCF 100  9.0000   0, core-hole, FOLP (folp(0)= 1.150)
# # Abs   Z=30 Rmt= 1.402 Rnm= 1.651 K  shell
# #   RGRID 0.0100
# # Pot 1 Z= 6 Rmt= 0.811 Rnm= 1.027
# # Pot 2 Z= 6 Rmt= 0.798 Rnm= 0.999
# # Pot 3 Z= 6 Rmt= 0.790 Rnm= 1.002
# # Pot 4 Z= 6 Rmt= 0.877 Rnm= 1.087
# # Pot 5 Z= 6 Rmt= 0.963 Rnm= 1.173
# # Pot 6 Z= 1 Rmt= 0.488 Rnm= 0.882
# # Pot 7 Z= 1 Rmt= 0.498 Rnm= 0.869
# # Pot 8 Z= 7 Rmt= 0.773 Rnm= 0.980
# # Pot 9 Z= 7 Rmt= 0.786 Rnm= 0.979
# # Gam_ch=1.897E+00 H-L exch Vi= 0.000E+00 Vr= 0.000E+00
# # Mu=-8.355E+00eV kf=2.239E+00 Vint=-1.565E+01eV Rs_int= 1.620
# # PATH  Rmax= 9.000,  Keep_limit= 0.00, Heap_limit 0.00  Pwcrit= 2.50%
#  S02=1.000  Temp=  10.00  Debye_temp= 315.00  Global_sig2= 0.00000
#  Energy zero shift, vr, vi    0.00000E+00   0.00000E+00
#  Curved wave amplitude ratio filter   4.000%
#     file         sig2 tot  cw amp ratio   deg  nlegs   reff  inp sig2
#           1       0.00230    100.00      1.00     2   1.9425
#           2       0.00316     33.45      1.00     2   2.9311
#           3       0.00345     32.94      1.00     2   2.9490
#           4       0.00273     58.45      2.00     3   3.1030
#           5       0.00297     58.05      2.00     3   3.1185
#           6       0.01661      6.73      1.00     2   3.1472
#           7       0.01646      6.40      1.00     2   3.2090
#           8       0.00303     33.07      1.00     4   3.2749
#           9       0.00329     33.42      1.00     4   3.2881
#          10       0.00870      5.81      2.00     3   3.5794
#          11       0.01159      5.33      2.00     3   3.6104
#          12       0.00897      5.75      2.00     3   3.6194
#          13       0.01159      5.19      2.00     3   3.6577
#          14       0.00786     10.35      2.00     4   3.7513
#          15       0.00812     10.75      2.00     4   3.7890
#          16       0.00460     10.86      1.00     4   3.8850
#          19       0.00291     13.80      1.00     2   4.0873
#          20       0.00279     40.52      2.00     3   4.1139
#          21       0.00284     32.06      1.00     4   4.1404
#          22       0.00284     13.21      1.00     2   4.1533
#          23       0.00279     39.37      2.00     3   4.1752
#          24       0.00736      4.36      2.00     5   4.1836
#          25       0.00313     33.41      2.00     3   4.1890
#          26       0.00352     19.45      2.00     4   4.1891
#          27       0.00359     19.62      2.00     4   4.1915
#          28       0.00281     31.18      1.00     4   4.1971
#          29       0.00731      5.13      2.00     5   4.1995
#          30       0.00775      7.09      2.00     5   4.2146
#          31       0.00286     50.74      2.00     4   4.2155
#          32       0.00792      7.50      2.00     5   4.2377
#          33       0.00405     23.37      1.00     4   4.2636
#          34       0.00301     30.41      2.00     3   4.2641
#          35       0.00359     23.21      2.00     4   4.2791
#          36       0.00281     46.44      2.00     4   4.2860
#          37       0.00349     31.28      1.00     4   4.2906
#          38       0.00411     22.43      1.00     4   4.2946
#          39       0.00725     13.75      1.00     6   4.3555
#          40       0.00308     43.03      2.00     4   4.3585
#          41       0.00403     54.98      2.00     5   4.3610
#          42       0.00725     14.42      1.00     6   4.3690
#          43       0.00339     26.31      1.00     4   4.3750
#          44       0.00307     74.34      2.00     5   4.3851
#          45       0.00439     73.36      2.00     5   4.4355
#          46       0.00313     39.58      2.00     4   4.4360
#          47       0.00384     43.66      2.00     5   4.4487
#          48       0.00383     43.61      2.00     5   4.4510
#          49       0.00310     68.03      2.00     5   4.4579
#          50       0.00330     74.10      2.00     5   4.4602
#          51       0.00681     70.31      2.00     5   4.4642
#          52       0.00401     62.89      2.00     5   4.5469
#          53       0.00669     58.99      1.00     6   4.6074
#          54       0.00285      6.17      2.00     3   4.6085
#          55       0.00561    107.20      2.00     6   4.6206
#          56       0.00413     52.18      1.00     6   4.6297
#          57       0.00728     56.85      1.00     6   4.6337
#          58       0.00310     12.69      2.00     4   4.6351
#          59       0.00294      6.76      2.00     3   4.6494
#          60       0.00321     13.54      2.00     4   4.6713
#          61       0.00258      8.51      2.00     4   4.7102
#          62       0.00418     44.91      1.00     6   4.7188
#          63       0.00259      8.62      2.00     4   4.7603
#          64       0.01479      5.93      2.00     4   4.7710
#          65       0.00339     16.48      2.00     4   4.7805
#          66       0.00346     33.00      2.00     5   4.8070
#          67       0.00290     17.52      2.00     4   4.8122
#          68       0.01047      4.22      2.00     4   4.8160
#          69       0.00286     18.13      2.00     4   4.8168
#          70       0.00332     16.89      2.00     4   4.8190
#          71       0.00729      7.33      2.00     4   4.8230
#          72       0.01223      5.15      2.00     6   4.8318
#          73       0.01518      5.57      2.00     4   4.8337
#          74       0.00889     12.01      2.00     5   4.8374
#          75       0.00299     36.04      2.00     5   4.8388
#          76       0.00338     32.83      2.00     5   4.8409
#          77       0.01041      4.15      2.00     4   4.8440
#          78       0.00905      6.91      2.00     4   4.8594
#          79       0.00903     11.94      2.00     5   4.8619
#          80       0.01226      5.40      2.00     6   4.8699
#          81       0.00579      6.64      2.00     4   4.8736
#          82       0.00324     17.35      2.00     5   4.8797
#          83       0.00858      9.96      2.00     5   4.8860
#          84       0.00641      6.53      2.00     4   4.8915
#          85       0.00265      9.91      2.00     4   4.8919
#          86       0.00704      6.51      2.00     4   4.8970
#          87       0.00257     10.47      2.00     4   4.9012
#          88       0.00860     12.09      2.00     5   4.9119
#          89       0.00884      6.72      2.00     4   4.9124
#          90       0.00292     15.22      2.00     5   4.9139
#          91       0.00282     15.92      2.00     5   4.9277
#          92       0.00864      6.62      2.00     5   4.9274
#          93       0.00337     16.73      2.00     5   4.9322
#          94       0.00847      9.62      2.00     5   4.9343
#          95       0.01729      8.43      2.00     5   4.9429
#          96       0.00869      6.59      2.00     5   4.9496
#          97       0.01236      7.19      2.00     5   4.9561
#          98       0.00930     15.46      2.00     5   4.9611
#          99       0.00856     11.81      2.00     5   4.9651
#         100       0.01211      6.99      2.00     5   4.9901
#         101       0.00687      7.47      2.00     5   4.9926
#         102       0.01818      7.93      2.00     5   5.0033
#         103       0.00232     24.89      2.00     5   5.0028
#         104       0.00933      5.39      2.00     3   5.0213
#         105       0.00913     14.16      2.00     5   5.0233
#         106       0.00998      4.12      1.00     4   5.0414
#         107       0.00592      7.38      2.00     5   5.0455
#         108       0.00493      7.14      2.00     5   5.0455
#         109       0.00755      7.04      2.00     3   5.0525
#         110       0.00805      4.51      2.00     3   5.0573
#         111       0.00299     22.01      2.00     5   5.0615
#         112       0.00667      7.33      2.00     5   5.0610
#         113       0.00656      7.14      2.00     5   5.0610
#         114       0.00675      6.61      2.00     5   5.0689
#         115       0.00773     10.78      2.00     4   5.0726
#         116       0.00306     21.38      2.00     5   5.0731
#         117       0.00838      6.71      2.00     4   5.0774
#         118       0.00739     11.43      2.00     4   5.0790
#         119       0.00306     41.29      2.00     6   5.0834
#         120       0.01251     17.45      2.00     6   5.0838
#         121       0.00880     18.89      2.00     6   5.0969
#         122       0.00751     17.96      2.00     5   5.0992
#         123       0.00316     41.09      2.00     6   5.0996
#         124       0.00726      7.08      1.00     4   5.1038
#         125       0.00730      9.13      2.00     4   5.1086
#         127       0.00881     18.71      2.00     6   5.1215
#         128       0.00718     24.77      2.00     5   5.1303
#         129       0.01146     21.53      2.00     6   5.1306
#         130       0.01341     17.23      2.00     6   5.1346
#         131       0.00730     16.60      2.00     5   5.1351
#         133       0.00789      8.14      2.00     4   5.1541
#         134       0.00717     23.62      1.00     6   5.1569
#         135       0.00294     36.05      2.00     6   5.1724
#         136       0.00778     13.31      2.00     5   5.1742
#         137       0.00307     33.63      2.00     6   5.1747
#         138       0.00920      5.77      2.00     4   5.1909
#         139       0.01087     19.14      2.00     6   5.1952
#         140       0.00745     18.22      2.00     5   5.2054
#         141       0.00743     11.45      2.00     5   5.2102
#         142       0.00979      9.57      2.00     5   5.2110
#         143       0.00623     11.91      2.00     6   5.2174
#         144       0.00699     11.92      2.00     6   5.2306
#         145       0.00754     33.05      2.00     6   5.2320
#         146       0.00885      4.17      2.00     5   5.2335
#         147       0.00766     12.45      2.00     5   5.2422
#         148       0.00854      7.95      2.00     5   5.2470
#         150       0.00500      9.56      2.00     5   5.2621
#         152       0.00765     22.75      2.00     6   5.2687
#         154       0.00832      7.59      2.00     6   5.2697
#         155       0.00842      5.98      2.00     6   5.2701
#         156       0.00786      4.30      2.00     5   5.2717
#         157       0.00834      8.44      2.00     6   5.2724
#         158       0.00860      5.67      2.00     6   5.2720
#         159       0.00507      9.54      2.00     5   5.2776
#         162       0.00883      8.12      2.00     5   5.2834
#         163       0.00533     11.36      2.00     4   5.2900
#         165       0.01399      4.27      2.00     7   5.2951
#         166       0.00802      5.28      2.00     6   5.2964
#         167       0.00438      8.47      2.00     5   5.3010
#         168       0.00913      9.16      2.00     6   5.3007
#         170       0.00763     12.24      1.00     6   5.3071
#         171       0.00864      4.21      2.00     5   5.3081
#         172       0.00906      9.49      2.00     6   5.3106
#         173       0.00371     11.11      2.00     5   5.3130
#         174       0.00532     18.39      2.00     5   5.3165
#         175       0.01404      4.52      2.00     7   5.3186
#         177       0.00778     14.06      2.00     5   5.3237
#         178       0.00847      4.83      2.00     6   5.3279
#         180       0.00848      7.04      2.00     6   5.3347
#         181       0.00508     11.02      2.00     4   5.3357
#         182       0.00901      7.70      2.00     5   5.3418
#         183       0.00791      6.45      2.00     6   5.3441
#         184       0.00765     17.35      2.00     6   5.3438
#         185       0.00793     24.32      2.00     6   5.3438
#         186       0.00353     62.78      2.00     7   5.3443
#         188       0.00451      4.35      2.00     4   5.3512
#         189       0.00505     17.69      2.00     5   5.3577
#         190       0.00823      4.54      2.00     6   5.3600
#         192       0.00832      4.42      2.00     6   5.3666
#         193       0.01033      9.59      2.00     6   5.3715
#         194       0.00456      8.41      2.00     5   5.3732
#         196       0.00746     33.26      2.00     6   5.3750
#         197       0.00899      6.76      2.00     6   5.3752
#         198       0.00874      8.72      2.00     6   5.3752
#         200       0.00772      6.87      2.00     6   5.3755
#         201       0.00764     21.31      2.00     6   5.3798
#         202       0.01004      5.78      1.00     6   5.3805
#         204       0.00865      4.87      2.00     6   5.3883
#         206       0.00862      9.84      2.00     6   5.3907
#         207       0.00874      5.63      2.00     6   5.3907
#         208       0.00541     18.07      2.00     5   5.3916
#         209       0.00851      6.41      2.00     6   5.3976
#         210       0.00861     10.05      2.00     6   5.3983
#         211       0.00873      5.80      2.00     6   5.3983
#         212       0.00860      5.37      2.00     6   5.4006
#         213       0.00745     65.10      2.00     7   5.4015
#         214       0.00959      4.24      2.00     6   5.4030
#         215       0.00866     10.24      2.00     6   5.4030
#         216       0.01513      4.41      2.00     6   5.4062
#         217       0.00874     10.39      2.00     6   5.4097
#         218       0.00856      4.55      2.00     6   5.4122
#         220       0.00919      6.82      2.00     6   5.4138
#         221       0.00891      8.67      2.00     6   5.4138
#         222       0.01179      6.38      2.00     6   5.4193
#         223       0.00882      8.73      2.00     6   5.4202
#         225       0.00880      9.07      2.00     6   5.4241
#         226       0.00378      9.99      1.00     4   5.4290
#         227       0.00520     14.07      1.00     6   5.4340
#         228       0.01152      6.47      2.00     6   5.4388
#         229       0.00967     11.90      2.00     6   5.4395
#         230       0.00829      4.58      2.00     6   5.4413
#         231       0.00871     26.05      2.00     7   5.4416
#         232       0.00837     27.54      2.00     7   5.4420
#         233       0.00467     16.42      2.00     5   5.4466
#         234       0.00620     12.69      2.00     5   5.4463
#         236       0.00534     13.92      1.00     6   5.4471
#         237       0.01585      4.37      2.00     6   5.4520
#         238       0.00376     32.47      2.00     5   5.4555
#         239       0.00986      7.97      2.00     6   5.4555
#         240       0.00430     24.82      2.00     6   5.4580
#         241       0.00841     20.57      2.00     5   5.4595
#         242       0.00959     25.50      2.00     7   5.4660
#         243       0.00623     26.39      2.00     6   5.4729
#         244       0.00759     48.69      2.00     7   5.4766
#         245       0.00377     27.84      1.00     6   5.4820
#         246       0.00842     37.33      2.00     6   5.4860
#         247       0.00883      9.13      2.00     6   5.4865
#         248       0.00880      8.31      2.00     6   5.5012
#         249       0.00719     20.24      2.00     5   5.5076
#         250       0.00360      5.90      1.00     2   5.5089
#         251       0.00814     32.03      2.00     7   5.5134
#         252       0.01167      7.67      2.00     7   5.5160
#         253       0.00822     18.29      2.00     7   5.5160
#         254       0.00931     10.71      2.00     6   5.5165
#         255       0.00415      5.56      2.00     5   5.5191
#         256       0.00475     12.62      2.00     5   5.5208
#         257       0.00647     37.77      2.00     6   5.5216
#         258       0.00570     17.90      2.00     6   5.5216
#         259       0.00598     26.77      2.00     6   5.5239
#         261       0.00374     14.48      2.00     3   5.5281
#         262       0.00375      4.20      2.00     5   5.5290
#         263       0.00827     13.89      2.00     7   5.5292
#         264       0.00716     36.27      2.00     6   5.5296
#         265       0.00825     20.14      2.00     7   5.5296
#         266       0.00820     40.79      2.00     5   5.5306
#         267       0.00814     15.48      2.00     7   5.5319
#         268       0.00839     19.41      2.00     7   5.5315
#         270       0.00594     14.42      2.00     6   5.5331
#         271       0.00591     12.45      2.00     5   5.5346
#         272       0.00607     25.78      2.00     6   5.5347
#         273       0.00655     36.66      2.00     6   5.5371
#         274       0.00561     17.42      2.00     6   5.5371
#         275       0.00574     15.80      2.00     6   5.5371
#         276       0.00923     22.54      2.00     7   5.5385
#         277       0.01063     12.56      2.00     7   5.5411
#         278       0.00973     27.90      2.00     7   5.5411
#         279       0.00633     25.30      2.00     6   5.5427
#         280       0.00435     22.12      2.00     6   5.5440
#         281       0.01186      8.60      2.00     7   5.5451
#         282       0.00817     19.01      2.00     7   5.5451
#         283       0.00417      9.59      2.00     6   5.5456
#         284       0.00389      9.64      1.00     4   5.5473
#         285       0.01219      9.28      2.00     7   5.5471
#         286       0.01201     16.16      2.00     7   5.5471
#         287       0.00433     12.16      2.00     6   5.5480
#         288       0.00334      6.79      2.00     6   5.5555
#         289       0.00391     70.19      2.00     6   5.5571
#         290       0.00344     16.79      2.00     3   5.5577
#         291       0.00361      9.74      2.00     6   5.5577
#         292       0.00386      6.25      2.00     6   5.5577
#         293       0.01020     16.90      2.00     7   5.5602
#         294       0.00953     20.00      2.00     7   5.5602
#         295       0.00344     12.88      2.00     3   5.5607
#         296       0.00653     24.37      2.00     6   5.5611
#         297       0.00846     37.62      2.00     6   5.5611
#         298       0.00693     23.21      2.00     6   5.5611
#         299       0.01003     17.42      2.00     7   5.5702
#         300       0.00974     20.60      2.00     7   5.5702
#         301       0.00950     13.35      2.00     7   5.5726
#         303       0.00348     21.37      2.00     4   5.5770
#         304       0.00337     25.87      2.00     4   5.5797
#         305       0.01130     14.47      2.00     7   5.5793
#         306       0.00347     16.10      2.00     4   5.5799
#         307       0.01259     16.00      2.00     7   5.5833
#         308       0.01277      9.73      2.00     7   5.5833
#         309       0.00743      5.17      2.00     5   5.5938
#         310       0.00375     10.40      2.00     6   5.5943
#         311       0.00665     31.02      1.00     6   5.5961
#         312       0.00584     12.04      2.00     5   5.5966
#         313       0.00439      8.10      1.00     4   5.5971
#         314       0.00336     33.85      2.00     5   5.5989
#         315       0.00392      5.31      2.00     5   5.6041
#         316       0.00348     15.28      1.00     4   5.6066
#         317       0.00342     21.18      2.00     4   5.6096
#         318       0.00537      5.36      1.00     6   5.6092
#         319       0.00747     26.27      2.00     6   5.6116
#         320       0.00349      8.12      1.00     4   5.6125
#         321       0.00433      4.96      2.00     5   5.6121
#         323       0.00626     21.85      2.00     6   5.6185
#         324       0.00741     34.13      2.00     6   5.6185
#         325       0.00652     22.30      2.00     6   5.6185
#         326       0.00438     25.97      2.00     5   5.6190
#         327       0.00429     19.16      2.00     6   5.6207
#         328       0.00743      7.11      2.00     5   5.6250
#         329       0.00616     25.62      2.00     6   5.6247
#         330       0.00342      6.85      2.00     6   5.6261
#         331       0.00532      5.21      1.00     6   5.6271
#         332       0.01069      9.95      2.00     7   5.6274
#         333       0.00946     23.25      2.00     7   5.6274
#         334       0.00344     52.43      2.00     5   5.6286
#         335       0.00771      4.88      2.00     5   5.6298
#         336       0.00357      9.15      1.00     6   5.6306
#         337       0.00344     36.87      2.00     5   5.6315
#         338       0.00447     11.47      2.00     6   5.6317
#         339       0.00865     46.12      1.00     6   5.6322
#         340       0.00594     12.49      2.00     6   5.6330
#         341       0.00435      8.25      2.00     6   5.6340
#         342       0.00619     27.91      2.00     6   5.6362
#         343       0.00762      5.02      2.00     5   5.6397
#         344       0.00675     28.68      1.00     6   5.6402
#         345       0.00434     21.86      1.00     6   5.6409
#         346       0.00342     48.88      1.00     6   5.6505
#         347       0.00764     14.43      2.00     6   5.6515
#         349       0.01099     12.33      2.00     7   5.6584
#         350       0.00379     18.78      2.00     4   5.6686
#         353       0.00996     10.94      2.00     7   5.6731
#         355       0.00386     26.63      2.00     5   5.6878
#         356       0.00557      8.72      2.00     6   5.6910
#         357       0.00766     79.78      2.00     7   5.6935
#         358       0.00628     46.02      2.00     7   5.6935
#         360       0.00377     12.57      2.00     6   5.6985
#         361       0.00386     14.38      2.00     4   5.7000
#         362       0.00676     56.76      2.00     6   5.7001
#         364       0.00519     27.27      2.00     7   5.7026
#         365       0.00933     30.40      2.00     6   5.7041
#         366       0.00765      4.36      2.00     5   5.7051
#         369       0.00724     77.20      2.00     7   5.7066
#         370       0.00620     44.99      2.00     7   5.7066
#         371       0.00622     23.29      2.00     6   5.7074
#         372       0.00778     30.14      2.00     5   5.7080
#         374       0.00372      8.11      1.00     6   5.7150
#         375       0.00868      4.25      2.00     6   5.7156
#         376       0.00375     35.03      2.00     5   5.7175
#         377       0.00554     17.93      2.00     7   5.7175
#         378       0.00636     31.54      2.00     7   5.7175
#         379       0.00425     20.59      2.00     5   5.7192
#         380       0.00357     24.45      2.00     5   5.7204
#         381       0.00504     15.35      2.00     6   5.7229
#         382       0.00394     20.71      2.00     7   5.7251
#         384       0.00755     10.19      2.00     6   5.7266
#         385       0.00675    101.60      2.00     7   5.7267
#         386       0.00774      7.30      2.00     6   5.7271
#         387       0.00458     23.90      2.00     7   5.7272
#         388       0.00461     51.16      2.00     6   5.7299
#         389       0.00948     57.10      2.00     7   5.7307
#         390       0.00927     57.89      2.00     7   5.7307
#         392       0.00398     63.32      2.00     6   5.7394
#         393       0.00893      5.60      2.00     6   5.7466
#         394       0.00364     25.09      2.00     5   5.7489
#         396       0.00384     18.35      2.00     5   5.7518
#         397       0.00896      4.44      2.00     6   5.7523
#         399       0.00807      6.44      2.00     6   5.7634
#         400       0.00821     12.42      2.00     6   5.7657
#         401       0.01000    111.60      2.00     7   5.7680
#         402       0.00827     28.98      2.00     6   5.7685
#         403       0.00367     44.06      2.00     6   5.7708
#         404       0.00392     12.68      2.00     6   5.7760
#         407       0.00775     62.39      2.00     7   5.7811
#         408       0.00749     21.26      2.00     7   5.7811
#         409       0.00548      7.26      2.00     6   5.7816
#         410       0.00659     57.99      2.00     7   5.7835
#         411       0.00743      5.88      2.00     5   5.7895
#         413       0.00883      5.48      2.00     6   5.7905
#         414       0.00507     26.79      2.00     7   5.7903
#         415       0.00834     51.55      2.00     7   5.7904
#         416       0.00818     54.98      2.00     7   5.7904
#         417       0.00508     30.20      2.00     7   5.7926
#         418       0.00690      4.47      2.00     5   5.7943
#         419       0.00662     56.33      2.00     7   5.7943
#         420       0.00791     17.64      2.00     6   5.7969
#         421       0.00755     60.47      2.00     7   5.7966
#         422       0.00733     20.56      2.00     7   5.7966
#         423       0.00780     12.21      2.00     6   5.7975
#         424       0.00406     21.11      2.00     7   5.7980
#         425       0.00356     24.97      2.00     7   5.8002
#         426       0.00801     11.77      2.00     6   5.8017
#         427       0.00701    133.10      2.00     7   5.8018
#         428       0.00784      4.97      2.00     6   5.8022
#         429       0.00732     29.34      2.00     7   5.8036
#         430       0.00546     14.85      2.00     7   5.8036
#         431       0.00705     24.00      2.00     7   5.8049
#         432       0.00731     31.21      2.00     7   5.8058
#         433       0.00957     65.84      2.00     7   5.8058
#         434       0.01085    102.80      2.00     7   5.8098
#         435       0.00794     10.07      2.00     6   5.8116
#         437       0.00763     12.70      2.00     6   5.8160
#         439       0.00821     31.17      1.00     6   5.8188
#         440       0.00866      9.77      2.00     7   5.8206
#         441       0.00790     35.25      2.00     7   5.8234
#         442       0.00761     17.33      2.00     6   5.8287
#         443       0.00440     20.45      1.00     6   5.8284
#         444       0.00755     16.42      2.00     6   5.8333
#         446       0.00389     28.61      2.00     5   5.8405
#         447       0.00883      9.26      2.00     7   5.8452
#         449       0.00761     34.79      2.00     7   5.8552
#         450       0.00390     35.73      2.00     6   5.8597
#         451       0.00392     43.54      2.00     6   5.8597
#         453       0.00865      7.66      2.00     6   5.8610
#         455       0.00493      7.66      2.00     5   5.8665
#         456       0.00728      4.14      2.00     5   5.8663
#         457       0.00854      4.62      2.00     6   5.8733
#         459       0.00713     27.19      2.00     7   5.8793
#         460       0.00869     55.30      2.00     7   5.8793
#         461       0.00687     41.18      2.00     6   5.8799
#         463       0.00786      6.37      2.00     6   5.8843
#         464       0.00727      6.76      2.00     6   5.8864
#         465       0.00369     23.37      2.00     7   5.8869
#         466       0.00871     17.46      2.00     7   5.8875
#         467       0.00449      6.24      2.00     4   5.8894
#         468       0.00391     61.79      2.00     6   5.8894
#         469       0.00474     12.02      1.00     6   5.8911
#         470       0.00725      7.94      2.00     6   5.8911
#         471       0.00467      7.73      2.00     5   5.8919
#         472       0.00393     42.16      2.00     6   5.8923
#         473       0.00533     24.40      2.00     7   5.8925
#         474       0.00501     15.48      2.00     6   5.8931
#         475       0.00526     21.22      2.00     7   5.8948
#         476       0.00830     19.50      2.00     7   5.8962
#         479       0.00849      4.59      2.00     6   5.8985
#         480       0.00825     24.45      2.00     7   5.8985
#         481       0.00840      7.75      2.00     6   5.8999
#         483       0.00684     72.73      2.00     7   5.9018
#         484       0.01316      5.42      2.00     7   5.9024
#         486       0.00854     11.56      2.00     6   5.9084
#         488       0.01050      6.35      2.00     6   5.9103
#         489       0.00466     13.15      2.00     5   5.9113
#         490       0.00389    120.10      2.00     7   5.9113
#         491       0.00473     15.24      2.00     6   5.9138
#         492       0.00443     10.76      2.00     5   5.9159
#         494       0.00736      9.96      2.00     6   5.9176
#         495       0.01397      8.31      2.00     7   5.9183
#         497       0.00877     17.18      2.00     7   5.9218
#         498       0.00755      7.28      2.00     6   5.9224
#         500       0.00624      5.61      2.00     6   5.9278
#         502       0.00889     24.14      2.00     7   5.9303
#         503       0.00833     17.80      2.00     7   5.9353
#         504       0.00462     23.01      2.00     6   5.9379
#         505       0.00462      5.32      2.00     4   5.9415
#         506       0.01416      7.98      2.00     7   5.9425
#         507       0.00754     22.26      2.00     7   5.9442
#         508       0.01095      6.23      2.00     6   5.9480
#         509       0.00786      5.86      2.00     6   5.9498
#         510       0.00790      5.51      2.00     6   5.9614
#         512       0.00862      5.90      2.00     7   5.9626
#         513       0.00464      9.19      2.00     5   5.9635
#         514       0.00717      4.11      2.00     6   5.9662
#         515       0.00792     17.34      2.00     7   5.9671
#         516       0.00474     11.51      2.00     5   5.9681
#         517       0.00790     10.36      2.00     7   5.9717
#         518       0.01353      4.96      2.00     7   5.9775
#         519       0.00510      7.62      2.00     6   5.9807
#         521       0.01268      6.04      2.00     6   5.9869
#         523       0.00792     12.18      2.00     7   5.9879
#         524       0.00471     20.24      2.00     6   5.9900
#         525       0.00756      9.85      2.00     5   5.9910
#         526       0.00712     88.61      2.00     7   5.9907
#         529       0.00440     81.62      2.00     7   6.0003
#         531       0.00490      7.91      2.00     6   6.0038
#         532       0.01996      4.31      2.00     5   6.0055
#         533       0.00792      4.52      1.00     2   6.0058
#         534       0.01166      5.89      2.00     6   6.0059
#         535       0.00848      5.14      2.00     7   6.0108
#         536       0.00796     23.24      2.00     6   6.0130
#         539       0.00750     14.67      2.00     7   6.0193
#         542       0.01362      4.73      2.00     7   6.0274
#         544       0.00457     60.19      2.00     7   6.0316
#         548       0.00788      5.87      2.00     6   6.0382
#         549       0.01462      4.47      2.00     5   6.0415
#         550       0.02287      9.34      2.00     7   6.0420
#         553       0.00375      4.33      2.00     6   6.0502
#         554       0.00331      4.01      2.00     4   6.0508
#         555       0.00777      7.80      2.00     5   6.0524
#         556       0.00363      7.05      2.00     4   6.0539
#         558       0.00787      9.30      2.00     7   6.0560
#         559       0.00575      4.72      2.00     5   6.0564
#         560       0.00571      4.73      2.00     5   6.0564
#         561       0.00799     10.18      2.00     7   6.0583
#         563       0.00714      9.04      2.00     3   6.0599
#         565       0.00782     16.90      2.00     7   6.0606
#         566       0.01066      6.99      2.00     6   6.0620
#         567       0.00799      7.55      2.00     7   6.0630
#         569       0.00460      4.20      2.00     6   6.0651
#         572       0.00353      4.55      2.00     4   6.0728
#         573       0.00353      9.65      2.00     5   6.0731
#         575       0.00868     23.42      2.00     7   6.0779
#         576       0.00802     18.95      2.00     6   6.0789
#         577       0.00372      6.59      2.00     4   6.0804
#         579       0.00388      4.80      2.00     4   6.0834
#         580       0.00577      8.54      2.00     6   6.0829
#         584       0.01215      6.56      2.00     6   6.0891
#         585       0.00778     14.71      2.00     7   6.0895
#         586       0.00343      5.93      2.00     5   6.0920
#         587       0.00783      9.87      2.00     7   6.0943
#         588       0.00379      6.61      2.00     4   6.0951
#         589       0.01050      6.41      2.00     6   6.0949
#         591       0.01438      6.86      2.00     6   6.0955
#         592       0.00364      4.30      2.00     4   6.0981
#         593       0.00652      5.85      2.00     7   6.0997
#         595       0.00392     12.45      2.00     5   6.1023
#         596       0.00380     15.88      2.00     5   6.1028
#         598       0.02305      8.47      2.00     7   6.1038
#         599       0.00403     11.07      2.00     5   6.1057
#         600       0.01446      4.35      2.00     5   6.1115
#         601       0.00703      5.20      1.00     4   6.1141
#         603       0.00837      7.93      2.00     7   6.1152
#         604       0.01414     11.93      2.00     7   6.1156
#         605       0.00384     11.82      2.00     5   6.1171
#         607       0.00529      4.79      2.00     5   6.1177
#         608       0.00529      4.79      2.00     5   6.1177
#         609       0.00393     10.25      2.00     5   6.1217
#         611       0.00377      6.97      2.00     5   6.1246
#         612       0.00399     31.03      2.00     6   6.1247
#         613       0.01138      5.61      2.00     6   6.1251
#         615       0.00851      8.31      2.00     7   6.1290
#         619       0.00529      8.49      2.00     6   6.1396
#         620       0.00791     30.72      2.00     7   6.1395
#         622       0.00825      7.41      2.00     7   6.1424
#         623       0.00399     19.53      2.00     6   6.1436
#         625       0.01470     16.80      2.00     7   6.1468
#         626       0.00325      4.78      2.00     4   6.1479
#         627       0.01457     11.14      2.00     7   6.1516
#         628       0.00701      6.85      2.00     3   6.1524
#         629       0.00632     18.46      2.00     7   6.1526
#         630       0.00897      5.74      2.00     7   6.1536
#         631       0.00396     14.64      2.00     6   6.1538
#         632       0.00737      5.11      2.00     6   6.1540
#         634       0.00598      6.52      2.00     6   6.1580
#         635       0.00591      6.70      2.00     6   6.1580
#         637       0.00551     15.48      2.00     6   6.1606
#         639       0.00720      9.38      2.00     6   6.1646
#         641       0.00305      5.34      2.00     5   6.1671
#         642       0.01122     10.26      2.00     7   6.1699
#         643       0.01481      5.20      2.00     6   6.1706
#         644       0.00584     17.34      2.00     7   6.1734
#         646       0.00398     27.66      2.00     7   6.1804
#         647       0.00734     36.33      2.00     7   6.1825
#         648       0.01134     14.14      2.00     7   6.1830
#         649       0.00784     28.75      2.00     7   6.1865
#         650       0.01460      9.33      2.00     7   6.1907
#         652       0.00364      7.54      2.00     5   6.1913
#         653       0.00939      4.89      2.00     7   6.1939
#         654       0.01121     14.50      2.00     7   6.1944
#         655       0.00376      8.28      2.00     4   6.1948
#         656       0.00369     14.06      2.00     5   6.1968
#         657       0.00369      8.92      2.00     5   6.1997
#         659       0.01088      8.46      2.00     6   6.2010
#         661       0.00393      6.97      2.00     5   6.2060
#         662       0.00656      8.09      2.00     4   6.2066
#         666       0.01185      9.91      2.00     7   6.2075
#         667       0.01486      6.10      2.00     6   6.2134
#         668       0.00387     21.50      2.00     6   6.2137
#         669       0.00371     11.35      2.00     5   6.2140
#         670       0.00385     27.95      2.00     6   6.2187
#         672       0.00467      7.14      2.00     7   6.2197
#         673       0.00389     16.24      2.00     5   6.2213
#         674       0.01510     12.63      2.00     7   6.2219
#         675       0.00409      5.26      2.00     5   6.2227
#         676       0.00407     15.72      2.00     5   6.2235
#         678       0.00794     12.34      2.00     6   6.2243
#         679       0.01147      7.98      2.00     7   6.2267
#         681       0.01196      6.67      2.00     7   6.2274
#         683       0.01065     13.20      2.00     7   6.2276
#         684       0.00539      6.12      2.00     6   6.2285
#         685       0.00540      6.25      2.00     6   6.2285
#         687       0.00727      9.21      2.00     4   6.2318
#         688       0.00552      6.75      2.00     6   6.2320
#         689       0.01295     10.18      2.00     7   6.2316
#         690       0.00421     10.89      2.00     6   6.2325
#         691       0.00621      7.75      2.00     6   6.2331
#         692       0.00800     14.42      2.00     6   6.2335
#         693       0.00363      4.91      2.00     5   6.2374
#         697       0.00390     23.33      2.00     6   6.2406
#         699       0.00542      5.32      2.00     6   6.2412
#         700       0.01022      4.14      2.00     7   6.2426
#         701       0.00418     14.21      2.00     6   6.2428
#         702       0.00407     22.34      2.00     6   6.2427
#         703       0.00387     18.40      2.00     5   6.2437
#         704       0.01015     18.51      2.00     7   6.2443
#         705       0.00437     12.41      2.00     6   6.2450
#         706       0.00397     12.60      2.00     5   6.2466
#         710       0.00413     12.05      2.00     5   6.2500
#         712       0.00804     29.85      2.00     7   6.2508
#         714       0.00402      8.61      2.00     5   6.2529
#         715       0.00602     17.79      2.00     7   6.2539
#         716       0.00848     31.31      2.00     7   6.2555
#         718       0.00455      9.86      2.00     6   6.2561
#         719       0.00976      5.22      2.00     7   6.2575
#         720       0.01257      8.70      2.00     7   6.2586
#         722       0.01177      4.05      2.00     4   6.2631
#         723       0.01255      5.44      2.00     7   6.2634
#         724       0.00375      8.89      2.00     6   6.2639
#         725       0.01154      5.99      2.00     5   6.2657
#         726       0.00516     34.33      2.00     6   6.2656
#         727       0.01231      9.47      2.00     7   6.2668
#         728       0.00598     14.35      2.00     7   6.2677
#         729       0.00455     27.06      2.00     7   6.2693
#         731       0.00396     37.18      2.00     6   6.2702
#         733       0.00411     22.58      2.00     6   6.2719
#         734       0.00796      5.36      2.00     6   6.2717
#         735       0.00413     36.03      2.00     6   6.2723
#         736       0.00484      7.57      2.00     7   6.2722
#         738       0.00407     25.46      2.00     6   6.2732
#         739       0.00488     16.59      2.00     7   6.2733
#         741       0.01201      5.69      2.00     5   6.2745
#         742       0.00413     24.75      2.00     6   6.2753
#         743       0.01029      6.10      2.00     6   6.2752
#         745       0.00463     20.98      2.00     7   6.2826
#         747       0.00716     12.02      2.00     5   6.2860
#         750       0.01157      5.22      1.00     6   6.2876
#         751       0.01642      5.08      2.00     7   6.2885
#         752       0.00530     72.04      2.00     7   6.2921
#         753       0.00963      5.68      2.00     6   6.2926
#         754       0.00411     70.36      2.00     7   6.2943
#         755       0.00367      8.67      2.00     5   6.2964
#         757       0.00974      4.88      2.00     7   6.2975
#         759       0.01341      8.66      2.00     7   6.2998
#         760       0.00899      6.01      2.00     7   6.3011
#         761       0.01424     10.57      2.00     7   6.3017
#         762       0.01513      5.64      2.00     6   6.3023
#         763       0.01490      4.31      2.00     6   6.3023
#         764       0.01108     23.04      2.00     7   6.3027
#         765       0.00859      7.20      2.00     6   6.3029
#         766       0.00638      8.21      2.00     7   6.3035
#         767       0.00638      8.21      2.00     7   6.3035
#         768       0.00965      4.26      2.00     7   6.3045
#         769       0.00972      7.87      2.00     6   6.3064
#         770       0.00967     10.30      2.00     7   6.3067
#         771       0.01093     13.19      2.00     7   6.3067
#         772       0.00367     15.09      2.00     6   6.3076
#         773       0.01245      4.85      2.00     6   6.3080
#         774       0.00767      4.26      2.00     6   6.3107
#         775       0.01008     17.47      2.00     7   6.3107
#         776       0.01164      5.43      2.00     6   6.3112
#         777       0.01153      4.90      2.00     6   6.3112
#         778       0.00726      8.55      2.00     5   6.3118
#         779       0.00443      5.68      2.00     5   6.3125
#         780       0.01038      4.18      2.00     5   6.3126
#         781       0.00356     11.21      2.00     6   6.3157
#         785       0.00583      6.60      2.00     6   6.3175
#         786       0.00876      8.94      2.00     7   6.3174
#         788       0.00543      4.12      2.00     3   6.3205
#         789       0.01395     10.63      2.00     7   6.3226
#         790       0.00774     19.73      2.00     7   6.3236
#         794       0.00620      6.52      2.00     7   6.3259
#         795       0.00631     11.58      2.00     7   6.3275
#         796       0.00631     11.51      2.00     7   6.3275
#         797       0.00943     13.60      2.00     7   6.3295
#         798       0.00450     15.01      2.00     7   6.3329
#         799       0.01129     14.09      2.00     7   6.3329
#         802       0.00534     20.85      2.00     7   6.3353
#         803       0.00463     11.85      2.00     6   6.3358
#         804       0.00981      4.03      2.00     6   6.3361
#         806       0.01702      4.77      2.00     7   6.3357
#         807       0.00362      4.18      2.00     6   6.3367
#         808       0.00732      7.80      1.00     6   6.3384
#         809       0.01317      4.44      2.00     6   6.3383
#         811       0.00373      8.49      2.00     6   6.3390
#         812       0.00778      7.36      2.00     6   6.3391
#         813       0.01026      6.69      2.00     6   6.3391
#         814       0.00459      5.95      1.00     6   6.3390
#         815       0.01457     10.11      2.00     7   6.3401
#         817       0.00788      6.78      2.00     6   6.3409
#         818       0.00884      8.18      2.00     7   6.3416
#         819       0.00533      6.36      2.00     4   6.3425
#         820       0.00509      4.61      2.00     7   6.3428
#         822       0.01124      4.38      2.00     6   6.3439
#         823       0.00429     33.32      2.00     7   6.3444
#         824       0.00383     23.19      2.00     6   6.3453
#         825       0.00826     10.47      2.00     6   6.3450
#         827       0.01087      4.29      2.00     5   6.3466
#         828       0.00404     15.95      2.00     6   6.3483
#         829       0.00529     19.90      2.00     7   6.3484
#         831       0.00480     15.91      2.00     7   6.3508
#         833       0.01192      5.15      2.00     5   6.3546
#         834       0.00520     24.38      2.00     6   6.3545
#         835       0.01090     11.16      2.00     7   6.3557
#         836       0.00997      9.14      2.00     7   6.3557
#         837       0.01081      6.68      2.00     6   6.3562
#         838       0.00492     22.18      2.00     7   6.3577
#         840       0.00433     14.86      2.00     6   6.3608
#         841       0.00917      5.54      2.00     6   6.3626
#         842       0.01227      4.69      2.00     5   6.3635
#         843       0.00439     13.44      2.00     6   6.3632
#         845       0.00956      7.03      2.00     6   6.3658
#         846       0.01025     12.60      2.00     7   6.3657
#         847       0.00410     12.95      2.00     6   6.3663
#         848       0.00402     48.78      2.00     7   6.3672
#         849       0.00773      6.81      2.00     5   6.3685
#         851       0.00983      6.63      2.00     7   6.3687
#         852       0.00387      7.20      2.00     6   6.3693
#         853       0.00863     23.18      2.00     7   6.3715
#         854       0.00448      5.91      2.00     5   6.3718
#         855       0.01493      5.11      2.00     6   6.3723
#         856       0.00531      6.91      2.00     5   6.3731
#         857       0.01100      4.06      2.00     7   6.3736
#         858       0.00532      5.34      2.00     4   6.3747
#         859       0.01272      4.60      2.00     7   6.3749
#         860       0.01169      8.85      2.00     6   6.3765
#         861       0.00432     12.57      2.00     6   6.3779
#         862       0.01067     11.86      2.00     7   6.3780
#         864       0.01008     11.95      2.00     7   6.3780
#         866       0.00714     10.04      2.00     5   6.3785
#         867       0.01111     10.38      2.00     7   6.3782
#         869       0.00549     51.09      2.00     7   6.3811
#         870       0.00879      6.01      2.00     7   6.3822
#         871       0.01624      7.55      2.00     6   6.3830
#         872       0.00455     47.62      2.00     7   6.3832
#         873       0.00425     15.57      2.00     6   6.3859
#         874       0.00489     38.64      2.00     7   6.3856
#         875       0.00828      4.08      2.00     6   6.3861
#         876       0.00437      6.94      2.00     5   6.3869
#         877       0.01268      6.05      2.00     6   6.3870
#         878       0.00930     12.10      2.00     7   6.3877
#         879       0.00407     26.60      2.00     7   6.3882
#         880       0.00620      5.68      2.00     7   6.3911
#         881       0.00603      5.89      2.00     7   6.3911
#         882       0.00476     10.98      2.00     6   6.3922
#         884       0.00458      5.96      1.00     6   6.3937
#         885       0.00590      5.65      2.00     7   6.3935
#         886       0.00587      5.82      2.00     7   6.3935
#         887       0.01069      4.22      2.00     5   6.3941
#         888       0.00543      7.93      2.00     7   6.3940
#         889       0.00773     12.68      2.00     6   6.3951
#         890       0.00889      6.46      2.00     7   6.3961
#         891       0.00524      8.94      2.00     5   6.3966
#         892       0.01126      4.18      2.00     7   6.3967
#         893       0.00570     10.67      2.00     7   6.4004
#         894       0.00570     10.61      2.00     7   6.4004
#         895       0.00536      4.90      2.00     7   6.4015
#         896       0.00872      4.27      2.00     6   6.4027
#         897       0.00731     10.02      2.00     7   6.4026
#         898       0.00738     24.39      2.00     7   6.4031
#         899       0.00645     10.79      2.00     7   6.4026
#         900       0.00446     22.44      2.00     7   6.4044
#         901       0.00900     10.00      2.00     7   6.4046
#         903       0.00759     23.90      2.00     7   6.4055
#         904       0.01202     11.34      2.00     7   6.4066
#         906       0.00813     22.51      2.00     7   6.4071
#         907       0.01135     11.43      2.00     7   6.4066
#         909       0.00992     11.09      2.00     7   6.4080
#         911       0.00473      9.03      2.00     6   6.4121
#         913       0.00433     33.46      2.00     7   6.4125
#         916       0.00528      5.31      2.00     7   6.4131
#         917       0.00735     12.52      2.00     6   6.4135
#         918       0.00929      5.29      2.00     6   6.4142
#         919       0.01318     10.00      2.00     6   6.4142
#         920       0.00892      7.20      2.00     6   6.4142
#         921       0.00411     26.80      2.00     7   6.4147
#         922       0.00503     32.97      2.00     7   6.4146
#         923       0.00964      5.43      2.00     7   6.4167
#         924       0.00958      5.01      2.00     6   6.4173
#         925       0.01036      8.00      2.00     6   6.4182
#         927       0.01119      6.24      2.00     6   6.4190
#         928       0.00581      6.98      2.00     7   6.4187
#         929       0.01052      7.00      2.00     6   6.4206
#         932       0.01287      4.70      2.00     6   6.4230
#         933       0.01160      7.28      2.00     6   6.4246
#         936       0.00876      9.12      2.00     7   6.4293
#         938       0.00704      8.30      2.00     5   6.4298
#         939       0.00586      5.32      2.00     4   6.4314
#         940       0.00883     10.84      2.00     7   6.4316
#         944       0.00758      7.36      2.00     7   6.4388
#         945       0.01080     10.32      2.00     7   6.4392
#         946       0.00845      5.46      2.00     5   6.4405
#         947       0.01044      9.10      2.00     7   6.4408
#         948       0.00782     18.05      2.00     7   6.4408
#         949       0.01057     12.12      2.00     7   6.4408
#         950       0.00812      7.78      2.00     7   6.4413
#         951       0.00981      4.18      2.00     6   6.4426
#         952       0.00832      5.84      2.00     5   6.4431
#         953       0.01054      6.46      2.00     6   6.4438
#         954       0.00788      8.90      2.00     7   6.4438
#         955       0.00875      7.19      2.00     7   6.4448
#         956       0.01181     12.70      2.00     7   6.4448
#         957       0.00868     14.84      2.00     7   6.4448
#         958       0.01049      9.75      2.00     6   6.4454
#         960       0.00775     25.40      2.00     7   6.4466
#         961       0.00522      4.60      2.00     5   6.4482
#         964       0.00832      4.89      2.00     5   6.4493
#         965       0.00762      6.12      2.00     6   6.4502
#         966       0.00708      7.40      1.00     6   6.4517
#         968       0.01136      6.26      2.00     6   6.4542
#         969       0.00486     31.16      2.00     7   6.4562
#         971       0.00517      4.28      2.00     5   6.4574
#         972       0.00812      7.37      1.00     6   6.4579
#         973       0.00834      9.15      2.00     6   6.4624
#         974       0.00963     15.54      2.00     7   6.4628
#         977       0.00983      8.32      2.00     7   6.4645
#         980       0.00405     11.44      2.00     6   6.4660
#         982       0.00539      4.60      2.00     4   6.4672
#         983       0.01103     16.70      2.00     7   6.4671
#         984       0.00971      8.02      2.00     7   6.4676
#         987       0.00850      4.21      2.00     5   6.4701
#         988       0.00525      8.82      2.00     6   6.4701
#         990       0.01050     14.47      2.00     7   6.4704
#         991       0.00864     13.29      2.00     7   6.4704
#         992       0.00936      8.54      2.00     7   6.4712
#         993       0.00785     18.05      2.00     7   6.4720
#         994       0.01041     16.91      2.00     7   6.4720
#         995       0.00834      4.17      2.00     5   6.4731
#         996       0.00966      5.88      2.00     6   6.4735
#         997       0.01542      7.75      2.00     7   6.4742
#         999       0.01061      9.52      2.00     7   6.4752
#        1000       0.01010     10.74      2.00     7   6.4760
#        1001       0.01109     17.22      2.00     7   6.4760
#        1002       0.00988      9.58      2.00     7   6.4766
#        1003       0.01046     11.03      2.00     7   6.4767
#        1004       0.00931      8.39      2.00     7   6.4767
#        1005       0.00436     12.82      2.00     7   6.4772
#        1006       0.01494      6.16      2.00     7   6.4775
#        1007       0.00866      4.50      2.00     6   6.4786
#        1008       0.00863      4.51      2.00     6   6.4786
#        1010       0.00432     30.51      2.00     7   6.4795
#        1011       0.01131     11.25      2.00     7   6.4808
#        1012       0.01131     12.27      2.00     7   6.4808
#        1016       0.00794      4.33      2.00     7   6.4826
#        1017       0.00523      8.33      2.00     6   6.4840
#        1018       0.00577      7.22      2.00     5   6.4856
#        1019       0.00405     17.25      2.00     7   6.4852
#        1020       0.00848      8.86      2.00     6   6.4872
#        1021       0.00436     15.97      2.00     7   6.4876
#        1022       0.01327      4.34      2.00     6   6.4883
#        1023       0.00846      4.46      2.00     5   6.4894
#        1024       0.00549      8.62      2.00     5   6.4891
#        1025       0.00682      8.63      2.00     7   6.4894
#        1026       0.00603      9.25      2.00     7   6.4894
#        1027       0.00827      7.32      2.00     6   6.4920
#        1028       0.00843      7.07      2.00     6   6.4920
#        1030       0.01090      4.71      2.00     7   6.4931
#        1031       0.01090      5.37      2.00     6   6.4941
#        1032       0.00831      7.41      2.00     6   6.4950
#        1033       0.00955      8.54      2.00     7   6.4952
#        1034       0.01316     10.24      2.00     6   6.4957
#        1036       0.00910      7.66      2.00     7   6.4970
#        1039       0.00826     10.44      2.00     7   6.5000
#        1040       0.00849      6.76      2.00     6   6.5009
#        1041       0.00862      9.25      2.00     7   6.5005
#        1046       0.00869      5.88      2.00     7   6.5044
#        1049       0.00453     23.06      2.00     7   6.5053
#        1050       0.00920      7.47      2.00     7   6.5062
#        1052       0.01087      5.72      2.00     7   6.5080
#        1053       0.00435      8.08      2.00     7   6.5086
#        1054       0.01323      8.73      2.00     7   6.5102
#        1055       0.01098      4.80      2.00     7   6.5101
#        1056       0.01000      4.26      2.00     6   6.5106
#        1058       0.01062     12.56      2.00     7   6.5124
#        1059       0.00845     13.13      2.00     7   6.5140
#        1060       0.01107     10.05      2.00     7   6.5143
#        1062       0.00412     29.92      2.00     7   6.5149
#        1063       0.01348     13.71      2.00     7   6.5159
#        1064       0.01343     18.41      2.00     7   6.5159
#        1065       0.00803     17.23      2.00     7   6.5169
#        1066       0.00411     19.62      2.00     7   6.5178
#        1067       0.01116      5.33      2.00     6   6.5185
#        1068       0.00493      6.31      2.00     5   6.5187
#        1069       0.00806      7.44      2.00     7   6.5189
#        1070       0.00675     17.63      2.00     7   6.5200
#        1071       0.00953      5.99      2.00     7   6.5200
#        1072       0.01040     11.20      2.00     7   6.5199
#        1073       0.01046     12.04      2.00     7   6.5199
#        1074       0.00857      4.26      2.00     5   6.5213
#        1075       0.00948      8.07      2.00     7   6.5210
#        1077       0.01228      4.93      2.00     5   6.5239
#        1078       0.01373      5.37      2.00     6   6.5247
#        1079       0.01205      7.87      2.00     6   6.5265
#        1080       0.00554     45.69      2.00     7   6.5264
#        1081       0.00869      5.08      2.00     5   6.5321
#        1082       0.00857     11.82      2.00     6   6.5324
#        1083       0.00504     28.87      2.00     7   6.5327
#        1085       0.01252      7.28      2.00     6   6.5354
#        1086       0.01385      6.75      2.00     6   6.5365
#        1087       0.00835     12.03      2.00     7   6.5364
#        1088       0.00950      7.28      2.00     7   6.5369
#        1090       0.00692     11.07      2.00     6   6.5407
#        1091       0.01042      7.19      2.00     7   6.5404
#        1092       0.01101      4.10      2.00     7   6.5411
#        1093       0.01097      4.61      2.00     7   6.5434
#        1094       0.00905      8.99      2.00     7   6.5454
#        1095       0.01047     12.63      2.00     7   6.5454
#        1096       0.00552      6.86      2.00     5   6.5466
#        1097       0.00861     13.86      2.00     7   6.5470
#        1098       0.01252     24.82      2.00     7   6.5470
#        1099       0.01208     14.19      2.00     7   6.5484
#        1100       0.00781      7.63      2.00     7   6.5502
#        1102       0.00876      8.64      2.00     6   6.5513
#        1103       0.00977     16.15      2.00     7   6.5511
#        1104       0.00766     15.29      2.00     7   6.5518
#        1105       0.01506     10.18      2.00     7   6.5526
#        1106       0.01548      9.76      2.00     7   6.5526
#        1108       0.01009      6.32      2.00     7   6.5535
#        1109       0.00989      4.51      2.00     7   6.5535
#        1110       0.01126      9.09      2.00     7   6.5558
#        1111       0.00785      5.34      2.00     7   6.5556
#        1113       0.00859     10.08      2.00     7   6.5558
#        1114       0.00683      9.98      2.00     6   6.5565
#        1115       0.00657     10.76      2.00     6   6.5565
#        1116       0.00659      9.81      2.00     6   6.5565
#        1117       0.01130      7.87      2.00     7   6.5566
#        1118       0.01461     12.00      2.00     7   6.5566
#        1120       0.00495      6.15      2.00     6   6.5591
#        1121       0.00856     23.51      2.00     7   6.5590
#        1124       0.00555     12.80      2.00     6   6.5685
#        1126       0.00964      9.10      2.00     7   6.5703
#        1127       0.00834      5.13      2.00     6   6.5729
#        1128       0.00886      6.58      2.00     6   6.5736
#        1129       0.00973      7.88      2.00     7   6.5737
#        1131       0.00971      7.20      2.00     7   6.5746
#        1132       0.00982     13.42      2.00     7   6.5751
#        1134       0.00443      4.24      2.00     5   6.5766
#        1137       0.00887      5.40      2.00     5   6.5784
#        1138       0.00553      5.97      2.00     5   6.5781
#        1140       0.01060      5.02      2.00     7   6.5794
#        1141       0.01068      9.96      2.00     7   6.5791
#        1142       0.00886      8.68      2.00     6   6.5810
#        1143       0.00854      6.66      2.00     6   6.5810
#        1144       0.00820      6.73      2.00     7   6.5822
#        1145       0.00661     21.20      2.00     7   6.5830
#        1146       0.00674     19.94      2.00     7   6.5830
#        1148       0.00845      6.42      2.00     6   6.5839
#        1149       0.00911     10.19      2.00     7   6.5838
#        1150       0.00879      9.60      2.00     7   6.5838
#        1151       0.01263     13.06      2.00     7   6.5838
#        1152       0.01068      4.16      2.00     7   6.5849
#        1153       0.01330     11.02      2.00     7   6.5858
#        1157       0.01026      8.94      2.00     7   6.5873
#        1158       0.01199     15.98      2.00     7   6.5878
#        1159       0.00992      6.63      2.00     7   6.5882
#        1160       0.01385      8.27      2.00     7   6.5886
#        1161       0.00880      7.88      2.00     6   6.5898
#        1162       0.00898      6.07      2.00     7   6.5895
#        1163       0.00889      4.45      2.00     7   6.5895
#        1167       0.01303      5.79      2.00     7   6.5926
#        1168       0.01296     10.39      2.00     7   6.5926
#        1169       0.00563     11.65      2.00     6   6.5937
#        1170       0.00752     18.28      2.00     7   6.5945
#        1171       0.01227      6.33      2.00     7   6.5954
#        1173       0.00429      4.80      2.00     5   6.5959
#        1174       0.01168      9.05      2.00     7   6.5961
#        1175       0.00463      4.88      1.00     6   6.5989
#        1177       0.01353      6.05      2.00     7   6.5991
#        1179       0.01221      6.28      2.00     7   6.5994
#        1180       0.01362      6.55      2.00     6   6.5998
#        1181       0.01027      8.42      2.00     7   6.6000
#        1182       0.01031     11.37      2.00     7   6.6026
#        1183       0.00593      7.59      2.00     5   6.6033
#        1184       0.00953      7.39      2.00     7   6.6032
#        1185       0.00792      7.35      2.00     7   6.6033
#        1186       0.00855     11.29      2.00     7   6.6029
#        1187       0.00853     15.58      2.00     7   6.6029
#        1188       0.00842      7.01      2.00     7   6.6042
#        1189       0.01130      5.04      2.00     6   6.6074
#        1190       0.01139      5.91      2.00     6   6.6074
#        1191       0.00618      8.20      2.00     7   6.6077
#        1192       0.00952      4.36      2.00     7   6.6090
#        1195       0.00631      8.14      2.00     7   6.6100
#        1197       0.01110     15.49      2.00     7   6.6115
#        1198       0.00862      6.20      2.00     6   6.6124
#        1199       0.01414      4.32      2.00     6   6.6137
#        1201       0.00763     22.61      2.00     7   6.6157
#        1202       0.01209     10.51      2.00     7   6.6155
#        1203       0.00559      8.28      2.00     6   6.6178
#        1204       0.00890      5.39      2.00     5   6.6179
#        1205       0.00434      7.09      2.00     6   6.6178
#        1206       0.00898      4.73      2.00     7   6.6209
#        1207       0.00858      5.59      2.00     6   6.6212
#        1208       0.00765     17.52      2.00     7   6.6232
#        1209       0.00965      5.89      2.00     7   6.6235
#        1210       0.01050      5.20      2.00     7   6.6252
#        1211       0.01061      5.21      2.00     7   6.6249
#        1213       0.00622      4.57      2.00     6   6.6281
#        1214       0.00601      5.02      2.00     7   6.6306
#        1217       0.00503      6.57      2.00     6   6.6316
#        1218       0.00472      6.87      2.00     6   6.6316
#        1219       0.00665     19.07      2.00     7   6.6341
#        1220       0.00863     10.81      2.00     7   6.6343
#        1221       0.00870     16.16      2.00     6   6.6356
#        1222       0.00890      4.61      1.00     6   6.6372
#        1223       0.01216     12.94      2.00     7   6.6374
#        1224       0.00738     16.77      2.00     7   6.6397
#        1225       0.01039      8.46      2.00     7   6.6406
#        1227       0.01500      5.12      2.00     7   6.6415
#        1228       0.00987      6.80      2.00     7   6.6430
#        1229       0.00799     16.31      2.00     7   6.6466
#        1230       0.01261     10.18      2.00     7   6.6471
#        1232       0.00835      4.36      2.00     5   6.6476
#        1233       0.00835      4.15      2.00     5   6.6505
#        1234       0.00431      7.24      2.00     6   6.6500
#        1235       0.01615      8.20      2.00     7   6.6537
#        1236       0.00476      8.64      2.00     7   6.6546
#        1237       0.00441      7.68      2.00     7   6.6546
#        1238       0.00772     15.77      2.00     7   6.6559
#        1240       0.00783     14.89      2.00     7   6.6567
#        1241       0.00537      6.65      2.00     5   6.6572
#        1242       0.00585     11.58      2.00     6   6.6575
#        1243       0.00594     10.08      2.00     6   6.6575
#        1244       0.00661     17.00      2.00     7   6.6581
#        1245       0.00592     21.67      2.00     7   6.6581
#        1246       0.00667     14.11      2.00     7   6.6581
#        1247       0.00723     13.30      2.00     7   6.6581
#        1250       0.01082      8.54      2.00     7   6.6617
#        1251       0.00885      6.71      2.00     6   6.6618
#        1252       0.01011      4.71      2.00     6   6.6622
#        1253       0.01331     12.38      2.00     7   6.6621
#        1254       0.01443     29.33      2.00     7   6.6621
#        1255       0.00980      7.98      2.00     7   6.6626
#        1258       0.01261     14.78      2.00     7   6.6653
#        1259       0.00902      7.25      2.00     6   6.6668
#        1260       0.00824     16.39      2.00     6   6.6682
#        1261       0.00821      7.34      2.00     6   6.6695
#        1262       0.00836      6.62      2.00     6   6.6698
#        1263       0.01177     14.81      2.00     7   6.6693
#        1264       0.00440      4.34      2.00     5   6.6705
#        1267       0.01165      9.79      2.00     7   6.6771
#        1270       0.00528      6.55      1.00     6   6.6792
#        1273       0.00888      8.22      2.00     7   6.6842
#        1274       0.00444      4.21      2.00     5   6.6853
#        1277       0.01355      4.95      2.00     6   6.6887
#        1278       0.00821     11.83      2.00     7   6.6887
#        1279       0.01103     11.67      2.00     7   6.6901
#        1280       0.01188     29.44      2.00     7   6.6901
#        1281       0.00662      9.09      2.00     6   6.6906
#        1282       0.00660      9.65      2.00     6   6.6906
#        1283       0.00646      8.98      2.00     6   6.6906
#        1284       0.00899     14.36      2.00     7   6.6918
#        1285       0.01130      7.89      2.00     7   6.6921
#        1286       0.00427     10.11      2.00     6   6.6929
#        1287       0.01015      7.75      2.00     7   6.6926
#        1288       0.00865      4.81      2.00     6   6.6932
#        1289       0.00876      5.25      2.00     6   6.6932
#        1292       0.00848      4.57      2.00     6   6.6995
#        1293       0.00853      5.52      2.00     6   6.6994
#        1294       0.00869     10.29      2.00     7   6.6995
#        1295       0.00830      4.09      2.00     7   6.7001
#        1299       0.00880      8.01      2.00     6   6.7040
#        1300       0.00690     17.18      2.00     7   6.7046
#        1303       0.00739     15.49      2.00     7   6.7056
#        1305       0.00855      6.01      2.00     7   6.7059
#        1306       0.00413      5.19      2.00     7   6.7067
#        1308       0.01457      7.99      2.00     7   6.7081
#        1311       0.00426      6.62      2.00     6   6.7118
#        1312       0.00663     18.48      2.00     7   6.7126
#        1313       0.00651     17.70      2.00     7   6.7126
#        1314       0.00582     11.26      2.00     7   6.7148
#        1315       0.00478      6.30      2.00     5   6.7160
#        1316       0.00833      9.87      2.00     7   6.7184
#        1318       0.00569      4.08      2.00     4   6.7212
#        1319       0.01030      7.87      2.00     7   6.7213
#        1320       0.00825      9.91      2.00     7   6.7213
#        1321       0.00867      4.08      2.00     6   6.7229
#        1322       0.00864     10.54      2.00     7   6.7232
#        1323       0.00883     13.41      2.00     7   6.7232
#        1329       0.00407      6.58      2.00     7   6.7251
#        1331       0.00673     12.37      2.00     7   6.7281
#        1332       0.00532     11.18      2.00     7   6.7286
#        1334       0.00823      6.61      2.00     7   6.7298
#        1335       0.00831      8.70      2.00     7   6.7297
#        1336       0.00915      5.70      2.00     7   6.7297
#        1337       0.00529     11.11      2.00     7   6.7310
#        1340       0.00825      4.84      2.00     7   6.7327
#        1341       0.00903     29.52      2.00     7   6.7332
#        1342       0.00500      8.09      2.00     7   6.7332
#        1343       0.00463      9.70      2.00     6   6.7352
#        1345       0.00875     28.82      2.00     7   6.7372
#        1347       0.00914      4.92      2.00     7   6.7395
#        1348       0.00912      6.04      2.00     7   6.7395
#        1349       0.00564      7.90      2.00     5   6.7402
#        1350       0.00570     11.01      2.00     6   6.7398
#        1351       0.00578      5.58      2.00     5   6.7405
#        1353       0.00440      7.14      2.00     6   6.7426
#        1354       0.00917      4.27      2.00     7   6.7424
#        1357       0.00611     10.42      2.00     7   6.7448
#        1358       0.00863      6.81      2.00     7   6.7448
#        1359       0.00863     11.25      2.00     7   6.7455
#        1360       0.00565      4.36      2.00     5   6.7462
#        1361       0.01405      4.47      2.00     6   6.7474
#        1364       0.00903      8.06      2.00     6   6.7503
#        1365       0.00596      9.97      2.00     6   6.7500
#        1368       0.00907      6.99      2.00     7   6.7511
#        1369       0.00872     10.66      2.00     7   6.7529
#        1370       0.00900     13.46      2.00     7   6.7529
#        1372       0.00655      4.32      2.00     6   6.7548
#        1375       0.01499      4.46      2.00     6   6.7563
#        1376       0.00877     10.39      2.00     7   6.7558
#        1377       0.00881      8.92      2.00     6   6.7584
#        1379       0.01411      4.17      2.00     6   6.7590
#        1380       0.00570     11.41      2.00     6   6.7595
#        1382       0.00906     12.37      2.00     7   6.7617
#        1383       0.00674      9.75      2.00     7   6.7624
#        1384       0.00474     14.73      2.00     6   6.7649
#        1385       0.00478     23.54      2.00     7   6.7664
#        1386       0.00604      8.02      2.00     6   6.7681
#        1387       0.00454      9.64      2.00     6   6.7678
#        1389       0.00471     23.81      2.00     7   6.7685
#        1390       0.01397      8.75      2.00     7   6.7694
#        1392       0.00561      6.88      2.00     5   6.7701
#        1393       0.00503      6.16      2.00     6   6.7704
#        1394       0.00487      6.92      2.00     6   6.7704
#        1395       0.00837      5.54      2.00     6   6.7718
#        1396       0.00976      5.91      2.00     6   6.7728
#        1397       0.00941      7.13      2.00     6   6.7732
#        1398       0.00562      4.96      2.00     5   6.7731
#        1399       0.01031     10.05      2.00     7   6.7731
#        1400       0.00808      4.88      2.00     6   6.7746
#        1401       0.00987      5.97      2.00     6   6.7762
#        1402       0.00933     16.27      2.00     7   6.7771
#        1403       0.00711      7.94      2.00     7   6.7771
#        1404       0.00475      4.55      2.00     7   6.7773
#        1405       0.00881     15.66      2.00     7   6.7777
#        1406       0.01174      7.67      2.00     7   6.7793
#        1407       0.00844     27.01      2.00     7   6.7791
#        1408       0.00548      5.61      2.00     6   6.7796
#        1409       0.00527      5.99      2.00     6   6.7796
#        1411       0.01423      7.42      2.00     7   6.7856
#        1412       0.00444     15.31      2.00     7   6.7853
#        1413       0.00925      5.81      2.00     6   6.7860
#        1414       0.00431      6.15      1.00     6   6.7869
#        1415       0.00574     27.28      2.00     7   6.7868
#        1416       0.01103     12.48      2.00     7   6.7885
#        1417       0.00559     15.53      2.00     6   6.7891
#        1419       0.00894      6.41      2.00     6   6.7898
#        1420       0.00937      6.07      2.00     6   6.7906
#        1422       0.00809     11.34      2.00     6   6.7921
#        1423       0.00791     10.40      2.00     6   6.7921
#        1424       0.01127     19.81      2.00     7   6.7920
#        1426       0.00979     16.44      2.00     7   6.7952
#        1427       0.00500     10.36      2.00     7   6.7955
#        1428       0.00626     46.36      2.00     7   6.7971
#        1429       0.00593      5.80      2.00     7   6.7976
#        1433       0.00458      5.82      2.00     6   6.8000
#        1436       0.01319     27.74      2.00     7   6.8011
#        1437       0.00701     12.72      2.00     7   6.8011
#        1438       0.00741     10.26      2.00     7   6.8011
#        1439       0.00707     10.54      2.00     7   6.8011
#        1440       0.00662     13.82      2.00     7   6.8015
#        1441       0.00676     16.68      2.00     7   6.8015
#        1442       0.00655     11.78      2.00     7   6.8015
#        1443       0.00701     10.95      2.00     7   6.8015
#        1445       0.00482      4.91      2.00     6   6.8030
#        1446       0.00886      4.18      2.00     6   6.8042
#        1447       0.00519      8.97      2.00     6   6.8046
#        1449       0.00596      5.50      2.00     6   6.8053
#        1450       0.01364     29.94      2.00     7   6.8051
#        1451       0.01308      4.16      2.00     7   6.8059
#        1452       0.00870      4.69      2.00     6   6.8072
#        1453       0.00891     12.45      2.00     7   6.8073
#        1454       0.00892     10.81      2.00     7   6.8091
#        1455       0.00885     11.75      2.00     7   6.8103
#        1457       0.00791     27.59      2.00     7   6.8110
#        1458       0.00934     11.22      2.00     7   6.8125
#        1459       0.00920      4.45      2.00     6   6.8135
#        1462       0.00441      7.46      2.00     6   6.8191
#        1464       0.00463     12.09      2.00     7   6.8219
#        1465       0.00897      8.52      2.00     7   6.8262
#        1466       0.01325      4.58      2.00     7   6.8261
#        1467       0.00520     16.94      2.00     7   6.8265
#        1470       0.00947      4.86      2.00     7   6.8290
#        1472       0.00641     16.66      2.00     7   6.8294
#        1478       0.00430     10.04      2.00     6   6.8338
#        1479       0.00436      6.93      2.00     6   6.8338
#        1480       0.01011      4.85      2.00     7   6.8341
#        1481       0.00892     10.25      2.00     7   6.8337
#        1482       0.00883      9.02      2.00     7   6.8337
#        1484       0.00491      7.62      2.00     6   6.8350
#        1486       0.00512      5.75      2.00     6   6.8379
#        1488       0.00903      8.68      2.00     7   6.8387
#        1491       0.00458      6.33      2.00     6   6.8401
#        1492       0.00951      7.76      2.00     7   6.8400
#        1494       0.01146     30.21      2.00     7   6.8401
#        1495       0.00896      7.92      2.00     7   6.8417
#        1496       0.00458     16.45      2.00     7   6.8415
#        1497       0.00532     14.00      2.00     7   6.8419
#        1502       0.00761     10.26      2.00     7   6.8516
#        1503       0.00991      5.20      2.00     7   6.8518
#        1505       0.00710     19.09      2.00     7   6.8533
#        1506       0.00853     15.46      2.00     7   6.8546
#        1507       0.00716      6.92      2.00     7   6.8546
#        1508       0.00453      4.07      2.00     6   6.8548
#        1510       0.00494     14.77      2.00     7   6.8569
#        1511       0.01438      6.61      2.00     7   6.8583
#        1513       0.00416     20.28      2.00     7   6.8604
#        1514       0.00398     12.31      2.00     7   6.8604
#        1515       0.00611      8.44      2.00     5   6.8606
#        1516       0.00714     13.15      2.00     7   6.8607
#        1518       0.01410      8.44      2.00     7   6.8606
#        1519       0.00636      4.30      2.00     4   6.8611
#        1521       0.00437     10.53      2.00     7   6.8625
#        1522       0.00448     20.25      2.00     7   6.8625
#        1523       0.00505      4.93      2.00     6   6.8629
#        1525       0.00859      9.78      2.00     7   6.8647
#        1527       0.00893      5.89      2.00     7   6.8651
#        1528       0.00911      4.15      2.00     6   6.8657
#        1531       0.00869      4.22      2.00     7   6.8662
#        1533       0.00764      9.45      2.00     7   6.8671
#        1534       0.00722      4.12      2.00     6   6.8679
#        1536       0.00715      7.58      2.00     7   6.8690
#        1538       0.00951     11.09      2.00     7   6.8706
#        1540       0.00671      5.13      2.00     7   6.8706
#        1542       0.00865      5.86      2.00     7   6.8714
#        1543       0.01335     62.00      2.00     7   6.8722
#        1544       0.00587     14.25      2.00     7   6.8740
#        1547       0.00650     21.47      2.00     7   6.8757
#        1548       0.00947     23.23      2.00     7   6.8762
#        1549       0.00580      4.08      2.00     7   6.8762
#        1551       0.00575     14.28      2.00     7   6.8786
#        1552       0.00622     13.09      2.00     6   6.8798
#        1553       0.01002      5.87      2.00     5   6.8803
#        1554       0.00945     20.47      2.00     7   6.8802
#        1555       0.00593      9.30      2.00     6   6.8810
#        1556       0.00437      5.07      2.00     6   6.8810
#        1557       0.00472      6.15      2.00     7   6.8814
#        1558       0.00631      6.31      2.00     5   6.8830
#        1559       0.00953      7.30      2.00     7   6.8830
#        1560       0.00928      8.71      2.00     7   6.8841
#        1562       0.00924      7.96      2.00     7   6.8876
#        1563       0.00968      4.89      2.00     7   6.8878
#        1565       0.00969      7.70      2.00     7   6.8891
#        1566       0.00886     21.15      2.00     7   6.8904
#        1567       0.00551      5.95      2.00     7   6.8904
#        1570       0.00788      6.89      2.00     5   6.8931
#        1572       0.00548      5.61      2.00     6   6.8953
#        1573       0.01043      5.23      2.00     7   6.8966
#        1574       0.00696      7.76      2.00     7   6.8996
#        1575       0.00609     19.86      2.00     7   6.9000
#        1576       0.00966      7.88      2.00     7   6.9015
#        1577       0.00639      9.04      2.00     6   6.9022
#        1578       0.00492     14.21      2.00     7   6.9071
#        1579       0.00529      9.15      2.00     6   6.9090
#        1580       0.00597     15.01      2.00     6   6.9094
#        1581       0.00618      7.07      2.00     5   6.9100
#        1582       0.00440      6.96      2.00     6   6.9107
#        1583       0.00429      6.84      2.00     6   6.9107
#        1584       0.00485      7.81      2.00     7   6.9109
#        1585       0.00484      6.14      2.00     7   6.9109
#        1587       0.00770     14.69      2.00     6   6.9121
#        1588       0.00502      4.94      2.00     6   6.9119
#        1589       0.00811      6.22      2.00     6   6.9124
#        1590       0.00800     10.27      2.00     6   6.9124
#        1591       0.00847     11.11      2.00     6   6.9124
#        1592       0.00626      5.38      2.00     5   6.9129
#        1594       0.00434      5.00      2.00     6   6.9136
#        1595       0.00894      8.69      2.00     7   6.9151
#        1596       0.01021      6.51      2.00     7   6.9155
#        1598       0.00531     11.80      2.00     7   6.9155
#        1599       0.00575      7.72      2.00     6   6.9181
#        1600       0.00999      4.92      2.00     7   6.9210
#        1601       0.01074      5.93      2.00     7   6.9227
#        1603       0.00673      5.88      2.00     7   6.9243
#        1604       0.00501      6.43      2.00     6   6.9249
#        1606       0.00542     12.50      2.00     6   6.9253
#        1607       0.00884      4.38      2.00     6   6.9249
#        1608       0.00523      5.61      2.00     6   6.9279
#        1610       0.00900      7.33      2.00     7   6.9278
#        1611       0.00918     20.45      2.00     7   6.9290
#        1613       0.00882     14.22      2.00     7   6.9303
#        1615       0.00493     16.32      2.00     7   6.9309
#        1616       0.00776     14.10      2.00     7   6.9314
#        1617       0.00779     22.67      2.00     7   6.9314
#        1618       0.00819     26.44      2.00     7   6.9314
#        1619       0.00618     12.12      2.00     6   6.9319
#        1620       0.00617     11.05      2.00     6   6.9319
#        1621       0.00913      4.81      2.00     7   6.9326
#        1622       0.00433     14.11      2.00     7   6.9326
#        1623       0.00886      5.88      2.00     7   6.9324
#        1625       0.00627      8.44      2.00     6   6.9348
#        1626       0.00424     20.01      2.00     7   6.9354
#        1628       0.00618     19.34      2.00     7   6.9389
#        1629       0.00567     15.53      2.00     7   6.9400
#        1631       0.00769     13.11      2.00     6   6.9420
#        1632       0.00557      8.70      2.00     7   6.9423
#        1633       0.00744      8.25      2.00     7   6.9422
#        1634       0.00875      6.88      2.00     7   6.9441
#        1636       0.00816      9.34      2.00     7   6.9445
#        1637       0.00529     18.72      2.00     7   6.9445
#        1638       0.00777      9.72      2.00     6   6.9450
#        1639       0.00596     11.77      2.00     7   6.9458
#        1640       0.00632     12.32      2.00     6   6.9466
#        1641       0.00508     13.57      2.00     7   6.9469
#        1642       0.00866      6.16      2.00     7   6.9465
#        1643       0.00999      6.81      2.00     7   6.9471
#        1646       0.00931      8.57      2.00     7   6.9487
#        1647       0.01034      5.69      2.00     7   6.9510
#        1648       0.01173     21.34      2.00     7   6.9515
#        1649       0.00723      9.02      2.00     7   6.9515
#        1650       0.00717      9.37      2.00     7   6.9515
#        1651       0.01006      5.44      2.00     7   6.9522
#        1652       0.00557     14.45      2.00     7   6.9537
#        1653       0.00614     20.30      2.00     7   6.9538
#        1654       0.00672      9.16      2.00     6   6.9552
#        1655       0.01081      7.04      2.00     7   6.9558
#        1657       0.00438     12.17      2.00     7   6.9565
#        1659       0.00917      6.15      2.00     6   6.9580
#        1660       0.00724      8.34      2.00     7   6.9577
#        1662       0.00757     34.74      2.00     7   6.9610
#        1663       0.00572     13.34      2.00     7   6.9629
#        1665       0.00764     23.25      2.00     7   6.9640
#        1666       0.00766     24.71      2.00     7   6.9640
#        1669       0.00779      9.42      2.00     7   6.9660
#        1670       0.00862      5.52      2.00     7   6.9666
#        1672       0.00630     29.01      2.00     7   6.9686
#        1673       0.00664     24.82      2.00     7   6.9686
#        1675       0.00632     20.18      2.00     7   6.9715
#        1676       0.01018      8.38      2.00     5   6.9719
#        1678       0.00984      6.82      2.00     7   6.9728
#        1680       0.00938      5.90      2.00     7   6.9738
#        1681       0.00687     29.92      2.00     7   6.9742
#        1682       0.00928      5.09      2.00     7   6.9745
#        1686       0.00911      5.34      2.00     7   6.9765
#        1687       0.00727      7.93      2.00     7   6.9772
#        1688       0.00675     17.62      2.00     7   6.9771
#        1689       0.00689     20.40      2.00     7   6.9771
#        1690       0.00895      6.47      2.00     7   6.9767
#        1691       0.00978      5.28      2.00     7   6.9768
#        1694       0.00916     12.12      2.00     7   6.9799
#        1696       0.00462     10.98      2.00     5   6.9815
#        1697       0.00523     17.35      2.00     7   6.9824
#        1699       0.00944     12.35      2.00     7   6.9845
#        1700       0.00921      8.08      2.00     7   6.9847
#        1701       0.00950      7.06      2.00     7   6.9854
#        1706       0.00446      8.00      2.00     7   6.9886
#        1707       0.00464     12.25      2.00     7   6.9886
#        1708       0.00698      4.31      2.00     7   6.9886
#        1709       0.01040     12.71      2.00     6   6.9912
#        1710       0.01066      8.12      2.00     7   6.9923
#        1712       0.00934      7.91      2.00     7   6.9946
#        1713       0.01008      6.85      2.00     7   6.9969
#        1717       0.01310      4.44      2.00     7   7.0002
#        1718       0.00715      9.16      2.00     7   6.9999
#        1719       0.00462      8.04      1.00     6   7.0007
#        1720       0.00643     14.39      2.00     6   7.0011
#        1721       0.00665      7.65      2.00     5   7.0016
#        1724       0.00487      7.23      2.00     7   7.0034
#        1725       0.00437     10.37      2.00     7   7.0034
#        1726       0.00440      7.56      2.00     7   7.0034
#        1727       0.01214      4.98      2.00     7   7.0044
#        1728       0.01759      4.44      2.00     7   7.0065
#        1729       0.00636      9.19      2.00     6   7.0086
#        1731       0.01438      5.26      2.00     7   7.0090
#        1732       0.00546      5.88      2.00     7   7.0097
#        1734       0.00877     15.60      2.00     5   7.0111
#        1736       0.00452     10.69      2.00     5   7.0141
#        1738       0.00946      9.76      2.00     7   7.0158
#        1740       0.00989      7.77      2.00     7   7.0187
#        1742       0.00572     12.19      2.00     7   7.0198
#        1744       0.00629     23.08      2.00     7   7.0203
#        1745       0.00646     23.05      2.00     7   7.0203
#        1746       0.00882      8.53      2.00     6   7.0208
#        1747       0.00978     15.32      2.00     6   7.0208
#        1748       0.00870     10.90      2.00     6   7.0208
#        1750       0.00475      4.64      2.00     7   7.0215
#        1751       0.00500      7.34      2.00     7   7.0215
#        1754       0.00657     11.92      2.00     6   7.0235
#        1755       0.00636     10.97      2.00     6   7.0238
#        1757       0.00643     15.18      2.00     7   7.0279
#        1758       0.00649     10.75      2.00     7   7.0289
#        1759       0.00469     22.86      2.00     6   7.0303
#        1762       0.00868     15.56      2.00     6   7.0325
#        1763       0.00905      6.50      2.00     7   7.0326
#        1764       0.00869     27.09      2.00     6   7.0330
#        1766       0.01019      6.72      2.00     7   7.0336
#        1767       0.00445     15.12      2.00     6   7.0333
#        1768       0.01083      6.22      2.00     7   7.0332
#        1769       0.00952      8.29      2.00     7   7.0352
#        1770       0.00515      9.81      2.00     7   7.0358
#        1771       0.00504      5.50      2.00     7   7.0358
#        1772       0.01032      7.36      2.00     7   7.0377
#        1773       0.00579      7.44      2.00     6   7.0383
#        1774       0.00962     16.86      2.00     7   7.0404
#        1777       0.00666     13.96      2.00     7   7.0427
#        1778       0.00652     26.76      2.00     7   7.0427
#        1779       0.00659     17.76      2.00     7   7.0427
#        1780       0.00967      6.49      2.00     7   7.0440
#        1781       0.00612      5.58      2.00     6   7.0456
#        1784       0.00968      7.07      2.00     7   7.0468
#        1786       0.01044      7.85      2.00     7   7.0486
#        1787       0.00641     29.24      2.00     7   7.0500
#        1788       0.00661     16.92      2.00     6   7.0505
#        1789       0.00508      7.30      2.00     7   7.0512
#        1790       0.00893     16.09      2.00     7   7.0517
#        1791       0.00887     24.98      2.00     7   7.0517
#        1792       0.00941      7.27      2.00     6   7.0522
#        1793       0.00853     40.11      2.00     7   7.0523
#        1794       0.00466      8.05      2.00     7   7.0529
#        1795       0.00792     19.15      2.00     7   7.0529
#        1796       0.00740     14.76      2.00     7   7.0529
#        1797       0.00760     20.44      2.00     7   7.0529
#        1798       0.00589     10.93      2.00     6   7.0534
#        1800       0.00750      9.34      2.00     7   7.0559
#        1801       0.00700     17.06      2.00     7   7.0575
#        1802       0.00631     24.01      2.00     7   7.0575
#        1804       0.00935      8.15      2.00     7   7.0596
#        1805       0.00895     16.78      1.00     6   7.0600
#        1806       0.00464     13.98      2.00     7   7.0604
#        1807       0.00463     22.82      2.00     6   7.0629
#        1808       0.00724     29.18      2.00     7   7.0629
#        1809       0.00970      5.38      2.00     7   7.0635
#        1811       0.00586      9.12      2.00     7   7.0648
#        1812       0.00516      5.68      2.00     7   7.0655
#        1813       0.00460      8.06      1.00     6   7.0659
#        1814       0.00534     11.98      2.00     7   7.0661
#        1815       0.00952      5.65      2.00     7   7.0658
#        1816       0.01083      4.89      2.00     7   7.0657
#        1817       0.00593      7.72      2.00     7   7.0672
#        1819       0.00518      5.22      2.00     7   7.0684
#        1820       0.00915      4.85      2.00     7   7.0688
#        1821       0.01059     10.86      2.00     7   7.0688
#        1824       0.01164      4.96      2.00     7   7.0705
#        1825       0.01176      7.67      2.00     7   7.0720
#        1826       0.00660     31.22      2.00     7   7.0724
#        1827       0.00657     29.26      2.00     7   7.0724
#        1831       0.01065      7.70      2.00     7   7.0736
#        1832       0.00938     11.40      2.00     7   7.0741
#        1833       0.00658     18.98      2.00     7   7.0753
#        1836       0.00534      4.87      2.00     7   7.0809
#        1837       0.00836     29.58      2.00     7   7.0813
#        1838       0.01752      6.07      2.00     7   7.0816
#        1840       0.00888     62.18      2.00     7   7.0819
#        1841       0.01086      7.77      2.00     7   7.0835
#        1844       0.00871     12.59      2.00     7   7.0843
#        1845       0.00850     22.09      2.00     7   7.0843
#        1846       0.00881     43.20      2.00     7   7.0849
#        1847       0.00950      4.18      2.00     7   7.0899
#        1849       0.00593      9.89      2.00     7   7.0945
#        1850       0.00926      4.08      2.00     7   7.0949
#        1854       0.00950      5.92      2.00     7   7.0964
#        1856       0.00818      8.14      2.00     7   7.0974
#        1857       0.00610      8.80      2.00     7   7.0974
#        1858       0.00594      4.12      2.00     6   7.0996
#        1861       0.01053      4.74      2.00     7   7.1010
#        1869       0.01029     16.98      2.00     6   7.1124
#        1872       0.00727      5.06      2.00     7   7.1132
#        1879       0.00854     20.33      2.00     6   7.1220
#        1880       0.00757      4.76      2.00     7   7.1227
#        1882       0.00891      4.35      2.00     7   7.1289
#        1883       0.00826      4.27      2.00     7   7.1311
#        1884       0.00623      7.13      2.00     6   7.1308
#        1886       0.01057     20.57      2.00     7   7.1317
#        1887       0.01043     25.90      2.00     7   7.1317
#        1889       0.01133      6.87      2.00     7   7.1329
#        1890       0.00887      5.25      2.00     7   7.1335
#        1891       0.00439      5.15      2.00     7   7.1344
#        1894       0.01012      5.61      2.00     7   7.1381
#        1897       0.00854     31.33      2.00     7   7.1412
#        1898       0.00502      5.21      2.00     7   7.1418
#        1899       0.00500      6.52      2.00     7   7.1418
#        1901       0.00944     10.02      2.00     6   7.1438
#        1903       0.00944      7.04      2.00     7   7.1444
#        1905       0.01179      6.71      2.00     5   7.1493
#        1906       0.00850      7.37      2.00     7   7.1490
#        1907       0.00868      4.84      2.00     7   7.1492
#        1908       0.01259     35.78      2.00     7   7.1518
#        1909       0.00590      4.82      2.00     6   7.1534
#        1910       0.00488     13.83      2.00     6   7.1534
#        1912       0.01028      6.52      2.00     7   7.1539
#        1917       0.00893      6.88      2.00     7   7.1585
#        1918       0.00956      4.41      2.00     7   7.1587
#        1920       0.00889     19.73      2.00     7   7.1613
#        1921       0.01007     38.65      2.00     7   7.1613
#        1923       0.00906      4.61      2.00     7   7.1615
#        1925       0.00966     16.82      2.00     7   7.1631
#        1926       0.00958     15.80      2.00     7   7.1631
#        1927       0.00431     10.30      2.00     7   7.1641
#        1928       0.00618     24.40      2.00     7   7.1643
#        1929       0.00440      7.29      2.00     7   7.1670
#        1930       0.00867     45.41      2.00     7   7.1709
#        1931       0.00482      6.12      2.00     7   7.1715
#        1932       0.00482      7.33      2.00     7   7.1715
#        1934       0.00486     21.32      2.00     7   7.1726
#        1936       0.00870     30.03      2.00     7   7.1730
#        1937       0.00490     30.36      2.00     7   7.1738
#        1938       0.00592      4.71      2.00     6   7.1747
#        1939       0.00488      5.18      2.00     7   7.1744
#        1943       0.00629      4.72      2.00     7   7.1805
#        1946       0.00626      5.03      2.00     6   7.1836
#        1950       0.00945      4.97      2.00     7   7.1837
#        1951       0.00541      5.18      2.00     7   7.1861
#        1960       0.00792     15.28      2.00     7   7.1927
#        1961       0.00802     15.83      2.00     7   7.1927
#        1962       0.00914     19.78      2.00     7   7.1927
#        1963       0.01122      4.42      2.00     7   7.1950
#        1967       0.00934     14.15      2.00     7   7.1957
#        1969       0.00853      4.55      2.00     7   7.1993
#        1972       0.00499     31.17      2.00     7   7.2022
#        1973       0.00907      4.84      2.00     7   7.2021
#        1975       0.01178      4.12      1.00     6   7.2034
#        1979       0.00495     20.58      2.00     7   7.2052
#        1986       0.00639     11.11      2.00     7   7.2102
#        1987       0.00851      4.53      2.00     6   7.2112
#        1999       0.00878      4.38      2.00     7   7.2205
#        2000       0.00960      4.65      2.00     7   7.2215
#        2001       0.00952      6.55      2.00     7   7.2219
#        2003       0.00903      4.14      2.00     7   7.2225
#        2006       0.00860      5.11      2.00     7   7.2241
#        2007       0.00954      4.78      2.00     7   7.2249
#        2010       0.00872      6.29      2.00     7   7.2290
#        2011       0.00845      7.10      2.00     7   7.2305
#        2012       0.00878      7.74      2.00     7   7.2307
#        2013       0.00898      5.12      2.00     7   7.2319
#        2014       0.01103      7.05      2.00     7   7.2333
#        2015       0.00892      4.64      2.00     7   7.2336
#        2016       0.00865      5.07      2.00     7   7.2353
#        2020       0.00859      9.49      2.00     7   7.2378
#        2021       0.01054      5.14      2.00     7   7.2381
#        2023       0.01185      5.66      2.00     5   7.2418
#        2024       0.01041      5.18      2.00     7   7.2428
#        2026       0.00891      9.49      2.00     7   7.2506
#        2027       0.00775     15.12      2.00     7   7.2529
#        2028       0.00448      5.34      2.00     7   7.2530
#        2031       0.00957      9.55      2.00     7   7.2601
#        2034       0.00871      7.42      2.00     7   7.2631
#        2036       0.00864      6.50      2.00     7   7.2649
#        2038       0.00878      4.90      2.00     7   7.2679
#        2039       0.00986      6.33      2.00     7   7.2694
#        2049       0.00460      4.78      2.00     7   7.2844
#        2050       0.00956     22.52      2.00     7   7.2843
#        2051       0.00577      5.96      2.00     6   7.2853
#        2052       0.00646      5.01      2.00     7   7.2853
#        2053       0.00568      8.31      2.00     7   7.2853
#        2061       0.00515      6.82      2.00     5   7.2939
#        2062       0.00782     35.76      2.00     7   7.2939
#        2063       0.00634      5.20      2.00     6   7.2943
#        2065       0.01157      7.12      2.00     6   7.2959
#        2066       0.00544      6.51      2.00     6   7.2964
#        2067       0.00557      4.58      2.00     7   7.2962
#        2069       0.01286      5.10      2.00     7   7.2971
#        2071       0.01133      4.42      2.00     7   7.2978
#        2072       0.00926      4.85      2.00     7   7.3003
#        2076       0.00922      4.36      2.00     7   7.3012
#        2078       0.00935      5.42      2.00     7   7.3040
#        2079       0.00926      9.59      2.00     7   7.3044
#        2081       0.00952      5.00      2.00     7   7.3092
#        2085       0.00507      9.25      2.00     6   7.3131
#        2086       0.00946      6.07      2.00     7   7.3129
#        2088       0.00545      9.52      2.00     7   7.3156
#        2089       0.00614      8.85      2.00     7   7.3162
#        2091       0.00508      5.81      2.00     6   7.3173
#        2092       0.00593      5.79      2.00     7   7.3197
#        2093       0.00951      5.39      2.00     7   7.3197
#        2094       0.00549      5.94      2.00     5   7.3204
#        2095       0.00512     12.77      2.00     6   7.3204
#        2096       0.00655     11.44      2.00     7   7.3208
#        2097       0.01186      8.65      2.00     6   7.3212
#        2099       0.00583     10.47      2.00     7   7.3229
#        2101       0.01245      7.10      2.00     7   7.3283
#        2102       0.00817      6.83      2.00     7   7.3283
#        2103       0.01161      4.41      2.00     6   7.3292
#        2104       0.01164      4.43      2.00     6   7.3292
#        2105       0.01114      6.21      2.00     7   7.3290
#        2106       0.00830      5.17      2.00     7   7.3290
#        2107       0.00925      7.24      2.00     7   7.3299
#        2108       0.00963      7.87      2.00     7   7.3309
#        2109       0.00926      4.79      2.00     7   7.3329
#        2110       0.01238     13.23      2.00     7   7.3326
#        2111       0.01253      4.57      2.00     7   7.3331
#        2112       0.01255      4.69      2.00     7   7.3331
#        2113       0.00948      4.82      2.00     7   7.3338
#        2114       0.01125      4.15      2.00     7   7.3337
#        2116       0.02406      5.99      2.00     7   7.3379
#        2117       0.00509     18.56      2.00     7   7.3397
#        2119       0.00561     14.86      2.00     6   7.3428
#        2120       0.00560     11.03      2.00     6   7.3423
#        2123       0.00694      4.30      2.00     7   7.3442
#        2125       0.00545      8.19      2.00     7   7.3448
#        2126       0.00543     10.82      2.00     6   7.3457
#        2127       0.00547     14.57      2.00     7   7.3453
#        2128       0.00545     10.89      2.00     6   7.3469
#        2129       0.00548     10.24      2.00     7   7.3482
#        2130       0.00547      7.10      2.00     6   7.3499
#        2131       0.00899      4.41      2.00     7   7.3496
#        2133       0.00913      4.03      2.00     7   7.3511
#        2135       0.00972      4.27      2.00     7   7.3538
#        2138       0.01007      5.99      2.00     7   7.3634
#        2139       0.00572     29.04      2.00     7   7.3647
#        2140       0.03219      5.59      2.00     7   7.3655
#        2141       0.00479      4.10      2.00     7   7.3668
#        2142       0.00560     20.28      2.00     7   7.3689
#        2143       0.00519     29.04      2.00     7   7.3693
#        2144       0.00845      4.81      2.00     6   7.3721
#        2145       0.00541     20.19      2.00     7   7.3723
#        2146       0.01149      4.59      2.00     7   7.3722
#        2147       0.00553      5.70      2.00     6   7.3726
#        2150       0.01187     11.47      2.00     7   7.3753
#        2156       0.00547      6.70      2.00     7   7.3793
#        2157       0.00954      4.59      2.00     7   7.3807
#        2161       0.01038      5.99      2.00     7   7.3850
#        2167       0.00967      5.65      2.00     7   7.3896
#        2168       0.00503      4.27      2.00     7   7.3902
#        2171       0.00799      8.20      2.00     7   7.3918
#        2172       0.00930      6.64      2.00     5   7.3924
#        2174       0.00545      5.88      2.00     6   7.3949
#        2175       0.00813     12.09      2.00     6   7.3955
#        2176       0.00592      7.34      2.00     7   7.3959
#        2183       0.00784      5.05      2.00     7   7.4034
#        2184       0.01106      6.20      2.00     7   7.4034
#        2186       0.00607      7.80      2.00     7   7.4056
#        2188       0.00503      6.04      2.00     7   7.4068
#        2189       0.00480      5.75      2.00     7   7.4068
#        2190       0.02272      5.36      2.00     7   7.4079
#        2191       0.00951      4.04      2.00     7   7.4089
#        2193       0.00816     10.74      2.00     7   7.4119
#        2194       0.01042      7.15      2.00     7   7.4132
#        2195       0.00691      5.47      2.00     7   7.4142
#        2196       0.00573      6.60      2.00     6   7.4144
#        2197       0.00532     16.96      2.00     7   7.4147
#        2198       0.00574     11.03      2.00     7   7.4168
#        2203       0.00580      4.66      2.00     7   7.4211
#        2205       0.00555     14.22      2.00     7   7.4214
#        2206       0.00850     10.81      2.00     6   7.4220
#        2208       0.00562      9.16      2.00     7   7.4244
#        2210       0.00894      7.47      2.00     6   7.4250
#        2213       0.00727      6.57      2.00     7   7.4280
#        2214       0.00557      6.82      2.00     6   7.4313
#        2215       0.01027      6.38      2.00     6   7.4318
#        2218       0.00577      8.52      2.00     7   7.4336
#        2219       0.00577      5.86      2.00     7   7.4338
#        2220       0.00560      7.90      2.00     7   7.4348
#        2221       0.00597     10.13      2.00     6   7.4367
#        2223       0.01086      6.59      2.00     7   7.4374
#        2224       0.00570      7.38      2.00     7   7.4382
#        2226       0.00555      6.33      2.00     6   7.4397
#        2231       0.00681     13.40      2.00     7   7.4428
#        2232       0.00948      6.82      2.00     6   7.4429
#        2233       0.00835     28.49      2.00     7   7.4444
#        2234       0.00891     21.44      2.00     7   7.4439
#        2236       0.00707      9.84      2.00     7   7.4457
#        2237       0.00902      8.88      2.00     6   7.4465
#        2238       0.00871     20.64      2.00     7   7.4473
#        2240       0.00766      7.40      2.00     7   7.4495
#        2244       0.00867      4.68      2.00     7   7.4527
#        2245       0.00567     19.64      2.00     7   7.4536
#        2246       0.00596      5.33      2.00     7   7.4549
#        2249       0.00566     13.27      2.00     7   7.4578
#        2250       0.00585     19.54      2.00     7   7.4587
#        2251       0.00529      4.82      2.00     7   7.4593
#        2253       0.00553     18.89      2.00     7   7.4633
#        2257       0.01028      4.63      2.00     6   7.4641
#        2258       0.00556     11.34      2.00     7   7.4662
#        2259       0.00861      8.02      2.00     7   7.4673
#        2261       0.01178     10.33      2.00     7   7.4678
#        2262       0.00948      4.91      2.00     6   7.4751
#  1647/2000 paths used
#  xsedge+50, used to normalize mu           1.0000E+00
#  -----------------------------------------------------------------------
#  omega    e    k    mu    mu0     chi     @#
    9724.895   -205.864  -7.200 -2.37818E-06 -1.66164E-06  1.20860E-06
    9727.628   -203.131  -7.150 -4.73048E-06 -3.83801E-06  1.22273E-06
    9730.343   -200.416  -7.100 -7.08278E-06 -6.01437E-06  1.23668E-06
    9733.039   -197.721  -7.050 -9.43508E-06 -8.19074E-06  1.25045E-06
    9735.715   -195.044  -7.000 -1.17874E-05 -1.03671E-05  1.26405E-06
    9738.372   -192.387  -6.950 -1.41397E-05 -1.25435E-05  1.27746E-06
    9741.011   -189.748  -6.900 -1.64920E-05 -1.47198E-05  1.29068E-06
    9743.630   -187.129  -6.850 -1.90432E-05 -1.68406E-05  1.30580E-06
    9746.231   -184.529  -6.800 -2.18196E-05 -1.88985E-05  1.32294E-06
    9748.812   -181.947  -6.750 -2.45961E-05 -2.09563E-05  1.33972E-06
    9751.374   -179.385  -6.700 -2.73726E-05 -2.30142E-05  1.35615E-06
    9753.917   -176.842  -6.650 -3.01490E-05 -2.50721E-05  1.37222E-06
    9756.441   -174.318  -6.600 -3.29255E-05 -2.71299E-05  1.38793E-06
    9758.946   -171.813  -6.550 -3.57019E-05 -2.91878E-05  1.40329E-06
    9761.432   -169.327  -6.500 -3.84784E-05 -3.12457E-05  1.41828E-06
    9763.899   -166.860  -6.450 -4.32044E-05 -3.32266E-05  1.43119E-06
    9766.347   -164.412  -6.400 -4.91929E-05 -3.51577E-05  1.44532E-06
    9768.776   -161.983  -6.350 -5.51813E-05 -3.70888E-05  1.46447E-06
    9771.186   -159.573  -6.300 -6.11698E-05 -3.90199E-05  1.48791E-06
    9773.577   -157.182  -6.250 -6.71582E-05 -4.09510E-05  1.51211E-06
    9775.948   -154.811  -6.200 -7.31466E-05 -4.28821E-05  1.53280E-06
    9778.301   -152.458  -6.150 -7.91351E-05 -4.48132E-05  1.54722E-06
    9780.635   -150.124  -6.100 -8.51235E-05 -4.67443E-05  1.55551E-06
    9782.949   -147.810  -6.050 -1.01571E-04 -4.86433E-05  1.56206E-06
    9785.245   -145.514  -6.000 -1.51835E-04 -5.04385E-05  1.57163E-06
    9787.521   -143.238  -5.950 -2.02098E-04 -5.22336E-05  1.58021E-06
    9789.779   -140.980  -5.900 -2.52361E-04 -5.40287E-05  1.58812E-06
    9792.017   -138.742  -5.850 -3.02625E-04 -5.58238E-05  1.59373E-06
    9794.236   -136.523  -5.800 -3.52888E-04 -5.76190E-05  1.59436E-06
    9796.437   -134.322  -5.750 -4.03152E-04 -5.94141E-05  1.58763E-06
    9798.618   -132.141  -5.700 -4.53415E-04 -6.12092E-05  1.57255E-06
    9800.780   -129.979  -5.650 -5.03678E-04 -6.30043E-05  1.54988E-06
    9802.923   -127.836  -5.600 -8.93072E-04 -6.47636E-05  1.62857E-06
    9805.047   -125.712  -5.550 -2.33928E-03 -6.64110E-05  2.06223E-06
    9807.152   -123.607  -5.500 -3.78548E-03 -6.80584E-05  2.53383E-06
    9809.238   -121.521  -5.450 -5.23169E-03 -6.97058E-05  3.04366E-06
    9811.305   -119.454  -5.400 -6.67790E-03 -7.13532E-05  3.59076E-06
    9813.353   -117.406  -5.350 -8.12410E-03 -7.30006E-05  4.17299E-06
    9815.382   -115.377  -5.300 -9.57031E-03 -7.46480E-05  4.78776E-06
    9817.392   -113.368  -5.250 -1.10165E-02 -7.62954E-05  5.43285E-06
    9819.382   -111.377  -5.200 -1.24627E-02 -7.79428E-05  6.10712E-06
    9821.354   -109.405  -5.150 -1.39089E-02 -7.95902E-05  6.81082E-06
    9823.307   -107.453  -5.100 -1.45756E-02 -8.11619E-05  6.91173E-06
    9825.240   -105.519  -5.050 -1.43392E-02 -8.26459E-05  6.24890E-06
    9827.155   -103.604  -5.000 -1.41028E-02 -8.41299E-05  5.53430E-06
    9829.050   -101.709  -4.950 -1.38664E-02 -8.56139E-05  4.76858E-06
    9830.927    -99.833  -4.900 -1.36300E-02 -8.70979E-05  3.95217E-06
    9832.784    -97.975  -4.850 -1.33937E-02 -8.85819E-05  3.08544E-06
    9834.622    -96.137  -4.800 -1.31573E-02 -9.00659E-05  2.16893E-06
    9836.441    -94.318  -4.750 -1.29209E-02 -9.15499E-05  1.20357E-06
    9838.242    -92.517  -4.700 -1.26845E-02 -9.30339E-05  1.90764E-07
    9840.023    -90.736  -4.650 -1.24482E-02 -9.45179E-05 -8.67565E-07
    9841.785    -88.974  -4.600 -1.22118E-02 -9.60019E-05 -1.96912E-06
    9843.528    -87.231  -4.550 -1.17797E-02 -9.73657E-05 -2.26933E-06
    9845.252    -85.507  -4.500 -1.12404E-02 -9.86637E-05 -2.09800E-06
    9846.957    -83.802  -4.450 -1.07010E-02 -9.99616E-05 -1.90738E-06
    9848.643    -82.116  -4.400 -1.01617E-02 -1.01260E-04 -1.69995E-06
    9850.310    -80.449  -4.350 -9.62232E-03 -1.02557E-04 -1.47811E-06
    9851.958    -78.801  -4.300 -9.08298E-03 -1.03855E-04 -1.24305E-06
    9853.586    -77.173  -4.250 -8.54364E-03 -1.05153E-04 -9.94108E-07
    9855.196    -75.563  -4.200 -8.00429E-03 -1.06451E-04 -7.28724E-07
    9856.787    -73.972  -4.150 -7.46495E-03 -1.07749E-04 -4.43148E-07
    9858.358    -72.401  -4.100 -6.92561E-03 -1.09047E-04 -1.33689E-07
    9859.911    -70.848  -4.050 -6.38626E-03 -1.10345E-04  2.01903E-07
    9861.445    -69.315  -4.000 -5.84692E-03 -1.11643E-04  5.63384E-07
    9862.959    -67.800  -3.950 -5.41325E-03 -1.12859E-04  1.03843E-06
    9864.454    -66.305  -3.900 -5.16125E-03 -1.13933E-04  1.84612E-06
    9865.931    -64.828  -3.850 -4.90925E-03 -1.15007E-04  2.85436E-06
    9867.388    -63.371  -3.800 -4.65725E-03 -1.16081E-04  3.97700E-06
    9868.826    -61.933  -3.750 -4.40525E-03 -1.17155E-04  5.12127E-06
    9870.246    -60.514  -3.700 -4.15325E-03 -1.18229E-04  6.21647E-06
    9871.646    -59.113  -3.650 -3.90125E-03 -1.19303E-04  7.23862E-06
    9873.027    -57.732  -3.600 -3.64926E-03 -1.20377E-04  8.22425E-06
    9874.389    -56.370  -3.550 -3.39726E-03 -1.21452E-04  9.26914E-06
    9875.732    -55.027  -3.500 -3.14526E-03 -1.22526E-04  1.05112E-05
    9877.056    -53.703  -3.450 -2.89326E-03 -1.23600E-04  1.21005E-05
    9878.361    -52.398  -3.400 -2.64126E-03 -1.24674E-04  1.41630E-05
    9879.647    -51.112  -3.350 -2.38926E-03 -1.25748E-04  1.67663E-05
    9880.914    -49.846  -3.300 -2.13726E-03 -1.26822E-04  1.98954E-05
    9882.161    -48.598  -3.250 -1.88526E-03 -1.27896E-04  2.34462E-05
    9883.390    -47.369  -3.200 -1.80803E-03 -1.28720E-04  2.74944E-04
    9884.600    -46.159  -3.150 -1.77354E-03 -1.29483E-04  8.33995E-04
    9885.790    -44.969  -3.100 -1.73905E-03 -1.30246E-04  1.52462E-03
    9886.962    -43.797  -3.050 -1.70456E-03 -1.31009E-04  2.16152E-03
    9888.114    -42.645  -3.000 -1.67006E-03 -1.31772E-04  2.56787E-03
    9889.248    -41.511  -2.950 -1.63557E-03 -1.32535E-04  2.60953E-03
    9890.362    -40.397  -2.900 -1.60108E-03 -1.33298E-04  2.21131E-03
    9891.458    -39.301  -2.850 -1.56659E-03 -1.34061E-04  1.35803E-03
    9892.534    -38.225  -2.800 -1.53210E-03 -1.34823E-04  8.98293E-05
    9893.591    -37.168  -2.750 -1.49761E-03 -1.35586E-04 -1.49870E-03
    9894.629    -36.130  -2.700 -1.46312E-03 -1.36349E-04 -3.25315E-03
    9895.649    -35.110  -2.650 -1.42862E-03 -1.37112E-04 -4.95452E-03
    9896.649    -34.110  -2.600 -1.39413E-03 -1.37875E-04 -6.32811E-03
    9897.630    -33.129  -2.550 -1.35964E-03 -1.38638E-04 -7.07722E-03
    9898.592    -32.167  -2.500 -1.32515E-03 -1.39401E-04 -6.94267E-03
    9899.535    -31.224  -2.450 -1.29066E-03 -1.40164E-04 -5.77531E-03
    9900.459    -30.300  -2.400 -1.25617E-03 -1.40926E-04 -3.59745E-03
    9901.364    -29.395  -2.350 -1.22168E-03 -1.41689E-04 -6.28197E-04
    9902.249    -28.510  -2.300 -1.18718E-03 -1.42452E-04  2.74240E-03
    9903.116    -27.643  -2.250 -1.13325E-03 -1.42875E-04  1.65598E+01
    9903.964    -26.795  -2.200 -1.07513E-03 -1.43225E-04  2.88932E+01
    9904.793    -25.967  -2.150 -1.01701E-03 -1.43575E-04  1.59669E+01
    9905.602    -25.157  -2.100 -9.58888E-04 -1.43926E-04 -2.13597E+01
    9906.393    -24.366  -2.050 -9.00768E-04 -1.44276E-04 -6.21559E+01
    9907.164    -23.595  -2.000 -8.42648E-04 -1.44626E-04 -7.89739E+01
    9907.917    -22.842  -1.950 -7.84529E-04 -1.44976E-04 -5.68578E+01
    9908.650    -22.109  -1.900 -7.26409E-04 -1.45326E-04 -4.69111E+00
    9909.365    -21.395  -1.850 -6.68289E-04 -1.45676E-04  4.91733E+01
    9910.060    -20.699  -1.800 -6.10170E-04 -1.46026E-04  7.44224E+01
    9910.736    -20.023  -1.750 -5.52050E-04 -1.46376E-04  5.79067E+01
    9911.393    -19.366  -1.700 -4.93930E-04 -1.46726E-04  1.16921E+01
    9912.032    -18.728  -1.650 -4.35811E-04 -1.47076E-04 -3.52351E+01
    9912.651    -18.108  -1.600 -3.75288E-04 -1.47316E-04 -1.18622E+02
    9913.251    -17.508  -1.550 -3.15327E-04 -1.47355E-04  1.74705E+02
    9913.832    -16.927  -1.500 -2.63851E-04 -1.47335E-04  1.73120E+02
    9914.394    -16.365  -1.450 -2.25190E-04 -1.47252E-04 -8.09585E+01
    9914.937    -15.822  -1.400 -2.05857E-04 -1.47099E-04 -8.60800E+01
    9915.461    -15.299  -1.350 -2.11526E-04 -1.46868E-04 -6.05658E+01
    9915.965    -14.794  -1.300 -2.40272E-04 -1.46550E-04 -3.63772E+01
    9916.451    -14.308  -1.250 -2.85350E-04 -1.46137E-04 -1.98543E+01
    9916.918    -13.841  -1.200 -3.41320E-04 -1.45614E-04 -1.02313E+01
    9917.366    -13.394  -1.150 -4.04586E-04 -1.44968E-04 -6.20113E+00
    9917.794    -12.965  -1.100 -4.72368E-04 -1.44182E-04 -7.07586E+00
    9918.204    -12.555  -1.050 -5.42576E-04 -1.43234E-04 -1.01535E+01
    9918.594    -12.165  -1.000 -6.13444E-04 -1.42099E-04 -8.12582E+00
    9918.966    -11.793  -0.950 -6.83510E-04 -1.40747E-04  5.18034E+00
    9919.318    -11.441  -0.900 -7.51637E-04 -1.39146E-04  2.40107E+01
    9919.652    -11.108  -0.850 -8.16837E-04 -1.37247E-04  3.55051E+01
    9919.966    -10.793  -0.800 -8.78452E-04 -1.35004E-04  3.31242E+01
    9920.261    -10.498  -0.750 -9.35884E-04 -1.32356E-04  2.00312E+01
    9920.537    -10.222  -0.700 -9.88816E-04 -1.29238E-04  3.38273E+00
    9920.795     -9.965  -0.650 -1.03702E-03 -1.25586E-04 -1.11612E+01
    9921.033     -9.726  -0.600 -1.08015E-03 -1.21316E-04 -2.10047E+01
    9921.252     -9.507  -0.550 -1.11824E-03 -1.16399E-04 -2.60291E+01
    9921.452     -9.307  -0.500 -1.15148E-03 -1.10835E-04 -2.72428E+01
    9921.633     -9.126  -0.450 -1.17990E-03 -1.04702E-04 -2.59397E+01
    9921.795     -8.964  -0.400 -1.20392E-03 -9.81687E-05 -2.32496E+01
    9921.938     -8.822  -0.350 -1.22357E-03 -9.15166E-05 -2.00391E+01
    9922.061     -8.698  -0.300 -1.23968E-03 -8.50989E-05 -1.68227E+01
    9922.166     -8.593  -0.250 -1.25268E-03 -7.92671E-05 -1.39234E+01
    9922.252     -8.507  -0.200 -1.26278E-03 -7.43576E-05 -1.15301E+01
    9922.319     -8.441  -0.150 -1.25833E-03 -5.85400E-05 -9.69800E+00
    9922.366     -8.393  -0.100 -1.21193E-03 -6.71060E-06 -8.82265E+00
    9922.395     -8.364  -0.050 -1.16554E-03  4.51189E-05 -7.95015E+00
    9922.404     -8.355   0.000 -1.11950E-03  9.65805E-05 -7.08239E+00
    9922.414     -8.345   0.050 -9.81170E-04  9.90624E-05 -6.26480E+00
    9922.442     -8.317   0.100 -8.42884E-04  1.01544E-04 -5.45431E+00
    9922.490     -8.269   0.150 -7.04923E-04  1.04026E-04 -4.65244E+00
    9922.557     -8.202   0.200 -4.23625E-04  1.08527E-04 -3.03447E+00
    9922.642     -8.117   0.250 -6.36543E-05  1.14187E-04 -1.00298E+00
    9922.747     -8.012   0.300  3.62581E-04  1.20892E-04  1.34503E+00
    9922.871     -7.888   0.350  8.28609E-04  1.28364E-04  3.83776E+00
    9923.014     -7.745   0.400  1.30420E-03  1.36306E-04  6.29265E+00
    9923.176     -7.583   0.450  1.75234E-03  1.44444E-04  8.50269E+00
    9923.357     -7.402   0.500  2.12657E-03  1.52498E-04  1.02323E+01
    9923.557     -7.202   0.550  2.38356E-03  1.60316E-04  1.12846E+01
    9923.776     -6.983   0.600  2.48681E-03  1.67813E-04  1.15171E+01
    9924.014     -6.745   0.650  2.41362E-03  1.74967E-04  1.08735E+01
    9924.271     -6.488   0.700  2.16333E-03  1.81782E-04  9.41027E+00
    9924.547     -6.212   0.750  1.75875E-03  1.88283E-04  7.29215E+00
    9924.843     -5.916   0.800  1.24559E-03  1.94501E-04  4.77331E+00
    9925.157     -5.602   0.850  6.86803E-04  2.00435E-04  2.16136E+00
    9925.490     -5.269   0.900  1.51819E-04  2.06107E-04 -2.36232E-01
    9925.843     -4.916   0.950 -2.96162E-04  2.11498E-04 -2.16516E+00
    9926.214     -4.545   1.000 -6.08419E-04  2.16608E-04 -3.45265E+00
    9926.605     -4.154   1.050 -7.60911E-04  2.21418E-04 -4.03877E+00
    9927.014     -3.745   1.100 -7.58430E-04  2.25910E-04 -3.98160E+00
    9927.443     -3.316   1.150 -6.24777E-04  2.30060E-04 -3.40694E+00
    9927.891     -2.868   1.200 -4.01206E-04  2.33855E-04 -2.49783E+00
    9928.357     -2.402   1.250 -1.37111E-04  2.37272E-04 -1.45567E+00
    9928.843     -1.916   1.300  1.20924E-04  2.40299E-04 -4.59623E-01
    9929.348     -1.411   1.350  3.35522E-04  2.42926E-04  3.53655E-01
    9929.872     -0.887   1.400  4.83266E-04  2.45145E-04  9.03742E-01
    9930.415     -0.344   1.450  5.56282E-04  2.46960E-04  1.16863E+00
    9930.977      0.218   1.500  5.60492E-04  2.48365E-04  1.17592E+00
    9931.558      0.799   1.550  5.11951E-04  2.49371E-04  9.88124E-01
    9932.158      1.399   1.600  4.32019E-04  2.49992E-04  6.85334E-01
    9932.777      2.018   1.650  3.42653E-04  2.50234E-04  3.48686E-01
    9933.415      2.656   1.700  2.62306E-04  2.50132E-04  4.60934E-02
    9934.072      3.313   1.750  2.03552E-04  2.49696E-04 -1.75593E-01
    9934.749      3.989   1.800  1.71924E-04  2.48950E-04 -2.94963E-01
    9935.444      4.685   1.850  1.66553E-04  2.47914E-04 -3.13918E-01
    9936.158      5.399   1.900  1.81682E-04  2.46607E-04 -2.52679E-01
    9936.892      6.133   1.950  2.08839E-04  2.45046E-04 -1.42283E-01
    9937.644      6.885   2.000  2.39080E-04  2.43168E-04 -1.62444E-02
    9938.416      7.657   2.050  2.64826E-04  2.40933E-04  9.62190E-02
    9939.206      8.447   2.100  2.81147E-04  2.38363E-04  1.74860E-01
    9940.016      9.257   2.150  2.86808E-04  2.36150E-04  2.10251E-01
    9940.845     10.085   2.200  2.83674E-04  2.34699E-04  2.06099E-01
    9941.692     10.933   2.250  2.74618E-04  2.33823E-04  1.73592E-01
    9942.559     11.800   2.300  2.62952E-04  2.33342E-04  1.27067E-01
    9943.445     12.686   2.350  2.51679E-04  2.33157E-04  7.99851E-02
    9944.350     13.591   2.400  2.42919E-04  2.33210E-04  4.21207E-02
    9945.274     14.515   2.450  2.37646E-04  2.33487E-04  1.80950E-02
    9946.217     15.458   2.500  2.35819E-04  2.34006E-04  7.89469E-03
    9947.179     16.420   2.550  2.36472E-04  2.34697E-04  7.73109E-03
    9948.160     17.401   2.600  2.38071E-04  2.35491E-04  1.12262E-02
    9949.160     18.401   2.650  2.39140E-04  2.36295E-04  1.23776E-02
    9950.179     19.420   2.700  2.38087E-04  2.36125E-04  8.54760E-03
    9951.217     20.458   2.750  2.35792E-04  2.35375E-04  1.81797E-03
    9952.275     21.515   2.800  2.32912E-04  2.34293E-04 -6.05769E-03
    9953.351     22.592   2.850  2.29891E-04  2.33039E-04 -1.38842E-02
    9954.446     23.687   2.900  2.27000E-04  2.31700E-04 -2.08469E-02
    9955.561     24.802   2.950  2.24383E-04  2.30321E-04 -2.64889E-02
    9956.694     25.935   3.000  2.22100E-04  2.28951E-04 -3.07323E-02
    9957.847     27.088   3.050  2.20122E-04  2.27613E-04 -3.37747E-02
    9959.018     28.259   3.100  2.18408E-04  2.26360E-04 -3.60182E-02
    9960.209     29.450   3.150  2.16862E-04  2.25199E-04 -3.79167E-02
    9961.418     30.659   3.200  2.15369E-04  2.24089E-04 -3.98011E-02
    9962.647     31.888   3.250  2.13963E-04  2.23064E-04 -4.16729E-02
    9963.895     33.136   3.300  2.12726E-04  2.22124E-04 -4.31497E-02
    9965.162     34.403   3.350  2.11799E-04  2.21262E-04 -4.35560E-02
    9966.448     35.689   3.400  2.11350E-04  2.20491E-04 -4.21585E-02
    9967.753     36.993   3.450  2.11485E-04  2.19808E-04 -3.84537E-02
    9969.077     38.317   3.500  2.12218E-04  2.19216E-04 -3.23695E-02
    9970.420     39.660   3.550  2.13455E-04  2.18710E-04 -2.43290E-02
    9971.782     41.023   3.600  2.15017E-04  2.18297E-04 -1.51909E-02
    9973.163     42.404   3.650  2.16667E-04  2.17971E-04 -6.04466E-03
    9974.563     43.804   3.700  2.18168E-04  2.17729E-04  2.03464E-03
    9975.982     45.223   3.750  2.19344E-04  2.17569E-04  8.21948E-03
    9977.420     46.661   3.800  2.20102E-04  2.17491E-04  1.20775E-02
    9978.878     48.119   3.850  2.20438E-04  2.17488E-04  1.36321E-02
    9980.354     49.595   3.900  2.20433E-04  2.17553E-04  1.32885E-02
    9981.850     51.090   3.950  2.20230E-04  2.17688E-04  1.17134E-02
    9983.364     52.605   4.000  2.19982E-04  2.17884E-04  9.64686E-03
    9984.898     54.138   4.050  2.19832E-04  2.18141E-04  7.75747E-03
    9986.450     55.691   4.100  2.19867E-04  2.18445E-04  6.51027E-03
    9988.022     57.263   4.150  2.20137E-04  2.18797E-04  6.12359E-03
    9989.612     58.853   4.200  2.20632E-04  2.19188E-04  6.57926E-03
    9991.222     60.463   4.250  2.21304E-04  2.19616E-04  7.67350E-03
    9992.851     62.092   4.300  2.22078E-04  2.20067E-04  9.11176E-03
    9994.499     63.740   4.350  2.22882E-04  2.20543E-04  1.05689E-02
    9996.166     65.406   4.400  2.23648E-04  2.21031E-04  1.17908E-02
    9997.851     67.092   4.450  2.24330E-04  2.21528E-04  1.25939E-02
    9999.556     68.797   4.500  2.24910E-04  2.22031E-04  1.29001E-02
   10001.280     70.521   4.550  2.25370E-04  2.22528E-04  1.27028E-02
   10003.024     72.264   4.600  2.25721E-04  2.23018E-04  1.20449E-02
   10004.786     74.027   4.650  2.25963E-04  2.23492E-04  1.09859E-02
   10006.567     75.808   4.700  2.26112E-04  2.23948E-04  9.59330E-03
   10008.367     77.608   4.750  2.26175E-04  2.24382E-04  7.92914E-03
   10010.186     79.427   4.800  2.26157E-04  2.24785E-04  6.05616E-03
   10012.025     81.266   4.850  2.26074E-04  2.25156E-04  4.04389E-03
   10013.882     83.123   4.900  2.25935E-04  2.25487E-04  1.96718E-03
   10015.758     84.999   4.950  2.25765E-04  2.25786E-04 -9.13444E-05
   10017.654     86.895   5.000  2.25575E-04  2.26043E-04 -2.05157E-03
   10019.568     88.809   5.050  2.25376E-04  2.26254E-04 -3.84077E-03
   10021.502     90.743   5.100  2.25191E-04  2.26427E-04 -5.39932E-03
   10023.455     92.695   5.150  2.25016E-04  2.26548E-04 -6.68256E-03
   10025.426     94.667   5.200  2.24872E-04  2.26628E-04 -7.65860E-03
   10027.417     96.658   5.250  2.24762E-04  2.26669E-04 -8.30626E-03
   10029.427     98.668   5.300  2.24681E-04  2.26659E-04 -8.61401E-03
   10031.456    100.696   5.350  2.24636E-04  2.26608E-04 -8.58671E-03
   10033.503    102.744   5.400  2.24626E-04  2.26521E-04 -8.24914E-03
   10035.570    104.811   5.450  2.24634E-04  2.26392E-04 -7.65307E-03
   10037.656    106.897   5.500  2.24656E-04  2.26235E-04 -6.87806E-03
   10039.761    109.002   5.550  2.24654E-04  2.26037E-04 -6.02467E-03
   10041.885    111.126   5.600  2.24622E-04  2.25815E-04 -5.20264E-03
   10044.028    113.269   5.650  2.24535E-04  2.25569E-04 -4.51068E-03
   10046.191    115.432   5.700  2.24377E-04  2.25297E-04 -4.01596E-03
   10048.372    117.613   5.750  2.24151E-04  2.25007E-04 -3.74040E-03
   10050.572    119.813   5.800  2.23867E-04  2.24702E-04 -3.65487E-03
   10052.791    122.032   5.850  2.23542E-04  2.24383E-04 -3.68325E-03
   10055.030    124.271   5.900  2.23214E-04  2.24061E-04 -3.71803E-03
   10057.287    126.528   5.950  2.22902E-04  2.23731E-04 -3.64040E-03
   10059.564    128.805   6.000  2.22641E-04  2.23401E-04 -3.34109E-03
   10061.859    131.100   6.050  2.22450E-04  2.23072E-04 -2.73887E-03
   10064.174    133.415   6.100  2.22343E-04  2.22750E-04 -1.79449E-03
   10066.507    135.748   6.150  2.22316E-04  2.22433E-04 -5.14032E-04
   10068.860    138.101   6.200  2.22367E-04  2.22129E-04  1.05044E-03
   10071.232    140.473   6.250  2.22470E-04  2.21836E-04  2.80504E-03
   10073.623    142.863   6.300  2.22599E-04  2.21557E-04  4.62354E-03
   10076.032    145.273   6.350  2.22720E-04  2.21288E-04  6.35831E-03
   10078.461    147.702   6.400  2.22805E-04  2.21039E-04  7.85483E-03
   10080.909    150.150   6.450  2.22829E-04  2.20814E-04  8.96933E-03
   10083.376    152.617   6.500  2.22753E-04  2.20603E-04  9.58650E-03
   10085.862    155.103   6.550  2.22566E-04  2.20407E-04  9.63695E-03
   10088.367    157.608   6.600  2.22275E-04  2.20236E-04  9.10945E-03
   10090.891    160.132   6.650  2.21883E-04  2.20082E-04  8.05655E-03
   10093.434    162.675   6.700  2.21416E-04  2.19945E-04  6.58703E-03
   10095.997    165.238   6.750  2.20913E-04  2.19830E-04  4.85301E-03
   10098.578    167.819   6.800  2.20403E-04  2.19728E-04  3.02594E-03
   10101.178    170.419   6.850  2.19923E-04  2.19639E-04  1.27123E-03
   10103.798    173.038   6.900  2.19506E-04  2.19567E-04 -2.76012E-04
   10106.436    175.677   6.950  2.19166E-04  2.19506E-04 -1.52604E-03
   10109.093    178.334   7.000  2.18919E-04  2.19462E-04 -2.44253E-03
   10111.770    181.011   7.050  2.18748E-04  2.19422E-04 -3.03629E-03
   10114.466    183.706   7.100  2.18650E-04  2.19395E-04 -3.35419E-03
   10117.180    186.421   7.150  2.18603E-04  2.19371E-04 -3.46166E-03
   10119.914    189.155   7.200  2.18589E-04  2.19349E-04 -3.42556E-03
   10122.667    191.907   7.250  2.18595E-04  2.19327E-04 -3.30232E-03
   10125.438    194.679   7.300  2.18616E-04  2.19309E-04 -3.13076E-03
   10128.229    197.470   7.350  2.18638E-04  2.19287E-04 -2.93243E-03
   10131.039    200.280   7.400  2.18660E-04  2.19261E-04 -2.71573E-03
   10133.868    203.109   7.450  2.18678E-04  2.19228E-04 -2.48298E-03
   10136.716    205.957   7.500  2.18696E-04  2.19190E-04 -2.23673E-03
   10139.583    208.824   7.550  2.18706E-04  2.19144E-04 -1.98320E-03
   10142.469    211.710   7.600  2.18700E-04  2.19082E-04 -1.73294E-03
   10145.374    214.615   7.650  2.18681E-04  2.19012E-04 -1.49859E-03
   10148.298    217.539   7.700  2.18643E-04  2.18928E-04 -1.28940E-03
   10151.241    220.482   7.750  2.18586E-04  2.18830E-04 -1.10967E-03
   10154.204    223.445   7.800  2.18506E-04  2.18716E-04 -9.55319E-04
   10157.185    226.426   7.850  2.18410E-04  2.18589E-04 -8.12724E-04
   10160.185    229.426   7.900  2.18297E-04  2.18444E-04 -6.64777E-04
   10163.205    232.446   7.950  2.18179E-04  2.18287E-04 -4.93604E-04
   10166.243    235.484   8.000  2.18054E-04  2.18116E-04 -2.86014E-04
   10169.301    238.542   8.050  2.17915E-04  2.17924E-04 -3.87911E-05
   10172.377    241.618   8.100  2.17777E-04  2.17724E-04  2.39337E-04
   10175.473    244.714   8.150  2.17623E-04  2.17507E-04  5.27953E-04
   10178.588    247.828   8.200  2.17453E-04  2.17279E-04  7.99357E-04
   10181.721    250.962   8.250  2.17258E-04  2.17034E-04  1.02264E-03
   10184.874    254.115   8.300  2.17036E-04  2.16780E-04  1.17248E-03
   10188.046    257.287   8.350  2.16790E-04  2.16521E-04  1.23472E-03
   10191.237    260.478   8.400  2.16518E-04  2.16254E-04  1.21070E-03
   10194.447    263.688   8.450  2.16220E-04  2.15977E-04  1.11814E-03
   10197.676    266.917   8.500  2.15908E-04  2.15694E-04  9.87966E-04
   10200.924    270.165   8.550  2.15594E-04  2.15408E-04  8.58011E-04
   10204.191    273.432   8.600  2.15285E-04  2.15119E-04  7.64657E-04
   10207.477    276.718   8.650  2.14985E-04  2.14826E-04  7.34318E-04
   10210.782    280.023   8.700  2.14705E-04  2.14537E-04  7.77102E-04
   10214.106    283.347   8.750  2.14441E-04  2.14250E-04  8.84509E-04
   10217.449    286.690   8.800  2.14185E-04  2.13964E-04  1.02823E-03
   10220.812    290.053   8.850  2.13932E-04  2.13680E-04  1.16949E-03
   10224.193    293.434   8.900  2.13676E-04  2.13404E-04  1.26550E-03
   10227.594    296.834   8.950  2.13410E-04  2.13136E-04  1.27658E-03
   10231.013    300.254   9.000  2.13124E-04  2.12872E-04  1.17790E-03
   10234.451    303.692   9.050  2.12821E-04  2.12615E-04  9.61866E-04
   10237.909    307.150   9.100  2.12504E-04  2.12368E-04  6.39742E-04
   10241.386    310.627   9.150  2.12175E-04  2.12124E-04  2.38711E-04
   10244.881    314.122   9.200  2.11853E-04  2.11896E-04 -2.03814E-04
   10248.396    317.637   9.250  2.11535E-04  2.11673E-04 -6.47691E-04
   10251.930    321.171   9.300  2.11239E-04  2.11464E-04 -1.05662E-03
   10255.483    324.723   9.350  2.10962E-04  2.11259E-04 -1.40289E-03
   10259.054    328.295   9.400  2.10711E-04  2.11065E-04 -1.66943E-03
   10262.645    331.886   9.450  2.10487E-04  2.10878E-04 -1.84894E-03
   10266.255    335.496   9.500  2.10290E-04  2.10700E-04 -1.94098E-03
   10269.884    339.125   9.550  2.10120E-04  2.10531E-04 -1.94837E-03
   10273.532    342.773   9.600  2.09971E-04  2.10366E-04 -1.87406E-03
   10277.200    346.440   9.650  2.09849E-04  2.10211E-04 -1.71987E-03
   10280.886    350.127   9.700  2.09748E-04  2.10060E-04 -1.48725E-03
   10284.591    353.832   9.750  2.09666E-04  2.09913E-04 -1.17991E-03
   10288.315    357.556   9.800  2.09598E-04  2.09767E-04 -8.07122E-04
   10292.058    361.299   9.850  2.09546E-04  2.09627E-04 -3.86564E-04
   10295.821    365.062   9.900  2.09500E-04  2.09488E-04  5.48326E-05
   10299.602    368.843   9.950  2.09443E-04  2.09342E-04  4.82569E-04
   10303.403    372.644  10.000  2.09382E-04  2.09203E-04  8.59058E-04
   10307.222    376.463  10.050  2.09301E-04  2.09061E-04  1.14983E-03
   10311.061    380.302  10.100  2.09193E-04  2.08915E-04  1.32994E-03
   10314.918    384.159  10.150  2.09055E-04  2.08765E-04  1.38942E-03
   10318.795    388.036  10.200  2.08886E-04  2.08608E-04  1.33535E-03
   10322.691    391.932  10.250  2.08697E-04  2.08449E-04  1.19092E-03
   10326.605    395.846  10.300  2.08494E-04  2.08288E-04  9.90737E-04
   10330.539    399.780  10.350  2.08280E-04  2.08119E-04  7.73858E-04
   10334.492    403.733  10.400  2.08061E-04  2.07941E-04  5.76095E-04
   10338.464    407.705  10.450  2.07843E-04  2.07755E-04  4.23362E-04
   10342.455    411.696  10.500  2.07634E-04  2.07566E-04  3.27490E-04
   10346.465    415.706  10.550  2.07433E-04  2.07374E-04  2.85555E-04
   10350.494    419.735  10.600  2.07226E-04  2.07168E-04  2.82295E-04
   10354.542    423.783  10.650  2.07020E-04  2.06959E-04  2.95208E-04
   10358.609    427.850  10.700  2.06810E-04  2.06747E-04  3.00623E-04
   10362.696    431.936  10.750  2.06586E-04  2.06528E-04  2.79339E-04
   10366.801    436.042  10.800  2.06347E-04  2.06301E-04  2.20859E-04
   10370.925    440.166  10.850  2.06096E-04  2.06070E-04  1.24909E-04
   10375.068    444.309  10.900  2.05840E-04  2.05840E-04  4.39959E-07
   10379.231    448.472  10.950  2.05573E-04  2.05601E-04 -1.36980E-04
   10383.412    452.653  11.000  2.05300E-04  2.05355E-04 -2.69380E-04
   10387.613    456.854  11.050  2.05036E-04  2.05114E-04 -3.80441E-04
   10391.832    461.073  11.100  2.04772E-04  2.04866E-04 -4.58611E-04
   10396.071    465.312  11.150  2.04515E-04  2.04618E-04 -4.98948E-04
   10400.329    469.570  11.200  2.04266E-04  2.04368E-04 -5.03180E-04
   10404.605    473.846  11.250  2.04020E-04  2.04118E-04 -4.78536E-04
   10408.901    478.142  11.300  2.03779E-04  2.03868E-04 -4.35496E-04
   10413.216    482.457  11.350  2.03540E-04  2.03619E-04 -3.85406E-04
   10417.550    486.791  11.400  2.03301E-04  2.03370E-04 -3.38269E-04
   10421.903    491.144  11.450  2.03062E-04  2.03124E-04 -3.01311E-04
   10426.275    495.516  11.500  2.02820E-04  2.02877E-04 -2.78268E-04
   10430.666    499.907  11.550  2.02582E-04  2.02636E-04 -2.69314E-04
   10435.076    504.317  11.600  2.02342E-04  2.02398E-04 -2.71885E-04
   10439.505    508.746  11.650  2.02102E-04  2.02159E-04 -2.81336E-04
   10443.953    513.194  11.700  2.01864E-04  2.01924E-04 -2.91942E-04
   10448.420    517.661  11.750  2.01634E-04  2.01694E-04 -2.97658E-04
   10452.906    522.147  11.800  2.01407E-04  2.01466E-04 -2.92769E-04
   10457.412    526.653  11.850  2.01191E-04  2.01246E-04 -2.72446E-04
   10461.936    531.177  11.900  2.00980E-04  2.01027E-04 -2.33170E-04
   10466.480    535.720  11.950  2.00774E-04  2.00809E-04 -1.73120E-04
   10471.042    540.283  12.000  2.00574E-04  2.00593E-04 -9.25567E-05
   10475.623    544.864  12.050  2.00383E-04  2.00382E-04  6.04419E-06
   10480.224    549.465  12.100  2.00196E-04  2.00172E-04  1.17935E-04
   10484.844    554.085  12.150  2.00013E-04  1.99966E-04  2.36387E-04
   10489.482    558.723  12.200  1.99829E-04  1.99759E-04  3.53249E-04
   10494.140    563.381  12.250  1.99650E-04  1.99558E-04  4.59777E-04
   10498.817    568.058  12.300  1.99460E-04  1.99351E-04  5.47438E-04
   10503.513    572.753  12.350  1.99272E-04  1.99151E-04  6.08884E-04
   10508.227    577.468  12.400  1.99077E-04  1.98949E-04  6.38704E-04
   10512.961    582.202  12.450  1.98870E-04  1.98744E-04  6.33920E-04
   10517.714    586.955  12.500  1.98660E-04  1.98542E-04  5.94332E-04
   10522.486    591.727  12.550  1.98437E-04  1.98333E-04  5.22414E-04
   10527.277    596.518  12.600  1.98208E-04  1.98124E-04  4.23228E-04
   10532.087    601.328  12.650  1.97975E-04  1.97915E-04  3.03890E-04
   10536.917    606.157  12.700  1.97734E-04  1.97700E-04  1.72959E-04
   10541.765    611.006  12.750  1.97496E-04  1.97488E-04  3.97349E-05
   10546.632    615.873  12.800  1.97249E-04  1.97267E-04 -8.66501E-05
   10551.518    620.759  12.850  1.97002E-04  1.97041E-04 -1.98023E-04
   10556.424    625.665  12.900  1.96756E-04  1.96813E-04 -2.88070E-04
   10561.348    630.589  12.950  1.96514E-04  1.96583E-04 -3.52905E-04
   10566.292    635.532  13.000  1.96274E-04  1.96351E-04 -3.91440E-04
   10571.254    640.495  13.050  1.96032E-04  1.96112E-04 -4.05293E-04
   10576.236    645.477  13.100  1.95787E-04  1.95865E-04 -3.98287E-04
   10581.236    650.477  13.150  1.95548E-04  1.95622E-04 -3.75643E-04
   10586.256    655.497  13.200  1.95305E-04  1.95372E-04 -3.42984E-04
   10591.295    660.535  13.250  1.95055E-04  1.95115E-04 -3.05270E-04
   10596.352    665.593  13.300  1.94804E-04  1.94856E-04 -2.65958E-04
   10601.429    670.670  13.350  1.94553E-04  1.94597E-04 -2.26647E-04
   10606.525    675.766  13.400  1.94300E-04  1.94337E-04 -1.87160E-04
   10611.640    680.881  13.450  1.94041E-04  1.94069E-04 -1.46085E-04
   10616.774    686.015  13.500  1.93781E-04  1.93801E-04 -1.01602E-04
   10621.927    691.168  13.550  1.93527E-04  1.93537E-04 -5.24004E-05
   10627.099    696.340  13.600  1.93262E-04  1.93262E-04  1.43426E-06
   10632.290    701.531  13.650  1.93004E-04  1.92993E-04  5.81039E-05
   10637.500    706.741  13.700  1.92745E-04  1.92723E-04  1.14113E-04
   10642.729    711.970  13.750  1.92484E-04  1.92452E-04  1.64832E-04
   10647.978    717.219  13.800  1.92222E-04  1.92182E-04  2.05459E-04
   10653.245    722.486  13.850  1.91957E-04  1.91913E-04  2.32020E-04
   10658.531    727.772  13.900  1.91690E-04  1.91644E-04  2.42325E-04
   10663.837    733.078  13.950  1.91420E-04  1.91375E-04  2.36573E-04
   10669.161    738.402  14.000  1.91150E-04  1.91108E-04  2.17374E-04
   10674.505    743.746  14.050  1.90882E-04  1.90846E-04  1.89313E-04
   10679.867    749.108  14.100  1.90610E-04  1.90580E-04  1.58010E-04
   10685.249    754.490  14.150  1.90345E-04  1.90320E-04  1.28976E-04
   10690.649    759.890  14.200  1.90082E-04  1.90061E-04  1.06487E-04
   10696.069    765.310  14.250  1.89822E-04  1.89805E-04  9.26493E-05
   10701.508    770.749  14.300  1.89569E-04  1.89553E-04  8.70654E-05
   10706.966    776.207  14.350  1.89319E-04  1.89302E-04  8.70017E-05
   10712.443    781.683  14.400  1.89064E-04  1.89048E-04  8.79637E-05
   10717.938    787.179  14.450  1.88820E-04  1.88804E-04  8.48618E-05
   10723.453    792.694  14.500  1.88571E-04  1.88557E-04  7.30189E-05
   10728.987    798.228  14.550  1.88319E-04  1.88310E-04  4.94468E-05
   10734.540    803.781  14.600  1.88071E-04  1.88069E-04  1.33522E-05
   10740.113    809.353  14.650  1.87821E-04  1.87827E-04 -3.34692E-05
   10745.704    814.945  14.700  1.87565E-04  1.87581E-04 -8.69680E-05
   10751.314    820.555  14.750  1.87315E-04  1.87341E-04 -1.41576E-04
   10756.943    826.184  14.800  1.87066E-04  1.87102E-04 -1.91196E-04
   10762.591    831.832  14.850  1.86819E-04  1.86863E-04 -2.30273E-04
   10768.259    837.500  14.900  1.86575E-04  1.86623E-04 -2.54766E-04
   10773.945    843.186  14.950  1.86326E-04  1.86376E-04 -2.62688E-04
   10779.651    848.892  15.000  1.86087E-04  1.86135E-04 -2.54351E-04
   10785.375    854.616  15.050  1.85850E-04  1.85893E-04 -2.32034E-04
   10791.119    860.360  15.100  1.85609E-04  1.85646E-04 -1.99437E-04
   10796.881    866.122  15.150  1.85368E-04  1.85398E-04 -1.60844E-04
   10802.663    871.904  15.200  1.85126E-04  1.85148E-04 -1.20310E-04
   10808.464    877.705  15.250  1.84882E-04  1.84897E-04 -8.10647E-05
   10814.283    883.524  15.300  1.84637E-04  1.84646E-04 -4.50386E-05
   10820.122    889.363  15.350  1.84385E-04  1.84388E-04 -1.29041E-05
   10825.980    895.221  15.400  1.84131E-04  1.84128E-04  1.57037E-05
   10831.857    901.098  15.450  1.83877E-04  1.83869E-04  4.16761E-05
   10837.753    906.994  15.500  1.83619E-04  1.83607E-04  6.59789E-05
   10843.668    912.909  15.550  1.83356E-04  1.83340E-04  8.91387E-05
   10849.602    918.843  15.600  1.83092E-04  1.83071E-04  1.11025E-04
   10855.555    924.796  15.650  1.82824E-04  1.82800E-04  1.30863E-04
   10861.527    930.768  15.700  1.82556E-04  1.82529E-04  1.47436E-04
   10867.518    936.759  15.750  1.82280E-04  1.82251E-04  1.59523E-04
   10873.529    942.770  15.800  1.82004E-04  1.81974E-04  1.66276E-04
   10879.558    948.799  15.850  1.81732E-04  1.81701E-04  1.67564E-04
   10885.606    954.847  15.900  1.81452E-04  1.81422E-04  1.64062E-04
   10891.674    960.915  15.950  1.81169E-04  1.81140E-04  1.57084E-04
   10897.760    967.001  16.000  1.80881E-04  1.80854E-04  1.48228E-04
   10903.866    973.107  16.050  1.80599E-04  1.80574E-04  1.38848E-04
   10909.990    979.231  16.100  1.80317E-04  1.80294E-04  1.29596E-04
   10916.134    985.375  16.150  1.80028E-04  1.80007E-04  1.20101E-04
   10922.296    991.537  16.200  1.79746E-04  1.79726E-04  1.08998E-04
   10928.478    997.719  16.250  1.79463E-04  1.79446E-04  9.41796E-05
   10934.679   1003.920  16.300  1.79177E-04  1.79164E-04  7.34466E-05
   10940.899   1010.140  16.350  1.78886E-04  1.78878E-04  4.51811E-05
   10947.138   1016.378  16.400  1.78600E-04  1.78598E-04  9.01514E-06
   10953.395   1022.636  16.450  1.78313E-04  1.78319E-04 -3.37434E-05
   10959.672   1028.913  16.500  1.78028E-04  1.78042E-04 -8.01153E-05
   10965.968   1035.209  16.550  1.77747E-04  1.77769E-04 -1.25821E-04
   10972.283   1041.524  16.600  1.77461E-04  1.77491E-04 -1.66067E-04
   10978.618   1047.858  16.650  1.77185E-04  1.77220E-04 -1.96497E-04
   10984.971   1054.212  16.700  1.76906E-04  1.76944E-04 -2.14139E-04
   10991.343   1060.584  16.750  1.76634E-04  1.76672E-04 -2.18008E-04
   10997.734   1066.975  16.800  1.76367E-04  1.76404E-04 -2.09352E-04
   11004.144   1073.385  16.850  1.76102E-04  1.76136E-04 -1.91291E-04
   11010.574   1079.815  16.900  1.75837E-04  1.75866E-04 -1.68087E-04
   11017.022   1086.263  16.950  1.75572E-04  1.75598E-04 -1.44097E-04
   11023.490   1092.731  17.000  1.75315E-04  1.75336E-04 -1.22728E-04
   11029.976   1099.217  17.050  1.75050E-04  1.75068E-04 -1.05637E-04
   11036.482   1105.723  17.100  1.74791E-04  1.74807E-04 -9.23981E-05
   11043.006   1112.247  17.150  1.74526E-04  1.74540E-04 -8.06663E-05
   11049.550   1118.791  17.200  1.74267E-04  1.74279E-04 -6.68952E-05
   11056.113   1125.354  17.250  1.74003E-04  1.74011E-04 -4.73192E-05
   11062.694   1131.935  17.300  1.73747E-04  1.73750E-04 -1.90130E-05
   11069.295   1138.536  17.350  1.73491E-04  1.73488E-04  1.91738E-05
   11075.915   1145.156  17.400  1.73233E-04  1.73221E-04  6.61621E-05
   11082.554   1151.795  17.450  1.72973E-04  1.72953E-04  1.18666E-04
   11089.212   1158.453  17.500  1.72714E-04  1.72684E-04  1.71690E-04
   11095.889   1165.130  17.550  1.72458E-04  1.72420E-04  2.19385E-04
   11102.585   1171.826  17.600  1.72195E-04  1.72151E-04  2.56121E-04
   11109.300   1178.541  17.650  1.71929E-04  1.71881E-04  2.77434E-04
   11116.034   1185.275  17.700  1.71654E-04  1.71606E-04  2.80707E-04
   11122.787   1192.028  17.750  1.71379E-04  1.71333E-04  2.65536E-04
   11129.560   1198.801  17.800  1.71095E-04  1.71055E-04  2.33643E-04
   11136.351   1205.592  17.850  1.70816E-04  1.70783E-04  1.88455E-04
   11143.161   1212.402  17.900  1.70528E-04  1.70505E-04  1.34438E-04
   11149.991   1219.232  17.950  1.70236E-04  1.70223E-04  7.64422E-05
   11156.839   1226.080  18.000  1.69940E-04  1.69937E-04  1.90160E-05
   11163.707   1232.948  18.050  1.69651E-04  1.69656E-04 -3.40275E-05
   11170.593   1239.834  18.100  1.69355E-04  1.69369E-04 -7.98838E-05
   11177.499   1246.740  18.150  1.69066E-04  1.69085E-04 -1.16803E-04
   11184.423   1253.664  18.200  1.68772E-04  1.68796E-04 -1.43978E-04
   11191.367   1260.608  18.250  1.68482E-04  1.68509E-04 -1.61378E-04
   11198.330   1267.571  18.300  1.68190E-04  1.68218E-04 -1.69555E-04
   11205.312   1274.553  18.350  1.67900E-04  1.67928E-04 -1.69447E-04
   11212.312   1281.553  18.400  1.67611E-04  1.67639E-04 -1.62334E-04
   11219.332   1288.573  18.450  1.67324E-04  1.67349E-04 -1.49688E-04
   11226.371   1295.612  18.500  1.67037E-04  1.67059E-04 -1.33178E-04
   11233.429   1302.670  18.550  1.66745E-04  1.66764E-04 -1.14562E-04
   11240.506   1309.747  18.600  1.66458E-04  1.66474E-04 -9.55624E-05
   11247.602   1316.843  18.650  1.66172E-04  1.66185E-04 -7.77118E-05
   11254.718   1323.959  18.700  1.65883E-04  1.65893E-04 -6.21090E-05
   11261.852   1331.093  18.750  1.65597E-04  1.65605E-04 -4.92800E-05
   11269.005   1338.246  18.800  1.65310E-04  1.65317E-04 -3.90599E-05
   11276.177   1345.418  18.850  1.65022E-04  1.65028E-04 -3.06295E-05
   11283.369   1352.610  18.900  1.64735E-04  1.64739E-04 -2.26694E-05
   11290.579   1359.820  18.950  1.64453E-04  1.64456E-04 -1.36666E-05
   11297.809   1367.049  19.000  1.64169E-04  1.64169E-04 -2.28749E-06
   11305.057   1374.298  19.050  1.63889E-04  1.63887E-04  1.22590E-05
   11312.325   1381.565  19.100  1.63606E-04  1.63601E-04  2.99539E-05
   11319.611   1388.852  19.150  1.63330E-04  1.63322E-04  4.98592E-05
   11326.917   1396.158  19.200  1.63054E-04  1.63042E-04  7.02415E-05
   11334.242   1403.482  19.250  1.62778E-04  1.62763E-04  8.88871E-05
   11341.585   1410.826  19.300  1.62501E-04  1.62484E-04  1.03538E-04
   11348.948   1418.189  19.350  1.62224E-04  1.62205E-04  1.12384E-04
   11356.330   1425.571  19.400  1.61945E-04  1.61927E-04  1.14467E-04
   11363.731   1432.972  19.450  1.61665E-04  1.61648E-04  1.09885E-04
   11371.151   1440.392  19.500  1.61385E-04  1.61369E-04  9.97935E-05
   11378.590   1447.831  19.550  1.61107E-04  1.61093E-04  8.61676E-05
   11386.048   1455.289  19.600  1.60833E-04  1.60822E-04  7.13359E-05
   11393.525   1462.766  19.650  1.60553E-04  1.60544E-04  5.75090E-05
   11401.021   1470.262  19.700  1.60276E-04  1.60268E-04  4.62629E-05
   11408.536   1477.777  19.750  1.60004E-04  1.59998E-04  3.82420E-05
   11416.070   1485.311  19.800  1.59726E-04  1.59721E-04  3.30593E-05
   11423.624   1492.865  19.850  1.59449E-04  1.59444E-04  2.94087E-05
   11431.196   1500.437  19.900  1.59173E-04  1.59169E-04  2.54183E-05
   11438.787   1508.028  19.950  1.58900E-04  1.58897E-04  1.91060E-05
