# PATH  Rmax= 9.000,  Keep_limit= 0.00, Heap_limit 0.00  Pwcrit= 2.50%
 -----------------------------------------------------------------------
  pathindex     sig2   amp ratio    deg    nlegs  r effective
        1     0.00000     0.1000E+03     1.000     2   2.0503
        2     0.00000     0.9832E+02     1.000     2   2.0637
        3     0.00000     0.7907E+02     1.000     2   2.3012
        4     0.00000     0.7903E+02     1.000     2   2.3016
        5     0.00000     0.9903E+01     1.000     2   2.8890
        6     0.00000     0.3823E+02     1.000     2   2.9596
        7     0.00000     0.3798E+02     1.000     2   2.9671
        8     0.00000     0.8822E+01     1.000     2   3.0206
        9     0.00000     0.8111E+01     1.000     2   3.1195
       10     0.00000     0.3282E+02     1.000     2   3.1297
       11     0.00000     0.3339E+02     1.000     2   3.1308
       12     0.00000     0.7915E+01     1.000     2   3.1487
       13     0.00000     0.7898E+01     1.000     2   3.1513
       14     0.00000     0.3200E+02     1.000     2   3.1600
       15     0.00000     0.5573E+02     2.000     3   3.1686
       16     0.00000     0.5343E+02     2.000     3   3.1714
       17     0.00000     0.7748E+01     1.000     2   3.1744
       18     0.00000     0.7667E+01     1.000     2   3.1872
       19     0.00000     0.3134E+02     1.000     2   3.2072
       20     0.00000     0.6324E+02     2.000     3   3.2797
       21     0.00000     0.6441E+02     2.000     3   3.3014
       22     0.00000     0.2534E+02     1.000     4   3.3701
       23     0.00000     0.2245E+02     1.000     4   3.3832
       24     0.00000     0.4062E+02     1.000     4   3.4297
       25     0.00000     0.4324E+02     1.000     4   3.4429
       26     0.00000     0.6127E+01     1.000     2   3.4691
       27     0.00000     0.5979E+01     1.000     2   3.5010
       28     0.00000     0.2409E+02     1.000     2   3.5396
       29     0.00000     0.1121E+02     2.000     3   3.5563
       30     0.00000     0.6941E+01     2.000     3   3.5789
       31     0.00000     0.2319E+02     1.000     2   3.5902
       32     0.00000     0.6846E+01     2.000     3   3.5971
       33     0.00000     0.3209E+02     2.000     3   3.6299
       34     0.00000     0.5714E+01     2.000     3   3.6576
       35     0.00000     0.5765E+01     2.000     3   3.6665
       36     0.00000     0.3167E+02     2.000     3   3.6678
       37     0.00000     0.5195E+01     1.000     2   3.6891
       38     0.00000     0.8209E+01     2.000     3   3.6995
       39     0.00000     0.2129E+02     1.000     2   3.7022
       40     0.00000     0.7352E+01     2.000     3   3.7252
       41     0.00000     0.1111E+02     2.000     4   3.7907
       42     0.00000     0.1163E+02     2.000     4   3.7985
       43     0.00000     0.1246E+02     2.000     3   3.8269
       44     0.00000     0.6560E+01     2.000     3   3.8625
       45     0.00000     0.5822E+01     2.000     3   3.9142
       46     0.00000     0.1002E+02     2.000     3   3.9293
       47     0.00000     0.6611E+01     2.000     3   3.9595
       48     0.00000     0.6856E+01     2.000     3   3.9707
       49     0.00000     0.6609E+01     2.000     3   3.9749
       50     0.00000     0.4982E+01     1.000     4   3.9818
       51     0.00000     0.1074E+02     2.000     3   3.9912
       52     0.00000     0.1355E+02     2.000     3   4.0542
       54     0.00000     0.1640E+02     1.000     2   4.0702
       56     0.00000     0.1547E+02     2.000     3   4.0786
       57     0.00000     0.1344E+02     2.000     3   4.0867
       58     0.00000     0.1190E+02     1.000     4   4.1005
       59     0.00000     0.4409E+01     2.000     3   4.1068
       60     0.00000     0.4717E+01     1.000     4   4.1143
       61     0.00000     0.2988E+01     2.000     4   4.1139
       64     0.00000     0.1486E+02     2.000     3   4.1185
       65     0.00000     0.1149E+02     1.000     4   4.1273
       66     0.00000     0.1009E+02     1.000     4   4.1285
       67     0.00000     0.1081E+02     1.000     4   4.1291
       68     0.00000     0.1529E+02     1.000     2   4.1412
       69     0.00000     0.1526E+02     1.000     2   4.1440
       70     0.00000     0.3701E+01     1.000     2   4.1766
       71     0.00000     0.1519E+02     1.000     2   4.1834
       72     0.00000     0.4094E+02     2.000     3   4.1838
       74     0.00000     0.3966E+02     2.000     3   4.1925
       75     0.00000     0.3947E+01     1.000     4   4.1982
       76     0.00000     0.3628E+01     1.000     2   4.2069
       77     0.00000     0.1343E+02     2.000     3   4.2121
       78     0.00000     0.4292E+02     2.000     3   4.2198
       79     0.00000     0.4178E+02     2.000     3   4.2221
       81     0.00000     0.3041E+02     1.000     4   4.2264
       82     0.00000     0.3843E+01     1.000     4   4.2270
       83     0.00000     0.8253E+01     2.000     4   4.2286
       84     0.00000     0.8368E+01     2.000     3   4.2340
       85     0.00000     0.1447E+02     2.000     3   4.2383
       86     0.00000     0.1432E+02     1.000     2   4.2405
       87     0.00000     0.2903E+02     1.000     4   4.2410
       88     0.00000     0.3853E+01     1.000     4   4.2433
       89     0.00000     0.4331E+01     2.000     5   4.2469
       90     0.00000     0.3857E+01     2.000     5   4.2502
       91     0.00000     0.4306E+02     2.000     3   4.2560
       92     0.00000     0.7771E+01     2.000     4   4.2599
       93     0.00000     0.1413E+02     1.000     2   4.2606
       94     0.00000     0.5711E+02     2.000     4   4.2647
       95     0.00000     0.4053E+01     1.000     4   4.2684
       96     0.00000     0.5689E+02     2.000     4   4.2683
       97     0.00000     0.3364E+02     1.000     4   4.2714
       98     0.00000     0.4285E+02     2.000     3   4.2732
      100     0.00000     0.2511E+02     1.000     4   4.2791
      101     0.00000     0.4079E+01     1.000     4   4.2803
      102     0.00000     0.1936E+02     2.000     4   4.2853
      103     0.00000     0.3358E+02     1.000     4   4.2859
      104     0.00000     0.1935E+02     2.000     4   4.2872
      105     0.00000     0.2541E+02     1.000     4   4.2869
      107     0.00000     0.4229E+02     1.000     4   4.2955
      108     0.00000     0.1536E+02     1.000     4   4.2999
      109     0.00000     0.4083E+02     1.000     4   4.3029
      110     0.00000     0.9248E+01     2.000     3   4.3158
      111     0.00000     0.6321E+01     2.000     5   4.3164
      112     0.00000     0.5715E+01     2.000     5   4.3288
      113     0.00000     0.1988E+02     2.000     4   4.3368
      114     0.00000     0.3133E+01     2.000     4   4.3514
      115     0.00000     0.2879E+01     2.000     4   4.3518
      116     0.00000     0.1933E+02     2.000     4   4.3576
      117     0.00000     0.3816E+01     2.000     4   4.3617
      119     0.00000     0.2900E+01     2.000     4   4.3652
      121     0.00000     0.3199E+01     2.000     4   4.3660
      122     0.00000     0.3061E+02     2.000     3   4.3681
      123     0.00000     0.4731E+02     2.000     4   4.3836
      124     0.00000     0.2937E+02     2.000     3   4.3932
      125     0.00000     0.2412E+02     2.000     4   4.3980
      126     0.00000     0.1127E+02     2.000     3   4.4056
      127     0.00000     0.4600E+02     2.000     4   4.4058
      128     0.00000     0.2390E+02     2.000     4   4.4092
      129     0.00000     0.4700E+02     2.000     4   4.4235
      130     0.00000     0.6003E+01     2.000     3   4.4306
      131     0.00000     0.4639E+02     2.000     4   4.4316
      132     0.00000     0.1286E+02     1.000     6   4.4484
      134     0.00000     0.1185E+02     1.000     6   4.4620
      135     0.00000     0.7515E+02     2.000     5   4.4661
      136     0.00000     0.7282E+02     2.000     5   4.4801
      137     0.00000     0.7133E+01     2.000     3   4.4824
      138     0.00000     0.3035E+01     1.000     2   4.4841
      139     0.00000     0.1247E+02     1.000     2   4.4850
      140     0.00000     0.5314E+02     2.000     5   4.4868
      141     0.00000     0.7280E+02     2.000     5   4.4884
      142     0.00000     0.6994E+02     2.000     5   4.4909
      143     0.00000     0.1289E+02     2.000     4   4.4922
      144     0.00000     0.2691E+02     1.000     4   4.4957
      145     0.00000     0.5207E+02     2.000     5   4.4990
      146     0.00000     0.5637E+01     2.000     3   4.5010
      147     0.00000     0.3219E+01     2.000     4   4.5011
      148     0.00000     0.8837E+02     2.000     5   4.5044
      149     0.00000     0.8911E+02     2.000     5   4.5073
      150     0.00000     0.2187E+02     1.000     4   4.5091
      151     0.00000     0.8342E+01     2.000     5   4.5159
      152     0.00000     0.4229E+02     2.000     4   4.5181
      153     0.00000     0.2558E+02     1.000     4   4.5258
      154     0.00000     0.7183E+02     2.000     5   4.5335
      155     0.00000     0.4172E+02     2.000     4   4.5346
      156     0.00000     0.2161E+02     1.000     4   4.5392
      157     0.00000     0.7119E+02     2.000     5   4.5472
      158     0.00000     0.4507E+02     2.000     5   4.5480
      159     0.00000     0.4539E+02     2.000     5   4.5506
      160     0.00000     0.1121E+02     2.000     3   4.5582
      161     0.00000     0.3256E+02     2.000     3   4.5644
      162     0.00000     0.2817E+01     1.000     4   4.5689
      163     0.00000     0.4033E+01     2.000     3   4.5699
      164     0.00000     0.2840E+01     1.000     4   4.5831
      165     0.00000     0.2838E+01     1.000     2   4.5917
      166     0.00000     0.9903E+01     2.000     3   4.5926
      167     0.00000     0.6969E+01     2.000     4   4.5933
      168     0.00000     0.4151E+02     2.000     5   4.5995
      169     0.00000     0.7619E+01     2.000     5   4.5990
      170     0.00000     0.5545E+01     1.000     4   4.6023
      171     0.00000     0.5539E+01     1.000     4   4.6031
      172     0.00000     0.3183E+01     2.000     4   4.6027
      173     0.00000     0.3317E+01     2.000     3   4.6042
      174     0.00000     0.2813E+01     1.000     2   4.6061
      175     0.00000     0.3983E+01     2.000     4   4.6066
      176     0.00000     0.6586E+01     2.000     4   4.6150
      177     0.00000     0.3598E+01     1.000     4   4.6177
      178     0.00000     0.2788E+01     1.000     2   4.6206
      179     0.00000     0.4023E+02     2.000     5   4.6210
      180     0.00000     0.9553E+01     2.000     3   4.6240
      181     0.00000     0.4637E+01     2.000     3   4.6319
      182     0.00000     0.1127E+02     1.000     4   4.6324
      183     0.00000     0.1156E+02     2.000     3   4.6373
      184     0.00000     0.2872E+02     1.000     4   4.6438
      185     0.00000     0.6395E+02     2.000     5   4.6457
      186     0.00000     0.3275E+01     1.000     4   4.6468
      188     0.00000     0.7066E+02     2.000     5   4.6591
      189     0.00000     0.6166E+02     2.000     5   4.6672
      190     0.00000     0.3075E+01     2.000     3   4.6693
      191     0.00000     0.5180E+01     2.000     4   4.6728
      192     0.00000     0.4127E+01     2.000     3   4.6791
      193     0.00000     0.7155E+02     2.000     5   4.6806
      194     0.00000     0.1274E+02     1.000     4   4.6829
      196     0.00000     0.5130E+02     1.000     6   4.6899
      197     0.00000     0.8441E+01     2.000     4   4.6990
      198     0.00000     0.8216E+01     2.000     3   4.7007
      199     0.00000     0.3432E+01     2.000     3   4.7003
      200     0.00000     0.9632E+01     2.000     3   4.7017
      201     0.00000     0.3572E+01     2.000     3   4.7026
      202     0.00000     0.4744E+02     1.000     6   4.7027
      203     0.00000     0.3861E+01     2.000     4   4.7060
      204     0.00000     0.5708E+02     1.000     6   4.7058
      205     0.00000     0.8457E+01     2.000     3   4.7068
      206     0.00000     0.3474E+01     2.000     3   4.7149
      207     0.00000     0.1599E+02     2.000     4   4.7162
      208     0.00000     0.1638E+02     2.000     4   4.7194
      209     0.00000     0.5622E+02     1.000     6   4.7191
      210     0.00000     0.7024E+01     2.000     3   4.7198
      211     0.00000     0.2682E+01     1.000     4   4.7219
      213     0.00000     0.6005E+01     2.000     3   4.7297
      214     0.00000     0.9092E+01     2.000     5   4.7432
      215     0.00000     0.5838E+01     2.000     3   4.7460
      216     0.00000     0.1006E+03     2.000     6   4.7494
      219     0.00000     0.9718E+01     2.000     5   4.7564
      220     0.00000     0.1961E+02     2.000     5   4.7606
      221     0.00000     0.9875E+02     2.000     6   4.7624
      222     0.00000     0.5123E+01     2.000     3   4.7629
      223     0.00000     0.7101E+01     2.000     4   4.7653
      224     0.00000     0.9029E+01     2.000     5   4.7676
      225     0.00000     0.1149E+02     2.000     4   4.7723
      226     0.00000     0.9992E+01     2.000     4   4.7784
      227     0.00000     0.1434E+02     2.000     3   4.7809
      229     0.00000     0.7048E+01     2.000     4   4.7848
      231     0.00000     0.9465E+01     2.000     5   4.7882
      233     0.00000     0.1096E+02     2.000     4   4.7945
      235     0.00000     0.9745E+01     2.000     4   4.7958
      236     0.00000     0.4569E+02     1.000     6   4.7956
      237     0.00000     0.9022E+01     1.000     4   4.7973
      239     0.00000     0.3825E+01     2.000     4   4.8069
      240     0.00000     0.6740E+01     2.000     3   4.8077
      241     0.00000     0.6019E+02     1.000     6   4.8090
      242     0.00000     0.4460E+02     1.000     6   4.8086
      244     0.00000     0.9291E+01     2.000     4   4.8105
      245     0.00000     0.3453E+01     2.000     3   4.8128
      247     0.00000     0.4053E+01     2.000     4   4.8179
      248     0.00000     0.4686E+01     2.000     5   4.8180
      250     0.00000     0.9302E+01     2.000     4   4.8217
      251     0.00000     0.6288E+02     1.000     6   4.8221
      252     0.00000     0.9695E+01     2.000     4   4.8283
      253     0.00000     0.3684E+01     2.000     4   4.8333
      254     0.00000     0.3081E+01     2.000     4   4.8383
      255     0.00000     0.9658E+01     2.000     4   4.8394
      256     0.00000     0.8888E+01     2.000     4   4.8391
      257     0.00000     0.8827E+01     2.000     4   4.8423
      259     0.00000     0.8747E+01     2.000     4   4.8520
      260     0.00000     0.2209E+02     2.000     4   4.8603
      261     0.00000     0.3344E+01     2.000     3   4.8624
      262     0.00000     0.5917E+01     2.000     6   4.8695
      263     0.00000     0.4976E+01     2.000     3   4.8722
      264     0.00000     0.6211E+01     2.000     6   4.8769
      265     0.00000     0.3187E+01     2.000     4   4.8781
      266     0.00000     0.1684E+02     2.000     4   4.8796
      267     0.00000     0.1677E+02     2.000     4   4.8874
      268     0.00000     0.1123E+02     2.000     5   4.8876
      269     0.00000     0.4958E+01     2.000     4   4.8898
      270     0.00000     0.1788E+02     2.000     4   4.8909
      271     0.00000     0.1139E+02     2.000     5   4.8946
      272     0.00000     0.3522E+01     2.000     4   4.8953
      273     0.00000     0.3518E+01     2.000     4   4.8959
      274     0.00000     0.4869E+01     2.000     4   4.8989
      275     0.00000     0.1504E+02     2.000     5   4.8985
      276     0.00000     0.1762E+02     2.000     4   4.8997
      277     0.00000     0.1782E+02     2.000     4   4.9022
      278     0.00000     0.4261E+01     2.000     3   4.9059
      279     0.00000     0.1437E+02     2.000     5   4.9065
      280     0.00000     0.3152E+01     2.000     4   4.9114
      281     0.00000     0.5005E+01     2.000     3   4.9142
      282     0.00000     0.1416E+02     2.000     5   4.9152
      283     0.00000     0.2105E+02     2.000     5   4.9148
      284     0.00000     0.1506E+02     2.000     5   4.9169
      285     0.00000     0.3358E+02     2.000     5   4.9176
      286     0.00000     0.2867E+02     1.000     6   4.9176
      287     0.00000     0.1742E+02     2.000     4   4.9186
      288     0.00000     0.1814E+02     2.000     4   4.9181
      289     0.00000     0.4590E+01     2.000     5   4.9198
      290     0.00000     0.3215E+02     2.000     5   4.9222
      291     0.00000     0.3230E+01     2.000     4   4.9231
      292     0.00000     0.3511E+01     2.000     3   4.9286
      293     0.00000     0.2938E+02     1.000     6   4.9297
      294     0.00000     0.3273E+02     2.000     5   4.9312
      295     0.00000     0.2054E+02     2.000     5   4.9328
      296     0.00000     0.3507E+02     2.000     5   4.9335
      298     0.00000     0.3169E+02     2.000     5   4.9359
      299     0.00000     0.6899E+01     2.000     4   4.9366
      301     0.00000     0.4517E+01     2.000     4   4.9392
      302     0.00000     0.3428E+02     2.000     5   4.9482
      303     0.00000     0.8349E+01     2.000     5   4.9529
      304     0.00000     0.3423E+01     2.000     3   4.9553
      305     0.00000     0.3757E+01     2.000     5   4.9558
      306     0.00000     0.3268E+01     2.000     3   4.9564
      307     0.00000     0.1129E+02     2.000     4   4.9563
      308     0.00000     0.5914E+01     2.000     3   4.9572
      309     0.00000     0.4286E+01     1.000     4   4.9587
      310     0.00000     0.2050E+02     2.000     5   4.9605
      311     0.00000     0.1133E+02     2.000     4   4.9628
      312     0.00000     0.2121E+02     2.000     5   4.9631
      313     0.00000     0.1853E+02     2.000     5   4.9718
      314     0.00000     0.7898E+01     2.000     4   4.9742
      315     0.00000     0.1906E+02     2.000     5   4.9754
      316     0.00000     0.5507E+01     2.000     3   4.9775
      317     0.00000     0.9351E+01     2.000     5   4.9771
      318     0.00000     0.2014E+02     2.000     5   4.9783
      319     0.00000     0.5661E+01     2.000     3   4.9794
      320     0.00000     0.2059E+02     2.000     5   4.9808
      322     0.00000     0.9478E+01     2.000     5   4.9863
      323     0.00000     0.3051E+01     2.000     3   4.9870
      324     0.00000     0.5298E+01     2.000     4   4.9899
      325     0.00000     0.9103E+01     2.000     5   4.9902
      326     0.00000     0.6446E+01     2.000     3   4.9915
      327     0.00000     0.9123E+01     2.000     5   4.9972
      328     0.00000     0.1100E+02     2.000     4   5.0031
      330     0.00000     0.4822E+01     2.000     4   5.0082
      331     0.00000     0.3297E+01     2.000     4   5.0108
      332     0.00000     0.5127E+01     2.000     4   5.0124
      333     0.00000     0.1656E+02     2.000     5   5.0120
      335     0.00000     0.8029E+01     2.000     4   5.0174
      336     0.00000     0.6818E+01     2.000     5   5.0193
      337     0.00000     0.4191E+01     2.000     5   5.0191
      338     0.00000     0.1098E+02     2.000     4   5.0196
      339     0.00000     0.4435E+01     2.000     5   5.0220
      340     0.00000     0.7904E+01     2.000     4   5.0233
      341     0.00000     0.7618E+01     2.000     5   5.0280
      342     0.00000     0.7625E+01     2.000     5   5.0285
      343     0.00000     0.1594E+02     2.000     5   5.0335
      344     0.00000     0.4257E+01     1.000     4   5.0341
      345     0.00000     0.8014E+01     2.000     5   5.0368
      346     0.00000     0.6494E+01     2.000     3   5.0393
      347     0.00000     0.6440E+01     2.000     3   5.0446
      348     0.00000     0.7886E+01     2.000     5   5.0459
      349     0.00000     0.1305E+02     2.000     5   5.0457
      350     0.00000     0.5193E+01     2.000     3   5.0463
      351     0.00000     0.5090E+01     1.000     4   5.0490
      352     0.00000     0.5321E+01     2.000     4   5.0524
      353     0.00000     0.5022E+01     1.000     4   5.0562
      354     0.00000     0.1670E+02     2.000     4   5.0636
      357     0.00000     0.1255E+02     2.000     5   5.0681
      358     0.00000     0.1041E+02     2.000     5   5.0693
      359     0.00000     0.5495E+01     2.000     4   5.0701
      360     0.00000     0.4498E+01     2.000     4   5.0729
      361     0.00000     0.1162E+02     2.000     3   5.0752
      362     0.00000     0.4888E+01     1.000     4   5.0768
      363     0.00000     0.2944E+01     2.000     4   5.0774
      366     0.00000     0.7627E+01     2.000     4   5.0826
      368     0.00000     0.5890E+01     2.000     4   5.0826
      370     0.00000     0.2803E+02     2.000     5   5.0839
      371     0.00000     0.1107E+02     2.000     5   5.0865
      372     0.00000     0.3996E+01     2.000     5   5.0863
      373     0.00000     0.7287E+01     2.000     4   5.0890
      374     0.00000     0.8916E+01     2.000     3   5.0909
      375     0.00000     0.8058E+01     2.000     3   5.0911
      376     0.00000     0.7993E+01     2.000     3   5.0908
      377     0.00000     0.2788E+02     2.000     5   5.0954
      378     0.00000     0.1259E+02     2.000     4   5.1004
      379     0.00000     0.1262E+02     2.000     4   5.1027
      380     0.00000     0.2031E+02     2.000     6   5.1103
      381     0.00000     0.4751E+01     2.000     3   5.1132
      382     0.00000     0.1281E+02     2.000     5   5.1157
      383     0.00000     0.4621E+01     2.000     3   5.1188
      384     0.00000     0.2076E+02     2.000     6   5.1183
      385     0.00000     0.2791E+01     2.000     4   5.1197
      386     0.00000     0.7260E+01     2.000     4   5.1249
      387     0.00000     0.2609E+02     2.000     6   5.1266
      388     0.00000     0.6395E+01     2.000     3   5.1290
      389     0.00000     0.7119E+01     2.000     4   5.1285
      390     0.00000     0.4545E+01     2.000     3   5.1330
      391     0.00000     0.4692E+01     2.000     4   5.1338
      392     0.00000     0.1224E+02     2.000     4   5.1337
      393     0.00000     0.2618E+02     2.000     6   5.1343
      394     0.00000     0.1195E+02     2.000     4   5.1393
      395     0.00000     0.3211E+02     2.000     5   5.1430
      396     0.00000     0.5662E+01     2.000     3   5.1454
      397     0.00000     0.1969E+02     2.000     5   5.1453
      398     0.00000     0.1015E+02     2.000     5   5.1471
      399     0.00000     0.7006E+01     2.000     4   5.1479
      400     0.00000     0.7930E+01     1.000     4   5.1492
      401     0.00000     0.1937E+02     2.000     5   5.1489
      402     0.00000     0.8750E+01     2.000     4   5.1520
      403     0.00000     0.7792E+01     1.000     4   5.1519
      405     0.00000     0.2293E+02     2.000     5   5.1530
      406     0.00000     0.4592E+01     2.000     3   5.1556
      407     0.00000     0.2254E+02     2.000     5   5.1578
      409     0.00000     0.2296E+02     2.000     5   5.1611
      410     0.00000     0.3762E+01     1.000     4   5.1624
      411     0.00000     0.4637E+01     1.000     4   5.1626
      412     0.00000     0.5665E+01     2.000     4   5.1656
      413     0.00000     0.1006E+02     2.000     4   5.1665
      414     0.00000     0.2175E+02     2.000     6   5.1699
      415     0.00000     0.9455E+01     2.000     4   5.1714
      416     0.00000     0.1245E+02     2.000     5   5.1715
      417     0.00000     0.9967E+01     2.000     4   5.1719
      418     0.00000     0.8895E+01     2.000     4   5.1726
      419     0.00000     0.4143E+02     2.000     6   5.1732
      420     0.00000     0.5496E+01     2.000     3   5.1738
      421     0.00000     0.2200E+02     2.000     5   5.1746
      422     0.00000     0.1685E+02     2.000     5   5.1762
      423     0.00000     0.2146E+02     2.000     6   5.1779
      424     0.00000     0.6069E+01     2.000     4   5.1789
      425     0.00000     0.5382E+01     2.000     4   5.1787
      426     0.00000     0.5475E+01     2.000     5   5.1791
      427     0.00000     0.1150E+02     2.000     5   5.1794
      428     0.00000     0.7292E+01     2.000     4   5.1800
      429     0.00000     0.9135E+01     2.000     4   5.1799
      430     0.00000     0.9679E+01     2.000     4   5.1810
      432     0.00000     0.1661E+02     2.000     5   5.1836
      433     0.00000     0.4054E+02     2.000     6   5.1872
      434     0.00000     0.1018E+02     2.000     4   5.1889
      435     0.00000     0.6250E+01     2.000     4   5.1912
      436     0.00000     0.2588E+02     2.000     5   5.1918
      437     0.00000     0.3002E+01     1.000     4   5.1936
      438     0.00000     0.8879E+01     2.000     4   5.1944
      439     0.00000     0.3966E+02     2.000     6   5.1956
      440     0.00000     0.2507E+02     2.000     5   5.2004
      441     0.00000     0.2869E+01     1.000     4   5.2079
      442     0.00000     0.3915E+02     2.000     6   5.2096
      443     0.00000     0.4979E+01     2.000     4   5.2115
      444     0.00000     0.1391E+02     2.000     5   5.2112
      445     0.00000     0.1631E+02     2.000     5   5.2140
      446     0.00000     0.7884E+01     2.000     5   5.2189
      447     0.00000     0.7483E+01     2.000     5   5.2189
      448     0.00000     0.7034E+01     2.000     4   5.2237
      449     0.00000     0.2182E+02     2.000     5   5.2276
      450     0.00000     0.1564E+02     2.000     5   5.2284
      451     0.00000     0.2181E+02     2.000     5   5.2300
      452     0.00000     0.4059E+02     2.000     6   5.2339
      453     0.00000     0.2333E+02     1.000     6   5.2344
      454     0.00000     0.7419E+01     2.000     5   5.2351
      455     0.00000     0.7019E+01     2.000     5   5.2351
      456     0.00000     0.4126E+02     2.000     6   5.2368
      457     0.00000     0.4856E+01     2.000     5   5.2378
      459     0.00000     0.4888E+01     2.000     5   5.2442
      460     0.00000     0.6303E+01     2.000     4   5.2460
      461     0.00000     0.5205E+01     2.000     5   5.2473
      462     0.00000     0.3618E+01     2.000     3   5.2483
      463     0.00000     0.2244E+02     1.000     6   5.2489
      464     0.00000     0.5314E+01     2.000     3   5.2499
      465     0.00000     0.3945E+01     2.000     4   5.2508
      466     0.00000     0.6196E+01     2.000     4   5.2511
      467     0.00000     0.1272E+02     2.000     5   5.2522
      469     0.00000     0.8623E+01     2.000     4   5.2540
      470     0.00000     0.1254E+02     2.000     5   5.2556
      471     0.00000     0.1066E+02     2.000     5   5.2577
      472     0.00000     0.3052E+01     2.000     4   5.2612
      473     0.00000     0.1052E+02     2.000     5   5.2608
      475     0.00000     0.5731E+01     2.000     5   5.2624
      476     0.00000     0.2912E+01     2.000     4   5.2683
      477     0.00000     0.6375E+01     2.000     4   5.2708
      478     0.00000     0.4152E+01     1.000     4   5.2720
      479     0.00000     0.3691E+02     2.000     6   5.2726
      480     0.00000     0.6990E+01     2.000     4   5.2744
      481     0.00000     0.5007E+01     1.000     4   5.2758
      482     0.00000     0.3031E+01     1.000     4   5.2756
      483     0.00000     0.3643E+02     2.000     6   5.2761
      484     0.00000     0.6023E+01     2.000     4   5.2822
      485     0.00000     0.2707E+01     2.000     3   5.2840
      486     0.00000     0.1212E+02     2.000     4   5.2837
      487     0.00000     0.8302E+01     2.000     4   5.2851
      488     0.00000     0.3432E+02     2.000     6   5.2854
      489     0.00000     0.1259E+02     2.000     5   5.2857
      490     0.00000     0.2710E+01     2.000     5   5.2858
      491     0.00000     0.4888E+01     2.000     5   5.2880
      493     0.00000     0.3869E+01     1.000     4   5.2898
      494     0.00000     0.1136E+02     2.000     5   5.2905
      496     0.00000     0.2762E+01     1.000     4   5.2924
      497     0.00000     0.1427E+02     2.000     5   5.2934
      498     0.00000     0.8089E+01     2.000     3   5.2947
      499     0.00000     0.1166E+02     2.000     5   5.2944
      500     0.00000     0.3960E+01     2.000     4   5.2962
      501     0.00000     0.3790E+01     2.000     3   5.2985
      502     0.00000     0.3953E+01     2.000     5   5.2985
      503     0.00000     0.9202E+01     2.000     4   5.2995
      504     0.00000     0.1259E+02     2.000     4   5.3003
      505     0.00000     0.4013E+01     2.000     5   5.3004
      506     0.00000     0.4758E+01     2.000     3   5.3018
      507     0.00000     0.1276E+02     2.000     4   5.3022
      508     0.00000     0.1585E+02     1.000     6   5.3034
      509     0.00000     0.1334E+02     2.000     5   5.3042
      510     0.00000     0.1062E+02     2.000     5   5.3049
      511     0.00000     0.3301E+01     2.000     5   5.3049
      512     0.00000     0.6954E+01     2.000     4   5.3065
      513     0.00000     0.5636E+01     2.000     5   5.3070
      514     0.00000     0.1050E+02     2.000     5   5.3071
      515     0.00000     0.3328E+02     2.000     6   5.3072
      516     0.00000     0.1296E+02     2.000     4   5.3102
      517     0.00000     0.1560E+02     1.000     6   5.3109
      519     0.00000     0.1301E+02     2.000     5   5.3122
      520     0.00000     0.5082E+01     2.000     5   5.3130
      521     0.00000     0.4787E+01     2.000     5   5.3136
      522     0.00000     0.8015E+01     2.000     3   5.3162
      523     0.00000     0.4888E+01     2.000     3   5.3162
      524     0.00000     0.1219E+02     2.000     5   5.3161
      525     0.00000     0.4701E+01     2.000     5   5.3164
      526     0.00000     0.1508E+02     2.000     4   5.3170
      527     0.00000     0.9340E+01     1.000     4   5.3177
      528     0.00000     0.3026E+01     2.000     4   5.3189
      529     0.00000     0.4742E+01     2.000     3   5.3205
      530     0.00000     0.1226E+02     2.000     6   5.3214
      532     0.00000     0.6500E+01     2.000     6   5.3222
      533     0.00000     0.7800E+01     2.000     4   5.3237
      534     0.00000     0.1190E+02     2.000     4   5.3244
      535     0.00000     0.1079E+02     2.000     4   5.3248
      537     0.00000     0.3027E+01     2.000     4   5.3259
      538     0.00000     0.4547E+01     2.000     4   5.3261
      539     0.00000     0.7888E+01     2.000     5   5.3264
      540     0.00000     0.1288E+02     2.000     4   5.3289
      542     0.00000     0.9087E+01     2.000     5   5.3300
      543     0.00000     0.8860E+01     2.000     5   5.3300
      544     0.00000     0.4469E+01     2.000     4   5.3307
      545     0.00000     0.7179E+01     2.000     5   5.3311
      546     0.00000     0.3231E+01     1.000     4   5.3320
      547     0.00000     0.2317E+02     2.000     5   5.3324
      548     0.00000     0.5445E+01     2.000     4   5.3332
      549     0.00000     0.3169E+02     2.000     5   5.3332
      550     0.00000     0.4143E+01     1.000     4   5.3354
      551     0.00000     0.5414E+01     2.000     4   5.3357
      552     0.00000     0.9288E+01     1.000     4   5.3378
      553     0.00000     0.1544E+02     2.000     5   5.3389
      554     0.00000     0.9151E+01     2.000     5   5.3387
      555     0.00000     0.1119E+02     2.000     4   5.3392
      556     0.00000     0.1855E+02     2.000     5   5.3403
      557     0.00000     0.7581E+01     2.000     5   5.3403
      558     0.00000     0.6749E+01     2.000     4   5.3412
      559     0.00000     0.1077E+02     2.000     4   5.3420
      560     0.00000     0.4769E+01     2.000     3   5.3427
      561     0.00000     0.4724E+01     2.000     6   5.3430
      563     0.00000     0.1912E+02     2.000     5   5.3448
      564     0.00000     0.6660E+01     2.000     4   5.3449
      566     0.00000     0.6337E+01     2.000     4   5.3463
      567     0.00000     0.3229E+01     1.000     4   5.3463
      568     0.00000     0.9164E+01     2.000     5   5.3461
      569     0.00000     0.4371E+01     2.000     6   5.3470
      570     0.00000     0.2269E+02     2.000     6   5.3468
      571     0.00000     0.1848E+02     2.000     5   5.3488
      572     0.00000     0.2841E+02     1.000     6   5.3486
      573     0.00000     0.3535E+01     2.000     5   5.3501
      574     0.00000     0.3157E+02     2.000     5   5.3504
      575     0.00000     0.1471E+02     2.000     4   5.3517
      577     0.00000     0.1432E+02     2.000     6   5.3526
      578     0.00000     0.3553E+01     2.000     5   5.3541
      579     0.00000     0.5183E+01     2.000     6   5.3539
      581     0.00000     0.1848E+02     2.000     5   5.3547
      582     0.00000     0.1840E+02     2.000     5   5.3546
      583     0.00000     0.4336E+01     2.000     6   5.3546
      584     0.00000     0.7311E+01     2.000     6   5.3579
      585     0.00000     0.1289E+02     2.000     5   5.3595
      586     0.00000     0.3424E+01     1.000     4   5.3607
      587     0.00000     0.2186E+02     2.000     6   5.3607
      588     0.00000     0.2824E+02     1.000     6   5.3631
      589     0.00000     0.8262E+01     2.000     6   5.3636
      590     0.00000     0.1096E+02     2.000     4   5.3642
      591     0.00000     0.2304E+02     2.000     5   5.3643
      592     0.00000     0.3393E+01     2.000     5   5.3648
      593     0.00000     0.9071E+01     2.000     5   5.3651
      594     0.00000     0.8878E+01     2.000     5   5.3651
      595     0.00000     0.7626E+01     2.000     6   5.3653
      596     0.00000     0.3816E+01     2.000     5   5.3664
      597     0.00000     0.7907E+01     2.000     6   5.3660
      598     0.00000     0.4114E+01     2.000     4   5.3670
      599     0.00000     0.6247E+01     2.000     4   5.3685
      600     0.00000     0.3426E+01     2.000     5   5.3688
      601     0.00000     0.4424E+01     2.000     5   5.3698
      603     0.00000     0.1562E+02     2.000     5   5.3734
      604     0.00000     0.4780E+01     2.000     4   5.3743
      605     0.00000     0.1764E+02     2.000     5   5.3740
      606     0.00000     0.3275E+01     2.000     5   5.3739
      607     0.00000     0.1070E+02     2.000     6   5.3742
      609     0.00000     0.9131E+01     2.000     5   5.3756
      610     0.00000     0.2220E+02     2.000     5   5.3760
      611     0.00000     0.4303E+01     2.000     5   5.3771
      612     0.00000     0.1810E+02     2.000     5   5.3769
      613     0.00000     0.5291E+01     2.000     4   5.3779
      614     0.00000     0.1267E+02     2.000     5   5.3783
      615     0.00000     0.1531E+02     2.000     5   5.3783
      616     0.00000     0.4721E+01     2.000     4   5.3810
      617     0.00000     0.1083E+02     2.000     6   5.3812
      618     0.00000     0.1285E+02     2.000     5   5.3817
      619     0.00000     0.5420E+01     2.000     5   5.3824
      620     0.00000     0.2209E+02     2.000     5   5.3830
      621     0.00000     0.2913E+01     2.000     5   5.3842
      622     0.00000     0.1971E+02     2.000     6   5.3850
      623     0.00000     0.2758E+02     2.000     6   5.3850
      624     0.00000     0.1953E+02     2.000     6   5.3880
      625     0.00000     0.2719E+02     2.000     6   5.3880
      626     0.00000     0.8845E+01     2.000     5   5.3897
      627     0.00000     0.3308E+01     1.000     4   5.3907
      628     0.00000     0.4454E+01     2.000     5   5.3907
      629     0.00000     0.3929E+01     2.000     6   5.3931
      630     0.00000     0.8776E+01     1.000     6   5.3927
      631     0.00000     0.8636E+01     2.000     5   5.3936
      632     0.00000     0.4917E+01     2.000     3   5.3947
      633     0.00000     0.4035E+01     2.000     7   5.3947
      634     0.00000     0.1692E+02     2.000     5   5.4062
      635     0.00000     0.5183E+01     2.000     5   5.4070
      636     0.00000     0.4555E+01     2.000     6   5.4074
      637     0.00000     0.3622E+01     2.000     7   5.4075
      641     0.00000     0.6467E+01     2.000     6   5.4124
      642     0.00000     0.6778E+01     2.000     6   5.4152
      644     0.00000     0.1127E+02     2.000     6   5.4203
      645     0.00000     0.8866E+01     2.000     4   5.4223
      646     0.00000     0.4238E+01     2.000     6   5.4224
      647     0.00000     0.5406E+01     2.000     4   5.4251
      648     0.00000     0.6050E+01     2.000     6   5.4256
      649     0.00000     0.3092E+01     2.000     4   5.4313
      650     0.00000     0.3244E+01     2.000     4   5.4319
      651     0.00000     0.3608E+02     2.000     6   5.4315
      652     0.00000     0.9224E+01     2.000     6   5.4331
      653     0.00000     0.1555E+02     2.000     5   5.4336
      654     0.00000     0.7231E+01     2.000     4   5.4347
      655     0.00000     0.7359E+01     2.000     6   5.4347
      656     0.00000     0.9355E+01     2.000     6   5.4347
      657     0.00000     0.4429E+01     2.000     4   5.4353
      658     0.00000     0.6338E+02     2.000     7   5.4353
      659     0.00000     0.6551E+01     2.000     6   5.4364
      660     0.00000     0.7051E+01     2.000     6   5.4365
      661     0.00000     0.8906E+01     2.000     6   5.4365
      662     0.00000     0.3510E+02     2.000     6   5.4394
      663     0.00000     0.3210E+02     2.000     5   5.4446
      664     0.00000     0.8910E+01     2.000     6   5.4446
      665     0.00000     0.2249E+02     2.000     5   5.4453
      666     0.00000     0.1102E+02     2.000     6   5.4456
      667     0.00000     0.3817E+01     2.000     4   5.4460
      668     0.00000     0.9941E+01     2.000     6   5.4469
      669     0.00000     0.8647E+01     2.000     4   5.4488
      670     0.00000     0.6241E+02     2.000     7   5.4486
      671     0.00000     0.1057E+02     2.000     6   5.4496
      672     0.00000     0.1151E+02     2.000     6   5.4507
      673     0.00000     0.3494E+01     2.000     5   5.4513
      674     0.00000     0.1262E+02     2.000     5   5.4524
      677     0.00000     0.1130E+02     2.000     6   5.4529
      678     0.00000     0.1035E+02     2.000     5   5.4535
      679     0.00000     0.2153E+02     2.000     6   5.4537
      682     0.00000     0.3756E+01     2.000     4   5.4557
      683     0.00000     0.8724E+01     2.000     5   5.4559
      684     0.00000     0.8038E+01     2.000     5   5.4565
      685     0.00000     0.7003E+01     2.000     5   5.4579
      686     0.00000     0.1095E+02     2.000     5   5.4580
      688     0.00000     0.5962E+01     1.000     6   5.4592
      689     0.00000     0.2732E+01     2.000     4   5.4595
      690     0.00000     0.3237E+01     2.000     4   5.4606
      691     0.00000     0.3955E+02     2.000     6   5.4608
      693     0.00000     0.3706E+01     2.000     5   5.4623
      694     0.00000     0.5387E+01     2.000     4   5.4662
      695     0.00000     0.1573E+02     2.000     5   5.4659
      696     0.00000     0.1325E+02     2.000     5   5.4668
      697     0.00000     0.2068E+02     2.000     6   5.4674
      698     0.00000     0.5110E+01     2.000     5   5.4684
      699     0.00000     0.2201E+02     2.000     5   5.4704
      700     0.00000     0.4064E+01     2.000     5   5.4707
      701     0.00000     0.5779E+01     1.000     6   5.4726
      702     0.00000     0.1051E+02     2.000     5   5.4734
      703     0.00000     0.5878E+01     2.000     4   5.4742
      704     0.00000     0.6598E+02     2.000     7   5.4741
      705     0.00000     0.1240E+02     2.000     5   5.4746
      706     0.00000     0.4228E+01     2.000     6   5.4764
      707     0.00000     0.1192E+02     1.000     4   5.4770
      708     0.00000     0.8630E+01     2.000     5   5.4788
      710     0.00000     0.1200E+02     1.000     4   5.4799
      711     0.00000     0.1630E+02     2.000     6   5.4799
      712     0.00000     0.3880E+02     2.000     6   5.4830
      713     0.00000     0.5367E+01     2.000     4   5.4841
      714     0.00000     0.3087E+02     2.000     5   5.4843
      715     0.00000     0.1188E+02     2.000     4   5.4854
      716     0.00000     0.4197E+01     2.000     5   5.4851
      717     0.00000     0.7833E+01     2.000     5   5.4863
      718     0.00000     0.3190E+01     2.000     4   5.4870
      719     0.00000     0.6351E+02     2.000     7   5.4879
      720     0.00000     0.1319E+02     2.000     5   5.4892
      721     0.00000     0.2793E+01     2.000     4   5.4910
      722     0.00000     0.4202E+01     2.000     4   5.4923
      724     0.00000     0.3002E+01     2.000     6   5.4933
      725     0.00000     0.9347E+01     2.000     5   5.4946
      726     0.00000     0.3838E+01     2.000     5   5.4941
      727     0.00000     0.4793E+01     2.000     6   5.4943
      728     0.00000     0.7153E+01     2.000     5   5.4948
      730     0.00000     0.7524E+01     2.000     5   5.4963
      731     0.00000     0.4554E+01     2.000     6   5.4962
      732     0.00000     0.1280E+02     2.000     5   5.4968
      733     0.00000     0.1093E+02     2.000     5   5.4977
      734     0.00000     0.7120E+01     2.000     5   5.5007
      735     0.00000     0.1913E+02     2.000     5   5.5009
      736     0.00000     0.1235E+02     2.000     6   5.5019
      737     0.00000     0.2125E+02     2.000     5   5.5036
      738     0.00000     0.6780E+01     2.000     5   5.5045
      739     0.00000     0.4258E+01     2.000     6   5.5041
      740     0.00000     0.2320E+02     2.000     6   5.5046
      742     0.00000     0.1318E+02     2.000     5   5.5056
      743     0.00000     0.3945E+01     2.000     5   5.5060
      744     0.00000     0.1676E+02     2.000     6   5.5065
      745     0.00000     0.3861E+01     2.000     6   5.5080
      746     0.00000     0.3117E+01     2.000     4   5.5087
      747     0.00000     0.4651E+01     2.000     5   5.5094
      748     0.00000     0.7549E+01     2.000     5   5.5099
      749     0.00000     0.8114E+01     2.000     5   5.5106
      750     0.00000     0.1175E+02     2.000     6   5.5103
      751     0.00000     0.1176E+02     2.000     4   5.5110
      752     0.00000     0.2040E+02     2.000     5   5.5121
      753     0.00000     0.5633E+02     2.000     7   5.5123
      754     0.00000     0.4828E+01     2.000     5   5.5134
      755     0.00000     0.9308E+01     2.000     5   5.5141
      756     0.00000     0.4142E+01     2.000     5   5.5145
      757     0.00000     0.7151E+01     2.000     5   5.5147
      758     0.00000     0.4790E+01     2.000     6   5.5151
      759     0.00000     0.5573E+02     2.000     7   5.5152
      760     0.00000     0.2322E+02     2.000     6   5.5183
      761     0.00000     0.3505E+02     2.000     5   5.5196
      763     0.00000     0.3561E+01     2.000     4   5.5236
      764     0.00000     0.1910E+02     2.000     5   5.5236
      766     0.00000     0.3439E+02     2.000     5   5.5284
      767     0.00000     0.8003E+01     2.000     5   5.5321
      769     0.00000     0.1495E+02     2.000     5   5.5393
      770     0.00000     0.1353E+02     2.000     5   5.5402
      771     0.00000     0.5491E+01     1.000     6   5.5407
      772     0.00000     0.1493E+02     2.000     5   5.5419
      773     0.00000     0.4450E+01     2.000     5   5.5433
      774     0.00000     0.1248E+02     1.000     6   5.5439
      775     0.00000     0.2470E+02     2.000     7   5.5445
      776     0.00000     0.9540E+01     2.000     6   5.5458
      777     0.00000     0.5465E+01     2.000     6   5.5458
      778     0.00000     0.3542E+02     2.000     6   5.5462
      779     0.00000     0.1351E+02     2.000     5   5.5474
      780     0.00000     0.2506E+02     2.000     6   5.5484
      781     0.00000     0.6165E+01     1.000     6   5.5484
      782     0.00000     0.2871E+01     2.000     5   5.5488
      783     0.00000     0.9113E+01     2.000     6   5.5487
      784     0.00000     0.1168E+02     1.000     6   5.5552
      785     0.00000     0.5201E+02     2.000     5   5.5556
      787     0.00000     0.5106E+02     2.000     5   5.5578
      788     0.00000     0.2322E+02     2.000     7   5.5588
      789     0.00000     0.8850E+01     2.000     6   5.5610
      790     0.00000     0.3332E+02     2.000     6   5.5606
      791     0.00000     0.2732E+02     1.000     6   5.5622
      792     0.00000     0.1286E+02     2.000     5   5.5632
      793     0.00000     0.5778E+01     2.000     6   5.5637
      794     0.00000     0.2795E+02     2.000     7   5.5651
      795     0.00000     0.9084E+01     2.000     6   5.5666
      796     0.00000     0.5203E+01     2.000     6   5.5666
      797     0.00000     0.8798E+01     2.000     7   5.5667
      798     0.00000     0.2002E+02     2.000     7   5.5667
      799     0.00000     0.3724E+01     2.000     4   5.5696
      800     0.00000     0.8283E+01     2.000     7   5.5697
      801     0.00000     0.1877E+02     2.000     7   5.5697
      802     0.00000     0.1287E+02     2.000     5   5.5717
      803     0.00000     0.1539E+02     2.000     5   5.5723
      804     0.00000     0.4955E+01     2.000     6   5.5731
      805     0.00000     0.1446E+02     1.000     6   5.5729
      808     0.00000     0.5561E+01     2.000     6   5.5748
      809     0.00000     0.1339E+02     2.000     5   5.5758
      811     0.00000     0.2619E+02     1.000     6   5.5769
      812     0.00000     0.2705E+02     2.000     7   5.5778
      813     0.00000     0.2811E+01     2.000     4   5.5783
      815     0.00000     0.2427E+02     2.000     6   5.5795
      817     0.00000     0.3364E+01     1.000     4   5.5796
      818     0.00000     0.4136E+01     2.000     5   5.5813
      819     0.00000     0.4613E+01     2.000     5   5.5813
      820     0.00000     0.2483E+02     2.000     6   5.5828
      821     0.00000     0.1260E+02     2.000     7   5.5827
      822     0.00000     0.3074E+02     2.000     7   5.5827
      823     0.00000     0.2687E+02     2.000     6   5.5845
      824     0.00000     0.4281E+02     2.000     6   5.5845
      825     0.00000     0.2545E+02     2.000     6   5.5845
      826     0.00000     0.7436E+01     2.000     6   5.5850
      827     0.00000     0.1198E+02     2.000     7   5.5860
      828     0.00000     0.2967E+02     2.000     7   5.5860
      829     0.00000     0.3324E+02     2.000     7   5.5865
      830     0.00000     0.4194E+01     2.000     5   5.5873
      831     0.00000     0.2621E+02     2.000     6   5.5878
      832     0.00000     0.4206E+02     2.000     6   5.5878
      833     0.00000     0.2493E+02     2.000     6   5.5878
      834     0.00000     0.3944E+01     2.000     3   5.5887
      835     0.00000     0.8349E+01     2.000     5   5.5883
      836     0.00000     0.4881E+01     2.000     5   5.5892
      837     0.00000     0.1531E+02     2.000     5   5.5903
      838     0.00000     0.2490E+02     2.000     6   5.5906
      839     0.00000     0.4877E+01     2.000     5   5.5913
      840     0.00000     0.3750E+01     2.000     5   5.5916
      841     0.00000     0.2589E+02     2.000     6   5.5912
      842     0.00000     0.1295E+02     2.000     5   5.5928
      843     0.00000     0.6366E+01     2.000     5   5.5939
      844     0.00000     0.6057E+01     2.000     6   5.5939
      845     0.00000     0.4283E+02     2.000     6   5.5946
      846     0.00000     0.4092E+02     2.000     6   5.5953
      848     0.00000     0.2460E+02     2.000     6   5.5959
      849     0.00000     0.3376E+02     1.000     6   5.5987
      850     0.00000     0.3211E+02     2.000     7   5.5998
      851     0.00000     0.7919E+02     2.000     6   5.6004
      852     0.00000     0.7276E+01     2.000     6   5.6012
      853     0.00000     0.2310E+02     2.000     6   5.6024
      854     0.00000     0.1395E+02     1.000     6   5.6030
      855     0.00000     0.3245E+01     2.000     5   5.6037
      856     0.00000     0.2413E+02     2.000     6   5.6034
      857     0.00000     0.1482E+02     1.000     6   5.6035
      858     0.00000     0.4982E+01     2.000     5   5.6044
      859     0.00000     0.7855E+02     2.000     6   5.6041
      860     0.00000     0.3034E+01     2.000     4   5.6048
      861     0.00000     0.3992E+02     2.000     6   5.6051
      862     0.00000     0.1826E+02     2.000     6   5.6051
      863     0.00000     0.2558E+02     2.000     6   5.6058
      864     0.00000     0.2492E+02     2.000     6   5.6054
      865     0.00000     0.1025E+02     1.000     4   5.6065
      866     0.00000     0.3996E+02     2.000     6   5.6068
      867     0.00000     0.3430E+02     1.000     6   5.6067
      868     0.00000     0.1792E+02     2.000     6   5.6068
      870     0.00000     0.1058E+02     2.000     6   5.6080
      872     0.00000     0.5391E+01     2.000     7   5.6096
      873     0.00000     0.7587E+02     2.000     7   5.6107
      875     0.00000     0.4080E+02     2.000     6   5.6118
      876     0.00000     0.8381E+01     2.000     6   5.6121
      877     0.00000     0.3440E+01     2.000     6   5.6121
      878     0.00000     0.1663E+02     2.000     5   5.6130
      879     0.00000     0.1528E+02     1.000     6   5.6148
      880     0.00000     0.3713E+02     2.000     6   5.6150
      881     0.00000     0.2308E+02     2.000     6   5.6160
      882     0.00000     0.1738E+02     2.000     6   5.6168
      883     0.00000     0.2411E+02     2.000     6   5.6168
      884     0.00000     0.1059E+02     2.000     6   5.6180
      885     0.00000     0.8268E+01     2.000     6   5.6180
      886     0.00000     0.6412E+01     2.000     6   5.6198
      887     0.00000     0.2547E+02     2.000     6   5.6202
      888     0.00000     0.1677E+02     2.000     6   5.6211
      889     0.00000     0.1038E+02     2.000     6   5.6207
      890     0.00000     0.8352E+01     2.000     6   5.6207
      891     0.00000     0.3762E+01     2.000     5   5.6216
      892     0.00000     0.3318E+02     2.000     5   5.6220
      893     0.00000     0.1709E+02     2.000     6   5.6231
      894     0.00000     0.3650E+02     2.000     6   5.6227
      895     0.00000     0.7563E+02     2.000     7   5.6244
      896     0.00000     0.4388E+01     2.000     6   5.6256
      897     0.00000     0.8099E+01     2.000     6   5.6256
      898     0.00000     0.4209E+02     2.000     6   5.6257
      899     0.00000     0.1001E+02     1.000     4   5.6264
      900     0.00000     0.1432E+02     2.000     7   5.6263
      901     0.00000     0.1358E+02     2.000     7   5.6294
      902     0.00000     0.6229E+02     1.000     6   5.6314
      903     0.00000     0.9216E+01     2.000     6   5.6339
      904     0.00000     0.2177E+02     2.000     5   5.6354
      905     0.00000     0.4466E+01     2.000     5   5.6364
      906     0.00000     0.1520E+02     2.000     7   5.6362
      907     0.00000     0.9245E+01     2.000     7   5.6362
      908     0.00000     0.2783E+02     1.000     6   5.6374
      909     0.00000     0.9491E+01     2.000     6   5.6377
      910     0.00000     0.6055E+02     1.000     6   5.6386
      911     0.00000     0.1709E+02     2.000     6   5.6382
      912     0.00000     0.2376E+02     2.000     6   5.6382
      913     0.00000     0.3283E+02     2.000     5   5.6390
      914     0.00000     0.1095E+02     2.000     6   5.6391
      915     0.00000     0.4354E+01     2.000     5   5.6423
      918     0.00000     0.1618E+02     2.000     5   5.6436
      919     0.00000     0.1441E+02     2.000     6   5.6440
      920     0.00000     0.5262E+01     2.000     6   5.6440
      921     0.00000     0.9274E+01     2.000     6   5.6440
      922     0.00000     0.1118E+02     2.000     6   5.6445
      923     0.00000     0.1495E+02     2.000     6   5.6474
      924     0.00000     0.1354E+02     2.000     7   5.6471
      925     0.00000     0.1399E+02     2.000     7   5.6483
      926     0.00000     0.8554E+01     2.000     7   5.6483
      927     0.00000     0.3844E+02     2.000     6   5.6508
      928     0.00000     0.5601E+01     2.000     5   5.6511
      929     0.00000     0.7468E+01     2.000     6   5.6519
      930     0.00000     0.2785E+02     1.000     6   5.6516
      931     0.00000     0.1472E+02     2.000     7   5.6521
      932     0.00000     0.2203E+02     2.000     5   5.6524
      933     0.00000     0.6693E+01     2.000     5   5.6530
      934     0.00000     0.4816E+01     2.000     6   5.6552
      935     0.00000     0.7423E+01     2.000     6   5.6550
      936     0.00000     0.2707E+02     2.000     6   5.6566
      939     0.00000     0.6189E+01     2.000     5   5.6576
      940     0.00000     0.6081E+01     1.000     6   5.6583
      941     0.00000     0.9417E+01     2.000     5   5.6590
      942     0.00000     0.4962E+01     1.000     6   5.6606
      943     0.00000     0.2737E+01     1.000     6   5.6617
      944     0.00000     0.1286E+02     2.000     7   5.6614
      946     0.00000     0.2480E+02     2.000     6   5.6647
      947     0.00000     0.3910E+02     2.000     6   5.6651
      948     0.00000     0.7571E+01     1.000     6   5.6650
      949     0.00000     0.1407E+02     2.000     7   5.6647
      950     0.00000     0.2495E+02     2.000     6   5.6664
      951     0.00000     0.5907E+01     1.000     6   5.6663
      952     0.00000     0.6750E+01     2.000     5   5.6693
      954     0.00000     0.4930E+01     2.000     6   5.6712
      955     0.00000     0.7767E+01     1.000     6   5.6721
      956     0.00000     0.4167E+01     2.000     6   5.6716
      957     0.00000     0.4984E+01     1.000     6   5.6735
      958     0.00000     0.3159E+01     1.000     6   5.6758
      959     0.00000     0.2614E+02     2.000     6   5.6771
      960     0.00000     0.1987E+02     2.000     7   5.6778
      961     0.00000     0.3299E+01     2.000     4   5.6795
      962     0.00000     0.5668E+01     2.000     5   5.6840
      963     0.00000     0.4575E+01     2.000     5   5.6849
      964     0.00000     0.5520E+01     2.000     5   5.6850
      965     0.00000     0.4997E+01     2.000     6   5.6848
      966     0.00000     0.6807E+01     2.000     6   5.6861
      967     0.00000     0.8168E+01     2.000     5   5.6872
      968     0.00000     0.5064E+01     2.000     4   5.6882
      969     0.00000     0.2744E+01     2.000     5   5.6885
      970     0.00000     0.4349E+01     2.000     4   5.6907
      971     0.00000     0.8423E+01     2.000     5   5.6908
      972     0.00000     0.4499E+01     2.000     5   5.6908
      973     0.00000     0.5555E+01     2.000     5   5.6912
      975     0.00000     0.3216E+01     2.000     4   5.6928
      976     0.00000     0.4944E+01     2.000     7   5.6930
      977     0.00000     0.1051E+02     2.000     6   5.6956
      978     0.00000     0.1606E+02     2.000     7   5.6958
      979     0.00000     0.1959E+02     2.000     7   5.6958
      980     0.00000     0.3469E+01     2.000     6   5.6972
      981     0.00000     0.3305E+01     2.000     5   5.6988
      982     0.00000     0.3583E+01     2.000     5   5.6991
      983     0.00000     0.3196E+01     2.000     5   5.6991
      984     0.00000     0.1899E+02     2.000     7   5.6997
      985     0.00000     0.3383E+01     2.000     5   5.7020
      986     0.00000     0.5455E+01     2.000     5   5.7024
      987     0.00000     0.1377E+02     2.000     6   5.7028
      988     0.00000     0.1049E+02     2.000     6   5.7034
      989     0.00000     0.6037E+01     2.000     6   5.7034
      990     0.00000     0.2874E+01     2.000     5   5.7073
      991     0.00000     0.7738E+01     2.000     6   5.7077
      992     0.00000     0.1546E+02     2.000     7   5.7080
      993     0.00000     0.1902E+02     2.000     7   5.7080
      994     0.00000     0.6124E+01     2.000     5   5.7116
      996     0.00000     0.3345E+01     2.000     6   5.7139
      997     0.00000     0.3394E+01     2.000     6   5.7147
      998     0.00000     0.4224E+01     2.000     5   5.7163
      999     0.00000     0.6577E+01     2.000     5   5.7164
     1000     0.00000     0.3406E+02     2.000     6   5.7162
     1001     0.00000     0.1625E+02     2.000     6   5.7162
     1002     0.00000     0.1524E+02     2.000     6   5.7162
     1003     0.00000     0.1394E+02     2.000     6   5.7165
     1004     0.00000     0.7571E+01     2.000     5   5.7169
     1005     0.00000     0.1030E+02     2.000     6   5.7178
     1006     0.00000     0.2629E+02     2.000     6   5.7178
     1007     0.00000     0.3159E+01     2.000     5   5.7190
     1008     0.00000     0.3721E+01     2.000     6   5.7197
     1009     0.00000     0.5287E+01     2.000     5   5.7210
     1010     0.00000     0.1248E+02     2.000     5   5.7212
     1011     0.00000     0.9061E+01     2.000     3   5.7217
     1012     0.00000     0.4044E+01     2.000     6   5.7221
     1014     0.00000     0.6159E+01     2.000     5   5.7227
     1015     0.00000     0.1318E+02     2.000     6   5.7234
     1016     0.00000     0.5644E+02     2.000     7   5.7229
     1018     0.00000     0.9864E+01     2.000     6   5.7254
     1019     0.00000     0.6480E+01     1.000     6   5.7253
     1020     0.00000     0.1095E+02     2.000     5   5.7263
     1021     0.00000     0.2834E+01     2.000     5   5.7265
     1022     0.00000     0.3608E+01     2.000     6   5.7267
     1023     0.00000     0.2566E+02     2.000     6   5.7287
     1024     0.00000     0.5715E+01     2.000     5   5.7300
     1025     0.00000     0.1042E+02     2.000     6   5.7298
     1026     0.00000     0.2790E+01     2.000     5   5.7303
     1027     0.00000     0.6846E+01     2.000     5   5.7306
     1028     0.00000     0.6165E+01     2.000     6   5.7312
     1029     0.00000     0.3897E+01     2.000     6   5.7308
     1030     0.00000     0.1422E+02     2.000     6   5.7320
     1031     0.00000     0.3882E+02     2.000     5   5.7341
     1032     0.00000     0.2195E+02     2.000     6   5.7338
     1033     0.00000     0.3298E+02     2.000     6   5.7368
     1034     0.00000     0.4582E+01     1.000     6   5.7368
     1035     0.00000     0.1612E+02     2.000     6   5.7368
     1036     0.00000     0.1510E+02     2.000     6   5.7368
     1037     0.00000     0.4598E+01     2.000     5   5.7374
     1038     0.00000     0.6554E+01     2.000     6   5.7371
     1039     0.00000     0.5461E+01     1.000     6   5.7370
     1040     0.00000     0.7226E+01     2.000     5   5.7377
     1042     0.00000     0.6661E+01     1.000     6   5.7385
     1043     0.00000     0.4202E+01     2.000     4   5.7396
     1044     0.00000     0.4076E+01     2.000     5   5.7416
     1045     0.00000     0.1054E+02     2.000     6   5.7415
     1046     0.00000     0.4889E+01     2.000     6   5.7415
     1047     0.00000     0.4065E+01     2.000     5   5.7430
     1048     0.00000     0.3362E+02     2.000     6   5.7433
     1049     0.00000     0.6002E+01     2.000     6   5.7439
     1050     0.00000     0.3936E+01     2.000     6   5.7444
     1051     0.00000     0.5540E+02     2.000     7   5.7444
     1052     0.00000     0.4313E+01     2.000     6   5.7454
     1053     0.00000     0.2207E+02     2.000     6   5.7451
     1054     0.00000     0.1460E+02     2.000     6   5.7468
     1055     0.00000     0.1207E+02     2.000     5   5.7475
     1056     0.00000     0.6664E+02     2.000     6   5.7496
     1057     0.00000     0.3814E+01     2.000     4   5.7502
     1058     0.00000     0.3281E+02     2.000     6   5.7511
     1059     0.00000     0.5476E+01     2.000     6   5.7528
     1060     0.00000     0.1227E+02     2.000     5   5.7530
     1061     0.00000     0.6975E+01     2.000     5   5.7539
     1062     0.00000     0.7193E+01     2.000     6   5.7537
     1063     0.00000     0.4023E+01     2.000     4   5.7549
     1064     0.00000     0.3949E+01     2.000     5   5.7548
     1065     0.00000     0.3912E+01     2.000     4   5.7564
     1068     0.00000     0.3752E+02     2.000     5   5.7590
     1069     0.00000     0.6452E+02     2.000     6   5.7593
     1071     0.00000     0.4602E+01     2.000     5   5.7599
     1073     0.00000     0.4099E+01     2.000     4   5.7624
     1074     0.00000     0.5644E+01     2.000     3   5.7626
     1075     0.00000     0.4443E+01     2.000     5   5.7627
     1076     0.00000     0.1049E+02     2.000     6   5.7630
     1077     0.00000     0.2330E+02     2.000     6   5.7630
     1078     0.00000     0.3431E+02     2.000     6   5.7630
     1079     0.00000     0.4849E+01     2.000     6   5.7630
     1080     0.00000     0.2213E+02     2.000     6   5.7630
     1081     0.00000     0.1760E+02     2.000     6   5.7640
     1082     0.00000     0.4741E+01     2.000     5   5.7650
     1083     0.00000     0.7066E+01     2.000     5   5.7656
     1085     0.00000     0.6553E+01     2.000     3   5.7662
     1086     0.00000     0.8256E+01     2.000     4   5.7659
     1088     0.00000     0.3180E+02     2.000     7   5.7667
     1089     0.00000     0.6402E+02     2.000     6   5.7674
     1090     0.00000     0.7487E+01     2.000     6   5.7678
     1092     0.00000     0.7370E+01     2.000     5   5.7687
     1094     0.00000     0.7210E+01     2.000     5   5.7690
     1096     0.00000     0.6530E+02     2.000     6   5.7716
     1097     0.00000     0.3606E+01     2.000     4   5.7719
     1098     0.00000     0.4734E+01     2.000     5   5.7722
     1099     0.00000     0.1194E+02     2.000     5   5.7724
     1100     0.00000     0.3773E+01     2.000     5   5.7730
     1101     0.00000     0.9142E+01     2.000     6   5.7732
     1102     0.00000     0.9371E+01     2.000     6   5.7740
     1103     0.00000     0.5063E+01     2.000     7   5.7738
     1104     0.00000     0.5228E+01     2.000     6   5.7753
     1106     0.00000     0.1739E+02     2.000     6   5.7749
     1107     0.00000     0.3954E+01     2.000     5   5.7758
     1108     0.00000     0.7222E+01     1.000     6   5.7756
     1109     0.00000     0.1119E+02     2.000     7   5.7756
     1110     0.00000     0.2570E+02     2.000     6   5.7774
     1111     0.00000     0.1029E+02     2.000     5   5.7779
     1113     0.00000     0.3188E+02     2.000     7   5.7797
     1114     0.00000     0.1363E+02     2.000     6   5.7803
     1115     0.00000     0.3658E+01     2.000     5   5.7818
     1116     0.00000     0.7367E+01     2.000     5   5.7815
     1117     0.00000     0.4382E+01     2.000     5   5.7819
     1119     0.00000     0.2887E+01     2.000     5   5.7834
     1120     0.00000     0.1052E+02     2.000     5   5.7840
     1121     0.00000     0.6137E+01     2.000     5   5.7850
     1122     0.00000     0.6068E+01     2.000     6   5.7848
     1123     0.00000     0.2314E+02     2.000     6   5.7850
     1124     0.00000     0.3400E+02     2.000     6   5.7850
     1125     0.00000     0.2194E+02     2.000     6   5.7850
     1127     0.00000     0.1286E+02     2.000     7   5.7854
     1129     0.00000     0.5857E+02     2.000     7   5.7859
     1130     0.00000     0.5857E+02     2.000     7   5.7859
     1131     0.00000     0.4503E+01     2.000     5   5.7871
     1132     0.00000     0.6267E+01     2.000     5   5.7882
     1133     0.00000     0.2575E+02     2.000     6   5.7884
     1134     0.00000     0.5499E+01     2.000     7   5.7886
     1135     0.00000     0.4867E+01     2.000     5   5.7890
     1136     0.00000     0.4530E+01     2.000     5   5.7909
     1139     0.00000     0.1267E+02     2.000     6   5.7927
     1140     0.00000     0.6204E+01     2.000     5   5.7931
     1141     0.00000     0.1949E+02     2.000     6   5.7934
     1142     0.00000     0.4320E+01     2.000     6   5.7945
     1145     0.00000     0.2932E+01     2.000     5   5.7958
     1146     0.00000     0.3769E+01     2.000     6   5.7955
     1148     0.00000     0.4792E+01     2.000     5   5.7967
     1149     0.00000     0.1987E+02     2.000     6   5.7966
     1150     0.00000     0.7626E+01     2.000     5   5.7983
     1151     0.00000     0.4082E+01     2.000     6   5.7981
     1153     0.00000     0.5862E+01     2.000     5   5.7994
     1154     0.00000     0.5591E+02     2.000     7   5.7996
     1155     0.00000     0.5598E+02     2.000     7   5.7996
     1156     0.00000     0.4281E+01     2.000     5   5.8002
     1157     0.00000     0.3368E+01     2.000     4   5.8005
     1158     0.00000     0.1321E+02     2.000     6   5.8003
     1159     0.00000     0.1235E+02     2.000     6   5.8010
     1161     0.00000     0.1052E+03     2.000     7   5.8019
     1162     0.00000     0.3638E+01     2.000     4   5.8027
     1163     0.00000     0.1300E+02     2.000     6   5.8024
     1164     0.00000     0.3729E+01     2.000     5   5.8032
     1165     0.00000     0.1033E+02     2.000     6   5.8029
     1167     0.00000     0.7651E+02     2.000     7   5.8066
     1168     0.00000     0.4209E+02     2.000     7   5.8066
     1169     0.00000     0.1134E+03     2.000     7   5.8082
     1173     0.00000     0.5900E+01     2.000     5   5.8104
     1174     0.00000     0.1066E+02     2.000     6   5.8107
     1175     0.00000     0.1089E+03     2.000     7   5.8105
     1176     0.00000     0.3151E+01     2.000     5   5.8120
     1177     0.00000     0.1342E+02     2.000     6   5.8125
     1178     0.00000     0.6073E+01     2.000     5   5.8134
     1179     0.00000     0.3693E+01     2.000     6   5.8135
     1181     0.00000     0.9674E+01     2.000     5   5.8141
     1182     0.00000     0.3686E+01     2.000     4   5.8145
     1183     0.00000     0.3648E+01     2.000     5   5.8143
     1184     0.00000     0.9894E+01     2.000     6   5.8147
     1186     0.00000     0.7172E+01     2.000     6   5.8156
     1187     0.00000     0.1022E+03     2.000     7   5.8159
     1189     0.00000     0.4066E+01     2.000     5   5.8176
     1190     0.00000     0.6489E+01     2.000     5   5.8181
     1191     0.00000     0.1106E+02     2.000     6   5.8185
     1192     0.00000     0.7453E+02     2.000     7   5.8186
     1193     0.00000     0.3997E+02     2.000     7   5.8186
     1195     0.00000     0.2460E+02     2.000     7   5.8194
     1196     0.00000     0.6836E+01     2.000     5   5.8212
     1197     0.00000     0.7733E+01     2.000     5   5.8209
     1198     0.00000     0.2899E+02     2.000     7   5.8225
     1199     0.00000     0.1260E+02     2.000     6   5.8234
     1201     0.00000     0.3872E+02     2.000     7   5.8241
     1202     0.00000     0.8017E+02     2.000     7   5.8241
     1203     0.00000     0.1277E+02     2.000     6   5.8247
     1204     0.00000     0.5568E+01     2.000     6   5.8254
     1206     0.00000     0.3883E+02     2.000     7   5.8268
     1207     0.00000     0.7980E+02     2.000     7   5.8268
     1208     0.00000     0.3009E+01     2.000     4   5.8270
     1209     0.00000     0.6565E+01     2.000     5   5.8271
     1210     0.00000     0.4127E+01     1.000     6   5.8289
     1211     0.00000     0.1086E+02     2.000     6   5.8296
     1212     0.00000     0.6921E+01     2.000     6   5.8303
     1213     0.00000     0.1118E+02     2.000     5   5.8317
     1214     0.00000     0.2373E+02     2.000     7   5.8325
     1215     0.00000     0.2871E+02     2.000     7   5.8349
     1216     0.00000     0.5564E+01     2.000     7   5.8357
     1217     0.00000     0.2069E+02     2.000     7   5.8353
     1218     0.00000     0.7157E+01     2.000     7   5.8361
     1219     0.00000     0.4010E+01     2.000     6   5.8368
     1221     0.00000     0.9194E+01     2.000     6   5.8379
     1222     0.00000     0.3641E+01     2.000     5   5.8384
     1223     0.00000     0.4759E+01     2.000     5   5.8387
     1224     0.00000     0.1584E+03     2.000     7   5.8401
     1225     0.00000     0.2941E+01     2.000     4   5.8406
     1227     0.00000     0.5031E+01     2.000     4   5.8411
     1228     0.00000     0.6947E+01     2.000     5   5.8413
     1229     0.00000     0.1367E+02     2.000     6   5.8411
     1230     0.00000     0.1589E+03     2.000     7   5.8432
     1231     0.00000     0.4260E+01     2.000     5   5.8437
     1232     0.00000     0.1367E+02     2.000     6   5.8438
     1233     0.00000     0.1298E+02     2.000     6   5.8444
     1234     0.00000     0.5140E+01     2.000     5   5.8453
     1235     0.00000     0.3572E+01     2.000     5   5.8449
     1236     0.00000     0.8432E+01     2.000     5   5.8456
     1237     0.00000     0.1923E+02     2.000     7   5.8455
     1238     0.00000     0.3242E+02     2.000     7   5.8455
     1239     0.00000     0.1840E+02     2.000     6   5.8471
     1240     0.00000     0.4316E+01     2.000     6   5.8470
     1241     0.00000     0.1136E+02     2.000     5   5.8481
     1242     0.00000     0.8524E+01     2.000     7   5.8491
     1243     0.00000     0.2010E+02     2.000     7   5.8495
     1244     0.00000     0.4705E+01     2.000     5   5.8503
     1247     0.00000     0.7525E+01     2.000     5   5.8527
     1248     0.00000     0.3122E+01     2.000     5   5.8524
     1249     0.00000     0.1336E+02     2.000     6   5.8524
     1250     0.00000     0.2693E+02     2.000     7   5.8527
     1252     0.00000     0.1872E+02     2.000     7   5.8533
     1253     0.00000     0.2985E+02     2.000     7   5.8533
     1254     0.00000     0.1261E+02     2.000     7   5.8534
     1255     0.00000     0.5500E+01     2.000     6   5.8538
     1256     0.00000     0.8805E+01     2.000     6   5.8541
     1257     0.00000     0.1195E+02     2.000     7   5.8561
     1258     0.00000     0.1157E+02     2.000     5   5.8561
     1259     0.00000     0.1326E+02     2.000     6   5.8561
     1260     0.00000     0.5430E+01     2.000     6   5.8575
     1261     0.00000     0.3492E+01     2.000     5   5.8585
     1262     0.00000     0.3854E+01     1.000     6   5.8588
     1263     0.00000     0.1936E+02     2.000     7   5.8592
     1264     0.00000     0.3237E+02     2.000     7   5.8592
     1265     0.00000     0.4275E+01     2.000     6   5.8600
     1266     0.00000     0.3454E+01     2.000     4   5.8605
     1267     0.00000     0.9505E+01     2.000     6   5.8607
     1268     0.00000     0.1910E+02     2.000     6   5.8608
     1269     0.00000     0.8682E+01     2.000     7   5.8605
     1270     0.00000     0.6684E+01     2.000     7   5.8613
     1271     0.00000     0.1513E+02     2.000     6   5.8616
     1272     0.00000     0.1073E+02     2.000     6   5.8616
     1273     0.00000     0.4106E+02     1.000     6   5.8617
     1274     0.00000     0.5098E+01     2.000     5   5.8630
     1275     0.00000     0.1171E+02     2.000     7   5.8638
     1276     0.00000     0.1561E+02     2.000     6   5.8641
     1277     0.00000     0.1113E+02     2.000     6   5.8641
     1278     0.00000     0.5326E+01     2.000     6   5.8639
     1279     0.00000     0.1004E+02     1.000     6   5.8649
     1280     0.00000     0.2608E+02     2.000     7   5.8648
     1281     0.00000     0.7140E+02     2.000     7   5.8662
     1282     0.00000     0.4407E+02     2.000     7   5.8662
     1283     0.00000     0.2964E+01     2.000     5   5.8667
     1284     0.00000     0.1783E+02     2.000     7   5.8668
     1285     0.00000     0.2875E+02     2.000     7   5.8668
     1286     0.00000     0.3088E+01     2.000     5   5.8672
     1287     0.00000     0.7090E+01     2.000     5   5.8679
     1288     0.00000     0.6227E+02     2.000     7   5.8678
     1289     0.00000     0.2252E+02     2.000     7   5.8678
     1290     0.00000     0.3493E+01     2.000     4   5.8687
     1291     0.00000     0.6161E+02     2.000     7   5.8701
     1292     0.00000     0.2266E+02     2.000     7   5.8701
     1293     0.00000     0.1712E+02     2.000     6   5.8715
     1294     0.00000     0.8471E+01     2.000     5   5.8732
     1295     0.00000     0.2399E+02     2.000     7   5.8736
     1296     0.00000     0.2211E+02     2.000     6   5.8751
     1298     0.00000     0.2703E+01     2.000     5   5.8757
     1299     0.00000     0.6330E+01     2.000     5   5.8755
     1300     0.00000     0.9387E+01     2.000     6   5.8756
     1302     0.00000     0.5070E+01     2.000     6   5.8768
     1303     0.00000     0.2358E+02     2.000     7   5.8768
     1305     0.00000     0.4747E+01     2.000     5   5.8778
     1306     0.00000     0.7047E+02     2.000     7   5.8782
     1307     0.00000     0.4477E+02     2.000     7   5.8782
     1308     0.00000     0.1156E+02     2.000     5   5.8800
     1309     0.00000     0.1021E+02     2.000     7   5.8809
     1310     0.00000     0.7130E+01     2.000     5   5.8820
     1312     0.00000     0.5655E+01     2.000     7   5.8822
     1313     0.00000     0.1744E+02     2.000     7   5.8819
     1314     0.00000     0.8567E+01     2.000     5   5.8835
     1315     0.00000     0.1029E+02     2.000     6   5.8834
     1316     0.00000     0.3591E+02     2.000     7   5.8837
     1317     0.00000     0.5398E+02     2.000     6   5.8841
     1318     0.00000     0.6628E+01     2.000     5   5.8852
     1319     0.00000     0.6962E+01     2.000     6   5.8860
     1320     0.00000     0.3702E+02     2.000     7   5.8865
     1321     0.00000     0.1212E+02     2.000     6   5.8873
     1322     0.00000     0.1850E+02     2.000     6   5.8876
     1323     0.00000     0.2657E+02     1.000     6   5.8885
     1324     0.00000     0.4780E+01     2.000     5   5.8890
     1325     0.00000     0.1655E+02     2.000     6   5.8887
     1326     0.00000     0.6916E+01     2.000     5   5.8897
     1327     0.00000     0.2908E+01     2.000     5   5.8894
     1328     0.00000     0.8681E+01     2.000     5   5.8902
     1330     0.00000     0.5483E+01     2.000     5   5.8906
     1331     0.00000     0.3807E+01     2.000     4   5.8914
     1332     0.00000     0.2314E+02     2.000     7   5.8915
     1333     0.00000     0.3928E+02     1.000     6   5.8916
     1334     0.00000     0.6365E+01     2.000     6   5.8927
     1335     0.00000     0.1762E+02     2.000     6   5.8926
     1336     0.00000     0.5162E+01     1.000     6   5.8923
     1338     0.00000     0.5518E+01     2.000     5   5.8944
     1339     0.00000     0.1070E+02     2.000     6   5.8946
     1340     0.00000     0.1823E+02     2.000     6   5.8953
     1341     0.00000     0.9805E+01     1.000     6   5.8953
     1342     0.00000     0.7734E+01     2.000     7   5.8953
     1343     0.00000     0.3524E+01     2.000     5   5.8957
     1344     0.00000     0.6486E+01     2.000     7   5.8954
     1345     0.00000     0.7158E+01     2.000     6   5.8960
     1346     0.00000     0.2879E+02     2.000     6   5.8975
     1348     0.00000     0.1671E+02     2.000     6   5.8989
     1349     0.00000     0.1810E+02     2.000     6   5.8989
     1351     0.00000     0.9536E+02     2.000     7   5.8995
     1352     0.00000     0.4054E+01     2.000     5   5.9000
     1353     0.00000     0.5298E+02     2.000     6   5.9004
     1355     0.00000     0.6424E+01     2.000     5   5.9017
     1356     0.00000     0.1678E+02     2.000     6   5.9028
     1357     0.00000     0.1649E+02     2.000     6   5.9026
     1358     0.00000     0.1888E+02     2.000     7   5.9027
     1359     0.00000     0.6565E+01     2.000     7   5.9026
     1361     0.00000     0.1193E+02     2.000     6   5.9041
     1362     0.00000     0.2320E+02     2.000     7   5.9044
     1363     0.00000     0.4593E+01     2.000     5   5.9050
     1364     0.00000     0.2148E+02     2.000     6   5.9050
     1365     0.00000     0.1359E+02     2.000     6   5.9055
     1366     0.00000     0.3776E+01     2.000     5   5.9058
     1367     0.00000     0.4759E+01     2.000     5   5.9073
     1368     0.00000     0.1771E+02     2.000     6   5.9076
     1369     0.00000     0.1160E+02     2.000     6   5.9098
     1370     0.00000     0.4662E+01     2.000     4   5.9119
     1371     0.00000     0.3900E+01     2.000     6   5.9120
     1373     0.00000     0.5384E+02     2.000     7   5.9129
     1374     0.00000     0.5398E+02     2.000     7   5.9129
     1375     0.00000     0.1383E+02     2.000     6   5.9131
     1376     0.00000     0.9457E+02     2.000     7   5.9130
     1377     0.00000     0.2948E+01     2.000     5   5.9139
     1378     0.00000     0.2892E+02     2.000     6   5.9138
     1379     0.00000     0.2317E+02     2.000     7   5.9140
     1380     0.00000     0.6124E+01     2.000     6   5.9142
     1381     0.00000     0.9835E+01     2.000     6   5.9149
     1382     0.00000     0.2283E+02     2.000     7   5.9164
     1383     0.00000     0.4588E+01     2.000     5   5.9166
     1384     0.00000     0.1365E+02     2.000     6   5.9166
     1385     0.00000     0.1874E+02     2.000     7   5.9167
     1386     0.00000     0.5704E+01     2.000     7   5.9186
     1387     0.00000     0.2631E+02     1.000     6   5.9184
     1388     0.00000     0.5283E+02     2.000     7   5.9193
     1392     0.00000     0.7068E+01     2.000     7   5.9227
     1393     0.00000     0.1133E+02     2.000     6   5.9233
     1395     0.00000     0.2722E+01     2.000     5   5.9243
     1396     0.00000     0.4123E+01     2.000     5   5.9250
     1397     0.00000     0.4214E+01     2.000     5   5.9256
     1398     0.00000     0.1675E+02     2.000     6   5.9261
     1399     0.00000     0.5429E+02     2.000     7   5.9264
     1400     0.00000     0.5438E+02     2.000     7   5.9264
     1402     0.00000     0.5614E+02     2.000     7   5.9274
     1403     0.00000     0.1364E+02     2.000     6   5.9278
     1404     0.00000     0.3549E+01     2.000     6   5.9280
     1405     0.00000     0.9577E+01     2.000     6   5.9285
     1407     0.00000     0.4581E+01     2.000     5   5.9297
     1408     0.00000     0.5736E+02     2.000     7   5.9298
     1409     0.00000     0.4577E+01     2.000     5   5.9303
     1410     0.00000     0.3482E+02     2.000     7   5.9302
     1411     0.00000     0.5122E+01     2.000     6   5.9310
     1412     0.00000     0.2873E+01     2.000     5   5.9330
     1413     0.00000     0.4560E+01     2.000     5   5.9339
     1414     0.00000     0.1352E+02     2.000     6   5.9345
     1415     0.00000     0.2930E+02     2.000     7   5.9353
     1416     0.00000     0.3365E+01     2.000     6   5.9355
     1417     0.00000     0.3919E+01     2.000     4   5.9372
     1418     0.00000     0.7599E+01     2.000     5   5.9368
     1419     0.00000     0.4266E+01     2.000     6   5.9374
     1420     0.00000     0.8398E+01     2.000     6   5.9381
     1422     0.00000     0.3022E+01     2.000     6   5.9402
     1423     0.00000     0.5024E+02     2.000     7   5.9405
     1424     0.00000     0.6919E+01     2.000     7   5.9408
     1425     0.00000     0.3426E+02     2.000     7   5.9415
     1426     0.00000     0.3422E+01     2.000     6   5.9421
     1427     0.00000     0.1344E+02     2.000     6   5.9430
     1428     0.00000     0.1631E+02     2.000     6   5.9434
     1429     0.00000     0.3407E+02     2.000     7   5.9438
     1430     0.00000     0.4754E+01     1.000     6   5.9450
     1431     0.00000     0.4558E+01     2.000     5   5.9471
     1433     0.00000     0.1023E+02     2.000     6   5.9483
     1434     0.00000     0.7411E+01     2.000     6   5.9493
     1435     0.00000     0.2917E+01     2.000     3   5.9497
     1437     0.00000     0.1316E+02     2.000     6   5.9502
     1438     0.00000     0.5661E+01     2.000     5   5.9514
     1439     0.00000     0.6296E+01     2.000     5   5.9517
     1440     0.00000     0.7591E+01     2.000     6   5.9518
     1441     0.00000     0.1050E+02     2.000     5   5.9527
     1442     0.00000     0.4347E+01     2.000     5   5.9529
     1443     0.00000     0.2744E+01     2.000     6   5.9532
     1444     0.00000     0.5081E+01     2.000     6   5.9535
     1445     0.00000     0.1019E+02     2.000     6   5.9550
     1446     0.00000     0.1341E+02     2.000     6   5.9548
     1447     0.00000     0.7087E+01     2.000     4   5.9556
     1448     0.00000     0.7645E+01     2.000     6   5.9558
     1449     0.00000     0.3329E+02     2.000     7   5.9561
     1450     0.00000     0.3867E+01     1.000     6   5.9570
     1451     0.00000     0.2906E+02     2.000     7   5.9569
     1452     0.00000     0.5316E+01     2.000     4   5.9576
     1453     0.00000     0.2565E+02     2.000     6   5.9593
     1454     0.00000     0.1080E+02     2.000     6   5.9623
     1455     0.00000     0.6942E+01     2.000     6   5.9627
     1456     0.00000     0.4129E+01     2.000     4   5.9634
     1457     0.00000     0.4069E+01     2.000     5   5.9636
     1458     0.00000     0.2719E+01     2.000     5   5.9644
     1459     0.00000     0.1047E+02     2.000     5   5.9643
     1460     0.00000     0.1341E+02     2.000     6   5.9643
     1461     0.00000     0.7419E+01     2.000     6   5.9646
     1462     0.00000     0.1610E+02     2.000     7   5.9648
     1463     0.00000     0.2421E+02     2.000     7   5.9655
     1464     0.00000     0.9702E+01     2.000     6   5.9660
     1465     0.00000     0.7533E+01     2.000     7   5.9663
     1466     0.00000     0.4207E+01     2.000     5   5.9664
     1467     0.00000     0.7130E+01     2.000     4   5.9669
     1468     0.00000     0.1145E+02     2.000     6   5.9671
     1469     0.00000     0.4259E+01     2.000     5   5.9676
     1470     0.00000     0.6123E+01     2.000     4   5.9681
     1471     0.00000     0.6119E+01     2.000     5   5.9685
     1472     0.00000     0.1942E+02     2.000     6   5.9681
     1473     0.00000     0.7146E+01     2.000     6   5.9681
     1474     0.00000     0.2725E+02     2.000     7   5.9685
     1475     0.00000     0.6684E+01     2.000     5   5.9696
     1476     0.00000     0.4795E+01     2.000     5   5.9702
     1477     0.00000     0.1341E+02     2.000     6   5.9706
     1478     0.00000     0.1423E+02     2.000     5   5.9711
     1479     0.00000     0.7950E+01     2.000     6   5.9711
     1480     0.00000     0.2729E+02     2.000     7   5.9710
     1482     0.00000     0.3849E+01     2.000     3   5.9720
     1483     0.00000     0.7096E+01     2.000     6   5.9724
     1484     0.00000     0.6515E+01     2.000     6   5.9729
     1485     0.00000     0.9964E+01     2.000     6   5.9727
     1486     0.00000     0.8054E+01     2.000     6   5.9727
     1487     0.00000     0.1161E+02     2.000     6   5.9727
     1488     0.00000     0.7654E+01     2.000     7   5.9729
     1490     0.00000     0.7277E+01     2.000     6   5.9747
     1491     0.00000     0.4333E+02     2.000     7   5.9747
     1492     0.00000     0.3326E+01     2.000     5   5.9756
     1493     0.00000     0.4549E+01     2.000     6   5.9758
     1494     0.00000     0.7255E+01     2.000     6   5.9761
     1496     0.00000     0.1933E+02     2.000     6   5.9769
     1497     0.00000     0.8748E+01     2.000     5   5.9775
     1498     0.00000     0.9593E+01     2.000     6   5.9775
     1499     0.00000     0.7172E+01     2.000     7   5.9782
     1500     0.00000     0.5987E+01     2.000     4   5.9791
     1501     0.00000     0.5625E+02     2.000     7   5.9789
     1502     0.00000     0.1544E+02     2.000     7   5.9789
     1503     0.00000     0.4996E+01     2.000     3   5.9796
     1504     0.00000     0.1411E+02     2.000     5   5.9795
     1505     0.00000     0.2150E+02     2.000     6   5.9794
     1506     0.00000     0.1483E+02     2.000     6   5.9794
     1507     0.00000     0.2682E+02     2.000     7   5.9797
     1509     0.00000     0.1129E+02     2.000     6   5.9808
     1510     0.00000     0.8090E+01     2.000     6   5.9805
     1511     0.00000     0.2568E+02     2.000     6   5.9807
     1513     0.00000     0.4643E+01     2.000     4   5.9825
     1515     0.00000     0.8215E+01     2.000     6   5.9827
     1517     0.00000     0.1054E+02     2.000     5   5.9835
     1518     0.00000     0.2897E+02     2.000     6   5.9837
     1519     0.00000     0.2668E+02     2.000     7   5.9833
     1520     0.00000     0.9074E+01     2.000     7   5.9853
     1521     0.00000     0.3996E+01     2.000     6   5.9854
     1522     0.00000     0.4307E+02     2.000     7   5.9858
     1523     0.00000     0.1248E+02     2.000     6   5.9865
     1524     0.00000     0.2281E+02     2.000     7   5.9867
     1525     0.00000     0.4123E+01     2.000     6   5.9886
     1526     0.00000     0.4329E+01     2.000     6   5.9901
     1527     0.00000     0.1035E+02     2.000     5   5.9918
     1528     0.00000     0.4072E+01     2.000     6   5.9917
     1529     0.00000     0.1414E+02     2.000     6   5.9921
     1530     0.00000     0.3989E+01     2.000     5   5.9932
     1531     0.00000     0.8971E+01     2.000     7   5.9936
     1532     0.00000     0.1386E+02     2.000     7   5.9936
     1533     0.00000     0.9945E+01     2.000     6   5.9942
     1534     0.00000     0.8324E+01     2.000     6   5.9942
     1535     0.00000     0.1209E+02     2.000     6   5.9942
     1536     0.00000     0.4058E+02     2.000     7   5.9948
     1537     0.00000     0.1023E+02     2.000     6   5.9953
     1538     0.00000     0.6374E+01     2.000     6   5.9956
     1539     0.00000     0.9103E+01     2.000     6   5.9955
     1540     0.00000     0.2040E+02     2.000     6   5.9953
     1541     0.00000     0.2246E+02     2.000     6   5.9955
     1542     0.00000     0.2115E+02     2.000     6   5.9958
     1543     0.00000     0.1724E+02     2.000     7   5.9960
     1544     0.00000     0.6981E+01     2.000     6   5.9971
     1545     0.00000     0.7769E+01     2.000     6   5.9973
     1546     0.00000     0.7186E+01     1.000     4   5.9980
     1547     0.00000     0.1132E+02     2.000     5   5.9982
     1548     0.00000     0.5502E+02     2.000     7   6.0002
     1549     0.00000     0.1455E+02     2.000     7   6.0002
     1550     0.00000     0.1218E+02     2.000     6   6.0009
     1551     0.00000     0.1180E+02     2.000     6   6.0024
     1552     0.00000     0.4227E+01     2.000     6   6.0037
     1554     0.00000     0.6281E+01     2.000     6   6.0047
     1555     0.00000     0.3906E+01     2.000     5   6.0064
     1556     0.00000     0.2378E+02     2.000     6   6.0060
     1558     0.00000     0.4307E+01     2.000     7   6.0073
     1560     0.00000     0.3880E+01     2.000     5   6.0081
     1561     0.00000     0.3261E+01     2.000     6   6.0085
     1562     0.00000     0.3983E+02     2.000     7   6.0084
     1564     0.00000     0.1642E+02     2.000     7   6.0099
     1565     0.00000     0.1331E+02     2.000     5   6.0107
     1566     0.00000     0.5551E+01     2.000     5   6.0105
     1567     0.00000     0.3860E+02     2.000     7   6.0107
     1569     0.00000     0.1016E+02     2.000     6   6.0111
     1570     0.00000     0.1060E+02     2.000     6   6.0111
     1571     0.00000     0.1354E+02     2.000     7   6.0112
     1572     0.00000     0.1181E+03     2.000     7   6.0117
     1573     0.00000     0.2013E+02     2.000     6   6.0128
     1574     0.00000     0.2868E+02     2.000     6   6.0126
     1575     0.00000     0.9986E+01     2.000     6   6.0129
     1576     0.00000     0.6461E+01     2.000     6   6.0133
     1577     0.00000     0.7674E+01     2.000     6   6.0133
     1578     0.00000     0.2301E+02     2.000     6   6.0137
     1579     0.00000     0.3327E+01     2.000     6   6.0139
     1580     0.00000     0.4133E+01     2.000     6   6.0143
     1581     0.00000     0.9317E+01     2.000     6   6.0146
     1582     0.00000     0.2268E+02     2.000     6   6.0146
     1583     0.00000     0.2572E+02     2.000     7   6.0149
     1584     0.00000     0.4318E+01     2.000     7   6.0150
     1585     0.00000     0.1117E+02     2.000     5   6.0154
     1586     0.00000     0.7186E+01     2.000     6   6.0155
     1587     0.00000     0.4482E+01     2.000     6   6.0159
     1588     0.00000     0.3143E+01     2.000     3   6.0164
     1589     0.00000     0.1160E+02     2.000     6   6.0168
     1590     0.00000     0.4018E+01     2.000     6   6.0167
     1591     0.00000     0.1164E+02     2.000     6   6.0170
     1592     0.00000     0.5680E+01     2.000     5   6.0184
     1593     0.00000     0.8606E+01     2.000     5   6.0189
     1595     0.00000     0.3037E+01     2.000     6   6.0195
     1596     0.00000     0.1928E+02     2.000     7   6.0200
     1597     0.00000     0.2442E+02     2.000     6   6.0214
     1598     0.00000     0.4596E+02     2.000     7   6.0215
     1599     0.00000     0.1057E+02     2.000     6   6.0228
     1601     0.00000     0.3799E+02     2.000     7   6.0254
     1602     0.00000     0.2350E+02     2.000     7   6.0251
     1603     0.00000     0.5227E+02     2.000     7   6.0251
     1604     0.00000     0.7065E+01     2.000     6   6.0260
     1606     0.00000     0.5984E+01     2.000     6   6.0261
     1607     0.00000     0.2316E+02     2.000     6   6.0261
     1608     0.00000     0.1302E+02     2.000     5   6.0276
     1609     0.00000     0.9738E+01     2.000     6   6.0275
     1610     0.00000     0.8733E+01     2.000     6   6.0277
     1611     0.00000     0.2241E+02     2.000     6   6.0280
     1612     0.00000     0.5612E+01     2.000     6   6.0283
     1613     0.00000     0.5768E+01     2.000     6   6.0283
     1615     0.00000     0.4154E+01     2.000     6   6.0294
     1616     0.00000     0.8929E+01     2.000     6   6.0304
     1617     0.00000     0.6559E+01     2.000     3   6.0305
     1618     0.00000     0.4002E+01     2.000     6   6.0308
     1620     0.00000     0.1148E+03     2.000     7   6.0330
     1621     0.00000     0.1489E+02     2.000     6   6.0335
     1622     0.00000     0.7061E+01     2.000     6   6.0332
     1623     0.00000     0.4111E+01     2.000     6   6.0336
     1624     0.00000     0.8730E+01     2.000     5   6.0344
     1625     0.00000     0.1634E+02     2.000     6   6.0343
     1626     0.00000     0.4742E+02     2.000     7   6.0341
     1627     0.00000     0.3511E+01     2.000     5   6.0350
     1628     0.00000     0.5978E+01     2.000     6   6.0351
     1629     0.00000     0.3001E+02     2.000     7   6.0359
     1630     0.00000     0.1182E+02     2.000     5   6.0365
     1631     0.00000     0.2538E+02     2.000     7   6.0367
     1632     0.00000     0.5314E+01     2.000     4   6.0372
     1633     0.00000     0.3046E+02     2.000     7   6.0374
     1634     0.00000     0.9722E+02     2.000     7   6.0385
     1635     0.00000     0.1132E+02     2.000     6   6.0392
     1636     0.00000     0.8178E+01     2.000     5   6.0394
     1637     0.00000     0.1528E+02     2.000     6   6.0400
     1638     0.00000     0.6103E+01     2.000     6   6.0401
     1639     0.00000     0.2279E+02     2.000     6   6.0403
     1640     0.00000     0.6007E+01     2.000     6   6.0399
     1641     0.00000     0.9185E+01     2.000     6   6.0406
     1642     0.00000     0.1845E+02     2.000     7   6.0414
     1643     0.00000     0.3729E+01     2.000     7   6.0411
     1644     0.00000     0.4098E+01     2.000     4   6.0422
     1645     0.00000     0.1211E+02     2.000     5   6.0426
     1646     0.00000     0.1771E+02     2.000     7   6.0426
     1647     0.00000     0.5819E+01     2.000     6   6.0431
     1648     0.00000     0.3969E+01     2.000     6   6.0439
     1649     0.00000     0.3104E+01     2.000     6   6.0439
     1650     0.00000     0.9367E+01     2.000     6   6.0442
     1651     0.00000     0.5353E+01     2.000     6   6.0465
     1652     0.00000     0.5505E+01     2.000     6   6.0465
     1653     0.00000     0.2290E+02     2.000     7   6.0464
     1654     0.00000     0.5150E+02     2.000     7   6.0464
     1655     0.00000     0.1648E+02     2.000     6   6.0470
     1656     0.00000     0.3002E+02     2.000     7   6.0490
     1657     0.00000     0.2631E+02     2.000     6   6.0519
     1658     0.00000     0.3057E+02     2.000     7   6.0526
     1659     0.00000     0.2165E+02     2.000     7   6.0537
     1660     0.00000     0.1719E+02     2.000     7   6.0539
     1661     0.00000     0.6331E+01     2.000     6   6.0549
     1662     0.00000     0.2646E+02     2.000     6   6.0553
     1663     0.00000     0.8016E+01     2.000     6   6.0550
     1664     0.00000     0.6721E+01     2.000     6   6.0555
     1665     0.00000     0.2562E+02     2.000     7   6.0555
     1666     0.00000     0.1730E+02     2.000     7   6.0556
     1667     0.00000     0.1045E+02     2.000     7   6.0553
     1668     0.00000     0.5731E+01     2.000     6   6.0567
     1670     0.00000     0.4243E+01     2.000     6   6.0573
     1671     0.00000     0.6417E+01     2.000     6   6.0581
     1672     0.00000     0.2616E+02     2.000     7   6.0580
     1673     0.00000     0.9853E+02     2.000     7   6.0598
     1674     0.00000     0.3019E+01     2.000     5   6.0620
     1675     0.00000     0.5905E+01     2.000     6   6.0621
     1676     0.00000     0.2770E+02     2.000     7   6.0630
     1677     0.00000     0.3074E+02     2.000     7   6.0630
     1678     0.00000     0.6461E+01     2.000     6   6.0644
     1679     0.00000     0.3305E+01     2.000     6   6.0644
     1682     0.00000     0.8103E+01     2.000     6   6.0664
     1683     0.00000     0.4705E+01     2.000     6   6.0669
     1684     0.00000     0.6827E+01     2.000     6   6.0675
     1685     0.00000     0.1669E+02     2.000     7   6.0679
     1686     0.00000     0.1009E+02     2.000     7   6.0693
     1687     0.00000     0.3643E+01     2.000     5   6.0697
     1688     0.00000     0.4117E+01     2.000     6   6.0712
     1690     0.00000     0.3068E+01     2.000     5   6.0758
     1691     0.00000     0.2065E+02     2.000     7   6.0760
     1692     0.00000     0.2801E+02     2.000     7   6.0759
     1693     0.00000     0.3091E+02     2.000     7   6.0759
     1694     0.00000     0.2758E+02     2.000     5   6.0774
     1695     0.00000     0.1265E+02     2.000     7   6.0777
     1696     0.00000     0.3938E+01     2.000     4   6.0789
     1697     0.00000     0.7885E+01     2.000     6   6.0792
     1699     0.00000     0.3021E+01     2.000     5   6.0805
     1700     0.00000     0.8286E+01     2.000     6   6.0802
     1701     0.00000     0.1345E+02     2.000     6   6.0803
     1702     0.00000     0.4858E+01     2.000     4   6.0813
     1703     0.00000     0.5842E+01     2.000     6   6.0812
     1705     0.00000     0.7932E+01     2.000     6   6.0850
     1706     0.00000     0.2982E+01     2.000     7   6.0859
     1707     0.00000     0.2208E+02     2.000     7   6.0874
     1708     0.00000     0.8376E+01     2.000     6   6.0885
     1709     0.00000     0.1230E+02     2.000     7   6.0916
     1710     0.00000     0.3208E+01     2.000     6   6.0921
     1711     0.00000     0.7119E+01     2.000     6   6.0921
     1712     0.00000     0.4960E+01     2.000     6   6.0921
     1713     0.00000     0.1627E+02     2.000     7   6.0919
     1715     0.00000     0.9240E+01     2.000     6   6.0956
     1716     0.00000     0.5019E+01     2.000     6   6.0962
     1717     0.00000     0.8797E+01     2.000     5   6.0957
     1718     0.00000     0.1322E+02     2.000     6   6.0969
     1720     0.00000     0.4936E+01     2.000     4   6.0979
     1721     0.00000     0.4616E+01     2.000     5   6.0987
     1722     0.00000     0.9622E+01     2.000     6   6.0986
     1723     0.00000     0.6621E+01     2.000     5   6.0990
     1724     0.00000     0.4646E+01     2.000     5   6.0990
     1725     0.00000     0.3157E+01     2.000     4   6.0997
     1726     0.00000     0.1574E+02     2.000     7   6.1004
     1727     0.00000     0.7702E+01     2.000     6   6.1008
     1728     0.00000     0.6479E+01     2.000     6   6.1012
     1729     0.00000     0.5351E+01     2.000     6   6.1015
     1730     0.00000     0.5998E+01     2.000     6   6.1018
     1731     0.00000     0.7939E+01     2.000     6   6.1020
     1732     0.00000     0.5709E+01     2.000     6   6.1029
     1733     0.00000     0.1593E+02     2.000     7   6.1032
     1734     0.00000     0.2706E+01     2.000     4   6.1038
     1736     0.00000     0.3037E+01     2.000     4   6.1042
     1739     0.00000     0.4257E+01     2.000     6   6.1064
     1740     0.00000     0.4928E+01     2.000     6   6.1062
     1741     0.00000     0.2805E+02     2.000     7   6.1070
     1742     0.00000     0.3169E+01     2.000     4   6.1074
     1743     0.00000     0.5498E+01     2.000     6   6.1078
     1744     0.00000     0.3804E+01     2.000     7   6.1081
     1745     0.00000     0.2225E+02     2.000     7   6.1078
     1746     0.00000     0.4647E+01     2.000     7   6.1080
     1747     0.00000     0.8225E+01     2.000     6   6.1083
     1748     0.00000     0.3534E+02     2.000     7   6.1092
     1749     0.00000     0.3393E+01     2.000     4   6.1096
     1750     0.00000     0.4095E+01     2.000     5   6.1105
     1751     0.00000     0.8233E+01     2.000     6   6.1107
     1752     0.00000     0.7145E+01     2.000     6   6.1110
     1753     0.00000     0.8458E+01     2.000     5   6.1117
     1754     0.00000     0.2813E+01     2.000     5   6.1122
     1755     0.00000     0.2944E+01     2.000     5   6.1131
     1756     0.00000     0.6711E+01     2.000     6   6.1140
     1757     0.00000     0.1334E+02     2.000     6   6.1142
     1758     0.00000     0.1018E+02     2.000     7   6.1145
     1759     0.00000     0.1561E+02     2.000     7   6.1146
     1762     0.00000     0.8816E+01     2.000     7   6.1160
     1763     0.00000     0.9852E+01     2.000     7   6.1175
     1764     0.00000     0.6690E+01     2.000     5   6.1180
     1765     0.00000     0.5679E+01     2.000     5   6.1185
     1767     0.00000     0.8716E+01     2.000     7   6.1189
     1768     0.00000     0.6260E+01     2.000     6   6.1206
     1769     0.00000     0.5097E+01     2.000     5   6.1213
     1770     0.00000     0.3145E+01     2.000     4   6.1220
     1771     0.00000     0.3619E+02     2.000     7   6.1221
     1772     0.00000     0.2149E+02     2.000     7   6.1226
     1773     0.00000     0.7954E+01     2.000     7   6.1226
     1774     0.00000     0.2681E+02     2.000     7   6.1229
     1775     0.00000     0.1302E+02     2.000     7   6.1228
     1776     0.00000     0.4363E+01     2.000     7   6.1234
     1777     0.00000     0.8020E+01     2.000     6   6.1241
     1778     0.00000     0.3896E+01     2.000     7   6.1239
     1779     0.00000     0.3853E+01     2.000     5   6.1246
     1780     0.00000     0.4958E+01     2.000     6   6.1263
     1781     0.00000     0.5253E+01     2.000     6   6.1271
     1782     0.00000     0.3730E+01     2.000     6   6.1269
     1783     0.00000     0.7817E+01     2.000     5   6.1275
     1784     0.00000     0.5808E+01     2.000     5   6.1280
     1785     0.00000     0.4158E+01     2.000     4   6.1285
     1786     0.00000     0.4227E+01     2.000     6   6.1284
     1787     0.00000     0.2724E+02     2.000     7   6.1284
     1791     0.00000     0.3426E+01     2.000     7   6.1299
     1792     0.00000     0.3577E+01     2.000     6   6.1305
     1793     0.00000     0.3326E+01     2.000     5   6.1310
     1794     0.00000     0.1301E+02     2.000     6   6.1315
     1795     0.00000     0.8035E+01     2.000     6   6.1321
     1796     0.00000     0.4696E+01     2.000     6   6.1329
     1798     0.00000     0.3828E+02     2.000     7   6.1336
     1799     0.00000     0.5854E+02     2.000     7   6.1336
     1800     0.00000     0.2268E+02     2.000     7   6.1356
     1801     0.00000     0.9205E+01     2.000     7   6.1356
     1802     0.00000     0.3450E+01     2.000     5   6.1357
     1803     0.00000     0.3399E+01     2.000     5   6.1357
     1804     0.00000     0.3031E+01     2.000     5   6.1364
     1805     0.00000     0.4617E+01     2.000     6   6.1363
     1806     0.00000     0.5125E+01     2.000     6   6.1374
     1807     0.00000     0.1291E+02     2.000     7   6.1370
     1808     0.00000     0.4042E+01     2.000     5   6.1378
     1809     0.00000     0.2162E+02     2.000     6   6.1383
     1812     0.00000     0.7825E+01     2.000     6   6.1416
     1813     0.00000     0.3964E+01     2.000     6   6.1431
     1814     0.00000     0.8268E+01     2.000     6   6.1437
     1815     0.00000     0.2609E+02     2.000     7   6.1454
     1816     0.00000     0.2743E+02     2.000     7   6.1455
     1817     0.00000     0.3493E+01     2.000     7   6.1462
     1818     0.00000     0.3819E+01     2.000     5   6.1468
     1819     0.00000     0.7655E+01     2.000     6   6.1472
     1820     0.00000     0.6800E+01     2.000     7   6.1470
     1821     0.00000     0.2838E+02     2.000     7   6.1470
     1822     0.00000     0.3759E+01     2.000     6   6.1478
     1823     0.00000     0.7548E+01     2.000     5   6.1491
     1826     0.00000     0.1732E+02     2.000     7   6.1508
     1827     0.00000     0.3349E+01     2.000     7   6.1506
     1828     0.00000     0.3764E+01     2.000     5   6.1523
     1829     0.00000     0.4743E+01     2.000     6   6.1529
     1830     0.00000     0.1396E+02     2.000     7   6.1533
     1831     0.00000     0.5001E+01     2.000     6   6.1536
     1832     0.00000     0.3884E+02     2.000     7   6.1540
     1833     0.00000     0.5935E+02     2.000     7   6.1540
     1834     0.00000     0.2796E+02     2.000     7   6.1560
     1836     0.00000     0.2912E+02     1.000     6   6.1568
     1837     0.00000     0.2742E+01     2.000     6   6.1566
     1838     0.00000     0.1375E+02     2.000     7   6.1568
     1839     0.00000     0.5264E+01     1.000     6   6.1572
     1840     0.00000     0.2836E+01     2.000     4   6.1579
     1841     0.00000     0.8271E+01     2.000     6   6.1575
     1842     0.00000     0.7361E+01     2.000     6   6.1582
     1843     0.00000     0.7533E+01     2.000     6   6.1586
     1844     0.00000     0.5181E+01     1.000     6   6.1598
     1845     0.00000     0.3230E+01     2.000     5   6.1599
     1846     0.00000     0.2087E+02     2.000     6   6.1602
     1847     0.00000     0.2151E+02     2.000     7   6.1611
     1848     0.00000     0.1389E+02     2.000     7   6.1610
     1849     0.00000     0.2002E+02     2.000     7   6.1611
     1850     0.00000     0.6613E+01     2.000     7   6.1621
     1852     0.00000     0.3370E+01     2.000     7   6.1626
     1853     0.00000     0.5757E+01     2.000     7   6.1625
     1855     0.00000     0.3104E+01     2.000     6   6.1628
     1856     0.00000     0.1714E+02     2.000     7   6.1636
     1857     0.00000     0.2167E+02     2.000     7   6.1642
     1859     0.00000     0.3713E+01     2.000     6   6.1650
     1861     0.00000     0.3358E+01     2.000     5   6.1655
     1862     0.00000     0.9203E+01     2.000     7   6.1660
     1863     0.00000     0.2470E+02     2.000     7   6.1658
     1864     0.00000     0.2941E+01     2.000     4   6.1668
     1865     0.00000     0.1636E+02     2.000     7   6.1667
     1866     0.00000     0.1884E+02     2.000     7   6.1675
     1867     0.00000     0.7377E+01     2.000     7   6.1674
     1868     0.00000     0.2906E+02     2.000     7   6.1674
     1869     0.00000     0.6231E+01     2.000     5   6.1680
     1870     0.00000     0.1328E+02     2.000     7   6.1689
     1871     0.00000     0.8729E+01     2.000     6   6.1718
     1872     0.00000     0.4423E+01     1.000     6   6.1714
     1873     0.00000     0.7408E+01     2.000     6   6.1718
     1874     0.00000     0.2018E+02     2.000     7   6.1726
     1876     0.00000     0.6840E+01     2.000     6   6.1744
     1877     0.00000     0.1161E+02     2.000     6   6.1750
     1878     0.00000     0.2755E+01     2.000     7   6.1751
     1880     0.00000     0.6554E+01     2.000     6   6.1765
     1882     0.00000     0.5233E+01     2.000     5   6.1795
     1883     0.00000     0.6212E+01     2.000     6   6.1794
     1884     0.00000     0.7026E+01     2.000     7   6.1794
     1886     0.00000     0.6783E+01     2.000     6   6.1799
     1887     0.00000     0.4475E+01     2.000     6   6.1797
     1888     0.00000     0.3852E+01     2.000     5   6.1806
     1889     0.00000     0.1624E+02     2.000     7   6.1806
     1892     0.00000     0.2409E+02     2.000     7   6.1824
     1893     0.00000     0.8716E+01     2.000     7   6.1832
     1894     0.00000     0.4230E+01     2.000     5   6.1837
     1896     0.00000     0.1261E+02     2.000     7   6.1841
     1897     0.00000     0.4974E+01     2.000     5   6.1851
     1898     0.00000     0.6589E+01     2.000     5   6.1871
     1899     0.00000     0.3232E+01     2.000     6   6.1867
     1900     0.00000     0.1137E+02     2.000     6   6.1878
     1901     0.00000     0.6588E+01     2.000     6   6.1875
     1902     0.00000     0.6019E+01     2.000     6   6.1878
     1903     0.00000     0.8816E+01     2.000     7   6.1879
     1904     0.00000     0.5515E+01     2.000     5   6.1891
     1905     0.00000     0.1820E+02     2.000     7   6.1893
     1906     0.00000     0.2710E+01     2.000     6   6.1901
     1907     0.00000     0.6080E+01     2.000     7   6.1901
     1908     0.00000     0.4447E+01     2.000     6   6.1904
     1910     0.00000     0.3850E+01     2.000     4   6.1914
     1911     0.00000     0.3414E+01     2.000     4   6.1915
     1912     0.00000     0.1244E+02     2.000     7   6.1915
     1913     0.00000     0.5822E+01     2.000     5   6.1922
     1915     0.00000     0.5015E+01     2.000     5   6.1932
     1916     0.00000     0.6067E+01     2.000     4   6.1935
     1917     0.00000     0.1046E+02     2.000     7   6.1938
     1918     0.00000     0.2830E+01     2.000     6   6.1955
     1919     0.00000     0.8272E+01     2.000     7   6.1970
     1921     0.00000     0.4774E+01     2.000     6   6.1971
     1922     0.00000     0.4368E+01     2.000     6   6.1975
     1923     0.00000     0.4048E+01     2.000     4   6.1987
     1924     0.00000     0.1871E+02     2.000     7   6.1998
     1925     0.00000     0.5155E+01     2.000     5   6.2009
     1926     0.00000     0.3027E+01     2.000     7   6.2013
     1927     0.00000     0.2673E+01     2.000     5   6.2026
     1928     0.00000     0.5913E+01     2.000     7   6.2035
     1929     0.00000     0.1091E+02     2.000     7   6.2049
     1930     0.00000     0.9150E+01     2.000     7   6.2058
     1931     0.00000     0.1266E+02     2.000     7   6.2071
     1932     0.00000     0.3330E+01     2.000     4   6.2077
     1933     0.00000     0.7633E+01     2.000     6   6.2078
     1934     0.00000     0.1121E+02     2.000     7   6.2078
     1935     0.00000     0.1816E+02     2.000     7   6.2083
     1936     0.00000     0.8056E+01     2.000     7   6.2084
     1937     0.00000     0.4364E+01     2.000     6   6.2088
     1939     0.00000     0.7227E+01     2.000     6   6.2120
     1940     0.00000     0.1015E+02     2.000     7   6.2126
     1942     0.00000     0.1279E+02     2.000     7   6.2144
     1943     0.00000     0.4168E+01     2.000     5   6.2176
     1944     0.00000     0.2407E+02     2.000     7   6.2180
     1945     0.00000     0.4328E+01     2.000     6   6.2201
     1946     0.00000     0.4520E+01     2.000     6   6.2200
     1948     0.00000     0.1164E+02     2.000     7   6.2220
     1949     0.00000     0.1573E+02     2.000     7   6.2235
     1951     0.00000     0.5916E+01     2.000     6   6.2257
     1952     0.00000     0.1226E+02     2.000     7   6.2261
     1953     0.00000     0.1136E+02     2.000     7   6.2261
     1954     0.00000     0.1648E+02     2.000     6   6.2267
     1955     0.00000     0.8597E+01     2.000     7   6.2266
     1956     0.00000     0.4087E+01     2.000     6   6.2288
     1957     0.00000     0.1572E+02     2.000     7   6.2292
     1958     0.00000     0.4774E+01     2.000     6   6.2298
     1959     0.00000     0.3640E+01     2.000     5   6.2304
     1960     0.00000     0.3677E+01     1.000     6   6.2301
     1961     0.00000     0.7229E+01     2.000     6   6.2302
     1962     0.00000     0.2668E+02     2.000     7   6.2302
     1963     0.00000     0.1589E+02     2.000     7   6.2304
     1964     0.00000     0.1549E+02     2.000     7   6.2312
     1965     0.00000     0.3672E+01     2.000     5   6.2313
     1966     0.00000     0.3045E+01     2.000     7   6.2316
     1967     0.00000     0.3083E+01     2.000     7   6.2317
     1968     0.00000     0.5651E+01     2.000     4   6.2320
     1969     0.00000     0.4235E+01     2.000     5   6.2328
     1970     0.00000     0.5417E+01     2.000     5   6.2341
     1971     0.00000     0.5392E+01     2.000     5   6.2341
     1973     0.00000     0.1983E+02     2.000     7   6.2343
     1974     0.00000     0.2023E+02     2.000     7   6.2343
     1975     0.00000     0.1360E+02     2.000     7   6.2343
     1976     0.00000     0.1004E+02     2.000     7   6.2346
     1977     0.00000     0.1212E+02     2.000     7   6.2350
     1978     0.00000     0.2004E+02     2.000     7   6.2350
     1979     0.00000     0.1156E+02     2.000     7   6.2350
     1980     0.00000     0.1650E+02     2.000     6   6.2356
     1983     0.00000     0.1612E+02     2.000     7   6.2355
     1984     0.00000     0.1100E+02     2.000     6   6.2358
     1986     0.00000     0.5717E+01     2.000     7   6.2359
     1987     0.00000     0.7835E+01     2.000     7   6.2361
     1988     0.00000     0.4643E+01     2.000     7   6.2363
     1989     0.00000     0.5048E+01     2.000     7   6.2362
     1990     0.00000     0.2412E+02     2.000     7   6.2367
     1991     0.00000     0.1120E+02     2.000     7   6.2363
     1992     0.00000     0.1174E+02     2.000     7   6.2376
     1993     0.00000     0.2943E+02     2.000     7   6.2374
     1994     0.00000     0.9260E+01     2.000     5   6.2380
     1995     0.00000     0.3491E+01     1.000     6   6.2381
     1996     0.00000     0.1688E+02     2.000     6   6.2379
     1997     0.00000     0.2661E+02     2.000     7   6.2383
     1998     0.00000     0.1612E+02     2.000     7   6.2380
     1999     0.00000     0.6695E+01     2.000     7   6.2399
     2000     0.00000     0.4734E+01     2.000     7   6.2401
     2002     0.00000     0.4659E+01     2.000     5   6.2418
     2003     0.00000     0.1161E+02     2.000     7   6.2421
     2004     0.00000     0.1555E+02     2.000     7   6.2422
     2005     0.00000     0.1693E+02     2.000     7   6.2432
     2006     0.00000     0.3207E+01     2.000     7   6.2446
     2008     0.00000     0.1432E+02     2.000     6   6.2456
     2009     0.00000     0.4235E+01     2.000     5   6.2470
     2010     0.00000     0.4752E+01     2.000     7   6.2479
     2011     0.00000     0.1130E+02     2.000     6   6.2494
     2012     0.00000     0.8171E+01     2.000     7   6.2495
     2014     0.00000     0.3294E+02     2.000     7   6.2507
     2015     0.00000     0.2820E+02     2.000     7   6.2507
     2017     0.00000     0.4299E+01     2.000     5   6.2520
     2018     0.00000     0.2009E+02     2.000     7   6.2518
     2019     0.00000     0.1961E+02     2.000     7   6.2526
     2020     0.00000     0.1357E+02     2.000     7   6.2526
     2021     0.00000     0.2952E+01     2.000     7   6.2528
     2022     0.00000     0.1398E+02     2.000     6   6.2532
     2024     0.00000     0.3748E+02     2.000     7   6.2534
     2025     0.00000     0.7673E+01     2.000     7   6.2533
     2026     0.00000     0.1682E+02     2.000     6   6.2544
     2028     0.00000     0.5792E+01     2.000     6   6.2546
     2031     0.00000     0.1082E+02     2.000     7   6.2555
     2032     0.00000     0.3269E+01     2.000     5   6.2564
     2033     0.00000     0.5184E+01     2.000     5   6.2562
     2034     0.00000     0.5157E+01     2.000     5   6.2562
     2035     0.00000     0.6429E+01     2.000     7   6.2564
     2036     0.00000     0.1161E+02     2.000     7   6.2560
     2037     0.00000     0.7118E+01     2.000     6   6.2567
     2038     0.00000     0.1126E+02     2.000     7   6.2565
     2040     0.00000     0.1130E+02     2.000     6   6.2569
     2041     0.00000     0.2915E+01     2.000     7   6.2575
     2042     0.00000     0.3108E+01     2.000     7   6.2577
     2045     0.00000     0.1005E+02     2.000     6   6.2602
     2046     0.00000     0.9463E+01     2.000     7   6.2602
     2050     0.00000     0.7207E+01     2.000     6   6.2637
     2051     0.00000     0.9331E+01     2.000     7   6.2635
     2052     0.00000     0.3548E+01     2.000     5   6.2640
     2053     0.00000     0.1108E+02     2.000     6   6.2655
     2054     0.00000     0.5275E+01     2.000     6   6.2654
     2055     0.00000     0.1919E+02     2.000     7   6.2657
     2056     0.00000     0.7969E+01     2.000     7   6.2657
     2057     0.00000     0.3678E+02     2.000     7   6.2671
     2058     0.00000     0.3497E+01     2.000     4   6.2677
     2059     0.00000     0.5410E+01     2.000     6   6.2685
     2060     0.00000     0.3207E+02     2.000     7   6.2686
     2061     0.00000     0.4717E+01     2.000     7   6.2684
     2062     0.00000     0.7884E+01     2.000     7   6.2687
     2063     0.00000     0.5507E+01     2.000     6   6.2694
     2064     0.00000     0.2841E+02     2.000     7   6.2693
     2065     0.00000     0.3242E+01     2.000     5   6.2699
     2066     0.00000     0.6430E+01     2.000     7   6.2699
     2067     0.00000     0.2973E+01     2.000     6   6.2717
     2068     0.00000     0.7563E+01     2.000     7   6.2721
     2069     0.00000     0.5568E+01     2.000     5   6.2723
     2070     0.00000     0.5537E+01     2.000     5   6.2723
     2072     0.00000     0.6506E+01     2.000     7   6.2743
     2073     0.00000     0.1209E+02     2.000     7   6.2751
     2074     0.00000     0.6677E+01     2.000     7   6.2754
     2075     0.00000     0.2907E+01     2.000     6   6.2767
     2076     0.00000     0.9555E+01     2.000     6   6.2767
     2077     0.00000     0.6468E+01     2.000     7   6.2777
     2078     0.00000     0.1118E+02     2.000     7   6.2782
     2079     0.00000     0.8769E+01     2.000     5   6.2802
     2080     0.00000     0.1025E+02     2.000     6   6.2813
     2081     0.00000     0.3950E+01     2.000     7   6.2812
     2082     0.00000     0.6537E+01     2.000     7   6.2818
     2084     0.00000     0.5563E+01     2.000     5   6.2834
     2085     0.00000     0.5529E+01     2.000     5   6.2834
     2086     0.00000     0.4670E+01     2.000     7   6.2842
     2087     0.00000     0.1279E+02     2.000     6   6.2841
     2088     0.00000     0.7002E+01     2.000     7   6.2843
     2089     0.00000     0.2788E+02     2.000     7   6.2841
     2090     0.00000     0.3055E+01     2.000     5   6.2853
     2091     0.00000     0.1659E+02     2.000     7   6.2857
     2092     0.00000     0.5868E+01     2.000     6   6.2871
     2093     0.00000     0.3474E+02     2.000     7   6.2882
     2094     0.00000     0.6908E+01     2.000     6   6.2896
     2095     0.00000     0.4757E+01     2.000     5   6.2901
     2096     0.00000     0.3513E+01     2.000     4   6.2908
     2097     0.00000     0.1772E+02     2.000     6   6.2921
     2098     0.00000     0.4135E+01     2.000     5   6.2928
     2099     0.00000     0.4534E+01     2.000     7   6.2927
     2100     0.00000     0.5193E+01     2.000     5   6.2936
     2101     0.00000     0.1020E+02     2.000     5   6.2939
     2102     0.00000     0.1624E+02     2.000     7   6.2946
     2103     0.00000     0.6297E+01     2.000     7   6.2963
     2104     0.00000     0.1791E+02     2.000     7   6.2970
     2105     0.00000     0.6708E+01     2.000     6   6.2972
     2106     0.00000     0.1799E+02     2.000     6   6.2987
     2107     0.00000     0.4632E+01     2.000     5   6.2994
     2108     0.00000     0.4742E+01     2.000     5   6.2994
     2109     0.00000     0.2379E+02     2.000     7   6.2995
     2110     0.00000     0.6868E+01     2.000     6   6.3009
     2111     0.00000     0.1239E+02     2.000     6   6.3013
     2112     0.00000     0.2925E+02     2.000     7   6.3016
     2113     0.00000     0.3406E+02     2.000     7   6.3017
     2114     0.00000     0.6804E+01     2.000     7   6.3021
     2115     0.00000     0.7274E+01     2.000     6   6.3026
     2116     0.00000     0.4458E+01     2.000     6   6.3044
     2118     0.00000     0.9024E+01     2.000     6   6.3047
     2119     0.00000     0.3468E+01     2.000     6   6.3054
     2120     0.00000     0.4051E+01     2.000     4   6.3063
     2121     0.00000     0.5816E+01     2.000     5   6.3062
     2122     0.00000     0.5767E+01     2.000     5   6.3062
     2124     0.00000     0.3734E+02     2.000     7   6.3075
     2125     0.00000     0.4718E+01     2.000     5   6.3078
     2126     0.00000     0.8768E+01     2.000     6   6.3081
     2129     0.00000     0.3518E+01     2.000     6   6.3091
     2130     0.00000     0.8992E+01     2.000     6   6.3101
     2131     0.00000     0.1802E+02     2.000     7   6.3104
     2132     0.00000     0.3787E+02     2.000     7   6.3113
     2133     0.00000     0.9986E+01     2.000     7   6.3122
     2134     0.00000     0.3257E+01     2.000     7   6.3131
     2135     0.00000     0.7053E+01     2.000     5   6.3132
     2136     0.00000     0.2322E+02     2.000     7   6.3139
     2137     0.00000     0.4891E+01     2.000     3   6.3146
     2138     0.00000     0.8681E+01     2.000     6   6.3149
     2139     0.00000     0.8854E+01     2.000     6   6.3149
     2140     0.00000     0.2925E+02     2.000     7   6.3151
     2141     0.00000     0.7358E+01     2.000     5   6.3153
     2143     0.00000     0.1039E+02     2.000     6   6.3160
     2144     0.00000     0.2830E+02     2.000     7   6.3167
     2145     0.00000     0.3206E+01     2.000     6   6.3186
     2146     0.00000     0.9756E+01     2.000     7   6.3201
     2147     0.00000     0.3924E+01     2.000     6   6.3203
     2148     0.00000     0.1036E+02     2.000     6   6.3217
     2149     0.00000     0.1488E+02     2.000     6   6.3223
     2150     0.00000     0.3420E+01     2.000     4   6.3242
     2151     0.00000     0.7227E+01     2.000     6   6.3255
     2152     0.00000     0.9035E+01     2.000     7   6.3265
     2154     0.00000     0.5604E+01     2.000     6   6.3280
     2155     0.00000     0.3124E+01     2.000     6   6.3282
     2156     0.00000     0.3087E+01     2.000     6   6.3281
     2158     0.00000     0.1464E+02     2.000     6   6.3285
     2159     0.00000     0.9453E+01     2.000     7   6.3289
     2160     0.00000     0.1208E+02     2.000     7   6.3297
     2163     0.00000     0.5303E+01     2.000     6   6.3322
     2164     0.00000     0.8491E+01     2.000     6   6.3319
     2165     0.00000     0.8650E+01     2.000     6   6.3319
     2166     0.00000     0.7500E+01     2.000     6   6.3323
     2168     0.00000     0.4323E+01     2.000     6   6.3324
     2169     0.00000     0.5813E+01     2.000     6   6.3323
     2170     0.00000     0.5221E+01     2.000     6   6.3323
     2171     0.00000     0.1234E+02     2.000     7   6.3326
     2172     0.00000     0.3785E+01     2.000     7   6.3327
     2173     0.00000     0.5773E+01     2.000     7   6.3343
     2175     0.00000     0.6688E+01     2.000     6   6.3364
     2176     0.00000     0.5617E+01     2.000     6   6.3362
     2177     0.00000     0.5019E+01     2.000     6   6.3362
     2179     0.00000     0.5676E+01     2.000     5   6.3369
     2180     0.00000     0.5626E+01     2.000     5   6.3369
     2181     0.00000     0.3547E+01     2.000     6   6.3372
     2182     0.00000     0.2740E+02     2.000     7   6.3377
     2183     0.00000     0.1621E+02     2.000     6   6.3388
     2184     0.00000     0.5338E+01     2.000     7   6.3389
     2185     0.00000     0.1113E+02     2.000     7   6.3391
     2187     0.00000     0.7325E+01     2.000     6   6.3400
     2188     0.00000     0.3327E+01     2.000     7   6.3401
     2190     0.00000     0.8754E+01     2.000     6   6.3411
     2191     0.00000     0.2724E+02     2.000     7   6.3412
     2192     0.00000     0.1749E+02     2.000     7   6.3410
     2193     0.00000     0.3183E+01     2.000     5   6.3428
     2194     0.00000     0.3261E+01     2.000     6   6.3428
     2195     0.00000     0.3118E+01     2.000     5   6.3439
     2196     0.00000     0.6437E+01     2.000     6   6.3437
     2197     0.00000     0.8624E+01     2.000     6   6.3437
     2198     0.00000     0.1735E+02     2.000     7   6.3445
     2199     0.00000     0.1767E+02     2.000     7   6.3449
     2200     0.00000     0.5792E+01     2.000     6   6.3469
     2201     0.00000     0.7540E+01     2.000     7   6.3475
     2202     0.00000     0.5558E+01     2.000     7   6.3481
     2203     0.00000     0.1011E+02     2.000     6   6.3495
     2204     0.00000     0.2953E+01     2.000     6   6.3503
     2205     0.00000     0.7833E+01     2.000     7   6.3503
     2206     0.00000     0.3963E+01     2.000     6   6.3511
     2207     0.00000     0.3762E+01     2.000     6   6.3518
     2208     0.00000     0.1712E+02     2.000     7   6.3522
     2209     0.00000     0.1219E+02     2.000     6   6.3531
     2210     0.00000     0.1507E+02     2.000     7   6.3527
     2211     0.00000     0.1138E+02     2.000     6   6.3534
     2212     0.00000     0.5497E+01     2.000     6   6.3538
     2213     0.00000     0.4553E+01     2.000     5   6.3544
     2214     0.00000     0.3863E+01     2.000     7   6.3546
     2215     0.00000     0.1886E+02     2.000     7   6.3546
     2216     0.00000     0.2965E+01     2.000     7   6.3548
     2218     0.00000     0.8625E+01     2.000     6   6.3553
     2219     0.00000     0.1613E+02     2.000     6   6.3555
     2220     0.00000     0.5168E+01     2.000     7   6.3563
     2221     0.00000     0.1452E+02     2.000     7   6.3566
     2222     0.00000     0.5037E+01     2.000     5   6.3576
     2223     0.00000     0.5416E+01     2.000     6   6.3576
     2224     0.00000     0.1226E+02     2.000     6   6.3591
     2225     0.00000     0.2866E+01     2.000     6   6.3595
     2227     0.00000     0.9031E+01     2.000     5   6.3600
     2228     0.00000     0.4589E+01     2.000     5   6.3606
     2229     0.00000     0.5032E+01     2.000     5   6.3606
     2230     0.00000     0.5454E+01     2.000     6   6.3623
     2231     0.00000     0.4330E+01     2.000     6   6.3632
     2233     0.00000     0.5149E+01     2.000     6   6.3636
     2234     0.00000     0.4967E+01     2.000     6   6.3634
     2235     0.00000     0.8578E+01     2.000     7   6.3640
     2236     0.00000     0.4140E+01     2.000     6   6.3638
     2237     0.00000     0.4222E+01     2.000     3   6.3645
     2238     0.00000     0.1513E+02     2.000     7   6.3655
     2239     0.00000     0.5217E+01     2.000     7   6.3657
     2240     0.00000     0.5062E+01     2.000     6   6.3658
     2242     0.00000     0.4289E+01     2.000     6   6.3665
     2245     0.00000     0.1401E+02     2.000     6   6.3676
     2248     0.00000     0.2765E+01     2.000     7   6.3688
     2249     0.00000     0.7475E+01     2.000     6   6.3685
     2250     0.00000     0.5062E+01     2.000     6   6.3691
     2251     0.00000     0.1277E+02     2.000     6   6.3691
     2252     0.00000     0.4328E+01     2.000     7   6.3697
     2253     0.00000     0.4970E+01     2.000     6   6.3701
     2254     0.00000     0.8792E+01     2.000     5   6.3699
     2255     0.00000     0.5002E+01     2.000     6   6.3705
     2256     0.00000     0.3764E+01     2.000     4   6.3714
     2257     0.00000     0.5324E+01     2.000     6   6.3715
     2258     0.00000     0.5670E+01     2.000     6   6.3719
     2259     0.00000     0.4163E+01     2.000     5   6.3719
     2261     0.00000     0.5751E+01     2.000     5   6.3722
     2262     0.00000     0.5813E+01     2.000     6   6.3723
     2263     0.00000     0.2827E+01     2.000     7   6.3732
     2265     0.00000     0.2114E+02     2.000     6   6.3733
     2266     0.00000     0.1419E+02     2.000     6   6.3742
     2267     0.00000     0.5718E+01     2.000     5   6.3752
     2268     0.00000     0.7476E+01     2.000     6   6.3760
     2269     0.00000     0.5147E+01     2.000     6   6.3766
     2270     0.00000     0.8066E+01     2.000     6   6.3765
     2271     0.00000     0.6120E+01     2.000     6   6.3778
     2272     0.00000     0.2275E+02     2.000     7   6.3780
     2274     0.00000     0.1084E+02     2.000     7   6.3785
     2275     0.00000     0.1214E+02     2.000     6   6.3794
     2276     0.00000     0.5632E+01     2.000     5   6.3803
     2277     0.00000     0.2788E+02     2.000     7   6.3814
     2278     0.00000     0.6794E+01     2.000     7   6.3812
     2279     0.00000     0.1203E+02     2.000     7   6.3813
     2283     0.00000     0.8460E+01     2.000     6   6.3840
     2284     0.00000     0.1328E+02     2.000     7   6.3839
     2285     0.00000     0.1002E+02     2.000     6   6.3849
     2286     0.00000     0.1247E+02     2.000     6   6.3854
     2289     0.00000     0.5274E+01     2.000     6   6.3865
     2290     0.00000     0.1180E+02     2.000     7   6.3862
     2291     0.00000     0.1513E+02     2.000     7   6.3863
     2292     0.00000     0.5036E+01     2.000     6   6.3868
     2293     0.00000     0.7343E+01     2.000     6   6.3874
     2294     0.00000     0.6905E+01     2.000     6   6.3876
     2295     0.00000     0.3428E+01     2.000     6   6.3884
     2296     0.00000     0.5603E+01     2.000     6   6.3891
     2297     0.00000     0.4291E+01     2.000     4   6.3895
     2298     0.00000     0.5238E+01     2.000     6   6.3896
     2299     0.00000     0.1515E+02     2.000     7   6.3896
     2300     0.00000     0.5195E+01     2.000     6   6.3913
     2302     0.00000     0.1341E+02     2.000     7   6.3910
     2304     0.00000     0.7219E+01     2.000     6   6.3918
     2305     0.00000     0.3389E+01     2.000     5   6.3923
     2306     0.00000     0.9814E+01     2.000     6   6.3920
     2307     0.00000     0.4747E+01     2.000     6   6.3927
     2308     0.00000     0.5432E+01     2.000     6   6.3928
     2309     0.00000     0.1695E+02     2.000     7   6.3933
     2310     0.00000     0.4124E+01     2.000     5   6.3934
     2312     0.00000     0.1065E+02     2.000     6   6.3942
     2314     0.00000     0.8257E+01     2.000     7   6.3949
     2315     0.00000     0.8084E+01     2.000     5   6.3949
     2316     0.00000     0.5470E+01     1.000     6   6.3949
     2317     0.00000     0.3425E+01     2.000     6   6.3956
     2319     0.00000     0.3451E+01     2.000     6   6.3961
     2321     0.00000     0.5454E+01     2.000     6   6.3968
     2322     0.00000     0.1009E+02     2.000     6   6.3970
     2323     0.00000     0.8791E+01     2.000     5   6.3971
     2325     0.00000     0.2973E+01     2.000     7   6.3987
     2326     0.00000     0.8674E+01     2.000     5   6.3982
     2327     0.00000     0.9800E+01     2.000     7   6.3985
     2328     0.00000     0.6549E+01     2.000     7   6.3985
     2329     0.00000     0.2182E+02     2.000     7   6.3993
     2330     0.00000     0.3617E+01     2.000     7   6.3997
     2331     0.00000     0.8321E+01     2.000     6   6.4002
     2332     0.00000     0.7261E+01     2.000     6   6.4002
     2333     0.00000     0.3122E+01     2.000     7   6.3999
     2335     0.00000     0.4247E+01     2.000     4   6.4021
     2336     0.00000     0.5715E+01     2.000     6   6.4025
     2337     0.00000     0.6183E+01     2.000     6   6.4020
     2338     0.00000     0.1145E+02     2.000     6   6.4022
     2339     0.00000     0.4728E+01     2.000     6   6.4024
     2340     0.00000     0.6853E+01     2.000     6   6.4024
     2342     0.00000     0.7734E+01     1.000     6   6.4026
     2343     0.00000     0.6482E+01     2.000     7   6.4030
     2344     0.00000     0.1659E+02     2.000     7   6.4032
     2345     0.00000     0.3451E+01     2.000     6   6.4031
     2346     0.00000     0.5068E+01     2.000     6   6.4033
     2347     0.00000     0.2716E+02     2.000     7   6.4040
     2348     0.00000     0.2310E+02     2.000     7   6.4037
     2349     0.00000     0.7447E+01     2.000     5   6.4050
     2350     0.00000     0.3492E+01     2.000     7   6.4053
     2352     0.00000     0.7292E+01     2.000     6   6.4061
     2353     0.00000     0.4437E+01     2.000     6   6.4058
     2354     0.00000     0.1266E+02     2.000     7   6.4063
     2355     0.00000     0.4991E+01     2.000     6   6.4079
     2356     0.00000     0.3281E+01     2.000     6   6.4075
     2357     0.00000     0.3595E+01     2.000     7   6.4077
     2358     0.00000     0.1125E+02     2.000     7   6.4088
     2359     0.00000     0.1110E+02     2.000     6   6.4088
     2360     0.00000     0.3226E+01     2.000     5   6.4094
     2361     0.00000     0.3208E+01     2.000     5   6.4094
     2362     0.00000     0.4652E+01     2.000     6   6.4094
     2363     0.00000     0.8207E+01     2.000     6   6.4091
     2364     0.00000     0.7053E+01     2.000     6   6.4091
     2365     0.00000     0.1021E+02     2.000     6   6.4091
     2366     0.00000     0.5423E+01     2.000     6   6.4099
     2367     0.00000     0.1798E+02     2.000     7   6.4096
     2368     0.00000     0.2734E+01     2.000     5   6.4105
     2369     0.00000     0.5530E+01     2.000     5   6.4105
     2370     0.00000     0.2762E+01     2.000     5   6.4105
     2372     0.00000     0.7129E+01     2.000     6   6.4104
     2373     0.00000     0.2005E+02     2.000     7   6.4104
     2374     0.00000     0.3106E+02     2.000     7   6.4102
     2375     0.00000     0.4757E+01     2.000     6   6.4109
     2376     0.00000     0.2994E+01     2.000     6   6.4110
     2377     0.00000     0.3982E+01     2.000     6   6.4114
     2379     0.00000     0.2556E+02     2.000     7   6.4117
     2380     0.00000     0.6336E+01     2.000     5   6.4131
     2381     0.00000     0.6963E+01     2.000     6   6.4129
     2382     0.00000     0.2833E+01     2.000     7   6.4140
     2383     0.00000     0.7351E+01     2.000     5   6.4147
     2384     0.00000     0.5915E+01     1.000     6   6.4148
     2385     0.00000     0.1564E+02     2.000     7   6.4149
     2387     0.00000     0.3275E+01     2.000     6   6.4150
     2388     0.00000     0.5436E+01     1.000     6   6.4150
     2389     0.00000     0.2991E+01     2.000     6   6.4154
     2390     0.00000     0.2268E+02     2.000     7   6.4149
     2391     0.00000     0.1070E+02     2.000     7   6.4159
     2392     0.00000     0.6137E+01     2.000     5   6.4158
     2393     0.00000     0.1113E+02     2.000     7   6.4159
     2394     0.00000     0.6506E+01     2.000     6   6.4164
     2395     0.00000     0.7165E+01     2.000     6   6.4169
     2396     0.00000     0.1303E+02     2.000     7   6.4168
     2397     0.00000     0.8728E+01     2.000     6   6.4171
     2398     0.00000     0.4295E+01     2.000     5   6.4178
     2399     0.00000     0.1152E+02     2.000     7   6.4175
     2400     0.00000     0.4397E+01     2.000     5   6.4184
     2401     0.00000     0.4378E+01     2.000     5   6.4184
     2402     0.00000     0.9291E+01     2.000     6   6.4185
     2403     0.00000     0.7431E+01     1.000     6   6.4184
     2404     0.00000     0.6163E+01     2.000     6   6.4192
     2405     0.00000     0.4567E+01     2.000     6   6.4199
     2406     0.00000     0.9397E+01     2.000     6   6.4200
     2407     0.00000     0.3938E+02     2.000     7   6.4197
     2409     0.00000     0.4447E+01     2.000     6   6.4224
     2410     0.00000     0.9518E+01     2.000     6   6.4225
     2411     0.00000     0.3142E+02     2.000     7   6.4227
     2412     0.00000     0.1070E+02     2.000     7   6.4233
     2414     0.00000     0.8765E+01     2.000     6   6.4248
     2415     0.00000     0.1265E+02     2.000     7   6.4245
     2416     0.00000     0.1090E+02     2.000     7   6.4253
     2417     0.00000     0.2992E+01     2.000     6   6.4252
     2418     0.00000     0.9712E+01     2.000     7   6.4253
     2420     0.00000     0.5268E+01     2.000     5   6.4268
     2421     0.00000     0.5298E+01     2.000     5   6.4267
     2422     0.00000     0.4508E+01     2.000     6   6.4269
     2423     0.00000     0.1996E+02     2.000     7   6.4276
     2424     0.00000     0.3467E+01     2.000     6   6.4287
     2425     0.00000     0.1046E+02     2.000     6   6.4289
     2426     0.00000     0.4584E+01     2.000     3   6.4292
     2427     0.00000     0.1146E+02     2.000     6   6.4302
     2428     0.00000     0.7447E+01     2.000     6   6.4316
     2429     0.00000     0.3946E+02     2.000     7   6.4313
     2430     0.00000     0.7348E+01     2.000     5   6.4321
     2431     0.00000     0.7038E+01     2.000     6   6.4319
     2432     0.00000     0.1146E+02     2.000     7   6.4319
     2433     0.00000     0.1153E+02     2.000     7   6.4318
     2434     0.00000     0.4960E+01     2.000     6   6.4338
     2435     0.00000     0.7299E+01     2.000     6   6.4338
     2436     0.00000     0.7410E+01     2.000     6   6.4338
     2437     0.00000     0.2445E+02     2.000     7   6.4339
     2438     0.00000     0.3094E+01     2.000     6   6.4346
     2439     0.00000     0.1332E+02     2.000     7   6.4352
     2442     0.00000     0.6906E+01     2.000     6   6.4363
     2443     0.00000     0.1257E+02     2.000     6   6.4363
     2444     0.00000     0.9242E+01     2.000     6   6.4363
     2445     0.00000     0.3560E+01     2.000     7   6.4370
     2446     0.00000     0.1521E+02     2.000     7   6.4376
     2447     0.00000     0.6803E+01     2.000     6   6.4385
     2448     0.00000     0.1249E+02     2.000     6   6.4385
     2449     0.00000     0.9143E+01     2.000     6   6.4385
     2450     0.00000     0.7261E+01     2.000     7   6.4407
     2451     0.00000     0.1459E+02     2.000     6   6.4408
     2452     0.00000     0.6376E+01     2.000     6   6.4414
     2453     0.00000     0.1785E+02     2.000     7   6.4415
     2454     0.00000     0.4706E+01     2.000     6   6.4427
     2455     0.00000     0.5132E+01     2.000     6   6.4428
     2456     0.00000     0.3052E+01     2.000     5   6.4427
     2457     0.00000     0.3070E+01     1.000     6   6.4426
     2458     0.00000     0.1287E+02     2.000     7   6.4428
     2459     0.00000     0.6099E+01     2.000     6   6.4436
     2460     0.00000     0.7113E+01     2.000     7   6.4435
     2461     0.00000     0.5889E+01     2.000     4   6.4439
     2462     0.00000     0.2677E+01     2.000     6   6.4442
     2463     0.00000     0.5677E+01     2.000     6   6.4444
     2464     0.00000     0.5620E+01     2.000     6   6.4447
     2465     0.00000     0.5217E+01     2.000     6   6.4447
     2466     0.00000     0.3430E+01     2.000     7   6.4449
     2467     0.00000     0.1454E+02     2.000     6   6.4456
     2468     0.00000     0.1313E+02     2.000     6   6.4476
     2469     0.00000     0.3123E+01     2.000     6   6.4483
     2470     0.00000     0.3194E+01     2.000     6   6.4483
     2471     0.00000     0.5060E+01     2.000     6   6.4480
     2472     0.00000     0.1285E+02     2.000     7   6.4484
     2473     0.00000     0.2687E+01     2.000     5   6.4489
     2475     0.00000     0.3001E+01     1.000     6   6.4493
     2476     0.00000     0.7543E+01     2.000     6   6.4493
     2477     0.00000     0.6555E+01     2.000     5   6.4497
     2478     0.00000     0.1377E+02     2.000     7   6.4499
     2479     0.00000     0.3489E+02     2.000     7   6.4499
     2480     0.00000     0.5157E+01     2.000     4   6.4504
     2481     0.00000     0.7184E+01     2.000     5   6.4506
     2482     0.00000     0.3331E+01     2.000     7   6.4517
     2484     0.00000     0.5553E+01     2.000     6   6.4523
     2485     0.00000     0.7294E+01     2.000     7   6.4524
     2486     0.00000     0.1087E+02     2.000     7   6.4525
     2487     0.00000     0.4697E+01     2.000     6   6.4533
     2488     0.00000     0.5158E+01     2.000     7   6.4531
     2489     0.00000     0.7933E+01     2.000     6   6.4535
     2490     0.00000     0.8297E+01     2.000     7   6.4541
     2491     0.00000     0.1135E+02     2.000     7   6.4541
     2492     0.00000     0.5424E+01     2.000     5   6.4545
     2493     0.00000     0.1415E+02     2.000     7   6.4555
     2494     0.00000     0.4174E+01     2.000     5   6.4568
     2495     0.00000     0.4157E+01     2.000     5   6.4568
     2496     0.00000     0.3180E+01     2.000     7   6.4571
     2497     0.00000     0.1040E+02     2.000     7   6.4570
     2498     0.00000     0.1238E+02     2.000     7   6.4576
     2499     0.00000     0.5075E+01     2.000     7   6.4581
     2500     0.00000     0.5067E+01     2.000     6   6.4585
     2501     0.00000     0.4384E+01     2.000     6   6.4586
     2502     0.00000     0.1026E+02     2.000     6   6.4584
     2503     0.00000     0.7635E+01     2.000     6   6.4588
     2504     0.00000     0.1429E+02     2.000     7   6.4589
     2505     0.00000     0.3996E+01     2.000     7   6.4596
     2506     0.00000     0.3980E+01     2.000     5   6.4600
     2507     0.00000     0.7203E+01     2.000     6   6.4607
     2508     0.00000     0.3434E+02     2.000     7   6.4611
     2509     0.00000     0.3171E+01     2.000     5   6.4615
     2510     0.00000     0.3158E+01     2.000     5   6.4615
     2511     0.00000     0.1035E+02     2.000     6   6.4616
     2512     0.00000     0.3942E+01     2.000     6   6.4633
     2513     0.00000     0.1282E+02     2.000     6   6.4632
     2514     0.00000     0.2207E+02     2.000     7   6.4633
     2515     0.00000     0.9288E+01     2.000     7   6.4638
     2516     0.00000     0.7884E+01     2.000     7   6.4635
     2517     0.00000     0.7135E+01     2.000     6   6.4643
     2518     0.00000     0.5133E+01     2.000     7   6.4649
     2520     0.00000     0.6305E+01     1.000     6   6.4652
     2521     0.00000     0.7797E+01     2.000     7   6.4651
     2522     0.00000     0.1660E+02     2.000     7   6.4651
     2523     0.00000     0.1420E+02     2.000     7   6.4651
     2524     0.00000     0.4164E+01     2.000     6   6.4659
     2525     0.00000     0.1697E+02     2.000     7   6.4659
     2526     0.00000     0.6551E+01     2.000     5   6.4665
     2527     0.00000     0.7272E+01     2.000     7   6.4662
     2528     0.00000     0.1121E+02     2.000     7   6.4669
     2529     0.00000     0.9846E+01     2.000     7   6.4669
     2530     0.00000     0.7938E+01     2.000     7   6.4676
     2532     0.00000     0.4032E+01     2.000     7   6.4685
     2533     0.00000     0.7529E+01     2.000     7   6.4685
     2534     0.00000     0.1620E+02     2.000     7   6.4685
     2535     0.00000     0.1376E+02     2.000     7   6.4685
     2536     0.00000     0.3677E+01     2.000     5   6.4692
     2537     0.00000     0.5911E+01     2.000     7   6.4689
     2539     0.00000     0.6992E+01     2.000     6   6.4695
     2540     0.00000     0.7094E+01     2.000     6   6.4695
     2541     0.00000     0.7818E+01     2.000     6   6.4694
     2542     0.00000     0.3988E+01     2.000     6   6.4701
     2543     0.00000     0.4978E+01     2.000     5   6.4701
     2544     0.00000     0.5194E+01     2.000     6   6.4699
     2546     0.00000     0.5693E+01     2.000     5   6.4704
     2547     0.00000     0.9691E+01     2.000     7   6.4708
     2548     0.00000     0.5318E+01     2.000     6   6.4713
     2549     0.00000     0.7188E+01     2.000     6   6.4718
     2550     0.00000     0.3004E+01     2.000     6   6.4719
     2551     0.00000     0.7211E+01     1.000     6   6.4728
     2552     0.00000     0.9369E+01     2.000     7   6.4728
     2553     0.00000     0.5311E+01     2.000     6   6.4734
     2554     0.00000     0.7954E+01     2.000     7   6.4730
     2555     0.00000     0.8136E+01     2.000     6   6.4738
     2556     0.00000     0.7859E+01     2.000     6   6.4738
     2557     0.00000     0.4236E+01     2.000     6   6.4736
     2558     0.00000     0.2230E+02     2.000     7   6.4746
     2559     0.00000     0.7638E+01     2.000     6   6.4752
     2560     0.00000     0.1135E+02     2.000     7   6.4755
     2561     0.00000     0.3000E+01     2.000     6   6.4762
     2562     0.00000     0.7771E+01     2.000     7   6.4766
     2563     0.00000     0.9365E+01     2.000     5   6.4771
     2564     0.00000     0.3864E+01     2.000     7   6.4776
     2565     0.00000     0.2228E+02     2.000     7   6.4776
     2566     0.00000     0.5777E+01     2.000     5   6.4778
     2567     0.00000     0.6857E+01     2.000     7   6.4777
     2568     0.00000     0.5593E+01     2.000     6   6.4791
     2569     0.00000     0.6239E+01     1.000     6   6.4792
     2570     0.00000     0.6941E+01     1.000     6   6.4790
     2571     0.00000     0.5821E+01     2.000     6   6.4805
     2572     0.00000     0.9310E+01     2.000     7   6.4806
     2573     0.00000     0.1052E+02     2.000     7   6.4811
     2574     0.00000     0.2097E+02     2.000     7   6.4811
     2575     0.00000     0.1382E+02     2.000     7   6.4811
     2576     0.00000     0.1116E+02     2.000     7   6.4814
     2577     0.00000     0.7007E+01     2.000     7   6.4834
     2578     0.00000     0.3016E+01     2.000     7   6.4836
     2579     0.00000     0.6945E+01     2.000     7   6.4850
     2580     0.00000     0.3508E+01     2.000     4   6.4849
     2581     0.00000     0.1186E+02     2.000     6   6.4850
     2582     0.00000     0.1040E+02     2.000     7   6.4848
     2583     0.00000     0.2081E+02     2.000     7   6.4848
     2584     0.00000     0.1358E+02     2.000     7   6.4848
     2585     0.00000     0.1068E+02     2.000     6   6.4858
     2586     0.00000     0.8172E+01     2.000     6   6.4861
     2587     0.00000     0.1221E+02     2.000     7   6.4861
     2588     0.00000     0.1148E+02     2.000     6   6.4867
     2589     0.00000     0.9142E+01     2.000     7   6.4867
     2590     0.00000     0.1182E+02     2.000     6   6.4878
     2591     0.00000     0.3446E+01     2.000     7   6.4877
     2592     0.00000     0.1161E+02     2.000     7   6.4884
     2593     0.00000     0.1235E+02     2.000     6   6.4888
     2594     0.00000     0.3127E+02     2.000     7   6.4888
     2595     0.00000     0.1081E+02     2.000     6   6.4905
     2596     0.00000     0.8164E+01     2.000     6   6.4907
     2597     0.00000     0.6585E+01     2.000     6   6.4912
     2598     0.00000     0.6842E+01     2.000     7   6.4915
     2599     0.00000     0.8257E+01     2.000     6   6.4917
     2600     0.00000     0.8140E+01     1.000     6   6.4926
     2601     0.00000     0.6715E+01     2.000     7   6.4926
     2602     0.00000     0.2743E+02     2.000     7   6.4935
     2603     0.00000     0.1158E+02     2.000     7   6.4937
     2604     0.00000     0.7884E+01     2.000     6   6.4952
     2605     0.00000     0.7623E+01     2.000     6   6.4952
     2606     0.00000     0.3411E+01     2.000     7   6.4948
     2607     0.00000     0.1913E+02     2.000     7   6.4949
     2608     0.00000     0.9286E+01     2.000     5   6.4954
     2609     0.00000     0.2982E+01     2.000     6   6.4955
     2610     0.00000     0.1423E+02     2.000     7   6.4957
     2611     0.00000     0.1476E+02     2.000     7   6.4957
     2612     0.00000     0.1176E+02     2.000     6   6.4967
     2613     0.00000     0.3150E+02     2.000     7   6.4969
     2614     0.00000     0.7644E+01     2.000     6   6.4979
     2615     0.00000     0.5171E+01     2.000     6   6.4979
     2616     0.00000     0.9223E+01     2.000     7   6.4989
     2617     0.00000     0.1174E+02     2.000     7   6.4989
     2618     0.00000     0.3242E+01     2.000     3   6.4990
     2619     0.00000     0.3425E+01     2.000     5   6.4988
     2620     0.00000     0.7565E+01     2.000     6   6.4991
     2621     0.00000     0.8770E+01     2.000     7   6.4986
     2622     0.00000     0.6280E+01     2.000     6   6.4995
     2623     0.00000     0.5401E+01     2.000     6   6.4995
     2624     0.00000     0.2932E+01     2.000     6   6.4993
     2625     0.00000     0.3489E+01     2.000     7   6.4997
     2626     0.00000     0.3496E+01     2.000     6   6.4998
     2627     0.00000     0.3741E+01     2.000     6   6.5004
     2628     0.00000     0.5391E+01     2.000     6   6.5008
     2629     0.00000     0.7344E+01     2.000     7   6.5008
     2630     0.00000     0.5915E+01     2.000     7   6.5017
     2631     0.00000     0.8808E+01     2.000     7   6.5014
     2632     0.00000     0.1340E+02     2.000     6   6.5024
     2633     0.00000     0.3938E+01     2.000     6   6.5031
     2635     0.00000     0.5452E+01     2.000     6   6.5029
     2636     0.00000     0.4017E+01     2.000     6   6.5037
     2637     0.00000     0.5966E+01     2.000     7   6.5038
     2638     0.00000     0.1419E+02     2.000     7   6.5034
     2639     0.00000     0.1485E+02     2.000     7   6.5034
     2640     0.00000     0.6895E+01     2.000     6   6.5071
     2641     0.00000     0.3618E+01     2.000     5   6.5077
     2642     0.00000     0.1321E+02     2.000     6   6.5076
     2643     0.00000     0.8080E+01     1.000     6   6.5081
     2644     0.00000     0.2860E+01     2.000     6   6.5084
     2645     0.00000     0.4502E+01     2.000     6   6.5083
     2646     0.00000     0.4967E+01     2.000     4   6.5088
     2648     0.00000     0.3506E+01     2.000     7   6.5088
     2649     0.00000     0.1820E+02     2.000     7   6.5116
     2650     0.00000     0.1856E+02     2.000     7   6.5121
     2651     0.00000     0.2461E+02     2.000     7   6.5121
     2652     0.00000     0.5727E+01     2.000     6   6.5130
     2653     0.00000     0.6696E+01     2.000     6   6.5147
     2654     0.00000     0.1101E+02     2.000     7   6.5145
     2655     0.00000     0.1527E+02     2.000     7   6.5148
     2656     0.00000     0.6768E+01     2.000     6   6.5158
     2657     0.00000     0.8662E+01     2.000     7   6.5160
     2658     0.00000     0.5947E+01     2.000     6   6.5167
     2659     0.00000     0.3557E+01     2.000     6   6.5167
     2660     0.00000     0.1447E+02     2.000     7   6.5164
     2661     0.00000     0.1439E+02     2.000     7   6.5164
     2662     0.00000     0.4504E+01     2.000     5   6.5171
     2664     0.00000     0.6062E+01     2.000     6   6.5177
     2665     0.00000     0.3861E+01     2.000     6   6.5184
     2666     0.00000     0.5874E+01     2.000     6   6.5185
     2667     0.00000     0.3402E+01     2.000     6   6.5185
     2668     0.00000     0.7014E+01     2.000     6   6.5184
     2669     0.00000     0.1094E+02     2.000     7   6.5184
     2671     0.00000     0.1817E+02     2.000     7   6.5193
     2672     0.00000     0.2417E+02     2.000     7   6.5193
     2673     0.00000     0.2091E+02     2.000     7   6.5190
     2674     0.00000     0.1733E+02     2.000     7   6.5199
     2675     0.00000     0.8527E+01     2.000     7   6.5198
     2677     0.00000     0.6990E+01     2.000     6   6.5214
     2678     0.00000     0.4668E+01     2.000     7   6.5222
     2679     0.00000     0.8179E+01     2.000     6   6.5220
     2680     0.00000     0.1559E+02     2.000     7   6.5218
     2681     0.00000     0.4447E+01     2.000     7   6.5223
     2682     0.00000     0.1478E+02     2.000     7   6.5225
     2683     0.00000     0.5784E+01     2.000     7   6.5236
     2684     0.00000     0.2732E+02     2.000     7   6.5238
     2685     0.00000     0.5028E+01     2.000     7   6.5245
     2686     0.00000     0.1186E+02     2.000     7   6.5247
     2688     0.00000     0.5272E+01     2.000     6   6.5260
     2689     0.00000     0.2047E+02     2.000     7   6.5268
     2690     0.00000     0.1325E+02     2.000     7   6.5265
     2691     0.00000     0.6629E+01     2.000     6   6.5271
     2692     0.00000     0.3801E+01     2.000     6   6.5277
     2693     0.00000     0.2037E+02     2.000     7   6.5276
     2694     0.00000     0.1839E+02     2.000     7   6.5276
     2695     0.00000     0.1203E+02     2.000     7   6.5281
     2696     0.00000     0.4670E+01     2.000     7   6.5289
     2698     0.00000     0.1155E+02     2.000     6   6.5291
     2699     0.00000     0.4142E+01     2.000     6   6.5294
     2700     0.00000     0.7164E+01     2.000     5   6.5298
     2701     0.00000     0.8242E+01     2.000     7   6.5296
     2702     0.00000     0.4632E+01     2.000     6   6.5303
     2703     0.00000     0.4677E+01     2.000     7   6.5305
     2704     0.00000     0.3728E+01     2.000     6   6.5314
     2705     0.00000     0.1041E+02     2.000     6   6.5312
     2707     0.00000     0.2505E+02     2.000     7   6.5324
     2709     0.00000     0.4257E+01     2.000     6   6.5336
     2710     0.00000     0.1101E+02     2.000     7   6.5338
     2711     0.00000     0.1203E+02     2.000     7   6.5338
     2712     0.00000     0.5661E+01     2.000     7   6.5338
     2713     0.00000     0.4380E+01     2.000     5   6.5347
     2714     0.00000     0.2963E+01     2.000     4   6.5352
     2715     0.00000     0.4498E+01     2.000     7   6.5355
     2716     0.00000     0.5950E+01     2.000     7   6.5359
     2717     0.00000     0.5954E+01     2.000     7   6.5355
     2718     0.00000     0.6354E+01     2.000     6   6.5360
     2719     0.00000     0.2001E+02     2.000     7   6.5363
     2720     0.00000     0.1782E+02     2.000     7   6.5363
     2721     0.00000     0.9745E+01     2.000     7   6.5375
     2722     0.00000     0.9798E+01     2.000     7   6.5370
     2723     0.00000     0.9790E+01     2.000     7   6.5370
     2724     0.00000     0.7092E+01     2.000     7   6.5372
     2725     0.00000     0.2913E+01     2.000     7   6.5375
     2726     0.00000     0.1015E+02     2.000     7   6.5383
     2727     0.00000     0.1446E+02     2.000     7   6.5387
     2729     0.00000     0.1442E+02     2.000     7   6.5387
     2732     0.00000     0.4544E+01     2.000     5   6.5397
     2734     0.00000     0.3178E+01     2.000     6   6.5404
     2735     0.00000     0.2642E+02     2.000     7   6.5403
     2736     0.00000     0.2566E+02     2.000     7   6.5403
     2738     0.00000     0.6217E+01     2.000     6   6.5411
     2739     0.00000     0.7198E+01     2.000     6   6.5411
     2740     0.00000     0.4507E+01     2.000     7   6.5418
     2741     0.00000     0.6823E+01     2.000     7   6.5417
     2742     0.00000     0.1228E+02     2.000     7   6.5417
     2743     0.00000     0.3077E+01     2.000     6   6.5432
     2744     0.00000     0.1379E+02     2.000     7   6.5437
     2745     0.00000     0.1370E+02     2.000     7   6.5437
     2746     0.00000     0.5533E+01     2.000     7   6.5438
     2747     0.00000     0.8812E+01     2.000     7   6.5440
     2748     0.00000     0.1477E+02     2.000     7   6.5450
     2749     0.00000     0.6219E+01     2.000     7   6.5451
     2750     0.00000     0.1227E+02     2.000     7   6.5451
     2751     0.00000     0.3867E+01     2.000     6   6.5456
     2752     0.00000     0.3745E+01     2.000     7   6.5455
     2753     0.00000     0.1205E+02     2.000     7   6.5457
     2754     0.00000     0.3792E+01     2.000     7   6.5456
     2755     0.00000     0.8608E+01     2.000     6   6.5460
     2757     0.00000     0.6737E+01     2.000     7   6.5464
     2758     0.00000     0.1212E+02     2.000     7   6.5464
     2759     0.00000     0.3365E+01     2.000     7   6.5469
     2760     0.00000     0.8449E+01     2.000     7   6.5470
     2761     0.00000     0.1887E+02     2.000     7   6.5472
     2762     0.00000     0.9508E+01     2.000     7   6.5475
     2763     0.00000     0.1447E+02     2.000     7   6.5476
     2764     0.00000     0.1033E+02     2.000     7   6.5480
     2765     0.00000     0.1133E+02     2.000     7   6.5480
     2766     0.00000     0.6333E+01     2.000     7   6.5482
     2767     0.00000     0.1218E+02     2.000     7   6.5482
     2768     0.00000     0.2847E+01     2.000     6   6.5486
     2769     0.00000     0.4126E+01     2.000     6   6.5500
     2770     0.00000     0.1121E+02     2.000     7   6.5497
     2771     0.00000     0.1921E+02     2.000     7   6.5498
     2772     0.00000     0.9498E+01     2.000     7   6.5503
     2773     0.00000     0.1638E+02     2.000     7   6.5509
     2774     0.00000     0.2778E+01     2.000     7   6.5510
     2775     0.00000     0.1110E+02     2.000     7   6.5514
     2776     0.00000     0.3747E+01     2.000     6   6.5521
     2777     0.00000     0.8095E+01     2.000     7   6.5518
     2778     0.00000     0.1117E+02     2.000     7   6.5523
     2779     0.00000     0.5584E+01     2.000     5   6.5531
     2781     0.00000     0.1176E+02     2.000     7   6.5528
     2782     0.00000     0.7127E+01     2.000     7   6.5538
     2783     0.00000     0.8327E+01     2.000     7   6.5542
     2784     0.00000     0.1520E+02     2.000     7   6.5546
     2785     0.00000     0.1364E+02     2.000     7   6.5546
     2787     0.00000     0.1357E+02     2.000     7   6.5546
     2788     0.00000     0.1604E+02     2.000     7   6.5546
     2790     0.00000     0.7256E+01     2.000     6   6.5549
     2791     0.00000     0.6392E+01     2.000     7   6.5552
     2793     0.00000     0.5094E+01     2.000     7   6.5558
     2794     0.00000     0.1333E+02     2.000     7   6.5566
     2795     0.00000     0.6004E+01     2.000     5   6.5571
     2796     0.00000     0.3864E+01     2.000     7   6.5569
     2797     0.00000     0.1285E+02     2.000     7   6.5573
     2798     0.00000     0.4966E+01     2.000     7   6.5585
     2799     0.00000     0.1476E+02     2.000     7   6.5586
     2800     0.00000     0.3424E+01     2.000     6   6.5594
     2801     0.00000     0.4529E+01     2.000     6   6.5594
     2803     0.00000     0.8204E+01     2.000     6   6.5597
     2804     0.00000     0.5948E+01     2.000     5   6.5604
     2805     0.00000     0.6811E+01     2.000     6   6.5604
     2806     0.00000     0.1474E+02     2.000     7   6.5606
     2807     0.00000     0.1509E+02     2.000     7   6.5615
     2808     0.00000     0.1472E+02     2.000     7   6.5610
     2809     0.00000     0.7114E+01     2.000     7   6.5610
     2810     0.00000     0.1348E+02     2.000     7   6.5610
     2811     0.00000     0.1156E+02     2.000     7   6.5610
     2812     0.00000     0.5440E+01     2.000     7   6.5610
     2813     0.00000     0.4191E+01     2.000     6   6.5619
     2814     0.00000     0.7630E+01     2.000     7   6.5617
     2815     0.00000     0.1312E+02     2.000     7   6.5623
     2816     0.00000     0.1004E+02     2.000     6   6.5626
     2817     0.00000     0.9421E+01     2.000     7   6.5627
     2818     0.00000     0.9435E+01     2.000     7   6.5627
     2820     0.00000     0.3787E+01     2.000     6   6.5635
     2821     0.00000     0.1810E+02     2.000     7   6.5635
     2822     0.00000     0.3141E+02     2.000     7   6.5635
     2823     0.00000     0.1290E+02     2.000     7   6.5640
     2824     0.00000     0.1074E+02     2.000     7   6.5643
     2825     0.00000     0.3132E+01     2.000     7   6.5643
     2826     0.00000     0.1336E+02     2.000     7   6.5654
     2828     0.00000     0.1150E+02     2.000     7   6.5652
     2829     0.00000     0.5508E+01     2.000     7   6.5652
     2830     0.00000     0.7562E+01     2.000     6   6.5658
     2831     0.00000     0.1789E+02     2.000     7   6.5658
     2832     0.00000     0.3125E+02     2.000     7   6.5658
     2833     0.00000     0.6970E+01     2.000     6   6.5662
     2834     0.00000     0.8652E+01     2.000     7   6.5664
     2835     0.00000     0.3151E+01     2.000     7   6.5663
     2836     0.00000     0.9010E+01     2.000     7   6.5671
     2840     0.00000     0.4868E+01     2.000     6   6.5682
     2841     0.00000     0.1228E+02     2.000     6   6.5683
     2842     0.00000     0.7407E+01     2.000     6   6.5683
     2843     0.00000     0.7167E+01     2.000     6   6.5683
     2844     0.00000     0.1460E+02     2.000     7   6.5690
     2845     0.00000     0.5723E+01     2.000     6   6.5697
     2846     0.00000     0.5585E+01     2.000     6   6.5697
     2847     0.00000     0.1443E+02     2.000     7   6.5699
     2848     0.00000     0.6166E+01     2.000     7   6.5694
     2849     0.00000     0.1329E+02     2.000     7   6.5699
     2853     0.00000     0.7344E+01     2.000     6   6.5707
     2854     0.00000     0.3756E+01     2.000     7   6.5711
     2855     0.00000     0.4234E+01     2.000     7   6.5712
     2856     0.00000     0.1620E+02     2.000     7   6.5712
     2857     0.00000     0.1505E+02     2.000     7   6.5709
     2858     0.00000     0.1585E+02     2.000     7   6.5709
     2859     0.00000     0.9728E+01     2.000     7   6.5718
     2860     0.00000     0.4156E+01     2.000     7   6.5718
     2861     0.00000     0.1029E+02     2.000     7   6.5720
     2862     0.00000     0.1119E+02     2.000     7   6.5720
     2863     0.00000     0.4794E+01     2.000     7   6.5735
     2864     0.00000     0.1070E+02     2.000     6   6.5738
     2865     0.00000     0.1868E+02     2.000     7   6.5737
     2866     0.00000     0.8517E+01     2.000     7   6.5740
     2867     0.00000     0.7478E+01     2.000     7   6.5744
     2868     0.00000     0.5849E+01     2.000     7   6.5745
     2869     0.00000     0.1001E+02     2.000     7   6.5752
     2870     0.00000     0.1085E+02     2.000     7   6.5752
     2871     0.00000     0.1704E+02     2.000     6   6.5766
     2872     0.00000     0.8592E+01     2.000     7   6.5762
     2873     0.00000     0.6953E+01     2.000     7   6.5762
     2874     0.00000     0.9798E+01     2.000     7   6.5770
     2875     0.00000     0.4628E+01     2.000     5   6.5776
     2876     0.00000     0.8951E+01     2.000     7   6.5775
     2877     0.00000     0.1380E+02     2.000     7   6.5775
     2878     0.00000     0.2748E+01     2.000     7   6.5778
     2879     0.00000     0.1748E+02     2.000     7   6.5780
     2880     0.00000     0.4483E+01     2.000     6   6.5791
     2881     0.00000     0.3806E+01     2.000     6   6.5788
     2882     0.00000     0.1293E+02     2.000     7   6.5788
     2883     0.00000     0.3719E+01     2.000     7   6.5793
     2884     0.00000     0.1618E+02     2.000     7   6.5796
     2885     0.00000     0.1827E+02     2.000     7   6.5799
     2886     0.00000     0.3666E+01     2.000     6   6.5807
     2887     0.00000     0.8765E+01     2.000     7   6.5803
     2888     0.00000     0.1349E+02     2.000     7   6.5803
     2889     0.00000     0.9754E+01     2.000     7   6.5822
     2890     0.00000     0.7687E+01     2.000     7   6.5820
     2891     0.00000     0.1247E+02     2.000     7   6.5823
     2892     0.00000     0.8633E+01     2.000     7   6.5829
     2893     0.00000     0.7871E+01     2.000     6   6.5832
     2894     0.00000     0.9104E+01     2.000     7   6.5832
     2895     0.00000     0.2966E+01     2.000     6   6.5838
     2896     0.00000     0.1873E+02     2.000     7   6.5837
     2897     0.00000     0.1360E+02     2.000     7   6.5838
     2898     0.00000     0.1369E+02     2.000     7   6.5838
     2899     0.00000     0.6227E+01     2.000     6   6.5841
     2901     0.00000     0.1900E+02     2.000     7   6.5842
     2902     0.00000     0.4805E+01     2.000     7   6.5871
     2903     0.00000     0.5316E+01     2.000     7   6.5878
     2904     0.00000     0.1779E+02     2.000     7   6.5880
     2905     0.00000     0.4302E+01     2.000     7   6.5876
     2906     0.00000     0.1091E+02     2.000     5   6.5882
     2907     0.00000     0.1001E+02     2.000     6   6.5882
     2908     0.00000     0.6249E+01     2.000     7   6.5882
     2909     0.00000     0.6752E+01     2.000     5   6.5893
     2910     0.00000     0.8123E+01     2.000     6   6.5894
     2912     0.00000     0.3388E+01     2.000     6   6.5904
     2913     0.00000     0.1796E+02     2.000     7   6.5904
     2914     0.00000     0.2983E+01     2.000     6   6.5908
     2915     0.00000     0.7266E+01     2.000     7   6.5908
     2916     0.00000     0.1760E+02     2.000     7   6.5915
     2917     0.00000     0.3903E+01     2.000     6   6.5922
     2918     0.00000     0.5724E+01     2.000     6   6.5924
     2919     0.00000     0.5597E+01     2.000     6   6.5924
     2920     0.00000     0.1127E+02     2.000     7   6.5924
     2921     0.00000     0.3779E+01     2.000     6   6.5928
     2922     0.00000     0.7853E+01     2.000     6   6.5930
     2923     0.00000     0.7525E+01     2.000     6   6.5930
     2924     0.00000     0.7746E+01     2.000     7   6.5934
     2925     0.00000     0.1004E+02     2.000     7   6.5934
     2926     0.00000     0.1203E+02     2.000     7   6.5935
     2927     0.00000     0.1165E+02     2.000     7   6.5935
     2928     0.00000     0.3664E+01     2.000     6   6.5951
     2929     0.00000     0.1198E+02     2.000     7   6.5967
     2930     0.00000     0.1160E+02     2.000     7   6.5967
     2931     0.00000     0.3538E+01     2.000     7   6.5971
     2932     0.00000     0.4545E+01     2.000     5   6.5974
     2933     0.00000     0.6740E+01     2.000     6   6.5971
     2934     0.00000     0.1052E+02     2.000     7   6.5971
     2935     0.00000     0.1447E+02     2.000     7   6.5971
     2936     0.00000     0.4301E+01     2.000     7   6.5977
     2937     0.00000     0.1351E+02     2.000     7   6.5979
     2939     0.00000     0.8603E+01     2.000     7   6.5978
     2940     0.00000     0.4236E+01     2.000     7   6.5977
     2941     0.00000     0.7158E+01     2.000     6   6.5983
     2942     0.00000     0.6933E+01     2.000     6   6.5983
     2943     0.00000     0.7186E+01     2.000     6   6.5980
     2944     0.00000     0.6841E+01     2.000     7   6.5982
     2945     0.00000     0.9473E+01     2.000     7   6.5982
     2946     0.00000     0.9145E+01     2.000     7   6.5982
     2947     0.00000     0.7353E+01     2.000     7   6.5982
     2948     0.00000     0.8271E+01     2.000     7   6.5985
     2949     0.00000     0.5745E+01     2.000     7   6.5993
     2951     0.00000     0.1039E+02     2.000     7   6.5993
     2952     0.00000     0.1088E+02     2.000     7   6.5993
     2953     0.00000     0.1428E+02     2.000     7   6.5993
     2954     0.00000     0.1080E+02     2.000     6   6.5997
     2955     0.00000     0.1203E+02     2.000     6   6.5997
     2956     0.00000     0.1065E+02     2.000     6   6.5997
     2957     0.00000     0.6663E+01     2.000     7   6.5995
     2958     0.00000     0.4341E+01     2.000     6   6.6002
     2959     0.00000     0.1749E+02     2.000     7   6.6009
     2960     0.00000     0.4702E+01     2.000     6   6.6022
     2962     0.00000     0.6618E+01     2.000     7   6.6025
     2963     0.00000     0.3512E+01     2.000     6   6.6029
     2964     0.00000     0.4656E+01     2.000     6   6.6029
     2965     0.00000     0.6360E+01     2.000     6   6.6035
     2966     0.00000     0.5750E+01     2.000     7   6.6034
     2967     0.00000     0.6300E+01     2.000     6   6.6041
     2968     0.00000     0.1023E+02     2.000     6   6.6046
     2969     0.00000     0.1172E+02     2.000     6   6.6047
     2970     0.00000     0.9037E+01     2.000     7   6.6045
     2971     0.00000     0.1626E+02     2.000     7   6.6055
     2972     0.00000     0.4486E+01     2.000     7   6.6058
     2973     0.00000     0.3119E+01     2.000     7   6.6064
     2975     0.00000     0.1317E+02     2.000     7   6.6072
     2979     0.00000     0.4699E+01     2.000     6   6.6075
     2980     0.00000     0.7650E+01     2.000     7   6.6076
     2981     0.00000     0.9935E+01     2.000     7   6.6076
     2983     0.00000     0.4721E+01     2.000     7   6.6079
     2984     0.00000     0.4714E+01     2.000     6   6.6087
     2985     0.00000     0.1056E+02     2.000     6   6.6089
     2986     0.00000     0.1181E+02     2.000     6   6.6089
     2987     0.00000     0.1041E+02     2.000     6   6.6089
     2988     0.00000     0.5084E+01     2.000     6   6.6087
     2989     0.00000     0.1334E+02     2.000     7   6.6085
     2990     0.00000     0.6065E+01     2.000     7   6.6088
     2991     0.00000     0.4748E+01     2.000     6   6.6094
     2993     0.00000     0.5240E+01     2.000     7   6.6093
     2994     0.00000     0.1996E+02     2.000     7   6.6103
     2995     0.00000     0.7718E+01     2.000     6   6.6100
     2996     0.00000     0.7504E+01     2.000     6   6.6100
     2997     0.00000     0.7149E+01     2.000     6   6.6104
     2998     0.00000     0.6525E+01     2.000     7   6.6108
     2999     0.00000     0.1318E+02     2.000     7   6.6109
     3000     0.00000     0.1327E+02     2.000     7   6.6109
     3001     0.00000     0.4206E+01     2.000     7   6.6117
     3002     0.00000     0.2812E+01     2.000     7   6.6125
     3003     0.00000     0.3604E+01     2.000     7   6.6129
     3004     0.00000     0.4747E+01     2.000     6   6.6134
     3006     0.00000     0.6419E+01     2.000     7   6.6132
     3007     0.00000     0.2056E+02     2.000     7   6.6140
     3008     0.00000     0.3343E+01     2.000     7   6.6140
     3009     0.00000     0.5187E+01     2.000     5   6.6146
     3010     0.00000     0.5237E+01     2.000     5   6.6146
     3011     0.00000     0.4335E+01     2.000     6   6.6143
     3012     0.00000     0.6131E+01     2.000     6   6.6146
     3014     0.00000     0.6787E+01     2.000     7   6.6143
     3015     0.00000     0.9348E+01     2.000     7   6.6143
     3016     0.00000     0.9027E+01     2.000     7   6.6143
     3017     0.00000     0.7303E+01     2.000     7   6.6143
     3018     0.00000     0.6306E+01     2.000     7   6.6145
     3020     0.00000     0.4747E+01     2.000     3   6.6155
     3021     0.00000     0.6551E+01     2.000     5   6.6154
     3022     0.00000     0.7253E+01     2.000     7   6.6155
     3023     0.00000     0.4169E+01     2.000     7   6.6172
     3024     0.00000     0.1278E+02     2.000     7   6.6180
     3025     0.00000     0.1458E+02     2.000     7   6.6186
     3026     0.00000     0.7375E+01     2.000     6   6.6193
     3028     0.00000     0.1960E+02     2.000     6   6.6198
     3029     0.00000     0.1334E+02     2.000     6   6.6203
     3030     0.00000     0.1296E+02     2.000     7   6.6202
     3035     0.00000     0.7938E+01     2.000     7   6.6214
     3036     0.00000     0.1978E+02     2.000     6   6.6220
     3038     0.00000     0.9267E+01     2.000     7   6.6229
     3039     0.00000     0.6529E+01     2.000     7   6.6227
     3040     0.00000     0.1330E+02     2.000     7   6.6227
     3043     0.00000     0.1742E+02     2.000     7   6.6240
     3044     0.00000     0.6894E+01     2.000     7   6.6238
     3045     0.00000     0.4204E+01     2.000     7   6.6236
     3046     0.00000     0.2859E+01     2.000     6   6.6254
     3047     0.00000     0.7910E+01     2.000     7   6.6251
     3048     0.00000     0.9304E+01     2.000     7   6.6260
     3049     0.00000     0.1466E+02     2.000     7   6.6261
     3050     0.00000     0.6226E+01     2.000     7   6.6258
     3052     0.00000     0.8926E+01     2.000     7   6.6266
     3053     0.00000     0.8557E+01     2.000     7   6.6262
     3054     0.00000     0.1098E+02     2.000     7   6.6266
     3055     0.00000     0.2726E+01     2.000     5   6.6275
     3056     0.00000     0.2776E+01     2.000     7   6.6272
     3057     0.00000     0.1346E+02     2.000     6   6.6279
     3058     0.00000     0.1141E+02     2.000     6   6.6280
     3059     0.00000     0.2820E+01     2.000     7   6.6283
     3060     0.00000     0.5357E+01     2.000     7   6.6283
     3062     0.00000     0.4357E+01     2.000     7   6.6288
     3063     0.00000     0.6243E+01     2.000     7   6.6295
     3064     0.00000     0.2903E+01     2.000     6   6.6300
     3065     0.00000     0.8524E+01     2.000     7   6.6303
     3067     0.00000     0.2842E+01     2.000     6   6.6303
     3068     0.00000     0.5306E+01     2.000     7   6.6317
     3070     0.00000     0.1676E+02     2.000     7   6.6318
     3071     0.00000     0.7769E+01     2.000     7   6.6328
     3072     0.00000     0.2048E+02     2.000     7   6.6344
     3073     0.00000     0.7077E+01     2.000     7   6.6352
     3074     0.00000     0.6195E+01     2.000     7   6.6348
     3075     0.00000     0.3688E+01     2.000     7   6.6349
     3076     0.00000     0.1569E+02     2.000     7   6.6356
     3078     0.00000     0.8780E+01     2.000     6   6.6361
     3079     0.00000     0.1514E+02     2.000     6   6.6361
     3080     0.00000     0.8941E+01     2.000     6   6.6361
     3081     0.00000     0.2025E+02     2.000     7   6.6362
     3082     0.00000     0.9677E+01     2.000     7   6.6367
     3083     0.00000     0.6174E+01     2.000     6   6.6372
     3084     0.00000     0.4914E+01     2.000     7   6.6371
     3085     0.00000     0.5677E+01     2.000     7   6.6374
     3086     0.00000     0.8600E+01     2.000     6   6.6379
     3087     0.00000     0.1530E+02     2.000     6   6.6379
     3088     0.00000     0.8801E+01     2.000     6   6.6379
     3089     0.00000     0.3577E+01     2.000     6   6.6388
     3090     0.00000     0.5361E+01     2.000     7   6.6393
     3091     0.00000     0.4934E+01     2.000     7   6.6400
     3092     0.00000     0.1194E+02     2.000     7   6.6399
     3093     0.00000     0.1110E+02     2.000     7   6.6399
     3094     0.00000     0.1501E+02     2.000     7   6.6399
     3095     0.00000     0.3927E+01     2.000     7   6.6405
     3096     0.00000     0.3094E+01     2.000     7   6.6403
     3097     0.00000     0.8995E+01     2.000     7   6.6410
     3098     0.00000     0.4917E+01     2.000     7   6.6407
     3099     0.00000     0.8557E+01     2.000     7   6.6419
     3100     0.00000     0.2221E+02     2.000     7   6.6423
     3102     0.00000     0.2034E+02     2.000     7   6.6423
     3103     0.00000     0.6099E+01     2.000     6   6.6440
     3104     0.00000     0.3590E+01     2.000     6   6.6443
     3105     0.00000     0.4905E+01     2.000     7   6.6446
     3107     0.00000     0.8555E+01     2.000     7   6.6448
     3108     0.00000     0.4030E+01     2.000     7   6.6451
     3109     0.00000     0.3867E+01     2.000     7   6.6454
     3110     0.00000     0.5845E+01     2.000     7   6.6462
     3111     0.00000     0.1046E+02     2.000     7   6.6462
     3113     0.00000     0.8718E+01     2.000     7   6.6479
     3114     0.00000     0.1180E+02     2.000     7   6.6481
     3115     0.00000     0.1097E+02     2.000     7   6.6481
     3116     0.00000     0.1478E+02     2.000     7   6.6481
     3117     0.00000     0.9731E+01     2.000     7   6.6481
     3118     0.00000     0.4253E+01     2.000     7   6.6497
     3119     0.00000     0.7853E+01     2.000     6   6.6497
     3120     0.00000     0.5762E+01     2.000     7   6.6498
     3121     0.00000     0.8687E+01     2.000     7   6.6498
     3122     0.00000     0.8427E+01     2.000     7   6.6498
     3123     0.00000     0.6103E+01     2.000     7   6.6498
     3124     0.00000     0.1031E+02     2.000     7   6.6495
     3125     0.00000     0.5082E+01     2.000     6   6.6500
     3126     0.00000     0.6292E+01     2.000     6   6.6503
     3127     0.00000     0.5462E+01     2.000     7   6.6507
     3132     0.00000     0.1799E+02     2.000     7   6.6530
     3133     0.00000     0.1163E+02     2.000     7   6.6526
     3134     0.00000     0.4933E+01     2.000     7   6.6528
     3135     0.00000     0.3655E+01     2.000     6   6.6545
     3136     0.00000     0.7059E+01     2.000     7   6.6546
     3137     0.00000     0.5484E+01     2.000     7   6.6544
     3138     0.00000     0.5808E+01     2.000     6   6.6552
     3139     0.00000     0.6124E+01     2.000     7   6.6561
     3140     0.00000     0.3763E+02     2.000     7   6.6560
     3141     0.00000     0.4242E+01     2.000     7   6.6577
     3142     0.00000     0.4254E+01     2.000     7   6.6575
     3143     0.00000     0.2152E+02     2.000     7   6.6574
     3144     0.00000     0.1968E+02     2.000     7   6.6574
     3145     0.00000     0.3525E+01     2.000     7   6.6574
     3146     0.00000     0.8481E+01     2.000     7   6.6579
     3147     0.00000     0.3363E+01     2.000     7   6.6579
     3148     0.00000     0.6407E+01     2.000     7   6.6583
     3149     0.00000     0.5641E+01     2.000     7   6.6587
     3150     0.00000     0.5336E+01     2.000     7   6.6592
     3151     0.00000     0.6574E+01     2.000     7   6.6593
     3152     0.00000     0.5698E+01     2.000     7   6.6590
     3154     0.00000     0.5538E+01     2.000     7   6.6598
     3155     0.00000     0.9909E+01     2.000     7   6.6598
     3156     0.00000     0.6631E+01     2.000     7   6.6594
     3157     0.00000     0.8617E+01     2.000     7   6.6601
     3158     0.00000     0.1032E+02     2.000     7   6.6601
     3160     0.00000     0.5224E+01     2.000     5   6.6607
     3161     0.00000     0.5567E+01     2.000     6   6.6607
     3162     0.00000     0.1710E+02     2.000     7   6.6606
     3163     0.00000     0.2828E+01     2.000     7   6.6609
     3164     0.00000     0.6531E+01     2.000     6   6.6610
     3165     0.00000     0.3505E+01     2.000     4   6.6618
     3166     0.00000     0.8881E+01     2.000     7   6.6621
     3167     0.00000     0.1797E+02     2.000     7   6.6622
     3168     0.00000     0.2471E+02     2.000     7   6.6629
     3169     0.00000     0.1182E+02     2.000     7   6.6629
     3170     0.00000     0.9016E+01     2.000     7   6.6625
     3171     0.00000     0.1725E+02     2.000     7   6.6629
     3172     0.00000     0.1236E+02     2.000     6   6.6631
     3173     0.00000     0.8306E+01     2.000     7   6.6634
     3174     0.00000     0.6478E+01     2.000     7   6.6635
     3175     0.00000     0.5167E+01     2.000     7   6.6641
     3176     0.00000     0.5605E+01     2.000     6   6.6645
     3178     0.00000     0.1288E+02     2.000     7   6.6646
     3179     0.00000     0.3329E+02     2.000     7   6.6646
     3180     0.00000     0.4246E+01     2.000     7   6.6652
     3181     0.00000     0.8647E+01     2.000     7   6.6654
     3182     0.00000     0.3754E+01     2.000     7   6.6655
     3183     0.00000     0.1114E+02     2.000     7   6.6664
     3186     0.00000     0.1024E+02     2.000     7   6.6675
     3187     0.00000     0.4798E+01     2.000     7   6.6674
     3188     0.00000     0.4659E+01     2.000     6   6.6683
     3189     0.00000     0.1086E+02     2.000     7   6.6685
     3190     0.00000     0.6824E+01     2.000     7   6.6682
     3191     0.00000     0.1220E+02     2.000     7   6.6683
     3192     0.00000     0.3238E+02     2.000     7   6.6683
     3193     0.00000     0.5674E+01     2.000     6   6.6691
     3194     0.00000     0.5735E+01     2.000     6   6.6691
     3195     0.00000     0.9522E+01     2.000     7   6.6687
     3196     0.00000     0.1742E+02     2.000     7   6.6700
     3197     0.00000     0.6690E+01     2.000     7   6.6699
     3198     0.00000     0.4910E+01     2.000     7   6.6704
     3200     0.00000     0.1682E+02     2.000     7   6.6710
     3201     0.00000     0.5455E+01     2.000     6   6.6714
     3202     0.00000     0.5503E+01     2.000     6   6.6714
     3203     0.00000     0.9225E+01     2.000     6   6.6718
     3204     0.00000     0.2051E+02     2.000     7   6.6726
     3205     0.00000     0.5062E+01     2.000     7   6.6732
     3207     0.00000     0.6201E+01     2.000     7   6.6728
     3208     0.00000     0.3795E+01     2.000     7   6.6734
     3209     0.00000     0.6957E+01     2.000     7   6.6734
     3210     0.00000     0.6449E+01     2.000     7   6.6736
     3211     0.00000     0.8355E+01     2.000     7   6.6742
     3212     0.00000     0.2799E+01     2.000     7   6.6748
     3213     0.00000     0.3372E+01     2.000     6   6.6757
     3214     0.00000     0.8838E+01     2.000     6   6.6761
     3215     0.00000     0.8638E+01     2.000     7   6.6761
     3217     0.00000     0.2458E+02     2.000     7   6.6764
     3218     0.00000     0.3642E+01     2.000     6   6.6768
     3220     0.00000     0.3228E+01     2.000     7   6.6772
     3221     0.00000     0.8892E+01     2.000     7   6.6769
     3222     0.00000     0.4359E+01     2.000     6   6.6789
     3223     0.00000     0.1561E+02     2.000     7   6.6790
     3225     0.00000     0.9898E+01     2.000     7   6.6800
     3227     0.00000     0.3245E+01     2.000     7   6.6801
     3228     0.00000     0.1052E+02     2.000     7   6.6801
     3229     0.00000     0.2117E+02     2.000     7   6.6805
     3230     0.00000     0.2320E+02     2.000     7   6.6805
     3231     0.00000     0.1715E+02     2.000     7   6.6805
     3232     0.00000     0.1627E+02     2.000     7   6.6805
     3233     0.00000     0.5126E+01     2.000     5   6.6820
     3234     0.00000     0.4275E+01     2.000     6   6.6819
     3235     0.00000     0.6894E+01     2.000     7   6.6817
     3236     0.00000     0.2841E+01     2.000     7   6.6816
     3237     0.00000     0.9040E+01     2.000     7   6.6824
     3238     0.00000     0.2036E+02     2.000     6   6.6830
     3239     0.00000     0.4823E+01     2.000     7   6.6827
     3240     0.00000     0.1104E+02     2.000     7   6.6830
     3243     0.00000     0.2793E+01     2.000     7   6.6831
     3244     0.00000     0.1351E+02     2.000     6   6.6837
     3245     0.00000     0.7219E+01     2.000     7   6.6836
     3246     0.00000     0.6730E+01     2.000     6   6.6841
     3247     0.00000     0.5284E+01     2.000     7   6.6846
     3248     0.00000     0.8238E+01     2.000     7   6.6846
     3249     0.00000     0.8002E+01     2.000     7   6.6846
     3250     0.00000     0.5542E+01     2.000     7   6.6846
     3251     0.00000     0.2127E+02     2.000     7   6.6846
     3252     0.00000     0.2242E+02     2.000     7   6.6846
     3253     0.00000     0.1722E+02     2.000     7   6.6846
     3254     0.00000     0.1638E+02     2.000     7   6.6846
     3255     0.00000     0.1129E+02     2.000     7   6.6851
     3256     0.00000     0.3698E+01     2.000     6   6.6860
     3258     0.00000     0.1148E+02     2.000     7   6.6862
     3259     0.00000     0.1810E+02     2.000     7   6.6873
     3260     0.00000     0.1624E+02     2.000     7   6.6873
     3261     0.00000     0.3707E+01     2.000     7   6.6880
     3262     0.00000     0.3919E+01     2.000     7   6.6886
     3263     0.00000     0.6550E+01     2.000     6   6.6890
     3264     0.00000     0.8408E+01     2.000     6   6.6895
     3265     0.00000     0.9384E+01     2.000     7   6.6896
     3266     0.00000     0.3859E+01     2.000     7   6.6896
     3267     0.00000     0.7580E+01     2.000     6   6.6902
     3268     0.00000     0.5481E+01     2.000     6   6.6901
     3269     0.00000     0.1347E+02     2.000     7   6.6902
     3270     0.00000     0.5087E+01     2.000     7   6.6900
     3271     0.00000     0.1053E+02     2.000     7   6.6906
     3272     0.00000     0.7580E+01     2.000     6   6.6908
     3273     0.00000     0.5667E+01     2.000     6   6.6917
     3274     0.00000     0.7132E+01     2.000     7   6.6914
     3275     0.00000     0.3441E+01     2.000     3   6.6928
     3276     0.00000     0.1135E+02     2.000     6   6.6925
     3277     0.00000     0.4992E+01     2.000     7   6.6924
     3278     0.00000     0.8255E+01     2.000     7   6.6930
     3279     0.00000     0.1676E+02     2.000     7   6.6932
     3280     0.00000     0.2683E+02     2.000     7   6.6938
     3281     0.00000     0.1246E+02     2.000     6   6.6941
     3282     0.00000     0.8807E+01     2.000     6   6.6946
     3283     0.00000     0.1243E+02     2.000     7   6.6953
     3284     0.00000     0.8430E+01     2.000     7   6.6956
     3285     0.00000     0.1107E+02     2.000     7   6.6959
     3286     0.00000     0.3882E+02     2.000     7   6.6955
     3287     0.00000     0.1174E+02     2.000     7   6.6959
     3288     0.00000     0.4889E+01     2.000     7   6.6961
     3289     0.00000     0.5291E+01     2.000     7   6.6966
     3290     0.00000     0.9122E+01     2.000     7   6.6967
     3291     0.00000     0.3746E+01     2.000     7   6.6967
     3293     0.00000     0.4579E+01     2.000     7   6.6967
     3294     0.00000     0.3950E+01     2.000     6   6.6976
     3295     0.00000     0.1623E+02     2.000     7   6.6979
     3296     0.00000     0.7095E+01     2.000     7   6.6980
     3297     0.00000     0.1759E+02     2.000     7   6.6981
     3298     0.00000     0.3338E+02     2.000     7   6.6984
     3299     0.00000     0.9096E+01     2.000     7   6.6988
     3300     0.00000     0.2413E+02     2.000     7   6.6992
     3301     0.00000     0.2373E+02     2.000     7   6.6992
     3302     0.00000     0.5057E+01     2.000     7   6.7001
     3303     0.00000     0.8830E+01     2.000     7   6.7005
     3304     0.00000     0.7322E+01     2.000     7   6.7005
     3305     0.00000     0.1790E+02     2.000     7   6.7006
     3306     0.00000     0.2347E+02     2.000     7   6.7012
     3307     0.00000     0.1778E+02     2.000     7   6.7023
     3308     0.00000     0.1588E+02     2.000     7   6.7023
     3309     0.00000     0.1301E+02     2.000     7   6.7024
     3310     0.00000     0.9745E+01     2.000     7   6.7027
     3312     0.00000     0.3848E+02     2.000     7   6.7028
     3313     0.00000     0.1221E+02     2.000     6   6.7036
     3314     0.00000     0.1330E+02     2.000     6   6.7036
     3315     0.00000     0.2415E+02     2.000     7   6.7036
     3316     0.00000     0.7069E+01     2.000     6   6.7042
     3318     0.00000     0.6688E+01     2.000     7   6.7049
     3319     0.00000     0.5519E+01     2.000     6   6.7052
     3320     0.00000     0.1056E+02     2.000     6   6.7052
     3321     0.00000     0.8068E+01     2.000     6   6.7052
     3324     0.00000     0.4732E+01     2.000     7   6.7058
     3325     0.00000     0.1355E+02     2.000     7   6.7063
     3326     0.00000     0.3918E+01     2.000     6   6.7067
     3327     0.00000     0.7488E+01     2.000     6   6.7078
     3328     0.00000     0.2150E+02     2.000     7   6.7079
     3329     0.00000     0.8523E+01     2.000     6   6.7081
     3332     0.00000     0.1380E+02     2.000     7   6.7093
     3333     0.00000     0.4734E+01     2.000     7   6.7093
     3334     0.00000     0.1395E+02     2.000     7   6.7093
     3335     0.00000     0.1742E+02     2.000     7   6.7091
     3336     0.00000     0.4994E+01     2.000     7   6.7093
     3337     0.00000     0.6077E+01     2.000     7   6.7098
     3338     0.00000     0.8741E+01     2.000     7   6.7097
     3339     0.00000     0.6999E+01     2.000     7   6.7097
     3340     0.00000     0.1643E+02     2.000     7   6.7097
     3341     0.00000     0.3783E+01     2.000     7   6.7104
     3343     0.00000     0.6124E+01     2.000     7   6.7105
     3345     0.00000     0.3920E+01     2.000     7   6.7114
     3346     0.00000     0.3610E+02     2.000     7   6.7119
     3347     0.00000     0.1364E+02     2.000     7   6.7119
     3348     0.00000     0.5903E+01     2.000     6   6.7123
     3349     0.00000     0.2254E+02     2.000     7   6.7126
     3350     0.00000     0.6330E+01     2.000     6   6.7137
     3351     0.00000     0.4100E+01     2.000     7   6.7136
     3352     0.00000     0.1026E+02     2.000     7   6.7140
     3353     0.00000     0.8719E+01     2.000     7   6.7140
     3354     0.00000     0.3200E+01     2.000     6   6.7143
     3355     0.00000     0.1724E+02     2.000     7   6.7142
     3356     0.00000     0.4340E+01     2.000     6   6.7148
     3358     0.00000     0.2381E+02     2.000     7   6.7162
     3359     0.00000     0.2372E+02     2.000     7   6.7162
     3360     0.00000     0.3179E+01     2.000     7   6.7170
     3361     0.00000     0.1045E+02     2.000     7   6.7176
     3362     0.00000     0.8932E+01     2.000     7   6.7176
     3363     0.00000     0.2261E+02     2.000     7   6.7183
     3365     0.00000     0.7865E+01     2.000     6   6.7186
     3366     0.00000     0.3617E+02     2.000     7   6.7187
     3367     0.00000     0.1287E+02     2.000     7   6.7187
     3368     0.00000     0.4282E+01     2.000     7   6.7196
     3369     0.00000     0.8875E+01     2.000     7   6.7198
     3370     0.00000     0.8151E+01     2.000     7   6.7195
     3371     0.00000     0.4639E+01     2.000     7   6.7195
     3372     0.00000     0.1286E+02     2.000     7   6.7197
     3373     0.00000     0.1305E+02     2.000     7   6.7197
     3374     0.00000     0.3857E+01     2.000     6   6.7204
     3375     0.00000     0.1281E+02     2.000     7   6.7199
     3376     0.00000     0.4276E+01     2.000     7   6.7199
     3377     0.00000     0.8319E+01     2.000     6   6.7209
     3379     0.00000     0.1355E+02     2.000     7   6.7204
     3380     0.00000     0.1324E+02     2.000     7   6.7208
     3381     0.00000     0.9584E+01     2.000     7   6.7206
     3382     0.00000     0.1858E+02     2.000     7   6.7206
     3383     0.00000     0.1385E+02     2.000     7   6.7206
     3384     0.00000     0.7193E+01     2.000     6   6.7212
     3385     0.00000     0.2075E+02     2.000     7   6.7212
     3386     0.00000     0.8715E+01     2.000     7   6.7218
     3387     0.00000     0.8814E+01     2.000     7   6.7226
     3388     0.00000     0.3884E+01     2.000     7   6.7234
     3390     0.00000     0.1605E+02     2.000     7   6.7246
     3391     0.00000     0.1334E+02     2.000     7   6.7255
     3392     0.00000     0.2561E+02     2.000     7   6.7257
     3393     0.00000     0.6487E+01     2.000     7   6.7265
     3394     0.00000     0.6672E+01     2.000     7   6.7265
     3395     0.00000     0.6431E+01     2.000     6   6.7267
     3396     0.00000     0.5365E+01     2.000     6   6.7280
     3397     0.00000     0.9527E+01     2.000     7   6.7285
     3398     0.00000     0.5561E+01     2.000     7   6.7285
     3399     0.00000     0.4347E+01     2.000     7   6.7285
     3400     0.00000     0.1425E+02     2.000     7   6.7291
     3401     0.00000     0.4309E+01     2.000     7   6.7295
     3402     0.00000     0.1342E+02     2.000     7   6.7295
     3403     0.00000     0.2292E+02     2.000     7   6.7296
     3404     0.00000     0.5339E+01     2.000     6   6.7300
     3405     0.00000     0.1029E+02     2.000     6   6.7300
     3406     0.00000     0.7839E+01     2.000     6   6.7300
     3407     0.00000     0.6656E+01     2.000     7   6.7298
     3408     0.00000     0.3304E+02     2.000     7   6.7301
     3409     0.00000     0.1048E+02     2.000     7   6.7309
     3410     0.00000     0.1111E+02     2.000     7   6.7309
     3411     0.00000     0.9441E+01     2.000     7   6.7313
     3412     0.00000     0.3130E+01     2.000     7   6.7314
     3414     0.00000     0.5785E+01     2.000     6   6.7342
     3415     0.00000     0.1310E+02     2.000     7   6.7339
     3416     0.00000     0.1327E+02     2.000     7   6.7339
     3417     0.00000     0.7471E+01     2.000     7   6.7340
     3418     0.00000     0.2740E+01     2.000     7   6.7342
     3419     0.00000     0.1331E+02     2.000     7   6.7340
     3420     0.00000     0.1412E+02     2.000     7   6.7340
     3422     0.00000     0.6411E+01     2.000     7   6.7347
     3423     0.00000     0.4012E+01     2.000     7   6.7352
     3424     0.00000     0.6062E+01     2.000     7   6.7351
     3426     0.00000     0.4738E+01     2.000     7   6.7361
     3427     0.00000     0.9491E+01     2.000     7   6.7363
     3428     0.00000     0.6745E+01     2.000     7   6.7366
     3429     0.00000     0.1054E+02     2.000     6   6.7392
     3430     0.00000     0.1083E+02     2.000     6   6.7392
     3431     0.00000     0.1038E+02     2.000     6   6.7392
     3433     0.00000     0.6226E+01     2.000     7   6.7421
     3434     0.00000     0.4067E+01     2.000     7   6.7426
     3435     0.00000     0.9418E+01     2.000     7   6.7426
     3436     0.00000     0.1819E+02     2.000     7   6.7426
     3437     0.00000     0.1369E+02     2.000     7   6.7426
     3438     0.00000     0.7803E+01     2.000     6   6.7434
     3439     0.00000     0.1366E+02     2.000     7   6.7443
     3440     0.00000     0.5227E+01     2.000     7   6.7443
     3441     0.00000     0.1382E+02     2.000     7   6.7443
     3442     0.00000     0.5474E+01     2.000     7   6.7443
     3443     0.00000     0.1091E+02     2.000     7   6.7448
     3444     0.00000     0.9529E+01     2.000     7   6.7448
     3445     0.00000     0.4027E+01     2.000     6   6.7456
     3446     0.00000     0.5570E+01     2.000     7   6.7457
     3447     0.00000     0.6032E+01     2.000     7   6.7460
     3449     0.00000     0.3372E+01     2.000     7   6.7467
     3451     0.00000     0.7658E+01     2.000     7   6.7470
     3452     0.00000     0.4157E+01     2.000     7   6.7478
     3453     0.00000     0.9351E+01     2.000     7   6.7481
     3454     0.00000     0.1372E+02     2.000     7   6.7479
     3455     0.00000     0.4669E+01     2.000     7   6.7483
     3456     0.00000     0.9297E+01     2.000     7   6.7492
     3459     0.00000     0.3922E+01     2.000     7   6.7507
     3461     0.00000     0.6540E+01     2.000     6   6.7519
     3462     0.00000     0.1387E+02     2.000     7   6.7518
     3463     0.00000     0.1036E+02     2.000     7   6.7523
     3464     0.00000     0.8867E+01     2.000     7   6.7523
     3466     0.00000     0.2922E+01     2.000     7   6.7525
     3470     0.00000     0.3194E+01     2.000     7   6.7527
     3471     0.00000     0.1008E+02     2.000     7   6.7534
     3472     0.00000     0.1296E+02     2.000     7   6.7534
     3473     0.00000     0.5943E+01     2.000     7   6.7537
     3474     0.00000     0.4149E+01     2.000     7   6.7543
     3475     0.00000     0.1979E+02     2.000     7   6.7547
     3476     0.00000     0.2029E+02     2.000     7   6.7547
     3478     0.00000     0.3232E+01     2.000     7   6.7555
     3480     0.00000     0.3268E+01     2.000     5   6.7560
     3481     0.00000     0.7505E+01     2.000     7   6.7561
     3482     0.00000     0.1336E+02     2.000     7   6.7561
     3483     0.00000     0.1404E+02     2.000     7   6.7561
     3484     0.00000     0.6189E+01     2.000     6   6.7564
     3485     0.00000     0.9364E+01     2.000     7   6.7563
     3486     0.00000     0.1044E+02     2.000     6   6.7568
     3487     0.00000     0.1071E+02     2.000     6   6.7568
     3488     0.00000     0.1027E+02     2.000     6   6.7568
     3489     0.00000     0.3650E+01     2.000     7   6.7571
     3490     0.00000     0.5960E+01     2.000     7   6.7567
     3491     0.00000     0.3133E+01     2.000     7   6.7575
     3492     0.00000     0.3351E+01     2.000     7   6.7581
     3493     0.00000     0.3290E+01     2.000     5   6.7585
     3495     0.00000     0.7429E+01     2.000     6   6.7604
     3496     0.00000     0.1395E+02     2.000     7   6.7609
     3497     0.00000     0.5529E+01     2.000     7   6.7645
     3498     0.00000     0.3610E+01     2.000     7   6.7647
     3499     0.00000     0.8230E+01     2.000     7   6.7648
     3500     0.00000     0.4231E+01     2.000     5   6.7650
     3501     0.00000     0.4596E+01     2.000     6   6.7676
     3503     0.00000     0.1628E+02     2.000     7   6.7691
     3504     0.00000     0.1957E+02     2.000     7   6.7695
     3505     0.00000     0.1998E+02     2.000     7   6.7695
     3507     0.00000     0.6503E+01     2.000     7   6.7701
     3508     0.00000     0.7856E+01     2.000     7   6.7701
     3509     0.00000     0.5128E+01     2.000     6   6.7710
     3510     0.00000     0.5917E+01     2.000     7   6.7711
     3511     0.00000     0.4383E+01     2.000     7   6.7711
     3513     0.00000     0.1625E+02     2.000     7   6.7728
     3514     0.00000     0.5992E+01     2.000     7   6.7727
     3515     0.00000     0.1893E+02     2.000     7   6.7736
     3516     0.00000     0.6425E+01     2.000     7   6.7752
     3517     0.00000     0.1598E+02     2.000     7   6.7757
     3519     0.00000     0.7258E+01     2.000     7   6.7773
     3521     0.00000     0.5548E+01     2.000     7   6.7779
     3522     0.00000     0.3310E+01     2.000     7   6.7779
     3523     0.00000     0.4252E+01     2.000     7   6.7782
     3524     0.00000     0.1421E+02     2.000     7   6.7784
     3525     0.00000     0.3379E+01     2.000     7   6.7791
     3526     0.00000     0.2997E+01     2.000     7   6.7789
     3529     0.00000     0.3677E+01     2.000     7   6.7802
     3530     0.00000     0.5186E+01     2.000     7   6.7801
     3531     0.00000     0.5206E+01     2.000     7   6.7805
     3532     0.00000     0.3550E+01     2.000     7   6.7808
     3533     0.00000     0.3586E+01     2.000     7   6.7812
     3534     0.00000     0.5318E+01     2.000     7   6.7821
     3535     0.00000     0.7107E+01     2.000     7   6.7821
     3536     0.00000     0.8253E+01     2.000     7   6.7829
     3538     0.00000     0.5761E+01     2.000     7   6.7835
     3539     0.00000     0.2674E+01     2.000     7   6.7838
     3540     0.00000     0.3100E+01     2.000     5   6.7843
     3542     0.00000     0.9886E+01     2.000     7   6.7854
     3543     0.00000     0.5602E+01     2.000     7   6.7853
     3544     0.00000     0.1276E+02     2.000     7   6.7854
     3546     0.00000     0.1357E+02     2.000     7   6.7857
     3548     0.00000     0.7504E+01     2.000     7   6.7862
     3550     0.00000     0.8671E+01     2.000     7   6.7862
     3551     0.00000     0.1191E+02     2.000     6   6.7883
     3552     0.00000     0.5136E+01     2.000     7   6.7891
     3553     0.00000     0.6289E+01     2.000     7   6.7902
     3554     0.00000     0.4767E+01     2.000     6   6.7915
     3555     0.00000     0.4480E+01     2.000     6   6.7924
     3556     0.00000     0.8049E+01     2.000     7   6.7921
     3557     0.00000     0.4241E+01     2.000     7   6.7930
     3558     0.00000     0.6156E+01     2.000     7   6.7932
     3559     0.00000     0.4215E+01     2.000     7   6.7939
     3561     0.00000     0.4963E+01     2.000     6   6.7952
     3562     0.00000     0.5594E+01     2.000     7   6.7961
     3563     0.00000     0.5188E+01     2.000     6   6.7973
     3564     0.00000     0.1548E+02     2.000     7   6.7983
     3565     0.00000     0.3146E+01     2.000     7   6.7986
     3566     0.00000     0.1170E+02     2.000     7   6.7994
     3568     0.00000     0.8068E+01     2.000     7   6.7996
     3569     0.00000     0.6592E+01     2.000     7   6.8010
     3570     0.00000     0.3501E+01     2.000     7   6.8011
     3571     0.00000     0.4770E+01     2.000     7   6.8010
     3572     0.00000     0.6779E+01     2.000     6   6.8017
     3573     0.00000     0.5494E+01     2.000     7   6.8026
     3574     0.00000     0.5689E+01     2.000     6   6.8029
     3577     0.00000     0.2783E+01     2.000     7   6.8044
     3578     0.00000     0.5505E+01     2.000     7   6.8046
     3579     0.00000     0.7140E+01     2.000     7   6.8046
     3580     0.00000     0.4909E+01     2.000     6   6.8054
     3581     0.00000     0.7003E+01     2.000     7   6.8055
     3582     0.00000     0.6431E+01     2.000     7   6.8055
     3583     0.00000     0.5513E+01     2.000     6   6.8069
     3584     0.00000     0.5763E+01     2.000     7   6.8071
     3587     0.00000     0.6580E+01     2.000     7   6.8089
     3588     0.00000     0.7269E+01     2.000     7   6.8089
     3589     0.00000     0.6660E+01     2.000     7   6.8090
     3590     0.00000     0.4583E+01     2.000     7   6.8086
     3593     0.00000     0.6939E+01     2.000     7   6.8105
     3594     0.00000     0.6955E+01     2.000     7   6.8108
     3595     0.00000     0.5045E+02     2.000     7   6.8106
     3596     0.00000     0.5390E+01     2.000     7   6.8106
     3597     0.00000     0.1813E+02     2.000     7   6.8113
     3598     0.00000     0.3240E+02     2.000     7   6.8113
     3600     0.00000     0.9570E+01     2.000     6   6.8125
     3601     0.00000     0.6159E+01     2.000     7   6.8126
     3602     0.00000     0.1628E+02     1.000     6   6.8127
     3603     0.00000     0.1950E+02     2.000     7   6.8130
     3604     0.00000     0.6494E+01     2.000     7   6.8140
     3605     0.00000     0.6142E+01     2.000     7   6.8138
     3606     0.00000     0.4329E+01     2.000     7   6.8136
     3607     0.00000     0.1484E+02     2.000     7   6.8139
     3608     0.00000     0.3906E+01     2.000     7   6.8145
     3609     0.00000     0.1289E+02     2.000     7   6.8145
     3610     0.00000     0.1159E+02     2.000     6   6.8146
     3611     0.00000     0.4015E+01     2.000     7   6.8155
     3612     0.00000     0.1641E+02     1.000     6   6.8158
     3613     0.00000     0.4023E+01     2.000     7   6.8161
     3615     0.00000     0.4978E+01     2.000     5   6.8168
     3617     0.00000     0.4844E+01     2.000     7   6.8173
     3618     0.00000     0.4701E+01     2.000     7   6.8181
     3619     0.00000     0.4605E+01     2.000     6   6.8183
     3620     0.00000     0.5142E+01     2.000     7   6.8182
     3621     0.00000     0.1785E+02     2.000     7   6.8184
     3622     0.00000     0.3216E+01     2.000     7   6.8199
     3623     0.00000     0.1592E+02     2.000     7   6.8201
     3626     0.00000     0.1875E+02     2.000     7   6.8204
     3627     0.00000     0.3148E+01     2.000     7   6.8218
     3628     0.00000     0.6962E+01     2.000     7   6.8217
     3629     0.00000     0.1132E+02     2.000     7   6.8222
     3630     0.00000     0.1115E+02     2.000     7   6.8218
     3631     0.00000     0.5950E+01     2.000     7   6.8219
     3632     0.00000     0.7762E+01     2.000     7   6.8227
     3633     0.00000     0.3349E+02     2.000     7   6.8234
     3634     0.00000     0.1264E+02     2.000     7   6.8240
     3635     0.00000     0.6878E+01     2.000     7   6.8246
     3636     0.00000     0.1822E+02     2.000     7   6.8247
     3637     0.00000     0.6572E+01     2.000     7   6.8252
     3638     0.00000     0.4274E+01     2.000     7   6.8253
     3640     0.00000     0.1484E+02     2.000     7   6.8256
     3641     0.00000     0.3189E+01     2.000     7   6.8261
     3642     0.00000     0.3617E+01     2.000     7   6.8268
     3643     0.00000     0.3705E+01     2.000     7   6.8265
     3644     0.00000     0.3697E+01     2.000     4   6.8273
     3645     0.00000     0.3779E+01     2.000     6   6.8270
     3646     0.00000     0.2801E+01     2.000     7   6.8270
     3647     0.00000     0.2775E+01     2.000     7   6.8278
     3649     0.00000     0.3691E+01     2.000     4   6.8295
     3650     0.00000     0.3949E+01     2.000     7   6.8294
     3651     0.00000     0.4517E+01     2.000     7   6.8292
     3652     0.00000     0.3294E+01     2.000     6   6.8299
     3653     0.00000     0.4195E+01     2.000     7   6.8298
     3655     0.00000     0.5504E+01     2.000     7   6.8304
     3656     0.00000     0.3417E+01     2.000     7   6.8304
     3657     0.00000     0.9090E+01     2.000     7   6.8303
     3658     0.00000     0.9029E+01     2.000     7   6.8302
     3659     0.00000     0.5085E+01     2.000     7   6.8307
     3660     0.00000     0.4095E+01     2.000     7   6.8307
     3661     0.00000     0.6614E+01     2.000     7   6.8307
     3662     0.00000     0.3931E+01     2.000     7   6.8315
     3664     0.00000     0.4889E+01     2.000     6   6.8316
     3665     0.00000     0.5234E+01     2.000     7   6.8318
     3666     0.00000     0.3232E+02     2.000     7   6.8316
     3667     0.00000     0.9606E+01     2.000     7   6.8318
     3668     0.00000     0.1006E+02     2.000     7   6.8318
     3669     0.00000     0.7874E+01     2.000     7   6.8316
     3670     0.00000     0.1380E+02     2.000     7   6.8328
     3671     0.00000     0.1957E+02     2.000     7   6.8328
     3672     0.00000     0.1784E+02     2.000     7   6.8329
     3673     0.00000     0.5847E+01     2.000     7   6.8329
     3674     0.00000     0.1192E+02     2.000     7   6.8341
     3675     0.00000     0.3192E+01     2.000     4   6.8342
     3676     0.00000     0.3143E+01     2.000     7   6.8350
     3677     0.00000     0.3162E+01     2.000     7   6.8350
     3678     0.00000     0.3071E+01     2.000     7   6.8352
     3679     0.00000     0.2982E+01     2.000     7   6.8361
     3680     0.00000     0.8380E+01     2.000     7   6.8360
     3681     0.00000     0.4864E+01     2.000     7   6.8360
     3682     0.00000     0.1760E+02     2.000     7   6.8362
     3683     0.00000     0.3163E+02     2.000     7   6.8362
     3684     0.00000     0.2933E+01     2.000     6   6.8363
     3685     0.00000     0.3098E+01     2.000     5   6.8364
     3687     0.00000     0.4965E+01     2.000     7   6.8381
     3689     0.00000     0.3035E+02     2.000     7   6.8394
     3690     0.00000     0.1440E+02     2.000     7   6.8394
     3691     0.00000     0.1076E+02     2.000     7   6.8394
     3692     0.00000     0.1205E+02     2.000     7   6.8394
     3694     0.00000     0.5266E+01     2.000     7   6.8399
     3695     0.00000     0.1250E+02     2.000     7   6.8399
     3696     0.00000     0.1751E+02     2.000     7   6.8404
     3697     0.00000     0.4869E+01     2.000     7   6.8410
     3698     0.00000     0.2677E+01     2.000     7   6.8409
     3699     0.00000     0.5980E+01     2.000     7   6.8417
     3700     0.00000     0.5049E+01     2.000     7   6.8417
     3701     0.00000     0.4087E+01     2.000     7   6.8416
     3702     0.00000     0.3552E+01     2.000     6   6.8421
     3703     0.00000     0.4645E+01     2.000     7   6.8428
     3704     0.00000     0.5435E+01     2.000     7   6.8426
     3705     0.00000     0.5029E+01     2.000     7   6.8427
     3706     0.00000     0.5289E+01     2.000     7   6.8427
     3708     0.00000     0.6804E+01     2.000     7   6.8441
     3709     0.00000     0.1070E+02     2.000     7   6.8446
     3710     0.00000     0.5700E+01     2.000     7   6.8454
     3711     0.00000     0.1979E+02     2.000     7   6.8451
     3712     0.00000     0.6772E+01     2.000     7   6.8457
     3713     0.00000     0.6056E+01     2.000     6   6.8455
     3714     0.00000     0.4732E+01     2.000     7   6.8462
     3715     0.00000     0.1053E+02     2.000     7   6.8462
     3716     0.00000     0.1094E+02     2.000     7   6.8462
     3717     0.00000     0.4106E+01     2.000     5   6.8468
     3718     0.00000     0.4098E+01     2.000     7   6.8470
     3719     0.00000     0.2937E+02     2.000     7   6.8479
     3720     0.00000     0.1414E+02     2.000     7   6.8479
     3721     0.00000     0.1042E+02     2.000     7   6.8479
     3722     0.00000     0.1186E+02     2.000     7   6.8479
     3723     0.00000     0.3111E+01     2.000     7   6.8482
     3725     0.00000     0.4984E+01     2.000     7   6.8495
     3726     0.00000     0.5792E+01     2.000     7   6.8499
     3727     0.00000     0.6808E+01     2.000     7   6.8499
     3728     0.00000     0.7207E+01     2.000     7   6.8499
     3729     0.00000     0.1811E+02     2.000     7   6.8496
     3730     0.00000     0.4854E+02     2.000     7   6.8501
     3731     0.00000     0.4003E+01     2.000     7   6.8501
     3732     0.00000     0.3078E+01     2.000     7   6.8502
     3733     0.00000     0.6074E+01     2.000     6   6.8514
     3734     0.00000     0.6697E+01     2.000     6   6.8514
     3735     0.00000     0.1868E+02     2.000     7   6.8511
     3736     0.00000     0.3337E+01     2.000     7   6.8516
     3738     0.00000     0.1808E+02     2.000     7   6.8526
     3739     0.00000     0.3215E+01     2.000     7   6.8533
     3740     0.00000     0.5948E+01     2.000     7   6.8538
     3741     0.00000     0.9604E+01     2.000     7   6.8538
     3742     0.00000     0.1004E+02     2.000     7   6.8538
     3743     0.00000     0.6930E+01     2.000     7   6.8551
     3744     0.00000     0.3985E+01     2.000     5   6.8553
     3745     0.00000     0.4299E+01     2.000     6   6.8553
     3746     0.00000     0.5151E+02     2.000     7   6.8553
     3747     0.00000     0.1037E+02     2.000     7   6.8552
     3748     0.00000     0.1070E+02     2.000     7   6.8552
     3749     0.00000     0.1392E+02     2.000     7   6.8552
     3750     0.00000     0.1142E+02     2.000     7   6.8551
     3751     0.00000     0.5751E+01     2.000     7   6.8552
     3752     0.00000     0.2789E+01     2.000     7   6.8563
     3753     0.00000     0.5193E+01     2.000     7   6.8576
     3754     0.00000     0.4786E+01     2.000     7   6.8580
     3755     0.00000     0.4436E+01     2.000     6   6.8584
     3756     0.00000     0.4144E+01     2.000     5   6.8591
     3757     0.00000     0.3037E+01     2.000     7   6.8590
     3758     0.00000     0.2612E+02     2.000     7   6.8588
     3759     0.00000     0.1885E+02     2.000     7   6.8600
     3760     0.00000     0.7549E+01     2.000     7   6.8600
     3761     0.00000     0.1455E+02     2.000     7   6.8606
     3762     0.00000     0.4047E+01     2.000     7   6.8603
     3764     0.00000     0.5213E+01     2.000     6   6.8609
     3765     0.00000     0.7079E+01     2.000     7   6.8612
     3766     0.00000     0.4794E+01     2.000     7   6.8615
     3767     0.00000     0.3425E+01     2.000     7   6.8614
     3768     0.00000     0.2614E+02     2.000     7   6.8617
     3769     0.00000     0.6866E+01     2.000     7   6.8623
     3770     0.00000     0.2985E+01     2.000     7   6.8623
     3771     0.00000     0.7830E+01     2.000     7   6.8623
     3773     0.00000     0.1327E+02     2.000     7   6.8626
     3774     0.00000     0.1886E+02     2.000     7   6.8626
     3775     0.00000     0.6121E+01     2.000     6   6.8633
     3776     0.00000     0.5034E+01     2.000     6   6.8633
     3779     0.00000     0.1237E+02     2.000     7   6.8635
     3780     0.00000     0.5512E+01     2.000     7   6.8637
     3781     0.00000     0.5063E+02     2.000     7   6.8643
     3783     0.00000     0.5311E+01     2.000     7   6.8640
     3784     0.00000     0.6491E+01     2.000     7   6.8643
     3785     0.00000     0.5731E+01     2.000     7   6.8643
     3786     0.00000     0.3340E+01     2.000     7   6.8645
     3787     0.00000     0.1564E+02     2.000     6   6.8648
     3788     0.00000     0.3228E+01     2.000     7   6.8649
     3789     0.00000     0.3167E+01     2.000     6   6.8652
     3790     0.00000     0.8033E+01     2.000     7   6.8663
     3791     0.00000     0.1912E+02     2.000     7   6.8669
     3792     0.00000     0.7181E+01     2.000     7   6.8669
     3793     0.00000     0.1432E+02     2.000     7   6.8668
     3794     0.00000     0.2173E+02     2.000     7   6.8668
     3795     0.00000     0.1276E+02     2.000     7   6.8668
     3796     0.00000     0.1158E+02     2.000     7   6.8668
     3797     0.00000     0.5475E+01     2.000     7   6.8674
     3798     0.00000     0.4788E+01     2.000     7   6.8680
     3799     0.00000     0.5133E+01     2.000     7   6.8683
     3800     0.00000     0.5505E+01     2.000     7   6.8683
     3801     0.00000     0.4206E+01     2.000     7   6.8683
     3802     0.00000     0.1622E+02     2.000     7   6.8686
     3803     0.00000     0.3936E+01     2.000     6   6.8697
     3804     0.00000     0.3155E+01     2.000     7   6.8709
     3805     0.00000     0.1142E+02     2.000     7   6.8708
     3806     0.00000     0.4031E+01     2.000     7   6.8714
     3807     0.00000     0.1020E+02     2.000     7   6.8714
     3808     0.00000     0.1058E+02     2.000     7   6.8714
     3809     0.00000     0.1374E+02     2.000     7   6.8714
     3810     0.00000     0.4398E+01     2.000     7   6.8715
     3812     0.00000     0.1336E+02     2.000     7   6.8725
     3813     0.00000     0.6873E+01     2.000     7   6.8729
     3814     0.00000     0.3039E+01     2.000     5   6.8736
     3815     0.00000     0.3140E+01     2.000     5   6.8736
     3817     0.00000     0.5112E+01     2.000     7   6.8742
     3819     0.00000     0.2984E+01     2.000     7   6.8746
     3821     0.00000     0.2873E+02     2.000     7   6.8752
     3822     0.00000     0.4637E+01     2.000     7   6.8752
     3823     0.00000     0.5286E+01     2.000     7   6.8757
     3824     0.00000     0.9294E+01     2.000     7   6.8757
     3825     0.00000     0.7748E+01     2.000     7   6.8756
     3826     0.00000     0.1029E+02     2.000     7   6.8760
     3827     0.00000     0.1075E+02     2.000     7   6.8760
     3828     0.00000     0.3160E+01     2.000     7   6.8767
     3829     0.00000     0.5883E+01     2.000     6   6.8768
     3830     0.00000     0.3362E+01     2.000     6   6.8768
     3831     0.00000     0.2819E+01     2.000     6   6.8766
     3832     0.00000     0.8643E+01     2.000     7   6.8766
     3833     0.00000     0.8398E+01     2.000     7   6.8766
     3834     0.00000     0.1027E+02     2.000     7   6.8771
     3835     0.00000     0.5641E+01     2.000     7   6.8771
     3836     0.00000     0.3074E+01     2.000     7   6.8774
     3837     0.00000     0.2875E+02     2.000     7   6.8776
     3838     0.00000     0.4712E+01     2.000     7   6.8776
     3839     0.00000     0.1018E+02     2.000     7   6.8784
     3840     0.00000     0.6318E+01     2.000     7   6.8804
     3841     0.00000     0.1272E+02     2.000     7   6.8802
     3842     0.00000     0.2786E+02     2.000     7   6.8802
     3843     0.00000     0.6718E+01     2.000     7   6.8809
     3844     0.00000     0.2095E+02     2.000     7   6.8830
     3847     0.00000     0.4563E+01     2.000     7   6.8842
     3849     0.00000     0.1643E+02     2.000     7   6.8848
     3850     0.00000     0.3451E+01     2.000     6   6.8852
     3851     0.00000     0.3227E+01     2.000     6   6.8859
     3853     0.00000     0.7518E+01     2.000     6   6.8870
     3854     0.00000     0.3197E+01     2.000     7   6.8867
     3856     0.00000     0.3696E+01     2.000     5   6.8875
     3857     0.00000     0.2917E+01     2.000     7   6.8873
     3858     0.00000     0.6182E+01     2.000     6   6.8876
     3859     0.00000     0.9544E+01     2.000     7   6.8886
     3860     0.00000     0.3129E+01     2.000     7   6.8887
     3861     0.00000     0.1032E+02     2.000     7   6.8888
     3862     0.00000     0.7257E+01     2.000     6   6.8893
     3863     0.00000     0.3202E+01     2.000     7   6.8893
     3864     0.00000     0.5417E+01     2.000     7   6.8891
     3865     0.00000     0.9444E+01     2.000     7   6.8891
     3866     0.00000     0.4026E+01     2.000     7   6.8892
     3867     0.00000     0.1389E+02     2.000     7   6.8894
     3868     0.00000     0.2174E+02     2.000     7   6.8894
     3869     0.00000     0.1235E+02     2.000     7   6.8894
     3870     0.00000     0.1119E+02     2.000     7   6.8894
     3871     0.00000     0.6243E+01     2.000     7   6.8900
     3872     0.00000     0.9741E+01     2.000     7   6.8900
     3873     0.00000     0.1543E+02     2.000     6   6.8902
     3874     0.00000     0.5539E+01     2.000     6   6.8909
     3875     0.00000     0.8692E+01     2.000     6   6.8913
     3877     0.00000     0.2091E+02     2.000     7   6.8913
     3878     0.00000     0.8119E+02     2.000     7   6.8915
     3879     0.00000     0.3043E+01     2.000     7   6.8921
     3880     0.00000     0.3941E+01     2.000     7   6.8921
     3881     0.00000     0.3374E+01     2.000     5   6.8932
     3882     0.00000     0.5049E+01     2.000     7   6.8932
     3883     0.00000     0.7976E+02     2.000     7   6.8936
     3884     0.00000     0.3201E+01     2.000     7   6.8951
     3885     0.00000     0.3020E+01     2.000     7   6.8948
     3886     0.00000     0.4232E+01     2.000     7   6.8953
     3888     0.00000     0.3444E+01     2.000     7   6.8973
     3890     0.00000     0.8477E+01     2.000     7   6.8978
     3891     0.00000     0.9862E+01     2.000     7   6.8979
     3892     0.00000     0.8203E+01     2.000     7   6.8978
     3893     0.00000     0.5807E+01     2.000     7   6.8983
     3894     0.00000     0.4545E+01     2.000     7   6.8991
     3896     0.00000     0.5668E+01     2.000     7   6.9000
     3897     0.00000     0.3162E+01     2.000     7   6.9004
     3898     0.00000     0.1020E+02     2.000     7   6.9018
     3899     0.00000     0.8613E+01     2.000     6   6.9025
     3901     0.00000     0.1299E+02     2.000     7   6.9028
     3902     0.00000     0.2769E+02     2.000     7   6.9028
     3903     0.00000     0.3274E+01     2.000     6   6.9038
     3904     0.00000     0.4277E+01     2.000     7   6.9043
     3905     0.00000     0.6046E+01     2.000     6   6.9046
     3906     0.00000     0.3175E+01     2.000     7   6.9046
     3907     0.00000     0.8190E+01     2.000     6   6.9064
     3908     0.00000     0.3193E+01     2.000     7   6.9064
     3909     0.00000     0.1617E+02     2.000     7   6.9068
     3912     0.00000     0.8630E+01     2.000     7   6.9089
     3913     0.00000     0.4885E+01     2.000     6   6.9099
     3914     0.00000     0.4901E+01     2.000     7   6.9096
     3915     0.00000     0.3011E+01     2.000     7   6.9098
     3920     0.00000     0.6228E+01     2.000     7   6.9113
     3921     0.00000     0.9739E+01     2.000     7   6.9113
     3923     0.00000     0.4997E+01     2.000     6   6.9127
     3925     0.00000     0.3223E+01     2.000     7   6.9132
     3926     0.00000     0.4184E+01     2.000     7   6.9142
     3927     0.00000     0.3116E+01     2.000     7   6.9147
     3929     0.00000     0.1608E+02     2.000     7   6.9151
     3931     0.00000     0.4733E+01     2.000     7   6.9160
     3932     0.00000     0.6775E+01     2.000     7   6.9170
     3933     0.00000     0.4647E+01     2.000     7   6.9180
     3934     0.00000     0.9169E+01     2.000     7   6.9187
     3935     0.00000     0.1467E+02     2.000     7   6.9187
     3936     0.00000     0.1057E+02     2.000     7   6.9185
     3938     0.00000     0.6740E+01     2.000     7   6.9194
     3939     0.00000     0.4216E+01     2.000     7   6.9207
     3940     0.00000     0.9569E+01     2.000     7   6.9203
     3941     0.00000     0.1420E+02     2.000     7   6.9203
     3943     0.00000     0.1051E+02     2.000     7   6.9212
     3945     0.00000     0.3193E+01     2.000     7   6.9215
     3949     0.00000     0.4614E+01     2.000     7   6.9237
     3950     0.00000     0.4715E+01     2.000     5   6.9246
     3951     0.00000     0.4181E+01     2.000     5   6.9244
     3952     0.00000     0.3887E+01     2.000     7   6.9245
     3953     0.00000     0.3339E+01     2.000     7   6.9249
     3955     0.00000     0.1241E+02     2.000     7   6.9251
     3956     0.00000     0.8800E+01     2.000     7   6.9253
     3958     0.00000     0.3725E+01     2.000     7   6.9251
     3959     0.00000     0.5838E+01     2.000     6   6.9255
     3960     0.00000     0.3645E+01     2.000     7   6.9257
     3961     0.00000     0.1263E+02     2.000     7   6.9270
     3962     0.00000     0.3771E+01     2.000     7   6.9270
     3963     0.00000     0.7356E+01     2.000     7   6.9284
     3964     0.00000     0.4337E+01     2.000     7   6.9280
     3965     0.00000     0.5654E+01     2.000     6   6.9296
     3966     0.00000     0.4871E+01     2.000     7   6.9296
     3967     0.00000     0.5514E+01     2.000     7   6.9303
     3968     0.00000     0.2771E+01     2.000     7   6.9311
     3971     0.00000     0.2482E+02     2.000     7   6.9325
     3972     0.00000     0.6106E+01     2.000     7   6.9326
     3974     0.00000     0.6396E+01     2.000     6   6.9334
     3975     0.00000     0.8497E+01     2.000     7   6.9333
     3976     0.00000     0.3983E+01     2.000     6   6.9340
     3977     0.00000     0.1566E+02     2.000     7   6.9339
     3978     0.00000     0.6852E+01     2.000     7   6.9337
     3980     0.00000     0.3208E+01     2.000     6   6.9356
     3981     0.00000     0.6077E+01     2.000     7   6.9360
     3985     0.00000     0.6367E+01     2.000     6   6.9386
     3987     0.00000     0.1731E+02     2.000     7   6.9383
     3988     0.00000     0.4343E+01     2.000     7   6.9404
     3989     0.00000     0.1018E+02     2.000     7   6.9405
     3990     0.00000     0.4137E+01     2.000     7   6.9408
     3991     0.00000     0.4384E+01     2.000     6   6.9416
     3992     0.00000     0.5694E+01     2.000     7   6.9414
     3993     0.00000     0.3494E+01     2.000     7   6.9413
     3995     0.00000     0.5245E+01     2.000     7   6.9413
     3996     0.00000     0.7415E+01     2.000     7   6.9414
     3998     0.00000     0.3413E+01     2.000     6   6.9428
     3999     0.00000     0.3197E+01     2.000     7   6.9447
     4000     0.00000     0.7340E+01     2.000     7   6.9444
     4001     0.00000     0.3958E+01     2.000     6   6.9450
     4002     0.00000     0.1111E+02     2.000     7   6.9450
     4003     0.00000     0.7765E+01     2.000     7   6.9447
     4004     0.00000     0.7024E+01     2.000     7   6.9451
     4005     0.00000     0.3240E+01     2.000     7   6.9464
     4007     0.00000     0.5968E+01     2.000     7   6.9473
     4008     0.00000     0.3720E+01     2.000     6   6.9478
     4009     0.00000     0.5599E+01     2.000     6   6.9478
     4010     0.00000     0.1114E+02     2.000     7   6.9482
     4011     0.00000     0.4935E+01     2.000     7   6.9483
     4012     0.00000     0.1027E+02     2.000     6   6.9500
     4015     0.00000     0.1527E+02     2.000     7   6.9510
     4016     0.00000     0.7464E+01     2.000     7   6.9514
     4017     0.00000     0.1518E+02     2.000     7   6.9517
     4018     0.00000     0.5525E+01     2.000     7   6.9518
     4019     0.00000     0.4052E+01     2.000     7   6.9522
     4020     0.00000     0.3361E+01     2.000     7   6.9527
     4022     0.00000     0.1301E+02     2.000     7   6.9541
     4024     0.00000     0.1490E+02     2.000     7   6.9546
     4025     0.00000     0.9382E+01     2.000     7   6.9546
     4026     0.00000     0.5887E+01     2.000     7   6.9547
     4028     0.00000     0.7398E+01     2.000     7   6.9550
     4029     0.00000     0.1889E+02     2.000     7   6.9552
     4030     0.00000     0.1019E+02     2.000     6   6.9559
     4031     0.00000     0.4674E+01     2.000     7   6.9557
     4032     0.00000     0.1071E+02     2.000     7   6.9562
     4033     0.00000     0.1709E+02     2.000     7   6.9560
     4034     0.00000     0.1063E+02     2.000     7   6.9560
     4035     0.00000     0.7393E+01     2.000     7   6.9573
     4036     0.00000     0.8485E+01     2.000     7   6.9572
     4038     0.00000     0.4608E+01     2.000     7   6.9576
     4039     0.00000     0.6818E+01     2.000     7   6.9575
     4040     0.00000     0.3290E+01     2.000     7   6.9575
     4041     0.00000     0.7886E+01     2.000     7   6.9587
     4042     0.00000     0.4116E+01     2.000     7   6.9587
     4044     0.00000     0.2677E+01     2.000     4   6.9595
     4045     0.00000     0.7196E+01     2.000     7   6.9592
     4046     0.00000     0.5575E+01     2.000     6   6.9600
     4047     0.00000     0.9009E+01     2.000     7   6.9599
     4049     0.00000     0.6146E+01     2.000     7   6.9602
     4050     0.00000     0.7736E+01     2.000     7   6.9605
     4051     0.00000     0.7593E+01     2.000     7   6.9602
     4052     0.00000     0.4073E+01     2.000     7   6.9604
     4053     0.00000     0.5585E+01     2.000     7   6.9607
     4054     0.00000     0.4914E+01     2.000     7   6.9610
     4055     0.00000     0.5953E+01     2.000     7   6.9607
     4056     0.00000     0.9103E+01     2.000     7   6.9608
     4057     0.00000     0.4411E+01     2.000     7   6.9614
     4058     0.00000     0.4166E+01     2.000     7   6.9612
     4059     0.00000     0.1066E+02     2.000     7   6.9619
     4061     0.00000     0.3392E+01     2.000     6   6.9625
     4062     0.00000     0.4860E+01     2.000     7   6.9631
     4063     0.00000     0.4144E+01     2.000     7   6.9634
     4064     0.00000     0.6322E+01     2.000     7   6.9644
     4065     0.00000     0.5030E+01     2.000     7   6.9644
     4066     0.00000     0.1988E+02     2.000     7   6.9654
     4067     0.00000     0.4036E+01     2.000     6   6.9662
     4068     0.00000     0.3965E+01     2.000     7   6.9666
     4069     0.00000     0.4881E+01     2.000     7   6.9669
     4070     0.00000     0.5654E+01     2.000     7   6.9674
     4071     0.00000     0.5378E+01     2.000     6   6.9677
     4072     0.00000     0.3425E+01     2.000     7   6.9678
     4073     0.00000     0.3490E+01     2.000     7   6.9678
     4074     0.00000     0.1980E+02     2.000     7   6.9685
     4075     0.00000     0.9152E+01     2.000     7   6.9697
     4076     0.00000     0.1534E+02     2.000     7   6.9695
     4077     0.00000     0.4118E+01     2.000     7   6.9702
     4078     0.00000     0.9581E+01     2.000     7   6.9700
     4079     0.00000     0.2408E+02     2.000     7   6.9711
     4080     0.00000     0.7790E+01     2.000     7   6.9709
     4081     0.00000     0.3442E+01     2.000     7   6.9716
     4082     0.00000     0.1727E+02     2.000     7   6.9722
     4083     0.00000     0.4439E+01     2.000     7   6.9719
     4084     0.00000     0.5895E+01     2.000     7   6.9721
     4085     0.00000     0.1835E+02     2.000     7   6.9720
     4086     0.00000     0.1561E+02     2.000     7   6.9719
     4087     0.00000     0.1338E+02     1.000     6   6.9725
     4088     0.00000     0.1019E+02     2.000     7   6.9728
     4090     0.00000     0.3684E+01     2.000     7   6.9733
     4091     0.00000     0.7415E+01     2.000     7   6.9731
     4092     0.00000     0.4563E+01     2.000     7   6.9736
     4093     0.00000     0.4039E+01     2.000     7   6.9736
     4094     0.00000     0.7767E+01     2.000     6   6.9761
     4095     0.00000     0.1059E+02     2.000     7   6.9762
     4096     0.00000     0.3447E+01     2.000     7   6.9764
     4097     0.00000     0.6250E+01     2.000     7   6.9771
     4098     0.00000     0.1733E+02     2.000     7   6.9782
     4099     0.00000     0.5050E+01     2.000     6   6.9788
     4100     0.00000     0.2898E+01     2.000     7   6.9788
     4101     0.00000     0.6463E+01     2.000     7   6.9786
     4102     0.00000     0.5390E+01     2.000     7   6.9786
     4103     0.00000     0.8174E+01     2.000     7   6.9791
     4104     0.00000     0.2797E+02     2.000     7   6.9790
     4105     0.00000     0.5486E+01     2.000     7   6.9790
     4106     0.00000     0.1570E+02     2.000     7   6.9799
     4107     0.00000     0.4124E+01     2.000     7   6.9803
     4109     0.00000     0.3502E+01     2.000     5   6.9816
     4110     0.00000     0.5510E+01     2.000     7   6.9816
     4111     0.00000     0.3138E+01     2.000     7   6.9821
     4112     0.00000     0.3752E+01     2.000     7   6.9828
     4113     0.00000     0.7065E+01     2.000     7   6.9828
     4114     0.00000     0.9735E+01     2.000     7   6.9828
     4115     0.00000     0.6886E+01     2.000     7   6.9831
     4116     0.00000     0.5794E+01     2.000     7   6.9836
     4117     0.00000     0.3706E+01     2.000     6   6.9841
     4118     0.00000     0.3637E+01     2.000     7   6.9842
     4119     0.00000     0.2994E+01     2.000     7   6.9848
     4120     0.00000     0.3148E+01     2.000     7   6.9848
     4121     0.00000     0.4015E+01     2.000     7   6.9856
     4122     0.00000     0.7644E+01     2.000     6   6.9870
     4123     0.00000     0.5437E+01     2.000     6   6.9872
     4124     0.00000     0.8023E+01     2.000     7   6.9874
     4125     0.00000     0.1027E+02     2.000     7   6.9872
     4126     0.00000     0.6498E+01     2.000     7   6.9874
     4127     0.00000     0.3055E+01     2.000     7   6.9874
     4128     0.00000     0.4608E+02     2.000     7   6.9880
     4129     0.00000     0.1444E+02     2.000     7   6.9887
     4130     0.00000     0.1001E+02     2.000     7   6.9889
     4131     0.00000     0.4534E+01     2.000     7   6.9888
     4132     0.00000     0.1414E+02     2.000     7   6.9893
     4134     0.00000     0.2883E+01     2.000     7   6.9906
     4135     0.00000     0.8567E+01     2.000     7   6.9911
     4136     0.00000     0.1500E+02     2.000     7   6.9915
     4137     0.00000     0.1305E+02     1.000     6   6.9921
     4138     0.00000     0.6434E+01     2.000     7   6.9925
     4139     0.00000     0.2431E+02     2.000     7   6.9924
     4140     0.00000     0.3401E+01     2.000     7   6.9927
     4141     0.00000     0.8556E+01     2.000     7   6.9932
     4142     0.00000     0.4122E+01     2.000     7   6.9940
     4143     0.00000     0.4501E+01     2.000     7   6.9945
     4144     0.00000     0.4054E+01     2.000     6   6.9958
     4146     0.00000     0.3734E+01     2.000     7   6.9967
     4147     0.00000     0.7794E+01     2.000     6   6.9968
     4149     0.00000     0.8564E+01     2.000     7   6.9976
     4151     0.00000     0.3063E+01     2.000     7   6.9986
     4152     0.00000     0.3501E+01     2.000     7   6.9986
     4153     0.00000     0.1391E+02     2.000     7   6.9984
     4155     0.00000     0.1036E+02     2.000     7   6.9990
     4156     0.00000     0.4040E+01     2.000     7   6.9991
     4157     0.00000     0.1482E+02     2.000     7   6.9997
     4158     0.00000     0.3018E+01     2.000     7   6.9995
     4159     0.00000     0.3675E+01     2.000     7   7.0001
     4160     0.00000     0.1218E+02     2.000     7   7.0001
     4161     0.00000     0.5036E+01     2.000     7   7.0012
     4163     0.00000     0.1197E+02     2.000     7   7.0014
     4164     0.00000     0.2743E+02     2.000     7   7.0014
     4165     0.00000     0.1050E+02     2.000     7   7.0014
     4166     0.00000     0.8250E+01     2.000     7   7.0021
     4167     0.00000     0.1239E+02     2.000     7   7.0024
     4168     0.00000     0.2685E+01     2.000     7   7.0024
     4170     0.00000     0.2669E+01     2.000     5   7.0037
     4172     0.00000     0.5143E+01     2.000     6   7.0034
     4174     0.00000     0.4555E+02     2.000     7   7.0048
     4176     0.00000     0.1429E+02     2.000     7   7.0052
     4177     0.00000     0.6271E+01     2.000     7   7.0054
     4179     0.00000     0.6529E+01     2.000     7   7.0062
     4180     0.00000     0.1200E+02     2.000     7   7.0070
     4181     0.00000     0.1639E+02     2.000     7   7.0070
     4182     0.00000     0.1237E+02     2.000     7   7.0081
     4183     0.00000     0.7708E+01     2.000     7   7.0083
     4184     0.00000     0.1072E+02     2.000     7   7.0083
     4185     0.00000     0.2977E+01     2.000     7   7.0091
     4186     0.00000     0.7954E+01     2.000     7   7.0092
     4187     0.00000     0.2735E+02     2.000     7   7.0094
     4188     0.00000     0.5142E+01     2.000     7   7.0094
     4190     0.00000     0.1224E+02     2.000     7   7.0104
     4191     0.00000     0.1591E+02     2.000     7   7.0104
     4192     0.00000     0.4858E+01     2.000     7   7.0105
     4193     0.00000     0.5459E+01     2.000     6   7.0110
     4194     0.00000     0.1137E+02     2.000     7   7.0110
     4195     0.00000     0.2707E+01     2.000     7   7.0121
     4196     0.00000     0.6615E+01     2.000     7   7.0132
     4197     0.00000     0.9402E+01     2.000     7   7.0137
     4198     0.00000     0.2918E+02     2.000     7   7.0148
     4199     0.00000     0.4895E+01     2.000     7   7.0154
     4200     0.00000     0.1031E+02     2.000     7   7.0158
     4202     0.00000     0.7666E+01     2.000     7   7.0175
     4203     0.00000     0.1186E+02     2.000     7   7.0182
     4204     0.00000     0.2760E+02     2.000     7   7.0182
     4205     0.00000     0.6543E+01     2.000     7   7.0185
     4206     0.00000     0.1036E+02     2.000     7   7.0182
     4207     0.00000     0.3020E+01     2.000     7   7.0185
     4208     0.00000     0.1578E+02     2.000     7   7.0189
     4209     0.00000     0.1481E+02     2.000     7   7.0187
     4210     0.00000     0.9442E+01     2.000     7   7.0188
     4211     0.00000     0.3562E+01     2.000     7   7.0189
     4212     0.00000     0.3641E+01     2.000     7   7.0197
     4213     0.00000     0.5828E+01     2.000     6   7.0205
     4214     0.00000     0.6275E+01     2.000     6   7.0210
     4215     0.00000     0.4008E+01     2.000     6   7.0225
     4216     0.00000     0.7405E+01     2.000     7   7.0225
     4217     0.00000     0.5040E+01     2.000     7   7.0230
     4218     0.00000     0.4340E+01     2.000     7   7.0226
     4219     0.00000     0.2359E+02     2.000     7   7.0228
     4220     0.00000     0.5795E+01     2.000     7   7.0226
     4221     0.00000     0.6397E+01     2.000     7   7.0233
     4222     0.00000     0.4854E+01     2.000     6   7.0240
     4223     0.00000     0.8741E+01     2.000     6   7.0241
     4226     0.00000     0.2767E+01     2.000     7   7.0262
     4227     0.00000     0.6475E+01     2.000     7   7.0264
     4228     0.00000     0.5297E+01     2.000     7   7.0264
     4229     0.00000     0.3038E+01     2.000     7   7.0263
     4230     0.00000     0.5339E+01     2.000     7   7.0267
     4231     0.00000     0.4565E+01     2.000     7   7.0275
     4232     0.00000     0.7724E+01     2.000     7   7.0272
     4233     0.00000     0.9250E+01     2.000     7   7.0272
     4234     0.00000     0.1638E+02     2.000     7   7.0281
     4235     0.00000     0.9206E+01     2.000     7   7.0277
     4236     0.00000     0.6929E+01     2.000     7   7.0277
     4237     0.00000     0.7853E+01     2.000     7   7.0277
     4238     0.00000     0.5793E+01     2.000     6   7.0292
     4239     0.00000     0.8484E+01     2.000     7   7.0290
     4240     0.00000     0.3404E+01     2.000     6   7.0299
     4241     0.00000     0.1509E+02     2.000     7   7.0298
     4242     0.00000     0.4133E+01     2.000     7   7.0300
     4243     0.00000     0.4265E+01     2.000     7   7.0299
     4244     0.00000     0.2987E+01     2.000     7   7.0301
     4245     0.00000     0.9506E+01     2.000     6   7.0315
     4246     0.00000     0.2928E+01     2.000     7   7.0314
     4247     0.00000     0.2947E+02     2.000     7   7.0316
     4248     0.00000     0.1043E+02     2.000     7   7.0323
     4249     0.00000     0.8797E+01     2.000     6   7.0328
     4250     0.00000     0.4640E+01     2.000     7   7.0333
     4251     0.00000     0.9253E+01     2.000     7   7.0329
     4252     0.00000     0.4773E+01     2.000     6   7.0334
     4253     0.00000     0.1669E+02     2.000     7   7.0342
     4254     0.00000     0.4795E+01     2.000     7   7.0347
     4255     0.00000     0.1552E+02     2.000     7   7.0351
     4256     0.00000     0.2695E+01     2.000     7   7.0356
     4257     0.00000     0.1445E+02     2.000     7   7.0355
     4260     0.00000     0.4029E+01     2.000     7   7.0375
     4261     0.00000     0.5963E+01     2.000     6   7.0397
     4262     0.00000     0.5005E+01     2.000     6   7.0400
     4263     0.00000     0.4889E+01     2.000     5   7.0413
     4264     0.00000     0.4820E+01     2.000     7   7.0414
     4265     0.00000     0.5265E+01     2.000     7   7.0413
     4267     0.00000     0.5921E+01     2.000     7   7.0425
     4268     0.00000     0.3605E+01     2.000     7   7.0425
     4269     0.00000     0.2936E+01     2.000     7   7.0436
     4270     0.00000     0.8778E+01     2.000     6   7.0441
     4272     0.00000     0.5195E+01     2.000     7   7.0445
     4273     0.00000     0.4535E+01     2.000     7   7.0448
     4275     0.00000     0.5799E+01     2.000     6   7.0455
     4277     0.00000     0.9132E+01     2.000     6   7.0466
     4278     0.00000     0.3959E+01     2.000     7   7.0470
     4279     0.00000     0.1778E+02     2.000     7   7.0469
     4280     0.00000     0.3000E+01     2.000     7   7.0474
     4281     0.00000     0.1038E+02     2.000     7   7.0485
     4282     0.00000     0.1671E+02     2.000     7   7.0483
     4283     0.00000     0.4582E+01     2.000     6   7.0488
     4284     0.00000     0.8849E+01     2.000     7   7.0488
     4285     0.00000     0.9386E+01     2.000     7   7.0494
     4286     0.00000     0.8054E+01     2.000     7   7.0497
     4287     0.00000     0.1456E+02     2.000     7   7.0503
     4288     0.00000     0.5267E+01     2.000     7   7.0505
     4290     0.00000     0.1192E+02     2.000     7   7.0511
     4292     0.00000     0.1931E+02     2.000     7   7.0526
     4293     0.00000     0.4584E+01     2.000     7   7.0530
     4294     0.00000     0.4306E+01     2.000     7   7.0534
     4296     0.00000     0.3856E+01     2.000     7   7.0547
     4297     0.00000     0.8330E+01     2.000     7   7.0545
     4298     0.00000     0.2975E+01     2.000     7   7.0551
     4299     0.00000     0.4151E+01     2.000     7   7.0557
     4300     0.00000     0.3319E+01     2.000     6   7.0563
     4301     0.00000     0.1659E+02     2.000     7   7.0568
     4302     0.00000     0.1109E+02     2.000     7   7.0569
     4303     0.00000     0.7390E+01     2.000     7   7.0570
     4304     0.00000     0.9939E+01     2.000     7   7.0572
     4305     0.00000     0.9289E+01     2.000     7   7.0583
     4306     0.00000     0.2985E+01     2.000     7   7.0586
     4307     0.00000     0.5680E+01     2.000     6   7.0585
     4308     0.00000     0.1209E+02     2.000     7   7.0585
     4310     0.00000     0.1721E+02     2.000     7   7.0592
     4312     0.00000     0.8326E+01     2.000     7   7.0597
     4314     0.00000     0.7422E+01     2.000     7   7.0601
     4315     0.00000     0.6223E+01     2.000     7   7.0602
     4316     0.00000     0.7531E+01     2.000     7   7.0607
     4317     0.00000     0.1115E+02     2.000     6   7.0611
     4318     0.00000     0.1182E+02     2.000     7   7.0614
     4319     0.00000     0.1199E+02     2.000     7   7.0614
     4320     0.00000     0.8592E+01     2.000     7   7.0614
     4321     0.00000     0.1111E+02     2.000     7   7.0628
     4322     0.00000     0.1203E+02     2.000     7   7.0626
     4323     0.00000     0.1158E+02     2.000     7   7.0626
     4324     0.00000     0.6113E+01     2.000     7   7.0633
     4325     0.00000     0.2364E+02     2.000     7   7.0631
     4326     0.00000     0.1013E+02     2.000     7   7.0631
     4327     0.00000     0.5390E+01     2.000     7   7.0648
     4329     0.00000     0.1497E+02     2.000     7   7.0666
     4330     0.00000     0.3328E+01     2.000     7   7.0670
     4331     0.00000     0.8737E+01     2.000     7   7.0673
     4332     0.00000     0.6649E+01     2.000     7   7.0679
     4333     0.00000     0.4172E+01     2.000     7   7.0679
     4334     0.00000     0.9831E+01     2.000     7   7.0682
     4335     0.00000     0.7397E+01     2.000     7   7.0690
     4336     0.00000     0.1515E+02     2.000     7   7.0700
     4337     0.00000     0.1849E+02     2.000     7   7.0707
     4338     0.00000     0.8734E+01     2.000     7   7.0706
     4340     0.00000     0.6084E+01     2.000     7   7.0734
     4341     0.00000     0.5642E+01     1.000     6   7.0735
     4344     0.00000     0.3781E+01     2.000     7   7.0746
     4345     0.00000     0.4792E+01     2.000     6   7.0755
     4346     0.00000     0.6852E+01     2.000     6   7.0754
     4347     0.00000     0.1610E+02     2.000     7   7.0754
     4348     0.00000     0.6964E+01     2.000     7   7.0755
     4349     0.00000     0.3276E+01     2.000     7   7.0766
     4350     0.00000     0.7646E+01     2.000     7   7.0766
     4351     0.00000     0.2883E+01     2.000     7   7.0765
     4352     0.00000     0.1918E+02     2.000     7   7.0765
     4353     0.00000     0.6422E+01     2.000     7   7.0771
     4354     0.00000     0.7074E+01     2.000     7   7.0773
     4355     0.00000     0.2279E+02     2.000     7   7.0776
     4356     0.00000     0.9895E+01     2.000     7   7.0777
     4357     0.00000     0.1980E+02     2.000     7   7.0776
     4358     0.00000     0.2757E+01     2.000     7   7.0779
     4359     0.00000     0.7374E+01     2.000     7   7.0789
     4361     0.00000     0.4355E+01     2.000     7   7.0795
     4363     0.00000     0.9327E+01     2.000     7   7.0826
     4364     0.00000     0.4213E+01     2.000     7   7.0828
     4365     0.00000     0.3196E+01     2.000     7   7.0836
     4366     0.00000     0.1132E+02     2.000     6   7.0840
     4367     0.00000     0.7486E+01     2.000     6   7.0840
     4368     0.00000     0.4079E+01     2.000     7   7.0838
     4369     0.00000     0.3129E+01     2.000     7   7.0853
     4370     0.00000     0.3619E+01     2.000     6   7.0854
     4372     0.00000     0.6365E+01     2.000     6   7.0859
     4373     0.00000     0.1094E+02     2.000     6   7.0859
     4374     0.00000     0.1003E+02     2.000     7   7.0879
     4375     0.00000     0.1081E+02     2.000     7   7.0885
     4376     0.00000     0.1198E+02     2.000     7   7.0885
     4377     0.00000     0.1945E+02     2.000     7   7.0885
     4378     0.00000     0.5953E+01     2.000     7   7.0897
     4379     0.00000     0.6622E+01     2.000     6   7.0907
     4380     0.00000     0.3975E+01     2.000     7   7.0914
     4381     0.00000     0.1311E+02     2.000     7   7.0910
     4382     0.00000     0.9102E+01     2.000     7   7.0914
     4383     0.00000     0.6448E+01     2.000     6   7.0923
     4384     0.00000     0.8568E+01     2.000     7   7.0919
     4385     0.00000     0.3804E+01     2.000     6   7.0926
     4386     0.00000     0.7015E+01     2.000     7   7.0925
     4387     0.00000     0.1577E+02     2.000     7   7.0926
     4388     0.00000     0.4835E+01     2.000     7   7.0925
     4390     0.00000     0.5957E+01     2.000     7   7.0934
     4391     0.00000     0.7539E+01     2.000     7   7.0942
     4392     0.00000     0.3412E+01     2.000     7   7.0944
     4393     0.00000     0.5417E+01     2.000     6   7.0946
     4394     0.00000     0.6842E+01     1.000     6   7.0945
     4395     0.00000     0.5742E+01     2.000     7   7.0950
     4396     0.00000     0.7013E+01     2.000     7   7.0961
     4397     0.00000     0.4261E+01     2.000     7   7.0964
     4398     0.00000     0.9075E+01     2.000     7   7.0961
     4399     0.00000     0.9692E+01     2.000     7   7.0961
     4400     0.00000     0.5863E+01     2.000     7   7.0963
     4401     0.00000     0.9171E+01     2.000     7   7.0969
     4402     0.00000     0.9127E+01     2.000     7   7.0968
     4403     0.00000     0.4109E+01     2.000     7   7.0967
     4404     0.00000     0.8001E+01     2.000     7   7.0972
     4405     0.00000     0.6696E+01     2.000     6   7.0983
     4406     0.00000     0.1905E+02     2.000     7   7.0985
     4407     0.00000     0.1175E+02     2.000     7   7.0994
     4408     0.00000     0.1941E+02     2.000     7   7.0994
     4409     0.00000     0.5850E+02     2.000     7   7.1001
     4410     0.00000     0.5173E+01     2.000     5   7.1009
     4411     0.00000     0.1230E+02     2.000     7   7.1014
     4412     0.00000     0.1074E+02     2.000     7   7.1011
     4413     0.00000     0.1122E+02     2.000     7   7.1011
     4414     0.00000     0.1313E+02     2.000     7   7.1018
     4415     0.00000     0.1306E+02     2.000     7   7.1019
     4416     0.00000     0.2751E+01     2.000     5   7.1024
     4417     0.00000     0.8776E+01     2.000     7   7.1032
     4418     0.00000     0.5257E+01     2.000     7   7.1032
     4419     0.00000     0.5247E+01     2.000     7   7.1033
     4420     0.00000     0.1377E+02     2.000     7   7.1037
     4421     0.00000     0.3198E+01     2.000     7   7.1040
     4422     0.00000     0.1239E+02     2.000     7   7.1049
     4423     0.00000     0.9882E+01     2.000     7   7.1049
     4424     0.00000     0.4860E+01     2.000     7   7.1059
     4425     0.00000     0.1099E+02     2.000     6   7.1063
     4426     0.00000     0.7207E+01     2.000     6   7.1063
     4427     0.00000     0.9689E+01     2.000     7   7.1079
     4428     0.00000     0.9265E+01     2.000     7   7.1081
     4430     0.00000     0.4239E+01     2.000     7   7.1084
     4431     0.00000     0.5911E+01     2.000     7   7.1090
     4432     0.00000     0.6024E+01     2.000     7   7.1101
     4433     0.00000     0.2451E+02     2.000     7   7.1099
     4434     0.00000     0.3892E+01     2.000     7   7.1104
     4437     0.00000     0.9169E+01     2.000     7   7.1116
     4441     0.00000     0.4073E+01     2.000     7   7.1122
     4442     0.00000     0.3582E+01     2.000     5   7.1128
     4443     0.00000     0.8128E+01     2.000     7   7.1131
     4444     0.00000     0.6707E+01     1.000     6   7.1132
     4445     0.00000     0.2082E+02     2.000     7   7.1135
     4446     0.00000     0.5561E+01     2.000     7   7.1135
     4447     0.00000     0.1809E+02     2.000     7   7.1137
     4448     0.00000     0.1358E+02     2.000     7   7.1139
     4450     0.00000     0.6042E+01     2.000     7   7.1142
     4451     0.00000     0.5874E+01     2.000     7   7.1146
     4452     0.00000     0.9873E+01     2.000     7   7.1148
     4454     0.00000     0.5306E+01     2.000     7   7.1158
     4456     0.00000     0.3007E+01     2.000     7   7.1165
     4458     0.00000     0.5191E+01     2.000     7   7.1176
     4459     0.00000     0.3534E+01     2.000     7   7.1181
     4460     0.00000     0.2873E+01     2.000     7   7.1182
     4461     0.00000     0.1466E+02     2.000     7   7.1181
     4462     0.00000     0.5131E+01     2.000     7   7.1181
     4463     0.00000     0.8882E+01     2.000     7   7.1190
     4464     0.00000     0.1163E+02     2.000     7   7.1190
     4465     0.00000     0.1912E+02     2.000     7   7.1190
     4466     0.00000     0.1338E+02     2.000     7   7.1196
     4467     0.00000     0.1833E+02     2.000     7   7.1198
     4468     0.00000     0.6224E+01     2.000     7   7.1202
     4470     0.00000     0.1091E+02     2.000     7   7.1208
     4471     0.00000     0.1003E+02     2.000     7   7.1214
     4472     0.00000     0.1337E+02     2.000     7   7.1223
     4473     0.00000     0.1199E+02     2.000     7   7.1233
     4474     0.00000     0.4992E+01     2.000     6   7.1236
     4475     0.00000     0.3591E+01     2.000     7   7.1234
     4476     0.00000     0.1101E+02     2.000     7   7.1241
     4477     0.00000     0.3019E+01     2.000     7   7.1243
     4479     0.00000     0.1953E+02     2.000     7   7.1243
     4480     0.00000     0.5656E+02     2.000     7   7.1247
     4481     0.00000     0.3627E+01     2.000     5   7.1250
     4482     0.00000     0.4080E+01     2.000     6   7.1250
     4483     0.00000     0.9149E+01     2.000     7   7.1258
     4484     0.00000     0.2430E+02     2.000     7   7.1258
     4485     0.00000     0.6562E+01     2.000     6   7.1260
     4486     0.00000     0.9023E+01     2.000     7   7.1266
     4487     0.00000     0.1889E+02     2.000     7   7.1269
     4488     0.00000     0.4142E+01     2.000     6   7.1276
     4489     0.00000     0.4522E+01     2.000     7   7.1284
     4490     0.00000     0.5212E+01     2.000     7   7.1284
     4491     0.00000     0.1936E+02     2.000     7   7.1292
     4492     0.00000     0.4291E+01     2.000     6   7.1306
     4493     0.00000     0.9487E+01     2.000     7   7.1310
     4494     0.00000     0.7195E+01     2.000     7   7.1310
     4495     0.00000     0.6566E+01     2.000     7   7.1316
     4496     0.00000     0.5288E+01     2.000     7   7.1316
     4497     0.00000     0.6088E+01     2.000     7   7.1342
     4498     0.00000     0.6128E+01     2.000     7   7.1342
     4499     0.00000     0.6593E+01     2.000     7   7.1342
     4500     0.00000     0.3667E+01     2.000     6   7.1350
     4501     0.00000     0.4884E+01     2.000     6   7.1349
     4502     0.00000     0.5417E+01     2.000     7   7.1348
     4503     0.00000     0.9741E+01     2.000     7   7.1352
     4504     0.00000     0.5326E+01     2.000     6   7.1362
     4505     0.00000     0.7741E+01     2.000     7   7.1364
     4506     0.00000     0.5400E+01     2.000     7   7.1361
     4507     0.00000     0.3954E+01     2.000     6   7.1370
     4508     0.00000     0.3019E+01     2.000     7   7.1370
     4509     0.00000     0.3256E+01     2.000     7   7.1369
     4511     0.00000     0.3887E+01     2.000     7   7.1378
     4512     0.00000     0.5183E+01     2.000     7   7.1380
     4513     0.00000     0.5909E+01     2.000     6   7.1384
     4514     0.00000     0.2055E+02     2.000     7   7.1382
     4515     0.00000     0.5426E+01     2.000     7   7.1382
     4516     0.00000     0.9307E+01     2.000     7   7.1390
     4517     0.00000     0.1221E+02     2.000     7   7.1392
     4518     0.00000     0.3202E+01     2.000     7   7.1402
     4519     0.00000     0.1411E+02     2.000     7   7.1404
     4521     0.00000     0.5064E+01     2.000     7   7.1404
     4522     0.00000     0.1128E+02     2.000     7   7.1410
     4523     0.00000     0.4576E+01     2.000     7   7.1406
     4524     0.00000     0.2907E+01     2.000     6   7.1431
     4525     0.00000     0.3968E+01     2.000     6   7.1431
     4528     0.00000     0.4168E+01     1.000     6   7.1439
     4529     0.00000     0.8254E+01     2.000     7   7.1439
     4530     0.00000     0.5586E+01     2.000     6   7.1451
     4531     0.00000     0.9732E+01     2.000     7   7.1463
     4532     0.00000     0.7811E+01     2.000     7   7.1471
     4533     0.00000     0.8806E+01     2.000     7   7.1476
     4534     0.00000     0.9168E+01     2.000     7   7.1475
     4535     0.00000     0.7046E+01     2.000     7   7.1474
     4537     0.00000     0.3023E+01     2.000     6   7.1477
     4538     0.00000     0.3879E+01     2.000     7   7.1478
     4539     0.00000     0.1328E+02     2.000     7   7.1481
     4540     0.00000     0.4978E+01     2.000     7   7.1481
     4541     0.00000     0.3356E+01     2.000     6   7.1484
     4542     0.00000     0.5208E+01     2.000     7   7.1482
     4544     0.00000     0.4725E+01     2.000     6   7.1498
     4545     0.00000     0.8344E+01     2.000     7   7.1497
     4546     0.00000     0.3305E+01     2.000     7   7.1501
     4547     0.00000     0.5912E+01     2.000     6   7.1504
     4548     0.00000     0.1853E+02     2.000     7   7.1515
     4549     0.00000     0.1863E+02     2.000     7   7.1516
     4550     0.00000     0.9139E+01     2.000     7   7.1529
     4551     0.00000     0.8001E+01     2.000     7   7.1534
     4552     0.00000     0.7821E+01     2.000     7   7.1534
     4553     0.00000     0.1116E+02     2.000     7   7.1539
     4554     0.00000     0.5102E+01     2.000     7   7.1547
     4555     0.00000     0.3204E+01     2.000     7   7.1548
     4556     0.00000     0.5359E+01     2.000     7   7.1573
     4557     0.00000     0.3908E+01     2.000     7   7.1588
     4558     0.00000     0.5913E+01     2.000     7   7.1590
     4559     0.00000     0.1897E+02     2.000     7   7.1591
     4560     0.00000     0.5958E+01     2.000     7   7.1590
     4562     0.00000     0.3145E+01     2.000     7   7.1601
     4564     0.00000     0.1097E+02     2.000     7   7.1604
     4565     0.00000     0.1080E+02     2.000     7   7.1608
     4566     0.00000     0.1304E+02     2.000     7   7.1607
     4567     0.00000     0.5229E+01     2.000     7   7.1607
     4568     0.00000     0.7505E+01     2.000     7   7.1610
     4569     0.00000     0.6039E+01     2.000     7   7.1612
     4570     0.00000     0.1122E+02     2.000     7   7.1610
     4571     0.00000     0.4712E+01     2.000     7   7.1620
     4572     0.00000     0.3940E+01     2.000     7   7.1624
     4573     0.00000     0.2979E+01     2.000     4   7.1630
     4574     0.00000     0.1112E+02     2.000     7   7.1630
     4575     0.00000     0.3037E+01     2.000     4   7.1637
     4576     0.00000     0.6626E+01     2.000     7   7.1643
     4577     0.00000     0.4527E+01     2.000     7   7.1655
     4578     0.00000     0.3393E+01     2.000     7   7.1658
     4579     0.00000     0.9415E+01     2.000     7   7.1662
     4580     0.00000     0.3356E+01     2.000     6   7.1667
     4581     0.00000     0.2849E+01     2.000     3   7.1667
     4582     0.00000     0.1789E+02     2.000     7   7.1677
     4583     0.00000     0.4693E+01     2.000     7   7.1687
     4584     0.00000     0.7164E+01     2.000     7   7.1692
     4585     0.00000     0.4698E+01     2.000     7   7.1704
     4586     0.00000     0.4096E+01     2.000     7   7.1702
     4587     0.00000     0.3826E+01     2.000     4   7.1709
     4588     0.00000     0.8933E+01     2.000     7   7.1709
     4589     0.00000     0.6960E+01     2.000     7   7.1706
     4590     0.00000     0.5633E+01     2.000     7   7.1707
     4591     0.00000     0.5074E+01     2.000     7   7.1706
     4592     0.00000     0.1204E+02     2.000     7   7.1725
     4593     0.00000     0.5001E+01     2.000     7   7.1725
     4594     0.00000     0.5515E+01     2.000     7   7.1721
     4595     0.00000     0.9405E+01     2.000     7   7.1721
     4596     0.00000     0.3199E+01     2.000     6   7.1740
     4597     0.00000     0.3384E+01     2.000     7   7.1744
     4598     0.00000     0.5671E+01     2.000     7   7.1744
     4599     0.00000     0.5752E+01     2.000     7   7.1744
     4600     0.00000     0.5293E+01     2.000     7   7.1744
     4601     0.00000     0.7002E+01     2.000     7   7.1753
     4602     0.00000     0.5898E+01     2.000     7   7.1756
     4603     0.00000     0.3508E+01     2.000     7   7.1764
     4604     0.00000     0.1077E+02     2.000     7   7.1767
     4605     0.00000     0.4439E+01     2.000     6   7.1774
     4606     0.00000     0.1381E+02     2.000     7   7.1777
     4607     0.00000     0.3445E+01     2.000     7   7.1791
     4608     0.00000     0.1804E+02     2.000     7   7.1792
     4609     0.00000     0.7083E+01     2.000     7   7.1801
     4610     0.00000     0.1029E+02     2.000     7   7.1810
     4611     0.00000     0.8587E+01     2.000     7   7.1811
     4612     0.00000     0.6859E+01     2.000     7   7.1814
     4613     0.00000     0.1057E+02     2.000     7   7.1814
     4614     0.00000     0.9121E+01     2.000     7   7.1834
     4615     0.00000     0.4885E+01     2.000     7   7.1841
     4616     0.00000     0.4283E+01     2.000     7   7.1854
     4617     0.00000     0.5268E+01     2.000     7   7.1862
     4618     0.00000     0.6602E+01     2.000     7   7.1866
     4619     0.00000     0.3656E+01     2.000     7   7.1874
     4620     0.00000     0.6132E+01     2.000     7   7.1881
     4621     0.00000     0.2350E+02     2.000     7   7.1887
     4622     0.00000     0.3646E+01     2.000     7   7.1892
     4623     0.00000     0.3328E+01     2.000     4   7.1903
     4624     0.00000     0.1162E+02     2.000     7   7.1926
     4625     0.00000     0.5102E+01     2.000     7   7.1926
     4626     0.00000     0.2884E+01     2.000     6   7.1932
     4627     0.00000     0.4961E+01     2.000     7   7.1929
     4628     0.00000     0.3554E+01     2.000     7   7.1931
     4629     0.00000     0.4289E+01     2.000     7   7.1948
     4630     0.00000     0.3099E+01     2.000     7   7.1952
     4631     0.00000     0.5180E+01     2.000     7   7.1952
     4632     0.00000     0.3686E+01     2.000     7   7.1956
     4633     0.00000     0.9712E+01     2.000     7   7.1955
     4634     0.00000     0.3782E+01     2.000     7   7.1956
     4635     0.00000     0.3858E+01     2.000     7   7.1967
     4636     0.00000     0.6762E+01     2.000     7   7.1977
     4637     0.00000     0.1668E+02     2.000     7   7.1977
     4638     0.00000     0.6023E+01     2.000     7   7.1983
     4639     0.00000     0.1009E+02     2.000     7   7.1989
     4640     0.00000     0.3486E+01     2.000     7   7.1996
     4641     0.00000     0.9597E+01     2.000     7   7.1999
     4642     0.00000     0.1390E+02     2.000     7   7.2001
     4643     0.00000     0.7360E+01     2.000     7   7.2012
     4644     0.00000     0.1364E+02     2.000     7   7.2021
     4645     0.00000     0.3839E+01     2.000     7   7.2027
     4646     0.00000     0.5968E+01     2.000     7   7.2025
     4647     0.00000     0.3111E+01     2.000     7   7.2030
     4648     0.00000     0.9425E+01     2.000     7   7.2030
     4649     0.00000     0.6030E+01     2.000     7   7.2033
     4650     0.00000     0.3743E+01     2.000     7   7.2030
     4651     0.00000     0.5984E+01     2.000     7   7.2032
     4652     0.00000     0.5999E+01     2.000     7   7.2031
     4653     0.00000     0.2680E+01     2.000     7   7.2035
     4654     0.00000     0.7430E+01     2.000     7   7.2044
     4655     0.00000     0.6717E+01     2.000     7   7.2043
     4656     0.00000     0.4969E+01     2.000     6   7.2045
     4657     0.00000     0.7211E+01     2.000     7   7.2047
     4659     0.00000     0.3432E+01     2.000     7   7.2059
     4660     0.00000     0.1034E+02     2.000     7   7.2068
     4661     0.00000     0.3197E+01     2.000     4   7.2087
     4662     0.00000     0.7570E+01     2.000     7   7.2088
     4663     0.00000     0.3923E+01     2.000     4   7.2093
     4664     0.00000     0.9408E+01     2.000     7   7.2092
     4666     0.00000     0.6038E+01     2.000     7   7.2098
     4667     0.00000     0.3447E+01     2.000     4   7.2104
     4668     0.00000     0.4441E+01     2.000     7   7.2102
     4669     0.00000     0.7394E+01     2.000     7   7.2106
     4670     0.00000     0.1944E+02     2.000     7   7.2111
     4671     0.00000     0.5921E+01     2.000     7   7.2111
     4672     0.00000     0.6711E+01     2.000     7   7.2120
     4673     0.00000     0.1390E+02     2.000     7   7.2116
     4674     0.00000     0.2528E+02     2.000     7   7.2116
     4675     0.00000     0.1028E+02     2.000     7   7.2122
     4676     0.00000     0.3565E+01     2.000     7   7.2126
     4677     0.00000     0.3651E+01     2.000     7   7.2126
     4678     0.00000     0.4569E+01     2.000     7   7.2135
     4679     0.00000     0.8192E+01     2.000     7   7.2135
     4680     0.00000     0.2725E+01     2.000     7   7.2136
     4681     0.00000     0.1681E+02     2.000     7   7.2139
     4682     0.00000     0.3877E+01     2.000     7   7.2148
     4683     0.00000     0.2782E+01     2.000     6   7.2153
     4684     0.00000     0.7113E+01     2.000     7   7.2160
     4686     0.00000     0.2279E+02     2.000     7   7.2185
     4687     0.00000     0.4918E+01     2.000     7   7.2195
     4688     0.00000     0.1320E+02     2.000     7   7.2193
     4689     0.00000     0.3433E+01     2.000     7   7.2193
     4690     0.00000     0.5770E+01     2.000     7   7.2198
     4691     0.00000     0.5270E+01     2.000     7   7.2209
     4693     0.00000     0.1783E+02     2.000     7   7.2220
     4694     0.00000     0.2833E+02     2.000     7   7.2220
     4695     0.00000     0.4787E+01     2.000     7   7.2234
     4696     0.00000     0.1371E+02     2.000     7   7.2234
     4697     0.00000     0.6613E+01     2.000     7   7.2239
     4698     0.00000     0.1831E+02     2.000     7   7.2250
     4699     0.00000     0.8165E+01     2.000     7   7.2249
     4700     0.00000     0.1574E+02     2.000     7   7.2256
     4701     0.00000     0.3624E+01     2.000     6   7.2256
     4702     0.00000     0.5974E+01     2.000     7   7.2256
     4703     0.00000     0.5782E+01     2.000     7   7.2253
     4704     0.00000     0.3155E+01     2.000     7   7.2256
     4705     0.00000     0.5700E+01     2.000     5   7.2258
     4706     0.00000     0.1338E+02     2.000     7   7.2261
     4707     0.00000     0.8188E+01     2.000     7   7.2264
     4708     0.00000     0.1954E+02     2.000     7   7.2273
     4709     0.00000     0.6026E+01     2.000     7   7.2273
     4710     0.00000     0.5223E+01     2.000     7   7.2275
     4711     0.00000     0.5227E+01     2.000     7   7.2279
     4712     0.00000     0.4829E+01     2.000     7   7.2285
     4713     0.00000     0.3292E+01     2.000     7   7.2299
     4714     0.00000     0.5898E+01     2.000     7   7.2306
     4715     0.00000     0.8255E+01     2.000     7   7.2303
     4716     0.00000     0.4536E+01     2.000     7   7.2306
     4718     0.00000     0.1347E+02     2.000     7   7.2319
     4719     0.00000     0.3618E+01     2.000     5   7.2329
     4720     0.00000     0.5782E+01     2.000     7   7.2335
     4721     0.00000     0.3537E+01     2.000     7   7.2336
     4723     0.00000     0.1448E+02     2.000     7   7.2339
     4724     0.00000     0.1546E+02     2.000     7   7.2339
     4725     0.00000     0.6349E+01     2.000     7   7.2358
     4726     0.00000     0.5710E+01     2.000     7   7.2355
     4727     0.00000     0.2298E+02     2.000     7   7.2355
     4728     0.00000     0.7866E+01     2.000     7   7.2359
     4729     0.00000     0.4803E+01     2.000     7   7.2362
     4731     0.00000     0.4865E+01     2.000     7   7.2368
     4732     0.00000     0.4405E+01     2.000     7   7.2372
     4733     0.00000     0.5186E+01     2.000     7   7.2376
     4734     0.00000     0.3845E+01     2.000     7   7.2384
     4735     0.00000     0.3199E+01     2.000     7   7.2382
     4736     0.00000     0.8000E+01     2.000     7   7.2383
     4737     0.00000     0.3355E+01     2.000     6   7.2385
     4738     0.00000     0.1392E+02     2.000     7   7.2389
     4739     0.00000     0.2433E+02     2.000     7   7.2389
     4740     0.00000     0.2984E+01     2.000     4   7.2398
     4741     0.00000     0.3430E+01     2.000     7   7.2402
     4742     0.00000     0.6104E+01     2.000     7   7.2407
     4743     0.00000     0.3186E+01     2.000     7   7.2409
     4744     0.00000     0.1342E+02     2.000     7   7.2409
     4745     0.00000     0.7215E+01     2.000     7   7.2407
     4746     0.00000     0.4503E+01     2.000     7   7.2415
     4748     0.00000     0.5061E+01     2.000     7   7.2421
     4749     0.00000     0.4910E+01     2.000     7   7.2421
     4750     0.00000     0.4848E+01     2.000     7   7.2421
     4751     0.00000     0.3986E+01     2.000     7   7.2426
     4752     0.00000     0.5305E+01     2.000     7   7.2433
     4753     0.00000     0.5848E+01     2.000     7   7.2437
     4754     0.00000     0.4621E+01     2.000     7   7.2436
     4755     0.00000     0.6740E+01     2.000     7   7.2438
     4756     0.00000     0.3335E+01     2.000     6   7.2455
     4757     0.00000     0.4831E+01     2.000     7   7.2452
     4758     0.00000     0.7845E+01     2.000     7   7.2458
     4759     0.00000     0.1775E+02     2.000     7   7.2458
     4760     0.00000     0.2745E+02     2.000     7   7.2458
     4761     0.00000     0.4063E+01     2.000     7   7.2463
     4762     0.00000     0.4188E+01     2.000     4   7.2475
     4763     0.00000     0.4466E+01     2.000     7   7.2478
     4764     0.00000     0.1427E+02     2.000     7   7.2478
     4765     0.00000     0.1567E+02     2.000     7   7.2478
     4766     0.00000     0.4080E+01     1.000     6   7.2481
     4767     0.00000     0.4481E+01     2.000     7   7.2489
     4768     0.00000     0.6413E+01     2.000     7   7.2495
     4769     0.00000     0.1278E+02     2.000     7   7.2495
     4770     0.00000     0.4828E+01     2.000     5   7.2513
     4771     0.00000     0.9849E+01     2.000     7   7.2512
     4772     0.00000     0.2965E+01     2.000     7   7.2513
     4773     0.00000     0.1796E+02     2.000     7   7.2524
     4774     0.00000     0.7210E+01     2.000     7   7.2525
     4776     0.00000     0.4523E+01     2.000     7   7.2527
     4777     0.00000     0.4629E+01     2.000     7   7.2529
     4778     0.00000     0.3982E+01     2.000     7   7.2544
     4780     0.00000     0.5444E+01     2.000     6   7.2551
     4781     0.00000     0.4833E+01     2.000     7   7.2550
     4782     0.00000     0.3879E+01     2.000     7   7.2549
     4783     0.00000     0.6770E+01     2.000     7   7.2548
     4784     0.00000     0.6429E+01     2.000     7   7.2560
     4785     0.00000     0.5227E+01     2.000     7   7.2568
     4786     0.00000     0.3599E+01     2.000     7   7.2578
     4787     0.00000     0.2266E+02     2.000     7   7.2592
     4788     0.00000     0.4572E+01     2.000     7   7.2597
     4789     0.00000     0.6287E+01     2.000     7   7.2599
     4790     0.00000     0.5639E+01     2.000     7   7.2599
     4791     0.00000     0.3750E+01     2.000     7   7.2603
     4792     0.00000     0.4513E+01     2.000     7   7.2604
     4793     0.00000     0.1254E+02     2.000     7   7.2607
     4794     0.00000     0.1024E+02     2.000     7   7.2612
     4795     0.00000     0.7527E+01     2.000     7   7.2615
     4796     0.00000     0.6580E+01     2.000     7   7.2614
     4798     0.00000     0.4236E+01     2.000     5   7.2622
     4799     0.00000     0.4819E+01     2.000     7   7.2641
     4800     0.00000     0.4623E+01     2.000     7   7.2641
     4801     0.00000     0.7661E+01     2.000     7   7.2660
     4802     0.00000     0.3418E+01     2.000     7   7.2667
     4803     0.00000     0.9540E+01     2.000     7   7.2675
     4804     0.00000     0.3615E+01     2.000     5   7.2683
     4805     0.00000     0.4516E+01     2.000     7   7.2687
     4806     0.00000     0.3277E+01     2.000     7   7.2688
     4808     0.00000     0.3583E+01     2.000     7   7.2693
     4809     0.00000     0.2955E+01     2.000     7   7.2696
     4810     0.00000     0.5243E+01     2.000     6   7.2700
     4811     0.00000     0.3437E+01     2.000     7   7.2709
     4812     0.00000     0.4776E+01     2.000     7   7.2710
     4813     0.00000     0.4537E+01     2.000     7   7.2718
     4814     0.00000     0.3732E+01     2.000     7   7.2719
     4815     0.00000     0.2721E+01     2.000     6   7.2733
     4816     0.00000     0.6753E+01     2.000     7   7.2733
     4817     0.00000     0.4060E+01     2.000     5   7.2740
     4818     0.00000     0.4682E+01     2.000     7   7.2739
     4820     0.00000     0.4913E+01     2.000     7   7.2755
     4822     0.00000     0.4098E+01     2.000     6   7.2773
     4823     0.00000     0.3017E+01     2.000     7   7.2776
     4825     0.00000     0.2818E+01     2.000     7   7.2779
     4826     0.00000     0.3550E+01     2.000     7   7.2801
     4827     0.00000     0.3888E+01     2.000     7   7.2803
     4828     0.00000     0.3860E+01     2.000     7   7.2803
     4829     0.00000     0.4160E+01     2.000     7   7.2823
     4830     0.00000     0.3855E+01     2.000     7   7.2823
     4831     0.00000     0.4747E+01     2.000     7   7.2824
     4833     0.00000     0.2963E+01     2.000     4   7.2831
     4834     0.00000     0.7551E+01     2.000     7   7.2830
     4835     0.00000     0.3232E+01     2.000     7   7.2839
     4836     0.00000     0.3264E+01     2.000     7   7.2840
     4838     0.00000     0.6460E+01     2.000     7   7.2850
     4840     0.00000     0.5494E+01     2.000     7   7.2852
     4841     0.00000     0.3761E+01     2.000     4   7.2855
     4843     0.00000     0.1257E+02     2.000     7   7.2872
     4844     0.00000     0.9591E+01     2.000     7   7.2874
     4845     0.00000     0.4996E+01     2.000     7   7.2876
     4846     0.00000     0.4179E+01     2.000     5   7.2883
     4847     0.00000     0.1481E+02     2.000     7   7.2884
     4848     0.00000     0.5779E+01     2.000     7   7.2887
     4849     0.00000     0.4506E+01     2.000     7   7.2887
     4850     0.00000     0.4024E+01     2.000     7   7.2887
     4851     0.00000     0.8255E+01     2.000     7   7.2894
     4852     0.00000     0.4984E+01     2.000     5   7.2895
     4854     0.00000     0.4051E+01     2.000     7   7.2907
     4855     0.00000     0.3793E+01     2.000     7   7.2913
     4856     0.00000     0.3767E+01     2.000     7   7.2913
     4857     0.00000     0.1023E+02     2.000     7   7.2921
     4858     0.00000     0.2828E+01     2.000     7   7.2932
     4859     0.00000     0.5456E+01     2.000     7   7.2934
     4860     0.00000     0.4451E+01     2.000     7   7.2931
     4862     0.00000     0.3542E+01     2.000     7   7.2945
     4864     0.00000     0.3749E+01     2.000     5   7.2955
     4865     0.00000     0.6484E+01     2.000     7   7.2955
     4866     0.00000     0.4493E+01     2.000     5   7.2963
     4867     0.00000     0.6538E+01     2.000     7   7.2963
     4868     0.00000     0.3499E+01     2.000     7   7.2978
     4869     0.00000     0.3096E+01     2.000     7   7.2976
     4870     0.00000     0.3892E+01     2.000     7   7.2975
     4871     0.00000     0.4025E+01     2.000     7   7.2975
     4873     0.00000     0.5465E+01     2.000     7   7.2996
     4874     0.00000     0.3251E+01     2.000     7   7.2999
     4875     0.00000     0.1480E+02     2.000     7   7.3001
     4876     0.00000     0.2984E+01     2.000     7   7.3011
     4877     0.00000     0.3158E+01     2.000     6   7.3021
     4878     0.00000     0.3987E+01     2.000     7   7.3023
     4879     0.00000     0.2975E+01     2.000     7   7.3027
     4880     0.00000     0.9493E+01     2.000     7   7.3041
     4881     0.00000     0.3476E+01     2.000     6   7.3042
     4884     0.00000     0.3227E+01     2.000     6   7.3057
     4885     0.00000     0.1680E+02     2.000     7   7.3068
     4886     0.00000     0.3548E+01     2.000     6   7.3073
     4887     0.00000     0.1011E+02     2.000     7   7.3101
     4889     0.00000     0.3136E+01     2.000     6   7.3107
     4890     0.00000     0.3457E+01     2.000     5   7.3117
     4891     0.00000     0.5402E+01     2.000     6   7.3121
     4892     0.00000     0.3594E+01     2.000     5   7.3131
     4893     0.00000     0.6491E+01     2.000     7   7.3128
     4894     0.00000     0.3008E+01     2.000     3   7.3139
     4895     0.00000     0.5726E+01     2.000     7   7.3138
     4896     0.00000     0.5443E+01     2.000     7   7.3144
     4897     0.00000     0.4532E+01     2.000     7   7.3152
     4898     0.00000     0.6920E+01     2.000     5   7.3155
     4899     0.00000     0.5874E+01     2.000     7   7.3154
     4900     0.00000     0.1672E+02     2.000     7   7.3154
     4901     0.00000     0.6268E+01     2.000     7   7.3159
     4902     0.00000     0.6425E+01     2.000     7   7.3170
     4903     0.00000     0.9137E+01     2.000     7   7.3174
     4904     0.00000     0.4457E+01     2.000     7   7.3188
     4905     0.00000     0.9991E+01     2.000     7   7.3189
     4906     0.00000     0.3895E+01     2.000     5   7.3197
     4907     0.00000     0.1054E+02     2.000     7   7.3196
     4908     0.00000     0.2931E+01     2.000     5   7.3200
     4909     0.00000     0.5832E+01     2.000     7   7.3209
     4910     0.00000     0.9336E+01     2.000     7   7.3210
     4911     0.00000     0.2731E+01     2.000     7   7.3212
     4912     0.00000     0.5801E+01     2.000     7   7.3215
     4913     0.00000     0.4069E+01     2.000     7   7.3221
     4914     0.00000     0.2801E+01     2.000     7   7.3231
     4915     0.00000     0.4360E+01     2.000     6   7.3254
     4916     0.00000     0.5704E+01     2.000     7   7.3263
     4917     0.00000     0.5193E+01     2.000     5   7.3280
     4918     0.00000     0.5843E+01     2.000     7   7.3278
     4919     0.00000     0.4302E+01     2.000     6   7.3293
     4920     0.00000     0.7966E+01     2.000     7   7.3302
     4921     0.00000     0.7540E+01     2.000     7   7.3302
     4923     0.00000     0.3171E+01     2.000     6   7.3315
     4924     0.00000     0.9773E+01     2.000     7   7.3322
     4925     0.00000     0.2850E+01     2.000     7   7.3336
     4926     0.00000     0.4996E+01     2.000     7   7.3337
     4927     0.00000     0.6145E+01     2.000     6   7.3352
     4928     0.00000     0.1081E+02     2.000     7   7.3349
     4929     0.00000     0.2828E+01     2.000     6   7.3362
     4930     0.00000     0.3971E+01     2.000     7   7.3359
     4931     0.00000     0.4939E+01     2.000     7   7.3369
     4932     0.00000     0.3206E+01     2.000     6   7.3374
     4933     0.00000     0.5597E+01     2.000     7   7.3379
     4934     0.00000     0.5672E+01     2.000     5   7.3380
     4935     0.00000     0.4603E+01     2.000     7   7.3385
     4936     0.00000     0.7841E+01     2.000     6   7.3393
     4937     0.00000     0.4702E+01     2.000     7   7.3391
     4938     0.00000     0.6306E+01     2.000     7   7.3391
     4939     0.00000     0.5351E+01     2.000     7   7.3398
     4940     0.00000     0.1124E+02     2.000     7   7.3440
     4941     0.00000     0.1157E+02     2.000     7   7.3463
     4942     0.00000     0.6581E+01     2.000     7   7.3468
     4943     0.00000     0.5788E+01     2.000     7   7.3472
     4944     0.00000     0.6181E+01     2.000     7   7.3478
     4945     0.00000     0.3869E+01     2.000     7   7.3487
     4946     0.00000     0.6303E+01     2.000     7   7.3494
     4948     0.00000     0.4117E+01     2.000     7   7.3508
     4950     0.00000     0.3066E+01     2.000     5   7.3528
     4951     0.00000     0.3055E+01     2.000     5   7.3528
     4952     0.00000     0.6341E+01     2.000     7   7.3535
     4953     0.00000     0.6170E+01     2.000     7   7.3536
     4954     0.00000     0.1214E+02     2.000     7   7.3542
     4955     0.00000     0.1171E+02     2.000     7   7.3543
     4956     0.00000     0.3194E+01     2.000     7   7.3548
     4957     0.00000     0.3737E+01     2.000     6   7.3560
     4958     0.00000     0.9164E+01     2.000     7   7.3567
     4959     0.00000     0.3937E+01     2.000     7   7.3567
     4961     0.00000     0.4327E+01     2.000     7   7.3574
     4962     0.00000     0.3967E+01     2.000     6   7.3572
     4963     0.00000     0.1194E+02     2.000     7   7.3572
     4965     0.00000     0.1273E+02     2.000     7   7.3589
     4966     0.00000     0.6212E+01     2.000     7   7.3597
     4967     0.00000     0.7320E+01     2.000     7   7.3603
     4968     0.00000     0.5208E+01     2.000     7   7.3605
     4969     0.00000     0.3128E+01     2.000     5   7.3617
     4970     0.00000     0.8220E+01     2.000     7   7.3623
     4971     0.00000     0.8652E+01     2.000     5   7.3663
     4972     0.00000     0.5049E+01     2.000     7   7.3665
     4973     0.00000     0.7426E+01     2.000     7   7.3668
     4974     0.00000     0.1136E+02     2.000     7   7.3668
     4975     0.00000     0.7713E+01     2.000     7   7.3680
     4976     0.00000     0.7488E+01     2.000     7   7.3680
     4977     0.00000     0.8327E+01     2.000     7   7.3684
     4978     0.00000     0.3887E+01     2.000     7   7.3700
     4979     0.00000     0.5039E+01     2.000     7   7.3712
     4980     0.00000     0.1626E+02     2.000     7   7.3722
     4981     0.00000     0.6725E+01     2.000     7   7.3725
     4982     0.00000     0.3401E+01     2.000     4   7.3731
     4984     0.00000     0.5746E+01     2.000     7   7.3737
     4985     0.00000     0.5619E+01     2.000     7   7.3741
     4986     0.00000     0.5098E+01     2.000     6   7.3743
     4988     0.00000     0.1505E+02     2.000     7   7.3767
     4989     0.00000     0.4674E+01     2.000     7   7.3765
     4990     0.00000     0.3124E+01     2.000     7   7.3772
     4991     0.00000     0.7475E+01     2.000     7   7.3778
     4992     0.00000     0.7291E+01     2.000     7   7.3778
     4993     0.00000     0.1667E+02     2.000     7   7.3785
     4994     0.00000     0.4441E+01     2.000     7   7.3797
     4995     0.00000     0.6701E+01     2.000     7   7.3802
     4996     0.00000     0.5393E+01     2.000     7   7.3802
     4998     0.00000     0.4274E+01     2.000     5   7.3822
     4999     0.00000     0.3818E+01     2.000     6   7.3827
     5000     0.00000     0.4426E+01     2.000     7   7.3824
     5002     0.00000     0.4023E+01     2.000     7   7.3838
     5003     0.00000     0.6155E+01     2.000     7   7.3834
     5004     0.00000     0.5874E+01     2.000     7   7.3834
     5005     0.00000     0.4635E+01     2.000     7   7.3842
     5006     0.00000     0.4914E+01     2.000     7   7.3845
     5007     0.00000     0.5926E+01     2.000     7   7.3850
     5008     0.00000     0.3322E+01     2.000     5   7.3861
     5009     0.00000     0.5640E+01     2.000     7   7.3859
     5010     0.00000     0.4522E+01     2.000     7   7.3879
     5011     0.00000     0.6528E+01     2.000     7   7.3883
     5012     0.00000     0.5223E+01     2.000     7   7.3883
     5013     0.00000     0.3963E+01     2.000     7   7.3886
     5014     0.00000     0.4673E+01     2.000     7   7.3901
     5015     0.00000     0.4781E+01     2.000     7   7.3901
     5016     0.00000     0.5978E+01     2.000     7   7.3905
     5017     0.00000     0.3545E+01     2.000     7   7.3905
     5018     0.00000     0.3542E+01     2.000     7   7.3905
     5019     0.00000     0.5545E+01     2.000     7   7.3920
     5020     0.00000     0.1467E+02     2.000     7   7.3934
     5021     0.00000     0.2804E+01     2.000     7   7.3941
     5022     0.00000     0.3177E+01     2.000     5   7.3948
     5023     0.00000     0.4448E+01     2.000     7   7.3949
     5024     0.00000     0.4405E+01     2.000     6   7.3954
     5025     0.00000     0.4351E+01     2.000     6   7.3954
     5026     0.00000     0.5689E+01     2.000     7   7.3960
     5027     0.00000     0.4931E+01     2.000     7   7.3965
     5028     0.00000     0.3734E+01     2.000     6   7.3985
     5029     0.00000     0.2962E+01     2.000     6   7.4002
     5030     0.00000     0.3004E+01     2.000     6   7.4012
     5031     0.00000     0.4256E+01     2.000     6   7.4022
     5032     0.00000     0.4210E+01     2.000     7   7.4024
     5033     0.00000     0.6320E+01     2.000     7   7.4050
     5035     0.00000     0.8105E+01     2.000     7   7.4050
     5036     0.00000     0.4495E+01     2.000     7   7.4058
     5037     0.00000     0.4587E+01     2.000     7   7.4058
     5038     0.00000     0.6305E+01     2.000     7   7.4062
     5039     0.00000     0.8036E+01     2.000     7   7.4062
     5040     0.00000     0.3660E+01     2.000     7   7.4071
     5041     0.00000     0.3964E+01     2.000     7   7.4075
     5042     0.00000     0.4252E+01     2.000     7   7.4080
     5043     0.00000     0.2774E+01     2.000     6   7.4082
     5044     0.00000     0.4635E+01     2.000     7   7.4123
     5045     0.00000     0.6773E+01     2.000     7   7.4130
     5047     0.00000     0.4759E+01     2.000     7   7.4131
     5048     0.00000     0.5998E+01     2.000     7   7.4141
     5049     0.00000     0.5730E+01     2.000     7   7.4141
     5050     0.00000     0.5518E+01     2.000     7   7.4144
     5051     0.00000     0.4355E+01     2.000     7   7.4155
     5053     0.00000     0.4376E+01     2.000     7   7.4185
     5054     0.00000     0.3656E+01     2.000     7   7.4185
     5055     0.00000     0.4135E+01     2.000     7   7.4185
     5056     0.00000     0.6517E+01     2.000     7   7.4186
     5058     0.00000     0.3832E+01     2.000     7   7.4216
     5059     0.00000     0.6664E+01     2.000     7   7.4226
     5060     0.00000     0.1179E+02     2.000     7   7.4247
     5061     0.00000     0.3727E+01     2.000     7   7.4284
     5062     0.00000     0.4483E+01     2.000     7   7.4284
     5063     0.00000     0.4681E+01     2.000     7   7.4284
     5064     0.00000     0.4215E+01     2.000     7   7.4286
     5065     0.00000     0.2757E+01     2.000     7   7.4290
     5066     0.00000     0.2970E+01     2.000     7   7.4306
     5067     0.00000     0.1133E+02     2.000     7   7.4304
     5068     0.00000     0.4459E+01     2.000     5   7.4330
     5069     0.00000     0.4465E+01     2.000     7   7.4330
     5070     0.00000     0.4651E+01     2.000     7   7.4330
     5071     0.00000     0.7509E+01     2.000     6   7.4337
     5072     0.00000     0.5333E+01     2.000     6   7.4337
     5074     0.00000     0.4219E+01     2.000     7   7.4351
     5077     0.00000     0.1059E+02     2.000     7   7.4356
     5079     0.00000     0.5837E+01     2.000     7   7.4376
     5080     0.00000     0.3464E+01     2.000     7   7.4400
     5081     0.00000     0.3657E+01     2.000     7   7.4400
     5082     0.00000     0.6246E+01     2.000     7   7.4401
     5083     0.00000     0.1209E+02     2.000     7   7.4473
     5084     0.00000     0.6953E+01     2.000     6   7.4473
     5085     0.00000     0.1010E+02     2.000     7   7.4479
     5086     0.00000     0.5168E+01     2.000     7   7.4501
     5087     0.00000     0.3001E+01     2.000     7   7.4504
     5088     0.00000     0.4697E+01     2.000     7   7.4527
     5089     0.00000     0.8805E+01     2.000     7   7.4541
     5090     0.00000     0.4780E+01     2.000     7   7.4552
     5091     0.00000     0.7548E+01     2.000     6   7.4560
     5093     0.00000     0.3269E+01     2.000     7   7.4573
     5094     0.00000     0.3460E+01     2.000     7   7.4573
     5095     0.00000     0.6115E+01     2.000     7   7.4585
     5099     0.00000     0.2710E+01     2.000     4   7.4641
     5100     0.00000     0.4998E+01     2.000     7   7.4649
     5101     0.00000     0.1202E+02     2.000     7   7.4653
     5102     0.00000     0.8423E+01     2.000     7   7.4652
     5103     0.00000     0.7401E+01     2.000     6   7.4660
     5104     0.00000     0.6136E+01     2.000     7   7.4669
     5105     0.00000     0.6099E+01     2.000     7   7.4669
     5109     0.00000     0.5099E+01     2.000     7   7.4688
     5111     0.00000     0.3148E+01     2.000     7   7.4713
     5112     0.00000     0.1416E+02     2.000     7   7.4714
     5113     0.00000     0.6116E+01     2.000     7   7.4715
     5114     0.00000     0.6101E+01     2.000     7   7.4715
     5115     0.00000     0.7501E+01     2.000     6   7.4720
     5118     0.00000     0.4306E+01     2.000     7   7.4747
     5119     0.00000     0.3897E+01     2.000     6   7.4756
     5121     0.00000     0.4716E+01     2.000     7   7.4784
     5122     0.00000     0.1399E+02     2.000     7   7.4786
     5123     0.00000     0.4005E+01     2.000     7   7.4803
     5124     0.00000     0.7032E+01     2.000     7   7.4822
     5125     0.00000     0.4836E+01     2.000     7   7.4851
     5126     0.00000     0.3643E+01     2.000     5   7.4850
     5127     0.00000     0.5718E+01     2.000     7   7.4851
     5128     0.00000     0.5351E+01     2.000     6   7.4854
     5129     0.00000     0.4741E+01     2.000     7   7.4857
     5130     0.00000     0.3174E+01     2.000     7   7.4865
     5131     0.00000     0.1179E+02     2.000     7   7.4872
     5132     0.00000     0.7824E+01     2.000     6   7.4879
     5133     0.00000     0.1364E+02     2.000     7   7.4881
     5136     0.00000     0.4867E+01     2.000     7   7.4906
     5137     0.00000     0.6295E+01     2.000     6   7.4910
     5138     0.00000     0.6695E+01     2.000     6   7.4910
     5139     0.00000     0.5673E+01     2.000     7   7.4916
     5140     0.00000     0.6929E+01     2.000     7   7.4919
     5141     0.00000     0.2978E+01     2.000     6   7.4930
     5142     0.00000     0.6149E+01     2.000     6   7.4943
     5143     0.00000     0.4151E+01     2.000     7   7.4956
     5144     0.00000     0.4133E+01     2.000     7   7.4956
     5145     0.00000     0.3176E+01     2.000     7   7.4978
     5146     0.00000     0.1699E+02     2.000     7   7.4986
     5147     0.00000     0.3782E+01     2.000     6   7.5000
     5149     0.00000     0.9642E+01     2.000     7   7.5008
     5150     0.00000     0.5062E+01     2.000     6   7.5026
     5151     0.00000     0.4984E+01     2.000     7   7.5028
     5152     0.00000     0.4289E+01     2.000     7   7.5033
     5153     0.00000     0.4002E+01     2.000     7   7.5045
     5155     0.00000     0.3880E+01     2.000     7   7.5061
     5156     0.00000     0.3977E+01     2.000     7   7.5061
     5157     0.00000     0.7699E+01     2.000     7   7.5068
     5158     0.00000     0.5854E+01     2.000     7   7.5069
     5159     0.00000     0.1325E+02     2.000     7   7.5076
     5160     0.00000     0.7609E+01     2.000     7   7.5093
     5161     0.00000     0.3497E+01     2.000     7   7.5123
     5163     0.00000     0.9723E+01     2.000     7   7.5130
     5164     0.00000     0.9171E+01     2.000     6   7.5133
     5165     0.00000     0.4741E+01     2.000     7   7.5137
     5166     0.00000     0.9500E+01     2.000     7   7.5134
     5167     0.00000     0.3538E+01     2.000     6   7.5139
     5168     0.00000     0.4296E+01     2.000     7   7.5145
     5169     0.00000     0.1663E+02     2.000     7   7.5145
     5170     0.00000     0.4255E+01     2.000     7   7.5146
     5171     0.00000     0.3517E+01     2.000     6   7.5156
     5172     0.00000     0.2691E+01     2.000     7   7.5186
     5173     0.00000     0.9351E+01     2.000     7   7.5205
     5174     0.00000     0.7931E+01     2.000     7   7.5212
     5175     0.00000     0.5842E+01     2.000     6   7.5236
     5176     0.00000     0.4652E+01     2.000     7   7.5254
     5178     0.00000     0.7520E+01     2.000     6   7.5273
     5179     0.00000     0.7415E+01     2.000     7   7.5269
     5180     0.00000     0.6196E+01     2.000     7   7.5269
     5181     0.00000     0.7448E+01     2.000     7   7.5278
     5182     0.00000     0.2725E+01     2.000     7   7.5277
     5183     0.00000     0.5438E+01     2.000     7   7.5281
     5184     0.00000     0.4219E+01     2.000     7   7.5288
     5185     0.00000     0.7539E+01     2.000     6   7.5292
     5186     0.00000     0.4004E+01     2.000     7   7.5341
     5187     0.00000     0.4309E+01     2.000     7   7.5341
     5188     0.00000     0.3986E+01     2.000     7   7.5341
     5189     0.00000     0.5827E+01     2.000     6   7.5346
     5190     0.00000     0.4606E+01     2.000     6   7.5361
     5191     0.00000     0.3677E+01     2.000     5   7.5366
     5192     0.00000     0.7090E+01     2.000     7   7.5368
     5193     0.00000     0.4833E+01     2.000     6   7.5389
     5194     0.00000     0.7299E+01     2.000     7   7.5417
     5195     0.00000     0.6779E+01     2.000     7   7.5424
     5196     0.00000     0.3815E+01     2.000     7   7.5425
     5197     0.00000     0.3896E+01     2.000     7   7.5425
     5198     0.00000     0.5857E+01     2.000     5   7.5436
     5199     0.00000     0.7372E+01     2.000     7   7.5438
     5200     0.00000     0.6213E+01     2.000     7   7.5438
     5201     0.00000     0.5425E+01     2.000     7   7.5453
     5202     0.00000     0.5840E+01     2.000     7   7.5476
     5203     0.00000     0.4278E+01     2.000     7   7.5483
     5204     0.00000     0.4280E+01     2.000     7   7.5480
     5205     0.00000     0.4242E+01     2.000     7   7.5484
     5206     0.00000     0.3838E+01     2.000     7   7.5511
     5207     0.00000     0.1052E+02     2.000     7   7.5511
     5208     0.00000     0.3809E+01     2.000     7   7.5511
     5209     0.00000     0.7963E+01     2.000     6   7.5518
     5210     0.00000     0.3266E+01     2.000     7   7.5524
     5213     0.00000     0.9006E+01     2.000     7   7.5543
     5214     0.00000     0.8501E+01     2.000     7   7.5543
     5215     0.00000     0.5325E+01     2.000     6   7.5550
     5216     0.00000     0.5927E+01     2.000     7   7.5550
     5217     0.00000     0.6479E+01     2.000     7   7.5553
     5218     0.00000     0.4785E+01     2.000     6   7.5600
     5219     0.00000     0.4951E+01     2.000     7   7.5614
     5220     0.00000     0.5196E+01     2.000     7   7.5614
     5221     0.00000     0.3475E+01     2.000     5   7.5623
     5222     0.00000     0.4257E+01     2.000     7   7.5629
     5223     0.00000     0.4315E+01     2.000     7   7.5647
     5224     0.00000     0.6050E+01     2.000     7   7.5651
     5225     0.00000     0.9350E+01     2.000     6   7.5677
     5226     0.00000     0.5980E+01     2.000     7   7.5683
     5227     0.00000     0.3299E+01     2.000     5   7.5687
     5228     0.00000     0.4170E+01     2.000     7   7.5702
     5229     0.00000     0.8950E+01     2.000     7   7.5726
     5230     0.00000     0.8426E+01     2.000     7   7.5726
     5231     0.00000     0.4397E+01     2.000     7   7.5732
     5232     0.00000     0.3154E+01     2.000     5   7.5745
     5234     0.00000     0.5216E+01     2.000     7   7.5758
     5235     0.00000     0.4912E+01     2.000     7   7.5769
     5236     0.00000     0.5163E+01     2.000     7   7.5769
     5237     0.00000     0.3607E+01     2.000     7   7.5826
     5238     0.00000     0.4484E+01     2.000     7   7.5829
     5239     0.00000     0.1565E+02     2.000     7   7.5836
     5240     0.00000     0.3103E+01     2.000     7   7.5844
     5241     0.00000     0.3903E+01     2.000     7   7.5873
     5242     0.00000     0.3881E+01     2.000     7   7.5873
     5243     0.00000     0.3734E+01     2.000     7   7.5878
     5244     0.00000     0.4374E+01     2.000     7   7.5877
     5246     0.00000     0.2970E+02     2.000     7   7.5905
     5247     0.00000     0.3079E+01     2.000     7   7.5921
     5248     0.00000     0.3127E+01     2.000     7   7.5921
     5249     0.00000     0.4253E+01     2.000     6   7.5944
     5250     0.00000     0.5578E+01     2.000     7   7.5965
     5251     0.00000     0.1008E+02     2.000     7   7.5970
     5252     0.00000     0.3846E+01     2.000     7   7.5969
     5253     0.00000     0.9086E+01     2.000     7   7.5973
     5254     0.00000     0.1519E+02     2.000     7   7.5986
     5255     0.00000     0.5124E+01     2.000     7   7.5991
     5256     0.00000     0.1431E+02     2.000     7   7.6037
     5257     0.00000     0.4807E+01     2.000     6   7.6061
     5258     0.00000     0.2781E+01     2.000     7   7.6092
     5260     0.00000     0.5652E+01     2.000     6   7.6109
     5261     0.00000     0.3129E+01     2.000     7   7.6114
     5262     0.00000     0.1095E+02     2.000     7   7.6130
     5263     0.00000     0.3951E+01     2.000     7   7.6135
     5264     0.00000     0.4030E+01     2.000     7   7.6135
     5266     0.00000     0.3261E+01     2.000     6   7.6227
     5267     0.00000     0.3280E+01     2.000     7   7.6245
     5268     0.00000     0.2836E+01     2.000     7   7.6260
     5269     0.00000     0.2895E+01     2.000     7   7.6260
     5270     0.00000     0.2870E+01     2.000     5   7.6271
     5271     0.00000     0.3407E+01     2.000     7   7.6273
     5273     0.00000     0.1060E+02     2.000     7   7.6334
     5274     0.00000     0.8287E+01     2.000     7   7.6351
     5275     0.00000     0.8502E+01     2.000     7   7.6351
     5277     0.00000     0.3347E+01     2.000     6   7.6350
     5278     0.00000     0.7746E+01     2.000     7   7.6357
     5279     0.00000     0.4041E+01     2.000     7   7.6354
     5280     0.00000     0.4119E+01     2.000     7   7.6354
     5281     0.00000     0.4376E+01     2.000     7   7.6391
     5282     0.00000     0.5282E+01     2.000     6   7.6420
     5283     0.00000     0.2750E+01     2.000     7   7.6438
     5285     0.00000     0.1352E+02     2.000     7   7.6462
     5286     0.00000     0.5388E+01     2.000     6   7.6481
     5287     0.00000     0.1138E+02     2.000     7   7.6490
     5288     0.00000     0.1187E+02     2.000     7   7.6511
     5289     0.00000     0.3701E+01     2.000     7   7.6517
     5290     0.00000     0.3744E+01     2.000     7   7.6517
     5292     0.00000     0.5146E+01     2.000     7   7.6541
     5293     0.00000     0.3529E+01     2.000     7   7.6548
     5296     0.00000     0.5034E+01     2.000     7   7.6617
     5297     0.00000     0.2859E+01     2.000     7   7.6629
     5298     0.00000     0.3983E+01     2.000     7   7.6626
     5299     0.00000     0.4030E+01     2.000     7   7.6626
     5300     0.00000     0.4325E+01     2.000     7   7.6637
     5301     0.00000     0.6147E+01     2.000     7   7.6665
     5302     0.00000     0.6879E+01     2.000     7   7.6665
     5303     0.00000     0.4964E+01     2.000     7   7.6691
     5304     0.00000     0.4729E+01     2.000     7   7.6722
     5305     0.00000     0.1025E+02     2.000     7   7.6734
     5306     0.00000     0.3506E+01     2.000     7   7.6746
     5307     0.00000     0.4665E+01     2.000     7   7.6759
     5309     0.00000     0.4015E+01     2.000     6   7.6814
     5311     0.00000     0.3163E+01     2.000     5   7.6843
     5313     0.00000     0.3706E+01     2.000     7   7.6856
     5314     0.00000     0.3886E+01     2.000     7   7.6856
     5315     0.00000     0.4084E+01     2.000     7   7.6880
     5316     0.00000     0.5996E+01     2.000     7   7.6926
     5317     0.00000     0.6689E+01     2.000     7   7.6926
     5318     0.00000     0.3963E+01     2.000     7   7.6947
     5319     0.00000     0.5400E+01     2.000     7   7.7021
     5321     0.00000     0.6813E+01     2.000     6   7.7065
     5322     0.00000     0.5706E+01     2.000     7   7.7144
     5323     0.00000     0.5855E+01     2.000     7   7.7144
     5324     0.00000     0.1449E+02     2.000     7   7.7147
     5325     0.00000     0.3889E+01     2.000     7   7.7161
     5326     0.00000     0.4065E+01     2.000     7   7.7161
     5328     0.00000     0.3616E+01     2.000     7   7.7279
     5329     0.00000     0.1004E+02     2.000     7   7.7300
     5330     0.00000     0.9274E+01     2.000     7   7.7307
     5331     0.00000     0.4247E+01     2.000     7   7.7306
     5333     0.00000     0.9201E+01     2.000     7   7.7331
     5334     0.00000     0.3890E+01     2.000     6   7.7381
     5335     0.00000     0.3735E+01     2.000     7   7.7379
     5336     0.00000     0.3486E+01     2.000     7   7.7443
     5337     0.00000     0.6258E+01     2.000     6   7.7450
     5338     0.00000     0.7178E+01     2.000     7   7.7464
     5339     0.00000     0.4182E+01     2.000     7   7.7478
     5340     0.00000     0.4778E+01     2.000     7   7.7536
     5341     0.00000     0.3697E+01     2.000     7   7.7592
     5342     0.00000     0.3452E+01     2.000     7   7.7606
     5343     0.00000     0.5217E+01     2.000     6   7.7637
     5345     0.00000     0.5213E+01     2.000     6   7.7702
     5346     0.00000     0.7319E+01     2.000     7   7.7743
     5347     0.00000     0.9376E+01     2.000     7   7.7743
     5348     0.00000     0.3301E+01     2.000     6   7.7746
     5349     0.00000     0.4472E+01     2.000     7   7.7754
     5350     0.00000     0.4511E+01     2.000     7   7.7754
     5351     0.00000     0.4003E+01     2.000     7   7.7765
     5352     0.00000     0.3254E+01     2.000     7   7.7848
     5353     0.00000     0.4833E+01     2.000     6   7.7880
     5355     0.00000     0.7096E+01     2.000     7   7.7897
     5357     0.00000     0.7435E+01     2.000     7   7.7968
     5358     0.00000     0.3840E+01     2.000     6   7.7978
     5359     0.00000     0.3394E+01     2.000     7   7.7978
     5360     0.00000     0.3409E+01     2.000     7   7.7978
     5361     0.00000     0.4774E+01     2.000     6   7.8013
     5362     0.00000     0.6289E+01     2.000     7   7.8124
     5363     0.00000     0.6302E+01     2.000     7   7.8124
     5365     0.00000     0.4887E+01     2.000     6   7.8156
     5366     0.00000     0.3165E+01     2.000     6   7.8176
     5367     0.00000     0.4725E+01     2.000     6   7.8193
     5368     0.00000     0.6616E+01     2.000     7   7.8205
     5369     0.00000     0.3746E+01     2.000     6   7.8233
     5370     0.00000     0.4292E+01     2.000     7   7.8272
     5371     0.00000     0.4330E+01     2.000     7   7.8272
     5372     0.00000     0.4423E+01     2.000     6   7.8286
     5373     0.00000     0.8311E+01     2.000     7   7.8339
     5374     0.00000     0.3419E+01     2.000     7   7.8360
     5375     0.00000     0.3431E+01     2.000     7   7.8360
     5376     0.00000     0.5475E+01     2.000     7   7.8409
     5378     0.00000     0.3007E+01     2.000     4   7.8471
     5379     0.00000     0.8875E+01     2.000     7   7.8496
     5380     0.00000     0.7287E+01     2.000     7   7.8493
     5381     0.00000     0.9222E+01     2.000     7   7.8602
     5382     0.00000     0.8991E+01     2.000     7   7.8672
     5383     0.00000     0.5224E+01     2.000     7   7.8685
     5384     0.00000     0.3183E+01     2.000     4   7.8698
     5385     0.00000     0.6907E+01     2.000     7   7.8702
     5386     0.00000     0.4242E+01     2.000     7   7.8728
     5387     0.00000     0.3370E+01     2.000     4   7.8743
     5388     0.00000     0.3165E+01     2.000     4   7.8757
     5389     0.00000     0.5413E+01     2.000     7   7.8811
     5390     0.00000     0.3229E+01     2.000     6   7.8882
     5391     0.00000     0.6633E+01     2.000     7   7.8895
     5392     0.00000     0.3522E+01     2.000     5   7.8991
     5393     0.00000     0.6446E+01     2.000     7   7.9021
     5394     0.00000     0.6807E+01     2.000     7   7.9028
     5395     0.00000     0.3507E+01     2.000     7   7.9054
     5396     0.00000     0.7306E+01     2.000     7   7.9057
     5397     0.00000     0.1147E+02     2.000     7   7.9080
     5398     0.00000     0.4534E+01     2.000     7   7.9092
     5399     0.00000     0.3382E+01     2.000     7   7.9186
     5400     0.00000     0.3802E+01     2.000     7   7.9235
     5401     0.00000     0.4009E+01     2.000     7   7.9235
     5402     0.00000     0.4356E+01     2.000     5   7.9242
     5403     0.00000     0.4372E+01     2.000     6   7.9262
     5404     0.00000     0.3518E+01     2.000     5   7.9263
     5405     0.00000     0.5453E+01     2.000     7   7.9266
     5406     0.00000     0.7144E+01     2.000     7   7.9308
     5407     0.00000     0.3220E+01     2.000     7   7.9344
     5408     0.00000     0.3166E+01     2.000     7   7.9344
     5409     0.00000     0.6846E+01     2.000     7   7.9380
     5410     0.00000     0.4330E+01     2.000     5   7.9386
     5411     0.00000     0.4143E+01     2.000     7   7.9425
     5412     0.00000     0.6843E+01     2.000     7   7.9427
     5413     0.00000     0.3083E+01     2.000     6   7.9433
     5414     0.00000     0.3626E+01     2.000     5   7.9439
     5415     0.00000     0.6889E+01     2.000     5   7.9514
     5416     0.00000     0.3284E+01     2.000     6   7.9518
     5418     0.00000     0.3335E+01     2.000     7   7.9569
     5419     0.00000     0.8186E+01     2.000     7   7.9676
     5420     0.00000     0.3305E+01     2.000     6   7.9705
     5421     0.00000     0.3202E+01     2.000     6   7.9705
     5423     0.00000     0.3437E+01     2.000     6   7.9881
     5424     0.00000     0.2950E+01     2.000     7   7.9878
     5425     0.00000     0.4476E+01     2.000     6   7.9908
     5426     0.00000     0.4033E+01     2.000     7   7.9940
     5427     0.00000     0.4136E+01     2.000     7   7.9940
     5428     0.00000     0.5257E+01     2.000     6   7.9977
     5429     0.00000     0.5951E+01     2.000     7   8.0150
     5430     0.00000     0.5480E+01     2.000     7   8.0208
     5431     0.00000     0.6335E+01     2.000     7   8.0277
     5432     0.00000     0.3583E+01     2.000     7   8.0287
     5433     0.00000     0.3626E+01     2.000     7   8.0337
     5434     0.00000     0.5089E+01     2.000     7   8.0355
     5435     0.00000     0.7509E+01     2.000     7   8.0428
     5436     0.00000     0.6564E+01     2.000     7   8.0465
     5437     0.00000     0.5736E+01     2.000     7   8.0529
     5438     0.00000     0.4623E+01     2.000     5   8.0586
     5439     0.00000     0.4329E+01     2.000     7   8.0639
     5441     0.00000     0.3477E+01     2.000     7   8.0666
     5442     0.00000     0.5365E+01     2.000     7   8.0746
     5443     0.00000     0.3489E+01     2.000     7   8.0755
     5444     0.00000     0.3534E+01     2.000     7   8.0783
     5445     0.00000     0.5311E+01     2.000     7   8.0793
     5446     0.00000     0.5407E+01     2.000     7   8.0796
     5447     0.00000     0.4955E+01     2.000     7   8.0819
     5448     0.00000     0.4069E+01     2.000     7   8.0918
     5449     0.00000     0.4922E+01     2.000     7   8.0968
     5450     0.00000     0.1187E+02     2.000     7   8.1012
     5451     0.00000     0.3740E+01     2.000     6   8.1121
     5453     0.00000     0.7427E+01     2.000     7   8.1202
     5454     0.00000     0.3238E+01     2.000     6   8.1252
     5455     0.00000     0.3441E+01     2.000     6   8.1252
     5456     0.00000     0.5845E+01     2.000     7   8.1276
     5457     0.00000     0.4273E+01     2.000     7   8.1363
     5458     0.00000     0.6632E+01     2.000     7   8.1415
     5459     0.00000     0.7393E+01     2.000     7   8.1442
     5460     0.00000     0.4987E+01     2.000     7   8.1450
     5461     0.00000     0.4094E+01     2.000     7   8.1486
     5462     0.00000     0.7674E+01     2.000     6   8.1632
     5463     0.00000     0.5368E+01     2.000     6   8.1653
     5464     0.00000     0.6737E+01     2.000     7   8.1664
     5465     0.00000     0.2692E+01     2.000     7   8.1682
     5467     0.00000     0.6771E+01     2.000     7   8.1722
     5469     0.00000     0.4259E+01     2.000     7   8.1898
     5470     0.00000     0.4416E+01     2.000     7   8.1960
     5471     0.00000     0.3917E+01     2.000     7   8.1987
     5472     0.00000     0.6153E+01     2.000     6   8.2000
     5473     0.00000     0.6772E+01     2.000     7   8.2031
     5474     0.00000     0.5807E+01     2.000     7   8.2095
     5475     0.00000     0.6056E+01     2.000     7   8.2095
     5476     0.00000     0.2976E+01     2.000     6   8.2110
     5477     0.00000     0.3266E+01     2.000     6   8.2110
     5479     0.00000     0.3181E+01     2.000     6   8.2173
     5480     0.00000     0.6744E+01     2.000     7   8.2262
     5481     0.00000     0.4468E+01     2.000     7   8.2289
     5482     0.00000     0.4363E+01     2.000     6   8.2321
     5484     0.00000     0.3298E+01     2.000     6   8.2481
     5485     0.00000     0.5086E+01     2.000     7   8.2494
     5486     0.00000     0.4807E+01     2.000     7   8.2536
     5487     0.00000     0.2827E+01     2.000     6   8.2555
     5488     0.00000     0.4058E+01     2.000     7   8.2593
     5489     0.00000     0.1073E+02     2.000     7   8.2603
     5490     0.00000     0.6001E+01     2.000     7   8.2666
     5491     0.00000     0.5817E+01     2.000     7   8.2731
     5492     0.00000     0.3052E+01     2.000     7   8.2762
     5494     0.00000     0.3935E+01     2.000     7   8.2841
     5496     0.00000     0.2893E+01     2.000     7   8.2961
     5497     0.00000     0.4429E+01     2.000     7   8.2973
     5498     0.00000     0.3646E+01     2.000     7   8.2975
     5499     0.00000     0.4776E+01     2.000     7   8.3030
     5500     0.00000     0.2724E+01     2.000     7   8.3034
     5501     0.00000     0.4161E+01     2.000     7   8.3187
     5503     0.00000     0.3154E+01     2.000     7   8.3365
     5504     0.00000     0.3676E+01     2.000     7   8.3360
     5505     0.00000     0.3590E+01     2.000     7   8.3395
     5507     0.00000     0.3637E+01     2.000     7   8.3511
     5508     0.00000     0.9144E+01     2.000     7   8.3608
     5509     0.00000     0.5333E+01     2.000     7   8.3610
     5510     0.00000     0.4348E+01     2.000     7   8.3735
     5511     0.00000     0.5794E+01     2.000     7   8.3735
     5512     0.00000     0.3337E+01     2.000     7   8.3743
     5513     0.00000     0.6851E+01     2.000     7   8.3771
     5514     0.00000     0.3322E+01     2.000     7   8.3811
     5515     0.00000     0.3448E+01     2.000     7   8.3903
     5517     0.00000     0.2783E+01     2.000     7   8.4027
     5518     0.00000     0.6256E+01     2.000     7   8.4083
     5519     0.00000     0.3016E+01     2.000     7   8.4152
     5520     0.00000     0.4231E+01     2.000     7   8.4152
     5521     0.00000     0.6836E+01     2.000     7   8.4205
     5522     0.00000     0.3973E+01     2.000     7   8.4255
     5523     0.00000     0.3516E+01     2.000     5   8.4721
     5524     0.00000     0.7746E+01     2.000     7   8.4801
     5526     0.00000     0.4041E+01     2.000     6   8.4861
     5527     0.00000     0.3651E+01     2.000     6   8.5043
     5528     0.00000     0.3807E+01     2.000     6   8.5501
     5529     0.00000     0.4758E+01     2.000     7   8.5499
     5530     0.00000     0.3893E+01     2.000     6   8.5581
     5531     0.00000     0.7021E+01     2.000     7   8.5655
     5532     0.00000     0.6051E+01     2.000     7   8.5771
     5533     0.00000     0.3459E+01     2.000     7   8.5877
     5534     0.00000     0.8329E+01     2.000     7   8.5918
     5535     0.00000     0.4145E+01     2.000     6   8.5982
     5536     0.00000     0.3103E+01     2.000     6   8.6251
     5537     0.00000     0.3176E+01     2.000     6   8.6282
     5538     0.00000     0.3432E+01     2.000     5   8.6294
     5539     0.00000     0.5916E+01     2.000     7   8.6428
     5540     0.00000     0.1064E+02     2.000     7   8.6514
     5541     0.00000     0.3956E+01     2.000     6   8.6703
     5542     0.00000     0.4168E+01     2.000     7   8.6723
     5543     0.00000     0.7226E+01     2.000     7   8.6777
     5544     0.00000     0.2785E+01     2.000     7   8.6800
     5545     0.00000     0.4247E+01     2.000     6   8.6840
     5546     0.00000     0.5456E+01     2.000     7   8.6996
     5547     0.00000     0.5543E+01     2.000     7   8.7014
     5548     0.00000     0.1349E+02     2.000     7   8.7020
     5549     0.00000     0.5138E+01     2.000     7   8.7029
     5550     0.00000     0.8640E+01     2.000     7   8.7040
     5551     0.00000     0.4265E+01     2.000     7   8.7060
     5552     0.00000     0.5621E+01     2.000     6   8.7088
     5553     0.00000     0.3645E+01     2.000     6   8.7218
     5554     0.00000     0.4280E+01     2.000     6   8.7224
     5555     0.00000     0.4194E+01     2.000     6   8.7234
     5557     0.00000     0.7997E+01     2.000     7   8.7389
     5558     0.00000     0.4474E+01     2.000     7   8.7442
     5559     0.00000     0.5806E+01     2.000     7   8.7482
     5560     0.00000     0.3605E+01     2.000     7   8.7510
     5561     0.00000     0.4824E+01     2.000     6   8.7606
     5562     0.00000     0.6405E+01     2.000     7   8.7643
     5563     0.00000     0.4969E+01     2.000     7   8.7664
     5564     0.00000     0.4320E+01     2.000     7   8.7688
     5565     0.00000     0.5392E+01     2.000     7   8.7705
     5566     0.00000     0.4750E+01     2.000     7   8.7870
     5567     0.00000     0.3579E+01     2.000     6   8.7961
     5568     0.00000     0.4468E+01     2.000     6   8.7985
     5569     0.00000     0.4690E+01     2.000     6   8.7999
     5570     0.00000     0.6836E+01     2.000     7   8.8026
     5571     0.00000     0.5918E+01     2.000     7   8.8093
     5572     0.00000     0.5927E+01     2.000     7   8.8203
     5573     0.00000     0.3458E+01     2.000     7   8.8276
     5574     0.00000     0.3416E+01     2.000     7   8.8276
     5575     0.00000     0.5106E+01     2.000     7   8.8327
     5576     0.00000     0.4859E+01     2.000     7   8.8362
     5577     0.00000     0.7017E+01     2.000     7   8.8411
     5578     0.00000     0.4633E+01     2.000     7   8.8461
     5579     0.00000     0.8881E+01     2.000     7   8.8510
     5581     0.00000     0.4238E+01     2.000     7   8.8659
     5582     0.00000     0.4271E+01     2.000     7   8.8659
     5583     0.00000     0.4434E+01     2.000     7   8.8673
     5584     0.00000     0.4521E+01     2.000     7   8.8673
     5585     0.00000     0.6006E+01     2.000     7   8.8724
     5586     0.00000     0.1251E+02     2.000     7   8.8793
     5587     0.00000     0.4537E+01     2.000     7   8.8809
     5588     0.00000     0.5069E+01     2.000     7   8.8980
     5589     0.00000     0.4188E+01     2.000     7   8.8992
     5590     0.00000     0.3112E+01     2.000     7   8.8998
     5591     0.00000     0.3344E+01     2.000     7   8.9045
     5592     0.00000     0.2988E+01     2.000     7   8.9070
     5593     0.00000     0.4205E+01     2.000     7   8.9078
     5594     0.00000     0.6438E+01     2.000     7   8.9103
     5595     0.00000     0.4974E+01     2.000     7   8.9216
     5596     0.00000     0.2958E+01     2.000     7   8.9320
     5598     0.00000     0.6450E+01     2.000     7   8.9461
     5599     0.00000     0.2780E+01     2.000     6   8.9470
     5601     0.00000     0.5469E+01     2.000     7   8.9614
     5602     0.00000     0.4379E+01     2.000     7   8.9629
