# # Once                                                         FEFF 10.0.0 
# # POT  SCF 100  9.0000   0, core-hole, FOLP (folp(0)= 1.150)
# # Abs   Z=30 Rmt= 1.413 Rnm= 1.532 K  shell
# #   RGRID 0.0100
# # Pot 1 Z= 6 Rmt= 0.809 Rnm= 1.034
# # Pot 2 Z= 6 Rmt= 0.800 Rnm= 1.007
# # Pot 3 Z= 6 Rmt= 0.776 Rnm= 1.002
# # Pot 4 Z= 6 Rmt= 0.903 Rnm= 1.124
# # Pot 5 Z= 6 Rmt= 0.939 Rnm= 1.173
# # Pot 6 Z= 1 Rmt= 0.552 Rnm= 0.946
# # Pot 7 Z= 1 Rmt= 0.498 Rnm= 0.873
# # Pot 8 Z= 7 Rmt= 0.789 Rnm= 0.991
# # Pot 9 Z= 7 Rmt= 0.811 Rnm= 0.996
# # Pot10 Z=16 Rmt= 1.245 Rnm= 1.467
# # Gam_ch=1.897E+00 H-L exch Vi= 0.000E+00 Vr= 0.000E+00
# # Mu=-7.471E+00eV kf=2.157E+00 Vint=-1.478E+01eV Rs_int= 1.681
# # PATH  Rmax= 9.000,  Keep_limit= 0.00, Heap_limit 0.00  Pwcrit= 2.50%
#  S02=1.000  Temp=  10.00  Debye_temp= 315.00  Global_sig2= 0.00000
#  Energy zero shift, vr, vi    0.00000E+00   0.00000E+00
#  Curved wave amplitude ratio filter   4.000%
#     file         sig2 tot  cw amp ratio   deg  nlegs   reff  inp sig2
#           1       0.00380    100.00      1.00     2   2.1517
#           2       0.00265     99.72      1.00     2   2.1540
#           3       0.00302     83.97      1.00     2   2.3606
#           4       0.00310     83.74      1.00     2   2.3630
#           5       0.02639     12.62      1.00     2   2.7576
#           6       0.00342     42.19      1.00     2   2.9833
#           7       0.00551     38.60      1.00     2   3.1086
#           8       0.00338     38.04      1.00     2   3.1155
#           9       0.02084      9.03      1.00     2   3.1384
#          10       0.00442     36.22      1.00     2   3.1737
#          11       0.00544     34.76      1.00     2   3.2114
#          12       0.00293     45.15      2.00     3   3.2651
#          13       0.01851      8.01      1.00     2   3.2853
#          14       0.00423     59.28      2.00     3   3.3016
#          15       0.00480     64.80      2.00     3   3.3328
#          16       0.00434     60.43      2.00     3   3.3780
#          17       0.01822      7.07      1.00     2   3.4437
#          18       0.01231     16.33      2.00     3   3.4681
#          19       0.01973      6.83      1.00     2   3.4880
#          20       0.00478     32.24      1.00     4   3.4877
#          21       0.00514     41.01      1.00     4   3.4918
#          22       0.00459     36.65      1.00     4   3.5445
#          23       0.00464     12.51      1.00     4   3.5468
#          24       0.00945      8.03      2.00     3   3.5769
#          25       0.00338     35.12      2.00     3   3.6392
#          26       0.00924      7.07      2.00     3   3.7164
#          27       0.01345      5.77      2.00     3   3.7252
#          28       0.02284      5.64      1.00     2   3.7462
#          29       0.01575      5.68      2.00     3   3.7541
#          30       0.01187      6.14      2.00     3   3.7669
#          31       0.00336     23.10      1.00     2   3.7674
#          32       0.02273      6.81      1.00     4   3.8276
#          33       0.00849      6.68      2.00     3   3.8435
#          34       0.01031      7.63      2.00     3   3.8469
#          35       0.00905      9.25      2.00     4   3.8586
#          36       0.00692      7.52      2.00     3   3.8620
#          37       0.01310      6.65      2.00     3   3.8702
#          38       0.01206      6.01      2.00     3   3.8770
#          39       0.00760     13.70      2.00     4   3.9025
#          40       0.01788      5.00      1.00     2   3.9166
#          41       0.02247      4.95      1.00     2   3.9302
#          42       0.00464     41.75      2.00     3   3.9678
#          44       0.00926     14.18      2.00     4   4.0059
#          45       0.00755     13.91      2.00     4   4.0101
#          46       0.01749      4.63      1.00     2   4.0282
#          47       0.00325     18.77      1.00     2   4.0420
#          48       0.01203     15.04      2.00     3   4.0476
#          49       0.00357      5.80      2.00     3   4.0605
#          50       0.00367      5.89      2.00     3   4.0631
#          51       0.00447     17.62      1.00     2   4.1306
#          52       0.00494      7.55      2.00     3   4.1532
#          53       0.00388      7.62      2.00     3   4.1556
#          54       0.00391     11.30      2.00     3   4.1620
#          56       0.00477     20.14      1.00     4   4.1681
#          57       0.00382     11.85      1.00     4   4.1697
#          58       0.01540      4.92      1.00     4   4.1704
#          59       0.01002     12.54      1.00     4   4.1786
#          61       0.00357     16.62      1.00     2   4.2027
#          65       0.00260     41.20      2.00     3   4.2426
#          67       0.00410     30.44      2.00     3   4.2735
#          69       0.00369     15.68      1.00     2   4.2896
#          70       0.00444     35.43      2.00     3   4.2904
#          72       0.00760     10.05      1.00     4   4.3034
#          74       0.00530      9.99      1.00     4   4.3080
#          75       0.00413      7.81      2.00     3   4.3094
#          76       0.01374      4.38      1.00     4   4.3173
#          77       0.00307     19.57      2.00     4   4.3211
#          78       0.00510     40.95      2.00     3   4.3309
#          79       0.01097      5.72      2.00     5   4.3336
#          80       0.01087      4.80      2.00     3   4.3341
#          81       0.01466      4.85      2.00     3   4.3390
#          82       0.01590      4.68      2.00     4   4.3409
#          83       0.00460     17.69      2.00     3   4.3417
#          84       0.00283     36.76      1.00     4   4.3546
#          85       0.00420     15.17      1.00     2   4.3568
#          86       0.00381     28.85      2.00     3   4.3624
#          87       0.00823      9.55      2.00     5   4.3648
#          88       0.00301     29.58      1.00     4   4.3722
#          89       0.00320     40.82      2.00     3   4.3757
#          90       0.00432     21.29      1.00     4   4.3762
#          91       0.00494     23.37      1.00     4   4.3782
#          92       0.01038      4.03      2.00     3   4.3838
#          93       0.00919      8.08      2.00     5   4.3841
#          94       0.00407     41.75      2.00     3   4.3854
#          95       0.00293     41.21      2.00     4   4.3855
#          96       0.01372      5.16      2.00     3   4.3882
#          97       0.00965     10.85      2.00     5   4.3881
#          99       0.00777      7.00      2.00     5   4.4100
#         100       0.00497     18.68      2.00     4   4.4139
#         101       0.00405     30.78      1.00     4   4.4140
#         102       0.00434     18.04      1.00     4   4.4163
#         103       0.00432     54.86      2.00     4   4.4170
#         104       0.00861      6.52      2.00     3   4.4291
#         105       0.00873      4.30      2.00     3   4.4328
#         106       0.00490     19.93      2.00     4   4.4334
#         107       0.00577     15.53      2.00     4   4.4437
#         108       0.00473     21.03      2.00     4   4.4439
#         109       0.00903      9.39      2.00     5   4.4434
#         111       0.00494     37.72      2.00     4   4.4501
#         112       0.00509     24.81      1.00     4   4.4515
#         113       0.00528     38.38      1.00     4   4.4617
#         114       0.00874      7.97      2.00     4   4.4652
#         115       0.00472     34.56      2.00     3   4.4709
#         116       0.01099      5.97      2.00     3   4.4711
#         118       0.00446     48.94      2.00     4   4.4995
#         119       0.00712      4.08      2.00     3   4.5042
#         120       0.00455     24.67      1.00     4   4.5115
#         125       0.00662     14.45      1.00     6   4.5197
#         126       0.00448     35.69      2.00     4   4.5214
#         127       0.00331     23.60      1.00     4   4.5221
#         128       0.00813     15.56      1.00     6   4.5238
#         129       0.00440     34.62      2.00     4   4.5244
#         130       0.00482     22.25      2.00     4   4.5279
#         131       0.01732      6.24      2.00     5   4.5381
#         133       0.00442     45.36      2.00     4   4.5617
#         134       0.00418     12.77      2.00     3   4.5659
#         135       0.00772     15.37      1.00     6   4.5765
#         136       0.00914      7.71      2.00     4   4.5781
#         137       0.00836      6.23      1.00     6   4.5788
#         138       0.00732      5.22      2.00     4   4.5841
#         139       0.00625     30.73      1.00     4   4.5850
#         140       0.00551     51.79      2.00     5   4.6000
#         141       0.00609     37.01      2.00     5   4.6029
#         142       0.00614     37.14      2.00     5   4.6028
#         143       0.00455     71.01      2.00     5   4.6030
#         144       0.00570     21.27      1.00     4   4.6042
#         145       0.00472     55.81      2.00     5   4.6092
#         146       0.01007      5.28      2.00     5   4.6089
#         147       0.01897      5.11      2.00     4   4.6332
#         148       0.00440     65.17      2.00     5   4.6364
#         149       0.00434     42.05      2.00     4   4.6375
#         150       0.00947     73.85      2.00     5   4.6376
#         151       0.00557      7.84      1.00     4   4.6414
#         152       0.00594     81.39      2.00     5   4.6478
#         153       0.00484     47.92      2.00     5   4.6579
#         155       0.00426     67.29      2.00     5   4.6661
#         156       0.00450     45.56      2.00     5   4.6672
#         157       0.01075     79.11      2.00     5   4.6706
#         158       0.00645     55.90      2.00     5   4.6811
#         159       0.00412      8.10      2.00     3   4.6936
#         160       0.00508     39.59      2.00     5   4.6944
#         161       0.01096      5.33      2.00     4   4.7012
#         162       0.00651      4.14      2.00     3   4.7036
#         163       0.01003     14.18      2.00     5   4.7091
#         164       0.00535     38.98      2.00     5   4.7140
#         165       0.00604      5.33      1.00     4   4.7211
#         167       0.00620      5.30      1.00     4   4.7260
#         168       0.00445     28.60      2.00     5   4.7256
#         169       0.00954      4.88      2.00     4   4.7288
#         171       0.00433     66.75      2.00     5   4.7516
#         172       0.00333      6.89      2.00     3   4.7549
#         173       0.01419      5.81      2.00     4   4.7708
#         174       0.00624     64.82      2.00     5   4.7708
#         175       0.00303     12.39      2.00     4   4.7814
#         180       0.00731     10.29      2.00     4   4.8156
#         181       0.01050     56.53      1.00     6   4.8237
#         182       0.01152     66.67      1.00     6   4.8297
#         183       0.00586     51.05      1.00     6   4.8339
#         184       0.01633      6.72      2.00     4   4.8363
#         185       0.00956     10.18      2.00     4   4.8362
#         186       0.00421      8.12      2.00     3   4.8392
#         188       0.00611     37.84      1.00     6   4.8402
#         189       0.00462      4.20      2.00     3   4.8417
#         190       0.02885      4.53      2.00     3   4.8429
#         191       0.00417      6.35      2.00     3   4.8514
#         192       0.00377      8.23      2.00     4   4.8533
#         193       0.00555      7.39      2.00     4   4.8655
#         194       0.00376      9.37      2.00     4   4.8669
#         195       0.00452     14.92      2.00     4   4.8678
#         196       0.00398      8.05      2.00     4   4.8722
#         197       0.01365      4.48      2.00     5   4.8755
#         198       0.01284      5.00      2.00     5   4.8789
#         199       0.00879     90.45      2.00     6   4.8805
#         201       0.00910     66.94      2.00     6   4.8847
#         202       0.01091      6.57      2.00     3   4.8892
#         203       0.01992      5.70      2.00     6   4.8906
#         204       0.00473     11.79      2.00     4   4.8927
#         205       0.01127      5.02      2.00     4   4.8968
#         206       0.00534      8.96      2.00     4   4.8977
#         207       0.01328      4.34      2.00     5   4.9022
#         209       0.02770      4.27      2.00     4   4.9093
#         210       0.00441     15.65      2.00     4   4.9139
#         211       0.00959     14.79      2.00     5   4.9146
#         212       0.01479      7.22      2.00     4   4.9168
#         213       0.00598      4.64      1.00     4   4.9177
#         214       0.00627     42.90      1.00     6   4.9182
#         215       0.00612     34.71      1.00     6   4.9181
#         216       0.00688      9.87      2.00     4   4.9266
#         217       0.01432      8.23      2.00     6   4.9345
#         218       0.00379      9.19      2.00     4   4.9374
#         219       0.01026     52.37      1.00     6   4.9374
#         220       0.00968     26.07      1.00     6   4.9397
#         221       0.00419     14.42      2.00     4   4.9479
#         222       0.01000     22.18      2.00     5   4.9482
#         223       0.01634      7.74      2.00     3   4.9507
#         224       0.00366      9.95      2.00     4   4.9533
#         225       0.01406      4.21      2.00     3   4.9584
#         226       0.01713      4.11      2.00     3   4.9615
#         227       0.00965     14.05      2.00     5   4.9697
#         229       0.00389      9.87      2.00     4   4.9722
#         230       0.00852      9.13      2.00     4   4.9766
#         231       0.00939     10.14      2.00     5   4.9790
#         233       0.00867      4.12      2.00     5   4.9930
#         234       0.00868      4.47      2.00     5   4.9932
#         235       0.00919      4.12      2.00     5   4.9957
#         236       0.01042      4.94      2.00     4   4.9985
#         238       0.00962      6.02      2.00     3   5.0010
#         239       0.01172      6.36      2.00     5   5.0009
#         241       0.00295     16.81      2.00     5   5.0124
#         242       0.00554     10.17      1.00     2   5.0132
#         243       0.00892     14.69      2.00     5   5.0148
#         244       0.00472     16.02      2.00     4   5.0179
#         245       0.00789     12.14      2.00     5   5.0179
#         246       0.01309      4.63      2.00     3   5.0200
#         247       0.00329     10.32      2.00     4   5.0199
#         248       0.00458     17.94      2.00     4   5.0253
#         251       0.00958      8.25      2.00     4   5.0355
#         254       0.00946      8.65      2.00     5   5.0374
#         255       0.01410      8.84      2.00     6   5.0379
#         256       0.00916      9.77      2.00     4   5.0408
#         257       0.01287      8.44      2.00     6   5.0421
#         258       0.00427     16.92      2.00     4   5.0456
#         259       0.01035      4.71      2.00     4   5.0477
#         260       0.01589      6.53      2.00     4   5.0490
#         261       0.00548     37.74      2.00     3   5.0510
#         262       0.00843     15.22      2.00     5   5.0524
#         263       0.00462     32.22      2.00     5   5.0539
#         264       0.00472     23.68      2.00     5   5.0568
#         265       0.00429     17.24      2.00     4   5.0583
#         266       0.00878      7.45      2.00     4   5.0590
#         267       0.00486     29.39      2.00     5   5.0592
#         268       0.00270     13.52      2.00     5   5.0599
#         269       0.01383      7.82      2.00     5   5.0630
#         270       0.00857     20.68      2.00     5   5.0626
#         271       0.00528     20.08      2.00     5   5.0631
#         272       0.00865     14.06      2.00     5   5.0656
#         273       0.00598     10.14      2.00     3   5.0808
#         274       0.00598      8.45      2.00     4   5.0849
#         275       0.00448     31.97      2.00     5   5.0869
#         276       0.00566     36.02      1.00     4   5.0888
#         278       0.00486     23.03      2.00     5   5.0908
#         280       0.00718      7.92      2.00     5   5.0973
#         282       0.01495      6.03      2.00     4   5.1033
#         283       0.00401     10.99      2.00     4   5.1031
#         284       0.00821      8.59      2.00     4   5.1031
#         285       0.01735      9.94      2.00     5   5.1029
#         286       0.00743      5.76      1.00     4   5.1120
#         288       0.00651      9.26      2.00     5   5.1127
#         289       0.01062     10.09      2.00     5   5.1169
#         290       0.00936      8.09      2.00     5   5.1170
#         291       0.01949      8.02      2.00     5   5.1176
#         292       0.01939      7.50      2.00     5   5.1180
#         293       0.00461     18.94      2.00     5   5.1199
#         294       0.00476     16.73      2.00     5   5.1235
#         295       0.00958     11.27      2.00     5   5.1233
#         296       0.01184      8.18      2.00     5   5.1288
#         297       0.00385     10.72      2.00     4   5.1312
#         298       0.00800     11.97      2.00     5   5.1316
#         299       0.00432     16.56      2.00     5   5.1317
#         300       0.00355     23.76      2.00     5   5.1319
#         301       0.00677      7.40      2.00     4   5.1374
#         302       0.00763      9.27      2.00     3   5.1407
#         304       0.00574     19.24      2.00     3   5.1531
#         305       0.00687      7.59      2.00     4   5.1601
#         306       0.01307      7.76      2.00     5   5.1598
#         307       0.01173      8.20      2.00     5   5.1600
#         308       0.00510      9.58      2.00     5   5.1627
#         310       0.00470      9.57      2.00     5   5.1719
#         311       0.00441     13.21      2.00     5   5.1725
#         312       0.00960      5.64      2.00     3   5.1778
#         313       0.00418     18.79      2.00     5   5.1790
#         314       0.00413      8.23      2.00     3   5.1807
#         315       0.01118      5.13      2.00     4   5.1813
#         316       0.01000      7.08      2.00     4   5.1813
#         317       0.00991      6.50      2.00     3   5.1830
#         319       0.01036      5.26      2.00     4   5.1844
#         320       0.00907     13.95      2.00     5   5.1847
#         321       0.00676      9.56      1.00     4   5.1872
#         322       0.00620      5.51      2.00     3   5.1887
#         323       0.01048      5.10      2.00     4   5.1889
#         324       0.00501     35.40      2.00     4   5.1910
#         325       0.00999     16.27      2.00     5   5.1952
#         326       0.00957     21.87      2.00     6   5.1964
#         327       0.00717      6.65      2.00     5   5.1981
#         328       0.00776     14.91      2.00     5   5.1999
#         329       0.01292      4.88      1.00     4   5.2005
#         330       0.02506      7.96      2.00     3   5.2018
#         331       0.00818      4.58      2.00     3   5.2082
#         332       0.02049      9.86      2.00     5   5.2080
#         333       0.01346      7.50      2.00     5   5.2130
#         334       0.00881     18.33      2.00     5   5.2172
#         335       0.00348     27.27      2.00     5   5.2172
#         336       0.00802      7.97      2.00     5   5.2181
#         337       0.00804      8.65      2.00     3   5.2198
#         338       0.00792     11.76      2.00     4   5.2243
#         339       0.00753     11.64      2.00     4   5.2284
#         340       0.01196     22.70      2.00     6   5.2299
#         341       0.00899     12.94      2.00     5   5.2364
#         342       0.00738     13.02      2.00     4   5.2373
#         345       0.01244     21.39      2.00     6   5.2385
#         346       0.02445      8.94      2.00     3   5.2394
#         347       0.00795      4.93      2.00     3   5.2407
#         348       0.02044      7.68      1.00     6   5.2486
#         349       0.01038     26.49      2.00     6   5.2487
#         351       0.00999      5.75      2.00     4   5.2504
#         352       0.00604      8.08      2.00     5   5.2514
#         353       0.01390     16.38      2.00     6   5.2515
#         355       0.01157      5.25      2.00     5   5.2541
#         356       0.00468     15.31      2.00     5   5.2539
#         357       0.00841      9.57      2.00     4   5.2547
#         359       0.02359      9.17      1.00     4   5.2576
#         360       0.02379      7.24      1.00     4   5.2576
#         361       0.00983      7.29      2.00     4   5.2583
#         362       0.00659      6.88      2.00     4   5.2603
#         364       0.00726     12.73      2.00     4   5.2610
#         365       0.01344      5.57      2.00     5   5.2630
#         366       0.00377      9.68      2.00     4   5.2667
#         367       0.01111      6.98      2.00     4   5.2672
#         368       0.03019      8.45      2.00     5   5.2698
#         369       0.00709      8.68      1.00     4   5.2741
#         370       0.00849      4.64      2.00     5   5.2746
#         371       0.00836     25.91      2.00     5   5.2749
#         372       0.00417      5.17      2.00     3   5.2755
#         374       0.00881     19.82      2.00     5   5.2786
#         375       0.01073      4.28      2.00     4   5.2807
#         376       0.00917      5.28      2.00     4   5.2872
#         377       0.00394      9.46      2.00     4   5.2894
#         378       0.00434     21.38      2.00     5   5.2892
#         379       0.00278     34.28      2.00     6   5.2910
#         380       0.01041      6.01      2.00     4   5.2918
#         381       0.00350     14.76      1.00     4   5.2931
#         382       0.00834      9.97      2.00     4   5.2951
#         383       0.00884     21.46      2.00     6   5.2954
#         384       0.00435     21.03      2.00     5   5.2977
#         385       0.00805      9.18      2.00     4   5.3004
#         386       0.00614      7.13      2.00     4   5.3031
#         387       0.00821     10.26      2.00     4   5.3058
#         388       0.00938     16.11      2.00     5   5.3120
#         389       0.00869     27.34      2.00     5   5.3154
#         391       0.00439     37.20      2.00     6   5.3178
#         393       0.00450     27.55      2.00     6   5.3218
#         395       0.00958     16.45      2.00     5   5.3234
#         397       0.01348      6.74      2.00     4   5.3277
#         399       0.00922      6.17      2.00     4   5.3368
#         400       0.00857     16.52      2.00     5   5.3364
#         401       0.00452     35.46      2.00     6   5.3390
#         402       0.00620      7.35      2.00     4   5.3417
#         403       0.00498     24.93      2.00     6   5.3417
#         404       0.00860     14.20      2.00     5   5.3424
#         405       0.00459      5.20      2.00     4   5.3439
#         406       0.01472     21.89      2.00     6   5.3438
#         407       0.00881     20.93      2.00     6   5.3461
#         408       0.00789     21.01      2.00     5   5.3469
#         409       0.01124      4.09      2.00     4   5.3508
#         410       0.00491     27.26      2.00     4   5.3535
#         411       0.00747      7.27      2.00     6   5.3531
#         412       0.00892      8.24      2.00     6   5.3531
#         413       0.01262     23.29      2.00     6   5.3543
#         414       0.00869     23.63      1.00     6   5.3567
#         415       0.00973      5.06      2.00     5   5.3577
#         416       0.00730     22.83      2.00     5   5.3602
#         417       0.01176      6.55      2.00     4   5.3631
#         418       0.00838     20.04      1.00     6   5.3627
#         421       0.00868      6.42      2.00     4   5.3690
#         422       0.00576      5.95      2.00     4   5.3747
#         423       0.00973      8.65      2.00     5   5.3749
#         424       0.00848     12.85      2.00     5   5.3811
#         425       0.00888     13.61      2.00     5   5.3833
#         426       0.00439     37.17      2.00     6   5.3838
#         427       0.00976     23.93      2.00     6   5.3837
#         428       0.01201     12.85      2.00     5   5.3840
#         429       0.00441     11.92      2.00     4   5.3845
#         430       0.01188     10.45      2.00     5   5.3866
#         431       0.01294     11.61      2.00     6   5.3866
#         432       0.00492     51.52      2.00     5   5.3913
#         433       0.00807      5.50      2.00     5   5.3944
#         435       0.01647      6.84      2.00     7   5.3968
#         437       0.00967     15.17      2.00     6   5.3988
#         438       0.00684     37.37      2.00     6   5.4015
#         439       0.00697      4.33      2.00     5   5.4024
#         440       0.00446     34.09      2.00     6   5.4033
#         441       0.05366     18.58      2.00     6   5.4029
#         442       0.00991      4.23      2.00     5   5.4077
#         443       0.00855      5.07      2.00     5   5.4082
#         444       0.00946      7.07      2.00     6   5.4082
#         445       0.00997      8.51      2.00     5   5.4117
#         446       0.00910      7.01      2.00     5   5.4117
#         447       0.00910      9.81      2.00     5   5.4117
#         448       0.00517     25.32      2.00     6   5.4136
#         449       0.00909     10.68      2.00     5   5.4144
#         450       0.01276      5.86      2.00     7   5.4161
#         452       0.00974      5.73      2.00     5   5.4177
#         453       0.01138      5.22      2.00     5   5.4179
#         455       0.00573      5.47      2.00     5   5.4191
#         456       0.00532      5.08      2.00     5   5.4191
#         457       0.01185      9.01      2.00     5   5.4204
#         458       0.01568      7.96      2.00     7   5.4201
#         459       0.00974      4.32      2.00     5   5.4229
#         460       0.00879     13.82      2.00     5   5.4234
#         462       0.00882      4.44      2.00     4   5.4280
#         463       0.01009     30.76      2.00     6   5.4346
#         464       0.01506      4.96      2.00     4   5.4401
#         465       0.00929      5.00      2.00     5   5.4412
#         466       0.00406      7.06      2.00     4   5.4420
#         467       0.01554      4.72      2.00     7   5.4420
#         468       0.00988      7.99      2.00     5   5.4444
#         469       0.00905      6.38      2.00     6   5.4459
#         470       0.00886      8.70      2.00     6   5.4459
#         471       0.00739     15.71      1.00     6   5.4462
#         473       0.00676      7.39      2.00     5   5.4483
#         475       0.00737      5.24      2.00     6   5.4490
#         476       0.01007      7.41      2.00     5   5.4508
#         477       0.00494      5.37      2.00     4   5.4522
#         478       0.01173      7.16      2.00     5   5.4533
#         479       0.01162      6.92      2.00     5   5.4533
#         480       0.00432     13.86      2.00     5   5.4560
#         481       0.00964      4.86      2.00     5   5.4582
#         483       0.00770     14.97      2.00     5   5.4594
#         485       0.00429      7.32      2.00     4   5.4624
#         487       0.00882     22.97      2.00     6   5.4647
#         488       0.00919      7.00      2.00     6   5.4654
#         489       0.00880      9.76      2.00     6   5.4654
#         490       0.00569     12.92      2.00     4   5.4692
#         491       0.01343      9.90      2.00     5   5.4687
#         493       0.00715      9.36      2.00     5   5.4694
#         494       0.00895     20.91      2.00     6   5.4711
#         496       0.00757      7.05      2.00     6   5.4759
#         497       0.01020      5.44      2.00     6   5.4758
#         498       0.00947      9.24      2.00     6   5.4758
#         499       0.01491      6.86      2.00     7   5.4754
#         503       0.00723     12.63      2.00     4   5.4808
#         505       0.01028      6.05      2.00     5   5.4809
#         506       0.01035      4.66      2.00     5   5.4809
#         507       0.01253      7.63      2.00     5   5.4818
#         508       0.00925      7.97      2.00     6   5.4821
#         509       0.00807      4.46      2.00     4   5.4835
#         510       0.00851      8.15      2.00     6   5.4835
#         512       0.01012      4.84      2.00     5   5.4847
#         513       0.00446      7.86      1.00     2   5.4859
#         514       0.01299      7.80      2.00     5   5.4868
#         515       0.01299      7.61      2.00     5   5.4868
#         516       0.00672     10.92      2.00     5   5.4892
#         517       0.00675      6.79      2.00     5   5.4893
#         518       0.00706     16.07      2.00     5   5.4919
#         520       0.00575     36.25      2.00     5   5.4934
#         521       0.01348     10.98      2.00     6   5.4937
#         522       0.00474     18.74      2.00     5   5.4965
#         523       0.00980      9.98      2.00     6   5.4964
#         525       0.01001     10.77      2.00     6   5.4989
#         526       0.00937      5.22      2.00     6   5.4990
#         527       0.00559      5.29      2.00     4   5.4994
#         530       0.00979     10.31      2.00     6   5.4992
#         531       0.01019      7.53      2.00     6   5.4992
#         532       0.01104      9.00      2.00     6   5.4991
#         533       0.00809      7.39      2.00     6   5.4995
#         534       0.00747     10.34      2.00     5   5.4997
#         535       0.01599      4.46      2.00     6   5.5015
#         536       0.01057      7.98      2.00     6   5.5014
#         537       0.00514     12.84      1.00     4   5.5019
#         538       0.00866      4.50      2.00     5   5.5029
#         539       0.00947      5.32      2.00     6   5.5050
#         540       0.01042      8.99      2.00     6   5.5055
#         541       0.00848     35.91      2.00     6   5.5059
#         542       0.00815     12.43      1.00     6   5.5066
#         543       0.00674     10.55      2.00     5   5.5077
#         544       0.00873     19.53      2.00     6   5.5095
#         545       0.00902     27.34      2.00     6   5.5095
#         546       0.00870      4.94      2.00     5   5.5182
#         547       0.00946     18.60      2.00     5   5.5221
#         549       0.00861      9.27      2.00     5   5.5248
#         550       0.00722     13.78      2.00     5   5.5274
#         551       0.01045      7.38      2.00     5   5.5296
#         552       0.00804      7.15      2.00     5   5.5296
#         553       0.00847      6.24      2.00     6   5.5315
#         554       0.01342      4.17      2.00     6   5.5340
#         555       0.01026      7.93      2.00     6   5.5340
#         556       0.01008     10.20      2.00     6   5.5340
#         557       0.00992     10.46      2.00     6   5.5349
#         558       0.00595      4.82      2.00     4   5.5353
#         559       0.01769      4.82      2.00     6   5.5352
#         560       0.00961      7.63      2.00     6   5.5358
#         561       0.00962      5.21      2.00     5   5.5364
#         564       0.00505     11.63      2.00     5   5.5407
#         567       0.00905     16.79      2.00     6   5.5430
#         568       0.00947     22.81      2.00     6   5.5430
#         569       0.01088      4.74      2.00     6   5.5438
#         570       0.00917     10.46      2.00     6   5.5435
#         571       0.00944     11.80      2.00     6   5.5438
#         572       0.00968     12.09      2.00     6   5.5442
#         574       0.00605      9.61      2.00     5   5.5457
#         575       0.00423     16.63      2.00     3   5.5466
#         576       0.00853     37.68      2.00     6   5.5462
#         577       0.00435     11.70      2.00     5   5.5485
#         578       0.00392     10.63      1.00     4   5.5510
#         579       0.01173     14.49      2.00     6   5.5534
#         580       0.01826     12.27      2.00     6   5.5541
#         581       0.01037      9.06      2.00     6   5.5564
#         582       0.00973      5.92      2.00     6   5.5565
#         583       0.01719     18.06      2.00     5   5.5569
#         584       0.00886      5.50      2.00     6   5.5599
#         586       0.00655     19.12      2.00     3   5.5633
#         587       0.00579      8.53      2.00     5   5.5639
#         588       0.00527      4.30      2.00     5   5.5642
#         589       0.00957      8.38      2.00     6   5.5650
#         590       0.00914      5.20      2.00     6   5.5657
#         591       0.00942      4.70      2.00     6   5.5658
#         592       0.00686     20.90      2.00     5   5.5669
#         593       0.02067      6.51      2.00     6   5.5669
#         595       0.01084     10.52      2.00     6   5.5669
#         596       0.01087      9.39      2.00     6   5.5669
#         597       0.00863     21.77      2.00     6   5.5672
#         600       0.00507     55.72      2.00     7   5.5699
#         601       0.01011      7.99      2.00     5   5.5709
#         603       0.00566      4.59      1.00     4   5.5725
#         604       0.01174      5.92      1.00     6   5.5727
#         605       0.00560     43.90      2.00     7   5.5727
#         606       0.00879     19.26      2.00     6   5.5734
#         607       0.00514      6.92      1.00     4   5.5748
#         610       0.01063      5.64      2.00     6   5.5769
#         611       0.01005     12.27      2.00     6   5.5774
#         612       0.00969     10.89      2.00     6   5.5769
#         613       0.01210      5.65      1.00     6   5.5795
#         614       0.01628      4.69      2.00     4   5.5803
#         615       0.01642      5.58      2.00     4   5.5803
#         616       0.01145      6.41      2.00     5   5.5803
#         617       0.00535     12.23      2.00     5   5.5803
#         618       0.01511      5.01      2.00     6   5.5845
#         620       0.00854     66.60      2.00     7   5.5875
#         621       0.02505      6.74      2.00     6   5.5902
#         622       0.00938      4.64      2.00     6   5.5909
#         624       0.00950     10.55      2.00     6   5.5933
#         625       0.00958      6.83      2.00     6   5.5933
#         626       0.01179     13.60      2.00     6   5.5937
#         627       0.00850     57.89      2.00     7   5.5937
#         628       0.01544      5.08      2.00     6   5.5943
#         629       0.00527      8.09      2.00     5   5.5951
#         630       0.00599      8.03      2.00     5   5.5985
#         631       0.00958      5.48      2.00     6   5.6003
#         632       0.00969      7.66      2.00     6   5.6059
#         633       0.00433     10.39      1.00     4   5.6072
#         634       0.05251      4.34      2.00     7   5.6081
#         635       0.03002      4.29      2.00     7   5.6081
#         636       0.00945      9.84      2.00     6   5.6104
#         637       0.00883      6.13      2.00     6   5.6104
#         638       0.00692     11.85      2.00     4   5.6117
#         639       0.00991     13.01      2.00     5   5.6113
#         640       0.00954      5.42      2.00     6   5.6129
#         641       0.00637     49.98      2.00     5   5.6139
#         642       0.00946      9.59      2.00     6   5.6141
#         643       0.00960      9.25      2.00     6   5.6156
#         644       0.00922      6.47      2.00     6   5.6170
#         645       0.01224     11.03      2.00     6   5.6170
#         646       0.01027      7.05      2.00     6   5.6185
#         648       0.01263      5.39      2.00     6   5.6219
#         649       0.00298     23.16      2.00     4   5.6240
#         650       0.00832      6.66      2.00     6   5.6242
#         651       0.00834      5.05      2.00     6   5.6242
#         653       0.01458     22.54      2.00     5   5.6282
#         654       0.00460     17.49      2.00     5   5.6289
#         655       0.00378      4.97      2.00     5   5.6297
#         656       0.00743      4.40      2.00     4   5.6316
#         657       0.00803     28.96      2.00     7   5.6320
#         658       0.00881     29.97      2.00     7   5.6320
#         659       0.00530      5.82      2.00     5   5.6325
#         660       0.00865     56.15      2.00     7   5.6323
#         661       0.00758     21.70      2.00     7   5.6349
#         662       0.00981     13.86      2.00     7   5.6349
#         663       0.00940     22.11      2.00     7   5.6348
#         664       0.00898     19.89      2.00     7   5.6348
#         665       0.01225     26.28      2.00     7   5.6350
#         666       0.00392     11.62      1.00     4   5.6358
#         667       0.00878      5.93      2.00     5   5.6359
#         668       0.00558     13.38      2.00     5   5.6354
#         669       0.01021      7.90      2.00     6   5.6362
#         670       0.00604     29.52      2.00     5   5.6388
#         671       0.00822     11.27      2.00     6   5.6394
#         672       0.00677     17.83      2.00     5   5.6403
#         673       0.00472     16.12      1.00     4   5.6407
#         674       0.00913     25.50      2.00     7   5.6412
#         675       0.01343      5.90      2.00     6   5.6413
#         678       0.00669     27.62      2.00     5   5.6447
#         679       0.01563      5.72      2.00     6   5.6452
#         680       0.01563     13.74      2.00     6   5.6458
#         681       0.01404      6.57      2.00     6   5.6463
#         683       0.01425      4.77      2.00     6   5.6498
#         684       0.00997     12.09      2.00     6   5.6505
#         685       0.01030      4.66      2.00     6   5.6513
#         686       0.00966     11.46      2.00     6   5.6513
#         691       0.00681     13.52      1.00     6   5.6555
#         692       0.00879     27.73      2.00     6   5.6589
#         693       0.00666     13.70      1.00     6   5.6588
#         696       0.00870     46.51      2.00     7   5.6656
#         697       0.01059     14.94      2.00     5   5.6663
#         698       0.01794     21.43      2.00     5   5.6669
#         699       0.01125     10.88      2.00     7   5.6684
#         700       0.01049     21.64      2.00     7   5.6684
#         702       0.01673      4.19      2.00     6   5.6697
#         703       0.01083     14.28      2.00     6   5.6695
#         704       0.01025      7.61      2.00     6   5.6697
#         705       0.01006      9.38      2.00     6   5.6697
#         706       0.01225     10.12      2.00     7   5.6696
#         707       0.01223     21.94      2.00     7   5.6696
#         710       0.00327     22.43      2.00     4   5.6753
#         711       0.00540     33.67      2.00     5   5.6771
#         712       0.04440     10.09      2.00     5   5.6781
#         713       0.00974      4.74      2.00     4   5.6791
#         714       0.01045     13.17      2.00     7   5.6798
#         715       0.01122     32.29      2.00     7   5.6798
#         718       0.00945      8.83      2.00     5   5.6833
#         719       0.00894      5.01      2.00     6   5.6847
#         720       0.01239      4.14      2.00     4   5.6900
#         721       0.01164      7.53      2.00     7   5.6899
#         722       0.00946     12.37      2.00     7   5.6899
#         723       0.00609     13.42      2.00     6   5.6923
#         725       0.00352      9.68      2.00     3   5.6936
#         726       0.00692     23.87      1.00     6   5.6938
#         727       0.00936     33.27      2.00     7   5.6955
#         728       0.01065     12.32      2.00     6   5.6962
#         729       0.00842     27.51      2.00     7   5.6981
#         730       0.00879     14.01      2.00     7   5.6992
#         731       0.00780      5.97      2.00     3   5.6999
#         732       0.00577     14.25      2.00     5   5.7002
#         733       0.01035      4.63      2.00     6   5.7008
#         735       0.00968     30.68      2.00     7   5.7021
#         736       0.01016     16.28      2.00     7   5.7026
#         737       0.00924     23.97      2.00     7   5.7026
#         738       0.00453      5.83      2.00     5   5.7031
#         739       0.02177      5.04      2.00     6   5.7032
#         743       0.00538     19.68      2.00     4   5.7061
#         744       0.01212      8.56      2.00     5   5.7082
#         745       0.01219      6.64      2.00     5   5.7082
#         746       0.02768     35.15      2.00     6   5.7082
#         748       0.00730     37.43      2.00     5   5.7107
#         749       0.00889      4.45      2.00     5   5.7118
#         750       0.00775     14.87      2.00     5   5.7117
#         751       0.01751     13.09      2.00     6   5.7114
#         753       0.00944      4.52      1.00     6   5.7114
#         755       0.00713     13.46      1.00     6   5.7123
#         756       0.01291     17.35      2.00     7   5.7131
#         757       0.01191     29.59      2.00     7   5.7131
#         759       0.00876     32.17      2.00     6   5.7139
#         760       0.00788      6.42      1.00     6   5.7138
#         761       0.00861     11.63      2.00     6   5.7139
#         762       0.00840      6.10      2.00     5   5.7152
#         763       0.00565     22.12      2.00     6   5.7153
#         764       0.01512     34.75      2.00     6   5.7160
#         766       0.00537     25.91      1.00     6   5.7184
#         767       0.00598      9.73      2.00     6   5.7203
#         768       0.01341     17.53      2.00     7   5.7201
#         769       0.01360     11.07      2.00     7   5.7201
#         771       0.00541     13.40      2.00     5   5.7214
#         772       0.01291     47.96      2.00     5   5.7219
#         773       0.00538     23.51      2.00     6   5.7215
#         774       0.00830     13.46      2.00     6   5.7233
#         775       0.00544     18.26      2.00     6   5.7232
#         776       0.00985     11.81      2.00     5   5.7237
#         777       0.00860     17.19      2.00     5   5.7258
#         778       0.00682     53.91      1.00     6   5.7259
#         780       0.02033     19.50      2.00     7   5.7259
#         781       0.02057     15.74      2.00     7   5.7259
#         782       0.00616     22.51      1.00     6   5.7265
#         783       0.00883     22.04      2.00     7   5.7264
#         784       0.01017     14.44      2.00     7   5.7264
#         785       0.00584      4.61      2.00     4   5.7283
#         786       0.01083     14.20      2.00     7   5.7299
#         787       0.01156     15.79      2.00     7   5.7303
#         788       0.00509     10.90      1.00     4   5.7304
#         790       0.00336     31.18      2.00     5   5.7360
#         791       0.01053     13.46      2.00     7   5.7360
#         792       0.01517     17.68      2.00     7   5.7365
#         793       0.00366      8.05      1.00     6   5.7417
#         795       0.00553      7.05      2.00     6   5.7449
#         796       0.00716      5.42      2.00     5   5.7457
#         797       0.01013     21.03      2.00     7   5.7460
#         798       0.00997     16.85      2.00     7   5.7460
#         799       0.00599     27.34      2.00     6   5.7474
#         801       0.00583     36.73      2.00     6   5.7499
#         802       0.00968     24.83      2.00     6   5.7500
#         803       0.00763     16.27      2.00     6   5.7499
#         804       0.00699      5.54      2.00     5   5.7511
#         806       0.00573     40.25      2.00     5   5.7527
#         807       0.00950     25.07      2.00     6   5.7530
#         808       0.00698     24.27      2.00     6   5.7530
#         809       0.01391     40.63      2.00     6   5.7530
#         810       0.00399     12.32      2.00     4   5.7543
#         812       0.00996     20.65      2.00     6   5.7541
#         813       0.00864      8.67      2.00     6   5.7556
#         814       0.00719     58.05      2.00     6   5.7567
#         815       0.00603      4.28      2.00     3   5.7569
#         816       0.00711     10.36      2.00     4   5.7579
#         817       0.00780     15.16      2.00     7   5.7576
#         818       0.01057     16.03      2.00     7   5.7576
#         819       0.00527     32.67      2.00     5   5.7590
#         820       0.00917     15.10      2.00     6   5.7601
#         822       0.00653      4.59      2.00     5   5.7633
#         823       0.00565     73.37      2.00     6   5.7632
#         824       0.00991     22.44      2.00     6   5.7650
#         825       0.00718     15.86      2.00     6   5.7659
#         826       0.00372     26.90      2.00     5   5.7668
#         827       0.00831     26.39      2.00     6   5.7694
#         828       0.00719     23.30      1.00     6   5.7690
#         830       0.00477     15.64      2.00     4   5.7710
#         831       0.01630      4.68      2.00     6   5.7712
#         832       0.00974     14.26      2.00     6   5.7710
#         834       0.00505      9.80      2.00     6   5.7716
#         835       0.00519      8.13      2.00     6   5.7716
#         836       0.00922     13.21      2.00     5   5.7728
#         837       0.00431      6.17      2.00     6   5.7726
#         839       0.01164     16.72      2.00     7   5.7769
#         840       0.01186     19.00      2.00     7   5.7769
#         841       0.00997      4.82      2.00     5   5.7781
#         842       0.01188     20.45      2.00     5   5.7782
#         843       0.00819     17.80      2.00     6   5.7783
#         844       0.00812     17.65      2.00     6   5.7783
#         845       0.01085     27.38      2.00     6   5.7783
#         846       0.01221     18.57      2.00     7   5.7794
#         847       0.01142     20.01      2.00     7   5.7794
#         848       0.01666      6.78      2.00     5   5.7807
#         849       0.01661      7.96      2.00     5   5.7807
#         850       0.01253     15.39      2.00     7   5.7809
#         851       0.01280     15.69      2.00     7   5.7809
#         854       0.00705     27.70      2.00     6   5.7816
#         855       0.00729     14.49      2.00     6   5.7816
#         856       0.00781     13.27      2.00     6   5.7816
#         857       0.01036     25.52      2.00     6   5.7817
#         858       0.00479     39.31      2.00     5   5.7836
#         859       0.01142     13.91      2.00     7   5.7836
#         860       0.01087     13.82      2.00     7   5.7832
#         861       0.01262     13.63      2.00     7   5.7832
#         862       0.01098     31.62      2.00     7   5.7836
#         866       0.00552      5.43      2.00     5   5.7874
#         867       0.00524     25.68      1.00     6   5.7876
#         868       0.00690     16.46      1.00     6   5.7876
#         869       0.00839     32.02      1.00     6   5.7875
#         870       0.00553      6.69      2.00     5   5.7880
#         871       0.00989     22.98      2.00     6   5.7880
#         872       0.01139     22.04      2.00     6   5.7880
#         873       0.01509     34.50      2.00     6   5.7880
#         874       0.00466      6.66      1.00     2   5.7895
#         876       0.01020      8.74      2.00     6   5.7921
#         877       0.00606     18.01      2.00     6   5.7922
#         879       0.00820     34.93      2.00     6   5.7977
#         880       0.01471      5.05      2.00     6   5.7988
#         881       0.00669     56.46      2.00     6   5.7985
#         882       0.00841      5.91      2.00     5   5.7991
#         883       0.01512     10.56      2.00     7   5.8028
#         884       0.00870     20.81      2.00     7   5.8028
#         885       0.00542      8.19      2.00     6   5.8032
#         886       0.00569      5.57      2.00     6   5.8032
#         887       0.00654      9.15      2.00     6   5.8046
#         889       0.00527     14.12      2.00     6   5.8071
#         890       0.00860     22.64      2.00     6   5.8068
#         891       0.01183     33.98      2.00     6   5.8068
#         892       0.00963      4.56      2.00     5   5.8073
#         893       0.00877      4.95      2.00     5   5.8084
#         894       0.01332     54.70      1.00     6   5.8079
#         895       0.01114     18.79      2.00     6   5.8091
#         897       0.00562     13.20      2.00     6   5.8098
#         898       0.01089      6.81      2.00     5   5.8103
#         899       0.01109      7.28      2.00     5   5.8103
#         901       0.00898      4.01      2.00     6   5.8134
#         902       0.00483     18.05      2.00     6   5.8151
#         903       0.00465     15.32      2.00     3   5.8164
#         904       0.00548      8.45      2.00     6   5.8160
#         905       0.01336     16.29      2.00     7   5.8171
#         906       0.01275     10.84      2.00     7   5.8167
#         907       0.01056      7.66      2.00     7   5.8176
#         909       0.01023     13.69      2.00     7   5.8178
#         912       0.00797      4.26      2.00     5   5.8231
#         913       0.00363     19.40      2.00     3   5.8260
#         914       0.00869     32.97      2.00     6   5.8263
#         915       0.00798     14.33      2.00     6   5.8263
#         916       0.00439     12.06      2.00     4   5.8283
#         917       0.00568     10.46      2.00     6   5.8293
#         919       0.00854      8.02      2.00     5   5.8326
#         920       0.00609     12.02      2.00     6   5.8355
#         921       0.00871      8.14      2.00     5   5.8359
#         922       0.01667     16.73      2.00     7   5.8363
#         923       0.01690     11.53      2.00     7   5.8363
#         924       0.01146     17.91      2.00     6   5.8366
#         925       0.01474     19.57      2.00     6   5.8367
#         926       0.00869      4.81      2.00     6   5.8372
#         927       0.00930     12.47      2.00     6   5.8378
#         928       0.01159      7.18      2.00     7   5.8382
#         929       0.01174      6.19      2.00     7   5.8382
#         930       0.00947      6.37      2.00     5   5.8402
#         933       0.00450      6.79      2.00     6   5.8430
#         934       0.00480      9.69      1.00     4   5.8432
#         935       0.00425     13.54      2.00     3   5.8439
#         937       0.00864     10.98      2.00     5   5.8447
#         938       0.01470     41.95      2.00     5   5.8446
#         939       0.00719      4.10      1.00     6   5.8444
#         940       0.00454      7.25      2.00     6   5.8460
#         941       0.02550      6.46      2.00     6   5.8476
#         943       0.00747     31.97      1.00     6   5.8494
#         944       0.00606      6.18      1.00     6   5.8494
#         946       0.00603      4.46      2.00     6   5.8507
#         947       0.00385     23.27      2.00     4   5.8528
#         948       0.00488      4.34      2.00     6   5.8524
#         949       0.00401     27.49      2.00     4   5.8546
#         950       0.00888      5.00      2.00     5   5.8568
#         951       0.00959      4.70      2.00     5   5.8564
#         953       0.00349      4.70      2.00     5   5.8586
#         956       0.00547      9.53      2.00     6   5.8595
#         957       0.01604     30.76      2.00     6   5.8593
#         958       0.00536      5.13      2.00     6   5.8595
#         959       0.01025      4.57      2.00     5   5.8603
#         960       0.00554     26.95      2.00     6   5.8599
#         961       0.00472     16.98      1.00     4   5.8625
#         962       0.00884      5.17      2.00     5   5.8624
#         963       0.00774     10.35      2.00     6   5.8622
#         965       0.01266     12.46      2.00     5   5.8638
#         966       0.00897     23.65      2.00     6   5.8639
#         967       0.00652     25.57      1.00     6   5.8647
#         969       0.02550      7.06      2.00     6   5.8682
#         971       0.00660      4.53      2.00     5   5.8697
#         972       0.01013     48.64      2.00     6   5.8698
#         973       0.00416     16.03      2.00     4   5.8707
#         974       0.00781     36.79      1.00     6   5.8704
#         975       0.00556     66.48      2.00     6   5.8732
#         976       0.01068     16.27      2.00     5   5.8745
#         977       0.00732      7.55      2.00     6   5.8743
#         978       0.00561     20.75      2.00     6   5.8741
#         980       0.00899      9.36      2.00     5   5.8755
#         983       0.00896     14.80      2.00     6   5.8772
#         984       0.00712      5.14      2.00     5   5.8794
#         986       0.00479     22.29      2.00     4   5.8804
#         987       0.00768      4.07      2.00     5   5.8803
#         988       0.00391     34.28      2.00     5   5.8814
#         989       0.00355     20.62      2.00     5   5.8830
#         990       0.01297      4.21      2.00     3   5.8838
#         991       0.00940     11.78      2.00     7   5.8845
#         992       0.00376      6.71      2.00     6   5.8872
#         993       0.00457     17.36      2.00     5   5.8890
#         994       0.00464     52.95      2.00     5   5.8911
#         995       0.00864     21.58      2.00     6   5.8923
#         996       0.00899     21.02      2.00     6   5.8923
#         997       0.01211     33.31      2.00     6   5.8923
#         998       0.00403     53.75      2.00     6   5.8956
#         999       0.00943     48.92      2.00     6   5.8956
#        1001       0.00369      7.88      1.00     4   5.8982
#        1002       0.01548     33.12      2.00     6   5.8977
#        1003       0.00880      4.82      2.00     6   5.8998
#        1004       0.00648      7.06      2.00     4   5.9002
#        1005       0.00642      4.62      2.00     5   5.9002
#        1006       0.00553      4.64      1.00     4   5.9013
#        1007       0.00561     18.46      2.00     6   5.9015
#        1009       0.00431      4.17      2.00     4   5.9031
#        1014       0.00562     20.52      2.00     5   5.9057
#        1016       0.00798      4.03      2.00     5   5.9072
#        1019       0.00958     59.29      2.00     6   5.9079
#        1020       0.00478     35.28      2.00     5   5.9089
#        1021       0.00838      8.97      2.00     6   5.9085
#        1022       0.01001      5.92      2.00     5   5.9095
#        1023       0.00382      6.08      1.00     6   5.9092
#        1024       0.00726      5.86      2.00     5   5.9102
#        1026       0.00600      8.58      2.00     6   5.9115
#        1027       0.00513     21.69      2.00     5   5.9139
#        1029       0.00844      6.03      2.00     6   5.9143
#        1031       0.00639      4.05      2.00     4   5.9171
#        1032       0.01236     21.59      2.00     6   5.9172
#        1033       0.00886      4.49      2.00     5   5.9184
#        1035       0.00465     44.53      1.00     6   5.9197
#        1036       0.00728     13.04      2.00     6   5.9204
#        1037       0.00851     21.84      2.00     6   5.9207
#        1040       0.00900     11.87      2.00     6   5.9219
#        1041       0.00356      4.32      2.00     3   5.9225
#        1042       0.00863      4.68      2.00     5   5.9225
#        1046       0.00881      5.39      2.00     6   5.9247
#        1048       0.00504     28.52      1.00     6   5.9264
#        1050       0.01210      5.15      2.00     5   5.9287
#        1052       0.00939      6.05      2.00     6   5.9297
#        1054       0.00993     16.36      2.00     6   5.9325
#        1055       0.00888      5.47      2.00     6   5.9355
#        1056       0.00935      4.95      2.00     6   5.9355
#        1057       0.00991     71.46      2.00     7   5.9360
#        1058       0.00832     40.71      2.00     7   5.9360
#        1060       0.01607     55.05      2.00     7   5.9390
#        1061       0.01571     56.16      2.00     7   5.9390
#        1062       0.00704     21.28      2.00     4   5.9401
#        1064       0.01057     53.10      2.00     7   5.9407
#        1065       0.01089     57.05      2.00     7   5.9406
#        1066       0.00780     37.60      2.00     7   5.9406
#        1067       0.00862      7.20      2.00     6   5.9422
#        1068       0.00626      6.65      2.00     4   5.9435
#        1069       0.00881      9.22      2.00     6   5.9459
#        1070       0.00675     24.85      2.00     7   5.9462
#        1071       0.01410     11.90      2.00     7   5.9466
#        1072       0.00889      6.91      2.00     6   5.9470
#        1073       0.02202     10.49      2.00     7   5.9466
#        1074       0.01667     49.94      2.00     7   5.9470
#        1075       0.01659     50.85      2.00     7   5.9470
#        1076       0.00543     11.25      2.00     6   5.9494
#        1077       0.00966     95.51      2.00     7   5.9492
#        1079       0.00966      6.09      2.00     6   5.9503
#        1080       0.00921      5.84      2.00     6   5.9512
#        1081       0.00682     23.27      2.00     7   5.9513
#        1082       0.00708     15.23      2.00     7   5.9512
#        1083       0.01121      4.37      2.00     3   5.9527
#        1084       0.00645      7.50      2.00     4   5.9529
#        1085       0.01085      6.41      2.00     6   5.9530
#        1086       0.00657      4.89      2.00     5   5.9545
#        1088       0.00841      8.94      2.00     6   5.9546
#        1089       0.00591     24.14      2.00     5   5.9571
#        1090       0.01050     14.28      2.00     6   5.9567
#        1091       0.00623     22.53      2.00     7   5.9576
#        1092       0.01036     78.87      2.00     7   5.9575
#        1093       0.00733     13.21      2.00     5   5.9583
#        1094       0.00937      5.87      2.00     5   5.9585
#        1095       0.00998      6.54      2.00     6   5.9581
#        1098       0.01507     44.75      1.00     6   5.9587
#        1099       0.00911     15.42      2.00     6   5.9599
#        1100       0.01237      4.72      2.00     6   5.9611
#        1101       0.01050      4.29      2.00     5   5.9619
#        1103       0.01022      4.28      2.00     6   5.9617
#        1104       0.00648     17.83      2.00     7   5.9623
#        1106       0.00942     13.08      2.00     6   5.9656
#        1107       0.00359     28.76      2.00     5   5.9670
#        1108       0.00414      9.11      2.00     5   5.9707
#        1110       0.01267      5.93      2.00     4   5.9719
#        1112       0.00329      8.46      1.00     6   5.9727
#        1114       0.00802      8.62      2.00     6   5.9735
#        1115       0.00973     10.29      1.00     6   5.9732
#        1116       0.00855     24.71      2.00     7   5.9736
#        1117       0.01509    109.50      2.00     7   5.9736
#        1118       0.00981      5.11      2.00     3   5.9739
#        1119       0.00561     29.38      2.00     7   5.9742
#        1120       0.00754     18.51      2.00     7   5.9741
#        1121       0.00512     39.01      2.00     5   5.9766
#        1122       0.01095      5.01      2.00     5   5.9781
#        1123       0.00566     24.52      2.00     6   5.9779
#        1124       0.02667     16.51      2.00     7   5.9802
#        1128       0.00716      7.32      2.00     6   5.9821
#        1130       0.00448     14.58      2.00     4   5.9829
#        1131       0.01022     35.49      2.00     7   5.9838
#        1132       0.01513     75.93      2.00     7   5.9838
#        1133       0.00822     11.38      2.00     7   5.9847
#        1135       0.00927      6.87      2.00     6   5.9852
#        1138       0.00571      4.45      2.00     5   5.9876
#        1139       0.00883     16.26      2.00     6   5.9875
#        1140       0.01216      4.03      2.00     6   5.9877
#        1141       0.00444      7.60      2.00     5   5.9897
#        1142       0.00575     17.72      2.00     7   5.9907
#        1143       0.00849      7.10      2.00     5   5.9913
#        1144       0.00888      5.36      2.00     6   5.9918
#        1147       0.00821      9.47      2.00     6   5.9923
#        1148       0.01129     65.01      2.00     7   5.9928
#        1149       0.00858     38.00      2.00     7   5.9928
#        1150       0.01181      7.42      2.00     4   5.9931
#        1151       0.00904     12.89      2.00     6   5.9933
#        1152       0.00825      8.15      2.00     6   5.9938
#        1153       0.00983    140.40      2.00     7   5.9940
#        1154       0.00517     25.59      2.00     5   5.9945
#        1156       0.00963     44.49      2.00     7   5.9957
#        1157       0.00846     16.26      2.00     7   5.9959
#        1158       0.00968     27.98      2.00     7   5.9959
#        1159       0.01162     47.43      2.00     7   5.9956
#        1160       0.00978     20.59      2.00     7   5.9956
#        1161       0.01217     12.47      2.00     7   5.9957
#        1162       0.00882     12.53      2.00     7   5.9963
#        1164       0.00937     24.23      1.00     6   5.9971
#        1165       0.00774     22.23      2.00     7   5.9969
#        1166       0.01023      4.07      2.00     6   5.9979
#        1168       0.00857      9.83      2.00     5   6.0015
#        1169       0.02108      9.96      2.00     7   6.0017
#        1170       0.00869      9.70      2.00     7   6.0020
#        1171       0.00971     16.61      2.00     7   6.0020
#        1172       0.00885     18.51      2.00     6   6.0024
#        1173       0.00788     16.71      2.00     7   6.0021
#        1174       0.00757     28.78      2.00     7   6.0021
#        1175       0.01230      7.27      2.00     7   6.0024
#        1176       0.00812     13.03      2.00     6   6.0044
#        1177       0.00586     64.41      2.00     6   6.0052
#        1178       0.00787     14.99      2.00     7   6.0050
#        1179       0.01267     23.69      2.00     7   6.0050
#        1180       0.00967      6.56      2.00     6   6.0074
#        1181       0.00972    111.90      2.00     7   6.0076
#        1182       0.01715    117.00      2.00     7   6.0084
#        1184       0.00503     19.82      2.00     5   6.0097
#        1185       0.01088      6.20      2.00     6   6.0107
#        1186       0.01112      6.41      2.00     6   6.0107
#        1187       0.01043     53.13      2.00     6   6.0111
#        1188       0.01379      7.72      2.00     7   6.0110
#        1189       0.00962     10.35      2.00     4   6.0117
#        1190       0.00822      4.83      2.00     5   6.0122
#        1191       0.00573     31.63      2.00     6   6.0177
#        1192       0.00600     37.34      2.00     6   6.0177
#        1194       0.00359     25.67      2.00     5   6.0194
#        1195       0.01107     27.77      2.00     7   6.0190
#        1196       0.01760     59.99      2.00     7   6.0190
#        1199       0.00451      4.66      2.00     4   6.0204
#        1200       0.01351      4.47      2.00     6   6.0200
#        1201       0.01414      4.11      2.00     5   6.0207
#        1202       0.00966      4.45      2.00     6   6.0232
#        1203       0.00901     11.14      2.00     6   6.0234
#        1204       0.00569     19.73      2.00     7   6.0235
#        1205       0.00689      7.93      2.00     6   6.0242
#        1206       0.00609     10.77      2.00     6   6.0251
#        1207       0.00389      5.96      2.00     5   6.0256
#        1209       0.01159      6.13      2.00     6   6.0256
#        1213       0.00566      6.26      2.00     6   6.0288
#        1214       0.00885      9.43      2.00     6   6.0290
#        1215       0.00958     23.53      2.00     7   6.0292
#        1216       0.01083    102.10      2.00     7   6.0295
#        1217       0.01320     47.19      2.00     7   6.0292
#        1218       0.00866     18.27      2.00     6   6.0301
#        1219       0.01379     27.74      2.00     6   6.0303
#        1220       0.01022     14.75      2.00     5   6.0309
#        1222       0.01211     54.07      2.00     7   6.0304
#        1223       0.01084     16.21      2.00     7   6.0304
#        1224       0.00561      9.27      2.00     5   6.0313
#        1225       0.00619      8.14      2.00     5   6.0314
#        1227       0.00907     13.76      2.00     6   6.0326
#        1228       0.00520     49.42      2.00     6   6.0345
#        1229       0.00834     10.87      2.00     7   6.0354
#        1230       0.00514     20.67      2.00     7   6.0355
#        1231       0.00452     11.33      2.00     5   6.0360
#        1232       0.00443     17.41      2.00     5   6.0373
#        1235       0.00979     62.64      2.00     7   6.0385
#        1236       0.00330      4.19      2.00     4   6.0391
#        1237       0.00882      6.85      2.00     6   6.0394
#        1239       0.01043     87.77      2.00     7   6.0397
#        1241       0.00594     11.59      2.00     5   6.0407
#        1242       0.00879      8.50      2.00     6   6.0408
#        1243       0.00720     29.91      2.00     7   6.0406
#        1244       0.00855     17.19      2.00     6   6.0428
#        1245       0.00886     33.46      2.00     7   6.0437
#        1246       0.00773      6.19      2.00     7   6.0444
#        1247       0.00700     24.08      2.00     7   6.0444
#        1249       0.01327     11.59      2.00     7   6.0468
#        1250       0.01889     10.49      2.00     7   6.0468
#        1251       0.01252      7.35      2.00     7   6.0471
#        1252       0.00385     41.48      2.00     6   6.0480
#        1253       0.00914     25.09      2.00     7   6.0476
#        1254       0.00357     27.24      2.00     6   6.0486
#        1255       0.00885      9.20      2.00     6   6.0499
#        1256       0.00916     48.60      2.00     7   6.0500
#        1257       0.01175      9.23      2.00     7   6.0499
#        1258       0.01335     61.23      2.00     7   6.0507
#        1261       0.00637     15.87      2.00     7   6.0537
#        1262       0.00670      9.78      2.00     7   6.0543
#        1264       0.01017      5.20      2.00     6   6.0567
#        1266       0.00886      9.22      2.00     6   6.0573
#        1267       0.00768      7.73      2.00     7   6.0579
#        1268       0.01372     47.24      2.00     7   6.0589
#        1269       0.01348     48.44      2.00     7   6.0589
#        1271       0.00665     26.69      2.00     7   6.0602
#        1272       0.01263     28.79      2.00     7   6.0600
#        1273       0.01236     29.66      2.00     7   6.0600
#        1274       0.00958      4.94      2.00     5   6.0613
#        1275       0.00987      7.53      2.00     4   6.0620
#        1280       0.00787     44.17      2.00     7   6.0634
#        1283       0.01019      9.95      2.00     7   6.0634
#        1284       0.00726     11.78      2.00     5   6.0649
#        1285       0.00912      4.89      2.00     6   6.0665
#        1287       0.00879     23.26      2.00     7   6.0681
#        1288       0.00757     18.20      2.00     7   6.0682
#        1289       0.00983      4.25      2.00     6   6.0694
#        1290       0.01051      8.07      2.00     6   6.0703
#        1292       0.02605      4.37      2.00     7   6.0709
#        1293       0.04835      4.32      2.00     7   6.0709
#        1294       0.00866     33.22      2.00     7   6.0714
#        1295       0.00604      7.82      2.00     5   6.0734
#        1296       0.00538     18.82      2.00     7   6.0740
#        1298       0.00930      4.95      2.00     6   6.0749
#        1299       0.00885     26.49      2.00     7   6.0753
#        1300       0.00815      9.91      2.00     6   6.0773
#        1302       0.00819      8.10      2.00     6   6.0789
#        1306       0.01051      4.51      1.00     4   6.0832
#        1307       0.01249      4.68      2.00     4   6.0842
#        1308       0.01855     10.81      2.00     7   6.0844
#        1309       0.00945     18.88      2.00     7   6.0859
#        1311       0.00610     10.95      2.00     5   6.0864
#        1312       0.00876     45.42      2.00     7   6.0873
#        1313       0.01004      7.77      2.00     7   6.0868
#        1315       0.01038     13.70      2.00     6   6.0876
#        1316       0.00623     24.91      2.00     7   6.0876
#        1318       0.00936     26.28      2.00     7   6.0885
#        1319       0.00932     16.39      2.00     7   6.0888
#        1320       0.01126      9.36      2.00     6   6.0901
#        1321       0.00597     23.11      1.00     6   6.0908
#        1322       0.00962     19.42      2.00     7   6.0912
#        1323       0.01393      4.31      2.00     7   6.0927
#        1324       0.00898      6.85      2.00     6   6.0933
#        1325       0.02213     15.38      2.00     7   6.0946
#        1326       0.01801      4.42      2.00     7   6.0950
#        1327       0.02005      5.79      2.00     7   6.0950
#        1328       0.00904     11.33      2.00     7   6.0951
#        1329       0.00598      9.06      2.00     5   6.0958
#        1330       0.00596     20.89      2.00     7   6.0969
#        1331       0.01343     10.88      2.00     7   6.0976
#        1332       0.01916     10.11      2.00     7   6.0976
#        1333       0.00570      7.05      2.00     4   6.0993
#        1334       0.00984     16.56      2.00     5   6.0998
#        1336       0.00599      8.75      2.00     5   6.1032
#        1337       0.01599      6.91      2.00     5   6.1034
#        1338       0.00554     30.84      2.00     5   6.1067
#        1339       0.01033     49.49      2.00     7   6.1068
#        1340       0.01189     12.04      2.00     7   6.1068
#        1341       0.01049     20.85      2.00     7   6.1080
#        1342       0.01362      6.63      2.00     7   6.1078
#        1344       0.01353      7.50      2.00     6   6.1098
#        1346       0.01532      4.52      2.00     7   6.1104
#        1347       0.00569      6.31      2.00     4   6.1109
#        1350       0.01029      4.61      2.00     4   6.1139
#        1353       0.00920      5.97      2.00     6   6.1144
#        1354       0.00616     14.58      2.00     6   6.1147
#        1356       0.00840     11.70      2.00     6   6.1157
#        1357       0.01084     26.03      2.00     7   6.1162
#        1358       0.00948     18.24      2.00     7   6.1164
#        1361       0.00753     29.47      2.00     7   6.1184
#        1362       0.00666      9.10      2.00     6   6.1192
#        1363       0.00639     12.95      2.00     6   6.1191
#        1365       0.01030     19.16      2.00     7   6.1196
#        1366       0.01118     18.69      2.00     5   6.1210
#        1368       0.01278      5.88      2.00     6   6.1209
#        1369       0.01092      7.30      2.00     6   6.1230
#        1370       0.01361      5.54      2.00     5   6.1252
#        1371       0.01079    117.30      2.00     7   6.1253
#        1374       0.00586     13.65      2.00     5   6.1279
#        1379       0.01422      7.05      2.00     5   6.1331
#        1382       0.00380     36.07      2.00     6   6.1335
#        1383       0.00399     44.51      2.00     6   6.1335
#        1386       0.00905      8.94      2.00     7   6.1360
#        1387       0.00866      7.68      2.00     6   6.1366
#        1389       0.00603      8.24      2.00     5   6.1376
#        1390       0.00567     22.61      2.00     7   6.1393
#        1391       0.00571     10.12      2.00     5   6.1395
#        1392       0.00571     10.97      2.00     5   6.1406
#        1393       0.00746      6.28      2.00     6   6.1406
#        1394       0.00506     63.87      2.00     6   6.1432
#        1395       0.01079     24.33      2.00     7   6.1444
#        1396       0.01489     53.90      2.00     7   6.1444
#        1399       0.00571     71.90      2.00     7   6.1465
#        1401       0.01007     20.29      2.00     7   6.1472
#        1402       0.01490      7.90      2.00     7   6.1489
#        1403       0.00897      6.27      2.00     6   6.1493
#        1404       0.02077      7.37      2.00     7   6.1489
#        1408       0.01036      4.82      2.00     5   6.1508
#        1409       0.00896      8.60      2.00     6   6.1508
#        1411       0.00944     16.97      2.00     7   6.1517
#        1412       0.00739     18.03      2.00     7   6.1514
#        1413       0.02059      4.01      2.00     4   6.1521
#        1414       0.00588     12.89      2.00     5   6.1522
#        1415       0.00779     20.40      2.00     6   6.1527
#        1416       0.00711     10.93      2.00     7   6.1528
#        1418       0.01553      8.56      2.00     7   6.1553
#        1420       0.01018     13.77      2.00     7   6.1560
#        1422       0.00354      7.14      2.00     6   6.1568
#        1423       0.00877     23.50      2.00     7   6.1570
#        1425       0.00338      4.23      2.00     5   6.1579
#        1426       0.00891      5.88      2.00     6   6.1578
#        1428       0.01109     20.85      1.00     6   6.1588
#        1429       0.01013      7.46      2.00     6   6.1588
#        1431       0.00518     41.40      2.00     6   6.1610
#        1432       0.02005      5.62      2.00     5   6.1623
#        1433       0.01008     24.03      2.00     7   6.1635
#        1434       0.01501     83.90      2.00     7   6.1636
#        1435       0.01371      9.07      2.00     7   6.1636
#        1439       0.00926      4.14      2.00     6   6.1647
#        1440       0.00550     26.39      2.00     6   6.1648
#        1441       0.00609     14.97      2.00     6   6.1662
#        1445       0.00997      9.58      2.00     6   6.1678
#        1446       0.00628      8.56      2.00     6   6.1677
#        1447       0.00590     21.67      2.00     6   6.1692
#        1449       0.00568      8.07      1.00     6   6.1707
#        1451       0.00941      5.83      2.00     7   6.1714
#        1452       0.01384      6.57      1.00     6   6.1717
#        1453       0.00507    112.50      2.00     7   6.1718
#        1454       0.01249      6.88      2.00     5   6.1723
#        1455       0.01183      7.92      2.00     6   6.1729
#        1456       0.00627     16.55      2.00     6   6.1741
#        1457       0.01201     10.60      1.00     6   6.1741
#        1460       0.00549     11.08      1.00     6   6.1763
#        1461       0.00539     73.33      2.00     7   6.1773
#        1462       0.01080      7.66      2.00     6   6.1779
#        1463       0.00898     10.04      2.00     7   6.1779
#        1468       0.00438      6.55      2.00     5   6.1795
#        1469       0.00897     16.67      2.00     7   6.1794
#        1470       0.01376      6.11      2.00     7   6.1797
#        1471       0.00576     21.05      2.00     6   6.1808
#        1474       0.00891      8.65      2.00     7   6.1822
#        1475       0.00588     15.06      2.00     6   6.1835
#        1476       0.00894     14.33      2.00     7   6.1837
#        1477       0.01234     11.44      2.00     5   6.1854
#        1478       0.00874      5.40      2.00     6   6.1864
#        1479       0.00855      5.47      2.00     6   6.1864
#        1480       0.00766      8.68      2.00     7   6.1868
#        1481       0.00799     13.31      2.00     6   6.1869
#        1483       0.00377      6.56      2.00     4   6.1875
#        1485       0.00814      5.24      2.00     5   6.1907
#        1487       0.01734      4.32      2.00     7   6.1918
#        1488       0.01831      5.76      2.00     7   6.1918
#        1489       0.00804      5.43      2.00     6   6.1919
#        1490       0.01506      4.99      2.00     7   6.1919
#        1491       0.00989      8.61      2.00     5   6.1934
#        1492       0.01350      4.20      2.00     7   6.1943
#        1493       0.00422      6.42      2.00     4   6.1950
#        1497       0.01529      4.80      2.00     7   6.1984
#        1498       0.00810      4.67      2.00     5   6.1989
#        1499       0.00896     11.73      2.00     7   6.1991
#        1501       0.00894     17.72      2.00     7   6.2017
#        1502       0.00988      6.98      2.00     5   6.2020
#        1503       0.00932     10.46      2.00     7   6.2021
#        1506       0.01412      5.19      2.00     5   6.2043
#        1509       0.00374      4.45      2.00     5   6.2065
#        1510       0.01649      5.50      2.00     6   6.2076
#        1511       0.01194     12.63      2.00     6   6.2074
#        1512       0.01182      8.15      2.00     6   6.2088
#        1514       0.00881      6.82      2.00     7   6.2110
#        1516       0.01675      7.91      2.00     6   6.2129
#        1519       0.01282     24.56      2.00     6   6.2140
#        1521       0.01688      4.16      2.00     7   6.2162
#        1523       0.01922      9.93      2.00     7   6.2167
#        1527       0.01372      8.86      2.00     6   6.2218
#        1530       0.01005      9.25      2.00     5   6.2231
#        1531       0.00664      6.46      2.00     6   6.2246
#        1533       0.00663      9.38      2.00     5   6.2250
#        1534       0.00574      6.10      2.00     6   6.2255
#        1535       0.02462     12.19      2.00     7   6.2272
#        1537       0.01209      5.61      2.00     6   6.2279
#        1538       0.00625      7.40      2.00     6   6.2287
#        1539       0.01151      7.20      2.00     6   6.2290
#        1542       0.00398      6.26      2.00     5   6.2298
#        1543       0.01457      6.52      2.00     6   6.2301
#        1546       0.00986     18.21      2.00     6   6.2313
#        1547       0.01088      4.79      2.00     7   6.2319
#        1548       0.00348      5.80      2.00     4   6.2340
#        1553       0.00897     13.74      2.00     7   6.2384
#        1555       0.01349      6.61      2.00     6   6.2392
#        1561       0.01364      8.32      2.00     7   6.2419
#        1563       0.01340      4.93      2.00     6   6.2428
#        1564       0.00898      8.36      2.00     7   6.2439
#        1565       0.01763      4.06      2.00     7   6.2450
#        1567       0.01832      5.59      2.00     7   6.2450
#        1568       0.00914      9.64      2.00     7   6.2454
#        1569       0.01733      8.51      2.00     6   6.2455
#        1570       0.01467     16.69      2.00     6   6.2461
#        1571       0.00632      6.41      2.00     3   6.2473
#        1572       0.00551      9.04      2.00     5   6.2482
#        1576       0.02310     13.67      2.00     7   6.2492
#        1581       0.01658      4.34      2.00     6   6.2513
#        1583       0.01176     18.49      2.00     7   6.2524
#        1586       0.00570     84.90      2.00     7   6.2573
#        1587       0.01450      5.99      1.00     6   6.2586
#        1588       0.01709     19.68      2.00     7   6.2594
#        1589       0.00630      8.37      2.00     6   6.2606
#        1591       0.00917     18.84      2.00     6   6.2610
#        1592       0.00850      4.16      2.00     6   6.2610
#        1593       0.00842      4.58      2.00     6   6.2610
#        1594       0.01447      4.38      2.00     6   6.2616
#        1596       0.01132     12.78      2.00     6   6.2623
#        1597       0.03988      6.20      2.00     6   6.2630
#        1598       0.00916     19.01      2.00     7   6.2634
#        1599       0.01757     14.69      2.00     7   6.2631
#        1600       0.01535      5.03      2.00     5   6.2638
#        1602       0.00337     13.81      2.00     5   6.2650
#        1603       0.00902     10.26      2.00     7   6.2649
#        1604       0.00352      4.85      2.00     5   6.2660
#        1605       0.00652     21.42      2.00     6   6.2663
#        1607       0.00998      4.32      2.00     5   6.2707
#        1609       0.02469      4.19      2.00     5   6.2718
#        1612       0.01345      5.75      2.00     6   6.2717
#        1613       0.02536      6.79      2.00     6   6.2724
#        1614       0.00680     12.65      2.00     6   6.2728
#        1615       0.01027     25.15      2.00     7   6.2737
#        1616       0.00973      7.55      2.00     7   6.2741
#        1617       0.00230      5.15      1.00     2   6.2749
#        1620       0.00993      8.51      2.00     7   6.2755
#        1621       0.01507      4.16      2.00     6   6.2763
#        1623       0.00221     11.79      2.00     3   6.2772
#        1624       0.23797      4.08      2.00     4   6.2773
#        1625       0.00215      7.08      1.00     4   6.2795
#        1626       0.01231      6.83      2.00     6   6.2796
#        1630       0.00865     13.88      2.00     7   6.2822
#        1631       0.00397      7.96      2.00     5   6.2828
#        1633       0.00962      8.64      2.00     7   6.2834
#        1637       0.01572      6.61      2.00     6   6.2849
#        1638       0.00939      6.23      2.00     7   6.2859
#        1639       0.01440      7.28      2.00     6   6.2903
#        1641       0.01930      4.22      2.00     5   6.2925
#        1643       0.00622      4.59      2.00     5   6.2948
#        1645       0.00986      4.14      2.00     6   6.2957
#        1646       0.01755     12.23      2.00     7   6.2965
#        1648       0.00555      7.32      2.00     6   6.2995
#        1649       0.00954      8.47      2.00     7   6.2993
#        1651       0.00722     39.58      2.00     7   6.2995
#        1652       0.01777     20.61      2.00     7   6.2999
#        1653       0.00470     57.87      2.00     7   6.3001
#        1655       0.00441      4.68      2.00     4   6.3016
#        1659       0.01147      7.19      2.00     6   6.3020
#        1661       0.01416      5.90      2.00     6   6.3036
#        1662       0.00876      8.40      2.00     7   6.3032
#        1666       0.00928      4.45      2.00     7   6.3057
#        1667       0.00918      7.71      2.00     7   6.3060
#        1669       0.00614      8.00      2.00     4   6.3071
#        1670       0.00429      7.46      2.00     5   6.3070
#        1671       0.00762      5.78      2.00     7   6.3071
#        1672       0.01069      5.61      2.00     7   6.3075
#        1673       0.01421     12.89      2.00     7   6.3079
#        1674       0.01254      9.04      2.00     7   6.3074
#        1675       0.00527      8.18      2.00     4   6.3084
#        1678       0.02521      4.51      2.00     5   6.3094
#        1680       0.01268      4.65      2.00     4   6.3100
#        1682       0.00820      5.44      2.00     7   6.3105
#        1683       0.00404      8.05      2.00     4   6.3112
#        1684       0.00638      6.59      2.00     6   6.3111
#        1686       0.01020      7.54      2.00     6   6.3126
#        1687       0.01037      5.60      2.00     7   6.3131
#        1688       0.01014      4.44      2.00     7   6.3138
#        1689       0.00922      7.75      2.00     5   6.3142
#        1692       0.01024      4.00      2.00     6   6.3183
#        1693       0.01027      4.61      2.00     6   6.3185
#        1694       0.00688     12.57      2.00     6   6.3192
#        1695       0.01215     32.71      2.00     7   6.3194
#        1696       0.00657      4.51      2.00     4   6.3200
#        1697       0.00395     14.21      2.00     6   6.3205
#        1698       0.01406      4.38      2.00     6   6.3213
#        1699       0.00885      8.04      2.00     7   6.3212
#        1700       0.01764     12.32      2.00     7   6.3209
#        1702       0.01015     11.35      2.00     6   6.3228
#        1703       0.00726      6.07      2.00     6   6.3236
#        1705       0.00482      4.55      2.00     6   6.3251
#        1709       0.01697     10.74      2.00     7   6.3269
#        1712       0.02572      4.71      1.00     6   6.3276
#        1716       0.00519      5.47      2.00     4   6.3291
#        1718       0.01008      5.78      2.00     6   6.3295
#        1720       0.00876      6.95      2.00     7   6.3297
#        1721       0.01085      4.01      2.00     6   6.3303
#        1726       0.01597     16.40      2.00     7   6.3314
#        1731       0.01052      8.78      2.00     6   6.3334
#        1734       0.00948      4.15      2.00     6   6.3334
#        1735       0.01094     12.18      2.00     6   6.3334
#        1739       0.00336     10.60      2.00     5   6.3353
#        1740       0.00999      7.32      2.00     7   6.3352
#        1741       0.01059      7.02      2.00     6   6.3357
#        1742       0.00760      4.18      2.00     6   6.3362
#        1744       0.01082      4.59      2.00     5   6.3370
#        1745       0.00397      8.34      2.00     5   6.3379
#        1746       0.00436      5.04      2.00     5   6.3380
#        1747       0.00446      5.18      2.00     5   6.3389
#        1751       0.00444     13.67      2.00     5   6.3398
#        1753       0.00508      4.40      2.00     6   6.3410
#        1754       0.01203     17.20      2.00     7   6.3410
#        1755       0.01103     12.12      2.00     7   6.3410
#        1756       0.00413      7.54      2.00     4   6.3427
#        1758       0.00816     14.51      2.00     6   6.3435
#        1759       0.00501     17.48      2.00     5   6.3449
#        1762       0.01480     17.57      2.00     7   6.3447
#        1763       0.00506      7.43      2.00     5   6.3460
#        1764       0.00583     13.38      2.00     5   6.3466
#        1765       0.01008      9.58      2.00     6   6.3463
#        1766       0.00779     13.20      2.00     6   6.3467
#        1767       0.00509      4.78      2.00     4   6.3475
#        1770       0.00743      4.67      2.00     5   6.3494
#        1771       0.00804      8.21      2.00     6   6.3498
#        1772       0.00909     20.00      2.00     7   6.3502
#        1773       0.01165     13.58      2.00     7   6.3503
#        1774       0.00967     11.62      2.00     7   6.3508
#        1775       0.02082     12.09      2.00     7   6.3508
#        1779       0.00382     11.77      2.00     5   6.3536
#        1780       0.01333      4.58      2.00     6   6.3535
#        1782       0.01689     11.72      2.00     7   6.3539
#        1783       0.01239     12.73      2.00     7   6.3539
#        1784       0.00398     12.21      2.00     5   6.3547
#        1787       0.01312      6.55      2.00     5   6.3577
#        1788       0.00659      4.00      2.00     6   6.3582
#        1789       0.00999      7.53      2.00     6   6.3579
#        1790       0.01391     10.27      2.00     7   6.3594
#        1791       0.00546      7.42      2.00     6   6.3593
#        1792       0.00411      4.67      2.00     4   6.3605
#        1794       0.00547     15.58      2.00     7   6.3608
#        1797       0.01146     18.44      2.00     7   6.3625
#        1798       0.00535     11.54      2.00     5   6.3628
#        1801       0.01038      4.85      1.00     6   6.3631
#        1806       0.01029     16.12      2.00     7   6.3641
#        1808       0.01055      7.74      2.00     6   6.3656
#        1809       0.01219      9.98      2.00     7   6.3656
#        1814       0.00604     13.00      2.00     6   6.3683
#        1815       0.01439     10.65      2.00     7   6.3678
#        1817       0.01558     10.26      2.00     7   6.3685
#        1818       0.00579     17.66      2.00     5   6.3703
#        1819       0.00433     12.26      2.00     5   6.3713
#        1820       0.01311      8.17      2.00     7   6.3711
#        1821       0.01144     16.03      2.00     6   6.3715
#        1822       0.01312      9.69      2.00     7   6.3718
#        1823       0.00734      6.74      2.00     6   6.3730
#        1824       0.00965      4.98      2.00     7   6.3725
#        1825       0.00529     30.68      2.00     6   6.3735
#        1826       0.01116      6.42      2.00     6   6.3734
#        1828       0.00673      4.27      2.00     5   6.3737
#        1830       0.00514      5.85      2.00     5   6.3743
#        1831       0.00476      8.50      2.00     7   6.3743
#        1832       0.00631      8.22      2.00     5   6.3768
#        1833       0.01414     10.25      2.00     6   6.3768
#        1834       0.00548     20.22      2.00     6   6.3770
#        1835       0.00453     10.83      2.00     6   6.3786
#        1839       0.00936      6.06      2.00     5   6.3803
#        1840       0.00606     12.33      2.00     5   6.3806
#        1842       0.00402     10.42      2.00     5   6.3840
#        1843       0.01155      9.71      2.00     6   6.3839
#        1844       0.00749     22.50      2.00     7   6.3837
#        1846       0.00404      5.97      2.00     5   6.3871
#        1847       0.01285      4.89      2.00     5   6.3885
#        1848       0.01000     23.07      2.00     7   6.3884
#        1849       0.00427      5.15      2.00     6   6.3889
#        1850       0.00699      5.87      2.00     6   6.3892
#        1852       0.01156     27.96      2.00     7   6.3899
#        1853       0.00393     14.84      2.00     6   6.3912
#        1854       0.00660     13.75      2.00     6   6.3916
#        1855       0.00527      5.98      2.00     4   6.3922
#        1858       0.00553      9.74      2.00     5   6.3931
#        1860       0.01496      4.11      2.00     5   6.3939
#        1861       0.00448      9.45      2.00     6   6.3948
#        1862       0.01226     24.63      2.00     7   6.3946
#        1863       0.00625      7.12      2.00     5   6.3953
#        1865       0.00596      4.50      2.00     5   6.3966
#        1866       0.00599      4.47      2.00     5   6.3966
#        1867       0.01524      4.59      2.00     6   6.3973
#        1869       0.00690     16.30      2.00     7   6.3978
#        1870       0.00680      8.31      2.00     6   6.3983
#        1871       0.01047     19.01      2.00     7   6.3986
#        1872       0.00968     13.92      2.00     7   6.3986
#        1873       0.01389      8.41      2.00     7   6.3989
#        1874       0.00438      6.08      2.00     7   6.3995
#        1875       0.01155     34.57      2.00     7   6.4001
#        1876       0.01099      4.21      2.00     4   6.4008
#        1877       0.01601     11.84      2.00     7   6.4008
#        1878       0.01039     16.37      2.00     7   6.4016
#        1880       0.00417      6.67      2.00     5   6.4018
#        1883       0.00714     14.34      2.00     7   6.4020
#        1884       0.00972     12.17      2.00     6   6.4023
#        1885       0.01391      7.08      2.00     7   6.4049
#        1886       0.01096      4.66      2.00     6   6.4054
#        1887       0.01298     25.62      2.00     7   6.4051
#        1890       0.00993      4.72      2.00     5   6.4072
#        1891       0.00552      4.54      2.00     6   6.4070
#        1892       0.00424     19.51      2.00     6   6.4073
#        1893       0.01108     15.77      2.00     7   6.4077
#        1894       0.00794      9.55      2.00     6   6.4074
#        1895       0.00619     19.36      2.00     6   6.4078
#        1896       0.01371     10.81      2.00     7   6.4079
#        1897       0.00449     22.68      2.00     7   6.4083
#        1898       0.01030     30.66      2.00     7   6.4088
#        1899       0.00716      4.37      2.00     4   6.4099
#        1900       0.00369      4.11      2.00     5   6.4109
#        1901       0.00998      4.46      2.00     5   6.4110
#        1904       0.00581     19.84      2.00     7   6.4116
#        1905       0.00387     17.93      2.00     6   6.4126
#        1906       0.00567      4.34      2.00     5   6.4131
#        1907       0.01226      5.07      2.00     5   6.4129
#        1908       0.00802      4.41      2.00     4   6.4138
#        1909       0.00651      6.60      2.00     4   6.4139
#        1913       0.01940      5.99      2.00     7   6.4169
#        1917       0.00630      5.14      2.00     5   6.4185
#        1919       0.00420      6.34      2.00     5   6.4191
#        1920       0.00596     10.83      2.00     6   6.4193
#        1922       0.01046     15.87      2.00     6   6.4235
#        1927       0.00531     28.95      2.00     6   6.4240
#        1928       0.00490      9.09      2.00     5   6.4254
#        1929       0.00379     12.27      2.00     6   6.4256
#        1933       0.01185      7.24      2.00     6   6.4285
#        1934       0.00424     15.79      2.00     5   6.4287
#        1935       0.01369      6.11      2.00     7   6.4289
#        1938       0.01564      6.93      2.00     6   6.4303
#        1940       0.01359      6.61      2.00     7   6.4314
#        1941       0.00854     26.77      2.00     7   6.4312
#        1942       0.00564     12.64      2.00     6   6.4320
#        1944       0.00685     31.38      2.00     7   6.4329
#        1945       0.00546     25.36      2.00     7   6.4331
#        1946       0.00889      5.01      2.00     6   6.4337
#        1947       0.00724     24.04      2.00     7   6.4344
#        1948       0.01438      5.69      2.00     7   6.4353
#        1950       0.01057      5.58      2.00     6   6.4363
#        1951       0.00418      6.55      2.00     5   6.4385
#        1953       0.00613     18.55      2.00     7   6.4391
#        1955       0.01989     15.05      2.00     7   6.4389
#        1959       0.01222      5.07      2.00     5   6.4412
#        1960       0.00438     18.22      2.00     6   6.4413
#        1963       0.00777      5.90      2.00     5   6.4439
#        1964       0.01662     11.98      2.00     7   6.4439
#        1965       0.01125      4.13      2.00     5   6.4444
#        1966       0.01121      4.09      2.00     5   6.4444
#        1967       0.00985      5.64      2.00     7   6.4453
#        1968       0.02102      6.92      2.00     3   6.4463
#        1971       0.00458      9.69      2.00     5   6.4466
#        1972       0.00857     15.97      2.00     7   6.4467
#        1973       0.00919      6.38      2.00     6   6.4471
#        1974       0.00607     13.13      2.00     7   6.4470
#        1975       0.01009     11.10      2.00     7   6.4477
#        1977       0.01432      8.64      2.00     4   6.4486
#        1978       0.01134      9.63      2.00     7   6.4487
#        1979       0.01403     16.34      2.00     6   6.4493
#        1981       0.00894      6.59      2.00     7   6.4503
#        1983       0.01262     24.66      2.00     7   6.4521
#        1984       0.00394      7.29      2.00     5   6.4526
#        1986       0.00941     10.50      2.00     6   6.4537
#        1988       0.00749      7.01      2.00     3   6.4546
#        1989       0.01296     11.50      2.00     7   6.4547
#        1992       0.00730      8.92      2.00     4   6.4569
#        1993       0.00393      7.91      2.00     5   6.4568
#        1994       0.00461     27.92      2.00     6   6.4573
#        1995       0.00538     26.54      2.00     6   6.4581
#        1996       0.00690     10.75      2.00     6   6.4585
#        1997       0.01035     14.10      2.00     7   6.4583
#        1998       0.01102     10.92      2.00     7   6.4584
#        2000       0.00546     23.65      2.00     6   6.4590
#        2001       0.00885     14.40      2.00     7   6.4589
#        2004       0.00561     21.94      2.00     7   6.4606
#        2005       0.00807      4.24      2.00     7   6.4613
#        2006       0.00824      4.17      2.00     7   6.4613
#        2007       0.01283      5.85      2.00     7   6.4613
#        2008       0.01030     34.45      2.00     7   6.4613
#        2009       0.01008      5.95      2.00     7   6.4613
#        2010       0.02060     11.86      2.00     7   6.4611
#        2011       0.01426     11.01      2.00     7   6.4611
#        2012       0.00899      4.72      2.00     7   6.4615
#        2013       0.00782      6.21      2.00     5   6.4615
#        2015       0.00709     17.09      2.00     7   6.4621
#        2018       0.00977      4.29      2.00     5   6.4641
#        2019       0.01164      9.54      2.00     6   6.4653
#        2021       0.01245     25.41      2.00     7   6.4661
#        2024       0.00382     14.73      2.00     6   6.4667
#        2025       0.01370      4.21      2.00     4   6.4680
#        2026       0.01269      5.00      2.00     6   6.4680
#        2027       0.00535      5.86      2.00     5   6.4681
#        2028       0.01432      4.53      2.00     7   6.4678
#        2029       0.01298      7.06      2.00     6   6.4689
#        2031       0.01324      5.51      1.00     6   6.4697
#        2033       0.00927     22.80      2.00     7   6.4697
#        2035       0.01159     14.59      2.00     7   6.4716
#        2037       0.00695     10.41      2.00     5   6.4737
#        2038       0.00797      7.98      2.00     7   6.4738
#        2039       0.00575      5.04      2.00     6   6.4752
#        2045       0.01661     12.89      2.00     7   6.4764
#        2046       0.00618     14.19      2.00     6   6.4767
#        2047       0.01508      4.32      2.00     6   6.4769
#        2048       0.01044     10.27      2.00     6   6.4767
#        2049       0.00655     15.03      2.00     6   6.4774
#        2050       0.00676      8.67      2.00     7   6.4776
#        2051       0.00883      4.88      2.00     5   6.4782
#        2053       0.01453     32.88      2.00     7   6.4779
#        2054       0.00624      4.88      2.00     5   6.4788
#        2057       0.01395      4.40      2.00     5   6.4803
#        2059       0.00422     30.31      2.00     7   6.4803
#        2066       0.01817      4.74      2.00     7   6.4817
#        2068       0.01822      6.63      2.00     7   6.4817
#        2070       0.00976     25.47      2.00     6   6.4823
#        2071       0.01259      4.61      2.00     5   6.4826
#        2072       0.01269      4.56      2.00     5   6.4826
#        2073       0.00971      5.09      2.00     5   6.4825
#        2075       0.00969      8.64      2.00     6   6.4839
#        2077       0.00683      6.04      2.00     5   6.4850
#        2079       0.00777      8.35      2.00     7   6.4856
#        2080       0.00523      8.40      2.00     4   6.4862
#        2081       0.00671      4.62      2.00     5   6.4866
#        2082       0.00679      4.72      2.00     5   6.4866
#        2083       0.01119      5.90      2.00     6   6.4863
#        2084       0.01068      5.37      2.00     6   6.4863
#        2085       0.01405      5.43      2.00     5   6.4875
#        2089       0.01058      5.22      2.00     5   6.4890
#        2091       0.01006     12.00      2.00     7   6.4891
#        2094       0.00739      5.75      2.00     6   6.4902
#        2096       0.01317      6.87      2.00     6   6.4908
#        2097       0.01065      6.63      2.00     6   6.4907
#        2098       0.00615      5.37      2.00     5   6.4917
#        2100       0.01397      4.09      2.00     7   6.4914
#        2103       0.00961      7.56      2.00     6   6.4927
#        2104       0.00966      4.68      2.00     6   6.4944
#        2106       0.00561     16.07      2.00     5   6.4945
#        2108       0.00698      7.86      2.00     6   6.4961
#        2109       0.01045      6.05      2.00     6   6.4959
#        2110       0.02592      4.59      2.00     7   6.4958
#        2112       0.00649     22.92      2.00     7   6.4972
#        2113       0.00560     12.54      2.00     5   6.4973
#        2114       0.01175      6.12      2.00     5   6.4976
#        2115       0.01439      5.24      2.00     5   6.4975
#        2116       0.00382     18.56      2.00     6   6.4976
#        2117       0.00402     11.18      2.00     6   6.4981
#        2118       0.00976      5.61      2.00     7   6.4984
#        2121       0.00490      5.10      2.00     5   6.4996
#        2122       0.00575      9.03      2.00     5   6.5006
#        2123       0.00913      7.04      2.00     6   6.5007
#        2124       0.01296      8.18      2.00     6   6.5005
#        2125       0.01166      7.12      2.00     6   6.5007
#        2126       0.01959      6.83      2.00     7   6.5007
#        2129       0.00646     12.99      2.00     6   6.5018
#        2130       0.01417      5.41      2.00     6   6.5020
#        2133       0.01316      5.76      2.00     5   6.5033
#        2134       0.00752     33.04      2.00     7   6.5032
#        2135       0.00469      8.19      2.00     5   6.5049
#        2137       0.00944      4.91      2.00     6   6.5049
#        2138       0.00733     13.06      2.00     6   6.5048
#        2139       0.01054      4.34      2.00     7   6.5054
#        2140       0.00413     13.38      2.00     6   6.5051
#        2141       0.00684      4.35      2.00     6   6.5050
#        2142       0.00657     24.15      2.00     7   6.5053
#        2143       0.01059     15.26      2.00     7   6.5053
#        2146       0.01142     15.54      2.00     7   6.5066
#        2148       0.00610      6.28      2.00     7   6.5075
#        2150       0.00643      9.07      2.00     6   6.5086
#        2151       0.00610     14.80      2.00     7   6.5085
#        2152       0.01295     10.67      2.00     7   6.5093
#        2153       0.01280     10.42      2.00     7   6.5097
#        2154       0.01503      4.59      1.00     2   6.5103
#        2158       0.02252     21.32      2.00     7   6.5111
#        2159       0.00637      6.26      2.00     7   6.5112
#        2161       0.00806      6.53      2.00     5   6.5128
#        2162       0.00728     11.00      2.00     5   6.5131
#        2163       0.00788     23.85      2.00     6   6.5131
#        2164       0.01207      7.93      2.00     6   6.5133
#        2165       0.00850      5.54      2.00     6   6.5133
#        2166       0.00563     10.00      2.00     6   6.5133
#        2169       0.00409     10.05      2.00     6   6.5138
#        2171       0.01407      4.52      2.00     7   6.5139
#        2172       0.01193      7.61      2.00     5   6.5146
#        2175       0.00525      8.36      2.00     5   6.5152
#        2176       0.01578      6.40      2.00     6   6.5159
#        2177       0.01545      4.95      2.00     6   6.5159
#        2178       0.01342     24.39      2.00     7   6.5168
#        2179       0.00486      5.71      2.00     6   6.5188
#        2180       0.00770     25.14      2.00     7   6.5186
#        2181       0.01055      5.86      2.00     7   6.5188
#        2182       0.01110      5.04      2.00     7   6.5186
#        2183       0.01005      4.91      2.00     7   6.5191
#        2184       0.00932     15.82      2.00     7   6.5193
#        2187       0.00383     21.97      2.00     6   6.5213
#        2189       0.00878      5.45      2.00     6   6.5212
#        2190       0.01719      5.80      2.00     6   6.5212
#        2191       0.00630      5.37      2.00     5   6.5219
#        2192       0.01028      4.49      2.00     6   6.5216
#        2193       0.01064     21.23      2.00     7   6.5225
#        2194       0.00516     17.81      2.00     5   6.5227
#        2196       0.01661      7.77      2.00     6   6.5239
#        2198       0.03296     10.33      2.00     7   6.5245
#        2199       0.01059     10.64      2.00     7   6.5245
#        2200       0.00807     16.86      2.00     7   6.5247
#        2201       0.01127     14.75      2.00     7   6.5252
#        2205       0.00544     21.42      2.00     6   6.5259
#        2206       0.01046      4.67      2.00     5   6.5273
#        2207       0.01051      4.66      2.00     5   6.5273
#        2208       0.01267     18.90      2.00     7   6.5273
#        2209       0.00553     14.82      2.00     5   6.5275
#        2210       0.01645      5.53      2.00     5   6.5292
#        2211       0.01145      4.63      2.00     5   6.5299
#        2212       0.00351     18.29      2.00     6   6.5300
#        2213       0.00709      8.78      2.00     6   6.5300
#        2214       0.00532     35.19      2.00     6   6.5310
#        2215       0.01085      4.66      2.00     6   6.5311
#        2216       0.01089      5.01      2.00     6   6.5311
#        2219       0.01149      5.72      2.00     7   6.5317
#        2220       0.01380      6.50      2.00     6   6.5322
#        2221       0.01323      4.59      1.00     6   6.5319
#        2223       0.00558      5.61      2.00     5   6.5326
#        2225       0.01037     13.16      2.00     7   6.5331
#        2226       0.01167     13.85      2.00     7   6.5331
#        2227       0.01059      4.63      2.00     7   6.5334
#        2228       0.00872     19.24      2.00     7   6.5340
#        2230       0.00926      4.60      2.00     7   6.5336
#        2232       0.01123     14.88      2.00     7   6.5337
#        2233       0.00629     13.82      2.00     7   6.5337
#        2234       0.01515      8.34      2.00     7   6.5336
#        2236       0.01332     10.16      2.00     7   6.5341
#        2237       0.00636      7.70      2.00     5   6.5349
#        2239       0.01009     12.25      2.00     6   6.5355
#        2240       0.00774     20.46      2.00     7   6.5359
#        2241       0.00954      7.00      2.00     5   6.5357
#  1667/2000 paths used
#  xsedge+50, used to normalize mu           1.0000E+00
#  -----------------------------------------------------------------------
#  omega    e    k    mu    mu0     chi     @#
    9726.236   -204.981  -7.200 -1.91462E-06 -2.42714E-06  2.51670E-06
    9728.970   -202.247  -7.150 -4.81301E-06 -5.43143E-06  2.60264E-06
    9731.684   -199.533  -7.100 -7.71140E-06 -8.43571E-06  2.68110E-06
    9734.380   -196.837  -7.050 -1.06098E-05 -1.14400E-05  2.75534E-06
    9737.057   -194.160  -7.000 -1.35082E-05 -1.44443E-05  2.83253E-06
    9739.714   -191.503  -6.950 -1.64066E-05 -1.74486E-05  2.91896E-06
    9742.352   -188.865  -6.900 -1.93050E-05 -2.04529E-05  3.01567E-06
    9744.972   -186.245  -6.850 -2.20116E-05 -2.33813E-05  3.13845E-06
    9747.572   -183.645  -6.800 -2.45012E-05 -2.62237E-05  3.28400E-06
    9750.153   -181.064  -6.750 -2.69908E-05 -2.90662E-05  3.42413E-06
    9752.716   -178.501  -6.700 -2.94804E-05 -3.19087E-05  3.55870E-06
    9755.259   -175.958  -6.650 -3.19700E-05 -3.47512E-05  3.69285E-06
    9757.783   -173.434  -6.600 -3.44595E-05 -3.75936E-05  3.83405E-06
    9760.288   -170.929  -6.550 -3.69491E-05 -4.04361E-05  3.98753E-06
    9762.774   -168.443  -6.500 -3.94387E-05 -4.32786E-05  4.15290E-06
    9765.241   -165.976  -6.450 -4.11413E-05 -4.60152E-05  4.36672E-06
    9767.689   -163.528  -6.400 -4.23345E-05 -4.86833E-05  4.60930E-06
    9770.118   -161.099  -6.350 -4.35276E-05 -5.13515E-05  4.84874E-06
    9772.528   -158.689  -6.300 -4.47207E-05 -5.40196E-05  5.08484E-06
    9774.918   -156.299  -6.250 -4.59138E-05 -5.66877E-05  5.32270E-06
    9777.290   -153.927  -6.200 -4.71069E-05 -5.93558E-05  5.57016E-06
    9779.643   -151.574  -6.150 -4.83000E-05 -6.20240E-05  5.83352E-06
    9781.976   -149.241  -6.100 -4.94931E-05 -6.46921E-05  6.11388E-06
    9784.291   -146.926  -6.050 -4.86891E-05 -6.73160E-05  6.46938E-06
    9786.586   -144.631  -6.000 -4.14280E-05 -6.97971E-05  7.04375E-06
    9788.863   -142.354  -5.950 -3.41669E-05 -7.22782E-05  7.63262E-06
    9791.120   -140.097  -5.900 -2.69059E-05 -7.47594E-05  8.23270E-06
    9793.359   -137.858  -5.850 -1.96448E-05 -7.72405E-05  8.84620E-06
    9795.578   -135.639  -5.800 -1.23837E-05 -7.97216E-05  9.48026E-06
    9797.778   -133.439  -5.750 -5.12263E-06 -8.22027E-05  1.01437E-05
    9799.959   -131.258  -5.700  2.13844E-06 -8.46838E-05  1.08428E-05
    9802.122   -129.095  -5.650  9.39952E-06 -8.71649E-05  1.15778E-05
    9804.265   -126.952  -5.600  1.18714E-04 -8.95967E-05  1.33216E-05
    9806.389   -124.828  -5.550  5.46050E-04 -9.18748E-05  1.85005E-05
    9808.494   -122.723  -5.500  9.73386E-04 -9.41530E-05  2.42659E-05
    9810.580   -120.637  -5.450  1.40072E-03 -9.64311E-05  3.05973E-05
    9812.647   -118.570  -5.400  1.82806E-03 -9.87093E-05  3.74812E-05
    9814.695   -116.522  -5.350  2.25540E-03 -1.00987E-04  4.49118E-05
    9816.723   -114.494  -5.300  2.68273E-03 -1.03266E-04  5.28876E-05
    9818.733   -112.484  -5.250  3.11007E-03 -1.05544E-04  6.14034E-05
    9820.724   -110.493  -5.200  3.53740E-03 -1.07822E-04  7.04433E-05
    9822.695   -108.522  -5.150  3.96474E-03 -1.10100E-04  7.99770E-05
    9824.648   -106.569  -5.100  4.10044E-03 -1.12274E-04  8.14378E-05
    9826.582   -104.635  -5.050  3.89833E-03 -1.14328E-04  7.29680E-05
    9828.496   -102.721  -5.000  3.69622E-03 -1.16382E-04  6.42764E-05
    9830.392   -100.825  -4.950  3.49410E-03 -1.18436E-04  5.53837E-05
    9832.268    -98.949  -4.900  3.29199E-03 -1.20490E-04  4.63180E-05
    9834.125    -97.092  -4.850  3.08988E-03 -1.22545E-04  3.71139E-05
    9835.964    -95.253  -4.800  2.88777E-03 -1.24599E-04  2.78101E-05
    9837.783    -93.434  -4.750  2.68565E-03 -1.26653E-04  1.84451E-05
    9839.583    -91.634  -4.700  2.48354E-03 -1.28707E-04  9.05391E-06
    9841.364    -89.853  -4.650  2.28143E-03 -1.30761E-04 -3.35829E-07
    9843.127    -88.090  -4.600  2.07932E-03 -1.32815E-04 -9.70449E-06
    9844.870    -86.347  -4.550  1.93364E-03 -1.34705E-04 -1.28214E-05
    9846.594    -84.623  -4.500  1.81890E-03 -1.36504E-04 -1.22558E-05
    9848.299    -82.918  -4.450  1.70415E-03 -1.38304E-04 -1.13962E-05
    9849.984    -81.233  -4.400  1.58941E-03 -1.40104E-04 -1.02815E-05
    9851.651    -79.566  -4.350  1.47466E-03 -1.41904E-04 -8.94069E-06
    9853.299    -77.918  -4.300  1.35992E-03 -1.43703E-04 -7.37905E-06
    9854.928    -76.289  -4.250  1.24517E-03 -1.45503E-04 -5.57285E-06
    9856.538    -74.679  -4.200  1.13042E-03 -1.47303E-04 -3.47297E-06
    9858.128    -73.089  -4.150  1.01568E-03 -1.49103E-04 -1.01814E-06
    9859.700    -71.517  -4.100  9.00935E-04 -1.50902E-04  1.84607E-06
    9861.253    -69.964  -4.050  7.86190E-04 -1.52702E-04  5.14810E-06
    9862.786    -68.431  -4.000  6.71445E-04 -1.54502E-04  8.87759E-06
    9864.300    -66.917  -3.950  5.97233E-04 -1.56190E-04  5.89648E-05
    9865.796    -65.421  -3.900  5.92709E-04 -1.57686E-04  1.99264E-04
    9867.272    -63.945  -3.850  5.88185E-04 -1.59182E-04  3.30079E-04
    9868.730    -62.487  -3.800  5.83661E-04 -1.60678E-04  4.17146E-04
    9870.168    -61.049  -3.750  5.79137E-04 -1.62174E-04  4.31445E-04
    9871.587    -59.630  -3.700  5.74613E-04 -1.63670E-04  3.57067E-04
    9872.987    -58.230  -3.650  5.70089E-04 -1.65166E-04  1.96721E-04
    9874.368    -56.849  -3.600  5.65565E-04 -1.66662E-04 -2.65971E-05
    9875.730    -55.487  -3.550  5.61041E-04 -1.68158E-04 -2.72516E-04
    9877.073    -54.144  -3.500  5.56517E-04 -1.69654E-04 -4.90473E-04
    9878.397    -52.820  -3.450  5.51993E-04 -1.71150E-04 -6.29908E-04
    9879.702    -51.515  -3.400  5.47469E-04 -1.72646E-04 -6.51416E-04
    9880.988    -50.229  -3.350  5.42945E-04 -1.74143E-04 -5.36461E-04
    9882.255    -48.962  -3.300  5.38421E-04 -1.75639E-04 -2.93403E-04
    9883.503    -47.714  -3.250  5.33897E-04 -1.77135E-04  4.17692E-05
    9884.732    -46.485  -3.200  5.38391E-04 -1.78297E-04  8.67431E-04
    9885.941    -45.276  -3.150  5.45091E-04 -1.79379E-04  2.37753E-03
    9887.132    -44.085  -3.100  5.51792E-04 -1.80460E-04  4.17117E-03
    9888.303    -42.914  -3.050  5.58492E-04 -1.81541E-04  5.79457E-03
    9889.456    -41.761  -3.000  5.65192E-04 -1.82623E-04  6.81190E-03
    9890.589    -40.628  -2.950  5.71892E-04 -1.83704E-04  6.88782E-03
    9891.704    -39.513  -2.900  5.78592E-04 -1.84785E-04  5.83164E-03
    9892.799    -38.418  -2.850  5.85292E-04 -1.85867E-04  3.60740E-03
    9893.876    -37.342  -2.800  5.91992E-04 -1.86948E-04  3.28430E-04
    9894.933    -36.284  -2.750  5.98692E-04 -1.88029E-04 -3.74482E-03
    9895.971    -35.246  -2.700  6.05392E-04 -1.89111E-04 -8.19915E-03
    9896.990    -34.227  -2.650  6.12093E-04 -1.90192E-04 -1.24694E-02
    9897.990    -33.227  -2.600  6.18793E-04 -1.91273E-04 -1.58719E-02
    9898.971    -32.246  -2.550  6.25493E-04 -1.92355E-04 -1.76918E-02
    9899.933    -31.284  -2.500  6.32193E-04 -1.93436E-04 -1.73229E-02
    9900.876    -30.341  -2.450  6.38893E-04 -1.94517E-04 -1.44315E-02
    9901.800    -29.417  -2.400  6.45593E-04 -1.95599E-04 -9.09017E-03
    9902.705    -28.512  -2.350  6.52293E-04 -1.96680E-04 -1.82890E-03
    9903.591    -27.626  -2.300  6.58993E-04 -1.97761E-04  6.42663E-03
    9904.458    -26.759  -2.250  6.30452E-04 -1.98404E-04  1.85123E+01
    9905.305    -25.912  -2.200  5.94330E-04 -1.98953E-04  3.32245E+01
    9906.134    -25.083  -2.150  5.58208E-04 -1.99501E-04  2.10056E+01
    9906.944    -24.273  -2.100  5.22087E-04 -2.00050E-04 -1.82815E+01
    9907.734    -23.483  -2.050  4.85965E-04 -2.00599E-04 -6.33698E+01
    9908.506    -22.711  -2.000  4.49843E-04 -2.01147E-04 -8.53071E+01
    9909.258    -21.959  -1.950  4.13721E-04 -2.01696E-04 -6.72587E+01
    9909.992    -21.225  -1.900  3.77600E-04 -2.02244E-04 -1.68560E+01
    9910.706    -20.511  -1.850  3.41478E-04 -2.02793E-04  3.75417E+01
    9911.401    -19.816  -1.800  3.05356E-04 -2.03341E-04  6.44833E+01
    9912.078    -19.139  -1.750  2.69235E-04 -2.03890E-04  4.93823E+01
    9912.735    -18.482  -1.700  2.33113E-04 -2.04438E-04  3.62316E+00
    9913.373    -17.844  -1.650  1.96991E-04 -2.04987E-04 -4.31006E+01
    9913.992    -17.225  -1.600  1.43514E-04 -2.05396E-04 -1.02855E+02
    9914.592    -16.625  -1.550  6.44051E-05 -2.05550E-04  1.66574E+02
    9915.173    -16.044  -1.500 -9.33739E-06 -2.05629E-04  5.47031E+01
    9915.735    -15.482  -1.450 -6.80787E-05 -2.05628E-04 -5.17291E+00
    9916.278    -14.939  -1.400 -9.64964E-05 -2.05537E-04 -1.23482E+01
    9916.802    -14.415  -1.350 -7.91169E-05 -2.05347E-04 -1.81913E+01
    9917.307    -13.910  -1.300 -1.50675E-05 -2.05046E-04 -2.14856E+01
    9917.793    -13.424  -1.250  8.53531E-05 -2.04621E-04 -2.10542E+01
    9918.259    -12.958  -1.200  2.11977E-04 -2.04055E-04 -1.90312E+01
    9918.707    -12.510  -1.150  3.56607E-04 -2.03328E-04 -1.72806E+01
    9919.136    -12.081  -1.100  5.11725E-04 -2.02419E-04 -1.31605E+01
    9919.545    -11.672  -1.050  6.70926E-04 -2.01298E-04  7.87900E-02
    9919.936    -11.281  -1.000  8.28632E-04 -1.99930E-04  2.08589E+01
    9920.307    -10.910  -0.950  9.80477E-04 -1.98274E-04  3.37451E+01
    9920.660    -10.557  -0.900  1.12356E-03 -1.96285E-04  2.74810E+01
    9920.993    -10.224  -0.850  1.25562E-03 -1.93897E-04  8.36955E+00
    9921.307     -9.910  -0.800  1.37586E-03 -1.91045E-04 -1.06130E+01
    9921.603     -9.614  -0.750  1.48419E-03 -1.87644E-04 -2.17849E+01
    9921.879     -9.338  -0.700  1.58088E-03 -1.83603E-04 -2.43197E+01
    9922.136     -9.081  -0.650  1.66688E-03 -1.78832E-04 -2.09023E+01
    9922.374     -8.843  -0.600  1.74278E-03 -1.73212E-04 -1.47302E+01
    9922.593     -8.624  -0.550  1.80996E-03 -1.66700E-04 -8.13020E+00
    9922.793     -8.424  -0.500  1.86932E-03 -1.59295E-04 -2.38254E+00
    9922.974     -8.243  -0.450  1.92173E-03 -1.51097E-04  2.03841E+00
    9923.136     -8.081  -0.400  1.96785E-03 -1.42339E-04  5.13379E+00
    9923.279     -7.938  -0.350  2.00769E-03 -1.33405E-04  7.10024E+00
    9923.403     -7.814  -0.300  2.04190E-03 -1.24775E-04  8.25121E+00
    9923.508     -7.709  -0.250  2.07046E-03 -1.16925E-04  8.84269E+00
    9923.593     -7.624  -0.200  2.09313E-03 -1.10301E-04  9.08576E+00
    9923.660     -7.557  -0.150  2.12664E-03 -8.87350E-05  9.14197E+00
    9923.708     -7.509  -0.100  2.20304E-03 -1.78980E-05  9.13319E+00
    9923.736     -7.481  -0.050  2.27945E-03  5.29389E-05  9.10100E+00
    9923.746     -7.471   0.000  2.35540E-03  1.23328E-04  9.04611E+00
    9923.755     -7.462   0.050  2.34647E-03  1.26502E-04  8.97643E+00
    9923.784     -7.433   0.100  2.33277E-03  1.29676E-04  8.88786E+00
    9923.832     -7.386   0.150  2.31446E-03  1.32850E-04  8.78111E+00
    9923.898     -7.319   0.200  2.26407E-03  1.38839E-04  8.51535E+00
    9923.984     -7.233   0.250  2.17312E-03  1.46326E-04  8.07405E+00
    9924.089     -7.128   0.300  2.02739E-03  1.55027E-04  7.40785E+00
    9924.212     -7.005   0.350  1.81856E-03  1.64578E-04  6.49377E+00
    9924.355     -6.862   0.400  1.54497E-03  1.74542E-04  5.33613E+00
    9924.517     -6.700   0.450  1.21161E-03  1.84473E-04  3.96468E+00
    9924.698     -6.519   0.500  8.39513E-04  1.93981E-04  2.46963E+00
    9924.898     -6.319   0.550  4.56456E-04  2.02827E-04  9.61738E-01
    9925.117     -6.100   0.600  9.61544E-05  2.10884E-04 -4.31299E-01
    9925.355     -5.862   0.650 -2.07289E-04  2.18118E-04 -1.58608E+00
    9925.613     -5.604   0.700 -4.26265E-04  2.24525E-04 -2.40804E+00
    9925.889     -5.328   0.750 -5.44120E-04  2.30179E-04 -2.84549E+00
    9926.184     -5.033   0.800 -5.58968E-04  2.35128E-04 -2.90092E+00
    9926.498     -4.719   0.850 -4.83600E-04  2.39418E-04 -2.62824E+00
    9926.832     -4.385   0.900 -3.41803E-04  2.43099E-04 -2.11797E+00
    9927.184     -4.033   0.950 -1.63436E-04  2.46203E-04 -1.47937E+00
    9927.556     -3.661   1.000  2.21878E-05  2.48771E-04 -8.17030E-01
    9927.946     -3.271   1.050  1.88761E-04  2.50831E-04 -2.23747E-01
    9928.356     -2.861   1.100  3.18794E-04  2.52412E-04  2.39502E-01
    9928.784     -2.433   1.150  4.04979E-04  2.53541E-04  5.47511E-01
    9929.232     -1.985   1.200  4.47637E-04  2.54256E-04  7.01371E-01
    9929.699     -1.518   1.250  4.53545E-04  2.54581E-04  7.24702E-01
    9930.185     -1.032   1.300  4.33246E-04  2.54553E-04  6.54299E-01
    9930.689     -0.528   1.350  3.98279E-04  2.54197E-04  5.30872E-01
    9931.213     -0.004   1.400  3.59198E-04  2.53550E-04  3.92028E-01
    9931.756      0.539   1.450  3.23794E-04  2.52642E-04  2.66110E-01
    9932.318      1.101   1.500  2.96735E-04  2.51496E-04  1.70654E-01
    9932.899      1.682   1.550  2.79583E-04  2.50158E-04  1.12026E-01
    9933.499      2.282   1.600  2.71451E-04  2.48641E-04  8.76968E-02
    9934.118      2.901   1.650  2.69952E-04  2.46982E-04  8.92193E-02
    9934.757      3.540   1.700  2.72140E-04  2.45209E-04  1.05727E-01
    9935.414      4.197   1.750  2.75301E-04  2.43336E-04  1.26867E-01
    9936.090      4.873   1.800  2.77523E-04  2.41390E-04  1.45024E-01
    9936.785      5.568   1.850  2.77825E-04  2.39385E-04  1.56042E-01
    9937.500      6.283   1.900  2.76139E-04  2.37345E-04  1.59298E-01
    9938.233      7.016   1.950  2.72915E-04  2.35280E-04  1.56316E-01
    9938.986      7.769   2.000  2.68728E-04  2.33187E-04  1.49319E-01
    9939.757      8.540   2.050  2.64084E-04  2.31023E-04  1.40539E-01
    9940.548      9.331   2.100  2.59159E-04  2.28742E-04  1.30949E-01
    9941.357     10.140   2.150  2.53897E-04  2.26404E-04  1.19960E-01
    9942.186     10.969   2.200  2.48473E-04  2.24470E-04  1.06164E-01
    9943.034     11.817   2.250  2.43344E-04  2.23572E-04  8.85265E-02
    9943.901     12.684   2.300  2.38137E-04  2.23359E-04  6.67845E-02
    9944.786     13.569   2.350  2.32663E-04  2.23555E-04  4.14144E-02
    9945.691     14.474   2.400  2.27001E-04  2.24077E-04  1.33363E-02
    9946.615     15.398   2.450  2.21503E-04  2.24927E-04 -1.56190E-02
    9947.558     16.341   2.500  2.16711E-04  2.25993E-04 -4.22817E-02
    9948.520     17.303   2.550  2.13385E-04  2.27287E-04 -6.32009E-02
    9949.501     18.284   2.600  2.11726E-04  2.27965E-04 -7.36628E-02
    9950.501     19.284   2.650  2.09982E-04  2.27864E-04 -8.10711E-02
    9951.521     20.304   2.700  2.08152E-04  2.27405E-04 -8.73824E-02
    9952.559     21.342   2.750  2.06274E-04  2.26770E-04 -9.32295E-02
    9953.616     22.399   2.800  2.04415E-04  2.26063E-04 -9.87168E-02
    9954.692     23.475   2.850  2.02626E-04  2.25326E-04 -1.03777E-01
    9955.788     24.571   2.900  2.00988E-04  2.24578E-04 -1.08103E-01
    9956.902     25.685   2.950  1.99641E-04  2.23869E-04 -1.11251E-01
    9958.036     26.819   3.000  1.98736E-04  2.23227E-04 -1.12627E-01
    9959.188     27.971   3.050  1.98417E-04  2.22659E-04 -1.11596E-01
    9960.360     29.143   3.100  1.98802E-04  2.22144E-04 -1.07511E-01
    9961.550     30.333   3.150  2.00010E-04  2.21678E-04 -9.98285E-02
    9962.760     31.543   3.200  2.02132E-04  2.21276E-04 -8.82020E-02
    9963.989     32.772   3.250  2.05157E-04  2.20930E-04 -7.26460E-02
    9965.237     34.020   3.300  2.08983E-04  2.20640E-04 -5.36621E-02
    9966.503     35.286   3.350  2.13396E-04  2.20414E-04 -3.22780E-02
    9967.789     36.572   3.400  2.18078E-04  2.20242E-04 -9.94290E-03
    9969.094     37.877   3.450  2.22676E-04  2.20125E-04  1.17050E-02
    9970.418     39.201   3.500  2.26852E-04  2.20065E-04  3.11055E-02
    9971.761     40.544   3.550  2.30325E-04  2.20050E-04  4.70249E-02
    9973.123     41.906   3.600  2.32952E-04  2.20096E-04  5.87390E-02
    9974.504     43.287   3.650  2.34668E-04  2.20176E-04  6.60916E-02
    9975.904     44.687   3.700  2.35568E-04  2.20308E-04  6.94644E-02
    9977.324     46.107   3.750  2.35796E-04  2.20473E-04  6.96077E-02
    9978.762     47.545   3.800  2.35566E-04  2.20680E-04  6.74792E-02
    9980.219     49.002   3.850  2.35057E-04  2.20908E-04  6.40079E-02
    9981.696     50.479   3.900  2.34459E-04  2.21173E-04  5.99723E-02
    9983.191     51.974   3.950  2.33855E-04  2.21450E-04  5.58725E-02
    9984.706     53.489   4.000  2.33305E-04  2.21755E-04  5.19085E-02
    9986.239     55.022   4.050  2.32772E-04  2.22068E-04  4.80067E-02
    9987.792     56.575   4.100  2.32203E-04  2.22393E-04  4.39077E-02
    9989.363     58.146   4.150  2.31510E-04  2.22718E-04  3.92666E-02
    9990.954     59.737   4.200  2.30620E-04  2.23047E-04  3.37579E-02
    9992.564     61.347   4.250  2.29475E-04  2.23372E-04  2.71540E-02
    9994.192     62.975   4.300  2.28056E-04  2.23687E-04  1.94047E-02
    9995.840     64.623   4.350  2.26390E-04  2.23993E-04  1.06228E-02
    9997.507     66.290   4.400  2.24526E-04  2.24276E-04  1.10576E-03
    9999.193     67.976   4.450  2.22575E-04  2.24551E-04 -8.73185E-03
   10000.898     69.681   4.500  2.20625E-04  2.24794E-04 -1.84031E-02
   10002.622     71.405   4.550  2.18804E-04  2.25018E-04 -2.73964E-02
   10004.365     73.148   4.600  2.17211E-04  2.25217E-04 -3.52586E-02
   10006.127     74.910   4.650  2.15924E-04  2.25381E-04 -4.16073E-02
   10007.908     76.691   4.700  2.15021E-04  2.25524E-04 -4.61725E-02
   10009.709     78.492   4.750  2.14525E-04  2.25632E-04 -4.87987E-02
   10011.528     80.311   4.800  2.14452E-04  2.25712E-04 -4.94445E-02
   10013.366     82.149   4.850  2.14782E-04  2.25756E-04 -4.81666E-02
   10015.223     84.006   4.900  2.15489E-04  2.25772E-04 -4.51246E-02
   10017.100     85.883   4.950  2.16515E-04  2.25757E-04 -4.05484E-02
   10018.995     87.778   5.000  2.17796E-04  2.25714E-04 -3.47367E-02
   10020.910     89.693   5.050  2.19253E-04  2.25643E-04 -2.80389E-02
   10022.843     91.626   5.100  2.20799E-04  2.25546E-04 -2.08297E-02
   10024.796     93.579   5.150  2.22350E-04  2.25425E-04 -1.34978E-02
   10026.768     95.551   5.200  2.23829E-04  2.25285E-04 -6.39551E-03
   10028.758     97.541   5.250  2.25164E-04  2.25124E-04  1.75806E-04
   10030.768     99.551   5.300  2.26309E-04  2.24943E-04  6.00383E-03
   10032.797    101.580   5.350  2.27243E-04  2.24747E-04  1.09792E-02
   10034.845    103.628   5.400  2.27973E-04  2.24543E-04  1.50939E-02
   10036.912    105.695   5.450  2.28511E-04  2.24325E-04  1.84268E-02
   10038.998    107.781   5.500  2.28893E-04  2.24103E-04  2.11052E-02
   10041.103    109.886   5.550  2.29152E-04  2.23874E-04  2.32700E-02
   10043.227    112.010   5.600  2.29318E-04  2.23644E-04  2.50304E-02
   10045.370    114.153   5.650  2.29402E-04  2.23415E-04  2.64321E-02
   10047.532    116.315   5.700  2.29406E-04  2.23192E-04  2.74519E-02
   10049.713    118.496   5.750  2.29300E-04  2.22968E-04  2.79933E-02
   10051.914    120.697   5.800  2.29067E-04  2.22755E-04  2.79223E-02
   10054.133    122.916   5.850  2.28669E-04  2.22548E-04  2.70946E-02
   10056.371    125.154   5.900  2.28088E-04  2.22355E-04  2.53897E-02
   10058.629    127.412   5.950  2.27303E-04  2.22168E-04  2.27555E-02
   10060.905    129.688   6.000  2.26329E-04  2.21996E-04  1.92116E-02
   10063.201    131.984   6.050  2.25185E-04  2.21836E-04  1.48572E-02
   10065.515    134.298   6.100  2.23912E-04  2.21688E-04  9.86807E-03
   10067.849    136.632   6.150  2.22562E-04  2.21556E-04  4.46866E-03
   10070.202    138.985   6.200  2.21191E-04  2.21436E-04 -1.08738E-03
   10072.573    141.356   6.250  2.19856E-04  2.21327E-04 -6.53810E-03
   10074.964    143.747   6.300  2.18618E-04  2.21235E-04 -1.16340E-02
   10077.374    146.157   6.350  2.17523E-04  2.21154E-04 -1.61512E-02
   10079.803    148.586   6.400  2.16610E-04  2.21082E-04 -1.99004E-02
   10082.251    151.034   6.450  2.15916E-04  2.21023E-04 -2.27326E-02
   10084.718    153.501   6.500  2.15461E-04  2.20973E-04 -2.45438E-02
   10087.204    155.987   6.550  2.15255E-04  2.20931E-04 -2.52804E-02
   10089.709    158.492   6.600  2.15300E-04  2.20897E-04 -2.49402E-02
   10092.233    161.016   6.650  2.15578E-04  2.20867E-04 -2.35745E-02
   10094.776    163.559   6.700  2.16068E-04  2.20842E-04 -2.12853E-02
   10097.338    166.121   6.750  2.16733E-04  2.20818E-04 -1.82193E-02
   10099.919    168.702   6.800  2.17532E-04  2.20794E-04 -1.45583E-02
   10102.520    171.303   6.850  2.18413E-04  2.20766E-04 -1.05037E-02
   10105.139    173.922   6.900  2.19336E-04  2.20739E-04 -6.26401E-03
   10107.778    176.561   6.950  2.20247E-04  2.20704E-04 -2.04009E-03
   10110.435    179.218   7.000  2.21107E-04  2.20663E-04  1.98642E-03
   10113.112    181.895   7.050  2.21882E-04  2.20617E-04  5.66144E-03
   10115.807    184.590   7.100  2.22539E-04  2.20560E-04  8.86113E-03
   10118.522    187.305   7.150  2.23055E-04  2.20489E-04  1.14939E-02
   10121.255    190.038   7.200  2.23424E-04  2.20414E-04  1.34982E-02
   10124.008    192.791   7.250  2.23632E-04  2.20325E-04  1.48410E-02
   10126.780    195.563   7.300  2.23676E-04  2.20221E-04  1.55155E-02
   10129.571    198.354   7.350  2.23562E-04  2.20105E-04  1.55416E-02
   10132.381    201.164   7.400  2.23298E-04  2.19972E-04  1.49648E-02
   10135.209    203.992   7.450  2.22902E-04  2.19826E-04  1.38543E-02
   10138.057    206.840   7.500  2.22397E-04  2.19668E-04  1.23007E-02
   10140.924    209.707   7.550  2.21802E-04  2.19495E-04  1.04103E-02
   10143.810    212.593   7.600  2.21151E-04  2.19315E-04  8.29510E-03
   10146.716    215.499   7.650  2.20455E-04  2.19114E-04  6.06503E-03
   10149.640    218.423   7.700  2.19748E-04  2.18906E-04  3.81407E-03
   10152.583    221.366   7.750  2.19039E-04  2.18682E-04  1.61810E-03
   10155.545    224.328   7.800  2.18343E-04  2.18446E-04 -4.70116E-04
   10158.527    227.310   7.850  2.17675E-04  2.18207E-04 -2.41757E-03
   10161.527    230.310   7.900  2.17035E-04  2.17958E-04 -4.20213E-03
   10164.546    233.329   7.950  2.16424E-04  2.17698E-04 -5.80524E-03
   10167.585    236.368   8.000  2.15861E-04  2.17439E-04 -7.19954E-03
   10170.642    239.425   8.050  2.15348E-04  2.17173E-04 -8.34157E-03
   10173.719    242.502   8.100  2.14895E-04  2.16900E-04 -9.17524E-03
   10176.814    245.597   8.150  2.14528E-04  2.16632E-04 -9.63946E-03
   10179.929    248.712   8.200  2.14248E-04  2.16358E-04 -9.68131E-03
   10183.063    251.846   8.250  2.14067E-04  2.16085E-04 -9.27291E-03
   10186.216    254.999   8.300  2.13985E-04  2.15816E-04 -8.42387E-03
   10189.387    258.170   8.350  2.13990E-04  2.15550E-04 -7.18889E-03
   10192.578    261.361   8.400  2.14059E-04  2.15287E-04 -5.66440E-03
   10195.788    264.571   8.450  2.14170E-04  2.15031E-04 -3.97597E-03
   10199.017    267.800   8.500  2.14289E-04  2.14778E-04 -2.25869E-03
   10202.265    271.048   8.550  2.14395E-04  2.14533E-04 -6.35047E-04
   10205.532    274.315   8.600  2.14471E-04  2.14298E-04  8.03798E-04
   10208.818    277.601   8.650  2.14503E-04  2.14071E-04  2.00838E-03
   10212.123    280.906   8.700  2.14486E-04  2.13846E-04  2.97054E-03
   10215.448    284.231   8.750  2.14436E-04  2.13637E-04  3.71476E-03
   10218.791    287.574   8.800  2.14353E-04  2.13433E-04  4.28166E-03
   10222.153    290.936   8.850  2.14247E-04  2.13237E-04  4.70767E-03
   10225.535    294.318   8.900  2.14119E-04  2.13044E-04  5.01545E-03
   10228.935    297.718   8.950  2.13980E-04  2.12866E-04  5.20566E-03
   10232.354    301.137   9.000  2.13815E-04  2.12690E-04  5.26183E-03
   10235.793    304.576   9.050  2.13625E-04  2.12522E-04  5.15916E-03
   10239.251    308.034   9.100  2.13400E-04  2.12359E-04  4.87848E-03
   10242.727    311.510   9.150  2.13146E-04  2.12204E-04  4.41747E-03
   10246.223    315.006   9.200  2.12863E-04  2.12055E-04  3.79572E-03
   10249.738    318.521   9.250  2.12556E-04  2.11907E-04  3.05191E-03
   10253.271    322.054   9.300  2.12237E-04  2.11762E-04  2.23501E-03
   10256.824    325.607   9.350  2.11912E-04  2.11617E-04  1.39233E-03
   10260.396    329.179   9.400  2.11596E-04  2.11477E-04  5.58747E-04
   10263.987    332.770   9.450  2.11280E-04  2.11332E-04 -2.48327E-04
   10267.597    336.380   9.500  2.10976E-04  2.11193E-04 -1.02672E-03
   10271.226    340.009   9.550  2.10670E-04  2.11047E-04 -1.78106E-03
   10274.874    343.657   9.600  2.10369E-04  2.10899E-04 -2.51106E-03
   10278.541    347.324   9.650  2.10076E-04  2.10751E-04 -3.20102E-03
   10282.227    351.010   9.700  2.09796E-04  2.10600E-04 -3.81455E-03
   10285.932    354.715   9.750  2.09536E-04  2.10441E-04 -4.29789E-03
   10289.657    358.440   9.800  2.09309E-04  2.10275E-04 -4.59017E-03
   10293.400    362.183   9.850  2.09129E-04  2.10104E-04 -4.63846E-03
   10297.162    365.945   9.900  2.09000E-04  2.09926E-04 -4.41285E-03
   10300.944    369.727   9.950  2.08925E-04  2.09747E-04 -3.91691E-03
   10304.744    373.527  10.000  2.08888E-04  2.09556E-04 -3.19038E-03
   10308.564    377.347  10.050  2.08877E-04  2.09358E-04 -2.30277E-03
   10312.402    381.185  10.100  2.08871E-04  2.09151E-04 -1.34036E-03
   10316.260    385.043  10.150  2.08858E-04  2.08940E-04 -3.89479E-04
   10320.137    388.920  10.200  2.08821E-04  2.08722E-04  4.78371E-04
   10324.032    392.815  10.250  2.08753E-04  2.08500E-04  1.21650E-03
   10327.947    396.730  10.300  2.08641E-04  2.08266E-04  1.80534E-03
   10331.881    400.664  10.350  2.08501E-04  2.08034E-04  2.24804E-03
   10335.834    404.617  10.400  2.08325E-04  2.07793E-04  2.56098E-03
   10339.806    408.589  10.450  2.08120E-04  2.07547E-04  2.76313E-03
   10343.797    412.580  10.500  2.07893E-04  2.07300E-04  2.86747E-03
   10347.807    416.590  10.550  2.07644E-04  2.07049E-04  2.87734E-03
   10351.836    420.619  10.600  2.07375E-04  2.06799E-04  2.78796E-03
   10355.884    424.667  10.650  2.07080E-04  2.06545E-04  2.59181E-03
   10359.951    428.734  10.700  2.06765E-04  2.06294E-04  2.28607E-03
   10364.037    432.820  10.750  2.06431E-04  2.06044E-04  1.87885E-03
   10368.142    436.925  10.800  2.06082E-04  2.05795E-04  1.39182E-03
   10372.267    441.050  10.850  2.05726E-04  2.05549E-04  8.58878E-04
   10376.410    445.193  10.900  2.05373E-04  2.05307E-04  3.20351E-04
   10380.572    449.355  10.950  2.05025E-04  2.05062E-04 -1.84120E-04
   10384.754    453.537  11.000  2.04698E-04  2.04826E-04 -6.23233E-04
   10388.954    457.737  11.050  2.04394E-04  2.04594E-04 -9.78531E-04
   10393.174    461.957  11.100  2.04112E-04  2.04367E-04 -1.24550E-03
   10397.413    466.196  11.150  2.03847E-04  2.04140E-04 -1.43082E-03
   10401.670    470.453  11.200  2.03605E-04  2.03920E-04 -1.54691E-03
   10405.947    474.730  11.250  2.03382E-04  2.03709E-04 -1.60608E-03
   10410.243    479.026  11.300  2.03166E-04  2.03495E-04 -1.61586E-03
   10414.557    483.340  11.350  2.02965E-04  2.03287E-04 -1.57741E-03
   10418.891    487.674  11.400  2.02784E-04  2.03087E-04 -1.48676E-03
   10423.244    492.027  11.450  2.02616E-04  2.02888E-04 -1.33915E-03
   10427.616    496.399  11.500  2.02462E-04  2.02692E-04 -1.13343E-03
   10432.007    500.790  11.550  2.02323E-04  2.02501E-04 -8.75907E-04
   10436.417    505.200  11.600  2.02193E-04  2.02311E-04 -5.81598E-04
   10440.846    509.629  11.650  2.02069E-04  2.02124E-04 -2.72364E-04
   10445.295    514.078  11.700  2.01943E-04  2.01937E-04  2.73076E-05
   10449.762    518.545  11.750  2.01814E-04  2.01755E-04  2.95512E-04
   10454.248    523.031  11.800  2.01673E-04  2.01569E-04  5.17154E-04
   10458.753    527.536  11.850  2.01520E-04  2.01382E-04  6.86410E-04
   10463.278    532.061  11.900  2.01361E-04  2.01199E-04  8.05924E-04
   10467.821    536.604  11.950  2.01191E-04  2.01013E-04  8.83689E-04
   10472.383    541.166  12.000  2.01009E-04  2.00823E-04  9.28684E-04
   10476.965    545.748  12.050  2.00823E-04  2.00633E-04  9.47003E-04
   10481.566    550.349  12.100  2.00624E-04  2.00435E-04  9.39596E-04
   10486.185    554.968  12.150  2.00418E-04  2.00237E-04  9.02722E-04
   10490.824    559.607  12.200  2.00204E-04  2.00037E-04  8.30493E-04
   10495.482    564.265  12.250  1.99974E-04  1.99830E-04  7.18678E-04
   10500.158    568.941  12.300  1.99734E-04  1.99621E-04  5.67904E-04
   10504.854    573.637  12.350  1.99485E-04  1.99408E-04  3.85548E-04
   10509.569    578.352  12.400  1.99219E-04  1.99182E-04  1.84908E-04
   10514.303    583.086  12.450  1.98956E-04  1.98959E-04 -1.72402E-05
   10519.056    587.839  12.500  1.98689E-04  1.98730E-04 -2.04588E-04
   10523.828    592.611  12.550  1.98420E-04  1.98492E-04 -3.64743E-04
   10528.619    597.402  12.600  1.98155E-04  1.98252E-04 -4.91093E-04
   10533.429    602.212  12.650  1.97889E-04  1.98005E-04 -5.83001E-04
   10538.258    607.041  12.700  1.97626E-04  1.97753E-04 -6.43773E-04
   10543.106    611.889  12.750  1.97361E-04  1.97495E-04 -6.77771E-04
   10547.974    616.757  12.800  1.97100E-04  1.97236E-04 -6.87880E-04
   10552.860    621.643  12.850  1.96843E-04  1.96976E-04 -6.74142E-04
   10557.765    626.548  12.900  1.96584E-04  1.96709E-04 -6.34092E-04
   10562.690    631.473  12.950  1.96334E-04  1.96445E-04 -5.64834E-04
   10567.633    636.416  13.000  1.96079E-04  1.96171E-04 -4.65436E-04
   10572.596    641.379  13.050  1.95835E-04  1.95901E-04 -3.39357E-04
   10577.577    646.360  13.100  1.95591E-04  1.95629E-04 -1.95068E-04
   10582.578    651.361  13.150  1.95345E-04  1.95354E-04 -4.49801E-05
   10587.597    656.380  13.200  1.95101E-04  1.95082E-04  9.69324E-05
   10592.636    661.419  13.250  1.94854E-04  1.94811E-04  2.18388E-04
   10597.694    666.477  13.300  1.94597E-04  1.94536E-04  3.11752E-04
   10602.771    671.554  13.350  1.94340E-04  1.94267E-04  3.75274E-04
   10607.867    676.650  13.400  1.94078E-04  1.93998E-04  4.12952E-04
   10612.981    681.764  13.450  1.93813E-04  1.93730E-04  4.32207E-04
   10618.115    686.898  13.500  1.93554E-04  1.93469E-04  4.40987E-04
   10623.268    692.051  13.550  1.93296E-04  1.93210E-04  4.44585E-04
   10628.440    697.223  13.600  1.93037E-04  1.92951E-04  4.44071E-04
   10633.632    702.415  13.650  1.92776E-04  1.92692E-04  4.35775E-04
   10638.842    707.625  13.700  1.92522E-04  1.92442E-04  4.13038E-04
   10644.071    712.854  13.750  1.92264E-04  1.92193E-04  3.68667E-04
   10649.319    718.102  13.800  1.92003E-04  1.91946E-04  2.97998E-04
   10654.586    723.369  13.850  1.91737E-04  1.91699E-04  2.01089E-04
   10659.873    728.656  13.900  1.91475E-04  1.91459E-04  8.34352E-05
   10665.178    733.961  13.950  1.91219E-04  1.91227E-04 -4.47293E-05
   10670.503    739.286  14.000  1.90957E-04  1.90990E-04 -1.70748E-04
   10675.846    744.629  14.050  1.90700E-04  1.90754E-04 -2.82428E-04
   10681.209    749.992  14.100  1.90453E-04  1.90524E-04 -3.70421E-04
   10686.590    755.373  14.150  1.90213E-04  1.90295E-04 -4.29676E-04
   10691.991    760.774  14.200  1.89978E-04  1.90066E-04 -4.59929E-04
   10697.411    766.194  14.250  1.89748E-04  1.89836E-04 -4.63994E-04
   10702.849    771.632  14.300  1.89522E-04  1.89607E-04 -4.46224E-04
   10708.307    777.090  14.350  1.89300E-04  1.89378E-04 -4.10301E-04
   10713.784    782.567  14.400  1.89081E-04  1.89149E-04 -3.58045E-04
   10719.280    788.063  14.450  1.88862E-04  1.88917E-04 -2.89430E-04
   10724.795    793.578  14.500  1.88648E-04  1.88687E-04 -2.03608E-04
   10730.329    799.112  14.550  1.88430E-04  1.88449E-04 -1.00855E-04
   10735.882    804.665  14.600  1.88215E-04  1.88212E-04  1.56872E-05
   10741.454    810.237  14.650  1.87997E-04  1.87971E-04  1.38947E-04
   10747.045    815.828  14.700  1.87779E-04  1.87731E-04  2.58225E-04
   10752.655    821.438  14.750  1.87556E-04  1.87488E-04  3.60786E-04
   10758.285    827.068  14.800  1.87321E-04  1.87239E-04  4.34447E-04
   10763.933    832.716  14.850  1.87072E-04  1.86984E-04  4.70522E-04
   10769.600    838.383  14.900  1.86819E-04  1.86731E-04  4.65827E-04
   10775.287    844.070  14.950  1.86551E-04  1.86472E-04  4.23281E-04
   10780.992    849.775  15.000  1.86276E-04  1.86210E-04  3.51397E-04
   10786.717    855.500  15.050  1.85992E-04  1.85943E-04  2.61791E-04
   10792.460    861.243  15.100  1.85706E-04  1.85675E-04  1.66548E-04
   10798.223    867.006  15.150  1.85417E-04  1.85403E-04  7.54085E-05
   10804.005    872.788  15.200  1.85124E-04  1.85125E-04 -5.66838E-06
   10809.805    878.588  15.250  1.84839E-04  1.84853E-04 -7.48132E-05
   10815.625    884.408  15.300  1.84549E-04  1.84574E-04 -1.33211E-04
   10821.464    890.247  15.350  1.84253E-04  1.84287E-04 -1.83163E-04
   10827.322    896.105  15.400  1.83964E-04  1.84006E-04 -2.26469E-04
   10833.199    901.982  15.450  1.83676E-04  1.83724E-04 -2.62935E-04
   10839.094    907.877  15.500  1.83384E-04  1.83438E-04 -2.90481E-04
   10845.009    913.792  15.550  1.83099E-04  1.83155E-04 -3.05821E-04
   10850.944    919.727  15.600  1.82812E-04  1.82868E-04 -3.06007E-04
   10856.897    925.680  15.650  1.82527E-04  1.82580E-04 -2.89763E-04
   10862.869    931.652  15.700  1.82252E-04  1.82299E-04 -2.58308E-04
   10868.860    937.643  15.750  1.81972E-04  1.82012E-04 -2.15144E-04
   10874.870    943.653  15.800  1.81701E-04  1.81731E-04 -1.65087E-04
   10880.900    949.683  15.850  1.81431E-04  1.81452E-04 -1.12945E-04
   10886.948    955.731  15.900  1.81161E-04  1.81172E-04 -6.20299E-05
   10893.015    961.798  15.950  1.80891E-04  1.80893E-04 -1.36869E-05
   10899.102    967.885  16.000  1.80628E-04  1.80622E-04  3.25913E-05
   10905.207    973.990  16.050  1.80361E-04  1.80347E-04  7.80632E-05
   10911.332    980.115  16.100  1.80099E-04  1.80077E-04  1.23624E-04
   10917.475    986.258  16.150  1.79839E-04  1.79808E-04  1.68423E-04
   10923.638    992.421  16.200  1.79583E-04  1.79545E-04  2.09613E-04
   10929.820    998.603  16.250  1.79322E-04  1.79279E-04  2.42747E-04
   10936.020   1004.803  16.300  1.79066E-04  1.79019E-04  2.63013E-04
   10942.240   1011.023  16.350  1.78807E-04  1.78759E-04  2.66694E-04
   10948.479   1017.262  16.400  1.78545E-04  1.78500E-04  2.52543E-04
   10954.737   1023.520  16.450  1.78280E-04  1.78241E-04  2.22336E-04
   10961.014   1029.797  16.500  1.78014E-04  1.77982E-04  1.80642E-04
   10967.310   1036.093  16.550  1.77754E-04  1.77731E-04  1.33483E-04
   10973.625   1042.408  16.600  1.77488E-04  1.77473E-04  8.69487E-05
   10979.959   1048.742  16.650  1.77224E-04  1.77216E-04  4.56041E-05
   10986.312   1055.095  16.700  1.76966E-04  1.76964E-04  1.16954E-05
   10992.684   1061.467  16.750  1.76710E-04  1.76713E-04 -1.50810E-05
   10999.076   1067.859  16.800  1.76448E-04  1.76455E-04 -3.67979E-05
   11005.486   1074.269  16.850  1.76186E-04  1.76196E-04 -5.62465E-05
   11011.915   1080.698  16.900  1.75931E-04  1.75945E-04 -7.56160E-05
   11018.364   1087.147  16.950  1.75669E-04  1.75686E-04 -9.57840E-05
   11024.831   1093.614  17.000  1.75398E-04  1.75418E-04 -1.16119E-04
   11031.318   1100.101  17.050  1.75134E-04  1.75158E-04 -1.34837E-04
   11037.823   1106.606  17.100  1.74869E-04  1.74895E-04 -1.49870E-04
   11044.348   1113.131  17.150  1.74598E-04  1.74626E-04 -1.59563E-04
   11050.891   1119.674  17.200  1.74328E-04  1.74357E-04 -1.63336E-04
   11057.454   1126.237  17.250  1.74059E-04  1.74087E-04 -1.61604E-04
   11064.036   1132.819  17.300  1.73784E-04  1.73811E-04 -1.55457E-04
   11070.637   1139.420  17.350  1.73513E-04  1.73539E-04 -1.45769E-04
   11077.257   1146.040  17.400  1.73236E-04  1.73259E-04 -1.32872E-04
   11083.895   1152.678  17.450  1.72957E-04  1.72977E-04 -1.16073E-04
   11090.553   1159.336  17.500  1.72675E-04  1.72691E-04 -9.39867E-05
   11097.230   1166.013  17.550  1.72397E-04  1.72408E-04 -6.51333E-05
   11103.926   1172.709  17.600  1.72114E-04  1.72119E-04 -2.90494E-05
   11110.642   1179.425  17.650  1.71832E-04  1.71830E-04  1.32678E-05
   11117.376   1186.159  17.700  1.71550E-04  1.71540E-04  5.88446E-05
   11124.129   1192.912  17.750  1.71262E-04  1.71244E-04  1.03200E-04
   11130.901   1199.684  17.800  1.70977E-04  1.70952E-04  1.41331E-04
   11137.692   1206.475  17.850  1.70690E-04  1.70662E-04  1.68735E-04
   11144.503   1213.286  17.900  1.70397E-04  1.70366E-04  1.82672E-04
   11151.332   1220.115  17.950  1.70105E-04  1.70074E-04  1.82842E-04
   11158.181   1226.964  18.000  1.69806E-04  1.69777E-04  1.71416E-04
   11165.048   1233.831  18.050  1.69511E-04  1.69485E-04  1.52229E-04
   11171.935   1240.718  18.100  1.69216E-04  1.69194E-04  1.29644E-04
   11178.840   1247.623  18.150  1.68917E-04  1.68899E-04  1.07323E-04
   11185.765   1254.548  18.200  1.68624E-04  1.68609E-04  8.72230E-05
   11192.709   1261.492  18.250  1.68331E-04  1.68320E-04  6.92751E-05
   11199.671   1268.454  18.300  1.68039E-04  1.68031E-04  5.17321E-05
   11206.653   1275.436  18.350  1.67753E-04  1.67747E-04  3.21897E-05
   11213.654   1282.437  18.400  1.67462E-04  1.67460E-04  8.61570E-06
   11220.674   1289.457  18.450  1.67169E-04  1.67173E-04 -1.96804E-05
   11227.713   1296.496  18.500  1.66884E-04  1.66892E-04 -5.15717E-05
   11234.771   1303.554  18.550  1.66599E-04  1.66613E-04 -8.43100E-05
   11241.848   1310.631  18.600  1.66315E-04  1.66334E-04 -1.14263E-04
   11248.944   1317.727  18.650  1.66034E-04  1.66057E-04 -1.37904E-04
   11256.059   1324.842  18.700  1.65759E-04  1.65785E-04 -1.52793E-04
   11263.193   1331.976  18.750  1.65482E-04  1.65508E-04 -1.58008E-04
   11270.347   1339.130  18.800  1.65211E-04  1.65236E-04 -1.54152E-04
   11277.519   1346.302  18.850  1.64942E-04  1.64966E-04 -1.42946E-04
   11284.710   1353.493  18.900  1.64670E-04  1.64691E-04 -1.26259E-04
   11291.921   1360.704  18.950  1.64404E-04  1.64421E-04 -1.05680E-04
   11299.150   1367.933  19.000  1.64138E-04  1.64152E-04 -8.19165E-05
   11306.399   1375.182  19.050  1.63874E-04  1.63883E-04 -5.51321E-05
   11313.666   1382.449  19.100  1.63609E-04  1.63613E-04 -2.52245E-05
   11320.953   1389.736  19.150  1.63343E-04  1.63342E-04  7.40483E-06
   11328.258   1397.041  19.200  1.63079E-04  1.63072E-04  4.13772E-05
   11335.583   1404.366  19.250  1.62815E-04  1.62803E-04  7.42156E-05
   11342.927   1411.710  19.300  1.62544E-04  1.62528E-04  1.02644E-04
   11350.290   1419.073  19.350  1.62276E-04  1.62256E-04  1.23326E-04
   11357.671   1426.454  19.400  1.62002E-04  1.61980E-04  1.33779E-04
   11365.072   1433.855  19.450  1.61729E-04  1.61708E-04  1.32981E-04
   11372.492   1441.275  19.500  1.61449E-04  1.61430E-04  1.21841E-04
   11379.931   1448.714  19.550  1.61167E-04  1.61151E-04  1.02869E-04
   11387.389   1456.172  19.600  1.60883E-04  1.60870E-04  7.95845E-05
   11394.866   1463.649  19.650  1.60594E-04  1.60585E-04  5.56455E-05
   11402.363   1471.146  19.700  1.60311E-04  1.60306E-04  3.39088E-05
   11409.878   1478.661  19.750  1.60022E-04  1.60019E-04  1.60469E-05
   11417.412   1486.195  19.800  1.59733E-04  1.59733E-04  2.32980E-06
   11424.965   1493.748  19.850  1.59451E-04  1.59452E-04 -8.00052E-06
   11432.538   1501.321  19.900  1.59158E-04  1.59161E-04 -1.61523E-05
   11440.129   1508.912  19.950  1.58873E-04  1.58877E-04 -2.31726E-05
