# # Once                                                         FEFF 10.0.0 
# # POT  SCF 100  9.0000   0, core-hole, FOLP (folp(0)= 1.150)
# # Abs   Z=30 Rmt= 1.411 Rnm= 1.530 K  shell
# #   RGRID 0.0100
# # Pot 1 Z= 6 Rmt= 0.808 Rnm= 1.034
# # Pot 2 Z= 6 Rmt= 0.796 Rnm= 1.004
# # Pot 3 Z= 6 Rmt= 0.805 Rnm= 1.032
# # Pot 4 Z= 6 Rmt= 0.774 Rnm= 1.001
# # Pot 5 Z= 6 Rmt= 0.901 Rnm= 1.124
# # Pot 6 Z= 6 Rmt= 0.937 Rnm= 1.174
# # Pot 7 Z= 1 Rmt= 0.556 Rnm= 0.958
# # Pot 8 Z= 1 Rmt= 0.495 Rnm= 0.865
# # Pot 9 Z= 7 Rmt= 0.787 Rnm= 0.988
# # Pot10 Z= 7 Rmt= 0.811 Rnm= 0.996
# # Pot11 Z=16 Rmt= 1.243 Rnm= 1.464
# # Gam_ch=1.897E+00 H-L exch Vi= 0.000E+00 Vr= 0.000E+00
# # Mu=-7.619E+00eV kf=2.146E+00 Vint=-1.460E+01eV Rs_int= 1.690
# # PATH  Rmax= 9.000,  Keep_limit= 0.00, Heap_limit 0.00  Pwcrit= 2.50%
#  S02=1.000  Temp=  10.00  Debye_temp= 315.00  Global_sig2= 0.00000
#  Energy zero shift, vr, vi    0.00000E+00   0.00000E+00
#  Curved wave amplitude ratio filter   4.000%
#     file         sig2 tot  cw amp ratio   deg  nlegs   reff  inp sig2
#           1       0.00410    100.00      1.00     2   2.1479
#           2       0.00438     99.24      1.00     2   2.1542
#           3       0.00292     84.00      1.00     2   2.3548
#           4       0.00304     83.50      1.00     2   2.3601
#           5       0.01962     11.11      1.00     2   2.9027
#           6       0.00470     43.43      1.00     2   2.9378
#           7       0.02686     10.50      1.00     2   2.9672
#           8       0.00471     41.14      1.00     2   3.0009
#           9       0.01900      9.50      1.00     2   3.0827
#          10       0.00491     38.27      1.00     2   3.1090
#          11       0.00401     44.26      2.00     3   3.2424
#          12       0.00399     46.33      2.00     3   3.2726
#          13       0.00401     32.65      1.00     2   3.2847
#          14       0.00676     31.25      1.00     2   3.3388
#          15       0.00615     82.66      2.00     3   3.3837
#          16       0.00526     90.12      2.00     3   3.4152
#          17       0.07876      7.19      1.00     2   3.4258
#          18       0.01241      9.87      2.00     3   3.4685
#          19       0.00294     69.24      1.00     4   3.4827
#          20       0.00573     80.92      1.00     4   3.4916
#          21       0.00959     12.73      2.00     3   3.5409
#          22       0.00451     13.83      1.00     4   3.5443
#          23       0.00459     10.67      1.00     4   3.5470
#          24       0.00799      8.65      2.00     3   3.5578
#          25       0.01703      6.27      1.00     2   3.6054
#          26       0.00317     35.71      2.00     3   3.6366
#          27       0.01475      6.25      2.00     3   3.6396
#          28       0.10215      6.04      1.00     2   3.6567
#          29       0.00580     24.50      1.00     2   3.6732
#          30       0.01898      6.01      2.00     3   3.6967
#          31       0.02526      5.84      1.00     2   3.7016
#          32       0.00730     10.04      2.00     3   3.7075
#          33       0.00957      9.08      2.00     4   3.7731
#          34       0.01339      7.48      2.00     3   3.8024
#          35       0.00727     10.25      2.00     4   3.8295
#          36       0.00356     37.76      2.00     3   3.9185
#          37       0.01190      7.46      2.00     3   3.9243
#          38       0.02979      4.86      1.00     2   3.9596
#          39       0.00904      7.36      2.00     3   3.9611
#          40       0.01674      6.05      1.00     4   3.9727
#          41       0.01663      7.92      2.00     3   3.9771
#          42       0.02196      6.07      1.00     4   3.9991
#          43       0.01401      7.59      2.00     3   4.0362
#          45       0.00805     18.01      2.00     4   4.0600
#          47       0.00341      6.09      2.00     3   4.0727
#          48       0.01263      5.00      2.00     3   4.0845
#          49       0.01193     18.85      2.00     4   4.1126
#          50       0.03478      5.45      1.00     4   4.1147
#          51       0.00561      7.37      2.00     3   4.1451
#          52       0.00395      7.93      2.00     3   4.1524
#          53       0.00576      7.78      2.00     3   4.1535
#          54       0.00440     12.40      1.00     4   4.1642
#          55       0.00484     14.34      1.00     4   4.1638
#          57       0.01904      4.80      2.00     3   4.1983
#          58       0.01998      5.27      2.00     3   4.2000
#          59       0.00425     16.53      1.00     2   4.2027
#          60       0.00408     10.62      2.00     3   4.2209
#          62       0.00403     16.13      1.00     2   4.2394
#          64       0.00451     54.39      2.00     3   4.2528
#          67       0.01009      4.45      2.00     4   4.2800
#          68       0.00820     10.45      1.00     4   4.2958
#          69       0.00439     24.59      2.00     4   4.2973
#          70       0.00635     56.46      1.00     4   4.3030
#          71       0.00424     48.68      2.00     3   4.3051
#          73       0.00418     33.82      2.00     3   4.3072
#          74       0.00876     10.29      1.00     4   4.3084
#          75       0.00418      8.07      2.00     3   4.3093
#          76       0.01017      5.45      2.00     4   4.3117
#          78       0.00395     35.88      2.00     3   4.3236
#          79       0.00446     23.57      2.00     4   4.3256
#          80       0.01010      4.28      2.00     4   4.3300
#          81       0.00823     21.84      1.00     4   4.3306
#          82       0.00623     14.87      1.00     2   4.3517
#          83       0.00399     56.49      2.00     4   4.3574
#          84       0.00459     45.70      2.00     3   4.3590
#          85       0.00459     36.11      1.00     4   4.3663
#          86       0.00295     14.94      1.00     2   4.3672
#          87       0.00449     48.92      1.00     4   4.3708
#          89       0.00551     14.65      1.00     2   4.3742
#          90       0.00569     46.23      2.00     3   4.3748
#          91       0.00607     37.04      1.00     4   4.3755
#          92       0.00745     17.02      2.00     5   4.3790
#          93       0.01244     19.78      2.00     5   4.3881
#          94       0.00388     55.01      2.00     4   4.3893
#          95       0.00615     21.81      1.00     4   4.3973
#          96       0.00411     24.17      1.00     4   4.4078
#          97       0.00431     21.93      1.00     4   4.4118
#          98       0.00828     13.28      2.00     5   4.4157
#          99       0.00393      5.30      2.00     3   4.4202
#         100       0.00866      4.34      2.00     5   4.4435
#         101       0.01169      5.47      2.00     4   4.4453
#         103       0.00751     15.76      2.00     5   4.4472
#         104       0.00335     29.46      2.00     3   4.4901
#         107       0.00276     48.77      2.00     4   4.4974
#         108       0.00598     16.75      2.00     4   4.4983
#         110       0.00429      4.08      2.00     4   4.5027
#         112       0.00498     23.84      2.00     4   4.5034
#         113       0.00488     23.49      2.00     4   4.5084
#         116       0.00380     13.63      1.00     2   4.5104
#         118       0.00827     25.92      1.00     6   4.5147
#         119       0.00750     28.77      1.00     6   4.5236
#         120       0.00624     16.02      2.00     4   4.5255
#         121       0.00598     26.30      2.00     3   4.5299
#         122       0.00616     45.63      2.00     4   4.5306
#         123       0.00453     43.56      2.00     4   4.5574
#         124       0.00554     38.52      2.00     3   4.5764
#         125       0.00429     43.14      2.00     4   4.5768
#         126       0.00755      9.13      1.00     6   4.5763
#         127       0.00782      7.48      1.00     6   4.5790
#         128       0.00517     53.13      2.00     5   4.5797
#         129       0.00482     46.01      2.00     4   4.5891
#         130       0.00478     80.35      2.00     5   4.5964
#         131       0.00458     50.71      2.00     5   4.5973
#         132       0.00657     48.18      2.00     5   4.6018
#         133       0.00491     44.93      2.00     4   4.6063
#         134       0.00509     49.88      2.00     5   4.6074
#         135       0.00492     79.53      2.00     5   4.6069
#         136       0.00472     93.23      2.00     5   4.6076
#         138       0.00504     25.71      1.00     4   4.6195
#         139       0.01266      9.70      2.00     3   4.6230
#         140       0.00964     10.85      2.00     3   4.6235
#         141       0.00388     26.25      1.00     4   4.6285
#         142       0.00523     47.60      2.00     5   4.6351
#         143       0.08059     34.76      1.00     4   4.6423
#         144       0.00644     86.79      2.00     5   4.6425
#         146       0.00799      5.05      2.00     3   4.6511
#         148       0.00434     60.89      2.00     5   4.6610
#         149       0.00454     57.90      2.00     5   4.6619
#         150       0.00719     51.33      2.00     5   4.6690
#         151       0.00532     25.41      1.00     4   4.6762
#         152       0.00637     22.71      1.00     4   4.6856
#         153       0.01614      6.38      2.00     3   4.6984
#         154       0.00932     13.57      2.00     4   4.7013
#         156       0.00584      5.65      1.00     4   4.7096
#         158       0.00659    100.00      2.00     5   4.7185
#         159       0.00608      5.58      1.00     4   4.7202
#         160       0.01932      7.52      2.00     4   4.7277
#         161       0.00562     69.41      2.00     5   4.7275
#         162       0.00464      4.51      2.00     3   4.7302
#         163       0.00421     14.15      2.00     3   4.7323
#         165       0.01451      7.59      1.00     4   4.7422
#         166       0.00878     16.63      2.00     4   4.7427
#         167       0.01109      9.56      1.00     4   4.7432
#         169       0.00937      5.35      2.00     4   4.7515
#         170       0.01308    105.00      2.00     5   4.7525
#         171       0.00422     10.33      2.00     3   4.7540
#         172       0.00424     19.29      2.00     4   4.7547
#         174       0.00537     63.11      2.00     5   4.7620
#         175       0.00407      9.00      2.00     3   4.7758
#         176       0.00581      5.89      2.00     3   4.7760
#         177       0.00521     34.72      2.00     5   4.7801
#         178       0.00419     17.27      2.00     4   4.7832
#         179       0.01189     11.83      2.00     4   4.7835
#         180       0.00449      9.75      2.00     3   4.7872
#         181       0.00531     12.11      2.00     4   4.7959
#         182       0.00366      4.39      2.00     4   4.7961
#         183       0.00454     16.09      2.00     3   4.8039
#         184       0.01218      5.70      2.00     6   4.8051
#         185       0.00365      4.81      2.00     4   4.8067
#         186       0.00535     33.13      2.00     5   4.8079
#         187       0.01240      6.62      2.00     4   4.8102
#         189       0.00688    104.90      1.00     6   4.8174
#         190       0.02325      7.16      2.00     4   4.8214
#         191       0.00669     51.45      1.00     6   4.8265
#         192       0.01043     19.78      2.00     5   4.8279
#         193       0.01368    117.40      1.00     6   4.8289
#         194       0.01479     29.22      2.00     5   4.8337
#         195       0.00624     48.48      1.00     6   4.8384
#         196       0.00802     10.55      2.00     4   4.8420
#         197       0.01041     15.78      2.00     5   4.8612
#         198       0.01197      6.47      2.00     6   4.8615
#         199       0.01766     10.99      2.00     4   4.8620
#         200       0.00446      6.32      2.00     3   4.8626
#         201       0.00996      6.23      2.00     4   4.8648
#         202       0.00847     11.66      2.00     4   4.8688
#         203       0.00463     26.05      2.00     4   4.8699
#         204       0.00442      6.06      2.00     3   4.8715
#         205       0.01764      4.73      2.00     5   4.8724
#         206       0.00959     93.99      2.00     6   4.8791
#         207       0.00818     18.72      2.00     5   4.8825
#         208       0.00984     91.22      2.00     6   4.8843
#         209       0.01022     11.52      2.00     5   4.8880
#         210       0.01521      4.11      2.00     4   4.9005
#         211       0.00390      9.68      2.00     4   4.9098
#         212       0.00739     47.78      1.00     6   4.9121
#         213       0.00554      4.86      1.00     4   4.9131
#         214       0.00377      9.48      2.00     4   4.9143
#         215       0.00588     47.27      1.00     6   4.9142
#         216       0.00392     11.24      2.00     4   4.9216
#         217       0.01575     26.33      2.00     5   4.9277
#         218       0.00375     10.77      2.00     4   4.9283
#         219       0.01569      4.03      2.00     4   4.9325
#         220       0.00947     24.70      1.00     6   4.9397
#         221       0.00945     29.09      1.00     6   4.9407
#         223       0.00761     11.74      2.00     5   4.9462
#         224       0.00592     10.36      2.00     4   4.9468
#         225       0.00447     19.73      2.00     4   4.9479
#         226       0.01667      4.25      2.00     3   4.9533
#         227       0.00889     15.24      2.00     5   4.9542
#         228       0.01266      4.99      2.00     5   4.9563
#         229       0.02428      4.05      2.00     3   4.9619
#         230       0.00437     19.61      2.00     4   4.9616
#         231       0.00723      4.22      2.00     4   4.9685
#         232       0.00584      9.25      2.00     4   4.9760
#         233       0.01542     10.27      2.00     5   4.9769
#         234       0.00422     17.28      2.00     4   4.9810
#         235       0.00421     25.99      2.00     5   4.9861
#         237       0.00938     18.69      2.00     5   4.9880
#         239       0.00827     22.31      2.00     5   4.9885
#         240       0.01204      5.00      2.00     5   4.9931
#         241       0.00405     17.52      2.00     4   4.9948
#         243       0.00423     30.57      2.00     5   4.9980
#         244       0.00352      6.18      2.00     3   5.0005
#         245       0.02138      4.25      2.00     3   5.0000
#         246       0.00756      9.63      2.00     5   5.0059
#         247       0.01997      6.04      2.00     4   5.0082
#         248       0.01875      4.53      2.00     3   5.0088
#         249       0.01300      5.22      2.00     5   5.0091
#         250       0.00422     23.97      2.00     5   5.0132
#         251       0.00421     27.36      2.00     5   5.0273
#         252       0.00397     11.68      2.00     4   5.0305
#         253       0.01648      9.76      2.00     5   5.0314
#         254       0.00400     21.93      2.00     5   5.0312
#         255       0.00377      6.14      2.00     4   5.0325
#         256       0.02414      8.28      2.00     5   5.0323
#         257       0.01023      9.62      2.00     5   5.0340
#         258       0.00606      4.14      2.00     4   5.0376
#         260       0.00760      4.33      2.00     5   5.0423
#         261       0.01245      4.91      2.00     5   5.0449
#         262       0.00667     33.65      2.00     5   5.0458
#         263       0.00516     14.71      2.00     4   5.0475
#         264       0.01715      4.30      2.00     4   5.0507
#         265       0.00634     32.77      2.00     5   5.0524
#         266       0.00379     11.27      2.00     4   5.0532
#         267       0.00518     27.88      2.00     5   5.0549
#         268       0.00549     14.23      2.00     4   5.0586
#         269       0.00549     26.69      2.00     5   5.0593
#         270       0.00392     19.65      2.00     5   5.0605
#         271       0.01115      9.35      2.00     5   5.0653
#         272       0.00555      9.24      2.00     5   5.0676
#         273       0.01281      5.08      2.00     5   5.0682
#         274       0.01641     12.17      2.00     5   5.0742
#         276       0.00471     32.19      2.00     5   5.0790
#         277       0.00505     31.14      2.00     5   5.0855
#         278       0.00932      7.75      2.00     4   5.0920
#         279       0.00949      4.14      2.00     4   5.0921
#         280       0.01404     11.63      2.00     6   5.0920
#         282       0.02958      8.21      2.00     5   5.0931
#         284       0.00503      5.66      1.00     4   5.0974
#         286       0.00443     18.40      2.00     4   5.1039
#         287       0.01068      8.59      2.00     4   5.1045
#         288       0.01044     29.73      2.00     6   5.1104
#         292       0.01607      5.49      2.00     3   5.1247
#         293       0.00418     11.58      2.00     4   5.1259
#         295       0.02083      6.32      2.00     3   5.1334
#         296       0.00719      4.07      1.00     4   5.1339
#         297       0.00418     11.78      2.00     4   5.1360
#         298       0.01370     28.17      2.00     6   5.1382
#         299       0.01275     12.25      2.00     6   5.1446
#         300       0.00946      7.53      2.00     4   5.1488
#         302       0.00405      5.12      2.00     4   5.1523
#         304       0.01468      6.56      2.00     4   5.1601
#         305       0.00352      6.28      2.00     4   5.1608
#         306       0.03368     28.32      2.00     6   5.1643
#         307       0.01626     18.19      2.00     6   5.1658
#         308       0.00892      8.14      2.00     4   5.1664
#         309       0.00584     12.77      2.00     3   5.1675
#         310       0.00765      7.60      2.00     4   5.1687
#         311       0.00577     36.21      2.00     5   5.1699
#         312       0.00860     13.70      2.00     5   5.1737
#         313       0.00946     11.40      2.00     5   5.1746
#         314       0.01032      6.12      2.00     4   5.1838
#         315       0.01318      8.45      2.00     5   5.1847
#         316       0.00368     30.09      2.00     5   5.1862
#         318       0.00417      8.16      2.00     3   5.1906
#         319       0.00351     29.74      2.00     5   5.1916
#         321       0.02300     27.37      2.00     6   5.1994
#         323       0.01081      8.44      2.00     5   5.2008
#         324       0.00970      6.48      2.00     5   5.2026
#         327       0.00641     12.17      2.00     5   5.2101
#         328       0.00420     26.81      2.00     5   5.2124
#         329       0.01554      6.33      2.00     3   5.2191
#         330       0.01330     10.19      2.00     5   5.2229
#         331       0.00409     26.00      2.00     5   5.2249
#         332       0.01045     18.11      2.00     6   5.2259
#         333       0.01293      7.76      2.00     4   5.2273
#         334       0.01283     13.73      2.00     5   5.2280
#         336       0.00850     12.88      1.00     6   5.2338
#         337       0.00822      4.14      1.00     6   5.2338
#         338       0.02111      6.27      2.00     4   5.2381
#         339       0.00568     11.21      2.00     5   5.2406
#         340       0.01228      6.90      2.00     4   5.2471
#         341       0.01346      4.76      1.00     4   5.2514
#         343       0.00458     10.97      2.00     4   5.2569
#         344       0.01826     11.74      2.00     5   5.2591
#         345       0.01637      7.03      2.00     4   5.2600
#         347       0.00397     53.66      2.00     6   5.2626
#         349       0.00722      9.26      2.00     5   5.2677
#         350       0.02282      4.53      1.00     4   5.2686
#         352       0.01166      4.63      2.00     4   5.2697
#         355       0.00983      5.87      2.00     5   5.2710
#         356       0.00395      9.87      2.00     4   5.2771
#         358       0.01051      6.09      2.00     4   5.2847
#         359       0.00862      5.39      2.00     5   5.2848
#         360       0.01060     10.65      2.00     5   5.2854
#         361       0.01051      4.18      2.00     3   5.2892
#         362       0.00395     49.40      2.00     6   5.2906
#         363       0.00768      5.63      2.00     3   5.2920
#         365       0.00827     14.46      2.00     5   5.2958
#         367       0.00755      8.92      2.00     3   5.3050
#         368       0.00888     16.96      2.00     5   5.3048
#         370       0.00432     41.07      2.00     6   5.3091
#         372       0.00699     14.18      2.00     4   5.3123
#         374       0.00966      5.74      2.00     3   5.3147
#         375       0.03478     11.99      2.00     5   5.3145
#         376       0.00644     40.56      2.00     6   5.3170
#         377       0.00950      4.02      1.00     4   5.3198
#         378       0.00970      5.68      2.00     3   5.3207
#         379       0.01294      6.22      2.00     5   5.3207
#         380       0.00891     12.15      2.00     4   5.3231
#         381       0.01055      8.98      2.00     5   5.3235
#         383       0.00481     19.39      2.00     5   5.3249
#         384       0.00851      8.53      2.00     6   5.3293
#         385       0.00856      9.91      2.00     6   5.3293
#         386       0.00918     20.51      2.00     5   5.3305
#         387       0.00484     35.77      2.00     6   5.3322
#         388       0.01185      5.66      2.00     4   5.3327
#         389       0.00921      8.92      2.00     3   5.3341
#         390       0.00915     14.29      2.00     4   5.3348
#         391       0.00517     18.54      2.00     5   5.3350
#         392       0.01210     14.19      2.00     6   5.3350
#         393       0.01252     10.92      2.00     5   5.3357
#         394       0.00517     34.69      2.00     6   5.3357
#         395       0.00863      9.77      1.00     4   5.3362
#         397       0.00856      4.91      2.00     5   5.3371
#         398       0.00879      7.68      2.00     4   5.3388
#         399       0.00888     12.55      2.00     4   5.3392
#         400       0.00806     10.46      2.00     5   5.3401
#         401       0.00908     21.06      2.00     5   5.3399
#         402       0.01251      5.04      2.00     5   5.3407
#         403       0.00835     32.92      2.00     5   5.3435
#         406       0.00837     29.01      1.00     6   5.3508
#         407       0.00792     12.49      2.00     4   5.3518
#         410       0.01105      6.11      2.00     4   5.3552
#         411       0.00386      5.44      2.00     4   5.3557
#         412       0.00842      9.01      2.00     6   5.3576
#         413       0.00848      8.85      2.00     6   5.3576
#         414       0.00929      9.98      1.00     4   5.3587
#         415       0.00943     33.74      2.00     5   5.3593
#         416       0.00748     20.64      2.00     5   5.3592
#         417       0.00505      5.75      2.00     4   5.3602
#         418       0.00943     29.53      1.00     6   5.3600
#         419       0.01245      8.00      2.00     3   5.3619
#         420       0.00982      4.59      2.00     5   5.3637
#         422       0.01144      5.39      2.00     3   5.3673
#         423       0.01105      4.04      1.00     4   5.3675
#         424       0.01266      4.53      2.00     5   5.3680
#         426       0.01514      5.70      2.00     5   5.3698
#         427       0.01085      7.55      2.00     4   5.3724
#         428       0.01018     13.89      2.00     5   5.3736
#         429       0.00830      5.11      2.00     5   5.3737
#         431       0.00868      5.24      2.00     3   5.3753
#         432       0.01338     15.56      2.00     5   5.3830
#         433       0.01050      5.52      2.00     3   5.3836
#         434       0.00844     10.48      2.00     4   5.3893
#         435       0.00840      4.11      2.00     6   5.3894
#         436       0.00987     12.09      2.00     4   5.3918
#         438       0.00987     20.19      2.00     5   5.3925
#         439       0.01366     26.91      2.00     6   5.3948
#         440       0.00652     11.66      2.00     4   5.3954
#         441       0.00897      5.54      2.00     5   5.3966
#         442       0.00732      5.09      2.00     5   5.3966
#         443       0.00464     14.31      2.00     5   5.3975
#         444       0.00412      6.09      2.00     5   5.3976
#         445       0.00673      4.72      2.00     3   5.3984
#         446       0.01136     12.99      2.00     6   5.4028
#         447       0.01173     28.44      2.00     6   5.4038
#         448       0.00667      9.97      2.00     4   5.4060
#         449       0.00823      4.94      2.00     5   5.4099
#         450       0.00412      5.01      2.00     5   5.4100
#         451       0.02307      4.66      2.00     5   5.4104
#         452       0.01602     12.98      2.00     7   5.4110
#         453       0.00500      5.55      2.00     4   5.4116
#         455       0.01046      5.08      2.00     4   5.4159
#         456       0.00890      8.42      2.00     4   5.4159
#         457       0.00893      7.37      2.00     4   5.4196
#         458       0.01454     15.05      2.00     7   5.4201
#         459       0.00929      5.85      2.00     5   5.4205
#         460       0.00731      5.41      2.00     5   5.4205
#         461       0.00824      4.09      2.00     6   5.4213
#         463       0.01071      5.85      2.00     4   5.4245
#         464       0.01109      7.16      2.00     6   5.4293
#         465       0.00845      8.79      2.00     4   5.4300
#         466       0.00809      6.55      2.00     4   5.4327
#         468       0.00719      8.13      1.00     4   5.4372
#         469       0.00812     10.63      2.00     5   5.4378
#         470       0.00637      8.00      2.00     5   5.4407
#         471       0.00811      9.23      2.00     4   5.4434
#         472       0.01073      7.50      2.00     4   5.4437
#         473       0.00836     22.21      2.00     5   5.4456
#         474       0.01662      9.97      2.00     7   5.4477
#         475       0.00649     11.75      2.00     4   5.4483
#         476       0.01045     11.12      2.00     5   5.4488
#         477       0.01084      6.90      2.00     4   5.4496
#         478       0.03298     27.79      2.00     6   5.4500
#         479       0.01109     17.08      2.00     5   5.4508
#         480       0.00465      5.96      2.00     5   5.4525
#         481       0.00978      4.59      2.00     5   5.4559
#         482       0.00899     17.56      2.00     6   5.4564
#         484       0.01025     30.26      2.00     6   5.4581
#         485       0.01926     27.77      2.00     6   5.4594
#         486       0.00665     13.50      2.00     5   5.4616
#         487       0.00431      7.61      2.00     4   5.4623
#         488       0.00538     32.60      2.00     6   5.4633
#         489       0.00582      7.66      2.00     5   5.4637
#         490       0.00480     14.14      2.00     5   5.4647
#         491       0.00440      8.36      2.00     5   5.4654
#         492       0.01060     11.32      2.00     5   5.4664
#         493       0.00927     17.70      2.00     5   5.4682
#         495       0.00927     31.45      2.00     6   5.4689
#         496       0.00590      4.01      2.00     3   5.4723
#         497       0.00312      8.67      2.00     4   5.4742
#         498       0.01138     22.33      2.00     5   5.4746
#         499       0.00590      8.54      2.00     4   5.4748
#         500       0.00952      4.59      2.00     5   5.4759
#         502       0.00961     14.90      2.00     6   5.4762
#         503       0.00989     10.18      2.00     6   5.4762
#         508       0.00965      4.29      2.00     6   5.4783
#         509       0.01538      5.27      2.00     5   5.4791
#         510       0.01509     11.91      2.00     7   5.4792
#         511       0.01167      5.34      2.00     5   5.4811
#         512       0.00635      4.72      1.00     4   5.4822
#         514       0.01010     11.29      2.00     5   5.4819
#         515       0.01166      6.08      2.00     5   5.4819
#         516       0.00923      8.61      2.00     5   5.4819
#         517       0.01020     39.25      2.00     6   5.4819
#         518       0.00724     18.17      2.00     5   5.4824
#         519       0.00948      4.41      2.00     5   5.4850
#         521       0.00996      7.05      2.00     5   5.4854
#         522       0.00560      6.01      2.00     5   5.4871
#         523       0.00944      6.20      2.00     5   5.4877
#         524       0.01220     18.13      2.00     5   5.4883
#         525       0.01005      8.80      2.00     4   5.4898
#         526       0.00844     13.99      2.00     5   5.4902
#         527       0.01026      5.11      2.00     5   5.4905
#         528       0.01091      7.76      2.00     5   5.4905
#         529       0.00579     31.12      2.00     6   5.4908
#         530       0.00568      7.79      2.00     5   5.4910
#         531       0.00947      8.40      2.00     6   5.4923
#         532       0.00804     13.35      2.00     6   5.4927
#         533       0.01954      6.32      2.00     4   5.4930
#         534       0.01220     11.94      2.00     6   5.4936
#         535       0.00958     13.25      2.00     5   5.4950
#         536       0.01074      9.72      2.00     6   5.4964
#         537       0.01196     11.86      2.00     6   5.4983
#         538       0.00644     14.27      2.00     5   5.4999
#         539       0.01110      9.31      2.00     6   5.5004
#         540       0.01228     11.20      2.00     5   5.5014
#         541       0.00968      4.43      2.00     5   5.5024
#         542       0.01019      7.64      2.00     5   5.5028
#         543       0.00968      9.13      2.00     6   5.5030
#         544       0.00936     14.90      2.00     6   5.5034
#         545       0.00948     14.00      2.00     6   5.5037
#         546       0.00982      9.36      2.00     6   5.5037
#         547       0.01084     15.88      2.00     6   5.5053
#         548       0.00950      4.59      2.00     6   5.5065
#         549       0.01025     12.46      2.00     6   5.5061
#         550       0.00990      8.71      2.00     6   5.5072
#         554       0.03015      5.68      2.00     5   5.5135
#         556       0.00622     21.04      2.00     5   5.5140
#         557       0.00703     21.70      2.00     5   5.5144
#         558       0.00818     38.35      2.00     6   5.5151
#         560       0.01798      4.14      2.00     6   5.5153
#         561       0.00849      4.62      2.00     5   5.5158
#         562       0.01047      9.72      2.00     6   5.5168
#         563       0.01050      5.75      2.00     5   5.5221
#         564       0.00965      6.37      2.00     5   5.5226
#         565       0.01014      5.56      2.00     5   5.5244
#         566       0.00905     10.42      2.00     6   5.5294
#         567       0.01006      6.02      2.00     6   5.5303
#         568       0.01030     10.79      2.00     6   5.5303
#         569       0.00798     10.23      2.00     5   5.5316
#         570       0.00799     10.12      2.00     5   5.5316
#         571       0.00649     15.22      2.00     5   5.5325
#         572       0.00944      6.19      2.00     6   5.5337
#         573       0.01031      8.49      2.00     6   5.5354
#         576       0.02602      4.26      2.00     4   5.5389
#         577       0.00861      7.70      2.00     6   5.5404
#         580       0.00960     12.19      2.00     6   5.5416
#         581       0.00718     18.57      2.00     5   5.5424
#         582       0.00953      9.63      2.00     6   5.5427
#         583       0.00495      7.48      1.00     2   5.5475
#         584       0.00497     19.86      2.00     3   5.5478
#         585       0.01068     12.99      2.00     5   5.5475
#         586       0.00499     13.86      1.00     4   5.5481
#         587       0.00505     12.46      2.00     5   5.5488
#         589       0.00644     12.64      2.00     5   5.5513
#         590       0.00895     10.77      2.00     6   5.5575
#         591       0.01082      5.81      2.00     6   5.5575
#         592       0.00615      5.12      2.00     4   5.5594
#         593       0.00925     28.51      2.00     6   5.5605
#         594       0.00911      5.34      2.00     6   5.5601
#         595       0.00913      4.80      2.00     6   5.5605
#         598       0.00806      6.22      2.00     5   5.5619
#         599       0.01027     10.25      2.00     6   5.5618
#         600       0.00602     63.49      2.00     7   5.5623
#         601       0.00808     11.88      2.00     6   5.5626
#         603       0.01079      8.09      1.00     6   5.5654
#         604       0.00927     18.66      2.00     5   5.5662
#         605       0.00616     63.74      2.00     7   5.5671
#         606       0.00526     14.16      1.00     4   5.5678
#         607       0.00951      7.06      2.00     6   5.5682
#         608       0.00616      5.12      2.00     4   5.5682
#         609       0.01079      4.06      2.00     4   5.5689
#         610       0.00868     10.93      2.00     5   5.5694
#         611       0.00874     10.86      2.00     5   5.5694
#         612       0.02028      9.72      2.00     6   5.5701
#         613       0.00916     29.27      2.00     6   5.5713
#         615       0.00873      4.95      2.00     5   5.5727
#         616       0.00854     46.91      2.00     6   5.5736
#         617       0.01577     10.13      2.00     6   5.5780
#         618       0.01253      8.53      1.00     6   5.5777
#         621       0.00656     13.54      2.00     5   5.5803
#         622       0.00855     86.74      2.00     7   5.5809
#         623       0.01032      5.59      2.00     5   5.5817
#         625       0.00754      7.67      2.00     6   5.5867
#         626       0.01043      9.40      2.00     6   5.5894
#         627       0.00730     21.25      2.00     6   5.5892
#         628       0.00809     29.88      2.00     6   5.5892
#         629       0.05222     11.77      2.00     6   5.5899
#         630       0.00905     47.90      2.00     6   5.5908
#         631       0.00905     88.48      2.00     7   5.5914
#         632       0.00463     13.08      2.00     4   5.5948
#         633       0.00851      8.33      2.00     6   5.5990
#         634       0.00913     22.15      2.00     5   5.6021
#         635       0.00496     13.28      1.00     4   5.6092
#         636       0.01039     10.80      2.00     6   5.6088
#         637       0.01029      9.13      2.00     6   5.6115
#         638       0.00976     30.70      2.00     7   5.6117
#         639       0.00886     13.25      2.00     7   5.6117
#         640       0.00545     15.60      2.00     5   5.6123
#         641       0.01061      9.82      2.00     6   5.6131
#         642       0.01127     13.62      1.00     6   5.6130
#         644       0.01353      8.39      2.00     6   5.6148
#         645       0.01275     11.91      2.00     6   5.6148
#         646       0.00843     14.25      2.00     6   5.6148
#         647       0.01065      8.45      2.00     6   5.6161
#         649       0.01815      9.90      2.00     6   5.6174
#         650       0.01623     64.66      2.00     5   5.6180
#         651       0.01090      9.43      2.00     6   5.6177
#         652       0.00551      5.53      2.00     5   5.6184
#         653       0.00423      7.20      1.00     2   5.6195
#         654       0.01416     19.73      2.00     6   5.6211
#         655       0.01500      9.25      2.00     5   5.6231
#         656       0.01056      6.86      2.00     6   5.6234
#         657       0.00957     15.08      2.00     6   5.6234
#         658       0.01030     15.62      2.00     6   5.6238
#         659       0.00928     21.01      2.00     6   5.6239
#         660       0.00999     29.24      2.00     6   5.6239
#         661       0.00419     18.55      2.00     3   5.6251
#         662       0.00357     18.52      2.00     3   5.6253
#         663       0.00531      4.82      2.00     5   5.6251
#         664       0.00372     26.64      2.00     4   5.6256
#         665       0.00974      6.70      2.00     4   5.6267
#         666       0.00403      5.20      2.00     5   5.6274
#         667       0.00415      5.32      2.00     5   5.6274
#         668       0.00903     41.16      2.00     7   5.6284
#         669       0.01032     32.04      2.00     7   5.6293
#         670       0.01045     28.94      2.00     7   5.6293
#         671       0.00527     15.55      2.00     5   5.6298
#         672       0.00424     12.68      1.00     4   5.6307
#         673       0.00878     22.37      2.00     6   5.6306
#         674       0.01078     26.63      2.00     7   5.6338
#         675       0.00899     30.85      2.00     7   5.6338
#         676       0.00772     35.62      2.00     6   5.6346
#         677       0.00769     12.97      2.00     4   5.6358
#         678       0.00395      4.76      2.00     4   5.6364
#         679       0.00385      6.07      2.00     5   5.6366
#         680       0.01359     22.53      2.00     5   5.6365
#         681       0.01338     20.86      2.00     6   5.6383
#         682       0.00862     29.16      2.00     7   5.6394
#         683       0.00917     14.60      2.00     7   5.6394
#         684       0.01347     43.64      2.00     7   5.6389
#         685       0.01777      7.51      2.00     6   5.6397
#         686       0.01095     12.10      2.00     7   5.6396
#         687       0.01058     26.44      2.00     7   5.6396
#         688       0.00625      9.50      2.00     5   5.6436
#         690       0.00487     16.19      2.00     5   5.6446
#         691       0.00551     14.36      2.00     5   5.6456
#         692       0.01449      5.68      2.00     6   5.6454
#         693       0.01712      7.66      2.00     6   5.6453
#         694       0.01177     25.11      2.00     6   5.6458
#         697       0.00797      7.03      2.00     5   5.6464
#         698       0.00799     10.97      2.00     5   5.6464
#         700       0.01537      9.84      2.00     6   5.6490
#         701       0.01486      5.35      2.00     6   5.6494
#         702       0.01194     12.93      2.00     6   5.6490
#         703       0.01334     14.93      2.00     6   5.6490
#         704       0.00615     21.19      1.00     6   5.6503
#         705       0.00908     11.56      2.00     6   5.6515
#         706       0.02183      4.19      2.00     3   5.6571
#         707       0.00627     22.84      1.00     6   5.6567
#         708       0.00943      7.39      2.00     6   5.6581
#         709       0.00982     15.29      2.00     6   5.6581
#         710       0.00636     16.03      2.00     5   5.6583
#         711       0.01031     16.13      2.00     6   5.6585
#         712       0.00780     34.30      2.00     6   5.6604
#         713       0.01028     13.43      2.00     6   5.6605
#         714       0.00649      5.64      2.00     6   5.6609
#         715       0.00625     21.20      2.00     6   5.6624
#         716       0.01449      7.06      2.00     5   5.6646
#         717       0.01019      8.44      2.00     7   5.6671
#         718       0.00866     12.29      2.00     7   5.6671
#         719       0.01620     81.16      1.00     6   5.6682
#         720       0.00715     12.69      1.00     6   5.6701
#         721       0.00615      9.50      2.00     5   5.6727
#         722       0.00610     32.04      2.00     5   5.6724
#         723       0.01293      8.86      2.00     5   5.6734
#         724       0.01098     58.42      2.00     5   5.6750
#         725       0.01100     11.83      2.00     7   5.6745
#         726       0.01035     28.67      2.00     7   5.6745
#         727       0.00336     26.75      2.00     4   5.6755
#         728       0.00344     40.95      2.00     5   5.6758
#         729       0.01392      6.25      2.00     6   5.6764
#         730       0.00930      5.14      2.00     4   5.6771
#         731       0.00947      8.04      2.00     6   5.6793
#         732       0.00950      5.30      2.00     6   5.6793
#         734       0.00594     18.93      2.00     3   5.6825
#         736       0.00364     10.00      1.00     6   5.6868
#         737       0.00546     26.13      2.00     4   5.6881
#         738       0.00823     45.88      2.00     7   5.6882
#         739       0.00543      5.90      2.00     5   5.6890
#         740       0.01025     40.26      2.00     6   5.6900
#         741       0.00961     14.53      2.00     6   5.6900
#         743       0.00982      5.50      2.00     6   5.6922
#         744       0.00550     32.38      2.00     5   5.6935
#         745       0.01655      5.13      2.00     5   5.6930
#         746       0.01032     19.69      2.00     7   5.6930
#         747       0.02381     28.37      2.00     5   5.6938
#         748       0.02163      6.04      2.00     5   5.6935
#         749       0.01032     16.76      2.00     7   5.6939
#         750       0.00542      5.88      2.00     5   5.6944
#         751       0.00543     12.19      2.00     6   5.6951
#         752       0.00580     21.85      2.00     6   5.6947
#         753       0.00515     10.35      1.00     4   5.6954
#         754       0.01117     19.74      2.00     6   5.6955
#         755       0.00716     36.75      2.00     6   5.6957
#         756       0.00481      5.01      1.00     6   5.6978
#         759       0.01068     14.70      2.00     5   5.7000
#         760       0.01022     47.69      2.00     7   5.7003
#         762       0.02056     52.10      2.00     6   5.7011
#         763       0.01382      7.84      2.00     7   5.7010
#         764       0.00838     14.67      2.00     7   5.7010
#         765       0.00790     13.67      2.00     5   5.7015
#         766       0.00475     16.11      1.00     4   5.7031
#         767       0.00504     36.29      2.00     5   5.7028
#         769       0.01359      6.40      2.00     6   5.7044
#         770       0.00955      7.09      2.00     6   5.7065
#         771       0.00904     12.34      2.00     6   5.7082
#         772       0.00911      8.39      2.00     5   5.7094
#         773       0.01036      4.55      2.00     5   5.7094
#         774       0.00504     32.98      1.00     6   5.7101
#         776       0.00600     20.35      2.00     6   5.7110
#         777       0.00830     29.54      2.00     5   5.7122
#         778       0.00966      8.05      1.00     6   5.7119
#         779       0.00721      6.52      1.00     6   5.7121
#         780       0.00871     61.35      2.00     7   5.7120
#         781       0.01453      7.19      2.00     6   5.7123
#         782       0.01187      7.32      2.00     6   5.7123
#         783       0.00810      8.10      1.00     6   5.7123
#         784       0.00806      6.52      1.00     6   5.7123
#         785       0.00982      5.50      1.00     6   5.7123
#         786       0.00871     55.11      2.00     6   5.7129
#         787       0.00834      5.36      2.00     4   5.7140
#         788       0.00535      6.30      2.00     5   5.7138
#         789       0.00528     26.81      2.00     6   5.7140
#         790       0.01342     31.98      2.00     7   5.7137
#         791       0.01359     24.81      2.00     7   5.7137
#         792       0.00701      8.40      2.00     6   5.7149
#         793       0.00460      5.17      2.00     6   5.7157
#         794       0.00683     26.59      2.00     6   5.7168
#         795       0.00923      4.39      2.00     6   5.7169
#         796       0.00450     10.54      2.00     3   5.7176
#         797       0.00452     15.08      2.00     4   5.7179
#         798       0.01170      5.95      2.00     5   5.7180
#         800       0.01468     13.76      2.00     6   5.7176
#         801       0.00841      8.33      2.00     5   5.7191
#         802       0.01097     15.93      2.00     5   5.7200
#         803       0.00362      9.79      1.00     4   5.7209
#         804       0.00537     12.36      2.00     6   5.7211
#         805       0.00364     35.68      2.00     5   5.7216
#         806       0.00846     39.60      2.00     6   5.7220
#         807       0.00614     14.54      2.00     6   5.7220
#         808       0.00364     33.54      1.00     6   5.7223
#         809       0.00621     77.35      2.00     6   5.7226
#         810       0.01051     21.38      2.00     7   5.7224
#         811       0.01176     26.34      2.00     7   5.7228
#         812       0.01376     24.31      1.00     6   5.7233
#         813       0.00828      4.86      2.00     4   5.7235
#         814       0.00829      8.59      2.00     5   5.7242
#         815       0.01475      5.06      2.00     6   5.7244
#         816       0.00553     19.43      2.00     6   5.7241
#         817       0.01542     35.37      2.00     7   5.7254
#         818       0.01561     29.12      2.00     7   5.7254
#         819       0.00949      5.14      2.00     4   5.7270
#         820       0.00926     12.21      2.00     5   5.7275
#         821       0.01092      4.90      2.00     4   5.7292
#         822       0.00410     21.99      2.00     4   5.7298
#         823       0.00422     33.77      2.00     5   5.7302
#         827       0.00543     18.66      2.00     5   5.7332
#         828       0.02541      8.65      2.00     6   5.7333
#         830       0.00936     22.69      2.00     7   5.7345
#         831       0.01210     28.76      2.00     7   5.7349
#         833       0.00639      4.46      2.00     4   5.7377
#         834       0.00848     13.28      2.00     5   5.7385
#         835       0.00850     24.43      2.00     6   5.7392
#         836       0.01129     70.87      1.00     6   5.7407
#         837       0.00521     10.11      2.00     6   5.7412
#         838       0.00862      4.40      2.00     4   5.7421
#         839       0.00708     29.85      2.00     6   5.7425
#         840       0.00671      4.54      2.00     5   5.7438
#         841       0.00664      5.08      2.00     5   5.7438
#         842       0.00814      4.32      2.00     4   5.7454
#         843       0.00465     16.68      1.00     4   5.7456
#         844       0.00926     59.83      2.00     7   5.7465
#         845       0.00838      7.54      2.00     5   5.7473
#         847       0.00700     25.65      2.00     4   5.7482
#         848       0.01008      4.12      2.00     6   5.7485
#         850       0.01111     29.93      2.00     6   5.7491
#         851       0.00541      9.02      2.00     6   5.7490
#         852       0.00840     20.27      2.00     6   5.7501
#         853       0.00792     20.25      2.00     6   5.7501
#         854       0.01078     33.42      2.00     6   5.7501
#         855       0.01196     21.93      2.00     7   5.7505
#         856       0.00933     33.64      2.00     7   5.7505
#         857       0.00825      7.80      2.00     5   5.7527
#         858       0.00495     47.78      2.00     5   5.7533
#         859       0.00644     38.14      2.00     5   5.7538
#         860       0.00510     10.20      1.00     6   5.7547
#         861       0.00989     10.03      2.00     5   5.7554
#         863       0.00365     11.28      2.00     3   5.7565
#         865       0.01412      6.02      2.00     5   5.7569
#         868       0.00566     75.28      2.00     6   5.7592
#         869       0.00943     22.52      2.00     7   5.7595
#         870       0.00874     41.96      2.00     7   5.7595
#         871       0.00816     11.94      2.00     5   5.7603
#         873       0.00669     15.39      2.00     4   5.7620
#         874       0.00987     19.21      2.00     6   5.7627
#         875       0.00491     23.64      2.00     4   5.7667
#         876       0.01007      9.26      2.00     5   5.7676
#         877       0.00824     22.26      2.00     6   5.7677
#         878       0.00565     33.20      2.00     6   5.7672
#         880       0.01007     17.51      2.00     6   5.7683
#         881       0.00853      7.69      2.00     5   5.7717
#         882       0.00535     34.39      2.00     5   5.7723
#         884       0.00628      9.22      2.00     6   5.7732
#         885       0.00636      4.19      2.00     5   5.7753
#         886       0.00633      4.73      2.00     5   5.7753
#         887       0.01435     21.66      2.00     7   5.7754
#         888       0.01468     21.31      2.00     7   5.7754
#         889       0.00859      7.30      2.00     5   5.7760
#         890       0.00610     19.64      1.00     6   5.7769
#         891       0.00550     21.29      1.00     6   5.7777
#         892       0.01297     16.94      2.00     7   5.7782
#         893       0.01167     19.56      2.00     7   5.7782
#         894       0.01498      5.76      2.00     5   5.7790
#         895       0.05795      4.52      2.00     6   5.7788
#         896       0.01367     21.41      2.00     7   5.7808
#         897       0.01397     21.44      2.00     7   5.7808
#         898       0.00994      4.58      2.00     4   5.7819
#         899       0.01345     15.93      2.00     7   5.7828
#         900       0.01204     18.25      2.00     7   5.7828
#         902       0.01442     25.80      2.00     7   5.7845
#         903       0.00848     35.79      2.00     7   5.7845
#         905       0.00819     20.72      2.00     6   5.7857
#         906       0.00797     20.47      2.00     6   5.7857
#         907       0.01082     33.54      2.00     6   5.7857
#         908       0.00863      4.08      2.00     6   5.7867
#         910       0.00694      7.10      2.00     5   5.7901
#         911       0.00783     17.40      2.00     5   5.7915
#         912       0.01020     17.10      2.00     7   5.7932
#         913       0.01024     24.61      1.00     6   5.7937
#         914       0.01203     24.72      2.00     7   5.7940
#         915       0.01286     42.44      2.00     7   5.7940
#         916       0.00483     17.11      2.00     4   5.7954
#         918       0.00868     11.22      2.00     5   5.8023
#         920       0.00546     35.44      1.00     6   5.8034
#         921       0.01122     22.88      2.00     6   5.8042
#         922       0.01097     19.56      2.00     6   5.8045
#         924       0.01054      4.53      2.00     3   5.8058
#         925       0.00485     44.77      2.00     5   5.8077
#         927       0.01258     12.40      2.00     7   5.8107
#         928       0.00493     46.72      2.00     5   5.8113
#         929       0.01038      9.42      2.00     7   5.8118
#         930       0.00579      6.45      2.00     5   5.8126
#         931       0.01600      4.53      1.00     6   5.8122
#         932       0.00874     18.49      2.00     7   5.8121
#         933       0.01072     19.28      2.00     7   5.8121
#         934       0.01748      9.98      2.00     6   5.8127
#         936       0.02265      6.14      1.00     6   5.8132
#         937       0.01275     12.91      2.00     7   5.8133
#         938       0.01014     10.60      2.00     7   5.8144
#         941       0.00848      4.23      2.00     6   5.8152
#         942       0.02383      8.45      2.00     6   5.8155
#         943       0.00584      6.76      2.00     5   5.8184
#         944       0.00465     18.66      2.00     4   5.8195
#         946       0.00523     14.59      2.00     5   5.8249
#         947       0.03759      7.78      2.00     6   5.8279
#         948       0.00469     47.79      2.00     5   5.8298
#         949       0.01063     28.91      2.00     6   5.8322
#         950       0.00845     45.30      2.00     6   5.8322
#         951       0.00688     27.55      2.00     6   5.8322
#         952       0.00801      4.19      2.00     5   5.8331
#         953       0.01017     32.03      2.00     6   5.8331
#         954       0.00725     18.48      2.00     6   5.8331
#         955       0.00780     16.47      2.00     6   5.8331
#         956       0.00866      4.97      2.00     5   5.8340
#         958       0.00874     39.26      2.00     5   5.8339
#         960       0.00501      7.00      2.00     6   5.8375
#         961       0.01939      7.25      2.00     7   5.8382
#         962       0.01968      6.36      2.00     7   5.8382
#         963       0.01606      9.31      2.00     7   5.8399
#         964       0.01629      6.63      2.00     7   5.8399
#         965       0.01117     19.46      2.00     7   5.8399
#         966       0.00937     16.63      2.00     7   5.8399
#         967       0.00873      4.08      2.00     4   5.8409
#         968       0.00874     30.68      2.00     6   5.8407
#         969       0.00873      7.21      2.00     5   5.8416
#         970       0.00541     73.41      2.00     6   5.8412
#         971       0.01797      4.93      2.00     6   5.8422
#         972       0.00999     11.74      2.00     6   5.8421
#         973       0.00883      7.61      2.00     6   5.8428
#         974       0.00846     29.50      2.00     6   5.8432
#         975       0.01460      4.99      2.00     6   5.8438
#         976       0.00956      4.46      2.00     5   5.8444
#         978       0.00476     25.82      2.00     5   5.8456
#         979       0.00467      4.38      2.00     6   5.8464
#         980       0.00779     16.15      2.00     7   5.8475
#         982       0.00879     11.92      2.00     6   5.8481
#         983       0.00507     11.47      2.00     6   5.8481
#         984       0.00559      7.72      2.00     6   5.8481
#         985       0.00559     20.63      2.00     6   5.8502
#         986       0.00516      4.01      2.00     4   5.8511
#         987       0.00661      7.47      2.00     6   5.8517
#         988       0.00489     13.69      2.00     4   5.8524
#         989       0.00587     21.28      2.00     5   5.8527
#         990       0.00558     21.44      2.00     6   5.8522
#         991       0.00858      6.64      2.00     5   5.8550
#         992       0.00999      5.45      2.00     5   5.8567
#         993       0.01051      6.90      2.00     5   5.8572
#         995       0.00933     10.38      2.00     5   5.8572
#         996       0.00944      4.20      2.00     5   5.8579
#         997       0.00521     71.73      2.00     6   5.8578
#         998       0.00309     10.49      2.00     5   5.8588
#         999       0.01698     16.98      2.00     7   5.8599
#        1000       0.02066     14.43      2.00     7   5.8599
#        1004       0.00640     29.45      2.00     6   5.8628
#        1005       0.00726     18.61      2.00     6   5.8628
#        1006       0.00795     16.58      2.00     6   5.8628
#        1011       0.00571      5.64      2.00     5   5.8654
#        1012       0.02557     22.53      2.00     7   5.8657
#        1013       0.00752      4.32      2.00     4   5.8665
#        1014       0.00782     14.09      2.00     5   5.8672
#        1015       0.01117     28.75      2.00     6   5.8679
#        1016       0.01825     44.19      2.00     6   5.8679
#        1017       0.00889     27.30      2.00     6   5.8679
#        1019       0.00621     22.43      2.00     6   5.8685
#        1020       0.00770      6.78      2.00     5   5.8716
#        1021       0.00879      7.13      2.00     5   5.8720
#        1022       0.01044     10.53      2.00     6   5.8722
#        1024       0.00897      7.31      2.00     5   5.8739
#        1027       0.00648      4.25      2.00     5   5.8740
#        1028       0.00890     10.68      2.00     6   5.8750
#        1029       0.01421     35.68      2.00     5   5.8767
#        1030       0.00554     32.91      1.00     6   5.8770
#        1031       0.00394     69.69      2.00     6   5.8774
#        1032       0.00779     21.61      2.00     6   5.8783
#        1033       0.00881      4.11      2.00     5   5.8796
#        1034       0.00809      5.46      2.00     5   5.8793
#        1035       0.00679      6.50      2.00     5   5.8817
#        1036       0.00612      6.21      2.00     6   5.8813
#        1037       0.00548     11.38      2.00     6   5.8812
#        1038       0.00595      7.57      2.00     6   5.8812
#        1039       0.01455      4.05      2.00     4   5.8823
#        1042       0.00793      5.15      2.00     5   5.8838
#        1043       0.00473     26.39      2.00     5   5.8852
#        1044       0.00435      5.40      1.00     4   5.8877
#        1045       0.00853     10.50      2.00     5   5.8910
#        1046       0.00854     19.20      2.00     6   5.8917
#        1047       0.00494      6.03      1.00     4   5.8934
#        1048       0.02091     11.61      2.00     7   5.8932
#        1049       0.00573      8.32      2.00     6   5.8938
#        1050       0.00671     15.84      2.00     6   5.8943
#        1051       0.03505      7.90      2.00     6   5.8940
#        1053       0.00926      4.40      2.00     6   5.8945
#        1054       0.00618     14.46      2.00     6   5.8948
#        1055       0.01185     19.38      2.00     6   5.8947
#        1056       0.00547     71.96      2.00     6   5.8955
#        1057       0.01148     19.93      2.00     6   5.8961
#        1058       0.00324     13.68      2.00     4   5.8968
#        1059       0.01453      4.61      2.00     6   5.8968
#        1060       0.00583      8.24      2.00     6   5.8968
#        1061       0.01247      4.67      2.00     6   5.8984
#        1062       0.00864     15.03      2.00     6   5.8988
#        1063       0.00500      5.78      2.00     6   5.8991
#        1064       0.00507     26.16      2.00     5   5.9000
#        1065       0.00764      6.41      2.00     5   5.9004
#        1066       0.00415     20.66      2.00     5   5.9024
#        1068       0.00490     28.86      2.00     5   5.9037
#        1070       0.00928     20.65      2.00     6   5.9048
#        1073       0.01453      4.06      2.00     6   5.9120
#        1074       0.00792     13.46      2.00     6   5.9115
#        1075       0.03120      5.93      2.00     6   5.9120
#        1076       0.00495     36.13      1.00     6   5.9122
#        1079       0.00837      9.71      2.00     5   5.9134
#        1082       0.02507      4.69      2.00     6   5.9137
#        1084       0.00389      5.39      2.00     6   5.9144
#        1085       0.00487     39.08      1.00     6   5.9140
#        1086       0.01286     15.90      2.00     7   5.9145
#        1087       0.04092     13.78      2.00     7   5.9145
#        1088       0.01048      4.41      2.00     6   5.9161
#        1089       0.00911     82.20      2.00     7   5.9171
#        1090       0.01077     18.12      2.00     6   5.9182
#        1092       0.00759      5.80      2.00     4   5.9198
#        1094       0.01280      9.12      2.00     7   5.9200
#        1095       0.00848     18.23      2.00     6   5.9208
#        1096       0.00589      8.02      2.00     6   5.9229
#        1097       0.01117     62.63      2.00     6   5.9226
#        1099       0.00586      6.91      2.00     6   5.9233
#        1100       0.00672      5.73      2.00     5   5.9242
#        1101       0.00984     39.98      2.00     6   5.9238
#        1104       0.01324      5.80      2.00     5   5.9261
#        1105       0.00622     30.01      2.00     7   5.9265
#        1107       0.00657      5.59      2.00     5   5.9291
#        1108       0.00387     22.96      2.00     5   5.9302
#        1109       0.00922     76.37      2.00     7   5.9312
#        1110       0.00916     77.31      2.00     7   5.9312
#        1112       0.00909      4.65      2.00     5   5.9319
#        1113       0.00823     78.67      2.00     7   5.9321
#        1114       0.00763     58.57      2.00     7   5.9321
#        1115       0.01158     61.02      2.00     6   5.9328
#        1116       0.01213      6.64      2.00     6   5.9382
#        1118       0.01599      7.16      2.00     6   5.9388
#        1119       0.00909      8.44      2.00     6   5.9392
#        1120       0.01180     75.77      2.00     7   5.9392
#        1121       0.00756     61.10      2.00     7   5.9392
#        1122       0.00872     12.47      2.00     6   5.9399
#        1124       0.00804      5.97      2.00     6   5.9399
#        1125       0.01161    116.50      2.00     7   5.9402
#        1126       0.01265      8.18      2.00     6   5.9410
#        1127       0.01217      8.91      2.00     6   5.9410
#        1128       0.00421     10.74      2.00     6   5.9412
#        1129       0.00694     22.54      2.00     7   5.9411
#        1130       0.00954      8.82      2.00     6   5.9421
#        1131       0.00892     75.65      2.00     7   5.9421
#        1132       0.00993      5.15      2.00     5   5.9435
#        1133       0.01974     39.99      2.00     6   5.9436
#        1134       0.01989     78.29      2.00     7   5.9443
#        1135       0.01987     78.96      2.00     7   5.9443
#        1136       0.00645     48.46      2.00     7   5.9449
#        1137       0.00845      7.34      2.00     5   5.9454
#        1138       0.00947      4.78      2.00     5   5.9454
#        1139       0.00948      8.59      2.00     6   5.9461
#        1140       0.00921     60.59      2.00     6   5.9467
#        1141       0.00635     28.71      2.00     7   5.9471
#        1143       0.00726     20.70      2.00     7   5.9486
#        1144       0.00969      9.39      2.00     6   5.9489
#        1146       0.01267     24.33      2.00     6   5.9501
#        1147       0.00629     30.57      2.00     7   5.9512
#        1148       0.01101     58.63      2.00     6   5.9530
#        1149       0.01100    116.10      2.00     7   5.9537
#        1150       0.01024      5.03      2.00     6   5.9540
#        1151       0.00822     35.43      1.00     6   5.9543
#        1152       0.00840     11.82      2.00     6   5.9556
#        1155       0.01052      4.70      2.00     6   5.9578
#        1156       0.00665     28.80      2.00     7   5.9576
#        1158       0.00836      7.12      2.00     5   5.9589
#        1159       0.00499     23.67      2.00     5   5.9598
#        1160       0.03642     20.40      2.00     7   5.9597
#        1161       0.01044      4.37      2.00     6   5.9603
#        1162       0.00555     11.28      2.00     6   5.9607
#        1165       0.00645     31.02      2.00     6   5.9633
#        1166       0.00858     11.85      2.00     5   5.9648
#        1167       0.00858     21.43      2.00     6   5.9655
#        1168       0.01059     27.56      2.00     7   5.9670
#        1169       0.00833     28.13      2.00     7   5.9672
#        1170       0.01651     35.67      2.00     7   5.9706
#        1171       0.00829     11.50      2.00     5   5.9720
#        1172       0.00933     41.69      1.00     6   5.9723
#        1173       0.00548     12.56      2.00     6   5.9730
#        1174       0.00976      8.23      1.00     6   5.9728
#        1175       0.01237     54.98      2.00     7   5.9725
#        1176       0.01361     20.20      2.00     7   5.9725
#        1177       0.01121    163.10      2.00     7   5.9727
#        1178       0.01233     25.00      2.00     6   5.9732
#        1179       0.00529      5.18      2.00     5   5.9743
#        1180       0.01437     12.80      2.00     6   5.9762
#        1182       0.00931     43.23      2.00     7   5.9773
#        1183       0.01277      9.32      2.00     7   5.9782
#        1185       0.00930      7.32      2.00     6   5.9788
#        1186       0.00826     20.88      2.00     6   5.9793
#        1187       0.01305      4.93      2.00     6   5.9792
#        1188       0.00839     27.58      2.00     5   5.9800
#        1189       0.00868     11.82      2.00     6   5.9799
#        1190       0.00581     40.18      2.00     6   5.9803
#        1191       0.00392     47.26      2.00     6   5.9803
#        1192       0.00556     20.80      2.00     7   5.9803
#        1194       0.00837     10.75      2.00     6   5.9828
#        1195       0.00888      6.12      2.00     6   5.9855
#        1196       0.00858      4.60      2.00     5   5.9861
#        1197       0.01972     11.28      2.00     7   5.9862
#        1198       0.01007      7.08      2.00     5   5.9876
#        1199       0.00446     11.98      2.00     6   5.9901
#        1200       0.00821      7.75      2.00     5   5.9904
#        1201       0.00447     20.20      2.00     7   5.9907
#        1202       0.00398     26.05      2.00     7   5.9914
#        1203       0.00913      4.79      2.00     5   5.9918
#        1205       0.00885     12.21      2.00     7   5.9928
#        1206       0.00992     23.40      2.00     7   5.9928
#        1207       0.00844     11.51      2.00     6   5.9936
#        1208       0.01224     62.11      2.00     7   5.9937
#        1209       0.00747     27.79      2.00     7   5.9937
#        1210       0.01028      4.40      2.00     6   5.9944
#        1211       0.01271     58.15      2.00     7   5.9946
#        1212       0.01086     24.17      2.00     7   5.9946
#        1213       0.00822     12.76      2.00     6   5.9955
#        1214       0.00896     35.37      2.00     7   5.9958
#        1215       0.00795     23.20      2.00     7   5.9958
#        1216       0.00875      4.76      2.00     5   5.9966
#        1217       0.01057      6.89      2.00     6   5.9971
#        1218       0.00886      6.95      2.00     5   5.9980
#        1219       0.00907     32.57      2.00     7   5.9977
#        1220       0.00918      5.14      2.00     6   5.9990
#        1221       0.00910     35.59      2.00     7   5.9993
#        1222       0.01041     23.25      2.00     7   5.9993
#        1223       0.00918     10.03      2.00     7   5.9997
#        1224       0.01023     20.65      2.00     7   5.9997
#        1225       0.00696      9.66      2.00     6   6.0006
#        1226       0.01120     32.60      2.00     7   6.0003
#        1227       0.01392     64.02      2.00     7   6.0003
#        1230       0.01006     55.43      2.00     7   6.0038
#        1231       0.01324     18.51      2.00     7   6.0038
#        1232       0.01869      5.43      2.00     5   6.0052
#        1233       0.01462      6.08      2.00     7   6.0069
#        1234       0.01470      6.25      2.00     7   6.0069
#        1235       0.00641      7.05      2.00     5   6.0065
#        1236       0.00907      4.17      2.00     6   6.0072
#        1237       0.00973      7.88      2.00     6   6.0080
#        1238       0.02049      6.25      2.00     7   6.0089
#        1239       0.01959      7.94      2.00     7   6.0089
#        1242       0.00987      7.60      2.00     6   6.0095
#        1243       0.01020      9.09      2.00     6   6.0095
#        1247       0.00595      7.46      1.00     6   6.0124
#        1248       0.00937    152.40      2.00     7   6.0124
#        1249       0.00630      8.96      2.00     5   6.0132
#        1250       0.00865     34.97      1.00     6   6.0135
#        1251       0.02137      4.97      2.00     5   6.0151
#        1252       0.00838     20.34      2.00     6   6.0150
#        1253       0.00610      5.59      2.00     5   6.0157
#        1255       0.00840     38.88      2.00     7   6.0157
#        1256       0.00790      6.94      2.00     5   6.0163
#        1257       0.01355      4.32      2.00     6   6.0169
#        1261       0.01061      4.80      2.00     6   6.0181
#        1262       0.00883     12.35      2.00     7   6.0181
#        1263       0.00519     28.68      2.00     5   6.0199
#        1264       0.00502     13.25      2.00     5   6.0225
#        1266       0.00737      4.32      2.00     6   6.0232
#        1267       0.00983     28.21      2.00     6   6.0230
#        1268       0.00820     11.63      2.00     6   6.0246
#        1269       0.00917     10.50      2.00     6   6.0244
#        1270       0.00520     39.41      2.00     6   6.0255
#        1271       0.00516     47.13      2.00     6   6.0255
#        1272       0.00524     26.01      2.00     7   6.0264
#        1273       0.00930      5.32      2.00     5   6.0272
#        1274       0.01161     81.96      2.00     7   6.0271
#        1277       0.00694      8.96      2.00     6   6.0280
#        1278       0.01307     62.57      2.00     7   6.0279
#        1279       0.00951     10.45      2.00     6   6.0288
#        1281       0.00875     15.22      2.00     7   6.0300
#        1282       0.01592      6.87      2.00     6   6.0306
#        1283       0.00934     84.51      2.00     7   6.0309
#        1285       0.00510      4.38      2.00     5   6.0317
#        1286       0.00916     19.59      2.00     6   6.0320
#        1288       0.01511     36.54      1.00     6   6.0324
#        1289       0.00548     14.14      2.00     5   6.0337
#        1290       0.01368      6.85      2.00     6   6.0342
#        1291       0.01272      7.50      2.00     6   6.0342
#        1292       0.00459     33.00      2.00     6   6.0347
#        1294       0.00805     18.17      2.00     6   6.0377
#        1296       0.00918     36.32      2.00     7   6.0394
#        1297       0.00937     30.15      2.00     7   6.0389
#        1298       0.01246     61.46      2.00     7   6.0389
#        1300       0.00953     19.30      2.00     6   6.0431
#        1301       0.00925     12.71      2.00     6   6.0431
#        1302       0.00524      7.95      1.00     4   6.0437
#        1303       0.00518     35.17      2.00     6   6.0440
#        1304       0.00952     35.58      2.00     7   6.0438
#        1305       0.00813     35.61      2.00     7   6.0450
#        1306       0.00864     10.30      2.00     7   6.0452
#        1307       0.00609     15.05      2.00     7   6.0449
#        1309       0.00467     13.99      2.00     7   6.0457
#        1310       0.01266      4.23      2.00     5   6.0459
#        1311       0.00991      4.50      2.00     5   6.0467
#        1312       0.00714      4.57      2.00     6   6.0465
#        1313       0.00831     11.97      2.00     6   6.0468
#        1314       0.00838     11.13      2.00     6   6.0481
#        1316       0.00945     12.68      2.00     6   6.0499
#        1319       0.00811     11.67      2.00     6   6.0518
#        1320       0.00839     10.51      2.00     6   6.0533
#        1321       0.01056    155.70      2.00     7   6.0532
#        1322       0.00911      4.76      2.00     6   6.0550
#        1323       0.01283     33.89      2.00     7   6.0547
#        1324       0.01239     34.70      2.00     7   6.0547
#        1325       0.00883     20.67      2.00     6   6.0562
#        1326       0.00530     57.74      2.00     6   6.0578
#        1327       0.01275     37.43      2.00     7   6.0574
#        1328       0.01236     38.31      2.00     7   6.0574
#        1329       0.01004      6.25      2.00     6   6.0584
#        1330       0.01556     12.38      2.00     7   6.0580
#        1333       0.01671     15.13      2.00     7   6.0585
#        1334       0.00850     12.61      2.00     7   6.0593
#        1335       0.01290      5.72      2.00     7   6.0606
#        1336       0.01322      5.61      2.00     7   6.0606
#        1339       0.01644      4.57      2.00     5   6.0623
#        1340       0.01263     35.40      2.00     7   6.0623
#        1341       0.01206     81.86      2.00     7   6.0623
#        1342       0.00567      5.87      2.00     4   6.0625
#        1344       0.00567     10.20      2.00     5   6.0632
#        1345       0.02285      5.87      2.00     7   6.0634
#        1346       0.04827      7.57      2.00     7   6.0634
#        1347       0.00884     38.33      2.00     7   6.0635
#        1348       0.01034      6.42      2.00     6   6.0651
#        1350       0.01322     67.81      2.00     7   6.0654
#        1351       0.00802     18.26      2.00     6   6.0665
#        1352       0.00557      6.19      2.00     4   6.0680
#        1353       0.00594      7.90      2.00     4   6.0691
#        1355       0.00595     14.14      2.00     5   6.0697
#        1356       0.00931     20.66      2.00     6   6.0694
#        1357       0.00365      7.28      1.00     6   6.0694
#        1358       0.00930     38.05      2.00     7   6.0700
#        1359       0.00949      5.75      2.00     6   6.0703
#        1361       0.01669     11.33      2.00     6   6.0709
#        1362       0.01218    134.30      2.00     7   6.0713
#        1363       0.00796     12.81      2.00     6   6.0718
#        1364       0.00879     10.33      2.00     6   6.0730
#        1367       0.00885     11.33      2.00     6   6.0744
#        1368       0.01868      4.95      2.00     5   6.0745
#        1370       0.00550     10.62      2.00     5   6.0753
#        1373       0.01185      5.96      2.00     5   6.0777
#        1374       0.00927     24.63      2.00     7   6.0778
#        1378       0.00981      7.74      2.00     6   6.0795
#        1380       0.00566      7.52      2.00     4   6.0800
#        1382       0.00510     60.71      2.00     6   6.0830
#        1383       0.00966     25.24      2.00     7   6.0844
#        1384       0.00554      5.32      2.00     6   6.0851
#        1385       0.00866      9.55      2.00     6   6.0851
#        1387       0.00885     10.89      2.00     6   6.0866
#        1388       0.00982     16.13      2.00     7   6.0869
#        1390       0.00565     14.05      2.00     5   6.0873
#        1391       0.02039      6.92      2.00     6   6.0894
#        1393       0.02097    162.30      2.00     7   6.0899
#        1394       0.01008      7.00      2.00     6   6.0906
#        1395       0.01008     14.36      2.00     7   6.0913
#        1397       0.00624     14.70      2.00     6   6.0921
#        1398       0.02009      7.79      2.00     6   6.0929
#        1400       0.01206     33.22      2.00     7   6.0993
#        1401       0.02045     77.53      2.00     7   6.0993
#        1404       0.00659      6.29      2.00     5   6.1001
#        1405       0.00629     10.28      2.00     5   6.1005
#        1406       0.00739     12.12      2.00     6   6.1015
#        1407       0.01004      5.66      2.00     6   6.1011
#        1408       0.00831     12.21      2.00     6   6.1025
#        1414       0.00631     19.15      2.00     6   6.1079
#        1415       0.00566     97.97      2.00     7   6.1080
#        1417       0.01165    124.40      2.00     7   6.1088
#        1419       0.00872     31.36      2.00     5   6.1097
#        1420       0.01370     14.19      2.00     6   6.1104
#        1421       0.00519     25.23      2.00     7   6.1114
#        1422       0.00655     10.77      2.00     5   6.1135
#        1423       0.00543      8.36      2.00     6   6.1134
#        1424       0.00656     19.77      2.00     6   6.1142
#        1425       0.01125     54.73      2.00     7   6.1149
#        1426       0.01049     12.46      2.00     7   6.1149
#        1428       0.01594      4.57      2.00     5   6.1166
#        1429       0.00609     12.85      2.00     6   6.1179
#        1431       0.00865      5.59      1.00     6   6.1184
#        1432       0.00778     14.91      2.00     5   6.1192
#        1434       0.00781     28.99      2.00     6   6.1199
#        1436       0.01058     14.00      2.00     6   6.1205
#        1438       0.00860     27.93      2.00     7   6.1231
#        1439       0.00701     22.74      2.00     7   6.1239
#        1440       0.00862     18.66      2.00     7   6.1245
#        1441       0.00607     11.05      2.00     6   6.1270
#        1444       0.00462      4.53      2.00     6   6.1335
#        1448       0.00417     16.24      2.00     6   6.1385
#        1449       0.00873      9.15      2.00     7   6.1396
#        1450       0.00533      7.03      2.00     6   6.1410
#        1451       0.00436      4.46      2.00     6   6.1415
#        1452       0.01900      4.55      2.00     7   6.1442
#        1453       0.01381      7.15      2.00     7   6.1442
#        1454       0.03592      8.41      2.00     7   6.1442
#        1458       0.01504      4.35      2.00     5   6.1450
#        1459       0.01267     52.54      2.00     7   6.1453
#        1460       0.01048     10.89      2.00     7   6.1453
#        1461       0.01245     13.43      2.00     5   6.1457
#        1462       0.00416     24.94      2.00     7   6.1458
#        1463       0.00855      6.53      2.00     5   6.1464
#        1464       0.02694     20.02      2.00     7   6.1467
#        1465       0.01675      8.35      2.00     6   6.1475
#        1466       0.01842     15.80      2.00     6   6.1487
#        1467       0.00552     97.49      2.00     7   6.1487
#        1468       0.00549     31.98      2.00     6   6.1501
#        1469       0.00721     26.40      2.00     7   6.1500
#        1470       0.01280      4.72      2.00     6   6.1509
#        1471       0.00855     26.51      2.00     7   6.1508
#        1473       0.00626     12.92      2.00     5   6.1522
#        1474       0.00867     16.67      2.00     7   6.1523
#        1475       0.01243     27.44      2.00     6   6.1531
#        1476       0.01081     20.07      2.00     7   6.1526
#        1479       0.00745     20.21      2.00     7   6.1547
#        1481       0.00524     34.96      2.00     6   6.1569
#        1483       0.00624      9.61      1.00     6   6.1573
#        1484       0.01264      8.45      2.00     7   6.1582
#        1485       0.00902     13.29      2.00     7   6.1587
#        1486       0.00624     22.99      2.00     6   6.1595
#        1488       0.00619     11.21      2.00     6   6.1604
#        1492       0.00537     95.78      2.00     7   6.1624
#        1494       0.00638      9.86      2.00     6   6.1627
#        1495       0.01470      4.75      2.00     5   6.1635
#        1497       0.00604      5.42      2.00     6   6.1634
#        1499       0.00606     10.61      2.00     5   6.1642
#        1501       0.01473     26.11      2.00     7   6.1653
#        1502       0.00672     16.12      2.00     6   6.1658
#        1504       0.00652     12.36      2.00     5   6.1671
#        1505       0.00885      4.39      1.00     6   6.1675
#        1506       0.00904      5.53      1.00     6   6.1674
#        1507       0.00517    102.60      2.00     7   6.1672
#        1508       0.00652     22.43      2.00     6   6.1678
#        1509       0.00877     13.02      2.00     7   6.1693
#        1511       0.01024     24.84      2.00     7   6.1705
#        1512       0.00892     20.86      2.00     7   6.1708
#        1513       0.00683     24.87      2.00     7   6.1707
#        1515       0.00607     20.43      2.00     6   6.1715
#        1516       0.00852      5.02      2.00     6   6.1721
#        1517       0.00652     10.55      2.00     5   6.1736
#        1518       0.01093     26.79      2.00     7   6.1731
#        1519       0.00888      8.32      2.00     6   6.1739
#        1520       0.01100      9.75      1.00     6   6.1741
#        1522       0.00654     19.57      2.00     6   6.1743
#        1524       0.20359     33.93      1.00     6   6.1757
#        1525       0.00893      5.27      2.00     6   6.1762
#        1526       0.01052      8.90      2.00     6   6.1762
#        1527       0.00857     23.49      2.00     7   6.1761
#        1529       0.00878     34.05      2.00     7   6.1765
#        1532       0.01025     13.32      2.00     7   6.1775
#        1534       0.01047     21.24      2.00     7   6.1789
#        1535       0.00607      4.83      2.00     6   6.1798
#        1537       0.00837      4.60      1.00     6   6.1845
#        1538       0.00922      7.74      2.00     6   6.1851
#        1539       0.01670      7.57      2.00     7   6.1849
#        1540       0.00900     12.58      2.00     7   6.1865
#        1541       0.00907      4.04      2.00     7   6.1869
#        1544       0.01290      8.08      2.00     7   6.1882
#        1547       0.01460      4.53      2.00     6   6.1884
#        1551       0.02017      6.72      2.00     6   6.1913
#        1553       0.00923     14.88      2.00     7   6.1925
#        1555       0.00913     26.11      2.00     7   6.1946
#        1556       0.00961      8.26      2.00     6   6.1956
#        1557       0.01537      4.29      2.00     6   6.1958
#        1558       0.00961     15.54      2.00     7   6.1963
#        1559       0.01537      8.03      2.00     7   6.1965
#        1560       0.00727     32.80      2.00     7   6.1969
#        1561       0.00728      4.14      2.00     4   6.1974
#        1562       0.01183      8.06      2.00     7   6.1986
#        1563       0.01823     46.01      2.00     7   6.1988
#        1564       0.01064     23.50      2.00     7   6.1988
#        1565       0.03342      7.83      2.00     6   6.1995
#        1566       0.00828      4.60      2.00     6   6.2008
#        1567       0.00896     30.43      2.00     7   6.2007
#        1568       0.00938      4.68      2.00     6   6.2017
#        1570       0.01502     10.85      2.00     7   6.2057
#        1571       0.01352      4.41      2.00     5   6.2061
#        1572       0.00843      8.44      2.00     5   6.2064
#        1573       0.01364      7.65      2.00     6   6.2064
#        1575       0.02121      9.44      2.00     7   6.2066
#        1576       0.01843      8.71      2.00     7   6.2066
#        1580       0.00916     31.99      2.00     7   6.2094
#        1581       0.01734      4.58      2.00     6   6.2118
#        1582       0.01493      8.41      2.00     7   6.2125
#        1584       0.01012     24.46      2.00     7   6.2173
#        1585       0.00903     11.04      2.00     7   6.2175
#        1588       0.01299      7.51      2.00     5   6.2183
#        1589       0.01006      4.34      2.00     7   6.2180
#        1590       0.01076     14.83      2.00     7   6.2207
#        1592       0.01384     10.30      2.00     7   6.2207
#        1594       0.01004      5.69      2.00     6   6.2218
#        1595       0.00930      8.08      2.00     6   6.2223
#        1596       0.00944      6.93      2.00     6   6.2223
#        1600       0.01285     25.02      2.00     7   6.2251
#        1601       0.01128      5.81      2.00     7   6.2258
#        1604       0.01096     24.99      2.00     7   6.2264
#        1605       0.01052     14.03      2.00     7   6.2264
#        1606       0.00467      4.07      2.00     4   6.2273
#        1608       0.00468      6.25      2.00     5   6.2279
#        1609       0.01069      9.77      2.00     6   6.2276
#        1610       0.00869      4.74      2.00     6   6.2288
#        1613       0.01983     14.33      2.00     6   6.2319
#        1616       0.00424      5.50      2.00     5   6.2365
#        1619       0.00964      5.84      2.00     6   6.2370
#        1620       0.00882      6.28      2.00     6   6.2371
#        1622       0.01084      4.15      2.00     5   6.2386
#        1625       0.00898     13.85      2.00     7   6.2399
#        1626       0.00789      6.24      2.00     7   6.2399
#        1627       0.01210      4.88      2.00     7   6.2399
#        1628       0.00834      5.86      2.00     7   6.2399
#        1629       0.01039      4.82      2.00     5   6.2418
#        1631       0.00868      7.26      2.00     7   6.2444
#        1638       0.01489      4.39      2.00     6   6.2498
#        1641       0.01106      4.11      2.00     7   6.2522
#        1642       0.01402      4.12      2.00     6   6.2532
#        1643       0.01208     16.36      2.00     7   6.2532
#        1649       0.01250     21.40      2.00     7   6.2540
#        1650       0.00445      4.07      2.00     4   6.2544
#        1651       0.01468      4.32      2.00     6   6.2549
#        1652       0.01879      8.42      2.00     7   6.2549
#        1653       0.02583      7.84      2.00     7   6.2549
#        1654       0.00977     16.44      2.00     7   6.2545
#        1656       0.00777      4.38      2.00     6   6.2561
#        1657       0.00455      4.29      2.00     4   6.2562
#        1658       0.00837     12.96      2.00     6   6.2565
#        1659       0.00838      8.03      2.00     7   6.2569
#        1660       0.01726      8.10      2.00     6   6.2584
#        1661       0.00613     12.91      2.00     6   6.2580
#        1663       0.01025     16.46      2.00     7   6.2602
#        1664       0.01353     10.86      2.00     7   6.2600
#        1666       0.00460      6.28      2.00     5   6.2617
#        1670       0.00473      4.07      2.00     4   6.2629
#        1672       0.01815      4.09      2.00     7   6.2655
#        1673       0.01688      5.14      2.00     7   6.2655
#        1676       0.00555      7.16      2.00     6   6.2684
#        1677       0.01532      7.04      2.00     6   6.2692
#        1678       0.01544     13.33      2.00     7   6.2699
#        1679       0.00938      9.72      2.00     6   6.2709
#        1683       0.00550      7.05      2.00     6   6.2721
#        1684       0.01237      5.42      2.00     5   6.2736
#        1687       0.00778      7.57      2.00     6   6.2749
#        1688       0.00328      5.72      2.00     5   6.2758
#        1689       0.01025      6.29      2.00     6   6.2767
#        1691       0.00448      4.22      2.00     4   6.2768
#        1692       0.02148      8.17      2.00     6   6.2772
#        1693       0.01394      9.98      2.00     6   6.2777
#        1694       0.01287      5.68      2.00     7   6.2780
#        1695       0.00767      7.34      2.00     6   6.2782
#        1696       0.01258      8.01      2.00     6   6.2785
#        1697       0.00989     14.05      2.00     7   6.2789
#        1698       0.02403     10.54      2.00     7   6.2789
#        1699       0.01174      4.06      2.00     7   6.2793
#        1701       0.01580     12.05      2.00     7   6.2808
#        1703       0.01166     11.74      2.00     6   6.2839
#        1704       0.01218      7.16      2.00     6   6.2841
#        1705       0.00913      6.21      2.00     6   6.2849
#        1706       0.00474     49.27      2.00     7   6.2849
#        1709       0.01691      7.05      2.00     7   6.2890
#        1710       0.01742      5.61      2.00     5   6.2895
#        1711       0.01299      6.67      2.00     7   6.2893
#        1713       0.01030     20.47      2.00     6   6.2906
#        1714       0.01035      4.66      2.00     6   6.2906
#        1718       0.01069      5.69      2.00     6   6.2911
#        1719       0.00875      5.52      2.00     6   6.2920
#        1721       0.01075      6.12      2.00     6   6.2920
#        1722       0.00908      5.72      2.00     6   6.2920
#        1724       0.01440      4.48      2.00     7   6.2924
#        1725       0.00995      4.90      2.00     5   6.2929
#        1727       0.00483      4.41      2.00     6   6.2936
#        1728       0.00416      6.15      2.00     4   6.2941
#        1729       0.00432      9.84      2.00     5   6.2944
#        1730       0.00672     14.07      2.00     6   6.2946
#        1731       0.00968      7.64      2.00     6   6.2950
#        1733       0.00932     11.97      2.00     7   6.2963
#        1734       0.01688      9.93      2.00     6   6.2968
#        1735       0.00636     51.53      2.00     7   6.2972
#        1737       0.01929     40.80      2.00     7   6.2976
#        1738       0.00469      4.45      2.00     6   6.2982
#        1740       0.00852      7.86      2.00     7   6.2997
#        1741       0.00959     12.61      2.00     7   6.3001
#        1746       0.00591     13.97      2.00     6   6.3011
#        1747       0.00653      4.46      2.00     6   6.3021
#        1752       0.01234      4.27      2.00     6   6.3042
#        1753       0.00423      5.91      2.00     4   6.3048
#        1754       0.00862      4.32      2.00     5   6.3051
#        1755       0.00916      8.38      2.00     7   6.3051
#        1756       0.00424      9.29      2.00     5   6.3054
#        1757       0.00682     14.93      2.00     6   6.3054
#        1758       0.00594      5.11      2.00     6   6.3054
#        1759       0.01978      4.15      2.00     7   6.3053
#        1760       0.00496      6.59      2.00     4   6.3058
#        1765       0.01212      8.60      2.00     6   6.3076
#        1766       0.01081      4.03      2.00     6   6.3081
#        1768       0.01357      4.06      2.00     7   6.3080
#        1769       0.01717      4.22      2.00     6   6.3096
#        1770       0.00893      4.72      2.00     5   6.3092
#        1771       0.00896     19.48      2.00     7   6.3094
#        1772       0.00860      7.12      2.00     6   6.3107
#        1774       0.00483     10.02      2.00     5   6.3114
#        1775       0.00547      6.43      2.00     4   6.3119
#        1776       0.01556      9.63      2.00     7   6.3116
#        1777       0.00972      4.96      2.00     6   6.3122
#        1778       0.01305      5.26      2.00     4   6.3136
#        1779       0.01792     16.53      2.00     7   6.3143
#        1780       0.01295      4.11      2.00     4   6.3144
#        1781       0.01702     15.92      2.00     7   6.3150
#        1784       0.01571      5.05      2.00     7   6.3160
#        1785       0.01040     16.24      2.00     7   6.3161
#        1787       0.01662      6.57      2.00     6   6.3172
#        1788       0.02232      7.66      2.00     7   6.3174
#        1789       0.01888      5.60      2.00     5   6.3186
#        1790       0.00546      9.95      2.00     5   6.3192
#        1791       0.01918      9.98      2.00     6   6.3193
#        1793       0.00943     20.58      2.00     7   6.3195
#        1794       0.00631      4.57      2.00     6   6.3206
#        1796       0.01000      8.33      2.00     5   6.3211
#        1797       0.01768      7.05      1.00     6   6.3207
#        1799       0.02679      4.04      2.00     7   6.3213
#        1800       0.02351      5.11      2.00     7   6.3213
#        1802       0.01692     18.68      2.00     6   6.3228
#        1803       0.00907      4.21      2.00     7   6.3225
#        1804       0.01364      5.43      2.00     6   6.3233
#        1805       0.00785     32.46      2.00     7   6.3235
#        1806       0.00961      9.87      2.00     7   6.3235
#        1808       0.01257      8.83      2.00     6   6.3237
#        1809       0.01529     21.64      2.00     7   6.3241
#        1810       0.01009     13.46      2.00     7   6.3241
#        1811       0.02175     13.02      2.00     7   6.3246
#        1812       0.01918     16.25      2.00     7   6.3244
#        1814       0.01944     12.09      2.00     7   6.3250
#        1815       0.00209      4.94      1.00     2   6.3263
#        1817       0.00936      4.34      2.00     7   6.3277
#        1818       0.00392      4.23      2.00     4   6.3280
#        1820       0.00657     12.84      2.00     6   6.3278
#        1821       0.01708     10.74      2.00     7   6.3278
#        1822       0.01712     25.98      2.00     7   6.3280
#        1828       0.02591      4.33      2.00     6   6.3300
#        1832       0.00882     22.35      2.00     7   6.3329
#        1834       0.02399      7.92      2.00     6   6.3339
#        1835       0.00541      6.07      2.00     4   6.3342
#        1837       0.01189     20.28      2.00     7   6.3341
#        1838       0.02236      5.30      2.00     5   6.3348
#        1840       0.01440      9.01      2.00     6   6.3363
#        1841       0.02331     13.25      2.00     7   6.3368
#        1843       0.01172      5.57      2.00     5   6.3369
#        1844       0.00577     11.26      2.00     5   6.3372
#        1845       0.00858      8.32      2.00     6   6.3376
#        1846       0.00698     21.21      2.00     7   6.3379
#        1847       0.00558     13.42      2.00     6   6.3386
#        1848       0.00497      9.28      2.00     5   6.3393
#        1849       0.00717      5.39      2.00     4   6.3404
#        1850       0.00330      4.61      2.00     3   6.3412
#        1852       0.00997     11.83      2.00     7   6.3426
#        1853       0.00828      4.22      2.00     7   6.3432
#        1854       0.01905      7.18      1.00     6   6.3432
#        1855       0.01935     26.53      2.00     7   6.3438
#        1856       0.01736     16.23      2.00     7   6.3437
#        1857       0.01009      9.49      2.00     6   6.3447
#        1858       0.00666     12.42      2.00     7   6.3448
#        1859       0.00724     21.12      2.00     7   6.3456
#        1861       0.00650     16.55      2.00     6   6.3462
#        1863       0.00901      5.07      2.00     5   6.3466
#        1864       0.01019      7.76      2.00     6   6.3464
#        1868       0.01224      6.85      2.00     5   6.3474
#        1869       0.00779     29.61      2.00     7   6.3480
#        1870       0.00584      5.20      2.00     5   6.3495
#        1871       0.00657      6.33      2.00     3   6.3510
#        1873       0.01062     20.65      2.00     7   6.3506
#        1874       0.00615     20.83      2.00     7   6.3508
#        1875       0.00762     34.89      2.00     7   6.3513
#        1877       0.01020     10.12      2.00     7   6.3513
#        1878       0.01537      5.18      2.00     7   6.3515
#        1881       0.01046     12.29      2.00     7   6.3527
#        1884       0.00420      4.26      2.00     5   6.3536
#        1886       0.00424      8.12      2.00     5   6.3549
#        1887       0.01790      4.87      2.00     5   6.3554
#        1893       0.00426     12.60      2.00     6   6.3556
#        1899       0.01202      5.34      2.00     6   6.3569
#        1900       0.01028      7.75      2.00     7   6.3569
#        1901       0.00820     21.21      2.00     7   6.3570
#        1903       0.01336      7.44      2.00     5   6.3605
#        1906       0.01111      7.26      2.00     7   6.3635
#        1910       0.00583     15.79      2.00     6   6.3647
#        1911       0.00391      9.60      2.00     5   6.3657
#        1913       0.01911     15.64      2.00     7   6.3662
#        1914       0.00788      5.55      2.00     5   6.3664
#        1916       0.01641      6.10      2.00     6   6.3668
#        1917       0.01623      4.78      2.00     6   6.3668
#        1918       0.01041      7.49      2.00     7   6.3670
#        1919       0.00499      6.86      2.00     5   6.3676
#        1920       0.01749      6.23      2.00     7   6.3675
#        1922       0.00844     11.24      2.00     6   6.3682
#        1923       0.00517     14.36      2.00     5   6.3688
#        1924       0.00605     26.22      2.00     7   6.3685
#        1926       0.02006      6.92      2.00     7   6.3697
#        1927       0.00536     11.42      2.00     7   6.3699
#        1928       0.00404     16.91      2.00     5   6.3705
#        1931       0.00430     27.29      2.00     6   6.3708
#        1932       0.00696     11.02      2.00     7   6.3711
#        1934       0.00689      4.31      2.00     5   6.3719
#        1935       0.00544     13.31      2.00     5   6.3719
#        1937       0.03253      7.57      2.00     7   6.3721
#        1942       0.00933      5.50      2.00     6   6.3749
#        1943       0.00828     10.00      2.00     6   6.3753
#        1944       0.00492      9.01      2.00     5   6.3758
#        1946       0.01441      8.74      2.00     6   6.3763
#        1947       0.01079      4.49      2.00     6   6.3762
#        1948       0.01404     15.89      2.00     7   6.3770
#        1949       0.01420     10.58      2.00     7   6.3771
#        1950       0.00530      8.31      2.00     5   6.3776
#        1951       0.00768     15.14      2.00     6   6.3773
#        1952       0.00773     31.11      2.00     7   6.3780
#        1954       0.01512      6.18      2.00     7   6.3787
#        1956       0.00940      8.36      2.00     7   6.3797
#        1957       0.00916      6.73      2.00     6   6.3799
#        1959       0.01484     35.65      2.00     7   6.3806
#        1961       0.00601     14.38      2.00     7   6.3818
#        1964       0.02340     11.55      2.00     7   6.3822
#        1967       0.00450      5.69      2.00     5   6.3830
#        1968       0.01202     32.66      2.00     7   6.3831
#        1973       0.00550     12.75      2.00     6   6.3849
#        1974       0.01865      4.93      2.00     6   6.3854
#        1976       0.00818      4.38      2.00     7   6.3861
#        1977       0.00208      9.43      2.00     3   6.3870
#        1980       0.00440      4.26      2.00     4   6.3872
#        1981       0.01052     15.17      2.00     7   6.3885
#        1983       0.01260     36.03      2.00     7   6.3897
#        1984       0.00703     35.97      2.00     7   6.3896
#        1985       0.00918     22.74      2.00     7   6.3896
#        1987       0.00555      8.10      2.00     5   6.3906
#        1988       0.01108      6.46      2.00     7   6.3904
#        1990       0.00792      7.50      2.00     7   6.3917
#        1992       0.00383      5.00      2.00     4   6.3924
#        1993       0.00515      5.86      2.00     5   6.3931
#        1994       0.00428      5.93      2.00     5   6.3928
#        1996       0.00877      7.84      2.00     6   6.3934
#        1997       0.00600      4.90      2.00     4   6.3938
#        1998       0.00384      7.68      2.00     5   6.3937
#        1999       0.00585     23.82      2.00     7   6.3953
#        2000       0.00855     19.58      2.00     7   6.3949
#        2001       0.00898     19.11      2.00     6   6.3957
#        2002       0.00679      9.86      2.00     5   6.3961
#        2003       0.01022      8.48      2.00     6   6.3961
#        2004       0.00900     40.89      2.00     7   6.3963
#        2006       0.00948     23.30      2.00     7   6.3966
#        2008       0.00598     15.61      2.00     6   6.3970
#        2009       0.00549     10.24      2.00     7   6.3971
#        2010       0.00348      5.32      2.00     5   6.3977
#        2011       0.00747     34.49      2.00     7   6.3992
#        2012       0.00484      8.53      2.00     5   6.3999
#        2013       0.01163      4.77      2.00     5   6.4018
#        2015       0.00564     20.14      2.00     7   6.4016
#        2017       0.01345      4.41      2.00     6   6.4028
#        2018       0.00596      9.03      2.00     4   6.4033
#        2019       0.00465     13.90      2.00     5   6.4033
#        2020       0.00590     23.89      2.00     6   6.4032
#        2021       0.00446     15.09      2.00     5   6.4036
#        2022       0.00670     17.15      2.00     6   6.4034
#        2024       0.00649     30.77      2.00     7   6.4043
#        2025       0.01335      5.44      2.00     6   6.4041
#        2026       0.00461     24.68      2.00     6   6.4039
#        2027       0.00520     17.12      2.00     5   6.4048
#        2028       0.01740     10.32      2.00     7   6.4056
#        2032       0.03056      5.20      2.00     7   6.4057
#        2033       0.10713      7.72      2.00     7   6.4057
#        2035       0.00552     19.18      2.00     7   6.4057
#        2036       0.00942      5.99      2.00     5   6.4071
#        2037       0.00945      5.92      2.00     5   6.4071
#        2041       0.00470      8.81      2.00     5   6.4093
#        2042       0.01030      7.62      2.00     6   6.4095
#        2043       0.00471     16.00      2.00     6   6.4100
#        2044       0.00524     26.44      2.00     6   6.4103
#        2045       0.00900      4.23      2.00     6   6.4104
#        2046       0.01346      6.96      1.00     6   6.4106
#        2048       0.00886     13.25      2.00     7   6.4112
#        2050       0.00420      4.78      2.00     5   6.4122
#        2052       0.01157      5.65      2.00     7   6.4140
#        2053       0.00580     10.79      2.00     6   6.4143
#        2055       0.01312      5.43      2.00     5   6.4148
#        2056       0.03936     12.17      2.00     7   6.4150
#        2057       0.00585     19.25      2.00     7   6.4153
#        2058       0.00581     20.67      2.00     7   6.4150
#        2061       0.00580     11.90      2.00     5   6.4168
#        2063       0.01515      6.24      2.00     6   6.4167
#        2064       0.01499      4.82      2.00     6   6.4167
#        2065       0.00731      4.59      2.00     4   6.4173
#        2066       0.01298     16.12      2.00     6   6.4174
#        2068       0.00406     10.03      2.00     5   6.4184
#        2074       0.01648      4.80      2.00     6   6.4212
#        2076       0.00554     23.01      2.00     6   6.4221
#        2077       0.01499      5.95      2.00     7   6.4224
#        2078       0.01334      5.26      2.00     5   6.4227
#        2080       0.01349      8.49      2.00     7   6.4223
#        2081       0.01334     17.55      2.00     6   6.4231
#        2082       0.00548     26.29      2.00     7   6.4228
#        2083       0.00971      4.23      1.00     6   6.4234
#        2084       0.00861     16.65      2.00     6   6.4238
#        2086       0.00867     33.20      2.00     7   6.4245
#        2088       0.00323      5.74      2.00     6   6.4246
#        2089       0.01298     33.56      2.00     7   6.4248
#        2090       0.01269      7.72      2.00     7   6.4249
#        2093       0.01418      4.05      2.00     6   6.4252
#        2095       0.02413      4.27      2.00     7   6.4278
#        2096       0.02239      6.99      2.00     6   6.4279
#        2097       0.01364      5.51      2.00     6   6.4282
#        2098       0.00924      9.34      2.00     6   6.4294
#        2100       0.01336     37.50      2.00     7   6.4304
#        2101       0.01275      5.91      2.00     7   6.4319
#        2102       0.01430      4.33      2.00     5   6.4319
#        2103       0.00589     24.96      2.00     7   6.4323
#        2105       0.01405      5.45      2.00     5   6.4327
#        2106       0.00526     12.42      2.00     5   6.4332
#        2107       0.01369      8.85      2.00     7   6.4333
#        2108       0.00862     18.57      2.00     7   6.4339
#        2109       0.00528     23.55      2.00     6   6.4345
#        2110       0.01511      5.30      2.00     6   6.4352
#        2113       0.01243      4.89      1.00     6   6.4354
#        2114       0.01357     13.98      2.00     7   6.4353
#        2115       0.00512     13.13      2.00     5   6.4362
#        2116       0.01442      4.39      2.00     5   6.4370
#        2117       0.00816      9.34      2.00     6   6.4371
#        2121       0.00521     15.26      2.00     5   6.4380
#        2124       0.01330      4.78      2.00     5   6.4411
#        2125       0.00797     12.05      2.00     6   6.4415
#        2127       0.00845      4.68      2.00     6   6.4421
#        2129       0.00616      8.45      2.00     5   6.4427
#        2130       0.01056      4.77      2.00     7   6.4424
#        2131       0.00756      4.46      2.00     5   6.4431
#        2132       0.00528     23.94      2.00     6   6.4435
#        2133       0.00843     19.23      2.00     7   6.4444
#        2134       0.00412      8.72      2.00     5   6.4450
#        2135       0.01132      7.94      2.00     7   6.4446
#        2136       0.01317     11.07      2.00     7   6.4460
#        2137       0.00737      7.97      2.00     6   6.4464
#        2138       0.00835      5.55      2.00     6   6.4469
#        2139       0.01707      5.23      1.00     4   6.4478
#        2140       0.00991      9.92      2.00     7   6.4482
#        2141       0.00538     36.77      2.00     6   6.4483
#        2142       0.00786      8.05      2.00     5   6.4489
#        2143       0.00582     23.82      2.00     7   6.4489
#        2144       0.00905     16.96      2.00     7   6.4492
#        2145       0.00601      8.71      2.00     4   6.4500
#        2146       0.00362      5.06      2.00     4   6.4502
#        2147       0.00728     13.40      2.00     5   6.4503
#        2149       0.00647     23.60      2.00     7   6.4507
#        2150       0.01300      9.28      2.00     7   6.4509
#        2151       0.00864      6.03      2.00     5   6.4512
#        2154       0.01381     14.44      2.00     7   6.4527
#        2155       0.00857     15.42      2.00     7   6.4524
#        2156       0.00905      5.56      2.00     5   6.4530
#        2157       0.00909      5.51      2.00     5   6.4530
#        2158       0.00614     23.50      2.00     6   6.4530
#        2159       0.00548      4.60      2.00     3   6.4557
#        2160       0.01444      4.37      2.00     5   6.4555
#        2161       0.01522      7.62      2.00     7   6.4557
#        2165       0.01188     13.40      2.00     6   6.4572
#        2167       0.02305     18.31      2.00     7   6.4591
#        2169       0.00425     12.31      2.00     5   6.4605
#        2170       0.00932      4.25      2.00     5   6.4614
#        2171       0.00933      4.21      2.00     5   6.4614
#        2172       0.00826     16.17      2.00     7   6.4618
#        2176       0.01653      4.24      2.00     4   6.4639
#        2177       0.00668      7.46      2.00     5   6.4642
#        2178       0.01172      6.47      2.00     5   6.4642
#        2179       0.01313     10.01      2.00     6   6.4650
#        2180       0.00556      6.56      2.00     6   6.4665
#        2181       0.00562     18.64      2.00     6   6.4669
#        2183       0.00521     37.57      2.00     6   6.4678
#  1673/2000 paths used
#  xsedge+50, used to normalize mu           1.0000E+00
#  -----------------------------------------------------------------------
#  omega    e    k    mu    mu0     chi     @#
    9726.100   -205.129  -7.200 -1.93390E-06 -2.42969E-06  3.18502E-06
    9728.834   -202.395  -7.150 -4.83865E-06 -5.43761E-06  3.28935E-06
    9731.548   -199.680  -7.100 -7.74339E-06 -8.44553E-06  3.38072E-06
    9734.244   -196.985  -7.050 -1.06481E-05 -1.14535E-05  3.46457E-06
    9736.920   -194.308  -7.000 -1.35529E-05 -1.44614E-05  3.55266E-06
    9739.578   -191.651  -6.950 -1.64576E-05 -1.74693E-05  3.65518E-06
    9742.216   -189.012  -6.900 -1.93624E-05 -2.04772E-05  3.77376E-06
    9744.836   -186.393  -6.850 -2.20774E-05 -2.34092E-05  3.92476E-06
    9747.436   -183.793  -6.800 -2.45775E-05 -2.62552E-05  4.10108E-06
    9750.017   -181.212  -6.750 -2.70776E-05 -2.91013E-05  4.26724E-06
    9752.580   -178.649  -6.700 -2.95778E-05 -3.19473E-05  4.42316E-06
    9755.123   -176.106  -6.650 -3.20779E-05 -3.47933E-05  4.57716E-06
    9757.647   -173.582  -6.600 -3.45780E-05 -3.76393E-05  4.74113E-06
    9760.152   -171.077  -6.550 -3.70781E-05 -4.04853E-05  4.92329E-06
    9762.638   -168.591  -6.500 -3.95783E-05 -4.33314E-05  5.12293E-06
    9765.105   -166.124  -6.450 -4.13003E-05 -4.60714E-05  5.38137E-06
    9767.553   -163.676  -6.400 -4.25185E-05 -4.87429E-05  5.67220E-06
    9769.982   -161.247  -6.350 -4.37367E-05 -5.14143E-05  5.95547E-06
    9772.391   -158.837  -6.300 -4.49549E-05 -5.40858E-05  6.23103E-06
    9774.782   -156.447  -6.250 -4.61732E-05 -5.67573E-05  6.50690E-06
    9777.154   -154.075  -6.200 -4.73914E-05 -5.94287E-05  6.79521E-06
    9779.507   -151.722  -6.150 -4.86096E-05 -6.21002E-05  7.10563E-06
    9781.840   -149.389  -6.100 -4.98278E-05 -6.47716E-05  7.43978E-06
    9784.155   -147.074  -6.050 -4.90659E-05 -6.73988E-05  7.86373E-06
    9786.450   -144.779  -6.000 -4.19022E-05 -6.98831E-05  8.54217E-06
    9788.727   -142.502  -5.950 -3.47384E-05 -7.23673E-05  9.23349E-06
    9790.984   -140.245  -5.900 -2.75747E-05 -7.48515E-05  9.93280E-06
    9793.223   -138.006  -5.850 -2.04109E-05 -7.73357E-05  1.06436E-05
    9795.442   -135.787  -5.800 -1.32472E-05 -7.98199E-05  1.13768E-05
    9797.642   -133.587  -5.750 -6.08344E-06 -8.23041E-05  1.21457E-05
    9799.823   -131.405  -5.700  1.08030E-06 -8.47883E-05  1.29594E-05
    9801.986   -129.243  -5.650  8.24405E-06 -8.72725E-05  1.38184E-05
    9804.129   -127.100  -5.600  1.14993E-04 -8.97073E-05  1.58190E-05
    9806.253   -124.976  -5.550  5.32075E-04 -9.19883E-05  2.16663E-05
    9808.358   -122.871  -5.500  9.49156E-04 -9.42693E-05  2.81207E-05
    9810.444   -120.785  -5.450  1.36624E-03 -9.65503E-05  3.51588E-05
    9812.511   -118.718  -5.400  1.78332E-03 -9.88313E-05  4.27676E-05
    9814.558   -116.670  -5.350  2.20040E-03 -1.01112E-04  5.09459E-05
    9816.587   -114.642  -5.300  2.61748E-03 -1.03393E-04  5.96984E-05
    9818.597   -112.632  -5.250  3.03456E-03 -1.05674E-04  6.90257E-05
    9820.588   -110.641  -5.200  3.45164E-03 -1.07955E-04  7.89138E-05
    9822.559   -108.669  -5.150  3.86872E-03 -1.10236E-04  8.93295E-05
    9824.512   -106.717  -5.100  4.00507E-03 -1.12413E-04  9.08612E-05
    9826.446   -104.783  -5.050  3.81623E-03 -1.14470E-04  8.14566E-05
    9828.360   -102.869  -5.000  3.62739E-03 -1.16527E-04  7.17716E-05
    9830.256   -100.973  -4.950  3.43856E-03 -1.18583E-04  6.18263E-05
    9832.132    -99.097  -4.900  3.24972E-03 -1.20640E-04  5.16509E-05
    9833.989    -97.239  -4.850  3.06088E-03 -1.22696E-04  4.12851E-05
    9835.828    -95.401  -4.800  2.87204E-03 -1.24753E-04  3.07740E-05
    9837.647    -93.582  -4.750  2.68320E-03 -1.26810E-04  2.01632E-05
    9839.447    -91.782  -4.700  2.49436E-03 -1.28866E-04  9.49307E-06
    9841.228    -90.000  -4.650  2.30552E-03 -1.30923E-04 -1.20574E-06
    9842.990    -88.238  -4.600  2.11668E-03 -1.32979E-04 -1.19137E-05
    9844.734    -86.495  -4.550  1.97454E-03 -1.34872E-04 -1.54310E-05
    9846.458    -84.771  -4.500  1.85800E-03 -1.36674E-04 -1.47072E-05
    9848.163    -83.066  -4.450  1.74145E-03 -1.38475E-04 -1.36594E-05
    9849.848    -81.380  -4.400  1.62491E-03 -1.40277E-04 -1.23374E-05
    9851.515    -79.714  -4.350  1.50836E-03 -1.42079E-04 -1.07771E-05
    9853.163    -78.066  -4.300  1.39182E-03 -1.43881E-04 -8.98439E-06
    9854.792    -76.437  -4.250  1.27527E-03 -1.45683E-04 -6.92811E-06
    9856.402    -74.827  -4.200  1.15873E-03 -1.47485E-04 -4.54512E-06
    9857.992    -73.237  -4.150  1.04218E-03 -1.49287E-04 -1.75727E-06
    9859.564    -71.665  -4.100  9.25637E-04 -1.51089E-04  1.50443E-06
    9861.116    -70.112  -4.050  8.09091E-04 -1.52891E-04  5.27574E-06
    9862.650    -68.579  -4.000  6.92546E-04 -1.54693E-04  9.54307E-06
    9864.164    -67.064  -3.950  6.17401E-04 -1.56384E-04  6.66298E-05
    9865.660    -65.569  -3.900  6.13435E-04 -1.57881E-04  2.25369E-04
    9867.136    -64.093  -3.850  6.09468E-04 -1.59379E-04  3.72111E-04
    9868.594    -62.635  -3.800  6.05502E-04 -1.60877E-04  4.68789E-04
    9870.032    -61.197  -3.750  6.01535E-04 -1.62375E-04  4.83496E-04
    9871.451    -59.778  -3.700  5.97569E-04 -1.63873E-04  3.99104E-04
    9872.851    -58.378  -3.650  5.93602E-04 -1.65371E-04  2.19217E-04
    9874.232    -56.997  -3.600  5.89636E-04 -1.66869E-04 -3.01498E-05
    9875.594    -55.634  -3.550  5.85669E-04 -1.68367E-04 -3.03915E-04
    9876.937    -54.291  -3.500  5.81703E-04 -1.69864E-04 -5.45965E-04
    9878.261    -52.967  -3.450  5.77736E-04 -1.71362E-04 -7.00442E-04
    9879.566    -51.663  -3.400  5.73769E-04 -1.72860E-04 -7.24025E-04
    9880.852    -50.377  -3.350  5.69803E-04 -1.74358E-04 -5.96580E-04
    9882.119    -49.110  -3.300  5.65836E-04 -1.75856E-04 -3.27694E-04
    9883.367    -47.862  -3.250  5.61870E-04 -1.77354E-04  4.26182E-05
    9884.595    -46.633  -3.200  5.67825E-04 -1.78518E-04  8.89918E-04
    9885.805    -45.424  -3.150  5.76206E-04 -1.79600E-04  2.39441E-03
    9886.996    -44.233  -3.100  5.84587E-04 -1.80683E-04  4.17448E-03
    9888.167    -43.061  -3.050  5.92968E-04 -1.81765E-04  5.79477E-03
    9889.320    -41.909  -3.000  6.01349E-04 -1.82848E-04  6.82750E-03
    9890.453    -40.775  -2.950  6.09730E-04 -1.83930E-04  6.93191E-03
    9891.568    -39.661  -2.900  6.18111E-04 -1.85013E-04  5.90404E-03
    9892.663    -38.566  -2.850  6.26492E-04 -1.86095E-04  3.69733E-03
    9893.739    -37.489  -2.800  6.34873E-04 -1.87178E-04  4.25978E-04
    9894.797    -36.432  -2.750  6.43254E-04 -1.88260E-04 -3.63639E-03
    9895.835    -35.394  -2.700  6.51635E-04 -1.89342E-04 -8.05973E-03
    9896.854    -34.375  -2.650  6.60016E-04 -1.90425E-04 -1.22724E-02
    9897.854    -33.375  -2.600  6.68397E-04 -1.91507E-04 -1.56057E-02
    9898.835    -32.394  -2.550  6.76778E-04 -1.92590E-04 -1.73812E-02
    9899.797    -31.432  -2.500  6.85159E-04 -1.93672E-04 -1.70380E-02
    9900.740    -30.489  -2.450  6.93540E-04 -1.94755E-04 -1.42743E-02
    9901.664    -29.565  -2.400  7.01921E-04 -1.95837E-04 -9.16036E-03
    9902.569    -28.660  -2.350  7.10302E-04 -1.96920E-04 -2.18194E-03
    9903.455    -27.774  -2.300  7.18683E-04 -1.98002E-04  5.81122E-03
    9904.322    -26.907  -2.250  6.92188E-04 -1.98645E-04  1.10189E+01
    9905.169    -26.059  -2.200  6.58193E-04 -1.99193E-04  2.03625E+01
    9905.998    -25.231  -2.150  6.24198E-04 -1.99741E-04  1.41168E+01
    9906.808    -24.421  -2.100  5.90202E-04 -2.00289E-04 -8.89039E+00
    9907.598    -23.631  -2.050  5.56207E-04 -2.00837E-04 -3.72613E+01
    9908.370    -22.859  -2.000  5.22212E-04 -2.01385E-04 -5.39260E+01
    9909.122    -22.107  -1.950  4.88216E-04 -2.01933E-04 -4.72319E+01
    9909.856    -21.373  -1.900  4.54221E-04 -2.02481E-04 -1.89812E+01
    9910.570    -20.659  -1.850  4.20226E-04 -2.03029E-04  1.59768E+01
    9911.265    -19.963  -1.800  3.86230E-04 -2.03577E-04  3.85828E+01
    9911.942    -19.287  -1.750  3.52235E-04 -2.04125E-04  3.73160E+01
    9912.599    -18.630  -1.700  3.18240E-04 -2.04673E-04  1.53311E+01
    9913.237    -17.992  -1.650  2.84245E-04 -2.05221E-04 -1.16914E+01
    9913.856    -17.373  -1.600  2.30397E-04 -2.05629E-04 -4.58283E+01
    9914.456    -16.773  -1.550  1.45006E-04 -2.05780E-04 -1.45447E+00
    9915.037    -16.192  -1.500  6.08414E-05 -2.05857E-04  1.22531E+02
    9915.599    -15.630  -1.450 -1.42648E-05 -2.05853E-04  3.48915E+00
    9916.142    -15.087  -1.400 -6.73720E-05 -2.05758E-04 -9.58189E+00
    9916.666    -14.563  -1.350 -8.02695E-05 -2.05563E-04 -9.07582E+00
    9917.171    -14.058  -1.300 -4.03297E-05 -2.05257E-04 -1.15670E+01
    9917.657    -13.572  -1.250  4.74685E-05 -2.04825E-04 -1.52855E+01
    9918.123    -13.105  -1.200  1.71331E-04 -2.04253E-04 -1.83956E+01
    9918.571    -12.658  -1.150  3.21245E-04 -2.03518E-04 -2.11075E+01
    9919.000    -12.229  -1.100  4.88077E-04 -2.02599E-04 -2.18931E+01
    9919.409    -11.820  -1.050  6.64024E-04 -2.01467E-04 -1.43576E+01
    9919.800    -11.429  -1.000  8.42065E-04 -2.00086E-04  6.55132E+00
    9920.171    -11.058  -0.950  1.01624E-03 -1.98414E-04  3.06750E+01
    9920.524    -10.705  -0.900  1.18233E-03 -1.96408E-04  3.88322E+01
    9920.857    -10.372  -0.850  1.33711E-03 -1.93999E-04  2.60037E+01
    9921.171    -10.058  -0.800  1.47903E-03 -1.91124E-04  3.83144E+00
    9921.467     -9.762  -0.750  1.60727E-03 -1.87695E-04 -1.49286E+01
    9921.743     -9.486  -0.700  1.72208E-03 -1.83622E-04 -2.48629E+01
    9922.000     -9.229  -0.650  1.82413E-03 -1.78814E-04 -2.65315E+01
    9922.238     -8.991  -0.600  1.91404E-03 -1.73152E-04 -2.28724E+01
    9922.457     -8.772  -0.550  1.99334E-03 -1.66591E-04 -1.67836E+01
    9922.657     -8.572  -0.500  2.06305E-03 -1.59131E-04 -1.02848E+01
    9922.838     -8.391  -0.450  2.12426E-03 -1.50874E-04 -4.48334E+00
    9923.000     -8.229  -0.400  2.17782E-03 -1.42054E-04  1.82997E-01
    9923.143     -8.086  -0.350  2.22376E-03 -1.33057E-04  3.62938E+00
    9923.267     -7.962  -0.300  2.26296E-03 -1.24368E-04  6.05709E+00
    9923.372     -7.857  -0.250  2.29553E-03 -1.16464E-04  7.67556E+00
    9923.457     -7.772  -0.200  2.32130E-03 -1.09798E-04  8.69176E+00
    9923.524     -7.705  -0.150  2.35717E-03 -8.81652E-05  9.29745E+00
    9923.572     -7.657  -0.100  2.43480E-03 -1.71742E-05  9.53833E+00
    9923.600     -7.629  -0.050  2.51243E-03  5.38169E-05  9.74703E+00
    9923.610     -7.619   0.000  2.58929E-03  1.24050E-04  9.92381E+00
    9923.619     -7.610   0.050  2.63362E-03  1.27277E-04  1.00646E+01
    9923.648     -7.581   0.100  2.67120E-03  1.30505E-04  1.01777E+01
    9923.695     -7.533   0.150  2.70209E-03  1.33733E-04  1.02634E+01
    9923.762     -7.467   0.200  2.74519E-03  1.39803E-04  1.03608E+01
    9923.848     -7.381   0.250  2.76157E-03  1.47383E-04  1.03314E+01
    9923.953     -7.276   0.300  2.72411E-03  1.56186E-04  1.00743E+01
    9924.076     -7.152   0.350  2.60761E-03  1.65849E-04  9.50146E+00
    9924.219     -7.010   0.400  2.39515E-03  1.75935E-04  8.55976E+00
    9924.381     -6.848   0.450  2.07736E-03  1.85989E-04  7.22810E+00
    9924.562     -6.667   0.500  1.66342E-03  1.95630E-04  5.55683E+00
    9924.762     -6.467   0.550  1.17982E-03  2.04608E-04  3.65782E+00
    9924.981     -6.248   0.600  6.68373E-04  2.12787E-04  1.69346E+00
    9925.219     -6.009   0.650  1.78914E-04  2.20130E-04 -1.51903E-01
    9925.477     -5.752   0.700 -2.38751E-04  2.26640E-04 -1.70194E+00
    9925.753     -5.476   0.750 -5.43251E-04  2.32374E-04 -2.81688E+00
    9926.048     -5.181   0.800 -7.11031E-04  2.37383E-04 -3.42406E+00
    9926.362     -4.866   0.850 -7.39439E-04  2.41709E-04 -3.52530E+00
    9926.696     -4.533   0.900 -6.46002E-04  2.45404E-04 -3.19130E+00
    9927.048     -4.181   0.950 -4.63684E-04  2.48495E-04 -2.54368E+00
    9927.420     -3.809   1.000 -2.32869E-04  2.51023E-04 -1.72650E+00
    9927.810     -3.419   1.050  6.61822E-06  2.53017E-04 -8.79307E-01
    9928.220     -3.009   1.100  2.20013E-04  2.54510E-04 -1.23296E-01
    9928.648     -2.580   1.150  3.84246E-04  2.55533E-04  4.61277E-01
    9929.096     -2.133   1.200  4.89419E-04  2.56126E-04  8.39347E-01
    9929.563     -1.666   1.250  5.36460E-04  2.56311E-04  1.01298E+00
    9930.049     -1.180   1.300  5.34562E-04  2.56131E-04  1.01288E+00
    9930.553     -0.675   1.350  4.97821E-04  2.55615E-04  8.87282E-01
    9931.077     -0.152   1.400  4.42125E-04  2.54804E-04  6.91637E-01
    9931.620      0.391   1.450  3.81611E-04  2.53730E-04  4.76274E-01
    9932.182      0.953   1.500  3.27207E-04  2.52425E-04  2.81131E-01
    9932.763      1.534   1.550  2.85602E-04  2.50924E-04  1.31668E-01
    9933.363      2.134   1.600  2.59301E-04  2.49257E-04  3.85368E-02
    9933.982      2.754   1.650  2.47329E-04  2.47450E-04 -4.69613E-04
    9934.621      3.392   1.700  2.46425E-04  2.45538E-04  3.47788E-03
    9935.278      4.049   1.750  2.52200E-04  2.43536E-04  3.43816E-02
    9935.954      4.725   1.800  2.60361E-04  2.41474E-04  7.58301E-02
    9936.649      5.421   1.850  2.67459E-04  2.39364E-04  1.14137E-01
    9937.364      6.135   1.900  2.71409E-04  2.37231E-04  1.40514E-01
    9938.097      6.868   1.950  2.71452E-04  2.35077E-04  1.51324E-01
    9938.850      7.621   2.000  2.67901E-04  2.32915E-04  1.47268E-01
    9939.621      8.392   2.050  2.61713E-04  2.30684E-04  1.32194E-01
    9940.412      9.183   2.100  2.54107E-04  2.28346E-04  1.11181E-01
    9941.221      9.993   2.150  2.46228E-04  2.25962E-04  8.86633E-02
    9942.050     10.821   2.200  2.39310E-04  2.24008E-04  6.78723E-02
    9942.898     11.669   2.250  2.34381E-04  2.23093E-04  5.06870E-02
    9943.765     12.536   2.300  2.31180E-04  2.22869E-04  3.76650E-02
    9944.650     13.422   2.350  2.29248E-04  2.23066E-04  2.81851E-02
    9945.555     14.326   2.400  2.28123E-04  2.23625E-04  2.05690E-02
    9946.479     15.250   2.450  2.27358E-04  2.24515E-04  1.29935E-02
    9947.422     16.193   2.500  2.26472E-04  2.25637E-04  3.80752E-03
    9948.384     17.155   2.550  2.25321E-04  2.26957E-04 -7.45030E-03
    9949.365     18.136   2.600  2.23025E-04  2.27489E-04 -2.02889E-02
    9950.365     19.137   2.650  2.19706E-04  2.27348E-04 -3.47162E-02
    9951.385     20.156   2.700  2.15888E-04  2.26876E-04 -4.99812E-02
    9952.423     21.194   2.750  2.11924E-04  2.26259E-04 -6.53575E-02
    9953.480     22.251   2.800  2.08040E-04  2.25571E-04 -8.01234E-02
    9954.556     23.327   2.850  2.04440E-04  2.24859E-04 -9.35491E-02
    9955.652     24.423   2.900  2.01291E-04  2.24142E-04 -1.04923E-01
    9956.766     25.537   2.950  1.98781E-04  2.23473E-04 -1.13581E-01
    9957.900     26.671   3.000  1.97040E-04  2.22869E-04 -1.18964E-01
    9959.052     27.823   3.050  1.96165E-04  2.22343E-04 -1.20660E-01
    9960.224     28.995   3.100  1.96187E-04  2.21864E-04 -1.18389E-01
    9961.414     30.185   3.150  1.97142E-04  2.21438E-04 -1.12026E-01
    9962.624     31.395   3.200  1.99039E-04  2.21074E-04 -1.01582E-01
    9963.853     32.624   3.250  2.01831E-04  2.20765E-04 -8.72442E-02
    9965.100     33.872   3.300  2.05411E-04  2.20508E-04 -6.95106E-02
    9966.367     35.138   3.350  2.09622E-04  2.20318E-04 -4.92022E-02
    9967.653     36.424   3.400  2.14198E-04  2.20178E-04 -2.74740E-02
    9968.958     37.729   3.450  2.18855E-04  2.20091E-04 -5.67059E-03
    9970.282     39.053   3.500  2.23304E-04  2.20060E-04  1.48635E-02
    9971.625     40.396   3.550  2.27282E-04  2.20074E-04  3.29673E-02
    9972.987     41.758   3.600  2.30623E-04  2.20143E-04  4.78424E-02
    9974.368     43.139   3.650  2.33220E-04  2.20250E-04  5.90980E-02
    9975.768     44.540   3.700  2.35090E-04  2.20407E-04  6.67676E-02
    9977.188     45.959   3.750  2.36276E-04  2.20588E-04  7.11879E-02
    9978.626     47.397   3.800  2.36914E-04  2.20814E-04  7.29022E-02
    9980.083     48.854   3.850  2.37099E-04  2.21054E-04  7.24949E-02
    9981.560     50.331   3.900  2.36976E-04  2.21336E-04  7.05093E-02
    9983.055     51.826   3.950  2.36596E-04  2.21622E-04  6.73577E-02
    9984.569     53.341   4.000  2.36040E-04  2.21935E-04  6.33055E-02
    9986.103     54.874   4.050  2.35303E-04  2.22251E-04  5.84598E-02
    9987.656     56.427   4.100  2.34399E-04  2.22581E-04  5.28178E-02
    9989.227     57.998   4.150  2.33293E-04  2.22909E-04  4.63166E-02
    9990.818     59.589   4.200  2.31973E-04  2.23236E-04  3.88898E-02
    9992.428     61.199   4.250  2.30426E-04  2.23561E-04  3.05062E-02
    9994.056     62.827   4.300  2.28655E-04  2.23868E-04  2.12339E-02
    9995.704     64.475   4.350  2.26700E-04  2.24166E-04  1.12187E-02
    9997.371     66.142   4.400  2.24609E-04  2.24444E-04  7.29131E-04
    9999.057     67.828   4.450  2.22464E-04  2.24704E-04 -9.89066E-03
   10000.762     69.533   4.500  2.20352E-04  2.24941E-04 -2.02361E-02
   10002.486     71.257   4.550  2.18381E-04  2.25152E-04 -2.98275E-02
   10004.229     73.000   4.600  2.16645E-04  2.25331E-04 -3.82257E-02
   10005.991     74.762   4.650  2.15251E-04  2.25487E-04 -4.50084E-02
   10007.772     76.543   4.700  2.14271E-04  2.25614E-04 -4.98363E-02
   10009.572     78.344   4.750  2.13754E-04  2.25702E-04 -5.24700E-02
   10011.392     80.163   4.800  2.13738E-04  2.25769E-04 -5.28115E-02
   10013.230     82.001   4.850  2.14195E-04  2.25795E-04 -5.09037E-02
   10015.087     83.859   4.900  2.15093E-04  2.25795E-04 -4.69560E-02
   10016.964     85.735   4.950  2.16359E-04  2.25773E-04 -4.12995E-02
   10018.859     87.630   5.000  2.17876E-04  2.25712E-04 -3.43787E-02
   10020.774     89.545   5.050  2.19546E-04  2.25630E-04 -2.66983E-02
   10022.707     91.479   5.100  2.21241E-04  2.25517E-04 -1.87656E-02
   10024.660     93.431   5.150  2.22867E-04  2.25384E-04 -1.10511E-02
   10026.632     95.403   5.200  2.24339E-04  2.25233E-04 -3.92324E-03
   10028.622     97.394   5.250  2.25599E-04  2.25061E-04  2.36616E-03
   10030.632     99.403   5.300  2.26622E-04  2.24871E-04  7.70152E-03
   10032.661    101.432   5.350  2.27419E-04  2.24671E-04  1.20898E-02
   10034.709    103.480   5.400  2.28005E-04  2.24455E-04  1.56292E-02
   10036.776    105.547   5.450  2.28426E-04  2.24234E-04  1.84681E-02
   10038.862    107.633   5.500  2.28720E-04  2.24012E-04  2.07547E-02
   10040.967    109.738   5.550  2.28908E-04  2.23783E-04  2.26063E-02
   10043.091    111.862   5.600  2.29008E-04  2.23554E-04  2.40768E-02
   10045.234    114.005   5.650  2.29020E-04  2.23324E-04  2.51601E-02
   10047.396    116.167   5.700  2.28932E-04  2.23098E-04  2.57909E-02
   10049.577    118.348   5.750  2.28735E-04  2.22883E-04  2.58829E-02
   10051.778    120.549   5.800  2.28402E-04  2.22674E-04  2.53532E-02
   10053.997    122.768   5.850  2.27921E-04  2.22468E-04  2.41464E-02
   10056.235    125.006   5.900  2.27300E-04  2.22279E-04  2.22459E-02
   10058.493    127.264   5.950  2.26548E-04  2.22106E-04  1.96936E-02
   10060.769    129.540   6.000  2.25672E-04  2.21938E-04  1.65617E-02
   10063.065    131.836   6.050  2.24704E-04  2.21786E-04  1.29481E-02
   10065.379    134.150   6.100  2.23666E-04  2.21647E-04  8.96487E-03
   10067.713    136.484   6.150  2.22583E-04  2.21520E-04  4.72402E-03
   10070.066    138.837   6.200  2.21485E-04  2.21410E-04  3.36425E-04
   10072.437    141.208   6.250  2.20398E-04  2.21315E-04 -4.07807E-03
   10074.828    143.599   6.300  2.19342E-04  2.21228E-04 -8.38566E-03
   10077.238    146.009   6.350  2.18362E-04  2.21157E-04 -1.24319E-02
   10079.667    148.438   6.400  2.17490E-04  2.21095E-04 -1.60422E-02
   10082.115    150.886   6.450  2.16769E-04  2.21045E-04 -1.90342E-02
   10084.582    153.353   6.500  2.16234E-04  2.21003E-04 -2.12329E-02
   10087.068    155.839   6.550  2.15917E-04  2.20969E-04 -2.24992E-02
   10089.573    158.344   6.600  2.15833E-04  2.20940E-04 -2.27500E-02
   10092.097    160.868   6.650  2.15985E-04  2.20917E-04 -2.19764E-02
   10094.640    163.411   6.700  2.16353E-04  2.20895E-04 -2.02467E-02
   10097.202    165.973   6.750  2.16907E-04  2.20877E-04 -1.77030E-02
   10099.783    168.555   6.800  2.17596E-04  2.20855E-04 -1.45381E-02
   10102.384    171.155   6.850  2.18372E-04  2.20832E-04 -1.09763E-02
   10105.003    173.774   6.900  2.19181E-04  2.20802E-04 -7.23982E-03
   10107.641    176.413   6.950  2.19982E-04  2.20773E-04 -3.53243E-03
   10110.299    179.070   7.000  2.20727E-04  2.20731E-04 -1.76742E-05
   10112.975    181.747   7.050  2.21397E-04  2.20685E-04  3.18586E-03
   10115.671    184.442   7.100  2.21964E-04  2.20622E-04  6.00274E-03
   10118.386    187.157   7.150  2.22431E-04  2.20556E-04  8.39322E-03
   10121.119    189.890   7.200  2.22780E-04  2.20472E-04  1.03426E-02
   10123.872    192.643   7.250  2.23020E-04  2.20378E-04  1.18504E-02
   10126.644    195.415   7.300  2.23151E-04  2.20272E-04  1.29221E-02
   10129.435    198.206   7.350  2.23172E-04  2.20154E-04  1.35627E-02
   10132.244    201.016   7.400  2.23076E-04  2.20013E-04  1.37766E-02
   10135.073    203.845   7.450  2.22878E-04  2.19865E-04  1.35676E-02
   10137.921    206.692   7.500  2.22571E-04  2.19699E-04  1.29419E-02
   10140.788    209.560   7.550  2.22162E-04  2.19521E-04  1.19122E-02
   10143.674    212.446   7.600  2.21652E-04  2.19328E-04  1.05001E-02
   10146.580    215.351   7.650  2.21054E-04  2.19122E-04  8.73972E-03
   10149.504    218.275   7.700  2.20382E-04  2.18907E-04  6.67972E-03
   10152.447    221.218   7.750  2.19647E-04  2.18680E-04  4.38444E-03
   10155.409    224.180   7.800  2.18870E-04  2.18444E-04  1.93652E-03
   10158.390    227.162   7.850  2.18072E-04  2.18197E-04 -5.67303E-04
   10161.391    230.162   7.900  2.17279E-04  2.17942E-04 -3.01705E-03
   10164.410    233.181   7.950  2.16517E-04  2.17678E-04 -5.29440E-03
   10167.449    236.220   8.000  2.15817E-04  2.17412E-04 -7.28043E-03
   10170.506    239.277   8.050  2.15203E-04  2.17144E-04 -8.86915E-03
   10173.583    242.354   8.100  2.14690E-04  2.16869E-04 -9.97603E-03
   10176.678    245.450   8.150  2.14292E-04  2.16594E-04 -1.05493E-02
   10179.793    248.564   8.200  2.14014E-04  2.16319E-04 -1.05766E-02
   10182.927    251.698   8.250  2.13856E-04  2.16051E-04 -1.00879E-02
   10186.080    254.851   8.300  2.13791E-04  2.15779E-04 -9.15109E-03
   10189.251    258.023   8.350  2.13807E-04  2.15514E-04 -7.86305E-03
   10192.442    261.213   8.400  2.13881E-04  2.15254E-04 -6.33556E-03
   10195.652    264.423   8.450  2.13986E-04  2.15000E-04 -4.68063E-03
   10198.881    267.652   8.500  2.14100E-04  2.14748E-04 -2.99738E-03
   10202.129    270.900   8.550  2.14211E-04  2.14505E-04 -1.36323E-03
   10205.396    274.167   8.600  2.14311E-04  2.14274E-04  1.68831E-04
   10208.682    277.453   8.650  2.14386E-04  2.14048E-04  1.56698E-03
   10211.987    280.759   8.700  2.14433E-04  2.13828E-04  2.81300E-03
   10215.312    284.083   8.750  2.14458E-04  2.13621E-04  3.89362E-03
   10218.655    287.426   8.800  2.14452E-04  2.13423E-04  4.79299E-03
   10222.017    290.788   8.850  2.14405E-04  2.13228E-04  5.48930E-03
   10225.399    294.170   8.900  2.14320E-04  2.13043E-04  5.95644E-03
   10228.799    297.570   8.950  2.14188E-04  2.12867E-04  6.17054E-03
   10232.218    300.990   9.000  2.14007E-04  2.12699E-04  6.11738E-03
   10235.657    304.428   9.050  2.13774E-04  2.12535E-04  5.79940E-03
   10239.115    307.886   9.100  2.13497E-04  2.12378E-04  5.24108E-03
   10242.591    311.362   9.150  2.13182E-04  2.12225E-04  4.48747E-03
   10246.087    314.858   9.200  2.12844E-04  2.12078E-04  3.59878E-03
   10249.601    318.373   9.250  2.12499E-04  2.11937E-04  2.64081E-03
   10253.135    321.906   9.300  2.12149E-04  2.11793E-04  1.67435E-03
   10256.688    325.459   9.350  2.11814E-04  2.11655E-04  7.46781E-04
   10260.260    329.031   9.400  2.11491E-04  2.11515E-04 -1.12755E-04
   10263.851    332.622   9.450  2.11182E-04  2.11372E-04 -8.92847E-04
   10267.461    336.232   9.500  2.10895E-04  2.11233E-04 -1.59456E-03
   10271.090    339.861   9.550  2.10617E-04  2.11087E-04 -2.22373E-03
   10274.738    343.509   9.600  2.10357E-04  2.10945E-04 -2.78285E-03
   10278.405    347.176   9.650  2.10102E-04  2.10792E-04 -3.26490E-03
   10282.091    350.862   9.700  2.09870E-04  2.10640E-04 -3.65163E-03
   10285.796    354.568   9.750  2.09655E-04  2.10479E-04 -3.91590E-03
   10289.521    358.292   9.800  2.09465E-04  2.10312E-04 -4.02769E-03
   10293.264    362.035   9.850  2.09310E-04  2.10143E-04 -3.96208E-03
   10297.026    365.797   9.900  2.09187E-04  2.09965E-04 -3.70681E-03
   10300.808    369.579   9.950  2.09091E-04  2.09776E-04 -3.26746E-03
   10304.608    373.379  10.000  2.09027E-04  2.09586E-04 -2.66914E-03
   10308.428    377.199  10.050  2.08977E-04  2.09385E-04 -1.95417E-03
   10312.266    381.037  10.100  2.08931E-04  2.09177E-04 -1.17633E-03
   10316.124    384.895  10.150  2.08878E-04  2.08960E-04 -3.93005E-04
   10320.000    388.772  10.200  2.08810E-04  2.08739E-04  3.42626E-04
   10323.896    392.667  10.250  2.08716E-04  2.08510E-04  9.88437E-04
   10327.811    396.582  10.300  2.08589E-04  2.08273E-04  1.51740E-03
   10331.745    400.516  10.350  2.08433E-04  2.08035E-04  1.91882E-03
   10335.698    404.469  10.400  2.08249E-04  2.07793E-04  2.19656E-03
   10339.670    408.441  10.450  2.08035E-04  2.07545E-04  2.36440E-03
   10343.660    412.432  10.500  2.07796E-04  2.07291E-04  2.44117E-03
   10347.670    416.442  10.550  2.07545E-04  2.07039E-04  2.44522E-03
   10351.700    420.471  10.600  2.07283E-04  2.06789E-04  2.39021E-03
   10355.748    424.519  10.650  2.07003E-04  2.06532E-04  2.28317E-03
   10359.815    428.586  10.700  2.06720E-04  2.06282E-04  2.12420E-03
   10363.901    432.672  10.750  2.06421E-04  2.06028E-04  1.90893E-03
   10368.006    436.777  10.800  2.06114E-04  2.05779E-04  1.63171E-03
   10372.131    440.902  10.850  2.05795E-04  2.05530E-04  1.28973E-03
   10376.274    445.045  10.900  2.05470E-04  2.05288E-04  8.86283E-04
   10380.436    449.208  10.950  2.05132E-04  2.05043E-04  4.33096E-04
   10384.618    453.389  11.000  2.04801E-04  2.04812E-04 -4.98472E-05
   10388.818    457.589  11.050  2.04467E-04  2.04577E-04 -5.35713E-04
   10393.038    461.809  11.100  2.04145E-04  2.04348E-04 -9.93968E-04
   10397.276    466.048  11.150  2.03843E-04  2.04128E-04 -1.39442E-03
   10401.534    470.305  11.200  2.03560E-04  2.03910E-04 -1.71112E-03
   10405.811    474.582  11.250  2.03301E-04  2.03694E-04 -1.92522E-03
   10410.107    478.878  11.300  2.03072E-04  2.03485E-04 -2.02711E-03
   10414.421    483.193  11.350  2.02875E-04  2.03285E-04 -2.01633E-03
   10418.755    487.526  11.400  2.02699E-04  2.03086E-04 -1.90072E-03
   10423.108    491.879  11.450  2.02544E-04  2.02888E-04 -1.69454E-03
   10427.480    496.251  11.500  2.02410E-04  2.02698E-04 -1.41610E-03
   10431.871    500.642  11.550  2.02284E-04  2.02504E-04 -1.08560E-03
   10436.281    505.052  11.600  2.02174E-04  2.02321E-04 -7.23664E-04
   10440.710    509.481  11.650  2.02064E-04  2.02135E-04 -3.50191E-04
   10445.158    513.930  11.700  2.01957E-04  2.01953E-04  1.60272E-05
   10449.626    518.397  11.750  2.01840E-04  2.01768E-04  3.57574E-04
   10454.112    522.883  11.800  2.01721E-04  2.01588E-04  6.58598E-04
   10458.617    527.388  11.850  2.01585E-04  2.01402E-04  9.05578E-04
   10463.142    531.913  11.900  2.01441E-04  2.01221E-04  1.08802E-03
   10467.685    536.456  11.950  2.01276E-04  2.01034E-04  1.19975E-03
   10472.247    541.019  12.000  2.01095E-04  2.00845E-04  1.23989E-03
   10476.829    545.600  12.050  2.00901E-04  2.00657E-04  1.21337E-03
   10481.429    550.201  12.100  2.00692E-04  2.00465E-04  1.13042E-03
   10486.049    554.820  12.150  2.00468E-04  2.00267E-04  1.00513E-03
   10490.688    559.459  12.200  2.00238E-04  2.00067E-04  8.53256E-04
   10495.345    564.117  12.250  1.99997E-04  1.99859E-04  6.89214E-04
   10500.022    568.793  12.300  1.99753E-04  1.99648E-04  5.23743E-04
   10504.718    573.489  12.350  1.99502E-04  1.99430E-04  3.62212E-04
   10509.433    578.204  12.400  1.99251E-04  1.99210E-04  2.04439E-04
   10514.167    582.938  12.450  1.98991E-04  1.98982E-04  4.63236E-05
   10518.920    587.691  12.500  1.98727E-04  1.98751E-04 -1.17564E-04
   10523.692    592.463  12.550  1.98454E-04  1.98512E-04 -2.90470E-04
   10528.483    597.254  12.600  1.98177E-04  1.98270E-04 -4.70600E-04
   10533.293    602.064  12.650  1.97892E-04  1.98021E-04 -6.49597E-04
   10538.122    606.893  12.700  1.97603E-04  1.97764E-04 -8.12647E-04
   10542.970    611.741  12.750  1.97324E-04  1.97511E-04 -9.40987E-04
   10547.838    616.609  12.800  1.97045E-04  1.97246E-04 -1.01560E-03
   10552.724    621.495  12.850  1.96782E-04  1.96984E-04 -1.02185E-03
   10557.629    626.400  12.900  1.96527E-04  1.96715E-04 -9.53058E-04
   10562.554    631.325  12.950  1.96286E-04  1.96446E-04 -8.13018E-04
   10567.497    636.268  13.000  1.96055E-04  1.96176E-04 -6.15558E-04
   10572.460    641.231  13.050  1.95824E-04  1.95899E-04 -3.82509E-04
   10577.441    646.212  13.100  1.95595E-04  1.95623E-04 -1.39517E-04
   10582.442    651.213  13.150  1.95368E-04  1.95350E-04  8.86565E-05
   10587.461    656.233  13.200  1.95130E-04  1.95074E-04  2.82273E-04
   10592.500    661.271  13.250  1.94886E-04  1.94802E-04  4.29359E-04
   10597.558    666.329  13.300  1.94629E-04  1.94527E-04  5.26677E-04
   10602.635    671.406  13.350  1.94370E-04  1.94257E-04  5.78283E-04
   10607.730    676.502  13.400  1.94103E-04  1.93988E-04  5.93209E-04
   10612.845    681.617  13.450  1.93833E-04  1.93720E-04  5.82118E-04
   10617.979    686.750  13.500  1.93566E-04  1.93459E-04  5.54507E-04
   10623.132    691.904  13.550  1.93300E-04  1.93200E-04  5.16575E-04
   10628.304    697.076  13.600  1.93032E-04  1.92941E-04  4.71056E-04
   10633.495    702.267  13.650  1.92765E-04  1.92684E-04  4.17664E-04
   10638.706    707.477  13.700  1.92501E-04  1.92433E-04  3.54682E-04
   10643.935    712.706  13.750  1.92240E-04  1.92186E-04  2.80689E-04
   10649.183    717.954  13.800  1.91981E-04  1.91943E-04  1.95964E-04
   10654.450    723.222  13.850  1.91717E-04  1.91698E-04  1.03087E-04
   10659.737    728.508  13.900  1.91460E-04  1.91459E-04  6.71381E-06
   10665.042    733.813  13.950  1.91211E-04  1.91228E-04 -8.73392E-05
   10670.367    739.138  14.000  1.90957E-04  1.90990E-04 -1.73275E-04
   10675.710    744.481  14.050  1.90713E-04  1.90760E-04 -2.46635E-04
   10681.073    749.844  14.100  1.90472E-04  1.90531E-04 -3.04901E-04
   10686.454    755.225  14.150  1.90235E-04  1.90302E-04 -3.47408E-04
   10691.855    760.626  14.200  1.90003E-04  1.90075E-04 -3.75125E-04
   10697.275    766.046  14.250  1.89772E-04  1.89846E-04 -3.89495E-04
   10702.713    771.485  14.300  1.89543E-04  1.89618E-04 -3.91742E-04
   10708.171    776.942  14.350  1.89322E-04  1.89394E-04 -3.82157E-04
   10713.648    782.419  14.400  1.89097E-04  1.89165E-04 -3.59869E-04
   10719.144    787.915  14.450  1.88875E-04  1.88936E-04 -3.23493E-04
   10724.659    793.430  14.500  1.88649E-04  1.88701E-04 -2.71708E-04
   10730.193    798.964  14.550  1.88430E-04  1.88468E-04 -2.04259E-04
   10735.746    804.517  14.600  1.88206E-04  1.88229E-04 -1.22707E-04
   10741.318    810.089  14.650  1.87984E-04  1.87990E-04 -3.08634E-05
   10746.909    815.680  14.700  1.87763E-04  1.87750E-04  6.56468E-05
   10752.519    821.291  14.750  1.87532E-04  1.87502E-04  1.59825E-04
   10758.149    826.920  14.800  1.87299E-04  1.87253E-04  2.44463E-04
   10763.797    832.568  14.850  1.87060E-04  1.87001E-04  3.13306E-04
   10769.464    838.235  14.900  1.86810E-04  1.86742E-04  3.61798E-04
   10775.151    843.922  14.950  1.86555E-04  1.86483E-04  3.87713E-04
   10780.856    849.627  15.000  1.86295E-04  1.86222E-04  3.91255E-04
   10786.581    855.352  15.050  1.86024E-04  1.85954E-04  3.74542E-04
   10792.324    861.095  15.100  1.85748E-04  1.85685E-04  3.41093E-04
   10798.087    866.858  15.150  1.85468E-04  1.85413E-04  2.94923E-04
   10803.868    872.640  15.200  1.85178E-04  1.85134E-04  2.39939E-04
   10809.669    878.440  15.250  1.84888E-04  1.84855E-04  1.79286E-04
   10815.489    884.260  15.300  1.84596E-04  1.84575E-04  1.15212E-04
   10821.328    890.099  15.350  1.84304E-04  1.84295E-04  4.90615E-05
   10827.186    895.957  15.400  1.84004E-04  1.84007E-04 -1.85948E-05
   10833.062    901.834  15.450  1.83710E-04  1.83726E-04 -8.73693E-05
   10838.958    907.730  15.500  1.83410E-04  1.83438E-04 -1.56542E-04
   10844.873    913.645  15.550  1.83114E-04  1.83155E-04 -2.24617E-04
   10850.807    919.579  15.600  1.82813E-04  1.82866E-04 -2.88910E-04
   10856.761    925.532  15.650  1.82516E-04  1.82579E-04 -3.45420E-04
   10862.733    931.504  15.700  1.82226E-04  1.82297E-04 -3.89135E-04
   10868.724    937.495  15.750  1.81935E-04  1.82011E-04 -4.14610E-04
   10874.734    943.505  15.800  1.81655E-04  1.81731E-04 -4.16923E-04
   10880.763    949.535  15.850  1.81380E-04  1.81451E-04 -3.92779E-04
   10886.812    955.583  15.900  1.81110E-04  1.81172E-04 -3.41405E-04
   10892.879    961.650  15.950  1.80845E-04  1.80893E-04 -2.65154E-04
   10898.966    967.737  16.000  1.80586E-04  1.80616E-04 -1.69659E-04
   10905.071    973.842  16.050  1.80335E-04  1.80346E-04 -6.30646E-05
   10911.196    979.967  16.100  1.80083E-04  1.80075E-04  4.51990E-05
   10917.339    986.110  16.150  1.79834E-04  1.79807E-04  1.45748E-04
   10923.502    992.273  16.200  1.79586E-04  1.79545E-04  2.30772E-04
   10929.684    998.455  16.250  1.79332E-04  1.79279E-04  2.95048E-04
   10935.884   1004.656  16.300  1.79079E-04  1.79019E-04  3.36498E-04
   10942.104   1010.875  16.350  1.78823E-04  1.78759E-04  3.55663E-04
   10948.343   1017.114  16.400  1.78564E-04  1.78500E-04  3.54944E-04
   10954.601   1023.372  16.450  1.78302E-04  1.78241E-04  3.37569E-04
   10960.878   1029.649  16.500  1.78045E-04  1.77990E-04  3.06675E-04
   10967.174   1035.945  16.550  1.77782E-04  1.77734E-04  2.64532E-04
   10973.489   1042.260  16.600  1.77520E-04  1.77482E-04  2.12816E-04
   10979.823   1048.594  16.650  1.77253E-04  1.77226E-04  1.52944E-04
   10986.176   1054.947  16.700  1.76989E-04  1.76974E-04  8.69775E-05
   10992.548   1061.320  16.750  1.76726E-04  1.76723E-04  1.80745E-05
   10998.940   1067.711  16.800  1.76456E-04  1.76465E-04 -4.92272E-05
   11005.350   1074.121  16.850  1.76189E-04  1.76208E-04 -1.09468E-04
   11011.779   1080.550  16.900  1.75928E-04  1.75956E-04 -1.57092E-04
   11018.228   1086.999  16.950  1.75663E-04  1.75696E-04 -1.87748E-04
   11024.695   1093.466  17.000  1.75401E-04  1.75436E-04 -1.99403E-04
   11031.182   1099.953  17.050  1.75135E-04  1.75169E-04 -1.93030E-04
   11037.687   1106.458  17.100  1.74878E-04  1.74908E-04 -1.72492E-04
   11044.212   1112.983  17.150  1.74614E-04  1.74639E-04 -1.43761E-04
   11050.755   1119.527  17.200  1.74350E-04  1.74370E-04 -1.13704E-04
   11057.318   1126.089  17.250  1.74083E-04  1.74098E-04 -8.83770E-05
   11063.900   1132.671  17.300  1.73809E-04  1.73821E-04 -7.18632E-05
   11070.501   1139.272  17.350  1.73537E-04  1.73549E-04 -6.53338E-05
   11077.121   1145.892  17.400  1.73258E-04  1.73269E-04 -6.71731E-05
   11083.759   1152.531  17.450  1.72975E-04  1.72987E-04 -7.34803E-05
   11090.417   1159.189  17.500  1.72687E-04  1.72701E-04 -7.93354E-05
   11097.094   1165.866  17.550  1.72398E-04  1.72412E-04 -7.98768E-05
   11103.790   1172.562  17.600  1.72110E-04  1.72123E-04 -7.17094E-05
   11110.506   1179.277  17.650  1.71824E-04  1.71833E-04 -5.33293E-05
   11117.240   1186.011  17.700  1.71539E-04  1.71543E-04 -2.53894E-05
   11123.993   1192.764  17.750  1.71253E-04  1.71251E-04  9.64178E-06
   11130.765   1199.536  17.800  1.70963E-04  1.70955E-04  4.82025E-05
   11137.556   1206.328  17.850  1.70677E-04  1.70662E-04  8.62267E-05
   11144.367   1213.138  17.900  1.70386E-04  1.70366E-04  1.19963E-04
   11151.196   1219.967  17.950  1.70098E-04  1.70074E-04  1.46238E-04
   11158.045   1226.816  18.000  1.69805E-04  1.69777E-04  1.62978E-04
   11164.912   1233.683  18.050  1.69514E-04  1.69485E-04  1.69097E-04
   11171.799   1240.570  18.100  1.69222E-04  1.69194E-04  1.64488E-04
   11178.704   1247.475  18.150  1.68924E-04  1.68899E-04  1.50012E-04
   11185.629   1254.400  18.200  1.68631E-04  1.68609E-04  1.27303E-04
   11192.573   1261.344  18.250  1.68336E-04  1.68320E-04  9.85845E-05
   11199.535   1268.306  18.300  1.68041E-04  1.68030E-04  6.65445E-05
   11206.517   1275.288  18.350  1.67747E-04  1.67741E-04  3.39132E-05
   11213.518   1282.289  18.400  1.67461E-04  1.67460E-04  3.11120E-06
   11220.538   1289.309  18.450  1.67169E-04  1.67173E-04 -2.41108E-05
   11227.577   1296.348  18.500  1.66884E-04  1.66892E-04 -4.68858E-05
   11234.635   1303.406  18.550  1.66602E-04  1.66613E-04 -6.52752E-05
   11241.712   1310.483  18.600  1.66321E-04  1.66334E-04 -7.99471E-05
   11248.808   1317.579  18.650  1.66048E-04  1.66063E-04 -9.19546E-05
   11255.923   1324.694  18.700  1.65768E-04  1.65785E-04 -1.02048E-04
   11263.057   1331.828  18.750  1.65496E-04  1.65514E-04 -1.10440E-04
   11270.211   1338.982  18.800  1.65220E-04  1.65239E-04 -1.16493E-04
   11277.383   1346.154  18.850  1.64950E-04  1.64969E-04 -1.18942E-04
   11284.574   1353.345  18.900  1.64679E-04  1.64698E-04 -1.16189E-04
   11291.785   1360.556  18.950  1.64410E-04  1.64428E-04 -1.06891E-04
   11299.014   1367.785  19.000  1.64144E-04  1.64159E-04 -9.04568E-05
   11306.262   1375.034  19.050  1.63879E-04  1.63890E-04 -6.75089E-05
   11313.530   1382.301  19.100  1.63614E-04  1.63621E-04 -3.97873E-05
   11320.817   1389.588  19.150  1.63350E-04  1.63351E-04 -9.84494E-06
   11328.122   1396.893  19.200  1.63085E-04  1.63082E-04  1.93887E-05
   11335.447   1404.218  19.250  1.62820E-04  1.62813E-04  4.52777E-05
   11342.791   1411.562  19.300  1.62548E-04  1.62538E-04  6.59386E-05
   11350.154   1418.925  19.350  1.62279E-04  1.62266E-04  8.05063E-05
   11357.535   1426.307  19.400  1.62004E-04  1.61990E-04  8.90749E-05
   11364.936   1433.707  19.450  1.61733E-04  1.61718E-04  9.23743E-05
   11372.356   1441.127  19.500  1.61454E-04  1.61440E-04  9.13094E-05
   11379.795   1448.566  19.550  1.61175E-04  1.61161E-04  8.67264E-05
   11387.253   1456.024  19.600  1.60893E-04  1.60880E-04  7.90806E-05
   11394.730   1463.501  19.650  1.60606E-04  1.60595E-04  6.85869E-05
   11402.226   1470.998  19.700  1.60323E-04  1.60314E-04  5.54220E-05
   11409.742   1478.513  19.750  1.60035E-04  1.60029E-04  3.99468E-05
   11417.276   1486.047  19.800  1.59746E-04  1.59742E-04  2.30646E-05
   11424.829   1493.600  19.850  1.59457E-04  1.59456E-04  6.05183E-06
   11432.402   1501.173  19.900  1.59167E-04  1.59168E-04 -9.51020E-06
   11439.993   1508.764  19.950  1.58882E-04  1.58886E-04 -2.21686E-05
