Calculating Debye-Waller factors in the Dynamical Matrix approach ...
 Dym file:corvus-zn-1cys-charge-1.dym                                                                         
 Opening dym file:corvus-zn-1cys-charge-1.dym                                                                         
Done with module: Debye-Waller factors (DMDW).

    0.837225965
       20.058       0.006304875
       29.634       0.000695589
       32.199       0.001440244
       38.223       0.000111563
       41.684       0.000003990
       43.805       0.000003779
       44.078       0.000000274
       91.352       0.000000100
       92.721       0.000001358
       93.590       0.000000001
       93.669       0.000000013
       94.575      -0.000000000

 PDOS Einstein freq (single pole), associated temp and eff. force constant: 
 Freq (THz)   Temp (K)   Eff. FC (N/m)
  12.586       604.02     223.4147

 pDOS n Moments, associated Einstein freqs, temps and eff. force constants:
  n     Mom (THz^n)   Freq (THz)     Temp (K)    Eff. FC (N/m)
 -2       0.00864      10.75641       516.21     163.1773
 -1       0.08432      11.86024       569.18     198.3866
  0       1.00000     ---------     --------
  1      12.40607      12.40607       595.38     217.0670
  2     158.41135      12.58616       604.02     223.4146

 Path Red. Mass (AMU):   21.513774
 Path Length (Ang), s^2 (1e-3 Ang^2):  2.1659   1.9818
--------------------------------------------------------------
 Path Indices:    1   3
 PDOS Poles:
     Freq. (THz)    Weight
        0.405       0.005604080
        4.375       0.244590656
        8.168       0.149842969
       13.086       0.005155797
       20.057       0.141101500
       29.634       0.147727203
       32.199       0.144654757
       38.223       0.142641824
       41.687       0.001768427
       43.800       0.000349842
       43.817       0.015061470
       91.352       0.000009143
       92.721       0.001464583
       93.590       0.000000197
       93.669       0.000027950
       94.575       0.000000002

 PDOS Einstein freq (single pole), associated temp and eff. force constant: 
 Freq (THz)   Temp (K)   Eff. FC (N/m)
  24.617      1181.40     403.0955

 pDOS n Moments, associated Einstein freqs, temps and eff. force constants:
  n     Mom (THz^n)   Freq (THz)     Temp (K)    Eff. FC (N/m)
 -2       0.04998       4.47320       214.67      13.3098
 -1       0.10914       9.16267       439.72      55.8441
  0       1.00000     ---------     --------
  1      20.56974      20.56974       987.16     281.4432
  2     606.00410      24.61715      1181.40     403.0963

 Path Red. Mass (AMU):   10.146692
 Path Length (Ang), s^2 (1e-3 Ang^2):  3.1263   5.6662
--------------------------------------------------------------
 Path Indices:    1   4
 PDOS Poles:
     Freq. (THz)    Weight
        3.081       0.045470246
        6.390       0.018682527
       14.098       0.000649893
       20.846       0.011255478
       24.148       0.012335489
       29.962       0.141817060
       31.270       0.144227603
       37.875       0.389533333
       38.369       0.160544924
       43.788       0.017651808
       43.996       0.003820023
       91.352       0.000002667
       92.721       0.026999024
       93.590       0.003689517
       93.669       0.001601165
       94.575       0.021719247

 PDOS Einstein freq (single pole), associated temp and eff. force constant: 
 Freq (THz)   Temp (K)   Eff. FC (N/m)
  39.886      1914.16     103.5236

 pDOS n Moments, associated Einstein freqs, temps and eff. force constants:
  n     Mom (THz^n)   Freq (THz)     Temp (K)    Eff. FC (N/m)
 -2       0.00600      12.90906       619.52      10.8440
 -1       0.04366      22.90437      1099.20      34.1378
  0       1.00000     ---------     --------
  1      36.46769      36.46769      1750.12      86.5397
  2    1590.89089      39.88597      1914.16     103.5236

 Path Red. Mass (AMU):    0.992637
 Path Length (Ang), s^2 (1e-3 Ang^2):  3.2192  22.2288
--------------------------------------------------------------
 Path Indices:    1   5
 PDOS Poles:
     Freq. (THz)    Weight
        3.004       0.045482816
        6.349       0.018782511
       14.279       0.000646723
       20.887       0.011520337
       24.192       0.012390791
       29.983       0.144706621
       31.288       0.140567535
       37.879       0.398057820
       38.380       0.152616346
       43.781       0.016770799
       43.981       0.004364012
       91.352       0.000002693
       92.721       0.027095490
       93.590       0.004409994
       93.669       0.000873377
       94.575       0.021712118

 PDOS Einstein freq (single pole), associated temp and eff. force constant: 
 Freq (THz)   Temp (K)   Eff. FC (N/m)
  39.891      1914.40     103.5488

 pDOS n Moments, associated Einstein freqs, temps and eff. force constants:
  n     Mom (THz^n)   Freq (THz)     Temp (K)    Eff. FC (N/m)
 -2       0.00626      12.64023       606.62      10.3970
 -1       0.04407      22.69041      1088.93      33.5030
  0       1.00000     ---------     --------
  1      36.46459      36.46459      1749.97      86.5250
  2    1591.27789      39.89082      1914.40     103.5488

 Path Red. Mass (AMU):    0.992637
 Path Length (Ang), s^2 (1e-3 Ang^2):  3.2195  22.4384
--------------------------------------------------------------
 Path Indices:    1   6
 PDOS Poles:
     Freq. (THz)    Weight
        0.649       0.003650785
        4.378       0.107245059
        8.168       0.419931057
       13.089       0.002293017
       20.057       0.016713330
       29.634       0.182856139
       32.199       0.070956252
       38.223       0.004165804
       41.687       0.161507015
       43.816       0.000313431
       44.217       0.000553185
       91.352       0.022387624
       92.721       0.000293186
       93.590       0.000045079
       93.669       0.007088905
       94.575       0.000000013

 PDOS Einstein freq (single pole), associated temp and eff. force constant: 
 Freq (THz)   Temp (K)   Eff. FC (N/m)
  28.491      1367.29     539.9319

 pDOS n Moments, associated Einstein freqs, temps and eff. force constants:
  n     Mom (THz^n)   Freq (THz)     Temp (K)    Eff. FC (N/m)
 -2       0.02099       6.90293       331.28      31.6956
 -1       0.09524      10.49980       503.89      73.3323
  0       1.00000     ---------     --------
  1      21.64151      21.64151      1038.59     311.5359
  2     811.71904      28.49068      1367.29     539.9318

 Path Red. Mass (AMU):   10.146692
 Path Length (Ang), s^2 (1e-3 Ang^2):  4.5071   4.7697
--------------------------------------------------------------
 Path Indices:    1   7
 PDOS Poles:
     Freq. (THz)    Weight
        2.493       0.009962753
        7.921       0.116324100
       13.051       0.006126762
       20.338       0.012657736
       23.392       0.095548120
       30.694       0.059333404
       32.156       0.142000028
       37.794       0.066245786
       41.686       0.192300770
       43.828       0.155456817
       44.133       0.004035720
       91.352       0.044346569
       92.721       0.000983622
       93.590       0.063962248
       93.669       0.020277082
       94.575       0.010438430

 PDOS Einstein freq (single pole), associated temp and eff. force constant: 
 Freq (THz)   Temp (K)   Eff. FC (N/m)
  47.053      2258.11     144.0693

 pDOS n Moments, associated Einstein freqs, temps and eff. force constants:
  n     Mom (THz^n)   Freq (THz)     Temp (K)    Eff. FC (N/m)
 -2       0.00416      15.51302       744.48      15.6600
 -1       0.04172      23.96988      1150.34      37.3879
  0       1.00000     ---------     --------
  1      40.43247      40.43247      1940.39     106.3799
  2    2213.97273      47.05287      2258.11     144.0693

 Path Red. Mass (AMU):    0.992637
 Path Length (Ang), s^2 (1e-3 Ang^2):  4.8275  21.2407
--------------------------------------------------------------
 Path Indices:    1   8
 PDOS Poles:
     Freq. (THz)    Weight
        2.555       0.009579885
        7.923       0.116665408
       13.046       0.006133480
       20.335       0.012450799
       23.391       0.096097533
       30.696       0.058699501
       32.156       0.141858705
       37.793       0.066425510
       41.686       0.191724751
       43.827       0.155577256
       44.090       0.003911707
       91.352       0.044418786
       92.721       0.000940231
       93.590       0.052873148
       93.669       0.031886450
       94.575       0.010756762

 PDOS Einstein freq (single pole), associated temp and eff. force constant: 
 Freq (THz)   Temp (K)   Eff. FC (N/m)
  47.122      2261.43     144.4934

 pDOS n Moments, associated Einstein freqs, temps and eff. force constants:
  n     Mom (THz^n)   Freq (THz)     Temp (K)    Eff. FC (N/m)
 -2       0.00402      15.76412       756.53      16.1711
 -1       0.04150      24.09594      1156.39      37.7822
  0       1.00000     ---------     --------
  1      40.48423      40.48423      1942.87     106.6525
  2    2220.49006      47.12208      2261.43     144.4934

 Path Red. Mass (AMU):    0.992637
 Path Length (Ang), s^2 (1e-3 Ang^2):  4.8290  21.1296
--------------------------------------------------------------
 Path Indices:    1   9
 PDOS Poles:
     Freq. (THz)    Weight
        3.002       0.003036419
        4.515       0.023318383
        8.224       0.008672466
       13.095       0.003654048
       20.057       0.054625071
       29.634       0.192803720
       32.199       0.033612133
       38.223       0.024758997
       41.687       0.101290336
       43.816       0.015319849
       44.217       0.028377070
       91.352       0.188657474
       92.721       0.015536793
       93.590       0.001750084
       93.669       0.304584487
       94.575       0.000002788

 PDOS Einstein freq (single pole), associated temp and eff. force constant: 
 Freq (THz)   Temp (K)   Eff. FC (N/m)
  70.147      3366.43     320.1998

 pDOS n Moments, associated Einstein freqs, temps and eff. force constants:
  n     Mom (THz^n)   Freq (THz)     Temp (K)    Eff. FC (N/m)
 -2       0.00218      21.44128      1028.99      29.9158
 -1       0.02736      36.55601      1754.36      86.9595
  0       1.00000     ---------     --------
  1      62.58893      62.58893      3003.70     254.9143
  2    4920.64398      70.14730      3366.43     320.1998

 Path Red. Mass (AMU):    0.992637
 Path Length (Ang), s^2 (1e-3 Ang^2):  5.2703  13.9276
--------------------------------------------------------------
--------------------------------------------------------------
 Path Indices:    1   2   3
 PDOS Poles:
     Freq. (THz)    Weight
        0.418       0.002166389
        4.375       0.057650429
        8.168       0.136974288
       13.085       0.099663834
       20.057       0.401150593
       29.634       0.143414603
       32.199       0.030563095
       38.223       0.120730327
       41.687       0.000760937
       43.816       0.002436339
       44.217       0.003166664
       91.352       0.000000636
       92.721       0.001192096
       93.590       0.000000791
       93.669       0.000128943
       94.575       0.000000000

 PDOS Einstein freq (single pole), associated temp and eff. force constant: 
 Freq (THz)   Temp (K)   Eff. FC (N/m)
  23.373      1121.68     363.8378

 pDOS n Moments, associated Einstein freqs, temps and eff. force constants:
  n     Mom (THz^n)   Freq (THz)     Temp (K)    Eff. FC (N/m)
 -2       0.01934       7.19087       345.10      34.4389
 -1       0.07186      13.91651       667.87     128.9873
  0       1.00000     ---------     --------
  1      20.97202      20.97202      1006.47     292.9321
  2     546.28771      23.37280      1121.68     363.8377

 Path Red. Mass (AMU):   10.159622
 Path Length (Ang), s^2 (1e-3 Ang^2):  4.0003   3.6548
--------------------------------------------------------------
 Path Indices:    1   2   4
 PDOS Poles:
     Freq. (THz)    Weight
        3.251       0.014049742
        7.464       0.009452328
       13.086       0.013556720
       20.102       0.025283942
       28.742       0.019749935
       30.606       0.214185994
       31.708       0.070974655
       37.929       0.305522995
       38.425       0.103463366
       42.353       0.000220051
       44.210       0.002510733
       91.352       0.000018312
       92.721       0.107702177
       93.590       0.015037312
       93.669       0.006510571
       94.575       0.091761143

 PDOS Einstein freq (single pole), associated temp and eff. force constant: 
 Freq (THz)   Temp (K)   Eff. FC (N/m)
  53.243      2555.16     208.4159

 pDOS n Moments, associated Einstein freqs, temps and eff. force constants:
  n     Mom (THz^n)   Freq (THz)     Temp (K)    Eff. FC (N/m)
 -2       0.00227      20.97484      1006.60      32.3451
 -1       0.03098      32.28151      1549.22      76.6159
  0       1.00000     ---------     --------
  1      46.54280      46.54280      2233.63     159.2635
  2    2834.78232      53.24267      2555.16     208.4159

 Path Red. Mass (AMU):    1.121508
 Path Length (Ang), s^2 (1e-3 Ang^2):  4.5846  13.9595
--------------------------------------------------------------
 Path Indices:    1   2   5
 PDOS Poles:
     Freq. (THz)    Weight
        3.162       0.014200874
        7.432       0.009409354
       13.084       0.013453403
       20.101       0.025367006
       28.947       0.027232926
       30.741       0.235851911
       31.976       0.041217533
       37.945       0.324369814
       38.471       0.085050503
       42.429       0.000227305
       44.209       0.002594753
       91.352       0.000018408
       92.721       0.107932691
       93.590       0.017941343
       93.669       0.003538973
       94.575       0.091593190

 PDOS Einstein freq (single pole), associated temp and eff. force constant: 
 Freq (THz)   Temp (K)   Eff. FC (N/m)
  53.244      2555.24     208.4250

 pDOS n Moments, associated Einstein freqs, temps and eff. force constants:
  n     Mom (THz^n)   Freq (THz)     Temp (K)    Eff. FC (N/m)
 -2       0.00236      20.56793       987.07      31.1017
 -1       0.03113      32.11829      1541.38      75.8416
  0       1.00000     ---------     --------
  1      46.54411      46.54411      2233.69     159.2693
  2    2834.96163      53.24436      2555.24     208.4250

 Path Red. Mass (AMU):    1.121486
 Path Length (Ang), s^2 (1e-3 Ang^2):  4.5844  14.0307
--------------------------------------------------------------
 Path Indices:    1   2   6
 PDOS Poles:
     Freq. (THz)    Weight
        1.058       0.001522919
        4.420       0.011671921
        8.168       0.540855975
       13.137       0.000158768
       20.057       0.052920897
       29.634       0.166997599
       32.199       0.040725402
       38.223       0.010884417
       41.687       0.136658685
       43.815       0.000016631
       44.217       0.002217660
       91.352       0.018822127
       92.721       0.000669672
       93.590       0.000098434
       93.669       0.015778797
       94.575       0.000000044

 PDOS Einstein freq (single pole), associated temp and eff. force constant: 
 Freq (THz)   Temp (K)   Eff. FC (N/m)
  28.397      1362.81     528.8895

 pDOS n Moments, associated Einstein freqs, temps and eff. force constants:
  n     Mom (THz^n)   Freq (THz)     Temp (K)    Eff. FC (N/m)
 -2       0.01052       9.75041       467.93      62.3532
 -1       0.08384      11.92714       572.39      93.3009
  0       1.00000     ---------     --------
  1      21.27517      21.27517      1021.01     296.8649
  2     806.40304      28.39724      1362.81     528.8895

 Path Red. Mass (AMU):   10.004699
 Path Length (Ang), s^2 (1e-3 Ang^2):  4.8817   4.2362
--------------------------------------------------------------
 Path Indices:    1   2   7
 PDOS Poles:
     Freq. (THz)    Weight
        3.978       0.003606901
        7.879       0.159063363
       13.136       0.004875211
       20.589       0.010242600
       23.423       0.077297636
       30.504       0.050903768
       32.156       0.146094738
       37.815       0.055987197
       41.685       0.181823217
       43.822       0.167332019
       43.948       0.014096675
       91.352       0.040735489
       92.721       0.000939963
       93.590       0.058265529
       93.669       0.019228544
       94.575       0.009506981

 PDOS Einstein freq (single pole), associated temp and eff. force constant: 
 Freq (THz)   Temp (K)   Eff. FC (N/m)
  45.964      2205.83     139.5855

 pDOS n Moments, associated Einstein freqs, temps and eff. force constants:
  n     Mom (THz^n)   Freq (THz)     Temp (K)    Eff. FC (N/m)
 -2       0.00343      17.06805       819.11      19.2478
 -1       0.04284      23.34173      1120.19      35.9980
  0       1.00000     ---------     --------
  1      39.21429      39.21429      1881.93     101.6018
  2    2112.64932      45.96357      2205.83     139.5855

 Path Red. Mass (AMU):    1.007869
 Path Length (Ang), s^2 (1e-3 Ang^2):  5.0731  21.4826
--------------------------------------------------------------
 Path Indices:    1   2   8
 PDOS Poles:
     Freq. (THz)    Weight
        4.203       0.003627109
        7.884       0.159000074
       13.154       0.004920014
       20.605       0.010133137
       23.423       0.077638082
       30.507       0.050408465
       32.157       0.145751796
       37.814       0.056131120
       41.686       0.181056140
       43.827       0.176351123
       44.068       0.005082417
       91.352       0.040945210
       92.721       0.000902398
       93.590       0.048142287
       93.669       0.030078111
       94.575       0.009832467

 PDOS Einstein freq (single pole), associated temp and eff. force constant: 
 Freq (THz)   Temp (K)   Eff. FC (N/m)
  46.063      2210.60     140.1984

 pDOS n Moments, associated Einstein freqs, temps and eff. force constants:
  n     Mom (THz^n)   Freq (THz)     Temp (K)    Eff. FC (N/m)
 -2       0.00340      17.13769       822.45      19.4064
 -1       0.04276      23.38705      1122.37      36.1402
  0       1.00000     ---------     --------
  1      39.28554      39.28554      1885.35     101.9777
  2    2121.79477      46.06294      2210.60     140.1984

 Path Red. Mass (AMU):    1.007931
 Path Length (Ang), s^2 (1e-3 Ang^2):  5.0761  21.4397
--------------------------------------------------------------
 Path Indices:    1   2   9
 PDOS Poles:
     Freq. (THz)    Weight
        3.714       0.002978119
        5.464       0.002283726
        8.192       0.022574602
       13.091       0.005454822
       20.057       0.052553780
       29.634       0.133966488
       32.199       0.022133236
       38.223       0.020134162
       41.687       0.058001285
       43.816       0.009361814
       44.217       0.015950623
       91.352       0.243418204
       92.721       0.020009076
       93.590       0.002234375
       93.669       0.388942312
       94.575       0.000003566

 PDOS Einstein freq (single pole), associated temp and eff. force constant: 
 Freq (THz)   Temp (K)   Eff. FC (N/m)
  77.325      3710.91     398.2537

 pDOS n Moments, associated Einstein freqs, temps and eff. force constants:
  n     Mom (THz^n)   Freq (THz)     Temp (K)    Eff. FC (N/m)
 -2       0.00110      30.13275      1446.10      60.4776
 -1       0.02177      45.93606      2204.51     140.5480
  0       1.00000     ---------     --------
  1      71.05289      71.05289      3409.89     336.2643
  2    5979.19554      77.32526      3710.91     398.2538

 Path Red. Mass (AMU):    1.016035
 Path Length (Ang), s^2 (1e-3 Ang^2):  5.8655  10.8284
--------------------------------------------------------------
 Path Indices:    1   3   2
 PDOS Poles:
     Freq. (THz)    Weight
        0.418       0.002166389
        4.375       0.057650429
        8.168       0.136974288
       13.085       0.099663834
       20.057       0.401150593
       29.634       0.143414603
       32.199       0.030563095
       38.223       0.120730327
       41.687       0.000760937
       43.816       0.002436339
       44.217       0.003166664
       91.352       0.000000636
       92.721       0.001192096
       93.590       0.000000791
       93.669       0.000128943
       94.575       0.000000000

 PDOS Einstein freq (single pole), associated temp and eff. force constant: 
 Freq (THz)   Temp (K)   Eff. FC (N/m)
  23.373      1121.68     363.8378

 pDOS n Moments, associated Einstein freqs, temps and eff. force constants:
  n     Mom (THz^n)   Freq (THz)     Temp (K)    Eff. FC (N/m)
 -2       0.01934       7.19087       345.10      34.4389
 -1       0.07186      13.91651       667.87     128.9873
  0       1.00000     ---------     --------
  1      20.97202      20.97202      1006.47     292.9321
  2     546.28771      23.37280      1121.68     363.8377

 Path Red. Mass (AMU):   10.159622
 Path Length (Ang), s^2 (1e-3 Ang^2):  4.9607   3.6548
--------------------------------------------------------------
 Path Indices:    1   3   4
 PDOS Poles:
     Freq. (THz)    Weight
        3.616       0.042581972
        6.642       0.021953951
        9.980       0.003755446
       20.041       0.015135872
       23.377       0.005828210
       29.691       0.074011493
       31.177       0.068431801
       37.748       0.089764651
       38.217       0.076330475
       43.817       0.002912174
       44.183       0.000088569
       91.352       0.000068313
       92.721       0.286495548
       93.590       0.040869768
       93.669       0.017267628
       94.575       0.254504124

 PDOS Einstein freq (single pole), associated temp and eff. force constant: 
 Freq (THz)   Temp (K)   Eff. FC (N/m)
  75.084      3603.34     542.0353

 pDOS n Moments, associated Einstein freqs, temps and eff. force constants:
  n     Mom (THz^n)   Freq (THz)     Temp (K)    Eff. FC (N/m)
 -2       0.00418      15.46778       742.31      23.0033
 -1       0.03200      31.25398      1499.91      93.9172
  0       1.00000     ---------     --------
  1      67.62743      67.62743      3245.50     439.7242
  2    5637.58302      75.08384      3603.34     542.0352

 Path Red. Mass (AMU):    1.466648
 Path Length (Ang), s^2 (1e-3 Ang^2):  4.2155  11.0254
--------------------------------------------------------------
 Path Indices:    1   3   5
 PDOS Poles:
     Freq. (THz)    Weight
        3.516       0.041512390
        6.517       0.022804520
        9.885       0.004011211
       20.041       0.015145716
       23.376       0.005912144
       29.689       0.073383275
       31.171       0.068676393
       37.750       0.091152003
       38.219       0.075190102
       43.814       0.002836372
       44.175       0.000087743
       91.352       0.000068507
       92.721       0.287188653
       93.590       0.048659550
       93.669       0.009302245
       94.575       0.254069156

 PDOS Einstein freq (single pole), associated temp and eff. force constant: 
 Freq (THz)   Temp (K)   Eff. FC (N/m)
  75.086      3603.43     541.9927

 pDOS n Moments, associated Einstein freqs, temps and eff. force constants:
  n     Mom (THz^n)   Freq (THz)     Temp (K)    Eff. FC (N/m)
 -2       0.00432      15.20694       729.79      22.2312
 -1       0.03225      31.00914      1488.16      92.4397
  0       1.00000     ---------     --------
  1      67.62685      67.62685      3245.47     439.6601
  2    5637.86405      75.08571      3603.43     541.9927

 Path Red. Mass (AMU):    1.466460
 Path Length (Ang), s^2 (1e-3 Ang^2):  4.2155  11.1139
--------------------------------------------------------------
 Path Indices:    1   3   6
 PDOS Poles:
     Freq. (THz)    Weight
        0.595       0.004509604
        4.377       0.170262604
        8.168       0.273083429
       14.562       0.000003254
       20.057       0.073154545
       29.634       0.128200389
       32.199       0.154137329
       38.223       0.000353435
       41.687       0.164113578
       43.816       0.004085650
       44.217       0.001489379
       91.352       0.022810246
       92.721       0.001512505
       93.590       0.000015369
       93.669       0.002268589
       94.575       0.000000000

 PDOS Einstein freq (single pole), associated temp and eff. force constant: 
 Freq (THz)   Temp (K)   Eff. FC (N/m)
  29.037      1393.53     545.4868

 pDOS n Moments, associated Einstein freqs, temps and eff. force constants:
  n     Mom (THz^n)   Freq (THz)     Temp (K)    Eff. FC (N/m)
 -2       0.02630       6.16672       295.95      24.6023
 -1       0.09704      10.30525       494.56      68.7044
  0       1.00000     ---------     --------
  1      22.74574      22.74574      1091.59     334.7092
  2     843.17266      29.03744      1393.53     545.4867

 Path Red. Mass (AMU):    9.868677
 Path Length (Ang), s^2 (1e-3 Ang^2):  4.6408   5.0168
--------------------------------------------------------------
 Path Indices:    1   3   7
 PDOS Poles:
     Freq. (THz)    Weight
        3.647       0.012419853
        7.970       0.059220216
       12.690       0.002225367
       23.336       0.077007344
       27.445       0.001775760
       30.958       0.081495655
       32.236       0.115329899
       37.806       0.078612265
       41.685       0.142383012
       43.827       0.100448487
       44.201       0.013141694
       91.352       0.101941500
       92.721       0.000761333
       93.590       0.138845739
       93.669       0.045517559
       94.575       0.028874247

 PDOS Einstein freq (single pole), associated temp and eff. force constant: 
 Freq (THz)   Temp (K)   Eff. FC (N/m)
  59.623      2861.38     243.3282

 pDOS n Moments, associated Einstein freqs, temps and eff. force constants:
  n     Mom (THz^n)   Freq (THz)     Temp (K)    Eff. FC (N/m)
 -2       0.00245      20.19422       969.14      27.9134
 -1       0.03207      31.18263      1496.48      66.5555
  0       1.00000     ---------     --------
  1      51.89463      51.89463      2490.47     184.3330
  2    3554.95419      59.62344      2861.38     243.3281

 Path Red. Mass (AMU):    1.044118
 Path Length (Ang), s^2 (1e-3 Ang^2):  5.2904  15.5225
--------------------------------------------------------------
 Path Indices:    1   3   8
 PDOS Poles:
     Freq. (THz)    Weight
        3.738       0.012399780
        7.979       0.059244934
       12.716       0.002182697
       23.337       0.077484001
       27.681       0.001894183
       30.981       0.082201004
       32.244       0.113709719
       37.805       0.078753135
       41.685       0.142029575
       43.826       0.101884019
       44.199       0.011664686
       91.352       0.101645971
       92.721       0.000701148
       93.590       0.113917344
       93.669       0.070731382
       94.575       0.029556377

 PDOS Einstein freq (single pole), associated temp and eff. force constant: 
 Freq (THz)   Temp (K)   Eff. FC (N/m)
  59.665      2863.39     243.6280

 pDOS n Moments, associated Einstein freqs, temps and eff. force constants:
  n     Mom (THz^n)   Freq (THz)     Temp (K)    Eff. FC (N/m)
 -2       0.00240      20.39671       978.86      28.4711
 -1       0.03197      31.28282      1501.29      66.9724
  0       1.00000     ---------     --------
  1      51.93187      51.93187      2492.26     184.5661
  2    3559.94213      59.66525      2863.39     243.6279

 Path Red. Mass (AMU):    1.043940
 Path Length (Ang), s^2 (1e-3 Ang^2):  5.2905  15.4755
--------------------------------------------------------------
 Path Indices:    1   3   9
 PDOS Poles:
     Freq. (THz)    Weight
        2.577       0.001788443
        4.456       0.024747449
        8.207       0.008518124
       13.092       0.003738731
       20.057       0.055507308
       29.634       0.193878438
       32.199       0.033543509
       38.223       0.024809716
       41.687       0.102293333
       43.816       0.015546197
       44.217       0.028562489
       91.352       0.187342785
       92.721       0.015529704
       93.590       0.001740193
       93.669       0.302450783
       94.575       0.000002945

 PDOS Einstein freq (single pole), associated temp and eff. force constant: 
 Freq (THz)   Temp (K)   Eff. FC (N/m)
  69.962      3357.53     318.5117

 pDOS n Moments, associated Einstein freqs, temps and eff. force constants:
  n     Mom (THz^n)   Freq (THz)     Temp (K)    Eff. FC (N/m)
 -2       0.00221      21.25951      1020.26      29.4110
 -1       0.02749      36.37368      1745.60      86.0951
  0       1.00000     ---------     --------
  1      62.37676      62.37676      2993.52     253.1918
  2    4894.64931      69.96177      3357.53     318.5118

 Path Red. Mass (AMU):    0.992648
 Path Length (Ang), s^2 (1e-3 Ang^2):  5.2704  13.9972
--------------------------------------------------------------
 Path Indices:    1   4   2
 PDOS Poles:
     Freq. (THz)    Weight
        3.251       0.014049742
        7.464       0.009452328
       13.086       0.013556720
       20.102       0.025283942
       28.742       0.019749935
       30.606       0.214185994
       31.708       0.070974655
       37.929       0.305522995
       38.425       0.103463366
       42.353       0.000220051
       44.210       0.002510733
       91.352       0.000018312
       92.721       0.107702177
       93.590       0.015037312
       93.669       0.006510571
       94.575       0.091761143

 PDOS Einstein freq (single pole), associated temp and eff. force constant: 
 Freq (THz)   Temp (K)   Eff. FC (N/m)
  53.243      2555.16     208.4159

 pDOS n Moments, associated Einstein freqs, temps and eff. force constants:
  n     Mom (THz^n)   Freq (THz)     Temp (K)    Eff. FC (N/m)
 -2       0.00227      20.97484      1006.60      32.3451
 -1       0.03098      32.28151      1549.22      76.6159
  0       1.00000     ---------     --------
  1      46.54280      46.54280      2233.63     159.2635
  2    2834.78232      53.24267      2555.16     208.4159

 Path Red. Mass (AMU):    1.121508
 Path Length (Ang), s^2 (1e-3 Ang^2):  5.6379  13.9595
--------------------------------------------------------------
 Path Indices:    1   4   3
 PDOS Poles:
     Freq. (THz)    Weight
        3.616       0.042581972
        6.642       0.021953951
        9.980       0.003755446
       20.041       0.015135872
       23.377       0.005828210
       29.691       0.074011493
       31.177       0.068431801
       37.748       0.089764651
       38.217       0.076330475
       43.817       0.002912174
       44.183       0.000088569
       91.352       0.000068313
       92.721       0.286495548
       93.590       0.040869768
       93.669       0.017267628
       94.575       0.254504124

 PDOS Einstein freq (single pole), associated temp and eff. force constant: 
 Freq (THz)   Temp (K)   Eff. FC (N/m)
  75.084      3603.34     542.0353

 pDOS n Moments, associated Einstein freqs, temps and eff. force constants:
  n     Mom (THz^n)   Freq (THz)     Temp (K)    Eff. FC (N/m)
 -2       0.00418      15.46778       742.31      23.0033
 -1       0.03200      31.25398      1499.91      93.9172
  0       1.00000     ---------     --------
  1      67.62743      67.62743      3245.50     439.7242
  2    5637.58302      75.08384      3603.34     542.0352

 Path Red. Mass (AMU):    1.466648
 Path Length (Ang), s^2 (1e-3 Ang^2):  4.3084  11.0254
--------------------------------------------------------------
 Path Indices:    1   4   5
 PDOS Poles:
     Freq. (THz)    Weight
        2.481       0.001740492
        4.434       0.031871043
        8.273       0.002896283
       13.205       0.000173255
       20.058       0.007973532
       29.634       0.081485956
       32.199       0.001248389
       38.223       0.211580434
       41.690       0.000058536
       43.816       0.191211226
       44.217       0.043732892
       91.352       0.000073094
       92.721       0.407561261
       93.590       0.000119817
       93.669       0.018273708
       94.575       0.000000048

 PDOS Einstein freq (single pole), associated temp and eff. force constant: 
 Freq (THz)   Temp (K)   Eff. FC (N/m)
  67.117      3220.99     230.8509

 pDOS n Moments, associated Einstein freqs, temps and eff. force constants:
  n     Mom (THz^n)   Freq (THz)     Temp (K)    Eff. FC (N/m)
 -2       0.00238      20.51054       984.32      21.5588
 -1       0.02692      37.14619      1782.68      70.7129
  0       1.00000     ---------     --------
  1      60.70759      60.70759      2913.41     188.8671
  2    4504.65170      67.11670      3220.99     230.8509

 Path Red. Mass (AMU):    0.781739
 Path Length (Ang), s^2 (1e-3 Ang^2):  4.9906  17.4040
--------------------------------------------------------------
 Path Indices:    1   4   6
 PDOS Poles:
     Freq. (THz)    Weight
        3.526       0.059603788
        7.064       0.042915805
        9.074       0.014754200
       20.114       0.027261736
       23.538       0.011833684
       30.845       0.076578723
       32.127       0.085754855
       38.183       0.047531621
       41.682       0.041311728
       43.698       0.002204476
       44.191       0.004577905
       91.352       0.003956977
       92.721       0.283150342
       93.590       0.029159085
       93.669       0.015807906
       94.575       0.253597164

 PDOS Einstein freq (single pole), associated temp and eff. force constant: 
 Freq (THz)   Temp (K)   Eff. FC (N/m)
  73.939      3548.40     907.5542

 pDOS n Moments, associated Einstein freqs, temps and eff. force constants:
  n     Mom (THz^n)   Freq (THz)     Temp (K)    Eff. FC (N/m)
 -2       0.00621      12.68799       608.91      26.7246
 -1       0.04026      24.83680      1191.94     102.4038
  0       1.00000     ---------     --------
  1      65.23593      65.23593      3130.73     706.4775
  2    5466.98521      73.93906      3548.40     907.5542

 Path Red. Mass (AMU):    2.532304
 Path Length (Ang), s^2 (1e-3 Ang^2):  5.3791   8.0355
--------------------------------------------------------------
 Path Indices:    1   4   7
 PDOS Poles:
     Freq. (THz)    Weight
        4.092       0.013224412
        7.977       0.029377818
       12.659       0.001152737
       23.344       0.032714852
       29.552       0.016772236
       31.173       0.155966882
       32.337       0.076158113
       38.000       0.020955418
       41.685       0.074405412
       43.826       0.059233833
       44.158       0.003010770
       91.352       0.097906315
       92.721       0.142148583
       93.590       0.237061010
       93.669       0.013852359
       94.575       0.026059112

 PDOS Einstein freq (single pole), associated temp and eff. force constant: 
 Freq (THz)   Temp (K)   Eff. FC (N/m)
  70.819      3398.66     254.4675

 pDOS n Moments, associated Einstein freqs, temps and eff. force constants:
  n     Mom (THz^n)   Freq (THz)     Temp (K)    Eff. FC (N/m)
 -2       0.00172      24.10587      1156.86      29.4835
 -1       0.02565      38.98515      1870.93      77.1137
  0       1.00000     ---------     --------
  1      63.58659      63.58659      3051.58     205.1466
  2    5015.32345      70.81895      3398.66     254.4674

 Path Red. Mass (AMU):    0.773971
 Path Length (Ang), s^2 (1e-3 Ang^2):  6.2907  16.7495
--------------------------------------------------------------
 Path Indices:    1   4   8
 PDOS Poles:
     Freq. (THz)    Weight
        2.812       0.021277599
        7.806       0.029980054
       11.975       0.001957358
       23.346       0.200665208
       28.709       0.004667161
       31.475       0.038334826
       32.381       0.087859669
       37.818       0.105628402
       41.684       0.121522243
       43.815       0.115425728
       44.178       0.008936031
       91.352       0.051358718
       92.721       0.066503360
       93.590       0.025292722
       93.669       0.016075663
       94.575       0.104515234

 PDOS Einstein freq (single pole), associated temp and eff. force constant: 
 Freq (THz)   Temp (K)   Eff. FC (N/m)
  56.077      2691.17     172.3665

 pDOS n Moments, associated Einstein freqs, temps and eff. force constants:
  n     Mom (THz^n)   Freq (THz)     Temp (K)    Eff. FC (N/m)
 -2       0.00393      15.94835       765.38      13.9418
 -1       0.03563      28.06514      1346.87      43.1740
  0       1.00000     ---------     --------
  1      48.31534      48.31534      2318.70     127.9553
  2    3144.59511      56.07669      2691.17     172.3665

 Path Red. Mass (AMU):    0.836141
 Path Length (Ang), s^2 (1e-3 Ang^2):  5.7278  21.5367
--------------------------------------------------------------
 Path Indices:    1   4   9
 PDOS Poles:
     Freq. (THz)    Weight
        3.787       0.029968823
        6.997       0.022350300
       12.934       0.006055656
       20.058       0.074495501
       23.536       0.002074197
       29.639       0.180125932
       32.214       0.023205311
       38.203       0.036417476
       41.687       0.113426796
       43.817       0.034586166
       44.216       0.030173885
       91.352       0.121518762
       92.721       0.021392042
       93.590       0.002881860
       93.669       0.250598362
       94.575       0.050729058

 PDOS Einstein freq (single pole), associated temp and eff. force constant: 
 Freq (THz)   Temp (K)   Eff. FC (N/m)
  66.838      3207.62     264.3979

 pDOS n Moments, associated Einstein freqs, temps and eff. force constants:
  n     Mom (THz^n)   Freq (THz)     Temp (K)    Eff. FC (N/m)
 -2       0.00317      17.75052       851.86      18.6480
 -1       0.03212      31.12848      1493.88      57.3489
  0       1.00000     ---------     --------
  1      58.57194      58.57194      2810.92     203.0433
  2    4467.33665      66.83814      3207.62     264.3979

 Path Red. Mass (AMU):    0.902819
 Path Length (Ang), s^2 (1e-3 Ang^2):  5.7157  17.9832
--------------------------------------------------------------
 Path Indices:    1   5   2
 PDOS Poles:
     Freq. (THz)    Weight
        3.162       0.014200874
        7.432       0.009409354
       13.084       0.013453403
       20.101       0.025367006
       28.947       0.027232926
       30.741       0.235851911
       31.976       0.041217533
       37.945       0.324369814
       38.471       0.085050503
       42.429       0.000227305
       44.209       0.002594753
       91.352       0.000018408
       92.721       0.107932691
       93.590       0.017941343
       93.669       0.003538973
       94.575       0.091593190

 PDOS Einstein freq (single pole), associated temp and eff. force constant: 
 Freq (THz)   Temp (K)   Eff. FC (N/m)
  53.244      2555.24     208.4250

 pDOS n Moments, associated Einstein freqs, temps and eff. force constants:
  n     Mom (THz^n)   Freq (THz)     Temp (K)    Eff. FC (N/m)
 -2       0.00236      20.56793       987.07      31.1017
 -1       0.03113      32.11829      1541.38      75.8416
  0       1.00000     ---------     --------
  1      46.54411      46.54411      2233.69     159.2693
  2    2834.96163      53.24436      2555.24     208.4250

 Path Red. Mass (AMU):    1.121486
 Path Length (Ang), s^2 (1e-3 Ang^2):  5.6379  14.0307
--------------------------------------------------------------
 Path Indices:    1   5   3
 PDOS Poles:
     Freq. (THz)    Weight
        3.516       0.041512390
        6.517       0.022804520
        9.885       0.004011211
       20.041       0.015145716
       23.376       0.005912144
       29.689       0.073383275
       31.171       0.068676393
       37.750       0.091152003
       38.219       0.075190102
       43.814       0.002836372
       44.175       0.000087743
       91.352       0.000068507
       92.721       0.287188653
       93.590       0.048659550
       93.669       0.009302245
       94.575       0.254069156

 PDOS Einstein freq (single pole), associated temp and eff. force constant: 
 Freq (THz)   Temp (K)   Eff. FC (N/m)
  75.086      3603.43     541.9927

 pDOS n Moments, associated Einstein freqs, temps and eff. force constants:
  n     Mom (THz^n)   Freq (THz)     Temp (K)    Eff. FC (N/m)
 -2       0.00432      15.20694       729.79      22.2312
 -1       0.03225      31.00914      1488.16      92.4397
  0       1.00000     ---------     --------
  1      67.62685      67.62685      3245.47     439.6601
  2    5637.86405      75.08571      3603.43     541.9927

 Path Red. Mass (AMU):    1.466460
 Path Length (Ang), s^2 (1e-3 Ang^2):  4.3087  11.1139
--------------------------------------------------------------
 Path Indices:    1   5   4
 PDOS Poles:
     Freq. (THz)    Weight
        2.481       0.001740492
        4.434       0.031871043
        8.273       0.002896283
       13.205       0.000173255
       20.058       0.007973532
       29.634       0.081485956
       32.199       0.001248389
       38.223       0.211580434
       41.690       0.000058536
       43.816       0.191211226
       44.217       0.043732892
       91.352       0.000073094
       92.721       0.407561261
       93.590       0.000119817
       93.669       0.018273708
       94.575       0.000000048

 PDOS Einstein freq (single pole), associated temp and eff. force constant: 
 Freq (THz)   Temp (K)   Eff. FC (N/m)
  67.117      3220.99     230.8509

 pDOS n Moments, associated Einstein freqs, temps and eff. force constants:
  n     Mom (THz^n)   Freq (THz)     Temp (K)    Eff. FC (N/m)
 -2       0.00238      20.51054       984.32      21.5588
 -1       0.02692      37.14619      1782.68      70.7129
  0       1.00000     ---------     --------
  1      60.70759      60.70759      2913.41     188.8671
  2    4504.65170      67.11670      3220.99     230.8509

 Path Red. Mass (AMU):    0.781739
 Path Length (Ang), s^2 (1e-3 Ang^2):  4.9908  17.4040
--------------------------------------------------------------
 Path Indices:    1   5   6
 PDOS Poles:
     Freq. (THz)    Weight
        3.426       0.058568277
        6.919       0.041683394
        8.962       0.017026882
       20.115       0.027347329
       23.541       0.011699474
       30.840       0.075262821
       32.128       0.086849429
       38.183       0.047597805
       41.682       0.041365340
       43.700       0.002257817
       44.191       0.004624063
       91.352       0.003946229
       92.721       0.283857885
       93.590       0.035523680
       93.669       0.009159078
       94.575       0.253230494

 PDOS Einstein freq (single pole), associated temp and eff. force constant: 
 Freq (THz)   Temp (K)   Eff. FC (N/m)
  73.941      3548.49     907.5532

 pDOS n Moments, associated Einstein freqs, temps and eff. force constants:
  n     Mom (THz^n)   Freq (THz)     Temp (K)    Eff. FC (N/m)
 -2       0.00645      12.45061       597.52      25.7326
 -1       0.04067      24.58586      1179.90     100.3397
  0       1.00000     ---------     --------
  1      65.23512      65.23512      3130.69     706.4234
  2    5467.26275      73.94094      3548.49     907.5531

 Path Red. Mass (AMU):    2.532173
 Path Length (Ang), s^2 (1e-3 Ang^2):  5.3792   8.1179
--------------------------------------------------------------
 Path Indices:    1   5   7
 PDOS Poles:
     Freq. (THz)    Weight
        2.743       0.021539106
        7.805       0.029708517
       12.033       0.002012758
       23.346       0.199527964
       28.698       0.004690473
       31.436       0.036637409
       32.372       0.090580281
       37.818       0.105512948
       41.684       0.121418615
       43.820       0.114597253
       44.182       0.009827386
       91.352       0.051587296
       92.721       0.067222564
       93.590       0.030683243
       93.669       0.010717071
       94.575       0.103737108

 PDOS Einstein freq (single pole), associated temp and eff. force constant: 
 Freq (THz)   Temp (K)   Eff. FC (N/m)
  56.091      2691.85     172.3754

 pDOS n Moments, associated Einstein freqs, temps and eff. force constants:
  n     Mom (THz^n)   Freq (THz)     Temp (K)    Eff. FC (N/m)
 -2       0.00410      15.61873       749.56      13.3654
 -1       0.03587      27.87819      1337.90      42.5813
  0       1.00000     ---------     --------
  1      48.33116      48.33116      2319.45     127.9808
  2    3146.18877      56.09090      2691.85     172.3753

 Path Red. Mass (AMU):    0.835760
 Path Length (Ang), s^2 (1e-3 Ang^2):  5.7293  21.6910
--------------------------------------------------------------
 Path Indices:    1   5   8
 PDOS Poles:
     Freq. (THz)    Weight
        4.044       0.013100680
        7.966       0.029380980
       12.633       0.001194206
       23.343       0.033151740
       29.435       0.013689962
       31.128       0.152029806
       32.307       0.082310257
       37.999       0.021121483
       41.685       0.074126434
       43.824       0.059383488
       44.138       0.002788258
       91.352       0.097649554
       92.721       0.141653446
       93.590       0.216712691
       93.669       0.036333292
       94.575       0.025373602

 PDOS Einstein freq (single pole), associated temp and eff. force constant: 
 Freq (THz)   Temp (K)   Eff. FC (N/m)
  70.858      3400.54     254.7941

 pDOS n Moments, associated Einstein freqs, temps and eff. force constants:
  n     Mom (THz^n)   Freq (THz)     Temp (K)    Eff. FC (N/m)
 -2       0.00173      24.01830      1152.66      29.2749
 -1       0.02566      38.97112      1870.26      77.0720
  0       1.00000     ---------     --------
  1      63.62844      63.62844      3053.58     205.4535
  2    5020.86172      70.85804      3400.54     254.7940

 Path Red. Mass (AMU):    0.774109
 Path Length (Ang), s^2 (1e-3 Ang^2):  6.2909  16.7525
--------------------------------------------------------------
 Path Indices:    1   5   9
 PDOS Poles:
     Freq. (THz)    Weight
        3.708       0.029617401
        6.943       0.022648283
       12.922       0.006118021
       20.058       0.074553088
       23.524       0.002211261
       29.639       0.180598854
       32.215       0.023085589
       38.202       0.036455709
       41.687       0.113636031
       43.821       0.033651638
       44.216       0.031261441
       91.352       0.121300918
       92.721       0.021384862
       93.590       0.016585045
       93.669       0.235210121
       94.575       0.051681845

 PDOS Einstein freq (single pole), associated temp and eff. force constant: 
 Freq (THz)   Temp (K)   Eff. FC (N/m)
  66.784      3205.03     264.0662

 pDOS n Moments, associated Einstein freqs, temps and eff. force constants:
  n     Mom (THz^n)   Freq (THz)     Temp (K)    Eff. FC (N/m)
 -2       0.00325      17.53185       841.37      18.1979
 -1       0.03229      30.96657      1486.11      56.7743
  0       1.00000     ---------     --------
  1      58.51242      58.51242      2808.06     202.7038
  2    4460.12588      66.78417      3205.03     264.0663

 Path Red. Mass (AMU):    0.903144
 Path Length (Ang), s^2 (1e-3 Ang^2):  5.7138  18.0707
--------------------------------------------------------------
 Path Indices:    1   6   2
 PDOS Poles:
     Freq. (THz)    Weight
        1.058       0.001522919
        4.420       0.011671921
        8.168       0.540855975
       13.137       0.000158768
       20.057       0.052920897
       29.634       0.166997599
       32.199       0.040725402
       38.223       0.010884417
       41.687       0.136658685
       43.815       0.000016631
       44.217       0.002217660
       91.352       0.018822127
       92.721       0.000669672
       93.590       0.000098434
       93.669       0.015778797
       94.575       0.000000044

 PDOS Einstein freq (single pole), associated temp and eff. force constant: 
 Freq (THz)   Temp (K)   Eff. FC (N/m)
  28.397      1362.81     528.8895

 pDOS n Moments, associated Einstein freqs, temps and eff. force constants:
  n     Mom (THz^n)   Freq (THz)     Temp (K)    Eff. FC (N/m)
 -2       0.01052       9.75041       467.93      62.3532
 -1       0.08384      11.92714       572.39      93.3009
  0       1.00000     ---------     --------
  1      21.27517      21.27517      1021.01     296.8649
  2     806.40304      28.39724      1362.81     528.8895

 Path Red. Mass (AMU):   10.004699
 Path Length (Ang), s^2 (1e-3 Ang^2):  7.2229   4.2362
--------------------------------------------------------------
 Path Indices:    1   6   3
 PDOS Poles:
     Freq. (THz)    Weight
        0.595       0.004509604
        4.377       0.170262604
        8.168       0.273083429
       14.562       0.000003254
       20.057       0.073154545
       29.634       0.128200389
       32.199       0.154137329
       38.223       0.000353435
       41.687       0.164113578
       43.816       0.004085650
       44.217       0.001489379
       91.352       0.022810246
       92.721       0.001512505
       93.590       0.000015369
       93.669       0.002268589
       94.575       0.000000000

 PDOS Einstein freq (single pole), associated temp and eff. force constant: 
 Freq (THz)   Temp (K)   Eff. FC (N/m)
  29.037      1393.53     545.4868

 pDOS n Moments, associated Einstein freqs, temps and eff. force constants:
  n     Mom (THz^n)   Freq (THz)     Temp (K)    Eff. FC (N/m)
 -2       0.02630       6.16672       295.95      24.6023
 -1       0.09704      10.30525       494.56      68.7044
  0       1.00000     ---------     --------
  1      22.74574      22.74574      1091.59     334.7092
  2     843.17266      29.03744      1393.53     545.4867

 Path Red. Mass (AMU):    9.868677
 Path Length (Ang), s^2 (1e-3 Ang^2):  6.0216   5.0168
--------------------------------------------------------------
 Path Indices:    1   6   4
 PDOS Poles:
     Freq. (THz)    Weight
        3.526       0.059603788
        7.064       0.042915805
        9.074       0.014754200
       20.114       0.027261736
       23.538       0.011833684
       30.845       0.076578723
       32.127       0.085754855
       38.183       0.047531621
       41.682       0.041311728
       43.698       0.002204476
       44.191       0.004577905
       91.352       0.003956977
       92.721       0.283150342
       93.590       0.029159085
       93.669       0.015807906
       94.575       0.253597164

 PDOS Einstein freq (single pole), associated temp and eff. force constant: 
 Freq (THz)   Temp (K)   Eff. FC (N/m)
  73.939      3548.40     907.5542

 pDOS n Moments, associated Einstein freqs, temps and eff. force constants:
  n     Mom (THz^n)   Freq (THz)     Temp (K)    Eff. FC (N/m)
 -2       0.00621      12.68799       608.91      26.7246
 -1       0.04026      24.83680      1191.94     102.4038
  0       1.00000     ---------     --------
  1      65.23593      65.23593      3130.73     706.4775
  2    5466.98521      73.93906      3548.40     907.5542

 Path Red. Mass (AMU):    2.532304
 Path Length (Ang), s^2 (1e-3 Ang^2):  6.6670   8.0355
--------------------------------------------------------------
 Path Indices:    1   6   5
 PDOS Poles:
     Freq. (THz)    Weight
        3.426       0.058568277
        6.919       0.041683394
        8.962       0.017026882
       20.115       0.027347329
       23.541       0.011699474
       30.840       0.075262821
       32.128       0.086849429
       38.183       0.047597805
       41.682       0.041365340
       43.700       0.002257817
       44.191       0.004624063
       91.352       0.003946229
       92.721       0.283857885
       93.590       0.035523680
       93.669       0.009159078
       94.575       0.253230494

 PDOS Einstein freq (single pole), associated temp and eff. force constant: 
 Freq (THz)   Temp (K)   Eff. FC (N/m)
  73.941      3548.49     907.5532

 pDOS n Moments, associated Einstein freqs, temps and eff. force constants:
  n     Mom (THz^n)   Freq (THz)     Temp (K)    Eff. FC (N/m)
 -2       0.00645      12.45061       597.52      25.7326
 -1       0.04067      24.58586      1179.90     100.3397
  0       1.00000     ---------     --------
  1      65.23512      65.23512      3130.69     706.4234
  2    5467.26275      73.94094      3548.49     907.5531

 Path Red. Mass (AMU):    2.532173
 Path Length (Ang), s^2 (1e-3 Ang^2):  6.6668   8.1179
--------------------------------------------------------------
 Path Indices:    1   6   7
 PDOS Poles:
     Freq. (THz)    Weight
        3.334       0.009575936
        8.014       0.092734011
       12.532       0.003408221
       19.822       0.001394572
       23.349       0.032231611
       30.969       0.019955100
       32.190       0.066782700
       37.773       0.020631316
       41.686       0.035324689
       43.830       0.057012551
       44.196       0.001556998
       91.352       0.182509580
       92.721       0.005094742
       93.590       0.317587758
       93.669       0.103748071
       94.575       0.050452019

 PDOS Einstein freq (single pole), associated temp and eff. force constant: 
 Freq (THz)   Temp (K)   Eff. FC (N/m)
  77.631      3725.60     532.4590

 pDOS n Moments, associated Einstein freqs, temps and eff. force constants:
  n     Mom (THz^n)   Freq (THz)     Temp (K)    Eff. FC (N/m)
 -2       0.00262      19.54980       938.21      33.7673
 -1       0.02870      34.84056      1672.03     107.2463
  0       1.00000     ---------     --------
  1      70.54275      70.54275      3385.41     439.6599
  2    6026.62192      77.63132      3725.59     532.4589

 Path Red. Mass (AMU):    1.347732
 Path Length (Ang), s^2 (1e-3 Ang^2):  5.5993  10.7631
--------------------------------------------------------------
 Path Indices:    1   6   8
 PDOS Poles:
     Freq. (THz)    Weight
        3.442       0.009431395
        8.020       0.092828905
       12.566       0.003359820
       19.846       0.001368106
       23.350       0.032404931
       30.963       0.019547928
       32.189       0.066848350
       37.773       0.020715214
       41.686       0.035160772
       43.830       0.057275640
       44.188       0.001207330
       91.352       0.181691655
       92.721       0.004853398
       93.590       0.260239605
       93.669       0.161349305
       94.575       0.051717589

 PDOS Einstein freq (single pole), associated temp and eff. force constant: 
 Freq (THz)   Temp (K)   Eff. FC (N/m)
  77.663      3727.11     532.4760

 pDOS n Moments, associated Einstein freqs, temps and eff. force constants:
  n     Mom (THz^n)   Freq (THz)     Temp (K)    Eff. FC (N/m)
 -2       0.00255      19.80395       950.41      34.6239
 -1       0.02856      35.00867      1680.10     108.1991
  0       1.00000     ---------     --------
  1      70.58018      70.58018      3387.20     439.7823
  2    6031.53235      77.66294      3727.11     532.4759

 Path Red. Mass (AMU):    1.346677
 Path Length (Ang), s^2 (1e-3 Ang^2):  5.5993  10.7198
--------------------------------------------------------------
 Path Indices:    1   6   9
 PDOS Poles:
     Freq. (THz)    Weight
        1.543       0.000706914
        4.399       0.019077771
        8.172       0.024884499
       13.098       0.000555428
       20.057       0.021180728
       29.634       0.089752205
       32.199       0.002333621
       38.223       0.008361070
       41.687       0.011791013
       43.816       0.005467337
       44.217       0.008396773
       91.352       0.276970377
       92.721       0.025863114
       93.590       0.002875112
       93.669       0.501779542
       94.575       0.000004735

 PDOS Einstein freq (single pole), associated temp and eff. force constant: 
 Freq (THz)   Temp (K)   Eff. FC (N/m)
  84.339      4047.48     518.5950

 pDOS n Moments, associated Einstein freqs, temps and eff. force constants:
  n     Mom (THz^n)   Freq (THz)     Temp (K)    Eff. FC (N/m)
 -2       0.00193      22.76938      1092.72      37.7988
 -1       0.02155      46.39513      2226.54     156.9351
  0       1.00000     ---------     --------
  1      79.84787      79.84787      3831.97     464.8383
  2    7113.00630      84.33864      4047.49     518.5952

 Path Red. Mass (AMU):    1.112158
 Path Length (Ang), s^2 (1e-3 Ang^2):  5.6001   9.7948
--------------------------------------------------------------
 Path Indices:    1   7   2
 PDOS Poles:
     Freq. (THz)    Weight
        3.978       0.003606901
        7.879       0.159063363
       13.136       0.004875211
       20.589       0.010242600
       23.423       0.077297636
       30.504       0.050903768
       32.156       0.146094738
       37.815       0.055987197
       41.685       0.181823217
       43.822       0.167332019
       43.948       0.014096675
       91.352       0.040735489
       92.721       0.000939963
       93.590       0.058265529
       93.669       0.019228544
       94.575       0.009506981

 PDOS Einstein freq (single pole), associated temp and eff. force constant: 
 Freq (THz)   Temp (K)   Eff. FC (N/m)
  45.964      2205.83     139.5855

 pDOS n Moments, associated Einstein freqs, temps and eff. force constants:
  n     Mom (THz^n)   Freq (THz)     Temp (K)    Eff. FC (N/m)
 -2       0.00343      17.06805       819.11      19.2478
 -1       0.04284      23.34173      1120.19      35.9980
  0       1.00000     ---------     --------
  1      39.21429      39.21429      1881.93     101.6018
  2    2112.64932      45.96357      2205.83     139.5855

 Path Red. Mass (AMU):    1.007869
 Path Length (Ang), s^2 (1e-3 Ang^2):  7.7347  21.4826
--------------------------------------------------------------
 Path Indices:    1   7   3
 PDOS Poles:
     Freq. (THz)    Weight
        3.647       0.012419853
        7.970       0.059220216
       12.690       0.002225367
       23.336       0.077007344
       27.445       0.001775760
       30.958       0.081495655
       32.236       0.115329899
       37.806       0.078612265
       41.685       0.142383012
       43.827       0.100448487
       44.201       0.013141694
       91.352       0.101941500
       92.721       0.000761333
       93.590       0.138845739
       93.669       0.045517559
       94.575       0.028874247

 PDOS Einstein freq (single pole), associated temp and eff. force constant: 
 Freq (THz)   Temp (K)   Eff. FC (N/m)
  59.623      2861.38     243.3282

 pDOS n Moments, associated Einstein freqs, temps and eff. force constants:
  n     Mom (THz^n)   Freq (THz)     Temp (K)    Eff. FC (N/m)
 -2       0.00245      20.19422       969.14      27.9134
 -1       0.03207      31.18263      1496.48      66.5555
  0       1.00000     ---------     --------
  1      51.89463      51.89463      2490.47     184.3330
  2    3554.95419      59.62344      2861.38     243.3281

 Path Red. Mass (AMU):    1.044118
 Path Length (Ang), s^2 (1e-3 Ang^2):  6.9916  15.5225
--------------------------------------------------------------
 Path Indices:    1   7   4
 PDOS Poles:
     Freq. (THz)    Weight
        4.092       0.013224412
        7.977       0.029377818
       12.659       0.001152737
       23.344       0.032714852
       29.552       0.016772236
       31.173       0.155966882
       32.337       0.076158113
       38.000       0.020955418
       41.685       0.074405412
       43.826       0.059233833
       44.158       0.003010770
       91.352       0.097906315
       92.721       0.142148583
       93.590       0.237061010
       93.669       0.013852359
       94.575       0.026059112

 PDOS Einstein freq (single pole), associated temp and eff. force constant: 
 Freq (THz)   Temp (K)   Eff. FC (N/m)
  70.819      3398.66     254.4675

 pDOS n Moments, associated Einstein freqs, temps and eff. force constants:
  n     Mom (THz^n)   Freq (THz)     Temp (K)    Eff. FC (N/m)
 -2       0.00172      24.10587      1156.86      29.4835
 -1       0.02565      38.98515      1870.93      77.1137
  0       1.00000     ---------     --------
  1      63.58659      63.58659      3051.58     205.1466
  2    5015.32345      70.81895      3398.66     254.4674

 Path Red. Mass (AMU):    0.773971
 Path Length (Ang), s^2 (1e-3 Ang^2):  7.8989  16.7495
--------------------------------------------------------------
 Path Indices:    1   7   5
 PDOS Poles:
     Freq. (THz)    Weight
        2.743       0.021539106
        7.805       0.029708517
       12.033       0.002012758
       23.346       0.199527964
       28.698       0.004690473
       31.436       0.036637409
       32.372       0.090580281
       37.818       0.105512948
       41.684       0.121418615
       43.820       0.114597253
       44.182       0.009827386
       91.352       0.051587296
       92.721       0.067222564
       93.590       0.030683243
       93.669       0.010717071
       94.575       0.103737108

 PDOS Einstein freq (single pole), associated temp and eff. force constant: 
 Freq (THz)   Temp (K)   Eff. FC (N/m)
  56.091      2691.85     172.3754

 pDOS n Moments, associated Einstein freqs, temps and eff. force constants:
  n     Mom (THz^n)   Freq (THz)     Temp (K)    Eff. FC (N/m)
 -2       0.00410      15.61873       749.56      13.3654
 -1       0.03587      27.87819      1337.90      42.5813
  0       1.00000     ---------     --------
  1      48.33116      48.33116      2319.45     127.9808
  2    3146.18877      56.09090      2691.85     172.3753

 Path Red. Mass (AMU):    0.835760
 Path Length (Ang), s^2 (1e-3 Ang^2):  7.3373  21.6910
--------------------------------------------------------------
 Path Indices:    1   7   6
 PDOS Poles:
     Freq. (THz)    Weight
        3.334       0.009575936
        8.014       0.092734011
       12.532       0.003408221
       19.822       0.001394572
       23.349       0.032231611
       30.969       0.019955100
       32.190       0.066782700
       37.773       0.020631316
       41.686       0.035324689
       43.830       0.057012551
       44.196       0.001556998
       91.352       0.182509580
       92.721       0.005094742
       93.590       0.317587758
       93.669       0.103748071
       94.575       0.050452019

 PDOS Einstein freq (single pole), associated temp and eff. force constant: 
 Freq (THz)   Temp (K)   Eff. FC (N/m)
  77.631      3725.60     532.4590

 pDOS n Moments, associated Einstein freqs, temps and eff. force constants:
  n     Mom (THz^n)   Freq (THz)     Temp (K)    Eff. FC (N/m)
 -2       0.00262      19.54980       938.21      33.7673
 -1       0.02870      34.84056      1672.03     107.2463
  0       1.00000     ---------     --------
  1      70.54275      70.54275      3385.41     439.6599
  2    6026.62192      77.63132      3725.59     532.4589

 Path Red. Mass (AMU):    1.347732
 Path Length (Ang), s^2 (1e-3 Ang^2):  5.9197  10.7631
--------------------------------------------------------------
 Path Indices:    1   7   8
 PDOS Poles:
     Freq. (THz)    Weight
        3.126       0.001005937
        5.046       0.001729872
        8.172       0.068673138
       13.088       0.005101355
       20.057       0.010602266
       29.634       0.017844820
       32.199       0.130159960
       38.223       0.016675747
       41.687       0.072939094
       43.816       0.020889635
       44.217       0.071501183
       91.352       0.372344360
       92.721       0.007666052
       93.590       0.001076660
       93.669       0.201786501
       94.575       0.000003538

 PDOS Einstein freq (single pole), associated temp and eff. force constant: 
 Freq (THz)   Temp (K)   Eff. FC (N/m)
  73.787      3541.10     300.2095

 pDOS n Moments, associated Einstein freqs, temps and eff. force constants:
  n     Mom (THz^n)   Freq (THz)     Temp (K)    Eff. FC (N/m)
 -2       0.00157      25.23146      1210.88      35.1034
 -1       0.02524      39.62661      1901.72      86.5842
  0       1.00000     ---------     --------
  1      67.05467      67.05467      3218.01     247.9264
  2    5444.52188      73.78700      3541.10     300.2095

 Path Red. Mass (AMU):    0.841116
 Path Length (Ang), s^2 (1e-3 Ang^2):  6.5989  15.1629
--------------------------------------------------------------
 Path Indices:    1   7   9
 PDOS Poles:
     Freq. (THz)    Weight
        3.716       0.010513198
        7.946       0.039590748
       13.625       0.000296345
       20.685       0.005218134
       23.485       0.025795874
       29.907       0.039875965
       31.598       0.017624848
       37.801       0.033450864
       41.682       0.026743933
       43.810       0.013293954
       44.200       0.006541714
       91.352       0.533630717
       92.721       0.006193616
       93.590       0.105166497
       93.669       0.114570251
       94.575       0.021493339

 PDOS Einstein freq (single pole), associated temp and eff. force constant: 
 Freq (THz)   Temp (K)   Eff. FC (N/m)
  82.644      3966.18     382.5966

 pDOS n Moments, associated Einstein freqs, temps and eff. force constants:
  n     Mom (THz^n)   Freq (THz)     Temp (K)    Eff. FC (N/m)
 -2       0.00165      24.60119      1180.63      33.9020
 -1       0.02154      46.43537      2228.47     120.7846
  0       1.00000     ---------     --------
  1      78.00112      78.00112      3743.34     340.8123
  2    6830.10746      82.64446      3966.18     382.5966

 Path Red. Mass (AMU):    0.854486
 Path Length (Ang), s^2 (1e-3 Ang^2):  6.5973  12.7371
--------------------------------------------------------------
 Path Indices:    1   8   2
 PDOS Poles:
     Freq. (THz)    Weight
        4.203       0.003627109
        7.884       0.159000074
       13.154       0.004920014
       20.605       0.010133137
       23.423       0.077638082
       30.507       0.050408465
       32.157       0.145751796
       37.814       0.056131120
       41.686       0.181056140
       43.827       0.176351123
       44.068       0.005082417
       91.352       0.040945210
       92.721       0.000902398
       93.590       0.048142287
       93.669       0.030078111
       94.575       0.009832467

 PDOS Einstein freq (single pole), associated temp and eff. force constant: 
 Freq (THz)   Temp (K)   Eff. FC (N/m)
  46.063      2210.60     140.1984

 pDOS n Moments, associated Einstein freqs, temps and eff. force constants:
  n     Mom (THz^n)   Freq (THz)     Temp (K)    Eff. FC (N/m)
 -2       0.00340      17.13769       822.45      19.4064
 -1       0.04276      23.38705      1122.37      36.1402
  0       1.00000     ---------     --------
  1      39.28554      39.28554      1885.35     101.9777
  2    2121.79477      46.06294      2210.60     140.1984

 Path Red. Mass (AMU):    1.007931
 Path Length (Ang), s^2 (1e-3 Ang^2):  7.7392  21.4397
--------------------------------------------------------------
 Path Indices:    1   8   3
 PDOS Poles:
     Freq. (THz)    Weight
        3.738       0.012399780
        7.979       0.059244934
       12.716       0.002182697
       23.337       0.077484001
       27.681       0.001894183
       30.981       0.082201004
       32.244       0.113709719
       37.805       0.078753135
       41.685       0.142029575
       43.826       0.101884019
       44.199       0.011664686
       91.352       0.101645971
       92.721       0.000701148
       93.590       0.113917344
       93.669       0.070731382
       94.575       0.029556377

 PDOS Einstein freq (single pole), associated temp and eff. force constant: 
 Freq (THz)   Temp (K)   Eff. FC (N/m)
  59.665      2863.39     243.6280

 pDOS n Moments, associated Einstein freqs, temps and eff. force constants:
  n     Mom (THz^n)   Freq (THz)     Temp (K)    Eff. FC (N/m)
 -2       0.00240      20.39671       978.86      28.4711
 -1       0.03197      31.28282      1501.29      66.9724
  0       1.00000     ---------     --------
  1      51.93187      51.93187      2492.26     184.5661
  2    3559.94213      59.66525      2863.39     243.6279

 Path Red. Mass (AMU):    1.043940
 Path Length (Ang), s^2 (1e-3 Ang^2):  6.9933  15.4755
--------------------------------------------------------------
 Path Indices:    1   8   4
 PDOS Poles:
     Freq. (THz)    Weight
        2.812       0.021277599
        7.806       0.029980054
       11.975       0.001957358
       23.346       0.200665208
       28.709       0.004667161
       31.475       0.038334826
       32.381       0.087859669
       37.818       0.105628402
       41.684       0.121522243
       43.815       0.115425728
       44.178       0.008936031
       91.352       0.051358718
       92.721       0.066503360
       93.590       0.025292722
       93.669       0.016075663
       94.575       0.104515234

 PDOS Einstein freq (single pole), associated temp and eff. force constant: 
 Freq (THz)   Temp (K)   Eff. FC (N/m)
  56.077      2691.17     172.3665

 pDOS n Moments, associated Einstein freqs, temps and eff. force constants:
  n     Mom (THz^n)   Freq (THz)     Temp (K)    Eff. FC (N/m)
 -2       0.00393      15.94835       765.38      13.9418
 -1       0.03563      28.06514      1346.87      43.1740
  0       1.00000     ---------     --------
  1      48.31534      48.31534      2318.70     127.9553
  2    3144.59511      56.07669      2691.17     172.3665

 Path Red. Mass (AMU):    0.836141
 Path Length (Ang), s^2 (1e-3 Ang^2):  7.3376  21.5367
--------------------------------------------------------------
 Path Indices:    1   8   5
 PDOS Poles:
     Freq. (THz)    Weight
        4.044       0.013100680
        7.966       0.029380980
       12.633       0.001194206
       23.343       0.033151740
       29.435       0.013689962
       31.128       0.152029806
       32.307       0.082310257
       37.999       0.021121483
       41.685       0.074126434
       43.824       0.059383488
       44.138       0.002788258
       91.352       0.097649554
       92.721       0.141653446
       93.590       0.216712691
       93.669       0.036333292
       94.575       0.025373602

 PDOS Einstein freq (single pole), associated temp and eff. force constant: 
 Freq (THz)   Temp (K)   Eff. FC (N/m)
  70.858      3400.54     254.7941

 pDOS n Moments, associated Einstein freqs, temps and eff. force constants:
  n     Mom (THz^n)   Freq (THz)     Temp (K)    Eff. FC (N/m)
 -2       0.00173      24.01830      1152.66      29.2749
 -1       0.02566      38.97112      1870.26      77.0720
  0       1.00000     ---------     --------
  1      63.62844      63.62844      3053.58     205.4535
  2    5020.86172      70.85804      3400.54     254.7940

 Path Red. Mass (AMU):    0.774109
 Path Length (Ang), s^2 (1e-3 Ang^2):  7.9005  16.7525
--------------------------------------------------------------
 Path Indices:    1   8   6
 PDOS Poles:
     Freq. (THz)    Weight
        3.442       0.009431395
        8.020       0.092828905
       12.566       0.003359820
       19.846       0.001368106
       23.350       0.032404931
       30.963       0.019547928
       32.189       0.066848350
       37.773       0.020715214
       41.686       0.035160772
       43.830       0.057275640
       44.188       0.001207330
       91.352       0.181691655
       92.721       0.004853398
       93.590       0.260239605
       93.669       0.161349305
       94.575       0.051717589

 PDOS Einstein freq (single pole), associated temp and eff. force constant: 
 Freq (THz)   Temp (K)   Eff. FC (N/m)
  77.663      3727.11     532.4760

 pDOS n Moments, associated Einstein freqs, temps and eff. force constants:
  n     Mom (THz^n)   Freq (THz)     Temp (K)    Eff. FC (N/m)
 -2       0.00255      19.80395       950.41      34.6239
 -1       0.02856      35.00867      1680.10     108.1991
  0       1.00000     ---------     --------
  1      70.58018      70.58018      3387.20     439.7823
  2    6031.53235      77.66294      3727.11     532.4759

 Path Red. Mass (AMU):    1.346677
 Path Length (Ang), s^2 (1e-3 Ang^2):  5.9212  10.7198
--------------------------------------------------------------
 Path Indices:    1   8   7
 PDOS Poles:
     Freq. (THz)    Weight
        3.126       0.001005937
        5.046       0.001729872
        8.172       0.068673138
       13.088       0.005101355
       20.057       0.010602266
       29.634       0.017844820
       32.199       0.130159960
       38.223       0.016675747
       41.687       0.072939094
       43.816       0.020889635
       44.217       0.071501183
       91.352       0.372344360
       92.721       0.007666052
       93.590       0.001076660
       93.669       0.201786501
       94.575       0.000003538

 PDOS Einstein freq (single pole), associated temp and eff. force constant: 
 Freq (THz)   Temp (K)   Eff. FC (N/m)
  73.787      3541.10     300.2095

 pDOS n Moments, associated Einstein freqs, temps and eff. force constants:
  n     Mom (THz^n)   Freq (THz)     Temp (K)    Eff. FC (N/m)
 -2       0.00157      25.23146      1210.88      35.1034
 -1       0.02524      39.62661      1901.72      86.5842
  0       1.00000     ---------     --------
  1      67.05467      67.05467      3218.01     247.9264
  2    5444.52188      73.78700      3541.10     300.2095

 Path Red. Mass (AMU):    0.841116
 Path Length (Ang), s^2 (1e-3 Ang^2):  6.6004  15.1629
--------------------------------------------------------------
 Path Indices:    1   8   9
 PDOS Poles:
     Freq. (THz)    Weight
        3.812       0.010523823
        7.959       0.039557486
       14.075       0.000276478
       20.714       0.005350819
       23.492       0.025613857
       29.907       0.040083513
       31.608       0.017275694
       37.802       0.033290376
       41.682       0.026678927
       43.812       0.012785935
       44.200       0.006891516
       91.352       0.532968963
       92.721       0.006363582
       93.590       0.139088653
       93.669       0.082155938
       94.575       0.021094407

 PDOS Einstein freq (single pole), associated temp and eff. force constant: 
 Freq (THz)   Temp (K)   Eff. FC (N/m)
  82.670      3967.43     382.8166

 pDOS n Moments, associated Einstein freqs, temps and eff. force constants:
  n     Mom (THz^n)   Freq (THz)     Temp (K)    Eff. FC (N/m)
 -2       0.00161      24.90515      1195.22      34.7431
 -1       0.02144      46.63383      2238.00     121.8125
  0       1.00000     ---------     --------
  1      78.03706      78.03706      3745.07     341.1078
  2    6834.40929      82.67049      3967.43     382.8166

 Path Red. Mass (AMU):    0.854439
 Path Length (Ang), s^2 (1e-3 Ang^2):  6.5990  12.6836
--------------------------------------------------------------
 Path Indices:    1   9   2
 PDOS Poles:
     Freq. (THz)    Weight
        3.714       0.002978119
        5.464       0.002283726
        8.192       0.022574602
       13.091       0.005454822
       20.057       0.052553780
       29.634       0.133966488
       32.199       0.022133236
       38.223       0.020134162
       41.687       0.058001285
       43.816       0.009361814
       44.217       0.015950623
       91.352       0.243418204
       92.721       0.020009076
       93.590       0.002234375
       93.669       0.388942312
       94.575       0.000003566

 PDOS Einstein freq (single pole), associated temp and eff. force constant: 
 Freq (THz)   Temp (K)   Eff. FC (N/m)
  77.325      3710.91     398.2537

 pDOS n Moments, associated Einstein freqs, temps and eff. force constants:
  n     Mom (THz^n)   Freq (THz)     Temp (K)    Eff. FC (N/m)
 -2       0.00110      30.13275      1446.10      60.4776
 -1       0.02177      45.93606      2204.51     140.5480
  0       1.00000     ---------     --------
  1      71.05289      71.05289      3409.89     336.2643
  2    5979.19554      77.32526      3710.91     398.2538

 Path Red. Mass (AMU):    1.016035
 Path Length (Ang), s^2 (1e-3 Ang^2):  8.9700  10.8284
--------------------------------------------------------------
 Path Indices:    1   9   3
 PDOS Poles:
     Freq. (THz)    Weight
        2.577       0.001788443
        4.456       0.024747449
        8.207       0.008518124
       13.092       0.003738731
       20.057       0.055507308
       29.634       0.193878438
       32.199       0.033543509
       38.223       0.024809716
       41.687       0.102293333
       43.816       0.015546197
       44.217       0.028562489
       91.352       0.187342785
       92.721       0.015529704
       93.590       0.001740193
       93.669       0.302450783
       94.575       0.000002945

 PDOS Einstein freq (single pole), associated temp and eff. force constant: 
 Freq (THz)   Temp (K)   Eff. FC (N/m)
  69.962      3357.53     318.5117

 pDOS n Moments, associated Einstein freqs, temps and eff. force constants:
  n     Mom (THz^n)   Freq (THz)     Temp (K)    Eff. FC (N/m)
 -2       0.00221      21.25951      1020.26      29.4110
 -1       0.02749      36.37368      1745.60      86.0951
  0       1.00000     ---------     --------
  1      62.37676      62.37676      2993.52     253.1918
  2    4894.64931      69.96177      3357.53     318.5118

 Path Red. Mass (AMU):    0.992648
 Path Length (Ang), s^2 (1e-3 Ang^2):  7.4145  13.9972
--------------------------------------------------------------
 Path Indices:    1   9   4
 PDOS Poles:
     Freq. (THz)    Weight
        3.787       0.029968823
        6.997       0.022350300
       12.934       0.006055656
       20.058       0.074495501
       23.536       0.002074197
       29.639       0.180125932
       32.214       0.023205311
       38.203       0.036417476
       41.687       0.113426796
       43.817       0.034586166
       44.216       0.030173885
       91.352       0.121518762
       92.721       0.021392042
       93.590       0.002881860
       93.669       0.250598362
       94.575       0.050729058

 PDOS Einstein freq (single pole), associated temp and eff. force constant: 
 Freq (THz)   Temp (K)   Eff. FC (N/m)
  66.838      3207.62     264.3979

 pDOS n Moments, associated Einstein freqs, temps and eff. force constants:
  n     Mom (THz^n)   Freq (THz)     Temp (K)    Eff. FC (N/m)
 -2       0.00317      17.75052       851.86      18.6480
 -1       0.03212      31.12848      1493.88      57.3489
  0       1.00000     ---------     --------
  1      58.57194      58.57194      2810.92     203.0433
  2    4467.33665      66.83814      3207.62     264.3979

 Path Red. Mass (AMU):    0.902819
 Path Length (Ang), s^2 (1e-3 Ang^2):  7.7668  17.9832
--------------------------------------------------------------
 Path Indices:    1   9   5
 PDOS Poles:
     Freq. (THz)    Weight
        3.708       0.029617401
        6.943       0.022648283
       12.922       0.006118021
       20.058       0.074553088
       23.524       0.002211261
       29.639       0.180598854
       32.215       0.023085589
       38.202       0.036455709
       41.687       0.113636031
       43.821       0.033651638
       44.216       0.031261441
       91.352       0.121300918
       92.721       0.021384862
       93.590       0.016585045
       93.669       0.235210121
       94.575       0.051681845

 PDOS Einstein freq (single pole), associated temp and eff. force constant: 
 Freq (THz)   Temp (K)   Eff. FC (N/m)
  66.784      3205.03     264.0662

 pDOS n Moments, associated Einstein freqs, temps and eff. force constants:
  n     Mom (THz^n)   Freq (THz)     Temp (K)    Eff. FC (N/m)
 -2       0.00325      17.53185       841.37      18.1979
 -1       0.03229      30.96657      1486.11      56.7743
  0       1.00000     ---------     --------
  1      58.51242      58.51242      2808.06     202.7038
  2    4460.12588      66.78417      3205.03     264.0663

 Path Red. Mass (AMU):    0.903144
 Path Length (Ang), s^2 (1e-3 Ang^2):  7.7646  18.0707
--------------------------------------------------------------
 Path Indices:    1   9   6
 PDOS Poles:
     Freq. (THz)    Weight
        1.543       0.000706914
        4.399       0.019077771
        8.172       0.024884499
       13.098       0.000555428
       20.057       0.021180728
       29.634       0.089752205
       32.199       0.002333621
       38.223       0.008361070
       41.687       0.011791013
       43.816       0.005467337
       44.217       0.008396773
       91.352       0.276970377
       92.721       0.025863114
       93.590       0.002875112
       93.669       0.501779542
       94.575       0.000004735

 PDOS Einstein freq (single pole), associated temp and eff. force constant: 
 Freq (THz)   Temp (K)   Eff. FC (N/m)
  84.339      4047.48     518.5950

 pDOS n Moments, associated Einstein freqs, temps and eff. force constants:
  n     Mom (THz^n)   Freq (THz)     Temp (K)    Eff. FC (N/m)
 -2       0.00193      22.76938      1092.72      37.7988
 -1       0.02155      46.39513      2226.54     156.9351
  0       1.00000     ---------     --------
  1      79.84787      79.84787      3831.97     464.8383
  2    7113.00630      84.33864      4047.49     518.5952

 Path Red. Mass (AMU):    1.112158
 Path Length (Ang), s^2 (1e-3 Ang^2):  6.3633   9.7948
--------------------------------------------------------------
 Path Indices:    1   9   7
 PDOS Poles:
     Freq. (THz)    Weight
        3.716       0.010513198
        7.946       0.039590748
       13.625       0.000296345
       20.685       0.005218134
       23.485       0.025795874
       29.907       0.039875965
       31.598       0.017624848
       37.801       0.033450864
       41.682       0.026743933
       43.810       0.013293954
       44.200       0.006541714
       91.352       0.533630717
       92.721       0.006193616
       93.590       0.105166497
       93.669       0.114570251
       94.575       0.021493339

 PDOS Einstein freq (single pole), associated temp and eff. force constant: 
 Freq (THz)   Temp (K)   Eff. FC (N/m)
  82.644      3966.18     382.5966

 pDOS n Moments, associated Einstein freqs, temps and eff. force constants:
  n     Mom (THz^n)   Freq (THz)     Temp (K)    Eff. FC (N/m)
 -2       0.00165      24.60119      1180.63      33.9020
 -1       0.02154      46.43537      2228.47     120.7846
  0       1.00000     ---------     --------
  1      78.00112      78.00112      3743.34     340.8123
  2    6830.10746      82.64446      3966.18     382.5966

 Path Red. Mass (AMU):    0.854486
 Path Length (Ang), s^2 (1e-3 Ang^2):  7.0402  12.7371
--------------------------------------------------------------
 Path Indices:    1   9   8
 PDOS Poles:
     Freq. (THz)    Weight
        3.812       0.010523823
        7.959       0.039557486
       14.075       0.000276478
       20.714       0.005350819
       23.492       0.025613857
       29.907       0.040083513
       31.608       0.017275694
       37.802       0.033290376
       41.682       0.026678927
       43.812       0.012785935
       44.200       0.006891516
       91.352       0.532968963
       92.721       0.006363582
       93.590       0.139088653
       93.669       0.082155938
       94.575       0.021094407

 PDOS Einstein freq (single pole), associated temp and eff. force constant: 
 Freq (THz)   Temp (K)   Eff. FC (N/m)
  82.670      3967.43     382.8166

 pDOS n Moments, associated Einstein freqs, temps and eff. force constants:
  n     Mom (THz^n)   Freq (THz)     Temp (K)    Eff. FC (N/m)
 -2       0.00161      24.90515      1195.22      34.7431
 -1       0.02144      46.63383      2238.00     121.8125
  0       1.00000     ---------     --------
  1      78.03706      78.03706      3745.07     341.1078
  2    6834.40929      82.67049      3967.43     382.8166

 Path Red. Mass (AMU):    0.854439
 Path Length (Ang), s^2 (1e-3 Ang^2):  7.0403  12.6836
--------------------------------------------------------------
--------------------------------------------------------------
 Path Indices:    1   2   1   2
 PDOS Poles:
     Freq. (THz)    Weight
        0.826       0.000981886
        8.167       0.153144030
       11.437       0.000086345
       13.085       0.837225965
       20.058       0.006304875
       29.634       0.000695589
       32.199       0.001440244
       38.223       0.000111563
       41.684       0.000003990
       43.805       0.000003779
       44.078       0.000000274
       91.352       0.000000100
       92.721       0.000001358
       93.590       0.000000001
       93.669       0.000000013
       94.575      -0.000000000

 PDOS Einstein freq (single pole), associated temp and eff. force constant: 
 Freq (THz)   Temp (K)   Eff. FC (N/m)
  12.586       604.02     111.7073

 pDOS n Moments, associated Einstein freqs, temps and eff. force constants:
  n     Mom (THz^n)   Freq (THz)     Temp (K)    Eff. FC (N/m)
 -2       0.00864      10.75641       516.21      81.5887
 -1       0.08432      11.86024       569.18      99.1933
  0       1.00000     ---------     --------
  1      12.40607      12.40607       595.38     108.5335
  2     158.41135      12.58616       604.02     111.7073

 Path Red. Mass (AMU):   10.756887
 Path Length (Ang), s^2 (1e-3 Ang^2):  6.4977   3.9635
--------------------------------------------------------------
 Path Indices:    1   2   1   3
 PDOS Poles:
     Freq. (THz)    Weight
        0.681       0.004380910
        4.379       0.114811236
        8.169       0.188603429
       13.085       0.247950603
       20.057       0.085388297
       29.634       0.130636831
       32.199       0.101827336
       38.223       0.111063867
       41.687       0.001355652
       43.795       0.000196680
       43.817       0.012610866
       91.352       0.000006554
       92.721       0.001143985
       93.590       0.000000164
       93.669       0.000023622
       94.575       0.000000002

 PDOS Einstein freq (single pole), associated temp and eff. force constant: 
 Freq (THz)   Temp (K)   Eff. FC (N/m)
  22.610      1085.05     235.5369

 pDOS n Moments, associated Einstein freqs, temps and eff. force constants:
  n     Mom (THz^n)   Freq (THz)     Temp (K)    Eff. FC (N/m)
 -2       0.02025       7.02642       337.20      22.7479
 -1       0.08976      11.14055       534.64      57.1856
  0       1.00000     ---------     --------
  1      19.12531      19.12531       917.84     168.5351
  2     511.19410      22.60960      1085.05     235.5369

 Path Red. Mass (AMU):    7.028528
 Path Length (Ang), s^2 (1e-3 Ang^2):  7.4581   6.4910
--------------------------------------------------------------
 Path Indices:    1   2   1   4
 PDOS Poles:
     Freq. (THz)    Weight
        2.964       0.035108077
        7.227       0.018242863
       13.098       0.027418717
       21.187       0.009322249
       24.273       0.011502204
       29.978       0.146409916
       31.297       0.137172352
       37.880       0.388832818
       38.378       0.152295876
       43.784       0.016719233
       43.987       0.004186609
       91.352       0.000002423
       92.721       0.026347187
       93.590       0.003610868
       93.669       0.001569607
       94.575       0.021258983

 PDOS Einstein freq (single pole), associated temp and eff. force constant: 
 Freq (THz)   Temp (K)   Eff. FC (N/m)
  39.590      1899.94      97.9765

 pDOS n Moments, associated Einstein freqs, temps and eff. force constants:
  n     Mom (THz^n)   Freq (THz)     Temp (K)    Eff. FC (N/m)
 -2       0.00524      13.81350       662.92      11.9279
 -1       0.04192      23.85555      1144.85      35.5743
  0       1.00000     ---------     --------
  1      36.18259      36.18259      1736.43      81.8383
  2    1567.34404      39.58970      1899.94      97.9765

 Path Red. Mass (AMU):    0.953561
 Path Length (Ang), s^2 (1e-3 Ang^2):  7.5511  22.2171
--------------------------------------------------------------
 Path Indices:    1   2   1   5
 PDOS Poles:
     Freq. (THz)    Weight
        2.888       0.035655310
        7.210       0.017981530
       13.101       0.027227212
       21.227       0.009595297
       24.320       0.011511369
       29.999       0.149249071
       31.316       0.133660117
       37.884       0.397006629
       38.390       0.144669192
       43.777       0.015785713
       43.972       0.004790898
       91.352       0.000002448
       92.721       0.026441446
       93.590       0.004316404
       93.669       0.000856644
       94.575       0.021250697

 PDOS Einstein freq (single pole), associated temp and eff. force constant: 
 Freq (THz)   Temp (K)   Eff. FC (N/m)
  39.594      1900.15      97.9976

 pDOS n Moments, associated Einstein freqs, temps and eff. force constants:
  n     Mom (THz^n)   Freq (THz)     Temp (K)    Eff. FC (N/m)
 -2       0.00552      13.46562       646.23      11.3347
 -1       0.04237      23.60093      1132.63      34.8189
  0       1.00000     ---------     --------
  1      36.17763      36.17763      1736.20      81.8157
  2    1567.68575      39.59401      1900.15      97.9976

 Path Red. Mass (AMU):    0.953559
 Path Length (Ang), s^2 (1e-3 Ang^2):  7.5513  22.4568
--------------------------------------------------------------
 Path Indices:    1   2   1   6
 PDOS Poles:
     Freq. (THz)    Weight
        0.554       0.002666370
        4.378       0.038091093
        8.168       0.440159259
       13.085       0.146356890
       20.057       0.004915614
       29.634       0.137261550
       32.199       0.069512463
       38.223       0.004292722
       41.687       0.131868061
       43.816       0.000216928
       44.217       0.000451403
       91.352       0.018214340
       92.721       0.000217317
       93.590       0.000036531
       93.669       0.005739486
       94.575       0.000000012

 PDOS Einstein freq (single pole), associated temp and eff. force constant: 
 Freq (THz)   Temp (K)   Eff. FC (N/m)
  26.287      1261.55     315.5676

 pDOS n Moments, associated Einstein freqs, temps and eff. force constants:
  n     Mom (THz^n)   Freq (THz)     Temp (K)    Eff. FC (N/m)
 -2       0.01844       7.36327       353.37      24.7594
 -1       0.08918      11.21387       538.16      57.4261
  0       1.00000     ---------     --------
  1      19.99892      19.99892       959.77     182.6465
  2     691.02520      26.28736      1261.55     315.5676

 Path Red. Mass (AMU):    6.966100
 Path Length (Ang), s^2 (1e-3 Ang^2):  8.8389   6.5222
--------------------------------------------------------------
 Path Indices:    1   2   1   7
 PDOS Poles:
     Freq. (THz)    Weight
        2.256       0.007714584
        7.965       0.128721318
       13.112       0.005619697
       20.289       0.015979132
       23.394       0.093417050
       30.654       0.057527114
       32.151       0.146048965
       37.791       0.064415005
       41.686       0.187717207
       43.828       0.152143407
       44.136       0.003840851
       91.352       0.043339981
       92.721       0.000947392
       93.590       0.062542984
       93.669       0.019818429
       94.575       0.010206823

 PDOS Einstein freq (single pole), associated temp and eff. force constant: 
 Freq (THz)   Temp (K)   Eff. FC (N/m)
  46.612      2236.94     135.2738

 pDOS n Moments, associated Einstein freqs, temps and eff. force constants:
  n     Mom (THz^n)   Freq (THz)     Temp (K)    Eff. FC (N/m)
 -2       0.00424      15.35795       737.04      14.6855
 -1       0.04245      23.55835      1130.59      34.5551
  0       1.00000     ---------     --------
  1      39.90438      39.90438      1915.05      99.1432
  2    2172.65912      46.61179      2236.94     135.2737

 Path Red. Mass (AMU):    0.949758
 Path Length (Ang), s^2 (1e-3 Ang^2):  9.1593  22.5875
--------------------------------------------------------------
 Path Indices:    1   2   1   8
 PDOS Poles:
     Freq. (THz)    Weight
        2.302       0.007196415
        7.966       0.129291946
       13.104       0.005620095
       20.286       0.015751476
       23.393       0.093851953
       30.657       0.056921202
       32.152       0.145914123
       37.791       0.064609660
       41.686       0.187154894
       43.827       0.152328002
       44.094       0.003655793
       91.352       0.043410610
       92.721       0.000905287
       93.590       0.051701403
       93.669       0.031168091
       94.575       0.010518983

 PDOS Einstein freq (single pole), associated temp and eff. force constant: 
 Freq (THz)   Temp (K)   Eff. FC (N/m)
  46.680      2240.22     135.6715

 pDOS n Moments, associated Einstein freqs, temps and eff. force constants:
  n     Mom (THz^n)   Freq (THz)     Temp (K)    Eff. FC (N/m)
 -2       0.00409      15.63601       750.39      15.2222
 -1       0.04221      23.69153      1136.98      34.9471
  0       1.00000     ---------     --------
  1      39.95480      39.95480      1917.47      99.3945
  2    2179.03327      46.68012      2240.22     135.6714

 Path Red. Mass (AMU):    0.949764
 Path Length (Ang), s^2 (1e-3 Ang^2):  9.1609  22.4604
--------------------------------------------------------------
 Path Indices:    1   2   1   9
 PDOS Poles:
     Freq. (THz)    Weight
        3.329       0.004308463
        4.739       0.011323393
        8.212       0.014674533
       13.086       0.043419093
       20.057       0.046298742
       29.634       0.184185861
       32.199       0.029968402
       38.223       0.025006641
       41.687       0.098826847
       43.816       0.014881659
       44.217       0.027744697
       91.352       0.184464462
       92.721       0.015254038
       93.590       0.001711773
       93.669       0.297928829
       94.575       0.000002720

 PDOS Einstein freq (single pole), associated temp and eff. force constant: 
 Freq (THz)   Temp (K)   Eff. FC (N/m)
  69.360      3328.65     300.0178

 pDOS n Moments, associated Einstein freqs, temps and eff. force constants:
  n     Mom (THz^n)   Freq (THz)     Temp (K)    Eff. FC (N/m)
 -2       0.00187      23.11355      1109.24      33.3167
 -1       0.02762      36.20864      1737.68      81.7624
  0       1.00000     ---------     --------
  1      61.39568      61.39568      2946.43     235.0740
  2    4810.80841      69.35999      3328.65     300.0179

 Path Red. Mass (AMU):    0.951306
 Path Length (Ang), s^2 (1e-3 Ang^2):  9.6021  14.6721
--------------------------------------------------------------
 Path Indices:    1   2   3   2
 PDOS Poles:
     Freq. (THz)    Weight
        0.477       0.001185438
        4.375       0.028260310
        8.168       0.060021739
       13.085       0.141091723
       20.057       0.538498260
       29.634       0.104852179
       32.199       0.000103302
       38.223       0.102036275
       41.687       0.000216375
       43.817       0.000782002
       44.217       0.011768268
       91.352       0.000001429
       92.721       0.010478481
       93.590       0.000004402
       93.669       0.000699807
       94.575       0.000000008

 PDOS Einstein freq (single pole), associated temp and eff. force constant: 
 Freq (THz)   Temp (K)   Eff. FC (N/m)
  24.653      1183.11     323.9193

 pDOS n Moments, associated Einstein freqs, temps and eff. force constants:
  n     Mom (THz^n)   Freq (THz)     Temp (K)    Eff. FC (N/m)
 -2       0.00994      10.02892       481.30      53.6056
 -1       0.06054      16.51730       792.68     145.4054
  0       1.00000     ---------     --------
  1      21.87351      21.87351      1049.73     254.9996
  2     607.76306      24.65285      1183.11     323.9193

 Path Red. Mass (AMU):    8.130060
 Path Length (Ang), s^2 (1e-3 Ang^2):  5.8347   3.7983
--------------------------------------------------------------
 Path Indices:    1   2   3   4
 PDOS Poles:
     Freq. (THz)    Weight
        3.149       0.017653431
        7.605       0.015469833
       13.043       0.013431111
       20.092       0.050123598
       23.855       0.005247680
       29.781       0.080196395
       31.226       0.061080038
       37.845       0.130827471
       38.369       0.043415925
       43.803       0.006449644
       44.173       0.001218460
       91.352       0.000055612
       92.721       0.260355012
       93.590       0.041507208
       93.669       0.015810211
       94.575       0.257158359

 PDOS Einstein freq (single pole), associated temp and eff. force constant: 
 Freq (THz)   Temp (K)   Eff. FC (N/m)
  73.922      3547.60     530.9265

 pDOS n Moments, associated Einstein freqs, temps and eff. force constants:
  n     Mom (THz^n)   Freq (THz)     Temp (K)    Eff. FC (N/m)
 -2       0.00260      19.59948       940.60      37.3227
 -1       0.02694      37.12455      1781.64     133.9078
  0       1.00000     ---------     --------
  1      66.56141      66.56141      3194.34     430.4559
  2    5464.50450      73.92229      3547.60     530.9265

 Path Red. Mass (AMU):    1.482091
 Path Length (Ang), s^2 (1e-3 Ang^2):  5.0895   9.1852
--------------------------------------------------------------
 Path Indices:    1   2   3   5
 PDOS Poles:
     Freq. (THz)    Weight
        3.064       0.017907508
        7.590       0.015340889
       13.045       0.013355381
       20.095       0.050196501
       23.886       0.005306664
       29.792       0.080836600
       31.241       0.060055236
       37.849       0.133466330
       38.383       0.041024008
       43.800       0.006305311
       44.170       0.001224299
       91.352       0.000055788
       92.721       0.261011992
       93.590       0.048944802
       93.669       0.008207585
       94.575       0.256761086

 PDOS Einstein freq (single pole), associated temp and eff. force constant: 
 Freq (THz)   Temp (K)   Eff. FC (N/m)
  73.925      3547.71     530.8728

 pDOS n Moments, associated Einstein freqs, temps and eff. force constants:
  n     Mom (THz^n)   Freq (THz)     Temp (K)    Eff. FC (N/m)
 -2       0.00273      19.14282       918.68      35.5979
 -1       0.02715      36.82824      1767.42     131.7573
  0       1.00000     ---------     --------
  1      66.56099      66.56099      3194.32     430.3803
  2    5464.84266      73.92457      3547.70     530.8728

 Path Red. Mass (AMU):    1.481849
 Path Length (Ang), s^2 (1e-3 Ang^2):  5.0895   9.2606
--------------------------------------------------------------
 Path Indices:    1   2   3   6
 PDOS Poles:
     Freq. (THz)    Weight
        1.509       0.001549850
        4.427       0.019087736
        8.169       0.189922073
       13.086       0.042048822
       20.057       0.204308533
       29.634       0.098421325
       32.199       0.263521757
       38.222       0.000093638
       41.687       0.130755321
       43.816       0.014095439
       44.217       0.006569780
       91.352       0.017453559
       92.721       0.009103484
       93.590       0.000020360
       93.669       0.003048264
       94.575       0.000000005

 PDOS Einstein freq (single pole), associated temp and eff. force constant: 
 Freq (THz)   Temp (K)   Eff. FC (N/m)
  31.308      1502.51     471.4078

 pDOS n Moments, associated Einstein freqs, temps and eff. force constants:
  n     Mom (THz^n)   Freq (THz)     Temp (K)    Eff. FC (N/m)
 -2       0.00571      13.23356       635.09      84.2237
 -1       0.05742      17.41422       835.72     145.8442
  0       1.00000     ---------     --------
  1      26.77663      26.77663      1285.03     344.8204
  2     980.20216      31.30818      1502.51     471.4078

 Path Red. Mass (AMU):    7.336220
 Path Length (Ang), s^2 (1e-3 Ang^2):  5.5148   3.9560
--------------------------------------------------------------
 Path Indices:    1   2   3   7
 PDOS Poles:
     Freq. (THz)    Weight
        2.663       0.002868539
        8.053       0.053519056
       13.930       0.001383809
       20.826       0.007636217
       23.422       0.071966118
       30.796       0.066273827
       32.179       0.171489458
       37.796       0.074139276
       41.685       0.133685537
       43.827       0.094889708
       44.206       0.016667142
       91.352       0.097683343
       92.721       0.000017363
       93.590       0.133950039
       93.669       0.046031179
       94.575       0.027799321

 PDOS Einstein freq (single pole), associated temp and eff. force constant: 
 Freq (THz)   Temp (K)   Eff. FC (N/m)
  59.001      2831.52     229.3489

 pDOS n Moments, associated Einstein freqs, temps and eff. force constants:
  n     Mom (THz^n)   Freq (THz)     Temp (K)    Eff. FC (N/m)
 -2       0.00184      23.29155      1117.78      35.7413
 -1       0.02974      33.62517      1613.70      74.4908
  0       1.00000     ---------     --------
  1      51.53458      51.53458      2473.19     174.9730
  2    3481.15339      59.00130      2831.52     229.3489

 Path Red. Mass (AMU):    1.004997
 Path Length (Ang), s^2 (1e-3 Ang^2):  6.1644  14.9553
--------------------------------------------------------------
 Path Indices:    1   2   3   8
 PDOS Poles:
     Freq. (THz)    Weight
        2.754       0.002684827
        8.054       0.053693774
       13.915       0.001385978
       20.800       0.007613839
       23.419       0.072503735
       30.800       0.065487206
       32.179       0.171399753
       37.795       0.074286536
       41.685       0.133356996
       43.826       0.096487351
       44.204       0.015019401
       91.352       0.097405085
       92.721       0.000009468
       93.590       0.109377975
       93.669       0.070844468
       94.575       0.028443562

 PDOS Einstein freq (single pole), associated temp and eff. force constant: 
 Freq (THz)   Temp (K)   Eff. FC (N/m)
  59.042      2833.47     229.6382

 pDOS n Moments, associated Einstein freqs, temps and eff. force constants:
  n     Mom (THz^n)   Freq (THz)     Temp (K)    Eff. FC (N/m)
 -2       0.00180      23.60059      1132.61      36.6919
 -1       0.02965      33.72235      1618.36      74.9134
  0       1.00000     ---------     --------
  1      51.56892      51.56892      2474.84     175.1863
  2    3485.94109      59.04186      2833.47     229.6381

 Path Red. Mass (AMU):    1.004882
 Path Length (Ang), s^2 (1e-3 Ang^2):  6.1645  14.9139
--------------------------------------------------------------
 Path Indices:    1   2   3   9
 PDOS Poles:
     Freq. (THz)    Weight
        3.626       0.002998597
        4.975       0.003884241
        8.220       0.007315516
       13.087       0.018478016
       20.057       0.097756496
       29.634       0.191290261
       32.199       0.013817409
       38.223       0.027297999
       41.687       0.097272584
       43.816       0.021455153
       44.217       0.022437162
       91.352       0.182714567
       92.721       0.021252755
       93.590       0.001668852
       93.669       0.290357574
       94.575       0.000002952

 PDOS Einstein freq (single pole), associated temp and eff. force constant: 
 Freq (THz)   Temp (K)   Eff. FC (N/m)
  69.204      3321.14     304.9267

 pDOS n Moments, associated Einstein freqs, temps and eff. force constants:
  n     Mom (THz^n)   Freq (THz)     Temp (K)    Eff. FC (N/m)
 -2       0.00123      28.50981      1368.21      51.7521
 -1       0.02506      39.90507      1915.08     101.3900
  0       1.00000     ---------     --------
  1      61.45301      61.45301      2949.18     240.4504
  2    4789.12683      69.20352      3321.14     304.9267

 Path Red. Mass (AMU):    0.971249
 Path Length (Ang), s^2 (1e-3 Ang^2):  6.1445  13.0397
--------------------------------------------------------------
 Path Indices:    1   2   4   2
 PDOS Poles:
     Freq. (THz)    Weight
        4.471       0.004881377
       10.817       0.005939790
       13.763       0.015348415
       20.525       0.036860474
       24.017       0.023407321
       30.599       0.176506568
       31.823       0.071928972
       38.085       0.206989141
       39.500       0.003962619
       43.785       0.018225873
       44.198       0.015044852
       91.352       0.000041536
       92.721       0.203248780
       93.590       0.028581282
       93.669       0.012386229
       94.575       0.176646760

 PDOS Einstein freq (single pole), associated temp and eff. force constant: 
 Freq (THz)   Temp (K)   Eff. FC (N/m)
  65.790      3157.32     273.0592

 pDOS n Moments, associated Einstein freqs, temps and eff. force constants:
  n     Mom (THz^n)   Freq (THz)     Temp (K)    Eff. FC (N/m)
 -2       0.00097      32.03931      1537.59      64.7595
 -1       0.02435      41.07590      1971.27     106.4416
  0       1.00000     ---------     --------
  1      58.19936      58.19936      2793.04     213.6849
  2    4328.31979      65.78997      3157.32     273.0592

 Path Red. Mass (AMU):    0.962340
 Path Length (Ang), s^2 (1e-3 Ang^2):  7.0033  12.7852
--------------------------------------------------------------
 Path Indices:    1   2   4   3
 PDOS Poles:
     Freq. (THz)    Weight
        4.194       0.006938008
        8.168       0.011417537
       13.135       0.014343493
       20.114       0.030123301
       23.608       0.007515585
       29.812       0.036674892
       31.164       0.049497915
       37.962       0.035699495
       38.639       0.004587150
       43.812       0.010809087
       44.212       0.004480988
       91.352       0.000092857
       92.721       0.375779531
       93.590       0.053641543
       93.669       0.022786966
       94.575       0.335611639

 PDOS Einstein freq (single pole), associated temp and eff. force constant: 
 Freq (THz)   Temp (K)   Eff. FC (N/m)
  84.210      4041.29     507.0756

 pDOS n Moments, associated Einstein freqs, temps and eff. force constants:
  n     Mom (THz^n)   Freq (THz)     Temp (K)    Eff. FC (N/m)
 -2       0.00095      32.36473      1553.21      74.9019
 -1       0.01860      53.74976      2579.50     206.5866
  0       1.00000     ---------     --------
  1      79.68052      79.68052      3823.94     453.9974
  2    7091.26411      84.20964      4041.29     507.0756

 Path Red. Mass (AMU):    1.090788
 Path Length (Ang), s^2 (1e-3 Ang^2):  5.6738   8.6200
--------------------------------------------------------------
 Path Indices:    1   2   4   5
 PDOS Poles:
     Freq. (THz)    Weight
        3.136       0.010016786
        7.437       0.005338323
       13.135       0.009734213
       20.172       0.021056243
       23.519       0.015710842
       29.682       0.056747582
       32.634       0.004682119
       38.182       0.158536263
       39.630       0.001005633
       43.814       0.091988365
       44.214       0.021334120
       91.352       0.000108833
       92.721       0.561438068
       93.590       0.001345699
       93.669       0.026656518
       94.575       0.014300381

 PDOS Einstein freq (single pole), associated temp and eff. force constant: 
 Freq (THz)   Temp (K)   Eff. FC (N/m)
  75.674      3631.68     280.3840

 pDOS n Moments, associated Einstein freqs, temps and eff. force constants:
  n     Mom (THz^n)   Freq (THz)     Temp (K)    Eff. FC (N/m)
 -2       0.00156      25.32835      1215.53      31.4100
 -1       0.02169      46.11219      2212.96     104.1085
  0       1.00000     ---------     --------
  1      69.93969      69.93969      3356.47     239.4981
  2    5726.62180      75.67445      3631.68     280.3839

 Path Red. Mass (AMU):    0.746872
 Path Length (Ang), s^2 (1e-3 Ang^2):  6.3559  14.6745
--------------------------------------------------------------
 Path Indices:    1   2   4   6
 PDOS Poles:
     Freq. (THz)    Weight
        4.266       0.004751357
        8.239       0.024262387
       13.224       0.014172715
       20.165       0.038006565
       23.418       0.062514378
       30.444       0.043594609
       32.093       0.079502672
       37.883       0.014380711
       41.680       0.023220349
       43.811       0.041239529
       44.211       0.016580893
       91.352       0.001841850
       92.721       0.307024488
       93.590       0.035123905
       93.669       0.017682335
       94.575       0.276101249

 PDOS Einstein freq (single pole), associated temp and eff. force constant: 
 Freq (THz)   Temp (K)   Eff. FC (N/m)
  77.046      3697.50     519.9478

 pDOS n Moments, associated Einstein freqs, temps and eff. force constants:
  n     Mom (THz^n)   Freq (THz)     Temp (K)    Eff. FC (N/m)
 -2       0.00116      29.39292      1410.59      75.6740
 -1       0.02266      44.12686      2117.69     170.5561
  0       1.00000     ---------     --------
  1      70.26071      70.26071      3371.87     432.4006
  2    5936.06214      77.04584      3697.50     519.9477

 Path Red. Mass (AMU):    1.336142
 Path Length (Ang), s^2 (1e-3 Ang^2):  6.7445   8.5717
--------------------------------------------------------------
 Path Indices:    1   2   4   7
 PDOS Poles:
     Freq. (THz)    Weight
        2.599       0.001845499
        8.037       0.025117908
       13.229       0.002542265
       20.503       0.003212573
       24.403       0.001601307
       30.882       0.097676388
       32.127       0.117984602
       37.767       0.037841974
       41.686       0.057581890
       43.826       0.074458979
       44.018       0.001659480
       91.352       0.078892130
       92.721       0.202400063
       93.590       0.227659349
       93.669       0.005879771
       94.575       0.063645680

 PDOS Einstein freq (single pole), associated temp and eff. force constant: 
 Freq (THz)   Temp (K)   Eff. FC (N/m)
  74.384      3569.75     223.1869

 pDOS n Moments, associated Einstein freqs, temps and eff. force constants:
  n     Mom (THz^n)   Freq (THz)     Temp (K)    Eff. FC (N/m)
 -2       0.00107      30.57415      1467.28      37.7068
 -1       0.02142      46.68524      2240.47      87.9163
  0       1.00000     ---------     --------
  1      68.16830      68.16830      3271.46     187.4456
  2    5532.96760      74.38392      3569.75     223.1868

 Path Red. Mass (AMU):    0.615321
 Path Length (Ang), s^2 (1e-3 Ang^2):  7.6561  17.5932
--------------------------------------------------------------
 Path Indices:    1   2   4   8
 PDOS Poles:
     Freq. (THz)    Weight
        2.333       0.001852620
        8.159       0.021831210
       13.203       0.002538424
       20.346       0.003221704
       23.352       0.260100259
       30.123       0.003411389
       32.203       0.115205936
       37.782       0.028360308
       41.687       0.090738780
       43.817       0.145194967
       44.040       0.001204144
       91.352       0.039959803
       92.721       0.116345802
       93.590       0.009051239
       93.669       0.006721257
       94.575       0.154262188

 PDOS Einstein freq (single pole), associated temp and eff. force constant: 
 Freq (THz)   Temp (K)   Eff. FC (N/m)
  59.989      2878.92     150.5436

 pDOS n Moments, associated Einstein freqs, temps and eff. force constants:
  n     Mom (THz^n)   Freq (THz)     Temp (K)    Eff. FC (N/m)
 -2       0.00147      26.09871      1252.50      28.4943
 -1       0.02841      35.19972      1689.27      51.8321
  0       1.00000     ---------     --------
  1      51.94144      51.94144      2492.71     112.8621
  2    3598.66938      59.98891      2878.92     150.5436

 Path Red. Mass (AMU):    0.638134
 Path Length (Ang), s^2 (1e-3 Ang^2):  7.0931  22.4996
--------------------------------------------------------------
 Path Indices:    1   2   4   9
 PDOS Poles:
     Freq. (THz)    Weight
        4.310       0.006111416
        7.622       0.011717232
       13.127       0.022384040
       20.080       0.088056002
       23.427       0.027019607
       29.646       0.176596385
       32.336       0.008363380
       38.066       0.015545070
       41.685       0.087573267
       43.814       0.014463006
       44.215       0.045864638
       91.352       0.097285124
       92.721       0.063736992
       93.590       0.008841546
       93.669       0.226031893
       94.575       0.100410508

 PDOS Einstein freq (single pole), associated temp and eff. force constant: 
 Freq (THz)   Temp (K)   Eff. FC (N/m)
  69.495      3335.15     225.8697

 pDOS n Moments, associated Einstein freqs, temps and eff. force constants:
  n     Mom (THz^n)   Freq (THz)     Temp (K)    Eff. FC (N/m)
 -2       0.00129      27.88232      1338.10      36.3582
 -1       0.02561      39.04327      1873.72      71.2914
  0       1.00000     ---------     --------
  1      61.51330      61.51330      2952.08     176.9631
  2    4829.62332      69.49549      3335.15     225.8697

 Path Red. Mass (AMU):    0.713405
 Path Length (Ang), s^2 (1e-3 Ang^2):  7.0810  18.1444
--------------------------------------------------------------
 Path Indices:    1   2   5   2
 PDOS Poles:
     Freq. (THz)    Weight
        4.421       0.004881804
       10.753       0.005778094
       13.749       0.015417739
       20.522       0.037030609
       24.024       0.023211370
       30.605       0.177143860
       31.841       0.070765323
       38.085       0.207497057
       39.527       0.003851141
       43.784       0.018463536
       44.198       0.015280039
       91.352       0.000041704
       92.721       0.203584867
       93.590       0.034086050
       93.669       0.006728703
       94.575       0.176238090

 PDOS Einstein freq (single pole), associated temp and eff. force constant: 
 Freq (THz)   Temp (K)   Eff. FC (N/m)
  65.781      3156.88     272.9862

 pDOS n Moments, associated Einstein freqs, temps and eff. force constants:
  n     Mom (THz^n)   Freq (THz)     Temp (K)    Eff. FC (N/m)
 -2       0.00098      31.95462      1533.53      64.4181
 -1       0.02435      41.06327      1970.66     106.3770
  0       1.00000     ---------     --------
  1      58.19510      58.19510      2792.83     213.6553
  2    4327.13019      65.78093      3156.88     272.9862

 Path Red. Mass (AMU):    0.962348
 Path Length (Ang), s^2 (1e-3 Ang^2):  7.0028  12.7891
--------------------------------------------------------------
 Path Indices:    1   2   5   3
 PDOS Poles:
     Freq. (THz)    Weight
        4.202       0.006968329
        8.177       0.011407070
       13.139       0.014298356
       20.117       0.030251857
       23.625       0.007432089
       29.823       0.037045892
       31.172       0.048932628
       37.965       0.036168280
       38.668       0.004214370
       43.811       0.010909650
       44.212       0.004554151
       91.352       0.000093125
       92.721       0.376588373
       93.590       0.063880343
       93.669       0.012293736
       94.575       0.334961730

 PDOS Einstein freq (single pole), associated temp and eff. force constant: 
 Freq (THz)   Temp (K)   Eff. FC (N/m)
  84.204      4041.03     507.0585

 pDOS n Moments, associated Einstein freqs, temps and eff. force constants:
  n     Mom (THz^n)   Freq (THz)     Temp (K)    Eff. FC (N/m)
 -2       0.00095      32.37390      1553.65      74.9517
 -1       0.01860      53.75220      2579.62     206.6254
  0       1.00000     ---------     --------
  1      79.67544      79.67544      3823.69     453.9836
  2    7090.33648      84.20414      4041.03     507.0584

 Path Red. Mass (AMU):    1.090894
 Path Length (Ang), s^2 (1e-3 Ang^2):  5.6736   8.6188
--------------------------------------------------------------
 Path Indices:    1   2   5   4
 PDOS Poles:
     Freq. (THz)    Weight
        3.222       0.009930174
        7.471       0.005363235
       13.136       0.009753192
       20.170       0.021099862
       23.519       0.015584399
       29.682       0.056837060
       32.627       0.004697988
       38.183       0.158617675
       39.645       0.000966484
       43.815       0.092082811
       44.214       0.021279870
       91.352       0.000108902
       92.721       0.561589918
       93.590       0.003894970
       93.669       0.024042850
       94.575       0.014150594

 PDOS Einstein freq (single pole), associated temp and eff. force constant: 
 Freq (THz)   Temp (K)   Eff. FC (N/m)
  75.672      3631.55     280.4125

 pDOS n Moments, associated Einstein freqs, temps and eff. force constants:
  n     Mom (THz^n)   Freq (THz)     Temp (K)    Eff. FC (N/m)
 -2       0.00150      25.85145      1240.63      32.7267
 -1       0.02158      46.34564      2224.17     105.1840
  0       1.00000     ---------     --------
  1      69.93911      69.93911      3356.44     239.5367
  2    5726.18695      75.67157      3631.54     280.4125

 Path Red. Mass (AMU):    0.747004
 Path Length (Ang), s^2 (1e-3 Ang^2):  6.3557  14.5980
--------------------------------------------------------------
 Path Indices:    1   2   5   6
 PDOS Poles:
     Freq. (THz)    Weight
        4.262       0.004764679
        8.239       0.024267683
       13.225       0.014084617
       20.165       0.038176816
       23.418       0.062400949
       30.439       0.042999802
       32.096       0.079898644
       37.884       0.014599461
       41.680       0.023233077
       43.810       0.041301400
       44.211       0.016708965
       91.352       0.001836528
       92.721       0.307651060
       93.590       0.042468106
       93.669       0.010034065
       94.575       0.275574132

 PDOS Einstein freq (single pole), associated temp and eff. force constant: 
 Freq (THz)   Temp (K)   Eff. FC (N/m)
  77.036      3697.00     519.8569

 pDOS n Moments, associated Einstein freqs, temps and eff. force constants:
  n     Mom (THz^n)   Freq (THz)     Temp (K)    Eff. FC (N/m)
 -2       0.00116      29.38106      1410.02      75.6200
 -1       0.02266      44.12159      2117.43     170.5314
  0       1.00000     ---------     --------
  1      70.25092      70.25092      3371.40     432.3207
  2    5934.46810      77.03550      3697.00     519.8569

 Path Red. Mass (AMU):    1.336267
 Path Length (Ang), s^2 (1e-3 Ang^2):  6.7440   8.5720
--------------------------------------------------------------
 Path Indices:    1   2   5   7
 PDOS Poles:
     Freq. (THz)    Weight
        2.266       0.001974112
        8.161       0.021790224
       13.215       0.002445151
       20.358       0.003238148
       23.352       0.259089845
       30.123       0.003587031
       32.203       0.115872192
       37.783       0.028221730
       41.687       0.090695871
       43.821       0.145431606
       44.091       0.001168159
       91.352       0.040139833
       92.721       0.117189319
       93.590       0.011077213
       93.669       0.004797951
       94.575       0.153281568

 PDOS Einstein freq (single pole), associated temp and eff. force constant: 
 Freq (THz)   Temp (K)   Eff. FC (N/m)
  60.000      2879.45     150.5423

 pDOS n Moments, associated Einstein freqs, temps and eff. force constants:
  n     Mom (THz^n)   Freq (THz)     Temp (K)    Eff. FC (N/m)
 -2       0.00151      25.73369      1234.98      27.6925
 -1       0.02846      35.13824      1686.31      51.6318
  0       1.00000     ---------     --------
  1      51.95749      51.95749      2493.49     112.8895
  2    3599.98910      59.99991      2879.45     150.5423

 Path Red. Mass (AMU):    0.637894
 Path Length (Ang), s^2 (1e-3 Ang^2):  7.0942  22.5474
--------------------------------------------------------------
 Path Indices:    1   2   5   8
 PDOS Poles:
     Freq. (THz)    Weight
        2.688       0.001741474
        8.039       0.025195484
       13.234       0.002526716
       20.497       0.003299026
       24.356       0.001672468
       30.886       0.096914069
       32.130       0.118048910
       37.768       0.038179001
       41.686       0.057393548
       43.822       0.074841647
       44.093       0.001207364
       91.352       0.078698195
       92.721       0.201936981
       93.590       0.213485241
       93.669       0.022251216
       94.575       0.062608550

 PDOS Einstein freq (single pole), associated temp and eff. force constant: 
 Freq (THz)   Temp (K)   Eff. FC (N/m)
  74.411      3571.06     223.4204

 pDOS n Moments, associated Einstein freqs, temps and eff. force constants:
  n     Mom (THz^n)   Freq (THz)     Temp (K)    Eff. FC (N/m)
 -2       0.00104      31.03631      1489.46      38.8674
 -1       0.02136      46.82210      2247.03      88.4599
  0       1.00000     ---------     --------
  1      68.20111      68.20111      3273.03     187.6843
  2    5537.04110      74.41130      3571.06     223.4203

 Path Red. Mass (AMU):    0.615512
 Path Length (Ang), s^2 (1e-3 Ang^2):  7.6558  17.5363
--------------------------------------------------------------
 Path Indices:    1   2   5   9
 PDOS Poles:
     Freq. (THz)    Weight
        4.318       0.006178468
        7.624       0.011483420
       13.127       0.022486234
       20.080       0.088204539
       23.424       0.027500794
       29.646       0.176810331
       32.337       0.008293107
       38.069       0.015514990
       41.685       0.087757461
       43.814       0.013453480
       44.215       0.047092048
       91.352       0.097106167
       92.721       0.063749408
       93.590       0.027230090
       93.669       0.205660206
       94.575       0.101479348

 PDOS Einstein freq (single pole), associated temp and eff. force constant: 
 Freq (THz)   Temp (K)   Eff. FC (N/m)
  69.436      3332.27     225.5447

 pDOS n Moments, associated Einstein freqs, temps and eff. force constants:
  n     Mom (THz^n)   Freq (THz)     Temp (K)    Eff. FC (N/m)
 -2       0.00129      27.87811      1337.90      36.3576
 -1       0.02563      39.01327      1872.28      71.2021
  0       1.00000     ---------     --------
  1      61.44669      61.44669      2948.88     176.6303
  2    4821.30266      69.43560      3332.28     225.5448

 Path Red. Mass (AMU):    0.713608
 Path Length (Ang), s^2 (1e-3 Ang^2):  7.0787  18.1532
--------------------------------------------------------------
 Path Indices:    1   2   6   2
 PDOS Poles:
     Freq. (THz)    Weight
        1.122       0.000795984
        5.603       0.000345388
        8.168       0.579665063
       13.125       0.000213929
       20.057       0.054165344
       29.634       0.169280768
       32.199       0.016040585
       38.223       0.017477775
       41.687       0.112609974
       43.816       0.000047026
       44.217       0.005011487
       91.352       0.015503021
       92.721       0.001196037
       93.590       0.000169760
       93.669       0.027477783
       94.575       0.000000092

 PDOS Einstein freq (single pole), associated temp and eff. force constant: 
 Freq (THz)   Temp (K)   Eff. FC (N/m)
  28.968      1390.21     509.9468

 pDOS n Moments, associated Einstein freqs, temps and eff. force constants:
  n     Mom (THz^n)   Freq (THz)     Temp (K)    Eff. FC (N/m)
 -2       0.00976      10.12226       485.78      62.2641
 -1       0.08441      11.84627       568.51      85.2797
  0       1.00000     ---------     --------
  1      21.06281      21.06281      1010.82     269.5968
  2     839.15596      28.96819      1390.21     509.9468

 Path Red. Mass (AMU):    9.269866
 Path Length (Ang), s^2 (1e-3 Ang^2):  7.5974   4.6026
--------------------------------------------------------------
 Path Indices:    1   2   6   3
 PDOS Poles:
     Freq. (THz)    Weight
        1.014       0.002275073
        4.392       0.040385388
        8.168       0.391728322
       13.089       0.003431040
       20.057       0.143419171
       29.634       0.121719995
       32.199       0.113423372
       38.223       0.000465770
       41.687       0.146895982
       43.816       0.002652332
       44.217       0.004017162
       91.352       0.020294106
       92.721       0.000940247
       93.590       0.000053176
       93.669       0.008298844
       94.575       0.000000006

 PDOS Einstein freq (single pole), associated temp and eff. force constant: 
 Freq (THz)   Temp (K)   Eff. FC (N/m)
  28.798      1382.03     557.6902

 pDOS n Moments, associated Einstein freqs, temps and eff. force constants:
  n     Mom (THz^n)   Freq (THz)     Temp (K)    Eff. FC (N/m)
 -2       0.01089       9.58173       459.84      61.7392
 -1       0.07845      12.74769       611.77     109.2788
  0       1.00000     ---------     --------
  1      22.71891      22.71891      1090.30     347.0947
  2     829.31622      28.79785      1382.03     557.6902

 Path Red. Mass (AMU):   10.258033
 Path Length (Ang), s^2 (1e-3 Ang^2):  6.3962   3.8665
--------------------------------------------------------------
 Path Indices:    1   2   6   4
 PDOS Poles:
     Freq. (THz)    Weight
        2.987       0.026548705
        7.954       0.068531334
       12.098       0.002959373
       20.080       0.047134559
       23.501       0.012191838
       30.891       0.079443002
       32.130       0.068240948
       38.190       0.057331123
       41.681       0.036110773
       43.721       0.002939369
       44.176       0.003377343
       91.352       0.003323550
       92.721       0.292688697
       93.590       0.030212956
       93.669       0.011121119
       94.575       0.257845301

 PDOS Einstein freq (single pole), associated temp and eff. force constant: 
 Freq (THz)   Temp (K)   Eff. FC (N/m)
  74.485      3574.62     936.2644

 pDOS n Moments, associated Einstein freqs, temps and eff. force constants:
  n     Mom (THz^n)   Freq (THz)     Temp (K)    Eff. FC (N/m)
 -2       0.00450      14.90953       715.52      37.5131
 -1       0.03418      29.25506      1403.98     144.4299
  0       1.00000     ---------     --------
  1      66.20921      66.20921      3177.44     739.7618
  2    5548.08865      74.48549      3574.62     936.2643

 Path Red. Mass (AMU):    2.574224
 Path Length (Ang), s^2 (1e-3 Ang^2):  7.0415   6.7109
--------------------------------------------------------------
 Path Indices:    1   2   6   5
 PDOS Poles:
     Freq. (THz)    Weight
        2.901       0.027079724
        7.948       0.068003245
       12.040       0.002961590
       20.080       0.047243388
       23.503       0.012048105
       30.886       0.078156061
       32.130       0.069293583
       38.190       0.057407987
       41.681       0.036160767
       43.723       0.002999490
       44.176       0.003416757
       91.352       0.003313580
       92.721       0.293408840
       93.590       0.035486447
       93.669       0.005652435
       94.575       0.257367986

 PDOS Einstein freq (single pole), associated temp and eff. force constant: 
 Freq (THz)   Temp (K)   Eff. FC (N/m)
  74.487      3574.68     936.2311

 pDOS n Moments, associated Einstein freqs, temps and eff. force constants:
  n     Mom (THz^n)   Freq (THz)     Temp (K)    Eff. FC (N/m)
 -2       0.00473      14.53357       697.48      35.6426
 -1       0.03457      28.92856      1388.31     141.2144
  0       1.00000     ---------     --------
  1      66.20757      66.20757      3177.36     739.6741
  2    5548.27451      74.48674      3574.68     936.2310

 Path Red. Mass (AMU):    2.574046
 Path Length (Ang), s^2 (1e-3 Ang^2):  7.0413   6.7871
--------------------------------------------------------------
 Path Indices:    1   2   6   7
 PDOS Poles:
     Freq. (THz)    Weight
        2.092       0.002807038
        8.079       0.109795605
       12.265       0.001251567
       17.285       0.000046772
       23.351       0.031608512
       30.999       0.019580540
       32.187       0.054389036
       37.759       0.019701329
       41.687       0.038826336
       43.831       0.056393961
       44.213       0.002063649
       91.352       0.182947074
       92.721       0.005476137
       93.590       0.313538889
       93.669       0.111990869
       94.575       0.049582570

 PDOS Einstein freq (single pole), associated temp and eff. force constant: 
 Freq (THz)   Temp (K)   Eff. FC (N/m)
  77.807      3734.02     525.8190

 pDOS n Moments, associated Einstein freqs, temps and eff. force constants:
  n     Mom (THz^n)   Freq (THz)     Temp (K)    Eff. FC (N/m)
 -2       0.00261      19.58723       940.01      33.3232
 -1       0.02863      34.92731      1676.19     105.9573
  0       1.00000     ---------     --------
  1      70.67392      70.67392      3391.70     433.8295
  2    6053.90346      77.80683      3734.02     525.8189

 Path Red. Mass (AMU):    1.324927
 Path Length (Ang), s^2 (1e-3 Ang^2):  5.9739  10.9212
--------------------------------------------------------------
 Path Indices:    1   2   6   8
 PDOS Poles:
     Freq. (THz)    Weight
        2.139       0.002543394
        8.080       0.109926363
       12.289       0.001242527
       17.466       0.000044897
       23.351       0.031807810
       30.993       0.019202095
       32.186       0.054482364
       37.759       0.019791708
       41.687       0.038658038
       43.830       0.056725343
       44.212       0.001626861
       91.352       0.182151176
       92.721       0.005228234
       93.590       0.254664324
       93.669       0.171041486
       94.575       0.050863319

 PDOS Einstein freq (single pole), associated temp and eff. force constant: 
 Freq (THz)   Temp (K)   Eff. FC (N/m)
  77.836      3735.42     525.8533

 pDOS n Moments, associated Einstein freqs, temps and eff. force constants:
  n     Mom (THz^n)   Freq (THz)     Temp (K)    Eff. FC (N/m)
 -2       0.00252      19.91278       955.63      34.4165
 -1       0.02849      35.10116      1684.54     106.9413
  0       1.00000     ---------     --------
  1      70.70852      70.70852      3393.36     433.9563
  2    6058.45877      77.83610      3735.42     525.8533

 Path Red. Mass (AMU):    1.324017
 Path Length (Ang), s^2 (1e-3 Ang^2):  5.9739  10.8745
--------------------------------------------------------------
 Path Indices:    1   2   6   9
 PDOS Poles:
     Freq. (THz)    Weight
        2.164       0.000465573
        4.488       0.004253909
        8.171       0.035749318
       13.089       0.001926312
       20.057       0.032413241
       29.634       0.087173738
       32.199       0.004822466
       38.223       0.011068415
       41.687       0.014108760
       43.816       0.004854387
       44.217       0.007055969
       91.352       0.282866198
       92.721       0.025087472
       93.590       0.002778468
       93.669       0.485371372
       94.575       0.000004626

 PDOS Einstein freq (single pole), associated temp and eff. force constant: 
 Freq (THz)   Temp (K)   Eff. FC (N/m)
  83.788      4021.06     515.2836

 pDOS n Moments, associated Einstein freqs, temps and eff. force constants:
  n     Mom (THz^n)   Freq (THz)     Temp (K)    Eff. FC (N/m)
 -2       0.00116      29.40924      1411.38      63.4820
 -1       0.01987      50.32710      2415.24     185.9032
  0       1.00000     ---------     --------
  1      79.15329      79.15329      3798.64     459.8550
  2    7020.42511      83.78798      4021.06     515.2838

 Path Red. Mass (AMU):    1.119629
 Path Length (Ang), s^2 (1e-3 Ang^2):  5.9746   8.9691
--------------------------------------------------------------
 Path Indices:    1   2   7   2
 PDOS Poles:
     Freq. (THz)    Weight
        6.980       0.046127307
        8.018       0.154564543
       13.678       0.004388679
       20.802       0.012140089
       23.489       0.057000832
       30.372       0.046010986
       32.169       0.140701527
       37.851       0.045775022
       41.685       0.166330330
       43.828       0.201051330
       44.193       0.011986848
       91.352       0.036050701
       92.721       0.000870139
       93.590       0.051068405
       93.669       0.017597878
       94.575       0.008335288

 PDOS Einstein freq (single pole), associated temp and eff. force constant: 
 Freq (THz)   Temp (K)   Eff. FC (N/m)
  44.571      2138.99     128.5026

 pDOS n Moments, associated Einstein freqs, temps and eff. force constants:
  n     Mom (THz^n)   Freq (THz)     Temp (K)    Eff. FC (N/m)
 -2       0.00394      15.92470       764.24      16.4041
 -1       0.04639      21.55681      1034.53      30.0594
  0       1.00000     ---------     --------
  1      37.73399      37.73399      1810.89      92.1035
  2    1986.55643      44.57080      2138.99     128.5026

 Path Red. Mass (AMU):    0.986739
 Path Length (Ang), s^2 (1e-3 Ang^2):  7.9803  23.7595
--------------------------------------------------------------
 Path Indices:    1   2   7   3
 PDOS Poles:
     Freq. (THz)    Weight
        4.406       0.004994428
        7.946       0.089508314
       12.687       0.001444283
       23.340       0.063218164
       29.230       0.010127592
       31.271       0.096085935
       32.371       0.093216568
       37.831       0.069783904
       41.685       0.137236492
       43.825       0.119487515
       44.053       0.004955413
       91.352       0.100034846
       92.721       0.000744367
       93.590       0.135203177
       93.669       0.045599853
       94.575       0.028359051

 PDOS Einstein freq (single pole), associated temp and eff. force constant: 
 Freq (THz)   Temp (K)   Eff. FC (N/m)
  59.139      2838.11     251.2382

 pDOS n Moments, associated Einstein freqs, temps and eff. force constants:
  n     Mom (THz^n)   Freq (THz)     Temp (K)    Eff. FC (N/m)
 -2       0.00223      21.18947      1016.90      32.2541
 -1       0.03283      30.46105      1461.85      66.6553
  0       1.00000     ---------     --------
  1      51.17530      51.17530      2455.95     188.1332
  2    3497.36343      59.13851      2838.11     251.2381

 Path Red. Mass (AMU):    1.095812
 Path Length (Ang), s^2 (1e-3 Ang^2):  7.2372  15.1406
--------------------------------------------------------------
 Path Indices:    1   2   7   4
 PDOS Poles:
     Freq. (THz)    Weight
        2.882       0.008805907
        7.866       0.048403028
       12.474       0.000907566
       23.209       0.022961336
       25.978       0.002757924
       30.617       0.107379187
       32.074       0.136250576
       38.028       0.015448900
       41.684       0.069205572
       43.807       0.054575940
       43.907       0.018157674
       91.352       0.095092044
       92.721       0.145799853
       93.590       0.232532510
       93.669       0.013265005
       94.575       0.028456854

 PDOS Einstein freq (single pole), associated temp and eff. force constant: 
 Freq (THz)   Temp (K)   Eff. FC (N/m)
  70.678      3391.88     261.1065

 pDOS n Moments, associated Einstein freqs, temps and eff. force constants:
  n     Mom (THz^n)   Freq (THz)     Temp (K)    Eff. FC (N/m)
 -2       0.00229      20.89764      1002.90      22.8270
 -1       0.02740      36.49847      1751.59      69.6313
  0       1.00000     ---------     --------
  1      63.24220      63.24220      3035.05     209.0590
  2    4995.31105      70.67751      3391.88     261.1064

 Path Red. Mass (AMU):    0.797345
 Path Length (Ang), s^2 (1e-3 Ang^2):  8.1445  17.3662
--------------------------------------------------------------
 Path Indices:    1   2   7   5
 PDOS Poles:
     Freq. (THz)    Weight
        2.948       0.008871677
        7.993       0.044334807
       12.924       0.000919526
       23.329       0.187468162
       25.848       0.002723381
       30.164       0.020291344
       32.248       0.125649786
       37.816       0.096313915
       41.683       0.120829175
       43.613       0.005299008
       43.837       0.115797328
       91.352       0.051238695
       92.721       0.072203024
       93.590       0.028696235
       93.669       0.010626196
       94.575       0.108737769

 PDOS Einstein freq (single pole), associated temp and eff. force constant: 
 Freq (THz)   Temp (K)   Eff. FC (N/m)
  56.585      2715.55     189.6764

 pDOS n Moments, associated Einstein freqs, temps and eff. force constants:
  n     Mom (THz^n)   Freq (THz)     Temp (K)    Eff. FC (N/m)
 -2       0.00244      20.23021       970.87      24.2446
 -1       0.03246      30.81054      1478.62      56.2358
  0       1.00000     ---------     --------
  1      48.82664      48.82664      2343.23     141.2303
  2    3201.83509      56.58476      2715.55     189.6764

 Path Red. Mass (AMU):    0.903661
 Path Length (Ang), s^2 (1e-3 Ang^2):  7.5829  18.1518
--------------------------------------------------------------
 Path Indices:    1   2   7   6
 PDOS Poles:
     Freq. (THz)    Weight
        4.534       0.002915567
        7.979       0.131469393
       12.505       0.002311882
       19.851       0.000340425
       23.354       0.020779391
       31.203       0.016446503
       32.230       0.064642330
       37.813       0.013810132
       41.685       0.029610623
       43.829       0.074726184
       44.201       0.002726369
       91.352       0.176471388
       92.721       0.005056476
       93.590       0.307359911
       93.669       0.102548334
       94.575       0.048784957

 PDOS Einstein freq (single pole), associated temp and eff. force constant: 
 Freq (THz)   Temp (K)   Eff. FC (N/m)
  76.602      3676.22     530.6454

 pDOS n Moments, associated Einstein freqs, temps and eff. force constants:
  n     Mom (THz^n)   Freq (THz)     Temp (K)    Eff. FC (N/m)
 -2       0.00248      20.07737       963.53      36.4530
 -1       0.03047      32.82123      1575.12      97.4158
  0       1.00000     ---------     --------
  1      68.90697      68.90697      3306.91     429.3840
  2    5867.92757      76.60240      3676.22     530.6453

 Path Red. Mass (AMU):    1.379465
 Path Length (Ang), s^2 (1e-3 Ang^2):  6.1653  11.1624
--------------------------------------------------------------
 Path Indices:    1   2   7   8
 PDOS Poles:
     Freq. (THz)    Weight
        1.866       0.002012040
        8.139       0.079998157
       13.077       0.003823007
       20.093       0.007272116
       23.794       0.000735547
       29.660       0.022674354
       32.199       0.125355627
       38.208       0.018766878
       41.687       0.062230818
       43.815       0.032453049
       44.217       0.106370866
       91.352       0.342789870
       92.721       0.007139129
       93.590       0.000399868
       93.669       0.187934112
       94.575       0.000044655

 PDOS Einstein freq (single pole), associated temp and eff. force constant: 
 Freq (THz)   Temp (K)   Eff. FC (N/m)
  71.693      3440.61     269.2065

 pDOS n Moments, associated Einstein freqs, temps and eff. force constants:
  n     Mom (THz^n)   Freq (THz)     Temp (K)    Eff. FC (N/m)
 -2       0.00216      21.53064      1033.27      24.2799
 -1       0.02722      36.73682      1763.03      70.6864
  0       1.00000     ---------     --------
  1      64.63572      64.63572      3101.92     218.8154
  2    5139.88023      71.69296      3440.61     269.2065

 Path Red. Mass (AMU):    0.798958
 Path Length (Ang), s^2 (1e-3 Ang^2):  6.8445  17.2188
--------------------------------------------------------------
 Path Indices:    1   2   7   9
 PDOS Poles:
     Freq. (THz)    Weight
        4.451       0.004417217
        7.917       0.063241769
       14.217       0.000231247
       20.364       0.007240819
       23.484       0.018460076
       29.888       0.032269446
       31.670       0.013988675
       37.799       0.025721591
       41.681       0.023466798
       43.220       0.000286414
       43.844       0.008218209
       91.352       0.548069862
       92.721       0.006675746
       93.590       0.102578102
       93.669       0.123994557
       94.575       0.021139472

 PDOS Einstein freq (single pole), associated temp and eff. force constant: 
 Freq (THz)   Temp (K)   Eff. FC (N/m)
  83.430      4003.89     411.1298

 pDOS n Moments, associated Einstein freqs, temps and eff. force constants:
  n     Mom (THz^n)   Freq (THz)     Temp (K)    Eff. FC (N/m)
 -2       0.00146      26.12804      1253.91      40.3223
 -1       0.02181      45.84482      2200.13     124.1402
  0       1.00000     ---------     --------
  1      78.73534      78.73534      3778.58     366.1603
  2    6960.60725      83.43025      4003.89     411.1298

 Path Red. Mass (AMU):    0.900996
 Path Length (Ang), s^2 (1e-3 Ang^2):  6.8429  12.2352
--------------------------------------------------------------
 Path Indices:    1   2   8   2
 PDOS Poles:
     Freq. (THz)    Weight
        6.952       0.043860414
        8.013       0.156723108
       13.649       0.004545064
       20.805       0.011966737
       23.487       0.057263696
       30.370       0.045453579
       32.169       0.140405815
       37.850       0.045876350
       41.685       0.165370509
       43.829       0.199029343
       44.198       0.014096102
       91.352       0.036372182
       92.721       0.000839119
       93.590       0.042171811
       93.669       0.027371848
       94.575       0.008654261

 PDOS Einstein freq (single pole), associated temp and eff. force constant: 
 Freq (THz)   Temp (K)   Eff. FC (N/m)
  44.695      2144.96     129.2169

 pDOS n Moments, associated Einstein freqs, temps and eff. force constants:
  n     Mom (THz^n)   Freq (THz)     Temp (K)    Eff. FC (N/m)
 -2       0.00394      15.93029       764.51      16.4151
 -1       0.04636      21.57230      1035.27      30.1017
  0       1.00000     ---------     --------
  1      37.81972      37.81972      1815.00      92.5196
  2    1997.66114      44.69520      2144.96     129.2168

 Path Red. Mass (AMU):    0.986708
 Path Length (Ang), s^2 (1e-3 Ang^2):  7.9863  23.7432
--------------------------------------------------------------
 Path Indices:    1   2   8   3
 PDOS Poles:
     Freq. (THz)    Weight
        4.383       0.004903913
        7.948       0.089529669
       12.707       0.001476012
       23.339       0.063513896
       29.080       0.008317530
       31.197       0.089810458
       32.338       0.100433612
       37.830       0.069885866
       41.685       0.136655485
       43.819       0.111187333
       43.946       0.013148861
       91.352       0.099947868
       92.721       0.000688018
       93.590       0.110845647
       93.669       0.070573861
       94.575       0.029081933

 PDOS Einstein freq (single pole), associated temp and eff. force constant: 
 Freq (THz)   Temp (K)   Eff. FC (N/m)
  59.217      2841.87     251.8314

 pDOS n Moments, associated Einstein freqs, temps and eff. force constants:
  n     Mom (THz^n)   Freq (THz)     Temp (K)    Eff. FC (N/m)
 -2       0.00222      21.20111      1017.46      32.2803
 -1       0.03280      30.48681      1463.09      66.7489
  0       1.00000     ---------     --------
  1      51.24501      51.24501      2459.29     188.5920
  2    3506.62850      59.21679      2841.87     251.8314

 Path Red. Mass (AMU):    1.095497
 Path Length (Ang), s^2 (1e-3 Ang^2):  7.2403  15.1322
--------------------------------------------------------------
 Path Indices:    1   2   8   4
 PDOS Poles:
     Freq. (THz)    Weight
        3.036       0.008643896
        7.996       0.044572419
       12.928       0.000881214
       23.327       0.188170930
       25.577       0.002926536
       30.125       0.019692848
       32.244       0.125247412
       37.816       0.096401416
       41.682       0.120679451
       43.201       0.001061666
       43.826       0.120020321
       91.352       0.051152577
       92.721       0.071479670
       93.590       0.023635456
       93.669       0.015796480
       94.575       0.109637710

 PDOS Einstein freq (single pole), associated temp and eff. force constant: 
 Freq (THz)   Temp (K)   Eff. FC (N/m)
  56.597      2716.12     189.8655

 pDOS n Moments, associated Einstein freqs, temps and eff. force constants:
  n     Mom (THz^n)   Freq (THz)     Temp (K)    Eff. FC (N/m)
 -2       0.00236      20.56812       987.08      25.0758
 -1       0.03233      30.93305      1484.50      56.7166
  0       1.00000     ---------     --------
  1      48.83290      48.83290      2343.53     141.3481
  2    3203.17764      56.59662      2716.12     189.8654

 Path Red. Mass (AMU):    0.904183
 Path Length (Ang), s^2 (1e-3 Ang^2):  7.5846  18.0695
--------------------------------------------------------------
 Path Indices:    1   2   8   5
 PDOS Poles:
     Freq. (THz)    Weight
        2.801       0.008951443
        7.868       0.048119177
       12.543       0.000930678
       23.198       0.023137334
       25.836       0.002887210
       30.617       0.106175270
       32.076       0.136551548
       38.028       0.015568147
       41.684       0.068811875
       43.821       0.067720975
       44.014       0.004835743
       91.352       0.095015656
       92.721       0.145340315
       93.590       0.213031926
       93.669       0.035222224
       94.575       0.027700358

 PDOS Einstein freq (single pole), associated temp and eff. force constant: 
 Freq (THz)   Temp (K)   Eff. FC (N/m)
  70.741      3394.92     261.6077

 pDOS n Moments, associated Einstein freqs, temps and eff. force constants:
  n     Mom (THz^n)   Freq (THz)     Temp (K)    Eff. FC (N/m)
 -2       0.00237      20.56072       986.73      22.0996
 -1       0.02749      36.37925      1745.87      69.1856
  0       1.00000     ---------     --------
  1      63.31089      63.31089      3038.34     209.5391
  2    5004.28724      70.74099      3394.92     261.6076

 Path Red. Mass (AMU):    0.797443
 Path Length (Ang), s^2 (1e-3 Ang^2):  8.1475  17.4209
--------------------------------------------------------------
 Path Indices:    1   2   8   6
 PDOS Poles:
     Freq. (THz)    Weight
        4.462       0.002813486
        7.979       0.131317099
       12.508       0.002373107
       19.796       0.000320666
       23.354       0.020867762
       31.203       0.016064246
       32.229       0.064569892
       37.812       0.013855743
       41.685       0.029332975
       43.830       0.073949330
       44.205       0.003360224
       91.352       0.175858591
       92.721       0.004823409
       93.590       0.251540097
       93.669       0.158897604
       94.575       0.050055691

 PDOS Einstein freq (single pole), associated temp and eff. force constant: 
 Freq (THz)   Temp (K)   Eff. FC (N/m)
  76.659      3678.92     530.5995

 pDOS n Moments, associated Einstein freqs, temps and eff. force constants:
  n     Mom (THz^n)   Freq (THz)     Temp (K)    Eff. FC (N/m)
 -2       0.00248      20.09046       964.16      36.4437
 -1       0.03043      32.86317      1577.13      97.5128
  0       1.00000     ---------     --------
  1      68.97408      68.97408      3310.13     429.5508
  2    5876.57244      76.65881      3678.92     530.5994

 Path Red. Mass (AMU):    1.377317
 Path Length (Ang), s^2 (1e-3 Ang^2):  6.1683  11.1656
--------------------------------------------------------------
 Path Indices:    1   2   8   7
 PDOS Poles:
     Freq. (THz)    Weight
        1.844       0.002184632
        8.140       0.079774656
       13.077       0.003880563
       20.092       0.007259893
       23.795       0.000703822
       29.660       0.022730628
       32.199       0.125255108
       38.209       0.018732021
       41.687       0.062079350
       43.816       0.032154112
       44.217       0.106766728
       91.352       0.342952219
       92.721       0.007147936
       93.590       0.001841470
       93.669       0.186528366
       94.575       0.000008584

 PDOS Einstein freq (single pole), associated temp and eff. force constant: 
 Freq (THz)   Temp (K)   Eff. FC (N/m)
  71.701      3441.01     269.1190

 pDOS n Moments, associated Einstein freqs, temps and eff. force constants:
  n     Mom (THz^n)   Freq (THz)     Temp (K)    Eff. FC (N/m)
 -2       0.00222      21.23077      1018.88      23.5951
 -1       0.02730      36.63074      1757.94      70.2394
  0       1.00000     ---------     --------
  1      64.64469      64.64469      3102.36     218.7535
  2    5141.08871      71.70139      3441.01     269.1190

 Path Red. Mass (AMU):    0.798510
 Path Length (Ang), s^2 (1e-3 Ang^2):  6.8475  17.2784
--------------------------------------------------------------
 Path Indices:    1   2   8   9
 PDOS Poles:
     Freq. (THz)    Weight
        4.416       0.004326711
        7.917       0.063232923
       14.293       0.000232093
       20.371       0.007337227
       23.489       0.018298600
       29.889       0.032373850
       31.681       0.013652408
       37.800       0.025546774
       41.681       0.023332274
       43.444       0.000524898
       43.852       0.007886003
       91.352       0.547595549
       92.721       0.006840333
       93.590       0.137826989
       93.669       0.090244327
       94.575       0.020749005

 PDOS Einstein freq (single pole), associated temp and eff. force constant: 
 Freq (THz)   Temp (K)   Eff. FC (N/m)
  83.464      4005.52     411.2448

 pDOS n Moments, associated Einstein freqs, temps and eff. force constants:
  n     Mom (THz^n)   Freq (THz)     Temp (K)    Eff. FC (N/m)
 -2       0.00146      26.14563      1254.75      40.3551
 -1       0.02179      45.89902      2202.73     124.3676
  0       1.00000     ---------     --------
  1      78.78212      78.78212      3780.82     366.4003
  2    6966.26307      83.46414      4005.52     411.2448

 Path Red. Mass (AMU):    0.900517
 Path Length (Ang), s^2 (1e-3 Ang^2):  6.8461  12.2273
--------------------------------------------------------------
 Path Indices:    1   2   9   2
 PDOS Poles:
     Freq. (THz)    Weight
        3.239       0.000397061
        8.061       0.023924035
        8.409       0.009555995
       13.094       0.003497642
       20.057       0.034228914
       29.634       0.085318462
       32.199       0.013182966
       38.223       0.014116985
       41.687       0.024968972
       43.816       0.004658484
       44.217       0.006528128
       91.352       0.291355447
       92.721       0.023889414
       93.590       0.002652127
       93.669       0.461721365
       94.575       0.000004240

 PDOS Einstein freq (single pole), associated temp and eff. force constant: 
 Freq (THz)   Temp (K)   Eff. FC (N/m)
  83.079      3987.02     443.4590

 pDOS n Moments, associated Einstein freqs, temps and eff. force constants:
  n     Mom (THz^n)   Freq (THz)     Temp (K)    Eff. FC (N/m)
 -2       0.00088      33.76849      1620.58      73.2651
 -1       0.01912      52.31204      2510.50     175.8237
  0       1.00000     ---------     --------
  1      78.36143      78.36143      3760.63     394.5287
  2    6902.07493      83.07873      3987.02     443.4591

 Path Red. Mass (AMU):    0.980088
 Path Length (Ang), s^2 (1e-3 Ang^2):  9.5652   9.8573
--------------------------------------------------------------
 Path Indices:    1   2   9   3
 PDOS Poles:
     Freq. (THz)    Weight
        3.424       0.001953403
        4.938       0.003244885
        8.182       0.022381213
       13.089       0.005565406
       20.057       0.053498863
       29.634       0.135048244
       32.199       0.022105558
       38.223       0.020206661
       41.687       0.058846039
       43.816       0.009553231
       44.217       0.016112207
       91.352       0.242222059
       92.721       0.020026980
       93.590       0.002225961
       93.669       0.387005727
       94.575       0.000003751

 PDOS Einstein freq (single pole), associated temp and eff. force constant: 
 Freq (THz)   Temp (K)   Eff. FC (N/m)
  77.174      3703.66     397.2198

 pDOS n Moments, associated Einstein freqs, temps and eff. force constants:
  n     Mom (THz^n)   Freq (THz)     Temp (K)    Eff. FC (N/m)
 -2       0.00111      29.99926      1439.69      60.0216
 -1       0.02184      45.77760      2196.91     139.7632
  0       1.00000     ---------     --------
  1      70.86556      70.86556      3400.90     334.9323
  2    5955.85765      77.17420      3703.66     397.2198

 Path Red. Mass (AMU):    1.017368
 Path Length (Ang), s^2 (1e-3 Ang^2):  8.0097  10.8516
--------------------------------------------------------------
 Path Indices:    1   2   9   4
 PDOS Poles:
     Freq. (THz)    Weight
        3.200       0.010382843
        7.522       0.027111519
       12.987       0.008484622
       20.060       0.075181526
       23.577       0.002167056
       29.641       0.130575692
       32.224       0.014685957
       38.200       0.032454074
       41.686       0.071878362
       43.818       0.029237059
       44.215       0.018601360
       91.352       0.169271996
       92.721       0.018427884
       93.590       0.002549477
       93.669       0.335260881
       94.575       0.053729855

 PDOS Einstein freq (single pole), associated temp and eff. force constant: 
 Freq (THz)   Temp (K)   Eff. FC (N/m)
  73.789      3541.18     341.8774

 pDOS n Moments, associated Einstein freqs, temps and eff. force constants:
  n     Mom (THz^n)   Freq (THz)     Temp (K)    Eff. FC (N/m)
 -2       0.00205      22.07548      1059.42      30.5994
 -1       0.02609      38.32782      1839.39      92.2403
  0       1.00000     ---------     --------
  1      66.48550      66.48550      3190.70     277.5533
  2    5444.74981      73.78855      3541.18     341.8775

 Path Red. Mass (AMU):    0.957820
 Path Length (Ang), s^2 (1e-3 Ang^2):  8.3620  13.7666
--------------------------------------------------------------
 Path Indices:    1   2   9   5
 PDOS Poles:
     Freq. (THz)    Weight
        3.115       0.010563722
        7.511       0.026956867
       12.986       0.008538325
       20.060       0.075258029
       23.576       0.002286112
       29.641       0.130993235
       32.228       0.014574091
       38.198       0.032498295
       41.686       0.072049903
       43.822       0.028583207
       44.215       0.019480427
       91.352       0.169032536
       92.721       0.018422212
       93.590       0.018894456
       93.669       0.316942012
       94.575       0.054926713

 PDOS Einstein freq (single pole), associated temp and eff. force constant: 
 Freq (THz)   Temp (K)   Eff. FC (N/m)
  73.736      3538.66     341.5509

 pDOS n Moments, associated Einstein freqs, temps and eff. force constants:
  n     Mom (THz^n)   Freq (THz)     Temp (K)    Eff. FC (N/m)
 -2       0.00213      21.68340      1040.61      29.5358
 -1       0.02625      38.10190      1828.54      91.1985
  0       1.00000     ---------     --------
  1      66.42132      66.42132      3187.62     277.1464
  2    5437.02357      73.73618      3538.66     341.5510

 Path Red. Mass (AMU):    0.958265
 Path Length (Ang), s^2 (1e-3 Ang^2):  8.3598  13.8418
--------------------------------------------------------------
 Path Indices:    1   2   9   6
 PDOS Poles:
     Freq. (THz)    Weight
        2.105       0.000279541
        4.576       0.001413823
        8.169       0.042327487
       13.088       0.001230660
       20.057       0.017247629
       29.634       0.042946874
       32.198       0.000088848
       38.223       0.004872139
       41.687       0.000507850
       43.816       0.001766311
       44.217       0.001871993
       91.352       0.307567772
       92.721       0.028338136
       93.590       0.003131089
       93.669       0.546404960
       94.575       0.000005149

 PDOS Einstein freq (single pole), associated temp and eff. force constant: 
 Freq (THz)   Temp (K)   Eff. FC (N/m)
  87.720      4209.75     508.1646

 pDOS n Moments, associated Einstein freqs, temps and eff. force constants:
  n     Mom (THz^n)   Freq (THz)     Temp (K)    Eff. FC (N/m)
 -2       0.00097      32.07185      1539.16      67.9293
 -1       0.01779      56.20945      2697.54     208.6545
  0       1.00000     ---------     --------
  1      84.55722      84.55722      4057.97     472.1830
  2    7694.76720      87.71982      4209.75     508.1647

 Path Red. Mass (AMU):    1.007396
 Path Length (Ang), s^2 (1e-3 Ang^2):  6.9585   8.9251
--------------------------------------------------------------
 Path Indices:    1   2   9   7
 PDOS Poles:
     Freq. (THz)    Weight
        2.401       0.001774628
        8.067       0.053328303
       14.906       0.000185279
       20.710       0.003718897
       23.450       0.023579975
       30.260       0.021246258
       31.821       0.017648678
       37.780       0.028932969
       41.676       0.007195436
       43.817       0.014672480
       44.213       0.012670792
       91.352       0.551266942
       92.721       0.007799296
       93.590       0.092652512
       93.669       0.143802288
       94.575       0.019525286

 PDOS Einstein freq (single pole), associated temp and eff. force constant: 
 Freq (THz)   Temp (K)   Eff. FC (N/m)
  84.128      4037.37     359.2580

 pDOS n Moments, associated Einstein freqs, temps and eff. force constants:
  n     Mom (THz^n)   Freq (THz)     Temp (K)    Eff. FC (N/m)
 -2       0.00136      27.16539      1303.69      37.4591
 -1       0.02021      49.46889      2374.06     124.2196
  0       1.00000     ---------     --------
  1      79.93799      79.93799      3836.29     324.3636
  2    7077.51420      84.12796      4037.37     359.2579

 Path Red. Mass (AMU):    0.774314
 Path Length (Ang), s^2 (1e-3 Ang^2):  7.6354  13.1940
--------------------------------------------------------------
 Path Indices:    1   2   9   8
 PDOS Poles:
     Freq. (THz)    Weight
        2.471       0.001628843
        8.069       0.053354458
       15.040       0.000187413
       20.719       0.003785129
       23.452       0.023511886
       30.255       0.021218987
       31.826       0.017469566
       37.781       0.028791657
       41.676       0.007165225
       43.820       0.013965627
       44.213       0.013151670
       91.352       0.550741913
       92.721       0.007982303
       93.590       0.129149926
       93.669       0.108824144
       94.575       0.019071237

 PDOS Einstein freq (single pole), associated temp and eff. force constant: 
 Freq (THz)   Temp (K)   Eff. FC (N/m)
  84.158      4038.81     359.5710

 pDOS n Moments, associated Einstein freqs, temps and eff. force constants:
  n     Mom (THz^n)   Freq (THz)     Temp (K)    Eff. FC (N/m)
 -2       0.00131      27.59211      1324.17      38.6513
 -1       0.02013      49.68317      2384.34     125.3178
  0       1.00000     ---------     --------
  1      79.98075      79.98075      3838.35     324.7620
  2    7082.56121      84.15795      4038.81     359.5710

 Path Red. Mass (AMU):    0.774436
 Path Length (Ang), s^2 (1e-3 Ang^2):  7.6356  13.1350
--------------------------------------------------------------
 Path Indices:    1   3   1   2
 PDOS Poles:
     Freq. (THz)    Weight
        0.681       0.004380910
        4.379       0.114811236
        8.169       0.188603429
       13.085       0.247950603
       20.057       0.085388297
       29.634       0.130636831
       32.199       0.101827336
       38.223       0.111063867
       41.687       0.001355652
       43.795       0.000196680
       43.817       0.012610866
       91.352       0.000006554
       92.721       0.001143985
       93.590       0.000000164
       93.669       0.000023622
       94.575       0.000000002

 PDOS Einstein freq (single pole), associated temp and eff. force constant: 
 Freq (THz)   Temp (K)   Eff. FC (N/m)
  22.610      1085.05     235.5369

 pDOS n Moments, associated Einstein freqs, temps and eff. force constants:
  n     Mom (THz^n)   Freq (THz)     Temp (K)    Eff. FC (N/m)
 -2       0.02025       7.02642       337.20      22.7479
 -1       0.08976      11.14055       534.64      57.1856
  0       1.00000     ---------     --------
  1      19.12531      19.12531       917.84     168.5351
  2     511.19410      22.60960      1085.05     235.5369

 Path Red. Mass (AMU):    7.028528
 Path Length (Ang), s^2 (1e-3 Ang^2):  8.4185   6.4910
--------------------------------------------------------------
 Path Indices:    1   3   1   3
 PDOS Poles:
     Freq. (THz)    Weight
        0.405       0.005604080
        4.375       0.244590656
        8.168       0.149842969
       13.086       0.005155797
       20.057       0.141101500
       29.634       0.147727203
       32.199       0.144654757
       38.223       0.142641824
       41.687       0.001768427
       43.800       0.000349842
       43.817       0.015061470
       91.352       0.000009143
       92.721       0.001464583
       93.590       0.000000197
       93.669       0.000027950
       94.575       0.000000002

 PDOS Einstein freq (single pole), associated temp and eff. force constant: 
 Freq (THz)   Temp (K)   Eff. FC (N/m)
  24.617      1181.40     201.5478

 pDOS n Moments, associated Einstein freqs, temps and eff. force constants:
  n     Mom (THz^n)   Freq (THz)     Temp (K)    Eff. FC (N/m)
 -2       0.04998       4.47320       214.67       6.6549
 -1       0.10914       9.16267       439.72      27.9221
  0       1.00000     ---------     --------
  1      20.56974      20.56974       987.16     140.7216
  2     606.00410      24.61715      1181.40     201.5481

 Path Red. Mass (AMU):    5.073346
 Path Length (Ang), s^2 (1e-3 Ang^2):  9.3789  11.3324
--------------------------------------------------------------
 Path Indices:    1   3   1   4
 PDOS Poles:
     Freq. (THz)    Weight
        3.068       0.051904075
        5.144       0.056260695
        8.454       0.015112570
       20.080       0.039389967
       23.467       0.013798592
       29.702       0.188653956
       31.195       0.165741916
       37.746       0.218789207
       38.215       0.185024265
       43.818       0.010575755
       44.210       0.000530859
       91.352       0.000006217
       92.721       0.028941934
       93.590       0.003420411
       93.669       0.001617469
       94.575       0.020232101

 PDOS Einstein freq (single pole), associated temp and eff. force constant: 
 Freq (THz)   Temp (K)   Eff. FC (N/m)
  37.835      1815.75      84.9200

 pDOS n Moments, associated Einstein freqs, temps and eff. force constants:
  n     Mom (THz^n)   Freq (THz)     Temp (K)    Eff. FC (N/m)
 -2       0.00865      10.75030       515.92       6.8558
 -1       0.05533      18.07298       867.34      19.3765
  0       1.00000     ---------     --------
  1      33.34989      33.34989      1600.49      65.9789
  2    1431.50744      37.83527      1815.75      84.9200

 Path Red. Mass (AMU):    0.904914
 Path Length (Ang), s^2 (1e-3 Ang^2):  9.4718  30.9021
--------------------------------------------------------------
 Path Indices:    1   3   1   5
 PDOS Poles:
     Freq. (THz)    Weight
        2.899       0.048302291
        5.047       0.059880177
        8.431       0.015216623
       20.078       0.039382377
       23.456       0.014045934
       29.698       0.186691314
       31.187       0.166817169
       37.746       0.220083207
       38.214       0.184422083
       43.816       0.010358460
       44.212       0.000505911
       91.352       0.000006255
       92.721       0.029038300
       93.590       0.004124319
       93.669       0.000907322
       94.575       0.020218243

 PDOS Einstein freq (single pole), associated temp and eff. force constant: 
 Freq (THz)   Temp (K)   Eff. FC (N/m)
  37.840      1816.00      84.9433

 pDOS n Moments, associated Einstein freqs, temps and eff. force constants:
  n     Mom (THz^n)   Freq (THz)     Temp (K)    Eff. FC (N/m)
 -2       0.00911      10.47681       502.79       6.5114
 -1       0.05601      17.85362       856.81      18.9090
  0       1.00000     ---------     --------
  1      33.34468      33.34468      1600.24      65.9583
  2    1431.90112      37.84047      1816.00      84.9433

 Path Red. Mass (AMU):    0.904914
 Path Length (Ang), s^2 (1e-3 Ang^2):  9.4721  31.2818
--------------------------------------------------------------
 Path Indices:    1   3   1   6
 PDOS Poles:
     Freq. (THz)    Weight
        0.348       0.006493910
        4.374       0.253691089
        8.168       0.424846448
       13.086       0.007339640
       20.057       0.146227798
       29.634       0.001148582
       32.199       0.007228614
       38.223       0.055340560
       41.687       0.073454326
       43.816       0.006422682
       44.217       0.000314074
       91.352       0.012194779
       92.721       0.001742587
       93.590       0.000022311
       93.669       0.003532380
       94.575       0.000000014

 PDOS Einstein freq (single pole), associated temp and eff. force constant: 
 Freq (THz)   Temp (K)   Eff. FC (N/m)
  21.707      1041.71     156.8722

 pDOS n Moments, associated Einstein freqs, temps and eff. force constants:
  n     Mom (THz^n)   Freq (THz)     Temp (K)    Eff. FC (N/m)
 -2       0.07381       3.68081       176.65       4.5108
 -1       0.14035       7.12519       341.94      16.9028
  0       1.00000     ---------     --------
  1      14.95922      14.95922       717.91      74.5048
  2     471.17220      21.70650      1041.71     156.8722

 Path Red. Mass (AMU):    5.078758
 Path Length (Ang), s^2 (1e-3 Ang^2): 10.7597  14.8286
--------------------------------------------------------------
 Path Indices:    1   3   1   7
 PDOS Poles:
     Freq. (THz)    Weight
        3.480       0.027890256
        7.928       0.150704926
       12.846       0.009843378
       23.326       0.089813875
       28.314       0.010813001
       30.652       0.097544635
       32.395       0.049705740
       37.937       0.090066705
       41.682       0.189925778
       43.807       0.125427013
       43.960       0.027252146
       91.352       0.041649633
       92.721       0.001748182
       93.590       0.059466380
       93.669       0.018435072
       94.575       0.009713216

 PDOS Einstein freq (single pole), associated temp and eff. force constant: 
 Freq (THz)   Temp (K)   Eff. FC (N/m)
  45.802      2198.09     124.4501

 pDOS n Moments, associated Einstein freqs, temps and eff. force constants:
  n     Mom (THz^n)   Freq (THz)     Temp (K)    Eff. FC (N/m)
 -2       0.00536      13.66251       655.68      11.0734
 -1       0.04856      20.59152       988.21      25.1535
  0       1.00000     ---------     --------
  1      38.62330      38.62330      1853.57      88.4952
  2    2097.85012      45.80229      2198.09     124.4501

 Path Red. Mass (AMU):    0.904924
 Path Length (Ang), s^2 (1e-3 Ang^2): 11.0801  27.1222
--------------------------------------------------------------
 Path Indices:    1   3   1   8
 PDOS Poles:
     Freq. (THz)    Weight
        3.576       0.027720147
        7.936       0.150800575
       12.865       0.009764194
       23.326       0.090294747
       28.297       0.010611014
       30.650       0.096949201
       32.391       0.049915452
       37.935       0.090104212
       41.682       0.189349194
       43.759       0.056952245
       43.873       0.095716215
       91.352       0.041717157
       92.721       0.001692202
       93.590       0.049270402
       93.669       0.029128535
       94.575       0.010014510

 PDOS Einstein freq (single pole), associated temp and eff. force constant: 
 Freq (THz)   Temp (K)   Eff. FC (N/m)
  45.868      2201.24     124.8070

 pDOS n Moments, associated Einstein freqs, temps and eff. force constants:
  n     Mom (THz^n)   Freq (THz)     Temp (K)    Eff. FC (N/m)
 -2       0.00522      13.84531       664.45      11.3717
 -1       0.04828      20.71234       994.00      25.4494
  0       1.00000     ---------     --------
  1      38.67312      38.67312      1855.96      88.7234
  2    2103.87109      45.86797      2201.24     124.8070

 Path Red. Mass (AMU):    0.904922
 Path Length (Ang), s^2 (1e-3 Ang^2): 11.0816  26.9640
--------------------------------------------------------------
 Path Indices:    1   3   1   9
 PDOS Poles:
     Freq. (THz)    Weight
        1.870       0.002398557
        4.407       0.064047960
        8.184       0.024938576
       13.104       0.001653564
       20.057       0.115319016
       29.634       0.094957237
       32.199       0.084821978
       38.223       0.001451928
       41.687       0.102244705
       43.816       0.006720066
       44.217       0.026410908
       91.352       0.176368691
       92.721       0.011816616
       93.590       0.001639780
       93.669       0.285207946
       94.575       0.000002555

 PDOS Einstein freq (single pole), associated temp and eff. force constant: 
 Freq (THz)   Temp (K)   Eff. FC (N/m)
  67.494      3239.10     270.0206

 pDOS n Moments, associated Einstein freqs, temps and eff. force constants:
  n     Mom (THz^n)   Freq (THz)     Temp (K)    Eff. FC (N/m)
 -2       0.00497      14.18020       680.52      11.9187
 -1       0.03894      25.68243      1232.52      39.0964
  0       1.00000     ---------     --------
  1      58.22689      58.22689      2794.36     200.9610
  2    4555.46016      67.49415      3239.10     270.0206

 Path Red. Mass (AMU):    0.904182
 Path Length (Ang), s^2 (1e-3 Ang^2): 11.5229  21.7639
--------------------------------------------------------------
 Path Indices:    1   3   2   3
 PDOS Poles:
     Freq. (THz)    Weight
        0.917       0.001016293
        4.385       0.024915074
        8.168       0.122107172
       14.593       0.000001987
       20.057       0.576523331
       29.634       0.138620752
       32.199       0.028876859
       38.223       0.101117249
       41.687       0.000620113
       43.816       0.002356633
       44.217       0.002694512
       91.352       0.000000564
       92.721       0.001025791
       93.590       0.000000752
       93.669       0.000122896
       94.575       0.000000001

 PDOS Einstein freq (single pole), associated temp and eff. force constant: 
 Freq (THz)   Temp (K)   Eff. FC (N/m)
  23.680      1136.42     192.3971

 pDOS n Moments, associated Einstein freqs, temps and eff. force constants:
  n     Mom (THz^n)   Freq (THz)     Temp (K)    Eff. FC (N/m)
 -2       0.00603      12.88154       618.20      56.9338
 -1       0.05885      16.99372       815.54      99.0858
  0       1.00000     ---------     --------
  1      21.92886      21.92886      1052.38     164.9933
  2     560.74328      23.68002      1136.42     192.3971

 Path Red. Mass (AMU):    5.233904
 Path Length (Ang), s^2 (1e-3 Ang^2):  6.7951   5.6848
--------------------------------------------------------------
 Path Indices:    1   3   2   4
 PDOS Poles:
     Freq. (THz)    Weight
        3.745       0.031358277
        7.304       0.016428323
       10.825       0.001205888
       20.063       0.136218703
       27.125       0.002209414
       29.775       0.162719697
       31.151       0.178713896
       37.839       0.189763345
       38.331       0.086081573
       43.536       0.000222126
       44.186       0.001022162
       91.352       0.000019391
       92.721       0.091420990
       93.590       0.013748797
       93.669       0.005379150
       94.575       0.083488271

 PDOS Einstein freq (single pole), associated temp and eff. force constant: 
 Freq (THz)   Temp (K)   Eff. FC (N/m)
  49.766      2388.33     165.6837

 pDOS n Moments, associated Einstein freqs, temps and eff. force constants:
  n     Mom (THz^n)   Freq (THz)     Temp (K)    Eff. FC (N/m)
 -2       0.00348      16.95805       813.83      19.2380
 -1       0.03817      26.19883      1257.30      45.9168
  0       1.00000     ---------     --------
  1      42.15524      42.15524      2023.07     118.8806
  2    2476.69073      49.76636      2388.33     165.6837

 Path Red. Mass (AMU):    1.020468
 Path Length (Ang), s^2 (1e-3 Ang^2):  7.3794  18.9036
--------------------------------------------------------------
 Path Indices:    1   3   2   5
 PDOS Poles:
     Freq. (THz)    Weight
        3.658       0.030931806
        7.206       0.016759395
       10.635       0.001383619
       20.063       0.136425356
       27.609       0.003552465
       29.816       0.166509460
       31.171       0.172671376
       37.846       0.195658572
       38.346       0.080709930
       43.542       0.000248970
       44.184       0.001084313
       91.352       0.000019485
       92.721       0.091623608
       93.590       0.016252746
       93.669       0.002821878
       94.575       0.083347006

 PDOS Einstein freq (single pole), associated temp and eff. force constant: 
 Freq (THz)   Temp (K)   Eff. FC (N/m)
  49.768      2388.41     165.6911

 pDOS n Moments, associated Einstein freqs, temps and eff. force constants:
  n     Mom (THz^n)   Freq (THz)     Temp (K)    Eff. FC (N/m)
 -2       0.00357      16.73649       803.20      18.7382
 -1       0.03834      26.07993      1251.60      45.5001
  0       1.00000     ---------     --------
  1      42.15451      42.15451      2023.03     118.8741
  2    2476.85089      49.76797      2388.41     165.6911

 Path Red. Mass (AMU):    1.020447
 Path Length (Ang), s^2 (1e-3 Ang^2):  7.3791  18.9901
--------------------------------------------------------------
 Path Indices:    1   3   2   6
 PDOS Poles:
     Freq. (THz)    Weight
        1.131       0.002368477
        4.391       0.058955988
        8.169       0.354329461
       13.086       0.045018271
       20.057       0.422598010
       29.634       0.001310989
       32.130       0.000003237
       38.223       0.031119661
       41.687       0.058967018
       43.816       0.000961760
       44.217       0.005353524
       91.352       0.009408715
       92.721       0.000029224
       93.590       0.000059247
       93.669       0.009516376
       94.575       0.000000016

 PDOS Einstein freq (single pole), associated temp and eff. force constant: 
 Freq (THz)   Temp (K)   Eff. FC (N/m)
  22.950      1101.38     175.2390

 pDOS n Moments, associated Einstein freqs, temps and eff. force constants:
  n     Mom (THz^n)   Freq (THz)     Temp (K)    Eff. FC (N/m)
 -2       0.01160       9.28601       445.64      28.6901
 -1       0.08603      11.62375       557.83      44.9537
  0       1.00000     ---------     --------
  1      17.94583      17.94583       861.24     107.1520
  2     526.69312      22.94980      1101.38     175.2390

 Path Red. Mass (AMU):    5.075330
 Path Length (Ang), s^2 (1e-3 Ang^2):  7.6764   8.5686
--------------------------------------------------------------
 Path Indices:    1   3   2   7
 PDOS Poles:
     Freq. (THz)    Weight
        4.174       0.009439684
        7.923       0.164156674
       13.160       0.024987460
       20.563       0.019597027
       23.500       0.068616579
       30.059       0.078296563
       32.129       0.099380572
       37.952       0.078935168
       40.838       0.002966107
       41.695       0.170957538
       43.832       0.164596129
       91.352       0.037281863
       92.721       0.000366255
       93.590       0.053281064
       93.669       0.018466044
       94.575       0.008675245

 PDOS Einstein freq (single pole), associated temp and eff. force constant: 
 Freq (THz)   Temp (K)   Eff. FC (N/m)
  44.575      2139.21     119.7712

 pDOS n Moments, associated Einstein freqs, temps and eff. force constants:
  n     Mom (THz^n)   Freq (THz)     Temp (K)    Eff. FC (N/m)
 -2       0.00391      15.99508       767.62      15.4218
 -1       0.04573      21.86891      1049.51      28.8282
  0       1.00000     ---------     --------
  1      37.66684      37.66684      1807.66      85.5227
  2    1986.95936      44.57532      2139.21     119.7712

 Path Red. Mass (AMU):    0.919506
 Path Length (Ang), s^2 (1e-3 Ang^2):  7.8679  25.1329
--------------------------------------------------------------
 Path Indices:    1   3   2   8
 PDOS Poles:
     Freq. (THz)    Weight
        4.422       0.010247600
        7.948       0.163430889
       13.230       0.024870213
       20.744       0.021865829
       23.561       0.067101723
       30.116       0.080763066
       32.165       0.095961898
       37.960       0.079145201
       41.678       0.171628058
       42.817       0.001819917
       43.834       0.163978451
       91.352       0.037473214
       92.721       0.000343964
       93.590       0.043808687
       93.669       0.028592716
       94.575       0.008968549

 PDOS Einstein freq (single pole), associated temp and eff. force constant: 
 Freq (THz)   Temp (K)   Eff. FC (N/m)
  44.667      2143.60     120.2703

 pDOS n Moments, associated Einstein freqs, temps and eff. force constants:
  n     Mom (THz^n)   Freq (THz)     Temp (K)    Eff. FC (N/m)
 -2       0.00386      16.09427       772.38      15.6145
 -1       0.04560      21.93197      1052.53      28.9963
  0       1.00000     ---------     --------
  1      37.73156      37.73156      1810.77      85.8215
  2    1995.13177      44.66690      2143.60     120.2702

 Path Red. Mass (AMU):    0.919555
 Path Length (Ang), s^2 (1e-3 Ang^2):  7.8709  25.0593
--------------------------------------------------------------
 Path Indices:    1   3   2   9
 PDOS Poles:
     Freq. (THz)    Weight
        2.392       0.001241033
        4.451       0.017824925
        8.176       0.030531218
       13.115       0.000560845
       20.057       0.181701897
       29.634       0.057795239
       32.199       0.041025699
       38.222       0.000804292
       41.687       0.056884149
       43.816       0.006057614
       44.217       0.010728079
       91.352       0.221848235
       92.721       0.021062251
       93.590       0.002009523
       93.669       0.349921888
       94.575       0.000003281

 PDOS Einstein freq (single pole), associated temp and eff. force constant: 
 Freq (THz)   Temp (K)   Eff. FC (N/m)
  73.633      3533.69     328.6972

 pDOS n Moments, associated Einstein freqs, temps and eff. force constants:
  n     Mom (THz^n)   Freq (THz)     Temp (K)    Eff. FC (N/m)
 -2       0.00224      21.10730      1012.96      27.0098
 -1       0.02876      34.76675      1668.49      73.2797
  0       1.00000     ---------     --------
  1      65.34373      65.34373      3135.90     258.8589
  2    5421.76536      73.63264      3533.69     328.6973

 Path Red. Mass (AMU):    0.924797
 Path Length (Ang), s^2 (1e-3 Ang^2):  8.6603  15.7186
--------------------------------------------------------------
 Path Indices:    1   3   4   2
 PDOS Poles:
     Freq. (THz)    Weight
        4.194       0.006938008
        8.168       0.011417537
       13.135       0.014343493
       20.114       0.030123301
       23.608       0.007515585
       29.812       0.036674892
       31.164       0.049497915
       37.962       0.035699495
       38.639       0.004587150
       43.812       0.010809087
       44.212       0.004480988
       91.352       0.000092857
       92.721       0.375779531
       93.590       0.053641543
       93.669       0.022786966
       94.575       0.335611639

 PDOS Einstein freq (single pole), associated temp and eff. force constant: 
 Freq (THz)   Temp (K)   Eff. FC (N/m)
  84.210      4041.29     507.0756

 pDOS n Moments, associated Einstein freqs, temps and eff. force constants:
  n     Mom (THz^n)   Freq (THz)     Temp (K)    Eff. FC (N/m)
 -2       0.00095      32.36473      1553.21      74.9019
 -1       0.01860      53.74976      2579.50     206.5866
  0       1.00000     ---------     --------
  1      79.68052      79.68052      3823.94     453.9974
  2    7091.26411      84.20964      4041.29     507.0756

 Path Red. Mass (AMU):    1.090788
 Path Length (Ang), s^2 (1e-3 Ang^2):  6.6342   8.6200
--------------------------------------------------------------
 Path Indices:    1   3   4   3
 PDOS Poles:
     Freq. (THz)    Weight
        3.366       0.010246783
        7.019       0.006419134
       12.710       0.002361631
       20.016       0.009716374
       23.164       0.001180900
       29.712       0.003632621
       31.367       0.001755025
       38.111       0.002966321
       38.818       0.000185078
       43.806       0.000427529
       44.132       0.000058695
       91.352       0.000117184
       92.721       0.462463842
       93.590       0.064421120
       93.669       0.027907729
       94.575       0.406140024

 PDOS Einstein freq (single pole), associated temp and eff. force constant: 
 Freq (THz)   Temp (K)   Eff. FC (N/m)
  91.839      4407.46     503.5900

 pDOS n Moments, associated Einstein freqs, temps and eff. force constants:
  n     Mom (THz^n)   Freq (THz)     Temp (K)    Eff. FC (N/m)
 -2       0.00119      28.93903      1388.81      50.0019
 -1       0.01522      65.69042      3152.54     257.6455
  0       1.00000     ---------     --------
  1      90.58072      90.58072      4347.05     489.8803
  2    8434.48498      91.83945      4407.46     503.5899

 Path Red. Mass (AMU):    0.910772
 Path Length (Ang), s^2 (1e-3 Ang^2):  5.3047   8.4472
--------------------------------------------------------------
 Path Indices:    1   3   4   5
 PDOS Poles:
     Freq. (THz)    Weight
        3.586       0.018825163
        6.752       0.009181063
       10.901       0.001075947
       20.060       0.008551365
       23.473       0.002345274
       29.700       0.035592425
       31.185       0.027083087
       37.781       0.041895114
       38.271       0.018155549
       43.816       0.098102015
       44.217       0.030441405
       91.352       0.000138607
       92.721       0.626955719
       93.590       0.005500931
       93.669       0.030741552
       94.575       0.045414775

 PDOS Einstein freq (single pole), associated temp and eff. force constant: 
 Freq (THz)   Temp (K)   Eff. FC (N/m)
  80.702      3872.98     268.1648

 pDOS n Moments, associated Einstein freqs, temps and eff. force constants:
  n     Mom (THz^n)   Freq (THz)     Temp (K)    Eff. FC (N/m)
 -2       0.00196      22.59505      1084.36      21.0211
 -1       0.02144      46.63651      2238.13      89.5532
  0       1.00000     ---------     --------
  1      76.02597      76.02597      3648.55     237.9868
  2    6512.87591      80.70239      3872.98     268.1648

 Path Red. Mass (AMU):    0.628088
 Path Length (Ang), s^2 (1e-3 Ang^2):  5.9868  17.2535
--------------------------------------------------------------
 Path Indices:    1   3   4   6
 PDOS Poles:
     Freq. (THz)    Weight
        4.237       0.017445346
        8.144       0.024373619
       19.427       0.008202167
       22.116       0.016749097
       24.993       0.007199300
       30.107       0.024505712
       33.284       0.005081113
       37.992       0.080705862
       41.627       0.013498747
       43.738       0.014010999
       44.103       0.007160618
       91.352       0.001174225
       92.721       0.372183547
       93.590       0.045281429
       93.669       0.021615579
       94.575       0.340812631

 PDOS Einstein freq (single pole), associated temp and eff. force constant: 
 Freq (THz)   Temp (K)   Eff. FC (N/m)
  84.085      4035.33     461.4242

 pDOS n Moments, associated Einstein freqs, temps and eff. force constants:
  n     Mom (THz^n)   Freq (THz)     Temp (K)    Eff. FC (N/m)
 -2       0.00160      24.98091      1198.86      40.7264
 -1       0.02082      48.02820      2304.92     150.5400
  0       1.00000     ---------     --------
  1      79.55717      79.55717      3818.02     413.0647
  2    7070.34996      84.08537      4035.33     461.4242

 Path Red. Mass (AMU):    0.995522
 Path Length (Ang), s^2 (1e-3 Ang^2):  6.3754  10.5701
--------------------------------------------------------------
 Path Indices:    1   3   4   7
 PDOS Poles:
     Freq. (THz)    Weight
        3.711       0.006546300
        7.981       0.027639751
       12.986       0.000573497
       23.259       0.011117875
       27.929       0.001339665
       31.640       0.056734495
       33.439       0.008024393
       37.886       0.093327545
       41.675       0.055393164
       43.642       0.007523606
       43.857       0.050562143
       91.352       0.069756950
       92.721       0.266720343
       93.590       0.232931677
       93.669       0.002293939
       94.575       0.109514547

 PDOS Einstein freq (single pole), associated temp and eff. force constant: 
 Freq (THz)   Temp (K)   Eff. FC (N/m)
  79.572      3818.71     222.3584

 pDOS n Moments, associated Einstein freqs, temps and eff. force constants:
  n     Mom (THz^n)   Freq (THz)     Temp (K)    Eff. FC (N/m)
 -2       0.00120      28.81552      1382.88      29.1602
 -1       0.02026      49.35946      2368.80      85.5614
  0       1.00000     ---------     --------
  1      74.47721      74.47721      3574.23     194.7977
  2    6331.64204      79.57162      3818.71     222.3584

 Path Red. Mass (AMU):    0.535708
 Path Length (Ang), s^2 (1e-3 Ang^2):  7.2869  19.1129
--------------------------------------------------------------
 Path Indices:    1   3   4   8
 PDOS Poles:
     Freq. (THz)    Weight
        3.564       0.007120671
        8.063       0.025644951
       12.644       0.000693358
       22.520       0.003405695
       23.363       0.175453752
       31.180       0.049076047
       32.305       0.045115549
       38.152       0.029316661
       41.685       0.090732344
       43.817       0.114668193
       44.186       0.003935375
       91.352       0.037656909
       92.721       0.183848277
       93.590       0.002716485
       93.669       0.002908144
       94.575       0.227707574

 PDOS Einstein freq (single pole), associated temp and eff. force constant: 
 Freq (THz)   Temp (K)   Eff. FC (N/m)
  67.847      3256.02     177.4965

 pDOS n Moments, associated Einstein freqs, temps and eff. force constants:
  n     Mom (THz^n)   Freq (THz)     Temp (K)    Eff. FC (N/m)
 -2       0.00157      25.26029      1212.26      24.6042
 -1       0.02638      37.90953      1819.31      55.4152
  0       1.00000     ---------     --------
  1      60.05201      60.05201      2881.95     139.0551
  2    4603.17960      67.84674      3256.02     177.4965

 Path Red. Mass (AMU):    0.588197
 Path Length (Ang), s^2 (1e-3 Ang^2):  6.7240  22.6649
--------------------------------------------------------------
 Path Indices:    1   3   4   9
 PDOS Poles:
     Freq. (THz)    Weight
        4.345       0.016314135
        7.935       0.009649727
       13.693       0.004053786
       20.153       0.053693116
       24.390       0.005562486
       29.716       0.178443614
       32.128       0.039769279
       37.901       0.033523932
       41.683       0.076295899
       43.785       0.011697220
       44.208       0.023916532
       91.352       0.078843259
       92.721       0.105791062
       93.590       0.015032971
       93.669       0.201766809
       94.575       0.145646269

 PDOS Einstein freq (single pole), associated temp and eff. force constant: 
 Freq (THz)   Temp (K)   Eff. FC (N/m)
  72.439      3476.42     195.9233

 pDOS n Moments, associated Einstein freqs, temps and eff. force constants:
  n     Mom (THz^n)   Freq (THz)     Temp (K)    Eff. FC (N/m)
 -2       0.00157      25.24127      1211.35      23.7882
 -1       0.02478      40.34871      1936.37      60.7853
  0       1.00000     ---------     --------
  1      65.11349      65.11349      3124.85     158.3001
  2    5247.43312      72.43917      3476.42     195.9233

 Path Red. Mass (AMU):    0.569548
 Path Length (Ang), s^2 (1e-3 Ang^2):  6.7119  21.9920
--------------------------------------------------------------
 Path Indices:    1   3   5   2
 PDOS Poles:
     Freq. (THz)    Weight
        4.202       0.006968329
        8.177       0.011407070
       13.139       0.014298356
       20.117       0.030251857
       23.625       0.007432089
       29.823       0.037045892
       31.172       0.048932628
       37.965       0.036168280
       38.668       0.004214370
       43.811       0.010909650
       44.212       0.004554151
       91.352       0.000093125
       92.721       0.376588373
       93.590       0.063880343
       93.669       0.012293736
       94.575       0.334961730

 PDOS Einstein freq (single pole), associated temp and eff. force constant: 
 Freq (THz)   Temp (K)   Eff. FC (N/m)
  84.204      4041.03     507.0585

 pDOS n Moments, associated Einstein freqs, temps and eff. force constants:
  n     Mom (THz^n)   Freq (THz)     Temp (K)    Eff. FC (N/m)
 -2       0.00095      32.37390      1553.65      74.9517
 -1       0.01860      53.75220      2579.62     206.6254
  0       1.00000     ---------     --------
  1      79.67544      79.67544      3823.69     453.9836
  2    7090.33648      84.20414      4041.03     507.0584

 Path Red. Mass (AMU):    1.090894
 Path Length (Ang), s^2 (1e-3 Ang^2):  6.6340   8.6188
--------------------------------------------------------------
 Path Indices:    1   3   5   3
 PDOS Poles:
     Freq. (THz)    Weight
        3.277       0.010231975
        6.966       0.006462460
       12.695       0.002349888
       20.013       0.009710130
       23.149       0.001190335
       29.706       0.003602294
       31.350       0.001780577
       38.109       0.002944077
       38.798       0.000196450
       43.802       0.000432412
       44.128       0.000055595
       91.352       0.000117413
       92.721       0.463513835
       93.590       0.076871304
       93.669       0.015155571
       94.575       0.405385659

 PDOS Einstein freq (single pole), associated temp and eff. force constant: 
 Freq (THz)   Temp (K)   Eff. FC (N/m)
  91.836      4407.30     503.5633

 pDOS n Moments, associated Einstein freqs, temps and eff. force constants:
  n     Mom (THz^n)   Freq (THz)     Temp (K)    Eff. FC (N/m)
 -2       0.00124      28.34319      1360.21      47.9648
 -1       0.01531      65.30530      3134.06     254.6374
  0       1.00000     ---------     --------
  1      90.57587      90.57587      4346.82     489.8357
  2    8433.90402      91.83629      4407.30     503.5633

 Path Red. Mass (AMU):    0.910787
 Path Length (Ang), s^2 (1e-3 Ang^2):  5.3047   8.4969
--------------------------------------------------------------
 Path Indices:    1   3   5   4
 PDOS Poles:
     Freq. (THz)    Weight
        3.683       0.019281120
        6.889       0.008801324
       11.089       0.000983879
       20.068       0.008575878
       23.514       0.002299223
       29.708       0.036103055
       31.199       0.026527886
       37.787       0.042245695
       38.280       0.017488892
       43.816       0.098443578
       44.217       0.030498792
       91.352       0.000138660
       92.721       0.627341077
       93.590       0.010272839
       93.669       0.025852729
       94.575       0.045145358

 PDOS Einstein freq (single pole), associated temp and eff. force constant: 
 Freq (THz)   Temp (K)   Eff. FC (N/m)
  80.703      3873.00     268.1891

 pDOS n Moments, associated Einstein freqs, temps and eff. force constants:
  n     Mom (THz^n)   Freq (THz)     Temp (K)    Eff. FC (N/m)
 -2       0.00190      22.94731      1101.26      21.6833
 -1       0.02133      46.87361      2249.51      90.4731
  0       1.00000     ---------     --------
  1      76.02998      76.02998      3648.75     238.0304
  2    6512.96217      80.70293      3873.00     268.1891

 Path Red. Mass (AMU):    0.628136
 Path Length (Ang), s^2 (1e-3 Ang^2):  5.9868  17.1650
--------------------------------------------------------------
 Path Indices:    1   3   5   6
 PDOS Poles:
     Freq. (THz)    Weight
        4.233       0.017443632
        8.143       0.024393927
       19.434       0.008261653
       22.123       0.016763165
       24.996       0.007188228
       30.110       0.024473625
       33.288       0.005059670
       37.990       0.080847344
       41.627       0.013469621
       43.737       0.013968488
       44.104       0.007120296
       91.352       0.001170545
       92.721       0.373053433
       93.590       0.054490266
       93.669       0.012073948
       94.575       0.340222142

 PDOS Einstein freq (single pole), associated temp and eff. force constant: 
 Freq (THz)   Temp (K)   Eff. FC (N/m)
  84.080      4035.07     461.3935

 pDOS n Moments, associated Einstein freqs, temps and eff. force constants:
  n     Mom (THz^n)   Freq (THz)     Temp (K)    Eff. FC (N/m)
 -2       0.00160      24.96423      1198.06      40.6746
 -1       0.02083      48.00952      2304.02     150.4326
  0       1.00000     ---------     --------
  1      79.54998      79.54998      3817.67     413.0165
  2    7069.42655      84.07988      4035.07     461.3934

 Path Red. Mass (AMU):    0.995585
 Path Length (Ang), s^2 (1e-3 Ang^2):  6.3752  10.5735
--------------------------------------------------------------
 Path Indices:    1   3   5   7
 PDOS Poles:
     Freq. (THz)    Weight
        3.472       0.007117184
        8.054       0.025664102
       12.587       0.000752371
       22.451       0.002885712
       23.361       0.175447105
       31.173       0.048989416
       32.300       0.045442487
       38.153       0.029141661
       41.686       0.090784612
       43.821       0.114109966
       44.189       0.004476940
       91.352       0.037833708
       92.721       0.185045499
       93.590       0.003406079
       93.669       0.002353309
       94.575       0.226549836

 PDOS Einstein freq (single pole), associated temp and eff. force constant: 
 Freq (THz)   Temp (K)   Eff. FC (N/m)
  67.864      3256.87     177.5657

 pDOS n Moments, associated Einstein freqs, temps and eff. force constants:
  n     Mom (THz^n)   Freq (THz)     Temp (K)    Eff. FC (N/m)
 -2       0.00160      25.01656      1200.57      24.1285
 -1       0.02643      37.84024      1815.99      55.2056
  0       1.00000     ---------     --------
  1      60.07273      60.07273      2882.94     139.1331
  2    4605.57073      67.86436      3256.87     177.5657

 Path Red. Mass (AMU):    0.588121
 Path Length (Ang), s^2 (1e-3 Ang^2):  6.7254  22.7093
--------------------------------------------------------------
 Path Indices:    1   3   5   8
 PDOS Poles:
     Freq. (THz)    Weight
        3.802       0.006556645
        7.993       0.027602052
       13.094       0.000551106
       23.253       0.011242279
       27.768       0.001255168
       31.633       0.055997259
       33.389       0.008426204
       37.884       0.093616908
       41.674       0.055215745
       43.465       0.002618630
       43.840       0.055375008
       91.352       0.069563619
       92.721       0.266323456
       93.590       0.222592554
       93.669       0.014879785
       94.575       0.108183479

 PDOS Einstein freq (single pole), associated temp and eff. force constant: 
 Freq (THz)   Temp (K)   Eff. FC (N/m)
  79.587      3819.46     222.4399

 pDOS n Moments, associated Einstein freqs, temps and eff. force constants:
  n     Mom (THz^n)   Freq (THz)     Temp (K)    Eff. FC (N/m)
 -2       0.00118      29.10581      1396.81      29.7500
 -1       0.02021      49.49197      2375.16      86.0194
  0       1.00000     ---------     --------
  1      74.49707      74.49707      3575.18     194.8971
  2    6334.10884      79.58711      3819.46     222.4398

 Path Red. Mass (AMU):    0.535696
 Path Length (Ang), s^2 (1e-3 Ang^2):  7.2869  19.0621
--------------------------------------------------------------
 Path Indices:    1   3   5   9
 PDOS Poles:
     Freq. (THz)    Weight
        4.347       0.016410522
        7.944       0.009496167
       13.691       0.004105797
       20.154       0.053744402
       24.357       0.005774571
       29.716       0.178522361
       32.127       0.040147018
       37.901       0.033404221
       41.683       0.076521621
       43.786       0.011074467
       44.208       0.024616399
       91.352       0.078704183
       92.721       0.105933257
       93.590       0.035899537
       93.669       0.178870682
       94.575       0.146774870

 PDOS Einstein freq (single pole), associated temp and eff. force constant: 
 Freq (THz)   Temp (K)   Eff. FC (N/m)
  72.391      3474.11     195.7312

 pDOS n Moments, associated Einstein freqs, temps and eff. force constants:
  n     Mom (THz^n)   Freq (THz)     Temp (K)    Eff. FC (N/m)
 -2       0.00157      25.22018      1210.34      23.7567
 -1       0.02481      40.31051      1934.54      60.6913
  0       1.00000     ---------     --------
  1      65.05806      65.05806      3122.19     158.0855
  2    5240.46921      72.39109      3474.11     195.7312

 Path Red. Mass (AMU):    0.569746
 Path Length (Ang), s^2 (1e-3 Ang^2):  6.7098  22.0052
--------------------------------------------------------------
 Path Indices:    1   3   6   2
 PDOS Poles:
     Freq. (THz)    Weight
        1.014       0.002275073
        4.392       0.040385388
        8.168       0.391728322
       13.089       0.003431040
       20.057       0.143419171
       29.634       0.121719995
       32.199       0.113423372
       38.223       0.000465770
       41.687       0.146895982
       43.816       0.002652332
       44.217       0.004017162
       91.352       0.020294106
       92.721       0.000940247
       93.590       0.000053176
       93.669       0.008298844
       94.575       0.000000006

 PDOS Einstein freq (single pole), associated temp and eff. force constant: 
 Freq (THz)   Temp (K)   Eff. FC (N/m)
  28.798      1382.03     557.6902

 pDOS n Moments, associated Einstein freqs, temps and eff. force constants:
  n     Mom (THz^n)   Freq (THz)     Temp (K)    Eff. FC (N/m)
 -2       0.01089       9.58173       459.84      61.7392
 -1       0.07845      12.74769       611.77     109.2788
  0       1.00000     ---------     --------
  1      22.71891      22.71891      1090.30     347.0947
  2     829.31622      28.79785      1382.03     557.6902

 Path Red. Mass (AMU):   10.258033
 Path Length (Ang), s^2 (1e-3 Ang^2):  7.3565   3.8665
--------------------------------------------------------------
 Path Indices:    1   3   6   3
 PDOS Poles:
     Freq. (THz)    Weight
        0.633       0.005195315
        4.377       0.216354607
        8.169       0.208155465
       13.199       0.000083547
       20.057       0.065371380
       29.634       0.104627361
       32.199       0.199556071
       38.223       0.002606448
       41.687       0.166971767
       43.816       0.005355348
       44.217       0.000170544
       91.352       0.023201227
       92.721       0.002348679
       93.590       0.000000120
       93.669       0.000001919
       94.575       0.000000016

 PDOS Einstein freq (single pole), associated temp and eff. force constant: 
 Freq (THz)   Temp (K)   Eff. FC (N/m)
  29.352      1408.63     516.7085

 pDOS n Moments, associated Einstein freqs, temps and eff. force constants:
  n     Mom (THz^n)   Freq (THz)     Temp (K)    Eff. FC (N/m)
 -2       0.02794       5.98265       287.11      21.4662
 -1       0.10059       9.94149       477.10      59.2749
  0       1.00000     ---------     --------
  1      23.12873      23.12873      1109.97     320.8277
  2     861.54405      29.35207      1408.63     516.7084

 Path Red. Mass (AMU):    9.148699
 Path Length (Ang), s^2 (1e-3 Ang^2):  6.1553   5.6022
--------------------------------------------------------------
 Path Indices:    1   3   6   4
 PDOS Poles:
     Freq. (THz)    Weight
        3.682       0.078973930
        6.833       0.036115551
       10.835       0.004137272
       20.058       0.053963666
       23.407       0.012019113
       31.006       0.081440645
       32.194       0.111205291
       38.165       0.030942692
       41.683       0.041940703
       43.512       0.000569345
       44.197       0.003238436
       91.352       0.004065875
       92.721       0.246877309
       93.590       0.027902262
       93.669       0.020070086
       94.575       0.246537838

 PDOS Einstein freq (single pole), associated temp and eff. force constant: 
 Freq (THz)   Temp (K)   Eff. FC (N/m)
  71.641      3438.12     828.5202

 pDOS n Moments, associated Einstein freqs, temps and eff. force constants:
  n     Mom (THz^n)   Freq (THz)     Temp (K)    Eff. FC (N/m)
 -2       0.00709      11.87553       569.92      22.7659
 -1       0.04413      22.66106      1087.52      82.8970
  0       1.00000     ---------     --------
  1      62.21822      62.21822      2985.91     624.9047
  2    5132.44620      71.64109      3438.12     828.5202

 Path Red. Mass (AMU):    2.462464
 Path Length (Ang), s^2 (1e-3 Ang^2):  6.8007   9.0568
--------------------------------------------------------------
 Path Indices:    1   3   6   5
 PDOS Poles:
     Freq. (THz)    Weight
        3.593       0.077335451
        6.718       0.037487801
       10.706       0.004399567
       20.058       0.054077647
       23.408       0.011889976
       31.003       0.079808520
       32.193       0.112640602
       38.165       0.030988546
       41.683       0.041994418
       43.523       0.000593433
       44.196       0.003282328
       91.352       0.004055131
       92.721       0.247529937
       93.590       0.035047401
       93.669       0.012557243
       94.575       0.246312006

 PDOS Einstein freq (single pole), associated temp and eff. force constant: 
 Freq (THz)   Temp (K)   Eff. FC (N/m)
  71.643      3438.21     828.5244

 pDOS n Moments, associated Einstein freqs, temps and eff. force constants:
  n     Mom (THz^n)   Freq (THz)     Temp (K)    Eff. FC (N/m)
 -2       0.00732      11.68953       560.99      22.0572
 -1       0.04453      22.45753      1077.76      81.4106
  0       1.00000     ---------     --------
  1      62.21726      62.21726      2985.86     624.8540
  2    5132.73064      71.64308      3438.21     828.5243

 Path Red. Mass (AMU):    2.462340
 Path Length (Ang), s^2 (1e-3 Ang^2):  6.8005   9.1393
--------------------------------------------------------------
 Path Indices:    1   3   6   7
 PDOS Poles:
     Freq. (THz)    Weight
        3.631       0.015986517
        7.938       0.071161871
       12.039       0.002185992
       20.079       0.000368120
       23.358       0.032200418
       31.234       0.028498067
       32.247       0.084865011
       37.827       0.023251436
       41.684       0.034230012
       43.828       0.056285210
       44.173       0.002497979
       91.352       0.181990506
       92.721       0.002585248
       93.590       0.317466381
       93.669       0.095793333
       94.575       0.050633774

 PDOS Einstein freq (single pole), associated temp and eff. force constant: 
 Freq (THz)   Temp (K)   Eff. FC (N/m)
  77.198      3704.81     528.2019

 pDOS n Moments, associated Einstein freqs, temps and eff. force constants:
  n     Mom (THz^n)   Freq (THz)     Temp (K)    Eff. FC (N/m)
 -2       0.00267      19.35445       928.84      33.2007
 -1       0.02824      35.41352      1699.53     111.1538
  0       1.00000     ---------     --------
  1      70.25710      70.25710      3371.70     437.4885
  2    5959.55295      77.19814      3704.81     528.2017

 Path Red. Mass (AMU):    1.352002
 Path Length (Ang), s^2 (1e-3 Ang^2):  5.7330  10.5555
--------------------------------------------------------------
 Path Indices:    1   3   6   8
 PDOS Poles:
     Freq. (THz)    Weight
        3.725       0.015989949
        7.950       0.071203954
       12.127       0.002082492
       20.197       0.000394398
       23.359       0.032372359
       31.237       0.028087626
       32.247       0.084808986
       37.826       0.023315570
       41.684       0.034065918
       43.827       0.056591678
       44.160       0.002113432
       91.352       0.181158399
       92.721       0.002414505
       93.590       0.262065626
       93.669       0.151479879
       94.575       0.051855175

 PDOS Einstein freq (single pole), associated temp and eff. force constant: 
 Freq (THz)   Temp (K)   Eff. FC (N/m)
  77.232      3706.41     528.2028

 pDOS n Moments, associated Einstein freqs, temps and eff. force constants:
  n     Mom (THz^n)   Freq (THz)     Temp (K)    Eff. FC (N/m)
 -2       0.00261      19.59112       940.19      33.9883
 -1       0.02810      35.58314      1707.67     112.1244
  0       1.00000     ---------     --------
  1      70.29565      70.29565      3373.55     437.5910
  2    5964.70623      77.23151      3706.41     528.2027

 Path Red. Mass (AMU):    1.350837
 Path Length (Ang), s^2 (1e-3 Ang^2):  5.7330  10.5142
--------------------------------------------------------------
 Path Indices:    1   3   6   9
 PDOS Poles:
     Freq. (THz)    Weight
        1.398       0.000804899
        4.391       0.027781166
        8.175       0.013785113
       13.090       0.001463947
       20.057       0.036719430
       29.634       0.075882720
       32.193       0.000021838
       38.223       0.003985571
       41.687       0.010940873
       43.816       0.007859311
       44.217       0.007329728
       91.352       0.270330768
       92.721       0.031603261
       93.590       0.002914796
       93.669       0.508571977
       94.575       0.000004832

 PDOS Einstein freq (single pole), associated temp and eff. force constant: 
 Freq (THz)   Temp (K)   Eff. FC (N/m)
  84.574      4058.79     511.2543

 pDOS n Moments, associated Einstein freqs, temps and eff. force constants:
  n     Mom (THz^n)   Freq (THz)     Temp (K)    Eff. FC (N/m)
 -2       0.00236      20.60095       988.66      30.3345
 -1       0.02257      44.31606      2126.77     140.3732
  0       1.00000     ---------     --------
  1      80.05400      80.05400      3841.86     458.0661
  2    7152.78342      84.57413      4058.79     511.2544

 Path Red. Mass (AMU):    1.090318
 Path Length (Ang), s^2 (1e-3 Ang^2):  5.7338  10.4601
--------------------------------------------------------------
 Path Indices:    1   3   7   2
 PDOS Poles:
     Freq. (THz)    Weight
        4.406       0.004994428
        7.946       0.089508314
       12.687       0.001444283
       23.340       0.063218164
       29.230       0.010127592
       31.271       0.096085935
       32.371       0.093216568
       37.831       0.069783904
       41.685       0.137236492
       43.825       0.119487515
       44.053       0.004955413
       91.352       0.100034846
       92.721       0.000744367
       93.590       0.135203177
       93.669       0.045599853
       94.575       0.028359051

 PDOS Einstein freq (single pole), associated temp and eff. force constant: 
 Freq (THz)   Temp (K)   Eff. FC (N/m)
  59.139      2838.11     251.2382

 pDOS n Moments, associated Einstein freqs, temps and eff. force constants:
  n     Mom (THz^n)   Freq (THz)     Temp (K)    Eff. FC (N/m)
 -2       0.00223      21.18947      1016.90      32.2541
 -1       0.03283      30.46105      1461.85      66.6553
  0       1.00000     ---------     --------
  1      51.17530      51.17530      2455.95     188.1332
  2    3497.36343      59.13851      2838.11     251.2381

 Path Red. Mass (AMU):    1.095812
 Path Length (Ang), s^2 (1e-3 Ang^2):  8.1976  15.1406
--------------------------------------------------------------
 Path Indices:    1   3   7   3
 PDOS Poles:
     Freq. (THz)    Weight
        4.008       0.017404731
        8.018       0.027317990
       12.257       0.000663981
       23.329       0.060393785
       26.098       0.000926702
       31.020       0.066949656
       32.237       0.082169987
       37.791       0.070226360
       41.685       0.087190984
       43.825       0.050256921
       44.212       0.022649533
       91.352       0.168138605
       92.721       0.001596909
       93.590       0.228247448
       93.669       0.071427262
       94.575       0.044439066

 PDOS Einstein freq (single pole), associated temp and eff. force constant: 
 Freq (THz)   Temp (K)   Eff. FC (N/m)
  70.840      3399.68     317.4747

 pDOS n Moments, associated Einstein freqs, temps and eff. force constants:
  n     Mom (THz^n)   Freq (THz)     Temp (K)    Eff. FC (N/m)
 -2       0.00197      22.52741      1081.11      32.1050
 -1       0.02627      38.06121      1826.59      91.6464
  0       1.00000     ---------     --------
  1      63.71090      63.71090      3057.54     256.7897
  2    5018.32742      70.84015      3399.68     317.4747

 Path Red. Mass (AMU):    0.965031
 Path Length (Ang), s^2 (1e-3 Ang^2):  7.4545  13.7594
--------------------------------------------------------------
 Path Indices:    1   3   7   4
 PDOS Poles:
     Freq. (THz)    Weight
        3.810       0.023936734
        7.604       0.011412670
       14.971       0.000365646
       20.646       0.009147617
       23.664       0.017237192
       30.736       0.109309306
       32.061       0.108824945
       37.935       0.019058208
       41.681       0.040390343
       43.815       0.026200902
       44.197       0.009845459
       91.352       0.147349716
       92.721       0.127017026
       93.590       0.311625795
       93.669       0.028151606
       94.575       0.010126679

 PDOS Einstein freq (single pole), associated temp and eff. force constant: 
 Freq (THz)   Temp (K)   Eff. FC (N/m)
  76.064      3650.36     267.8709

 pDOS n Moments, associated Einstein freqs, temps and eff. force constants:
  n     Mom (THz^n)   Freq (THz)     Temp (K)    Eff. FC (N/m)
 -2       0.00225      21.08477      1011.88      20.5830
 -1       0.02494      40.09214      1924.06      74.4201
  0       1.00000     ---------     --------
  1      69.61609      69.61609      3340.94     224.3836
  2    5785.67013      76.06359      3650.36     267.8708

 Path Red. Mass (AMU):    0.706257
 Path Length (Ang), s^2 (1e-3 Ang^2):  8.3618  17.8485
--------------------------------------------------------------
 Path Indices:    1   3   7   5
 PDOS Poles:
     Freq. (THz)    Weight
        3.624       0.026863906
        7.443       0.017738791
       13.569       0.000418622
       20.500       0.009752300
       23.378       0.157006630
       30.234       0.013207726
       32.240       0.097173818
       37.801       0.103845091
       41.682       0.076098311
       43.815       0.084324725
       44.204       0.020856722
       91.352       0.096593734
       92.721       0.061597319
       93.590       0.072307241
       93.669       0.025361239
       94.575       0.136853804

 PDOS Einstein freq (single pole), associated temp and eff. force constant: 
 Freq (THz)   Temp (K)   Eff. FC (N/m)
  64.056      3074.12     212.6568

 pDOS n Moments, associated Einstein freqs, temps and eff. force constants:
  n     Mom (THz^n)   Freq (THz)     Temp (K)    Eff. FC (N/m)
 -2       0.00300      18.24856       875.76      17.2588
 -1       0.03165      31.59406      1516.23      51.7327
  0       1.00000     ---------     --------
  1      55.97275      55.97275      2686.18     162.3707
  2    4103.22061      64.05639      3074.12     212.6568

 Path Red. Mass (AMU):    0.790580
 Path Length (Ang), s^2 (1e-3 Ang^2):  7.8002  20.2336
--------------------------------------------------------------
 Path Indices:    1   3   7   6
 PDOS Poles:
     Freq. (THz)    Weight
        4.198       0.017752904
        8.108       0.033273772
       12.441       0.000278496
       20.173       0.004545334
       23.395       0.013640306
       30.982       0.019000000
       32.207       0.041969387
       37.793       0.020687429
       41.680       0.008855212
       43.825       0.015406116
       44.213       0.009251112
       91.352       0.235188857
       92.721       0.003473499
       93.590       0.379979252
       93.669       0.125978604
       94.575       0.070719591

 PDOS Einstein freq (single pole), associated temp and eff. force constant: 
 Freq (THz)   Temp (K)   Eff. FC (N/m)
  84.999      4079.20     506.2209

 pDOS n Moments, associated Einstein freqs, temps and eff. force constants:
  n     Mom (THz^n)   Freq (THz)     Temp (K)    Eff. FC (N/m)
 -2       0.00174      23.98553      1151.09      40.3094
 -1       0.02117      47.24727      2267.44     156.4087
  0       1.00000     ---------     --------
  1      80.79183      80.79183      3877.27     457.3434
  2    7224.90970      84.99947      4079.20     506.2208

 Path Red. Mass (AMU):    1.068806
 Path Length (Ang), s^2 (1e-3 Ang^2):  6.3826  10.0080
--------------------------------------------------------------
 Path Indices:    1   3   7   8
 PDOS Poles:
     Freq. (THz)    Weight
        3.707       0.008663085
        7.958       0.043399244
       12.292       0.002026085
       18.265       0.000217021
       23.241       0.001346669
       29.633       0.014595186
       32.199       0.104507537
       38.220       0.018451546
       41.687       0.037995056
       43.822       0.021370464
       44.217       0.040795264
       91.352       0.446450504
       92.721       0.006292532
       93.590       0.016333106
       93.669       0.234663837
       94.575       0.002892968

 PDOS Einstein freq (single pole), associated temp and eff. force constant: 
 Freq (THz)   Temp (K)   Eff. FC (N/m)
  79.665      3823.21     316.2029

 pDOS n Moments, associated Einstein freqs, temps and eff. force constants:
  n     Mom (THz^n)   Freq (THz)     Temp (K)    Eff. FC (N/m)
 -2       0.00160      25.00354      1199.94      31.1479
 -1       0.02223      44.97664      2158.47     100.7859
  0       1.00000     ---------     --------
  1      74.41516      74.41516      3571.25     275.8981
  2    6346.58466      79.66545      3823.21     316.2030

 Path Red. Mass (AMU):    0.760006
 Path Length (Ang), s^2 (1e-3 Ang^2):  7.0618  14.7850
--------------------------------------------------------------
 Path Indices:    1   3   7   9
 PDOS Poles:
     Freq. (THz)    Weight
        4.242       0.017511058
        8.078       0.010529634
       13.756       0.000624335
       20.141       0.018774064
       23.491       0.012625425
       29.814       0.031756945
       31.344       0.017382571
       37.780       0.029610721
       41.678       0.007848452
       43.825       0.032332390
       44.214       0.014493003
       91.352       0.554658945
       92.721       0.005606186
       93.590       0.148775881
       93.669       0.062956892
       94.575       0.034513451

 PDOS Einstein freq (single pole), associated temp and eff. force constant: 
 Freq (THz)   Temp (K)   Eff. FC (N/m)
  83.955      4029.09     322.5736

 pDOS n Moments, associated Einstein freqs, temps and eff. force constants:
  n     Mom (THz^n)   Freq (THz)     Temp (K)    Eff. FC (N/m)
 -2       0.00141      26.67624      1280.22      32.5673
 -1       0.01936      51.64442      2478.46     122.0619
  0       1.00000     ---------     --------
  1      80.11197      80.11197      3844.64     293.7163
  2    7048.48135      83.95523      4029.09     322.5736

 Path Red. Mass (AMU):    0.698111
 Path Length (Ang), s^2 (1e-3 Ang^2):  7.0602  14.0177
--------------------------------------------------------------
 Path Indices:    1   3   8   2
 PDOS Poles:
     Freq. (THz)    Weight
        4.383       0.004903913
        7.948       0.089529669
       12.707       0.001476012
       23.339       0.063513896
       29.080       0.008317530
       31.197       0.089810458
       32.338       0.100433612
       37.830       0.069885866
       41.685       0.136655485
       43.819       0.111187333
       43.946       0.013148861
       91.352       0.099947868
       92.721       0.000688018
       93.590       0.110845647
       93.669       0.070573861
       94.575       0.029081933

 PDOS Einstein freq (single pole), associated temp and eff. force constant: 
 Freq (THz)   Temp (K)   Eff. FC (N/m)
  59.217      2841.87     251.8314

 pDOS n Moments, associated Einstein freqs, temps and eff. force constants:
  n     Mom (THz^n)   Freq (THz)     Temp (K)    Eff. FC (N/m)
 -2       0.00222      21.20111      1017.46      32.2803
 -1       0.03280      30.48681      1463.09      66.7489
  0       1.00000     ---------     --------
  1      51.24501      51.24501      2459.29     188.5920
  2    3506.62850      59.21679      2841.87     251.8314

 Path Red. Mass (AMU):    1.095497
 Path Length (Ang), s^2 (1e-3 Ang^2):  8.2007  15.1322
--------------------------------------------------------------
 Path Indices:    1   3   8   3
 PDOS Poles:
     Freq. (THz)    Weight
        4.064       0.017564945
        8.041       0.027232224
       12.430       0.000587295
       23.328       0.060747391
       26.046       0.000931324
       31.024       0.066507645
       32.237       0.082135646
       37.790       0.070382254
       41.685       0.087081612
       43.823       0.051635190
       44.212       0.021323489
       91.352       0.167313463
       92.721       0.001480833
       93.590       0.187738359
       93.669       0.111909255
       94.575       0.045429032

 PDOS Einstein freq (single pole), associated temp and eff. force constant: 
 Freq (THz)   Temp (K)   Eff. FC (N/m)
  70.848      3400.07     317.5745

 pDOS n Moments, associated Einstein freqs, temps and eff. force constants:
  n     Mom (THz^n)   Freq (THz)     Temp (K)    Eff. FC (N/m)
 -2       0.00195      22.66759      1087.84      32.5085
 -1       0.02623      38.12753      1829.77      91.9737
  0       1.00000     ---------     --------
  1      63.71647      63.71647      3057.81     256.8559
  2    5019.48775      70.84834      3400.07     317.5744

 Path Red. Mass (AMU):    0.965111
 Path Length (Ang), s^2 (1e-3 Ang^2):  7.4547  13.7344
--------------------------------------------------------------
 Path Indices:    1   3   8   4
 PDOS Poles:
     Freq. (THz)    Weight
        3.699       0.027192842
        7.485       0.017411665
       13.883       0.000394348
       20.514       0.009801167
       23.378       0.157935432
       30.249       0.013007690
       32.241       0.096504953
       37.801       0.104034419
       41.682       0.076305035
       43.811       0.085245156
       44.204       0.019981584
       91.352       0.095999527
       92.721       0.060775869
       93.590       0.059167008
       93.669       0.038197015
       94.575       0.138046274

 PDOS Einstein freq (single pole), associated temp and eff. force constant: 
 Freq (THz)   Temp (K)   Eff. FC (N/m)
  64.029      3072.82     212.6340

 pDOS n Moments, associated Einstein freqs, temps and eff. force constants:
  n     Mom (THz^n)   Freq (THz)     Temp (K)    Eff. FC (N/m)
 -2       0.00294      18.45570       885.71      17.6660
 -1       0.03155      31.69666      1521.15      52.1079
  0       1.00000     ---------     --------
  1      55.94166      55.94166      2684.69     162.3108
  2    4099.73721      64.02919      3072.82     212.6340

 Path Red. Mass (AMU):    0.791167
 Path Length (Ang), s^2 (1e-3 Ang^2):  7.7990  20.1532
--------------------------------------------------------------
 Path Indices:    1   3   8   5
 PDOS Poles:
     Freq. (THz)    Weight
        3.738       0.023730088
        7.543       0.011613627
       14.549       0.000362587
       20.610       0.009115340
       23.646       0.017667778
       30.741       0.108586601
       32.064       0.108838336
       37.936       0.019240512
       41.681       0.040273930
       43.812       0.026766726
       44.195       0.009312044
       91.352       0.146683592
       92.721       0.126352185
       93.590       0.279189688
       93.669       0.062615614
       94.575       0.009651233

 PDOS Einstein freq (single pole), associated temp and eff. force constant: 
 Freq (THz)   Temp (K)   Eff. FC (N/m)
  76.079      3651.12     268.0572

 pDOS n Moments, associated Einstein freqs, temps and eff. force constants:
  n     Mom (THz^n)   Freq (THz)     Temp (K)    Eff. FC (N/m)
 -2       0.00231      20.82800       999.55      20.0904
 -1       0.02505      39.92741      1916.15      73.8304
  0       1.00000     ---------     --------
  1      69.63048      69.63048      3341.63     224.5389
  2    5788.08008      76.07943      3651.12     268.0571

 Path Red. Mass (AMU):    0.706454
 Path Length (Ang), s^2 (1e-3 Ang^2):  8.3619  17.9172
--------------------------------------------------------------
 Path Indices:    1   3   8   6
 PDOS Poles:
     Freq. (THz)    Weight
        4.200       0.017762461
        8.109       0.033268087
       12.457       0.000274095
       20.173       0.004562637
       23.395       0.013752902
       30.971       0.018586867
       32.204       0.042255425
       37.792       0.020757498
       41.680       0.008839651
       43.823       0.015886507
       44.212       0.008770529
       91.352       0.233924066
       92.721       0.003253680
       93.590       0.310696543
       93.669       0.195078429
       94.575       0.072330565

 PDOS Einstein freq (single pole), associated temp and eff. force constant: 
 Freq (THz)   Temp (K)   Eff. FC (N/m)
  85.008      4079.59     506.3558

 pDOS n Moments, associated Einstein freqs, temps and eff. force constants:
  n     Mom (THz^n)   Freq (THz)     Temp (K)    Eff. FC (N/m)
 -2       0.00174      23.98997      1151.30      40.3273
 -1       0.02117      47.24754      2267.45     156.4222
  0       1.00000     ---------     --------
  1      80.79745      80.79745      3877.54     457.4411
  2    7226.29723      85.00763      4079.59     506.3557

 Path Red. Mass (AMU):    1.068885
 Path Length (Ang), s^2 (1e-3 Ang^2):  6.3827  10.0072
--------------------------------------------------------------
 Path Indices:    1   3   8   7
 PDOS Poles:
     Freq. (THz)    Weight
        3.612       0.008667316
        7.946       0.043395725
       12.233       0.002075212
       18.233       0.000226125
       23.233       0.001299619
       29.633       0.014566978
       32.199       0.104636614
       38.219       0.018435214
       41.687       0.038097241
       43.818       0.021985050
       44.217       0.040077367
       91.352       0.446034148
       92.721       0.006243334
       93.590       0.003092098
       93.669       0.247833717
       94.575       0.003334357

 PDOS Einstein freq (single pole), associated temp and eff. force constant: 
 Freq (THz)   Temp (K)   Eff. FC (N/m)
  79.663      3823.10     316.3832

 pDOS n Moments, associated Einstein freqs, temps and eff. force constants:
  n     Mom (THz^n)   Freq (THz)     Temp (K)    Eff. FC (N/m)
 -2       0.00164      24.72558      1186.60      30.4784
 -1       0.02231      44.82585      2151.23     100.1743
  0       1.00000     ---------     --------
  1      74.40895      74.40895      3570.95     276.0258
  2    6346.20590      79.66308      3823.10     316.3833

 Path Red. Mass (AMU):    0.760485
 Path Length (Ang), s^2 (1e-3 Ang^2):  7.0619  14.8254
--------------------------------------------------------------
 Path Indices:    1   3   8   9
 PDOS Poles:
     Freq. (THz)    Weight
        4.243       0.017521696
        8.081       0.010530192
       13.789       0.000626200
       20.144       0.018832218
       23.496       0.012546003
       29.815       0.032058380
       31.352       0.017057502
       37.781       0.029485514
       41.677       0.007853492
       43.827       0.031283885
       44.214       0.015408366
       91.352       0.553488574
       92.721       0.005803135
       93.590       0.176684587
       93.669       0.036625066
       94.575       0.034195120

 PDOS Einstein freq (single pole), associated temp and eff. force constant: 
 Freq (THz)   Temp (K)   Eff. FC (N/m)
  83.968      4029.67     322.7595

 pDOS n Moments, associated Einstein freqs, temps and eff. force constants:
  n     Mom (THz^n)   Freq (THz)     Temp (K)    Eff. FC (N/m)
 -2       0.00141      26.67760      1280.28      32.5799
 -1       0.01936      51.65362      2478.90     122.1400
  0       1.00000     ---------     --------
  1      80.12733      80.12733      3845.38     293.9124
  2    7050.54121      83.96750      4029.67     322.7594

 Path Red. Mass (AMU):    0.698309
 Path Length (Ang), s^2 (1e-3 Ang^2):  7.0605  14.0112
--------------------------------------------------------------
 Path Indices:    1   3   9   2
 PDOS Poles:
     Freq. (THz)    Weight
        3.424       0.001953403
        4.938       0.003244885
        8.182       0.022381213
       13.089       0.005565406
       20.057       0.053498863
       29.634       0.135048244
       32.199       0.022105558
       38.223       0.020206661
       41.687       0.058846039
       43.816       0.009553231
       44.217       0.016112207
       91.352       0.242222059
       92.721       0.020026980
       93.590       0.002225961
       93.669       0.387005727
       94.575       0.000003751

 PDOS Einstein freq (single pole), associated temp and eff. force constant: 
 Freq (THz)   Temp (K)   Eff. FC (N/m)
  77.174      3703.66     397.2198

 pDOS n Moments, associated Einstein freqs, temps and eff. force constants:
  n     Mom (THz^n)   Freq (THz)     Temp (K)    Eff. FC (N/m)
 -2       0.00111      29.99926      1439.69      60.0216
 -1       0.02184      45.77760      2196.91     139.7632
  0       1.00000     ---------     --------
  1      70.86556      70.86556      3400.90     334.9323
  2    5955.85765      77.17420      3703.66     397.2198

 Path Red. Mass (AMU):    1.017368
 Path Length (Ang), s^2 (1e-3 Ang^2):  8.9701  10.8516
--------------------------------------------------------------
 Path Indices:    1   3   9   3
 PDOS Poles:
     Freq. (THz)    Weight
        2.306       0.001369063
        4.432       0.025370171
        8.199       0.008418733
       13.090       0.003783765
       20.057       0.055876343
       29.634       0.195008832
       32.199       0.033764857
       38.223       0.024928777
       41.687       0.103323423
       43.816       0.015681886
       44.217       0.028862593
       91.352       0.186036368
       92.721       0.015422980
       93.590       0.001729071
       93.669       0.300420332
       94.575       0.000002919

 PDOS Einstein freq (single pole), associated temp and eff. force constant: 
 Freq (THz)   Temp (K)   Eff. FC (N/m)
  69.779      3348.75     316.8435

 pDOS n Moments, associated Einstein freqs, temps and eff. force constants:
  n     Mom (THz^n)   Freq (THz)     Temp (K)    Eff. FC (N/m)
 -2       0.00225      21.09342      1012.29      28.9528
 -1       0.02762      36.20801      1737.65      85.3111
  0       1.00000     ---------     --------
  1      62.17145      62.17145      2983.66     251.5233
  2    4869.10104      69.77894      3348.75     316.8436

 Path Red. Mass (AMU):    0.992630
 Path Length (Ang), s^2 (1e-3 Ang^2):  7.4146  14.0615
--------------------------------------------------------------
 Path Indices:    1   3   9   4
 PDOS Poles:
     Freq. (THz)    Weight
        3.788       0.030188613
        6.989       0.022356047
       12.937       0.006140185
       20.058       0.075400911
       23.536       0.002081730
       29.639       0.180932771
       32.214       0.023126886
       38.203       0.036440088
       41.687       0.114323588
       43.817       0.034862516
       44.216       0.030325027
       91.352       0.120391153
       92.721       0.021378844
       93.590       0.002891135
       93.669       0.248502000
       94.575       0.050658632

 PDOS Einstein freq (single pole), associated temp and eff. force constant: 
 Freq (THz)   Temp (K)   Eff. FC (N/m)
  66.651      3198.62     262.6541

 pDOS n Moments, associated Einstein freqs, temps and eff. force constants:
  n     Mom (THz^n)   Freq (THz)     Temp (K)    Eff. FC (N/m)
 -2       0.00319      17.69687       849.29      18.5170
 -1       0.03226      30.99978      1487.71      56.8190
  0       1.00000     ---------     --------
  1      58.36414      58.36414      2800.95     201.4043
  2    4442.30016      66.65058      3198.62     262.6542

 Path Red. Mass (AMU):    0.901919
 Path Length (Ang), s^2 (1e-3 Ang^2):  7.7669  18.0758
--------------------------------------------------------------
 Path Indices:    1   3   9   5
 PDOS Poles:
     Freq. (THz)    Weight
        3.712       0.029831008
        6.933       0.022522615
       12.926       0.006202681
       20.058       0.075477242
       23.526       0.002198315
       29.639       0.181450381
       32.215       0.023013937
       38.202       0.036483446
       41.687       0.114561422
       43.821       0.033808287
       44.216       0.031421409
       91.352       0.120203319
       92.721       0.021376840
       93.590       0.016543419
       93.669       0.233242880
       94.575       0.051662907

 PDOS Einstein freq (single pole), associated temp and eff. force constant: 
 Freq (THz)   Temp (K)   Eff. FC (N/m)
  66.606      3196.50     262.4640

 pDOS n Moments, associated Einstein freqs, temps and eff. force constants:
  n     Mom (THz^n)   Freq (THz)     Temp (K)    Eff. FC (N/m)
 -2       0.00327      17.49528       839.61      18.1084
 -1       0.03240      30.86111      1481.05      56.3457
  0       1.00000     ---------     --------
  1      58.31712      58.31712      2798.69     201.2009
  2    4436.41292      66.60640      3196.50     262.4641

 Path Red. Mass (AMU):    0.902462
 Path Length (Ang), s^2 (1e-3 Ang^2):  7.7647  18.1461
--------------------------------------------------------------
 Path Indices:    1   3   9   6
 PDOS Poles:
     Freq. (THz)    Weight
        1.054       0.000572331
        4.384       0.019496984
        8.170       0.024537226
       13.090       0.000592104
       20.057       0.021824191
       29.634       0.090780186
       32.199       0.002320857
       38.223       0.008415553
       41.687       0.012188645
       43.816       0.005626473
       44.217       0.008527273
       91.352       0.276049970
       92.721       0.025925396
       93.590       0.002869655
       93.669       0.500268422
       94.575       0.000004965

 PDOS Einstein freq (single pole), associated temp and eff. force constant: 
 Freq (THz)   Temp (K)   Eff. FC (N/m)
  84.232      4042.36     518.7285

 pDOS n Moments, associated Einstein freqs, temps and eff. force constants:
  n     Mom (THz^n)   Freq (THz)     Temp (K)    Eff. FC (N/m)
 -2       0.00217      21.44971      1029.39      33.6379
 -1       0.02177      45.93754      2204.58     154.2844
  0       1.00000     ---------     --------
  1      79.70054      79.70054      3824.90     464.4178
  2    7095.02290      84.23196      4042.37     518.7286

 Path Red. Mass (AMU):    1.115264
 Path Length (Ang), s^2 (1e-3 Ang^2):  6.3634   9.8677
--------------------------------------------------------------
 Path Indices:    1   3   9   7
 PDOS Poles:
     Freq. (THz)    Weight
        3.725       0.010688566
        7.944       0.039226802
       13.679       0.000291580
       20.657       0.005433160
       23.485       0.025841526
       29.904       0.040375410
       31.599       0.017682687
       37.801       0.033548051
       41.682       0.027294560
       43.810       0.013208913
       44.199       0.006486414
       91.352       0.532981782
       92.721       0.006205750
       93.590       0.105516514
       93.669       0.113655406
       94.575       0.021562879

 PDOS Einstein freq (single pole), associated temp and eff. force constant: 
 Freq (THz)   Temp (K)   Eff. FC (N/m)
  82.595      3963.79     383.1469

 pDOS n Moments, associated Einstein freqs, temps and eff. force constants:
  n     Mom (THz^n)   Freq (THz)     Temp (K)    Eff. FC (N/m)
 -2       0.00166      24.56348      1178.82      33.8877
 -1       0.02156      46.37673      2225.66     120.7986
  0       1.00000     ---------     --------
  1      77.93685      77.93685      3740.26     341.1517
  2    6821.87115      82.59462      3963.79     383.1469

 Path Red. Mass (AMU):    0.856748
 Path Length (Ang), s^2 (1e-3 Ang^2):  7.0403  12.7195
--------------------------------------------------------------
 Path Indices:    1   3   9   8
 PDOS Poles:
     Freq. (THz)    Weight
        3.815       0.010707904
        7.956       0.039276385
       14.114       0.000274031
       20.685       0.005561321
       23.491       0.025725612
       29.905       0.040570407
       31.609       0.017333669
       37.802       0.033392244
       41.682       0.027219782
       43.812       0.012813055
       44.200       0.006833152
       91.352       0.532143603
       92.721       0.006373999
       93.590       0.139328524
       93.669       0.081315522
       94.575       0.021130754

 PDOS Einstein freq (single pole), associated temp and eff. force constant: 
 Freq (THz)   Temp (K)   Eff. FC (N/m)
  82.609      3964.49     383.1358

 pDOS n Moments, associated Einstein freqs, temps and eff. force constants:
  n     Mom (THz^n)   Freq (THz)     Temp (K)    Eff. FC (N/m)
 -2       0.00162      24.83710      1191.95      34.6335
 -1       0.02149      46.53460      2233.24     121.5756
  0       1.00000     ---------     --------
  1      77.95626      77.95626      3741.19     341.1901
  2    6824.30277      82.60934      3964.49     383.1358

 Path Red. Mass (AMU):    0.856418
 Path Length (Ang), s^2 (1e-3 Ang^2):  7.0404  12.6813
--------------------------------------------------------------
 Path Indices:    1   4   1   2
 PDOS Poles:
     Freq. (THz)    Weight
        2.964       0.035108077
        7.227       0.018242863
       13.098       0.027418717
       21.187       0.009322249
       24.273       0.011502204
       29.978       0.146409916
       31.297       0.137172352
       37.880       0.388832818
       38.378       0.152295876
       43.784       0.016719233
       43.987       0.004186609
       91.352       0.000002423
       92.721       0.026347187
       93.590       0.003610868
       93.669       0.001569607
       94.575       0.021258983

 PDOS Einstein freq (single pole), associated temp and eff. force constant: 
 Freq (THz)   Temp (K)   Eff. FC (N/m)
  39.590      1899.94      97.9765

 pDOS n Moments, associated Einstein freqs, temps and eff. force constants:
  n     Mom (THz^n)   Freq (THz)     Temp (K)    Eff. FC (N/m)
 -2       0.00524      13.81350       662.92      11.9279
 -1       0.04192      23.85555      1144.85      35.5743
  0       1.00000     ---------     --------
  1      36.18259      36.18259      1736.43      81.8383
  2    1567.34404      39.58970      1899.94      97.9765

 Path Red. Mass (AMU):    0.953561
 Path Length (Ang), s^2 (1e-3 Ang^2):  8.6044  22.2171
--------------------------------------------------------------
 Path Indices:    1   4   1   3
 PDOS Poles:
     Freq. (THz)    Weight
        3.068       0.051904075
        5.144       0.056260695
        8.454       0.015112570
       20.080       0.039389967
       23.467       0.013798592
       29.702       0.188653956
       31.195       0.165741916
       37.746       0.218789207
       38.215       0.185024265
       43.818       0.010575755
       44.210       0.000530859
       91.352       0.000006217
       92.721       0.028941934
       93.590       0.003420411
       93.669       0.001617469
       94.575       0.020232101

 PDOS Einstein freq (single pole), associated temp and eff. force constant: 
 Freq (THz)   Temp (K)   Eff. FC (N/m)
  37.835      1815.75      84.9200

 pDOS n Moments, associated Einstein freqs, temps and eff. force constants:
  n     Mom (THz^n)   Freq (THz)     Temp (K)    Eff. FC (N/m)
 -2       0.00865      10.75030       515.92       6.8558
 -1       0.05533      18.07298       867.34      19.3765
  0       1.00000     ---------     --------
  1      33.34989      33.34989      1600.49      65.9789
  2    1431.50744      37.83527      1815.75      84.9200

 Path Red. Mass (AMU):    0.904914
 Path Length (Ang), s^2 (1e-3 Ang^2):  9.5648  30.9021
--------------------------------------------------------------
 Path Indices:    1   4   1   4
 PDOS Poles:
     Freq. (THz)    Weight
        3.081       0.045470246
        6.390       0.018682527
       14.098       0.000649893
       20.846       0.011255478
       24.148       0.012335489
       29.962       0.141817060
       31.270       0.144227603
       37.875       0.389533333
       38.369       0.160544924
       43.788       0.017651808
       43.996       0.003820023
       91.352       0.000002667
       92.721       0.026999024
       93.590       0.003689517
       93.669       0.001601165
       94.575       0.021719247

 PDOS Einstein freq (single pole), associated temp and eff. force constant: 
 Freq (THz)   Temp (K)   Eff. FC (N/m)
  39.886      1914.16      51.7618

 pDOS n Moments, associated Einstein freqs, temps and eff. force constants:
  n     Mom (THz^n)   Freq (THz)     Temp (K)    Eff. FC (N/m)
 -2       0.00600      12.90906       619.52       5.4220
 -1       0.04366      22.90437      1099.20      17.0689
  0       1.00000     ---------     --------
  1      36.46769      36.46769      1750.12      43.2699
  2    1590.89089      39.88597      1914.16      51.7618

 Path Red. Mass (AMU):    0.496318
 Path Length (Ang), s^2 (1e-3 Ang^2):  9.6577  44.4576
--------------------------------------------------------------
 Path Indices:    1   4   1   5
 PDOS Poles:
     Freq. (THz)    Weight
        2.275       0.002623319
        4.419       0.061898507
        8.280       0.004019571
       13.818       0.000038682
       20.058       0.015134269
       29.634       0.192751468
       32.199       0.002686971
       38.223       0.621829940
       41.687       0.000320621
       43.816       0.040371113
       44.217       0.001083720
       91.352       0.000005437
       92.721       0.054769623
       93.590       0.000016258
       93.669       0.002450460
       94.575      -0.000000000

 PDOS Einstein freq (single pole), associated temp and eff. force constant: 
 Freq (THz)   Temp (K)   Eff. FC (N/m)
  40.754      1955.81      54.1009

 pDOS n Moments, associated Einstein freqs, temps and eff. force constants:
  n     Mom (THz^n)   Freq (THz)     Temp (K)    Eff. FC (N/m)
 -2       0.00445      14.99160       719.46       7.3209
 -1       0.04083      24.49129      1175.36      19.5385
  0       1.00000     ---------     --------
  1      37.32354      37.32354      1791.19      45.3768
  2    1660.87275      40.75381      1955.81      54.1009

 Path Red. Mass (AMU):    0.496889
 Path Length (Ang), s^2 (1e-3 Ang^2):  9.6580  41.5292
--------------------------------------------------------------
 Path Indices:    1   4   1   6
 PDOS Poles:
     Freq. (THz)    Weight
        3.547       0.067006555
        7.817       0.056534178
       14.266       0.002760148
       20.882       0.021172311
       25.241       0.010103033
       30.916       0.208208956
       33.999       0.011194555
       38.027       0.527405501
       41.126       0.015065340
       42.423       0.007072009
       43.863       0.020681774
       91.352       0.001899167
       92.721       0.026808559
       93.590       0.003677352
       93.669       0.000174427
       94.575       0.020236134

 PDOS Einstein freq (single pole), associated temp and eff. force constant: 
 Freq (THz)   Temp (K)   Eff. FC (N/m)
  39.169      1879.76      91.0700

 pDOS n Moments, associated Einstein freqs, temps and eff. force constants:
  n     Mom (THz^n)   Freq (THz)     Temp (K)    Eff. FC (N/m)
 -2       0.00695      11.99557       575.68       8.5414
 -1       0.05023      19.90805       955.40      23.5258
  0       1.00000     ---------     --------
  1      35.04999      35.04999      1682.08      72.9227
  2    1534.22074      39.16913      1879.76      91.0700

 Path Red. Mass (AMU):    0.905479
 Path Length (Ang), s^2 (1e-3 Ang^2): 10.9456  28.0361
--------------------------------------------------------------
 Path Indices:    1   4   1   7
 PDOS Poles:
     Freq. (THz)    Weight
        4.063       0.022699712
        7.959       0.058898905
       12.999       0.005748318
       23.338       0.095468951
       29.547       0.080976949
       31.207       0.293497533
       32.891       0.029454918
       38.132       0.146398644
       41.678       0.091996981
       43.801       0.064812515
       44.037       0.011745609
       91.352       0.022794876
       92.721       0.019379125
       93.590       0.049788124
       93.669       0.005304480
       94.575       0.001034303

 PDOS Einstein freq (single pole), associated temp and eff. force constant: 
 Freq (THz)   Temp (K)   Eff. FC (N/m)
  42.591      2043.98      59.1194

 pDOS n Moments, associated Einstein freqs, temps and eff. force constants:
  n     Mom (THz^n)   Freq (THz)     Temp (K)    Eff. FC (N/m)
 -2       0.00314      17.84455       856.38      10.3778
 -1       0.03941      25.37280      1217.66      20.9813
  0       1.00000     ---------     --------
  1      37.29080      37.29080      1789.62      45.3210
  2    1813.98725      42.59093      2043.98      59.1194

 Path Red. Mass (AMU):    0.497150
 Path Length (Ang), s^2 (1e-3 Ang^2): 11.2660  40.0654
--------------------------------------------------------------
 Path Indices:    1   4   1   8
 PDOS Poles:
     Freq. (THz)    Weight
        2.717       0.037530416
        7.708       0.077534991
       12.729       0.006609812
       23.272       0.017914611
       29.488       0.075073502
       31.779       0.096351401
       34.716       0.009899120
       37.907       0.389480196
       41.658       0.091644922
       43.522       0.011595194
       43.867       0.088182718
       91.352       0.022831147
       92.721       0.019240342
       93.590       0.014488960
       93.669       0.009714600
       94.575       0.031908077

 PDOS Einstein freq (single pole), associated temp and eff. force constant: 
 Freq (THz)   Temp (K)   Eff. FC (N/m)
  44.204      2121.39      63.6337

 pDOS n Moments, associated Einstein freqs, temps and eff. force constants:
  n     Mom (THz^n)   Freq (THz)     Temp (K)    Eff. FC (N/m)
 -2       0.00704      11.91668       571.89       4.6246
 -1       0.04683      21.35302      1024.75      14.8484
  0       1.00000     ---------     --------
  1      38.92794      38.92794      1868.19      49.3497
  2    1954.00315      44.20411      2121.39      63.6337

 Path Red. Mass (AMU):    0.496767
 Path Length (Ang), s^2 (1e-3 Ang^2): 11.2675  47.6445
--------------------------------------------------------------
 Path Indices:    1   4   1   9
 PDOS Poles:
     Freq. (THz)    Weight
        3.700       0.049960865
        7.099       0.015105590
       15.511       0.001518159
       20.231       0.054485547
       24.942       0.005553016
       31.048       0.112185405
       34.951       0.006075774
       38.083       0.374566607
       41.630       0.047626710
       43.700       0.026580315
       44.122       0.021104243
       91.352       0.096200249
       92.721       0.000796330
       93.590       0.000180833
       93.669       0.177315842
       94.575       0.010744601

 PDOS Einstein freq (single pole), associated temp and eff. force constant: 
 Freq (THz)   Temp (K)   Eff. FC (N/m)
  57.653      2766.81     108.1950

 pDOS n Moments, associated Einstein freqs, temps and eff. force constants:
  n     Mom (THz^n)   Freq (THz)     Temp (K)    Eff. FC (N/m)
 -2       0.00456      14.80583       710.54       7.1356
 -1       0.03757      26.61926      1277.48      23.0652
  0       1.00000     ---------     --------
  1      50.09601      50.09601      2404.15      81.6906
  2    3323.84949      57.65284      2766.81     108.1950

 Path Red. Mass (AMU):    0.496543
 Path Length (Ang), s^2 (1e-3 Ang^2): 11.7088  38.2359
--------------------------------------------------------------
 Path Indices:    1   4   2   3
 PDOS Poles:
     Freq. (THz)    Weight
        3.745       0.031358277
        7.304       0.016428323
       10.825       0.001205888
       20.063       0.136218703
       27.125       0.002209414
       29.775       0.162719697
       31.151       0.178713896
       37.839       0.189763345
       38.331       0.086081573
       43.536       0.000222126
       44.186       0.001022162
       91.352       0.000019391
       92.721       0.091420990
       93.590       0.013748797
       93.669       0.005379150
       94.575       0.083488271

 PDOS Einstein freq (single pole), associated temp and eff. force constant: 
 Freq (THz)   Temp (K)   Eff. FC (N/m)
  49.766      2388.33     165.6837

 pDOS n Moments, associated Einstein freqs, temps and eff. force constants:
  n     Mom (THz^n)   Freq (THz)     Temp (K)    Eff. FC (N/m)
 -2       0.00348      16.95805       813.83      19.2380
 -1       0.03817      26.19883      1257.30      45.9168
  0       1.00000     ---------     --------
  1      42.15524      42.15524      2023.07     118.8806
  2    2476.69073      49.76636      2388.33     165.6837

 Path Red. Mass (AMU):    1.020468
 Path Length (Ang), s^2 (1e-3 Ang^2):  7.4723  18.9036
--------------------------------------------------------------
 Path Indices:    1   4   2   4
 PDOS Poles:
     Freq. (THz)    Weight
        3.191       0.009254433
        7.699       0.008419901
       13.679       0.000752320
       20.090       0.044851243
       28.613       0.017267172
       30.549       0.209410078
       31.653       0.080863003
       37.930       0.305776237
       38.428       0.102205742
       42.341       0.000226720
       44.210       0.002513237
       91.352       0.000018078
       92.721       0.106505744
       93.590       0.014859868
       93.669       0.006411331
       94.575       0.090664892

 PDOS Einstein freq (single pole), associated temp and eff. force constant: 
 Freq (THz)   Temp (K)   Eff. FC (N/m)
  53.092      2547.93     104.2397

 pDOS n Moments, associated Einstein freqs, temps and eff. force constants:
  n     Mom (THz^n)   Freq (THz)     Temp (K)    Eff. FC (N/m)
 -2       0.00180      23.56622      1130.96      20.5379
 -1       0.02941      33.99873      1631.63      42.7466
  0       1.00000     ---------     --------
  1      46.54597      46.54597      2233.78      80.1199
  2    2818.75127      53.09191      2547.93     104.2397

 Path Red. Mass (AMU):    0.564115
 Path Length (Ang), s^2 (1e-3 Ang^2):  8.0566  26.3508
--------------------------------------------------------------
 Path Indices:    1   4   2   5
 PDOS Poles:
     Freq. (THz)    Weight
        3.360       0.004263810
        4.562       0.020482286
        8.412       0.001915581
       13.258       0.000206228
       20.057       0.056389761
       29.634       0.149663502
       32.199       0.014830452
       38.223       0.518913848
       41.687       0.000615191
       43.774       0.000002488
       44.217       0.004946196
       91.352       0.000037680
       92.721       0.217758562
       93.590       0.000064640
       93.669       0.009909715
       94.575       0.000000036

 PDOS Einstein freq (single pole), associated temp and eff. force constant: 
 Freq (THz)   Temp (K)   Eff. FC (N/m)
  53.842      2583.92     107.5286

 pDOS n Moments, associated Einstein freqs, temps and eff. force constants:
  n     Mom (THz^n)   Freq (THz)     Temp (K)    Eff. FC (N/m)
 -2       0.00210      21.82521      1047.41      17.6685
 -1       0.03048      32.80607      1574.39      39.9200
  0       1.00000     ---------     --------
  1      47.37773      47.37773      2273.70      83.2588
  2    2898.96147      53.84200      2583.92     107.5286

 Path Red. Mass (AMU):    0.565813
 Path Length (Ang), s^2 (1e-3 Ang^2):  8.0564  27.2269
--------------------------------------------------------------
 Path Indices:    1   4   2   6
 PDOS Poles:
     Freq. (THz)    Weight
        3.567       0.020215379
        8.021       0.053427531
       13.002       0.007754068
       20.074       0.058361510
       27.934       0.003393863
       30.990       0.214327657
       32.577       0.018855076
       37.993       0.352835587
       38.631       0.048561627
       41.703       0.017725378
       44.200       0.001105061
       91.352       0.001566660
       92.721       0.102968159
       93.590       0.014373165
       93.669       0.001350270
       94.575       0.083178993

 PDOS Einstein freq (single pole), associated temp and eff. force constant: 
 Freq (THz)   Temp (K)   Eff. FC (N/m)
  51.496      2471.33     176.6504

 pDOS n Moments, associated Einstein freqs, temps and eff. force constants:
  n     Mom (THz^n)   Freq (THz)     Temp (K)    Eff. FC (N/m)
 -2       0.00317      17.77271       852.93      21.0415
 -1       0.03662      27.30982      1310.62      49.6830
  0       1.00000     ---------     --------
  1      44.22213      44.22213      2122.26     130.2714
  2    2651.82397      51.49586      2471.33     176.6504

 Path Red. Mass (AMU):    1.016158
 Path Length (Ang), s^2 (1e-3 Ang^2):  8.3537  18.2115
--------------------------------------------------------------
 Path Indices:    1   4   2   7
 PDOS Poles:
     Freq. (THz)    Weight
        4.392       0.008806772
        7.965       0.073705194
       13.316       0.012431612
       22.469       0.024193270
       24.697       0.016221264
       30.386       0.216546897
       31.916       0.197766829
       38.165       0.093702081
       41.680       0.089215774
       43.814       0.084687525
       44.079       0.009343818
       91.352       0.022481034
       92.721       0.061997309
       93.590       0.067786123
       93.669       0.002050527
       94.575       0.019063920

 PDOS Einstein freq (single pole), associated temp and eff. force constant: 
 Freq (THz)   Temp (K)   Eff. FC (N/m)
  49.047      2353.81      84.2380

 pDOS n Moments, associated Einstein freqs, temps and eff. force constants:
  n     Mom (THz^n)   Freq (THz)     Temp (K)    Eff. FC (N/m)
 -2       0.00238      20.51402       984.49      14.7361
 -1       0.03585      27.89256      1338.59      27.2432
  0       1.00000     ---------     --------
  1      42.18582      42.18582      2024.53      62.3182
  2    2405.61537      49.04707      2353.81      84.2380

 Path Red. Mass (AMU):    0.534162
 Path Length (Ang), s^2 (1e-3 Ang^2):  8.5451  33.9206
--------------------------------------------------------------
 Path Indices:    1   4   2   8
 PDOS Poles:
     Freq. (THz)    Weight
        3.272       0.011595136
        7.852       0.089991041
       13.362       0.012608278
       22.902       0.045486178
       25.992       0.013351395
       30.291       0.110172254
       32.487       0.085336516
       37.905       0.264328261
       41.659       0.088625984
       43.714       0.047662101
       43.936       0.057146888
       91.352       0.022542594
       92.721       0.061634750
       93.590       0.005627300
       93.669       0.004971438
       94.575       0.078919876

 PDOS Einstein freq (single pole), associated temp and eff. force constant: 
 Freq (THz)   Temp (K)   Eff. FC (N/m)
  49.837      2391.73      86.7795

 pDOS n Moments, associated Einstein freqs, temps and eff. force constants:
  n     Mom (THz^n)   Freq (THz)     Temp (K)    Eff. FC (N/m)
 -2       0.00323      17.59462       844.38      10.8161
 -1       0.03806      26.27208      1260.82      24.1157
  0       1.00000     ---------     --------
  1      42.94735      42.94735      2061.08      64.4440
  2    2483.74411      49.83718      2391.73      86.7794

 Path Red. Mass (AMU):    0.532968
 Path Length (Ang), s^2 (1e-3 Ang^2):  8.5481  36.0935
--------------------------------------------------------------
 Path Indices:    1   4   2   9
 PDOS Poles:
     Freq. (THz)    Weight
        3.772       0.015746009
        7.794       0.012701336
       12.766       0.000358018
       20.065       0.083090482
       28.644       0.002786450
       31.062       0.111324332
       36.486       0.005773666
       38.125       0.270531932
       41.649       0.026704489
       43.589       0.003453143
       44.200       0.017652404
       91.352       0.130348601
       92.721       0.015428758
       93.590       0.002539838
       93.669       0.258355175
       94.575       0.043205491

 PDOS Einstein freq (single pole), associated temp and eff. force constant: 
 Freq (THz)   Temp (K)   Eff. FC (N/m)
  67.293      3229.46     158.8373

 pDOS n Moments, associated Einstein freqs, temps and eff. force constants:
  n     Mom (THz^n)   Freq (THz)     Temp (K)    Eff. FC (N/m)
 -2       0.00191      22.87056      1097.58      18.3469
 -1       0.02686      37.22483      1786.45      48.6043
  0       1.00000     ---------     --------
  1      59.79757      59.79757      2869.74     125.4227
  2    4528.38656      67.29329      3229.46     158.8373

 Path Red. Mass (AMU):    0.535057
 Path Length (Ang), s^2 (1e-3 Ang^2):  9.3376  25.3742
--------------------------------------------------------------
 Path Indices:    1   4   3   2
 PDOS Poles:
     Freq. (THz)    Weight
        3.149       0.017653431
        7.605       0.015469833
       13.043       0.013431111
       20.092       0.050123598
       23.855       0.005247680
       29.781       0.080196395
       31.226       0.061080038
       37.845       0.130827471
       38.369       0.043415925
       43.803       0.006449644
       44.173       0.001218460
       91.352       0.000055612
       92.721       0.260355012
       93.590       0.041507208
       93.669       0.015810211
       94.575       0.257158359

 PDOS Einstein freq (single pole), associated temp and eff. force constant: 
 Freq (THz)   Temp (K)   Eff. FC (N/m)
  73.922      3547.60     530.9265

 pDOS n Moments, associated Einstein freqs, temps and eff. force constants:
  n     Mom (THz^n)   Freq (THz)     Temp (K)    Eff. FC (N/m)
 -2       0.00260      19.59948       940.60      37.3227
 -1       0.02694      37.12455      1781.64     133.9078
  0       1.00000     ---------     --------
  1      66.56141      66.56141      3194.34     430.4559
  2    5464.50450      73.92229      3547.60     530.9265

 Path Red. Mass (AMU):    1.482091
 Path Length (Ang), s^2 (1e-3 Ang^2):  6.1428   9.1852
--------------------------------------------------------------
 Path Indices:    1   4   3   4
 PDOS Poles:
     Freq. (THz)    Weight
        4.127       0.022141662
        7.636       0.010698707
        9.882       0.001266031
       23.342       0.013271560
       29.561       0.031745445
       31.022       0.050496100
       34.974       0.000683341
       37.871       0.167846923
       38.372       0.058491698
       43.777       0.002590386
       43.978       0.000891464
       91.352       0.000065466
       92.721       0.290226893
       93.590       0.045910429
       93.669       0.017967820
       94.575       0.285706062

 PDOS Einstein freq (single pole), associated temp and eff. force constant: 
 Freq (THz)   Temp (K)   Eff. FC (N/m)
  77.653      3726.64     294.5690

 pDOS n Moments, associated Einstein freqs, temps and eff. force constants:
  n     Mom (THz^n)   Freq (THz)     Temp (K)    Eff. FC (N/m)
 -2       0.00184      23.30142      1118.26      26.5237
 -1       0.02305      43.37631      2081.67      91.9124
  0       1.00000     ---------     --------
  1      71.69436      71.69436      3440.68     251.0955
  2    6030.01158      77.65315      3726.64     294.5690

 Path Red. Mass (AMU):    0.745178
 Path Length (Ang), s^2 (1e-3 Ang^2):  5.3976  15.6355
--------------------------------------------------------------
 Path Indices:    1   4   3   5
 PDOS Poles:
     Freq. (THz)    Weight
        2.026       0.001154569
        4.409       0.031713469
        8.226       0.003454718
       13.250       0.000087976
       20.058       0.005641789
       29.634       0.074624157
       32.199       0.001332753
       38.223       0.250355432
       41.687       0.000178941
       43.816       0.011943935
       44.217       0.000143257
       91.352       0.000125642
       92.721       0.592018735
       93.590       0.000177046
       93.669       0.027047488
       94.575       0.000000075

 PDOS Einstein freq (single pole), associated temp and eff. force constant: 
 Freq (THz)   Temp (K)   Eff. FC (N/m)
  76.085      3651.41     295.1352

 pDOS n Moments, associated Einstein freqs, temps and eff. force constants:
  n     Mom (THz^n)   Freq (THz)     Temp (K)    Eff. FC (N/m)
 -2       0.00231      20.78824       997.65      22.0320
 -1       0.02454      40.75533      1955.88      84.6812
  0       1.00000     ---------     --------
  1      70.10003      70.10003      3364.16     250.5271
  2    5788.98963      76.08541      3651.41     295.1352

 Path Red. Mass (AMU):    0.777695
 Path Length (Ang), s^2 (1e-3 Ang^2):  5.3977  15.9453
--------------------------------------------------------------
 Path Indices:    1   4   3   6
 PDOS Poles:
     Freq. (THz)    Weight
        3.681       0.034125311
        7.853       0.031126510
       14.423       0.000589129
       20.704       0.008469501
       24.700       0.003574654
       31.409       0.109999920
       33.474       0.014433830
       38.062       0.234715176
       41.545       0.025642810
       42.566       0.003732840
       43.857       0.013987007
       91.352       0.002394864
       92.721       0.234482044
       93.590       0.038097371
       93.669       0.011303765
       94.575       0.233325257

 PDOS Einstein freq (single pole), associated temp and eff. force constant: 
 Freq (THz)   Temp (K)   Eff. FC (N/m)
  71.461      3429.48     450.1724

 pDOS n Moments, associated Einstein freqs, temps and eff. force constants:
  n     Mom (THz^n)   Freq (THz)     Temp (K)    Eff. FC (N/m)
 -2       0.00342      17.09707       820.50      25.7682
 -1       0.03050      32.78502      1573.38      94.7527
  0       1.00000     ---------     --------
  1      64.00296      64.00296      3071.56     361.1111
  2    5106.67349      71.46099      3429.48     450.1723

 Path Red. Mass (AMU):    1.344720
 Path Length (Ang), s^2 (1e-3 Ang^2):  5.8229  11.4635
--------------------------------------------------------------
 Path Indices:    1   4   3   7
 PDOS Poles:
     Freq. (THz)    Weight
        4.133       0.010919626
        8.030       0.026825145
       13.246       0.001447588
       23.285       0.069026261
       25.360       0.003481450
       30.638       0.124519393
       32.037       0.155171760
       38.219       0.041136600
       41.686       0.080145506
       43.828       0.055693804
       44.209       0.008550181
       91.352       0.064385461
       92.721       0.132667764
       93.590       0.179635725
       93.669       0.006602964
       94.575       0.039790673

 PDOS Einstein freq (single pole), associated temp and eff. force constant: 
 Freq (THz)   Temp (K)   Eff. FC (N/m)
  65.622      3149.24     179.3521

 pDOS n Moments, associated Einstein freqs, temps and eff. force constants:
  n     Mom (THz^n)   Freq (THz)     Temp (K)    Eff. FC (N/m)
 -2       0.00164      24.71821      1186.25      25.4477
 -1       0.02711      36.88540      1770.16      56.6660
  0       1.00000     ---------     --------
  1      57.87012      57.87012      2777.24     139.4834
  2    4306.18566      65.62153      3149.23     179.3521

 Path Red. Mass (AMU):    0.635338
 Path Length (Ang), s^2 (1e-3 Ang^2):  6.4725  21.5658
--------------------------------------------------------------
 Path Indices:    1   4   3   8
 PDOS Poles:
     Freq. (THz)    Weight
        2.950       0.015366650
        7.805       0.032805126
       12.946       0.001708545
       23.260       0.027306359
       28.564       0.009929934
       31.613       0.079617738
       32.850       0.041508157
       37.854       0.202142908
       41.673       0.078613235
       43.800       0.059525498
       44.128       0.014020341
       91.352       0.063062231
       92.721       0.129671025
       93.590       0.016632046
       93.669       0.014692211
       94.575       0.213397991

 PDOS Einstein freq (single pole), associated temp and eff. force constant: 
 Freq (THz)   Temp (K)   Eff. FC (N/m)
  67.392      3234.21     185.7720

 pDOS n Moments, associated Einstein freqs, temps and eff. force constants:
  n     Mom (THz^n)   Freq (THz)     Temp (K)    Eff. FC (N/m)
 -2       0.00277      18.99970       911.81      14.7657
 -1       0.02843      35.17255      1687.96      50.6020
  0       1.00000     ---------     --------
  1      60.17572      60.17572      2887.89     148.1162
  2    4541.71799      67.39227      3234.21     185.7720

 Path Red. Mass (AMU):    0.623952
 Path Length (Ang), s^2 (1e-3 Ang^2):  6.4727  23.0287
--------------------------------------------------------------
 Path Indices:    1   4   3   9
 PDOS Poles:
     Freq. (THz)    Weight
        3.871       0.021481310
        7.627       0.005162971
       14.217       0.002017057
       20.205       0.030089545
       27.729       0.008451838
       30.159       0.094211384
       33.071       0.007579963
       38.134       0.186940576
       41.665       0.056629345
       43.745       0.021596213
       44.181       0.020528253
       91.352       0.116348766
       92.721       0.055784007
       93.590       0.009407043
       93.669       0.260497629
       94.575       0.103274230

 PDOS Einstein freq (single pole), associated temp and eff. force constant: 
 Freq (THz)   Temp (K)   Eff. FC (N/m)
  72.853      3496.28     208.8124

 pDOS n Moments, associated Einstein freqs, temps and eff. force constants:
  n     Mom (THz^n)   Freq (THz)     Temp (K)    Eff. FC (N/m)
 -2       0.00197      22.51359      1080.45      19.9411
 -1       0.02458      40.67825      1952.18      65.1005
  0       1.00000     ---------     --------
  1      66.27452      66.27452      3180.57     172.8038
  2    5307.57685      72.85312      3496.28     208.8124

 Path Red. Mass (AMU):    0.600138
 Path Length (Ang), s^2 (1e-3 Ang^2):  6.4526  20.7019
--------------------------------------------------------------
 Path Indices:    1   4   5   2
 PDOS Poles:
     Freq. (THz)    Weight
        3.222       0.009930174
        7.471       0.005363235
       13.136       0.009753192
       20.170       0.021099862
       23.519       0.015584399
       29.682       0.056837060
       32.627       0.004697988
       38.183       0.158617675
       39.645       0.000966484
       43.815       0.092082811
       44.214       0.021279870
       91.352       0.000108902
       92.721       0.561589918
       93.590       0.003894970
       93.669       0.024042850
       94.575       0.014150594

 PDOS Einstein freq (single pole), associated temp and eff. force constant: 
 Freq (THz)   Temp (K)   Eff. FC (N/m)
  75.672      3631.55     280.4125

 pDOS n Moments, associated Einstein freqs, temps and eff. force constants:
  n     Mom (THz^n)   Freq (THz)     Temp (K)    Eff. FC (N/m)
 -2       0.00150      25.85145      1240.63      32.7267
 -1       0.02158      46.34564      2224.17     105.1840
  0       1.00000     ---------     --------
  1      69.93911      69.93911      3356.44     239.5367
  2    5726.18695      75.67157      3631.54     280.4125

 Path Red. Mass (AMU):    0.747004
 Path Length (Ang), s^2 (1e-3 Ang^2):  7.4090  14.5980
--------------------------------------------------------------
 Path Indices:    1   4   5   3
 PDOS Poles:
     Freq. (THz)    Weight
        3.683       0.019281120
        6.889       0.008801324
       11.089       0.000983879
       20.068       0.008575878
       23.514       0.002299223
       29.708       0.036103055
       31.199       0.026527886
       37.787       0.042245695
       38.280       0.017488892
       43.816       0.098443578
       44.217       0.030498792
       91.352       0.000138660
       92.721       0.627341077
       93.590       0.010272839
       93.669       0.025852729
       94.575       0.045145358

 PDOS Einstein freq (single pole), associated temp and eff. force constant: 
 Freq (THz)   Temp (K)   Eff. FC (N/m)
  80.703      3873.00     268.1891

 pDOS n Moments, associated Einstein freqs, temps and eff. force constants:
  n     Mom (THz^n)   Freq (THz)     Temp (K)    Eff. FC (N/m)
 -2       0.00190      22.94731      1101.26      21.6833
 -1       0.02133      46.87361      2249.51      90.4731
  0       1.00000     ---------     --------
  1      76.02998      76.02998      3648.75     238.0304
  2    6512.96217      80.70293      3873.00     268.1891

 Path Red. Mass (AMU):    0.628136
 Path Length (Ang), s^2 (1e-3 Ang^2):  6.0798  17.1650
--------------------------------------------------------------
 Path Indices:    1   4   5   4
 PDOS Poles:
     Freq. (THz)    Weight
        3.496       0.009385788
        6.490       0.004924858
       12.168       0.000704141
       19.969       0.002523976
       23.299       0.002183419
       29.660       0.019659553
       31.097       0.041240759
       37.752       0.031240851
       38.221       0.031407150
       43.817       0.222642710
       44.217       0.067915006
       91.352       0.000102032
       92.721       0.520199721
       93.590       0.004799142
       93.669       0.021908490
       94.575       0.019162383

 PDOS Einstein freq (single pole), associated temp and eff. force constant: 
 Freq (THz)   Temp (K)   Eff. FC (N/m)
  74.761      3587.85     161.2439

 pDOS n Moments, associated Einstein freqs, temps and eff. force constants:
  n     Mom (THz^n)   Freq (THz)     Temp (K)    Eff. FC (N/m)
 -2       0.00122      28.57156      1371.17      23.5505
 -1       0.02008      49.80917      2390.39      71.5731
  0       1.00000     ---------     --------
  1      69.73497      69.73497      3346.64     140.2919
  2    5589.22843      74.76114      3587.85     161.2439

 Path Red. Mass (AMU):    0.440071
 Path Length (Ang), s^2 (1e-3 Ang^2):  6.7619  23.0565
--------------------------------------------------------------
 Path Indices:    1   4   5   6
 PDOS Poles:
     Freq. (THz)    Weight
        3.680       0.018042052
        7.681       0.013305295
       12.220       0.000458484
       20.196       0.010281673
       23.410       0.025885063
       31.133       0.053719746
       32.526       0.013786876
       37.776       0.152382563
       41.664       0.010778895
       43.812       0.071493926
       44.211       0.022509709
       91.352       0.000697083
       92.721       0.560159197
       93.590       0.002901305
       93.669       0.023691304
       94.575       0.019906815

 PDOS Einstein freq (single pole), associated temp and eff. force constant: 
 Freq (THz)   Temp (K)   Eff. FC (N/m)
  75.740      3634.82     264.9621

 pDOS n Moments, associated Einstein freqs, temps and eff. force constants:
  n     Mom (THz^n)   Freq (THz)     Temp (K)    Eff. FC (N/m)
 -2       0.00193      22.73831      1091.23      23.8810
 -1       0.02341      42.70983      2049.68      84.2543
  0       1.00000     ---------     --------
  1      69.81745      69.81745      3350.60     225.1460
  2    5736.50704      75.73973      3634.82     264.9621

 Path Red. Mass (AMU):    0.704575
 Path Length (Ang), s^2 (1e-3 Ang^2):  7.1503  16.7946
--------------------------------------------------------------
 Path Indices:    1   4   5   7
 PDOS Poles:
     Freq. (THz)    Weight
        4.172       0.008548899
        8.114       0.015313010
       13.309       0.000505477
       23.342       0.184600767
       26.946       0.001261422
       30.929       0.112328269
       32.159       0.081239602
       37.870       0.016870750
       41.685       0.073063761
       43.821       0.028630426
       44.216       0.047393013
       91.352       0.032366514
       92.721       0.347568824
       93.590       0.029749283
       93.669       0.000049057
       94.575       0.020510898

 PDOS Einstein freq (single pole), associated temp and eff. force constant: 
 Freq (THz)   Temp (K)   Eff. FC (N/m)
  65.542      3145.40     138.5715

 pDOS n Moments, associated Einstein freqs, temps and eff. force constants:
  n     Mom (THz^n)   Freq (THz)     Temp (K)    Eff. FC (N/m)
 -2       0.00141      26.66865      1279.85      22.9425
 -1       0.02665      37.52497      1800.86      45.4234
  0       1.00000     ---------     --------
  1      57.54366      57.54366      2761.57     106.8153
  2    4295.71432      65.54170      3145.40     138.5715

 Path Red. Mass (AMU):    0.492073
 Path Length (Ang), s^2 (1e-3 Ang^2):  7.5004  27.3700
--------------------------------------------------------------
 Path Indices:    1   4   5   8
 PDOS Poles:
     Freq. (THz)    Weight
        2.920       0.010551714
        7.685       0.020091162
       11.814       0.000893068
       22.540       0.001832979
       24.470       0.001480906
       29.807       0.011820172
       32.223       0.054952648
       37.764       0.165751156
       41.684       0.042776247
       43.824       0.079165143
       44.214       0.029444323
       91.352       0.057360997
       92.721       0.421569337
       93.590       0.098044574
       93.669       0.003794853
       94.575       0.000470651

 PDOS Einstein freq (single pole), associated temp and eff. force constant: 
 Freq (THz)   Temp (K)   Eff. FC (N/m)
  74.769      3588.23     159.3669

 pDOS n Moments, associated Einstein freqs, temps and eff. force constants:
  n     Mom (THz^n)   Freq (THz)     Temp (K)    Eff. FC (N/m)
 -2       0.00192      22.81344      1094.84      14.8367
 -1       0.02270      44.04693      2113.85      55.3078
  0       1.00000     ---------     --------
  1      69.11455      69.11455      3316.87     136.1741
  2    5590.39589      74.76895      3588.23     159.3669

 Path Red. Mass (AMU):    0.434857
 Path Length (Ang), s^2 (1e-3 Ang^2):  8.0620  26.3853
--------------------------------------------------------------
 Path Indices:    1   4   5   9
 PDOS Poles:
     Freq. (THz)    Weight
        3.865       0.017048745
        7.539       0.005994461
       13.982       0.003286279
       20.245       0.043155387
       24.160       0.011132794
       29.949       0.117324414
       31.679       0.051138824
       37.807       0.101640647
       41.676       0.056873302
       43.420       0.002262145
       43.825       0.120569122
       91.352       0.062035433
       92.721       0.223411806
       93.590       0.002919090
       93.669       0.177539405
       94.575       0.003668239

 PDOS Einstein freq (single pole), associated temp and eff. force constant: 
 Freq (THz)   Temp (K)   Eff. FC (N/m)
  68.676      3295.82     136.7545

 pDOS n Moments, associated Einstein freqs, temps and eff. force constants:
  n     Mom (THz^n)   Freq (THz)     Temp (K)    Eff. FC (N/m)
 -2       0.00179      23.62499      1133.78      16.1836
 -1       0.02548      39.25375      1883.82      44.6781
  0       1.00000     ---------     --------
  1      61.66073      61.66073      2959.15     110.2426
  2    4716.38694      68.67596      3295.82     136.7545

 Path Red. Mass (AMU):    0.442307
 Path Length (Ang), s^2 (1e-3 Ang^2):  7.4849  29.1085
--------------------------------------------------------------
 Path Indices:    1   4   6   2
 PDOS Poles:
     Freq. (THz)    Weight
        2.987       0.026548705
        7.954       0.068531334
       12.098       0.002959373
       20.080       0.047134559
       23.501       0.012191838
       30.891       0.079443002
       32.130       0.068240948
       38.190       0.057331123
       41.681       0.036110773
       43.721       0.002939369
       44.176       0.003377343
       91.352       0.003323550
       92.721       0.292688697
       93.590       0.030212956
       93.669       0.011121119
       94.575       0.257845301

 PDOS Einstein freq (single pole), associated temp and eff. force constant: 
 Freq (THz)   Temp (K)   Eff. FC (N/m)
  74.485      3574.62     936.2644

 pDOS n Moments, associated Einstein freqs, temps and eff. force constants:
  n     Mom (THz^n)   Freq (THz)     Temp (K)    Eff. FC (N/m)
 -2       0.00450      14.90953       715.52      37.5131
 -1       0.03418      29.25506      1403.98     144.4299
  0       1.00000     ---------     --------
  1      66.20921      66.20921      3177.44     739.7618
  2    5548.08865      74.48549      3574.62     936.2643

 Path Red. Mass (AMU):    2.574224
 Path Length (Ang), s^2 (1e-3 Ang^2):  8.0949   6.7109
--------------------------------------------------------------
 Path Indices:    1   4   6   3
 PDOS Poles:
     Freq. (THz)    Weight
        3.682       0.078973930
        6.833       0.036115551
       10.835       0.004137272
       20.058       0.053963666
       23.407       0.012019113
       31.006       0.081440645
       32.194       0.111205291
       38.165       0.030942692
       41.683       0.041940703
       43.512       0.000569345
       44.197       0.003238436
       91.352       0.004065875
       92.721       0.246877309
       93.590       0.027902262
       93.669       0.020070086
       94.575       0.246537838

 PDOS Einstein freq (single pole), associated temp and eff. force constant: 
 Freq (THz)   Temp (K)   Eff. FC (N/m)
  71.641      3438.12     828.5202

 pDOS n Moments, associated Einstein freqs, temps and eff. force constants:
  n     Mom (THz^n)   Freq (THz)     Temp (K)    Eff. FC (N/m)
 -2       0.00709      11.87553       569.92      22.7659
 -1       0.04413      22.66106      1087.52      82.8970
  0       1.00000     ---------     --------
  1      62.21822      62.21822      2985.91     624.9047
  2    5132.44620      71.64109      3438.12     828.5202

 Path Red. Mass (AMU):    2.462464
 Path Length (Ang), s^2 (1e-3 Ang^2):  6.8936   9.0568
--------------------------------------------------------------
 Path Indices:    1   4   6   4
 PDOS Poles:
     Freq. (THz)    Weight
        3.040       0.070295990
        5.882       0.046044315
        9.476       0.007369339
       20.046       0.021443240
       23.362       0.010217906
       31.017       0.093210013
       32.174       0.094162958
       38.211       0.033039043
       41.686       0.036423878
       43.779       0.002163982
       44.212       0.006940913
       91.352       0.003412705
       92.721       0.269458225
       93.590       0.019583000
       93.669       0.025972487
       94.575       0.260262034

 PDOS Einstein freq (single pole), associated temp and eff. force constant: 
 Freq (THz)   Temp (K)   Eff. FC (N/m)
  73.525      3528.51     496.6265

 pDOS n Moments, associated Einstein freqs, temps and eff. force constants:
  n     Mom (THz^n)   Freq (THz)     Temp (K)    Eff. FC (N/m)
 -2       0.00939      10.31839       495.19       9.7811
 -1       0.04729      21.14470      1014.75      41.0741
  0       1.00000     ---------     --------
  1      64.50213      64.50213      3095.51     382.2197
  2    5405.86196      73.52457      3528.51     496.6265

 Path Red. Mass (AMU):    1.401381
 Path Length (Ang), s^2 (1e-3 Ang^2):  7.5390  17.0556
--------------------------------------------------------------
 Path Indices:    1   4   6   5
 PDOS Poles:
     Freq. (THz)    Weight
        1.383       0.001451370
        4.387       0.063347546
        8.212       0.003799822
       13.098       0.000997492
       20.057       0.038481671
       29.634       0.001906028
       32.199       0.091860100
       38.223       0.084210190
       41.687       0.023963840
       43.816       0.007626820
       44.217       0.010455602
       91.352       0.001469270
       92.721       0.630923387
       93.590       0.000251154
       93.669       0.039255609
       94.575       0.000000046

 PDOS Einstein freq (single pole), associated temp and eff. force constant: 
 Freq (THz)   Temp (K)   Eff. FC (N/m)
  78.083      3747.25     572.2487

 pDOS n Moments, associated Einstein freqs, temps and eff. force constants:
  n     Mom (THz^n)   Freq (THz)     Temp (K)    Eff. FC (N/m)
 -2       0.00446      14.97845       718.83      21.0576
 -1       0.03129      31.95495      1533.55      95.8412
  0       1.00000     ---------     --------
  1      71.45940      71.45940      3429.40     479.2860
  2    6096.89673      78.08263      3747.25     572.2487

 Path Red. Mass (AMU):    1.431750
 Path Length (Ang), s^2 (1e-3 Ang^2):  7.5388  11.0473
--------------------------------------------------------------
 Path Indices:    1   4   6   7
 PDOS Poles:
     Freq. (THz)    Weight
        4.104       0.017170244
        7.987       0.033592251
       13.038       0.000741247
       21.552       0.002398453
       23.810       0.005579003
       30.950       0.088621273
       32.173       0.098066328
       38.004       0.013726505
       41.680       0.025094587
       43.715       0.006053353
       43.850       0.038105515
       91.352       0.137641616
       92.721       0.148905056
       93.590       0.340652760
       93.669       0.028892515
       94.575       0.014759171

 PDOS Einstein freq (single pole), associated temp and eff. force constant: 
 Freq (THz)   Temp (K)   Eff. FC (N/m)
  78.356      3760.36     393.0304

 pDOS n Moments, associated Einstein freqs, temps and eff. force constants:
  n     Mom (THz^n)   Freq (THz)     Temp (K)    Eff. FC (N/m)
 -2       0.00188      23.08060      1107.66      34.1019
 -1       0.02389      41.85657      2008.73     112.1532
  0       1.00000     ---------     --------
  1      72.29840      72.29840      3469.66     334.6123
  2    6139.61774      78.35571      3760.36     393.0302

 Path Red. Mass (AMU):    0.976508
 Path Length (Ang), s^2 (1e-3 Ang^2):  6.4713  12.3647
--------------------------------------------------------------
 Path Indices:    1   4   6   8
 PDOS Poles:
     Freq. (THz)    Weight
        2.891       0.023190788
        7.648       0.043265036
       11.405       0.001838552
       21.312       0.002280709
       23.404       0.046831785
       30.451       0.008208045
       32.225       0.086620099
       37.863       0.031694889
       41.676       0.024303911
       43.747       0.014127093
       43.868       0.030110424
       91.352       0.133348461
       92.721       0.143712401
       93.590       0.106174399
       93.669       0.055009831
       94.575       0.249283566

 PDOS Einstein freq (single pole), associated temp and eff. force constant: 
 Freq (THz)   Temp (K)   Eff. FC (N/m)
  79.313      3806.29     391.5506

 pDOS n Moments, associated Einstein freqs, temps and eff. force constants:
  n     Mom (THz^n)   Freq (THz)     Temp (K)    Eff. FC (N/m)
 -2       0.00385      16.11977       773.60      16.1741
 -1       0.02870      34.84214      1672.10      75.5634
  0       1.00000     ---------     --------
  1      72.92901      72.92901      3499.93     331.0567
  2    6290.51363      79.31276      3806.29     391.5505

 Path Red. Mass (AMU):    0.949496
 Path Length (Ang), s^2 (1e-3 Ang^2):  6.4713  15.2766
--------------------------------------------------------------
 Path Indices:    1   4   6   9
 PDOS Poles:
     Freq. (THz)    Weight
        3.710       0.026528351
        6.785       0.009918194
       12.641       0.001939508
       20.075       0.032764633
       23.635       0.003745495
       29.770       0.037787941
       31.300       0.022719731
       38.205       0.033022757
       41.678       0.008362199
       43.666       0.000584969
       44.215       0.014661765
       91.352       0.208638377
       92.721       0.025342073
       93.590       0.002402692
       93.669       0.491208027
       94.575       0.080373535

 PDOS Einstein freq (single pole), associated temp and eff. force constant: 
 Freq (THz)   Temp (K)   Eff. FC (N/m)
  84.696      4064.64     382.4755

 pDOS n Moments, associated Einstein freqs, temps and eff. force constants:
  n     Mom (THz^n)   Freq (THz)     Temp (K)    Eff. FC (N/m)
 -2       0.00244      20.25765       972.18      21.8804
 -1       0.02264      44.17444      2119.97     104.0447
  0       1.00000     ---------     --------
  1      80.30296      80.30296      3853.81     343.8278
  2    7173.41439      84.69601      4064.64     382.4756

 Path Red. Mass (AMU):    0.813334
 Path Length (Ang), s^2 (1e-3 Ang^2):  6.4721  14.0665
--------------------------------------------------------------
 Path Indices:    1   4   7   2
 PDOS Poles:
     Freq. (THz)    Weight
        2.882       0.008805907
        7.866       0.048403028
       12.474       0.000907566
       23.209       0.022961336
       25.978       0.002757924
       30.617       0.107379187
       32.074       0.136250576
       38.028       0.015448900
       41.684       0.069205572
       43.807       0.054575940
       43.907       0.018157674
       91.352       0.095092044
       92.721       0.145799853
       93.590       0.232532510
       93.669       0.013265005
       94.575       0.028456854

 PDOS Einstein freq (single pole), associated temp and eff. force constant: 
 Freq (THz)   Temp (K)   Eff. FC (N/m)
  70.678      3391.88     261.1065

 pDOS n Moments, associated Einstein freqs, temps and eff. force constants:
  n     Mom (THz^n)   Freq (THz)     Temp (K)    Eff. FC (N/m)
 -2       0.00229      20.89764      1002.90      22.8270
 -1       0.02740      36.49847      1751.59      69.6313
  0       1.00000     ---------     --------
  1      63.24220      63.24220      3035.05     209.0590
  2    4995.31105      70.67751      3391.88     261.1064

 Path Red. Mass (AMU):    0.797345
 Path Length (Ang), s^2 (1e-3 Ang^2):  9.1979  17.3662
--------------------------------------------------------------
 Path Indices:    1   4   7   3
 PDOS Poles:
     Freq. (THz)    Weight
        3.810       0.023936734
        7.604       0.011412670
       14.971       0.000365646
       20.646       0.009147617
       23.664       0.017237192
       30.736       0.109309306
       32.061       0.108824945
       37.935       0.019058208
       41.681       0.040390343
       43.815       0.026200902
       44.197       0.009845459
       91.352       0.147349716
       92.721       0.127017026
       93.590       0.311625795
       93.669       0.028151606
       94.575       0.010126679

 PDOS Einstein freq (single pole), associated temp and eff. force constant: 
 Freq (THz)   Temp (K)   Eff. FC (N/m)
  76.064      3650.36     267.8709

 pDOS n Moments, associated Einstein freqs, temps and eff. force constants:
  n     Mom (THz^n)   Freq (THz)     Temp (K)    Eff. FC (N/m)
 -2       0.00225      21.08477      1011.88      20.5830
 -1       0.02494      40.09214      1924.06      74.4201
  0       1.00000     ---------     --------
  1      69.61609      69.61609      3340.94     224.3836
  2    5785.67013      76.06359      3650.36     267.8708

 Path Red. Mass (AMU):    0.706257
 Path Length (Ang), s^2 (1e-3 Ang^2):  8.4548  17.8485
--------------------------------------------------------------
 Path Indices:    1   4   7   4
 PDOS Poles:
     Freq. (THz)    Weight
        3.613       0.019412444
        7.392       0.009949550
       12.109       0.000374523
       22.299       0.005945616
       23.872       0.010407590
       30.829       0.091862712
       32.099       0.076280452
       38.075       0.019035943
       41.678       0.025300907
       43.809       0.016999151
       44.177       0.004690647
       91.352       0.173370054
       92.721       0.141690940
       93.590       0.360799419
       93.669       0.033602148
       94.575       0.010277728

 PDOS Einstein freq (single pole), associated temp and eff. force constant: 
 Freq (THz)   Temp (K)   Eff. FC (N/m)
  80.628      3869.43     233.7002

 pDOS n Moments, associated Einstein freqs, temps and eff. force constants:
  n     Mom (THz^n)   Freq (THz)     Temp (K)    Eff. FC (N/m)
 -2       0.00200      22.38628      1074.34      18.0155
 -1       0.02216      45.12835      2165.75      73.2120
  0       1.00000     ---------     --------
  1      75.40310      75.40310      3618.66     204.3910
  2    6500.93133      80.62835      3869.43     233.7002

 Path Red. Mass (AMU):    0.548371
 Path Length (Ang), s^2 (1e-3 Ang^2):  9.3622  20.4221
--------------------------------------------------------------
 Path Indices:    1   4   7   5
 PDOS Poles:
     Freq. (THz)    Weight
        4.262       0.026595953
        7.583       0.009412308
       19.725       0.006092141
       23.265       0.089931431
       26.731       0.004507750
       30.868       0.053243602
       32.370       0.074405402
       38.094       0.087126566
       41.669       0.039048008
       43.803       0.058959076
       44.154       0.009706036
       91.352       0.095464843
       92.721       0.286756260
       93.590       0.149325843
       93.669       0.006706502
       94.575       0.002718188

 PDOS Einstein freq (single pole), associated temp and eff. force constant: 
 Freq (THz)   Temp (K)   Eff. FC (N/m)
  71.857      3448.46     209.4891

 pDOS n Moments, associated Einstein freqs, temps and eff. force constants:
  n     Mom (THz^n)   Freq (THz)     Temp (K)    Eff. FC (N/m)
 -2       0.00212      21.69829      1041.32      19.1020
 -1       0.02647      37.77638      1812.92      57.8988
  0       1.00000     ---------     --------
  1      64.69687      64.69687      3104.86     169.8225
  2    5163.36184      71.85654      3448.46     209.4890

 Path Red. Mass (AMU):    0.618899
 Path Length (Ang), s^2 (1e-3 Ang^2):  8.8005  21.6165
--------------------------------------------------------------
 Path Indices:    1   4   7   6
 PDOS Poles:
     Freq. (THz)    Weight
        3.114       0.011415802
        5.334       0.010708938
        8.279       0.012302775
       20.081       0.004200348
       23.454       0.001581447
       31.032       0.056543440
       32.168       0.036291117
       38.221       0.020223457
       41.675       0.000724276
       43.828       0.005752251
       44.210       0.000943790
       91.352       0.188341136
       92.721       0.150904176
       93.590       0.442255841
       93.669       0.051662968
       94.575       0.006148032

 PDOS Einstein freq (single pole), associated temp and eff. force constant: 
 Freq (THz)   Temp (K)   Eff. FC (N/m)
  85.969      4125.72     347.6926

 pDOS n Moments, associated Einstein freqs, temps and eff. force constants:
  n     Mom (THz^n)   Freq (THz)     Temp (K)    Eff. FC (N/m)
 -2       0.00195      22.61760      1085.44      24.0662
 -1       0.02012      49.71085      2385.67     116.2561
  0       1.00000     ---------     --------
  1      82.34366      82.34366      3951.74     318.9876
  2    7390.63530      85.96880      4125.72     347.6925

 Path Red. Mass (AMU):    0.717637
 Path Length (Ang), s^2 (1e-3 Ang^2):  7.3829  14.1667
--------------------------------------------------------------
 Path Indices:    1   4   7   8
 PDOS Poles:
     Freq. (THz)    Weight
        2.891       0.013365634
        7.701       0.027427322
       11.970       0.001483777
       23.184       0.005758941
       25.297       0.001035499
       29.931       0.028804743
       32.163       0.091680276
       37.814       0.011125816
       41.682       0.015071241
       43.818       0.018591972
       44.216       0.046569481
       91.352       0.365753026
       92.721       0.135361930
       93.590       0.062755721
       93.669       0.128906159
       94.575       0.046308497

 PDOS Einstein freq (single pole), associated temp and eff. force constant: 
 Freq (THz)   Temp (K)   Eff. FC (N/m)
  81.278      3900.60     241.6326

 pDOS n Moments, associated Einstein freqs, temps and eff. force constants:
  n     Mom (THz^n)   Freq (THz)     Temp (K)    Eff. FC (N/m)
 -2       0.00234      20.66412       991.69      15.6187
 -1       0.02254      44.35639      2128.70      71.9653
  0       1.00000     ---------     --------
  1      76.45149      76.45149      3668.97     213.7876
  2    6606.09642      81.27790      3900.60     241.6326

 Path Red. Mass (AMU):    0.557958
 Path Length (Ang), s^2 (1e-3 Ang^2):  8.0621  20.4205
--------------------------------------------------------------
 Path Indices:    1   4   7   9
 PDOS Poles:
     Freq. (THz)    Weight
        3.747       0.017404293
        7.069       0.006402210
       12.803       0.000879525
       20.117       0.016277358
       23.941       0.002352858
       30.223       0.023982199
       31.273       0.045519124
       38.200       0.035498436
       41.605       0.001155215
       43.825       0.032599404
       44.201       0.004371400
       91.352       0.458175994
       92.721       0.051046544
       93.590       0.221922190
       93.669       0.073893269
       94.575       0.008519901

 PDOS Einstein freq (single pole), associated temp and eff. force constant: 
 Freq (THz)   Temp (K)   Eff. FC (N/m)
  84.444      4052.55     245.2270

 pDOS n Moments, associated Einstein freqs, temps and eff. force constants:
  n     Mom (THz^n)   Freq (THz)     Temp (K)    Eff. FC (N/m)
 -2       0.00163      24.77026      1188.75      21.1004
 -1       0.01939      51.56933      2474.86      91.4560
  0       1.00000     ---------     --------
  1      80.76519      80.76519      3875.99     224.3251
  2    7130.80967      84.44412      4052.55     245.2269

 Path Red. Mass (AMU):    0.524591
 Path Length (Ang), s^2 (1e-3 Ang^2):  8.0606  18.6815
--------------------------------------------------------------
 Path Indices:    1   4   8   2
 PDOS Poles:
     Freq. (THz)    Weight
        3.036       0.008643896
        7.996       0.044572419
       12.928       0.000881214
       23.327       0.188170930
       25.577       0.002926536
       30.125       0.019692848
       32.244       0.125247412
       37.816       0.096401416
       41.682       0.120679451
       43.201       0.001061666
       43.826       0.120020321
       91.352       0.051152577
       92.721       0.071479670
       93.590       0.023635456
       93.669       0.015796480
       94.575       0.109637710

 PDOS Einstein freq (single pole), associated temp and eff. force constant: 
 Freq (THz)   Temp (K)   Eff. FC (N/m)
  56.597      2716.12     189.8655

 pDOS n Moments, associated Einstein freqs, temps and eff. force constants:
  n     Mom (THz^n)   Freq (THz)     Temp (K)    Eff. FC (N/m)
 -2       0.00236      20.56812       987.08      25.0758
 -1       0.03233      30.93305      1484.50      56.7166
  0       1.00000     ---------     --------
  1      48.83290      48.83290      2343.53     141.3481
  2    3203.17764      56.59662      2716.12     189.8654

 Path Red. Mass (AMU):    0.904183
 Path Length (Ang), s^2 (1e-3 Ang^2):  8.6380  18.0695
--------------------------------------------------------------
 Path Indices:    1   4   8   3
 PDOS Poles:
     Freq. (THz)    Weight
        3.699       0.027192842
        7.485       0.017411665
       13.883       0.000394348
       20.514       0.009801167
       23.378       0.157935432
       30.249       0.013007690
       32.241       0.096504953
       37.801       0.104034419
       41.682       0.076305035
       43.811       0.085245156
       44.204       0.019981584
       91.352       0.095999527
       92.721       0.060775869
       93.590       0.059167008
       93.669       0.038197015
       94.575       0.138046274

 PDOS Einstein freq (single pole), associated temp and eff. force constant: 
 Freq (THz)   Temp (K)   Eff. FC (N/m)
  64.029      3072.82     212.6340

 pDOS n Moments, associated Einstein freqs, temps and eff. force constants:
  n     Mom (THz^n)   Freq (THz)     Temp (K)    Eff. FC (N/m)
 -2       0.00294      18.45570       885.71      17.6660
 -1       0.03155      31.69666      1521.15      52.1079
  0       1.00000     ---------     --------
  1      55.94166      55.94166      2684.69     162.3108
  2    4099.73721      64.02919      3072.82     212.6340

 Path Red. Mass (AMU):    0.791167
 Path Length (Ang), s^2 (1e-3 Ang^2):  7.8920  20.1532
--------------------------------------------------------------
 Path Indices:    1   4   8   4
 PDOS Poles:
     Freq. (THz)    Weight
        2.613       0.037544677
        7.164       0.030515365
       11.175       0.001052228
       23.102       0.089942881
       23.541       0.111854139
       31.794       0.052898903
       32.675       0.032223622
       37.841       0.118529156
       41.680       0.086246348
       43.808       0.108650142
       44.209       0.047327009
       91.352       0.060809052
       92.721       0.062791493
       93.590       0.034402344
       93.669       0.019721683
       94.575       0.105490947

 PDOS Einstein freq (single pole), associated temp and eff. force constant: 
 Freq (THz)   Temp (K)   Eff. FC (N/m)
  57.320      2750.85     135.4459

 pDOS n Moments, associated Einstein freqs, temps and eff. force constants:
  n     Mom (THz^n)   Freq (THz)     Temp (K)    Eff. FC (N/m)
 -2       0.00680      12.12494       581.89       6.0605
 -1       0.04181      23.91912      1147.90      23.5853
  0       1.00000     ---------     --------
  1      49.12727      49.12727      2357.66      99.4937
  2    3285.60675      57.32021      2750.85     135.4459

 Path Red. Mass (AMU):    0.628842
 Path Length (Ang), s^2 (1e-3 Ang^2):  8.2363  33.6000
--------------------------------------------------------------
 Path Indices:    1   4   8   5
 PDOS Poles:
     Freq. (THz)    Weight
        4.269       0.026756357
        7.590       0.009290420
       19.713       0.006072444
       23.263       0.090808137
       26.651       0.004516014
       30.869       0.052459265
       32.369       0.074450758
       38.094       0.087111907
       41.669       0.039114419
       43.799       0.059385842
       44.153       0.009344235
       91.352       0.094913420
       92.721       0.285559205
       93.590       0.138118127
       93.669       0.019201361
       94.575       0.002898013

 PDOS Einstein freq (single pole), associated temp and eff. force constant: 
 Freq (THz)   Temp (K)   Eff. FC (N/m)
  71.843      3447.83     209.5641

 pDOS n Moments, associated Einstein freqs, temps and eff. force constants:
  n     Mom (THz^n)   Freq (THz)     Temp (K)    Eff. FC (N/m)
 -2       0.00213      21.68416      1040.64      19.0910
 -1       0.02650      37.74192      1811.27      57.8351
  0       1.00000     ---------     --------
  1      64.67554      64.67554      3103.84     169.8338
  2    5161.46561      71.84334      3447.82     209.5641

 Path Red. Mass (AMU):    0.619349
 Path Length (Ang), s^2 (1e-3 Ang^2):  8.7992  21.6205
--------------------------------------------------------------
 Path Indices:    1   4   8   6
 PDOS Poles:
     Freq. (THz)    Weight
        3.541       0.023460651
        7.646       0.025852816
       11.560       0.000726201
       20.356       0.006201849
       23.367       0.099944144
       31.980       0.054683303
       33.658       0.004665249
       37.962       0.066690232
       41.629       0.009836577
       43.803       0.059861212
       44.166       0.008417452
       91.352       0.149276923
       92.721       0.088789234
       93.590       0.134228189
       93.669       0.085562340
       94.575       0.181803606

 PDOS Einstein freq (single pole), associated temp and eff. force constant: 
 Freq (THz)   Temp (K)   Eff. FC (N/m)
  76.983      3694.46     356.0059

 pDOS n Moments, associated Einstein freqs, temps and eff. force constants:
  n     Mom (THz^n)   Freq (THz)     Temp (K)    Eff. FC (N/m)
 -2       0.00274      19.12055       917.61      21.9621
 -1       0.02691      37.15873      1783.28      82.9458
  0       1.00000     ---------     --------
  1      70.23196      70.23196      3370.49     296.3071
  2    5926.31339      76.98255      3694.46     356.0058

 Path Red. Mass (AMU):    0.916355
 Path Length (Ang), s^2 (1e-3 Ang^2):  6.8200  14.8423
--------------------------------------------------------------
 Path Indices:    1   4   8   7
 PDOS Poles:
     Freq. (THz)    Weight
        4.041       0.012771829
        7.761       0.044758771
       12.517       0.001442247
       23.331       0.022448385
       27.892       0.002005818
       30.336       0.037803418
       32.164       0.132866039
       37.907       0.007731212
       41.685       0.040203114
       43.822       0.017704417
       44.216       0.041608804
       91.352       0.354803814
       92.721       0.086635906
       93.590       0.006186253
       93.669       0.145442881
       94.575       0.045587159

 PDOS Einstein freq (single pole), associated temp and eff. force constant: 
 Freq (THz)   Temp (K)   Eff. FC (N/m)
  76.349      3664.08     275.4092

 pDOS n Moments, associated Einstein freqs, temps and eff. force constants:
  n     Mom (THz^n)   Freq (THz)     Temp (K)    Eff. FC (N/m)
 -2       0.00188      23.05269      1106.32      25.1079
 -1       0.02489      40.18224      1928.38      76.2843
  0       1.00000     ---------     --------
  1      69.96044      69.96044      3357.46     231.2449
  2    5829.23350      76.34942      3664.08     275.4092

 Path Red. Mass (AMU):    0.720706
 Path Length (Ang), s^2 (1e-3 Ang^2):  7.4992  17.4515
--------------------------------------------------------------
 Path Indices:    1   4   8   9
 PDOS Poles:
     Freq. (THz)    Weight
        3.762       0.021124878
        7.459       0.009704756
       15.144       0.001141909
       20.458       0.021364929
       23.455       0.071542932
       29.931       0.019921192
       33.951       0.002251567
       37.988       0.084332248
       41.591       0.008445617
       43.811       0.078969762
       44.177       0.015140583
       91.352       0.406552606
       92.721       0.016208464
       93.590       0.071566399
       93.669       0.073252734
       94.575       0.098479426

 PDOS Einstein freq (single pole), associated temp and eff. force constant: 
 Freq (THz)   Temp (K)   Eff. FC (N/m)
  77.909      3738.91     237.0534

 pDOS n Moments, associated Einstein freqs, temps and eff. force constants:
  n     Mom (THz^n)   Freq (THz)     Temp (K)    Eff. FC (N/m)
 -2       0.00207      21.99133      1055.38      18.8876
 -1       0.02360      42.37311      2033.52      70.1219
  0       1.00000     ---------     --------
  1      72.15576      72.15576      3462.82     203.3364
  2    6069.78080      77.90880      3738.91     237.0534

 Path Red. Mass (AMU):    0.595751
 Path Length (Ang), s^2 (1e-3 Ang^2):  7.4978  20.0203
--------------------------------------------------------------
 Path Indices:    1   4   9   2
 PDOS Poles:
     Freq. (THz)    Weight
        3.200       0.010382843
        7.522       0.027111519
       12.987       0.008484622
       20.060       0.075181526
       23.577       0.002167056
       29.641       0.130575692
       32.224       0.014685957
       38.200       0.032454074
       41.686       0.071878362
       43.818       0.029237059
       44.215       0.018601360
       91.352       0.169271996
       92.721       0.018427884
       93.590       0.002549477
       93.669       0.335260881
       94.575       0.053729855

 PDOS Einstein freq (single pole), associated temp and eff. force constant: 
 Freq (THz)   Temp (K)   Eff. FC (N/m)
  73.789      3541.18     341.8774

 pDOS n Moments, associated Einstein freqs, temps and eff. force constants:
  n     Mom (THz^n)   Freq (THz)     Temp (K)    Eff. FC (N/m)
 -2       0.00205      22.07548      1059.42      30.5994
 -1       0.02609      38.32782      1839.39      92.2403
  0       1.00000     ---------     --------
  1      66.48550      66.48550      3190.70     277.5533
  2    5444.74981      73.78855      3541.18     341.8775

 Path Red. Mass (AMU):    0.957820
 Path Length (Ang), s^2 (1e-3 Ang^2):  9.4153  13.7666
--------------------------------------------------------------
 Path Indices:    1   4   9   3
 PDOS Poles:
     Freq. (THz)    Weight
        3.788       0.030188613
        6.989       0.022356047
       12.937       0.006140185
       20.058       0.075400911
       23.536       0.002081730
       29.639       0.180932771
       32.214       0.023126886
       38.203       0.036440088
       41.687       0.114323588
       43.817       0.034862516
       44.216       0.030325027
       91.352       0.120391153
       92.721       0.021378844
       93.590       0.002891135
       93.669       0.248502000
       94.575       0.050658632

 PDOS Einstein freq (single pole), associated temp and eff. force constant: 
 Freq (THz)   Temp (K)   Eff. FC (N/m)
  66.651      3198.62     262.6541

 pDOS n Moments, associated Einstein freqs, temps and eff. force constants:
  n     Mom (THz^n)   Freq (THz)     Temp (K)    Eff. FC (N/m)
 -2       0.00319      17.69687       849.29      18.5170
 -1       0.03226      30.99978      1487.71      56.8190
  0       1.00000     ---------     --------
  1      58.36414      58.36414      2800.95     201.4043
  2    4442.30016      66.65058      3198.62     262.6542

 Path Red. Mass (AMU):    0.901919
 Path Length (Ang), s^2 (1e-3 Ang^2):  7.8598  18.0758
--------------------------------------------------------------
 Path Indices:    1   4   9   4
 PDOS Poles:
     Freq. (THz)    Weight
        3.700       0.035738441
        7.168       0.054371941
       13.001       0.007140519
       20.071       0.079433123
       23.672       0.004806871
       29.645       0.190104634
       32.261       0.024574641
       38.168       0.039847798
       41.686       0.133702552
       43.820       0.075455593
       44.214       0.036351943
       91.352       0.074822556
       92.721       0.026425336
       93.590       0.003145842
       93.669       0.164920691
       94.575       0.049157592

 PDOS Einstein freq (single pole), associated temp and eff. force constant: 
 Freq (THz)   Temp (K)   Eff. FC (N/m)
  59.195      2840.80     175.4271

 pDOS n Moments, associated Einstein freqs, temps and eff. force constants:
  n     Mom (THz^n)   Freq (THz)     Temp (K)    Eff. FC (N/m)
 -2       0.00436      15.15234       727.17      11.4946
 -1       0.03934      25.41810      1219.84      32.3459
  0       1.00000     ---------     --------
  1      50.43631      50.43631      2420.48     127.3563
  2    3503.99221      59.19453      2840.80     175.4272

 Path Red. Mass (AMU):    0.763704
 Path Length (Ang), s^2 (1e-3 Ang^2):  8.2121  26.0349
--------------------------------------------------------------
 Path Indices:    1   4   9   5
 PDOS Poles:
     Freq. (THz)    Weight
        1.368       0.000825816
        4.383       0.039676914
       13.081       0.008191255
       15.718       0.000010921
       20.057       0.097422563
       29.634       0.172541583
       32.199       0.015757581
       38.223       0.046800407
       41.687       0.128414172
       43.816       0.025523116
       44.217       0.032979640
       91.352       0.074785361
       92.721       0.158462745
       93.590       0.001158940
       93.669       0.197448875
       94.575       0.000000205

 PDOS Einstein freq (single pole), associated temp and eff. force constant: 
 Freq (THz)   Temp (K)   Eff. FC (N/m)
  65.903      3162.75     240.7356

 pDOS n Moments, associated Einstein freqs, temps and eff. force constants:
  n     Mom (THz^n)   Freq (THz)     Temp (K)    Eff. FC (N/m)
 -2       0.00319      17.69435       849.17      17.3539
 -1       0.03173      31.51347      1512.36      55.0453
  0       1.00000     ---------     --------
  1      57.70356      57.70356      2769.24     184.5581
  2    4343.22608      65.90316      3162.75     240.7356

 Path Red. Mass (AMU):    0.845511
 Path Length (Ang), s^2 (1e-3 Ang^2):  8.2100  18.9685
--------------------------------------------------------------
 Path Indices:    1   4   9   6
 PDOS Poles:
     Freq. (THz)    Weight
        3.692       0.026977840
        7.364       0.032773378
       12.359       0.002538632
       20.055       0.039191584
       23.478       0.002561841
       29.644       0.090813573
       32.656       0.000597921
       38.177       0.018789253
       41.683       0.020523056
       43.819       0.026913979
       44.212       0.011098057
       91.352       0.199261771
       92.721       0.017260235
       93.590       0.002446504
       93.669       0.447885221
       94.575       0.060367375

 PDOS Einstein freq (single pole), associated temp and eff. force constant: 
 Freq (THz)   Temp (K)   Eff. FC (N/m)
  80.863      3880.71     462.0407

 pDOS n Moments, associated Einstein freqs, temps and eff. force constants:
  n     Mom (THz^n)   Freq (THz)     Temp (K)    Eff. FC (N/m)
 -2       0.00293      18.45931       885.88      24.0772
 -1       0.02677      37.35298      1792.60      98.5885
  0       1.00000     ---------     --------
  1      74.86731      74.86731      3592.95     396.0595
  2    6538.89595      80.86344      3880.71     462.0409

 Path Red. Mass (AMU):    1.077872
 Path Length (Ang), s^2 (1e-3 Ang^2):  6.8086  12.5526
--------------------------------------------------------------
 Path Indices:    1   4   9   7
 PDOS Poles:
     Freq. (THz)    Weight
        4.169       0.016481091
        8.079       0.018508042
       16.951       0.000784529
       20.508       0.014482968
       23.776       0.012836992
       30.005       0.049561414
       31.734       0.023542388
       37.902       0.027991863
       41.559       0.016510788
       41.767       0.024022714
       44.213       0.004423503
       91.352       0.466893221
       92.721       0.033751642
       93.590       0.181227873
       93.669       0.103218142
       94.575       0.005762785

 PDOS Einstein freq (single pole), associated temp and eff. force constant: 
 Freq (THz)   Temp (K)   Eff. FC (N/m)
  83.269      3996.15     408.0433

 pDOS n Moments, associated Einstein freqs, temps and eff. force constants:
  n     Mom (THz^n)   Freq (THz)     Temp (K)    Eff. FC (N/m)
 -2       0.00151      25.75077      1235.80      39.0230
 -1       0.02032      49.22428      2362.32     142.5933
  0       1.00000     ---------     --------
  1      78.96959      78.96959      3789.82     366.9948
  2    6933.71497      83.26893      3996.15     408.0432

 Path Red. Mass (AMU):    0.897700
 Path Length (Ang), s^2 (1e-3 Ang^2):  7.4855  11.4370
--------------------------------------------------------------
 Path Indices:    1   4   9   8
 PDOS Poles:
     Freq. (THz)    Weight
        3.058       0.018973623
        7.504       0.058238765
       13.365       0.000598103
       20.393       0.012893241
       23.479       0.038166725
       29.959       0.038763805
       32.052       0.011217505
       37.833       0.048578467
       41.678       0.034708126
       43.819       0.045596657
       44.164       0.005982248
       91.352       0.402172429
       92.721       0.028762752
       93.590       0.072014557
       93.669       0.062010766
       94.575       0.121322218

 PDOS Einstein freq (single pole), associated temp and eff. force constant: 
 Freq (THz)   Temp (K)   Eff. FC (N/m)
  78.542      3769.29     313.1128

 pDOS n Moments, associated Einstein freqs, temps and eff. force constants:
  n     Mom (THz^n)   Freq (THz)     Temp (K)    Eff. FC (N/m)
 -2       0.00338      17.19493       825.20      15.0072
 -1       0.02863      34.92608      1676.13      61.9154
  0       1.00000     ---------     --------
  1      72.15807      72.15807      3462.93     264.2830
  2    6168.81069      78.54178      3769.29     313.1128

 Path Red. Mass (AMU):    0.774267
 Path Length (Ang), s^2 (1e-3 Ang^2):  7.4857  18.6889
--------------------------------------------------------------
 Path Indices:    1   5   1   2
 PDOS Poles:
     Freq. (THz)    Weight
        2.888       0.035655310
        7.210       0.017981530
       13.101       0.027227212
       21.227       0.009595297
       24.320       0.011511369
       29.999       0.149249071
       31.316       0.133660117
       37.884       0.397006629
       38.390       0.144669192
       43.777       0.015785713
       43.972       0.004790898
       91.352       0.000002448
       92.721       0.026441446
       93.590       0.004316404
       93.669       0.000856644
       94.575       0.021250697

 PDOS Einstein freq (single pole), associated temp and eff. force constant: 
 Freq (THz)   Temp (K)   Eff. FC (N/m)
  39.594      1900.15      97.9976

 pDOS n Moments, associated Einstein freqs, temps and eff. force constants:
  n     Mom (THz^n)   Freq (THz)     Temp (K)    Eff. FC (N/m)
 -2       0.00552      13.46562       646.23      11.3347
 -1       0.04237      23.60093      1132.63      34.8189
  0       1.00000     ---------     --------
  1      36.17763      36.17763      1736.20      81.8157
  2    1567.68575      39.59401      1900.15      97.9976

 Path Red. Mass (AMU):    0.953559
 Path Length (Ang), s^2 (1e-3 Ang^2):  8.6049  22.4568
--------------------------------------------------------------
 Path Indices:    1   5   1   3
 PDOS Poles:
     Freq. (THz)    Weight
        2.899       0.048302291
        5.047       0.059880177
        8.431       0.015216623
       20.078       0.039382377
       23.456       0.014045934
       29.698       0.186691314
       31.187       0.166817169
       37.746       0.220083207
       38.214       0.184422083
       43.816       0.010358460
       44.212       0.000505911
       91.352       0.000006255
       92.721       0.029038300
       93.590       0.004124319
       93.669       0.000907322
       94.575       0.020218243

 PDOS Einstein freq (single pole), associated temp and eff. force constant: 
 Freq (THz)   Temp (K)   Eff. FC (N/m)
  37.840      1816.00      84.9433

 pDOS n Moments, associated Einstein freqs, temps and eff. force constants:
  n     Mom (THz^n)   Freq (THz)     Temp (K)    Eff. FC (N/m)
 -2       0.00911      10.47681       502.79       6.5114
 -1       0.05601      17.85362       856.81      18.9090
  0       1.00000     ---------     --------
  1      33.34468      33.34468      1600.24      65.9583
  2    1431.90112      37.84047      1816.00      84.9433

 Path Red. Mass (AMU):    0.904914
 Path Length (Ang), s^2 (1e-3 Ang^2):  9.5652  31.2818
--------------------------------------------------------------
 Path Indices:    1   5   1   4
 PDOS Poles:
     Freq. (THz)    Weight
        2.275       0.002623319
        4.419       0.061898507
        8.280       0.004019571
       13.818       0.000038682
       20.058       0.015134269
       29.634       0.192751468
       32.199       0.002686971
       38.223       0.621829940
       41.687       0.000320621
       43.816       0.040371113
       44.217       0.001083720
       91.352       0.000005437
       92.721       0.054769623
       93.590       0.000016258
       93.669       0.002450460
       94.575      -0.000000000

 PDOS Einstein freq (single pole), associated temp and eff. force constant: 
 Freq (THz)   Temp (K)   Eff. FC (N/m)
  40.754      1955.81      54.1009

 pDOS n Moments, associated Einstein freqs, temps and eff. force constants:
  n     Mom (THz^n)   Freq (THz)     Temp (K)    Eff. FC (N/m)
 -2       0.00445      14.99160       719.46       7.3209
 -1       0.04083      24.49129      1175.36      19.5385
  0       1.00000     ---------     --------
  1      37.32354      37.32354      1791.19      45.3768
  2    1660.87275      40.75381      1955.81      54.1009

 Path Red. Mass (AMU):    0.496889
 Path Length (Ang), s^2 (1e-3 Ang^2):  9.6582  41.5292
--------------------------------------------------------------
 Path Indices:    1   5   1   5
 PDOS Poles:
     Freq. (THz)    Weight
        3.004       0.045482816
        6.349       0.018782511
       14.279       0.000646723
       20.887       0.011520337
       24.192       0.012390791
       29.983       0.144706621
       31.288       0.140567535
       37.879       0.398057820
       38.380       0.152616346
       43.781       0.016770799
       43.981       0.004364012
       91.352       0.000002693
       92.721       0.027095490
       93.590       0.004409994
       93.669       0.000873377
       94.575       0.021712118

 PDOS Einstein freq (single pole), associated temp and eff. force constant: 
 Freq (THz)   Temp (K)   Eff. FC (N/m)
  39.891      1914.40      51.7744

 pDOS n Moments, associated Einstein freqs, temps and eff. force constants:
  n     Mom (THz^n)   Freq (THz)     Temp (K)    Eff. FC (N/m)
 -2       0.00626      12.64023       606.62       5.1985
 -1       0.04407      22.69041      1088.93      16.7515
  0       1.00000     ---------     --------
  1      36.46459      36.46459      1749.97      43.2625
  2    1591.27789      39.89082      1914.40      51.7744

 Path Red. Mass (AMU):    0.496318
 Path Length (Ang), s^2 (1e-3 Ang^2):  9.6584  44.8768
--------------------------------------------------------------
 Path Indices:    1   5   1   6
 PDOS Poles:
     Freq. (THz)    Weight
        3.469       0.066894115
        7.788       0.056553838
       14.139       0.002850551
       20.873       0.021234406
       25.187       0.010294093
       30.918       0.207441445
       33.966       0.011437808
       38.026       0.527779432
       41.114       0.014990608
       42.402       0.007279412
       43.861       0.020374009
       91.352       0.001898503
       92.721       0.026901302
       93.590       0.003851087
       93.669       0.000009679
       94.575       0.020209707

 PDOS Einstein freq (single pole), associated temp and eff. force constant: 
 Freq (THz)   Temp (K)   Eff. FC (N/m)
  39.174      1879.98      91.0908

 pDOS n Moments, associated Einstein freqs, temps and eff. force constants:
  n     Mom (THz^n)   Freq (THz)     Temp (K)    Eff. FC (N/m)
 -2       0.00719      11.79117       565.87       8.2528
 -1       0.05067      19.73699       947.20      23.1233
  0       1.00000     ---------     --------
  1      35.04598      35.04598      1681.89      72.9060
  2    1534.57236      39.17362      1879.98      91.0908

 Path Red. Mass (AMU):    0.905479
 Path Length (Ang), s^2 (1e-3 Ang^2): 10.9461  28.2791
--------------------------------------------------------------
 Path Indices:    1   5   1   7
 PDOS Poles:
     Freq. (THz)    Weight
        2.652       0.038150775
        7.704       0.076946951
       12.737       0.006654246
       23.268       0.017567235
       29.483       0.074739861
       31.779       0.097387533
       34.703       0.010022031
       37.906       0.389486120
       41.659       0.091830271
       43.639       0.023997213
       43.888       0.075428009
       91.352       0.022796009
       92.721       0.019436775
       93.590       0.017602995
       93.669       0.006443835
       94.575       0.031510142

 PDOS Einstein freq (single pole), associated temp and eff. force constant: 
 Freq (THz)   Temp (K)   Eff. FC (N/m)
  44.167      2119.61      63.5268

 pDOS n Moments, associated Einstein freqs, temps and eff. force constants:
  n     Mom (THz^n)   Freq (THz)     Temp (K)    Eff. FC (N/m)
 -2       0.00737      11.64749       558.97       4.4180
 -1       0.04734      21.12579      1013.84      14.5341
  0       1.00000     ---------     --------
  1      38.89658      38.89658      1866.68      49.2704
  2    1950.71607      44.16691      2119.61      63.5268

 Path Red. Mass (AMU):    0.496769
 Path Length (Ang), s^2 (1e-3 Ang^2): 11.2664  48.1569
--------------------------------------------------------------
 Path Indices:    1   5   1   8
 PDOS Poles:
     Freq. (THz)    Weight
        4.007       0.022427431
        7.948       0.058927799
       12.979       0.005860938
       23.339       0.096263901
       29.547       0.080139109
       31.208       0.292721433
       32.879       0.030323005
       38.131       0.146577585
       41.677       0.091517916
       43.793       0.058586902
       43.980       0.017873136
       91.352       0.022833400
       92.721       0.019298732
       93.590       0.044447676
       93.669       0.011237312
       94.575       0.000963682

 PDOS Einstein freq (single pole), associated temp and eff. force constant: 
 Freq (THz)   Temp (K)   Eff. FC (N/m)
  42.630      2045.87      59.2291

 pDOS n Moments, associated Einstein freqs, temps and eff. force constants:
  n     Mom (THz^n)   Freq (THz)     Temp (K)    Eff. FC (N/m)
 -2       0.00317      17.77078       852.84      10.2922
 -1       0.03945      25.34887      1216.51      20.9417
  0       1.00000     ---------     --------
  1      37.31503      37.31503      1790.78      45.3798
  2    1817.35464      42.63044      2045.87      59.2291

 Path Red. Mass (AMU):    0.497149
 Path Length (Ang), s^2 (1e-3 Ang^2): 11.2680  40.1033
--------------------------------------------------------------
 Path Indices:    1   5   1   9
 PDOS Poles:
     Freq. (THz)    Weight
        3.619       0.049391436
        7.004       0.015768287
       15.416       0.001479571
       20.227       0.054523270
       24.938       0.005552854
       31.043       0.111439751
       34.974       0.006064506
       38.082       0.375481780
       41.629       0.047492694
       43.698       0.026426642
       44.122       0.021095037
       91.352       0.096203710
       92.721       0.000808147
       93.590       0.005929638
       93.669       0.171103390
       94.575       0.011239367

 PDOS Einstein freq (single pole), associated temp and eff. force constant: 
 Freq (THz)   Temp (K)   Eff. FC (N/m)
  57.656      2766.96     108.2062

 pDOS n Moments, associated Einstein freqs, temps and eff. force constants:
  n     Mom (THz^n)   Freq (THz)     Temp (K)    Eff. FC (N/m)
 -2       0.00470      14.57921       699.67       6.9188
 -1       0.03783      26.43458      1268.62      22.7462
  0       1.00000     ---------     --------
  1      50.09483      50.09483      2404.09      81.6866
  2    3324.20020      57.65588      2766.96     108.2062

 Path Red. Mass (AMU):    0.496542
 Path Length (Ang), s^2 (1e-3 Ang^2): 11.7093  38.5031
--------------------------------------------------------------
 Path Indices:    1   5   2   3
 PDOS Poles:
     Freq. (THz)    Weight
        3.658       0.030931806
        7.206       0.016759395
       10.635       0.001383619
       20.063       0.136425356
       27.609       0.003552465
       29.816       0.166509460
       31.171       0.172671376
       37.846       0.195658572
       38.346       0.080709930
       43.542       0.000248970
       44.184       0.001084313
       91.352       0.000019485
       92.721       0.091623608
       93.590       0.016252746
       93.669       0.002821878
       94.575       0.083347006

 PDOS Einstein freq (single pole), associated temp and eff. force constant: 
 Freq (THz)   Temp (K)   Eff. FC (N/m)
  49.768      2388.41     165.6911

 pDOS n Moments, associated Einstein freqs, temps and eff. force constants:
  n     Mom (THz^n)   Freq (THz)     Temp (K)    Eff. FC (N/m)
 -2       0.00357      16.73649       803.20      18.7382
 -1       0.03834      26.07993      1251.60      45.5001
  0       1.00000     ---------     --------
  1      42.15451      42.15451      2023.03     118.8741
  2    2476.85089      49.76797      2388.41     165.6911

 Path Red. Mass (AMU):    1.020447
 Path Length (Ang), s^2 (1e-3 Ang^2):  7.4723  18.9901
--------------------------------------------------------------
 Path Indices:    1   5   2   4
 PDOS Poles:
     Freq. (THz)    Weight
        3.360       0.004263810
        4.562       0.020482286
        8.412       0.001915581
       13.258       0.000206228
       20.057       0.056389761
       29.634       0.149663502
       32.199       0.014830452
       38.223       0.518913848
       41.687       0.000615191
       43.774       0.000002488
       44.217       0.004946196
       91.352       0.000037680
       92.721       0.217758562
       93.590       0.000064640
       93.669       0.009909715
       94.575       0.000000036

 PDOS Einstein freq (single pole), associated temp and eff. force constant: 
 Freq (THz)   Temp (K)   Eff. FC (N/m)
  53.842      2583.92     107.5286

 pDOS n Moments, associated Einstein freqs, temps and eff. force constants:
  n     Mom (THz^n)   Freq (THz)     Temp (K)    Eff. FC (N/m)
 -2       0.00210      21.82521      1047.41      17.6685
 -1       0.03048      32.80607      1574.39      39.9200
  0       1.00000     ---------     --------
  1      47.37773      47.37773      2273.70      83.2588
  2    2898.96147      53.84200      2583.92     107.5286

 Path Red. Mass (AMU):    0.565813
 Path Length (Ang), s^2 (1e-3 Ang^2):  8.0566  27.2269
--------------------------------------------------------------
 Path Indices:    1   5   2   5
 PDOS Poles:
     Freq. (THz)    Weight
        3.108       0.009362246
        7.680       0.008375520
       13.670       0.000735260
       20.088       0.044963188
       28.862       0.025105699
       30.699       0.234372143
       31.913       0.047360350
       37.947       0.325341348
       38.477       0.083095506
       42.421       0.000233621
       44.208       0.002598520
       91.352       0.000018174
       92.721       0.106733127
       93.590       0.017724060
       93.669       0.003480898
       94.575       0.090500322

 PDOS Einstein freq (single pole), associated temp and eff. force constant: 
 Freq (THz)   Temp (K)   Eff. FC (N/m)
  53.094      2548.00     104.2436

 pDOS n Moments, associated Einstein freqs, temps and eff. force constants:
  n     Mom (THz^n)   Freq (THz)     Temp (K)    Eff. FC (N/m)
 -2       0.00186      23.18535      1112.69      19.8790
 -1       0.02952      33.88071      1625.97      42.4494
  0       1.00000     ---------     --------
  1      46.54760      46.54760      2233.86      80.1237
  2    2818.92240      53.09353      2548.00     104.2436

 Path Red. Mass (AMU):    0.564102
 Path Length (Ang), s^2 (1e-3 Ang^2):  8.0564  26.4432
--------------------------------------------------------------
 Path Indices:    1   5   2   6
 PDOS Poles:
     Freq. (THz)    Weight
        3.480       0.020250627
        8.008       0.053326144
       12.984       0.007885173
       20.072       0.058485697
       28.195       0.004153793
       31.019       0.217144688
       32.812       0.014713923
       38.006       0.366077293
       38.733       0.035590076
       41.706       0.017779471
       44.198       0.001159278
       91.352       0.001565781
       92.721       0.103182475
       93.590       0.015459438
       93.669       0.000274485
       94.575       0.082951634

 PDOS Einstein freq (single pole), associated temp and eff. force constant: 
 Freq (THz)   Temp (K)   Eff. FC (N/m)
  51.497      2471.38     176.6541

 pDOS n Moments, associated Einstein freqs, temps and eff. force constants:
  n     Mom (THz^n)   Freq (THz)     Temp (K)    Eff. FC (N/m)
 -2       0.00325      17.53578       841.56      20.4838
 -1       0.03678      27.19237      1304.99      49.2555
  0       1.00000     ---------     --------
  1      44.22188      44.22188      2122.25     130.2672
  2    2651.93614      51.49695      2471.38     176.6541

 Path Red. Mass (AMU):    1.016136
 Path Length (Ang), s^2 (1e-3 Ang^2):  8.3537  18.2905
--------------------------------------------------------------
 Path Indices:    1   5   2   7
 PDOS Poles:
     Freq. (THz)    Weight
        3.181       0.011792611
        7.844       0.089953945
       13.354       0.012612305
       22.901       0.044927610
       25.979       0.013244714
       30.284       0.109531765
       32.480       0.086916346
       37.904       0.264274046
       41.658       0.088806624
       43.662       0.030932814
       43.902       0.073955449
       91.352       0.022432234
       92.721       0.061977862
       93.590       0.006920939
       93.669       0.003581405
       94.575       0.078139328

 PDOS Einstein freq (single pole), associated temp and eff. force constant: 
 Freq (THz)   Temp (K)   Eff. FC (N/m)
  49.788      2389.37      86.6051

 pDOS n Moments, associated Einstein freqs, temps and eff. force constants:
  n     Mom (THz^n)   Freq (THz)     Temp (K)    Eff. FC (N/m)
 -2       0.00332      17.36805       833.51      10.5389
 -1       0.03823      26.15483      1255.19      23.8999
  0       1.00000     ---------     --------
  1      42.90759      42.90759      2059.17      64.3223
  2    2478.84986      49.78805      2389.37      86.6051

 Path Red. Mass (AMU):    0.532947
 Path Length (Ang), s^2 (1e-3 Ang^2):  8.5451  36.2567
--------------------------------------------------------------
 Path Indices:    1   5   2   8
 PDOS Poles:
     Freq. (THz)    Weight
        4.321       0.008595388
        7.963       0.073630627
       13.313       0.012618652
       22.441       0.024023535
       24.647       0.016898237
       30.387       0.215308758
       31.921       0.198201044
       38.164       0.093905071
       41.680       0.088654644
       43.816       0.085025998
       44.109       0.009110628
       91.352       0.022595885
       92.721       0.061895672
       93.590       0.063591046
       93.669       0.007262041
       94.575       0.018682723

 PDOS Einstein freq (single pole), associated temp and eff. force constant: 
 Freq (THz)   Temp (K)   Eff. FC (N/m)
  49.096      2356.18      84.4095

 pDOS n Moments, associated Einstein freqs, temps and eff. force constants:
  n     Mom (THz^n)   Freq (THz)     Temp (K)    Eff. FC (N/m)
 -2       0.00238      20.49553       983.60      14.7099
 -1       0.03584      27.90293      1339.09      27.2640
  0       1.00000     ---------     --------
  1      42.22459      42.22459      2026.40      62.4341
  2    2410.46359      49.09647      2356.18      84.4095

 Path Red. Mass (AMU):    0.534173
 Path Length (Ang), s^2 (1e-3 Ang^2):  8.5481  33.9073
--------------------------------------------------------------
 Path Indices:    1   5   2   9
 PDOS Poles:
     Freq. (THz)    Weight
        3.692       0.015643297
        7.747       0.012821507
       12.547       0.000406292
       20.065       0.083218981
       28.609       0.002726998
       31.058       0.110441341
       36.500       0.005884717
       38.124       0.271222082
       41.648       0.026612608
       43.583       0.003391344
       44.200       0.017751620
       91.352       0.130351974
       92.721       0.015489338
       93.590       0.016083337
       93.669       0.243680807
       94.575       0.044273868

 PDOS Einstein freq (single pole), associated temp and eff. force constant: 
 Freq (THz)   Temp (K)   Eff. FC (N/m)
  67.294      3229.51     158.8395

 pDOS n Moments, associated Einstein freqs, temps and eff. force constants:
  n     Mom (THz^n)   Freq (THz)     Temp (K)    Eff. FC (N/m)
 -2       0.00196      22.60240      1084.71      17.9189
 -1       0.02695      37.10257      1780.58      48.2847
  0       1.00000     ---------     --------
  1      59.79765      59.79765      2869.74     125.4209
  2    4528.52829      67.29434      3229.51     158.8395

 Path Red. Mass (AMU):    0.535048
 Path Length (Ang), s^2 (1e-3 Ang^2):  9.3376  25.4582
--------------------------------------------------------------
 Path Indices:    1   5   3   2
 PDOS Poles:
     Freq. (THz)    Weight
        3.064       0.017907508
        7.590       0.015340889
       13.045       0.013355381
       20.095       0.050196501
       23.886       0.005306664
       29.792       0.080836600
       31.241       0.060055236
       37.849       0.133466330
       38.383       0.041024008
       43.800       0.006305311
       44.170       0.001224299
       91.352       0.000055788
       92.721       0.261011992
       93.590       0.048944802
       93.669       0.008207585
       94.575       0.256761086

 PDOS Einstein freq (single pole), associated temp and eff. force constant: 
 Freq (THz)   Temp (K)   Eff. FC (N/m)
  73.925      3547.71     530.8728

 pDOS n Moments, associated Einstein freqs, temps and eff. force constants:
  n     Mom (THz^n)   Freq (THz)     Temp (K)    Eff. FC (N/m)
 -2       0.00273      19.14282       918.68      35.5979
 -1       0.02715      36.82824      1767.42     131.7573
  0       1.00000     ---------     --------
  1      66.56099      66.56099      3194.32     430.3803
  2    5464.84266      73.92457      3547.70     530.8728

 Path Red. Mass (AMU):    1.481849
 Path Length (Ang), s^2 (1e-3 Ang^2):  6.1431   9.2606
--------------------------------------------------------------
 Path Indices:    1   5   3   4
 PDOS Poles:
     Freq. (THz)    Weight
        2.026       0.001154569
        4.409       0.031713469
        8.226       0.003454718
       13.250       0.000087976
       20.058       0.005641789
       29.634       0.074624157
       32.199       0.001332753
       38.223       0.250355432
       41.687       0.000178941
       43.816       0.011943935
       44.217       0.000143257
       91.352       0.000125642
       92.721       0.592018735
       93.590       0.000177046
       93.669       0.027047488
       94.575       0.000000075

 PDOS Einstein freq (single pole), associated temp and eff. force constant: 
 Freq (THz)   Temp (K)   Eff. FC (N/m)
  76.085      3651.41     295.1352

 pDOS n Moments, associated Einstein freqs, temps and eff. force constants:
  n     Mom (THz^n)   Freq (THz)     Temp (K)    Eff. FC (N/m)
 -2       0.00231      20.78824       997.65      22.0320
 -1       0.02454      40.75533      1955.88      84.6812
  0       1.00000     ---------     --------
  1      70.10003      70.10003      3364.16     250.5271
  2    5788.98963      76.08541      3651.41     295.1352

 Path Red. Mass (AMU):    0.777695
 Path Length (Ang), s^2 (1e-3 Ang^2):  5.3979  15.9453
--------------------------------------------------------------
 Path Indices:    1   5   3   5
 PDOS Poles:
     Freq. (THz)    Weight
        4.079       0.021777677
        7.513       0.010593188
        9.660       0.001699291
       23.342       0.013389606
       29.558       0.031390806
       31.019       0.050597112
       35.116       0.000735914
       37.879       0.172659847
       38.390       0.053754515
       43.769       0.002495918
       43.972       0.000936792
       91.352       0.000065684
       92.721       0.290967356
       93.590       0.054265524
       93.669       0.009419651
       94.575       0.285251097

 PDOS Einstein freq (single pole), associated temp and eff. force constant: 
 Freq (THz)   Temp (K)   Eff. FC (N/m)
  77.656      3726.76     294.5456

 pDOS n Moments, associated Einstein freqs, temps and eff. force constants:
  n     Mom (THz^n)   Freq (THz)     Temp (K)    Eff. FC (N/m)
 -2       0.00186      23.18561      1112.70      26.2569
 -1       0.02308      43.31819      2078.88      91.6531
  0       1.00000     ---------     --------
  1      71.69819      71.69819      3440.86     251.0862
  2    6030.39814      77.65564      3726.76     294.5456

 Path Red. Mass (AMU):    0.745071
 Path Length (Ang), s^2 (1e-3 Ang^2):  5.3979  15.6587
--------------------------------------------------------------
 Path Indices:    1   5   3   6
 PDOS Poles:
     Freq. (THz)    Weight
        3.605       0.033981060
        7.823       0.031184415
       14.099       0.000619855
       20.689       0.008479354
       24.649       0.003695457
       31.412       0.109532770
       33.452       0.014818909
       38.061       0.234715985
       41.541       0.025556901
       42.538       0.003892439
       43.855       0.013840558
       91.352       0.002393368
       92.721       0.235080552
       93.590       0.043936848
       93.669       0.005306575
       94.575       0.232964939

 PDOS Einstein freq (single pole), associated temp and eff. force constant: 
 Freq (THz)   Temp (K)   Eff. FC (N/m)
  71.463      3429.57     450.1311

 pDOS n Moments, associated Einstein freqs, temps and eff. force constants:
  n     Mom (THz^n)   Freq (THz)     Temp (K)    Eff. FC (N/m)
 -2       0.00352      16.84616       808.46      25.0138
 -1       0.03069      32.58671      1563.86      93.5964
  0       1.00000     ---------     --------
  1      64.00311      64.00311      3071.57     361.0609
  2    5106.94017      71.46286      3429.57     450.1310

 Path Red. Mass (AMU):    1.344527
 Path Length (Ang), s^2 (1e-3 Ang^2):  5.8232  11.5349
--------------------------------------------------------------
 Path Indices:    1   5   3   7
 PDOS Poles:
     Freq. (THz)    Weight
        2.879       0.015583001
        7.800       0.032570416
       12.954       0.001729830
       23.256       0.026958278
       28.509       0.009629686
       31.566       0.076499670
       32.798       0.045853039
       37.853       0.201894654
       41.673       0.078712652
       43.800       0.058929641
       44.138       0.014510102
       91.352       0.063242520
       92.721       0.130625505
       93.590       0.020816475
       93.669       0.010677298
       94.575       0.211767227

 PDOS Einstein freq (single pole), associated temp and eff. force constant: 
 Freq (THz)   Temp (K)   Eff. FC (N/m)
  67.369      3233.10     185.6644

 pDOS n Moments, associated Einstein freqs, temps and eff. force constants:
  n     Mom (THz^n)   Freq (THz)     Temp (K)    Eff. FC (N/m)
 -2       0.00288      18.62805       893.98      14.1952
 -1       0.02861      34.94720      1677.15      49.9611
  0       1.00000     ---------     --------
  1      60.15087      60.15087      2886.69     148.0100
  2    4538.59310      67.36908      3233.10     185.6644

 Path Red. Mass (AMU):    0.624020
 Path Length (Ang), s^2 (1e-3 Ang^2):  6.4728  23.1747
--------------------------------------------------------------
 Path Indices:    1   5   3   8
 PDOS Poles:
     Freq. (THz)    Weight
        4.085       0.010799349
        8.019       0.026853823
       13.198       0.001482945
       23.286       0.069576140
       25.350       0.003426111
       30.641       0.123627857
       32.039       0.155478647
       38.219       0.041289963
       41.686       0.079836845
       43.829       0.056584616
       44.208       0.007576437
       91.352       0.064204352
       92.721       0.132337158
       93.590       0.166748884
       93.669       0.021112644
       94.575       0.039064147

 PDOS Einstein freq (single pole), associated temp and eff. force constant: 
 Freq (THz)   Temp (K)   Eff. FC (N/m)
  65.643      3150.28     179.4360

 pDOS n Moments, associated Einstein freqs, temps and eff. force constants:
  n     Mom (THz^n)   Freq (THz)     Temp (K)    Eff. FC (N/m)
 -2       0.00165      24.64384      1182.68      25.2897
 -1       0.02712      36.86821      1769.34      56.6020
  0       1.00000     ---------     --------
  1      57.89042      57.89042      2778.21     139.5535
  2    4309.05504      65.64339      3150.28     179.4360

 Path Red. Mass (AMU):    0.635212
 Path Length (Ang), s^2 (1e-3 Ang^2):  6.4729  21.5801
--------------------------------------------------------------
 Path Indices:    1   5   3   9
 PDOS Poles:
     Freq. (THz)    Weight
        3.799       0.021249937
        7.501       0.005391113
       14.168       0.002011244
       20.201       0.030085999
       27.753       0.008575621
       30.158       0.094012935
       33.108       0.007311287
       38.132       0.187354126
       41.665       0.056542121
       43.744       0.021494496
       44.181       0.020587302
       91.352       0.116340594
       92.721       0.055983595
       93.590       0.030079451
       93.669       0.238147153
       94.575       0.104833132

 PDOS Einstein freq (single pole), associated temp and eff. force constant: 
 Freq (THz)   Temp (K)   Eff. FC (N/m)
  72.857      3496.46     208.8090

 pDOS n Moments, associated Einstein freqs, temps and eff. force constants:
  n     Mom (THz^n)   Freq (THz)     Temp (K)    Eff. FC (N/m)
 -2       0.00202      22.25393      1067.99      19.4815
 -1       0.02467      40.53777      1945.44      64.6441
  0       1.00000     ---------     --------
  1      66.27811      66.27811      3180.74     172.8024
  2    5308.10805      72.85676      3496.46     208.8090

 Path Red. Mass (AMU):    0.600068
 Path Length (Ang), s^2 (1e-3 Ang^2):  6.4528  20.7761
--------------------------------------------------------------
 Path Indices:    1   5   4   2
 PDOS Poles:
     Freq. (THz)    Weight
        3.136       0.010016786
        7.437       0.005338323
       13.135       0.009734213
       20.172       0.021056243
       23.519       0.015710842
       29.682       0.056747582
       32.634       0.004682119
       38.182       0.158536263
       39.630       0.001005633
       43.814       0.091988365
       44.214       0.021334120
       91.352       0.000108833
       92.721       0.561438068
       93.590       0.001345699
       93.669       0.026656518
       94.575       0.014300381

 PDOS Einstein freq (single pole), associated temp and eff. force constant: 
 Freq (THz)   Temp (K)   Eff. FC (N/m)
  75.674      3631.68     280.3840

 pDOS n Moments, associated Einstein freqs, temps and eff. force constants:
  n     Mom (THz^n)   Freq (THz)     Temp (K)    Eff. FC (N/m)
 -2       0.00156      25.32835      1215.53      31.4100
 -1       0.02169      46.11219      2212.96     104.1085
  0       1.00000     ---------     --------
  1      69.93969      69.93969      3356.47     239.4981
  2    5726.62180      75.67445      3631.68     280.3839

 Path Red. Mass (AMU):    0.746872
 Path Length (Ang), s^2 (1e-3 Ang^2):  7.4095  14.6745
--------------------------------------------------------------
 Path Indices:    1   5   4   3
 PDOS Poles:
     Freq. (THz)    Weight
        3.586       0.018825163
        6.752       0.009181063
       10.901       0.001075947
       20.060       0.008551365
       23.473       0.002345274
       29.700       0.035592425
       31.185       0.027083087
       37.781       0.041895114
       38.271       0.018155549
       43.816       0.098102015
       44.217       0.030441405
       91.352       0.000138607
       92.721       0.626955719
       93.590       0.005500931
       93.669       0.030741552
       94.575       0.045414775

 PDOS Einstein freq (single pole), associated temp and eff. force constant: 
 Freq (THz)   Temp (K)   Eff. FC (N/m)
  80.702      3872.98     268.1648

 pDOS n Moments, associated Einstein freqs, temps and eff. force constants:
  n     Mom (THz^n)   Freq (THz)     Temp (K)    Eff. FC (N/m)
 -2       0.00196      22.59505      1084.36      21.0211
 -1       0.02144      46.63651      2238.13      89.5532
  0       1.00000     ---------     --------
  1      76.02597      76.02597      3648.55     237.9868
  2    6512.87591      80.70239      3872.98     268.1648

 Path Red. Mass (AMU):    0.628088
 Path Length (Ang), s^2 (1e-3 Ang^2):  6.0800  17.2535
--------------------------------------------------------------
 Path Indices:    1   5   4   5
 PDOS Poles:
     Freq. (THz)    Weight
        3.587       0.009551672
        6.576       0.004739673
       12.198       0.000695887
       19.978       0.002557080
       23.309       0.002161046
       29.665       0.019722125
       31.101       0.041431776
       37.751       0.031666547
       38.220       0.031408333
       43.816       0.222089696
       44.217       0.067800871
       91.352       0.000102090
       92.721       0.519974763
       93.590       0.001986099
       93.669       0.024791881
       94.575       0.019320439

 PDOS Einstein freq (single pole), associated temp and eff. force constant: 
 Freq (THz)   Temp (K)   Eff. FC (N/m)
  74.759      3587.76     161.2190

 pDOS n Moments, associated Einstein freqs, temps and eff. force constants:
  n     Mom (THz^n)   Freq (THz)     Temp (K)    Eff. FC (N/m)
 -2       0.00119      28.96183      1389.90      24.1957
 -1       0.02002      49.94904      2397.10      71.9681
  0       1.00000     ---------     --------
  1      69.73148      69.73148      3346.47     140.2632
  2    5588.94990      74.75928      3587.76     161.2190

 Path Red. Mass (AMU):    0.440025
 Path Length (Ang), s^2 (1e-3 Ang^2):  6.7621  22.9943
--------------------------------------------------------------
 Path Indices:    1   5   4   6
 PDOS Poles:
     Freq. (THz)    Weight
        3.599       0.017892003
        7.625       0.013356883
       11.938       0.000524633
       20.192       0.010254350
       23.409       0.025953522
       31.128       0.053239919
       32.506       0.014455087
       37.776       0.152609836
       41.665       0.010837784
       43.811       0.071048545
       44.211       0.022434117
       91.352       0.000698970
       92.721       0.559912765
       93.590       0.000812516
       93.669       0.025898894
       94.575       0.020070161

 PDOS Einstein freq (single pole), associated temp and eff. force constant: 
 Freq (THz)   Temp (K)   Eff. FC (N/m)
  75.740      3634.84     264.9267

 pDOS n Moments, associated Einstein freqs, temps and eff. force constants:
  n     Mom (THz^n)   Freq (THz)     Temp (K)    Eff. FC (N/m)
 -2       0.00199      22.42990      1076.43      23.2342
 -1       0.02351      42.53369      2041.23      83.5487
  0       1.00000     ---------     --------
  1      69.81512      69.81512      3350.49     225.0985
  2    5736.56797      75.74013      3634.84     264.9267

 Path Red. Mass (AMU):    0.704474
 Path Length (Ang), s^2 (1e-3 Ang^2):  7.1507  16.8666
--------------------------------------------------------------
 Path Indices:    1   5   4   7
 PDOS Poles:
     Freq. (THz)    Weight
        2.846       0.010681084
        7.675       0.019973410
       11.788       0.000915001
       22.530       0.001740575
       24.433       0.001469607
       29.798       0.011842678
       32.222       0.055530063
       37.764       0.165788216
       41.684       0.042827778
       43.819       0.077562119
       44.215       0.030602313
       91.352       0.057528184
       92.721       0.422546774
       93.590       0.100241286
       93.669       0.000192693
       94.575       0.000558148

 PDOS Einstein freq (single pole), associated temp and eff. force constant: 
 Freq (THz)   Temp (K)   Eff. FC (N/m)
  74.756      3587.60     159.3310

 pDOS n Moments, associated Einstein freqs, temps and eff. force constants:
  n     Mom (THz^n)   Freq (THz)     Temp (K)    Eff. FC (N/m)
 -2       0.00200      22.35220      1072.70      14.2446
 -1       0.02284      43.78874      2101.46      54.6681
  0       1.00000     ---------     --------
  1      69.09638      69.09638      3316.00     136.1193
  2    5588.44597      74.75591      3587.60     159.3310

 Path Red. Mass (AMU):    0.434911
 Path Length (Ang), s^2 (1e-3 Ang^2):  8.0623  26.5376
--------------------------------------------------------------
 Path Indices:    1   5   4   8
 PDOS Poles:
     Freq. (THz)    Weight
        4.137       0.008519749
        8.103       0.015267408
       13.272       0.000496890
       23.342       0.185209584
       26.716       0.001215415
       30.927       0.111362623
       32.156       0.082305497
       37.868       0.016891112
       41.685       0.072925582
       43.824       0.030178600
       44.216       0.045645435
       91.352       0.032214616
       92.721       0.346493810
       93.590       0.030085781
       93.669       0.000330784
       94.575       0.020857084

 PDOS Einstein freq (single pole), associated temp and eff. force constant: 
 Freq (THz)   Temp (K)   Eff. FC (N/m)
  65.525      3144.59     138.4965

 pDOS n Moments, associated Einstein freqs, temps and eff. force constants:
  n     Mom (THz^n)   Freq (THz)     Temp (K)    Eff. FC (N/m)
 -2       0.00141      26.59761      1276.44      22.8199
 -1       0.02667      37.49114      1799.23      45.3404
  0       1.00000     ---------     --------
  1      57.52184      57.52184      2760.52     106.7318
  2    4293.48950      65.52472      3144.59     138.4965

 Path Red. Mass (AMU):    0.492062
 Path Length (Ang), s^2 (1e-3 Ang^2):  7.4993  27.3953
--------------------------------------------------------------
 Path Indices:    1   5   4   9
 PDOS Poles:
     Freq. (THz)    Weight
        3.795       0.016788526
        7.460       0.006288214
       13.974       0.003237791
       20.243       0.043122307
       24.174       0.010909257
       29.948       0.117385548
       31.674       0.050779637
       37.807       0.102250532
       41.677       0.056654113
       43.538       0.004007940
       43.825       0.118397025
       91.352       0.062141156
       92.721       0.223530510
       93.590       0.000125431
       93.669       0.180850534
       94.575       0.003531547

 PDOS Einstein freq (single pole), associated temp and eff. force constant: 
 Freq (THz)   Temp (K)   Eff. FC (N/m)
  68.708      3297.37     136.8216

 pDOS n Moments, associated Einstein freqs, temps and eff. force constants:
  n     Mom (THz^n)   Freq (THz)     Temp (K)    Eff. FC (N/m)
 -2       0.00182      23.42009      1123.95      15.8970
 -1       0.02552      39.18330      1880.44      44.4979
  0       1.00000     ---------     --------
  1      61.69502      61.69502      2960.80     110.3159
  2    4720.81350      68.70818      3297.37     136.8216

 Path Red. Mass (AMU):    0.442109
 Path Length (Ang), s^2 (1e-3 Ang^2):  7.4872  29.1739
--------------------------------------------------------------
 Path Indices:    1   5   6   2
 PDOS Poles:
     Freq. (THz)    Weight
        2.901       0.027079724
        7.948       0.068003245
       12.040       0.002961590
       20.080       0.047243388
       23.503       0.012048105
       30.886       0.078156061
       32.130       0.069293583
       38.190       0.057407987
       41.681       0.036160767
       43.723       0.002999490
       44.176       0.003416757
       91.352       0.003313580
       92.721       0.293408840
       93.590       0.035486447
       93.669       0.005652435
       94.575       0.257367986

 PDOS Einstein freq (single pole), associated temp and eff. force constant: 
 Freq (THz)   Temp (K)   Eff. FC (N/m)
  74.487      3574.68     936.2311

 pDOS n Moments, associated Einstein freqs, temps and eff. force constants:
  n     Mom (THz^n)   Freq (THz)     Temp (K)    Eff. FC (N/m)
 -2       0.00473      14.53357       697.48      35.6426
 -1       0.03457      28.92856      1388.31     141.2144
  0       1.00000     ---------     --------
  1      66.20757      66.20757      3177.36     739.6741
  2    5548.27451      74.48674      3574.68     936.2310

 Path Red. Mass (AMU):    2.574046
 Path Length (Ang), s^2 (1e-3 Ang^2):  8.0949   6.7871
--------------------------------------------------------------
 Path Indices:    1   5   6   3
 PDOS Poles:
     Freq. (THz)    Weight
        3.593       0.077335451
        6.718       0.037487801
       10.706       0.004399567
       20.058       0.054077647
       23.408       0.011889976
       31.003       0.079808520
       32.193       0.112640602
       38.165       0.030988546
       41.683       0.041994418
       43.523       0.000593433
       44.196       0.003282328
       91.352       0.004055131
       92.721       0.247529937
       93.590       0.035047401
       93.669       0.012557243
       94.575       0.246312006

 PDOS Einstein freq (single pole), associated temp and eff. force constant: 
 Freq (THz)   Temp (K)   Eff. FC (N/m)
  71.643      3438.21     828.5244

 pDOS n Moments, associated Einstein freqs, temps and eff. force constants:
  n     Mom (THz^n)   Freq (THz)     Temp (K)    Eff. FC (N/m)
 -2       0.00732      11.68953       560.99      22.0572
 -1       0.04453      22.45753      1077.76      81.4106
  0       1.00000     ---------     --------
  1      62.21726      62.21726      2985.86     624.8540
  2    5132.73064      71.64308      3438.21     828.5243

 Path Red. Mass (AMU):    2.462340
 Path Length (Ang), s^2 (1e-3 Ang^2):  6.8937   9.1393
--------------------------------------------------------------
 Path Indices:    1   5   6   4
 PDOS Poles:
     Freq. (THz)    Weight
        1.383       0.001451370
        4.387       0.063347546
        8.212       0.003799822
       13.098       0.000997492
       20.057       0.038481671
       29.634       0.001906028
       32.199       0.091860100
       38.223       0.084210190
       41.687       0.023963840
       43.816       0.007626820
       44.217       0.010455602
       91.352       0.001469270
       92.721       0.630923387
       93.590       0.000251154
       93.669       0.039255609
       94.575       0.000000046

 PDOS Einstein freq (single pole), associated temp and eff. force constant: 
 Freq (THz)   Temp (K)   Eff. FC (N/m)
  78.083      3747.25     572.2487

 pDOS n Moments, associated Einstein freqs, temps and eff. force constants:
  n     Mom (THz^n)   Freq (THz)     Temp (K)    Eff. FC (N/m)
 -2       0.00446      14.97845       718.83      21.0576
 -1       0.03129      31.95495      1533.55      95.8412
  0       1.00000     ---------     --------
  1      71.45940      71.45940      3429.40     479.2860
  2    6096.89673      78.08263      3747.25     572.2487

 Path Red. Mass (AMU):    1.431750
 Path Length (Ang), s^2 (1e-3 Ang^2):  7.5390  11.0473
--------------------------------------------------------------
 Path Indices:    1   5   6   5
 PDOS Poles:
     Freq. (THz)    Weight
        2.934       0.068961819
        5.786       0.047114098
        9.384       0.007628794
       20.048       0.021529557
       23.366       0.010094590
       31.015       0.091681767
       32.174       0.095461892
       38.211       0.033117178
       41.686       0.036461293
       43.784       0.002259729
       44.212       0.006953971
       91.352       0.003394562
       92.721       0.270198691
       93.590       0.026722383
       93.669       0.018343183
       94.575       0.260076508

 PDOS Einstein freq (single pole), associated temp and eff. force constant: 
 Freq (THz)   Temp (K)   Eff. FC (N/m)
  73.527      3528.61     496.6239

 pDOS n Moments, associated Einstein freqs, temps and eff. force constants:
  n     Mom (THz^n)   Freq (THz)     Temp (K)    Eff. FC (N/m)
 -2       0.00988      10.05980       482.78       9.2964
 -1       0.04803      20.82243       999.29      39.8291
  0       1.00000     ---------     --------
  1      64.49976      64.49976      3095.40     382.1674
  2    5406.17583      73.52670      3528.61     496.6238

 Path Red. Mass (AMU):    1.401292
 Path Length (Ang), s^2 (1e-3 Ang^2):  7.5388  17.3207
--------------------------------------------------------------
 Path Indices:    1   5   6   7
 PDOS Poles:
     Freq. (THz)    Weight
        2.818       0.023508917
        7.638       0.042904442
       11.380       0.001900889
       21.252       0.002137313
       23.401       0.046679484
       30.420       0.007953904
       32.223       0.087452867
       37.862       0.031601083
       41.675       0.024368539
       43.519       0.001545674
       43.841       0.042788967
       91.352       0.133959449
       92.721       0.145197346
       93.590       0.126497905
       93.669       0.034617076
       94.575       0.246886107

 PDOS Einstein freq (single pole), associated temp and eff. force constant: 
 Freq (THz)   Temp (K)   Eff. FC (N/m)
  79.288      3805.11     391.5638

 pDOS n Moments, associated Einstein freqs, temps and eff. force constants:
  n     Mom (THz^n)   Freq (THz)     Temp (K)    Eff. FC (N/m)
 -2       0.00403      15.74886       755.80      15.4484
 -1       0.02899      34.49084      1655.25      74.0958
  0       1.00000     ---------     --------
  1      72.89951      72.89951      3498.51     331.0057
  2    6286.60501      79.28811      3805.11     391.5638

 Path Red. Mass (AMU):    0.950118
 Path Length (Ang), s^2 (1e-3 Ang^2):  6.4714  15.4221
--------------------------------------------------------------
 Path Indices:    1   5   6   8
 PDOS Poles:
     Freq. (THz)    Weight
        4.055       0.016987840
        7.973       0.033692099
       12.936       0.000798328
       21.479       0.002341802
       23.782       0.005781665
       30.953       0.087861205
       32.176       0.098387208
       38.005       0.013834933
       41.680       0.024961687
       43.810       0.037499626
       43.948       0.006660411
       91.352       0.137092316
       92.721       0.148029509
       93.590       0.306198349
       93.669       0.065749158
       94.575       0.014123717

 PDOS Einstein freq (single pole), associated temp and eff. force constant: 
 Freq (THz)   Temp (K)   Eff. FC (N/m)
  78.378      3761.41     392.9961

 pDOS n Moments, associated Einstein freqs, temps and eff. force constants:
  n     Mom (THz^n)   Freq (THz)     Temp (K)    Eff. FC (N/m)
 -2       0.00189      22.97404      1102.54      33.7660
 -1       0.02392      41.81285      2006.63     111.8469
  0       1.00000     ---------     --------
  1      72.32324      72.32324      3470.86     334.6266
  2    6143.04106      78.37755      3761.41     392.9960

 Path Red. Mass (AMU):    0.975879
 Path Length (Ang), s^2 (1e-3 Ang^2):  6.4713  12.3857
--------------------------------------------------------------
 Path Indices:    1   5   6   9
 PDOS Poles:
     Freq. (THz)    Weight
        3.624       0.026073456
        6.687       0.010409446
       12.610       0.001925379
       20.075       0.032823607
       23.640       0.003779258
       29.774       0.038049264
       31.314       0.022170795
       38.204       0.033107342
       41.677       0.008347029
       43.658       0.000572703
       44.215       0.014707292
       91.352       0.208662861
       92.721       0.025462295
       93.590       0.023891082
       93.669       0.467604133
       94.575       0.082414283

 PDOS Einstein freq (single pole), associated temp and eff. force constant: 
 Freq (THz)   Temp (K)   Eff. FC (N/m)
  84.699      4064.78     382.4685

 pDOS n Moments, associated Einstein freqs, temps and eff. force constants:
  n     Mom (THz^n)   Freq (THz)     Temp (K)    Eff. FC (N/m)
 -2       0.00251      19.95226       957.53      21.2238
 -1       0.02277      43.90938      2107.25     102.7905
  0       1.00000     ---------     --------
  1      80.30474      80.30474      3853.89     343.8118
  2    7173.93378      84.69908      4064.78     382.4686

 Path Red. Mass (AMU):    0.813260
 Path Length (Ang), s^2 (1e-3 Ang^2):  6.4721  14.1527
--------------------------------------------------------------
 Path Indices:    1   5   7   2
 PDOS Poles:
     Freq. (THz)    Weight
        2.948       0.008871677
        7.993       0.044334807
       12.924       0.000919526
       23.329       0.187468162
       25.848       0.002723381
       30.164       0.020291344
       32.248       0.125649786
       37.816       0.096313915
       41.683       0.120829175
       43.613       0.005299008
       43.837       0.115797328
       91.352       0.051238695
       92.721       0.072203024
       93.590       0.028696235
       93.669       0.010626196
       94.575       0.108737769

 PDOS Einstein freq (single pole), associated temp and eff. force constant: 
 Freq (THz)   Temp (K)   Eff. FC (N/m)
  56.585      2715.55     189.6764

 pDOS n Moments, associated Einstein freqs, temps and eff. force constants:
  n     Mom (THz^n)   Freq (THz)     Temp (K)    Eff. FC (N/m)
 -2       0.00244      20.23021       970.87      24.2446
 -1       0.03246      30.81054      1478.62      56.2358
  0       1.00000     ---------     --------
  1      48.82664      48.82664      2343.23     141.2303
  2    3201.83509      56.58476      2715.55     189.6764

 Path Red. Mass (AMU):    0.903661
 Path Length (Ang), s^2 (1e-3 Ang^2):  8.6365  18.1518
--------------------------------------------------------------
 Path Indices:    1   5   7   3
 PDOS Poles:
     Freq. (THz)    Weight
        3.624       0.026863906
        7.443       0.017738791
       13.569       0.000418622
       20.500       0.009752300
       23.378       0.157006630
       30.234       0.013207726
       32.240       0.097173818
       37.801       0.103845091
       41.682       0.076098311
       43.815       0.084324725
       44.204       0.020856722
       91.352       0.096593734
       92.721       0.061597319
       93.590       0.072307241
       93.669       0.025361239
       94.575       0.136853804

 PDOS Einstein freq (single pole), associated temp and eff. force constant: 
 Freq (THz)   Temp (K)   Eff. FC (N/m)
  64.056      3074.12     212.6568

 pDOS n Moments, associated Einstein freqs, temps and eff. force constants:
  n     Mom (THz^n)   Freq (THz)     Temp (K)    Eff. FC (N/m)
 -2       0.00300      18.24856       875.76      17.2588
 -1       0.03165      31.59406      1516.23      51.7327
  0       1.00000     ---------     --------
  1      55.97275      55.97275      2686.18     162.3707
  2    4103.22061      64.05639      3074.12     212.6568

 Path Red. Mass (AMU):    0.790580
 Path Length (Ang), s^2 (1e-3 Ang^2):  7.8934  20.2336
--------------------------------------------------------------
 Path Indices:    1   5   7   4
 PDOS Poles:
     Freq. (THz)    Weight
        4.262       0.026595953
        7.583       0.009412308
       19.725       0.006092141
       23.265       0.089931431
       26.731       0.004507750
       30.868       0.053243602
       32.370       0.074405402
       38.094       0.087126566
       41.669       0.039048008
       43.803       0.058959076
       44.154       0.009706036
       91.352       0.095464843
       92.721       0.286756260
       93.590       0.149325843
       93.669       0.006706502
       94.575       0.002718188

 PDOS Einstein freq (single pole), associated temp and eff. force constant: 
 Freq (THz)   Temp (K)   Eff. FC (N/m)
  71.857      3448.46     209.4891

 pDOS n Moments, associated Einstein freqs, temps and eff. force constants:
  n     Mom (THz^n)   Freq (THz)     Temp (K)    Eff. FC (N/m)
 -2       0.00212      21.69829      1041.32      19.1020
 -1       0.02647      37.77638      1812.92      57.8988
  0       1.00000     ---------     --------
  1      64.69687      64.69687      3104.86     169.8225
  2    5163.36184      71.85654      3448.46     209.4890

 Path Red. Mass (AMU):    0.618899
 Path Length (Ang), s^2 (1e-3 Ang^2):  8.8008  21.6165
--------------------------------------------------------------
 Path Indices:    1   5   7   5
 PDOS Poles:
     Freq. (THz)    Weight
        2.555       0.037786481
        7.177       0.030409972
       11.361       0.001015726
       23.129       0.101635613
       23.568       0.098973728
       31.763       0.050573299
       32.642       0.035198664
       37.841       0.118442549
       41.680       0.085849119
       43.811       0.107575882
       44.209       0.048351892
       91.352       0.061366624
       92.721       0.063546122
       93.590       0.041607350
       93.669       0.012860295
       94.575       0.104806669

 PDOS Einstein freq (single pole), associated temp and eff. force constant: 
 Freq (THz)   Temp (K)   Eff. FC (N/m)
  57.382      2753.81     135.5960

 pDOS n Moments, associated Einstein freqs, temps and eff. force constants:
  n     Mom (THz^n)   Freq (THz)     Temp (K)    Eff. FC (N/m)
 -2       0.00708      11.88271       570.26       5.8147
 -1       0.04216      23.71667      1138.18      23.1635
  0       1.00000     ---------     --------
  1      49.18451      49.18451      2360.41      99.6217
  2    3292.68153      57.38189      2753.81     135.5960

 Path Red. Mass (AMU):    0.628186
 Path Length (Ang), s^2 (1e-3 Ang^2):  8.2392  33.9222
--------------------------------------------------------------
 Path Indices:    1   5   7   6
 PDOS Poles:
     Freq. (THz)    Weight
        3.457       0.023234426
        7.611       0.025970897
       11.354       0.000853372
       20.344       0.006190474
       23.367       0.099264605
       31.989       0.055173749
       33.695       0.004450358
       37.962       0.066731220
       41.629       0.009745183
       43.805       0.059702347
       44.167       0.008633039
       91.352       0.150163656
       92.721       0.090007998
       93.590       0.163900704
       93.669       0.056180181
       94.575       0.179797732

 PDOS Einstein freq (single pole), associated temp and eff. force constant: 
 Freq (THz)   Temp (K)   Eff. FC (N/m)
  76.995      3695.08     355.6605

 pDOS n Moments, associated Einstein freqs, temps and eff. force constants:
  n     Mom (THz^n)   Freq (THz)     Temp (K)    Eff. FC (N/m)
 -2       0.00281      18.84974       904.62      21.3165
 -1       0.02703      36.99071      1775.22      82.0901
  0       1.00000     ---------     --------
  1      70.25304      70.25304      3371.50     296.0982
  2    5928.29829      76.99544      3695.08     355.6605

 Path Red. Mass (AMU):    0.915160
 Path Length (Ang), s^2 (1e-3 Ang^2):  6.8215  14.9292
--------------------------------------------------------------
 Path Indices:    1   5   7   8
 PDOS Poles:
     Freq. (THz)    Weight
        3.983       0.012544435
        7.753       0.044919304
       12.511       0.001537345
       23.330       0.022068947
       27.785       0.001844432
       30.318       0.037424234
       32.163       0.133531320
       37.910       0.007685548
       41.685       0.039894125
       43.817       0.016787750
       44.216       0.042732558
       91.352       0.355067331
       92.721       0.086949261
       93.590       0.000503764
       93.669       0.152351461
       94.575       0.044158256

 PDOS Einstein freq (single pole), associated temp and eff. force constant: 
 Freq (THz)   Temp (K)   Eff. FC (N/m)
  76.367      3664.94     275.1318

 pDOS n Moments, associated Einstein freqs, temps and eff. force constants:
  n     Mom (THz^n)   Freq (THz)     Temp (K)    Eff. FC (N/m)
 -2       0.00189      22.97454      1102.57      24.9011
 -1       0.02490      40.16522      1927.56      76.1071
  0       1.00000     ---------     --------
  1      69.98460      69.98460      3358.62     231.0628
  2    5831.97663      76.36738      3664.94     275.1318

 Path Red. Mass (AMU):    0.719642
 Path Length (Ang), s^2 (1e-3 Ang^2):  7.5007  17.4847
--------------------------------------------------------------
 Path Indices:    1   5   7   9
 PDOS Poles:
     Freq. (THz)    Weight
        3.685       0.020844313
        7.401       0.009984882
       15.141       0.001102017
       20.454       0.021354654
       23.454       0.071415118
       29.935       0.019734345
       33.925       0.002303666
       37.987       0.084612302
       41.589       0.008360774
       43.806       0.080263063
       44.174       0.014141115
       91.352       0.407275122
       92.721       0.016592392
       93.590       0.049552878
       93.669       0.093239365
       94.575       0.099224013

 PDOS Einstein freq (single pole), associated temp and eff. force constant: 
 Freq (THz)   Temp (K)   Eff. FC (N/m)
  77.903      3738.63     236.7227

 pDOS n Moments, associated Einstein freqs, temps and eff. force constants:
  n     Mom (THz^n)   Freq (THz)     Temp (K)    Eff. FC (N/m)
 -2       0.00212      21.73259      1042.97      18.4228
 -1       0.02369      42.21924      2026.14      69.5271
  0       1.00000     ---------     --------
  1      72.14990      72.14990      3462.54     203.0507
  2    6068.85539      77.90286      3738.63     236.7227

 Path Red. Mass (AMU):    0.595010
 Path Length (Ang), s^2 (1e-3 Ang^2):  7.4992  20.1182
--------------------------------------------------------------
 Path Indices:    1   5   8   2
 PDOS Poles:
     Freq. (THz)    Weight
        2.801       0.008951443
        7.868       0.048119177
       12.543       0.000930678
       23.198       0.023137334
       25.836       0.002887210
       30.617       0.106175270
       32.076       0.136551548
       38.028       0.015568147
       41.684       0.068811875
       43.821       0.067720975
       44.014       0.004835743
       91.352       0.095015656
       92.721       0.145340315
       93.590       0.213031926
       93.669       0.035222224
       94.575       0.027700358

 PDOS Einstein freq (single pole), associated temp and eff. force constant: 
 Freq (THz)   Temp (K)   Eff. FC (N/m)
  70.741      3394.92     261.6077

 pDOS n Moments, associated Einstein freqs, temps and eff. force constants:
  n     Mom (THz^n)   Freq (THz)     Temp (K)    Eff. FC (N/m)
 -2       0.00237      20.56072       986.73      22.0996
 -1       0.02749      36.37925      1745.87      69.1856
  0       1.00000     ---------     --------
  1      63.31089      63.31089      3038.34     209.5391
  2    5004.28724      70.74099      3394.92     261.6076

 Path Red. Mass (AMU):    0.797443
 Path Length (Ang), s^2 (1e-3 Ang^2):  9.2011  17.4209
--------------------------------------------------------------
 Path Indices:    1   5   8   3
 PDOS Poles:
     Freq. (THz)    Weight
        3.738       0.023730088
        7.543       0.011613627
       14.549       0.000362587
       20.610       0.009115340
       23.646       0.017667778
       30.741       0.108586601
       32.064       0.108838336
       37.936       0.019240512
       41.681       0.040273930
       43.812       0.026766726
       44.195       0.009312044
       91.352       0.146683592
       92.721       0.126352185
       93.590       0.279189688
       93.669       0.062615614
       94.575       0.009651233

 PDOS Einstein freq (single pole), associated temp and eff. force constant: 
 Freq (THz)   Temp (K)   Eff. FC (N/m)
  76.079      3651.12     268.0572

 pDOS n Moments, associated Einstein freqs, temps and eff. force constants:
  n     Mom (THz^n)   Freq (THz)     Temp (K)    Eff. FC (N/m)
 -2       0.00231      20.82800       999.55      20.0904
 -1       0.02505      39.92741      1916.15      73.8304
  0       1.00000     ---------     --------
  1      69.63048      69.63048      3341.63     224.5389
  2    5788.08008      76.07943      3651.12     268.0571

 Path Red. Mass (AMU):    0.706454
 Path Length (Ang), s^2 (1e-3 Ang^2):  8.4551  17.9172
--------------------------------------------------------------
 Path Indices:    1   5   8   4
 PDOS Poles:
     Freq. (THz)    Weight
        4.269       0.026756357
        7.590       0.009290420
       19.713       0.006072444
       23.263       0.090808137
       26.651       0.004516014
       30.869       0.052459265
       32.369       0.074450758
       38.094       0.087111907
       41.669       0.039114419
       43.799       0.059385842
       44.153       0.009344235
       91.352       0.094913420
       92.721       0.285559205
       93.590       0.138118127
       93.669       0.019201361
       94.575       0.002898013

 PDOS Einstein freq (single pole), associated temp and eff. force constant: 
 Freq (THz)   Temp (K)   Eff. FC (N/m)
  71.843      3447.83     209.5641

 pDOS n Moments, associated Einstein freqs, temps and eff. force constants:
  n     Mom (THz^n)   Freq (THz)     Temp (K)    Eff. FC (N/m)
 -2       0.00213      21.68416      1040.64      19.0910
 -1       0.02650      37.74192      1811.27      57.8351
  0       1.00000     ---------     --------
  1      64.67554      64.67554      3103.84     169.8338
  2    5161.46561      71.84334      3447.82     209.5641

 Path Red. Mass (AMU):    0.619349
 Path Length (Ang), s^2 (1e-3 Ang^2):  8.7994  21.6205
--------------------------------------------------------------
 Path Indices:    1   5   8   5
 PDOS Poles:
     Freq. (THz)    Weight
        3.537       0.019256373
        7.328       0.010068404
       11.960       0.000412109
       22.215       0.005491235
       23.822       0.011156940
       30.834       0.091295498
       32.103       0.076222844
       38.075       0.019203771
       41.678       0.025191210
       43.806       0.017233832
       44.174       0.004468387
       91.352       0.172588130
       92.721       0.140888266
       93.590       0.322793057
       93.669       0.073962290
       94.575       0.009767520

 PDOS Einstein freq (single pole), associated temp and eff. force constant: 
 Freq (THz)   Temp (K)   Eff. FC (N/m)
  80.646      3870.28     233.8909

 pDOS n Moments, associated Einstein freqs, temps and eff. force constants:
  n     Mom (THz^n)   Freq (THz)     Temp (K)    Eff. FC (N/m)
 -2       0.00205      22.07048      1059.18      17.5174
 -1       0.02226      44.92846      2156.16      72.5919
  0       1.00000     ---------     --------
  1      75.42144      75.42144      3619.54     204.5667
  2    6503.81156      80.64621      3870.28     233.8909

 Path Red. Mass (AMU):    0.548576
 Path Length (Ang), s^2 (1e-3 Ang^2):  9.3623  20.5053
--------------------------------------------------------------
 Path Indices:    1   5   8   6
 PDOS Poles:
     Freq. (THz)    Weight
        2.986       0.011083434
        5.279       0.011149800
        8.279       0.012208681
       20.078       0.004233497
       23.440       0.001659363
       31.035       0.056017127
       32.170       0.036501528
       38.221       0.020245810
       41.675       0.000712539
       43.825       0.005813991
       44.209       0.000874930
       91.352       0.187395416
       92.721       0.149934331
       93.590       0.390858244
       93.669       0.105602787
       94.575       0.005708369

 PDOS Einstein freq (single pole), associated temp and eff. force constant: 
 Freq (THz)   Temp (K)   Eff. FC (N/m)
  85.984      4126.46     347.9059

 pDOS n Moments, associated Einstein freqs, temps and eff. force constants:
  n     Mom (THz^n)   Freq (THz)     Temp (K)    Eff. FC (N/m)
 -2       0.00204      22.12277      1061.69      23.0304
 -1       0.02025      49.37861      2369.72     114.7363
  0       1.00000     ---------     --------
  1      82.35960      82.35960      3952.51     319.1917
  2    7393.30298      85.98432      4126.46     347.9058

 Path Red. Mass (AMU):    0.717818
 Path Length (Ang), s^2 (1e-3 Ang^2):  7.3831  14.2584
--------------------------------------------------------------
 Path Indices:    1   5   8   7
 PDOS Poles:
     Freq. (THz)    Weight
        2.819       0.013568584
        7.693       0.027301854
       11.971       0.001502989
       23.167       0.005517065
       25.168       0.001095766
       29.925       0.028501696
       32.163       0.092133170
       37.814       0.010966900
       41.682       0.015092743
       43.814       0.019416406
       44.216       0.045562904
       91.352       0.365451569
       92.721       0.135428901
       93.590       0.038488354
       93.669       0.155218059
       94.575       0.044753095

 PDOS Einstein freq (single pole), associated temp and eff. force constant: 
 Freq (THz)   Temp (K)   Eff. FC (N/m)
  81.290      3901.17     241.9049

 pDOS n Moments, associated Einstein freqs, temps and eff. force constants:
  n     Mom (THz^n)   Freq (THz)     Temp (K)    Eff. FC (N/m)
 -2       0.00245      20.20877       969.84      14.9504
 -1       0.02271      44.02393      2112.75      70.9496
  0       1.00000     ---------     --------
  1      76.46266      76.46266      3669.51     214.0282
  2    6608.03778      81.28984      3901.17     241.9049

 Path Red. Mass (AMU):    0.558423
 Path Length (Ang), s^2 (1e-3 Ang^2):  8.0623  20.5576
--------------------------------------------------------------
 Path Indices:    1   5   8   9
 PDOS Poles:
     Freq. (THz)    Weight
        3.664       0.017143307
        6.966       0.006682555
       12.725       0.000887666
       20.115       0.016341776
       23.925       0.002381415
       30.213       0.023974117
       31.276       0.045159126
       38.201       0.035547406
       41.606       0.001147156
       43.827       0.032091841
       44.203       0.004878389
       91.352       0.457122379
       92.721       0.050646556
       93.590       0.258390550
       93.669       0.039006758
       94.575       0.008598883

 PDOS Einstein freq (single pole), associated temp and eff. force constant: 
 Freq (THz)   Temp (K)   Eff. FC (N/m)
  84.453      4052.99     245.3141

 pDOS n Moments, associated Einstein freqs, temps and eff. force constants:
  n     Mom (THz^n)   Freq (THz)     Temp (K)    Eff. FC (N/m)
 -2       0.00168      24.41852      1171.87      20.5082
 -1       0.01948      51.34332      2464.01      90.6685
  0       1.00000     ---------     --------
  1      80.77560      80.77560      3876.49     224.4136
  2    7132.36650      84.45334      4052.99     245.3140

 Path Red. Mass (AMU):    0.524662
 Path Length (Ang), s^2 (1e-3 Ang^2):  8.0609  18.7612
--------------------------------------------------------------
 Path Indices:    1   5   9   2
 PDOS Poles:
     Freq. (THz)    Weight
        3.115       0.010563722
        7.511       0.026956867
       12.986       0.008538325
       20.060       0.075258029
       23.576       0.002286112
       29.641       0.130993235
       32.228       0.014574091
       38.198       0.032498295
       41.686       0.072049903
       43.822       0.028583207
       44.215       0.019480427
       91.352       0.169032536
       92.721       0.018422212
       93.590       0.018894456
       93.669       0.316942012
       94.575       0.054926713

 PDOS Einstein freq (single pole), associated temp and eff. force constant: 
 Freq (THz)   Temp (K)   Eff. FC (N/m)
  73.736      3538.66     341.5509

 pDOS n Moments, associated Einstein freqs, temps and eff. force constants:
  n     Mom (THz^n)   Freq (THz)     Temp (K)    Eff. FC (N/m)
 -2       0.00213      21.68340      1040.61      29.5358
 -1       0.02625      38.10190      1828.54      91.1985
  0       1.00000     ---------     --------
  1      66.42132      66.42132      3187.62     277.1464
  2    5437.02357      73.73618      3538.66     341.5510

 Path Red. Mass (AMU):    0.958265
 Path Length (Ang), s^2 (1e-3 Ang^2):  9.4134  13.8418
--------------------------------------------------------------
 Path Indices:    1   5   9   3
 PDOS Poles:
     Freq. (THz)    Weight
        3.712       0.029831008
        6.933       0.022522615
       12.926       0.006202681
       20.058       0.075477242
       23.526       0.002198315
       29.639       0.181450381
       32.215       0.023013937
       38.202       0.036483446
       41.687       0.114561422
       43.821       0.033808287
       44.216       0.031421409
       91.352       0.120203319
       92.721       0.021376840
       93.590       0.016543419
       93.669       0.233242880
       94.575       0.051662907

 PDOS Einstein freq (single pole), associated temp and eff. force constant: 
 Freq (THz)   Temp (K)   Eff. FC (N/m)
  66.606      3196.50     262.4640

 pDOS n Moments, associated Einstein freqs, temps and eff. force constants:
  n     Mom (THz^n)   Freq (THz)     Temp (K)    Eff. FC (N/m)
 -2       0.00327      17.49528       839.61      18.1084
 -1       0.03240      30.86111      1481.05      56.3457
  0       1.00000     ---------     --------
  1      58.31712      58.31712      2798.69     201.2009
  2    4436.41292      66.60640      3196.50     262.4641

 Path Red. Mass (AMU):    0.902462
 Path Length (Ang), s^2 (1e-3 Ang^2):  7.8579  18.1461
--------------------------------------------------------------
 Path Indices:    1   5   9   4
 PDOS Poles:
     Freq. (THz)    Weight
        1.368       0.000825816
        4.383       0.039676914
       13.081       0.008191255
       15.718       0.000010921
       20.057       0.097422563
       29.634       0.172541583
       32.199       0.015757581
       38.223       0.046800407
       41.687       0.128414172
       43.816       0.025523116
       44.217       0.032979640
       91.352       0.074785361
       92.721       0.158462745
       93.590       0.001158940
       93.669       0.197448875
       94.575       0.000000205

 PDOS Einstein freq (single pole), associated temp and eff. force constant: 
 Freq (THz)   Temp (K)   Eff. FC (N/m)
  65.903      3162.75     240.7356

 pDOS n Moments, associated Einstein freqs, temps and eff. force constants:
  n     Mom (THz^n)   Freq (THz)     Temp (K)    Eff. FC (N/m)
 -2       0.00319      17.69435       849.17      17.3539
 -1       0.03173      31.51347      1512.36      55.0453
  0       1.00000     ---------     --------
  1      57.70356      57.70356      2769.24     184.5581
  2    4343.22608      65.90316      3162.75     240.7356

 Path Red. Mass (AMU):    0.845511
 Path Length (Ang), s^2 (1e-3 Ang^2):  8.2102  18.9685
--------------------------------------------------------------
 Path Indices:    1   5   9   5
 PDOS Poles:
     Freq. (THz)    Weight
        3.624       0.035587858
        7.144       0.054168258
       12.986       0.007285325
       20.071       0.079535770
       23.660       0.005004522
       29.645       0.190836745
       32.262       0.024509755
       38.167       0.039918537
       41.686       0.134144460
       43.825       0.073370852
       44.214       0.038494202
       91.352       0.074456461
       92.721       0.026456917
       93.590       0.013664335
       93.669       0.152714997
       94.575       0.049851074

 PDOS Einstein freq (single pole), associated temp and eff. force constant: 
 Freq (THz)   Temp (K)   Eff. FC (N/m)
  59.112      2836.84     175.0863

 pDOS n Moments, associated Einstein freqs, temps and eff. force constants:
  n     Mom (THz^n)   Freq (THz)     Temp (K)    Eff. FC (N/m)
 -2       0.00446      14.97199       718.52      11.2321
 -1       0.03955      25.28528      1213.46      32.0359
  0       1.00000     ---------     --------
  1      50.35926      50.35926      2416.78     127.0749
  2    3494.22696      59.11199      2836.84     175.0863

 Path Red. Mass (AMU):    0.764350
 Path Length (Ang), s^2 (1e-3 Ang^2):  8.2081  26.1496
--------------------------------------------------------------
 Path Indices:    1   5   9   6
 PDOS Poles:
     Freq. (THz)    Weight
        3.609       0.026856306
        7.328       0.032734843
       12.313       0.002619495
       20.054       0.039252603
       23.458       0.002661936
       29.643       0.091225918
       32.690       0.000568466
       38.176       0.018793314
       41.683       0.020628751
       43.823       0.026173329
       44.212       0.011812332
       91.352       0.199161237
       92.721       0.017268643
       93.590       0.022495240
       93.669       0.425784683
       94.575       0.061963106

 PDOS Einstein freq (single pole), associated temp and eff. force constant: 
 Freq (THz)   Temp (K)   Eff. FC (N/m)
  80.837      3879.45     462.3570

 pDOS n Moments, associated Einstein freqs, temps and eff. force constants:
  n     Mom (THz^n)   Freq (THz)     Temp (K)    Eff. FC (N/m)
 -2       0.00302      18.18656       872.79      23.4022
 -1       0.02695      37.11219      1781.05      97.4514
  0       1.00000     ---------     --------
  1      74.83128      74.83128      3591.22     396.2063
  2    6534.65154      80.83719      3879.45     462.3571

 Path Red. Mass (AMU):    1.079310
 Path Length (Ang), s^2 (1e-3 Ang^2):  6.8067  12.6172
--------------------------------------------------------------
 Path Indices:    1   5   9   7
 PDOS Poles:
     Freq. (THz)    Weight
        2.983       0.019250796
        7.496       0.057785211
       13.275       0.000612497
       20.390       0.012814800
       23.477       0.038421327
       29.959       0.038872273
       32.041       0.011456065
       37.831       0.048643981
       41.678       0.034913069
       43.818       0.046103922
       44.156       0.005469302
       91.352       0.402834115
       92.721       0.029136645
       93.590       0.051332322
       93.669       0.080676619
       94.575       0.121677066

 PDOS Einstein freq (single pole), associated temp and eff. force constant: 
 Freq (THz)   Temp (K)   Eff. FC (N/m)
  78.512      3767.86     313.3271

 pDOS n Moments, associated Einstein freqs, temps and eff. force constants:
  n     Mom (THz^n)   Freq (THz)     Temp (K)    Eff. FC (N/m)
 -2       0.00351      16.87552       809.87      14.4757
 -1       0.02885      34.66438      1663.57      61.0789
  0       1.00000     ---------     --------
  1      72.12069      72.12069      3461.14     264.3897
  2    6164.14932      78.51210      3767.86     313.3271

 Path Red. Mass (AMU):    0.775383
 Path Length (Ang), s^2 (1e-3 Ang^2):  7.4836  18.8029
--------------------------------------------------------------
 Path Indices:    1   5   9   8
 PDOS Poles:
     Freq. (THz)    Weight
        4.129       0.016451544
        8.064       0.018486075
       16.623       0.000688159
       20.476       0.014603877
       23.769       0.012835713
       30.001       0.049877016
       31.742       0.023294970
       37.904       0.028001978
       41.618       0.028817311
       41.841       0.011759813
       44.212       0.004340256
       91.352       0.466045833
       92.721       0.033348905
       93.590       0.221857493
       93.669       0.063782569
       94.575       0.005808401

 PDOS Einstein freq (single pole), associated temp and eff. force constant: 
 Freq (THz)   Temp (K)   Eff. FC (N/m)
  83.267      3996.06     408.2619

 pDOS n Moments, associated Einstein freqs, temps and eff. force constants:
  n     Mom (THz^n)   Freq (THz)     Temp (K)    Eff. FC (N/m)
 -2       0.00153      25.60132      1228.63      38.5937
 -1       0.02035      49.13487      2358.03     142.1581
  0       1.00000     ---------     --------
  1      78.96675      78.96675      3789.68     367.1812
  2    6933.40933      83.26710      3996.06     408.2618

 Path Red. Mass (AMU):    0.898221
 Path Length (Ang), s^2 (1e-3 Ang^2):  7.4838  11.4512
--------------------------------------------------------------
 Path Indices:    1   6   1   2
 PDOS Poles:
     Freq. (THz)    Weight
        0.554       0.002666370
        4.378       0.038091093
        8.168       0.440159259
       13.085       0.146356890
       20.057       0.004915614
       29.634       0.137261550
       32.199       0.069512463
       38.223       0.004292722
       41.687       0.131868061
       43.816       0.000216928
       44.217       0.000451403
       91.352       0.018214340
       92.721       0.000217317
       93.590       0.000036531
       93.669       0.005739486
       94.575       0.000000012

 PDOS Einstein freq (single pole), associated temp and eff. force constant: 
 Freq (THz)   Temp (K)   Eff. FC (N/m)
  26.287      1261.55     315.5676

 pDOS n Moments, associated Einstein freqs, temps and eff. force constants:
  n     Mom (THz^n)   Freq (THz)     Temp (K)    Eff. FC (N/m)
 -2       0.01844       7.36327       353.37      24.7594
 -1       0.08918      11.21387       538.16      57.4261
  0       1.00000     ---------     --------
  1      19.99892      19.99892       959.77     182.6465
  2     691.02520      26.28736      1261.55     315.5676

 Path Red. Mass (AMU):    6.966100
 Path Length (Ang), s^2 (1e-3 Ang^2): 11.1802   6.5222
--------------------------------------------------------------
 Path Indices:    1   6   1   3
 PDOS Poles:
     Freq. (THz)    Weight
        0.348       0.006493910
        4.374       0.253691089
        8.168       0.424846448
       13.086       0.007339640
       20.057       0.146227798
       29.634       0.001148582
       32.199       0.007228614
       38.223       0.055340560
       41.687       0.073454326
       43.816       0.006422682
       44.217       0.000314074
       91.352       0.012194779
       92.721       0.001742587
       93.590       0.000022311
       93.669       0.003532380
       94.575       0.000000014

 PDOS Einstein freq (single pole), associated temp and eff. force constant: 
 Freq (THz)   Temp (K)   Eff. FC (N/m)
  21.707      1041.71     156.8722

 pDOS n Moments, associated Einstein freqs, temps and eff. force constants:
  n     Mom (THz^n)   Freq (THz)     Temp (K)    Eff. FC (N/m)
 -2       0.07381       3.68081       176.65       4.5108
 -1       0.14035       7.12519       341.94      16.9028
  0       1.00000     ---------     --------
  1      14.95922      14.95922       717.91      74.5048
  2     471.17220      21.70650      1041.71     156.8722

 Path Red. Mass (AMU):    5.078758
 Path Length (Ang), s^2 (1e-3 Ang^2): 12.1405  14.8286
--------------------------------------------------------------
 Path Indices:    1   6   1   4
 PDOS Poles:
     Freq. (THz)    Weight
        3.547       0.067006555
        7.817       0.056534178
       14.266       0.002760148
       20.882       0.021172311
       25.241       0.010103033
       30.916       0.208208956
       33.999       0.011194555
       38.027       0.527405501
       41.126       0.015065340
       42.423       0.007072009
       43.863       0.020681774
       91.352       0.001899167
       92.721       0.026808559
       93.590       0.003677352
       93.669       0.000174427
       94.575       0.020236134

 PDOS Einstein freq (single pole), associated temp and eff. force constant: 
 Freq (THz)   Temp (K)   Eff. FC (N/m)
  39.169      1879.76      91.0700

 pDOS n Moments, associated Einstein freqs, temps and eff. force constants:
  n     Mom (THz^n)   Freq (THz)     Temp (K)    Eff. FC (N/m)
 -2       0.00695      11.99557       575.68       8.5414
 -1       0.05023      19.90805       955.40      23.5258
  0       1.00000     ---------     --------
  1      35.04999      35.04999      1682.08      72.9227
  2    1534.22074      39.16913      1879.76      91.0700

 Path Red. Mass (AMU):    0.905479
 Path Length (Ang), s^2 (1e-3 Ang^2): 12.2335  28.0361
--------------------------------------------------------------
 Path Indices:    1   6   1   5
 PDOS Poles:
     Freq. (THz)    Weight
        3.469       0.066894115
        7.788       0.056553838
       14.139       0.002850551
       20.873       0.021234406
       25.187       0.010294093
       30.918       0.207441445
       33.966       0.011437808
       38.026       0.527779432
       41.114       0.014990608
       42.402       0.007279412
       43.861       0.020374009
       91.352       0.001898503
       92.721       0.026901302
       93.590       0.003851087
       93.669       0.000009679
       94.575       0.020209707

 PDOS Einstein freq (single pole), associated temp and eff. force constant: 
 Freq (THz)   Temp (K)   Eff. FC (N/m)
  39.174      1879.98      91.0908

 pDOS n Moments, associated Einstein freqs, temps and eff. force constants:
  n     Mom (THz^n)   Freq (THz)     Temp (K)    Eff. FC (N/m)
 -2       0.00719      11.79117       565.87       8.2528
 -1       0.05067      19.73699       947.20      23.1233
  0       1.00000     ---------     --------
  1      35.04598      35.04598      1681.89      72.9060
  2    1534.57236      39.17362      1879.98      91.0908

 Path Red. Mass (AMU):    0.905479
 Path Length (Ang), s^2 (1e-3 Ang^2): 12.2337  28.2791
--------------------------------------------------------------
 Path Indices:    1   6   1   6
 PDOS Poles:
     Freq. (THz)    Weight
        0.649       0.003650785
        4.378       0.107245059
        8.168       0.419931057
       13.089       0.002293017
       20.057       0.016713330
       29.634       0.182856139
       32.199       0.070956252
       38.223       0.004165804
       41.687       0.161507015
       43.816       0.000313431
       44.217       0.000553185
       91.352       0.022387624
       92.721       0.000293186
       93.590       0.000045079
       93.669       0.007088905
       94.575       0.000000013

 PDOS Einstein freq (single pole), associated temp and eff. force constant: 
 Freq (THz)   Temp (K)   Eff. FC (N/m)
  28.491      1367.29     269.9659

 pDOS n Moments, associated Einstein freqs, temps and eff. force constants:
  n     Mom (THz^n)   Freq (THz)     Temp (K)    Eff. FC (N/m)
 -2       0.02099       6.90293       331.28      15.8478
 -1       0.09524      10.49980       503.89      36.6662
  0       1.00000     ---------     --------
  1      21.64151      21.64151      1038.59     155.7680
  2     811.71904      28.49068      1367.29     269.9659

 Path Red. Mass (AMU):    5.073346
 Path Length (Ang), s^2 (1e-3 Ang^2): 13.5214   9.5395
--------------------------------------------------------------
 Path Indices:    1   6   1   7
 PDOS Poles:
     Freq. (THz)    Weight
        3.087       0.016477192
        8.005       0.206683542
       12.906       0.018527428
       19.919       0.003836509
       23.351       0.090308529
       31.018       0.060606823
       32.199       0.181587053
       37.777       0.059243476
       41.686       0.091086809
       43.830       0.145398855
       44.185       0.003312048
       91.352       0.024966040
       92.721       0.001255203
       93.590       0.060512361
       93.669       0.026491119
       94.575       0.009706947

 PDOS Einstein freq (single pole), associated temp and eff. force constant: 
 Freq (THz)   Temp (K)   Eff. FC (N/m)
  43.713      2097.85     113.3039

 pDOS n Moments, associated Einstein freqs, temps and eff. force constants:
  n     Mom (THz^n)   Freq (THz)     Temp (K)    Eff. FC (N/m)
 -2       0.00567      13.28573       637.59      10.4661
 -1       0.05271      18.97090       910.43      21.3398
  0       1.00000     ---------     --------
  1      35.87055      35.87055      1721.46      76.2941
  2    1910.86355      43.71343      2097.85     113.3039

 Path Red. Mass (AMU):    0.904495
 Path Length (Ang), s^2 (1e-3 Ang^2): 13.8417  29.4531
--------------------------------------------------------------
 Path Indices:    1   6   1   8
 PDOS Poles:
     Freq. (THz)    Weight
        3.189       0.016070666
        8.009       0.207047213
       12.913       0.018487817
       19.934       0.003758279
       23.352       0.090873787
       31.012       0.059368883
       32.198       0.181981795
       37.776       0.059511154
       41.686       0.090705639
       43.829       0.146007629
       44.170       0.002570622
       91.352       0.025018321
       92.721       0.001207842
       93.590       0.048306819
       93.669       0.039066518
       94.575       0.010016957

 PDOS Einstein freq (single pole), associated temp and eff. force constant: 
 Freq (THz)   Temp (K)   Eff. FC (N/m)
  43.772      2100.68     113.6097

 pDOS n Moments, associated Einstein freqs, temps and eff. force constants:
  n     Mom (THz^n)   Freq (THz)     Temp (K)    Eff. FC (N/m)
 -2       0.00552      13.46171       646.04      10.7452
 -1       0.05244      19.07024       915.20      21.5639
  0       1.00000     ---------     --------
  1      35.91306      35.91306      1723.50      76.4750
  2    1916.02217      43.77239      2100.68     113.6097

 Path Red. Mass (AMU):    0.904495
 Path Length (Ang), s^2 (1e-3 Ang^2): 13.8433  29.2996
--------------------------------------------------------------
 Path Indices:    1   6   1   9
 PDOS Poles:
     Freq. (THz)    Weight
        1.419       0.001401507
        4.393       0.042406423
        8.171       0.055389091
       16.086       0.000002787
       20.057       0.070372498
       29.634       0.305961020
       32.199       0.009246476
       38.223       0.029425017
       41.687       0.034518534
       43.816       0.015565754
       44.217       0.024158314
       91.352       0.139781019
       92.721       0.013242173
       93.590       0.001469321
       93.669       0.257057664
       94.575       0.000002485

 PDOS Einstein freq (single pole), associated temp and eff. force constant: 
 Freq (THz)   Temp (K)   Eff. FC (N/m)
  63.560      3050.28     239.4996

 pDOS n Moments, associated Einstein freqs, temps and eff. force constants:
  n     Mom (THz^n)   Freq (THz)     Temp (K)    Eff. FC (N/m)
 -2       0.00436      15.13940       726.55      13.5881
 -1       0.03847      25.99277      1247.42      40.0541
  0       1.00000     ---------     --------
  1      53.94408      53.94408      2588.82     172.5161
  2    4039.82852      63.55965      3050.28     239.4997

 Path Red. Mass (AMU):    0.904343
 Path Length (Ang), s^2 (1e-3 Ang^2): 14.2846  21.5012
--------------------------------------------------------------
 Path Indices:    1   6   2   3
 PDOS Poles:
     Freq. (THz)    Weight
        1.131       0.002368477
        4.391       0.058955988
        8.169       0.354329461
       13.086       0.045018271
       20.057       0.422598010
       29.634       0.001310989
       32.130       0.000003237
       38.223       0.031119661
       41.687       0.058967018
       43.816       0.000961760
       44.217       0.005353524
       91.352       0.009408715
       92.721       0.000029224
       93.590       0.000059247
       93.669       0.009516376
       94.575       0.000000016

 PDOS Einstein freq (single pole), associated temp and eff. force constant: 
 Freq (THz)   Temp (K)   Eff. FC (N/m)
  22.950      1101.38     175.2390

 pDOS n Moments, associated Einstein freqs, temps and eff. force constants:
  n     Mom (THz^n)   Freq (THz)     Temp (K)    Eff. FC (N/m)
 -2       0.01160       9.28601       445.64      28.6901
 -1       0.08603      11.62375       557.83      44.9537
  0       1.00000     ---------     --------
  1      17.94583      17.94583       861.24     107.1520
  2     526.69312      22.94980      1101.38     175.2390

 Path Red. Mass (AMU):    5.075330
 Path Length (Ang), s^2 (1e-3 Ang^2):  9.0573   8.5686
--------------------------------------------------------------
 Path Indices:    1   6   2   4
 PDOS Poles:
     Freq. (THz)    Weight
        3.567       0.020215379
        8.021       0.053427531
       13.002       0.007754068
       20.074       0.058361510
       27.934       0.003393863
       30.990       0.214327657
       32.577       0.018855076
       37.993       0.352835587
       38.631       0.048561627
       41.703       0.017725378
       44.200       0.001105061
       91.352       0.001566660
       92.721       0.102968159
       93.590       0.014373165
       93.669       0.001350270
       94.575       0.083178993

 PDOS Einstein freq (single pole), associated temp and eff. force constant: 
 Freq (THz)   Temp (K)   Eff. FC (N/m)
  51.496      2471.33     176.6504

 pDOS n Moments, associated Einstein freqs, temps and eff. force constants:
  n     Mom (THz^n)   Freq (THz)     Temp (K)    Eff. FC (N/m)
 -2       0.00317      17.77271       852.93      21.0415
 -1       0.03662      27.30982      1310.62      49.6830
  0       1.00000     ---------     --------
  1      44.22213      44.22213      2122.26     130.2714
  2    2651.82397      51.49586      2471.33     176.6504

 Path Red. Mass (AMU):    1.016158
 Path Length (Ang), s^2 (1e-3 Ang^2):  9.6416  18.2115
--------------------------------------------------------------
 Path Indices:    1   6   2   5
 PDOS Poles:
     Freq. (THz)    Weight
        3.480       0.020250627
        8.008       0.053326144
       12.984       0.007885173
       20.072       0.058485697
       28.195       0.004153793
       31.019       0.217144688
       32.812       0.014713923
       38.006       0.366077293
       38.733       0.035590076
       41.706       0.017779471
       44.198       0.001159278
       91.352       0.001565781
       92.721       0.103182475
       93.590       0.015459438
       93.669       0.000274485
       94.575       0.082951634

 PDOS Einstein freq (single pole), associated temp and eff. force constant: 
 Freq (THz)   Temp (K)   Eff. FC (N/m)
  51.497      2471.38     176.6541

 pDOS n Moments, associated Einstein freqs, temps and eff. force constants:
  n     Mom (THz^n)   Freq (THz)     Temp (K)    Eff. FC (N/m)
 -2       0.00325      17.53578       841.56      20.4838
 -1       0.03678      27.19237      1304.99      49.2555
  0       1.00000     ---------     --------
  1      44.22188      44.22188      2122.25     130.2672
  2    2651.93614      51.49695      2471.38     176.6541

 Path Red. Mass (AMU):    1.016136
 Path Length (Ang), s^2 (1e-3 Ang^2):  9.6413  18.2905
--------------------------------------------------------------
 Path Indices:    1   6   2   6
 PDOS Poles:
     Freq. (THz)    Weight
        2.420       0.001530142
        4.652       0.006340734
        8.169       0.418331329
       13.085       0.133003392
       20.057       0.119768555
       29.634       0.135687733
       32.199       0.029313315
       38.223       0.009656015
       41.687       0.114804436
       43.809       0.000007081
       44.217       0.001804871
       91.352       0.015769581
       92.721       0.000587660
       93.590       0.000083003
       93.669       0.013312027
       94.575       0.000000035

 PDOS Einstein freq (single pole), associated temp and eff. force constant: 
 Freq (THz)   Temp (K)   Eff. FC (N/m)
  26.831      1287.64     226.9371

 pDOS n Moments, associated Einstein freqs, temps and eff. force constants:
  n     Mom (THz^n)   Freq (THz)     Temp (K)    Eff. FC (N/m)
 -2       0.00816      11.07181       531.35      38.6427
 -1       0.07820      12.78773       613.69      51.5487
  0       1.00000     ---------     --------
  1      20.54281      20.54281       985.87     133.0303
  2     719.90452      26.83104      1287.64     226.9371

 Path Red. Mass (AMU):    4.808636
 Path Length (Ang), s^2 (1e-3 Ang^2):  9.9386   8.2188
--------------------------------------------------------------
 Path Indices:    1   6   2   7
 PDOS Poles:
     Freq. (THz)    Weight
        3.799       0.004235521
        7.986       0.246004440
       13.041       0.061809884
       17.466       0.000196691
       23.351       0.071611031
       31.105       0.051517147
       32.215       0.153314515
       37.782       0.046719189
       41.686       0.086385227
       43.757       0.010283626
       43.836       0.152693186
       91.352       0.022612824
       92.721       0.001380365
       93.590       0.053922326
       93.669       0.028752384
       94.575       0.008561702

 PDOS Einstein freq (single pole), associated temp and eff. force constant: 
 Freq (THz)   Temp (K)   Eff. FC (N/m)
  42.497      2039.45     107.6015

 pDOS n Moments, associated Einstein freqs, temps and eff. force constants:
  n     Mom (THz^n)   Freq (THz)     Temp (K)    Eff. FC (N/m)
 -2       0.00503      14.10336       676.83      11.8510
 -1       0.05441      18.37731       881.94      20.1220
  0       1.00000     ---------     --------
  1      34.25675      34.25675      1644.01      69.9199
  2    1805.96792      42.49668      2039.45     107.6015

 Path Red. Mass (AMU):    0.908865
 Path Length (Ang), s^2 (1e-3 Ang^2): 10.1301  30.2582
--------------------------------------------------------------
 Path Indices:    1   6   2   8
 PDOS Poles:
     Freq. (THz)    Weight
        4.004       0.004195330
        7.992       0.245663197
       13.046       0.062042863
       18.050       0.000168037
       23.352       0.072153819
       31.105       0.050654719
       32.215       0.153318119
       37.782       0.046927040
       41.686       0.085883655
       43.830       0.161096272
       44.066       0.001706874
       91.352       0.022760947
       92.721       0.001337063
       93.590       0.042175716
       93.669       0.041038091
       94.575       0.008878238

 PDOS Einstein freq (single pole), associated temp and eff. force constant: 
 Freq (THz)   Temp (K)   Eff. FC (N/m)
  42.581      2043.52     108.0384

 pDOS n Moments, associated Einstein freqs, temps and eff. force constants:
  n     Mom (THz^n)   Freq (THz)     Temp (K)    Eff. FC (N/m)
 -2       0.00499      14.16179       679.64      11.9501
 -1       0.05429      18.41836       883.91      20.2133
  0       1.00000     ---------     --------
  1      34.31531      34.31531      1646.82      70.1636
  2    1813.18377      42.58150      2043.52     108.0384

 Path Red. Mass (AMU):    0.908924
 Path Length (Ang), s^2 (1e-3 Ang^2): 10.1331  30.1888
--------------------------------------------------------------
 Path Indices:    1   6   2   9
 PDOS Poles:
     Freq. (THz)    Weight
        2.481       0.000975055
        4.501       0.008707416
        8.170       0.081585919
       13.086       0.013158944
       20.057       0.092288739
       29.634       0.227363308
       32.199       0.007755508
       38.223       0.026957188
       41.687       0.013753756
       43.816       0.008752719
       44.217       0.011188490
       91.352       0.182492415
       92.721       0.015949794
       93.590       0.001755336
       93.669       0.307312567
       94.575       0.000003000

 PDOS Einstein freq (single pole), associated temp and eff. force constant: 
 Freq (THz)   Temp (K)   Eff. FC (N/m)
  68.749      3299.34     284.0593

 pDOS n Moments, associated Einstein freqs, temps and eff. force constants:
  n     Mom (THz^n)   Freq (THz)     Temp (K)    Eff. FC (N/m)
 -2       0.00248      20.08600       963.94      24.2471
 -1       0.03279      30.49662      1463.56      55.8954
  0       1.00000     ---------     --------
  1      59.30100      59.30100      2845.91     211.3474
  2    4726.46309      68.74928      3299.34     284.0594

 Path Red. Mass (AMU):    0.916778
 Path Length (Ang), s^2 (1e-3 Ang^2): 10.9225  18.0763
--------------------------------------------------------------
 Path Indices:    1   6   3   2
 PDOS Poles:
     Freq. (THz)    Weight
        1.509       0.001549850
        4.427       0.019087736
        8.169       0.189922073
       13.086       0.042048822
       20.057       0.204308533
       29.634       0.098421325
       32.199       0.263521757
       38.222       0.000093638
       41.687       0.130755321
       43.816       0.014095439
       44.217       0.006569780
       91.352       0.017453559
       92.721       0.009103484
       93.590       0.000020360
       93.669       0.003048264
       94.575       0.000000005

 PDOS Einstein freq (single pole), associated temp and eff. force constant: 
 Freq (THz)   Temp (K)   Eff. FC (N/m)
  31.308      1502.51     471.4078

 pDOS n Moments, associated Einstein freqs, temps and eff. force constants:
  n     Mom (THz^n)   Freq (THz)     Temp (K)    Eff. FC (N/m)
 -2       0.00571      13.23356       635.09      84.2237
 -1       0.05742      17.41422       835.72     145.8442
  0       1.00000     ---------     --------
  1      26.77663      26.77663      1285.03     344.8204
  2     980.20216      31.30818      1502.51     471.4078

 Path Red. Mass (AMU):    7.336220
 Path Length (Ang), s^2 (1e-3 Ang^2):  7.8560   3.9560
--------------------------------------------------------------
 Path Indices:    1   6   3   4
 PDOS Poles:
     Freq. (THz)    Weight
        3.681       0.034125311
        7.853       0.031126510
       14.423       0.000589129
       20.704       0.008469501
       24.700       0.003574654
       31.409       0.109999920
       33.474       0.014433830
       38.062       0.234715176
       41.545       0.025642810
       42.566       0.003732840
       43.857       0.013987007
       91.352       0.002394864
       92.721       0.234482044
       93.590       0.038097371
       93.669       0.011303765
       94.575       0.233325257

 PDOS Einstein freq (single pole), associated temp and eff. force constant: 
 Freq (THz)   Temp (K)   Eff. FC (N/m)
  71.461      3429.48     450.1724

 pDOS n Moments, associated Einstein freqs, temps and eff. force constants:
  n     Mom (THz^n)   Freq (THz)     Temp (K)    Eff. FC (N/m)
 -2       0.00342      17.09707       820.50      25.7682
 -1       0.03050      32.78502      1573.38      94.7527
  0       1.00000     ---------     --------
  1      64.00296      64.00296      3071.56     361.1111
  2    5106.67349      71.46099      3429.48     450.1723

 Path Red. Mass (AMU):    1.344720
 Path Length (Ang), s^2 (1e-3 Ang^2):  7.1108  11.4635
--------------------------------------------------------------
 Path Indices:    1   6   3   5
 PDOS Poles:
     Freq. (THz)    Weight
        3.605       0.033981060
        7.823       0.031184415
       14.099       0.000619855
       20.689       0.008479354
       24.649       0.003695457
       31.412       0.109532770
       33.452       0.014818909
       38.061       0.234715985
       41.541       0.025556901
       42.538       0.003892439
       43.855       0.013840558
       91.352       0.002393368
       92.721       0.235080552
       93.590       0.043936848
       93.669       0.005306575
       94.575       0.232964939

 PDOS Einstein freq (single pole), associated temp and eff. force constant: 
 Freq (THz)   Temp (K)   Eff. FC (N/m)
  71.463      3429.57     450.1311

 pDOS n Moments, associated Einstein freqs, temps and eff. force constants:
  n     Mom (THz^n)   Freq (THz)     Temp (K)    Eff. FC (N/m)
 -2       0.00352      16.84616       808.46      25.0138
 -1       0.03069      32.58671      1563.86      93.5964
  0       1.00000     ---------     --------
  1      64.00311      64.00311      3071.57     361.0609
  2    5106.94017      71.46286      3429.57     450.1310

 Path Red. Mass (AMU):    1.344527
 Path Length (Ang), s^2 (1e-3 Ang^2):  7.1108  11.5349
--------------------------------------------------------------
 Path Indices:    1   6   3   6
 PDOS Poles:
     Freq. (THz)    Weight
        3.053       0.001586175
        4.656       0.006069578
        8.175       0.038428963
       13.088       0.005389509
       20.058       0.001680543
       29.634       0.294719746
       32.199       0.418717083
       38.223       0.054631848
       41.687       0.119800007
       43.816       0.029566144
       44.217       0.003756877
       91.352       0.014298251
       92.721       0.008925051
       93.590       0.000016279
       93.669       0.002413912
       94.575       0.000000004

 PDOS Einstein freq (single pole), associated temp and eff. force constant: 
 Freq (THz)   Temp (K)   Eff. FC (N/m)
  35.591      1708.05     319.2856

 pDOS n Moments, associated Einstein freqs, temps and eff. force constants:
  n     Mom (THz^n)   Freq (THz)     Temp (K)    Eff. FC (N/m)
 -2       0.00193      22.78068      1093.26     130.8059
 -1       0.03531      28.32033      1359.12     202.1580
  0       1.00000     ---------     --------
  1      33.57272      33.57272      1611.18     284.0975
  2    1266.73272      35.59119      1708.05     319.2856

 Path Red. Mass (AMU):    3.844904
 Path Length (Ang), s^2 (1e-3 Ang^2):  7.5361   4.6413
--------------------------------------------------------------
 Path Indices:    1   6   3   7
 PDOS Poles:
     Freq. (THz)    Weight
        3.467       0.007257382
        8.051       0.070336187
       13.117       0.003991697
       21.670       0.005574971
       23.447       0.063413954
       30.373       0.057071770
       32.158       0.328971547
       37.757       0.061881542
       41.686       0.046762170
       43.829       0.085949934
       44.212       0.013094328
       91.352       0.062934751
       92.721       0.000006172
       93.590       0.121510060
       93.669       0.046159784
       94.575       0.025083689

 PDOS Einstein freq (single pole), associated temp and eff. force constant: 
 Freq (THz)   Temp (K)   Eff. FC (N/m)
  54.907      2635.03     179.2239

 pDOS n Moments, associated Einstein freqs, temps and eff. force constants:
  n     Mom (THz^n)   Freq (THz)     Temp (K)    Eff. FC (N/m)
 -2       0.00237      20.53891       985.68      25.0782
 -1       0.03397      29.43954      1412.83      51.5232
  0       1.00000     ---------     --------
  1      47.01376      47.01376      2256.23     131.3986
  2    3014.77565      54.90697      2635.03     179.2238

 Path Red. Mass (AMU):    0.906843
 Path Length (Ang), s^2 (1e-3 Ang^2):  8.1857  18.9305
--------------------------------------------------------------
 Path Indices:    1   6   3   8
 PDOS Poles:
     Freq. (THz)    Weight
        3.570       0.007188838
        8.056       0.070455777
       13.133       0.003959384
       21.734       0.005848146
       23.451       0.063574517
       30.361       0.056352420
       32.159       0.328728575
       37.757       0.062246071
       41.686       0.046577682
       43.830       0.087258589
       44.212       0.011687532
       91.352       0.062719308
       92.721       0.000002099
       93.590       0.098109374
       93.669       0.069627376
       94.575       0.025664285

 PDOS Einstein freq (single pole), associated temp and eff. force constant: 
 Freq (THz)   Temp (K)   Eff. FC (N/m)
  54.940      2636.60     179.4027

 pDOS n Moments, associated Einstein freqs, temps and eff. force constants:
  n     Mom (THz^n)   Freq (THz)     Temp (K)    Eff. FC (N/m)
 -2       0.00233      20.71214       993.99      25.4982
 -1       0.03389      29.50710      1416.07      51.7502
  0       1.00000     ---------     --------
  1      47.03961      47.03961      2257.47     131.5185
  2    3018.35130      54.93952      2636.60     179.4027

 Path Red. Mass (AMU):    0.906673
 Path Length (Ang), s^2 (1e-3 Ang^2):  8.1858  18.8907
--------------------------------------------------------------
 Path Indices:    1   6   3   9
 PDOS Poles:
     Freq. (THz)    Weight
        2.722       0.001455129
        4.482       0.015251822
        8.184       0.016299203
       13.100       0.001237873
       20.057       0.035910421
       29.634       0.392520498
       32.199       0.003144531
       38.223       0.062822880
       41.687       0.027430660
       43.816       0.029176043
       44.217       0.021234157
       91.352       0.127366997
       92.721       0.019157896
       93.590       0.001405291
       93.669       0.245584102
       94.575       0.000002600

 PDOS Einstein freq (single pole), associated temp and eff. force constant: 
 Freq (THz)   Temp (K)   Eff. FC (N/m)
  63.211      3033.57     224.6059

 pDOS n Moments, associated Einstein freqs, temps and eff. force constants:
  n     Mom (THz^n)   Freq (THz)     Temp (K)    Eff. FC (N/m)
 -2       0.00188      23.08833      1108.03      29.9651
 -1       0.02884      34.67102      1663.89      67.5716
  0       1.00000     ---------     --------
  1      54.98444      54.98444      2638.75     169.9458
  2    3995.67719      63.21137      3033.57     224.6060

 Path Red. Mass (AMU):    0.857476
 Path Length (Ang), s^2 (1e-3 Ang^2):  8.1658  16.9995
--------------------------------------------------------------
 Path Indices:    1   6   4   2
 PDOS Poles:
     Freq. (THz)    Weight
        4.266       0.004751357
        8.239       0.024262387
       13.224       0.014172715
       20.165       0.038006565
       23.418       0.062514378
       30.444       0.043594609
       32.093       0.079502672
       37.883       0.014380711
       41.680       0.023220349
       43.811       0.041239529
       44.211       0.016580893
       91.352       0.001841850
       92.721       0.307024488
       93.590       0.035123905
       93.669       0.017682335
       94.575       0.276101249

 PDOS Einstein freq (single pole), associated temp and eff. force constant: 
 Freq (THz)   Temp (K)   Eff. FC (N/m)
  77.046      3697.50     519.9478

 pDOS n Moments, associated Einstein freqs, temps and eff. force constants:
  n     Mom (THz^n)   Freq (THz)     Temp (K)    Eff. FC (N/m)
 -2       0.00116      29.39292      1410.59      75.6740
 -1       0.02266      44.12686      2117.69     170.5561
  0       1.00000     ---------     --------
  1      70.26071      70.26071      3371.87     432.4006
  2    5936.06214      77.04584      3697.50     519.9477

 Path Red. Mass (AMU):    1.336142
 Path Length (Ang), s^2 (1e-3 Ang^2):  9.0857   8.5717
--------------------------------------------------------------
 Path Indices:    1   6   4   3
 PDOS Poles:
     Freq. (THz)    Weight
        4.237       0.017445346
        8.144       0.024373619
       19.427       0.008202167
       22.116       0.016749097
       24.993       0.007199300
       30.107       0.024505712
       33.284       0.005081113
       37.992       0.080705862
       41.627       0.013498747
       43.738       0.014010999
       44.103       0.007160618
       91.352       0.001174225
       92.721       0.372183547
       93.590       0.045281429
       93.669       0.021615579
       94.575       0.340812631

 PDOS Einstein freq (single pole), associated temp and eff. force constant: 
 Freq (THz)   Temp (K)   Eff. FC (N/m)
  84.085      4035.33     461.4242

 pDOS n Moments, associated Einstein freqs, temps and eff. force constants:
  n     Mom (THz^n)   Freq (THz)     Temp (K)    Eff. FC (N/m)
 -2       0.00160      24.98091      1198.86      40.7264
 -1       0.02082      48.02820      2304.92     150.5400
  0       1.00000     ---------     --------
  1      79.55717      79.55717      3818.02     413.0647
  2    7070.34996      84.08537      4035.33     461.4242

 Path Red. Mass (AMU):    0.995522
 Path Length (Ang), s^2 (1e-3 Ang^2):  7.7562  10.5701
--------------------------------------------------------------
 Path Indices:    1   6   4   5
 PDOS Poles:
     Freq. (THz)    Weight
        3.599       0.017892003
        7.625       0.013356883
       11.938       0.000524633
       20.192       0.010254350
       23.409       0.025953522
       31.128       0.053239919
       32.506       0.014455087
       37.776       0.152609836
       41.665       0.010837784
       43.811       0.071048545
       44.211       0.022434117
       91.352       0.000698970
       92.721       0.559912765
       93.590       0.000812516
       93.669       0.025898894
       94.575       0.020070161

 PDOS Einstein freq (single pole), associated temp and eff. force constant: 
 Freq (THz)   Temp (K)   Eff. FC (N/m)
  75.740      3634.84     264.9267

 pDOS n Moments, associated Einstein freqs, temps and eff. force constants:
  n     Mom (THz^n)   Freq (THz)     Temp (K)    Eff. FC (N/m)
 -2       0.00199      22.42990      1076.43      23.2342
 -1       0.02351      42.53369      2041.23      83.5487
  0       1.00000     ---------     --------
  1      69.81512      69.81512      3350.49     225.0985
  2    5736.56797      75.74013      3634.84     264.9267

 Path Red. Mass (AMU):    0.704474
 Path Length (Ang), s^2 (1e-3 Ang^2):  8.4383  16.8666
--------------------------------------------------------------
 Path Indices:    1   6   4   6
 PDOS Poles:
     Freq. (THz)    Weight
        3.860       0.002198069
        8.817       0.006176335
       15.961       0.002517544
       22.697       0.055798402
       24.990       0.021832854
       30.015       0.098718100
       32.865       0.025240437
       37.930       0.224813876
       41.540       0.014515619
       43.741       0.036559994
       44.111       0.018793767
       91.352       0.001226737
       92.721       0.237252326
       93.590       0.027059562
       93.669       0.013713779
       94.575       0.213582587

 PDOS Einstein freq (single pole), associated temp and eff. force constant: 
 Freq (THz)   Temp (K)   Eff. FC (N/m)
  70.231      3370.45     280.3946

 pDOS n Moments, associated Einstein freqs, temps and eff. force constants:
  n     Mom (THz^n)   Freq (THz)     Temp (K)    Eff. FC (N/m)
 -2       0.00076      36.20786      1737.65      74.5277
 -1       0.02162      46.25102      2219.63     121.6059
  0       1.00000     ---------     --------
  1      63.39310      63.39310      3042.29     228.4526
  2    4932.39106      70.23098      3370.45     280.3946

 Path Red. Mass (AMU):    0.867168
 Path Length (Ang), s^2 (1e-3 Ang^2):  8.8268  12.6009
--------------------------------------------------------------
 Path Indices:    1   6   4   7
 PDOS Poles:
     Freq. (THz)    Weight
        3.503       0.004147620
        8.028       0.033682630
       12.783       0.000980584
       20.687       0.000230100
       29.684       0.026508169
       32.114       0.132486290
       35.803       0.003937887
       37.875       0.213942551
       41.436       0.011101476
       41.919       0.009177639
       43.830       0.073743359
       91.352       0.051064986
       92.721       0.184639330
       93.590       0.185724169
       93.669       0.004653100
       94.575       0.063980011

 PDOS Einstein freq (single pole), associated temp and eff. force constant: 
 Freq (THz)   Temp (K)   Eff. FC (N/m)
  70.033      3360.96     165.9995

 pDOS n Moments, associated Einstein freqs, temps and eff. force constants:
  n     Mom (THz^n)   Freq (THz)     Temp (K)    Eff. FC (N/m)
 -2       0.00128      27.90118      1339.00      26.3477
 -1       0.02368      42.23861      2027.07      60.3832
  0       1.00000     ---------     --------
  1      63.31828      63.31828      3038.70     135.6922
  2    4904.66997      70.03335      3360.96     165.9994

 Path Red. Mass (AMU):    0.516283
 Path Length (Ang), s^2 (1e-3 Ang^2):  9.7384  23.1754
--------------------------------------------------------------
 Path Indices:    1   6   4   8
 PDOS Poles:
     Freq. (THz)    Weight
        3.329       0.004382004
        8.122       0.030160246
       13.183       0.000898079
       23.343       0.243148040
       28.343       0.006614542
       30.478       0.064559442
       32.190       0.143746954
       38.158       0.053889944
       41.678       0.036793503
       43.773       0.049233698
       43.844       0.082713069
       91.352       0.022231407
       92.721       0.106098154
       93.590       0.008472251
       93.669       0.005185316
       94.575       0.141873363

 PDOS Einstein freq (single pole), associated temp and eff. force constant: 
 Freq (THz)   Temp (K)   Eff. FC (N/m)
  56.842      2727.89     110.2455

 pDOS n Moments, associated Einstein freqs, temps and eff. force constants:
  n     Mom (THz^n)   Freq (THz)     Temp (K)    Eff. FC (N/m)
 -2       0.00168      24.39888      1170.92      20.3126
 -1       0.03067      32.60386      1564.69      36.2713
  0       1.00000     ---------     --------
  1      48.66573      48.66573      2335.51      80.8113
  2    3230.98770      56.84178      2727.89     110.2455

 Path Red. Mass (AMU):    0.520495
 Path Length (Ang), s^2 (1e-3 Ang^2):  9.1755  29.7810
--------------------------------------------------------------
 Path Indices:    1   6   4   9
 PDOS Poles:
     Freq. (THz)    Weight
        4.500       0.012056823
        8.309       0.011259405
       15.318       0.003352483
       20.400       0.052239704
       24.004       0.024262743
       29.709       0.346923015
       32.402       0.007581252
       37.867       0.112334235
       41.655       0.029022002
       43.717       0.009658818
       44.202       0.033468398
       91.352       0.053789012
       92.721       0.053028047
       93.590       0.005362354
       93.669       0.162257649
       94.575       0.083404139

 PDOS Einstein freq (single pole), associated temp and eff. force constant: 
 Freq (THz)   Temp (K)   Eff. FC (N/m)
  61.387      2946.01     125.2544

 pDOS n Moments, associated Einstein freqs, temps and eff. force constants:
  n     Mom (THz^n)   Freq (THz)     Temp (K)    Eff. FC (N/m)
 -2       0.00150      25.82951      1239.58      22.1756
 -1       0.02821      35.44909      1701.23      41.7689
  0       1.00000     ---------     --------
  1      53.18270      53.18270      2552.28      94.0121
  2    3768.33918      61.38680      2946.01     125.2544

 Path Red. Mass (AMU):    0.507031
 Path Length (Ang), s^2 (1e-3 Ang^2):  9.1634  28.1181
--------------------------------------------------------------
 Path Indices:    1   6   5   2
 PDOS Poles:
     Freq. (THz)    Weight
        4.262       0.004764679
        8.239       0.024267683
       13.225       0.014084617
       20.165       0.038176816
       23.418       0.062400949
       30.439       0.042999802
       32.096       0.079898644
       37.884       0.014599461
       41.680       0.023233077
       43.810       0.041301400
       44.211       0.016708965
       91.352       0.001836528
       92.721       0.307651060
       93.590       0.042468106
       93.669       0.010034065
       94.575       0.275574132

 PDOS Einstein freq (single pole), associated temp and eff. force constant: 
 Freq (THz)   Temp (K)   Eff. FC (N/m)
  77.036      3697.00     519.8569

 pDOS n Moments, associated Einstein freqs, temps and eff. force constants:
  n     Mom (THz^n)   Freq (THz)     Temp (K)    Eff. FC (N/m)
 -2       0.00116      29.38106      1410.02      75.6200
 -1       0.02266      44.12159      2117.43     170.5314
  0       1.00000     ---------     --------
  1      70.25092      70.25092      3371.40     432.3207
  2    5934.46810      77.03550      3697.00     519.8569

 Path Red. Mass (AMU):    1.336267
 Path Length (Ang), s^2 (1e-3 Ang^2):  9.0853   8.5720
--------------------------------------------------------------
 Path Indices:    1   6   5   3
 PDOS Poles:
     Freq. (THz)    Weight
        4.233       0.017443632
        8.143       0.024393927
       19.434       0.008261653
       22.123       0.016763165
       24.996       0.007188228
       30.110       0.024473625
       33.288       0.005059670
       37.990       0.080847344
       41.627       0.013469621
       43.737       0.013968488
       44.104       0.007120296
       91.352       0.001170545
       92.721       0.373053433
       93.590       0.054490266
       93.669       0.012073948
       94.575       0.340222142

 PDOS Einstein freq (single pole), associated temp and eff. force constant: 
 Freq (THz)   Temp (K)   Eff. FC (N/m)
  84.080      4035.07     461.3935

 pDOS n Moments, associated Einstein freqs, temps and eff. force constants:
  n     Mom (THz^n)   Freq (THz)     Temp (K)    Eff. FC (N/m)
 -2       0.00160      24.96423      1198.06      40.6746
 -1       0.02083      48.00952      2304.02     150.4326
  0       1.00000     ---------     --------
  1      79.54998      79.54998      3817.67     413.0165
  2    7069.42655      84.07988      4035.07     461.3934

 Path Red. Mass (AMU):    0.995585
 Path Length (Ang), s^2 (1e-3 Ang^2):  7.7560  10.5735
--------------------------------------------------------------
 Path Indices:    1   6   5   4
 PDOS Poles:
     Freq. (THz)    Weight
        3.680       0.018042052
        7.681       0.013305295
       12.220       0.000458484
       20.196       0.010281673
       23.410       0.025885063
       31.133       0.053719746
       32.526       0.013786876
       37.776       0.152382563
       41.664       0.010778895
       43.812       0.071493926
       44.211       0.022509709
       91.352       0.000697083
       92.721       0.560159197
       93.590       0.002901305
       93.669       0.023691304
       94.575       0.019906815

 PDOS Einstein freq (single pole), associated temp and eff. force constant: 
 Freq (THz)   Temp (K)   Eff. FC (N/m)
  75.740      3634.82     264.9621

 pDOS n Moments, associated Einstein freqs, temps and eff. force constants:
  n     Mom (THz^n)   Freq (THz)     Temp (K)    Eff. FC (N/m)
 -2       0.00193      22.73831      1091.23      23.8810
 -1       0.02341      42.70983      2049.68      84.2543
  0       1.00000     ---------     --------
  1      69.81745      69.81745      3350.60     225.1460
  2    5736.50704      75.73973      3634.82     264.9621

 Path Red. Mass (AMU):    0.704575
 Path Length (Ang), s^2 (1e-3 Ang^2):  8.4381  16.7946
--------------------------------------------------------------
 Path Indices:    1   6   5   6
 PDOS Poles:
     Freq. (THz)    Weight
        3.958       0.002194869
        8.824       0.006192745
       15.994       0.002519132
       22.699       0.056039919
       24.995       0.021803055
       30.018       0.098582081
       32.867       0.025115315
       37.929       0.225324367
       41.540       0.014458404
       43.740       0.036476572
       44.113       0.018611282
       91.352       0.001223182
       92.721       0.237746387
       93.590       0.032743067
       93.669       0.007796228
       94.575       0.213173383

 PDOS Einstein freq (single pole), associated temp and eff. force constant: 
 Freq (THz)   Temp (K)   Eff. FC (N/m)
  70.220      3369.90     280.3045

 pDOS n Moments, associated Einstein freqs, temps and eff. force constants:
  n     Mom (THz^n)   Freq (THz)     Temp (K)    Eff. FC (N/m)
 -2       0.00076      36.37640      1745.74      75.2234
 -1       0.02161      46.26937      2220.51     121.7029
  0       1.00000     ---------     --------
  1      63.37999      63.37999      3041.66     228.3590
  2    4930.78762      70.21957      3369.90     280.3045

 Path Red. Mass (AMU):    0.867172
 Path Length (Ang), s^2 (1e-3 Ang^2):  8.8265  12.5958
--------------------------------------------------------------
 Path Indices:    1   6   5   7
 PDOS Poles:
     Freq. (THz)    Weight
        3.234       0.004429088
        8.119       0.030163482
       13.158       0.000953354
       23.343       0.242696247
       28.383       0.006875691
       30.506       0.065160159
       32.192       0.142958825
       38.157       0.053837986
       41.679       0.036881937
       43.809       0.116753316
       43.924       0.015144420
       91.352       0.022374486
       92.721       0.106918890
       93.590       0.010176082
       93.669       0.003565347
       94.575       0.141110631

 PDOS Einstein freq (single pole), associated temp and eff. force constant: 
 Freq (THz)   Temp (K)   Eff. FC (N/m)
  56.860      2728.74     110.3273

 pDOS n Moments, associated Einstein freqs, temps and eff. force constants:
  n     Mom (THz^n)   Freq (THz)     Temp (K)    Eff. FC (N/m)
 -2       0.00171      24.19743      1161.26      19.9808
 -1       0.03072      32.55666      1562.42      36.1705
  0       1.00000     ---------     --------
  1      48.68322      48.68322      2336.35      80.8785
  2    3233.01903      56.85964      2728.74     110.3273

 Path Red. Mass (AMU):    0.520554
 Path Length (Ang), s^2 (1e-3 Ang^2):  9.1767  29.8208
--------------------------------------------------------------
 Path Indices:    1   6   5   8
 PDOS Poles:
     Freq. (THz)    Weight
        3.605       0.004130231
        8.035       0.033726608
       12.848       0.000965415
       20.755       0.000251651
       29.682       0.026614553
       32.119       0.131924299
       36.098       0.004757745
       37.879       0.213867864
       41.625       0.019177024
       42.793       0.001149779
       43.827       0.073179943
       91.352       0.050914744
       92.721       0.184225093
       93.590       0.174203276
       93.669       0.017892212
       94.575       0.063019479

 PDOS Einstein freq (single pole), associated temp and eff. force constant: 
 Freq (THz)   Temp (K)   Eff. FC (N/m)
  70.045      3361.50     166.0427

 pDOS n Moments, associated Einstein freqs, temps and eff. force constants:
  n     Mom (THz^n)   Freq (THz)     Temp (K)    Eff. FC (N/m)
 -2       0.00126      28.13145      1350.05      26.7828
 -1       0.02363      42.31521      2030.74      60.5988
  0       1.00000     ---------     --------
  1      63.33083      63.33083      3039.30     135.7380
  2    4906.23938      70.04455      3361.50     166.0427

 Path Red. Mass (AMU):    0.516253
 Path Length (Ang), s^2 (1e-3 Ang^2):  9.7382  23.1348
--------------------------------------------------------------
 Path Indices:    1   6   5   9
 PDOS Poles:
     Freq. (THz)    Weight
        4.498       0.012114138
        8.319       0.011110749
       15.305       0.003371198
       20.401       0.052318076
       23.994       0.024734432
       29.709       0.346898555
       32.377       0.007862232
       37.866       0.112313416
       41.655       0.029167714
       43.709       0.008991194
       44.203       0.034099353
       91.352       0.053672233
       92.721       0.053052569
       93.590       0.017787448
       93.669       0.148289684
       94.575       0.084217075

 PDOS Einstein freq (single pole), associated temp and eff. force constant: 
 Freq (THz)   Temp (K)   Eff. FC (N/m)
  61.334      2943.47     125.0362

 pDOS n Moments, associated Einstein freqs, temps and eff. force constants:
  n     Mom (THz^n)   Freq (THz)     Temp (K)    Eff. FC (N/m)
 -2       0.00150      25.81032      1238.66      22.1422
 -1       0.02823      35.42278      1699.97      41.7060
  0       1.00000     ---------     --------
  1      53.12996      53.12996      2549.75      93.8237
  2    3761.85623      61.33397      2943.47     125.0362

 Path Red. Mass (AMU):    0.507020
 Path Length (Ang), s^2 (1e-3 Ang^2):  9.1611  28.1396
--------------------------------------------------------------
 Path Indices:    1   6   7   2
 PDOS Poles:
     Freq. (THz)    Weight
        4.534       0.002915567
        7.979       0.131469393
       12.505       0.002311882
       19.851       0.000340425
       23.354       0.020779391
       31.203       0.016446503
       32.230       0.064642330
       37.813       0.013810132
       41.685       0.029610623
       43.829       0.074726184
       44.201       0.002726369
       91.352       0.176471388
       92.721       0.005056476
       93.590       0.307359911
       93.669       0.102548334
       94.575       0.048784957

 PDOS Einstein freq (single pole), associated temp and eff. force constant: 
 Freq (THz)   Temp (K)   Eff. FC (N/m)
  76.602      3676.22     530.6454

 pDOS n Moments, associated Einstein freqs, temps and eff. force constants:
  n     Mom (THz^n)   Freq (THz)     Temp (K)    Eff. FC (N/m)
 -2       0.00248      20.07737       963.53      36.4530
 -1       0.03047      32.82123      1575.12      97.4158
  0       1.00000     ---------     --------
  1      68.90697      68.90697      3306.91     429.3840
  2    5867.92757      76.60240      3676.22     530.6453

 Path Red. Mass (AMU):    1.379465
 Path Length (Ang), s^2 (1e-3 Ang^2):  8.5065  11.1624
--------------------------------------------------------------
 Path Indices:    1   6   7   3
 PDOS Poles:
     Freq. (THz)    Weight
        4.198       0.017752904
        8.108       0.033273772
       12.441       0.000278496
       20.173       0.004545334
       23.395       0.013640306
       30.982       0.019000000
       32.207       0.041969387
       37.793       0.020687429
       41.680       0.008855212
       43.825       0.015406116
       44.213       0.009251112
       91.352       0.235188857
       92.721       0.003473499
       93.590       0.379979252
       93.669       0.125978604
       94.575       0.070719591

 PDOS Einstein freq (single pole), associated temp and eff. force constant: 
 Freq (THz)   Temp (K)   Eff. FC (N/m)
  84.999      4079.20     506.2209

 pDOS n Moments, associated Einstein freqs, temps and eff. force constants:
  n     Mom (THz^n)   Freq (THz)     Temp (K)    Eff. FC (N/m)
 -2       0.00174      23.98553      1151.09      40.3094
 -1       0.02117      47.24727      2267.44     156.4087
  0       1.00000     ---------     --------
  1      80.79183      80.79183      3877.27     457.3434
  2    7224.90970      84.99947      4079.20     506.2208

 Path Red. Mass (AMU):    1.068806
 Path Length (Ang), s^2 (1e-3 Ang^2):  7.7634  10.0080
--------------------------------------------------------------
 Path Indices:    1   6   7   4
 PDOS Poles:
     Freq. (THz)    Weight
        3.114       0.011415802
        5.334       0.010708938
        8.279       0.012302775
       20.081       0.004200348
       23.454       0.001581447
       31.032       0.056543440
       32.168       0.036291117
       38.221       0.020223457
       41.675       0.000724276
       43.828       0.005752251
       44.210       0.000943790
       91.352       0.188341136
       92.721       0.150904176
       93.590       0.442255841
       93.669       0.051662968
       94.575       0.006148032

 PDOS Einstein freq (single pole), associated temp and eff. force constant: 
 Freq (THz)   Temp (K)   Eff. FC (N/m)
  85.969      4125.72     347.6926

 pDOS n Moments, associated Einstein freqs, temps and eff. force constants:
  n     Mom (THz^n)   Freq (THz)     Temp (K)    Eff. FC (N/m)
 -2       0.00195      22.61760      1085.44      24.0662
 -1       0.02012      49.71085      2385.67     116.2561
  0       1.00000     ---------     --------
  1      82.34366      82.34366      3951.74     318.9876
  2    7390.63530      85.96880      4125.72     347.6925

 Path Red. Mass (AMU):    0.717637
 Path Length (Ang), s^2 (1e-3 Ang^2):  8.6708  14.1667
--------------------------------------------------------------
 Path Indices:    1   6   7   5
 PDOS Poles:
     Freq. (THz)    Weight
        3.457       0.023234426
        7.611       0.025970897
       11.354       0.000853372
       20.344       0.006190474
       23.367       0.099264605
       31.989       0.055173749
       33.695       0.004450358
       37.962       0.066731220
       41.629       0.009745183
       43.805       0.059702347
       44.167       0.008633039
       91.352       0.150163656
       92.721       0.090007998
       93.590       0.163900704
       93.669       0.056180181
       94.575       0.179797732

 PDOS Einstein freq (single pole), associated temp and eff. force constant: 
 Freq (THz)   Temp (K)   Eff. FC (N/m)
  76.995      3695.08     355.6605

 pDOS n Moments, associated Einstein freqs, temps and eff. force constants:
  n     Mom (THz^n)   Freq (THz)     Temp (K)    Eff. FC (N/m)
 -2       0.00281      18.84974       904.62      21.3165
 -1       0.02703      36.99071      1775.22      82.0901
  0       1.00000     ---------     --------
  1      70.25304      70.25304      3371.50     296.0982
  2    5928.29829      76.99544      3695.08     355.6605

 Path Red. Mass (AMU):    0.915160
 Path Length (Ang), s^2 (1e-3 Ang^2):  8.1092  14.9292
--------------------------------------------------------------
 Path Indices:    1   6   7   6
 PDOS Poles:
     Freq. (THz)    Weight
        3.364       0.011419213
        7.542       0.014934034
       10.150       0.002222841
       18.918       0.000271261
       21.961       0.000200461
       29.656       0.005652937
       32.172       0.006772696
       37.752       0.001421620
       41.685       0.005367204
       42.188       0.000019231
       43.878       0.000021028
       91.352       0.282906437
       92.721       0.006895370
       93.590       0.450244802
       93.669       0.140694255
       94.575       0.070956453

 PDOS Einstein freq (single pole), associated temp and eff. force constant: 
 Freq (THz)   Temp (K)   Eff. FC (N/m)
  90.872      4361.05     503.3535

 pDOS n Moments, associated Einstein freqs, temps and eff. force constants:
  n     Mom (THz^n)   Freq (THz)     Temp (K)    Eff. FC (N/m)
 -2       0.00142      26.52054      1272.74      42.8719
 -1       0.01642      60.89976      2922.63     226.0682
  0       1.00000     ---------     --------
  1      89.35889      89.35889      4288.41     486.7252
  2    8257.80587      90.87247      4361.05     503.3534

 Path Red. Mass (AMU):    0.929821
 Path Length (Ang), s^2 (1e-3 Ang^2):  6.6915   8.9250
--------------------------------------------------------------
 Path Indices:    1   6   7   8
 PDOS Poles:
     Freq. (THz)    Weight
        3.506       0.004659826
        8.037       0.045854383
       12.937       0.001703194
       20.662       0.001422808
       23.404       0.016007750
       31.217       0.016761603
       32.285       0.037535098
       37.916       0.015711049
       41.001       0.000223529
       43.823       0.042665567
       44.216       0.061369752
       91.352       0.440169165
       92.721       0.010256685
       93.590       0.046572383
       93.669       0.253940522
       94.575       0.005146784

 PDOS Einstein freq (single pole), associated temp and eff. force constant: 
 Freq (THz)   Temp (K)   Eff. FC (N/m)
  82.076      3938.91     287.7077

 pDOS n Moments, associated Einstein freqs, temps and eff. force constants:
  n     Mom (THz^n)   Freq (THz)     Temp (K)    Eff. FC (N/m)
 -2       0.00134      27.33516      1311.84      31.9125
 -1       0.02059      48.56305      2330.58     100.7230
  0       1.00000     ---------     --------
  1      77.52736      77.52736      3720.61     256.7005
  2    6736.50570      82.07622      3938.91     287.7077

 Path Red. Mass (AMU):    0.651490
 Path Length (Ang), s^2 (1e-3 Ang^2):  7.3707  15.9739
--------------------------------------------------------------
 Path Indices:    1   6   7   9
 PDOS Poles:
     Freq. (THz)    Weight
        4.215       0.010375916
        8.105       0.013672173
       13.241       0.000420748
       20.086       0.011787332
       26.573       0.000378903
       29.668       0.057090018
       32.339       0.003742140
       38.117       0.009890237
       41.674       0.006247581
       43.829       0.059746690
       44.199       0.003211490
       91.352       0.544957461
       92.721       0.001847498
       93.590       0.206171446
       93.669       0.032614061
       94.575       0.037846209

 PDOS Einstein freq (single pole), associated temp and eff. force constant: 
 Freq (THz)   Temp (K)   Eff. FC (N/m)
  84.857      4072.39     286.9177

 pDOS n Moments, associated Einstein freqs, temps and eff. force constants:
  n     Mom (THz^n)   Freq (THz)     Temp (K)    Eff. FC (N/m)
 -2       0.00103      31.11342      1493.16      38.5720
 -1       0.01760      56.80665      2726.20     128.5806
  0       1.00000     ---------     --------
  1      81.50365      81.50365      3911.43     264.6861
  2    7200.79258      84.85748      4072.38     286.9177

 Path Red. Mass (AMU):    0.607811
 Path Length (Ang), s^2 (1e-3 Ang^2):  7.3692  14.6372
--------------------------------------------------------------
 Path Indices:    1   6   8   2
 PDOS Poles:
     Freq. (THz)    Weight
        4.462       0.002813486
        7.979       0.131317099
       12.508       0.002373107
       19.796       0.000320666
       23.354       0.020867762
       31.203       0.016064246
       32.229       0.064569892
       37.812       0.013855743
       41.685       0.029332975
       43.830       0.073949330
       44.205       0.003360224
       91.352       0.175858591
       92.721       0.004823409
       93.590       0.251540097
       93.669       0.158897604
       94.575       0.050055691

 PDOS Einstein freq (single pole), associated temp and eff. force constant: 
 Freq (THz)   Temp (K)   Eff. FC (N/m)
  76.659      3678.92     530.5995

 pDOS n Moments, associated Einstein freqs, temps and eff. force constants:
  n     Mom (THz^n)   Freq (THz)     Temp (K)    Eff. FC (N/m)
 -2       0.00248      20.09046       964.16      36.4437
 -1       0.03043      32.86317      1577.13      97.5128
  0       1.00000     ---------     --------
  1      68.97408      68.97408      3310.13     429.5508
  2    5876.57244      76.65881      3678.92     530.5994

 Path Red. Mass (AMU):    1.377317
 Path Length (Ang), s^2 (1e-3 Ang^2):  8.5095  11.1656
--------------------------------------------------------------
 Path Indices:    1   6   8   3
 PDOS Poles:
     Freq. (THz)    Weight
        4.200       0.017762461
        8.109       0.033268087
       12.457       0.000274095
       20.173       0.004562637
       23.395       0.013752902
       30.971       0.018586867
       32.204       0.042255425
       37.792       0.020757498
       41.680       0.008839651
       43.823       0.015886507
       44.212       0.008770529
       91.352       0.233924066
       92.721       0.003253680
       93.590       0.310696543
       93.669       0.195078429
       94.575       0.072330565

 PDOS Einstein freq (single pole), associated temp and eff. force constant: 
 Freq (THz)   Temp (K)   Eff. FC (N/m)
  85.008      4079.59     506.3558

 pDOS n Moments, associated Einstein freqs, temps and eff. force constants:
  n     Mom (THz^n)   Freq (THz)     Temp (K)    Eff. FC (N/m)
 -2       0.00174      23.98997      1151.30      40.3273
 -1       0.02117      47.24754      2267.45     156.4222
  0       1.00000     ---------     --------
  1      80.79745      80.79745      3877.54     457.4411
  2    7226.29723      85.00763      4079.59     506.3557

 Path Red. Mass (AMU):    1.068885
 Path Length (Ang), s^2 (1e-3 Ang^2):  7.7635  10.0072
--------------------------------------------------------------
 Path Indices:    1   6   8   4
 PDOS Poles:
     Freq. (THz)    Weight
        3.541       0.023460651
        7.646       0.025852816
       11.560       0.000726201
       20.356       0.006201849
       23.367       0.099944144
       31.980       0.054683303
       33.658       0.004665249
       37.962       0.066690232
       41.629       0.009836577
       43.803       0.059861212
       44.166       0.008417452
       91.352       0.149276923
       92.721       0.088789234
       93.590       0.134228189
       93.669       0.085562340
       94.575       0.181803606

 PDOS Einstein freq (single pole), associated temp and eff. force constant: 
 Freq (THz)   Temp (K)   Eff. FC (N/m)
  76.983      3694.46     356.0059

 pDOS n Moments, associated Einstein freqs, temps and eff. force constants:
  n     Mom (THz^n)   Freq (THz)     Temp (K)    Eff. FC (N/m)
 -2       0.00274      19.12055       917.61      21.9621
 -1       0.02691      37.15873      1783.28      82.9458
  0       1.00000     ---------     --------
  1      70.23196      70.23196      3370.49     296.3071
  2    5926.31339      76.98255      3694.46     356.0058

 Path Red. Mass (AMU):    0.916355
 Path Length (Ang), s^2 (1e-3 Ang^2):  8.1078  14.8423
--------------------------------------------------------------
 Path Indices:    1   6   8   5
 PDOS Poles:
     Freq. (THz)    Weight
        2.986       0.011083434
        5.279       0.011149800
        8.279       0.012208681
       20.078       0.004233497
       23.440       0.001659363
       31.035       0.056017127
       32.170       0.036501528
       38.221       0.020245810
       41.675       0.000712539
       43.825       0.005813991
       44.209       0.000874930
       91.352       0.187395416
       92.721       0.149934331
       93.590       0.390858244
       93.669       0.105602787
       94.575       0.005708369

 PDOS Einstein freq (single pole), associated temp and eff. force constant: 
 Freq (THz)   Temp (K)   Eff. FC (N/m)
  85.984      4126.46     347.9059

 pDOS n Moments, associated Einstein freqs, temps and eff. force constants:
  n     Mom (THz^n)   Freq (THz)     Temp (K)    Eff. FC (N/m)
 -2       0.00204      22.12277      1061.69      23.0304
 -1       0.02025      49.37861      2369.72     114.7363
  0       1.00000     ---------     --------
  1      82.35960      82.35960      3952.51     319.1917
  2    7393.30298      85.98432      4126.46     347.9058

 Path Red. Mass (AMU):    0.717818
 Path Length (Ang), s^2 (1e-3 Ang^2):  8.6707  14.2584
--------------------------------------------------------------
 Path Indices:    1   6   8   6
 PDOS Poles:
     Freq. (THz)    Weight
        3.266       0.011371304
        7.487       0.014745289
       10.005       0.002500192
       18.933       0.000272692
       21.976       0.000201782
       29.654       0.005662622
       32.174       0.006771761
       37.752       0.001441491
       41.686       0.005374397
       42.544       0.000007927
       43.887       0.000021219
       91.352       0.281394390
       92.721       0.006557608
       93.590       0.370279492
       93.669       0.220723327
       94.575       0.072674430

 PDOS Einstein freq (single pole), associated temp and eff. force constant: 
 Freq (THz)   Temp (K)   Eff. FC (N/m)
  90.881      4361.48     503.5114

 pDOS n Moments, associated Einstein freqs, temps and eff. force constants:
  n     Mom (THz^n)   Freq (THz)     Temp (K)    Eff. FC (N/m)
 -2       0.00148      25.97097      1246.37      41.1184
 -1       0.01653      60.50890      2903.87     223.2021
  0       1.00000     ---------     --------
  1      89.36409      89.36409      4288.66     486.8396
  2    8259.41717      90.88134      4361.47     503.5114

 Path Red. Mass (AMU):    0.929932
 Path Length (Ang), s^2 (1e-3 Ang^2):  6.6915   8.9816
--------------------------------------------------------------
 Path Indices:    1   6   8   7
 PDOS Poles:
     Freq. (THz)    Weight
        3.397       0.004726447
        8.032       0.045832331
       12.910       0.001721904
       20.637       0.001435420
       23.404       0.015914976
       31.208       0.016801001
       32.283       0.037713031
       37.918       0.015601109
       41.020       0.000229898
       43.819       0.044264574
       44.216       0.059702860
       91.352       0.439515677
       92.721       0.010140722
       93.590       0.019515759
       93.669       0.281133999
       94.575       0.005750422

 PDOS Einstein freq (single pole), associated temp and eff. force constant: 
 Freq (THz)   Temp (K)   Eff. FC (N/m)
  82.078      3939.01     287.8936

 pDOS n Moments, associated Einstein freqs, temps and eff. force constants:
  n     Mom (THz^n)   Freq (THz)     Temp (K)    Eff. FC (N/m)
 -2       0.00137      27.02188      1296.80      31.2037
 -1       0.02066      48.41231      2323.35     100.1581
  0       1.00000     ---------     --------
  1      77.52555      77.52555      3720.52     256.8408
  2    6736.86340      82.07840      3939.01     287.8936

 Path Red. Mass (AMU):    0.651877
 Path Length (Ang), s^2 (1e-3 Ang^2):  7.3707  16.0141
--------------------------------------------------------------
 Path Indices:    1   6   8   9
 PDOS Poles:
     Freq. (THz)    Weight
        4.213       0.010371644
        8.103       0.013682029
       13.206       0.000422602
       20.084       0.011790520
       26.644       0.000374508
       29.668       0.057107449
       32.338       0.003726090
       38.120       0.009858775
       41.675       0.006232687
       43.829       0.059040671
       44.202       0.003768755
       91.352       0.543578900
       92.721       0.001978307
       93.590       0.227911651
       93.669       0.012462234
       94.575       0.037693067

 PDOS Einstein freq (single pole), associated temp and eff. force constant: 
 Freq (THz)   Temp (K)   Eff. FC (N/m)
  84.866      4072.82     287.0538

 pDOS n Moments, associated Einstein freqs, temps and eff. force constants:
  n     Mom (THz^n)   Freq (THz)     Temp (K)    Eff. FC (N/m)
 -2       0.00103      31.10801      1492.90      38.5687
 -1       0.01760      56.81006      2726.36     128.6298
  0       1.00000     ---------     --------
  1      81.51432      81.51432      3911.94     264.8248
  2    7202.31969      84.86648      4072.82     287.0538

 Path Red. Mass (AMU):    0.607970
 Path Length (Ang), s^2 (1e-3 Ang^2):  7.3693  14.6325
--------------------------------------------------------------
 Path Indices:    1   6   9   2
 PDOS Poles:
     Freq. (THz)    Weight
        2.105       0.000279541
        4.576       0.001413823
        8.169       0.042327487
       13.088       0.001230660
       20.057       0.017247629
       29.634       0.042946874
       32.198       0.000088848
       38.223       0.004872139
       41.687       0.000507850
       43.816       0.001766311
       44.217       0.001871993
       91.352       0.307567772
       92.721       0.028338136
       93.590       0.003131089
       93.669       0.546404960
       94.575       0.000005149

 PDOS Einstein freq (single pole), associated temp and eff. force constant: 
 Freq (THz)   Temp (K)   Eff. FC (N/m)
  87.720      4209.75     508.1646

 pDOS n Moments, associated Einstein freqs, temps and eff. force constants:
  n     Mom (THz^n)   Freq (THz)     Temp (K)    Eff. FC (N/m)
 -2       0.00097      32.07185      1539.16      67.9293
 -1       0.01779      56.20945      2697.54     208.6545
  0       1.00000     ---------     --------
  1      84.55722      84.55722      4057.97     472.1830
  2    7694.76720      87.71982      4209.75     508.1647

 Path Red. Mass (AMU):    1.007396
 Path Length (Ang), s^2 (1e-3 Ang^2):  9.2997   8.9251
--------------------------------------------------------------
 Path Indices:    1   6   9   3
 PDOS Poles:
     Freq. (THz)    Weight
        1.054       0.000572331
        4.384       0.019496984
        8.170       0.024537226
       13.090       0.000592104
       20.057       0.021824191
       29.634       0.090780186
       32.199       0.002320857
       38.223       0.008415553
       41.687       0.012188645
       43.816       0.005626473
       44.217       0.008527273
       91.352       0.276049970
       92.721       0.025925396
       93.590       0.002869655
       93.669       0.500268422
       94.575       0.000004965

 PDOS Einstein freq (single pole), associated temp and eff. force constant: 
 Freq (THz)   Temp (K)   Eff. FC (N/m)
  84.232      4042.36     518.7285

 pDOS n Moments, associated Einstein freqs, temps and eff. force constants:
  n     Mom (THz^n)   Freq (THz)     Temp (K)    Eff. FC (N/m)
 -2       0.00217      21.44971      1029.39      33.6379
 -1       0.02177      45.93754      2204.58     154.2844
  0       1.00000     ---------     --------
  1      79.70054      79.70054      3824.90     464.4178
  2    7095.02290      84.23196      4042.37     518.7286

 Path Red. Mass (AMU):    1.115264
 Path Length (Ang), s^2 (1e-3 Ang^2):  7.7442   9.8677
--------------------------------------------------------------
 Path Indices:    1   6   9   4
 PDOS Poles:
     Freq. (THz)    Weight
        3.692       0.026977840
        7.364       0.032773378
       12.359       0.002538632
       20.055       0.039191584
       23.478       0.002561841
       29.644       0.090813573
       32.656       0.000597921
       38.177       0.018789253
       41.683       0.020523056
       43.819       0.026913979
       44.212       0.011098057
       91.352       0.199261771
       92.721       0.017260235
       93.590       0.002446504
       93.669       0.447885221
       94.575       0.060367375

 PDOS Einstein freq (single pole), associated temp and eff. force constant: 
 Freq (THz)   Temp (K)   Eff. FC (N/m)
  80.863      3880.71     462.0407

 pDOS n Moments, associated Einstein freqs, temps and eff. force constants:
  n     Mom (THz^n)   Freq (THz)     Temp (K)    Eff. FC (N/m)
 -2       0.00293      18.45931       885.88      24.0772
 -1       0.02677      37.35298      1792.60      98.5885
  0       1.00000     ---------     --------
  1      74.86731      74.86731      3592.95     396.0595
  2    6538.89595      80.86344      3880.71     462.0409

 Path Red. Mass (AMU):    1.077872
 Path Length (Ang), s^2 (1e-3 Ang^2):  8.0965  12.5526
--------------------------------------------------------------
 Path Indices:    1   6   9   5
 PDOS Poles:
     Freq. (THz)    Weight
        3.609       0.026856306
        7.328       0.032734843
       12.313       0.002619495
       20.054       0.039252603
       23.458       0.002661936
       29.643       0.091225918
       32.690       0.000568466
       38.176       0.018793314
       41.683       0.020628751
       43.823       0.026173329
       44.212       0.011812332
       91.352       0.199161237
       92.721       0.017268643
       93.590       0.022495240
       93.669       0.425784683
       94.575       0.061963106

 PDOS Einstein freq (single pole), associated temp and eff. force constant: 
 Freq (THz)   Temp (K)   Eff. FC (N/m)
  80.837      3879.45     462.3570

 pDOS n Moments, associated Einstein freqs, temps and eff. force constants:
  n     Mom (THz^n)   Freq (THz)     Temp (K)    Eff. FC (N/m)
 -2       0.00302      18.18656       872.79      23.4022
 -1       0.02695      37.11219      1781.05      97.4514
  0       1.00000     ---------     --------
  1      74.83128      74.83128      3591.22     396.2063
  2    6534.65154      80.83719      3879.45     462.3571

 Path Red. Mass (AMU):    1.079310
 Path Length (Ang), s^2 (1e-3 Ang^2):  8.0944  12.6172
--------------------------------------------------------------
 Path Indices:    1   6   9   6
 PDOS Poles:
     Freq. (THz)    Weight
        0.715       0.000168781
        4.383       0.002809811
        8.168       0.042647870
       13.087       0.000219545
       20.057       0.001603794
       29.634       0.013434378
       32.199       0.000870852
       38.223       0.001129845
       41.687       0.005851200
       43.816       0.000055395
       44.217       0.000136291
       91.352       0.325871500
       92.721       0.029790733
       93.590       0.003280229
       93.669       0.572124685
       94.575       0.000005373

 PDOS Einstein freq (single pole), associated temp and eff. force constant: 
 Freq (THz)   Temp (K)   Eff. FC (N/m)
  89.736      4306.52     508.7067

 pDOS n Moments, associated Einstein freqs, temps and eff. force constants:
  n     Mom (THz^n)   Freq (THz)     Temp (K)    Eff. FC (N/m)
 -2       0.00125      28.29180      1357.75      50.5654
 -1       0.01688      59.23734      2842.85     221.6784
  0       1.00000     ---------     --------
  1      87.54664      87.54664      4201.44     484.1849
  2    8052.58446      89.73619      4306.52     508.7068

 Path Red. Mass (AMU):    0.963659
 Path Length (Ang), s^2 (1e-3 Ang^2):  6.6931   8.8616
--------------------------------------------------------------
 Path Indices:    1   6   9   7
 PDOS Poles:
     Freq. (THz)    Weight
        3.356       0.005116750
        8.006       0.049981208
       12.492       0.001810507
       19.766       0.000691844
       23.349       0.022853195
       30.941       0.019337991
       32.154       0.030695391
       37.756       0.025506109
       41.680       0.001129137
       43.823       0.016860907
       44.217       0.019533447
       91.352       0.525636590
       92.721       0.009139830
       93.590       0.084412624
       93.669       0.169048787
       94.575       0.018245724

 PDOS Einstein freq (single pole), associated temp and eff. force constant: 
 Freq (THz)   Temp (K)   Eff. FC (N/m)
  83.823      4022.74     332.4900

 pDOS n Moments, associated Einstein freqs, temps and eff. force constants:
  n     Mom (THz^n)   Freq (THz)     Temp (K)    Eff. FC (N/m)
 -2       0.00147      26.06772      1251.01      32.1557
 -1       0.02079      48.10647      2308.67     109.5111
  0       1.00000     ---------     --------
  1      79.51099      79.51099      3815.80     299.1613
  2    7026.31180      83.82310      4022.74     332.4900

 Path Red. Mass (AMU):    0.721842
 Path Length (Ang), s^2 (1e-3 Ang^2):  7.3700  14.5539
--------------------------------------------------------------
 Path Indices:    1   6   9   8
 PDOS Poles:
     Freq. (THz)    Weight
        3.466       0.005044799
        8.012       0.050055100
       12.529       0.001783828
       19.795       0.000677780
       23.350       0.022949806
       30.935       0.019016758
       32.153       0.030767728
       37.756       0.025549788
       41.680       0.001140791
       43.827       0.016242542
       44.217       0.020089384
       91.352       0.524868082
       92.721       0.009326272
       93.590       0.122674302
       93.669       0.132086431
       94.575       0.017726604

 PDOS Einstein freq (single pole), associated temp and eff. force constant: 
 Freq (THz)   Temp (K)   Eff. FC (N/m)
  83.830      4023.08     332.4248

 pDOS n Moments, associated Einstein freqs, temps and eff. force constants:
  n     Mom (THz^n)   Freq (THz)     Temp (K)    Eff. FC (N/m)
 -2       0.00144      26.38100      1266.05      32.9212
 -1       0.02072      48.26806      2316.43     110.2078
  0       1.00000     ---------     --------
  1      79.52252      79.52252      3816.36     299.1390
  2    7027.49544      83.83016      4023.08     332.4247

 Path Red. Mass (AMU):    0.721579
 Path Length (Ang), s^2 (1e-3 Ang^2):  7.3701  14.5105
--------------------------------------------------------------
 Path Indices:    1   7   1   2
 PDOS Poles:
     Freq. (THz)    Weight
        2.256       0.007714584
        7.965       0.128721318
       13.112       0.005619697
       20.289       0.015979132
       23.394       0.093417050
       30.654       0.057527114
       32.151       0.146048965
       37.791       0.064415005
       41.686       0.187717207
       43.828       0.152143407
       44.136       0.003840851
       91.352       0.043339981
       92.721       0.000947392
       93.590       0.062542984
       93.669       0.019818429
       94.575       0.010206823

 PDOS Einstein freq (single pole), associated temp and eff. force constant: 
 Freq (THz)   Temp (K)   Eff. FC (N/m)
  46.612      2236.94     135.2738

 pDOS n Moments, associated Einstein freqs, temps and eff. force constants:
  n     Mom (THz^n)   Freq (THz)     Temp (K)    Eff. FC (N/m)
 -2       0.00424      15.35795       737.04      14.6855
 -1       0.04245      23.55835      1130.59      34.5551
  0       1.00000     ---------     --------
  1      39.90438      39.90438      1915.05      99.1432
  2    2172.65912      46.61179      2236.94     135.2737

 Path Red. Mass (AMU):    0.949758
 Path Length (Ang), s^2 (1e-3 Ang^2): 11.8209  22.5875
--------------------------------------------------------------
 Path Indices:    1   7   1   3
 PDOS Poles:
     Freq. (THz)    Weight
        3.480       0.027890256
        7.928       0.150704926
       12.846       0.009843378
       23.326       0.089813875
       28.314       0.010813001
       30.652       0.097544635
       32.395       0.049705740
       37.937       0.090066705
       41.682       0.189925778
       43.807       0.125427013
       43.960       0.027252146
       91.352       0.041649633
       92.721       0.001748182
       93.590       0.059466380
       93.669       0.018435072
       94.575       0.009713216

 PDOS Einstein freq (single pole), associated temp and eff. force constant: 
 Freq (THz)   Temp (K)   Eff. FC (N/m)
  45.802      2198.09     124.4501

 pDOS n Moments, associated Einstein freqs, temps and eff. force constants:
  n     Mom (THz^n)   Freq (THz)     Temp (K)    Eff. FC (N/m)
 -2       0.00536      13.66251       655.68      11.0734
 -1       0.04856      20.59152       988.21      25.1535
  0       1.00000     ---------     --------
  1      38.62330      38.62330      1853.57      88.4952
  2    2097.85012      45.80229      2198.09     124.4501

 Path Red. Mass (AMU):    0.904924
 Path Length (Ang), s^2 (1e-3 Ang^2): 12.7813  27.1222
--------------------------------------------------------------
 Path Indices:    1   7   1   4
 PDOS Poles:
     Freq. (THz)    Weight
        4.063       0.022699712
        7.959       0.058898905
       12.999       0.005748318
       23.338       0.095468951
       29.547       0.080976949
       31.207       0.293497533
       32.891       0.029454918
       38.132       0.146398644
       41.678       0.091996981
       43.801       0.064812515
       44.037       0.011745609
       91.352       0.022794876
       92.721       0.019379125
       93.590       0.049788124
       93.669       0.005304480
       94.575       0.001034303

 PDOS Einstein freq (single pole), associated temp and eff. force constant: 
 Freq (THz)   Temp (K)   Eff. FC (N/m)
  42.591      2043.98      59.1194

 pDOS n Moments, associated Einstein freqs, temps and eff. force constants:
  n     Mom (THz^n)   Freq (THz)     Temp (K)    Eff. FC (N/m)
 -2       0.00314      17.84455       856.38      10.3778
 -1       0.03941      25.37280      1217.66      20.9813
  0       1.00000     ---------     --------
  1      37.29080      37.29080      1789.62      45.3210
  2    1813.98725      42.59093      2043.98      59.1194

 Path Red. Mass (AMU):    0.497150
 Path Length (Ang), s^2 (1e-3 Ang^2): 12.8742  40.0654
--------------------------------------------------------------
 Path Indices:    1   7   1   5
 PDOS Poles:
     Freq. (THz)    Weight
        2.652       0.038150775
        7.704       0.076946951
       12.737       0.006654246
       23.268       0.017567235
       29.483       0.074739861
       31.779       0.097387533
       34.703       0.010022031
       37.906       0.389486120
       41.659       0.091830271
       43.639       0.023997213
       43.888       0.075428009
       91.352       0.022796009
       92.721       0.019436775
       93.590       0.017602995
       93.669       0.006443835
       94.575       0.031510142

 PDOS Einstein freq (single pole), associated temp and eff. force constant: 
 Freq (THz)   Temp (K)   Eff. FC (N/m)
  44.167      2119.61      63.5268

 pDOS n Moments, associated Einstein freqs, temps and eff. force constants:
  n     Mom (THz^n)   Freq (THz)     Temp (K)    Eff. FC (N/m)
 -2       0.00737      11.64749       558.97       4.4180
 -1       0.04734      21.12579      1013.84      14.5341
  0       1.00000     ---------     --------
  1      38.89658      38.89658      1866.68      49.2704
  2    1950.71607      44.16691      2119.61      63.5268

 Path Red. Mass (AMU):    0.496769
 Path Length (Ang), s^2 (1e-3 Ang^2): 12.8745  48.1569
--------------------------------------------------------------
 Path Indices:    1   7   1   6
 PDOS Poles:
     Freq. (THz)    Weight
        3.087       0.016477192
        8.005       0.206683542
       12.906       0.018527428
       19.919       0.003836509
       23.351       0.090308529
       31.018       0.060606823
       32.199       0.181587053
       37.777       0.059243476
       41.686       0.091086809
       43.830       0.145398855
       44.185       0.003312048
       91.352       0.024966040
       92.721       0.001255203
       93.590       0.060512361
       93.669       0.026491119
       94.575       0.009706947

 PDOS Einstein freq (single pole), associated temp and eff. force constant: 
 Freq (THz)   Temp (K)   Eff. FC (N/m)
  43.713      2097.85     113.3039

 pDOS n Moments, associated Einstein freqs, temps and eff. force constants:
  n     Mom (THz^n)   Freq (THz)     Temp (K)    Eff. FC (N/m)
 -2       0.00567      13.28573       637.59      10.4661
 -1       0.05271      18.97090       910.43      21.3398
  0       1.00000     ---------     --------
  1      35.87055      35.87055      1721.46      76.2941
  2    1910.86355      43.71343      2097.85     113.3039

 Path Red. Mass (AMU):    0.904495
 Path Length (Ang), s^2 (1e-3 Ang^2): 14.1621  29.4531
--------------------------------------------------------------
 Path Indices:    1   7   1   7
 PDOS Poles:
     Freq. (THz)    Weight
        2.493       0.009962753
        7.921       0.116324100
       13.051       0.006126762
       20.338       0.012657736
       23.392       0.095548120
       30.694       0.059333404
       32.156       0.142000028
       37.794       0.066245786
       41.686       0.192300770
       43.828       0.155456817
       44.133       0.004035720
       91.352       0.044346569
       92.721       0.000983622
       93.590       0.063962248
       93.669       0.020277082
       94.575       0.010438430

 PDOS Einstein freq (single pole), associated temp and eff. force constant: 
 Freq (THz)   Temp (K)   Eff. FC (N/m)
  47.053      2258.11      72.0347

 pDOS n Moments, associated Einstein freqs, temps and eff. force constants:
  n     Mom (THz^n)   Freq (THz)     Temp (K)    Eff. FC (N/m)
 -2       0.00416      15.51302       744.48       7.8300
 -1       0.04172      23.96988      1150.34      18.6939
  0       1.00000     ---------     --------
  1      40.43247      40.43247      1940.39      53.1900
  2    2213.97273      47.05287      2258.11      72.0346

 Path Red. Mass (AMU):    0.496318
 Path Length (Ang), s^2 (1e-3 Ang^2): 14.4825  42.4814
--------------------------------------------------------------
 Path Indices:    1   7   1   8
 PDOS Poles:
     Freq. (THz)    Weight
        3.294       0.001430518
        5.798       0.001501476
        8.173       0.130767851
       13.087       0.019470230
       20.057       0.021809962
       29.634       0.018710410
       32.199       0.256705920
       38.223       0.010964979
       41.687       0.388588314
       43.816       0.002507623
       44.217       0.003398948
       91.352       0.089814952
       92.721       0.001946919
       93.590       0.000266794
       93.669       0.052113913
       94.575       0.000001209

 PDOS Einstein freq (single pole), associated temp and eff. force constant: 
 Freq (THz)   Temp (K)   Eff. FC (N/m)
  47.245      2267.34      72.6620

 pDOS n Moments, associated Einstein freqs, temps and eff. force constants:
  n     Mom (THz^n)   Freq (THz)     Temp (K)    Eff. FC (N/m)
 -2       0.00282      18.82353       903.36      11.5344
 -1       0.03918      25.52392      1224.92      21.2073
  0       1.00000     ---------     --------
  1      40.76479      40.76479      1956.34      54.0956
  2    2232.11349      47.24525      2267.34      72.6620

 Path Red. Mass (AMU):    0.496572
 Path Length (Ang), s^2 (1e-3 Ang^2): 14.4840  39.8745
--------------------------------------------------------------
 Path Indices:    1   7   1   9
 PDOS Poles:
     Freq. (THz)    Weight
        3.530       0.016052216
        7.909       0.073114856
       12.953       0.002280281
       20.418       0.010381459
       23.445       0.047782268
       29.840       0.074581130
       31.859       0.032775863
       37.802       0.034450773
       41.687       0.289772568
       43.826       0.082423290
       44.200       0.008714424
       91.352       0.210436713
       92.721       0.004401817
       93.590       0.022539382
       93.669       0.084837678
       94.575       0.005455291

 PDOS Einstein freq (single pole), associated temp and eff. force constant: 
 Freq (THz)   Temp (K)   Eff. FC (N/m)
  60.400      2898.63     118.7480

 pDOS n Moments, associated Einstein freqs, temps and eff. force constants:
  n     Mom (THz^n)   Freq (THz)     Temp (K)    Eff. FC (N/m)
 -2       0.00298      18.33324       879.83      10.9405
 -1       0.03354      29.81682      1430.94      28.9389
  0       1.00000     ---------     --------
  1      52.84983      52.84983      2536.31      90.9173
  2    3648.10194      60.39952      2898.63     118.7480

 Path Red. Mass (AMU):    0.496536
 Path Length (Ang), s^2 (1e-3 Ang^2): 14.9253  34.1360
--------------------------------------------------------------
 Path Indices:    1   7   2   3
 PDOS Poles:
     Freq. (THz)    Weight
        4.174       0.009439684
        7.923       0.164156674
       13.160       0.024987460
       20.563       0.019597027
       23.500       0.068616579
       30.059       0.078296563
       32.129       0.099380572
       37.952       0.078935168
       40.838       0.002966107
       41.695       0.170957538
       43.832       0.164596129
       91.352       0.037281863
       92.721       0.000366255
       93.590       0.053281064
       93.669       0.018466044
       94.575       0.008675245

 PDOS Einstein freq (single pole), associated temp and eff. force constant: 
 Freq (THz)   Temp (K)   Eff. FC (N/m)
  44.575      2139.21     119.7712

 pDOS n Moments, associated Einstein freqs, temps and eff. force constants:
  n     Mom (THz^n)   Freq (THz)     Temp (K)    Eff. FC (N/m)
 -2       0.00391      15.99508       767.62      15.4218
 -1       0.04573      21.86891      1049.51      28.8282
  0       1.00000     ---------     --------
  1      37.66684      37.66684      1807.66      85.5227
  2    1986.95936      44.57532      2139.21     119.7712

 Path Red. Mass (AMU):    0.919506
 Path Length (Ang), s^2 (1e-3 Ang^2):  9.5691  25.1329
--------------------------------------------------------------
 Path Indices:    1   7   2   4
 PDOS Poles:
     Freq. (THz)    Weight
        4.392       0.008806772
        7.965       0.073705194
       13.316       0.012431612
       22.469       0.024193270
       24.697       0.016221264
       30.386       0.216546897
       31.916       0.197766829
       38.165       0.093702081
       41.680       0.089215774
       43.814       0.084687525
       44.079       0.009343818
       91.352       0.022481034
       92.721       0.061997309
       93.590       0.067786123
       93.669       0.002050527
       94.575       0.019063920

 PDOS Einstein freq (single pole), associated temp and eff. force constant: 
 Freq (THz)   Temp (K)   Eff. FC (N/m)
  49.047      2353.81      84.2380

 pDOS n Moments, associated Einstein freqs, temps and eff. force constants:
  n     Mom (THz^n)   Freq (THz)     Temp (K)    Eff. FC (N/m)
 -2       0.00238      20.51402       984.49      14.7361
 -1       0.03585      27.89256      1338.59      27.2432
  0       1.00000     ---------     --------
  1      42.18582      42.18582      2024.53      62.3182
  2    2405.61537      49.04707      2353.81      84.2380

 Path Red. Mass (AMU):    0.534162
 Path Length (Ang), s^2 (1e-3 Ang^2): 10.1534  33.9206
--------------------------------------------------------------
 Path Indices:    1   7   2   5
 PDOS Poles:
     Freq. (THz)    Weight
        3.181       0.011792611
        7.844       0.089953945
       13.354       0.012612305
       22.901       0.044927610
       25.979       0.013244714
       30.284       0.109531765
       32.480       0.086916346
       37.904       0.264274046
       41.658       0.088806624
       43.662       0.030932814
       43.902       0.073955449
       91.352       0.022432234
       92.721       0.061977862
       93.590       0.006920939
       93.669       0.003581405
       94.575       0.078139328

 PDOS Einstein freq (single pole), associated temp and eff. force constant: 
 Freq (THz)   Temp (K)   Eff. FC (N/m)
  49.788      2389.37      86.6051

 pDOS n Moments, associated Einstein freqs, temps and eff. force constants:
  n     Mom (THz^n)   Freq (THz)     Temp (K)    Eff. FC (N/m)
 -2       0.00332      17.36805       833.51      10.5389
 -1       0.03823      26.15483      1255.19      23.8999
  0       1.00000     ---------     --------
  1      42.90759      42.90759      2059.17      64.3223
  2    2478.84986      49.78805      2389.37      86.6051

 Path Red. Mass (AMU):    0.532947
 Path Length (Ang), s^2 (1e-3 Ang^2): 10.1531  36.2567
--------------------------------------------------------------
 Path Indices:    1   7   2   6
 PDOS Poles:
     Freq. (THz)    Weight
        3.799       0.004235521
        7.986       0.246004440
       13.041       0.061809884
       17.466       0.000196691
       23.351       0.071611031
       31.105       0.051517147
       32.215       0.153314515
       37.782       0.046719189
       41.686       0.086385227
       43.757       0.010283626
       43.836       0.152693186
       91.352       0.022612824
       92.721       0.001380365
       93.590       0.053922326
       93.669       0.028752384
       94.575       0.008561702

 PDOS Einstein freq (single pole), associated temp and eff. force constant: 
 Freq (THz)   Temp (K)   Eff. FC (N/m)
  42.497      2039.45     107.6015

 pDOS n Moments, associated Einstein freqs, temps and eff. force constants:
  n     Mom (THz^n)   Freq (THz)     Temp (K)    Eff. FC (N/m)
 -2       0.00503      14.10336       676.83      11.8510
 -1       0.05441      18.37731       881.94      20.1220
  0       1.00000     ---------     --------
  1      34.25675      34.25675      1644.01      69.9199
  2    1805.96792      42.49668      2039.45     107.6015

 Path Red. Mass (AMU):    0.908865
 Path Length (Ang), s^2 (1e-3 Ang^2): 10.4504  30.2582
--------------------------------------------------------------
 Path Indices:    1   7   2   7
 PDOS Poles:
     Freq. (THz)    Weight
        4.718       0.003838570
        7.865       0.148738103
       13.090       0.040324062
       21.570       0.007335367
       23.453       0.074444318
       30.511       0.049523850
       32.158       0.138338907
       37.815       0.055242358
       41.685       0.178232027
       43.823       0.165854559
       43.957       0.011962326
       91.352       0.039936150
       92.721       0.000933479
       93.590       0.057111491
       93.669       0.018870325
       94.575       0.009314062

 PDOS Einstein freq (single pole), associated temp and eff. force constant: 
 Freq (THz)   Temp (K)   Eff. FC (N/m)
  45.502      2183.70      68.0268

 pDOS n Moments, associated Einstein freqs, temps and eff. force constants:
  n     Mom (THz^n)   Freq (THz)     Temp (K)    Eff. FC (N/m)
 -2       0.00340      17.15342       823.21       9.6674
 -1       0.04339      23.04417      1105.91      17.4475
  0       1.00000     ---------     --------
  1      38.62075      38.62075      1853.44      49.0063
  2    2070.47322      45.50245      2183.70      68.0268

 Path Red. Mass (AMU):    0.501189
 Path Length (Ang), s^2 (1e-3 Ang^2): 10.6419  43.7585
--------------------------------------------------------------
 Path Indices:    1   7   2   8
 PDOS Poles:
     Freq. (THz)    Weight
        1.320       0.000087013
        8.168       0.141826615
       13.085       0.054154565
       17.142       0.000003687
       20.058       0.012364637
       29.634       0.026685665
       32.199       0.254158081
       38.223       0.014591514
       41.687       0.361899452
       43.816       0.000101024
       44.217       0.002104478
       91.352       0.081402601
       92.721       0.001850561
       93.590       0.000240579
       93.669       0.048528188
       94.575       0.000001355

 PDOS Einstein freq (single pole), associated temp and eff. force constant: 
 Freq (THz)   Temp (K)   Eff. FC (N/m)
  45.698      2193.09      68.7331

 pDOS n Moments, associated Einstein freqs, temps and eff. force constants:
  n     Mom (THz^n)   Freq (THz)     Temp (K)    Eff. FC (N/m)
 -2       0.00303      18.15679       871.36      10.8504
 -1       0.04152      24.08246      1155.74      19.0884
  0       1.00000     ---------     --------
  1      39.00753      39.00753      1872.01      50.0801
  2    2088.32237      45.69817      2193.09      68.7331

 Path Red. Mass (AMU):    0.502065
 Path Length (Ang), s^2 (1e-3 Ang^2): 10.6449  41.7991
--------------------------------------------------------------
 Path Indices:    1   7   2   9
 PDOS Poles:
     Freq. (THz)    Weight
        4.065       0.004334719
        7.939       0.102486665
       13.083       0.018441446
       20.238       0.013632218
       23.428       0.038976115
       29.920       0.044177972
       31.956       0.034607282
       37.780       0.026162627
       41.687       0.222470121
       43.828       0.095419308
       44.211       0.012348577
       91.352       0.240558682
       92.721       0.006052945
       93.590       0.018895376
       93.669       0.116492166
       94.575       0.004943810

 PDOS Einstein freq (single pole), associated temp and eff. force constant: 
 Freq (THz)   Temp (K)   Eff. FC (N/m)
  63.516      3048.19     133.4059

 pDOS n Moments, associated Einstein freqs, temps and eff. force constants:
  n     Mom (THz^n)   Freq (THz)     Temp (K)    Eff. FC (N/m)
 -2       0.00243      20.27917       973.21      13.5990
 -1       0.03296      30.33567      1455.84      30.4309
  0       1.00000     ---------     --------
  1      55.36414      55.36414      2656.97     101.3597
  2    4034.28626      63.51603      3048.19     133.4059

 Path Red. Mass (AMU):    0.504428
 Path Length (Ang), s^2 (1e-3 Ang^2): 11.4343  33.0272
--------------------------------------------------------------
 Path Indices:    1   7   3   2
 PDOS Poles:
     Freq. (THz)    Weight
        2.663       0.002868539
        8.053       0.053519056
       13.930       0.001383809
       20.826       0.007636217
       23.422       0.071966118
       30.796       0.066273827
       32.179       0.171489458
       37.796       0.074139276
       41.685       0.133685537
       43.827       0.094889708
       44.206       0.016667142
       91.352       0.097683343
       92.721       0.000017363
       93.590       0.133950039
       93.669       0.046031179
       94.575       0.027799321

 PDOS Einstein freq (single pole), associated temp and eff. force constant: 
 Freq (THz)   Temp (K)   Eff. FC (N/m)
  59.001      2831.52     229.3489

 pDOS n Moments, associated Einstein freqs, temps and eff. force constants:
  n     Mom (THz^n)   Freq (THz)     Temp (K)    Eff. FC (N/m)
 -2       0.00184      23.29155      1117.78      35.7413
 -1       0.02974      33.62517      1613.70      74.4908
  0       1.00000     ---------     --------
  1      51.53458      51.53458      2473.19     174.9730
  2    3481.15339      59.00130      2831.52     229.3489

 Path Red. Mass (AMU):    1.004997
 Path Length (Ang), s^2 (1e-3 Ang^2):  8.8260  14.9553
--------------------------------------------------------------
 Path Indices:    1   7   3   4
 PDOS Poles:
     Freq. (THz)    Weight
        4.133       0.010919626
        8.030       0.026825145
       13.246       0.001447588
       23.285       0.069026261
       25.360       0.003481450
       30.638       0.124519393
       32.037       0.155171760
       38.219       0.041136600
       41.686       0.080145506
       43.828       0.055693804
       44.209       0.008550181
       91.352       0.064385461
       92.721       0.132667764
       93.590       0.179635725
       93.669       0.006602964
       94.575       0.039790673

 PDOS Einstein freq (single pole), associated temp and eff. force constant: 
 Freq (THz)   Temp (K)   Eff. FC (N/m)
  65.622      3149.24     179.3521

 pDOS n Moments, associated Einstein freqs, temps and eff. force constants:
  n     Mom (THz^n)   Freq (THz)     Temp (K)    Eff. FC (N/m)
 -2       0.00164      24.71821      1186.25      25.4477
 -1       0.02711      36.88540      1770.16      56.6660
  0       1.00000     ---------     --------
  1      57.87012      57.87012      2777.24     139.4834
  2    4306.18566      65.62153      3149.23     179.3521

 Path Red. Mass (AMU):    0.635338
 Path Length (Ang), s^2 (1e-3 Ang^2):  8.0808  21.5658
--------------------------------------------------------------
 Path Indices:    1   7   3   5
 PDOS Poles:
     Freq. (THz)    Weight
        2.879       0.015583001
        7.800       0.032570416
       12.954       0.001729830
       23.256       0.026958278
       28.509       0.009629686
       31.566       0.076499670
       32.798       0.045853039
       37.853       0.201894654
       41.673       0.078712652
       43.800       0.058929641
       44.138       0.014510102
       91.352       0.063242520
       92.721       0.130625505
       93.590       0.020816475
       93.669       0.010677298
       94.575       0.211767227

 PDOS Einstein freq (single pole), associated temp and eff. force constant: 
 Freq (THz)   Temp (K)   Eff. FC (N/m)
  67.369      3233.10     185.6644

 pDOS n Moments, associated Einstein freqs, temps and eff. force constants:
  n     Mom (THz^n)   Freq (THz)     Temp (K)    Eff. FC (N/m)
 -2       0.00288      18.62805       893.98      14.1952
 -1       0.02861      34.94720      1677.15      49.9611
  0       1.00000     ---------     --------
  1      60.15087      60.15087      2886.69     148.0100
  2    4538.59310      67.36908      3233.10     185.6644

 Path Red. Mass (AMU):    0.624020
 Path Length (Ang), s^2 (1e-3 Ang^2):  8.0808  23.1747
--------------------------------------------------------------
 Path Indices:    1   7   3   6
 PDOS Poles:
     Freq. (THz)    Weight
        3.467       0.007257382
        8.051       0.070336187
       13.117       0.003991697
       21.670       0.005574971
       23.447       0.063413954
       30.373       0.057071770
       32.158       0.328971547
       37.757       0.061881542
       41.686       0.046762170
       43.829       0.085949934
       44.212       0.013094328
       91.352       0.062934751
       92.721       0.000006172
       93.590       0.121510060
       93.669       0.046159784
       94.575       0.025083689

 PDOS Einstein freq (single pole), associated temp and eff. force constant: 
 Freq (THz)   Temp (K)   Eff. FC (N/m)
  54.907      2635.03     179.2239

 pDOS n Moments, associated Einstein freqs, temps and eff. force constants:
  n     Mom (THz^n)   Freq (THz)     Temp (K)    Eff. FC (N/m)
 -2       0.00237      20.53891       985.68      25.0782
 -1       0.03397      29.43954      1412.83      51.5232
  0       1.00000     ---------     --------
  1      47.01376      47.01376      2256.23     131.3986
  2    3014.77565      54.90697      2635.03     179.2238

 Path Red. Mass (AMU):    0.906843
 Path Length (Ang), s^2 (1e-3 Ang^2):  8.5061  18.9305
--------------------------------------------------------------
 Path Indices:    1   7   3   7
 PDOS Poles:
     Freq. (THz)    Weight
        2.828       0.000747254
        7.896       0.022987087
        9.927       0.000752032
       20.043       0.002816508
       23.348       0.063722957
       31.070       0.078927139
       32.198       0.220134286
       37.755       0.074258735
       41.687       0.124825838
       43.831       0.096148647
       44.217       0.014762672
       91.352       0.095182069
       92.721       0.000007846
       93.590       0.126016944
       93.669       0.045586913
       94.575       0.033123018

 PDOS Einstein freq (single pole), associated temp and eff. force constant: 
 Freq (THz)   Temp (K)   Eff. FC (N/m)
  58.928      2828.03     116.4102

 pDOS n Moments, associated Einstein freqs, temps and eff. force constants:
  n     Mom (THz^n)   Freq (THz)     Temp (K)    Eff. FC (N/m)
 -2       0.00110      30.09686      1444.37      30.3657
 -1       0.02621      38.15020      1830.86      48.7904
  0       1.00000     ---------     --------
  1      52.04237      52.04237      2497.56      90.7936
  2    3472.56348      58.92846      2828.03     116.4102

 Path Red. Mass (AMU):    0.511366
 Path Length (Ang), s^2 (1e-3 Ang^2):  9.1557  25.9057
--------------------------------------------------------------
 Path Indices:    1   7   3   8
 PDOS Poles:
     Freq. (THz)    Weight
        3.756       0.001337660
        7.028       0.001761554
        8.191       0.047573748
       13.091       0.005568586
       20.058       0.009629829
       29.634       0.001757204
       32.199       0.320787468
       38.223       0.001759820
       41.687       0.270674814
       43.816       0.001699483
       44.217       0.021532106
       91.352       0.200288754
       92.721       0.000861903
       93.590       0.000611841
       93.669       0.114153305
       94.575       0.000001966

 PDOS Einstein freq (single pole), associated temp and eff. force constant: 
 Freq (THz)   Temp (K)   Eff. FC (N/m)
  59.551      2857.93     119.7575

 pDOS n Moments, associated Einstein freqs, temps and eff. force constants:
  n     Mom (THz^n)   Freq (THz)     Temp (K)    Eff. FC (N/m)
 -2       0.00141      26.59868      1276.49      23.8912
 -1       0.02783      35.92706      1724.17      43.5875
  0       1.00000     ---------     --------
  1      52.55849      52.55849      2522.33      93.2833
  2    3546.37279      59.55143      2857.93     119.7575

 Path Red. Mass (AMU):    0.515121
 Path Length (Ang), s^2 (1e-3 Ang^2):  9.1558  27.3082
--------------------------------------------------------------
 Path Indices:    1   7   3   9
 PDOS Poles:
     Freq. (THz)    Weight
        3.776       0.006776184
        7.971       0.022690146
       19.300       0.003423608
       22.962       0.034687882
       25.684       0.007461743
       29.874       0.133099353
       32.158       0.047291238
       37.918       0.051072295
       41.685       0.228691640
       43.805       0.049694162
       44.068       0.007202804
       91.352       0.277570318
       92.721       0.006045801
       93.590       0.052020800
       93.669       0.058187506
       94.575       0.014084506

 PDOS Einstein freq (single pole), associated temp and eff. force constant: 
 Freq (THz)   Temp (K)   Eff. FC (N/m)
  65.072      3122.87     138.4705

 pDOS n Moments, associated Einstein freqs, temps and eff. force constants:
  n     Mom (THz^n)   Freq (THz)     Temp (K)    Eff. FC (N/m)
 -2       0.00136      27.13228      1302.10      24.0735
 -1       0.02511      39.83048      1911.50      51.8797
  0       1.00000     ---------     --------
  1      58.28968      58.28968      2797.37     111.1092
  2    4234.38685      65.07217      3122.87     138.4704

 Path Red. Mass (AMU):    0.498836
 Path Length (Ang), s^2 (1e-3 Ang^2):  9.1357  25.4362
--------------------------------------------------------------
 Path Indices:    1   7   4   2
 PDOS Poles:
     Freq. (THz)    Weight
        2.599       0.001845499
        8.037       0.025117908
       13.229       0.002542265
       20.503       0.003212573
       24.403       0.001601307
       30.882       0.097676388
       32.127       0.117984602
       37.767       0.037841974
       41.686       0.057581890
       43.826       0.074458979
       44.018       0.001659480
       91.352       0.078892130
       92.721       0.202400063
       93.590       0.227659349
       93.669       0.005879771
       94.575       0.063645680

 PDOS Einstein freq (single pole), associated temp and eff. force constant: 
 Freq (THz)   Temp (K)   Eff. FC (N/m)
  74.384      3569.75     223.1869

 pDOS n Moments, associated Einstein freqs, temps and eff. force constants:
  n     Mom (THz^n)   Freq (THz)     Temp (K)    Eff. FC (N/m)
 -2       0.00107      30.57415      1467.28      37.7068
 -1       0.02142      46.68524      2240.47      87.9163
  0       1.00000     ---------     --------
  1      68.16830      68.16830      3271.46     187.4456
  2    5532.96760      74.38392      3569.75     223.1868

 Path Red. Mass (AMU):    0.615321
 Path Length (Ang), s^2 (1e-3 Ang^2): 10.3176  17.5932
--------------------------------------------------------------
 Path Indices:    1   7   4   3
 PDOS Poles:
     Freq. (THz)    Weight
        3.711       0.006546300
        7.981       0.027639751
       12.986       0.000573497
       23.259       0.011117875
       27.929       0.001339665
       31.640       0.056734495
       33.439       0.008024393
       37.886       0.093327545
       41.675       0.055393164
       43.642       0.007523606
       43.857       0.050562143
       91.352       0.069756950
       92.721       0.266720343
       93.590       0.232931677
       93.669       0.002293939
       94.575       0.109514547

 PDOS Einstein freq (single pole), associated temp and eff. force constant: 
 Freq (THz)   Temp (K)   Eff. FC (N/m)
  79.572      3818.71     222.3584

 pDOS n Moments, associated Einstein freqs, temps and eff. force constants:
  n     Mom (THz^n)   Freq (THz)     Temp (K)    Eff. FC (N/m)
 -2       0.00120      28.81552      1382.88      29.1602
 -1       0.02026      49.35946      2368.80      85.5614
  0       1.00000     ---------     --------
  1      74.47721      74.47721      3574.23     194.7977
  2    6331.64204      79.57162      3818.71     222.3584

 Path Red. Mass (AMU):    0.535708
 Path Length (Ang), s^2 (1e-3 Ang^2):  8.9881  19.1129
--------------------------------------------------------------
 Path Indices:    1   7   4   5
 PDOS Poles:
     Freq. (THz)    Weight
        2.846       0.010681084
        7.675       0.019973410
       11.788       0.000915001
       22.530       0.001740575
       24.433       0.001469607
       29.798       0.011842678
       32.222       0.055530063
       37.764       0.165788216
       41.684       0.042827778
       43.819       0.077562119
       44.215       0.030602313
       91.352       0.057528184
       92.721       0.422546774
       93.590       0.100241286
       93.669       0.000192693
       94.575       0.000558148

 PDOS Einstein freq (single pole), associated temp and eff. force constant: 
 Freq (THz)   Temp (K)   Eff. FC (N/m)
  74.756      3587.60     159.3310

 pDOS n Moments, associated Einstein freqs, temps and eff. force constants:
  n     Mom (THz^n)   Freq (THz)     Temp (K)    Eff. FC (N/m)
 -2       0.00200      22.35220      1072.70      14.2446
 -1       0.02284      43.78874      2101.46      54.6681
  0       1.00000     ---------     --------
  1      69.09638      69.09638      3316.00     136.1193
  2    5588.44597      74.75591      3587.60     159.3310

 Path Red. Mass (AMU):    0.434911
 Path Length (Ang), s^2 (1e-3 Ang^2):  9.6703  26.5376
--------------------------------------------------------------
 Path Indices:    1   7   4   6
 PDOS Poles:
     Freq. (THz)    Weight
        3.503       0.004147620
        8.028       0.033682630
       12.783       0.000980584
       20.687       0.000230100
       29.684       0.026508169
       32.114       0.132486290
       35.803       0.003937887
       37.875       0.213942551
       41.436       0.011101476
       41.919       0.009177639
       43.830       0.073743359
       91.352       0.051064986
       92.721       0.184639330
       93.590       0.185724169
       93.669       0.004653100
       94.575       0.063980011

 PDOS Einstein freq (single pole), associated temp and eff. force constant: 
 Freq (THz)   Temp (K)   Eff. FC (N/m)
  70.033      3360.96     165.9995

 pDOS n Moments, associated Einstein freqs, temps and eff. force constants:
  n     Mom (THz^n)   Freq (THz)     Temp (K)    Eff. FC (N/m)
 -2       0.00128      27.90118      1339.00      26.3477
 -1       0.02368      42.23861      2027.07      60.3832
  0       1.00000     ---------     --------
  1      63.31828      63.31828      3038.70     135.6922
  2    4904.66997      70.03335      3360.96     165.9994

 Path Red. Mass (AMU):    0.516283
 Path Length (Ang), s^2 (1e-3 Ang^2): 10.0588  23.1754
--------------------------------------------------------------
 Path Indices:    1   7   4   7
 PDOS Poles:
     Freq. (THz)    Weight
        2.173       0.001276501
        7.935       0.012881675
       11.657       0.000102492
       23.217       0.000634300
       30.095       0.008784971
       32.083       0.090084884
       36.099       0.003603920
       37.875       0.170396824
       41.482       0.015103173
       41.756       0.037997667
       43.830       0.072212824
       91.352       0.069224363
       92.721       0.220899465
       93.590       0.214034749
       93.669       0.003505922
       94.575       0.079256159

 PDOS Einstein freq (single pole), associated temp and eff. force constant: 
 Freq (THz)   Temp (K)   Eff. FC (N/m)
  75.320      3614.69     135.3320

 pDOS n Moments, associated Einstein freqs, temps and eff. force constants:
  n     Mom (THz^n)   Freq (THz)     Temp (K)    Eff. FC (N/m)
 -2       0.00083      34.67939      1664.29      28.6891
 -1       0.01917      52.16568      2503.48      64.9149
  0       1.00000     ---------     --------
  1      69.89897      69.89897      3354.51     116.5510
  2    5673.17019      75.32045      3614.69     135.3320

 Path Red. Mass (AMU):    0.363886
 Path Length (Ang), s^2 (1e-3 Ang^2): 10.9704  26.6241
--------------------------------------------------------------
 Path Indices:    1   7   4   8
 PDOS Poles:
     Freq. (THz)    Weight
        4.657       0.002019500
        8.168       0.033675405
       13.749       0.002247705
       21.477       0.005704477
       23.432       0.058854052
       32.146       0.178239907
       33.455       0.005963868
       38.026       0.064582106
       41.684       0.185011789
       43.806       0.078242869
       44.156       0.007895893
       91.352       0.135335391
       92.721       0.111237693
       93.590       0.037910487
       93.669       0.036509206
       94.575       0.056569628

 PDOS Einstein freq (single pole), associated temp and eff. force constant: 
 Freq (THz)   Temp (K)   Eff. FC (N/m)
  63.663      3055.26      99.2661

 pDOS n Moments, associated Einstein freqs, temps and eff. force constants:
  n     Mom (THz^n)   Freq (THz)     Temp (K)    Eff. FC (N/m)
 -2       0.00115      29.52640      1417.00      21.3522
 -1       0.02540      39.37634      1889.70      37.9745
  0       1.00000     ---------     --------
  1      56.68541      56.68541      2720.38      78.6981
  2    4053.02679      63.66339      3055.26      99.2661

 Path Red. Mass (AMU):    0.373605
 Path Length (Ang), s^2 (1e-3 Ang^2): 10.4075  34.3539
--------------------------------------------------------------
 Path Indices:    1   7   4   9
 PDOS Poles:
     Freq. (THz)    Weight
        3.702       0.005237117
        8.071       0.009321159
       14.184       0.000481339
       20.118       0.015355706
       29.559       0.124599149
       30.873       0.019029626
       34.058       0.003068703
       37.833       0.139468297
       41.684       0.167973113
       43.819       0.066004239
       44.180       0.011750505
       91.352       0.190472486
       92.721       0.063903796
       93.590       0.110451637
       93.669       0.045644958
       94.575       0.027238131

 PDOS Einstein freq (single pole), associated temp and eff. force constant: 
 Freq (THz)   Temp (K)   Eff. FC (N/m)
  67.299      3229.75     108.8194

 pDOS n Moments, associated Einstein freqs, temps and eff. force constants:
  n     Mom (THz^n)   Freq (THz)     Temp (K)    Eff. FC (N/m)
 -2       0.00102      31.36831      1505.39      23.6411
 -1       0.02251      44.43192      2132.33      47.4324
  0       1.00000     ---------     --------
  1      60.98911      60.98911      2926.92      89.3695
  2    4529.20283      67.29935      3229.75     108.8194

 Path Red. Mass (AMU):    0.366502
 Path Length (Ang), s^2 (1e-3 Ang^2): 10.3954  31.0351
--------------------------------------------------------------
 Path Indices:    1   7   5   2
 PDOS Poles:
     Freq. (THz)    Weight
        2.266       0.001974112
        8.161       0.021790224
       13.215       0.002445151
       20.358       0.003238148
       23.352       0.259089845
       30.123       0.003587031
       32.203       0.115872192
       37.783       0.028221730
       41.687       0.090695871
       43.821       0.145431606
       44.091       0.001168159
       91.352       0.040139833
       92.721       0.117189319
       93.590       0.011077213
       93.669       0.004797951
       94.575       0.153281568

 PDOS Einstein freq (single pole), associated temp and eff. force constant: 
 Freq (THz)   Temp (K)   Eff. FC (N/m)
  60.000      2879.45     150.5423

 pDOS n Moments, associated Einstein freqs, temps and eff. force constants:
  n     Mom (THz^n)   Freq (THz)     Temp (K)    Eff. FC (N/m)
 -2       0.00151      25.73369      1234.98      27.6925
 -1       0.02846      35.13824      1686.31      51.6318
  0       1.00000     ---------     --------
  1      51.95749      51.95749      2493.49     112.8895
  2    3599.98910      59.99991      2879.45     150.5423

 Path Red. Mass (AMU):    0.637894
 Path Length (Ang), s^2 (1e-3 Ang^2):  9.7558  22.5474
--------------------------------------------------------------
 Path Indices:    1   7   5   3
 PDOS Poles:
     Freq. (THz)    Weight
        3.472       0.007117184
        8.054       0.025664102
       12.587       0.000752371
       22.451       0.002885712
       23.361       0.175447105
       31.173       0.048989416
       32.300       0.045442487
       38.153       0.029141661
       41.686       0.090784612
       43.821       0.114109966
       44.189       0.004476940
       91.352       0.037833708
       92.721       0.185045499
       93.590       0.003406079
       93.669       0.002353309
       94.575       0.226549836

 PDOS Einstein freq (single pole), associated temp and eff. force constant: 
 Freq (THz)   Temp (K)   Eff. FC (N/m)
  67.864      3256.87     177.5657

 pDOS n Moments, associated Einstein freqs, temps and eff. force constants:
  n     Mom (THz^n)   Freq (THz)     Temp (K)    Eff. FC (N/m)
 -2       0.00160      25.01656      1200.57      24.1285
 -1       0.02643      37.84024      1815.99      55.2056
  0       1.00000     ---------     --------
  1      60.07273      60.07273      2882.94     139.1331
  2    4605.57073      67.86436      3256.87     177.5657

 Path Red. Mass (AMU):    0.588121
 Path Length (Ang), s^2 (1e-3 Ang^2):  8.4266  22.7093
--------------------------------------------------------------
 Path Indices:    1   7   5   4
 PDOS Poles:
     Freq. (THz)    Weight
        4.172       0.008548899
        8.114       0.015313010
       13.309       0.000505477
       23.342       0.184600767
       26.946       0.001261422
       30.929       0.112328269
       32.159       0.081239602
       37.870       0.016870750
       41.685       0.073063761
       43.821       0.028630426
       44.216       0.047393013
       91.352       0.032366514
       92.721       0.347568824
       93.590       0.029749283
       93.669       0.000049057
       94.575       0.020510898

 PDOS Einstein freq (single pole), associated temp and eff. force constant: 
 Freq (THz)   Temp (K)   Eff. FC (N/m)
  65.542      3145.40     138.5715

 pDOS n Moments, associated Einstein freqs, temps and eff. force constants:
  n     Mom (THz^n)   Freq (THz)     Temp (K)    Eff. FC (N/m)
 -2       0.00141      26.66865      1279.85      22.9425
 -1       0.02665      37.52497      1800.86      45.4234
  0       1.00000     ---------     --------
  1      57.54366      57.54366      2761.57     106.8153
  2    4295.71432      65.54170      3145.40     138.5715

 Path Red. Mass (AMU):    0.492073
 Path Length (Ang), s^2 (1e-3 Ang^2):  9.1087  27.3700
--------------------------------------------------------------
 Path Indices:    1   7   5   6
 PDOS Poles:
     Freq. (THz)    Weight
        3.234       0.004429088
        8.119       0.030163482
       13.158       0.000953354
       23.343       0.242696247
       28.383       0.006875691
       30.506       0.065160159
       32.192       0.142958825
       38.157       0.053837986
       41.679       0.036881937
       43.809       0.116753316
       43.924       0.015144420
       91.352       0.022374486
       92.721       0.106918890
       93.590       0.010176082
       93.669       0.003565347
       94.575       0.141110631

 PDOS Einstein freq (single pole), associated temp and eff. force constant: 
 Freq (THz)   Temp (K)   Eff. FC (N/m)
  56.860      2728.74     110.3273

 pDOS n Moments, associated Einstein freqs, temps and eff. force constants:
  n     Mom (THz^n)   Freq (THz)     Temp (K)    Eff. FC (N/m)
 -2       0.00171      24.19743      1161.26      19.9808
 -1       0.03072      32.55666      1562.42      36.1705
  0       1.00000     ---------     --------
  1      48.68322      48.68322      2336.35      80.8785
  2    3233.01903      56.85964      2728.74     110.3273

 Path Red. Mass (AMU):    0.520554
 Path Length (Ang), s^2 (1e-3 Ang^2):  9.4970  29.8208
--------------------------------------------------------------
 Path Indices:    1   7   5   7
 PDOS Poles:
     Freq. (THz)    Weight
        1.926       0.000641229
        8.137       0.008648018
       13.035       0.000040550
       23.349       0.314877729
       30.032       0.019870053
       31.949       0.110799627
       33.273       0.006617551
       38.170       0.042996663
       41.686       0.077805019
       43.819       0.191134953
       44.049       0.001767212
       91.352       0.033318722
       92.721       0.071642351
       93.590       0.012853399
       93.669       0.005042855
       94.575       0.101944065

 PDOS Einstein freq (single pole), associated temp and eff. force constant: 
 Freq (THz)   Temp (K)   Eff. FC (N/m)
  53.306      2558.18      66.8318

 pDOS n Moments, associated Einstein freqs, temps and eff. force constants:
  n     Mom (THz^n)   Freq (THz)     Temp (K)    Eff. FC (N/m)
 -2       0.00122      28.65000      1374.94      19.3058
 -1       0.02901      34.46535      1654.02      27.9385
  0       1.00000     ---------     --------
  1      46.12177      46.12177      2213.42      50.0322
  2    2841.48614      53.30559      2558.18      66.8318

 Path Red. Mass (AMU):    0.358781
 Path Length (Ang), s^2 (1e-3 Ang^2):  9.8472  40.8709
--------------------------------------------------------------
 Path Indices:    1   7   5   8
 PDOS Poles:
     Freq. (THz)    Weight
        4.617       0.001983229
        8.167       0.033755681
       13.726       0.002307449
       21.482       0.005670147
       23.433       0.058355073
       32.146       0.178108343
       33.460       0.005985719
       38.023       0.064733218
       41.684       0.184893441
       43.805       0.078260663
       44.156       0.007882385
       91.352       0.135389838
       92.721       0.111451373
       93.590       0.027408176
       93.669       0.048301083
       94.575       0.055514193

 PDOS Einstein freq (single pole), associated temp and eff. force constant: 
 Freq (THz)   Temp (K)   Eff. FC (N/m)
  63.694      3056.74      99.3690

 pDOS n Moments, associated Einstein freqs, temps and eff. force constants:
  n     Mom (THz^n)   Freq (THz)     Temp (K)    Eff. FC (N/m)
 -2       0.00115      29.51799      1416.59      21.3415
 -1       0.02539      39.38957      1890.34      38.0026
  0       1.00000     ---------     --------
  1      56.71789      56.71789      2721.94      78.7935
  2    4056.95589      63.69424      3056.74      99.3690

 Path Red. Mass (AMU):    0.373630
 Path Length (Ang), s^2 (1e-3 Ang^2): 10.4088  34.3401
--------------------------------------------------------------
 Path Indices:    1   7   5   9
 PDOS Poles:
     Freq. (THz)    Weight
        3.846       0.005637449
        7.936       0.013718035
       16.870       0.001395535
       20.756       0.020395967
       23.423       0.156824975
       29.783       0.180704897
       31.566       0.061802145
       38.122       0.025156373
       41.686       0.206467417
       43.805       0.028144086
       44.181       0.006126477
       91.352       0.138544801
       92.721       0.027306356
       93.590       0.005549990
       93.669       0.049729212
       94.575       0.072496300

 PDOS Einstein freq (single pole), associated temp and eff. force constant: 
 Freq (THz)   Temp (K)   Eff. FC (N/m)
  57.477      2758.39      79.7765

 pDOS n Moments, associated Einstein freqs, temps and eff. force constants:
  n     Mom (THz^n)   Freq (THz)     Temp (K)    Eff. FC (N/m)
 -2       0.00139      26.81413      1286.83      17.3623
 -1       0.02854      35.03603      1681.41      29.6422
  0       1.00000     ---------     --------
  1      49.87493      49.87493      2393.54      60.0682
  2    3303.65554      57.47744      2758.39      79.7765

 Path Red. Mass (AMU):    0.368359
 Path Length (Ang), s^2 (1e-3 Ang^2):  9.8316  39.1596
--------------------------------------------------------------
 Path Indices:    1   7   6   2
 PDOS Poles:
     Freq. (THz)    Weight
        2.092       0.002807038
        8.079       0.109795605
       12.265       0.001251567
       17.285       0.000046772
       23.351       0.031608512
       30.999       0.019580540
       32.187       0.054389036
       37.759       0.019701329
       41.687       0.038826336
       43.831       0.056393961
       44.213       0.002063649
       91.352       0.182947074
       92.721       0.005476137
       93.590       0.313538889
       93.669       0.111990869
       94.575       0.049582570

 PDOS Einstein freq (single pole), associated temp and eff. force constant: 
 Freq (THz)   Temp (K)   Eff. FC (N/m)
  77.807      3734.02     525.8190

 pDOS n Moments, associated Einstein freqs, temps and eff. force constants:
  n     Mom (THz^n)   Freq (THz)     Temp (K)    Eff. FC (N/m)
 -2       0.00261      19.58723       940.01      33.3232
 -1       0.02863      34.92731      1676.19     105.9573
  0       1.00000     ---------     --------
  1      70.67392      70.67392      3391.70     433.8295
  2    6053.90346      77.80683      3734.02     525.8189

 Path Red. Mass (AMU):    1.324927
 Path Length (Ang), s^2 (1e-3 Ang^2):  8.6355  10.9212
--------------------------------------------------------------
 Path Indices:    1   7   6   3
 PDOS Poles:
     Freq. (THz)    Weight
        3.631       0.015986517
        7.938       0.071161871
       12.039       0.002185992
       20.079       0.000368120
       23.358       0.032200418
       31.234       0.028498067
       32.247       0.084865011
       37.827       0.023251436
       41.684       0.034230012
       43.828       0.056285210
       44.173       0.002497979
       91.352       0.181990506
       92.721       0.002585248
       93.590       0.317466381
       93.669       0.095793333
       94.575       0.050633774

 PDOS Einstein freq (single pole), associated temp and eff. force constant: 
 Freq (THz)   Temp (K)   Eff. FC (N/m)
  77.198      3704.81     528.2019

 pDOS n Moments, associated Einstein freqs, temps and eff. force constants:
  n     Mom (THz^n)   Freq (THz)     Temp (K)    Eff. FC (N/m)
 -2       0.00267      19.35445       928.84      33.2007
 -1       0.02824      35.41352      1699.53     111.1538
  0       1.00000     ---------     --------
  1      70.25710      70.25710      3371.70     437.4885
  2    5959.55295      77.19814      3704.81     528.2017

 Path Red. Mass (AMU):    1.352002
 Path Length (Ang), s^2 (1e-3 Ang^2):  7.4342  10.5555
--------------------------------------------------------------
 Path Indices:    1   7   6   4
 PDOS Poles:
     Freq. (THz)    Weight
        4.104       0.017170244
        7.987       0.033592251
       13.038       0.000741247
       21.552       0.002398453
       23.810       0.005579003
       30.950       0.088621273
       32.173       0.098066328
       38.004       0.013726505
       41.680       0.025094587
       43.715       0.006053353
       43.850       0.038105515
       91.352       0.137641616
       92.721       0.148905056
       93.590       0.340652760
       93.669       0.028892515
       94.575       0.014759171

 PDOS Einstein freq (single pole), associated temp and eff. force constant: 
 Freq (THz)   Temp (K)   Eff. FC (N/m)
  78.356      3760.36     393.0304

 pDOS n Moments, associated Einstein freqs, temps and eff. force constants:
  n     Mom (THz^n)   Freq (THz)     Temp (K)    Eff. FC (N/m)
 -2       0.00188      23.08060      1107.66      34.1019
 -1       0.02389      41.85657      2008.73     112.1532
  0       1.00000     ---------     --------
  1      72.29840      72.29840      3469.66     334.6123
  2    6139.61774      78.35571      3760.36     393.0302

 Path Red. Mass (AMU):    0.976508
 Path Length (Ang), s^2 (1e-3 Ang^2):  8.0796  12.3647
--------------------------------------------------------------
 Path Indices:    1   7   6   5
 PDOS Poles:
     Freq. (THz)    Weight
        2.818       0.023508917
        7.638       0.042904442
       11.380       0.001900889
       21.252       0.002137313
       23.401       0.046679484
       30.420       0.007953904
       32.223       0.087452867
       37.862       0.031601083
       41.675       0.024368539
       43.519       0.001545674
       43.841       0.042788967
       91.352       0.133959449
       92.721       0.145197346
       93.590       0.126497905
       93.669       0.034617076
       94.575       0.246886107

 PDOS Einstein freq (single pole), associated temp and eff. force constant: 
 Freq (THz)   Temp (K)   Eff. FC (N/m)
  79.288      3805.11     391.5638

 pDOS n Moments, associated Einstein freqs, temps and eff. force constants:
  n     Mom (THz^n)   Freq (THz)     Temp (K)    Eff. FC (N/m)
 -2       0.00403      15.74886       755.80      15.4484
 -1       0.02899      34.49084      1655.25      74.0958
  0       1.00000     ---------     --------
  1      72.89951      72.89951      3498.51     331.0057
  2    6286.60501      79.28811      3805.11     391.5638

 Path Red. Mass (AMU):    0.950118
 Path Length (Ang), s^2 (1e-3 Ang^2):  8.0794  15.4221
--------------------------------------------------------------
 Path Indices:    1   7   6   7
 PDOS Poles:
     Freq. (THz)    Weight
        1.801       0.012780815
        7.977       0.053310295
       12.201       0.000590266
       20.196       0.003737080
       23.377       0.025740921
       30.449       0.010483647
       32.118       0.028069772
       37.783       0.008373117
       41.687       0.077751449
       43.831       0.064468451
       44.205       0.002247335
       91.352       0.204647204
       92.721       0.005133103
       93.590       0.345412820
       93.669       0.102069821
       94.575       0.055183767

 PDOS Einstein freq (single pole), associated temp and eff. force constant: 
 Freq (THz)   Temp (K)   Eff. FC (N/m)
  80.621      3869.05     287.0707

 pDOS n Moments, associated Einstein freqs, temps and eff. force constants:
  n     Mom (THz^n)   Freq (THz)     Temp (K)    Eff. FC (N/m)
 -2       0.00504      14.08077       675.75       8.7569
 -1       0.02760      36.23257      1738.83      57.9823
  0       1.00000     ---------     --------
  1      75.11384      75.11384      3604.78     249.1939
  2    6499.66957      80.62053      3869.05     287.0706

 Path Red. Mass (AMU):    0.673734
 Path Length (Ang), s^2 (1e-3 Ang^2):  7.0119  20.7050
--------------------------------------------------------------
 Path Indices:    1   7   6   8
 PDOS Poles:
     Freq. (THz)    Weight
        2.956       0.000685193
        4.885       0.001577449
        8.171       0.056016657
       13.088       0.003810572
       20.057       0.007608606
       29.634       0.005758078
       32.199       0.088587491
       38.223       0.003298084
       41.687       0.141419243
       43.816       0.001175794
       44.217       0.001801307
       91.352       0.428051198
       92.721       0.009435098
       93.590       0.001337478
       93.669       0.249433661
       94.575       0.000004203

 PDOS Einstein freq (single pole), associated temp and eff. force constant: 
 Freq (THz)   Temp (K)   Eff. FC (N/m)
  78.831      3783.16     284.9528

 pDOS n Moments, associated Einstein freqs, temps and eff. force constants:
  n     Mom (THz^n)   Freq (THz)     Temp (K)    Eff. FC (N/m)
 -2       0.00128      27.91979      1339.90      35.7442
 -1       0.02204      45.37744      2177.70      94.4194
  0       1.00000     ---------     --------
  1      73.31353      73.31353      3518.38     246.4616
  2    6214.29710      78.83081      3783.16     284.9528

 Path Red. Mass (AMU):    0.699475
 Path Length (Ang), s^2 (1e-3 Ang^2):  7.0119  15.9225
--------------------------------------------------------------
 Path Indices:    1   7   6   9
 PDOS Poles:
     Freq. (THz)    Weight
        3.661       0.007494956
        7.928       0.028757049
       11.674       0.000362163
       20.387       0.003193563
       23.442       0.014509548
       29.835       0.022802379
       31.889       0.010180578
       37.804       0.010314079
       41.687       0.095255366
       43.826       0.027493995
       44.200       0.002795565
       91.352       0.520449027
       92.721       0.005787904
       93.590       0.116523702
       93.669       0.110249483
       94.575       0.023830632

 PDOS Einstein freq (single pole), associated temp and eff. force constant: 
 Freq (THz)   Temp (K)   Eff. FC (N/m)
  82.913      3979.07     280.7600

 pDOS n Moments, associated Einstein freqs, temps and eff. force constants:
  n     Mom (THz^n)   Freq (THz)     Temp (K)    Eff. FC (N/m)
 -2       0.00126      28.18861      1352.80      32.4517
 -1       0.01925      51.95652      2493.44     110.2479
  0       1.00000     ---------     --------
  1      78.92604      78.92604      3787.73     254.4082
  2    6874.55869      82.91296      3979.07     280.7600

 Path Red. Mass (AMU):    0.622991
 Path Length (Ang), s^2 (1e-3 Ang^2):  7.0127  15.6136
--------------------------------------------------------------
 Path Indices:    1   7   8   2
 PDOS Poles:
     Freq. (THz)    Weight
        1.844       0.002184632
        8.140       0.079774656
       13.077       0.003880563
       20.092       0.007259893
       23.795       0.000703822
       29.660       0.022730628
       32.199       0.125255108
       38.209       0.018732021
       41.687       0.062079350
       43.816       0.032154112
       44.217       0.106766728
       91.352       0.342952219
       92.721       0.007147936
       93.590       0.001841470
       93.669       0.186528366
       94.575       0.000008584

 PDOS Einstein freq (single pole), associated temp and eff. force constant: 
 Freq (THz)   Temp (K)   Eff. FC (N/m)
  71.701      3441.01     269.1190

 pDOS n Moments, associated Einstein freqs, temps and eff. force constants:
  n     Mom (THz^n)   Freq (THz)     Temp (K)    Eff. FC (N/m)
 -2       0.00222      21.23077      1018.88      23.5951
 -1       0.02730      36.63074      1757.94      70.2394
  0       1.00000     ---------     --------
  1      64.64469      64.64469      3102.36     218.7535
  2    5141.08871      71.70139      3441.01     269.1190

 Path Red. Mass (AMU):    0.798510
 Path Length (Ang), s^2 (1e-3 Ang^2):  9.5091  17.2784
--------------------------------------------------------------
 Path Indices:    1   7   8   3
 PDOS Poles:
     Freq. (THz)    Weight
        3.612       0.008667316
        7.946       0.043395725
       12.233       0.002075212
       18.233       0.000226125
       23.233       0.001299619
       29.633       0.014566978
       32.199       0.104636614
       38.219       0.018435214
       41.687       0.038097241
       43.818       0.021985050
       44.217       0.040077367
       91.352       0.446034148
       92.721       0.006243334
       93.590       0.003092098
       93.669       0.247833717
       94.575       0.003334357

 PDOS Einstein freq (single pole), associated temp and eff. force constant: 
 Freq (THz)   Temp (K)   Eff. FC (N/m)
  79.663      3823.10     316.3832

 pDOS n Moments, associated Einstein freqs, temps and eff. force constants:
  n     Mom (THz^n)   Freq (THz)     Temp (K)    Eff. FC (N/m)
 -2       0.00164      24.72558      1186.60      30.4784
 -1       0.02231      44.82585      2151.23     100.1743
  0       1.00000     ---------     --------
  1      74.40895      74.40895      3570.95     276.0258
  2    6346.20590      79.66308      3823.10     316.3833

 Path Red. Mass (AMU):    0.760485
 Path Length (Ang), s^2 (1e-3 Ang^2):  8.7631  14.8254
--------------------------------------------------------------
 Path Indices:    1   7   8   4
 PDOS Poles:
     Freq. (THz)    Weight
        4.041       0.012771829
        7.761       0.044758771
       12.517       0.001442247
       23.331       0.022448385
       27.892       0.002005818
       30.336       0.037803418
       32.164       0.132866039
       37.907       0.007731212
       41.685       0.040203114
       43.822       0.017704417
       44.216       0.041608804
       91.352       0.354803814
       92.721       0.086635906
       93.590       0.006186253
       93.669       0.145442881
       94.575       0.045587159

 PDOS Einstein freq (single pole), associated temp and eff. force constant: 
 Freq (THz)   Temp (K)   Eff. FC (N/m)
  76.349      3664.08     275.4092

 pDOS n Moments, associated Einstein freqs, temps and eff. force constants:
  n     Mom (THz^n)   Freq (THz)     Temp (K)    Eff. FC (N/m)
 -2       0.00188      23.05269      1106.32      25.1079
 -1       0.02489      40.18224      1928.38      76.2843
  0       1.00000     ---------     --------
  1      69.96044      69.96044      3357.46     231.2449
  2    5829.23350      76.34942      3664.08     275.4092

 Path Red. Mass (AMU):    0.720706
 Path Length (Ang), s^2 (1e-3 Ang^2):  9.1074  17.4515
--------------------------------------------------------------
 Path Indices:    1   7   8   5
 PDOS Poles:
     Freq. (THz)    Weight
        2.819       0.013568584
        7.693       0.027301854
       11.971       0.001502989
       23.167       0.005517065
       25.168       0.001095766
       29.925       0.028501696
       32.163       0.092133170
       37.814       0.010966900
       41.682       0.015092743
       43.814       0.019416406
       44.216       0.045562904
       91.352       0.365451569
       92.721       0.135428901
       93.590       0.038488354
       93.669       0.155218059
       94.575       0.044753095

 PDOS Einstein freq (single pole), associated temp and eff. force constant: 
 Freq (THz)   Temp (K)   Eff. FC (N/m)
  81.290      3901.17     241.9049

 pDOS n Moments, associated Einstein freqs, temps and eff. force constants:
  n     Mom (THz^n)   Freq (THz)     Temp (K)    Eff. FC (N/m)
 -2       0.00245      20.20877       969.84      14.9504
 -1       0.02271      44.02393      2112.75      70.9496
  0       1.00000     ---------     --------
  1      76.46266      76.46266      3669.51     214.0282
  2    6608.03778      81.28984      3901.17     241.9049

 Path Red. Mass (AMU):    0.558423
 Path Length (Ang), s^2 (1e-3 Ang^2):  9.6703  20.5576
--------------------------------------------------------------
 Path Indices:    1   7   8   6
 PDOS Poles:
     Freq. (THz)    Weight
        3.397       0.004726447
        8.032       0.045832331
       12.910       0.001721904
       20.637       0.001435420
       23.404       0.015914976
       31.208       0.016801001
       32.283       0.037713031
       37.918       0.015601109
       41.020       0.000229898
       43.819       0.044264574
       44.216       0.059702860
       91.352       0.439515677
       92.721       0.010140722
       93.590       0.019515759
       93.669       0.281133999
       94.575       0.005750422

 PDOS Einstein freq (single pole), associated temp and eff. force constant: 
 Freq (THz)   Temp (K)   Eff. FC (N/m)
  82.078      3939.01     287.8936

 pDOS n Moments, associated Einstein freqs, temps and eff. force constants:
  n     Mom (THz^n)   Freq (THz)     Temp (K)    Eff. FC (N/m)
 -2       0.00137      27.02188      1296.80      31.2037
 -1       0.02066      48.41231      2323.35     100.1581
  0       1.00000     ---------     --------
  1      77.52555      77.52555      3720.52     256.8408
  2    6736.86340      82.07840      3939.01     287.8936

 Path Red. Mass (AMU):    0.651877
 Path Length (Ang), s^2 (1e-3 Ang^2):  7.6911  16.0141
--------------------------------------------------------------
 Path Indices:    1   7   8   7
 PDOS Poles:
     Freq. (THz)    Weight
        1.790       0.020312435
        8.113       0.019412178
       13.189       0.000318688
       20.356       0.003091008
       23.383       0.034996658
       30.141       0.019213128
       32.065       0.043568012
       37.715       0.014291421
       38.201       0.013702036
       43.818       0.067254102
       44.217       0.143648386
       91.352       0.390928348
       92.721       0.007910924
       93.590       0.004576929
       93.669       0.214895420
       94.575       0.001880444

 PDOS Einstein freq (single pole), associated temp and eff. force constant: 
 Freq (THz)   Temp (K)   Eff. FC (N/m)
  76.205      3657.12     174.5728

 pDOS n Moments, associated Einstein freqs, temps and eff. force constants:
  n     Mom (THz^n)   Freq (THz)     Temp (K)    Eff. FC (N/m)
 -2       0.00697      11.97736       574.80       4.3126
 -1       0.02966      33.71909      1618.21      34.1795
  0       1.00000     ---------     --------
  1      70.59742      70.59742      3388.03     149.8277
  2    5807.13767      76.20458      3657.12     174.5728

 Path Red. Mass (AMU):    0.458570
 Path Length (Ang), s^2 (1e-3 Ang^2):  8.3703  32.6892
--------------------------------------------------------------
 Path Indices:    1   7   8   9
 PDOS Poles:
     Freq. (THz)    Weight
        3.543       0.005524686
        7.762       0.020528623
        9.256       0.002637976
       20.152       0.001753344
       23.382       0.008876885
       29.768       0.010656386
       32.002       0.006280810
       37.751       0.001788375
       41.677       0.000491249
       43.829       0.144647544
       44.217       0.029196709
       91.352       0.756734853
       92.721       0.000228479
       93.590       0.009169633
       93.669       0.000000088
       94.575       0.001484335

 PDOS Einstein freq (single pole), associated temp and eff. force constant: 
 Freq (THz)   Temp (K)   Eff. FC (N/m)
  82.292      3949.27     217.2264

 pDOS n Moments, associated Einstein freqs, temps and eff. force constants:
  n     Mom (THz^n)   Freq (THz)     Temp (K)    Eff. FC (N/m)
 -2       0.00103      31.09997      1492.51      31.0254
 -1       0.01793      55.77461      2676.67      99.7862
  0       1.00000     ---------     --------
  1      78.83215      78.83215      3783.22     199.3444
  2    6771.97558      82.29201      3949.27     217.2264

 Path Red. Mass (AMU):    0.489315
 Path Length (Ang), s^2 (1e-3 Ang^2):  8.3689  18.5182
--------------------------------------------------------------
 Path Indices:    1   7   9   2
 PDOS Poles:
     Freq. (THz)    Weight
        2.401       0.001774628
        8.067       0.053328303
       14.906       0.000185279
       20.710       0.003718897
       23.450       0.023579975
       30.260       0.021246258
       31.821       0.017648678
       37.780       0.028932969
       41.676       0.007195436
       43.817       0.014672480
       44.213       0.012670792
       91.352       0.551266942
       92.721       0.007799296
       93.590       0.092652512
       93.669       0.143802288
       94.575       0.019525286

 PDOS Einstein freq (single pole), associated temp and eff. force constant: 
 Freq (THz)   Temp (K)   Eff. FC (N/m)
  84.128      4037.37     359.2580

 pDOS n Moments, associated Einstein freqs, temps and eff. force constants:
  n     Mom (THz^n)   Freq (THz)     Temp (K)    Eff. FC (N/m)
 -2       0.00136      27.16539      1303.69      37.4591
 -1       0.02021      49.46889      2374.06     124.2196
  0       1.00000     ---------     --------
  1      79.93799      79.93799      3836.29     324.3636
  2    7077.51420      84.12796      4037.37     359.2579

 Path Red. Mass (AMU):    0.774314
 Path Length (Ang), s^2 (1e-3 Ang^2): 10.2970  13.1940
--------------------------------------------------------------
 Path Indices:    1   7   9   3
 PDOS Poles:
     Freq. (THz)    Weight
        3.725       0.010688566
        7.944       0.039226802
       13.679       0.000291580
       20.657       0.005433160
       23.485       0.025841526
       29.904       0.040375410
       31.599       0.017682687
       37.801       0.033548051
       41.682       0.027294560
       43.810       0.013208913
       44.199       0.006486414
       91.352       0.532981782
       92.721       0.006205750
       93.590       0.105516514
       93.669       0.113655406
       94.575       0.021562879

 PDOS Einstein freq (single pole), associated temp and eff. force constant: 
 Freq (THz)   Temp (K)   Eff. FC (N/m)
  82.595      3963.79     383.1469

 pDOS n Moments, associated Einstein freqs, temps and eff. force constants:
  n     Mom (THz^n)   Freq (THz)     Temp (K)    Eff. FC (N/m)
 -2       0.00166      24.56348      1178.82      33.8877
 -1       0.02156      46.37673      2225.66     120.7986
  0       1.00000     ---------     --------
  1      77.93685      77.93685      3740.26     341.1517
  2    6821.87115      82.59462      3963.79     383.1469

 Path Red. Mass (AMU):    0.856748
 Path Length (Ang), s^2 (1e-3 Ang^2):  8.7415  12.7195
--------------------------------------------------------------
 Path Indices:    1   7   9   4
 PDOS Poles:
     Freq. (THz)    Weight
        4.169       0.016481091
        8.079       0.018508042
       16.951       0.000784529
       20.508       0.014482968
       23.776       0.012836992
       30.005       0.049561414
       31.734       0.023542388
       37.902       0.027991863
       41.559       0.016510788
       41.767       0.024022714
       44.213       0.004423503
       91.352       0.466893221
       92.721       0.033751642
       93.590       0.181227873
       93.669       0.103218142
       94.575       0.005762785

 PDOS Einstein freq (single pole), associated temp and eff. force constant: 
 Freq (THz)   Temp (K)   Eff. FC (N/m)
  83.269      3996.15     408.0433

 pDOS n Moments, associated Einstein freqs, temps and eff. force constants:
  n     Mom (THz^n)   Freq (THz)     Temp (K)    Eff. FC (N/m)
 -2       0.00151      25.75077      1235.80      39.0230
 -1       0.02032      49.22428      2362.32     142.5933
  0       1.00000     ---------     --------
  1      78.96959      78.96959      3789.82     366.9948
  2    6933.71497      83.26893      3996.15     408.0432

 Path Red. Mass (AMU):    0.897700
 Path Length (Ang), s^2 (1e-3 Ang^2):  9.0938  11.4370
--------------------------------------------------------------
 Path Indices:    1   7   9   5
 PDOS Poles:
     Freq. (THz)    Weight
        2.983       0.019250796
        7.496       0.057785211
       13.275       0.000612497
       20.390       0.012814800
       23.477       0.038421327
       29.959       0.038872273
       32.041       0.011456065
       37.831       0.048643981
       41.678       0.034913069
       43.818       0.046103922
       44.156       0.005469302
       91.352       0.402834115
       92.721       0.029136645
       93.590       0.051332322
       93.669       0.080676619
       94.575       0.121677066

 PDOS Einstein freq (single pole), associated temp and eff. force constant: 
 Freq (THz)   Temp (K)   Eff. FC (N/m)
  78.512      3767.86     313.3271

 pDOS n Moments, associated Einstein freqs, temps and eff. force constants:
  n     Mom (THz^n)   Freq (THz)     Temp (K)    Eff. FC (N/m)
 -2       0.00351      16.87552       809.87      14.4757
 -1       0.02885      34.66438      1663.57      61.0789
  0       1.00000     ---------     --------
  1      72.12069      72.12069      3461.14     264.3897
  2    6164.14932      78.51210      3767.86     313.3271

 Path Red. Mass (AMU):    0.775383
 Path Length (Ang), s^2 (1e-3 Ang^2):  9.0916  18.8029
--------------------------------------------------------------
 Path Indices:    1   7   9   6
 PDOS Poles:
     Freq. (THz)    Weight
        3.356       0.005116750
        8.006       0.049981208
       12.492       0.001810507
       19.766       0.000691844
       23.349       0.022853195
       30.941       0.019337991
       32.154       0.030695391
       37.756       0.025506109
       41.680       0.001129137
       43.823       0.016860907
       44.217       0.019533447
       91.352       0.525636590
       92.721       0.009139830
       93.590       0.084412624
       93.669       0.169048787
       94.575       0.018245724

 PDOS Einstein freq (single pole), associated temp and eff. force constant: 
 Freq (THz)   Temp (K)   Eff. FC (N/m)
  83.823      4022.74     332.4900

 pDOS n Moments, associated Einstein freqs, temps and eff. force constants:
  n     Mom (THz^n)   Freq (THz)     Temp (K)    Eff. FC (N/m)
 -2       0.00147      26.06772      1251.01      32.1557
 -1       0.02079      48.10647      2308.67     109.5111
  0       1.00000     ---------     --------
  1      79.51099      79.51099      3815.80     299.1613
  2    7026.31180      83.82310      4022.74     332.4900

 Path Red. Mass (AMU):    0.721842
 Path Length (Ang), s^2 (1e-3 Ang^2):  7.6903  14.5539
--------------------------------------------------------------
 Path Indices:    1   7   9   7
 PDOS Poles:
     Freq. (THz)    Weight
        2.464       0.003282422
        7.788       0.083474777
       12.643       0.002320475
       20.159       0.005133053
       23.377       0.032737456
       30.650       0.026542997
       32.006       0.031597896
       37.759       0.038202814
       41.680       0.004449884
       43.826       0.070670417
       44.217       0.033675089
       91.352       0.454961469
       92.721       0.005709415
       93.590       0.086138881
       93.669       0.103461652
       94.575       0.017641298

 PDOS Einstein freq (single pole), associated temp and eff. force constant: 
 Freq (THz)   Temp (K)   Eff. FC (N/m)
  77.540      3721.19     205.0932

 pDOS n Moments, associated Einstein freqs, temps and eff. force constants:
  n     Mom (THz^n)   Freq (THz)     Temp (K)    Eff. FC (N/m)
 -2       0.00223      21.19977      1017.40      15.3309
 -1       0.02649      37.75272      1811.79      48.6185
  0       1.00000     ---------     --------
  1      71.10767      71.10767      3412.52     172.4796
  2    6012.37917      77.53953      3721.19     205.0932

 Path Red. Mass (AMU):    0.520351
 Path Length (Ang), s^2 (1e-3 Ang^2):  8.3672  25.7265
--------------------------------------------------------------
 Path Indices:    1   7   9   8
 PDOS Poles:
     Freq. (THz)    Weight
        2.681       0.000433654
        4.716       0.001494603
        8.170       0.047172396
       13.087       0.003083782
       20.057       0.006324349
       29.634       0.002884132
       32.199       0.054121115
       38.223       0.000654922
       41.687       0.000697724
       43.816       0.023301329
       44.217       0.067286927
       91.352       0.782252773
       92.721       0.001282729
       93.590       0.000067827
       93.669       0.008941712
       94.575       0.000000023

 PDOS Einstein freq (single pole), associated temp and eff. force constant: 
 Freq (THz)   Temp (K)   Eff. FC (N/m)
  82.834      3975.28     268.8157

 pDOS n Moments, associated Einstein freqs, temps and eff. force constants:
  n     Mom (THz^n)   Freq (THz)     Temp (K)    Eff. FC (N/m)
 -2       0.00107      30.63185      1470.05      36.7606
 -1       0.01934      51.70092      2481.17     104.7207
  0       1.00000     ---------     --------
  1      78.86252      78.86252      3784.68     243.6562
  2    6861.49145      82.83412      3975.28     268.8157

 Path Red. Mass (AMU):    0.597623
 Path Length (Ang), s^2 (1e-3 Ang^2):  8.3674  16.3568
--------------------------------------------------------------
 Path Indices:    1   8   1   2
 PDOS Poles:
     Freq. (THz)    Weight
        2.302       0.007196415
        7.966       0.129291946
       13.104       0.005620095
       20.286       0.015751476
       23.393       0.093851953
       30.657       0.056921202
       32.152       0.145914123
       37.791       0.064609660
       41.686       0.187154894
       43.827       0.152328002
       44.094       0.003655793
       91.352       0.043410610
       92.721       0.000905287
       93.590       0.051701403
       93.669       0.031168091
       94.575       0.010518983

 PDOS Einstein freq (single pole), associated temp and eff. force constant: 
 Freq (THz)   Temp (K)   Eff. FC (N/m)
  46.680      2240.22     135.6715

 pDOS n Moments, associated Einstein freqs, temps and eff. force constants:
  n     Mom (THz^n)   Freq (THz)     Temp (K)    Eff. FC (N/m)
 -2       0.00409      15.63601       750.39      15.2222
 -1       0.04221      23.69153      1136.98      34.9471
  0       1.00000     ---------     --------
  1      39.95480      39.95480      1917.47      99.3945
  2    2179.03327      46.68012      2240.22     135.6714

 Path Red. Mass (AMU):    0.949764
 Path Length (Ang), s^2 (1e-3 Ang^2): 11.8240  22.4604
--------------------------------------------------------------
 Path Indices:    1   8   1   3
 PDOS Poles:
     Freq. (THz)    Weight
        3.576       0.027720147
        7.936       0.150800575
       12.865       0.009764194
       23.326       0.090294747
       28.297       0.010611014
       30.650       0.096949201
       32.391       0.049915452
       37.935       0.090104212
       41.682       0.189349194
       43.759       0.056952245
       43.873       0.095716215
       91.352       0.041717157
       92.721       0.001692202
       93.590       0.049270402
       93.669       0.029128535
       94.575       0.010014510

 PDOS Einstein freq (single pole), associated temp and eff. force constant: 
 Freq (THz)   Temp (K)   Eff. FC (N/m)
  45.868      2201.24     124.8070

 pDOS n Moments, associated Einstein freqs, temps and eff. force constants:
  n     Mom (THz^n)   Freq (THz)     Temp (K)    Eff. FC (N/m)
 -2       0.00522      13.84531       664.45      11.3717
 -1       0.04828      20.71234       994.00      25.4494
  0       1.00000     ---------     --------
  1      38.67312      38.67312      1855.96      88.7234
  2    2103.87109      45.86797      2201.24     124.8070

 Path Red. Mass (AMU):    0.904922
 Path Length (Ang), s^2 (1e-3 Ang^2): 12.7844  26.9640
--------------------------------------------------------------
 Path Indices:    1   8   1   4
 PDOS Poles:
     Freq. (THz)    Weight
        2.717       0.037530416
        7.708       0.077534991
       12.729       0.006609812
       23.272       0.017914611
       29.488       0.075073502
       31.779       0.096351401
       34.716       0.009899120
       37.907       0.389480196
       41.658       0.091644922
       43.522       0.011595194
       43.867       0.088182718
       91.352       0.022831147
       92.721       0.019240342
       93.590       0.014488960
       93.669       0.009714600
       94.575       0.031908077

 PDOS Einstein freq (single pole), associated temp and eff. force constant: 
 Freq (THz)   Temp (K)   Eff. FC (N/m)
  44.204      2121.39      63.6337

 pDOS n Moments, associated Einstein freqs, temps and eff. force constants:
  n     Mom (THz^n)   Freq (THz)     Temp (K)    Eff. FC (N/m)
 -2       0.00704      11.91668       571.89       4.6246
 -1       0.04683      21.35302      1024.75      14.8484
  0       1.00000     ---------     --------
  1      38.92794      38.92794      1868.19      49.3497
  2    1954.00315      44.20411      2121.39      63.6337

 Path Red. Mass (AMU):    0.496767
 Path Length (Ang), s^2 (1e-3 Ang^2): 12.8773  47.6445
--------------------------------------------------------------
 Path Indices:    1   8   1   5
 PDOS Poles:
     Freq. (THz)    Weight
        4.007       0.022427431
        7.948       0.058927799
       12.979       0.005860938
       23.339       0.096263901
       29.547       0.080139109
       31.208       0.292721433
       32.879       0.030323005
       38.131       0.146577585
       41.677       0.091517916
       43.793       0.058586902
       43.980       0.017873136
       91.352       0.022833400
       92.721       0.019298732
       93.590       0.044447676
       93.669       0.011237312
       94.575       0.000963682

 PDOS Einstein freq (single pole), associated temp and eff. force constant: 
 Freq (THz)   Temp (K)   Eff. FC (N/m)
  42.630      2045.87      59.2291

 pDOS n Moments, associated Einstein freqs, temps and eff. force constants:
  n     Mom (THz^n)   Freq (THz)     Temp (K)    Eff. FC (N/m)
 -2       0.00317      17.77078       852.84      10.2922
 -1       0.03945      25.34887      1216.51      20.9417
  0       1.00000     ---------     --------
  1      37.31503      37.31503      1790.78      45.3798
  2    1817.35464      42.63044      2045.87      59.2291

 Path Red. Mass (AMU):    0.497149
 Path Length (Ang), s^2 (1e-3 Ang^2): 12.8776  40.1033
--------------------------------------------------------------
 Path Indices:    1   8   1   6
 PDOS Poles:
     Freq. (THz)    Weight
        3.189       0.016070666
        8.009       0.207047213
       12.913       0.018487817
       19.934       0.003758279
       23.352       0.090873787
       31.012       0.059368883
       32.198       0.181981795
       37.776       0.059511154
       41.686       0.090705639
       43.829       0.146007629
       44.170       0.002570622
       91.352       0.025018321
       92.721       0.001207842
       93.590       0.048306819
       93.669       0.039066518
       94.575       0.010016957

 PDOS Einstein freq (single pole), associated temp and eff. force constant: 
 Freq (THz)   Temp (K)   Eff. FC (N/m)
  43.772      2100.68     113.6097

 pDOS n Moments, associated Einstein freqs, temps and eff. force constants:
  n     Mom (THz^n)   Freq (THz)     Temp (K)    Eff. FC (N/m)
 -2       0.00552      13.46171       646.04      10.7452
 -1       0.05244      19.07024       915.20      21.5639
  0       1.00000     ---------     --------
  1      35.91306      35.91306      1723.50      76.4750
  2    1916.02217      43.77239      2100.68     113.6097

 Path Red. Mass (AMU):    0.904495
 Path Length (Ang), s^2 (1e-3 Ang^2): 14.1652  29.2996
--------------------------------------------------------------
 Path Indices:    1   8   1   7
 PDOS Poles:
     Freq. (THz)    Weight
        3.294       0.001430518
        5.798       0.001501476
        8.173       0.130767851
       13.087       0.019470230
       20.057       0.021809962
       29.634       0.018710410
       32.199       0.256705920
       38.223       0.010964979
       41.687       0.388588314
       43.816       0.002507623
       44.217       0.003398948
       91.352       0.089814952
       92.721       0.001946919
       93.590       0.000266794
       93.669       0.052113913
       94.575       0.000001209

 PDOS Einstein freq (single pole), associated temp and eff. force constant: 
 Freq (THz)   Temp (K)   Eff. FC (N/m)
  47.245      2267.34      72.6620

 pDOS n Moments, associated Einstein freqs, temps and eff. force constants:
  n     Mom (THz^n)   Freq (THz)     Temp (K)    Eff. FC (N/m)
 -2       0.00282      18.82353       903.36      11.5344
 -1       0.03918      25.52392      1224.92      21.2073
  0       1.00000     ---------     --------
  1      40.76479      40.76479      1956.34      54.0956
  2    2232.11349      47.24525      2267.34      72.6620

 Path Red. Mass (AMU):    0.496572
 Path Length (Ang), s^2 (1e-3 Ang^2): 14.4856  39.8745
--------------------------------------------------------------
 Path Indices:    1   8   1   8
 PDOS Poles:
     Freq. (THz)    Weight
        2.555       0.009579885
        7.923       0.116665408
       13.046       0.006133480
       20.335       0.012450799
       23.391       0.096097533
       30.696       0.058699501
       32.156       0.141858705
       37.793       0.066425510
       41.686       0.191724751
       43.827       0.155577256
       44.090       0.003911707
       91.352       0.044418786
       92.721       0.000940231
       93.590       0.052873148
       93.669       0.031886450
       94.575       0.010756762

 PDOS Einstein freq (single pole), associated temp and eff. force constant: 
 Freq (THz)   Temp (K)   Eff. FC (N/m)
  47.122      2261.43      72.2467

 pDOS n Moments, associated Einstein freqs, temps and eff. force constants:
  n     Mom (THz^n)   Freq (THz)     Temp (K)    Eff. FC (N/m)
 -2       0.00402      15.76412       756.53       8.0855
 -1       0.04150      24.09594      1156.39      18.8911
  0       1.00000     ---------     --------
  1      40.48423      40.48423      1942.87      53.3262
  2    2220.49006      47.12208      2261.43      72.2467

 Path Red. Mass (AMU):    0.496318
 Path Length (Ang), s^2 (1e-3 Ang^2): 14.4871  42.2592
--------------------------------------------------------------
 Path Indices:    1   8   1   9
 PDOS Poles:
     Freq. (THz)    Weight
        3.629       0.015992935
        7.920       0.073089816
       13.028       0.002226454
       20.426       0.010527473
       23.448       0.047601007
       29.838       0.074755405
       31.866       0.032403206
       37.803       0.034252603
       41.687       0.289271433
       43.828       0.081875254
       44.202       0.009838170
       91.352       0.210548614
       92.721       0.004468092
       93.590       0.037368658
       93.669       0.070512567
       94.575       0.005268304

 PDOS Einstein freq (single pole), associated temp and eff. force constant: 
 Freq (THz)   Temp (K)   Eff. FC (N/m)
  60.431      2900.14     118.8721

 pDOS n Moments, associated Einstein freqs, temps and eff. force constants:
  n     Mom (THz^n)   Freq (THz)     Temp (K)    Eff. FC (N/m)
 -2       0.00290      18.57920       891.63      11.2360
 -1       0.03337      29.96679      1438.13      29.2307
  0       1.00000     ---------     --------
  1      52.88584      52.88584      2538.04      91.0413
  2    3651.91287      60.43106      2900.14     118.8721

 Path Red. Mass (AMU):    0.496536
 Path Length (Ang), s^2 (1e-3 Ang^2): 14.9284  33.9652
--------------------------------------------------------------
 Path Indices:    1   8   2   3
 PDOS Poles:
     Freq. (THz)    Weight
        4.422       0.010247600
        7.948       0.163430889
       13.230       0.024870213
       20.744       0.021865829
       23.561       0.067101723
       30.116       0.080763066
       32.165       0.095961898
       37.960       0.079145201
       41.678       0.171628058
       42.817       0.001819917
       43.834       0.163978451
       91.352       0.037473214
       92.721       0.000343964
       93.590       0.043808687
       93.669       0.028592716
       94.575       0.008968549

 PDOS Einstein freq (single pole), associated temp and eff. force constant: 
 Freq (THz)   Temp (K)   Eff. FC (N/m)
  44.667      2143.60     120.2703

 pDOS n Moments, associated Einstein freqs, temps and eff. force constants:
  n     Mom (THz^n)   Freq (THz)     Temp (K)    Eff. FC (N/m)
 -2       0.00386      16.09427       772.38      15.6145
 -1       0.04560      21.93197      1052.53      28.9963
  0       1.00000     ---------     --------
  1      37.73156      37.73156      1810.77      85.8215
  2    1995.13177      44.66690      2143.60     120.2702

 Path Red. Mass (AMU):    0.919555
 Path Length (Ang), s^2 (1e-3 Ang^2):  9.5736  25.0593
--------------------------------------------------------------
 Path Indices:    1   8   2   4
 PDOS Poles:
     Freq. (THz)    Weight
        3.272       0.011595136
        7.852       0.089991041
       13.362       0.012608278
       22.902       0.045486178
       25.992       0.013351395
       30.291       0.110172254
       32.487       0.085336516
       37.905       0.264328261
       41.659       0.088625984
       43.714       0.047662101
       43.936       0.057146888
       91.352       0.022542594
       92.721       0.061634750
       93.590       0.005627300
       93.669       0.004971438
       94.575       0.078919876

 PDOS Einstein freq (single pole), associated temp and eff. force constant: 
 Freq (THz)   Temp (K)   Eff. FC (N/m)
  49.837      2391.73      86.7795

 pDOS n Moments, associated Einstein freqs, temps and eff. force constants:
  n     Mom (THz^n)   Freq (THz)     Temp (K)    Eff. FC (N/m)
 -2       0.00323      17.59462       844.38      10.8161
 -1       0.03806      26.27208      1260.82      24.1157
  0       1.00000     ---------     --------
  1      42.94735      42.94735      2061.08      64.4440
  2    2483.74411      49.83718      2391.73      86.7794

 Path Red. Mass (AMU):    0.532968
 Path Length (Ang), s^2 (1e-3 Ang^2): 10.1579  36.0935
--------------------------------------------------------------
 Path Indices:    1   8   2   5
 PDOS Poles:
     Freq. (THz)    Weight
        4.321       0.008595388
        7.963       0.073630627
       13.313       0.012618652
       22.441       0.024023535
       24.647       0.016898237
       30.387       0.215308758
       31.921       0.198201044
       38.164       0.093905071
       41.680       0.088654644
       43.816       0.085025998
       44.109       0.009110628
       91.352       0.022595885
       92.721       0.061895672
       93.590       0.063591046
       93.669       0.007262041
       94.575       0.018682723

 PDOS Einstein freq (single pole), associated temp and eff. force constant: 
 Freq (THz)   Temp (K)   Eff. FC (N/m)
  49.096      2356.18      84.4095

 pDOS n Moments, associated Einstein freqs, temps and eff. force constants:
  n     Mom (THz^n)   Freq (THz)     Temp (K)    Eff. FC (N/m)
 -2       0.00238      20.49553       983.60      14.7099
 -1       0.03584      27.90293      1339.09      27.2640
  0       1.00000     ---------     --------
  1      42.22459      42.22459      2026.40      62.4341
  2    2410.46359      49.09647      2356.18      84.4095

 Path Red. Mass (AMU):    0.534173
 Path Length (Ang), s^2 (1e-3 Ang^2): 10.1577  33.9073
--------------------------------------------------------------
 Path Indices:    1   8   2   6
 PDOS Poles:
     Freq. (THz)    Weight
        4.004       0.004195330
        7.992       0.245663197
       13.046       0.062042863
       18.050       0.000168037
       23.352       0.072153819
       31.105       0.050654719
       32.215       0.153318119
       37.782       0.046927040
       41.686       0.085883655
       43.830       0.161096272
       44.066       0.001706874
       91.352       0.022760947
       92.721       0.001337063
       93.590       0.042175716
       93.669       0.041038091
       94.575       0.008878238

 PDOS Einstein freq (single pole), associated temp and eff. force constant: 
 Freq (THz)   Temp (K)   Eff. FC (N/m)
  42.581      2043.52     108.0384

 pDOS n Moments, associated Einstein freqs, temps and eff. force constants:
  n     Mom (THz^n)   Freq (THz)     Temp (K)    Eff. FC (N/m)
 -2       0.00499      14.16179       679.64      11.9501
 -1       0.05429      18.41836       883.91      20.2133
  0       1.00000     ---------     --------
  1      34.31531      34.31531      1646.82      70.1636
  2    1813.18377      42.58150      2043.52     108.0384

 Path Red. Mass (AMU):    0.908924
 Path Length (Ang), s^2 (1e-3 Ang^2): 10.4550  30.1888
--------------------------------------------------------------
 Path Indices:    1   8   2   7
 PDOS Poles:
     Freq. (THz)    Weight
        1.320       0.000087013
        8.168       0.141826615
       13.085       0.054154565
       17.142       0.000003687
       20.058       0.012364637
       29.634       0.026685665
       32.199       0.254158081
       38.223       0.014591514
       41.687       0.361899452
       43.816       0.000101024
       44.217       0.002104478
       91.352       0.081402601
       92.721       0.001850561
       93.590       0.000240579
       93.669       0.048528188
       94.575       0.000001355

 PDOS Einstein freq (single pole), associated temp and eff. force constant: 
 Freq (THz)   Temp (K)   Eff. FC (N/m)
  45.698      2193.09      68.7331

 pDOS n Moments, associated Einstein freqs, temps and eff. force constants:
  n     Mom (THz^n)   Freq (THz)     Temp (K)    Eff. FC (N/m)
 -2       0.00303      18.15679       871.36      10.8504
 -1       0.04152      24.08246      1155.74      19.0884
  0       1.00000     ---------     --------
  1      39.00753      39.00753      1872.01      50.0801
  2    2088.32237      45.69817      2193.09      68.7331

 Path Red. Mass (AMU):    0.502065
 Path Length (Ang), s^2 (1e-3 Ang^2): 10.6464  41.7991
--------------------------------------------------------------
 Path Indices:    1   8   2   8
 PDOS Poles:
     Freq. (THz)    Weight
        4.937       0.004117082
        7.873       0.148132574
       13.093       0.040521468
       21.636       0.007586997
       23.456       0.074592833
       30.514       0.049045736
       32.159       0.137965326
       37.814       0.055369437
       41.686       0.177482438
       43.827       0.173052629
       44.073       0.004767429
       91.352       0.040142099
       92.721       0.000896444
       93.590       0.047184299
       93.669       0.029510815
       94.575       0.009632323

 PDOS Einstein freq (single pole), associated temp and eff. force constant: 
 Freq (THz)   Temp (K)   Eff. FC (N/m)
  45.601      2188.45      68.3281

 pDOS n Moments, associated Einstein freqs, temps and eff. force constants:
  n     Mom (THz^n)   Freq (THz)     Temp (K)    Eff. FC (N/m)
 -2       0.00338      17.19824       825.36       9.7187
 -1       0.04332      23.08397      1107.82      17.5091
  0       1.00000     ---------     --------
  1      38.69252      38.69252      1856.89      49.1922
  2    2079.48863      45.60141      2188.45      68.3281

 Path Red. Mass (AMU):    0.501226
 Path Length (Ang), s^2 (1e-3 Ang^2): 10.6494  43.6798
--------------------------------------------------------------
 Path Indices:    1   8   2   9
 PDOS Poles:
     Freq. (THz)    Weight
        4.219       0.004358358
        7.947       0.102033127
       13.089       0.018517018
       20.241       0.013778367
       23.429       0.038881262
       29.916       0.044153767
       31.961       0.034278691
       37.780       0.025962952
       41.687       0.221863101
       43.830       0.094670555
       44.212       0.013862966
       91.352       0.240923804
       92.721       0.006121599
       93.590       0.035543482
       93.669       0.100315278
       94.575       0.004735701

 PDOS Einstein freq (single pole), associated temp and eff. force constant: 
 Freq (THz)   Temp (K)   Eff. FC (N/m)
  63.560      3050.28     133.5937

 pDOS n Moments, associated Einstein freqs, temps and eff. force constants:
  n     Mom (THz^n)   Freq (THz)     Temp (K)    Eff. FC (N/m)
 -2       0.00240      20.39670       978.86      13.7577
 -1       0.03286      30.42991      1460.36      30.6215
  0       1.00000     ---------     --------
  1      55.41722      55.41722      2659.52     101.5580
  2    4039.81285      63.55952      3050.28     133.5937

 Path Red. Mass (AMU):    0.504448
 Path Length (Ang), s^2 (1e-3 Ang^2): 11.4389  32.9236
--------------------------------------------------------------
 Path Indices:    1   8   3   2
 PDOS Poles:
     Freq. (THz)    Weight
        2.754       0.002684827
        8.054       0.053693774
       13.915       0.001385978
       20.800       0.007613839
       23.419       0.072503735
       30.800       0.065487206
       32.179       0.171399753
       37.795       0.074286536
       41.685       0.133356996
       43.826       0.096487351
       44.204       0.015019401
       91.352       0.097405085
       92.721       0.000009468
       93.590       0.109377975
       93.669       0.070844468
       94.575       0.028443562

 PDOS Einstein freq (single pole), associated temp and eff. force constant: 
 Freq (THz)   Temp (K)   Eff. FC (N/m)
  59.042      2833.47     229.6382

 pDOS n Moments, associated Einstein freqs, temps and eff. force constants:
  n     Mom (THz^n)   Freq (THz)     Temp (K)    Eff. FC (N/m)
 -2       0.00180      23.60059      1132.61      36.6919
 -1       0.02965      33.72235      1618.36      74.9134
  0       1.00000     ---------     --------
  1      51.56892      51.56892      2474.84     175.1863
  2    3485.94109      59.04186      2833.47     229.6381

 Path Red. Mass (AMU):    1.004882
 Path Length (Ang), s^2 (1e-3 Ang^2):  8.8277  14.9139
--------------------------------------------------------------
 Path Indices:    1   8   3   4
 PDOS Poles:
     Freq. (THz)    Weight
        2.950       0.015366650
        7.805       0.032805126
       12.946       0.001708545
       23.260       0.027306359
       28.564       0.009929934
       31.613       0.079617738
       32.850       0.041508157
       37.854       0.202142908
       41.673       0.078613235
       43.800       0.059525498
       44.128       0.014020341
       91.352       0.063062231
       92.721       0.129671025
       93.590       0.016632046
       93.669       0.014692211
       94.575       0.213397991

 PDOS Einstein freq (single pole), associated temp and eff. force constant: 
 Freq (THz)   Temp (K)   Eff. FC (N/m)
  67.392      3234.21     185.7720

 pDOS n Moments, associated Einstein freqs, temps and eff. force constants:
  n     Mom (THz^n)   Freq (THz)     Temp (K)    Eff. FC (N/m)
 -2       0.00277      18.99970       911.81      14.7657
 -1       0.02843      35.17255      1687.96      50.6020
  0       1.00000     ---------     --------
  1      60.17572      60.17572      2887.89     148.1162
  2    4541.71799      67.39227      3234.21     185.7720

 Path Red. Mass (AMU):    0.623952
 Path Length (Ang), s^2 (1e-3 Ang^2):  8.0825  23.0287
--------------------------------------------------------------
 Path Indices:    1   8   3   5
 PDOS Poles:
     Freq. (THz)    Weight
        4.085       0.010799349
        8.019       0.026853823
       13.198       0.001482945
       23.286       0.069576140
       25.350       0.003426111
       30.641       0.123627857
       32.039       0.155478647
       38.219       0.041289963
       41.686       0.079836845
       43.829       0.056584616
       44.208       0.007576437
       91.352       0.064204352
       92.721       0.132337158
       93.590       0.166748884
       93.669       0.021112644
       94.575       0.039064147

 PDOS Einstein freq (single pole), associated temp and eff. force constant: 
 Freq (THz)   Temp (K)   Eff. FC (N/m)
  65.643      3150.28     179.4360

 pDOS n Moments, associated Einstein freqs, temps and eff. force constants:
  n     Mom (THz^n)   Freq (THz)     Temp (K)    Eff. FC (N/m)
 -2       0.00165      24.64384      1182.68      25.2897
 -1       0.02712      36.86821      1769.34      56.6020
  0       1.00000     ---------     --------
  1      57.89042      57.89042      2778.21     139.5535
  2    4309.05504      65.64339      3150.28     179.4360

 Path Red. Mass (AMU):    0.635212
 Path Length (Ang), s^2 (1e-3 Ang^2):  8.0825  21.5801
--------------------------------------------------------------
 Path Indices:    1   8   3   6
 PDOS Poles:
     Freq. (THz)    Weight
        3.570       0.007188838
        8.056       0.070455777
       13.133       0.003959384
       21.734       0.005848146
       23.451       0.063574517
       30.361       0.056352420
       32.159       0.328728575
       37.757       0.062246071
       41.686       0.046577682
       43.830       0.087258589
       44.212       0.011687532
       91.352       0.062719308
       92.721       0.000002099
       93.590       0.098109374
       93.669       0.069627376
       94.575       0.025664285

 PDOS Einstein freq (single pole), associated temp and eff. force constant: 
 Freq (THz)   Temp (K)   Eff. FC (N/m)
  54.940      2636.60     179.4027

 pDOS n Moments, associated Einstein freqs, temps and eff. force constants:
  n     Mom (THz^n)   Freq (THz)     Temp (K)    Eff. FC (N/m)
 -2       0.00233      20.71214       993.99      25.4982
 -1       0.03389      29.50710      1416.07      51.7502
  0       1.00000     ---------     --------
  1      47.03961      47.03961      2257.47     131.5185
  2    3018.35130      54.93952      2636.60     179.4027

 Path Red. Mass (AMU):    0.906673
 Path Length (Ang), s^2 (1e-3 Ang^2):  8.5078  18.8907
--------------------------------------------------------------
 Path Indices:    1   8   3   7
 PDOS Poles:
     Freq. (THz)    Weight
        3.756       0.001337660
        7.028       0.001761554
        8.191       0.047573748
       13.091       0.005568586
       20.058       0.009629829
       29.634       0.001757204
       32.199       0.320787468
       38.223       0.001759820
       41.687       0.270674814
       43.816       0.001699483
       44.217       0.021532106
       91.352       0.200288754
       92.721       0.000861903
       93.590       0.000611841
       93.669       0.114153305
       94.575       0.000001966

 PDOS Einstein freq (single pole), associated temp and eff. force constant: 
 Freq (THz)   Temp (K)   Eff. FC (N/m)
  59.551      2857.93     119.7575

 pDOS n Moments, associated Einstein freqs, temps and eff. force constants:
  n     Mom (THz^n)   Freq (THz)     Temp (K)    Eff. FC (N/m)
 -2       0.00141      26.59868      1276.49      23.8912
 -1       0.02783      35.92706      1724.17      43.5875
  0       1.00000     ---------     --------
  1      52.55849      52.55849      2522.33      93.2833
  2    3546.37279      59.55143      2857.93     119.7575

 Path Red. Mass (AMU):    0.515121
 Path Length (Ang), s^2 (1e-3 Ang^2):  9.1574  27.3082
--------------------------------------------------------------
 Path Indices:    1   8   3   8
 PDOS Poles:
     Freq. (THz)    Weight
        2.956       0.000711260
        7.901       0.023109783
       10.008       0.000692891
       20.044       0.002784447
       23.348       0.064096641
       31.069       0.077745946
       32.198       0.220453013
       37.755       0.074555602
       41.687       0.124498652
       43.831       0.097728162
       44.217       0.013147401
       91.352       0.094902468
       92.721       0.000014871
       93.590       0.102364146
       93.669       0.069363308
       94.575       0.033831369

 PDOS Einstein freq (single pole), associated temp and eff. force constant: 
 Freq (THz)   Temp (K)   Eff. FC (N/m)
  58.968      2829.90     116.5403

 pDOS n Moments, associated Einstein freqs, temps and eff. force constants:
  n     Mom (THz^n)   Freq (THz)     Temp (K)    Eff. FC (N/m)
 -2       0.00109      30.25401      1451.92      30.6772
 -1       0.02619      38.18643      1832.60      48.8729
  0       1.00000     ---------     --------
  1      52.07537      52.07537      2499.14      90.8897
  2    3477.17142      58.96755      2829.90     116.5403

 Path Red. Mass (AMU):    0.511259
 Path Length (Ang), s^2 (1e-3 Ang^2):  9.1575  25.8866
--------------------------------------------------------------
 Path Indices:    1   8   3   9
 PDOS Poles:
     Freq. (THz)    Weight
        3.857       0.006772181
        7.978       0.022717559
       19.398       0.003713400
       23.020       0.035461483
       26.023       0.006747026
       29.881       0.133358456
       32.171       0.046522333
       37.920       0.050971661
       41.685       0.228384200
       43.811       0.050254940
       44.094       0.006868516
       91.352       0.277224772
       92.721       0.006165164
       93.590       0.069049492
       93.669       0.041956963
       94.575       0.013831816

 PDOS Einstein freq (single pole), associated temp and eff. force constant: 
 Freq (THz)   Temp (K)   Eff. FC (N/m)
  65.089      3123.70     138.5297

 pDOS n Moments, associated Einstein freqs, temps and eff. force constants:
  n     Mom (THz^n)   Freq (THz)     Temp (K)    Eff. FC (N/m)
 -2       0.00134      27.34007      1312.07      24.4412
 -1       0.02506      39.90057      1914.86      52.0572
  0       1.00000     ---------     --------
  1      58.30768      58.30768      2798.24     111.1665
  2    4236.62828      65.08939      3123.70     138.5297

 Path Red. Mass (AMU):    0.498785
 Path Length (Ang), s^2 (1e-3 Ang^2):  9.1374  25.3940
--------------------------------------------------------------
 Path Indices:    1   8   4   2
 PDOS Poles:
     Freq. (THz)    Weight
        2.333       0.001852620
        8.159       0.021831210
       13.203       0.002538424
       20.346       0.003221704
       23.352       0.260100259
       30.123       0.003411389
       32.203       0.115205936
       37.782       0.028360308
       41.687       0.090738780
       43.817       0.145194967
       44.040       0.001204144
       91.352       0.039959803
       92.721       0.116345802
       93.590       0.009051239
       93.669       0.006721257
       94.575       0.154262188

 PDOS Einstein freq (single pole), associated temp and eff. force constant: 
 Freq (THz)   Temp (K)   Eff. FC (N/m)
  59.989      2878.92     150.5436

 pDOS n Moments, associated Einstein freqs, temps and eff. force constants:
  n     Mom (THz^n)   Freq (THz)     Temp (K)    Eff. FC (N/m)
 -2       0.00147      26.09871      1252.50      28.4943
 -1       0.02841      35.19972      1689.27      51.8321
  0       1.00000     ---------     --------
  1      51.94144      51.94144      2492.71     112.8621
  2    3598.66938      59.98891      2878.92     150.5436

 Path Red. Mass (AMU):    0.638134
 Path Length (Ang), s^2 (1e-3 Ang^2):  9.7563  22.4996
--------------------------------------------------------------
 Path Indices:    1   8   4   3
 PDOS Poles:
     Freq. (THz)    Weight
        3.564       0.007120671
        8.063       0.025644951
       12.644       0.000693358
       22.520       0.003405695
       23.363       0.175453752
       31.180       0.049076047
       32.305       0.045115549
       38.152       0.029316661
       41.685       0.090732344
       43.817       0.114668193
       44.186       0.003935375
       91.352       0.037656909
       92.721       0.183848277
       93.590       0.002716485
       93.669       0.002908144
       94.575       0.227707574

 PDOS Einstein freq (single pole), associated temp and eff. force constant: 
 Freq (THz)   Temp (K)   Eff. FC (N/m)
  67.847      3256.02     177.4965

 pDOS n Moments, associated Einstein freqs, temps and eff. force constants:
  n     Mom (THz^n)   Freq (THz)     Temp (K)    Eff. FC (N/m)
 -2       0.00157      25.26029      1212.26      24.6042
 -1       0.02638      37.90953      1819.31      55.4152
  0       1.00000     ---------     --------
  1      60.05201      60.05201      2881.95     139.0551
  2    4603.17960      67.84674      3256.02     177.4965

 Path Red. Mass (AMU):    0.588197
 Path Length (Ang), s^2 (1e-3 Ang^2):  8.4268  22.6649
--------------------------------------------------------------
 Path Indices:    1   8   4   5
 PDOS Poles:
     Freq. (THz)    Weight
        4.137       0.008519749
        8.103       0.015267408
       13.272       0.000496890
       23.342       0.185209584
       26.716       0.001215415
       30.927       0.111362623
       32.156       0.082305497
       37.868       0.016891112
       41.685       0.072925582
       43.824       0.030178600
       44.216       0.045645435
       91.352       0.032214616
       92.721       0.346493810
       93.590       0.030085781
       93.669       0.000330784
       94.575       0.020857084

 PDOS Einstein freq (single pole), associated temp and eff. force constant: 
 Freq (THz)   Temp (K)   Eff. FC (N/m)
  65.525      3144.59     138.4965

 pDOS n Moments, associated Einstein freqs, temps and eff. force constants:
  n     Mom (THz^n)   Freq (THz)     Temp (K)    Eff. FC (N/m)
 -2       0.00141      26.59761      1276.44      22.8199
 -1       0.02667      37.49114      1799.23      45.3404
  0       1.00000     ---------     --------
  1      57.52184      57.52184      2760.52     106.7318
  2    4293.48950      65.52472      3144.59     138.4965

 Path Red. Mass (AMU):    0.492062
 Path Length (Ang), s^2 (1e-3 Ang^2):  9.1089  27.3953
--------------------------------------------------------------
 Path Indices:    1   8   4   6
 PDOS Poles:
     Freq. (THz)    Weight
        3.329       0.004382004
        8.122       0.030160246
       13.183       0.000898079
       23.343       0.243148040
       28.343       0.006614542
       30.478       0.064559442
       32.190       0.143746954
       38.158       0.053889944
       41.678       0.036793503
       43.773       0.049233698
       43.844       0.082713069
       91.352       0.022231407
       92.721       0.106098154
       93.590       0.008472251
       93.669       0.005185316
       94.575       0.141873363

 PDOS Einstein freq (single pole), associated temp and eff. force constant: 
 Freq (THz)   Temp (K)   Eff. FC (N/m)
  56.842      2727.89     110.2455

 pDOS n Moments, associated Einstein freqs, temps and eff. force constants:
  n     Mom (THz^n)   Freq (THz)     Temp (K)    Eff. FC (N/m)
 -2       0.00168      24.39888      1170.92      20.3126
 -1       0.03067      32.60386      1564.69      36.2713
  0       1.00000     ---------     --------
  1      48.66573      48.66573      2335.51      80.8113
  2    3230.98770      56.84178      2727.89     110.2455

 Path Red. Mass (AMU):    0.520495
 Path Length (Ang), s^2 (1e-3 Ang^2):  9.4974  29.7810
--------------------------------------------------------------
 Path Indices:    1   8   4   7
 PDOS Poles:
     Freq. (THz)    Weight
        4.657       0.002019500
        8.168       0.033675405
       13.749       0.002247705
       21.477       0.005704477
       23.432       0.058854052
       32.146       0.178239907
       33.455       0.005963868
       38.026       0.064582106
       41.684       0.185011789
       43.806       0.078242869
       44.156       0.007895893
       91.352       0.135335391
       92.721       0.111237693
       93.590       0.037910487
       93.669       0.036509206
       94.575       0.056569628

 PDOS Einstein freq (single pole), associated temp and eff. force constant: 
 Freq (THz)   Temp (K)   Eff. FC (N/m)
  63.663      3055.26      99.2661

 pDOS n Moments, associated Einstein freqs, temps and eff. force constants:
  n     Mom (THz^n)   Freq (THz)     Temp (K)    Eff. FC (N/m)
 -2       0.00115      29.52640      1417.00      21.3522
 -1       0.02540      39.37634      1889.70      37.9745
  0       1.00000     ---------     --------
  1      56.68541      56.68541      2720.38      78.6981
  2    4053.02679      63.66339      3055.26      99.2661

 Path Red. Mass (AMU):    0.373605
 Path Length (Ang), s^2 (1e-3 Ang^2): 10.4090  34.3539
--------------------------------------------------------------
 Path Indices:    1   8   4   8
 PDOS Poles:
     Freq. (THz)    Weight
        1.902       0.000677616
        8.139       0.008524647
       13.085       0.000047572
       23.349       0.315358661
       30.015       0.019864295
       31.947       0.110335069
       33.239       0.006993608
       38.172       0.043263174
       41.686       0.077707083
       43.816       0.191628655
       44.110       0.001308205
       91.352       0.033150822
       92.721       0.070869228
       93.590       0.010556762
       93.669       0.007293331
       94.575       0.102421295

 PDOS Einstein freq (single pole), associated temp and eff. force constant: 
 Freq (THz)   Temp (K)   Eff. FC (N/m)
  53.270      2556.48      66.7296

 pDOS n Moments, associated Einstein freqs, temps and eff. force constants:
  n     Mom (THz^n)   Freq (THz)     Temp (K)    Eff. FC (N/m)
 -2       0.00123      28.49221      1367.37      19.0898
 -1       0.02904      34.43375      1652.51      27.8817
  0       1.00000     ---------     --------
  1      46.08988      46.08988      2211.89      49.9529
  2    2837.71477      53.27021      2556.48      66.7296

 Path Red. Mass (AMU):    0.358708
 Path Length (Ang), s^2 (1e-3 Ang^2):  9.8461  40.9167
--------------------------------------------------------------
 Path Indices:    1   8   4   9
 PDOS Poles:
     Freq. (THz)    Weight
        3.933       0.005657218
        7.948       0.013778545
       16.928       0.001447967
       20.771       0.020515981
       23.424       0.156121473
       29.783       0.181471506
       31.573       0.061310913
       38.123       0.025215781
       41.686       0.206113225
       43.802       0.028063676
       44.184       0.006284981
       91.352       0.138444924
       92.721       0.027057237
       93.590       0.011721718
       93.669       0.044615393
       94.575       0.072179467

 PDOS Einstein freq (single pole), associated temp and eff. force constant: 
 Freq (THz)   Temp (K)   Eff. FC (N/m)
  57.503      2759.61      79.8429

 pDOS n Moments, associated Einstein freqs, temps and eff. force constants:
  n     Mom (THz^n)   Freq (THz)     Temp (K)    Eff. FC (N/m)
 -2       0.00138      26.96670      1294.16      17.5595
 -1       0.02851      35.08006      1683.52      29.7151
  0       1.00000     ---------     --------
  1      49.89860      49.89860      2394.68      60.1220
  2    3306.58410      57.50291      2759.61      79.8429

 Path Red. Mass (AMU):    0.368339
 Path Length (Ang), s^2 (1e-3 Ang^2):  9.8340  39.1126
--------------------------------------------------------------
 Path Indices:    1   8   5   2
 PDOS Poles:
     Freq. (THz)    Weight
        2.688       0.001741474
        8.039       0.025195484
       13.234       0.002526716
       20.497       0.003299026
       24.356       0.001672468
       30.886       0.096914069
       32.130       0.118048910
       37.768       0.038179001
       41.686       0.057393548
       43.822       0.074841647
       44.093       0.001207364
       91.352       0.078698195
       92.721       0.201936981
       93.590       0.213485241
       93.669       0.022251216
       94.575       0.062608550

 PDOS Einstein freq (single pole), associated temp and eff. force constant: 
 Freq (THz)   Temp (K)   Eff. FC (N/m)
  74.411      3571.06     223.4204

 pDOS n Moments, associated Einstein freqs, temps and eff. force constants:
  n     Mom (THz^n)   Freq (THz)     Temp (K)    Eff. FC (N/m)
 -2       0.00104      31.03631      1489.46      38.8674
 -1       0.02136      46.82210      2247.03      88.4599
  0       1.00000     ---------     --------
  1      68.20111      68.20111      3273.03     187.6843
  2    5537.04110      74.41130      3571.06     223.4203

 Path Red. Mass (AMU):    0.615512
 Path Length (Ang), s^2 (1e-3 Ang^2): 10.3189  17.5363
--------------------------------------------------------------
 Path Indices:    1   8   5   3
 PDOS Poles:
     Freq. (THz)    Weight
        3.802       0.006556645
        7.993       0.027602052
       13.094       0.000551106
       23.253       0.011242279
       27.768       0.001255168
       31.633       0.055997259
       33.389       0.008426204
       37.884       0.093616908
       41.674       0.055215745
       43.465       0.002618630
       43.840       0.055375008
       91.352       0.069563619
       92.721       0.266323456
       93.590       0.222592554
       93.669       0.014879785
       94.575       0.108183479

 PDOS Einstein freq (single pole), associated temp and eff. force constant: 
 Freq (THz)   Temp (K)   Eff. FC (N/m)
  79.587      3819.46     222.4399

 pDOS n Moments, associated Einstein freqs, temps and eff. force constants:
  n     Mom (THz^n)   Freq (THz)     Temp (K)    Eff. FC (N/m)
 -2       0.00118      29.10581      1396.81      29.7500
 -1       0.02021      49.49197      2375.16      86.0194
  0       1.00000     ---------     --------
  1      74.49707      74.49707      3575.18     194.8971
  2    6334.10884      79.58711      3819.46     222.4398

 Path Red. Mass (AMU):    0.535696
 Path Length (Ang), s^2 (1e-3 Ang^2):  8.9897  19.0621
--------------------------------------------------------------
 Path Indices:    1   8   5   4
 PDOS Poles:
     Freq. (THz)    Weight
        2.920       0.010551714
        7.685       0.020091162
       11.814       0.000893068
       22.540       0.001832979
       24.470       0.001480906
       29.807       0.011820172
       32.223       0.054952648
       37.764       0.165751156
       41.684       0.042776247
       43.824       0.079165143
       44.214       0.029444323
       91.352       0.057360997
       92.721       0.421569337
       93.590       0.098044574
       93.669       0.003794853
       94.575       0.000470651

 PDOS Einstein freq (single pole), associated temp and eff. force constant: 
 Freq (THz)   Temp (K)   Eff. FC (N/m)
  74.769      3588.23     159.3669

 pDOS n Moments, associated Einstein freqs, temps and eff. force constants:
  n     Mom (THz^n)   Freq (THz)     Temp (K)    Eff. FC (N/m)
 -2       0.00192      22.81344      1094.84      14.8367
 -1       0.02270      44.04693      2113.85      55.3078
  0       1.00000     ---------     --------
  1      69.11455      69.11455      3316.87     136.1741
  2    5590.39589      74.76895      3588.23     159.3669

 Path Red. Mass (AMU):    0.434857
 Path Length (Ang), s^2 (1e-3 Ang^2):  9.6718  26.3853
--------------------------------------------------------------
 Path Indices:    1   8   5   6
 PDOS Poles:
     Freq. (THz)    Weight
        3.605       0.004130231
        8.035       0.033726608
       12.848       0.000965415
       20.755       0.000251651
       29.682       0.026614553
       32.119       0.131924299
       36.098       0.004757745
       37.879       0.213867864
       41.625       0.019177024
       42.793       0.001149779
       43.827       0.073179943
       91.352       0.050914744
       92.721       0.184225093
       93.590       0.174203276
       93.669       0.017892212
       94.575       0.063019479

 PDOS Einstein freq (single pole), associated temp and eff. force constant: 
 Freq (THz)   Temp (K)   Eff. FC (N/m)
  70.045      3361.50     166.0427

 pDOS n Moments, associated Einstein freqs, temps and eff. force constants:
  n     Mom (THz^n)   Freq (THz)     Temp (K)    Eff. FC (N/m)
 -2       0.00126      28.13145      1350.05      26.7828
 -1       0.02363      42.31521      2030.74      60.5988
  0       1.00000     ---------     --------
  1      63.33083      63.33083      3039.30     135.7380
  2    4906.23938      70.04455      3361.50     166.0427

 Path Red. Mass (AMU):    0.516253
 Path Length (Ang), s^2 (1e-3 Ang^2): 10.0602  23.1348
--------------------------------------------------------------
 Path Indices:    1   8   5   7
 PDOS Poles:
     Freq. (THz)    Weight
        4.617       0.001983229
        8.167       0.033755681
       13.726       0.002307449
       21.482       0.005670147
       23.433       0.058355073
       32.146       0.178108343
       33.460       0.005985719
       38.023       0.064733218
       41.684       0.184893441
       43.805       0.078260663
       44.156       0.007882385
       91.352       0.135389838
       92.721       0.111451373
       93.590       0.027408176
       93.669       0.048301083
       94.575       0.055514193

 PDOS Einstein freq (single pole), associated temp and eff. force constant: 
 Freq (THz)   Temp (K)   Eff. FC (N/m)
  63.694      3056.74      99.3690

 pDOS n Moments, associated Einstein freqs, temps and eff. force constants:
  n     Mom (THz^n)   Freq (THz)     Temp (K)    Eff. FC (N/m)
 -2       0.00115      29.51799      1416.59      21.3415
 -1       0.02539      39.38957      1890.34      38.0026
  0       1.00000     ---------     --------
  1      56.71789      56.71789      2721.94      78.7935
  2    4056.95589      63.69424      3056.74      99.3690

 Path Red. Mass (AMU):    0.373630
 Path Length (Ang), s^2 (1e-3 Ang^2): 10.4103  34.3401
--------------------------------------------------------------
 Path Indices:    1   8   5   8
 PDOS Poles:
     Freq. (THz)    Weight
        2.189       0.001210180
        7.932       0.012908386
       11.272       0.000126056
       23.241       0.000668894
       30.038       0.008154006
       32.070       0.089695553
       35.108       0.002237199
       37.855       0.171933648
       39.752       0.001640715
       41.692       0.052261458
       43.825       0.071966415
       91.352       0.069029237
       92.721       0.220458556
       93.590       0.202709599
       93.669       0.016864588
       94.575       0.078135408

 PDOS Einstein freq (single pole), associated temp and eff. force constant: 
 Freq (THz)   Temp (K)   Eff. FC (N/m)
  75.335      3615.40     135.3742

 pDOS n Moments, associated Einstein freqs, temps and eff. force constants:
  n     Mom (THz^n)   Freq (THz)     Temp (K)    Eff. FC (N/m)
 -2       0.00081      35.04493      1681.84      29.2949
 -1       0.01914      52.25617      2507.82      65.1353
  0       1.00000     ---------     --------
  1      69.91662      69.91662      3355.36     116.6009
  2    5675.37752      75.33510      3615.40     135.3741

 Path Red. Mass (AMU):    0.363858
 Path Length (Ang), s^2 (1e-3 Ang^2): 10.9719  26.5800
--------------------------------------------------------------
 Path Indices:    1   8   5   9
 PDOS Poles:
     Freq. (THz)    Weight
        3.778       0.005265882
        8.083       0.009283059
       14.150       0.000485359
       20.115       0.015449368
       29.569       0.126911574
       30.964       0.017187081
       34.152       0.002870268
       37.833       0.139561007
       41.684       0.168003885
       43.818       0.065096508
       44.185       0.012588866
       91.352       0.189979620
       92.721       0.063551763
       93.590       0.131034729
       93.669       0.025544963
       94.575       0.027186012

 PDOS Einstein freq (single pole), associated temp and eff. force constant: 
 Freq (THz)   Temp (K)   Eff. FC (N/m)
  67.275      3228.57     108.7296

 pDOS n Moments, associated Einstein freqs, temps and eff. force constants:
  n     Mom (THz^n)   Freq (THz)     Temp (K)    Eff. FC (N/m)
 -2       0.00100      31.57996      1515.55      23.9590
 -1       0.02249      44.46256      2133.80      47.4936
  0       1.00000     ---------     --------
  1      60.96209      60.96209      2925.62      89.2824
  2    4525.86724      67.27457      3228.57     108.7296

 Path Red. Mass (AMU):    0.366469
 Path Length (Ang), s^2 (1e-3 Ang^2): 10.3948  31.0165
--------------------------------------------------------------
 Path Indices:    1   8   6   2
 PDOS Poles:
     Freq. (THz)    Weight
        2.139       0.002543394
        8.080       0.109926363
       12.289       0.001242527
       17.466       0.000044897
       23.351       0.031807810
       30.993       0.019202095
       32.186       0.054482364
       37.759       0.019791708
       41.687       0.038658038
       43.830       0.056725343
       44.212       0.001626861
       91.352       0.182151176
       92.721       0.005228234
       93.590       0.254664324
       93.669       0.171041486
       94.575       0.050863319

 PDOS Einstein freq (single pole), associated temp and eff. force constant: 
 Freq (THz)   Temp (K)   Eff. FC (N/m)
  77.836      3735.42     525.8533

 pDOS n Moments, associated Einstein freqs, temps and eff. force constants:
  n     Mom (THz^n)   Freq (THz)     Temp (K)    Eff. FC (N/m)
 -2       0.00252      19.91278       955.63      34.4165
 -1       0.02849      35.10116      1684.54     106.9413
  0       1.00000     ---------     --------
  1      70.70852      70.70852      3393.36     433.9563
  2    6058.45877      77.83610      3735.42     525.8533

 Path Red. Mass (AMU):    1.324017
 Path Length (Ang), s^2 (1e-3 Ang^2):  8.6370  10.8745
--------------------------------------------------------------
 Path Indices:    1   8   6   3
 PDOS Poles:
     Freq. (THz)    Weight
        3.725       0.015989949
        7.950       0.071203954
       12.127       0.002082492
       20.197       0.000394398
       23.359       0.032372359
       31.237       0.028087626
       32.247       0.084808986
       37.826       0.023315570
       41.684       0.034065918
       43.827       0.056591678
       44.160       0.002113432
       91.352       0.181158399
       92.721       0.002414505
       93.590       0.262065626
       93.669       0.151479879
       94.575       0.051855175

 PDOS Einstein freq (single pole), associated temp and eff. force constant: 
 Freq (THz)   Temp (K)   Eff. FC (N/m)
  77.232      3706.41     528.2028

 pDOS n Moments, associated Einstein freqs, temps and eff. force constants:
  n     Mom (THz^n)   Freq (THz)     Temp (K)    Eff. FC (N/m)
 -2       0.00261      19.59112       940.19      33.9883
 -1       0.02810      35.58314      1707.67     112.1244
  0       1.00000     ---------     --------
  1      70.29565      70.29565      3373.55     437.5910
  2    5964.70623      77.23151      3706.41     528.2027

 Path Red. Mass (AMU):    1.350837
 Path Length (Ang), s^2 (1e-3 Ang^2):  7.4357  10.5142
--------------------------------------------------------------
 Path Indices:    1   8   6   4
 PDOS Poles:
     Freq. (THz)    Weight
        2.891       0.023190788
        7.648       0.043265036
       11.405       0.001838552
       21.312       0.002280709
       23.404       0.046831785
       30.451       0.008208045
       32.225       0.086620099
       37.863       0.031694889
       41.676       0.024303911
       43.747       0.014127093
       43.868       0.030110424
       91.352       0.133348461
       92.721       0.143712401
       93.590       0.106174399
       93.669       0.055009831
       94.575       0.249283566

 PDOS Einstein freq (single pole), associated temp and eff. force constant: 
 Freq (THz)   Temp (K)   Eff. FC (N/m)
  79.313      3806.29     391.5506

 pDOS n Moments, associated Einstein freqs, temps and eff. force constants:
  n     Mom (THz^n)   Freq (THz)     Temp (K)    Eff. FC (N/m)
 -2       0.00385      16.11977       773.60      16.1741
 -1       0.02870      34.84214      1672.10      75.5634
  0       1.00000     ---------     --------
  1      72.92901      72.92901      3499.93     331.0567
  2    6290.51363      79.31276      3806.29     391.5505

 Path Red. Mass (AMU):    0.949496
 Path Length (Ang), s^2 (1e-3 Ang^2):  8.0811  15.2766
--------------------------------------------------------------
 Path Indices:    1   8   6   5
 PDOS Poles:
     Freq. (THz)    Weight
        4.055       0.016987840
        7.973       0.033692099
       12.936       0.000798328
       21.479       0.002341802
       23.782       0.005781665
       30.953       0.087861205
       32.176       0.098387208
       38.005       0.013834933
       41.680       0.024961687
       43.810       0.037499626
       43.948       0.006660411
       91.352       0.137092316
       92.721       0.148029509
       93.590       0.306198349
       93.669       0.065749158
       94.575       0.014123717

 PDOS Einstein freq (single pole), associated temp and eff. force constant: 
 Freq (THz)   Temp (K)   Eff. FC (N/m)
  78.378      3761.41     392.9961

 pDOS n Moments, associated Einstein freqs, temps and eff. force constants:
  n     Mom (THz^n)   Freq (THz)     Temp (K)    Eff. FC (N/m)
 -2       0.00189      22.97404      1102.54      33.7660
 -1       0.02392      41.81285      2006.63     111.8469
  0       1.00000     ---------     --------
  1      72.32324      72.32324      3470.86     334.6266
  2    6143.04106      78.37755      3761.41     392.9960

 Path Red. Mass (AMU):    0.975879
 Path Length (Ang), s^2 (1e-3 Ang^2):  8.0809  12.3857
--------------------------------------------------------------
 Path Indices:    1   8   6   7
 PDOS Poles:
     Freq. (THz)    Weight
        2.956       0.000685193
        4.885       0.001577449
        8.171       0.056016657
       13.088       0.003810572
       20.057       0.007608606
       29.634       0.005758078
       32.199       0.088587491
       38.223       0.003298084
       41.687       0.141419243
       43.816       0.001175794
       44.217       0.001801307
       91.352       0.428051198
       92.721       0.009435098
       93.590       0.001337478
       93.669       0.249433661
       94.575       0.000004203

 PDOS Einstein freq (single pole), associated temp and eff. force constant: 
 Freq (THz)   Temp (K)   Eff. FC (N/m)
  78.831      3783.16     284.9528

 pDOS n Moments, associated Einstein freqs, temps and eff. force constants:
  n     Mom (THz^n)   Freq (THz)     Temp (K)    Eff. FC (N/m)
 -2       0.00128      27.91979      1339.90      35.7442
 -1       0.02204      45.37744      2177.70      94.4194
  0       1.00000     ---------     --------
  1      73.31353      73.31353      3518.38     246.4616
  2    6214.29710      78.83081      3783.16     284.9528

 Path Red. Mass (AMU):    0.699475
 Path Length (Ang), s^2 (1e-3 Ang^2):  7.0134  15.9225
--------------------------------------------------------------
 Path Indices:    1   8   6   8
 PDOS Poles:
     Freq. (THz)    Weight
        1.812       0.012421071
        7.978       0.053531559
       12.143       0.000583741
       20.195       0.003684326
       23.377       0.025865468
       30.450       0.010379564
       32.119       0.028019601
       37.783       0.008382623
       41.687       0.077489316
       43.830       0.064888978
       44.201       0.001776567
       91.352       0.203705800
       92.721       0.004879759
       93.590       0.285734202
       93.669       0.162131215
       94.575       0.056526138

 PDOS Einstein freq (single pole), associated temp and eff. force constant: 
 Freq (THz)   Temp (K)   Eff. FC (N/m)
  80.655      3870.71     287.0672

 pDOS n Moments, associated Einstein freqs, temps and eff. force constants:
  n     Mom (THz^n)   Freq (THz)     Temp (K)    Eff. FC (N/m)
 -2       0.00489      14.29928       686.23       9.0230
 -1       0.02738      36.52197      1752.72      58.8611
  0       1.00000     ---------     --------
  1      75.15713      75.15713      3606.86     249.2647
  2    6505.23647      80.65505      3870.71     287.0672

 Path Red. Mass (AMU):    0.673150
 Path Length (Ang), s^2 (1e-3 Ang^2):  7.0134  20.5587
--------------------------------------------------------------
 Path Indices:    1   8   6   9
 PDOS Poles:
     Freq. (THz)    Weight
        3.760       0.007509551
        7.945       0.028755157
       12.007       0.000296387
       20.393       0.003235798
       23.444       0.014454170
       29.833       0.022841222
       31.895       0.010071217
       37.805       0.010254259
       41.687       0.095065460
       43.828       0.027284559
       44.203       0.003160573
       91.352       0.519467541
       92.721       0.005961054
       93.590       0.151081838
       93.669       0.077155314
       94.575       0.023405861

 PDOS Einstein freq (single pole), associated temp and eff. force constant: 
 Freq (THz)   Temp (K)   Eff. FC (N/m)
  82.923      3979.54     280.7166

 pDOS n Moments, associated Einstein freqs, temps and eff. force constants:
  n     Mom (THz^n)   Freq (THz)     Temp (K)    Eff. FC (N/m)
 -2       0.00123      28.53975      1369.65      33.2521
 -1       0.01918      52.13843      2502.17     110.9774
  0       1.00000     ---------     --------
  1      78.94141      78.94141      3788.47     254.4067
  2    6876.21161      82.92293      3979.54     280.7166

 Path Red. Mass (AMU):    0.622745
 Path Length (Ang), s^2 (1e-3 Ang^2):  7.0142  15.5653
--------------------------------------------------------------
 Path Indices:    1   8   7   2
 PDOS Poles:
     Freq. (THz)    Weight
        1.866       0.002012040
        8.139       0.079998157
       13.077       0.003823007
       20.093       0.007272116
       23.794       0.000735547
       29.660       0.022674354
       32.199       0.125355627
       38.208       0.018766878
       41.687       0.062230818
       43.815       0.032453049
       44.217       0.106370866
       91.352       0.342789870
       92.721       0.007139129
       93.590       0.000399868
       93.669       0.187934112
       94.575       0.000044655

 PDOS Einstein freq (single pole), associated temp and eff. force constant: 
 Freq (THz)   Temp (K)   Eff. FC (N/m)
  71.693      3440.61     269.2065

 pDOS n Moments, associated Einstein freqs, temps and eff. force constants:
  n     Mom (THz^n)   Freq (THz)     Temp (K)    Eff. FC (N/m)
 -2       0.00216      21.53064      1033.27      24.2799
 -1       0.02722      36.73682      1763.03      70.6864
  0       1.00000     ---------     --------
  1      64.63572      64.63572      3101.92     218.8154
  2    5139.88023      71.69296      3440.61     269.2065

 Path Red. Mass (AMU):    0.798958
 Path Length (Ang), s^2 (1e-3 Ang^2):  9.5076  17.2188
--------------------------------------------------------------
 Path Indices:    1   8   7   3
 PDOS Poles:
     Freq. (THz)    Weight
        3.707       0.008663085
        7.958       0.043399244
       12.292       0.002026085
       18.265       0.000217021
       23.241       0.001346669
       29.633       0.014595186
       32.199       0.104507537
       38.220       0.018451546
       41.687       0.037995056
       43.822       0.021370464
       44.217       0.040795264
       91.352       0.446450504
       92.721       0.006292532
       93.590       0.016333106
       93.669       0.234663837
       94.575       0.002892968

 PDOS Einstein freq (single pole), associated temp and eff. force constant: 
 Freq (THz)   Temp (K)   Eff. FC (N/m)
  79.665      3823.21     316.2029

 pDOS n Moments, associated Einstein freqs, temps and eff. force constants:
  n     Mom (THz^n)   Freq (THz)     Temp (K)    Eff. FC (N/m)
 -2       0.00160      25.00354      1199.94      31.1479
 -1       0.02223      44.97664      2158.47     100.7859
  0       1.00000     ---------     --------
  1      74.41516      74.41516      3571.25     275.8981
  2    6346.58466      79.66545      3823.21     316.2030

 Path Red. Mass (AMU):    0.760006
 Path Length (Ang), s^2 (1e-3 Ang^2):  8.7645  14.7850
--------------------------------------------------------------
 Path Indices:    1   8   7   4
 PDOS Poles:
     Freq. (THz)    Weight
        2.891       0.013365634
        7.701       0.027427322
       11.970       0.001483777
       23.184       0.005758941
       25.297       0.001035499
       29.931       0.028804743
       32.163       0.091680276
       37.814       0.011125816
       41.682       0.015071241
       43.818       0.018591972
       44.216       0.046569481
       91.352       0.365753026
       92.721       0.135361930
       93.590       0.062755721
       93.669       0.128906159
       94.575       0.046308497

 PDOS Einstein freq (single pole), associated temp and eff. force constant: 
 Freq (THz)   Temp (K)   Eff. FC (N/m)
  81.278      3900.60     241.6326

 pDOS n Moments, associated Einstein freqs, temps and eff. force constants:
  n     Mom (THz^n)   Freq (THz)     Temp (K)    Eff. FC (N/m)
 -2       0.00234      20.66412       991.69      15.6187
 -1       0.02254      44.35639      2128.70      71.9653
  0       1.00000     ---------     --------
  1      76.45149      76.45149      3668.97     213.7876
  2    6606.09642      81.27790      3900.60     241.6326

 Path Red. Mass (AMU):    0.557958
 Path Length (Ang), s^2 (1e-3 Ang^2):  9.6719  20.4205
--------------------------------------------------------------
 Path Indices:    1   8   7   5
 PDOS Poles:
     Freq. (THz)    Weight
        3.983       0.012544435
        7.753       0.044919304
       12.511       0.001537345
       23.330       0.022068947
       27.785       0.001844432
       30.318       0.037424234
       32.163       0.133531320
       37.910       0.007685548
       41.685       0.039894125
       43.817       0.016787750
       44.216       0.042732558
       91.352       0.355067331
       92.721       0.086949261
       93.590       0.000503764
       93.669       0.152351461
       94.575       0.044158256

 PDOS Einstein freq (single pole), associated temp and eff. force constant: 
 Freq (THz)   Temp (K)   Eff. FC (N/m)
  76.367      3664.94     275.1318

 pDOS n Moments, associated Einstein freqs, temps and eff. force constants:
  n     Mom (THz^n)   Freq (THz)     Temp (K)    Eff. FC (N/m)
 -2       0.00189      22.97454      1102.57      24.9011
 -1       0.02490      40.16522      1927.56      76.1071
  0       1.00000     ---------     --------
  1      69.98460      69.98460      3358.62     231.0628
  2    5831.97663      76.36738      3664.94     275.1318

 Path Red. Mass (AMU):    0.719642
 Path Length (Ang), s^2 (1e-3 Ang^2):  9.1103  17.4847
--------------------------------------------------------------
 Path Indices:    1   8   7   6
 PDOS Poles:
     Freq. (THz)    Weight
        3.506       0.004659826
        8.037       0.045854383
       12.937       0.001703194
       20.662       0.001422808
       23.404       0.016007750
       31.217       0.016761603
       32.285       0.037535098
       37.916       0.015711049
       41.001       0.000223529
       43.823       0.042665567
       44.216       0.061369752
       91.352       0.440169165
       92.721       0.010256685
       93.590       0.046572383
       93.669       0.253940522
       94.575       0.005146784

 PDOS Einstein freq (single pole), associated temp and eff. force constant: 
 Freq (THz)   Temp (K)   Eff. FC (N/m)
  82.076      3938.91     287.7077

 pDOS n Moments, associated Einstein freqs, temps and eff. force constants:
  n     Mom (THz^n)   Freq (THz)     Temp (K)    Eff. FC (N/m)
 -2       0.00134      27.33516      1311.84      31.9125
 -1       0.02059      48.56305      2330.58     100.7230
  0       1.00000     ---------     --------
  1      77.52736      77.52736      3720.61     256.7005
  2    6736.50570      82.07622      3938.91     287.7077

 Path Red. Mass (AMU):    0.651490
 Path Length (Ang), s^2 (1e-3 Ang^2):  7.6926  15.9739
--------------------------------------------------------------
 Path Indices:    1   8   7   8
 PDOS Poles:
     Freq. (THz)    Weight
        1.812       0.019964905
        8.102       0.019633250
       12.953       0.000300492
       20.334       0.003015106
       23.381       0.035148837
       30.139       0.018962817
       32.065       0.043535169
       37.701       0.013792811
       38.188       0.014360297
       43.823       0.065016213
       44.217       0.145961881
       91.352       0.391351618
       92.721       0.007970021
       93.590       0.018129024
       93.669       0.201282142
       94.575       0.001575523

 PDOS Einstein freq (single pole), associated temp and eff. force constant: 
 Freq (THz)   Temp (K)   Eff. FC (N/m)
  76.210      3657.39     174.4632

 pDOS n Moments, associated Einstein freqs, temps and eff. force constants:
  n     Mom (THz^n)   Freq (THz)     Temp (K)    Eff. FC (N/m)
 -2       0.00672      12.20121       585.55       4.4718
 -1       0.02936      34.06156      1634.64      34.8504
  0       1.00000     ---------     --------
  1      70.61071      70.61071      3388.67     149.7685
  2    5807.97366      76.21006      3657.39     174.4632

 Path Red. Mass (AMU):    0.458216
 Path Length (Ang), s^2 (1e-3 Ang^2):  8.3718  32.3850
--------------------------------------------------------------
 Path Indices:    1   8   7   9
 PDOS Poles:
     Freq. (THz)    Weight
        3.650       0.005547393
        7.803       0.020978938
        9.381       0.002100465
       20.149       0.001770224
       23.381       0.008839816
       29.764       0.010658178
       32.005       0.006228857
       37.751       0.001783204
       41.676       0.000476620
       43.831       0.142222767
       44.217       0.031871500
       91.352       0.757076391
       92.721       0.000218719
       93.590       0.008618826
       93.669       0.000182067
       94.575       0.001426019

 PDOS Einstein freq (single pole), associated temp and eff. force constant: 
 Freq (THz)   Temp (K)   Eff. FC (N/m)
  82.289      3949.13     217.0856

 pDOS n Moments, associated Einstein freqs, temps and eff. force constants:
  n     Mom (THz^n)   Freq (THz)     Temp (K)    Eff. FC (N/m)
 -2       0.00101      31.50902      1512.15      31.8285
 -1       0.01787      55.94673      2684.93     100.3449
  0       1.00000     ---------     --------
  1      78.83215      78.83215      3783.22     199.2291
  2    6771.50368      82.28915      3949.13     217.0856

 Path Red. Mass (AMU):    0.489032
 Path Length (Ang), s^2 (1e-3 Ang^2):  8.3703  18.4720
--------------------------------------------------------------
 Path Indices:    1   8   9   2
 PDOS Poles:
     Freq. (THz)    Weight
        2.471       0.001628843
        8.069       0.053354458
       15.040       0.000187413
       20.719       0.003785129
       23.452       0.023511886
       30.255       0.021218987
       31.826       0.017469566
       37.781       0.028791657
       41.676       0.007165225
       43.820       0.013965627
       44.213       0.013151670
       91.352       0.550741913
       92.721       0.007982303
       93.590       0.129149926
       93.669       0.108824144
       94.575       0.019071237

 PDOS Einstein freq (single pole), associated temp and eff. force constant: 
 Freq (THz)   Temp (K)   Eff. FC (N/m)
  84.158      4038.81     359.5710

 pDOS n Moments, associated Einstein freqs, temps and eff. force constants:
  n     Mom (THz^n)   Freq (THz)     Temp (K)    Eff. FC (N/m)
 -2       0.00131      27.59211      1324.17      38.6513
 -1       0.02013      49.68317      2384.34     125.3178
  0       1.00000     ---------     --------
  1      79.98075      79.98075      3838.35     324.7620
  2    7082.56121      84.15795      4038.81     359.5710

 Path Red. Mass (AMU):    0.774436
 Path Length (Ang), s^2 (1e-3 Ang^2): 10.2987  13.1350
--------------------------------------------------------------
 Path Indices:    1   8   9   3
 PDOS Poles:
     Freq. (THz)    Weight
        3.815       0.010707904
        7.956       0.039276385
       14.114       0.000274031
       20.685       0.005561321
       23.491       0.025725612
       29.905       0.040570407
       31.609       0.017333669
       37.802       0.033392244
       41.682       0.027219782
       43.812       0.012813055
       44.200       0.006833152
       91.352       0.532143603
       92.721       0.006373999
       93.590       0.139328524
       93.669       0.081315522
       94.575       0.021130754

 PDOS Einstein freq (single pole), associated temp and eff. force constant: 
 Freq (THz)   Temp (K)   Eff. FC (N/m)
  82.609      3964.49     383.1358

 pDOS n Moments, associated Einstein freqs, temps and eff. force constants:
  n     Mom (THz^n)   Freq (THz)     Temp (K)    Eff. FC (N/m)
 -2       0.00162      24.83710      1191.95      34.6335
 -1       0.02149      46.53460      2233.24     121.5756
  0       1.00000     ---------     --------
  1      77.95626      77.95626      3741.19     341.1901
  2    6824.30277      82.60934      3964.49     383.1358

 Path Red. Mass (AMU):    0.856418
 Path Length (Ang), s^2 (1e-3 Ang^2):  8.7432  12.6813
--------------------------------------------------------------
 Path Indices:    1   8   9   4
 PDOS Poles:
     Freq. (THz)    Weight
        3.058       0.018973623
        7.504       0.058238765
       13.365       0.000598103
       20.393       0.012893241
       23.479       0.038166725
       29.959       0.038763805
       32.052       0.011217505
       37.833       0.048578467
       41.678       0.034708126
       43.819       0.045596657
       44.164       0.005982248
       91.352       0.402172429
       92.721       0.028762752
       93.590       0.072014557
       93.669       0.062010766
       94.575       0.121322218

 PDOS Einstein freq (single pole), associated temp and eff. force constant: 
 Freq (THz)   Temp (K)   Eff. FC (N/m)
  78.542      3769.29     313.1128

 pDOS n Moments, associated Einstein freqs, temps and eff. force constants:
  n     Mom (THz^n)   Freq (THz)     Temp (K)    Eff. FC (N/m)
 -2       0.00338      17.19493       825.20      15.0072
 -1       0.02863      34.92608      1676.13      61.9154
  0       1.00000     ---------     --------
  1      72.15807      72.15807      3462.93     264.2830
  2    6168.81069      78.54178      3769.29     313.1128

 Path Red. Mass (AMU):    0.774267
 Path Length (Ang), s^2 (1e-3 Ang^2):  9.0955  18.6889
--------------------------------------------------------------
 Path Indices:    1   8   9   5
 PDOS Poles:
     Freq. (THz)    Weight
        4.129       0.016451544
        8.064       0.018486075
       16.623       0.000688159
       20.476       0.014603877
       23.769       0.012835713
       30.001       0.049877016
       31.742       0.023294970
       37.904       0.028001978
       41.618       0.028817311
       41.841       0.011759813
       44.212       0.004340256
       91.352       0.466045833
       92.721       0.033348905
       93.590       0.221857493
       93.669       0.063782569
       94.575       0.005808401

 PDOS Einstein freq (single pole), associated temp and eff. force constant: 
 Freq (THz)   Temp (K)   Eff. FC (N/m)
  83.267      3996.06     408.2619

 pDOS n Moments, associated Einstein freqs, temps and eff. force constants:
  n     Mom (THz^n)   Freq (THz)     Temp (K)    Eff. FC (N/m)
 -2       0.00153      25.60132      1228.63      38.5937
 -1       0.02035      49.13487      2358.03     142.1581
  0       1.00000     ---------     --------
  1      78.96675      78.96675      3789.68     367.1812
  2    6933.40933      83.26710      3996.06     408.2618

 Path Red. Mass (AMU):    0.898221
 Path Length (Ang), s^2 (1e-3 Ang^2):  9.0933  11.4512
--------------------------------------------------------------
 Path Indices:    1   8   9   6
 PDOS Poles:
     Freq. (THz)    Weight
        3.466       0.005044799
        8.012       0.050055100
       12.529       0.001783828
       19.795       0.000677780
       23.350       0.022949806
       30.935       0.019016758
       32.153       0.030767728
       37.756       0.025549788
       41.680       0.001140791
       43.827       0.016242542
       44.217       0.020089384
       91.352       0.524868082
       92.721       0.009326272
       93.590       0.122674302
       93.669       0.132086431
       94.575       0.017726604

 PDOS Einstein freq (single pole), associated temp and eff. force constant: 
 Freq (THz)   Temp (K)   Eff. FC (N/m)
  83.830      4023.08     332.4248

 pDOS n Moments, associated Einstein freqs, temps and eff. force constants:
  n     Mom (THz^n)   Freq (THz)     Temp (K)    Eff. FC (N/m)
 -2       0.00144      26.38100      1266.05      32.9212
 -1       0.02072      48.26806      2316.43     110.2078
  0       1.00000     ---------     --------
  1      79.52252      79.52252      3816.36     299.1390
  2    7027.49544      83.83016      4023.08     332.4247

 Path Red. Mass (AMU):    0.721579
 Path Length (Ang), s^2 (1e-3 Ang^2):  7.6920  14.5105
--------------------------------------------------------------
 Path Indices:    1   8   9   7
 PDOS Poles:
     Freq. (THz)    Weight
        2.681       0.000433654
        4.716       0.001494603
        8.170       0.047172396
       13.087       0.003083782
       20.057       0.006324349
       29.634       0.002884132
       32.199       0.054121115
       38.223       0.000654922
       41.687       0.000697724
       43.816       0.023301329
       44.217       0.067286927
       91.352       0.782252773
       92.721       0.001282729
       93.590       0.000067827
       93.669       0.008941712
       94.575       0.000000023

 PDOS Einstein freq (single pole), associated temp and eff. force constant: 
 Freq (THz)   Temp (K)   Eff. FC (N/m)
  82.834      3975.28     268.8157

 pDOS n Moments, associated Einstein freqs, temps and eff. force constants:
  n     Mom (THz^n)   Freq (THz)     Temp (K)    Eff. FC (N/m)
 -2       0.00107      30.63185      1470.05      36.7606
 -1       0.01934      51.70092      2481.17     104.7207
  0       1.00000     ---------     --------
  1      78.86252      78.86252      3784.68     243.6562
  2    6861.49145      82.83412      3975.28     268.8157

 Path Red. Mass (AMU):    0.597623
 Path Length (Ang), s^2 (1e-3 Ang^2):  8.3689  16.3568
--------------------------------------------------------------
 Path Indices:    1   8   9   8
 PDOS Poles:
     Freq. (THz)    Weight
        2.494       0.003155326
        7.791       0.083503116
       12.647       0.002357561
       20.156       0.005058679
       23.376       0.032913108
       30.652       0.026334693
       32.007       0.031510470
       37.759       0.038205323
       41.680       0.004467991
       43.830       0.068761590
       44.217       0.035478678
       91.352       0.454292986
       92.721       0.005855350
       93.590       0.115459060
       93.669       0.075361285
       94.575       0.017284753

 PDOS Einstein freq (single pole), associated temp and eff. force constant: 
 Freq (THz)   Temp (K)   Eff. FC (N/m)
  77.555      3721.95     205.0778

 pDOS n Moments, associated Einstein freqs, temps and eff. force constants:
  n     Mom (THz^n)   Freq (THz)     Temp (K)    Eff. FC (N/m)
 -2       0.00219      21.36357      1025.26      15.5611
 -1       0.02642      37.85157      1816.53      48.8497
  0       1.00000     ---------     --------
  1      71.12974      71.12974      3413.58     172.5029
  2    6014.84475      77.55543      3721.95     205.0777

 Path Red. Mass (AMU):    0.520098
 Path Length (Ang), s^2 (1e-3 Ang^2):  8.3691  25.6718
--------------------------------------------------------------
 Path Indices:    1   9   1   2
 PDOS Poles:
     Freq. (THz)    Weight
        3.329       0.004308463
        4.739       0.011323393
        8.212       0.014674533
       13.086       0.043419093
       20.057       0.046298742
       29.634       0.184185861
       32.199       0.029968402
       38.223       0.025006641
       41.687       0.098826847
       43.816       0.014881659
       44.217       0.027744697
       91.352       0.184464462
       92.721       0.015254038
       93.590       0.001711773
       93.669       0.297928829
       94.575       0.000002720

 PDOS Einstein freq (single pole), associated temp and eff. force constant: 
 Freq (THz)   Temp (K)   Eff. FC (N/m)
  69.360      3328.65     300.0178

 pDOS n Moments, associated Einstein freqs, temps and eff. force constants:
  n     Mom (THz^n)   Freq (THz)     Temp (K)    Eff. FC (N/m)
 -2       0.00187      23.11355      1109.24      33.3167
 -1       0.02762      36.20864      1737.68      81.7624
  0       1.00000     ---------     --------
  1      61.39568      61.39568      2946.43     235.0740
  2    4810.80841      69.35999      3328.65     300.0179

 Path Red. Mass (AMU):    0.951306
 Path Length (Ang), s^2 (1e-3 Ang^2): 12.7066  14.6721
--------------------------------------------------------------
 Path Indices:    1   9   1   3
 PDOS Poles:
     Freq. (THz)    Weight
        1.870       0.002398557
        4.407       0.064047960
        8.184       0.024938576
       13.104       0.001653564
       20.057       0.115319016
       29.634       0.094957237
       32.199       0.084821978
       38.223       0.001451928
       41.687       0.102244705
       43.816       0.006720066
       44.217       0.026410908
       91.352       0.176368691
       92.721       0.011816616
       93.590       0.001639780
       93.669       0.285207946
       94.575       0.000002555

 PDOS Einstein freq (single pole), associated temp and eff. force constant: 
 Freq (THz)   Temp (K)   Eff. FC (N/m)
  67.494      3239.10     270.0206

 pDOS n Moments, associated Einstein freqs, temps and eff. force constants:
  n     Mom (THz^n)   Freq (THz)     Temp (K)    Eff. FC (N/m)
 -2       0.00497      14.18020       680.52      11.9187
 -1       0.03894      25.68243      1232.52      39.0964
  0       1.00000     ---------     --------
  1      58.22689      58.22689      2794.36     200.9610
  2    4555.46016      67.49415      3239.10     270.0206

 Path Red. Mass (AMU):    0.904182
 Path Length (Ang), s^2 (1e-3 Ang^2): 13.6669  21.7639
--------------------------------------------------------------
 Path Indices:    1   9   1   4
 PDOS Poles:
     Freq. (THz)    Weight
        3.700       0.049960865
        7.099       0.015105590
       15.511       0.001518159
       20.231       0.054485547
       24.942       0.005553016
       31.048       0.112185405
       34.951       0.006075774
       38.083       0.374566607
       41.630       0.047626710
       43.700       0.026580315
       44.122       0.021104243
       91.352       0.096200249
       92.721       0.000796330
       93.590       0.000180833
       93.669       0.177315842
       94.575       0.010744601

 PDOS Einstein freq (single pole), associated temp and eff. force constant: 
 Freq (THz)   Temp (K)   Eff. FC (N/m)
  57.653      2766.81     108.1950

 pDOS n Moments, associated Einstein freqs, temps and eff. force constants:
  n     Mom (THz^n)   Freq (THz)     Temp (K)    Eff. FC (N/m)
 -2       0.00456      14.80583       710.54       7.1356
 -1       0.03757      26.61926      1277.48      23.0652
  0       1.00000     ---------     --------
  1      50.09601      50.09601      2404.15      81.6906
  2    3323.84949      57.65284      2766.81     108.1950

 Path Red. Mass (AMU):    0.496543
 Path Length (Ang), s^2 (1e-3 Ang^2): 13.7599  38.2359
--------------------------------------------------------------
 Path Indices:    1   9   1   5
 PDOS Poles:
     Freq. (THz)    Weight
        3.619       0.049391436
        7.004       0.015768287
       15.416       0.001479571
       20.227       0.054523270
       24.938       0.005552854
       31.043       0.111439751
       34.974       0.006064506
       38.082       0.375481780
       41.629       0.047492694
       43.698       0.026426642
       44.122       0.021095037
       91.352       0.096203710
       92.721       0.000808147
       93.590       0.005929638
       93.669       0.171103390
       94.575       0.011239367

 PDOS Einstein freq (single pole), associated temp and eff. force constant: 
 Freq (THz)   Temp (K)   Eff. FC (N/m)
  57.656      2766.96     108.2062

 pDOS n Moments, associated Einstein freqs, temps and eff. force constants:
  n     Mom (THz^n)   Freq (THz)     Temp (K)    Eff. FC (N/m)
 -2       0.00470      14.57921       699.67       6.9188
 -1       0.03783      26.43458      1268.62      22.7462
  0       1.00000     ---------     --------
  1      50.09483      50.09483      2404.09      81.6866
  2    3324.20020      57.65588      2766.96     108.2062

 Path Red. Mass (AMU):    0.496542
 Path Length (Ang), s^2 (1e-3 Ang^2): 13.7601  38.5031
--------------------------------------------------------------
 Path Indices:    1   9   1   6
 PDOS Poles:
     Freq. (THz)    Weight
        1.419       0.001401507
        4.393       0.042406423
        8.171       0.055389091
       16.086       0.000002787
       20.057       0.070372498
       29.634       0.305961020
       32.199       0.009246476
       38.223       0.029425017
       41.687       0.034518534
       43.816       0.015565754
       44.217       0.024158314
       91.352       0.139781019
       92.721       0.013242173
       93.590       0.001469321
       93.669       0.257057664
       94.575       0.000002485

 PDOS Einstein freq (single pole), associated temp and eff. force constant: 
 Freq (THz)   Temp (K)   Eff. FC (N/m)
  63.560      3050.28     239.4996

 pDOS n Moments, associated Einstein freqs, temps and eff. force constants:
  n     Mom (THz^n)   Freq (THz)     Temp (K)    Eff. FC (N/m)
 -2       0.00436      15.13940       726.55      13.5881
 -1       0.03847      25.99277      1247.42      40.0541
  0       1.00000     ---------     --------
  1      53.94408      53.94408      2588.82     172.5161
  2    4039.82852      63.55965      3050.28     239.4997

 Path Red. Mass (AMU):    0.904343
 Path Length (Ang), s^2 (1e-3 Ang^2): 15.0478  21.5012
--------------------------------------------------------------
 Path Indices:    1   9   1   7
 PDOS Poles:
     Freq. (THz)    Weight
        3.530       0.016052216
        7.909       0.073114856
       12.953       0.002280281
       20.418       0.010381459
       23.445       0.047782268
       29.840       0.074581130
       31.859       0.032775863
       37.802       0.034450773
       41.687       0.289772568
       43.826       0.082423290
       44.200       0.008714424
       91.352       0.210436713
       92.721       0.004401817
       93.590       0.022539382
       93.669       0.084837678
       94.575       0.005455291

 PDOS Einstein freq (single pole), associated temp and eff. force constant: 
 Freq (THz)   Temp (K)   Eff. FC (N/m)
  60.400      2898.63     118.7480

 pDOS n Moments, associated Einstein freqs, temps and eff. force constants:
  n     Mom (THz^n)   Freq (THz)     Temp (K)    Eff. FC (N/m)
 -2       0.00298      18.33324       879.83      10.9405
 -1       0.03354      29.81682      1430.94      28.9389
  0       1.00000     ---------     --------
  1      52.84983      52.84983      2536.31      90.9173
  2    3648.10194      60.39952      2898.63     118.7480

 Path Red. Mass (AMU):    0.496536
 Path Length (Ang), s^2 (1e-3 Ang^2): 15.3681  34.1360
--------------------------------------------------------------
 Path Indices:    1   9   1   8
 PDOS Poles:
     Freq. (THz)    Weight
        3.629       0.015992935
        7.920       0.073089816
       13.028       0.002226454
       20.426       0.010527473
       23.448       0.047601007
       29.838       0.074755405
       31.866       0.032403206
       37.803       0.034252603
       41.687       0.289271433
       43.828       0.081875254
       44.202       0.009838170
       91.352       0.210548614
       92.721       0.004468092
       93.590       0.037368658
       93.669       0.070512567
       94.575       0.005268304

 PDOS Einstein freq (single pole), associated temp and eff. force constant: 
 Freq (THz)   Temp (K)   Eff. FC (N/m)
  60.431      2900.14     118.8721

 pDOS n Moments, associated Einstein freqs, temps and eff. force constants:
  n     Mom (THz^n)   Freq (THz)     Temp (K)    Eff. FC (N/m)
 -2       0.00290      18.57920       891.63      11.2360
 -1       0.03337      29.96679      1438.13      29.2307
  0       1.00000     ---------     --------
  1      52.88584      52.88584      2538.04      91.0413
  2    3651.91287      60.43106      2900.14     118.8721

 Path Red. Mass (AMU):    0.496536
 Path Length (Ang), s^2 (1e-3 Ang^2): 15.3697  33.9652
--------------------------------------------------------------
 Path Indices:    1   9   1   9
 PDOS Poles:
     Freq. (THz)    Weight
        3.002       0.003036419
        4.515       0.023318383
        8.224       0.008672466
       13.095       0.003654048
       20.057       0.054625071
       29.634       0.192803720
       32.199       0.033612133
       38.223       0.024758997
       41.687       0.101290336
       43.816       0.015319849
       44.217       0.028377070
       91.352       0.188657474
       92.721       0.015536793
       93.590       0.001750084
       93.669       0.304584487
       94.575       0.000002788

 PDOS Einstein freq (single pole), associated temp and eff. force constant: 
 Freq (THz)   Temp (K)   Eff. FC (N/m)
  70.147      3366.43     160.0999

 pDOS n Moments, associated Einstein freqs, temps and eff. force constants:
  n     Mom (THz^n)   Freq (THz)     Temp (K)    Eff. FC (N/m)
 -2       0.00218      21.44128      1028.99      14.9579
 -1       0.02736      36.55601      1754.36      43.4797
  0       1.00000     ---------     --------
  1      62.58893      62.58893      3003.70     127.4571
  2    4920.64398      70.14730      3366.43     160.0999

 Path Red. Mass (AMU):    0.496318
 Path Length (Ang), s^2 (1e-3 Ang^2): 15.8110  27.8552
--------------------------------------------------------------
 Path Indices:    1   9   2   3
 PDOS Poles:
     Freq. (THz)    Weight
        2.392       0.001241033
        4.451       0.017824925
        8.176       0.030531218
       13.115       0.000560845
       20.057       0.181701897
       29.634       0.057795239
       32.199       0.041025699
       38.222       0.000804292
       41.687       0.056884149
       43.816       0.006057614
       44.217       0.010728079
       91.352       0.221848235
       92.721       0.021062251
       93.590       0.002009523
       93.669       0.349921888
       94.575       0.000003281

 PDOS Einstein freq (single pole), associated temp and eff. force constant: 
 Freq (THz)   Temp (K)   Eff. FC (N/m)
  73.633      3533.69     328.6972

 pDOS n Moments, associated Einstein freqs, temps and eff. force constants:
  n     Mom (THz^n)   Freq (THz)     Temp (K)    Eff. FC (N/m)
 -2       0.00224      21.10730      1012.96      27.0098
 -1       0.02876      34.76675      1668.49      73.2797
  0       1.00000     ---------     --------
  1      65.34373      65.34373      3135.90     258.8589
  2    5421.76536      73.63264      3533.69     328.6973

 Path Red. Mass (AMU):    0.924797
 Path Length (Ang), s^2 (1e-3 Ang^2): 10.8044  15.7186
--------------------------------------------------------------
 Path Indices:    1   9   2   4
 PDOS Poles:
     Freq. (THz)    Weight
        3.772       0.015746009
        7.794       0.012701336
       12.766       0.000358018
       20.065       0.083090482
       28.644       0.002786450
       31.062       0.111324332
       36.486       0.005773666
       38.125       0.270531932
       41.649       0.026704489
       43.589       0.003453143
       44.200       0.017652404
       91.352       0.130348601
       92.721       0.015428758
       93.590       0.002539838
       93.669       0.258355175
       94.575       0.043205491

 PDOS Einstein freq (single pole), associated temp and eff. force constant: 
 Freq (THz)   Temp (K)   Eff. FC (N/m)
  67.293      3229.46     158.8373

 pDOS n Moments, associated Einstein freqs, temps and eff. force constants:
  n     Mom (THz^n)   Freq (THz)     Temp (K)    Eff. FC (N/m)
 -2       0.00191      22.87056      1097.58      18.3469
 -1       0.02686      37.22483      1786.45      48.6043
  0       1.00000     ---------     --------
  1      59.79757      59.79757      2869.74     125.4227
  2    4528.38656      67.29329      3229.46     158.8373

 Path Red. Mass (AMU):    0.535057
 Path Length (Ang), s^2 (1e-3 Ang^2): 11.3887  25.3742
--------------------------------------------------------------
 Path Indices:    1   9   2   5
 PDOS Poles:
     Freq. (THz)    Weight
        3.692       0.015643297
        7.747       0.012821507
       12.547       0.000406292
       20.065       0.083218981
       28.609       0.002726998
       31.058       0.110441341
       36.500       0.005884717
       38.124       0.271222082
       41.648       0.026612608
       43.583       0.003391344
       44.200       0.017751620
       91.352       0.130351974
       92.721       0.015489338
       93.590       0.016083337
       93.669       0.243680807
       94.575       0.044273868

 PDOS Einstein freq (single pole), associated temp and eff. force constant: 
 Freq (THz)   Temp (K)   Eff. FC (N/m)
  67.294      3229.51     158.8395

 pDOS n Moments, associated Einstein freqs, temps and eff. force constants:
  n     Mom (THz^n)   Freq (THz)     Temp (K)    Eff. FC (N/m)
 -2       0.00196      22.60240      1084.71      17.9189
 -1       0.02695      37.10257      1780.58      48.2847
  0       1.00000     ---------     --------
  1      59.79765      59.79765      2869.74     125.4209
  2    4528.52829      67.29434      3229.51     158.8395

 Path Red. Mass (AMU):    0.535048
 Path Length (Ang), s^2 (1e-3 Ang^2): 11.3884  25.4582
--------------------------------------------------------------
 Path Indices:    1   9   2   6
 PDOS Poles:
     Freq. (THz)    Weight
        2.481       0.000975055
        4.501       0.008707416
        8.170       0.081585919
       13.086       0.013158944
       20.057       0.092288739
       29.634       0.227363308
       32.199       0.007755508
       38.223       0.026957188
       41.687       0.013753756
       43.816       0.008752719
       44.217       0.011188490
       91.352       0.182492415
       92.721       0.015949794
       93.590       0.001755336
       93.669       0.307312567
       94.575       0.000003000

 PDOS Einstein freq (single pole), associated temp and eff. force constant: 
 Freq (THz)   Temp (K)   Eff. FC (N/m)
  68.749      3299.34     284.0593

 pDOS n Moments, associated Einstein freqs, temps and eff. force constants:
  n     Mom (THz^n)   Freq (THz)     Temp (K)    Eff. FC (N/m)
 -2       0.00248      20.08600       963.94      24.2471
 -1       0.03279      30.49662      1463.56      55.8954
  0       1.00000     ---------     --------
  1      59.30100      59.30100      2845.91     211.3474
  2    4726.46309      68.74928      3299.34     284.0594

 Path Red. Mass (AMU):    0.916778
 Path Length (Ang), s^2 (1e-3 Ang^2): 11.6857  18.0763
--------------------------------------------------------------
 Path Indices:    1   9   2   7
 PDOS Poles:
     Freq. (THz)    Weight
        4.065       0.004334719
        7.939       0.102486665
       13.083       0.018441446
       20.238       0.013632218
       23.428       0.038976115
       29.920       0.044177972
       31.956       0.034607282
       37.780       0.026162627
       41.687       0.222470121
       43.828       0.095419308
       44.211       0.012348577
       91.352       0.240558682
       92.721       0.006052945
       93.590       0.018895376
       93.669       0.116492166
       94.575       0.004943810

 PDOS Einstein freq (single pole), associated temp and eff. force constant: 
 Freq (THz)   Temp (K)   Eff. FC (N/m)
  63.516      3048.19     133.4059

 pDOS n Moments, associated Einstein freqs, temps and eff. force constants:
  n     Mom (THz^n)   Freq (THz)     Temp (K)    Eff. FC (N/m)
 -2       0.00243      20.27917       973.21      13.5990
 -1       0.03296      30.33567      1455.84      30.4309
  0       1.00000     ---------     --------
  1      55.36414      55.36414      2656.97     101.3597
  2    4034.28626      63.51603      3048.19     133.4059

 Path Red. Mass (AMU):    0.504428
 Path Length (Ang), s^2 (1e-3 Ang^2): 11.8772  33.0272
--------------------------------------------------------------
 Path Indices:    1   9   2   8
 PDOS Poles:
     Freq. (THz)    Weight
        4.219       0.004358358
        7.947       0.102033127
       13.089       0.018517018
       20.241       0.013778367
       23.429       0.038881262
       29.916       0.044153767
       31.961       0.034278691
       37.780       0.025962952
       41.687       0.221863101
       43.830       0.094670555
       44.212       0.013862966
       91.352       0.240923804
       92.721       0.006121599
       93.590       0.035543482
       93.669       0.100315278
       94.575       0.004735701

 PDOS Einstein freq (single pole), associated temp and eff. force constant: 
 Freq (THz)   Temp (K)   Eff. FC (N/m)
  63.560      3050.28     133.5937

 pDOS n Moments, associated Einstein freqs, temps and eff. force constants:
  n     Mom (THz^n)   Freq (THz)     Temp (K)    Eff. FC (N/m)
 -2       0.00240      20.39670       978.86      13.7577
 -1       0.03286      30.42991      1460.36      30.6215
  0       1.00000     ---------     --------
  1      55.41722      55.41722      2659.52     101.5580
  2    4039.81285      63.55952      3050.28     133.5937

 Path Red. Mass (AMU):    0.504448
 Path Length (Ang), s^2 (1e-3 Ang^2): 11.8802  32.9236
--------------------------------------------------------------
 Path Indices:    1   9   2   9
 PDOS Poles:
     Freq. (THz)    Weight
        3.964       0.002701232
        6.005       0.001224865
        8.193       0.019936037
       13.094       0.002582894
       20.057       0.076979580
       29.634       0.129235069
       32.199       0.022920836
       38.223       0.020197758
       41.687       0.056868591
       43.816       0.009098127
       44.217       0.015725386
       91.352       0.239014608
       92.721       0.019597054
       93.590       0.002192927
       93.669       0.381721713
       94.575       0.000003508

 PDOS Einstein freq (single pole), associated temp and eff. force constant: 
 Freq (THz)   Temp (K)   Eff. FC (N/m)
  76.669      3679.42     195.1963

 pDOS n Moments, associated Einstein freqs, temps and eff. force constants:
  n     Mom (THz^n)   Freq (THz)     Temp (K)    Eff. FC (N/m)
 -2       0.00101      31.42570      1508.15      32.7944
 -1       0.02181      45.85232      2200.49      69.8156
  0       1.00000     ---------     --------
  1      70.17629      70.17629      3367.82     163.5350
  2    5878.16270      76.66918      3679.42     195.1963

 Path Red. Mass (AMU):    0.506549
 Path Length (Ang), s^2 (1e-3 Ang^2): 12.6696  21.7592
--------------------------------------------------------------
 Path Indices:    1   9   3   2
 PDOS Poles:
     Freq. (THz)    Weight
        3.626       0.002998597
        4.975       0.003884241
        8.220       0.007315516
       13.087       0.018478016
       20.057       0.097756496
       29.634       0.191290261
       32.199       0.013817409
       38.223       0.027297999
       41.687       0.097272584
       43.816       0.021455153
       44.217       0.022437162
       91.352       0.182714567
       92.721       0.021252755
       93.590       0.001668852
       93.669       0.290357574
       94.575       0.000002952

 PDOS Einstein freq (single pole), associated temp and eff. force constant: 
 Freq (THz)   Temp (K)   Eff. FC (N/m)
  69.204      3321.14     304.9267

 pDOS n Moments, associated Einstein freqs, temps and eff. force constants:
  n     Mom (THz^n)   Freq (THz)     Temp (K)    Eff. FC (N/m)
 -2       0.00123      28.50981      1368.21      51.7521
 -1       0.02506      39.90507      1915.08     101.3900
  0       1.00000     ---------     --------
  1      61.45301      61.45301      2949.18     240.4504
  2    4789.12683      69.20352      3321.14     304.9267

 Path Red. Mass (AMU):    0.971249
 Path Length (Ang), s^2 (1e-3 Ang^2):  9.2489  13.0397
--------------------------------------------------------------
 Path Indices:    1   9   3   4
 PDOS Poles:
     Freq. (THz)    Weight
        3.871       0.021481310
        7.627       0.005162971
       14.217       0.002017057
       20.205       0.030089545
       27.729       0.008451838
       30.159       0.094211384
       33.071       0.007579963
       38.134       0.186940576
       41.665       0.056629345
       43.745       0.021596213
       44.181       0.020528253
       91.352       0.116348766
       92.721       0.055784007
       93.590       0.009407043
       93.669       0.260497629
       94.575       0.103274230

 PDOS Einstein freq (single pole), associated temp and eff. force constant: 
 Freq (THz)   Temp (K)   Eff. FC (N/m)
  72.853      3496.28     208.8124

 pDOS n Moments, associated Einstein freqs, temps and eff. force constants:
  n     Mom (THz^n)   Freq (THz)     Temp (K)    Eff. FC (N/m)
 -2       0.00197      22.51359      1080.45      19.9411
 -1       0.02458      40.67825      1952.18      65.1005
  0       1.00000     ---------     --------
  1      66.27452      66.27452      3180.57     172.8038
  2    5307.57685      72.85312      3496.28     208.8124

 Path Red. Mass (AMU):    0.600138
 Path Length (Ang), s^2 (1e-3 Ang^2):  8.5037  20.7019
--------------------------------------------------------------
 Path Indices:    1   9   3   5
 PDOS Poles:
     Freq. (THz)    Weight
        3.799       0.021249937
        7.501       0.005391113
       14.168       0.002011244
       20.201       0.030085999
       27.753       0.008575621
       30.158       0.094012935
       33.108       0.007311287
       38.132       0.187354126
       41.665       0.056542121
       43.744       0.021494496
       44.181       0.020587302
       91.352       0.116340594
       92.721       0.055983595
       93.590       0.030079451
       93.669       0.238147153
       94.575       0.104833132

 PDOS Einstein freq (single pole), associated temp and eff. force constant: 
 Freq (THz)   Temp (K)   Eff. FC (N/m)
  72.857      3496.46     208.8090

 pDOS n Moments, associated Einstein freqs, temps and eff. force constants:
  n     Mom (THz^n)   Freq (THz)     Temp (K)    Eff. FC (N/m)
 -2       0.00202      22.25393      1067.99      19.4815
 -1       0.02467      40.53777      1945.44      64.6441
  0       1.00000     ---------     --------
  1      66.27811      66.27811      3180.74     172.8024
  2    5308.10805      72.85676      3496.46     208.8090

 Path Red. Mass (AMU):    0.600068
 Path Length (Ang), s^2 (1e-3 Ang^2):  8.5037  20.7761
--------------------------------------------------------------
 Path Indices:    1   9   3   6
 PDOS Poles:
     Freq. (THz)    Weight
        2.722       0.001455129
        4.482       0.015251822
        8.184       0.016299203
       13.100       0.001237873
       20.057       0.035910421
       29.634       0.392520498
       32.199       0.003144531
       38.223       0.062822880
       41.687       0.027430660
       43.816       0.029176043
       44.217       0.021234157
       91.352       0.127366997
       92.721       0.019157896
       93.590       0.001405291
       93.669       0.245584102
       94.575       0.000002600

 PDOS Einstein freq (single pole), associated temp and eff. force constant: 
 Freq (THz)   Temp (K)   Eff. FC (N/m)
  63.211      3033.57     224.6059

 pDOS n Moments, associated Einstein freqs, temps and eff. force constants:
  n     Mom (THz^n)   Freq (THz)     Temp (K)    Eff. FC (N/m)
 -2       0.00188      23.08833      1108.03      29.9651
 -1       0.02884      34.67102      1663.89      67.5716
  0       1.00000     ---------     --------
  1      54.98444      54.98444      2638.75     169.9458
  2    3995.67719      63.21137      3033.57     224.6060

 Path Red. Mass (AMU):    0.857476
 Path Length (Ang), s^2 (1e-3 Ang^2):  8.9290  16.9995
--------------------------------------------------------------
 Path Indices:    1   9   3   7
 PDOS Poles:
     Freq. (THz)    Weight
        3.776       0.006776184
        7.971       0.022690146
       19.300       0.003423608
       22.962       0.034687882
       25.684       0.007461743
       29.874       0.133099353
       32.158       0.047291238
       37.918       0.051072295
       41.685       0.228691640
       43.805       0.049694162
       44.068       0.007202804
       91.352       0.277570318
       92.721       0.006045801
       93.590       0.052020800
       93.669       0.058187506
       94.575       0.014084506

 PDOS Einstein freq (single pole), associated temp and eff. force constant: 
 Freq (THz)   Temp (K)   Eff. FC (N/m)
  65.072      3122.87     138.4705

 pDOS n Moments, associated Einstein freqs, temps and eff. force constants:
  n     Mom (THz^n)   Freq (THz)     Temp (K)    Eff. FC (N/m)
 -2       0.00136      27.13228      1302.10      24.0735
 -1       0.02511      39.83048      1911.50      51.8797
  0       1.00000     ---------     --------
  1      58.28968      58.28968      2797.37     111.1092
  2    4234.38685      65.07217      3122.87     138.4704

 Path Red. Mass (AMU):    0.498836
 Path Length (Ang), s^2 (1e-3 Ang^2):  9.5786  25.4362
--------------------------------------------------------------
 Path Indices:    1   9   3   8
 PDOS Poles:
     Freq. (THz)    Weight
        3.857       0.006772181
        7.978       0.022717559
       19.398       0.003713400
       23.020       0.035461483
       26.023       0.006747026
       29.881       0.133358456
       32.171       0.046522333
       37.920       0.050971661
       41.685       0.228384200
       43.811       0.050254940
       44.094       0.006868516
       91.352       0.277224772
       92.721       0.006165164
       93.590       0.069049492
       93.669       0.041956963
       94.575       0.013831816

 PDOS Einstein freq (single pole), associated temp and eff. force constant: 
 Freq (THz)   Temp (K)   Eff. FC (N/m)
  65.089      3123.70     138.5297

 pDOS n Moments, associated Einstein freqs, temps and eff. force constants:
  n     Mom (THz^n)   Freq (THz)     Temp (K)    Eff. FC (N/m)
 -2       0.00134      27.34007      1312.07      24.4412
 -1       0.02506      39.90057      1914.86      52.0572
  0       1.00000     ---------     --------
  1      58.30768      58.30768      2798.24     111.1665
  2    4236.62828      65.08939      3123.70     138.5297

 Path Red. Mass (AMU):    0.498785
 Path Length (Ang), s^2 (1e-3 Ang^2):  9.5787  25.3940
--------------------------------------------------------------
 Path Indices:    1   9   3   9
 PDOS Poles:
     Freq. (THz)    Weight
        4.126       0.002650962
        6.397       0.000654348
        9.317       0.000237357
       13.090       0.005908492
       20.057       0.013054161
       29.634       0.291837763
       32.199       0.003790679
       38.223       0.070469574
       41.687       0.087510910
       43.816       0.024990742
       44.217       0.026481664
       91.352       0.173604526
       92.721       0.017467610
       93.590       0.001610126
       93.669       0.279728262
       94.575       0.000002960

 PDOS Einstein freq (single pole), associated temp and eff. force constant: 
 Freq (THz)   Temp (K)   Eff. FC (N/m)
  68.474      3286.14     147.5782

 pDOS n Moments, associated Einstein freqs, temps and eff. force constants:
  n     Mom (THz^n)   Freq (THz)     Temp (K)    Eff. FC (N/m)
 -2       0.00076      36.33619      1743.81      41.5572
 -1       0.02204      45.36642      2177.17      64.7793
  0       1.00000     ---------     --------
  1      61.56605      61.56605      2954.61     119.3026
  2    4688.72759      68.47428      3286.14     147.5783

 Path Red. Mass (AMU):    0.480130
 Path Length (Ang), s^2 (1e-3 Ang^2):  9.5586  23.2023
--------------------------------------------------------------
 Path Indices:    1   9   4   2
 PDOS Poles:
     Freq. (THz)    Weight
        4.310       0.006111416
        7.622       0.011717232
       13.127       0.022384040
       20.080       0.088056002
       23.427       0.027019607
       29.646       0.176596385
       32.336       0.008363380
       38.066       0.015545070
       41.685       0.087573267
       43.814       0.014463006
       44.215       0.045864638
       91.352       0.097285124
       92.721       0.063736992
       93.590       0.008841546
       93.669       0.226031893
       94.575       0.100410508

 PDOS Einstein freq (single pole), associated temp and eff. force constant: 
 Freq (THz)   Temp (K)   Eff. FC (N/m)
  69.495      3335.15     225.8697

 pDOS n Moments, associated Einstein freqs, temps and eff. force constants:
  n     Mom (THz^n)   Freq (THz)     Temp (K)    Eff. FC (N/m)
 -2       0.00129      27.88232      1338.10      36.3582
 -1       0.02561      39.04327      1873.72      71.2914
  0       1.00000     ---------     --------
  1      61.51330      61.51330      2952.08     176.9631
  2    4829.62332      69.49549      3335.15     225.8697

 Path Red. Mass (AMU):    0.713405
 Path Length (Ang), s^2 (1e-3 Ang^2): 10.1854  18.1444
--------------------------------------------------------------
 Path Indices:    1   9   4   3
 PDOS Poles:
     Freq. (THz)    Weight
        4.345       0.016314135
        7.935       0.009649727
       13.693       0.004053786
       20.153       0.053693116
       24.390       0.005562486
       29.716       0.178443614
       32.128       0.039769279
       37.901       0.033523932
       41.683       0.076295899
       43.785       0.011697220
       44.208       0.023916532
       91.352       0.078843259
       92.721       0.105791062
       93.590       0.015032971
       93.669       0.201766809
       94.575       0.145646269

 PDOS Einstein freq (single pole), associated temp and eff. force constant: 
 Freq (THz)   Temp (K)   Eff. FC (N/m)
  72.439      3476.42     195.9233

 pDOS n Moments, associated Einstein freqs, temps and eff. force constants:
  n     Mom (THz^n)   Freq (THz)     Temp (K)    Eff. FC (N/m)
 -2       0.00157      25.24127      1211.35      23.7882
 -1       0.02478      40.34871      1936.37      60.7853
  0       1.00000     ---------     --------
  1      65.11349      65.11349      3124.85     158.3001
  2    5247.43312      72.43917      3476.42     195.9233

 Path Red. Mass (AMU):    0.569548
 Path Length (Ang), s^2 (1e-3 Ang^2):  8.8560  21.9920
--------------------------------------------------------------
 Path Indices:    1   9   4   5
 PDOS Poles:
     Freq. (THz)    Weight
        3.795       0.016788526
        7.460       0.006288214
       13.974       0.003237791
       20.243       0.043122307
       24.174       0.010909257
       29.948       0.117385548
       31.674       0.050779637
       37.807       0.102250532
       41.677       0.056654113
       43.538       0.004007940
       43.825       0.118397025
       91.352       0.062141156
       92.721       0.223530510
       93.590       0.000125431
       93.669       0.180850534
       94.575       0.003531547

 PDOS Einstein freq (single pole), associated temp and eff. force constant: 
 Freq (THz)   Temp (K)   Eff. FC (N/m)
  68.708      3297.37     136.8216

 pDOS n Moments, associated Einstein freqs, temps and eff. force constants:
  n     Mom (THz^n)   Freq (THz)     Temp (K)    Eff. FC (N/m)
 -2       0.00182      23.42009      1123.95      15.8970
 -1       0.02552      39.18330      1880.44      44.4979
  0       1.00000     ---------     --------
  1      61.69502      61.69502      2960.80     110.3159
  2    4720.81350      68.70818      3297.37     136.8216

 Path Red. Mass (AMU):    0.442109
 Path Length (Ang), s^2 (1e-3 Ang^2):  9.5381  29.1739
--------------------------------------------------------------
 Path Indices:    1   9   4   6
 PDOS Poles:
     Freq. (THz)    Weight
        4.500       0.012056823
        8.309       0.011259405
       15.318       0.003352483
       20.400       0.052239704
       24.004       0.024262743
       29.709       0.346923015
       32.402       0.007581252
       37.867       0.112334235
       41.655       0.029022002
       43.717       0.009658818
       44.202       0.033468398
       91.352       0.053789012
       92.721       0.053028047
       93.590       0.005362354
       93.669       0.162257649
       94.575       0.083404139

 PDOS Einstein freq (single pole), associated temp and eff. force constant: 
 Freq (THz)   Temp (K)   Eff. FC (N/m)
  61.387      2946.01     125.2544

 pDOS n Moments, associated Einstein freqs, temps and eff. force constants:
  n     Mom (THz^n)   Freq (THz)     Temp (K)    Eff. FC (N/m)
 -2       0.00150      25.82951      1239.58      22.1756
 -1       0.02821      35.44909      1701.23      41.7689
  0       1.00000     ---------     --------
  1      53.18270      53.18270      2552.28      94.0121
  2    3768.33918      61.38680      2946.01     125.2544

 Path Red. Mass (AMU):    0.507031
 Path Length (Ang), s^2 (1e-3 Ang^2):  9.9266  28.1181
--------------------------------------------------------------
 Path Indices:    1   9   4   7
 PDOS Poles:
     Freq. (THz)    Weight
        3.702       0.005237117
        8.071       0.009321159
       14.184       0.000481339
       20.118       0.015355706
       29.559       0.124599149
       30.873       0.019029626
       34.058       0.003068703
       37.833       0.139468297
       41.684       0.167973113
       43.819       0.066004239
       44.180       0.011750505
       91.352       0.190472486
       92.721       0.063903796
       93.590       0.110451637
       93.669       0.045644958
       94.575       0.027238131

 PDOS Einstein freq (single pole), associated temp and eff. force constant: 
 Freq (THz)   Temp (K)   Eff. FC (N/m)
  67.299      3229.75     108.8194

 pDOS n Moments, associated Einstein freqs, temps and eff. force constants:
  n     Mom (THz^n)   Freq (THz)     Temp (K)    Eff. FC (N/m)
 -2       0.00102      31.36831      1505.39      23.6411
 -1       0.02251      44.43192      2132.33      47.4324
  0       1.00000     ---------     --------
  1      60.98911      60.98911      2926.92      89.3695
  2    4529.20283      67.29935      3229.75     108.8194

 Path Red. Mass (AMU):    0.366502
 Path Length (Ang), s^2 (1e-3 Ang^2): 10.8382  31.0351
--------------------------------------------------------------
 Path Indices:    1   9   4   8
 PDOS Poles:
     Freq. (THz)    Weight
        3.933       0.005657218
        7.948       0.013778545
       16.928       0.001447967
       20.771       0.020515981
       23.424       0.156121473
       29.783       0.181471506
       31.573       0.061310913
       38.123       0.025215781
       41.686       0.206113225
       43.802       0.028063676
       44.184       0.006284981
       91.352       0.138444924
       92.721       0.027057237
       93.590       0.011721718
       93.669       0.044615393
       94.575       0.072179467

 PDOS Einstein freq (single pole), associated temp and eff. force constant: 
 Freq (THz)   Temp (K)   Eff. FC (N/m)
  57.503      2759.61      79.8429

 pDOS n Moments, associated Einstein freqs, temps and eff. force constants:
  n     Mom (THz^n)   Freq (THz)     Temp (K)    Eff. FC (N/m)
 -2       0.00138      26.96670      1294.16      17.5595
 -1       0.02851      35.08006      1683.52      29.7151
  0       1.00000     ---------     --------
  1      49.89860      49.89860      2394.68      60.1220
  2    3306.58410      57.50291      2759.61      79.8429

 Path Red. Mass (AMU):    0.368339
 Path Length (Ang), s^2 (1e-3 Ang^2): 10.2753  39.1126
--------------------------------------------------------------
 Path Indices:    1   9   4   9
 PDOS Poles:
     Freq. (THz)    Weight
        5.444       0.004350383
        9.390       0.005993125
       14.731       0.006331436
       20.709       0.036325811
       25.145       0.014426646
       29.824       0.325789678
       32.224       0.031437954
       37.922       0.155280472
       41.662       0.068181490
       43.642       0.009384354
       44.184       0.025153912
       91.352       0.070320724
       92.721       0.031567682
       93.590       0.004204406
       93.669       0.156180226
       94.575       0.055071772

 PDOS Einstein freq (single pole), associated temp and eff. force constant: 
 Freq (THz)   Temp (K)   Eff. FC (N/m)
  59.294      2845.55      79.7208

 pDOS n Moments, associated Einstein freqs, temps and eff. force constants:
  n     Mom (THz^n)   Freq (THz)     Temp (K)    Eff. FC (N/m)
 -2       0.00095      32.45099      1557.35      23.8787
 -1       0.02601      38.43971      1844.76      33.5055
  0       1.00000     ---------     --------
  1      51.84979      51.84979      2488.32      60.9606
  2    3515.73443      59.29363      2845.55      79.7208

 Path Red. Mass (AMU):    0.345897
 Path Length (Ang), s^2 (1e-3 Ang^2): 10.2632  38.0100
--------------------------------------------------------------
 Path Indices:    1   9   5   2
 PDOS Poles:
     Freq. (THz)    Weight
        4.318       0.006178468
        7.624       0.011483420
       13.127       0.022486234
       20.080       0.088204539
       23.424       0.027500794
       29.646       0.176810331
       32.337       0.008293107
       38.069       0.015514990
       41.685       0.087757461
       43.814       0.013453480
       44.215       0.047092048
       91.352       0.097106167
       92.721       0.063749408
       93.590       0.027230090
       93.669       0.205660206
       94.575       0.101479348

 PDOS Einstein freq (single pole), associated temp and eff. force constant: 
 Freq (THz)   Temp (K)   Eff. FC (N/m)
  69.436      3332.27     225.5447

 pDOS n Moments, associated Einstein freqs, temps and eff. force constants:
  n     Mom (THz^n)   Freq (THz)     Temp (K)    Eff. FC (N/m)
 -2       0.00129      27.87811      1337.90      36.3576
 -1       0.02563      39.01327      1872.28      71.2021
  0       1.00000     ---------     --------
  1      61.44669      61.44669      2948.88     176.6303
  2    4821.30266      69.43560      3332.28     225.5448

 Path Red. Mass (AMU):    0.713608
 Path Length (Ang), s^2 (1e-3 Ang^2): 10.1831  18.1532
--------------------------------------------------------------
 Path Indices:    1   9   5   3
 PDOS Poles:
     Freq. (THz)    Weight
        4.347       0.016410522
        7.944       0.009496167
       13.691       0.004105797
       20.154       0.053744402
       24.357       0.005774571
       29.716       0.178522361
       32.127       0.040147018
       37.901       0.033404221
       41.683       0.076521621
       43.786       0.011074467
       44.208       0.024616399
       91.352       0.078704183
       92.721       0.105933257
       93.590       0.035899537
       93.669       0.178870682
       94.575       0.146774870

 PDOS Einstein freq (single pole), associated temp and eff. force constant: 
 Freq (THz)   Temp (K)   Eff. FC (N/m)
  72.391      3474.11     195.7312

 pDOS n Moments, associated Einstein freqs, temps and eff. force constants:
  n     Mom (THz^n)   Freq (THz)     Temp (K)    Eff. FC (N/m)
 -2       0.00157      25.22018      1210.34      23.7567
 -1       0.02481      40.31051      1934.54      60.6913
  0       1.00000     ---------     --------
  1      65.05806      65.05806      3122.19     158.0855
  2    5240.46921      72.39109      3474.11     195.7312

 Path Red. Mass (AMU):    0.569746
 Path Length (Ang), s^2 (1e-3 Ang^2):  8.8538  22.0052
--------------------------------------------------------------
 Path Indices:    1   9   5   4
 PDOS Poles:
     Freq. (THz)    Weight
        3.865       0.017048745
        7.539       0.005994461
       13.982       0.003286279
       20.245       0.043155387
       24.160       0.011132794
       29.949       0.117324414
       31.679       0.051138824
       37.807       0.101640647
       41.676       0.056873302
       43.420       0.002262145
       43.825       0.120569122
       91.352       0.062035433
       92.721       0.223411806
       93.590       0.002919090
       93.669       0.177539405
       94.575       0.003668239

 PDOS Einstein freq (single pole), associated temp and eff. force constant: 
 Freq (THz)   Temp (K)   Eff. FC (N/m)
  68.676      3295.82     136.7545

 pDOS n Moments, associated Einstein freqs, temps and eff. force constants:
  n     Mom (THz^n)   Freq (THz)     Temp (K)    Eff. FC (N/m)
 -2       0.00179      23.62499      1133.78      16.1836
 -1       0.02548      39.25375      1883.82      44.6781
  0       1.00000     ---------     --------
  1      61.66073      61.66073      2959.15     110.2426
  2    4716.38694      68.67596      3295.82     136.7545

 Path Red. Mass (AMU):    0.442307
 Path Length (Ang), s^2 (1e-3 Ang^2):  9.5360  29.1085
--------------------------------------------------------------
 Path Indices:    1   9   5   6
 PDOS Poles:
     Freq. (THz)    Weight
        4.498       0.012114138
        8.319       0.011110749
       15.305       0.003371198
       20.401       0.052318076
       23.994       0.024734432
       29.709       0.346898555
       32.377       0.007862232
       37.866       0.112313416
       41.655       0.029167714
       43.709       0.008991194
       44.203       0.034099353
       91.352       0.053672233
       92.721       0.053052569
       93.590       0.017787448
       93.669       0.148289684
       94.575       0.084217075

 PDOS Einstein freq (single pole), associated temp and eff. force constant: 
 Freq (THz)   Temp (K)   Eff. FC (N/m)
  61.334      2943.47     125.0362

 pDOS n Moments, associated Einstein freqs, temps and eff. force constants:
  n     Mom (THz^n)   Freq (THz)     Temp (K)    Eff. FC (N/m)
 -2       0.00150      25.81032      1238.66      22.1422
 -1       0.02823      35.42278      1699.97      41.7060
  0       1.00000     ---------     --------
  1      53.12996      53.12996      2549.75      93.8237
  2    3761.85623      61.33397      2943.47     125.0362

 Path Red. Mass (AMU):    0.507020
 Path Length (Ang), s^2 (1e-3 Ang^2):  9.9243  28.1396
--------------------------------------------------------------
 Path Indices:    1   9   5   7
 PDOS Poles:
     Freq. (THz)    Weight
        3.846       0.005637449
        7.936       0.013718035
       16.870       0.001395535
       20.756       0.020395967
       23.423       0.156824975
       29.783       0.180704897
       31.566       0.061802145
       38.122       0.025156373
       41.686       0.206467417
       43.805       0.028144086
       44.181       0.006126477
       91.352       0.138544801
       92.721       0.027306356
       93.590       0.005549990
       93.669       0.049729212
       94.575       0.072496300

 PDOS Einstein freq (single pole), associated temp and eff. force constant: 
 Freq (THz)   Temp (K)   Eff. FC (N/m)
  57.477      2758.39      79.7765

 pDOS n Moments, associated Einstein freqs, temps and eff. force constants:
  n     Mom (THz^n)   Freq (THz)     Temp (K)    Eff. FC (N/m)
 -2       0.00139      26.81413      1286.83      17.3623
 -1       0.02854      35.03603      1681.41      29.6422
  0       1.00000     ---------     --------
  1      49.87493      49.87493      2393.54      60.0682
  2    3303.65554      57.47744      2758.39      79.7765

 Path Red. Mass (AMU):    0.368359
 Path Length (Ang), s^2 (1e-3 Ang^2): 10.2745  39.1596
--------------------------------------------------------------
 Path Indices:    1   9   5   8
 PDOS Poles:
     Freq. (THz)    Weight
        3.778       0.005265882
        8.083       0.009283059
       14.150       0.000485359
       20.115       0.015449368
       29.569       0.126911574
       30.964       0.017187081
       34.152       0.002870268
       37.833       0.139561007
       41.684       0.168003885
       43.818       0.065096508
       44.185       0.012588866
       91.352       0.189979620
       92.721       0.063551763
       93.590       0.131034729
       93.669       0.025544963
       94.575       0.027186012

 PDOS Einstein freq (single pole), associated temp and eff. force constant: 
 Freq (THz)   Temp (K)   Eff. FC (N/m)
  67.275      3228.57     108.7296

 pDOS n Moments, associated Einstein freqs, temps and eff. force constants:
  n     Mom (THz^n)   Freq (THz)     Temp (K)    Eff. FC (N/m)
 -2       0.00100      31.57996      1515.55      23.9590
 -1       0.02249      44.46256      2133.80      47.4936
  0       1.00000     ---------     --------
  1      60.96209      60.96209      2925.62      89.2824
  2    4525.86724      67.27457      3228.57     108.7296

 Path Red. Mass (AMU):    0.366469
 Path Length (Ang), s^2 (1e-3 Ang^2): 10.8360  31.0165
--------------------------------------------------------------
 Path Indices:    1   9   5   9
 PDOS Poles:
     Freq. (THz)    Weight
        5.469       0.004377959
        9.468       0.005883410
       14.751       0.006368722
       20.720       0.036484896
       25.114       0.014742608
       29.824       0.325672431
       32.219       0.032004128
       37.921       0.155328661
       41.662       0.068423036
       43.634       0.008855338
       44.185       0.025699995
       91.352       0.070160419
       92.721       0.031432638
       93.590       0.015324832
       93.669       0.143643499
       94.575       0.055597489

 PDOS Einstein freq (single pole), associated temp and eff. force constant: 
 Freq (THz)   Temp (K)   Eff. FC (N/m)
  59.217      2841.87      79.5061

 pDOS n Moments, associated Einstein freqs, temps and eff. force constants:
  n     Mom (THz^n)   Freq (THz)     Temp (K)    Eff. FC (N/m)
 -2       0.00095      32.47382      1558.45      23.9098
 -1       0.02603      38.41744      1843.69      33.4631
  0       1.00000     ---------     --------
  1      51.77778      51.77778      2484.86      60.7850
  2    3506.63492      59.21685      2841.87      79.5061

 Path Red. Mass (AMU):    0.345861
 Path Length (Ang), s^2 (1e-3 Ang^2): 10.2589  38.0360
--------------------------------------------------------------
 Path Indices:    1   9   6   2
 PDOS Poles:
     Freq. (THz)    Weight
        2.164       0.000465573
        4.488       0.004253909
        8.171       0.035749318
       13.089       0.001926312
       20.057       0.032413241
       29.634       0.087173738
       32.199       0.004822466
       38.223       0.011068415
       41.687       0.014108760
       43.816       0.004854387
       44.217       0.007055969
       91.352       0.282866198
       92.721       0.025087472
       93.590       0.002778468
       93.669       0.485371372
       94.575       0.000004626

 PDOS Einstein freq (single pole), associated temp and eff. force constant: 
 Freq (THz)   Temp (K)   Eff. FC (N/m)
  83.788      4021.06     515.2836

 pDOS n Moments, associated Einstein freqs, temps and eff. force constants:
  n     Mom (THz^n)   Freq (THz)     Temp (K)    Eff. FC (N/m)
 -2       0.00116      29.40924      1411.38      63.4820
 -1       0.01987      50.32710      2415.24     185.9032
  0       1.00000     ---------     --------
  1      79.15329      79.15329      3798.64     459.8550
  2    7020.42511      83.78798      4021.06     515.2838

 Path Red. Mass (AMU):    1.119629
 Path Length (Ang), s^2 (1e-3 Ang^2):  9.0791   8.9691
--------------------------------------------------------------
 Path Indices:    1   9   6   3
 PDOS Poles:
     Freq. (THz)    Weight
        1.398       0.000804899
        4.391       0.027781166
        8.175       0.013785113
       13.090       0.001463947
       20.057       0.036719430
       29.634       0.075882720
       32.193       0.000021838
       38.223       0.003985571
       41.687       0.010940873
       43.816       0.007859311
       44.217       0.007329728
       91.352       0.270330768
       92.721       0.031603261
       93.590       0.002914796
       93.669       0.508571977
       94.575       0.000004832

 PDOS Einstein freq (single pole), associated temp and eff. force constant: 
 Freq (THz)   Temp (K)   Eff. FC (N/m)
  84.574      4058.79     511.2543

 pDOS n Moments, associated Einstein freqs, temps and eff. force constants:
  n     Mom (THz^n)   Freq (THz)     Temp (K)    Eff. FC (N/m)
 -2       0.00236      20.60095       988.66      30.3345
 -1       0.02257      44.31606      2126.77     140.3732
  0       1.00000     ---------     --------
  1      80.05400      80.05400      3841.86     458.0661
  2    7152.78342      84.57413      4058.79     511.2544

 Path Red. Mass (AMU):    1.090318
 Path Length (Ang), s^2 (1e-3 Ang^2):  7.8778  10.4601
--------------------------------------------------------------
 Path Indices:    1   9   6   4
 PDOS Poles:
     Freq. (THz)    Weight
        3.710       0.026528351
        6.785       0.009918194
       12.641       0.001939508
       20.075       0.032764633
       23.635       0.003745495
       29.770       0.037787941
       31.300       0.022719731
       38.205       0.033022757
       41.678       0.008362199
       43.666       0.000584969
       44.215       0.014661765
       91.352       0.208638377
       92.721       0.025342073
       93.590       0.002402692
       93.669       0.491208027
       94.575       0.080373535

 PDOS Einstein freq (single pole), associated temp and eff. force constant: 
 Freq (THz)   Temp (K)   Eff. FC (N/m)
  84.696      4064.64     382.4755

 pDOS n Moments, associated Einstein freqs, temps and eff. force constants:
  n     Mom (THz^n)   Freq (THz)     Temp (K)    Eff. FC (N/m)
 -2       0.00244      20.25765       972.18      21.8804
 -1       0.02264      44.17444      2119.97     104.0447
  0       1.00000     ---------     --------
  1      80.30296      80.30296      3853.81     343.8278
  2    7173.41439      84.69601      4064.64     382.4756

 Path Red. Mass (AMU):    0.813334
 Path Length (Ang), s^2 (1e-3 Ang^2):  8.5232  14.0665
--------------------------------------------------------------
 Path Indices:    1   9   6   5
 PDOS Poles:
     Freq. (THz)    Weight
        3.624       0.026073456
        6.687       0.010409446
       12.610       0.001925379
       20.075       0.032823607
       23.640       0.003779258
       29.774       0.038049264
       31.314       0.022170795
       38.204       0.033107342
       41.677       0.008347029
       43.658       0.000572703
       44.215       0.014707292
       91.352       0.208662861
       92.721       0.025462295
       93.590       0.023891082
       93.669       0.467604133
       94.575       0.082414283

 PDOS Einstein freq (single pole), associated temp and eff. force constant: 
 Freq (THz)   Temp (K)   Eff. FC (N/m)
  84.699      4064.78     382.4685

 pDOS n Moments, associated Einstein freqs, temps and eff. force constants:
  n     Mom (THz^n)   Freq (THz)     Temp (K)    Eff. FC (N/m)
 -2       0.00251      19.95226       957.53      21.2238
 -1       0.02277      43.90938      2107.25     102.7905
  0       1.00000     ---------     --------
  1      80.30474      80.30474      3853.89     343.8118
  2    7173.93378      84.69908      4064.78     382.4686

 Path Red. Mass (AMU):    0.813260
 Path Length (Ang), s^2 (1e-3 Ang^2):  8.5230  14.1527
--------------------------------------------------------------
 Path Indices:    1   9   6   7
 PDOS Poles:
     Freq. (THz)    Weight
        3.661       0.007494956
        7.928       0.028757049
       11.674       0.000362163
       20.387       0.003193563
       23.442       0.014509548
       29.835       0.022802379
       31.889       0.010180578
       37.804       0.010314079
       41.687       0.095255366
       43.826       0.027493995
       44.200       0.002795565
       91.352       0.520449027
       92.721       0.005787904
       93.590       0.116523702
       93.669       0.110249483
       94.575       0.023830632

 PDOS Einstein freq (single pole), associated temp and eff. force constant: 
 Freq (THz)   Temp (K)   Eff. FC (N/m)
  82.913      3979.07     280.7600

 pDOS n Moments, associated Einstein freqs, temps and eff. force constants:
  n     Mom (THz^n)   Freq (THz)     Temp (K)    Eff. FC (N/m)
 -2       0.00126      28.18861      1352.80      32.4517
 -1       0.01925      51.95652      2493.44     110.2479
  0       1.00000     ---------     --------
  1      78.92604      78.92604      3787.73     254.4082
  2    6874.55869      82.91296      3979.07     280.7600

 Path Red. Mass (AMU):    0.622991
 Path Length (Ang), s^2 (1e-3 Ang^2):  7.4555  15.6136
--------------------------------------------------------------
 Path Indices:    1   9   6   8
 PDOS Poles:
     Freq. (THz)    Weight
        3.760       0.007509551
        7.945       0.028755157
       12.007       0.000296387
       20.393       0.003235798
       23.444       0.014454170
       29.833       0.022841222
       31.895       0.010071217
       37.805       0.010254259
       41.687       0.095065460
       43.828       0.027284559
       44.203       0.003160573
       91.352       0.519467541
       92.721       0.005961054
       93.590       0.151081838
       93.669       0.077155314
       94.575       0.023405861

 PDOS Einstein freq (single pole), associated temp and eff. force constant: 
 Freq (THz)   Temp (K)   Eff. FC (N/m)
  82.923      3979.54     280.7166

 pDOS n Moments, associated Einstein freqs, temps and eff. force constants:
  n     Mom (THz^n)   Freq (THz)     Temp (K)    Eff. FC (N/m)
 -2       0.00123      28.53975      1369.65      33.2521
 -1       0.01918      52.13843      2502.17     110.9774
  0       1.00000     ---------     --------
  1      78.94141      78.94141      3788.47     254.4067
  2    6876.21161      82.92293      3979.54     280.7166

 Path Red. Mass (AMU):    0.622745
 Path Length (Ang), s^2 (1e-3 Ang^2):  7.4555  15.5653
--------------------------------------------------------------
 Path Indices:    1   9   6   9
 PDOS Poles:
     Freq. (THz)    Weight
        1.312       0.000365756
        4.384       0.016536882
       12.483       0.000102296
       13.093       0.006539991
       20.057       0.009948085
       29.634       0.026676156
       32.199       0.004704547
       38.223       0.002380108
       41.687       0.038776783
       43.816       0.005567682
       44.217       0.012799794
       91.352       0.295991782
       92.721       0.027978578
       93.590       0.003146189
       93.669       0.548480530
       94.575       0.000005111

 PDOS Einstein freq (single pole), associated temp and eff. force constant: 
 Freq (THz)   Temp (K)   Eff. FC (N/m)
  87.698      4208.69     274.5818

 pDOS n Moments, associated Einstein freqs, temps and eff. force constants:
  n     Mom (THz^n)   Freq (THz)     Temp (K)    Eff. FC (N/m)
 -2       0.00131      27.66537      1327.69      27.3255
 -1       0.01694      59.02716      2832.77     124.3939
  0       1.00000     ---------     --------
  1      85.12301      85.12301      4085.13     258.6956
  2    7690.89203      87.69773      4208.69     274.5819

 Path Red. Mass (AMU):    0.544611
 Path Length (Ang), s^2 (1e-3 Ang^2):  7.4563  15.7222
--------------------------------------------------------------
 Path Indices:    1   9   7   2
 PDOS Poles:
     Freq. (THz)    Weight
        4.451       0.004417217
        7.917       0.063241769
       14.217       0.000231247
       20.364       0.007240819
       23.484       0.018460076
       29.888       0.032269446
       31.670       0.013988675
       37.799       0.025721591
       41.681       0.023466798
       43.220       0.000286414
       43.844       0.008218209
       91.352       0.548069862
       92.721       0.006675746
       93.590       0.102578102
       93.669       0.123994557
       94.575       0.021139472

 PDOS Einstein freq (single pole), associated temp and eff. force constant: 
 Freq (THz)   Temp (K)   Eff. FC (N/m)
  83.430      4003.89     411.1298

 pDOS n Moments, associated Einstein freqs, temps and eff. force constants:
  n     Mom (THz^n)   Freq (THz)     Temp (K)    Eff. FC (N/m)
 -2       0.00146      26.12804      1253.91      40.3223
 -1       0.02181      45.84482      2200.13     124.1402
  0       1.00000     ---------     --------
  1      78.73534      78.73534      3778.58     366.1603
  2    6960.60725      83.43025      4003.89     411.1298

 Path Red. Mass (AMU):    0.900996
 Path Length (Ang), s^2 (1e-3 Ang^2):  9.9474  12.2352
--------------------------------------------------------------
 Path Indices:    1   9   7   3
 PDOS Poles:
     Freq. (THz)    Weight
        4.242       0.017511058
        8.078       0.010529634
       13.756       0.000624335
       20.141       0.018774064
       23.491       0.012625425
       29.814       0.031756945
       31.344       0.017382571
       37.780       0.029610721
       41.678       0.007848452
       43.825       0.032332390
       44.214       0.014493003
       91.352       0.554658945
       92.721       0.005606186
       93.590       0.148775881
       93.669       0.062956892
       94.575       0.034513451

 PDOS Einstein freq (single pole), associated temp and eff. force constant: 
 Freq (THz)   Temp (K)   Eff. FC (N/m)
  83.955      4029.09     322.5736

 pDOS n Moments, associated Einstein freqs, temps and eff. force constants:
  n     Mom (THz^n)   Freq (THz)     Temp (K)    Eff. FC (N/m)
 -2       0.00141      26.67624      1280.22      32.5673
 -1       0.01936      51.64442      2478.46     122.0619
  0       1.00000     ---------     --------
  1      80.11197      80.11197      3844.64     293.7163
  2    7048.48135      83.95523      4029.09     322.5736

 Path Red. Mass (AMU):    0.698111
 Path Length (Ang), s^2 (1e-3 Ang^2):  9.2043  14.0177
--------------------------------------------------------------
 Path Indices:    1   9   7   4
 PDOS Poles:
     Freq. (THz)    Weight
        3.747       0.017404293
        7.069       0.006402210
       12.803       0.000879525
       20.117       0.016277358
       23.941       0.002352858
       30.223       0.023982199
       31.273       0.045519124
       38.200       0.035498436
       41.605       0.001155215
       43.825       0.032599404
       44.201       0.004371400
       91.352       0.458175994
       92.721       0.051046544
       93.590       0.221922190
       93.669       0.073893269
       94.575       0.008519901

 PDOS Einstein freq (single pole), associated temp and eff. force constant: 
 Freq (THz)   Temp (K)   Eff. FC (N/m)
  84.444      4052.55     245.2270

 pDOS n Moments, associated Einstein freqs, temps and eff. force constants:
  n     Mom (THz^n)   Freq (THz)     Temp (K)    Eff. FC (N/m)
 -2       0.00163      24.77026      1188.75      21.1004
 -1       0.01939      51.56933      2474.86      91.4560
  0       1.00000     ---------     --------
  1      80.76519      80.76519      3875.99     224.3251
  2    7130.80967      84.44412      4052.55     245.2269

 Path Red. Mass (AMU):    0.524591
 Path Length (Ang), s^2 (1e-3 Ang^2): 10.1116  18.6815
--------------------------------------------------------------
 Path Indices:    1   9   7   5
 PDOS Poles:
     Freq. (THz)    Weight
        3.685       0.020844313
        7.401       0.009984882
       15.141       0.001102017
       20.454       0.021354654
       23.454       0.071415118
       29.935       0.019734345
       33.925       0.002303666
       37.987       0.084612302
       41.589       0.008360774
       43.806       0.080263063
       44.174       0.014141115
       91.352       0.407275122
       92.721       0.016592392
       93.590       0.049552878
       93.669       0.093239365
       94.575       0.099224013

 PDOS Einstein freq (single pole), associated temp and eff. force constant: 
 Freq (THz)   Temp (K)   Eff. FC (N/m)
  77.903      3738.63     236.7227

 pDOS n Moments, associated Einstein freqs, temps and eff. force constants:
  n     Mom (THz^n)   Freq (THz)     Temp (K)    Eff. FC (N/m)
 -2       0.00212      21.73259      1042.97      18.4228
 -1       0.02369      42.21924      2026.14      69.5271
  0       1.00000     ---------     --------
  1      72.14990      72.14990      3462.54     203.0507
  2    6068.85539      77.90286      3738.63     236.7227

 Path Red. Mass (AMU):    0.595010
 Path Length (Ang), s^2 (1e-3 Ang^2):  9.5500  20.1182
--------------------------------------------------------------
 Path Indices:    1   9   7   6
 PDOS Poles:
     Freq. (THz)    Weight
        4.215       0.010375916
        8.105       0.013672173
       13.241       0.000420748
       20.086       0.011787332
       26.573       0.000378903
       29.668       0.057090018
       32.339       0.003742140
       38.117       0.009890237
       41.674       0.006247581
       43.829       0.059746690
       44.199       0.003211490
       91.352       0.544957461
       92.721       0.001847498
       93.590       0.206171446
       93.669       0.032614061
       94.575       0.037846209

 PDOS Einstein freq (single pole), associated temp and eff. force constant: 
 Freq (THz)   Temp (K)   Eff. FC (N/m)
  84.857      4072.39     286.9177

 pDOS n Moments, associated Einstein freqs, temps and eff. force constants:
  n     Mom (THz^n)   Freq (THz)     Temp (K)    Eff. FC (N/m)
 -2       0.00103      31.11342      1493.16      38.5720
 -1       0.01760      56.80665      2726.20     128.5806
  0       1.00000     ---------     --------
  1      81.50365      81.50365      3911.43     264.6861
  2    7200.79258      84.85748      4072.38     286.9177

 Path Red. Mass (AMU):    0.607811
 Path Length (Ang), s^2 (1e-3 Ang^2):  8.1324  14.6372
--------------------------------------------------------------
 Path Indices:    1   9   7   8
 PDOS Poles:
     Freq. (THz)    Weight
        3.650       0.005547393
        7.803       0.020978938
        9.381       0.002100465
       20.149       0.001770224
       23.381       0.008839816
       29.764       0.010658178
       32.005       0.006228857
       37.751       0.001783204
       41.676       0.000476620
       43.831       0.142222767
       44.217       0.031871500
       91.352       0.757076391
       92.721       0.000218719
       93.590       0.008618826
       93.669       0.000182067
       94.575       0.001426019

 PDOS Einstein freq (single pole), associated temp and eff. force constant: 
 Freq (THz)   Temp (K)   Eff. FC (N/m)
  82.289      3949.13     217.0856

 pDOS n Moments, associated Einstein freqs, temps and eff. force constants:
  n     Mom (THz^n)   Freq (THz)     Temp (K)    Eff. FC (N/m)
 -2       0.00101      31.50902      1512.15      31.8285
 -1       0.01787      55.94673      2684.93     100.3449
  0       1.00000     ---------     --------
  1      78.83215      78.83215      3783.22     199.2291
  2    6771.50368      82.28915      3949.13     217.0856

 Path Red. Mass (AMU):    0.489032
 Path Length (Ang), s^2 (1e-3 Ang^2):  8.8116  18.4720
--------------------------------------------------------------
 Path Indices:    1   9   7   9
 PDOS Poles:
     Freq. (THz)    Weight
        4.182       0.013613988
        7.260       0.012681422
       13.058       0.005113991
       20.056       0.013293443
       29.634       0.049035634
       32.143       0.018269772
       35.207       0.000276534
       38.100       0.013123393
       41.682       0.013054034
       43.830       0.134385416
       44.214       0.013504065
       91.352       0.490694514
       92.721       0.002961667
       93.590       0.140287863
       93.669       0.053233231
       94.575       0.026470981

 PDOS Einstein freq (single pole), associated temp and eff. force constant: 
 Freq (THz)   Temp (K)   Eff. FC (N/m)
  80.304      3853.85     175.8567

 pDOS n Moments, associated Einstein freqs, temps and eff. force constants:
  n     Mom (THz^n)   Freq (THz)     Temp (K)    Eff. FC (N/m)
 -2       0.00133      27.38486      1314.22      20.4506
 -1       0.02007      49.83237      2391.50      67.7188
  0       1.00000     ---------     --------
  1      75.78360      75.78360      3636.92     156.6161
  2    6448.71212      80.30387      3853.85     175.8567

 Path Red. Mass (AMU):    0.415984
 Path Length (Ang), s^2 (1e-3 Ang^2):  8.8100  24.3801
--------------------------------------------------------------
 Path Indices:    1   9   8   2
 PDOS Poles:
     Freq. (THz)    Weight
        4.416       0.004326711
        7.917       0.063232923
       14.293       0.000232093
       20.371       0.007337227
       23.489       0.018298600
       29.889       0.032373850
       31.681       0.013652408
       37.800       0.025546774
       41.681       0.023332274
       43.444       0.000524898
       43.852       0.007886003
       91.352       0.547595549
       92.721       0.006840333
       93.590       0.137826989
       93.669       0.090244327
       94.575       0.020749005

 PDOS Einstein freq (single pole), associated temp and eff. force constant: 
 Freq (THz)   Temp (K)   Eff. FC (N/m)
  83.464      4005.52     411.2448

 pDOS n Moments, associated Einstein freqs, temps and eff. force constants:
  n     Mom (THz^n)   Freq (THz)     Temp (K)    Eff. FC (N/m)
 -2       0.00146      26.14563      1254.75      40.3551
 -1       0.02179      45.89902      2202.73     124.3676
  0       1.00000     ---------     --------
  1      78.78212      78.78212      3780.82     366.4003
  2    6966.26307      83.46414      4005.52     411.2448

 Path Red. Mass (AMU):    0.900517
 Path Length (Ang), s^2 (1e-3 Ang^2):  9.9505  12.2273
--------------------------------------------------------------
 Path Indices:    1   9   8   3
 PDOS Poles:
     Freq. (THz)    Weight
        4.243       0.017521696
        8.081       0.010530192
       13.789       0.000626200
       20.144       0.018832218
       23.496       0.012546003
       29.815       0.032058380
       31.352       0.017057502
       37.781       0.029485514
       41.677       0.007853492
       43.827       0.031283885
       44.214       0.015408366
       91.352       0.553488574
       92.721       0.005803135
       93.590       0.176684587
       93.669       0.036625066
       94.575       0.034195120

 PDOS Einstein freq (single pole), associated temp and eff. force constant: 
 Freq (THz)   Temp (K)   Eff. FC (N/m)
  83.968      4029.67     322.7595

 pDOS n Moments, associated Einstein freqs, temps and eff. force constants:
  n     Mom (THz^n)   Freq (THz)     Temp (K)    Eff. FC (N/m)
 -2       0.00141      26.67760      1280.28      32.5799
 -1       0.01936      51.65362      2478.90     122.1400
  0       1.00000     ---------     --------
  1      80.12733      80.12733      3845.38     293.9124
  2    7050.54121      83.96750      4029.67     322.7594

 Path Red. Mass (AMU):    0.698309
 Path Length (Ang), s^2 (1e-3 Ang^2):  9.2046  14.0112
--------------------------------------------------------------
 Path Indices:    1   9   8   4
 PDOS Poles:
     Freq. (THz)    Weight
        3.762       0.021124878
        7.459       0.009704756
       15.144       0.001141909
       20.458       0.021364929
       23.455       0.071542932
       29.931       0.019921192
       33.951       0.002251567
       37.988       0.084332248
       41.591       0.008445617
       43.811       0.078969762
       44.177       0.015140583
       91.352       0.406552606
       92.721       0.016208464
       93.590       0.071566399
       93.669       0.073252734
       94.575       0.098479426

 PDOS Einstein freq (single pole), associated temp and eff. force constant: 
 Freq (THz)   Temp (K)   Eff. FC (N/m)
  77.909      3738.91     237.0534

 pDOS n Moments, associated Einstein freqs, temps and eff. force constants:
  n     Mom (THz^n)   Freq (THz)     Temp (K)    Eff. FC (N/m)
 -2       0.00207      21.99133      1055.38      18.8876
 -1       0.02360      42.37311      2033.52      70.1219
  0       1.00000     ---------     --------
  1      72.15576      72.15576      3462.82     203.3364
  2    6069.78080      77.90880      3738.91     237.0534

 Path Red. Mass (AMU):    0.595751
 Path Length (Ang), s^2 (1e-3 Ang^2):  9.5489  20.0203
--------------------------------------------------------------
 Path Indices:    1   9   8   5
 PDOS Poles:
     Freq. (THz)    Weight
        3.664       0.017143307
        6.966       0.006682555
       12.725       0.000887666
       20.115       0.016341776
       23.925       0.002381415
       30.213       0.023974117
       31.276       0.045159126
       38.201       0.035547406
       41.606       0.001147156
       43.827       0.032091841
       44.203       0.004878389
       91.352       0.457122379
       92.721       0.050646556
       93.590       0.258390550
       93.669       0.039006758
       94.575       0.008598883

 PDOS Einstein freq (single pole), associated temp and eff. force constant: 
 Freq (THz)   Temp (K)   Eff. FC (N/m)
  84.453      4052.99     245.3141

 pDOS n Moments, associated Einstein freqs, temps and eff. force constants:
  n     Mom (THz^n)   Freq (THz)     Temp (K)    Eff. FC (N/m)
 -2       0.00168      24.41852      1171.87      20.5082
 -1       0.01948      51.34332      2464.01      90.6685
  0       1.00000     ---------     --------
  1      80.77560      80.77560      3876.49     224.4136
  2    7132.36650      84.45334      4052.99     245.3140

 Path Red. Mass (AMU):    0.524662
 Path Length (Ang), s^2 (1e-3 Ang^2): 10.1118  18.7612
--------------------------------------------------------------
 Path Indices:    1   9   8   6
 PDOS Poles:
     Freq. (THz)    Weight
        4.213       0.010371644
        8.103       0.013682029
       13.206       0.000422602
       20.084       0.011790520
       26.644       0.000374508
       29.668       0.057107449
       32.338       0.003726090
       38.120       0.009858775
       41.675       0.006232687
       43.829       0.059040671
       44.202       0.003768755
       91.352       0.543578900
       92.721       0.001978307
       93.590       0.227911651
       93.669       0.012462234
       94.575       0.037693067

 PDOS Einstein freq (single pole), associated temp and eff. force constant: 
 Freq (THz)   Temp (K)   Eff. FC (N/m)
  84.866      4072.82     287.0538

 pDOS n Moments, associated Einstein freqs, temps and eff. force constants:
  n     Mom (THz^n)   Freq (THz)     Temp (K)    Eff. FC (N/m)
 -2       0.00103      31.10801      1492.90      38.5687
 -1       0.01760      56.81006      2726.36     128.6298
  0       1.00000     ---------     --------
  1      81.51432      81.51432      3911.94     264.8248
  2    7202.31969      84.86648      4072.82     287.0538

 Path Red. Mass (AMU):    0.607970
 Path Length (Ang), s^2 (1e-3 Ang^2):  8.1325  14.6325
--------------------------------------------------------------
 Path Indices:    1   9   8   7
 PDOS Poles:
     Freq. (THz)    Weight
        3.543       0.005524686
        7.762       0.020528623
        9.256       0.002637976
       20.152       0.001753344
       23.382       0.008876885
       29.768       0.010656386
       32.002       0.006280810
       37.751       0.001788375
       41.677       0.000491249
       43.829       0.144647544
       44.217       0.029196709
       91.352       0.756734853
       92.721       0.000228479
       93.590       0.009169633
       93.669       0.000000088
       94.575       0.001484335

 PDOS Einstein freq (single pole), associated temp and eff. force constant: 
 Freq (THz)   Temp (K)   Eff. FC (N/m)
  82.292      3949.27     217.2264

 pDOS n Moments, associated Einstein freqs, temps and eff. force constants:
  n     Mom (THz^n)   Freq (THz)     Temp (K)    Eff. FC (N/m)
 -2       0.00103      31.09997      1492.51      31.0254
 -1       0.01793      55.77461      2676.67      99.7862
  0       1.00000     ---------     --------
  1      78.83215      78.83215      3783.22     199.3444
  2    6771.97558      82.29201      3949.27     217.2264

 Path Red. Mass (AMU):    0.489315
 Path Length (Ang), s^2 (1e-3 Ang^2):  8.8117  18.5182
--------------------------------------------------------------
 Path Indices:    1   9   8   9
 PDOS Poles:
     Freq. (THz)    Weight
        4.136       0.013498767
        7.231       0.012760513
       13.052       0.005179456
       20.056       0.013289858
       29.634       0.049132204
       32.143       0.018238724
       35.095       0.000276220
       38.102       0.013074483
       41.682       0.013021303
       43.831       0.132329763
       44.215       0.015316018
       91.352       0.489624784
       92.721       0.003099197
       93.590       0.165043775
       93.669       0.029892246
       94.575       0.026222610

 PDOS Einstein freq (single pole), associated temp and eff. force constant: 
 Freq (THz)   Temp (K)   Eff. FC (N/m)
  80.314      3854.34     175.9596

 pDOS n Moments, associated Einstein freqs, temps and eff. force constants:
  n     Mom (THz^n)   Freq (THz)     Temp (K)    Eff. FC (N/m)
 -2       0.00135      27.23803      1307.18      20.2387
 -1       0.02010      49.76297      2388.17      67.5529
  0       1.00000     ---------     --------
  1      75.79438      75.79438      3637.44     156.7131
  2    6450.32725      80.31393      3854.34     175.9596

 Path Red. Mass (AMU):    0.416124
 Path Length (Ang), s^2 (1e-3 Ang^2):  8.8103  24.4060
--------------------------------------------------------------
