# # Once                                                         FEFF 10.0.0 
# # POT  SCF 100  9.0000   0, core-hole, FOLP (folp(0)= 1.150)
# # Abs   Z=30 Rmt= 1.412 Rnm= 1.532 K  shell
# #   RGRID 0.0100
# # Pot 1 Z= 6 Rmt= 0.806 Rnm= 1.034
# # Pot 2 Z= 6 Rmt= 0.796 Rnm= 1.005
# # Pot 3 Z= 6 Rmt= 0.805 Rnm= 1.033
# # Pot 4 Z= 6 Rmt= 0.773 Rnm= 1.001
# # Pot 5 Z= 6 Rmt= 0.902 Rnm= 1.126
# # Pot 6 Z= 6 Rmt= 0.936 Rnm= 1.175
# # Pot 7 Z= 1 Rmt= 0.560 Rnm= 0.969
# # Pot 8 Z= 1 Rmt= 0.495 Rnm= 0.867
# # Pot 9 Z= 7 Rmt= 0.786 Rnm= 0.988
# # Pot10 Z= 7 Rmt= 0.811 Rnm= 0.996
# # Pot11 Z=16 Rmt= 1.240 Rnm= 1.463
# # Gam_ch=1.897E+00 H-L exch Vi= 0.000E+00 Vr= 0.000E+00
# # Mu=-7.657E+00eV kf=2.132E+00 Vint=-1.439E+01eV Rs_int= 1.701
# # PATH  Rmax= 9.000,  Keep_limit= 0.00, Heap_limit 0.00  Pwcrit= 2.50%
#  S02=1.000  Temp=  10.00  Debye_temp= 315.00  Global_sig2= 0.00000
#  Energy zero shift, vr, vi    0.00000E+00   0.00000E+00
#  Curved wave amplitude ratio filter   4.000%
#     file         sig2 tot  cw amp ratio   deg  nlegs   reff  inp sig2
#           1       0.00378    100.00      1.00     2   2.1494
#           2       0.00479     99.73      1.00     2   2.1516
#           3       0.00297     83.88      1.00     2   2.3577
#           4       0.00300     83.76      1.00     2   2.3590
#           5       0.00270     42.02      1.00     2   2.9759
#           6       0.04019     10.36      1.00     2   2.9941
#           7       0.00350     41.38      1.00     2   3.0006
#           8       0.02061      9.80      1.00     2   3.0595
#           9       0.02422      9.65      1.00     2   3.0768
#          10       0.00405     51.20      2.00     3   3.2441
#          11       0.00652     33.92      1.00     2   3.2529
#          12       0.00256     46.01      2.00     3   3.2606
#          13       0.00456     32.77      1.00     2   3.2745
#          14       0.00523     31.51      1.00     2   3.3156
#          15       0.00560     80.04      2.00     3   3.3810
#          16       0.00443     74.78      2.00     3   3.4278
#          17       0.00369     65.74      1.00     4   3.4876
#          18       0.01311     17.85      1.00     4   3.4876
#          19       0.00914      9.12      2.00     3   3.5337
#          20       0.00474     58.72      1.00     4   3.5400
#          21       0.00472     12.28      1.00     4   3.5454
#          22       0.01187      8.84      2.00     3   3.5547
#          23       0.01845      6.32      1.00     2   3.6076
#          24       0.02409      6.21      1.00     2   3.6325
#          25       0.00734     25.10      1.00     2   3.6378
#          26       0.01843     12.48      2.00     3   3.6585
#          27       0.01416      6.50      2.00     3   3.6624
#          28       0.01298      6.23      2.00     3   3.6852
#          29       0.02738      5.95      1.00     2   3.6885
#          30       0.00350     35.25      2.00     3   3.7090
#          31       0.00311      8.20      2.00     3   3.7823
#          32       0.01809      5.51      1.00     2   3.7952
#          33       0.00941     12.20      2.00     4   3.7982
#          34       0.01896      5.44      1.00     2   3.8142
#          35       0.00825      9.99      2.00     4   3.8184
#          36       0.01856      5.77      2.00     3   3.8701
#          37       0.00427     37.29      2.00     3   3.8985
#          38       0.01246      7.56      2.00     3   3.9282
#          39       0.00984      7.82      2.00     3   3.9570
#          40       0.01574      7.05      2.00     3   3.9695
#          41       0.01269      7.35      2.00     3   3.9900
#          42       0.00355      5.82      2.00     3   4.0127
#          43       0.00862     18.03      2.00     4   4.0636
#          44       0.04367      5.94      1.00     4   4.0641
#          45       0.00349     18.21      1.00     2   4.0657
#          46       0.01485      5.84      1.00     4   4.0915
#          47       0.01092     17.31      2.00     4   4.1022
#          48       0.01754      4.43      1.00     2   4.1093
#          49       0.01583      5.76      1.00     4   4.1088
#          51       0.00531      7.43      2.00     3   4.1388
#          53       0.00512      7.90      2.00     3   4.1536
#          54       0.00372      7.87      2.00     3   4.1568
#          55       0.00451     13.07      1.00     4   4.1592
#          56       0.00372     11.36      1.00     4   4.1652
#          57       0.00443     16.48      1.00     2   4.2008
#          58       0.01315     15.14      2.00     3   4.2161
#          59       0.00315     16.07      1.00     2   4.2271
#          60       0.00391     10.55      2.00     3   4.2411
#          62       0.00830      4.74      2.00     3   4.2515
#          63       0.00919      4.74      2.00     3   4.2610
#          64       0.01384      4.98      2.00     3   4.2642
#          65       0.00634     48.95      2.00     3   4.2729
#          66       0.01341      4.97      2.00     3   4.2756
#          67       0.00762      4.03      2.00     5   4.2761
#          68       0.00987      4.81      2.00     4   4.2776
#          69       0.00329     51.03      2.00     3   4.2846
#          71       0.00415     37.57      2.00     3   4.2978
#          72       0.00756     10.76      1.00     4   4.2988
#          73       0.00958     10.70      1.00     4   4.3033
#          74       0.00426     33.84      2.00     3   4.3061
#          77       0.00410      8.18      2.00     3   4.3092
#          78       0.00581     23.42      2.00     4   4.3150
#          79       0.00365     15.08      1.00     2   4.3212
#          80       0.01156     14.32      1.00     4   4.3229
#          81       0.00937      4.20      2.00     4   4.3270
#          82       0.00508     25.83      1.00     4   4.3388
#          83       0.00596     53.08      1.00     4   4.3420
#          84       0.00579     49.72      1.00     4   4.3451
#          85       0.00602     43.11      2.00     3   4.3460
#          87       0.00461     21.39      2.00     4   4.3533
#          88       0.00450     60.93      2.00     4   4.3553
#          89       0.00437     26.25      1.00     4   4.3685
#          90       0.00459     22.59      1.00     4   4.3697
#          91       0.00556     32.91      1.00     4   4.3707
#          92       0.00235     52.88      2.00     4   4.3782
#          93       0.00990      5.74      2.00     5   4.3838
#          94       0.01182     17.18      2.00     5   4.3842
#          95       0.00419     14.49      1.00     2   4.3958
#          96       0.00408     44.77      2.00     3   4.4011
#          97       0.00366      5.30      2.00     3   4.4056
#          98       0.00406     35.40      1.00     4   4.4065
#          99       0.00434     22.03      1.00     4   4.4113
#         100       0.01195      7.70      2.00     3   4.4121
#         101       0.00908     14.22      2.00     5   4.4130
#         103       0.00507     14.15      2.00     3   4.4274
#         104       0.01094      5.83      2.00     3   4.4280
#         105       0.00941     15.78      2.00     5   4.4393
#         106       0.00888      4.11      2.00     5   4.4442
#         107       0.00424      4.61      2.00     3   4.4576
#         108       0.00793     12.69      2.00     5   4.4598
#         109       0.00406     28.53      2.00     3   4.4707
#         110       0.00517     19.30      2.00     4   4.4846
#         111       0.00498     23.85      2.00     4   4.4901
#         112       0.00597     16.53      2.00     4   4.4932
#         113       0.00288     45.85      2.00     4   4.4955
#         114       0.00500      4.25      2.00     4   4.5071
#         117       0.00454      4.23      2.00     4   4.5106
#         118       0.00729      4.05      2.00     4   4.5122
#         119       0.00896     26.29      1.00     6   4.5196
#         120       0.00758     12.68      1.00     6   4.5196
#         121       0.00753      4.09      2.00     4   4.5217
#         122       0.00482     24.32      2.00     4   4.5225
#         123       0.00448     48.99      2.00     4   4.5281
#         124       0.02160      4.68      2.00     4   4.5317
#         125       0.00847     11.15      2.00     4   4.5348
#         126       0.00453     28.72      2.00     3   4.5413
#         127       0.00435     46.86      2.00     4   4.5466
#         128       0.00460     42.51      2.00     4   4.5577
#         129       0.01496      6.28      2.00     5   4.5657
#         130       0.00786     24.86      1.00     6   4.5720
#         131       0.00520     44.05      2.00     4   4.5773
#         132       0.00781      8.63      1.00     6   4.5774
#         133       0.00425     13.04      2.00     3   4.5779
#         134       0.00573     67.72      2.00     5   4.5823
#         135       0.00601    103.60      2.00     5   4.5855
#         136       0.00372     49.75      2.00     5   4.5966
#         137       0.00539     55.15      2.00     5   4.5968
#         138       0.00465     72.48      2.00     5   4.5988
#         139       0.00669     48.33      2.00     5   4.5998
#         140       0.00529     76.30      2.00     5   4.6020
#         141       0.01406      4.82      2.00     3   4.6026
#         142       0.00688     26.00      1.00     4   4.6105
#         144       0.00393     25.49      1.00     4   4.6203
#         146       0.00457     88.55      2.00     5   4.6298
#         147       0.00496     49.61      2.00     5   4.6347
#         150       0.00429     44.46      2.00     4   4.6535
#         151       0.00533     52.20      2.00     5   4.6544
#         152       0.00425     77.33      2.00     5   4.6589
#         153       0.00454     58.64      2.00     5   4.6629
#         154       0.00886      9.52      2.00     4   4.6722
#         155       0.00530     25.59      1.00     4   4.6868
#         156       0.00585      4.64      2.00     3   4.6985
#         157       0.00544      4.58      2.00     3   4.7027
#         158       0.00567     22.52      1.00     4   4.7062
#         159       0.00594      5.89      1.00     4   4.7154
#         161       0.00802     99.97      2.00     5   4.7170
#         162       0.00599      5.87      1.00     4   4.7180
#         165       0.00632     67.64      2.00     5   4.7268
#         166       0.02412      6.50      2.00     5   4.7285
#         167       0.00449      9.22      2.00     3   4.7470
#         169       0.01824      8.31      2.00     4   4.7571
#         170       0.00606     12.83      2.00     4   4.7602
#         171       0.00527     39.31      2.00     5   4.7660
#         172       0.00658     12.57      2.00     4   4.7706
#         173       0.01090     16.93      2.00     4   4.7718
#         174       0.00993      4.59      2.00     4   4.7738
#         175       0.00793      4.02      2.00     4   4.7734
#         176       0.00551     34.26      2.00     5   4.7748
#         177       0.01084     19.87      2.00     5   4.7790
#         178       0.00610      4.74      1.00     4   4.7891
#         179       0.01604      7.47      2.00     4   4.7943
#         180       0.00406     10.25      2.00     3   4.7975
#         181       0.00730     64.75      2.00     5   4.7990
#         182       0.00419     19.39      2.00     4   4.8028
#         184       0.00602     82.55      2.00     5   4.8184
#         185       0.00860    103.30      1.00     6   4.8235
#         186       0.02782     42.48      1.00     6   4.8258
#         187       0.00604     61.09      1.00     6   4.8290
#         188       0.00904     11.56      2.00     4   4.8307
#         189       0.01203      7.97      2.00     6   4.8302
#         190       0.01325      4.47      2.00     4   4.8330
#         191       0.00622     50.26      1.00     6   4.8333
#         192       0.00699      6.40      2.00     3   4.8392
#         193       0.01159     11.20      2.00     4   4.8387
#         194       0.01223      6.64      2.00     6   4.8504
#         195       0.01079      6.23      2.00     4   4.8550
#         197       0.00420      5.75      2.00     3   4.8714
#         198       0.00897     18.99      2.00     5   4.8728
#         201       0.00817    103.20      2.00     6   4.8782
#         202       0.00985     92.29      2.00     6   4.8813
#         203       0.00394      6.61      2.00     4   4.8835
#         204       0.01132      6.30      2.00     3   4.8878
#         205       0.01225      6.16      2.00     4   4.8910
#         206       0.00949     17.72      2.00     5   4.8929
#         207       0.00400      9.53      2.00     4   4.8966
#         208       0.01137     27.93      2.00     5   4.8961
#         209       0.00938     28.00      2.00     5   4.9028
#         210       0.01054     18.84      2.00     5   4.9074
#         211       0.01001     13.12      2.00     5   4.9094
#         212       0.00387     10.90      2.00     4   4.9113
#         213       0.00573     47.51      1.00     6   4.9113
#         214       0.01352      4.15      2.00     4   4.9147
#         215       0.00642     48.15      1.00     6   4.9145
#         217       0.00934     16.08      2.00     5   4.9274
#         218       0.00382     10.47      2.00     4   4.9289
#         219       0.01101     81.80      1.00     6   4.9307
#         220       0.00850     11.96      2.00     5   4.9360
#         221       0.00397      5.95      2.00     4   4.9396
#         222       0.00983     28.56      1.00     6   4.9392
#         224       0.01450      4.13      2.00     4   4.9408
#         225       0.00493     10.15      2.00     4   4.9421
#         226       0.00361     10.83      2.00     4   4.9430
#         227       0.00558      9.82      2.00     4   4.9444
#         228       0.00453     19.01      2.00     4   4.9457
#         229       0.01728      4.15      2.00     3   4.9492
#         230       0.01315      5.24      2.00     5   4.9602
#         231       0.00531     10.29      1.00     2   4.9615
#         232       0.02093      4.49      2.00     4   4.9642
#         235       0.00435     17.05      2.00     4   4.9775
#         238       0.00456     17.90      2.00     4   4.9837
#         239       0.01277      5.48      2.00     5   4.9890
#         240       0.00924      7.50      2.00     5   4.9909
#         241       0.01598      8.46      2.00     3   5.0008
#         242       0.02838     10.57      2.00     5   5.0006
#         243       0.01315      4.93      2.00     5   5.0015
#         244       0.01089     23.95      2.00     5   5.0031
#         245       0.00595     11.05      2.00     5   5.0037
#         246       0.00408     18.02      2.00     4   5.0088
#         248       0.00534     27.25      2.00     5   5.0178
#         250       0.01390      9.87      2.00     5   5.0212
#         251       0.01439      5.23      2.00     5   5.0220
#         252       0.00424     11.39      2.00     4   5.0249
#         253       0.00526     32.98      2.00     3   5.0312
#         254       0.00532     14.38      2.00     4   5.0318
#         255       0.00472     17.98      2.00     4   5.0410
#         256       0.00448     27.17      2.00     5   5.0411
#         257       0.00638      4.07      2.00     4   5.0422
#         258       0.00472     33.56      2.00     5   5.0463
#         259       0.00885      9.90      2.00     5   5.0478
#         260       0.00253     19.57      2.00     5   5.0497
#         261       0.00629     31.75      2.00     5   5.0509
#         262       0.01456      9.75      2.00     5   5.0530
#         263       0.00481     32.56      2.00     5   5.0544
#         264       0.00427     25.68      2.00     5   5.0552
#         265       0.00633      9.67      2.00     5   5.0554
#         266       0.00543     26.63      2.00     5   5.0566
#         267       0.00649      4.92      1.00     4   5.0591
#         268       0.00390     12.99      2.00     4   5.0609
#         269       0.00403     23.57      2.00     5   5.0662
#         270       0.00550     23.70      2.00     3   5.0672
#         273       0.00998      9.66      2.00     5   5.0766
#         274       0.01023      7.51      2.00     3   5.0772
#         275       0.00441     34.17      2.00     5   5.0795
#         276       0.01770      8.60      2.00     5   5.0790
#         277       0.01054      6.07      1.00     4   5.0814
#         278       0.00493     30.55      2.00     5   5.0828
#         279       0.01093      6.30      2.00     3   5.0895
#         282       0.01578     12.21      2.00     6   5.0956
#         283       0.00556     28.74      1.00     4   5.1010
#         284       0.00265     11.89      2.00     4   5.1023
#         286       0.00468      4.54      2.00     5   5.1205
#         287       0.00558      7.83      2.00     4   5.1275
#         289       0.01266      4.19      2.00     3   5.1318
#         290       0.01347     11.71      2.00     6   5.1342
#         291       0.00744      7.22      1.00     4   5.1357
#         293       0.01235     23.22      2.00     6   5.1364
#         294       0.00472     37.74      2.00     4   5.1370
#         295       0.01586     32.86      2.00     6   5.1396
#         296       0.01375      4.19      2.00     4   5.1415
#         297       0.00768      8.98      2.00     3   5.1423
#         299       0.00772     14.63      2.00     4   5.1465
#         300       0.00384     12.06      2.00     4   5.1490
#         301       0.01049      7.80      2.00     4   5.1500
#         302       0.00915      8.46      2.00     4   5.1533
#         303       0.00918     29.44      2.00     6   5.1544
#         304       0.01565      6.70      2.00     4   5.1576
#         305       0.01192     13.21      2.00     5   5.1590
#         307       0.00831      7.64      2.00     4   5.1670
#         309       0.00502     16.18      2.00     5   5.1724
#         310       0.00844      9.01      2.00     5   5.1726
#         312       0.00794     20.06      1.00     4   5.1730
#         314       0.00368     30.21      2.00     5   5.1745
#         315       0.01013     11.39      2.00     5   5.1758
#         316       0.00416      8.53      2.00     3   5.1769
#         317       0.00891     13.95      2.00     5   5.1780
#         319       0.01072     29.26      2.00     6   5.1876
#         320       0.01005     28.73      2.00     6   5.1889
#         321       0.00798      4.74      2.00     3   5.1929
#         322       0.01480      5.25      2.00     5   5.1947
#         323       0.00825      7.61      2.00     4   5.1971
#         324       0.01045      5.02      2.00     4   5.1971
#         325       0.01065      9.11      2.00     5   5.1970
#         327       0.00584      8.58      2.00     3   5.1996
#         328       0.00799     12.23      2.00     4   5.1998
#         329       0.00766     21.17      2.00     5   5.2039
#         330       0.00347     31.23      2.00     5   5.2064
#         331       0.00543     11.91      2.00     5   5.2076
#         332       0.00432     25.88      2.00     5   5.2089
#         333       0.01098      8.81      1.00     4   5.2116
#         335       0.01238     19.31      2.00     6   5.2122
#         336       0.00930     12.75      2.00     4   5.2130
#         338       0.01172      8.50      2.00     4   5.2158
#         339       0.00965     21.55      2.00     5   5.2172
#         340       0.00458     12.45      2.00     5   5.2197
#         341       0.01142     13.94      2.00     5   5.2211
#         342       0.02489      8.16      2.00     3   5.2219
#         344       0.02495      8.33      2.00     3   5.2288
#         345       0.01007      7.59      2.00     4   5.2293
#         350       0.00953      6.26      2.00     5   5.2380
#         352       0.01028      6.27      2.00     5   5.2448
#         353       0.00471      7.25      2.00     5   5.2452
#         354       0.02017      5.98      2.00     4   5.2479
#         355       0.00601      6.67      2.00     4   5.2483
#         356       0.01140      4.62      2.00     4   5.2495
#         359       0.00416     26.13      2.00     5   5.2612
#         360       0.00830      9.49      2.00     4   5.2622
#         361       0.02023     11.92      2.00     5   5.2641
#         362       0.00379     10.15      2.00     4   5.2658
#         363       0.01184      4.10      2.00     4   5.2667
#         364       0.01047      7.31      2.00     4   5.2667
#         365       0.00700     26.79      2.00     5   5.2691
#         366       0.00798      9.20      2.00     3   5.2730
#         367       0.00753      9.41      2.00     5   5.2735
#         368       0.02401      7.96      1.00     4   5.2746
#         369       0.02394      7.64      1.00     4   5.2746
#         370       0.00817      5.49      2.00     3   5.2775
#         371       0.00236     50.65      2.00     6   5.2810
#         372       0.00813     27.07      2.00     5   5.2823
#         374       0.02280      8.76      2.00     5   5.2861
#         375       0.00365      4.03      2.00     3   5.2909
#         376       0.00364      8.65      2.00     4   5.2911
#         377       0.00858     15.01      2.00     5   5.2930
#         378       0.00754     13.97      2.00     4   5.2978
#         379       0.00989      5.72      2.00     3   5.2996
#         380       0.00933     17.54      2.00     5   5.3028
#         381       0.00868      5.91      2.00     4   5.3048
#         382       0.00859      5.28      2.00     5   5.3049
#         383       0.00450     23.11      2.00     5   5.3044
#         384       0.00661     10.14      1.00     4   5.3057
#         385       0.01535      7.07      2.00     5   5.3077
#         387       0.00496     19.33      2.00     5   5.3096
#         389       0.00451     43.55      2.00     6   5.3098
#         390       0.00922     11.97      2.00     4   5.3102
#         393       0.00450     40.31      2.00     6   5.3141
#         395       0.01002      5.02      2.00     5   5.3166
#         396       0.00408     51.94      2.00     6   5.3186
#         397       0.00841     14.26      2.00     5   5.3196
#         398       0.00986      6.77      2.00     4   5.3208
#         399       0.01320      6.23      2.00     5   5.3219
#         401       0.01016     11.89      2.00     5   5.3249
#         402       0.00707     21.03      1.00     6   5.3265
#         403       0.00477     27.30      2.00     4   5.3279
#         406       0.00894     10.56      2.00     5   5.3296
#         407       0.00901     32.78      2.00     5   5.3304
#         408       0.00826     12.66      2.00     4   5.3323
#         409       0.00444     42.49      2.00     6   5.3319
#         410       0.00782      5.78      2.00     4   5.3331
#         411       0.00847     15.88      2.00     5   5.3329
#         412       0.00508     35.30      2.00     6   5.3344
#         413       0.00451      6.07      2.00     4   5.3349
#         414       0.00969     19.75      2.00     5   5.3349
#         415       0.00851      7.46      2.00     4   5.3368
#         417       0.00925     43.00      2.00     6   5.3398
#         418       0.00904      8.75      2.00     5   5.3415
#         419       0.00830      5.57      2.00     5   5.3457
#         420       0.00946      9.55      2.00     6   5.3470
#         421       0.00907      9.28      2.00     6   5.3470
#         422       0.00998      5.96      2.00     4   5.3516
#         423       0.00815     23.76      1.00     6   5.3530
#         424       0.00904     28.27      1.00     6   5.3552
#         425       0.01025     11.28      2.00     5   5.3569
#         426       0.00701     20.27      2.00     5   5.3571
#         428       0.01296      4.68      2.00     5   5.3578
#         429       0.01109      4.03      1.00     4   5.3589
#         432       0.00677      5.28      2.00     3   5.3597
#         433       0.02741     10.06      2.00     5   5.3601
#         434       0.01222     17.69      2.00     5   5.3613
#         435       0.00339      9.31      2.00     4   5.3627
#         436       0.01020      5.77      2.00     4   5.3625
#         437       0.00692     10.80      2.00     4   5.3682
#         438       0.00858      8.42      2.00     6   5.3708
#         439       0.00976     13.86      2.00     6   5.3740
#         440       0.01242     14.19      2.00     6   5.3770
#         441       0.00582      5.70      2.00     4   5.3786
#         442       0.01050     13.50      2.00     5   5.3807
#         443       0.00861      8.60      2.00     6   5.3853
#         444       0.00860      9.32      2.00     6   5.3853
#         446       0.00845      4.69      2.00     6   5.3873
#         447       0.00908     14.37      2.00     5   5.3900
#         448       0.01078      4.44      2.00     4   5.3906
#         449       0.00517     12.72      2.00     4   5.3925
#         450       0.02365      9.57      1.00     6   5.3929
#         451       0.00664      6.56      2.00     5   5.3935
#         452       0.00673      6.15      2.00     5   5.3935
#         454       0.00984      5.15      2.00     5   5.3964
#         455       0.00483     46.45      2.00     5   5.3977
#         457       0.01483     27.98      2.00     6   5.3995
#         458       0.01252      4.52      2.00     5   5.4012
#         459       0.00921      7.69      2.00     6   5.4017
#         460       0.00675      6.18      2.00     4   5.4023
#         461       0.00376      7.28      2.00     4   5.4031
#         462       0.00444     15.51      2.00     5   5.4033
#         463       0.00544      6.22      2.00     4   5.4051
#         464       0.00941      7.38      2.00     4   5.4062
#         465       0.01232     29.57      2.00     6   5.4093
#         466       0.00843      4.22      2.00     6   5.4102
#         467       0.01459      5.95      2.00     5   5.4123
#         468       0.00468      5.46      2.00     5   5.4123
#         469       0.00750     12.02      2.00     4   5.4151
#         470       0.01456      4.39      2.00     7   5.4158
#         471       0.01735     13.64      2.00     7   5.4162
#         474       0.00839      9.47      2.00     4   5.4226
#         475       0.00955      4.99      2.00     5   5.4243
#         477       0.00842      6.68      2.00     4   5.4262
#         478       0.00528     42.57      2.00     5   5.4337
#         479       0.00744      4.91      1.00     4   5.4393
#         480       0.01017     17.23      2.00     5   5.4388
#         481       0.00831      7.78      2.00     5   5.4406
#         482       0.01078     20.95      2.00     6   5.4405
#         483       0.00698     13.12      2.00     5   5.4426
#         484       0.00821     10.41      2.00     5   5.4433
#         485       0.00921     17.34      2.00     5   5.4433
#         486       0.01823     11.16      2.00     7   5.4450
#         489       0.00891     23.31      2.00     6   5.4475
#         490       0.00935     31.98      2.00     6   5.4475
#         491       0.00516     24.59      2.00     5   5.4500
#         492       0.00465     35.20      2.00     6   5.4499
#         496       0.00734     23.06      2.00     5   5.4552
#         497       0.00982      4.82      2.00     5   5.4565
#         499       0.00919     18.02      2.00     6   5.4573
#         500       0.00539     32.98      2.00     6   5.4592
#         501       0.01038     13.39      2.00     5   5.4597
#         502       0.00928     23.27      2.00     6   5.4607
#         504       0.00425      7.95      2.00     4   5.4616
#         506       0.00501     17.49      2.00     5   5.4632
#         507       0.00986     29.91      2.00     6   5.4636
#         508       0.01115      6.53      2.00     4   5.4649
#         510       0.01040     11.33      2.00     5   5.4655
#         511       0.00599      8.82      2.00     4   5.4662
#         513       0.01522     12.65      2.00     7   5.4713
#         514       0.01005      7.35      2.00     5   5.4739
#         515       0.00961      4.41      2.00     5   5.4734
#         516       0.01583     28.30      2.00     6   5.4735
#         517       0.00727     18.60      2.00     5   5.4747
#         519       0.00479     14.98      2.00     5   5.4758
#         521       0.01169      4.08      2.00     5   5.4785
#         522       0.01506      5.39      2.00     5   5.4782
#         523       0.01004      7.69      2.00     6   5.4785
#         524       0.01039      9.67      2.00     6   5.4785
#         526       0.00641      7.85      2.00     5   5.4797
#         527       0.00711     39.29      2.00     6   5.4800
#         528       0.00829     14.21      2.00     5   5.4819
#         529       0.00957     13.83      2.00     6   5.4817
#         530       0.00941     12.16      2.00     6   5.4816
#         535       0.00438     21.93      2.00     5   5.4872
#         536       0.00950      6.30      2.00     5   5.4876
#         537       0.00696      9.83      2.00     5   5.4918
#         538       0.01591     10.01      2.00     7   5.4918
#         539       0.00534      6.01      2.00     5   5.4927
#         540       0.01008     10.48      2.00     6   5.4930
#         541       0.01979     23.63      2.00     6   5.4929
#         542       0.00975     14.47      2.00     6   5.4932
#         543       0.01129      9.90      2.00     6   5.4932
#         544       0.00938      4.41      2.00     6   5.4948
#         545       0.00955      6.35      2.00     6   5.4950
#         546       0.00558      4.98      2.00     4   5.4958
#         547       0.00984      4.84      2.00     6   5.4954
#         548       0.00981     13.26      2.00     6   5.4961
#         549       0.01159     12.09      2.00     6   5.4964
#         550       0.01059      9.99      2.00     5   5.4974
#         551       0.00984      6.00      2.00     5   5.4974
#         552       0.00953     11.15      2.00     5   5.4974
#         553       0.01083      9.82      2.00     6   5.4986
#         554       0.00963      8.34      2.00     6   5.4982
#         555       0.00818     13.67      2.00     6   5.4986
#         557       0.00555      8.78      2.00     5   5.5012
#         558       0.00793      6.39      2.00     5   5.5027
#         559       0.00894      4.99      2.00     5   5.5071
#         561       0.00949      4.43      2.00     4   5.5130
#         562       0.00836     40.29      2.00     6   5.5126
#         563       0.00630      8.69      2.00     5   5.5152
#         565       0.01026      5.94      2.00     5   5.5165
#         566       0.00947      7.42      2.00     6   5.5166
#         567       0.00900     12.45      2.00     6   5.5166
#         568       0.01331     15.07      2.00     5   5.5203
#         570       0.00840      4.38      2.00     4   5.5217
#         571       0.00749      8.68      2.00     6   5.5221
#         572       0.01028      6.01      2.00     6   5.5252
#         573       0.00984     11.53      2.00     6   5.5252
#         574       0.00715     11.37      2.00     6   5.5275
#         575       0.01634      5.84      2.00     4   5.5282
#         576       0.01648      6.02      2.00     4   5.5282
#         578       0.00773     18.75      2.00     5   5.5291
#         579       0.00991     12.98      2.00     6   5.5286
#         580       0.00977      9.55      2.00     6   5.5296
#         581       0.00929      4.79      2.00     6   5.5309
#         582       0.00934     10.16      2.00     5   5.5327
#         583       0.00935     10.04      2.00     5   5.5327
#         584       0.00946     14.34      2.00     6   5.5340
#         585       0.00960      9.57      2.00     6   5.5340
#         586       0.00486      5.30      2.00     4   5.5355
#         587       0.00666      5.89      2.00     5   5.5442
#         588       0.00934      5.98      2.00     3   5.5455
#         589       0.01072      4.31      2.00     4   5.5459
#         590       0.00679     12.71      2.00     5   5.5476
#         591       0.00447     12.97      2.00     5   5.5505
#         593       0.00961      7.00      2.00     5   5.5528
#         594       0.00681      5.89      2.00     4   5.5529
#         595       0.00966      7.05      2.00     6   5.5532
#         596       0.00932      4.17      2.00     5   5.5536
#         597       0.00865      8.24      2.00     6   5.5545
#         598       0.00996     13.06      2.00     6   5.5581
#         599       0.00458      7.39      1.00     2   5.5590
#         601       0.00934      7.37      2.00     6   5.5589
#         602       0.01191     13.28      2.00     6   5.5601
#         603       0.00891      9.89      2.00     6   5.5609
#         604       0.00939      5.38      2.00     6   5.5618
#         605       0.00905     47.75      2.00     6   5.5618
#         606       0.00499     70.08      2.00     7   5.5622
#         607       0.00870     22.18      2.00     6   5.5631
#         609       0.00604      5.84      2.00     4   5.5642
#         610       0.00646     65.04      2.00     7   5.5657
#         611       0.00879      5.95      2.00     5   5.5663
#         612       0.00938     28.18      2.00     6   5.5662
#         613       0.00529     13.52      1.00     4   5.5685
#         614       0.01063      6.26      1.00     6   5.5684
#         615       0.00501     13.85      1.00     4   5.5699
#         616       0.00844     69.42      2.00     7   5.5700
#         617       0.01058      8.10      1.00     6   5.5720
#         618       0.00886      6.00      2.00     5   5.5733
#         619       0.00616     13.20      2.00     4   5.5754
#         620       0.00452     18.63      2.00     3   5.5764
#         622       0.01109      9.61      2.00     5   5.5772
#         623       0.00821      9.47      2.00     5   5.5772
#         624       0.00874     10.55      2.00     6   5.5786
#         627       0.00838     70.88      2.00     7   5.5833
#         628       0.01651     10.26      2.00     6   5.5847
#         629       0.00908     86.58      2.00     7   5.5865
#         630       0.01038      5.61      2.00     5   5.5868
#         631       0.00930     21.56      2.00     6   5.5884
#         632       0.01085     30.13      2.00     6   5.5884
#         634       0.01022      5.22      2.00     6   5.5893
#         635       0.01067     10.75      2.00     6   5.5897
#         638       0.00446     12.74      1.00     4   5.5939
#         639       0.00502     12.18      2.00     5   5.5938
#         640       0.00762      7.81      2.00     6   5.5941
#         642       0.01337     21.78      2.00     5   5.6001
#         644       0.00529      6.34      1.00     4   5.6018
#         646       0.00524      4.03      2.00     5   5.6018
#         647       0.00995      4.40      2.00     5   5.6033
#         648       0.00753     14.04      1.00     6   5.6048
#         649       0.01781      7.49      2.00     6   5.6048
#         651       0.00545      5.04      2.00     5   5.6076
#         652       0.00863     10.37      2.00     6   5.6075
#         653       0.01033     10.58      2.00     6   5.6093
#         654       0.05469     20.59      2.00     6   5.6093
#         655       0.00981     11.06      2.00     6   5.6113
#         657       0.00548     15.43      2.00     5   5.6120
#         658       0.00963     10.16      2.00     6   5.6124
#         660       0.01494      9.04      2.00     6   5.6136
#         661       0.01173     12.39      2.00     6   5.6136
#         662       0.01302     14.52      2.00     6   5.6136
#         664       0.01038      8.77      2.00     6   5.6139
#         665       0.01169      9.76      2.00     7   5.6143
#         666       0.00844     20.34      2.00     7   5.6143
#         667       0.01053      9.75      2.00     6   5.6156
#         668       0.01214      9.57      2.00     5   5.6166
#         669       0.00978     14.39      2.00     7   5.6175
#         670       0.01134     36.42      2.00     7   5.6175
#         671       0.00443      5.77      2.00     5   5.6196
#         672       0.00450      5.83      2.00     5   5.6196
#         673       0.00792     17.22      2.00     5   5.6228
#         674       0.01161      7.37      2.00     6   5.6230
#         675       0.00970     15.33      2.00     6   5.6230
#         676       0.01013     16.29      2.00     6   5.6234
#         678       0.01606     62.38      2.00     5   5.6260
#         679       0.00925      9.20      2.00     5   5.6269
#         680       0.01057      5.78      2.00     5   5.6284
#         682       0.00319     19.21      2.00     3   5.6289
#         683       0.01317      7.18      2.00     5   5.6289
#         684       0.00748     30.91      2.00     7   5.6286
#         685       0.00981     15.80      2.00     7   5.6286
#         686       0.00903     36.69      2.00     7   5.6288
#         687       0.00960     33.20      2.00     7   5.6288
#         688       0.01218     25.94      2.00     7   5.6308
#         689       0.00977     32.38      2.00     7   5.6318
#         690       0.00869     28.09      2.00     7   5.6318
#         692       0.00544      5.00      2.00     5   5.6337
#         693       0.00709     42.15      2.00     7   5.6340
#         694       0.00816     19.60      2.00     5   5.6360
#         695       0.00849      7.45      2.00     6   5.6370
#         697       0.00549     14.61      2.00     5   5.6373
#         698       0.01354      6.01      2.00     6   5.6386
#         699       0.00533     35.74      2.00     5   5.6392
#         700       0.01122     22.12      2.00     6   5.6392
#         701       0.00775      9.44      2.00     5   5.6407
#         702       0.00490     15.98      2.00     5   5.6420
#         703       0.01421     61.45      2.00     5   5.6421
#         704       0.00955     12.60      2.00     6   5.6425
#         705       0.01651      7.66      2.00     6   5.6425
#         706       0.01388      8.27      2.00     6   5.6447
#         707       0.00279     26.53      2.00     4   5.6464
#         708       0.00602      8.97      2.00     5   5.6469
#         709       0.01470      5.73      2.00     6   5.6470
#         710       0.00881      7.76      2.00     5   5.6479
#         711       0.00972     35.16      2.00     6   5.6509
#         712       0.01014     14.82      2.00     6   5.6523
#         715       0.00646     20.56      1.00     6   5.6541
#         716       0.00732     10.99      1.00     6   5.6536
#         717       0.00364      6.30      2.00     5   5.6565
#         718       0.01118     12.98      2.00     7   5.6618
#         719       0.01061     29.35      2.00     7   5.6618
#         720       0.00940      9.47      2.00     6   5.6622
#         721       0.00966      5.86      2.00     6   5.6622
#         722       0.00953      7.11      2.00     6   5.6653
#         723       0.00531     14.51      2.00     5   5.6667
#         724       0.00864     30.60      2.00     7   5.6667
#         725       0.00860     15.48      2.00     7   5.6667
#         726       0.00370     10.54      1.00     4   5.6670
#         727       0.00543      5.65      2.00     5   5.6686
#         728       0.01254      4.03      2.00     4   5.6701
#         729       0.01318      6.71      2.00     6   5.6714
#         732       0.00966      7.89      2.00     6   5.6736
#         733       0.00970      5.55      2.00     6   5.6736
#         734       0.00587     32.37      2.00     5   5.6752
#         735       0.01260      4.14      2.00     4   5.6770
#         736       0.00844     34.20      1.00     6   5.6770
#         737       0.00921      7.02      2.00     6   5.6785
#         738       0.00690     12.31      2.00     4   5.6795
#         739       0.00835     47.09      2.00     6   5.6802
#         741       0.01187     28.22      2.00     5   5.6819
#         742       0.00531     12.43      2.00     5   5.6818
#         743       0.01549     79.52      1.00     6   5.6834
#         744       0.00584     19.62      2.00     6   5.6842
#         745       0.00687     20.50      2.00     5   5.6849
#         746       0.01108     19.82      2.00     6   5.6855
#         747       0.00571      6.36      2.00     5   5.6863
#         748       0.01131      8.63      2.00     7   5.6864
#         749       0.00860     14.79      2.00     7   5.6864
#         750       0.00589     14.11      2.00     5   5.6885
#         751       0.01138     19.86      2.00     6   5.6894
#         753       0.02054      4.19      2.00     3   5.6910
#         754       0.00865     41.40      2.00     7   5.6909
#         755       0.00979     36.15      2.00     7   5.6910
#         756       0.00667     35.86      2.00     5   5.6917
#         757       0.01116     43.58      2.00     6   5.6915
#         758       0.00797     18.21      2.00     6   5.6915
#         759       0.00929     26.71      2.00     6   5.6935
#         760       0.00823     44.83      2.00     6   5.6935
#         761       0.00697     26.24      2.00     6   5.6935
#         762       0.00673      7.25      2.00     4   5.6944
#         763       0.00902     20.38      2.00     6   5.6947
#         764       0.00649     24.56      1.00     6   5.6944
#         765       0.01103     46.35      2.00     7   5.6949
#         766       0.00848     19.22      2.00     7   5.6949
#         767       0.00546     87.14      2.00     6   5.6967
#         768       0.01059      4.96      2.00     6   5.6970
#         769       0.02337      8.33      2.00     6   5.6971
#         770       0.00988     15.65      2.00     6   5.6983
#         771       0.00474     17.26      1.00     4   5.6988
#         772       0.00723      5.15      2.00     4   5.6989
#         773       0.01040      6.54      2.00     6   5.6991
#         774       0.00955     14.64      2.00     6   5.6991
#         775       0.01131     15.96      2.00     5   5.6998
#         776       0.00848     12.46      2.00     5   5.7000
#         777       0.00304     26.16      2.00     4   5.7010
#         780       0.00664     18.98      1.00     6   5.7060
#         781       0.01117      4.25      2.00     4   5.7061
#         782       0.00529      5.45      2.00     6   5.7066
#         783       0.00506     11.80      2.00     6   5.7061
#         784       0.00506     10.37      2.00     6   5.7061
#         785       0.00805     30.07      2.00     6   5.7067
#         786       0.01129     50.71      2.00     6   5.7067
#         787       0.00557     26.17      2.00     6   5.7080
#         788       0.00944     40.46      2.00     6   5.7088
#         789       0.00941     14.87      2.00     6   5.7088
#         790       0.00536     25.52      1.00     6   5.7099
#         791       0.00598     12.52      2.00     6   5.7110
#         792       0.00932     62.72      2.00     7   5.7113
#         793       0.01269      7.53      1.00     6   5.7120
#         794       0.01131      4.24      2.00     4   5.7130
#         795       0.00825     19.52      2.00     6   5.7141
#         796       0.00620     19.53      2.00     6   5.7142
#         797       0.01446     75.52      1.00     6   5.7142
#         798       0.00548     24.88      2.00     6   5.7157
#         799       0.00847      4.50      2.00     4   5.7166
#         800       0.00671     32.05      1.00     6   5.7165
#         801       0.01778      7.17      2.00     6   5.7177
#         802       0.00543     25.93      2.00     6   5.7173
#         803       0.01059     12.69      2.00     6   5.7177
#         804       0.01068     10.63      2.00     6   5.7177
#         805       0.00291     39.44      2.00     5   5.7185
#         806       0.01258     14.13      2.00     6   5.7188
#         807       0.01486     32.33      2.00     7   5.7201
#         808       0.01504     25.78      2.00     7   5.7201
#         811       0.01285     14.26      2.00     7   5.7220
#         812       0.01305      8.91      2.00     7   5.7220
#         813       0.00402     10.68      2.00     3   5.7231
#         814       0.00889      5.14      2.00     5   5.7229
#         815       0.01227      8.11      2.00     5   5.7228
#         816       0.01221      7.76      2.00     5   5.7228
#         817       0.00567     18.76      2.00     5   5.7249
#         818       0.00990     14.50      2.00     7   5.7251
#         819       0.01133     16.34      2.00     7   5.7252
#         820       0.00512      7.36      1.00     6   5.7260
#         821       0.00347     11.07      1.00     6   5.7286
#         822       0.00712      6.47      1.00     6   5.7294
#         823       0.01145     21.76      2.00     7   5.7295
#         824       0.01259     27.43      2.00     7   5.7299
#         825       0.00951      6.41      2.00     5   5.7307
#         826       0.00916     12.60      2.00     5   5.7315
#         827       0.00784      4.55      2.00     6   5.7322
#         828       0.00393     22.72      2.00     4   5.7342
#         831       0.00608      9.24      2.00     6   5.7355
#         832       0.01029      7.63      2.00     5   5.7360
#         833       0.00697      5.41      2.00     6   5.7368
#         834       0.00852     10.85      2.00     6   5.7382
#         835       0.00598      4.76      2.00     5   5.7387
#         836       0.00598      5.30      2.00     5   5.7387
#         837       0.00644     35.98      2.00     6   5.7388
#         838       0.00515     13.02      2.00     5   5.7394
#         839       0.01009     10.06      2.00     5   5.7397
#         840       0.00449     11.77      2.00     6   5.7393
#         841       0.00357     14.80      2.00     4   5.7406
#         843       0.00979      7.86      2.00     5   5.7414
#         846       0.00796     28.51      2.00     6   5.7439
#         848       0.00952     24.75      2.00     6   5.7447
#         849       0.00554     19.44      2.00     6   5.7459
#         850       0.00380     14.77      2.00     5   5.7470
#         851       0.01036     28.94      2.00     6   5.7473
#         852       0.00603     76.48      2.00     6   5.7473
#         853       0.00534      5.02      2.00     5   5.7482
#         855       0.01326     24.10      2.00     7   5.7490
#         856       0.01023     35.09      2.00     7   5.7490
#         857       0.00937      4.56      2.00     5   5.7507
#         858       0.00330     33.79      2.00     5   5.7516
#         859       0.01139      5.90      2.00     5   5.7523
#         860       0.01059      6.84      2.00     5   5.7533
#         861       0.00531      9.45      2.00     6   5.7536
#         862       0.00541      7.56      2.00     6   5.7536
#         864       0.00468      5.24      2.00     4   5.7556
#         865       0.01298     22.76      2.00     6   5.7563
#         867       0.00881      7.58      2.00     5   5.7582
#         868       0.01348      5.38      2.00     6   5.7581
#         870       0.01086      8.09      2.00     5   5.7588
#         871       0.01101      8.20      2.00     5   5.7588
#         872       0.01009     27.51      2.00     6   5.7592
#         873       0.01071     24.87      2.00     7   5.7588
#         874       0.01276     43.80      2.00     7   5.7588
#         876       0.00960      4.67      2.00     5   5.7602
#         877       0.00898      4.55      2.00     6   5.7605
#         878       0.00443      8.71      2.00     6   5.7618
#         879       0.00765     26.24      1.00     6   5.7634
#         880       0.01015     18.66      2.00     6   5.7645
#         881       0.00519     10.45      1.00     4   5.7671
#         883       0.01345      4.84      2.00     6   5.7694
#         884       0.00523     49.00      2.00     5   5.7709
#         886       0.00836     21.43      2.00     6   5.7720
#         887       0.00818     21.00      2.00     6   5.7720
#         888       0.01112     34.45      2.00     6   5.7720
#         889       0.00521     35.93      2.00     5   5.7724
#         890       0.01190     18.25      2.00     7   5.7744
#         891       0.01084     21.73      2.00     7   5.7744
#         892       0.01666      4.74      2.00     3   5.7752
#         893       0.00519     31.86      1.00     6   5.7777
#         894       0.01190     24.46      2.00     7   5.7775
#         895       0.01188     24.63      2.00     7   5.7775
#         896       0.01336     22.12      2.00     7   5.7779
#         897       0.01366     22.20      2.00     7   5.7779
#         899       0.00600     20.56      1.00     6   5.7805
#         900       0.01319     17.52      2.00     7   5.7801
#         901       0.01110     19.26      2.00     7   5.7801
#         904       0.00895      7.53      2.00     5   5.7867
#         906       0.00678      6.68      2.00     5   5.7871
#         907       0.01671      7.23      2.00     5   5.7889
#         908       0.01671      7.44      2.00     5   5.7889
#         909       0.00855      6.24      2.00     5   5.7908
#         910       0.01259     25.28      2.00     5   5.7918
#         911       0.03169      8.54      2.00     6   5.7922
#         912       0.00486     17.99      2.00     4   5.7931
#         913       0.00542      4.22      2.00     5   5.7933
#         914       0.00507      6.10      2.00     5   5.7958
#         915       0.00958      7.57      2.00     5   5.7962
#         917       0.01255     45.70      2.00     6   5.7971
#         919       0.00877     21.99      2.00     7   5.7980
#         920       0.01019     23.06      2.00     7   5.7980
#         921       0.01524      4.96      2.00     7   5.7985
#         922       0.04136      4.95      2.00     7   5.7985
#         924       0.02582      8.46      2.00     6   5.8026
#         926       0.00483     47.56      2.00     5   5.8041
#         927       0.00863      4.40      2.00     6   5.8038
#         928       0.01150     21.85      2.00     6   5.8051
#         929       0.00732      5.72      2.00     4   5.8062
#         930       0.00556      7.74      2.00     5   5.8065
#         931       0.00592     14.88      2.00     5   5.8067
#         932       0.01495      4.68      2.00     6   5.8067
#         933       0.00934     18.76      2.00     7   5.8068
#         934       0.01089     21.16      2.00     7   5.8068
#         935       0.01407     25.42      2.00     7   5.8105
#         936       0.01030     19.81      2.00     7   5.8113
#         938       0.01250      5.62      2.00     5   5.8136
#         939       0.01306     13.74      2.00     7   5.8134
#         940       0.00547      4.16      2.00     4   5.8139
#         941       0.01036     10.46      2.00     7   5.8143
#         942       0.00883     39.65      2.00     5   5.8165
#         944       0.00884     25.79      2.00     6   5.8228
#         945       0.00939      5.28      2.00     5   5.8236
#         946       0.01244      6.13      2.00     6   5.8232
#         947       0.00568     16.80      2.00     5   5.8250
#         948       0.00632     30.95      2.00     6   5.8260
#         950       0.00856      4.76      2.00     5   5.8268
#         951       0.00599     31.90      2.00     6   5.8292
#         952       0.00745     18.47      2.00     6   5.8292
#         953       0.00799     16.68      2.00     6   5.8292
#         954       0.01770     27.11      2.00     7   5.8299
#         955       0.01792     20.81      2.00     7   5.8299
#         956       0.01187     22.59      2.00     7   5.8310
#         957       0.01121     42.69      2.00     7   5.8310
#         958       0.01183     28.85      2.00     6   5.8314
#         959       0.00858     27.41      2.00     6   5.8314
#         960       0.01123     45.03      2.00     6   5.8314
#         961       0.00855      4.67      2.00     6   5.8348
#         962       0.00599     22.28      2.00     6   5.8358
#         963       0.00885      6.76      2.00     5   5.8377
#         964       0.02731      8.87      2.00     7   5.8380
#         965       0.02769      6.99      2.00     7   5.8380
#         966       0.00976     11.49      2.00     6   5.8390
#         967       0.00862     17.35      2.00     7   5.8388
#         970       0.00769     72.45      2.00     6   5.8413
#         971       0.00958      4.31      2.00     5   5.8423
#         972       0.00585     34.80      1.00     6   5.8431
#         973       0.01508      6.25      2.00     6   5.8438
#         974       0.00643      7.84      2.00     6   5.8453
#         975       0.00598      4.78      2.00     6   5.8453
#         976       0.00516      7.04      2.00     6   5.8466
#         977       0.01206      9.70      2.00     6   5.8468
#         978       0.00532     11.64      2.00     6   5.8472
#         979       0.00567      7.67      2.00     6   5.8472
#         981       0.01653     14.69      2.00     7   5.8490
#         984       0.01542     19.14      2.00     7   5.8504
#         985       0.00892     30.58      2.00     7   5.8504
#         986       0.00614      4.20      2.00     4   5.8524
#         987       0.00362      4.26      2.00     5   5.8543
#         989       0.00845      7.70      2.00     5   5.8559
#         990       0.01011     13.52      2.00     6   5.8558
#         991       0.00438      6.29      1.00     2   5.8573
#         993       0.02152     13.77      2.00     6   5.8590
#         995       0.00996      4.74      1.00     6   5.8590
#         997       0.00560     22.69      2.00     6   5.8592
#         999       0.01118     24.64      2.00     6   5.8607
#        1000       0.00441     13.64      2.00     4   5.8612
#        1001       0.02525      8.67      2.00     6   5.8627
#        1003       0.00692     25.45      2.00     6   5.8639
#        1004       0.00680     26.10      2.00     5   5.8652
#        1005       0.01002     10.97      2.00     6   5.8647
#        1007       0.00810      5.36      2.00     5   5.8662
#        1008       0.00975     35.38      2.00     6   5.8663
#        1010       0.00950     71.62      2.00     6   5.8695
#        1011       0.03450      8.41      2.00     6   5.8707
#        1012       0.01029     16.87      2.00     7   5.8728
#        1013       0.00576     14.89      2.00     3   5.8733
#        1015       0.00829     33.09      2.00     6   5.8752
#        1016       0.00775     16.94      2.00     6   5.8752
#        1017       0.00846     16.14      2.00     6   5.8752
#        1018       0.00377     73.32      2.00     6   5.8762
#        1019       0.00571     11.18      2.00     6   5.8772
#        1020       0.00492     20.19      2.00     3   5.8782
#        1021       0.00463     20.99      2.00     5   5.8787
#        1022       0.00647      5.67      2.00     6   5.8791
#        1024       0.01255     10.67      2.00     7   5.8806
#        1025       0.01021     15.88      2.00     6   5.8811
#        1027       0.00971      4.10      2.00     5   5.8829
#        1028       0.00481     30.97      2.00     4   5.8835
#        1029       0.01124     21.74      2.00     6   5.8838
#        1030       0.00868     10.15      2.00     5   5.8851
#        1032       0.00559      9.69      2.00     6   5.8849
#        1033       0.00537      5.54      1.00     4   5.8873
#        1034       0.01522      4.88      2.00     6   5.8870
#        1035       0.20899     19.86      2.00     6   5.8870
#        1036       0.01321      4.95      2.00     6   5.8887
#        1038       0.00492      9.32      1.00     4   5.8894
#        1039       0.00918      6.42      2.00     5   5.8896
#        1040       0.00597      8.02      2.00     6   5.8893
#        1041       0.00602      8.52      2.00     6   5.8924
#        1042       0.00818     14.31      2.00     6   5.8936
#        1043       0.00587     20.52      2.00     6   5.8937
#        1044       0.01852      8.77      2.00     7   5.8939
#        1045       0.00467     25.84      2.00     4   5.8942
#        1046       0.00577      5.75      2.00     6   5.8977
#        1047       0.00506     27.24      2.00     5   5.8983
#        1048       0.00798      4.18      2.00     5   5.8985
#        1049       0.00489      5.16      2.00     6   5.8990
#        1050       0.00471     18.69      1.00     4   5.8991
#        1052       0.00889      5.16      2.00     3   5.9000
#        1053       0.00472     42.33      2.00     5   5.8996
#        1054       0.00443     13.84      2.00     3   5.9015
#        1055       0.00926     16.27      2.00     6   5.9030
#        1056       0.01888      4.50      2.00     6   5.9030
#        1058       0.01348     17.16      2.00     7   5.9048
#        1059       0.00515      6.42      2.00     6   5.9044
#        1060       0.00465     62.42      2.00     5   5.9044
#        1061       0.02083     14.57      2.00     7   5.9048
#        1062       0.00531     11.94      2.00     6   5.9055
#        1063       0.00546      5.59      2.00     6   5.9055
#        1064       0.01130      8.00      2.00     4   5.9067
#        1065       0.00914      4.51      2.00     5   5.9065
#        1067       0.00497     38.04      1.00     6   5.9094
#        1068       0.01001     18.51      2.00     6   5.9098
#        1069       0.00464     54.79      1.00     6   5.9097
#        1070       0.00902      4.58      2.00     5   5.9118
#        1071       0.00673      5.73      2.00     5   5.9117
#        1072       0.01180     39.39      2.00     5   5.9126
#        1073       0.00543     13.36      2.00     6   5.9121
#        1074       0.01291     39.97      2.00     6   5.9132
#        1075       0.00822     27.43      2.00     6   5.9131
#        1077       0.00858     13.01      2.00     6   5.9134
#        1079       0.01233      5.68      2.00     4   5.9150
#        1080       0.00403     16.76      2.00     4   5.9175
#        1082       0.00926      4.71      2.00     5   5.9182
#        1083       0.00562     72.17      2.00     6   5.9179
#        1084       0.00823     13.33      2.00     6   5.9187
#        1086       0.02691    105.50      2.00     7   5.9205
#        1087       0.00846      4.08      2.00     5   5.9213
#        1088       0.00356     23.21      2.00     4   5.9224
#        1089       0.01465      4.86      2.00     6   5.9219
#        1091       0.01655      4.84      2.00     6   5.9230
#        1092       0.01067     61.21      2.00     6   5.9230
#        1093       0.01000     47.38      2.00     7   5.9237
#        1094       0.00990     95.33      2.00     7   5.9237
#        1095       0.02583     13.57      2.00     7   5.9249
#        1097       0.00606      4.50      2.00     5   5.9253
#        1098       0.00901     13.85      2.00     6   5.9266
#        1099       0.00857      6.39      2.00     6   5.9266
#        1100       0.00987     63.07      2.00     6   5.9268
#        1101       0.00962    189.60      2.00     7   5.9269
#        1102       0.00399     37.07      2.00     5   5.9277
#        1103       0.01980      4.07      2.00     4   5.9280
#        1104       0.00889     15.67      2.00     6   5.9282
#        1105       0.03354     22.49      2.00     7   5.9281
#        1106       0.00325      4.01      2.00     3   5.9299
#        1107       0.00613      5.09      2.00     6   5.9307
#        1108       0.00549     24.07      2.00     5   5.9311
#        1109       0.00790     13.02      2.00     5   5.9319
#        1110       0.00651     77.96      2.00     7   5.9325
#        1111       0.00896      4.07      2.00     5   5.9345
#        1112       0.02631     22.67      2.00     7   5.9348
#        1114       0.01069     77.10      2.00     7   5.9350
#        1115       0.00893     38.78      2.00     7   5.9350
#        1116       0.01198     77.92      2.00     7   5.9357
#        1117       0.00784     57.82      2.00     7   5.9357
#        1118       0.00862     12.25      2.00     5   5.9373
#        1119       0.00898     25.50      2.00     6   5.9373
#        1120       0.01293     38.43      2.00     6   5.9373
#        1121       0.00980     24.10      2.00     6   5.9373
#        1122       0.00969     55.04      2.00     7   5.9370
#        1123       0.00939     55.72      2.00     7   5.9370
#        1124       0.01220     75.54      2.00     7   5.9380
#        1125       0.01215     76.16      2.00     7   5.9380
#        1126       0.00508      5.44      2.00     5   5.9385
#        1127       0.01051     30.52      2.00     7   5.9382
#        1128       0.01486     16.92      2.00     7   5.9394
#        1129       0.02409     14.42      2.00     7   5.9394
#        1130       0.00872      7.37      2.00     6   5.9399
#        1132       0.00953      4.21      2.00     6   5.9403
#        1133       0.00967    107.20      2.00     7   5.9402
#        1134       0.00899     11.76      2.00     6   5.9412
#        1135       0.00861      7.23      2.00     5   5.9418
#        1136       0.01314     10.83      2.00     7   5.9414
#        1137       0.00975      5.70      2.00     6   5.9425
#        1138       0.00667     31.87      2.00     7   5.9424
#        1139       0.00933      8.38      2.00     6   5.9430
#        1140       0.00658      5.41      2.00     5   5.9442
#        1142       0.00473      8.73      1.00     4   5.9456
#        1143       0.00709     21.56      2.00     7   5.9455
#        1145       0.01123     36.46      1.00     6   5.9464
#        1146       0.01271      5.90      2.00     5   5.9466
#        1147       0.00967      8.85      2.00     6   5.9475
#        1148       0.01077    115.40      2.00     7   5.9478
#        1149       0.00629     25.40      2.00     7   5.9496
#        1150       0.01309     25.79      2.00     6   5.9514
#        1152       0.00987      8.92      2.00     6   5.9536
#        1153       0.00853      9.11      2.00     6   5.9535
#        1155       0.00640     28.68      2.00     7   5.9537
#        1156       0.00719      8.54      2.00     5   5.9551
#        1158       0.01043      5.07      2.00     6   5.9554
#        1159       0.00558     31.81      2.00     6   5.9562
#        1162       0.02098     12.42      2.00     7   5.9594
#        1164       0.00907      8.02      1.00     6   5.9607
#        1165       0.00580     12.83      2.00     6   5.9608
#        1167       0.00870      4.84      2.00     5   5.9625
#        1168       0.00864     21.44      2.00     6   5.9620
#        1169       0.01116     13.62      2.00     5   5.9635
#        1170       0.00747      7.41      2.00     5   5.9639
#        1171       0.01183      8.28      2.00     6   5.9642
#        1173       0.00609     45.58      2.00     7   5.9657
#        1174       0.00935     42.01      1.00     6   5.9661
#        1175       0.01085      4.50      2.00     6   5.9663
#        1177       0.00870     21.11      2.00     6   5.9682
#        1178       0.00654     26.58      2.00     7   5.9681
#        1179       0.01302      9.91      2.00     7   5.9680
#        1180       0.00951     27.53      2.00     7   5.9689
#        1181       0.00514     26.70      2.00     7   5.9695
#        1182       0.00917      9.84      2.00     4   5.9698
#        1183       0.00910      6.38      2.00     6   5.9710
#        1185       0.01099      5.74      2.00     5   5.9729
#        1186       0.00958     11.00      2.00     6   5.9727
#        1187       0.01200     63.51      2.00     7   5.9730
#        1188       0.01118     22.98      2.00     7   5.9730
#        1190       0.01026      7.73      2.00     6   5.9741
#        1193       0.00985     15.08      2.00     5   5.9764
#        1196       0.00961      7.79      2.00     6   5.9764
#        1197       0.00726     46.33      2.00     7   5.9762
#        1198       0.00712      7.47      2.00     5   5.9767
#        1199       0.00873     11.79      2.00     6   5.9777
#        1200       0.00958      4.39      2.00     6   5.9818
#        1201       0.00594     21.64      2.00     7   5.9828
#        1202       0.00723     10.01      2.00     5   5.9855
#        1203       0.01107      7.06      2.00     6   5.9850
#        1204       0.00698     28.97      2.00     5   5.9858
#        1205       0.00590     20.84      2.00     7   5.9856
#        1206       0.00992     76.89      2.00     7   5.9875
#        1207       0.00815     53.01      2.00     7   5.9875
#        1208       0.00834     10.64      2.00     5   5.9880
#        1209       0.00713     33.84      2.00     7   5.9876
#        1210       0.01056      4.50      2.00     7   5.9882
#        1212       0.01102     37.09      2.00     7   5.9894
#        1213       0.00838     23.02      2.00     7   5.9894
#        1214       0.01171     57.30      2.00     7   5.9903
#        1215       0.01340     19.23      2.00     7   5.9903
#        1216       0.00358     11.00      2.00     6   5.9905
#        1219       0.00801      8.86      2.00     6   5.9918
#        1221       0.00837     20.33      2.00     6   5.9933
#        1222       0.01316     62.15      2.00     7   5.9935
#        1223       0.01089     27.18      2.00     7   5.9935
#        1225       0.00914     12.24      2.00     7   5.9958
#        1226       0.01022     22.79      2.00     7   5.9958
#        1227       0.00793     17.53      2.00     7   5.9971
#        1228       0.00890     29.51      2.00     7   5.9971
#        1230       0.00805     23.72      2.00     7   5.9989
#        1231       0.00854     35.26      2.00     7   5.9989
#        1232       0.01000    161.80      2.00     7   5.9990
#        1233       0.01530      5.89      2.00     7   6.0016
#        1234       0.01004      4.86      2.00     6   6.0021
#        1235       0.00568     40.94      2.00     6   6.0032
#        1236       0.00592     48.71      2.00     6   6.0032
#        1237       0.01254     13.58      2.00     6   6.0041
#        1239       0.04155      7.94      1.00     6   6.0039
#        1240       0.01353      5.33      2.00     4   6.0057
#        1242       0.00663     28.09      2.00     7   6.0060
#        1243       0.00947      7.38      2.00     6   6.0086
#        1244       0.00926      8.22      2.00     6   6.0086
#        1245       0.00846      7.04      2.00     5   6.0093
#        1247       0.00878     19.40      2.00     6   6.0094
#        1248       0.00905      6.49      2.00     6   6.0096
#        1249       0.00935      6.54      2.00     6   6.0096
#        1250       0.00857      9.06      2.00     6   6.0107
#        1251       0.01274      8.68      2.00     5   6.0124
#        1252       0.00889      4.07      2.00     5   6.0124
#        1253       0.00908      4.12      2.00     5   6.0124
#        1254       0.00359     16.17      2.00     4   6.0137
#        1255       0.00841     28.39      2.00     7   6.0134
#        1256       0.00950     11.91      2.00     6   6.0139
#        1258       0.00861     11.78      2.00     6   6.0157
#        1259       0.00942     19.99      2.00     6   6.0163
#        1260       0.01152      8.19      2.00     6   6.0167
#        1261       0.01046      8.62      2.00     6   6.0167
#        1262       0.02130      8.14      2.00     6   6.0173
#        1263       0.00626     26.94      2.00     7   6.0177
#        1264       0.00802      9.15      2.00     6   6.0182
#        1265       0.00557      4.07      2.00     5   6.0186
#        1266       0.00893     12.43      2.00     6   6.0187
#        1268       0.01083      7.15      2.00     6   6.0195
#        1269       0.01107      7.13      2.00     6   6.0195
#        1270       0.00559     20.71      2.00     4   6.0237
#        1271       0.00871     10.32      2.00     6   6.0240
#        1272       0.00996     32.75      2.00     7   6.0236
#        1273       0.01328     65.66      2.00     7   6.0236
#        1274       0.00980     59.26      2.00     6   6.0248
#        1275       0.00402     13.65      2.00     5   6.0254
#        1276       0.00866     66.58      2.00     7   6.0254
#        1277       0.00903     34.27      2.00     7   6.0256
#        1279       0.00937     10.40      2.00     6   6.0262
#        1280       0.02000      5.30      2.00     5   6.0268
#        1282       0.01971     21.23      2.00     5   6.0297
#        1283       0.00610    110.50      2.00     7   6.0301
#        1285       0.01016      4.42      1.00     4   6.0315
#        1286       0.01017     85.53      2.00     7   6.0321
#        1291       0.00967      6.69      2.00     6   6.0343
#        1292       0.01047     36.90      2.00     7   6.0342
#        1293       0.00522     30.52      2.00     5   6.0346
#        1294       0.00828     12.22      2.00     6   6.0346
#        1295       0.00600      6.29      2.00     4   6.0354
#        1296       0.01013     11.01      2.00     7   6.0351
#        1297       0.01456      4.60      2.00     4   6.0359
#        1298       0.00854     11.02      2.00     6   6.0360
#        1301       0.00603     34.70      2.00     6   6.0364
#        1302       0.00561     13.08      2.00     6   6.0376
#        1303       0.00873     38.80      2.00     7   6.0389
#        1304       0.00517     27.87      2.00     5   6.0397
#        1306       0.00956      6.57      2.00     4   6.0399
#        1307       0.00534     52.63      2.00     6   6.0399
#        1308       0.00945     36.33      2.00     7   6.0411
#        1309       0.00807      4.11      2.00     6   6.0418
#        1311       0.01540      7.27      2.00     5   6.0425
#        1312       0.00907     21.11      2.00     6   6.0425
#        1313       0.00572     21.06      2.00     7   6.0429
#        1314       0.00632      7.82      2.00     4   6.0441
#        1315       0.01425     34.00      2.00     6   6.0442
#        1316       0.00856     11.91      2.00     6   6.0439
#        1317       0.00521     41.03      2.00     5   6.0446
#        1319       0.01102     12.21      2.00     6   6.0450
#        1320       0.01052     16.97      2.00     6   6.0454
#        1321       0.01267     14.96      2.00     7   6.0465
#        1322       0.00935     12.59      2.00     6   6.0470
#        1323       0.01456      8.44      2.00     6   6.0474
#        1327       0.01349     71.46      2.00     7   6.0482
#        1328       0.00716     13.21      2.00     7   6.0498
#        1329       0.00603     72.30      2.00     6   6.0499
#        1330       0.01426     64.50      2.00     7   6.0495
#        1331       0.01035     64.14      2.00     7   6.0495
#        1332       0.01348      6.14      2.00     7   6.0510
#        1333       0.01366      6.16      2.00     7   6.0510
#        1334       0.00875      4.02      2.00     5   6.0507
#        1335       0.01078     33.34      2.00     7   6.0507
#        1338       0.00729      4.59      2.00     6   6.0514
#        1341       0.01802      6.30      2.00     7   6.0532
#        1343       0.02018      7.93      2.00     7   6.0532
#        1346       0.01284    158.90      2.00     7   6.0529
#        1349       0.00520     63.01      2.00     6   6.0557
#        1352       0.00715      4.93      2.00     6   6.0565
#        1353       0.01051      8.51      2.00     6   6.0569
#        1354       0.01319     37.62      2.00     7   6.0567
#        1355       0.01280     38.16      2.00     7   6.0567
#        1356       0.00439     21.63      2.00     5   6.0579
#        1357       0.01249     41.76      1.00     6   6.0581
#        1358       0.00927      4.66      2.00     6   6.0590
#        1359       0.01013     18.40      2.00     6   6.0587
#        1360       0.00835      4.76      2.00     5   6.0599
#        1361       0.00582     10.40      2.00     5   6.0601
#        1362       0.01287      4.91      2.00     5   6.0617
#        1364       0.01175     36.09      2.00     7   6.0628
#        1365       0.01137     83.17      2.00     7   6.0628
#        1366       0.01005      6.11      2.00     6   6.0635
#        1367       0.00826      4.74      2.00     5   6.0642
#        1368       0.00993      7.77      2.00     6   6.0638
#        1369       0.00839     37.58      2.00     7   6.0640
#        1371       0.01275      4.54      1.00     6   6.0659
#        1372       0.00812     11.56      2.00     6   6.0668
#        1373       0.00681      6.70      2.00     5   6.0677
#        1374       0.00969      5.84      2.00     6   6.0678
#        1375       0.00910     38.34      2.00     7   6.0673
#        1376       0.00339     27.77      2.00     5   6.0679
#        1377       0.00615     13.94      2.00     5   6.0688
#        1378       0.00824      8.61      2.00     6   6.0684
#        1379       0.01041     12.92      2.00     6   6.0692
#        1380       0.00890      9.86      2.00     6   6.0690
#        1381       0.00915      6.36      2.00     6   6.0698
#        1383       0.01441      4.90      2.00     5   6.0708
#        1384       0.00562     10.58      1.00     6   6.0708
#        1385       0.00903     11.26      2.00     6   6.0704
#        1386       0.01022      5.21      2.00     6   6.0709
#        1388       0.00951      9.16      2.00     6   6.0730
#        1389       0.00865     15.95      2.00     7   6.0731
#        1390       0.01138    135.20      2.00     7   6.0726
#        1392       0.00933     25.06      2.00     6   6.0774
#        1393       0.01139      7.10      2.00     6   6.0781
#        1394       0.00950     19.19      2.00     7   6.0783
#        1395       0.00917     14.21      2.00     6   6.0800
#        1397       0.00570      7.90      2.00     4   6.0815
#        1398       0.00608      5.31      2.00     5   6.0812
#        1399       0.00953     24.63      2.00     7   6.0829
#        1400       0.00882      4.45      2.00     6   6.0846
#        1402       0.00904      4.97      2.00     6   6.0846
#        1403       0.01874      6.24      2.00     7   6.0850
#        1404       0.02383      7.79      2.00     7   6.0850
#        1405       0.01071      5.71      2.00     6   6.0851
#        1406       0.00647     10.23      2.00     5   6.0862
#        1408       0.00955     26.09      2.00     7   6.0864
#        1409       0.00576     14.90      2.00     5   6.0868
#        1410       0.01215     15.09      2.00     6   6.0868
#        1411       0.00876     10.62      2.00     7   6.0872
#        1414       0.01436      6.02      2.00     7   6.0881
#        1415       0.01439      5.95      2.00     7   6.0881
#        1416       0.00868     15.68      2.00     7   6.0886
#        1417       0.00555      6.09      2.00     4   6.0972
#        1418       0.00926     27.92      1.00     6   6.0968
#        1420       0.01581      4.63      2.00     5   6.0987
#        1421       0.01783      9.15      2.00     6   6.0985
#        1422       0.01105     17.45      2.00     5   6.1013
#        1425       0.00939     17.88      2.00     6   6.1016
#        1426       0.00555     10.66      2.00     5   6.1025
#        1427       0.00891     45.99      2.00     7   6.1042
#        1432       0.00463     13.04      2.00     6   6.1078
#        1433       0.00689     32.98      2.00     7   6.1074
#        1434       0.00962     14.33      2.00     5   6.1096
#        1436       0.01449     55.87      2.00     7   6.1107
#        1437       0.01068     11.87      2.00     7   6.1107
#        1438       0.00554     26.44      2.00     7   6.1104
#        1439       0.00653     18.48      2.00     6   6.1109
#        1440       0.00617     13.44      2.00     6   6.1112
#        1441       0.00637     14.02      2.00     5   6.1162
#        1443       0.00419     11.39      2.00     6   6.1176
#        1444       0.00755     23.27      2.00     7   6.1206
#        1445       0.00870      6.79      2.00     6   6.1216
#        1446       0.01173     11.78      2.00     7   6.1244
#        1447       0.02188      5.96      2.00     5   6.1268
#        1448       0.00563    102.80      2.00     7   6.1278
#        1449       0.01729      4.91      2.00     6   6.1291
#        1450       0.01333     11.01      2.00     6   6.1310
#        1451       0.01525      4.76      2.00     5   6.1318
#        1452       0.00893      6.98      2.00     6   6.1323
#        1453       0.00821     11.03      2.00     6   6.1335
#        1455       0.00521     36.38      2.00     5   6.1359
#        1459       0.00972     10.46      2.00     5   6.1372
#        1460       0.00578     23.48      2.00     7   6.1373
#        1461       0.01288      5.11      2.00     6   6.1378
#        1462       0.01241     14.47      2.00     5   6.1389
#        1464       0.00696     17.43      2.00     6   6.1398
#        1465       0.00642     12.59      2.00     5   6.1406
#        1466       0.00668     27.51      2.00     6   6.1410
#        1467       0.00981     27.39      2.00     7   6.1412
#        1468       0.00920      6.45      2.00     6   6.1420
#        1469       0.00940      9.71      2.00     7   6.1417
#        1472       0.00941     17.29      2.00     7   6.1426
#        1474       0.00846      4.42      2.00     6   6.1442
#        1475       0.01268     29.96      2.00     6   6.1442
#        1476       0.00920     27.98      2.00     7   6.1440
#        1477       0.00952      7.15      2.00     5   6.1456
#        1478       0.00982     19.53      2.00     7   6.1466
#        1480       0.00634     10.59      2.00     5   6.1493
#        1481       0.01676     20.29      2.00     7   6.1495
#        1483       0.00607     10.17      2.00     5   6.1502
#        1485       0.00545     34.34      2.00     6   6.1499
#        1488       0.00581     11.68      2.00     5   6.1522
#        1489       0.00513     52.85      2.00     6   6.1520
#        1490       0.00661      5.28      2.00     6   6.1542
#        1491       0.00608     18.82      2.00     6   6.1555
#        1492       0.00505     80.16      2.00     6   6.1568
#        1493       0.00989     56.15      2.00     7   6.1567
#        1494       0.00987     20.80      2.00     7   6.1569
#        1495       0.01162     10.73      2.00     7   6.1567
#        1496       0.00584     22.58      2.00     6   6.1575
#        1497       0.00917      4.94      1.00     6   6.1574
#        1498       0.00993     25.14      2.00     7   6.1590
#        1499       0.00549      9.58      2.00     6   6.1599
#        1502       0.00535    103.80      2.00     7   6.1610
#        1504       0.00504    148.40      2.00     7   6.1621
#        1505       0.01308      8.93      2.00     7   6.1625
#        1506       0.01634      7.40      2.00     6   6.1634
#        1507       0.00633     10.55      2.00     6   6.1631
#        1508       0.00546      9.91      1.00     6   6.1634
#        1511       0.00910      6.11      2.00     6   6.1648
#        1512       0.00650     21.92      2.00     6   6.1654
#        1513       0.01030     25.40      2.00     7   6.1659
#        1514       0.01565      4.15      2.00     6   6.1662
#        1515       0.00975      8.19      2.00     5   6.1674
#        1516       0.00589     13.23      2.00     5   6.1679
#        1518       0.00927     34.65      2.00     7   6.1686
#        1519       0.00939      8.13      2.00     6   6.1698
#        1520       0.00457     14.10      1.00     6   6.1701
#        1521       0.00911     11.26      2.00     7   6.1701
#        1523       0.01030    129.40      2.00     7   6.1703
#        1524       0.01090     19.60      1.00     6   6.1710
#        1526       0.00915     18.82      2.00     7   6.1717
#        1527       0.00797      4.59      2.00     6   6.1721
#        1529       0.00584     23.69      2.00     6   6.1732
#        1531       0.00603     10.86      2.00     6   6.1740
#        1532       0.00873      5.13      2.00     6   6.1743
#        1533       0.00588     19.72      2.00     6   6.1741
#        1534       0.00897     13.18      2.00     7   6.1743
#        1535       0.01502      4.10      2.00     7   6.1743
#        1537       0.01238      5.86      2.00     5   6.1757
#        1538       0.00899     21.13      2.00     7   6.1757
#        1539       0.00885      5.73      2.00     6   6.1764
#        1541       0.01263     10.05      2.00     6   6.1769
#        1543       0.00960     13.31      2.00     7   6.1772
#        1544       0.00977      4.42      2.00     7   6.1776
#        1545       0.00388      4.54      2.00     6   6.1782
#        1546       0.00766      6.39      2.00     6   6.1785
#        1547       0.00864     10.97      2.00     7   6.1790
#        1548       0.00424     41.57      2.00     6   6.1801
#        1549       0.00632     51.60      2.00     6   6.1801
#        1550       0.01372     15.49      2.00     6   6.1801
#        1552       0.00891     10.60      2.00     7   6.1806
#        1553       0.01192      5.72      2.00     6   6.1816
#        1554       0.00522     30.00      2.00     7   6.1831
#        1555       0.00886      7.21      2.00     6   6.1841
#        1556       0.01375      9.51      2.00     6   6.1843
#        1557       0.00978      9.46      2.00     7   6.1839
#        1558       0.01413      8.36      2.00     5   6.1849
#        1559       0.00768      6.49      2.00     6   6.1878
#        1560       0.01522      4.88      2.00     7   6.1876
#        1562       0.01336     18.18      2.00     7   6.1884
#        1563       0.01028     26.61      2.00     7   6.1897
#        1564       0.01521     63.31      2.00     7   6.1897
#        1567       0.00623     23.28      1.00     6   6.1901
#        1568       0.01330      8.04      2.00     6   6.1909
#        1569       0.01680     11.37      2.00     7   6.1910
#        1570       0.02461     10.51      2.00     7   6.1910
#        1571       0.01634      7.70      2.00     7   6.1910
#        1572       0.00835     19.83      2.00     7   6.1909
#        1574       0.01172     26.82      2.00     7   6.1921
#        1575       0.00878     14.24      2.00     7   6.1923
#        1577       0.00616     12.38      2.00     6   6.1934
#        1578       0.01030     33.40      2.00     7   6.1934
#        1579       0.00946     15.38      2.00     7   6.1946
#        1581       0.00836      4.76      2.00     6   6.1965
#        1582       0.02244      6.75      1.00     6   6.1961
#        1583       0.01606      9.44      2.00     6   6.1975
#        1584       0.01134     15.65      2.00     6   6.1999
#        1585       0.01601     17.72      2.00     7   6.2017
#        1590       0.00918      8.62      2.00     7   6.2044
#        1591       0.00879     23.01      2.00     7   6.2042
#        1594       0.01519      4.82      1.00     6   6.2057
#        1600       0.00910     20.54      2.00     6   6.2070
#        1601       0.00825      5.47      2.00     6   6.2070
#        1602       0.00828      5.57      2.00     6   6.2070
#        1603       0.01424      9.87      2.00     7   6.2078
#        1604       0.01958      9.05      2.00     7   6.2078
#        1605       0.01139     25.52      2.00     7   6.2087
#        1606       0.01670    115.70      2.00     7   6.2091
#        1607       0.01945      4.71      2.00     4   6.2105
#        1610       0.01199     11.47      2.00     7   6.2100
#        1612       0.00748      4.17      2.00     6   6.2130
#        1613       0.01021      4.14      2.00     7   6.2134
#        1614       0.01916      6.72      2.00     5   6.2141
#        1620       0.00928     12.57      2.00     7   6.2187
#        1621       0.00475      4.10      2.00     4   6.2197
#        1625       0.00341      4.29      2.00     6   6.2234
#        1626       0.01132      8.81      2.00     6   6.2245
#        1628       0.00473      4.06      2.00     4   6.2270
#        1629       0.01138      9.95      2.00     6   6.2301
#        1631       0.01134     28.70      2.00     7   6.2311
#        1632       0.00961      8.53      2.00     7   6.2311
#        1635       0.01295     29.23      2.00     7   6.2343
#        1636       0.01114     17.68      2.00     7   6.2343
#        1640       0.00974     16.70      2.00     6   6.2371
#        1641       0.01380     45.97      2.00     7   6.2375
#        1646       0.00873      8.44      2.00     7   6.2409
#        1647       0.00417     13.56      2.00     6   6.2424
#        1648       0.01557      8.33      2.00     5   6.2427
#        1651       0.01000      6.26      1.00     6   6.2430
#        1655       0.00449      4.88      2.00     3   6.2448
#        1656       0.00801      6.12      2.00     5   6.2444
#        1657       0.00357      5.39      2.00     5   6.2449
#        1658       0.01208     15.99      2.00     7   6.2457
#        1659       0.00844     14.13      2.00     7   6.2457
#        1660       0.01363     13.49      2.00     7   6.2457
#        1661       0.01268      7.24      2.00     6   6.2467
#        1662       0.01241     15.58      2.00     7   6.2476
#        1663       0.01012     19.32      2.00     7   6.2508
#        1664       0.00459      4.20      2.00     4   6.2516
#        1667       0.01453     11.49      2.00     7   6.2531
#        1668       0.01420     22.71      2.00     7   6.2536
#        1669       0.00938     15.52      2.00     7   6.2543
#        1670       0.00952      5.09      2.00     5   6.2555
#        1671       0.01027      4.48      2.00     6   6.2557
#        1675       0.00594      7.22      2.00     6   6.2571
#        1676       0.01336      6.03      2.00     5   6.2575
#        1677       0.00999     16.61      2.00     7   6.2575
#        1678       0.01024      4.60      2.00     6   6.2576
#        1679       0.01194      4.31      2.00     7   6.2580
#        1680       0.00934      4.57      2.00     5   6.2588
#        1682       0.01235      6.48      2.00     7   6.2602
#        1683       0.00480      7.05      2.00     4   6.2608
#        1685       0.00815      7.67      2.00     6   6.2615
#        1686       0.01034      7.70      2.00     7   6.2634
#        1687       0.04042      4.96      2.00     7   6.2647
#        1688       0.00505     10.40      2.00     4   6.2657
#        1689       0.00581      7.52      2.00     6   6.2658
#        1691       0.01023      7.88      2.00     5   6.2665
#        1692       0.00557      4.31      2.00     5   6.2664
#        1693       0.01093     14.86      2.00     7   6.2666
#        1694       0.01660     22.72      2.00     7   6.2668
#        1695       0.01196     11.05      2.00     7   6.2666
#        1697       0.00367      6.74      2.00     4   6.2673
#        1699       0.01345      9.30      2.00     6   6.2683
#        1700       0.00954      6.04      2.00     7   6.2688
#        1701       0.00707      4.75      2.00     6   6.2687
#        1703       0.01109      4.24      2.00     5   6.2696
#        1704       0.01181      6.74      2.00     6   6.2702
#        1707       0.00525     18.00      2.00     5   6.2710
#        1708       0.01857      4.34      2.00     7   6.2709
#        1709       0.01716      5.51      2.00     7   6.2709
#        1710       0.00403      6.53      2.00     4   6.2721
#        1712       0.01148     45.29      2.00     7   6.2720
#        1713       0.01014      9.66      2.00     6   6.2731
#        1714       0.01245      4.97      2.00     6   6.2731
#        1715       0.00924      5.02      2.00     6   6.2731
#        1716       0.01053     13.31      2.00     6   6.2731
#        1719       0.00936      7.68      2.00     6   6.2763
#        1722       0.01034      4.02      2.00     5   6.2765
#        1723       0.00472     10.39      2.00     4   6.2798
#        1724       0.00495      4.40      2.00     6   6.2802
#        1725       0.01079      9.64      2.00     7   6.2802
#        1726       0.01169      4.15      2.00     4   6.2809
#        1727       0.01824     10.27      2.00     6   6.2823
#        1728       0.01396      8.18      2.00     6   6.2827
#        1729       0.01129      8.20      2.00     7   6.2836
#        1731       0.00509     10.36      2.00     5   6.2847
#        1732       0.01157      8.98      2.00     6   6.2844
#        1734       0.00950     10.65      2.00     7   6.2864
#        1735       0.01310      7.21      2.00     7   6.2873
#        1736       0.01145      4.20      2.00     7   6.2869
#        1737       0.00760     53.11      2.00     7   6.2880
#        1738       0.00429      5.37      2.00     4   6.2890
#        1739       0.01857      5.68      2.00     5   6.2888
#        1740       0.01038     28.80      2.00     7   6.2889
#        1741       0.01301      7.07      2.00     6   6.2893
#        1742       0.01506     19.66      2.00     6   6.2902
#        1743       0.01355      7.63      1.00     6   6.2902
#        1744       0.02544      4.60      2.00     5   6.2919
#        1746       0.00699     14.72      2.00     6   6.2915
#        1747       0.00719     78.53      2.00     7   6.2923
#        1749       0.00851      8.07      2.00     7   6.2932
#        1751       0.01321      4.43      2.00     6   6.2938
#        1752       0.00922     20.54      2.00     7   6.2941
#        1753       0.01240      8.89      2.00     6   6.2947
#        1754       0.00562      5.05      2.00     6   6.2949
#        1756       0.00493     15.40      2.00     5   6.2959
#        1761       0.01145     24.20      2.00     7   6.2966
#        1762       0.01068     14.97      2.00     7   6.2966
#        1763       0.00862      8.50      2.00     7   6.2963
#        1764       0.00386      9.73      2.00     5   6.2969
#        1765       0.00580      4.57      2.00     4   6.2973
#        1766       0.01165      4.15      2.00     6   6.2976
#        1767       0.01412     22.53      2.00     7   6.2981
#        1768       0.00944     12.32      2.00     7   6.2986
#        1769       0.01301      4.37      2.00     6   6.2992
#        1770       0.02513      4.67      2.00     5   6.2988
#        1774       0.00422      8.08      2.00     6   6.3001
#        1775       0.00958      5.86      2.00     7   6.3001
#        1776       0.00782      6.98      2.00     7   6.3000
#        1777       0.00480     23.16      2.00     5   6.3008
#        1780       0.00638      4.72      2.00     6   6.3018
#        1781       0.00584    102.10      2.00     7   6.3023
#        1785       0.00867      8.17      2.00     7   6.3030
#        1787       0.00424      6.07      2.00     4   6.3041
#        1788       0.01219     12.24      2.00     7   6.3041
#        1789       0.01059     17.22      2.00     7   6.3051
#        1790       0.01356      5.35      2.00     6   6.3053
#        1793       0.00490     42.54      2.00     6   6.3061
#        1796       0.01095      7.88      2.00     7   6.3077
#        1797       0.00981      4.62      2.00     5   6.3077
#        1799       0.01513      4.01      2.00     4   6.3084
#        1801       0.00960      5.13      2.00     5   6.3096
#        1803       0.01343     10.27      2.00     7   6.3094
#        1804       0.01407      4.29      2.00     6   6.3099
#        1805       0.00929     20.85      2.00     7   6.3103
#        1807       0.00939      8.92      2.00     6   6.3109
#        1808       0.00349      4.42      2.00     4   6.3112
#        1811       0.00956      4.71      2.00     7   6.3114
#        1812       0.01492      5.72      2.00     5   6.3121
#        1813       0.00986      7.95      2.00     6   6.3119
#        1815       0.00933     10.03      2.00     7   6.3119
#        1816       0.00547      5.18      2.00     6   6.3129
#        1817       0.01526     20.86      2.00     6   6.3134
#        1818       0.01319     13.67      2.00     7   6.3141
#        1821       0.00805      4.35      2.00     7   6.3152
#        1822       0.00888      8.30      2.00     7   6.3152
#        1823       0.01847     27.12      2.00     7   6.3149
#        1824       0.01117     10.42      2.00     7   6.3152
#        1826       0.01415     10.37      2.00     7   6.3152
#        1827       0.00196      4.93      1.00     2   6.3153
#        1830       0.01532      5.28      2.00     7   6.3158
#        1831       0.01133      9.57      2.00     6   6.3168
#        1832       0.01652     13.22      2.00     7   6.3174
#        1833       0.00929      4.82      2.00     5   6.3189
#        1834       0.00630      5.67      2.00     4   6.3192
#        1836       0.00980     10.41      2.00     7   6.3194
#        1837       0.01837     16.14      2.00     7   6.3194
#        1838       0.00860      5.00      2.00     5   6.3204
#        1839       0.01043     12.63      2.00     7   6.3208
#        1840       0.01393      5.56      2.00     6   6.3213
#        1841       0.01115     22.79      2.00     7   6.3212
#        1846       0.00687     13.49      2.00     6   6.3233
#        1847       0.00341      8.99      2.00     4   6.3241
#        1848       0.00478     12.75      2.00     5   6.3240
#        1849       0.00896      9.35      2.00     6   6.3245
#        1850       0.01278      8.08      1.00     6   6.3252
#        1851       0.01783     11.56      2.00     7   6.3250
#        1852       0.01076      4.30      2.00     7   6.3250
#        1853       0.01939      5.09      1.00     6   6.3264
#        1854       0.00901      4.47      2.00     7   6.3265
#        1855       0.00443      5.19      2.00     6   6.3270
#        1856       0.00986      6.07      2.00     6   6.3276
#        1857       0.00933     12.38      2.00     6   6.3287
#        1858       0.00351     15.16      2.00     5   6.3294
#        1859       0.00783      4.41      2.00     7   6.3294
#        1860       0.01178     12.61      2.00     7   6.3297
#        1863       0.02343     14.24      2.00     7   6.3348
#        1867       0.01039      9.67      2.00     7   6.3364
#        1868       0.01500      4.14      2.00     7   6.3367
#        1870       0.01695      4.93      2.00     6   6.3367
#        1871       0.00539     15.00      2.00     5   6.3372
#        1872       0.01315      4.74      2.00     4   6.3392
#        1873       0.00946     30.56      2.00     7   6.3391
#        1875       0.01965      4.21      2.00     7   6.3397
#        1876       0.01040      8.21      2.00     7   6.3416
#        1877       0.02307     16.74      2.00     7   6.3416
#        1878       0.00710     20.78      2.00     7   6.3422
#        1879       0.01309      4.76      2.00     5   6.3423
#        1883       0.00390      8.56      2.00     5   6.3442
#        1884       0.01934      4.20      2.00     6   6.3446
#        1885       0.02552      4.66      1.00     6   6.3446
#        1886       0.02594      4.51      1.00     6   6.3446
#        1887       0.00977      9.17      2.00     7   6.3460
#        1889       0.00451      5.24      2.00     5   6.3465
#        1890       0.00614     16.24      2.00     6   6.3467
#        1891       0.00441      4.15      2.00     4   6.3474
#        1894       0.00497     22.17      2.00     7   6.3489
#        1896       0.00550     18.75      2.00     6   6.3502
#        1900       0.00465      4.08      2.00     4   6.3518
#        1902       0.01222      6.48      2.00     5   6.3530
#        1905       0.00592     14.71      2.00     6   6.3549
#        1911       0.01612     16.29      2.00     7   6.3571
#        1912       0.00615      4.22      2.00     5   6.3579
#        1913       0.00557      8.86      2.00     5   6.3581
#        1915       0.00599      6.33      2.00     5   6.3595
#        1916       0.01877      7.81      2.00     6   6.3593
#        1917       0.01068      7.45      2.00     7   6.3590
#        1919       0.00513      7.54      2.00     4   6.3606
#        1920       0.00950      8.22      2.00     6   6.3607
#        1922       0.01346      8.01      2.00     7   6.3616
#        1924       0.01064      9.18      2.00     6   6.3631
#        1925       0.00812     11.30      2.00     7   6.3636
#        1927       0.01738      4.77      2.00     5   6.3654
#        1930       0.00394     12.71      2.00     6   6.3690
#        1931       0.00418      7.19      2.00     5   6.3697
#        1932       0.00443      5.78      2.00     5   6.3692
#        1933       0.00385     16.34      2.00     6   6.3707
#        1936       0.00614      4.28      2.00     5   6.3727
#        1937       0.00660     33.39      2.00     7   6.3723
#        1940       0.00519      5.26      2.00     4   6.3739
#        1941       0.00586     16.90      2.00     5   6.3738
#        1944       0.01408     12.44      2.00     7   6.3745
#        1946       0.00523      8.69      2.00     5   6.3762
#        1949       0.00393     11.91      2.00     5   6.3767
#        1950       0.00439      9.61      2.00     5   6.3774
#        1951       0.01133      9.62      2.00     6   6.3770
#        1952       0.00354      5.23      2.00     4   6.3804
#        1953       0.00569     11.89      2.00     6   6.3800
#        1955       0.00386     19.63      2.00     5   6.3815
#        1956       0.01337      6.87      2.00     5   6.3817
#        1958       0.01166     18.75      2.00     6   6.3824
#        1959       0.00355      7.97      2.00     5   6.3833
#        1961       0.01577      6.54      2.00     6   6.3834
#        1962       0.01553      5.08      2.00     6   6.3834
#        1963       0.01127     27.82      2.00     7   6.3845
#        1964       0.03282     24.65      2.00     7   6.3856
#        1965       0.01166      5.03      2.00     5   6.3861
#        1966       0.01466      5.12      2.00     5   6.3867
#        1967       0.00400     35.07      2.00     6   6.3869
#        1968       0.00405     10.92      2.00     7   6.3867
#        1969       0.01249     35.01      2.00     7   6.3869
#        1970       0.01166     39.26      2.00     7   6.3877
#        1972       0.02716      8.36      2.00     7   6.3889
#        1974       0.00536      7.59      2.00     5   6.3899
#        1975       0.00949     11.55      2.00     6   6.3896
#        1976       0.00652     20.72      2.00     7   6.3900
#        1977       0.01347      5.69      2.00     6   6.3907
#        1978       0.01862      7.80      2.00     7   6.3913
#        1979       0.00620      5.46      2.00     5   6.3911
#        1980       0.00861     26.63      2.00     6   6.3913
#        1981       0.00711      4.03      2.00     7   6.3913
#        1982       0.02211      5.43      2.00     7   6.3913
#        1985       0.00948     22.59      2.00     7   6.3925
#        1989       0.03620     14.41      2.00     7   6.3933
#        1991       0.00744     18.70      2.00     6   6.3940
#        1993       0.00814      4.30      2.00     7   6.3943
#        1995       0.00625     11.84      2.00     5   6.3948
#        1997       0.00416     31.53      2.00     7   6.3954
#        2000       0.01236     35.58      2.00     7   6.3966
#        2001       0.01213     34.72      2.00     7   6.3967
#        2003       0.00546     13.92      2.00     5   6.3983
#        2005       0.01036     15.81      2.00     6   6.3979
#        2009       0.00602     20.92      2.00     6   6.4001
#        2012       0.00490      7.75      2.00     5   6.4012
#        2013       0.00645     16.64      2.00     6   6.4009
#        2015       0.00955     20.86      2.00     7   6.4009
#        2016       0.00579     12.99      2.00     7   6.4014
#        2018       0.00360     16.52      2.00     6   6.4022
#        2019       0.01874     22.09      2.00     6   6.4023
#        2020       0.00592     23.32      2.00     7   6.4035
#        2021       0.00413      7.11      2.00     5   6.4048
#        2022       0.00938      4.42      2.00     6   6.4052
#        2023       0.00581     15.30      2.00     5   6.4056
#        2025       0.00586     19.52      2.00     7   6.4054
#        2027       0.00957     11.09      2.00     6   6.4063
#        2030       0.01074      7.94      2.00     6   6.4074
#        2031       0.01466      7.48      2.00     6   6.4071
#        2034       0.01765     46.46      2.00     7   6.4077
#        2035       0.00538      9.98      2.00     6   6.4085
#        2038       0.00498      9.68      2.00     5   6.4093
#        2039       0.00543     25.02      2.00     6   6.4093
#        2041       0.00592     12.20      2.00     5   6.4106
#        2043       0.00470     11.01      2.00     5   6.4112
#        2044       0.00614     13.62      2.00     7   6.4123
#        2046       0.11104     10.47      2.00     7   6.4127
#        2049       0.00600     19.76      2.00     7   6.4133
#        2050       0.01084      5.72      2.00     6   6.4143
#        2051       0.01314      5.55      2.00     5   6.4149
#        2052       0.01782      4.48      2.00     7   6.4149
#        2054       0.00376      4.78      2.00     5   6.4165
#        2055       0.01581      5.27      2.00     6   6.4166
#        2056       0.00511      6.07      2.00     5   6.4181
#        2057       0.01732      7.10      2.00     5   6.4187
#        2058       0.01507      4.95      2.00     5   6.4190
#        2060       0.00774     39.15      2.00     7   6.4188
#        2061       0.01294      8.74      2.00     6   6.4196
#        2062       0.00927      5.98      2.00     6   6.4204
#        2064       0.00553     30.00      2.00     7   6.4209
#        2065       0.00411     13.50      2.00     5   6.4217
#        2067       0.01355      6.23      2.00     7   6.4225
#        2068       0.01713     12.82      2.00     6   6.4228
#        2069       0.00927      4.82      2.00     6   6.4230
#        2071       0.00360     24.51      2.00     6   6.4231
#        2072       0.01369     14.73      2.00     7   6.4233
#        2075       0.00442      5.66      2.00     5   6.4246
#        2076       0.00447      5.61      2.00     5   6.4246
#        2077       0.01512      9.30      2.00     6   6.4243
#        2078       0.01086     14.63      2.00     7   6.4251
#        2079       0.01412      6.59      2.00     7   6.4251
#        2081       0.00620     36.31      2.00     7   6.4256
#        2082       0.00644     33.61      2.00     7   6.4257
#        2083       0.00830     20.53      2.00     7   6.4264
#        2085       0.00545     12.35      2.00     6   6.4272
#        2086       0.01139      5.14      2.00     6   6.4276
#        2087       0.01162      5.82      2.00     6   6.4276
#        2088       0.01364      8.70      2.00     7   6.4278
#        2089       0.01611     15.45      2.00     7   6.4278
#        2091       0.00606     25.80      2.00     7   6.4286
#        2092       0.00980      5.97      2.00     5   6.4305
#        2093       0.00605     10.91      2.00     5   6.4310
#        2094       0.00630      8.27      2.00     5   6.4314
#        2095       0.00584     15.74      2.00     6   6.4322
#        2097       0.00832      4.69      2.00     6   6.4327
#        2098       0.00573     19.64      2.00     7   6.4332
#        2099       0.01022      5.88      2.00     5   6.4339
#        2100       0.01027      5.83      2.00     5   6.4339
#        2101       0.00916     16.52      2.00     7   6.4340
#        2102       0.01149     15.67      2.00     7   6.4345
#        2103       0.00797      5.24      2.00     7   6.4353
#        2106       0.00885     17.63      2.00     7   6.4353
#        2107       0.01420      5.18      2.00     5   6.4364
#        2108       0.00541     18.03      2.00     6   6.4363
#        2109       0.01250      6.09      2.00     6   6.4361
#        2110       0.00854     21.12      2.00     7   6.4369
#        2111       0.01062      4.15      2.00     6   6.4375
#        2112       0.00601     30.85      2.00     7   6.4375
#        2113       0.00564     10.83      2.00     7   6.4392
#        2114       0.01301      8.23      2.00     7   6.4389
#        2117       0.01487     19.76      2.00     7   6.4397
#        2118       0.00917      6.20      2.00     6   6.4402
#        2119       0.00836      4.18      2.00     4   6.4406
#        2120       0.00950      5.25      2.00     7   6.4421
#        2121       0.00909      7.57      2.00     7   6.4421
#        2122       0.00626     23.62      2.00     6   6.4425
#        2124       0.01688     13.99      2.00     7   6.4437
#        2125       0.00529     38.17      2.00     6   6.4437
#        2126       0.00721      4.05      2.00     4   6.4442
#        2127       0.00712      4.56      2.00     5   6.4442
#        2128       0.01340     11.49      2.00     7   6.4442
#        2129       0.00856      9.44      2.00     6   6.4449
#        2130       0.01293     31.85      2.00     7   6.4450
#        2131       0.00565     12.83      2.00     6   6.4454
#        2133       0.00544     30.07      2.00     6   6.4463
#        2134       0.00767     29.50      2.00     7   6.4458
#        2135       0.00975      4.60      2.00     5   6.4472
#        2136       0.00979      4.60      2.00     5   6.4472
#        2137       0.01075     18.47      2.00     7   6.4471
#        2138       0.00819     15.32      2.00     6   6.4481
#        2139       0.01069     15.41      2.00     7   6.4477
#        2141       0.00870     20.47      2.00     7   6.4503
#        2142       0.01320      9.71      2.00     7   6.4500
#        2143       0.00527     19.55      2.00     5   6.4508
#        2144       0.00562     24.85      2.00     7   6.4507
#        2145       0.01424      4.56      2.00     4   6.4512
#        2146       0.00628     23.89      2.00     7   6.4520
#        2148       0.01355      5.68      1.00     6   6.4538
#        2150       0.01395      5.60      2.00     7   6.4542
#        2152       0.00600     24.05      2.00     7   6.4569
#        2153       0.00849      8.19      2.00     7   6.4565
#        2155       0.00631      5.07      2.00     3   6.4579
#        2156       0.00975      4.38      2.00     5   6.4577
#        2157       0.00985      4.35      2.00     5   6.4577
#        2159       0.00796      5.60      2.00     5   6.4580
#        2161       0.01427      5.15      2.00     7   6.4584
#        2163       0.00466      6.30      2.00     5   6.4596
#        2165       0.00960      5.77      2.00     7   6.4598
#        2168       0.00801      7.62      2.00     6   6.4603
#        2169       0.01089     19.25      2.00     7   6.4603
#        2170       0.00242      7.36      2.00     3   6.4611
#        2171       0.01212      7.99      2.00     7   6.4615
#        2175       0.00553      8.05      2.00     6   6.4635
#        2176       0.00917      5.54      2.00     6   6.4638
#        2177       0.01321      4.04      1.00     6   6.4645
#        2178       0.01065     10.36      2.00     7   6.4642
#        2179       0.01426      6.11      2.00     5   6.4650
#        2181       0.00861      4.58      2.00     7   6.4657
#        2182       0.01438     12.42      2.00     7   6.4664
#  1691/2000 paths used
#  xsedge+50, used to normalize mu           1.0000E+00
#  -----------------------------------------------------------------------
#  omega    e    k    mu    mu0     chi     @#
    9726.078   -205.167  -7.200 -2.05727E-06 -2.45876E-06  3.70610E-06
    9728.812   -202.433  -7.150 -5.01328E-06 -5.49883E-06  3.82549E-06
    9731.527   -199.719  -7.100 -7.96929E-06 -8.53891E-06  3.92661E-06
    9734.222   -197.023  -7.050 -1.09253E-05 -1.15790E-05  4.01703E-06
    9736.899   -194.347  -7.000 -1.38813E-05 -1.46191E-05  4.11292E-06
    9739.556   -191.689  -6.950 -1.68373E-05 -1.76591E-05  4.22821E-06
    9742.195   -189.051  -6.900 -1.97933E-05 -2.06992E-05  4.36503E-06
    9744.814   -186.431  -6.850 -2.25791E-05 -2.36626E-05  4.53929E-06
    9747.414   -183.831  -6.800 -2.51722E-05 -2.65392E-05  4.74006E-06
    9749.996   -181.250  -6.750 -2.77653E-05 -2.94158E-05  4.92608E-06
    9752.558   -178.688  -6.700 -3.03583E-05 -3.22924E-05  5.09734E-06
    9755.101   -176.145  -6.650 -3.29514E-05 -3.51689E-05  5.26517E-06
    9757.625   -173.620  -6.600 -3.55445E-05 -3.80455E-05  5.44569E-06
    9760.130   -171.115  -6.550 -3.81375E-05 -4.09221E-05  5.64994E-06
    9762.616   -168.629  -6.500 -4.07306E-05 -4.37987E-05  5.87684E-06
    9765.083   -166.162  -6.450 -4.26611E-05 -4.65682E-05  6.17060E-06
    9767.531   -163.714  -6.400 -4.41626E-05 -4.92683E-05  6.49895E-06
    9769.960   -161.286  -6.350 -4.56640E-05 -5.19685E-05  6.81542E-06
    9772.370   -158.876  -6.300 -4.71655E-05 -5.46686E-05  7.11992E-06
    9774.760   -156.485  -6.250 -4.86670E-05 -5.73688E-05  7.42321E-06
    9777.132   -154.113  -6.200 -5.01685E-05 -6.00690E-05  7.74147E-06
    9779.485   -151.761  -6.150 -5.16700E-05 -6.27691E-05  8.08747E-06
    9781.818   -149.427  -6.100 -5.31715E-05 -6.54693E-05  8.46327E-06
    9784.133   -147.112  -6.050 -5.30170E-05 -6.81247E-05  8.94076E-06
    9786.429   -144.817  -6.000 -4.75083E-05 -7.06356E-05  9.70033E-06
    9788.705   -142.540  -5.950 -4.19997E-05 -7.31466E-05  1.04708E-05
    9790.962   -140.283  -5.900 -3.64911E-05 -7.56575E-05  1.12458E-05
    9793.201   -138.045  -5.850 -3.09825E-05 -7.81684E-05  1.20302E-05
    9795.420   -135.825  -5.800 -2.54739E-05 -8.06793E-05  1.28382E-05
    9797.620   -133.625  -5.750 -1.99652E-05 -8.31902E-05  1.36872E-05
    9799.802   -131.444  -5.700 -1.44566E-05 -8.57012E-05  1.45890E-05
    9801.964   -129.282  -5.650 -8.94799E-06 -8.82121E-05  1.55441E-05
    9804.107   -127.139  -5.600  8.06480E-05 -9.06731E-05  1.77591E-05
    9806.231   -125.015  -5.550  4.32281E-04 -9.29787E-05  2.41909E-05
    9808.336   -122.910  -5.500  7.83913E-04 -9.52842E-05  3.12525E-05
    9810.422   -120.824  -5.450  1.13555E-03 -9.75898E-05  3.89171E-05
    9812.489   -118.757  -5.400  1.48718E-03 -9.98953E-05  4.71719E-05
    9814.537   -116.709  -5.350  1.83881E-03 -1.02201E-04  5.60187E-05
    9816.565   -114.680  -5.300  2.19044E-03 -1.04506E-04  6.54671E-05
    9818.575   -112.670  -5.250  2.54208E-03 -1.06812E-04  7.55215E-05
    9820.566   -110.679  -5.200  2.89371E-03 -1.09117E-04  8.61682E-05
    9822.538   -108.708  -5.150  3.24534E-03 -1.11423E-04  9.73699E-05
    9824.490   -106.755  -5.100  3.35924E-03 -1.13624E-04  9.90354E-05
    9826.424   -104.822  -5.050  3.19775E-03 -1.15702E-04  8.89400E-05
    9828.338   -102.907  -5.000  3.03626E-03 -1.17781E-04  7.84950E-05
    9830.234   -101.012  -4.950  2.87478E-03 -1.19860E-04  6.77209E-05
    9832.110    -99.135  -4.900  2.71329E-03 -1.21939E-04  5.66503E-05
    9833.968    -97.278  -4.850  2.55180E-03 -1.24018E-04  4.53267E-05
    9835.806    -95.440  -4.800  2.39032E-03 -1.26096E-04  3.37999E-05
    9837.625    -93.620  -4.750  2.22883E-03 -1.28175E-04  2.21204E-05
    9839.425    -91.820  -4.700  2.06734E-03 -1.30254E-04  1.03325E-05
    9841.207    -90.039  -4.650  1.90585E-03 -1.32333E-04 -1.53051E-06
    9842.969    -88.277  -4.600  1.74437E-03 -1.34411E-04 -1.34478E-05
    9844.712    -86.534  -4.550  1.62471E-03 -1.36324E-04 -1.73334E-05
    9846.436    -84.810  -4.500  1.52798E-03 -1.38146E-04 -1.64813E-05
    9848.141    -83.105  -4.450  1.43124E-03 -1.39967E-04 -1.52847E-05
    9849.827    -81.419  -4.400  1.33451E-03 -1.41789E-04 -1.37948E-05
    9851.494    -79.752  -4.350  1.23777E-03 -1.43610E-04 -1.20481E-05
    9853.141    -78.104  -4.300  1.14104E-03 -1.45432E-04 -1.00492E-05
    9854.770    -76.475  -4.250  1.04431E-03 -1.47253E-04 -7.76426E-06
    9856.380    -74.866  -4.200  9.47574E-04 -1.49075E-04 -5.12708E-06
    9857.970    -73.275  -4.150  8.50840E-04 -1.50896E-04 -2.05650E-06
    9859.542    -71.703  -4.100  7.54107E-04 -1.52718E-04  1.51846E-06
    9861.095    -70.151  -4.050  6.57373E-04 -1.54539E-04  5.63400E-06
    9862.628    -68.617  -4.000  5.60639E-04 -1.56361E-04  1.02753E-05
    9864.143    -67.103  -3.950  4.98383E-04 -1.58069E-04  7.27670E-05
    9865.638    -65.607  -3.900  4.95403E-04 -1.59583E-04  2.45792E-04
    9867.114    -64.131  -3.850  4.92423E-04 -1.61098E-04  4.04817E-04
    9868.572    -62.674  -3.800  4.89443E-04 -1.62612E-04  5.08853E-04
    9870.010    -61.235  -3.750  4.86462E-04 -1.64126E-04  5.23801E-04
    9871.429    -59.816  -3.700  4.83482E-04 -1.65640E-04  4.31633E-04
    9872.829    -58.416  -3.650  4.80502E-04 -1.67154E-04  2.36676E-04
    9874.211    -57.035  -3.600  4.77522E-04 -1.68669E-04 -3.27034E-05
    9875.573    -55.673  -3.550  4.74542E-04 -1.70183E-04 -3.27791E-04
    9876.916    -54.330  -3.500  4.71562E-04 -1.71697E-04 -5.88212E-04
    9878.240    -53.006  -3.450  4.68582E-04 -1.73211E-04 -7.54062E-04
    9879.545    -51.701  -3.400  4.65601E-04 -1.74726E-04 -7.79052E-04
    9880.830    -50.415  -3.350  4.62621E-04 -1.76240E-04 -6.41856E-04
    9882.097    -49.148  -3.300  4.59641E-04 -1.77754E-04 -3.53043E-04
    9883.345    -47.900  -3.250  4.56661E-04 -1.79268E-04  4.42632E-05
    9884.574    -46.672  -3.200  4.62662E-04 -1.80445E-04  9.26103E-04
    9885.783    -45.462  -3.150  4.70859E-04 -1.81540E-04  2.47028E-03
    9886.974    -44.271  -3.100  4.79056E-04 -1.82635E-04  4.28873E-03
    9888.146    -43.100  -3.050  4.87254E-04 -1.83729E-04  5.93928E-03
    9889.298    -41.947  -3.000  4.95451E-04 -1.84824E-04  6.98797E-03
    9890.432    -40.814  -2.950  5.03648E-04 -1.85918E-04  7.08989E-03
    9891.546    -39.699  -2.900  5.11845E-04 -1.87013E-04  6.03969E-03
    9892.641    -38.604  -2.850  5.20043E-04 -1.88107E-04  3.79216E-03
    9893.718    -37.528  -2.800  5.28240E-04 -1.89202E-04  4.64927E-04
    9894.775    -36.470  -2.750  5.36437E-04 -1.90297E-04 -3.66367E-03
    9895.813    -35.432  -2.700  5.44634E-04 -1.91391E-04 -8.15806E-03
    9896.832    -34.413  -2.650  5.52832E-04 -1.92486E-04 -1.24403E-02
    9897.832    -33.413  -2.600  5.61029E-04 -1.93580E-04 -1.58341E-02
    9898.814    -32.432  -2.550  5.69226E-04 -1.94675E-04 -1.76526E-02
    9899.776    -31.470  -2.500  5.77423E-04 -1.95769E-04 -1.73262E-02
    9900.719    -30.527  -2.450  5.85620E-04 -1.96864E-04 -1.45456E-02
    9901.642    -29.603  -2.400  5.93818E-04 -1.97959E-04 -9.37763E-03
    9902.547    -28.698  -2.350  6.02015E-04 -1.99053E-04 -2.31030E-03
    9903.433    -27.812  -2.300  6.10212E-04 -2.00148E-04  5.79775E-03
    9904.300    -26.946  -2.250  5.89733E-04 -2.00798E-04  7.87837E+00
    9905.148    -26.098  -2.200  5.63085E-04 -2.01353E-04  1.45611E+01
    9905.976    -25.269  -2.150  5.36438E-04 -2.01907E-04  9.87504E+00
    9906.786    -24.460  -2.100  5.09791E-04 -2.02462E-04 -7.19966E+00
    9907.576    -23.669  -2.050  4.83143E-04 -2.03017E-04 -2.84364E+01
    9908.348    -22.897  -2.000  4.56496E-04 -2.03571E-04 -4.11690E+01
    9909.100    -22.145  -1.950  4.29849E-04 -2.04126E-04 -3.63488E+01
    9909.834    -21.412  -1.900  4.03201E-04 -2.04681E-04 -1.47088E+01
    9910.548    -20.697  -1.850  3.76554E-04 -2.05235E-04  1.30264E+01
    9911.244    -20.002  -1.800  3.49906E-04 -2.05790E-04  3.22535E+01
    9911.920    -19.326  -1.750  3.23259E-04 -2.06345E-04  3.32608E+01
    9912.577    -18.668  -1.700  2.96612E-04 -2.06899E-04  1.71956E+01
    9913.215    -18.030  -1.650  2.69964E-04 -2.07454E-04 -4.61605E+00
    9913.834    -17.411  -1.600  2.25088E-04 -2.07867E-04 -2.88159E+01
    9914.434    -16.811  -1.550  1.49962E-04 -2.08020E-04 -8.76137E+01
    9915.015    -16.230  -1.500  7.32634E-05 -2.08098E-04  1.71204E+02
    9915.577    -15.668  -1.450  6.51777E-07 -2.08094E-04  2.15055E+01
    9916.120    -15.125  -1.400 -5.84268E-05 -2.07998E-04 -1.07728E+01
    9916.644    -14.601  -1.350 -8.92521E-05 -2.07801E-04 -1.27494E+01
    9917.149    -14.096  -1.300 -7.55061E-05 -2.07492E-04 -1.56430E+01
    9917.635    -13.611  -1.250 -1.37180E-05 -2.07055E-04 -1.82438E+01
    9918.102    -13.144  -1.200  8.69888E-05 -2.06475E-04 -1.91390E+01
    9918.549    -12.696  -1.150  2.16746E-04 -2.05731E-04 -1.97993E+01
    9918.978    -12.268  -1.100  3.66448E-04 -2.04800E-04 -2.11758E+01
    9919.387    -11.858  -1.050  5.28354E-04 -2.03653E-04 -1.92930E+01
    9919.778    -11.467  -1.000  6.95209E-04 -2.02254E-04 -5.33662E+00
    9920.149    -11.096  -0.950  8.60854E-04 -2.00560E-04  1.99066E+01
    9920.502    -10.744  -0.900  1.02037E-03 -1.98526E-04  3.86344E+01
    9920.835    -10.410  -0.850  1.17020E-03 -1.96084E-04  3.60502E+01
    9921.150    -10.096  -0.800  1.30824E-03 -1.93169E-04  1.68847E+01
    9921.445     -9.801  -0.750  1.43338E-03 -1.89692E-04 -5.09703E+00
    9921.721     -9.524  -0.700  1.54555E-03 -1.85561E-04 -2.05160E+01
    9921.978     -9.267  -0.650  1.64531E-03 -1.80684E-04 -2.70677E+01
    9922.216     -9.029  -0.600  1.73317E-03 -1.74941E-04 -2.65621E+01
    9922.435     -8.810  -0.550  1.81059E-03 -1.68286E-04 -2.19585E+01
    9922.635     -8.610  -0.500  1.87862E-03 -1.60718E-04 -1.57457E+01
    9922.816     -8.429  -0.450  1.93834E-03 -1.52341E-04 -9.53534E+00
    9922.978     -8.267  -0.400  1.99051E-03 -1.43393E-04 -4.14647E+00
    9923.121     -8.124  -0.350  2.03514E-03 -1.34266E-04  8.36340E-02
    9923.245     -8.000  -0.300  2.07326E-03 -1.25452E-04  3.23826E+00
    9923.350     -7.896  -0.250  2.10493E-03 -1.17436E-04  5.46781E+00
    9923.436     -7.810  -0.200  2.13000E-03 -1.10676E-04  6.95856E+00
    9923.502     -7.743  -0.150  2.16534E-03 -8.89301E-05  7.91086E+00
    9923.550     -7.696  -0.100  2.24280E-03 -1.77259E-05  8.31069E+00
    9923.578     -7.667  -0.050  2.32026E-03  5.34784E-05  8.67529E+00
    9923.588     -7.657   0.000  2.39772E-03  1.24683E-04  9.00457E+00
    9923.597     -7.648   0.050  2.47838E-03  1.28798E-04  9.28406E+00
    9923.626     -7.619   0.100  2.55065E-03  1.32118E-04  9.53226E+00
    9923.674     -7.572   0.150  2.61533E-03  1.35438E-04  9.74935E+00
    9923.740     -7.505   0.200  2.72380E-03  1.41630E-04  1.01006E+01
    9923.826     -7.419   0.250  2.81785E-03  1.49349E-04  1.03720E+01
    9923.931     -7.315   0.300  2.86320E-03  1.58301E-04  1.04348E+01
    9924.055     -7.191   0.350  2.82553E-03  1.68124E-04  1.01665E+01
    9924.198     -7.048   0.400  2.67838E-03  1.78372E-04  9.47926E+00
    9924.359     -6.886   0.450  2.40643E-03  1.88591E-04  8.33120E+00
    9924.540     -6.705   0.500  2.01378E-03  1.98381E-04  6.75554E+00
    9924.740     -6.505   0.550  1.52470E-03  2.07491E-04  4.85649E+00
    9924.960     -6.286   0.600  9.82798E-04  2.15780E-04  2.80296E+00
    9925.198     -6.048   0.650  4.43988E-04  2.23209E-04  8.00148E-01
    9925.455     -5.791   0.700 -3.32207E-05  2.29775E-04 -9.46071E-01
    9925.731     -5.514   0.750 -3.99575E-04  2.35534E-04 -2.26985E+00
    9926.026     -5.219   0.800 -6.24892E-04  2.40539E-04 -3.07643E+00
    9926.341     -4.905   0.850 -7.01953E-04  2.44829E-04 -3.35163E+00
    9926.674     -4.571   0.900 -6.46270E-04  2.48455E-04 -3.15820E+00
    9927.026     -4.219   0.950 -4.90745E-04  2.51451E-04 -2.61583E+00
    9927.398     -3.848   1.000 -2.77025E-04  2.53857E-04 -1.87066E+00
    9927.788     -3.457   1.050 -4.74421E-05  2.55704E-04 -1.06942E+00
    9928.198     -3.047   1.100  1.63576E-04  2.57026E-04 -3.30483E-01
    9928.627     -2.619   1.150  3.29281E-04  2.57865E-04  2.53509E-01
    9929.074     -2.171   1.200  4.39386E-04  2.58259E-04  6.46109E-01
    9929.541     -1.704   1.250  4.93701E-04  2.58236E-04  8.45014E-01
    9930.027     -1.219   1.300  5.00845E-04  2.57845E-04  8.78216E-01
    9930.532     -0.714   1.350  4.74396E-04  2.57118E-04  7.91562E-01
    9931.056     -0.190   1.400  4.29307E-04  2.56099E-04  6.36605E-01
    9931.598      0.353   1.450  3.79372E-04  2.54821E-04  4.62160E-01
    9932.160      0.915   1.500  3.34707E-04  2.53318E-04  3.05109E-01
    9932.741      1.496   1.550  3.01312E-04  2.51631E-04  1.88250E-01
    9933.342      2.096   1.600  2.81044E-04  2.49786E-04  1.19785E-01
    9933.961      2.715   1.650  2.72491E-04  2.47818E-04  9.56501E-02
    9934.599      3.353   1.700  2.72172E-04  2.45758E-04  1.03624E-01
    9935.256      4.011   1.750  2.75848E-04  2.43627E-04  1.27938E-01
    9935.932      4.687   1.800  2.79659E-04  2.41441E-04  1.53617E-01
    9936.628      5.382   1.850  2.80953E-04  2.39228E-04  1.69783E-01
    9937.342      6.097   1.900  2.78532E-04  2.36999E-04  1.71087E-01
    9938.075      6.830   1.950  2.72584E-04  2.34771E-04  1.57672E-01
    9938.828      7.582   2.000  2.64170E-04  2.32540E-04  1.33482E-01
    9939.599      8.354   2.050  2.54756E-04  2.30251E-04  1.04687E-01
    9940.390      9.145   2.100  2.45746E-04  2.27867E-04  7.73944E-02
    9941.200      9.954   2.150  2.38143E-04  2.25447E-04  5.57195E-02
    9942.028     10.783   2.200  2.32789E-04  2.23490E-04  4.13767E-02
    9942.876     11.631   2.250  2.30008E-04  2.22582E-04  3.34519E-02
    9943.743     12.497   2.300  2.28902E-04  2.22372E-04  2.96815E-02
    9944.629     13.383   2.350  2.28564E-04  2.22598E-04  2.72783E-02
    9945.533     14.288   2.400  2.28338E-04  2.23211E-04  2.34934E-02
    9946.457     15.212   2.450  2.27641E-04  2.24160E-04  1.59427E-02
    9947.400     16.155   2.500  2.26167E-04  2.25354E-04  3.71698E-03
    9948.362     17.117   2.550  2.24053E-04  2.26659E-04 -1.18831E-02
    9949.343     18.098   2.600  2.20832E-04  2.26998E-04 -2.80711E-02
    9950.344     19.098   2.650  2.17130E-04  2.26791E-04 -4.39896E-02
    9951.363     20.117   2.700  2.13310E-04  2.26309E-04 -5.92753E-02
    9952.401     21.156   2.750  2.09623E-04  2.25706E-04 -7.34971E-02
    9953.458     22.213   2.800  2.06227E-04  2.25043E-04 -8.61898E-02
    9954.535     23.289   2.850  2.03245E-04  2.24361E-04 -9.69492E-02
    9955.630     24.384   2.900  2.00767E-04  2.23687E-04 -1.05437E-01
    9956.744     25.499   2.950  1.98883E-04  2.23064E-04 -1.11410E-01
    9957.878     26.632   3.000  1.97657E-04  2.22514E-04 -1.14642E-01
    9959.030     27.785   3.050  1.97115E-04  2.22033E-04 -1.14967E-01
    9960.202     28.956   3.100  1.97283E-04  2.21599E-04 -1.12205E-01
    9961.393     30.147   3.150  1.98219E-04  2.21219E-04 -1.06116E-01
    9962.602     31.357   3.200  1.99975E-04  2.20893E-04 -9.64693E-02
    9963.831     32.585   3.250  2.02588E-04  2.20631E-04 -8.31414E-02
    9965.079     33.833   3.300  2.06007E-04  2.20415E-04 -6.63291E-02
    9966.345     35.100   3.350  2.10116E-04  2.20264E-04 -4.66648E-02
    9967.631     36.386   3.400  2.14666E-04  2.20164E-04 -2.52480E-02
    9968.936     37.691   3.450  2.19350E-04  2.20114E-04 -3.50258E-03
    9970.260     39.015   3.500  2.23841E-04  2.20116E-04  1.70510E-02
    9971.603     40.358   3.550  2.27830E-04  2.20160E-04  3.50413E-02
    9972.965     41.720   3.600  2.31117E-04  2.20264E-04  4.94880E-02
    9974.346     43.101   3.650  2.33559E-04  2.20393E-04  5.99092E-02
    9975.747     44.501   3.700  2.35185E-04  2.20571E-04  6.63586E-02
    9977.166     45.920   3.750  2.36070E-04  2.20772E-04  6.93103E-02
    9978.604     47.359   3.800  2.36398E-04  2.21017E-04  6.95308E-02
    9980.061     48.816   3.850  2.36319E-04  2.21274E-04  6.78573E-02
    9981.538     50.292   3.900  2.36026E-04  2.21567E-04  6.50682E-02
    9983.033     51.788   3.950  2.35612E-04  2.21864E-04  6.17324E-02
    9984.548     53.302   4.000  2.35167E-04  2.22186E-04  5.81614E-02
    9986.081     54.836   4.050  2.34672E-04  2.22504E-04  5.44023E-02
    9987.634     56.388   4.100  2.34106E-04  2.22834E-04  5.02877E-02
    9989.205     57.960   4.150  2.33382E-04  2.23159E-04  4.55238E-02
    9990.796     59.551   4.200  2.32439E-04  2.23485E-04  3.97911E-02
    9992.406     61.160   4.250  2.31199E-04  2.23799E-04  3.28274E-02
    9994.035     62.789   4.300  2.29637E-04  2.24097E-04  2.45370E-02
    9995.682     64.437   4.350  2.27773E-04  2.24384E-04  1.49887E-02
    9997.349     66.104   4.400  2.25660E-04  2.24646E-04  4.47813E-03
    9999.035     67.790   4.450  2.23408E-04  2.24892E-04 -6.54575E-03
   10000.740     69.495   4.500  2.21135E-04  2.25111E-04 -1.75096E-02
   10002.464     71.219   4.550  2.18986E-04  2.25304E-04 -2.78017E-02
   10004.207     72.962   4.600  2.17091E-04  2.25468E-04 -3.68328E-02
   10005.969     74.724   4.650  2.15557E-04  2.25600E-04 -4.41215E-02
   10007.750     76.505   4.700  2.14473E-04  2.25710E-04 -4.93374E-02
   10009.551     78.305   4.750  2.13861E-04  2.25779E-04 -5.23095E-02
   10011.370     80.125   4.800  2.13734E-04  2.25820E-04 -5.30339E-02
   10013.208     81.963   4.850  2.14062E-04  2.25832E-04 -5.16315E-02
   10015.066     83.820   4.900  2.14793E-04  2.25812E-04 -4.83347E-02
   10016.942     85.697   4.950  2.15865E-04  2.25764E-04 -4.34265E-02
   10018.838     87.592   5.000  2.17205E-04  2.25689E-04 -3.72282E-02
   10020.752     89.507   5.050  2.18736E-04  2.25589E-04 -3.00763E-02
   10022.686     91.440   5.100  2.20379E-04  2.25461E-04 -2.23141E-02
   10024.638     93.393   5.150  2.22059E-04  2.25313E-04 -1.42962E-02
   10026.610     95.364   5.200  2.23700E-04  2.25150E-04 -6.37247E-03
   10028.601     97.355   5.250  2.25217E-04  2.24963E-04  1.11365E-03
   10030.610     99.365   5.300  2.26550E-04  2.24764E-04  7.85433E-03
   10032.639    101.394   5.350  2.27646E-04  2.24555E-04  1.36062E-02
   10034.687    103.442   5.400  2.28475E-04  2.24340E-04  1.82159E-02
   10036.754    105.509   5.450  2.29023E-04  2.24113E-04  2.16435E-02
   10038.840    107.595   5.500  2.29314E-04  2.23884E-04  2.39545E-02
   10040.945    109.700   5.550  2.29388E-04  2.23654E-04  2.53129E-02
   10043.069    111.824   5.600  2.29295E-04  2.23424E-04  2.59347E-02
   10045.212    113.967   5.650  2.29087E-04  2.23197E-04  2.60374E-02
   10047.374    116.129   5.700  2.28809E-04  2.22977E-04  2.57986E-02
   10049.556    118.310   5.750  2.28484E-04  2.22766E-04  2.53101E-02
   10051.756    120.510   5.800  2.28107E-04  2.22559E-04  2.45729E-02
   10053.975    122.730   5.850  2.27670E-04  2.22367E-04  2.35017E-02
   10056.213    124.968   5.900  2.27139E-04  2.22187E-04  2.19546E-02
   10058.471    127.225   5.950  2.26479E-04  2.22017E-04  1.97936E-02
   10060.747    129.502   6.000  2.25671E-04  2.21859E-04  1.69187E-02
   10063.043    131.797   6.050  2.24716E-04  2.21718E-04  1.33109E-02
   10065.357    134.112   6.100  2.23629E-04  2.21590E-04  9.05721E-03
   10067.691    136.446   6.150  2.22455E-04  2.21478E-04  4.33950E-03
   10070.044    138.798   6.200  2.21245E-04  2.21378E-04 -5.89200E-04
   10072.415    141.170   6.250  2.20066E-04  2.21290E-04 -5.44148E-03
   10074.806    143.561   6.300  2.18982E-04  2.21217E-04 -9.94091E-03
   10077.216    145.971   6.350  2.18041E-04  2.21156E-04 -1.38587E-02
   10079.645    148.399   6.400  2.17275E-04  2.21105E-04 -1.70370E-02
   10082.093    150.847   6.450  2.16707E-04  2.21065E-04 -1.93931E-02
   10084.560    153.314   6.500  2.16335E-04  2.21032E-04 -2.09088E-02
   10087.046    155.800   6.550  2.16149E-04  2.21003E-04 -2.16110E-02
   10089.551    158.305   6.600  2.16148E-04  2.20986E-04 -2.15453E-02
   10092.075    160.830   6.650  2.16307E-04  2.20967E-04 -2.07611E-02
   10094.618    163.373   6.700  2.16622E-04  2.20953E-04 -1.93007E-02
   10097.180    165.935   6.750  2.17078E-04  2.20938E-04 -1.72048E-02
   10099.762    168.516   6.800  2.17661E-04  2.20918E-04 -1.45265E-02
   10102.362    171.116   6.850  2.18353E-04  2.20896E-04 -1.13457E-02
   10104.981    173.736   6.900  2.19128E-04  2.20872E-04 -7.78405E-03
   10107.620    176.374   6.950  2.19946E-04  2.20843E-04 -4.00766E-03
   10110.277    179.032   7.000  2.20754E-04  2.20803E-04 -2.18181E-04
   10112.954    181.708   7.050  2.21509E-04  2.20756E-04  3.36899E-03
   10115.649    184.404   7.100  2.22156E-04  2.20692E-04  6.55229E-03
   10118.364    187.118   7.150  2.22668E-04  2.20618E-04  9.17395E-03
   10121.098    189.852   7.200  2.23020E-04  2.20533E-04  1.11419E-02
   10123.850    192.605   7.250  2.23210E-04  2.20435E-04  1.24385E-02
   10126.622    195.377   7.300  2.23245E-04  2.20322E-04  1.31158E-02
   10129.413    198.167   7.350  2.23151E-04  2.20196E-04  1.32746E-02
   10132.223    200.977   7.400  2.22953E-04  2.20053E-04  1.30362E-02
   10135.052    203.806   7.450  2.22682E-04  2.19902E-04  1.25128E-02
   10137.900    206.654   7.500  2.22344E-04  2.19729E-04  1.17827E-02
   10140.767    209.521   7.550  2.21954E-04  2.19543E-04  1.08793E-02
   10143.653    212.407   7.600  2.21513E-04  2.19345E-04  9.79136E-03
   10146.558    215.312   7.650  2.21006E-04  2.19131E-04  8.47806E-03
   10149.482    218.236   7.700  2.20430E-04  2.18908E-04  6.89296E-03
   10152.425    221.180   7.750  2.19781E-04  2.18676E-04  5.00664E-03
   10155.387    224.142   7.800  2.19055E-04  2.18432E-04  2.83281E-03
   10158.369    227.123   7.850  2.18273E-04  2.18178E-04  4.34967E-04
   10161.369    230.124   7.900  2.17464E-04  2.17919E-04 -2.07185E-03
   10164.388    233.143   7.950  2.16654E-04  2.17649E-04 -4.53594E-03
   10167.427    236.181   8.000  2.15893E-04  2.17380E-04 -6.78853E-03
   10170.484    239.239   8.050  2.15209E-04  2.17105E-04 -8.66807E-03
   10173.561    242.316   8.100  2.14634E-04  2.16829E-04 -1.00471E-02
   10176.657    245.411   8.150  2.14187E-04  2.16553E-04 -1.08467E-02
   10179.771    248.526   8.200  2.13872E-04  2.16278E-04 -1.10455E-02
   10182.905    251.660   8.250  2.13681E-04  2.16003E-04 -1.06760E-02
   10186.058    254.812   8.300  2.13603E-04  2.15735E-04 -9.81416E-03
   10189.230    257.984   8.350  2.13612E-04  2.15470E-04 -8.56257E-03
   10192.420    261.175   8.400  2.13683E-04  2.15207E-04 -7.03253E-03
   10195.630    264.385   8.450  2.13800E-04  2.14954E-04 -5.32924E-03
   10198.859    267.614   8.500  2.13942E-04  2.14708E-04 -3.54225E-03
   10202.107    270.862   8.550  2.14094E-04  2.14471E-04 -1.74271E-03
   10205.374    274.129   8.600  2.14241E-04  2.14238E-04  1.36163E-05
   10208.660    277.415   8.650  2.14382E-04  2.14020E-04  1.67932E-03
   10211.966    280.720   8.700  2.14495E-04  2.13805E-04  3.20868E-03
   10215.290    284.044   8.750  2.14578E-04  2.13600E-04  4.54998E-03
   10218.633    287.388   8.800  2.14617E-04  2.13404E-04  5.64840E-03
   10221.995    290.750   8.850  2.14600E-04  2.13216E-04  6.44904E-03
   10225.377    294.131   8.900  2.14514E-04  2.13034E-04  6.90549E-03
   10228.777    297.532   8.950  2.14363E-04  2.12866E-04  6.99344E-03
   10232.197    300.951   9.000  2.14138E-04  2.12702E-04  6.71537E-03
   10235.635    304.390   9.050  2.13849E-04  2.12544E-04  6.10781E-03
   10239.093    307.847   9.100  2.13507E-04  2.12389E-04  5.23876E-03
   10242.569    311.324   9.150  2.13137E-04  2.12241E-04  4.19836E-03
   10246.065    314.820   9.200  2.12754E-04  2.12097E-04  3.08509E-03
   10249.580    318.334   9.250  2.12383E-04  2.11960E-04  1.98928E-03
   10253.113    321.868   9.300  2.12031E-04  2.11822E-04  9.79102E-04
   10256.666    325.421   9.350  2.11705E-04  2.11685E-04  9.16573E-05
   10260.238    328.993   9.400  2.11406E-04  2.11547E-04 -6.67614E-04
   10263.829    332.584   9.450  2.11123E-04  2.11403E-04 -1.31818E-03
   10267.439    336.194   9.500  2.10864E-04  2.11264E-04 -1.89127E-03
   10271.068    339.823   9.550  2.10612E-04  2.11123E-04 -2.41489E-03
   10274.716    343.471   9.600  2.10365E-04  2.10978E-04 -2.90090E-03
   10278.383    347.138   9.650  2.10123E-04  2.10828E-04 -3.33775E-03
   10282.069    350.824   9.700  2.09892E-04  2.10671E-04 -3.69178E-03
   10285.775    354.529   9.750  2.09687E-04  2.10512E-04 -3.91645E-03
   10289.499    358.253   9.800  2.09511E-04  2.10345E-04 -3.96407E-03
   10293.242    361.997   9.850  2.09373E-04  2.10173E-04 -3.80222E-03
   10297.004    365.759   9.900  2.09268E-04  2.09987E-04 -3.42483E-03
   10300.786    369.540   9.950  2.09199E-04  2.09798E-04 -2.85704E-03
   10304.586    373.341  10.000  2.09155E-04  2.09606E-04 -2.15217E-03
   10308.406    377.160  10.050  2.09110E-04  2.09399E-04 -1.38128E-03
   10312.244    380.999  10.100  2.09059E-04  2.09188E-04 -6.18898E-04
   10316.102    384.857  10.150  2.08984E-04  2.08969E-04  7.16594E-05
   10319.979    388.733  10.200  2.08878E-04  2.08742E-04  6.49189E-04
   10323.874    392.629  10.250  2.08740E-04  2.08511E-04  1.09904E-03
   10327.789    396.544  10.300  2.08570E-04  2.08273E-04  1.43041E-03
   10331.723    400.478  10.350  2.08378E-04  2.08032E-04  1.66817E-03
   10335.676    404.430  10.400  2.08166E-04  2.07784E-04  1.84169E-03
   10339.648    408.402  10.450  2.07943E-04  2.07534E-04  1.97431E-03
   10343.639    412.393  10.500  2.07707E-04  2.07278E-04  2.07653E-03
   10347.649    416.403  10.550  2.07465E-04  2.07022E-04  2.14445E-03
   10351.678    420.432  10.600  2.07217E-04  2.06770E-04  2.16328E-03
   10355.726    424.480  10.650  2.06948E-04  2.06512E-04  2.11421E-03
   10359.793    428.548  10.700  2.06665E-04  2.06256E-04  1.98262E-03
   10363.879    432.634  10.750  2.06368E-04  2.06005E-04  1.76417E-03
   10367.985    436.739  10.800  2.06057E-04  2.05755E-04  1.46751E-03
   10372.109    440.863  10.850  2.05735E-04  2.05507E-04  1.11293E-03
   10376.252    445.007  10.900  2.05410E-04  2.05261E-04  7.27392E-04
   10380.415    449.169  10.950  2.05091E-04  2.05022E-04  3.38095E-04
   10384.596    453.351  11.000  2.04779E-04  2.04786E-04 -3.35031E-05
   10388.797    457.551  11.050  2.04480E-04  2.04557E-04 -3.75161E-04
   10393.016    461.771  11.100  2.04189E-04  2.04329E-04 -6.83975E-04
   10397.255    466.009  11.150  2.03912E-04  2.04109E-04 -9.63042E-04
   10401.512    470.267  11.200  2.03644E-04  2.03892E-04 -1.21634E-03
   10405.789    474.544  11.250  2.03389E-04  2.03683E-04 -1.44336E-03
   10410.085    478.839  11.300  2.03142E-04  2.03475E-04 -1.63570E-03
   10414.400    483.154  11.350  2.02914E-04  2.03275E-04 -1.77641E-03
   10418.733    487.488  11.400  2.02702E-04  2.03077E-04 -1.84338E-03
   10423.086    491.841  11.450  2.02518E-04  2.02886E-04 -1.81517E-03
   10427.458    496.213  11.500  2.02352E-04  2.02693E-04 -1.67752E-03
   10431.849    500.604  11.550  2.02219E-04  2.02510E-04 -1.42939E-03
   10436.259    505.014  11.600  2.02104E-04  2.02324E-04 -1.08574E-03
   10440.689    509.443  11.650  2.02007E-04  2.02144E-04 -6.76022E-04
   10445.137    513.891  11.700  2.01909E-04  2.01958E-04 -2.39662E-04
   10449.604    518.358  11.750  2.01815E-04  2.01778E-04  1.81686E-04
   10454.090    522.845  11.800  2.01711E-04  2.01599E-04  5.51892E-04
   10458.595    527.350  11.850  2.01591E-04  2.01420E-04  8.46759E-04
   10463.120    531.874  11.900  2.01452E-04  2.01239E-04  1.05699E-03
   10467.663    536.418  11.950  2.01292E-04  2.01053E-04  1.18683E-03
   10472.226    540.980  12.000  2.01117E-04  2.00865E-04  1.25009E-03
   10476.807    545.562  12.050  2.00931E-04  2.00677E-04  1.26361E-03
   10481.408    550.162  12.100  2.00734E-04  2.00485E-04  1.24103E-03
   10486.027    554.782  12.150  2.00525E-04  2.00286E-04  1.18912E-03
   10490.666    559.421  12.200  2.00307E-04  2.00085E-04  1.10653E-03
   10495.324    564.078  12.250  2.00074E-04  1.99876E-04  9.86444E-04
   10500.000    568.755  12.300  1.99831E-04  1.99667E-04  8.21012E-04
   10504.696    573.451  12.350  1.99570E-04  1.99449E-04  6.06743E-04
   10509.411    578.166  12.400  1.99291E-04  1.99222E-04  3.47970E-04
   10514.145    582.900  12.450  1.99010E-04  1.98998E-04  5.87083E-05
   10518.898    587.653  12.500  1.98713E-04  1.98761E-04 -2.39345E-04
   10523.670    592.425  12.550  1.98418E-04  1.98522E-04 -5.20489E-04
   10528.461    597.216  12.600  1.98123E-04  1.98274E-04 -7.60279E-04
   10533.271    602.026  12.650  1.97839E-04  1.98025E-04 -9.40153E-04
   10538.100    606.855  12.700  1.97565E-04  1.97773E-04 -1.05010E-03
   10542.948    611.703  12.750  1.97298E-04  1.97514E-04 -1.08939E-03
   10547.816    616.570  12.800  1.97036E-04  1.97247E-04 -1.06470E-03
   10552.702    621.457  12.850  1.96788E-04  1.96983E-04 -9.87084E-04
   10557.607    626.362  12.900  1.96538E-04  1.96709E-04 -8.68537E-04
   10562.532    631.286  12.950  1.96295E-04  1.96437E-04 -7.19711E-04
   10567.475    636.230  13.000  1.96058E-04  1.96166E-04 -5.48861E-04
   10572.438    641.192  13.050  1.95818E-04  1.95889E-04 -3.62392E-04
   10577.419    646.174  13.100  1.95578E-04  1.95610E-04 -1.66249E-04
   10582.420    651.174  13.150  1.95346E-04  1.95339E-04  3.25168E-05
   10587.440    656.194  13.200  1.95105E-04  1.95061E-04  2.24745E-04
   10592.478    661.233  13.250  1.94863E-04  1.94785E-04  3.99668E-04
   10597.536    666.291  13.300  1.94620E-04  1.94514E-04  5.46115E-04
   10602.613    671.367  13.350  1.94371E-04  1.94243E-04  6.54603E-04
   10607.709    676.463  13.400  1.94114E-04  1.93975E-04  7.19219E-04
   10612.824    681.578  13.450  1.93851E-04  1.93708E-04  7.38918E-04
   10617.958    686.712  13.500  1.93579E-04  1.93440E-04  7.17349E-04
   10623.111    691.865  13.550  1.93309E-04  1.93180E-04  6.61831E-04
   10628.283    697.037  13.600  1.93036E-04  1.92924E-04  5.81343E-04
   10633.474    702.228  13.650  1.92766E-04  1.92672E-04  4.84393E-04
   10638.684    707.438  13.700  1.92497E-04  1.92424E-04  3.77560E-04
   10643.913    712.668  13.750  1.92228E-04  1.92177E-04  2.64786E-04
   10649.161    717.916  13.800  1.91965E-04  1.91936E-04  1.47838E-04
   10654.429    723.183  13.850  1.91702E-04  1.91697E-04  2.76808E-05
   10659.715    728.470  13.900  1.91440E-04  1.91458E-04 -9.40749E-05
   10665.020    733.775  13.950  1.91181E-04  1.91222E-04 -2.13718E-04
   10670.345    739.099  14.000  1.90930E-04  1.90992E-04 -3.25187E-04
   10675.688    744.443  14.050  1.90683E-04  1.90763E-04 -4.20420E-04
   10681.051    749.805  14.100  1.90440E-04  1.90534E-04 -4.90658E-04
   10686.433    755.187  14.150  1.90205E-04  1.90305E-04 -5.28419E-04
   10691.833    760.588  14.200  1.89981E-04  1.90082E-04 -5.29270E-04
   10697.253    766.007  14.250  1.89762E-04  1.89856E-04 -4.92836E-04
   10702.692    771.446  14.300  1.89547E-04  1.89628E-04 -4.23569E-04
   10708.149    776.904  14.350  1.89342E-04  1.89404E-04 -3.29726E-04
   10713.626    782.381  14.400  1.89134E-04  1.89176E-04 -2.22240E-04
   10719.122    787.877  14.450  1.88925E-04  1.88946E-04 -1.12775E-04
   10724.637    793.392  14.500  1.88714E-04  1.88717E-04 -1.20024E-05
   10730.171    798.926  14.550  1.88493E-04  1.88479E-04  7.19847E-05
   10735.724    804.479  14.600  1.88273E-04  1.88248E-04  1.34500E-04
   10741.296    810.051  14.650  1.88040E-04  1.88007E-04  1.74447E-04
   10746.887    815.642  14.700  1.87798E-04  1.87761E-04  1.94064E-04
   10752.498    821.252  14.750  1.87556E-04  1.87518E-04  1.98037E-04
   10758.127    826.881  14.800  1.87305E-04  1.87269E-04  1.92506E-04
   10763.775    832.530  14.850  1.87046E-04  1.87011E-04  1.83921E-04
   10769.443    838.197  14.900  1.86785E-04  1.86752E-04  1.77869E-04
   10775.129    843.883  14.950  1.86526E-04  1.86492E-04  1.78095E-04
   10780.834    849.589  15.000  1.86265E-04  1.86230E-04  1.85940E-04
   10786.559    855.313  15.050  1.85998E-04  1.85961E-04  1.99761E-04
   10792.302    861.057  15.100  1.85731E-04  1.85691E-04  2.15395E-04
   10798.065    866.820  15.150  1.85455E-04  1.85413E-04  2.26932E-04
   10803.847    872.601  15.200  1.85176E-04  1.85134E-04  2.27644E-04
   10809.647    878.402  15.250  1.84894E-04  1.84855E-04  2.11666E-04
   10815.467    884.222  15.300  1.84607E-04  1.84575E-04  1.75419E-04
   10821.306    890.060  15.350  1.84315E-04  1.84293E-04  1.18569E-04
   10827.164    895.918  15.400  1.84014E-04  1.84006E-04  4.42888E-05
   10833.041    901.795  15.450  1.83710E-04  1.83718E-04 -4.10884E-05
   10838.937    907.691  15.500  1.83411E-04  1.83434E-04 -1.29227E-04
   10844.852    913.606  15.550  1.83107E-04  1.83145E-04 -2.11395E-04
   10850.786    919.540  15.600  1.82807E-04  1.82858E-04 -2.79867E-04
   10856.739    925.493  15.650  1.82510E-04  1.82570E-04 -3.29264E-04
   10862.711    931.466  15.700  1.82222E-04  1.82287E-04 -3.56945E-04
   10868.702    937.457  15.750  1.81935E-04  1.82001E-04 -3.62774E-04
   10874.712    943.467  15.800  1.81657E-04  1.81721E-04 -3.48569E-04
   10880.742    949.496  15.850  1.81384E-04  1.81441E-04 -3.17209E-04
   10886.790    955.545  15.900  1.81113E-04  1.81162E-04 -2.71783E-04
   10892.857    961.612  15.950  1.80844E-04  1.80883E-04 -2.15261E-04
   10898.944    967.698  16.000  1.80579E-04  1.80606E-04 -1.50566E-04
   10905.049    973.804  16.050  1.80322E-04  1.80337E-04 -8.05998E-05
   10911.174    979.928  16.100  1.80066E-04  1.80067E-04 -8.69995E-06
   10917.318    986.072  16.150  1.79809E-04  1.79798E-04  6.14309E-05
   10923.480    992.235  16.200  1.79560E-04  1.79538E-04  1.25905E-04
   10929.662    998.416  16.250  1.79311E-04  1.79278E-04  1.81358E-04
   10935.863   1004.617  16.300  1.79059E-04  1.79018E-04  2.25494E-04
   10942.082   1010.837  16.350  1.78806E-04  1.78759E-04  2.57523E-04
   10948.321   1017.076  16.400  1.78550E-04  1.78500E-04  2.78102E-04
   10954.579   1023.334  16.450  1.78295E-04  1.78243E-04  2.88892E-04
   10960.856   1029.611  16.500  1.78043E-04  1.77991E-04  2.91590E-04
   10967.152   1035.907  16.550  1.77786E-04  1.77735E-04  2.87093E-04
   10973.467   1042.222  16.600  1.77532E-04  1.77483E-04  2.74814E-04
   10979.801   1048.556  16.650  1.77277E-04  1.77232E-04  2.52763E-04
   10986.154   1054.909  16.700  1.77021E-04  1.76982E-04  2.18285E-04
   10992.527   1061.281  16.750  1.76755E-04  1.76725E-04  1.69210E-04
   10998.918   1067.672  16.800  1.76492E-04  1.76474E-04  1.05179E-04
   11005.328   1074.083  16.850  1.76221E-04  1.76216E-04  2.86917E-05
   11011.758   1080.512  16.900  1.75955E-04  1.75965E-04 -5.46889E-05
   11018.206   1086.960  16.950  1.75682E-04  1.75706E-04 -1.36916E-04
   11024.673   1093.428  17.000  1.75408E-04  1.75444E-04 -2.09017E-04
   11031.160   1099.914  17.050  1.75132E-04  1.75178E-04 -2.62875E-04
   11037.665   1106.420  17.100  1.74864E-04  1.74916E-04 -2.93039E-04
   11044.190   1112.945  17.150  1.74596E-04  1.74648E-04 -2.97778E-04
   11050.734   1119.488  17.200  1.74329E-04  1.74378E-04 -2.79387E-04
   11057.296   1126.051  17.250  1.74064E-04  1.74107E-04 -2.43393E-04
   11063.878   1132.633  17.300  1.73794E-04  1.73829E-04 -1.97098E-04
   11070.479   1139.233  17.350  1.73524E-04  1.73549E-04 -1.47726E-04
   11077.099   1145.853  17.400  1.73252E-04  1.73270E-04 -1.01044E-04
   11083.738   1152.492  17.450  1.72979E-04  1.72990E-04 -6.03373E-05
   11090.396   1159.150  17.500  1.72697E-04  1.72702E-04 -2.63788E-05
   11097.073   1165.827  17.550  1.72419E-04  1.72418E-04  2.06940E-06
   11103.769   1172.523  17.600  1.72134E-04  1.72129E-04  2.70170E-05
   11110.484   1179.238  17.650  1.71848E-04  1.71839E-04  5.02865E-05
   11117.218   1185.972  17.700  1.71556E-04  1.71544E-04  7.26808E-05
   11123.971   1192.726  17.750  1.71267E-04  1.71251E-04  9.36654E-05
   11130.743   1199.498  17.800  1.70974E-04  1.70955E-04  1.11869E-04
   11137.535   1206.289  17.850  1.70684E-04  1.70662E-04  1.25473E-04
   11144.345   1213.100  17.900  1.70386E-04  1.70364E-04  1.33087E-04
   11151.174   1219.929  17.950  1.70095E-04  1.70073E-04  1.34250E-04
   11158.023   1226.777  18.000  1.69796E-04  1.69774E-04  1.29584E-04
   11164.890   1233.645  18.050  1.69498E-04  1.69478E-04  1.20437E-04
   11171.777   1240.531  18.100  1.69204E-04  1.69186E-04  1.08434E-04
   11178.682   1247.437  18.150  1.68911E-04  1.68895E-04  9.48719E-05
   11185.607   1254.362  18.200  1.68613E-04  1.68599E-04  8.02935E-05
   11192.551   1261.305  18.250  1.68321E-04  1.68310E-04  6.45362E-05
   11199.514   1268.268  18.300  1.68035E-04  1.68027E-04  4.68841E-05
   11206.495   1275.250  18.350  1.67744E-04  1.67740E-04  2.67588E-05
   11213.496   1282.251  18.400  1.67453E-04  1.67452E-04  4.03856E-06
   11220.516   1289.271  18.450  1.67168E-04  1.67171E-04 -2.04450E-05
   11227.555   1296.310  18.500  1.66884E-04  1.66892E-04 -4.50120E-05
   11234.613   1303.368  18.550  1.66601E-04  1.66613E-04 -6.74601E-05
   11241.690   1310.445  18.600  1.66319E-04  1.66333E-04 -8.55800E-05
   11248.786   1317.541  18.650  1.66041E-04  1.66057E-04 -9.77576E-05
   11255.901   1324.656  18.700  1.65768E-04  1.65785E-04 -1.03342E-04
   11263.036   1331.790  18.750  1.65497E-04  1.65514E-04 -1.02761E-04
   11270.189   1338.943  18.800  1.65223E-04  1.65239E-04 -9.72581E-05
   11277.361   1346.116  18.850  1.64955E-04  1.64970E-04 -8.84337E-05
   11284.552   1353.307  18.900  1.64687E-04  1.64700E-04 -7.77798E-05
   11291.763   1360.517  18.950  1.64420E-04  1.64431E-04 -6.62549E-05
   11298.992   1367.747  19.000  1.64153E-04  1.64162E-04 -5.42330E-05
   11306.241   1374.995  19.050  1.63886E-04  1.63893E-04 -4.16782E-05
   11313.508   1382.263  19.100  1.63619E-04  1.63624E-04 -2.83520E-05
   11320.795   1389.549  19.150  1.63352E-04  1.63355E-04 -1.41432E-05
   11328.101   1396.855  19.200  1.63086E-04  1.63085E-04  6.52710E-07
   11335.425   1404.180  19.250  1.62819E-04  1.62816E-04  1.54080E-05
   11342.769   1411.524  19.300  1.62550E-04  1.62545E-04  2.92830E-05
   11350.132   1418.886  19.350  1.62276E-04  1.62269E-04  4.15680E-05
   11357.514   1426.268  19.400  1.62005E-04  1.61997E-04  5.18508E-05
   11364.914   1433.669  19.450  1.61728E-04  1.61719E-04  6.01245E-05
   11372.334   1441.089  19.500  1.61451E-04  1.61440E-04  6.66068E-05
   11379.773   1448.528  19.550  1.61173E-04  1.61161E-04  7.15165E-05
   11387.231   1455.986  19.600  1.60895E-04  1.60883E-04  7.48544E-05
   11394.709   1463.463  19.650  1.60616E-04  1.60604E-04  7.61020E-05
   11402.205   1470.959  19.700  1.60329E-04  1.60317E-04  7.44273E-05
   11409.720   1478.474  19.750  1.60041E-04  1.60030E-04  6.88097E-05
   11417.254   1486.009  19.800  1.59758E-04  1.59748E-04  5.86189E-05
   11424.807   1493.562  19.850  1.59463E-04  1.59456E-04  4.38562E-05
   11432.380   1501.134  19.900  1.59175E-04  1.59171E-04  2.54300E-05
   11439.971   1508.726  19.950  1.58887E-04  1.58887E-04  5.12073E-06
