# # Once                                                         FEFF 10.0.0 
# # POT  SCF 100  9.0000   0, core-hole, FOLP (folp(0)= 1.150)
# # Abs   Z=30 Rmt= 1.353 Rnm= 1.482 K  shell
# #   RGRID 0.0100
# # Pot 1 Z= 6 Rmt= 0.805 Rnm= 1.028
# # Pot 2 Z= 6 Rmt= 0.794 Rnm= 1.001
# # Pot 3 Z= 6 Rmt= 0.770 Rnm= 0.994
# # Pot 4 Z= 6 Rmt= 0.902 Rnm= 1.122
# # Pot 5 Z= 6 Rmt= 0.929 Rnm= 1.165
# # Pot 6 Z= 1 Rmt= 0.534 Rnm= 0.931
# # Pot 7 Z= 1 Rmt= 0.494 Rnm= 0.867
# # Pot 8 Z= 7 Rmt= 0.777 Rnm= 0.985
# # Pot 9 Z= 7 Rmt= 0.806 Rnm= 0.986
# # Pot10 Z=16 Rmt= 1.245 Rnm= 1.462
# # Gam_ch=1.897E+00 H-L exch Vi= 0.000E+00 Vr= 0.000E+00
# # Mu=-7.627E+00eV kf=2.186E+00 Vint=-1.503E+01eV Rs_int= 1.659
# # PATH  Rmax= 9.000,  Keep_limit= 0.00, Heap_limit 0.00  Pwcrit= 2.50%
#  S02=1.000  Temp=  10.00  Debye_temp= 315.00  Global_sig2= 0.00000
#  Energy zero shift, vr, vi    0.00000E+00   0.00000E+00
#  Curved wave amplitude ratio filter   4.000%
#     file         sig2 tot  cw amp ratio   deg  nlegs   reff  inp sig2
#           1       0.00300    100.00      1.00     2   2.0652
#           2       0.00295     99.47      1.00     2   2.0695
#           3       0.00254     81.22      1.00     2   2.2957
#           4       0.00255     81.06      1.00     2   2.2974
#           5       0.01742      9.65      1.00     2   2.9274
#           6       0.00398     39.44      1.00     2   2.9504
#           7       0.00397     38.84      1.00     2   2.9679
#           8       0.02164      9.09      1.00     2   2.9955
#           9       0.00371     33.82      1.00     2   3.1214
#          10       0.02822      8.14      1.00     2   3.1247
#          11       0.01812      8.08      1.00     2   3.1332
#          12       0.01823      8.04      1.00     2   3.1393
#          13       0.00385     32.55      1.00     2   3.1670
#          14       0.00331     53.10      2.00     3   3.1678
#          15       0.00331     53.93      2.00     3   3.1783
#          16       0.03268      7.76      1.00     2   3.1834
#          17       0.00551     32.04      1.00     2   3.2080
#          18       0.00551     31.45      1.00     2   3.2306
#          19       0.00331     60.51      2.00     3   3.2832
#          20       0.00340     64.72      2.00     3   3.3086
#          21       0.03164      6.96      1.00     2   3.3171
#          22       0.03383      6.69      1.00     2   3.3671
#          23       0.00363     21.36      1.00     4   3.3852
#          24       0.00365     23.11      1.00     4   3.3887
#          25       0.00363     36.54      1.00     4   3.4451
#          26       0.00368     43.20      1.00     4   3.4502
#          27       0.00523     24.41      1.00     2   3.5540
#          28       0.00970      6.82      2.00     3   3.5841
#          29       0.00964      6.76      2.00     3   3.5898
#          30       0.02276      5.63      1.00     2   3.5920
#          31       0.00616     23.51      1.00     2   3.6042
#          32       0.01075      9.79      2.00     3   3.6479
#          33       0.00375     31.89      2.00     3   3.6668
#          34       0.01218      5.59      2.00     3   3.6683
#          35       0.01220      5.60      2.00     3   3.6697
#          36       0.00405      8.19      2.00     3   3.6721
#          37       0.00379     31.93      2.00     3   3.6759
#          38       0.01339      7.84      2.00     3   3.7237
#          39       0.00844     14.54      2.00     3   3.7868
#          40       0.00847     11.00      2.00     4   3.8002
#          41       0.00861     10.57      2.00     4   3.8015
#          42       0.01020     19.89      1.00     2   3.8290
#          43       0.01146     19.03      1.00     2   3.8918
#          44       0.00416      6.23      2.00     3   3.9451
#          45       0.01250      6.20      2.00     3   3.9464
#          46       0.00393      6.39      2.00     3   3.9600
#          47       0.00390      6.52      2.00     3   3.9652
#          48       0.00404      7.14      2.00     3   3.9894
#          49       0.01450      7.81      2.00     3   4.0077
#          50       0.01407      5.01      1.00     4   4.0196
#          51       0.00405     13.35      2.00     3   4.0729
#          52       0.00420     15.29      2.00     3   4.0834
#          53       0.01843     12.46      2.00     3   4.0833
#          54       0.01809      4.31      1.00     4   4.0878
#          55       0.00445     13.39      2.00     3   4.1003
#          56       0.00363     16.13      1.00     2   4.1042
#          60       0.00415      9.72      1.00     4   4.1211
#          62       0.00416      9.91      1.00     4   4.1257
#          63       0.00461     14.73      2.00     3   4.1294
#          64       0.00600     11.24      1.00     4   4.1305
#          66       0.00590     11.11      1.00     4   4.1390
#          67       0.01838      8.80      2.00     3   4.1447
#          68       0.01398      4.31      2.00     3   4.1500
#          69       0.00350     15.59      1.00     2   4.1536
#          72       0.00329     37.94      2.00     3   4.1731
#          73       0.00373     41.01      2.00     3   4.1952
#          74       0.00331     40.38      2.00     3   4.2009
#          75       0.00359     15.03      1.00     2   4.2075
#          79       0.00371     43.22      2.00     3   4.2288
#          81       0.00340     26.46      1.00     4   4.2419
#          82       0.00375      8.90      2.00     3   4.2442
#          83       0.00360      7.02      2.00     4   4.2453
#          85       0.00337     40.35      2.00     3   4.2472
#          86       0.01063     13.69      2.00     3   4.2475
#          87       0.00338     29.38      1.00     4   4.2481
#          89       0.00337     51.69      2.00     4   4.2641
#          90       0.00348     14.43      1.00     2   4.2687
#          91       0.00451     24.81      1.00     4   4.2704
#          92       0.00388      7.26      2.00     4   4.2710
#          93       0.03095      4.10      1.00     4   4.2749
#          94       0.00332     56.91      2.00     4   4.2760
#          95       0.00342     43.53      2.00     3   4.2805
#          96       0.00412     18.38      2.00     4   4.2849
#          97       0.00420     38.46      1.00     4   4.2862
#          98       0.00583     12.52      2.00     3   4.2869
#          99       0.00440     24.76      1.00     4   4.2871
#         100       0.00346     29.64      1.00     4   4.2869
#         101       0.00345     33.91      1.00     4   4.2923
#         102       0.00410     19.16      2.00     4   4.2950
#         104       0.00417     41.66      1.00     4   4.3039
#         105       0.00673      4.05      2.00     4   4.3162
#         106       0.01074     13.59      1.00     4   4.3235
#         107       0.00819      5.33      2.00     5   4.3319
#         108       0.00822      5.57      2.00     5   4.3353
#         109       0.00402     18.73      2.00     4   4.3404
#         110       0.00360     29.53      2.00     3   4.3480
#         114       0.00412     19.23      2.00     4   4.3638
#         117       0.01318      6.66      2.00     3   4.3850
#         118       0.00406     23.10      2.00     4   4.3858
#         120       0.00339     42.59      2.00     4   4.3877
#         121       0.00363     29.61      2.00     3   4.4007
#         123       0.00345     46.00      2.00     4   4.4125
#         124       0.00357     42.97      2.00     4   4.4126
#         125       0.00412     23.43      2.00     4   4.4174
#         126       0.01148      5.99      2.00     3   4.4244
#         127       0.00360     45.92      2.00     4   4.4392
#         129       0.00544     11.46      2.00     3   4.4631
#         130       0.00767     10.28      1.00     6   4.4636
#         131       0.00768     11.28      1.00     6   4.4672
#         133       0.00625      8.72      2.00     5   4.4781
#         134       0.00358     65.63      2.00     5   4.4814
#         135       0.00359     71.52      2.00     5   4.4864
#         136       0.00499     67.22      2.00     5   4.4878
#         137       0.00405     24.60      1.00     4   4.4885
#         138       0.00489     68.48      2.00     5   4.4975
#         139       0.00905     12.05      2.00     4   4.5005
#         140       0.00500     21.38      1.00     4   4.5013
#         141       0.00461     46.48      2.00     5   4.5023
#         142       0.00511     79.52      2.00     5   4.5036
#         144       0.00446     51.14      2.00     5   4.5054
#         145       0.00357     38.46      2.00     4   4.5099
#         146       0.00387     86.07      2.00     5   4.5143
#         147       0.00413     25.17      1.00     4   4.5327
#         149       0.00362     41.23      2.00     4   4.5423
#         150       0.00556     12.31      1.00     2   4.5467
#         151       0.00509     21.23      1.00     4   4.5477
#         152       0.00433     41.11      2.00     5   4.5477
#         153       0.00360     63.22      2.00     5   4.5496
#         155       0.00378     69.74      2.00     5   4.5541
#         156       0.00433     44.14      2.00     5   4.5589
#         160       0.00507      5.44      1.00     4   4.5914
#         162       0.00510      5.42      1.00     4   4.5947
#         164       0.00425      6.54      2.00     4   4.6023
#         166       0.00438     37.50      2.00     5   4.6032
#         170       0.00788      7.30      2.00     3   4.6148
#         172       0.00436      6.34      2.00     4   4.6256
#         173       0.00506      4.91      2.00     3   4.6265
#         174       0.00440     39.25      2.00     5   4.6278
#         175       0.00526     30.16      2.00     3   4.6351
#         176       0.01928      5.28      2.00     3   4.6355
#         178       0.00471     56.60      2.00     5   4.6504
#         182       0.00539     65.95      2.00     5   4.6631
#         185       0.01142     12.02      2.00     3   4.6745
#         186       0.00474     59.60      2.00     5   4.6743
#         187       0.01085      6.38      2.00     5   4.6746
#         188       0.00355      8.29      2.00     3   4.6755
#         191       0.00541     69.37      2.00     5   4.6893
#         193       0.00914      8.14      2.00     4   4.6927
#         194       0.01104     14.06      1.00     4   4.6970
#         196       0.00780     44.47      1.00     6   4.7052
#         197       0.00338      6.07      2.00     3   4.7074
#         198       0.00788     46.65      1.00     6   4.7079
#         200       0.00352      8.51      2.00     3   4.7144
#         201       0.00378     14.80      2.00     4   4.7152
#         202       0.00500     49.39      1.00     6   4.7210
#         204       0.00596     25.55      1.00     4   4.7235
#         205       0.00507     53.37      1.00     6   4.7247
#         206       0.00373     16.35      2.00     4   4.7262
#         207       0.00494      4.61      2.00     4   4.7322
#         210       0.00338      5.86      2.00     3   4.7548
#         212       0.00829     10.76      1.00     2   4.7646
#         213       0.00450      8.10      2.00     5   4.7642
#         214       0.00636     86.93      2.00     6   4.7651
#         215       0.00457      9.49      2.00     5   4.7671
#         216       0.01155     17.72      2.00     5   4.7687
#         217       0.00649     94.71      2.00     6   4.7693
#         218       0.01545      6.86      2.00     4   4.7723
#         219       0.00468      5.40      2.00     4   4.7747
#         220       0.00450      8.21      2.00     5   4.7747
#         221       0.00367     10.46      2.00     4   4.7762
#         222       0.01549      6.91      2.00     4   4.7771
#         225       0.00783      9.37      2.00     4   4.7823
#         226       0.01937      6.60      2.00     3   4.7852
#         227       0.00764      9.72      2.00     4   4.7874
#         228       0.00452      8.93      2.00     5   4.7963
#         229       0.01776      6.84      2.00     3   4.7975
#         230       0.00308      8.87      2.00     4   4.7984
#         231       0.00375     10.92      2.00     4   4.8020
#         232       0.00458     15.70      2.00     3   4.8098
#         234       0.00472     39.21      1.00     6   4.8123
#         235       0.00310      9.18      2.00     4   4.8161
#         236       0.00475     42.35      1.00     6   4.8158
#         237       0.01941      4.26      2.00     5   4.8165
#         238       0.01478      8.75      2.00     3   4.8236
#         239       0.00811     53.54      1.00     6   4.8250
#         240       0.00973      8.53      2.00     4   4.8288
#         241       0.00310      9.14      2.00     4   4.8299
#         242       0.00835     60.41      1.00     6   4.8308
#         244       0.00464      4.64      2.00     4   4.8439
#         245       0.00311      9.51      2.00     4   4.8464
#         246       0.00860      4.65      2.00     3   4.8482
#         248       0.00967      8.52      2.00     4   4.8506
#         249       0.00391     15.58      2.00     4   4.8693
#         251       0.03138      6.32      2.00     5   4.8790
#         252       0.01257      5.58      2.00     6   4.8786
#         253       0.00351     16.67      2.00     4   4.8797
#         254       0.01266      5.41      2.00     6   4.8799
#         256       0.00502      4.67      2.00     3   4.8824
#         259       0.00397     16.41      2.00     4   4.8929
#         260       0.00393     16.63      2.00     4   4.8963
#         261       0.00915     10.42      2.00     5   4.8977
#         262       0.00899     10.69      2.00     5   4.8978
#         263       0.00430     22.43      2.00     4   4.8982
#         264       0.01092      4.84      2.00     4   4.9008
#         265       0.01103      4.56      2.00     4   4.9023
#         267       0.00903     14.35      2.00     5   4.9041
#         268       0.00352     17.54      2.00     4   4.9076
#         269       0.00882     14.45      2.00     5   4.9090
#         272       0.00953     13.79      2.00     5   4.9169
#         273       0.00968     12.97      2.00     5   4.9186
#         274       0.01007     19.33      2.00     5   4.9198
#         275       0.00466      4.59      2.00     4   4.9211
#         276       0.00540     18.63      2.00     3   4.9221
#         278       0.01289      7.89      1.00     4   4.9241
#         279       0.00403     17.36      2.00     4   4.9248
#         280       0.01004     19.80      2.00     5   4.9257
#         281       0.00776      5.26      2.00     3   4.9271
#         282       0.00330     10.72      2.00     4   4.9310
#         283       0.00406     29.33      2.00     5   4.9326
#         285       0.00892      7.83      2.00     4   4.9366
#         286       0.00408     32.33      2.00     5   4.9366
#         287       0.00432     24.55      1.00     6   4.9366
#         288       0.00404     28.15      2.00     5   4.9381
#         289       0.00427     28.20      1.00     6   4.9378
#         291       0.00405     31.15      2.00     5   4.9435
#         292       0.00917      7.88      2.00     5   4.9457
#         293       0.00365     30.85      2.00     5   4.9486
#         294       0.00364     33.88      2.00     5   4.9548
#         297       0.00327     11.12      2.00     4   4.9709
#         298       0.00354     16.62      2.00     5   4.9707
#         299       0.00390     20.63      2.00     5   4.9714
#         301       0.00386     18.08      2.00     5   4.9779
#         302       0.00315     10.60      2.00     4   4.9805
#         303       0.00984      8.63      2.00     4   4.9820
#         304       0.00349     18.57      2.00     5   4.9827
#         305       0.01245      4.56      1.00     4   4.9838
#         306       0.01639      4.20      1.00     4   4.9845
#         308       0.01905      8.97      2.00     5   4.9875
#         309       0.00382     19.89      2.00     5   4.9880
#         310       0.01882      8.82      2.00     5   4.9897
#         312       0.00523      8.93      2.00     5   4.9921
#         313       0.00701      8.66      2.00     5   4.9979
#         314       0.00725      8.39      2.00     5   4.9997
#         316       0.00495      6.12      2.00     3   5.0088
#         317       0.01015      6.33      2.00     3   5.0134
#         318       0.00837      7.84      2.00     4   5.0157
#         319       0.00379     14.67      2.00     5   5.0158
#         321       0.00927      7.24      2.00     5   5.0195
#         323       0.00314     10.73      2.00     4   5.0278
#         325       0.00648      4.22      1.00     4   5.0363
#         326       0.00822      7.71      2.00     4   5.0374
#         327       0.01059      4.74      1.00     4   5.0396
#         328       0.00920      7.23      2.00     5   5.0393
#         329       0.00388     15.43      2.00     5   5.0403
#         331       0.00464      4.96      2.00     4   5.0477
#         332       0.01015      6.44      2.00     3   5.0484
#         333       0.01281      7.73      2.00     5   5.0490
#         334       0.00345     11.53      2.00     5   5.0494
#         335       0.00828      8.15      2.00     3   5.0497
#         336       0.01283      7.32      2.00     5   5.0496
#         339       0.00666      4.24      1.00     4   5.0561
#         340       0.01066      4.97      1.00     4   5.0573
#         343       0.00939      5.64      2.00     4   5.0701
#         344       0.00286     25.70      2.00     5   5.0715
#         345       0.00500      6.06      1.00     4   5.0729
#         346       0.00457      9.23      2.00     4   5.0740
#         347       0.01157      4.74      2.00     4   5.0750
#         348       0.00352     12.16      2.00     5   5.0751
#         349       0.00827     12.15      2.00     4   5.0759
#         350       0.01103      4.20      2.00     5   5.0764
#         351       0.00567     13.68      1.00     4   5.0796
#         352       0.00793      6.13      2.00     4   5.0846
#         354       0.00442     16.87      2.00     4   5.0940
#         355       0.00858      4.43      2.00     3   5.0981
#         356       0.00450      4.34      2.00     4   5.0998
#         357       0.00811      7.94      2.00     3   5.1004
#         358       0.02307      4.04      2.00     5   5.1006
#         359       0.01007      5.59      2.00     4   5.1011
#         360       0.00287     26.88      2.00     5   5.1030
#         361       0.00897      4.11      2.00     5   5.1051
#         362       0.00827     12.34      2.00     4   5.1094
#         363       0.01694      5.54      2.00     5   5.1112
#         364       0.00758      7.82      1.00     4   5.1123
#         365       0.00787     11.38      2.00     4   5.1186
#         366       0.01347     19.21      2.00     6   5.1194
#         367       0.01347     19.00      2.00     6   5.1215
#         368       0.00911     13.66      2.00     5   5.1236
#         369       0.00883      6.58      2.00     4   5.1243
#         370       0.00859      4.62      2.00     3   5.1271
#         371       0.00631     10.17      2.00     3   5.1333
#         372       0.00625      9.26      2.00     3   5.1328
#         373       0.00883      7.01      2.00     4   5.1360
#         374       0.01205     24.01      2.00     6   5.1361
#         375       0.01207     23.36      2.00     6   5.1372
#         376       0.00852      9.73      2.00     4   5.1407
#         377       0.00359     20.49      2.00     5   5.1424
#         379       0.00796     17.73      2.00     5   5.1448
#         380       0.00785     11.83      2.00     4   5.1477
#         381       0.00364     19.92      2.00     5   5.1484
#         382       0.00926      4.67      2.00     4   5.1550
#         383       0.00794     18.88      2.00     5   5.1566
#         385       0.01119      5.95      2.00     4   5.1578
#         387       0.00769      8.69      2.00     4   5.1607
#         388       0.00752      7.65      1.00     4   5.1614
#         389       0.02127      6.09      2.00     3   5.1624
#         390       0.01183      9.07      2.00     5   5.1635
#         391       0.00862     15.55      2.00     5   5.1669
#         393       0.00360     22.10      2.00     5   5.1694
#         394       0.00975      4.68      2.00     4   5.1706
#         395       0.00460      5.00      2.00     3   5.1719
#         397       0.00845      9.82      2.00     4   5.1756
#         398       0.00468      8.65      2.00     4   5.1755
#         400       0.00503      6.50      2.00     5   5.1771
#         401       0.00459      5.86      2.00     3   5.1778
#         403       0.00933     20.36      2.00     6   5.1808
#         404       0.00371     21.20      2.00     5   5.1813
#         405       0.00744     23.60      2.00     5   5.1811
#         406       0.00946     19.27      2.00     6   5.1814
#         407       0.00697     30.65      2.00     5   5.1824
#         408       0.00844     16.19      2.00     5   5.1845
#         409       0.00769      7.07      2.00     4   5.1866
#         410       0.00771      9.03      2.00     4   5.1881
#         411       0.00375     35.19      2.00     6   5.1881
#         413       0.00947     12.02      2.00     5   5.1931
#         414       0.00377     38.65      2.00     6   5.1931
#         415       0.00451      9.03      2.00     4   5.1991
#         416       0.00767     20.80      2.00     5   5.2033
#         417       0.00446      9.98      2.00     4   5.2074
#         418       0.00520      6.61      2.00     3   5.2089
#         420       0.00499      8.77      2.00     4   5.2091
#         421       0.00745     24.50      2.00     5   5.2087
#         422       0.00373     33.83      2.00     6   5.2113
#         425       0.01532      4.23      2.00     3   5.2154
#         426       0.00373     37.25      2.00     6   5.2166
#         427       0.00445      7.15      2.00     4   5.2192
#         428       0.00623      6.42      2.00     3   5.2221
#         429       0.00981     14.55      2.00     5   5.2223
#         431       0.00955      4.64      2.00     5   5.2271
#         432       0.00764     14.24      2.00     5   5.2295
#         433       0.00986      5.91      2.00     4   5.2308
#         434       0.00817      7.11      2.00     5   5.2331
#         435       0.00821      6.73      2.00     5   5.2331
#         436       0.00361     35.89      2.00     6   5.2334
#         437       0.01055      6.31      2.00     4   5.2341
#         438       0.00767     15.35      2.00     5   5.2353
#         439       0.00786      6.87      2.00     4   5.2365
#         440       0.00767     21.03      2.00     5   5.2366
#         443       0.01101      4.93      2.00     4   5.2406
#         444       0.00958      4.62      2.00     5   5.2441
#         445       0.00357     39.13      2.00     6   5.2445
#         447       0.00808      7.18      2.00     5   5.2478
#         448       0.00812      6.82      2.00     5   5.2478
#         449       0.00744     20.20      1.00     6   5.2500
#         450       0.00782     11.47      2.00     5   5.2517
#         451       0.00746     21.76      1.00     6   5.2559
#         452       0.01080      9.65      2.00     5   5.2570
#         453       0.00858      8.17      2.00     3   5.2579
#         454       0.00992      6.05      2.00     4   5.2588
#         456       0.00779     12.14      2.00     5   5.2632
#         457       0.02386      4.76      1.00     4   5.2654
#         458       0.00512      7.93      2.00     5   5.2651
#         459       0.01038     10.11      2.00     5   5.2677
#         460       0.00464      8.07      2.00     4   5.2718
#         461       0.00777     32.95      2.00     6   5.2721
#         462       0.00648      7.38      2.00     4   5.2732
#         464       0.00565     12.73      2.00     4   5.2756
#         465       0.01204      4.76      2.00     4   5.2816
#         466       0.00767     34.86      2.00     6   5.2838
#         467       0.00824      9.17      1.00     4   5.2847
#         468       0.00522     13.56      2.00     5   5.2844
#         469       0.00357     30.04      2.00     6   5.2889
#         470       0.00861      4.47      2.00     3   5.2894
#         471       0.00644     11.91      2.00     4   5.2909
#         472       0.00974      4.78      2.00     3   5.2926
#         473       0.00809     12.24      2.00     5   5.2933
#         474       0.00782     14.45      1.00     6   5.2943
#         476       0.00499      8.29      2.00     4   5.2965
#         477       0.00831     12.07      2.00     4   5.2976
#         478       0.00663      6.37      2.00     4   5.3001
#         479       0.00443     11.85      2.00     5   5.3024
#         480       0.01197      4.26      2.00     4   5.3030
#         482       0.00453      5.34      2.00     4   5.3081
#         483       0.00919      4.41      2.00     4   5.3092
#         484       0.00566     12.59      2.00     4   5.3096
#         485       0.00459     14.50      2.00     4   5.3100
#         486       0.00502      6.58      2.00     4   5.3106
#         487       0.00781     15.00      1.00     6   5.3117
#         488       0.00821      4.40      2.00     5   5.3127
#         489       0.00904      6.61      2.00     5   5.3124
#         490       0.00440      7.07      2.00     4   5.3135
#         491       0.00365     31.60      2.00     6   5.3134
#         492       0.00535      9.50      2.00     4   5.3146
#         493       0.00821      9.96      2.00     4   5.3162
#         494       0.01577      6.01      2.00     4   5.3184
#         495       0.00865     10.68      2.00     4   5.3193
#         496       0.00814     12.57      2.00     5   5.3198
#         497       0.00819      4.49      2.00     5   5.3226
#         498       0.00840      7.96      2.00     3   5.3242
#         499       0.00815     28.83      2.00     5   5.3244
#         501       0.00473     12.12      2.00     5   5.3262
#         502       0.00863      4.75      2.00     3   5.3275
#         505       0.01471      5.06      2.00     3   5.3312
#         507       0.00832     12.70      2.00     4   5.3360
#         508       0.00910      4.44      2.00     4   5.3362
#         509       0.00884      7.36      2.00     6   5.3375
#         511       0.00705     11.77      2.00     4   5.3394
#         512       0.00441      7.57      2.00     4   5.3397
#         513       0.00907      4.97      2.00     6   5.3398
#         514       0.00504     13.88      2.00     5   5.3407
#         515       0.02146      6.47      2.00     5   5.3403
#         516       0.00936      5.56      2.00     5   5.3413
#         517       0.00450      5.36      2.00     4   5.3415
#         518       0.00894      6.93      2.00     5   5.3417
#         519       0.00886      4.35      2.00     6   5.3419
#         520       0.00844      4.30      2.00     6   5.3425
#         521       0.01184      5.46      2.00     5   5.3427
#         522       0.01043     17.86      2.00     5   5.3445
#         523       0.00506      7.86      2.00     4   5.3454
#         524       0.00823      9.05      1.00     4   5.3458
#         526       0.00901      7.37      2.00     5   5.3464
#         528       0.00944      8.88      2.00     5   5.3480
#         529       0.00775      8.24      2.00     5   5.3485
#         530       0.00961      8.48      2.00     5   5.3489
#         531       0.00774      8.01      2.00     5   5.3485
#         532       0.00888      7.14      2.00     6   5.3488
#         533       0.00971      4.75      2.00     3   5.3496
#         535       0.00826     10.61      2.00     4   5.3491
#         536       0.00495      4.81      2.00     4   5.3498
#         537       0.00436     21.12      2.00     5   5.3497
#         538       0.00899      5.75      2.00     4   5.3508
#         540       0.00534      6.53      2.00     4   5.3535
#         543       0.00843      4.14      2.00     6   5.3544
#         545       0.00822     16.31      2.00     5   5.3559
#         546       0.00446     14.40      2.00     5   5.3571
#         547       0.00560     18.34      2.00     5   5.3569
#         548       0.00820     30.53      2.00     5   5.3576
#         549       0.00826     14.25      2.00     5   5.3581
#         550       0.00847     16.48      2.00     5   5.3590
#         551       0.00913      4.11      2.00     5   5.3593
#         552       0.00826     18.04      2.00     5   5.3609
#         553       0.00805     19.73      2.00     6   5.3622
#         554       0.00486     14.36      2.00     4   5.3631
#         555       0.00899      7.49      2.00     6   5.3633
#         556       0.00815     24.60      1.00     6   5.3641
#         557       0.00908     14.80      2.00     6   5.3638
#         558       0.01133     10.09      2.00     6   5.3646
#         559       0.00877      6.91      2.00     6   5.3656
#         560       0.00508      8.95      2.00     4   5.3664
#         561       0.00587     21.13      2.00     5   5.3666
#         563       0.00811     21.03      2.00     6   5.3670
#         566       0.00507     14.41      2.00     5   5.3693
#         567       0.00819     27.04      1.00     6   5.3694
#         568       0.00482      6.78      2.00     4   5.3708
#         571       0.00868     10.73      2.00     4   5.3712
#         573       0.00882      7.42      2.00     6   5.3735
#         574       0.00906      6.17      2.00     4   5.3745
#         575       0.00462     22.29      2.00     5   5.3749
#         577       0.00427     11.48      2.00     5   5.3769
#         578       0.00796      8.74      2.00     5   5.3781
#         579       0.00794      8.55      2.00     5   5.3781
#         582       0.00453      7.47      2.00     4   5.3796
#         583       0.01142      9.07      2.00     5   5.3798
#         585       0.01051      9.65      2.00     5   5.3821
#         586       0.01142      9.88      2.00     6   5.3823
#         587       0.00853     17.56      2.00     5   5.3830
#         588       0.00817     17.66      2.00     6   5.3843
#         589       0.00837     24.32      2.00     6   5.3843
#         590       0.00589     21.65      2.00     5   5.3848
#         591       0.02389      4.45      2.00     5   5.3856
#         592       0.00918      4.07      2.00     5   5.3858
#         593       0.00826     14.70      2.00     5   5.3860
#         594       0.00423     12.56      2.00     5   5.3887
#         595       0.00495      4.65      2.00     4   5.3892
#         596       0.00502      8.22      2.00     5   5.3895
#         597       0.00526     16.15      2.00     5   5.3929
#         598       0.00821     18.48      2.00     6   5.3949
#         599       0.00841     25.66      2.00     6   5.3949
#         601       0.00871      8.55      2.00     4   5.3984
#         604       0.00501      8.45      2.00     5   5.4010
#         605       0.01266      5.47      2.00     5   5.4086
#         609       0.02203      7.38      1.00     6   5.4163
#         613       0.00908      6.21      2.00     6   5.4188
#         614       0.00566     16.66      2.00     5   5.4195
#         616       0.00771     32.14      2.00     6   5.4206
#         620       0.00830     21.09      2.00     5   5.4252
#         621       0.00896      4.13      2.00     6   5.4266
#         622       0.00879      5.61      2.00     6   5.4281
#         623       0.00909      5.68      2.00     6   5.4330
#         624       0.00940      6.71      2.00     6   5.4345
#         625       0.00907      8.12      2.00     6   5.4345
#         628       0.01098      4.79      2.00     4   5.4380
#         629       0.00473     11.93      1.00     4   5.4400
#         630       0.00482      6.72      2.00     4   5.4411
#         631       0.00918      6.34      2.00     6   5.4423
#         632       0.01219      9.42      2.00     5   5.4436
#         633       0.00921      9.50      2.00     6   5.4445
#         634       0.00944      6.70      2.00     6   5.4441
#         635       0.00910      8.51      2.00     6   5.4441
#         636       0.00773     33.28      2.00     6   5.4470
#         637       0.00950      8.08      2.00     6   5.4490
#         638       0.00505     29.38      2.00     5   5.4505
#         639       0.00834      9.08      2.00     6   5.4505
#         640       0.00929     10.32      2.00     6   5.4503
#         641       0.00396     53.50      2.00     7   5.4508
#         642       0.00522      8.25      2.00     4   5.4516
#         643       0.00958      8.43      2.00     6   5.4520
#         644       0.01137      5.36      2.00     4   5.4526
#         645       0.01055     14.80      2.00     5   5.4528
#         646       0.00961      5.04      2.00     4   5.4545
#         647       0.00925     10.13      2.00     6   5.4545
#         648       0.00401     57.93      2.00     7   5.4549
#         649       0.00868      8.40      2.00     4   5.4562
#         650       0.00831     11.31      2.00     5   5.4567
#         651       0.00578      9.73      2.00     5   5.4575
#         652       0.00824      9.64      2.00     6   5.4582
#         653       0.00495      8.14      2.00     5   5.4599
#         654       0.00894     12.18      2.00     5   5.4598
#         657       0.00933     10.45      2.00     6   5.4609
#         658       0.01299      8.05      2.00     5   5.4620
#         659       0.00613     10.99      2.00     5   5.4633
#         661       0.00585     11.83      2.00     4   5.4652
#         662       0.00858     34.82      2.00     6   5.4649
#         663       0.01108      4.85      2.00     3   5.4674
#         665       0.00797     18.39      2.00     6   5.4691
#         668       0.00465      7.29      2.00     5   5.4725
#         669       0.00801     19.73      2.00     6   5.4736
#         670       0.01066      5.22      1.00     6   5.4744
#         672       0.00937      4.29      2.00     5   5.4781
#         673       0.00838     20.96      2.00     5   5.4779
#         674       0.01076      5.49      1.00     6   5.4781
#         675       0.00573     10.25      2.00     5   5.4805
#         677       0.00837     11.93      2.00     5   5.4812
#         678       0.01147     15.41      2.00     5   5.4809
#         679       0.00861     12.07      2.00     5   5.4812
#         681       0.00501      8.43      2.00     5   5.4872
#         683       0.00467     11.88      1.00     4   5.4896
#         684       0.00867     36.61      2.00     6   5.4897
#         685       0.00771     55.69      2.00     7   5.4895
#         686       0.00963      5.25      2.00     4   5.4912
#         687       0.01032     10.68      2.00     6   5.4910
#         688       0.00979     19.72      2.00     5   5.4930
#         689       0.01061      4.40      2.00     6   5.4944
#         690       0.00774     59.81      2.00     7   5.4942
#         691       0.00541     29.42      2.00     5   5.4951
#         693       0.00486      7.56      2.00     5   5.4951
#         694       0.00722      6.91      2.00     5   5.4952
#         695       0.01192      4.32      2.00     5   5.4967
#         696       0.00728      7.04      2.00     5   5.5013
#         697       0.00905     12.24      2.00     5   5.5033
#         698       0.01044      7.00      2.00     4   5.5050
#         699       0.01002     17.96      2.00     5   5.5049
#         702       0.00913      4.28      2.00     6   5.5056
#         703       0.00482     32.42      2.00     5   5.5088
#         704       0.00663     10.83      2.00     5   5.5101
#         705       0.00803     13.93      2.00     6   5.5104
#         706       0.00782     49.01      2.00     7   5.5116
#         707       0.00866     12.67      2.00     5   5.5128
#         708       0.00914      6.67      2.00     5   5.5127
#         710       0.00686     14.56      2.00     5   5.5152
#         712       0.00919      7.33      2.00     5   5.5161
#         713       0.01081      7.32      2.00     5   5.5159
#         714       0.01037     11.06      2.00     6   5.5176
#         715       0.00596     11.71      2.00     4   5.5196
#         716       0.00980     20.13      2.00     5   5.5201
#         717       0.00818     15.88      2.00     6   5.5196
#         718       0.00861     20.24      2.00     6   5.5209
#         719       0.00783     51.71      2.00     7   5.5221
#         720       0.00858     22.15      2.00     6   5.5246
#         723       0.00460     11.39      2.00     5   5.5283
#         724       0.00483     12.35      2.00     5   5.5297
#         727       0.01009     48.99      2.00     5   5.5310
#         728       0.00594     18.84      2.00     5   5.5314
#         729       0.00716      4.50      2.00     6   5.5353
#         730       0.00485     33.76      2.00     5   5.5368
#         731       0.01058      7.70      2.00     5   5.5382
#         732       0.01108      6.61      2.00     5   5.5410
#         733       0.01609      4.64      2.00     5   5.5429
#         734       0.00732      5.11      2.00     5   5.5429
#         735       0.00745      6.53      2.00     5   5.5435
#         736       0.00687     14.58      2.00     5   5.5479
#         737       0.00906      8.32      2.00     6   5.5499
#         738       0.00920      4.96      2.00     6   5.5499
#         739       0.01262      6.16      1.00     6   5.5501
#         740       0.01096      4.04      2.00     5   5.5527
#         742       0.00796     11.85      2.00     5   5.5529
#         743       0.01126      5.46      2.00     4   5.5558
#         744       0.00487     13.11      2.00     5   5.5558
#         745       0.01030      6.60      2.00     5   5.5583
#         746       0.00579     10.52      1.00     6   5.5595
#         747       0.01020     19.91      2.00     7   5.5598
#         748       0.00862     13.97      2.00     5   5.5603
#         749       0.00585     11.44      1.00     6   5.5606
#         751       0.00981     30.68      2.00     6   5.5619
#         753       0.00477      4.51      2.00     5   5.5636
#         754       0.01027     50.40      2.00     5   5.5647
#         755       0.00927      7.70      2.00     6   5.5645
#         756       0.01023     21.50      2.00     7   5.5649
#         757       0.00483     22.93      2.00     6   5.5653
#         758       0.00850     13.02      1.00     6   5.5657
#         760       0.01187      8.10      2.00     7   5.5662
#         761       0.00860     17.05      2.00     7   5.5662
#         762       0.00518     12.21      2.00     5   5.5672
#         763       0.00974     32.70      2.00     6   5.5673
#         765       0.00926      8.46      2.00     6   5.5678
#         766       0.01097      5.28      2.00     7   5.5703
#         769       0.00473     10.09      1.00     4   5.5747
#         770       0.00925      4.90      2.00     6   5.5744
#         771       0.00911      8.64      2.00     6   5.5744
#         772       0.01204      7.80      2.00     7   5.5760
#         773       0.00860     17.75      2.00     7   5.5760
#         774       0.00578      5.06      2.00     4   5.5776
#         775       0.00484     23.73      1.00     6   5.5777
#         778       0.00449      4.44      2.00     5   5.5789
#         779       0.01222      5.11      2.00     6   5.5800
#         780       0.00894     23.01      2.00     7   5.5807
#         781       0.00510     12.50      2.00     5   5.5815
#         782       0.01065     11.25      2.00     7   5.5820
#         783       0.01050     25.75      2.00     7   5.5820
#         784       0.00717      6.40      2.00     6   5.5826
#         786       0.01235      5.27      2.00     6   5.5842
#         787       0.00484     25.51      1.00     6   5.5841
#         788       0.00724     24.30      2.00     6   5.5840
#         789       0.00743     23.18      2.00     6   5.5840
#         790       0.01015     38.23      2.00     6   5.5840
#         791       0.00915     25.41      2.00     7   5.5839
#         793       0.00839     36.17      2.00     6   5.5871
#         794       0.01154      4.21      2.00     5   5.5885
#         795       0.00509     23.37      2.00     6   5.5902
#         796       0.00747     32.23      1.00     6   5.5904
#         797       0.01048      4.12      2.00     5   5.5926
#         798       0.01071     10.92      2.00     7   5.5927
#         799       0.01054     27.28      2.00     7   5.5927
#         800       0.01086      8.45      2.00     5   5.5934
#         801       0.01829      6.59      2.00     6   5.5933
#         802       0.01104      6.09      2.00     5   5.5940
#         803       0.00732     25.14      2.00     6   5.5952
#         804       0.01013     40.33      2.00     6   5.5952
#         805       0.00748     24.08      2.00     6   5.5952
#         806       0.00863     14.60      2.00     5   5.5978
#         807       0.00474      4.66      2.00     5   5.5981
#         808       0.00483     21.39      2.00     6   5.5985
#         809       0.00491     12.10      2.00     5   5.5986
#         811       0.00514     12.65      2.00     5   5.5996
#         812       0.00505     70.72      2.00     6   5.5998
#         813       0.00868     28.21      2.00     7   5.6017
#         814       0.01025      4.32      2.00     5   5.6031
#         815       0.00485     23.69      2.00     6   5.6031
#         816       0.00704     36.52      2.00     6   5.6049
#         817       0.00626     16.29      2.00     6   5.6049
#         818       0.00874     29.96      2.00     7   5.6053
#         819       0.00524     15.74      2.00     5   5.6057
#         820       0.01271     10.84      2.00     6   5.6054
#         822       0.00727     32.32      1.00     6   5.6063
#         823       0.00741     33.35      2.00     6   5.6062
#         824       0.00474     21.12      2.00     6   5.6068
#         825       0.00785     22.24      2.00     6   5.6069
#         826       0.00524     15.98      2.00     5   5.6091
#         827       0.00476     23.27      2.00     6   5.6093
#         828       0.01362      4.48      2.00     5   5.6099
#         829       0.00860     13.00      1.00     6   5.6099
#         830       0.00788     24.16      2.00     6   5.6114
#         831       0.00501     75.41      2.00     6   5.6119
#         832       0.00640     37.78      2.00     6   5.6124
#         833       0.00476      4.24      2.00     5   5.6125
#         834       0.00478      5.65      2.00     5   5.6135
#         835       0.00474     30.52      2.00     5   5.6143
#         836       0.00702     38.45      2.00     6   5.6142
#         837       0.00637     17.11      2.00     6   5.6142
#         839       0.00439      9.00      2.00     6   5.6165
#         840       0.00454      7.19      2.00     6   5.6165
#         841       0.00849     19.84      2.00     6   5.6186
#         842       0.00844     38.11      2.00     6   5.6194
#         843       0.00585     12.99      1.00     6   5.6194
#         844       0.00903      8.51      2.00     6   5.6197
#         845       0.00805     14.70      2.00     6   5.6207
#         846       0.00861     15.37      2.00     6   5.6217
#         847       0.00883     21.05      2.00     6   5.6217
#         848       0.00797     22.23      2.00     6   5.6218
#         849       0.00585     14.80      1.00     6   5.6221
#         850       0.01052     55.60      1.00     6   5.6220
#         851       0.00854     21.80      2.00     6   5.6227
#         852       0.00744     34.97      2.00     6   5.6231
#         856       0.00983     10.38      2.00     6   5.6252
#         857       0.00977     12.75      2.00     7   5.6261
#         858       0.00955     20.43      2.00     5   5.6271
#         859       0.00441      9.71      2.00     6   5.6270
#         860       0.00455      8.12      2.00     6   5.6270
#         861       0.00839     63.89      2.00     7   5.6268
#         863       0.00808     24.50      2.00     6   5.6287
#         864       0.00464      6.41      2.00     5   5.6306
#         865       0.00817     16.34      2.00     6   5.6310
#         866       0.00843     70.00      2.00     7   5.6312
#         867       0.00495      8.44      2.00     6   5.6324
#         868       0.00462      9.88      1.00     4   5.6343
#         873       0.00682     39.31      2.00     6   5.6367
#         874       0.00872     12.42      2.00     7   5.6374
#         875       0.01062     58.93      1.00     6   5.6398
#         877       0.00491     12.77      2.00     6   5.6439
#         878       0.00890     22.26      2.00     6   5.6448
#         879       0.00866     16.05      2.00     6   5.6448
#         880       0.00396      9.56      2.00     6   5.6453
#         881       0.00463     32.09      2.00     5   5.6461
#         882       0.00919      5.43      2.00     6   5.6488
#         883       0.00881      9.49      2.00     6   5.6488
#         884       0.00613      5.39      1.00     6   5.6503
#         885       0.00475      4.33      2.00     5   5.6510
#         886       0.00531     15.71      2.00     5   5.6516
#         887       0.01053     10.80      2.00     6   5.6516
#         888       0.01260     12.33      2.00     7   5.6519
#         889       0.01278      8.07      2.00     7   5.6519
#         890       0.00478      6.86      2.00     6   5.6522
#         893       0.00475     24.36      1.00     6   5.6540
#         894       0.01271     13.30      2.00     7   5.6545
#         895       0.01291      8.13      2.00     7   5.6545
#         896       0.00456      6.95      1.00     6   5.6546
#         898       0.00490     14.32      2.00     6   5.6566
#         900       0.00458     26.96      1.00     6   5.6579
#         901       0.00664     24.72      2.00     6   5.6604
#         902       0.00989     21.60      2.00     5   5.6611
#         903       0.00987     11.10      2.00     7   5.6619
#         904       0.01683      7.29      2.00     5   5.6632
#         905       0.00477      7.17      2.00     6   5.6628
#         906       0.00687     22.93      2.00     6   5.6648
#         907       0.00968     12.08      2.00     7   5.6649
#         909       0.00964     34.07      2.00     6   5.6668
#         910       0.01156     12.56      2.00     7   5.6676
#         911       0.00614      5.74      1.00     6   5.6677
#         912       0.01164     12.83      2.00     7   5.6713
#         913       0.01053     38.01      2.00     6   5.6729
#         914       0.00449      6.88      1.00     6   5.6732
#         915       0.01179      4.03      2.00     4   5.6752
#         916       0.00689     23.78      2.00     6   5.6756
#         917       0.00468      6.60      2.00     5   5.6783
#         918       0.01080      4.35      1.00     6   5.6778
#         919       0.00788      5.16      2.00     5   5.6791
#         921       0.01086      4.73      1.00     6   5.6797
#         924       0.00886     17.10      2.00     7   5.6816
#         925       0.00761     14.21      2.00     6   5.6834
#         926       0.00683     25.14      2.00     6   5.6830
#         928       0.01237      4.39      2.00     3   5.6898
#         929       0.00555      7.76      2.00     5   5.6944
#         930       0.01654      5.03      2.00     6   5.6955
#         932       0.00863      4.54      2.00     6   5.6961
#         933       0.00467      9.48      2.00     6   5.6994
#         936       0.00494      5.90      2.00     5   5.7049
#         937       0.00561      8.25      2.00     5   5.7052
#         938       0.01581      4.65      2.00     5   5.7052
#         939       0.00720      5.93      2.00     6   5.7054
#         941       0.00787     24.69      2.00     6   5.7058
#         942       0.00896     17.68      2.00     7   5.7063
#         943       0.00698     11.72      2.00     6   5.7076
#         944       0.00484      9.06      2.00     6   5.7077
#         946       0.00792      5.22      2.00     5   5.7105
#         947       0.01088     13.77      2.00     7   5.7118
#         948       0.01048     16.44      2.00     7   5.7118
#         949       0.00900     36.42      2.00     5   5.7152
#         950       0.00780      6.83      2.00     5   5.7154
#         951       0.01190      5.65      2.00     5   5.7157
#         952       0.00491      4.25      2.00     5   5.7164
#         953       0.01103     14.26      2.00     7   5.7160
#         954       0.01019     17.80      2.00     7   5.7160
#         955       0.01140      7.85      2.00     6   5.7184
#         956       0.00761     30.69      2.00     6   5.7203
#         957       0.00653     14.69      2.00     6   5.7203
#         958       0.00672     13.73      2.00     6   5.7203
#         959       0.00570     20.24      2.00     6   5.7216
#         965       0.00473      9.88      2.00     6   5.7255
#         968       0.00856     48.18      2.00     7   5.7276
#         971       0.00670     11.80      2.00     5   5.7279
#         972       0.01228      5.24      2.00     5   5.7282
#         974       0.01165      4.35      2.00     6   5.7298
#         975       0.00947      8.83      2.00     5   5.7297
#         977       0.00701     12.64      2.00     6   5.7295
#         979       0.00967      4.64      2.00     4   5.7305
#         981       0.00485      9.60      2.00     6   5.7317
#         982       0.01156     30.18      2.00     6   5.7326
#         983       0.00502      5.99      2.00     5   5.7343
#         985       0.00922      4.05      2.00     6   5.7370
#         986       0.00720     12.95      2.00     6   5.7367
#         987       0.00809     24.44      2.00     6   5.7366
#         989       0.00439     11.62      2.00     5   5.7383
#         990       0.00494      5.64      2.00     6   5.7408
#         991       0.00766     31.67      2.00     6   5.7445
#         992       0.00663     15.43      2.00     6   5.7445
#         993       0.00679     14.34      2.00     6   5.7445
#         994       0.00437      9.19      2.00     6   5.7456
#         995       0.00451      4.34      2.00     6   5.7456
#         999       0.00489      5.04      2.00     6   5.7475
#        1000       0.00794     58.14      2.00     6   5.7483
#        1001       0.00862     50.53      2.00     7   5.7515
#        1002       0.00849      9.74      2.00     5   5.7527
#        1003       0.00525      4.17      2.00     5   5.7530
#        1004       0.00485     16.01      2.00     6   5.7530
#        1005       0.00584     20.92      2.00     6   5.7534
#        1007       0.00507     58.83      2.00     6   5.7549
#        1009       0.00501      4.92      2.00     6   5.7561
#        1010       0.01210      4.86      2.00     5   5.7571
#        1012       0.01165     31.49      2.00     6   5.7584
#        1013       0.00733     14.25      2.00     6   5.7587
#        1017       0.00783      6.70      2.00     5   5.7626
#        1018       0.00815      4.09      2.00     5   5.7638
#        1020       0.00468     12.10      2.00     5   5.7644
#        1021       0.00861      6.37      2.00     5   5.7644
#        1022       0.00700     24.20      2.00     6   5.7657
#        1024       0.00924     36.32      2.00     5   5.7664
#        1026       0.02258      5.57      2.00     5   5.7674
#        1029       0.00727     21.08      2.00     6   5.7676
#        1030       0.00747     20.29      2.00     6   5.7676
#        1031       0.00970     30.63      2.00     6   5.7676
#        1033       0.00952      7.14      2.00     5   5.7682
#        1034       0.00806      4.18      2.00     5   5.7690
#        1037       0.00511      4.28      2.00     5   5.7700
#        1038       0.00440      9.77      2.00     6   5.7705
#        1039       0.00456      4.58      2.00     6   5.7705
#        1040       0.00481     13.14      2.00     6   5.7710
#        1042       0.00664      5.70      2.00     3   5.7755
#        1043       0.00806     60.87      2.00     6   5.7751
#        1044       0.00856      6.96      2.00     5   5.7760
#        1045       0.00535      8.57      2.00     6   5.7764
#        1047       0.00992      4.31      2.00     5   5.7772
#        1049       0.00496     62.52      2.00     6   5.7782
#        1050       0.01168      5.26      2.00     6   5.7784
#        1052       0.00457     10.81      2.00     6   5.7809
#        1053       0.00671     11.66      2.00     5   5.7814
#        1054       0.00982      4.52      2.00     5   5.7820
#        1055       0.00413      5.44      2.00     6   5.7818
#        1056       0.00529      9.09      2.00     6   5.7827
#        1057       0.00486     16.44      2.00     6   5.7831
#        1058       0.00909     26.95      2.00     7   5.7836
#        1059       0.00870      5.54      2.00     5   5.7842
#        1060       0.00807     11.98      2.00     6   5.7843
#        1061       0.00602      6.75      2.00     3   5.7861
#        1062       0.00914     29.43      2.00     7   5.7864
#        1063       0.00840      5.44      2.00     5   5.7874
#        1067       0.00824      4.23      2.00     5   5.7892
#        1069       0.02276      7.40      1.00     6   5.7898
#        1072       0.00915     12.41      2.00     7   5.7904
#        1074       0.00629      6.74      2.00     5   5.7907
#        1075       0.00849     10.02      2.00     5   5.7915
#        1077       0.01058      5.29      2.00     4   5.7917
#        1078       0.00637      7.26      2.00     5   5.7927
#        1079       0.00869     17.30      2.00     6   5.7924
#        1080       0.00681      9.44      2.00     6   5.7925
#        1081       0.00748     22.08      2.00     6   5.7932
#        1082       0.00996     32.46      2.00     6   5.7932
#        1083       0.00774     21.16      2.00     6   5.7932
#        1085       0.00813      4.36      2.00     5   5.7946
#        1086       0.01602      5.56      2.00     6   5.7947
#        1087       0.00660      7.35      2.00     5   5.7950
#        1088       0.00865      6.03      2.00     5   5.7948
#        1091       0.00551      4.34      2.00     6   5.7956
#        1092       0.00913      8.75      2.00     7   5.7965
#        1093       0.00893      5.11      2.00     7   5.7965
#        1095       0.00752      4.48      2.00     7   5.7981
#        1096       0.00708     24.35      2.00     6   5.7980
#        1100       0.00516      5.78      2.00     5   5.8012
#        1101       0.01037      8.82      2.00     5   5.8012
#        1102       0.01173     49.28      2.00     7   5.8014
#        1103       0.01146     49.60      2.00     7   5.8014
#        1104       0.00864     18.77      2.00     6   5.8033
#        1106       0.01765      9.04      2.00     6   5.8047
#        1107       0.01177     52.89      2.00     7   5.8056
#        1108       0.01145     53.35      2.00     7   5.8056
#        1109       0.00864      5.97      2.00     5   5.8064
#        1112       0.00792     10.13      2.00     6   5.8064
#        1113       0.01119    101.00      2.00     7   5.8078
#        1114       0.00458     11.46      2.00     6   5.8085
#        1115       0.00966      7.29      2.00     5   5.8099
#        1116       0.00814     12.42      2.00     6   5.8098
#        1120       0.00577      7.42      2.00     5   5.8151
#        1121       0.00572      8.89      2.00     5   5.8159
#        1123       0.01586      5.84      2.00     6   5.8164
#        1125       0.01234      4.55      1.00     6   5.8166
#        1126       0.01129    103.20      2.00     7   5.8167
#        1127       0.00569      8.48      2.00     5   5.8171
#        1128       0.00840      5.64      2.00     5   5.8169
#        1129       0.00803     89.61      2.00     7   5.8172
#        1130       0.00968      5.85      1.00     6   5.8181
#        1131       0.00688      9.90      2.00     6   5.8198
#        1132       0.00614      7.37      2.00     5   5.8203
#        1133       0.00601     11.97      2.00     6   5.8214
#        1135       0.00528      5.98      2.00     5   5.8218
#        1136       0.00851     65.83      2.00     7   5.8223
#        1137       0.00693     34.94      2.00     7   5.8223
#        1139       0.00607     13.13      2.00     6   5.8223
#        1140       0.00814     96.35      2.00     7   5.8224
#        1142       0.00846     33.86      2.00     7   5.8236
#        1143       0.01222     69.44      2.00     7   5.8236
#        1144       0.00871     70.80      2.00     7   5.8246
#        1145       0.00708     37.95      2.00     7   5.8246
#        1148       0.00617      4.35      2.00     5   5.8264
#        1149       0.00787      4.70      2.00     4   5.8275
#        1151       0.01339      4.70      2.00     5   5.8277
#        1152       0.00975      6.98      2.00     6   5.8273
#        1153       0.00587      6.50      2.00     5   5.8283
#        1154       0.00505     10.41      2.00     5   5.8290
#        1155       0.00518      6.32      2.00     5   5.8296
#        1156       0.00657      7.93      2.00     6   5.8299
#        1157       0.00828      6.14      2.00     6   5.8307
#        1159       0.00497     11.94      2.00     6   5.8319
#        1160       0.00857     35.97      2.00     7   5.8335
#        1161       0.01229     74.26      2.00     7   5.8335
#        1162       0.00549     19.94      2.00     7   5.8338
#        1163       0.00865      6.35      2.00     5   5.8352
#        1164       0.00869      4.68      2.00     5   5.8355
#        1166       0.01027      7.52      2.00     5   5.8355
#        1167       0.00829      6.61      2.00     6   5.8372
#        1169       0.01815      9.38      2.00     6   5.8378
#        1170       0.00797     10.22      2.00     6   5.8377
#        1171       0.00556     22.09      2.00     7   5.8374
#        1172       0.00795     24.28      2.00     7   5.8381
#        1173       0.00978      8.22      2.00     3   5.8391
#        1174       0.00525     11.07      2.00     5   5.8395
#        1175       0.00816    137.90      2.00     7   5.8393
#        1176       0.00640      8.07      2.00     5   5.8401
#        1178       0.00871     12.01      2.00     6   5.8410
#        1179       0.00821     27.11      2.00     7   5.8414
#        1182       0.00776     16.68      2.00     7   5.8453
#        1183       0.01087      4.13      2.00     4   5.8473
#        1185       0.00623      5.06      2.00     4   5.8496
#        1187       0.00529      6.77      2.00     5   5.8496
#        1188       0.00488     16.67      2.00     7   5.8498
#        1189       0.00823    147.40      2.00     7   5.8503
#        1190       0.00836     11.80      2.00     6   5.8515
#        1191       0.00505     12.49      2.00     6   5.8515
#        1192       0.00870     12.94      2.00     6   5.8520
#        1193       0.00840      4.84      2.00     6   5.8529
#        1195       0.00957      5.38      2.00     4   5.8539
#        1196       0.00956     36.60      1.00     6   5.8557
#        1197       0.00490     18.59      2.00     7   5.8557
#        1200       0.00460      8.91      1.00     6   5.8569
#        1201       0.00849      8.12      2.00     5   5.8577
#        1202       0.00619      4.52      2.00     5   5.8582
#        1204       0.01081      7.85      2.00     7   5.8580
#        1206       0.00513     10.95      2.00     5   5.8592
#        1207       0.00956      8.47      2.00     7   5.8600
#        1209       0.00678     16.05      2.00     7   5.8613
#        1210       0.00820     27.19      2.00     7   5.8613
#        1212       0.00533      6.61      2.00     5   5.8615
#        1213       0.00667      8.12      2.00     6   5.8614
#        1214       0.01811     10.74      2.00     7   5.8615
#        1215       0.00793      6.16      2.00     5   5.8627
#        1216       0.00833     12.56      2.00     6   5.8633
#        1217       0.00629      7.27      2.00     5   5.8647
#        1218       0.00811      4.39      2.00     5   5.8652
#        1219       0.00834      5.13      2.00     6   5.8651
#        1220       0.00925     10.73      2.00     7   5.8664
#        1222       0.00504     14.21      2.00     6   5.8668
#        1223       0.00526     10.11      2.00     6   5.8668
#        1225       0.00941     10.17      2.00     7   5.8671
#        1226       0.00888      6.99      2.00     7   5.8669
#        1227       0.00843     30.31      2.00     7   5.8670
#        1228       0.00682     17.68      2.00     7   5.8670
#        1229       0.00834     55.68      2.00     7   5.8677
#        1230       0.00859     19.85      2.00     7   5.8677
#        1231       0.00719     19.85      2.00     6   5.8684
#        1233       0.00512     16.43      2.00     6   5.8687
#        1235       0.00659     15.00      2.00     7   5.8696
#        1236       0.00745     24.68      2.00     7   5.8696
#        1237       0.00563     22.16      2.00     7   5.8695
#        1239       0.00874      4.91      2.00     5   5.8706
#        1241       0.00516     18.29      2.00     6   5.8710
#        1242       0.00566     24.61      2.00     7   5.8711
#        1244       0.00436     20.54      2.00     7   5.8719
#        1245       0.00666     16.32      2.00     7   5.8732
#        1246       0.00755     27.08      2.00     7   5.8732
#        1248       0.00870      8.26      2.00     6   5.8752
#        1250       0.00527     10.70      2.00     6   5.8759
#        1251       0.00506     15.44      2.00     6   5.8759
#        1253       0.00533      6.86      2.00     6   5.8773
#        1254       0.00825     16.42      2.00     6   5.8773
#        1255       0.00776     47.95      2.00     6   5.8771
#        1256       0.00473     10.33      2.00     6   5.8782
#        1257       0.00840     58.15      2.00     7   5.8781
#        1258       0.00880     21.27      2.00     7   5.8781
#        1259       0.00649      8.19      2.00     5   5.8788
#        1260       0.00512     15.75      2.00     6   5.8792
#        1261       0.00949      4.71      2.00     6   5.8793
#        1263       0.00821     25.02      1.00     6   5.8811
#        1264       0.00786     61.41      2.00     7   5.8822
#        1265       0.00703     37.61      2.00     7   5.8822
#        1266       0.00870      8.97      2.00     6   5.8824
#        1267       0.00955      4.86      2.00     6   5.8832
#        1269       0.00608     31.68      2.00     7   5.8835
#        1270       0.00433     21.30      2.00     7   5.8836
#        1271       0.00494      4.61      2.00     5   5.8854
#        1274       0.00801     66.53      2.00     7   5.8860
#        1275       0.00707     42.26      2.00     7   5.8860
#        1277       0.00799     16.15      2.00     6   5.8878
#        1278       0.00525     11.08      2.00     5   5.8884
#        1279       0.00540      7.15      2.00     5   5.8883
#        1280       0.00817      4.96      2.00     5   5.8892
#        1281       0.00977     10.21      2.00     7   5.8891
#        1282       0.01068     26.07      2.00     6   5.8898
#        1284       0.00664      4.25      2.00     5   5.8923
#        1286       0.00868     12.36      2.00     6   5.8932
#        1289       0.00612     34.39      2.00     7   5.8949
#        1290       0.00542      6.13      2.00     5   5.8959
#        1292       0.00812      4.55      2.00     5   5.8962
#        1293       0.00857      5.64      2.00     6   5.8965
#        1294       0.00868     14.86      2.00     6   5.8974
#        1296       0.01062      6.81      2.00     4   5.8985
#        1297       0.00846      8.35      2.00     5   5.8985
#        1299       0.01249     10.41      2.00     6   5.8987
#        1300       0.00981     37.14      1.00     6   5.8984
#        1301       0.01150      4.76      2.00     6   5.8986
#        1302       0.00548     10.62      2.00     6   5.9001
#        1304       0.00512     16.81      2.00     6   5.9002
#        1305       0.00542      9.23      2.00     6   5.9012
#        1307       0.00811      5.36      2.00     5   5.9018
#        1308       0.00477      9.02      1.00     6   5.9020
#        1309       0.00826     17.31      2.00     6   5.9041
#        1310       0.01009      6.94      2.00     5   5.9044
#        1311       0.00533      6.90      2.00     6   5.9051
#        1313       0.01334      5.74      2.00     7   5.9058
#        1314       0.01313      5.90      2.00     7   5.9056
#        1315       0.00847      4.34      2.00     5   5.9072
#        1316       0.00791     50.23      2.00     6   5.9079
#        1317       0.00521      4.61      2.00     5   5.9091
#        1318       0.00792      6.18      2.00     5   5.9102
#        1319       0.01288      5.27      2.00     5   5.9107
#        1320       0.00863     15.99      2.00     6   5.9103
#        1321       0.00743      4.20      2.00     5   5.9111
#        1322       0.00480     10.97      2.00     6   5.9116
#        1323       0.00729     14.91      2.00     6   5.9118
#        1324       0.00533     21.37      2.00     7   5.9121
#        1326       0.00725     20.10      2.00     6   5.9134
#        1327       0.00560     20.23      2.00     7   5.9149
#        1328       0.00799     16.84      2.00     6   5.9154
#        1329       0.00744     15.96      2.00     6   5.9156
#        1331       0.00801     15.04      2.00     6   5.9169
#        1332       0.00779     81.04      2.00     7   5.9167
#        1333       0.00856     10.11      2.00     5   5.9172
#        1334       0.00492     15.24      2.00     7   5.9179
#        1335       0.02538      4.13      2.00     5   5.9187
#        1336       0.00789     88.86      2.00     7   5.9197
#        1337       0.00511      7.21      2.00     4   5.9203
#        1339       0.00867      5.81      2.00     6   5.9209
#        1340       0.00537     12.63      2.00     6   5.9223
#        1341       0.01098     27.64      2.00     6   5.9229
#        1342       0.00872     12.70      2.00     6   5.9236
#        1343       0.00748     46.36      2.00     7   5.9232
#        1344       0.00494     17.09      2.00     7   5.9234
#        1345       0.00665      4.43      2.00     5   5.9239
#        1346       0.00558     21.12      2.00     7   5.9246
#        1347       0.00785      4.04      2.00     5   5.9260
#        1348       0.00519      6.95      2.00     5   5.9264
#        1350       0.00751     50.02      2.00     7   5.9276
#        1351       0.01375      6.24      2.00     7   5.9279
#        1352       0.00834     24.92      1.00     6   5.9284
#        1353       0.01084     45.95      2.00     7   5.9295
#        1354       0.01070     46.56      2.00     7   5.9295
#        1356       0.00833      8.38      2.00     6   5.9309
#        1357       0.00845     10.80      2.00     6   5.9307
#        1358       0.00818     11.91      2.00     6   5.9316
#        1359       0.00495      6.14      2.00     4   5.9340
#        1360       0.00995      8.57      2.00     5   5.9340
#        1362       0.01369      6.34      2.00     7   5.9335
#        1363       0.01110     50.94      2.00     7   5.9347
#        1364       0.01094     51.46      2.00     7   5.9347
#        1365       0.00835      9.14      2.00     6   5.9362
#        1366       0.00750      4.42      2.00     5   5.9368
#        1367       0.02131      4.00      2.00     5   5.9380
#        1369       0.01108      4.14      2.00     5   5.9387
#        1370       0.00983     12.53      2.00     6   5.9391
#        1371       0.00577     25.71      2.00     7   5.9390
#        1372       0.00752     53.62      2.00     7   5.9396
#        1375       0.00544     13.06      2.00     6   5.9448
#        1376       0.01020      4.16      2.00     5   5.9452
#        1377       0.00615      4.07      2.00     5   5.9457
#        1378       0.00825     29.40      2.00     7   5.9462
#        1379       0.00752     47.57      2.00     7   5.9470
#        1383       0.01075      5.44      2.00     5   5.9492
#        1384       0.00914      6.61      2.00     6   5.9493
#        1385       0.00806     15.53      2.00     6   5.9508
#        1386       0.00827     32.06      2.00     7   5.9513
#        1387       0.00774      6.62      2.00     6   5.9523
#        1388       0.00771      8.77      2.00     6   5.9537
#        1389       0.00846      4.34      2.00     5   5.9554
#        1390       0.00539      5.83      2.00     5   5.9563
#        1391       0.00799     29.08      2.00     7   5.9566
#        1392       0.00858     17.41      2.00     6   5.9569
#        1393       0.00824     12.53      2.00     6   5.9574
#        1394       0.00910      7.18      2.00     6   5.9585
#        1395       0.00513     13.31      2.00     5   5.9600
#        1396       0.01100      6.89      2.00     5   5.9607
#        1397       0.00544      5.12      2.00     5   5.9623
#        1399       0.00966     31.28      2.00     7   5.9626
#        1401       0.00519     11.97      2.00     6   5.9631
#        1402       0.00586     13.44      2.00     6   5.9634
#        1404       0.00950      4.56      2.00     5   5.9639
#        1405       0.00587     26.93      2.00     7   5.9638
#        1406       0.00884     23.63      2.00     7   5.9683
#        1407       0.00536     22.89      2.00     6   5.9695
#        1410       0.01038      4.48      2.00     6   5.9706
#        1411       0.00887     18.85      2.00     6   5.9701
#        1412       0.00593     20.72      2.00     7   5.9704
#        1414       0.00903      7.20      2.00     6   5.9713
#        1415       0.01094      9.53      2.00     6   5.9717
#        1416       0.01097      6.63      2.00     6   5.9721
#        1417       0.00852      9.95      2.00     5   5.9730
#        1418       0.00487      9.82      2.00     5   5.9737
#        1419       0.00777      4.03      2.00     5   5.9746
#        1420       0.00502      7.12      2.00     4   5.9752
#        1421       0.00422      4.05      2.00     5   5.9754
#        1422       0.01115      6.42      2.00     6   5.9757
#        1423       0.00877      5.74      2.00     6   5.9760
#        1424       0.01142     10.50      2.00     6   5.9771
#        1425       0.00587      7.51      1.00     6   5.9770
#        1428       0.01405      6.60      2.00     6   5.9781
#        1429       0.01410      6.82      2.00     6   5.9787
#        1430       0.00980     12.59      2.00     6   5.9787
#        1431       0.00835     23.47      2.00     7   5.9788
#        1432       0.00884     25.40      2.00     7   5.9792
#        1433       0.00770     26.55      2.00     6   5.9800
#        1434       0.00842      5.28      2.00     5   5.9814
#        1435       0.00884      9.77      2.00     6   5.9818
#        1436       0.01000      9.29      2.00     6   5.9822
#        1437       0.00814      7.91      2.00     6   5.9822
#        1438       0.00783     10.77      2.00     6   5.9822
#        1439       0.00909     49.85      2.00     7   5.9831
#        1440       0.00912     13.53      2.00     7   5.9831
#        1441       0.00776      6.83      2.00     6   5.9836
#        1442       0.00860     18.23      2.00     6   5.9848
#        1443       0.00772      9.02      2.00     6   5.9853
#        1444       0.00861     18.08      2.00     6   5.9861
#        1445       0.00889     10.73      2.00     6   5.9864
#        1446       0.00515     13.98      2.00     5   5.9870
#        1448       0.00483      5.94      2.00     4   5.9884
#        1449       0.00775      9.20      2.00     6   5.9886
#        1451       0.00498     10.64      2.00     5   5.9892
#        1452       0.01555      4.00      2.00     5   5.9892
#        1458       0.01012     24.85      2.00     7   5.9905
#        1460       0.00569      7.90      2.00     6   5.9912
#        1461       0.00563      7.10      2.00     6   5.9915
#        1462       0.00544     24.11      2.00     6   5.9913
#        1463       0.01056      4.71      2.00     6   5.9913
#        1464       0.01089     10.17      2.00     6   5.9928
#        1465       0.00682      7.05      2.00     6   5.9927
#        1466       0.00575     41.54      2.00     7   5.9931
#        1467       0.01183      5.29      2.00     7   5.9937
#        1468       0.00586     21.30      2.00     7   5.9935
#        1469       0.00508     36.79      2.00     7   5.9938
#        1470       0.00918      4.22      2.00     6   5.9945
#        1471       0.02175      8.29      2.00     7   5.9953
#        1472       0.00531     12.73      2.00     6   5.9953
#        1473       0.01303      6.27      2.00     5   5.9954
#        1474       0.02168      7.82      2.00     7   5.9970
#        1475       0.00530      4.05      2.00     4   5.9971
#        1476       0.00819      9.65      2.00     6   5.9982
#        1477       0.02950     12.11      2.00     7   5.9982
#        1478       0.00534     13.83      2.00     6   5.9988
#        1481       0.01092      4.12      2.00     6   5.9998
#        1482       0.00487     10.17      2.00     5   6.0002
#        1483       0.01138      9.28      2.00     6   6.0003
#        1484       0.00660     21.88      2.00     6   6.0014
#        1485       0.00588      8.44      2.00     6   6.0020
#        1486       0.00893     19.90      2.00     6   6.0019
#        1487       0.00593     20.15      2.00     6   6.0020
#        1488       0.00498     12.28      2.00     5   6.0029
#        1489       0.00884      6.02      2.00     6   6.0026
#        1490       0.00910      7.48      2.00     6   6.0033
#        1491       0.03010     12.39      2.00     7   6.0042
#        1493       0.00589      5.19      2.00     6   6.0054
#        1494       0.01134      9.60      2.00     6   6.0066
#        1495       0.01042      9.54      2.00     6   6.0062
#        1496       0.00845      8.21      2.00     6   6.0062
#        1497       0.00813     11.97      2.00     6   6.0062
#        1499       0.00844     13.79      2.00     6   6.0082
#        1500       0.00830      5.40      2.00     6   6.0085
#        1501       0.00906     51.62      2.00     7   6.0085
#        1502       0.00923     13.87      2.00     7   6.0085
#        1503       0.00887     33.93      2.00     7   6.0098
#        1504       0.00539      8.03      2.00     5   6.0100
#        1505       0.00883     14.29      2.00     7   6.0110
#        1506       0.01117     11.65      2.00     5   6.0113
#        1509       0.00892     37.11      2.00     7   6.0137
#        1510       0.00944      4.49      2.00     5   6.0142
#        1511       0.01121      6.77      2.00     5   6.0144
#        1513       0.00948     15.60      2.00     7   6.0151
#        1517       0.00862     10.16      2.00     6   6.0175
#        1518       0.00814    100.70      2.00     7   6.0176
#        1521       0.00443     22.11      2.00     7   6.0188
#        1522       0.02638      4.27      1.00     6   6.0192
#        1523       0.00867     18.95      2.00     6   6.0202
#        1525       0.00592      8.89      2.00     6   6.0203
#        1526       0.00790     26.77      2.00     6   6.0204
#        1527       0.00883     10.14      2.00     6   6.0207
#        1528       0.00598     22.04      2.00     6   6.0203
#        1530       0.00503     11.08      2.00     5   6.0225
#        1531       0.00867     11.06      2.00     6   6.0235
#        1532       0.00511      4.49      2.00     5   6.0240
#        1533       0.00886     16.51      2.00     7   6.0238
#        1534       0.00739      5.71      2.00     3   6.0243
#        1535       0.00837      5.33      2.00     6   6.0246
#        1537       0.00861     32.59      2.00     7   6.0257
#        1538       0.00605      5.17      2.00     4   6.0263
#        1539       0.00833      5.45      2.00     5   6.0265
#        1541       0.00737      6.68      2.00     6   6.0263
#        1542       0.00885      7.64      2.00     6   6.0271
#        1544       0.00509     20.27      2.00     6   6.0289
#        1546       0.00680     23.63      2.00     6   6.0299
#        1547       0.00844      5.25      2.00     6   6.0306
#        1548       0.00820      9.91      2.00     6   6.0305
#        1549       0.00811     20.48      2.00     7   6.0303
#        1550       0.01116     44.82      2.00     7   6.0303
#        1552       0.00866     35.41      2.00     7   6.0320
#        1553       0.01044      5.05      2.00     6   6.0327
#        1554       0.00838      5.65      2.00     6   6.0329
#        1555       0.00982      5.10      2.00     6   6.0327
#        1557       0.00509     22.03      2.00     6   6.0343
#        1558       0.00500      5.90      2.00     6   6.0345
#        1559       0.00681      7.01      2.00     6   6.0354
#        1560       0.00503     12.82      2.00     5   6.0356
#        1561       0.00777      9.21      2.00     6   6.0356
#        1562       0.00805      6.05      2.00     6   6.0370
#        1564       0.00881      8.36      2.00     6   6.0378
#        1565       0.00627      6.77      2.00     5   6.0385
#        1566       0.00972      5.36      2.00     6   6.0385
#        1567       0.01040      5.34      2.00     6   6.0385
#        1568       0.00526     27.05      2.00     7   6.0392
#        1569       0.00861      8.12      2.00     6   6.0397
#        1570       0.00829    106.30      2.00     7   6.0400
#        1571       0.01242     13.26      2.00     7   6.0402
#        1572       0.00497     39.66      2.00     7   6.0411
#        1573       0.00546      8.58      2.00     5   6.0415
#        1574       0.00491     45.19      2.00     7   6.0417
#        1575       0.00498     20.28      2.00     6   6.0426
#        1576       0.00827      7.27      2.00     6   6.0429
#        1579       0.01201     87.44      2.00     7   6.0430
#        1580       0.00679      5.32      2.00     6   6.0438
#        1581       0.00448     23.07      2.00     7   6.0436
#        1583       0.00890     10.69      2.00     6   6.0456
#        1586       0.00520     29.04      2.00     7   6.0466
#        1587       0.00496     22.22      2.00     6   6.0474
#        1588       0.00528      7.47      2.00     6   6.0473
#        1589       0.00844     14.37      2.00     6   6.0481
#        1590       0.00863     26.06      2.00     7   6.0479
#        1591       0.00894     17.14      2.00     7   6.0481
#        1595       0.00547     14.38      2.00     6   6.0497
#        1597       0.01124     11.96      2.00     5   6.0504
#        1598       0.00856      8.90      2.00     6   6.0514
#        1599       0.01135     23.94      2.00     6   6.0510
#        1600       0.00837      5.48      2.00     6   6.0518
#        1601       0.00954      6.04      2.00     6   6.0523
#        1602       0.00985      7.34      2.00     6   6.0523
#        1603       0.00551     16.10      2.00     6   6.0533
#        1604       0.00731      5.64      2.00     6   6.0542
#        1606       0.01107      4.90      2.00     5   6.0544
#        1607       0.00960     22.04      2.00     7   6.0551
#        1608       0.00830     21.37      2.00     7   6.0550
#        1609       0.01137     47.63      2.00     7   6.0550
#        1610       0.01597      6.01      2.00     7   6.0552
#        1611       0.01510      4.49      2.00     5   6.0578
#        1612       0.00507      7.51      2.00     6   6.0577
#        1613       0.00521      9.06      2.00     6   6.0577
#        1614       0.00982     12.40      2.00     6   6.0577
#        1615       0.00803     18.37      2.00     7   6.0574
#        1616       0.00882     14.99      2.00     7   6.0584
#        1617       0.00859     28.48      2.00     7   6.0599
#        1618       0.00629      6.70      1.00     4   6.0622
#        1619       0.01166     25.87      2.00     6   6.0622
#        1620       0.00813      6.38      2.00     6   6.0622
#        1621       0.00891     16.17      2.00     7   6.0625
#        1622       0.00849      5.39      2.00     6   6.0637
#        1623       0.00485      5.76      2.00     6   6.0647
#        1624       0.00960     23.98      2.00     7   6.0651
#        1625       0.00727      6.11      2.00     6   6.0654
#        1627       0.00687      5.60      2.00     6   6.0686
#        1628       0.00851     14.62      2.00     7   6.0688
#        1629       0.00886      7.39      2.00     6   6.0691
#        1630       0.01255     91.87      2.00     7   6.0699
#        1633       0.00850      8.71      2.00     7   6.0703
#        1634       0.00523      6.09      2.00     6   6.0710
#        1636       0.00828      7.65      2.00     6   6.0735
#        1637       0.00858     15.62      2.00     7   6.0737
#        1638       0.00926      8.47      2.00     5   6.0745
#        1639       0.00883      7.18      2.00     6   6.0751
#        1640       0.01658      4.82      2.00     6   6.0748
#        1641       0.00480      6.63      2.00     6   6.0753
#        1642       0.00854      9.36      2.00     7   6.0755
#        1649       0.00787     14.35      2.00     7   6.0796
#        1651       0.00750      5.76      2.00     3   6.0825
#        1653       0.00809     19.35      2.00     7   6.0829
#        1654       0.01314      7.59      2.00     6   6.0840
#        1655       0.00811     24.64      2.00     7   6.0842
#        1656       0.00602     27.30      2.00     7   6.0842
#        1657       0.00821     26.51      2.00     7   6.0863
#        1658       0.00675     30.08      2.00     7   6.0863
#        1660       0.00839      4.93      2.00     6   6.0879
#        1662       0.00553      4.06      2.00     6   6.0939
#        1663       0.00693      5.52      2.00     6   6.0938
#        1664       0.00836     10.83      2.00     7   6.0934
#        1665       0.00884      6.59      2.00     6   6.0946
#        1666       0.00667     20.48      2.00     7   6.0947
#        1667       0.00573      8.52      2.00     6   6.0951
#        1668       0.00518      6.43      2.00     5   6.0957
#        1670       0.00533      6.44      2.00     6   6.0962
#        1671       0.00887      7.86      2.00     6   6.0970
#        1673       0.00838     11.45      2.00     7   6.0990
#        1674       0.00581      4.82      2.00     6   6.1008
#        1675       0.01040      7.20      2.00     6   6.1023
#        1676       0.00978     12.29      2.00     6   6.1050
#        1677       0.00833      4.37      2.00     6   6.1066
#        1678       0.00572      9.31      2.00     6   6.1068
#        1679       0.01498      4.37      2.00     5   6.1083
#        1680       0.01541      5.76      2.00     6   6.1081
#        1682       0.00889      7.48      2.00     6   6.1089
#        1684       0.00586      4.55      2.00     4   6.1102
#        1685       0.00526      5.40      2.00     6   6.1104
#        1686       0.00405      4.49      2.00     6   6.1111
#        1687       0.00932     23.78      2.00     7   6.1106
#        1688       0.00914     14.75      2.00     7   6.1108
#        1690       0.00838      4.68      2.00     6   6.1122
#        1691       0.01548      6.00      2.00     6   6.1131
#        1692       0.00702      5.68      2.00     6   6.1132
#        1693       0.00896      7.20      2.00     6   6.1137
#        1694       0.00847      8.51      2.00     7   6.1142
#        1695       0.00885     13.64      2.00     7   6.1148
#        1696       0.00554     20.97      2.00     7   6.1155
#        1697       0.00846      7.71      2.00     7   6.1156
#        1698       0.00836      5.12      2.00     6   6.1162
#        1699       0.01300      7.66      2.00     6   6.1172
#        1702       0.00761     12.07      2.00     6   6.1181
#        1704       0.00911      8.31      2.00     5   6.1205
#        1705       0.01550      4.95      1.00     6   6.1203
#        1706       0.00890     14.56      2.00     7   6.1207
#        1708       0.00735     12.47      2.00     6   6.1234
#        1709       0.00845      9.03      2.00     7   6.1251
#        1712       0.01423      4.10      2.00     7   6.1265
#        1713       0.00908     23.01      2.00     7   6.1266
#        1714       0.01478      6.98      2.00     6   6.1266
#        1715       0.00841      8.06      2.00     7   6.1269
#        1716       0.00659      8.10      2.00     6   6.1280
#        1720       0.00709     30.50      2.00     7   6.1314
#        1721       0.00668      4.32      2.00     4   6.1327
#        1722       0.01330      4.11      2.00     6   6.1324
#        1723       0.00729     33.47      2.00     7   6.1328
#        1725       0.00426      4.70      2.00     6   6.1341
#        1726       0.00743      4.01      2.00     6   6.1343
#        1727       0.00939     25.09      2.00     7   6.1340
#        1730       0.00891     11.00      2.00     7   6.1379
#        1731       0.00897      7.56      2.00     6   6.1399
#        1732       0.00687     33.94      2.00     7   6.1419
#        1733       0.00704     51.49      2.00     7   6.1419
#        1734       0.00458      4.05      2.00     5   6.1438
#        1735       0.00951     19.23      2.00     6   6.1434
#        1736       0.01168      4.33      2.00     6   6.1438
#        1738       0.00894     11.96      2.00     7   6.1442
#        1739       0.00972     18.73      2.00     7   6.1441
#        1740       0.01040      7.97      2.00     7   6.1441
#        1744       0.01002     21.96      2.00     7   6.1478
#        1745       0.01074      9.37      2.00     7   6.1478
#        1746       0.01517      6.32      2.00     6   6.1488
#        1748       0.01180      6.97      2.00     6   6.1488
#        1749       0.00866     17.81      2.00     7   6.1487
#        1751       0.01431     24.67      2.00     5   6.1506
#        1753       0.00810     11.70      2.00     7   6.1505
#        1754       0.01030     24.02      2.00     7   6.1522
#        1755       0.01473     12.06      2.00     7   6.1529
#        1757       0.01001      6.61      2.00     7   6.1546
#        1758       0.00794     25.23      2.00     7   6.1546
#        1759       0.01481      7.21      2.00     6   6.1555
#        1760       0.00541      5.50      2.00     6   6.1553
#        1762       0.00977     21.55      2.00     7   6.1565
#        1764       0.00706      9.67      2.00     5   6.1588
#        1765       0.00889     18.52      2.00     7   6.1601
#        1767       0.01343      4.44      2.00     6   6.1616
#        1768       0.00704     35.62      2.00     7   6.1620
#        1769       0.00571     26.73      2.00     7   6.1619
#        1770       0.00718     55.83      2.00     7   6.1620
#        1774       0.00573     23.74      2.00     7   6.1639
#        1775       0.01190     10.69      2.00     6   6.1646
#        1776       0.01459     12.74      2.00     7   6.1644
#        1777       0.00486      6.16      2.00     6   6.1655
#        1778       0.00641      4.21      2.00     6   6.1667
#        1779       0.00929     14.57      2.00     7   6.1667
#        1780       0.01156      5.93      2.00     3   6.1673
#        1781       0.00998      5.11      1.00     6   6.1675
#        1783       0.01007      4.11      2.00     5   6.1679
#        1784       0.00962     20.29      2.00     6   6.1677
#        1786       0.01237      5.48      2.00     6   6.1687
#        1787       0.00935     15.93      2.00     7   6.1689
#        1790       0.01539      4.84      1.00     6   6.1693
#        1791       0.00843      7.81      2.00     7   6.1697
#        1793       0.01177      7.07      2.00     6   6.1698
#        1795       0.00837     15.94      2.00     7   6.1711
#        1796       0.00466      5.81      2.00     5   6.1717
#        1797       0.01317      4.87      2.00     6   6.1718
#        1801       0.00885     20.00      2.00     7   6.1721
#        1802       0.01456      5.98      2.00     6   6.1742
#        1804       0.01501     11.13      2.00     7   6.1750
#        1806       0.01031      7.15      2.00     7   6.1769
#        1807       0.00804     27.73      2.00     7   6.1769
#        1808       0.00811     12.23      2.00     7   6.1772
#        1809       0.00798      5.79      2.00     5   6.1778
#        1812       0.01004      8.82      2.00     6   6.1788
#        1813       0.00870     18.50      2.00     7   6.1801
#        1817       0.00901     13.89      2.00     7   6.1826
#        1819       0.01518      6.36      2.00     6   6.1834
#        1822       0.01192     10.72      2.00     6   6.1866
#        1823       0.00904     15.09      2.00     7   6.1871
#        1826       0.00525      4.81      2.00     5   6.1883
#        1828       0.00978      7.31      2.00     6   6.1885
#        1829       0.01198      4.83      2.00     4   6.1892
#        1830       0.01520     16.31      2.00     7   6.1892
#        1831       0.00987     22.28      2.00     7   6.1891
#        1834       0.01502     11.53      2.00     7   6.1923
#        1836       0.00852      8.26      2.00     7   6.1940
#        1837       0.00484      6.36      2.00     6   6.1956
#        1838       0.01228      5.67      2.00     6   6.1959
#        1839       0.00843     16.83      2.00     7   6.1958
#        1841       0.00517      4.14      2.00     5   6.1988
#        1842       0.00883      6.36      2.00     6   6.1988
#        1843       0.00822      7.12      2.00     7   6.1989
#        1844       0.00660      4.40      2.00     6   6.1992
#        1847       0.00824      7.64      2.00     7   6.2038
#        1848       0.00901      9.50      2.00     7   6.2047
#        1849       0.00696      5.20      2.00     7   6.2057
#        1852       0.00703      5.48      2.00     7   6.2101
#        1855       0.01555     14.66      2.00     7   6.2113
#        1856       0.01109      4.89      2.00     6   6.2119
#        1857       0.00529      5.07      2.00     5   6.2133
#        1859       0.00897     10.49      2.00     7   6.2150
#        1860       0.00429      4.25      2.00     6   6.2157
#        1861       0.00891      8.91      2.00     7   6.2156
#        1862       0.01523     16.88      2.00     7   6.2165
#        1863       0.01682      8.06      2.00     7   6.2164
#        1864       0.01316     11.72      2.00     7   6.2170
#        1865       0.01319     11.29      2.00     7   6.2177
#        1866       0.00568      4.58      2.00     5   6.2181
#        1867       0.00514      9.10      2.00     7   6.2200
#        1868       0.00514     13.43      2.00     7   6.2196
#        1869       0.01007     23.14      2.00     7   6.2196
#        1871       0.01043      4.20      2.00     5   6.2212
#        1872       0.01818      6.37      2.00     6   6.2216
#        1873       0.01840      5.81      2.00     6   6.2216
#        1877       0.01069     22.06      2.00     7   6.2240
#        1878       0.00544      4.08      2.00     6   6.2245
#        1880       0.00874     17.19      2.00     7   6.2256
#        1881       0.00945      5.13      2.00     6   6.2270
#        1882       0.00891      6.82      2.00     7   6.2268
#        1883       0.01004      4.25      2.00     6   6.2275
#        1884       0.01045     22.22      2.00     7   6.2281
#        1886       0.00784      4.93      2.00     5   6.2290
#        1887       0.01017     15.56      2.00     6   6.2287
#        1888       0.00899      7.22      2.00     7   6.2298
#        1891       0.01090      4.09      2.00     6   6.2338
#        1892       0.01092     14.06      2.00     7   6.2335
#        1893       0.01068     14.42      2.00     7   6.2338
#        1896       0.00672      4.57      2.00     4   6.2359
#        1898       0.01045     11.35      2.00     7   6.2360
#        1899       0.00916     12.97      2.00     6   6.2364
#        1900       0.01245     10.57      2.00     7   6.2360
#        1901       0.00886      6.76      2.00     6   6.2369
#        1902       0.00632      5.98      2.00     6   6.2372
#        1906       0.01509      9.76      2.00     7   6.2376
#        1907       0.00760      4.87      2.00     5   6.2383
#        1908       0.00761      4.83      2.00     5   6.2383
#        1909       0.01068     10.70      2.00     7   6.2385
#        1910       0.01252     10.25      2.00     7   6.2385
#        1911       0.01477     24.96      1.00     6   6.2391
#        1912       0.01230     17.69      2.00     7   6.2398
#        1913       0.01051     12.35      2.00     7   6.2398
#        1914       0.01001      5.03      2.00     6   6.2409
#        1915       0.00898      9.26      2.00     7   6.2409
#        1916       0.00674      5.36      2.00     4   6.2416
#        1917       0.00687      4.37      2.00     4   6.2417
#        1919       0.01514     10.46      2.00     7   6.2431
#        1920       0.00515     15.88      2.00     6   6.2436
#        1921       0.01206      4.32      2.00     7   6.2440
#        1922       0.01556     14.77      2.00     7   6.2444
#        1924       0.01025     12.39      2.00     7   6.2449
#        1925       0.01230     18.42      2.00     7   6.2449
#        1927       0.00523     10.10      2.00     6   6.2469
#        1928       0.00950     24.30      2.00     7   6.2466
#        1929       0.01053      6.78      2.00     6   6.2474
#        1930       0.01110      4.35      2.00     7   6.2489
#        1932       0.00457     17.06      2.00     7   6.2510
#        1933       0.00626      4.28      2.00     4   6.2518
#        1936       0.00989     25.16      2.00     7   6.2526
#        1937       0.00908      7.54      2.00     7   6.2535
#        1938       0.00854     16.16      2.00     7   6.2548
#        1939       0.01207     28.93      2.00     7   6.2556
#        1940       0.01002     26.95      2.00     7   6.2558
#        1941       0.00853     13.61      2.00     7   6.2557
#        1942       0.04762      5.47      2.00     7   6.2558
#        1945       0.01040      4.13      2.00     5   6.2565
#        1946       0.02064      4.66      2.00     7   6.2565
#        1947       0.00540      9.97      2.00     6   6.2572
#        1948       0.00876      9.74      2.00     7   6.2571
#        1950       0.00881     18.40      2.00     7   6.2585
#        1953       0.01268      8.16      2.00     7   6.2597
#        1954       0.00791      5.12      2.00     5   6.2604
#        1955       0.00794      5.09      2.00     5   6.2604
#        1956       0.00543     10.99      2.00     6   6.2605
#        1957       0.00898      9.55      2.00     7   6.2602
#        1958       0.00673     16.28      2.00     6   6.2608
#        1959       0.01018      5.40      2.00     6   6.2608
#        1960       0.01206     29.67      2.00     7   6.2617
#        1961       0.00624     13.40      2.00     6   6.2620
#        1962       0.00882     10.75      2.00     7   6.2618
#        1964       0.01308      6.91      2.00     7   6.2651
#        1965       0.01060      6.83      2.00     6   6.2654
#        1966       0.00894     10.10      2.00     7   6.2662
#        1968       0.01231     16.46      2.00     6   6.2668
#        1969       0.00762      5.10      2.00     5   6.2677
#        1970       0.00533      9.40      2.00     6   6.2677
#        1972       0.01033     32.45      2.00     7   6.2684
#        1977       0.00760      5.07      2.00     5   6.2704
#        1978       0.00762      5.02      2.00     5   6.2704
#        1980       0.01227      8.60      2.00     7   6.2710
#        1981       0.00743      5.59      2.00     7   6.2716
#        1982       0.01054     35.28      2.00     7   6.2726
#        1984       0.00507     10.56      2.00     6   6.2733
#        1986       0.01063      5.05      2.00     7   6.2753
#        1987       0.01312      4.31      2.00     7   6.2753
#        1988       0.00485     17.65      2.00     7   6.2757
#        1989       0.00750      5.99      2.00     7   6.2758
#        1990       0.01298      7.21      2.00     7   6.2755
#        1991       0.01068      4.35      2.00     7   6.2755
#        1992       0.00506     11.47      2.00     6   6.2760
#        1993       0.00997     10.88      2.00     7   6.2769
#        1995       0.00866      6.14      2.00     6   6.2798
#        1996       0.01250      4.26      2.00     6   6.2816
#        1998       0.01459      6.56      2.00     7   6.2830
#        2000       0.00963      8.59      2.00     6   6.2837
#        2001       0.01054      5.82      2.00     7   6.2840
#        2002       0.00905     10.27      2.00     7   6.2839
#        2003       0.00904     11.61      2.00     7   6.2839
#        2004       0.01010      5.91      2.00     7   6.2847
#        2005       0.00516     24.45      2.00     7   6.2843
#        2006       0.01019      5.67      2.00     7   6.2858
#        2007       0.01919      7.46      2.00     7   6.2860
#        2009       0.00997      6.33      2.00     7   6.2882
#        2010       0.00568      9.91      2.00     6   6.2897
#        2011       0.01043      5.96      2.00     7   6.2896
#        2012       0.00600      7.33      2.00     7   6.2899
#        2013       0.00665      5.03      1.00     4   6.2903
#        2015       0.00496     26.67      2.00     7   6.2908
#        2017       0.00696      4.82      2.00     4   6.2929
#        2018       0.00985      6.54      2.00     7   6.2950
#        2019       0.01206     15.33      2.00     7   6.2975
#        2020       0.00866      6.48      2.00     6   6.2972
#        2022       0.00517     13.92      2.00     6   6.2982
#        2023       0.00790      5.38      2.00     5   6.2982
#        2024       0.00792      5.35      2.00     5   6.2982
#        2025       0.01209     14.47      2.00     7   6.2985
#        2026       0.00716      7.01      2.00     6   6.2994
#        2027       0.00802     12.04      2.00     6   6.3003
#        2028       0.00645      9.78      2.00     7   6.3004
#        2030       0.01366      8.75      2.00     7   6.3014
#        2031       0.01003      5.90      2.00     6   6.3019
#        2033       0.01071      7.49      2.00     6   6.3029
#        2035       0.00934     29.65      2.00     7   6.3053
#        2036       0.01243     32.91      2.00     7   6.3065
#        2037       0.00767      8.11      2.00     6   6.3072
#        2038       0.01251     17.02      2.00     6   6.3069
#        2039       0.00495     11.86      2.00     6   6.3087
#        2040       0.01239      4.82      2.00     5   6.3092
#        2041       0.00927     32.32      2.00     7   6.3092
#        2042       0.01030      4.08      2.00     6   6.3104
#        2046       0.00745      5.26      2.00     5   6.3124
#        2047       0.00743      5.19      2.00     5   6.3124
#        2048       0.00968     14.08      2.00     7   6.3120
#        2049       0.00736     15.35      2.00     7   6.3125
#        2053       0.00507     20.22      2.00     7   6.3157
#        2054       0.00543     15.30      2.00     6   6.3163
#        2055       0.00887      8.04      2.00     6   6.3161
#        2058       0.00745     17.12      2.00     7   6.3172
#        2059       0.00758      8.69      2.00     6   6.3176
#        2060       0.00966      8.44      2.00     6   6.3175
#        2061       0.00969     25.35      2.00     7   6.3180
#        2062       0.01293     35.64      2.00     7   6.3187
#        2063       0.01062      4.93      2.00     5   6.3207
#        2064       0.00475     22.12      2.00     7   6.3205
#        2066       0.01023      4.69      2.00     6   6.3231
#        2067       0.00981     27.69      2.00     7   6.3242
#        2068       0.00701     10.43      2.00     5   6.3253
#        2069       0.00880      5.91      2.00     6   6.3257
#        2070       0.01360      8.98      2.00     7   6.3276
#        2071       0.00636      8.02      2.00     7   6.3274
#        2072       0.00533      6.07      2.00     5   6.3280
#        2074       0.00786      7.60      2.00     6   6.3293
#        2075       0.00789      7.69      2.00     6   6.3293
#        2077       0.00995      4.73      2.00     6   6.3321
#        2078       0.01258      5.28      2.00     6   6.3321
#        2083       0.00540     15.53      2.00     7   6.3360
#        2084       0.00511     13.88      2.00     6   6.3366
#        2085       0.00630      8.93      2.00     7   6.3371
#        2087       0.00557     24.07      2.00     7   6.3379
#        2088       0.00764     15.63      2.00     7   6.3391
#        2091       0.01127      4.60      2.00     5   6.3402
#        2092       0.00719      7.28      2.00     6   6.3402
#        2093       0.00736     11.90      2.00     7   6.3407
#        2096       0.01266      5.43      2.00     6   6.3441
#        2097       0.01258      4.85      2.00     6   6.3441
#        2098       0.00878      6.28      2.00     6   6.3442
#        2099       0.00556      7.56      2.00     5   6.3448
#        2100       0.00776      8.13      2.00     6   6.3455
#        2101       0.00781      8.23      2.00     6   6.3455
#        2102       0.00523      6.22      2.00     7   6.3463
#        2103       0.00517      4.32      2.00     5   6.3469
#        2104       0.01062      7.02      2.00     6   6.3477
#        2105       0.00989     11.60      2.00     6   6.3477
#        2106       0.00532     25.50      2.00     7   6.3484
#        2107       0.00685      5.45      2.00     6   6.3489
#        2108       0.01870      5.38      2.00     5   6.3492
#        2109       0.00886      8.24      2.00     6   6.3493
#        2110       0.00753      5.55      2.00     5   6.3499
#        2111       0.00753      5.47      2.00     5   6.3499
#        2112       0.00825      8.48      2.00     5   6.3497
#        2113       0.01364      4.86      2.00     7   6.3498
#        2115       0.00850     10.85      2.00     6   6.3514
#        2116       0.00756      8.89      2.00     6   6.3521
#        2117       0.00756     17.01      2.00     7   6.3520
#        2118       0.01195     13.56      2.00     7   6.3526
#        2119       0.01289      4.92      2.00     6   6.3532
#        2120       0.00542     16.11      2.00     7   6.3533
#        2121       0.01018      4.70      2.00     6   6.3543
#        2122       0.01360      5.15      2.00     7   6.3542
#        2123       0.00579      4.36      2.00     4   6.3550
#        2125       0.00653      4.20      2.00     4   6.3570
#        2127       0.00512      7.01      2.00     7   6.3573
#        2128       0.01333      6.89      2.00     6   6.3596
#        2129       0.00522     12.99      2.00     6   6.3607
#        2130       0.00756      9.72      2.00     6   6.3617
#        2131       0.01698      5.10      1.00     6   6.3618
#        2134       0.01041     11.62      2.00     6   6.3627
#        2135       0.00547     17.56      2.00     7   6.3634
#        2136       0.00565     15.30      2.00     6   6.3638
#        2137       0.00890      4.48      2.00     6   6.3645
#        2138       0.01196     13.86      2.00     7   6.3647
#        2139       0.01294      5.20      2.00     6   6.3654
#        2142       0.01494     10.46      2.00     7   6.3662
#        2145       0.00960      7.89      2.00     6   6.3677
#        2147       0.01882      4.80      2.00     7   6.3682
#        2149       0.00520      4.61      2.00     5   6.3695
#        2150       0.01867      4.68      2.00     7   6.3696
#        2151       0.01060      4.88      2.00     5   6.3702
#        2152       0.00563      4.87      2.00     7   6.3712
#        2154       0.00782      4.65      2.00     7   6.3719
#        2155       0.00507      8.49      2.00     5   6.3719
#        2156       0.01023      4.74      2.00     6   6.3720
#        2157       0.00585     10.66      2.00     7   6.3727
#        2158       0.00848     11.55      2.00     6   6.3734
#        2159       0.01071      5.22      2.00     6   6.3749
#        2160       0.01662      6.54      2.00     6   6.3748
#        2161       0.00979     12.46      2.00     7   6.3747
#        2163       0.01941      9.00      2.00     6   6.3754
#        2166       0.00887      4.79      2.00     6   6.3759
#        2168       0.01345      7.04      2.00     6   6.3765
#        2170       0.00892      4.24      2.00     5   6.3772
#        2171       0.01087      4.87      2.00     6   6.3794
#        2172       0.00839      8.81      2.00     5   6.3794
#        2174       0.00973      7.69      2.00     7   6.3808
#        2176       0.00470      5.33      2.00     6   6.3821
#        2178       0.00925     19.39      2.00     7   6.3829
#        2179       0.00489      6.04      2.00     6   6.3835
#        2180       0.01891      5.48      2.00     5   6.3843
#        2181       0.00520     13.85      2.00     6   6.3840
#        2182       0.00535      5.48      2.00     7   6.3841
#        2185       0.00607     24.54      2.00     7   6.3851
#        2186       0.01061     13.22      2.00     7   6.3850
#        2187       0.01102      5.17      2.00     5   6.3855
#        2188       0.01420      4.62      2.00     6   6.3864
#        2190       0.01670      4.69      2.00     6   6.3873
#        2191       0.00936      9.80      2.00     6   6.3872
#        2193       0.01228      5.95      2.00     5   6.3884
#        2194       0.01200      4.88      2.00     6   6.3884
#        2196       0.01190      6.09      2.00     6   6.3894
#        2197       0.01026      5.62      2.00     6   6.3893
#        2198       0.00862      7.57      2.00     6   6.3895
#        2199       0.01049      6.58      2.00     6   6.3895
#        2200       0.00478      5.54      2.00     5   6.3897
#        2201       0.00588     20.54      2.00     7   6.3915
#        2202       0.00980     12.52      2.00     7   6.3926
#        2203       0.01170      4.49      2.00     6   6.3930
#        2204       0.00543     12.83      2.00     6   6.3932
#        2205       0.01967      9.42      2.00     6   6.3933
#        2206       0.01216      4.56      2.00     6   6.3938
#        2207       0.01330      5.47      2.00     6   6.3933
#        2208       0.00980     11.72      2.00     6   6.3935
#        2210       0.01499     10.79      2.00     7   6.3938
#        2212       0.00975      4.70      2.00     6   6.3939
#        2213       0.00991      7.02      2.00     5   6.3947
#        2215       0.00772      4.80      2.00     6   6.3956
#        2216       0.01092      8.91      2.00     6   6.3959
#        2217       0.01018      4.07      2.00     6   6.3966
#        2218       0.01414      5.92      2.00     6   6.3965
#  1690/2000 paths used
#  xsedge+50, used to normalize mu           1.0000E+00
#  -----------------------------------------------------------------------
#  omega    e    k    mu    mu0     chi     @#
    9725.975   -205.136  -7.200 -1.80643E-06 -2.41208E-06  4.79429E-06
    9728.709   -202.403  -7.150 -4.67339E-06 -5.39929E-06  4.95796E-06
    9731.423   -199.688  -7.100 -7.54035E-06 -8.38649E-06  5.09466E-06
    9734.119   -196.993  -7.050 -1.04073E-05 -1.13737E-05  5.21542E-06
    9736.795   -194.316  -7.000 -1.32743E-05 -1.43609E-05  5.34409E-06
    9739.453   -191.659  -6.950 -1.61412E-05 -1.73481E-05  5.50132E-06
    9742.091   -189.020  -6.900 -1.90082E-05 -2.03353E-05  5.69040E-06
    9744.711   -186.401  -6.850 -2.16737E-05 -2.32470E-05  5.93312E-06
    9747.311   -183.801  -6.800 -2.41112E-05 -2.60733E-05  6.21262E-06
    9749.892   -181.219  -6.750 -2.65487E-05 -2.88996E-05  6.46906E-06
    9752.454   -178.657  -6.700 -2.89862E-05 -3.17259E-05  6.70213E-06
    9754.998   -176.114  -6.650 -3.14237E-05 -3.45521E-05  6.92927E-06
    9757.522   -173.590  -6.600 -3.38612E-05 -3.73784E-05  7.17562E-06
    9760.027   -171.085  -6.550 -3.62987E-05 -4.02047E-05  7.45859E-06
    9762.513   -168.599  -6.500 -3.87361E-05 -4.30309E-05  7.77677E-06
    9764.980   -166.132  -6.450 -4.03500E-05 -4.57520E-05  8.18799E-06
    9767.428   -163.684  -6.400 -4.14307E-05 -4.84049E-05  8.64526E-06
    9769.856   -161.255  -6.350 -4.25113E-05 -5.10578E-05  9.08276E-06
    9772.266   -158.845  -6.300 -4.35919E-05 -5.37107E-05  9.50001E-06
    9774.657   -156.454  -6.250 -4.46725E-05 -5.63636E-05  9.91401E-06
    9777.029   -154.083  -6.200 -4.57532E-05 -5.90166E-05  1.03506E-05
    9779.381   -151.730  -6.150 -4.68338E-05 -6.16695E-05  1.08305E-05
    9781.715   -149.396  -6.100 -4.79144E-05 -6.43224E-05  1.13572E-05
    9784.030   -147.082  -6.050 -4.69622E-05 -6.69314E-05  1.20293E-05
    9786.325   -144.786  -6.000 -3.94376E-05 -6.93983E-05  1.30972E-05
    9788.602   -142.510  -5.950 -3.19130E-05 -7.18653E-05  1.41785E-05
    9790.859   -140.252  -5.900 -2.43884E-05 -7.43322E-05  1.52630E-05
    9793.097   -138.014  -5.850 -1.68638E-05 -7.67992E-05  1.63580E-05
    9795.317   -135.795  -5.800 -9.33925E-06 -7.92661E-05  1.74867E-05
    9797.517   -133.594  -5.750 -1.81466E-06 -8.17331E-05  1.86775E-05
    9799.698   -131.413  -5.700  5.70993E-06 -8.42001E-05  1.99501E-05
    9801.860   -129.251  -5.650  1.32345E-05 -8.66670E-05  2.13053E-05
    9804.003   -127.108  -5.600  1.13824E-04 -8.90849E-05  2.44611E-05
    9806.128   -124.984  -5.550  5.04425E-04 -9.13501E-05  3.37066E-05
    9808.233   -122.879  -5.500  8.95027E-04 -9.36152E-05  4.39690E-05
    9810.318   -120.793  -5.450  1.28563E-03 -9.58804E-05  5.52044E-05
    9812.385   -118.726  -5.400  1.67623E-03 -9.81455E-05  6.73921E-05
    9814.433   -116.678  -5.350  2.06683E-03 -1.00411E-04  8.05390E-05
    9816.462   -114.649  -5.300  2.45743E-03 -1.02676E-04  9.46670E-05
    9818.472   -112.640  -5.250  2.84803E-03 -1.04941E-04  1.09790E-04
    9820.463   -110.649  -5.200  3.23863E-03 -1.07206E-04  1.25892E-04
    9822.434   -108.677  -5.150  3.62924E-03 -1.09471E-04  1.42914E-04
    9824.387   -106.725  -5.100  3.76532E-03 -1.11633E-04  1.44867E-04
    9826.320   -104.791  -5.050  3.60659E-03 -1.13675E-04  1.28484E-04
    9828.235   -102.876  -5.000  3.44785E-03 -1.15718E-04  1.11946E-04
    9830.130   -100.981  -4.950  3.28912E-03 -1.17760E-04  9.52945E-05
    9832.007    -99.105  -4.900  3.13038E-03 -1.19802E-04  7.85892E-05
    9833.864    -97.247  -4.850  2.97165E-03 -1.21845E-04  6.19040E-05
    9835.703    -95.409  -4.800  2.81291E-03 -1.23887E-04  4.53198E-05
    9837.522    -93.590  -4.750  2.65418E-03 -1.25929E-04  2.89142E-05
    9839.322    -91.789  -4.700  2.49544E-03 -1.27972E-04  1.27517E-05
    9841.103    -90.008  -4.650  2.33671E-03 -1.30014E-04 -3.12311E-06
    9842.865    -88.246  -4.600  2.17797E-03 -1.32056E-04 -1.86868E-05
    9844.608    -86.503  -4.550  2.04107E-03 -1.33935E-04 -2.37930E-05
    9846.332    -84.779  -4.500  1.91612E-03 -1.35725E-04 -2.28345E-05
    9848.037    -83.074  -4.450  1.79118E-03 -1.37514E-04 -2.13947E-05
    9849.723    -81.388  -4.400  1.66624E-03 -1.39304E-04 -1.95542E-05
    9851.390    -79.721  -4.350  1.54129E-03 -1.41093E-04 -1.73700E-05
    9853.038    -78.073  -4.300  1.41635E-03 -1.42882E-04 -1.48507E-05
    9854.667    -76.445  -4.250  1.29141E-03 -1.44672E-04 -1.19444E-05
    9856.276    -74.835  -4.200  1.16646E-03 -1.46461E-04 -8.54815E-06
    9857.867    -73.244  -4.150  1.04152E-03 -1.48251E-04 -4.53520E-06
    9859.439    -71.673  -4.100  9.16575E-04 -1.50040E-04  2.05917E-07
    9860.991    -70.120  -4.050  7.91631E-04 -1.51830E-04  5.73272E-06
    9862.525    -68.587  -4.000  6.66688E-04 -1.53619E-04  1.20230E-05
    9864.039    -67.072  -3.950  5.85384E-04 -1.55298E-04  9.04643E-05
    9865.535    -65.577  -3.900  5.79109E-04 -1.56785E-04  3.06881E-04
    9867.011    -64.100  -3.850  5.72835E-04 -1.58273E-04  5.06185E-04
    9868.468    -62.643  -3.800  5.66561E-04 -1.59760E-04  6.37182E-04
    9869.907    -61.205  -3.750  5.60286E-04 -1.61247E-04  6.57209E-04
    9871.326    -59.786  -3.700  5.54012E-04 -1.62735E-04  5.43597E-04
    9872.726    -58.385  -3.650  5.47737E-04 -1.64222E-04  3.01559E-04
    9874.107    -57.004  -3.600  5.41463E-04 -1.65710E-04 -3.36727E-05
    9875.469    -55.642  -3.550  5.35189E-04 -1.67197E-04 -4.01415E-04
    9876.812    -54.299  -3.500  5.28914E-04 -1.68685E-04 -7.26343E-04
    9878.136    -52.975  -3.450  5.22640E-04 -1.70172E-04 -9.33606E-04
    9879.441    -51.670  -3.400  5.16366E-04 -1.71660E-04 -9.65249E-04
    9880.727    -50.384  -3.350  5.10091E-04 -1.73147E-04 -7.94398E-04
    9881.994    -49.118  -3.300  5.03817E-04 -1.74635E-04 -4.33959E-04
    9883.242    -47.870  -3.250  4.97542E-04 -1.76122E-04  6.24998E-05
    9884.470    -46.641  -3.200  5.00162E-04 -1.77278E-04  1.32054E-03
    9885.680    -45.431  -3.150  5.04956E-04 -1.78353E-04  3.58805E-03
    9886.871    -44.241  -3.100  5.09751E-04 -1.79428E-04  6.24923E-03
    9888.042    -43.069  -3.050  5.14546E-04 -1.80503E-04  8.62641E-03
    9889.195    -41.917  -3.000  5.19340E-04 -1.81579E-04  1.00832E-02
    9890.328    -40.783  -2.950  5.24135E-04 -1.82654E-04  1.01464E-02
    9891.443    -39.669  -2.900  5.28929E-04 -1.83729E-04  8.56218E-03
    9892.538    -38.573  -2.850  5.33724E-04 -1.84804E-04  5.29672E-03
    9893.614    -37.497  -2.800  5.38518E-04 -1.85879E-04  5.16849E-04
    9894.672    -36.440  -2.750  5.43313E-04 -1.86954E-04 -5.41537E-03
    9895.710    -35.402  -2.700  5.48108E-04 -1.88029E-04 -1.19247E-02
    9896.729    -34.382  -2.650  5.52902E-04 -1.89104E-04 -1.82067E-02
    9897.729    -33.382  -2.600  5.57697E-04 -1.90179E-04 -2.32614E-02
    9898.710    -32.401  -2.550  5.62491E-04 -1.91254E-04 -2.60155E-02
    9899.672    -31.439  -2.500  5.67286E-04 -1.92329E-04 -2.55383E-02
    9900.615    -30.496  -2.450  5.72081E-04 -1.93404E-04 -2.13016E-02
    9901.539    -29.572  -2.400  5.76875E-04 -1.94480E-04 -1.33989E-02
    9902.444    -28.668  -2.350  5.81670E-04 -1.95555E-04 -2.63188E-03
    9903.330    -27.782  -2.300  5.86464E-04 -1.96630E-04  9.58694E-03
    9904.197    -26.915  -2.250  5.58914E-04 -1.97269E-04  3.09896E+01
    9905.044    -26.067  -2.200  5.24408E-04 -1.97814E-04  5.65457E+01
    9905.873    -25.239  -2.150  4.89901E-04 -1.98360E-04  3.78244E+01
    9906.683    -24.429  -2.100  4.55394E-04 -1.98905E-04 -2.72667E+01
    9907.473    -23.638  -2.050  4.20887E-04 -1.99450E-04 -1.05275E+02
    9908.245    -22.867  -2.000  3.86380E-04 -1.99996E-04 -1.47657E+02
    9908.997    -22.114  -1.950  3.51874E-04 -2.00541E-04 -1.22707E+02
    9909.731    -21.381  -1.900  3.17367E-04 -2.01086E-04 -3.80712E+01
    9910.445    -20.667  -1.850  2.82860E-04 -2.01632E-04  6.12967E+01
    9911.140    -19.971  -1.800  2.48353E-04 -2.02177E-04  1.19224E+02
    9911.816    -19.295  -1.750  2.13846E-04 -2.02723E-04  1.02398E+02
    9912.474    -18.638  -1.700  1.79340E-04 -2.03268E-04  2.10960E+01
    9913.112    -18.000  -1.650  1.44833E-04 -2.03813E-04 -7.65273E+01
    9913.731    -17.380  -1.600  9.53153E-05 -2.04220E-04 -2.25941E+02
    9914.331    -16.780  -1.550  2.43619E-05 -2.04373E-04  3.54991E+02
    9914.912    -16.199  -1.500 -4.03542E-05 -2.04452E-04  8.19161E+01
    9915.474    -15.637  -1.450 -8.95015E-05 -2.04451E-04 -4.26747E+01
    9916.017    -15.094  -1.400 -1.08614E-04 -2.04361E-04 -4.20272E+01
    9916.541    -14.571  -1.350 -8.54144E-05 -2.04172E-04 -3.50841E+01
    9917.046    -14.066  -1.300 -2.19836E-05 -2.03874E-04 -3.01000E+01
    9917.531    -13.580  -1.250  7.19620E-05 -2.03451E-04 -2.66375E+01
    9917.998    -13.113  -1.200  1.87672E-04 -2.02890E-04 -2.45092E+01
    9918.446    -12.666  -1.150  3.18093E-04 -2.02168E-04 -2.28426E+01
    9918.874    -12.237  -1.100  4.56738E-04 -2.01265E-04 -1.70172E+01
    9919.284    -11.827  -1.050  5.98110E-04 -2.00151E-04 -2.51823E-01
    9919.675    -11.437  -1.000  7.37517E-04 -1.98793E-04  2.46145E+01
    9920.046    -11.065  -0.950  8.71258E-04 -1.97148E-04  4.13685E+01
    9920.398    -10.713  -0.900  9.96967E-04 -1.95173E-04  3.75217E+01
    9920.732    -10.380  -0.850  1.11290E-03 -1.92802E-04  1.80042E+01
    9921.046    -10.065  -0.800  1.21841E-03 -1.89970E-04 -4.21440E+00
    9921.341     -9.770  -0.750  1.31346E-03 -1.86592E-04 -2.00991E+01
    9921.618     -9.494  -0.700  1.39845E-03 -1.82580E-04 -2.72503E+01
    9921.875     -9.237  -0.650  1.47409E-03 -1.77842E-04 -2.73566E+01
    9922.113     -8.998  -0.600  1.54113E-03 -1.72262E-04 -2.32719E+01
    9922.332     -8.779  -0.550  1.60058E-03 -1.65797E-04 -1.74394E+01
    9922.532     -8.579  -0.500  1.65339E-03 -1.58443E-04 -1.14555E+01
    9922.713     -8.398  -0.450  1.70019E-03 -1.50303E-04 -6.15470E+00
    9922.875     -8.236  -0.400  1.74161E-03 -1.41607E-04 -1.84921E+00
    9923.018     -8.094  -0.350  1.77754E-03 -1.32735E-04  1.40639E+00
    9923.142     -7.970  -0.300  1.80851E-03 -1.24166E-04  3.78513E+00
    9923.246     -7.865  -0.250  1.83442E-03 -1.16371E-04  5.45216E+00
    9923.332     -7.779  -0.200  1.85509E-03 -1.09793E-04  6.56660E+00
    9923.399     -7.713  -0.150  1.88704E-03 -8.83432E-05  7.28171E+00
    9923.446     -7.665  -0.100  1.96242E-03 -1.78589E-05  7.58485E+00
    9923.475     -7.636  -0.050  2.03780E-03  5.26254E-05  7.86235E+00
    9923.485     -7.627   0.000  2.11262E-03  1.22550E-04  8.11430E+00
    9923.494     -7.617   0.050  2.17354E-03  1.25687E-04  8.33121E+00
    9923.523     -7.589   0.100  2.22925E-03  1.28825E-04  8.52594E+00
    9923.570     -7.541   0.150  2.27972E-03  1.31963E-04  8.69862E+00
    9923.637     -7.474   0.200  2.36713E-03  1.37899E-04  8.98833E+00
    9923.723     -7.389   0.250  2.44969E-03  1.45323E-04  9.23840E+00
    9923.827     -7.284   0.300  2.50449E-03  1.53951E-04  9.35999E+00
    9923.951     -7.160   0.350  2.50644E-03  1.63423E-04  9.25973E+00
    9924.094     -7.017   0.400  2.43618E-03  1.73308E-04  8.87024E+00
    9924.256     -6.855   0.450  2.28031E-03  1.83158E-04  8.14997E+00
    9924.437     -6.674   0.500  2.03673E-03  1.92593E-04  7.10383E+00
    9924.637     -6.474   0.550  1.71350E-03  2.01371E-04  5.77396E+00
    9924.856     -6.255   0.600  1.33208E-03  2.09363E-04  4.25037E+00
    9925.094     -6.017   0.650  9.22690E-04  2.16544E-04  2.65148E+00
    9925.351     -5.760   0.700  5.19880E-04  2.22909E-04  1.10667E+00
    9925.628     -5.484   0.750  1.58653E-04  2.28535E-04 -2.58634E-01
    9925.923     -5.188   0.800 -1.33055E-04  2.33464E-04 -1.34841E+00
    9926.237     -4.874   0.850 -3.37527E-04  2.37746E-04 -2.10583E+00
    9926.571     -4.541   0.900 -4.48912E-04  2.41432E-04 -2.51710E+00
    9926.923     -4.188   0.950 -4.73208E-04  2.44554E-04 -2.60970E+00
    9927.295     -3.817   1.000 -4.24845E-04  2.47149E-04 -2.43921E+00
    9927.685     -3.426   1.050 -3.23010E-04  2.49252E-04 -2.07612E+00
    9928.095     -3.017   1.100 -1.91999E-04  2.50878E-04 -1.60783E+00
    9928.523     -2.588   1.150 -5.05420E-05  2.52072E-04 -1.10061E+00
    9928.971     -2.141   1.200  8.42307E-05  2.52857E-04 -6.15069E-01
    9929.438     -1.674   1.250  2.01205E-04  2.53256E-04 -1.90608E-01
    9929.923     -1.188   1.300  2.93954E-04  2.53310E-04  1.49566E-01
    9930.428     -0.683   1.350  3.60209E-04  2.53046E-04  3.96656E-01
    9930.952     -0.159   1.400  4.01217E-04  2.52493E-04  5.54169E-01
    9931.495      0.384   1.450  4.20297E-04  2.51682E-04  6.32965E-01
    9932.057      0.946   1.500  4.21966E-04  2.50639E-04  6.48365E-01
    9932.638      1.527   1.550  4.10997E-04  2.49403E-04  6.16875E-01
    9933.238      2.127   1.600  3.91866E-04  2.47995E-04  5.54287E-01
    9933.857      2.746   1.650  3.68463E-04  2.46445E-04  4.74648E-01
    9934.495      3.384   1.700  3.43841E-04  2.44778E-04  3.89223E-01
    9935.153      4.041   1.750  3.20350E-04  2.43018E-04  3.06992E-01
    9935.829      4.717   1.800  2.99657E-04  2.41179E-04  2.34594E-01
    9936.524      5.413   1.850  2.82765E-04  2.39293E-04  1.76271E-01
    9937.239      6.127   1.900  2.70093E-04  2.37363E-04  1.34148E-01
    9937.972      6.861   1.950  2.61569E-04  2.35417E-04  1.08357E-01
    9938.724      7.613   2.000  2.56620E-04  2.33457E-04  9.70088E-02
    9939.496      8.385   2.050  2.54374E-04  2.31499E-04  9.68362E-02
    9940.287      9.175   2.100  2.53694E-04  2.29528E-04  1.03392E-01
    9941.096      9.985   2.150  2.53348E-04  2.27489E-04  1.11864E-01
    9941.925     10.813   2.200  2.52256E-04  2.25372E-04  1.17690E-01
    9942.773     11.661   2.250  2.49689E-04  2.23209E-04  1.17349E-01
    9943.639     12.528   2.300  2.45784E-04  2.21500E-04  1.08938E-01
    9944.525     13.414   2.350  2.41089E-04  2.20613E-04  9.28351E-02
    9945.430     14.319   2.400  2.35845E-04  2.20331E-04  7.08801E-02
    9946.354     15.243   2.450  2.30423E-04  2.20575E-04  4.51652E-02
    9947.297     16.186   2.500  2.25358E-04  2.21254E-04  1.88396E-02
    9948.259     17.148   2.550  2.21252E-04  2.22284E-04 -4.73534E-03
    9949.240     18.129   2.600  2.19057E-04  2.23695E-04 -2.12226E-02
    9950.240     19.129   2.650  2.17309E-04  2.24401E-04 -3.23952E-02
    9951.259     20.148   2.700  2.15151E-04  2.24565E-04 -4.29742E-02
    9952.298     21.186   2.750  2.12624E-04  2.24414E-04 -5.38678E-02
    9953.355     22.243   2.800  2.09847E-04  2.24104E-04 -6.52378E-02
    9954.431     23.320   2.850  2.06906E-04  2.23701E-04 -7.69855E-02
    9955.527     24.415   2.900  2.03891E-04  2.23241E-04 -8.88588E-02
    9956.641     25.530   2.950  2.00930E-04  2.22764E-04 -1.00430E-01
    9957.774     26.663   3.000  1.98186E-04  2.22307E-04 -1.11091E-01
    9958.927     27.815   3.050  1.95855E-04  2.21907E-04 -1.20081E-01
    9960.098     28.987   3.100  1.94112E-04  2.21568E-04 -1.26577E-01
    9961.289     30.178   3.150  1.93126E-04  2.21256E-04 -1.29672E-01
    9962.499     31.387   3.200  1.93099E-04  2.20991E-04 -1.28523E-01
    9963.728     32.616   3.250  1.94165E-04  2.20766E-04 -1.22499E-01
    9964.975     33.864   3.300  1.96403E-04  2.20574E-04 -1.11210E-01
    9966.242     35.131   3.350  1.99781E-04  2.20428E-04 -9.48948E-02
    9967.528     36.417   3.400  2.04109E-04  2.20320E-04 -7.44204E-02
    9968.833     37.721   3.450  2.09090E-04  2.20260E-04 -5.12025E-02
    9970.157     39.045   3.500  2.14335E-04  2.20241E-04 -2.70315E-02
    9971.500     40.388   3.550  2.19430E-04  2.20253E-04 -3.75737E-03
    9972.862     41.751   3.600  2.24038E-04  2.20313E-04  1.69878E-02
    9974.243     43.132   3.650  2.27882E-04  2.20405E-04  3.40294E-02
    9975.643     44.532   3.700  2.30832E-04  2.20532E-04  4.67839E-02
    9977.062     45.951   3.750  2.32884E-04  2.20693E-04  5.52537E-02
    9978.501     47.389   3.800  2.34136E-04  2.20883E-04  5.99314E-02
    9979.958     48.847   3.850  2.34757E-04  2.21099E-04  6.16308E-02
    9981.434     50.323   3.900  2.34950E-04  2.21338E-04  6.12805E-02
    9982.930     51.818   3.950  2.34906E-04  2.21599E-04  5.97744E-02
    9984.444     53.333   4.000  2.34783E-04  2.21878E-04  5.78383E-02
    9985.978     54.866   4.050  2.34679E-04  2.22168E-04  5.59463E-02
    9987.530     56.419   4.100  2.34646E-04  2.22473E-04  5.43208E-02
    9989.102     57.991   4.150  2.34668E-04  2.22781E-04  5.29311E-02
    9990.693     59.581   4.200  2.34697E-04  2.23092E-04  5.15694E-02
    9992.302     61.191   4.250  2.34652E-04  2.23401E-04  4.98993E-02
    9993.931     62.820   4.300  2.34446E-04  2.23708E-04  4.75355E-02
    9995.579     64.468   4.350  2.33991E-04  2.24009E-04  4.41073E-02
    9997.246     66.134   4.400  2.33207E-04  2.24296E-04  3.93140E-02
    9998.932     67.820   4.450  2.32060E-04  2.24571E-04  3.29893E-02
   10000.637     69.525   4.500  2.30543E-04  2.24831E-04  2.51246E-02
   10002.361     71.249   4.550  2.28679E-04  2.25068E-04  1.58652E-02
   10004.104     72.992   4.600  2.26549E-04  2.25288E-04  5.53550E-03
   10005.866     74.754   4.650  2.24243E-04  2.25480E-04 -5.42642E-03
   10007.647     76.536   4.700  2.21885E-04  2.25646E-04 -1.64778E-02
   10009.447     78.336   4.750  2.19616E-04  2.25792E-04 -2.70391E-02
   10011.267     80.155   4.800  2.17555E-04  2.25905E-04 -3.65420E-02
   10013.105     81.993   4.850  2.15822E-04  2.25987E-04 -4.44715E-02
   10014.962     83.851   4.900  2.14512E-04  2.26040E-04 -5.04225E-02
   10016.839     85.727   4.950  2.13694E-04  2.26069E-04 -5.41222E-02
   10018.734     87.623   5.000  2.13390E-04  2.26066E-04 -5.54501E-02
   10020.649     89.537   5.050  2.13593E-04  2.26036E-04 -5.44386E-02
   10022.582     91.471   5.100  2.14260E-04  2.25977E-04 -5.12763E-02
   10024.535     93.423   5.150  2.15319E-04  2.25889E-04 -4.62764E-02
   10026.507     95.395   5.200  2.16683E-04  2.25779E-04 -3.98460E-02
   10028.497     97.386   5.250  2.18241E-04  2.25645E-04 -3.24539E-02
   10030.507     99.396   5.300  2.19884E-04  2.25486E-04 -2.45702E-02
   10032.536    101.424   5.350  2.21522E-04  2.25313E-04 -1.66427E-02
   10034.584    103.472   5.400  2.23061E-04  2.25120E-04 -9.04541E-03
   10036.651    105.539   5.450  2.24439E-04  2.24905E-04 -2.05277E-03
   10038.737    107.625   5.500  2.25629E-04  2.24683E-04  4.16432E-03
   10040.842    109.730   5.550  2.26614E-04  2.24450E-04  9.53405E-03
   10042.966    111.854   5.600  2.27396E-04  2.24205E-04  1.40743E-02
   10045.109    113.997   5.650  2.28005E-04  2.23959E-04  1.78571E-02
   10047.271    116.160   5.700  2.28449E-04  2.23702E-04  2.09773E-02
   10049.452    118.341   5.750  2.28771E-04  2.23451E-04  2.35317E-02
   10051.652    120.541   5.800  2.28977E-04  2.23197E-04  2.55877E-02
   10053.872    122.760   5.850  2.29074E-04  2.22941E-04  2.71777E-02
   10056.110    124.999   5.900  2.29077E-04  2.22698E-04  2.82950E-02
   10058.368    127.256   5.950  2.28968E-04  2.22456E-04  2.89034E-02
   10060.644    129.533   6.000  2.28735E-04  2.22220E-04  2.89428E-02
   10062.939    131.828   6.050  2.28375E-04  2.22000E-04  2.83444E-02
   10065.254    134.143   6.100  2.27866E-04  2.21788E-04  2.70447E-02
   10067.588    136.476   6.150  2.27198E-04  2.21584E-04  2.49940E-02
   10069.940    138.829   6.200  2.26375E-04  2.21400E-04  2.21656E-02
   10072.312    141.201   6.250  2.25393E-04  2.21226E-04  1.85708E-02
   10074.703    143.591   6.300  2.24261E-04  2.21063E-04  1.42657E-02
   10077.113    146.001   6.350  2.23016E-04  2.20918E-04  9.35722E-03
   10079.541    148.430   6.400  2.21684E-04  2.20786E-04  4.00935E-03
   10081.989    150.878   6.450  2.20317E-04  2.20667E-04 -1.56061E-03
   10084.456    153.345   6.500  2.18977E-04  2.20565E-04 -7.09311E-03
   10086.942    155.831   6.550  2.17719E-04  2.20472E-04 -1.23049E-02
   10089.447    158.336   6.600  2.16608E-04  2.20393E-04 -1.69138E-02
   10091.972    160.860   6.650  2.15700E-04  2.20323E-04 -2.06670E-02
   10094.515    163.403   6.700  2.15042E-04  2.20268E-04 -2.33685E-02
   10097.077    165.966   6.750  2.14652E-04  2.20219E-04 -2.48976E-02
   10099.658    168.547   6.800  2.14543E-04  2.20182E-04 -2.52207E-02
   10102.259    171.147   6.850  2.14694E-04  2.20145E-04 -2.43883E-02
   10104.878    173.766   6.900  2.15084E-04  2.20119E-04 -2.25315E-02
   10107.516    176.405   6.950  2.15663E-04  2.20095E-04 -1.98348E-02
   10110.174    179.062   7.000  2.16384E-04  2.20074E-04 -1.65186E-02
   10112.850    181.739   7.050  2.17190E-04  2.20051E-04 -1.28139E-02
   10115.546    184.434   7.100  2.18030E-04  2.20027E-04 -8.94507E-03
   10118.260    187.149   7.150  2.18861E-04  2.20002E-04 -5.11266E-03
   10120.994    189.883   7.200  2.19644E-04  2.19975E-04 -1.48358E-03
   10123.747    192.635   7.250  2.20339E-04  2.19935E-04  1.81318E-03
   10126.519    195.407   7.300  2.20941E-04  2.19896E-04  4.68890E-03
   10129.309    198.198   7.350  2.21422E-04  2.19842E-04  7.09211E-03
   10132.119    201.008   7.400  2.21782E-04  2.19777E-04  9.00410E-03
   10134.948    203.837   7.450  2.22024E-04  2.19703E-04  1.04338E-02
   10137.796    206.685   7.500  2.22154E-04  2.19617E-04  1.14104E-02
   10140.663    209.552   7.550  2.22182E-04  2.19522E-04  1.19757E-02
   10143.549    212.438   7.600  2.22114E-04  2.19412E-04  1.21763E-02
   10146.454    215.343   7.650  2.21958E-04  2.19285E-04  1.20569E-02
   10149.379    218.267   7.700  2.21725E-04  2.19144E-04  1.16562E-02
   10152.322    221.210   7.750  2.21422E-04  2.18988E-04  1.10038E-02
   10155.284    224.173   7.800  2.21056E-04  2.18820E-04  1.01181E-02
   10158.265    227.154   7.850  2.20625E-04  2.18636E-04  9.01374E-03
   10161.266    230.154   7.900  2.20137E-04  2.18439E-04  7.70260E-03
   10164.285    233.174   7.950  2.19595E-04  2.18230E-04  6.20011E-03
   10167.324    236.212   8.000  2.19000E-04  2.18004E-04  4.53019E-03
   10170.381    239.270   8.050  2.18367E-04  2.17768E-04  2.72795E-03
   10173.458    242.346   8.100  2.17705E-04  2.17521E-04  8.40399E-04
   10176.553    245.442   8.150  2.17030E-04  2.17265E-04 -1.07366E-03
   10179.668    248.556   8.200  2.16354E-04  2.16998E-04 -2.94621E-03
   10182.802    251.690   8.250  2.15697E-04  2.16723E-04 -4.70355E-03
   10185.954    254.843   8.300  2.15080E-04  2.16446E-04 -6.27190E-03
   10189.126    258.015   8.350  2.14511E-04  2.16159E-04 -7.58125E-03
   10192.317    261.206   8.400  2.14011E-04  2.15872E-04 -8.57017E-03
   10195.527    264.416   8.450  2.13586E-04  2.15578E-04 -9.19025E-03
   10198.756    267.644   8.500  2.13253E-04  2.15289E-04 -9.40984E-03
   10202.004    270.892   8.550  2.13003E-04  2.14995E-04 -9.21667E-03
   10205.271    274.160   8.600  2.12842E-04  2.14702E-04 -8.62080E-03
   10208.557    277.446   8.650  2.12764E-04  2.14413E-04 -7.65506E-03
   10211.862    280.751   8.700  2.12758E-04  2.14129E-04 -6.37448E-03
   10215.186    284.075   8.750  2.12809E-04  2.13851E-04 -4.85330E-03
   10218.530    287.418   8.800  2.12894E-04  2.13576E-04 -3.18038E-03
   10221.892    290.781   8.850  2.12997E-04  2.13308E-04 -1.45251E-03
   10225.273    294.162   8.900  2.13095E-04  2.13046E-04  2.32458E-04
   10228.674    297.562   8.950  2.13179E-04  2.12797E-04  1.78654E-03
   10232.093    300.982   9.000  2.13222E-04  2.12554E-04  3.13436E-03
   10235.532    304.420   9.050  2.13219E-04  2.12319E-04  4.22155E-03
   10238.989    307.878   9.100  2.13161E-04  2.12093E-04  5.01685E-03
   10242.466    311.355   9.150  2.13051E-04  2.11879E-04  5.51219E-03
   10245.962    314.850   9.200  2.12893E-04  2.11678E-04  5.72049E-03
   10249.476    318.365   9.250  2.12685E-04  2.11482E-04  5.67106E-03
   10253.010    321.899   9.300  2.12441E-04  2.11296E-04  5.40392E-03
   10256.563    325.451   9.350  2.12165E-04  2.11114E-04  4.96387E-03
   10260.135    329.023   9.400  2.11877E-04  2.10947E-04  4.39551E-03
   10263.726    332.614   9.450  2.11579E-04  2.10788E-04  3.73929E-03
   10267.336    336.224   9.500  2.11273E-04  2.10634E-04  3.02915E-03
   10270.965    339.853   9.550  2.10970E-04  2.10486E-04  2.29238E-03
   10274.613    343.501   9.600  2.10674E-04  2.10347E-04  1.54990E-03
   10278.280    347.168   9.650  2.10382E-04  2.10210E-04  8.18203E-04
   10281.966    350.855   9.700  2.10098E-04  2.10075E-04  1.10957E-04
   10285.671    354.560   9.750  2.09829E-04  2.09946E-04 -5.59290E-04
   10289.395    358.284   9.800  2.09570E-04  2.09818E-04 -1.18004E-03
   10293.139    362.027   9.850  2.09325E-04  2.09690E-04 -1.73829E-03
   10296.901    365.790   9.900  2.09094E-04  2.09560E-04 -2.22094E-03
   10300.683    369.571   9.950  2.08881E-04  2.09430E-04 -2.61501E-03
   10304.483    373.372  10.000  2.08684E-04  2.09293E-04 -2.90895E-03
   10308.302    377.191  10.050  2.08513E-04  2.09160E-04 -3.09355E-03
   10312.141    381.030  10.100  2.08354E-04  2.09016E-04 -3.16278E-03
   10315.999    384.887  10.150  2.08217E-04  2.08868E-04 -3.11472E-03
   10319.875    388.764  10.200  2.08101E-04  2.08717E-04 -2.95206E-03
   10323.771    392.660  10.250  2.07996E-04  2.08556E-04 -2.68260E-03
   10327.686    396.574  10.300  2.07904E-04  2.08388E-04 -2.31915E-03
   10331.620    400.508  10.350  2.07820E-04  2.08211E-04 -1.87918E-03
   10335.572    404.461  10.400  2.07742E-04  2.08030E-04 -1.38454E-03
   10339.544    408.433  10.450  2.07662E-04  2.07841E-04 -8.59398E-04
   10343.535    412.424  10.500  2.07574E-04  2.07643E-04 -3.29539E-04
   10347.545    416.434  10.550  2.07473E-04  2.07436E-04  1.80105E-04
   10351.574    420.463  10.600  2.07358E-04  2.07224E-04  6.47223E-04
   10355.622    424.511  10.650  2.07221E-04  2.07003E-04  1.05372E-03
   10359.690    428.578  10.700  2.07061E-04  2.06775E-04  1.38720E-03
   10363.776    432.664  10.750  2.06876E-04  2.06537E-04  1.64106E-03
   10367.881    436.770  10.800  2.06673E-04  2.06298E-04  1.81450E-03
   10372.005    440.894  10.850  2.06450E-04  2.06057E-04  1.91104E-03
   10376.149    445.037  10.900  2.06206E-04  2.05807E-04  1.93739E-03
   10380.311    449.200  10.950  2.05941E-04  2.05550E-04  1.90118E-03
   10384.493    453.381  11.000  2.05663E-04  2.05292E-04  1.80950E-03
   10388.693    457.582  11.050  2.05375E-04  2.05033E-04  1.66813E-03
   10392.913    461.801  11.100  2.05077E-04  2.04773E-04  1.48088E-03
   10397.151    466.040  11.150  2.04767E-04  2.04512E-04  1.25049E-03
   10401.409    470.298  11.200  2.04446E-04  2.04246E-04  9.79423E-04
   10405.686    474.574  11.250  2.04121E-04  2.03984E-04  6.71632E-04
   10409.981    478.870  11.300  2.03787E-04  2.03719E-04  3.33893E-04
   10414.296    483.185  11.350  2.03455E-04  2.03459E-04 -2.31761E-05
   10418.630    487.519  11.400  2.03122E-04  2.03201E-04 -3.84815E-04
   10422.983    491.872  11.450  2.02794E-04  2.02942E-04 -7.32906E-04
   10427.355    496.244  11.500  2.02479E-04  2.02692E-04 -1.04728E-03
   10431.746    500.635  11.550  2.02173E-04  2.02438E-04 -1.30791E-03
   10436.156    505.045  11.600  2.01892E-04  2.02195E-04 -1.49706E-03
   10440.585    509.474  11.650  2.01626E-04  2.01949E-04 -1.60148E-03
   10445.033    513.922  11.700  2.01387E-04  2.01713E-04 -1.61436E-03
   10449.500    518.389  11.750  2.01172E-04  2.01482E-04 -1.53601E-03
   10453.987    522.875  11.800  2.00978E-04  2.01255E-04 -1.37372E-03
   10458.492    527.381  11.850  2.00806E-04  2.01036E-04 -1.14114E-03
   10463.016    531.905  11.900  2.00645E-04  2.00817E-04 -8.56635E-04
   10467.560    536.448  11.950  2.00493E-04  2.00602E-04 -5.41129E-04
   10472.122    541.011  12.000  2.00350E-04  2.00393E-04 -2.16149E-04
   10476.704    545.592  12.050  2.00210E-04  2.00190E-04  9.84140E-05
   10481.304    550.193  12.100  2.00063E-04  1.99985E-04  3.85364E-04
   10485.924    554.813  12.150  1.99915E-04  1.99789E-04  6.31713E-04
   10490.563    559.451  12.200  1.99763E-04  1.99597E-04  8.28959E-04
   10495.220    564.109  12.250  1.99601E-04  1.99407E-04  9.72587E-04
   10499.897    568.786  12.300  1.99425E-04  1.99213E-04  1.06200E-03
   10504.593    573.481  12.350  1.99243E-04  1.99024E-04  1.09925E-03
   10509.308    578.196  12.400  1.99052E-04  1.98835E-04  1.08841E-03
   10514.042    582.930  12.450  1.98852E-04  1.98646E-04  1.03450E-03
   10518.795    587.683  12.500  1.98645E-04  1.98457E-04  9.42983E-04
   10523.567    592.455  12.550  1.98431E-04  1.98268E-04  8.19021E-04
   10528.358    597.246  12.600  1.98209E-04  1.98076E-04  6.67669E-04
   10533.168    602.056  12.650  1.97976E-04  1.97878E-04  4.93660E-04
   10537.997    606.885  12.700  1.97739E-04  1.97680E-04  3.02034E-04
   10542.845    611.734  12.750  1.97500E-04  1.97480E-04  9.82056E-05
   10547.712    616.601  12.800  1.97256E-04  1.97278E-04 -1.11328E-04
   10552.599    621.487  12.850  1.97001E-04  1.97064E-04 -3.18746E-04
   10557.504    626.393  12.900  1.96750E-04  1.96851E-04 -5.15143E-04
   10562.428    631.317  12.950  1.96496E-04  1.96632E-04 -6.90371E-04
   10567.372    636.260  13.000  1.96240E-04  1.96404E-04 -8.34141E-04
   10572.334    641.223  13.050  1.95988E-04  1.96173E-04 -9.36468E-04
   10577.316    646.204  13.100  1.95740E-04  1.95934E-04 -9.89166E-04
   10582.317    651.205  13.150  1.95501E-04  1.95694E-04 -9.86715E-04
   10587.336    656.225  13.200  1.95265E-04  1.95446E-04 -9.27425E-04
   10592.375    661.263  13.250  1.95035E-04  1.95194E-04 -8.13953E-04
   10597.433    666.321  13.300  1.94808E-04  1.94936E-04 -6.53465E-04
   10602.509    671.398  13.350  1.94585E-04  1.94674E-04 -4.57163E-04
   10607.605    676.494  13.400  1.94360E-04  1.94407E-04 -2.39477E-04
   10612.720    681.609  13.450  1.94133E-04  1.94136E-04 -1.65700E-05
   10617.854    686.743  13.500  1.93896E-04  1.93858E-04  1.95397E-04
   10623.007    691.896  13.550  1.93653E-04  1.93579E-04  3.81831E-04
   10628.179    697.068  13.600  1.93402E-04  1.93299E-04  5.31204E-04
   10633.370    702.259  13.650  1.93143E-04  1.93020E-04  6.36070E-04
   10638.580    707.469  13.700  1.92872E-04  1.92738E-04  6.93630E-04
   10643.810    712.698  13.750  1.92587E-04  1.92451E-04  7.05493E-04
   10649.058    717.946  13.800  1.92294E-04  1.92164E-04  6.77126E-04
   10654.325    723.214  13.850  1.91999E-04  1.91881E-04  6.16574E-04
   10659.612    728.500  13.900  1.91697E-04  1.91594E-04  5.33149E-04
   10664.917    733.806  13.950  1.91396E-04  1.91312E-04  4.36356E-04
   10670.241    739.130  14.000  1.91090E-04  1.91026E-04  3.34401E-04
   10675.585    744.474  14.050  1.90791E-04  1.90747E-04  2.33421E-04
   10680.947    749.836  14.100  1.90494E-04  1.90468E-04  1.37505E-04
   10686.329    755.218  14.150  1.90206E-04  1.90197E-04  4.81742E-05
   10691.730    760.618  14.200  1.89915E-04  1.89922E-04 -3.45238E-05
   10697.149    766.038  14.250  1.89632E-04  1.89653E-04 -1.11663E-04
   10702.588    771.477  14.300  1.89357E-04  1.89392E-04 -1.84402E-04
   10708.046    776.935  14.350  1.89077E-04  1.89125E-04 -2.53351E-04
   10713.523    782.411  14.400  1.88812E-04  1.88873E-04 -3.17814E-04
   10719.019    787.907  14.450  1.88544E-04  1.88615E-04 -3.75759E-04
   10724.534    793.422  14.500  1.88285E-04  1.88365E-04 -4.23869E-04
   10730.068    798.956  14.550  1.88031E-04  1.88118E-04 -4.58022E-04
   10735.621    804.509  14.600  1.87781E-04  1.87870E-04 -4.74035E-04
   10741.193    810.081  14.650  1.87542E-04  1.87630E-04 -4.68457E-04
   10746.784    815.673  14.700  1.87308E-04  1.87391E-04 -4.39381E-04
   10752.394    821.283  14.750  1.87081E-04  1.87154E-04 -3.86878E-04
   10758.023    826.912  14.800  1.86863E-04  1.86922E-04 -3.13305E-04
   10763.672    832.560  14.850  1.86650E-04  1.86691E-04 -2.23263E-04
   10769.339    838.228  14.900  1.86433E-04  1.86456E-04 -1.22915E-04
   10775.026    843.914  14.950  1.86223E-04  1.86227E-04 -1.92563E-05
   10780.731    849.620  15.000  1.86012E-04  1.85997E-04  8.07289E-05
   10786.455    855.344  15.050  1.85800E-04  1.85768E-04  1.71021E-04
   10792.199    861.088  15.100  1.85583E-04  1.85537E-04  2.47115E-04
   10797.962    866.850  15.150  1.85363E-04  1.85306E-04  3.06778E-04
   10803.743    872.632  15.200  1.85135E-04  1.85070E-04  3.49617E-04
   10809.544    878.433  15.250  1.84908E-04  1.84838E-04  3.77188E-04
   10815.364    884.252  15.300  1.84672E-04  1.84599E-04  3.92040E-04
   10821.203    890.091  15.350  1.84433E-04  1.84360E-04  3.97026E-04
   10827.060    895.949  15.400  1.84192E-04  1.84120E-04  3.94596E-04
   10832.937    901.826  15.450  1.83943E-04  1.83871E-04  3.86124E-04
   10838.833    907.722  15.500  1.83691E-04  1.83622E-04  3.71680E-04
   10844.748    913.637  15.550  1.83434E-04  1.83370E-04  3.49816E-04
   10850.682    919.571  15.600  1.83170E-04  1.83111E-04  3.18314E-04
   10856.635    925.524  15.650  1.82902E-04  1.82852E-04  2.74499E-04
   10862.608    931.496  15.700  1.82631E-04  1.82591E-04  2.16100E-04
   10868.599    937.487  15.750  1.82349E-04  1.82323E-04  1.42206E-04
   10874.609    943.498  15.800  1.82061E-04  1.82051E-04  5.35740E-05
   10880.638    949.527  15.850  1.81766E-04  1.81775E-04 -4.69181E-05
   10886.687    955.575  15.900  1.81473E-04  1.81501E-04 -1.54424E-04
   10892.754    961.643  15.950  1.81167E-04  1.81215E-04 -2.62381E-04
   10898.840    967.729  16.000  1.80867E-04  1.80933E-04 -3.63365E-04
   10904.946    973.835  16.050  1.80564E-04  1.80645E-04 -4.49721E-04
   10911.071    979.959  16.100  1.80263E-04  1.80356E-04 -5.14852E-04
   10917.214    986.103  16.150  1.79966E-04  1.80066E-04 -5.53522E-04
   10923.377    992.265  16.200  1.79673E-04  1.79774E-04 -5.62721E-04
   10929.558    998.447  16.250  1.79386E-04  1.79483E-04 -5.41868E-04
   10935.759   1004.648  16.300  1.79097E-04  1.79186E-04 -4.92875E-04
   10941.979   1010.868  16.350  1.78819E-04  1.78894E-04 -4.19686E-04
   10948.218   1017.106  16.400  1.78538E-04  1.78597E-04 -3.27838E-04
   10954.476   1023.364  16.450  1.78266E-04  1.78306E-04 -2.23926E-04
   10960.753   1029.641  16.500  1.77989E-04  1.78010E-04 -1.14780E-04
   10967.049   1035.937  16.550  1.77717E-04  1.77718E-04 -6.87850E-06
   10973.364   1042.252  16.600  1.77444E-04  1.77428E-04  9.42417E-05
   10979.698   1048.586  16.650  1.77171E-04  1.77138E-04  1.84062E-04
   10986.051   1054.940  16.700  1.76897E-04  1.76851E-04  2.59590E-04
   10992.423   1061.312  16.750  1.76620E-04  1.76563E-04  3.19160E-04
   10998.814   1067.703  16.800  1.76347E-04  1.76283E-04  3.62415E-04
   11005.225   1074.113  16.850  1.76071E-04  1.76003E-04  3.89773E-04
   11011.654   1080.543  16.900  1.75794E-04  1.75724E-04  4.02432E-04
   11018.103   1086.991  16.950  1.75515E-04  1.75445E-04  4.01822E-04
   11024.570   1093.459  17.000  1.75243E-04  1.75174E-04  3.89419E-04
   11031.056   1099.945  17.050  1.74969E-04  1.74904E-04  3.66434E-04
   11037.562   1106.451  17.100  1.74694E-04  1.74635E-04  3.33840E-04
   11044.087   1112.975  17.150  1.74420E-04  1.74368E-04  2.92276E-04
   11050.630   1119.519  17.200  1.74148E-04  1.74106E-04  2.42323E-04
   11057.193   1126.082  17.250  1.73872E-04  1.73840E-04  1.84493E-04
   11063.775   1132.663  17.300  1.73601E-04  1.73580E-04  1.19816E-04
   11070.375   1139.264  17.350  1.73329E-04  1.73321E-04  4.97432E-05
   11076.995   1145.884  17.400  1.73057E-04  1.73062E-04 -2.35784E-05
   11083.634   1152.523  17.450  1.72788E-04  1.72805E-04 -9.72166E-05
   11090.292   1159.181  17.500  1.72523E-04  1.72552E-04 -1.67663E-04
   11096.969   1165.858  17.550  1.72253E-04  1.72293E-04 -2.31117E-04
   11103.665   1172.554  17.600  1.71985E-04  1.72034E-04 -2.83843E-04
   11110.380   1179.269  17.650  1.71719E-04  1.71774E-04 -3.22530E-04
   11117.114   1186.003  17.700  1.71456E-04  1.71515E-04 -3.44711E-04
   11123.868   1192.756  17.750  1.71196E-04  1.71256E-04 -3.49174E-04
   11130.640   1199.528  17.800  1.70939E-04  1.70996E-04 -3.36039E-04
   11137.431   1206.320  17.850  1.70684E-04  1.70736E-04 -3.06768E-04
   11144.242   1213.130  17.900  1.70429E-04  1.70474E-04 -2.64007E-04
   11151.071   1219.960  17.950  1.70169E-04  1.70205E-04 -2.11337E-04
   11157.919   1226.808  18.000  1.69910E-04  1.69936E-04 -1.52717E-04
   11164.787   1233.675  18.050  1.69650E-04  1.69666E-04 -9.22551E-05
   11171.673   1240.562  18.100  1.69385E-04  1.69390E-04 -3.34927E-05
   11178.579   1247.468  18.150  1.69121E-04  1.69118E-04  2.05491E-05
   11185.504   1254.392  18.200  1.68850E-04  1.68839E-04  6.78571E-05
   11192.447   1261.336  18.250  1.68577E-04  1.68559E-04  1.07323E-04
   11199.410   1268.299  18.300  1.68295E-04  1.68271E-04  1.38605E-04
   11206.392   1275.281  18.350  1.68015E-04  1.67988E-04  1.62023E-04
   11213.393   1282.281  18.400  1.67729E-04  1.67699E-04  1.78242E-04
   11220.413   1289.301  18.450  1.67440E-04  1.67409E-04  1.88070E-04
   11227.452   1296.340  18.500  1.67145E-04  1.67113E-04  1.92225E-04
   11234.510   1303.398  18.550  1.66853E-04  1.66821E-04  1.91318E-04
   11241.587   1310.475  18.600  1.66555E-04  1.66525E-04  1.85624E-04
   11248.683   1317.571  18.650  1.66261E-04  1.66232E-04  1.75263E-04
   11255.798   1324.686  18.700  1.65960E-04  1.65933E-04  1.60264E-04
   11262.932   1331.821  18.750  1.65657E-04  1.65634E-04  1.40652E-04
   11270.085   1338.974  18.800  1.65354E-04  1.65334E-04  1.16667E-04
   11277.258   1346.146  18.850  1.65050E-04  1.65035E-04  8.88216E-05
   11284.449   1353.338  18.900  1.64745E-04  1.64736E-04  5.79436E-05
   11291.659   1360.548  18.950  1.64441E-04  1.64436E-04  2.51879E-05
   11298.889   1367.777  19.000  1.64136E-04  1.64137E-04 -8.04325E-06
   11306.137   1375.026  19.050  1.63832E-04  1.63838E-04 -4.01686E-05
   11313.405   1382.293  19.100  1.63530E-04  1.63542E-04 -6.95739E-05
   11320.691   1389.580  19.150  1.63234E-04  1.63249E-04 -9.48553E-05
   11327.997   1396.886  19.200  1.62935E-04  1.62953E-04 -1.14840E-04
   11335.322   1404.210  19.250  1.62643E-04  1.62664E-04 -1.28756E-04
   11342.666   1411.554  19.300  1.62350E-04  1.62373E-04 -1.36276E-04
   11350.028   1418.917  19.350  1.62063E-04  1.62085E-04 -1.37492E-04
   11357.410   1426.299  19.400  1.61776E-04  1.61797E-04 -1.33019E-04
   11364.811   1433.700  19.450  1.61495E-04  1.61515E-04 -1.23699E-04
   11372.231   1441.120  19.500  1.61211E-04  1.61229E-04 -1.10659E-04
   11379.670   1448.559  19.550  1.60935E-04  1.60950E-04 -9.50645E-05
   11387.128   1456.017  19.600  1.60659E-04  1.60672E-04 -7.80395E-05
   11394.605   1463.494  19.650  1.60384E-04  1.60394E-04 -6.05578E-05
   11402.101   1470.990  19.700  1.60117E-04  1.60124E-04 -4.33971E-05
   11409.616   1478.505  19.750  1.59843E-04  1.59848E-04 -2.69637E-05
   11417.151   1486.039  19.800  1.59577E-04  1.59579E-04 -1.14885E-05
   11424.704   1493.593  19.850  1.59306E-04  1.59306E-04  3.06015E-06
   11432.276   1501.165  19.900  1.59043E-04  1.59040E-04  1.68106E-05
   11439.868   1508.756  19.950  1.58783E-04  1.58778E-04  2.99992E-05
