# # Once                                                         FEFF 10.0.0 
# # POT  SCF 100  9.0000   0, core-hole, FOLP (folp(0)= 1.150)
# # Abs   Z=30 Rmt= 1.413 Rnm= 1.534 K  shell
# #   RGRID 0.0100
# # Pot 1 Z= 6 Rmt= 0.807 Rnm= 1.033
# # Pot 2 Z= 6 Rmt= 0.799 Rnm= 1.007
# # Pot 3 Z= 6 Rmt= 0.774 Rnm= 1.001
# # Pot 4 Z= 6 Rmt= 0.901 Rnm= 1.125
# # Pot 5 Z= 6 Rmt= 0.935 Rnm= 1.172
# # Pot 6 Z= 1 Rmt= 0.556 Rnm= 0.957
# # Pot 7 Z= 1 Rmt= 0.497 Rnm= 0.870
# # Pot 8 Z= 7 Rmt= 0.787 Rnm= 0.989
# # Pot 9 Z= 7 Rmt= 0.811 Rnm= 0.996
# # Pot10 Z=16 Rmt= 1.245 Rnm= 1.467
# # Gam_ch=1.897E+00 H-L exch Vi= 0.000E+00 Vr= 0.000E+00
# # Mu=-7.564E+00eV kf=2.146E+00 Vint=-1.456E+01eV Rs_int= 1.690
# # PATH  Rmax= 9.000,  Keep_limit= 0.00, Heap_limit 0.00  Pwcrit= 2.50%
#  S02=1.000  Temp=  10.00  Debye_temp= 315.00  Global_sig2= 0.00000
#  Energy zero shift, vr, vi    0.00000E+00   0.00000E+00
#  Curved wave amplitude ratio filter   4.000%
#     file         sig2 tot  cw amp ratio   deg  nlegs   reff  inp sig2
#           1       0.00373    100.00      1.00     2   2.1502
#           2       0.00417     99.40      1.00     2   2.1551
#           3       0.00302     83.81      1.00     2   2.3601
#           4       0.00297     83.55      1.00     2   2.3629
#           5       0.00500     42.23      1.00     2   2.9753
#           6       0.03946     10.26      1.00     2   2.9980
#           7       0.03273      9.98      1.00     2   3.0297
#           8       0.00518     39.21      1.00     2   3.0722
#           9       0.02688      8.64      1.00     2   3.2022
#          10       0.00647     33.93      1.00     2   3.2591
#          11       0.00516     33.17      1.00     2   3.2597
#          12       0.00414     45.24      2.00     3   3.2618
#          13       0.00408     56.18      2.00     3   3.2786
#          14       0.00594     32.00      1.00     2   3.3158
#          15       0.00434     66.36      2.00     3   3.4014
#          16       0.00488     85.87      2.00     3   3.4038
#          17       0.00364     26.74      1.00     4   3.4850
#          18       0.00548     73.86      1.00     4   3.4918
#          19       0.01751      9.21      2.00     3   3.5185
#          20       0.02910      6.69      1.00     2   3.5255
#          21       0.00466     45.57      1.00     4   3.5431
#          22       0.00460     12.03      1.00     4   3.5483
#          23       0.01018     25.21      1.00     2   3.6403
#          24       0.01368      7.71      2.00     3   3.6532
#          25       0.02599      6.07      1.00     2   3.6551
#          26       0.01801     12.25      2.00     3   3.6636
#          27       0.01496      6.12      2.00     3   3.6715
#          28       0.02666      5.82      1.00     2   3.7118
#          29       0.00352     34.63      2.00     3   3.7142
#          30       0.01454      6.27      2.00     3   3.7240
#          31       0.01872      5.51      1.00     2   3.7879
#          32       0.01003      9.68      2.00     4   3.8050
#          33       0.01957      5.36      1.00     2   3.8284
#          34       0.00977     13.41      2.00     4   3.8596
#          35       0.00874      8.11      2.00     3   3.9032
#          36       0.00440     36.12      2.00     3   3.9067
#          37       0.01351      6.91      2.00     3   3.9086
#          38       0.01594      6.43      2.00     3   3.9174
#          39       0.01602      7.64      2.00     3   3.9537
#          40       0.00466      5.75      2.00     3   3.9894
#          41       0.01350      7.45      2.00     3   4.0015
#          42       0.01103     15.51      2.00     4   4.0503
#          43       0.01418      5.78      1.00     4   4.0617
#          44       0.03917      5.69      1.00     4   4.0680
#          45       0.00380     18.13      1.00     2   4.0819
#          46       0.00363      6.29      2.00     3   4.0872
#          47       0.01139     18.30      2.00     4   4.0894
#          48       0.01770      4.41      1.00     2   4.1094
#          50       0.00481      7.41      2.00     3   4.1445
#          51       0.00379      7.71      2.00     3   4.1580
#          52       0.00370     10.82      1.00     4   4.1693
#          53       0.00467     12.21      1.00     4   4.1730
#          55       0.01315     14.67      2.00     3   4.2193
#          56       0.00401     10.65      2.00     3   4.2285
#          57       0.00425     16.32      1.00     2   4.2315
#          58       0.01640      4.95      1.00     4   4.2342
#          59       0.00842      4.60      2.00     3   4.2491
#          61       0.00967      4.60      2.00     3   4.2694
#          62       0.01394      4.76      2.00     3   4.2697
#          63       0.00451     15.74      1.00     2   4.2731
#          64       0.00466     51.51      2.00     3   4.2887
#          65       0.01336      4.79      2.00     3   4.2904
#          69       0.00966      4.86      2.00     4   4.3000
#          70       0.00746     10.41      1.00     4   4.3004
#          73       0.00834     10.29      1.00     4   4.3103
#          74       0.00792      5.07      2.00     5   4.3106
#          75       0.00410      7.98      2.00     3   4.3120
#          76       0.00445     23.90      2.00     4   4.3164
#          77       0.00409     40.13      2.00     3   4.3212
#          78       0.00416     34.81      2.00     3   4.3247
#          79       0.01139     13.46      1.00     4   4.3291
#          80       0.00484     45.01      2.00     3   4.3452
#          81       0.00262     52.49      1.00     4   4.3459
#          83       0.00665     21.86      1.00     4   4.3684
#          84       0.00426     28.88      1.00     4   4.3693
#          85       0.00661     14.73      1.00     2   4.3716
#          86       0.00512     45.76      2.00     3   4.3749
#          87       0.00534     36.22      1.00     4   4.3782
#          88       0.00417     14.78      1.00     2   4.3816
#          89       0.00417     55.76      2.00     4   4.3818
#          90       0.00885      7.28      2.00     5   4.3814
#          91       0.01010     17.99      2.00     5   4.3880
#          92       0.00481     19.87      2.00     4   4.3911
#          93       0.00414     58.56      2.00     4   4.3933
#          94       0.00405     43.59      2.00     3   4.3957
#          95       0.01467      5.18      2.00     3   4.3987
#          96       0.00505     25.62      1.00     4   4.4070
#          97       0.00404     33.44      1.00     4   4.4097
#          98       0.00493     44.61      1.00     4   4.4173
#          99       0.00427     22.89      1.00     4   4.4178
#         101       0.01104      5.68      2.00     3   4.4295
#         102       0.01089      7.40      2.00     3   4.4319
#         103       0.00781      9.22      2.00     5   4.4334
#         104       0.00488     14.18      2.00     3   4.4363
#         105       0.00745     14.22      2.00     5   4.4358
#         106       0.00918     11.99      2.00     5   4.4422
#         108       0.00501     19.95      2.00     4   4.4558
#         109       0.00454     32.34      2.00     3   4.5065
#         110       0.00492     23.52      2.00     4   4.5104
#         113       0.00585     16.40      2.00     4   4.5150
#         116       0.00785     14.30      1.00     6   4.5170
#         117       0.00707     27.89      2.00     3   4.5175
#         118       0.00425     49.15      2.00     4   4.5206
#         119       0.00533     46.95      2.00     4   4.5208
#         120       0.00728     26.59      1.00     6   4.5238
#         121       0.00485     23.31      2.00     4   4.5298
#         123       0.02127      4.45      2.00     4   4.5371
#         124       0.00854     10.57      2.00     4   4.5394
#         125       0.00439     47.70      2.00     4   4.5517
#         127       0.00450     43.28      2.00     4   4.5752
#         128       0.00774     19.46      1.00     6   4.5751
#         130       0.00778      8.09      1.00     6   4.5803
#         131       0.00430     12.91      2.00     3   4.5869
#         132       0.00577     54.76      2.00     5   4.5975
#         133       0.00521     50.72      2.00     5   4.5984
#         134       0.00454     73.69      2.00     5   4.5998
#         135       0.00616     49.09      2.00     5   4.6029
#         136       0.00473     45.11      2.00     4   4.6055
#         137       0.00475     78.69      2.00     5   4.6088
#         138       0.01397      4.80      2.00     3   4.6104
#         139       0.00560     73.21      2.00     5   4.6134
#         141       0.00451     92.37      2.00     5   4.6238
#         142       0.00541     29.07      1.00     4   4.6315
#         143       0.00467     89.62      2.00     5   4.6324
#         144       0.00430     43.94      2.00     4   4.6482
#         145       0.00483     21.82      1.00     4   4.6526
#         146       0.00534     25.52      1.00     4   4.6524
#         147       0.00490     49.44      2.00     5   4.6550
#         149       0.00424     73.21      2.00     5   4.6623
#         150       0.00588     24.39      1.00     4   4.6635
#         151       0.00449     59.00      2.00     5   4.6684
#         152       0.00502     44.16      2.00     5   4.6715
#         153       0.00897      9.02      2.00     4   4.6743
#         154       0.01356      4.80      2.00     3   4.6993
#         155       0.00604      5.61      1.00     4   4.7202
#         157       0.00595      5.57      1.00     4   4.7257
#         159       0.02339      6.03      2.00     5   4.7336
#         160       0.00534     39.87      2.00     5   4.7362
#         161       0.01273    101.50      2.00     5   4.7404
#         163       0.00518     65.56      2.00     5   4.7514
#         164       0.00530     12.85      2.00     4   4.7565
#         165       0.00426      9.60      2.00     3   4.7735
#         166       0.00382     67.74      2.00     5   4.7731
#         167       0.00443     18.10      2.00     4   4.7768
#         168       0.01961      7.36      2.00     4   4.7781
#         169       0.01078     18.26      2.00     5   4.7842
#         170       0.00993      4.49      2.00     4   4.7862
#         171       0.00908      4.04      2.00     3   4.7902
#         172       0.00606      4.83      1.00     4   4.7907
#         174       0.00536     72.32      2.00     5   4.7943
#         175       0.00530     33.67      2.00     5   4.7969
#         177       0.00789     52.43      1.00     6   4.8199
#         178       0.00407      8.94      2.00     3   4.8285
#         179       0.01296    108.80      1.00     6   4.8284
#         180       0.00588     56.80      1.00     6   4.8302
#         181       0.01304     11.33      2.00     4   4.8319
#         182       0.01216      6.07      2.00     6   4.8370
#         183       0.00710      4.01      2.00     4   4.8383
#         184       0.00605     49.13      1.00     6   4.8394
#         185       0.00392      4.99      2.00     3   4.8401
#         186       0.01324      4.38      2.00     4   4.8407
#         187       0.01305      6.42      2.00     4   4.8418
#         188       0.00431     16.95      2.00     4   4.8425
#         189       0.01873      7.76      2.00     4   4.8524
#         190       0.01136     19.23      2.00     5   4.8596
#         191       0.01149     11.11      2.00     4   4.8623
#         192       0.00419      6.04      2.00     3   4.8669
#         194       0.00429      6.20      2.00     3   4.8764
#         196       0.00874     98.51      2.00     6   4.8779
#         198       0.00945     91.06      2.00     6   4.8849
#         199       0.00877     27.64      2.00     5   4.8891
#         200       0.00398      6.67      2.00     4   4.8913
#         201       0.01265      8.43      2.00     6   4.8916
#         202       0.01122      6.11      2.00     3   4.9039
#         203       0.01170     15.57      2.00     5   4.9117
#         204       0.00475     11.24      2.00     4   4.9150
#         205       0.00610     46.26      1.00     6   4.9148
#         206       0.00385      9.55      2.00     4   4.9194
#         207       0.00784     47.15      1.00     6   4.9189
#         208       0.01518      4.07      2.00     4   4.9201
#         209       0.01115     11.57      2.00     5   4.9251
#         210       0.01150     10.00      2.00     4   4.9262
#         211       0.00384     11.03      2.00     4   4.9336
#         212       0.01059     64.18      1.00     6   4.9359
#         213       0.00381      9.77      2.00     4   4.9390
#         214       0.01381      4.82      2.00     5   4.9406
#         215       0.00396      5.94      2.00     4   4.9413
#         216       0.00958     26.73      1.00     6   4.9415
#         217       0.01313      4.42      2.00     5   4.9494
#         218       0.00535     10.44      1.00     2   4.9521
#         219       0.00364     10.43      2.00     4   4.9534
#         220       0.01264      5.49      2.00     4   4.9557
#         221       0.01737      4.13      2.00     3   4.9578
#         222       0.00445     19.57      2.00     4   4.9644
#         223       0.02036      4.44      2.00     4   4.9648
#         224       0.00542      9.78      2.00     4   4.9696
#         225       0.01092     16.62      2.00     5   4.9721
#         226       0.01028     12.78      2.00     5   4.9743
#         231       0.01303      5.09      2.00     5   4.9857
#         232       0.00969     16.56      2.00     5   4.9880
#         233       0.00929      6.93      2.00     5   4.9945
#         236       0.00418     17.21      2.00     4   4.9987
#         237       0.01159     23.74      2.00     5   4.9983
#         238       0.00433     24.61      2.00     5   5.0074
#         239       0.00465     17.03      2.00     4   5.0086
#         240       0.01561      9.94      2.00     5   5.0081
#         241       0.01899      8.22      2.00     3   5.0164
#         242       0.00431     28.92      2.00     5   5.0216
#         243       0.00525     32.70      2.00     3   5.0242
#         245       0.00777      4.34      2.00     4   5.0317
#         246       0.01344      5.04      2.00     5   5.0335
#         247       0.00463     18.34      2.00     4   5.0349
#         248       0.00414     17.62      2.00     4   5.0346
#         250       0.00536      9.45      2.00     5   5.0430
#         253       0.00465     33.80      2.00     5   5.0490
#         254       0.00398     11.46      2.00     4   5.0525
#         255       0.01032      9.49      2.00     5   5.0537
#         256       0.00416     20.67      2.00     5   5.0558
#         257       0.00482     31.42      2.00     5   5.0567
#         258       0.00590     32.86      2.00     5   5.0575
#         259       0.02667     10.38      2.00     5   5.0588
#         260       0.00562     23.49      2.00     3   5.0601
#         261       0.00534     14.39      2.00     4   5.0600
#         262       0.00538     26.94      2.00     5   5.0633
#         264       0.02402      8.24      2.00     5   5.0646
#         265       0.00430     17.87      2.00     4   5.0686
#         266       0.00644      4.76      1.00     4   5.0683
#         267       0.00889     10.15      2.00     5   5.0687
#         268       0.00888      4.13      2.00     4   5.0702
#         269       0.00462     22.70      2.00     5   5.0807
#         270       0.00434     33.76      2.00     5   5.0827
#         271       0.01307      9.95      2.00     6   5.0823
#         272       0.01386      4.59      2.00     4   5.0869
#         274       0.00481     31.08      2.00     5   5.0918
#         275       0.00388     11.86      2.00     4   5.0926
#         276       0.00442     22.00      2.00     5   5.0951
#         277       0.00557     27.98      1.00     4   5.0963
#         279       0.01202     14.08      2.00     5   5.1047
#         280       0.00411     19.65      2.00     5   5.1067
#         281       0.01019      8.88      2.00     5   5.1108
#         282       0.01482      8.67      2.00     5   5.1169
#         283       0.01288     11.86      2.00     6   5.1214
#         284       0.01069      7.61      2.00     4   5.1304
#         285       0.00478     36.64      2.00     4   5.1322
#         287       0.01286      4.15      2.00     3   5.1404
#         288       0.00405     11.47      2.00     4   5.1413
#         289       0.01084     28.83      2.00     6   5.1416
#         290       0.00385     11.37      2.00     4   5.1454
#         291       0.00485     16.85      2.00     5   5.1454
#         292       0.00952      6.93      2.00     3   5.1473
#         294       0.04188      4.01      2.00     4   5.1482
#         295       0.01085      8.19      2.00     4   5.1483
#         296       0.00750      6.87      1.00     4   5.1519
#         300       0.01226      8.64      2.00     4   5.1554
#         301       0.01486      5.42      1.00     4   5.1565
#         302       0.00427      8.10      2.00     3   5.1595
#         303       0.00607      6.01      2.00     3   5.1672
#         304       0.02060      6.03      2.00     4   5.1686
#         305       0.00828     19.44      1.00     4   5.1682
#         306       0.01175     13.03      2.00     5   5.1695
#         308       0.01456     27.60      2.00     6   5.1756
#         310       0.01071      8.70      2.00     5   5.1787
#         312       0.00443     13.05      2.00     5   5.1935
#         313       0.02105     22.65      2.00     6   5.1944
#         314       0.01466      5.08      2.00     5   5.1951
#         315       0.01071      8.43      2.00     5   5.1961
#         316       0.07809      8.77      2.00     3   5.1979
#         317       0.01662     18.10      2.00     6   5.1982
#         318       0.00362     29.46      2.00     5   5.1985
#         319       0.01273     10.79      2.00     5   5.2006
#         320       0.02040      6.42      2.00     4   5.2023
#         321       0.01246      7.91      2.00     4   5.2032
#         322       0.01488     29.69      2.00     6   5.2048
#         323       0.01047      4.90      2.00     4   5.2058
#         324       0.02421      7.98      2.00     3   5.2065
#         325       0.01211     13.54      2.00     5   5.2065
#         326       0.00926     13.78      2.00     4   5.2071
#         328       0.01226      7.25      2.00     4   5.2129
#         330       0.00347     29.36      2.00     5   5.2175
#         331       0.02416      8.35      2.00     3   5.2214
#         332       0.01029      7.34      2.00     4   5.2223
#         333       0.00953      4.92      2.00     3   5.2257
#         334       0.00418     25.83      2.00     5   5.2292
#         335       0.00965      7.57      2.00     4   5.2349
#         336       0.00518     11.37      2.00     5   5.2344
#         337       0.00567      6.70      2.00     4   5.2380
#         338       0.01103      6.72      2.00     5   5.2381
#         339       0.00976      6.12      2.00     5   5.2398
#         340       0.00623      9.48      2.00     3   5.2427
#         343       0.01027      6.15      2.00     5   5.2452
#         344       0.00471      7.17      2.00     5   5.2457
#         345       0.00856     12.91      2.00     4   5.2460
#         346       0.01565      7.49      2.00     5   5.2523
#         347       0.01031     24.85      2.00     6   5.2525
#         348       0.00854     20.94      2.00     5   5.2552
#         349       0.00820      8.76      1.00     4   5.2576
#         350       0.01128      4.46      2.00     4   5.2583
#         352       0.00398      9.12      2.00     4   5.2647
#         353       0.02352      7.97      1.00     4   5.2647
#         354       0.02342      7.28      1.00     4   5.2647
#         355       0.00812     11.09      2.00     4   5.2700
#         356       0.00570      7.91      2.00     4   5.2729
#         359       0.01047      7.09      2.00     4   5.2759
#         360       0.00906     18.52      2.00     5   5.2792
#         361       0.01343     18.42      2.00     5   5.2804
#         362       0.00816      9.92      2.00     4   5.2854
#         363       0.00407     50.38      2.00     6   5.2864
#         364       0.00427     23.56      2.00     5   5.2871
#         365       0.02239      8.14      2.00     5   5.2893
#         366       0.02975     11.78      2.00     5   5.2903
#         367       0.00946      8.51      2.00     5   5.2900
#         369       0.00555      6.45      2.00     4   5.2978
#         370       0.00439     22.67      2.00     5   5.2990
#         372       0.01010      9.04      2.00     5   5.3008
#         373       0.01078     13.29      2.00     5   5.3015
#         376       0.00800     27.70      2.00     5   5.3057
#         377       0.02729      9.17      2.00     5   5.3103
#         378       0.00940      5.64      2.00     3   5.3111
#         381       0.00953      5.56      2.00     5   5.3133
#         382       0.00443     41.13      2.00     6   5.3131
#         383       0.01076      5.87      2.00     4   5.3167
#         384       0.01128     10.52      2.00     5   5.3200
#         385       0.00849      5.10      2.00     5   5.3207
#         387       0.00443     39.49      2.00     6   5.3224
#         388       0.00615     13.92      2.00     5   5.3260
#         390       0.00480     26.12      2.00     4   5.3265
#         391       0.00925      8.86      2.00     3   5.3281
#         392       0.00416      5.14      2.00     3   5.3298
#         394       0.00868     24.62      2.00     5   5.3297
#         395       0.00884     14.07      2.00     4   5.3314
#         397       0.00821     16.66      2.00     5   5.3335
#         398       0.00457      5.32      2.00     4   5.3354
#         399       0.00446     39.42      2.00     6   5.3352
#         400       0.00396      9.81      2.00     4   5.3385
#         401       0.01058     14.17      2.00     5   5.3381
#         402       0.00859     12.20      2.00     4   5.3391
#         403       0.00495     18.81      2.00     5   5.3391
#         404       0.00871     20.38      2.00     5   5.3424
#         405       0.00498     34.66      2.00     6   5.3423
#         407       0.01533      5.93      2.00     5   5.3468
#         408       0.00864      9.27      2.00     6   5.3484
#         409       0.00850      8.62      2.00     6   5.3484
#         410       0.01291     16.17      2.00     5   5.3491
#         411       0.01119      5.52      2.00     3   5.3514
#         412       0.01250      6.64      2.00     4   5.3537
#         413       0.00801     24.30      1.00     6   5.3538
#         414       0.00896      9.78      1.00     4   5.3561
#         415       0.00822     13.68      2.00     5   5.3575
#         416       0.01240      4.72      2.00     5   5.3589
#         417       0.00422     43.80      2.00     6   5.3592
#         418       0.00883     32.79      2.00     5   5.3594
#         419       0.01035      7.55      2.00     4   5.3624
#         420       0.00882     28.55      1.00     6   5.3627
#         421       0.01194     11.23      2.00     5   5.3630
#         422       0.01036      5.56      2.00     4   5.3708
#         423       0.00569      6.49      2.00     4   5.3737
#         424       0.01336      4.53      2.00     5   5.3772
#         425       0.01218     13.43      2.00     6   5.3779
#         426       0.00867     40.46      2.00     6   5.3778
#         427       0.00939     12.21      2.00     4   5.3794
#         428       0.00934     20.14      2.00     5   5.3827
#         429       0.00835      5.32      2.00     5   5.3841
#         430       0.01095     21.61      2.00     6   5.3852
#         433       0.00511      5.66      2.00     4   5.3972
#         434       0.00485     43.62      2.00     5   5.3986
#         435       0.00838      5.02      2.00     5   5.3982
#         436       0.02329      8.63      1.00     6   5.3992
#         438       0.00849      7.19      2.00     6   5.4005
#         439       0.00877     18.00      1.00     6   5.4018
#         443       0.00712      6.92      2.00     4   5.4093
#         444       0.01091      6.55      2.00     4   5.4099
#         445       0.01019      5.39      2.00     4   5.4095
#         446       0.00872     14.25      2.00     5   5.4135
#         447       0.00834      4.03      2.00     6   5.4138
#         448       0.01512      5.50      2.00     7   5.4134
#         449       0.00943      5.65      2.00     5   5.4169
#         450       0.00773      5.21      2.00     5   5.4169
#         451       0.01411     13.72      2.00     7   5.4200
#         452       0.01608     26.36      2.00     6   5.4220
#         453       0.00882      7.20      2.00     6   5.4231
#         454       0.00871      9.12      2.00     6   5.4231
#         455       0.01066     10.66      2.00     5   5.4236
#         456       0.00449     35.38      2.00     6   5.4240
#         457       0.00866      5.04      2.00     6   5.4253
#         458       0.02263     27.05      2.00     6   5.4261
#         459       0.01121      7.00      2.00     5   5.4288
#         460       0.01143      6.69      2.00     5   5.4288
#         461       0.00665     11.73      2.00     4   5.4313
#         463       0.00538     39.83      2.00     5   5.4346
#         465       0.01730     27.68      2.00     6   5.4371
#         468       0.01053      7.34      2.00     4   5.4394
#         469       0.00845      8.42      2.00     6   5.4390
#         470       0.00338      8.53      2.00     4   5.4414
#         471       0.00994      8.09      2.00     5   5.4413
#         472       0.01944     20.82      2.00     6   5.4432
#         473       0.00438      7.17      2.00     4   5.4460
#         474       0.00954      4.93      2.00     5   5.4481
#         476       0.00686     12.77      2.00     4   5.4496
#         477       0.01229     12.19      2.00     6   5.4493
#         478       0.00915      4.69      1.00     4   5.4505
#         479       0.01013     10.65      2.00     5   5.4504
#         482       0.00876     23.67      2.00     6   5.4616
#         484       0.01564      6.78      2.00     7   5.4654
#         485       0.00529      5.69      2.00     4   5.4674
#         486       0.00901     17.10      2.00     5   5.4674
#         487       0.01496     10.71      2.00     7   5.4678
#         489       0.01374      6.42      2.00     4   5.4710
#         490       0.00901     30.08      2.00     6   5.4707
#         491       0.00417      7.55      2.00     4   5.4715
#         493       0.01003      8.95      2.00     4   5.4741
#         494       0.00973      4.56      2.00     5   5.4737
#         496       0.01497      9.20      2.00     7   5.4742
#         497       0.00891     16.90      2.00     5   5.4764
#         502       0.00662     11.86      2.00     5   5.4793
#         503       0.00473     15.06      2.00     5   5.4801
#         504       0.00688     11.89      2.00     5   5.4818
#         506       0.01100     16.61      2.00     6   5.4826
#         507       0.00599      7.65      2.00     5   5.4849
#         508       0.00907     13.19      2.00     5   5.4850
#         509       0.00528     31.18      2.00     6   5.4850
#         510       0.00873     21.45      2.00     6   5.4856
#         511       0.00891     29.95      2.00     6   5.4856
#         512       0.00920      7.30      2.00     6   5.4878
#         513       0.00884     11.17      2.00     6   5.4878
#         514       0.00865     21.67      2.00     5   5.4885
#         515       0.01189     11.10      2.00     5   5.4906
#         516       0.00991     10.43      2.00     6   5.4939
#         517       0.00516      6.26      2.00     5   5.4946
#         518       0.00953     14.21      2.00     6   5.4946
#         519       0.00999      9.64      2.00     6   5.4946
#         520       0.00932      5.08      2.00     6   5.4957
#         521       0.00990     12.15      2.00     6   5.4966
#         522       0.00969      7.11      2.00     6   5.4961
#         523       0.00955      4.34      2.00     6   5.4969
#         524       0.00721     18.51      2.00     5   5.4977
#         525       0.01119     11.78      2.00     6   5.4992
#         526       0.00953      4.38      2.00     5   5.5013
#         527       0.02411      5.43      2.00     5   5.5009
#         528       0.00992      7.23      2.00     5   5.5017
#         531       0.01069      9.45      2.00     6   5.5014
#         532       0.00731     21.78      2.00     5   5.5020
#         533       0.00952      8.57      2.00     6   5.5046
#         534       0.00876     13.77      2.00     6   5.5050
#         535       0.00809     38.08      2.00     6   5.5053
#         536       0.01051      9.22      2.00     5   5.5063
#         537       0.00934      5.67      2.00     5   5.5063
#         538       0.00945     10.51      2.00     5   5.5063
#         539       0.01291      4.14      2.00     6   5.5098
#         540       0.00999      8.01      2.00     6   5.5098
#         541       0.00972     10.38      2.00     6   5.5098
#         543       0.00923      6.22      2.00     5   5.5114
#         544       0.00489     13.22      2.00     5   5.5155
#         545       0.01094      4.42      2.00     4   5.5158
#         546       0.01032      5.02      2.00     6   5.5197
#         547       0.00939     12.38      2.00     6   5.5197
#         548       0.00959     12.98      2.00     6   5.5202
#         550       0.01611      5.53      2.00     4   5.5213
#         551       0.01627      5.92      2.00     4   5.5213
#         552       0.00950      4.27      2.00     4   5.5214
#         553       0.00665     22.78      2.00     5   5.5217
#         554       0.00633      8.18      2.00     5   5.5234
#         555       0.00559      4.90      2.00     4   5.5241
#         556       0.00648     14.73      2.00     5   5.5245
#         557       0.01008     13.38      2.00     5   5.5253
#         560       0.01018     12.23      2.00     6   5.5308
#         561       0.01018      5.22      2.00     5   5.5314
#         563       0.00988      9.12      2.00     6   5.5318
#         564       0.00825     39.65      2.00     6   5.5362
#         565       0.00629      4.04      2.00     5   5.5374
#         566       0.00558      8.79      2.00     5   5.5382
#         567       0.00873      5.11      2.00     5   5.5385
#         569       0.00868      5.43      2.00     5   5.5402
#         570       0.00758      8.01      2.00     6   5.5424
#         571       0.00772      5.74      2.00     4   5.5462
#         572       0.00962      5.99      2.00     5   5.5473
#         573       0.01020      5.92      2.00     6   5.5470
#         574       0.00893     10.70      2.00     6   5.5470
#         576       0.00873      4.75      2.00     5   5.5487
#         577       0.00825      5.89      2.00     5   5.5495
#         578       0.01109      9.67      2.00     6   5.5506
#         579       0.00486     11.37      2.00     5   5.5512
#         580       0.01072      8.34      2.00     5   5.5516
#         581       0.00802      8.14      2.00     5   5.5516
#         582       0.00851      7.99      2.00     6   5.5526
#         583       0.00806     10.85      2.00     6   5.5528
#         584       0.00940      6.61      2.00     6   5.5534
#         586       0.01007      5.53      2.00     5   5.5592
#         587       0.01597     10.46      2.00     5   5.5589
#         588       0.01565     10.37      2.00     5   5.5589
#         590       0.00872      6.68      2.00     6   5.5618
#         591       0.00971     10.39      2.00     6   5.5614
#         592       0.01067      4.18      2.00     4   5.5621
#         593       0.00905     18.31      2.00     5   5.5620
#         594       0.00922      6.18      2.00     6   5.5622
#         595       0.01225      9.56      2.00     5   5.5639
#         596       0.00851     22.63      2.00     6   5.5640
#         597       0.00486     63.44      2.00     7   5.5656
#         598       0.00643      5.67      2.00     4   5.5668
#         599       0.00915      5.01      2.00     6   5.5668
#         600       0.00933      4.76      2.00     6   5.5679
#         602       0.00608     10.74      2.00     5   5.5683
#         603       0.01222      6.20      1.00     6   5.5694
#         604       0.00710     13.05      2.00     5   5.5696
#         605       0.00948     12.32      2.00     6   5.5706
#         606       0.00958      8.04      2.00     6   5.5706
#         607       0.00573     61.83      2.00     7   5.5729
#         608       0.00610      5.12      2.00     4   5.5733
#         609       0.00888     28.18      2.00     6   5.5730
#         610       0.01211      8.11      1.00     6   5.5786
#         611       0.02964      4.70      2.00     6   5.5806
#         612       0.01111     13.94      2.00     6   5.5837
#         613       0.00826     70.64      2.00     7   5.5843
#         617       0.02671     10.73      2.00     6   5.5888
#         618       0.00880     46.43      2.00     6   5.5900
#         619       0.00946      5.22      2.00     6   5.5905
#         620       0.00459      7.34      1.00     2   5.5914
#         621       0.00747      6.79      2.00     3   5.5914
#         622       0.00880     85.04      2.00     7   5.5933
#         623       0.00459     19.20      2.00     3   5.5940
#         624       0.00461     13.25      1.00     4   5.5967
#         626       0.00802      7.84      2.00     6   5.5994
#         627       0.01082      9.95      2.00     6   5.5991
#         629       0.00508     13.65      1.00     4   5.6021
#         632       0.01050     10.02      2.00     6   5.6072
#         633       0.00834     63.08      2.00     7   5.6083
#         635       0.01787      6.81      2.00     6   5.6094
#         636       0.00937     10.60      2.00     6   5.6116
#         638       0.00944      9.94      2.00     6   5.6131
#         639       0.00550      6.22      1.00     4   5.6134
#         640       0.00907     20.75      2.00     6   5.6133
#         641       0.00955     29.04      2.00     6   5.6133
#         642       0.01022      8.70      2.00     6   5.6170
#         644       0.00692     12.39      1.00     4   5.6183
#         645       0.01041      9.51      2.00     6   5.6187
#         648       0.00596      8.52      2.00     5   5.6205
#         649       0.00457      4.99      2.00     5   5.6219
#         650       0.00759     12.97      2.00     4   5.6236
#         653       0.01358     22.11      2.00     5   5.6269
#         654       0.00543     15.43      2.00     5   5.6298
#         655       0.00887     34.09      2.00     7   5.6295
#         656       0.00936     32.01      2.00     7   5.6295
#         657       0.01311      6.83      2.00     5   5.6304
#         658       0.01061      5.55      2.00     5   5.6303
#         660       0.00545      5.24      2.00     5   5.6305
#         661       0.00755     29.41      2.00     7   5.6304
#         662       0.00869     13.69      2.00     7   5.6304
#         663       0.01119     27.34      2.00     7   5.6318
#         664       0.00939      9.97      2.00     6   5.6326
#         665       0.00973      6.12      2.00     6   5.6326
#         666       0.00953      6.27      2.00     6   5.6354
#         667       0.00794     10.08      2.00     6   5.6352
#         668       0.00876     30.97      2.00     7   5.6349
#         669       0.01021     27.42      2.00     7   5.6349
#         670       0.01475      8.95      2.00     6   5.6366
#         671       0.01123     12.28      2.00     6   5.6366
#         672       0.01143     14.41      2.00     6   5.6366
#         673       0.01228     19.87      2.00     6   5.6375
#         674       0.01350      6.07      2.00     6   5.6387
#         675       0.00789     41.21      2.00     7   5.6408
#         676       0.00524      4.08      2.00     5   5.6414
#         677       0.00641      4.39      2.00     6   5.6419
#         680       0.00545      4.22      2.00     5   5.6445
#         681       0.01399      7.45      2.00     6   5.6441
#         682       0.01603      7.47      2.00     6   5.6454
#         683       0.01193      9.90      2.00     7   5.6454
#         684       0.00880     22.35      2.00     7   5.6454
#         685       0.00687     12.07      2.00     4   5.6469
#         686       0.00935      6.99      2.00     6   5.6472
#         687       0.00969     23.20      2.00     6   5.6469
#         688       0.00970     14.93      2.00     6   5.6472
#         689       0.01011     15.62      2.00     6   5.6477
#         690       0.00769     13.00      1.00     6   5.6480
#         691       0.01457      5.43      2.00     6   5.6498
#         692       0.00702     12.97      1.00     6   5.6519
#         693       0.00742     34.62      2.00     6   5.6530
#         694       0.01241      9.03      2.00     5   5.6552
#         695       0.00895     21.11      2.00     5   5.6561
#         696       0.01018     13.88      2.00     7   5.6558
#         697       0.01092     35.32      2.00     7   5.6558
#         699       0.00875      7.31      2.00     5   5.6569
#         700       0.00630     21.79      1.00     6   5.6575
#         701       0.00646     61.14      2.00     5   5.6593
#         702       0.00499     16.02      2.00     5   5.6613
#         703       0.00681     19.13      2.00     5   5.6610
#         705       0.01219     12.47      2.00     6   5.6635
#         706       0.00333     18.46      2.00     3   5.6645
#         707       0.00557     13.63      2.00     5   5.6641
#         708       0.01092     11.81      2.00     7   5.6644
#         709       0.01063     27.23      2.00     7   5.6644
#         710       0.00603      9.45      2.00     5   5.6664
#         711       0.00534     35.09      2.00     5   5.6664
#         712       0.00332     26.06      2.00     4   5.6672
#         714       0.01225      4.07      2.00     4   5.6722
#         715       0.00993     13.81      2.00     6   5.6722
#         716       0.01033      5.47      2.00     6   5.6731
#         717       0.00962     13.11      2.00     6   5.6731
#         718       0.00395      5.95      2.00     5   5.6763
#         721       0.00757     15.96      2.00     5   5.6801
#         722       0.01097     16.88      2.00     6   5.6802
#         723       0.00561     14.11      2.00     5   5.6819
#         724       0.00903      5.90      2.00     6   5.6819
#         725       0.00847      9.14      2.00     6   5.6846
#         726       0.00924     11.87      2.00     6   5.6844
#         727       0.00626     20.37      2.00     6   5.6870
#         728       0.01047      8.10      2.00     7   5.6870
#         729       0.00859     13.41      2.00     7   5.6870
#         730       0.00658      9.73      2.00     4   5.6883
#         732       0.01231     54.05      2.00     5   5.6904
#         733       0.00929     35.55      2.00     7   5.6921
#         734       0.01096      4.12      2.00     4   5.6933
#         735       0.01705      5.30      2.00     6   5.6934
#         736       0.01289      6.23      2.00     6   5.6932
#         737       0.01099     15.44      2.00     6   5.6933
#         738       0.01045      8.87      2.00     6   5.6934
#         739       0.01028     10.88      2.00     6   5.6934
#         740       0.00844     33.97      2.00     7   5.6943
#         741       0.00588     32.04      2.00     5   5.6953
#         742       0.00956      7.49      2.00     6   5.6954
#         743       0.00960      5.10      2.00     6   5.6954
#         744       0.01333     13.37      2.00     6   5.6955
#         745       0.00970      5.30      2.00     6   5.6970
#         746       0.00629      4.10      2.00     6   5.6982
#         748       0.01038     17.92      2.00     7   5.7004
#         749       0.00676     22.32      1.00     6   5.7009
#         750       0.00974     45.44      2.00     7   5.7012
#         751       0.02247      6.32      2.00     6   5.7022
#         752       0.00980      4.59      2.00     6   5.7035
#         753       0.00869     26.07      2.00     7   5.7035
#         754       0.00855     15.28      2.00     7   5.7035
#         755       0.00931     34.22      2.00     6   5.7042
#         756       0.00367      4.57      2.00     4   5.7077
#         757       0.01110      4.09      2.00     4   5.7082
#         758       0.00928     39.87      2.00     6   5.7096
#         759       0.00585     15.96      1.00     6   5.7100
#         760       0.00890     14.41      2.00     6   5.7096
#         761       0.01100     28.56      2.00     5   5.7115
#         762       0.00546      6.07      2.00     5   5.7122
#         763       0.00561     24.45      2.00     6   5.7122
#         764       0.00592     12.96      2.00     5   5.7141
#         765       0.00691      7.27      1.00     6   5.7141
#         766       0.00530     26.50      1.00     6   5.7145
#         767       0.01081     52.44      2.00     6   5.7148
#         768       0.01205      7.95      2.00     5   5.7155
#         769       0.01199      7.21      2.00     5   5.7155
#         770       0.00549     12.09      2.00     6   5.7155
#         771       0.00607      6.68      2.00     6   5.7155
#         772       0.00663     75.31      1.00     6   5.7165
#         773       0.00541     24.99      2.00     6   5.7167
#         774       0.01294     17.03      2.00     7   5.7163
#         775       0.01314     10.32      2.00     7   5.7163
#         776       0.00874     11.41      2.00     5   5.7168
#         777       0.01090     15.29      2.00     5   5.7178
#         778       0.00917      6.51      2.00     5   5.7185
#         779       0.00594     20.75      2.00     6   5.7185
#         780       0.00397     10.00      1.00     4   5.7193
#         781       0.00608     19.36      2.00     6   5.7200
#         782       0.02185      4.15      2.00     3   5.7207
#         783       0.00306     25.84      2.00     4   5.7217
#         784       0.00387     35.47      2.00     5   5.7226
#         785       0.00541     26.26      2.00     6   5.7230
#         786       0.00311     39.01      2.00     5   5.7244
#         787       0.01448     32.88      2.00     7   5.7246
#         788       0.01467     26.29      2.00     7   5.7246
#         790       0.00725     40.62      2.00     6   5.7259
#         791       0.00387     32.49      1.00     6   5.7259
#         792       0.00780     17.48      2.00     6   5.7259
#         793       0.00984     14.95      2.00     7   5.7261
#         794       0.01119     16.42      2.00     7   5.7266
#         795       0.00933     26.48      2.00     6   5.7282
#         796       0.01509     43.65      2.00     6   5.7282
#         797       0.00733     25.69      2.00     6   5.7282
#         798       0.00829      5.09      2.00     4   5.7300
#         799       0.00534     13.62      2.00     5   5.7305
#         800       0.00895      4.89      2.00     5   5.7310
#         801       0.00571      5.10      2.00     5   5.7315
#         802       0.00373      9.56      1.00     6   5.7335
#         804       0.00917     21.42      2.00     7   5.7351
#         805       0.01142     26.82      2.00     7   5.7356
#         806       0.00905     59.27      2.00     7   5.7359
#         807       0.00916     17.63      2.00     6   5.7362
#         808       0.00468     16.06      1.00     4   5.7377
#         809       0.00553     80.73      2.00     6   5.7385
#         811       0.00654     35.08      2.00     6   5.7390
#         812       0.00843      7.81      2.00     5   5.7410
#         813       0.00929      4.36      2.00     5   5.7410
#         814       0.00388      8.77      2.00     6   5.7409
#         815       0.00834     34.02      1.00     6   5.7419
#         816       0.00938      4.17      2.00     6   5.7417
#         817       0.00826      4.54      2.00     4   5.7432
#         818       0.00956     25.78      2.00     6   5.7446
#         819       0.00430     10.83      2.00     3   5.7454
#         820       0.00506     11.03      2.00     6   5.7459
#         821       0.00511      9.32      2.00     6   5.7459
#         822       0.00838      8.06      2.00     5   5.7465
#         823       0.00423     15.14      2.00     4   5.7481
#         825       0.01140      5.62      2.00     5   5.7508
#         826       0.01067      7.65      2.00     5   5.7515
#         827       0.01083      7.87      2.00     5   5.7515
#         828       0.00801     40.63      2.00     6   5.7522
#         829       0.00598     75.74      2.00     6   5.7524
#         830       0.00514     10.80      1.00     4   5.7533
#         831       0.01034     29.44      2.00     6   5.7544
#         832       0.01500      4.76      2.00     6   5.7559
#         833       0.00390     22.49      2.00     4   5.7577
#         834       0.00860     12.44      2.00     5   5.7580
#         836       0.00380     33.64      2.00     5   5.7603
#         837       0.00465      4.11      2.00     5   5.7615
#         838       0.00944      4.46      2.00     5   5.7613
#         839       0.00869     22.88      2.00     6   5.7613
#         840       0.01110     24.58      1.00     6   5.7616
#         841       0.01006     25.09      2.00     6   5.7622
#         842       0.01260     65.18      1.00     6   5.7625
#         845       0.00518     34.68      2.00     5   5.7674
#         846       0.01008      9.57      2.00     5   5.7681
#         847       0.00879     22.17      2.00     7   5.7682
#         848       0.01008     20.00      2.00     7   5.7682
#         849       0.00325     12.81      2.00     5   5.7693
#         850       0.00749     17.95      2.00     5   5.7695
#         851       0.00448      9.76      2.00     6   5.7694
#         852       0.02053      4.69      2.00     3   5.7705
#         853       0.00571     17.24      2.00     5   5.7718
#         854       0.01009     18.08      2.00     6   5.7714
#         855       0.01373     23.36      2.00     7   5.7724
#         856       0.00840     34.16      2.00     7   5.7724
#         857       0.01179     17.88      2.00     7   5.7743
#         858       0.01076     20.77      2.00     7   5.7743
#         859       0.00830     20.49      2.00     6   5.7750
#         860       0.00793     20.36      2.00     6   5.7750
#         861       0.01091     33.39      2.00     6   5.7750
#         862       0.00538      5.39      2.00     5   5.7766
#         863       0.00882      7.26      2.00     5   5.7770
#         864       0.01207     21.64      2.00     7   5.7770
#         865       0.01166     22.67      2.00     7   5.7770
#         867       0.00455     10.35      2.00     6   5.7796
#         869       0.00841      7.43      2.00     5   5.7812
#         870       0.01288     21.10      2.00     7   5.7811
#         871       0.01317     21.02      2.00     7   5.7811
#         872       0.00513     28.90      1.00     6   5.7815
#         873       0.01171     23.00      2.00     7   5.7834
#         874       0.01294     16.23      2.00     7   5.7834
#         875       0.01168     18.53      2.00     7   5.7834
#         876       0.01213     41.26      2.00     7   5.7834
#         877       0.00816     25.24      2.00     6   5.7839
#         879       0.00558     15.93      2.00     6   5.7862
#         881       0.01652      6.66      2.00     5   5.7877
#         882       0.01654      7.09      2.00     5   5.7877
#         883       0.01230     22.64      2.00     5   5.7885
#         884       0.02529      8.25      2.00     6   5.7885
#         885       0.00582     20.30      1.00     6   5.7884
#         886       0.00810      4.62      2.00     4   5.7905
#         887       0.00535      9.10      2.00     6   5.7907
#         888       0.00844     26.94      2.00     6   5.7907
#         890       0.01223      9.36      2.00     6   5.7943
#         891       0.00490     46.14      2.00     5   5.7949
#         893       0.00933      7.24      2.00     5   5.7973
#         894       0.00594      4.26      2.00     4   5.7988
#         896       0.00713      5.10      1.00     6   5.7999
#         897       0.00842      6.12      2.00     5   5.8009
#         898       0.00554      7.21      2.00     5   5.8029
#         899       0.01228     39.34      2.00     6   5.8026
#         901       0.00535      6.79      1.00     6   5.8036
#         902       0.19345      4.42      2.00     7   5.8036
#         903       0.04012      4.40      2.00     7   5.8036
#         904       0.00717      4.45      2.00     6   5.8042
#         905       0.01158     17.54      2.00     7   5.8051
#         906       0.01112     37.28      2.00     7   5.8051
#         907       0.00884      4.74      2.00     5   5.8079
#         908       0.00856      4.10      2.00     6   5.8088
#         909       0.01116     21.08      2.00     6   5.8110
#         910       0.01365     20.26      2.00     7   5.8139
#         911       0.01023     16.55      2.00     7   5.8148
#         912       0.01253     12.53      2.00     7   5.8173
#         913       0.00479     17.54      2.00     4   5.8186
#         914       0.01036      9.91      2.00     7   5.8183
#         916       0.00571      6.64      2.00     5   5.8239
#         917       0.01765     13.76      2.00     7   5.8263
#         918       0.00876     25.10      2.00     7   5.8263
#         919       0.01538     14.37      2.00     6   5.8276
#         920       0.01086     19.11      2.00     7   5.8289
#         921       0.00919     17.41      2.00     7   5.8289
#         922       0.01075     16.24      2.00     7   5.8296
#         923       0.00459      6.45      1.00     2   5.8305
#         924       0.00477     45.27      2.00     5   5.8308
#         925       0.01697     21.08      2.00     7   5.8351
#         926       0.01720     15.10      2.00     7   5.8351
#         930       0.01630      8.20      2.00     7   5.8399
#         931       0.01654      6.46      2.00     7   5.8399
#         935       0.00884     29.76      2.00     6   5.8471
#         936       0.00587      5.10      2.00     6   5.8479
#         937       0.00849     33.75      2.00     6   5.8487
#         938       0.00657     15.67      2.00     6   5.8487
#         939       0.01175     14.97      2.00     6   5.8487
#         941       0.00566     11.03      2.00     6   5.8510
#         942       0.00837      8.02      2.00     5   5.8514
#         943       0.00618     30.68      2.00     6   5.8516
#         944       0.00506      6.79      2.00     6   5.8518
#         945       0.00733     18.38      2.00     6   5.8516
#         946       0.00802     16.39      2.00     6   5.8516
#         947       0.00543     33.23      1.00     6   5.8520
#         949       0.00775     14.26      2.00     5   5.8542
#         951       0.01660     12.91      2.00     7   5.8542
#         953       0.00592      4.13      2.00     6   5.8546
#         955       0.00561     11.45      2.00     6   5.8555
#         957       0.01506      5.70      2.00     6   5.8562
#         958       0.01093      5.58      2.00     5   5.8564
#         959       0.00633      6.70      2.00     4   5.8577
#         960       0.01081     28.49      2.00     6   5.8574
#         961       0.01681     44.09      2.00     6   5.8574
#         962       0.00995     27.05      2.00     6   5.8574
#         963       0.00562     20.73      2.00     6   5.8581
#         964       0.00872      6.77      2.00     5   5.8590
#         965       0.00423     19.69      2.00     3   5.8597
#         966       0.01803      4.49      2.00     6   5.8602
#         968       0.00951      4.32      2.00     5   5.8606
#         969       0.02110     12.68      2.00     6   5.8607
#         971       0.00984      4.43      1.00     6   5.8607
#         973       0.00476     14.77      2.00     3   5.8608
#         975       0.01057     11.06      2.00     6   5.8626
#         976       0.00408     14.26      2.00     3   5.8632
#         977       0.02422      8.19      2.00     6   5.8639
#         978       0.01068     24.58      2.00     6   5.8647
#         979       0.01318     37.14      2.00     5   5.8652
#         981       0.00421     70.34      2.00     6   5.8685
#         983       0.00881     11.08      2.00     6   5.8692
#         985       0.00565     29.28      2.00     4   5.8738
#         986       0.02007      4.73      2.00     6   5.8738
#         987       0.00547     11.14      2.00     6   5.8741
#         988       0.00576      7.45      2.00     6   5.8741
#         989       0.00861      4.83      2.00     6   5.8745
#         990       0.01503      4.80      2.00     6   5.8754
#         991       0.00563     23.01      2.00     6   5.8750
#         992       0.00482     25.59      2.00     5   5.8758
#         993       0.01244     41.65      2.00     5   5.8783
#         995       0.00889      4.89      2.00     5   5.8792
#         996       0.00473     13.66      2.00     4   5.8805
#         998       0.00576     10.78      2.00     6   5.8809
#         999       0.00548      5.33      2.00     6   5.8809
#        1000       0.00617     21.87      2.00     6   5.8810
#        1001       0.00549     20.91      2.00     5   5.8832
#        1004       0.00881      5.03      2.00     5   5.8847
#        1005       0.00745      4.12      2.00     4   5.8849
#        1006       0.01580     35.02      2.00     6   5.8865
#        1007       0.00535     69.98      2.00     6   5.8880
#        1008       0.00476     17.71      1.00     4   5.8890
#        1009       0.00802      5.25      2.00     5   5.8891
#        1010       0.00454     23.45      2.00     4   5.8901
#        1011       0.01288     16.29      2.00     7   5.8916
#        1012       0.02058     14.12      2.00     7   5.8916
#        1013       0.00497      9.40      1.00     4   5.8912
#        1014       0.00939      5.13      2.00     3   5.8926
#        1015       0.00473     24.00      2.00     4   5.8925
#        1016       0.00681      4.74      2.00     5   5.8928
#        1017       0.00551     70.82      2.00     6   5.8923
#        1019       0.00425     16.64      2.00     4   5.8935
#        1021       0.03233      7.18      2.00     6   5.8943
#        1023       0.00548      8.61      1.00     4   5.8959
#        1024       0.00779      6.45      2.00     5   5.8959
#        1026       0.00948     65.59      2.00     6   5.8969
#        1027       0.00435      5.62      1.00     4   5.8995
#        1028       0.00826     12.76      2.00     5   5.8994
#        1029       0.00879     14.73      2.00     6   5.8995
#        1030       0.01168      7.84      2.00     4   5.9000
#        1031       0.00589     19.81      2.00     6   5.9015
#        1032       0.00511      5.53      2.00     6   5.9032
#        1033       0.00465     57.56      2.00     5   5.9031
#        1035       0.01120     20.21      2.00     6   5.9036
#        1037       0.00433     36.10      2.00     5   5.9042
#        1038       0.00691     15.23      2.00     6   5.9039
#        1039       0.00392      4.06      2.00     5   5.9051
#        1041       0.00562      4.24      2.00     6   5.9059
#        1042       0.00474     38.85      2.00     5   5.9065
#        1043       0.00361      6.17      2.00     6   5.9069
#        1045       0.00971     18.79      2.00     6   5.9081
#        1046       0.00796      4.16      2.00     5   5.9087
#        1047       0.00392      5.78      2.00     6   5.9084
#        1048       0.01540      5.33      2.00     6   5.9107
#        1050       0.00504     26.91      2.00     5   5.9117
#        1051       0.00812     13.68      2.00     6   5.9118
#        1052       0.01239      5.51      2.00     4   5.9129
#        1053       0.00853      9.91      2.00     5   5.9129
#        1054       0.00881     23.57      2.00     6   5.9135
#        1055       0.01258     36.17      2.00     6   5.9135
#        1056       0.00933     22.62      2.00     6   5.9135
#        1057       0.00429      6.76      2.00     5   5.9142
#        1058       0.00583      7.59      2.00     6   5.9140
#        1059       0.00864     18.23      2.00     6   5.9162
#        1060       0.00576      8.18      2.00     6   5.9170
#        1061       0.00463     49.68      1.00     6   5.9172
#        1063       0.02570     21.46      2.00     7   5.9211
#        1065       0.00818     24.33      2.00     6   5.9227
#        1067       0.00489     36.66      1.00     6   5.9240
#        1068       0.00850     12.52      2.00     6   5.9235
#        1069       0.00525      5.38      2.00     5   5.9264
#        1070       0.00887      4.41      2.00     5   5.9289
#        1074       0.01062     77.07      2.00     7   5.9323
#        1075       0.00860     41.75      2.00     7   5.9323
#        1076       0.01797     57.55      2.00     7   5.9346
#        1077       0.01750     58.42      2.00     7   5.9346
#        1078       0.00916     77.17      2.00     7   5.9350
#        1079       0.00664      5.58      2.00     5   5.9362
#        1080       0.00584     12.61      2.00     6   5.9380
#        1082       0.01106     76.33      2.00     7   5.9395
#        1083       0.00761     58.95      2.00     7   5.9395
#        1084       0.01059     13.86      2.00     7   5.9402
#        1087       0.01808     39.33      2.00     6   5.9421
#        1088       0.00923     14.66      2.00     6   5.9425
#        1089       0.01033     28.42      2.00     7   5.9427
#        1090       0.00876      7.29      2.00     6   5.9430
#        1091       0.02087     11.52      2.00     7   5.9437
#        1092       0.00835     10.84      2.00     6   5.9446
#        1093       0.00958    103.60      2.00     7   5.9449
#        1094       0.00970      6.06      2.00     6   5.9454
#        1095       0.01825     75.51      2.00     7   5.9454
#        1096       0.01819     76.19      2.00     7   5.9454
#        1097       0.00356      4.02      2.00     3   5.9457
#        1099       0.01138     61.17      2.00     6   5.9458
#        1100       0.00625     29.60      2.00     7   5.9460
#        1101       0.01005      6.41      2.00     6   5.9470
#        1102       0.01110    112.90      2.00     7   5.9483
#        1103       0.00927      4.62      2.00     5   5.9489
#        1105       0.00706     21.35      2.00     7   5.9506
#        1106       0.00928      8.29      2.00     6   5.9522
#        1107       0.00623     25.01      2.00     7   5.9524
#        1109       0.01058     58.78      2.00     6   5.9531
#        1110       0.00402     23.01      2.00     5   5.9537
#        1111       0.00965      9.00      2.00     6   5.9538
#        1112       0.00715     11.06      2.00     5   5.9546
#        1113       0.00655      5.19      2.00     5   5.9552
#        1114       0.00401      9.94      2.00     5   5.9558
#        1115       0.00991      7.63      2.00     6   5.9558
#        1116       0.01058    113.20      2.00     7   5.9564
#        1117       0.01278      9.21      2.00     7   5.9571
#        1118       0.03248      7.30      2.00     6   5.9582
#        1119       0.01004     41.33      2.00     7   5.9586
#        1120       0.01494     86.66      2.00     7   5.9586
#        1121       0.01478      8.06      2.00     7   5.9588
#        1123       0.00850      8.42      2.00     6   5.9613
#        1125       0.01032      4.81      2.00     6   5.9617
#        1126       0.00646     27.88      2.00     7   5.9621
#        1127       0.00841      7.10      2.00     5   5.9628
#        1129       0.00446     10.89      2.00     6   5.9628
#        1130       0.00463      4.99      2.00     4   5.9647
#        1131       0.00937      9.62      2.00     4   5.9647
#        1132       0.01091      4.29      2.00     6   5.9663
#        1134       0.00870      5.91      2.00     6   5.9670
#        1135       0.01120     13.34      2.00     5   5.9678
#        1136       0.00883     14.34      2.00     6   5.9685
#        1137       0.01296     24.69      2.00     6   5.9684
#        1138       0.00631     44.64      2.00     7   5.9690
#        1139       0.00661     26.43      2.00     7   5.9692
#        1140       0.00965    164.00      2.00     7   5.9690
#        1142       0.01294      6.80      2.00     6   5.9708
#        1144       0.00997     14.53      2.00     5   5.9721
#        1147       0.01012     27.55      2.00     7   5.9735
#        1150       0.01400      5.63      2.00     5   5.9745
#        1153       0.00848     11.07      2.00     6   5.9771
#        1155       0.00853     11.49      2.00     5   5.9799
#        1158       0.00855     20.69      2.00     6   5.9832
#        1159       0.00805      9.01      2.00     6   5.9830
#        1160       0.00937      7.08      1.00     6   5.9832
#        1161       0.01550      8.75      2.00     7   5.9829
#        1162       0.00574     21.17      2.00     4   5.9847
#        1163       0.01505      4.12      2.00     6   5.9862
#        1164       0.00637     20.31      2.00     7   5.9861
#        1165       0.00873      4.06      2.00     5   5.9874
#        1166       0.01712      4.09      2.00     6   5.9877
#        1168       0.00869     35.05      1.00     6   5.9890
#        1169       0.00971     71.78      2.00     7   5.9904
#        1170       0.00888     45.12      2.00     7   5.9904
#        1171       0.01140     54.78      2.00     7   5.9916
#        1172       0.01284     18.86      2.00     7   5.9916
#        1173       0.00735     33.35      2.00     7   5.9919
#        1175       0.00844     19.64      2.00     7   5.9926
#        1176       0.01082     32.87      2.00     7   5.9926
#        1177       0.00869     19.97      2.00     6   5.9931
#        1178       0.00424     11.90      2.00     6   5.9931
#        1179       0.01299      4.29      2.00     6   5.9941
#        1181       0.00870     11.60      2.00     6   5.9964
#        1182       0.01231     59.77      2.00     7   5.9961
#        1183       0.00427     19.70      2.00     7   5.9964
#        1184       0.01010     25.71      2.00     7   5.9961
#        1185       0.01351      7.42      2.00     6   5.9976
#        1186       0.00891      8.12      2.00     6   5.9976
#        1187       0.00794     18.05      2.00     7   5.9971
#        1188       0.00897     30.36      2.00     7   5.9971
#        1189       0.00895      5.55      2.00     6   5.9987
#        1190       0.01117     29.32      2.00     6   6.0001
#        1191       0.00935      5.18      2.00     4   6.0007
#        1193       0.00864      4.60      2.00     5   6.0017
#        1194       0.00954      7.52      2.00     6   6.0016
#        1195       0.00896     10.91      2.00     7   6.0020
#        1196       0.01002     21.73      2.00     7   6.0020
#        1197       0.00445     15.39      2.00     4   6.0025
#        1199       0.00868      6.93      2.00     5   6.0031
#        1200       0.01295     44.80      1.00     6   6.0032
#        1201       0.01128    156.20      2.00     7   6.0030
#        1202       0.01546     14.02      2.00     7   6.0041
#        1203       0.02457     12.36      2.00     7   6.0041
#        1204       0.00830     10.24      2.00     5   6.0050
#        1205       0.08015     35.25      2.00     7   6.0050
#        1206       0.00804     22.58      2.00     7   6.0050
#        1207       0.00846      7.18      2.00     5   6.0058
#        1208       0.01177     59.89      2.00     7   6.0063
#        1209       0.01111     19.28      2.00     7   6.0063
#        1210       0.01370     10.18      2.00     7   6.0063
#        1213       0.00937      6.93      2.00     6   6.0073
#        1214       0.01317      8.31      2.00     5   6.0080
#        1217       0.00391     27.72      2.00     5   6.0082
#        1218       0.00817      7.31      2.00     5   6.0091
#        1219       0.00546     23.76      2.00     7   6.0101
#        1220       0.01406     38.66      1.00     6   6.0111
#        1221       0.00652     39.19      2.00     6   6.0109
#        1222       0.00396     46.54      2.00     6   6.0109
#        1223       0.00901      6.07      2.00     6   6.0113
#        1224       0.00936      5.98      2.00     6   6.0113
#        1226       0.00516     40.15      2.00     5   6.0140
#        1227       0.00357     28.71      2.00     5   6.0150
#        1230       0.00726     36.80      2.00     7   6.0167
#        1231       0.00503     26.95      2.00     5   6.0174
#        1232       0.00617      9.63      1.00     6   6.0178
#        1233       0.01068      6.60      2.00     6   6.0178
#        1234       0.01093      6.59      2.00     6   6.0178
#        1235       0.00838     19.55      2.00     6   6.0191
#        1236       0.00828     11.96      2.00     6   6.0200
#        1237       0.01002     57.12      2.00     6   6.0199
#        1238       0.01787     12.30      2.00     7   6.0200
#        1239       0.00418     25.27      2.00     7   6.0200
#        1240       0.00890     11.98      2.00     6   6.0209
#        1241       0.01022      4.34      1.00     4   6.0221
#        1242       0.00642     23.39      2.00     7   6.0225
#        1243       0.00703      9.07      2.00     6   6.0242
#        1244       0.01123     25.32      2.00     6   6.0244
#        1246       0.01128     31.47      2.00     7   6.0256
#        1247       0.01419     62.64      2.00     7   6.0256
#        1248       0.00874     10.06      2.00     6   6.0264
#        1249       0.01215      8.36      2.00     6   6.0265
#        1250       0.00585     68.91      2.00     6   6.0281
#        1251       0.03340     18.50      2.00     7   6.0303
#        1252       0.00426     27.94      2.00     5   6.0318
#        1253       0.02107     12.07      2.00     6   6.0317
#        1254       0.00523     20.89      2.00     5   6.0328
#        1255       0.00930     10.27      2.00     6   6.0330
#        1256       0.00816      4.92      2.00     5   6.0336
#        1259       0.00758     12.11      2.00     6   6.0345
#        1260       0.01027    100.10      2.00     7   6.0340
#        1261       0.00960      6.39      2.00     4   6.0350
#        1262       0.00489     13.56      2.00     5   6.0346
#        1263       0.00434     19.25      2.00     5   6.0352
#        1264       0.01509      4.39      2.00     4   6.0369
#        1266       0.00847     18.93      2.00     6   6.0370
#        1267       0.01486      5.82      2.00     7   6.0379
#        1268       0.01502      5.85      2.00     7   6.0379
#        1270       0.00894     11.08      2.00     7   6.0394
#        1271       0.01239     82.36      2.00     7   6.0390
#        1272       0.02107      5.98      2.00     7   6.0401
#        1273       0.01995      7.71      2.00     7   6.0401
#        1274       0.00856     36.37      2.00     7   6.0403
#        1275       0.00871     10.43      2.00     6   6.0406
#        1276       0.01406     30.79      2.00     6   6.0411
#        1277       0.00870     36.62      2.00     7   6.0412
#        1279       0.01455      7.82      2.00     6   6.0433
#        1280       0.00673     26.03      2.00     7   6.0432
#        1281       0.01560      6.83      2.00     5   6.0442
#        1282       0.00929     19.16      2.00     6   6.0445
#        1283       0.00790     25.83      1.00     6   6.0455
#        1284       0.00391     46.76      2.00     6   6.0458
#        1287       0.02118      5.07      2.00     5   6.0470
#        1288       0.00853     11.69      2.00     6   6.0469
#        1289       0.00454     33.52      2.00     6   6.0468
#        1292       0.00929     35.11      2.00     7   6.0478
#        1293       0.01314     65.26      2.00     7   6.0481
#        1294       0.00886     18.62      2.00     7   6.0486
#        1295       0.00870      8.23      2.00     6   6.0504
#        1297       0.00369      7.13      1.00     6   6.0510
#        1298       0.00847     18.08      2.00     6   6.0531
#        1299       0.01071      4.09      2.00     7   6.0532
#        1301       0.00900     14.32      2.00     6   6.0539
#        1302       0.00899     13.97      2.00     7   6.0536
#        1304       0.01408     55.43      2.00     7   6.0552
#        1305       0.01388     56.17      2.00     7   6.0552
#        1306       0.00915     12.38      2.00     6   6.0560
#        1307       0.00500     14.46      2.00     7   6.0559
#        1308       0.00826     11.58      2.00     6   6.0588
#        1309       0.00723      4.55      2.00     6   6.0601
#        1310       0.00827     10.69      2.00     6   6.0603
#        1311       0.00918      4.98      2.00     6   6.0617
#        1312       0.01301     35.43      2.00     7   6.0615
#        1313       0.01259     36.28      2.00     7   6.0615
#        1315       0.00602      7.70      2.00     5   6.0630
#        1316       0.01030      7.82      2.00     6   6.0636
#        1317       0.00870     54.31      2.00     7   6.0644
#        1318       0.00915     30.10      2.00     7   6.0652
#        1319       0.00890      9.49      2.00     6   6.0669
#        1320       0.01444      5.16      2.00     7   6.0666
#        1321       0.01656      6.89      2.00     6   6.0677
#        1322       0.00839     36.08      2.00     7   6.0672
#        1326       0.00825      4.94      2.00     5   6.0702
#        1327       0.00838      6.62      2.00     5   6.0699
#        1328       0.00992      6.25      2.00     6   6.0702
#        1329       0.01024      4.86      2.00     6   6.0709
#        1331       0.00910     49.34      2.00     7   6.0711
#        1332       0.00920      5.66      2.00     6   6.0723
#        1333       0.01195     11.72      2.00     7   6.0729
#        1334       0.00905     20.23      2.00     6   6.0730
#        1337       0.00905     37.08      2.00     7   6.0763
#        1338       0.01015     15.20      2.00     6   6.0771
#        1339       0.02039    156.70      2.00     7   6.0770
#        1340       0.00563      6.03      2.00     4   6.0781
#        1341       0.00812     10.79      2.00     6   6.0779
#        1343       0.01803      7.83      2.00     6   6.0787
#        1344       0.00818      8.52      2.00     6   6.0794
#        1345       0.00947     19.85      2.00     7   6.0810
#        1346       0.00566     10.37      2.00     5   6.0814
#        1347       0.00520     57.83      2.00     6   6.0814
#        1348       0.00677     29.97      2.00     7   6.0814
#        1349       0.00883      4.18      2.00     6   6.0854
#        1350       0.00589      7.65      2.00     4   6.0869
#        1351       0.01448      4.57      2.00     5   6.0864
#        1353       0.01164     33.79      2.00     7   6.0880
#        1354       0.01879     78.17      2.00     7   6.0880
#        1355       0.00958     22.75      2.00     7   6.0887
#        1356       0.00943     24.54      2.00     7   6.0895
#        1357       0.00878      9.68      2.00     6   6.0896
#        1359       0.00595     13.95      2.00     5   6.0902
#        1360       0.00879     10.87      2.00     6   6.0911
#        1361       0.01048     29.67      2.00     7   6.0912
#        1364       0.00992      7.31      2.00     6   6.0920
#        1366       0.01105     16.84      2.00     5   6.0942
#        1367       0.00968      5.59      2.00     6   6.0948
#        1368       0.00993     14.98      2.00     7   6.0953
#        1370       0.00981     12.31      2.00     6   6.0963
#        1371       0.00725      4.38      2.00     6   6.0969
#        1372       0.01123    126.80      2.00     7   6.0991
#        1373       0.01035      4.45      2.00     6   6.1005
#        1376       0.00566      7.40      2.00     4   6.1015
#        1379       0.01282     11.31      2.00     6   6.1027
#        1381       0.00968     13.72      2.00     5   6.1071
#        1382       0.00610     25.18      2.00     7   6.1080
#        1385       0.01628      4.53      2.00     5   6.1109
#        1386       0.00619     14.57      2.00     6   6.1111
#        1387       0.00882     11.83      2.00     7   6.1127
#        1388       0.00634     13.55      2.00     6   6.1134
#        1389       0.00556      6.23      2.00     4   6.1137
#        1390       0.00637     10.45      2.00     5   6.1146
#        1391       0.00899      6.89      2.00     6   6.1151
#        1392       0.00578     14.41      2.00     5   6.1156
#        1395       0.00638     19.20      2.00     6   6.1179
#        1399       0.01187      6.53      2.00     6   6.1205
#        1400       0.01082      6.76      2.00     6   6.1205
#        1402       0.00400     11.40      2.00     6   6.1244
#        1405       0.01035     13.88      2.00     6   6.1258
#        1406       0.00527     33.56      2.00     5   6.1263
#        1409       0.00847     17.14      2.00     6   6.1271
#        1410       0.00895      7.61      2.00     7   6.1271
#        1411       0.00557     10.50      2.00     5   6.1278
#        1413       0.01033     53.37      2.00     7   6.1291
#        1414       0.01197     11.96      2.00     7   6.1291
#        1417       0.00980     10.03      2.00     5   6.1301
#        1418       0.00818     11.68      2.00     6   6.1300
#        1419       0.00972     21.46      2.00     7   6.1299
#        1420       0.01293      4.33      2.00     5   6.1318
#        1421       0.01137     53.04      2.00     7   6.1336
#        1422       0.01062     11.48      2.00     7   6.1336
#        1424       0.01719     11.51      2.00     7   6.1367
#        1425       0.01816     10.67      2.00     7   6.1367
#        1427       0.01566      4.46      2.00     6   6.1383
#        1428       0.00554      7.86      2.00     6   6.1386
#        1429       0.00607     23.47      1.00     6   6.1389
#        1430       0.00403     24.15      2.00     7   6.1390
#        1431       0.00557     95.11      2.00     7   6.1386
#        1435       0.00964      6.80      2.00     5   6.1431
#        1437       0.00782     14.05      2.00     5   6.1441
#        1438       0.00599      4.86      2.00     6   6.1440
#        1439       0.00784     20.93      2.00     7   6.1446
#        1440       0.01036    126.70      2.00     7   6.1449
#        1443       0.01580      4.68      2.00     5   6.1469
#        1444       0.00869     26.43      2.00     7   6.1468
#        1445       0.00606      9.16      2.00     5   6.1474
#        1446       0.00880      6.32      2.00     6   6.1474
#        1447       0.00777     27.87      2.00     6   6.1474
#        1448       0.00864     17.26      2.00     7   6.1483
#        1449       0.01915      5.19      2.00     7   6.1489
#        1450       0.02412      6.71      2.00     7   6.1489
#        1452       0.02184      7.27      2.00     6   6.1487
#        1453       0.00958     18.52      2.00     7   6.1490
#        1454       0.00574     11.45      2.00     5   6.1496
#        1455       0.01459      5.03      2.00     7   6.1516
#        1456       0.00506     71.55      2.00     6   6.1556
#        1457       0.01027     19.59      2.00     7   6.1557
#        1458       0.00589     38.96      2.00     6   6.1567
#        1459       0.00663     48.37      2.00     6   6.1567
#        1460       0.00865      7.73      2.00     6   6.1577
#        1461       0.00515     46.90      2.00     6   6.1591
#        1462       0.00901      6.38      2.00     6   6.1594
#        1464       0.00869      5.01      1.00     6   6.1598
#        1465       0.00634     26.36      2.00     7   6.1594
#        1466       0.00586     13.26      2.00     5   6.1618
#        1467       0.00747      6.53      2.00     6   6.1617
#        1468       0.00610     16.95      2.00     6   6.1614
#        1470       0.00544     32.72      2.00     6   6.1623
#        1471       0.00495      7.50      2.00     6   6.1622
#        1473       0.00582     22.69      2.00     6   6.1637
#        1474       0.00423     15.33      2.00     6   6.1643
#        1475       0.00979      7.74      2.00     5   6.1663
#        1476       0.01092     18.61      1.00     6   6.1663
#        1477       0.01036     26.01      2.00     7   6.1660
#        1478       0.01507     59.45      2.00     7   6.1660
#        1479       0.00565     26.32      2.00     7   6.1675
#        1480       0.00631     10.47      2.00     6   6.1687
#        1482       0.00607      9.62      1.00     6   6.1697
#        1483       0.00505    129.70      2.00     7   6.1697
#        1485       0.01231      8.55      2.00     7   6.1706
#        1486       0.00631     12.54      2.00     5   6.1713
#        1488       0.00903     10.90      2.00     7   6.1734
#        1489       0.01208     12.73      2.00     5   6.1736
#        1490       0.00356      4.37      2.00     5   6.1743
#        1491       0.00633     22.39      2.00     6   6.1746
#        1492       0.00536     12.47      1.00     6   6.1745
#        1493       0.00531     96.49      2.00     7   6.1745
#        1494       0.00802      4.29      2.00     6   6.1752
#        1495       0.00903     18.09      2.00     7   6.1750
#        1496       0.00577     22.70      2.00     6   6.1759
#        1497       0.00435      4.46      2.00     5   6.1767
#        1499       0.01637      8.05      2.00     6   6.1784
#        1500       0.00861     24.09      2.00     7   6.1780
#        1501       0.02019      4.34      2.00     4   6.1796
#        1502       0.01240      5.49      2.00     5   6.1793
#        1503       0.00625     10.47      2.00     5   6.1800
#        1504       0.01631      5.53      2.00     5   6.1824
#        1505       0.00869      4.98      2.00     6   6.1824
#        1506       0.00909     12.43      2.00     7   6.1822
#        1508       0.00888     12.77      2.00     7   6.1828
#        1509       0.00697     23.78      2.00     7   6.1830
#        1510       0.00628     19.69      2.00     6   6.1833
#        1512       0.00893     20.42      2.00     7   6.1842
#        1513       0.01981      6.16      2.00     5   6.1848
#        1514       0.00788      4.82      2.00     5   6.1853
#        1516       0.00988      7.84      2.00     7   6.1862
#        1517       0.00436      4.85      2.00     5   6.1863
#        1519       0.01579     97.08      2.00     7   6.1872
#        1520       0.01244     27.32      2.00     6   6.1877
#        1521       0.01639      4.58      2.00     6   6.1877
#        1522       0.01506      5.14      2.00     7   6.1887
#        1523       0.00892     31.94      2.00     7   6.1901
#        1525       0.01020     23.79      2.00     7   6.1904
#        1526       0.01417      8.23      2.00     7   6.1910
#        1527       0.01333      9.85      2.00     6   6.1916
#        1528       0.00924      5.26      2.00     7   6.1918
#        1530       0.01517      4.05      2.00     6   6.1945
#        1531       0.00884     12.99      2.00     7   6.1955
#        1532       0.01442     25.14      2.00     7   6.1962
#        1533       0.01816      7.45      2.00     6   6.1976
#        1534       0.01532      7.57      2.00     7   6.1978
#        1535       0.00942      7.77      2.00     6   6.1994
#        1536       0.00550      7.59      2.00     6   6.1999
#        1537       0.01392     10.33      2.00     7   6.2015
#        1538       0.00835     19.08      2.00     7   6.2021
#        1539       0.00892     19.35      2.00     6   6.2022
#        1540       0.00824      4.99      2.00     6   6.2022
#        1541       0.00825      5.19      2.00     6   6.2022
#        1542       0.01066     14.99      2.00     6   6.2025
#        1544       0.00943     14.66      2.00     7   6.2027
#        1548       0.00935     14.85      2.00     6   6.2075
#        1553       0.00891      5.84      2.00     6   6.2118
#        1555       0.01490      4.05      2.00     7   6.2127
#        1557       0.00741     31.61      2.00     7   6.2137
#        1559       0.00544      4.11      2.00     5   6.2158
#        1561       0.01355      8.47      2.00     6   6.2172
#        1564       0.01167      5.37      2.00     6   6.2194
#        1565       0.01203     25.00      2.00     7   6.2189
#        1566       0.00878      9.53      2.00     7   6.2195
#        1567       0.00894     10.43      2.00     7   6.2211
#        1569       0.01530      4.39      1.00     6   6.2219
#        1570       0.00825      4.55      2.00     6   6.2227
#        1573       0.01316      8.00      2.00     5   6.2240
#        1574       0.01079      8.54      2.00     6   6.2251
#        1577       0.01590      9.07      2.00     6   6.2305
#        1578       0.01788      8.87      2.00     7   6.2326
#        1579       0.02715      8.29      2.00     7   6.2326
#        1581       0.00624     10.04      2.00     6   6.2354
#        1587       0.01008      5.86      1.00     6   6.2382
#        1591       0.02012      9.02      2.00     5   6.2386
#        1592       0.00977     15.53      2.00     6   6.2384
#        1593       0.01365     10.76      2.00     7   6.2385
#        1594       0.01578     16.31      2.00     7   6.2397
#        1596       0.01677      6.36      1.00     6   6.2421
#        1602       0.01218      7.46      2.00     7   6.2483
#        1605       0.00630      7.02      2.00     6   6.2498
#        1606       0.01072     14.39      2.00     7   6.2528
#        1607       0.01438     10.43      2.00     7   6.2528
#        1608       0.01709      8.24      2.00     6   6.2545
#        1609       0.00464      4.02      2.00     4   6.2554
#        1610       0.01362      9.87      2.00     6   6.2552
#        1612       0.00472      4.06      2.00     4   6.2560
#        1613       0.00919     14.92      2.00     7   6.2568
#        1616       0.01162      5.68      2.00     7   6.2587
#        1617       0.00479      6.18      2.00     5   6.2587
#        1618       0.01023      4.08      2.00     6   6.2589
#        1619       0.00607      4.52      2.00     5   6.2594
#        1620       0.01018      4.28      2.00     6   6.2593
#        1621       0.00941     10.43      2.00     7   6.2592
#        1622       0.01078     43.03      2.00     7   6.2597
#        1623       0.01298      8.66      2.00     6   6.2611
#        1624       0.00868      7.62      2.00     7   6.2612
#        1625       0.01067      4.40      2.00     6   6.2626
#        1626       0.00981     16.08      2.00     7   6.2636
#        1627       0.01688     15.19      2.00     7   6.2637
#        1628       0.01382      4.25      2.00     5   6.2649
#        1629       0.03879      4.44      2.00     7   6.2651
#        1632       0.01068      7.36      2.00     5   6.2670
#        1633       0.00423     12.84      2.00     6   6.2670
#        1634       0.01398      7.20      2.00     6   6.2676
#        1638       0.01237      7.16      2.00     6   6.2699
#        1641       0.00379      5.38      2.00     5   6.2718
#        1642       0.01389     13.08      2.00     6   6.2714
#        1643       0.00847     14.52      2.00     7   6.2716
#        1645       0.00453      4.28      2.00     3   6.2728
#        1649       0.01025      8.90      2.00     6   6.2744
#        1650       0.00907      4.47      2.00     6   6.2744
#        1651       0.00934      4.57      2.00     6   6.2744
#        1652       0.01068     12.24      2.00     6   6.2744
#        1657       0.02452      4.38      2.00     5   6.2765
#        1659       0.00934      9.99      2.00     7   6.2767
#        1661       0.00465      4.13      2.00     4   6.2808
#        1663       0.00577     93.89      2.00     7   6.2806
#        1665       0.00557      7.26      2.00     6   6.2812
#        1666       0.01509      4.18      2.00     7   6.2815
#        1667       0.01118     23.30      2.00     7   6.2823
#        1668       0.01060     13.80      2.00     7   6.2823
#        1669       0.01031     27.39      2.00     7   6.2835
#        1670       0.01993      4.28      2.00     7   6.2843
#        1671       0.01020      4.75      2.00     5   6.2841
#        1672       0.01588      4.29      2.00     6   6.2842
#        1673       0.01782      5.83      2.00     7   6.2843
#        1674       0.00912     20.45      2.00     7   6.2843
#        1676       0.01312      4.02      2.00     7   6.2853
#        1677       0.01524      5.40      2.00     5   6.2863
#        1678       0.00909     10.49      2.00     7   6.2858
#        1679       0.01827     21.72      2.00     6   6.2867
#        1680       0.01103      4.03      2.00     6   6.2880
#        1682       0.01521      4.22      2.00     6   6.2897
#        1683       0.01907      4.87      2.00     5   6.2904
#        1684       0.00769      7.31      2.00     6   6.2900
#        1685       0.01636     21.99      2.00     7   6.2902
#        1686       0.02434      4.51      2.00     5   6.2914
#        1687       0.01377      4.16      2.00     7   6.2926
#        1689       0.00227      5.04      1.00     2   6.2944
#        1690       0.00941      7.38      2.00     6   6.2956
#        1691       0.01268     16.22      2.00     7   6.2957
#        1694       0.00498     49.56      2.00     7   6.2974
#        1695       0.00862     67.38      2.00     7   6.2984
#        1696       0.00528      4.34      2.00     6   6.2986
#        1697       0.01139      7.92      2.00     6   6.2986
#        1699       0.02138      5.02      2.00     7   6.2989
#        1700       0.00863      8.79      2.00     7   6.2994
#        1703       0.01759      6.75      2.00     6   6.3012
#        1704       0.00505      9.01      2.00     4   6.3020
#        1705       0.00437      5.01      2.00     4   6.3031
#        1706       0.00941      5.22      2.00     7   6.3027
#        1708       0.00761      6.36      2.00     7   6.3033
#        1709       0.02030     12.99      2.00     7   6.3045
#        1710       0.01401     21.12      2.00     7   6.3048
#        1711       0.00495      6.16      2.00     4   6.3055
#        1713       0.00489      9.09      2.00     4   6.3066
#        1714       0.00929     12.01      2.00     7   6.3065
#        1715       0.01230     13.73      2.00     7   6.3069
#        1716       0.00484      4.42      2.00     6   6.3069
#        1717       0.01402     13.05      2.00     7   6.3069
#        1718       0.03176     12.66      2.00     7   6.3092
#        1719       0.01172     14.30      2.00     7   6.3092
#        1720       0.00426      6.31      2.00     4   6.3094
#        1722       0.01892      7.35      2.00     6   6.3099
#        1725       0.00659      7.32      2.00     6   6.3107
#        1726       0.00844      7.82      2.00     7   6.3107
#        1728       0.00409      9.86      2.00     5   6.3121
#        1729       0.00682     14.44      2.00     6   6.3120
#        1730       0.01132      4.79      2.00     5   6.3127
#        1731       0.01824      5.53      2.00     5   6.3126
#        1732       0.02104      7.86      2.00     6   6.3125
#        1733       0.02154     14.41      2.00     7   6.3124
#        1735       0.01760     19.89      2.00     7   6.3142
#        1737       0.01038      8.81      2.00     6   6.3148
#        1741       0.00886      7.62      2.00     7   6.3157
#        1742       0.01113      9.37      2.00     7   6.3157
#        1744       0.01415      9.36      2.00     7   6.3157
#        1745       0.00530     15.59      2.00     5   6.3161
#        1746       0.01794      9.76      2.00     6   6.3159
#        1748       0.01689     19.45      2.00     6   6.3172
#        1750       0.01415      4.09      2.00     6   6.3177
#        1751       0.01627     13.08      2.00     7   6.3180
#        1752       0.01636     11.92      2.00     7   6.3182
#        1754       0.00861      7.72      2.00     7   6.3191
#        1756       0.00958      9.11      2.00     7   6.3199
#        1757       0.01006     17.83      2.00     7   6.3195
#        1758       0.00590     13.69      2.00     6   6.3208
#        1760       0.00601      4.97      2.00     6   6.3212
#        1764       0.01273      7.91      1.00     6   6.3222
#        1769       0.01152     26.25      2.00     7   6.3229
#        1770       0.01239      8.54      2.00     6   6.3236
#        1772       0.00918     19.66      2.00     7   6.3236
#        1774       0.00583      4.86      2.00     6   6.3253
#        1775       0.00425      6.02      2.00     4   6.3259
#        1779       0.02006      4.24      1.00     6   6.3264
#        1782       0.01794     15.62      2.00     7   6.3269
#        1783       0.01269      5.83      2.00     7   6.3269
#        1784       0.00374      4.14      2.00     4   6.3275
#        1785       0.00424      9.35      2.00     5   6.3291
#        1786       0.01040      9.02      2.00     7   6.3310
#        1788       0.00875      4.13      2.00     7   6.3329
#        1792       0.01344     23.40      2.00     7   6.3332
#        1793       0.01145     15.84      2.00     7   6.3332
#        1794       0.01908      9.89      2.00     7   6.3335
#        1797       0.01661      6.35      2.00     7   6.3336
#        1799       0.02472      4.49      1.00     6   6.3347
#        1800       0.02501      4.19      1.00     6   6.3348
#        1801       0.00490     19.84      2.00     5   6.3359
#        1802       0.00544     11.60      2.00     5   6.3370
#        1803       0.00999      4.87      2.00     5   6.3374
#        1804       0.01336      4.97      2.00     6   6.3383
#        1805       0.01170     11.20      2.00     6   6.3381
#        1808       0.00515     13.25      2.00     5   6.3393
#        1809       0.00522      4.80      2.00     6   6.3397
#        1811       0.01838      7.00      1.00     6   6.3406
#        1813       0.01521      5.01      2.00     7   6.3404
#        1814       0.01052      5.63      2.00     6   6.3413
#        1815       0.01208     11.16      2.00     7   6.3420
#        1819       0.00763     30.34      2.00     7   6.3440
#        1820       0.01399     37.11      2.00     7   6.3435
#        1821       0.01811     25.60      2.00     7   6.3439
#        1823       0.01812     15.86      2.00     7   6.3447
#        1824       0.00982      9.71      2.00     7   6.3453
#        1825       0.01685      4.58      2.00     6   6.3459
#        1827       0.00988     12.86      2.00     6   6.3463
#        1828       0.00380      8.12      2.00     4   6.3473
#        1830       0.01384      5.30      2.00     6   6.3469
#        1832       0.00998     12.00      2.00     7   6.3468
#        1833       0.01316      9.22      2.00     7   6.3475
#        1834       0.00444      4.05      2.00     4   6.3483
#        1835       0.00707     20.89      2.00     7   6.3485
#        1836       0.00508     35.91      2.00     6   6.3500
#        1837       0.00906      5.11      2.00     4   6.3507
#        1839       0.00372      5.62      2.00     4   6.3513
#        1840       0.02254      7.60      2.00     7   6.3520
#        1842       0.00921     21.38      2.00     7   6.3550
#        1847       0.00932      4.47      2.00     7   6.3580
#        1848       0.00400     13.57      2.00     5   6.3613
#        1850       0.00567      4.24      2.00     5   6.3636
#        1851       0.01410      8.75      2.00     6   6.3639
#        1852       0.01449     18.70      2.00     7   6.3649
#        1854       0.00507      5.03      2.00     4   6.3661
#        1857       0.01368     15.71      2.00     7   6.3672
#        1858       0.00720      7.36      2.00     6   6.3683
#        1859       0.00501      9.09      2.00     5   6.3688
#        1860       0.00627     16.00      2.00     6   6.3692
#        1861       0.00684     11.96      2.00     7   6.3692
#        1862       0.00789      6.11      2.00     5   6.3703
#        1863       0.01714     10.56      2.00     7   6.3701
#        1866       0.01040      7.49      2.00     7   6.3711
#        1867       0.01120      6.96      2.00     7   6.3717
#        1868       0.01312      5.07      2.00     4   6.3719
#        1869       0.01215      4.59      2.00     5   6.3744
#        1871       0.00368      5.30      2.00     4   6.3768
#        1872       0.00776      5.69      2.00     6   6.3768
#        1873       0.01003      7.69      2.00     6   6.3772
#        1875       0.00756     33.21      2.00     7   6.3780
#        1880       0.00543     16.81      2.00     6   6.3798
#        1881       0.01156     17.50      2.00     6   6.3801
#        1882       0.00635     14.42      2.00     6   6.3803
#        1886       0.01150      6.70      2.00     7   6.3809
#        1887       0.04017     12.70      2.00     7   6.3811
#        1889       0.01016      8.84      2.00     6   6.3817
#        1892       0.00529     13.64      2.00     5   6.3826
#        1893       0.00423      8.01      2.00     5   6.3830
#        1894       0.00850      6.09      2.00     6   6.3831
#        1896       0.01140      7.70      2.00     6   6.3836
#        1897       0.01145     29.23      2.00     7   6.3838
#        1899       0.01157      7.84      2.00     7   6.3846
#        1900       0.01061      6.68      2.00     7   6.3843
#        1901       0.00369      7.73      2.00     5   6.3847
#        1902       0.00425     12.30      2.00     6   6.3863
#        1904       0.00567      5.81      2.00     5   6.3876
#        1906       0.00470      6.59      2.00     4   6.3901
#        1908       0.00234      8.62      2.00     3   6.3916
#        1909       0.01487      4.59      2.00     5   6.3919
#        1910       0.00616     24.54      2.00     7   6.3924
#        1913       0.00637     19.21      2.00     7   6.3931
#        1914       0.03060     16.36      2.00     7   6.3937
#        1915       0.01162     37.74      2.00     7   6.3942
#        1916       0.01277     35.23      2.00     7   6.3941
#        1917       0.00547     10.42      2.00     7   6.3949
#        1918       0.01192     18.80      2.00     7   6.3953
#        1920       0.00349     11.14      2.00     5   6.3954
#        1921       0.00498      6.05      2.00     5   6.3964
#        1922       0.01223      6.62      2.00     5   6.3961
#        1925       0.01025     14.57      2.00     6   6.3965
#        1929       0.00403     16.80      2.00     5   6.3974
#        1931       0.01629      6.18      2.00     6   6.3974
#        1932       0.01607      4.83      2.00     6   6.3974
#        1934       0.01379     11.72      2.00     7   6.3980
#        1937       0.01253      7.17      2.00     5   6.3988
#        1938       0.00948      5.26      2.00     6   6.3988
#        1940       0.00388     15.12      2.00     6   6.4002
#        1941       0.00402     26.57      2.00     6   6.4000
#        1942       0.00926     22.60      2.00     7   6.3999
#        1943       0.01332      7.35      2.00     5   6.4003
#        1944       0.02020      6.81      2.00     7   6.4012
#        1945       0.00442      5.75      2.00     5   6.4013
#        1946       0.00896      7.64      2.00     6   6.4013
#        1949       0.00772      5.31      2.00     6   6.4025
#        1951       0.00391     30.15      2.00     7   6.4035
#        1953       0.01889     10.67      2.00     7   6.4036
#        1955       0.01461     34.75      2.00     7   6.4052
#        1956       0.00580     11.56      2.00     6   6.4063
#        1957       0.00583     22.04      2.00     7   6.4063
#        1960       0.00549      8.16      2.00     5   6.4085
#        1961       0.00983     19.53      2.00     6   6.4094
#        1962       0.00963     10.15      2.00     6   6.4094
#        1963       0.00762      7.26      2.00     6   6.4092
#        1964       0.00609     13.67      2.00     7   6.4091
#        1965       0.00352      5.44      2.00     5   6.4101
#        1967       0.01573      5.96      2.00     7   6.4124
#        1971       0.01546      4.30      2.00     5   6.4139
#        1972       0.00580     19.39      2.00     7   6.4139
#        1973       0.13997     16.44      2.00     7   6.4139
#        1974       0.00408      6.41      2.00     5   6.4144
#        1976       0.00412     17.40      2.00     5   6.4194
#        1977       0.00469      9.10      2.00     5   6.4190
#        1978       0.01112      4.45      2.00     6   6.4190
#        1979       0.00401      4.56      2.00     5   6.4207
#        1980       0.00415      6.73      2.00     5   6.4204
#        1981       0.01467      7.55      2.00     6   6.4207
#        1982       0.00470     16.03      2.00     6   6.4223
#        1983       0.00430     10.71      2.00     5   6.4228
#        1985       0.00885     18.23      2.00     6   6.4231
#        1986       0.01350      5.37      2.00     6   6.4239
#        1987       0.01005      6.03      2.00     6   6.4241
#        1988       0.01378      6.50      2.00     7   6.4258
#        1989       0.00883     38.71      2.00     7   6.4264
#        1990       0.00490      9.95      2.00     5   6.4270
#        1991       0.01549      8.02      2.00     6   6.4280
#        1992       0.00541     28.09      2.00     7   6.4279
#        1993       0.00643     34.38      2.00     7   6.4284
#        1994       0.00422     13.38      2.00     5   6.4310
#        1995       0.00854     16.20      2.00     6   6.4306
#        1998       0.01082     14.87      2.00     7   6.4312
#        1999       0.00421     14.95      2.00     5   6.4317
#        2001       0.01166      4.84      2.00     5   6.4321
#        2004       0.00440     31.28      2.00     6   6.4334
#        2005       0.01633      5.01      2.00     6   6.4334
#        2006       0.01033      9.75      2.00     6   6.4341
#        2007       0.00853     32.82      2.00     7   6.4339
#        2008       0.00427     23.96      2.00     6   6.4343
#        2009       0.01356      8.43      2.00     7   6.4348
#        2010       0.01305      5.64      2.00     5   6.4363
#        2012       0.01344     18.89      2.00     6   6.4378
#        2014       0.00857     17.49      2.00     7   6.4389
#        2015       0.00625      5.55      2.00     3   6.4395
#        2016       0.00593     11.96      2.00     5   6.4393
#        2017       0.01540     16.57      2.00     7   6.4396
#        2018       0.00633     25.01      2.00     7   6.4394
#        2019       0.00590      9.76      2.00     6   6.4401
#        2020       0.00547     22.90      2.00     6   6.4398
#        2023       0.00562     13.07      2.00     6   6.4403
#        2024       0.01215     30.11      2.00     7   6.4402
#        2025       0.00863     18.60      2.00     7   6.4419
#        2027       0.00594     19.30      2.00     7   6.4434
#        2028       0.01017      5.76      2.00     5   6.4439
#        2029       0.01024      5.70      2.00     5   6.4439
#        2030       0.00514      6.69      2.00     5   6.4448
#        2031       0.00503      9.18      2.00     5   6.4444
#        2033       0.01285      7.61      2.00     7   6.4471
#        2036       0.01132      4.23      2.00     6   6.4493
#        2038       0.01297     28.11      2.00     7   6.4495
#        2039       0.00889      5.48      2.00     7   6.4509
#        2040       0.00937      9.93      2.00     6   6.4519
#        2041       0.01389     39.08      2.00     7   6.4519
#        2042       0.01367     13.87      2.00     7   6.4519
#        2043       0.02242      5.04      2.00     7   6.4517
#        2044       0.00647     10.72      2.00     7   6.4524
#        2045       0.00556     23.99      2.00     7   6.4544
#        2046       0.01421      7.20      2.00     6   6.4551
#        2048       0.02801      7.68      2.00     7   6.4555
#        2050       0.00841      4.34      2.00     6   6.4568
#        2051       0.00354      4.07      2.00     5   6.4577
#        2052       0.01344      6.58      1.00     6   6.4575
#        2054       0.01477      6.74      2.00     6   6.4586
#        2055       0.01541      5.77      2.00     7   6.4594
#        2057       0.01398      5.49      2.00     5   6.4607
#        2059       0.00547     26.57      2.00     6   6.4609
#        2060       0.01599     14.28      2.00     7   6.4609
#        2061       0.01397      4.41      2.00     4   6.4624
#        2062       0.01683      6.01      2.00     6   6.4619
#        2063       0.01596      5.41      2.00     6   6.4619
#        2064       0.00628     23.32      2.00     7   6.4624
#        2065       0.00633      7.83      2.00     5   6.4635
#        2066       0.00607     15.14      2.00     6   6.4643
#        2067       0.01116      7.52      2.00     7   6.4655
#        2068       0.00859      4.27      2.00     7   6.4663
#        2071       0.01080      8.51      2.00     6   6.4670
#        2072       0.00603     12.46      2.00     7   6.4670
#        2074       0.00797      4.55      2.00     7   6.4686
#        2075       0.01259      4.61      2.00     7   6.4686
#        2076       0.00814      4.56      2.00     7   6.4686
#        2077       0.01008     30.64      2.00     7   6.4686
#        2078       0.01245      4.57      2.00     7   6.4686
#        2079       0.01004      9.66      2.00     7   6.4694
#        2082       0.01295     10.74      2.00     7   6.4695
#        2083       0.00530     36.47      2.00     6   6.4705
#        2084       0.00979      4.69      2.00     5   6.4714
#        2085       0.00983      4.66      2.00     5   6.4714
#        2086       0.00430     12.57      2.00     5   6.4718
#        2087       0.00343      8.35      2.00     5   6.4722
#        2089       0.00683      7.51      2.00     6   6.4728
#        2090       0.00405      4.17      2.00     4   6.4729
#        2093       0.00910     16.02      2.00     7   6.4748
#        2095       0.01317      9.04      2.00     7   6.4751
#        2096       0.00621     21.91      2.00     6   6.4757
#        2097       0.01306      4.47      2.00     4   6.4764
#        2098       0.01452      5.82      2.00     6   6.4777
#        2099       0.00591     15.18      2.00     6   6.4786
#        2100       0.00632     27.51      2.00     7   6.4784
#        2102       0.01132      4.68      2.00     6   6.4793
#        2103       0.00889      7.75      2.00     6   6.4789
#        2104       0.00939      4.34      2.00     5   6.4798
#        2105       0.00947      4.30      2.00     5   6.4798
#        2106       0.00924      5.56      2.00     6   6.4797
#        2107       0.00508      5.68      1.00     4   6.4800
#        2108       0.01183      5.57      2.00     5   6.4802
#        2109       0.01417      5.77      2.00     5   6.4810
#        2110       0.00589      8.16      2.00     7   6.4814
#        2112       0.01622     15.92      2.00     7   6.4822
#        2115       0.01057      5.41      2.00     6   6.4859
#        2117       0.01062      4.42      2.00     7   6.4864
#        2118       0.01410      4.86      2.00     7   6.4862
#        2119       0.01481     17.75      2.00     7   6.4865
#        2121       0.00757      4.18      2.00     6   6.4867
#        2122       0.00604     16.42      2.00     7   6.4876
#        2125       0.00247      4.58      1.00     4   6.4888
#        2126       0.00796      7.48      2.00     5   6.4887
#        2127       0.00881     13.98      2.00     6   6.4889
#        2129       0.00478      5.64      2.00     5   6.4900
#        2130       0.00621     16.47      2.00     6   6.4906
#        2133       0.01672      7.97      2.00     6   6.4914
#        2134       0.01489      6.20      2.00     5   6.4925
#        2135       0.01569      6.28      2.00     3   6.4928
#        2136       0.00887     18.05      2.00     7   6.4930
#        2137       0.00625      7.32      2.00     4   6.4939
#        2139       0.01313      9.88      2.00     6   6.4935
#        2140       0.00993      7.16      2.00     7   6.4938
#        2142       0.00999      5.22      2.00     5   6.4954
#        2143       0.01005      5.19      2.00     5   6.4954
#        2145       0.01388      4.64      2.00     5   6.4967
#        2146       0.00583     18.18      2.00     6   6.4964
#        2147       0.01354      4.53      2.00     6   6.4974
#        2148       0.01526     12.31      2.00     7   6.4976
#        2149       0.00861      4.00      2.00     4   6.4981
#        2150       0.00518      8.74      2.00     4   6.4987
#        2153       0.01223      5.19      2.00     7   6.4999
#        2154       0.00607     19.00      2.00     7   6.4996
#        2155       0.01100     16.97      2.00     7   6.5000
#        2156       0.01550      5.16      2.00     6   6.5003
#        2158       0.00834      5.89      2.00     5   6.5007
#        2159       0.00969      4.51      2.00     5   6.5011
#        2160       0.01469     12.67      2.00     6   6.5010
#        2161       0.00529     17.86      2.00     5   6.5015
#        2162       0.02330     10.83      2.00     6   6.5017
#        2163       0.01663      4.45      2.00     4   6.5023
#        2166       0.00455      6.26      2.00     6   6.5024
#        2169       0.02237      6.47      2.00     5   6.5049
#        2170       0.00532     32.36      2.00     6   6.5048
#        2171       0.01276      5.18      2.00     7   6.5046
#        2172       0.01059     18.43      2.00     7   6.5046
#        2173       0.00790      5.38      2.00     7   6.5046
#        2174       0.01258      5.35      2.00     7   6.5046
#        2175       0.00801      5.27      2.00     7   6.5046
#        2179       0.01047     14.80      2.00     7   6.5062
#        2181       0.00546     13.41      2.00     5   6.5085
#        2182       0.01636      4.09      2.00     7   6.5084
#        2186       0.01714     11.68      2.00     7   6.5098
#        2187       0.00957      5.49      2.00     5   6.5099
#        2188       0.01470     11.13      2.00     7   6.5098
#        2191       0.00838      4.72      2.00     6   6.5114
#        2192       0.00757      6.21      2.00     3   6.5115
#        2193       0.00528      8.93      2.00     5   6.5119
#        2194       0.00976      6.01      2.00     6   6.5119
#        2195       0.00698     16.49      2.00     6   6.5119
#        2196       0.00808      4.28      2.00     7   6.5121
#        2197       0.00603      8.73      2.00     5   6.5124
#        2199       0.00551     16.88      2.00     5   6.5131
#        2201       0.00944      8.77      2.00     7   6.5138
#        2204       0.01335      5.96      2.00     5   6.5153
#  1691/2000 paths used
#  xsedge+50, used to normalize mu           1.0000E+00
#  -----------------------------------------------------------------------
#  omega    e    k    mu    mu0     chi     @#
    9726.168   -205.074  -7.200 -1.94412E-06 -2.44457E-06  3.02882E-06
    9728.902   -202.340  -7.150 -4.86389E-06 -5.46856E-06  3.12919E-06
    9731.616   -199.625  -7.100 -7.78366E-06 -8.49254E-06  3.21809E-06
    9734.312   -196.930  -7.050 -1.07034E-05 -1.15165E-05  3.30036E-06
    9736.989   -194.253  -7.000 -1.36232E-05 -1.45405E-05  3.38655E-06
    9739.646   -191.596  -6.950 -1.65430E-05 -1.75645E-05  3.48579E-06
    9742.284   -188.957  -6.900 -1.94628E-05 -2.05885E-05  3.59958E-06
    9744.904   -186.338  -6.850 -2.21911E-05 -2.35362E-05  3.74418E-06
    9747.504   -183.738  -6.800 -2.47026E-05 -2.63974E-05  3.91350E-06
    9750.085   -181.156  -6.750 -2.72142E-05 -2.92586E-05  4.07395E-06
    9752.648   -178.594  -6.700 -2.97257E-05 -3.21199E-05  4.22541E-06
    9755.191   -176.051  -6.650 -3.22372E-05 -3.49811E-05  4.37537E-06
    9757.715   -173.527  -6.600 -3.47488E-05 -3.78424E-05  4.53455E-06
    9760.220   -171.022  -6.550 -3.72603E-05 -4.07036E-05  4.71039E-06
    9762.706   -168.536  -6.500 -3.97718E-05 -4.35648E-05  4.90226E-06
    9765.173   -166.069  -6.450 -4.14961E-05 -4.63196E-05  5.15064E-06
    9767.621   -163.621  -6.400 -4.27106E-05 -4.90053E-05  5.43076E-06
    9770.050   -161.192  -6.350 -4.39252E-05 -5.16911E-05  5.70452E-06
    9772.459   -158.782  -6.300 -4.51397E-05 -5.43768E-05  5.97175E-06
    9774.850   -156.392  -6.250 -4.63542E-05 -5.70626E-05  6.23972E-06
    9777.222   -154.020  -6.200 -4.75687E-05 -5.97483E-05  6.51945E-06
    9779.575   -151.667  -6.150 -4.87833E-05 -6.24341E-05  6.81973E-06
    9781.908   -149.334  -6.100 -4.99978E-05 -6.51198E-05  7.14204E-06
    9784.223   -147.019  -6.050 -4.92025E-05 -6.77611E-05  7.55089E-06
    9786.518   -144.724  -6.000 -4.19094E-05 -7.02586E-05  8.20663E-06
    9788.795   -142.447  -5.950 -3.46162E-05 -7.27561E-05  8.87585E-06
    9791.052   -140.190  -5.900 -2.73231E-05 -7.52536E-05  9.55405E-06
    9793.291   -137.951  -5.850 -2.00299E-05 -7.77511E-05  1.02444E-05
    9795.510   -135.732  -5.800 -1.27368E-05 -8.02486E-05  1.09569E-05
    9797.710   -133.532  -5.750 -5.44363E-06 -8.27462E-05  1.17035E-05
    9799.891   -131.350  -5.700  1.84953E-06 -8.52437E-05  1.24928E-05
    9802.054   -129.188  -5.650  9.14268E-06 -8.77412E-05  1.33251E-05
    9804.197   -127.045  -5.600  1.19589E-04 -9.01891E-05  1.52787E-05
    9806.321   -124.921  -5.550  5.51487E-04 -9.24823E-05  2.10181E-05
    9808.426   -122.816  -5.500  9.83384E-04 -9.47755E-05  2.73633E-05
    9810.512   -120.730  -5.450  1.41528E-03 -9.70687E-05  3.42916E-05
    9812.579   -118.663  -5.400  1.84718E-03 -9.93619E-05  4.17893E-05
    9814.626   -116.615  -5.350  2.27908E-03 -1.01655E-04  4.98537E-05
    9816.655   -114.587  -5.300  2.71097E-03 -1.03948E-04  5.84874E-05
    9818.665   -112.577  -5.250  3.14287E-03 -1.06242E-04  6.76890E-05
    9820.656   -110.586  -5.200  3.57477E-03 -1.08535E-04  7.74434E-05
    9822.627   -108.614  -5.150  4.00667E-03 -1.10828E-04  8.77173E-05
    9824.580   -106.662  -5.100  4.14462E-03 -1.13017E-04  8.92853E-05
    9826.514   -104.728  -5.050  3.94208E-03 -1.15084E-04  8.01256E-05
    9828.428   -102.814  -5.000  3.73955E-03 -1.17152E-04  7.06812E-05
    9830.324   -100.918  -4.950  3.53701E-03 -1.19220E-04  6.09728E-05
    9832.200    -99.042  -4.900  3.33448E-03 -1.21287E-04  5.10303E-05
    9834.057    -97.184  -4.850  3.13194E-03 -1.23355E-04  4.08917E-05
    9835.896    -95.346  -4.800  2.92940E-03 -1.25423E-04  3.05996E-05
    9837.715    -93.527  -4.750  2.72687E-03 -1.27490E-04  2.01972E-05
    9839.515    -91.727  -4.700  2.52433E-03 -1.29558E-04  9.72277E-06
    9841.296    -89.945  -4.650  2.32180E-03 -1.31626E-04 -7.93526E-07
    9843.058    -88.183  -4.600  2.11926E-03 -1.33693E-04 -1.13311E-05
    9844.802    -86.440  -4.550  1.97262E-03 -1.35596E-04 -1.48065E-05
    9846.526    -84.716  -4.500  1.85660E-03 -1.37407E-04 -1.41182E-05
    9848.231    -83.011  -4.450  1.74059E-03 -1.39219E-04 -1.31129E-05
    9849.916    -81.325  -4.400  1.62457E-03 -1.41031E-04 -1.18322E-05
    9851.583    -79.658  -4.350  1.50856E-03 -1.42843E-04 -1.03058E-05
    9853.231    -78.011  -4.300  1.39255E-03 -1.44654E-04 -8.53836E-06
    9854.860    -76.382  -4.250  1.27653E-03 -1.46466E-04 -6.50328E-06
    9856.470    -74.772  -4.200  1.16052E-03 -1.48278E-04 -4.14748E-06
    9858.060    -73.182  -4.150  1.04450E-03 -1.50089E-04 -1.40553E-06
    9859.632    -71.610  -4.100  9.28489E-04 -1.51901E-04  1.78017E-06
    9861.184    -70.057  -4.050  8.12475E-04 -1.53713E-04  5.43927E-06
    9862.718    -68.524  -4.000  6.96461E-04 -1.55525E-04  9.56010E-06
    9864.232    -67.009  -3.950  6.21686E-04 -1.57224E-04  6.50468E-05
    9865.728    -65.514  -3.900  6.17811E-04 -1.58730E-04  2.19569E-04
    9867.204    -64.038  -3.850  6.13936E-04 -1.60236E-04  3.62598E-04
    9868.662    -62.580  -3.800  6.10061E-04 -1.61742E-04  4.56976E-04
    9870.100    -61.142  -3.750  6.06186E-04 -1.63248E-04  4.71515E-04
    9871.519    -59.723  -3.700  6.02311E-04 -1.64754E-04  3.89415E-04
    9872.919    -58.323  -3.650  5.98436E-04 -1.66260E-04  2.14109E-04
    9874.300    -56.941  -3.600  5.94561E-04 -1.67766E-04 -2.90732E-05
    9875.662    -55.579  -3.550  5.90686E-04 -1.69272E-04 -2.96159E-04
    9877.005    -54.236  -3.500  5.86811E-04 -1.70778E-04 -5.32365E-04
    9878.329    -52.912  -3.450  5.82936E-04 -1.72284E-04 -6.83120E-04
    9879.634    -51.607  -3.400  5.79061E-04 -1.73790E-04 -7.06075E-04
    9880.920    -50.322  -3.350  5.75186E-04 -1.75297E-04 -5.81515E-04
    9882.187    -49.055  -3.300  5.71311E-04 -1.76803E-04 -3.18761E-04
    9883.435    -47.807  -3.250  5.67436E-04 -1.78309E-04  4.31233E-05
    9884.664    -46.578  -3.200  5.73534E-04 -1.79479E-04  8.87742E-04
    9885.873    -45.369  -3.150  5.82071E-04 -1.80568E-04  2.39648E-03
    9887.064    -44.178  -3.100  5.90608E-04 -1.81657E-04  4.18060E-03
    9888.235    -43.006  -3.050  5.99144E-04 -1.82745E-04  5.79909E-03
    9889.388    -41.854  -3.000  6.07681E-04 -1.83834E-04  6.82265E-03
    9890.521    -40.720  -2.950  6.16218E-04 -1.84922E-04  6.91402E-03
    9891.636    -39.606  -2.900  6.24754E-04 -1.86011E-04  5.87528E-03
    9892.731    -38.511  -2.850  6.33291E-04 -1.87100E-04  3.66442E-03
    9893.807    -37.434  -2.800  6.41828E-04 -1.88188E-04  3.95411E-04
    9894.865    -36.377  -2.750  6.50365E-04 -1.89277E-04 -3.66347E-03
    9895.903    -35.339  -2.700  6.58901E-04 -1.90365E-04 -8.08943E-03
    9896.922    -34.320  -2.650  6.67438E-04 -1.91454E-04 -1.23147E-02
    9897.922    -33.320  -2.600  6.75975E-04 -1.92543E-04 -1.56670E-02
    9898.903    -32.338  -2.550  6.84511E-04 -1.93631E-04 -1.74563E-02
    9899.865    -31.376  -2.500  6.93048E-04 -1.94720E-04 -1.71068E-02
    9900.808    -30.434  -2.450  7.01585E-04 -1.95808E-04 -1.43056E-02
    9901.732    -29.510  -2.400  7.10122E-04 -1.96897E-04 -9.12379E-03
    9902.637    -28.605  -2.350  7.18658E-04 -1.97986E-04 -2.06195E-03
    9903.523    -27.719  -2.300  7.27195E-04 -1.99074E-04  6.00484E-03
    9904.390    -26.852  -2.250  7.00359E-04 -1.99721E-04  1.19452E+01
    9905.237    -26.004  -2.200  6.65915E-04 -2.00273E-04  2.16785E+01
    9906.066    -25.176  -2.150  6.31470E-04 -2.00825E-04  1.41473E+01
    9906.876    -24.366  -2.100  5.97026E-04 -2.01377E-04 -1.13362E+01
    9907.666    -23.576  -2.050  5.62582E-04 -2.01929E-04 -4.16473E+01
    9908.438    -22.804  -2.000  5.28138E-04 -2.02481E-04 -5.79650E+01
    9909.190    -22.052  -1.950  4.93694E-04 -2.03033E-04 -4.82261E+01
    9909.924    -21.318  -1.900  4.59249E-04 -2.03585E-04 -1.56488E+01
    9910.638    -20.604  -1.850  4.24805E-04 -2.04137E-04  2.24832E+01
    9911.333    -19.908  -1.800  3.90361E-04 -2.04689E-04  4.52374E+01
    9912.010    -19.232  -1.750  3.55917E-04 -2.05240E-04  4.10221E+01
    9912.667    -18.575  -1.700  3.21472E-04 -2.05792E-04  1.47257E+01
    9913.305    -17.937  -1.650  2.87028E-04 -2.06344E-04 -1.56867E+01
    9913.924    -17.318  -1.600  2.32442E-04 -2.06755E-04 -6.11544E+01
    9914.524    -16.718  -1.550  1.45886E-04 -2.06909E-04  4.23508E+01
    9915.105    -16.137  -1.500  6.07203E-05 -2.06988E-04  1.10056E+02
    9915.667    -15.575  -1.450 -1.49576E-05 -2.06985E-04  3.42293E+00
    9916.210    -15.032  -1.400 -6.77375E-05 -2.06891E-04 -9.47113E+00
    9916.734    -14.508  -1.350 -7.89399E-05 -2.06698E-04 -1.43623E+01
    9917.239    -14.003  -1.300 -3.62058E-05 -2.06392E-04 -1.96477E+01
    9917.725    -13.517  -1.250  5.48956E-05 -2.05961E-04 -2.19348E+01
    9918.191    -13.050  -1.200  1.82363E-04 -2.05387E-04 -2.19315E+01
    9918.639    -12.603  -1.150  3.36052E-04 -2.04651E-04 -2.18001E+01
    9919.068    -12.174  -1.100  5.06682E-04 -2.03730E-04 -2.08461E+01
    9919.477    -11.765  -1.050  6.86302E-04 -2.02595E-04 -1.20810E+01
    9919.868    -11.374  -1.000  8.67668E-04 -2.01210E-04  1.02520E+01
    9920.239    -11.003  -0.950  1.04499E-03 -1.99534E-04  3.48122E+01
    9920.592    -10.650  -0.900  1.21369E-03 -1.97522E-04  4.11178E+01
    9920.925    -10.317  -0.850  1.37065E-03 -1.95104E-04  2.54296E+01
    9921.239    -10.002  -0.800  1.51444E-03 -1.92218E-04  1.23013E+00
    9921.535     -9.707  -0.750  1.64413E-03 -1.88776E-04 -1.80885E+01
    9921.811     -9.431  -0.700  1.76009E-03 -1.84688E-04 -2.74460E+01
    9922.068     -9.174  -0.650  1.86303E-03 -1.79860E-04 -2.80447E+01
    9922.306     -8.936  -0.600  1.95359E-03 -1.74174E-04 -2.33272E+01
    9922.525     -8.717  -0.550  2.03339E-03 -1.67585E-04 -1.64585E+01
    9922.725     -8.517  -0.500  2.10350E-03 -1.60093E-04 -9.51405E+00
    9922.906     -8.336  -0.450  2.16501E-03 -1.51799E-04 -3.54669E+00
    9923.068     -8.174  -0.400  2.21873E-03 -1.42940E-04  1.09905E+00
    9923.211     -8.031  -0.350  2.26478E-03 -1.33902E-04  4.42524E+00
    9923.335     -7.907  -0.300  2.30408E-03 -1.25174E-04  6.69661E+00
    9923.440     -7.802  -0.250  2.33667E-03 -1.17235E-04  8.16096E+00
    9923.525     -7.716  -0.200  2.36253E-03 -1.10538E-04  9.04631E+00
    9923.592     -7.650  -0.150  2.39850E-03 -8.88244E-05  9.55198E+00
    9923.640     -7.602  -0.100  2.47635E-03 -1.75815E-05  9.74524E+00
    9923.668     -7.574  -0.050  2.55421E-03  5.36614E-05  9.90716E+00
    9923.678     -7.564   0.000  2.63167E-03  1.24520E-04  1.00381E+01
    9923.687     -7.555   0.050  2.66550E-03  1.27761E-04  1.01361E+01
    9923.716     -7.526   0.100  2.69278E-03  1.31001E-04  1.02075E+01
    9923.763     -7.478   0.150  2.71359E-03  1.34242E-04  1.02528E+01
    9923.830     -7.412   0.200  2.73677E-03  1.40338E-04  1.02713E+01
    9923.916     -7.326   0.250  2.72929E-03  1.47949E-04  1.01496E+01
    9924.021     -7.221   0.300  2.66661E-03  1.56782E-04  9.79758E+00
    9924.144     -7.097   0.350  2.52821E-03  1.66475E-04  9.14571E+00
    9924.287     -6.954   0.400  2.29949E-03  1.76591E-04  8.15031E+00
    9924.449     -6.793   0.450  1.97528E-03  1.86676E-04  6.80503E+00
    9924.630     -6.612   0.500  1.56949E-03  1.96335E-04  5.17664E+00
    9924.830     -6.412   0.550  1.10871E-03  2.05320E-04  3.37482E+00
    9925.049     -6.192   0.600  6.32566E-04  2.13502E-04  1.55179E+00
    9925.287     -5.954   0.650  1.85887E-04  2.20844E-04 -1.28379E-01
    9925.545     -5.697   0.700 -1.88584E-04  2.27336E-04 -1.51598E+00
    9925.821     -5.421   0.750 -4.57105E-04  2.33049E-04 -2.49874E+00
    9926.116     -5.126   0.800 -6.02400E-04  2.38033E-04 -3.02556E+00
    9926.430     -4.811   0.850 -6.25452E-04  2.42331E-04 -3.10983E+00
    9926.764     -4.478   0.900 -5.43866E-04  2.45990E-04 -2.82094E+00
    9927.116     -4.126   0.950 -3.87327E-04  2.49041E-04 -2.26799E+00
    9927.488     -3.754   1.000 -1.90702E-04  2.51531E-04 -1.57474E+00
    9927.878     -3.364   1.050  1.32176E-05  2.53490E-04 -8.55948E-01
    9928.288     -2.954   1.100  1.93677E-04  2.54942E-04 -2.18620E-01
    9928.716     -2.525   1.150  3.34517E-04  2.55925E-04  2.81264E-01
    9929.164     -2.078   1.200  4.27072E-04  2.56476E-04  6.13020E-01
    9929.631     -1.611   1.250  4.72648E-04  2.56627E-04  7.80271E-01
    9930.117     -1.125   1.300  4.78904E-04  2.56410E-04  8.08641E-01
    9930.621     -0.620   1.350  4.57211E-04  2.55862E-04  7.37018E-01
    9931.145     -0.097   1.400  4.20148E-04  2.55021E-04  6.09279E-01
    9931.688      0.446   1.450  3.78570E-04  2.53918E-04  4.63988E-01
    9932.250      1.008   1.500  3.40641E-04  2.52588E-04  3.30859E-01
    9932.831      1.589   1.550  3.11063E-04  2.51063E-04  2.27728E-01
    9933.431      2.189   1.600  2.91329E-04  2.49376E-04  1.60919E-01
    9934.050      2.809   1.650  2.80397E-04  2.47552E-04  1.27370E-01
    9934.689      3.447   1.700  2.75745E-04  2.45619E-04  1.18155E-01
    9935.346      4.104   1.750  2.74377E-04  2.43609E-04  1.22078E-01
    9936.022      4.780   1.800  2.73668E-04  2.41531E-04  1.29018E-01
    9936.717      5.476   1.850  2.71908E-04  2.39411E-04  1.32020E-01
    9937.432      6.190   1.900  2.68450E-04  2.37263E-04  1.28219E-01
    9938.165      6.923   1.950  2.63503E-04  2.35105E-04  1.18142E-01
    9938.918      7.676   2.000  2.57724E-04  2.32930E-04  1.04372E-01
    9939.689      8.447   2.050  2.51892E-04  2.30689E-04  9.03345E-02
    9940.480      9.238   2.100  2.46560E-04  2.28345E-04  7.86238E-02
    9941.289     10.048   2.150  2.41935E-04  2.25953E-04  6.99335E-02
    9942.118     10.876   2.200  2.38276E-04  2.24011E-04  6.32856E-02
    9942.966     11.724   2.250  2.35738E-04  2.23110E-04  5.67163E-02
    9943.833     12.591   2.300  2.33608E-04  2.22904E-04  4.85164E-02
    9944.718     13.477   2.350  2.31320E-04  2.23107E-04  3.74499E-02
    9945.623     14.381   2.400  2.28650E-04  2.23676E-04  2.27435E-02
    9946.547     15.305   2.450  2.25594E-04  2.24572E-04  4.67158E-03
    9947.490     16.248   2.500  2.22418E-04  2.25698E-04 -1.49642E-02
    9948.452     17.210   2.550  2.19769E-04  2.27011E-04 -3.29750E-02
    9949.433     18.191   2.600  2.17347E-04  2.27534E-04 -4.62855E-02
    9950.433     19.192   2.650  2.14635E-04  2.27384E-04 -5.79097E-02
    9951.453     20.211   2.700  2.11841E-04  2.26908E-04 -6.85280E-02
    9952.491     21.249   2.750  2.09102E-04  2.26288E-04 -7.83338E-02
    9953.548     22.306   2.800  2.06502E-04  2.25599E-04 -8.72630E-02
    9954.624     23.383   2.850  2.04108E-04  2.24888E-04 -9.51830E-02
    9955.720     24.478   2.900  2.01983E-04  2.24173E-04 -1.01864E-01
    9956.834     25.592   2.950  2.00240E-04  2.23505E-04 -1.06991E-01
    9957.968     26.726   3.000  1.98982E-04  2.22904E-04 -1.10156E-01
    9959.120     27.878   3.050  1.98316E-04  2.22379E-04 -1.10887E-01
    9960.292     29.050   3.100  1.98329E-04  2.21900E-04 -1.08656E-01
    9961.482     30.240   3.150  1.99150E-04  2.21476E-04 -1.02917E-01
    9962.692     31.450   3.200  2.00880E-04  2.21108E-04 -9.32242E-02
    9963.921     32.679   3.250  2.03571E-04  2.20803E-04 -7.93802E-02
    9965.168     33.927   3.300  2.07150E-04  2.20547E-04 -6.16697E-02
    9966.435     35.193   3.350  2.11451E-04  2.20357E-04 -4.09557E-02
    9967.721     36.479   3.400  2.16151E-04  2.20213E-04 -1.86580E-02
    9969.026     37.784   3.450  2.20890E-04  2.20130E-04  3.48802E-03
    9970.350     39.108   3.500  2.25284E-04  2.20100E-04  2.37468E-02
    9971.693     40.451   3.550  2.29011E-04  2.20113E-04  4.06874E-02
    9973.055     41.813   3.600  2.31892E-04  2.20183E-04  5.34415E-02
    9974.436     43.194   3.650  2.33851E-04  2.20289E-04  6.17796E-02
    9975.836     44.595   3.700  2.34978E-04  2.20441E-04  6.60856E-02
    9977.256     46.014   3.750  2.35429E-04  2.20625E-04  6.71612E-02
    9978.694     47.452   3.800  2.35433E-04  2.20850E-04  6.60141E-02
    9980.151     48.909   3.850  2.35173E-04  2.21091E-04  6.36043E-02
    9981.628     50.386   3.900  2.34833E-04  2.21368E-04  6.06919E-02
    9983.123     51.881   3.950  2.34488E-04  2.21654E-04  5.77150E-02
    9984.637     53.396   4.000  2.34177E-04  2.21967E-04  5.47922E-02
    9986.171     54.929   4.050  2.33843E-04  2.22282E-04  5.17656E-02
    9987.724     56.482   4.100  2.33422E-04  2.22611E-04  4.83113E-02
    9989.295     58.053   4.150  2.32815E-04  2.22937E-04  4.40528E-02
    9990.886     59.644   4.200  2.31952E-04  2.23265E-04  3.86661E-02
    9992.496     61.254   4.250  2.30772E-04  2.23582E-04  3.19425E-02
    9994.124     62.883   4.300  2.29270E-04  2.23889E-04  2.38646E-02
    9995.772     64.530   4.350  2.27478E-04  2.24186E-04  1.45749E-02
    9997.439     66.197   4.400  2.25456E-04  2.24463E-04  4.38801E-03
    9999.125     67.883   4.450  2.23301E-04  2.24721E-04 -6.27088E-03
   10000.830     69.588   4.500  2.21118E-04  2.24952E-04 -1.69050E-02
   10002.554     71.312   4.550  2.19039E-04  2.25163E-04 -2.69739E-02
   10004.297     73.055   4.600  2.17164E-04  2.25341E-04 -3.59801E-02
   10006.059     74.817   4.650  2.15605E-04  2.25492E-04 -4.34702E-02
   10007.840     76.598   4.700  2.14449E-04  2.25621E-04 -4.90851E-02
   10009.641     78.399   4.750  2.13737E-04  2.25708E-04 -5.25669E-02
   10011.460     80.218   4.800  2.13517E-04  2.25770E-04 -5.37837E-02
   10013.298     82.056   4.850  2.13780E-04  2.25795E-04 -5.27230E-02
   10015.155     83.914   4.900  2.14509E-04  2.25794E-04 -4.95141E-02
   10017.032     85.790   4.950  2.15646E-04  2.25765E-04 -4.43947E-02
   10018.927     87.686   5.000  2.17109E-04  2.25705E-04 -3.77145E-02
   10020.842     89.600   5.050  2.18806E-04  2.25621E-04 -2.99075E-02
   10022.775     91.534   5.100  2.20619E-04  2.25507E-04 -2.14533E-02
   10024.728     93.486   5.150  2.22445E-04  2.25373E-04 -1.28563E-02
   10026.700     95.458   5.200  2.24178E-04  2.25222E-04 -4.58334E-03
   10028.690     97.449   5.250  2.25717E-04  2.25044E-04  2.96171E-03
   10030.700     99.458   5.300  2.27010E-04  2.24854E-04  9.48187E-03
   10032.729    101.487   5.350  2.28019E-04  2.24654E-04  1.48074E-02
   10034.777    103.535   5.400  2.28734E-04  2.24441E-04  1.89002E-02
   10036.844    105.602   5.450  2.29180E-04  2.24222E-04  2.18436E-02
   10038.930    107.688   5.500  2.29393E-04  2.23993E-04  2.38033E-02
   10041.035    109.793   5.550  2.29430E-04  2.23764E-04  2.49968E-02
   10043.159    111.917   5.600  2.29342E-04  2.23534E-04  2.56385E-02
   10045.302    114.060   5.650  2.29170E-04  2.23307E-04  2.58997E-02
   10047.464    116.222   5.700  2.28939E-04  2.23084E-04  2.58844E-02
   10049.645    118.404   5.750  2.28656E-04  2.22866E-04  2.56117E-02
   10051.846    120.604   5.800  2.28311E-04  2.22656E-04  2.50293E-02
   10054.065    122.823   5.850  2.27883E-04  2.22456E-04  2.40317E-02
   10056.303    125.061   5.900  2.27343E-04  2.22268E-04  2.24883E-02
   10058.561    127.319   5.950  2.26665E-04  2.22088E-04  2.02910E-02
   10060.837    129.595   6.000  2.25841E-04  2.21926E-04  1.73697E-02
   10063.133    131.891   6.050  2.24866E-04  2.21775E-04  1.37181E-02
   10065.447    134.205   6.100  2.23756E-04  2.21637E-04  9.40885E-03
   10067.781    136.539   6.150  2.22542E-04  2.21510E-04  4.58552E-03
   10070.134    138.892   6.200  2.21282E-04  2.21405E-04 -5.47948E-04
   10072.505    141.263   6.250  2.20015E-04  2.21307E-04 -5.74217E-03
   10074.896    143.654   6.300  2.18812E-04  2.21224E-04 -1.07279E-02
   10077.306    146.064   6.350  2.17728E-04  2.21154E-04 -1.52389E-02
   10079.735    148.493   6.400  2.16814E-04  2.21092E-04 -1.90346E-02
   10082.183    150.941   6.450  2.16118E-04  2.21042E-04 -2.19180E-02
   10084.650    153.408   6.500  2.15667E-04  2.21002E-04 -2.37504E-02
   10087.136    155.894   6.550  2.15476E-04  2.20969E-04 -2.44614E-02
   10089.641    158.399   6.600  2.15541E-04  2.20940E-04 -2.40492E-02
   10092.165    160.923   6.650  2.15850E-04  2.20917E-04 -2.25801E-02
   10094.708    163.466   6.700  2.16368E-04  2.20895E-04 -2.01808E-02
   10097.270    166.028   6.750  2.17060E-04  2.20878E-04 -1.70251E-02
   10099.851    168.610   6.800  2.17869E-04  2.20855E-04 -1.33221E-02
   10102.452    171.210   6.850  2.18749E-04  2.20833E-04 -9.29916E-03
   10105.071    173.829   6.900  2.19647E-04  2.20808E-04 -5.18366E-03
   10107.710    176.468   6.950  2.20507E-04  2.20774E-04 -1.19107E-03
   10110.367    179.125   7.000  2.21290E-04  2.20733E-04  2.49055E-03
   10113.043    181.802   7.050  2.21964E-04  2.20686E-04  5.71286E-03
   10115.739    184.497   7.100  2.22496E-04  2.20625E-04  8.37386E-03
   10118.454    187.212   7.150  2.22885E-04  2.20558E-04  1.04221E-02
   10121.187    189.946   7.200  2.23120E-04  2.20475E-04  1.18556E-02
   10123.940    192.698   7.250  2.23214E-04  2.20379E-04  1.27146E-02
   10126.712    195.470   7.300  2.23184E-04  2.20272E-04  1.30710E-02
   10129.503    198.261   7.350  2.23050E-04  2.20154E-04  1.30130E-02
   10132.312    201.071   7.400  2.22821E-04  2.20013E-04  1.26294E-02
   10135.141    203.900   7.450  2.22529E-04  2.19865E-04  1.19946E-02
   10137.989    206.748   7.500  2.22175E-04  2.19699E-04  1.11581E-02
   10140.856    209.615   7.550  2.21769E-04  2.19522E-04  1.01411E-02
   10143.742    212.501   7.600  2.21306E-04  2.19328E-04  8.93776E-03
   10146.648    215.406   7.650  2.20786E-04  2.19122E-04  7.52596E-03
   10149.572    218.330   7.700  2.20205E-04  2.18906E-04  5.88059E-03
   10152.515    221.273   7.750  2.19560E-04  2.18679E-04  3.99269E-03
   10155.477    224.235   7.800  2.18856E-04  2.18442E-04  1.88022E-03
   10158.458    227.217   7.850  2.18108E-04  2.18196E-04 -3.98586E-04
   10161.459    230.217   7.900  2.17336E-04  2.17939E-04 -2.74550E-03
   10164.478    233.236   7.950  2.16572E-04  2.17675E-04 -5.03024E-03
   10167.517    236.275   8.000  2.15853E-04  2.17409E-04 -7.10311E-03
   10170.574    239.332   8.050  2.15207E-04  2.17136E-04 -8.81667E-03
   10173.651    242.409   8.100  2.14673E-04  2.16867E-04 -1.00463E-02
   10176.746    245.505   8.150  2.14256E-04  2.16593E-04 -1.07092E-02
   10179.861    248.619   8.200  2.13970E-04  2.16318E-04 -1.07752E-02
   10182.995    251.753   8.250  2.13808E-04  2.16042E-04 -1.02698E-02
   10186.148    254.906   8.300  2.13756E-04  2.15770E-04 -9.26823E-03
   10189.319    258.078   8.350  2.13799E-04  2.15509E-04 -7.88088E-03
   10192.510    261.268   8.400  2.13895E-04  2.15247E-04 -6.23561E-03
   10195.720    264.478   8.450  2.14026E-04  2.14991E-04 -4.45927E-03
   10198.949    267.707   8.500  2.14168E-04  2.14744E-04 -2.66297E-03
   10202.197    270.955   8.550  2.14299E-04  2.14501E-04 -9.33081E-04
   10205.464    274.222   8.600  2.14410E-04  2.14265E-04  6.70507E-04
   10208.750    277.508   8.650  2.14495E-04  2.14041E-04  2.11017E-03
   10212.055    280.814   8.700  2.14548E-04  2.13824E-04  3.36325E-03
   10215.380    284.138   8.750  2.14560E-04  2.13612E-04  4.41128E-03
   10218.723    287.481   8.800  2.14538E-04  2.13414E-04  5.23783E-03
   10222.085    290.843   8.850  2.14470E-04  2.13221E-04  5.82397E-03
   10225.467    294.225   8.900  2.14358E-04  2.13040E-04  6.15144E-03
   10228.867    297.625   8.950  2.14194E-04  2.12865E-04  6.20836E-03
   10232.286    301.045   9.000  2.13976E-04  2.12693E-04  5.99798E-03
   10235.725    304.483   9.050  2.13716E-04  2.12532E-04  5.54132E-03
   10239.183    307.941   9.100  2.13413E-04  2.12372E-04  4.87993E-03
   10242.659    311.417   9.150  2.13090E-04  2.12222E-04  4.07129E-03
   10246.155    314.913   9.200  2.12752E-04  2.12074E-04  3.18091E-03
   10249.670    318.428   9.250  2.12413E-04  2.11930E-04  2.27110E-03
   10253.203    321.961   9.300  2.12085E-04  2.11790E-04  1.39061E-03
   10256.756    325.514   9.350  2.11767E-04  2.11646E-04  5.67860E-04
   10260.328    329.086   9.400  2.11468E-04  2.11509E-04 -1.90588E-04
   10263.919    332.677   9.450  2.11181E-04  2.11371E-04 -8.95106E-04
   10267.529    336.287   9.500  2.10900E-04  2.11231E-04 -1.56339E-03
   10271.158    339.916   9.550  2.10619E-04  2.11086E-04 -2.20846E-03
   10274.806    343.564   9.600  2.10341E-04  2.10939E-04 -2.82836E-03
   10278.473    347.231   9.650  2.10071E-04  2.10789E-04 -3.40001E-03
   10282.159    350.917   9.700  2.09820E-04  2.10638E-04 -3.88025E-03
   10285.864    354.623   9.750  2.09586E-04  2.10474E-04 -4.21425E-03
   10289.589    358.347   9.800  2.09397E-04  2.10311E-04 -4.34640E-03
   10293.332    362.090   9.850  2.09247E-04  2.10137E-04 -4.23612E-03
   10297.094    365.852   9.900  2.09150E-04  2.09962E-04 -3.86971E-03
   10300.876    369.634   9.950  2.09089E-04  2.09774E-04 -3.26711E-03
   10304.676    373.434  10.000  2.09058E-04  2.09578E-04 -2.48095E-03
   10308.496    377.254  10.050  2.09046E-04  2.09378E-04 -1.58832E-03
   10312.334    381.092  10.100  2.09029E-04  2.09171E-04 -6.76983E-04
   10316.192    384.950  10.150  2.08994E-04  2.08959E-04  1.70459E-04
   10320.068    388.827  10.200  2.08918E-04  2.08733E-04  8.90328E-04
   10323.964    392.722  10.250  2.08805E-04  2.08504E-04  1.44706E-03
   10327.879    396.637  10.300  2.08654E-04  2.08272E-04  1.83483E-03
   10331.813    400.571  10.350  2.08464E-04  2.08034E-04  2.07328E-03
   10335.766    404.524  10.400  2.08243E-04  2.07787E-04  2.19759E-03
   10339.738    408.496  10.450  2.08004E-04  2.07538E-04  2.24668E-03
   10343.728    412.487  10.500  2.07754E-04  2.07288E-04  2.25226E-03
   10347.739    416.497  10.550  2.07499E-04  2.07038E-04  2.23238E-03
   10351.768    420.526  10.600  2.07233E-04  2.06781E-04  2.18888E-03
   10355.816    424.574  10.650  2.06966E-04  2.06531E-04  2.11055E-03
   10359.883    428.641  10.700  2.06684E-04  2.06276E-04  1.97935E-03
   10363.969    432.727  10.750  2.06391E-04  2.06025E-04  1.77834E-03
   10368.074    436.832  10.800  2.06084E-04  2.05775E-04  1.49806E-03
   10372.199    440.957  10.850  2.05763E-04  2.05529E-04  1.14102E-03
   10376.342    445.100  10.900  2.05430E-04  2.05282E-04  7.21845E-04
   10380.504    449.263  10.950  2.05096E-04  2.05042E-04  2.65078E-04
   10384.686    453.444  11.000  2.04765E-04  2.04806E-04 -1.99923E-04
   10388.886    457.645  11.050  2.04443E-04  2.04574E-04 -6.43833E-04
   10393.106    461.864  11.100  2.04134E-04  2.04347E-04 -1.04175E-03
   10397.345    466.103  11.150  2.03845E-04  2.04126E-04 -1.37551E-03
   10401.602    470.360  11.200  2.03575E-04  2.03909E-04 -1.63372E-03
   10405.879    474.637  11.250  2.03324E-04  2.03694E-04 -1.81025E-03
   10410.175    478.933  11.300  2.03097E-04  2.03485E-04 -1.90209E-03
   10414.489    483.248  11.350  2.02894E-04  2.03282E-04 -1.90737E-03
   10418.823    487.581  11.400  2.02707E-04  2.03078E-04 -1.82503E-03
   10423.176    491.934  11.450  2.02550E-04  2.02886E-04 -1.65559E-03
   10427.548    496.306  11.500  2.02407E-04  2.02692E-04 -1.40330E-03
   10431.939    500.697  11.550  2.02284E-04  2.02503E-04 -1.07861E-03
   10436.349    505.107  11.600  2.02173E-04  2.02315E-04 -6.99556E-04
   10440.778    509.537  11.650  2.02073E-04  2.02132E-04 -2.91857E-04
   10445.226    513.985  11.700  2.01970E-04  2.01947E-04  1.13623E-04
   10449.694    518.452  11.750  2.01865E-04  2.01767E-04  4.84841E-04
   10454.180    522.938  11.800  2.01746E-04  2.01586E-04  7.93644E-04
   10458.685    527.443  11.850  2.01607E-04  2.01401E-04  1.02045E-03
   10463.210    531.968  11.900  2.01452E-04  2.01219E-04  1.15733E-03
   10467.753    536.511  11.950  2.01276E-04  2.01033E-04  1.20859E-03
   10472.315    541.074  12.000  2.01084E-04  2.00845E-04  1.18882E-03
   10476.897    545.655  12.050  2.00879E-04  2.00654E-04  1.11833E-03
   10481.498    550.256  12.100  2.00668E-04  2.00464E-04  1.01798E-03
   10486.117    554.875  12.150  2.00447E-04  2.00265E-04  9.04297E-04
   10490.756    559.514  12.200  2.00217E-04  2.00059E-04  7.86275E-04
   10495.413    564.172  12.250  1.99989E-04  1.99856E-04  6.64628E-04
   10500.090    568.848  12.300  1.99753E-04  1.99647E-04  5.33586E-04
   10504.786    573.544  12.350  1.99506E-04  1.99429E-04  3.84664E-04
   10509.501    578.259  12.400  1.99250E-04  1.99208E-04  2.10876E-04
   10514.235    582.993  12.450  1.98981E-04  1.98979E-04  1.08182E-05
   10518.988    587.746  12.500  1.98702E-04  1.98744E-04 -2.09287E-04
   10523.760    592.518  12.550  1.98422E-04  1.98509E-04 -4.35611E-04
   10528.551    597.309  12.600  1.98134E-04  1.98263E-04 -6.48786E-04
   10533.361    602.119  12.650  1.97851E-04  1.98015E-04 -8.27556E-04
   10538.190    606.948  12.700  1.97574E-04  1.97763E-04 -9.52983E-04
   10543.038    611.796  12.750  1.97305E-04  1.97505E-04 -1.01198E-03
   10547.906    616.664  12.800  1.97047E-04  1.97245E-04 -9.99481E-04
   10552.792    621.550  12.850  1.96796E-04  1.96977E-04 -9.19120E-04
   10557.697    626.455  12.900  1.96555E-04  1.96709E-04 -7.82059E-04
   10562.622    631.380  12.950  1.96320E-04  1.96439E-04 -6.04586E-04
   10567.565    636.323  13.000  1.96088E-04  1.96168E-04 -4.05152E-04
   10572.528    641.286  13.050  1.95858E-04  1.95897E-04 -2.01735E-04
   10577.509    646.267  13.100  1.95618E-04  1.95620E-04 -9.53055E-06
   10582.510    651.268  13.150  1.95380E-04  1.95349E-04  1.60381E-04
   10587.529    656.288  13.200  1.95131E-04  1.95072E-04  3.01194E-04
   10592.568    661.326  13.250  1.94875E-04  1.94795E-04  4.10204E-04
   10597.626    666.384  13.300  1.94619E-04  1.94524E-04  4.87846E-04
   10602.703    671.461  13.350  1.94358E-04  1.94254E-04  5.36538E-04
   10607.799    676.557  13.400  1.94094E-04  1.93985E-04  5.59774E-04
   10612.913    681.672  13.450  1.93827E-04  1.93718E-04  5.61321E-04
   10618.047    686.806  13.500  1.93562E-04  1.93456E-04  5.44439E-04
   10623.200    691.959  13.550  1.93290E-04  1.93191E-04  5.11604E-04
   10628.372    697.131  13.600  1.93024E-04  1.92934E-04  4.64579E-04
   10633.564    702.322  13.650  1.92760E-04  1.92682E-04  4.04459E-04
   10638.774    707.532  13.700  1.92496E-04  1.92432E-04  3.32079E-04
   10644.003    712.761  13.750  1.92231E-04  1.92183E-04  2.48478E-04
   10649.251    718.009  13.800  1.91967E-04  1.91937E-04  1.55387E-04
   10654.518    723.277  13.850  1.91708E-04  1.91697E-04  5.56171E-05
   10659.805    728.563  13.900  1.91449E-04  1.91458E-04 -4.68710E-05
   10665.110    733.868  13.950  1.91194E-04  1.91222E-04 -1.46996E-04
   10670.435    739.193  14.000  1.90944E-04  1.90990E-04 -2.39137E-04
   10675.778    744.536  14.050  1.90699E-04  1.90760E-04 -3.17715E-04
   10681.141    749.899  14.100  1.90458E-04  1.90531E-04 -3.78068E-04
   10686.522    755.280  14.150  1.90222E-04  1.90301E-04 -4.16805E-04
   10691.923    760.681  14.200  1.89990E-04  1.90073E-04 -4.32590E-04
   10697.343    766.101  14.250  1.89765E-04  1.89846E-04 -4.25814E-04
   10702.781    771.540  14.300  1.89541E-04  1.89617E-04 -3.98582E-04
   10708.239    776.997  14.350  1.89321E-04  1.89388E-04 -3.53997E-04
   10713.716    782.474  14.400  1.89103E-04  1.89159E-04 -2.95608E-04
   10719.212    787.970  14.450  1.88887E-04  1.88930E-04 -2.26983E-04
   10724.727    793.485  14.500  1.88670E-04  1.88698E-04 -1.51333E-04
   10730.261    799.019  14.550  1.88454E-04  1.88467E-04 -7.16992E-05
   10735.814    804.572  14.600  1.88231E-04  1.88229E-04  9.00103E-06
   10741.386    810.144  14.650  1.88007E-04  1.87990E-04  8.75442E-05
   10746.977    815.735  14.700  1.87778E-04  1.87748E-04  1.60439E-04
   10752.587    821.346  14.750  1.87543E-04  1.87501E-04  2.24024E-04
   10758.217    826.975  14.800  1.87304E-04  1.87253E-04  2.74816E-04
   10763.865    832.623  14.850  1.87059E-04  1.87001E-04  3.10256E-04
   10769.532    838.291  14.900  1.86803E-04  1.86742E-04  3.29168E-04
   10775.219    843.977  14.950  1.86544E-04  1.86482E-04  3.32041E-04
   10780.924    849.682  15.000  1.86280E-04  1.86220E-04  3.20948E-04
   10786.649    855.407  15.050  1.86007E-04  1.85951E-04  2.98892E-04
   10792.392    861.150  15.100  1.85732E-04  1.85682E-04  2.69021E-04
   10798.155    866.913  15.150  1.85455E-04  1.85412E-04  2.33527E-04
   10803.936    872.695  15.200  1.85169E-04  1.85134E-04  1.93089E-04
   10809.737    878.495  15.250  1.84881E-04  1.84854E-04  1.46781E-04
   10815.557    884.315  15.300  1.84591E-04  1.84574E-04  9.25745E-05
   10821.396    890.154  15.350  1.84292E-04  1.84287E-04  2.84736E-05
   10827.254    896.012  15.400  1.83997E-04  1.84006E-04 -4.62590E-05
   10833.130    901.889  15.450  1.83694E-04  1.83718E-04 -1.29847E-04
   10839.026    907.785  15.500  1.83395E-04  1.83435E-04 -2.17453E-04
   10844.941    913.700  15.550  1.83092E-04  1.83148E-04 -3.01432E-04
   10850.875    919.634  15.600  1.82792E-04  1.82860E-04 -3.72423E-04
   10856.829    925.587  15.650  1.82499E-04  1.82576E-04 -4.21002E-04
   10862.801    931.559  15.700  1.82210E-04  1.82290E-04 -4.39708E-04
   10868.792    937.550  15.750  1.81932E-04  1.82010E-04 -4.24551E-04
   10874.802    943.560  15.800  1.81654E-04  1.81722E-04 -3.76128E-04
   10880.831    949.590  15.850  1.81387E-04  1.81442E-04 -2.99631E-04
   10886.880    955.638  15.900  1.81126E-04  1.81163E-04 -2.03902E-04
   10892.947    961.705  15.950  1.80873E-04  1.80891E-04 -9.98754E-05
   10899.034    967.792  16.000  1.80614E-04  1.80614E-04  1.21424E-06
   10905.139    973.897  16.050  1.80360E-04  1.80343E-04  8.99169E-05
   10911.264    980.022  16.100  1.80103E-04  1.80074E-04  1.59760E-04
   10917.407    986.166  16.150  1.79842E-04  1.79805E-04  2.07968E-04
   10923.570    992.328  16.200  1.79580E-04  1.79538E-04  2.35307E-04
   10929.752    998.510  16.250  1.79322E-04  1.79278E-04  2.45530E-04
   10935.952   1004.711  16.300  1.79062E-04  1.79018E-04  2.43969E-04
   10942.172   1010.930  16.350  1.78802E-04  1.78759E-04  2.36276E-04
   10948.411   1017.169  16.400  1.78541E-04  1.78500E-04  2.27093E-04
   10954.669   1023.427  16.450  1.78280E-04  1.78241E-04  2.19191E-04
   10960.946   1029.704  16.500  1.78022E-04  1.77984E-04  2.13058E-04
   10967.242   1036.000  16.550  1.77769E-04  1.77732E-04  2.06824E-04
   10973.557   1042.315  16.600  1.77516E-04  1.77481E-04  1.97084E-04
   10979.891   1048.649  16.650  1.77256E-04  1.77224E-04  1.79761E-04
   10986.244   1055.002  16.700  1.76999E-04  1.76973E-04  1.51327E-04
   10992.616   1061.375  16.750  1.76736E-04  1.76717E-04  1.09811E-04
   10999.008   1067.766  16.800  1.76474E-04  1.76464E-04  5.56435E-05
   11005.418   1074.176  16.850  1.76205E-04  1.76206E-04 -8.18615E-06
   11011.847   1080.605  16.900  1.75941E-04  1.75955E-04 -7.64098E-05
   11018.296   1087.054  16.950  1.75671E-04  1.75696E-04 -1.42307E-04
   11024.763   1093.521  17.000  1.75399E-04  1.75434E-04 -1.98920E-04
   11031.250   1100.008  17.050  1.75126E-04  1.75168E-04 -2.40414E-04
   11037.755   1106.513  17.100  1.74859E-04  1.74906E-04 -2.63091E-04
   11044.280   1113.038  17.150  1.74592E-04  1.74638E-04 -2.65869E-04
   11050.823   1119.582  17.200  1.74324E-04  1.74368E-04 -2.50483E-04
   11057.386   1126.144  17.250  1.74059E-04  1.74097E-04 -2.20728E-04
   11063.968   1132.726  17.300  1.73790E-04  1.73821E-04 -1.81615E-04
   11070.569   1139.327  17.350  1.73524E-04  1.73548E-04 -1.38192E-04
   11077.189   1145.947  17.400  1.73245E-04  1.73261E-04 -9.47477E-05
   11083.827   1152.586  17.450  1.72971E-04  1.72980E-04 -5.40614E-05
   11090.485   1159.244  17.500  1.72697E-04  1.72700E-04 -1.75144E-05
   11097.162   1165.921  17.550  1.72414E-04  1.72412E-04  1.47886E-05
   11103.858   1172.617  17.600  1.72130E-04  1.72123E-04  4.32002E-05
   11110.574   1179.332  17.650  1.71845E-04  1.71833E-04  6.81772E-05
   11117.308   1186.066  17.700  1.71557E-04  1.71541E-04  8.96974E-05
   11124.061   1192.819  17.750  1.71269E-04  1.71250E-04  1.07201E-04
   11130.833   1199.591  17.800  1.70973E-04  1.70953E-04  1.19919E-04
   11137.624   1206.383  17.850  1.70683E-04  1.70661E-04  1.27081E-04
   11144.435   1213.193  17.900  1.70386E-04  1.70364E-04  1.28389E-04
   11151.264   1220.022  17.950  1.70094E-04  1.70073E-04  1.24385E-04
   11158.113   1226.871  18.000  1.69795E-04  1.69775E-04  1.16364E-04
   11164.980   1233.738  18.050  1.69502E-04  1.69484E-04  1.06022E-04
   11171.867   1240.625  18.100  1.69204E-04  1.69188E-04  9.50447E-05
   11178.772   1247.530  18.150  1.68910E-04  1.68896E-04  8.45790E-05
   11185.697   1254.455  18.200  1.68619E-04  1.68606E-04  7.48049E-05
   11192.641   1261.399  18.250  1.68327E-04  1.68316E-04  6.49139E-05
   11199.603   1268.362  18.300  1.68036E-04  1.68027E-04  5.33443E-05
   11206.585   1275.343  18.350  1.67747E-04  1.67740E-04  3.83681E-05
   11213.586   1282.344  18.400  1.67461E-04  1.67458E-04  1.86728E-05
   11220.606   1289.364  18.450  1.67171E-04  1.67172E-04 -6.09162E-06
   11227.645   1296.403  18.500  1.66886E-04  1.66892E-04 -3.48918E-05
   11234.703   1303.461  18.550  1.66602E-04  1.66613E-04 -6.54900E-05
   11241.780   1310.538  18.600  1.66318E-04  1.66334E-04 -9.46741E-05
   11248.876   1317.634  18.650  1.66037E-04  1.66057E-04 -1.18998E-04
   11255.991   1324.749  18.700  1.65762E-04  1.65784E-04 -1.35430E-04
   11263.125   1331.883  18.750  1.65485E-04  1.65508E-04 -1.41925E-04
   11270.279   1339.037  18.800  1.65214E-04  1.65237E-04 -1.37824E-04
   11277.451   1346.209  18.850  1.64946E-04  1.64966E-04 -1.23890E-04
   11284.642   1353.400  18.900  1.64680E-04  1.64697E-04 -1.02058E-04
   11291.853   1360.611  18.950  1.64415E-04  1.64428E-04 -7.50342E-05
   11299.082   1367.840  19.000  1.64151E-04  1.64159E-04 -4.58120E-05
   11306.331   1375.089  19.050  1.63887E-04  1.63890E-04 -1.72520E-05
   11313.598   1382.356  19.100  1.63622E-04  1.63620E-04  8.28114E-06
   11320.885   1389.643  19.150  1.63356E-04  1.63351E-04  2.91845E-05
   11328.190   1396.948  19.200  1.63089E-04  1.63082E-04  4.45520E-05
   11335.515   1404.273  19.250  1.62815E-04  1.62807E-04  5.42705E-05
   11342.859   1411.617  19.300  1.62545E-04  1.62535E-04  5.88999E-05
   11350.222   1418.980  19.350  1.62275E-04  1.62265E-04  5.95316E-05
   11357.603   1426.362  19.400  1.61997E-04  1.61988E-04  5.76765E-05
   11365.004   1433.762  19.450  1.61726E-04  1.61717E-04  5.49035E-05
   11372.424   1441.182  19.500  1.61448E-04  1.61440E-04  5.26851E-05
   11379.863   1448.621  19.550  1.61169E-04  1.61161E-04  5.19757E-05
   11387.321   1456.079  19.600  1.60883E-04  1.60874E-04  5.30389E-05
   11394.798   1463.557  19.650  1.60603E-04  1.60595E-04  5.53013E-05
   11402.294   1471.053  19.700  1.60323E-04  1.60314E-04  5.75172E-05
   11409.810   1478.568  19.750  1.60036E-04  1.60026E-04  5.79612E-05
   11417.344   1486.102  19.800  1.59750E-04  1.59741E-04  5.49042E-05
   11424.897   1493.655  19.850  1.59461E-04  1.59453E-04  4.70872E-05
   11432.470   1501.228  19.900  1.59173E-04  1.59168E-04  3.40885E-05
   11440.061   1508.819  19.950  1.58888E-04  1.58886E-04  1.65466E-05
