# PATH  Rmax= 9.000,  Keep_limit= 0.00, Heap_limit 0.00  Pwcrit= 2.50%
 -----------------------------------------------------------------------
  pathindex     sig2   amp ratio    deg    nlegs  r effective
        1     0.00000     0.1000E+03     1.000     2   2.0687
        2     0.00000     0.9985E+02     1.000     2   2.0699
        3     0.00000     0.8153E+02     1.000     2   2.2945
        4     0.00000     0.8081E+02     1.000     2   2.3022
        5     0.00000     0.1025E+02     1.000     2   2.8806
        6     0.00000     0.3743E+02     1.000     2   3.0074
        7     0.00000     0.8845E+01     1.000     2   3.0482
        8     0.00000     0.3522E+02     1.000     2   3.0671
        9     0.00000     0.3551E+02     1.000     2   3.0680
       10     0.00000     0.3353E+02     1.000     2   3.1287
       11     0.00000     0.5826E+02     2.000     3   3.1976
       12     0.00000     0.7717E+01     1.000     2   3.2111
       13     0.00000     0.7681E+01     1.000     2   3.2168
       14     0.00000     0.6506E+02     2.000     3   3.2264
       15     0.00000     0.3114E+02     1.000     2   3.2417
       16     0.00000     0.5594E+02     2.000     3   3.2560
       17     0.00000     0.7413E+01     1.000     2   3.2603
       18     0.00000     0.3025E+02     1.000     2   3.2774
       19     0.00000     0.6172E+02     2.000     3   3.2884
       20     0.00000     0.7024E+01     1.000     2   3.3274
       21     0.00000     0.4067E+02     1.000     4   3.3848
       22     0.00000     0.2956E+02     1.000     4   3.3877
       23     0.00000     0.6693E+01     1.000     2   3.3886
       24     0.00000     0.2674E+02     1.000     2   3.4292
       25     0.00000     0.2925E+02     1.000     4   3.4448
       26     0.00000     0.3825E+02     1.000     4   3.4481
       27     0.00000     0.2535E+02     1.000     2   3.5015
       28     0.00000     0.5896E+01     1.000     2   3.5533
       29     0.00000     0.5649E+01     1.000     2   3.6103
       30     0.00000     0.9319E+01     2.000     3   3.6199
       31     0.00000     0.6829E+01     2.000     3   3.6486
       32     0.00000     0.5476E+01     1.000     2   3.6523
       33     0.00000     0.6577E+01     2.000     3   3.6811
       34     0.00000     0.3245E+02     2.000     3   3.6840
       35     0.00000     0.9511E+01     2.000     3   3.6907
       36     0.00000     0.1470E+02     2.000     3   3.7013
       37     0.00000     0.3220E+02     2.000     3   3.7033
       38     0.00000     0.5831E+01     2.000     3   3.7087
       39     0.00000     0.5770E+01     2.000     3   3.7171
       40     0.00000     0.6635E+01     2.000     3   3.7370
       41     0.00000     0.5974E+01     2.000     3   3.7663
       42     0.00000     0.1254E+02     2.000     4   3.8387
       43     0.00000     0.1079E+02     2.000     4   3.8700
       44     0.00000     0.1399E+02     2.000     4   3.8954
       45     0.00000     0.5901E+01     2.000     3   3.8984
       46     0.00000     0.8113E+01     2.000     3   3.9287
       47     0.00000     0.5490E+01     2.000     3   3.9612
       48     0.00000     0.6484E+01     2.000     3   3.9661
       49     0.00000     0.6252E+01     2.000     3   3.9721
       50     0.00000     0.5480E+01     1.000     4   3.9733
       51     0.00000     0.6374E+01     2.000     3   3.9927
       52     0.00000     0.7337E+01     2.000     3   3.9953
       53     0.00000     0.7309E+01     2.000     3   3.9955
       54     0.00000     0.1371E+02     2.000     3   4.0417
       55     0.00000     0.1637E+02     2.000     3   4.0589
       56     0.00000     0.4732E+01     2.000     3   4.0871
       57     0.00000     0.1660E+02     2.000     3   4.1106
       58     0.00000     0.1012E+02     1.000     4   4.1264
       59     0.00000     0.9690E+01     1.000     4   4.1291
       60     0.00000     0.4515E+01     2.000     3   4.1330
       62     0.00000     0.1176E+02     1.000     4   4.1374
       63     0.00000     0.1172E+02     1.000     4   4.1398
       64     0.00000     0.4440E+01     1.000     4   4.1398
       67     0.00000     0.4169E+01     2.000     3   4.1585
       68     0.00000     0.4503E+01     2.000     3   4.1583
       69     0.00000     0.1524E+02     1.000     2   4.1737
       72     0.00000     0.1492E+02     1.000     2   4.2045
       74     0.00000     0.4209E+02     2.000     3   4.2098
       75     0.00000     0.9244E+01     2.000     4   4.2186
       76     0.00000     0.4403E+02     2.000     3   4.2262
       77     0.00000     0.3642E+01     1.000     2   4.2386
       78     0.00000     0.1464E+02     1.000     2   4.2417
       79     0.00000     0.3177E+02     1.000     4   4.2459
       80     0.00000     0.3430E+02     1.000     4   4.2479
       81     0.00000     0.1448E+02     1.000     2   4.2546
       82     0.00000     0.4089E+02     2.000     3   4.2585
       83     0.00000     0.4298E+02     2.000     3   4.2732
       84     0.00000     0.1141E+02     2.000     3   4.2731
       85     0.00000     0.4048E+02     2.000     3   4.2767
       86     0.00000     0.5189E+01     2.000     5   4.2762
       87     0.00000     0.3756E+01     1.000     4   4.2897
       88     0.00000     0.1021E+02     2.000     3   4.2917
       89     0.00000     0.3340E+02     1.000     4   4.2917
       90     0.00000     0.5766E+02     2.000     4   4.2946
       91     0.00000     0.3778E+01     1.000     4   4.2951
       92     0.00000     0.1407E+02     2.000     3   4.3044
       93     0.00000     0.2150E+02     2.000     4   4.3040
       94     0.00000     0.7222E+01     2.000     5   4.3050
       95     0.00000     0.3611E+02     2.000     3   4.3073
       96     0.00000     0.3032E+02     1.000     4   4.3116
       97     0.00000     0.1933E+02     2.000     4   4.3136
       98     0.00000     0.2590E+02     1.000     4   4.3265
       99     0.00000     0.5488E+02     2.000     4   4.3290
      100     0.00000     0.1871E+02     2.000     4   4.3344
      102     0.00000     0.4017E+01     2.000     5   4.3343
      103     0.00000     0.9616E+01     2.000     5   4.3342
      104     0.00000     0.7291E+01     2.000     5   4.3363
      105     0.00000     0.3760E+02     2.000     3   4.3374
      106     0.00000     0.4002E+02     1.000     4   4.3433
      107     0.00000     0.2053E+02     2.000     4   4.3440
      108     0.00000     0.3732E+01     1.000     4   4.3560
      109     0.00000     0.2736E+01     2.000     4   4.3592
      110     0.00000     0.3583E+01     2.000     4   4.3632
      111     0.00000     0.3555E+01     2.000     4   4.3644
      112     0.00000     0.1479E+02     1.000     4   4.3702
      113     0.00000     0.6547E+01     2.000     5   4.3703
      115     0.00000     0.5260E+02     2.000     4   4.3723
      116     0.00000     0.2707E+01     2.000     4   4.3721
      117     0.00000     0.3244E+02     2.000     3   4.3746
      118     0.00000     0.2619E+02     1.000     4   4.3830
      120     0.00000     0.3029E+01     2.000     4   4.3870
      121     0.00000     0.4919E+02     2.000     4   4.3931
      123     0.00000     0.3411E+02     1.000     4   4.4100
      124     0.00000     0.2431E+02     2.000     4   4.4125
      125     0.00000     0.3808E+01     2.000     4   4.4145
      126     0.00000     0.2465E+02     2.000     4   4.4173
      129     0.00000     0.3576E+02     1.000     4   4.4330
      130     0.00000     0.2222E+02     1.000     4   4.4420
      131     0.00000     0.3184E+01     1.000     2   4.4471
      132     0.00000     0.4805E+02     2.000     4   4.4486
      133     0.00000     0.6807E+01     2.000     3   4.4583
      134     0.00000     0.1778E+02     1.000     6   4.4633
      135     0.00000     0.4754E+02     2.000     4   4.4657
      136     0.00000     0.1464E+02     1.000     6   4.4663
      138     0.00000     0.7840E+02     2.000     5   4.4848
      139     0.00000     0.1352E+02     2.000     3   4.4856
      141     0.00000     0.8081E+02     2.000     5   4.4873
      142     0.00000     0.5573E+02     2.000     5   4.4928
      143     0.00000     0.2926E+02     1.000     4   4.4946
      144     0.00000     0.5508E+02     2.000     5   4.5037
      145     0.00000     0.2222E+02     1.000     4   4.5081
      146     0.00000     0.7749E+02     2.000     5   4.5166
      148     0.00000     0.1180E+02     1.000     6   4.5232
      149     0.00000     0.1553E+02     1.000     4   4.5241
      150     0.00000     0.1432E+02     2.000     4   4.5241
      151     0.00000     0.4415E+02     2.000     4   4.5262
      152     0.00000     0.8918E+02     2.000     5   4.5334
      153     0.00000     0.4328E+02     2.000     4   4.5343
      154     0.00000     0.8615E+02     2.000     5   4.5414
      156     0.00000     0.7301E+02     2.000     5   4.5529
      157     0.00000     0.7102E+02     2.000     5   4.5612
      158     0.00000     0.8174E+02     2.000     5   4.5684
      159     0.00000     0.4586E+02     2.000     5   4.5709
      160     0.00000     0.4533E+02     2.000     5   4.5770
      161     0.00000     0.2836E+01     1.000     4   4.5819
      162     0.00000     0.4878E+01     2.000     4   4.5873
      163     0.00000     0.1192E+02     1.000     2   4.5886
      164     0.00000     0.5859E+01     1.000     4   4.5891
      165     0.00000     0.4861E+01     2.000     4   4.5968
      166     0.00000     0.7483E+01     2.000     4   4.5990
      167     0.00000     0.3580E+01     2.000     3   4.5997
      168     0.00000     0.4217E+02     2.000     5   4.6013
      169     0.00000     0.5757E+01     1.000     4   4.6045
      170     0.00000     0.4359E+02     2.000     5   4.6075
      171     0.00000     0.4057E+01     1.000     4   4.6162
      172     0.00000     0.7730E+02     2.000     5   4.6219
      173     0.00000     0.6487E+02     2.000     5   4.6309
      174     0.00000     0.6181E+01     2.000     5   4.6458
      175     0.00000     0.6809E+02     2.000     5   4.6543
      176     0.00000     0.7046E+02     2.000     5   4.6679
      177     0.00000     0.3019E+02     2.000     3   4.6739
      178     0.00000     0.3521E+01     1.000     4   4.6780
      179     0.00000     0.7322E+02     1.000     6   4.6998
      180     0.00000     0.5795E+02     1.000     6   4.7068
      181     0.00000     0.5297E+01     2.000     5   4.7098
      182     0.00000     0.2689E+01     1.000     2   4.7204
      183     0.00000     0.6869E+01     2.000     3   4.7200
      184     0.00000     0.4191E+01     2.000     3   4.7235
      185     0.00000     0.5905E+02     1.000     6   4.7236
      186     0.00000     0.5760E+02     1.000     6   4.7268
      187     0.00000     0.8033E+01     2.000     3   4.7280
      188     0.00000     0.9107E+01     2.000     4   4.7303
      189     0.00000     0.1385E+02     2.000     4   4.7417
      190     0.00000     0.6214E+01     2.000     3   4.7450
      191     0.00000     0.1568E+02     2.000     4   4.7466
      192     0.00000     0.3885E+01     2.000     4   4.7488
      194     0.00000     0.2643E+02     1.000     4   4.7592
      195     0.00000     0.8725E+01     2.000     5   4.7588
      196     0.00000     0.3385E+01     2.000     3   4.7599
      197     0.00000     0.1052E+03     2.000     6   4.7597
      198     0.00000     0.7204E+01     2.000     3   4.7603
      199     0.00000     0.1050E+03     2.000     6   4.7672
      200     0.00000     0.8916E+01     2.000     5   4.7759
      201     0.00000     0.7624E+01     2.000     4   4.7765
      203     0.00000     0.1217E+02     2.000     4   4.7811
      205     0.00000     0.4139E+01     2.000     4   4.7899
      206     0.00000     0.6788E+01     2.000     5   4.7940
      207     0.00000     0.2871E+01     2.000     3   4.7950
      208     0.00000     0.1368E+02     2.000     4   4.7953
      210     0.00000     0.5997E+01     2.000     5   4.7962
      211     0.00000     0.2091E+02     2.000     5   4.7960
      212     0.00000     0.4979E+02     1.000     6   4.8107
      213     0.00000     0.4769E+02     1.000     6   4.8140
      214     0.00000     0.4843E+02     1.000     6   4.8197
      215     0.00000     0.9310E+01     2.000     4   4.8228
      216     0.00000     0.5862E+02     1.000     6   4.8276
      217     0.00000     0.9426E+01     2.000     4   4.8298
      218     0.00000     0.3318E+01     2.000     3   4.8320
      219     0.00000     0.1652E+02     2.000     3   4.8356
      220     0.00000     0.7055E+01     2.000     4   4.8376
      221     0.00000     0.3331E+01     2.000     4   4.8404
      222     0.00000     0.9586E+01     2.000     4   4.8447
      223     0.00000     0.9921E+01     2.000     4   4.8480
      224     0.00000     0.1020E+02     2.000     4   4.8560
      225     0.00000     0.3961E+01     2.000     4   4.8736
      226     0.00000     0.7211E+01     2.000     4   4.8818
      227     0.00000     0.5121E+01     2.000     4   4.8904
      228     0.00000     0.4569E+01     2.000     3   4.8961
      229     0.00000     0.8636E+01     2.000     4   4.8996
      230     0.00000     0.6423E+01     2.000     4   4.9031
      231     0.00000     0.1700E+02     2.000     4   4.9048
      232     0.00000     0.1663E+02     2.000     4   4.9089
      233     0.00000     0.6844E+01     2.000     6   4.9173
      234     0.00000     0.1843E+02     2.000     4   4.9182
      235     0.00000     0.1816E+02     2.000     4   4.9178
      236     0.00000     0.1438E+02     2.000     5   4.9180
      237     0.00000     0.1886E+02     2.000     4   4.9187
      238     0.00000     0.2420E+02     2.000     4   4.9209
      239     0.00000     0.6783E+01     2.000     4   4.9228
      240     0.00000     0.8948E+01     2.000     4   4.9277
      241     0.00000     0.3246E+02     2.000     5   4.9306
      242     0.00000     0.1840E+02     2.000     4   4.9318
      243     0.00000     0.1848E+02     2.000     4   4.9353
      244     0.00000     0.1645E+02     2.000     5   4.9349
      245     0.00000     0.1170E+02     2.000     5   4.9358
      246     0.00000     0.2864E+02     1.000     6   4.9357
      247     0.00000     0.3484E+02     2.000     5   4.9368
      248     0.00000     0.4538E+01     2.000     3   4.9390
      249     0.00000     0.8535E+01     2.000     4   4.9386
      250     0.00000     0.8753E+01     2.000     5   4.9390
      251     0.00000     0.4826E+01     2.000     4   4.9393
      252     0.00000     0.3282E+02     2.000     5   4.9409
      254     0.00000     0.1769E+02     2.000     4   4.9451
      255     0.00000     0.5837E+01     2.000     6   4.9483
      256     0.00000     0.5106E+01     2.000     4   4.9492
      257     0.00000     0.3892E+01     2.000     3   4.9501
      258     0.00000     0.1028E+02     2.000     5   4.9499
      259     0.00000     0.9200E+01     2.000     4   4.9514
      260     0.00000     0.3498E+02     2.000     5   4.9537
      261     0.00000     0.3596E+02     2.000     5   4.9539
      262     0.00000     0.1419E+02     2.000     5   4.9547
      264     0.00000     0.3532E+02     2.000     5   4.9668
      266     0.00000     0.1531E+02     2.000     5   4.9676
      267     0.00000     0.7691E+01     2.000     6   4.9739
      268     0.00000     0.3283E+01     2.000     4   4.9749
      269     0.00000     0.3987E+01     2.000     4   4.9753
      270     0.00000     0.8041E+01     2.000     4   4.9762
      271     0.00000     0.6004E+01     2.000     4   4.9799
      272     0.00000     0.5137E+01     2.000     3   4.9807
      273     0.00000     0.8011E+01     2.000     4   4.9814
      274     0.00000     0.1963E+02     2.000     5   4.9812
      275     0.00000     0.1149E+02     2.000     4   4.9840
      276     0.00000     0.2020E+02     2.000     5   4.9844
      277     0.00000     0.1220E+02     2.000     5   4.9863
      278     0.00000     0.4420E+01     2.000     4   4.9888
      279     0.00000     0.2026E+02     2.000     5   4.9896
      280     0.00000     0.5675E+01     2.000     3   4.9950
      281     0.00000     0.1190E+02     2.000     5   4.9979
      282     0.00000     0.3647E+01     2.000     5   4.9994
      283     0.00000     0.1827E+02     2.000     5   5.0026
      284     0.00000     0.1313E+02     2.000     5   5.0034
      285     0.00000     0.1150E+02     2.000     4   5.0058
      286     0.00000     0.2013E+02     2.000     5   5.0077
      287     0.00000     0.3688E+01     2.000     3   5.0106
      288     0.00000     0.1076E+02     2.000     4   5.0129
      289     0.00000     0.9191E+01     1.000     2   5.0164
      290     0.00000     0.3392E+02     2.000     3   5.0185
      291     0.00000     0.1123E+02     2.000     4   5.0192
      292     0.00000     0.1768E+02     2.000     5   5.0200
      293     0.00000     0.3338E+02     1.000     4   5.0206
      294     0.00000     0.8104E+01     2.000     5   5.0265
      295     0.00000     0.1699E+02     2.000     5   5.0275
      296     0.00000     0.9809E+01     2.000     5   5.0277
      297     0.00000     0.3411E+01     2.000     3   5.0301
      298     0.00000     0.8692E+01     2.000     5   5.0320
      299     0.00000     0.9278E+01     2.000     5   5.0349
      300     0.00000     0.1849E+02     2.000     5   5.0448
      301     0.00000     0.2078E+02     2.000     5   5.0471
      302     0.00000     0.1482E+02     2.000     5   5.0479
      303     0.00000     0.1495E+02     2.000     5   5.0519
      304     0.00000     0.3817E+01     2.000     5   5.0539
      305     0.00000     0.1393E+02     2.000     5   5.0553
      306     0.00000     0.1252E+02     2.000     5   5.0560
      307     0.00000     0.7839E+01     2.000     5   5.0585
      308     0.00000     0.3254E+01     2.000     3   5.0633
      309     0.00000     0.3622E+01     2.000     5   5.0645
      310     0.00000     0.4381E+01     1.000     4   5.0735
      311     0.00000     0.7876E+01     2.000     4   5.0761
      312     0.00000     0.1808E+02     2.000     5   5.0790
      313     0.00000     0.1022E+02     2.000     5   5.0812
      314     0.00000     0.7781E+01     2.000     5   5.0814
      315     0.00000     0.6992E+01     1.000     4   5.0827
      316     0.00000     0.6442E+01     2.000     3   5.0839
      317     0.00000     0.7878E+01     2.000     5   5.0882
      318     0.00000     0.8610E+01     2.000     5   5.0920
      319     0.00000     0.5011E+01     1.000     4   5.0969
      320     0.00000     0.8962E+01     2.000     5   5.0970
      321     0.00000     0.4376E+01     1.000     4   5.1044
      322     0.00000     0.2902E+02     2.000     5   5.1040
      323     0.00000     0.4814E+01     2.000     3   5.1082
      324     0.00000     0.8273E+01     2.000     3   5.1079
      325     0.00000     0.3994E+01     2.000     4   5.1085
      326     0.00000     0.2879E+02     2.000     5   5.1086
      327     0.00000     0.1827E+02     2.000     4   5.1162
      328     0.00000     0.8398E+01     2.000     5   5.1165
      329     0.00000     0.3229E+01     2.000     4   5.1181
      330     0.00000     0.9526E+01     2.000     4   5.1182
      331     0.00000     0.4106E+01     2.000     4   5.1226
      332     0.00000     0.4851E+01     2.000     4   5.1229
      333     0.00000     0.6135E+01     2.000     4   5.1242
      334     0.00000     0.8201E+01     2.000     3   5.1262
      335     0.00000     0.7509E+01     2.000     4   5.1370
      336     0.00000     0.6373E+01     2.000     3   5.1376
      337     0.00000     0.6083E+01     2.000     3   5.1377
      338     0.00000     0.7611E+01     2.000     4   5.1379
      339     0.00000     0.1280E+02     2.000     4   5.1392
      340     0.00000     0.7247E+01     2.000     5   5.1412
      341     0.00000     0.4922E+01     2.000     3   5.1418
      342     0.00000     0.7483E+01     2.000     4   5.1549
      343     0.00000     0.8457E+01     2.000     3   5.1576
      344     0.00000     0.2190E+02     2.000     6   5.1578
      345     0.00000     0.4613E+01     1.000     4   5.1595
      346     0.00000     0.1268E+02     2.000     4   5.1623
      347     0.00000     0.5140E+01     2.000     3   5.1644
      348     0.00000     0.8161E+01     2.000     3   5.1645
      349     0.00000     0.5379E+01     2.000     4   5.1709
      350     0.00000     0.9178E+01     2.000     4   5.1706
      351     0.00000     0.2389E+02     2.000     5   5.1713
      352     0.00000     0.2364E+02     2.000     5   5.1742
      353     0.00000     0.2680E+02     2.000     6   5.1746
      354     0.00000     0.2033E+02     2.000     5   5.1753
      355     0.00000     0.2336E+02     2.000     5   5.1789
      356     0.00000     0.1020E+02     2.000     4   5.1816
      357     0.00000     0.8179E+01     1.000     4   5.1815
      358     0.00000     0.3940E+01     2.000     5   5.1820
      359     0.00000     0.2290E+02     2.000     6   5.1849
      360     0.00000     0.1236E+02     2.000     4   5.1863
      361     0.00000     0.7558E+01     2.000     4   5.1862
      362     0.00000     0.1300E+02     2.000     4   5.1862
      363     0.00000     0.6349E+01     2.000     3   5.1871
      364     0.00000     0.4332E+02     2.000     6   5.1927
      365     0.00000     0.2263E+02     2.000     5   5.1947
      367     0.00000     0.7311E+01     2.000     4   5.1973
      368     0.00000     0.9891E+01     2.000     4   5.1972
      370     0.00000     0.3416E+02     2.000     5   5.2015
      371     0.00000     0.1393E+02     2.000     5   5.2055
      372     0.00000     0.4197E+02     2.000     6   5.2063
      373     0.00000     0.9655E+01     2.000     5   5.2082
      374     0.00000     0.2023E+02     2.000     5   5.2080
      375     0.00000     0.2322E+02     2.000     6   5.2103
      376     0.00000     0.1004E+02     2.000     4   5.2110
      377     0.00000     0.1045E+02     2.000     4   5.2130
      378     0.00000     0.3417E+01     1.000     4   5.2130
      379     0.00000     0.3161E+01     1.000     4   5.2128
      380     0.00000     0.8303E+01     1.000     4   5.2131
      381     0.00000     0.4107E+02     2.000     6   5.2151
      382     0.00000     0.4155E+02     2.000     6   5.2163
      383     0.00000     0.4170E+01     2.000     3   5.2176
      384     0.00000     0.2714E+02     2.000     5   5.2176
      385     0.00000     0.3864E+01     2.000     5   5.2178
      386     0.00000     0.2178E+02     2.000     6   5.2182
      387     0.00000     0.8253E+01     2.000     4   5.2197
      388     0.00000     0.1670E+02     2.000     5   5.2240
      389     0.00000     0.1719E+02     2.000     5   5.2333
      390     0.00000     0.2825E+02     2.000     5   5.2348
      391     0.00000     0.1825E+02     2.000     5   5.2347
      393     0.00000     0.2629E+02     2.000     6   5.2359
      394     0.00000     0.2612E+02     2.000     6   5.2374
      395     0.00000     0.9085E+01     2.000     4   5.2415
      396     0.00000     0.1698E+02     2.000     6   5.2449
      397     0.00000     0.4287E+01     2.000     5   5.2474
      398     0.00000     0.4259E+01     2.000     3   5.2501
      399     0.00000     0.3914E+01     2.000     5   5.2512
      400     0.00000     0.2464E+02     1.000     6   5.2537
      401     0.00000     0.2577E+02     1.000     6   5.2564
      402     0.00000     0.6570E+01     2.000     4   5.2603
      403     0.00000     0.1246E+02     2.000     4   5.2614
      404     0.00000     0.4120E+02     2.000     6   5.2637
      405     0.00000     0.8135E+01     2.000     5   5.2662
      406     0.00000     0.2226E+02     2.000     5   5.2663
      407     0.00000     0.7780E+01     2.000     5   5.2662
      408     0.00000     0.9399E+01     2.000     4   5.2673
      409     0.00000     0.4104E+02     2.000     6   5.2670
      410     0.00000     0.7437E+01     2.000     4   5.2680
      411     0.00000     0.2030E+02     2.000     6   5.2703
      412     0.00000     0.6512E+01     2.000     4   5.2741
      413     0.00000     0.1310E+02     2.000     5   5.2742
      414     0.00000     0.1549E+02     2.000     5   5.2779
      416     0.00000     0.3692E+01     2.000     3   5.2802
      417     0.00000     0.8169E+01     2.000     5   5.2810
      418     0.00000     0.5168E+01     1.000     4   5.2823
      419     0.00000     0.5034E+01     2.000     5   5.2822
      420     0.00000     0.1315E+02     2.000     5   5.2819
      421     0.00000     0.7803E+01     2.000     4   5.2824
      422     0.00000     0.5139E+01     2.000     4   5.2862
      423     0.00000     0.1098E+02     2.000     5   5.2871
      424     0.00000     0.7467E+01     2.000     4   5.2883
      425     0.00000     0.1523E+02     2.000     5   5.2891
      426     0.00000     0.3675E+02     2.000     6   5.2941
      427     0.00000     0.6672E+01     2.000     4   5.2961
      428     0.00000     0.9066E+01     2.000     5   5.2963
      429     0.00000     0.8799E+01     2.000     5   5.2963
      430     0.00000     0.3736E+02     2.000     6   5.2974
      431     0.00000     0.9806E+01     2.000     4   5.2995
      433     0.00000     0.3827E+02     2.000     6   5.3024
      434     0.00000     0.1582E+02     2.000     4   5.3048
      435     0.00000     0.8239E+01     2.000     3   5.3068
      436     0.00000     0.3182E+01     2.000     4   5.3103
      437     0.00000     0.4006E+01     2.000     5   5.3105
      438     0.00000     0.5764E+01     2.000     4   5.3116
      439     0.00000     0.1016E+02     2.000     5   5.3144
      440     0.00000     0.2122E+02     2.000     5   5.3159
      441     0.00000     0.1298E+02     2.000     5   5.3158
      442     0.00000     0.4775E+01     2.000     3   5.3174
      443     0.00000     0.1096E+02     2.000     5   5.3179
      444     0.00000     0.5060E+01     2.000     3   5.3220
      445     0.00000     0.2384E+02     2.000     5   5.3233
      446     0.00000     0.1313E+02     2.000     4   5.3254
      447     0.00000     0.7911E+01     2.000     5   5.3258
      448     0.00000     0.7543E+01     2.000     5   5.3258
      449     0.00000     0.7803E+01     2.000     4   5.3265
      450     0.00000     0.8681E+01     2.000     3   5.3291
      451     0.00000     0.1394E+02     2.000     5   5.3294
      452     0.00000     0.9525E+01     1.000     4   5.3311
      453     0.00000     0.1825E+02     2.000     4   5.3312
      454     0.00000     0.4505E+01     2.000     4   5.3341
      455     0.00000     0.4189E+01     2.000     5   5.3371
      456     0.00000     0.3738E+02     2.000     6   5.3375
      457     0.00000     0.1296E+02     2.000     4   5.3387
      458     0.00000     0.2899E+01     2.000     5   5.3410
      459     0.00000     0.1086E+02     2.000     4   5.3417
      460     0.00000     0.4945E+01     2.000     5   5.3423
      461     0.00000     0.1449E+02     2.000     5   5.3447
      462     0.00000     0.9017E+01     2.000     5   5.3446
      463     0.00000     0.6323E+01     2.000     4   5.3452
      464     0.00000     0.8350E+01     2.000     5   5.3450
      465     0.00000     0.6045E+01     2.000     4   5.3461
      466     0.00000     0.1159E+02     2.000     4   5.3463
      467     0.00000     0.4984E+01     2.000     5   5.3482
      468     0.00000     0.3220E+02     2.000     5   5.3497
      469     0.00000     0.1579E+02     1.000     6   5.3511
      470     0.00000     0.3220E+01     1.000     4   5.3522
      472     0.00000     0.3059E+01     2.000     7   5.3548
      473     0.00000     0.9633E+01     2.000     5   5.3557
      474     0.00000     0.6465E+01     2.000     4   5.3569
      475     0.00000     0.8759E+01     2.000     5   5.3571
      476     0.00000     0.8519E+01     2.000     5   5.3571
      477     0.00000     0.1867E+02     2.000     5   5.3602
      478     0.00000     0.1893E+02     2.000     5   5.3608
      479     0.00000     0.3874E+01     2.000     4   5.3617
      480     0.00000     0.3595E+01     1.000     4   5.3615
      481     0.00000     0.4917E+01     2.000     5   5.3627
      482     0.00000     0.1686E+02     2.000     5   5.3633
      483     0.00000     0.1893E+02     2.000     5   5.3649
      484     0.00000     0.2407E+02     2.000     6   5.3655
      485     0.00000     0.3044E+01     2.000     4   5.3665
      486     0.00000     0.2565E+02     2.000     6   5.3664
      487     0.00000     0.5140E+01     2.000     3   5.3670
      488     0.00000     0.9592E+01     2.000     5   5.3680
      489     0.00000     0.2889E+02     1.000     6   5.3682
      490     0.00000     0.4449E+01     2.000     4   5.3692
      491     0.00000     0.9616E+01     2.000     5   5.3692
      492     0.00000     0.2862E+01     2.000     5   5.3700
      493     0.00000     0.1470E+02     2.000     5   5.3704
      494     0.00000     0.5441E+01     2.000     4   5.3726
      495     0.00000     0.5338E+01     2.000     6   5.3732
      496     0.00000     0.2862E+01     2.000     5   5.3739
      497     0.00000     0.3820E+01     2.000     5   5.3748
      498     0.00000     0.1987E+02     2.000     5   5.3748
      499     0.00000     0.5063E+01     2.000     5   5.3775
      500     0.00000     0.1306E+02     2.000     4   5.3827
      501     0.00000     0.1063E+02     2.000     5   5.3825
      502     0.00000     0.7323E+01     2.000     6   5.3825
      503     0.00000     0.7881E+01     2.000     6   5.3824
      504     0.00000     0.4567E+01     2.000     7   5.3835
      505     0.00000     0.5790E+01     2.000     4   5.3850
      506     0.00000     0.4405E+01     2.000     5   5.3858
      507     0.00000     0.3509E+01     2.000     3   5.3868
      508     0.00000     0.9282E+01     2.000     5   5.3877
      509     0.00000     0.3615E+01     2.000     5   5.3875
      510     0.00000     0.3323E+01     2.000     5   5.3907
      511     0.00000     0.3091E+01     2.000     5   5.3912
      512     0.00000     0.1124E+02     2.000     5   5.3916
      513     0.00000     0.4355E+01     2.000     5   5.3920
      514     0.00000     0.8873E+01     2.000     6   5.3922
      515     0.00000     0.4597E+01     2.000     5   5.3972
      516     0.00000     0.7076E+01     2.000     5   5.3972
      517     0.00000     0.3766E+01     1.000     4   5.4003
      518     0.00000     0.1636E+02     2.000     5   5.4011
      519     0.00000     0.4853E+01     2.000     4   5.4021
      520     0.00000     0.3818E+01     2.000     5   5.4038
      521     0.00000     0.3768E+01     2.000     4   5.4043
      522     0.00000     0.2107E+02     2.000     5   5.4044
      523     0.00000     0.8181E+01     2.000     6   5.4051
      524     0.00000     0.5379E+01     2.000     5   5.4058
      525     0.00000     0.6629E+01     2.000     6   5.4075
      528     0.00000     0.1269E+02     2.000     5   5.4088
      529     0.00000     0.9446E+01     2.000     5   5.4120
      530     0.00000     0.4858E+01     2.000     6   5.4128
      531     0.00000     0.9535E+01     2.000     6   5.4130
      533     0.00000     0.6316E+01     2.000     7   5.4128
      534     0.00000     0.2040E+02     2.000     6   5.4142
      535     0.00000     0.2882E+02     2.000     6   5.4142
      536     0.00000     0.4967E+01     2.000     5   5.4151
      537     0.00000     0.4755E+01     2.000     7   5.4149
      538     0.00000     0.4089E+01     2.000     5   5.4157
      539     0.00000     0.9710E+01     2.000     6   5.4183
      540     0.00000     0.1423E+02     1.000     6   5.4186
      541     0.00000     0.9084E+01     2.000     5   5.4206
      542     0.00000     0.1560E+02     2.000     5   5.4212
      543     0.00000     0.1127E+02     2.000     6   5.4219
      544     0.00000     0.7117E+01     2.000     6   5.4226
      545     0.00000     0.2228E+02     2.000     5   5.4235
      546     0.00000     0.5053E+01     2.000     6   5.4237
      547     0.00000     0.3466E+02     2.000     5   5.4247
      548     0.00000     0.1668E+02     2.000     5   5.4257
      549     0.00000     0.5992E+01     2.000     6   5.4255
      550     0.00000     0.9288E+01     2.000     4   5.4268
      551     0.00000     0.3329E+01     2.000     5   5.4277
      552     0.00000     0.4605E+01     2.000     5   5.4280
      553     0.00000     0.4141E+01     2.000     4   5.4292
      554     0.00000     0.3335E+01     2.000     6   5.4291
      556     0.00000     0.1052E+02     2.000     3   5.4329
      557     0.00000     0.4844E+01     2.000     4   5.4332
      558     0.00000     0.7075E+01     2.000     6   5.4333
      559     0.00000     0.8736E+01     2.000     5   5.4339
      560     0.00000     0.8452E+01     2.000     6   5.4368
      561     0.00000     0.3148E+01     2.000     5   5.4369
      562     0.00000     0.1099E+02     2.000     5   5.4383
      563     0.00000     0.1036E+02     2.000     6   5.4423
      564     0.00000     0.4385E+01     2.000     4   5.4457
      566     0.00000     0.9579E+01     2.000     5   5.4478
      567     0.00000     0.2000E+02     2.000     6   5.4474
      568     0.00000     0.2860E+02     2.000     6   5.4474
      569     0.00000     0.8435E+01     2.000     5   5.4481
      570     0.00000     0.4298E+01     2.000     7   5.4486
      571     0.00000     0.5916E+01     2.000     3   5.4497
      572     0.00000     0.1137E+02     2.000     5   5.4504
      573     0.00000     0.4856E+01     2.000     6   5.4507
      574     0.00000     0.2360E+02     2.000     5   5.4511
      575     0.00000     0.1278E+02     2.000     4   5.4519
      576     0.00000     0.4854E+01     2.000     5   5.4517
      577     0.00000     0.9743E+01     2.000     6   5.4523
      578     0.00000     0.6620E+02     2.000     7   5.4539
      579     0.00000     0.1647E+02     2.000     6   5.4547
      580     0.00000     0.4543E+01     2.000     5   5.4556
      581     0.00000     0.6606E+02     2.000     7   5.4558
      582     0.00000     0.3826E+02     2.000     6   5.4564
      583     0.00000     0.1266E+02     2.000     6   5.4564
      585     0.00000     0.3008E+01     2.000     6   5.4577
      586     0.00000     0.1026E+02     2.000     5   5.4600
      587     0.00000     0.1308E+02     2.000     5   5.4616
      588     0.00000     0.9105E+01     2.000     6   5.4615
      590     0.00000     0.1196E+02     2.000     4   5.4627
      591     0.00000     0.8566E+01     1.000     6   5.4629
      592     0.00000     0.8915E+01     2.000     5   5.4642
      593     0.00000     0.4137E+01     2.000     6   5.4652
      594     0.00000     0.7852E+01     2.000     6   5.4652
      595     0.00000     0.1018E+02     2.000     6   5.4652
      596     0.00000     0.8813E+01     2.000     5   5.4657
      597     0.00000     0.1409E+02     2.000     5   5.4663
      598     0.00000     0.9155E+01     2.000     5   5.4682
      599     0.00000     0.4134E+02     2.000     6   5.4696
      600     0.00000     0.4997E+01     2.000     4   5.4722
      601     0.00000     0.2304E+02     2.000     6   5.4721
      602     0.00000     0.4857E+01     2.000     6   5.4723
      603     0.00000     0.1199E+02     2.000     6   5.4723
      604     0.00000     0.3956E+02     2.000     6   5.4743
      605     0.00000     0.2450E+02     2.000     6   5.4742
      606     0.00000     0.6942E+01     2.000     6   5.4754
      607     0.00000     0.6732E+01     1.000     6   5.4763
      608     0.00000     0.6309E+01     1.000     6   5.4773
      609     0.00000     0.5452E+01     2.000     4   5.4818
      610     0.00000     0.5608E+01     2.000     4   5.4820
      611     0.00000     0.1190E+02     2.000     6   5.4820
      612     0.00000     0.3068E+01     2.000     5   5.4852
      613     0.00000     0.2104E+02     2.000     5   5.4855
      614     0.00000     0.7248E+01     2.000     6   5.4866
      615     0.00000     0.1076E+02     2.000     4   5.4888
      616     0.00000     0.1139E+02     2.000     6   5.4886
      617     0.00000     0.8595E+01     2.000     5   5.4896
      618     0.00000     0.5504E+01     2.000     6   5.4910
      619     0.00000     0.2419E+02     2.000     5   5.4910
      620     0.00000     0.5111E+01     2.000     6   5.4908
      621     0.00000     0.8833E+01     2.000     6   5.4908
      622     0.00000     0.1144E+02     2.000     6   5.4908
      623     0.00000     0.3387E+01     2.000     5   5.4921
      624     0.00000     0.1201E+02     2.000     4   5.4929
      625     0.00000     0.7083E+02     2.000     7   5.4926
      626     0.00000     0.3634E+01     2.000     4   5.4949
      628     0.00000     0.4704E+01     2.000     6   5.4959
      629     0.00000     0.4906E+01     2.000     6   5.4964
      630     0.00000     0.7434E+02     2.000     7   5.4959
      631     0.00000     0.9471E+01     2.000     4   5.4979
      632     0.00000     0.1800E+02     2.000     5   5.4977
      633     0.00000     0.1339E+02     2.000     5   5.5060
      634     0.00000     0.5272E+01     2.000     6   5.5066
      635     0.00000     0.1277E+02     2.000     6   5.5066
      636     0.00000     0.4894E+01     2.000     3   5.5083
      637     0.00000     0.1193E+02     1.000     4   5.5096
      638     0.00000     0.4040E+01     2.000     4   5.5097
      639     0.00000     0.1914E+02     2.000     5   5.5115
      640     0.00000     0.1056E+02     2.000     6   5.5114
      641     0.00000     0.9178E+01     2.000     5   5.5118
      642     0.00000     0.4713E+01     2.000     5   5.5135
      643     0.00000     0.3806E+01     2.000     5   5.5143
      644     0.00000     0.1223E+02     2.000     6   5.5147
      646     0.00000     0.7555E+01     2.000     5   5.5159
      647     0.00000     0.7535E+01     2.000     5   5.5166
      648     0.00000     0.1533E+02     2.000     6   5.5168
      649     0.00000     0.1223E+02     2.000     6   5.5179
      650     0.00000     0.4158E+01     2.000     6   5.5202
      651     0.00000     0.5890E+01     2.000     6   5.5201
      652     0.00000     0.1126E+02     2.000     6   5.5203
      653     0.00000     0.6658E+01     2.000     6   5.5203
      654     0.00000     0.6196E+01     2.000     6   5.5204
      655     0.00000     0.2919E+01     2.000     5   5.5214
      656     0.00000     0.8337E+01     2.000     5   5.5212
      657     0.00000     0.3754E+01     2.000     4   5.5222
      658     0.00000     0.2825E+01     2.000     5   5.5226
      659     0.00000     0.2347E+02     2.000     6   5.5246
      660     0.00000     0.5169E+01     2.000     6   5.5256
      661     0.00000     0.4696E+01     2.000     6   5.5253
      662     0.00000     0.9922E+01     2.000     6   5.5268
      663     0.00000     0.5982E+01     2.000     6   5.5268
      664     0.00000     0.1339E+02     2.000     6   5.5272
      665     0.00000     0.2258E+02     2.000     5   5.5289
      666     0.00000     0.3661E+01     2.000     5   5.5289
      667     0.00000     0.7700E+01     2.000     5   5.5302
      669     0.00000     0.6766E+01     2.000     6   5.5323
      670     0.00000     0.5077E+01     2.000     6   5.5324
      671     0.00000     0.3196E+01     2.000     4   5.5362
      672     0.00000     0.5537E+01     2.000     6   5.5358
      673     0.00000     0.2660E+02     2.000     6   5.5377
      674     0.00000     0.2486E+02     2.000     5   5.5411
      675     0.00000     0.1659E+02     1.000     6   5.5409
      676     0.00000     0.7269E+01     2.000     4   5.5416
      677     0.00000     0.5908E+02     2.000     7   5.5412
      679     0.00000     0.9032E+01     2.000     6   5.5436
      680     0.00000     0.1488E+02     2.000     6   5.5442
      681     0.00000     0.3891E+01     2.000     4   5.5449
      682     0.00000     0.3616E+02     2.000     5   5.5457
      683     0.00000     0.1113E+02     1.000     4   5.5465
      684     0.00000     0.1213E+02     2.000     6   5.5474
      685     0.00000     0.4666E+01     2.000     5   5.5505
      686     0.00000     0.5040E+01     2.000     5   5.5505
      687     0.00000     0.3483E+01     2.000     5   5.5510
      688     0.00000     0.5596E+01     2.000     6   5.5508
      690     0.00000     0.5892E+01     2.000     6   5.5560
      691     0.00000     0.1027E+02     2.000     6   5.5560
      692     0.00000     0.6422E+01     2.000     6   5.5563
      693     0.00000     0.8134E+01     2.000     6   5.5563
      694     0.00000     0.9830E+01     2.000     6   5.5568
      695     0.00000     0.1146E+02     2.000     4   5.5587
      696     0.00000     0.1910E+02     2.000     5   5.5584
      697     0.00000     0.3879E+01     2.000     3   5.5597
      698     0.00000     0.1385E+02     1.000     6   5.5593
      700     0.00000     0.3343E+01     2.000     4   5.5603
      701     0.00000     0.2565E+02     2.000     5   5.5608
      703     0.00000     0.4434E+02     2.000     6   5.5628
      704     0.00000     0.2716E+02     2.000     7   5.5634
      705     0.00000     0.1372E+02     2.000     5   5.5647
      706     0.00000     0.3858E+02     2.000     6   5.5650
      707     0.00000     0.3629E+01     2.000     4   5.5662
      708     0.00000     0.3076E+02     2.000     7   5.5659
      709     0.00000     0.7205E+01     2.000     5   5.5673
      710     0.00000     0.9628E+01     2.000     6   5.5669
      711     0.00000     0.3604E+02     2.000     5   5.5682
      712     0.00000     0.1557E+02     1.000     6   5.5711
      713     0.00000     0.3090E+02     2.000     7   5.5714
      714     0.00000     0.2629E+02     2.000     7   5.5712
      715     0.00000     0.1467E+02     2.000     5   5.5742
      716     0.00000     0.1401E+02     2.000     4   5.5758
      717     0.00000     0.4619E+01     2.000     5   5.5764
      718     0.00000     0.5747E+02     2.000     7   5.5770
      719     0.00000     0.1521E+02     2.000     5   5.5775
      720     0.00000     0.3197E+02     2.000     5   5.5779
      721     0.00000     0.4373E+01     2.000     5   5.5788
      722     0.00000     0.3119E+01     2.000     4   5.5797
      723     0.00000     0.6522E+01     2.000     6   5.5801
      724     0.00000     0.6648E+01     2.000     5   5.5805
      725     0.00000     0.9606E+01     2.000     6   5.5809
      726     0.00000     0.2894E+02     1.000     6   5.5818
      727     0.00000     0.3002E+02     2.000     7   5.5823
      728     0.00000     0.4527E+02     2.000     6   5.5845
      729     0.00000     0.6106E+01     2.000     6   5.5857
      730     0.00000     0.1578E+02     2.000     5   5.5865
      731     0.00000     0.1300E+02     2.000     5   5.5893
      732     0.00000     0.1430E+02     2.000     5   5.5899
      733     0.00000     0.3052E+02     1.000     6   5.5899
      734     0.00000     0.3748E+01     2.000     5   5.5905
      735     0.00000     0.1495E+02     2.000     5   5.5916
      736     0.00000     0.1414E+02     2.000     5   5.5922
      737     0.00000     0.4165E+01     2.000     6   5.5923
      738     0.00000     0.5666E+01     2.000     4   5.5936
      739     0.00000     0.4172E+01     2.000     3   5.5945
      740     0.00000     0.5103E+02     2.000     5   5.5943
      741     0.00000     0.9353E+01     2.000     6   5.5952
      742     0.00000     0.2448E+02     2.000     6   5.5954
      743     0.00000     0.9945E+01     2.000     7   5.5952
      744     0.00000     0.2242E+02     2.000     7   5.5952
      746     0.00000     0.4087E+01     2.000     3   5.5981
      747     0.00000     0.1041E+02     2.000     6   5.5981
      748     0.00000     0.1248E+02     2.000     5   5.6011
      749     0.00000     0.2543E+02     2.000     6   5.6008
      750     0.00000     0.1272E+02     1.000     6   5.6008
      752     0.00000     0.1221E+02     2.000     6   5.6046
      753     0.00000     0.3571E+02     2.000     7   5.6043
      755     0.00000     0.3792E+02     2.000     7   5.6058
      756     0.00000     0.1140E+02     1.000     4   5.6076
      757     0.00000     0.2626E+02     2.000     6   5.6085
      758     0.00000     0.2663E+02     2.000     6   5.6092
      759     0.00000     0.4212E+02     2.000     6   5.6108
      760     0.00000     0.2754E+02     2.000     6   5.6108
      761     0.00000     0.1387E+02     2.000     7   5.6120
      762     0.00000     0.3318E+02     2.000     7   5.6120
      763     0.00000     0.1744E+02     2.000     5   5.6129
      764     0.00000     0.2800E+02     2.000     6   5.6137
      765     0.00000     0.4494E+02     2.000     6   5.6137
      766     0.00000     0.2648E+02     2.000     6   5.6137
      767     0.00000     0.8198E+01     2.000     5   5.6149
      768     0.00000     0.4577E+01     2.000     6   5.6168
      770     0.00000     0.4320E+01     2.000     6   5.6169
      771     0.00000     0.8270E+01     2.000     6   5.6168
      772     0.00000     0.3123E+02     2.000     6   5.6189
      773     0.00000     0.8740E+01     1.000     6   5.6190
      774     0.00000     0.1462E+02     1.000     6   5.6198
      775     0.00000     0.1284E+02     2.000     7   5.6199
      776     0.00000     0.2603E+02     2.000     7   5.6199
      777     0.00000     0.1067E+02     1.000     4   5.6205
      778     0.00000     0.2353E+02     2.000     6   5.6214
      779     0.00000     0.4410E+01     2.000     5   5.6221
      780     0.00000     0.1484E+02     2.000     5   5.6222
      781     0.00000     0.2497E+02     2.000     6   5.6228
      782     0.00000     0.2606E+02     2.000     6   5.6254
      783     0.00000     0.1813E+02     2.000     6   5.6260
      784     0.00000     0.2510E+02     2.000     6   5.6260
      785     0.00000     0.9007E+01     2.000     5   5.6269
      786     0.00000     0.2894E+02     2.000     6   5.6266
      787     0.00000     0.4974E+01     2.000     5   5.6286
      788     0.00000     0.4520E+01     2.000     5   5.6291
      789     0.00000     0.7800E+02     2.000     7   5.6294
      790     0.00000     0.6457E+01     2.000     5   5.6302
      791     0.00000     0.8157E+02     2.000     6   5.6305
      792     0.00000     0.9050E+01     2.000     6   5.6313
      793     0.00000     0.4064E+02     2.000     6   5.6326
      794     0.00000     0.1905E+02     2.000     6   5.6326
      798     0.00000     0.3400E+02     2.000     5   5.6391
      799     0.00000     0.2427E+02     2.000     7   5.6396
      800     0.00000     0.3880E+01     1.000     4   5.6418
      801     0.00000     0.6469E+01     1.000     2   5.6423
      802     0.00000     0.3379E+02     2.000     5   5.6426
      803     0.00000     0.1496E+02     2.000     5   5.6432
      805     0.00000     0.1227E+02     1.000     6   5.6439
      806     0.00000     0.2876E+02     2.000     6   5.6439
      807     0.00000     0.4573E+02     2.000     6   5.6439
      808     0.00000     0.2708E+02     2.000     6   5.6439
      809     0.00000     0.3567E+02     1.000     6   5.6455
      810     0.00000     0.1581E+02     2.000     7   5.6470
      811     0.00000     0.3486E+02     2.000     7   5.6470
      812     0.00000     0.1124E+02     2.000     6   5.6476
      813     0.00000     0.8507E+01     2.000     6   5.6476
      814     0.00000     0.4550E+02     2.000     5   5.6493
      815     0.00000     0.1431E+02     2.000     7   5.6493
      816     0.00000     0.2157E+02     2.000     7   5.6492
      817     0.00000     0.1394E+02     2.000     7   5.6492
      818     0.00000     0.1687E+02     2.000     6   5.6494
      819     0.00000     0.3928E+02     2.000     6   5.6494
      820     0.00000     0.1922E+02     2.000     6   5.6494
      821     0.00000     0.1723E+02     2.000     6   5.6494
      822     0.00000     0.2337E+02     2.000     7   5.6494
      823     0.00000     0.6670E+01     2.000     5   5.6517
      824     0.00000     0.2001E+02     2.000     5   5.6516
      825     0.00000     0.3080E+01     2.000     5   5.6514
      826     0.00000     0.2172E+02     2.000     5   5.6527
      827     0.00000     0.1565E+02     2.000     7   5.6556
      828     0.00000     0.1057E+02     2.000     7   5.6554
      829     0.00000     0.1734E+02     2.000     7   5.6554
      830     0.00000     0.1604E+02     2.000     3   5.6569
      831     0.00000     0.2817E+02     1.000     6   5.6576
      832     0.00000     0.2805E+01     1.000     4   5.6588
      833     0.00000     0.3735E+02     2.000     6   5.6623
      834     0.00000     0.1493E+02     2.000     7   5.6625
      835     0.00000     0.4814E+01     2.000     5   5.6632
      836     0.00000     0.2877E+02     2.000     6   5.6631
      837     0.00000     0.9144E+01     2.000     6   5.6647
      838     0.00000     0.1651E+02     2.000     7   5.6649
      839     0.00000     0.6869E+01     2.000     5   5.6684
      841     0.00000     0.1663E+02     2.000     6   5.6699
      842     0.00000     0.2697E+01     1.000     4   5.6705
      843     0.00000     0.7788E+02     2.000     6   5.6710
      844     0.00000     0.1073E+02     1.000     4   5.6714
      845     0.00000     0.3806E+02     2.000     6   5.6712
      846     0.00000     0.1585E+02     2.000     7   5.6722
      847     0.00000     0.1169E+02     2.000     6   5.6734
      848     0.00000     0.3954E+01     2.000     4   5.6741
      849     0.00000     0.1428E+02     2.000     6   5.6741
      850     0.00000     0.1776E+02     2.000     7   5.6762
      851     0.00000     0.1524E+02     2.000     6   5.6765
      852     0.00000     0.2633E+02     1.000     6   5.6776
      853     0.00000     0.3825E+02     2.000     6   5.6789
      854     0.00000     0.6051E+02     1.000     6   5.6791
      855     0.00000     0.5244E+01     2.000     6   5.6794
      856     0.00000     0.1625E+02     2.000     6   5.6789
      857     0.00000     0.1942E+02     2.000     7   5.6797
      858     0.00000     0.1711E+02     2.000     7   5.6799
      859     0.00000     0.3807E+01     2.000     4   5.6800
      860     0.00000     0.7468E+01     2.000     5   5.6802
      861     0.00000     0.5006E+01     1.000     6   5.6810
      862     0.00000     0.4465E+01     2.000     5   5.6814
      863     0.00000     0.7846E+01     2.000     6   5.6818
      864     0.00000     0.4557E+01     2.000     6   5.6823
      865     0.00000     0.3493E+01     1.000     4   5.6829
      866     0.00000     0.5921E+01     2.000     5   5.6828
      868     0.00000     0.1880E+02     2.000     3   5.6854
      869     0.00000     0.1813E+02     2.000     7   5.6852
      870     0.00000     0.2058E+02     2.000     7   5.6852
      871     0.00000     0.2152E+02     2.000     7   5.6861
      872     0.00000     0.3715E+01     2.000     5   5.6866
      873     0.00000     0.3346E+02     2.000     6   5.6865
      874     0.00000     0.1476E+02     2.000     6   5.6873
      875     0.00000     0.3478E+01     2.000     6   5.6871
      876     0.00000     0.1091E+02     2.000     6   5.6899
      877     0.00000     0.7484E+01     2.000     6   5.6899
      878     0.00000     0.6383E+01     2.000     3   5.6924
      879     0.00000     0.2501E+02     2.000     6   5.6931
      880     0.00000     0.3476E+01     2.000     4   5.6975
      881     0.00000     0.3689E+02     1.000     6   5.6979
      882     0.00000     0.2437E+02     2.000     4   5.7000
      883     0.00000     0.1221E+02     2.000     7   5.7003
      884     0.00000     0.2907E+02     2.000     7   5.7003
      885     0.00000     0.4871E+01     2.000     6   5.7014
      886     0.00000     0.6168E+01     2.000     5   5.7018
      887     0.00000     0.4096E+01     2.000     5   5.7022
      888     0.00000     0.4686E+02     2.000     5   5.7033
      889     0.00000     0.7708E+01     2.000     6   5.7030
      890     0.00000     0.1248E+02     2.000     6   5.7039
      891     0.00000     0.1111E+02     2.000     6   5.7045
      892     0.00000     0.5869E+01     1.000     6   5.7059
      893     0.00000     0.1369E+02     2.000     6   5.7061
      894     0.00000     0.1300E+02     2.000     3   5.7089
      895     0.00000     0.2378E+02     2.000     6   5.7094
      896     0.00000     0.7065E+01     2.000     7   5.7092
      897     0.00000     0.1844E+02     2.000     7   5.7092
      898     0.00000     0.2130E+02     2.000     7   5.7092
      899     0.00000     0.1614E+02     2.000     7   5.7092
      900     0.00000     0.1490E+02     2.000     6   5.7099
      901     0.00000     0.5828E+01     2.000     5   5.7105
      902     0.00000     0.1111E+02     2.000     6   5.7102
      903     0.00000     0.6496E+01     2.000     6   5.7102
      904     0.00000     0.8016E+01     2.000     5   5.7108
      905     0.00000     0.1283E+02     2.000     5   5.7113
      906     0.00000     0.5643E+01     2.000     5   5.7114
      907     0.00000     0.1322E+02     2.000     5   5.7123
      908     0.00000     0.1162E+02     2.000     6   5.7122
      909     0.00000     0.8105E+01     1.000     6   5.7134
      910     0.00000     0.3090E+01     2.000     4   5.7144
      912     0.00000     0.5245E+01     2.000     5   5.7155
      913     0.00000     0.1718E+02     2.000     7   5.7158
      914     0.00000     0.2079E+02     2.000     7   5.7158
      915     0.00000     0.8934E+01     2.000     6   5.7177
      916     0.00000     0.2705E+02     2.000     4   5.7204
      917     0.00000     0.3576E+01     2.000     6   5.7226
      918     0.00000     0.2732E+01     2.000     3   5.7239
      919     0.00000     0.1650E+02     2.000     4   5.7235
      920     0.00000     0.3596E+02     2.000     6   5.7235
      921     0.00000     0.1667E+02     2.000     6   5.7235
      922     0.00000     0.1573E+02     2.000     6   5.7235
      923     0.00000     0.3436E+02     2.000     6   5.7250
      924     0.00000     0.2986E+01     2.000     4   5.7274
      925     0.00000     0.2879E+02     2.000     6   5.7274
      926     0.00000     0.6287E+01     2.000     5   5.7279
      927     0.00000     0.1700E+02     1.000     4   5.7286
      928     0.00000     0.8631E+01     2.000     5   5.7286
      929     0.00000     0.5698E+01     2.000     5   5.7286
      930     0.00000     0.6316E+01     2.000     5   5.7290
      931     0.00000     0.5970E+02     2.000     7   5.7308
      932     0.00000     0.4236E+01     2.000     5   5.7320
      933     0.00000     0.3630E+02     2.000     5   5.7350
      934     0.00000     0.1253E+02     2.000     5   5.7355
      935     0.00000     0.5885E+01     2.000     5   5.7361
      936     0.00000     0.2764E+02     2.000     6   5.7364
      937     0.00000     0.1553E+02     2.000     7   5.7362
      938     0.00000     0.2715E+01     2.000     4   5.7376
      940     0.00000     0.2904E+02     2.000     6   5.7377
      941     0.00000     0.7327E+02     2.000     6   5.7383
      942     0.00000     0.6352E+01     2.000     6   5.7393
      943     0.00000     0.4141E+02     2.000     5   5.7405
      944     0.00000     0.3746E+01     2.000     3   5.7411
      946     0.00000     0.4142E+01     2.000     7   5.7414
      947     0.00000     0.3740E+01     2.000     6   5.7427
      948     0.00000     0.4899E+01     2.000     5   5.7447
      949     0.00000     0.4931E+01     2.000     5   5.7449
      950     0.00000     0.3377E+01     2.000     6   5.7451
      951     0.00000     0.1397E+02     2.000     7   5.7452
      952     0.00000     0.8297E+01     2.000     7   5.7452
      953     0.00000     0.7612E+01     2.000     6   5.7464
      955     0.00000     0.2349E+02     2.000     6   5.7472
      956     0.00000     0.3646E+02     2.000     6   5.7472
      957     0.00000     0.2267E+02     2.000     6   5.7472
      958     0.00000     0.1674E+02     2.000     6   5.7503
      959     0.00000     0.1092E+02     2.000     6   5.7503
      960     0.00000     0.5145E+01     2.000     6   5.7503
      961     0.00000     0.5427E+01     2.000     6   5.7506
      962     0.00000     0.1181E+02     2.000     5   5.7509
      963     0.00000     0.2185E+02     2.000     4   5.7521
      964     0.00000     0.5178E+02     1.000     6   5.7521
      965     0.00000     0.7720E+01     2.000     5   5.7528
      966     0.00000     0.2285E+02     2.000     6   5.7532
      967     0.00000     0.1239E+02     2.000     5   5.7541
      968     0.00000     0.2199E+02     2.000     6   5.7545
      969     0.00000     0.5035E+01     2.000     4   5.7554
      970     0.00000     0.6605E+01     2.000     4   5.7563
      971     0.00000     0.4987E+01     1.000     6   5.7570
      972     0.00000     0.2935E+01     2.000     5   5.7573
      973     0.00000     0.4732E+01     1.000     6   5.7579
      975     0.00000     0.6992E+02     2.000     6   5.7590
      976     0.00000     0.3647E+01     2.000     6   5.7616
      977     0.00000     0.4956E+01     2.000     4   5.7625
      978     0.00000     0.5930E+01     2.000     6   5.7633
      979     0.00000     0.5439E+02     2.000     5   5.7636
      980     0.00000     0.4787E+01     2.000     6   5.7654
      982     0.00000     0.3617E+01     2.000     6   5.7652
      985     0.00000     0.5544E+01     2.000     5   5.7670
      986     0.00000     0.3572E+02     2.000     6   5.7677
      987     0.00000     0.4013E+01     2.000     5   5.7684
      988     0.00000     0.4967E+01     2.000     5   5.7685
      989     0.00000     0.9399E+01     2.000     5   5.7682
      990     0.00000     0.1189E+02     2.000     7   5.7697
      991     0.00000     0.2378E+02     2.000     6   5.7726
      992     0.00000     0.3562E+02     2.000     6   5.7726
      993     0.00000     0.2260E+02     2.000     6   5.7726
      994     0.00000     0.5138E+01     2.000     5   5.7737
      995     0.00000     0.9914E+01     2.000     6   5.7746
      996     0.00000     0.7711E+01     1.000     4   5.7756
      997     0.00000     0.3795E+01     2.000     4   5.7763
      998     0.00000     0.3217E+01     2.000     6   5.7775
      999     0.00000     0.2093E+02     2.000     6   5.7784
     1000     0.00000     0.3762E+01     2.000     3   5.7789
     1002     0.00000     0.4696E+01     2.000     5   5.7795
     1003     0.00000     0.4022E+01     2.000     4   5.7802
     1004     0.00000     0.3751E+02     2.000     6   5.7806
     1006     0.00000     0.2264E+02     2.000     4   5.7811
     1007     0.00000     0.4787E+01     2.000     4   5.7812
     1008     0.00000     0.7432E+01     2.000     5   5.7817
     1009     0.00000     0.1880E+02     2.000     6   5.7832
     1010     0.00000     0.8310E+01     1.000     6   5.7841
     1011     0.00000     0.6647E+02     2.000     6   5.7845
     1012     0.00000     0.3255E+02     2.000     7   5.7858
     1014     0.00000     0.3586E+02     2.000     5   5.7871
     1015     0.00000     0.2460E+02     2.000     6   5.7874
     1016     0.00000     0.7949E+01     2.000     5   5.7887
     1017     0.00000     0.1476E+02     2.000     6   5.7889
     1018     0.00000     0.2745E+01     2.000     4   5.7919
     1021     0.00000     0.5555E+01     2.000     7   5.7942
     1022     0.00000     0.3172E+01     2.000     4   5.7950
     1023     0.00000     0.7046E+01     2.000     5   5.7949
     1024     0.00000     0.5787E+01     2.000     7   5.7953
     1025     0.00000     0.3943E+01     2.000     5   5.7956
     1026     0.00000     0.8940E+01     2.000     5   5.7958
     1027     0.00000     0.3244E+02     2.000     5   5.7957
     1028     0.00000     0.3550E+01     2.000     4   5.7963
     1029     0.00000     0.3851E+01     2.000     5   5.7960
     1030     0.00000     0.2729E+01     2.000     5   5.7972
     1031     0.00000     0.2619E+02     2.000     6   5.7968
     1032     0.00000     0.3353E+01     2.000     5   5.7979
     1033     0.00000     0.6451E+01     2.000     5   5.7988
     1034     0.00000     0.4753E+02     1.000     6   5.7985
     1035     0.00000     0.5349E+02     1.000     6   5.7990
     1036     0.00000     0.2875E+01     2.000     5   5.8000
     1037     0.00000     0.3964E+01     2.000     5   5.7996
     1038     0.00000     0.9033E+01     2.000     6   5.8011
     1039     0.00000     0.1359E+02     2.000     5   5.8016
     1040     0.00000     0.7596E+01     2.000     5   5.8016
     1041     0.00000     0.6997E+02     2.000     7   5.8023
     1042     0.00000     0.7002E+02     2.000     7   5.8023
     1043     0.00000     0.4576E+01     2.000     4   5.8038
     1045     0.00000     0.6369E+02     2.000     7   5.8038
     1046     0.00000     0.6367E+02     2.000     7   5.8038
     1047     0.00000     0.1031E+02     2.000     5   5.8045
     1049     0.00000     0.3586E+01     2.000     7   5.8050
     1050     0.00000     0.9612E+01     1.000     6   5.8071
     1052     0.00000     0.6361E+02     2.000     6   5.8077
     1053     0.00000     0.8479E+02     2.000     7   5.8078
     1054     0.00000     0.5236E+02     2.000     7   5.8078
     1055     0.00000     0.2935E+02     2.000     6   5.8080
     1056     0.00000     0.5023E+01     2.000     5   5.8135
     1057     0.00000     0.1316E+02     2.000     6   5.8144
     1058     0.00000     0.5040E+01     2.000     6   5.8145
     1059     0.00000     0.6101E+01     2.000     5   5.8151
     1061     0.00000     0.4914E+01     2.000     4   5.8161
     1062     0.00000     0.2693E+02     1.000     6   5.8169
     1064     0.00000     0.2840E+01     2.000     3   5.8174
     1065     0.00000     0.4609E+01     2.000     5   5.8172
     1066     0.00000     0.4176E+01     2.000     5   5.8172
     1067     0.00000     0.2871E+01     2.000     3   5.8189
     1068     0.00000     0.1345E+02     2.000     6   5.8188
     1069     0.00000     0.4801E+01     2.000     4   5.8195
     1070     0.00000     0.5968E+01     2.000     5   5.8197
     1071     0.00000     0.4396E+01     2.000     6   5.8201
     1072     0.00000     0.4719E+01     2.000     4   5.8210
     1073     0.00000     0.1113E+03     2.000     7   5.8206
     1074     0.00000     0.3945E+01     2.000     5   5.8224
     1075     0.00000     0.8120E+02     2.000     7   5.8228
     1076     0.00000     0.4625E+02     2.000     7   5.8228
     1077     0.00000     0.1955E+02     2.000     6   5.8231
     1078     0.00000     0.4254E+02     2.000     5   5.8243
     1079     0.00000     0.3646E+01     2.000     4   5.8247
     1080     0.00000     0.4715E+01     2.000     6   5.8252
     1081     0.00000     0.3275E+01     2.000     6   5.8260
     1082     0.00000     0.4044E+01     2.000     5   5.8268
     1083     0.00000     0.2718E+01     2.000     5   5.8268
     1084     0.00000     0.4560E+01     1.000     6   5.8272
     1085     0.00000     0.1037E+02     2.000     6   5.8281
     1086     0.00000     0.4210E+01     2.000     4   5.8286
     1087     0.00000     0.6854E+01     2.000     5   5.8285
     1088     0.00000     0.1127E+03     2.000     7   5.8294
     1089     0.00000     0.1268E+02     2.000     6   5.8315
     1090     0.00000     0.1224E+02     2.000     6   5.8314
     1091     0.00000     0.2855E+02     2.000     7   5.8348
     1093     0.00000     0.7564E+01     2.000     6   5.8357
     1094     0.00000     0.1231E+03     2.000     7   5.8357
     1096     0.00000     0.1169E+02     2.000     6   5.8376
     1097     0.00000     0.2664E+02     2.000     7   5.8377
     1098     0.00000     0.3303E+01     2.000     4   5.8390
     1100     0.00000     0.1333E+02     2.000     6   5.8397
     1101     0.00000     0.2992E+02     2.000     7   5.8396
     1102     0.00000     0.9185E+01     2.000     6   5.8400
     1103     0.00000     0.9399E+01     2.000     6   5.8406
     1104     0.00000     0.1035E+02     2.000     6   5.8411
     1105     0.00000     0.4411E+01     2.000     5   5.8426
     1106     0.00000     0.5191E+01     2.000     5   5.8427
     1107     0.00000     0.6493E+01     2.000     5   5.8432
     1108     0.00000     0.3443E+01     2.000     4   5.8441
     1109     0.00000     0.1120E+02     2.000     5   5.8450
     1110     0.00000     0.1475E+02     2.000     4   5.8457
     1111     0.00000     0.3163E+01     2.000     4   5.8457
     1112     0.00000     0.2682E+01     2.000     5   5.8460
     1113     0.00000     0.8519E+01     2.000     5   5.8457
     1114     0.00000     0.2727E+02     2.000     5   5.8478
     1115     0.00000     0.2709E+02     2.000     7   5.8483
     1116     0.00000     0.7683E+01     2.000     6   5.8485
     1117     0.00000     0.4015E+01     2.000     5   5.8496
     1118     0.00000     0.6257E+01     2.000     6   5.8515
     1119     0.00000     0.4681E+01     2.000     4   5.8524
     1121     0.00000     0.1179E+02     2.000     6   5.8520
     1122     0.00000     0.5007E+01     1.000     6   5.8523
     1123     0.00000     0.4317E+01     1.000     6   5.8520
     1125     0.00000     0.8470E+02     2.000     7   5.8525
     1126     0.00000     0.4005E+02     2.000     7   5.8525
     1127     0.00000     0.9981E+01     2.000     6   5.8534
     1128     0.00000     0.6391E+01     1.000     6   5.8535
     1130     0.00000     0.2216E+02     2.000     7   5.8549
     1132     0.00000     0.5923E+01     2.000     6   5.8560
     1133     0.00000     0.1390E+03     2.000     7   5.8563
     1134     0.00000     0.4970E+01     2.000     5   5.8587
     1135     0.00000     0.2869E+02     2.000     7   5.8588
     1136     0.00000     0.7218E+02     2.000     6   5.8592
     1137     0.00000     0.2129E+02     2.000     5   5.8603
     1138     0.00000     0.7775E+01     2.000     6   5.8602
     1139     0.00000     0.4490E+02     1.000     6   5.8604
     1140     0.00000     0.5253E+01     2.000     5   5.8608
     1141     0.00000     0.4977E+01     2.000     5   5.8607
     1143     0.00000     0.2193E+02     2.000     7   5.8614
     1144     0.00000     0.1180E+02     2.000     5   5.8621
     1145     0.00000     0.1878E+02     2.000     7   5.8623
     1146     0.00000     0.3167E+02     2.000     7   5.8623
     1147     0.00000     0.1802E+02     2.000     6   5.8635
     1148     0.00000     0.3341E+02     2.000     7   5.8642
     1149     0.00000     0.1984E+02     2.000     7   5.8642
     1150     0.00000     0.1053E+02     1.000     6   5.8647
     1151     0.00000     0.3762E+01     2.000     6   5.8655
     1152     0.00000     0.3699E+01     2.000     6   5.8652
     1154     0.00000     0.3813E+01     2.000     5   5.8658
     1157     0.00000     0.7389E+02     2.000     7   5.8678
     1158     0.00000     0.4049E+02     2.000     7   5.8678
     1159     0.00000     0.3010E+01     2.000     5   5.8681
     1160     0.00000     0.2881E+01     2.000     4   5.8687
     1161     0.00000     0.2882E+02     2.000     7   5.8696
     1162     0.00000     0.1631E+03     2.000     7   5.8693
     1163     0.00000     0.1401E+02     2.000     6   5.8703
     1165     0.00000     0.4276E+01     2.000     4   5.8715
     1166     0.00000     0.8724E+01     2.000     5   5.8714
     1167     0.00000     0.3168E+01     2.000     5   5.8714
     1168     0.00000     0.3604E+01     2.000     7   5.8716
     1169     0.00000     0.2047E+02     2.000     7   5.8719
     1170     0.00000     0.3238E+02     2.000     7   5.8719
     1171     0.00000     0.5363E+01     2.000     6   5.8738
     1172     0.00000     0.2397E+02     2.000     6   5.8740
     1173     0.00000     0.5085E+01     2.000     6   5.8753
     1174     0.00000     0.3064E+01     2.000     5   5.8760
     1175     0.00000     0.3497E+02     2.000     7   5.8761
     1176     0.00000     0.2066E+02     2.000     7   5.8761
     1179     0.00000     0.9735E+01     2.000     6   5.8794
     1180     0.00000     0.1299E+02     2.000     7   5.8810
     1181     0.00000     0.1692E+02     2.000     6   5.8807
     1182     0.00000     0.3886E+01     2.000     4   5.8831
     1184     0.00000     0.7455E+02     2.000     7   5.8832
     1185     0.00000     0.4462E+02     2.000     7   5.8832
     1186     0.00000     0.3596E+01     2.000     4   5.8836
     1187     0.00000     0.1380E+02     2.000     6   5.8833
     1188     0.00000     0.3807E+02     2.000     7   5.8834
     1189     0.00000     0.8322E+02     2.000     7   5.8834
     1190     0.00000     0.5717E+01     2.000     6   5.8844
     1191     0.00000     0.7402E+01     2.000     6   5.8847
     1192     0.00000     0.3469E+01     2.000     4   5.8852
     1193     0.00000     0.7060E+01     2.000     5   5.8852
     1194     0.00000     0.5695E+01     2.000     6   5.8853
     1196     0.00000     0.7146E+01     2.000     5   5.8854
     1197     0.00000     0.6493E+02     2.000     7   5.8858
     1198     0.00000     0.7481E+01     2.000     5   5.8876
     1199     0.00000     0.5374E+01     2.000     5   5.8875
     1200     0.00000     0.1050E+02     2.000     6   5.8877
     1201     0.00000     0.1482E+02     2.000     6   5.8877
     1202     0.00000     0.2724E+02     1.000     6   5.8876
     1204     0.00000     0.1123E+02     2.000     5   5.8885
     1205     0.00000     0.2643E+02     2.000     5   5.8889
     1207     0.00000     0.1352E+02     2.000     7   5.8888
     1208     0.00000     0.3045E+01     2.000     4   5.8897
     1209     0.00000     0.3762E+01     2.000     4   5.8898
     1210     0.00000     0.1344E+02     2.000     6   5.8907
     1211     0.00000     0.7049E+01     2.000     5   5.8920
     1212     0.00000     0.6552E+01     2.000     5   5.8918
     1213     0.00000     0.5916E+02     2.000     6   5.8921
     1214     0.00000     0.3815E+01     2.000     5   5.8946
     1215     0.00000     0.4872E+01     2.000     5   5.8963
     1217     0.00000     0.6464E+02     2.000     7   5.8961
     1218     0.00000     0.2282E+02     2.000     7   5.8961
     1219     0.00000     0.4384E+01     2.000     5   5.8978
     1220     0.00000     0.4758E+01     2.000     4   5.8995
     1221     0.00000     0.5652E+02     2.000     6   5.9002
     1222     0.00000     0.1288E+02     2.000     6   5.9003
     1223     0.00000     0.6865E+01     2.000     6   5.9007
     1224     0.00000     0.7050E+01     2.000     5   5.9010
     1225     0.00000     0.2935E+02     2.000     6   5.9011
     1226     0.00000     0.1693E+02     2.000     6   5.9010
     1227     0.00000     0.6344E+01     2.000     6   5.9031
     1228     0.00000     0.2542E+02     2.000     7   5.9036
     1229     0.00000     0.9993E+01     2.000     6   5.9040
     1230     0.00000     0.1184E+02     2.000     7   5.9049
     1231     0.00000     0.6952E+01     2.000     6   5.9048
     1232     0.00000     0.2826E+01     2.000     6   5.9046
     1233     0.00000     0.1272E+02     2.000     6   5.9045
     1234     0.00000     0.7160E+01     2.000     5   5.9054
     1235     0.00000     0.9604E+01     2.000     5   5.9070
     1236     0.00000     0.4345E+01     2.000     6   5.9074
     1237     0.00000     0.1525E+02     2.000     6   5.9092
     1238     0.00000     0.8638E+01     2.000     5   5.9095
     1239     0.00000     0.1498E+03     2.000     7   5.9104
     1240     0.00000     0.1759E+02     2.000     5   5.9124
     1241     0.00000     0.1923E+02     2.000     6   5.9126
     1242     0.00000     0.3623E+02     2.000     7   5.9129
     1243     0.00000     0.3030E+02     2.000     7   5.9129
     1244     0.00000     0.2944E+02     2.000     6   5.9138
     1245     0.00000     0.9457E+01     2.000     5   5.9147
     1246     0.00000     0.1047E+02     2.000     6   5.9159
     1247     0.00000     0.6398E+02     2.000     7   5.9163
     1248     0.00000     0.1955E+02     2.000     7   5.9163
     1249     0.00000     0.5059E+01     2.000     5   5.9167
     1250     0.00000     0.1922E+02     2.000     6   5.9175
     1251     0.00000     0.1230E+02     2.000     6   5.9174
     1252     0.00000     0.1457E+02     2.000     6   5.9181
     1253     0.00000     0.3192E+01     2.000     6   5.9182
     1254     0.00000     0.9726E+01     2.000     5   5.9187
     1255     0.00000     0.9860E+02     2.000     7   5.9188
     1257     0.00000     0.5506E+01     2.000     5   5.9200
     1258     0.00000     0.2700E+02     1.000     6   5.9200
     1259     0.00000     0.9428E+01     2.000     5   5.9222
     1261     0.00000     0.1972E+02     2.000     7   5.9230
     1263     0.00000     0.4342E+02     2.000     6   5.9238
     1264     0.00000     0.4709E+01     2.000     5   5.9247
     1265     0.00000     0.1402E+02     2.000     6   5.9245
     1266     0.00000     0.3537E+01     2.000     5   5.9251
     1267     0.00000     0.1046E+02     2.000     6   5.9249
     1268     0.00000     0.1896E+02     2.000     6   5.9256
     1269     0.00000     0.5790E+02     2.000     7   5.9265
     1270     0.00000     0.1326E+02     2.000     6   5.9269
     1271     0.00000     0.9675E+02     2.000     7   5.9271
     1272     0.00000     0.1694E+02     2.000     6   5.9280
     1273     0.00000     0.1211E+02     2.000     6   5.9282
     1276     0.00000     0.7744E+01     2.000     5   5.9299
     1277     0.00000     0.4862E+01     2.000     5   5.9297
     1278     0.00000     0.3795E+01     2.000     6   5.9295
     1279     0.00000     0.5490E+01     2.000     6   5.9296
     1280     0.00000     0.3642E+01     2.000     4   5.9312
     1281     0.00000     0.5473E+02     2.000     7   5.9324
     1282     0.00000     0.5492E+02     2.000     7   5.9324
     1283     0.00000     0.1029E+02     2.000     6   5.9334
     1286     0.00000     0.1952E+02     2.000     7   5.9353
     1288     0.00000     0.5081E+02     2.000     7   5.9361
     1289     0.00000     0.5165E+02     2.000     7   5.9361
     1291     0.00000     0.1455E+02     2.000     6   5.9371
     1292     0.00000     0.2768E+01     2.000     6   5.9368
     1293     0.00000     0.3250E+02     2.000     7   5.9368
     1294     0.00000     0.4678E+01     2.000     6   5.9392
     1295     0.00000     0.3668E+02     2.000     7   5.9392
     1296     0.00000     0.2679E+01     2.000     4   5.9405
     1297     0.00000     0.1815E+02     2.000     6   5.9404
     1298     0.00000     0.1192E+02     2.000     6   5.9412
     1299     0.00000     0.1021E+02     2.000     6   5.9411
     1300     0.00000     0.2501E+02     2.000     7   5.9425
     1301     0.00000     0.1764E+02     2.000     6   5.9431
     1302     0.00000     0.2474E+02     2.000     7   5.9429
     1303     0.00000     0.3079E+02     2.000     7   5.9433
     1304     0.00000     0.3108E+02     2.000     7   5.9434
     1305     0.00000     0.6873E+01     2.000     7   5.9435
     1306     0.00000     0.4718E+01     2.000     5   5.9446
     1307     0.00000     0.5991E+02     2.000     7   5.9458
     1308     0.00000     0.1751E+02     2.000     7   5.9458
     1309     0.00000     0.6289E+01     2.000     5   5.9464
     1310     0.00000     0.3769E+01     2.000     6   5.9475
     1311     0.00000     0.3748E+01     2.000     5   5.9478
     1312     0.00000     0.3650E+02     2.000     7   5.9487
     1313     0.00000     0.3308E+01     2.000     4   5.9492
     1315     0.00000     0.4020E+01     2.000     5   5.9540
     1316     0.00000     0.1897E+02     2.000     6   5.9537
     1317     0.00000     0.4390E+01     2.000     5   5.9548
     1318     0.00000     0.4848E+01     2.000     5   5.9561
     1319     0.00000     0.9006E+01     2.000     5   5.9569
     1320     0.00000     0.5648E+02     2.000     7   5.9565
     1321     0.00000     0.2743E+01     2.000     3   5.9579
     1322     0.00000     0.3345E+01     2.000     6   5.9580
     1323     0.00000     0.1370E+02     2.000     6   5.9586
     1324     0.00000     0.3921E+01     2.000     6   5.9584
     1325     0.00000     0.4283E+01     2.000     5   5.9590
     1326     0.00000     0.8083E+01     2.000     5   5.9604
     1327     0.00000     0.9850E+01     2.000     6   5.9614
     1328     0.00000     0.1417E+02     1.000     6   5.9613
     1329     0.00000     0.3615E+02     2.000     7   5.9617
     1330     0.00000     0.3166E+01     2.000     4   5.9641
     1331     0.00000     0.6479E+01     2.000     7   5.9649
     1332     0.00000     0.2643E+02     2.000     6   5.9649
     1333     0.00000     0.5295E+01     2.000     5   5.9658
     1334     0.00000     0.1110E+02     2.000     7   5.9664
     1335     0.00000     0.2729E+02     2.000     7   5.9673
     1336     0.00000     0.4007E+01     2.000     4   5.9677
     1337     0.00000     0.3388E+01     2.000     6   5.9689
     1338     0.00000     0.3199E+02     2.000     5   5.9700
     1339     0.00000     0.4686E+01     2.000     5   5.9717
     1340     0.00000     0.2726E+02     2.000     7   5.9734
     1343     0.00000     0.1073E+02     2.000     5   5.9757
     1344     0.00000     0.7872E+01     2.000     6   5.9756
     1345     0.00000     0.3633E+02     2.000     7   5.9754
     1346     0.00000     0.4968E+02     2.000     7   5.9763
     1347     0.00000     0.1030E+02     2.000     6   5.9785
     1348     0.00000     0.1761E+02     2.000     6   5.9786
     1349     0.00000     0.7841E+01     2.000     6   5.9785
     1350     0.00000     0.1133E+02     2.000     6   5.9785
     1351     0.00000     0.7075E+01     2.000     4   5.9791
     1352     0.00000     0.7422E+01     2.000     6   5.9795
     1354     0.00000     0.6834E+01     2.000     6   5.9808
     1356     0.00000     0.3327E+01     2.000     6   5.9820
     1357     0.00000     0.7900E+01     2.000     6   5.9821
     1358     0.00000     0.3016E+02     2.000     6   5.9821
     1359     0.00000     0.3134E+01     2.000     6   5.9821
     1360     0.00000     0.5850E+01     2.000     5   5.9832
     1361     0.00000     0.5002E+01     2.000     5   5.9840
     1362     0.00000     0.4015E+02     2.000     6   5.9845
     1363     0.00000     0.4950E+02     2.000     6   5.9845
     1365     0.00000     0.7923E+01     2.000     6   5.9847
     1366     0.00000     0.4074E+01     2.000     6   5.9848
     1367     0.00000     0.1179E+02     2.000     6   5.9850
     1368     0.00000     0.1020E+02     2.000     6   5.9858
     1369     0.00000     0.6217E+01     2.000     5   5.9863
     1370     0.00000     0.5908E+02     2.000     7   5.9869
     1371     0.00000     0.1668E+02     2.000     7   5.9869
     1372     0.00000     0.7860E+01     2.000     6   5.9873
     1373     0.00000     0.8606E+01     2.000     6   5.9876
     1374     0.00000     0.7824E+01     2.000     6   5.9883
     1375     0.00000     0.1395E+03     2.000     7   5.9878
     1376     0.00000     0.6608E+01     2.000     4   5.9903
     1377     0.00000     0.2386E+02     2.000     7   5.9898
     1378     0.00000     0.1008E+02     2.000     6   5.9903
     1379     0.00000     0.6310E+01     2.000     4   5.9909
     1380     0.00000     0.4541E+02     2.000     7   5.9913
     1381     0.00000     0.6465E+01     2.000     5   5.9921
     1382     0.00000     0.1383E+02     2.000     6   5.9918
     1383     0.00000     0.6984E+01     2.000     7   5.9922
     1384     0.00000     0.4902E+01     2.000     6   5.9941
     1385     0.00000     0.1985E+02     2.000     6   5.9943
     1386     0.00000     0.2243E+02     2.000     6   5.9947
     1387     0.00000     0.7029E+01     2.000     6   5.9957
     1388     0.00000     0.2680E+02     2.000     7   5.9960
     1389     0.00000     0.1097E+02     2.000     7   5.9965
     1390     0.00000     0.9281E+01     2.000     7   5.9964
     1391     0.00000     0.1588E+02     2.000     6   5.9965
     1392     0.00000     0.9349E+01     2.000     6   5.9972
     1393     0.00000     0.8659E+01     2.000     6   5.9968
     1394     0.00000     0.2976E+02     2.000     7   5.9968
     1395     0.00000     0.6366E+02     2.000     7   5.9968
     1396     0.00000     0.1445E+02     2.000     5   5.9977
     1397     0.00000     0.2809E+02     2.000     7   5.9973
     1398     0.00000     0.4482E+01     2.000     6   5.9988
     1399     0.00000     0.6697E+01     2.000     4   5.9995
     1400     0.00000     0.2736E+01     2.000     6   5.9994
     1403     0.00000     0.8998E+01     2.000     6   6.0054
     1404     0.00000     0.1293E+02     2.000     6   6.0052
     1405     0.00000     0.2290E+02     2.000     6   6.0054
     1406     0.00000     0.9009E+02     2.000     7   6.0058
     1407     0.00000     0.6825E+01     2.000     7   6.0065
     1408     0.00000     0.7869E+01     2.000     5   6.0092
     1409     0.00000     0.1749E+02     2.000     7   6.0089
     1410     0.00000     0.1079E+02     2.000     5   6.0095
     1411     0.00000     0.1285E+02     2.000     6   6.0099
     1412     0.00000     0.5352E+01     2.000     6   6.0099
     1413     0.00000     0.4708E+01     2.000     6   6.0097
     1414     0.00000     0.7494E+01     2.000     6   6.0103
     1415     0.00000     0.2782E+02     2.000     7   6.0104
     1416     0.00000     0.5724E+01     2.000     5   6.0107
     1417     0.00000     0.8085E+01     2.000     5   6.0108
     1418     0.00000     0.1484E+02     2.000     7   6.0117
     1419     0.00000     0.1395E+02     2.000     5   6.0120
     1420     0.00000     0.2107E+02     2.000     6   6.0118
     1421     0.00000     0.6896E+01     2.000     6   6.0125
     1422     0.00000     0.6342E+01     2.000     7   6.0134
     1423     0.00000     0.6885E+02     2.000     6   6.0131
     1425     0.00000     0.4240E+02     2.000     7   6.0132
     1426     0.00000     0.3064E+01     2.000     6   6.0137
     1427     0.00000     0.5347E+01     2.000     6   6.0140
     1429     0.00000     0.1283E+02     2.000     6   6.0144
     1430     0.00000     0.8908E+01     2.000     6   6.0144
     1431     0.00000     0.7950E+01     2.000     7   6.0144
     1432     0.00000     0.1153E+02     2.000     5   6.0152
     1433     0.00000     0.1159E+02     2.000     6   6.0153
     1434     0.00000     0.1869E+02     2.000     7   6.0154
     1436     0.00000     0.7579E+01     2.000     6   6.0160
     1437     0.00000     0.4289E+01     2.000     5   6.0165
     1438     0.00000     0.3921E+01     2.000     7   6.0176
     1439     0.00000     0.4575E+01     2.000     5   6.0178
     1440     0.00000     0.4293E+01     2.000     6   6.0185
     1441     0.00000     0.3741E+01     2.000     6   6.0188
     1442     0.00000     0.7019E+01     2.000     6   6.0191
     1443     0.00000     0.2657E+02     2.000     7   6.0202
     1444     0.00000     0.1266E+03     2.000     7   6.0202
     1445     0.00000     0.1135E+02     2.000     5   6.0212
     1446     0.00000     0.2375E+02     2.000     6   6.0219
     1447     0.00000     0.1323E+02     2.000     6   6.0215
     1448     0.00000     0.1205E+02     2.000     6   6.0224
     1449     0.00000     0.2711E+02     2.000     7   6.0244
     1450     0.00000     0.1079E+02     2.000     5   6.0253
     1451     0.00000     0.6246E+01     2.000     7   6.0253
     1452     0.00000     0.6962E+01     2.000     6   6.0260
     1453     0.00000     0.1372E+02     2.000     5   6.0271
     1454     0.00000     0.7848E+01     2.000     5   6.0267
     1455     0.00000     0.1110E+02     2.000     6   6.0270
     1456     0.00000     0.1212E+02     2.000     6   6.0270
     1458     0.00000     0.3695E+01     2.000     5   6.0277
     1459     0.00000     0.2114E+02     2.000     7   6.0278
     1460     0.00000     0.6792E+01     2.000     7   6.0288
     1461     0.00000     0.1102E+02     2.000     6   6.0294
     1462     0.00000     0.3981E+02     2.000     7   6.0304
     1463     0.00000     0.1422E+02     2.000     6   6.0311
     1464     0.00000     0.2018E+02     2.000     7   6.0322
     1465     0.00000     0.9119E+01     2.000     7   6.0333
     1466     0.00000     0.2385E+02     2.000     6   6.0338
     1467     0.00000     0.2505E+02     2.000     7   6.0338
     1468     0.00000     0.5600E+02     2.000     7   6.0338
     1469     0.00000     0.1389E+02     2.000     5   6.0345
     1470     0.00000     0.8586E+01     2.000     5   6.0342
     1471     0.00000     0.4082E+01     2.000     6   6.0357
     1472     0.00000     0.5575E+01     2.000     5   6.0362
     1473     0.00000     0.2713E+02     2.000     7   6.0361
     1474     0.00000     0.4371E+02     2.000     6   6.0366
     1475     0.00000     0.4183E+01     2.000     6   6.0377
     1476     0.00000     0.4548E+02     2.000     7   6.0404
     1477     0.00000     0.3112E+01     2.000     5   6.0414
     1478     0.00000     0.6494E+01     2.000     5   6.0425
     1480     0.00000     0.7721E+01     2.000     6   6.0426
     1482     0.00000     0.2372E+02     2.000     6   6.0456
     1484     0.00000     0.2308E+02     2.000     6   6.0469
     1485     0.00000     0.9823E+02     2.000     7   6.0473
     1487     0.00000     0.4443E+01     2.000     5   6.0483
     1488     0.00000     0.1408E+02     2.000     6   6.0483
     1489     0.00000     0.1719E+02     2.000     6   6.0483
     1490     0.00000     0.1253E+03     2.000     7   6.0481
     1491     0.00000     0.6550E+01     2.000     6   6.0489
     1492     0.00000     0.1165E+02     1.000     6   6.0491
     1493     0.00000     0.1917E+02     2.000     7   6.0491
     1494     0.00000     0.4154E+01     2.000     6   6.0496
     1495     0.00000     0.9243E+01     2.000     6   6.0503
     1496     0.00000     0.8021E+01     2.000     6   6.0514
     1497     0.00000     0.1638E+02     2.000     6   6.0528
     1498     0.00000     0.7075E+01     2.000     6   6.0530
     1499     0.00000     0.2805E+01     2.000     6   6.0541
     1500     0.00000     0.4461E+01     2.000     7   6.0553
     1501     0.00000     0.8816E+01     2.000     6   6.0560
     1502     0.00000     0.2387E+02     2.000     6   6.0562
     1503     0.00000     0.6534E+01     2.000     6   6.0560
     1504     0.00000     0.9339E+01     2.000     6   6.0567
     1505     0.00000     0.2628E+02     2.000     7   6.0565
     1506     0.00000     0.5441E+01     2.000     7   6.0597
     1507     0.00000     0.3351E+01     2.000     5   6.0605
     1508     0.00000     0.1501E+02     2.000     6   6.0605
     1509     0.00000     0.6301E+01     2.000     6   6.0608
     1510     0.00000     0.1867E+02     2.000     7   6.0605
     1511     0.00000     0.1480E+02     2.000     6   6.0617
     1512     0.00000     0.1349E+02     2.000     7   6.0630
     1513     0.00000     0.3017E+01     2.000     4   6.0634
     1514     0.00000     0.2376E+02     2.000     7   6.0631
     1515     0.00000     0.1043E+02     2.000     6   6.0638
     1516     0.00000     0.1167E+02     2.000     5   6.0639
     1517     0.00000     0.9999E+01     2.000     6   6.0647
     1518     0.00000     0.3036E+02     2.000     7   6.0646
     1519     0.00000     0.8217E+01     2.000     7   6.0647
     1521     0.00000     0.2685E+01     2.000     6   6.0672
     1522     0.00000     0.6845E+01     2.000     6   6.0693
     1523     0.00000     0.8406E+01     2.000     6   6.0693
     1525     0.00000     0.9220E+01     2.000     6   6.0711
     1527     0.00000     0.3350E+01     2.000     6   6.0726
     1529     0.00000     0.7721E+01     2.000     6   6.0733
     1530     0.00000     0.1824E+02     2.000     7   6.0735
     1531     0.00000     0.3048E+01     2.000     6   6.0745
     1532     0.00000     0.1119E+02     2.000     7   6.0746
     1533     0.00000     0.3021E+01     2.000     5   6.0753
     1534     0.00000     0.8213E+01     2.000     6   6.0757
     1535     0.00000     0.1350E+02     2.000     7   6.0757
     1537     0.00000     0.6378E+01     2.000     6   6.0764
     1538     0.00000     0.4454E+01     2.000     6   6.0764
     1539     0.00000     0.4495E+01     2.000     6   6.0763
     1540     0.00000     0.8078E+01     2.000     7   6.0764
     1542     0.00000     0.2812E+02     2.000     7   6.0778
     1543     0.00000     0.3141E+02     2.000     7   6.0778
     1544     0.00000     0.3041E+02     2.000     7   6.0791
     1545     0.00000     0.3769E+01     2.000     5   6.0795
     1546     0.00000     0.2748E+01     2.000     6   6.0793
     1547     0.00000     0.4072E+01     2.000     5   6.0816
     1548     0.00000     0.8960E+01     2.000     7   6.0818
     1549     0.00000     0.8480E+01     2.000     7   6.0819
     1550     0.00000     0.4123E+01     2.000     5   6.0819
     1551     0.00000     0.2651E+02     2.000     6   6.0824
     1552     0.00000     0.2935E+01     2.000     6   6.0825
     1553     0.00000     0.3455E+01     2.000     4   6.0829
     1554     0.00000     0.4143E+01     2.000     6   6.0836
     1555     0.00000     0.2602E+02     2.000     7   6.0842
     1556     0.00000     0.6388E+01     2.000     6   6.0844
     1558     0.00000     0.1878E+02     2.000     7   6.0853
     1559     0.00000     0.1050E+02     2.000     5   6.0860
     1560     0.00000     0.8318E+01     2.000     6   6.0864
     1562     0.00000     0.6256E+01     2.000     7   6.0876
     1563     0.00000     0.5232E+01     2.000     6   6.0879
     1564     0.00000     0.1140E+02     2.000     7   6.0880
     1565     0.00000     0.4101E+01     2.000     5   6.0884
     1566     0.00000     0.5992E+01     2.000     7   6.0892
     1567     0.00000     0.5593E+01     2.000     5   6.0896
     1568     0.00000     0.6184E+01     2.000     7   6.0900
     1569     0.00000     0.8907E+01     2.000     6   6.0914
     1570     0.00000     0.7203E+01     2.000     7   6.0929
     1571     0.00000     0.6287E+01     2.000     6   6.0943
     1572     0.00000     0.2244E+02     2.000     7   6.0950
     1573     0.00000     0.1079E+02     2.000     6   6.0955
     1574     0.00000     0.1414E+02     2.000     6   6.0957
     1575     0.00000     0.1332E+02     2.000     7   6.0969
     1576     0.00000     0.5136E+01     2.000     5   6.0983
     1577     0.00000     0.5196E+01     2.000     6   6.0986
     1578     0.00000     0.5395E+01     2.000     6   6.0986
     1579     0.00000     0.1327E+02     2.000     7   6.0981
     1580     0.00000     0.8049E+01     2.000     6   6.0996
     1581     0.00000     0.7788E+01     2.000     6   6.1002
     1582     0.00000     0.2907E+01     2.000     6   6.1003
     1584     0.00000     0.6409E+01     1.000     6   6.1010
     1585     0.00000     0.4886E+01     2.000     5   6.1021
     1586     0.00000     0.1041E+02     2.000     5   6.1023
     1590     0.00000     0.3786E+01     2.000     6   6.1041
     1591     0.00000     0.8395E+01     2.000     6   6.1044
     1592     0.00000     0.1084E+02     2.000     6   6.1048
     1593     0.00000     0.6817E+01     1.000     4   6.1061
     1595     0.00000     0.2470E+02     2.000     6   6.1077
     1596     0.00000     0.9902E+02     2.000     7   6.1088
     1597     0.00000     0.5402E+01     2.000     5   6.1095
     1599     0.00000     0.4566E+01     2.000     7   6.1105
     1600     0.00000     0.5812E+01     2.000     7   6.1104
     1601     0.00000     0.5024E+01     2.000     6   6.1102
     1602     0.00000     0.4606E+01     2.000     5   6.1112
     1603     0.00000     0.9319E+01     2.000     5   6.1109
     1604     0.00000     0.5397E+01     2.000     5   6.1113
     1605     0.00000     0.5331E+01     1.000     6   6.1117
     1606     0.00000     0.6347E+01     2.000     6   6.1117
     1607     0.00000     0.1760E+02     2.000     7   6.1118
     1608     0.00000     0.5251E+01     1.000     6   6.1133
     1609     0.00000     0.5463E+01     1.000     6   6.1134
     1610     0.00000     0.4354E+01     2.000     6   6.1148
     1611     0.00000     0.3003E+02     2.000     7   6.1147
     1612     0.00000     0.4010E+01     2.000     5   6.1157
     1613     0.00000     0.4343E+01     2.000     7   6.1164
     1614     0.00000     0.5275E+01     2.000     6   6.1169
     1615     0.00000     0.4612E+01     2.000     7   6.1168
     1617     0.00000     0.1875E+02     2.000     7   6.1172
     1618     0.00000     0.1614E+02     2.000     6   6.1181
     1619     0.00000     0.1610E+02     2.000     7   6.1182
     1620     0.00000     0.4810E+01     2.000     6   6.1185
     1621     0.00000     0.4159E+01     2.000     5   6.1203
     1622     0.00000     0.3255E+01     2.000     5   6.1215
     1623     0.00000     0.5841E+01     2.000     7   6.1219
     1624     0.00000     0.5169E+01     2.000     7   6.1230
     1625     0.00000     0.3564E+02     2.000     7   6.1247
     1626     0.00000     0.1387E+02     2.000     7   6.1254
     1627     0.00000     0.9037E+01     2.000     6   6.1261
     1628     0.00000     0.4817E+01     2.000     6   6.1280
     1629     0.00000     0.3016E+01     2.000     4   6.1309
     1630     0.00000     0.3268E+01     2.000     4   6.1316
     1631     0.00000     0.6094E+01     2.000     6   6.1314
     1633     0.00000     0.2846E+02     2.000     7   6.1318
     1634     0.00000     0.2855E+01     2.000     7   6.1333
     1635     0.00000     0.4143E+01     2.000     7   6.1343
     1636     0.00000     0.4814E+01     2.000     5   6.1340
     1638     0.00000     0.4175E+01     2.000     6   6.1354
     1641     0.00000     0.2427E+02     2.000     6   6.1373
     1642     0.00000     0.4058E+01     2.000     5   6.1380
     1643     0.00000     0.6895E+01     2.000     7   6.1383
     1644     0.00000     0.2090E+02     2.000     7   6.1383
     1645     0.00000     0.3181E+01     2.000     6   6.1386
     1646     0.00000     0.1347E+02     2.000     7   6.1405
     1647     0.00000     0.3890E+02     2.000     7   6.1418
     1648     0.00000     0.6001E+02     2.000     7   6.1418
     1649     0.00000     0.2690E+01     2.000     4   6.1436
     1650     0.00000     0.3065E+01     2.000     5   6.1440
     1651     0.00000     0.1085E+02     2.000     7   6.1445
     1653     0.00000     0.9220E+01     2.000     7   6.1455
     1654     0.00000     0.1185E+02     2.000     7   6.1460
     1655     0.00000     0.2284E+02     2.000     6   6.1470
     1656     0.00000     0.8513E+01     2.000     6   6.1470
     1657     0.00000     0.2145E+02     2.000     7   6.1487
     1658     0.00000     0.3657E+01     2.000     4   6.1498
     1659     0.00000     0.8197E+01     2.000     6   6.1506
     1662     0.00000     0.8950E+01     2.000     6   6.1544
     1663     0.00000     0.6470E+01     2.000     6   6.1547
     1664     0.00000     0.2693E+01     2.000     5   6.1554
     1665     0.00000     0.7088E+01     2.000     7   6.1554
     1666     0.00000     0.2845E+02     2.000     7   6.1554
     1667     0.00000     0.5280E+01     2.000     6   6.1560
     1668     0.00000     0.1209E+02     2.000     7   6.1575
     1669     0.00000     0.3977E+01     2.000     5   6.1591
     1670     0.00000     0.3950E+01     2.000     6   6.1599
     1673     0.00000     0.4924E+01     2.000     6   6.1627
     1674     0.00000     0.2772E+02     2.000     7   6.1651
     1675     0.00000     0.4946E+01     2.000     7   6.1649
     1676     0.00000     0.7287E+01     2.000     6   6.1692
     1677     0.00000     0.1013E+02     2.000     6   6.1689
     1678     0.00000     0.1796E+02     2.000     7   6.1696
     1679     0.00000     0.7697E+01     2.000     6   6.1702
     1680     0.00000     0.8259E+01     2.000     6   6.1701
     1681     0.00000     0.3839E+01     2.000     7   6.1716
     1682     0.00000     0.3540E+01     1.000     6   6.1720
     1683     0.00000     0.3992E+01     2.000     5   6.1726
     1684     0.00000     0.7966E+01     2.000     6   6.1724
     1685     0.00000     0.3412E+01     2.000     3   6.1732
     1686     0.00000     0.4768E+01     2.000     5   6.1731
     1687     0.00000     0.6339E+02     2.000     7   6.1734
     1688     0.00000     0.2745E+01     2.000     5   6.1735
     1689     0.00000     0.6262E+01     2.000     6   6.1734
     1690     0.00000     0.3174E+01     2.000     5   6.1741
     1691     0.00000     0.1015E+02     2.000     7   6.1749
     1692     0.00000     0.3816E+01     2.000     5   6.1754
     1696     0.00000     0.6068E+01     2.000     6   6.1763
     1697     0.00000     0.2041E+02     2.000     7   6.1760
     1698     0.00000     0.1118E+02     2.000     7   6.1764
     1699     0.00000     0.6144E+01     1.000     6   6.1770
     1700     0.00000     0.6419E+01     2.000     6   6.1775
     1701     0.00000     0.8790E+01     2.000     7   6.1792
     1702     0.00000     0.2711E+02     2.000     7   6.1799
     1703     0.00000     0.1295E+02     2.000     6   6.1806
     1704     0.00000     0.2080E+02     2.000     7   6.1805
     1705     0.00000     0.2637E+02     2.000     7   6.1820
     1707     0.00000     0.5441E+01     2.000     5   6.1830
     1708     0.00000     0.1470E+02     2.000     7   6.1831
     1709     0.00000     0.7585E+01     2.000     6   6.1839
     1710     0.00000     0.3132E+01     2.000     3   6.1843
     1711     0.00000     0.2722E+01     2.000     7   6.1871
     1713     0.00000     0.1501E+02     2.000     7   6.1867
     1714     0.00000     0.1680E+02     2.000     7   6.1868
     1715     0.00000     0.4525E+01     2.000     4   6.1878
     1716     0.00000     0.6469E+01     2.000     6   6.1887
     1717     0.00000     0.5530E+01     1.000     6   6.1893
     1718     0.00000     0.2209E+02     2.000     7   6.1892
     1719     0.00000     0.2590E+02     2.000     5   6.1914
     1721     0.00000     0.8420E+01     2.000     6   6.1948
     1722     0.00000     0.8203E+01     2.000     6   6.1949
     1723     0.00000     0.4941E+01     2.000     6   6.1948
     1726     0.00000     0.3674E+01     2.000     7   6.1958
     1727     0.00000     0.3876E+01     2.000     3   6.1954
     1728     0.00000     0.6594E+01     2.000     6   6.1957
     1729     0.00000     0.5028E+01     2.000     5   6.1958
     1730     0.00000     0.3732E+01     2.000     6   6.1971
     1731     0.00000     0.4667E+01     2.000     6   6.1969
     1732     0.00000     0.2981E+01     2.000     7   6.1973
     1733     0.00000     0.7520E+01     2.000     6   6.1980
     1734     0.00000     0.4040E+01     2.000     4   6.1989
     1735     0.00000     0.2875E+01     2.000     5   6.1989
     1736     0.00000     0.4550E+01     2.000     6   6.1999
     1737     0.00000     0.1021E+02     2.000     6   6.2009
     1738     0.00000     0.4384E+01     2.000     6   6.2005
     1739     0.00000     0.3128E+01     2.000     6   6.2025
     1740     0.00000     0.3333E+01     2.000     4   6.2023
     1741     0.00000     0.9447E+01     2.000     7   6.2024
     1742     0.00000     0.2970E+01     2.000     7   6.2026
     1743     0.00000     0.4100E+01     2.000     7   6.2030
     1744     0.00000     0.1619E+02     2.000     7   6.2032
     1745     0.00000     0.1037E+02     2.000     7   6.2032
     1746     0.00000     0.7620E+01     2.000     4   6.2040
     1747     0.00000     0.3437E+01     2.000     5   6.2050
     1748     0.00000     0.3395E+01     2.000     5   6.2050
     1749     0.00000     0.6611E+01     2.000     6   6.2050
     1750     0.00000     0.9909E+01     2.000     7   6.2051
     1751     0.00000     0.4835E+01     2.000     4   6.2060
     1752     0.00000     0.6625E+01     2.000     7   6.2080
     1753     0.00000     0.2823E+02     2.000     7   6.2080
     1754     0.00000     0.6451E+01     2.000     7   6.2086
     1755     0.00000     0.3235E+01     2.000     6   6.2094
     1756     0.00000     0.3324E+01     2.000     4   6.2098
     1757     0.00000     0.8361E+01     2.000     6   6.2106
     1759     0.00000     0.3723E+01     2.000     6   6.2148
     1760     0.00000     0.4908E+01     2.000     5   6.2154
     1761     0.00000     0.7328E+01     2.000     4   6.2164
     1762     0.00000     0.3323E+01     2.000     7   6.2164
     1763     0.00000     0.1459E+02     2.000     7   6.2166
     1764     0.00000     0.4539E+01     2.000     6   6.2181
     1766     0.00000     0.2957E+01     2.000     5   6.2184
     1767     0.00000     0.1071E+02     2.000     5   6.2186
     1768     0.00000     0.7517E+01     2.000     6   6.2187
     1769     0.00000     0.3806E+01     2.000     5   6.2190
     1770     0.00000     0.6970E+01     2.000     6   6.2188
     1771     0.00000     0.3477E+01     2.000     7   6.2196
     1772     0.00000     0.3040E+01     2.000     5   6.2195
     1773     0.00000     0.1054E+02     2.000     7   6.2196
     1774     0.00000     0.6312E+01     2.000     6   6.2202
     1775     0.00000     0.6416E+01     2.000     5   6.2206
     1776     0.00000     0.4625E+01     2.000     5   6.2212
     1777     0.00000     0.6914E+01     2.000     6   6.2216
     1778     0.00000     0.5582E+01     1.000     6   6.2217
     1779     0.00000     0.3782E+01     2.000     5   6.2229
     1780     0.00000     0.3238E+01     2.000     7   6.2229
     1781     0.00000     0.2159E+02     2.000     7   6.2243
     1782     0.00000     0.3429E+01     2.000     4   6.2251
     1783     0.00000     0.2908E+01     2.000     5   6.2251
     1784     0.00000     0.2000E+02     2.000     7   6.2254
     1786     0.00000     0.7335E+01     2.000     6   6.2264
     1787     0.00000     0.7240E+01     2.000     4   6.2275
     1788     0.00000     0.5422E+01     2.000     5   6.2290
     1789     0.00000     0.4737E+01     2.000     7   6.2289
     1791     0.00000     0.4352E+01     2.000     6   6.2301
     1792     0.00000     0.6056E+01     2.000     6   6.2310
     1793     0.00000     0.5772E+01     2.000     3   6.2318
     1794     0.00000     0.2702E+01     2.000     7   6.2318
     1795     0.00000     0.1276E+02     2.000     7   6.2318
     1797     0.00000     0.1837E+02     2.000     7   6.2329
     1798     0.00000     0.9419E+01     2.000     7   6.2330
     1800     0.00000     0.1130E+02     2.000     6   6.2355
     1801     0.00000     0.3094E+01     2.000     7   6.2355
     1802     0.00000     0.1100E+02     2.000     7   6.2354
     1803     0.00000     0.4500E+01     2.000     5   6.2373
     1804     0.00000     0.4241E+01     2.000     7   6.2382
     1805     0.00000     0.3281E+01     1.000     6   6.2392
     1806     0.00000     0.4983E+01     2.000     4   6.2399
     1807     0.00000     0.1250E+02     2.000     7   6.2411
     1808     0.00000     0.3516E+01     1.000     6   6.2416
     1809     0.00000     0.3383E+01     2.000     4   6.2424
     1810     0.00000     0.3278E+01     2.000     7   6.2427
     1811     0.00000     0.2069E+02     2.000     7   6.2434
     1812     0.00000     0.1316E+02     2.000     7   6.2433
     1813     0.00000     0.2766E+01     1.000     6   6.2442
     1814     0.00000     0.2176E+02     2.000     7   6.2455
     1815     0.00000     0.1632E+02     2.000     7   6.2462
     1816     0.00000     0.1456E+02     2.000     7   6.2463
     1817     0.00000     0.1692E+02     2.000     5   6.2472
     1818     0.00000     0.1097E+02     2.000     5   6.2492
     1819     0.00000     0.2692E+02     2.000     7   6.2498
     1821     0.00000     0.8388E+01     2.000     7   6.2498
     1822     0.00000     0.4036E+01     2.000     5   6.2504
     1823     0.00000     0.4432E+01     2.000     4   6.2510
     1824     0.00000     0.2056E+02     2.000     7   6.2507
     1825     0.00000     0.1302E+02     2.000     5   6.2513
     1827     0.00000     0.1080E+02     2.000     6   6.2515
     1828     0.00000     0.3638E+01     2.000     5   6.2522
     1829     0.00000     0.8246E+01     2.000     7   6.2528
     1830     0.00000     0.4015E+01     2.000     5   6.2532
     1831     0.00000     0.2126E+02     2.000     7   6.2539
     1832     0.00000     0.1675E+02     2.000     6   6.2536
     1833     0.00000     0.1718E+02     2.000     6   6.2541
     1834     0.00000     0.1340E+02     2.000     7   6.2548
     1835     0.00000     0.2762E+02     2.000     7   6.2554
     1836     0.00000     0.3172E+02     2.000     7   6.2558
     1837     0.00000     0.8122E+01     2.000     7   6.2564
     1840     0.00000     0.1469E+02     2.000     7   6.2581
     1842     0.00000     0.1649E+02     2.000     6   6.2607
     1843     0.00000     0.1183E+02     2.000     7   6.2612
     1844     0.00000     0.6342E+01     2.000     5   6.2614
     1845     0.00000     0.3450E+01     2.000     7   6.2619
     1846     0.00000     0.1217E+02     2.000     5   6.2625
     1847     0.00000     0.3413E+01     2.000     7   6.2627
     1848     0.00000     0.9880E+01     2.000     7   6.2634
     1849     0.00000     0.5517E+01     2.000     6   6.2648
     1850     0.00000     0.3563E+01     2.000     7   6.2648
     1851     0.00000     0.3920E+01     2.000     6   6.2654
     1852     0.00000     0.1165E+02     2.000     7   6.2659
     1853     0.00000     0.5868E+01     2.000     6   6.2673
     1854     0.00000     0.3626E+01     2.000     5   6.2679
     1855     0.00000     0.2803E+01     2.000     6   6.2683
     1856     0.00000     0.9925E+01     2.000     6   6.2687
     1857     0.00000     0.5321E+01     2.000     6   6.2691
     1858     0.00000     0.3386E+02     2.000     7   6.2686
     1859     0.00000     0.3118E+01     2.000     4   6.2705
     1860     0.00000     0.1108E+02     2.000     5   6.2707
     1861     0.00000     0.1490E+02     2.000     6   6.2707
     1862     0.00000     0.1641E+02     2.000     7   6.2716
     1863     0.00000     0.6991E+01     2.000     5   6.2727
     1864     0.00000     0.3895E+02     2.000     7   6.2726
     1865     0.00000     0.6766E+01     2.000     7   6.2730
     1866     0.00000     0.1244E+02     2.000     7   6.2738
     1867     0.00000     0.1678E+02     2.000     7   6.2741
     1868     0.00000     0.1220E+02     2.000     7   6.2738
     1869     0.00000     0.3361E+01     2.000     4   6.2744
     1870     0.00000     0.1551E+02     2.000     6   6.2748
     1871     0.00000     0.6528E+01     2.000     7   6.2746
     1872     0.00000     0.3028E+01     2.000     7   6.2749
     1873     0.00000     0.6531E+01     2.000     6   6.2759
     1874     0.00000     0.3063E+01     2.000     7   6.2769
     1875     0.00000     0.2711E+02     1.000     6   6.2767
     1876     0.00000     0.3427E+01     1.000     6   6.2779
     1877     0.00000     0.1536E+02     2.000     7   6.2779
     1878     0.00000     0.2797E+01     2.000     5   6.2785
     1879     0.00000     0.5464E+01     2.000     5   6.2785
     1880     0.00000     0.5447E+01     2.000     5   6.2785
     1881     0.00000     0.1133E+02     2.000     6   6.2806
     1882     0.00000     0.3074E+02     2.000     6   6.2822
     1883     0.00000     0.1971E+02     2.000     6   6.2842
     1884     0.00000     0.1181E+02     2.000     6   6.2837
     1885     0.00000     0.2263E+02     2.000     7   6.2845
     1887     0.00000     0.2225E+02     2.000     7   6.2864
     1888     0.00000     0.2503E+02     2.000     7   6.2867
     1889     0.00000     0.5486E+01     2.000     7   6.2874
     1890     0.00000     0.5308E+01     2.000     4   6.2871
     1891     0.00000     0.6909E+01     2.000     6   6.2872
     1892     0.00000     0.5005E+01     2.000     7   6.2887
     1893     0.00000     0.9965E+01     2.000     7   6.2897
     1895     0.00000     0.2956E+02     2.000     7   6.2898
     1896     0.00000     0.4423E+01     2.000     5   6.2912
     1897     0.00000     0.4854E+01     2.000     5   6.2913
     1898     0.00000     0.4753E+01     2.000     6   6.2909
     1899     0.00000     0.7001E+01     2.000     6   6.2912
     1900     0.00000     0.2709E+01     2.000     4   6.2921
     1901     0.00000     0.4312E+01     2.000     5   6.2921
     1902     0.00000     0.2684E+01     2.000     7   6.2931
     1903     0.00000     0.1095E+02     2.000     7   6.2929
     1904     0.00000     0.1189E+02     2.000     6   6.2936
     1905     0.00000     0.7116E+01     2.000     4   6.2940
     1906     0.00000     0.6065E+01     2.000     7   6.2943
     1907     0.00000     0.4886E+01     2.000     7   6.2939
     1908     0.00000     0.3483E+01     2.000     5   6.2945
     1909     0.00000     0.3460E+01     2.000     5   6.2945
     1910     0.00000     0.8361E+01     2.000     7   6.2949
     1911     0.00000     0.5181E+01     2.000     7   6.2947
     1912     0.00000     0.2048E+02     2.000     7   6.2950
     1913     0.00000     0.1283E+02     2.000     7   6.2959
     1914     0.00000     0.3824E+02     2.000     7   6.2957
     1915     0.00000     0.5627E+01     2.000     5   6.2961
     1916     0.00000     0.5607E+01     2.000     5   6.2961
     1917     0.00000     0.2348E+02     2.000     7   6.2961
     1918     0.00000     0.3629E+02     2.000     7   6.2965
     1919     0.00000     0.1489E+02     2.000     6   6.2977
     1920     0.00000     0.1165E+02     2.000     7   6.2976
     1921     0.00000     0.5702E+01     2.000     5   6.2980
     1923     0.00000     0.3967E+01     2.000     7   6.2982
     1924     0.00000     0.4754E+01     2.000     5   6.2989
     1925     0.00000     0.6253E+01     2.000     7   6.2997
     1927     0.00000     0.2777E+01     2.000     3   6.3008
     1928     0.00000     0.3126E+01     2.000     7   6.3006
     1930     0.00000     0.1356E+02     2.000     6   6.3012
     1931     0.00000     0.5278E+01     2.000     7   6.3013
     1932     0.00000     0.6281E+01     2.000     5   6.3017
     1933     0.00000     0.3467E+01     2.000     6   6.3018
     1936     0.00000     0.1981E+02     2.000     7   6.3035
     1937     0.00000     0.1394E+02     2.000     7   6.3035
     1938     0.00000     0.7413E+01     2.000     6   6.3042
     1939     0.00000     0.4601E+01     2.000     6   6.3047
     1941     0.00000     0.2778E+02     2.000     7   6.3055
     1942     0.00000     0.3614E+02     2.000     7   6.3068
     1943     0.00000     0.4057E+01     2.000     5   6.3075
     1944     0.00000     0.4215E+01     2.000     4   6.3088
     1945     0.00000     0.2832E+02     2.000     7   6.3088
     1946     0.00000     0.4220E+01     2.000     6   6.3093
     1947     0.00000     0.5212E+01     2.000     7   6.3098
     1948     0.00000     0.5372E+01     2.000     5   6.3104
     1949     0.00000     0.1234E+02     2.000     6   6.3110
     1950     0.00000     0.4933E+01     2.000     7   6.3107
     1951     0.00000     0.4092E+01     2.000     7   6.3106
     1952     0.00000     0.3473E+01     2.000     4   6.3116
     1953     0.00000     0.9085E+01     2.000     5   6.3121
     1955     0.00000     0.2932E+01     2.000     6   6.3125
     1956     0.00000     0.3557E+01     2.000     6   6.3127
     1957     0.00000     0.1248E+02     2.000     7   6.3128
     1958     0.00000     0.1403E+02     2.000     7   6.3128
     1959     0.00000     0.1338E+02     2.000     7   6.3128
     1960     0.00000     0.3305E+01     2.000     5   6.3140
     1961     0.00000     0.2806E+01     2.000     5   6.3139
     1962     0.00000     0.3811E+01     2.000     7   6.3139
     1963     0.00000     0.6673E+01     2.000     7   6.3143
     1964     0.00000     0.9769E+01     2.000     6   6.3146
     1965     0.00000     0.2722E+01     2.000     6   6.3158
     1967     0.00000     0.7021E+01     2.000     5   6.3166
     1968     0.00000     0.1825E+02     2.000     7   6.3162
     1969     0.00000     0.1169E+02     2.000     6   6.3173
     1970     0.00000     0.1026E+02     2.000     6   6.3177
     1971     0.00000     0.1018E+02     2.000     6   6.3182
     1972     0.00000     0.4344E+01     2.000     7   6.3185
     1973     0.00000     0.1164E+02     2.000     7   6.3183
     1974     0.00000     0.3386E+01     2.000     5   6.3184
     1975     0.00000     0.1271E+02     2.000     7   6.3183
     1976     0.00000     0.2863E+01     2.000     5   6.3189
     1978     0.00000     0.2517E+02     2.000     7   6.3198
     1979     0.00000     0.4635E+01     2.000     6   6.3201
     1980     0.00000     0.1803E+02     2.000     6   6.3199
     1981     0.00000     0.3193E+02     2.000     7   6.3203
     1982     0.00000     0.2976E+02     2.000     7   6.3204
     1983     0.00000     0.6745E+01     2.000     7   6.3229
     1984     0.00000     0.3115E+01     2.000     5   6.3231
     1985     0.00000     0.3493E+01     2.000     4   6.3233
     1986     0.00000     0.8297E+01     2.000     5   6.3232
     1987     0.00000     0.4265E+01     2.000     7   6.3242
     1988     0.00000     0.9808E+01     2.000     7   6.3244
     1989     0.00000     0.1599E+02     2.000     7   6.3244
     1990     0.00000     0.6200E+01     2.000     6   6.3263
     1991     0.00000     0.8308E+01     2.000     7   6.3265
     1992     0.00000     0.5430E+01     2.000     5   6.3272
     1993     0.00000     0.5409E+01     2.000     5   6.3272
     1994     0.00000     0.4773E+01     2.000     5   6.3270
     1995     0.00000     0.6203E+01     2.000     5   6.3277
     1996     0.00000     0.3434E+01     2.000     6   6.3287
     1997     0.00000     0.1680E+02     2.000     7   6.3286
     1998     0.00000     0.1529E+02     2.000     5   6.3303
     2000     0.00000     0.5473E+01     2.000     3   6.3328
     2001     0.00000     0.2606E+02     2.000     7   6.3327
     2002     0.00000     0.1635E+02     2.000     7   6.3342
     2003     0.00000     0.3493E+01     2.000     6   6.3342
     2004     0.00000     0.4089E+01     2.000     4   6.3358
     2005     0.00000     0.1063E+02     2.000     7   6.3372
     2006     0.00000     0.6723E+01     2.000     6   6.3382
     2007     0.00000     0.3783E+02     2.000     7   6.3384
     2008     0.00000     0.4381E+01     2.000     5   6.3399
     2009     0.00000     0.1622E+02     2.000     7   6.3399
     2010     0.00000     0.3348E+01     2.000     4   6.3411
     2011     0.00000     0.5744E+01     2.000     5   6.3419
     2012     0.00000     0.5706E+01     2.000     5   6.3419
     2013     0.00000     0.4882E+01     2.000     6   6.3426
     2014     0.00000     0.4472E+01     2.000     5   6.3427
     2015     0.00000     0.3618E+01     2.000     6   6.3426
     2016     0.00000     0.7489E+01     2.000     6   6.3425
     2017     0.00000     0.5578E+01     2.000     6   6.3428
     2018     0.00000     0.2007E+02     2.000     7   6.3424
     2019     0.00000     0.2499E+02     2.000     6   6.3429
     2020     0.00000     0.1263E+02     2.000     6   6.3449
     2023     0.00000     0.2817E+01     2.000     4   6.3456
     2024     0.00000     0.5476E+01     2.000     5   6.3465
     2025     0.00000     0.5443E+01     2.000     5   6.3465
     2026     0.00000     0.9388E+01     2.000     6   6.3465
     2027     0.00000     0.1407E+02     2.000     7   6.3469
     2028     0.00000     0.2747E+02     2.000     7   6.3471
     2029     0.00000     0.6283E+01     2.000     7   6.3471
     2030     0.00000     0.1588E+02     2.000     7   6.3468
     2031     0.00000     0.1614E+02     2.000     6   6.3478
     2032     0.00000     0.6820E+01     2.000     6   6.3479
     2033     0.00000     0.5230E+01     2.000     6   6.3479
     2034     0.00000     0.3591E+01     2.000     6   6.3490
     2035     0.00000     0.3604E+01     2.000     6   6.3501
     2036     0.00000     0.1552E+02     2.000     6   6.3499
     2037     0.00000     0.1657E+02     2.000     7   6.3523
     2038     0.00000     0.9186E+01     2.000     7   6.3528
     2039     0.00000     0.1141E+02     2.000     5   6.3531
     2041     0.00000     0.1099E+02     2.000     7   6.3533
     2042     0.00000     0.6679E+01     2.000     7   6.3532
     2043     0.00000     0.6223E+01     2.000     7   6.3528
     2045     0.00000     0.9376E+01     2.000     5   6.3538
     2046     0.00000     0.8657E+01     2.000     4   6.3539
     2047     0.00000     0.3435E+01     2.000     6   6.3541
     2048     0.00000     0.4513E+01     2.000     6   6.3539
     2049     0.00000     0.7072E+01     2.000     6   6.3541
     2051     0.00000     0.6742E+01     2.000     7   6.3546
     2052     0.00000     0.1670E+02     2.000     6   6.3551
     2053     0.00000     0.1595E+02     2.000     6   6.3549
     2054     0.00000     0.8179E+01     2.000     7   6.3553
     2055     0.00000     0.8249E+01     2.000     6   6.3556
     2056     0.00000     0.8955E+01     2.000     7   6.3554
     2057     0.00000     0.9523E+01     2.000     7   6.3564
     2058     0.00000     0.3144E+01     2.000     6   6.3588
     2059     0.00000     0.4695E+01     2.000     7   6.3588
     2062     0.00000     0.1209E+02     2.000     7   6.3597
     2063     0.00000     0.1023E+02     2.000     6   6.3604
     2064     0.00000     0.3121E+01     2.000     4   6.3606
     2065     0.00000     0.1096E+02     2.000     7   6.3613
     2066     0.00000     0.1078E+02     2.000     7   6.3613
     2067     0.00000     0.1741E+02     2.000     5   6.3624
     2068     0.00000     0.6122E+01     2.000     6   6.3622
     2069     0.00000     0.5521E+01     2.000     6   6.3622
     2071     0.00000     0.2901E+01     2.000     6   6.3623
     2073     0.00000     0.8642E+01     2.000     6   6.3633
     2074     0.00000     0.8839E+01     2.000     6   6.3633
     2075     0.00000     0.1092E+02     2.000     7   6.3643
     2076     0.00000     0.7361E+01     2.000     6   6.3645
     2077     0.00000     0.2866E+02     2.000     6   6.3653
     2079     0.00000     0.3092E+01     2.000     5   6.3665
     2080     0.00000     0.2479E+02     2.000     7   6.3669
     2081     0.00000     0.3329E+01     2.000     5   6.3674
     2084     0.00000     0.1225E+02     2.000     5   6.3685
     2085     0.00000     0.2822E+02     2.000     7   6.3685
     2087     0.00000     0.2991E+02     2.000     7   6.3695
     2088     0.00000     0.5616E+01     2.000     7   6.3710
     2089     0.00000     0.1552E+02     2.000     6   6.3717
     2090     0.00000     0.1774E+02     2.000     7   6.3727
     2091     0.00000     0.2669E+01     2.000     7   6.3740
     2092     0.00000     0.4272E+01     2.000     5   6.3744
     2093     0.00000     0.1340E+02     2.000     5   6.3748
     2094     0.00000     0.1668E+02     2.000     7   6.3744
     2095     0.00000     0.2714E+01     2.000     6   6.3751
     2096     0.00000     0.1628E+02     2.000     5   6.3756
     2097     0.00000     0.5352E+01     2.000     5   6.3761
     2099     0.00000     0.5546E+01     2.000     5   6.3766
     2100     0.00000     0.7314E+01     2.000     4   6.3773
     2101     0.00000     0.4928E+01     2.000     5   6.3772
     2102     0.00000     0.4919E+01     2.000     5   6.3772
     2103     0.00000     0.2533E+02     2.000     6   6.3770
     2104     0.00000     0.7614E+01     2.000     7   6.3779
     2105     0.00000     0.7742E+01     2.000     7   6.3776
     2106     0.00000     0.1471E+02     2.000     7   6.3783
     2107     0.00000     0.1551E+02     2.000     6   6.3788
     2108     0.00000     0.2895E+01     2.000     6   6.3790
     2109     0.00000     0.4529E+01     2.000     5   6.3798
     2110     0.00000     0.6432E+01     2.000     6   6.3799
     2111     0.00000     0.8776E+01     2.000     6   6.3804
     2112     0.00000     0.9502E+01     2.000     6   6.3815
     2113     0.00000     0.1131E+02     2.000     6   6.3813
     2114     0.00000     0.3659E+01     2.000     6   6.3826
     2115     0.00000     0.1600E+02     2.000     7   6.3826
     2116     0.00000     0.4307E+01     2.000     5   6.3833
     2118     0.00000     0.6368E+01     2.000     6   6.3829
     2119     0.00000     0.5697E+01     2.000     6   6.3841
     2121     0.00000     0.1368E+02     2.000     6   6.3851
     2123     0.00000     0.2474E+02     2.000     7   6.3859
     2124     0.00000     0.6084E+01     2.000     7   6.3867
     2125     0.00000     0.9273E+01     2.000     5   6.3871
     2126     0.00000     0.6377E+01     2.000     6   6.3870
     2128     0.00000     0.5113E+01     2.000     5   6.3878
     2130     0.00000     0.6167E+01     2.000     6   6.3893
     2131     0.00000     0.7496E+01     2.000     7   6.3901
     2132     0.00000     0.3247E+02     2.000     7   6.3899
     2133     0.00000     0.5132E+01     2.000     5   6.3903
     2134     0.00000     0.2404E+02     2.000     6   6.3901
     2135     0.00000     0.5582E+01     2.000     5   6.3910
     2136     0.00000     0.2937E+02     2.000     7   6.3912
     2137     0.00000     0.9704E+01     2.000     6   6.3913
     2138     0.00000     0.6499E+01     2.000     6   6.3913
     2139     0.00000     0.5921E+01     2.000     6   6.3913
     2140     0.00000     0.4781E+01     2.000     6   6.3922
     2141     0.00000     0.1407E+02     2.000     6   6.3923
     2142     0.00000     0.1748E+02     2.000     7   6.3926
     2143     0.00000     0.2705E+01     2.000     7   6.3930
     2144     0.00000     0.3313E+02     2.000     7   6.3934
     2146     0.00000     0.1745E+02     2.000     7   6.3939
     2147     0.00000     0.1352E+02     2.000     7   6.3939
     2148     0.00000     0.6353E+01     2.000     5   6.3946
     2150     0.00000     0.3925E+01     2.000     5   6.3951
     2151     0.00000     0.3860E+01     2.000     6   6.3951
     2153     0.00000     0.4713E+01     2.000     5   6.3955
     2154     0.00000     0.5212E+01     2.000     6   6.3961
     2156     0.00000     0.1680E+02     2.000     7   6.3961
     2157     0.00000     0.3777E+01     2.000     4   6.3965
     2159     0.00000     0.1899E+02     2.000     5   6.3970
     2160     0.00000     0.5952E+01     2.000     5   6.3975
     2161     0.00000     0.8957E+01     2.000     5   6.3983
     2162     0.00000     0.2819E+01     2.000     6   6.3988
     2163     0.00000     0.8266E+01     2.000     6   6.3988
     2164     0.00000     0.8463E+01     2.000     6   6.3988
     2165     0.00000     0.1888E+02     2.000     7   6.3998
     2166     0.00000     0.7563E+01     2.000     6   6.4019
     2167     0.00000     0.3298E+01     1.000     6   6.4024
     2169     0.00000     0.5508E+01     2.000     6   6.4031
     2170     0.00000     0.3645E+01     2.000     6   6.4032
     2172     0.00000     0.9528E+01     2.000     5   6.4042
     2173     0.00000     0.3276E+01     2.000     6   6.4047
     2174     0.00000     0.2955E+01     2.000     5   6.4050
     2177     0.00000     0.3931E+02     2.000     6   6.4056
     2178     0.00000     0.3981E+01     2.000     4   6.4061
     2179     0.00000     0.5063E+01     2.000     7   6.4069
     2180     0.00000     0.5129E+01     2.000     5   6.4072
     2181     0.00000     0.5116E+01     2.000     5   6.4072
     2182     0.00000     0.1285E+02     2.000     6   6.4075
     2183     0.00000     0.5398E+01     2.000     7   6.4072
     2185     0.00000     0.5671E+01     1.000     6   6.4076
     2187     0.00000     0.1283E+02     2.000     7   6.4089
     2188     0.00000     0.5289E+01     2.000     6   6.4095
     2189     0.00000     0.6002E+01     2.000     6   6.4097
     2190     0.00000     0.3005E+01     2.000     6   6.4097
     2191     0.00000     0.8889E+01     2.000     6   6.4095
     2192     0.00000     0.2367E+02     2.000     6   6.4097
     2193     0.00000     0.5142E+01     2.000     6   6.4108
     2194     0.00000     0.5888E+01     2.000     6   6.4105
     2195     0.00000     0.5569E+01     2.000     6   6.4114
     2197     0.00000     0.1193E+02     2.000     6   6.4119
     2200     0.00000     0.3188E+02     2.000     7   6.4130
     2201     0.00000     0.1698E+02     2.000     7   6.4130
     2202     0.00000     0.2644E+02     2.000     7   6.4138
     2203     0.00000     0.4330E+01     2.000     4   6.4143
     2204     0.00000     0.4425E+01     2.000     7   6.4144
     2205     0.00000     0.3477E+01     2.000     6   6.4146
     2206     0.00000     0.1005E+02     2.000     6   6.4160
     2207     0.00000     0.6434E+01     1.000     6   6.4163
     2208     0.00000     0.7696E+01     2.000     6   6.4160
     2209     0.00000     0.1565E+02     2.000     7   6.4166
     2210     0.00000     0.3198E+01     2.000     5   6.4171
     2211     0.00000     0.3179E+01     2.000     5   6.4171
     2212     0.00000     0.6337E+01     2.000     6   6.4182
     2213     0.00000     0.3684E+02     2.000     6   6.4187
     2214     0.00000     0.7134E+01     2.000     7   6.4189
     2215     0.00000     0.3380E+01     2.000     5   6.4201
     2216     0.00000     0.5680E+01     2.000     5   6.4198
     2217     0.00000     0.5704E+01     2.000     4   6.4207
     2218     0.00000     0.1221E+02     2.000     5   6.4206
     2219     0.00000     0.5632E+01     2.000     6   6.4204
     2221     0.00000     0.2785E+02     2.000     7   6.4212
     2222     0.00000     0.5998E+01     2.000     7   6.4211
     2223     0.00000     0.2789E+02     2.000     7   6.4210
     2224     0.00000     0.7446E+01     2.000     6   6.4223
     2225     0.00000     0.1246E+02     2.000     7   6.4220
     2226     0.00000     0.1541E+02     2.000     7   6.4220
     2227     0.00000     0.1711E+02     2.000     7   6.4220
     2228     0.00000     0.2785E+01     2.000     5   6.4229
     2229     0.00000     0.6837E+01     2.000     6   6.4228
     2230     0.00000     0.8062E+01     1.000     6   6.4232
     2233     0.00000     0.2476E+02     2.000     7   6.4230
     2234     0.00000     0.3280E+01     2.000     6   6.4239
     2235     0.00000     0.2913E+01     2.000     7   6.4237
     2238     0.00000     0.2579E+02     2.000     7   6.4235
     2239     0.00000     0.3576E+01     2.000     6   6.4240
     2242     0.00000     0.4913E+01     2.000     5   6.4255
     2243     0.00000     0.3960E+01     2.000     6   6.4254
     2244     0.00000     0.3933E+01     2.000     6   6.4254
     2245     0.00000     0.1652E+02     2.000     7   6.4254
     2246     0.00000     0.4634E+01     1.000     6   6.4260
     2247     0.00000     0.8482E+01     1.000     6   6.4258
     2248     0.00000     0.1821E+02     2.000     6   6.4260
     2249     0.00000     0.7633E+01     2.000     6   6.4264
     2250     0.00000     0.8600E+01     2.000     6   6.4264
     2251     0.00000     0.2073E+02     2.000     7   6.4262
     2252     0.00000     0.5039E+01     2.000     6   6.4268
     2253     0.00000     0.5478E+01     2.000     7   6.4268
     2254     0.00000     0.3144E+02     2.000     7   6.4284
     2255     0.00000     0.2550E+02     2.000     6   6.4291
     2257     0.00000     0.1768E+02     2.000     7   6.4310
     2258     0.00000     0.1388E+02     2.000     7   6.4313
     2259     0.00000     0.6069E+01     2.000     5   6.4319
     2260     0.00000     0.3323E+02     2.000     6   6.4320
     2261     0.00000     0.2906E+01     2.000     6   6.4320
     2262     0.00000     0.3056E+01     2.000     6   6.4322
     2263     0.00000     0.4277E+01     2.000     4   6.4329
     2264     0.00000     0.5154E+01     2.000     5   6.4331
     2265     0.00000     0.7524E+01     2.000     5   6.4329
     2267     0.00000     0.9884E+01     2.000     6   6.4328
     2268     0.00000     0.6138E+01     1.000     6   6.4336
     2269     0.00000     0.3713E+01     2.000     6   6.4334
     2270     0.00000     0.1300E+02     2.000     7   6.4342
     2271     0.00000     0.8634E+01     2.000     5   6.4357
     2272     0.00000     0.3481E+01     2.000     6   6.4360
     2273     0.00000     0.4795E+01     2.000     5   6.4368
     2274     0.00000     0.1181E+02     2.000     7   6.4367
     2275     0.00000     0.8040E+01     2.000     6   6.4373
     2276     0.00000     0.4939E+01     2.000     6   6.4373
     2277     0.00000     0.4638E+01     2.000     6   6.4379
     2278     0.00000     0.9909E+01     2.000     6   6.4383
     2279     0.00000     0.4900E+01     2.000     6   6.4389
     2280     0.00000     0.2319E+02     2.000     6   6.4384
     2281     0.00000     0.7986E+01     2.000     7   6.4394
     2282     0.00000     0.3051E+01     2.000     6   6.4391
     2283     0.00000     0.4099E+02     2.000     7   6.4398
     2284     0.00000     0.7218E+02     2.000     7   6.4406
     2286     0.00000     0.1205E+02     2.000     7   6.4414
     2287     0.00000     0.4712E+01     2.000     6   6.4421
     2288     0.00000     0.1675E+02     2.000     7   6.4423
     2289     0.00000     0.4771E+01     2.000     6   6.4426
     2290     0.00000     0.7963E+01     2.000     6   6.4422
     2291     0.00000     0.2376E+02     2.000     6   6.4422
     2292     0.00000     0.8098E+01     2.000     6   6.4422
     2293     0.00000     0.9590E+01     2.000     7   6.4425
     2294     0.00000     0.3297E+01     2.000     5   6.4429
     2295     0.00000     0.3515E+01     2.000     6   6.4430
     2296     0.00000     0.1011E+02     2.000     6   6.4433
     2297     0.00000     0.4554E+01     2.000     5   6.4433
     2298     0.00000     0.4535E+01     2.000     5   6.4433
     2299     0.00000     0.5053E+01     2.000     6   6.4457
     2300     0.00000     0.3843E+01     2.000     5   6.4455
     2301     0.00000     0.6315E+01     2.000     7   6.4454
     2302     0.00000     0.8403E+01     2.000     6   6.4472
     2303     0.00000     0.7873E+01     2.000     6   6.4472
     2304     0.00000     0.4979E+01     2.000     6   6.4471
     2306     0.00000     0.3018E+01     2.000     7   6.4488
     2307     0.00000     0.6989E+01     2.000     6   6.4491
     2309     0.00000     0.7511E+01     2.000     5   6.4504
     2310     0.00000     0.5205E+01     2.000     6   6.4505
     2311     0.00000     0.3897E+02     2.000     7   6.4506
     2312     0.00000     0.3611E+01     2.000     5   6.4518
     2313     0.00000     0.5267E+01     2.000     5   6.4518
     2314     0.00000     0.5311E+01     2.000     6   6.4519
     2316     0.00000     0.3529E+01     2.000     6   6.4529
     2317     0.00000     0.4786E+01     2.000     6   6.4529
     2318     0.00000     0.6207E+01     2.000     7   6.4531
     2319     0.00000     0.1628E+02     2.000     7   6.4531
     2320     0.00000     0.6708E+02     2.000     7   6.4537
     2322     0.00000     0.1634E+02     2.000     7   6.4540
     2323     0.00000     0.7536E+01     2.000     5   6.4546
     2325     0.00000     0.4873E+01     2.000     6   6.4551
     2326     0.00000     0.5100E+01     2.000     6   6.4556
     2328     0.00000     0.4661E+01     2.000     5   6.4562
     2329     0.00000     0.3323E+01     2.000     6   6.4562
     2330     0.00000     0.5225E+01     2.000     7   6.4561
     2331     0.00000     0.9535E+01     2.000     5   6.4567
     2332     0.00000     0.4203E+01     2.000     6   6.4578
     2333     0.00000     0.1118E+02     2.000     7   6.4576
     2334     0.00000     0.9937E+01     2.000     6   6.4583
     2335     0.00000     0.1469E+02     2.000     7   6.4590
     2336     0.00000     0.8056E+01     2.000     6   6.4601
     2337     0.00000     0.4697E+01     2.000     6   6.4601
     2338     0.00000     0.3731E+01     2.000     3   6.4605
     2340     0.00000     0.4498E+01     2.000     7   6.4610
     2341     0.00000     0.4895E+01     2.000     6   6.4618
     2342     0.00000     0.5366E+01     2.000     5   6.4620
     2343     0.00000     0.7457E+01     2.000     6   6.4618
     2344     0.00000     0.7586E+01     2.000     6   6.4618
     2345     0.00000     0.3059E+01     2.000     5   6.4624
     2346     0.00000     0.1367E+02     2.000     7   6.4625
     2347     0.00000     0.4611E+01     2.000     6   6.4631
     2349     0.00000     0.1095E+02     2.000     7   6.4642
     2351     0.00000     0.5083E+01     2.000     6   6.4646
     2353     0.00000     0.1278E+02     2.000     7   6.4652
     2354     0.00000     0.6582E+01     2.000     5   6.4672
     2355     0.00000     0.1097E+02     2.000     7   6.4676
     2356     0.00000     0.7261E+01     2.000     5   6.4679
     2357     0.00000     0.3115E+01     2.000     6   6.4678
     2358     0.00000     0.4532E+01     2.000     6   6.4682
     2359     0.00000     0.1550E+02     2.000     7   6.4681
     2360     0.00000     0.1343E+02     2.000     6   6.4690
     2361     0.00000     0.1426E+02     2.000     7   6.4689
     2363     0.00000     0.3716E+02     2.000     7   6.4699
     2364     0.00000     0.1784E+02     2.000     6   6.4704
     2365     0.00000     0.7728E+01     2.000     7   6.4702
     2367     0.00000     0.1298E+02     2.000     6   6.4712
     2368     0.00000     0.3432E+01     2.000     5   6.4722
     2369     0.00000     0.1483E+02     2.000     6   6.4719
     2370     0.00000     0.4677E+01     2.000     6   6.4723
     2371     0.00000     0.5041E+01     2.000     6   6.4724
     2372     0.00000     0.9621E+01     2.000     7   6.4735
     2373     0.00000     0.1583E+02     2.000     7   6.4733
     2374     0.00000     0.4026E+01     2.000     5   6.4741
     2375     0.00000     0.5561E+01     2.000     6   6.4739
     2376     0.00000     0.5938E+01     2.000     6   6.4739
     2377     0.00000     0.5533E+01     2.000     7   6.4741
     2378     0.00000     0.4594E+01     2.000     7   6.4742
     2379     0.00000     0.7510E+01     2.000     6   6.4744
     2380     0.00000     0.8115E+01     2.000     7   6.4744
     2381     0.00000     0.3797E+02     2.000     7   6.4745
     2382     0.00000     0.1276E+02     2.000     6   6.4751
     2383     0.00000     0.6867E+01     2.000     6   6.4751
     2384     0.00000     0.9300E+01     2.000     6   6.4751
     2387     0.00000     0.8400E+01     2.000     6   6.4768
     2388     0.00000     0.1259E+02     2.000     7   6.4771
     2389     0.00000     0.5172E+01     2.000     5   6.4797
     2390     0.00000     0.3661E+01     2.000     7   6.4797
     2391     0.00000     0.4155E+01     2.000     7   6.4798
     2392     0.00000     0.1054E+02     2.000     6   6.4799
     2393     0.00000     0.8547E+01     2.000     6   6.4814
     2394     0.00000     0.8256E+01     2.000     7   6.4815
     2395     0.00000     0.3250E+01     2.000     6   6.4824
     2396     0.00000     0.3290E+01     2.000     6   6.4824
     2398     0.00000     0.1343E+02     2.000     7   6.4825
     2399     0.00000     0.8921E+01     2.000     5   6.4829
     2400     0.00000     0.5060E+01     2.000     7   6.4829
     2401     0.00000     0.5102E+01     2.000     7   6.4827
     2402     0.00000     0.2284E+02     2.000     7   6.4834
     2403     0.00000     0.2236E+02     2.000     7   6.4835
     2404     0.00000     0.7062E+01     2.000     6   6.4840
     2405     0.00000     0.6627E+01     1.000     6   6.4849
     2406     0.00000     0.7942E+01     2.000     5   6.4853
     2407     0.00000     0.1440E+02     2.000     7   6.4853
     2409     0.00000     0.3202E+01     2.000     6   6.4860
     2410     0.00000     0.3245E+01     2.000     6   6.4860
     2411     0.00000     0.1116E+02     2.000     6   6.4861
     2412     0.00000     0.6402E+01     1.000     6   6.4858
     2413     0.00000     0.2790E+02     2.000     7   6.4862
     2414     0.00000     0.6399E+01     2.000     6   6.4868
     2415     0.00000     0.5836E+01     2.000     6   6.4868
     2418     0.00000     0.8511E+01     2.000     6   6.4867
     2419     0.00000     0.6142E+01     2.000     5   6.4875
     2421     0.00000     0.2928E+01     2.000     6   6.4881
     2422     0.00000     0.2999E+01     1.000     6   6.4878
     2423     0.00000     0.1368E+02     2.000     6   6.4887
     2424     0.00000     0.1039E+02     2.000     6   6.4886
     2425     0.00000     0.7690E+01     2.000     6   6.4891
     2426     0.00000     0.3460E+01     2.000     4   6.4893
     2427     0.00000     0.1318E+02     2.000     6   6.4896
     2428     0.00000     0.9170E+01     2.000     6   6.4905
     2429     0.00000     0.7462E+01     2.000     6   6.4907
     2430     0.00000     0.5508E+01     2.000     7   6.4903
     2431     0.00000     0.3013E+01     2.000     7   6.4906
     2433     0.00000     0.5965E+01     2.000     4   6.4925
     2434     0.00000     0.2762E+02     2.000     6   6.4927
     2436     0.00000     0.2474E+02     2.000     7   6.4932
     2439     0.00000     0.1359E+02     2.000     7   6.4941
     2440     0.00000     0.8263E+01     2.000     7   6.4944
     2441     0.00000     0.1525E+02     2.000     7   6.4944
     2442     0.00000     0.1759E+02     2.000     7   6.4944
     2443     0.00000     0.5101E+01     2.000     5   6.4945
     2445     0.00000     0.7044E+01     2.000     7   6.4953
     2446     0.00000     0.9430E+01     2.000     5   6.4962
     2447     0.00000     0.5508E+01     2.000     6   6.4964
     2448     0.00000     0.2680E+01     2.000     6   6.4963
     2449     0.00000     0.4164E+01     2.000     5   6.4976
     2450     0.00000     0.4237E+01     2.000     5   6.4976
     2451     0.00000     0.1128E+02     2.000     6   6.4976
     2452     0.00000     0.5810E+01     2.000     6   6.4973
     2453     0.00000     0.1018E+02     2.000     7   6.4971
     2454     0.00000     0.8241E+01     2.000     6   6.4982
     2455     0.00000     0.7137E+01     2.000     7   6.4979
     2456     0.00000     0.9763E+01     2.000     7   6.4980
     2458     0.00000     0.5663E+01     2.000     5   6.4991
     2459     0.00000     0.7867E+01     2.000     6   6.4989
     2460     0.00000     0.2471E+02     2.000     6   6.4998
     2461     0.00000     0.3067E+01     2.000     6   6.5007
     2462     0.00000     0.1511E+02     2.000     6   6.5009
     2463     0.00000     0.9377E+01     2.000     6   6.5011
     2464     0.00000     0.1009E+02     2.000     6   6.5012
     2465     0.00000     0.5958E+01     2.000     6   6.5012
     2466     0.00000     0.6235E+01     2.000     6   6.5012
     2468     0.00000     0.1694E+02     2.000     7   6.5012
     2469     0.00000     0.5676E+02     2.000     7   6.5013
     2470     0.00000     0.8787E+01     2.000     6   6.5015
     2472     0.00000     0.4942E+01     2.000     6   6.5028
     2473     0.00000     0.6466E+01     2.000     7   6.5028
     2474     0.00000     0.5736E+01     2.000     6   6.5033
     2475     0.00000     0.1071E+02     2.000     6   6.5029
     2476     0.00000     0.7379E+01     2.000     5   6.5036
     2477     0.00000     0.6978E+01     2.000     7   6.5037
     2478     0.00000     0.4002E+01     2.000     7   6.5042
     2479     0.00000     0.4440E+01     2.000     6   6.5050
     2480     0.00000     0.3293E+01     2.000     4   6.5061
     2481     0.00000     0.3384E+01     2.000     5   6.5057
     2482     0.00000     0.4091E+01     2.000     6   6.5057
     2484     0.00000     0.5014E+01     2.000     5   6.5065
     2485     0.00000     0.4728E+01     2.000     6   6.5065
     2487     0.00000     0.7256E+01     2.000     6   6.5067
     2488     0.00000     0.1413E+02     2.000     6   6.5069
     2489     0.00000     0.5494E+01     2.000     6   6.5076
     2490     0.00000     0.1432E+02     2.000     6   6.5081
     2491     0.00000     0.4324E+01     2.000     7   6.5079
     2492     0.00000     0.4906E+01     2.000     4   6.5093
     2493     0.00000     0.3363E+01     2.000     4   6.5098
     2494     0.00000     0.5215E+01     2.000     6   6.5094
     2495     0.00000     0.9260E+01     2.000     7   6.5096
     2496     0.00000     0.5444E+01     2.000     6   6.5104
     2497     0.00000     0.2847E+02     2.000     7   6.5100
     2498     0.00000     0.4513E+01     2.000     7   6.5111
     2499     0.00000     0.1095E+02     2.000     7   6.5112
     2500     0.00000     0.2181E+02     2.000     7   6.5112
     2501     0.00000     0.1454E+02     2.000     7   6.5112
     2503     0.00000     0.1376E+02     2.000     6   6.5120
     2504     0.00000     0.3600E+01     2.000     6   6.5119
     2505     0.00000     0.5995E+01     2.000     7   6.5117
     2506     0.00000     0.6047E+01     2.000     5   6.5125
     2507     0.00000     0.3901E+01     2.000     5   6.5125
     2508     0.00000     0.7482E+01     2.000     6   6.5122
     2509     0.00000     0.5703E+01     2.000     7   6.5122
     2510     0.00000     0.3936E+01     2.000     6   6.5128
     2512     0.00000     0.4119E+01     1.000     2   6.5134
     2513     0.00000     0.2637E+02     2.000     7   6.5133
     2514     0.00000     0.1635E+02     2.000     7   6.5139
     2515     0.00000     0.5552E+02     2.000     7   6.5144
     2517     0.00000     0.8183E+01     1.000     6   6.5148
     2518     0.00000     0.3210E+02     2.000     7   6.5148
     2519     0.00000     0.3383E+01     2.000     6   6.5157
     2520     0.00000     0.9903E+01     2.000     7   6.5161
     2521     0.00000     0.7155E+01     2.000     6   6.5162
     2522     0.00000     0.7790E+01     2.000     7   6.5158
     2523     0.00000     0.3989E+01     2.000     6   6.5164
     2524     0.00000     0.1064E+02     2.000     6   6.5177
     2525     0.00000     0.8189E+01     2.000     6   6.5173
     2526     0.00000     0.7897E+01     2.000     6   6.5173
     2527     0.00000     0.1224E+02     2.000     6   6.5174
     2528     0.00000     0.8869E+01     2.000     5   6.5184
     2529     0.00000     0.7915E+01     2.000     5   6.5192
     2531     0.00000     0.2959E+01     2.000     6   6.5199
     2532     0.00000     0.6834E+01     1.000     6   6.5205
     2533     0.00000     0.6017E+01     1.000     6   6.5225
     2534     0.00000     0.8847E+01     2.000     7   6.5229
     2535     0.00000     0.1823E+02     2.000     7   6.5229
     2536     0.00000     0.1625E+02     2.000     7   6.5229
     2537     0.00000     0.4860E+01     2.000     7   6.5232
     2538     0.00000     0.1629E+02     2.000     6   6.5233
     2539     0.00000     0.2665E+02     2.000     7   6.5236
     2540     0.00000     0.3110E+01     2.000     6   6.5261
     2541     0.00000     0.3966E+01     2.000     7   6.5263
     2542     0.00000     0.3461E+01     2.000     4   6.5271
     2543     0.00000     0.7959E+01     2.000     5   6.5278
     2544     0.00000     0.1574E+02     2.000     7   6.5276
     2545     0.00000     0.8062E+01     2.000     6   6.5280
     2546     0.00000     0.5161E+01     2.000     6   6.5279
     2547     0.00000     0.8306E+01     2.000     6   6.5282
     2548     0.00000     0.7196E+01     2.000     6   6.5282
     2549     0.00000     0.6199E+01     2.000     6   6.5283
     2550     0.00000     0.8468E+01     2.000     6   6.5283
     2551     0.00000     0.1183E+02     2.000     6   6.5283
     2552     0.00000     0.9059E+01     2.000     7   6.5283
     2553     0.00000     0.6871E+01     2.000     7   6.5288
     2554     0.00000     0.5209E+01     2.000     5   6.5286
     2555     0.00000     0.9725E+01     2.000     7   6.5299
     2556     0.00000     0.5336E+01     2.000     3   6.5304
     2557     0.00000     0.8592E+01     2.000     6   6.5300
     2559     0.00000     0.6098E+01     2.000     7   6.5302
     2560     0.00000     0.4488E+01     2.000     7   6.5307
     2561     0.00000     0.4758E+01     2.000     6   6.5307
     2562     0.00000     0.1070E+02     2.000     7   6.5313
     2563     0.00000     0.2884E+01     2.000     4   6.5317
     2564     0.00000     0.4445E+01     2.000     6   6.5319
     2565     0.00000     0.4172E+02     2.000     7   6.5317
     2566     0.00000     0.7208E+01     2.000     6   6.5330
     2567     0.00000     0.7605E+01     2.000     6   6.5332
     2568     0.00000     0.2386E+02     2.000     7   6.5337
     2569     0.00000     0.1468E+02     2.000     7   6.5340
     2570     0.00000     0.1143E+02     2.000     7   6.5339
     2571     0.00000     0.2968E+01     2.000     4   6.5347
     2572     0.00000     0.8440E+01     2.000     5   6.5343
     2573     0.00000     0.3116E+01     2.000     5   6.5344
     2574     0.00000     0.4698E+01     2.000     5   6.5343
     2575     0.00000     0.1140E+02     2.000     6   6.5350
     2576     0.00000     0.4862E+02     2.000     7   6.5348
     2577     0.00000     0.6069E+01     1.000     4   6.5354
     2578     0.00000     0.5173E+01     2.000     5   6.5357
     2579     0.00000     0.8056E+01     2.000     6   6.5355
     2580     0.00000     0.7772E+01     2.000     6   6.5355
     2581     0.00000     0.4264E+01     2.000     6   6.5363
     2582     0.00000     0.3476E+01     2.000     7   6.5360
     2583     0.00000     0.4944E+01     2.000     4   6.5366
     2585     0.00000     0.1993E+02     2.000     7   6.5367
     2586     0.00000     0.2986E+02     2.000     7   6.5367
     2587     0.00000     0.9131E+01     2.000     7   6.5367
     2588     0.00000     0.9790E+01     2.000     5   6.5371
     2589     0.00000     0.1152E+02     2.000     6   6.5373
     2590     0.00000     0.3152E+02     2.000     7   6.5372
     2591     0.00000     0.2626E+02     2.000     5   6.5376
     2592     0.00000     0.3846E+01     2.000     6   6.5381
     2593     0.00000     0.8674E+01     2.000     7   6.5381
     2596     0.00000     0.3063E+02     1.000     6   6.5397
     2597     0.00000     0.9504E+01     2.000     6   6.5398
     2598     0.00000     0.5072E+01     2.000     4   6.5401
     2599     0.00000     0.2945E+02     2.000     7   6.5401
     2600     0.00000     0.1112E+02     2.000     7   6.5401
     2603     0.00000     0.9075E+01     2.000     6   6.5408
     2604     0.00000     0.5001E+01     2.000     7   6.5406
     2605     0.00000     0.4866E+01     2.000     7   6.5411
     2606     0.00000     0.2919E+01     2.000     7   6.5429
     2607     0.00000     0.4001E+01     2.000     6   6.5429
     2608     0.00000     0.4047E+01     2.000     6   6.5429
     2610     0.00000     0.1469E+02     2.000     7   6.5431
     2611     0.00000     0.1543E+02     2.000     7   6.5431
     2612     0.00000     0.9498E+01     2.000     7   6.5428
     2613     0.00000     0.6042E+01     2.000     7   6.5435
     2614     0.00000     0.8149E+01     2.000     5   6.5444
     2615     0.00000     0.5934E+01     2.000     7   6.5443
     2617     0.00000     0.2225E+02     2.000     7   6.5448
     2618     0.00000     0.5590E+01     2.000     7   6.5454
     2619     0.00000     0.1142E+02     2.000     7   6.5455
     2620     0.00000     0.4950E+01     2.000     4   6.5458
     2621     0.00000     0.4074E+01     2.000     5   6.5463
     2622     0.00000     0.7331E+01     2.000     7   6.5462
     2623     0.00000     0.3510E+01     2.000     6   6.5465
     2624     0.00000     0.3084E+01     2.000     4   6.5467
     2625     0.00000     0.1759E+02     2.000     6   6.5465
     2626     0.00000     0.1346E+02     2.000     6   6.5468
     2627     0.00000     0.9081E+01     2.000     7   6.5466
     2628     0.00000     0.4149E+01     1.000     6   6.5474
     2629     0.00000     0.7696E+01     2.000     6   6.5471
     2630     0.00000     0.9869E+01     2.000     6   6.5475
     2631     0.00000     0.2939E+01     2.000     7   6.5482
     2632     0.00000     0.3436E+01     2.000     5   6.5494
     2633     0.00000     0.4538E+01     2.000     6   6.5491
     2634     0.00000     0.3373E+01     2.000     6   6.5495
     2635     0.00000     0.4539E+01     2.000     7   6.5491
     2636     0.00000     0.2234E+02     2.000     7   6.5497
     2637     0.00000     0.1407E+02     2.000     7   6.5497
     2638     0.00000     0.1518E+02     2.000     7   6.5497
     2639     0.00000     0.1063E+02     2.000     7   6.5500
     2640     0.00000     0.2080E+02     2.000     7   6.5500
     2641     0.00000     0.1429E+02     2.000     7   6.5500
     2642     0.00000     0.9846E+01     2.000     6   6.5503
     2643     0.00000     0.2728E+01     2.000     4   6.5512
     2644     0.00000     0.7256E+01     2.000     6   6.5516
     2645     0.00000     0.9636E+01     2.000     7   6.5524
     2646     0.00000     0.1219E+02     2.000     7   6.5523
     2647     0.00000     0.1326E+02     2.000     7   6.5523
     2648     0.00000     0.7484E+01     1.000     6   6.5534
     2649     0.00000     0.1964E+02     2.000     7   6.5535
     2650     0.00000     0.2139E+02     2.000     7   6.5535
     2651     0.00000     0.1482E+02     2.000     7   6.5534
     2652     0.00000     0.1473E+02     2.000     7   6.5534
     2653     0.00000     0.7299E+01     2.000     7   6.5536
     2654     0.00000     0.3035E+01     2.000     5   6.5539
     2655     0.00000     0.3359E+01     2.000     6   6.5541
     2656     0.00000     0.5941E+01     2.000     6   6.5541
     2657     0.00000     0.3341E+01     2.000     5   6.5543
     2658     0.00000     0.3349E+01     2.000     5   6.5543
     2659     0.00000     0.7107E+01     2.000     6   6.5550
     2660     0.00000     0.1164E+02     2.000     6   6.5551
     2661     0.00000     0.1209E+02     2.000     7   6.5548
     2662     0.00000     0.5658E+01     2.000     7   6.5555
     2664     0.00000     0.1286E+02     2.000     6   6.5565
     2665     0.00000     0.1551E+02     2.000     6   6.5573
     2666     0.00000     0.1510E+02     2.000     7   6.5572
     2667     0.00000     0.1500E+02     2.000     7   6.5572
     2668     0.00000     0.4172E+01     2.000     4   6.5579
     2671     0.00000     0.6399E+01     2.000     7   6.5580
     2674     0.00000     0.2530E+02     2.000     7   6.5584
     2675     0.00000     0.3140E+01     2.000     7   6.5594
     2676     0.00000     0.1842E+02     2.000     7   6.5599
     2677     0.00000     0.2460E+02     2.000     7   6.5599
     2678     0.00000     0.1158E+02     2.000     6   6.5606
     2679     0.00000     0.4035E+01     2.000     6   6.5605
     2680     0.00000     0.2400E+02     2.000     7   6.5606
     2681     0.00000     0.4546E+01     2.000     5   6.5613
     2682     0.00000     0.2784E+01     1.000     6   6.5620
     2683     0.00000     0.1011E+02     2.000     7   6.5627
     2684     0.00000     0.1013E+02     2.000     7   6.5627
     2685     0.00000     0.9103E+01     2.000     6   6.5632
     2686     0.00000     0.5302E+01     2.000     6   6.5631
     2687     0.00000     0.3186E+01     2.000     6   6.5630
     2688     0.00000     0.1421E+02     2.000     7   6.5656
     2689     0.00000     0.6239E+01     2.000     7   6.5656
     2690     0.00000     0.4297E+01     2.000     5   6.5659
     2691     0.00000     0.4391E+01     2.000     5   6.5659
     2692     0.00000     0.4117E+01     2.000     5   6.5658
     2693     0.00000     0.3646E+01     2.000     7   6.5662
     2694     0.00000     0.3430E+02     2.000     7   6.5659
     2695     0.00000     0.3286E+01     2.000     7   6.5685
     2696     0.00000     0.4558E+01     2.000     7   6.5687
     2697     0.00000     0.4769E+01     2.000     7   6.5692
     2698     0.00000     0.1206E+02     2.000     7   6.5691
     2699     0.00000     0.8568E+01     2.000     7   6.5689
     2700     0.00000     0.7016E+01     2.000     7   6.5694
     2701     0.00000     0.1272E+02     2.000     7   6.5694
     2702     0.00000     0.4556E+01     2.000     5   6.5696
     2703     0.00000     0.1022E+02     2.000     6   6.5694
     2704     0.00000     0.2249E+02     2.000     7   6.5696
     2705     0.00000     0.8685E+01     2.000     6   6.5704
     2706     0.00000     0.9493E+01     2.000     6   6.5707
     2707     0.00000     0.4572E+01     2.000     5   6.5711
     2710     0.00000     0.1001E+02     2.000     7   6.5724
     2711     0.00000     0.1001E+02     2.000     7   6.5724
     2712     0.00000     0.6257E+01     2.000     7   6.5730
     2713     0.00000     0.1277E+02     2.000     7   6.5730
     2714     0.00000     0.3459E+01     2.000     6   6.5743
     2715     0.00000     0.9776E+01     2.000     7   6.5744
     2716     0.00000     0.6811E+01     2.000     7   6.5743
     2717     0.00000     0.3839E+01     2.000     5   6.5749
     2718     0.00000     0.1001E+02     2.000     7   6.5748
     2719     0.00000     0.5688E+01     2.000     7   6.5757
     2721     0.00000     0.3396E+01     2.000     7   6.5760
     2723     0.00000     0.3249E+01     2.000     6   6.5768
     2724     0.00000     0.4315E+01     2.000     6   6.5768
     2725     0.00000     0.3785E+01     2.000     6   6.5766
     2726     0.00000     0.2090E+02     2.000     7   6.5768
     2727     0.00000     0.2012E+02     2.000     7   6.5768
     2728     0.00000     0.1263E+02     2.000     7   6.5767
     2729     0.00000     0.5395E+01     2.000     5   6.5771
     2730     0.00000     0.7219E+01     2.000     7   6.5788
     2732     0.00000     0.7797E+01     2.000     5   6.5791
     2733     0.00000     0.3173E+02     2.000     7   6.5790
     2734     0.00000     0.7431E+01     2.000     7   6.5790
     2735     0.00000     0.5413E+01     2.000     6   6.5799
     2736     0.00000     0.5760E+01     2.000     6   6.5800
     2737     0.00000     0.5616E+01     2.000     6   6.5800
     2738     0.00000     0.4630E+01     2.000     7   6.5805
     2739     0.00000     0.6864E+01     2.000     6   6.5805
     2740     0.00000     0.8023E+01     2.000     7   6.5802
     2741     0.00000     0.5782E+01     2.000     5   6.5808
     2742     0.00000     0.6271E+01     2.000     6   6.5811
     2744     0.00000     0.1130E+02     2.000     7   6.5812
     2745     0.00000     0.4905E+01     2.000     5   6.5817
     2747     0.00000     0.1369E+02     2.000     7   6.5820
     2748     0.00000     0.5647E+01     2.000     7   6.5820
     2749     0.00000     0.1091E+02     2.000     7   6.5820
     2750     0.00000     0.8634E+01     2.000     6   6.5822
     2751     0.00000     0.3863E+01     2.000     7   6.5824
     2752     0.00000     0.8929E+01     2.000     7   6.5825
     2754     0.00000     0.2731E+01     2.000     6   6.5830
     2755     0.00000     0.1109E+02     2.000     7   6.5829
     2757     0.00000     0.4030E+01     2.000     7   6.5837
     2758     0.00000     0.4317E+01     2.000     7   6.5838
     2759     0.00000     0.1486E+02     2.000     7   6.5844
     2761     0.00000     0.5508E+01     2.000     6   6.5844
     2762     0.00000     0.6410E+01     2.000     6   6.5846
     2763     0.00000     0.9216E+01     2.000     7   6.5848
     2764     0.00000     0.5277E+01     2.000     5   6.5854
     2765     0.00000     0.9223E+01     2.000     7   6.5852
     2766     0.00000     0.1511E+02     2.000     7   6.5853
     2768     0.00000     0.1512E+02     2.000     7   6.5853
     2769     0.00000     0.2867E+01     2.000     7   6.5853
     2770     0.00000     0.2025E+02     2.000     7   6.5853
     2771     0.00000     0.5757E+01     2.000     7   6.5866
     2773     0.00000     0.7001E+01     2.000     6   6.5874
     2774     0.00000     0.7104E+01     2.000     6   6.5872
     2775     0.00000     0.1550E+02     2.000     7   6.5877
     2777     0.00000     0.1410E+02     2.000     7   6.5877
     2778     0.00000     0.1771E+02     2.000     7   6.5880
     2779     0.00000     0.5794E+01     1.000     6   6.5880
     2780     0.00000     0.3298E+01     2.000     7   6.5884
     2781     0.00000     0.1329E+02     2.000     7   6.5883
     2782     0.00000     0.4808E+01     2.000     7   6.5896
     2783     0.00000     0.4192E+01     2.000     5   6.5899
     2784     0.00000     0.6109E+01     2.000     5   6.5898
     2785     0.00000     0.3611E+01     2.000     7   6.5899
     2786     0.00000     0.1192E+02     2.000     7   6.5902
     2787     0.00000     0.5538E+01     2.000     7   6.5902
     2788     0.00000     0.7145E+01     2.000     6   6.5910
     2789     0.00000     0.1002E+02     2.000     7   6.5915
     2790     0.00000     0.9211E+01     2.000     7   6.5916
     2791     0.00000     0.4805E+01     2.000     5   6.5922
     2792     0.00000     0.6231E+01     2.000     7   6.5920
     2793     0.00000     0.5370E+01     2.000     7   6.5920
     2794     0.00000     0.5048E+01     2.000     7   6.5919
     2795     0.00000     0.1725E+02     2.000     7   6.5933
     2796     0.00000     0.8115E+01     2.000     6   6.5928
     2797     0.00000     0.8114E+01     2.000     6   6.5931
     2800     0.00000     0.4882E+01     2.000     7   6.5931
     2801     0.00000     0.4553E+01     2.000     7   6.5936
     2802     0.00000     0.1186E+02     2.000     7   6.5941
     2803     0.00000     0.3721E+01     2.000     5   6.5944
     2804     0.00000     0.8476E+01     2.000     7   6.5952
     2805     0.00000     0.7871E+01     2.000     6   6.5957
     2806     0.00000     0.3641E+02     2.000     7   6.5955
     2807     0.00000     0.7593E+01     2.000     6   6.5961
     2808     0.00000     0.7337E+01     2.000     6   6.5961
     2809     0.00000     0.7203E+01     2.000     6   6.5963
     2810     0.00000     0.1377E+02     2.000     7   6.5959
     2812     0.00000     0.3186E+01     2.000     7   6.5961
     2813     0.00000     0.3345E+01     2.000     7   6.5970
     2814     0.00000     0.1675E+02     2.000     7   6.5971
     2816     0.00000     0.7331E+01     2.000     3   6.5977
     2817     0.00000     0.7083E+01     2.000     5   6.5977
     2818     0.00000     0.2749E+01     2.000     5   6.5976
     2819     0.00000     0.5542E+01     2.000     7   6.5977
     2820     0.00000     0.3367E+01     2.000     5   6.5984
     2821     0.00000     0.7575E+01     2.000     7   6.5983
     2822     0.00000     0.1068E+02     2.000     7   6.5988
     2823     0.00000     0.5371E+01     2.000     7   6.5986
     2824     0.00000     0.7775E+01     2.000     7   6.5986
     2826     0.00000     0.2725E+01     2.000     7   6.5997
     2827     0.00000     0.4583E+01     1.000     6   6.6002
     2828     0.00000     0.1103E+02     2.000     7   6.6010
     2829     0.00000     0.1193E+02     2.000     7   6.6010
     2830     0.00000     0.9543E+01     2.000     6   6.6015
     2831     0.00000     0.1334E+02     2.000     7   6.6012
     2832     0.00000     0.1508E+02     2.000     7   6.6021
     2833     0.00000     0.1596E+02     2.000     7   6.6021
     2834     0.00000     0.3227E+02     2.000     7   6.6021
     2835     0.00000     0.1832E+02     2.000     7   6.6021
     2837     0.00000     0.6895E+01     2.000     7   6.6023
     2838     0.00000     0.4110E+01     2.000     7   6.6023
     2839     0.00000     0.7485E+01     2.000     6   6.6030
     2840     0.00000     0.7230E+01     2.000     6   6.6030
     2842     0.00000     0.9626E+01     2.000     7   6.6034
     2843     0.00000     0.6170E+01     2.000     7   6.6034
     2844     0.00000     0.4431E+01     2.000     7   6.6035
     2845     0.00000     0.1410E+02     2.000     7   6.6040
     2846     0.00000     0.1517E+02     2.000     7   6.6040
     2847     0.00000     0.4622E+01     2.000     7   6.6045
     2849     0.00000     0.4919E+01     2.000     7   6.6052
     2850     0.00000     0.6055E+01     2.000     7   6.6048
     2852     0.00000     0.9478E+01     2.000     7   6.6062
     2853     0.00000     0.1476E+02     2.000     7   6.6062
     2855     0.00000     0.5827E+01     2.000     7   6.6070
     2857     0.00000     0.8497E+01     2.000     7   6.6075
     2858     0.00000     0.2876E+01     2.000     7   6.6083
     2859     0.00000     0.5170E+01     2.000     6   6.6082
     2861     0.00000     0.3651E+01     2.000     7   6.6089
     2862     0.00000     0.1541E+02     2.000     7   6.6088
     2863     0.00000     0.9733E+01     2.000     7   6.6088
     2864     0.00000     0.1395E+02     2.000     7   6.6088
     2865     0.00000     0.1244E+02     2.000     7   6.6091
     2867     0.00000     0.3905E+01     2.000     7   6.6090
     2869     0.00000     0.3036E+01     2.000     6   6.6092
     2870     0.00000     0.1216E+02     2.000     6   6.6093
     2871     0.00000     0.6809E+01     2.000     3   6.6100
     2872     0.00000     0.6391E+01     2.000     6   6.6099
     2873     0.00000     0.1604E+02     2.000     7   6.6097
     2874     0.00000     0.7848E+01     2.000     7   6.6096
     2875     0.00000     0.1015E+02     2.000     7   6.6096
     2876     0.00000     0.3228E+01     2.000     7   6.6100
     2877     0.00000     0.8801E+01     2.000     6   6.6110
     2878     0.00000     0.7668E+01     2.000     6   6.6108
     2879     0.00000     0.8129E+01     2.000     6   6.6108
     2880     0.00000     0.1474E+02     2.000     7   6.6109
     2881     0.00000     0.4896E+01     2.000     6   6.6115
     2882     0.00000     0.5014E+01     2.000     6   6.6115
     2883     0.00000     0.1663E+02     2.000     7   6.6113
     2884     0.00000     0.4457E+01     2.000     7   6.6113
     2885     0.00000     0.1675E+02     2.000     7   6.6113
     2886     0.00000     0.4698E+01     2.000     7   6.6113
     2887     0.00000     0.1042E+02     2.000     7   6.6127
     2888     0.00000     0.8061E+01     2.000     7   6.6127
     2889     0.00000     0.3517E+01     2.000     5   6.6134
     2890     0.00000     0.1293E+02     2.000     6   6.6141
     2892     0.00000     0.1182E+02     2.000     7   6.6146
     2893     0.00000     0.3358E+02     2.000     7   6.6148
     2894     0.00000     0.1261E+02     2.000     6   6.6150
     2895     0.00000     0.1899E+02     2.000     7   6.6148
     2897     0.00000     0.3116E+01     2.000     6   6.6154
     2899     0.00000     0.5420E+01     2.000     6   6.6162
     2900     0.00000     0.1225E+02     2.000     6   6.6162
     2901     0.00000     0.2864E+01     2.000     6   6.6173
     2902     0.00000     0.2991E+01     2.000     5   6.6179
     2903     0.00000     0.1830E+02     2.000     7   6.6180
     2904     0.00000     0.1862E+02     2.000     7   6.6178
     2905     0.00000     0.7416E+01     2.000     6   6.6191
     2906     0.00000     0.9545E+01     2.000     7   6.6196
     2907     0.00000     0.1081E+02     2.000     6   6.6198
     2908     0.00000     0.3794E+01     2.000     7   6.6206
     2910     0.00000     0.9433E+01     2.000     6   6.6209
     2911     0.00000     0.4381E+01     2.000     6   6.6213
     2912     0.00000     0.1367E+02     2.000     7   6.6216
     2913     0.00000     0.1375E+02     2.000     7   6.6216
     2914     0.00000     0.5872E+01     2.000     5   6.6219
     2915     0.00000     0.6074E+01     2.000     5   6.6220
     2916     0.00000     0.9228E+01     2.000     7   6.6228
     2917     0.00000     0.5043E+01     2.000     7   6.6225
     2918     0.00000     0.6384E+01     2.000     7   6.6230
     2919     0.00000     0.1248E+02     2.000     7   6.6230
     2920     0.00000     0.1205E+02     2.000     7   6.6230
     2921     0.00000     0.4571E+01     2.000     7   6.6229
     2922     0.00000     0.1402E+02     2.000     7   6.6243
     2923     0.00000     0.5230E+01     2.000     6   6.6250
     2924     0.00000     0.6661E+01     2.000     6   6.6249
     2925     0.00000     0.6879E+01     2.000     6   6.6249
     2926     0.00000     0.8960E+01     2.000     5   6.6254
     2927     0.00000     0.1118E+02     2.000     6   6.6259
     2928     0.00000     0.7166E+01     2.000     6   6.6256
     2930     0.00000     0.1242E+02     2.000     6   6.6259
     2931     0.00000     0.1100E+02     2.000     6   6.6259
     2932     0.00000     0.4533E+01     2.000     6   6.6260
     2934     0.00000     0.5182E+01     2.000     6   6.6265
     2936     0.00000     0.8599E+01     2.000     6   6.6273
     2937     0.00000     0.5896E+01     2.000     7   6.6277
     2938     0.00000     0.6693E+01     2.000     7   6.6281
     2939     0.00000     0.2672E+01     2.000     7   6.6280
     2940     0.00000     0.4452E+01     2.000     7   6.6282
     2941     0.00000     0.6495E+01     2.000     7   6.6284
     2942     0.00000     0.8681E+01     2.000     7   6.6283
     2943     0.00000     0.1233E+02     2.000     7   6.6289
     2944     0.00000     0.5631E+01     2.000     6   6.6293
     2945     0.00000     0.1965E+02     2.000     7   6.6296
     2947     0.00000     0.2889E+01     2.000     7   6.6293
     2948     0.00000     0.1358E+02     2.000     7   6.6293
     2949     0.00000     0.5508E+01     2.000     5   6.6303
     2950     0.00000     0.1159E+02     2.000     7   6.6308
     2951     0.00000     0.9183E+01     2.000     7   6.6308
     2952     0.00000     0.1257E+02     2.000     7   6.6308
     2953     0.00000     0.2069E+02     2.000     7   6.6308
     2954     0.00000     0.1343E+02     2.000     7   6.6311
     2955     0.00000     0.1335E+02     2.000     7   6.6311
     2956     0.00000     0.1619E+02     2.000     7   6.6311
     2957     0.00000     0.2169E+02     2.000     7   6.6311
     2958     0.00000     0.7571E+01     2.000     6   6.6314
     2961     0.00000     0.4566E+01     2.000     7   6.6321
     2962     0.00000     0.9898E+01     2.000     7   6.6328
     2963     0.00000     0.1555E+02     2.000     7   6.6328
     2965     0.00000     0.1812E+02     2.000     7   6.6334
     2966     0.00000     0.1843E+02     2.000     6   6.6337
     2967     0.00000     0.6559E+01     2.000     7   6.6335
     2968     0.00000     0.6661E+01     2.000     7   6.6339
     2971     0.00000     0.4779E+01     2.000     6   6.6349
     2972     0.00000     0.2903E+01     2.000     6   6.6351
     2973     0.00000     0.4208E+01     2.000     6   6.6360
     2975     0.00000     0.1066E+02     2.000     7   6.6364
     2976     0.00000     0.1461E+02     2.000     7   6.6364
     2979     0.00000     0.5595E+01     2.000     6   6.6378
     2980     0.00000     0.1381E+02     2.000     7   6.6383
     2981     0.00000     0.1464E+02     2.000     7   6.6383
     2982     0.00000     0.1086E+02     2.000     7   6.6389
     2983     0.00000     0.2754E+01     2.000     6   6.6395
     2984     0.00000     0.3000E+01     2.000     7   6.6393
     2985     0.00000     0.7760E+01     2.000     6   6.6406
     2986     0.00000     0.7179E+01     2.000     7   6.6408
     2987     0.00000     0.9489E+01     2.000     7   6.6408
     2988     0.00000     0.9176E+01     2.000     7   6.6408
     2989     0.00000     0.7639E+01     2.000     7   6.6408
     2990     0.00000     0.1273E+02     2.000     6   6.6409
     2991     0.00000     0.5735E+01     2.000     6   6.6414
     2992     0.00000     0.7919E+01     2.000     7   6.6414
     2993     0.00000     0.4686E+01     2.000     5   6.6424
     2994     0.00000     0.9851E+01     2.000     7   6.6432
     2995     0.00000     0.1480E+02     2.000     7   6.6433
     2996     0.00000     0.5457E+01     2.000     7   6.6438
     2997     0.00000     0.1134E+02     2.000     6   6.6436
     2998     0.00000     0.1244E+02     2.000     6   6.6436
     2999     0.00000     0.1115E+02     2.000     6   6.6436
     3000     0.00000     0.6435E+01     2.000     3   6.6442
     3001     0.00000     0.2719E+01     2.000     6   6.6443
     3002     0.00000     0.1345E+02     2.000     6   6.6449
     3003     0.00000     0.5585E+01     2.000     6   6.6451
     3004     0.00000     0.6713E+01     2.000     6   6.6451
     3005     0.00000     0.4032E+01     2.000     7   6.6451
     3006     0.00000     0.7229E+01     2.000     7   6.6452
     3007     0.00000     0.6816E+01     2.000     7   6.6457
     3008     0.00000     0.9379E+01     2.000     7   6.6457
     3009     0.00000     0.9057E+01     2.000     7   6.6457
     3010     0.00000     0.7283E+01     2.000     7   6.6457
     3011     0.00000     0.2950E+01     2.000     6   6.6459
     3012     0.00000     0.1436E+02     2.000     7   6.6467
     3013     0.00000     0.3813E+01     2.000     7   6.6466
     3014     0.00000     0.9897E+01     2.000     7   6.6465
     3015     0.00000     0.4145E+01     2.000     7   6.6479
     3016     0.00000     0.5951E+01     2.000     6   6.6484
     3017     0.00000     0.1896E+02     2.000     7   6.6484
     3018     0.00000     0.1258E+02     2.000     6   6.6491
     3019     0.00000     0.8367E+01     2.000     7   6.6489
     3020     0.00000     0.1831E+02     2.000     7   6.6489
     3021     0.00000     0.8759E+01     2.000     7   6.6502
     3022     0.00000     0.6786E+01     2.000     7   6.6518
     3023     0.00000     0.4322E+01     2.000     7   6.6516
     3024     0.00000     0.8756E+01     2.000     7   6.6519
     3025     0.00000     0.1382E+02     2.000     7   6.6522
     3027     0.00000     0.8245E+01     2.000     7   6.6521
     3028     0.00000     0.5682E+01     2.000     4   6.6526
     3029     0.00000     0.1534E+02     2.000     7   6.6526
     3030     0.00000     0.9469E+01     2.000     7   6.6535
     3031     0.00000     0.8941E+01     2.000     7   6.6531
     3032     0.00000     0.4715E+01     2.000     7   6.6535
     3033     0.00000     0.2955E+01     2.000     6   6.6535
     3034     0.00000     0.4817E+01     2.000     7   6.6536
     3035     0.00000     0.1177E+02     2.000     6   6.6542
     3036     0.00000     0.9926E+01     2.000     7   6.6548
     3037     0.00000     0.3359E+01     2.000     7   6.6553
     3039     0.00000     0.5268E+01     2.000     7   6.6559
     3040     0.00000     0.1344E+02     2.000     7   6.6561
     3041     0.00000     0.7355E+01     2.000     6   6.6570
     3042     0.00000     0.4846E+01     2.000     7   6.6566
     3043     0.00000     0.2278E+02     2.000     7   6.6574
     3044     0.00000     0.6176E+01     2.000     6   6.6576
     3045     0.00000     0.2035E+02     2.000     6   6.6578
     3046     0.00000     0.1778E+02     2.000     7   6.6578
     3047     0.00000     0.1651E+02     2.000     7   6.6579
     3048     0.00000     0.2967E+02     2.000     7   6.6579
     3049     0.00000     0.3824E+01     2.000     6   6.6585
     3050     0.00000     0.3180E+02     2.000     7   6.6582
     3051     0.00000     0.5578E+01     2.000     7   6.6583
     3053     0.00000     0.2096E+02     2.000     7   6.6596
     3054     0.00000     0.8375E+01     2.000     7   6.6593
     3055     0.00000     0.3198E+02     2.000     7   6.6593
     3056     0.00000     0.7482E+01     2.000     7   6.6596
     3057     0.00000     0.1319E+02     2.000     7   6.6596
     3058     0.00000     0.1739E+02     2.000     7   6.6601
     3060     0.00000     0.9452E+01     2.000     7   6.6599
     3061     0.00000     0.1167E+02     2.000     7   6.6598
     3062     0.00000     0.1195E+02     2.000     7   6.6599
     3063     0.00000     0.1144E+02     2.000     7   6.6599
     3064     0.00000     0.3581E+01     2.000     7   6.6603
     3066     0.00000     0.4524E+01     2.000     7   6.6604
     3068     0.00000     0.2731E+01     2.000     7   6.6616
     3069     0.00000     0.9848E+01     2.000     7   6.6613
     3070     0.00000     0.7378E+01     2.000     6   6.6623
     3071     0.00000     0.4894E+01     2.000     6   6.6623
     3072     0.00000     0.4486E+01     2.000     7   6.6623
     3073     0.00000     0.3597E+01     2.000     7   6.6618
     3074     0.00000     0.2327E+02     2.000     7   6.6620
     3075     0.00000     0.2133E+02     2.000     7   6.6620
     3076     0.00000     0.1278E+02     2.000     7   6.6631
     3077     0.00000     0.1074E+02     2.000     7   6.6630
     3078     0.00000     0.1065E+02     2.000     7   6.6631
     3079     0.00000     0.8738E+01     2.000     7   6.6639
     3080     0.00000     0.1154E+02     2.000     7   6.6641
     3081     0.00000     0.6447E+01     2.000     7   6.6641
     3082     0.00000     0.3840E+01     2.000     7   6.6643
     3083     0.00000     0.7436E+01     2.000     7   6.6648
     3084     0.00000     0.4242E+01     2.000     6   6.6652
     3085     0.00000     0.1249E+02     2.000     7   6.6652
     3086     0.00000     0.1162E+02     2.000     7   6.6652
     3087     0.00000     0.1572E+02     2.000     7   6.6652
     3088     0.00000     0.2386E+02     2.000     7   6.6653
     3089     0.00000     0.2194E+02     2.000     7   6.6653
     3090     0.00000     0.8738E+01     2.000     7   6.6657
     3091     0.00000     0.7849E+01     2.000     7   6.6659
     3092     0.00000     0.5059E+01     2.000     7   6.6666
     3093     0.00000     0.9492E+01     2.000     7   6.6665
     3094     0.00000     0.2728E+01     2.000     6   6.6669
     3095     0.00000     0.3394E+01     2.000     6   6.6669
     3096     0.00000     0.1046E+02     2.000     7   6.6670
     3097     0.00000     0.1929E+02     2.000     7   6.6687
     3098     0.00000     0.5726E+01     2.000     5   6.6690
     3099     0.00000     0.9634E+01     2.000     7   6.6690
     3100     0.00000     0.5064E+01     2.000     4   6.6695
     3102     0.00000     0.5894E+01     2.000     6   6.6702
     3103     0.00000     0.7336E+01     2.000     6   6.6706
     3104     0.00000     0.2188E+02     2.000     6   6.6707
     3105     0.00000     0.2436E+02     2.000     7   6.6708
     3106     0.00000     0.5334E+01     2.000     7   6.6706
     3107     0.00000     0.5328E+01     2.000     7   6.6707
     3108     0.00000     0.2843E+01     2.000     6   6.6710
     3109     0.00000     0.6204E+01     2.000     7   6.6712
     3110     0.00000     0.8701E+01     2.000     7   6.6712
     3111     0.00000     0.8422E+01     2.000     7   6.6712
     3112     0.00000     0.6520E+01     2.000     7   6.6712
     3113     0.00000     0.1049E+02     2.000     5   6.6716
     3114     0.00000     0.3599E+01     2.000     7   6.6718
     3116     0.00000     0.3731E+01     2.000     6   6.6723
     3117     0.00000     0.9205E+01     2.000     7   6.6720
     3118     0.00000     0.5476E+01     2.000     5   6.6727
     3119     0.00000     0.2032E+02     2.000     7   6.6729
     3120     0.00000     0.3859E+01     2.000     7   6.6731
     3123     0.00000     0.8604E+01     2.000     6   6.6746
     3124     0.00000     0.1572E+02     2.000     6   6.6746
     3125     0.00000     0.8823E+01     2.000     6   6.6746
     3126     0.00000     0.1380E+02     2.000     7   6.6744
     3127     0.00000     0.5504E+01     1.000     6   6.6748
     3128     0.00000     0.1790E+02     2.000     7   6.6753
     3129     0.00000     0.1316E+02     2.000     7   6.6756
     3130     0.00000     0.1166E+02     2.000     7   6.6761
     3131     0.00000     0.3176E+01     2.000     7   6.6762
     3132     0.00000     0.6281E+01     2.000     7   6.6761
     3133     0.00000     0.8998E+01     2.000     7   6.6761
     3134     0.00000     0.8720E+01     2.000     7   6.6761
     3135     0.00000     0.6646E+01     2.000     7   6.6761
     3136     0.00000     0.5555E+01     2.000     7   6.6780
     3137     0.00000     0.1265E+02     2.000     6   6.6790
     3138     0.00000     0.9189E+01     2.000     4   6.6792
     3140     0.00000     0.1098E+02     2.000     7   6.6793
     3141     0.00000     0.9165E+01     2.000     7   6.6793
     3142     0.00000     0.2954E+02     2.000     7   6.6798
     3143     0.00000     0.4956E+01     2.000     7   6.6799
     3144     0.00000     0.5422E+01     2.000     7   6.6805
     3145     0.00000     0.2532E+02     2.000     7   6.6810
     3146     0.00000     0.9382E+01     2.000     7   6.6809
     3147     0.00000     0.6101E+01     2.000     7   6.6809
     3148     0.00000     0.4437E+01     2.000     6   6.6814
     3149     0.00000     0.2009E+02     2.000     7   6.6817
     3150     0.00000     0.4780E+02     2.000     7   6.6816
     3151     0.00000     0.4028E+01     1.000     4   6.6820
     3152     0.00000     0.7491E+01     2.000     6   6.6822
     3154     0.00000     0.8607E+01     2.000     7   6.6829
     3155     0.00000     0.1106E+02     2.000     7   6.6839
     3157     0.00000     0.5436E+01     2.000     6   6.6847
     3158     0.00000     0.3921E+01     2.000     6   6.6854
     3159     0.00000     0.7658E+01     2.000     7   6.6854
     3160     0.00000     0.6794E+01     2.000     6   6.6856
     3161     0.00000     0.8094E+01     2.000     6   6.6856
     3162     0.00000     0.4604E+01     2.000     6   6.6865
     3163     0.00000     0.1216E+02     2.000     7   6.6867
     3164     0.00000     0.1136E+02     2.000     7   6.6867
     3165     0.00000     0.1545E+02     2.000     7   6.6867
     3166     0.00000     0.9491E+01     2.000     7   6.6866
     3167     0.00000     0.5856E+01     2.000     5   6.6876
     3168     0.00000     0.1938E+02     2.000     7   6.6882
     3169     0.00000     0.1003E+02     2.000     7   6.6889
     3170     0.00000     0.7600E+01     2.000     7   6.6888
     3171     0.00000     0.1034E+02     2.000     7   6.6887
     3172     0.00000     0.9495E+01     2.000     6   6.6893
     3173     0.00000     0.1407E+02     2.000     7   6.6894
     3174     0.00000     0.3520E+02     2.000     7   6.6892
     3176     0.00000     0.1268E+02     2.000     6   6.6897
     3177     0.00000     0.9850E+01     2.000     7   6.6899
     3178     0.00000     0.8042E+01     2.000     7   6.6899
     3179     0.00000     0.1361E+02     2.000     7   6.6899
     3180     0.00000     0.5435E+01     2.000     4   6.6901
     3181     0.00000     0.7218E+01     2.000     6   6.6901
     3183     0.00000     0.1608E+02     2.000     7   6.6902
     3184     0.00000     0.3982E+01     2.000     7   6.6908
     3185     0.00000     0.9103E+01     2.000     6   6.6913
     3186     0.00000     0.3754E+01     2.000     7   6.6914
     3188     0.00000     0.1309E+02     2.000     7   6.6918
     3189     0.00000     0.1386E+02     2.000     7   6.6918
     3190     0.00000     0.6393E+01     2.000     6   6.6924
     3191     0.00000     0.1006E+02     2.000     7   6.6924
     3192     0.00000     0.4696E+01     2.000     7   6.6928
     3193     0.00000     0.9377E+01     2.000     6   6.6941
     3194     0.00000     0.7360E+01     2.000     7   6.6938
     3195     0.00000     0.1404E+02     2.000     7   6.6939
     3196     0.00000     0.3503E+02     2.000     7   6.6939
     3197     0.00000     0.6821E+01     2.000     4   6.6943
     3198     0.00000     0.4552E+01     2.000     7   6.6944
     3199     0.00000     0.5214E+01     2.000     5   6.6950
     3200     0.00000     0.3450E+01     2.000     5   6.6949
     3201     0.00000     0.5629E+01     2.000     7   6.6947
     3203     0.00000     0.4849E+01     2.000     7   6.6959
     3204     0.00000     0.6271E+01     2.000     7   6.6966
     3205     0.00000     0.4368E+01     2.000     7   6.6972
     3206     0.00000     0.1173E+02     2.000     6   6.6971
     3207     0.00000     0.1419E+02     2.000     6   6.6970
     3208     0.00000     0.4226E+01     2.000     7   6.6970
     3209     0.00000     0.6706E+01     2.000     7   6.6973
     3210     0.00000     0.1199E+02     2.000     7   6.6973
     3211     0.00000     0.2047E+02     2.000     6   6.6977
     3212     0.00000     0.2177E+02     2.000     7   6.6974
     3213     0.00000     0.4225E+01     2.000     6   6.6982
     3214     0.00000     0.7274E+01     2.000     7   6.6995
     3216     0.00000     0.1315E+02     2.000     6   6.6996
     3217     0.00000     0.2859E+01     2.000     7   6.7006
     3218     0.00000     0.1258E+02     2.000     7   6.7008
     3220     0.00000     0.1261E+02     2.000     7   6.7008
     3221     0.00000     0.2889E+01     2.000     7   6.7008
     3222     0.00000     0.1348E+02     2.000     7   6.7007
     3223     0.00000     0.6599E+01     2.000     7   6.7017
     3224     0.00000     0.1074E+02     2.000     7   6.7017
     3225     0.00000     0.4382E+01     2.000     7   6.7041
     3227     0.00000     0.1026E+02     2.000     7   6.7039
     3228     0.00000     0.1187E+02     2.000     7   6.7039
     3229     0.00000     0.3649E+01     2.000     7   6.7045
     3230     0.00000     0.5735E+01     2.000     7   6.7049
     3231     0.00000     0.8474E+01     2.000     6   6.7049
     3232     0.00000     0.1098E+02     2.000     7   6.7051
     3234     0.00000     0.6536E+01     2.000     7   6.7056
     3235     0.00000     0.3509E+01     1.000     4   6.7066
     3236     0.00000     0.4157E+01     2.000     7   6.7072
     3237     0.00000     0.7226E+01     2.000     7   6.7072
     3238     0.00000     0.7868E+01     2.000     6   6.7076
     3239     0.00000     0.1869E+02     2.000     7   6.7078
     3240     0.00000     0.1683E+02     2.000     7   6.7078
     3241     0.00000     0.1209E+02     2.000     6   6.7082
     3242     0.00000     0.1022E+02     2.000     5   6.7086
     3243     0.00000     0.5384E+01     2.000     6   6.7085
     3244     0.00000     0.5391E+01     2.000     6   6.7085
     3245     0.00000     0.7539E+01     2.000     7   6.7089
     3246     0.00000     0.4780E+01     2.000     6   6.7093
     3247     0.00000     0.5554E+01     2.000     6   6.7091
     3248     0.00000     0.2342E+02     2.000     6   6.7107
     3249     0.00000     0.2161E+02     2.000     7   6.7107
     3250     0.00000     0.2455E+02     2.000     7   6.7107
     3251     0.00000     0.1745E+02     2.000     7   6.7107
     3252     0.00000     0.1657E+02     2.000     7   6.7107
     3253     0.00000     0.1118E+02     2.000     6   6.7122
     3254     0.00000     0.5891E+01     2.000     6   6.7122
     3255     0.00000     0.8586E+01     2.000     6   6.7122
     3258     0.00000     0.1100E+02     2.000     7   6.7126
     3259     0.00000     0.7974E+01     2.000     7   6.7134
     3260     0.00000     0.4443E+01     2.000     5   6.7144
     3262     0.00000     0.2453E+02     2.000     7   6.7156
     3263     0.00000     0.2527E+02     2.000     7   6.7156
     3264     0.00000     0.3605E+01     2.000     5   6.7160
     3266     0.00000     0.9894E+01     2.000     7   6.7163
     3267     0.00000     0.4161E+01     2.000     7   6.7163
     3269     0.00000     0.3428E+01     2.000     7   6.7164
     3270     0.00000     0.4449E+01     2.000     5   6.7176
     3271     0.00000     0.4511E+01     2.000     5   6.7176
     3272     0.00000     0.8731E+01     2.000     6   6.7175
     3273     0.00000     0.1226E+02     2.000     6   6.7176
     3274     0.00000     0.3530E+01     2.000     7   6.7177
     3275     0.00000     0.7237E+01     2.000     7   6.7188
     3276     0.00000     0.1504E+02     2.000     7   6.7191
     3277     0.00000     0.4017E+02     2.000     7   6.7190
     3278     0.00000     0.7322E+01     2.000     7   6.7196
     3279     0.00000     0.4847E+01     2.000     7   6.7195
     3281     0.00000     0.1616E+02     2.000     7   6.7193
     3282     0.00000     0.3685E+02     2.000     7   6.7193
     3283     0.00000     0.9938E+01     2.000     7   6.7200
     3284     0.00000     0.1358E+02     2.000     7   6.7198
     3285     0.00000     0.1819E+02     2.000     7   6.7202
     3287     0.00000     0.1184E+02     2.000     7   6.7207
     3288     0.00000     0.1357E+02     2.000     7   6.7205
     3289     0.00000     0.1084E+02     2.000     7   6.7205
     3290     0.00000     0.7082E+01     2.000     6   6.7211
     3291     0.00000     0.1473E+02     2.000     7   6.7210
     3292     0.00000     0.5944E+01     2.000     7   6.7213
     3293     0.00000     0.8286E+01     2.000     7   6.7218
     3294     0.00000     0.2980E+01     2.000     7   6.7215
     3298     0.00000     0.6169E+01     2.000     6   6.7228
     3299     0.00000     0.9087E+01     2.000     7   6.7234
     3300     0.00000     0.7996E+01     2.000     7   6.7234
     3301     0.00000     0.1157E+02     2.000     7   6.7230
     3302     0.00000     0.1230E+02     2.000     7   6.7230
     3304     0.00000     0.4324E+01     2.000     7   6.7233
     3305     0.00000     0.7755E+01     2.000     6   6.7247
     3306     0.00000     0.1542E+02     2.000     6   6.7247
     3307     0.00000     0.8086E+01     2.000     6   6.7247
     3308     0.00000     0.4953E+01     2.000     7   6.7245
     3312     0.00000     0.5281E+01     2.000     6   6.7256
     3314     0.00000     0.8111E+01     2.000     6   6.7258
     3315     0.00000     0.1150E+02     2.000     7   6.7257
     3316     0.00000     0.1387E+02     2.000     7   6.7261
     3317     0.00000     0.8461E+01     2.000     7   6.7269
     3318     0.00000     0.2281E+02     2.000     7   6.7268
     3319     0.00000     0.6900E+01     2.000     6   6.7274
     3320     0.00000     0.1783E+02     2.000     7   6.7275
     3321     0.00000     0.7651E+01     2.000     6   6.7276
     3322     0.00000     0.1869E+02     2.000     7   6.7278
     3323     0.00000     0.7025E+01     2.000     4   6.7286
     3324     0.00000     0.2279E+02     2.000     7   6.7291
     3325     0.00000     0.1812E+02     2.000     7   6.7291
     3326     0.00000     0.1643E+02     2.000     7   6.7291
     3327     0.00000     0.4125E+01     2.000     7   6.7291
     3328     0.00000     0.2354E+02     2.000     7   6.7297
     3329     0.00000     0.1061E+02     2.000     7   6.7300
     3330     0.00000     0.4375E+01     2.000     7   6.7300
     3331     0.00000     0.1705E+02     2.000     7   6.7301
     3332     0.00000     0.6331E+01     2.000     7   6.7299
     3333     0.00000     0.9699E+01     2.000     7   6.7303
     3334     0.00000     0.1004E+02     2.000     7   6.7308
     3335     0.00000     0.1448E+02     2.000     7   6.7308
     3336     0.00000     0.1959E+02     2.000     7   6.7308
     3338     0.00000     0.5831E+01     2.000     5   6.7330
     3339     0.00000     0.2915E+01     1.000     6   6.7329
     3341     0.00000     0.3951E+01     2.000     7   6.7336
     3342     0.00000     0.1367E+02     2.000     7   6.7334
     3343     0.00000     0.4149E+01     2.000     6   6.7346
     3345     0.00000     0.4027E+01     2.000     7   6.7348
     3346     0.00000     0.2398E+02     2.000     7   6.7346
     3347     0.00000     0.4511E+01     2.000     5   6.7350
     3348     0.00000     0.4537E+01     2.000     6   6.7352
     3349     0.00000     0.3291E+01     2.000     7   6.7354
     3351     0.00000     0.8718E+01     2.000     7   6.7364
     3352     0.00000     0.2972E+01     2.000     6   6.7360
     3353     0.00000     0.1292E+02     2.000     7   6.7363
     3354     0.00000     0.2914E+01     2.000     5   6.7370
     3355     0.00000     0.1359E+02     2.000     7   6.7365
     3356     0.00000     0.4193E+01     2.000     7   6.7365
     3357     0.00000     0.1371E+02     2.000     7   6.7365
     3358     0.00000     0.4437E+01     2.000     7   6.7365
     3359     0.00000     0.6760E+01     2.000     7   6.7372
     3360     0.00000     0.1830E+02     2.000     7   6.7370
     3362     0.00000     0.7731E+01     2.000     6   6.7388
     3364     0.00000     0.1732E+02     2.000     7   6.7392
     3365     0.00000     0.1598E+02     2.000     7   6.7392
     3366     0.00000     0.8262E+01     2.000     4   6.7399
     3367     0.00000     0.3141E+01     2.000     5   6.7401
     3368     0.00000     0.4102E+01     2.000     7   6.7397
     3369     0.00000     0.1288E+02     2.000     7   6.7397
     3370     0.00000     0.1307E+02     2.000     7   6.7397
     3371     0.00000     0.1061E+02     2.000     7   6.7402
     3372     0.00000     0.9663E+01     2.000     7   6.7404
     3373     0.00000     0.1367E+02     2.000     7   6.7402
     3374     0.00000     0.6577E+01     2.000     4   6.7408
     3375     0.00000     0.1969E+02     2.000     7   6.7406
     3376     0.00000     0.4991E+01     2.000     7   6.7416
     3377     0.00000     0.3936E+02     2.000     7   6.7426
     3378     0.00000     0.8486E+01     2.000     7   6.7429
     3379     0.00000     0.3052E+01     2.000     7   6.7428
     3380     0.00000     0.3909E+01     2.000     5   6.7437
     3381     0.00000     0.3975E+01     2.000     5   6.7437
     3382     0.00000     0.4526E+01     2.000     7   6.7447
     3383     0.00000     0.5683E+01     2.000     7   6.7442
     3384     0.00000     0.4327E+01     2.000     7   6.7442
     3385     0.00000     0.7538E+01     2.000     7   6.7443
     3386     0.00000     0.1363E+02     2.000     7   6.7443
     3387     0.00000     0.1452E+02     2.000     7   6.7443
     3388     0.00000     0.1035E+02     2.000     7   6.7446
     3389     0.00000     0.8733E+01     2.000     7   6.7446
     3390     0.00000     0.2258E+02     2.000     7   6.7453
     3393     0.00000     0.4194E+01     2.000     5   6.7461
     3394     0.00000     0.8858E+01     2.000     7   6.7458
     3395     0.00000     0.8532E+01     2.000     7   6.7458
     3397     0.00000     0.8532E+01     2.000     7   6.7465
     3398     0.00000     0.2005E+02     2.000     7   6.7464
     3399     0.00000     0.2571E+02     2.000     7   6.7464
     3400     0.00000     0.1616E+02     2.000     7   6.7464
     3401     0.00000     0.1525E+02     2.000     7   6.7464
     3402     0.00000     0.9750E+01     2.000     7   6.7470
     3403     0.00000     0.4876E+01     2.000     7   6.7469
     3404     0.00000     0.2757E+01     2.000     5   6.7481
     3405     0.00000     0.1738E+02     2.000     7   6.7489
     3406     0.00000     0.8778E+01     2.000     7   6.7487
     3407     0.00000     0.3259E+01     2.000     7   6.7494
     3408     0.00000     0.5033E+01     2.000     6   6.7502
     3410     0.00000     0.4793E+01     2.000     7   6.7509
     3411     0.00000     0.3712E+01     2.000     5   6.7520
     3412     0.00000     0.4100E+01     2.000     5   6.7520
     3413     0.00000     0.2070E+02     2.000     7   6.7519
     3415     0.00000     0.7321E+01     2.000     7   6.7524
     3416     0.00000     0.3505E+01     2.000     6   6.7532
     3417     0.00000     0.4809E+01     2.000     6   6.7546
     3418     0.00000     0.4493E+01     2.000     6   6.7546
     3419     0.00000     0.6353E+01     2.000     7   6.7549
     3421     0.00000     0.1350E+02     2.000     7   6.7565
     3422     0.00000     0.6833E+01     2.000     7   6.7565
     3423     0.00000     0.3439E+01     2.000     7   6.7567
     3425     0.00000     0.1075E+02     2.000     6   6.7574
     3426     0.00000     0.1109E+02     2.000     6   6.7574
     3427     0.00000     0.1059E+02     2.000     6   6.7574
     3429     0.00000     0.5419E+01     2.000     7   6.7582
     3430     0.00000     0.1713E+02     2.000     7   6.7580
     3431     0.00000     0.6361E+01     2.000     5   6.7584
     3432     0.00000     0.3716E+02     2.000     7   6.7594
     3433     0.00000     0.1266E+02     2.000     7   6.7594
     3434     0.00000     0.6590E+01     2.000     6   6.7599
     3435     0.00000     0.1435E+02     2.000     6   6.7606
     3436     0.00000     0.6066E+01     2.000     7   6.7606
     3437     0.00000     0.1037E+02     2.000     7   6.7611
     3438     0.00000     0.3463E+01     2.000     7   6.7629
     3439     0.00000     0.1129E+02     2.000     5   6.7635
     3440     0.00000     0.3858E+01     2.000     7   6.7632
     3441     0.00000     0.6290E+01     2.000     7   6.7636
     3442     0.00000     0.5812E+01     2.000     7   6.7645
     3443     0.00000     0.4391E+01     2.000     7   6.7654
     3444     0.00000     0.3209E+01     2.000     5   6.7658
     3445     0.00000     0.4965E+01     1.000     6   6.7658
     3447     0.00000     0.4253E+01     2.000     7   6.7657
     3448     0.00000     0.3269E+01     1.000     6   6.7666
     3449     0.00000     0.1076E+02     2.000     7   6.7666
     3450     0.00000     0.5930E+01     2.000     7   6.7661
     3451     0.00000     0.1013E+02     2.000     7   6.7670
     3452     0.00000     0.1028E+02     2.000     6   6.7679
     3453     0.00000     0.1095E+02     2.000     6   6.7679
     3454     0.00000     0.1015E+02     2.000     6   6.7679
     3455     0.00000     0.7264E+01     2.000     6   6.7678
     3456     0.00000     0.3309E+01     2.000     7   6.7679
     3457     0.00000     0.1766E+02     2.000     7   6.7677
     3458     0.00000     0.5739E+01     2.000     5   6.7688
     3459     0.00000     0.4412E+01     2.000     6   6.7690
     3461     0.00000     0.4689E+01     2.000     6   6.7707
     3462     0.00000     0.1170E+02     2.000     6   6.7709
     3464     0.00000     0.4055E+01     2.000     7   6.7713
     3465     0.00000     0.3700E+01     2.000     6   6.7721
     3466     0.00000     0.3107E+01     2.000     5   6.7723
     3467     0.00000     0.4740E+01     2.000     7   6.7718
     3470     0.00000     0.3465E+01     1.000     4   6.7751
     3471     0.00000     0.9868E+01     2.000     5   6.7758
     3472     0.00000     0.2077E+02     2.000     7   6.7759
     3473     0.00000     0.2024E+02     2.000     7   6.7759
     3474     0.00000     0.9760E+01     2.000     7   6.7765
     3475     0.00000     0.9371E+01     2.000     7   6.7767
     3476     0.00000     0.6160E+01     2.000     6   6.7778
     3477     0.00000     0.2678E+01     2.000     7   6.7779
     3478     0.00000     0.8485E+01     2.000     7   6.7775
     3479     0.00000     0.4914E+01     2.000     3   6.7782
     3480     0.00000     0.8944E+01     2.000     5   6.7784
     3482     0.00000     0.3931E+01     2.000     4   6.7790
     3483     0.00000     0.1391E+02     2.000     7   6.7788
     3484     0.00000     0.1591E+02     2.000     7   6.7793
     3485     0.00000     0.3193E+01     2.000     7   6.7801
     3486     0.00000     0.3919E+01     2.000     5   6.7806
     3487     0.00000     0.2010E+02     2.000     6   6.7805
     3488     0.00000     0.3384E+01     2.000     7   6.7806
     3489     0.00000     0.4687E+01     2.000     7   6.7803
     3490     0.00000     0.3115E+01     2.000     5   6.7808
     3491     0.00000     0.1349E+02     2.000     7   6.7813
     3492     0.00000     0.2113E+02     2.000     7   6.7817
     3493     0.00000     0.3093E+01     2.000     7   6.7820
     3494     0.00000     0.4441E+01     2.000     6   6.7832
     3495     0.00000     0.5828E+01     2.000     7   6.7832
     3497     0.00000     0.1681E+02     2.000     7   6.7847
     3499     0.00000     0.8268E+01     2.000     7   6.7851
     3500     0.00000     0.5601E+01     2.000     7   6.7857
     3501     0.00000     0.2723E+01     2.000     7   6.7863
     3502     0.00000     0.1663E+02     2.000     7   6.7869
     3503     0.00000     0.8743E+01     2.000     7   6.7871
     3505     0.00000     0.1381E+02     2.000     7   6.7898
     3506     0.00000     0.8725E+01     2.000     7   6.7900
     3508     0.00000     0.8685E+01     2.000     7   6.7901
     3509     0.00000     0.1492E+02     2.000     7   6.7904
     3510     0.00000     0.5540E+02     2.000     7   6.7906
     3511     0.00000     0.1145E+02     2.000     7   6.7907
     3512     0.00000     0.1145E+02     2.000     6   6.7911
     3513     0.00000     0.4020E+01     2.000     6   6.7916
     3514     0.00000     0.3931E+01     2.000     6   6.7924
     3516     0.00000     0.9113E+01     2.000     7   6.7924
     3517     0.00000     0.7903E+01     2.000     7   6.7924
     3518     0.00000     0.1274E+02     2.000     6   6.7927
     3519     0.00000     0.2562E+02     2.000     7   6.7933
     3520     0.00000     0.1013E+02     2.000     7   6.7933
     3521     0.00000     0.8522E+01     2.000     7   6.7933
     3522     0.00000     0.6148E+01     2.000     6   6.7951
     3523     0.00000     0.6614E+01     2.000     7   6.7949
     3524     0.00000     0.2111E+02     2.000     7   6.7953
     3525     0.00000     0.3610E+01     2.000     6   6.7953
     3526     0.00000     0.4458E+01     2.000     6   6.7968
     3527     0.00000     0.5094E+01     2.000     6   6.7969
     3528     0.00000     0.4993E+01     2.000     7   6.7979
     3529     0.00000     0.6398E+01     2.000     4   6.7988
     3530     0.00000     0.5923E+01     2.000     7   6.7993
     3531     0.00000     0.1231E+02     2.000     7   6.7999
     3532     0.00000     0.3547E+01     2.000     7   6.7997
     3533     0.00000     0.1658E+02     2.000     7   6.8001
     3534     0.00000     0.3725E+02     2.000     7   6.8004
     3537     0.00000     0.3455E+01     2.000     7   6.8006
     3538     0.00000     0.1978E+02     2.000     7   6.8007
     3539     0.00000     0.7292E+01     2.000     6   6.8015
     3541     0.00000     0.4751E+01     2.000     7   6.8026
     3542     0.00000     0.1989E+02     2.000     7   6.8029
     3543     0.00000     0.1897E+02     2.000     7   6.8029
     3544     0.00000     0.8104E+01     2.000     7   6.8029
     3545     0.00000     0.3161E+01     2.000     5   6.8041
     3546     0.00000     0.5436E+01     2.000     6   6.8037
     3547     0.00000     0.5455E+01     2.000     7   6.8041
     3548     0.00000     0.1348E+02     2.000     7   6.8042
     3549     0.00000     0.2849E+01     2.000     7   6.8050
     3550     0.00000     0.3733E+01     2.000     7   6.8051
     3551     0.00000     0.6255E+01     2.000     7   6.8055
     3552     0.00000     0.3686E+01     2.000     7   6.8059
     3553     0.00000     0.3564E+01     2.000     7   6.8062
     3554     0.00000     0.3406E+01     2.000     7   6.8065
     3556     0.00000     0.3609E+01     2.000     6   6.8067
     3559     0.00000     0.3301E+01     2.000     6   6.8068
     3560     0.00000     0.9208E+01     2.000     6   6.8074
     3561     0.00000     0.1185E+02     2.000     6   6.8079
     3564     0.00000     0.1248E+02     2.000     7   6.8092
     3565     0.00000     0.2756E+02     2.000     7   6.8100
     3566     0.00000     0.1088E+02     2.000     5   6.8101
     3567     0.00000     0.3604E+01     2.000     7   6.8099
     3568     0.00000     0.1225E+02     2.000     7   6.8102
     3569     0.00000     0.1956E+02     2.000     7   6.8109
     3570     0.00000     0.8459E+01     2.000     5   6.8124
     3573     0.00000     0.6271E+01     2.000     6   6.8155
     3574     0.00000     0.5609E+01     2.000     6   6.8157
     3575     0.00000     0.4074E+01     2.000     6   6.8156
     3576     0.00000     0.3807E+01     2.000     6   6.8156
     3578     0.00000     0.5524E+01     2.000     7   6.8163
     3579     0.00000     0.4962E+01     2.000     6   6.8169
     3580     0.00000     0.1955E+02     2.000     7   6.8170
     3581     0.00000     0.3474E+02     2.000     7   6.8170
     3582     0.00000     0.4786E+01     2.000     5   6.8181
     3584     0.00000     0.7029E+01     2.000     7   6.8182
     3587     0.00000     0.4771E+01     2.000     6   6.8187
     3588     0.00000     0.8134E+01     2.000     6   6.8192
     3589     0.00000     0.1290E+02     2.000     7   6.8202
     3591     0.00000     0.5413E+01     2.000     7   6.8207
     3592     0.00000     0.1383E+02     2.000     7   6.8212
     3593     0.00000     0.5862E+01     2.000     5   6.8217
     3595     0.00000     0.2933E+01     1.000     6   6.8237
     3596     0.00000     0.3150E+01     2.000     7   6.8234
     3597     0.00000     0.9639E+01     2.000     5   6.8242
     3598     0.00000     0.1338E+02     2.000     6   6.8239
     3600     0.00000     0.6956E+01     2.000     7   6.8251
     3602     0.00000     0.3787E+01     2.000     7   6.8263
     3603     0.00000     0.3012E+01     2.000     6   6.8261
     3604     0.00000     0.4526E+01     2.000     7   6.8266
     3605     0.00000     0.6205E+01     2.000     6   6.8267
     3606     0.00000     0.9179E+01     2.000     7   6.8266
     3607     0.00000     0.3248E+01     2.000     7   6.8266
     3608     0.00000     0.8336E+01     2.000     7   6.8266
     3609     0.00000     0.6645E+01     2.000     7   6.8266
     3610     0.00000     0.4533E+01     2.000     7   6.8271
     3611     0.00000     0.5021E+01     2.000     6   6.8278
     3612     0.00000     0.3517E+02     2.000     7   6.8275
     3613     0.00000     0.1340E+02     2.000     7   6.8276
     3614     0.00000     0.1009E+02     2.000     7   6.8275
     3615     0.00000     0.7119E+01     2.000     7   6.8274
     3616     0.00000     0.1888E+02     2.000     7   6.8275
     3617     0.00000     0.6430E+01     2.000     7   6.8280
     3618     0.00000     0.2716E+01     2.000     6   6.8281
     3619     0.00000     0.6080E+01     2.000     7   6.8280
     3620     0.00000     0.1757E+02     2.000     7   6.8282
     3623     0.00000     0.7442E+01     2.000     6   6.8287
     3624     0.00000     0.1381E+02     2.000     6   6.8287
     3625     0.00000     0.7722E+01     2.000     6   6.8287
     3626     0.00000     0.3821E+01     2.000     3   6.8291
     3627     0.00000     0.4599E+01     2.000     5   6.8292
     3628     0.00000     0.6633E+01     2.000     5   6.8292
     3629     0.00000     0.7877E+01     2.000     6   6.8291
     3630     0.00000     0.4001E+01     2.000     7   6.8299
     3631     0.00000     0.9509E+01     2.000     7   6.8301
     3633     0.00000     0.1886E+02     2.000     7   6.8306
     3634     0.00000     0.2927E+01     2.000     7   6.8312
     3635     0.00000     0.7091E+01     2.000     6   6.8313
     3636     0.00000     0.1556E+02     2.000     6   6.8313
     3637     0.00000     0.1188E+02     2.000     7   6.8316
     3638     0.00000     0.7348E+01     2.000     7   6.8318
     3639     0.00000     0.4570E+01     2.000     7   6.8325
     3641     0.00000     0.2122E+02     2.000     7   6.8322
     3642     0.00000     0.1502E+02     2.000     7   6.8322
     3643     0.00000     0.1545E+02     2.000     7   6.8334
     3645     0.00000     0.8162E+01     2.000     7   6.8339
     3647     0.00000     0.2975E+01     2.000     5   6.8348
     3648     0.00000     0.4187E+01     2.000     7   6.8357
     3649     0.00000     0.5180E+01     2.000     7   6.8352
     3651     0.00000     0.6711E+01     2.000     7   6.8358
     3652     0.00000     0.9644E+01     2.000     5   6.8365
     3653     0.00000     0.3596E+01     2.000     6   6.8364
     3654     0.00000     0.9060E+01     2.000     7   6.8364
     3655     0.00000     0.3028E+01     2.000     6   6.8371
     3656     0.00000     0.1623E+02     2.000     6   6.8376
     3657     0.00000     0.1797E+02     2.000     7   6.8395
     3658     0.00000     0.9811E+01     2.000     6   6.8403
     3659     0.00000     0.3618E+01     2.000     7   6.8403
     3661     0.00000     0.3108E+01     2.000     7   6.8406
     3662     0.00000     0.9914E+01     2.000     7   6.8411
     3663     0.00000     0.1029E+02     2.000     7   6.8411
     3664     0.00000     0.3219E+01     2.000     3   6.8415
     3667     0.00000     0.1294E+02     2.000     7   6.8420
     3669     0.00000     0.2257E+02     2.000     7   6.8424
     3670     0.00000     0.1547E+02     2.000     7   6.8431
     3671     0.00000     0.3835E+01     2.000     7   6.8429
     3672     0.00000     0.6062E+01     2.000     7   6.8432
     3674     0.00000     0.5031E+01     2.000     5   6.8449
     3675     0.00000     0.9160E+01     1.000     6   6.8450
     3676     0.00000     0.1649E+02     1.000     6   6.8454
     3677     0.00000     0.5067E+01     2.000     7   6.8451
     3678     0.00000     0.1115E+02     2.000     7   6.8457
     3679     0.00000     0.1144E+02     2.000     7   6.8457
     3680     0.00000     0.8634E+01     2.000     7   6.8458
     3681     0.00000     0.1105E+02     2.000     7   6.8458
     3682     0.00000     0.4729E+01     2.000     6   6.8472
     3683     0.00000     0.3380E+01     2.000     7   6.8470
     3684     0.00000     0.3600E+02     2.000     7   6.8479
     3685     0.00000     0.7664E+01     2.000     5   6.8482
     3686     0.00000     0.1047E+02     2.000     6   6.8489
     3687     0.00000     0.3302E+01     2.000     7   6.8495
     3689     0.00000     0.1787E+02     2.000     6   6.8503
     3691     0.00000     0.7138E+01     2.000     6   6.8509
     3692     0.00000     0.4142E+01     2.000     6   6.8510
     3693     0.00000     0.3325E+01     2.000     7   6.8510
     3694     0.00000     0.8505E+01     2.000     7   6.8511
     3695     0.00000     0.6479E+01     2.000     7   6.8511
     3696     0.00000     0.5483E+01     2.000     7   6.8524
     3698     0.00000     0.3270E+01     2.000     6   6.8535
     3699     0.00000     0.2994E+01     2.000     7   6.8542
     3701     0.00000     0.6164E+01     2.000     7   6.8550
     3702     0.00000     0.8226E+01     2.000     7   6.8557
     3703     0.00000     0.4127E+01     2.000     4   6.8561
     3704     0.00000     0.3962E+02     2.000     7   6.8561
     3707     0.00000     0.9449E+01     2.000     7   6.8567
     3708     0.00000     0.3584E+01     2.000     7   6.8569
     3709     0.00000     0.1056E+02     2.000     6   6.8572
     3710     0.00000     0.1828E+02     2.000     7   6.8568
     3711     0.00000     0.4457E+01     2.000     7   6.8582
     3712     0.00000     0.6449E+01     2.000     6   6.8588
     3713     0.00000     0.7058E+01     2.000     6   6.8588
     3714     0.00000     0.9440E+01     2.000     7   6.8587
     3717     0.00000     0.1136E+02     2.000     7   6.8594
     3718     0.00000     0.4268E+01     2.000     7   6.8603
     3719     0.00000     0.3570E+01     2.000     7   6.8601
     3720     0.00000     0.6133E+01     2.000     6   6.8612
     3721     0.00000     0.4139E+01     2.000     7   6.8611
     3722     0.00000     0.7140E+01     2.000     7   6.8611
     3726     0.00000     0.2950E+01     2.000     7   6.8623
     3727     0.00000     0.5313E+01     2.000     6   6.8627
     3728     0.00000     0.6026E+01     2.000     7   6.8625
     3730     0.00000     0.1704E+02     2.000     7   6.8636
     3731     0.00000     0.2097E+02     2.000     7   6.8636
     3732     0.00000     0.1463E+02     2.000     7   6.8636
     3733     0.00000     0.1382E+02     2.000     7   6.8636
     3734     0.00000     0.3654E+01     2.000     5   6.8642
     3735     0.00000     0.3274E+01     2.000     7   6.8643
     3736     0.00000     0.3253E+02     2.000     7   6.8647
     3737     0.00000     0.1498E+02     2.000     7   6.8647
     3738     0.00000     0.1122E+02     2.000     7   6.8647
     3739     0.00000     0.1245E+02     2.000     7   6.8647
     3742     0.00000     0.2089E+02     2.000     7   6.8666
     3744     0.00000     0.1419E+02     2.000     6   6.8683
     3745     0.00000     0.3373E+01     2.000     7   6.8686
     3746     0.00000     0.2784E+01     2.000     5   6.8687
     3747     0.00000     0.6721E+01     2.000     5   6.8694
     3748     0.00000     0.3694E+02     2.000     7   6.8704
     3749     0.00000     0.9847E+01     2.000     5   6.8708
     3751     0.00000     0.4709E+01     2.000     7   6.8714
     3753     0.00000     0.1086E+02     2.000     7   6.8719
     3754     0.00000     0.1452E+02     2.000     7   6.8719
     3755     0.00000     0.1118E+02     2.000     7   6.8719
     3756     0.00000     0.1610E+02     2.000     6   6.8724
     3758     0.00000     0.1126E+02     2.000     7   6.8726
     3759     0.00000     0.2724E+02     2.000     7   6.8726
     3761     0.00000     0.3569E+01     2.000     5   6.8730
     3763     0.00000     0.2702E+01     2.000     7   6.8735
     3765     0.00000     0.8720E+01     2.000     7   6.8735
     3766     0.00000     0.6428E+01     2.000     7   6.8735
     3767     0.00000     0.8315E+01     2.000     6   6.8741
     3768     0.00000     0.3097E+01     2.000     7   6.8741
     3769     0.00000     0.1235E+02     2.000     7   6.8744
     3770     0.00000     0.1043E+02     2.000     7   6.8744
     3771     0.00000     0.7582E+01     2.000     6   6.8762
     3772     0.00000     0.3205E+01     2.000     7   6.8761
     3773     0.00000     0.4606E+01     2.000     6   6.8764
     3774     0.00000     0.6317E+01     2.000     6   6.8773
     3775     0.00000     0.1427E+02     2.000     7   6.8773
     3776     0.00000     0.1524E+02     2.000     7   6.8774
     3777     0.00000     0.2212E+02     2.000     7   6.8774
     3778     0.00000     0.1354E+02     2.000     7   6.8774
     3779     0.00000     0.1234E+02     2.000     7   6.8774
     3780     0.00000     0.1150E+02     2.000     6   6.8777
     3781     0.00000     0.4250E+01     2.000     7   6.8774
     3782     0.00000     0.3065E+01     2.000     7   6.8775
     3783     0.00000     0.9061E+01     2.000     7   6.8789
     3784     0.00000     0.1083E+02     2.000     7   6.8789
     3786     0.00000     0.4883E+01     2.000     7   6.8792
     3787     0.00000     0.2754E+02     2.000     7   6.8799
     3790     0.00000     0.5475E+01     2.000     7   6.8804
     3792     0.00000     0.1693E+02     2.000     7   6.8808
     3793     0.00000     0.7053E+01     2.000     7   6.8810
     3795     0.00000     0.4849E+01     2.000     7   6.8814
     3796     0.00000     0.5378E+02     2.000     7   6.8815
     3797     0.00000     0.8071E+01     2.000     7   6.8825
     3798     0.00000     0.8048E+01     2.000     7   6.8822
     3799     0.00000     0.3680E+01     2.000     5   6.8826
     3800     0.00000     0.4970E+01     2.000     7   6.8830
     3801     0.00000     0.7403E+01     2.000     5   6.8831
     3802     0.00000     0.4054E+01     2.000     5   6.8835
     3803     0.00000     0.3080E+01     2.000     7   6.8831
     3804     0.00000     0.3443E+02     2.000     7   6.8831
     3805     0.00000     0.1495E+02     2.000     7   6.8831
     3806     0.00000     0.1153E+02     2.000     7   6.8831
     3807     0.00000     0.1236E+02     2.000     7   6.8831
     3809     0.00000     0.1059E+02     2.000     6   6.8840
     3811     0.00000     0.1917E+02     2.000     7   6.8837
     3812     0.00000     0.8320E+01     2.000     7   6.8837
     3813     0.00000     0.5231E+01     2.000     4   6.8847
     3814     0.00000     0.3236E+01     2.000     5   6.8853
     3815     0.00000     0.3214E+01     2.000     6   6.8852
     3816     0.00000     0.1648E+02     2.000     7   6.8855
     3819     0.00000     0.9088E+01     2.000     7   6.8871
     3820     0.00000     0.8844E+01     2.000     7   6.8871
     3822     0.00000     0.4651E+01     2.000     6   6.8876
     3824     0.00000     0.7912E+01     2.000     7   6.8873
     3825     0.00000     0.5938E+01     2.000     7   6.8873
     3826     0.00000     0.4261E+01     2.000     7   6.8873
     3828     0.00000     0.1504E+02     1.000     6   6.8885
     3829     0.00000     0.1775E+02     2.000     7   6.8886
     3830     0.00000     0.9657E+01     2.000     7   6.8886
     3831     0.00000     0.4621E+01     2.000     6   6.8893
     3833     0.00000     0.1226E+02     2.000     7   6.8908
     3834     0.00000     0.1265E+02     2.000     7   6.8909
     3835     0.00000     0.2845E+02     2.000     7   6.8909
     3837     0.00000     0.1206E+02     2.000     7   6.8926
     3839     0.00000     0.2945E+01     2.000     5   6.8937
     3840     0.00000     0.4476E+01     2.000     6   6.8938
     3842     0.00000     0.3220E+01     2.000     7   6.8937
     3843     0.00000     0.3271E+01     2.000     7   6.8947
     3844     0.00000     0.4191E+01     2.000     4   6.8950
     3845     0.00000     0.7230E+01     2.000     5   6.8954
     3847     0.00000     0.5837E+01     2.000     7   6.8958
     3848     0.00000     0.1173E+02     2.000     7   6.8954
     3849     0.00000     0.5782E+01     2.000     7   6.8961
     3850     0.00000     0.3976E+01     2.000     7   6.8961
     3851     0.00000     0.9337E+01     2.000     7   6.8961
     3852     0.00000     0.5262E+01     2.000     7   6.8961
     3853     0.00000     0.2704E+02     2.000     7   6.8966
     3855     0.00000     0.8685E+01     2.000     7   6.8979
     3856     0.00000     0.7356E+01     2.000     7   6.8987
     3857     0.00000     0.3312E+01     2.000     6   6.8999
     3860     0.00000     0.6397E+01     2.000     7   6.9007
     3861     0.00000     0.1003E+02     2.000     7   6.9007
     3862     0.00000     0.5080E+01     2.000     7   6.9016
     3863     0.00000     0.7099E+01     2.000     6   6.9025
     3864     0.00000     0.6744E+01     2.000     6   6.9029
     3865     0.00000     0.4834E+01     2.000     7   6.9027
     3866     0.00000     0.4033E+01     2.000     7   6.9037
     3867     0.00000     0.1346E+02     2.000     7   6.9038
     3869     0.00000     0.3113E+01     2.000     6   6.9049
     3871     0.00000     0.1150E+02     2.000     7   6.9056
     3872     0.00000     0.3161E+01     2.000     7   6.9056
     3873     0.00000     0.1617E+02     2.000     6   6.9057
     3874     0.00000     0.1049E+02     2.000     7   6.9058
     3875     0.00000     0.8655E+01     2.000     5   6.9065
     3876     0.00000     0.4562E+01     2.000     6   6.9063
     3877     0.00000     0.1939E+02     2.000     7   6.9065
     3878     0.00000     0.3309E+01     2.000     7   6.9071
     3879     0.00000     0.4617E+01     2.000     7   6.9077
     3880     0.00000     0.3489E+01     2.000     4   6.9082
     3882     0.00000     0.3451E+01     2.000     7   6.9080
     3883     0.00000     0.6761E+01     2.000     6   6.9083
     3884     0.00000     0.2151E+02     2.000     7   6.9083
     3885     0.00000     0.3131E+01     2.000     7   6.9087
     3886     0.00000     0.3258E+01     2.000     7   6.9092
     3887     0.00000     0.4824E+01     2.000     6   6.9092
     3888     0.00000     0.5475E+01     2.000     7   6.9088
     3890     0.00000     0.5747E+01     2.000     5   6.9096
     3891     0.00000     0.2784E+01     2.000     6   6.9097
     3892     0.00000     0.5234E+02     2.000     7   6.9102
     3893     0.00000     0.3572E+01     2.000     7   6.9100
     3894     0.00000     0.8014E+01     2.000     6   6.9106
     3895     0.00000     0.1803E+02     2.000     7   6.9113
     3897     0.00000     0.2675E+02     2.000     7   6.9123
     3898     0.00000     0.1563E+02     2.000     6   6.9126
     3899     0.00000     0.3504E+01     2.000     6   6.9132
     3900     0.00000     0.4046E+01     2.000     7   6.9129
     3901     0.00000     0.6265E+01     2.000     7   6.9129
     3902     0.00000     0.2987E+02     2.000     7   6.9134
     3903     0.00000     0.4908E+01     2.000     7   6.9134
     3904     0.00000     0.9063E+01     2.000     6   6.9143
     3905     0.00000     0.4124E+01     2.000     7   6.9142
     3907     0.00000     0.2693E+01     2.000     6   6.9145
     3908     0.00000     0.1094E+02     2.000     6   6.9157
     3909     0.00000     0.1103E+02     2.000     7   6.9158
     3910     0.00000     0.8340E+01     2.000     6   6.9161
     3911     0.00000     0.6291E+01     2.000     6   6.9161
     3912     0.00000     0.4154E+01     2.000     6   6.9161
     3914     0.00000     0.2073E+02     2.000     7   6.9160
     3915     0.00000     0.3487E+01     2.000     7   6.9164
     3916     0.00000     0.7282E+01     2.000     7   6.9164
     3917     0.00000     0.8098E+01     2.000     7   6.9164
     3919     0.00000     0.5429E+01     2.000     6   6.9178
     3920     0.00000     0.4729E+01     2.000     7   6.9191
     3921     0.00000     0.1160E+02     2.000     7   6.9194
     3922     0.00000     0.8069E+01     2.000     5   6.9197
     3923     0.00000     0.4303E+01     2.000     7   6.9197
     3925     0.00000     0.6635E+01     2.000     6   6.9203
     3926     0.00000     0.1001E+02     2.000     6   6.9201
     3927     0.00000     0.1265E+02     2.000     6   6.9211
     3928     0.00000     0.8774E+01     2.000     7   6.9215
     3929     0.00000     0.9283E+01     2.000     6   6.9220
     3931     0.00000     0.3761E+01     2.000     6   6.9242
     3932     0.00000     0.3322E+01     2.000     7   6.9244
     3933     0.00000     0.3141E+02     2.000     7   6.9243
     3934     0.00000     0.9423E+01     2.000     7   6.9243
     3935     0.00000     0.2493E+02     2.000     7   6.9242
     3936     0.00000     0.3497E+01     2.000     4   6.9259
     3937     0.00000     0.4480E+01     2.000     6   6.9256
     3938     0.00000     0.6180E+01     2.000     7   6.9259
     3939     0.00000     0.3197E+01     2.000     6   6.9264
     3941     0.00000     0.1538E+02     2.000     7   6.9262
     3942     0.00000     0.5480E+01     2.000     4   6.9271
     3944     0.00000     0.1094E+02     2.000     5   6.9288
     3945     0.00000     0.6014E+01     2.000     6   6.9289
     3947     0.00000     0.7103E+01     2.000     7   6.9291
     3948     0.00000     0.7129E+01     2.000     5   6.9297
     3949     0.00000     0.8090E+02     2.000     7   6.9302
     3950     0.00000     0.6120E+01     2.000     6   6.9305
     3951     0.00000     0.6356E+01     2.000     7   6.9304
     3953     0.00000     0.6634E+01     1.000     6   6.9320
     3954     0.00000     0.4721E+01     2.000     7   6.9320
     3956     0.00000     0.1680E+02     2.000     7   6.9329
     3957     0.00000     0.3031E+01     2.000     6   6.9335
     3959     0.00000     0.2873E+02     2.000     7   6.9333
     3960     0.00000     0.7729E+01     2.000     7   6.9353
     3961     0.00000     0.7648E+01     2.000     7   6.9356
     3963     0.00000     0.9518E+01     2.000     6   6.9361
     3964     0.00000     0.6735E+01     2.000     7   6.9360
     3965     0.00000     0.5687E+01     2.000     7   6.9367
     3966     0.00000     0.9307E+01     2.000     6   6.9369
     3967     0.00000     0.2247E+02     2.000     7   6.9373
     3968     0.00000     0.2672E+02     2.000     7   6.9372
     3969     0.00000     0.1165E+02     2.000     7   6.9378
     3970     0.00000     0.3841E+01     2.000     4   6.9382
     3971     0.00000     0.7226E+01     2.000     5   6.9382
     3972     0.00000     0.1349E+02     2.000     6   6.9381
     3973     0.00000     0.3401E+01     2.000     7   6.9383
     3974     0.00000     0.6148E+01     2.000     7   6.9386
     3975     0.00000     0.8856E+01     2.000     7   6.9386
     3976     0.00000     0.2853E+01     2.000     7   6.9387
     3977     0.00000     0.6439E+01     2.000     7   6.9387
     3978     0.00000     0.3702E+01     2.000     6   6.9391
     3979     0.00000     0.1469E+02     2.000     7   6.9393
     3980     0.00000     0.6558E+01     2.000     6   6.9397
     3982     0.00000     0.4756E+01     2.000     5   6.9404
     3983     0.00000     0.3189E+02     2.000     7   6.9403
     3984     0.00000     0.4860E+01     2.000     6   6.9406
     3985     0.00000     0.4713E+01     2.000     6   6.9408
     3987     0.00000     0.4303E+01     2.000     7   6.9412
     3988     0.00000     0.7608E+01     2.000     5   6.9417
     3989     0.00000     0.9318E+01     2.000     6   6.9417
     3991     0.00000     0.6567E+01     2.000     7   6.9424
     3992     0.00000     0.1158E+02     2.000     7   6.9423
     3993     0.00000     0.9316E+01     2.000     7   6.9429
     3994     0.00000     0.3926E+01     2.000     7   6.9433
     3995     0.00000     0.5215E+01     2.000     7   6.9435
     3996     0.00000     0.6380E+01     2.000     7   6.9433
     3997     0.00000     0.1571E+02     2.000     7   6.9433
     3998     0.00000     0.5529E+01     2.000     6   6.9436
     3999     0.00000     0.2920E+01     2.000     6   6.9436
     4000     0.00000     0.6678E+01     2.000     6   6.9436
     4001     0.00000     0.2432E+02     2.000     7   6.9438
     4002     0.00000     0.1751E+02     2.000     7   6.9437
     4003     0.00000     0.2831E+01     2.000     7   6.9435
     4004     0.00000     0.5893E+01     2.000     6   6.9448
     4005     0.00000     0.7586E+01     2.000     6   6.9451
     4007     0.00000     0.3198E+01     2.000     6   6.9468
     4008     0.00000     0.4823E+01     2.000     7   6.9468
     4009     0.00000     0.5376E+01     2.000     7   6.9475
     4010     0.00000     0.5051E+01     2.000     7   6.9473
     4011     0.00000     0.7387E+01     2.000     7   6.9475
     4012     0.00000     0.2705E+02     2.000     7   6.9476
     4014     0.00000     0.4404E+01     2.000     7   6.9492
     4015     0.00000     0.1801E+02     2.000     7   6.9492
     4016     0.00000     0.8283E+01     2.000     7   6.9492
     4017     0.00000     0.2894E+01     2.000     5   6.9494
     4018     0.00000     0.1711E+02     2.000     6   6.9496
     4019     0.00000     0.3447E+01     2.000     6   6.9501
     4020     0.00000     0.1663E+02     2.000     7   6.9504
     4021     0.00000     0.1823E+02     2.000     7   6.9511
     4022     0.00000     0.3519E+01     2.000     6   6.9512
     4024     0.00000     0.5733E+01     2.000     5   6.9527
     4027     0.00000     0.1822E+02     2.000     7   6.9524
     4028     0.00000     0.4021E+01     2.000     6   6.9537
     4030     0.00000     0.6199E+01     2.000     7   6.9538
     4031     0.00000     0.3000E+01     2.000     7   6.9548
     4032     0.00000     0.1665E+02     2.000     6   6.9553
     4033     0.00000     0.1764E+02     2.000     7   6.9551
     4034     0.00000     0.7453E+01     2.000     7   6.9554
     4035     0.00000     0.3785E+01     2.000     7   6.9564
     4036     0.00000     0.7471E+01     2.000     7   6.9564
     4037     0.00000     0.5809E+01     2.000     6   6.9565
     4040     0.00000     0.4849E+01     2.000     7   6.9569
     4041     0.00000     0.2717E+01     2.000     6   6.9570
     4042     0.00000     0.3968E+02     2.000     7   6.9574
     4043     0.00000     0.1657E+02     2.000     7   6.9570
     4044     0.00000     0.1090E+02     2.000     7   6.9570
     4046     0.00000     0.3174E+01     2.000     7   6.9589
     4047     0.00000     0.2729E+01     2.000     7   6.9589
     4049     0.00000     0.1071E+02     2.000     7   6.9596
     4050     0.00000     0.6458E+01     2.000     6   6.9604
     4052     0.00000     0.1017E+02     2.000     7   6.9607
     4053     0.00000     0.4758E+01     2.000     5   6.9617
     4055     0.00000     0.6573E+01     2.000     6   6.9620
     4056     0.00000     0.7127E+01     2.000     7   6.9619
     4057     0.00000     0.4416E+01     2.000     7   6.9620
     4058     0.00000     0.5137E+01     2.000     7   6.9623
     4059     0.00000     0.7366E+01     2.000     5   6.9621
     4060     0.00000     0.3531E+01     2.000     6   6.9625
     4061     0.00000     0.5163E+01     2.000     7   6.9624
     4062     0.00000     0.3186E+01     2.000     7   6.9621
     4063     0.00000     0.6321E+01     2.000     7   6.9632
     4065     0.00000     0.1108E+02     2.000     7   6.9636
     4066     0.00000     0.3654E+01     2.000     6   6.9642
     4067     0.00000     0.1320E+02     2.000     7   6.9645
     4068     0.00000     0.3925E+01     2.000     7   6.9645
     4069     0.00000     0.2872E+02     2.000     7   6.9642
     4070     0.00000     0.4854E+01     2.000     7   6.9642
     4071     0.00000     0.1152E+02     2.000     6   6.9647
     4072     0.00000     0.9138E+01     2.000     7   6.9655
     4073     0.00000     0.5864E+01     2.000     7   6.9655
     4074     0.00000     0.1554E+02     2.000     7   6.9660
     4075     0.00000     0.7417E+01     1.000     6   6.9665
     4076     0.00000     0.2091E+02     2.000     7   6.9665
     4077     0.00000     0.1071E+02     2.000     7   6.9667
     4078     0.00000     0.1111E+02     2.000     7   6.9669
     4079     0.00000     0.1220E+02     2.000     7   6.9671
     4080     0.00000     0.3670E+01     2.000     7   6.9672
     4081     0.00000     0.8393E+01     2.000     7   6.9682
     4082     0.00000     0.5361E+01     2.000     7   6.9685
     4083     0.00000     0.6416E+01     2.000     5   6.9690
     4084     0.00000     0.5403E+01     2.000     5   6.9688
     4085     0.00000     0.1607E+02     2.000     7   6.9694
     4086     0.00000     0.9523E+01     2.000     7   6.9694
     4087     0.00000     0.9308E+01     2.000     5   6.9703
     4088     0.00000     0.2764E+01     2.000     5   6.9705
     4089     0.00000     0.1259E+02     2.000     6   6.9709
     4090     0.00000     0.2699E+01     2.000     5   6.9714
     4091     0.00000     0.1694E+02     2.000     7   6.9719
     4092     0.00000     0.1998E+02     2.000     7   6.9717
     4093     0.00000     0.5659E+01     2.000     6   6.9721
     4094     0.00000     0.4456E+01     2.000     7   6.9721
     4095     0.00000     0.4206E+01     2.000     4   6.9724
     4096     0.00000     0.4087E+01     2.000     7   6.9725
     4097     0.00000     0.1115E+02     2.000     6   6.9732
     4098     0.00000     0.1063E+02     2.000     6   6.9732
     4099     0.00000     0.4559E+01     2.000     7   6.9729
     4100     0.00000     0.1067E+02     2.000     6   6.9739
     4101     0.00000     0.4046E+01     2.000     6   6.9735
     4102     0.00000     0.1533E+02     1.000     6   6.9735
     4103     0.00000     0.3056E+01     2.000     6   6.9741
     4104     0.00000     0.6901E+01     2.000     7   6.9741
     4105     0.00000     0.3130E+01     2.000     7   6.9746
     4107     0.00000     0.1139E+02     2.000     7   6.9750
     4108     0.00000     0.9532E+01     2.000     7   6.9753
     4109     0.00000     0.4365E+01     2.000     6   6.9765
     4110     0.00000     0.7121E+01     2.000     6   6.9765
     4111     0.00000     0.5227E+01     2.000     6   6.9763
     4112     0.00000     0.4686E+01     2.000     7   6.9763
     4113     0.00000     0.4767E+01     2.000     6   6.9769
     4114     0.00000     0.2725E+01     2.000     6   6.9769
     4115     0.00000     0.1070E+02     2.000     6   6.9767
     4116     0.00000     0.4069E+01     2.000     7   6.9771
     4118     0.00000     0.8017E+01     2.000     6   6.9778
     4122     0.00000     0.1263E+02     2.000     7   6.9785
     4123     0.00000     0.2953E+02     2.000     7   6.9788
     4124     0.00000     0.6265E+01     2.000     7   6.9788
     4125     0.00000     0.3039E+01     2.000     6   6.9797
     4126     0.00000     0.6855E+01     2.000     7   6.9796
     4127     0.00000     0.7697E+01     2.000     5   6.9804
     4129     0.00000     0.4066E+01     2.000     6   6.9810
     4130     0.00000     0.1299E+02     2.000     7   6.9808
     4131     0.00000     0.4134E+01     2.000     7   6.9810
     4133     0.00000     0.6239E+01     2.000     5   6.9813
     4135     0.00000     0.4017E+01     2.000     7   6.9816
     4137     0.00000     0.4712E+01     2.000     7   6.9818
     4138     0.00000     0.4769E+01     2.000     5   6.9822
     4139     0.00000     0.1133E+02     2.000     7   6.9823
     4143     0.00000     0.6227E+01     2.000     7   6.9835
     4144     0.00000     0.9110E+01     2.000     6   6.9837
     4145     0.00000     0.4792E+01     2.000     6   6.9840
     4146     0.00000     0.7099E+01     2.000     7   6.9840
     4147     0.00000     0.5298E+01     2.000     7   6.9838
     4149     0.00000     0.5947E+01     2.000     7   6.9842
     4151     0.00000     0.4303E+01     2.000     7   6.9845
     4152     0.00000     0.2842E+02     2.000     7   6.9846
     4154     0.00000     0.4445E+01     2.000     7   6.9847
     4156     0.00000     0.4641E+01     2.000     7   6.9848
     4157     0.00000     0.3685E+01     2.000     4   6.9856
     4158     0.00000     0.6376E+01     2.000     6   6.9853
     4159     0.00000     0.3728E+01     2.000     7   6.9857
     4161     0.00000     0.3730E+01     2.000     6   6.9860
     4162     0.00000     0.5725E+01     2.000     7   6.9860
     4163     0.00000     0.1416E+02     1.000     6   6.9864
     4164     0.00000     0.6113E+01     2.000     5   6.9870
     4165     0.00000     0.7903E+01     2.000     6   6.9876
     4166     0.00000     0.4371E+01     2.000     6   6.9876
     4167     0.00000     0.1063E+02     2.000     7   6.9874
     4168     0.00000     0.4693E+01     2.000     7   6.9877
     4170     0.00000     0.5311E+01     2.000     6   6.9897
     4171     0.00000     0.3801E+01     2.000     6   6.9896
     4172     0.00000     0.6533E+01     2.000     6   6.9902
     4174     0.00000     0.3737E+01     2.000     6   6.9908
     4175     0.00000     0.7093E+02     2.000     7   6.9913
     4176     0.00000     0.4487E+01     2.000     5   6.9925
     4177     0.00000     0.2056E+02     2.000     7   6.9924
     4178     0.00000     0.2592E+02     2.000     7   6.9923
     4179     0.00000     0.5068E+01     2.000     6   6.9932
     4181     0.00000     0.6400E+01     2.000     5   6.9938
     4182     0.00000     0.1497E+02     2.000     7   6.9937
     4183     0.00000     0.3767E+01     2.000     7   6.9938
     4184     0.00000     0.6255E+01     2.000     7   6.9936
     4185     0.00000     0.3630E+01     2.000     7   6.9941
     4186     0.00000     0.7624E+01     2.000     7   6.9945
     4188     0.00000     0.4336E+01     2.000     7   6.9954
     4190     0.00000     0.3218E+01     2.000     6   6.9954
     4191     0.00000     0.3012E+01     2.000     7   6.9956
     4192     0.00000     0.2908E+01     2.000     7   6.9956
     4193     0.00000     0.3680E+01     2.000     7   6.9956
     4195     0.00000     0.3502E+01     2.000     7   6.9965
     4197     0.00000     0.1048E+02     2.000     7   6.9971
     4198     0.00000     0.1180E+02     2.000     7   6.9977
     4199     0.00000     0.3049E+01     2.000     7   6.9980
     4200     0.00000     0.8114E+01     2.000     6   6.9987
     4201     0.00000     0.8331E+01     2.000     6   6.9989
     4202     0.00000     0.1013E+02     2.000     6   6.9987
     4203     0.00000     0.7201E+01     2.000     6   6.9987
     4204     0.00000     0.5540E+01     2.000     6   6.9988
     4205     0.00000     0.3340E+01     2.000     7   6.9987
     4206     0.00000     0.9594E+01     2.000     7   6.9985
     4207     0.00000     0.4227E+01     2.000     7   6.9990
     4208     0.00000     0.7818E+01     2.000     7   6.9987
     4209     0.00000     0.4114E+01     2.000     6   6.9992
     4210     0.00000     0.3859E+01     2.000     6   6.9995
     4211     0.00000     0.3407E+01     2.000     6   6.9995
     4212     0.00000     0.1799E+02     2.000     7   6.9991
     4213     0.00000     0.3948E+01     2.000     7   6.9992
     4214     0.00000     0.7335E+01     2.000     7   6.9993
     4215     0.00000     0.5991E+01     2.000     6   7.0003
     4216     0.00000     0.6005E+01     2.000     6   7.0002
     4218     0.00000     0.3619E+01     2.000     6   7.0020
     4219     0.00000     0.4012E+01     2.000     5   7.0022
     4220     0.00000     0.5756E+01     2.000     6   7.0024
     4221     0.00000     0.1370E+02     2.000     7   7.0031
     4222     0.00000     0.1094E+02     2.000     6   7.0040
     4223     0.00000     0.3625E+01     2.000     7   7.0041
     4224     0.00000     0.9918E+01     2.000     6   7.0047
     4225     0.00000     0.1523E+02     2.000     7   7.0042
     4226     0.00000     0.4415E+01     2.000     5   7.0048
     4227     0.00000     0.4805E+02     2.000     7   7.0050
     4228     0.00000     0.1507E+02     2.000     6   7.0052
     4229     0.00000     0.1329E+02     2.000     6   7.0052
     4230     0.00000     0.8582E+01     2.000     7   7.0055
     4231     0.00000     0.5546E+01     2.000     6   7.0063
     4232     0.00000     0.1075E+02     2.000     7   7.0070
     4233     0.00000     0.9016E+01     2.000     7   7.0071
     4234     0.00000     0.1071E+02     2.000     7   7.0073
     4235     0.00000     0.2186E+02     2.000     7   7.0073
     4236     0.00000     0.1487E+02     2.000     7   7.0073
     4237     0.00000     0.6537E+01     2.000     5   7.0074
     4238     0.00000     0.7565E+01     2.000     6   7.0077
     4239     0.00000     0.3568E+01     2.000     6   7.0075
     4240     0.00000     0.5556E+01     2.000     7   7.0075
     4241     0.00000     0.1020E+02     2.000     6   7.0079
     4242     0.00000     0.4297E+01     2.000     6   7.0079
     4243     0.00000     0.2491E+02     2.000     7   7.0083
     4245     0.00000     0.4844E+02     2.000     7   7.0085
     4246     0.00000     0.1042E+02     2.000     7   7.0087
     4247     0.00000     0.3546E+01     2.000     7   7.0088
     4248     0.00000     0.7109E+01     2.000     7   7.0093
     4249     0.00000     0.6544E+01     2.000     7   7.0093
     4251     0.00000     0.2476E+02     2.000     7   7.0100
     4253     0.00000     0.1159E+02     2.000     7   7.0118
     4254     0.00000     0.6963E+01     2.000     7   7.0126
     4255     0.00000     0.1412E+02     2.000     6   7.0131
     4256     0.00000     0.7501E+01     2.000     7   7.0133
     4258     0.00000     0.1364E+02     2.000     7   7.0142
     4259     0.00000     0.3802E+01     2.000     6   7.0146
     4260     0.00000     0.3914E+01     2.000     6   7.0146
     4261     0.00000     0.4367E+01     2.000     7   7.0150
     4262     0.00000     0.5477E+01     2.000     6   7.0151
     4263     0.00000     0.3136E+01     2.000     7   7.0151
     4264     0.00000     0.7068E+01     2.000     5   7.0156
     4265     0.00000     0.1453E+02     2.000     7   7.0158
     4266     0.00000     0.9953E+01     2.000     6   7.0163
     4267     0.00000     0.5971E+01     2.000     7   7.0163
     4268     0.00000     0.6186E+01     2.000     6   7.0168
     4269     0.00000     0.2184E+02     2.000     7   7.0169
     4270     0.00000     0.4135E+01     2.000     7   7.0169
     4271     0.00000     0.6168E+01     2.000     7   7.0170
     4272     0.00000     0.1628E+02     2.000     7   7.0166
     4273     0.00000     0.4609E+01     2.000     7   7.0171
     4274     0.00000     0.1559E+02     2.000     7   7.0173
     4275     0.00000     0.2684E+02     2.000     7   7.0175
     4276     0.00000     0.1290E+02     2.000     7   7.0175
     4277     0.00000     0.1098E+02     2.000     7   7.0175
     4278     0.00000     0.1050E+02     2.000     7   7.0175
     4279     0.00000     0.2830E+01     2.000     7   7.0172
     4280     0.00000     0.1820E+02     2.000     7   7.0177
     4281     0.00000     0.1227E+02     2.000     7   7.0185
     4282     0.00000     0.2809E+02     2.000     7   7.0185
     4283     0.00000     0.1080E+02     2.000     7   7.0185
     4284     0.00000     0.1679E+02     2.000     7   7.0184
     4285     0.00000     0.8583E+01     2.000     7   7.0189
     4286     0.00000     0.2911E+01     2.000     7   7.0188
     4287     0.00000     0.5391E+01     2.000     6   7.0196
     4288     0.00000     0.1606E+02     2.000     7   7.0206
     4289     0.00000     0.1986E+02     2.000     7   7.0204
     4290     0.00000     0.1260E+02     2.000     7   7.0204
     4291     0.00000     0.5283E+01     2.000     7   7.0211
     4292     0.00000     0.1116E+02     2.000     6   7.0213
     4293     0.00000     0.8744E+01     2.000     7   7.0213
     4294     0.00000     0.4129E+01     2.000     7   7.0216
     4295     0.00000     0.9601E+01     2.000     6   7.0220
     4296     0.00000     0.2899E+01     2.000     7   7.0227
     4297     0.00000     0.1181E+02     2.000     5   7.0228
     4298     0.00000     0.6787E+01     2.000     7   7.0230
     4300     0.00000     0.3459E+01     2.000     7   7.0234
     4301     0.00000     0.1257E+02     2.000     7   7.0234
     4302     0.00000     0.4133E+01     2.000     7   7.0234
     4303     0.00000     0.4548E+01     2.000     7   7.0240
     4304     0.00000     0.5040E+01     2.000     7   7.0243
     4305     0.00000     0.1797E+02     2.000     7   7.0248
     4306     0.00000     0.1158E+02     2.000     6   7.0254
     4307     0.00000     0.1362E+02     2.000     6   7.0254
     4308     0.00000     0.1120E+02     2.000     7   7.0267
     4309     0.00000     0.2760E+02     2.000     7   7.0265
     4310     0.00000     0.1004E+02     2.000     7   7.0272
     4311     0.00000     0.2951E+01     2.000     5   7.0274
     4312     0.00000     0.6844E+01     2.000     6   7.0283
     4313     0.00000     0.3840E+01     2.000     6   7.0284
     4314     0.00000     0.9212E+01     2.000     6   7.0288
     4315     0.00000     0.1103E+02     2.000     6   7.0288
     4316     0.00000     0.1305E+02     2.000     7   7.0291
     4317     0.00000     0.5840E+01     2.000     7   7.0292
     4318     0.00000     0.6626E+01     2.000     7   7.0298
     4319     0.00000     0.6545E+01     2.000     7   7.0293
     4321     0.00000     0.1209E+02     2.000     7   7.0299
     4322     0.00000     0.1748E+02     2.000     7   7.0299
     4323     0.00000     0.2986E+01     2.000     5   7.0313
     4324     0.00000     0.1043E+02     2.000     7   7.0309
     4325     0.00000     0.8634E+01     2.000     5   7.0318
     4326     0.00000     0.2957E+02     2.000     7   7.0321
     4327     0.00000     0.1540E+02     2.000     7   7.0326
     4328     0.00000     0.5510E+01     2.000     7   7.0324
     4329     0.00000     0.9814E+01     2.000     7   7.0330
     4330     0.00000     0.1039E+02     2.000     6   7.0339
     4331     0.00000     0.1533E+02     2.000     7   7.0338
     4332     0.00000     0.9807E+01     2.000     7   7.0338
     4333     0.00000     0.2812E+01     2.000     7   7.0336
     4334     0.00000     0.8287E+01     2.000     7   7.0334
     4335     0.00000     0.8737E+01     2.000     7   7.0342
     4336     0.00000     0.1689E+02     2.000     7   7.0343
     4337     0.00000     0.1614E+02     2.000     7   7.0341
     4339     0.00000     0.5605E+01     2.000     7   7.0348
     4340     0.00000     0.1560E+02     2.000     7   7.0349
     4341     0.00000     0.1487E+02     2.000     6   7.0353
     4343     0.00000     0.8320E+01     2.000     7   7.0353
     4344     0.00000     0.5337E+01     2.000     7   7.0354
     4345     0.00000     0.1814E+02     2.000     6   7.0374
     4346     0.00000     0.3626E+01     2.000     6   7.0381
     4347     0.00000     0.3023E+01     2.000     7   7.0385
     4348     0.00000     0.9827E+01     2.000     7   7.0382
     4349     0.00000     0.5176E+01     2.000     5   7.0391
     4350     0.00000     0.3203E+01     2.000     7   7.0401
     4351     0.00000     0.3575E+01     2.000     7   7.0400
     4352     0.00000     0.3196E+01     2.000     6   7.0404
     4353     0.00000     0.2304E+02     2.000     7   7.0402
     4355     0.00000     0.9665E+01     2.000     7   7.0413
     4356     0.00000     0.5094E+01     2.000     6   7.0419
     4357     0.00000     0.1054E+02     2.000     7   7.0427
     4358     0.00000     0.8445E+01     2.000     7   7.0431
     4359     0.00000     0.5334E+01     2.000     7   7.0430
     4360     0.00000     0.4303E+01     2.000     6   7.0435
     4361     0.00000     0.3116E+01     2.000     7   7.0440
     4362     0.00000     0.3156E+01     2.000     6   7.0444
     4363     0.00000     0.4132E+01     2.000     5   7.0450
     4364     0.00000     0.1023E+02     2.000     6   7.0447
     4365     0.00000     0.4474E+01     2.000     7   7.0451
     4366     0.00000     0.3584E+01     2.000     7   7.0452
     4367     0.00000     0.7172E+01     2.000     6   7.0454
     4368     0.00000     0.2382E+02     2.000     7   7.0453
     4369     0.00000     0.5947E+01     2.000     6   7.0459
     4370     0.00000     0.4608E+01     2.000     6   7.0461
     4371     0.00000     0.6607E+01     2.000     6   7.0460
     4372     0.00000     0.1182E+02     2.000     7   7.0461
     4373     0.00000     0.1342E+02     2.000     6   7.0464
     4374     0.00000     0.5014E+01     2.000     7   7.0467
     4375     0.00000     0.3611E+01     2.000     7   7.0468
     4376     0.00000     0.4636E+01     2.000     6   7.0475
     4377     0.00000     0.7417E+01     2.000     7   7.0473
     4378     0.00000     0.1100E+02     2.000     7   7.0478
     4379     0.00000     0.6297E+01     2.000     7   7.0477
     4380     0.00000     0.3183E+01     2.000     7   7.0482
     4381     0.00000     0.3224E+01     2.000     4   7.0483
     4382     0.00000     0.1385E+02     2.000     7   7.0487
     4383     0.00000     0.6024E+01     2.000     7   7.0483
     4384     0.00000     0.1077E+02     2.000     7   7.0483
     4385     0.00000     0.5201E+01     2.000     7   7.0490
     4386     0.00000     0.7253E+01     2.000     7   7.0495
     4387     0.00000     0.2291E+02     2.000     7   7.0499
     4388     0.00000     0.1157E+02     2.000     6   7.0505
     4389     0.00000     0.1139E+02     2.000     6   7.0505
     4390     0.00000     0.4869E+01     2.000     6   7.0511
     4391     0.00000     0.8124E+01     2.000     6   7.0511
     4392     0.00000     0.1110E+02     2.000     5   7.0514
     4393     0.00000     0.2875E+01     2.000     6   7.0519
     4394     0.00000     0.3333E+01     2.000     6   7.0521
     4395     0.00000     0.5599E+01     2.000     6   7.0523
     4396     0.00000     0.1655E+02     2.000     7   7.0522
     4397     0.00000     0.4377E+01     2.000     7   7.0521
     4398     0.00000     0.3906E+01     2.000     6   7.0537
     4399     0.00000     0.2213E+02     2.000     7   7.0546
     4400     0.00000     0.7429E+01     2.000     7   7.0554
     4401     0.00000     0.9010E+01     2.000     6   7.0556
     4403     0.00000     0.1014E+02     2.000     7   7.0577
     4404     0.00000     0.3542E+01     2.000     6   7.0591
     4405     0.00000     0.5520E+01     2.000     6   7.0591
     4406     0.00000     0.1439E+02     2.000     6   7.0596
     4407     0.00000     0.2753E+01     2.000     7   7.0603
     4408     0.00000     0.2112E+02     2.000     7   7.0610
     4409     0.00000     0.3178E+01     2.000     7   7.0609
     4410     0.00000     0.2984E+02     2.000     7   7.0612
     4412     0.00000     0.3446E+01     2.000     7   7.0623
     4415     0.00000     0.8198E+01     2.000     7   7.0633
     4416     0.00000     0.6147E+01     2.000     6   7.0634
     4417     0.00000     0.3142E+01     2.000     6   7.0633
     4418     0.00000     0.1897E+02     2.000     7   7.0633
     4419     0.00000     0.3309E+01     2.000     7   7.0638
     4420     0.00000     0.5276E+01     2.000     5   7.0640
     4421     0.00000     0.4433E+01     2.000     6   7.0641
     4422     0.00000     0.1833E+02     2.000     7   7.0638
     4423     0.00000     0.1167E+02     2.000     6   7.0647
     4424     0.00000     0.1022E+02     2.000     6   7.0647
     4425     0.00000     0.1182E+02     2.000     7   7.0651
     4426     0.00000     0.3304E+01     2.000     4   7.0655
     4427     0.00000     0.7611E+01     2.000     7   7.0653
     4428     0.00000     0.1604E+02     2.000     7   7.0655
     4429     0.00000     0.1220E+02     2.000     6   7.0660
     4430     0.00000     0.2233E+02     2.000     6   7.0660
     4431     0.00000     0.1631E+02     2.000     6   7.0660
     4432     0.00000     0.8853E+01     2.000     7   7.0660
     4433     0.00000     0.8454E+01     2.000     7   7.0667
     4434     0.00000     0.4358E+01     2.000     4   7.0667
     4435     0.00000     0.5386E+01     2.000     5   7.0672
     4436     0.00000     0.1089E+02     2.000     6   7.0671
     4437     0.00000     0.5738E+01     2.000     7   7.0676
     4439     0.00000     0.6322E+01     2.000     5   7.0681
     4440     0.00000     0.5444E+01     2.000     5   7.0678
     4441     0.00000     0.1085E+02     2.000     7   7.0678
     4442     0.00000     0.5551E+01     2.000     6   7.0689
     4443     0.00000     0.7190E+02     2.000     7   7.0692
     4444     0.00000     0.7876E+01     2.000     7   7.0694
     4445     0.00000     0.4866E+01     2.000     5   7.0700
     4446     0.00000     0.6799E+01     2.000     7   7.0706
     4447     0.00000     0.6132E+01     2.000     6   7.0712
     4448     0.00000     0.3369E+01     2.000     6   7.0710
     4449     0.00000     0.8176E+01     2.000     6   7.0712
     4450     0.00000     0.6416E+01     2.000     6   7.0714
     4451     0.00000     0.5301E+01     2.000     7   7.0717
     4453     0.00000     0.1414E+02     2.000     7   7.0729
     4454     0.00000     0.9322E+01     2.000     7   7.0731
     4455     0.00000     0.7747E+01     2.000     7   7.0735
     4456     0.00000     0.8656E+01     2.000     6   7.0740
     4457     0.00000     0.1716E+02     2.000     7   7.0742
     4458     0.00000     0.6270E+01     2.000     7   7.0741
     4459     0.00000     0.1578E+02     2.000     6   7.0749
     4460     0.00000     0.8101E+01     2.000     7   7.0746
     4461     0.00000     0.6082E+01     1.000     6   7.0751
     4462     0.00000     0.4054E+01     2.000     7   7.0753
     4463     0.00000     0.8116E+01     2.000     7   7.0754
     4466     0.00000     0.4267E+01     2.000     6   7.0760
     4467     0.00000     0.7458E+01     2.000     7   7.0764
     4468     0.00000     0.9606E+01     2.000     7   7.0763
     4469     0.00000     0.1048E+02     2.000     7   7.0764
     4470     0.00000     0.3973E+01     2.000     5   7.0769
     4471     0.00000     0.1057E+02     2.000     6   7.0770
     4472     0.00000     0.2560E+02     2.000     7   7.0775
     4473     0.00000     0.3951E+01     2.000     7   7.0774
     4474     0.00000     0.1174E+02     2.000     6   7.0777
     4475     0.00000     0.3526E+02     2.000     7   7.0785
     4476     0.00000     0.4616E+01     2.000     7   7.0780
     4477     0.00000     0.2415E+02     2.000     7   7.0782
     4478     0.00000     0.4545E+01     2.000     7   7.0782
     4479     0.00000     0.5547E+01     2.000     7   7.0787
     4480     0.00000     0.2918E+02     2.000     7   7.0799
     4481     0.00000     0.6822E+01     2.000     7   7.0796
     4482     0.00000     0.5598E+01     2.000     6   7.0803
     4483     0.00000     0.1415E+02     2.000     7   7.0804
     4484     0.00000     0.8938E+01     2.000     7   7.0804
     4485     0.00000     0.7696E+01     2.000     6   7.0815
     4486     0.00000     0.7680E+01     2.000     7   7.0814
     4487     0.00000     0.1055E+02     2.000     7   7.0821
     4488     0.00000     0.3698E+01     2.000     5   7.0822
     4489     0.00000     0.2968E+01     2.000     5   7.0831
     4490     0.00000     0.9695E+01     2.000     6   7.0827
     4491     0.00000     0.1146E+02     2.000     7   7.0835
     4492     0.00000     0.2840E+01     2.000     7   7.0831
     4493     0.00000     0.1984E+02     2.000     7   7.0833
     4494     0.00000     0.6580E+01     2.000     5   7.0839
     4496     0.00000     0.3993E+01     1.000     6   7.0843
     4497     0.00000     0.8180E+01     2.000     7   7.0848
     4498     0.00000     0.1980E+02     2.000     7   7.0855
     4499     0.00000     0.3874E+01     2.000     7   7.0857
     4500     0.00000     0.7849E+01     2.000     7   7.0860
     4501     0.00000     0.1590E+02     2.000     6   7.0863
     4502     0.00000     0.7565E+01     2.000     7   7.0868
     4503     0.00000     0.1306E+02     2.000     7   7.0867
     4504     0.00000     0.1182E+02     2.000     7   7.0875
     4505     0.00000     0.1289E+02     2.000     7   7.0875
     4506     0.00000     0.2070E+02     2.000     7   7.0872
     4507     0.00000     0.3101E+01     2.000     7   7.0881
     4508     0.00000     0.6501E+01     2.000     7   7.0887
     4509     0.00000     0.6010E+01     2.000     7   7.0891
     4510     0.00000     0.1441E+02     2.000     6   7.0895
     4511     0.00000     0.5474E+01     2.000     6   7.0893
     4514     0.00000     0.1347E+02     2.000     7   7.0902
     4515     0.00000     0.1518E+02     2.000     7   7.0903
     4516     0.00000     0.1046E+02     2.000     7   7.0903
     4517     0.00000     0.1308E+02     2.000     7   7.0904
     4518     0.00000     0.7179E+01     2.000     6   7.0911
     4520     0.00000     0.3849E+01     2.000     6   7.0913
     4521     0.00000     0.8079E+01     2.000     6   7.0916
     4522     0.00000     0.1209E+02     2.000     6   7.0916
     4523     0.00000     0.1683E+02     2.000     7   7.0917
     4524     0.00000     0.2808E+01     2.000     6   7.0921
     4525     0.00000     0.9581E+01     2.000     6   7.0921
     4527     0.00000     0.3840E+01     2.000     7   7.0938
     4528     0.00000     0.5076E+01     2.000     7   7.0939
     4529     0.00000     0.7885E+01     2.000     7   7.0938
     4530     0.00000     0.2113E+02     2.000     7   7.0938
     4531     0.00000     0.2960E+01     2.000     4   7.0948
     4532     0.00000     0.2465E+02     2.000     6   7.0945
     4533     0.00000     0.1611E+02     2.000     7   7.0946
     4534     0.00000     0.1084E+02     2.000     7   7.0945
     4535     0.00000     0.2495E+02     2.000     7   7.0946
     4536     0.00000     0.3073E+01     2.000     5   7.0951
     4538     0.00000     0.1498E+02     2.000     6   7.0953
     4539     0.00000     0.5118E+01     2.000     7   7.0949
     4541     0.00000     0.8948E+01     2.000     7   7.0972
     4542     0.00000     0.3687E+02     2.000     7   7.0970
     4543     0.00000     0.3970E+01     2.000     5   7.0977
     4544     0.00000     0.4788E+01     2.000     6   7.0983
     4545     0.00000     0.7546E+01     2.000     7   7.0980
     4546     0.00000     0.5984E+01     2.000     6   7.0984
     4547     0.00000     0.1050E+02     2.000     6   7.0984
     4548     0.00000     0.9888E+01     2.000     6   7.0984
     4549     0.00000     0.4029E+01     2.000     5   7.0994
     4551     0.00000     0.7928E+01     2.000     7   7.0997
     4552     0.00000     0.1118E+02     2.000     7   7.1007
     4553     0.00000     0.1336E+02     2.000     7   7.1007
     4554     0.00000     0.1815E+02     2.000     7   7.1009
     4555     0.00000     0.3686E+02     2.000     7   7.1009
     4556     0.00000     0.2440E+02     2.000     7   7.1009
     4559     0.00000     0.1521E+02     2.000     7   7.1014
     4560     0.00000     0.4113E+01     2.000     7   7.1010
     4561     0.00000     0.4230E+01     2.000     7   7.1014
     4562     0.00000     0.1105E+02     2.000     7   7.1017
     4563     0.00000     0.2060E+02     2.000     7   7.1015
     4564     0.00000     0.1107E+02     2.000     7   7.1020
     4565     0.00000     0.1972E+02     2.000     7   7.1020
     4566     0.00000     0.2253E+02     2.000     7   7.1020
     4567     0.00000     0.9666E+01     2.000     7   7.1023
     4568     0.00000     0.1246E+02     2.000     6   7.1027
     4569     0.00000     0.5136E+01     2.000     6   7.1035
     4570     0.00000     0.9514E+01     2.000     6   7.1033
     4573     0.00000     0.1412E+02     2.000     7   7.1039
     4574     0.00000     0.1046E+02     2.000     7   7.1036
     4575     0.00000     0.8337E+01     2.000     7   7.1036
     4576     0.00000     0.7021E+01     2.000     7   7.1043
     4577     0.00000     0.2989E+01     2.000     7   7.1043
     4578     0.00000     0.1567E+02     2.000     7   7.1048
     4580     0.00000     0.7365E+01     2.000     7   7.1052
     4581     0.00000     0.6132E+01     2.000     7   7.1050
     4583     0.00000     0.6338E+02     2.000     7   7.1064
     4584     0.00000     0.9703E+01     2.000     7   7.1069
     4586     0.00000     0.1355E+02     2.000     7   7.1074
     4587     0.00000     0.4597E+01     1.000     6   7.1076
     4588     0.00000     0.7224E+01     1.000     6   7.1080
     4590     0.00000     0.4622E+01     2.000     7   7.1084
     4591     0.00000     0.9679E+01     2.000     7   7.1084
     4592     0.00000     0.1900E+02     2.000     7   7.1091
     4593     0.00000     0.1027E+02     2.000     7   7.1097
     4594     0.00000     0.4895E+01     2.000     7   7.1101
     4595     0.00000     0.6911E+01     2.000     7   7.1098
     4596     0.00000     0.1457E+02     2.000     7   7.1099
     4597     0.00000     0.2601E+02     2.000     7   7.1099
     4598     0.00000     0.2358E+02     2.000     7   7.1099
     4600     0.00000     0.1230E+02     2.000     7   7.1101
     4601     0.00000     0.2045E+02     2.000     7   7.1101
     4602     0.00000     0.5324E+01     2.000     7   7.1106
     4603     0.00000     0.7347E+01     2.000     7   7.1103
     4604     0.00000     0.5147E+01     2.000     6   7.1111
     4605     0.00000     0.8926E+01     2.000     7   7.1108
     4606     0.00000     0.9228E+01     2.000     7   7.1107
     4608     0.00000     0.1154E+02     2.000     6   7.1112
     4609     0.00000     0.1226E+02     2.000     6   7.1112
     4610     0.00000     0.4517E+01     2.000     7   7.1121
     4611     0.00000     0.2804E+01     2.000     4   7.1120
     4612     0.00000     0.7520E+01     2.000     7   7.1121
     4613     0.00000     0.6447E+01     2.000     6   7.1122
     4614     0.00000     0.9850E+01     2.000     7   7.1125
     4615     0.00000     0.9349E+01     2.000     7   7.1130
     4616     0.00000     0.8062E+01     2.000     7   7.1128
     4617     0.00000     0.5935E+01     2.000     7   7.1141
     4619     0.00000     0.2590E+02     2.000     7   7.1150
     4620     0.00000     0.6715E+01     2.000     6   7.1161
     4621     0.00000     0.5897E+01     2.000     7   7.1159
     4622     0.00000     0.3309E+01     2.000     7   7.1163
     4623     0.00000     0.4948E+01     2.000     5   7.1165
     4624     0.00000     0.4477E+01     2.000     5   7.1165
     4625     0.00000     0.5088E+01     2.000     7   7.1170
     4626     0.00000     0.1479E+02     2.000     6   7.1180
     4627     0.00000     0.1477E+02     2.000     7   7.1187
     4628     0.00000     0.6097E+01     2.000     7   7.1188
     4631     0.00000     0.2197E+02     2.000     7   7.1199
     4632     0.00000     0.5739E+01     2.000     7   7.1199
     4633     0.00000     0.1628E+02     2.000     7   7.1206
     4634     0.00000     0.1577E+02     2.000     7   7.1207
     4635     0.00000     0.5353E+01     2.000     7   7.1207
     4636     0.00000     0.5991E+01     2.000     6   7.1210
     4637     0.00000     0.5304E+01     2.000     7   7.1213
     4639     0.00000     0.7002E+01     2.000     7   7.1224
     4640     0.00000     0.7197E+01     2.000     7   7.1232
     4643     0.00000     0.5449E+01     2.000     7   7.1240
     4644     0.00000     0.1592E+02     2.000     7   7.1245
     4645     0.00000     0.5343E+01     2.000     7   7.1256
     4646     0.00000     0.5342E+01     2.000     7   7.1259
     4647     0.00000     0.3040E+01     2.000     6   7.1265
     4648     0.00000     0.4054E+01     2.000     5   7.1270
     4649     0.00000     0.2561E+02     2.000     7   7.1266
     4650     0.00000     0.1279E+02     2.000     6   7.1270
     4651     0.00000     0.4881E+01     2.000     6   7.1284
     4652     0.00000     0.4317E+01     1.000     4   7.1292
     4653     0.00000     0.5241E+01     2.000     6   7.1293
     4654     0.00000     0.4275E+02     2.000     7   7.1295
     4655     0.00000     0.3906E+02     2.000     7   7.1295
     4656     0.00000     0.4885E+01     2.000     5   7.1298
     4657     0.00000     0.3247E+01     2.000     6   7.1298
     4658     0.00000     0.9467E+01     2.000     7   7.1301
     4659     0.00000     0.8797E+01     2.000     6   7.1305
     4660     0.00000     0.4586E+01     2.000     7   7.1302
     4661     0.00000     0.3922E+01     2.000     7   7.1302
     4662     0.00000     0.7919E+01     2.000     7   7.1305
     4663     0.00000     0.1251E+02     2.000     7   7.1307
     4665     0.00000     0.2928E+01     2.000     7   7.1319
     4666     0.00000     0.4018E+01     2.000     7   7.1325
     4667     0.00000     0.3783E+01     2.000     7   7.1321
     4668     0.00000     0.3277E+01     2.000     7   7.1332
     4669     0.00000     0.1969E+02     2.000     7   7.1335
     4670     0.00000     0.6039E+01     2.000     6   7.1338
     4671     0.00000     0.4585E+01     2.000     6   7.1345
     4672     0.00000     0.9846E+01     2.000     7   7.1344
     4673     0.00000     0.1440E+02     2.000     7   7.1343
     4674     0.00000     0.8266E+01     2.000     6   7.1348
     4675     0.00000     0.6458E+01     2.000     7   7.1348
     4677     0.00000     0.2773E+02     2.000     7   7.1376
     4678     0.00000     0.2348E+02     2.000     7   7.1376
     4679     0.00000     0.4849E+01     2.000     7   7.1381
     4681     0.00000     0.3809E+01     2.000     7   7.1386
     4683     0.00000     0.3493E+02     2.000     7   7.1385
     4685     0.00000     0.3740E+01     2.000     5   7.1398
     4686     0.00000     0.1019E+02     2.000     7   7.1396
     4687     0.00000     0.6924E+01     2.000     7   7.1396
     4688     0.00000     0.6088E+01     2.000     7   7.1398
     4689     0.00000     0.1209E+02     2.000     7   7.1402
     4690     0.00000     0.1841E+02     2.000     7   7.1404
     4691     0.00000     0.1181E+02     2.000     7   7.1411
     4692     0.00000     0.5646E+01     2.000     7   7.1411
     4693     0.00000     0.6262E+01     2.000     6   7.1416
     4694     0.00000     0.6252E+01     2.000     6   7.1416
     4696     0.00000     0.5556E+01     2.000     7   7.1414
     4697     0.00000     0.7062E+01     2.000     6   7.1419
     4698     0.00000     0.7455E+01     2.000     6   7.1419
     4699     0.00000     0.8213E+01     2.000     6   7.1419
     4700     0.00000     0.9668E+01     2.000     7   7.1423
     4701     0.00000     0.9914E+01     2.000     7   7.1425
     4702     0.00000     0.5233E+01     2.000     7   7.1433
     4703     0.00000     0.4112E+01     2.000     5   7.1437
     4704     0.00000     0.1213E+02     2.000     5   7.1438
     4705     0.00000     0.5432E+01     2.000     6   7.1435
     4706     0.00000     0.3062E+01     2.000     7   7.1435
     4707     0.00000     0.3612E+01     2.000     7   7.1435
     4709     0.00000     0.4752E+01     2.000     7   7.1444
     4710     0.00000     0.7363E+01     2.000     7   7.1444
     4711     0.00000     0.8814E+01     2.000     7   7.1444
     4712     0.00000     0.4607E+01     2.000     5   7.1451
     4714     0.00000     0.3439E+01     2.000     7   7.1455
     4715     0.00000     0.1957E+02     2.000     7   7.1462
     4716     0.00000     0.2055E+02     2.000     7   7.1462
     4717     0.00000     0.8572E+01     2.000     7   7.1460
     4718     0.00000     0.1327E+02     2.000     7   7.1460
     4719     0.00000     0.7597E+01     2.000     7   7.1466
     4720     0.00000     0.6086E+01     2.000     7   7.1466
     4721     0.00000     0.4999E+01     2.000     7   7.1466
     4722     0.00000     0.4827E+01     2.000     5   7.1470
     4723     0.00000     0.5239E+01     2.000     6   7.1469
     4724     0.00000     0.2679E+02     2.000     6   7.1470
     4725     0.00000     0.1232E+02     2.000     7   7.1476
     4727     0.00000     0.6431E+01     2.000     7   7.1477
     4728     0.00000     0.7195E+01     2.000     7   7.1477
     4729     0.00000     0.4589E+01     2.000     7   7.1478
     4730     0.00000     0.4132E+01     2.000     5   7.1480
     4731     0.00000     0.6028E+01     2.000     7   7.1493
     4732     0.00000     0.3414E+01     2.000     7   7.1496
     4733     0.00000     0.8598E+01     2.000     6   7.1505
     4734     0.00000     0.2048E+02     2.000     7   7.1508
     4735     0.00000     0.1105E+02     2.000     7   7.1509
     4736     0.00000     0.6333E+01     2.000     5   7.1510
     4737     0.00000     0.7804E+01     2.000     6   7.1515
     4738     0.00000     0.9857E+01     2.000     6   7.1520
     4740     0.00000     0.2747E+01     2.000     7   7.1523
     4743     0.00000     0.8464E+01     2.000     7   7.1530
     4744     0.00000     0.2374E+02     2.000     7   7.1530
     4746     0.00000     0.1058E+02     2.000     6   7.1552
     4747     0.00000     0.2352E+02     2.000     7   7.1553
     4748     0.00000     0.1559E+02     2.000     6   7.1560
     4749     0.00000     0.1008E+02     2.000     7   7.1556
     4750     0.00000     0.1020E+02     2.000     7   7.1571
     4751     0.00000     0.7735E+01     2.000     7   7.1571
     4752     0.00000     0.5365E+01     2.000     7   7.1579
     4753     0.00000     0.5305E+01     2.000     6   7.1578
     4754     0.00000     0.3484E+01     2.000     7   7.1581
     4755     0.00000     0.9050E+01     1.000     6   7.1584
     4756     0.00000     0.3929E+01     2.000     7   7.1592
     4757     0.00000     0.8560E+01     2.000     7   7.1600
     4758     0.00000     0.1282E+02     2.000     7   7.1600
     4759     0.00000     0.6031E+01     2.000     6   7.1605
     4760     0.00000     0.8400E+01     2.000     7   7.1608
     4761     0.00000     0.6069E+01     2.000     6   7.1606
     4762     0.00000     0.5362E+01     2.000     7   7.1608
     4763     0.00000     0.6024E+01     2.000     7   7.1615
     4765     0.00000     0.1393E+02     2.000     7   7.1611
     4766     0.00000     0.4852E+01     2.000     7   7.1611
     4767     0.00000     0.1793E+02     2.000     7   7.1612
     4768     0.00000     0.3235E+02     2.000     7   7.1616
     4769     0.00000     0.4201E+02     2.000     7   7.1616
     4770     0.00000     0.2174E+02     2.000     7   7.1620
     4771     0.00000     0.2237E+02     2.000     7   7.1620
     4772     0.00000     0.4503E+01     2.000     7   7.1623
     4773     0.00000     0.1539E+02     2.000     7   7.1627
     4774     0.00000     0.4084E+01     2.000     5   7.1633
     4775     0.00000     0.3046E+01     2.000     5   7.1639
     4776     0.00000     0.1999E+02     2.000     7   7.1640
     4777     0.00000     0.1041E+02     2.000     7   7.1643
     4778     0.00000     0.2093E+02     2.000     7   7.1647
     4779     0.00000     0.9685E+01     2.000     7   7.1655
     4780     0.00000     0.1260E+02     2.000     7   7.1655
     4782     0.00000     0.4018E+01     2.000     6   7.1657
     4783     0.00000     0.6656E+01     2.000     7   7.1660
     4784     0.00000     0.8163E+01     2.000     7   7.1657
     4785     0.00000     0.3442E+01     2.000     6   7.1673
     4786     0.00000     0.1084E+02     2.000     7   7.1674
     4787     0.00000     0.7003E+01     2.000     7   7.1675
     4788     0.00000     0.1364E+02     2.000     7   7.1674
     4789     0.00000     0.1736E+02     2.000     7   7.1683
     4790     0.00000     0.1112E+02     2.000     7   7.1688
     4791     0.00000     0.1129E+02     2.000     6   7.1692
     4792     0.00000     0.5447E+01     2.000     7   7.1697
     4793     0.00000     0.8248E+01     2.000     7   7.1698
     4794     0.00000     0.7130E+01     2.000     6   7.1702
     4795     0.00000     0.1780E+02     2.000     7   7.1698
     4796     0.00000     0.8529E+01     2.000     7   7.1704
     4797     0.00000     0.5792E+01     2.000     7   7.1705
     4798     0.00000     0.2570E+02     2.000     7   7.1706
     4799     0.00000     0.2523E+02     2.000     7   7.1706
     4800     0.00000     0.1687E+02     2.000     5   7.1723
     4801     0.00000     0.6182E+01     2.000     7   7.1727
     4802     0.00000     0.6212E+01     2.000     7   7.1727
     4803     0.00000     0.4877E+01     2.000     7   7.1730
     4804     0.00000     0.5069E+01     2.000     7   7.1744
     4805     0.00000     0.7916E+01     2.000     7   7.1747
     4806     0.00000     0.9990E+01     2.000     7   7.1752
     4807     0.00000     0.4598E+01     2.000     7   7.1748
     4808     0.00000     0.1156E+02     2.000     7   7.1756
     4810     0.00000     0.6771E+01     2.000     6   7.1758
     4811     0.00000     0.6379E+01     2.000     7   7.1758
     4813     0.00000     0.3382E+01     2.000     6   7.1783
     4814     0.00000     0.5020E+01     2.000     6   7.1779
     4815     0.00000     0.1281E+02     2.000     7   7.1783
     4816     0.00000     0.5002E+01     2.000     7   7.1783
     4817     0.00000     0.7768E+01     2.000     7   7.1784
     4818     0.00000     0.6101E+01     2.000     7   7.1785
     4819     0.00000     0.6104E+01     2.000     7   7.1785
     4820     0.00000     0.8979E+01     2.000     7   7.1784
     4821     0.00000     0.1140E+02     2.000     7   7.1791
     4822     0.00000     0.1020E+02     2.000     7   7.1795
     4823     0.00000     0.3466E+01     2.000     7   7.1804
     4824     0.00000     0.5005E+01     2.000     7   7.1809
     4825     0.00000     0.2894E+01     2.000     7   7.1807
     4826     0.00000     0.9095E+01     2.000     7   7.1808
     4827     0.00000     0.1848E+02     2.000     7   7.1810
     4828     0.00000     0.6296E+01     2.000     7   7.1812
     4829     0.00000     0.2057E+02     2.000     7   7.1810
     4830     0.00000     0.1405E+02     2.000     7   7.1811
     4831     0.00000     0.2672E+01     2.000     7   7.1821
     4833     0.00000     0.7480E+01     2.000     7   7.1835
     4834     0.00000     0.9981E+01     2.000     7   7.1831
     4835     0.00000     0.7695E+01     2.000     7   7.1831
     4836     0.00000     0.5845E+01     2.000     5   7.1843
     4837     0.00000     0.2521E+02     2.000     7   7.1847
     4838     0.00000     0.6704E+01     2.000     7   7.1856
     4839     0.00000     0.2919E+01     2.000     6   7.1862
     4840     0.00000     0.2525E+02     2.000     6   7.1869
     4842     0.00000     0.3873E+01     2.000     6   7.1873
     4844     0.00000     0.9570E+01     2.000     7   7.1880
     4845     0.00000     0.2915E+01     2.000     7   7.1886
     4846     0.00000     0.4545E+01     2.000     6   7.1882
     4847     0.00000     0.7550E+01     2.000     7   7.1882
     4848     0.00000     0.8305E+01     2.000     7   7.1891
     4849     0.00000     0.5264E+01     2.000     4   7.1893
     4850     0.00000     0.4907E+01     2.000     6   7.1896
     4851     0.00000     0.4648E+01     2.000     6   7.1894
     4852     0.00000     0.3966E+01     2.000     7   7.1891
     4853     0.00000     0.3924E+01     2.000     5   7.1905
     4854     0.00000     0.1143E+02     2.000     7   7.1905
     4855     0.00000     0.3186E+02     2.000     7   7.1902
     4856     0.00000     0.6162E+02     2.000     7   7.1902
     4859     0.00000     0.5499E+01     2.000     6   7.1918
     4860     0.00000     0.6106E+01     2.000     7   7.1926
     4861     0.00000     0.8367E+01     2.000     7   7.1923
     4863     0.00000     0.9336E+01     2.000     7   7.1928
     4864     0.00000     0.6155E+01     2.000     7   7.1927
     4865     0.00000     0.4620E+01     2.000     7   7.1932
     4866     0.00000     0.5682E+01     2.000     7   7.1935
     4867     0.00000     0.5024E+01     2.000     6   7.1937
     4868     0.00000     0.5884E+01     2.000     6   7.1944
     4869     0.00000     0.8024E+01     2.000     6   7.1945
     4870     0.00000     0.6078E+01     2.000     6   7.1943
     4871     0.00000     0.5574E+01     2.000     7   7.1946
     4872     0.00000     0.3510E+01     2.000     7   7.1952
     4873     0.00000     0.1072E+02     2.000     5   7.1959
     4874     0.00000     0.3399E+01     2.000     7   7.1960
     4875     0.00000     0.4471E+01     2.000     7   7.1966
     4876     0.00000     0.1074E+02     2.000     7   7.1967
     4877     0.00000     0.4579E+01     2.000     7   7.1965
     4878     0.00000     0.5575E+01     2.000     7   7.1963
     4879     0.00000     0.5565E+01     2.000     5   7.1976
     4880     0.00000     0.3024E+01     2.000     7   7.1980
     4881     0.00000     0.3353E+01     2.000     7   7.1981
     4882     0.00000     0.6660E+01     2.000     7   7.1981
     4883     0.00000     0.1906E+02     2.000     7   7.1984
     4884     0.00000     0.2734E+02     2.000     7   7.1984
     4885     0.00000     0.4703E+01     1.000     6   7.1989
     4886     0.00000     0.5155E+01     2.000     7   7.1988
     4887     0.00000     0.3159E+02     2.000     7   7.1992
     4889     0.00000     0.3737E+01     2.000     6   7.2004
     4890     0.00000     0.3440E+01     2.000     7   7.2006
     4891     0.00000     0.7972E+01     2.000     7   7.2019
     4892     0.00000     0.6794E+01     2.000     7   7.2023
     4893     0.00000     0.6297E+01     2.000     6   7.2022
     4894     0.00000     0.5365E+01     2.000     7   7.2028
     4895     0.00000     0.1107E+02     2.000     7   7.2038
     4896     0.00000     0.3423E+01     2.000     7   7.2041
     4897     0.00000     0.4116E+01     2.000     7   7.2042
     4898     0.00000     0.2955E+01     2.000     7   7.2042
     4900     0.00000     0.1184E+02     2.000     7   7.2051
     4901     0.00000     0.3456E+01     2.000     7   7.2052
     4902     0.00000     0.7830E+01     2.000     7   7.2057
     4904     0.00000     0.2038E+02     2.000     7   7.2069
     4905     0.00000     0.2734E+02     2.000     6   7.2073
     4906     0.00000     0.6347E+01     2.000     7   7.2072
     4907     0.00000     0.3784E+01     2.000     5   7.2077
     4908     0.00000     0.3531E+01     2.000     7   7.2090
     4909     0.00000     0.4690E+01     2.000     4   7.2093
     4910     0.00000     0.4970E+01     2.000     7   7.2091
     4911     0.00000     0.1549E+02     2.000     6   7.2104
     4912     0.00000     0.1714E+02     2.000     7   7.2109
     4913     0.00000     0.1118E+02     2.000     7   7.2108
     4914     0.00000     0.1075E+02     2.000     5   7.2114
     4915     0.00000     0.5119E+01     2.000     7   7.2113
     4916     0.00000     0.1299E+02     2.000     6   7.2116
     4917     0.00000     0.5255E+01     2.000     7   7.2119
     4918     0.00000     0.6296E+01     2.000     7   7.2118
     4919     0.00000     0.1430E+02     2.000     7   7.2115
     4920     0.00000     0.2756E+02     2.000     7   7.2115
     4921     0.00000     0.6086E+01     2.000     6   7.2122
     4922     0.00000     0.5409E+01     2.000     5   7.2129
     4924     0.00000     0.7625E+01     2.000     7   7.2132
     4925     0.00000     0.3350E+01     2.000     7   7.2133
     4926     0.00000     0.3604E+02     2.000     7   7.2137
     4927     0.00000     0.1673E+02     2.000     7   7.2142
     4929     0.00000     0.1808E+02     1.000     6   7.2155
     4930     0.00000     0.8774E+01     2.000     7   7.2155
     4931     0.00000     0.3824E+01     2.000     7   7.2158
     4932     0.00000     0.4790E+01     2.000     6   7.2180
     4934     0.00000     0.6072E+01     2.000     7   7.2177
     4935     0.00000     0.4063E+01     2.000     6   7.2201
     4936     0.00000     0.4503E+01     2.000     7   7.2200
     4937     0.00000     0.1477E+02     2.000     6   7.2206
     4938     0.00000     0.1074E+02     2.000     7   7.2203
     4940     0.00000     0.1487E+02     2.000     7   7.2219
     4941     0.00000     0.4151E+02     2.000     7   7.2219
     4942     0.00000     0.5184E+01     2.000     7   7.2224
     4943     0.00000     0.1997E+02     2.000     7   7.2227
     4944     0.00000     0.1544E+02     2.000     7   7.2227
     4945     0.00000     0.2030E+02     2.000     7   7.2227
     4946     0.00000     0.7368E+01     2.000     7   7.2232
     4947     0.00000     0.1025E+02     2.000     7   7.2231
     4948     0.00000     0.1018E+02     2.000     7   7.2231
     4949     0.00000     0.3851E+01     2.000     7   7.2230
     4950     0.00000     0.4862E+01     2.000     5   7.2239
     4951     0.00000     0.1997E+02     2.000     7   7.2244
     4952     0.00000     0.6014E+01     2.000     7   7.2244
     4953     0.00000     0.1140E+02     2.000     7   7.2245
     4954     0.00000     0.1209E+02     2.000     7   7.2244
     4955     0.00000     0.7646E+01     2.000     7   7.2246
     4956     0.00000     0.4483E+01     2.000     5   7.2251
     4957     0.00000     0.1926E+02     2.000     7   7.2251
     4959     0.00000     0.2235E+02     2.000     7   7.2262
     4960     0.00000     0.2079E+02     2.000     7   7.2262
     4961     0.00000     0.4114E+01     2.000     7   7.2268
     4962     0.00000     0.3621E+01     2.000     7   7.2266
     4963     0.00000     0.7723E+01     2.000     7   7.2267
     4964     0.00000     0.5335E+01     2.000     7   7.2268
     4965     0.00000     0.4758E+01     2.000     7   7.2275
     4966     0.00000     0.8772E+01     2.000     6   7.2275
     4967     0.00000     0.9113E+01     2.000     7   7.2273
     4968     0.00000     0.8746E+01     2.000     7   7.2273
     4969     0.00000     0.6840E+01     2.000     6   7.2283
     4970     0.00000     0.1857E+02     2.000     7   7.2280
     4971     0.00000     0.3067E+02     2.000     7   7.2280
     4972     0.00000     0.6276E+01     2.000     7   7.2285
     4973     0.00000     0.3098E+01     2.000     7   7.2292
     4974     0.00000     0.5069E+01     2.000     7   7.2293
     4975     0.00000     0.3493E+01     2.000     7   7.2290
     4976     0.00000     0.1503E+02     2.000     7   7.2296
     4977     0.00000     0.5565E+01     2.000     7   7.2296
     4979     0.00000     0.1138E+02     2.000     7   7.2299
     4981     0.00000     0.1516E+02     2.000     7   7.2304
     4982     0.00000     0.9813E+01     2.000     7   7.2306
     4983     0.00000     0.6875E+01     2.000     7   7.2305
     4984     0.00000     0.1134E+02     2.000     7   7.2309
     4985     0.00000     0.3859E+01     2.000     7   7.2319
     4986     0.00000     0.7723E+01     2.000     7   7.2317
     4987     0.00000     0.8541E+01     2.000     7   7.2321
     4988     0.00000     0.1003E+02     2.000     6   7.2326
     4989     0.00000     0.3979E+01     2.000     7   7.2331
     4990     0.00000     0.5644E+01     2.000     7   7.2329
     4991     0.00000     0.5351E+01     2.000     7   7.2336
     4993     0.00000     0.1028E+02     2.000     7   7.2348
     4994     0.00000     0.1453E+02     2.000     7   7.2349
     4995     0.00000     0.6464E+01     2.000     6   7.2353
     4996     0.00000     0.1534E+02     2.000     7   7.2352
     4997     0.00000     0.2390E+02     2.000     7   7.2352
     4998     0.00000     0.5231E+01     2.000     7   7.2358
     4999     0.00000     0.3743E+01     2.000     7   7.2359
     5000     0.00000     0.4629E+01     2.000     5   7.2364
     5001     0.00000     0.2994E+01     2.000     6   7.2361
     5002     0.00000     0.1076E+02     2.000     7   7.2362
     5003     0.00000     0.5610E+01     2.000     7   7.2369
     5005     0.00000     0.6797E+01     2.000     7   7.2373
     5007     0.00000     0.3162E+01     2.000     6   7.2382
     5008     0.00000     0.2275E+02     2.000     6   7.2390
     5009     0.00000     0.4819E+01     2.000     7   7.2389
     5010     0.00000     0.6016E+01     2.000     7   7.2403
     5011     0.00000     0.1298E+02     2.000     7   7.2413
     5012     0.00000     0.1644E+02     2.000     7   7.2413
     5014     0.00000     0.9999E+01     2.000     7   7.2412
     5015     0.00000     0.2402E+02     2.000     7   7.2416
     5016     0.00000     0.3125E+01     2.000     6   7.2422
     5018     0.00000     0.4811E+01     2.000     7   7.2430
     5019     0.00000     0.4858E+01     2.000     7   7.2441
     5020     0.00000     0.3733E+01     2.000     7   7.2440
     5021     0.00000     0.3841E+01     2.000     7   7.2440
     5022     0.00000     0.3972E+01     2.000     7   7.2443
     5024     0.00000     0.1346E+02     2.000     7   7.2453
     5025     0.00000     0.5236E+01     2.000     7   7.2462
     5026     0.00000     0.4558E+01     2.000     7   7.2465
     5027     0.00000     0.3062E+01     2.000     6   7.2469
     5028     0.00000     0.4544E+01     2.000     7   7.2469
     5029     0.00000     0.3233E+01     2.000     5   7.2472
     5030     0.00000     0.7805E+01     2.000     7   7.2474
     5032     0.00000     0.9045E+01     2.000     6   7.2478
     5033     0.00000     0.4814E+01     2.000     6   7.2487
     5034     0.00000     0.2913E+01     2.000     5   7.2494
     5035     0.00000     0.1539E+02     2.000     7   7.2505
     5036     0.00000     0.6245E+02     2.000     7   7.2505
     5038     0.00000     0.7251E+01     2.000     6   7.2510
     5039     0.00000     0.1162E+02     2.000     7   7.2509
     5040     0.00000     0.1339E+02     2.000     7   7.2509
     5041     0.00000     0.1134E+02     2.000     7   7.2509
     5042     0.00000     0.1524E+02     2.000     7   7.2513
     5043     0.00000     0.1189E+02     2.000     7   7.2513
     5044     0.00000     0.1571E+02     2.000     7   7.2513
     5045     0.00000     0.1090E+02     2.000     7   7.2514
     5046     0.00000     0.3415E+01     2.000     5   7.2521
     5047     0.00000     0.1134E+02     2.000     7   7.2535
     5048     0.00000     0.7854E+01     2.000     7   7.2534
     5049     0.00000     0.1600E+02     2.000     7   7.2535
     5051     0.00000     0.1313E+02     2.000     7   7.2546
     5052     0.00000     0.6451E+01     2.000     7   7.2544
     5053     0.00000     0.3949E+01     2.000     6   7.2551
     5054     0.00000     0.2039E+02     2.000     7   7.2548
     5055     0.00000     0.2181E+02     2.000     7   7.2548
     5056     0.00000     0.2662E+02     2.000     7   7.2548
     5058     0.00000     0.3768E+01     1.000     6   7.2560
     5059     0.00000     0.4508E+01     2.000     7   7.2560
     5060     0.00000     0.8308E+01     2.000     7   7.2559
     5061     0.00000     0.9328E+01     2.000     6   7.2569
     5062     0.00000     0.2894E+01     2.000     6   7.2573
     5063     0.00000     0.5967E+01     2.000     7   7.2578
     5064     0.00000     0.4957E+01     2.000     6   7.2580
     5065     0.00000     0.9553E+01     2.000     7   7.2578
     5066     0.00000     0.3739E+01     2.000     7   7.2587
     5067     0.00000     0.4129E+01     2.000     7   7.2593
     5068     0.00000     0.2722E+01     2.000     7   7.2597
     5069     0.00000     0.7367E+01     2.000     7   7.2606
     5070     0.00000     0.7470E+01     2.000     7   7.2605
     5071     0.00000     0.4674E+01     2.000     7   7.2612
     5073     0.00000     0.4193E+01     2.000     7   7.2616
     5075     0.00000     0.7057E+01     2.000     7   7.2622
     5076     0.00000     0.5056E+01     2.000     6   7.2626
     5077     0.00000     0.7518E+01     1.000     6   7.2625
     5078     0.00000     0.1439E+02     2.000     7   7.2624
     5080     0.00000     0.8425E+01     2.000     7   7.2632
     5081     0.00000     0.3359E+01     2.000     7   7.2634
     5082     0.00000     0.2890E+02     2.000     7   7.2638
     5083     0.00000     0.4833E+01     2.000     7   7.2640
     5084     0.00000     0.1054E+02     2.000     7   7.2649
     5085     0.00000     0.1313E+02     2.000     7   7.2658
     5086     0.00000     0.1601E+02     2.000     7   7.2658
     5087     0.00000     0.2881E+01     2.000     5   7.2666
     5088     0.00000     0.1063E+02     2.000     7   7.2669
     5089     0.00000     0.3210E+01     2.000     6   7.2673
     5090     0.00000     0.8962E+01     2.000     7   7.2672
     5091     0.00000     0.1656E+02     2.000     7   7.2680
     5092     0.00000     0.2377E+02     2.000     6   7.2680
     5094     0.00000     0.3221E+01     2.000     7   7.2686
     5095     0.00000     0.8587E+01     2.000     7   7.2692
     5096     0.00000     0.3526E+01     2.000     6   7.2696
     5098     0.00000     0.3550E+01     2.000     7   7.2710
     5099     0.00000     0.1038E+02     2.000     7   7.2710
     5100     0.00000     0.4902E+01     2.000     6   7.2711
     5101     0.00000     0.4266E+01     2.000     7   7.2712
     5102     0.00000     0.5393E+01     2.000     7   7.2711
     5103     0.00000     0.1464E+02     2.000     7   7.2715
     5104     0.00000     0.1179E+02     2.000     7   7.2715
     5105     0.00000     0.4489E+01     2.000     7   7.2719
     5106     0.00000     0.3364E+01     2.000     7   7.2719
     5107     0.00000     0.1353E+02     2.000     7   7.2729
     5108     0.00000     0.3813E+01     2.000     7   7.2738
     5109     0.00000     0.7722E+01     2.000     7   7.2737
     5110     0.00000     0.4046E+02     2.000     7   7.2740
     5111     0.00000     0.4898E+01     2.000     7   7.2739
     5112     0.00000     0.4074E+01     2.000     7   7.2751
     5113     0.00000     0.6676E+01     2.000     7   7.2754
     5114     0.00000     0.2796E+01     2.000     7   7.2757
     5116     0.00000     0.3686E+01     2.000     7   7.2778
     5117     0.00000     0.8704E+01     2.000     7   7.2777
     5118     0.00000     0.3805E+01     2.000     7   7.2778
     5119     0.00000     0.8322E+01     2.000     7   7.2784
     5120     0.00000     0.1722E+02     2.000     7   7.2783
     5121     0.00000     0.3559E+01     2.000     6   7.2788
     5122     0.00000     0.6726E+01     2.000     6   7.2795
     5123     0.00000     0.4637E+01     2.000     7   7.2796
     5124     0.00000     0.4155E+01     2.000     7   7.2800
     5125     0.00000     0.8039E+01     2.000     7   7.2805
     5126     0.00000     0.4098E+01     2.000     5   7.2816
     5127     0.00000     0.3292E+01     2.000     7   7.2813
     5128     0.00000     0.9511E+01     2.000     7   7.2823
     5130     0.00000     0.7307E+01     2.000     7   7.2826
     5131     0.00000     0.3045E+01     2.000     7   7.2827
     5132     0.00000     0.3735E+02     2.000     7   7.2826
     5134     0.00000     0.3986E+01     2.000     7   7.2829
     5135     0.00000     0.5308E+01     2.000     7   7.2837
     5136     0.00000     0.4495E+01     2.000     7   7.2842
     5137     0.00000     0.1389E+02     2.000     7   7.2847
     5138     0.00000     0.9162E+01     2.000     7   7.2846
     5139     0.00000     0.6352E+01     2.000     7   7.2845
     5140     0.00000     0.4779E+01     2.000     7   7.2845
     5141     0.00000     0.6870E+01     2.000     7   7.2849
     5142     0.00000     0.5242E+01     2.000     7   7.2857
     5143     0.00000     0.9251E+01     2.000     7   7.2857
     5144     0.00000     0.3076E+01     2.000     5   7.2859
     5145     0.00000     0.3577E+01     2.000     7   7.2859
     5146     0.00000     0.5210E+01     2.000     7   7.2863
     5147     0.00000     0.4981E+01     2.000     7   7.2863
     5148     0.00000     0.4708E+01     2.000     7   7.2869
     5149     0.00000     0.1130E+02     2.000     7   7.2873
     5150     0.00000     0.1935E+02     2.000     7   7.2873
     5151     0.00000     0.3043E+01     2.000     7   7.2873
     5152     0.00000     0.2863E+01     2.000     6   7.2879
     5153     0.00000     0.2966E+01     2.000     7   7.2882
     5154     0.00000     0.7222E+01     2.000     7   7.2881
     5155     0.00000     0.6467E+01     2.000     7   7.2884
     5156     0.00000     0.8790E+01     2.000     7   7.2886
     5157     0.00000     0.7346E+01     2.000     7   7.2891
     5158     0.00000     0.3181E+01     2.000     7   7.2891
     5159     0.00000     0.5132E+01     2.000     7   7.2894
     5160     0.00000     0.7890E+01     2.000     7   7.2899
     5161     0.00000     0.3028E+01     2.000     5   7.2903
     5162     0.00000     0.5008E+01     2.000     7   7.2905
     5163     0.00000     0.1249E+02     2.000     7   7.2910
     5164     0.00000     0.3367E+01     2.000     7   7.2927
     5165     0.00000     0.7554E+01     2.000     6   7.2933
     5166     0.00000     0.3114E+01     2.000     5   7.2937
     5167     0.00000     0.3703E+01     2.000     7   7.2939
     5168     0.00000     0.5257E+01     2.000     6   7.2943
     5169     0.00000     0.4230E+01     2.000     7   7.2942
     5170     0.00000     0.6392E+01     2.000     7   7.2942
     5171     0.00000     0.5286E+01     2.000     6   7.2949
     5172     0.00000     0.4971E+01     2.000     7   7.2948
     5173     0.00000     0.4897E+01     2.000     7   7.2948
     5174     0.00000     0.3076E+01     2.000     7   7.2949
     5175     0.00000     0.3216E+01     2.000     7   7.2955
     5176     0.00000     0.3731E+01     1.000     6   7.2961
     5177     0.00000     0.3221E+01     2.000     7   7.2972
     5178     0.00000     0.5180E+01     2.000     7   7.2972
     5179     0.00000     0.9550E+01     2.000     7   7.2978
     5180     0.00000     0.8576E+01     2.000     7   7.2978
     5181     0.00000     0.5877E+01     2.000     6   7.2984
     5182     0.00000     0.4474E+01     2.000     7   7.2981
     5183     0.00000     0.3290E+01     2.000     6   7.2992
     5184     0.00000     0.3571E+01     2.000     6   7.2990
     5185     0.00000     0.3244E+01     2.000     7   7.2994
     5186     0.00000     0.5103E+01     2.000     6   7.3003
     5187     0.00000     0.7085E+01     2.000     7   7.3005
     5188     0.00000     0.1865E+02     2.000     7   7.3001
     5189     0.00000     0.1722E+02     2.000     7   7.3001
     5190     0.00000     0.1061E+02     2.000     7   7.3008
     5193     0.00000     0.1362E+02     2.000     7   7.3017
     5194     0.00000     0.1244E+02     2.000     7   7.3017
     5195     0.00000     0.9959E+01     2.000     7   7.3023
     5196     0.00000     0.3089E+01     1.000     6   7.3031
     5197     0.00000     0.4531E+01     2.000     7   7.3034
     5198     0.00000     0.6662E+01     2.000     6   7.3035
     5200     0.00000     0.3012E+01     2.000     7   7.3034
     5201     0.00000     0.5368E+01     2.000     7   7.3046
     5202     0.00000     0.5128E+01     2.000     7   7.3046
     5203     0.00000     0.3537E+01     2.000     7   7.3050
     5204     0.00000     0.7538E+01     2.000     6   7.3054
     5206     0.00000     0.6577E+01     2.000     7   7.3062
     5207     0.00000     0.1065E+02     2.000     7   7.3063
     5208     0.00000     0.2953E+01     2.000     6   7.3067
     5209     0.00000     0.7285E+01     2.000     6   7.3067
     5210     0.00000     0.4222E+01     2.000     7   7.3075
     5211     0.00000     0.4035E+01     2.000     7   7.3078
     5212     0.00000     0.1016E+02     2.000     6   7.3085
     5213     0.00000     0.6808E+01     2.000     6   7.3094
     5214     0.00000     0.6890E+01     2.000     7   7.3105
     5215     0.00000     0.4449E+01     2.000     5   7.3108
     5216     0.00000     0.1129E+02     2.000     7   7.3111
     5217     0.00000     0.9782E+01     2.000     7   7.3111
     5218     0.00000     0.1529E+02     2.000     7   7.3116
     5219     0.00000     0.5310E+02     2.000     7   7.3112
     5221     0.00000     0.3177E+01     2.000     6   7.3119
     5222     0.00000     0.2757E+01     2.000     7   7.3127
     5223     0.00000     0.4223E+01     2.000     7   7.3137
     5224     0.00000     0.6502E+01     2.000     7   7.3138
     5226     0.00000     0.2885E+01     2.000     4   7.3147
     5227     0.00000     0.1199E+02     2.000     7   7.3145
     5228     0.00000     0.5504E+01     2.000     7   7.3148
     5230     0.00000     0.3612E+01     2.000     5   7.3186
     5231     0.00000     0.4238E+01     2.000     6   7.3192
     5233     0.00000     0.5727E+01     2.000     7   7.3194
     5234     0.00000     0.3729E+01     2.000     5   7.3207
     5235     0.00000     0.3755E+01     2.000     5   7.3207
     5236     0.00000     0.8191E+01     2.000     6   7.3207
     5238     0.00000     0.9306E+01     2.000     7   7.3206
     5239     0.00000     0.1147E+02     2.000     7   7.3207
     5240     0.00000     0.4455E+01     2.000     6   7.3217
     5241     0.00000     0.5598E+01     2.000     7   7.3216
     5243     0.00000     0.4375E+01     2.000     7   7.3221
     5244     0.00000     0.9274E+01     2.000     6   7.3228
     5245     0.00000     0.1680E+02     2.000     7   7.3231
     5246     0.00000     0.3354E+01     2.000     5   7.3238
     5247     0.00000     0.1261E+02     2.000     7   7.3236
     5248     0.00000     0.1036E+02     2.000     7   7.3234
     5249     0.00000     0.2733E+01     2.000     6   7.3242
     5250     0.00000     0.4418E+01     2.000     7   7.3240
     5251     0.00000     0.2792E+01     2.000     7   7.3244
     5252     0.00000     0.6012E+01     2.000     7   7.3257
     5253     0.00000     0.4738E+01     2.000     7   7.3264
     5254     0.00000     0.2734E+01     2.000     6   7.3269
     5255     0.00000     0.9019E+01     2.000     7   7.3270
     5256     0.00000     0.3191E+01     2.000     6   7.3280
     5257     0.00000     0.2856E+01     2.000     6   7.3284
     5258     0.00000     0.5436E+01     2.000     6   7.3287
     5259     0.00000     0.3044E+01     2.000     6   7.3285
     5260     0.00000     0.2988E+01     2.000     7   7.3286
     5261     0.00000     0.3179E+01     2.000     6   7.3295
     5262     0.00000     0.4461E+01     2.000     7   7.3299
     5263     0.00000     0.4892E+01     2.000     6   7.3299
     5264     0.00000     0.2799E+01     2.000     5   7.3301
     5265     0.00000     0.6875E+01     2.000     7   7.3304
     5267     0.00000     0.5102E+01     2.000     7   7.3318
     5268     0.00000     0.3486E+01     2.000     7   7.3317
     5269     0.00000     0.1153E+02     2.000     7   7.3317
     5270     0.00000     0.3490E+01     2.000     6   7.3323
     5271     0.00000     0.1414E+02     2.000     6   7.3326
     5272     0.00000     0.1063E+02     2.000     7   7.3325
     5273     0.00000     0.3437E+01     2.000     7   7.3327
     5274     0.00000     0.3051E+01     2.000     7   7.3325
     5275     0.00000     0.4986E+01     2.000     6   7.3339
     5276     0.00000     0.1720E+02     2.000     7   7.3335
     5277     0.00000     0.3448E+01     2.000     7   7.3340
     5278     0.00000     0.6414E+01     2.000     7   7.3342
     5279     0.00000     0.2857E+01     2.000     5   7.3349
     5280     0.00000     0.3286E+02     2.000     7   7.3347
     5281     0.00000     0.3182E+01     2.000     4   7.3353
     5282     0.00000     0.3930E+01     2.000     7   7.3350
     5284     0.00000     0.3901E+01     2.000     7   7.3350
     5285     0.00000     0.3211E+01     2.000     6   7.3357
     5286     0.00000     0.3327E+02     2.000     7   7.3359
     5287     0.00000     0.7013E+01     2.000     7   7.3355
     5288     0.00000     0.4148E+01     2.000     7   7.3362
     5289     0.00000     0.4082E+01     2.000     7   7.3367
     5290     0.00000     0.3714E+01     2.000     7   7.3378
     5291     0.00000     0.1073E+02     2.000     7   7.3376
     5292     0.00000     0.5277E+01     2.000     6   7.3382
     5293     0.00000     0.4147E+01     2.000     7   7.3385
     5294     0.00000     0.7616E+01     2.000     7   7.3383
     5295     0.00000     0.4392E+01     2.000     7   7.3385
     5296     0.00000     0.5073E+01     2.000     6   7.3386
     5297     0.00000     0.4137E+01     2.000     7   7.3389
     5298     0.00000     0.3669E+01     2.000     7   7.3393
     5299     0.00000     0.5578E+01     2.000     6   7.3400
     5300     0.00000     0.4444E+01     2.000     7   7.3399
     5301     0.00000     0.4971E+01     2.000     6   7.3401
     5304     0.00000     0.3251E+01     2.000     6   7.3412
     5305     0.00000     0.2852E+01     2.000     7   7.3413
     5306     0.00000     0.4387E+01     2.000     7   7.3418
     5308     0.00000     0.1322E+02     2.000     7   7.3421
     5310     0.00000     0.5772E+01     2.000     7   7.3426
     5311     0.00000     0.3155E+01     2.000     7   7.3435
     5312     0.00000     0.4536E+01     2.000     7   7.3440
     5313     0.00000     0.9271E+01     2.000     7   7.3448
     5314     0.00000     0.3038E+02     2.000     7   7.3449
     5315     0.00000     0.6297E+01     2.000     7   7.3454
     5316     0.00000     0.5823E+01     2.000     6   7.3459
     5318     0.00000     0.2789E+01     2.000     7   7.3465
     5319     0.00000     0.7258E+01     2.000     7   7.3466
     5321     0.00000     0.8100E+01     2.000     6   7.3471
     5322     0.00000     0.2217E+02     2.000     7   7.3472
     5323     0.00000     0.4083E+01     2.000     7   7.3478
     5324     0.00000     0.2743E+01     2.000     7   7.3478
     5325     0.00000     0.4210E+01     2.000     7   7.3477
     5327     0.00000     0.4495E+01     2.000     6   7.3492
     5328     0.00000     0.4507E+01     2.000     7   7.3492
     5329     0.00000     0.3934E+01     2.000     5   7.3497
     5331     0.00000     0.1151E+02     2.000     7   7.3496
     5332     0.00000     0.5029E+01     2.000     7   7.3503
     5333     0.00000     0.4995E+01     2.000     6   7.3507
     5334     0.00000     0.1545E+02     2.000     7   7.3517
     5335     0.00000     0.5449E+01     2.000     6   7.3522
     5336     0.00000     0.6015E+01     2.000     7   7.3526
     5337     0.00000     0.3871E+01     2.000     7   7.3546
     5338     0.00000     0.7642E+01     2.000     7   7.3550
     5339     0.00000     0.6221E+01     2.000     6   7.3560
     5340     0.00000     0.3973E+01     2.000     6   7.3570
     5341     0.00000     0.4776E+01     2.000     6   7.3570
     5342     0.00000     0.3204E+01     2.000     6   7.3572
     5345     0.00000     0.7800E+01     2.000     7   7.3581
     5346     0.00000     0.5777E+01     2.000     7   7.3581
     5347     0.00000     0.4488E+01     2.000     6   7.3588
     5348     0.00000     0.5205E+01     2.000     7   7.3592
     5350     0.00000     0.3119E+01     2.000     7   7.3611
     5352     0.00000     0.2800E+01     2.000     4   7.3621
     5353     0.00000     0.3855E+01     2.000     7   7.3627
     5354     0.00000     0.3306E+01     2.000     4   7.3625
     5355     0.00000     0.4906E+01     2.000     6   7.3625
     5356     0.00000     0.3242E+01     2.000     6   7.3624
     5357     0.00000     0.5173E+01     2.000     7   7.3630
     5358     0.00000     0.8228E+01     2.000     7   7.3640
     5359     0.00000     0.4578E+01     2.000     7   7.3638
     5362     0.00000     0.6153E+01     2.000     6   7.3661
     5363     0.00000     0.2754E+01     2.000     6   7.3659
     5365     0.00000     0.3113E+01     2.000     7   7.3677
     5366     0.00000     0.4735E+01     2.000     7   7.3677
     5367     0.00000     0.3129E+01     2.000     7   7.3681
     5368     0.00000     0.4639E+01     2.000     7   7.3696
     5369     0.00000     0.4880E+01     2.000     6   7.3702
     5370     0.00000     0.3318E+01     2.000     7   7.3705
     5372     0.00000     0.6631E+01     2.000     7   7.3713
     5373     0.00000     0.9014E+01     2.000     7   7.3715
     5374     0.00000     0.9318E+01     2.000     7   7.3715
     5376     0.00000     0.3655E+01     2.000     7   7.3722
     5377     0.00000     0.1185E+02     2.000     7   7.3721
     5378     0.00000     0.7031E+01     2.000     6   7.3731
     5379     0.00000     0.7304E+01     2.000     7   7.3730
     5380     0.00000     0.6123E+01     2.000     7   7.3745
     5381     0.00000     0.4164E+01     2.000     7   7.3744
     5382     0.00000     0.6048E+01     2.000     7   7.3751
     5383     0.00000     0.1307E+02     2.000     7   7.3752
     5384     0.00000     0.3180E+02     2.000     7   7.3758
     5385     0.00000     0.5384E+01     2.000     7   7.3762
     5386     0.00000     0.5189E+01     2.000     7   7.3764
     5387     0.00000     0.1616E+02     2.000     7   7.3765
     5388     0.00000     0.7910E+01     2.000     7   7.3771
     5389     0.00000     0.5328E+01     2.000     7   7.3770
     5390     0.00000     0.1633E+02     2.000     7   7.3779
     5391     0.00000     0.6713E+01     2.000     7   7.3788
     5392     0.00000     0.5213E+01     2.000     7   7.3785
     5393     0.00000     0.5893E+01     2.000     6   7.3793
     5394     0.00000     0.1266E+02     2.000     7   7.3804
     5396     0.00000     0.4109E+01     2.000     5   7.3807
     5397     0.00000     0.3114E+01     2.000     6   7.3805
     5398     0.00000     0.2922E+01     2.000     6   7.3806
     5399     0.00000     0.8756E+01     2.000     7   7.3812
     5400     0.00000     0.5004E+01     2.000     7   7.3816
     5401     0.00000     0.1020E+02     2.000     7   7.3833
     5402     0.00000     0.9815E+01     2.000     7   7.3842
     5403     0.00000     0.9885E+01     2.000     7   7.3845
     5404     0.00000     0.2942E+01     2.000     7   7.3846
     5406     0.00000     0.7463E+01     2.000     7   7.3848
     5407     0.00000     0.3778E+01     2.000     7   7.3857
     5408     0.00000     0.5967E+01     2.000     7   7.3859
     5409     0.00000     0.4880E+01     2.000     6   7.3875
     5410     0.00000     0.8356E+01     2.000     7   7.3876
     5411     0.00000     0.1141E+02     2.000     7   7.3877
     5412     0.00000     0.3322E+01     2.000     5   7.3884
     5413     0.00000     0.1207E+02     2.000     7   7.3887
     5414     0.00000     0.8726E+01     2.000     7   7.3887
     5415     0.00000     0.4922E+01     2.000     6   7.3894
     5416     0.00000     0.8244E+01     2.000     6   7.3905
     5417     0.00000     0.9342E+01     2.000     7   7.3905
     5419     0.00000     0.3841E+01     2.000     6   7.3907
     5421     0.00000     0.4473E+01     2.000     6   7.3911
     5422     0.00000     0.1158E+02     2.000     7   7.3909
     5423     0.00000     0.8517E+01     2.000     7   7.3919
     5424     0.00000     0.7763E+01     2.000     7   7.3920
     5425     0.00000     0.1581E+02     2.000     7   7.3930
     5427     0.00000     0.5737E+01     2.000     7   7.3933
     5428     0.00000     0.6578E+01     2.000     7   7.3937
     5429     0.00000     0.2872E+01     2.000     7   7.3938
     5431     0.00000     0.5898E+01     2.000     7   7.3943
     5432     0.00000     0.4469E+01     2.000     7   7.3944
     5434     0.00000     0.8117E+01     2.000     7   7.3949
     5435     0.00000     0.7827E+01     2.000     7   7.3949
     5436     0.00000     0.3037E+01     2.000     4   7.3960
     5437     0.00000     0.5489E+01     2.000     7   7.3960
     5438     0.00000     0.5791E+01     2.000     6   7.3965
     5442     0.00000     0.5785E+01     2.000     7   7.3972
     5443     0.00000     0.2803E+01     2.000     7   7.3981
     5444     0.00000     0.2712E+01     2.000     7   7.3982
     5445     0.00000     0.4012E+01     2.000     7   7.3985
     5446     0.00000     0.5152E+01     2.000     7   7.3984
     5447     0.00000     0.1952E+02     2.000     7   7.3993
     5448     0.00000     0.1625E+02     2.000     7   7.3998
     5449     0.00000     0.4539E+01     2.000     7   7.4005
     5450     0.00000     0.4276E+01     2.000     7   7.4009
     5451     0.00000     0.1004E+02     2.000     7   7.4010
     5452     0.00000     0.6241E+01     2.000     7   7.4013
     5453     0.00000     0.3514E+01     2.000     6   7.4017
     5454     0.00000     0.4880E+01     2.000     7   7.4021
     5455     0.00000     0.5010E+01     2.000     7   7.4023
     5456     0.00000     0.4722E+01     2.000     7   7.4032
     5457     0.00000     0.7360E+01     2.000     7   7.4032
     5458     0.00000     0.5023E+01     2.000     7   7.4033
     5459     0.00000     0.6088E+01     2.000     7   7.4032
     5460     0.00000     0.3015E+01     2.000     6   7.4039
     5462     0.00000     0.7787E+01     2.000     7   7.4043
     5463     0.00000     0.7017E+01     2.000     7   7.4043
     5464     0.00000     0.3250E+01     2.000     7   7.4051
     5465     0.00000     0.2817E+01     2.000     7   7.4057
     5466     0.00000     0.1034E+02     2.000     7   7.4056
     5467     0.00000     0.6709E+01     2.000     7   7.4056
     5468     0.00000     0.7039E+01     2.000     7   7.4053
     5469     0.00000     0.5685E+01     2.000     7   7.4053
     5470     0.00000     0.6458E+01     2.000     7   7.4055
     5471     0.00000     0.4522E+01     2.000     7   7.4064
     5472     0.00000     0.6225E+01     2.000     7   7.4072
     5473     0.00000     0.3515E+01     2.000     6   7.4075
     5474     0.00000     0.2756E+01     2.000     7   7.4088
     5475     0.00000     0.5557E+01     2.000     7   7.4093
     5476     0.00000     0.3075E+01     2.000     6   7.4095
     5477     0.00000     0.5987E+01     2.000     7   7.4097
     5478     0.00000     0.3638E+01     2.000     6   7.4101
     5479     0.00000     0.4369E+01     2.000     5   7.4104
     5480     0.00000     0.3631E+01     2.000     7   7.4104
     5481     0.00000     0.4357E+01     2.000     7   7.4107
     5482     0.00000     0.5059E+01     2.000     7   7.4105
     5483     0.00000     0.4928E+01     2.000     7   7.4105
     5484     0.00000     0.6153E+01     2.000     7   7.4112
     5485     0.00000     0.7805E+01     2.000     7   7.4110
     5486     0.00000     0.7082E+01     2.000     7   7.4110
     5487     0.00000     0.6938E+01     2.000     7   7.4109
     5488     0.00000     0.7332E+01     2.000     7   7.4109
     5489     0.00000     0.6052E+01     2.000     7   7.4119
     5490     0.00000     0.8395E+01     2.000     7   7.4127
     5491     0.00000     0.5155E+01     2.000     7   7.4127
     5492     0.00000     0.5336E+01     2.000     7   7.4127
     5493     0.00000     0.7975E+01     2.000     7   7.4127
     5495     0.00000     0.3985E+01     2.000     6   7.4149
     5497     0.00000     0.3289E+01     2.000     5   7.4155
     5498     0.00000     0.1039E+02     2.000     7   7.4163
     5500     0.00000     0.4922E+01     2.000     6   7.4179
     5501     0.00000     0.6165E+01     2.000     7   7.4184
     5502     0.00000     0.5877E+01     2.000     7   7.4184
     5503     0.00000     0.3621E+01     2.000     6   7.4187
     5505     0.00000     0.3604E+01     2.000     7   7.4199
     5506     0.00000     0.3003E+01     2.000     6   7.4204
     5507     0.00000     0.4441E+01     2.000     7   7.4210
     5508     0.00000     0.5600E+01     2.000     7   7.4224
     5509     0.00000     0.3159E+01     2.000     7   7.4235
     5510     0.00000     0.5441E+01     2.000     7   7.4247
     5513     0.00000     0.2899E+01     2.000     5   7.4255
     5514     0.00000     0.4719E+01     2.000     7   7.4257
     5515     0.00000     0.5417E+01     2.000     7   7.4263
     5516     0.00000     0.4166E+01     2.000     7   7.4262
     5517     0.00000     0.5998E+01     2.000     7   7.4268
     5518     0.00000     0.3758E+01     2.000     7   7.4275
     5519     0.00000     0.3430E+01     2.000     7   7.4285
     5520     0.00000     0.3522E+01     2.000     7   7.4289
     5521     0.00000     0.3519E+01     2.000     7   7.4289
     5522     0.00000     0.7349E+01     2.000     7   7.4291
     5523     0.00000     0.4644E+01     2.000     7   7.4291
     5525     0.00000     0.4761E+01     2.000     6   7.4310
     5526     0.00000     0.4173E+01     2.000     7   7.4315
     5527     0.00000     0.5808E+01     2.000     7   7.4333
     5528     0.00000     0.3593E+01     2.000     7   7.4335
     5530     0.00000     0.3394E+01     2.000     6   7.4340
     5531     0.00000     0.6953E+01     2.000     7   7.4348
     5532     0.00000     0.2808E+01     2.000     7   7.4360
     5533     0.00000     0.4495E+01     2.000     7   7.4358
     5535     0.00000     0.6131E+01     2.000     7   7.4367
     5536     0.00000     0.6372E+01     2.000     7   7.4369
     5537     0.00000     0.4034E+01     2.000     7   7.4367
     5538     0.00000     0.5296E+01     2.000     6   7.4381
     5539     0.00000     0.3612E+01     2.000     7   7.4381
     5540     0.00000     0.2728E+01     2.000     7   7.4390
     5541     0.00000     0.8918E+01     2.000     7   7.4398
     5542     0.00000     0.6482E+01     2.000     7   7.4407
     5543     0.00000     0.7008E+01     2.000     7   7.4407
     5544     0.00000     0.1153E+02     2.000     7   7.4410
     5545     0.00000     0.7696E+01     2.000     7   7.4413
     5546     0.00000     0.4653E+01     2.000     7   7.4420
     5547     0.00000     0.7313E+01     2.000     5   7.4433
     5548     0.00000     0.6432E+01     2.000     7   7.4435
     5549     0.00000     0.3104E+01     2.000     7   7.4435
     5550     0.00000     0.3028E+01     2.000     7   7.4435
     5551     0.00000     0.8198E+01     2.000     7   7.4435
     5552     0.00000     0.1427E+02     2.000     7   7.4443
     5553     0.00000     0.3548E+01     2.000     7   7.4459
     5554     0.00000     0.3737E+01     2.000     4   7.4465
     5555     0.00000     0.4463E+01     2.000     7   7.4475
     5556     0.00000     0.2796E+01     2.000     7   7.4477
     5557     0.00000     0.4300E+01     2.000     6   7.4482
     5558     0.00000     0.1273E+02     2.000     7   7.4479
     5559     0.00000     0.6502E+01     2.000     6   7.4487
     5560     0.00000     0.3215E+01     2.000     6   7.4483
     5562     0.00000     0.4803E+01     2.000     7   7.4497
     5563     0.00000     0.3133E+01     2.000     7   7.4503
     5565     0.00000     0.1144E+02     2.000     7   7.4513
     5566     0.00000     0.8440E+01     2.000     7   7.4517
     5568     0.00000     0.1492E+02     2.000     7   7.4519
     5569     0.00000     0.7886E+01     2.000     7   7.4526
     5570     0.00000     0.6400E+01     2.000     7   7.4527
     5571     0.00000     0.9573E+01     2.000     7   7.4533
     5572     0.00000     0.3767E+01     2.000     7   7.4530
     5573     0.00000     0.4044E+01     2.000     5   7.4535
     5575     0.00000     0.4513E+01     2.000     7   7.4540
     5576     0.00000     0.1048E+02     2.000     7   7.4540
     5577     0.00000     0.6546E+01     2.000     5   7.4556
     5578     0.00000     0.3166E+01     2.000     6   7.4557
     5579     0.00000     0.7181E+01     2.000     6   7.4557
     5582     0.00000     0.4386E+01     2.000     7   7.4563
     5583     0.00000     0.3864E+02     2.000     7   7.4569
     5584     0.00000     0.1023E+02     2.000     6   7.4579
     5585     0.00000     0.6487E+01     2.000     7   7.4582
     5587     0.00000     0.5427E+01     2.000     7   7.4589
     5588     0.00000     0.5097E+01     2.000     7   7.4589
     5589     0.00000     0.3857E+01     2.000     7   7.4592
     5590     0.00000     0.4618E+01     2.000     7   7.4592
     5591     0.00000     0.4833E+01     2.000     7   7.4592
     5593     0.00000     0.5914E+01     2.000     7   7.4613
     5594     0.00000     0.5484E+01     2.000     7   7.4613
     5595     0.00000     0.3558E+01     2.000     6   7.4616
     5596     0.00000     0.8477E+01     2.000     7   7.4619
     5597     0.00000     0.6455E+01     2.000     7   7.4632
     5598     0.00000     0.3265E+01     2.000     4   7.4641
     5599     0.00000     0.6462E+01     2.000     6   7.4640
     5601     0.00000     0.3030E+01     2.000     7   7.4643
     5602     0.00000     0.6040E+01     2.000     6   7.4647
     5603     0.00000     0.1340E+02     2.000     6   7.4650
     5604     0.00000     0.4469E+01     2.000     7   7.4651
     5605     0.00000     0.6576E+01     2.000     7   7.4652
     5607     0.00000     0.3486E+01     2.000     7   7.4672
     5608     0.00000     0.5535E+01     2.000     7   7.4670
     5609     0.00000     0.5881E+01     2.000     7   7.4679
     5610     0.00000     0.8919E+01     2.000     7   7.4683
     5611     0.00000     0.3245E+01     2.000     6   7.4688
     5613     0.00000     0.4619E+01     2.000     6   7.4701
     5614     0.00000     0.6644E+01     2.000     6   7.4704
     5615     0.00000     0.5648E+01     2.000     7   7.4702
     5616     0.00000     0.1069E+02     2.000     7   7.4703
     5617     0.00000     0.1253E+02     2.000     7   7.4713
     5619     0.00000     0.9464E+01     2.000     7   7.4716
     5621     0.00000     0.9574E+01     2.000     7   7.4730
     5622     0.00000     0.5867E+01     2.000     7   7.4730
     5623     0.00000     0.4493E+01     2.000     7   7.4738
     5624     0.00000     0.3764E+01     2.000     7   7.4743
     5625     0.00000     0.3707E+01     2.000     7   7.4743
     5626     0.00000     0.4688E+01     2.000     7   7.4751
     5627     0.00000     0.6809E+01     2.000     7   7.4765
     5628     0.00000     0.4337E+01     2.000     7   7.4765
     5629     0.00000     0.5502E+01     2.000     7   7.4768
     5630     0.00000     0.1177E+02     2.000     6   7.4773
     5631     0.00000     0.7563E+01     2.000     6   7.4772
     5632     0.00000     0.7918E+01     2.000     6   7.4785
     5633     0.00000     0.4079E+01     2.000     6   7.4781
     5635     0.00000     0.4264E+01     2.000     6   7.4787
     5636     0.00000     0.1995E+02     2.000     7   7.4795
     5638     0.00000     0.4054E+01     2.000     7   7.4806
     5639     0.00000     0.3799E+01     2.000     5   7.4821
     5640     0.00000     0.3430E+01     2.000     7   7.4818
     5641     0.00000     0.3670E+01     2.000     7   7.4824
     5642     0.00000     0.5956E+01     2.000     5   7.4826
     5643     0.00000     0.1233E+02     2.000     7   7.4821
     5644     0.00000     0.4765E+01     2.000     7   7.4825
     5645     0.00000     0.3055E+01     2.000     6   7.4829
     5646     0.00000     0.4492E+01     2.000     7   7.4843
     5648     0.00000     0.9950E+01     2.000     7   7.4850
     5649     0.00000     0.5231E+01     2.000     7   7.4854
     5650     0.00000     0.3817E+01     2.000     7   7.4853
     5651     0.00000     0.1580E+02     2.000     6   7.4864
     5652     0.00000     0.4663E+01     2.000     7   7.4864
     5653     0.00000     0.2886E+01     2.000     6   7.4870
     5655     0.00000     0.8570E+01     2.000     7   7.4867
     5656     0.00000     0.1282E+02     2.000     7   7.4871
     5657     0.00000     0.3124E+01     2.000     6   7.4876
     5658     0.00000     0.3618E+01     2.000     7   7.4893
     5659     0.00000     0.3796E+01     2.000     7   7.4893
     5660     0.00000     0.3734E+01     2.000     6   7.4898
     5661     0.00000     0.1144E+02     2.000     6   7.4906
     5664     0.00000     0.5076E+01     2.000     7   7.4930
     5665     0.00000     0.6053E+01     2.000     7   7.4938
     5666     0.00000     0.4675E+01     2.000     7   7.4941
     5667     0.00000     0.4400E+01     2.000     7   7.4938
     5668     0.00000     0.7601E+01     2.000     7   7.4938
     5672     0.00000     0.1474E+02     2.000     7   7.4970
     5673     0.00000     0.4958E+01     2.000     7   7.4974
     5674     0.00000     0.1593E+02     2.000     7   7.4974
     5675     0.00000     0.1452E+02     2.000     7   7.4981
     5676     0.00000     0.6860E+01     2.000     7   7.4980
     5677     0.00000     0.2687E+01     2.000     6   7.4989
     5678     0.00000     0.1759E+02     2.000     7   7.4989
     5679     0.00000     0.8680E+01     2.000     7   7.4997
     5680     0.00000     0.5014E+01     2.000     6   7.4998
     5681     0.00000     0.4365E+01     2.000     6   7.5002
     5682     0.00000     0.2765E+01     2.000     6   7.4999
     5683     0.00000     0.7268E+01     2.000     6   7.5008
     5684     0.00000     0.5582E+01     2.000     6   7.5021
     5685     0.00000     0.5032E+01     2.000     7   7.5027
     5686     0.00000     0.3552E+01     2.000     7   7.5038
     5687     0.00000     0.3703E+01     2.000     7   7.5038
     5688     0.00000     0.3011E+01     2.000     7   7.5041
     5689     0.00000     0.3075E+01     2.000     5   7.5040
     5691     0.00000     0.5250E+01     2.000     7   7.5045
     5692     0.00000     0.3254E+01     2.000     7   7.5051
     5693     0.00000     0.2767E+01     2.000     6   7.5056
     5694     0.00000     0.7675E+01     2.000     7   7.5056
     5695     0.00000     0.4262E+01     2.000     7   7.5066
     5697     0.00000     0.4195E+01     2.000     7   7.5066
     5698     0.00000     0.4806E+01     2.000     7   7.5069
     5699     0.00000     0.5368E+01     2.000     6   7.5070
     5700     0.00000     0.4832E+01     2.000     7   7.5076
     5703     0.00000     0.3023E+02     2.000     7   7.5081
     5704     0.00000     0.7229E+01     2.000     7   7.5094
     5705     0.00000     0.1077E+02     2.000     6   7.5100
     5706     0.00000     0.6674E+01     2.000     7   7.5106
     5707     0.00000     0.6875E+01     2.000     7   7.5111
     5708     0.00000     0.3659E+01     2.000     6   7.5121
     5709     0.00000     0.2064E+02     2.000     7   7.5123
     5710     0.00000     0.1333E+02     2.000     7   7.5122
     5711     0.00000     0.3353E+01     2.000     4   7.5127
     5712     0.00000     0.5557E+01     2.000     7   7.5129
     5713     0.00000     0.1473E+02     2.000     7   7.5136
     5714     0.00000     0.5322E+01     2.000     7   7.5143
     5715     0.00000     0.6893E+01     2.000     7   7.5143
     5716     0.00000     0.1791E+02     2.000     7   7.5146
     5717     0.00000     0.4762E+01     2.000     5   7.5152
     5719     0.00000     0.4718E+01     2.000     7   7.5169
     5720     0.00000     0.3498E+01     2.000     5   7.5173
     5721     0.00000     0.3354E+01     2.000     7   7.5172
     5722     0.00000     0.4090E+01     2.000     7   7.5173
     5723     0.00000     0.3232E+01     2.000     6   7.5178
     5724     0.00000     0.6669E+01     2.000     7   7.5178
     5725     0.00000     0.3561E+01     2.000     7   7.5178
     5726     0.00000     0.7798E+01     2.000     7   7.5178
     5727     0.00000     0.4149E+01     2.000     7   7.5180
     5728     0.00000     0.3762E+01     2.000     7   7.5180
     5729     0.00000     0.4258E+01     2.000     7   7.5198
     5730     0.00000     0.2700E+01     2.000     7   7.5199
     5731     0.00000     0.4239E+01     2.000     7   7.5198
     5732     0.00000     0.3574E+01     2.000     7   7.5198
     5733     0.00000     0.1003E+02     2.000     7   7.5207
     5734     0.00000     0.1039E+02     2.000     7   7.5212
     5735     0.00000     0.2893E+02     2.000     7   7.5214
     5736     0.00000     0.7672E+01     2.000     7   7.5217
     5737     0.00000     0.1075E+02     2.000     7   7.5224
     5738     0.00000     0.4731E+01     2.000     6   7.5226
     5739     0.00000     0.4401E+01     2.000     7   7.5227
     5740     0.00000     0.4203E+01     2.000     7   7.5227
     5741     0.00000     0.4251E+01     2.000     7   7.5227
     5743     0.00000     0.7656E+01     2.000     7   7.5239
     5744     0.00000     0.4398E+01     2.000     7   7.5240
     5746     0.00000     0.7908E+01     2.000     7   7.5269
     5747     0.00000     0.8564E+01     2.000     7   7.5266
     5748     0.00000     0.3112E+01     2.000     7   7.5277
     5749     0.00000     0.5910E+01     2.000     7   7.5284
     5750     0.00000     0.4325E+01     2.000     7   7.5283
     5751     0.00000     0.6430E+01     2.000     6   7.5298
     5753     0.00000     0.6928E+01     2.000     5   7.5312
     5754     0.00000     0.4211E+01     2.000     5   7.5316
     5755     0.00000     0.1968E+02     2.000     7   7.5316
     5757     0.00000     0.4221E+01     2.000     7   7.5331
     5759     0.00000     0.7213E+01     2.000     6   7.5338
     5760     0.00000     0.4336E+01     2.000     7   7.5340
     5761     0.00000     0.9170E+01     2.000     7   7.5337
     5762     0.00000     0.3567E+01     2.000     5   7.5345
     5763     0.00000     0.3152E+01     2.000     6   7.5342
     5764     0.00000     0.3240E+01     2.000     6   7.5342
     5765     0.00000     0.3850E+01     2.000     7   7.5343
     5766     0.00000     0.3960E+01     2.000     7   7.5343
     5767     0.00000     0.1045E+02     2.000     7   7.5345
     5768     0.00000     0.5646E+01     2.000     7   7.5351
     5769     0.00000     0.4955E+01     2.000     7   7.5356
     5770     0.00000     0.3327E+01     2.000     5   7.5370
     5771     0.00000     0.5245E+01     2.000     7   7.5369
     5772     0.00000     0.4661E+01     2.000     7   7.5372
     5773     0.00000     0.1133E+02     2.000     7   7.5373
     5774     0.00000     0.9662E+01     2.000     7   7.5371
     5775     0.00000     0.3865E+01     2.000     7   7.5381
     5777     0.00000     0.3997E+01     2.000     7   7.5381
     5778     0.00000     0.3252E+01     2.000     6   7.5383
     5779     0.00000     0.3816E+01     2.000     7   7.5385
     5780     0.00000     0.5442E+01     2.000     6   7.5390
     5781     0.00000     0.7471E+01     2.000     7   7.5410
     5782     0.00000     0.6066E+01     2.000     7   7.5408
     5783     0.00000     0.6074E+01     2.000     7   7.5408
     5784     0.00000     0.2778E+01     2.000     7   7.5433
     5785     0.00000     0.7605E+01     2.000     7   7.5437
     5786     0.00000     0.6274E+01     2.000     7   7.5437
     5787     0.00000     0.4473E+01     2.000     7   7.5443
     5788     0.00000     0.1302E+02     2.000     6   7.5461
     5789     0.00000     0.8041E+01     2.000     7   7.5458
     5790     0.00000     0.5530E+01     2.000     7   7.5458
     5791     0.00000     0.4659E+01     2.000     6   7.5463
     5796     0.00000     0.7215E+01     2.000     6   7.5480
     5797     0.00000     0.3263E+01     2.000     6   7.5494
     5798     0.00000     0.3870E+01     2.000     7   7.5494
     5800     0.00000     0.2719E+01     2.000     7   7.5503
     5802     0.00000     0.8221E+01     2.000     6   7.5513
     5803     0.00000     0.7375E+01     2.000     7   7.5513
     5804     0.00000     0.3191E+01     2.000     7   7.5520
     5805     0.00000     0.4472E+01     2.000     7   7.5517
     5808     0.00000     0.4616E+01     2.000     7   7.5532
     5810     0.00000     0.4961E+01     2.000     6   7.5542
     5811     0.00000     0.4384E+01     2.000     7   7.5543
     5812     0.00000     0.1019E+02     2.000     7   7.5549
     5813     0.00000     0.3681E+01     2.000     7   7.5548
     5815     0.00000     0.4044E+01     2.000     6   7.5553
     5816     0.00000     0.7270E+01     2.000     6   7.5575
     5818     0.00000     0.7285E+01     2.000     7   7.5581
     5819     0.00000     0.1200E+02     2.000     6   7.5584
     5820     0.00000     0.5662E+01     2.000     7   7.5587
     5822     0.00000     0.4402E+01     2.000     7   7.5589
     5823     0.00000     0.4386E+01     2.000     7   7.5596
     5824     0.00000     0.4560E+01     2.000     7   7.5596
     5827     0.00000     0.1887E+02     2.000     7   7.5606
     5829     0.00000     0.6024E+01     2.000     7   7.5617
     5831     0.00000     0.5013E+01     2.000     7   7.5618
     5832     0.00000     0.9722E+01     2.000     7   7.5626
     5833     0.00000     0.7226E+01     2.000     7   7.5633
     5834     0.00000     0.7902E+01     2.000     7   7.5636
     5835     0.00000     0.9789E+01     2.000     7   7.5641
     5836     0.00000     0.4920E+01     2.000     7   7.5640
     5837     0.00000     0.5279E+01     2.000     6   7.5653
     5838     0.00000     0.5253E+01     2.000     7   7.5660
     5839     0.00000     0.4692E+01     2.000     7   7.5664
     5840     0.00000     0.3180E+01     2.000     7   7.5672
     5841     0.00000     0.2809E+01     2.000     7   7.5668
     5842     0.00000     0.1345E+02     2.000     7   7.5674
     5843     0.00000     0.2999E+01     2.000     7   7.5676
     5844     0.00000     0.2943E+01     2.000     7   7.5676
     5845     0.00000     0.3266E+01     2.000     7   7.5679
     5846     0.00000     0.2846E+01     2.000     6   7.5692
     5847     0.00000     0.5797E+01     2.000     7   7.5691
     5848     0.00000     0.5475E+01     2.000     7   7.5691
     5849     0.00000     0.1118E+02     2.000     6   7.5695
     5850     0.00000     0.3934E+01     2.000     6   7.5707
     5851     0.00000     0.5659E+01     2.000     7   7.5711
     5852     0.00000     0.3424E+01     2.000     6   7.5725
     5853     0.00000     0.9208E+01     2.000     7   7.5727
     5854     0.00000     0.8700E+01     2.000     7   7.5727
     5855     0.00000     0.1558E+02     2.000     7   7.5730
     5856     0.00000     0.1008E+02     2.000     7   7.5729
     5857     0.00000     0.4072E+01     2.000     6   7.5738
     5858     0.00000     0.6104E+01     2.000     7   7.5740
     5859     0.00000     0.6314E+01     2.000     7   7.5742
     5860     0.00000     0.7315E+01     2.000     7   7.5753
     5861     0.00000     0.5909E+01     2.000     7   7.5756
     5862     0.00000     0.1613E+02     2.000     7   7.5778
     5863     0.00000     0.7496E+01     2.000     7   7.5782
     5864     0.00000     0.6438E+01     2.000     7   7.5785
     5865     0.00000     0.3672E+01     2.000     7   7.5801
     5866     0.00000     0.3634E+01     2.000     7   7.5801
     5867     0.00000     0.3965E+01     2.000     7   7.5805
     5868     0.00000     0.8793E+01     2.000     7   7.5813
     5869     0.00000     0.7801E+01     2.000     6   7.5819
     5871     0.00000     0.5456E+01     2.000     6   7.5823
     5872     0.00000     0.2297E+02     2.000     7   7.5821
     5873     0.00000     0.5717E+01     2.000     7   7.5820
     5874     0.00000     0.2796E+01     2.000     6   7.5830
     5875     0.00000     0.5266E+01     2.000     7   7.5833
     5876     0.00000     0.5023E+01     2.000     7   7.5833
     5877     0.00000     0.1242E+02     2.000     7   7.5846
     5878     0.00000     0.3932E+01     2.000     6   7.5852
     5879     0.00000     0.5966E+01     2.000     7   7.5853
     5880     0.00000     0.4297E+01     2.000     7   7.5856
     5881     0.00000     0.5393E+01     2.000     7   7.5879
     5882     0.00000     0.3889E+01     2.000     7   7.5884
     5883     0.00000     0.3036E+02     2.000     7   7.5892
     5884     0.00000     0.3406E+01     2.000     7   7.5890
     5885     0.00000     0.4052E+01     2.000     6   7.5897
     5886     0.00000     0.4563E+01     2.000     6   7.5897
     5888     0.00000     0.3411E+01     2.000     7   7.5906
     5889     0.00000     0.2691E+01     2.000     3   7.5914
     5890     0.00000     0.2043E+02     2.000     7   7.5912
     5892     0.00000     0.6658E+01     2.000     6   7.5930
     5894     0.00000     0.3253E+01     2.000     7   7.5928
     5895     0.00000     0.5400E+01     2.000     6   7.5934
     5896     0.00000     0.2237E+02     2.000     7   7.5934
     5897     0.00000     0.8007E+01     2.000     7   7.5935
     5898     0.00000     0.6504E+01     2.000     7   7.5964
     5899     0.00000     0.5023E+01     2.000     7   7.5964
     5900     0.00000     0.3080E+01     2.000     5   7.5972
     5902     0.00000     0.2796E+01     2.000     7   7.5976
     5903     0.00000     0.6222E+01     2.000     5   7.5977
     5904     0.00000     0.6296E+01     2.000     7   7.5976
     5905     0.00000     0.3283E+01     2.000     7   7.5983
     5906     0.00000     0.1683E+02     2.000     7   7.5984
     5907     0.00000     0.3690E+01     2.000     7   7.5989
     5908     0.00000     0.4873E+01     2.000     6   7.5992
     5909     0.00000     0.4034E+01     2.000     7   7.6009
     5911     0.00000     0.3867E+01     2.000     7   7.6040
     5912     0.00000     0.2025E+02     2.000     7   7.6045
     5913     0.00000     0.3017E+01     2.000     7   7.6043
     5916     0.00000     0.2757E+01     2.000     7   7.6055
     5917     0.00000     0.5454E+01     2.000     7   7.6069
     5920     0.00000     0.3695E+01     2.000     7   7.6077
     5921     0.00000     0.4117E+01     2.000     7   7.6097
     5922     0.00000     0.3793E+01     2.000     5   7.6102
     5924     0.00000     0.4504E+01     2.000     7   7.6104
     5925     0.00000     0.3652E+01     2.000     7   7.6110
     5926     0.00000     0.3866E+01     2.000     7   7.6110
     5927     0.00000     0.3052E+01     2.000     7   7.6110
     5928     0.00000     0.3600E+01     2.000     7   7.6110
     5929     0.00000     0.4900E+01     2.000     7   7.6108
     5930     0.00000     0.5826E+01     2.000     7   7.6120
     5931     0.00000     0.6044E+01     2.000     7   7.6129
     5932     0.00000     0.1501E+02     2.000     7   7.6131
     5933     0.00000     0.2060E+02     2.000     7   7.6127
     5934     0.00000     0.3060E+01     2.000     6   7.6140
     5936     0.00000     0.8531E+01     2.000     7   7.6138
     5937     0.00000     0.3148E+01     2.000     7   7.6144
     5938     0.00000     0.8321E+01     2.000     7   7.6151
     5939     0.00000     0.1174E+02     2.000     7   7.6147
     5940     0.00000     0.3006E+01     2.000     7   7.6158
     5941     0.00000     0.2853E+01     2.000     7   7.6165
     5943     0.00000     0.3881E+01     2.000     6   7.6172
     5944     0.00000     0.7028E+01     2.000     7   7.6174
     5945     0.00000     0.9185E+01     2.000     7   7.6173
     5946     0.00000     0.4313E+01     2.000     7   7.6180
     5947     0.00000     0.2786E+01     2.000     7   7.6202
     5948     0.00000     0.4117E+01     1.000     6   7.6201
     5949     0.00000     0.3975E+01     2.000     7   7.6200
     5950     0.00000     0.7214E+01     2.000     7   7.6198
     5952     0.00000     0.1303E+02     2.000     7   7.6213
     5953     0.00000     0.1169E+02     2.000     7   7.6221
     5955     0.00000     0.5287E+01     2.000     7   7.6230
     5956     0.00000     0.3460E+01     2.000     6   7.6232
     5957     0.00000     0.3824E+01     2.000     6   7.6240
     5958     0.00000     0.3240E+01     2.000     7   7.6244
     5959     0.00000     0.3938E+01     2.000     5   7.6253
     5961     0.00000     0.7950E+01     2.000     7   7.6263
     5962     0.00000     0.4423E+01     2.000     7   7.6271
     5963     0.00000     0.8742E+01     2.000     7   7.6284
     5964     0.00000     0.4628E+01     2.000     7   7.6286
     5965     0.00000     0.6126E+01     2.000     7   7.6286
     5966     0.00000     0.7136E+01     2.000     6   7.6291
     5967     0.00000     0.3560E+01     2.000     7   7.6295
     5968     0.00000     0.7260E+01     2.000     7   7.6298
     5969     0.00000     0.3629E+01     2.000     7   7.6300
     5971     0.00000     0.5366E+01     2.000     7   7.6303
     5972     0.00000     0.4707E+01     2.000     7   7.6303
     5973     0.00000     0.5668E+01     2.000     7   7.6299
     5974     0.00000     0.6194E+01     2.000     7   7.6299
     5975     0.00000     0.5003E+01     2.000     6   7.6307
     5976     0.00000     0.4786E+01     2.000     7   7.6304
     5977     0.00000     0.6157E+01     2.000     7   7.6304
     5978     0.00000     0.4962E+01     2.000     7   7.6305
     5979     0.00000     0.2849E+01     2.000     6   7.6313
     5980     0.00000     0.5204E+01     2.000     7   7.6318
     5981     0.00000     0.4194E+01     2.000     7   7.6328
     5982     0.00000     0.3684E+01     2.000     5   7.6332
     5983     0.00000     0.4045E+01     2.000     7   7.6332
     5984     0.00000     0.4726E+01     2.000     7   7.6355
     5985     0.00000     0.4261E+01     2.000     7   7.6355
     5987     0.00000     0.5586E+01     2.000     7   7.6365
     5988     0.00000     0.5633E+01     2.000     7   7.6365
     5989     0.00000     0.6799E+01     2.000     7   7.6370
     5990     0.00000     0.2917E+01     2.000     4   7.6374
     5991     0.00000     0.8850E+01     2.000     7   7.6376
     5992     0.00000     0.7329E+01     2.000     7   7.6374
     5993     0.00000     0.3007E+01     2.000     7   7.6377
     5994     0.00000     0.3560E+01     2.000     7   7.6394
     5995     0.00000     0.2734E+01     2.000     7   7.6394
     5996     0.00000     0.3030E+01     2.000     7   7.6404
     5997     0.00000     0.6205E+01     2.000     7   7.6409
     5998     0.00000     0.3174E+01     2.000     7   7.6413
     5999     0.00000     0.4870E+01     2.000     6   7.6418
     6000     0.00000     0.7196E+01     2.000     7   7.6420
     6001     0.00000     0.9159E+01     2.000     7   7.6427
     6004     0.00000     0.1005E+02     2.000     7   7.6437
     6005     0.00000     0.8876E+01     2.000     7   7.6448
     6006     0.00000     0.3842E+01     2.000     4   7.6452
     6007     0.00000     0.1034E+02     2.000     7   7.6452
     6008     0.00000     0.4560E+01     2.000     7   7.6451
     6009     0.00000     0.2678E+01     2.000     7   7.6454
     6010     0.00000     0.6931E+01     2.000     7   7.6456
     6011     0.00000     0.3094E+01     2.000     5   7.6460
     6012     0.00000     0.3352E+01     2.000     7   7.6462
     6013     0.00000     0.5679E+01     2.000     7   7.6460
     6014     0.00000     0.3403E+01     2.000     7   7.6462
     6015     0.00000     0.3285E+01     2.000     4   7.6466
     6016     0.00000     0.6707E+01     2.000     7   7.6468
     6017     0.00000     0.1337E+02     2.000     7   7.6467
     6023     0.00000     0.7229E+01     2.000     7   7.6522
     6024     0.00000     0.1140E+02     2.000     7   7.6524
     6025     0.00000     0.3210E+01     2.000     6   7.6528
     6027     0.00000     0.3912E+01     2.000     7   7.6535
     6028     0.00000     0.4317E+01     2.000     7   7.6536
     6029     0.00000     0.1593E+02     2.000     7   7.6541
     6030     0.00000     0.8401E+01     2.000     7   7.6549
     6031     0.00000     0.4590E+01     2.000     5   7.6560
     6032     0.00000     0.3341E+01     2.000     6   7.6559
     6033     0.00000     0.6494E+01     2.000     7   7.6561
     6034     0.00000     0.6921E+01     2.000     7   7.6561
     6035     0.00000     0.4703E+01     2.000     7   7.6565
     6037     0.00000     0.3792E+01     2.000     7   7.6580
     6038     0.00000     0.3873E+01     2.000     7   7.6580
     6039     0.00000     0.6054E+01     2.000     7   7.6582
     6040     0.00000     0.3310E+01     2.000     7   7.6586
     6041     0.00000     0.3379E+01     2.000     7   7.6586
     6042     0.00000     0.3475E+01     2.000     7   7.6590
     6043     0.00000     0.6376E+01     2.000     6   7.6599
     6044     0.00000     0.4963E+01     2.000     7   7.6604
     6045     0.00000     0.4902E+01     2.000     6   7.6606
     6046     0.00000     0.3209E+01     2.000     7   7.6609
     6047     0.00000     0.3278E+01     2.000     7   7.6609
     6048     0.00000     0.4055E+01     2.000     7   7.6615
     6049     0.00000     0.4139E+01     2.000     7   7.6615
     6050     0.00000     0.4473E+01     2.000     5   7.6617
     6051     0.00000     0.6159E+01     2.000     7   7.6617
     6052     0.00000     0.9507E+01     2.000     7   7.6626
     6053     0.00000     0.3524E+01     2.000     4   7.6640
     6054     0.00000     0.1058E+02     2.000     7   7.6639
     6055     0.00000     0.6268E+01     2.000     7   7.6646
     6056     0.00000     0.1402E+02     2.000     7   7.6652
     6057     0.00000     0.3913E+01     2.000     7   7.6651
     6058     0.00000     0.4281E+01     2.000     7   7.6667
     6059     0.00000     0.7091E+01     2.000     7   7.6676
     6063     0.00000     0.8674E+01     2.000     6   7.6689
     6064     0.00000     0.5308E+01     2.000     7   7.6687
     6066     0.00000     0.3666E+01     2.000     7   7.6687
     6067     0.00000     0.5221E+01     2.000     7   7.6698
     6068     0.00000     0.5124E+01     2.000     7   7.6705
     6069     0.00000     0.3076E+01     2.000     7   7.6710
     6070     0.00000     0.3148E+01     2.000     7   7.6710
     6071     0.00000     0.7027E+01     2.000     7   7.6708
     6073     0.00000     0.3026E+01     2.000     7   7.6714
     6074     0.00000     0.4307E+01     2.000     7   7.6717
     6075     0.00000     0.2315E+02     2.000     7   7.6723
     6076     0.00000     0.4900E+01     2.000     6   7.6731
     6078     0.00000     0.7213E+01     2.000     6   7.6736
     6079     0.00000     0.6481E+01     2.000     7   7.6741
     6080     0.00000     0.7320E+01     2.000     7   7.6741
     6081     0.00000     0.6093E+01     2.000     6   7.6747
     6082     0.00000     0.3813E+01     2.000     6   7.6751
     6083     0.00000     0.1052E+02     2.000     7   7.6747
     6085     0.00000     0.3957E+01     2.000     6   7.6757
     6086     0.00000     0.3653E+01     2.000     4   7.6768
     6088     0.00000     0.1316E+02     2.000     7   7.6780
     6089     0.00000     0.3047E+01     2.000     7   7.6788
     6090     0.00000     0.3144E+01     2.000     4   7.6787
     6091     0.00000     0.3060E+01     2.000     7   7.6819
     6094     0.00000     0.3621E+01     2.000     7   7.6847
     6095     0.00000     0.5332E+01     2.000     7   7.6845
     6097     0.00000     0.5464E+01     2.000     7   7.6861
     6099     0.00000     0.5472E+01     2.000     7   7.6870
     6100     0.00000     0.1007E+02     2.000     7   7.6882
     6103     0.00000     0.3550E+01     2.000     7   7.6883
     6104     0.00000     0.4019E+01     2.000     7   7.6885
     6105     0.00000     0.5960E+01     2.000     6   7.6892
     6106     0.00000     0.5693E+01     2.000     5   7.6892
     6107     0.00000     0.3181E+01     2.000     7   7.6888
     6108     0.00000     0.5261E+01     2.000     7   7.6890
     6109     0.00000     0.5280E+01     2.000     7   7.6890
     6110     0.00000     0.1283E+02     2.000     7   7.6891
     6111     0.00000     0.5710E+01     2.000     7   7.6889
     6112     0.00000     0.4404E+01     2.000     7   7.6893
     6114     0.00000     0.2970E+01     2.000     7   7.6902
     6115     0.00000     0.3556E+01     2.000     5   7.6904
     6116     0.00000     0.8567E+01     2.000     6   7.6910
     6120     0.00000     0.2903E+01     2.000     7   7.6923
     6121     0.00000     0.3897E+01     2.000     7   7.6921
     6122     0.00000     0.3942E+01     2.000     7   7.6921
     6123     0.00000     0.4817E+01     2.000     6   7.6929
     6124     0.00000     0.5800E+01     2.000     6   7.6929
     6125     0.00000     0.3974E+01     2.000     6   7.6929
     6126     0.00000     0.5795E+01     2.000     7   7.6930
     6127     0.00000     0.3757E+01     2.000     7   7.6947
     6128     0.00000     0.3094E+01     2.000     7   7.6944
     6129     0.00000     0.6576E+01     2.000     6   7.6955
     6130     0.00000     0.1061E+02     2.000     6   7.6959
     6131     0.00000     0.1254E+02     2.000     7   7.6962
     6132     0.00000     0.1357E+02     2.000     7   7.6958
     6133     0.00000     0.5836E+01     2.000     6   7.6967
     6136     0.00000     0.3241E+01     2.000     7   7.6969
     6137     0.00000     0.6082E+01     2.000     7   7.6973
     6138     0.00000     0.6200E+01     2.000     7   7.6974
     6139     0.00000     0.2722E+01     2.000     5   7.6982
     6140     0.00000     0.5010E+01     2.000     5   7.6987
     6141     0.00000     0.3567E+01     2.000     7   7.7001
     6142     0.00000     0.4971E+01     2.000     7   7.7010
     6143     0.00000     0.4831E+01     2.000     7   7.7009
     6144     0.00000     0.4925E+01     2.000     5   7.7015
     6148     0.00000     0.4498E+01     2.000     5   7.7029
     6149     0.00000     0.8156E+01     2.000     6   7.7033
     6150     0.00000     0.8593E+01     2.000     7   7.7044
     6151     0.00000     0.3712E+01     2.000     7   7.7044
     6152     0.00000     0.5973E+01     2.000     7   7.7047
     6153     0.00000     0.2130E+02     2.000     7   7.7044
     6155     0.00000     0.1327E+02     2.000     7   7.7055
     6156     0.00000     0.3422E+01     2.000     7   7.7066
     6157     0.00000     0.3461E+01     2.000     7   7.7066
     6160     0.00000     0.8710E+01     2.000     7   7.7075
     6161     0.00000     0.2851E+01     2.000     7   7.7090
     6162     0.00000     0.2806E+02     2.000     7   7.7089
     6164     0.00000     0.1555E+02     2.000     7   7.7105
     6165     0.00000     0.1196E+02     2.000     7   7.7107
     6167     0.00000     0.6350E+01     2.000     6   7.7118
     6168     0.00000     0.2972E+01     2.000     7   7.7122
     6169     0.00000     0.2882E+01     2.000     7   7.7120
     6170     0.00000     0.2890E+01     2.000     6   7.7127
     6171     0.00000     0.2909E+01     2.000     6   7.7127
     6173     0.00000     0.2844E+01     2.000     7   7.7124
     6174     0.00000     0.6376E+01     2.000     7   7.7129
     6175     0.00000     0.6578E+01     2.000     7   7.7129
     6176     0.00000     0.1079E+02     2.000     7   7.7140
     6177     0.00000     0.7853E+01     2.000     6   7.7144
     6178     0.00000     0.4968E+01     2.000     7   7.7149
     6179     0.00000     0.2896E+01     2.000     7   7.7162
     6180     0.00000     0.3340E+01     2.000     6   7.7162
     6182     0.00000     0.1910E+02     2.000     7   7.7168
     6183     0.00000     0.2034E+02     2.000     7   7.7176
     6184     0.00000     0.8967E+01     2.000     7   7.7186
     6185     0.00000     0.5949E+01     2.000     7   7.7190
     6186     0.00000     0.3339E+01     2.000     7   7.7195
     6187     0.00000     0.3645E+01     2.000     5   7.7196
     6190     0.00000     0.4015E+01     2.000     6   7.7209
     6191     0.00000     0.9249E+01     2.000     6   7.7214
     6192     0.00000     0.3466E+01     2.000     7   7.7213
     6193     0.00000     0.3644E+01     2.000     7   7.7213
     6194     0.00000     0.6448E+01     2.000     6   7.7217
     6196     0.00000     0.2724E+01     2.000     7   7.7214
     6197     0.00000     0.3405E+01     2.000     7   7.7222
     6198     0.00000     0.3436E+01     2.000     7   7.7222
     6199     0.00000     0.4501E+01     2.000     5   7.7227
     6201     0.00000     0.7599E+01     2.000     7   7.7242
     6202     0.00000     0.3394E+01     2.000     5   7.7251
     6203     0.00000     0.2688E+01     2.000     7   7.7253
     6205     0.00000     0.4643E+01     2.000     5   7.7262
     6206     0.00000     0.5625E+01     2.000     6   7.7268
     6207     0.00000     0.3663E+01     2.000     7   7.7274
     6208     0.00000     0.5769E+01     2.000     7   7.7279
     6210     0.00000     0.5159E+01     2.000     7   7.7287
     6211     0.00000     0.4474E+01     2.000     7   7.7291
     6212     0.00000     0.7859E+01     2.000     7   7.7298
     6214     0.00000     0.4802E+01     2.000     5   7.7319
     6215     0.00000     0.3012E+01     2.000     5   7.7316
     6216     0.00000     0.3217E+01     2.000     7   7.7339
     6217     0.00000     0.2037E+02     2.000     7   7.7341
     6221     0.00000     0.4818E+01     2.000     5   7.7358
     6222     0.00000     0.1312E+02     2.000     7   7.7361
     6223     0.00000     0.2955E+01     2.000     7   7.7363
     6226     0.00000     0.2952E+01     2.000     5   7.7375
     6227     0.00000     0.5178E+01     2.000     6   7.7379
     6230     0.00000     0.4819E+01     2.000     7   7.7381
     6231     0.00000     0.1548E+02     2.000     7   7.7383
     6232     0.00000     0.2646E+02     2.000     7   7.7391
     6233     0.00000     0.4802E+01     2.000     7   7.7391
     6235     0.00000     0.4886E+01     2.000     7   7.7402
     6236     0.00000     0.1436E+02     2.000     7   7.7401
     6237     0.00000     0.1188E+02     2.000     7   7.7403
     6238     0.00000     0.4614E+01     2.000     7   7.7401
     6239     0.00000     0.6712E+01     2.000     7   7.7415
     6240     0.00000     0.9010E+01     2.000     7   7.7415
     6241     0.00000     0.3249E+01     2.000     7   7.7414
     6242     0.00000     0.2902E+01     2.000     7   7.7418
     6243     0.00000     0.5015E+01     2.000     7   7.7420
     6244     0.00000     0.3359E+01     2.000     7   7.7423
     6245     0.00000     0.3156E+01     2.000     6   7.7426
     6246     0.00000     0.3859E+01     2.000     7   7.7427
     6247     0.00000     0.5250E+01     2.000     6   7.7432
     6250     0.00000     0.4012E+01     2.000     7   7.7442
     6252     0.00000     0.2785E+01     2.000     6   7.7447
     6253     0.00000     0.4972E+01     2.000     7   7.7450
     6254     0.00000     0.4432E+01     2.000     7   7.7458
     6255     0.00000     0.4058E+01     2.000     7   7.7461
     6256     0.00000     0.3002E+01     2.000     4   7.7466
     6258     0.00000     0.5108E+01     2.000     6   7.7475
     6259     0.00000     0.4188E+01     2.000     7   7.7480
     6260     0.00000     0.3149E+01     2.000     7   7.7478
     6261     0.00000     0.6913E+01     2.000     7   7.7481
     6262     0.00000     0.4126E+01     2.000     5   7.7482
     6263     0.00000     0.6370E+01     2.000     5   7.7493
     6264     0.00000     0.1408E+02     2.000     7   7.7494
     6265     0.00000     0.3945E+01     2.000     7   7.7492
     6266     0.00000     0.3223E+01     2.000     5   7.7511
     6267     0.00000     0.6477E+01     2.000     7   7.7510
     6268     0.00000     0.7225E+01     2.000     7   7.7510
     6269     0.00000     0.3075E+01     2.000     5   7.7513
     6270     0.00000     0.6102E+01     2.000     7   7.7516
     6271     0.00000     0.6452E+01     2.000     7   7.7522
     6272     0.00000     0.3553E+01     2.000     7   7.7525
     6273     0.00000     0.5877E+01     2.000     7   7.7537
     6277     0.00000     0.8794E+01     2.000     6   7.7568
     6278     0.00000     0.5336E+01     2.000     7   7.7570
     6279     0.00000     0.5470E+01     2.000     7   7.7570
     6280     0.00000     0.3678E+01     2.000     5   7.7574
     6282     0.00000     0.6229E+01     2.000     6   7.7574
     6283     0.00000     0.1336E+02     2.000     7   7.7576
     6284     0.00000     0.3911E+01     2.000     7   7.7582
     6286     0.00000     0.8761E+01     2.000     7   7.7596
     6287     0.00000     0.5212E+01     2.000     7   7.7604
     6288     0.00000     0.6338E+01     2.000     7   7.7611
     6289     0.00000     0.5213E+01     2.000     7   7.7611
     6291     0.00000     0.4930E+01     2.000     7   7.7615
     6292     0.00000     0.4081E+01     2.000     7   7.7618
     6294     0.00000     0.5450E+01     2.000     6   7.7625
     6295     0.00000     0.1696E+02     2.000     7   7.7626
     6297     0.00000     0.7776E+01     2.000     7   7.7630
     6298     0.00000     0.4000E+01     2.000     5   7.7640
     6300     0.00000     0.6674E+01     2.000     7   7.7650
     6301     0.00000     0.2852E+01     2.000     7   7.7647
     6302     0.00000     0.5093E+01     2.000     7   7.7656
     6303     0.00000     0.4938E+01     2.000     6   7.7659
     6304     0.00000     0.4117E+01     2.000     7   7.7663
     6307     0.00000     0.6246E+01     2.000     7   7.7697
     6308     0.00000     0.3535E+01     2.000     7   7.7697
     6309     0.00000     0.7920E+01     2.000     6   7.7707
     6310     0.00000     0.1337E+02     2.000     7   7.7711
     6311     0.00000     0.3110E+01     2.000     5   7.7717
     6313     0.00000     0.4991E+01     2.000     6   7.7720
     6314     0.00000     0.3706E+01     2.000     7   7.7718
     6315     0.00000     0.3469E+01     2.000     6   7.7734
     6316     0.00000     0.3651E+01     1.000     6   7.7735
     6317     0.00000     0.7044E+01     2.000     6   7.7740
     6319     0.00000     0.4587E+01     2.000     6   7.7747
     6320     0.00000     0.3262E+01     2.000     7   7.7746
     6321     0.00000     0.4703E+01     2.000     7   7.7756
     6322     0.00000     0.2815E+01     2.000     4   7.7763
     6323     0.00000     0.3730E+01     2.000     7   7.7766
     6325     0.00000     0.4362E+01     2.000     6   7.7784
     6326     0.00000     0.4531E+01     2.000     6   7.7784
     6327     0.00000     0.9546E+01     2.000     7   7.7785
     6328     0.00000     0.3953E+01     2.000     7   7.7788
     6329     0.00000     0.3821E+01     2.000     6   7.7797
     6330     0.00000     0.1043E+02     2.000     7   7.7805
     6332     0.00000     0.3070E+01     2.000     7   7.7822
     6333     0.00000     0.3101E+01     2.000     7   7.7822
     6334     0.00000     0.6868E+01     2.000     6   7.7832
     6335     0.00000     0.4688E+01     2.000     7   7.7830
     6336     0.00000     0.4729E+01     2.000     7   7.7830
     6337     0.00000     0.5186E+01     2.000     7   7.7837
     6338     0.00000     0.2764E+01     2.000     7   7.7833
     6340     0.00000     0.4808E+01     2.000     6   7.7850
     6341     0.00000     0.8824E+01     2.000     7   7.7849
     6342     0.00000     0.3112E+01     2.000     5   7.7858
     6344     0.00000     0.3519E+01     2.000     6   7.7859
     6345     0.00000     0.5746E+01     2.000     6   7.7858
     6347     0.00000     0.5868E+01     2.000     6   7.7866
     6348     0.00000     0.4396E+01     2.000     7   7.7868
     6349     0.00000     0.3604E+01     2.000     6   7.7870
     6350     0.00000     0.5144E+01     2.000     7   7.7868
     6351     0.00000     0.3162E+01     2.000     7   7.7871
     6352     0.00000     0.1085E+02     2.000     7   7.7875
     6353     0.00000     0.4624E+01     2.000     7   7.7879
     6354     0.00000     0.1024E+02     2.000     7   7.7886
     6355     0.00000     0.2890E+01     2.000     5   7.7893
     6356     0.00000     0.4311E+01     2.000     6   7.7903
     6357     0.00000     0.4412E+01     2.000     6   7.7903
     6358     0.00000     0.3633E+01     2.000     7   7.7899
     6360     0.00000     0.4480E+01     2.000     7   7.7910
     6361     0.00000     0.3249E+01     2.000     6   7.7921
     6363     0.00000     0.4134E+01     2.000     7   7.7931
     6364     0.00000     0.3116E+01     2.000     7   7.7932
     6365     0.00000     0.2843E+01     2.000     7   7.7933
     6366     0.00000     0.2754E+01     2.000     7   7.7942
     6367     0.00000     0.4886E+01     2.000     7   7.7944
     6368     0.00000     0.5410E+01     2.000     7   7.7944
     6369     0.00000     0.4211E+01     2.000     5   7.7948
     6370     0.00000     0.4412E+01     2.000     7   7.7955
     6371     0.00000     0.2991E+01     2.000     7   7.7956
     6372     0.00000     0.2752E+01     2.000     7   7.7962
     6375     0.00000     0.4418E+01     2.000     7   7.7976
     6376     0.00000     0.7990E+01     2.000     7   7.7978
     6377     0.00000     0.2740E+01     2.000     5   7.7982
     6379     0.00000     0.3352E+01     2.000     7   7.7982
     6382     0.00000     0.5531E+01     2.000     6   7.7985
     6383     0.00000     0.2068E+02     2.000     7   7.7987
     6384     0.00000     0.1193E+02     2.000     7   7.7990
     6385     0.00000     0.5185E+01     2.000     7   7.7996
     6386     0.00000     0.3691E+01     2.000     7   7.8002
     6387     0.00000     0.4853E+01     2.000     7   7.8002
     6388     0.00000     0.3607E+01     2.000     7   7.8001
     6389     0.00000     0.3577E+01     2.000     7   7.8013
     6390     0.00000     0.8148E+01     2.000     7   7.8011
     6392     0.00000     0.2696E+01     2.000     5   7.8027
     6393     0.00000     0.7284E+01     2.000     7   7.8027
     6395     0.00000     0.4265E+01     2.000     6   7.8039
     6396     0.00000     0.6360E+01     2.000     7   7.8049
     6397     0.00000     0.6534E+01     2.000     7   7.8049
     6399     0.00000     0.2768E+01     2.000     6   7.8055
     6401     0.00000     0.4369E+01     2.000     7   7.8063
     6402     0.00000     0.3300E+01     2.000     7   7.8064
     6403     0.00000     0.6281E+01     2.000     6   7.8080
     6404     0.00000     0.2843E+01     2.000     7   7.8099
     6405     0.00000     0.4082E+01     2.000     7   7.8103
     6406     0.00000     0.1129E+02     2.000     7   7.8101
     6408     0.00000     0.9237E+01     2.000     6   7.8115
     6409     0.00000     0.4205E+01     2.000     7   7.8125
     6410     0.00000     0.4157E+01     2.000     7   7.8125
     6411     0.00000     0.4211E+01     2.000     6   7.8131
     6412     0.00000     0.4980E+01     2.000     7   7.8136
     6413     0.00000     0.4988E+01     2.000     7   7.8143
     6414     0.00000     0.5187E+01     2.000     7   7.8139
     6415     0.00000     0.3763E+01     2.000     6   7.8145
     6416     0.00000     0.2758E+01     2.000     6   7.8146
     6417     0.00000     0.1158E+02     2.000     7   7.8154
     6418     0.00000     0.3848E+01     2.000     6   7.8162
     6420     0.00000     0.3838E+01     2.000     6   7.8167
     6421     0.00000     0.1682E+02     2.000     7   7.8172
     6422     0.00000     0.5324E+01     2.000     7   7.8177
     6423     0.00000     0.8151E+01     2.000     7   7.8177
     6425     0.00000     0.5877E+01     2.000     6   7.8201
     6426     0.00000     0.5357E+01     2.000     7   7.8204
     6429     0.00000     0.3670E+01     2.000     6   7.8212
     6430     0.00000     0.3654E+01     2.000     6   7.8212
     6433     0.00000     0.3487E+01     2.000     6   7.8223
     6434     0.00000     0.3358E+01     2.000     6   7.8223
     6435     0.00000     0.4923E+01     2.000     7   7.8222
     6436     0.00000     0.7282E+01     2.000     7   7.8222
     6437     0.00000     0.3360E+01     2.000     7   7.8227
     6438     0.00000     0.3380E+01     2.000     7   7.8227
     6439     0.00000     0.8291E+01     2.000     7   7.8226
     6441     0.00000     0.5205E+01     2.000     7   7.8230
     6442     0.00000     0.3631E+01     2.000     6   7.8255
     6443     0.00000     0.3218E+01     2.000     7   7.8263
     6444     0.00000     0.4868E+01     2.000     6   7.8263
     6445     0.00000     0.4978E+01     2.000     7   7.8279
     6447     0.00000     0.4190E+01     2.000     7   7.8291
     6450     0.00000     0.9155E+01     2.000     7   7.8307
     6451     0.00000     0.7300E+01     2.000     6   7.8314
     6452     0.00000     0.2826E+01     2.000     7   7.8313
     6453     0.00000     0.4687E+01     2.000     7   7.8315
     6454     0.00000     0.4976E+01     2.000     6   7.8324
     6455     0.00000     0.5062E+01     2.000     6   7.8325
     6456     0.00000     0.1020E+02     2.000     7   7.8334
     6457     0.00000     0.9758E+01     2.000     7   7.8334
     6458     0.00000     0.3119E+01     2.000     6   7.8337
     6459     0.00000     0.3128E+01     2.000     6   7.8337
     6460     0.00000     0.4101E+01     2.000     7   7.8349
     6461     0.00000     0.4159E+01     2.000     5   7.8355
     6462     0.00000     0.3929E+01     2.000     6   7.8354
     6463     0.00000     0.3164E+01     2.000     7   7.8355
     6467     0.00000     0.4368E+01     2.000     7   7.8370
     6469     0.00000     0.3724E+01     2.000     6   7.8382
     6470     0.00000     0.4234E+01     2.000     7   7.8395
     6471     0.00000     0.3641E+01     2.000     6   7.8404
     6473     0.00000     0.1192E+02     2.000     7   7.8407
     6474     0.00000     0.2884E+01     2.000     7   7.8426
     6475     0.00000     0.3885E+01     2.000     6   7.8436
     6476     0.00000     0.6393E+01     2.000     6   7.8439
     6478     0.00000     0.4310E+01     2.000     6   7.8448
     6479     0.00000     0.4486E+01     2.000     7   7.8469
     6482     0.00000     0.4136E+01     2.000     6   7.8480
     6483     0.00000     0.3411E+01     2.000     6   7.8477
     6485     0.00000     0.6595E+01     2.000     7   7.8488
     6486     0.00000     0.5785E+01     2.000     7   7.8495
     6487     0.00000     0.4633E+01     2.000     7   7.8495
     6489     0.00000     0.3659E+01     2.000     6   7.8505
     6490     0.00000     0.4263E+01     2.000     7   7.8506
     6491     0.00000     0.5508E+01     2.000     7   7.8513
     6492     0.00000     0.5168E+01     2.000     6   7.8519
     6493     0.00000     0.3800E+01     2.000     5   7.8528
     6494     0.00000     0.3131E+01     2.000     6   7.8528
     6496     0.00000     0.4196E+01     2.000     7   7.8545
     6498     0.00000     0.1072E+02     2.000     7   7.8550
     6499     0.00000     0.4020E+01     2.000     6   7.8560
     6500     0.00000     0.7775E+01     2.000     7   7.8561
     6501     0.00000     0.6636E+01     2.000     7   7.8562
     6502     0.00000     0.6744E+01     2.000     7   7.8567
     6503     0.00000     0.6483E+01     2.000     7   7.8570
     6504     0.00000     0.6477E+01     2.000     7   7.8570
     6506     0.00000     0.1319E+02     2.000     7   7.8578
     6507     0.00000     0.3668E+01     2.000     7   7.8577
     6508     0.00000     0.5033E+01     2.000     6   7.8584
     6511     0.00000     0.3112E+01     2.000     6   7.8629
     6513     0.00000     0.5115E+01     2.000     7   7.8630
     6514     0.00000     0.6171E+01     2.000     7   7.8636
     6515     0.00000     0.6259E+01     2.000     7   7.8636
     6516     0.00000     0.6906E+01     2.000     7   7.8636
     6517     0.00000     0.4910E+01     2.000     6   7.8637
     6518     0.00000     0.3960E+01     2.000     5   7.8656
     6519     0.00000     0.5298E+01     2.000     7   7.8656
     6520     0.00000     0.5288E+01     2.000     7   7.8656
     6522     0.00000     0.3715E+01     2.000     6   7.8662
     6523     0.00000     0.3866E+01     2.000     6   7.8662
     6525     0.00000     0.3264E+01     2.000     5   7.8675
     6526     0.00000     0.8519E+01     2.000     7   7.8673
     6527     0.00000     0.9195E+01     2.000     7   7.8675
     6529     0.00000     0.3173E+01     2.000     6   7.8683
     6530     0.00000     0.5663E+01     2.000     7   7.8686
     6531     0.00000     0.2909E+01     2.000     7   7.8691
     6532     0.00000     0.3680E+01     2.000     6   7.8688
     6533     0.00000     0.1214E+02     2.000     7   7.8695
     6534     0.00000     0.9237E+01     2.000     7   7.8702
     6535     0.00000     0.1183E+02     2.000     7   7.8706
     6537     0.00000     0.2986E+01     2.000     5   7.8709
     6538     0.00000     0.4051E+01     2.000     6   7.8709
     6540     0.00000     0.7024E+01     2.000     6   7.8720
     6542     0.00000     0.3631E+01     2.000     6   7.8738
     6543     0.00000     0.4094E+01     2.000     7   7.8746
     6544     0.00000     0.4469E+01     2.000     7   7.8747
     6545     0.00000     0.4444E+01     2.000     6   7.8752
     6546     0.00000     0.6830E+01     2.000     7   7.8747
     6548     0.00000     0.5645E+01     2.000     7   7.8761
     6549     0.00000     0.7310E+01     2.000     7   7.8766
     6550     0.00000     0.3774E+01     2.000     6   7.8772
     6551     0.00000     0.5363E+01     2.000     7   7.8780
     6552     0.00000     0.5121E+01     2.000     7   7.8780
     6553     0.00000     0.3572E+01     2.000     7   7.8780
     6555     0.00000     0.4223E+01     2.000     6   7.8791
     6556     0.00000     0.7224E+01     2.000     7   7.8798
     6557     0.00000     0.3888E+01     2.000     7   7.8812
     6558     0.00000     0.3302E+01     2.000     6   7.8819
     6559     0.00000     0.3311E+01     2.000     6   7.8819
     6560     0.00000     0.5640E+01     2.000     7   7.8820
     6561     0.00000     0.6014E+01     2.000     7   7.8829
     6562     0.00000     0.3404E+01     2.000     6   7.8833
     6563     0.00000     0.4682E+01     2.000     6   7.8838
     6564     0.00000     0.2288E+02     2.000     7   7.8840
     6565     0.00000     0.4377E+01     2.000     7   7.8851
     6566     0.00000     0.9684E+01     2.000     7   7.8850
     6567     0.00000     0.6210E+01     2.000     7   7.8854
     6569     0.00000     0.3151E+01     2.000     6   7.8862
     6570     0.00000     0.3320E+01     2.000     6   7.8870
     6572     0.00000     0.4384E+01     2.000     7   7.8877
     6574     0.00000     0.3633E+01     2.000     6   7.8893
     6575     0.00000     0.3136E+01     2.000     7   7.8899
     6576     0.00000     0.6005E+01     2.000     6   7.8904
     6577     0.00000     0.3479E+01     2.000     7   7.8913
     6578     0.00000     0.6091E+01     2.000     7   7.8919
     6579     0.00000     0.4098E+01     2.000     6   7.8931
     6581     0.00000     0.7393E+01     2.000     7   7.8942
     6582     0.00000     0.7363E+01     2.000     7   7.8942
     6583     0.00000     0.2853E+01     2.000     6   7.8944
     6584     0.00000     0.2849E+01     2.000     6   7.8944
     6585     0.00000     0.4138E+01     2.000     6   7.8948
     6586     0.00000     0.4638E+01     2.000     6   7.8956
     6587     0.00000     0.5875E+01     2.000     5   7.8963
     6588     0.00000     0.3071E+01     2.000     7   7.8968
     6589     0.00000     0.5192E+01     2.000     7   7.8979
     6590     0.00000     0.5917E+01     2.000     7   7.8982
     6591     0.00000     0.1031E+02     2.000     7   7.8987
     6592     0.00000     0.6087E+01     2.000     6   7.8984
     6593     0.00000     0.2913E+01     2.000     6   7.8993
     6594     0.00000     0.3009E+01     2.000     6   7.8993
     6596     0.00000     0.8698E+01     2.000     7   7.9016
     6598     0.00000     0.3884E+01     2.000     7   7.9020
     6599     0.00000     0.3221E+01     2.000     6   7.9026
     6600     0.00000     0.6006E+01     2.000     7   7.9030
     6601     0.00000     0.3682E+01     2.000     7   7.9029
     6602     0.00000     0.3111E+01     2.000     7   7.9035
     6603     0.00000     0.2825E+01     2.000     7   7.9041
     6605     0.00000     0.9643E+01     2.000     7   7.9073
     6606     0.00000     0.6445E+01     2.000     7   7.9072
     6608     0.00000     0.4068E+01     2.000     6   7.9088
     6609     0.00000     0.4353E+01     2.000     6   7.9085
     6610     0.00000     0.2983E+01     2.000     7   7.9088
     6611     0.00000     0.6932E+01     2.000     7   7.9087
     6612     0.00000     0.6206E+01     2.000     7   7.9102
     6613     0.00000     0.7851E+01     2.000     7   7.9102
     6615     0.00000     0.4418E+01     2.000     6   7.9109
     6616     0.00000     0.3059E+01     2.000     7   7.9111
     6617     0.00000     0.6047E+01     2.000     6   7.9115
     6618     0.00000     0.8267E+01     2.000     7   7.9119
     6619     0.00000     0.3180E+01     2.000     7   7.9118
     6620     0.00000     0.3227E+01     2.000     7   7.9118
     6621     0.00000     0.7415E+01     2.000     7   7.9127
     6622     0.00000     0.8854E+01     2.000     7   7.9130
     6623     0.00000     0.4037E+01     2.000     7   7.9134
     6625     0.00000     0.7391E+01     2.000     7   7.9140
     6626     0.00000     0.7376E+01     2.000     7   7.9140
     6627     0.00000     0.6510E+01     2.000     6   7.9151
     6628     0.00000     0.2704E+01     2.000     6   7.9150
     6629     0.00000     0.2792E+01     2.000     7   7.9152
     6630     0.00000     0.4415E+01     2.000     7   7.9152
     6631     0.00000     0.9272E+01     2.000     7   7.9158
     6633     0.00000     0.1410E+02     2.000     7   7.9166
     6634     0.00000     0.3935E+01     2.000     7   7.9166
     6635     0.00000     0.5403E+01     2.000     6   7.9171
     6636     0.00000     0.5793E+01     2.000     7   7.9169
     6637     0.00000     0.5770E+01     2.000     7   7.9169
     6639     0.00000     0.4935E+01     2.000     7   7.9177
     6640     0.00000     0.5090E+01     2.000     7   7.9177
     6642     0.00000     0.3202E+01     2.000     7   7.9185
     6643     0.00000     0.3238E+01     2.000     7   7.9185
     6644     0.00000     0.6811E+01     2.000     6   7.9199
     6645     0.00000     0.6754E+01     2.000     6   7.9208
     6647     0.00000     0.2967E+01     2.000     7   7.9213
     6649     0.00000     0.2737E+01     2.000     7   7.9229
     6650     0.00000     0.4955E+01     2.000     6   7.9238
     6651     0.00000     0.3551E+01     2.000     7   7.9235
     6652     0.00000     0.2697E+01     2.000     5   7.9240
     6653     0.00000     0.6333E+01     2.000     7   7.9241
     6654     0.00000     0.3721E+01     2.000     7   7.9245
     6655     0.00000     0.2777E+01     2.000     7   7.9254
     6656     0.00000     0.6216E+01     2.000     7   7.9265
     6657     0.00000     0.4176E+01     2.000     5   7.9272
     6658     0.00000     0.5295E+01     2.000     7   7.9280
     6659     0.00000     0.8124E+01     2.000     7   7.9281
     6660     0.00000     0.8021E+01     2.000     7   7.9282
     6661     0.00000     0.5576E+01     2.000     7   7.9285
     6662     0.00000     0.4902E+01     2.000     7   7.9293
     6663     0.00000     0.4952E+01     2.000     7   7.9293
     6664     0.00000     0.5189E+01     2.000     7   7.9298
     6665     0.00000     0.6076E+01     2.000     6   7.9313
     6666     0.00000     0.5384E+01     2.000     7   7.9317
     6667     0.00000     0.5410E+01     2.000     7   7.9317
     6668     0.00000     0.3766E+01     2.000     6   7.9316
     6669     0.00000     0.3009E+01     2.000     6   7.9327
     6670     0.00000     0.6664E+01     2.000     7   7.9324
     6671     0.00000     0.3425E+01     2.000     5   7.9331
     6672     0.00000     0.2673E+01     2.000     7   7.9338
     6674     0.00000     0.2814E+01     2.000     6   7.9335
     6675     0.00000     0.3552E+01     2.000     7   7.9343
     6677     0.00000     0.3002E+01     2.000     7   7.9368
     6678     0.00000     0.4237E+01     2.000     7   7.9370
     6679     0.00000     0.5818E+01     2.000     7   7.9375
     6680     0.00000     0.7749E+01     2.000     6   7.9382
     6681     0.00000     0.8892E+01     2.000     7   7.9388
     6682     0.00000     0.4987E+01     2.000     7   7.9387
     6683     0.00000     0.5776E+01     2.000     7   7.9388
     6684     0.00000     0.4900E+01     2.000     6   7.9399
     6685     0.00000     0.6194E+01     2.000     6   7.9395
     6686     0.00000     0.5369E+01     2.000     7   7.9404
     6687     0.00000     0.4639E+01     2.000     7   7.9408
     6688     0.00000     0.2745E+01     2.000     6   7.9409
     6689     0.00000     0.2929E+01     2.000     7   7.9407
     6690     0.00000     0.6974E+01     2.000     7   7.9405
     6692     0.00000     0.5880E+01     2.000     6   7.9418
     6693     0.00000     0.1381E+02     2.000     7   7.9415
     6694     0.00000     0.9268E+01     2.000     7   7.9422
     6695     0.00000     0.4578E+01     2.000     6   7.9434
     6696     0.00000     0.4900E+01     2.000     6   7.9436
     6697     0.00000     0.3942E+01     2.000     6   7.9436
     6698     0.00000     0.5842E+01     2.000     7   7.9436
     6699     0.00000     0.1189E+02     2.000     7   7.9436
     6700     0.00000     0.3204E+01     2.000     6   7.9440
     6702     0.00000     0.2728E+01     2.000     7   7.9440
     6703     0.00000     0.1242E+02     2.000     7   7.9450
     6705     0.00000     0.8776E+01     2.000     7   7.9459
     6706     0.00000     0.1003E+02     2.000     7   7.9463
     6708     0.00000     0.5951E+01     2.000     7   7.9462
     6709     0.00000     0.5073E+01     2.000     6   7.9476
     6710     0.00000     0.4902E+01     2.000     7   7.9500
     6712     0.00000     0.3216E+01     2.000     7   7.9506
     6714     0.00000     0.4541E+01     2.000     6   7.9528
     6715     0.00000     0.6460E+01     2.000     7   7.9548
     6716     0.00000     0.1228E+02     2.000     7   7.9548
     6717     0.00000     0.4190E+01     2.000     7   7.9554
     6718     0.00000     0.2715E+01     2.000     7   7.9567
     6719     0.00000     0.8188E+01     2.000     7   7.9566
     6721     0.00000     0.4892E+01     2.000     7   7.9587
     6722     0.00000     0.4718E+01     2.000     7   7.9587
     6724     0.00000     0.5030E+01     2.000     7   7.9586
     6725     0.00000     0.5914E+01     2.000     7   7.9616
     6726     0.00000     0.6733E+01     2.000     6   7.9621
     6727     0.00000     0.7904E+01     2.000     7   7.9623
     6728     0.00000     0.4699E+01     2.000     7   7.9626
     6729     0.00000     0.5129E+01     2.000     7   7.9626
     6730     0.00000     0.4079E+01     2.000     6   7.9630
     6731     0.00000     0.1144E+02     2.000     7   7.9635
     6732     0.00000     0.4718E+01     2.000     6   7.9655
     6733     0.00000     0.3904E+01     2.000     6   7.9653
     6734     0.00000     0.7796E+01     2.000     7   7.9651
     6735     0.00000     0.8835E+01     2.000     7   7.9651
     6736     0.00000     0.3477E+01     2.000     7   7.9660
     6737     0.00000     0.4872E+01     2.000     7   7.9685
     6738     0.00000     0.6355E+01     2.000     7   7.9688
     6739     0.00000     0.4103E+01     2.000     6   7.9697
     6740     0.00000     0.8517E+01     2.000     6   7.9703
     6741     0.00000     0.3297E+01     2.000     7   7.9710
     6743     0.00000     0.5335E+01     2.000     7   7.9728
     6744     0.00000     0.3427E+01     2.000     7   7.9729
     6745     0.00000     0.5250E+01     2.000     7   7.9732
     6747     0.00000     0.1294E+02     2.000     7   7.9744
     6748     0.00000     0.1035E+02     2.000     7   7.9744
     6749     0.00000     0.2872E+01     2.000     7   7.9748
     6750     0.00000     0.4664E+01     2.000     6   7.9746
     6751     0.00000     0.7709E+01     2.000     7   7.9747
     6752     0.00000     0.6818E+01     2.000     7   7.9747
     6753     0.00000     0.6794E+01     2.000     7   7.9747
     6754     0.00000     0.5304E+01     2.000     5   7.9759
     6755     0.00000     0.4787E+01     2.000     7   7.9758
     6756     0.00000     0.3156E+01     2.000     7   7.9762
     6757     0.00000     0.6797E+01     2.000     6   7.9762
     6758     0.00000     0.9862E+01     2.000     7   7.9767
     6759     0.00000     0.5308E+01     2.000     7   7.9776
     6760     0.00000     0.8300E+01     2.000     7   7.9786
     6761     0.00000     0.3170E+01     2.000     7   7.9792
     6762     0.00000     0.3614E+01     2.000     7   7.9792
     6764     0.00000     0.2848E+01     2.000     7   7.9806
     6765     0.00000     0.4132E+01     2.000     7   7.9809
     6767     0.00000     0.3197E+01     2.000     7   7.9840
     6768     0.00000     0.2871E+01     2.000     7   7.9841
     6769     0.00000     0.4270E+01     2.000     6   7.9870
     6770     0.00000     0.6778E+01     2.000     7   7.9870
     6771     0.00000     0.5792E+01     2.000     7   7.9872
     6772     0.00000     0.4359E+01     2.000     7   7.9894
     6773     0.00000     0.3729E+01     2.000     7   7.9892
     6774     0.00000     0.2919E+01     2.000     7   7.9898
     6775     0.00000     0.4553E+01     2.000     7   7.9901
     6776     0.00000     0.3721E+01     2.000     7   7.9897
     6777     0.00000     0.3122E+01     2.000     6   7.9905
     6778     0.00000     0.5691E+01     2.000     7   7.9905
     6779     0.00000     0.4100E+01     2.000     7   7.9907
     6780     0.00000     0.5505E+01     2.000     7   7.9928
     6781     0.00000     0.7765E+01     2.000     7   7.9927
     6783     0.00000     0.5420E+01     2.000     6   7.9938
     6784     0.00000     0.5249E+01     2.000     6   7.9938
     6785     0.00000     0.5407E+01     2.000     6   7.9938
     6786     0.00000     0.3379E+01     2.000     7   7.9939
     6787     0.00000     0.7799E+01     2.000     7   7.9963
     6788     0.00000     0.9070E+01     2.000     7   7.9968
     6789     0.00000     0.3017E+01     2.000     7   7.9976
     6790     0.00000     0.8580E+01     2.000     7   7.9979
     6791     0.00000     0.5102E+01     2.000     7   7.9983
     6792     0.00000     0.3564E+01     2.000     7   7.9991
     6793     0.00000     0.4518E+01     2.000     6   7.9997
     6794     0.00000     0.1457E+02     2.000     7   8.0004
     6795     0.00000     0.3220E+01     2.000     7   8.0004
     6798     0.00000     0.5642E+01     2.000     7   8.0041
     6799     0.00000     0.4839E+01     2.000     7   8.0051
     6800     0.00000     0.4955E+01     2.000     7   8.0051
     6801     0.00000     0.9744E+01     2.000     7   8.0051
     6802     0.00000     0.1496E+02     2.000     7   8.0053
     6803     0.00000     0.1433E+02     2.000     7   8.0053
     6807     0.00000     0.7486E+01     2.000     7   8.0084
     6808     0.00000     0.4839E+01     2.000     5   8.0102
     6809     0.00000     0.4321E+01     2.000     7   8.0107
     6810     0.00000     0.1169E+02     2.000     7   8.0112
     6812     0.00000     0.4046E+01     2.000     7   8.0141
     6813     0.00000     0.5795E+01     2.000     7   8.0151
     6814     0.00000     0.5865E+01     2.000     7   8.0151
     6815     0.00000     0.9151E+01     2.000     7   8.0155
     6816     0.00000     0.4090E+01     2.000     6   8.0174
     6817     0.00000     0.3705E+01     2.000     6   8.0174
     6818     0.00000     0.4961E+01     2.000     6   8.0185
     6819     0.00000     0.5523E+01     2.000     7   8.0201
     6820     0.00000     0.1142E+02     2.000     7   8.0203
     6821     0.00000     0.6575E+01     2.000     7   8.0212
     6822     0.00000     0.9465E+01     2.000     7   8.0226
     6824     0.00000     0.6396E+01     2.000     6   8.0229
     6825     0.00000     0.3465E+01     2.000     7   8.0232
     6826     0.00000     0.3327E+01     2.000     7   8.0232
     6827     0.00000     0.4237E+01     2.000     7   8.0234
     6828     0.00000     0.3469E+01     2.000     7   8.0246
     6829     0.00000     0.6231E+01     2.000     7   8.0246
     6830     0.00000     0.6442E+01     2.000     7   8.0242
     6831     0.00000     0.3994E+01     2.000     7   8.0251
     6832     0.00000     0.3993E+01     2.000     7   8.0254
     6833     0.00000     0.4535E+01     2.000     6   8.0262
     6834     0.00000     0.5878E+01     2.000     7   8.0258
     6835     0.00000     0.2924E+01     2.000     7   8.0267
     6836     0.00000     0.3736E+01     2.000     7   8.0265
     6837     0.00000     0.4014E+01     2.000     7   8.0273
     6838     0.00000     0.9292E+01     2.000     7   8.0288
     6839     0.00000     0.9621E+01     2.000     7   8.0288
     6840     0.00000     0.4740E+01     2.000     7   8.0292
     6841     0.00000     0.5615E+01     2.000     7   8.0292
     6842     0.00000     0.3582E+01     2.000     6   8.0297
     6843     0.00000     0.2728E+01     2.000     7   8.0295
     6844     0.00000     0.4167E+01     2.000     7   8.0306
     6845     0.00000     0.5732E+01     2.000     7   8.0311
     6846     0.00000     0.6221E+01     2.000     7   8.0320
     6847     0.00000     0.5523E+01     2.000     7   8.0325
     6848     0.00000     0.1042E+02     2.000     7   8.0327
     6849     0.00000     0.3806E+01     2.000     7   8.0331
     6850     0.00000     0.5603E+01     2.000     7   8.0336
     6851     0.00000     0.8815E+01     2.000     7   8.0351
     6852     0.00000     0.5415E+01     2.000     7   8.0365
     6853     0.00000     0.4609E+01     2.000     7   8.0365
     6854     0.00000     0.5810E+01     2.000     7   8.0370
     6855     0.00000     0.3388E+01     2.000     7   8.0369
     6856     0.00000     0.6669E+01     2.000     7   8.0375
     6858     0.00000     0.9541E+01     2.000     7   8.0374
     6859     0.00000     0.6508E+01     2.000     7   8.0393
     6860     0.00000     0.4682E+01     2.000     7   8.0393
     6861     0.00000     0.5074E+01     2.000     7   8.0397
     6862     0.00000     0.4015E+01     2.000     7   8.0417
     6863     0.00000     0.5043E+01     2.000     7   8.0417
     6864     0.00000     0.6463E+01     2.000     7   8.0435
     6866     0.00000     0.5684E+01     2.000     7   8.0443
     6867     0.00000     0.4634E+01     2.000     6   8.0446
     6868     0.00000     0.3403E+01     2.000     7   8.0445
     6869     0.00000     0.7017E+01     2.000     6   8.0451
     6870     0.00000     0.4259E+01     2.000     6   8.0461
     6871     0.00000     0.5371E+01     2.000     7   8.0462
     6872     0.00000     0.6224E+01     2.000     7   8.0462
     6874     0.00000     0.1281E+02     2.000     7   8.0511
     6875     0.00000     0.3925E+01     2.000     7   8.0517
     6876     0.00000     0.6121E+01     2.000     7   8.0536
     6877     0.00000     0.5276E+01     2.000     6   8.0541
     6878     0.00000     0.3493E+01     2.000     7   8.0542
     6879     0.00000     0.4332E+01     2.000     6   8.0546
     6880     0.00000     0.5049E+01     2.000     6   8.0546
     6881     0.00000     0.3923E+01     2.000     7   8.0546
     6882     0.00000     0.3255E+01     2.000     7   8.0546
     6884     0.00000     0.6652E+01     2.000     6   8.0560
     6885     0.00000     0.5435E+01     2.000     7   8.0565
     6886     0.00000     0.2823E+02     2.000     7   8.0566
     6887     0.00000     0.4194E+01     2.000     7   8.0572
     6888     0.00000     0.5482E+01     2.000     7   8.0575
     6889     0.00000     0.4435E+01     2.000     7   8.0575
     6890     0.00000     0.2705E+01     2.000     7   8.0581
     6891     0.00000     0.3303E+01     2.000     7   8.0581
     6892     0.00000     0.3597E+01     2.000     7   8.0587
     6893     0.00000     0.3577E+01     2.000     7   8.0587
     6894     0.00000     0.6102E+01     2.000     6   8.0602
     6895     0.00000     0.8730E+01     2.000     7   8.0605
     6896     0.00000     0.5353E+01     2.000     7   8.0617
     6897     0.00000     0.4332E+01     2.000     7   8.0618
     6898     0.00000     0.5304E+01     2.000     7   8.0617
     6899     0.00000     0.4058E+01     2.000     7   8.0624
     6900     0.00000     0.5845E+01     2.000     7   8.0626
     6901     0.00000     0.3500E+01     2.000     6   8.0639
     6902     0.00000     0.1162E+02     2.000     7   8.0660
     6903     0.00000     0.1389E+02     2.000     7   8.0660
     6904     0.00000     0.2757E+01     2.000     7   8.0674
     6905     0.00000     0.4813E+01     2.000     7   8.0686
     6906     0.00000     0.6817E+01     2.000     6   8.0696
     6907     0.00000     0.5366E+01     2.000     7   8.0708
     6908     0.00000     0.5225E+01     2.000     7   8.0708
     6909     0.00000     0.7441E+01     2.000     7   8.0710
     6910     0.00000     0.3765E+01     2.000     7   8.0714
     6911     0.00000     0.1124E+02     2.000     7   8.0719
     6913     0.00000     0.6278E+01     2.000     6   8.0725
     6914     0.00000     0.3474E+01     2.000     7   8.0726
     6916     0.00000     0.7501E+01     2.000     7   8.0728
     6918     0.00000     0.7795E+01     2.000     7   8.0744
     6919     0.00000     0.2920E+01     2.000     7   8.0753
     6920     0.00000     0.5256E+01     2.000     7   8.0751
     6922     0.00000     0.3587E+01     2.000     7   8.0756
     6924     0.00000     0.2914E+01     2.000     6   8.0764
     6925     0.00000     0.3411E+01     2.000     6   8.0764
     6926     0.00000     0.4702E+01     2.000     7   8.0768
     6927     0.00000     0.4134E+01     2.000     6   8.0772
     6928     0.00000     0.8665E+01     2.000     7   8.0770
     6929     0.00000     0.7987E+01     2.000     7   8.0770
     6930     0.00000     0.5427E+01     2.000     7   8.0785
     6931     0.00000     0.6972E+01     2.000     7   8.0790
     6932     0.00000     0.3245E+01     2.000     7   8.0802
     6933     0.00000     0.5693E+01     2.000     7   8.0801
     6934     0.00000     0.5486E+01     2.000     7   8.0808
     6935     0.00000     0.6378E+01     2.000     7   8.0810
     6936     0.00000     0.2669E+01     2.000     7   8.0818
     6937     0.00000     0.4691E+01     2.000     7   8.0832
     6938     0.00000     0.4555E+01     2.000     7   8.0832
     6939     0.00000     0.5802E+01     2.000     7   8.0835
     6940     0.00000     0.5592E+01     2.000     7   8.0835
     6941     0.00000     0.3323E+01     2.000     6   8.0839
     6942     0.00000     0.3562E+01     2.000     6   8.0839
     6943     0.00000     0.6127E+01     2.000     7   8.0841
     6945     0.00000     0.3734E+01     2.000     7   8.0852
     6946     0.00000     0.3669E+01     2.000     7   8.0861
     6947     0.00000     0.3014E+01     2.000     7   8.0872
     6948     0.00000     0.1325E+02     2.000     7   8.0880
     6949     0.00000     0.7581E+01     2.000     7   8.0881
     6950     0.00000     0.3600E+01     2.000     7   8.0881
     6951     0.00000     0.7333E+01     2.000     7   8.0881
     6952     0.00000     0.8899E+01     2.000     7   8.0881
     6953     0.00000     0.8072E+01     2.000     7   8.0886
     6954     0.00000     0.3351E+01     2.000     7   8.0888
     6955     0.00000     0.7459E+01     2.000     7   8.0895
     6956     0.00000     0.8183E+01     2.000     7   8.0895
     6957     0.00000     0.8510E+01     2.000     7   8.0895
     6958     0.00000     0.3111E+01     2.000     7   8.0903
     6959     0.00000     0.3115E+01     2.000     7   8.0902
     6960     0.00000     0.3155E+01     2.000     7   8.0902
     6961     0.00000     0.4562E+01     2.000     7   8.0909
     6962     0.00000     0.5385E+01     2.000     7   8.0909
     6963     0.00000     0.4747E+01     2.000     7   8.0911
     6964     0.00000     0.5667E+01     2.000     7   8.0918
     6965     0.00000     0.3658E+01     2.000     7   8.0938
     6966     0.00000     0.7740E+01     2.000     7   8.0938
     6967     0.00000     0.5913E+01     2.000     6   8.0945
     6969     0.00000     0.4887E+01     2.000     7   8.0964
     6970     0.00000     0.4799E+01     2.000     7   8.0975
     6971     0.00000     0.3771E+01     2.000     7   8.0971
     6974     0.00000     0.3693E+01     2.000     7   8.0988
     6975     0.00000     0.6075E+01     2.000     7   8.0989
     6976     0.00000     0.5103E+01     2.000     7   8.0997
     6977     0.00000     0.5366E+01     2.000     7   8.1006
     6978     0.00000     0.3338E+01     2.000     7   8.1014
     6979     0.00000     0.5756E+01     2.000     7   8.1020
     6980     0.00000     0.3006E+01     2.000     7   8.1023
     6983     0.00000     0.1078E+02     2.000     6   8.1058
     6984     0.00000     0.3527E+01     2.000     7   8.1060
     6985     0.00000     0.3563E+01     2.000     7   8.1061
     6987     0.00000     0.6119E+01     2.000     6   8.1068
     6988     0.00000     0.5674E+01     2.000     6   8.1068
     6989     0.00000     0.3475E+01     2.000     7   8.1067
     6990     0.00000     0.3298E+01     2.000     7   8.1072
     6991     0.00000     0.7391E+01     2.000     7   8.1071
     6993     0.00000     0.3443E+01     2.000     7   8.1091
     6994     0.00000     0.2807E+01     2.000     7   8.1091
     6996     0.00000     0.5048E+01     2.000     7   8.1113
     6997     0.00000     0.5853E+01     2.000     7   8.1113
     6999     0.00000     0.2711E+01     2.000     6   8.1138
     7000     0.00000     0.5500E+01     2.000     7   8.1143
     7001     0.00000     0.3485E+01     2.000     7   8.1145
     7002     0.00000     0.3331E+01     2.000     7   8.1145
     7003     0.00000     0.4813E+01     2.000     7   8.1173
     7004     0.00000     0.3298E+01     2.000     7   8.1173
     7006     0.00000     0.3300E+01     2.000     7   8.1187
     7007     0.00000     0.3292E+01     2.000     7   8.1187
     7008     0.00000     0.3372E+01     2.000     7   8.1188
     7009     0.00000     0.3744E+01     2.000     7   8.1188
     7011     0.00000     0.6210E+01     2.000     7   8.1195
     7012     0.00000     0.5887E+01     2.000     7   8.1204
     7013     0.00000     0.5082E+01     2.000     7   8.1207
     7014     0.00000     0.4084E+01     2.000     7   8.1212
     7015     0.00000     0.4995E+01     2.000     7   8.1224
     7016     0.00000     0.4952E+01     2.000     7   8.1224
     7017     0.00000     0.3606E+01     2.000     7   8.1241
     7018     0.00000     0.3725E+01     2.000     7   8.1280
     7019     0.00000     0.9416E+01     2.000     7   8.1295
     7020     0.00000     0.4162E+01     2.000     7   8.1297
     7021     0.00000     0.4987E+01     2.000     7   8.1306
     7022     0.00000     0.7542E+01     2.000     7   8.1306
     7023     0.00000     0.7161E+01     2.000     7   8.1306
     7024     0.00000     0.7150E+01     2.000     7   8.1306
     7025     0.00000     0.8478E+01     2.000     7   8.1314
     7026     0.00000     0.4636E+01     2.000     5   8.1311
     7027     0.00000     0.5231E+01     2.000     7   8.1328
     7028     0.00000     0.2828E+01     2.000     7   8.1353
     7029     0.00000     0.6362E+01     2.000     7   8.1365
     7030     0.00000     0.6509E+01     2.000     7   8.1384
     7031     0.00000     0.7036E+01     2.000     7   8.1384
     7032     0.00000     0.3360E+01     2.000     6   8.1398
     7033     0.00000     0.6055E+01     2.000     6   8.1410
     7034     0.00000     0.5758E+01     2.000     7   8.1417
     7035     0.00000     0.9925E+01     2.000     7   8.1417
     7036     0.00000     0.8541E+01     2.000     7   8.1417
     7037     0.00000     0.9626E+01     2.000     7   8.1429
     7038     0.00000     0.4143E+01     2.000     7   8.1430
     7039     0.00000     0.4684E+01     2.000     7   8.1430
     7040     0.00000     0.3152E+01     2.000     7   8.1440
     7041     0.00000     0.6109E+01     2.000     7   8.1443
     7042     0.00000     0.3138E+01     2.000     7   8.1454
     7043     0.00000     0.3132E+01     2.000     7   8.1454
     7044     0.00000     0.3287E+01     2.000     7   8.1459
     7046     0.00000     0.6994E+01     2.000     7   8.1502
     7047     0.00000     0.7087E+01     2.000     7   8.1507
     7048     0.00000     0.6620E+01     2.000     7   8.1507
     7050     0.00000     0.4666E+01     2.000     7   8.1541
     7051     0.00000     0.5182E+01     2.000     7   8.1541
     7052     0.00000     0.5191E+01     2.000     7   8.1562
     7053     0.00000     0.3425E+01     2.000     7   8.1567
     7054     0.00000     0.3513E+01     2.000     6   8.1570
     7056     0.00000     0.4080E+01     2.000     7   8.1578
     7057     0.00000     0.7072E+01     2.000     7   8.1586
     7058     0.00000     0.4984E+01     2.000     6   8.1583
     7059     0.00000     0.5677E+01     2.000     7   8.1596
     7060     0.00000     0.8462E+01     2.000     7   8.1601
     7061     0.00000     0.6870E+01     2.000     7   8.1601
     7062     0.00000     0.4218E+01     2.000     7   8.1606
     7063     0.00000     0.4377E+01     2.000     7   8.1602
     7065     0.00000     0.5752E+01     2.000     7   8.1615
     7066     0.00000     0.3580E+01     2.000     7   8.1626
     7067     0.00000     0.5738E+01     2.000     7   8.1627
     7068     0.00000     0.7321E+01     2.000     6   8.1661
     7069     0.00000     0.6981E+01     2.000     7   8.1658
     7070     0.00000     0.3259E+01     2.000     7   8.1666
     7074     0.00000     0.3410E+01     2.000     7   8.1699
     7075     0.00000     0.6497E+01     2.000     7   8.1712
     7076     0.00000     0.7962E+01     2.000     7   8.1712
     7077     0.00000     0.5661E+01     2.000     7   8.1720
     7078     0.00000     0.4770E+01     2.000     7   8.1720
     7079     0.00000     0.6515E+01     2.000     6   8.1737
     7080     0.00000     0.4350E+01     2.000     7   8.1738
     7081     0.00000     0.4165E+01     2.000     7   8.1740
     7082     0.00000     0.9440E+01     2.000     7   8.1760
     7083     0.00000     0.1011E+02     2.000     7   8.1760
     7085     0.00000     0.6683E+01     2.000     7   8.1783
     7086     0.00000     0.3114E+01     2.000     7   8.1789
     7088     0.00000     0.9878E+01     2.000     7   8.1825
     7089     0.00000     0.3703E+01     2.000     7   8.1839
     7090     0.00000     0.7167E+01     2.000     7   8.1850
     7091     0.00000     0.3026E+01     2.000     7   8.1853
     7092     0.00000     0.2680E+01     2.000     6   8.1863
     7093     0.00000     0.2811E+01     2.000     7   8.1874
     7094     0.00000     0.7075E+01     2.000     7   8.1876
     7095     0.00000     0.3068E+01     2.000     6   8.1896
     7096     0.00000     0.3361E+01     2.000     7   8.1900
     7097     0.00000     0.1361E+02     2.000     7   8.1902
     7099     0.00000     0.6740E+01     2.000     7   8.1913
     7100     0.00000     0.7097E+01     2.000     7   8.1913
     7101     0.00000     0.7567E+01     2.000     7   8.1913
     7102     0.00000     0.6802E+01     2.000     7   8.1921
     7103     0.00000     0.1253E+02     2.000     7   8.1918
     7104     0.00000     0.3199E+01     2.000     7   8.1919
     7105     0.00000     0.2973E+01     2.000     7   8.1947
     7106     0.00000     0.6233E+01     2.000     7   8.1947
     7107     0.00000     0.3788E+01     2.000     7   8.1981
     7108     0.00000     0.3978E+01     2.000     7   8.1983
     7110     0.00000     0.6386E+01     2.000     7   8.1991
     7111     0.00000     0.3421E+01     2.000     7   8.2000
     7112     0.00000     0.2937E+01     2.000     6   8.2006
     7113     0.00000     0.2896E+01     2.000     7   8.2025
     7114     0.00000     0.9666E+01     2.000     7   8.2025
     7115     0.00000     0.1378E+02     2.000     7   8.2025
     7116     0.00000     0.4644E+01     2.000     7   8.2027
     7117     0.00000     0.2691E+01     2.000     6   8.2035
     7119     0.00000     0.4560E+01     2.000     7   8.2080
     7121     0.00000     0.3305E+01     2.000     7   8.2104
     7122     0.00000     0.4056E+01     2.000     7   8.2106
     7123     0.00000     0.7336E+01     2.000     7   8.2114
     7124     0.00000     0.9395E+01     2.000     7   8.2117
     7125     0.00000     0.8983E+01     2.000     7   8.2117
     7126     0.00000     0.9464E+01     2.000     7   8.2117
     7127     0.00000     0.2791E+01     2.000     6   8.2135
     7128     0.00000     0.7422E+01     2.000     7   8.2151
     7130     0.00000     0.5704E+01     2.000     6   8.2155
     7132     0.00000     0.3075E+01     2.000     6   8.2185
     7133     0.00000     0.4690E+01     2.000     7   8.2185
     7134     0.00000     0.1135E+02     2.000     7   8.2199
     7135     0.00000     0.1125E+02     2.000     7   8.2199
     7137     0.00000     0.3916E+01     2.000     7   8.2205
     7138     0.00000     0.4940E+01     2.000     7   8.2213
     7139     0.00000     0.4241E+01     2.000     7   8.2217
     7140     0.00000     0.2950E+01     2.000     7   8.2233
     7142     0.00000     0.4051E+01     2.000     7   8.2238
     7143     0.00000     0.4386E+01     2.000     7   8.2255
     7144     0.00000     0.6006E+01     2.000     6   8.2268
     7145     0.00000     0.5581E+01     2.000     6   8.2278
     7146     0.00000     0.3899E+01     2.000     7   8.2297
     7147     0.00000     0.6040E+01     2.000     7   8.2335
     7148     0.00000     0.4252E+01     2.000     7   8.2337
     7150     0.00000     0.3268E+01     2.000     7   8.2366
     7151     0.00000     0.3219E+01     2.000     7   8.2366
     7152     0.00000     0.9246E+01     2.000     7   8.2367
     7153     0.00000     0.1441E+02     2.000     7   8.2367
     7155     0.00000     0.5169E+01     2.000     7   8.2385
     7156     0.00000     0.3687E+01     2.000     7   8.2396
     7157     0.00000     0.7527E+01     2.000     7   8.2426
     7158     0.00000     0.7233E+01     2.000     7   8.2434
     7159     0.00000     0.6814E+01     2.000     7   8.2434
     7160     0.00000     0.7096E+01     2.000     7   8.2434
     7161     0.00000     0.4651E+01     2.000     7   8.2437
     7162     0.00000     0.5853E+01     2.000     7   8.2436
     7164     0.00000     0.3159E+01     2.000     7   8.2440
     7165     0.00000     0.3342E+01     2.000     7   8.2446
     7166     0.00000     0.4401E+01     2.000     7   8.2449
     7167     0.00000     0.4701E+01     2.000     7   8.2446
     7169     0.00000     0.6054E+01     2.000     7   8.2457
     7171     0.00000     0.3666E+01     2.000     7   8.2485
     7172     0.00000     0.7272E+01     2.000     7   8.2491
     7173     0.00000     0.9885E+01     2.000     7   8.2504
     7175     0.00000     0.4467E+01     2.000     7   8.2509
     7176     0.00000     0.2753E+01     2.000     7   8.2507
     7178     0.00000     0.4431E+01     2.000     6   8.2538
     7179     0.00000     0.5095E+01     2.000     7   8.2549
     7180     0.00000     0.4568E+01     2.000     7   8.2569
     7181     0.00000     0.4873E+01     2.000     7   8.2575
     7183     0.00000     0.8211E+01     2.000     7   8.2581
     7184     0.00000     0.7550E+01     2.000     7   8.2614
     7185     0.00000     0.5984E+01     2.000     6   8.2620
     7186     0.00000     0.9002E+01     2.000     7   8.2627
     7188     0.00000     0.4384E+01     2.000     7   8.2632
     7189     0.00000     0.2691E+01     2.000     6   8.2637
     7190     0.00000     0.2875E+01     2.000     7   8.2660
     7191     0.00000     0.6412E+01     2.000     7   8.2684
     7192     0.00000     0.8066E+01     2.000     7   8.2704
     7194     0.00000     0.4456E+01     2.000     7   8.2711
     7195     0.00000     0.7526E+01     2.000     7   8.2724
     7196     0.00000     0.3709E+01     2.000     7   8.2730
     7197     0.00000     0.2675E+01     2.000     7   8.2749
     7198     0.00000     0.3783E+01     2.000     7   8.2755
     7200     0.00000     0.3581E+01     2.000     7   8.2778
     7201     0.00000     0.4196E+01     2.000     7   8.2820
     7202     0.00000     0.3871E+01     2.000     7   8.2836
     7203     0.00000     0.5172E+01     2.000     7   8.2846
     7204     0.00000     0.9902E+01     2.000     7   8.2855
     7205     0.00000     0.6716E+01     2.000     7   8.2856
     7206     0.00000     0.4764E+01     2.000     7   8.2865
     7209     0.00000     0.5661E+01     2.000     7   8.2891
     7210     0.00000     0.5097E+01     2.000     7   8.2903
     7211     0.00000     0.8216E+01     2.000     7   8.2910
     7212     0.00000     0.5131E+01     2.000     7   8.2914
     7213     0.00000     0.3858E+01     2.000     6   8.2920
     7214     0.00000     0.2765E+01     2.000     7   8.2945
     7216     0.00000     0.3641E+01     2.000     7   8.2945
     7217     0.00000     0.1344E+02     2.000     7   8.2947
     7218     0.00000     0.3513E+01     2.000     4   8.2951
     7219     0.00000     0.4004E+01     2.000     4   8.2957
     7220     0.00000     0.2830E+01     2.000     5   8.2959
     7221     0.00000     0.2884E+01     2.000     5   8.2959
     7222     0.00000     0.7042E+01     2.000     7   8.2956
     7223     0.00000     0.1008E+02     2.000     7   8.2970
     7224     0.00000     0.9914E+01     2.000     7   8.2970
     7225     0.00000     0.7364E+01     2.000     5   8.2972
     7226     0.00000     0.6172E+01     2.000     6   8.2981
     7228     0.00000     0.4198E+01     2.000     7   8.2992
     7229     0.00000     0.4226E+01     2.000     7   8.2999
     7230     0.00000     0.4757E+01     2.000     7   8.3015
     7233     0.00000     0.2725E+01     2.000     7   8.3024
     7234     0.00000     0.8212E+01     2.000     7   8.3032
     7236     0.00000     0.9245E+01     2.000     7   8.3037
     7238     0.00000     0.4246E+01     2.000     6   8.3043
     7240     0.00000     0.7943E+01     2.000     7   8.3046
     7241     0.00000     0.5213E+01     2.000     7   8.3044
     7242     0.00000     0.5591E+01     2.000     7   8.3041
     7243     0.00000     0.5801E+01     2.000     7   8.3041
     7244     0.00000     0.3627E+01     2.000     7   8.3044
     7245     0.00000     0.5098E+01     2.000     7   8.3050
     7248     0.00000     0.5648E+01     2.000     7   8.3090
     7250     0.00000     0.7711E+01     2.000     7   8.3111
     7251     0.00000     0.3635E+01     2.000     7   8.3117
     7254     0.00000     0.2970E+01     2.000     7   8.3147
     7255     0.00000     0.5539E+01     2.000     7   8.3154
     7256     0.00000     0.6454E+01     2.000     7   8.3166
     7257     0.00000     0.3444E+01     2.000     7   8.3166
     7258     0.00000     0.5826E+01     2.000     7   8.3187
     7259     0.00000     0.5628E+01     2.000     7   8.3187
     7260     0.00000     0.6384E+01     2.000     7   8.3205
     7262     0.00000     0.7786E+01     2.000     7   8.3234
     7263     0.00000     0.4428E+01     2.000     6   8.3247
     7264     0.00000     0.4076E+01     2.000     7   8.3251
     7265     0.00000     0.2940E+01     2.000     7   8.3256
     7266     0.00000     0.3446E+01     2.000     7   8.3276
     7267     0.00000     0.1147E+02     2.000     7   8.3280
     7268     0.00000     0.6449E+01     2.000     7   8.3291
     7269     0.00000     0.3468E+01     2.000     7   8.3318
     7272     0.00000     0.1461E+02     2.000     7   8.3362
     7273     0.00000     0.4309E+01     2.000     7   8.3370
     7274     0.00000     0.9387E+01     2.000     7   8.3375
     7275     0.00000     0.3401E+01     2.000     7   8.3387
     7276     0.00000     0.6678E+01     2.000     7   8.3393
     7277     0.00000     0.3172E+01     2.000     4   8.3406
     7278     0.00000     0.3462E+01     2.000     7   8.3409
     7280     0.00000     0.3249E+01     2.000     7   8.3429
     7282     0.00000     0.3143E+01     2.000     7   8.3433
     7283     0.00000     0.6224E+01     2.000     7   8.3443
     7284     0.00000     0.3023E+01     2.000     7   8.3443
     7285     0.00000     0.4420E+01     2.000     7   8.3452
     7286     0.00000     0.2823E+01     2.000     4   8.3461
     7287     0.00000     0.8240E+01     2.000     7   8.3462
     7288     0.00000     0.1061E+02     2.000     7   8.3463
     7289     0.00000     0.6846E+01     2.000     7   8.3472
     7290     0.00000     0.5814E+01     2.000     7   8.3472
     7291     0.00000     0.5834E+01     2.000     5   8.3482
     7292     0.00000     0.3929E+01     2.000     7   8.3480
     7296     0.00000     0.2965E+01     2.000     7   8.3511
     7297     0.00000     0.6133E+01     2.000     7   8.3510
     7298     0.00000     0.7398E+01     2.000     7   8.3517
     7299     0.00000     0.6229E+01     2.000     7   8.3529
     7300     0.00000     0.5673E+01     2.000     7   8.3529
     7301     0.00000     0.3110E+01     2.000     7   8.3560
     7302     0.00000     0.9531E+01     2.000     7   8.3577
     7303     0.00000     0.8270E+01     2.000     7   8.3577
     7304     0.00000     0.3406E+01     2.000     7   8.3581
     7305     0.00000     0.3715E+01     2.000     7   8.3590
     7307     0.00000     0.2733E+01     2.000     7   8.3603
     7308     0.00000     0.4319E+01     2.000     7   8.3619
     7309     0.00000     0.8216E+01     2.000     7   8.3640
     7310     0.00000     0.3031E+01     2.000     7   8.3671
     7311     0.00000     0.8224E+01     2.000     7   8.3679
     7312     0.00000     0.3142E+01     2.000     7   8.3687
     7314     0.00000     0.3134E+01     2.000     7   8.3715
     7315     0.00000     0.5735E+01     2.000     7   8.3733
     7318     0.00000     0.5818E+01     2.000     7   8.3812
     7319     0.00000     0.6981E+01     2.000     7   8.3815
     7320     0.00000     0.6964E+01     2.000     7   8.3815
     7321     0.00000     0.2709E+01     2.000     7   8.3852
     7322     0.00000     0.4079E+01     2.000     6   8.3854
     7323     0.00000     0.3917E+01     2.000     6   8.3854
     7324     0.00000     0.3935E+01     2.000     6   8.3854
     7325     0.00000     0.1736E+02     2.000     7   8.3887
     7326     0.00000     0.2967E+01     2.000     7   8.3908
     7327     0.00000     0.5825E+01     2.000     7   8.3914
     7328     0.00000     0.6974E+01     2.000     7   8.3915
     7329     0.00000     0.2994E+01     2.000     7   8.3945
     7331     0.00000     0.4660E+01     2.000     7   8.3977
     7332     0.00000     0.8884E+01     2.000     7   8.3982
     7333     0.00000     0.3192E+01     2.000     7   8.3998
     7334     0.00000     0.6154E+01     2.000     7   8.4000
     7335     0.00000     0.6225E+01     2.000     7   8.4000
     7337     0.00000     0.3585E+01     2.000     7   8.4024
     7338     0.00000     0.3167E+01     2.000     7   8.4053
     7339     0.00000     0.4925E+01     2.000     7   8.4050
     7340     0.00000     0.8415E+01     2.000     7   8.4066
     7342     0.00000     0.6316E+01     2.000     7   8.4079
     7343     0.00000     0.5708E+01     2.000     6   8.4087
     7346     0.00000     0.7492E+01     2.000     7   8.4119
     7347     0.00000     0.6082E+01     2.000     7   8.4119
     7348     0.00000     0.7418E+01     2.000     7   8.4120
     7349     0.00000     0.6230E+01     2.000     7   8.4138
     7350     0.00000     0.5162E+01     2.000     6   8.4140
     7351     0.00000     0.4564E+01     2.000     6   8.4140
     7352     0.00000     0.9610E+01     2.000     7   8.4157
     7353     0.00000     0.6606E+01     2.000     7   8.4166
     7354     0.00000     0.3257E+01     2.000     7   8.4168
     7355     0.00000     0.1656E+02     2.000     7   8.4173
     7356     0.00000     0.3654E+01     2.000     7   8.4178
     7357     0.00000     0.4493E+01     2.000     7   8.4178
     7358     0.00000     0.7340E+01     2.000     7   8.4189
     7359     0.00000     0.1051E+02     2.000     7   8.4201
     7361     0.00000     0.4157E+01     2.000     7   8.4255
     7362     0.00000     0.3980E+01     2.000     7   8.4268
     7363     0.00000     0.7235E+01     2.000     7   8.4286
     7364     0.00000     0.8160E+01     2.000     7   8.4286
     7365     0.00000     0.7006E+01     2.000     7   8.4286
     7366     0.00000     0.4422E+01     2.000     7   8.4310
     7367     0.00000     0.2985E+01     2.000     7   8.4342
     7368     0.00000     0.9035E+01     2.000     7   8.4340
     7371     0.00000     0.3253E+01     2.000     6   8.4375
     7372     0.00000     0.3062E+01     2.000     6   8.4390
     7373     0.00000     0.4482E+01     2.000     7   8.4397
     7374     0.00000     0.5728E+01     2.000     7   8.4436
     7375     0.00000     0.6411E+01     2.000     7   8.4436
     7376     0.00000     0.3979E+01     2.000     7   8.4440
     7378     0.00000     0.8973E+01     2.000     7   8.4471
     7379     0.00000     0.8629E+01     2.000     7   8.4490
     7380     0.00000     0.7370E+01     2.000     7   8.4490
     7381     0.00000     0.4140E+01     2.000     6   8.4498
     7382     0.00000     0.5813E+01     2.000     7   8.4517
     7383     0.00000     0.4828E+01     2.000     7   8.4521
     7384     0.00000     0.4632E+01     2.000     7   8.4521
     7385     0.00000     0.5005E+01     2.000     7   8.4521
     7386     0.00000     0.6623E+01     2.000     7   8.4559
     7387     0.00000     0.5003E+01     2.000     7   8.4564
     7388     0.00000     0.3845E+01     2.000     7   8.4572
     7389     0.00000     0.9748E+01     2.000     7   8.4572
     7390     0.00000     0.7035E+01     2.000     7   8.4585
     7391     0.00000     0.5138E+01     2.000     7   8.4633
     7392     0.00000     0.4123E+01     2.000     7   8.4646
     7393     0.00000     0.7006E+01     2.000     7   8.4673
     7394     0.00000     0.6652E+01     2.000     7   8.4679
     7395     0.00000     0.6599E+01     2.000     7   8.4682
     7396     0.00000     0.4129E+01     2.000     6   8.4708
     7398     0.00000     0.6944E+01     2.000     7   8.4718
     7399     0.00000     0.4772E+01     2.000     6   8.4724
     7400     0.00000     0.6762E+01     2.000     7   8.4726
     7401     0.00000     0.2915E+01     2.000     7   8.4734
     7402     0.00000     0.6452E+01     2.000     7   8.4739
     7403     0.00000     0.4781E+01     2.000     7   8.4739
     7404     0.00000     0.3347E+01     2.000     7   8.4766
     7405     0.00000     0.5299E+01     2.000     7   8.4785
     7406     0.00000     0.7769E+01     2.000     7   8.4802
     7408     0.00000     0.6521E+01     2.000     7   8.4807
     7409     0.00000     0.6020E+01     2.000     7   8.4807
     7410     0.00000     0.3329E+01     2.000     7   8.4825
     7411     0.00000     0.3821E+01     2.000     7   8.4864
     7412     0.00000     0.7139E+01     2.000     7   8.4890
     7413     0.00000     0.3947E+01     2.000     7   8.4904
     7414     0.00000     0.8981E+01     2.000     7   8.4931
     7416     0.00000     0.4846E+01     2.000     7   8.4932
     7417     0.00000     0.4961E+01     2.000     7   8.4943
     7418     0.00000     0.5094E+01     2.000     7   8.4943
     7419     0.00000     0.6931E+01     2.000     7   8.4943
     7420     0.00000     0.4583E+01     2.000     6   8.4962
     7421     0.00000     0.7289E+01     2.000     7   8.4965
     7422     0.00000     0.6983E+01     2.000     7   8.5025
     7423     0.00000     0.7388E+01     2.000     7   8.5025
     7424     0.00000     0.4240E+01     2.000     7   8.5042
     7425     0.00000     0.3625E+01     2.000     7   8.5070
     7426     0.00000     0.9472E+01     2.000     7   8.5078
     7428     0.00000     0.7914E+01     2.000     7   8.5087
     7429     0.00000     0.1270E+02     2.000     7   8.5097
     7430     0.00000     0.6363E+01     2.000     7   8.5097
     7431     0.00000     0.6942E+01     2.000     7   8.5097
     7432     0.00000     0.6269E+01     2.000     7   8.5097
     7433     0.00000     0.8267E+01     2.000     7   8.5144
     7434     0.00000     0.7575E+01     2.000     7   8.5179
     7435     0.00000     0.5321E+01     2.000     7   8.5182
     7436     0.00000     0.2866E+01     2.000     7   8.5194
     7437     0.00000     0.4489E+01     2.000     7   8.5260
     7438     0.00000     0.2698E+01     2.000     7   8.5277
     7439     0.00000     0.3970E+01     2.000     7   8.5300
     7440     0.00000     0.5637E+01     2.000     7   8.5325
     7441     0.00000     0.8851E+01     2.000     7   8.5348
     7442     0.00000     0.1389E+02     2.000     7   8.5383
     7443     0.00000     0.1094E+02     2.000     7   8.5383
     7444     0.00000     0.2777E+01     2.000     7   8.5390
     7445     0.00000     0.8196E+01     2.000     7   8.5396
     7446     0.00000     0.4892E+01     2.000     7   8.5401
     7447     0.00000     0.2715E+01     2.000     6   8.5404
     7448     0.00000     0.3808E+01     2.000     6   8.5414
     7449     0.00000     0.8735E+01     2.000     7   8.5430
     7450     0.00000     0.5850E+01     2.000     7   8.5432
     7451     0.00000     0.2904E+01     2.000     7   8.5449
     7452     0.00000     0.9989E+01     2.000     7   8.5464
     7453     0.00000     0.5939E+01     2.000     7   8.5502
     7454     0.00000     0.5866E+01     2.000     7   8.5550
     7455     0.00000     0.5452E+01     2.000     7   8.5550
     7456     0.00000     0.6222E+01     2.000     7   8.5561
     7457     0.00000     0.5883E+01     2.000     7   8.5564
     7458     0.00000     0.3487E+01     2.000     7   8.5586
     7459     0.00000     0.3065E+01     2.000     6   8.5590
     7460     0.00000     0.5016E+01     2.000     7   8.5591
     7461     0.00000     0.3955E+01     2.000     7   8.5591
     7462     0.00000     0.4619E+01     2.000     6   8.5598
     7463     0.00000     0.6149E+01     2.000     7   8.5618
     7464     0.00000     0.5183E+01     2.000     7   8.5635
     7465     0.00000     0.6915E+01     2.000     7   8.5665
     7466     0.00000     0.8351E+01     2.000     7   8.5671
     7467     0.00000     0.6439E+01     2.000     7   8.5668
     7468     0.00000     0.6338E+01     2.000     7   8.5699
     7469     0.00000     0.3947E+01     2.000     7   8.5720
     7470     0.00000     0.4858E+01     2.000     7   8.5743
     7471     0.00000     0.4626E+01     2.000     7   8.5743
     7472     0.00000     0.3858E+01     2.000     6   8.5760
     7473     0.00000     0.6963E+01     2.000     7   8.5775
     7476     0.00000     0.5315E+01     2.000     7   8.5788
     7477     0.00000     0.4604E+01     2.000     6   8.5799
     7478     0.00000     0.9929E+01     2.000     7   8.5815
     7479     0.00000     0.4597E+01     2.000     7   8.5916
     7481     0.00000     0.4779E+01     2.000     7   8.5936
     7482     0.00000     0.8646E+01     2.000     7   8.5955
     7483     0.00000     0.2791E+01     2.000     7   8.5963
     7484     0.00000     0.3484E+01     2.000     6   8.6077
     7485     0.00000     0.3618E+01     2.000     7   8.6088
     7486     0.00000     0.4352E+01     2.000     7   8.6126
     7487     0.00000     0.4407E+01     2.000     6   8.6125
     7488     0.00000     0.3298E+01     2.000     7   8.6132
     7489     0.00000     0.3378E+01     2.000     7   8.6180
     7490     0.00000     0.8915E+01     2.000     7   8.6262
     7491     0.00000     0.4107E+01     2.000     7   8.6260
     7492     0.00000     0.1358E+02     2.000     7   8.6307
     7493     0.00000     0.3356E+01     2.000     7   8.6314
     7494     0.00000     0.4476E+01     2.000     7   8.6347
     7495     0.00000     0.5419E+01     2.000     7   8.6372
     7496     0.00000     0.6145E+01     2.000     7   8.6418
     7497     0.00000     0.3870E+01     2.000     7   8.6424
     7498     0.00000     0.3888E+01     2.000     6   8.6497
     7499     0.00000     0.3584E+01     2.000     7   8.6587
     7500     0.00000     0.1948E+02     2.000     7   8.6593
     7501     0.00000     0.6486E+01     2.000     7   8.6612
     7502     0.00000     0.9112E+01     2.000     7   8.6626
     7503     0.00000     0.5515E+01     2.000     7   8.6635
     7504     0.00000     0.4383E+01     2.000     7   8.6680
     7505     0.00000     0.4064E+01     2.000     7   8.6712
     7506     0.00000     0.4185E+01     2.000     7   8.6712
     7508     0.00000     0.2946E+01     2.000     7   8.6737
     7509     0.00000     0.1195E+02     2.000     7   8.6828
     7510     0.00000     0.4771E+01     2.000     7   8.6845
     7511     0.00000     0.3676E+01     2.000     7   8.6958
     7512     0.00000     0.3206E+01     2.000     7   8.6960
     7514     0.00000     0.3455E+01     2.000     7   8.6998
     7515     0.00000     0.6123E+01     2.000     7   8.6998
     7516     0.00000     0.4038E+01     2.000     7   8.7051
     7517     0.00000     0.5287E+01     2.000     6   8.7084
     7518     0.00000     0.5713E+01     2.000     7   8.7103
     7519     0.00000     0.6966E+01     2.000     7   8.7119
     7520     0.00000     0.7968E+01     2.000     7   8.7117
     7521     0.00000     0.5402E+01     2.000     7   8.7166
     7522     0.00000     0.5583E+01     2.000     7   8.7218
     7523     0.00000     0.3511E+01     2.000     6   8.7217
     7524     0.00000     0.5167E+01     2.000     7   8.7226
     7525     0.00000     0.3645E+01     2.000     7   8.7233
     7526     0.00000     0.1188E+02     2.000     7   8.7305
     7527     0.00000     0.4086E+01     2.000     7   8.7319
     7528     0.00000     0.4371E+01     2.000     7   8.7325
     7529     0.00000     0.6822E+01     2.000     7   8.7357
     7530     0.00000     0.3236E+01     2.000     7   8.7355
     7531     0.00000     0.3433E+01     2.000     6   8.7401
     7532     0.00000     0.8168E+01     2.000     7   8.7403
     7533     0.00000     0.4304E+01     2.000     7   8.7508
     7534     0.00000     0.4685E+01     2.000     7   8.7509
     7535     0.00000     0.3041E+01     2.000     7   8.7588
     7536     0.00000     0.6439E+01     2.000     7   8.7638
     7537     0.00000     0.2753E+01     2.000     6   8.7676
     7538     0.00000     0.3667E+01     2.000     7   8.7697
     7539     0.00000     0.3496E+01     2.000     6   8.7730
     7540     0.00000     0.2704E+01     2.000     7   8.7752
     7541     0.00000     0.5100E+01     2.000     7   8.7778
     7542     0.00000     0.3908E+01     2.000     7   8.7782
     7544     0.00000     0.3725E+01     2.000     5   8.7873
     7545     0.00000     0.4523E+01     2.000     7   8.7914
     7546     0.00000     0.4296E+01     2.000     7   8.7916
     7547     0.00000     0.5523E+01     2.000     7   8.7978
     7548     0.00000     0.4466E+01     2.000     6   8.8016
     7549     0.00000     0.5000E+01     2.000     7   8.8034
     7550     0.00000     0.4166E+01     2.000     7   8.8067
     7551     0.00000     0.3371E+01     2.000     7   8.8127
     7552     0.00000     0.2672E+01     2.000     5   8.8151
     7553     0.00000     0.6307E+01     2.000     7   8.8155
     7554     0.00000     0.2877E+01     2.000     5   8.8179
     7555     0.00000     0.3252E+01     2.000     6   8.8185
     7556     0.00000     0.5188E+01     2.000     6   8.8222
     7557     0.00000     0.2742E+01     2.000     6   8.8231
     7558     0.00000     0.6559E+01     2.000     7   8.8266
     7560     0.00000     0.3799E+01     2.000     6   8.8322
     7561     0.00000     0.3459E+01     2.000     7   8.8339
     7562     0.00000     0.6416E+01     2.000     7   8.8366
     7563     0.00000     0.4427E+01     2.000     7   8.8413
     7564     0.00000     0.3184E+01     2.000     6   8.8426
     7565     0.00000     0.3235E+01     2.000     6   8.8483
     7566     0.00000     0.3781E+01     2.000     7   8.8523
     7567     0.00000     0.4403E+01     2.000     6   8.8528
     7568     0.00000     0.3095E+01     2.000     6   8.8552
     7569     0.00000     0.5092E+01     2.000     7   8.8593
     7570     0.00000     0.3715E+01     2.000     7   8.8636
     7571     0.00000     0.6026E+01     2.000     7   8.8672
     7572     0.00000     0.1068E+02     2.000     7   8.8671
     7573     0.00000     0.3824E+01     2.000     7   8.8713
     7574     0.00000     0.6460E+01     2.000     7   8.8741
     7575     0.00000     0.2721E+01     2.000     5   8.8758
     7576     0.00000     0.5328E+01     2.000     7   8.8765
     7577     0.00000     0.5178E+01     2.000     6   8.8829
     7578     0.00000     0.4469E+01     2.000     7   8.8898
     7579     0.00000     0.6434E+01     2.000     7   8.8973
     7580     0.00000     0.6566E+01     2.000     7   8.9111
     7581     0.00000     0.4147E+01     2.000     6   8.9135
     7582     0.00000     0.4143E+01     2.000     7   8.9243
     7583     0.00000     0.6748E+01     2.000     7   8.9279
     7584     0.00000     0.5985E+01     2.000     7   8.9440
     7585     0.00000     0.2945E+01     2.000     5   8.9574
     7586     0.00000     0.3028E+01     2.000     6   8.9604
     7587     0.00000     0.3572E+01     2.000     7   8.9619
     7588     0.00000     0.3925E+01     2.000     7   8.9619
     7589     0.00000     0.9766E+01     2.000     7   8.9637
     7590     0.00000     0.3077E+01     2.000     7   8.9728
     7591     0.00000     0.5391E+01     2.000     7   8.9809
     7592     0.00000     0.5380E+01     2.000     7   8.9809
     7593     0.00000     0.5084E+01     2.000     7   8.9835
     7594     0.00000     0.3897E+01     2.000     7   8.9839
     7595     0.00000     0.3445E+01     2.000     6   8.9890
     7596     0.00000     0.6822E+01     2.000     7   8.9912
