# PATH  Rmax= 9.000,  Keep_limit= 0.00, Heap_limit 0.00  Pwcrit= 2.50%
 -----------------------------------------------------------------------
  pathindex     sig2   amp ratio    deg    nlegs  r effective
        1     0.00000     0.1000E+03     1.000     2   1.9837
        2     0.00000     0.9985E+02     1.000     2   1.9849
        3     0.00000     0.7021E+02     1.000     2   2.3291
        4     0.00000     0.6892E+02     1.000     2   2.3455
        5     0.00000     0.3612E+02     1.000     2   2.9243
        6     0.00000     0.8734E+01     1.000     2   2.9390
        7     0.00000     0.3467E+02     1.000     2   2.9703
        8     0.00000     0.3325E+02     1.000     2   3.0087
        9     0.00000     0.8149E+01     1.000     2   3.0183
       10     0.00000     0.3212E+02     1.000     2   3.0519
       11     0.00000     0.7793E+01     1.000     2   3.0704
       12     0.00000     0.5641E+02     2.000     3   3.1156
       13     0.00000     0.6143E+02     2.000     3   3.1363
       14     0.00000     0.7348E+01     1.000     2   3.1400
       15     0.00000     0.5664E+02     2.000     3   3.1848
       16     0.00000     0.7074E+01     1.000     2   3.1858
       17     0.00000     0.6048E+02     2.000     3   3.2086
       18     0.00000     0.6833E+01     1.000     2   3.2280
       19     0.00000     0.2810E+02     1.000     2   3.2324
       20     0.00000     0.2747E+02     1.000     2   3.2603
       21     0.00000     0.3511E+02     1.000     4   3.3024
       22     0.00000     0.2670E+02     1.000     4   3.3069
       23     0.00000     0.3068E+02     1.000     4   3.3609
       24     0.00000     0.3689E+02     1.000     4   3.3652
       25     0.00000     0.6042E+01     1.000     2   3.3816
       26     0.00000     0.2354E+02     1.000     2   3.4545
       27     0.00000     0.6651E+01     2.000     3   3.5712
       28     0.00000     0.9644E+01     2.000     3   3.6121
       29     0.00000     0.1036E+02     2.000     3   3.6316
       30     0.00000     0.5699E+01     2.000     3   3.6329
       31     0.00000     0.6213E+01     2.000     3   3.6359
       32     0.00000     0.6488E+01     2.000     3   3.6383
       33     0.00000     0.5677E+01     2.000     3   3.6586
       34     0.00000     0.5758E+01     2.000     3   3.6757
       35     0.00000     0.4779E+01     1.000     2   3.6907
       36     0.00000     0.2833E+02     2.000     3   3.6976
       37     0.00000     0.2857E+02     2.000     3   3.7037
       38     0.00000     0.8353E+01     2.000     3   3.7104
       39     0.00000     0.4701E+01     1.000     2   3.7133
       40     0.00000     0.1147E+02     2.000     4   3.7626
       41     0.00000     0.1081E+02     2.000     3   3.7836
       42     0.00000     0.8112E+01     2.000     3   3.8004
       43     0.00000     0.1265E+02     2.000     4   3.8043
       44     0.00000     0.1032E+02     2.000     4   3.8120
       45     0.00000     0.1603E+02     1.000     2   3.9584
       46     0.00000     0.1346E+02     1.000     4   3.9674
       47     0.00000     0.6683E+01     2.000     3   3.9684
       48     0.00000     0.4085E+01     2.000     4   3.9686
       49     0.00000     0.1342E+02     1.000     4   3.9697
       50     0.00000     0.1343E+02     2.000     3   3.9773
       51     0.00000     0.7701E+01     2.000     3   3.9844
       52     0.00000     0.7357E+01     2.000     3   3.9923
       53     0.00000     0.1545E+02     2.000     3   3.9963
       54     0.00000     0.6756E+01     2.000     3   4.0194
       55     0.00000     0.4543E+01     1.000     4   4.0307
       56     0.00000     0.1513E+02     1.000     2   4.0421
       57     0.00000     0.9862E+01     2.000     3   4.0474
       59     0.00000     0.1456E+02     1.000     2   4.0811
       62     0.00000     0.1430E+02     1.000     2   4.1064
       64     0.00000     0.4347E+01     1.000     4   4.1127
       65     0.00000     0.4056E+02     2.000     3   4.1187
       66     0.00000     0.3522E+01     1.000     2   4.1267
       67     0.00000     0.4242E+02     2.000     3   4.1307
       68     0.00000     0.8824E+01     1.000     4   4.1471
       69     0.00000     0.8827E+01     2.000     4   4.1530
       71     0.00000     0.3334E+02     1.000     4   4.1551
       72     0.00000     0.3093E+02     1.000     4   4.1564
       73     0.00000     0.3993E+01     1.000     4   4.1606
       74     0.00000     0.1384E+02     1.000     2   4.1631
       75     0.00000     0.9023E+01     1.000     4   4.1627
       76     0.00000     0.1376E+02     1.000     2   4.1652
       77     0.00000     0.3884E+02     2.000     3   4.1690
       78     0.00000     0.4160E+02     2.000     3   4.1836
       79     0.00000     0.4011E+02     2.000     3   4.1910
       80     0.00000     0.4751E+01     2.000     5   4.1938
       81     0.00000     0.3282E+02     1.000     4   4.2020
       82     0.00000     0.3551E+02     2.000     3   4.2067
       83     0.00000     0.5552E+02     2.000     4   4.2066
       84     0.00000     0.3987E+01     2.000     3   4.2131
       85     0.00000     0.6314E+01     2.000     5   4.2147
       86     0.00000     0.8991E+01     2.000     3   4.2160
       87     0.00000     0.3095E+02     1.000     4   4.2189
       88     0.00000     0.5411E+02     2.000     4   4.2310
       89     0.00000     0.1911E+02     2.000     4   4.2344
       90     0.00000     0.2086E+02     2.000     4   4.2384
       91     0.00000     0.1140E+02     2.000     3   4.2402
       92     0.00000     0.2517E+02     1.000     4   4.2463
       94     0.00000     0.1871E+02     2.000     4   4.2484
       95     0.00000     0.8589E+01     2.000     5   4.2520
       96     0.00000     0.6816E+01     2.000     5   4.2555
       97     0.00000     0.3817E+02     1.000     4   4.2569
       98     0.00000     0.4124E+01     2.000     5   4.2620
       99     0.00000     0.3418E+02     2.000     3   4.2680
      100     0.00000     0.1999E+02     2.000     4   4.2691
      101     0.00000     0.6901E+01     2.000     5   4.2848
      102     0.00000     0.2540E+02     1.000     4   4.2889
      103     0.00000     0.3019E+02     2.000     3   4.2907
      104     0.00000     0.5030E+02     2.000     4   4.2959
      105     0.00000     0.3402E+02     1.000     4   4.3070
      106     0.00000     0.4691E+02     2.000     4   4.3091
      107     0.00000     0.4515E+01     2.000     4   4.3128
      108     0.00000     0.5000E+01     2.000     3   4.3144
      109     0.00000     0.6792E+01     2.000     4   4.3139
      110     0.00000     0.2806E+01     1.000     4   4.3256
      112     0.00000     0.4207E+01     2.000     4   4.3292
      113     0.00000     0.3505E+01     2.000     4   4.3304
      114     0.00000     0.2332E+02     2.000     4   4.3374
      115     0.00000     0.2363E+02     2.000     4   4.3393
      116     0.00000     0.1021E+02     1.000     4   4.3537
      117     0.00000     0.4661E+02     2.000     4   4.3603
      118     0.00000     0.3215E+02     1.000     4   4.3729
      119     0.00000     0.4667E+02     2.000     4   4.3727
      120     0.00000     0.1657E+02     1.000     6   4.3807
      121     0.00000     0.1403E+02     1.000     6   4.3852
      122     0.00000     0.2167E+02     1.000     4   4.3859
      123     0.00000     0.7987E+02     2.000     5   4.3971
      124     0.00000     0.7695E+02     2.000     5   4.3980
      125     0.00000     0.5351E+01     2.000     3   4.4012
      126     0.00000     0.1149E+02     2.000     3   4.4085
      127     0.00000     0.5722E+01     2.000     3   4.4120
      128     0.00000     0.5453E+02     2.000     5   4.4145
      129     0.00000     0.2708E+02     1.000     4   4.4161
      131     0.00000     0.5325E+02     2.000     5   4.4258
      132     0.00000     0.2167E+02     1.000     4   4.4322
      133     0.00000     0.7426E+02     2.000     5   4.4377
      134     0.00000     0.1229E+02     1.000     6   4.4381
      135     0.00000     0.4314E+02     2.000     4   4.4441
      136     0.00000     0.4188E+02     2.000     4   4.4473
      137     0.00000     0.8714E+02     2.000     5   4.4482
      138     0.00000     0.2854E+01     1.000     2   4.4494
      139     0.00000     0.8092E+02     2.000     5   4.4550
      140     0.00000     0.7195E+02     2.000     5   4.4657
      141     0.00000     0.1001E+02     2.000     3   4.4692
      142     0.00000     0.7172E+02     2.000     5   4.4720
      143     0.00000     0.8233E+02     2.000     5   4.4730
      144     0.00000     0.7298E+01     2.000     5   4.4821
      145     0.00000     0.4074E+01     2.000     3   4.4849
      146     0.00000     0.4119E+01     2.000     4   4.4846
      147     0.00000     0.4412E+02     2.000     5   4.4960
      148     0.00000     0.1120E+02     1.000     2   4.4970
      149     0.00000     0.1167E+02     2.000     3   4.4981
      150     0.00000     0.2865E+01     1.000     4   4.5002
      151     0.00000     0.4377E+02     2.000     5   4.5035
      152     0.00000     0.4194E+02     2.000     5   4.5135
      153     0.00000     0.9724E+01     2.000     4   4.5146
      154     0.00000     0.2733E+01     1.000     2   4.5183
      155     0.00000     0.7371E+01     2.000     4   4.5192
      156     0.00000     0.2944E+01     2.000     4   4.5193
      157     0.00000     0.4202E+02     2.000     5   4.5306
      158     0.00000     0.3819E+01     1.000     4   4.5381
      159     0.00000     0.1294E+02     1.000     4   4.5468
      160     0.00000     0.7357E+02     2.000     5   4.5490
      161     0.00000     0.3280E+01     2.000     3   4.5499
      162     0.00000     0.6507E+02     2.000     5   4.5620
      163     0.00000     0.3617E+01     2.000     3   4.5666
      164     0.00000     0.6538E+02     2.000     5   4.5727
      165     0.00000     0.1020E+02     2.000     3   4.5836
      166     0.00000     0.6891E+02     2.000     5   4.5889
      168     0.00000     0.3276E+01     2.000     4   4.5926
      169     0.00000     0.2403E+02     2.000     3   4.6210
      170     0.00000     0.6518E+02     1.000     6   4.6210
      171     0.00000     0.7097E+01     2.000     3   4.6215
      172     0.00000     0.5362E+02     1.000     6   4.6290
      174     0.00000     0.3481E+01     2.000     3   4.6374
      175     0.00000     0.5874E+02     1.000     6   4.6391
      176     0.00000     0.5912E+02     1.000     6   4.6396
      177     0.00000     0.7591E+01     2.000     3   4.6419
      178     0.00000     0.6340E+01     2.000     3   4.6427
      179     0.00000     0.4972E+01     1.000     4   4.6582
      180     0.00000     0.5927E+01     2.000     3   4.6607
      181     0.00000     0.1510E+02     2.000     4   4.6603
      182     0.00000     0.3970E+01     2.000     4   4.6608
      183     0.00000     0.1294E+02     2.000     4   4.6670
      184     0.00000     0.7052E+01     2.000     3   4.6716
      187     0.00000     0.8762E+01     2.000     5   4.6758
      188     0.00000     0.3204E+01     2.000     3   4.6780
      189     0.00000     0.1035E+03     2.000     6   4.6795
      190     0.00000     0.7182E+01     2.000     4   4.6836
      191     0.00000     0.1023E+03     2.000     6   4.6873
      193     0.00000     0.4792E+01     1.000     4   4.6911
      194     0.00000     0.9272E+01     2.000     5   4.6948
      195     0.00000     0.1168E+02     2.000     4   4.6983
      196     0.00000     0.1381E+02     2.000     4   4.6995
      198     0.00000     0.8108E+01     2.000     3   4.7143
      201     0.00000     0.5004E+02     1.000     6   4.7251
      202     0.00000     0.3063E+01     2.000     4   4.7267
      203     0.00000     0.4753E+02     1.000     6   4.7294
      204     0.00000     0.4985E+02     1.000     6   4.7381
      206     0.00000     0.8977E+01     2.000     4   4.7430
      207     0.00000     0.1962E+02     1.000     4   4.7451
      208     0.00000     0.5703E+02     1.000     6   4.7456
      209     0.00000     0.9025E+01     2.000     4   4.7486
      210     0.00000     0.6753E+01     2.000     4   4.7636
      211     0.00000     0.1246E+02     2.000     4   4.7647
      212     0.00000     0.9193E+01     2.000     4   4.7659
      213     0.00000     0.9417E+01     2.000     4   4.7673
      214     0.00000     0.3573E+01     1.000     4   4.7749
      215     0.00000     0.9719E+01     2.000     4   4.7765
      216     0.00000     0.3021E+01     2.000     3   4.7785
      217     0.00000     0.3511E+01     2.000     4   4.7785
      218     0.00000     0.3670E+01     2.000     5   4.7908
      219     0.00000     0.1431E+02     2.000     5   4.7970
      220     0.00000     0.4464E+01     2.000     3   4.7987
      221     0.00000     0.4046E+01     2.000     5   4.8038
      222     0.00000     0.3374E+01     2.000     3   4.8046
      223     0.00000     0.1251E+02     2.000     3   4.8072
      224     0.00000     0.8351E+01     2.000     4   4.8160
      225     0.00000     0.1648E+02     2.000     4   4.8173
      226     0.00000     0.1640E+02     2.000     4   4.8188
      227     0.00000     0.1771E+02     2.000     4   4.8262
      229     0.00000     0.6557E+01     2.000     4   4.8283
      230     0.00000     0.1764E+02     2.000     4   4.8332
      231     0.00000     0.8443E+01     2.000     4   4.8362
      233     0.00000     0.4735E+01     2.000     4   4.8373
      234     0.00000     0.1817E+02     2.000     4   4.8376
      235     0.00000     0.5806E+01     2.000     3   4.8412
      236     0.00000     0.6305E+01     2.000     6   4.8408
      237     0.00000     0.3244E+02     2.000     5   4.8431
      238     0.00000     0.1812E+02     2.000     4   4.8457
      239     0.00000     0.1798E+02     2.000     4   4.8454
      240     0.00000     0.1744E+02     2.000     4   4.8492
      241     0.00000     0.4870E+01     2.000     4   4.8519
      242     0.00000     0.3388E+02     2.000     5   4.8516
      243     0.00000     0.2850E+02     1.000     6   4.8514
      244     0.00000     0.7647E+01     2.000     4   4.8533
      245     0.00000     0.1127E+02     2.000     5   4.8536
      246     0.00000     0.3225E+02     2.000     5   4.8550
      247     0.00000     0.3458E+01     2.000     4   4.8586
      248     0.00000     0.6072E+01     2.000     4   4.8597
      249     0.00000     0.4606E+01     2.000     3   4.8617
      250     0.00000     0.3546E+02     2.000     5   4.8638
      251     0.00000     0.4604E+01     2.000     4   4.8658
      252     0.00000     0.1339E+02     2.000     5   4.8655
      253     0.00000     0.3456E+02     2.000     5   4.8656
      254     0.00000     0.3549E+02     2.000     5   4.8736
      255     0.00000     0.7903E+01     2.000     4   4.8747
      256     0.00000     0.4707E+01     2.000     5   4.8759
      257     0.00000     0.9901E+01     2.000     4   4.8803
      258     0.00000     0.1361E+02     2.000     5   4.8814
      259     0.00000     0.6993E+01     2.000     6   4.8827
      260     0.00000     0.8225E+01     2.000     4   4.8835
      261     0.00000     0.6509E+01     2.000     3   4.8866
      262     0.00000     0.5649E+01     2.000     6   4.8892
      263     0.00000     0.1480E+02     2.000     5   4.8933
      264     0.00000     0.8705E+01     2.000     4   4.8951
      265     0.00000     0.1091E+02     2.000     4   4.8957
      266     0.00000     0.1149E+02     2.000     5   4.8991
      267     0.00000     0.4348E+01     2.000     4   4.9017
      268     0.00000     0.1971E+02     2.000     5   4.9038
      269     0.00000     0.4172E+01     2.000     3   4.9056
      270     0.00000     0.8584E+01     2.000     4   4.9091
      271     0.00000     0.1853E+02     2.000     5   4.9090
      272     0.00000     0.3155E+01     2.000     3   4.9138
      273     0.00000     0.1775E+02     2.000     5   4.9141
      275     0.00000     0.1296E+02     2.000     5   4.9164
      276     0.00000     0.1026E+02     2.000     4   4.9216
      277     0.00000     0.4864E+01     2.000     4   4.9227
      278     0.00000     0.6952E+01     2.000     4   4.9228
      279     0.00000     0.1201E+02     2.000     5   4.9230
      280     0.00000     0.1946E+02     2.000     5   4.9240
      281     0.00000     0.1097E+02     2.000     4   4.9262
      283     0.00000     0.1629E+02     2.000     4   4.9312
      284     0.00000     0.1873E+02     2.000     5   4.9307
      285     0.00000     0.1071E+02     2.000     4   4.9332
      286     0.00000     0.4341E+01     2.000     5   4.9342
      288     0.00000     0.1700E+02     2.000     5   4.9399
      289     0.00000     0.5067E+01     2.000     4   4.9436
      290     0.00000     0.2882E+01     2.000     3   4.9486
      291     0.00000     0.4531E+01     2.000     4   4.9500
      292     0.00000     0.1502E+02     2.000     5   4.9495
      293     0.00000     0.1597E+02     2.000     5   4.9506
      294     0.00000     0.1856E+02     2.000     5   4.9526
      296     0.00000     0.8380E+01     2.000     4   4.9540
      297     0.00000     0.5473E+01     2.000     4   4.9552
      298     0.00000     0.9338E+01     2.000     5   4.9550
      299     0.00000     0.1455E+02     2.000     5   4.9569
      300     0.00000     0.9053E+01     2.000     5   4.9572
      301     0.00000     0.6667E+01     2.000     5   4.9580
      302     0.00000     0.4991E+01     2.000     4   4.9612
      303     0.00000     0.7561E+01     2.000     5   4.9646
      304     0.00000     0.3245E+01     2.000     3   4.9682
      305     0.00000     0.1339E+02     2.000     5   4.9708
      306     0.00000     0.1814E+02     2.000     5   4.9750
      307     0.00000     0.8021E+01     2.000     5   4.9772
      310     0.00000     0.7356E+01     2.000     5   4.9863
      311     0.00000     0.5095E+01     2.000     5   4.9893
      312     0.00000     0.8103E+01     2.000     4   4.9925
      313     0.00000     0.3878E+01     2.000     5   4.9925
      314     0.00000     0.6148E+01     2.000     3   4.9942
      315     0.00000     0.9634E+01     2.000     5   4.9943
      316     0.00000     0.1956E+02     2.000     5   5.0000
      317     0.00000     0.8867E+01     2.000     5   5.0022
      318     0.00000     0.3307E+01     2.000     4   5.0038
      319     0.00000     0.7327E+01     2.000     5   5.0054
      321     0.00000     0.4842E+01     1.000     4   5.0090
      322     0.00000     0.1177E+02     2.000     5   5.0099
      323     0.00000     0.7478E+01     2.000     5   5.0132
      324     0.00000     0.1194E+02     2.000     5   5.0131
      325     0.00000     0.4568E+01     2.000     3   5.0180
      326     0.00000     0.6946E+01     2.000     3   5.0205
      327     0.00000     0.4701E+01     2.000     4   5.0202
      328     0.00000     0.4679E+01     2.000     4   5.0209
      329     0.00000     0.2756E+02     2.000     5   5.0211
      330     0.00000     0.2755E+02     2.000     5   5.0265
      331     0.00000     0.6153E+01     2.000     3   5.0342
      332     0.00000     0.7788E+01     2.000     3   5.0345
      333     0.00000     0.8355E+01     2.000     5   5.0358
      334     0.00000     0.5891E+01     2.000     3   5.0365
      335     0.00000     0.7933E+01     2.000     4   5.0368
      336     0.00000     0.3881E+01     1.000     4   5.0496
      337     0.00000     0.1228E+02     2.000     4   5.0493
      338     0.00000     0.4864E+01     1.000     4   5.0506
      339     0.00000     0.3682E+01     1.000     4   5.0505
      340     0.00000     0.4700E+01     2.000     3   5.0518
      341     0.00000     0.7058E+01     2.000     5   5.0529
      342     0.00000     0.3262E+01     2.000     4   5.0553
      343     0.00000     0.4560E+01     1.000     4   5.0567
      344     0.00000     0.8137E+01     2.000     5   5.0596
      345     0.00000     0.7756E+01     2.000     3   5.0659
      346     0.00000     0.7214E+01     2.000     4   5.0666
      347     0.00000     0.4897E+01     2.000     3   5.0691
      348     0.00000     0.1158E+02     2.000     5   5.0696
      349     0.00000     0.2685E+01     2.000     4   5.0705
      350     0.00000     0.1213E+02     2.000     4   5.0721
      351     0.00000     0.3927E+01     1.000     4   5.0784
      353     0.00000     0.2098E+02     2.000     6   5.0847
      354     0.00000     0.1198E+02     2.000     4   5.0861
      355     0.00000     0.1373E+02     2.000     4   5.0862
      356     0.00000     0.2289E+02     2.000     5   5.0870
      357     0.00000     0.1964E+02     2.000     5   5.0869
      358     0.00000     0.2316E+02     2.000     5   5.0877
      359     0.00000     0.1423E+02     2.000     5   5.0886
      360     0.00000     0.7335E+01     2.000     4   5.0893
      361     0.00000     0.7813E+01     1.000     4   5.0895
      362     0.00000     0.1248E+02     2.000     4   5.0902
      363     0.00000     0.2275E+02     2.000     5   5.0899
      364     0.00000     0.2644E+02     2.000     6   5.0952
      365     0.00000     0.9028E+01     2.000     5   5.1005
      366     0.00000     0.8519E+01     2.000     5   5.1005
      367     0.00000     0.2249E+02     2.000     5   5.1023
      368     0.00000     0.4286E+02     2.000     6   5.1054
      369     0.00000     0.9512E+01     2.000     4   5.1068
      370     0.00000     0.8423E+01     2.000     4   5.1081
      371     0.00000     0.1976E+02     2.000     5   5.1104
      372     0.00000     0.3833E+01     2.000     5   5.1126
      373     0.00000     0.1060E+02     2.000     3   5.1143
      374     0.00000     0.7909E+01     1.000     4   5.1154
      375     0.00000     0.4210E+02     2.000     6   5.1156
      376     0.00000     0.4118E+01     1.000     4   5.1173
      378     0.00000     0.1000E+02     2.000     4   5.1186
      379     0.00000     0.9843E+01     2.000     5   5.1200
      380     0.00000     0.9437E+01     2.000     5   5.1200
      381     0.00000     0.6714E+01     2.000     5   5.1212
      382     0.00000     0.7463E+01     2.000     5   5.1212
      383     0.00000     0.3303E+01     1.000     4   5.1219
      384     0.00000     0.9582E+01     2.000     4   5.1224
      385     0.00000     0.2194E+02     2.000     6   5.1230
      386     0.00000     0.3072E+01     1.000     4   5.1241
      388     0.00000     0.2616E+02     2.000     5   5.1272
      389     0.00000     0.4195E+02     2.000     6   5.1267
      390     0.00000     0.4068E+02     2.000     6   5.1275
      391     0.00000     0.2131E+02     2.000     6   5.1306
      393     0.00000     0.6143E+01     1.000     4   5.1356
      394     0.00000     0.1613E+02     2.000     5   5.1372
      395     0.00000     0.2723E+02     2.000     5   5.1398
      396     0.00000     0.2606E+02     2.000     6   5.1410
      397     0.00000     0.1779E+02     2.000     5   5.1430
      398     0.00000     0.2087E+02     2.000     6   5.1429
      399     0.00000     0.1677E+02     2.000     5   5.1445
      400     0.00000     0.8652E+01     2.000     5   5.1442
      401     0.00000     0.5247E+01     2.000     3   5.1456
      402     0.00000     0.6040E+01     2.000     3   5.1501
      403     0.00000     0.3374E+01     2.000     3   5.1565
      404     0.00000     0.1085E+02     2.000     3   5.1602
      405     0.00000     0.2533E+02     1.000     6   5.1641
      406     0.00000     0.2413E+02     1.000     6   5.1648
      407     0.00000     0.9136E+01     2.000     4   5.1662
      408     0.00000     0.5112E+01     2.000     5   5.1665
      409     0.00000     0.5860E+01     2.000     5   5.1676
      410     0.00000     0.9218E+01     2.000     5   5.1685
      411     0.00000     0.8817E+01     2.000     5   5.1685
      413     0.00000     0.2599E+02     2.000     6   5.1761
      414     0.00000     0.4586E+01     2.000     4   5.1777
      415     0.00000     0.2139E+02     2.000     5   5.1774
      416     0.00000     0.3992E+02     2.000     6   5.1778
      417     0.00000     0.7058E+01     2.000     4   5.1781
      419     0.00000     0.8654E+01     2.000     4   5.1808
      420     0.00000     0.1995E+02     2.000     6   5.1815
      421     0.00000     0.5016E+01     2.000     4   5.1855
      422     0.00000     0.6276E+01     2.000     4   5.1856
      423     0.00000     0.1510E+02     2.000     5   5.1864
      424     0.00000     0.5112E+01     2.000     3   5.1877
      425     0.00000     0.1655E+02     2.000     6   5.1891
      426     0.00000     0.8767E+01     2.000     4   5.1921
      427     0.00000     0.3890E+02     2.000     6   5.1926
      428     0.00000     0.9674E+01     2.000     4   5.1934
      429     0.00000     0.9835E+01     2.000     5   5.1934
      430     0.00000     0.9472E+01     2.000     5   5.1934
      431     0.00000     0.4566E+01     2.000     4   5.1941
      432     0.00000     0.1274E+02     2.000     5   5.1947
      433     0.00000     0.5271E+01     2.000     5   5.1965
      434     0.00000     0.4988E+01     2.000     5   5.1971
      435     0.00000     0.1073E+02     2.000     5   5.2004
      436     0.00000     0.1197E+02     2.000     4   5.2010
      437     0.00000     0.6408E+01     2.000     4   5.2026
      438     0.00000     0.3731E+02     2.000     6   5.2026
      439     0.00000     0.2512E+02     2.000     5   5.2102
      440     0.00000     0.3527E+02     2.000     6   5.2124
      441     0.00000     0.1290E+02     2.000     5   5.2135
      442     0.00000     0.3718E+02     2.000     6   5.2151
      443     0.00000     0.9436E+01     2.000     4   5.2161
      444     0.00000     0.2070E+02     2.000     5   5.2157
      445     0.00000     0.7832E+01     2.000     3   5.2180
      446     0.00000     0.5787E+01     2.000     5   5.2183
      447     0.00000     0.1274E+02     2.000     5   5.2189
      448     0.00000     0.3104E+01     2.000     4   5.2208
      449     0.00000     0.1075E+02     2.000     5   5.2228
      450     0.00000     0.7025E+01     2.000     4   5.2248
      451     0.00000     0.4180E+01     2.000     5   5.2250
      452     0.00000     0.6197E+01     2.000     4   5.2256
      453     0.00000     0.3833E+01     2.000     3   5.2276
      454     0.00000     0.4600E+01     2.000     3   5.2281
      455     0.00000     0.3404E+01     2.000     4   5.2281
      456     0.00000     0.1505E+02     2.000     4   5.2351
      457     0.00000     0.4795E+01     2.000     3   5.2368
      458     0.00000     0.1268E+02     2.000     4   5.2364
      459     0.00000     0.4507E+01     1.000     4   5.2394
      460     0.00000     0.4502E+01     1.000     4   5.2405
      461     0.00000     0.3691E+02     2.000     6   5.2401
      462     0.00000     0.1351E+02     2.000     5   5.2406
      463     0.00000     0.9138E+01     1.000     4   5.2422
      464     0.00000     0.9990E+01     2.000     4   5.2452
      465     0.00000     0.1358E+02     2.000     6   5.2452
      466     0.00000     0.4960E+01     2.000     5   5.2465
      467     0.00000     0.4158E+01     2.000     5   5.2472
      468     0.00000     0.5377E+01     2.000     6   5.2474
      469     0.00000     0.1254E+02     2.000     4   5.2495
      471     0.00000     0.1055E+02     2.000     4   5.2523
      472     0.00000     0.1396E+02     2.000     5   5.2521
      473     0.00000     0.3900E+01     2.000     4   5.2533
      474     0.00000     0.2300E+02     2.000     5   5.2535
      475     0.00000     0.8696E+01     2.000     5   5.2553
      476     0.00000     0.8127E+01     2.000     5   5.2579
      477     0.00000     0.4887E+01     2.000     5   5.2588
      478     0.00000     0.3142E+02     2.000     5   5.2606
      479     0.00000     0.1108E+02     2.000     4   5.2610
      480     0.00000     0.3176E+01     1.000     4   5.2624
      481     0.00000     0.1525E+02     1.000     6   5.2653
      482     0.00000     0.4156E+01     2.000     4   5.2698
      483     0.00000     0.6259E+01     2.000     4   5.2711
      484     0.00000     0.1848E+02     2.000     5   5.2707
      485     0.00000     0.6101E+01     2.000     4   5.2715
      486     0.00000     0.2833E+01     2.000     7   5.2720
      487     0.00000     0.2493E+02     2.000     6   5.2765
      488     0.00000     0.2676E+01     2.000     4   5.2783
      489     0.00000     0.2352E+02     2.000     6   5.2783
      490     0.00000     0.2873E+02     1.000     6   5.2789
      491     0.00000     0.3436E+01     1.000     4   5.2797
      492     0.00000     0.1840E+02     2.000     5   5.2793
      493     0.00000     0.1262E+02     2.000     4   5.2833
      494     0.00000     0.2924E+01     2.000     5   5.2840
      495     0.00000     0.4970E+01     2.000     5   5.2839
      496     0.00000     0.5210E+01     2.000     4   5.2844
      497     0.00000     0.5233E+01     2.000     6   5.2848
      498     0.00000     0.4315E+01     2.000     5   5.2850
      499     0.00000     0.2889E+01     2.000     4   5.2865
      500     0.00000     0.1710E+02     2.000     6   5.2861
      501     0.00000     0.9489E+01     2.000     6   5.2872
      502     0.00000     0.1941E+02     2.000     5   5.2871
      503     0.00000     0.4185E+01     2.000     4   5.2889
      504     0.00000     0.3118E+01     2.000     5   5.2905
      505     0.00000     0.3366E+01     2.000     6   5.2907
      506     0.00000     0.1363E+02     2.000     6   5.2918
      507     0.00000     0.4004E+01     2.000     7   5.2930
      508     0.00000     0.9223E+01     2.000     5   5.2942
      509     0.00000     0.9319E+01     2.000     5   5.2950
      510     0.00000     0.1776E+02     2.000     5   5.2994
      511     0.00000     0.3401E+01     2.000     5   5.3006
      512     0.00000     0.6945E+01     2.000     4   5.3023
      513     0.00000     0.1011E+02     2.000     5   5.3020
      514     0.00000     0.4384E+01     2.000     5   5.3030
      515     0.00000     0.8861E+01     2.000     5   5.3073
      516     0.00000     0.2042E+02     2.000     5   5.3077
      518     0.00000     0.2764E+01     2.000     5   5.3082
      519     0.00000     0.4191E+01     2.000     6   5.3082
      520     0.00000     0.4559E+01     2.000     5   5.3088
      522     0.00000     0.6264E+01     2.000     6   5.3094
      523     0.00000     0.3363E+01     2.000     5   5.3101
      524     0.00000     0.5316E+01     2.000     4   5.3106
      525     0.00000     0.3613E+01     2.000     5   5.3109
      526     0.00000     0.4437E+01     2.000     3   5.3113
      527     0.00000     0.2910E+01     2.000     5   5.3121
      528     0.00000     0.3595E+01     2.000     5   5.3122
      529     0.00000     0.8912E+01     2.000     6   5.3127
      530     0.00000     0.3768E+01     1.000     4   5.3136
      531     0.00000     0.1572E+02     2.000     5   5.3137
      532     0.00000     0.4744E+01     2.000     4   5.3144
      533     0.00000     0.7992E+01     2.000     6   5.3156
      534     0.00000     0.1418E+02     1.000     6   5.3160
      535     0.00000     0.4628E+01     2.000     5   5.3165
      536     0.00000     0.7268E+01     2.000     6   5.3167
      538     0.00000     0.1218E+02     2.000     5   5.3221
      539     0.00000     0.4810E+01     2.000     5   5.3224
      540     0.00000     0.2856E+01     2.000     5   5.3244
      541     0.00000     0.8119E+01     2.000     6   5.3245
      542     0.00000     0.3671E+01     2.000     3   5.3254
      543     0.00000     0.4882E+01     2.000     6   5.3256
      544     0.00000     0.7478E+01     2.000     4   5.3262
      545     0.00000     0.9478E+01     2.000     6   5.3268
      546     0.00000     0.3812E+01     2.000     4   5.3286
      547     0.00000     0.1998E+02     2.000     6   5.3285
      548     0.00000     0.2805E+02     2.000     6   5.3285
      549     0.00000     0.5691E+01     2.000     7   5.3304
      550     0.00000     0.1607E+02     2.000     5   5.3322
      551     0.00000     0.9013E+01     2.000     5   5.3328
      552     0.00000     0.4218E+01     2.000     5   5.3335
      553     0.00000     0.5939E+01     2.000     5   5.3335
      554     0.00000     0.4481E+01     2.000     7   5.3337
      555     0.00000     0.2752E+01     2.000     4   5.3353
      556     0.00000     0.1137E+02     2.000     6   5.3351
      557     0.00000     0.3455E+01     2.000     4   5.3362
      558     0.00000     0.5568E+01     2.000     6   5.3366
      559     0.00000     0.2162E+02     2.000     5   5.3374
      561     0.00000     0.9843E+01     2.000     6   5.3383
      562     0.00000     0.4795E+01     2.000     6   5.3382
      564     0.00000     0.3978E+01     2.000     4   5.3396
      566     0.00000     0.8801E+01     2.000     4   5.3434
      567     0.00000     0.4730E+01     2.000     4   5.3436
      568     0.00000     0.8311E+01     2.000     4   5.3444
      569     0.00000     0.1493E+02     2.000     6   5.3446
      570     0.00000     0.4043E+01     2.000     5   5.3452
      571     0.00000     0.7113E+01     2.000     6   5.3458
      572     0.00000     0.4900E+01     2.000     5   5.3470
      573     0.00000     0.8018E+01     2.000     6   5.3467
      574     0.00000     0.6945E+01     2.000     6   5.3465
      575     0.00000     0.7075E+01     2.000     6   5.3473
      576     0.00000     0.1342E+02     2.000     5   5.3488
      577     0.00000     0.4231E+01     2.000     6   5.3489
      578     0.00000     0.3270E+01     2.000     5   5.3494
      579     0.00000     0.9524E+01     2.000     5   5.3505
      580     0.00000     0.1735E+02     2.000     6   5.3501
      581     0.00000     0.1979E+02     2.000     6   5.3524
      582     0.00000     0.2813E+02     2.000     6   5.3524
      583     0.00000     0.5134E+01     2.000     4   5.3535
      584     0.00000     0.3900E+01     2.000     4   5.3543
      585     0.00000     0.1133E+02     2.000     5   5.3542
      586     0.00000     0.8819E+01     2.000     5   5.3562
      587     0.00000     0.4589E+01     2.000     5   5.3563
      588     0.00000     0.1502E+02     2.000     5   5.3577
      589     0.00000     0.3291E+02     2.000     5   5.3605
      590     0.00000     0.8351E+01     2.000     5   5.3616
      591     0.00000     0.4612E+01     2.000     7   5.3620
      593     0.00000     0.1020E+02     2.000     6   5.3641
      594     0.00000     0.8687E+01     2.000     5   5.3675
      595     0.00000     0.2260E+02     2.000     5   5.3676
      596     0.00000     0.8823E+01     2.000     6   5.3673
      597     0.00000     0.4969E+01     2.000     5   5.3679
      598     0.00000     0.3702E+02     2.000     6   5.3688
      599     0.00000     0.6702E+02     2.000     7   5.3687
      600     0.00000     0.6631E+02     2.000     7   5.3691
      601     0.00000     0.1402E+02     2.000     5   5.3695
      602     0.00000     0.1094E+02     2.000     5   5.3695
      603     0.00000     0.9104E+01     2.000     5   5.3715
      605     0.00000     0.5070E+01     2.000     6   5.3731
      606     0.00000     0.9662E+01     2.000     6   5.3743
      607     0.00000     0.3888E+01     2.000     5   5.3761
      608     0.00000     0.1082E+02     2.000     5   5.3766
      609     0.00000     0.1270E+02     2.000     5   5.3777
      610     0.00000     0.8786E+01     2.000     5   5.3801
      611     0.00000     0.8200E+01     2.000     5   5.3815
      612     0.00000     0.3043E+01     1.000     4   5.3821
      613     0.00000     0.3830E+02     2.000     6   5.3817
      614     0.00000     0.2076E+02     2.000     5   5.3836
      615     0.00000     0.2388E+02     2.000     6   5.3850
      616     0.00000     0.1146E+02     2.000     6   5.3853
      617     0.00000     0.1345E+02     2.000     5   5.3864
      618     0.00000     0.3945E+01     2.000     6   5.3862
      619     0.00000     0.2248E+02     2.000     6   5.3860
      620     0.00000     0.4031E+02     2.000     6   5.3860
      621     0.00000     0.7733E+01     2.000     6   5.3862
      622     0.00000     0.9654E+01     2.000     6   5.3862
      623     0.00000     0.4584E+01     2.000     4   5.3870
      624     0.00000     0.1007E+02     2.000     5   5.3880
      625     0.00000     0.4861E+01     2.000     6   5.3885
      626     0.00000     0.6534E+01     1.000     6   5.3888
      627     0.00000     0.1137E+02     2.000     6   5.3885
      628     0.00000     0.1160E+02     2.000     4   5.3921
      629     0.00000     0.6198E+01     1.000     6   5.3917
      631     0.00000     0.5294E+01     2.000     4   5.3935
      633     0.00000     0.3666E+01     2.000     4   5.3956
      634     0.00000     0.7724E+01     2.000     6   5.3958
      635     0.00000     0.1085E+02     2.000     5   5.3964
      636     0.00000     0.1196E+02     2.000     6   5.3967
      637     0.00000     0.3125E+01     2.000     4   5.3974
      638     0.00000     0.2958E+01     2.000     5   5.4047
      639     0.00000     0.4633E+01     2.000     6   5.4046
      640     0.00000     0.8435E+01     2.000     6   5.4046
      641     0.00000     0.1069E+02     2.000     6   5.4046
      642     0.00000     0.7306E+02     2.000     7   5.4061
      643     0.00000     0.3623E+01     2.000     5   5.4068
      644     0.00000     0.6942E+02     2.000     7   5.4064
      645     0.00000     0.1160E+02     2.000     4   5.4073
      646     0.00000     0.3495E+01     2.000     4   5.4081
      647     0.00000     0.5199E+01     2.000     6   5.4126
      648     0.00000     0.1213E+02     2.000     6   5.4126
      649     0.00000     0.1153E+02     1.000     4   5.4137
      651     0.00000     0.4648E+01     2.000     3   5.4155
      652     0.00000     0.5261E+01     2.000     6   5.4158
      653     0.00000     0.4665E+01     2.000     6   5.4175
      654     0.00000     0.1311E+02     2.000     5   5.4176
      655     0.00000     0.1811E+02     2.000     5   5.4200
      656     0.00000     0.7571E+01     2.000     4   5.4220
      657     0.00000     0.1219E+02     2.000     6   5.4227
      658     0.00000     0.3562E+01     2.000     6   5.4252
      659     0.00000     0.1881E+02     2.000     5   5.4257
      661     0.00000     0.5160E+01     2.000     5   5.4277
      662     0.00000     0.7468E+01     2.000     5   5.4277
      663     0.00000     0.5036E+01     2.000     6   5.4273
      665     0.00000     0.4605E+01     2.000     5   5.4327
      666     0.00000     0.4269E+01     2.000     6   5.4326
      668     0.00000     0.2336E+02     2.000     6   5.4360
      669     0.00000     0.8175E+01     2.000     5   5.4364
      670     0.00000     0.1001E+02     2.000     6   5.4374
      671     0.00000     0.6119E+01     2.000     6   5.4374
      672     0.00000     0.1291E+02     2.000     6   5.4385
      673     0.00000     0.2153E+02     2.000     5   5.4408
      674     0.00000     0.5265E+01     2.000     6   5.4420
      676     0.00000     0.1096E+02     1.000     4   5.4431
      677     0.00000     0.4699E+01     2.000     5   5.4447
      678     0.00000     0.4885E+01     2.000     5   5.4447
      679     0.00000     0.5216E+01     2.000     6   5.4445
      680     0.00000     0.6138E+01     1.000     6   5.4470
      681     0.00000     0.4438E+01     2.000     6   5.4479
      682     0.00000     0.2770E+01     2.000     5   5.4488
      683     0.00000     0.3365E+01     2.000     5   5.4485
      684     0.00000     0.4490E+01     2.000     4   5.4494
      685     0.00000     0.2335E+02     2.000     5   5.4494
      686     0.00000     0.6898E+01     2.000     6   5.4500
      687     0.00000     0.1053E+02     2.000     6   5.4501
      688     0.00000     0.5411E+01     2.000     6   5.4499
      689     0.00000     0.5065E+01     2.000     6   5.4501
      690     0.00000     0.1417E+02     2.000     6   5.4511
      691     0.00000     0.5254E+01     2.000     4   5.4513
      692     0.00000     0.3532E+02     2.000     5   5.4513
      693     0.00000     0.1069E+02     2.000     6   5.4531
      694     0.00000     0.6321E+01     2.000     6   5.4531
      695     0.00000     0.8852E+01     2.000     5   5.4540
      696     0.00000     0.5778E+02     2.000     7   5.4567
      698     0.00000     0.3351E+01     2.000     5   5.4625
      699     0.00000     0.5550E+01     2.000     6   5.4632
      700     0.00000     0.8863E+01     2.000     6   5.4635
      701     0.00000     0.6259E+01     2.000     6   5.4631
      704     0.00000     0.3556E+02     2.000     5   5.4674
      705     0.00000     0.1517E+02     1.000     6   5.4680
      706     0.00000     0.5546E+01     1.000     6   5.4731
      707     0.00000     0.1238E+02     2.000     6   5.4728
      708     0.00000     0.4184E+02     2.000     6   5.4737
      709     0.00000     0.2584E+02     2.000     6   5.4750
      710     0.00000     0.2994E+02     2.000     7   5.4754
      711     0.00000     0.2679E+02     2.000     7   5.4762
      712     0.00000     0.9654E+01     2.000     6   5.4781
      713     0.00000     0.3702E+02     2.000     6   5.4784
      714     0.00000     0.1345E+02     2.000     5   5.4792
      715     0.00000     0.9913E+01     2.000     6   5.4792
      716     0.00000     0.5755E+01     2.000     6   5.4792
      717     0.00000     0.5714E+02     2.000     7   5.4821
      718     0.00000     0.1313E+02     2.000     5   5.4848
      719     0.00000     0.6568E+01     2.000     6   5.4859
      720     0.00000     0.8107E+01     2.000     6   5.4859
      721     0.00000     0.6369E+01     2.000     4   5.4863
      722     0.00000     0.1296E+02     1.000     6   5.4864
      723     0.00000     0.9327E+01     2.000     6   5.4883
      724     0.00000     0.2857E+02     1.000     6   5.4890
      725     0.00000     0.4018E+01     2.000     4   5.4912
      726     0.00000     0.1461E+02     2.000     5   5.4911
      727     0.00000     0.3021E+02     1.000     6   5.4918
      728     0.00000     0.2585E+02     2.000     7   5.4917
      729     0.00000     0.3046E+02     2.000     7   5.4928
      730     0.00000     0.1488E+02     1.000     6   5.4930
      731     0.00000     0.1812E+02     2.000     5   5.4970
      732     0.00000     0.1422E+02     2.000     5   5.4976
      733     0.00000     0.1270E+02     2.000     5   5.4991
      734     0.00000     0.1533E+02     2.000     5   5.5001
      735     0.00000     0.3925E+01     2.000     5   5.5003
      736     0.00000     0.6379E+01     2.000     6   5.5005
      737     0.00000     0.4955E+02     2.000     5   5.5016
      738     0.00000     0.7449E+01     2.000     5   5.5018
      739     0.00000     0.9133E+01     2.000     5   5.5020
      741     0.00000     0.2910E+02     2.000     7   5.5040
      742     0.00000     0.1354E+02     2.000     5   5.5057
      744     0.00000     0.6043E+01     2.000     6   5.5061
      745     0.00000     0.1242E+02     2.000     5   5.5079
      746     0.00000     0.4300E+01     2.000     6   5.5086
      747     0.00000     0.1430E+02     2.000     5   5.5096
      748     0.00000     0.4049E+01     2.000     6   5.5096
      749     0.00000     0.2485E+02     2.000     6   5.5092
      750     0.00000     0.9363E+01     2.000     6   5.5096
      751     0.00000     0.3947E+01     2.000     5   5.5128
      752     0.00000     0.3030E+01     2.000     5   5.5139
      753     0.00000     0.3181E+01     2.000     5   5.5139
      754     0.00000     0.6609E+01     2.000     5   5.5148
      755     0.00000     0.9460E+01     2.000     7   5.5159
      756     0.00000     0.2132E+02     2.000     7   5.5159
      757     0.00000     0.2520E+02     2.000     6   5.5168
      758     0.00000     0.4423E+02     2.000     6   5.5171
      759     0.00000     0.3699E+02     2.000     7   5.5184
      760     0.00000     0.3501E+02     2.000     7   5.5199
      761     0.00000     0.3328E+01     2.000     3   5.5212
      762     0.00000     0.1236E+02     2.000     6   5.5213
      764     0.00000     0.6837E+01     2.000     5   5.5218
      765     0.00000     0.4134E+02     2.000     6   5.5242
      766     0.00000     0.2667E+02     2.000     6   5.5241
      767     0.00000     0.1435E+02     2.000     5   5.5253
      768     0.00000     0.2631E+02     2.000     6   5.5255
      769     0.00000     0.2567E+02     2.000     6   5.5263
      770     0.00000     0.1294E+02     1.000     6   5.5266
      771     0.00000     0.1397E+02     2.000     7   5.5264
      772     0.00000     0.3225E+02     2.000     7   5.5264
      773     0.00000     0.1075E+02     1.000     4   5.5272
      774     0.00000     0.2774E+02     2.000     6   5.5287
      775     0.00000     0.4323E+02     2.000     6   5.5287
      776     0.00000     0.2595E+02     2.000     6   5.5287
      777     0.00000     0.1015E+02     1.000     4   5.5294
      778     0.00000     0.4876E+01     2.000     5   5.5304
      779     0.00000     0.5293E+01     2.000     5   5.5304
      781     0.00000     0.7553E+01     2.000     5   5.5321
      782     0.00000     0.2528E+02     2.000     6   5.5323
      783     0.00000     0.4738E+01     2.000     6   5.5324
      785     0.00000     0.1671E+02     2.000     5   5.5327
      786     0.00000     0.7681E+01     2.000     6   5.5328
      787     0.00000     0.1012E+02     2.000     6   5.5333
      788     0.00000     0.1153E+02     2.000     7   5.5333
      789     0.00000     0.2427E+02     2.000     7   5.5333
      790     0.00000     0.2339E+02     2.000     6   5.5344
      791     0.00000     0.9024E+01     2.000     6   5.5361
      793     0.00000     0.2574E+02     2.000     6   5.5367
      795     0.00000     0.2818E+02     2.000     6   5.5375
      796     0.00000     0.4817E+01     2.000     5   5.5382
      797     0.00000     0.5000E+01     2.000     4   5.5396
      798     0.00000     0.8019E+02     2.000     6   5.5392
      799     0.00000     0.4853E+01     2.000     6   5.5426
      800     0.00000     0.1779E+02     2.000     6   5.5430
      801     0.00000     0.2461E+02     2.000     6   5.5430
      802     0.00000     0.7797E+02     2.000     7   5.5426
      803     0.00000     0.4562E+02     2.000     5   5.5434
      804     0.00000     0.1416E+02     1.000     6   5.5446
      805     0.00000     0.3302E+02     2.000     5   5.5478
      806     0.00000     0.2850E+02     2.000     6   5.5497
      807     0.00000     0.4419E+02     2.000     6   5.5497
      808     0.00000     0.2656E+02     2.000     6   5.5497
      809     0.00000     0.2553E+02     2.000     7   5.5492
      810     0.00000     0.4556E+01     2.000     6   5.5517
      811     0.00000     0.8735E+01     2.000     6   5.5517
      812     0.00000     0.1553E+02     2.000     7   5.5514
      813     0.00000     0.3395E+02     2.000     7   5.5514
      814     0.00000     0.4159E+01     2.000     5   5.5541
      815     0.00000     0.5949E+01     2.000     5   5.5539
      816     0.00000     0.4585E+01     2.000     5   5.5541
      817     0.00000     0.3337E+02     2.000     5   5.5551
      819     0.00000     0.2980E+02     2.000     6   5.5570
      820     0.00000     0.3959E+02     2.000     6   5.5565
      821     0.00000     0.1853E+02     2.000     6   5.5565
      823     0.00000     0.8855E+01     2.000     5   5.5614
      824     0.00000     0.4641E+01     2.000     5   5.5613
      825     0.00000     0.5965E+01     2.000     5   5.5614
      826     0.00000     0.3266E+01     2.000     4   5.5620
      827     0.00000     0.2103E+02     2.000     5   5.5640
      828     0.00000     0.4666E+01     2.000     5   5.5642
      829     0.00000     0.1089E+02     2.000     6   5.5637
      830     0.00000     0.7908E+01     2.000     6   5.5637
      831     0.00000     0.2787E+02     1.000     6   5.5662
      832     0.00000     0.3887E+02     2.000     6   5.5671
      833     0.00000     0.1634E+02     2.000     6   5.5671
      834     0.00000     0.1872E+02     2.000     6   5.5671
      835     0.00000     0.1685E+02     2.000     6   5.5671
      836     0.00000     0.1996E+02     2.000     5   5.5682
      837     0.00000     0.7825E+02     2.000     6   5.5677
      838     0.00000     0.3468E+02     1.000     6   5.5684
      839     0.00000     0.1229E+02     2.000     7   5.5707
      840     0.00000     0.1960E+02     2.000     7   5.5707
      841     0.00000     0.6202E+01     2.000     5   5.5738
      842     0.00000     0.1584E+02     2.000     7   5.5742
      843     0.00000     0.6005E+01     1.000     2   5.5745
      845     0.00000     0.5801E+01     2.000     5   5.5754
      846     0.00000     0.8261E+01     2.000     6   5.5759
      847     0.00000     0.4895E+01     2.000     7   5.5765
      848     0.00000     0.1625E+02     2.000     7   5.5775
      849     0.00000     0.9886E+01     2.000     7   5.5775
      850     0.00000     0.2794E+01     2.000     4   5.5779
      851     0.00000     0.4246E+01     2.000     5   5.5781
      853     0.00000     0.1587E+02     2.000     7   5.5786
      854     0.00000     0.3581E+02     2.000     6   5.5789
      855     0.00000     0.4370E+01     2.000     5   5.5799
      856     0.00000     0.1446E+02     2.000     7   5.5798
      857     0.00000     0.1475E+02     2.000     7   5.5807
      858     0.00000     0.2253E+02     2.000     7   5.5818
      859     0.00000     0.3742E+02     2.000     6   5.5824
      860     0.00000     0.5859E+01     2.000     6   5.5826
      861     0.00000     0.2707E+02     1.000     6   5.5831
      862     0.00000     0.6299E+01     2.000     5   5.5840
      863     0.00000     0.1533E+02     2.000     6   5.5851
      865     0.00000     0.1363E+02     2.000     6   5.5870
      866     0.00000     0.1591E+02     2.000     7   5.5881
      868     0.00000     0.3298E+01     2.000     5   5.5888
      869     0.00000     0.3020E+01     2.000     5   5.5892
      870     0.00000     0.1738E+02     2.000     7   5.5887
      871     0.00000     0.2806E+01     2.000     4   5.5894
      872     0.00000     0.5913E+02     1.000     6   5.5895
      873     0.00000     0.3335E+01     1.000     4   5.5906
      874     0.00000     0.5925E+01     2.000     5   5.5903
      875     0.00000     0.1962E+02     2.000     7   5.5907
      876     0.00000     0.2780E+02     2.000     6   5.5912
      877     0.00000     0.1700E+02     2.000     7   5.5919
      878     0.00000     0.3108E+01     1.000     6   5.5925
      879     0.00000     0.4997E+01     1.000     6   5.5931
      880     0.00000     0.1479E+02     2.000     3   5.5941
      881     0.00000     0.2905E+01     2.000     5   5.5949
      882     0.00000     0.3446E+02     2.000     6   5.5961
      883     0.00000     0.1066E+02     2.000     6   5.5962
      884     0.00000     0.7059E+01     2.000     6   5.5962
      885     0.00000     0.5218E+01     2.000     5   5.5967
      886     0.00000     0.7332E+01     2.000     6   5.5964
      887     0.00000     0.1105E+02     2.000     6   5.5982
      888     0.00000     0.3095E+01     2.000     5   5.6001
      889     0.00000     0.2985E+01     2.000     5   5.6016
      890     0.00000     0.3484E+01     2.000     4   5.6022
      891     0.00000     0.1560E+02     2.000     6   5.6025
      892     0.00000     0.1850E+02     2.000     7   5.6034
      893     0.00000     0.2042E+02     2.000     7   5.6034
      894     0.00000     0.7279E+01     2.000     6   5.6042
      895     0.00000     0.3564E+02     1.000     6   5.6075
      896     0.00000     0.1250E+02     2.000     6   5.6082
      897     0.00000     0.5834E+01     2.000     6   5.6080
      898     0.00000     0.2101E+02     2.000     7   5.6088
      899     0.00000     0.7451E+01     2.000     5   5.6104
      900     0.00000     0.1814E+02     2.000     3   5.6111
      901     0.00000     0.1062E+02     2.000     6   5.6107
      902     0.00000     0.7840E+01     2.000     6   5.6114
      903     0.00000     0.3286E+01     2.000     5   5.6132
      904     0.00000     0.9926E+01     1.000     4   5.6138
      905     0.00000     0.3258E+01     2.000     4   5.6141
      906     0.00000     0.1328E+02     2.000     6   5.6145
      907     0.00000     0.2471E+02     2.000     6   5.6148
      908     0.00000     0.5685E+01     2.000     5   5.6153
      909     0.00000     0.3668E+02     2.000     6   5.6156
      910     0.00000     0.1607E+02     2.000     6   5.6156
      911     0.00000     0.4705E+01     2.000     5   5.6168
      912     0.00000     0.1051E+02     2.000     6   5.6216
      913     0.00000     0.5769E+01     2.000     5   5.6224
      914     0.00000     0.8447E+01     2.000     6   5.6246
      915     0.00000     0.2386E+02     2.000     6   5.6256
      916     0.00000     0.3375E+02     2.000     6   5.6256
      917     0.00000     0.8399E+01     1.000     6   5.6261
      918     0.00000     0.1274E+02     2.000     7   5.6262
      919     0.00000     0.2904E+02     2.000     7   5.6262
      920     0.00000     0.5708E+01     1.000     6   5.6267
      921     0.00000     0.1284E+02     2.000     3   5.6289
      922     0.00000     0.5524E+01     2.000     5   5.6289
      923     0.00000     0.1814E+02     2.000     7   5.6292
      924     0.00000     0.2096E+02     2.000     7   5.6292
      925     0.00000     0.2326E+02     2.000     4   5.6308
      926     0.00000     0.7821E+01     2.000     5   5.6309
      927     0.00000     0.1070E+02     2.000     6   5.6311
      928     0.00000     0.4274E+01     2.000     6   5.6314
      929     0.00000     0.4373E+02     2.000     5   5.6321
      930     0.00000     0.1412E+02     2.000     6   5.6333
      931     0.00000     0.6141E+01     2.000     6   5.6360
      932     0.00000     0.1708E+02     2.000     7   5.6358
      933     0.00000     0.2038E+02     2.000     7   5.6358
      934     0.00000     0.2791E+01     2.000     4   5.6368
      936     0.00000     0.4310E+01     2.000     4   5.6375
      937     0.00000     0.4684E+01     2.000     5   5.6380
      938     0.00000     0.2692E+02     2.000     4   5.6391
      939     0.00000     0.7558E+01     1.000     6   5.6390
      940     0.00000     0.1107E+02     2.000     6   5.6386
      941     0.00000     0.6128E+01     2.000     6   5.6386
      942     0.00000     0.1303E+02     2.000     6   5.6392
      943     0.00000     0.7144E+01     2.000     7   5.6392
      944     0.00000     0.1625E+02     2.000     7   5.6392
      946     0.00000     0.5218E+01     2.000     5   5.6408
      947     0.00000     0.5306E+01     2.000     5   5.6412
      948     0.00000     0.3293E+01     2.000     6   5.6421
      949     0.00000     0.1249E+02     2.000     5   5.6427
      950     0.00000     0.5288E+02     1.000     6   5.6437
      953     0.00000     0.1259E+02     2.000     5   5.6452
      954     0.00000     0.1664E+02     1.000     4   5.6478
      955     0.00000     0.5664E+01     2.000     6   5.6479
      956     0.00000     0.1608E+02     2.000     4   5.6486
      958     0.00000     0.1645E+02     2.000     7   5.6489
      959     0.00000     0.5904E+01     2.000     5   5.6499
      960     0.00000     0.3479E+02     2.000     6   5.6495
      961     0.00000     0.1637E+02     2.000     6   5.6495
      962     0.00000     0.1543E+02     2.000     6   5.6495
      963     0.00000     0.5868E+02     2.000     7   5.6496
      964     0.00000     0.7914E+01     2.000     5   5.6517
      965     0.00000     0.4189E+01     2.000     6   5.6525
      967     0.00000     0.3511E+01     2.000     6   5.6537
      968     0.00000     0.5272E+01     2.000     5   5.6549
      969     0.00000     0.3924E+02     2.000     5   5.6548
      970     0.00000     0.2743E+02     2.000     6   5.6561
      972     0.00000     0.3560E+02     2.000     5   5.6587
      973     0.00000     0.4670E+01     2.000     5   5.6599
      974     0.00000     0.7171E+02     2.000     6   5.6601
      975     0.00000     0.5432E+01     2.000     5   5.6611
      976     0.00000     0.2683E+02     2.000     6   5.6614
      978     0.00000     0.8610E+01     2.000     7   5.6620
      979     0.00000     0.1449E+02     2.000     7   5.6620
      980     0.00000     0.2201E+02     2.000     4   5.6656
      982     0.00000     0.4823E+01     1.000     6   5.6661
      983     0.00000     0.3296E+01     2.000     6   5.6681
      984     0.00000     0.2837E+01     2.000     5   5.6684
      985     0.00000     0.5488E+01     2.000     3   5.6695
      986     0.00000     0.7276E+01     2.000     5   5.6691
      987     0.00000     0.1074E+02     2.000     6   5.6695
      988     0.00000     0.4891E+01     2.000     6   5.6695
      989     0.00000     0.6539E+01     2.000     6   5.6691
      990     0.00000     0.1191E+02     2.000     5   5.6710
      991     0.00000     0.2145E+02     2.000     6   5.6719
      992     0.00000     0.2368E+02     2.000     6   5.6731
      993     0.00000     0.3554E+02     2.000     6   5.6731
      994     0.00000     0.2258E+02     2.000     6   5.6731
      995     0.00000     0.6777E+02     2.000     6   5.6732
      996     0.00000     0.2092E+02     2.000     6   5.6741
      997     0.00000     0.8727E+01     1.000     6   5.6754
      998     0.00000     0.2720E+01     2.000     4   5.6756
      999     0.00000     0.5477E+02     2.000     5   5.6757
     1000     0.00000     0.1562E+02     2.000     6   5.6761
     1001     0.00000     0.6021E+01     2.000     5   5.6771
     1002     0.00000     0.6004E+01     2.000     6   5.6784
     1003     0.00000     0.5208E+01     2.000     6   5.6783
     1004     0.00000     0.1124E+02     2.000     5   5.6786
     1005     0.00000     0.8649E+01     1.000     6   5.6802
     1006     0.00000     0.3409E+02     2.000     6   5.6824
     1007     0.00000     0.7900E+01     1.000     4   5.6833
     1008     0.00000     0.1210E+02     2.000     7   5.6857
     1009     0.00000     0.4717E+01     2.000     5   5.6864
     1010     0.00000     0.3465E+01     2.000     6   5.6868
     1011     0.00000     0.3443E+01     2.000     4   5.6872
     1012     0.00000     0.3997E+01     2.000     5   5.6880
     1013     0.00000     0.1355E+02     2.000     6   5.6896
     1014     0.00000     0.2361E+02     2.000     6   5.6894
     1015     0.00000     0.3432E+02     2.000     6   5.6894
     1016     0.00000     0.2228E+02     2.000     6   5.6894
     1018     0.00000     0.4348E+01     2.000     6   5.6900
     1019     0.00000     0.3581E+01     2.000     4   5.6908
     1020     0.00000     0.4843E+01     2.000     5   5.6913
     1021     0.00000     0.3571E+02     2.000     6   5.6913
     1022     0.00000     0.6597E+02     2.000     6   5.6929
     1023     0.00000     0.3685E+02     2.000     5   5.6935
     1024     0.00000     0.5964E+01     2.000     6   5.6943
     1025     0.00000     0.3231E+01     2.000     6   5.6946
     1026     0.00000     0.3814E+01     2.000     4   5.6947
     1027     0.00000     0.3575E+01     2.000     3   5.6965
     1028     0.00000     0.3257E+02     2.000     7   5.6997
     1030     0.00000     0.2817E+01     2.000     5   5.7010
     1031     0.00000     0.1922E+02     2.000     6   5.7016
     1033     0.00000     0.6484E+01     2.000     4   5.7025
     1034     0.00000     0.3393E+01     2.000     6   5.7031
     1035     0.00000     0.7349E+01     2.000     5   5.7037
     1036     0.00000     0.4897E+02     1.000     6   5.7037
     1037     0.00000     0.1740E+02     2.000     6   5.7035
     1038     0.00000     0.4577E+01     1.000     6   5.7046
     1039     0.00000     0.4015E+01     2.000     6   5.7057
     1040     0.00000     0.6705E+01     2.000     6   5.7064
     1041     0.00000     0.1408E+02     2.000     6   5.7068
     1042     0.00000     0.1112E+02     2.000     7   5.7084
     1043     0.00000     0.3840E+01     2.000     5   5.7086
     1044     0.00000     0.6784E+01     2.000     5   5.7092
     1045     0.00000     0.6435E+02     2.000     6   5.7094
     1046     0.00000     0.5531E+01     2.000     7   5.7103
     1047     0.00000     0.6107E+01     2.000     6   5.7107
     1048     0.00000     0.5716E+01     2.000     6   5.7106
     1051     0.00000     0.5611E+01     2.000     5   5.7131
     1052     0.00000     0.3199E+01     2.000     5   5.7136
     1053     0.00000     0.3162E+01     2.000     5   5.7142
     1054     0.00000     0.4391E+01     2.000     5   5.7149
     1055     0.00000     0.8341E+01     2.000     5   5.7146
     1056     0.00000     0.2422E+02     2.000     6   5.7146
     1057     0.00000     0.6757E+02     2.000     7   5.7157
     1058     0.00000     0.6712E+02     2.000     7   5.7157
     1059     0.00000     0.2136E+02     2.000     4   5.7161
     1061     0.00000     0.9865E+01     2.000     5   5.7188
     1062     0.00000     0.2539E+02     2.000     6   5.7196
     1063     0.00000     0.6196E+02     2.000     7   5.7200
     1064     0.00000     0.6152E+02     2.000     7   5.7200
     1065     0.00000     0.9054E+01     2.000     6   5.7207
     1066     0.00000     0.6274E+01     2.000     5   5.7227
     1067     0.00000     0.7519E+01     2.000     5   5.7239
     1069     0.00000     0.3905E+01     2.000     4   5.7257
     1071     0.00000     0.4722E+01     2.000     5   5.7268
     1072     0.00000     0.4407E+01     2.000     5   5.7279
     1073     0.00000     0.5916E+01     2.000     5   5.7289
     1074     0.00000     0.1322E+02     2.000     6   5.7296
     1075     0.00000     0.3928E+01     2.000     5   5.7303
     1076     0.00000     0.1115E+03     2.000     7   5.7306
     1077     0.00000     0.3267E+01     2.000     6   5.7318
     1078     0.00000     0.2680E+01     2.000     5   5.7336
     1079     0.00000     0.8240E+02     2.000     7   5.7331
     1080     0.00000     0.4910E+02     2.000     7   5.7331
     1083     0.00000     0.1141E+03     2.000     7   5.7338
     1084     0.00000     0.3476E+01     2.000     4   5.7349
     1085     0.00000     0.3060E+02     2.000     5   5.7357
     1086     0.00000     0.1305E+02     2.000     6   5.7364
     1087     0.00000     0.3893E+01     2.000     5   5.7371
     1088     0.00000     0.1905E+02     2.000     6   5.7372
     1089     0.00000     0.4952E+02     1.000     6   5.7371
     1090     0.00000     0.5694E+01     2.000     5   5.7376
     1091     0.00000     0.4655E+01     2.000     6   5.7385
     1092     0.00000     0.2899E+01     2.000     4   5.7403
     1093     0.00000     0.1017E+02     2.000     6   5.7407
     1094     0.00000     0.3710E+01     2.000     5   5.7415
     1095     0.00000     0.2707E+01     2.000     5   5.7435
     1096     0.00000     0.4524E+01     2.000     6   5.7442
     1098     0.00000     0.7467E+01     2.000     6   5.7462
     1099     0.00000     0.9780E+01     1.000     6   5.7461
     1100     0.00000     0.1323E+02     2.000     6   5.7459
     1101     0.00000     0.6681E+01     2.000     5   5.7477
     1102     0.00000     0.7875E+02     2.000     7   5.7479
     1103     0.00000     0.4405E+02     2.000     7   5.7479
     1104     0.00000     0.9620E+01     2.000     6   5.7499
     1105     0.00000     0.2711E+02     2.000     6   5.7501
     1106     0.00000     0.2919E+02     2.000     7   5.7512
     1107     0.00000     0.1156E+02     2.000     6   5.7520
     1108     0.00000     0.4099E+02     2.000     5   5.7527
     1109     0.00000     0.6304E+01     2.000     5   5.7533
     1110     0.00000     0.4364E+01     1.000     6   5.7543
     1111     0.00000     0.4508E+01     2.000     5   5.7548
     1112     0.00000     0.7638E+01     2.000     6   5.7547
     1113     0.00000     0.1289E+02     2.000     6   5.7553
     1114     0.00000     0.2594E+02     2.000     7   5.7550
     1115     0.00000     0.1114E+02     2.000     6   5.7570
     1116     0.00000     0.3042E+01     2.000     4   5.7578
     1117     0.00000     0.1104E+02     2.000     5   5.7579
     1118     0.00000     0.2952E+02     2.000     7   5.7584
     1119     0.00000     0.3287E+01     2.000     4   5.7591
     1120     0.00000     0.1177E+03     2.000     7   5.7598
     1121     0.00000     0.2942E+01     2.000     4   5.7606
     1122     0.00000     0.4918E+01     2.000     5   5.7615
     1123     0.00000     0.9911E+01     2.000     6   5.7627
     1124     0.00000     0.2647E+02     2.000     7   5.7622
     1125     0.00000     0.2652E+02     1.000     6   5.7631
     1126     0.00000     0.4176E+01     2.000     5   5.7655
     1127     0.00000     0.8444E+01     2.000     5   5.7666
     1128     0.00000     0.6161E+01     2.000     6   5.7670
     1130     0.00000     0.2187E+02     2.000     7   5.7672
     1131     0.00000     0.7424E+01     2.000     7   5.7681
     1133     0.00000     0.9779E+01     2.000     6   5.7694
     1135     0.00000     0.1430E+02     2.000     4   5.7702
     1136     0.00000     0.2190E+02     2.000     7   5.7703
     1138     0.00000     0.3958E+02     2.000     7   5.7703
     1139     0.00000     0.8113E+02     2.000     7   5.7703
     1140     0.00000     0.2688E+02     2.000     5   5.7705
     1141     0.00000     0.5119E+01     2.000     5   5.7725
     1143     0.00000     0.1299E+03     2.000     7   5.7736
     1145     0.00000     0.1945E+02     2.000     7   5.7743
     1146     0.00000     0.3219E+02     2.000     7   5.7743
     1147     0.00000     0.4648E+01     2.000     5   5.7754
     1148     0.00000     0.1795E+02     2.000     6   5.7763
     1149     0.00000     0.1162E+02     2.000     5   5.7769
     1150     0.00000     0.3638E+01     2.000     5   5.7781
     1151     0.00000     0.4657E+01     2.000     5   5.7780
     1152     0.00000     0.5207E+01     2.000     6   5.7779
     1154     0.00000     0.1976E+02     2.000     7   5.7783
     1155     0.00000     0.2866E+02     2.000     7   5.7786
     1156     0.00000     0.3269E+02     2.000     7   5.7783
     1157     0.00000     0.4244E+02     1.000     6   5.7803
     1158     0.00000     0.7149E+02     2.000     6   5.7806
     1159     0.00000     0.1631E+03     2.000     7   5.7808
     1160     0.00000     0.3138E+01     2.000     5   5.7827
     1161     0.00000     0.4236E+01     2.000     5   5.7835
     1163     0.00000     0.3610E+01     2.000     6   5.7841
     1165     0.00000     0.1062E+02     1.000     6   5.7853
     1166     0.00000     0.1363E+02     2.000     6   5.7855
     1167     0.00000     0.9490E+01     2.000     7   5.7870
     1168     0.00000     0.2022E+02     2.000     7   5.7878
     1169     0.00000     0.3140E+02     2.000     7   5.7878
     1170     0.00000     0.7174E+01     2.000     6   5.7884
     1171     0.00000     0.3221E+01     2.000     6   5.7881
     1172     0.00000     0.6182E+01     2.000     7   5.7892
     1173     0.00000     0.2063E+02     2.000     5   5.7899
     1174     0.00000     0.2843E+02     2.000     7   5.7900
     1175     0.00000     0.3401E+02     2.000     7   5.7906
     1176     0.00000     0.2032E+02     2.000     7   5.7906
     1177     0.00000     0.2966E+01     2.000     5   5.7913
     1178     0.00000     0.9680E+01     2.000     6   5.7909
     1179     0.00000     0.7325E+02     2.000     7   5.7916
     1180     0.00000     0.4095E+02     2.000     7   5.7916
     1181     0.00000     0.3834E+02     2.000     7   5.7917
     1182     0.00000     0.8075E+02     2.000     7   5.7917
     1183     0.00000     0.1345E+02     2.000     6   5.7944
     1184     0.00000     0.1682E+02     2.000     6   5.7953
     1185     0.00000     0.5777E+01     2.000     5   5.7965
     1186     0.00000     0.5565E+01     2.000     6   5.7965
     1187     0.00000     0.2254E+02     2.000     6   5.7964
     1188     0.00000     0.6773E+01     2.000     5   5.7978
     1189     0.00000     0.3271E+01     2.000     4   5.7987
     1191     0.00000     0.1333E+02     2.000     6   5.7985
     1192     0.00000     0.3870E+01     2.000     4   5.8000
     1193     0.00000     0.5591E+01     2.000     6   5.8001
     1194     0.00000     0.3633E+01     2.000     5   5.8027
     1195     0.00000     0.6503E+01     2.000     5   5.8035
     1196     0.00000     0.5868E+01     2.000     7   5.8041
     1198     0.00000     0.3570E+01     2.000     5   5.8061
     1199     0.00000     0.7298E+02     2.000     7   5.8061
     1200     0.00000     0.4356E+02     2.000     7   5.8061
     1201     0.00000     0.2623E+02     2.000     5   5.8069
     1202     0.00000     0.1445E+02     2.000     6   5.8066
     1203     0.00000     0.1039E+02     2.000     6   5.8066
     1205     0.00000     0.6946E+01     2.000     5   5.8073
     1206     0.00000     0.5841E+02     2.000     6   5.8082
     1207     0.00000     0.1545E+03     2.000     7   5.8097
     1208     0.00000     0.5106E+01     2.000     5   5.8105
     1209     0.00000     0.5537E+02     2.000     6   5.8115
     1210     0.00000     0.4774E+01     2.000     4   5.8120
     1212     0.00000     0.2984E+01     2.000     5   5.8130
     1213     0.00000     0.2679E+02     1.000     6   5.8126
     1214     0.00000     0.3598E+01     2.000     5   5.8143
     1216     0.00000     0.6139E+01     2.000     6   5.8152
     1217     0.00000     0.6633E+01     2.000     5   5.8156
     1218     0.00000     0.3039E+01     2.000     4   5.8162
     1219     0.00000     0.9209E+01     2.000     5   5.8162
     1220     0.00000     0.4609E+01     2.000     5   5.8162
     1221     0.00000     0.9661E+01     2.000     6   5.8162
     1222     0.00000     0.1257E+02     2.000     6   5.8166
     1223     0.00000     0.3327E+01     2.000     5   5.8175
     1224     0.00000     0.1288E+02     2.000     6   5.8173
     1225     0.00000     0.2548E+02     2.000     7   5.8175
     1226     0.00000     0.6330E+02     2.000     7   5.8180
     1227     0.00000     0.2264E+02     2.000     7   5.8180
     1228     0.00000     0.5245E+01     2.000     6   5.8190
     1229     0.00000     0.1259E+02     2.000     7   5.8197
     1230     0.00000     0.4352E+01     2.000     5   5.8193
     1231     0.00000     0.6520E+01     2.000     6   5.8202
     1232     0.00000     0.3623E+01     2.000     5   5.8205
     1233     0.00000     0.2879E+02     2.000     6   5.8213
     1234     0.00000     0.6033E+02     2.000     7   5.8221
     1235     0.00000     0.1669E+02     2.000     6   5.8223
     1236     0.00000     0.8238E+01     2.000     5   5.8228
     1237     0.00000     0.1775E+02     2.000     5   5.8247
     1239     0.00000     0.4191E+01     2.000     6   5.8244
     1240     0.00000     0.1170E+02     2.000     7   5.8247
     1241     0.00000     0.2800E+01     2.000     5   5.8251
     1242     0.00000     0.6717E+01     2.000     6   5.8255
     1243     0.00000     0.1869E+02     2.000     6   5.8258
     1244     0.00000     0.2361E+02     2.000     7   5.8261
     1245     0.00000     0.1885E+02     2.000     6   5.8278
     1246     0.00000     0.2843E+02     2.000     6   5.8277
     1247     0.00000     0.3452E+01     2.000     5   5.8288
     1248     0.00000     0.1316E+02     2.000     6   5.8289
     1249     0.00000     0.3528E+02     2.000     7   5.8286
     1251     0.00000     0.9842E+02     2.000     7   5.8299
     1252     0.00000     0.9301E+01     2.000     5   5.8303
     1253     0.00000     0.5446E+01     2.000     6   5.8306
     1254     0.00000     0.3806E+01     2.000     6   5.8308
     1255     0.00000     0.1221E+02     2.000     6   5.8310
     1256     0.00000     0.1463E+02     2.000     6   5.8317
     1257     0.00000     0.6301E+02     2.000     7   5.8321
     1258     0.00000     0.2016E+02     2.000     7   5.8321
     1259     0.00000     0.4847E+01     2.000     5   5.8329
     1260     0.00000     0.5346E+01     2.000     5   5.8329
     1261     0.00000     0.1845E+02     2.000     6   5.8346
     1262     0.00000     0.4418E+02     2.000     6   5.8348
     1263     0.00000     0.1962E+02     2.000     7   5.8350
     1264     0.00000     0.9931E+02     2.000     7   5.8362
     1265     0.00000     0.3464E+01     1.000     6   5.8370
     1266     0.00000     0.1038E+02     2.000     6   5.8372
     1267     0.00000     0.4355E+01     1.000     6   5.8371
     1269     0.00000     0.7366E+01     2.000     6   5.8383
     1270     0.00000     0.5342E+01     1.000     6   5.8387
     1273     0.00000     0.2976E+02     2.000     7   5.8402
     1275     0.00000     0.1654E+02     2.000     6   5.8412
     1276     0.00000     0.1409E+02     2.000     6   5.8412
     1277     0.00000     0.3561E+01     2.000     5   5.8420
     1278     0.00000     0.4431E+01     2.000     5   5.8416
     1280     0.00000     0.1191E+02     2.000     6   5.8431
     1281     0.00000     0.1344E+02     2.000     6   5.8442
     1282     0.00000     0.5292E+01     2.000     4   5.8452
     1283     0.00000     0.2001E+02     2.000     7   5.8452
     1284     0.00000     0.5424E+02     2.000     7   5.8461
     1285     0.00000     0.5413E+02     2.000     7   5.8461
     1286     0.00000     0.2526E+02     2.000     7   5.8462
     1287     0.00000     0.1682E+02     2.000     7   5.8462
     1289     0.00000     0.4157E+01     2.000     5   5.8472
     1290     0.00000     0.3716E+01     2.000     5   5.8481
     1291     0.00000     0.1012E+02     2.000     6   5.8479
     1293     0.00000     0.5213E+02     2.000     7   5.8492
     1294     0.00000     0.5258E+02     2.000     7   5.8492
     1295     0.00000     0.3165E+02     2.000     7   5.8502
     1296     0.00000     0.3667E+02     2.000     7   5.8522
     1297     0.00000     0.3238E+01     2.000     4   5.8531
     1298     0.00000     0.5521E+02     2.000     7   5.8527
     1299     0.00000     0.1402E+02     2.000     6   5.8533
     1300     0.00000     0.1713E+02     2.000     6   5.8539
     1301     0.00000     0.4260E+01     2.000     5   5.8545
     1302     0.00000     0.3349E+01     2.000     6   5.8544
     1303     0.00000     0.8561E+01     2.000     6   5.8547
     1304     0.00000     0.1767E+02     2.000     6   5.8547
     1306     0.00000     0.6836E+01     2.000     5   5.8574
     1307     0.00000     0.2568E+02     1.000     6   5.8576
     1308     0.00000     0.1861E+02     2.000     6   5.8583
     1310     0.00000     0.5393E+01     2.000     5   5.8592
     1311     0.00000     0.5936E+01     2.000     5   5.8594
     1312     0.00000     0.2384E+02     2.000     7   5.8601
     1313     0.00000     0.4499E+01     2.000     5   5.8603
     1314     0.00000     0.1204E+02     2.000     6   5.8615
     1315     0.00000     0.6627E+01     2.000     7   5.8620
     1316     0.00000     0.4668E+01     2.000     4   5.8625
     1317     0.00000     0.7089E+01     2.000     7   5.8624
     1318     0.00000     0.2995E+02     2.000     7   5.8632
     1319     0.00000     0.3605E+02     2.000     7   5.8634
     1321     0.00000     0.3844E+01     2.000     6   5.8670
     1322     0.00000     0.2978E+02     2.000     7   5.8676
     1323     0.00000     0.1001E+02     2.000     6   5.8682
     1324     0.00000     0.9441E+01     2.000     5   5.8686
     1326     0.00000     0.1135E+02     2.000     7   5.8706
     1327     0.00000     0.4295E+01     2.000     6   5.8718
     1328     0.00000     0.8447E+01     2.000     5   5.8723
     1329     0.00000     0.3576E+02     2.000     7   5.8723
     1330     0.00000     0.3683E+01     1.000     6   5.8729
     1331     0.00000     0.5524E+02     2.000     7   5.8763
     1332     0.00000     0.7695E+01     2.000     5   5.8779
     1333     0.00000     0.2632E+02     2.000     7   5.8777
     1334     0.00000     0.1316E+02     2.000     6   5.8793
     1335     0.00000     0.9643E+01     2.000     6   5.8806
     1336     0.00000     0.5855E+02     2.000     7   5.8806
     1337     0.00000     0.1688E+02     2.000     7   5.8806
     1338     0.00000     0.3638E+02     2.000     7   5.8826
     1339     0.00000     0.2611E+02     2.000     6   5.8833
     1340     0.00000     0.3995E+01     2.000     6   5.8837
     1341     0.00000     0.1040E+02     2.000     5   5.8847
     1342     0.00000     0.4761E+01     2.000     5   5.8857
     1343     0.00000     0.6807E+01     2.000     4   5.8866
     1344     0.00000     0.4300E+01     2.000     5   5.8866
     1347     0.00000     0.4012E+01     2.000     5   5.8875
     1350     0.00000     0.5019E+02     2.000     7   5.8907
     1351     0.00000     0.3164E+02     2.000     5   5.8922
     1353     0.00000     0.7176E+01     2.000     6   5.8943
     1354     0.00000     0.2573E+02     2.000     7   5.8948
     1355     0.00000     0.3457E+01     2.000     5   5.8954
     1356     0.00000     0.7831E+01     2.000     6   5.8960
     1357     0.00000     0.1686E+02     2.000     6   5.8967
     1358     0.00000     0.6639E+01     2.000     6   5.8980
     1359     0.00000     0.4943E+01     2.000     5   5.8990
     1360     0.00000     0.6056E+01     2.000     4   5.8994
     1361     0.00000     0.9902E+01     2.000     6   5.8995
     1362     0.00000     0.7819E+01     2.000     6   5.8995
     1363     0.00000     0.1083E+02     2.000     6   5.8995
     1364     0.00000     0.3472E+01     2.000     3   5.8998
     1365     0.00000     0.6001E+01     2.000     5   5.9007
     1366     0.00000     0.1167E+02     2.000     6   5.9005
     1367     0.00000     0.7361E+01     2.000     6   5.9014
     1368     0.00000     0.6266E+01     2.000     4   5.9019
     1369     0.00000     0.2993E+02     2.000     6   5.9023
     1370     0.00000     0.7248E+01     2.000     6   5.9031
     1371     0.00000     0.1960E+02     2.000     6   5.9031
     1372     0.00000     0.9670E+01     2.000     6   5.9035
     1373     0.00000     0.7759E+01     2.000     6   5.9043
     1374     0.00000     0.1335E+02     2.000     6   5.9041
     1375     0.00000     0.7684E+01     2.000     5   5.9047
     1376     0.00000     0.1407E+02     2.000     5   5.9050
     1377     0.00000     0.7889E+01     2.000     6   5.9059
     1378     0.00000     0.6573E+01     2.000     4   5.9080
     1379     0.00000     0.9605E+01     2.000     6   5.9076
     1380     0.00000     0.6654E+01     2.000     7   5.9081
     1381     0.00000     0.4705E+01     2.000     6   5.9091
     1383     0.00000     0.2185E+02     2.000     6   5.9101
     1384     0.00000     0.4532E+01     2.000     6   5.9108
     1385     0.00000     0.5780E+02     2.000     7   5.9110
     1386     0.00000     0.1651E+02     2.000     7   5.9110
     1387     0.00000     0.8302E+01     2.000     6   5.9114
     1388     0.00000     0.3948E+02     2.000     6   5.9118
     1389     0.00000     0.4878E+02     2.000     6   5.9118
     1390     0.00000     0.4415E+02     2.000     7   5.9120
     1391     0.00000     0.6806E+01     2.000     7   5.9123
     1392     0.00000     0.1368E+03     2.000     7   5.9132
     1393     0.00000     0.2864E+01     2.000     5   5.9141
     1394     0.00000     0.2747E+02     2.000     7   5.9137
     1395     0.00000     0.3213E+01     2.000     6   5.9156
     1396     0.00000     0.1532E+02     2.000     6   5.9156
     1397     0.00000     0.8973E+01     2.000     6   5.9160
     1399     0.00000     0.1057E+02     2.000     5   5.9178
     1400     0.00000     0.2226E+02     2.000     7   5.9181
     1401     0.00000     0.6857E+01     2.000     6   5.9185
     1402     0.00000     0.1278E+02     2.000     6   5.9203
     1403     0.00000     0.1781E+02     2.000     7   5.9203
     1404     0.00000     0.2078E+02     2.000     6   5.9223
     1405     0.00000     0.5155E+01     2.000     6   5.9221
     1406     0.00000     0.2728E+02     2.000     7   5.9225
     1407     0.00000     0.2694E+02     2.000     7   5.9222
     1408     0.00000     0.1104E+02     2.000     5   5.9231
     1409     0.00000     0.9122E+01     2.000     6   5.9233
     1410     0.00000     0.2192E+02     2.000     6   5.9233
     1411     0.00000     0.1126E+02     2.000     5   5.9242
     1413     0.00000     0.2919E+01     2.000     4   5.9262
     1414     0.00000     0.1364E+02     2.000     5   5.9263
     1415     0.00000     0.2885E+02     2.000     7   5.9262
     1416     0.00000     0.6063E+02     2.000     7   5.9262
     1417     0.00000     0.2661E+02     2.000     7   5.9281
     1418     0.00000     0.4212E+02     2.000     7   5.9285
     1419     0.00000     0.3152E+01     2.000     6   5.9291
     1420     0.00000     0.1245E+02     2.000     6   5.9289
     1421     0.00000     0.6941E+02     2.000     6   5.9288
     1422     0.00000     0.1063E+02     2.000     5   5.9298
     1423     0.00000     0.1814E+02     2.000     7   5.9298
     1424     0.00000     0.1295E+02     2.000     6   5.9307
     1426     0.00000     0.4169E+01     2.000     6   5.9320
     1427     0.00000     0.7766E+01     2.000     7   5.9318
     1428     0.00000     0.1129E+02     2.000     5   5.9323
     1429     0.00000     0.1210E+02     2.000     6   5.9325
     1430     0.00000     0.6478E+01     2.000     6   5.9329
     1432     0.00000     0.2294E+02     2.000     6   5.9335
     1433     0.00000     0.7281E+01     2.000     6   5.9341
     1434     0.00000     0.1159E+02     2.000     6   5.9353
     1435     0.00000     0.1382E+02     2.000     5   5.9359
     1436     0.00000     0.1333E+02     2.000     5   5.9371
     1437     0.00000     0.1241E+03     2.000     7   5.9369
     1438     0.00000     0.3013E+01     2.000     4   5.9380
     1439     0.00000     0.8228E+01     2.000     6   5.9385
     1440     0.00000     0.9074E+02     2.000     7   5.9392
     1441     0.00000     0.1190E+02     2.000     6   5.9411
     1442     0.00000     0.4014E+02     2.000     7   5.9407
     1443     0.00000     0.3984E+01     2.000     4   5.9417
     1444     0.00000     0.1026E+02     2.000     6   5.9416
     1445     0.00000     0.7002E+01     2.000     6   5.9420
     1446     0.00000     0.2711E+02     2.000     7   5.9420
     1447     0.00000     0.8814E+01     2.000     7   5.9427
     1448     0.00000     0.2349E+02     2.000     6   5.9426
     1449     0.00000     0.8348E+01     2.000     5   5.9436
     1450     0.00000     0.1046E+02     2.000     7   5.9438
     1451     0.00000     0.6577E+01     2.000     6   5.9440
     1453     0.00000     0.1967E+02     2.000     7   5.9439
     1454     0.00000     0.7186E+01     2.000     6   5.9454
     1455     0.00000     0.4700E+01     2.000     6   5.9455
     1456     0.00000     0.4481E+02     2.000     6   5.9466
     1457     0.00000     0.4063E+01     2.000     6   5.9480
     1458     0.00000     0.5233E+01     2.000     5   5.9485
     1459     0.00000     0.1049E+02     2.000     6   5.9482
     1460     0.00000     0.2014E+02     2.000     7   5.9484
     1461     0.00000     0.7818E+01     2.000     5   5.9497
     1463     0.00000     0.4268E+01     2.000     5   5.9515
     1464     0.00000     0.8278E+01     2.000     5   5.9521
     1466     0.00000     0.4527E+02     2.000     7   5.9519
     1467     0.00000     0.2447E+02     2.000     7   5.9531
     1468     0.00000     0.5324E+02     2.000     7   5.9531
     1469     0.00000     0.4059E+01     2.000     6   5.9541
     1470     0.00000     0.2335E+02     2.000     6   5.9542
     1471     0.00000     0.2349E+02     2.000     6   5.9555
     1472     0.00000     0.1294E+03     2.000     7   5.9567
     1473     0.00000     0.7263E+01     2.000     6   5.9589
     1475     0.00000     0.2639E+02     2.000     7   5.9586
     1476     0.00000     0.8864E+01     2.000     7   5.9596
     1477     0.00000     0.4853E+01     1.000     2   5.9597
     1478     0.00000     0.2530E+02     2.000     7   5.9596
     1479     0.00000     0.2396E+02     2.000     6   5.9603
     1480     0.00000     0.3067E+01     2.000     4   5.9609
     1482     0.00000     0.3011E+01     2.000     5   5.9619
     1483     0.00000     0.1900E+02     2.000     7   5.9645
     1484     0.00000     0.2818E+01     2.000     6   5.9654
     1486     0.00000     0.3600E+01     2.000     5   5.9657
     1487     0.00000     0.1166E+02     1.000     6   5.9660
     1488     0.00000     0.6218E+01     2.000     6   5.9667
     1489     0.00000     0.8953E+01     2.000     6   5.9670
     1490     0.00000     0.3204E+01     2.000     6   5.9682
     1493     0.00000     0.6663E+01     2.000     6   5.9687
     1494     0.00000     0.6247E+01     2.000     6   5.9694
     1495     0.00000     0.9665E+02     2.000     7   5.9693
     1496     0.00000     0.7428E+01     2.000     6   5.9700
     1497     0.00000     0.1603E+02     2.000     6   5.9705
     1498     0.00000     0.3589E+01     2.000     5   5.9711
     1499     0.00000     0.3124E+01     2.000     6   5.9718
     1500     0.00000     0.6180E+01     2.000     6   5.9723
     1501     0.00000     0.1422E+02     2.000     6   5.9726
     1502     0.00000     0.8483E+01     2.000     6   5.9728
     1503     0.00000     0.1120E+02     2.000     5   5.9745
     1504     0.00000     0.7400E+01     2.000     5   5.9750
     1505     0.00000     0.7453E+01     2.000     6   5.9757
     1506     0.00000     0.4406E+01     2.000     7   5.9755
     1507     0.00000     0.1846E+02     2.000     7   5.9769
     1508     0.00000     0.1506E+02     2.000     6   5.9777
     1509     0.00000     0.6682E+01     2.000     6   5.9776
     1510     0.00000     0.7910E+01     2.000     7   5.9774
     1511     0.00000     0.2696E+01     2.000     6   5.9789
     1512     0.00000     0.2249E+02     2.000     7   5.9793
     1514     0.00000     0.3001E+02     2.000     7   5.9822
     1515     0.00000     0.1334E+02     2.000     7   5.9821
     1516     0.00000     0.8888E+01     2.000     6   5.9827
     1517     0.00000     0.6235E+01     2.000     6   5.9834
     1518     0.00000     0.6280E+01     2.000     7   5.9840
     1519     0.00000     0.9637E+01     2.000     6   5.9843
     1520     0.00000     0.8505E+01     2.000     6   5.9857
     1521     0.00000     0.1803E+02     2.000     7   5.9857
     1522     0.00000     0.4499E+01     2.000     6   5.9866
     1523     0.00000     0.4790E+01     2.000     7   5.9874
     1524     0.00000     0.1106E+02     2.000     7   5.9878
     1525     0.00000     0.4871E+01     2.000     5   5.9884
     1526     0.00000     0.2980E+01     2.000     5   5.9900
     1527     0.00000     0.4456E+01     2.000     6   5.9896
     1528     0.00000     0.4911E+01     2.000     4   5.9903
     1529     0.00000     0.2947E+02     2.000     7   5.9910
     1530     0.00000     0.1069E+02     2.000     3   5.9914
     1531     0.00000     0.7708E+01     2.000     6   5.9914
     1532     0.00000     0.2583E+02     2.000     6   5.9929
     1533     0.00000     0.9050E+01     2.000     7   5.9937
     1534     0.00000     0.8461E+01     2.000     7   5.9948
     1535     0.00000     0.3061E+01     2.000     5   5.9945
     1536     0.00000     0.2771E+01     2.000     3   5.9952
     1537     0.00000     0.5020E+01     2.000     6   5.9949
     1538     0.00000     0.1862E+02     2.000     7   5.9950
     1539     0.00000     0.6200E+01     2.000     7   5.9963
     1540     0.00000     0.1134E+02     2.000     7   5.9967
     1541     0.00000     0.2805E+02     2.000     7   5.9979
     1542     0.00000     0.3058E+02     2.000     7   5.9979
     1544     0.00000     0.6173E+01     2.000     6   5.9983
     1546     0.00000     0.8227E+01     2.000     7   6.0002
     1547     0.00000     0.7504E+01     2.000     3   6.0006
     1548     0.00000     0.2538E+02     2.000     7   6.0009
     1549     0.00000     0.3251E+01     2.000     5   6.0011
     1550     0.00000     0.6320E+01     2.000     5   6.0019
     1552     0.00000     0.5840E+01     2.000     6   6.0057
     1553     0.00000     0.5877E+01     2.000     6   6.0054
     1554     0.00000     0.4226E+01     2.000     4   6.0060
     1555     0.00000     0.9725E+01     2.000     5   6.0068
     1556     0.00000     0.8057E+01     2.000     6   6.0075
     1557     0.00000     0.3492E+01     2.000     7   6.0075
     1559     0.00000     0.1341E+02     2.000     7   6.0078
     1560     0.00000     0.1040E+02     2.000     5   6.0083
     1561     0.00000     0.5019E+01     2.000     7   6.0091
     1562     0.00000     0.2696E+01     2.000     6   6.0092
     1563     0.00000     0.3703E+01     2.000     6   6.0089
     1564     0.00000     0.6157E+01     1.000     4   6.0097
     1566     0.00000     0.1368E+02     2.000     6   6.0101
     1567     0.00000     0.1340E+02     2.000     7   6.0099
     1568     0.00000     0.3984E+01     2.000     6   6.0122
     1572     0.00000     0.7968E+01     2.000     6   6.0141
     1573     0.00000     0.7222E+01     2.000     6   6.0141
     1574     0.00000     0.2872E+01     2.000     6   6.0148
     1575     0.00000     0.6460E+01     2.000     5   6.0162
     1577     0.00000     0.8169E+01     2.000     6   6.0170
     1578     0.00000     0.2265E+02     2.000     7   6.0168
     1579     0.00000     0.3371E+01     2.000     5   6.0191
     1580     0.00000     0.4949E+01     2.000     6   6.0193
     1581     0.00000     0.7385E+01     2.000     6   6.0204
     1582     0.00000     0.6062E+01     2.000     7   6.0209
     1583     0.00000     0.4326E+01     2.000     7   6.0204
     1584     0.00000     0.5102E+01     2.000     6   6.0212
     1585     0.00000     0.6518E+01     1.000     4   6.0232
     1588     0.00000     0.4470E+01     2.000     6   6.0233
     1589     0.00000     0.5063E+01     2.000     6   6.0243
     1590     0.00000     0.5580E+01     2.000     6   6.0252
     1591     0.00000     0.8854E+01     2.000     5   6.0249
     1592     0.00000     0.8587E+01     2.000     6   6.0248
     1593     0.00000     0.5587E+01     2.000     6   6.0255
     1594     0.00000     0.7450E+01     2.000     4   6.0269
     1595     0.00000     0.4424E+01     2.000     6   6.0292
     1596     0.00000     0.1645E+02     2.000     7   6.0295
     1597     0.00000     0.4754E+01     2.000     6   6.0302
     1599     0.00000     0.4538E+01     2.000     5   6.0308
     1600     0.00000     0.2371E+02     2.000     6   6.0312
     1601     0.00000     0.3066E+01     2.000     4   6.0315
     1602     0.00000     0.4075E+01     2.000     6   6.0320
     1603     0.00000     0.7310E+01     2.000     5   6.0329
     1604     0.00000     0.4261E+01     2.000     6   6.0329
     1605     0.00000     0.1630E+02     2.000     7   6.0325
     1607     0.00000     0.5587E+01     2.000     7   6.0336
     1608     0.00000     0.9867E+02     2.000     7   6.0337
     1609     0.00000     0.3501E+01     2.000     3   6.0343
     1611     0.00000     0.3039E+01     2.000     4   6.0357
     1612     0.00000     0.2918E+02     2.000     7   6.0356
     1613     0.00000     0.1752E+02     2.000     7   6.0356
     1614     0.00000     0.2455E+02     2.000     6   6.0362
     1615     0.00000     0.3731E+01     2.000     5   6.0364
     1616     0.00000     0.3997E+01     2.000     7   6.0369
     1617     0.00000     0.5003E+01     2.000     7   6.0370
     1618     0.00000     0.3662E+01     2.000     5   6.0399
     1619     0.00000     0.3628E+01     2.000     5   6.0399
     1620     0.00000     0.3585E+02     2.000     7   6.0400
     1621     0.00000     0.8709E+01     2.000     6   6.0406
     1622     0.00000     0.3455E+01     2.000     6   6.0405
     1623     0.00000     0.4583E+01     2.000     5   6.0429
     1624     0.00000     0.5919E+01     2.000     6   6.0433
     1625     0.00000     0.4800E+01     2.000     6   6.0435
     1627     0.00000     0.6178E+01     2.000     6   6.0471
     1628     0.00000     0.2801E+02     2.000     7   6.0478
     1629     0.00000     0.3847E+01     2.000     5   6.0481
     1631     0.00000     0.7441E+01     2.000     5   6.0510
     1632     0.00000     0.8891E+01     2.000     6   6.0516
     1633     0.00000     0.1229E+02     2.000     7   6.0534
     1634     0.00000     0.5451E+01     2.000     7   6.0544
     1635     0.00000     0.1345E+02     2.000     7   6.0546
     1636     0.00000     0.4343E+01     2.000     7   6.0556
     1638     0.00000     0.2039E+02     2.000     7   6.0562
     1639     0.00000     0.6609E+01     2.000     7   6.0562
     1641     0.00000     0.8202E+01     2.000     6   6.0577
     1642     0.00000     0.1065E+02     2.000     7   6.0581
     1643     0.00000     0.3947E+02     2.000     7   6.0589
     1644     0.00000     0.5832E+02     2.000     7   6.0589
     1645     0.00000     0.4094E+01     2.000     5   6.0593
     1646     0.00000     0.2767E+01     2.000     4   6.0601
     1647     0.00000     0.8073E+01     2.000     6   6.0602
     1648     0.00000     0.9068E+01     2.000     7   6.0602
     1649     0.00000     0.5234E+01     2.000     6   6.0615
     1650     0.00000     0.6235E+01     2.000     6   6.0618
     1651     0.00000     0.2205E+02     2.000     6   6.0625
     1654     0.00000     0.3643E+01     2.000     4   6.0659
     1655     0.00000     0.3627E+01     2.000     6   6.0666
     1656     0.00000     0.3814E+01     2.000     6   6.0690
     1657     0.00000     0.9028E+01     2.000     6   6.0705
     1658     0.00000     0.3034E+01     2.000     6   6.0708
     1660     0.00000     0.8259E+01     2.000     6   6.0722
     1661     0.00000     0.1072E+02     2.000     7   6.0720
     1664     0.00000     0.2052E+02     2.000     7   6.0737
     1665     0.00000     0.4548E+01     2.000     5   6.0749
     1666     0.00000     0.4767E+01     2.000     6   6.0750
     1667     0.00000     0.3868E+01     2.000     6   6.0755
     1668     0.00000     0.5515E+01     2.000     6   6.0755
     1669     0.00000     0.6698E+01     2.000     6   6.0755
     1670     0.00000     0.6854E+01     2.000     7   6.0751
     1671     0.00000     0.2802E+02     2.000     7   6.0751
     1672     0.00000     0.7821E+01     2.000     6   6.0767
     1673     0.00000     0.1330E+02     2.000     7   6.0772
     1674     0.00000     0.2721E+02     2.000     7   6.0799
     1675     0.00000     0.3932E+01     2.000     7   6.0803
     1676     0.00000     0.7929E+01     2.000     6   6.0806
     1679     0.00000     0.3632E+01     2.000     6   6.0813
     1680     0.00000     0.1100E+02     2.000     7   6.0820
     1681     0.00000     0.1550E+02     2.000     6   6.0833
     1682     0.00000     0.8740E+01     2.000     7   6.0837
     1683     0.00000     0.1791E+02     2.000     7   6.0856
     1684     0.00000     0.3321E+01     2.000     3   6.0862
     1685     0.00000     0.8944E+01     2.000     6   6.0868
     1687     0.00000     0.3669E+01     2.000     7   6.0872
     1688     0.00000     0.6463E+02     2.000     7   6.0879
     1689     0.00000     0.3702E+01     2.000     6   6.0897
     1690     0.00000     0.3639E+01     2.000     4   6.0901
     1691     0.00000     0.9393E+01     2.000     7   6.0927
     1692     0.00000     0.5406E+01     2.000     5   6.0946
     1693     0.00000     0.7985E+01     2.000     6   6.0951
     1694     0.00000     0.1961E+02     2.000     7   6.0949
     1696     0.00000     0.2567E+02     2.000     7   6.0955
     1697     0.00000     0.1427E+02     2.000     7   6.0954
     1698     0.00000     0.3069E+01     2.000     3   6.0959
     1699     0.00000     0.6483E+01     2.000     6   6.0961
     1700     0.00000     0.5974E+01     2.000     6   6.0962
     1701     0.00000     0.2652E+02     2.000     7   6.0967
     1702     0.00000     0.5299E+01     1.000     6   6.0980
     1703     0.00000     0.1693E+02     2.000     7   6.0978
     1704     0.00000     0.4417E+01     2.000     6   6.0982
     1705     0.00000     0.1266E+02     2.000     6   6.0985
     1706     0.00000     0.4816E+01     2.000     6   6.0983
     1707     0.00000     0.1468E+02     2.000     7   6.0983
     1708     0.00000     0.1977E+02     2.000     7   6.0980
     1709     0.00000     0.2705E+01     2.000     7   6.0993
     1710     0.00000     0.8111E+01     2.000     6   6.0993
     1711     0.00000     0.1074E+02     2.000     6   6.1014
     1712     0.00000     0.7648E+01     2.000     7   6.1022
     1714     0.00000     0.6004E+01     2.000     5   6.1036
     1715     0.00000     0.6015E+01     2.000     5   6.1036
     1716     0.00000     0.2822E+01     2.000     7   6.1049
     1717     0.00000     0.2157E+02     2.000     7   6.1049
     1718     0.00000     0.3694E+01     2.000     7   6.1054
     1719     0.00000     0.4321E+01     2.000     4   6.1059
     1720     0.00000     0.3261E+01     2.000     4   6.1065
     1721     0.00000     0.3688E+01     2.000     5   6.1066
     1722     0.00000     0.3666E+01     2.000     5   6.1066
     1723     0.00000     0.5554E+01     2.000     5   6.1068
     1724     0.00000     0.6220E+01     2.000     6   6.1072
     1725     0.00000     0.3915E+01     2.000     7   6.1095
     1726     0.00000     0.4536E+01     2.000     6   6.1104
     1727     0.00000     0.1576E+02     2.000     7   6.1114
     1728     0.00000     0.6297E+01     2.000     6   6.1128
     1729     0.00000     0.3737E+01     2.000     4   6.1133
     1730     0.00000     0.2973E+01     2.000     4   6.1140
     1731     0.00000     0.3585E+01     2.000     5   6.1141
     1732     0.00000     0.6204E+01     2.000     5   6.1144
     1733     0.00000     0.6218E+01     2.000     5   6.1144
     1734     0.00000     0.1023E+02     2.000     7   6.1146
     1735     0.00000     0.6378E+01     2.000     6   6.1152
     1736     0.00000     0.3864E+01     2.000     4   6.1156
     1737     0.00000     0.9361E+01     2.000     7   6.1156
     1738     0.00000     0.4338E+01     2.000     6   6.1162
     1739     0.00000     0.4241E+01     2.000     6   6.1178
     1740     0.00000     0.3071E+01     2.000     7   6.1180
     1741     0.00000     0.7429E+01     2.000     4   6.1197
     1742     0.00000     0.1431E+02     2.000     7   6.1195
     1743     0.00000     0.4807E+01     2.000     4   6.1203
     1744     0.00000     0.6589E+01     2.000     7   6.1201
     1745     0.00000     0.7245E+01     2.000     4   6.1229
     1746     0.00000     0.9588E+01     2.000     5   6.1232
     1747     0.00000     0.6473E+01     2.000     7   6.1234
     1748     0.00000     0.7339E+01     2.000     6   6.1241
     1749     0.00000     0.5341E+01     1.000     6   6.1244
     1750     0.00000     0.3080E+01     2.000     7   6.1246
     1751     0.00000     0.8359E+01     2.000     7   6.1249
     1753     0.00000     0.3516E+01     2.000     7   6.1265
     1754     0.00000     0.6652E+01     2.000     6   6.1277
     1755     0.00000     0.4847E+01     2.000     5   6.1279
     1756     0.00000     0.3493E+01     2.000     7   6.1301
     1757     0.00000     0.2997E+01     2.000     4   6.1300
     1758     0.00000     0.6680E+01     2.000     6   6.1308
     1759     0.00000     0.9692E+01     2.000     7   6.1321
     1760     0.00000     0.7167E+01     2.000     4   6.1326
     1761     0.00000     0.2187E+02     2.000     5   6.1337
     1762     0.00000     0.3706E+01     2.000     6   6.1351
     1763     0.00000     0.1935E+02     2.000     7   6.1356
     1764     0.00000     0.2707E+01     2.000     5   6.1365
     1765     0.00000     0.4170E+01     2.000     6   6.1366
     1768     0.00000     0.7155E+01     2.000     6   6.1380
     1769     0.00000     0.1163E+02     2.000     6   6.1388
     1770     0.00000     0.1029E+02     2.000     5   6.1393
     1771     0.00000     0.1039E+02     2.000     7   6.1396
     1772     0.00000     0.6248E+01     2.000     5   6.1399
     1773     0.00000     0.7240E+01     2.000     6   6.1398
     1774     0.00000     0.5026E+01     2.000     4   6.1407
     1775     0.00000     0.6559E+01     2.000     6   6.1410
     1776     0.00000     0.1103E+02     2.000     6   6.1412
     1777     0.00000     0.3198E+01     2.000     7   6.1422
     1778     0.00000     0.3426E+01     2.000     7   6.1422
     1780     0.00000     0.8988E+01     2.000     6   6.1451
     1782     0.00000     0.1238E+02     2.000     7   6.1456
     1783     0.00000     0.3749E+01     2.000     4   6.1468
     1784     0.00000     0.4100E+01     2.000     5   6.1469
     1786     0.00000     0.1048E+02     2.000     7   6.1481
     1787     0.00000     0.3646E+01     2.000     5   6.1488
     1788     0.00000     0.1112E+02     2.000     6   6.1486
     1789     0.00000     0.2004E+02     2.000     7   6.1488
     1791     0.00000     0.6346E+01     2.000     3   6.1502
     1792     0.00000     0.3750E+01     2.000     4   6.1501
     1793     0.00000     0.3959E+01     2.000     6   6.1497
     1794     0.00000     0.4505E+01     2.000     4   6.1504
     1796     0.00000     0.1315E+02     2.000     5   6.1508
     1797     0.00000     0.5979E+01     2.000     6   6.1512
     1798     0.00000     0.1290E+02     2.000     7   6.1520
     1799     0.00000     0.3374E+01     2.000     4   6.1526
     1800     0.00000     0.9312E+01     2.000     7   6.1527
     1801     0.00000     0.4213E+01     2.000     7   6.1528
     1802     0.00000     0.1225E+02     2.000     7   6.1529
     1803     0.00000     0.2715E+01     2.000     7   6.1532
     1804     0.00000     0.5326E+01     2.000     7   6.1537
     1805     0.00000     0.5878E+01     2.000     5   6.1538
     1806     0.00000     0.5842E+01     2.000     5   6.1538
     1807     0.00000     0.6428E+01     2.000     6   6.1544
     1808     0.00000     0.3863E+01     2.000     5   6.1546
     1809     0.00000     0.3225E+01     2.000     5   6.1557
     1810     0.00000     0.1669E+02     2.000     5   6.1563
     1811     0.00000     0.2092E+02     2.000     7   6.1568
     1812     0.00000     0.1099E+02     2.000     5   6.1569
     1813     0.00000     0.1650E+02     2.000     6   6.1588
     1815     0.00000     0.6119E+01     2.000     3   6.1598
     1816     0.00000     0.1233E+02     2.000     5   6.1605
     1817     0.00000     0.3384E+01     2.000     7   6.1610
     1818     0.00000     0.3815E+01     2.000     5   6.1614
     1819     0.00000     0.2097E+02     2.000     7   6.1618
     1820     0.00000     0.1439E+02     2.000     7   6.1620
     1821     0.00000     0.7839E+01     2.000     7   6.1619
     1822     0.00000     0.8412E+01     2.000     7   6.1633
     1823     0.00000     0.3725E+01     2.000     4   6.1635
     1824     0.00000     0.2741E+01     2.000     5   6.1637
     1826     0.00000     0.2036E+02     2.000     7   6.1639
     1827     0.00000     0.1626E+02     2.000     7   6.1642
     1828     0.00000     0.5441E+01     2.000     6   6.1650
     1829     0.00000     0.1078E+02     2.000     6   6.1656
     1830     0.00000     0.8185E+01     2.000     7   6.1652
     1831     0.00000     0.1688E+02     2.000     6   6.1658
     1832     0.00000     0.8536E+01     2.000     7   6.1660
     1833     0.00000     0.2672E+01     2.000     4   6.1672
     1834     0.00000     0.2737E+02     2.000     7   6.1668
     1835     0.00000     0.1079E+02     2.000     4   6.1675
     1836     0.00000     0.4785E+01     2.000     5   6.1673
     1838     0.00000     0.6314E+01     2.000     5   6.1685
     1839     0.00000     0.6303E+01     2.000     5   6.1685
     1840     0.00000     0.5421E+01     2.000     5   6.1710
     1841     0.00000     0.2946E+01     2.000     6   6.1717
     1842     0.00000     0.6752E+01     2.000     5   6.1720
     1843     0.00000     0.1149E+02     2.000     6   6.1729
     1844     0.00000     0.1116E+02     2.000     5   6.1741
     1845     0.00000     0.1188E+02     2.000     7   6.1741
     1846     0.00000     0.3079E+02     2.000     7   6.1737
     1847     0.00000     0.6165E+01     2.000     5   6.1747
     1848     0.00000     0.7151E+01     2.000     5   6.1747
     1849     0.00000     0.6157E+01     2.000     5   6.1747
     1850     0.00000     0.1666E+02     2.000     6   6.1743
     1851     0.00000     0.6373E+01     2.000     6   6.1752
     1852     0.00000     0.1294E+02     2.000     7   6.1757
     1853     0.00000     0.3613E+01     2.000     7   6.1759
     1854     0.00000     0.2853E+01     2.000     6   6.1783
     1855     0.00000     0.3608E+01     2.000     7   6.1795
     1856     0.00000     0.3463E+01     2.000     7   6.1796
     1857     0.00000     0.6797E+01     2.000     7   6.1795
     1858     0.00000     0.7086E+01     2.000     6   6.1798
     1859     0.00000     0.3418E+01     2.000     4   6.1812
     1860     0.00000     0.9719E+01     2.000     7   6.1810
     1861     0.00000     0.8449E+01     2.000     4   6.1819
     1862     0.00000     0.1469E+02     2.000     6   6.1815
     1863     0.00000     0.1151E+02     2.000     7   6.1827
     1864     0.00000     0.1524E+02     2.000     6   6.1829
     1865     0.00000     0.1690E+02     2.000     7   6.1841
     1866     0.00000     0.5206E+01     2.000     4   6.1846
     1867     0.00000     0.9976E+01     2.000     6   6.1845
     1868     0.00000     0.3112E+02     2.000     6   6.1843
     1869     0.00000     0.3285E+02     2.000     7   6.1842
     1870     0.00000     0.3867E+02     2.000     7   6.1842
     1872     0.00000     0.4697E+01     2.000     5   6.1849
     1873     0.00000     0.2020E+02     2.000     6   6.1849
     1875     0.00000     0.4022E+01     2.000     5   6.1856
     1876     0.00000     0.1552E+02     2.000     6   6.1859
     1877     0.00000     0.1621E+02     2.000     7   6.1859
     1878     0.00000     0.1618E+02     2.000     7   6.1862
     1879     0.00000     0.1158E+02     2.000     6   6.1869
     1880     0.00000     0.3216E+01     2.000     4   6.1882
     1882     0.00000     0.6549E+01     2.000     7   6.1896
     1883     0.00000     0.5509E+01     2.000     5   6.1904
     1884     0.00000     0.5487E+01     2.000     5   6.1904
     1885     0.00000     0.1155E+02     2.000     6   6.1904
     1889     0.00000     0.9552E+01     2.000     6   6.1915
     1890     0.00000     0.9834E+01     2.000     6   6.1915
     1891     0.00000     0.3867E+01     2.000     6   6.1920
     1892     0.00000     0.6797E+01     2.000     6   6.1933
     1893     0.00000     0.3371E+01     2.000     5   6.1936
     1894     0.00000     0.3347E+01     2.000     5   6.1936
     1895     0.00000     0.5712E+01     2.000     3   6.1949
     1896     0.00000     0.3263E+01     1.000     6   6.1954
     1897     0.00000     0.1160E+02     2.000     7   6.1954
     1898     0.00000     0.5251E+01     2.000     4   6.1962
     1899     0.00000     0.2230E+02     2.000     7   6.1962
     1900     0.00000     0.2955E+02     2.000     7   6.1964
     1901     0.00000     0.2221E+02     2.000     7   6.1971
     1902     0.00000     0.1499E+02     2.000     5   6.1993
     1903     0.00000     0.1306E+02     2.000     6   6.1990
     1904     0.00000     0.3053E+01     2.000     4   6.1996
     1905     0.00000     0.5548E+01     2.000     6   6.2004
     1906     0.00000     0.3581E+01     2.000     7   6.2012
     1907     0.00000     0.3894E+02     2.000     7   6.2023
     1908     0.00000     0.6523E+01     2.000     6   6.2024
     1909     0.00000     0.1114E+02     2.000     6   6.2026
     1910     0.00000     0.4261E+01     2.000     5   6.2029
     1911     0.00000     0.9701E+01     2.000     7   6.2031
     1912     0.00000     0.1197E+02     2.000     7   6.2035
     1913     0.00000     0.1153E+02     2.000     7   6.2035
     1914     0.00000     0.3669E+02     2.000     7   6.2073
     1917     0.00000     0.8209E+01     2.000     7   6.2088
     1918     0.00000     0.3649E+01     2.000     6   6.2094
     1919     0.00000     0.1316E+02     2.000     6   6.2096
     1920     0.00000     0.1446E+02     2.000     6   6.2098
     1921     0.00000     0.2903E+02     2.000     7   6.2103
     1922     0.00000     0.4685E+01     2.000     7   6.2106
     1923     0.00000     0.3825E+01     1.000     6   6.2109
     1925     0.00000     0.1028E+02     2.000     6   6.2114
     1926     0.00000     0.1226E+02     2.000     6   6.2134
     1927     0.00000     0.3892E+01     2.000     4   6.2138
     1929     0.00000     0.9347E+01     2.000     6   6.2148
     1930     0.00000     0.9641E+01     2.000     6   6.2148
     1931     0.00000     0.2420E+02     2.000     7   6.2154
     1933     0.00000     0.5940E+01     2.000     5   6.2159
     1935     0.00000     0.4861E+01     2.000     6   6.2159
     1937     0.00000     0.6279E+01     2.000     6   6.2170
     1938     0.00000     0.7800E+01     2.000     6   6.2175
     1939     0.00000     0.7239E+01     2.000     6   6.2177
     1940     0.00000     0.1303E+02     2.000     7   6.2177
     1941     0.00000     0.5215E+01     2.000     5   6.2189
     1943     0.00000     0.3908E+01     2.000     5   6.2195
     1944     0.00000     0.6071E+01     2.000     6   6.2193
     1945     0.00000     0.3603E+02     2.000     7   6.2192
     1946     0.00000     0.2959E+01     2.000     7   6.2202
     1948     0.00000     0.2843E+02     2.000     7   6.2203
     1949     0.00000     0.4828E+01     2.000     6   6.2239
     1951     0.00000     0.1568E+02     2.000     7   6.2248
     1952     0.00000     0.5472E+01     2.000     7   6.2253
     1953     0.00000     0.1907E+02     2.000     7   6.2259
     1954     0.00000     0.1365E+02     2.000     7   6.2259
     1955     0.00000     0.4378E+01     2.000     5   6.2275
     1957     0.00000     0.8825E+01     2.000     5   6.2278
     1958     0.00000     0.1741E+02     2.000     6   6.2283
     1959     0.00000     0.2496E+02     2.000     7   6.2280
     1960     0.00000     0.9673E+01     2.000     7   6.2280
     1961     0.00000     0.3383E+01     2.000     6   6.2312
     1962     0.00000     0.3937E+01     2.000     6   6.2312
     1963     0.00000     0.1789E+02     2.000     7   6.2320
     1964     0.00000     0.8195E+01     2.000     7   6.2318
     1965     0.00000     0.1509E+02     2.000     5   6.2329
     1966     0.00000     0.3400E+01     2.000     5   6.2329
     1967     0.00000     0.2737E+01     2.000     5   6.2339
     1968     0.00000     0.1143E+02     2.000     6   6.2336
     1969     0.00000     0.1151E+02     2.000     7   6.2351
     1970     0.00000     0.1193E+02     2.000     7   6.2351
     1971     0.00000     0.2963E+02     2.000     7   6.2353
     1972     0.00000     0.1615E+02     2.000     7   6.2357
     1973     0.00000     0.3996E+01     2.000     4   6.2359
     1974     0.00000     0.5084E+01     2.000     7   6.2363
     1975     0.00000     0.5705E+01     2.000     7   6.2360
     1977     0.00000     0.3183E+02     2.000     7   6.2365
     1978     0.00000     0.3992E+01     2.000     4   6.2368
     1979     0.00000     0.8057E+01     2.000     5   6.2375
     1980     0.00000     0.3093E+01     2.000     7   6.2374
     1981     0.00000     0.2636E+02     2.000     7   6.2378
     1983     0.00000     0.4608E+01     2.000     4   6.2411
     1984     0.00000     0.3117E+01     2.000     6   6.2413
     1985     0.00000     0.1305E+02     2.000     6   6.2417
     1986     0.00000     0.4298E+01     2.000     5   6.2428
     1987     0.00000     0.1710E+02     2.000     7   6.2427
     1988     0.00000     0.1053E+02     2.000     7   6.2427
     1989     0.00000     0.6669E+01     2.000     7   6.2434
     1990     0.00000     0.2872E+01     2.000     7   6.2447
     1992     0.00000     0.3740E+02     2.000     7   6.2467
     1993     0.00000     0.4036E+01     2.000     6   6.2479
     1994     0.00000     0.1112E+02     2.000     6   6.2476
     1995     0.00000     0.1034E+02     2.000     7   6.2491
     1996     0.00000     0.3116E+02     2.000     7   6.2494
     1997     0.00000     0.3416E+01     2.000     6   6.2492
     1999     0.00000     0.4592E+01     2.000     7   6.2504
     2000     0.00000     0.3202E+01     2.000     4   6.2505
     2001     0.00000     0.9476E+01     2.000     5   6.2507
     2002     0.00000     0.3203E+01     2.000     4   6.2510
     2003     0.00000     0.5388E+01     2.000     5   6.2517
     2004     0.00000     0.5351E+01     2.000     5   6.2517
     2005     0.00000     0.1668E+02     2.000     7   6.2528
     2006     0.00000     0.6463E+01     2.000     6   6.2526
     2007     0.00000     0.4201E+01     2.000     5   6.2535
     2009     0.00000     0.3395E+01     2.000     6   6.2567
     2011     0.00000     0.6446E+01     2.000     7   6.2563
     2012     0.00000     0.4560E+01     2.000     6   6.2571
     2013     0.00000     0.2161E+02     1.000     6   6.2578
     2014     0.00000     0.9101E+01     2.000     6   6.2579
     2015     0.00000     0.1583E+02     2.000     6   6.2583
     2016     0.00000     0.4530E+01     2.000     6   6.2591
     2017     0.00000     0.1118E+02     2.000     6   6.2593
     2018     0.00000     0.1514E+02     2.000     6   6.2599
     2019     0.00000     0.3044E+01     2.000     7   6.2597
     2020     0.00000     0.2852E+01     2.000     7   6.2598
     2021     0.00000     0.3403E+01     2.000     5   6.2604
     2022     0.00000     0.3387E+01     2.000     5   6.2604
     2023     0.00000     0.6505E+01     2.000     6   6.2607
     2024     0.00000     0.2892E+02     2.000     6   6.2608
     2025     0.00000     0.2675E+01     2.000     4   6.2612
     2026     0.00000     0.4219E+01     2.000     6   6.2616
     2027     0.00000     0.2439E+02     2.000     6   6.2613
     2028     0.00000     0.1064E+02     2.000     7   6.2611
     2029     0.00000     0.1582E+02     2.000     7   6.2618
     2030     0.00000     0.1244E+02     2.000     6   6.2619
     2032     0.00000     0.1600E+02     2.000     6   6.2629
     2033     0.00000     0.7215E+01     2.000     6   6.2630
     2034     0.00000     0.2778E+01     2.000     5   6.2633
     2035     0.00000     0.4460E+01     2.000     7   6.2642
     2036     0.00000     0.4261E+01     2.000     5   6.2646
     2037     0.00000     0.6472E+01     2.000     7   6.2644
     2039     0.00000     0.2730E+01     2.000     4   6.2652
     2040     0.00000     0.6790E+01     2.000     6   6.2649
     2041     0.00000     0.5862E+01     2.000     6   6.2657
     2042     0.00000     0.1637E+02     2.000     6   6.2658
     2043     0.00000     0.4043E+01     2.000     7   6.2658
     2044     0.00000     0.6079E+01     2.000     7   6.2663
     2045     0.00000     0.5297E+01     2.000     7   6.2668
     2046     0.00000     0.9903E+01     2.000     7   6.2674
     2047     0.00000     0.5710E+01     2.000     5   6.2691
     2049     0.00000     0.8300E+01     2.000     4   6.2694
     2050     0.00000     0.1870E+02     2.000     7   6.2692
     2051     0.00000     0.8557E+01     2.000     7   6.2694
     2053     0.00000     0.5735E+01     2.000     6   6.2723
     2054     0.00000     0.3648E+01     2.000     6   6.2726
     2055     0.00000     0.4701E+01     2.000     6   6.2726
     2056     0.00000     0.6477E+01     2.000     6   6.2728
     2057     0.00000     0.6419E+01     2.000     6   6.2731
     2058     0.00000     0.2610E+02     2.000     7   6.2732
     2059     0.00000     0.6642E+01     2.000     7   6.2731
     2060     0.00000     0.6041E+01     2.000     7   6.2737
     2061     0.00000     0.3105E+01     2.000     6   6.2745
     2062     0.00000     0.5961E+01     2.000     6   6.2752
     2063     0.00000     0.5381E+01     2.000     6   6.2752
     2064     0.00000     0.4839E+01     2.000     5   6.2755
     2065     0.00000     0.4814E+01     2.000     5   6.2755
     2066     0.00000     0.2410E+02     2.000     7   6.2756
     2067     0.00000     0.3176E+01     2.000     6   6.2772
     2069     0.00000     0.6207E+01     2.000     5   6.2780
     2070     0.00000     0.5365E+01     2.000     5   6.2784
     2071     0.00000     0.2823E+02     2.000     7   6.2783
     2072     0.00000     0.3406E+01     2.000     4   6.2790
     2073     0.00000     0.4500E+01     2.000     6   6.2788
     2074     0.00000     0.5362E+01     2.000     5   6.2789
     2076     0.00000     0.8751E+01     2.000     6   6.2796
     2077     0.00000     0.8964E+01     2.000     6   6.2796
     2078     0.00000     0.1237E+02     2.000     6   6.2799
     2079     0.00000     0.5491E+01     2.000     5   6.2820
     2080     0.00000     0.3454E+01     2.000     6   6.2821
     2081     0.00000     0.7860E+01     2.000     7   6.2822
     2082     0.00000     0.2883E+01     2.000     5   6.2828
     2083     0.00000     0.4525E+01     2.000     5   6.2832
     2084     0.00000     0.5349E+01     2.000     6   6.2833
     2085     0.00000     0.7749E+01     2.000     7   6.2832
     2086     0.00000     0.1702E+02     2.000     7   6.2833
     2087     0.00000     0.2870E+01     2.000     4   6.2844
     2088     0.00000     0.1685E+02     2.000     5   6.2857
     2089     0.00000     0.1516E+02     2.000     6   6.2858
     2090     0.00000     0.3615E+01     2.000     6   6.2858
     2091     0.00000     0.2857E+01     2.000     4   6.2859
     2092     0.00000     0.3347E+02     2.000     7   6.2862
     2093     0.00000     0.2999E+02     2.000     7   6.2873
     2094     0.00000     0.1658E+02     2.000     7   6.2872
     2095     0.00000     0.3462E+01     2.000     6   6.2883
     2096     0.00000     0.1324E+02     2.000     5   6.2889
     2097     0.00000     0.1161E+02     2.000     5   6.2890
     2098     0.00000     0.5536E+01     2.000     6   6.2895
     2099     0.00000     0.6409E+01     1.000     6   6.2895
     2100     0.00000     0.3051E+01     2.000     5   6.2903
     2101     0.00000     0.9021E+01     2.000     5   6.2902
     2102     0.00000     0.1200E+02     2.000     6   6.2907
     2103     0.00000     0.1456E+02     2.000     6   6.2904
     2104     0.00000     0.6172E+01     2.000     4   6.2909
     2105     0.00000     0.4396E+01     2.000     5   6.2909
     2106     0.00000     0.4499E+01     2.000     6   6.2912
     2107     0.00000     0.9145E+01     2.000     7   6.2917
     2108     0.00000     0.5096E+01     2.000     5   6.2917
     2109     0.00000     0.1047E+02     2.000     6   6.2919
     2110     0.00000     0.5552E+01     2.000     6   6.2914
     2111     0.00000     0.9347E+01     2.000     6   6.2924
     2113     0.00000     0.6143E+01     2.000     7   6.2926
     2114     0.00000     0.4077E+01     2.000     5   6.2926
     2116     0.00000     0.8401E+01     2.000     6   6.2929
     2117     0.00000     0.1594E+02     2.000     7   6.2929
     2118     0.00000     0.8969E+01     2.000     6   6.2933
     2119     0.00000     0.7533E+01     2.000     7   6.2932
     2120     0.00000     0.1470E+02     2.000     7   6.2936
     2121     0.00000     0.1592E+02     2.000     5   6.2938
     2122     0.00000     0.4936E+01     2.000     5   6.2940
     2123     0.00000     0.3279E+01     2.000     6   6.2937
     2124     0.00000     0.8141E+01     2.000     6   6.2939
     2125     0.00000     0.8341E+01     2.000     6   6.2939
     2126     0.00000     0.1738E+02     2.000     7   6.2936
     2127     0.00000     0.1335E+02     2.000     7   6.2936
     2129     0.00000     0.4128E+01     2.000     5   6.2949
     2130     0.00000     0.6483E+01     2.000     6   6.2948
     2131     0.00000     0.6281E+01     2.000     6   6.2956
     2132     0.00000     0.5716E+01     2.000     6   6.2956
     2133     0.00000     0.1565E+02     2.000     7   6.2955
     2134     0.00000     0.1295E+02     2.000     7   6.2958
     2135     0.00000     0.3722E+01     2.000     5   6.2965
     2136     0.00000     0.3977E+01     2.000     6   6.2970
     2138     0.00000     0.1295E+02     2.000     6   6.2974
     2139     0.00000     0.6127E+01     2.000     6   6.2994
     2140     0.00000     0.5956E+01     2.000     6   6.2994
     2141     0.00000     0.2809E+01     2.000     6   6.2999
     2142     0.00000     0.1091E+02     2.000     7   6.3002
     2143     0.00000     0.1046E+02     2.000     7   6.3002
     2144     0.00000     0.5436E+01     2.000     5   6.3013
     2145     0.00000     0.6124E+01     2.000     5   6.3010
     2148     0.00000     0.4102E+01     2.000     4   6.3019
     2149     0.00000     0.5429E+01     2.000     5   6.3022
     2150     0.00000     0.9292E+01     2.000     5   6.3021
     2152     0.00000     0.5096E+01     2.000     7   6.3022
     2154     0.00000     0.3988E+01     2.000     7   6.3023
     2155     0.00000     0.5957E+01     2.000     6   6.3024
     2156     0.00000     0.1051E+02     2.000     7   6.3032
     2157     0.00000     0.5614E+01     2.000     7   6.3034
     2158     0.00000     0.1374E+02     2.000     6   6.3035
     2159     0.00000     0.2931E+02     2.000     7   6.3035
     2160     0.00000     0.1022E+02     2.000     7   6.3038
     2161     0.00000     0.2372E+02     2.000     7   6.3041
     2162     0.00000     0.5148E+01     2.000     5   6.3045
     2163     0.00000     0.3543E+01     2.000     5   6.3051
     2164     0.00000     0.2428E+02     2.000     6   6.3054
     2165     0.00000     0.1202E+02     2.000     7   6.3058
     2166     0.00000     0.1854E+02     2.000     5   6.3061
     2167     0.00000     0.8956E+01     2.000     5   6.3067
     2168     0.00000     0.5771E+01     2.000     5   6.3071
     2169     0.00000     0.4334E+01     2.000     7   6.3079
     2170     0.00000     0.3645E+01     2.000     4   6.3083
     2171     0.00000     0.1720E+02     2.000     7   6.3085
     2172     0.00000     0.7303E+01     2.000     7   6.3092
     2174     0.00000     0.2751E+01     2.000     5   6.3097
     2175     0.00000     0.5876E+01     2.000     6   6.3096
     2176     0.00000     0.3628E+01     2.000     7   6.3096
     2177     0.00000     0.5032E+01     2.000     6   6.3102
     2179     0.00000     0.1114E+02     2.000     7   6.3111
     2180     0.00000     0.5222E+01     2.000     6   6.3111
     2181     0.00000     0.3535E+01     2.000     7   6.3114
     2182     0.00000     0.4033E+01     2.000     3   6.3119
     2183     0.00000     0.1082E+02     2.000     6   6.3120
     2184     0.00000     0.6208E+01     2.000     7   6.3119
     2185     0.00000     0.2879E+02     2.000     7   6.3117
     2186     0.00000     0.7485E+01     2.000     7   6.3116
     2187     0.00000     0.4555E+01     2.000     5   6.3124
     2188     0.00000     0.3496E+01     2.000     4   6.3129
     2189     0.00000     0.1575E+02     2.000     7   6.3129
     2190     0.00000     0.2329E+02     2.000     6   6.3134
     2191     0.00000     0.7373E+01     2.000     6   6.3133
     2192     0.00000     0.2706E+02     2.000     7   6.3137
     2194     0.00000     0.3480E+01     2.000     4   6.3138
     2195     0.00000     0.2730E+01     2.000     5   6.3142
     2196     0.00000     0.4540E+01     2.000     5   6.3139
     2197     0.00000     0.3171E+02     2.000     7   6.3147
     2198     0.00000     0.4198E+01     2.000     7   6.3145
     2199     0.00000     0.6068E+01     2.000     4   6.3154
     2201     0.00000     0.1275E+02     2.000     6   6.3154
     2202     0.00000     0.9013E+01     2.000     6   6.3160
     2203     0.00000     0.4990E+01     2.000     5   6.3166
     2204     0.00000     0.2392E+02     2.000     6   6.3169
     2205     0.00000     0.1651E+02     2.000     7   6.3167
     2207     0.00000     0.4151E+01     2.000     4   6.3175
     2208     0.00000     0.5552E+01     2.000     6   6.3175
     2210     0.00000     0.3438E+01     2.000     7   6.3184
     2211     0.00000     0.5489E+01     1.000     6   6.3191
     2213     0.00000     0.8810E+01     2.000     5   6.3198
     2214     0.00000     0.4565E+01     2.000     6   6.3206
     2215     0.00000     0.3599E+01     2.000     6   6.3211
     2216     0.00000     0.3617E+01     2.000     6   6.3211
     2217     0.00000     0.3214E+01     2.000     6   6.3211
     2219     0.00000     0.1239E+02     2.000     7   6.3222
     2220     0.00000     0.4785E+01     2.000     5   6.3225
     2221     0.00000     0.3874E+02     2.000     6   6.3224
     2222     0.00000     0.1722E+02     2.000     7   6.3227
     2224     0.00000     0.1221E+02     2.000     5   6.3238
     2225     0.00000     0.2737E+01     2.000     6   6.3238
     2226     0.00000     0.3542E+01     2.000     6   6.3242
     2227     0.00000     0.3482E+01     2.000     6   6.3242
     2228     0.00000     0.7218E+01     2.000     6   6.3240
     2229     0.00000     0.1545E+02     2.000     7   6.3238
     2231     0.00000     0.6351E+01     1.000     6   6.3253
     2232     0.00000     0.5007E+01     2.000     6   6.3254
     2233     0.00000     0.7472E+01     2.000     7   6.3258
     2235     0.00000     0.5464E+01     2.000     5   6.3268
     2236     0.00000     0.8379E+01     1.000     6   6.3264
     2238     0.00000     0.5872E+01     2.000     6   6.3273
     2239     0.00000     0.7947E+01     1.000     6   6.3279
     2240     0.00000     0.9831E+01     2.000     6   6.3286
     2241     0.00000     0.6212E+01     2.000     6   6.3292
     2242     0.00000     0.4728E+01     1.000     6   6.3292
     2243     0.00000     0.4718E+01     1.000     6   6.3301
     2244     0.00000     0.3667E+02     2.000     6   6.3304
     2245     0.00000     0.2743E+01     1.000     6   6.3307
     2247     0.00000     0.1514E+02     2.000     7   6.3305
     2248     0.00000     0.1833E+02     2.000     7   6.3304
     2249     0.00000     0.4639E+01     2.000     6   6.3312
     2250     0.00000     0.7479E+01     2.000     6   6.3311
     2251     0.00000     0.8353E+01     2.000     6   6.3316
     2252     0.00000     0.7397E+01     2.000     6   6.3316
     2253     0.00000     0.5203E+01     2.000     7   6.3317
     2254     0.00000     0.2802E+01     2.000     7   6.3314
     2255     0.00000     0.1378E+02     2.000     7   6.3320
     2256     0.00000     0.2762E+01     2.000     6   6.3322
     2257     0.00000     0.3339E+02     2.000     6   6.3340
     2258     0.00000     0.3327E+01     2.000     6   6.3340
     2259     0.00000     0.5400E+01     2.000     7   6.3341
     2262     0.00000     0.5160E+01     2.000     6   6.3349
     2263     0.00000     0.2681E+02     2.000     7   6.3350
     2264     0.00000     0.4003E+01     2.000     6   6.3355
     2265     0.00000     0.5196E+01     2.000     7   6.3353
     2266     0.00000     0.7337E+01     2.000     5   6.3359
     2268     0.00000     0.2708E+01     1.000     6   6.3375
     2269     0.00000     0.6602E+01     2.000     6   6.3379
     2270     0.00000     0.1753E+02     2.000     6   6.3378
     2271     0.00000     0.2041E+02     2.000     7   6.3375
     2272     0.00000     0.4115E+01     2.000     4   6.3380
     2273     0.00000     0.5886E+01     2.000     6   6.3385
     2274     0.00000     0.7886E+01     2.000     6   6.3389
     2275     0.00000     0.6085E+01     2.000     4   6.3398
     2276     0.00000     0.8284E+01     2.000     5   6.3405
     2277     0.00000     0.2555E+02     2.000     6   6.3401
     2278     0.00000     0.1604E+02     2.000     7   6.3401
     2279     0.00000     0.3185E+01     1.000     4   6.3406
     2280     0.00000     0.3446E+01     2.000     4   6.3415
     2281     0.00000     0.9642E+01     2.000     6   6.3416
     2282     0.00000     0.7213E+01     2.000     6   6.3416
     2283     0.00000     0.3101E+02     2.000     7   6.3412
     2284     0.00000     0.1261E+02     2.000     7   6.3412
     2285     0.00000     0.4876E+01     2.000     6   6.3421
     2287     0.00000     0.3787E+01     2.000     5   6.3432
     2288     0.00000     0.4893E+01     2.000     6   6.3430
     2289     0.00000     0.2364E+02     2.000     7   6.3432
     2290     0.00000     0.5806E+01     2.000     4   6.3436
     2291     0.00000     0.4967E+01     2.000     6   6.3436
     2292     0.00000     0.6029E+01     1.000     6   6.3447
     2293     0.00000     0.9226E+01     2.000     6   6.3452
     2294     0.00000     0.8824E+01     2.000     6   6.3452
     2295     0.00000     0.2442E+02     2.000     7   6.3452
     2296     0.00000     0.1359E+02     2.000     7   6.3458
     2297     0.00000     0.1057E+02     2.000     7   6.3457
     2298     0.00000     0.7640E+01     2.000     6   6.3468
     2299     0.00000     0.8287E+01     2.000     6   6.3468
     2300     0.00000     0.1179E+02     2.000     7   6.3476
     2301     0.00000     0.2406E+02     2.000     6   6.3482
     2302     0.00000     0.6410E+01     2.000     7   6.3482
     2303     0.00000     0.4608E+01     2.000     6   6.3489
     2306     0.00000     0.4872E+01     2.000     6   6.3500
     2307     0.00000     0.7292E+02     2.000     7   6.3503
     2309     0.00000     0.5682E+01     2.000     4   6.3511
     2310     0.00000     0.4917E+01     2.000     6   6.3520
     2311     0.00000     0.4638E+01     2.000     6   6.3527
     2312     0.00000     0.2991E+01     2.000     6   6.3532
     2313     0.00000     0.4008E+02     2.000     7   6.3537
     2314     0.00000     0.4910E+01     2.000     7   6.3544
     2315     0.00000     0.7300E+01     2.000     5   6.3551
     2316     0.00000     0.4581E+01     2.000     5   6.3554
     2317     0.00000     0.1645E+02     2.000     7   6.3552
     2318     0.00000     0.4561E+01     2.000     5   6.3559
     2319     0.00000     0.3372E+01     2.000     6   6.3561
     2320     0.00000     0.9223E+01     2.000     6   6.3564
     2321     0.00000     0.8817E+01     2.000     6   6.3564
     2322     0.00000     0.1123E+02     2.000     6   6.3566
     2323     0.00000     0.1183E+02     2.000     7   6.3563
     2324     0.00000     0.4561E+01     2.000     3   6.3575
     2325     0.00000     0.1060E+02     2.000     5   6.3580
     2326     0.00000     0.6851E+02     2.000     7   6.3583
     2327     0.00000     0.4125E+01     2.000     6   6.3588
     2328     0.00000     0.6768E+01     2.000     6   6.3613
     2329     0.00000     0.3828E+01     2.000     7   6.3621
     2330     0.00000     0.7388E+01     2.000     5   6.3623
     2331     0.00000     0.4059E+01     2.000     5   6.3623
     2332     0.00000     0.5764E+01     2.000     6   6.3628
     2333     0.00000     0.2936E+01     2.000     6   6.3628
     2334     0.00000     0.1459E+02     2.000     7   6.3632
     2335     0.00000     0.3885E+02     2.000     7   6.3632
     2336     0.00000     0.3402E+01     2.000     6   6.3634
     2337     0.00000     0.3054E+02     2.000     7   6.3642
     2338     0.00000     0.3666E+01     2.000     6   6.3651
     2339     0.00000     0.9669E+01     2.000     7   6.3652
     2340     0.00000     0.4797E+01     2.000     6   6.3658
     2341     0.00000     0.7198E+01     2.000     5   6.3659
     2342     0.00000     0.9200E+01     2.000     5   6.3668
     2343     0.00000     0.5141E+01     2.000     5   6.3671
     2345     0.00000     0.1642E+02     2.000     7   6.3676
     2346     0.00000     0.3343E+01     2.000     6   6.3682
     2349     0.00000     0.9365E+01     2.000     5   6.3697
     2350     0.00000     0.3216E+01     2.000     6   6.3696
     2351     0.00000     0.4038E+01     2.000     6   6.3696
     2352     0.00000     0.1342E+02     2.000     7   6.3693
     2355     0.00000     0.4193E+01     2.000     5   6.3702
     2357     0.00000     0.5562E+01     2.000     4   6.3710
     2358     0.00000     0.9590E+01     2.000     6   6.3714
     2359     0.00000     0.1406E+02     2.000     7   6.3712
     2360     0.00000     0.9725E+01     2.000     5   6.3716
     2361     0.00000     0.4934E+01     2.000     6   6.3716
     2362     0.00000     0.4945E+01     2.000     6   6.3715
     2363     0.00000     0.5049E+01     2.000     7   6.3715
     2364     0.00000     0.5102E+01     2.000     5   6.3732
     2365     0.00000     0.5802E+01     2.000     7   6.3732
     2366     0.00000     0.4053E+01     2.000     7   6.3728
     2367     0.00000     0.1327E+02     2.000     6   6.3735
     2368     0.00000     0.1171E+02     2.000     7   6.3741
     2369     0.00000     0.1210E+02     2.000     6   6.3752
     2370     0.00000     0.9312E+01     1.000     6   6.3753
     2371     0.00000     0.7350E+01     2.000     6   6.3754
     2373     0.00000     0.5007E+01     2.000     5   6.3759
     2374     0.00000     0.5109E+01     2.000     5   6.3759
     2375     0.00000     0.3223E+01     2.000     6   6.3759
     2377     0.00000     0.4024E+01     2.000     6   6.3770
     2378     0.00000     0.1211E+02     2.000     7   6.3772
     2379     0.00000     0.1408E+02     2.000     7   6.3772
     2380     0.00000     0.7722E+01     2.000     7   6.3776
     2382     0.00000     0.7804E+01     2.000     5   6.3780
     2383     0.00000     0.4867E+01     2.000     5   6.3783
     2384     0.00000     0.6371E+01     2.000     5   6.3779
     2385     0.00000     0.1440E+02     2.000     6   6.3781
     2386     0.00000     0.4842E+01     2.000     5   6.3792
     2388     0.00000     0.5963E+01     2.000     7   6.3792
     2389     0.00000     0.9615E+01     2.000     6   6.3798
     2390     0.00000     0.4031E+01     2.000     7   6.3803
     2391     0.00000     0.4457E+01     2.000     6   6.3804
     2392     0.00000     0.1757E+02     2.000     7   6.3808
     2393     0.00000     0.1746E+02     2.000     7   6.3808
     2394     0.00000     0.1230E+02     2.000     7   6.3808
     2396     0.00000     0.4800E+01     2.000     6   6.3819
     2397     0.00000     0.6643E+01     2.000     6   6.3819
     2398     0.00000     0.1236E+02     2.000     6   6.3819
     2399     0.00000     0.9028E+01     2.000     6   6.3819
     2400     0.00000     0.5942E+01     2.000     5   6.3821
     2401     0.00000     0.1705E+02     2.000     7   6.3828
     2402     0.00000     0.1694E+02     2.000     7   6.3828
     2403     0.00000     0.1068E+02     2.000     7   6.3842
     2405     0.00000     0.2909E+01     2.000     7   6.3853
     2406     0.00000     0.3602E+02     2.000     7   6.3853
     2407     0.00000     0.7388E+01     2.000     7   6.3881
     2408     0.00000     0.5765E+01     2.000     6   6.3886
     2409     0.00000     0.5311E+01     2.000     6   6.3886
     2410     0.00000     0.9627E+01     2.000     7   6.3885
     2412     0.00000     0.8120E+01     2.000     7   6.3886
     2413     0.00000     0.4269E+01     2.000     5   6.3894
     2414     0.00000     0.1245E+02     2.000     6   6.3894
     2416     0.00000     0.3820E+01     2.000     6   6.3904
     2417     0.00000     0.1327E+02     2.000     6   6.3903
     2418     0.00000     0.1697E+02     2.000     7   6.3902
     2419     0.00000     0.1852E+02     2.000     7   6.3903
     2420     0.00000     0.5493E+01     2.000     7   6.3903
     2421     0.00000     0.4272E+01     2.000     5   6.3909
     2422     0.00000     0.3685E+02     2.000     7   6.3907
     2423     0.00000     0.1246E+02     2.000     7   6.3917
     2424     0.00000     0.1183E+02     2.000     7   6.3914
     2425     0.00000     0.5682E+01     2.000     5   6.3920
     2426     0.00000     0.9046E+01     2.000     6   6.3920
     2427     0.00000     0.3508E+01     2.000     7   6.3919
     2428     0.00000     0.1342E+02     2.000     7   6.3927
     2429     0.00000     0.1056E+02     2.000     7   6.3936
     2430     0.00000     0.1730E+02     2.000     6   6.3938
     2431     0.00000     0.8856E+01     2.000     6   6.3934
     2432     0.00000     0.1565E+02     2.000     7   6.3937
     2433     0.00000     0.8076E+01     2.000     6   6.3942
     2434     0.00000     0.3922E+01     2.000     7   6.3947
     2436     0.00000     0.4380E+01     2.000     6   6.3952
     2437     0.00000     0.6268E+01     1.000     6   6.3963
     2439     0.00000     0.8149E+01     2.000     7   6.3971
     2440     0.00000     0.4883E+01     2.000     6   6.3976
     2441     0.00000     0.1151E+02     2.000     7   6.3982
     2442     0.00000     0.1153E+02     2.000     7   6.3982
     2443     0.00000     0.1400E+02     2.000     6   6.3989
     2444     0.00000     0.7271E+01     2.000     6   6.3992
     2445     0.00000     0.1420E+02     2.000     7   6.3990
     2446     0.00000     0.5249E+01     2.000     7   6.3997
     2447     0.00000     0.9168E+01     2.000     5   6.4008
     2448     0.00000     0.6117E+01     2.000     5   6.4008
     2449     0.00000     0.9710E+01     2.000     6   6.4009
     2450     0.00000     0.1005E+02     2.000     6   6.4009
     2451     0.00000     0.5612E+01     2.000     6   6.4013
     2452     0.00000     0.3689E+01     2.000     7   6.4013
     2453     0.00000     0.2200E+02     2.000     7   6.4014
     2455     0.00000     0.4897E+01     2.000     5   6.4026
     2457     0.00000     0.1404E+02     2.000     6   6.4024
     2458     0.00000     0.2916E+01     1.000     6   6.4034
     2459     0.00000     0.2184E+02     2.000     7   6.4037
     2460     0.00000     0.1522E+02     2.000     6   6.4039
     2461     0.00000     0.4026E+01     2.000     6   6.4040
     2462     0.00000     0.9708E+01     2.000     6   6.4047
     2463     0.00000     0.7954E+01     2.000     6   6.4047
     2464     0.00000     0.5381E+01     2.000     5   6.4054
     2467     0.00000     0.2443E+02     2.000     6   6.4064
     2468     0.00000     0.8278E+01     2.000     6   6.4062
     2469     0.00000     0.2602E+02     2.000     7   6.4063
     2471     0.00000     0.8229E+01     2.000     6   6.4071
     2472     0.00000     0.1131E+02     2.000     7   6.4072
     2473     0.00000     0.5636E+01     2.000     6   6.4079
     2474     0.00000     0.6022E+01     2.000     6   6.4079
     2475     0.00000     0.7069E+01     2.000     7   6.4080
     2476     0.00000     0.1586E+02     2.000     7   6.4078
     2477     0.00000     0.4176E+01     2.000     4   6.4089
     2478     0.00000     0.8733E+01     2.000     6   6.4089
     2479     0.00000     0.3212E+01     2.000     7   6.4087
     2480     0.00000     0.2369E+02     2.000     7   6.4091
     2481     0.00000     0.8129E+01     2.000     7   6.4090
     2482     0.00000     0.1714E+02     2.000     7   6.4090
     2483     0.00000     0.1461E+02     2.000     7   6.4090
     2485     0.00000     0.1030E+02     2.000     7   6.4097
     2486     0.00000     0.7074E+01     2.000     7   6.4094
     2487     0.00000     0.6649E+01     2.000     7   6.4102
     2488     0.00000     0.1122E+02     2.000     7   6.4107
     2489     0.00000     0.1122E+02     2.000     7   6.4107
     2490     0.00000     0.3804E+01     2.000     7   6.4106
     2491     0.00000     0.2666E+02     2.000     6   6.4110
     2492     0.00000     0.9693E+01     2.000     7   6.4119
     2494     0.00000     0.2991E+01     2.000     6   6.4137
     2495     0.00000     0.1394E+02     2.000     6   6.4136
     2496     0.00000     0.4308E+01     2.000     7   6.4155
     2498     0.00000     0.6350E+01     2.000     4   6.4168
     2499     0.00000     0.7859E+01     2.000     6   6.4167
     2500     0.00000     0.3516E+01     2.000     6   6.4171
     2501     0.00000     0.4571E+01     2.000     6   6.4171
     2502     0.00000     0.4706E+01     2.000     5   6.4172
     2503     0.00000     0.4805E+01     2.000     5   6.4172
     2504     0.00000     0.4955E+01     2.000     7   6.4177
     2505     0.00000     0.7963E+01     2.000     6   6.4183
     2506     0.00000     0.8086E+01     1.000     6   6.4192
     2507     0.00000     0.2831E+02     2.000     7   6.4196
     2508     0.00000     0.1071E+02     2.000     7   6.4195
     2509     0.00000     0.2130E+02     2.000     7   6.4195
     2510     0.00000     0.1421E+02     2.000     7   6.4195
     2511     0.00000     0.5490E+01     2.000     6   6.4204
     2512     0.00000     0.5279E+01     2.000     6   6.4206
     2513     0.00000     0.3872E+01     2.000     6   6.4212
     2514     0.00000     0.9300E+01     2.000     7   6.4210
     2516     0.00000     0.1182E+02     2.000     6   6.4221
     2517     0.00000     0.3183E+02     2.000     7   6.4225
     2518     0.00000     0.4394E+01     2.000     5   6.4228
     2519     0.00000     0.1171E+02     2.000     6   6.4228
     2520     0.00000     0.6174E+01     2.000     6   6.4228
     2521     0.00000     0.8448E+01     2.000     6   6.4228
     2522     0.00000     0.1684E+02     2.000     7   6.4225
     2524     0.00000     0.1686E+02     2.000     7   6.4225
     2525     0.00000     0.2875E+01     2.000     7   6.4225
     2526     0.00000     0.5428E+01     2.000     7   6.4234
     2527     0.00000     0.1030E+02     2.000     6   6.4238
     2528     0.00000     0.3713E+01     2.000     7   6.4239
     2529     0.00000     0.1646E+02     2.000     6   6.4241
     2530     0.00000     0.2683E+02     2.000     7   6.4244
     2531     0.00000     0.7574E+01     2.000     7   6.4245
     2532     0.00000     0.3039E+01     2.000     4   6.4259
     2533     0.00000     0.7145E+01     2.000     6   6.4260
     2534     0.00000     0.1026E+02     2.000     7   6.4261
     2535     0.00000     0.3021E+01     2.000     4   6.4264
     2536     0.00000     0.8817E+01     2.000     5   6.4262
     2538     0.00000     0.8086E+01     2.000     6   6.4269
     2539     0.00000     0.5532E+02     2.000     7   6.4273
     2540     0.00000     0.2777E+02     2.000     7   6.4269
     2541     0.00000     0.8621E+01     2.000     6   6.4278
     2542     0.00000     0.8258E+01     2.000     6   6.4278
     2543     0.00000     0.6505E+01     1.000     6   6.4284
     2544     0.00000     0.5245E+01     2.000     6   6.4287
     2545     0.00000     0.6770E+01     2.000     6   6.4289
     2546     0.00000     0.6083E+01     1.000     6   6.4288
     2547     0.00000     0.8585E+01     2.000     7   6.4291
     2548     0.00000     0.1546E+02     2.000     7   6.4291
     2549     0.00000     0.1774E+02     2.000     7   6.4291
     2550     0.00000     0.9797E+01     2.000     7   6.4300
     2551     0.00000     0.4290E+01     2.000     6   6.4316
     2552     0.00000     0.8391E+01     2.000     6   6.4322
     2553     0.00000     0.8038E+01     2.000     6   6.4322
     2554     0.00000     0.6248E+01     2.000     7   6.4323
     2555     0.00000     0.4241E+01     2.000     5   6.4329
     2556     0.00000     0.1702E+02     2.000     7   6.4331
     2557     0.00000     0.1815E+02     2.000     7   6.4331
     2558     0.00000     0.3066E+01     2.000     7   6.4327
     2559     0.00000     0.7627E+01     2.000     6   6.4347
     2561     0.00000     0.4932E+02     2.000     7   6.4343
     2562     0.00000     0.4067E+01     2.000     7   6.4349
     2564     0.00000     0.7145E+01     2.000     6   6.4354
     2565     0.00000     0.5471E+02     2.000     7   6.4353
     2566     0.00000     0.1599E+02     2.000     7   6.4361
     2567     0.00000     0.3157E+01     2.000     5   6.4373
     2568     0.00000     0.3108E+01     2.000     5   6.4373
     2569     0.00000     0.7476E+01     2.000     6   6.4373
     2570     0.00000     0.1628E+02     2.000     7   6.4374
     2571     0.00000     0.4222E+02     2.000     7   6.4373
     2572     0.00000     0.3018E+01     2.000     6   6.4379
     2573     0.00000     0.2455E+02     2.000     7   6.4380
     2574     0.00000     0.3034E+01     2.000     5   6.4382
     2575     0.00000     0.5047E+01     2.000     5   6.4383
     2577     0.00000     0.7630E+01     2.000     7   6.4389
     2578     0.00000     0.3052E+02     2.000     7   6.4390
     2579     0.00000     0.1826E+02     2.000     7   6.4387
     2580     0.00000     0.3895E+01     2.000     7   6.4387
     2581     0.00000     0.1841E+02     2.000     7   6.4387
     2582     0.00000     0.4258E+01     2.000     7   6.4387
     2583     0.00000     0.3093E+01     2.000     5   6.4391
     2584     0.00000     0.7003E+01     2.000     6   6.4394
     2585     0.00000     0.1114E+02     2.000     7   6.4392
     2586     0.00000     0.4819E+01     2.000     6   6.4405
     2588     0.00000     0.2905E+01     2.000     6   6.4410
     2589     0.00000     0.9544E+01     2.000     6   6.4409
     2590     0.00000     0.4044E+01     2.000     6   6.4407
     2591     0.00000     0.7494E+01     2.000     6   6.4418
     2592     0.00000     0.5652E+01     2.000     7   6.4433
     2593     0.00000     0.2787E+01     2.000     4   6.4429
     2594     0.00000     0.2791E+01     2.000     4   6.4434
     2595     0.00000     0.4831E+01     2.000     5   6.4429
     2596     0.00000     0.4425E+01     2.000     5   6.4429
     2597     0.00000     0.5832E+01     2.000     7   6.4433
     2598     0.00000     0.1708E+02     2.000     6   6.4439
     2599     0.00000     0.8859E+01     2.000     7   6.4440
     2600     0.00000     0.8316E+01     2.000     6   6.4444
     2601     0.00000     0.1522E+02     2.000     7   6.4445
     2602     0.00000     0.2701E+01     2.000     7   6.4467
     2603     0.00000     0.1058E+02     2.000     7   6.4471
     2604     0.00000     0.2078E+02     2.000     7   6.4471
     2605     0.00000     0.1418E+02     2.000     7   6.4471
     2606     0.00000     0.5945E+01     2.000     7   6.4474
     2607     0.00000     0.1135E+02     2.000     6   6.4480
     2608     0.00000     0.3274E+01     2.000     7   6.4477
     2609     0.00000     0.9056E+01     2.000     5   6.4486
     2613     0.00000     0.5044E+01     2.000     6   6.4493
     2614     0.00000     0.1891E+02     2.000     7   6.4492
     2615     0.00000     0.1089E+02     2.000     7   6.4492
     2616     0.00000     0.1467E+02     2.000     7   6.4500
     2617     0.00000     0.1571E+02     2.000     7   6.4506
     2618     0.00000     0.1582E+02     2.000     7   6.4506
     2619     0.00000     0.4107E+01     2.000     7   6.4504
     2620     0.00000     0.3443E+01     2.000     7   6.4505
     2621     0.00000     0.1091E+02     2.000     6   6.4511
     2622     0.00000     0.2872E+02     2.000     7   6.4512
     2623     0.00000     0.3072E+02     2.000     7   6.4518
     2624     0.00000     0.1142E+02     2.000     6   6.4521
     2625     0.00000     0.3278E+01     2.000     5   6.4527
     2626     0.00000     0.1077E+02     2.000     7   6.4527
     2627     0.00000     0.6712E+01     2.000     7   6.4535
     2628     0.00000     0.4445E+01     2.000     6   6.4532
     2629     0.00000     0.5212E+01     2.000     4   6.4539
     2630     0.00000     0.3897E+01     2.000     6   6.4540
     2631     0.00000     0.7658E+01     1.000     6   6.4541
     2632     0.00000     0.2182E+02     2.000     7   6.4540
     2633     0.00000     0.8501E+01     2.000     7   6.4546
     2634     0.00000     0.7005E+01     2.000     6   6.4553
     2635     0.00000     0.1299E+02     2.000     6   6.4550
     2636     0.00000     0.9001E+01     2.000     7   6.4549
     2637     0.00000     0.1585E+02     2.000     7   6.4557
     2638     0.00000     0.1575E+02     2.000     7   6.4557
     2639     0.00000     0.3024E+01     2.000     7   6.4561
     2640     0.00000     0.5752E+01     2.000     7   6.4563
     2641     0.00000     0.1126E+02     2.000     7   6.4562
     2642     0.00000     0.2944E+01     2.000     6   6.4567
     2643     0.00000     0.1610E+02     2.000     7   6.4567
     2644     0.00000     0.1721E+02     2.000     7   6.4567
     2645     0.00000     0.3329E+01     2.000     6   6.4572
     2646     0.00000     0.1079E+02     2.000     7   6.4579
     2647     0.00000     0.1195E+02     2.000     7   6.4579
     2648     0.00000     0.2084E+02     2.000     7   6.4584
     2649     0.00000     0.8833E+01     2.000     7   6.4583
     2650     0.00000     0.4735E+01     2.000     7   6.4588
     2651     0.00000     0.7023E+01     2.000     6   6.4588
     2652     0.00000     0.1429E+02     2.000     7   6.4592
     2653     0.00000     0.1513E+02     2.000     7   6.4592
     2654     0.00000     0.4277E+01     2.000     7   6.4591
     2655     0.00000     0.2085E+02     2.000     7   6.4598
     2656     0.00000     0.1911E+02     2.000     7   6.4598
     2657     0.00000     0.7978E+01     2.000     6   6.4605
     2659     0.00000     0.3325E+01     2.000     5   6.4605
     2660     0.00000     0.7362E+01     2.000     6   6.4605
     2662     0.00000     0.5258E+01     2.000     6   6.4610
     2663     0.00000     0.5470E+01     2.000     7   6.4608
     2664     0.00000     0.1323E+02     2.000     7   6.4616
     2665     0.00000     0.1430E+02     2.000     7   6.4616
     2666     0.00000     0.3312E+01     2.000     5   6.4620
     2669     0.00000     0.9165E+01     2.000     7   6.4633
     2670     0.00000     0.4309E+01     2.000     6   6.4643
     2671     0.00000     0.7383E+01     2.000     6   6.4643
     2672     0.00000     0.3147E+01     2.000     6   6.4642
     2673     0.00000     0.5656E+01     2.000     7   6.4645
     2674     0.00000     0.7492E+01     2.000     7   6.4648
     2675     0.00000     0.5763E+01     2.000     6   6.4653
     2676     0.00000     0.3179E+01     2.000     6   6.4653
     2677     0.00000     0.1533E+02     2.000     6   6.4651
     2680     0.00000     0.9547E+01     2.000     6   6.4662
     2681     0.00000     0.8609E+01     2.000     6   6.4662
     2682     0.00000     0.1167E+02     2.000     7   6.4665
     2683     0.00000     0.1270E+02     2.000     7   6.4665
     2684     0.00000     0.2373E+02     2.000     7   6.4665
     2685     0.00000     0.9297E+01     2.000     6   6.4673
     2686     0.00000     0.1184E+02     2.000     7   6.4673
     2687     0.00000     0.7310E+01     2.000     7   6.4674
     2688     0.00000     0.3882E+01     2.000     5   6.4684
     2689     0.00000     0.3860E+01     2.000     5   6.4684
     2692     0.00000     0.1857E+02     2.000     7   6.4689
     2693     0.00000     0.1797E+02     2.000     7   6.4698
     2694     0.00000     0.2407E+02     2.000     7   6.4698
     2695     0.00000     0.4313E+01     2.000     7   6.4702
     2696     0.00000     0.2476E+02     2.000     7   6.4702
     2697     0.00000     0.4560E+01     2.000     5   6.4708
     2698     0.00000     0.2937E+01     2.000     5   6.4707
     2699     0.00000     0.4563E+01     2.000     5   6.4713
     2701     0.00000     0.2719E+01     2.000     4   6.4716
     2702     0.00000     0.8489E+01     2.000     7   6.4716
     2703     0.00000     0.2721E+01     2.000     4   6.4721
     2704     0.00000     0.5207E+01     2.000     6   6.4726
     2705     0.00000     0.5533E+01     2.000     6   6.4726
     2706     0.00000     0.3062E+01     2.000     7   6.4726
     2707     0.00000     0.3051E+01     2.000     7   6.4726
     2708     0.00000     0.3918E+01     2.000     6   6.4732
     2709     0.00000     0.4713E+01     2.000     7   6.4736
     2710     0.00000     0.2913E+01     2.000     5   6.4746
     2711     0.00000     0.4592E+01     2.000     7   6.4755
     2712     0.00000     0.8545E+01     2.000     7   6.4756
     2713     0.00000     0.2073E+02     2.000     7   6.4765
     2714     0.00000     0.1969E+02     2.000     7   6.4765
     2715     0.00000     0.5255E+01     2.000     7   6.4772
     2716     0.00000     0.1185E+02     2.000     7   6.4771
     2717     0.00000     0.9243E+01     2.000     7   6.4776
     2718     0.00000     0.5774E+01     1.000     6   6.4783
     2719     0.00000     0.3744E+01     2.000     7   6.4780
     2721     0.00000     0.1248E+02     2.000     7   6.4797
     2722     0.00000     0.2294E+02     2.000     7   6.4795
     2723     0.00000     0.6946E+01     2.000     7   6.4795
     2724     0.00000     0.1262E+02     2.000     7   6.4795
     2725     0.00000     0.6321E+01     2.000     6   6.4806
     2726     0.00000     0.3705E+01     2.000     4   6.4807
     2727     0.00000     0.5757E+01     2.000     6   6.4806
     2728     0.00000     0.8287E+01     2.000     6   6.4806
     2729     0.00000     0.7453E+01     2.000     7   6.4808
     2730     0.00000     0.1070E+02     2.000     7   6.4808
     2731     0.00000     0.1024E+02     2.000     7   6.4808
     2732     0.00000     0.8111E+01     2.000     7   6.4808
     2733     0.00000     0.3435E+02     2.000     7   6.4815
     2734     0.00000     0.5212E+01     2.000     4   6.4816
     2736     0.00000     0.8351E+01     2.000     5   6.4823
     2737     0.00000     0.7055E+01     2.000     6   6.4829
     2738     0.00000     0.6684E+01     2.000     7   6.4827
     2739     0.00000     0.1389E+02     2.000     7   6.4827
     2741     0.00000     0.3828E+01     1.000     6   6.4832
     2742     0.00000     0.7054E+01     2.000     7   6.4835
     2743     0.00000     0.1095E+02     2.000     7   6.4836
     2745     0.00000     0.3790E+01     1.000     6   6.4841
     2747     0.00000     0.1002E+02     2.000     6   6.4842
     2748     0.00000     0.8351E+01     2.000     6   6.4848
     2749     0.00000     0.1416E+02     2.000     7   6.4848
     2750     0.00000     0.9161E+01     2.000     7   6.4853
     2751     0.00000     0.3729E+01     2.000     5   6.4854
     2752     0.00000     0.3736E+01     2.000     5   6.4855
     2753     0.00000     0.3440E+01     2.000     6   6.4854
     2754     0.00000     0.3166E+01     2.000     7   6.4869
     2756     0.00000     0.7612E+01     2.000     7   6.4872
     2757     0.00000     0.1064E+02     2.000     7   6.4872
     2758     0.00000     0.1020E+02     2.000     7   6.4872
     2759     0.00000     0.8209E+01     2.000     7   6.4872
     2760     0.00000     0.3312E+01     2.000     7   6.4872
     2761     0.00000     0.1119E+02     2.000     7   6.4876
     2762     0.00000     0.4664E+01     2.000     7   6.4882
     2763     0.00000     0.5947E+01     2.000     6   6.4883
     2764     0.00000     0.5580E+01     2.000     6   6.4885
     2765     0.00000     0.1007E+02     2.000     7   6.4884
     2766     0.00000     0.5187E+01     2.000     5   6.4890
     2767     0.00000     0.6913E+01     2.000     6   6.4886
     2768     0.00000     0.3207E+02     2.000     7   6.4895
     2769     0.00000     0.5172E+01     2.000     5   6.4899
     2770     0.00000     0.5563E+01     2.000     6   6.4900
     2771     0.00000     0.7686E+01     2.000     7   6.4899
     2772     0.00000     0.4497E+01     2.000     6   6.4903
     2774     0.00000     0.4180E+01     2.000     5   6.4913
     2775     0.00000     0.6245E+01     2.000     7   6.4908
     2776     0.00000     0.9516E+01     2.000     7   6.4909
     2777     0.00000     0.1246E+02     2.000     7   6.4908
     2778     0.00000     0.5884E+01     2.000     7   6.4912
     2779     0.00000     0.8353E+01     2.000     5   6.4915
     2780     0.00000     0.4153E+01     2.000     5   6.4917
     2781     0.00000     0.6002E+01     2.000     6   6.4916
     2782     0.00000     0.7348E+01     2.000     7   6.4916
     2784     0.00000     0.5709E+01     2.000     6   6.4944
     2785     0.00000     0.5569E+01     2.000     6   6.4944
     2786     0.00000     0.8817E+01     2.000     7   6.4945
     2787     0.00000     0.1524E+02     2.000     7   6.4964
     2788     0.00000     0.1385E+02     2.000     7   6.4964
     2789     0.00000     0.5949E+01     2.000     7   6.4961
     2791     0.00000     0.7938E+01     2.000     7   6.4966
     2792     0.00000     0.7100E+01     2.000     7   6.4972
     2793     0.00000     0.1018E+02     2.000     7   6.4972
     2794     0.00000     0.9755E+01     2.000     7   6.4972
     2795     0.00000     0.7658E+01     2.000     7   6.4972
     2796     0.00000     0.2748E+01     2.000     5   6.4981
     2797     0.00000     0.2816E+01     2.000     5   6.4981
     2798     0.00000     0.5564E+01     2.000     7   6.4994
     2799     0.00000     0.4541E+01     2.000     5   6.4995
     2801     0.00000     0.1973E+02     2.000     7   6.4995
     2802     0.00000     0.4518E+01     2.000     7   6.5000
     2803     0.00000     0.4597E+01     2.000     5   6.4997
     2804     0.00000     0.4544E+01     2.000     5   6.5000
     2805     0.00000     0.4758E+01     2.000     6   6.4997
     2806     0.00000     0.1172E+02     2.000     6   6.5002
     2807     0.00000     0.5103E+01     2.000     7   6.5015
     2808     0.00000     0.5300E+01     2.000     7   6.5015
     2809     0.00000     0.3762E+01     2.000     5   6.5019
     2810     0.00000     0.8934E+01     2.000     7   6.5019
     2811     0.00000     0.4118E+01     2.000     4   6.5024
     2812     0.00000     0.1767E+02     2.000     7   6.5026
     2813     0.00000     0.4965E+01     2.000     4   6.5029
     2814     0.00000     0.7258E+01     2.000     5   6.5032
     2815     0.00000     0.1098E+02     2.000     6   6.5029
     2816     0.00000     0.3341E+01     2.000     5   6.5032
     2817     0.00000     0.3338E+01     2.000     5   6.5032
     2818     0.00000     0.1208E+02     2.000     6   6.5029
     2819     0.00000     0.6288E+01     2.000     6   6.5030
     2820     0.00000     0.1176E+02     2.000     7   6.5030
     2821     0.00000     0.5400E+01     2.000     7   6.5030
     2822     0.00000     0.3769E+01     2.000     5   6.5038
     2823     0.00000     0.1489E+02     2.000     7   6.5038
     2825     0.00000     0.4878E+01     2.000     7   6.5046
     2826     0.00000     0.1106E+02     2.000     7   6.5050
     2827     0.00000     0.1390E+02     2.000     7   6.5050
     2828     0.00000     0.1497E+02     2.000     7   6.5050
     2830     0.00000     0.1154E+02     2.000     7   6.5064
     2833     0.00000     0.1020E+02     2.000     7   6.5073
     2834     0.00000     0.4656E+01     2.000     5   6.5076
     2835     0.00000     0.7689E+01     2.000     6   6.5077
     2836     0.00000     0.1297E+02     2.000     7   6.5073
     2837     0.00000     0.1637E+02     2.000     7   6.5075
     2838     0.00000     0.1253E+02     2.000     7   6.5073
     2839     0.00000     0.6671E+01     2.000     5   6.5078
     2840     0.00000     0.3928E+01     2.000     5   6.5083
     2841     0.00000     0.3283E+01     2.000     7   6.5085
     2842     0.00000     0.8256E+01     2.000     7   6.5085
     2843     0.00000     0.6449E+01     2.000     5   6.5087
     2844     0.00000     0.3932E+01     2.000     5   6.5087
     2845     0.00000     0.5032E+01     2.000     5   6.5098
     2846     0.00000     0.1782E+02     2.000     7   6.5100
     2847     0.00000     0.3140E+02     2.000     7   6.5100
     2848     0.00000     0.9682E+01     2.000     6   6.5107
     2849     0.00000     0.3551E+02     2.000     7   6.5113
     2850     0.00000     0.3126E+01     2.000     7   6.5122
     2851     0.00000     0.6562E+01     2.000     6   6.5133
     2852     0.00000     0.1527E+02     2.000     7   6.5130
     2853     0.00000     0.1385E+02     2.000     7   6.5130
     2854     0.00000     0.5490E+01     2.000     7   6.5133
     2855     0.00000     0.6569E+01     2.000     6   6.5134
     2856     0.00000     0.9570E+01     2.000     7   6.5137
     2857     0.00000     0.6607E+01     2.000     5   6.5143
     2858     0.00000     0.3382E+02     2.000     7   6.5139
     2859     0.00000     0.6677E+01     2.000     7   6.5155
     2860     0.00000     0.1016E+02     2.000     7   6.5155
     2861     0.00000     0.9767E+01     2.000     7   6.5155
     2862     0.00000     0.7181E+01     2.000     7   6.5155
     2863     0.00000     0.9754E+01     2.000     7   6.5162
     2864     0.00000     0.9520E+01     2.000     6   6.5168
     2865     0.00000     0.1069E+02     2.000     7   6.5167
     2866     0.00000     0.1598E+02     2.000     7   6.5170
     2867     0.00000     0.8487E+01     2.000     7   6.5170
     2868     0.00000     0.1058E+02     2.000     7   6.5168
     2869     0.00000     0.1169E+02     2.000     7   6.5168
     2871     0.00000     0.7903E+01     2.000     6   6.5181
     2872     0.00000     0.7481E+01     2.000     6   6.5181
     2873     0.00000     0.9303E+01     2.000     7   6.5186
     2874     0.00000     0.3478E+01     2.000     5   6.5189
     2875     0.00000     0.4079E+01     2.000     7   6.5187
     2876     0.00000     0.8158E+01     2.000     7   6.5190
     2877     0.00000     0.6964E+01     2.000     6   6.5192
     2878     0.00000     0.6914E+01     2.000     6   6.5196
     2879     0.00000     0.1310E+02     2.000     7   6.5192
     2880     0.00000     0.7501E+01     2.000     5   6.5197
     2881     0.00000     0.4843E+01     2.000     7   6.5197
     2882     0.00000     0.5069E+01     2.000     6   6.5205
     2883     0.00000     0.7908E+01     2.000     7   6.5202
     2884     0.00000     0.1023E+02     2.000     7   6.5202
     2885     0.00000     0.3459E+01     2.000     5   6.5208
     2886     0.00000     0.8219E+01     2.000     6   6.5212
     2887     0.00000     0.6937E+01     2.000     7   6.5212
     2889     0.00000     0.3936E+01     2.000     6   6.5225
     2890     0.00000     0.9300E+01     2.000     7   6.5225
     2891     0.00000     0.1419E+02     2.000     7   6.5225
     2892     0.00000     0.6485E+01     2.000     6   6.5231
     2893     0.00000     0.1639E+02     2.000     7   6.5231
     2894     0.00000     0.2202E+02     2.000     7   6.5231
     2895     0.00000     0.2918E+01     2.000     6   6.5235
     2896     0.00000     0.1201E+02     2.000     7   6.5247
     2897     0.00000     0.7971E+01     2.000     7   6.5248
     2898     0.00000     0.1031E+02     2.000     7   6.5248
     2900     0.00000     0.3380E+01     2.000     5   6.5260
     2901     0.00000     0.3381E+01     2.000     5   6.5265
     2902     0.00000     0.1174E+02     2.000     6   6.5262
     2903     0.00000     0.2680E+01     2.000     6   6.5272
     2904     0.00000     0.5827E+01     2.000     5   6.5273
     2905     0.00000     0.9047E+01     2.000     7   6.5277
     2906     0.00000     0.1460E+02     2.000     7   6.5275
     2907     0.00000     0.1823E+02     2.000     7   6.5273
     2908     0.00000     0.5290E+01     2.000     6   6.5282
     2909     0.00000     0.4331E+01     2.000     6   6.5282
     2910     0.00000     0.1896E+02     2.000     7   6.5283
     2911     0.00000     0.1408E+02     2.000     7   6.5295
     2912     0.00000     0.1814E+02     2.000     7   6.5297
     2913     0.00000     0.4608E+01     2.000     7   6.5303
     2914     0.00000     0.7879E+01     2.000     5   6.5303
     2915     0.00000     0.7009E+01     2.000     6   6.5308
     2916     0.00000     0.4034E+01     2.000     7   6.5309
     2917     0.00000     0.3455E+01     2.000     6   6.5311
     2918     0.00000     0.1246E+02     2.000     6   6.5311
     2919     0.00000     0.1092E+02     2.000     6   6.5318
     2920     0.00000     0.7246E+01     2.000     6   6.5315
     2921     0.00000     0.1216E+02     2.000     6   6.5318
     2922     0.00000     0.1077E+02     2.000     6   6.5318
     2923     0.00000     0.5586E+01     2.000     7   6.5316
     2924     0.00000     0.7225E+01     2.000     6   6.5320
     2927     0.00000     0.1441E+02     2.000     7   6.5327
     2928     0.00000     0.1541E+02     2.000     7   6.5327
     2929     0.00000     0.1235E+02     2.000     7   6.5330
     2930     0.00000     0.1199E+02     2.000     7   6.5330
     2931     0.00000     0.9207E+01     2.000     7   6.5337
     2932     0.00000     0.2008E+02     2.000     7   6.5343
     2933     0.00000     0.6219E+01     2.000     6   6.5348
     2934     0.00000     0.3807E+01     2.000     7   6.5354
     2935     0.00000     0.1694E+02     2.000     7   6.5356
     2936     0.00000     0.4336E+01     2.000     7   6.5357
     2937     0.00000     0.3964E+01     2.000     6   6.5357
     2938     0.00000     0.4328E+01     2.000     6   6.5357
     2939     0.00000     0.1288E+02     2.000     6   6.5357
     2941     0.00000     0.2862E+01     2.000     5   6.5367
     2942     0.00000     0.6651E+01     2.000     6   6.5362
     2943     0.00000     0.6653E+01     2.000     6   6.5366
     2944     0.00000     0.6788E+01     2.000     6   6.5362
     2945     0.00000     0.6791E+01     2.000     6   6.5366
     2946     0.00000     0.1348E+02     2.000     7   6.5365
     2947     0.00000     0.4416E+01     2.000     6   6.5369
     2948     0.00000     0.3635E+01     2.000     6   6.5375
     2949     0.00000     0.1109E+02     2.000     7   6.5376
     2950     0.00000     0.1226E+02     2.000     7   6.5376
     2951     0.00000     0.2849E+01     2.000     5   6.5386
     2952     0.00000     0.5441E+01     2.000     7   6.5389
     2953     0.00000     0.7771E+01     2.000     7   6.5389
     2954     0.00000     0.5657E+01     2.000     6   6.5394
     2956     0.00000     0.4619E+01     2.000     5   6.5405
     2957     0.00000     0.3363E+01     2.000     7   6.5405
     2958     0.00000     0.3648E+01     2.000     7   6.5412
     2960     0.00000     0.5783E+01     2.000     7   6.5419
     2961     0.00000     0.9634E+01     2.000     7   6.5414
     2962     0.00000     0.1485E+02     2.000     7   6.5414
     2964     0.00000     0.8400E+01     2.000     6   6.5431
     2965     0.00000     0.7208E+01     2.000     6   6.5432
     2966     0.00000     0.1114E+02     2.000     6   6.5441
     2967     0.00000     0.1230E+02     2.000     6   6.5441
     2968     0.00000     0.1097E+02     2.000     6   6.5441
     2969     0.00000     0.6815E+01     2.000     7   6.5440
     2970     0.00000     0.6187E+01     2.000     7   6.5443
     2973     0.00000     0.2929E+01     2.000     7   6.5445
     2974     0.00000     0.4485E+01     2.000     5   6.5455
     2976     0.00000     0.1444E+02     2.000     7   6.5458
     2977     0.00000     0.1468E+02     2.000     7   6.5457
     2978     0.00000     0.3213E+01     2.000     7   6.5457
     2979     0.00000     0.1478E+02     2.000     7   6.5457
     2980     0.00000     0.3012E+01     2.000     7   6.5459
     2981     0.00000     0.3554E+01     2.000     7   6.5457
     2982     0.00000     0.5028E+01     2.000     6   6.5466
     2983     0.00000     0.5588E+01     2.000     6   6.5468
     2984     0.00000     0.1038E+02     2.000     7   6.5467
     2985     0.00000     0.1406E+02     2.000     7   6.5467
     2986     0.00000     0.1001E+02     2.000     6   6.5477
     2987     0.00000     0.1428E+02     2.000     6   6.5477
     2988     0.00000     0.5216E+01     2.000     5   6.5478
     2990     0.00000     0.9101E+01     2.000     7   6.5478
     2991     0.00000     0.5170E+01     2.000     5   6.5483
     2992     0.00000     0.4595E+01     2.000     6   6.5483
     2993     0.00000     0.6037E+01     2.000     7   6.5484
     2994     0.00000     0.1005E+02     2.000     7   6.5484
     2995     0.00000     0.5562E+01     2.000     6   6.5488
     2996     0.00000     0.4768E+01     2.000     7   6.5489
     2997     0.00000     0.6182E+01     2.000     6   6.5496
     2998     0.00000     0.4229E+01     2.000     7   6.5502
     2999     0.00000     0.4482E+01     2.000     7   6.5519
     3000     0.00000     0.2777E+01     2.000     6   6.5524
     3001     0.00000     0.1657E+02     2.000     7   6.5524
     3002     0.00000     0.2962E+02     2.000     7   6.5524
     3003     0.00000     0.6374E+01     2.000     7   6.5522
     3005     0.00000     0.4178E+01     2.000     5   6.5528
     3006     0.00000     0.1051E+02     2.000     7   6.5532
     3007     0.00000     0.5992E+01     2.000     6   6.5540
     3008     0.00000     0.7673E+01     2.000     7   6.5540
     3009     0.00000     0.6282E+01     2.000     7   6.5535
     3011     0.00000     0.7626E+01     2.000     6   6.5544
     3012     0.00000     0.5988E+01     2.000     6   6.5544
     3013     0.00000     0.7598E+01     2.000     6   6.5553
     3014     0.00000     0.1984E+02     2.000     7   6.5554
     3015     0.00000     0.5134E+01     2.000     7   6.5559
     3016     0.00000     0.1782E+02     2.000     7   6.5556
     3017     0.00000     0.6830E+01     2.000     6   6.5563
     3018     0.00000     0.8899E+01     2.000     6   6.5576
     3019     0.00000     0.1469E+02     2.000     7   6.5574
     3020     0.00000     0.1281E+02     2.000     7   6.5576
     3022     0.00000     0.1374E+02     2.000     7   6.5576
     3023     0.00000     0.1003E+02     2.000     6   6.5582
     3024     0.00000     0.6541E+01     2.000     6   6.5582
     3025     0.00000     0.1003E+02     2.000     6   6.5580
     3026     0.00000     0.8713E+01     2.000     7   6.5580
     3027     0.00000     0.6717E+01     1.000     6   6.5591
     3028     0.00000     0.1299E+02     2.000     6   6.5596
     3029     0.00000     0.1074E+02     2.000     7   6.5596
     3030     0.00000     0.1202E+02     2.000     7   6.5595
     3031     0.00000     0.1161E+02     2.000     7   6.5595
     3032     0.00000     0.3878E+01     2.000     7   6.5607
     3033     0.00000     0.6500E+01     2.000     7   6.5607
     3035     0.00000     0.1248E+02     2.000     6   6.5615
     3036     0.00000     0.7941E+01     2.000     7   6.5613
     3037     0.00000     0.6083E+01     2.000     7   6.5624
     3038     0.00000     0.4979E+01     2.000     6   6.5626
     3039     0.00000     0.6075E+01     2.000     6   6.5623
     3041     0.00000     0.7477E+01     2.000     6   6.5627
     3042     0.00000     0.7476E+01     2.000     7   6.5630
     3043     0.00000     0.1805E+02     2.000     7   6.5627
     3044     0.00000     0.1148E+02     2.000     7   6.5632
     3045     0.00000     0.1406E+02     2.000     7   6.5632
     3046     0.00000     0.1219E+02     2.000     7   6.5641
     3047     0.00000     0.7956E+01     2.000     7   6.5640
     3050     0.00000     0.1218E+02     2.000     7   6.5646
     3051     0.00000     0.1275E+02     2.000     7   6.5652
     3052     0.00000     0.8069E+01     2.000     6   6.5652
     3053     0.00000     0.5404E+01     2.000     6   6.5655
     3054     0.00000     0.6553E+01     2.000     6   6.5655
     3055     0.00000     0.1718E+02     2.000     7   6.5654
     3056     0.00000     0.8602E+01     2.000     7   6.5652
     3057     0.00000     0.2839E+01     2.000     6   6.5659
     3059     0.00000     0.9300E+01     2.000     7   6.5667
     3060     0.00000     0.5843E+01     2.000     6   6.5673
     3061     0.00000     0.5408E+01     2.000     6   6.5670
     3062     0.00000     0.6549E+01     2.000     6   6.5670
     3063     0.00000     0.6042E+01     2.000     6   6.5676
     3064     0.00000     0.2389E+02     2.000     7   6.5684
     3065     0.00000     0.2195E+02     2.000     7   6.5684
     3066     0.00000     0.2987E+01     2.000     6   6.5694
     3067     0.00000     0.2311E+02     2.000     7   6.5695
     3068     0.00000     0.2118E+02     2.000     7   6.5695
     3069     0.00000     0.1333E+02     2.000     7   6.5693
     3070     0.00000     0.3245E+02     2.000     7   6.5699
     3071     0.00000     0.1234E+02     2.000     6   6.5706
     3072     0.00000     0.8866E+01     2.000     7   6.5702
     3073     0.00000     0.9585E+01     2.000     7   6.5702
     3074     0.00000     0.1961E+02     2.000     7   6.5707
     3075     0.00000     0.1965E+02     2.000     6   6.5715
     3076     0.00000     0.5515E+01     2.000     7   6.5717
     3077     0.00000     0.2673E+01     2.000     7   6.5717
     3078     0.00000     0.1119E+02     2.000     6   6.5725
     3079     0.00000     0.3308E+02     2.000     7   6.5724
     3080     0.00000     0.1220E+02     2.000     7   6.5732
     3081     0.00000     0.1143E+02     2.000     7   6.5732
     3082     0.00000     0.1554E+02     2.000     7   6.5732
     3083     0.00000     0.8572E+01     2.000     7   6.5728
     3084     0.00000     0.1544E+02     2.000     7   6.5738
     3085     0.00000     0.4424E+01     2.000     7   6.5738
     3086     0.00000     0.4933E+01     2.000     7   6.5736
     3087     0.00000     0.1564E+02     2.000     7   6.5738
     3088     0.00000     0.4796E+01     2.000     7   6.5738
     3089     0.00000     0.1240E+02     2.000     7   6.5740
     3090     0.00000     0.6943E+01     2.000     7   6.5740
     3091     0.00000     0.8365E+01     2.000     7   6.5742
     3092     0.00000     0.1484E+02     2.000     7   6.5748
     3093     0.00000     0.9438E+01     2.000     7   6.5745
     3094     0.00000     0.7456E+01     2.000     7   6.5748
     3095     0.00000     0.3366E+01     2.000     7   6.5752
     3096     0.00000     0.1392E+02     2.000     7   6.5753
     3097     0.00000     0.4432E+01     2.000     7   6.5756
     3098     0.00000     0.4113E+01     2.000     5   6.5765
     3099     0.00000     0.9476E+01     2.000     7   6.5761
     3100     0.00000     0.4103E+01     2.000     5   6.5770
     3101     0.00000     0.1054E+02     2.000     7   6.5770
     3102     0.00000     0.1131E+02     2.000     7   6.5769
     3103     0.00000     0.5963E+01     2.000     5   6.5780
     3104     0.00000     0.3537E+01     2.000     6   6.5777
     3105     0.00000     0.2756E+01     2.000     6   6.5798
     3106     0.00000     0.8757E+01     2.000     7   6.5794
     3107     0.00000     0.3764E+01     2.000     6   6.5799
     3108     0.00000     0.1777E+02     2.000     7   6.5801
     3109     0.00000     0.6137E+01     2.000     7   6.5800
     3110     0.00000     0.1104E+02     2.000     7   6.5800
     3111     0.00000     0.2041E+02     2.000     7   6.5798
     3112     0.00000     0.4892E+01     2.000     7   6.5807
     3113     0.00000     0.9552E+01     2.000     7   6.5808
     3114     0.00000     0.1237E+02     2.000     6   6.5814
     3115     0.00000     0.5217E+01     2.000     5   6.5822
     3116     0.00000     0.8170E+01     2.000     6   6.5821
     3117     0.00000     0.8459E+01     2.000     6   6.5821
     3118     0.00000     0.1354E+02     2.000     7   6.5823
     3119     0.00000     0.3180E+01     2.000     7   6.5828
     3120     0.00000     0.1873E+02     2.000     7   6.5826
     3121     0.00000     0.1348E+02     2.000     7   6.5832
     3122     0.00000     0.1652E+02     2.000     7   6.5832
     3126     0.00000     0.8107E+01     2.000     6   6.5860
     3128     0.00000     0.2449E+02     2.000     7   6.5858
     3129     0.00000     0.1163E+02     2.000     7   6.5860
     3130     0.00000     0.5667E+01     2.000     7   6.5865
     3132     0.00000     0.5719E+01     2.000     6   6.5870
     3133     0.00000     0.4820E+02     2.000     7   6.5871
     3134     0.00000     0.1207E+02     2.000     7   6.5888
     3135     0.00000     0.1130E+02     2.000     7   6.5888
     3136     0.00000     0.1545E+02     2.000     7   6.5888
     3137     0.00000     0.9811E+01     2.000     7   6.5889
     3138     0.00000     0.1347E+02     2.000     7   6.5889
     3139     0.00000     0.9989E+01     2.000     7   6.5897
     3141     0.00000     0.4231E+01     2.000     7   6.5899
     3142     0.00000     0.2121E+02     2.000     7   6.5902
     3143     0.00000     0.7646E+01     2.000     7   6.5902
     3144     0.00000     0.4733E+01     2.000     5   6.5907
     3145     0.00000     0.7107E+01     2.000     6   6.5904
     3146     0.00000     0.7167E+01     2.000     6   6.5903
     3147     0.00000     0.9341E+01     2.000     7   6.5905
     3149     0.00000     0.9535E+01     2.000     7   6.5920
     3150     0.00000     0.7943E+01     2.000     7   6.5921
     3151     0.00000     0.2960E+01     2.000     7   6.5924
     3152     0.00000     0.7063E+01     2.000     6   6.5928
     3153     0.00000     0.9013E+01     2.000     7   6.5927
     3154     0.00000     0.1082E+02     2.000     7   6.5927
     3155     0.00000     0.5918E+01     2.000     6   6.5933
     3156     0.00000     0.8313E+01     2.000     5   6.5929
     3157     0.00000     0.3094E+01     2.000     6   6.5930
     3159     0.00000     0.7133E+01     2.000     7   6.5934
     3162     0.00000     0.4392E+01     2.000     5   6.5944
     3163     0.00000     0.3510E+01     2.000     6   6.5940
     3164     0.00000     0.5580E+01     2.000     7   6.5948
     3167     0.00000     0.6102E+01     2.000     7   6.5956
     3168     0.00000     0.6764E+01     2.000     6   6.5962
     3169     0.00000     0.6692E+01     2.000     6   6.5966
     3170     0.00000     0.9242E+01     2.000     6   6.5967
     3171     0.00000     0.2487E+02     2.000     7   6.5973
     3172     0.00000     0.6317E+01     2.000     7   6.5973
     3173     0.00000     0.8960E+01     2.000     7   6.5980
     3174     0.00000     0.5656E+01     2.000     7   6.5977
     3175     0.00000     0.2726E+01     2.000     7   6.5977
     3176     0.00000     0.5044E+01     2.000     7   6.5977
     3178     0.00000     0.1473E+02     2.000     6   6.5989
     3179     0.00000     0.5255E+01     2.000     7   6.5987
     3180     0.00000     0.2094E+02     2.000     6   6.5992
     3181     0.00000     0.4621E+01     2.000     7   6.6000
     3182     0.00000     0.3886E+01     2.000     5   6.6002
     3183     0.00000     0.8850E+01     2.000     6   6.6006
     3184     0.00000     0.1068E+02     2.000     7   6.6014
     3185     0.00000     0.3379E+01     2.000     5   6.6020
     3186     0.00000     0.1979E+02     2.000     6   6.6020
     3187     0.00000     0.3365E+01     2.000     5   6.6025
     3188     0.00000     0.9772E+01     2.000     7   6.6025
     3189     0.00000     0.7301E+01     2.000     7   6.6026
     3190     0.00000     0.1338E+02     2.000     7   6.6037
     3191     0.00000     0.5912E+01     2.000     7   6.6039
     3192     0.00000     0.5030E+01     2.000     5   6.6048
     3193     0.00000     0.5008E+01     2.000     5   6.6048
     3194     0.00000     0.9261E+01     2.000     6   6.6043
     3195     0.00000     0.6898E+01     2.000     6   6.6045
     3197     0.00000     0.3943E+01     2.000     7   6.6051
     3198     0.00000     0.1721E+02     2.000     7   6.6052
     3199     0.00000     0.3824E+01     2.000     6   6.6058
     3200     0.00000     0.1019E+02     2.000     7   6.6054
     3201     0.00000     0.4104E+01     2.000     6   6.6059
     3202     0.00000     0.1366E+02     2.000     6   6.6063
     3203     0.00000     0.6705E+01     2.000     6   6.6067
     3204     0.00000     0.6318E+01     2.000     5   6.6073
     3205     0.00000     0.8424E+01     2.000     7   6.6072
     3206     0.00000     0.4911E+01     1.000     6   6.6081
     3208     0.00000     0.1354E+02     2.000     7   6.6092
     3209     0.00000     0.3411E+02     2.000     7   6.6092
     3211     0.00000     0.7154E+01     2.000     7   6.6099
     3212     0.00000     0.1382E+02     2.000     7   6.6097
     3213     0.00000     0.3763E+01     2.000     7   6.6105
     3214     0.00000     0.2942E+01     2.000     7   6.6120
     3216     0.00000     0.5334E+01     2.000     7   6.6123
     3217     0.00000     0.4732E+01     2.000     7   6.6126
     3219     0.00000     0.6359E+01     2.000     6   6.6132
     3220     0.00000     0.6338E+01     2.000     6   6.6136
     3221     0.00000     0.7651E+01     2.000     6   6.6132
     3222     0.00000     0.7579E+01     2.000     6   6.6136
     3223     0.00000     0.5165E+01     2.000     7   6.6140
     3224     0.00000     0.1057E+02     2.000     7   6.6151
     3225     0.00000     0.1852E+02     2.000     7   6.6151
     3226     0.00000     0.1675E+02     2.000     7   6.6151
     3227     0.00000     0.4057E+01     2.000     7   6.6154
     3229     0.00000     0.7665E+01     2.000     6   6.6165
     3230     0.00000     0.8222E+01     2.000     6   6.6168
     3231     0.00000     0.5115E+01     2.000     6   6.6170
     3232     0.00000     0.5087E+01     2.000     6   6.6170
     3233     0.00000     0.1845E+02     2.000     7   6.6171
     3234     0.00000     0.3424E+02     2.000     7   6.6176
     3236     0.00000     0.6371E+01     2.000     7   6.6196
     3237     0.00000     0.4225E+01     2.000     7   6.6198
     3239     0.00000     0.2113E+02     2.000     7   6.6197
     3240     0.00000     0.2439E+02     2.000     7   6.6197
     3241     0.00000     0.1702E+02     2.000     7   6.6197
     3242     0.00000     0.1597E+02     2.000     7   6.6197
     3243     0.00000     0.7584E+01     2.000     6   6.6200
     3244     0.00000     0.7958E+01     2.000     6   6.6200
     3245     0.00000     0.1049E+02     2.000     7   6.6204
     3246     0.00000     0.5070E+01     2.000     6   6.6209
     3248     0.00000     0.7323E+01     2.000     7   6.6210
     3249     0.00000     0.2033E+02     2.000     7   6.6206
     3250     0.00000     0.6700E+01     2.000     7   6.6207
     3251     0.00000     0.1195E+02     2.000     7   6.6207
     3252     0.00000     0.2765E+02     2.000     7   6.6215
     3255     0.00000     0.1240E+02     2.000     6   6.6217
     3256     0.00000     0.6500E+01     2.000     7   6.6216
     3257     0.00000     0.1918E+02     2.000     7   6.6217
     3258     0.00000     0.7919E+01     2.000     6   6.6224
     3259     0.00000     0.3482E+01     2.000     7   6.6233
     3262     0.00000     0.6745E+01     2.000     6   6.6238
     3263     0.00000     0.1012E+02     2.000     7   6.6238
     3264     0.00000     0.1370E+02     2.000     6   6.6246
     3265     0.00000     0.1150E+02     2.000     6   6.6246
     3266     0.00000     0.1249E+02     2.000     6   6.6246
     3267     0.00000     0.2473E+02     2.000     7   6.6247
     3268     0.00000     0.2409E+02     2.000     7   6.6247
     3270     0.00000     0.5613E+01     2.000     6   6.6251
     3271     0.00000     0.1073E+02     2.000     6   6.6251
     3272     0.00000     0.8249E+01     2.000     6   6.6251
     3273     0.00000     0.7159E+01     2.000     7   6.6253
     3274     0.00000     0.6416E+01     2.000     6   6.6256
     3275     0.00000     0.6778E+01     2.000     6   6.6257
     3276     0.00000     0.1148E+02     2.000     7   6.6254
     3277     0.00000     0.1518E+02     2.000     7   6.6263
     3278     0.00000     0.3575E+02     2.000     7   6.6263
     3279     0.00000     0.4235E+01     2.000     7   6.6271
     3280     0.00000     0.9222E+01     2.000     5   6.6270
     3281     0.00000     0.3057E+01     2.000     7   6.6270
     3282     0.00000     0.9166E+01     2.000     7   6.6272
     3284     0.00000     0.6005E+01     2.000     7   6.6287
     3285     0.00000     0.7159E+01     2.000     7   6.6293
     3287     0.00000     0.1088E+02     2.000     7   6.6296
     3288     0.00000     0.1354E+02     2.000     7   6.6298
     3290     0.00000     0.5331E+01     2.000     6   6.6310
     3292     0.00000     0.7989E+01     2.000     7   6.6307
     3293     0.00000     0.9654E+01     2.000     7   6.6309
     3294     0.00000     0.3958E+01     2.000     7   6.6309
     3295     0.00000     0.4519E+01     2.000     5   6.6314
     3296     0.00000     0.5309E+01     2.000     6   6.6314
     3297     0.00000     0.5693E+01     2.000     7   6.6320
     3298     0.00000     0.2968E+01     2.000     5   6.6320
     3300     0.00000     0.6901E+01     2.000     6   6.6326
     3301     0.00000     0.1518E+02     2.000     7   6.6324
     3302     0.00000     0.4832E+01     2.000     7   6.6325
     3303     0.00000     0.1838E+02     2.000     7   6.6323
     3304     0.00000     0.1673E+02     2.000     7   6.6323
     3305     0.00000     0.9152E+01     2.000     7   6.6332
     3306     0.00000     0.7719E+01     2.000     7   6.6332
     3307     0.00000     0.3416E+01     2.000     7   6.6327
     3308     0.00000     0.7894E+01     2.000     6   6.6339
     3309     0.00000     0.5997E+01     2.000     6   6.6353
     3310     0.00000     0.1381E+02     2.000     7   6.6349
     3311     0.00000     0.1732E+02     2.000     7   6.6358
     3312     0.00000     0.4183E+01     2.000     6   6.6368
     3313     0.00000     0.1690E+02     2.000     7   6.6372
     3314     0.00000     0.6695E+01     2.000     7   6.6385
     3315     0.00000     0.4896E+01     2.000     7   6.6383
     3316     0.00000     0.8027E+01     2.000     7   6.6391
     3317     0.00000     0.6276E+01     2.000     7   6.6397
     3318     0.00000     0.4200E+01     2.000     5   6.6411
     3319     0.00000     0.4144E+01     2.000     6   6.6411
     3320     0.00000     0.1022E+02     2.000     7   6.6410
     3321     0.00000     0.4165E+01     2.000     7   6.6410
     3322     0.00000     0.2232E+02     2.000     7   6.6409
     3323     0.00000     0.1080E+02     2.000     7   6.6411
     3324     0.00000     0.1347E+02     2.000     7   6.6411
     3325     0.00000     0.2714E+01     2.000     7   6.6411
     3326     0.00000     0.2880E+01     2.000     6   6.6414
     3327     0.00000     0.3476E+01     2.000     6   6.6414
     3328     0.00000     0.7916E+01     2.000     6   6.6413
     3329     0.00000     0.1333E+02     2.000     7   6.6416
     3330     0.00000     0.1076E+02     2.000     7   6.6416
     3331     0.00000     0.2824E+01     2.000     5   6.6417
     3332     0.00000     0.1740E+02     2.000     7   6.6425
     3333     0.00000     0.2214E+02     2.000     7   6.6430
     3334     0.00000     0.1742E+02     2.000     7   6.6434
     3335     0.00000     0.1620E+02     2.000     7   6.6434
     3336     0.00000     0.9789E+01     2.000     7   6.6435
     3337     0.00000     0.1912E+02     2.000     7   6.6435
     3338     0.00000     0.1419E+02     2.000     7   6.6435
     3340     0.00000     0.6619E+01     2.000     6   6.6439
     3341     0.00000     0.4560E+01     2.000     6   6.6445
     3342     0.00000     0.4580E+01     2.000     6   6.6445
     3343     0.00000     0.2019E+02     2.000     7   6.6444
     3344     0.00000     0.2546E+02     2.000     7   6.6444
     3345     0.00000     0.1624E+02     2.000     7   6.6444
     3346     0.00000     0.1518E+02     2.000     7   6.6444
     3347     0.00000     0.6369E+01     2.000     7   6.6454
     3348     0.00000     0.1800E+02     2.000     7   6.6463
     3350     0.00000     0.2259E+02     2.000     7   6.6475
     3351     0.00000     0.9944E+01     2.000     7   6.6488
     3352     0.00000     0.9020E+01     2.000     7   6.6489
     3353     0.00000     0.8233E+01     2.000     7   6.6489
     3354     0.00000     0.3274E+01     2.000     7   6.6487
     3355     0.00000     0.3966E+01     2.000     7   6.6489
     3356     0.00000     0.2336E+02     2.000     7   6.6496
     3357     0.00000     0.1278E+02     2.000     7   6.6510
     3358     0.00000     0.1298E+02     2.000     7   6.6510
     3359     0.00000     0.1853E+02     2.000     7   6.6508
     3360     0.00000     0.1466E+02     2.000     7   6.6512
     3361     0.00000     0.5631E+01     2.000     5   6.6513
     3362     0.00000     0.1121E+02     2.000     7   6.6515
     3363     0.00000     0.9579E+01     2.000     7   6.6522
     3366     0.00000     0.4677E+01     2.000     7   6.6522
     3371     0.00000     0.1003E+02     2.000     7   6.6547
     3372     0.00000     0.8267E+01     2.000     7   6.6547
     3373     0.00000     0.3836E+01     2.000     7   6.6550
     3375     0.00000     0.5705E+01     2.000     7   6.6567
     3376     0.00000     0.4255E+01     2.000     7   6.6567
     3379     0.00000     0.1086E+02     2.000     7   6.6569
     3380     0.00000     0.2901E+01     2.000     5   6.6583
     3381     0.00000     0.3808E+02     2.000     7   6.6594
     3382     0.00000     0.1272E+02     2.000     7   6.6593
     3384     0.00000     0.7549E+01     2.000     7   6.6597
     3385     0.00000     0.1442E+02     2.000     7   6.6597
     3386     0.00000     0.1334E+02     2.000     7   6.6597
     3387     0.00000     0.2883E+01     2.000     5   6.6603
     3388     0.00000     0.1261E+02     2.000     7   6.6602
     3389     0.00000     0.6224E+01     2.000     7   6.6607
     3390     0.00000     0.7356E+01     2.000     7   6.6611
     3391     0.00000     0.3180E+01     2.000     5   6.6619
     3392     0.00000     0.2074E+02     2.000     7   6.6618
     3393     0.00000     0.9629E+01     2.000     7   6.6622
     3394     0.00000     0.2922E+01     2.000     7   6.6624
     3395     0.00000     0.3248E+01     2.000     6   6.6634
     3396     0.00000     0.8645E+01     2.000     7   6.6635
     3397     0.00000     0.1050E+02     2.000     6   6.6645
     3398     0.00000     0.1081E+02     2.000     6   6.6645
     3399     0.00000     0.4957E+01     1.000     6   6.6649
     3400     0.00000     0.1035E+02     2.000     6   6.6645
     3402     0.00000     0.1329E+02     2.000     7   6.6654
     3403     0.00000     0.3161E+01     2.000     5   6.6659
     3404     0.00000     0.7376E+01     2.000     6   6.6655
     3405     0.00000     0.4794E+01     2.000     6   6.6665
     3407     0.00000     0.4706E+01     2.000     6   6.6665
     3408     0.00000     0.4923E+01     2.000     6   6.6673
     3409     0.00000     0.3229E+01     2.000     6   6.6673
     3411     0.00000     0.6808E+01     2.000     7   6.6675
     3412     0.00000     0.3761E+01     2.000     7   6.6674
     3413     0.00000     0.5735E+01     2.000     5   6.6676
     3414     0.00000     0.4898E+01     2.000     6   6.6678
     3415     0.00000     0.8039E+01     2.000     7   6.6677
     3417     0.00000     0.4146E+01     2.000     6   6.6690
     3418     0.00000     0.8072E+01     2.000     7   6.6691
     3420     0.00000     0.1767E+02     2.000     7   6.6689
     3421     0.00000     0.3690E+02     2.000     7   6.6700
     3423     0.00000     0.1177E+02     2.000     7   6.6700
     3424     0.00000     0.4204E+01     2.000     7   6.6702
     3425     0.00000     0.6598E+01     2.000     7   6.6709
     3426     0.00000     0.2838E+01     2.000     7   6.6709
     3427     0.00000     0.1023E+02     2.000     7   6.6739
     3429     0.00000     0.1330E+02     2.000     7   6.6739
     3430     0.00000     0.6091E+01     2.000     7   6.6738
     3432     0.00000     0.4964E+01     2.000     7   6.6743
     3433     0.00000     0.3333E+01     2.000     5   6.6748
     3434     0.00000     0.1689E+02     2.000     7   6.6748
     3435     0.00000     0.7850E+01     2.000     7   6.6749
     3436     0.00000     0.8563E+01     2.000     7   6.6754
     3437     0.00000     0.4748E+01     2.000     7   6.6753
     3438     0.00000     0.5734E+01     2.000     7   6.6776
     3439     0.00000     0.3457E+01     2.000     5   6.6782
     3440     0.00000     0.2836E+01     2.000     6   6.6783
     3441     0.00000     0.4623E+01     2.000     6   6.6780
     3442     0.00000     0.4371E+01     2.000     6   6.6780
     3443     0.00000     0.1023E+02     2.000     6   6.6793
     3444     0.00000     0.4372E+01     2.000     6   6.6793
     3445     0.00000     0.1085E+02     2.000     6   6.6793
     3446     0.00000     0.1010E+02     2.000     6   6.6793
     3447     0.00000     0.8079E+01     2.000     7   6.6792
     3448     0.00000     0.1021E+02     2.000     7   6.6798
     3449     0.00000     0.4631E+01     2.000     6   6.6799
     3450     0.00000     0.4373E+01     2.000     6   6.6799
     3451     0.00000     0.1306E+02     2.000     7   6.6798
     3452     0.00000     0.6886E+01     2.000     7   6.6802
     3453     0.00000     0.7806E+01     2.000     7   6.6802
     3454     0.00000     0.6110E+01     2.000     7   6.6806
     3455     0.00000     0.5928E+01     2.000     7   6.6825
     3456     0.00000     0.3216E+01     2.000     7   6.6822
     3457     0.00000     0.2011E+02     2.000     7   6.6829
     3458     0.00000     0.2058E+02     2.000     7   6.6829
     3459     0.00000     0.4090E+01     2.000     7   6.6830
     3460     0.00000     0.1625E+02     2.000     7   6.6829
     3461     0.00000     0.3847E+01     2.000     7   6.6827
     3463     0.00000     0.2998E+01     2.000     5   6.6848
     3464     0.00000     0.3531E+01     2.000     7   6.6849
     3465     0.00000     0.5933E+01     2.000     7   6.6848
     3467     0.00000     0.1040E+02     2.000     7   6.6866
     3468     0.00000     0.1350E+02     2.000     7   6.6875
     3469     0.00000     0.8057E+01     2.000     7   6.6881
     3471     0.00000     0.3591E+01     2.000     5   6.6895
     3472     0.00000     0.3579E+01     2.000     5   6.6895
     3473     0.00000     0.2977E+01     2.000     5   6.6891
     3475     0.00000     0.9259E+01     2.000     7   6.6892
     3476     0.00000     0.6215E+01     2.000     6   6.6904
     3477     0.00000     0.4807E+01     2.000     6   6.6904
     3478     0.00000     0.9284E+01     2.000     7   6.6909
     3479     0.00000     0.7914E+01     2.000     7   6.6909
     3480     0.00000     0.2045E+02     2.000     7   6.6915
     3481     0.00000     0.6365E+01     2.000     5   6.6920
     3482     0.00000     0.4638E+01     2.000     7   6.6922
     3483     0.00000     0.8303E+01     2.000     7   6.6930
     3485     0.00000     0.5562E+01     2.000     7   6.6936
     3486     0.00000     0.3372E+01     2.000     7   6.6941
     3487     0.00000     0.4777E+01     2.000     6   6.6945
     3488     0.00000     0.4363E+01     2.000     6   6.6950
     3489     0.00000     0.8476E+01     2.000     7   6.6953
     3490     0.00000     0.8430E+01     2.000     7   6.6957
     3491     0.00000     0.6911E+01     2.000     7   6.6968
     3492     0.00000     0.8238E+01     2.000     7   6.6968
     3494     0.00000     0.4340E+01     2.000     6   6.6969
     3496     0.00000     0.1624E+02     2.000     7   6.6977
     3497     0.00000     0.6613E+01     2.000     7   6.6982
     3498     0.00000     0.2942E+01     2.000     7   6.6984
     3499     0.00000     0.4678E+01     2.000     7   6.6984
     3502     0.00000     0.6422E+01     2.000     6   6.6994
     3504     0.00000     0.1978E+02     2.000     7   6.6997
     3505     0.00000     0.8798E+01     2.000     7   6.6996
     3507     0.00000     0.4587E+01     2.000     6   6.7020
     3508     0.00000     0.5855E+01     2.000     7   6.7016
     3509     0.00000     0.1155E+02     2.000     7   6.7021
     3510     0.00000     0.1644E+02     2.000     7   6.7021
     3511     0.00000     0.3667E+02     2.000     7   6.7023
     3514     0.00000     0.4392E+01     2.000     7   6.7027
     3515     0.00000     0.6508E+01     2.000     7   6.7028
     3516     0.00000     0.9592E+01     2.000     6   6.7034
     3517     0.00000     0.3325E+01     2.000     7   6.7039
     3518     0.00000     0.5031E+01     2.000     7   6.7040
     3519     0.00000     0.9747E+01     2.000     7   6.7049
     3520     0.00000     0.7849E+01     2.000     7   6.7049
     3521     0.00000     0.3786E+01     2.000     7   6.7054
     3522     0.00000     0.3519E+01     2.000     5   6.7065
     3523     0.00000     0.3509E+01     2.000     5   6.7065
     3526     0.00000     0.2029E+02     2.000     7   6.7072
     3527     0.00000     0.1941E+02     2.000     7   6.7072
     3529     0.00000     0.1215E+02     2.000     6   6.7076
     3530     0.00000     0.3891E+01     2.000     7   6.7074
     3531     0.00000     0.4865E+01     2.000     5   6.7080
     3532     0.00000     0.5007E+01     2.000     7   6.7083
     3533     0.00000     0.1253E+02     2.000     7   6.7082
     3536     0.00000     0.2965E+01     1.000     6   6.7092
     3537     0.00000     0.2998E+01     1.000     6   6.7091
     3538     0.00000     0.1318E+02     2.000     7   6.7092
     3539     0.00000     0.3432E+01     2.000     7   6.7094
     3540     0.00000     0.2072E+02     2.000     7   6.7094
     3541     0.00000     0.4815E+01     2.000     6   6.7095
     3542     0.00000     0.7645E+01     2.000     7   6.7101
     3543     0.00000     0.9734E+01     2.000     7   6.7107
     3544     0.00000     0.3730E+01     2.000     4   6.7113
     3547     0.00000     0.8436E+01     2.000     7   6.7124
     3548     0.00000     0.6805E+01     2.000     7   6.7130
     3549     0.00000     0.5656E+01     2.000     6   6.7127
     3550     0.00000     0.4879E+01     2.000     6   6.7127
     3551     0.00000     0.3615E+01     2.000     6   6.7128
     3552     0.00000     0.1627E+02     2.000     7   6.7131
     3553     0.00000     0.3460E+01     2.000     6   6.7138
     3555     0.00000     0.3599E+01     2.000     6   6.7147
     3556     0.00000     0.5767E+01     2.000     7   6.7148
     3558     0.00000     0.5615E+01     2.000     6   6.7171
     3559     0.00000     0.4676E+01     2.000     5   6.7177
     3560     0.00000     0.5335E+01     2.000     7   6.7177
     3561     0.00000     0.3821E+01     2.000     7   6.7178
     3562     0.00000     0.3415E+01     2.000     6   6.7181
     3564     0.00000     0.1273E+02     2.000     7   6.7181
     3565     0.00000     0.7408E+01     2.000     6   6.7184
     3566     0.00000     0.1255E+02     2.000     7   6.7186
     3567     0.00000     0.1293E+02     2.000     7   6.7193
     3568     0.00000     0.1412E+02     2.000     7   6.7192
     3569     0.00000     0.6448E+01     1.000     6   6.7200
     3570     0.00000     0.1197E+02     2.000     7   6.7203
     3571     0.00000     0.3554E+02     2.000     7   6.7203
     3572     0.00000     0.9965E+01     2.000     7   6.7203
     3573     0.00000     0.7872E+01     2.000     6   6.7215
     3574     0.00000     0.3541E+01     2.000     6   6.7218
     3576     0.00000     0.8452E+01     2.000     7   6.7219
     3579     0.00000     0.1196E+02     2.000     7   6.7221
     3581     0.00000     0.1134E+02     2.000     7   6.7224
     3582     0.00000     0.7298E+01     2.000     7   6.7229
     3583     0.00000     0.3082E+02     2.000     7   6.7229
     3584     0.00000     0.5669E+01     2.000     7   6.7232
     3586     0.00000     0.8095E+01     2.000     6   6.7239
     3587     0.00000     0.3512E+01     2.000     7   6.7238
     3589     0.00000     0.2900E+01     2.000     5   6.7243
     3590     0.00000     0.2906E+01     2.000     5   6.7243
     3591     0.00000     0.8050E+01     2.000     6   6.7244
     3592     0.00000     0.5323E+02     2.000     7   6.7247
     3594     0.00000     0.7263E+01     2.000     7   6.7248
     3596     0.00000     0.5730E+01     2.000     6   6.7261
     3597     0.00000     0.7382E+01     2.000     7   6.7257
     3598     0.00000     0.5705E+01     2.000     6   6.7262
     3599     0.00000     0.1928E+02     2.000     7   6.7266
     3600     0.00000     0.4841E+01     2.000     7   6.7266
     3601     0.00000     0.6312E+01     2.000     7   6.7270
     3602     0.00000     0.6174E+01     2.000     7   6.7270
     3603     0.00000     0.1658E+02     2.000     7   6.7277
     3604     0.00000     0.3598E+01     2.000     7   6.7285
     3605     0.00000     0.2031E+02     2.000     7   6.7291
     3606     0.00000     0.1036E+02     2.000     6   6.7288
     3608     0.00000     0.5574E+01     2.000     7   6.7289
     3609     0.00000     0.7372E+01     2.000     7   6.7289
     3610     0.00000     0.6770E+01     2.000     7   6.7297
     3611     0.00000     0.6103E+01     2.000     7   6.7298
     3612     0.00000     0.3230E+01     2.000     7   6.7300
     3613     0.00000     0.1880E+02     2.000     7   6.7318
     3614     0.00000     0.3350E+02     2.000     7   6.7318
     3615     0.00000     0.2701E+01     2.000     6   6.7323
     3618     0.00000     0.8920E+01     2.000     7   6.7329
     3619     0.00000     0.8647E+01     2.000     7   6.7337
     3620     0.00000     0.5986E+01     2.000     6   6.7344
     3621     0.00000     0.5997E+01     2.000     6   6.7345
     3622     0.00000     0.7016E+01     2.000     7   6.7350
     3625     0.00000     0.5464E+01     2.000     7   6.7365
     3626     0.00000     0.7189E+01     2.000     7   6.7363
     3628     0.00000     0.1335E+02     2.000     7   6.7368
     3629     0.00000     0.1911E+02     2.000     7   6.7380
     3631     0.00000     0.5219E+01     2.000     7   6.7390
     3634     0.00000     0.1298E+02     2.000     7   6.7387
     3635     0.00000     0.5383E+01     2.000     7   6.7390
     3636     0.00000     0.6778E+01     2.000     7   6.7397
     3637     0.00000     0.1931E+02     2.000     7   6.7397
     3638     0.00000     0.5248E+01     2.000     7   6.7403
     3639     0.00000     0.1320E+02     2.000     7   6.7408
     3640     0.00000     0.1053E+02     2.000     6   6.7414
     3642     0.00000     0.8320E+01     2.000     7   6.7415
     3643     0.00000     0.1290E+02     2.000     7   6.7416
     3644     0.00000     0.7291E+01     2.000     6   6.7420
     3645     0.00000     0.1845E+02     2.000     7   6.7419
     3646     0.00000     0.3607E+01     2.000     7   6.7426
     3647     0.00000     0.2791E+01     1.000     6   6.7432
     3648     0.00000     0.2799E+01     1.000     6   6.7432
     3649     0.00000     0.4528E+01     2.000     7   6.7430
     3650     0.00000     0.8316E+01     2.000     7   6.7430
     3651     0.00000     0.4023E+01     2.000     7   6.7437
     3652     0.00000     0.6137E+01     2.000     6   6.7441
     3653     0.00000     0.4210E+01     2.000     6   6.7442
     3654     0.00000     0.4555E+01     2.000     6   6.7439
     3655     0.00000     0.4532E+01     2.000     6   6.7439
     3656     0.00000     0.1162E+02     2.000     7   6.7442
     3657     0.00000     0.3229E+01     2.000     7   6.7447
     3659     0.00000     0.9294E+01     2.000     7   6.7451
     3660     0.00000     0.3161E+01     2.000     7   6.7451
     3661     0.00000     0.1623E+02     1.000     6   6.7463
     3662     0.00000     0.2162E+02     2.000     7   6.7467
     3663     0.00000     0.5234E+01     2.000     7   6.7466
     3664     0.00000     0.7174E+01     2.000     7   6.7469
     3665     0.00000     0.1859E+02     2.000     7   6.7479
     3666     0.00000     0.1553E+02     2.000     7   6.7487
     3667     0.00000     0.8901E+01     2.000     7   6.7498
     3668     0.00000     0.1074E+02     2.000     7   6.7498
     3669     0.00000     0.1640E+02     2.000     7   6.7500
     3670     0.00000     0.4154E+01     2.000     7   6.7498
     3671     0.00000     0.7817E+01     2.000     7   6.7497
     3672     0.00000     0.6011E+01     2.000     7   6.7497
     3673     0.00000     0.4124E+01     2.000     6   6.7502
     3674     0.00000     0.1438E+02     2.000     7   6.7505
     3675     0.00000     0.2045E+02     2.000     7   6.7505
     3676     0.00000     0.7393E+01     2.000     7   6.7514
     3678     0.00000     0.3911E+01     2.000     7   6.7517
     3679     0.00000     0.6636E+01     2.000     6   6.7526
     3680     0.00000     0.1482E+02     2.000     7   6.7524
     3681     0.00000     0.2850E+01     2.000     5   6.7532
     3682     0.00000     0.6627E+01     2.000     6   6.7531
     3683     0.00000     0.9417E+01     2.000     7   6.7541
     3684     0.00000     0.9370E+01     2.000     7   6.7541
     3685     0.00000     0.4803E+01     2.000     7   6.7548
     3687     0.00000     0.8805E+01     2.000     7   6.7556
     3688     0.00000     0.6681E+01     2.000     7   6.7558
     3689     0.00000     0.6804E+01     2.000     6   6.7563
     3690     0.00000     0.1355E+02     2.000     6   6.7563
     3691     0.00000     0.7207E+01     2.000     6   6.7563
     3692     0.00000     0.5488E+01     2.000     7   6.7565
     3693     0.00000     0.7045E+01     2.000     7   6.7565
     3694     0.00000     0.5974E+01     2.000     7   6.7571
     3695     0.00000     0.4503E+01     2.000     7   6.7577
     3696     0.00000     0.9682E+01     2.000     7   6.7580
     3697     0.00000     0.1027E+02     2.000     7   6.7580
     3698     0.00000     0.3475E+01     2.000     7   6.7585
     3700     0.00000     0.4480E+01     2.000     7   6.7593
     3701     0.00000     0.2856E+01     2.000     6   6.7598
     3702     0.00000     0.2896E+01     2.000     6   6.7605
     3703     0.00000     0.4618E+01     2.000     6   6.7609
     3704     0.00000     0.4626E+01     2.000     6   6.7610
     3706     0.00000     0.4833E+01     2.000     7   6.7611
     3707     0.00000     0.1248E+02     2.000     7   6.7611
     3708     0.00000     0.4835E+01     2.000     5   6.7618
     3709     0.00000     0.5325E+01     2.000     6   6.7616
     3710     0.00000     0.3270E+01     2.000     7   6.7617
     3711     0.00000     0.3434E+02     2.000     7   6.7629
     3712     0.00000     0.5058E+01     2.000     7   6.7625
     3713     0.00000     0.3231E+01     2.000     7   6.7640
     3714     0.00000     0.5551E+01     2.000     7   6.7656
     3715     0.00000     0.3412E+01     2.000     7   6.7662
     3717     0.00000     0.1153E+02     2.000     7   6.7665
     3718     0.00000     0.1160E+02     2.000     7   6.7664
     3719     0.00000     0.2715E+01     2.000     5   6.7667
     3720     0.00000     0.1088E+02     2.000     7   6.7667
     3721     0.00000     0.1128E+02     2.000     7   6.7667
     3722     0.00000     0.9067E+01     2.000     7   6.7669
     3723     0.00000     0.6386E+01     2.000     7   6.7669
     3724     0.00000     0.3723E+02     2.000     7   6.7680
     3726     0.00000     0.1748E+02     2.000     7   6.7683
     3727     0.00000     0.4675E+01     2.000     5   6.7690
     3729     0.00000     0.8562E+01     2.000     7   6.7689
     3730     0.00000     0.6466E+01     2.000     7   6.7689
     3731     0.00000     0.4188E+01     2.000     5   6.7695
     3732     0.00000     0.1572E+02     2.000     6   6.7693
     3733     0.00000     0.4326E+01     2.000     6   6.7692
     3734     0.00000     0.5831E+01     2.000     7   6.7700
     3735     0.00000     0.6948E+01     2.000     6   6.7705
     3737     0.00000     0.9575E+01     2.000     7   6.7711
     3738     0.00000     0.9592E+01     2.000     7   6.7711
     3739     0.00000     0.3272E+01     2.000     7   6.7708
     3740     0.00000     0.6016E+01     2.000     6   6.7715
     3741     0.00000     0.6691E+01     2.000     6   6.7715
     3742     0.00000     0.1082E+02     2.000     7   6.7723
     3743     0.00000     0.8472E+01     2.000     7   6.7723
     3744     0.00000     0.3968E+01     2.000     7   6.7728
     3745     0.00000     0.8393E+01     2.000     7   6.7727
     3746     0.00000     0.1072E+02     2.000     7   6.7727
     3747     0.00000     0.5957E+01     2.000     6   6.7738
     3748     0.00000     0.3157E+02     2.000     7   6.7734
     3749     0.00000     0.1474E+02     2.000     7   6.7734
     3750     0.00000     0.1123E+02     2.000     7   6.7734
     3751     0.00000     0.1224E+02     2.000     7   6.7734
     3753     0.00000     0.9339E+01     2.000     7   6.7773
     3754     0.00000     0.9533E+01     2.000     7   6.7773
     3756     0.00000     0.3950E+01     2.000     7   6.7789
     3757     0.00000     0.4586E+01     2.000     6   6.7809
     3758     0.00000     0.6178E+01     2.000     6   6.7811
     3759     0.00000     0.3306E+01     2.000     7   6.7810
     3760     0.00000     0.9385E+01     2.000     7   6.7812
     3761     0.00000     0.1062E+02     2.000     7   6.7818
     3762     0.00000     0.1100E+02     2.000     7   6.7818
     3763     0.00000     0.1437E+02     2.000     7   6.7818
     3764     0.00000     0.4262E+01     2.000     7   6.7819
     3766     0.00000     0.2692E+01     2.000     4   6.7829
     3767     0.00000     0.9867E+01     2.000     6   6.7834
     3768     0.00000     0.3315E+01     2.000     7   6.7832
     3769     0.00000     0.5350E+02     2.000     7   6.7839
     3770     0.00000     0.1634E+02     2.000     7   6.7842
     3771     0.00000     0.2144E+02     2.000     7   6.7842
     3772     0.00000     0.1404E+02     2.000     7   6.7842
     3773     0.00000     0.1304E+02     2.000     7   6.7842
     3775     0.00000     0.3176E+01     2.000     7   6.7855
     3776     0.00000     0.4577E+01     2.000     7   6.7861
     3777     0.00000     0.3327E+02     2.000     7   6.7861
     3778     0.00000     0.1488E+02     2.000     7   6.7861
     3779     0.00000     0.1158E+02     2.000     7   6.7861
     3780     0.00000     0.1231E+02     2.000     7   6.7861
     3781     0.00000     0.2778E+01     2.000     7   6.7863
     3782     0.00000     0.3101E+01     2.000     4   6.7864
     3783     0.00000     0.6294E+01     2.000     6   6.7863
     3784     0.00000     0.5889E+01     2.000     7   6.7871
     3785     0.00000     0.5023E+01     2.000     7   6.7871
     3786     0.00000     0.3368E+01     2.000     5   6.7877
     3787     0.00000     0.1558E+02     2.000     6   6.7877
     3789     0.00000     0.3521E+01     2.000     7   6.7880
     3790     0.00000     0.5729E+01     2.000     6   6.7883
     3791     0.00000     0.5401E+01     2.000     7   6.7886
     3792     0.00000     0.5677E+01     2.000     7   6.7886
     3793     0.00000     0.1228E+02     2.000     7   6.7893
     3794     0.00000     0.1039E+02     2.000     7   6.7893
     3795     0.00000     0.8306E+01     2.000     7   6.7889
     3796     0.00000     0.8299E+01     2.000     7   6.7889
     3797     0.00000     0.4410E+01     2.000     6   6.7897
     3798     0.00000     0.1219E+02     2.000     7   6.7897
     3799     0.00000     0.1037E+02     2.000     7   6.7897
     3801     0.00000     0.4407E+01     2.000     6   6.7900
     3802     0.00000     0.1461E+02     2.000     7   6.7899
     3803     0.00000     0.2199E+02     2.000     7   6.7899
     3804     0.00000     0.1302E+02     2.000     7   6.7899
     3805     0.00000     0.1170E+02     2.000     7   6.7899
     3806     0.00000     0.5578E+01     2.000     7   6.7905
     3807     0.00000     0.1070E+02     2.000     7   6.7906
     3808     0.00000     0.3092E+01     2.000     5   6.7909
     3811     0.00000     0.7194E+01     2.000     7   6.7919
     3812     0.00000     0.6635E+01     2.000     7   6.7924
     3813     0.00000     0.8093E+01     2.000     7   6.7919
     3814     0.00000     0.3124E+01     2.000     7   6.7925
     3816     0.00000     0.4362E+01     2.000     6   6.7941
     3817     0.00000     0.4489E+01     2.000     7   6.7948
     3819     0.00000     0.4535E+01     2.000     7   6.7948
     3820     0.00000     0.6807E+01     2.000     7   6.7957
     3821     0.00000     0.5423E+01     2.000     7   6.7960
     3822     0.00000     0.3078E+01     2.000     7   6.7970
     3823     0.00000     0.8518E+01     2.000     6   6.7970
     3825     0.00000     0.3280E+01     2.000     7   6.7972
     3826     0.00000     0.1154E+02     2.000     7   6.7972
     3827     0.00000     0.2728E+02     2.000     7   6.7972
     3828     0.00000     0.1615E+02     2.000     7   6.7980
     3829     0.00000     0.1497E+02     2.000     7   6.7985
     3830     0.00000     0.3064E+01     2.000     7   6.7989
     3833     0.00000     0.8910E+01     2.000     7   6.7999
     3834     0.00000     0.1065E+02     2.000     7   6.7999
     3835     0.00000     0.8960E+01     2.000     7   6.8006
     3836     0.00000     0.8767E+01     2.000     7   6.8006
     3837     0.00000     0.4246E+01     2.000     7   6.8009
     3838     0.00000     0.1995E+02     2.000     7   6.8007
     3839     0.00000     0.1850E+02     2.000     7   6.8012
     3840     0.00000     0.7961E+01     2.000     7   6.8012
     3841     0.00000     0.8953E+01     2.000     7   6.8018
     3842     0.00000     0.1068E+02     2.000     7   6.8018
     3843     0.00000     0.3725E+01     2.000     6   6.8024
     3845     0.00000     0.3862E+01     2.000     5   6.8035
     3846     0.00000     0.1763E+02     2.000     7   6.8034
     3847     0.00000     0.9033E+01     2.000     7   6.8034
     3848     0.00000     0.1182E+02     2.000     7   6.8034
     3849     0.00000     0.5298E+02     2.000     7   6.8041
     3850     0.00000     0.4915E+01     2.000     5   6.8048
     3851     0.00000     0.3181E+01     2.000     7   6.8048
     3853     0.00000     0.3694E+01     2.000     7   6.8052
     3854     0.00000     0.1248E+02     2.000     7   6.8061
     3855     0.00000     0.2800E+02     2.000     7   6.8061
     3856     0.00000     0.6570E+01     2.000     6   6.8067
     3861     0.00000     0.4220E+01     2.000     6   6.8073
     3863     0.00000     0.8816E+01     2.000     7   6.8070
     3864     0.00000     0.8791E+01     2.000     7   6.8075
     3866     0.00000     0.7033E+01     2.000     7   6.8084
     3867     0.00000     0.7645E+01     2.000     7   6.8081
     3868     0.00000     0.5199E+01     2.000     7   6.8081
     3869     0.00000     0.9271E+01     2.000     7   6.8081
     3870     0.00000     0.5451E+01     2.000     7   6.8082
     3872     0.00000     0.2792E+01     2.000     6   6.8098
     3873     0.00000     0.3225E+01     2.000     6   6.8097
     3874     0.00000     0.6177E+01     2.000     6   6.8103
     3876     0.00000     0.2794E+01     2.000     6   6.8107
     3877     0.00000     0.6840E+01     2.000     6   6.8114
     3878     0.00000     0.6794E+01     2.000     6   6.8114
     3879     0.00000     0.4329E+01     2.000     7   6.8131
     3880     0.00000     0.3165E+01     2.000     7   6.8129
     3881     0.00000     0.2597E+02     2.000     7   6.8131
     3882     0.00000     0.4127E+01     2.000     6   6.8135
     3883     0.00000     0.1085E+02     2.000     6   6.8146
     3884     0.00000     0.3742E+01     2.000     5   6.8151
     3885     0.00000     0.4024E+01     2.000     7   6.8151
     3889     0.00000     0.5399E+01     2.000     7   6.8164
     3890     0.00000     0.6387E+01     2.000     7   6.8168
     3891     0.00000     0.9838E+01     2.000     7   6.8168
     3892     0.00000     0.6788E+01     1.000     6   6.8180
     3893     0.00000     0.1423E+02     2.000     7   6.8182
     3894     0.00000     0.3345E+01     2.000     7   6.8179
     3895     0.00000     0.6505E+01     2.000     6   6.8188
     3896     0.00000     0.3524E+01     2.000     5   6.8198
     3898     0.00000     0.1093E+02     2.000     7   6.8206
     3899     0.00000     0.1069E+02     2.000     7   6.8212
     3900     0.00000     0.2095E+02     2.000     7   6.8211
     3901     0.00000     0.3166E+01     2.000     7   6.8222
     3902     0.00000     0.8658E+01     2.000     6   6.8228
     3906     0.00000     0.2926E+02     2.000     7   6.8237
     3907     0.00000     0.5117E+01     2.000     7   6.8237
     3908     0.00000     0.8004E+01     2.000     6   6.8244
     3909     0.00000     0.5175E+01     2.000     7   6.8241
     3910     0.00000     0.2961E+01     2.000     7   6.8248
     3911     0.00000     0.3187E+01     2.000     6   6.8245
     3913     0.00000     0.9556E+01     2.000     6   6.8253
     3914     0.00000     0.3940E+01     2.000     7   6.8258
     3915     0.00000     0.3824E+01     2.000     6   6.8263
     3916     0.00000     0.2968E+01     2.000     6   6.8267
     3917     0.00000     0.4884E+01     2.000     7   6.8267
     3918     0.00000     0.7224E+01     2.000     7   6.8267
     3919     0.00000     0.2045E+02     2.000     7   6.8265
     3920     0.00000     0.3833E+01     2.000     6   6.8279
     3921     0.00000     0.3307E+01     2.000     7   6.8278
     3922     0.00000     0.9824E+01     2.000     6   6.8283
     3923     0.00000     0.1842E+02     2.000     7   6.8282
     3924     0.00000     0.4001E+01     2.000     4   6.8300
     3925     0.00000     0.5000E+01     2.000     7   6.8299
     3926     0.00000     0.5887E+01     2.000     6   6.8305
     3927     0.00000     0.4216E+01     2.000     7   6.8302
     3928     0.00000     0.2925E+01     2.000     6   6.8306
     3929     0.00000     0.2493E+02     2.000     7   6.8309
     3931     0.00000     0.1551E+02     2.000     7   6.8315
     3932     0.00000     0.1153E+02     2.000     7   6.8311
     3933     0.00000     0.1136E+02     2.000     7   6.8311
     3934     0.00000     0.3799E+01     2.000     6   6.8319
     3935     0.00000     0.6833E+01     2.000     7   6.8326
     3936     0.00000     0.8896E+01     2.000     6   6.8331
     3937     0.00000     0.7599E+01     2.000     6   6.8344
     3940     0.00000     0.1165E+02     2.000     7   6.8346
     3941     0.00000     0.8016E+02     2.000     7   6.8342
     3942     0.00000     0.3726E+01     2.000     7   6.8350
     3943     0.00000     0.8709E+01     2.000     7   6.8348
     3944     0.00000     0.3699E+01     2.000     7   6.8357
     3945     0.00000     0.1066E+02     2.000     7   6.8357
     3947     0.00000     0.2265E+02     2.000     7   6.8389
     3948     0.00000     0.1498E+02     2.000     7   6.8395
     3949     0.00000     0.3607E+01     2.000     5   6.8402
     3950     0.00000     0.8461E+01     2.000     5   6.8402
     3951     0.00000     0.1135E+02     2.000     7   6.8406
     3952     0.00000     0.1636E+02     2.000     7   6.8412
     3955     0.00000     0.6412E+01     2.000     6   6.8421
     3958     0.00000     0.1451E+02     2.000     6   6.8424
     3959     0.00000     0.4584E+01     2.000     7   6.8424
     3960     0.00000     0.6227E+01     2.000     6   6.8434
     3961     0.00000     0.2963E+01     2.000     6   6.8437
     3962     0.00000     0.2581E+02     2.000     7   6.8439
     3963     0.00000     0.2973E+01     2.000     7   6.8439
     3964     0.00000     0.3327E+01     2.000     7   6.8449
     3965     0.00000     0.4740E+01     2.000     7   6.8450
     3966     0.00000     0.5563E+01     2.000     6   6.8461
     3967     0.00000     0.6669E+01     2.000     6   6.8461
     3968     0.00000     0.5904E+01     2.000     7   6.8461
     3969     0.00000     0.2625E+02     2.000     7   6.8467
     3971     0.00000     0.3232E+01     2.000     6   6.8473
     3972     0.00000     0.6645E+01     2.000     7   6.8473
     3973     0.00000     0.2944E+01     2.000     6   6.8477
     3975     0.00000     0.1112E+02     2.000     7   6.8481
     3976     0.00000     0.1103E+02     2.000     7   6.8481
     3978     0.00000     0.2734E+01     2.000     7   6.8493
     3979     0.00000     0.5495E+01     2.000     5   6.8497
     3980     0.00000     0.3374E+01     2.000     7   6.8496
     3981     0.00000     0.4267E+01     2.000     7   6.8502
     3982     0.00000     0.3683E+01     2.000     6   6.8508
     3983     0.00000     0.3213E+01     2.000     6   6.8512
     3984     0.00000     0.6157E+01     2.000     7   6.8520
     3985     0.00000     0.1799E+02     2.000     7   6.8523
     3986     0.00000     0.3411E+01     2.000     5   6.8522
     3988     0.00000     0.4208E+01     2.000     7   6.8529
     3989     0.00000     0.6466E+01     2.000     7   6.8527
     3990     0.00000     0.5117E+01     2.000     4   6.8534
     3991     0.00000     0.5681E+01     2.000     7   6.8536
     3992     0.00000     0.4842E+01     2.000     5   6.8538
     3993     0.00000     0.8706E+01     2.000     7   6.8538
     3994     0.00000     0.5275E+01     2.000     7   6.8541
     3995     0.00000     0.4648E+01     2.000     6   6.8546
     3996     0.00000     0.3645E+01     2.000     6   6.8552
     3999     0.00000     0.6176E+01     2.000     7   6.8552
     4000     0.00000     0.5065E+01     2.000     7   6.8555
     4001     0.00000     0.5275E+01     2.000     7   6.8560
     4002     0.00000     0.1778E+02     2.000     7   6.8563
     4003     0.00000     0.4765E+01     2.000     7   6.8565
     4005     0.00000     0.8034E+01     2.000     6   6.8570
     4006     0.00000     0.1702E+02     2.000     7   6.8574
     4007     0.00000     0.3149E+01     2.000     5   6.8579
     4008     0.00000     0.4126E+01     2.000     6   6.8581
     4009     0.00000     0.3860E+01     2.000     7   6.8587
     4011     0.00000     0.5185E+01     2.000     7   6.8594
     4012     0.00000     0.1238E+02     2.000     6   6.8598
     4013     0.00000     0.9035E+01     2.000     6   6.8601
     4014     0.00000     0.3683E+01     2.000     7   6.8601
     4015     0.00000     0.8884E+01     2.000     6   6.8604
     4016     0.00000     0.3063E+01     2.000     7   6.8608
     4018     0.00000     0.1612E+02     2.000     7   6.8604
     4019     0.00000     0.1646E+02     2.000     7   6.8610
     4020     0.00000     0.3069E+02     2.000     7   6.8612
     4021     0.00000     0.7944E+01     2.000     7   6.8612
     4022     0.00000     0.2706E+01     2.000     6   6.8615
     4023     0.00000     0.2849E+02     2.000     7   6.8620
     4024     0.00000     0.5095E+01     2.000     7   6.8620
     4025     0.00000     0.3107E+01     2.000     7   6.8629
     4026     0.00000     0.2858E+01     2.000     6   6.8634
     4028     0.00000     0.4376E+01     2.000     7   6.8639
     4029     0.00000     0.1795E+02     2.000     7   6.8643
     4030     0.00000     0.2841E+01     2.000     6   6.8654
     4031     0.00000     0.2685E+01     2.000     6   6.8654
     4032     0.00000     0.3500E+01     2.000     6   6.8655
     4033     0.00000     0.4403E+01     2.000     6   6.8656
     4034     0.00000     0.4392E+01     2.000     6   6.8656
     4035     0.00000     0.9056E+01     2.000     7   6.8659
     4036     0.00000     0.9132E+01     2.000     7   6.8658
     4037     0.00000     0.2770E+01     2.000     7   6.8662
     4038     0.00000     0.7081E+01     2.000     5   6.8667
     4039     0.00000     0.2883E+01     2.000     7   6.8671
     4040     0.00000     0.1491E+02     2.000     7   6.8671
     4041     0.00000     0.3914E+01     2.000     7   6.8674
     4042     0.00000     0.7255E+01     2.000     7   6.8677
     4043     0.00000     0.3614E+01     2.000     7   6.8685
     4048     0.00000     0.3466E+01     2.000     6   6.8698
     4049     0.00000     0.8085E+01     2.000     7   6.8706
     4050     0.00000     0.3358E+01     2.000     6   6.8705
     4051     0.00000     0.3449E+01     2.000     7   6.8704
     4052     0.00000     0.2599E+02     2.000     7   6.8703
     4053     0.00000     0.6365E+01     2.000     6   6.8712
     4054     0.00000     0.1305E+02     2.000     7   6.8708
     4055     0.00000     0.4160E+01     2.000     7   6.8708
     4056     0.00000     0.5537E+01     2.000     7   6.8716
     4057     0.00000     0.1055E+02     2.000     7   6.8714
     4059     0.00000     0.6151E+01     2.000     7   6.8726
     4060     0.00000     0.2835E+01     2.000     7   6.8724
     4061     0.00000     0.7105E+01     2.000     5   6.8730
     4062     0.00000     0.6155E+01     2.000     7   6.8732
     4063     0.00000     0.3020E+01     2.000     6   6.8734
     4064     0.00000     0.4558E+01     2.000     6   6.8740
     4065     0.00000     0.7166E+01     2.000     6   6.8740
     4066     0.00000     0.4913E+01     2.000     6   6.8740
     4067     0.00000     0.5263E+01     2.000     7   6.8742
     4068     0.00000     0.2720E+02     2.000     7   6.8742
     4069     0.00000     0.7324E+01     2.000     7   6.8742
     4070     0.00000     0.1689E+02     2.000     7   6.8748
     4071     0.00000     0.8393E+01     2.000     7   6.8748
     4072     0.00000     0.6932E+01     2.000     7   6.8748
     4073     0.00000     0.3015E+01     2.000     6   6.8754
     4074     0.00000     0.1061E+02     2.000     7   6.8755
     4075     0.00000     0.3014E+01     2.000     7   6.8754
     4076     0.00000     0.8423E+01     2.000     7   6.8755
     4078     0.00000     0.5493E+01     2.000     7   6.8756
     4079     0.00000     0.1713E+02     2.000     6   6.8768
     4080     0.00000     0.1037E+02     2.000     7   6.8768
     4081     0.00000     0.7295E+01     2.000     7   6.8770
     4082     0.00000     0.3290E+01     2.000     7   6.8770
     4083     0.00000     0.5159E+01     2.000     5   6.8773
     4085     0.00000     0.5377E+01     2.000     7   6.8781
     4086     0.00000     0.6241E+01     2.000     6   6.8782
     4087     0.00000     0.5281E+01     2.000     7   6.8781
     4088     0.00000     0.3079E+01     2.000     6   6.8788
     4089     0.00000     0.7162E+01     2.000     7   6.8787
     4090     0.00000     0.7297E+02     2.000     7   6.8801
     4091     0.00000     0.1517E+02     2.000     7   6.8805
     4092     0.00000     0.7221E+01     2.000     5   6.8813
     4093     0.00000     0.5474E+01     2.000     6   6.8816
     4094     0.00000     0.3069E+01     2.000     6   6.8814
     4095     0.00000     0.8025E+01     2.000     6   6.8815
     4096     0.00000     0.8624E+01     2.000     7   6.8813
     4097     0.00000     0.9659E+01     2.000     7   6.8820
     4098     0.00000     0.3271E+01     2.000     5   6.8822
     4099     0.00000     0.4682E+01     2.000     6   6.8826
     4101     0.00000     0.5375E+01     2.000     6   6.8830
     4102     0.00000     0.7086E+01     2.000     7   6.8831
     4103     0.00000     0.1069E+02     2.000     7   6.8831
     4104     0.00000     0.4573E+01     2.000     6   6.8837
     4106     0.00000     0.3876E+01     2.000     7   6.8841
     4107     0.00000     0.4746E+01     2.000     5   6.8844
     4108     0.00000     0.5605E+01     2.000     7   6.8846
     4109     0.00000     0.4031E+01     2.000     7   6.8849
     4110     0.00000     0.7263E+01     2.000     7   6.8852
     4111     0.00000     0.7196E+01     2.000     7   6.8853
     4112     0.00000     0.3020E+01     2.000     5   6.8858
     4113     0.00000     0.8402E+01     2.000     7   6.8859
     4114     0.00000     0.1114E+02     2.000     7   6.8860
     4115     0.00000     0.1922E+02     2.000     7   6.8861
     4116     0.00000     0.7992E+01     2.000     7   6.8863
     4117     0.00000     0.2004E+02     2.000     7   6.8868
     4119     0.00000     0.4478E+01     2.000     6   6.8873
     4120     0.00000     0.1531E+02     2.000     7   6.8882
     4121     0.00000     0.9255E+01     2.000     7   6.8882
     4122     0.00000     0.1663E+02     2.000     7   6.8883
     4123     0.00000     0.4725E+01     2.000     7   6.8884
     4124     0.00000     0.1023E+02     2.000     6   6.8887
     4125     0.00000     0.3167E+01     2.000     7   6.8890
     4126     0.00000     0.6284E+01     2.000     6   6.8893
     4128     0.00000     0.4640E+01     2.000     7   6.8895
     4129     0.00000     0.6057E+01     2.000     7   6.8898
     4130     0.00000     0.3514E+01     2.000     7   6.8895
     4131     0.00000     0.8946E+01     2.000     5   6.8900
     4132     0.00000     0.4040E+01     2.000     7   6.8901
     4133     0.00000     0.3746E+01     2.000     7   6.8901
     4134     0.00000     0.4378E+01     2.000     7   6.8908
     4135     0.00000     0.7293E+01     2.000     6   6.8912
     4136     0.00000     0.1009E+02     2.000     6   6.8912
     4137     0.00000     0.1467E+02     1.000     6   6.8914
     4138     0.00000     0.3901E+01     2.000     6   6.8923
     4139     0.00000     0.1028E+02     2.000     7   6.8924
     4141     0.00000     0.6203E+01     2.000     7   6.8930
     4142     0.00000     0.4709E+01     2.000     7   6.8930
     4143     0.00000     0.6084E+01     2.000     7   6.8931
     4145     0.00000     0.1361E+02     1.000     6   6.8936
     4147     0.00000     0.3944E+01     2.000     7   6.8936
     4148     0.00000     0.7645E+01     2.000     7   6.8945
     4149     0.00000     0.8301E+01     2.000     7   6.8945
     4150     0.00000     0.5986E+01     2.000     7   6.8942
     4151     0.00000     0.4439E+01     2.000     6   6.8947
     4152     0.00000     0.1124E+02     2.000     6   6.8946
     4153     0.00000     0.1083E+02     2.000     6   6.8946
     4154     0.00000     0.3760E+01     2.000     7   6.8946
     4155     0.00000     0.3079E+01     2.000     6   6.8958
     4156     0.00000     0.3788E+01     2.000     6   6.8958
     4157     0.00000     0.3726E+01     2.000     7   6.8955
     4158     0.00000     0.3190E+01     2.000     6   6.8970
     4159     0.00000     0.2886E+02     2.000     7   6.8969
     4160     0.00000     0.5516E+01     2.000     7   6.8969
     4161     0.00000     0.4242E+01     2.000     7   6.8976
     4163     0.00000     0.2790E+01     2.000     7   6.8992
     4164     0.00000     0.3168E+01     2.000     6   6.9000
     4165     0.00000     0.5514E+01     2.000     7   6.8997
     4166     0.00000     0.1071E+02     2.000     7   6.9001
     4167     0.00000     0.4011E+01     2.000     6   6.9009
     4168     0.00000     0.1048E+02     2.000     6   6.9010
     4169     0.00000     0.7279E+01     2.000     7   6.9009
     4170     0.00000     0.9802E+01     2.000     7   6.9009
     4171     0.00000     0.3168E+01     2.000     7   6.9018
     4172     0.00000     0.4645E+01     2.000     7   6.9021
     4173     0.00000     0.2772E+01     2.000     7   6.9019
     4174     0.00000     0.3522E+01     2.000     6   6.9027
     4175     0.00000     0.7030E+01     2.000     7   6.9022
     4176     0.00000     0.7007E+01     2.000     7   6.9023
     4177     0.00000     0.7655E+01     2.000     7   6.9024
     4178     0.00000     0.2744E+01     2.000     7   6.9026
     4179     0.00000     0.1024E+02     2.000     7   6.9025
     4180     0.00000     0.3555E+01     2.000     3   6.9037
     4181     0.00000     0.3599E+01     2.000     7   6.9033
     4182     0.00000     0.5109E+01     2.000     7   6.9036
     4183     0.00000     0.1393E+02     2.000     7   6.9034
     4184     0.00000     0.6131E+01     2.000     7   6.9038
     4186     0.00000     0.2923E+02     2.000     7   6.9048
     4189     0.00000     0.2867E+01     2.000     5   6.9062
     4190     0.00000     0.1026E+02     2.000     7   6.9061
     4191     0.00000     0.3479E+01     2.000     6   6.9066
     4192     0.00000     0.4264E+01     2.000     7   6.9067
     4193     0.00000     0.2011E+02     2.000     7   6.9071
     4195     0.00000     0.3068E+01     2.000     7   6.9072
     4196     0.00000     0.6262E+01     2.000     5   6.9078
     4198     0.00000     0.7422E+01     2.000     7   6.9075
     4199     0.00000     0.1109E+02     2.000     7   6.9075
     4200     0.00000     0.2175E+02     2.000     7   6.9075
     4201     0.00000     0.7763E+01     2.000     6   6.9079
     4202     0.00000     0.6886E+01     2.000     7   6.9081
     4203     0.00000     0.3613E+01     2.000     7   6.9081
     4204     0.00000     0.1182E+02     2.000     7   6.9090
     4205     0.00000     0.1079E+02     2.000     7   6.9096
     4206     0.00000     0.3432E+01     2.000     7   6.9098
     4207     0.00000     0.3907E+01     2.000     7   6.9104
     4208     0.00000     0.1433E+02     2.000     7   6.9105
     4209     0.00000     0.1711E+02     2.000     7   6.9107
     4210     0.00000     0.3472E+01     2.000     7   6.9106
     4211     0.00000     0.8598E+01     2.000     7   6.9106
     4212     0.00000     0.7955E+01     2.000     6   6.9110
     4213     0.00000     0.3875E+01     2.000     5   6.9118
     4214     0.00000     0.3233E+01     2.000     7   6.9119
     4215     0.00000     0.9239E+01     2.000     7   6.9116
     4216     0.00000     0.4365E+01     2.000     7   6.9119
     4217     0.00000     0.4711E+02     2.000     7   6.9120
     4218     0.00000     0.8333E+01     2.000     7   6.9134
     4219     0.00000     0.2961E+01     2.000     7   6.9133
     4220     0.00000     0.2487E+02     2.000     7   6.9131
     4221     0.00000     0.4745E+01     2.000     7   6.9140
     4222     0.00000     0.3604E+01     2.000     7   6.9139
     4223     0.00000     0.5373E+01     2.000     6   6.9142
     4224     0.00000     0.5706E+01     2.000     7   6.9145
     4225     0.00000     0.3272E+01     2.000     5   6.9149
     4227     0.00000     0.1693E+02     2.000     7   6.9149
     4228     0.00000     0.1117E+02     2.000     7   6.9153
     4229     0.00000     0.5991E+01     2.000     7   6.9156
     4230     0.00000     0.8646E+01     2.000     7   6.9156
     4231     0.00000     0.2976E+01     2.000     7   6.9155
     4232     0.00000     0.1995E+02     2.000     7   6.9155
     4233     0.00000     0.1288E+02     2.000     7   6.9155
     4234     0.00000     0.2881E+01     2.000     7   6.9158
     4235     0.00000     0.1448E+02     2.000     7   6.9166
     4236     0.00000     0.1245E+02     2.000     7   6.9166
     4237     0.00000     0.4431E+01     2.000     7   6.9166
     4238     0.00000     0.1033E+02     2.000     7   6.9167
     4239     0.00000     0.1489E+02     2.000     6   6.9180
     4240     0.00000     0.1340E+02     2.000     6   6.9180
     4241     0.00000     0.8690E+01     2.000     7   6.9181
     4242     0.00000     0.5614E+01     2.000     7   6.9183
     4243     0.00000     0.6139E+01     2.000     7   6.9183
     4244     0.00000     0.3697E+01     2.000     6   6.9197
     4245     0.00000     0.4849E+02     2.000     7   6.9193
     4246     0.00000     0.6873E+01     2.000     7   6.9196
     4247     0.00000     0.6426E+01     2.000     6   6.9199
     4248     0.00000     0.5618E+01     2.000     7   6.9200
     4249     0.00000     0.5598E+01     2.000     7   6.9200
     4250     0.00000     0.5410E+01     2.000     6   6.9204
     4252     0.00000     0.3463E+01     2.000     7   6.9226
     4253     0.00000     0.4728E+01     2.000     7   6.9231
     4254     0.00000     0.3777E+01     2.000     5   6.9228
     4255     0.00000     0.3682E+01     2.000     6   6.9236
     4256     0.00000     0.5235E+01     2.000     6   6.9238
     4257     0.00000     0.6989E+01     2.000     7   6.9237
     4258     0.00000     0.3409E+01     2.000     6   6.9243
     4260     0.00000     0.3278E+01     2.000     5   6.9252
     4261     0.00000     0.6004E+01     2.000     6   6.9258
     4262     0.00000     0.4331E+01     2.000     7   6.9256
     4263     0.00000     0.1523E+02     2.000     7   6.9263
     4265     0.00000     0.3358E+01     2.000     6   6.9282
     4266     0.00000     0.1223E+02     2.000     7   6.9282
     4267     0.00000     0.2743E+02     2.000     7   6.9282
     4268     0.00000     0.1061E+02     2.000     7   6.9282
     4269     0.00000     0.1475E+02     2.000     7   6.9282
     4270     0.00000     0.8723E+01     2.000     7   6.9288
     4272     0.00000     0.1123E+02     2.000     7   6.9296
     4273     0.00000     0.1089E+02     2.000     7   6.9293
     4274     0.00000     0.5223E+01     2.000     6   6.9300
     4275     0.00000     0.5220E+01     2.000     7   6.9307
     4276     0.00000     0.3328E+01     2.000     5   6.9315
     4278     0.00000     0.2982E+01     2.000     7   6.9323
     4279     0.00000     0.2694E+02     2.000     7   6.9323
     4280     0.00000     0.1288E+02     2.000     7   6.9323
     4281     0.00000     0.1123E+02     2.000     7   6.9323
     4282     0.00000     0.6619E+01     2.000     7   6.9327
     4283     0.00000     0.1046E+02     2.000     7   6.9323
     4284     0.00000     0.8542E+01     2.000     7   6.9331
     4285     0.00000     0.1415E+02     2.000     7   6.9332
     4286     0.00000     0.1734E+02     2.000     7   6.9334
     4287     0.00000     0.6743E+01     2.000     7   6.9335
     4288     0.00000     0.2851E+01     2.000     7   6.9347
     4289     0.00000     0.1570E+02     2.000     7   6.9353
     4290     0.00000     0.3679E+01     2.000     6   6.9356
     4291     0.00000     0.6103E+01     2.000     6   6.9356
     4292     0.00000     0.9407E+01     2.000     6   6.9357
     4293     0.00000     0.5624E+01     2.000     6   6.9354
     4294     0.00000     0.5648E+01     2.000     6   6.9362
     4295     0.00000     0.3135E+01     2.000     6   6.9366
     4296     0.00000     0.1580E+02     2.000     7   6.9373
     4297     0.00000     0.3603E+01     2.000     6   6.9375
     4298     0.00000     0.1710E+02     2.000     7   6.9380
     4299     0.00000     0.1521E+02     2.000     7   6.9389
     4300     0.00000     0.1274E+02     2.000     7   6.9399
     4301     0.00000     0.3972E+01     2.000     7   6.9398
     4302     0.00000     0.3822E+01     2.000     5   6.9413
     4303     0.00000     0.3583E+01     2.000     6   6.9414
     4304     0.00000     0.6006E+01     2.000     7   6.9411
     4305     0.00000     0.6632E+01     2.000     7   6.9414
     4306     0.00000     0.5811E+01     2.000     6   6.9425
     4307     0.00000     0.1220E+02     2.000     7   6.9422
     4308     0.00000     0.9846E+01     2.000     7   6.9421
     4309     0.00000     0.6790E+01     2.000     6   6.9428
     4310     0.00000     0.6790E+01     2.000     6   6.9428
     4311     0.00000     0.8472E+01     2.000     7   6.9430
     4312     0.00000     0.7546E+01     2.000     7   6.9440
     4313     0.00000     0.9706E+01     2.000     7   6.9436
     4315     0.00000     0.2875E+02     2.000     7   6.9443
     4316     0.00000     0.8369E+01     2.000     7   6.9449
     4317     0.00000     0.7846E+01     2.000     6   6.9451
     4318     0.00000     0.1517E+02     2.000     7   6.9455
     4319     0.00000     0.2752E+02     2.000     7   6.9454
     4320     0.00000     0.6301E+01     2.000     7   6.9457
     4321     0.00000     0.2376E+02     2.000     7   6.9459
     4322     0.00000     0.4463E+01     2.000     7   6.9464
     4323     0.00000     0.6238E+01     2.000     7   6.9470
     4324     0.00000     0.7496E+01     2.000     7   6.9476
     4325     0.00000     0.2291E+02     2.000     7   6.9473
     4326     0.00000     0.1594E+02     2.000     7   6.9482
     4327     0.00000     0.5341E+01     2.000     7   6.9482
     4328     0.00000     0.5714E+01     2.000     7   6.9486
     4329     0.00000     0.9716E+01     2.000     7   6.9484
     4330     0.00000     0.9762E+01     2.000     7   6.9483
     4331     0.00000     0.7837E+01     2.000     7   6.9495
     4333     0.00000     0.6420E+01     2.000     6   6.9511
     4334     0.00000     0.1071E+02     2.000     7   6.9510
     4335     0.00000     0.7452E+01     2.000     7   6.9515
     4336     0.00000     0.1065E+02     2.000     6   6.9524
     4337     0.00000     0.5615E+01     2.000     7   6.9526
     4338     0.00000     0.1184E+02     2.000     7   6.9530
     4339     0.00000     0.7276E+01     2.000     7   6.9531
     4340     0.00000     0.1666E+02     2.000     7   6.9530
     4341     0.00000     0.3241E+01     2.000     5   6.9536
     4342     0.00000     0.2813E+01     2.000     6   6.9533
     4343     0.00000     0.3771E+01     2.000     6   6.9539
     4344     0.00000     0.5847E+01     2.000     6   6.9539
     4345     0.00000     0.2930E+01     2.000     7   6.9544
     4346     0.00000     0.4309E+01     2.000     6   6.9550
     4347     0.00000     0.3067E+01     2.000     6   6.9558
     4348     0.00000     0.5547E+01     2.000     7   6.9557
     4349     0.00000     0.3034E+01     2.000     7   6.9569
     4350     0.00000     0.1409E+02     2.000     6   6.9577
     4351     0.00000     0.1093E+02     2.000     5   6.9583
     4352     0.00000     0.2767E+01     2.000     6   6.9583
     4353     0.00000     0.3030E+01     2.000     6   6.9584
     4354     0.00000     0.1026E+02     2.000     7   6.9584
     4355     0.00000     0.6997E+01     2.000     6   6.9595
     4356     0.00000     0.5297E+01     2.000     7   6.9591
     4357     0.00000     0.3296E+01     2.000     7   6.9591
     4358     0.00000     0.6929E+01     2.000     6   6.9597
     4360     0.00000     0.5466E+01     2.000     7   6.9601
     4361     0.00000     0.1553E+02     2.000     7   6.9601
     4362     0.00000     0.4358E+01     2.000     7   6.9603
     4363     0.00000     0.4541E+01     2.000     6   6.9606
     4364     0.00000     0.1310E+02     2.000     7   6.9608
     4365     0.00000     0.9783E+01     2.000     6   6.9614
     4366     0.00000     0.3428E+01     2.000     7   6.9615
     4367     0.00000     0.3021E+01     2.000     7   6.9614
     4368     0.00000     0.4669E+01     2.000     6   6.9621
     4369     0.00000     0.4828E+01     2.000     7   6.9629
     4370     0.00000     0.8082E+01     2.000     7   6.9635
     4371     0.00000     0.3009E+01     2.000     5   6.9635
     4372     0.00000     0.8760E+01     2.000     6   6.9635
     4373     0.00000     0.4705E+01     2.000     7   6.9636
     4374     0.00000     0.3071E+01     2.000     7   6.9635
     4375     0.00000     0.9487E+01     2.000     7   6.9638
     4376     0.00000     0.1052E+02     2.000     7   6.9644
     4378     0.00000     0.5048E+01     2.000     7   6.9642
     4379     0.00000     0.3377E+01     2.000     7   6.9649
     4380     0.00000     0.1451E+02     2.000     7   6.9653
     4381     0.00000     0.1632E+02     2.000     7   6.9654
     4382     0.00000     0.7705E+01     2.000     7   6.9658
     4384     0.00000     0.6151E+01     2.000     6   6.9663
     4385     0.00000     0.4256E+01     2.000     7   6.9676
     4386     0.00000     0.5456E+01     2.000     6   6.9696
     4388     0.00000     0.6252E+01     2.000     7   6.9694
     4389     0.00000     0.7380E+01     2.000     6   6.9701
     4390     0.00000     0.5521E+01     2.000     6   6.9702
     4391     0.00000     0.7632E+01     2.000     7   6.9702
     4392     0.00000     0.4337E+01     2.000     7   6.9708
     4394     0.00000     0.1448E+02     2.000     7   6.9708
     4395     0.00000     0.6361E+01     2.000     6   6.9708
     4396     0.00000     0.8107E+01     2.000     5   6.9713
     4397     0.00000     0.7065E+01     2.000     6   6.9717
     4398     0.00000     0.1009E+02     2.000     6   6.9716
     4399     0.00000     0.2990E+01     2.000     5   6.9730
     4400     0.00000     0.1615E+02     2.000     7   6.9730
     4401     0.00000     0.9914E+01     2.000     7   6.9739
     4402     0.00000     0.8114E+01     2.000     7   6.9734
     4403     0.00000     0.3839E+01     2.000     6   6.9742
     4404     0.00000     0.1068E+02     2.000     5   6.9753
     4405     0.00000     0.8197E+01     2.000     7   6.9758
     4406     0.00000     0.5470E+01     2.000     6   6.9773
     4407     0.00000     0.2156E+02     2.000     7   6.9773
     4408     0.00000     0.1689E+02     2.000     6   6.9779
     4411     0.00000     0.5786E+01     2.000     6   6.9783
     4412     0.00000     0.2690E+01     2.000     7   6.9791
     4413     0.00000     0.1851E+02     2.000     7   6.9798
     4414     0.00000     0.3051E+01     2.000     7   6.9801
     4415     0.00000     0.1824E+02     2.000     7   6.9804
     4417     0.00000     0.4228E+01     2.000     7   6.9808
     4418     0.00000     0.5675E+01     2.000     6   6.9819
     4419     0.00000     0.1131E+02     2.000     6   6.9816
     4420     0.00000     0.1702E+02     2.000     7   6.9819
     4421     0.00000     0.2365E+02     2.000     7   6.9817
     4422     0.00000     0.6206E+01     2.000     7   6.9820
     4423     0.00000     0.2797E+01     2.000     7   6.9825
     4424     0.00000     0.3063E+01     2.000     3   6.9822
     4426     0.00000     0.2925E+02     2.000     7   6.9823
     4427     0.00000     0.7177E+01     2.000     7   6.9834
     4428     0.00000     0.9524E+01     2.000     7   6.9832
     4430     0.00000     0.1997E+02     2.000     7   6.9838
     4431     0.00000     0.1368E+02     2.000     7   6.9840
     4432     0.00000     0.1046E+02     2.000     6   6.9842
     4433     0.00000     0.3318E+01     2.000     7   6.9854
     4435     0.00000     0.1188E+02     2.000     7   6.9853
     4436     0.00000     0.4843E+01     2.000     6   6.9858
     4437     0.00000     0.4271E+01     2.000     6   6.9865
     4439     0.00000     0.6047E+01     2.000     7   6.9863
     4440     0.00000     0.1030E+02     2.000     7   6.9865
     4441     0.00000     0.1417E+02     2.000     7   6.9874
     4442     0.00000     0.8924E+01     2.000     7   6.9874
     4443     0.00000     0.1123E+02     2.000     7   6.9875
     4444     0.00000     0.1118E+02     2.000     7   6.9875
     4445     0.00000     0.6580E+01     2.000     7   6.9876
     4446     0.00000     0.6443E+01     2.000     7   6.9884
     4448     0.00000     0.1269E+02     2.000     6   6.9910
     4449     0.00000     0.1053E+02     2.000     7   6.9915
     4450     0.00000     0.2107E+02     2.000     7   6.9915
     4451     0.00000     0.8161E+01     2.000     7   6.9918
     4452     0.00000     0.8898E+01     2.000     7   6.9931
     4453     0.00000     0.9958E+01     2.000     7   6.9931
     4454     0.00000     0.3695E+01     2.000     6   6.9935
     4457     0.00000     0.2461E+02     2.000     7   6.9941
     4458     0.00000     0.4013E+01     2.000     7   6.9943
     4459     0.00000     0.3402E+02     2.000     7   6.9944
     4460     0.00000     0.7782E+01     2.000     7   6.9947
     4462     0.00000     0.5726E+01     1.000     6   6.9951
     4463     0.00000     0.1154E+02     2.000     6   6.9950
     4464     0.00000     0.2133E+02     2.000     6   6.9950
     4465     0.00000     0.1559E+02     2.000     6   6.9950
     4467     0.00000     0.1104E+02     2.000     7   6.9958
     4469     0.00000     0.6837E+02     2.000     7   6.9963
     4470     0.00000     0.7840E+01     2.000     7   6.9982
     4471     0.00000     0.7405E+01     2.000     7   6.9987
     4472     0.00000     0.4839E+01     2.000     6   6.9990
     4473     0.00000     0.4596E+01     2.000     7   6.9990
     4474     0.00000     0.1951E+02     2.000     7   7.0000
     4475     0.00000     0.6820E+01     2.000     7   7.0007
     4476     0.00000     0.5235E+01     2.000     6   7.0010
     4477     0.00000     0.1662E+02     2.000     7   7.0012
     4478     0.00000     0.1344E+02     2.000     7   7.0014
     4479     0.00000     0.6209E+01     2.000     7   7.0017
     4480     0.00000     0.5959E+01     2.000     7   7.0024
     4481     0.00000     0.7814E+01     2.000     7   7.0025
     4482     0.00000     0.3908E+01     2.000     7   7.0028
     4483     0.00000     0.1608E+02     2.000     6   7.0032
     4484     0.00000     0.1047E+02     2.000     7   7.0035
     4485     0.00000     0.5226E+01     2.000     7   7.0037
     4486     0.00000     0.7681E+01     2.000     6   7.0054
     4487     0.00000     0.1157E+02     2.000     6   7.0054
     4488     0.00000     0.4289E+01     2.000     7   7.0053
     4489     0.00000     0.6459E+01     2.000     5   7.0061
     4490     0.00000     0.4147E+01     2.000     6   7.0060
     4491     0.00000     0.6937E+01     2.000     7   7.0060
     4492     0.00000     0.6984E+01     2.000     7   7.0060
     4493     0.00000     0.4863E+01     2.000     7   7.0058
     4494     0.00000     0.3858E+01     2.000     7   7.0067
     4495     0.00000     0.8434E+01     2.000     7   7.0071
     4496     0.00000     0.1531E+02     2.000     6   7.0080
     4497     0.00000     0.4245E+01     2.000     6   7.0089
     4498     0.00000     0.9469E+01     2.000     7   7.0088
     4499     0.00000     0.2335E+02     2.000     7   7.0093
     4500     0.00000     0.4797E+01     2.000     7   7.0093
     4501     0.00000     0.4321E+01     2.000     7   7.0101
     4503     0.00000     0.1156E+02     2.000     7   7.0101
     4504     0.00000     0.1235E+02     2.000     7   7.0101
     4505     0.00000     0.6926E+01     2.000     7   7.0103
     4506     0.00000     0.6921E+01     2.000     7   7.0103
     4507     0.00000     0.7971E+01     2.000     7   7.0107
     4508     0.00000     0.2869E+01     2.000     5   7.0109
     4509     0.00000     0.6296E+01     2.000     6   7.0111
     4510     0.00000     0.1081E+02     2.000     7   7.0113
     4512     0.00000     0.1467E+02     2.000     7   7.0113
     4513     0.00000     0.9694E+01     2.000     7   7.0113
     4514     0.00000     0.2418E+02     2.000     6   7.0120
     4515     0.00000     0.1943E+02     2.000     7   7.0121
     4516     0.00000     0.2211E+02     2.000     7   7.0121
     4518     0.00000     0.1401E+02     2.000     6   7.0127
     4520     0.00000     0.9447E+01     2.000     7   7.0143
     4522     0.00000     0.1029E+02     2.000     7   7.0140
     4523     0.00000     0.2012E+02     2.000     7   7.0141
     4524     0.00000     0.7018E+01     1.000     6   7.0156
     4525     0.00000     0.1509E+02     2.000     7   7.0159
     4527     0.00000     0.6488E+01     2.000     6   7.0163
     4528     0.00000     0.1504E+02     2.000     6   7.0163
     4529     0.00000     0.5938E+01     2.000     7   7.0163
     4531     0.00000     0.4936E+01     2.000     6   7.0168
     4532     0.00000     0.6494E+01     2.000     7   7.0166
     4534     0.00000     0.4858E+01     2.000     6   7.0178
     4535     0.00000     0.1034E+02     2.000     7   7.0191
     4536     0.00000     0.4057E+01     2.000     7   7.0194
     4537     0.00000     0.6083E+02     2.000     7   7.0190
     4538     0.00000     0.5701E+01     2.000     6   7.0198
     4539     0.00000     0.3004E+01     2.000     6   7.0198
     4541     0.00000     0.9538E+01     2.000     7   7.0200
     4542     0.00000     0.8653E+01     2.000     7   7.0195
     4545     0.00000     0.4035E+01     2.000     7   7.0200
     4546     0.00000     0.6823E+01     2.000     7   7.0206
     4547     0.00000     0.8013E+01     2.000     6   7.0212
     4548     0.00000     0.1205E+02     2.000     6   7.0210
     4549     0.00000     0.3218E+01     2.000     7   7.0212
     4550     0.00000     0.3827E+01     2.000     7   7.0218
     4552     0.00000     0.1982E+02     2.000     7   7.0224
     4553     0.00000     0.1805E+02     2.000     7   7.0229
     4554     0.00000     0.3624E+02     2.000     7   7.0229
     4555     0.00000     0.2442E+02     2.000     7   7.0229
     4556     0.00000     0.6220E+01     2.000     6   7.0234
     4557     0.00000     0.2762E+01     2.000     6   7.0231
     4558     0.00000     0.2757E+01     2.000     6   7.0239
     4559     0.00000     0.4370E+01     2.000     7   7.0240
     4560     0.00000     0.1197E+02     2.000     7   7.0238
     4561     0.00000     0.1988E+02     2.000     7   7.0238
     4562     0.00000     0.5984E+01     2.000     7   7.0238
     4563     0.00000     0.7086E+01     2.000     7   7.0243
     4564     0.00000     0.5924E+01     2.000     7   7.0241
     4565     0.00000     0.5646E+01     2.000     7   7.0241
     4566     0.00000     0.7157E+01     2.000     7   7.0246
     4567     0.00000     0.1063E+02     2.000     7   7.0253
     4568     0.00000     0.5954E+01     2.000     6   7.0258
     4569     0.00000     0.9664E+01     2.000     6   7.0258
     4570     0.00000     0.1032E+02     2.000     6   7.0258
     4571     0.00000     0.1105E+02     2.000     7   7.0258
     4572     0.00000     0.1245E+02     2.000     7   7.0258
     4573     0.00000     0.9099E+01     2.000     6   7.0262
     4574     0.00000     0.6464E+01     2.000     6   7.0273
     4575     0.00000     0.6916E+01     2.000     7   7.0274
     4577     0.00000     0.4799E+01     2.000     7   7.0279
     4578     0.00000     0.7450E+01     2.000     7   7.0281
     4579     0.00000     0.4818E+01     2.000     6   7.0283
     4580     0.00000     0.7049E+01     2.000     7   7.0285
     4581     0.00000     0.8992E+01     2.000     7   7.0290
     4582     0.00000     0.1483E+02     2.000     6   7.0297
     4583     0.00000     0.1292E+02     2.000     7   7.0303
     4584     0.00000     0.1302E+02     2.000     7   7.0302
     4585     0.00000     0.6088E+01     2.000     7   7.0307
     4586     0.00000     0.7844E+01     2.000     7   7.0303
     4587     0.00000     0.9893E+01     2.000     7   7.0312
     4588     0.00000     0.9297E+01     2.000     7   7.0310
     4589     0.00000     0.3419E+01     2.000     6   7.0320
     4590     0.00000     0.1844E+02     2.000     7   7.0319
     4591     0.00000     0.7051E+01     2.000     7   7.0325
     4593     0.00000     0.2860E+01     2.000     5   7.0332
     4594     0.00000     0.1402E+02     2.000     7   7.0333
     4595     0.00000     0.5806E+01     2.000     7   7.0330
     4597     0.00000     0.2526E+02     2.000     7   7.0340
     4598     0.00000     0.4611E+01     2.000     7   7.0342
     4599     0.00000     0.6916E+01     2.000     7   7.0342
     4601     0.00000     0.9624E+01     2.000     7   7.0344
     4602     0.00000     0.2129E+02     2.000     7   7.0352
     4603     0.00000     0.5795E+01     2.000     7   7.0352
     4604     0.00000     0.6814E+01     2.000     7   7.0357
     4605     0.00000     0.1481E+02     2.000     7   7.0359
     4606     0.00000     0.2349E+02     2.000     7   7.0359
     4607     0.00000     0.2590E+02     2.000     7   7.0359
     4608     0.00000     0.3291E+01     2.000     7   7.0363
     4609     0.00000     0.3253E+01     2.000     7   7.0373
     4611     0.00000     0.8107E+01     2.000     7   7.0383
     4612     0.00000     0.4905E+01     2.000     6   7.0392
     4613     0.00000     0.5243E+01     2.000     7   7.0391
     4614     0.00000     0.3332E+01     2.000     7   7.0399
     4615     0.00000     0.4310E+02     2.000     7   7.0399
     4616     0.00000     0.4011E+02     2.000     7   7.0399
     4617     0.00000     0.4140E+01     2.000     7   7.0395
     4618     0.00000     0.6766E+01     2.000     7   7.0401
     4619     0.00000     0.5106E+01     2.000     7   7.0405
     4620     0.00000     0.3101E+01     2.000     7   7.0415
     4621     0.00000     0.4117E+01     2.000     7   7.0415
     4622     0.00000     0.5478E+01     2.000     7   7.0413
     4623     0.00000     0.1232E+02     2.000     7   7.0418
     4625     0.00000     0.5139E+01     2.000     7   7.0431
     4626     0.00000     0.1287E+02     2.000     6   7.0428
     4627     0.00000     0.6228E+01     2.000     6   7.0451
     4628     0.00000     0.2918E+01     2.000     6   7.0448
     4629     0.00000     0.3714E+01     2.000     7   7.0447
     4630     0.00000     0.3194E+01     2.000     7   7.0447
     4631     0.00000     0.4982E+01     2.000     7   7.0448
     4632     0.00000     0.7889E+01     2.000     7   7.0448
     4633     0.00000     0.3215E+01     2.000     7   7.0452
     4634     0.00000     0.3720E+01     2.000     7   7.0452
     4635     0.00000     0.3521E+01     2.000     7   7.0453
     4636     0.00000     0.1503E+02     2.000     7   7.0460
     4637     0.00000     0.3515E+01     2.000     7   7.0458
     4638     0.00000     0.5266E+01     2.000     7   7.0460
     4639     0.00000     0.7666E+01     2.000     7   7.0477
     4640     0.00000     0.4976E+01     2.000     7   7.0474
     4641     0.00000     0.9004E+01     2.000     7   7.0475
     4642     0.00000     0.1344E+02     2.000     7   7.0475
     4643     0.00000     0.5184E+01     2.000     7   7.0478
     4645     0.00000     0.6603E+01     2.000     7   7.0478
     4646     0.00000     0.4667E+01     2.000     6   7.0482
     4647     0.00000     0.9412E+01     2.000     7   7.0487
     4648     0.00000     0.8582E+01     2.000     6   7.0491
     4649     0.00000     0.3084E+01     2.000     6   7.0491
     4650     0.00000     0.2759E+02     2.000     7   7.0489
     4651     0.00000     0.2337E+02     2.000     7   7.0489
     4652     0.00000     0.3192E+01     2.000     3   7.0502
     4653     0.00000     0.1182E+02     2.000     7   7.0502
     4654     0.00000     0.1259E+02     2.000     7   7.0500
     4655     0.00000     0.3834E+01     1.000     4   7.0504
     4656     0.00000     0.9477E+01     2.000     7   7.0506
     4657     0.00000     0.6015E+01     2.000     7   7.0503
     4659     0.00000     0.1792E+02     2.000     7   7.0514
     4661     0.00000     0.1902E+02     2.000     7   7.0514
     4662     0.00000     0.4509E+01     2.000     6   7.0523
     4663     0.00000     0.9728E+01     2.000     7   7.0527
     4664     0.00000     0.3015E+01     2.000     6   7.0532
     4665     0.00000     0.3058E+01     2.000     6   7.0530
     4666     0.00000     0.3567E+02     2.000     7   7.0529
     4668     0.00000     0.1378E+02     2.000     7   7.0540
     4669     0.00000     0.5029E+01     2.000     6   7.0544
     4670     0.00000     0.9817E+01     2.000     7   7.0555
     4671     0.00000     0.1055E+02     2.000     7   7.0572
     4672     0.00000     0.8187E+01     2.000     7   7.0572
     4673     0.00000     0.2481E+02     2.000     7   7.0577
     4674     0.00000     0.1524E+02     2.000     7   7.0574
     4675     0.00000     0.3084E+01     2.000     7   7.0589
     4676     0.00000     0.4103E+01     1.000     4   7.0592
     4677     0.00000     0.7367E+01     2.000     7   7.0590
     4678     0.00000     0.4585E+01     2.000     7   7.0599
     4680     0.00000     0.3917E+01     2.000     5   7.0606
     4681     0.00000     0.8789E+01     2.000     6   7.0605
     4682     0.00000     0.4565E+01     2.000     7   7.0607
     4683     0.00000     0.5705E+01     2.000     7   7.0612
     4684     0.00000     0.1092E+02     2.000     7   7.0615
     4685     0.00000     0.3960E+01     2.000     7   7.0629
     4686     0.00000     0.8042E+01     2.000     7   7.0633
     4687     0.00000     0.3952E+01     2.000     7   7.0638
     4688     0.00000     0.1991E+02     2.000     7   7.0643
     4689     0.00000     0.1138E+02     2.000     7   7.0644
     4690     0.00000     0.5481E+01     2.000     7   7.0644
     4691     0.00000     0.3982E+01     2.000     6   7.0646
     4692     0.00000     0.1737E+02     2.000     7   7.0646
     4693     0.00000     0.2886E+01     2.000     7   7.0650
     4694     0.00000     0.6711E+01     2.000     7   7.0652
     4695     0.00000     0.3031E+01     2.000     5   7.0664
     4696     0.00000     0.5088E+01     2.000     6   7.0666
     4697     0.00000     0.9105E+01     2.000     6   7.0667
     4698     0.00000     0.1811E+02     2.000     7   7.0667
     4699     0.00000     0.5863E+01     2.000     6   7.0675
     4700     0.00000     0.4824E+01     2.000     7   7.0683
     4701     0.00000     0.6357E+01     2.000     6   7.0685
     4703     0.00000     0.4663E+01     2.000     7   7.0687
     4704     0.00000     0.1155E+02     2.000     7   7.0697
     4706     0.00000     0.9728E+01     2.000     7   7.0702
     4707     0.00000     0.2263E+02     2.000     7   7.0707
     4708     0.00000     0.2310E+02     2.000     7   7.0707
     4710     0.00000     0.8061E+01     2.000     7   7.0719
     4711     0.00000     0.4200E+01     2.000     7   7.0718
     4712     0.00000     0.4340E+01     2.000     7   7.0718
     4713     0.00000     0.4588E+01     2.000     7   7.0726
     4715     0.00000     0.9494E+01     2.000     7   7.0728
     4716     0.00000     0.5179E+01     2.000     7   7.0733
     4717     0.00000     0.7792E+01     2.000     7   7.0744
     4718     0.00000     0.1083E+02     2.000     7   7.0744
     4720     0.00000     0.3492E+01     2.000     4   7.0761
     4722     0.00000     0.1280E+02     2.000     7   7.0770
     4723     0.00000     0.5826E+01     2.000     6   7.0779
     4724     0.00000     0.4627E+01     2.000     7   7.0788
     4725     0.00000     0.1146E+02     2.000     5   7.0789
     4726     0.00000     0.2558E+02     2.000     6   7.0802
     4727     0.00000     0.3012E+01     2.000     7   7.0800
     4728     0.00000     0.1911E+02     2.000     7   7.0800
     4730     0.00000     0.3224E+01     2.000     6   7.0806
     4731     0.00000     0.1042E+02     2.000     7   7.0804
     4732     0.00000     0.2844E+01     2.000     6   7.0812
     4733     0.00000     0.5467E+01     2.000     7   7.0814
     4734     0.00000     0.3822E+01     2.000     4   7.0820
     4735     0.00000     0.9697E+01     2.000     5   7.0821
     4736     0.00000     0.8184E+01     2.000     7   7.0830
     4737     0.00000     0.4577E+01     2.000     7   7.0827
     4738     0.00000     0.7588E+01     2.000     7   7.0835
     4739     0.00000     0.1349E+02     2.000     7   7.0841
     4740     0.00000     0.4749E+01     2.000     7   7.0841
     4741     0.00000     0.9987E+01     2.000     7   7.0840
     4742     0.00000     0.1070E+02     2.000     7   7.0859
     4743     0.00000     0.4926E+01     2.000     7   7.0857
     4744     0.00000     0.1131E+02     2.000     7   7.0859
     4745     0.00000     0.3261E+01     2.000     7   7.0863
     4746     0.00000     0.1988E+02     2.000     7   7.0868
     4747     0.00000     0.9208E+01     2.000     7   7.0866
     4748     0.00000     0.4988E+01     2.000     6   7.0878
     4749     0.00000     0.7667E+01     2.000     7   7.0880
     4750     0.00000     0.6790E+01     2.000     7   7.0881
     4751     0.00000     0.6579E+01     2.000     7   7.0880
     4752     0.00000     0.4354E+01     2.000     6   7.0889
     4753     0.00000     0.5607E+01     2.000     6   7.0889
     4754     0.00000     0.1121E+02     2.000     7   7.0889
     4755     0.00000     0.1456E+02     2.000     7   7.0891
     4756     0.00000     0.9750E+01     2.000     6   7.0893
     4757     0.00000     0.4886E+01     2.000     7   7.0896
     4758     0.00000     0.6262E+01     2.000     7   7.0901
     4759     0.00000     0.2955E+01     2.000     6   7.0906
     4760     0.00000     0.9988E+01     2.000     7   7.0909
     4761     0.00000     0.8307E+01     2.000     7   7.0921
     4762     0.00000     0.9728E+01     2.000     7   7.0920
     4763     0.00000     0.5800E+01     2.000     7   7.0928
     4764     0.00000     0.5178E+01     2.000     7   7.0931
     4765     0.00000     0.1510E+02     2.000     6   7.0933
     4766     0.00000     0.4041E+01     2.000     5   7.0941
     4767     0.00000     0.4203E+01     2.000     7   7.0942
     4768     0.00000     0.4360E+01     2.000     7   7.0942
     4769     0.00000     0.4374E+01     2.000     7   7.0943
     4770     0.00000     0.2786E+01     2.000     7   7.0946
     4771     0.00000     0.9323E+01     2.000     7   7.0945
     4772     0.00000     0.2889E+01     2.000     4   7.0951
     4773     0.00000     0.1635E+02     2.000     5   7.0959
     4775     0.00000     0.4919E+01     2.000     7   7.0961
     4776     0.00000     0.4031E+01     2.000     7   7.0966
     4777     0.00000     0.4217E+01     2.000     6   7.0975
     4778     0.00000     0.6226E+01     2.000     7   7.0977
     4779     0.00000     0.8721E+01     2.000     7   7.0981
     4780     0.00000     0.8532E+01     1.000     6   7.0985
     4781     0.00000     0.3848E+01     2.000     7   7.0988
     4782     0.00000     0.7300E+01     2.000     7   7.0985
     4783     0.00000     0.6268E+01     2.000     7   7.0989
     4784     0.00000     0.4669E+01     2.000     7   7.0992
     4785     0.00000     0.2742E+01     2.000     7   7.1000
     4786     0.00000     0.2742E+01     2.000     6   7.1001
     4787     0.00000     0.3060E+02     2.000     7   7.0999
     4788     0.00000     0.4001E+02     2.000     7   7.0999
     4789     0.00000     0.3410E+01     2.000     7   7.1006
     4790     0.00000     0.5588E+01     2.000     7   7.1004
     4791     0.00000     0.2708E+01     2.000     6   7.1009
     4792     0.00000     0.7399E+01     2.000     7   7.1013
     4793     0.00000     0.8956E+01     2.000     7   7.1022
     4794     0.00000     0.3696E+01     2.000     6   7.1022
     4795     0.00000     0.9121E+01     2.000     7   7.1019
     4796     0.00000     0.1235E+02     2.000     7   7.1030
     4797     0.00000     0.4883E+01     2.000     7   7.1030
     4799     0.00000     0.4691E+01     2.000     7   7.1035
     4801     0.00000     0.3393E+01     2.000     7   7.1041
     4803     0.00000     0.5517E+01     2.000     7   7.1043
     4804     0.00000     0.1368E+02     2.000     7   7.1042
     4805     0.00000     0.1060E+02     2.000     7   7.1052
     4806     0.00000     0.4715E+01     2.000     7   7.1055
     4807     0.00000     0.7218E+01     2.000     7   7.1057
     4808     0.00000     0.5649E+01     2.000     6   7.1073
     4809     0.00000     0.4648E+01     2.000     7   7.1074
     4810     0.00000     0.2439E+02     2.000     7   7.1070
     4811     0.00000     0.4520E+01     2.000     5   7.1078
     4812     0.00000     0.9316E+01     2.000     7   7.1078
     4813     0.00000     0.5288E+01     2.000     7   7.1080
     4814     0.00000     0.4129E+01     2.000     7   7.1083
     4815     0.00000     0.9249E+01     2.000     7   7.1085
     4816     0.00000     0.4188E+01     2.000     7   7.1084
     4817     0.00000     0.1642E+02     2.000     7   7.1089
     4821     0.00000     0.8132E+01     2.000     7   7.1115
     4822     0.00000     0.5878E+01     2.000     7   7.1120
     4823     0.00000     0.5571E+01     2.000     7   7.1120
     4824     0.00000     0.2476E+02     2.000     7   7.1129
     4825     0.00000     0.2456E+02     2.000     7   7.1129
     4826     0.00000     0.1065E+02     2.000     5   7.1137
     4827     0.00000     0.6577E+01     1.000     6   7.1139
     4828     0.00000     0.3283E+01     2.000     7   7.1151
     4829     0.00000     0.2432E+02     2.000     6   7.1155
     4830     0.00000     0.6373E+01     2.000     7   7.1153
     4831     0.00000     0.3087E+02     2.000     7   7.1169
     4832     0.00000     0.6004E+02     2.000     7   7.1169
     4834     0.00000     0.7642E+01     2.000     7   7.1186
     4835     0.00000     0.4434E+01     2.000     6   7.1196
     4836     0.00000     0.4949E+01     2.000     7   7.1207
     4837     0.00000     0.4462E+01     2.000     6   7.1205
     4838     0.00000     0.2954E+01     2.000     7   7.1208
     4839     0.00000     0.3718E+01     2.000     7   7.1213
     4841     0.00000     0.5020E+01     2.000     7   7.1218
     4842     0.00000     0.3721E+01     2.000     7   7.1217
     4843     0.00000     0.2934E+01     2.000     7   7.1217
     4844     0.00000     0.4018E+01     2.000     7   7.1217
     4845     0.00000     0.1035E+02     2.000     7   7.1222
     4846     0.00000     0.1706E+02     2.000     7   7.1221
     4847     0.00000     0.3988E+01     2.000     7   7.1222
     4848     0.00000     0.2940E+01     2.000     7   7.1222
     4849     0.00000     0.6089E+01     2.000     7   7.1230
     4850     0.00000     0.7290E+01     2.000     7   7.1230
     4851     0.00000     0.2735E+02     2.000     6   7.1238
     4852     0.00000     0.6081E+01     2.000     7   7.1235
     4853     0.00000     0.5756E+01     2.000     7   7.1235
     4854     0.00000     0.5221E+01     2.000     7   7.1234
     4855     0.00000     0.6182E+01     2.000     7   7.1240
     4856     0.00000     0.4973E+01     2.000     7   7.1244
     4857     0.00000     0.4035E+01     2.000     7   7.1248
     4858     0.00000     0.3324E+01     2.000     6   7.1254
     4859     0.00000     0.1040E+02     2.000     7   7.1257
     4860     0.00000     0.1073E+02     2.000     7   7.1255
     4861     0.00000     0.4983E+01     2.000     7   7.1258
     4862     0.00000     0.3539E+01     2.000     6   7.1263
     4863     0.00000     0.1824E+02     2.000     7   7.1259
     4864     0.00000     0.4980E+01     2.000     7   7.1260
     4865     0.00000     0.2580E+02     2.000     7   7.1259
     4866     0.00000     0.3909E+01     2.000     7   7.1267
     4867     0.00000     0.3903E+01     2.000     7   7.1267
     4868     0.00000     0.4367E+01     2.000     7   7.1280
     4869     0.00000     0.5420E+01     2.000     7   7.1280
     4870     0.00000     0.6280E+01     2.000     7   7.1280
     4871     0.00000     0.6239E+01     2.000     7   7.1285
     4873     0.00000     0.3712E+01     2.000     7   7.1293
     4874     0.00000     0.3707E+01     2.000     7   7.1293
     4875     0.00000     0.6083E+01     2.000     7   7.1294
     4876     0.00000     0.3147E+02     2.000     7   7.1299
     4877     0.00000     0.1435E+02     2.000     7   7.1308
     4878     0.00000     0.2632E+02     2.000     7   7.1308
     4879     0.00000     0.2792E+01     2.000     4   7.1313
     4880     0.00000     0.5076E+01     2.000     7   7.1319
     4881     0.00000     0.1786E+02     1.000     6   7.1325
     4882     0.00000     0.1524E+02     2.000     6   7.1333
     4883     0.00000     0.1273E+02     2.000     6   7.1344
     4884     0.00000     0.3320E+01     2.000     7   7.1343
     4885     0.00000     0.5027E+01     2.000     7   7.1345
     4886     0.00000     0.9897E+01     2.000     7   7.1349
     4887     0.00000     0.3586E+02     2.000     7   7.1347
     4888     0.00000     0.1263E+02     2.000     7   7.1361
     4889     0.00000     0.4026E+01     2.000     7   7.1359
     4890     0.00000     0.5479E+01     2.000     7   7.1360
     4891     0.00000     0.3539E+01     2.000     4   7.1361
     4892     0.00000     0.7260E+01     2.000     7   7.1364
     4893     0.00000     0.3336E+01     2.000     4   7.1367
     4894     0.00000     0.3739E+01     2.000     7   7.1369
     4895     0.00000     0.3473E+01     2.000     7   7.1375
     4896     0.00000     0.4956E+01     2.000     7   7.1377
     4897     0.00000     0.3710E+01     2.000     7   7.1377
     4898     0.00000     0.2691E+01     2.000     6   7.1383
     4899     0.00000     0.1948E+02     2.000     7   7.1383
     4900     0.00000     0.5795E+01     2.000     7   7.1383
     4901     0.00000     0.2776E+01     2.000     4   7.1388
     4902     0.00000     0.6802E+01     2.000     7   7.1390
     4903     0.00000     0.2818E+01     2.000     6   7.1395
     4904     0.00000     0.7288E+01     2.000     7   7.1396
     4905     0.00000     0.9466E+01     2.000     7   7.1402
     4906     0.00000     0.3907E+01     2.000     7   7.1402
     4907     0.00000     0.1849E+02     2.000     7   7.1410
     4908     0.00000     0.2970E+02     2.000     7   7.1410
     4909     0.00000     0.2819E+01     2.000     6   7.1416
     4910     0.00000     0.7379E+01     2.000     7   7.1422
     4911     0.00000     0.5161E+01     2.000     7   7.1423
     4912     0.00000     0.7464E+01     2.000     7   7.1423
     4913     0.00000     0.1007E+02     2.000     7   7.1424
     4915     0.00000     0.1050E+02     2.000     7   7.1438
     4916     0.00000     0.8900E+01     2.000     7   7.1433
     4917     0.00000     0.8517E+01     2.000     7   7.1433
     4918     0.00000     0.4114E+02     2.000     7   7.1435
     4919     0.00000     0.1432E+02     2.000     7   7.1437
     4920     0.00000     0.5317E+01     2.000     7   7.1440
     4921     0.00000     0.6073E+01     2.000     7   7.1449
     4922     0.00000     0.3234E+01     2.000     7   7.1451
     4923     0.00000     0.5086E+01     2.000     7   7.1461
     4924     0.00000     0.2858E+01     2.000     6   7.1460
     4925     0.00000     0.4007E+01     2.000     7   7.1462
     4928     0.00000     0.1868E+02     2.000     7   7.1470
     4929     0.00000     0.1430E+02     2.000     6   7.1474
     4930     0.00000     0.1984E+02     2.000     7   7.1477
     4931     0.00000     0.1563E+02     2.000     7   7.1477
     4932     0.00000     0.2051E+02     2.000     7   7.1477
     4933     0.00000     0.8161E+01     2.000     7   7.1479
     4934     0.00000     0.5330E+01     2.000     7   7.1482
     4935     0.00000     0.3677E+01     2.000     7   7.1482
     4937     0.00000     0.2780E+01     2.000     6   7.1485
     4939     0.00000     0.8241E+01     2.000     7   7.1488
     4941     0.00000     0.3976E+01     2.000     7   7.1496
     4942     0.00000     0.2299E+02     2.000     6   7.1503
     4943     0.00000     0.1413E+02     2.000     7   7.1518
     4944     0.00000     0.6407E+01     2.000     7   7.1525
     4946     0.00000     0.4826E+01     2.000     7   7.1537
     4947     0.00000     0.2177E+02     2.000     7   7.1540
     4948     0.00000     0.2041E+02     2.000     7   7.1540
     4949     0.00000     0.5954E+01     2.000     7   7.1553
     4950     0.00000     0.1311E+02     2.000     7   7.1554
     4951     0.00000     0.5420E+01     2.000     7   7.1568
     4952     0.00000     0.3956E+01     2.000     7   7.1573
     4953     0.00000     0.3120E+01     2.000     6   7.1570
     4954     0.00000     0.2350E+02     2.000     7   7.1572
     4957     0.00000     0.4863E+01     2.000     7   7.1585
     4958     0.00000     0.3731E+01     2.000     7   7.1594
     4960     0.00000     0.6352E+02     2.000     7   7.1605
     4961     0.00000     0.6010E+01     2.000     5   7.1605
     4962     0.00000     0.2744E+01     2.000     7   7.1608
     4963     0.00000     0.3293E+01     2.000     7   7.1605
     4964     0.00000     0.4517E+01     2.000     7   7.1614
     4965     0.00000     0.1119E+02     2.000     7   7.1615
     4966     0.00000     0.1500E+02     2.000     7   7.1620
     4967     0.00000     0.1523E+02     2.000     7   7.1620
     4968     0.00000     0.4363E+01     2.000     7   7.1623
     4969     0.00000     0.5082E+01     2.000     7   7.1621
     4970     0.00000     0.4330E+01     2.000     7   7.1623
     4971     0.00000     0.6548E+01     2.000     7   7.1633
     4972     0.00000     0.4225E+01     2.000     7   7.1638
     4973     0.00000     0.4826E+01     2.000     7   7.1645
     4974     0.00000     0.3127E+01     2.000     7   7.1648
     4975     0.00000     0.9333E+01     2.000     7   7.1652
     4976     0.00000     0.8228E+01     2.000     7   7.1655
     4977     0.00000     0.3329E+01     2.000     7   7.1655
     4978     0.00000     0.3243E+01     1.000     6   7.1657
     4979     0.00000     0.5745E+01     2.000     7   7.1660
     4980     0.00000     0.4236E+01     2.000     6   7.1665
     4982     0.00000     0.7240E+01     2.000     7   7.1669
     4983     0.00000     0.1507E+02     2.000     7   7.1671
     4984     0.00000     0.2317E+02     2.000     7   7.1671
     4985     0.00000     0.2908E+01     2.000     7   7.1681
     4986     0.00000     0.7728E+01     1.000     6   7.1681
     4987     0.00000     0.2723E+01     2.000     7   7.1683
     4989     0.00000     0.5243E+01     2.000     7   7.1696
     4990     0.00000     0.3073E+01     2.000     7   7.1694
     4991     0.00000     0.8214E+01     2.000     7   7.1703
     4992     0.00000     0.2018E+02     2.000     7   7.1710
     4993     0.00000     0.2172E+02     2.000     7   7.1710
     4994     0.00000     0.2679E+02     2.000     7   7.1710
     4995     0.00000     0.1070E+02     2.000     7   7.1715
     4996     0.00000     0.3398E+01     2.000     6   7.1720
     4997     0.00000     0.3133E+01     2.000     7   7.1718
     4999     0.00000     0.4548E+01     2.000     7   7.1726
     5000     0.00000     0.2736E+01     2.000     7   7.1727
     5001     0.00000     0.3503E+01     2.000     7   7.1728
     5002     0.00000     0.1034E+02     2.000     7   7.1729
     5003     0.00000     0.7213E+01     2.000     7   7.1742
     5004     0.00000     0.7553E+01     2.000     7   7.1747
     5005     0.00000     0.8246E+01     2.000     7   7.1745
     5007     0.00000     0.2727E+01     2.000     6   7.1748
     5008     0.00000     0.6146E+01     2.000     7   7.1757
     5009     0.00000     0.4809E+01     2.000     7   7.1757
     5012     0.00000     0.4828E+01     2.000     7   7.1766
     5013     0.00000     0.1060E+02     2.000     7   7.1772
     5014     0.00000     0.8476E+01     2.000     7   7.1771
     5015     0.00000     0.7825E+01     2.000     7   7.1778
     5016     0.00000     0.4714E+01     2.000     7   7.1775
     5017     0.00000     0.7334E+01     2.000     7   7.1778
     5018     0.00000     0.8200E+01     2.000     7   7.1778
     5020     0.00000     0.6176E+01     2.000     6   7.1780
     5021     0.00000     0.4185E+02     2.000     7   7.1782
     5022     0.00000     0.3841E+01     2.000     6   7.1795
     5023     0.00000     0.1014E+02     2.000     7   7.1798
     5024     0.00000     0.4887E+01     2.000     7   7.1804
     5025     0.00000     0.1305E+02     2.000     7   7.1804
     5027     0.00000     0.6720E+01     2.000     7   7.1804
     5028     0.00000     0.3995E+01     2.000     7   7.1805
     5029     0.00000     0.5280E+01     2.000     6   7.1811
     5031     0.00000     0.5608E+01     2.000     7   7.1815
     5032     0.00000     0.3144E+01     2.000     6   7.1834
     5033     0.00000     0.3694E+01     2.000     6   7.1835
     5034     0.00000     0.3234E+01     2.000     7   7.1838
     5035     0.00000     0.2878E+02     2.000     7   7.1841
     5036     0.00000     0.5588E+01     2.000     7   7.1847
     5037     0.00000     0.4096E+01     2.000     7   7.1849
     5038     0.00000     0.7955E+01     2.000     7   7.1848
     5039     0.00000     0.7291E+01     2.000     6   7.1850
     5040     0.00000     0.4636E+01     2.000     7   7.1857
     5041     0.00000     0.3122E+01     2.000     7   7.1863
     5042     0.00000     0.8803E+01     2.000     7   7.1867
     5043     0.00000     0.6360E+01     2.000     7   7.1870
     5044     0.00000     0.3357E+01     2.000     6   7.1871
     5045     0.00000     0.5840E+01     2.000     7   7.1875
     5047     0.00000     0.1755E+02     2.000     7   7.1888
     5048     0.00000     0.3312E+01     2.000     6   7.1892
     5049     0.00000     0.4722E+01     2.000     7   7.1894
     5050     0.00000     0.3119E+01     2.000     6   7.1897
     5051     0.00000     0.4227E+01     2.000     6   7.1898
     5052     0.00000     0.3085E+01     2.000     7   7.1904
     5053     0.00000     0.4496E+01     2.000     7   7.1920
     5054     0.00000     0.7806E+01     2.000     7   7.1929
     5055     0.00000     0.1272E+02     2.000     7   7.1937
     5056     0.00000     0.2771E+01     2.000     7   7.1942
     5057     0.00000     0.3001E+01     2.000     6   7.1942
     5058     0.00000     0.4193E+01     2.000     7   7.1945
     5059     0.00000     0.1339E+02     2.000     7   7.1945
     5060     0.00000     0.1298E+02     2.000     7   7.1943
     5061     0.00000     0.3068E+01     2.000     7   7.1941
     5062     0.00000     0.6978E+01     2.000     7   7.1959
     5063     0.00000     0.6403E+01     2.000     7   7.1959
     5064     0.00000     0.3709E+01     2.000     7   7.1959
     5065     0.00000     0.3359E+01     2.000     6   7.1966
     5066     0.00000     0.1029E+02     2.000     7   7.1961
     5068     0.00000     0.7072E+01     2.000     7   7.1971
     5069     0.00000     0.3818E+01     2.000     7   7.1967
     5071     0.00000     0.8965E+01     2.000     7   7.1977
     5072     0.00000     0.8581E+01     2.000     7   7.1977
     5073     0.00000     0.2971E+01     2.000     7   7.1983
     5074     0.00000     0.2961E+01     2.000     7   7.1987
     5075     0.00000     0.4292E+01     2.000     7   7.1994
     5076     0.00000     0.4259E+01     2.000     7   7.1994
     5077     0.00000     0.4784E+01     2.000     7   7.2001
     5078     0.00000     0.5250E+01     2.000     6   7.2006
     5079     0.00000     0.2977E+01     2.000     7   7.2004
     5081     0.00000     0.2271E+02     2.000     6   7.2008
     5084     0.00000     0.1954E+02     2.000     7   7.2018
     5085     0.00000     0.1141E+02     2.000     7   7.2018
     5086     0.00000     0.3530E+01     2.000     7   7.2025
     5087     0.00000     0.1367E+02     2.000     7   7.2023
     5089     0.00000     0.4972E+01     2.000     7   7.2033
     5090     0.00000     0.3055E+01     2.000     7   7.2038
     5092     0.00000     0.8541E+01     2.000     7   7.2049
     5094     0.00000     0.4825E+01     2.000     7   7.2055
     5095     0.00000     0.3652E+01     2.000     7   7.2061
     5096     0.00000     0.4750E+01     2.000     7   7.2058
     5097     0.00000     0.3010E+01     2.000     6   7.2069
     5098     0.00000     0.3549E+01     2.000     7   7.2070
     5099     0.00000     0.3651E+01     2.000     7   7.2070
     5100     0.00000     0.3042E+01     2.000     6   7.2079
     5101     0.00000     0.3308E+01     2.000     7   7.2088
     5102     0.00000     0.9674E+01     2.000     7   7.2112
     5103     0.00000     0.6712E+01     2.000     7   7.2108
     5104     0.00000     0.3147E+01     2.000     7   7.2117
     5105     0.00000     0.6836E+01     2.000     7   7.2115
     5106     0.00000     0.7252E+01     2.000     7   7.2114
     5107     0.00000     0.3010E+01     2.000     4   7.2127
     5108     0.00000     0.4354E+01     2.000     7   7.2137
     5109     0.00000     0.9853E+01     2.000     7   7.2147
     5110     0.00000     0.7797E+01     2.000     7   7.2153
     5111     0.00000     0.6332E+01     2.000     7   7.2151
     5112     0.00000     0.4902E+01     2.000     6   7.2173
     5113     0.00000     0.1502E+02     2.000     7   7.2173
     5114     0.00000     0.2945E+01     2.000     7   7.2177
     5116     0.00000     0.4162E+01     2.000     7   7.2183
     5117     0.00000     0.1049E+02     2.000     7   7.2186
     5118     0.00000     0.4109E+01     2.000     7   7.2192
     5119     0.00000     0.3559E+02     2.000     7   7.2205
     5120     0.00000     0.5007E+01     2.000     5   7.2211
     5121     0.00000     0.3201E+01     2.000     6   7.2222
     5122     0.00000     0.3975E+01     2.000     7   7.2224
     5124     0.00000     0.1209E+02     2.000     7   7.2234
     5125     0.00000     0.3738E+01     2.000     7   7.2232
     5128     0.00000     0.6612E+01     2.000     7   7.2245
     5129     0.00000     0.3064E+01     2.000     5   7.2251
     5130     0.00000     0.3374E+01     2.000     7   7.2254
     5131     0.00000     0.6310E+01     2.000     7   7.2258
     5132     0.00000     0.3856E+01     2.000     7   7.2257
     5133     0.00000     0.4276E+01     2.000     7   7.2258
     5135     0.00000     0.6730E+01     2.000     6   7.2267
     5136     0.00000     0.4505E+01     2.000     5   7.2267
     5137     0.00000     0.6702E+01     2.000     7   7.2266
     5138     0.00000     0.3667E+01     2.000     7   7.2266
     5139     0.00000     0.5356E+01     2.000     7   7.2269
     5140     0.00000     0.4759E+01     2.000     7   7.2273
     5141     0.00000     0.4571E+01     2.000     7   7.2273
     5142     0.00000     0.5478E+01     2.000     7   7.2271
     5143     0.00000     0.8192E+01     2.000     7   7.2273
     5144     0.00000     0.3118E+01     2.000     6   7.2276
     5145     0.00000     0.3347E+01     2.000     7   7.2277
     5146     0.00000     0.6704E+01     2.000     7   7.2281
     5148     0.00000     0.5033E+01     2.000     7   7.2288
     5149     0.00000     0.5939E+01     2.000     6   7.2289
     5151     0.00000     0.4382E+01     2.000     7   7.2292
     5152     0.00000     0.4332E+01     2.000     7   7.2293
     5153     0.00000     0.5538E+01     2.000     7   7.2302
     5154     0.00000     0.2731E+01     2.000     7   7.2306
     5156     0.00000     0.3499E+01     2.000     7   7.2321
     5157     0.00000     0.1633E+02     2.000     7   7.2328
     5158     0.00000     0.3134E+01     2.000     6   7.2340
     5159     0.00000     0.9751E+01     2.000     7   7.2345
     5160     0.00000     0.5798E+01     2.000     7   7.2347
     5163     0.00000     0.2962E+01     2.000     6   7.2354
     5164     0.00000     0.6202E+01     2.000     5   7.2365
     5166     0.00000     0.2695E+01     2.000     7   7.2365
     5167     0.00000     0.2681E+01     2.000     7   7.2366
     5168     0.00000     0.1697E+02     2.000     7   7.2376
     5169     0.00000     0.5179E+02     2.000     7   7.2375
     5171     0.00000     0.3379E+01     2.000     7   7.2377
     5172     0.00000     0.5545E+01     2.000     7   7.2378
     5173     0.00000     0.3544E+01     2.000     5   7.2397
     5174     0.00000     0.9518E+01     2.000     7   7.2396
     5175     0.00000     0.6868E+01     2.000     7   7.2398
     5177     0.00000     0.5072E+01     2.000     7   7.2403
     5178     0.00000     0.6397E+01     2.000     7   7.2413
     5179     0.00000     0.6309E+01     2.000     5   7.2409
     5180     0.00000     0.4077E+01     2.000     7   7.2408
     5181     0.00000     0.3082E+01     2.000     6   7.2415
     5182     0.00000     0.2754E+01     2.000     6   7.2415
     5183     0.00000     0.3997E+01     2.000     7   7.2419
     5184     0.00000     0.5155E+01     2.000     6   7.2425
     5185     0.00000     0.2825E+01     2.000     6   7.2441
     5188     0.00000     0.1059E+02     2.000     7   7.2441
     5189     0.00000     0.3372E+01     2.000     6   7.2443
     5191     0.00000     0.7643E+01     2.000     7   7.2456
     5192     0.00000     0.7766E+01     2.000     7   7.2456
     5193     0.00000     0.7047E+01     2.000     7   7.2454
     5194     0.00000     0.6652E+01     2.000     7   7.2454
     5195     0.00000     0.2845E+01     2.000     7   7.2462
     5196     0.00000     0.2857E+01     2.000     7   7.2462
     5197     0.00000     0.4774E+01     2.000     7   7.2465
     5198     0.00000     0.3718E+01     2.000     7   7.2464
     5201     0.00000     0.3002E+01     2.000     7   7.2474
     5202     0.00000     0.5168E+01     2.000     7   7.2479
     5203     0.00000     0.2803E+01     2.000     6   7.2485
     5204     0.00000     0.3029E+01     2.000     6   7.2491
     5205     0.00000     0.3322E+01     2.000     7   7.2498
     5206     0.00000     0.1084E+02     2.000     7   7.2499
     5207     0.00000     0.2912E+01     2.000     7   7.2498
     5208     0.00000     0.2886E+01     2.000     7   7.2503
     5210     0.00000     0.1018E+02     2.000     7   7.2508
     5211     0.00000     0.7418E+01     2.000     6   7.2511
     5214     0.00000     0.4175E+01     2.000     5   7.2522
     5215     0.00000     0.7676E+01     2.000     6   7.2528
     5216     0.00000     0.4420E+01     2.000     7   7.2525
     5218     0.00000     0.3207E+01     2.000     6   7.2539
     5219     0.00000     0.3380E+01     2.000     7   7.2536
     5220     0.00000     0.7010E+01     2.000     7   7.2549
     5221     0.00000     0.1395E+02     2.000     6   7.2550
     5223     0.00000     0.4335E+01     2.000     7   7.2550
     5224     0.00000     0.3272E+02     2.000     7   7.2552
     5225     0.00000     0.4079E+01     2.000     7   7.2555
     5226     0.00000     0.4075E+01     2.000     7   7.2555
     5227     0.00000     0.2694E+01     2.000     7   7.2559
     5228     0.00000     0.2702E+01     2.000     7   7.2559
     5229     0.00000     0.4128E+01     2.000     7   7.2558
     5230     0.00000     0.5670E+01     2.000     7   7.2563
     5231     0.00000     0.3351E+02     2.000     7   7.2563
     5232     0.00000     0.9016E+01     2.000     7   7.2569
     5233     0.00000     0.5924E+01     2.000     7   7.2580
     5234     0.00000     0.3439E+01     2.000     5   7.2580
     5235     0.00000     0.4543E+01     2.000     5   7.2580
     5236     0.00000     0.1217E+02     2.000     6   7.2582
     5237     0.00000     0.5877E+01     2.000     7   7.2584
     5238     0.00000     0.4107E+01     2.000     7   7.2589
     5239     0.00000     0.6160E+01     2.000     7   7.2591
     5242     0.00000     0.4459E+01     2.000     6   7.2603
     5243     0.00000     0.4146E+01     2.000     6   7.2609
     5244     0.00000     0.4331E+01     2.000     6   7.2610
     5245     0.00000     0.3576E+01     2.000     4   7.2617
     5246     0.00000     0.3976E+01     2.000     7   7.2625
     5248     0.00000     0.4740E+01     2.000     7   7.2622
     5249     0.00000     0.1156E+02     2.000     7   7.2631
     5250     0.00000     0.4335E+01     2.000     7   7.2642
     5251     0.00000     0.3921E+01     2.000     7   7.2642
     5252     0.00000     0.4091E+01     2.000     7   7.2642
     5253     0.00000     0.3768E+01     2.000     6   7.2655
     5254     0.00000     0.4415E+01     2.000     7   7.2654
     5255     0.00000     0.1335E+02     2.000     7   7.2657
     5256     0.00000     0.3100E+01     2.000     5   7.2665
     5257     0.00000     0.5091E+01     2.000     7   7.2665
     5259     0.00000     0.3063E+01     2.000     7   7.2668
     5261     0.00000     0.3058E+01     2.000     7   7.2673
     5262     0.00000     0.3112E+01     2.000     6   7.2687
     5263     0.00000     0.3778E+01     2.000     7   7.2682
     5264     0.00000     0.4703E+01     2.000     7   7.2687
     5267     0.00000     0.3017E+02     2.000     7   7.2694
     5268     0.00000     0.4669E+01     2.000     7   7.2701
     5269     0.00000     0.4168E+01     2.000     7   7.2707
     5270     0.00000     0.8906E+01     2.000     7   7.2706
     5271     0.00000     0.3254E+01     2.000     7   7.2710
     5272     0.00000     0.7290E+01     2.000     7   7.2720
     5273     0.00000     0.3311E+01     2.000     7   7.2720
     5274     0.00000     0.3220E+01     2.000     7   7.2720
     5275     0.00000     0.9043E+01     2.000     6   7.2726
     5276     0.00000     0.1647E+02     2.000     7   7.2726
     5277     0.00000     0.3454E+01     2.000     4   7.2731
     5279     0.00000     0.4330E+01     2.000     6   7.2747
     5281     0.00000     0.2180E+02     2.000     7   7.2746
     5282     0.00000     0.5020E+01     2.000     7   7.2753
     5284     0.00000     0.3790E+01     2.000     7   7.2762
     5285     0.00000     0.4546E+01     2.000     6   7.2773
     5287     0.00000     0.3744E+01     2.000     7   7.2770
     5288     0.00000     0.4621E+01     2.000     7   7.2776
     5293     0.00000     0.6566E+01     2.000     7   7.2783
     5294     0.00000     0.2966E+01     2.000     7   7.2783
     5295     0.00000     0.4628E+01     2.000     7   7.2781
     5296     0.00000     0.4561E+01     2.000     6   7.2784
     5297     0.00000     0.6187E+01     2.000     7   7.2791
     5302     0.00000     0.5084E+01     2.000     7   7.2807
     5303     0.00000     0.1151E+02     2.000     7   7.2811
     5304     0.00000     0.3060E+01     2.000     6   7.2817
     5305     0.00000     0.5898E+01     2.000     7   7.2818
     5307     0.00000     0.4550E+01     2.000     7   7.2826
     5308     0.00000     0.2814E+01     2.000     6   7.2833
     5310     0.00000     0.5824E+01     2.000     6   7.2839
     5311     0.00000     0.5803E+01     2.000     6   7.2839
     5312     0.00000     0.2950E+01     2.000     7   7.2846
     5313     0.00000     0.2941E+01     2.000     7   7.2851
     5314     0.00000     0.3974E+01     2.000     5   7.2857
     5315     0.00000     0.2923E+01     2.000     5   7.2859
     5316     0.00000     0.6497E+01     2.000     7   7.2858
     5317     0.00000     0.2679E+01     2.000     3   7.2866
     5318     0.00000     0.4328E+01     2.000     6   7.2868
     5320     0.00000     0.4019E+01     2.000     7   7.2877
     5321     0.00000     0.4839E+01     2.000     7   7.2875
     5322     0.00000     0.5294E+01     2.000     7   7.2884
     5323     0.00000     0.1758E+02     2.000     7   7.2900
     5324     0.00000     0.5087E+01     2.000     7   7.2898
     5325     0.00000     0.1609E+02     2.000     7   7.2904
     5326     0.00000     0.5622E+01     2.000     5   7.2914
     5327     0.00000     0.3912E+01     2.000     7   7.2914
     5328     0.00000     0.3839E+01     2.000     7   7.2914
     5329     0.00000     0.3192E+02     2.000     7   7.2916
     5330     0.00000     0.5727E+01     2.000     7   7.2921
     5331     0.00000     0.7591E+01     2.000     7   7.2935
     5332     0.00000     0.3120E+01     2.000     4   7.2940
     5333     0.00000     0.3748E+01     2.000     7   7.2944
     5334     0.00000     0.2836E+01     2.000     7   7.2946
     5335     0.00000     0.3024E+01     2.000     6   7.2948
     5336     0.00000     0.3963E+01     2.000     7   7.2953
     5337     0.00000     0.7293E+01     2.000     7   7.2965
     5338     0.00000     0.1228E+02     2.000     7   7.2963
     5339     0.00000     0.3718E+01     2.000     7   7.2978
     5340     0.00000     0.7349E+01     2.000     7   7.2981
     5341     0.00000     0.7906E+01     2.000     7   7.2987
     5342     0.00000     0.7634E+01     2.000     7   7.2987
     5343     0.00000     0.2996E+01     2.000     6   7.2995
     5344     0.00000     0.8135E+01     2.000     7   7.2994
     5345     0.00000     0.5057E+01     2.000     7   7.3013
     5346     0.00000     0.1548E+02     2.000     7   7.3013
     5347     0.00000     0.3087E+01     2.000     7   7.3013
     5348     0.00000     0.3080E+01     2.000     7   7.3024
     5349     0.00000     0.9340E+01     2.000     7   7.3028
     5350     0.00000     0.4480E+01     2.000     7   7.3033
     5351     0.00000     0.4922E+01     2.000     7   7.3035
     5352     0.00000     0.5039E+01     2.000     7   7.3041
     5354     0.00000     0.3198E+01     2.000     7   7.3052
     5355     0.00000     0.7524E+01     2.000     6   7.3058
     5357     0.00000     0.5628E+01     2.000     7   7.3063
     5358     0.00000     0.1588E+02     2.000     7   7.3071
     5359     0.00000     0.4816E+01     2.000     7   7.3092
     5360     0.00000     0.6038E+01     2.000     7   7.3087
     5361     0.00000     0.1995E+02     2.000     7   7.3094
     5362     0.00000     0.7125E+01     2.000     7   7.3100
     5363     0.00000     0.5866E+01     2.000     7   7.3100
     5364     0.00000     0.8191E+01     2.000     7   7.3111
     5365     0.00000     0.7820E+01     2.000     7   7.3111
     5366     0.00000     0.2682E+01     2.000     7   7.3112
     5370     0.00000     0.4815E+01     2.000     7   7.3126
     5371     0.00000     0.4627E+01     2.000     7   7.3132
     5372     0.00000     0.2752E+01     2.000     6   7.3140
     5374     0.00000     0.4464E+01     2.000     7   7.3138
     5375     0.00000     0.5262E+01     2.000     7   7.3143
     5376     0.00000     0.5087E+01     2.000     7   7.3143
     5377     0.00000     0.3343E+01     2.000     6   7.3151
     5378     0.00000     0.9884E+01     2.000     7   7.3151
     5379     0.00000     0.3642E+01     2.000     5   7.3157
     5380     0.00000     0.6818E+01     2.000     7   7.3155
     5382     0.00000     0.5522E+01     2.000     7   7.3155
     5383     0.00000     0.3187E+01     2.000     7   7.3158
     5384     0.00000     0.4846E+01     2.000     7   7.3160
     5385     0.00000     0.4983E+01     2.000     7   7.3160
     5386     0.00000     0.4928E+01     2.000     7   7.3167
     5387     0.00000     0.3900E+01     2.000     7   7.3176
     5388     0.00000     0.4139E+01     2.000     7   7.3176
     5389     0.00000     0.4343E+01     2.000     7   7.3177
     5390     0.00000     0.6512E+01     2.000     7   7.3183
     5391     0.00000     0.4290E+01     2.000     7   7.3194
     5392     0.00000     0.3004E+01     2.000     4   7.3216
     5394     0.00000     0.3643E+01     2.000     7   7.3222
     5395     0.00000     0.3647E+01     2.000     7   7.3222
     5396     0.00000     0.4091E+01     2.000     5   7.3227
     5397     0.00000     0.5651E+01     2.000     7   7.3228
     5398     0.00000     0.3353E+01     2.000     7   7.3232
     5400     0.00000     0.5917E+01     2.000     7   7.3228
     5401     0.00000     0.3769E+01     2.000     4   7.3243
     5402     0.00000     0.3467E+01     2.000     7   7.3238
     5403     0.00000     0.6381E+01     2.000     7   7.3240
     5404     0.00000     0.4817E+01     2.000     7   7.3248
     5405     0.00000     0.3480E+01     2.000     7   7.3246
     5406     0.00000     0.3958E+01     2.000     7   7.3250
     5407     0.00000     0.6293E+01     2.000     7   7.3251
     5408     0.00000     0.8865E+01     2.000     6   7.3270
     5411     0.00000     0.3444E+01     2.000     6   7.3306
     5412     0.00000     0.8263E+01     2.000     7   7.3319
     5413     0.00000     0.4699E+01     2.000     5   7.3317
     5414     0.00000     0.3303E+01     2.000     7   7.3320
     5415     0.00000     0.3771E+01     2.000     4   7.3327
     5417     0.00000     0.6908E+01     2.000     7   7.3329
     5418     0.00000     0.7144E+01     2.000     7   7.3329
     5419     0.00000     0.4355E+01     2.000     7   7.3328
     5420     0.00000     0.3987E+01     2.000     7   7.3335
     5421     0.00000     0.2939E+01     2.000     5   7.3348
     5422     0.00000     0.4570E+01     2.000     7   7.3361
     5423     0.00000     0.6563E+01     2.000     7   7.3375
     5424     0.00000     0.4085E+01     2.000     7   7.3377
     5425     0.00000     0.4095E+01     2.000     6   7.3383
     5426     0.00000     0.5767E+01     2.000     7   7.3385
     5427     0.00000     0.3431E+01     2.000     6   7.3388
     5428     0.00000     0.4064E+01     2.000     7   7.3399
     5429     0.00000     0.4249E+01     2.000     7   7.3399
     5430     0.00000     0.3706E+01     2.000     7   7.3401
     5431     0.00000     0.3128E+01     2.000     7   7.3408
     5432     0.00000     0.2718E+01     2.000     7   7.3408
     5433     0.00000     0.4756E+01     2.000     7   7.3415
     5434     0.00000     0.3397E+01     2.000     6   7.3422
     5436     0.00000     0.3314E+01     2.000     6   7.3427
     5437     0.00000     0.5983E+01     2.000     7   7.3431
     5438     0.00000     0.3314E+01     2.000     7   7.3435
     5439     0.00000     0.6841E+01     2.000     7   7.3443
     5440     0.00000     0.4379E+01     2.000     7   7.3456
     5442     0.00000     0.4831E+01     2.000     7   7.3456
     5445     0.00000     0.3489E+01     2.000     7   7.3486
     5446     0.00000     0.3511E+01     2.000     6   7.3490
     5447     0.00000     0.6251E+01     2.000     7   7.3489
     5448     0.00000     0.7898E+01     2.000     7   7.3489
     5449     0.00000     0.4565E+01     2.000     5   7.3495
     5450     0.00000     0.5556E+01     2.000     6   7.3503
     5451     0.00000     0.5081E+01     2.000     7   7.3503
     5452     0.00000     0.3149E+01     2.000     7   7.3502
     5454     0.00000     0.5022E+01     2.000     6   7.3519
     5455     0.00000     0.7202E+01     2.000     7   7.3526
     5456     0.00000     0.4730E+01     2.000     7   7.3524
     5457     0.00000     0.4709E+01     2.000     7   7.3524
     5459     0.00000     0.5096E+01     2.000     7   7.3532
     5460     0.00000     0.3472E+01     2.000     5   7.3541
     5461     0.00000     0.4419E+01     2.000     7   7.3543
     5462     0.00000     0.3471E+01     2.000     7   7.3549
     5463     0.00000     0.3166E+01     2.000     7   7.3551
     5464     0.00000     0.4189E+01     2.000     7   7.3552
     5465     0.00000     0.6575E+01     2.000     7   7.3556
     5466     0.00000     0.4384E+01     2.000     7   7.3552
     5468     0.00000     0.7026E+01     2.000     5   7.3561
     5469     0.00000     0.4541E+01     2.000     7   7.3566
     5470     0.00000     0.3066E+01     2.000     7   7.3562
     5472     0.00000     0.2850E+01     2.000     5   7.3579
     5474     0.00000     0.5538E+01     2.000     7   7.3577
     5475     0.00000     0.6540E+01     2.000     7   7.3585
     5476     0.00000     0.6411E+01     2.000     5   7.3593
     5477     0.00000     0.4331E+01     2.000     7   7.3616
     5478     0.00000     0.5459E+01     2.000     7   7.3619
     5479     0.00000     0.5050E+01     2.000     7   7.3627
     5480     0.00000     0.6323E+01     2.000     7   7.3636
     5481     0.00000     0.4383E+01     2.000     6   7.3642
     5482     0.00000     0.1093E+02     2.000     7   7.3641
     5483     0.00000     0.1220E+02     2.000     7   7.3641
     5484     0.00000     0.4227E+01     2.000     7   7.3649
     5485     0.00000     0.4371E+01     2.000     7   7.3649
     5487     0.00000     0.4362E+01     2.000     7   7.3658
     5488     0.00000     0.4468E+01     2.000     7   7.3662
     5489     0.00000     0.6217E+01     2.000     6   7.3666
     5490     0.00000     0.5366E+01     2.000     6   7.3666
     5491     0.00000     0.1146E+02     2.000     7   7.3666
     5493     0.00000     0.9195E+01     2.000     7   7.3673
     5494     0.00000     0.3034E+01     2.000     6   7.3674
     5495     0.00000     0.3821E+01     2.000     7   7.3674
     5496     0.00000     0.3851E+01     2.000     7   7.3674
     5497     0.00000     0.3069E+01     2.000     7   7.3675
     5499     0.00000     0.3058E+01     2.000     7   7.3680
     5500     0.00000     0.2889E+01     2.000     4   7.3688
     5501     0.00000     0.7993E+01     2.000     5   7.3686
     5502     0.00000     0.1102E+02     2.000     7   7.3691
     5503     0.00000     0.4123E+01     2.000     7   7.3695
     5504     0.00000     0.3209E+01     2.000     7   7.3701
     5505     0.00000     0.5997E+01     2.000     7   7.3705
     5506     0.00000     0.1408E+02     2.000     7   7.3710
     5508     0.00000     0.6380E+01     2.000     7   7.3714
     5510     0.00000     0.6526E+01     2.000     7   7.3725
     5511     0.00000     0.6549E+01     2.000     7   7.3725
     5512     0.00000     0.6142E+01     2.000     7   7.3725
     5513     0.00000     0.6744E+01     2.000     7   7.3731
     5514     0.00000     0.7135E+01     2.000     6   7.3744
     5515     0.00000     0.3835E+01     2.000     4   7.3745
     5517     0.00000     0.1234E+02     2.000     7   7.3746
     5518     0.00000     0.3896E+01     2.000     7   7.3753
     5519     0.00000     0.6768E+01     2.000     7   7.3749
     5520     0.00000     0.9685E+01     2.000     6   7.3757
     5522     0.00000     0.2899E+01     2.000     6   7.3760
     5523     0.00000     0.3869E+02     2.000     7   7.3769
     5524     0.00000     0.4181E+01     2.000     5   7.3774
     5525     0.00000     0.3217E+01     1.000     6   7.3781
     5527     0.00000     0.4360E+01     2.000     7   7.3782
     5528     0.00000     0.2683E+01     2.000     7   7.3782
     5529     0.00000     0.4401E+01     2.000     5   7.3787
     5530     0.00000     0.8124E+01     2.000     7   7.3789
     5531     0.00000     0.6273E+01     2.000     7   7.3787
     5532     0.00000     0.2714E+01     2.000     5   7.3791
     5534     0.00000     0.1304E+02     2.000     6   7.3804
     5536     0.00000     0.4284E+01     2.000     5   7.3810
     5537     0.00000     0.4271E+01     2.000     7   7.3814
     5538     0.00000     0.4753E+01     2.000     5   7.3819
     5539     0.00000     0.4266E+01     2.000     6   7.3816
     5540     0.00000     0.3376E+01     2.000     6   7.3822
     5542     0.00000     0.4381E+01     2.000     5   7.3830
     5543     0.00000     0.8575E+01     2.000     7   7.3833
     5544     0.00000     0.3318E+01     2.000     7   7.3832
     5545     0.00000     0.1164E+02     2.000     6   7.3836
     5547     0.00000     0.8690E+01     2.000     7   7.3840
     5548     0.00000     0.3144E+01     2.000     6   7.3842
     5549     0.00000     0.4205E+01     2.000     7   7.3843
     5550     0.00000     0.5363E+01     2.000     7   7.3850
     5551     0.00000     0.8974E+01     2.000     7   7.3854
     5552     0.00000     0.5048E+01     2.000     6   7.3858
     5553     0.00000     0.7654E+01     2.000     6   7.3857
     5554     0.00000     0.5802E+01     2.000     7   7.3860
     5555     0.00000     0.4362E+01     2.000     7   7.3860
     5557     0.00000     0.7390E+01     2.000     6   7.3867
     5558     0.00000     0.4057E+01     2.000     6   7.3875
     5559     0.00000     0.1150E+02     2.000     6   7.3872
     5560     0.00000     0.7792E+01     2.000     6   7.3873
     5561     0.00000     0.5995E+01     2.000     7   7.3871
     5562     0.00000     0.7488E+01     2.000     7   7.3871
     5564     0.00000     0.1144E+02     2.000     7   7.3877
     5565     0.00000     0.3292E+01     2.000     7   7.3882
     5567     0.00000     0.1225E+02     2.000     7   7.3893
     5568     0.00000     0.9127E+01     2.000     7   7.3892
     5569     0.00000     0.3572E+01     2.000     7   7.3903
     5570     0.00000     0.4353E+01     2.000     7   7.3903
     5571     0.00000     0.4597E+01     2.000     7   7.3903
     5573     0.00000     0.3934E+01     2.000     7   7.3910
     5574     0.00000     0.4140E+01     2.000     7   7.3910
     5576     0.00000     0.5247E+01     2.000     7   7.3918
     5577     0.00000     0.1544E+02     2.000     6   7.3927
     5578     0.00000     0.1050E+02     2.000     7   7.3940
     5580     0.00000     0.4637E+01     2.000     7   7.3938
     5581     0.00000     0.3197E+01     2.000     6   7.3954
     5582     0.00000     0.4191E+01     2.000     7   7.3955
     5583     0.00000     0.5089E+01     2.000     7   7.3967
     5584     0.00000     0.6563E+01     2.000     6   7.3978
     5586     0.00000     0.5630E+01     2.000     5   7.3985
     5587     0.00000     0.1925E+02     2.000     7   7.4001
     5588     0.00000     0.1130E+02     2.000     6   7.4004
     5589     0.00000     0.7320E+01     2.000     6   7.4014
     5590     0.00000     0.8834E+01     2.000     6   7.4025
     5591     0.00000     0.4428E+01     2.000     5   7.4026
     5592     0.00000     0.4970E+01     2.000     7   7.4035
     5593     0.00000     0.3528E+01     2.000     7   7.4037
     5594     0.00000     0.1453E+02     2.000     7   7.4040
     5595     0.00000     0.3471E+01     2.000     7   7.4037
     5596     0.00000     0.3489E+01     2.000     4   7.4045
     5597     0.00000     0.4320E+01     2.000     6   7.4073
     5598     0.00000     0.4084E+01     2.000     7   7.4085
     5599     0.00000     0.3177E+01     2.000     7   7.4090
     5600     0.00000     0.2852E+01     2.000     5   7.4090
     5601     0.00000     0.3342E+01     2.000     4   7.4097
     5602     0.00000     0.6661E+01     2.000     7   7.4095
     5603     0.00000     0.3595E+01     2.000     7   7.4095
     5604     0.00000     0.3431E+01     2.000     7   7.4101
     5605     0.00000     0.1074E+02     2.000     6   7.4105
     5606     0.00000     0.5437E+01     2.000     6   7.4107
     5607     0.00000     0.4414E+01     2.000     6   7.4107
     5608     0.00000     0.4020E+01     2.000     7   7.4106
     5609     0.00000     0.3984E+01     2.000     7   7.4106
     5610     0.00000     0.1769E+02     2.000     7   7.4110
     5611     0.00000     0.6223E+01     2.000     6   7.4115
     5612     0.00000     0.2092E+02     2.000     7   7.4116
     5614     0.00000     0.4125E+01     2.000     7   7.4121
     5615     0.00000     0.4065E+01     2.000     7   7.4121
     5617     0.00000     0.2673E+01     2.000     5   7.4124
     5618     0.00000     0.1400E+02     2.000     7   7.4130
     5619     0.00000     0.7151E+01     2.000     7   7.4128
     5620     0.00000     0.5682E+01     2.000     7   7.4136
     5621     0.00000     0.7355E+01     2.000     7   7.4133
     5622     0.00000     0.4411E+01     2.000     7   7.4139
     5623     0.00000     0.4637E+01     2.000     7   7.4138
     5624     0.00000     0.1337E+02     2.000     7   7.4146
     5625     0.00000     0.5625E+01     2.000     6   7.4148
     5626     0.00000     0.4400E+01     2.000     7   7.4151
     5627     0.00000     0.4075E+01     2.000     6   7.4167
     5628     0.00000     0.2702E+01     2.000     5   7.4167
     5629     0.00000     0.2993E+02     2.000     7   7.4171
     5630     0.00000     0.9731E+01     2.000     7   7.4175
     5631     0.00000     0.2782E+01     2.000     6   7.4179
     5632     0.00000     0.3219E+01     2.000     7   7.4198
     5633     0.00000     0.4662E+01     2.000     7   7.4201
     5634     0.00000     0.2907E+02     2.000     7   7.4207
     5635     0.00000     0.2980E+01     2.000     5   7.4211
     5636     0.00000     0.3339E+01     2.000     6   7.4227
     5637     0.00000     0.1754E+02     2.000     7   7.4233
     5639     0.00000     0.3100E+01     2.000     6   7.4235
     5640     0.00000     0.3148E+01     2.000     6   7.4235
     5641     0.00000     0.4262E+01     2.000     7   7.4235
     5642     0.00000     0.4118E+01     2.000     7   7.4235
     5643     0.00000     0.4141E+01     2.000     7   7.4235
     5645     0.00000     0.2979E+01     2.000     7   7.4242
     5646     0.00000     0.4717E+01     2.000     7   7.4240
     5647     0.00000     0.3927E+01     2.000     7   7.4246
     5649     0.00000     0.2860E+01     2.000     7   7.4257
     5650     0.00000     0.4703E+01     2.000     5   7.4260
     5651     0.00000     0.4160E+01     2.000     5   7.4265
     5652     0.00000     0.7767E+01     2.000     7   7.4265
     5654     0.00000     0.3719E+01     2.000     6   7.4276
     5656     0.00000     0.1192E+02     2.000     7   7.4289
     5657     0.00000     0.1101E+02     2.000     7   7.4288
     5658     0.00000     0.3099E+01     2.000     5   7.4293
     5659     0.00000     0.3091E+01     2.000     5   7.4293
     5660     0.00000     0.9955E+01     2.000     7   7.4291
     5661     0.00000     0.7939E+01     2.000     7   7.4290
     5662     0.00000     0.2734E+01     2.000     5   7.4304
     5663     0.00000     0.7332E+01     2.000     6   7.4306
     5665     0.00000     0.3527E+01     1.000     6   7.4313
     5666     0.00000     0.4875E+01     2.000     7   7.4313
     5667     0.00000     0.9960E+01     2.000     7   7.4313
     5668     0.00000     0.5046E+01     2.000     6   7.4319
     5669     0.00000     0.7791E+01     2.000     7   7.4320
     5671     0.00000     0.3520E+01     2.000     7   7.4331
     5673     0.00000     0.3792E+01     2.000     7   7.4331
     5675     0.00000     0.6273E+01     2.000     6   7.4343
     5676     0.00000     0.4698E+01     2.000     6   7.4341
     5677     0.00000     0.1478E+02     2.000     7   7.4345
     5678     0.00000     0.1013E+02     2.000     7   7.4343
     5679     0.00000     0.1982E+02     2.000     7   7.4349
     5680     0.00000     0.7421E+01     2.000     7   7.4383
     5682     0.00000     0.3993E+01     2.000     6   7.4407
     5683     0.00000     0.4273E+01     2.000     7   7.4406
     5685     0.00000     0.4859E+01     2.000     5   7.4422
     5686     0.00000     0.4209E+01     2.000     6   7.4426
     5687     0.00000     0.6170E+01     2.000     6   7.4426
     5688     0.00000     0.6148E+01     2.000     7   7.4433
     5689     0.00000     0.3272E+01     2.000     7   7.4434
     5690     0.00000     0.6209E+01     2.000     7   7.4433
     5691     0.00000     0.2937E+01     2.000     5   7.4438
     5692     0.00000     0.3121E+01     2.000     6   7.4445
     5693     0.00000     0.4275E+01     2.000     7   7.4452
     5694     0.00000     0.5344E+01     2.000     6   7.4459
     5695     0.00000     0.4427E+01     2.000     7   7.4473
     5696     0.00000     0.3242E+01     2.000     7   7.4477
     5698     0.00000     0.2877E+01     2.000     7   7.4485
     5699     0.00000     0.1272E+02     2.000     7   7.4487
     5700     0.00000     0.5524E+01     2.000     7   7.4497
     5701     0.00000     0.9972E+01     2.000     7   7.4500
     5702     0.00000     0.8186E+01     2.000     7   7.4506
     5703     0.00000     0.3926E+01     2.000     6   7.4513
     5704     0.00000     0.7319E+01     2.000     7   7.4514
     5705     0.00000     0.6940E+01     2.000     7   7.4514
     5707     0.00000     0.4337E+01     2.000     7   7.4519
     5708     0.00000     0.5114E+01     2.000     7   7.4520
     5709     0.00000     0.6438E+01     2.000     7   7.4525
     5710     0.00000     0.9864E+01     2.000     7   7.4522
     5711     0.00000     0.6244E+01     2.000     7   7.4537
     5712     0.00000     0.3024E+01     2.000     4   7.4542
     5713     0.00000     0.3010E+01     2.000     5   7.4538
     5714     0.00000     0.7845E+01     2.000     6   7.4540
     5715     0.00000     0.7416E+01     2.000     7   7.4548
     5716     0.00000     0.6147E+01     2.000     7   7.4548
     5717     0.00000     0.5402E+01     2.000     7   7.4561
     5719     0.00000     0.3686E+01     2.000     6   7.4562
     5721     0.00000     0.1274E+02     2.000     6   7.4564
     5722     0.00000     0.7246E+01     2.000     6   7.4570
     5723     0.00000     0.6666E+01     2.000     6   7.4578
     5725     0.00000     0.1195E+02     2.000     6   7.4596
     5726     0.00000     0.4792E+01     2.000     6   7.4593
     5727     0.00000     0.7630E+01     2.000     7   7.4600
     5728     0.00000     0.3869E+01     2.000     7   7.4616
     5729     0.00000     0.1123E+02     2.000     7   7.4623
     5730     0.00000     0.7363E+01     2.000     7   7.4619
     5731     0.00000     0.4228E+01     2.000     6   7.4624
     5732     0.00000     0.3790E+01     2.000     6   7.4628
     5733     0.00000     0.3096E+01     2.000     7   7.4630
     5734     0.00000     0.7901E+01     2.000     6   7.4642
     5735     0.00000     0.4338E+01     2.000     7   7.4649
     5738     0.00000     0.3490E+01     2.000     7   7.4654
     5739     0.00000     0.4467E+01     2.000     6   7.4670
     5740     0.00000     0.4381E+01     2.000     6   7.4670
     5741     0.00000     0.4359E+01     2.000     7   7.4677
     5742     0.00000     0.3528E+01     2.000     6   7.4680
     5743     0.00000     0.4887E+01     2.000     7   7.4680
     5744     0.00000     0.2888E+01     2.000     7   7.4693
     5745     0.00000     0.2874E+01     2.000     7   7.4693
     5746     0.00000     0.1115E+02     2.000     6   7.4693
     5747     0.00000     0.8140E+01     2.000     7   7.4695
     5749     0.00000     0.3726E+01     2.000     7   7.4733
     5750     0.00000     0.6757E+01     2.000     7   7.4735
     5751     0.00000     0.4273E+01     2.000     7   7.4736
     5752     0.00000     0.7766E+01     2.000     7   7.4750
     5753     0.00000     0.7005E+01     2.000     7   7.4750
     5754     0.00000     0.4371E+01     2.000     7   7.4753
     5755     0.00000     0.4278E+01     2.000     6   7.4755
     5756     0.00000     0.9481E+01     2.000     7   7.4756
     5757     0.00000     0.3426E+01     2.000     7   7.4759
     5758     0.00000     0.3490E+01     2.000     7   7.4759
     5759     0.00000     0.1815E+02     2.000     7   7.4760
     5760     0.00000     0.9464E+01     2.000     7   7.4766
     5761     0.00000     0.4547E+01     2.000     7   7.4768
     5762     0.00000     0.7917E+01     2.000     6   7.4774
     5763     0.00000     0.4969E+01     2.000     6   7.4774
     5764     0.00000     0.2779E+01     2.000     3   7.4779
     5765     0.00000     0.9044E+01     2.000     7   7.4777
     5766     0.00000     0.8548E+01     2.000     7   7.4777
     5767     0.00000     0.4287E+01     2.000     7   7.4791
     5768     0.00000     0.5292E+01     2.000     7   7.4792
     5769     0.00000     0.2756E+01     2.000     7   7.4797
     5770     0.00000     0.3939E+01     2.000     6   7.4796
     5771     0.00000     0.3671E+01     2.000     7   7.4800
     5772     0.00000     0.3378E+01     2.000     7   7.4807
     5773     0.00000     0.3395E+01     2.000     7   7.4807
     5774     0.00000     0.2779E+01     2.000     5   7.4811
     5775     0.00000     0.4684E+01     2.000     6   7.4817
     5776     0.00000     0.1007E+02     2.000     7   7.4819
     5777     0.00000     0.4344E+01     2.000     5   7.4821
     5778     0.00000     0.5692E+01     2.000     7   7.4823
     5779     0.00000     0.2789E+01     2.000     7   7.4834
     5780     0.00000     0.4106E+01     2.000     7   7.4839
     5781     0.00000     0.4207E+01     2.000     7   7.4839
     5782     0.00000     0.1178E+02     2.000     7   7.4857
     5783     0.00000     0.6999E+01     2.000     6   7.4862
     5784     0.00000     0.4126E+01     2.000     7   7.4860
     5785     0.00000     0.4268E+01     2.000     7   7.4864
     5786     0.00000     0.5353E+01     2.000     7   7.4869
     5787     0.00000     0.5407E+01     2.000     6   7.4871
     5788     0.00000     0.6789E+01     2.000     6   7.4871
     5789     0.00000     0.1529E+02     2.000     7   7.4874
     5790     0.00000     0.2281E+02     2.000     7   7.4875
     5791     0.00000     0.4991E+01     2.000     7   7.4878
     5792     0.00000     0.5246E+01     2.000     7   7.4878
     5793     0.00000     0.1516E+02     2.000     7   7.4886
     5794     0.00000     0.3297E+01     2.000     7   7.4906
     5795     0.00000     0.3381E+01     2.000     7   7.4906
     5796     0.00000     0.3082E+01     2.000     7   7.4915
     5797     0.00000     0.3011E+01     2.000     6   7.4918
     5798     0.00000     0.3599E+01     2.000     7   7.4916
     5799     0.00000     0.3696E+01     2.000     7   7.4916
     5800     0.00000     0.9731E+01     2.000     7   7.4916
     5801     0.00000     0.8022E+01     2.000     5   7.4924
     5803     0.00000     0.1135E+02     2.000     7   7.4931
     5804     0.00000     0.3017E+02     2.000     7   7.4930
     5805     0.00000     0.4083E+01     2.000     7   7.4933
     5806     0.00000     0.4185E+01     2.000     7   7.4933
     5807     0.00000     0.2053E+02     2.000     7   7.4936
     5808     0.00000     0.5281E+01     2.000     7   7.4965
     5809     0.00000     0.6286E+01     2.000     6   7.4970
     5810     0.00000     0.5376E+01     2.000     6   7.4968
     5811     0.00000     0.2070E+02     2.000     7   7.4972
     5812     0.00000     0.2217E+02     2.000     7   7.4976
     5813     0.00000     0.5168E+01     2.000     6   7.5000
     5814     0.00000     0.3659E+01     2.000     7   7.5001
     5816     0.00000     0.4843E+01     2.000     6   7.5005
     5817     0.00000     0.3327E+01     2.000     7   7.5022
     5818     0.00000     0.3438E+01     2.000     6   7.5030
     5819     0.00000     0.5526E+01     2.000     7   7.5031
     5820     0.00000     0.1205E+02     2.000     7   7.5035
     5821     0.00000     0.3167E+01     2.000     7   7.5041
     5822     0.00000     0.7599E+01     2.000     7   7.5040
     5823     0.00000     0.4658E+01     2.000     7   7.5043
     5825     0.00000     0.6303E+01     2.000     7   7.5059
     5828     0.00000     0.7654E+01     2.000     6   7.5075
     5829     0.00000     0.4262E+01     2.000     7   7.5078
     5830     0.00000     0.3927E+01     2.000     7   7.5090
     5832     0.00000     0.3988E+01     2.000     7   7.5090
     5833     0.00000     0.4080E+01     2.000     6   7.5106
     5834     0.00000     0.2086E+02     2.000     7   7.5108
     5835     0.00000     0.1620E+02     2.000     7   7.5111
     5837     0.00000     0.1204E+02     2.000     7   7.5114
     5838     0.00000     0.5295E+01     2.000     7   7.5117
     5839     0.00000     0.9481E+01     2.000     7   7.5150
     5840     0.00000     0.4884E+01     2.000     7   7.5155
     5841     0.00000     0.4879E+01     2.000     7   7.5155
     5843     0.00000     0.7815E+01     2.000     7   7.5165
     5844     0.00000     0.7502E+01     2.000     6   7.5172
     5845     0.00000     0.3339E+01     2.000     7   7.5176
     5846     0.00000     0.3363E+01     2.000     7   7.5176
     5847     0.00000     0.4196E+01     2.000     7   7.5181
     5848     0.00000     0.1123E+02     2.000     7   7.5179
     5849     0.00000     0.1489E+02     2.000     7   7.5205
     5850     0.00000     0.3656E+01     2.000     7   7.5207
     5851     0.00000     0.8417E+01     2.000     7   7.5211
     5852     0.00000     0.9087E+01     2.000     7   7.5247
     5853     0.00000     0.4282E+01     2.000     5   7.5254
     5854     0.00000     0.2701E+01     2.000     7   7.5267
     5856     0.00000     0.4671E+01     2.000     5   7.5274
     5857     0.00000     0.6814E+01     2.000     6   7.5277
     5858     0.00000     0.4458E+01     2.000     7   7.5276
     5859     0.00000     0.7575E+01     2.000     7   7.5279
     5860     0.00000     0.1151E+02     2.000     7   7.5279
     5861     0.00000     0.8167E+01     2.000     7   7.5280
     5862     0.00000     0.3883E+01     2.000     6   7.5283
     5863     0.00000     0.3799E+01     2.000     6   7.5283
     5866     0.00000     0.1283E+02     2.000     7   7.5295
     5868     0.00000     0.5844E+01     2.000     6   7.5310
     5869     0.00000     0.5453E+01     2.000     7   7.5318
     5871     0.00000     0.3640E+01     2.000     6   7.5332
     5872     0.00000     0.7196E+01     2.000     6   7.5329
     5874     0.00000     0.3225E+01     2.000     7   7.5335
     5875     0.00000     0.3832E+01     2.000     6   7.5340
     5876     0.00000     0.3598E+01     2.000     7   7.5342
     5877     0.00000     0.3651E+01     2.000     7   7.5342
     5878     0.00000     0.8316E+01     2.000     7   7.5352
     5879     0.00000     0.1134E+02     2.000     7   7.5361
     5880     0.00000     0.7555E+01     2.000     7   7.5377
     5881     0.00000     0.4812E+01     2.000     7   7.5376
     5882     0.00000     0.5386E+01     2.000     7   7.5386
     5884     0.00000     0.1119E+02     2.000     7   7.5393
     5885     0.00000     0.2938E+01     2.000     5   7.5403
     5887     0.00000     0.4475E+01     2.000     6   7.5425
     5888     0.00000     0.8854E+01     2.000     7   7.5427
     5889     0.00000     0.4110E+01     2.000     6   7.5445
     5890     0.00000     0.1237E+02     2.000     6   7.5447
     5892     0.00000     0.4124E+01     2.000     6   7.5456
     5893     0.00000     0.5001E+01     2.000     6   7.5458
     5894     0.00000     0.8886E+01     2.000     7   7.5473
     5895     0.00000     0.2835E+01     2.000     6   7.5475
     5896     0.00000     0.3697E+01     2.000     7   7.5489
     5897     0.00000     0.3939E+01     2.000     7   7.5489
     5898     0.00000     0.4738E+01     2.000     7   7.5495
     5899     0.00000     0.7035E+01     2.000     7   7.5513
     5900     0.00000     0.1009E+02     2.000     7   7.5515
     5901     0.00000     0.1322E+02     2.000     7   7.5518
     5902     0.00000     0.3039E+01     2.000     7   7.5519
     5903     0.00000     0.3260E+01     2.000     7   7.5519
     5905     0.00000     0.9808E+01     2.000     7   7.5526
     5907     0.00000     0.4013E+01     2.000     7   7.5550
     5908     0.00000     0.7845E+01     2.000     6   7.5551
     5911     0.00000     0.2904E+01     2.000     7   7.5562
     5912     0.00000     0.2830E+01     2.000     6   7.5566
     5913     0.00000     0.5493E+01     2.000     7   7.5577
     5914     0.00000     0.5540E+01     2.000     7   7.5577
     5915     0.00000     0.3185E+01     2.000     4   7.5586
     5916     0.00000     0.6728E+01     2.000     5   7.5591
     5917     0.00000     0.6884E+01     2.000     6   7.5591
     5918     0.00000     0.5338E+01     2.000     6   7.5591
     5919     0.00000     0.7764E+01     2.000     6   7.5591
     5921     0.00000     0.3910E+01     2.000     7   7.5611
     5922     0.00000     0.2690E+01     2.000     7   7.5614
     5924     0.00000     0.4381E+01     2.000     7   7.5618
     5925     0.00000     0.7509E+01     2.000     7   7.5619
     5926     0.00000     0.8619E+01     2.000     7   7.5627
     5927     0.00000     0.3539E+01     2.000     7   7.5632
     5928     0.00000     0.1103E+02     2.000     7   7.5634
     5929     0.00000     0.1558E+02     2.000     7   7.5645
     5933     0.00000     0.2805E+01     2.000     7   7.5676
     5934     0.00000     0.2843E+01     2.000     7   7.5676
     5937     0.00000     0.2341E+02     2.000     7   7.5696
     5938     0.00000     0.5295E+01     2.000     7   7.5693
     5939     0.00000     0.3116E+01     2.000     7   7.5703
     5940     0.00000     0.3149E+01     2.000     7   7.5703
     5941     0.00000     0.3381E+01     2.000     5   7.5708
     5942     0.00000     0.6551E+01     2.000     6   7.5733
     5943     0.00000     0.6135E+01     2.000     6   7.5733
     5944     0.00000     0.1373E+02     2.000     7   7.5742
     5945     0.00000     0.4856E+01     2.000     7   7.5756
     5946     0.00000     0.3026E+01     2.000     6   7.5754
     5947     0.00000     0.1903E+02     2.000     7   7.5764
     5948     0.00000     0.1483E+02     2.000     7   7.5764
     5949     0.00000     0.3562E+01     2.000     7   7.5766
     5951     0.00000     0.3718E+01     2.000     6   7.5795
     5953     0.00000     0.6761E+01     2.000     7   7.5801
     5954     0.00000     0.2700E+01     2.000     7   7.5809
     5955     0.00000     0.4519E+01     2.000     7   7.5808
     5958     0.00000     0.3183E+01     2.000     4   7.5835
     5959     0.00000     0.6248E+01     2.000     7   7.5847
     5960     0.00000     0.6980E+01     2.000     7   7.5847
     5961     0.00000     0.4011E+01     2.000     6   7.5851
     5963     0.00000     0.2831E+01     2.000     7   7.5867
     5964     0.00000     0.1402E+02     2.000     7   7.5874
     5965     0.00000     0.3087E+01     2.000     7   7.5879
     5968     0.00000     0.3204E+01     2.000     7   7.5896
     5970     0.00000     0.1295E+02     2.000     7   7.5920
     5971     0.00000     0.4558E+01     2.000     6   7.5931
     5972     0.00000     0.3388E+01     2.000     6   7.5935
     5973     0.00000     0.3918E+01     2.000     6   7.5972
     5974     0.00000     0.1245E+02     2.000     7   7.5971
     5976     0.00000     0.7311E+01     2.000     7   7.5975
     5978     0.00000     0.5230E+01     2.000     6   7.5987
     5979     0.00000     0.2865E+01     2.000     6   7.5995
     5980     0.00000     0.1019E+02     2.000     7   7.6000
     5981     0.00000     0.5062E+01     2.000     7   7.6001
     5983     0.00000     0.7893E+01     2.000     7   7.6012
     5984     0.00000     0.7102E+01     2.000     7   7.6011
     5985     0.00000     0.5189E+01     2.000     7   7.6010
     5986     0.00000     0.1063E+02     2.000     7   7.6018
     5987     0.00000     0.1265E+02     2.000     7   7.6017
     5988     0.00000     0.3203E+01     2.000     4   7.6019
     5989     0.00000     0.5863E+01     2.000     6   7.6026
     5990     0.00000     0.5597E+01     2.000     6   7.6026
     5991     0.00000     0.4183E+01     2.000     7   7.6035
     5992     0.00000     0.2838E+01     2.000     6   7.6044
     5993     0.00000     0.2824E+01     2.000     7   7.6042
     5994     0.00000     0.8436E+01     2.000     6   7.6044
     5995     0.00000     0.6192E+01     2.000     6   7.6053
     5996     0.00000     0.5784E+01     2.000     6   7.6050
     5997     0.00000     0.5417E+01     2.000     7   7.6049
     5998     0.00000     0.5620E+01     2.000     7   7.6058
     5999     0.00000     0.1043E+02     2.000     6   7.6061
     6000     0.00000     0.3385E+01     2.000     6   7.6064
     6001     0.00000     0.8590E+01     2.000     7   7.6061
     6002     0.00000     0.8136E+01     2.000     6   7.6076
     6003     0.00000     0.9775E+01     2.000     7   7.6086
     6005     0.00000     0.4862E+01     2.000     7   7.6104
     6006     0.00000     0.8664E+01     2.000     7   7.6104
     6007     0.00000     0.5821E+01     2.000     7   7.6107
     6008     0.00000     0.2748E+01     2.000     4   7.6117
     6010     0.00000     0.9272E+01     2.000     6   7.6130
     6012     0.00000     0.5060E+01     2.000     6   7.6165
     6013     0.00000     0.5901E+01     2.000     7   7.6168
     6014     0.00000     0.5661E+01     2.000     7   7.6168
     6015     0.00000     0.7839E+01     2.000     6   7.6173
     6016     0.00000     0.5352E+01     2.000     7   7.6178
     6017     0.00000     0.4586E+01     2.000     7   7.6181
     6019     0.00000     0.8960E+01     2.000     7   7.6187
     6020     0.00000     0.9267E+01     2.000     7   7.6210
     6021     0.00000     0.6417E+01     2.000     6   7.6218
     6022     0.00000     0.2826E+01     2.000     6   7.6215
     6023     0.00000     0.2110E+02     2.000     7   7.6224
     6024     0.00000     0.4914E+01     2.000     6   7.6228
     6025     0.00000     0.5063E+01     2.000     6   7.6228
     6026     0.00000     0.5028E+01     2.000     7   7.6233
     6027     0.00000     0.3572E+01     2.000     6   7.6239
     6028     0.00000     0.7131E+01     2.000     6   7.6235
     6029     0.00000     0.5879E+01     2.000     7   7.6239
     6030     0.00000     0.1293E+02     2.000     7   7.6241
     6031     0.00000     0.8595E+01     2.000     7   7.6247
     6032     0.00000     0.4920E+01     2.000     7   7.6246
     6033     0.00000     0.4976E+01     2.000     7   7.6246
     6034     0.00000     0.5715E+01     2.000     6   7.6254
     6035     0.00000     0.1501E+02     2.000     7   7.6257
     6036     0.00000     0.1924E+02     2.000     7   7.6256
     6042     0.00000     0.3585E+01     2.000     7   7.6277
     6043     0.00000     0.3487E+01     2.000     5   7.6280
     6044     0.00000     0.3172E+01     2.000     6   7.6278
     6045     0.00000     0.5246E+01     2.000     7   7.6279
     6046     0.00000     0.7907E+01     2.000     7   7.6284
     6047     0.00000     0.3388E+01     2.000     7   7.6289
     6048     0.00000     0.3426E+01     2.000     7   7.6289
     6049     0.00000     0.5490E+01     2.000     7   7.6295
     6050     0.00000     0.5499E+01     2.000     7   7.6295
     6051     0.00000     0.3522E+01     2.000     6   7.6298
     6052     0.00000     0.2705E+01     2.000     6   7.6304
     6053     0.00000     0.2022E+02     2.000     7   7.6305
     6055     0.00000     0.6271E+01     2.000     6   7.6315
     6056     0.00000     0.6351E+01     2.000     7   7.6316
     6057     0.00000     0.5564E+01     2.000     7   7.6323
     6058     0.00000     0.3078E+01     2.000     7   7.6339
     6059     0.00000     0.9575E+01     2.000     7   7.6338
     6060     0.00000     0.3474E+01     2.000     6   7.6343
     6061     0.00000     0.5279E+01     2.000     6   7.6351
     6062     0.00000     0.1583E+02     2.000     7   7.6356
     6063     0.00000     0.5373E+01     2.000     7   7.6351
     6065     0.00000     0.3854E+01     2.000     7   7.6381
     6066     0.00000     0.3309E+01     2.000     6   7.6377
     6068     0.00000     0.7015E+01     2.000     7   7.6389
     6069     0.00000     0.5522E+01     2.000     7   7.6389
     6070     0.00000     0.3060E+01     2.000     6   7.6392
     6071     0.00000     0.1444E+02     2.000     7   7.6403
     6072     0.00000     0.3065E+01     2.000     6   7.6408
     6073     0.00000     0.2040E+02     2.000     7   7.6411
     6074     0.00000     0.1333E+02     2.000     7   7.6417
     6075     0.00000     0.7226E+01     2.000     7   7.6424
     6076     0.00000     0.5096E+01     2.000     7   7.6426
     6077     0.00000     0.7470E+01     2.000     7   7.6424
     6078     0.00000     0.2639E+02     2.000     7   7.6428
     6079     0.00000     0.5068E+01     2.000     7   7.6431
     6080     0.00000     0.1216E+02     2.000     7   7.6434
     6081     0.00000     0.3024E+01     2.000     7   7.6435
     6082     0.00000     0.9463E+01     2.000     7   7.6444
     6083     0.00000     0.4255E+01     2.000     5   7.6450
     6085     0.00000     0.1445E+02     2.000     7   7.6453
     6086     0.00000     0.2421E+02     2.000     7   7.6464
     6087     0.00000     0.2818E+01     2.000     5   7.6477
     6089     0.00000     0.6554E+01     2.000     7   7.6486
     6090     0.00000     0.9043E+01     2.000     7   7.6486
     6091     0.00000     0.4274E+01     2.000     6   7.6493
     6092     0.00000     0.4152E+01     2.000     6   7.6493
     6093     0.00000     0.2691E+01     2.000     7   7.6499
     6094     0.00000     0.4299E+01     2.000     7   7.6502
     6095     0.00000     0.4107E+01     2.000     6   7.6505
     6096     0.00000     0.6343E+01     2.000     7   7.6516
     6097     0.00000     0.4162E+01     2.000     6   7.6527
     6098     0.00000     0.6900E+01     2.000     6   7.6534
     6099     0.00000     0.7741E+01     2.000     7   7.6536
     6100     0.00000     0.2790E+01     2.000     4   7.6540
     6101     0.00000     0.4147E+01     2.000     5   7.6550
     6103     0.00000     0.5803E+01     2.000     7   7.6557
     6104     0.00000     0.3518E+01     2.000     7   7.6559
     6105     0.00000     0.3545E+01     2.000     7   7.6559
     6106     0.00000     0.3295E+01     2.000     7   7.6565
     6110     0.00000     0.4290E+01     2.000     7   7.6578
     6111     0.00000     0.6447E+01     2.000     7   7.6583
     6112     0.00000     0.6426E+01     2.000     7   7.6583
     6114     0.00000     0.1363E+02     2.000     7   7.6589
     6115     0.00000     0.6081E+01     2.000     7   7.6592
     6116     0.00000     0.3805E+01     2.000     7   7.6591
     6117     0.00000     0.3226E+01     2.000     6   7.6594
     6118     0.00000     0.1197E+02     2.000     7   7.6594
     6119     0.00000     0.1135E+02     2.000     7   7.6594
     6120     0.00000     0.9039E+01     2.000     7   7.6595
     6121     0.00000     0.3285E+01     2.000     6   7.6602
     6122     0.00000     0.3930E+01     2.000     6   7.6602
     6123     0.00000     0.1726E+02     2.000     7   7.6605
     6125     0.00000     0.2717E+01     2.000     6   7.6623
     6126     0.00000     0.7029E+01     2.000     7   7.6656
     6127     0.00000     0.5280E+01     2.000     7   7.6655
     6128     0.00000     0.5428E+01     2.000     7   7.6655
     6129     0.00000     0.6238E+01     2.000     7   7.6660
     6131     0.00000     0.6775E+01     2.000     7   7.6664
     6132     0.00000     0.5246E+01     2.000     7   7.6663
     6133     0.00000     0.5389E+01     2.000     7   7.6663
     6134     0.00000     0.4593E+01     2.000     6   7.6673
     6135     0.00000     0.2836E+01     2.000     6   7.6680
     6137     0.00000     0.6428E+01     2.000     7   7.6679
     6138     0.00000     0.8740E+01     2.000     7   7.6681
     6139     0.00000     0.6111E+01     2.000     7   7.6687
     6140     0.00000     0.9919E+01     2.000     7   7.6687
     6141     0.00000     0.7605E+01     2.000     7   7.6702
     6142     0.00000     0.4581E+01     2.000     6   7.6712
     6143     0.00000     0.5330E+01     2.000     7   7.6717
     6144     0.00000     0.3166E+01     2.000     7   7.6716
     6145     0.00000     0.7920E+01     2.000     6   7.6732
     6146     0.00000     0.5822E+01     2.000     6   7.6730
     6147     0.00000     0.6070E+01     2.000     7   7.6735
     6148     0.00000     0.5840E+01     2.000     7   7.6735
     6149     0.00000     0.5605E+01     2.000     7   7.6743
     6150     0.00000     0.6287E+01     2.000     7   7.6749
     6151     0.00000     0.4420E+01     2.000     6   7.6757
     6152     0.00000     0.4440E+01     2.000     6   7.6764
     6153     0.00000     0.9300E+01     2.000     7   7.6766
     6154     0.00000     0.7765E+01     2.000     7   7.6766
     6155     0.00000     0.4823E+01     2.000     7   7.6765
     6156     0.00000     0.7728E+01     2.000     7   7.6772
     6157     0.00000     0.7716E+01     2.000     7   7.6772
     6158     0.00000     0.4831E+01     2.000     7   7.6780
     6160     0.00000     0.8132E+01     2.000     7   7.6784
     6161     0.00000     0.3330E+01     2.000     6   7.6791
     6162     0.00000     0.1312E+02     2.000     7   7.6792
     6163     0.00000     0.5891E+01     2.000     6   7.6796
     6164     0.00000     0.4399E+01     2.000     6   7.6812
     6165     0.00000     0.6913E+01     2.000     6   7.6810
     6166     0.00000     0.5089E+01     2.000     7   7.6809
     6167     0.00000     0.1229E+02     2.000     7   7.6814
     6169     0.00000     0.3807E+01     2.000     5   7.6827
     6170     0.00000     0.8871E+01     2.000     6   7.6837
     6171     0.00000     0.1264E+02     2.000     7   7.6836
     6172     0.00000     0.5609E+01     2.000     6   7.6843
     6173     0.00000     0.1028E+02     2.000     7   7.6851
     6174     0.00000     0.5279E+01     2.000     7   7.6899
     6175     0.00000     0.4331E+01     2.000     7   7.6913
     6176     0.00000     0.3430E+01     2.000     7   7.6920
     6177     0.00000     0.7824E+01     2.000     6   7.6926
     6178     0.00000     0.4067E+01     2.000     7   7.6926
     6181     0.00000     0.3613E+01     2.000     7   7.6963
     6182     0.00000     0.8181E+01     2.000     7   7.6980
     6183     0.00000     0.3097E+01     2.000     7   7.6986
     6184     0.00000     0.1115E+02     2.000     7   7.6990
     6185     0.00000     0.1583E+02     2.000     7   7.6995
     6186     0.00000     0.5005E+01     2.000     7   7.7003
     6187     0.00000     0.9868E+01     2.000     7   7.7006
     6188     0.00000     0.2845E+01     2.000     6   7.7021
     6189     0.00000     0.2869E+01     2.000     6   7.7021
     6190     0.00000     0.6988E+01     2.000     7   7.7029
     6192     0.00000     0.5741E+01     2.000     7   7.7044
     6193     0.00000     0.7022E+01     2.000     7   7.7043
     6194     0.00000     0.5746E+01     2.000     7   7.7044
     6195     0.00000     0.3506E+01     2.000     5   7.7040
     6198     0.00000     0.2069E+02     2.000     7   7.7064
     6201     0.00000     0.3696E+01     2.000     6   7.7069
     6202     0.00000     0.6130E+01     2.000     7   7.7070
     6203     0.00000     0.6170E+01     2.000     7   7.7074
     6204     0.00000     0.1020E+02     2.000     7   7.7071
     6205     0.00000     0.5442E+01     2.000     5   7.7076
     6206     0.00000     0.8649E+01     2.000     7   7.7085
     6207     0.00000     0.8408E+01     2.000     7   7.7085
     6208     0.00000     0.5238E+01     2.000     7   7.7093
     6209     0.00000     0.7157E+01     2.000     7   7.7106
     6210     0.00000     0.7616E+01     2.000     7   7.7122
     6211     0.00000     0.5839E+01     2.000     7   7.7128
     6212     0.00000     0.1173E+02     2.000     7   7.7126
     6213     0.00000     0.2885E+01     2.000     6   7.7142
     6214     0.00000     0.7010E+01     2.000     7   7.7143
     6215     0.00000     0.4989E+01     2.000     6   7.7178
     6216     0.00000     0.1680E+02     2.000     7   7.7176
     6217     0.00000     0.9666E+01     2.000     7   7.7190
     6218     0.00000     0.2721E+01     2.000     6   7.7196
     6219     0.00000     0.5833E+01     2.000     7   7.7194
     6220     0.00000     0.5809E+01     2.000     7   7.7194
     6221     0.00000     0.7071E+01     2.000     7   7.7196
     6222     0.00000     0.7037E+01     2.000     7   7.7201
     6224     0.00000     0.5366E+01     2.000     6   7.7208
     6225     0.00000     0.6483E+01     2.000     7   7.7214
     6226     0.00000     0.1110E+02     2.000     7   7.7222
     6227     0.00000     0.3508E+01     2.000     7   7.7239
     6228     0.00000     0.5412E+01     2.000     7   7.7262
     6232     0.00000     0.5124E+01     2.000     7   7.7287
     6233     0.00000     0.2674E+01     2.000     6   7.7297
     6234     0.00000     0.2828E+01     2.000     6   7.7297
     6235     0.00000     0.5029E+01     2.000     7   7.7327
     6236     0.00000     0.4235E+01     2.000     7   7.7327
     6237     0.00000     0.8318E+01     2.000     7   7.7339
     6238     0.00000     0.4727E+01     2.000     7   7.7338
     6239     0.00000     0.4396E+01     2.000     7   7.7343
     6240     0.00000     0.5280E+01     2.000     7   7.7342
     6241     0.00000     0.4267E+01     2.000     5   7.7347
     6242     0.00000     0.5255E+01     2.000     7   7.7347
     6243     0.00000     0.7360E+01     2.000     6   7.7352
     6244     0.00000     0.1212E+02     2.000     7   7.7354
     6245     0.00000     0.1359E+02     2.000     7   7.7352
     6246     0.00000     0.8916E+01     2.000     7   7.7352
     6247     0.00000     0.3221E+01     2.000     5   7.7358
     6249     0.00000     0.8325E+01     2.000     7   7.7364
     6250     0.00000     0.8291E+01     2.000     7   7.7364
     6251     0.00000     0.7862E+01     2.000     7   7.7368
     6252     0.00000     0.7654E+01     2.000     7   7.7375
     6253     0.00000     0.5351E+01     2.000     7   7.7395
     6254     0.00000     0.5121E+01     2.000     7   7.7404
     6255     0.00000     0.5836E+01     2.000     6   7.7415
     6256     0.00000     0.5026E+01     2.000     7   7.7425
     6257     0.00000     0.7670E+01     2.000     7   7.7425
     6260     0.00000     0.8950E+01     2.000     7   7.7429
     6261     0.00000     0.2901E+01     2.000     5   7.7435
     6262     0.00000     0.4973E+01     2.000     7   7.7433
     6263     0.00000     0.7626E+01     2.000     7   7.7433
     6264     0.00000     0.2965E+01     2.000     6   7.7449
     6265     0.00000     0.2879E+01     2.000     6   7.7449
     6266     0.00000     0.3463E+01     2.000     7   7.7457
     6268     0.00000     0.9736E+01     2.000     7   7.7463
     6271     0.00000     0.6854E+01     2.000     6   7.7482
     6272     0.00000     0.6028E+01     2.000     7   7.7488
     6273     0.00000     0.4617E+01     2.000     7   7.7488
     6274     0.00000     0.9641E+01     2.000     7   7.7488
     6275     0.00000     0.6028E+01     2.000     6   7.7499
     6276     0.00000     0.1135E+02     2.000     7   7.7508
     6277     0.00000     0.8029E+01     2.000     7   7.7516
     6278     0.00000     0.6797E+01     2.000     7   7.7535
     6279     0.00000     0.4437E+01     2.000     6   7.7538
     6280     0.00000     0.5633E+01     2.000     7   7.7542
     6281     0.00000     0.5859E+01     2.000     7   7.7542
     6282     0.00000     0.6806E+01     2.000     7   7.7550
     6283     0.00000     0.4409E+01     2.000     7   7.7554
     6284     0.00000     0.5360E+01     2.000     7   7.7576
     6285     0.00000     0.2853E+01     2.000     6   7.7582
     6286     0.00000     0.7998E+01     2.000     7   7.7584
     6287     0.00000     0.3358E+01     2.000     5   7.7596
     6289     0.00000     0.3610E+01     2.000     6   7.7620
     6290     0.00000     0.5048E+01     2.000     6   7.7621
     6291     0.00000     0.5209E+01     2.000     7   7.7632
     6292     0.00000     0.5210E+01     2.000     7   7.7637
     6293     0.00000     0.5402E+01     2.000     7   7.7643
     6294     0.00000     0.6914E+01     2.000     7   7.7667
     6295     0.00000     0.7661E+01     2.000     7   7.7686
     6298     0.00000     0.9214E+01     2.000     7   7.7712
     6301     0.00000     0.4102E+01     2.000     7   7.7736
     6303     0.00000     0.4326E+01     2.000     7   7.7756
     6304     0.00000     0.6889E+01     2.000     7   7.7764
     6305     0.00000     0.4082E+01     2.000     7   7.7780
     6306     0.00000     0.3464E+01     2.000     5   7.7780
     6307     0.00000     0.3298E+01     2.000     6   7.7782
     6308     0.00000     0.5068E+01     2.000     6   7.7791
     6309     0.00000     0.3266E+01     2.000     6   7.7791
     6311     0.00000     0.7078E+01     2.000     7   7.7814
     6312     0.00000     0.6888E+01     2.000     7   7.7814
     6313     0.00000     0.6318E+01     2.000     7   7.7813
     6314     0.00000     0.6364E+01     2.000     7   7.7828
     6315     0.00000     0.5909E+01     2.000     7   7.7827
     6317     0.00000     0.3853E+01     2.000     7   7.7840
     6319     0.00000     0.5319E+01     2.000     7   7.7860
     6320     0.00000     0.5173E+01     2.000     7   7.7860
     6321     0.00000     0.5316E+01     2.000     7   7.7869
     6322     0.00000     0.5167E+01     2.000     7   7.7869
     6323     0.00000     0.2684E+01     2.000     7   7.7869
     6324     0.00000     0.3026E+01     2.000     5   7.7878
     6325     0.00000     0.9480E+01     2.000     7   7.7878
     6326     0.00000     0.8426E+01     2.000     7   7.7892
     6327     0.00000     0.3550E+01     2.000     7   7.7891
     6328     0.00000     0.4738E+01     2.000     7   7.7898
     6329     0.00000     0.5641E+01     2.000     7   7.7899
     6330     0.00000     0.4459E+01     2.000     6   7.7900
     6332     0.00000     0.5672E+01     2.000     7   7.7906
     6333     0.00000     0.2268E+02     2.000     7   7.7908
     6334     0.00000     0.5433E+01     2.000     7   7.7906
     6336     0.00000     0.9473E+01     2.000     7   7.7933
     6338     0.00000     0.3943E+01     2.000     7   7.7959
     6339     0.00000     0.3896E+01     2.000     7   7.7968
     6340     0.00000     0.5990E+01     2.000     7   7.7972
     6341     0.00000     0.5317E+01     2.000     7   7.7976
     6342     0.00000     0.3239E+01     2.000     6   7.7985
     6343     0.00000     0.5994E+01     2.000     7   7.7988
     6346     0.00000     0.2715E+01     2.000     6   7.8001
     6348     0.00000     0.3161E+01     2.000     7   7.8021
     6349     0.00000     0.3160E+01     2.000     7   7.8022
     6351     0.00000     0.2859E+01     2.000     7   7.8037
     6352     0.00000     0.1493E+02     2.000     7   7.8043
     6354     0.00000     0.6025E+01     2.000     7   7.8062
     6355     0.00000     0.6394E+01     2.000     7   7.8062
     6357     0.00000     0.4284E+01     2.000     7   7.8069
     6358     0.00000     0.6104E+01     2.000     7   7.8093
     6359     0.00000     0.3316E+01     2.000     7   7.8096
     6360     0.00000     0.8908E+01     2.000     7   7.8101
     6361     0.00000     0.5978E+01     2.000     6   7.8104
     6363     0.00000     0.5179E+01     2.000     6   7.8114
     6364     0.00000     0.3537E+01     2.000     7   7.8112
     6365     0.00000     0.4491E+01     2.000     7   7.8112
     6367     0.00000     0.3664E+01     2.000     7   7.8126
     6368     0.00000     0.9173E+01     2.000     7   7.8127
     6369     0.00000     0.9016E+01     2.000     7   7.8149
     6370     0.00000     0.3196E+01     2.000     7   7.8147
     6371     0.00000     0.3488E+01     2.000     6   7.8155
     6372     0.00000     0.6822E+01     2.000     7   7.8183
     6374     0.00000     0.2671E+01     2.000     6   7.8216
     6376     0.00000     0.7622E+01     2.000     7   7.8217
     6377     0.00000     0.6663E+01     2.000     6   7.8227
     6378     0.00000     0.5524E+01     2.000     7   7.8240
     6379     0.00000     0.4477E+01     2.000     7   7.8239
     6380     0.00000     0.4028E+01     2.000     6   7.8243
     6381     0.00000     0.5988E+01     2.000     6   7.8246
     6382     0.00000     0.7279E+01     2.000     7   7.8246
     6383     0.00000     0.3224E+01     2.000     7   7.8250
     6384     0.00000     0.3069E+01     2.000     7   7.8250
     6385     0.00000     0.3223E+01     2.000     7   7.8254
     6386     0.00000     0.3067E+01     2.000     7   7.8254
     6387     0.00000     0.5216E+01     2.000     7   7.8262
     6388     0.00000     0.6491E+01     2.000     6   7.8281
     6389     0.00000     0.5448E+01     2.000     7   7.8279
     6390     0.00000     0.6557E+01     2.000     6   7.8284
     6391     0.00000     0.2838E+01     2.000     7   7.8282
     6392     0.00000     0.6476E+01     2.000     7   7.8296
     6393     0.00000     0.8605E+01     2.000     7   7.8301
     6394     0.00000     0.6092E+01     2.000     6   7.8311
     6395     0.00000     0.3910E+01     2.000     7   7.8308
     6396     0.00000     0.3369E+01     2.000     7   7.8308
     6397     0.00000     0.3663E+01     2.000     7   7.8331
     6398     0.00000     0.4029E+01     2.000     7   7.8331
     6400     0.00000     0.3483E+01     2.000     7   7.8346
     6401     0.00000     0.3674E+01     2.000     7   7.8346
     6402     0.00000     0.3711E+01     2.000     7   7.8354
     6403     0.00000     0.4159E+01     2.000     7   7.8354
     6404     0.00000     0.5412E+01     2.000     7   7.8384
     6405     0.00000     0.4576E+01     2.000     6   7.8405
     6407     0.00000     0.5665E+01     2.000     7   7.8434
     6408     0.00000     0.4562E+01     2.000     7   7.8434
     6409     0.00000     0.7777E+01     2.000     7   7.8439
     6410     0.00000     0.4024E+01     2.000     5   7.8463
     6411     0.00000     0.1377E+02     2.000     7   7.8471
     6412     0.00000     0.6830E+01     2.000     7   7.8470
     6413     0.00000     0.4490E+01     2.000     7   7.8474
     6414     0.00000     0.5949E+01     2.000     6   7.8489
     6415     0.00000     0.4221E+01     2.000     7   7.8491
     6416     0.00000     0.6104E+01     2.000     7   7.8489
     6418     0.00000     0.1233E+02     2.000     7   7.8507
     6419     0.00000     0.5986E+01     2.000     7   7.8523
     6420     0.00000     0.4864E+01     2.000     6   7.8521
     6421     0.00000     0.3956E+01     2.000     6   7.8521
     6422     0.00000     0.7754E+01     2.000     7   7.8518
     6424     0.00000     0.1176E+02     2.000     7   7.8545
     6425     0.00000     0.4797E+01     2.000     7   7.8552
     6426     0.00000     0.7413E+01     2.000     7   7.8557
     6427     0.00000     0.1065E+02     2.000     7   7.8563
     6428     0.00000     0.5570E+01     2.000     7   7.8572
     6429     0.00000     0.6061E+01     2.000     6   7.8576
     6430     0.00000     0.5445E+01     2.000     6   7.8588
     6434     0.00000     0.5588E+01     2.000     7   7.8597
     6435     0.00000     0.5625E+01     2.000     7   7.8616
     6436     0.00000     0.9132E+01     2.000     7   7.8626
     6437     0.00000     0.7903E+01     2.000     7   7.8649
     6438     0.00000     0.8967E+01     2.000     7   7.8649
     6439     0.00000     0.5628E+01     2.000     6   7.8660
     6440     0.00000     0.3441E+01     2.000     7   7.8661
     6441     0.00000     0.4711E+01     2.000     7   7.8669
     6442     0.00000     0.1186E+02     2.000     7   7.8673
     6443     0.00000     0.1264E+02     2.000     7   7.8687
     6444     0.00000     0.3577E+01     2.000     7   7.8686
     6445     0.00000     0.8513E+01     2.000     7   7.8686
     6447     0.00000     0.4513E+01     2.000     7   7.8721
     6448     0.00000     0.3355E+01     2.000     7   7.8729
     6449     0.00000     0.6724E+01     2.000     6   7.8743
     6450     0.00000     0.8414E+01     2.000     7   7.8740
     6451     0.00000     0.3391E+01     2.000     7   7.8758
     6452     0.00000     0.4077E+01     2.000     6   7.8754
     6453     0.00000     0.3483E+01     2.000     6   7.8771
     6454     0.00000     0.3633E+01     2.000     6   7.8771
     6455     0.00000     0.1118E+02     2.000     7   7.8784
     6456     0.00000     0.4947E+01     2.000     6   7.8801
     6457     0.00000     0.4368E+01     2.000     7   7.8802
     6458     0.00000     0.8430E+01     2.000     7   7.8801
     6459     0.00000     0.5424E+01     2.000     7   7.8817
     6460     0.00000     0.2993E+01     2.000     7   7.8814
     6461     0.00000     0.3125E+01     2.000     7   7.8814
     6462     0.00000     0.8361E+01     2.000     6   7.8830
     6463     0.00000     0.4293E+01     2.000     7   7.8829
     6464     0.00000     0.4319E+01     2.000     7   7.8832
     6465     0.00000     0.5811E+01     2.000     7   7.8832
     6466     0.00000     0.6270E+01     2.000     6   7.8837
     6467     0.00000     0.3801E+01     2.000     6   7.8837
     6468     0.00000     0.5221E+01     2.000     7   7.8854
     6469     0.00000     0.1288E+02     2.000     7   7.8856
     6470     0.00000     0.1041E+02     2.000     7   7.8856
     6471     0.00000     0.5464E+01     2.000     7   7.8855
     6472     0.00000     0.5456E+01     2.000     7   7.8866
     6475     0.00000     0.3508E+01     2.000     7   7.8892
     6476     0.00000     0.5431E+01     2.000     7   7.8891
     6477     0.00000     0.4945E+01     2.000     7   7.8891
     6479     0.00000     0.3552E+01     2.000     7   7.8923
     6480     0.00000     0.9752E+01     2.000     7   7.8939
     6482     0.00000     0.3904E+01     2.000     6   7.8941
     6484     0.00000     0.3342E+01     2.000     7   7.8966
     6485     0.00000     0.9250E+01     2.000     7   7.8969
     6487     0.00000     0.5441E+01     2.000     6   7.9008
     6488     0.00000     0.5242E+01     2.000     6   7.9008
     6489     0.00000     0.5428E+01     2.000     6   7.9008
     6490     0.00000     0.4228E+01     2.000     6   7.9007
     6491     0.00000     0.3827E+01     2.000     7   7.9009
     6492     0.00000     0.9699E+01     2.000     7   7.9013
     6493     0.00000     0.5888E+01     2.000     6   7.9016
     6494     0.00000     0.2737E+01     2.000     7   7.9024
     6495     0.00000     0.2749E+01     2.000     7   7.9020
     6496     0.00000     0.2790E+01     2.000     7   7.9028
     6497     0.00000     0.8690E+01     2.000     7   7.9033
     6499     0.00000     0.4397E+01     2.000     7   7.9066
     6500     0.00000     0.3478E+01     2.000     7   7.9073
     6501     0.00000     0.4468E+01     2.000     7   7.9075
     6502     0.00000     0.6723E+01     2.000     7   7.9075
     6503     0.00000     0.3497E+01     2.000     7   7.9096
     6504     0.00000     0.1518E+02     2.000     7   7.9109
     6505     0.00000     0.1447E+02     2.000     7   7.9109
     6507     0.00000     0.3600E+01     2.000     6   7.9119
     6509     0.00000     0.7386E+01     2.000     7   7.9120
     6510     0.00000     0.4843E+01     2.000     7   7.9124
     6511     0.00000     0.3820E+01     2.000     7   7.9124
     6512     0.00000     0.7346E+01     2.000     7   7.9125
     6513     0.00000     0.3774E+01     2.000     6   7.9185
     6515     0.00000     0.5846E+01     2.000     7   7.9204
     6516     0.00000     0.7388E+01     2.000     7   7.9204
     6517     0.00000     0.7391E+01     2.000     7   7.9209
     6518     0.00000     0.3818E+01     2.000     7   7.9210
     6519     0.00000     0.5208E+01     2.000     7   7.9220
     6520     0.00000     0.4042E+01     2.000     7   7.9234
     6521     0.00000     0.9403E+01     2.000     7   7.9230
     6522     0.00000     0.4002E+01     2.000     7   7.9234
     6523     0.00000     0.2937E+01     2.000     7   7.9243
     6524     0.00000     0.1011E+02     2.000     7   7.9260
     6525     0.00000     0.8817E+01     2.000     7   7.9276
     6526     0.00000     0.7235E+01     2.000     7   7.9281
     6527     0.00000     0.3489E+01     2.000     7   7.9288
     6528     0.00000     0.9933E+01     2.000     7   7.9287
     6529     0.00000     0.9545E+01     2.000     7   7.9287
     6530     0.00000     0.6197E+01     2.000     7   7.9294
     6531     0.00000     0.5868E+01     2.000     7   7.9292
     6532     0.00000     0.3155E+01     2.000     7   7.9300
     6533     0.00000     0.5155E+01     2.000     7   7.9299
     6534     0.00000     0.5205E+01     2.000     7   7.9299
     6536     0.00000     0.3607E+01     2.000     7   7.9312
     6537     0.00000     0.3348E+01     2.000     7   7.9320
     6538     0.00000     0.6713E+01     2.000     7   7.9328
     6540     0.00000     0.9959E+01     2.000     7   7.9333
     6541     0.00000     0.5746E+01     2.000     7   7.9343
     6542     0.00000     0.3266E+01     2.000     7   7.9342
     6544     0.00000     0.8387E+01     2.000     7   7.9374
     6545     0.00000     0.2919E+01     2.000     7   7.9373
     6546     0.00000     0.5438E+01     2.000     7   7.9408
     6547     0.00000     0.6301E+01     2.000     7   7.9408
     6548     0.00000     0.6703E+01     2.000     7   7.9407
     6549     0.00000     0.6681E+01     2.000     7   7.9411
     6550     0.00000     0.5729E+01     2.000     7   7.9418
     6551     0.00000     0.3833E+01     2.000     7   7.9429
     6552     0.00000     0.6249E+01     2.000     7   7.9456
     6554     0.00000     0.2800E+01     2.000     7   7.9509
     6555     0.00000     0.5966E+01     2.000     6   7.9513
     6557     0.00000     0.4316E+01     2.000     7   7.9552
     6558     0.00000     0.7870E+01     2.000     7   7.9552
     6559     0.00000     0.5438E+01     2.000     7   7.9556
     6560     0.00000     0.4132E+01     2.000     6   7.9560
     6561     0.00000     0.5448E+01     2.000     7   7.9560
     6562     0.00000     0.4266E+01     2.000     7   7.9571
     6563     0.00000     0.4337E+01     2.000     7   7.9571
     6564     0.00000     0.6354E+01     2.000     7   7.9570
     6565     0.00000     0.3152E+01     2.000     7   7.9607
     6566     0.00000     0.5559E+01     2.000     7   7.9621
     6567     0.00000     0.4552E+01     2.000     7   7.9621
     6568     0.00000     0.4013E+01     2.000     7   7.9620
     6569     0.00000     0.8537E+01     2.000     7   7.9626
     6571     0.00000     0.3813E+01     2.000     7   7.9663
     6572     0.00000     0.3333E+01     2.000     7   7.9669
     6573     0.00000     0.4694E+01     2.000     6   7.9678
     6574     0.00000     0.8773E+01     2.000     7   7.9681
     6575     0.00000     0.8101E+01     2.000     7   7.9681
     6576     0.00000     0.7015E+01     2.000     7   7.9687
     6577     0.00000     0.4260E+01     2.000     7   7.9695
     6578     0.00000     0.4316E+01     2.000     7   7.9701
     6579     0.00000     0.4326E+01     2.000     7   7.9702
     6580     0.00000     0.3121E+01     2.000     7   7.9704
     6581     0.00000     0.8852E+01     2.000     7   7.9709
     6582     0.00000     0.5867E+01     2.000     7   7.9768
     6583     0.00000     0.4142E+01     2.000     6   7.9778
     6584     0.00000     0.4742E+01     2.000     6   7.9778
     6585     0.00000     0.7658E+01     2.000     7   7.9778
     6586     0.00000     0.7441E+01     2.000     7   7.9778
     6587     0.00000     0.8870E+01     2.000     7   7.9778
     6588     0.00000     0.2967E+01     2.000     7   7.9785
     6589     0.00000     0.3717E+01     2.000     7   7.9804
     6590     0.00000     0.4816E+01     2.000     7   7.9805
     6592     0.00000     0.3237E+01     2.000     7   7.9820
     6593     0.00000     0.3274E+01     2.000     7   7.9820
     6594     0.00000     0.5643E+01     2.000     7   7.9818
     6595     0.00000     0.3366E+01     2.000     7   7.9828
     6596     0.00000     0.5576E+01     2.000     7   7.9830
     6597     0.00000     0.4181E+01     2.000     7   7.9841
     6598     0.00000     0.4547E+01     2.000     7   7.9843
     6599     0.00000     0.4553E+01     2.000     7   7.9847
     6600     0.00000     0.4868E+01     2.000     6   7.9871
     6601     0.00000     0.6060E+01     2.000     7   7.9875
     6602     0.00000     0.7220E+01     2.000     7   7.9875
     6603     0.00000     0.1127E+02     2.000     7   7.9879
     6604     0.00000     0.1320E+02     2.000     7   7.9879
     6605     0.00000     0.3925E+01     2.000     7   7.9887
     6606     0.00000     0.3871E+01     2.000     7   7.9887
     6607     0.00000     0.4522E+01     2.000     7   7.9889
     6608     0.00000     0.3871E+01     2.000     7   7.9892
     6609     0.00000     0.3287E+01     2.000     7   7.9904
     6610     0.00000     0.4539E+01     2.000     7   7.9930
     6611     0.00000     0.4546E+01     2.000     7   7.9935
     6612     0.00000     0.4372E+01     2.000     6   7.9963
     6613     0.00000     0.4600E+01     2.000     7   7.9969
     6614     0.00000     0.4683E+01     2.000     7   7.9969
     6615     0.00000     0.5460E+01     2.000     7   7.9990
     6617     0.00000     0.2927E+01     2.000     7   8.0033
     6618     0.00000     0.4374E+01     2.000     6   8.0035
     6619     0.00000     0.4834E+01     2.000     7   8.0036
     6620     0.00000     0.2929E+01     2.000     7   8.0034
     6621     0.00000     0.1059E+02     2.000     7   8.0042
     6623     0.00000     0.2878E+01     2.000     7   8.0042
     6624     0.00000     0.2925E+01     2.000     7   8.0048
     6625     0.00000     0.3088E+01     2.000     7   8.0048
     6626     0.00000     0.9390E+01     2.000     7   8.0045
     6627     0.00000     0.2996E+01     2.000     7   8.0058
     6628     0.00000     0.7373E+01     2.000     7   8.0057
     6629     0.00000     0.7915E+01     2.000     7   8.0057
     6630     0.00000     0.8278E+01     2.000     7   8.0057
     6631     0.00000     0.5199E+01     2.000     7   8.0056
     6632     0.00000     0.4341E+01     2.000     6   8.0082
     6633     0.00000     0.3126E+01     2.000     7   8.0084
     6634     0.00000     0.5296E+01     2.000     7   8.0086
     6635     0.00000     0.3996E+01     2.000     7   8.0109
     6636     0.00000     0.2751E+01     2.000     6   8.0111
     6637     0.00000     0.3172E+01     2.000     7   8.0120
     6638     0.00000     0.2782E+01     2.000     7   8.0142
     6639     0.00000     0.8587E+01     2.000     7   8.0150
     6640     0.00000     0.5062E+01     2.000     7   8.0167
     6641     0.00000     0.3535E+01     2.000     7   8.0182
     6642     0.00000     0.4263E+01     2.000     7   8.0203
     6643     0.00000     0.4790E+01     2.000     7   8.0203
     6644     0.00000     0.3031E+01     2.000     7   8.0213
     6645     0.00000     0.3518E+01     2.000     7   8.0213
     6646     0.00000     0.6313E+01     2.000     7   8.0222
     6647     0.00000     0.2675E+01     2.000     7   8.0233
     6648     0.00000     0.2679E+01     2.000     7   8.0232
     6649     0.00000     0.5511E+01     2.000     7   8.0251
     6650     0.00000     0.3845E+01     2.000     7   8.0258
     6651     0.00000     0.3048E+01     2.000     7   8.0262
     6652     0.00000     0.3939E+01     2.000     7   8.0268
     6653     0.00000     0.3050E+01     2.000     7   8.0266
     6654     0.00000     0.5453E+01     2.000     7   8.0290
     6655     0.00000     0.2816E+01     2.000     7   8.0305
     6657     0.00000     0.3813E+01     2.000     7   8.0309
     6658     0.00000     0.4625E+01     2.000     7   8.0325
     6659     0.00000     0.4629E+01     2.000     7   8.0330
     6662     0.00000     0.3224E+01     2.000     7   8.0404
     6663     0.00000     0.3447E+01     2.000     7   8.0409
     6664     0.00000     0.7443E+01     2.000     7   8.0421
     6665     0.00000     0.7142E+01     2.000     7   8.0421
     6666     0.00000     0.7029E+01     2.000     7   8.0421
     6667     0.00000     0.4564E+01     2.000     7   8.0429
     6669     0.00000     0.7130E+01     2.000     7   8.0447
     6670     0.00000     0.8691E+01     2.000     7   8.0447
     6671     0.00000     0.3395E+01     2.000     7   8.0460
     6672     0.00000     0.5543E+01     2.000     7   8.0466
     6673     0.00000     0.3896E+01     2.000     7   8.0468
     6674     0.00000     0.3660E+01     2.000     7   8.0468
     6675     0.00000     0.3005E+01     2.000     6   8.0480
     6676     0.00000     0.4209E+01     2.000     7   8.0525
     6677     0.00000     0.4364E+01     2.000     7   8.0544
     6678     0.00000     0.6750E+01     2.000     7   8.0544
     6679     0.00000     0.8173E+01     2.000     7   8.0544
     6681     0.00000     0.3801E+01     2.000     7   8.0573
     6682     0.00000     0.6502E+01     2.000     7   8.0581
     6683     0.00000     0.2702E+01     2.000     7   8.0591
     6684     0.00000     0.4722E+01     2.000     7   8.0598
     6685     0.00000     0.5182E+01     2.000     7   8.0598
     6686     0.00000     0.2970E+01     2.000     7   8.0606
     6687     0.00000     0.3638E+01     2.000     7   8.0611
     6689     0.00000     0.3975E+01     2.000     7   8.0648
     6690     0.00000     0.6210E+01     2.000     7   8.0648
     6692     0.00000     0.2814E+01     2.000     7   8.0661
     6695     0.00000     0.3509E+01     2.000     7   8.0738
     6696     0.00000     0.5343E+01     2.000     7   8.0744
     6697     0.00000     0.3100E+01     2.000     7   8.0751
     6698     0.00000     0.3909E+01     2.000     7   8.0766
     6699     0.00000     0.3692E+01     2.000     7   8.0774
     6700     0.00000     0.2967E+01     2.000     7   8.0795
     6701     0.00000     0.3092E+01     2.000     7   8.0809
     6702     0.00000     0.3138E+01     2.000     7   8.0812
     6703     0.00000     0.3484E+01     2.000     7   8.0811
     6704     0.00000     0.3173E+01     2.000     7   8.0812
     6705     0.00000     0.7209E+01     2.000     7   8.0816
     6707     0.00000     0.2791E+01     2.000     7   8.0818
     6708     0.00000     0.6472E+01     2.000     7   8.0827
     6709     0.00000     0.3821E+01     2.000     7   8.0842
     6710     0.00000     0.7029E+01     2.000     7   8.0852
     6711     0.00000     0.7296E+01     2.000     7   8.0920
     6712     0.00000     0.4754E+01     2.000     7   8.0926
     6714     0.00000     0.3415E+01     2.000     7   8.0982
     6715     0.00000     0.3800E+01     2.000     7   8.0982
     6716     0.00000     0.3219E+01     2.000     7   8.1016
     6717     0.00000     0.5144E+01     2.000     7   8.1021
     6718     0.00000     0.4297E+01     2.000     7   8.1062
     6719     0.00000     0.3265E+01     2.000     7   8.1066
     6720     0.00000     0.2706E+01     2.000     7   8.1089
     6721     0.00000     0.6132E+01     2.000     7   8.1102
     6724     0.00000     0.3042E+01     2.000     7   8.1186
     6725     0.00000     0.6362E+01     2.000     7   8.1191
     6726     0.00000     0.6538E+01     2.000     7   8.1191
     6727     0.00000     0.7236E+01     2.000     7   8.1191
     6729     0.00000     0.3268E+01     2.000     7   8.1250
     6731     0.00000     0.2869E+01     2.000     7   8.1256
     6734     0.00000     0.9341E+01     2.000     7   8.1273
     6735     0.00000     0.8945E+01     2.000     7   8.1273
     6736     0.00000     0.9388E+01     2.000     7   8.1273
     6737     0.00000     0.3813E+01     2.000     6   8.1313
     6739     0.00000     0.5981E+01     2.000     7   8.1321
     6740     0.00000     0.3105E+01     2.000     7   8.1343
     6741     0.00000     0.1114E+02     2.000     7   8.1361
     6742     0.00000     0.1105E+02     2.000     7   8.1361
     6747     0.00000     0.1062E+02     2.000     7   8.1396
     6748     0.00000     0.7222E+01     2.000     7   8.1402
     6750     0.00000     0.6240E+01     2.000     7   8.1413
     6751     0.00000     0.4797E+01     2.000     7   8.1415
     6752     0.00000     0.4943E+01     2.000     7   8.1422
     6753     0.00000     0.4534E+01     2.000     7   8.1454
     6755     0.00000     0.3898E+01     2.000     7   8.1462
     6756     0.00000     0.2696E+01     2.000     7   8.1468
     6757     0.00000     0.2733E+01     2.000     7   8.1468
     6758     0.00000     0.2688E+01     2.000     7   8.1486
     6759     0.00000     0.2913E+01     2.000     6   8.1489
     6760     0.00000     0.2874E+01     2.000     7   8.1494
     6761     0.00000     0.2892E+01     2.000     7   8.1500
     6762     0.00000     0.6217E+01     2.000     7   8.1530
     6763     0.00000     0.7244E+01     2.000     7   8.1538
     6764     0.00000     0.6806E+01     2.000     7   8.1538
     6765     0.00000     0.7117E+01     2.000     7   8.1538
     6766     0.00000     0.3766E+01     2.000     7   8.1571
     6767     0.00000     0.2784E+01     2.000     7   8.1583
     6768     0.00000     0.4783E+01     2.000     7   8.1583
     6770     0.00000     0.3487E+01     2.000     7   8.1591
     6771     0.00000     0.3368E+01     2.000     7   8.1597
     6772     0.00000     0.6061E+01     2.000     7   8.1598
     6774     0.00000     0.5607E+01     2.000     7   8.1614
     6776     0.00000     0.6017E+01     2.000     7   8.1625
     6777     0.00000     0.4023E+01     2.000     7   8.1695
     6778     0.00000     0.3468E+01     2.000     7   8.1697
     6780     0.00000     0.2678E+01     2.000     4   8.1718
     6781     0.00000     0.2980E+01     2.000     5   8.1721
     6783     0.00000     0.6086E+01     2.000     7   8.1729
     6784     0.00000     0.2715E+01     2.000     6   8.1741
     6786     0.00000     0.4554E+01     2.000     7   8.1759
     6787     0.00000     0.7587E+01     2.000     7   8.1768
     6788     0.00000     0.8350E+01     2.000     7   8.1768
     6789     0.00000     0.3196E+01     2.000     7   8.1772
     6790     0.00000     0.4535E+01     2.000     7   8.1791
     6791     0.00000     0.4146E+01     2.000     7   8.1836
     6792     0.00000     0.3579E+01     2.000     7   8.1846
     6793     0.00000     0.3814E+01     2.000     5   8.1861
     6795     0.00000     0.9976E+01     2.000     7   8.1867
     6796     0.00000     0.7340E+01     2.000     7   8.1889
     6798     0.00000     0.1045E+02     2.000     7   8.1905
     6799     0.00000     0.4851E+01     2.000     7   8.1909
     6800     0.00000     0.5205E+01     2.000     7   8.1927
     6801     0.00000     0.6058E+01     2.000     7   8.1948
     6802     0.00000     0.5908E+01     2.000     7   8.1945
     6803     0.00000     0.5468E+01     2.000     7   8.1954
     6804     0.00000     0.5010E+01     2.000     7   8.1959
     6806     0.00000     0.2818E+01     2.000     6   8.1984
     6807     0.00000     0.4468E+01     2.000     7   8.2016
     6809     0.00000     0.3360E+01     2.000     7   8.2044
     6810     0.00000     0.6854E+01     2.000     7   8.2043
     6811     0.00000     0.5812E+01     2.000     7   8.2045
     6812     0.00000     0.3801E+01     2.000     7   8.2073
     6813     0.00000     0.2830E+01     2.000     6   8.2078
     6816     0.00000     0.3337E+01     2.000     7   8.2138
     6819     0.00000     0.4833E+01     2.000     7   8.2174
     6820     0.00000     0.3045E+01     2.000     5   8.2178
     6823     0.00000     0.4940E+01     2.000     7   8.2225
     6824     0.00000     0.6416E+01     2.000     7   8.2228
     6825     0.00000     0.5670E+01     2.000     7   8.2259
     6827     0.00000     0.5310E+01     2.000     7   8.2308
     6829     0.00000     0.2782E+01     2.000     7   8.2329
     6830     0.00000     0.4056E+01     2.000     6   8.2358
     6831     0.00000     0.6263E+01     2.000     7   8.2356
     6833     0.00000     0.5408E+01     2.000     5   8.2363
     6835     0.00000     0.3317E+01     2.000     7   8.2385
     6836     0.00000     0.3593E+01     2.000     5   8.2393
     6837     0.00000     0.2870E+01     2.000     7   8.2430
     6838     0.00000     0.2962E+01     2.000     6   8.2441
     6839     0.00000     0.4351E+01     2.000     6   8.2441
     6841     0.00000     0.1141E+02     2.000     7   8.2455
     6843     0.00000     0.3787E+01     2.000     7   8.2485
     6844     0.00000     0.2983E+01     2.000     7   8.2488
     6845     0.00000     0.4183E+01     2.000     7   8.2495
     6846     0.00000     0.3104E+01     2.000     7   8.2502
     6848     0.00000     0.6707E+01     2.000     7   8.2538
     6849     0.00000     0.1430E+02     2.000     7   8.2542
     6850     0.00000     0.3649E+01     2.000     7   8.2577
     6851     0.00000     0.4080E+01     2.000     7   8.2585
     6852     0.00000     0.5943E+01     2.000     7   8.2595
     6854     0.00000     0.6553E+01     2.000     7   8.2638
     6855     0.00000     0.7947E+01     2.000     7   8.2637
     6858     0.00000     0.3553E+01     2.000     7   8.2663
     6859     0.00000     0.4152E+01     2.000     7   8.2672
     6860     0.00000     0.5256E+01     2.000     7   8.2682
     6861     0.00000     0.3722E+01     2.000     7   8.2683
     6865     0.00000     0.3814E+01     2.000     7   8.2780
     6867     0.00000     0.2835E+01     2.000     7   8.2786
     6868     0.00000     0.8319E+01     2.000     7   8.2808
     6873     0.00000     0.4979E+01     2.000     7   8.2903
     6876     0.00000     0.3536E+01     2.000     7   8.2947
     6878     0.00000     0.5958E+01     2.000     7   8.2985
     6879     0.00000     0.3817E+01     2.000     6   8.2989
     6880     0.00000     0.2947E+01     2.000     7   8.2994
     6881     0.00000     0.3431E+01     2.000     7   8.3003
     6886     0.00000     0.4347E+01     2.000     7   8.3056
     6889     0.00000     0.6450E+01     2.000     7   8.3118
     6892     0.00000     0.6530E+01     2.000     7   8.3153
     6893     0.00000     0.3797E+01     2.000     7   8.3158
     6894     0.00000     0.3885E+01     2.000     6   8.3211
     6895     0.00000     0.3679E+01     2.000     6   8.3211
     6896     0.00000     0.3720E+01     2.000     6   8.3211
     6897     0.00000     0.1636E+02     2.000     7   8.3225
     6898     0.00000     0.7298E+01     2.000     7   8.3235
     6899     0.00000     0.6003E+01     2.000     7   8.3235
     6904     0.00000     0.3135E+01     2.000     6   8.3327
     6905     0.00000     0.1011E+02     2.000     7   8.3323
     6906     0.00000     0.3997E+01     2.000     7   8.3355
     6908     0.00000     0.5027E+01     2.000     6   8.3381
     6909     0.00000     0.4478E+01     2.000     6   8.3381
     6910     0.00000     0.3160E+01     2.000     6   8.3387
     6911     0.00000     0.1616E+02     2.000     7   8.3395
     6912     0.00000     0.4000E+01     2.000     7   8.3401
     6913     0.00000     0.5811E+01     2.000     7   8.3408
     6914     0.00000     0.5932E+01     2.000     7   8.3408
     6915     0.00000     0.4184E+01     2.000     5   8.3463
     6916     0.00000     0.6686E+01     2.000     7   8.3476
     6917     0.00000     0.5657E+01     2.000     7   8.3500
     6918     0.00000     0.6313E+01     2.000     7   8.3500
     6919     0.00000     0.3611E+01     2.000     7   8.3502
     6920     0.00000     0.5309E+01     2.000     7   8.3526
     6921     0.00000     0.3235E+01     2.000     6   8.3559
     6924     0.00000     0.7020E+01     2.000     7   8.3578
     6925     0.00000     0.6856E+01     2.000     7   8.3578
     6926     0.00000     0.7974E+01     2.000     7   8.3578
     6927     0.00000     0.4500E+01     2.000     7   8.3606
     6928     0.00000     0.4834E+01     2.000     6   8.3606
     6930     0.00000     0.8647E+01     2.000     7   8.3661
     6931     0.00000     0.7460E+01     2.000     7   8.3661
     6932     0.00000     0.4791E+01     2.000     7   8.3684
     6933     0.00000     0.9842E+01     2.000     7   8.3748
     6934     0.00000     0.4755E+01     2.000     7   8.3755
     6935     0.00000     0.4596E+01     2.000     7   8.3755
     6936     0.00000     0.4977E+01     2.000     7   8.3755
     6937     0.00000     0.3859E+01     2.000     7   8.3788
     6938     0.00000     0.2901E+01     2.000     7   8.3796
     6939     0.00000     0.2771E+01     2.000     6   8.3830
     6940     0.00000     0.3608E+01     2.000     7   8.3839
     6941     0.00000     0.2861E+01     2.000     7   8.3868
     6944     0.00000     0.3576E+01     2.000     7   8.3904
     6945     0.00000     0.4332E+01     2.000     7   8.3909
     6946     0.00000     0.5041E+01     2.000     7   8.3909
     6947     0.00000     0.6182E+01     2.000     7   8.3925
     6948     0.00000     0.6670E+01     2.000     7   8.3925
     6949     0.00000     0.4003E+01     2.000     7   8.3949
     6950     0.00000     0.6613E+01     2.000     7   8.3973
     6951     0.00000     0.4461E+01     2.000     7   8.3997
     6952     0.00000     0.5167E+01     2.000     7   8.3997
     6953     0.00000     0.6312E+01     2.000     7   8.4005
     6955     0.00000     0.2840E+01     2.000     7   8.4030
     6958     0.00000     0.4397E+01     2.000     7   8.4103
     6959     0.00000     0.4373E+01     2.000     7   8.4108
     6960     0.00000     0.4820E+01     2.000     7   8.4119
     6961     0.00000     0.4137E+01     2.000     7   8.4133
     6963     0.00000     0.3354E+01     2.000     7   8.4162
     6964     0.00000     0.3133E+01     2.000     6   8.4255
     6965     0.00000     0.6564E+01     2.000     6   8.4277
     6967     0.00000     0.6104E+01     2.000     7   8.4328
     6968     0.00000     0.5379E+01     2.000     7   8.4344
     6969     0.00000     0.4046E+01     2.000     7   8.4340
     6970     0.00000     0.4762E+01     2.000     6   8.4366
     6972     0.00000     0.1203E+02     2.000     7   8.4430
     6973     0.00000     0.6163E+01     2.000     7   8.4430
     6974     0.00000     0.6831E+01     2.000     7   8.4430
     6975     0.00000     0.6010E+01     2.000     7   8.4430
     6976     0.00000     0.3544E+01     2.000     7   8.4506
     6977     0.00000     0.4040E+01     2.000     6   8.4517
     6978     0.00000     0.6869E+01     2.000     7   8.4521
     6979     0.00000     0.4167E+01     2.000     7   8.4543
     6981     0.00000     0.9853E+01     2.000     7   8.4593
     6982     0.00000     0.3599E+01     2.000     6   8.4603
     6983     0.00000     0.1350E+02     2.000     7   8.4601
     6984     0.00000     0.1103E+02     2.000     7   8.4601
     6985     0.00000     0.3913E+01     2.000     7   8.4681
     6986     0.00000     0.9226E+01     2.000     7   8.4691
     6987     0.00000     0.3622E+01     2.000     7   8.4745
     6988     0.00000     0.3052E+01     2.000     7   8.4754
     6990     0.00000     0.6369E+01     2.000     7   8.4778
     6992     0.00000     0.7177E+01     2.000     7   8.4847
     6993     0.00000     0.6004E+01     2.000     7   8.4869
     6995     0.00000     0.4790E+01     2.000     7   8.4972
     6996     0.00000     0.4594E+01     2.000     7   8.4972
     6998     0.00000     0.3194E+01     2.000     7   8.5008
     7000     0.00000     0.5415E+01     2.000     6   8.5030
     7002     0.00000     0.4994E+01     2.000     7   8.5196
     7003     0.00000     0.5675E+01     2.000     7   8.5192
     7004     0.00000     0.3752E+01     2.000     6   8.5276
     7005     0.00000     0.3871E+01     2.000     6   8.5325
     7007     0.00000     0.4496E+01     2.000     7   8.5524
     7008     0.00000     0.2816E+01     2.000     7   8.5580
     7009     0.00000     0.7013E+01     2.000     7   8.5607
     7010     0.00000     0.1302E+02     2.000     7   8.5636
     7012     0.00000     0.4519E+01     2.000     6   8.5696
     7013     0.00000     0.3053E+01     2.000     7   8.5708
     7014     0.00000     0.3909E+01     2.000     7   8.5741
     7015     0.00000     0.3542E+01     2.000     7   8.5767
     7016     0.00000     0.1914E+02     2.000     7   8.5806
     7017     0.00000     0.4303E+01     2.000     7   8.5826
     7018     0.00000     0.6010E+01     2.000     7   8.5857
     7019     0.00000     0.1203E+02     2.000     7   8.5984
     7020     0.00000     0.5804E+01     2.000     7   8.5992
     7021     0.00000     0.7165E+01     2.000     7   8.6026
     7022     0.00000     0.4175E+01     2.000     7   8.6041
     7023     0.00000     0.2834E+01     2.000     7   8.6138
     7024     0.00000     0.6037E+01     2.000     7   8.6181
     7025     0.00000     0.3560E+01     2.000     7   8.6255
     7026     0.00000     0.6234E+01     2.000     7   8.6352
     7027     0.00000     0.5037E+01     2.000     7   8.6397
     7028     0.00000     0.7607E+01     2.000     7   8.6448
     7029     0.00000     0.3811E+01     2.000     6   8.6488
     7030     0.00000     0.3506E+01     2.000     6   8.6494
     7031     0.00000     0.8377E+01     2.000     7   8.6556
     7032     0.00000     0.7809E+01     2.000     7   8.6732
     7033     0.00000     0.3391E+01     2.000     7   8.6731
     7034     0.00000     0.4048E+01     2.000     7   8.6792
     7035     0.00000     0.3803E+01     2.000     7   8.6861
     7036     0.00000     0.5074E+01     2.000     7   8.6892
     7038     0.00000     0.3475E+01     2.000     7   8.6926
     7039     0.00000     0.6396E+01     2.000     7   8.6937
     7040     0.00000     0.4752E+01     2.000     7   8.7156
     7041     0.00000     0.2741E+01     2.000     6   8.7168
     7042     0.00000     0.5150E+01     2.000     7   8.7234
     7043     0.00000     0.5239E+01     2.000     7   8.7328
     7044     0.00000     0.5004E+01     2.000     7   8.7394
     7045     0.00000     0.8273E+01     2.000     7   8.7491
     7046     0.00000     0.3198E+01     2.000     7   8.7497
     7047     0.00000     0.4002E+01     2.000     7   8.7524
     7048     0.00000     0.8789E+01     2.000     7   8.7626
     7049     0.00000     0.2783E+01     2.000     6   8.7739
     7050     0.00000     0.3935E+01     2.000     5   8.7895
     7051     0.00000     0.3376E+01     2.000     6   8.7893
     7052     0.00000     0.5529E+01     2.000     7   8.7911
     7053     0.00000     0.3164E+01     2.000     5   8.7943
     7054     0.00000     0.5039E+01     2.000     7   8.7983
     7055     0.00000     0.3285E+01     2.000     7   8.8060
     7056     0.00000     0.4753E+01     2.000     6   8.8063
     7057     0.00000     0.3604E+01     2.000     7   8.8132
     7058     0.00000     0.6196E+01     2.000     6   8.8174
     7059     0.00000     0.4406E+01     2.000     7   8.8201
     7060     0.00000     0.2874E+01     2.000     6   8.8241
     7061     0.00000     0.2894E+01     2.000     6   8.8241
     7062     0.00000     0.1300E+02     2.000     7   8.8250
     7063     0.00000     0.3106E+01     2.000     7   8.8283
     7064     0.00000     0.3938E+01     2.000     7   8.8284
     7065     0.00000     0.7708E+01     2.000     7   8.8342
     7066     0.00000     0.3128E+01     2.000     6   8.8342
     7067     0.00000     0.3111E+01     2.000     5   8.8420
     7068     0.00000     0.3382E+01     2.000     6   8.8449
     7069     0.00000     0.4121E+01     2.000     6   8.8454
     7071     0.00000     0.3996E+01     2.000     7   8.8615
     7072     0.00000     0.5474E+01     2.000     7   8.8622
     7073     0.00000     0.2880E+01     2.000     7   8.8672
     7074     0.00000     0.2753E+01     2.000     5   8.8713
     7075     0.00000     0.3734E+01     2.000     7   8.8744
     7076     0.00000     0.3463E+01     2.000     7   8.8902
     7077     0.00000     0.3849E+01     2.000     7   8.8905
     7078     0.00000     0.3081E+01     2.000     7   8.8911
     7079     0.00000     0.3087E+01     2.000     7   8.8911
     7080     0.00000     0.6196E+01     2.000     7   8.8914
     7081     0.00000     0.5207E+01     2.000     6   8.8944
     7082     0.00000     0.3891E+01     2.000     7   8.8986
     7083     0.00000     0.4546E+01     2.000     7   8.9081
     7084     0.00000     0.4467E+01     2.000     7   8.9081
     7085     0.00000     0.6580E+01     2.000     7   8.9112
     7086     0.00000     0.5445E+01     2.000     7   8.9108
     7087     0.00000     0.2990E+01     2.000     7   8.9117
     7088     0.00000     0.4933E+01     2.000     7   8.9131
     7089     0.00000     0.3169E+01     2.000     6   8.9219
     7090     0.00000     0.3159E+01     2.000     6   8.9219
     7091     0.00000     0.3813E+01     2.000     6   8.9224
     7092     0.00000     0.1075E+02     2.000     7   8.9232
     7095     0.00000     0.5317E+01     2.000     7   8.9392
     7096     0.00000     0.4017E+01     2.000     6   8.9389
     7097     0.00000     0.4674E+01     2.000     6   8.9477
     7098     0.00000     0.4138E+01     2.000     7   8.9654
     7099     0.00000     0.3911E+01     2.000     7   8.9654
     7100     0.00000     0.4509E+01     2.000     6   8.9661
     7101     0.00000     0.6672E+01     2.000     7   8.9668
     7102     0.00000     0.3636E+01     2.000     6   8.9668
     7103     0.00000     0.3852E+01     2.000     7   8.9851
     7104     0.00000     0.3758E+01     2.000     7   8.9851
     7105     0.00000     0.3962E+01     2.000     7   8.9939
     7106     0.00000     0.3984E+01     2.000     7   8.9939
     7107     0.00000     0.5763E+01     2.000     7   8.9948
