# Lanczos recursion order:   16
# Temperature:   10.00
# Dynamical matrix file: corvus-zn-1cys-charge-2.dym

--------------------------------------------------------------
 Path Indices:    1   2
 PDOS Poles:
     Freq. (THz)    Weight
        2.337       0.001557098
        8.380       0.303925637
       12.205       0.685440822
       16.345       0.000095874
       19.862       0.006009512
       29.564       0.001387186
       32.676       0.001244722
       37.954       0.000311012
       40.619       0.000011808
       41.916       0.000013218
       43.983       0.000002597
       90.698       0.000000084
       91.781       0.000000003
       91.909       0.000000009
       94.320       0.000000402
       94.588       0.000000001

 PDOS Einstein freq (single pole), associated temp and eff. force constant: 
 Freq (THz)   Temp (K)   Eff. FC (N/m)
  11.353       544.86     181.7918

 pDOS n Moments, associated Einstein freqs, temps and eff. force constants:
  n     Mom (THz^n)   Freq (THz)     Temp (K)    Eff. FC (N/m)
 -2       0.00923      10.40719       499.45     152.7539
 -1       0.09350      10.69566       513.29     161.3396
  0       1.00000     ---------     --------
  1      11.13215      11.13215       534.24     174.7766
  2     128.89884      11.35336       544.86     181.7918

 Path Red. Mass (AMU):   21.513774
 Path Length (Ang), s^2 (1e-3 Ang^2):  2.2762   2.1963
--------------------------------------------------------------
 Path Indices:    1   3
 PDOS Poles:
     Freq. (THz)    Weight
        2.617       0.025161092
        5.777       0.036439197
       10.020       0.002758043
       19.868       0.009769532
       28.923       0.244655794
       29.669       0.096878719
       36.866       0.201884023
       37.938       0.288284352
       40.764       0.068594333
       42.300       0.000933576
       43.956       0.004202705
       90.698       0.005772664
       91.781       0.014386453
       91.909       0.000180320
       94.320       0.000021759
       94.588       0.000077440

 PDOS Einstein freq (single pole), associated temp and eff. force constant: 
 Freq (THz)   Temp (K)   Eff. FC (N/m)
  35.772      1716.72      83.2687

 pDOS n Moments, associated Einstein freqs, temps and eff. force constants:
  n     Mom (THz^n)   Freq (THz)     Temp (K)    Eff. FC (N/m)
 -2       0.00562      13.34352       640.37      11.5862
 -1       0.04351      22.98170      1102.91      34.3687
  0       1.00000     ---------     --------
  1      33.71843      33.71843      1618.18      73.9833
  2    1279.62436      35.77184      1716.72      83.2687

 Path Red. Mass (AMU):    0.992637
 Path Length (Ang), s^2 (1e-3 Ang^2):  3.1378  22.1540
--------------------------------------------------------------
 Path Indices:    1   4
 PDOS Poles:
     Freq. (THz)    Weight
        5.011       0.207415112
        8.037       0.141566712
        9.032       0.047359770
       19.655       0.024367811
       19.937       0.075393854
       29.571       0.104490934
       32.678       0.204829418
       37.960       0.118439326
       40.762       0.063532642
       41.947       0.002457438
       43.985       0.004491733
       90.698       0.005043967
       91.781       0.000606670
       91.909       0.000002698
       94.320       0.000000071
       94.588       0.000001815

 PDOS Einstein freq (single pole), associated temp and eff. force constant: 
 Freq (THz)   Temp (K)   Eff. FC (N/m)
  26.525      1272.96     467.9990

 pDOS n Moments, associated Einstein freqs, temps and eff. force constants:
  n     Mom (THz^n)   Freq (THz)     Temp (K)    Eff. FC (N/m)
 -2       0.01172       9.23675       443.28      56.7507
 -1       0.08397      11.90848       571.50      94.3291
  0       1.00000     ---------     --------
  1      22.27013      22.27013      1068.76     329.8973
  2     703.57711      26.52503      1272.96     467.9990

 Path Red. Mass (AMU):   10.146692
 Path Length (Ang), s^2 (1e-3 Ang^2):  3.1756   4.1826
--------------------------------------------------------------
 Path Indices:    1   5
 PDOS Poles:
     Freq. (THz)    Weight
        2.190       0.020648119
        5.583       0.042531940
        9.106       0.004556176
       19.884       0.011271880
       28.940       0.265072534
       29.779       0.065001684
       36.859       0.240069652
       37.917       0.236904678
       40.754       0.075247137
       42.068       0.001083557
       43.969       0.004030913
       90.698       0.025195409
       91.781       0.008235390
       91.909       0.000019051
       94.320       0.000027277
       94.588       0.000104597

 PDOS Einstein freq (single pole), associated temp and eff. force constant: 
 Freq (THz)   Temp (K)   Eff. FC (N/m)
  36.950      1773.27      88.8450

 pDOS n Moments, associated Einstein freqs, temps and eff. force constants:
  n     Mom (THz^n)   Freq (THz)     Temp (K)    Eff. FC (N/m)
 -2       0.00654      12.36906       593.60       9.9557
 -1       0.04455      22.44687      1077.24      32.7877
  0       1.00000     ---------     --------
  1      34.33126      34.33126      1647.59      76.6971
  2    1365.31735      36.95020      1773.27      88.8450

 Path Red. Mass (AMU):    0.992637
 Path Length (Ang), s^2 (1e-3 Ang^2):  3.1821  22.6821
--------------------------------------------------------------
 Path Indices:    1   6
 PDOS Poles:
     Freq. (THz)    Weight
        4.977       0.101109721
        8.329       0.394019216
       11.403       0.021839582
       12.785       0.011379581
       19.877       0.024903095
       29.570       0.154744736
       32.677       0.100242002
       37.951       0.002825799
       40.745       0.000838592
       41.959       0.160712629
       43.985       0.000195121
       90.698       0.000020196
       91.781       0.000211093
       91.909       0.023435277
       94.320       0.003507271
       94.588       0.000016067

 PDOS Einstein freq (single pole), associated temp and eff. force constant: 
 Freq (THz)   Temp (K)   Eff. FC (N/m)
  28.404      1363.12     536.6377

 pDOS n Moments, associated Einstein freqs, temps and eff. force constants:
  n     Mom (THz^n)   Freq (THz)     Temp (K)    Eff. FC (N/m)
 -2       0.01043       9.79209       469.93      63.7800
 -1       0.08420      11.87614       569.95      93.8175
  0       1.00000     ---------     --------
  1      21.92696      21.92696      1052.29     319.8086
  2     806.76664      28.40364      1363.12     536.6377

 Path Red. Mass (AMU):   10.146692
 Path Length (Ang), s^2 (1e-3 Ang^2):  4.6009   4.1940
--------------------------------------------------------------
 Path Indices:    1   7
 PDOS Poles:
     Freq. (THz)    Weight
        3.108       0.014031879
        7.829       0.085348149
       11.840       0.018016671
       19.111       0.043304235
       28.909       0.134191257
       31.227       0.011372596
       32.755       0.103200109
       36.930       0.084068019
       41.957       0.188782314
       43.758       0.051091615
       43.883       0.108190416
       90.698       0.000329219
       91.781       0.000031341
       91.909       0.049443456
       94.320       0.029584350
       94.588       0.079014417

 PDOS Einstein freq (single pole), associated temp and eff. force constant: 
 Freq (THz)   Temp (K)   Eff. FC (N/m)
  49.006      2351.84     156.2781

 pDOS n Moments, associated Einstein freqs, temps and eff. force constants:
  n     Mom (THz^n)   Freq (THz)     Temp (K)    Eff. FC (N/m)
 -2       0.00363      16.59734       796.52      17.9257
 -1       0.03946      25.34238      1216.20      41.7921
  0       1.00000     ---------     --------
  1      42.21762      42.21762      2026.06     115.9810
  2    2401.59096      49.00603      2351.84     156.2781

 Path Red. Mass (AMU):    0.992637
 Path Length (Ang), s^2 (1e-3 Ang^2):  4.9525  20.0903
--------------------------------------------------------------
 Path Indices:    1   8
 PDOS Poles:
     Freq. (THz)    Weight
        3.626       0.011734602
        7.962       0.089913508
       12.083       0.017295518
       19.249       0.045254630
       28.900       0.116934744
       31.224       0.021229170
       32.822       0.109370346
       36.983       0.075198376
       41.954       0.190164607
       43.229       0.002692312
       43.840       0.147402619
       90.698       0.000073236
       91.781       0.002867259
       91.909       0.052654895
       94.320       0.035087327
       94.588       0.082126846

 PDOS Einstein freq (single pole), associated temp and eff. force constant: 
 Freq (THz)   Temp (K)   Eff. FC (N/m)
  50.037      2401.32     162.9232

 pDOS n Moments, associated Einstein freqs, temps and eff. force constants:
  n     Mom (THz^n)   Freq (THz)     Temp (K)    Eff. FC (N/m)
 -2       0.00308      18.03242       865.39      21.1596
 -1       0.03820      26.17475      1256.15      44.5825
  0       1.00000     ---------     --------
  1      42.99530      42.99530      2063.38     120.2932
  2    2503.70874      50.03707      2401.32     162.9232

 Path Red. Mass (AMU):    0.992637
 Path Length (Ang), s^2 (1e-3 Ang^2):  4.9744  19.4514
--------------------------------------------------------------
 Path Indices:    1   9
 PDOS Poles:
     Freq. (THz)    Weight
        4.995       0.029382091
        8.027       0.009581279
       12.043       0.003078088
       19.873       0.051774187
       23.125       0.000050316
       29.569       0.223769544
       32.678       0.034786978
       37.961       0.022725619
       40.771       0.008432618
       41.960       0.124817313
       43.985       0.055353903
       90.698       0.000220064
       91.781       0.000928563
       91.909       0.168028573
       94.320       0.267039702
       94.588       0.000031136

 PDOS Einstein freq (single pole), associated temp and eff. force constant: 
 Freq (THz)   Temp (K)   Eff. FC (N/m)
  66.586      3195.50     288.5086

 pDOS n Moments, associated Einstein freqs, temps and eff. force constants:
  n     Mom (THz^n)   Freq (THz)     Temp (K)    Eff. FC (N/m)
 -2       0.00194      22.71799      1090.26      33.5845
 -1       0.02828      35.35841      1696.88      81.3551
  0       1.00000     ---------     --------
  1      58.66150      58.66150      2815.22     223.9265
  2    4433.63136      66.58552      3195.50     288.5086

 Path Red. Mass (AMU):    0.992637
 Path Length (Ang), s^2 (1e-3 Ang^2):  5.2886  14.3993
--------------------------------------------------------------
--------------------------------------------------------------
 Path Indices:    1   2   3
 PDOS Poles:
     Freq. (THz)    Weight
        3.966       0.012886410
        7.871       0.015292163
       12.517       0.008375059
       19.613       0.049552158
       28.670       0.111346466
       29.370       0.187619471
       36.525       0.071095391
       37.797       0.339940526
       39.708       0.012164770
       41.366       0.004433836
       43.969       0.002691668
       90.698       0.048898130
       91.781       0.132805270
       91.909       0.001572615
       94.320       0.000255412
       94.588       0.001070660

 PDOS Einstein freq (single pole), associated temp and eff. force constant: 
 Freq (THz)   Temp (K)   Eff. FC (N/m)
  49.330      2367.38     183.7534

 pDOS n Moments, associated Einstein freqs, temps and eff. force constants:
  n     Mom (THz^n)   Freq (THz)     Temp (K)    Eff. FC (N/m)
 -2       0.00193      22.78388      1093.42      39.1986
 -1       0.03209      31.16044      1495.42      73.3201
  0       1.00000     ---------     --------
  1      43.07496      43.07496      2067.20     140.1088
  2    2433.43444      49.32985      2367.38     183.7534

 Path Red. Mass (AMU):    1.151879
 Path Length (Ang), s^2 (1e-3 Ang^2):  4.6160  14.0804
--------------------------------------------------------------
 Path Indices:    1   2   4
 PDOS Poles:
     Freq. (THz)    Weight
        5.040       0.055154175
        8.363       0.180642065
       12.195       0.058848113
       19.728       0.086027558
       19.919       0.284778536
       29.571       0.114257006
       32.679       0.068472036
       37.961       0.113193330
       40.762       0.031047472
       41.962       0.000986937
       43.985       0.006557818
       90.698       0.000013435
       91.781       0.000000712
       91.909       0.000000608
       94.320       0.000019714
       94.588       0.000000065

 PDOS Einstein freq (single pole), associated temp and eff. force constant: 
 Freq (THz)   Temp (K)   Eff. FC (N/m)
  23.911      1147.49     383.7211

 pDOS n Moments, associated Einstein freqs, temps and eff. force constants:
  n     Mom (THz^n)   Freq (THz)     Temp (K)    Eff. FC (N/m)
 -2       0.00638      12.51563       600.64     105.1326
 -1       0.06590      15.17445       728.24     154.5462
  0       1.00000     ---------     --------
  1      21.38800      21.38800      1026.43     307.0240
  2     571.72000      23.91067      1147.49     383.7210

 Path Red. Mass (AMU):   10.238195
 Path Length (Ang), s^2 (1e-3 Ang^2):  4.0620   3.2530
--------------------------------------------------------------
 Path Indices:    1   2   5
 PDOS Poles:
     Freq. (THz)    Weight
        3.964       0.012363467
        7.793       0.016511054
       12.475       0.010031075
       19.477       0.050061611
       28.465       0.061199087
       29.236       0.228394851
       36.575       0.090801788
       37.732       0.306474774
       39.399       0.015104594
       41.199       0.005737617
       43.978       0.002660979
       90.698       0.146509068
       91.781       0.052914517
       91.909       0.000142893
       94.320       0.000196045
       94.588       0.000896574

 PDOS Einstein freq (single pole), associated temp and eff. force constant: 
 Freq (THz)   Temp (K)   Eff. FC (N/m)
  50.245      2411.32     189.7465

 pDOS n Moments, associated Einstein freqs, temps and eff. force constants:
  n     Mom (THz^n)   Freq (THz)     Temp (K)    Eff. FC (N/m)
 -2       0.00192      22.82216      1095.26      39.1468
 -1       0.03197      31.28148      1501.23      73.5456
  0       1.00000     ---------     --------
  1      43.79176      43.79176      2101.61     144.1342
  2    2524.59345      50.24533      2411.32     189.7465

 Path Red. Mass (AMU):    1.146499
 Path Length (Ang), s^2 (1e-3 Ang^2):  4.6029  14.0917
--------------------------------------------------------------
 Path Indices:    1   2   6
 PDOS Poles:
     Freq. (THz)    Weight
        4.148       0.008019420
        8.363       0.516128346
       11.824       0.013559708
       15.234       0.000567705
       19.879       0.069924015
       29.570       0.150557327
       32.677       0.059486121
       37.961       0.008917248
       40.774       0.001008329
       41.959       0.139623818
       43.978       0.000230358
       90.698       0.000000672
       91.781       0.000150547
       91.909       0.020498671
       94.320       0.011327092
       94.588       0.000000613

 PDOS Einstein freq (single pole), associated temp and eff. force constant: 
 Freq (THz)   Temp (K)   Eff. FC (N/m)
  28.232      1354.89     522.7885

 pDOS n Moments, associated Einstein freqs, temps and eff. force constants:
  n     Mom (THz^n)   Freq (THz)     Temp (K)    Eff. FC (N/m)
 -2       0.00844      10.88523       522.39      77.7162
 -1       0.07920      12.62642       605.95     104.5675
  0       1.00000     ---------     --------
  1      21.51906      21.51906      1032.72     303.7270
  2     797.05695      28.23220      1354.89     522.7884

 Path Red. Mass (AMU):   10.005248
 Path Length (Ang), s^2 (1e-3 Ang^2):  5.0176   4.0005
--------------------------------------------------------------
 Path Indices:    1   2   7
 PDOS Poles:
     Freq. (THz)    Weight
        5.562       0.028417177
        7.955       0.106408306
       11.897       0.015304226
       19.099       0.032696443
       28.949       0.119909262
       32.290       0.065802513
       33.075       0.054046414
       36.966       0.069750614
       41.952       0.178107425
       42.398       0.003181576
       43.830       0.175136446
       90.698       0.000329861
       91.781       0.000023885
       91.909       0.047167833
       94.320       0.028946223
       94.588       0.074771784

 PDOS Einstein freq (single pole), associated temp and eff. force constant: 
 Freq (THz)   Temp (K)   Eff. FC (N/m)
  48.257      2315.89     154.4104

 pDOS n Moments, associated Einstein freqs, temps and eff. force constants:
  n     Mom (THz^n)   Freq (THz)     Temp (K)    Eff. FC (N/m)
 -2       0.00332      17.36635       833.43      19.9975
 -1       0.04112      24.32195      1167.23      39.2243
  0       1.00000     ---------     --------
  1      41.22626      41.22626      1978.48     112.6954
  2    2328.72485      48.25686      2315.89     154.4103

 Path Red. Mass (AMU):    1.011462
 Path Length (Ang), s^2 (1e-3 Ang^2):  5.2571  20.5436
--------------------------------------------------------------
 Path Indices:    1   2   8
 PDOS Poles:
     Freq. (THz)    Weight
        5.693       0.028712144
        8.059       0.107329387
       12.030       0.016155469
       19.201       0.035257444
       26.599       0.001202184
       29.038       0.111726961
       32.671       0.127532645
       36.916       0.060727452
       38.114       0.004254052
       41.959       0.188301778
       43.828       0.167937314
       90.698       0.000074544
       91.781       0.002461445
       91.909       0.045841031
       94.320       0.031371620
       94.588       0.071114513

 PDOS Einstein freq (single pole), associated temp and eff. force constant: 
 Freq (THz)   Temp (K)   Eff. FC (N/m)
  48.181      2312.25     153.5256

 pDOS n Moments, associated Einstein freqs, temps and eff. force constants:
  n     Mom (THz^n)   Freq (THz)     Temp (K)    Eff. FC (N/m)
 -2       0.00326      17.51899       840.75      20.2977
 -1       0.04102      24.37666      1169.86      39.2985
  0       1.00000     ---------     --------
  1      41.13968      41.13968      1974.33     111.9308
  2    2321.41551      48.18107      2312.25     153.5256

 Path Red. Mass (AMU):    1.008833
 Path Length (Ang), s^2 (1e-3 Ang^2):  5.2332  20.5509
--------------------------------------------------------------
 Path Indices:    1   2   9
 PDOS Poles:
     Freq. (THz)    Weight
        5.057       0.005940988
        8.388       0.022577011
       12.269       0.003639857
       19.876       0.053391114
       28.120       0.000251829
       29.572       0.159366217
       32.686       0.024055448
       37.962       0.019117415
       40.795       0.006032616
       41.961       0.074207884
       43.985       0.033467690
       90.698       0.000295722
       91.781       0.001281973
       91.909       0.231801098
       94.320       0.364527854
       94.588       0.000045242

 PDOS Einstein freq (single pole), associated temp and eff. force constant: 
 Freq (THz)   Temp (K)   Eff. FC (N/m)
  75.075      3602.93     377.1583

 pDOS n Moments, associated Einstein freqs, temps and eff. force constants:
  n     Mom (THz^n)   Freq (THz)     Temp (K)    Eff. FC (N/m)
 -2       0.00106      30.67782      1472.26      62.9765
 -1       0.02257      44.30902      2126.43     131.3753
  0       1.00000     ---------     --------
  1      68.22476      68.22476      3274.17     311.4682
  2    5636.29937      75.07529      3602.93     377.1583

 Path Red. Mass (AMU):    1.020753
 Path Length (Ang), s^2 (1e-3 Ang^2):  5.9669  11.1741
--------------------------------------------------------------
 Path Indices:    1   3   2
 PDOS Poles:
     Freq. (THz)    Weight
        3.966       0.012886410
        7.871       0.015292163
       12.517       0.008375059
       19.613       0.049552158
       28.670       0.111346466
       29.370       0.187619471
       36.525       0.071095391
       37.797       0.339940526
       39.708       0.012164770
       41.366       0.004433836
       43.969       0.002691668
       90.698       0.048898130
       91.781       0.132805270
       91.909       0.001572615
       94.320       0.000255412
       94.588       0.001070660

 PDOS Einstein freq (single pole), associated temp and eff. force constant: 
 Freq (THz)   Temp (K)   Eff. FC (N/m)
  49.330      2367.38     183.7534

 pDOS n Moments, associated Einstein freqs, temps and eff. force constants:
  n     Mom (THz^n)   Freq (THz)     Temp (K)    Eff. FC (N/m)
 -2       0.00193      22.78388      1093.42      39.1986
 -1       0.03209      31.16044      1495.42      73.3201
  0       1.00000     ---------     --------
  1      43.07496      43.07496      2067.20     140.1088
  2    2433.43444      49.32985      2367.38     183.7534

 Path Red. Mass (AMU):    1.151879
 Path Length (Ang), s^2 (1e-3 Ang^2):  5.4776  14.0804
--------------------------------------------------------------
 Path Indices:    1   3   4
 PDOS Poles:
     Freq. (THz)    Weight
        3.668       0.029358665
        6.436       0.036485421
        9.507       0.007375358
       19.845       0.014596042
       29.090       0.146724213
       30.937       0.021881866
       35.212       0.014026041
       37.401       0.140167842
       39.225       0.011517250
       40.941       0.008111976
       43.927       0.000826343
       90.698       0.154478380
       91.781       0.405455035
       91.909       0.004654921
       94.320       0.000789022
       94.588       0.003551687

 PDOS Einstein freq (single pole), associated temp and eff. force constant: 
 Freq (THz)   Temp (K)   Eff. FC (N/m)
  71.862      3448.70     536.7976

 pDOS n Moments, associated Einstein freqs, temps and eff. force constants:
  n     Mom (THz^n)   Freq (THz)     Temp (K)    Eff. FC (N/m)
 -2       0.00357      16.73499       803.13      29.1117
 -1       0.03181      31.43618      1508.65     102.7249
  0       1.00000     ---------     --------
  1      64.26592      64.26592      3084.18     429.3166
  2    5164.09675      71.86165      3448.70     536.7977

 Path Red. Mass (AMU):    1.585651
 Path Length (Ang), s^2 (1e-3 Ang^2):  4.2347  10.1388
--------------------------------------------------------------
 Path Indices:    1   3   5
 PDOS Poles:
     Freq. (THz)    Weight
        4.886       0.027070690
        6.382       0.007577912
        8.933       0.002846090
       19.881       0.015205871
       29.569       0.108680147
       31.409       0.000434220
       33.546       0.000370127
       37.960       0.117454133
       40.763       0.356823868
       41.954       0.002549868
       43.984       0.002173878
       90.698       0.340447756
       91.781       0.016839405
       91.909       0.000717780
       94.320       0.000800827
       94.588       0.000007433

 PDOS Einstein freq (single pole), associated temp and eff. force constant: 
 Freq (THz)   Temp (K)   Eff. FC (N/m)
  61.884      2969.85     195.9790

 pDOS n Moments, associated Einstein freqs, temps and eff. force constants:
  n     Mom (THz^n)   Freq (THz)     Temp (K)    Eff. FC (N/m)
 -2       0.00186      23.17816      1112.34      27.4926
 -1       0.02742      36.46617      1750.04      68.0517
  0       1.00000     ---------     --------
  1      55.52003      55.52003      2664.45     157.7459
  2    3829.57821      61.88359      2969.85     195.9790

 Path Red. Mass (AMU):    0.780638
 Path Length (Ang), s^2 (1e-3 Ang^2):  4.8891  17.7535
--------------------------------------------------------------
 Path Indices:    1   3   6
 PDOS Poles:
     Freq. (THz)    Weight
        3.704       0.050826620
        7.030       0.070618389
       10.061       0.015256116
       19.478       0.053042958
       20.951       0.004525598
       28.927       0.061278521
       32.682       0.076076728
       37.398       0.013072096
       38.021       0.049196717
       41.959       0.044865577
       43.981       0.001702906
       90.698       0.146731013
       91.781       0.382931795
       91.909       0.020554828
       94.320       0.001157388
       94.588       0.008162805

 PDOS Einstein freq (single pole), associated temp and eff. force constant: 
 Freq (THz)   Temp (K)   Eff. FC (N/m)
  70.864      3400.84     939.1694

 pDOS n Moments, associated Einstein freqs, temps and eff. force constants:
  n     Mom (THz^n)   Freq (THz)     Temp (K)    Eff. FC (N/m)
 -2       0.00571      13.22801       634.82      32.7249
 -1       0.04153      24.07775      1155.51     108.4231
  0       1.00000     ---------     --------
  1      61.76623      61.76623      2964.22     713.4972
  2    5021.73637      70.86421      3400.84     939.1694

 Path Red. Mass (AMU):    2.852865
 Path Length (Ang), s^2 (1e-3 Ang^2):  5.3297   7.3575
--------------------------------------------------------------
 Path Indices:    1   3   7
 PDOS Poles:
     Freq. (THz)    Weight
        2.953       0.018038800
        7.883       0.030364405
       12.100       0.006201172
       19.120       0.142641227
       28.980       0.052313590
       32.612       0.098924018
       36.770       0.101829003
       37.942       0.045308991
       41.857       0.126973811
       42.929       0.013167843
       43.930       0.105723247
       90.698       0.028980239
       91.781       0.062986619
       91.909       0.040974732
       94.320       0.026028619
       94.588       0.099543690

 PDOS Einstein freq (single pole), associated temp and eff. force constant: 
 Freq (THz)   Temp (K)   Eff. FC (N/m)
  55.634      2669.93     173.8655

 pDOS n Moments, associated Einstein freqs, temps and eff. force constants:
  n     Mom (THz^n)   Freq (THz)     Temp (K)    Eff. FC (N/m)
 -2       0.00342      17.10964       821.11      16.4442
 -1       0.03526      28.35915      1360.98      45.1769
  0       1.00000     ---------     --------
  1      47.87091      47.87091      2297.37     128.7280
  2    3095.16265      55.63419      2669.93     173.8655

 Path Red. Mass (AMU):    0.856882
 Path Length (Ang), s^2 (1e-3 Ang^2):  5.6768  20.7975
--------------------------------------------------------------
 Path Indices:    1   3   8
 PDOS Poles:
     Freq. (THz)    Weight
        4.747       0.012526368
        8.176       0.026870656
       12.151       0.004720583
       19.148       0.005036062
       28.956       0.179818077
       32.528       0.086963850
       34.804       0.008082985
       37.611       0.024456215
       41.902       0.071601478
       42.587       0.006020051
       43.847       0.059907252
       90.698       0.059608665
       91.781       0.203054861
       91.909       0.074191807
       94.320       0.053862760
       94.588       0.123278344

 PDOS Einstein freq (single pole), associated temp and eff. force constant: 
 Freq (THz)   Temp (K)   Eff. FC (N/m)
  70.379      3377.57     256.7848

 pDOS n Moments, associated Einstein freqs, temps and eff. force constants:
  n     Mom (THz^n)   Freq (THz)     Temp (K)    Eff. FC (N/m)
 -2       0.00146      26.17609      1256.21      35.5211
 -1       0.02511      39.82373      1911.18      82.2169
  0       1.00000     ---------     --------
  1      63.15577      63.15577      3030.90     206.7775
  2    4953.27012      70.37947      3377.57     256.7848

 Path Red. Mass (AMU):    0.790803
 Path Length (Ang), s^2 (1e-3 Ang^2):  6.2337  16.0478
--------------------------------------------------------------
 Path Indices:    1   3   9
 PDOS Poles:
     Freq. (THz)    Weight
        3.709       0.017704978
        6.019       0.041858446
       12.036       0.005385236
       19.883       0.066351578
       29.566       0.195910282
       32.661       0.026181378
       37.785       0.029705850
       39.638       0.009568645
       41.774       0.110461459
       42.339       0.030887464
       43.971       0.071174183
       90.698       0.024024871
       91.781       0.084441331
       91.909       0.094362895
       94.320       0.191430717
       94.588       0.000550668

 PDOS Einstein freq (single pole), associated temp and eff. force constant: 
 Freq (THz)   Temp (K)   Eff. FC (N/m)
  63.915      3067.34     245.3245

 pDOS n Moments, associated Einstein freqs, temps and eff. force constants:
  n     Mom (THz^n)   Freq (THz)     Temp (K)    Eff. FC (N/m)
 -2       0.00309      18.00224       863.94      19.4620
 -1       0.03321      30.11470      1445.23      54.4618
  0       1.00000     ---------     --------
  1      55.61236      55.61236      2668.89     185.7280
  2    4085.13399      63.91505      3067.34     245.3245

 Path Red. Mass (AMU):    0.916064
 Path Length (Ang), s^2 (1e-3 Ang^2):  5.6506  18.3198
--------------------------------------------------------------
 Path Indices:    1   4   2
 PDOS Poles:
     Freq. (THz)    Weight
        5.040       0.055154175
        8.363       0.180642065
       12.195       0.058848113
       19.728       0.086027558
       19.919       0.284778536
       29.571       0.114257006
       32.679       0.068472036
       37.961       0.113193330
       40.762       0.031047472
       41.962       0.000986937
       43.985       0.006557818
       90.698       0.000013435
       91.781       0.000000712
       91.909       0.000000608
       94.320       0.000019714
       94.588       0.000000065

 PDOS Einstein freq (single pole), associated temp and eff. force constant: 
 Freq (THz)   Temp (K)   Eff. FC (N/m)
  23.911      1147.49     383.7211

 pDOS n Moments, associated Einstein freqs, temps and eff. force constants:
  n     Mom (THz^n)   Freq (THz)     Temp (K)    Eff. FC (N/m)
 -2       0.00638      12.51563       600.64     105.1326
 -1       0.06590      15.17445       728.24     154.5462
  0       1.00000     ---------     --------
  1      21.38800      21.38800      1026.43     307.0240
  2     571.72000      23.91067      1147.49     383.7210

 Path Red. Mass (AMU):   10.238195
 Path Length (Ang), s^2 (1e-3 Ang^2):  4.9614   3.2530
--------------------------------------------------------------
 Path Indices:    1   4   3
 PDOS Poles:
     Freq. (THz)    Weight
        3.668       0.029358665
        6.436       0.036485421
        9.507       0.007375358
       19.845       0.014596042
       29.090       0.146724213
       30.937       0.021881866
       35.212       0.014026041
       37.401       0.140167842
       39.225       0.011517250
       40.941       0.008111976
       43.927       0.000826343
       90.698       0.154478380
       91.781       0.405455035
       91.909       0.004654921
       94.320       0.000789022
       94.588       0.003551687

 PDOS Einstein freq (single pole), associated temp and eff. force constant: 
 Freq (THz)   Temp (K)   Eff. FC (N/m)
  71.862      3448.70     536.7976

 pDOS n Moments, associated Einstein freqs, temps and eff. force constants:
  n     Mom (THz^n)   Freq (THz)     Temp (K)    Eff. FC (N/m)
 -2       0.00357      16.73499       803.13      29.1117
 -1       0.03181      31.43618      1508.65     102.7249
  0       1.00000     ---------     --------
  1      64.26592      64.26592      3084.18     429.3166
  2    5164.09675      71.86165      3448.70     536.7977

 Path Red. Mass (AMU):    1.585651
 Path Length (Ang), s^2 (1e-3 Ang^2):  4.2725  10.1388
--------------------------------------------------------------
 Path Indices:    1   4   5
 PDOS Poles:
     Freq. (THz)    Weight
        3.239       0.019000278
        5.899       0.042011706
        8.914       0.011996563
       19.885       0.015049647
       29.077       0.138418886
       31.138       0.018781758
       35.128       0.012552744
       37.276       0.132645413
       39.116       0.010017775
       40.872       0.010109301
       43.947       0.000740331
       90.698       0.434676855
       91.781       0.150168634
       91.909       0.000433978
       94.320       0.000576891
       94.588       0.002819271

 PDOS Einstein freq (single pole), associated temp and eff. force constant: 
 Freq (THz)   Temp (K)   Eff. FC (N/m)
  72.470      3477.91     531.2849

 pDOS n Moments, associated Einstein freqs, temps and eff. force constants:
  n     Mom (THz^n)   Freq (THz)     Temp (K)    Eff. FC (N/m)
 -2       0.00358      16.71348       802.09      28.2580
 -1       0.03136      31.88887      1530.37     102.8692
  0       1.00000     ---------     --------
  1      65.11602      65.11602      3124.97     428.9266
  2    5251.94618      72.47031      3477.91     531.2849

 Path Red. Mass (AMU):    1.543116
 Path Length (Ang), s^2 (1e-3 Ang^2):  4.2741  10.2704
--------------------------------------------------------------
 Path Indices:    1   4   6
 PDOS Poles:
     Freq. (THz)    Weight
        5.016       0.157108863
        8.312       0.289361863
       11.565       0.016008898
       14.728       0.001131392
       19.875       0.075113855
       29.570       0.109673637
       32.677       0.162459029
       37.916       0.000333063
       40.757       0.001477760
       41.959       0.161513129
       43.985       0.000367977
       90.698       0.001717652
       91.781       0.000418761
       91.909       0.022779928
       94.320       0.000530797
       94.588       0.000003392

 PDOS Einstein freq (single pole), associated temp and eff. force constant: 
 Freq (THz)   Temp (K)   Eff. FC (N/m)
  28.779      1381.12     541.3373

 pDOS n Moments, associated Einstein freqs, temps and eff. force constants:
  n     Mom (THz^n)   Freq (THz)     Temp (K)    Eff. FC (N/m)
 -2       0.01112       9.48283       455.09      58.7759
 -1       0.08423      11.87188       569.74      92.1218
  0       1.00000     ---------     --------
  1      22.64410      22.64410      1086.71     335.1456
  2     828.21780      28.77877      1381.12     541.3372

 Path Red. Mass (AMU):    9.970446
 Path Length (Ang), s^2 (1e-3 Ang^2):  4.6847   4.2696
--------------------------------------------------------------
 Path Indices:    1   4   7
 PDOS Poles:
     Freq. (THz)    Weight
        4.063       0.011387507
        8.051       0.050164383
       11.951       0.008042091
       19.144       0.024825137
       28.920       0.129496796
       32.571       0.092129629
       34.351       0.007554440
       36.969       0.091830327
       41.955       0.137745143
       43.727       0.032178102
       43.910       0.087116379
       90.698       0.000065126
       91.781       0.000038275
       91.909       0.103208544
       94.320       0.059783225
       94.588       0.164434870

 PDOS Einstein freq (single pole), associated temp and eff. force constant: 
 Freq (THz)   Temp (K)   Eff. FC (N/m)
  60.843      2919.89     251.1914

 pDOS n Moments, associated Einstein freqs, temps and eff. force constants:
  n     Mom (THz^n)   Freq (THz)     Temp (K)    Eff. FC (N/m)
 -2       0.00208      21.92318      1052.11      32.6134
 -1       0.03051      32.77320      1572.81      72.8830
  0       1.00000     ---------     --------
  1      53.12071      53.12071      2549.31     191.4768
  2    3701.82891      60.84266      2919.89     251.1914

 Path Red. Mass (AMU):    1.035094
 Path Length (Ang), s^2 (1e-3 Ang^2):  5.3344  14.8979
--------------------------------------------------------------
 Path Indices:    1   4   8
 PDOS Poles:
     Freq. (THz)    Weight
        4.450       0.010693854
        8.098       0.051953291
       11.938       0.008346833
       19.097       0.026273188
       28.944       0.118118751
       32.609       0.106728931
       35.631       0.010734024
       37.087       0.077639885
       41.955       0.139827506
       43.661       0.016232311
       43.878       0.095808667
       90.698       0.000003252
       91.781       0.003185413
       91.909       0.105531110
       94.320       0.067218280
       94.588       0.161704691

 PDOS Einstein freq (single pole), associated temp and eff. force constant: 
 Freq (THz)   Temp (K)   Eff. FC (N/m)
  61.415      2947.37     255.3324

 pDOS n Moments, associated Einstein freqs, temps and eff. force constants:
  n     Mom (THz^n)   Freq (THz)     Temp (K)    Eff. FC (N/m)
 -2       0.00195      22.67179      1088.04      34.7956
 -1       0.03014      33.18293      1592.48      74.5388
  0       1.00000     ---------     --------
  1      53.63703      53.63703      2574.09     194.7523
  2    3771.83598      61.41527      2947.37     255.3324

 Path Red. Mass (AMU):    1.032629
 Path Length (Ang), s^2 (1e-3 Ang^2):  5.3359  14.7491
--------------------------------------------------------------
 Path Indices:    1   4   9
 PDOS Poles:
     Freq. (THz)    Weight
        5.008       0.026838275
        8.160       0.011299897
       12.072       0.002278207
       19.874       0.045327078
       25.336       0.000039322
       29.570       0.215313349
       32.680       0.035276149
       37.962       0.022713839
       40.783       0.007713254
       41.960       0.116068889
       43.985       0.051920981
       90.698       0.000151368
       91.781       0.001087265
       91.909       0.179237119
       94.320       0.284701912
       94.588       0.000033068

 PDOS Einstein freq (single pole), associated temp and eff. force constant: 
 Freq (THz)   Temp (K)   Eff. FC (N/m)
  68.217      3273.79     303.0569

 pDOS n Moments, associated Einstein freqs, temps and eff. force constants:
  n     Mom (THz^n)   Freq (THz)     Temp (K)    Eff. FC (N/m)
 -2       0.00182      23.46655      1126.18      35.8624
 -1       0.02729      36.64060      1758.41      87.4312
  0       1.00000     ---------     --------
  1      60.44957      60.44957      2901.03     237.9729
  2    4653.53739      68.21684      3273.79     303.0569

 Path Red. Mass (AMU):    0.993419
 Path Length (Ang), s^2 (1e-3 Ang^2):  5.2959  13.8845
--------------------------------------------------------------
 Path Indices:    1   5   2
 PDOS Poles:
     Freq. (THz)    Weight
        3.964       0.012363467
        7.793       0.016511054
       12.475       0.010031075
       19.477       0.050061611
       28.465       0.061199087
       29.236       0.228394851
       36.575       0.090801788
       37.732       0.306474774
       39.399       0.015104594
       41.199       0.005737617
       43.978       0.002660979
       90.698       0.146509068
       91.781       0.052914517
       91.909       0.000142893
       94.320       0.000196045
       94.588       0.000896574

 PDOS Einstein freq (single pole), associated temp and eff. force constant: 
 Freq (THz)   Temp (K)   Eff. FC (N/m)
  50.245      2411.32     189.7465

 pDOS n Moments, associated Einstein freqs, temps and eff. force constants:
  n     Mom (THz^n)   Freq (THz)     Temp (K)    Eff. FC (N/m)
 -2       0.00192      22.82216      1095.26      39.1468
 -1       0.03197      31.28148      1501.23      73.5456
  0       1.00000     ---------     --------
  1      43.79176      43.79176      2101.61     144.1342
  2    2524.59345      50.24533      2411.32     189.7465

 Path Red. Mass (AMU):    1.146499
 Path Length (Ang), s^2 (1e-3 Ang^2):  5.5088  14.0917
--------------------------------------------------------------
 Path Indices:    1   5   3
 PDOS Poles:
     Freq. (THz)    Weight
        4.886       0.027070690
        6.382       0.007577912
        8.933       0.002846090
       19.881       0.015205871
       29.569       0.108680147
       31.409       0.000434220
       33.546       0.000370127
       37.960       0.117454133
       40.763       0.356823868
       41.954       0.002549868
       43.984       0.002173878
       90.698       0.340447756
       91.781       0.016839405
       91.909       0.000717780
       94.320       0.000800827
       94.588       0.000007433

 PDOS Einstein freq (single pole), associated temp and eff. force constant: 
 Freq (THz)   Temp (K)   Eff. FC (N/m)
  61.884      2969.85     195.9790

 pDOS n Moments, associated Einstein freqs, temps and eff. force constants:
  n     Mom (THz^n)   Freq (THz)     Temp (K)    Eff. FC (N/m)
 -2       0.00186      23.17816      1112.34      27.4926
 -1       0.02742      36.46617      1750.04      68.0517
  0       1.00000     ---------     --------
  1      55.52003      55.52003      2664.45     157.7459
  2    3829.57821      61.88359      2969.85     195.9790

 Path Red. Mass (AMU):    0.780638
 Path Length (Ang), s^2 (1e-3 Ang^2):  4.9333  17.7535
--------------------------------------------------------------
 Path Indices:    1   5   4
 PDOS Poles:
     Freq. (THz)    Weight
        3.239       0.019000278
        5.899       0.042011706
        8.914       0.011996563
       19.885       0.015049647
       29.077       0.138418886
       31.138       0.018781758
       35.128       0.012552744
       37.276       0.132645413
       39.116       0.010017775
       40.872       0.010109301
       43.947       0.000740331
       90.698       0.434676855
       91.781       0.150168634
       91.909       0.000433978
       94.320       0.000576891
       94.588       0.002819271

 PDOS Einstein freq (single pole), associated temp and eff. force constant: 
 Freq (THz)   Temp (K)   Eff. FC (N/m)
  72.470      3477.91     531.2849

 pDOS n Moments, associated Einstein freqs, temps and eff. force constants:
  n     Mom (THz^n)   Freq (THz)     Temp (K)    Eff. FC (N/m)
 -2       0.00358      16.71348       802.09      28.2580
 -1       0.03136      31.88887      1530.37     102.8692
  0       1.00000     ---------     --------
  1      65.11602      65.11602      3124.97     428.9266
  2    5251.94618      72.47031      3477.91     531.2849

 Path Red. Mass (AMU):    1.543116
 Path Length (Ang), s^2 (1e-3 Ang^2):  4.2806  10.2704
--------------------------------------------------------------
 Path Indices:    1   5   6
 PDOS Poles:
     Freq. (THz)    Weight
        3.717       0.042627649
        6.820       0.069693142
        9.600       0.019866051
       19.334       0.049987288
       20.881       0.004085212
       28.942       0.058669937
       32.675       0.069419610
       37.062       0.008694507
       37.985       0.044422186
       41.959       0.043304701
       43.983       0.001653191
       90.698       0.422305528
       91.781       0.154683594
       91.909       0.002907689
       94.320       0.000900517
       94.588       0.006779229

 PDOS Einstein freq (single pole), associated temp and eff. force constant: 
 Freq (THz)   Temp (K)   Eff. FC (N/m)
  71.938      3452.35     935.2229

 pDOS n Moments, associated Einstein freqs, temps and eff. force constants:
  n     Mom (THz^n)   Freq (THz)     Temp (K)    Eff. FC (N/m)
 -2       0.00521      13.85238       664.79      34.6777
 -1       0.03962      25.24087      1211.33     115.1359
  0       1.00000     ---------     --------
  1      63.23450      63.23450      3034.68     722.6203
  2    5175.03366      71.93771      3452.35     935.2229

 Path Red. Mass (AMU):    2.756724
 Path Length (Ang), s^2 (1e-3 Ang^2):  5.3724   7.2632
--------------------------------------------------------------
 Path Indices:    1   5   7
 PDOS Poles:
     Freq. (THz)    Weight
        4.944       0.013435928
        8.292       0.025020896
       12.390       0.003546298
       19.321       0.006431859
       28.935       0.185137662
       32.568       0.077092067
       35.573       0.007691687
       37.706       0.023667097
       41.898       0.072436721
       42.920       0.005229483
       43.866       0.062408751
       90.698       0.178294450
       91.781       0.058958667
       91.909       0.105143790
       94.320       0.048261462
       94.588       0.127243176

 PDOS Einstein freq (single pole), associated temp and eff. force constant: 
 Freq (THz)   Temp (K)   Eff. FC (N/m)
  70.437      3380.32     255.6302

 pDOS n Moments, associated Einstein freqs, temps and eff. force constants:
  n     Mom (THz^n)   Freq (THz)     Temp (K)    Eff. FC (N/m)
 -2       0.00141      26.65128      1279.02      36.5975
 -1       0.02485      40.24731      1931.50      83.4619
  0       1.00000     ---------     --------
  1      63.30656      63.30656      3038.14     206.4963
  2    4961.32092      70.43664      3380.32     255.6302

 Path Red. Mass (AMU):    0.785970
 Path Length (Ang), s^2 (1e-3 Ang^2):  6.2763  15.9765
--------------------------------------------------------------
 Path Indices:    1   5   8
 PDOS Poles:
     Freq. (THz)    Weight
        2.942       0.015408769
        7.765       0.032088651
       11.653       0.006348837
       19.100       0.140186689
       29.033       0.046633598
       32.631       0.106538471
       36.850       0.112145826
       38.166       0.023492922
       41.876       0.128051537
       43.043       0.011102105
       43.917       0.098171790
       90.698       0.078760538
       91.781       0.012806196
       91.909       0.058602629
       94.320       0.030610613
       94.588       0.099050821

 PDOS Einstein freq (single pole), associated temp and eff. force constant: 
 Freq (THz)   Temp (K)   Eff. FC (N/m)
  56.896      2730.47     181.2242

 pDOS n Moments, associated Einstein freqs, temps and eff. force constants:
  n     Mom (THz^n)   Freq (THz)     Temp (K)    Eff. FC (N/m)
 -2       0.00316      17.78885       853.70      17.7155
 -1       0.03435      29.10929      1396.98      47.4374
  0       1.00000     ---------     --------
  1      49.01831      49.01831      2352.43     134.5162
  2    3237.11495      56.89565      2730.47     181.2241

 Path Red. Mass (AMU):    0.853983
 Path Length (Ang), s^2 (1e-3 Ang^2):  5.7292  20.3303
--------------------------------------------------------------
 Path Indices:    1   5   9
 PDOS Poles:
     Freq. (THz)    Weight
        3.961       0.019546733
        6.191       0.039195334
       12.156       0.005221804
       19.861       0.064525308
       29.564       0.198452689
       32.610       0.026233891
       37.331       0.016989508
       38.702       0.017487393
       41.663       0.093444044
       42.264       0.050455748
       43.962       0.070570282
       90.698       0.074026697
       91.781       0.019598841
       91.909       0.116551763
       94.320       0.186764592
       94.588       0.000935356

 PDOS Einstein freq (single pole), associated temp and eff. force constant: 
 Freq (THz)   Temp (K)   Eff. FC (N/m)
  64.003      3071.58     244.6334

 pDOS n Moments, associated Einstein freqs, temps and eff. force constants:
  n     Mom (THz^n)   Freq (THz)     Temp (K)    Eff. FC (N/m)
 -2       0.00291      18.54501       889.99      20.5383
 -1       0.03270      30.58298      1467.70      55.8559
  0       1.00000     ---------     --------
  1      55.75587      55.75587      2675.77     185.6482
  2    4096.43652      64.00341      3071.58     244.6334

 Path Red. Mass (AMU):    0.910963
 Path Length (Ang), s^2 (1e-3 Ang^2):  5.6831  18.1403
--------------------------------------------------------------
 Path Indices:    1   6   2
 PDOS Poles:
     Freq. (THz)    Weight
        4.148       0.008019420
        8.363       0.516128346
       11.824       0.013559708
       15.234       0.000567705
       19.879       0.069924015
       29.570       0.150557327
       32.677       0.059486121
       37.961       0.008917248
       40.774       0.001008329
       41.959       0.139623818
       43.978       0.000230358
       90.698       0.000000672
       91.781       0.000150547
       91.909       0.020498671
       94.320       0.011327092
       94.588       0.000000613

 PDOS Einstein freq (single pole), associated temp and eff. force constant: 
 Freq (THz)   Temp (K)   Eff. FC (N/m)
  28.232      1354.89     522.7885

 pDOS n Moments, associated Einstein freqs, temps and eff. force constants:
  n     Mom (THz^n)   Freq (THz)     Temp (K)    Eff. FC (N/m)
 -2       0.00844      10.88523       522.39      77.7162
 -1       0.07920      12.62642       605.95     104.5675
  0       1.00000     ---------     --------
  1      21.51906      21.51906      1032.72     303.7270
  2     797.05695      28.23220      1354.89     522.7884

 Path Red. Mass (AMU):   10.005248
 Path Length (Ang), s^2 (1e-3 Ang^2):  7.3423   4.0005
--------------------------------------------------------------
 Path Indices:    1   6   3
 PDOS Poles:
     Freq. (THz)    Weight
        3.704       0.050826620
        7.030       0.070618389
       10.061       0.015256116
       19.478       0.053042958
       20.951       0.004525598
       28.927       0.061278521
       32.682       0.076076728
       37.398       0.013072096
       38.021       0.049196717
       41.959       0.044865577
       43.981       0.001702906
       90.698       0.146731013
       91.781       0.382931795
       91.909       0.020554828
       94.320       0.001157388
       94.588       0.008162805

 PDOS Einstein freq (single pole), associated temp and eff. force constant: 
 Freq (THz)   Temp (K)   Eff. FC (N/m)
  70.864      3400.84     939.1694

 pDOS n Moments, associated Einstein freqs, temps and eff. force constants:
  n     Mom (THz^n)   Freq (THz)     Temp (K)    Eff. FC (N/m)
 -2       0.00571      13.22801       634.82      32.7249
 -1       0.04153      24.07775      1155.51     108.4231
  0       1.00000     ---------     --------
  1      61.76623      61.76623      2964.22     713.4972
  2    5021.73637      70.86421      3400.84     939.1694

 Path Red. Mass (AMU):    2.852865
 Path Length (Ang), s^2 (1e-3 Ang^2):  6.7928   7.3575
--------------------------------------------------------------
 Path Indices:    1   6   4
 PDOS Poles:
     Freq. (THz)    Weight
        5.016       0.157108863
        8.312       0.289361863
       11.565       0.016008898
       14.728       0.001131392
       19.875       0.075113855
       29.570       0.109673637
       32.677       0.162459029
       37.916       0.000333063
       40.757       0.001477760
       41.959       0.161513129
       43.985       0.000367977
       90.698       0.001717652
       91.781       0.000418761
       91.909       0.022779928
       94.320       0.000530797
       94.588       0.000003392

 PDOS Einstein freq (single pole), associated temp and eff. force constant: 
 Freq (THz)   Temp (K)   Eff. FC (N/m)
  28.779      1381.12     541.3373

 pDOS n Moments, associated Einstein freqs, temps and eff. force constants:
  n     Mom (THz^n)   Freq (THz)     Temp (K)    Eff. FC (N/m)
 -2       0.01112       9.48283       455.09      58.7759
 -1       0.08423      11.87188       569.74      92.1218
  0       1.00000     ---------     --------
  1      22.64410      22.64410      1086.71     335.1456
  2     828.21780      28.77877      1381.12     541.3372

 Path Red. Mass (AMU):    9.970446
 Path Length (Ang), s^2 (1e-3 Ang^2):  6.1100   4.2696
--------------------------------------------------------------
 Path Indices:    1   6   5
 PDOS Poles:
     Freq. (THz)    Weight
        3.717       0.042627649
        6.820       0.069693142
        9.600       0.019866051
       19.334       0.049987288
       20.881       0.004085212
       28.942       0.058669937
       32.675       0.069419610
       37.062       0.008694507
       37.985       0.044422186
       41.959       0.043304701
       43.983       0.001653191
       90.698       0.422305528
       91.781       0.154683594
       91.909       0.002907689
       94.320       0.000900517
       94.588       0.006779229

 PDOS Einstein freq (single pole), associated temp and eff. force constant: 
 Freq (THz)   Temp (K)   Eff. FC (N/m)
  71.938      3452.35     935.2229

 pDOS n Moments, associated Einstein freqs, temps and eff. force constants:
  n     Mom (THz^n)   Freq (THz)     Temp (K)    Eff. FC (N/m)
 -2       0.00521      13.85238       664.79      34.6777
 -1       0.03962      25.24087      1211.33     115.1359
  0       1.00000     ---------     --------
  1      63.23450      63.23450      3034.68     722.6203
  2    5175.03366      71.93771      3452.35     935.2229

 Path Red. Mass (AMU):    2.756724
 Path Length (Ang), s^2 (1e-3 Ang^2):  6.7913   7.2632
--------------------------------------------------------------
 Path Indices:    1   6   7
 PDOS Poles:
     Freq. (THz)    Weight
        3.719       0.010175021
        8.084       0.075746715
       11.833       0.012279005
       19.083       0.013174828
       28.804       0.031648151
       29.312       0.008541583
       32.689       0.061765200
       36.912       0.026713799
       41.952       0.033491019
       43.726       0.012640166
       43.875       0.044471980
       90.698       0.001436436
       91.781       0.000322988
       91.909       0.181194109
       94.320       0.134277152
       94.588       0.352121831

 PDOS Einstein freq (single pole), associated temp and eff. force constant: 
 Freq (THz)   Temp (K)   Eff. FC (N/m)
  78.781      3780.76     540.5382

 pDOS n Moments, associated Einstein freqs, temps and eff. force constants:
  n     Mom (THz^n)   Freq (THz)     Temp (K)    Eff. FC (N/m)
 -2       0.00227      20.99277      1007.46      38.3817
 -1       0.02708      36.93333      1772.46     118.8015
  0       1.00000     ---------     --------
  1      71.90775      71.90775      3450.92     450.3356
  2    6206.42485      78.78087      3780.76     540.5381

 Path Red. Mass (AMU):    1.328544
 Path Length (Ang), s^2 (1e-3 Ang^2):  5.6913  10.2998
--------------------------------------------------------------
 Path Indices:    1   6   8
 PDOS Poles:
     Freq. (THz)    Weight
        4.389       0.008971230
        8.173       0.076915150
       11.973       0.011576947
       19.122       0.013410892
       28.876       0.034061016
       32.378       0.025168049
       32.852       0.041825754
       36.945       0.023872707
       41.951       0.033537961
       43.429       0.001263415
       43.841       0.052137442
       90.698       0.000261991
       91.781       0.011525847
       91.909       0.178486791
       94.320       0.147883320
       94.588       0.339101455

 PDOS Einstein freq (single pole), associated temp and eff. force constant: 
 Freq (THz)   Temp (K)   Eff. FC (N/m)
  79.136      3797.80     539.6132

 pDOS n Moments, associated Einstein freqs, temps and eff. force constants:
  n     Mom (THz^n)   Freq (THz)     Temp (K)    Eff. FC (N/m)
 -2       0.00198      22.47587      1078.64      43.5279
 -1       0.02624      38.10943      1828.90     125.1411
  0       1.00000     ---------     --------
  1      72.37464      72.37464      3473.32     451.3444
  2    6262.49410      79.13592      3797.80     539.6131

 Path Red. Mass (AMU):    1.314397
 Path Length (Ang), s^2 (1e-3 Ang^2):  5.6914  10.0894
--------------------------------------------------------------
 Path Indices:    1   6   9
 PDOS Poles:
     Freq. (THz)    Weight
        4.971       0.020357085
        6.971       0.003879723
        8.447       0.022179103
       19.874       0.022408296
       23.252       0.000017933
       29.569       0.099309277
       32.685       0.001801202
       37.960       0.007523768
       40.770       0.003016708
       41.960       0.016119689
       43.985       0.018391524
       90.698       0.000492917
       91.781       0.001455018
       91.909       0.278417454
       94.320       0.504576366
       94.588       0.000053898

 PDOS Einstein freq (single pole), associated temp and eff. force constant: 
 Freq (THz)   Temp (K)   Eff. FC (N/m)
  83.888      4025.86     528.4320

 pDOS n Moments, associated Einstein freqs, temps and eff. force constants:
  n     Mom (THz^n)   Freq (THz)     Temp (K)    Eff. FC (N/m)
 -2       0.00150      25.80226      1238.27      49.9924
 -1       0.02129      46.96069      2253.68     165.5990
  0       1.00000     ---------     --------
  1      79.01470      79.01470      3791.98     468.8182
  2    7037.20739      83.88806      4025.86     528.4319

 Path Red. Mass (AMU):    1.145460
 Path Length (Ang), s^2 (1e-3 Ang^2):  5.6926   9.3953
--------------------------------------------------------------
 Path Indices:    1   7   2
 PDOS Poles:
     Freq. (THz)    Weight
        5.562       0.028417177
        7.955       0.106408306
       11.897       0.015304226
       19.099       0.032696443
       28.949       0.119909262
       32.290       0.065802513
       33.075       0.054046414
       36.966       0.069750614
       41.952       0.178107425
       42.398       0.003181576
       43.830       0.175136446
       90.698       0.000329861
       91.781       0.000023885
       91.909       0.047167833
       94.320       0.028946223
       94.588       0.074771784

 PDOS Einstein freq (single pole), associated temp and eff. force constant: 
 Freq (THz)   Temp (K)   Eff. FC (N/m)
  48.257      2315.89     154.4104

 pDOS n Moments, associated Einstein freqs, temps and eff. force constants:
  n     Mom (THz^n)   Freq (THz)     Temp (K)    Eff. FC (N/m)
 -2       0.00332      17.36635       833.43      19.9975
 -1       0.04112      24.32195      1167.23      39.2243
  0       1.00000     ---------     --------
  1      41.22626      41.22626      1978.48     112.6954
  2    2328.72485      48.25686      2315.89     154.4103

 Path Red. Mass (AMU):    1.011462
 Path Length (Ang), s^2 (1e-3 Ang^2):  7.9335  20.5436
--------------------------------------------------------------
 Path Indices:    1   7   3
 PDOS Poles:
     Freq. (THz)    Weight
        2.953       0.018038800
        7.883       0.030364405
       12.100       0.006201172
       19.120       0.142641227
       28.980       0.052313590
       32.612       0.098924018
       36.770       0.101829003
       37.942       0.045308991
       41.857       0.126973811
       42.929       0.013167843
       43.930       0.105723247
       90.698       0.028980239
       91.781       0.062986619
       91.909       0.040974732
       94.320       0.026028619
       94.588       0.099543690

 PDOS Einstein freq (single pole), associated temp and eff. force constant: 
 Freq (THz)   Temp (K)   Eff. FC (N/m)
  55.634      2669.93     173.8655

 pDOS n Moments, associated Einstein freqs, temps and eff. force constants:
  n     Mom (THz^n)   Freq (THz)     Temp (K)    Eff. FC (N/m)
 -2       0.00342      17.10964       821.11      16.4442
 -1       0.03526      28.35915      1360.98      45.1769
  0       1.00000     ---------     --------
  1      47.87091      47.87091      2297.37     128.7280
  2    3095.16265      55.63419      2669.93     173.8655

 Path Red. Mass (AMU):    0.856882
 Path Length (Ang), s^2 (1e-3 Ang^2):  7.4916  20.7975
--------------------------------------------------------------
 Path Indices:    1   7   4
 PDOS Poles:
     Freq. (THz)    Weight
        4.063       0.011387507
        8.051       0.050164383
       11.951       0.008042091
       19.144       0.024825137
       28.920       0.129496796
       32.571       0.092129629
       34.351       0.007554440
       36.969       0.091830327
       41.955       0.137745143
       43.727       0.032178102
       43.910       0.087116379
       90.698       0.000065126
       91.781       0.000038275
       91.909       0.103208544
       94.320       0.059783225
       94.588       0.164434870

 PDOS Einstein freq (single pole), associated temp and eff. force constant: 
 Freq (THz)   Temp (K)   Eff. FC (N/m)
  60.843      2919.89     251.1914

 pDOS n Moments, associated Einstein freqs, temps and eff. force constants:
  n     Mom (THz^n)   Freq (THz)     Temp (K)    Eff. FC (N/m)
 -2       0.00208      21.92318      1052.11      32.6134
 -1       0.03051      32.77320      1572.81      72.8830
  0       1.00000     ---------     --------
  1      53.12071      53.12071      2549.31     191.4768
  2    3701.82891      60.84266      2919.89     251.1914

 Path Red. Mass (AMU):    1.035094
 Path Length (Ang), s^2 (1e-3 Ang^2):  7.1113  14.8979
--------------------------------------------------------------
 Path Indices:    1   7   5
 PDOS Poles:
     Freq. (THz)    Weight
        4.944       0.013435928
        8.292       0.025020896
       12.390       0.003546298
       19.321       0.006431859
       28.935       0.185137662
       32.568       0.077092067
       35.573       0.007691687
       37.706       0.023667097
       41.898       0.072436721
       42.920       0.005229483
       43.866       0.062408751
       90.698       0.178294450
       91.781       0.058958667
       91.909       0.105143790
       94.320       0.048261462
       94.588       0.127243176

 PDOS Einstein freq (single pole), associated temp and eff. force constant: 
 Freq (THz)   Temp (K)   Eff. FC (N/m)
  70.437      3380.32     255.6302

 pDOS n Moments, associated Einstein freqs, temps and eff. force constants:
  n     Mom (THz^n)   Freq (THz)     Temp (K)    Eff. FC (N/m)
 -2       0.00141      26.65128      1279.02      36.5975
 -1       0.02485      40.24731      1931.50      83.4619
  0       1.00000     ---------     --------
  1      63.30656      63.30656      3038.14     206.4963
  2    4961.32092      70.43664      3380.32     255.6302

 Path Red. Mass (AMU):    0.785970
 Path Length (Ang), s^2 (1e-3 Ang^2):  8.0468  15.9765
--------------------------------------------------------------
 Path Indices:    1   7   6
 PDOS Poles:
     Freq. (THz)    Weight
        3.719       0.010175021
        8.084       0.075746715
       11.833       0.012279005
       19.083       0.013174828
       28.804       0.031648151
       29.312       0.008541583
       32.689       0.061765200
       36.912       0.026713799
       41.952       0.033491019
       43.726       0.012640166
       43.875       0.044471980
       90.698       0.001436436
       91.781       0.000322988
       91.909       0.181194109
       94.320       0.134277152
       94.588       0.352121831

 PDOS Einstein freq (single pole), associated temp and eff. force constant: 
 Freq (THz)   Temp (K)   Eff. FC (N/m)
  78.781      3780.76     540.5382

 pDOS n Moments, associated Einstein freqs, temps and eff. force constants:
  n     Mom (THz^n)   Freq (THz)     Temp (K)    Eff. FC (N/m)
 -2       0.00227      20.99277      1007.46      38.3817
 -1       0.02708      36.93333      1772.46     118.8015
  0       1.00000     ---------     --------
  1      71.90775      71.90775      3450.92     450.3356
  2    6206.42485      78.78087      3780.76     540.5381

 Path Red. Mass (AMU):    1.328544
 Path Length (Ang), s^2 (1e-3 Ang^2):  6.0429  10.2998
--------------------------------------------------------------
 Path Indices:    1   7   8
 PDOS Poles:
     Freq. (THz)    Weight
        4.476       0.001744017
        8.366       0.059203728
       12.191       0.013078340
       19.874       0.003898640
       29.558       0.025797920
       32.672       0.122061455
       33.885       0.000518730
       37.962       0.012876490
       41.590       0.002312984
       41.967       0.072940642
       43.985       0.066011741
       90.698       0.001422650
       91.781       0.004223248
       91.909       0.382298230
       94.320       0.231600194
       94.588       0.000010929

 PDOS Einstein freq (single pole), associated temp and eff. force constant: 
 Freq (THz)   Temp (K)   Eff. FC (N/m)
  76.006      3647.61     319.7152

 pDOS n Moments, associated Einstein freqs, temps and eff. force constants:
  n     Mom (THz^n)   Freq (THz)     Temp (K)    Eff. FC (N/m)
 -2       0.00133      27.39132      1314.53      41.5231
 -1       0.02367      42.24846      2027.54      98.7837
  0       1.00000     ---------     --------
  1      69.55670      69.55670      3338.09     267.7573
  2    5776.96534      76.00635      3647.61     319.7151

 Path Red. Mass (AMU):    0.844218
 Path Length (Ang), s^2 (1e-3 Ang^2):  6.7298  14.1697
--------------------------------------------------------------
 Path Indices:    1   7   9
 PDOS Poles:
     Freq. (THz)    Weight
        4.276       0.012178239
        7.973       0.032678420
       12.219       0.001646306
       19.503       0.016509268
       28.975       0.057428979
       30.020       0.019946090
       36.262       0.012879487
       37.310       0.030754574
       41.807       0.029055920
       42.568       0.005914657
       43.898       0.022464917
       90.698       0.000099297
       91.781       0.000427243
       91.909       0.527285057
       94.320       0.084555950
       94.588       0.146175504

 PDOS Einstein freq (single pole), associated temp and eff. force constant: 
 Freq (THz)   Temp (K)   Eff. FC (N/m)
  82.208      3945.24     377.8776

 pDOS n Moments, associated Einstein freqs, temps and eff. force constants:
  n     Mom (THz^n)   Freq (THz)     Temp (K)    Eff. FC (N/m)
 -2       0.00148      26.02193      1248.82      37.8618
 -1       0.02128      46.98353      2254.78     123.4279
  0       1.00000     ---------     --------
  1      77.29708      77.29708      3709.55     334.0783
  2    6758.16771      82.20808      3945.24     377.8775

 Path Red. Mass (AMU):    0.852930
 Path Length (Ang), s^2 (1e-3 Ang^2):  6.7224  12.6115
--------------------------------------------------------------
 Path Indices:    1   8   2
 PDOS Poles:
     Freq. (THz)    Weight
        5.693       0.028712144
        8.059       0.107329387
       12.030       0.016155469
       19.201       0.035257444
       26.599       0.001202184
       29.038       0.111726961
       32.671       0.127532645
       36.916       0.060727452
       38.114       0.004254052
       41.959       0.188301778
       43.828       0.167937314
       90.698       0.000074544
       91.781       0.002461445
       91.909       0.045841031
       94.320       0.031371620
       94.588       0.071114513

 PDOS Einstein freq (single pole), associated temp and eff. force constant: 
 Freq (THz)   Temp (K)   Eff. FC (N/m)
  48.181      2312.25     153.5256

 pDOS n Moments, associated Einstein freqs, temps and eff. force constants:
  n     Mom (THz^n)   Freq (THz)     Temp (K)    Eff. FC (N/m)
 -2       0.00326      17.51899       840.75      20.2977
 -1       0.04102      24.37666      1169.86      39.2985
  0       1.00000     ---------     --------
  1      41.13968      41.13968      1974.33     111.9308
  2    2321.41551      48.18107      2312.25     153.5256

 Path Red. Mass (AMU):    1.008833
 Path Length (Ang), s^2 (1e-3 Ang^2):  7.9314  20.5509
--------------------------------------------------------------
 Path Indices:    1   8   3
 PDOS Poles:
     Freq. (THz)    Weight
        4.747       0.012526368
        8.176       0.026870656
       12.151       0.004720583
       19.148       0.005036062
       28.956       0.179818077
       32.528       0.086963850
       34.804       0.008082985
       37.611       0.024456215
       41.902       0.071601478
       42.587       0.006020051
       43.847       0.059907252
       90.698       0.059608665
       91.781       0.203054861
       91.909       0.074191807
       94.320       0.053862760
       94.588       0.123278344

 PDOS Einstein freq (single pole), associated temp and eff. force constant: 
 Freq (THz)   Temp (K)   Eff. FC (N/m)
  70.379      3377.57     256.7848

 pDOS n Moments, associated Einstein freqs, temps and eff. force constants:
  n     Mom (THz^n)   Freq (THz)     Temp (K)    Eff. FC (N/m)
 -2       0.00146      26.17609      1256.21      35.5211
 -1       0.02511      39.82373      1911.18      82.2169
  0       1.00000     ---------     --------
  1      63.15577      63.15577      3030.90     206.7775
  2    4953.27012      70.37947      3377.57     256.7848

 Path Red. Mass (AMU):    0.790803
 Path Length (Ang), s^2 (1e-3 Ang^2):  8.0703  16.0478
--------------------------------------------------------------
 Path Indices:    1   8   4
 PDOS Poles:
     Freq. (THz)    Weight
        4.450       0.010693854
        8.098       0.051953291
       11.938       0.008346833
       19.097       0.026273188
       28.944       0.118118751
       32.609       0.106728931
       35.631       0.010734024
       37.087       0.077639885
       41.955       0.139827506
       43.661       0.016232311
       43.878       0.095808667
       90.698       0.000003252
       91.781       0.003185413
       91.909       0.105531110
       94.320       0.067218280
       94.588       0.161704691

 PDOS Einstein freq (single pole), associated temp and eff. force constant: 
 Freq (THz)   Temp (K)   Eff. FC (N/m)
  61.415      2947.37     255.3324

 pDOS n Moments, associated Einstein freqs, temps and eff. force constants:
  n     Mom (THz^n)   Freq (THz)     Temp (K)    Eff. FC (N/m)
 -2       0.00195      22.67179      1088.04      34.7956
 -1       0.03014      33.18293      1592.48      74.5388
  0       1.00000     ---------     --------
  1      53.63703      53.63703      2574.09     194.7523
  2    3771.83598      61.41527      2947.37     255.3324

 Path Red. Mass (AMU):    1.032629
 Path Length (Ang), s^2 (1e-3 Ang^2):  7.1347  14.7491
--------------------------------------------------------------
 Path Indices:    1   8   5
 PDOS Poles:
     Freq. (THz)    Weight
        2.942       0.015408769
        7.765       0.032088651
       11.653       0.006348837
       19.100       0.140186689
       29.033       0.046633598
       32.631       0.106538471
       36.850       0.112145826
       38.166       0.023492922
       41.876       0.128051537
       43.043       0.011102105
       43.917       0.098171790
       90.698       0.078760538
       91.781       0.012806196
       91.909       0.058602629
       94.320       0.030610613
       94.588       0.099050821

 PDOS Einstein freq (single pole), associated temp and eff. force constant: 
 Freq (THz)   Temp (K)   Eff. FC (N/m)
  56.896      2730.47     181.2242

 pDOS n Moments, associated Einstein freqs, temps and eff. force constants:
  n     Mom (THz^n)   Freq (THz)     Temp (K)    Eff. FC (N/m)
 -2       0.00316      17.78885       853.70      17.7155
 -1       0.03435      29.10929      1396.98      47.4374
  0       1.00000     ---------     --------
  1      49.01831      49.01831      2352.43     134.5162
  2    3237.11495      56.89565      2730.47     181.2241

 Path Red. Mass (AMU):    0.853983
 Path Length (Ang), s^2 (1e-3 Ang^2):  7.5215  20.3303
--------------------------------------------------------------
 Path Indices:    1   8   6
 PDOS Poles:
     Freq. (THz)    Weight
        4.389       0.008971230
        8.173       0.076915150
       11.973       0.011576947
       19.122       0.013410892
       28.876       0.034061016
       32.378       0.025168049
       32.852       0.041825754
       36.945       0.023872707
       41.951       0.033537961
       43.429       0.001263415
       43.841       0.052137442
       90.698       0.000261991
       91.781       0.011525847
       91.909       0.178486791
       94.320       0.147883320
       94.588       0.339101455

 PDOS Einstein freq (single pole), associated temp and eff. force constant: 
 Freq (THz)   Temp (K)   Eff. FC (N/m)
  79.136      3797.80     539.6132

 pDOS n Moments, associated Einstein freqs, temps and eff. force constants:
  n     Mom (THz^n)   Freq (THz)     Temp (K)    Eff. FC (N/m)
 -2       0.00198      22.47587      1078.64      43.5279
 -1       0.02624      38.10943      1828.90     125.1411
  0       1.00000     ---------     --------
  1      72.37464      72.37464      3473.32     451.3444
  2    6262.49410      79.13592      3797.80     539.6131

 Path Red. Mass (AMU):    1.314397
 Path Length (Ang), s^2 (1e-3 Ang^2):  6.0649  10.0894
--------------------------------------------------------------
 Path Indices:    1   8   7
 PDOS Poles:
     Freq. (THz)    Weight
        4.476       0.001744017
        8.366       0.059203728
       12.191       0.013078340
       19.874       0.003898640
       29.558       0.025797920
       32.672       0.122061455
       33.885       0.000518730
       37.962       0.012876490
       41.590       0.002312984
       41.967       0.072940642
       43.985       0.066011741
       90.698       0.001422650
       91.781       0.004223248
       91.909       0.382298230
       94.320       0.231600194
       94.588       0.000010929

 PDOS Einstein freq (single pole), associated temp and eff. force constant: 
 Freq (THz)   Temp (K)   Eff. FC (N/m)
  76.006      3647.61     319.7152

 pDOS n Moments, associated Einstein freqs, temps and eff. force constants:
  n     Mom (THz^n)   Freq (THz)     Temp (K)    Eff. FC (N/m)
 -2       0.00133      27.39132      1314.53      41.5231
 -1       0.02367      42.24846      2027.54      98.7837
  0       1.00000     ---------     --------
  1      69.55670      69.55670      3338.09     267.7573
  2    5776.96534      76.00635      3647.61     319.7151

 Path Red. Mass (AMU):    0.844218
 Path Length (Ang), s^2 (1e-3 Ang^2):  6.7517  14.1697
--------------------------------------------------------------
 Path Indices:    1   8   9
 PDOS Poles:
     Freq. (THz)    Weight
        4.719       0.011854015
        8.115       0.032423458
       12.392       0.001447750
       19.306       0.015157536
       29.035       0.065747078
       30.589       0.010430656
       35.850       0.006900586
       37.139       0.035074642
       41.842       0.028836968
       42.692       0.004109474
       43.914       0.021060413
       90.698       0.000022926
       91.781       0.011116076
       91.909       0.526863366
       94.320       0.076609485
       94.588       0.152345478

 PDOS Einstein freq (single pole), associated temp and eff. force constant: 
 Freq (THz)   Temp (K)   Eff. FC (N/m)
  82.573      3962.74     381.1131

 pDOS n Moments, associated Einstein freqs, temps and eff. force constants:
  n     Mom (THz^n)   Freq (THz)     Temp (K)    Eff. FC (N/m)
 -2       0.00131      27.58901      1324.02      42.5454
 -1       0.02069      48.32368      2319.10     130.5269
  0       1.00000     ---------     --------
  1      77.79635      77.79635      3733.51     338.2973
  2    6818.26132      82.57276      3962.74     381.1130

 Path Red. Mass (AMU):    0.852651
 Path Length (Ang), s^2 (1e-3 Ang^2):  6.7441  12.2657
--------------------------------------------------------------
 Path Indices:    1   9   2
 PDOS Poles:
     Freq. (THz)    Weight
        5.057       0.005940988
        8.388       0.022577011
       12.269       0.003639857
       19.876       0.053391114
       28.120       0.000251829
       29.572       0.159366217
       32.686       0.024055448
       37.962       0.019117415
       40.795       0.006032616
       41.961       0.074207884
       43.985       0.033467690
       90.698       0.000295722
       91.781       0.001281973
       91.909       0.231801098
       94.320       0.364527854
       94.588       0.000045242

 PDOS Einstein freq (single pole), associated temp and eff. force constant: 
 Freq (THz)   Temp (K)   Eff. FC (N/m)
  75.075      3602.93     377.1583

 pDOS n Moments, associated Einstein freqs, temps and eff. force constants:
  n     Mom (THz^n)   Freq (THz)     Temp (K)    Eff. FC (N/m)
 -2       0.00106      30.67782      1472.26      62.9765
 -1       0.02257      44.30902      2126.43     131.3753
  0       1.00000     ---------     --------
  1      68.22476      68.22476      3274.17     311.4682
  2    5636.29937      75.07529      3602.93     377.1583

 Path Red. Mass (AMU):    1.020753
 Path Length (Ang), s^2 (1e-3 Ang^2):  8.9794  11.1741
--------------------------------------------------------------
 Path Indices:    1   9   3
 PDOS Poles:
     Freq. (THz)    Weight
        3.709       0.017704978
        6.019       0.041858446
       12.036       0.005385236
       19.883       0.066351578
       29.566       0.195910282
       32.661       0.026181378
       37.785       0.029705850
       39.638       0.009568645
       41.774       0.110461459
       42.339       0.030887464
       43.971       0.071174183
       90.698       0.024024871
       91.781       0.084441331
       91.909       0.094362895
       94.320       0.191430717
       94.588       0.000550668

 PDOS Einstein freq (single pole), associated temp and eff. force constant: 
 Freq (THz)   Temp (K)   Eff. FC (N/m)
  63.915      3067.34     245.3245

 pDOS n Moments, associated Einstein freqs, temps and eff. force constants:
  n     Mom (THz^n)   Freq (THz)     Temp (K)    Eff. FC (N/m)
 -2       0.00309      18.00224       863.94      19.4620
 -1       0.03321      30.11470      1445.23      54.4618
  0       1.00000     ---------     --------
  1      55.61236      55.61236      2668.89     185.7280
  2    4085.13399      63.91505      3067.34     245.3245

 Path Red. Mass (AMU):    0.916064
 Path Length (Ang), s^2 (1e-3 Ang^2):  7.8014  18.3198
--------------------------------------------------------------
 Path Indices:    1   9   4
 PDOS Poles:
     Freq. (THz)    Weight
        5.008       0.026838275
        8.160       0.011299897
       12.072       0.002278207
       19.874       0.045327078
       25.336       0.000039322
       29.570       0.215313349
       32.680       0.035276149
       37.962       0.022713839
       40.783       0.007713254
       41.960       0.116068889
       43.985       0.051920981
       90.698       0.000151368
       91.781       0.001087265
       91.909       0.179237119
       94.320       0.284701912
       94.588       0.000033068

 PDOS Einstein freq (single pole), associated temp and eff. force constant: 
 Freq (THz)   Temp (K)   Eff. FC (N/m)
  68.217      3273.79     303.0569

 pDOS n Moments, associated Einstein freqs, temps and eff. force constants:
  n     Mom (THz^n)   Freq (THz)     Temp (K)    Eff. FC (N/m)
 -2       0.00182      23.46655      1126.18      35.8624
 -1       0.02729      36.64060      1758.41      87.4312
  0       1.00000     ---------     --------
  1      60.44957      60.44957      2901.03     237.9729
  2    4653.53739      68.21684      3273.79     303.0569

 Path Red. Mass (AMU):    0.993419
 Path Length (Ang), s^2 (1e-3 Ang^2):  7.4090  13.8845
--------------------------------------------------------------
 Path Indices:    1   9   5
 PDOS Poles:
     Freq. (THz)    Weight
        3.961       0.019546733
        6.191       0.039195334
       12.156       0.005221804
       19.861       0.064525308
       29.564       0.198452689
       32.610       0.026233891
       37.331       0.016989508
       38.702       0.017487393
       41.663       0.093444044
       42.264       0.050455748
       43.962       0.070570282
       90.698       0.074026697
       91.781       0.019598841
       91.909       0.116551763
       94.320       0.186764592
       94.588       0.000935356

 PDOS Einstein freq (single pole), associated temp and eff. force constant: 
 Freq (THz)   Temp (K)   Eff. FC (N/m)
  64.003      3071.58     244.6334

 pDOS n Moments, associated Einstein freqs, temps and eff. force constants:
  n     Mom (THz^n)   Freq (THz)     Temp (K)    Eff. FC (N/m)
 -2       0.00291      18.54501       889.99      20.5383
 -1       0.03270      30.58298      1467.70      55.8559
  0       1.00000     ---------     --------
  1      55.75587      55.75587      2675.77     185.6482
  2    4096.43652      64.00341      3071.58     244.6334

 Path Red. Mass (AMU):    0.910963
 Path Length (Ang), s^2 (1e-3 Ang^2):  7.7897  18.1403
--------------------------------------------------------------
 Path Indices:    1   9   6
 PDOS Poles:
     Freq. (THz)    Weight
        4.971       0.020357085
        6.971       0.003879723
        8.447       0.022179103
       19.874       0.022408296
       23.252       0.000017933
       29.569       0.099309277
       32.685       0.001801202
       37.960       0.007523768
       40.770       0.003016708
       41.960       0.016119689
       43.985       0.018391524
       90.698       0.000492917
       91.781       0.001455018
       91.909       0.278417454
       94.320       0.504576366
       94.588       0.000053898

 PDOS Einstein freq (single pole), associated temp and eff. force constant: 
 Freq (THz)   Temp (K)   Eff. FC (N/m)
  83.888      4025.86     528.4320

 pDOS n Moments, associated Einstein freqs, temps and eff. force constants:
  n     Mom (THz^n)   Freq (THz)     Temp (K)    Eff. FC (N/m)
 -2       0.00150      25.80226      1238.27      49.9924
 -1       0.02129      46.96069      2253.68     165.5990
  0       1.00000     ---------     --------
  1      79.01470      79.01470      3791.98     468.8182
  2    7037.20739      83.88806      4025.86     528.4319

 Path Red. Mass (AMU):    1.145460
 Path Length (Ang), s^2 (1e-3 Ang^2):  6.3804   9.3953
--------------------------------------------------------------
 Path Indices:    1   9   7
 PDOS Poles:
     Freq. (THz)    Weight
        4.276       0.012178239
        7.973       0.032678420
       12.219       0.001646306
       19.503       0.016509268
       28.975       0.057428979
       30.020       0.019946090
       36.262       0.012879487
       37.310       0.030754574
       41.807       0.029055920
       42.568       0.005914657
       43.898       0.022464917
       90.698       0.000099297
       91.781       0.000427243
       91.909       0.527285057
       94.320       0.084555950
       94.588       0.146175504

 PDOS Einstein freq (single pole), associated temp and eff. force constant: 
 Freq (THz)   Temp (K)   Eff. FC (N/m)
  82.208      3945.24     377.8776

 pDOS n Moments, associated Einstein freqs, temps and eff. force constants:
  n     Mom (THz^n)   Freq (THz)     Temp (K)    Eff. FC (N/m)
 -2       0.00148      26.02193      1248.82      37.8618
 -1       0.02128      46.98353      2254.78     123.4279
  0       1.00000     ---------     --------
  1      77.29708      77.29708      3709.55     334.0783
  2    6758.16771      82.20808      3945.24     377.8775

 Path Red. Mass (AMU):    0.852930
 Path Length (Ang), s^2 (1e-3 Ang^2):  7.0585  12.6115
--------------------------------------------------------------
 Path Indices:    1   9   8
 PDOS Poles:
     Freq. (THz)    Weight
        4.719       0.011854015
        8.115       0.032423458
       12.392       0.001447750
       19.306       0.015157536
       29.035       0.065747078
       30.589       0.010430656
       35.850       0.006900586
       37.139       0.035074642
       41.842       0.028836968
       42.692       0.004109474
       43.914       0.021060413
       90.698       0.000022926
       91.781       0.011116076
       91.909       0.526863366
       94.320       0.076609485
       94.588       0.152345478

 PDOS Einstein freq (single pole), associated temp and eff. force constant: 
 Freq (THz)   Temp (K)   Eff. FC (N/m)
  82.573      3962.74     381.1131

 pDOS n Moments, associated Einstein freqs, temps and eff. force constants:
  n     Mom (THz^n)   Freq (THz)     Temp (K)    Eff. FC (N/m)
 -2       0.00131      27.58901      1324.02      42.5454
 -1       0.02069      48.32368      2319.10     130.5269
  0       1.00000     ---------     --------
  1      77.79635      77.79635      3733.51     338.2973
  2    6818.26132      82.57276      3962.74     381.1130

 Path Red. Mass (AMU):    0.852651
 Path Length (Ang), s^2 (1e-3 Ang^2):  7.0583  12.2657
--------------------------------------------------------------
--------------------------------------------------------------
 Path Indices:    1   2   1   2
 PDOS Poles:
     Freq. (THz)    Weight
        2.337       0.001557098
        8.380       0.303925637
       12.205       0.685440822
       16.345       0.000095874
       19.862       0.006009512
       29.564       0.001387186
       32.676       0.001244722
       37.954       0.000311012
       40.619       0.000011808
       41.916       0.000013218
       43.983       0.000002597
       90.698       0.000000084
       91.781       0.000000003
       91.909       0.000000009
       94.320       0.000000402
       94.588       0.000000001

 PDOS Einstein freq (single pole), associated temp and eff. force constant: 
 Freq (THz)   Temp (K)   Eff. FC (N/m)
  11.353       544.86      90.8959

 pDOS n Moments, associated Einstein freqs, temps and eff. force constants:
  n     Mom (THz^n)   Freq (THz)     Temp (K)    Eff. FC (N/m)
 -2       0.00923      10.40719       499.45      76.3770
 -1       0.09350      10.69566       513.29      80.6698
  0       1.00000     ---------     --------
  1      11.13215      11.13215       534.24      87.3883
  2     128.89884      11.35336       544.86      90.8959

 Path Red. Mass (AMU):   10.756887
 Path Length (Ang), s^2 (1e-3 Ang^2):  6.8285   4.3927
--------------------------------------------------------------
 Path Indices:    1   2   1   3
 PDOS Poles:
     Freq. (THz)    Weight
        2.980       0.027542714
        7.119       0.031886775
       11.951       0.018308484
       19.826       0.006795538
       28.849       0.192204924
       29.513       0.147031854
       36.861       0.195158662
       37.931       0.288785033
       40.757       0.067023770
       42.174       0.001175589
       43.955       0.004087440
       90.698       0.005644041
       91.781       0.014079926
       91.909       0.000176752
       94.320       0.000022591
       94.588       0.000075904

 PDOS Einstein freq (single pole), associated temp and eff. force constant: 
 Freq (THz)   Temp (K)   Eff. FC (N/m)
  35.561      1706.60      79.0404

 pDOS n Moments, associated Einstein freqs, temps and eff. force constants:
  n     Mom (THz^n)   Freq (THz)     Temp (K)    Eff. FC (N/m)
 -2       0.00466      14.64123       702.65      13.3985
 -1       0.04213      23.73549      1139.09      35.2127
  0       1.00000     ---------     --------
  1      33.48535      33.48535      1606.99      70.0830
  2    1264.57961      35.56093      1706.60      79.0404

 Path Red. Mass (AMU):    0.953441
 Path Length (Ang), s^2 (1e-3 Ang^2):  7.6901  22.3323
--------------------------------------------------------------
 Path Indices:    1   2   1   4
 PDOS Poles:
     Freq. (THz)    Weight
        5.043       0.103489953
        8.360       0.290988726
       12.196       0.152805848
       19.833       0.052220124
       20.257       0.005058081
       29.571       0.097105293
       32.678       0.147273542
       37.959       0.088949691
       40.761       0.051951221
       41.945       0.001823292
       43.985       0.003752723
       90.698       0.004085800
       91.781       0.000491475
       91.909       0.000002261
       94.320       0.000000413
       94.588       0.000001507

 PDOS Einstein freq (single pole), associated temp and eff. force constant: 
 Freq (THz)   Temp (K)   Eff. FC (N/m)
  23.942      1149.01     263.6766

 pDOS n Moments, associated Einstein freqs, temps and eff. force constants:
  n     Mom (THz^n)   Freq (THz)     Temp (K)    Eff. FC (N/m)
 -2       0.00975      10.12673       485.99      47.1713
 -1       0.08233      12.14619       582.91      67.8609
  0       1.00000     ---------     --------
  1      19.79203      19.79203       949.84     180.1857
  2     573.23397      23.94230      1149.01     263.6766

 Path Red. Mass (AMU):    7.016667
 Path Length (Ang), s^2 (1e-3 Ang^2):  7.7279   5.9300
--------------------------------------------------------------
 Path Indices:    1   2   1   5
 PDOS Poles:
     Freq. (THz)    Weight
        2.862       0.026906831
        7.052       0.036181064
       11.952       0.020571520
       19.834       0.008140973
       28.856       0.203530737
       29.522       0.122915267
       36.847       0.228319171
       37.898       0.241552303
       40.738       0.073193381
       41.831       0.001908755
       43.968       0.003918976
       90.698       0.024647662
       91.781       0.008064319
       91.909       0.000018576
       94.320       0.000028138
       94.588       0.000102324

 PDOS Einstein freq (single pole), associated temp and eff. force constant: 
 Freq (THz)   Temp (K)   Eff. FC (N/m)
  36.689      1760.74      84.1172

 pDOS n Moments, associated Einstein freqs, temps and eff. force constants:
  n     Mom (THz^n)   Freq (THz)     Temp (K)    Eff. FC (N/m)
 -2       0.00495      14.21248       682.07      12.6227
 -1       0.04274      23.39532      1122.76      34.2035
  0       1.00000     ---------     --------
  1      34.03224      34.03224      1633.24      72.3758
  2    1346.08485      36.68903      1760.74      84.1172

 Path Red. Mass (AMU):    0.953243
 Path Length (Ang), s^2 (1e-3 Ang^2):  7.7344  22.6617
--------------------------------------------------------------
 Path Indices:    1   2   1   6
 PDOS Poles:
     Freq. (THz)    Weight
        4.777       0.036310543
        8.291       0.480759211
        9.264       0.043574050
       12.241       0.064115763
       19.883       0.009396722
       29.569       0.111789893
       32.677       0.095704288
       37.957       0.003591136
       40.748       0.000647662
       41.959       0.131938058
       43.984       0.000138591
       90.698       0.000017351
       91.781       0.000172311
       91.909       0.019027036
       94.320       0.002804120
       94.588       0.000013135

 PDOS Einstein freq (single pole), associated temp and eff. force constant: 
 Freq (THz)   Temp (K)   Eff. FC (N/m)
  26.021      1248.75     309.3181

 pDOS n Moments, associated Einstein freqs, temps and eff. force constants:
  n     Mom (THz^n)   Freq (THz)     Temp (K)    Eff. FC (N/m)
 -2       0.00984      10.07969       483.73      46.4160
 -1       0.08621      11.59992       556.69      61.4729
  0       1.00000     ---------     --------
  1      19.70441      19.70441       945.63     177.3783
  2     677.06674      26.02051      1248.75     309.3180

 Path Red. Mass (AMU):    6.968912
 Path Length (Ang), s^2 (1e-3 Ang^2):  9.1532   6.2518
--------------------------------------------------------------
 Path Indices:    1   2   1   7
 PDOS Poles:
     Freq. (THz)    Weight
        2.922       0.011466573
        7.826       0.100043069
        9.568       0.017054269
       19.138       0.044838597
       28.906       0.130806737
       30.743       0.009696080
       32.726       0.109304106
       36.924       0.082153218
       41.957       0.184017797
       43.775       0.063736770
       43.890       0.092038846
       90.698       0.000320489
       91.781       0.000030692
       91.909       0.048344258
       94.320       0.028882001
       94.588       0.077266478

 PDOS Einstein freq (single pole), associated temp and eff. force constant: 
 Freq (THz)   Temp (K)   Eff. FC (N/m)
  48.525      2328.74     146.6278

 pDOS n Moments, associated Einstein freqs, temps and eff. force constants:
  n     Mom (THz^n)   Freq (THz)     Temp (K)    Eff. FC (N/m)
 -2       0.00382      16.18450       776.71      16.3114
 -1       0.04083      24.49148      1175.37      37.3527
  0       1.00000     ---------     --------
  1      41.58593      41.58593      1995.75     107.6922
  2    2354.64134      48.52465      2328.74     146.6278

 Path Red. Mass (AMU):    0.949911
 Path Length (Ang), s^2 (1e-3 Ang^2):  9.5049  21.7234
--------------------------------------------------------------
 Path Indices:    1   2   1   8
 PDOS Poles:
     Freq. (THz)    Weight
        3.577       0.010485442
        8.088       0.116706902
       11.555       0.002988883
       19.297       0.045829635
       28.867       0.110044703
       30.436       0.020294634
       32.763       0.119441220
       36.971       0.073156990
       41.955       0.185404219
       43.269       0.002683010
       43.840       0.144050008
       90.698       0.000070982
       91.781       0.002801482
       91.909       0.051482895
       94.320       0.034257512
       94.588       0.080301469

 PDOS Einstein freq (single pole), associated temp and eff. force constant: 
 Freq (THz)   Temp (K)   Eff. FC (N/m)
  49.542      2377.58     152.8170

 pDOS n Moments, associated Einstein freqs, temps and eff. force constants:
  n     Mom (THz^n)   Freq (THz)     Temp (K)    Eff. FC (N/m)
 -2       0.00327      17.48982       839.35      19.0453
 -1       0.03967      25.20828      1209.77      39.5643
  0       1.00000     ---------     --------
  1      42.34442      42.34442      2032.15     111.6374
  2    2454.45196      49.54243      2377.58     152.8170

 Path Red. Mass (AMU):    0.949748
 Path Length (Ang), s^2 (1e-3 Ang^2):  9.5267  21.1093
--------------------------------------------------------------
 Path Indices:    1   2   1   9
 PDOS Poles:
     Freq. (THz)    Weight
        5.035       0.019166106
        8.327       0.021676975
       12.203       0.037681537
       19.876       0.043900446
       25.433       0.000028932
       29.569       0.212458494
       32.679       0.031002548
       37.961       0.023478277
       40.772       0.008209405
       41.960       0.121572709
       43.985       0.054007095
       90.698       0.000216405
       91.781       0.000907407
       91.909       0.164337807
       94.320       0.261325422
       94.588       0.000030405

 PDOS Einstein freq (single pole), associated temp and eff. force constant: 
 Freq (THz)   Temp (K)   Eff. FC (N/m)
  65.822      3158.87     270.2379

 pDOS n Moments, associated Einstein freqs, temps and eff. force constants:
  n     Mom (THz^n)   Freq (THz)     Temp (K)    Eff. FC (N/m)
 -2       0.00187      23.11177      1109.15      33.3171
 -1       0.02936      34.06251      1634.69      72.3694
  0       1.00000     ---------     --------
  1      57.46629      57.46629      2757.86     205.9813
  2    4332.56274      65.82221      3158.87     270.2379

 Path Red. Mass (AMU):    0.951465
 Path Length (Ang), s^2 (1e-3 Ang^2):  9.8410  15.5939
--------------------------------------------------------------
 Path Indices:    1   2   3   2
 PDOS Poles:
     Freq. (THz)    Weight
        5.139       0.006399226
       10.150       0.009062409
       13.266       0.010052645
       19.401       0.105228103
       27.858       0.015125048
       29.184       0.163947428
       33.562       0.009018111
       37.518       0.163368214
       38.307       0.086658550
       40.944       0.006671091
       43.983       0.001170787
       90.698       0.110403114
       91.781       0.306041634
       91.909       0.003568933
       94.320       0.000619349
       94.588       0.002665399

 PDOS Einstein freq (single pole), associated temp and eff. force constant: 
 Freq (THz)   Temp (K)   Eff. FC (N/m)
  64.189      3080.50     259.4736

 pDOS n Moments, associated Einstein freqs, temps and eff. force constants:
  n     Mom (THz^n)   Freq (THz)     Temp (K)    Eff. FC (N/m)
 -2       0.00112      29.91851      1435.82      56.3700
 -1       0.02618      38.19636      1833.08      91.8781
  0       1.00000     ---------     --------
  1      56.32247      56.32247      2702.96     199.7705
  2    4120.26617      64.18930      3080.50     259.4736

 Path Red. Mass (AMU):    0.960637
 Path Length (Ang), s^2 (1e-3 Ang^2):  6.9559  13.7735
--------------------------------------------------------------
 Path Indices:    1   2   3   4
 PDOS Poles:
     Freq. (THz)    Weight
        4.994       0.007071745
        8.441       0.016542528
       12.399       0.008704620
       19.597       0.042334086
       22.774       0.000720441
       29.128       0.059970632
       30.879       0.003360413
       36.884       0.014272363
       37.961       0.035633964
       40.764       0.010168481
       43.981       0.000040936
       90.698       0.213585282
       91.781       0.574638189
       91.909       0.006595312
       94.320       0.001156401
       94.588       0.005204697

 PDOS Einstein freq (single pole), associated temp and eff. force constant: 
 Freq (THz)   Temp (K)   Eff. FC (N/m)
  82.893      3978.11     492.6779

 pDOS n Moments, associated Einstein freqs, temps and eff. force constants:
  n     Mom (THz^n)   Freq (THz)     Temp (K)    Eff. FC (N/m)
 -2       0.00090      33.42368      1604.03      80.1006
 -1       0.01877      53.28155      2557.03     203.5545
  0       1.00000     ---------     --------
  1      78.59481      78.59481      3771.83     442.9093
  2    6871.25577      82.89304      3978.11     492.6780

 Path Red. Mass (AMU):    1.093751
 Path Length (Ang), s^2 (1e-3 Ang^2):  5.7129   8.6722
--------------------------------------------------------------
 Path Indices:    1   2   3   5
 PDOS Poles:
     Freq. (THz)    Weight
        3.169       0.009345165
        7.468       0.010501708
       12.352       0.007386336
       19.664       0.043804781
       25.163       0.000419902
       29.568       0.073955768
       35.657       0.003847366
       37.860       0.101770552
       40.745       0.181520074
       41.609       0.004614882
       43.975       0.001369792
       90.698       0.459064148
       91.781       0.098510086
       91.909       0.002127693
       94.320       0.001311723
       94.588       0.000450047

 PDOS Einstein freq (single pole), associated temp and eff. force constant: 
 Freq (THz)   Temp (K)   Eff. FC (N/m)
  72.016      3456.09     249.9756

 pDOS n Moments, associated Einstein freqs, temps and eff. force constants:
  n     Mom (THz^n)   Freq (THz)     Temp (K)    Eff. FC (N/m)
 -2       0.00162      24.83979      1192.08      29.7400
 -1       0.02327      42.97625      2062.47      89.0230
  0       1.00000     ---------     --------
  1      65.93587      65.93587      3164.32     209.5505
  2    5186.23614      72.01553      3456.09     249.9756

 Path Red. Mass (AMU):    0.735253
 Path Length (Ang), s^2 (1e-3 Ang^2):  6.3673  15.9941
--------------------------------------------------------------
 Path Indices:    1   2   3   6
 PDOS Poles:
     Freq. (THz)    Weight
        5.281       0.007705980
        8.705       0.030303899
       13.431       0.006691033
       19.418       0.111455987
       25.380       0.001182265
       29.409       0.023848891
       32.732       0.067850079
       37.596       0.022950697
       40.716       0.044211059
       41.929       0.019892499
       43.918       0.000418321
       90.698       0.172753771
       91.781       0.465858205
       91.909       0.015952810
       94.320       0.001251666
       94.588       0.007672905

 PDOS Einstein freq (single pole), associated temp and eff. force constant: 
 Freq (THz)   Temp (K)   Eff. FC (N/m)
  76.428      3667.84     520.3100

 pDOS n Moments, associated Einstein freqs, temps and eff. force constants:
  n     Mom (THz^n)   Freq (THz)     Temp (K)    Eff. FC (N/m)
 -2       0.00124      28.45229      1365.45      72.1098
 -1       0.02354      42.48514      2038.90     160.7807
  0       1.00000     ---------     --------
  1      69.76136      69.76136      3347.91     433.5007
  2    5841.20275      76.42776      3667.84     520.3100

 Path Red. Mass (AMU):    1.358786
 Path Length (Ang), s^2 (1e-3 Ang^2):  6.8080   8.7546
--------------------------------------------------------------
 Path Indices:    1   2   3   7
 PDOS Poles:
     Freq. (THz)    Weight
        3.317       0.001403944
        8.417       0.022547570
       16.953       0.002359933
       19.161       0.196071963
       28.893       0.048823639
       32.654       0.102559343
       36.965       0.046423674
       39.397       0.018867987
       41.456       0.101288340
       42.398       0.039964336
       43.936       0.078165561
       90.698       0.062788359
       91.781       0.153391261
       91.909       0.024315155
       94.320       0.017179344
       94.588       0.083849607

 PDOS Einstein freq (single pole), associated temp and eff. force constant: 
 Freq (THz)   Temp (K)   Eff. FC (N/m)
  60.257      2891.80     151.8919

 pDOS n Moments, associated Einstein freqs, temps and eff. force constants:
  n     Mom (THz^n)   Freq (THz)     Temp (K)    Eff. FC (N/m)
 -2       0.00135      27.21042      1305.85      30.9731
 -1       0.02890      34.60032      1660.50      50.0811
  0       1.00000     ---------     --------
  1      52.09740      52.09740      2500.20     113.5392
  2    3630.95303      60.25739      2891.80     151.8919

 Path Red. Mass (AMU):    0.638124
 Path Length (Ang), s^2 (1e-3 Ang^2):  7.1551  22.8897
--------------------------------------------------------------
 Path Indices:    1   2   3   8
 PDOS Poles:
     Freq. (THz)    Weight
        2.993       0.002441649
        8.217       0.024091814
       12.399       0.000841137
       19.642       0.006181322
       28.929       0.102634867
       32.636       0.095923591
       36.688       0.034383045
       37.945       0.013319818
       41.431       0.031130114
       42.137       0.041017469
       43.849       0.052947380
       90.698       0.100032549
       91.781       0.322416681
       91.909       0.048946078
       94.320       0.038480381
       94.588       0.085212143

 PDOS Einstein freq (single pole), associated temp and eff. force constant: 
 Freq (THz)   Temp (K)   Eff. FC (N/m)
  74.450      3572.90     222.3370

 pDOS n Moments, associated Einstein freqs, temps and eff. force constants:
  n     Mom (THz^n)   Freq (THz)     Temp (K)    Eff. FC (N/m)
 -2       0.00104      31.05138      1490.18      38.6767
 -1       0.02129      46.95985      2253.64      88.4587
  0       1.00000     ---------     --------
  1      68.39594      68.39594      3282.38     187.6496
  2    5542.74125      74.44959      3572.90     222.3370

 Path Red. Mass (AMU):    0.611897
 Path Length (Ang), s^2 (1e-3 Ang^2):  7.7119  17.5881
--------------------------------------------------------------
 Path Indices:    1   2   3   9
 PDOS Poles:
     Freq. (THz)    Weight
        5.444       0.016802707
        8.670       0.007639206
       12.437       0.021270785
       19.787       0.093371134
       28.844       0.015564489
       29.652       0.182776095
       33.391       0.006463466
       37.840       0.019335690
       41.939       0.103860186
       42.984       0.002926273
       43.965       0.053785792
       90.698       0.060719318
       91.781       0.194990887
       91.909       0.063139652
       94.320       0.155833223
       94.588       0.001521116

 PDOS Einstein freq (single pole), associated temp and eff. force constant: 
 Freq (THz)   Temp (K)   Eff. FC (N/m)
  67.947      3260.85     215.9451

 pDOS n Moments, associated Einstein freqs, temps and eff. force constants:
  n     Mom (THz^n)   Freq (THz)     Temp (K)    Eff. FC (N/m)
 -2       0.00143      26.40185      1267.05      32.6038
 -1       0.02672      37.42250      1795.94      65.5035
  0       1.00000     ---------     --------
  1      59.98087      59.98087      2878.53     168.2768
  2    4616.83577      67.94730      3260.85     215.9451

 Path Red. Mass (AMU):    0.713494
 Path Length (Ang), s^2 (1e-3 Ang^2):  7.1288  18.9279
--------------------------------------------------------------
 Path Indices:    1   2   4   2
 PDOS Poles:
     Freq. (THz)    Weight
        5.025       0.032284372
        8.354       0.087397078
       12.203       0.112004734
       19.605       0.035921624
       19.896       0.502025634
       29.570       0.093282022
       32.688       0.005931749
       37.961       0.109653219
       40.766       0.006945194
       42.079       0.000194470
       43.985       0.007968817
       90.698       0.005817794
       91.781       0.000487932
       91.909       0.000011251
       94.320       0.000073266
       94.588       0.000000646

 PDOS Einstein freq (single pole), associated temp and eff. force constant: 
 Freq (THz)   Temp (K)   Eff. FC (N/m)
  23.708      1137.77     299.1679

 pDOS n Moments, associated Einstein freqs, temps and eff. force constants:
  n     Mom (THz^n)   Freq (THz)     Temp (K)    Eff. FC (N/m)
 -2       0.00484      14.37051       689.65     109.9172
 -1       0.05978      16.72766       802.77     148.9331
  0       1.00000     ---------     --------
  1      21.28882      21.28882      1021.67     241.2261
  2     562.07438      23.70811      1137.77     299.1678

 Path Red. Mass (AMU):    8.119184
 Path Length (Ang), s^2 (1e-3 Ang^2):  5.8478   3.7212
--------------------------------------------------------------
 Path Indices:    1   2   4   3
 PDOS Poles:
     Freq. (THz)    Weight
        3.234       0.015912748
        7.527       0.024321046
       11.902       0.009482045
       19.863       0.056085798
       28.840       0.078735252
       29.559       0.090304163
       36.669       0.057073149
       37.740       0.104854688
       40.464       0.013856030
       41.201       0.005829989
       43.908       0.000608349
       90.698       0.134250665
       91.781       0.399833347
       91.909       0.004597411
       94.320       0.000699324
       94.588       0.003556056

 PDOS Einstein freq (single pole), associated temp and eff. force constant: 
 Freq (THz)   Temp (K)   Eff. FC (N/m)
  70.559      3386.18     525.7502

 pDOS n Moments, associated Einstein freqs, temps and eff. force constants:
  n     Mom (THz^n)   Freq (THz)     Temp (K)    Eff. FC (N/m)
 -2       0.00255      19.79955       950.20      41.3988
 -1       0.02832      35.30940      1694.53     131.6613
  0       1.00000     ---------     --------
  1      62.97704      62.97704      3022.32     418.8341
  2    4978.54034      70.55877      3386.18     525.7503

 Path Red. Mass (AMU):    1.610901
 Path Length (Ang), s^2 (1e-3 Ang^2):  5.1589   8.8852
--------------------------------------------------------------
 Path Indices:    1   2   4   5
 PDOS Poles:
     Freq. (THz)    Weight
        3.153       0.014726504
        7.431       0.025717437
       11.845       0.010363174
       19.880       0.056164028
       28.920       0.095816916
       29.677       0.057714170
       36.668       0.063405354
       37.651       0.089447818
       40.437       0.013242458
       41.092       0.007974934
       43.926       0.000560012
       90.698       0.401723959
       91.781       0.159267564
       91.909       0.000479660
       94.320       0.000498126
       94.588       0.002897922

 PDOS Einstein freq (single pole), associated temp and eff. force constant: 
 Freq (THz)   Temp (K)   Eff. FC (N/m)
  71.310      3422.22     520.3598

 pDOS n Moments, associated Einstein freqs, temps and eff. force constants:
  n     Mom (THz^n)   Freq (THz)     Temp (K)    Eff. FC (N/m)
 -2       0.00253      19.86298       953.24      40.3732
 -1       0.02793      35.79851      1718.00     131.1397
  0       1.00000     ---------     --------
  1      63.95957      63.95957      3069.48     418.6158
  2    5085.09709      71.30987      3422.22     520.3598

 Path Red. Mass (AMU):    1.560974
 Path Length (Ang), s^2 (1e-3 Ang^2):  5.1606   9.0441
--------------------------------------------------------------
 Path Indices:    1   2   4   6
 PDOS Poles:
     Freq. (THz)    Weight
        4.897       0.021576582
        8.356       0.215848728
       12.097       0.018109230
       17.854       0.000745589
       19.880       0.235466322
       29.569       0.075556610
       32.677       0.262982287
       37.946       0.000060903
       40.764       0.009801417
       41.959       0.131371197
       43.961       0.000031388
       90.698       0.009954749
       91.781       0.001448720
       91.909       0.016473519
       94.320       0.000572323
       94.588       0.000000428

 PDOS Einstein freq (single pole), associated temp and eff. force constant: 
 Freq (THz)   Temp (K)   Eff. FC (N/m)
  30.733      1474.88     460.9620

 pDOS n Moments, associated Einstein freqs, temps and eff. force constants:
  n     Mom (THz^n)   Freq (THz)     Temp (K)    Eff. FC (N/m)
 -2       0.00513      13.96277       670.09      95.1505
 -1       0.05791      17.26916       828.76     145.5494
  0       1.00000     ---------     --------
  1      26.17007      26.17007      1255.92     334.2549
  2     944.48962      30.73255      1474.88     460.9620

 Path Red. Mass (AMU):    7.444905
 Path Length (Ang), s^2 (1e-3 Ang^2):  5.5712   3.9309
--------------------------------------------------------------
 Path Indices:    1   2   4   7
 PDOS Poles:
     Freq. (THz)    Weight
        3.395       0.004502126
        8.216       0.047162404
       15.361       0.000760116
       19.481       0.036574311
       28.910       0.123424160
       32.515       0.120258337
       33.847       0.017407918
       36.977       0.087411663
       41.941       0.128772563
       43.479       0.010548950
       43.890       0.106418456
       90.698       0.000239984
       91.781       0.000001898
       91.909       0.099960771
       94.320       0.058332254
       94.588       0.158224064

 PDOS Einstein freq (single pole), associated temp and eff. force constant: 
 Freq (THz)   Temp (K)   Eff. FC (N/m)
  60.162      2887.22     236.7329

 pDOS n Moments, associated Einstein freqs, temps and eff. force constants:
  n     Mom (THz^n)   Freq (THz)     Temp (K)    Eff. FC (N/m)
 -2       0.00170      24.25628      1164.08      38.4826
 -1       0.02896      34.53186      1657.21      77.9931
  0       1.00000     ---------     --------
  1      52.63421      52.63421      2525.96     181.1975
  2    3619.45118      60.16187      2887.22     236.7329

 Path Red. Mass (AMU):    0.997717
 Path Length (Ang), s^2 (1e-3 Ang^2):  6.2208  14.6689
--------------------------------------------------------------
 Path Indices:    1   2   4   8
 PDOS Poles:
     Freq. (THz)    Weight
        3.745       0.003553411
        8.237       0.049087839
       14.801       0.000526334
       19.278       0.033782103
       28.936       0.115019642
       32.589       0.142752904
       34.922       0.010735378
       37.066       0.077670031
       41.942       0.130377235
       43.357       0.006555740
       43.868       0.103748094
       90.698       0.000466589
       91.781       0.002296906
       91.909       0.102061209
       94.320       0.065448801
       94.588       0.155917762

 PDOS Einstein freq (single pole), associated temp and eff. force constant: 
 Freq (THz)   Temp (K)   Eff. FC (N/m)
  60.726      2914.30     240.2831

 pDOS n Moments, associated Einstein freqs, temps and eff. force constants:
  n     Mom (THz^n)   Freq (THz)     Temp (K)    Eff. FC (N/m)
 -2       0.00158      25.18982      1208.88      41.3449
 -1       0.02856      35.01154      1680.23      79.8721
  0       1.00000     ---------     --------
  1      53.16928      53.16928      2551.64     184.2018
  2    3687.65924      60.72610      2914.30     240.2831

 Path Red. Mass (AMU):    0.993948
 Path Length (Ang), s^2 (1e-3 Ang^2):  6.2223  14.5228
--------------------------------------------------------------
 Path Indices:    1   2   4   9
 PDOS Poles:
     Freq. (THz)    Weight
        5.065       0.008783955
        8.396       0.010447168
       12.225       0.016026765
       19.877       0.090538323
       25.924       0.000051533
       29.570       0.207496452
       32.685       0.015984204
       37.961       0.023141215
       40.774       0.012207912
       41.960       0.110191102
       43.985       0.049045110
       90.698       0.001247827
       91.781       0.000639281
       91.909       0.176438537
       94.320       0.277724167
       94.588       0.000036413

 PDOS Einstein freq (single pole), associated temp and eff. force constant: 
 Freq (THz)   Temp (K)   Eff. FC (N/m)
  67.508      3239.76     291.1141

 pDOS n Moments, associated Einstein freqs, temps and eff. force constants:
  n     Mom (THz^n)   Freq (THz)     Temp (K)    Eff. FC (N/m)
 -2       0.00124      28.36368      1361.20      51.3902
 -1       0.02589      38.62758      1853.77      95.3125
  0       1.00000     ---------     --------
  1      59.53071      59.53071      2856.93     226.3795
  2    4557.30678      67.50783      3239.76     291.1141

 Path Red. Mass (AMU):    0.974420
 Path Length (Ang), s^2 (1e-3 Ang^2):  6.1824  13.4271
--------------------------------------------------------------
 Path Indices:    1   2   5   2
 PDOS Poles:
     Freq. (THz)    Weight
        4.940       0.005796266
        9.649       0.007663617
       12.788       0.013816493
       19.253       0.110613230
       28.359       0.037129665
       29.230       0.140906024
       33.893       0.007738457
       37.393       0.154758145
       38.259       0.094591050
       40.901       0.007963157
       43.983       0.001229166
       90.698       0.302560314
       91.781       0.112440076
       91.909       0.000318906
       94.320       0.000430428
       94.588       0.002045027

 PDOS Einstein freq (single pole), associated temp and eff. force constant: 
 Freq (THz)   Temp (K)   Eff. FC (N/m)
  63.519      3048.34     254.3258

 pDOS n Moments, associated Einstein freqs, temps and eff. force constants:
  n     Mom (THz^n)   Freq (THz)     Temp (K)    Eff. FC (N/m)
 -2       0.00115      29.46636      1414.12      54.7311
 -1       0.02658      37.62811      1805.81      89.2496
  0       1.00000     ---------     --------
  1      55.65318      55.65318      2670.84     195.2367
  2    4034.67761      63.51911      3048.34     254.3258

 Path Red. Mass (AMU):    0.961552
 Path Length (Ang), s^2 (1e-3 Ang^2):  6.9296  13.9682
--------------------------------------------------------------
 Path Indices:    1   2   5   3
 PDOS Poles:
     Freq. (THz)    Weight
        3.205       0.009854537
        7.578       0.009561656
       12.409       0.007399190
       19.520       0.042940714
       24.256       0.000436320
       29.567       0.077296823
       35.238       0.001987179
       37.904       0.109840936
       40.753       0.179691486
       41.782       0.003077430
       43.964       0.001496931
       90.698       0.554242624
       91.781       0.000402078
       91.909       0.000416656
       94.320       0.001194879
       94.588       0.000160578

 PDOS Einstein freq (single pole), associated temp and eff. force constant: 
 Freq (THz)   Temp (K)   Eff. FC (N/m)
  71.632      3437.70     252.9301

 pDOS n Moments, associated Einstein freqs, temps and eff. force constants:
  n     Mom (THz^n)   Freq (THz)     Temp (K)    Eff. FC (N/m)
 -2       0.00163      24.75269      1187.90      30.2013
 -1       0.02337      42.78950      2053.51      90.2518
  0       1.00000     ---------     --------
  1      65.55267      65.55267      3145.93     211.8176
  2    5131.20313      71.63242      3437.70     252.9301

 Path Red. Mass (AMU):    0.751922
 Path Length (Ang), s^2 (1e-3 Ang^2):  6.3541  15.7078
--------------------------------------------------------------
 Path Indices:    1   2   5   4
 PDOS Poles:
     Freq. (THz)    Weight
        4.878       0.006861950
        8.418       0.016700771
       12.404       0.009474200
       19.427       0.044464123
       22.810       0.000760691
       29.113       0.059081753
       31.300       0.002621262
       36.879       0.017638754
       37.958       0.031715057
       40.764       0.010925558
       43.975       0.000048558
       90.698       0.585172398
       91.781       0.209087121
       91.909       0.000611007
       94.320       0.000813047
       94.588       0.004023804

 PDOS Einstein freq (single pole), associated temp and eff. force constant: 
 Freq (THz)   Temp (K)   Eff. FC (N/m)
  82.365      3952.75     489.8232

 pDOS n Moments, associated Einstein freqs, temps and eff. force constants:
  n     Mom (THz^n)   Freq (THz)     Temp (K)    Eff. FC (N/m)
 -2       0.00092      33.05180      1586.18      78.8765
 -1       0.01896      52.74161      2531.12     200.8465
  0       1.00000     ---------     --------
  1      78.05420      78.05420      3745.89     439.8961
  2    6783.93659      82.36466      3952.75     489.8232

 Path Red. Mass (AMU):    1.101409
 Path Length (Ang), s^2 (1e-3 Ang^2):  5.7015   8.7001
--------------------------------------------------------------
 Path Indices:    1   2   5   6
 PDOS Poles:
     Freq. (THz)    Weight
        4.712       0.006222348
        8.549       0.030848959
       12.975       0.008016165
       19.262       0.115150060
       26.155       0.001232240
       29.453       0.024520879
       32.736       0.063995373
       37.649       0.024132939
       40.718       0.045111792
       41.930       0.020281072
       43.918       0.000371358
       90.698       0.474553337
       91.781       0.177563659
       91.909       0.000901367
       94.320       0.000916465
       94.588       0.006182024

 PDOS Einstein freq (single pole), associated temp and eff. force constant: 
 Freq (THz)   Temp (K)   Eff. FC (N/m)
  75.849      3640.06     514.9304

 pDOS n Moments, associated Einstein freqs, temps and eff. force constants:
  n     Mom (THz^n)   Freq (THz)     Temp (K)    Eff. FC (N/m)
 -2       0.00129      27.88831      1338.38      69.6134
 -1       0.02385      41.92460      2012.00     157.3207
  0       1.00000     ---------     --------
  1      69.16850      69.16850      3319.46     428.2180
  2    5753.07983      75.84906      3640.06     514.9304

 Path Red. Mass (AMU):    1.365336
 Path Length (Ang), s^2 (1e-3 Ang^2):  6.7933   8.8291
--------------------------------------------------------------
 Path Indices:    1   2   5   7
 PDOS Poles:
     Freq. (THz)    Weight
        2.750       0.003275413
        8.221       0.022636474
       12.575       0.001058800
       19.539       0.007613677
       28.913       0.109697233
       32.645       0.085729147
       36.843       0.043920517
       38.481       0.009542704
       41.684       0.053263870
       42.454       0.017344605
       43.868       0.055494548
       90.698       0.280541279
       91.781       0.097516369
       91.909       0.085594915
       94.320       0.035513938
       94.588       0.091256519

 PDOS Einstein freq (single pole), associated temp and eff. force constant: 
 Freq (THz)   Temp (K)   Eff. FC (N/m)
  74.005      3551.55     221.4307

 pDOS n Moments, associated Einstein freqs, temps and eff. force constants:
  n     Mom (THz^n)   Freq (THz)     Temp (K)    Eff. FC (N/m)
 -2       0.00118      29.05731      1394.49      34.1373
 -1       0.02166      46.17135      2215.80      86.1913
  0       1.00000     ---------     --------
  1      67.94691      67.94691      3260.83     186.6628
  2    5476.70728      74.00478      3551.55     221.4307

 Path Red. Mass (AMU):    0.616751
 Path Length (Ang), s^2 (1e-3 Ang^2):  7.6971  17.7477
--------------------------------------------------------------
 Path Indices:    1   2   5   8
 PDOS Poles:
     Freq. (THz)    Weight
        3.406       0.000775615
        8.365       0.022931184
       12.374       0.000802094
       19.096       0.200466421
       28.932       0.042854711
       32.673       0.108283017
       37.043       0.045345484
       40.191       0.029434551
       41.702       0.112152021
       42.759       0.016214795
       43.924       0.072652845
       90.698       0.160564327
       91.781       0.038645868
       91.909       0.046044805
       94.320       0.021000190
       94.588       0.081832068

 PDOS Einstein freq (single pole), associated temp and eff. force constant: 
 Freq (THz)   Temp (K)   Eff. FC (N/m)
  60.458      2901.45     152.7671

 pDOS n Moments, associated Einstein freqs, temps and eff. force constants:
  n     Mom (THz^n)   Freq (THz)     Temp (K)    Eff. FC (N/m)
 -2       0.00131      27.67674      1328.23      32.0145
 -1       0.02879      34.73891      1667.15      50.4370
  0       1.00000     ---------     --------
  1      52.29741      52.29741      2509.80     114.3081
  2    3655.21629      60.45838      2901.45     152.7671

 Path Red. Mass (AMU):    0.637541
 Path Length (Ang), s^2 (1e-3 Ang^2):  7.1500  22.8192
--------------------------------------------------------------
 Path Indices:    1   2   5   9
 PDOS Poles:
     Freq. (THz)    Weight
        5.383       0.015850648
        9.042       0.009051556
       12.616       0.020205987
       19.650       0.093125050
       26.599       0.001357859
       29.584       0.201392876
       33.147       0.007519119
       37.884       0.019957224
       41.935       0.103953120
       43.071       0.003528366
       43.957       0.053781953
       90.698       0.167874693
       91.781       0.052576169
       91.909       0.095505420
       94.320       0.152541061
       94.588       0.001778898

 PDOS Einstein freq (single pole), associated temp and eff. force constant: 
 Freq (THz)   Temp (K)   Eff. FC (N/m)
  67.464      3237.64     214.5064

 pDOS n Moments, associated Einstein freqs, temps and eff. force constants:
  n     Mom (THz^n)   Freq (THz)     Temp (K)    Eff. FC (N/m)
 -2       0.00142      26.51111      1272.29      33.1251
 -1       0.02678      37.33857      1791.91      65.7078
  0       1.00000     ---------     --------
  1      59.51190      59.51190      2856.03     166.9203
  2    4551.33497      67.46358      3237.64     214.5064

 Path Red. Mass (AMU):    0.718940
 Path Length (Ang), s^2 (1e-3 Ang^2):  7.1040  18.8267
--------------------------------------------------------------
 Path Indices:    1   2   6   2
 PDOS Poles:
     Freq. (THz)    Weight
        1.907       0.001995675
        8.384       0.549784691
       12.215       0.011610452
       19.873       0.070294960
       21.547       0.000126310
       29.570       0.160826956
       32.678       0.027580625
       37.963       0.014799778
       40.799       0.001862805
       41.960       0.118412943
       43.983       0.001816056
       90.698       0.000003188
       91.781       0.000102561
       91.909       0.017603045
       94.320       0.023174218
       94.588       0.000005706

 PDOS Einstein freq (single pole), associated temp and eff. force constant: 
 Freq (THz)   Temp (K)   Eff. FC (N/m)
  28.819      1383.03     501.4635

 pDOS n Moments, associated Einstein freqs, temps and eff. force constants:
  n     Mom (THz^n)   Freq (THz)     Temp (K)    Eff. FC (N/m)
 -2       0.00892      10.58780       508.12      67.6874
 -1       0.08114      12.32492       591.48      91.7201
  0       1.00000     ---------     --------
  1      21.31180      21.31180      1022.77     274.2433
  2     830.50714      28.81852      1383.03     501.4635

 Path Red. Mass (AMU):    9.210585
 Path Length (Ang), s^2 (1e-3 Ang^2):  7.7590   4.4520
--------------------------------------------------------------
 Path Indices:    1   2   6   3
 PDOS Poles:
     Freq. (THz)    Weight
        3.022       0.021804411
        7.578       0.059508394
        9.082       0.030062121
       19.596       0.075726467
       20.805       0.006782529
       28.924       0.062219695
       32.680       0.057800144
       37.231       0.009011128
       37.988       0.066008309
       41.959       0.040245937
       43.978       0.000692062
       90.698       0.150979229
       91.781       0.391500684
       91.909       0.019580540
       94.320       0.000075191
       94.588       0.008003214

 PDOS Einstein freq (single pole), associated temp and eff. force constant: 
 Freq (THz)   Temp (K)   Eff. FC (N/m)
  71.480      3430.37     973.3102

 pDOS n Moments, associated Einstein freqs, temps and eff. force constants:
  n     Mom (THz^n)   Freq (THz)     Temp (K)    Eff. FC (N/m)
 -2       0.00427      15.29874       734.20      44.5858
 -1       0.03567      28.03418      1345.38     149.7135
  0       1.00000     ---------     --------
  1      62.85497      62.85497      3016.46     752.6007
  2    5109.35267      71.47974      3430.38     973.3103

 Path Red. Mass (AMU):    2.905873
 Path Length (Ang), s^2 (1e-3 Ang^2):  7.2096   6.2038
--------------------------------------------------------------
 Path Indices:    1   2   6   4
 PDOS Poles:
     Freq. (THz)    Weight
        4.925       0.030989679
        8.365       0.411311622
       11.549       0.004618413
       17.959       0.000728180
       19.879       0.149752211
       29.570       0.111312456
       32.678       0.114104853
       37.914       0.000601589
       40.765       0.001758614
       41.959       0.146940354
       43.967       0.000105501
       90.698       0.001473755
       91.781       0.000345641
       91.909       0.020819661
       94.320       0.005135543
       94.588       0.000001878

 PDOS Einstein freq (single pole), associated temp and eff. force constant: 
 Freq (THz)   Temp (K)   Eff. FC (N/m)
  28.426      1364.19     544.5210

 pDOS n Moments, associated Einstein freqs, temps and eff. force constants:
  n     Mom (THz^n)   Freq (THz)     Temp (K)    Eff. FC (N/m)
 -2       0.00789      11.25469       540.12      85.3593
 -1       0.07456      13.41205       643.66     121.2201
  0       1.00000     ---------     --------
  1      22.48475      22.48475      1079.06     340.6905
  2     808.03587      28.42597      1364.19     544.5210

 Path Red. Mass (AMU):   10.279577
 Path Length (Ang), s^2 (1e-3 Ang^2):  6.5268   3.6657
--------------------------------------------------------------
 Path Indices:    1   2   6   5
 PDOS Poles:
     Freq. (THz)    Weight
        2.938       0.020592912
        7.597       0.062741157
        9.135       0.027294109
       19.475       0.073119003
       21.138       0.004333014
       28.944       0.059461469
       32.679       0.052081800
       37.201       0.011143845
       37.999       0.052659278
       41.959       0.038734100
       43.977       0.000701551
       90.698       0.431322117
       91.781       0.156157261
       91.909       0.002466037
       94.320       0.000025508
       94.588       0.007166870

 PDOS Einstein freq (single pole), associated temp and eff. force constant: 
 Freq (THz)   Temp (K)   Eff. FC (N/m)
  72.463      3477.57     963.5148

 pDOS n Moments, associated Einstein freqs, temps and eff. force constants:
  n     Mom (THz^n)   Freq (THz)     Temp (K)    Eff. FC (N/m)
 -2       0.00426      15.32021       735.23      43.0679
 -1       0.03505      28.53330      1369.34     149.3924
  0       1.00000     ---------     --------
  1      64.15604      64.15604      3078.90     755.2660
  2    5250.89827      72.46308      3477.57     963.5148

 Path Red. Mass (AMU):    2.799085
 Path Length (Ang), s^2 (1e-3 Ang^2):  7.2080   6.3279
--------------------------------------------------------------
 Path Indices:    1   2   6   7
 PDOS Poles:
     Freq. (THz)    Weight
        3.084       0.004717361
        8.218       0.092229911
       11.893       0.007547641
       19.214       0.014290406
       26.074       0.000202934
       28.911       0.039187642
       32.686       0.048974347
       36.907       0.026458933
       41.952       0.036241898
       43.745       0.016910489
       43.889       0.040452307
       90.698       0.001513999
       91.781       0.000290578
       91.909       0.180979814
       94.320       0.144919528
       94.588       0.345082166

 PDOS Einstein freq (single pole), associated temp and eff. force constant: 
 Freq (THz)   Temp (K)   Eff. FC (N/m)
  78.920      3787.42     533.6915

 pDOS n Moments, associated Einstein freqs, temps and eff. force constants:
  n     Mom (THz^n)   Freq (THz)     Temp (K)    Eff. FC (N/m)
 -2       0.00219      21.35383      1024.79      39.0727
 -1       0.02706      36.96134      1773.81     117.0622
  0       1.00000     ---------     --------
  1      71.99509      71.99509      3455.11     444.1475
  2    6228.28901      78.91951      3787.42     533.6914

 Path Red. Mass (AMU):    1.307112
 Path Length (Ang), s^2 (1e-3 Ang^2):  6.1080  10.4608
--------------------------------------------------------------
 Path Indices:    1   2   6   8
 PDOS Poles:
     Freq. (THz)    Weight
        3.224       0.003383374
        8.244       0.093359815
       11.871       0.007623729
       19.100       0.013597107
       28.871       0.033045081
       30.394       0.001213431
       32.692       0.052442893
       36.911       0.022915369
       41.954       0.036250794
       43.685       0.005824211
       43.854       0.048069739
       90.698       0.000300818
       91.781       0.011478362
       91.909       0.177857649
       94.320       0.158473892
       94.588       0.334163687

 PDOS Einstein freq (single pole), associated temp and eff. force constant: 
 Freq (THz)   Temp (K)   Eff. FC (N/m)
  79.353      3808.21     532.5516

 pDOS n Moments, associated Einstein freqs, temps and eff. force constants:
  n     Mom (THz^n)   Freq (THz)     Temp (K)    Eff. FC (N/m)
 -2       0.00202      22.23014      1066.84      41.7948
 -1       0.02651      37.72535      1810.47     120.3662
  0       1.00000     ---------     --------
  1      72.54804      72.54804      3481.64     445.1326
  2    6296.85414      79.35272      3808.21     532.5515

 Path Red. Mass (AMU):    1.290117
 Path Length (Ang), s^2 (1e-3 Ang^2):  6.1081  10.3839
--------------------------------------------------------------
 Path Indices:    1   2   6   9
 PDOS Poles:
     Freq. (THz)    Weight
        5.017       0.005181053
        8.372       0.035653132
       12.141       0.000387101
       19.874       0.034932564
       22.208       0.000039046
       29.569       0.099578266
       32.679       0.004434992
       37.961       0.010251404
       40.767       0.003132958
       41.960       0.018448687
       43.985       0.015996578
       90.698       0.000443387
       91.781       0.001523910
       91.909       0.283942605
       94.320       0.485982714
       94.588       0.000071548

 PDOS Einstein freq (single pole), associated temp and eff. force constant: 
 Freq (THz)   Temp (K)   Eff. FC (N/m)
  83.251      3995.31     524.8023

 pDOS n Moments, associated Einstein freqs, temps and eff. force constants:
  n     Mom (THz^n)   Freq (THz)     Temp (K)    Eff. FC (N/m)
 -2       0.00104      31.00992      1488.19      72.8137
 -1       0.02000      49.99914      2399.50     189.2942
  0       1.00000     ---------     --------
  1      78.22987      78.22987      3754.32     463.4014
  2    6930.80280      83.25144      3995.31     524.8022

 Path Red. Mass (AMU):    1.155057
 Path Length (Ang), s^2 (1e-3 Ang^2):  6.1093   8.7510
--------------------------------------------------------------
 Path Indices:    1   2   7   2
 PDOS Poles:
     Freq. (THz)    Weight
        5.972       0.061865298
        8.016       0.111173078
       11.988       0.015289325
       19.117       0.023410142
       28.988       0.103195201
       32.489       0.105142114
       33.858       0.016234872
       37.050       0.054396652
       41.954       0.165729112
       42.970       0.001722153
       43.833       0.203346572
       90.698       0.000310628
       91.781       0.000018011
       91.909       0.043177958
       94.320       0.027183963
       94.588       0.067804912

 PDOS Einstein freq (single pole), associated temp and eff. force constant: 
 Freq (THz)   Temp (K)   Eff. FC (N/m)
  47.038      2257.40     142.9643

 pDOS n Moments, associated Einstein freqs, temps and eff. force constants:
  n     Mom (THz^n)   Freq (THz)     Temp (K)    Eff. FC (N/m)
 -2       0.00413      15.56400       746.93      15.6521
 -1       0.04558      21.93940      1052.89      31.1013
  0       1.00000     ---------     --------
  1      39.77991      39.77991      1909.07     102.2484
  2    2212.57925      47.03806      2257.40     142.9643

 Path Red. Mass (AMU):    0.985644
 Path Length (Ang), s^2 (1e-3 Ang^2):  8.2381  23.3711
--------------------------------------------------------------
 Path Indices:    1   2   7   3
 PDOS Poles:
     Freq. (THz)    Weight
        3.965       0.008321036
        8.179       0.042549584
       12.701       0.004359703
       19.139       0.137362517
       29.053       0.049266913
       32.592       0.110598021
       36.636       0.079653860
       37.800       0.056347045
       41.797       0.120298118
       42.609       0.022394378
       43.884       0.098315492
       90.698       0.031404805
       91.781       0.068753356
       91.909       0.041582408
       94.320       0.027139758
       94.588       0.101653006

 PDOS Einstein freq (single pole), associated temp and eff. force constant: 
 Freq (THz)   Temp (K)   Eff. FC (N/m)
  56.394      2706.41     193.9171

 pDOS n Moments, associated Einstein freqs, temps and eff. force constants:
  n     Mom (THz^n)   Freq (THz)     Temp (K)    Eff. FC (N/m)
 -2       0.00199      22.40525      1075.25      30.6087
 -1       0.03213      31.12435      1493.68      59.0671
  0       1.00000     ---------     --------
  1      48.60166      48.60166      2332.44     144.0282
  2    3180.31895      56.39432      2706.41     193.9171

 Path Red. Mass (AMU):    0.930115
 Path Length (Ang), s^2 (1e-3 Ang^2):  7.7962  17.4577
--------------------------------------------------------------
 Path Indices:    1   2   7   4
 PDOS Poles:
     Freq. (THz)    Weight
        5.788       0.019096744
        8.248       0.065416120
       12.354       0.005526957
       19.241       0.019448125
       28.947       0.116081254
       32.537       0.098734482
       34.367       0.010394625
       37.021       0.078792215
       41.953       0.133241121
       43.241       0.002317014
       43.840       0.124176764
       90.698       0.000065441
       91.781       0.000050601
       91.909       0.102934047
       94.320       0.060663391
       94.588       0.163061083

 PDOS Einstein freq (single pole), associated temp and eff. force constant: 
 Freq (THz)   Temp (K)   Eff. FC (N/m)
  60.677      2911.96     260.9860

 pDOS n Moments, associated Einstein freqs, temps and eff. force constants:
  n     Mom (THz^n)   Freq (THz)     Temp (K)    Eff. FC (N/m)
 -2       0.00210      21.83602      1047.93      33.7995
 -1       0.03171      31.53132      1513.22      70.4770
  0       1.00000     ---------     --------
  1      52.69001      52.69001      2528.64     196.7977
  2    3681.74591      60.67739      2911.96     260.9860

 Path Red. Mass (AMU):    1.081321
 Path Length (Ang), s^2 (1e-3 Ang^2):  7.4160  14.8227
--------------------------------------------------------------
 Path Indices:    1   2   7   5
 PDOS Poles:
     Freq. (THz)    Weight
        3.030       0.009164207
        7.786       0.040500936
       11.455       0.005118479
       19.542       0.005178115
       28.936       0.167332650
       31.167       0.016841504
       32.822       0.072962364
       37.498       0.019166256
       40.390       0.002345874
       41.960       0.069404605
       43.829       0.072280750
       90.698       0.183149465
       91.781       0.060267298
       91.909       0.103843022
       94.320       0.048228374
       94.588       0.124216101

 PDOS Einstein freq (single pole), associated temp and eff. force constant: 
 Freq (THz)   Temp (K)   Eff. FC (N/m)
  70.455      3381.22     262.8996

 pDOS n Moments, associated Einstein freqs, temps and eff. force constants:
  n     Mom (THz^n)   Freq (THz)     Temp (K)    Eff. FC (N/m)
 -2       0.00216      21.53137      1033.31      24.5530
 -1       0.02699      37.05451      1778.28      72.7183
  0       1.00000     ---------     --------
  1      63.14336      63.14336      3030.31     211.1624
  2    4963.96556      70.45542      3381.22     262.8996

 Path Red. Mass (AMU):    0.807890
 Path Length (Ang), s^2 (1e-3 Ang^2):  8.3514  16.8823
--------------------------------------------------------------
 Path Indices:    1   2   7   6
 PDOS Poles:
     Freq. (THz)    Weight
        5.804       0.020583104
        8.196       0.096592444
       11.999       0.009226614
       19.172       0.007761182
       28.878       0.025500989
       32.306       0.019270605
       32.821       0.047257860
       36.968       0.017273308
       41.953       0.028390134
       43.123       0.000426085
       43.832       0.073006380
       90.698       0.001443459
       91.781       0.000296460
       91.909       0.176652725
       94.320       0.133239741
       94.588       0.343078864

 PDOS Einstein freq (single pole), associated temp and eff. force constant: 
 Freq (THz)   Temp (K)   Eff. FC (N/m)
  77.973      3741.97     537.0671

 pDOS n Moments, associated Einstein freqs, temps and eff. force constants:
  n     Mom (THz^n)   Freq (THz)     Temp (K)    Eff. FC (N/m)
 -2       0.00237      20.54779       986.11      37.2971
 -1       0.02923      34.21723      1642.11     103.4272
  0       1.00000     ---------     --------
  1      70.54114      70.54114      3385.33     439.5722
  2    6079.71569      77.97253      3741.97     537.0671

 Path Red. Mass (AMU):    1.347524
 Path Length (Ang), s^2 (1e-3 Ang^2):  6.3475  10.9608
--------------------------------------------------------------
 Path Indices:    1   2   7   8
 PDOS Poles:
     Freq. (THz)    Weight
        2.598       0.002848208
        8.286       0.069249812
       12.108       0.011283247
       19.763       0.002384246
       29.544       0.031675913
       32.441       0.035079713
       32.766       0.083677511
       37.971       0.015159910
       41.940       0.063624655
       42.689       0.001456709
       43.983       0.111452289
       90.698       0.001327790
       91.781       0.004056888
       91.909       0.351788466
       94.320       0.214899520
       94.588       0.000035068

 PDOS Einstein freq (single pole), associated temp and eff. force constant: 
 Freq (THz)   Temp (K)   Eff. FC (N/m)
  73.775      3540.50     283.2331

 pDOS n Moments, associated Einstein freqs, temps and eff. force constants:
  n     Mom (THz^n)   Freq (THz)     Temp (K)    Eff. FC (N/m)
 -2       0.00183      23.35826      1120.98      28.3930
 -1       0.02586      38.66548      1855.59      77.7997
  0       1.00000     ---------     --------
  1      66.88697      66.88697      3209.96     232.8167
  2    5442.67880      73.77451      3540.50     283.2330

 Path Red. Mass (AMU):    0.793821
 Path Length (Ang), s^2 (1e-3 Ang^2):  7.0344  16.4657
--------------------------------------------------------------
 Path Indices:    1   2   7   9
 PDOS Poles:
     Freq. (THz)    Weight
        5.730       0.018280173
        8.159       0.043515450
       12.573       0.000854449
       19.671       0.016482003
       28.593       0.016479466
       29.485       0.043008667
       33.694       0.002274349
       37.030       0.031864950
       40.192       0.001612089
       41.953       0.030034527
       43.828       0.009002456
       90.698       0.000102081
       91.781       0.000483122
       91.909       0.547524421
       94.320       0.091421345
       94.588       0.147060354

 PDOS Einstein freq (single pole), associated temp and eff. force constant: 
 Freq (THz)   Temp (K)   Eff. FC (N/m)
  83.301      3997.66     410.3973

 pDOS n Moments, associated Einstein freqs, temps and eff. force constants:
  n     Mom (THz^n)   Freq (THz)     Temp (K)    Eff. FC (N/m)
 -2       0.00147      26.10342      1252.73      40.2999
 -1       0.02184      45.78477      2197.25     123.9799
  0       1.00000     ---------     --------
  1      78.41926      78.41926      3763.41     363.7095
  2    6938.97474      83.30051      3997.66     410.3972

 Path Red. Mass (AMU):    0.902195
 Path Length (Ang), s^2 (1e-3 Ang^2):  7.0270  12.2350
--------------------------------------------------------------
 Path Indices:    1   2   8   2
 PDOS Poles:
     Freq. (THz)    Weight
        5.794       0.050555139
        8.020       0.121850872
       12.109       0.017196243
       19.256       0.027220047
       29.001       0.095626351
       32.381       0.104346240
       33.601       0.030543614
       37.133       0.049956307
       41.953       0.179118497
       43.332       0.004153387
       43.841       0.193725779
       90.698       0.000068773
       91.781       0.002018922
       91.909       0.038086406
       94.320       0.026855425
       94.588       0.058678003

 PDOS Einstein freq (single pole), associated temp and eff. force constant: 
 Freq (THz)   Temp (K)   Eff. FC (N/m)
  45.978      2206.52     136.7304

 pDOS n Moments, associated Einstein freqs, temps and eff. force constants:
  n     Mom (THz^n)   Freq (THz)     Temp (K)    Eff. FC (N/m)
 -2       0.00409      15.64271       750.71      15.8268
 -1       0.04565      21.90427      1051.20      31.0331
  0       1.00000     ---------     --------
  1      38.99891      38.99891      1871.59      98.3724
  2    2113.95981      45.97782      2206.52     136.7304

 Path Red. Mass (AMU):    0.986642
 Path Length (Ang), s^2 (1e-3 Ang^2):  8.1903  23.3849
--------------------------------------------------------------
 Path Indices:    1   2   8   3
 PDOS Poles:
     Freq. (THz)    Weight
        3.076       0.008833873
        7.829       0.041596291
       11.597       0.006179525
       19.284       0.003917003
       28.942       0.163175578
       30.542       0.017397689
       32.753       0.089660091
       37.465       0.019391080
       39.787       0.001775575
       41.957       0.075216837
       43.829       0.071080344
       90.698       0.061761435
       91.781       0.206781893
       91.909       0.068500650
       94.320       0.050927698
       94.588       0.113804457

 PDOS Einstein freq (single pole), associated temp and eff. force constant: 
 Freq (THz)   Temp (K)   Eff. FC (N/m)
  69.662      3343.15     260.6512

 pDOS n Moments, associated Einstein freqs, temps and eff. force constants:
  n     Mom (THz^n)   Freq (THz)     Temp (K)    Eff. FC (N/m)
 -2       0.00212      21.72186      1042.45      25.3430
 -1       0.02727      36.67631      1760.13      72.2497
  0       1.00000     ---------     --------
  1      62.20318      62.20318      2985.18     207.8211
  2    4852.83039      69.66226      3343.15     260.6512

 Path Red. Mass (AMU):    0.819324
 Path Length (Ang), s^2 (1e-3 Ang^2):  8.3291  16.8183
--------------------------------------------------------------
 Path Indices:    1   2   8   4
 PDOS Poles:
     Freq. (THz)    Weight
        5.619       0.014916442
        8.181       0.069724550
       12.058       0.007331359
       19.107       0.021379462
       28.977       0.109617897
       32.581       0.114468545
       35.162       0.010314510
       37.127       0.070061850
       41.862       0.060456926
       42.029       0.082207240
       43.832       0.121517833
       90.698       0.000003444
       91.781       0.002844201
       91.909       0.099338349
       94.320       0.064337546
       94.588       0.151479824

 PDOS Einstein freq (single pole), associated temp and eff. force constant: 
 Freq (THz)   Temp (K)   Eff. FC (N/m)
  60.102      2884.36     257.0189

 pDOS n Moments, associated Einstein freqs, temps and eff. force constants:
  n     Mom (THz^n)   Freq (THz)     Temp (K)    Eff. FC (N/m)
 -2       0.00210      21.81520      1046.93      33.8612
 -1       0.03195      31.30005      1502.12      69.7066
  0       1.00000     ---------     --------
  1      52.12115      52.12115      2501.34     193.2911
  2    3612.27883      60.10224      2884.36     257.0189

 Path Red. Mass (AMU):    1.085363
 Path Length (Ang), s^2 (1e-3 Ang^2):  7.3935  14.8766
--------------------------------------------------------------
 Path Indices:    1   2   8   5
 PDOS Poles:
     Freq. (THz)    Weight
        3.528       0.006669899
        8.047       0.043635179
       11.793       0.005402012
       19.096       0.136652300
       29.129       0.046069113
       32.633       0.118307997
       36.858       0.105270568
       38.266       0.020720066
       41.846       0.129557373
       42.712       0.014996788
       43.872       0.094483327
       90.698       0.085197649
       91.781       0.014853807
       91.909       0.055361119
       94.320       0.029156126
       94.588       0.093666664

 PDOS Einstein freq (single pole), associated temp and eff. force constant: 
 Freq (THz)   Temp (K)   Eff. FC (N/m)
  56.736      2722.83     194.9320

 pDOS n Moments, associated Einstein freqs, temps and eff. force constants:
  n     Mom (THz^n)   Freq (THz)     Temp (K)    Eff. FC (N/m)
 -2       0.00204      22.11908      1061.51      29.6273
 -1       0.03214      31.11850      1493.40      58.6402
  0       1.00000     ---------     --------
  1      48.91915      48.91915      2347.67     144.9159
  2    3219.02868      56.73648      2722.83     194.9319

 Path Red. Mass (AMU):    0.923739
 Path Length (Ang), s^2 (1e-3 Ang^2):  7.7804  17.5815
--------------------------------------------------------------
 Path Indices:    1   2   8   6
 PDOS Poles:
     Freq. (THz)    Weight
        5.282       0.012743127
        8.124       0.104168832
       11.870       0.011564826
       19.078       0.008622828
       28.894       0.023947407
       32.651       0.070923513
       34.659       0.001844263
       37.051       0.015915399
       41.954       0.032142576
       43.571       0.002457979
       43.842       0.069690036
       90.698       0.000272797
       91.781       0.010902093
       91.909       0.168795640
       94.320       0.143324945
       94.588       0.322683728

 PDOS Einstein freq (single pole), associated temp and eff. force constant: 
 Freq (THz)   Temp (K)   Eff. FC (N/m)
  77.517      3720.11     538.6157

 pDOS n Moments, associated Einstein freqs, temps and eff. force constants:
  n     Mom (THz^n)   Freq (THz)     Temp (K)    Eff. FC (N/m)
 -2       0.00238      20.50459       984.03      37.6867
 -1       0.02945      33.95994      1629.77     103.3759
  0       1.00000     ---------     --------
  1      69.96716      69.96716      3357.79     438.8076
  2    6008.87787      77.51695      3720.11     538.6157

 Path Red. Mass (AMU):    1.367341
 Path Length (Ang), s^2 (1e-3 Ang^2):  6.3237  10.8838
--------------------------------------------------------------
 Path Indices:    1   2   8   7
 PDOS Poles:
     Freq. (THz)    Weight
        2.293       0.003447507
        8.311       0.069821626
       12.137       0.012085524
       19.671       0.002252445
       29.374       0.024523921
       30.119       0.009937662
       32.690       0.119221775
       37.875       0.015383449
       40.267       0.000684304
       41.959       0.068902662
       43.985       0.107770981
       90.698       0.001364767
       91.781       0.003567287
       91.909       0.348177582
       94.320       0.212322298
       94.588       0.000536154

 PDOS Einstein freq (single pole), associated temp and eff. force constant: 
 Freq (THz)   Temp (K)   Eff. FC (N/m)
  73.445      3524.69     286.2928

 pDOS n Moments, associated Einstein freqs, temps and eff. force constants:
  n     Mom (THz^n)   Freq (THz)     Temp (K)    Eff. FC (N/m)
 -2       0.00208      21.94159      1053.00      25.5518
 -1       0.02644      37.81960      1815.00      75.9135
  0       1.00000     ---------     --------
  1      66.46675      66.46675      3189.80     234.4738
  2    5394.17366      73.44504      3524.69     286.2927

 Path Red. Mass (AMU):    0.809612
 Path Length (Ang), s^2 (1e-3 Ang^2):  7.0105  16.5056
--------------------------------------------------------------
 Path Indices:    1   2   8   9
 PDOS Poles:
     Freq. (THz)    Weight
        5.557       0.014043834
        8.155       0.046241725
       12.579       0.001183755
       19.468       0.015488800
       28.679       0.023236117
       29.535       0.037733303
       33.416       0.003131652
       36.988       0.032121271
       40.626       0.001541391
       41.963       0.030617825
       43.836       0.008408733
       90.698       0.000024499
       91.781       0.011018515
       91.909       0.540064132
       94.320       0.088583870
       94.588       0.146560479

 PDOS Einstein freq (single pole), associated temp and eff. force constant: 
 Freq (THz)   Temp (K)   Eff. FC (N/m)
  83.283      3996.83     415.3390

 pDOS n Moments, associated Einstein freqs, temps and eff. force constants:
  n     Mom (THz^n)   Freq (THz)     Temp (K)    Eff. FC (N/m)
 -2       0.00141      26.62701      1277.85      42.4554
 -1       0.02158      46.33619      2223.71     128.5667
  0       1.00000     ---------     --------
  1      78.42976      78.42976      3763.91     368.3404
  2    6936.09410      83.28322      3996.83     415.3390

 Path Red. Mass (AMU):    0.913438
 Path Length (Ang), s^2 (1e-3 Ang^2):  7.0029  11.9406
--------------------------------------------------------------
 Path Indices:    1   2   9   2
 PDOS Poles:
     Freq. (THz)    Weight
        4.158       0.000553850
        8.377       0.031815558
       12.280       0.001654032
       19.876       0.036437219
       29.560       0.102214501
       30.798       0.001551515
       32.720       0.014380744
       37.966       0.013636305
       40.849       0.004232357
       41.966       0.033721061
       43.984       0.015818934
       90.698       0.000376351
       91.781       0.001600478
       91.909       0.289847126
       94.320       0.452101152
       94.588       0.000058768

 PDOS Einstein freq (single pole), associated temp and eff. force constant: 
 Freq (THz)   Temp (K)   Eff. FC (N/m)
  82.020      3936.22     431.6921

 pDOS n Moments, associated Einstein freqs, temps and eff. force constants:
  n     Mom (THz^n)   Freq (THz)     Temp (K)    Eff. FC (N/m)
 -2       0.00085      34.39475      1650.63      75.9132
 -1       0.01944      51.43583      2468.45     169.7713
  0       1.00000     ---------     --------
  1      76.82302      76.82302      3686.80     378.7177
  2    6727.30696      82.02016      3936.22     431.6920

 Path Red. Mass (AMU):    0.978868
 Path Length (Ang), s^2 (1e-3 Ang^2):  9.6576  10.0377
--------------------------------------------------------------
 Path Indices:    1   2   9   3
 PDOS Poles:
     Freq. (THz)    Weight
        3.636       0.011328522
        7.062       0.028878292
       11.908       0.007700424
       19.882       0.070667048
       29.564       0.142663188
       32.629       0.017975296
       37.634       0.022185709
       38.931       0.011347078
       41.634       0.060897376
       42.265       0.033397890
       43.964       0.050091205
       90.698       0.024864093
       91.781       0.092629699
       91.909       0.145093899
       94.320       0.279744425
       94.588       0.000535841

 PDOS Einstein freq (single pole), associated temp and eff. force constant: 
 Freq (THz)   Temp (K)   Eff. FC (N/m)
  72.035      3457.02     331.1619

 pDOS n Moments, associated Einstein freqs, temps and eff. force constants:
  n     Mom (THz^n)   Freq (THz)     Temp (K)    Eff. FC (N/m)
 -2       0.00201      22.27809      1069.15      31.6745
 -1       0.02689      37.18921      1784.74      88.2648
  0       1.00000     ---------     --------
  1      64.50022      64.50022      3095.42     265.5071
  2    5189.03521      72.03496      3457.02     331.1619

 Path Red. Mass (AMU):    0.973520
 Path Length (Ang), s^2 (1e-3 Ang^2):  8.4797  13.9593
--------------------------------------------------------------
 Path Indices:    1   2   9   4
 PDOS Poles:
     Freq. (THz)    Weight
        5.055       0.004676008
        8.390       0.025474664
       12.298       0.002749434
       19.875       0.046183944
       29.550       0.141889083
       29.930       0.008868837
       32.695       0.024011609
       37.965       0.018886878
       40.825       0.005425162
       41.963       0.066508437
       43.985       0.030446196
       90.698       0.000211527
       91.781       0.001452878
       91.909       0.242259725
       94.320       0.380908511
       94.588       0.000047043

 PDOS Einstein freq (single pole), associated temp and eff. force constant: 
 Freq (THz)   Temp (K)   Eff. FC (N/m)
  76.419      3667.41     386.4805

 pDOS n Moments, associated Einstein freqs, temps and eff. force constants:
  n     Mom (THz^n)   Freq (THz)     Temp (K)    Eff. FC (N/m)
 -2       0.00102      31.36616      1505.29      65.1101
 -1       0.02194      45.57559      2187.21     137.4644
  0       1.00000     ---------     --------
  1      69.85108      69.85108      3352.21     322.9029
  2    5839.85325      76.41893      3667.41     386.4804

 Path Red. Mass (AMU):    1.009524
 Path Length (Ang), s^2 (1e-3 Ang^2):  8.0873  10.9844
--------------------------------------------------------------
 Path Indices:    1   2   9   5
 PDOS Poles:
     Freq. (THz)    Weight
        3.748       0.011437476
        7.146       0.031599612
       12.016       0.007382239
       19.860       0.068301117
       29.560       0.143988410
       32.539       0.017940966
       36.939       0.010030224
       38.409       0.020789521
       41.615       0.064400516
       42.339       0.030549336
       43.948       0.052247990
       90.698       0.077006645
       91.781       0.019349052
       91.909       0.171960075
       94.320       0.271962841
       94.588       0.001053952

 PDOS Einstein freq (single pole), associated temp and eff. force constant: 
 Freq (THz)   Temp (K)   Eff. FC (N/m)
  71.862      3448.70     325.6576

 pDOS n Moments, associated Einstein freqs, temps and eff. force constants:
  n     Mom (THz^n)   Freq (THz)     Temp (K)    Eff. FC (N/m)
 -2       0.00200      22.33583      1071.92      31.4610
 -1       0.02705      36.97474      1774.45      86.2141
  0       1.00000     ---------     --------
  1      64.30872      64.30872      3086.23     260.8001
  2    5164.08128      71.86154      3448.70     325.6575

 Path Red. Mass (AMU):    0.961965
 Path Length (Ang), s^2 (1e-3 Ang^2):  8.4680  14.2089
--------------------------------------------------------------
 Path Indices:    1   2   9   6
 PDOS Poles:
     Freq. (THz)    Weight
        4.595       0.001429166
        8.367       0.041271526
       11.423       0.000144449
       19.875       0.019942538
       25.626       0.000014868
       29.570       0.046891392
       33.841       0.000035776
       37.963       0.004502935
       40.827       0.001325507
       42.009       0.001087015
       43.984       0.005228351
       90.698       0.000531103
       91.781       0.001664255
       91.909       0.316147476
       94.320       0.559719977
       94.588       0.000063604

 PDOS Einstein freq (single pole), associated temp and eff. force constant: 
 Freq (THz)   Temp (K)   Eff. FC (N/m)
  87.986      4222.53     515.0754

 pDOS n Moments, associated Einstein freqs, temps and eff. force constants:
  n     Mom (THz^n)   Freq (THz)     Temp (K)    Eff. FC (N/m)
 -2       0.00087      33.89698      1626.75      76.4478
 -1       0.01754      57.00735      2735.83     216.2243
  0       1.00000     ---------     --------
  1      84.69523      84.69523      4064.60     477.2664
  2    7741.54818      87.98607      4222.53     515.0753

 Path Red. Mass (AMU):    1.014926
 Path Length (Ang), s^2 (1e-3 Ang^2):  7.0586   8.7349
--------------------------------------------------------------
 Path Indices:    1   2   9   7
 PDOS Poles:
     Freq. (THz)    Weight
        3.325       0.003147230
        8.237       0.044585785
       12.945       0.000800984
       19.510       0.014840423
       28.958       0.045480522
       31.287       0.006386962
       35.130       0.004321043
       37.099       0.033683766
       41.788       0.009127681
       43.154       0.002292163
       43.938       0.029128838
       90.698       0.000057493
       91.781       0.000568862
       91.909       0.555890303
       94.320       0.118921403
       94.588       0.130766446

 PDOS Einstein freq (single pole), associated temp and eff. force constant: 
 Freq (THz)   Temp (K)   Eff. FC (N/m)
  84.323      4046.72     357.4816

 pDOS n Moments, associated Einstein freqs, temps and eff. force constants:
  n     Mom (THz^n)   Freq (THz)     Temp (K)    Eff. FC (N/m)
 -2       0.00119      28.99038      1391.27      42.2544
 -1       0.01962      50.96629      2445.92     130.5961
  0       1.00000     ---------     --------
  1      80.09062      80.09062      3843.62     322.4983
  2    7110.32592      84.32275      4046.72     357.4815

 Path Red. Mass (AMU):    0.766929
 Path Length (Ang), s^2 (1e-3 Ang^2):  7.7368  12.9296
--------------------------------------------------------------
 Path Indices:    1   2   9   8
 PDOS Poles:
     Freq. (THz)    Weight
        3.764       0.002565821
        8.240       0.046028273
       12.479       0.000909178
       19.306       0.013572601
       28.950       0.045456542
       31.566       0.006451992
       34.451       0.003369457
       37.001       0.034469662
       41.833       0.008324743
       43.305       0.002133970
       43.946       0.029671688
       90.698       0.000040696
       91.781       0.010770626
       91.909       0.550738144
       94.320       0.108997864
       94.588       0.136498647

 PDOS Einstein freq (single pole), associated temp and eff. force constant: 
 Freq (THz)   Temp (K)   Eff. FC (N/m)
  84.346      4047.82     354.5156

 pDOS n Moments, associated Einstein freqs, temps and eff. force constants:
  n     Mom (THz^n)   Freq (THz)     Temp (K)    Eff. FC (N/m)
 -2       0.00111      30.07939      1443.54      45.0866
 -1       0.01948      51.33526      2463.62     131.3232
  0       1.00000     ---------     --------
  1      80.12002      80.12002      3845.03     319.8836
  2    7114.18850      84.34565      4047.82     354.5155

 Path Red. Mass (AMU):    0.760153
 Path Length (Ang), s^2 (1e-3 Ang^2):  7.7366  12.9511
--------------------------------------------------------------
 Path Indices:    1   3   1   2
 PDOS Poles:
     Freq. (THz)    Weight
        2.980       0.027542714
        7.119       0.031886775
       11.951       0.018308484
       19.826       0.006795538
       28.849       0.192204924
       29.513       0.147031854
       36.861       0.195158662
       37.931       0.288785033
       40.757       0.067023770
       42.174       0.001175589
       43.955       0.004087440
       90.698       0.005644041
       91.781       0.014079926
       91.909       0.000176752
       94.320       0.000022591
       94.588       0.000075904

 PDOS Einstein freq (single pole), associated temp and eff. force constant: 
 Freq (THz)   Temp (K)   Eff. FC (N/m)
  35.561      1706.60      79.0404

 pDOS n Moments, associated Einstein freqs, temps and eff. force constants:
  n     Mom (THz^n)   Freq (THz)     Temp (K)    Eff. FC (N/m)
 -2       0.00466      14.64123       702.65      13.3985
 -1       0.04213      23.73549      1139.09      35.2127
  0       1.00000     ---------     --------
  1      33.48535      33.48535      1606.99      70.0830
  2    1264.57961      35.56093      1706.60      79.0404

 Path Red. Mass (AMU):    0.953441
 Path Length (Ang), s^2 (1e-3 Ang^2):  8.5518  22.3323
--------------------------------------------------------------
 Path Indices:    1   3   1   3
 PDOS Poles:
     Freq. (THz)    Weight
        2.617       0.025161092
        5.777       0.036439197
       10.020       0.002758043
       19.868       0.009769532
       28.923       0.244655794
       29.669       0.096878719
       36.866       0.201884023
       37.938       0.288284352
       40.764       0.068594333
       42.300       0.000933576
       43.956       0.004202705
       90.698       0.005772664
       91.781       0.014386453
       91.909       0.000180320
       94.320       0.000021759
       94.588       0.000077440

 PDOS Einstein freq (single pole), associated temp and eff. force constant: 
 Freq (THz)   Temp (K)   Eff. FC (N/m)
  35.772      1716.72      41.6343

 pDOS n Moments, associated Einstein freqs, temps and eff. force constants:
  n     Mom (THz^n)   Freq (THz)     Temp (K)    Eff. FC (N/m)
 -2       0.00562      13.34352       640.37       5.7931
 -1       0.04351      22.98170      1102.91      17.1844
  0       1.00000     ---------     --------
  1      33.71843      33.71843      1618.18      36.9917
  2    1279.62436      35.77184      1716.72      41.6343

 Path Red. Mass (AMU):    0.496318
 Path Length (Ang), s^2 (1e-3 Ang^2):  9.4134  44.3081
--------------------------------------------------------------
 Path Indices:    1   3   1   4
 PDOS Poles:
     Freq. (THz)    Weight
        3.646       0.054659732
        6.558       0.060181062
       10.965       0.007312137
       19.871       0.036724750
       29.093       0.356508920
       30.991       0.051391198
       35.271       0.034484101
       37.410       0.322758197
       39.367       0.024544119
       40.917       0.024904117
       43.925       0.002119690
       90.698       0.008959615
       91.781       0.015171296
       91.909       0.000180813
       94.320       0.000021043
       94.588       0.000079213

 PDOS Einstein freq (single pole), associated temp and eff. force constant: 
 Freq (THz)   Temp (K)   Eff. FC (N/m)
  33.943      1628.97      68.3495

 pDOS n Moments, associated Einstein freqs, temps and eff. force constants:
  n     Mom (THz^n)   Freq (THz)     Temp (K)    Eff. FC (N/m)
 -2       0.00643      12.46708       598.31       9.2205
 -1       0.05175      19.32346       927.35      22.1512
  0       1.00000     ---------     --------
  1      30.96856      30.96856      1486.21      56.8943
  2    1152.14761      33.94330      1628.97      68.3495

 Path Red. Mass (AMU):    0.904937
 Path Length (Ang), s^2 (1e-3 Ang^2):  9.4512  28.9016
--------------------------------------------------------------
 Path Indices:    1   3   1   5
 PDOS Poles:
     Freq. (THz)    Weight
        4.952       0.057082143
        7.307       0.010868509
       11.615       0.002277092
       19.879       0.021328489
       29.561       0.217553357
       30.128       0.005121123
       33.326       0.001291196
       37.960       0.502374942
       40.761       0.144589700
       41.927       0.002424240
       43.985       0.006702532
       90.698       0.027863869
       91.781       0.000430734
       91.909       0.000041513
       94.320       0.000049543
       94.588       0.000001033

 PDOS Einstein freq (single pole), associated temp and eff. force constant: 
 Freq (THz)   Temp (K)   Eff. FC (N/m)
  37.708      1809.65      46.3179

 pDOS n Moments, associated Einstein freqs, temps and eff. force constants:
  n     Mom (THz^n)   Freq (THz)     Temp (K)    Eff. FC (N/m)
 -2       0.00330      17.40332       835.20       9.8660
 -1       0.03916      25.53899      1225.64      21.2463
  0       1.00000     ---------     --------
  1      35.37653      35.37653      1697.75      40.7667
  2    1421.91378      37.70827      1809.65      46.3179

 Path Red. Mass (AMU):    0.496897
 Path Length (Ang), s^2 (1e-3 Ang^2):  9.4577  39.8249
--------------------------------------------------------------
 Path Indices:    1   3   1   6
 PDOS Poles:
     Freq. (THz)    Weight
        3.554       0.049012360
        7.298       0.066253737
       11.493       0.015169882
       19.854       0.020778307
       28.943       0.240203510
       30.611       0.017171602
       36.581       0.118447109
       37.795       0.351489079
       40.662       0.068262114
       41.912       0.027469938
       43.957       0.004408279
       90.698       0.005163623
       91.781       0.012398241
       91.909       0.003499339
       94.320       0.000178723
       94.588       0.000094149

 PDOS Einstein freq (single pole), associated temp and eff. force constant: 
 Freq (THz)   Temp (K)   Eff. FC (N/m)
  35.225      1690.47      73.6401

 pDOS n Moments, associated Einstein freqs, temps and eff. force constants:
  n     Mom (THz^n)   Freq (THz)     Temp (K)    Eff. FC (N/m)
 -2       0.00599      12.91701       619.90       9.9025
 -1       0.04930      20.28343       973.42      24.4175
  0       1.00000     ---------     --------
  1      32.41426      32.41426      1555.59      62.3579
  2    1240.78211      35.22474      1690.47      73.6401

 Path Red. Mass (AMU):    0.905337
 Path Length (Ang), s^2 (1e-3 Ang^2): 10.8765  27.5216
--------------------------------------------------------------
 Path Indices:    1   3   1   7
 PDOS Poles:
     Freq. (THz)    Weight
        2.826       0.034553716
        7.381       0.065191082
       11.839       0.018192744
       19.170       0.020871321
       29.486       0.108845943
       32.435       0.047761444
       36.567       0.163413884
       37.591       0.242644774
       40.737       0.041221062
       41.982       0.079397102
       43.835       0.088021544
       90.698       0.004473222
       91.781       0.006616448
       91.909       0.022093446
       94.320       0.014170360
       94.588       0.042531897

 PDOS Einstein freq (single pole), associated temp and eff. force constant: 
 Freq (THz)   Temp (K)   Eff. FC (N/m)
  43.400      2082.80      61.3311

 pDOS n Moments, associated Einstein freqs, temps and eff. force constants:
  n     Mom (THz^n)   Freq (THz)     Temp (K)    Eff. FC (N/m)
 -2       0.00630      12.59927       604.65       5.1689
 -1       0.04564      21.90849      1051.41      15.6289
  0       1.00000     ---------     --------
  1      38.32380      38.32380      1839.19      47.8234
  2    1883.55008      43.39989      2082.80      61.3311

 Path Red. Mass (AMU):    0.496701
 Path Length (Ang), s^2 (1e-3 Ang^2): 11.2281  46.4427
--------------------------------------------------------------
 Path Indices:    1   3   1   8
 PDOS Poles:
     Freq. (THz)    Weight
        4.598       0.020177272
        8.052       0.048995244
       12.093       0.016039212
       19.102       0.021356350
       28.990       0.413361878
       31.179       0.044541180
       33.329       0.034413311
       37.828       0.122458509
       40.652       0.035922149
       41.949       0.083991923
       43.829       0.060349923
       90.698       0.003607746
       91.781       0.015229293
       91.909       0.023622661
       94.320       0.016883136
       94.588       0.039050207

 PDOS Einstein freq (single pole), associated temp and eff. force constant: 
 Freq (THz)   Temp (K)   Eff. FC (N/m)
  42.404      2034.99      58.5916

 pDOS n Moments, associated Einstein freqs, temps and eff. force constants:
  n     Mom (THz^n)   Freq (THz)     Temp (K)    Eff. FC (N/m)
 -2       0.00264      19.44552       933.21      12.3215
 -1       0.03819      26.18373      1256.58      22.3403
  0       1.00000     ---------     --------
  1      37.05160      37.05160      1778.14      44.7342
  2    1798.08124      42.40379      2034.99      58.5915

 Path Red. Mass (AMU):    0.497069
 Path Length (Ang), s^2 (1e-3 Ang^2): 11.2500  38.8308
--------------------------------------------------------------
 Path Indices:    1   3   1   9
 PDOS Poles:
     Freq. (THz)    Weight
        3.061       0.019099789
        5.571       0.046299794
        9.087       0.003900455
       19.875       0.054203853
       28.917       0.127393446
       32.494       0.022720905
       36.647       0.072520586
       37.879       0.264092144
       40.739       0.063801607
       41.962       0.051710691
       43.983       0.043752315
       90.698       0.001885452
       91.781       0.011448588
       91.909       0.079562280
       94.320       0.137602822
       94.588       0.000005249

 PDOS Einstein freq (single pole), associated temp and eff. force constant: 
 Freq (THz)   Temp (K)   Eff. FC (N/m)
  54.037      2593.28      95.0426

 pDOS n Moments, associated Einstein freqs, temps and eff. force constants:
  n     Mom (THz^n)   Freq (THz)     Temp (K)    Eff. FC (N/m)
 -2       0.00424      15.35024       736.67       7.6695
 -1       0.03803      26.29752      1262.04      22.5095
  0       1.00000     ---------     --------
  1      46.71934      46.71934      2242.10      71.0444
  2    2919.99133      54.03694      2593.28      95.0426

 Path Red. Mass (AMU):    0.496510
 Path Length (Ang), s^2 (1e-3 Ang^2): 11.5642  38.7063
--------------------------------------------------------------
 Path Indices:    1   3   2   3
 PDOS Poles:
     Freq. (THz)    Weight
        3.892       0.007868164
        7.723       0.010477556
       15.982       0.000912086
       19.720       0.070523078
       28.740       0.135056049
       29.416       0.164338153
       36.639       0.085377933
       37.840       0.327067550
       39.958       0.009377150
       41.455       0.003481941
       43.970       0.002655840
       90.698       0.048532597
       91.781       0.131462393
       91.909       0.001563069
       94.320       0.000246933
       94.588       0.001059520

 PDOS Einstein freq (single pole), associated temp and eff. force constant: 
 Freq (THz)   Temp (K)   Eff. FC (N/m)
  49.221      2362.15      92.1399

 pDOS n Moments, associated Einstein freqs, temps and eff. force constants:
  n     Mom (THz^n)   Freq (THz)     Temp (K)    Eff. FC (N/m)
 -2       0.00156      25.34633      1216.39      24.4331
 -1       0.03065      32.62806      1565.85      40.4885
  0       1.00000     ---------     --------
  1      43.10751      43.10751      2068.77      70.6732
  2    2422.69669      49.22090      2362.15      92.1399

 Path Red. Mass (AMU):    0.580150
 Path Length (Ang), s^2 (1e-3 Ang^2):  7.8175  26.6989
--------------------------------------------------------------
 Path Indices:    1   3   2   4
 PDOS Poles:
     Freq. (THz)    Weight
        4.418       0.028177608
        7.549       0.020072413
       13.126       0.001021225
       19.832       0.155440082
       28.640       0.097757291
       29.429       0.243639961
       34.658       0.006296265
       37.155       0.176093879
       38.155       0.102542926
       41.564       0.000737324
       43.937       0.000682895
       90.698       0.043964174
       91.781       0.120997720
       91.909       0.001410264
       94.320       0.000187222
       94.588       0.000978762

 PDOS Einstein freq (single pole), associated temp and eff. force constant: 
 Freq (THz)   Temp (K)   Eff. FC (N/m)
  46.475      2230.40     148.3809

 pDOS n Moments, associated Einstein freqs, temps and eff. force constants:
  n     Mom (THz^n)   Freq (THz)     Temp (K)    Eff. FC (N/m)
 -2       0.00282      18.82634       903.49      24.3479
 -1       0.03812      26.23491      1259.04      47.2813
  0       1.00000     ---------     --------
  1      39.40873      39.40873      1891.26     106.6879
  2    2159.97011      46.47548      2230.40     148.3809

 Path Red. Mass (AMU):    1.047904
 Path Length (Ang), s^2 (1e-3 Ang^2):  7.2635  18.3833
--------------------------------------------------------------
 Path Indices:    1   3   2   5
 PDOS Poles:
     Freq. (THz)    Weight
        4.998       0.024271461
        7.711       0.004050292
       11.130       0.000196908
       19.877       0.062299343
       29.547       0.156504570
       29.907       0.013147152
       33.256       0.001440022
       37.960       0.519954336
       40.744       0.017369006
       41.905       0.001620189
       43.985       0.004979447
       90.698       0.184300401
       91.781       0.009028210
       91.909       0.000385366
       94.320       0.000449638
       94.588       0.000003680

 PDOS Einstein freq (single pole), associated temp and eff. force constant: 
 Freq (THz)   Temp (K)   Eff. FC (N/m)
  50.650      2430.75      97.6314

 pDOS n Moments, associated Einstein freqs, temps and eff. force constants:
  n     Mom (THz^n)   Freq (THz)     Temp (K)    Eff. FC (N/m)
 -2       0.00179      23.61930      1133.51      21.2305
 -1       0.03073      32.54389      1561.81      40.3057
  0       1.00000     ---------     --------
  1      44.81301      44.81301      2150.62      76.4250
  2    2565.44254      50.65020      2430.75      97.6314

 Path Red. Mass (AMU):    0.580522
 Path Length (Ang), s^2 (1e-3 Ang^2):  7.8044  26.7508
--------------------------------------------------------------
 Path Indices:    1   3   2   6
 PDOS Poles:
     Freq. (THz)    Weight
        4.210       0.017651254
        8.206       0.048212005
       12.364       0.017054493
       19.774       0.086571515
       28.909       0.202016549
       31.063       0.016689351
       35.784       0.033730386
       37.721       0.363855160
       39.727       0.017816754
       41.901       0.024383808
       43.965       0.002031842
       90.698       0.044120503
       91.781       0.117466410
       91.909       0.007043299
       94.320       0.000372139
       94.588       0.000984539

 PDOS Einstein freq (single pole), associated temp and eff. force constant: 
 Freq (THz)   Temp (K)   Eff. FC (N/m)
  47.799      2293.94     156.1587

 pDOS n Moments, associated Einstein freqs, temps and eff. force constants:
  n     Mom (THz^n)   Freq (THz)     Temp (K)    Eff. FC (N/m)
 -2       0.00263      19.49093       935.39      25.9649
 -1       0.03687      27.12025      1301.52      50.2699
  0       1.00000     ---------     --------
  1      41.06051      41.06051      1970.53     115.2310
  2    2284.78473      47.79942      2293.94     156.1587

 Path Red. Mass (AMU):    1.042586
 Path Length (Ang), s^2 (1e-3 Ang^2):  8.2191  17.8739
--------------------------------------------------------------
 Path Indices:    1   3   2   7
 PDOS Poles:
     Freq. (THz)    Weight
        4.427       0.018421062
        7.647       0.064808848
       12.252       0.023748845
       19.292       0.063216201
       29.383       0.086143178
       31.692       0.053077024
       33.820       0.041301727
       37.215       0.269993198
       38.969       0.023463509
       41.949       0.087110129
       43.828       0.101221434
       90.698       0.027160062
       91.781       0.060613408
       91.909       0.017342292
       94.320       0.012902960
       94.588       0.049476122

 PDOS Einstein freq (single pole), associated temp and eff. force constant: 
 Freq (THz)   Temp (K)   Eff. FC (N/m)
  49.004      2351.75      85.1894

 pDOS n Moments, associated Einstein freqs, temps and eff. force constants:
  n     Mom (THz^n)   Freq (THz)     Temp (K)    Eff. FC (N/m)
 -2       0.00290      18.57850       891.60      12.2445
 -1       0.03773      26.50344      1271.92      24.9186
  0       1.00000     ---------     --------
  1      42.26780      42.26780      2028.47      63.3779
  2    2401.41239      49.00421      2351.75      85.1894

 Path Red. Mass (AMU):    0.541141
 Path Length (Ang), s^2 (1e-3 Ang^2):  8.4586  35.2381
--------------------------------------------------------------
 Path Indices:    1   3   2   8
 PDOS Poles:
     Freq. (THz)    Weight
        5.312       0.014458643
        8.074       0.048633041
       12.184       0.024756636
       19.771       0.008296059
       28.985       0.356485931
       30.884       0.037225810
       32.892       0.066741881
       37.924       0.098025663
       41.115       0.007672996
       41.983       0.086101059
       43.833       0.083877991
       90.698       0.024932594
       91.781       0.081919490
       91.909       0.016820010
       94.320       0.014140242
       94.588       0.029911967

 PDOS Einstein freq (single pole), associated temp and eff. force constant: 
 Freq (THz)   Temp (K)   Eff. FC (N/m)
  48.117      2309.17      82.1933

 pDOS n Moments, associated Einstein freqs, temps and eff. force constants:
  n     Mom (THz^n)   Freq (THz)     Temp (K)    Eff. FC (N/m)
 -2       0.00216      21.53519      1033.49      16.4641
 -1       0.03528      28.34280      1360.20      28.5185
  0       1.00000     ---------     --------
  1      41.42619      41.42619      1988.08      60.9244
  2    2315.23700      48.11691      2309.17      82.1933

 Path Red. Mass (AMU):    0.541542
 Path Length (Ang), s^2 (1e-3 Ang^2):  8.4347  32.9268
--------------------------------------------------------------
 Path Indices:    1   3   2   9
 PDOS Poles:
     Freq. (THz)    Weight
        4.442       0.015415154
        7.745       0.012258155
       13.011       0.000901838
       19.846       0.096514081
       28.903       0.109135374
       31.817       0.008960181
       36.036       0.022652290
       37.827       0.251112443
       40.427       0.015203104
       41.937       0.034479763
       43.983       0.028282780
       90.698       0.019410356
       91.781       0.076444074
       91.909       0.105065925
       94.320       0.203855889
       94.588       0.000308586

 PDOS Einstein freq (single pole), associated temp and eff. force constant: 
 Freq (THz)   Temp (K)   Eff. FC (N/m)
  64.621      3101.20     148.8265

 pDOS n Moments, associated Einstein freqs, temps and eff. force constants:
  n     Mom (THz^n)   Freq (THz)     Temp (K)    Eff. FC (N/m)
 -2       0.00166      24.55323      1178.33      21.4860
 -1       0.02751      36.35572      1744.74      47.1068
  0       1.00000     ---------     --------
  1      56.83967      56.83967      2727.79     115.1439
  2    4175.82623      64.62063      3101.20     148.8265

 Path Red. Mass (AMU):    0.543662
 Path Length (Ang), s^2 (1e-3 Ang^2):  9.1684  25.5695
--------------------------------------------------------------
 Path Indices:    1   3   4   2
 PDOS Poles:
     Freq. (THz)    Weight
        3.234       0.015912748
        7.527       0.024321046
       11.902       0.009482045
       19.863       0.056085798
       28.840       0.078735252
       29.559       0.090304163
       36.669       0.057073149
       37.740       0.104854688
       40.464       0.013856030
       41.201       0.005829989
       43.908       0.000608349
       90.698       0.134250665
       91.781       0.399833347
       91.909       0.004597411
       94.320       0.000699324
       94.588       0.003556056

 PDOS Einstein freq (single pole), associated temp and eff. force constant: 
 Freq (THz)   Temp (K)   Eff. FC (N/m)
  70.559      3386.18     525.7502

 pDOS n Moments, associated Einstein freqs, temps and eff. force constants:
  n     Mom (THz^n)   Freq (THz)     Temp (K)    Eff. FC (N/m)
 -2       0.00255      19.79955       950.20      41.3988
 -1       0.02832      35.30940      1694.53     131.6613
  0       1.00000     ---------     --------
  1      62.97704      62.97704      3022.32     418.8341
  2    4978.54034      70.55877      3386.18     525.7503

 Path Red. Mass (AMU):    1.610901
 Path Length (Ang), s^2 (1e-3 Ang^2):  6.0205   8.8852
--------------------------------------------------------------
 Path Indices:    1   3   4   3
 PDOS Poles:
     Freq. (THz)    Weight
        4.688       0.022156476
        7.822       0.017390206
       11.272       0.001755091
       19.112       0.005796963
       29.063       0.102703948
       31.007       0.011430915
       36.530       0.058822628
       37.750       0.158758786
       40.565       0.015445994
       41.646       0.001734647
       43.938       0.002323621
       90.698       0.148476913
       91.781       0.443368352
       91.909       0.005016176
       94.320       0.000845947
       94.588       0.003973405

 PDOS Einstein freq (single pole), associated temp and eff. force constant: 
 Freq (THz)   Temp (K)   Eff. FC (N/m)
  74.033      3552.91     292.1854

 pDOS n Moments, associated Einstein freqs, temps and eff. force constants:
  n     Mom (THz^n)   Freq (THz)     Temp (K)    Eff. FC (N/m)
 -2       0.00169      24.29458      1165.92      31.4648
 -1       0.02417      41.36517      1985.15      91.2171
  0       1.00000     ---------     --------
  1      67.72845      67.72845      3250.35     244.5394
  2    5480.90227      74.03312      3552.91     292.1855

 Path Red. Mass (AMU):    0.813201
 Path Length (Ang), s^2 (1e-3 Ang^2):  5.3316  15.0242
--------------------------------------------------------------
 Path Indices:    1   3   4   5
 PDOS Poles:
     Freq. (THz)    Weight
        4.960       0.031123335
        7.509       0.007380175
       10.486       0.001123161
       19.880       0.007364325
       29.549       0.080161916
       29.807       0.008146608
       33.394       0.000421273
       37.960       0.214498811
       40.761       0.050861485
       41.929       0.001026539
       43.985       0.002683522
       90.698       0.563653643
       91.781       0.028955455
       91.909       0.001139554
       94.320       0.001445752
       94.588       0.000014494

 PDOS Einstein freq (single pole), associated temp and eff. force constant: 
 Freq (THz)   Temp (K)   Eff. FC (N/m)
  73.387      3521.93     295.5498

 pDOS n Moments, associated Einstein freqs, temps and eff. force constants:
  n     Mom (THz^n)   Freq (THz)     Temp (K)    Eff. FC (N/m)
 -2       0.00178      23.70470      1137.61      30.8358
 -1       0.02428      41.19415      1976.94      93.1232
  0       1.00000     ---------     --------
  1      67.39255      67.39255      3234.23     249.2358
  2    5385.72322      73.38749      3521.93     295.5498

 Path Red. Mass (AMU):    0.837101
 Path Length (Ang), s^2 (1e-3 Ang^2):  5.3333  14.6559
--------------------------------------------------------------
 Path Indices:    1   3   4   6
 PDOS Poles:
     Freq. (THz)    Weight
        3.729       0.027575470
        7.399       0.040287452
       10.944       0.006955939
       19.823       0.010220259
       28.885       0.078559576
       32.623       0.050736781
       36.482       0.042023836
       37.812       0.180010480
       40.684       0.042973604
       41.941       0.035720959
       43.971       0.003204786
       90.698       0.111476238
       91.781       0.351657638
       91.909       0.014989309
       94.320       0.000324402
       94.588       0.003283320

 PDOS Einstein freq (single pole), associated temp and eff. force constant: 
 Freq (THz)   Temp (K)   Eff. FC (N/m)
  67.960      3261.47     440.8251

 pDOS n Moments, associated Einstein freqs, temps and eff. force constants:
  n     Mom (THz^n)   Freq (THz)     Temp (K)    Eff. FC (N/m)
 -2       0.00321      17.65589       847.32      29.7534
 -1       0.03142      31.82534      1527.33      96.6726
  0       1.00000     ---------     --------
  1      60.43594      60.43594      2900.37     348.6164
  2    4618.58733      67.96019      3261.47     440.8252

 Path Red. Mass (AMU):    1.455957
 Path Length (Ang), s^2 (1e-3 Ang^2):  5.7439  10.9069
--------------------------------------------------------------
 Path Indices:    1   3   4   7
 PDOS Poles:
     Freq. (THz)    Weight
        2.995       0.014407384
        7.569       0.029441331
       11.761       0.006567001
       19.136       0.013623272
       29.365       0.037362548
       32.626       0.085925101
       36.886       0.182060079
       38.167       0.044158190
       41.485       0.054568954
       42.266       0.037332835
       43.859       0.072006717
       90.698       0.056986889
       91.781       0.163279499
       91.909       0.044154519
       94.320       0.030574244
       94.588       0.127551451

 PDOS Einstein freq (single pole), associated temp and eff. force constant: 
 Freq (THz)   Temp (K)   Eff. FC (N/m)
  66.128      3173.54     184.2529

 pDOS n Moments, associated Einstein freqs, temps and eff. force constants:
  n     Mom (THz^n)   Freq (THz)     Temp (K)    Eff. FC (N/m)
 -2       0.00263      19.49266       935.47      16.0098
 -1       0.02837      35.24915      1691.64      52.3529
  0       1.00000     ---------     --------
  1      59.06643      59.06643      2834.65     147.0027
  2    4372.90975      66.12798      3173.54     184.2529

 Path Red. Mass (AMU):    0.642740
 Path Length (Ang), s^2 (1e-3 Ang^2):  6.3935  22.3070
--------------------------------------------------------------
 Path Indices:    1   3   4   8
 PDOS Poles:
     Freq. (THz)    Weight
        4.733       0.010223672
        8.212       0.024797249
       12.232       0.005265493
       19.111       0.018473479
       28.960       0.230598988
       32.445       0.088568434
       33.844       0.012972972
       38.031       0.039319149
       41.220       0.033084626
       42.074       0.061432283
       43.848       0.058367482
       90.698       0.055559510
       91.781       0.200156521
       91.909       0.046236244
       94.320       0.035444921
       94.588       0.079498998

 PDOS Einstein freq (single pole), associated temp and eff. force constant: 
 Freq (THz)   Temp (K)   Eff. FC (N/m)
  64.848      3112.10     180.1219

 pDOS n Moments, associated Einstein freqs, temps and eff. force constants:
  n     Mom (THz^n)   Freq (THz)     Temp (K)    Eff. FC (N/m)
 -2       0.00144      26.34389      1264.27      29.7260
 -1       0.02679      37.32283      1791.16      59.6658
  0       1.00000     ---------     --------
  1      57.18527      57.18527      2744.37     140.0699
  2    4205.23456      64.84778      3112.10     180.1219

 Path Red. Mass (AMU):    0.653383
 Path Length (Ang), s^2 (1e-3 Ang^2):  6.3950  20.7244
--------------------------------------------------------------
 Path Indices:    1   3   4   9
 PDOS Poles:
     Freq. (THz)    Weight
        3.858       0.015081403
        6.371       0.014674143
       11.718       0.001473343
       19.869       0.027418784
       29.226       0.104194917
       31.323       0.016455166
       35.358       0.009970911
       37.833       0.160599124
       40.672       0.038024437
       41.950       0.064120387
       43.984       0.044622574
       90.698       0.047893425
       91.781       0.175394757
       91.909       0.085658405
       94.320       0.193365765
       94.588       0.001052471

 PDOS Einstein freq (single pole), associated temp and eff. force constant: 
 Freq (THz)   Temp (K)   Eff. FC (N/m)
  70.328      3375.12     201.6794

 pDOS n Moments, associated Einstein freqs, temps and eff. force constants:
  n     Mom (THz^n)   Freq (THz)     Temp (K)    Eff. FC (N/m)
 -2       0.00185      23.21914      1114.31      21.9833
 -1       0.02525      39.61121      1900.98      63.9790
  0       1.00000     ---------     --------
  1      63.55422      63.55422      3050.02     164.6987
  2    4946.06768      70.32829      3375.12     201.6794

 Path Red. Mass (AMU):    0.622003
 Path Length (Ang), s^2 (1e-3 Ang^2):  6.3551  20.5123
--------------------------------------------------------------
 Path Indices:    1   3   5   2
 PDOS Poles:
     Freq. (THz)    Weight
        3.205       0.009854537
        7.578       0.009561656
       12.409       0.007399190
       19.520       0.042940714
       24.256       0.000436320
       29.567       0.077296823
       35.238       0.001987179
       37.904       0.109840936
       40.753       0.179691486
       41.782       0.003077430
       43.964       0.001496931
       90.698       0.554242624
       91.781       0.000402078
       91.909       0.000416656
       94.320       0.001194879
       94.588       0.000160578

 PDOS Einstein freq (single pole), associated temp and eff. force constant: 
 Freq (THz)   Temp (K)   Eff. FC (N/m)
  71.632      3437.70     252.9301

 pDOS n Moments, associated Einstein freqs, temps and eff. force constants:
  n     Mom (THz^n)   Freq (THz)     Temp (K)    Eff. FC (N/m)
 -2       0.00163      24.75269      1187.90      30.2013
 -1       0.02337      42.78950      2053.51      90.2518
  0       1.00000     ---------     --------
  1      65.55267      65.55267      3145.93     211.8176
  2    5131.20313      71.63242      3437.70     252.9301

 Path Red. Mass (AMU):    0.751922
 Path Length (Ang), s^2 (1e-3 Ang^2):  7.2158  15.7078
--------------------------------------------------------------
 Path Indices:    1   3   5   3
 PDOS Poles:
     Freq. (THz)    Weight
        3.431       0.008249455
        6.518       0.009626779
       13.225       0.000368941
       19.486       0.017057177
       27.926       0.004497458
       29.322       0.062278645
       35.937       0.003463005
       37.165       0.028942860
       40.761       0.341527480
       41.843       0.002360353
       43.931       0.000444380
       90.698       0.519535897
       91.781       0.000019151
       91.909       0.000338497
       94.320       0.001083247
       94.588       0.000206684

 PDOS Einstein freq (single pole), associated temp and eff. force constant: 
 Freq (THz)   Temp (K)   Eff. FC (N/m)
  70.493      3383.01     144.7090

 pDOS n Moments, associated Einstein freqs, temps and eff. force constants:
  n     Mom (THz^n)   Freq (THz)     Temp (K)    Eff. FC (N/m)
 -2       0.00135      27.25004      1307.75      21.6242
 -1       0.02214      45.17561      2168.02      59.4311
  0       1.00000     ---------     --------
  1      64.89477      64.89477      3114.36     122.6380
  2    4969.24007      70.49284      3383.01     144.7090

 Path Red. Mass (AMU):    0.444219
 Path Length (Ang), s^2 (1e-3 Ang^2):  6.6403  25.1840
--------------------------------------------------------------
 Path Indices:    1   3   5   4
 PDOS Poles:
     Freq. (THz)    Weight
        3.356       0.008033939
        5.748       0.016278030
        8.755       0.004677459
       19.886       0.010973818
       29.123       0.072403627
       30.777       0.010890091
       34.812       0.003662432
       37.112       0.039589531
       40.755       0.150737718
       41.631       0.001871160
       43.885       0.000293317
       90.698       0.675016773
       91.781       0.003471705
       91.909       0.000203915
       94.320       0.001348751
       94.588       0.000547755

 PDOS Einstein freq (single pole), associated temp and eff. force constant: 
 Freq (THz)   Temp (K)   Eff. FC (N/m)
  77.400      3714.52     249.0047

 pDOS n Moments, associated Einstein freqs, temps and eff. force constants:
  n     Mom (THz^n)   Freq (THz)     Temp (K)    Eff. FC (N/m)
 -2       0.00160      25.01436      1200.46      26.0075
 -1       0.02158      46.34620      2224.19      89.2788
  0       1.00000     ---------     --------
  1      72.39336      72.39336      3474.22     217.8301
  2    5990.83292      77.40047      3714.52     249.0047

 Path Red. Mass (AMU):    0.634033
 Path Length (Ang), s^2 (1e-3 Ang^2):  5.9876  17.1988
--------------------------------------------------------------
 Path Indices:    1   3   5   6
 PDOS Poles:
     Freq. (THz)    Weight
        3.846       0.014886122
        7.429       0.017286279
       11.382       0.001356742
       19.525       0.020407841
       25.696       0.000410021
       28.912       0.081573439
       32.748       0.018630366
       36.913       0.138836432
       40.761       0.116981427
       41.958       0.016311775
       43.891       0.000722486
       90.698       0.567015741
       91.781       0.000000840
       91.909       0.003212942
       94.320       0.001432666
       94.588       0.000934899

 PDOS Einstein freq (single pole), associated temp and eff. force constant: 
 Freq (THz)   Temp (K)   Eff. FC (N/m)
  72.276      3468.58     243.7843

 pDOS n Moments, associated Einstein freqs, temps and eff. force constants:
  n     Mom (THz^n)   Freq (THz)     Temp (K)    Eff. FC (N/m)
 -2       0.00175      23.90101      1147.03      26.6594
 -1       0.02412      41.46642      1990.01      80.2439
  0       1.00000     ---------     --------
  1      66.13397      66.13397      3173.83     204.1117
  2    5223.80490      72.27589      3468.58     243.7843

 Path Red. Mass (AMU):    0.711885
 Path Length (Ang), s^2 (1e-3 Ang^2):  7.0794  17.1206
--------------------------------------------------------------
 Path Indices:    1   3   5   7
 PDOS Poles:
     Freq. (THz)    Weight
        3.039       0.009781481
        7.481       0.017734298
       11.625       0.002848785
       19.538       0.004652207
       29.534       0.019253772
       32.644       0.043768383
       36.891       0.171840686
       39.970       0.014534614
       40.992       0.092644477
       42.263       0.020491936
       43.862       0.042575468
       90.698       0.415295457
       91.781       0.000561259
       91.909       0.047647379
       94.320       0.021236279
       94.588       0.075133522

 PDOS Einstein freq (single pole), associated temp and eff. force constant: 
 Freq (THz)   Temp (K)   Eff. FC (N/m)
  72.681      3488.04     150.5591

 pDOS n Moments, associated Einstein freqs, temps and eff. force constants:
  n     Mom (THz^n)   Freq (THz)     Temp (K)    Eff. FC (N/m)
 -2       0.00176      23.81204      1142.76      16.1605
 -1       0.02293      43.61949      2093.34      54.2278
  0       1.00000     ---------     --------
  1      66.94224      66.94224      3212.62     127.7208
  2    5282.57860      72.68135      3488.04     150.5591

 Path Red. Mass (AMU):    0.434763
 Path Length (Ang), s^2 (1e-3 Ang^2):  7.9833  26.6497
--------------------------------------------------------------
 Path Indices:    1   3   5   8
 PDOS Poles:
     Freq. (THz)    Weight
        4.760       0.008020592
        8.261       0.015407233
       12.348       0.002110806
       19.098       0.084073337
       28.924       0.239213378
       32.596       0.063260626
       36.548       0.008683837
       39.760       0.013443588
       41.388       0.072526625
       42.400       0.026892549
       43.925       0.051457574
       90.698       0.317583365
       91.781       0.006541570
       91.909       0.025325195
       94.320       0.012955125
       94.588       0.052504605

 PDOS Einstein freq (single pole), associated temp and eff. force constant: 
 Freq (THz)   Temp (K)   Eff. FC (N/m)
  63.803      3061.95     130.8615

 pDOS n Moments, associated Einstein freqs, temps and eff. force constants:
  n     Mom (THz^n)   Freq (THz)     Temp (K)    Eff. FC (N/m)
 -2       0.00132      27.54140      1321.74      24.3840
 -1       0.02701      37.02428      1776.83      44.0662
  0       1.00000     ---------     --------
  1      55.95270      55.95270      2685.22     100.6410
  2    4070.79370      63.80277      3061.95     130.8615

 Path Red. Mass (AMU):    0.490370
 Path Length (Ang), s^2 (1e-3 Ang^2):  7.4362  27.8365
--------------------------------------------------------------
 Path Indices:    1   3   5   9
 PDOS Poles:
     Freq. (THz)    Weight
        3.912       0.011942542
        6.258       0.012621292
       12.437       0.002658128
       19.864       0.040048573
       29.078       0.174904147
       31.496       0.019984672
       36.443       0.046765538
       37.478       0.041965370
       40.849       0.142643406
       42.114       0.042696877
       43.950       0.036872802
       90.698       0.274531368
       91.781       0.003701137
       91.909       0.046341368
       94.320       0.102167568
       94.588       0.000155214

 PDOS Einstein freq (single pole), associated temp and eff. force constant: 
 Freq (THz)   Temp (K)   Eff. FC (N/m)
  65.436      3140.34     124.6925

 pDOS n Moments, associated Einstein freqs, temps and eff. force constants:
  n     Mom (THz^n)   Freq (THz)     Temp (K)    Eff. FC (N/m)
 -2       0.00169      24.30570      1166.45      17.2037
 -1       0.02635      37.94687      1821.10      41.9331
  0       1.00000     ---------     --------
  1      58.34163      58.34163      2799.87      99.1202
  2    4281.88700      65.43613      3140.34     124.6924

 Path Red. Mass (AMU):    0.444218
 Path Length (Ang), s^2 (1e-3 Ang^2):  7.3901  29.9814
--------------------------------------------------------------
 Path Indices:    1   3   6   2
 PDOS Poles:
     Freq. (THz)    Weight
        3.022       0.021804411
        7.578       0.059508394
        9.082       0.030062121
       19.596       0.075726467
       20.805       0.006782529
       28.924       0.062219695
       32.680       0.057800144
       37.231       0.009011128
       37.988       0.066008309
       41.959       0.040245937
       43.978       0.000692062
       90.698       0.150979229
       91.781       0.391500684
       91.909       0.019580540
       94.320       0.000075191
       94.588       0.008003214

 PDOS Einstein freq (single pole), associated temp and eff. force constant: 
 Freq (THz)   Temp (K)   Eff. FC (N/m)
  71.480      3430.37     973.3102

 pDOS n Moments, associated Einstein freqs, temps and eff. force constants:
  n     Mom (THz^n)   Freq (THz)     Temp (K)    Eff. FC (N/m)
 -2       0.00427      15.29874       734.20      44.5858
 -1       0.03567      28.03418      1345.38     149.7135
  0       1.00000     ---------     --------
  1      62.85497      62.85497      3016.46     752.6007
  2    5109.35267      71.47974      3430.38     973.3103

 Path Red. Mass (AMU):    2.905873
 Path Length (Ang), s^2 (1e-3 Ang^2):  8.0712   6.2038
--------------------------------------------------------------
 Path Indices:    1   3   6   3
 PDOS Poles:
     Freq. (THz)    Weight
        3.100       0.057502530
        6.169       0.077199230
        9.841       0.009586069
       19.493       0.050824338
       21.765       0.001612373
       28.903       0.069177222
       32.685       0.090352287
       37.939       0.046539479
       40.787       0.000679719
       41.965       0.038447255
       43.970       0.003731617
       90.698       0.143663686
       91.781       0.373211144
       91.909       0.018605554
       94.320       0.004925247
       94.588       0.013942306

 PDOS Einstein freq (single pole), associated temp and eff. force constant: 
 Freq (THz)   Temp (K)   Eff. FC (N/m)
  70.521      3384.35     525.3327

 pDOS n Moments, associated Einstein freqs, temps and eff. force constants:
  n     Mom (THz^n)   Freq (THz)     Temp (K)    Eff. FC (N/m)
 -2       0.00854      10.82301       519.41      12.3736
 -1       0.04817      20.75916       996.25      45.5219
  0       1.00000     ---------     --------
  1      61.07507      61.07507      2931.05     394.0293
  2    4973.17670      70.52075      3384.35     525.3327

 Path Red. Mass (AMU):    1.611357
 Path Length (Ang), s^2 (1e-3 Ang^2):  7.5217  15.1086
--------------------------------------------------------------
 Path Indices:    1   3   6   4
 PDOS Poles:
     Freq. (THz)    Weight
        3.504       0.042900125
        5.936       0.075732689
        9.008       0.018734910
       19.543       0.064252821
       20.348       0.016344633
       28.903       0.056574400
       32.681       0.102388582
       37.161       0.007939592
       37.993       0.037313463
       41.960       0.044925520
       43.982       0.001901850
       90.698       0.129259766
       91.781       0.371164420
       91.909       0.020010563
       94.320       0.002761719
       94.588       0.007794991

 PDOS Einstein freq (single pole), associated temp and eff. force constant: 
 Freq (THz)   Temp (K)   Eff. FC (N/m)
  69.235      3322.64     878.1044

 pDOS n Moments, associated Einstein freqs, temps and eff. force constants:
  n     Mom (THz^n)   Freq (THz)     Temp (K)    Eff. FC (N/m)
 -2       0.00637      12.53261       601.45      28.7727
 -1       0.04437      22.53725      1081.58      93.0464
  0       1.00000     ---------     --------
  1      59.64575      59.64575      2862.45     651.7137
  2    4793.45148      69.23476      3322.64     878.1045

 Path Red. Mass (AMU):    2.794403
 Path Length (Ang), s^2 (1e-3 Ang^2):  6.8389   8.0248
--------------------------------------------------------------
 Path Indices:    1   3   6   5
 PDOS Poles:
     Freq. (THz)    Weight
        3.823       0.006086091
        5.207       0.067683392
        8.502       0.007050667
       19.879       0.039360637
       23.028       0.000016314
       29.580       0.003862989
       32.678       0.079720613
       37.961       0.105473527
       40.604       0.000167656
       41.959       0.025191657
       43.985       0.003116501
       90.698       0.620251600
       91.781       0.029033833
       91.909       0.007759331
       94.320       0.005213893
       94.588       0.000011281

 PDOS Einstein freq (single pole), associated temp and eff. force constant: 
 Freq (THz)   Temp (K)   Eff. FC (N/m)
  75.948      3644.79     610.9250

 pDOS n Moments, associated Einstein freqs, temps and eff. force constants:
  n     Mom (THz^n)   Freq (THz)     Temp (K)    Eff. FC (N/m)
 -2       0.00336      17.25443       828.05      31.5327
 -1       0.03072      32.55189      1562.19     112.2310
  0       1.00000     ---------     --------
  1      69.26896      69.26896      3324.28     508.2036
  2    5768.02941      75.94754      3644.79     610.9250

 Path Red. Mass (AMU):    1.615666
 Path Length (Ang), s^2 (1e-3 Ang^2):  7.5201   9.6094
--------------------------------------------------------------
 Path Indices:    1   3   6   7
 PDOS Poles:
     Freq. (THz)    Weight
        3.109       0.022024241
        7.452       0.041286089
       11.700       0.005888117
       19.193       0.041059281
       29.019       0.005516467
       32.478       0.070233996
       34.231       0.012254296
       37.310       0.042564183
       41.465       0.005419064
       42.071       0.020213471
       43.841       0.041655426
       90.698       0.066945734
       91.781       0.124010163
       91.909       0.108569024
       94.320       0.076550952
       94.588       0.315809491

 PDOS Einstein freq (single pole), associated temp and eff. force constant: 
 Freq (THz)   Temp (K)   Eff. FC (N/m)
  79.466      3813.66     406.5827

 pDOS n Moments, associated Einstein freqs, temps and eff. force constants:
  n     Mom (THz^n)   Freq (THz)     Temp (K)    Eff. FC (N/m)
 -2       0.00341      17.13435       822.29      18.9024
 -1       0.02810      35.58703      1707.85      81.5390
  0       1.00000     ---------     --------
  1      73.10721      73.10721      3508.48     344.1141
  2    6314.90541      79.46638      3813.66     406.5827

 Path Red. Mass (AMU):    0.982140
 Path Length (Ang), s^2 (1e-3 Ang^2):  6.4202  14.4597
--------------------------------------------------------------
 Path Indices:    1   3   6   8
 PDOS Poles:
     Freq. (THz)    Weight
        4.704       0.015869085
        8.082       0.031300462
       11.883       0.004738498
       19.851       0.001796189
       28.925       0.098643066
       32.603       0.081507233
       34.458       0.004436877
       37.613       0.017539753
       40.781       0.000691818
       41.974       0.025388090
       43.831       0.037244224
       90.698       0.058769707
       91.781       0.216020432
       91.909       0.110108267
       94.320       0.088104260
       94.588       0.207842047

 PDOS Einstein freq (single pole), associated temp and eff. force constant: 
 Freq (THz)   Temp (K)   Eff. FC (N/m)
  78.721      3777.90     406.6102

 pDOS n Moments, associated Einstein freqs, temps and eff. force constants:
  n     Mom (THz^n)   Freq (THz)     Temp (K)    Eff. FC (N/m)
 -2       0.00156      25.33105      1215.66      42.1018
 -1       0.02304      43.39535      2082.58     123.5606
  0       1.00000     ---------     --------
  1      72.71519      72.71519      3489.67     346.9317
  2    6197.04299      78.72130      3777.90     406.6102

 Path Red. Mass (AMU):    1.000887
 Path Length (Ang), s^2 (1e-3 Ang^2):  6.4202  11.6358
--------------------------------------------------------------
 Path Indices:    1   3   6   9
 PDOS Poles:
     Freq. (THz)    Weight
        3.971       0.021995316
        6.509       0.019809803
       11.653       0.001332838
       19.780       0.040404733
       26.457       0.000856266
       29.348       0.054444453
       32.767       0.000890545
       37.924       0.037808873
       40.360       0.001269096
       41.953       0.012518216
       43.985       0.018607445
       90.698       0.037286332
       91.781       0.143211983
       91.909       0.180299249
       94.320       0.427481280
       94.588       0.001783565

 PDOS Einstein freq (single pole), associated temp and eff. force constant: 
 Freq (THz)   Temp (K)   Eff. FC (N/m)
  83.876      4025.28     399.5640

 pDOS n Moments, associated Einstein freqs, temps and eff. force constants:
  n     Mom (THz^n)   Freq (THz)     Temp (K)    Eff. FC (N/m)
 -2       0.00218      21.44049      1028.95      26.1085
 -1       0.02289      43.69179      2096.81     108.4206
  0       1.00000     ---------     --------
  1      79.09511      79.09511      3795.84     355.3132
  2    7035.16482      83.87589      4025.28     399.5640

 Path Red. Mass (AMU):    0.866370
 Path Length (Ang), s^2 (1e-3 Ang^2):  6.4215  13.3512
--------------------------------------------------------------
 Path Indices:    1   3   7   2
 PDOS Poles:
     Freq. (THz)    Weight
        3.965       0.008321036
        8.179       0.042549584
       12.701       0.004359703
       19.139       0.137362517
       29.053       0.049266913
       32.592       0.110598021
       36.636       0.079653860
       37.800       0.056347045
       41.797       0.120298118
       42.609       0.022394378
       43.884       0.098315492
       90.698       0.031404805
       91.781       0.068753356
       91.909       0.041582408
       94.320       0.027139758
       94.588       0.101653006

 PDOS Einstein freq (single pole), associated temp and eff. force constant: 
 Freq (THz)   Temp (K)   Eff. FC (N/m)
  56.394      2706.41     193.9171

 pDOS n Moments, associated Einstein freqs, temps and eff. force constants:
  n     Mom (THz^n)   Freq (THz)     Temp (K)    Eff. FC (N/m)
 -2       0.00199      22.40525      1075.25      30.6087
 -1       0.03213      31.12435      1493.68      59.0671
  0       1.00000     ---------     --------
  1      48.60166      48.60166      2332.44     144.0282
  2    3180.31895      56.39432      2706.41     193.9171

 Path Red. Mass (AMU):    0.930115
 Path Length (Ang), s^2 (1e-3 Ang^2):  8.6578  17.4577
--------------------------------------------------------------
 Path Indices:    1   3   7   3
 PDOS Poles:
     Freq. (THz)    Weight
        2.622       0.033192753
        6.848       0.033215309
       12.059       0.003026212
       19.131       0.146371126
       28.887       0.044325924
       32.583       0.066264690
       36.562       0.073184832
       37.647       0.086245132
       41.677       0.059820645
       42.238       0.040623465
       43.976       0.138821517
       90.698       0.027724550
       91.781       0.058503116
       91.909       0.047927968
       94.320       0.028616478
       94.588       0.112136287

 PDOS Einstein freq (single pole), associated temp and eff. force constant: 
 Freq (THz)   Temp (K)   Eff. FC (N/m)
  56.671      2719.71     141.6066

 pDOS n Moments, associated Einstein freqs, temps and eff. force constants:
  n     Mom (THz^n)   Freq (THz)     Temp (K)    Eff. FC (N/m)
 -2       0.00635      12.54970       602.27       6.9442
 -1       0.04178      23.93484      1148.65      25.2591
  0       1.00000     ---------     --------
  1      48.42219      48.42219      2323.82     103.3820
  2    3211.64259      56.67136      2719.71     141.6066

 Path Red. Mass (AMU):    0.672585
 Path Length (Ang), s^2 (1e-3 Ang^2):  8.2159  31.3941
--------------------------------------------------------------
 Path Indices:    1   3   7   4
 PDOS Poles:
     Freq. (THz)    Weight
        4.188       0.024029107
        7.586       0.021597052
       14.175       0.001821233
       19.220       0.114634555
       28.918       0.042150244
       32.510       0.078368978
       36.056       0.039063410
       37.379       0.103426388
       41.693       0.065732734
       42.416       0.026219928
       43.958       0.090886561
       90.698       0.024899708
       91.781       0.066070089
       91.909       0.080023980
       94.320       0.048363012
       94.588       0.172713016

 PDOS Einstein freq (single pole), associated temp and eff. force constant: 
 Freq (THz)   Temp (K)   Eff. FC (N/m)
  64.091      3075.78     222.4214

 pDOS n Moments, associated Einstein freqs, temps and eff. force constants:
  n     Mom (THz^n)   Freq (THz)     Temp (K)    Eff. FC (N/m)
 -2       0.00244      20.25202       971.91      22.2085
 -1       0.03086      32.40144      1554.97      56.8474
  0       1.00000     ---------     --------
  1      55.95800      55.95800      2685.47     169.5534
  2    4107.66070      64.09103      3075.78     222.4214

 Path Red. Mass (AMU):    0.825987
 Path Length (Ang), s^2 (1e-3 Ang^2):  7.8357  18.8837
--------------------------------------------------------------
 Path Indices:    1   3   7   5
 PDOS Poles:
     Freq. (THz)    Weight
        5.122       0.031221093
        7.931       0.008559067
       16.699       0.001740177
       19.315       0.062069723
       28.966       0.084789469
       32.506       0.066018489
       35.592       0.013155799
       37.830       0.104562951
       41.789       0.036703127
       42.508       0.009376958
       43.960       0.048676983
       90.698       0.268788981
       91.781       0.000005303
       91.909       0.085109833
       94.320       0.040581685
       94.588       0.138640356

 PDOS Einstein freq (single pole), associated temp and eff. force constant: 
 Freq (THz)   Temp (K)   Eff. FC (N/m)
  70.985      3406.62     215.4330

 pDOS n Moments, associated Einstein freqs, temps and eff. force constants:
  n     Mom (THz^n)   Freq (THz)     Temp (K)    Eff. FC (N/m)
 -2       0.00186      23.18774      1112.80      22.9879
 -1       0.02658      37.62808      1805.80      60.5350
  0       1.00000     ---------     --------
  1      63.69675      63.69675      3056.86     173.4671
  2    5038.82822      70.98470      3406.62     215.4330

 Path Red. Mass (AMU):    0.652190
 Path Length (Ang), s^2 (1e-3 Ang^2):  8.7711  20.5939
--------------------------------------------------------------
 Path Indices:    1   3   7   6
 PDOS Poles:
     Freq. (THz)    Weight
        3.962       0.021257025
        7.700       0.028939627
       12.743       0.002587982
       19.198       0.095428364
       27.096       0.000765516
       32.557       0.045944980
       35.699       0.014207231
       37.627       0.079191442
       40.850       0.013688144
       42.157       0.009260622
       43.974       0.040687067
       90.698       0.038039438
       91.781       0.065790565
       91.909       0.128377882
       94.320       0.098516741
       94.588       0.317317356

 PDOS Einstein freq (single pole), associated temp and eff. force constant: 
 Freq (THz)   Temp (K)   Eff. FC (N/m)
  77.473      3718.01     379.5789

 pDOS n Moments, associated Einstein freqs, temps and eff. force constants:
  n     Mom (THz^n)   Freq (THz)     Temp (K)    Eff. FC (N/m)
 -2       0.00234      20.68516       992.70      27.0593
 -1       0.02665      37.52117      1800.67      89.0330
  0       1.00000     ---------     --------
  1      70.50834      70.50834      3383.76     314.3978
  2    6002.10431      77.47325      3718.01     379.5789

 Path Red. Mass (AMU):    0.964694
 Path Length (Ang), s^2 (1e-3 Ang^2):  6.7673  13.9624
--------------------------------------------------------------
 Path Indices:    1   3   7   8
 PDOS Poles:
     Freq. (THz)    Weight
        4.982       0.017518259
        7.850       0.033859076
       12.032       0.005873621
       19.120       0.031773499
       29.284       0.034188900
       32.629       0.112270243
       35.857       0.005062535
       38.134       0.011788008
       41.317       0.028183003
       42.159       0.030549048
       43.947       0.025299989
       90.698       0.031863322
       91.781       0.090004734
       91.909       0.333072794
       94.320       0.205799603
       94.588       0.002893320

 PDOS Einstein freq (single pole), associated temp and eff. force constant: 
 Freq (THz)   Temp (K)   Eff. FC (N/m)
  77.649      3726.43     294.6509

 pDOS n Moments, associated Einstein freqs, temps and eff. force constants:
  n     Mom (THz^n)   Freq (THz)     Temp (K)    Eff. FC (N/m)
 -2       0.00166      24.51145      1176.33      29.3614
 -1       0.02419      41.34087      1983.98      83.5213
  0       1.00000     ---------     --------
  1      71.33870      71.33870      3423.61     248.7074
  2    6029.33504      77.64879      3726.43     294.6509

 Path Red. Mass (AMU):    0.745469
 Path Length (Ang), s^2 (1e-3 Ang^2):  7.4541  16.3989
--------------------------------------------------------------
 Path Indices:    1   3   7   9
 PDOS Poles:
     Freq. (THz)    Weight
        4.149       0.018896916
        7.064       0.013687510
       16.486       0.001787007
       19.383       0.078051714
       28.162       0.003953837
       29.738       0.025062463
       36.569       0.032436994
       37.831       0.078455294
       41.671       0.013779970
       43.267       0.006012231
       43.918       0.070050091
       90.698       0.019452065
       91.781       0.055881647
       91.909       0.381682769
       94.320       0.061268012
       94.588       0.139541428

 PDOS Einstein freq (single pole), associated temp and eff. force constant: 
 Freq (THz)   Temp (K)   Eff. FC (N/m)
  77.657      3726.80     246.9046

 pDOS n Moments, associated Einstein freqs, temps and eff. force constants:
  n     Mom (THz^n)   Freq (THz)     Temp (K)    Eff. FC (N/m)
 -2       0.00182      23.42155      1124.02      22.4597
 -1       0.02374      42.12812      2021.77      72.6637
  0       1.00000     ---------     --------
  1      71.59018      71.59018      3435.68     209.8361
  2    6030.53394      77.65651      3726.80     246.9046

 Path Red. Mass (AMU):    0.624546
 Path Length (Ang), s^2 (1e-3 Ang^2):  7.4467  19.2083
--------------------------------------------------------------
 Path Indices:    1   3   8   2
 PDOS Poles:
     Freq. (THz)    Weight
        3.076       0.008833873
        7.829       0.041596291
       11.597       0.006179525
       19.284       0.003917003
       28.942       0.163175578
       30.542       0.017397689
       32.753       0.089660091
       37.465       0.019391080
       39.787       0.001775575
       41.957       0.075216837
       43.829       0.071080344
       90.698       0.061761435
       91.781       0.206781893
       91.909       0.068500650
       94.320       0.050927698
       94.588       0.113804457

 PDOS Einstein freq (single pole), associated temp and eff. force constant: 
 Freq (THz)   Temp (K)   Eff. FC (N/m)
  69.662      3343.15     260.6512

 pDOS n Moments, associated Einstein freqs, temps and eff. force constants:
  n     Mom (THz^n)   Freq (THz)     Temp (K)    Eff. FC (N/m)
 -2       0.00212      21.72186      1042.45      25.3430
 -1       0.02727      36.67631      1760.13      72.2497
  0       1.00000     ---------     --------
  1      62.20318      62.20318      2985.18     207.8211
  2    4852.83039      69.66226      3343.15     260.6512

 Path Red. Mass (AMU):    0.819324
 Path Length (Ang), s^2 (1e-3 Ang^2):  9.1908  16.8183
--------------------------------------------------------------
 Path Indices:    1   3   8   3
 PDOS Poles:
     Freq. (THz)    Weight
        3.810       0.014837977
        7.073       0.015548985
       11.256       0.002259348
       19.512       0.002169590
       28.940       0.125308120
       32.518       0.053121286
       34.736       0.005395596
       37.749       0.021362433
       41.851       0.025246606
       42.723       0.003433291
       43.886       0.022049254
       90.698       0.057004750
       91.781       0.210829531
       91.909       0.134493012
       94.320       0.091525430
       94.588       0.215414794

 PDOS Einstein freq (single pole), associated temp and eff. force constant: 
 Freq (THz)   Temp (K)   Eff. FC (N/m)
  80.098      3843.96     243.3658

 pDOS n Moments, associated Einstein freqs, temps and eff. force constants:
  n     Mom (THz^n)   Freq (THz)     Temp (K)    Eff. FC (N/m)
 -2       0.00169      24.35449      1168.79      22.4997
 -1       0.02191      45.63588      2190.11      79.0009
  0       1.00000     ---------     --------
  1      74.64255      74.64255      3582.16     211.3452
  2    6415.64391      80.09771      3843.96     243.3658

 Path Red. Mass (AMU):    0.578643
 Path Length (Ang), s^2 (1e-3 Ang^2):  9.3296  19.1385
--------------------------------------------------------------
 Path Indices:    1   3   8   4
 PDOS Poles:
     Freq. (THz)    Weight
        4.119       0.018483663
        7.284       0.017249806
       11.387       0.001968853
       19.763       0.008441702
       28.949       0.157386277
       32.490       0.066716750
       34.696       0.007942595
       37.519       0.020976560
       41.885       0.040708506
       42.950       0.003852444
       43.894       0.036143613
       90.698       0.052457039
       91.781       0.189239292
       91.909       0.114563434
       94.320       0.078782093
       94.588       0.185087380

 PDOS Einstein freq (single pole), associated temp and eff. force constant: 
 Freq (THz)   Temp (K)   Eff. FC (N/m)
  75.793      3637.36     275.5861

 pDOS n Moments, associated Einstein freqs, temps and eff. force constants:
  n     Mom (THz^n)   Freq (THz)     Temp (K)    Eff. FC (N/m)
 -2       0.00184      23.31500      1118.91      26.0779
 -1       0.02430      41.15702      1975.16      81.2626
  0       1.00000     ---------     --------
  1      69.22782      69.22782      3322.30     229.9132
  2    5744.53106      75.79268      3637.36     275.5860

 Path Red. Mass (AMU):    0.731803
 Path Length (Ang), s^2 (1e-3 Ang^2):  8.3940  16.7798
--------------------------------------------------------------
 Path Indices:    1   3   8   5
 PDOS Poles:
     Freq. (THz)    Weight
        5.071       0.030323378
        7.872       0.008034488
       15.210       0.000559489
       19.161       0.058430312
       29.006       0.084235111
       32.547       0.074223156
       36.008       0.017100953
       37.837       0.098556997
       41.821       0.040334101
       42.699       0.006626480
       43.951       0.046339995
       90.698       0.212525738
       91.781       0.071548113
       91.909       0.074795968
       94.320       0.045059709
       94.588       0.131306017

 PDOS Einstein freq (single pole), associated temp and eff. force constant: 
 Freq (THz)   Temp (K)   Eff. FC (N/m)
  71.177      3415.86     217.5141

 pDOS n Moments, associated Einstein freqs, temps and eff. force constants:
  n     Mom (THz^n)   Freq (THz)     Temp (K)    Eff. FC (N/m)
 -2       0.00184      23.33636      1119.93      23.3814
 -1       0.02633      37.98336      1822.85      61.9429
  0       1.00000     ---------     --------
  1      63.94238      63.94238      3068.65     175.5426
  2    5066.19959      71.17724      3415.86     217.5141

 Path Red. Mass (AMU):    0.654932
 Path Length (Ang), s^2 (1e-3 Ang^2):  8.7809  20.3159
--------------------------------------------------------------
 Path Indices:    1   3   8   6
 PDOS Poles:
     Freq. (THz)    Weight
        3.786       0.013839548
        7.327       0.019811722
       10.763       0.003518821
       19.839       0.005576509
       28.716       0.024248365
       29.064       0.035450683
       32.687       0.032246632
       37.971       0.021830474
       41.050       0.001912818
       42.981       0.000411431
       43.872       0.006167903
       90.698       0.058483440
       91.781       0.222766455
       91.909       0.147294333
       94.320       0.124348747
       94.588       0.282092120

 PDOS Einstein freq (single pole), associated temp and eff. force constant: 
 Freq (THz)   Temp (K)   Eff. FC (N/m)
  85.834      4119.26     360.0845

 pDOS n Moments, associated Einstein freqs, temps and eff. force constants:
  n     Mom (THz^n)   Freq (THz)     Temp (K)    Eff. FC (N/m)
 -2       0.00160      25.02286      1200.87      30.6025
 -1       0.01977      50.59322      2428.01     125.1031
  0       1.00000     ---------     --------
  1      82.02122      82.02122      3936.27     328.8030
  2    7367.51693      85.83424      4119.26     360.0845

 Path Red. Mass (AMU):    0.745546
 Path Length (Ang), s^2 (1e-3 Ang^2):  7.3242  13.3986
--------------------------------------------------------------
 Path Indices:    1   3   8   7
 PDOS Poles:
     Freq. (THz)    Weight
        3.058       0.012459231
        7.467       0.025594685
       11.633       0.005087723
       19.163       0.009389010
       29.375       0.033827342
       32.453       0.063870507
       33.469       0.016017444
       37.198       0.014213565
       41.925       0.016156983
       43.427       0.002102217
       43.970       0.053632600
       90.698       0.054365002
       91.781       0.158195049
       91.909       0.323504685
       94.320       0.205394303
       94.588       0.006189630

 PDOS Einstein freq (single pole), associated temp and eff. force constant: 
 Freq (THz)   Temp (K)   Eff. FC (N/m)
  81.676      3919.70     252.2373

 pDOS n Moments, associated Einstein freqs, temps and eff. force constants:
  n     Mom (THz^n)   Freq (THz)     Temp (K)    Eff. FC (N/m)
 -2       0.00210      21.79668      1046.04      17.9639
 -1       0.02215      45.14763      2166.67      77.0710
  0       1.00000     ---------     --------
  1      76.86784      76.86784      3688.95     223.4140
  2    6670.95851      81.67594      3919.70     252.2373

 Path Red. Mass (AMU):    0.576783
 Path Length (Ang), s^2 (1e-3 Ang^2):  8.0110  19.4079
--------------------------------------------------------------
 Path Indices:    1   3   8   9
 PDOS Poles:
     Freq. (THz)    Weight
        3.633       0.009937377
        5.990       0.015160136
        9.500       0.001877752
       19.885       0.016211866
       28.944       0.071404531
       30.983       0.002710443
       36.547       0.003099622
       37.987       0.035802982
       41.178       0.004721861
       43.372       0.002228015
       43.870       0.034414212
       90.698       0.037247094
       91.781       0.176187745
       91.909       0.407037360
       94.320       0.028167978
       94.588       0.153790981

 PDOS Einstein freq (single pole), associated temp and eff. force constant: 
 Freq (THz)   Temp (K)   Eff. FC (N/m)
  84.020      4032.20     253.4772

 pDOS n Moments, associated Einstein freqs, temps and eff. force constants:
  n     Mom (THz^n)   Freq (THz)     Temp (K)    Eff. FC (N/m)
 -2       0.00147      26.09742      1252.44      24.4550
 -1       0.01950      51.29504      2461.69      94.4764
  0       1.00000     ---------     --------
  1      80.05494      80.05494      3841.91     230.1171
  2    7059.37579      84.02009      4032.20     253.4772

 Path Red. Mass (AMU):    0.547727
 Path Length (Ang), s^2 (1e-3 Ang^2):  8.0034  17.9881
--------------------------------------------------------------
 Path Indices:    1   3   9   2
 PDOS Poles:
     Freq. (THz)    Weight
        3.636       0.011328522
        7.062       0.028878292
       11.908       0.007700424
       19.882       0.070667048
       29.564       0.142663188
       32.629       0.017975296
       37.634       0.022185709
       38.931       0.011347078
       41.634       0.060897376
       42.265       0.033397890
       43.964       0.050091205
       90.698       0.024864093
       91.781       0.092629699
       91.909       0.145093899
       94.320       0.279744425
       94.588       0.000535841

 PDOS Einstein freq (single pole), associated temp and eff. force constant: 
 Freq (THz)   Temp (K)   Eff. FC (N/m)
  72.035      3457.02     331.1619

 pDOS n Moments, associated Einstein freqs, temps and eff. force constants:
  n     Mom (THz^n)   Freq (THz)     Temp (K)    Eff. FC (N/m)
 -2       0.00201      22.27809      1069.15      31.6745
 -1       0.02689      37.18921      1784.74      88.2648
  0       1.00000     ---------     --------
  1      64.50022      64.50022      3095.42     265.5071
  2    5189.03521      72.03496      3457.02     331.1619

 Path Red. Mass (AMU):    0.973520
 Path Length (Ang), s^2 (1e-3 Ang^2):  9.3413  13.9593
--------------------------------------------------------------
 Path Indices:    1   3   9   3
 PDOS Poles:
     Freq. (THz)    Weight
        3.548       0.017907887
        6.057       0.078058661
       12.121       0.006364931
       19.883       0.068298995
       29.569       0.198666706
       32.680       0.027240764
       37.655       0.032649599
       39.731       0.012002577
       41.879       0.147265788
       43.179       0.009995347
       43.947       0.107950359
       90.698       0.023929538
       91.781       0.078936703
       91.909       0.060188186
       94.320       0.129840014
       94.588       0.000703949

 PDOS Einstein freq (single pole), associated temp and eff. force constant: 
 Freq (THz)   Temp (K)   Eff. FC (N/m)
  57.585      2763.57     173.0081

 pDOS n Moments, associated Einstein freqs, temps and eff. force constants:
  n     Mom (THz^n)   Freq (THz)     Temp (K)    Eff. FC (N/m)
 -2       0.00423      15.37750       737.98      12.3372
 -1       0.03998      25.01052      1200.28      32.6355
  0       1.00000     ---------     --------
  1      49.04549      49.04549      2353.74     125.4996
  2    3316.05788      57.58522      2763.57     173.0081

 Path Red. Mass (AMU):    0.795858
 Path Length (Ang), s^2 (1e-3 Ang^2):  8.1633  25.3902
--------------------------------------------------------------
 Path Indices:    1   3   9   4
 PDOS Poles:
     Freq. (THz)    Weight
        3.812       0.018803473
        6.160       0.038107689
       11.948       0.004646508
       19.883       0.059692916
       29.566       0.189636491
       32.658       0.026810576
       37.765       0.029113154
       39.447       0.009307317
       41.736       0.095689592
       42.279       0.038057944
       43.971       0.067578115
       90.698       0.024985954
       91.781       0.086528430
       91.909       0.103191687
       94.320       0.207302658
       94.588       0.000547486

 PDOS Einstein freq (single pole), associated temp and eff. force constant: 
 Freq (THz)   Temp (K)   Eff. FC (N/m)
  65.551      3145.85     260.1250

 pDOS n Moments, associated Einstein freqs, temps and eff. force constants:
  n     Mom (THz^n)   Freq (THz)     Temp (K)    Eff. FC (N/m)
 -2       0.00291      18.53630       889.57      20.8002
 -1       0.03203      31.22425      1498.48      59.0210
  0       1.00000     ---------     --------
  1      57.36861      57.36861      2753.17     199.2374
  2    4296.94353      65.55108      3145.85     260.1249

 Path Red. Mass (AMU):    0.923450
 Path Length (Ang), s^2 (1e-3 Ang^2):  7.7709  17.5275
--------------------------------------------------------------
 Path Indices:    1   3   9   5
 PDOS Poles:
     Freq. (THz)    Weight
        4.329       0.009401710
        5.283       0.035885474
       12.215       0.007580780
       19.878       0.081311987
       28.056       0.000336958
       29.572       0.180946621
       32.691       0.019559713
       37.964       0.036791332
       40.774       0.033003908
       41.961       0.134805608
       43.985       0.063924116
       90.698       0.186390170
       91.781       0.013945876
       91.909       0.062379064
       94.320       0.133733424
       94.588       0.000003235

 PDOS Einstein freq (single pole), associated temp and eff. force constant: 
 Freq (THz)   Temp (K)   Eff. FC (N/m)
  63.641      3054.20     231.9600

 pDOS n Moments, associated Einstein freqs, temps and eff. force constants:
  n     Mom (THz^n)   Freq (THz)     Temp (K)    Eff. FC (N/m)
 -2       0.00247      20.11597       965.38      23.1750
 -1       0.03115      32.10005      1540.51      59.0131
  0       1.00000     ---------     --------
  1      55.68211      55.68211      2672.23     177.5694
  2    4050.19762      63.64116      3054.20     231.9600

 Path Red. Mass (AMU):    0.873631
 Path Length (Ang), s^2 (1e-3 Ang^2):  8.1516  18.0215
--------------------------------------------------------------
 Path Indices:    1   3   9   6
 PDOS Poles:
     Freq. (THz)    Weight
        3.690       0.019260000
        6.446       0.043113664
        9.702       0.004976140
       19.882       0.036510153
       29.565       0.088599364
       32.066       0.000665115
       37.562       0.013882393
       39.331       0.006557921
       41.588       0.025493003
       42.819       0.005077853
       43.947       0.037653062
       90.698       0.027137519
       91.781       0.106118671
       91.909       0.180476585
       94.320       0.403875989
       94.588       0.000602550

 PDOS Einstein freq (single pole), associated temp and eff. force constant: 
 Freq (THz)   Temp (K)   Eff. FC (N/m)
  80.567      3866.46     473.9557

 pDOS n Moments, associated Einstein freqs, temps and eff. force constants:
  n     Mom (THz^n)   Freq (THz)     Temp (K)    Eff. FC (N/m)
 -2       0.00283      18.78652       901.58      25.7703
 -1       0.02711      36.89052      1770.41      99.3703
  0       1.00000     ---------     --------
  1      74.41454      74.41454      3571.22     404.3365
  2    6490.98313      80.56664      3866.46     473.9557

 Path Red. Mass (AMU):    1.113829
 Path Length (Ang), s^2 (1e-3 Ang^2):  6.7423  12.2996
--------------------------------------------------------------
 Path Indices:    1   3   9   7
 PDOS Poles:
     Freq. (THz)    Weight
        3.363       0.020188613
        6.903       0.052803163
       11.678       0.001513620
       19.566       0.026016160
       28.942       0.048209424
       30.194       0.017179796
       35.967       0.013311018
       37.281       0.051712162
       41.248       0.016454967
       42.120       0.026898419
       43.846       0.052715169
       90.698       0.027295193
       91.781       0.067662520
       91.909       0.375362185
       94.320       0.049756031
       94.588       0.152921503

 PDOS Einstein freq (single pole), associated temp and eff. force constant: 
 Freq (THz)   Temp (K)   Eff. FC (N/m)
  78.174      3751.66     310.6308

 pDOS n Moments, associated Einstein freqs, temps and eff. force constants:
  n     Mom (THz^n)   Freq (THz)     Temp (K)    Eff. FC (N/m)
 -2       0.00323      17.60401       844.83      15.7521
 -1       0.02861      34.95299      1677.42      62.0990
  0       1.00000     ---------     --------
  1      71.74534      71.74534      3443.12     261.6395
  2    6111.23018      78.17436      3751.66     310.6308

 Path Red. Mass (AMU):    0.775367
 Path Length (Ang), s^2 (1e-3 Ang^2):  7.4204  18.6480
--------------------------------------------------------------
 Path Indices:    1   3   9   8
 PDOS Poles:
     Freq. (THz)    Weight
        4.826       0.016799364
        8.160       0.020136168
       14.026       0.000439133
       19.556       0.018515353
       28.908       0.056880608
       29.990       0.021272802
       33.812       0.004403473
       37.206       0.028009471
       40.564       0.007489516
       41.950       0.039897304
       43.984       0.005748154
       90.698       0.026305165
       91.781       0.133856396
       91.909       0.431987637
       94.320       0.050661281
       94.588       0.137598123

 PDOS Einstein freq (single pole), associated temp and eff. force constant: 
 Freq (THz)   Temp (K)   Eff. FC (N/m)
  82.993      3982.92     403.1393

 pDOS n Moments, associated Einstein freqs, temps and eff. force constants:
  n     Mom (THz^n)   Freq (THz)     Temp (K)    Eff. FC (N/m)
 -2       0.00131      27.61054      1325.05      44.6189
 -1       0.02019      49.51990      2376.50     143.5253
  0       1.00000     ---------     --------
  1      78.48566      78.48566      3766.60     360.5368
  2    6887.89037      82.99332      3982.92     403.1393

 Path Red. Mass (AMU):    0.892812
 Path Length (Ang), s^2 (1e-3 Ang^2):  7.4202  11.4310
--------------------------------------------------------------
 Path Indices:    1   4   1   2
 PDOS Poles:
     Freq. (THz)    Weight
        5.043       0.103489953
        8.360       0.290988726
       12.196       0.152805848
       19.833       0.052220124
       20.257       0.005058081
       29.571       0.097105293
       32.678       0.147273542
       37.959       0.088949691
       40.761       0.051951221
       41.945       0.001823292
       43.985       0.003752723
       90.698       0.004085800
       91.781       0.000491475
       91.909       0.000002261
       94.320       0.000000413
       94.588       0.000001507

 PDOS Einstein freq (single pole), associated temp and eff. force constant: 
 Freq (THz)   Temp (K)   Eff. FC (N/m)
  23.942      1149.01     263.6766

 pDOS n Moments, associated Einstein freqs, temps and eff. force constants:
  n     Mom (THz^n)   Freq (THz)     Temp (K)    Eff. FC (N/m)
 -2       0.00975      10.12673       485.99      47.1713
 -1       0.08233      12.14619       582.91      67.8609
  0       1.00000     ---------     --------
  1      19.79203      19.79203       949.84     180.1857
  2     573.23397      23.94230      1149.01     263.6766

 Path Red. Mass (AMU):    7.016667
 Path Length (Ang), s^2 (1e-3 Ang^2):  8.6273   5.9300
--------------------------------------------------------------
 Path Indices:    1   4   1   3
 PDOS Poles:
     Freq. (THz)    Weight
        3.646       0.054659732
        6.558       0.060181062
       10.965       0.007312137
       19.871       0.036724750
       29.093       0.356508920
       30.991       0.051391198
       35.271       0.034484101
       37.410       0.322758197
       39.367       0.024544119
       40.917       0.024904117
       43.925       0.002119690
       90.698       0.008959615
       91.781       0.015171296
       91.909       0.000180813
       94.320       0.000021043
       94.588       0.000079213

 PDOS Einstein freq (single pole), associated temp and eff. force constant: 
 Freq (THz)   Temp (K)   Eff. FC (N/m)
  33.943      1628.97      68.3495

 pDOS n Moments, associated Einstein freqs, temps and eff. force constants:
  n     Mom (THz^n)   Freq (THz)     Temp (K)    Eff. FC (N/m)
 -2       0.00643      12.46708       598.31       9.2205
 -1       0.05175      19.32346       927.35      22.1512
  0       1.00000     ---------     --------
  1      30.96856      30.96856      1486.21      56.8943
  2    1152.14761      33.94330      1628.97      68.3495

 Path Red. Mass (AMU):    0.904937
 Path Length (Ang), s^2 (1e-3 Ang^2):  9.4890  28.9016
--------------------------------------------------------------
 Path Indices:    1   4   1   4
 PDOS Poles:
     Freq. (THz)    Weight
        5.011       0.207415112
        8.037       0.141566712
        9.032       0.047359770
       19.655       0.024367811
       19.937       0.075393854
       29.571       0.104490934
       32.678       0.204829418
       37.960       0.118439326
       40.762       0.063532642
       41.947       0.002457438
       43.985       0.004491733
       90.698       0.005043967
       91.781       0.000606670
       91.909       0.000002698
       94.320       0.000000071
       94.588       0.000001815

 PDOS Einstein freq (single pole), associated temp and eff. force constant: 
 Freq (THz)   Temp (K)   Eff. FC (N/m)
  26.525      1272.96     233.9995

 pDOS n Moments, associated Einstein freqs, temps and eff. force constants:
  n     Mom (THz^n)   Freq (THz)     Temp (K)    Eff. FC (N/m)
 -2       0.01172       9.23675       443.28      28.3754
 -1       0.08397      11.90848       571.50      47.1645
  0       1.00000     ---------     --------
  1      22.27013      22.27013      1068.76     164.9487
  2     703.57711      26.52503      1272.96     233.9995

 Path Red. Mass (AMU):    5.073346
 Path Length (Ang), s^2 (1e-3 Ang^2):  9.5267   8.3652
--------------------------------------------------------------
 Path Indices:    1   4   1   5
 PDOS Poles:
     Freq. (THz)    Weight
        3.465       0.047658268
        6.380       0.070105729
       10.502       0.008245420
       19.881       0.039232148
       29.070       0.345339350
       31.055       0.048056263
       34.992       0.028986070
       37.262       0.318133507
       39.141       0.023911501
       40.852       0.031371835
       43.945       0.001945185
       90.698       0.030456476
       91.781       0.006428487
       91.909       0.000013886
       94.320       0.000026269
       94.588       0.000089607

 PDOS Einstein freq (single pole), associated temp and eff. force constant: 
 Freq (THz)   Temp (K)   Eff. FC (N/m)
  35.126      1685.72      73.1940

 pDOS n Moments, associated Einstein freqs, temps and eff. force constants:
  n     Mom (THz^n)   Freq (THz)     Temp (K)    Eff. FC (N/m)
 -2       0.00662      12.29268       589.94       8.9643
 -1       0.05213      19.18448       920.68      21.8335
  0       1.00000     ---------     --------
  1      31.54661      31.54661      1513.95      59.0376
  2    1233.82096      35.12579      1685.72      73.1940

 Path Red. Mass (AMU):    0.904929
 Path Length (Ang), s^2 (1e-3 Ang^2):  9.5332  29.1112
--------------------------------------------------------------
 Path Indices:    1   4   1   6
 PDOS Poles:
     Freq. (THz)    Weight
        5.024       0.225717432
        8.326       0.414309868
       12.031       0.051759243
       15.817       0.001063796
       19.876       0.128624823
       29.569       0.003072765
       32.680       0.009954461
       37.960       0.047621580
       40.762       0.027795263
       41.959       0.070373427
       43.985       0.001596065
       90.698       0.002485473
       91.781       0.000056982
       91.909       0.013580925
       94.320       0.001971632
       94.588       0.000016262

 PDOS Einstein freq (single pole), associated temp and eff. force constant: 
 Freq (THz)   Temp (K)   Eff. FC (N/m)
  22.393      1074.64     166.8781

 pDOS n Moments, associated Einstein freqs, temps and eff. force constants:
  n     Mom (THz^n)   Freq (THz)     Temp (K)    Eff. FC (N/m)
 -2       0.01571       7.97736       382.84      21.1790
 -1       0.10979       9.10833       437.12      27.6099
  0       1.00000     ---------     --------
  1      15.82575      15.82575       759.49      83.3519
  2     501.43203      22.39268      1074.64     166.8780

 Path Red. Mass (AMU):    5.076663
 Path Length (Ang), s^2 (1e-3 Ang^2): 10.9520  10.9297
--------------------------------------------------------------
 Path Indices:    1   4   1   7
 PDOS Poles:
     Freq. (THz)    Weight
        3.924       0.027390228
        7.961       0.120128561
       12.012       0.027474137
       19.182       0.037817862
       28.998       0.153135248
       32.147       0.035650601
       35.785       0.024608237
       37.366       0.080255969
       41.911       0.184912861
       42.893       0.011317346
       43.862       0.148720915
       90.698       0.001507713
       91.781       0.000004049
       91.909       0.045809540
       94.320       0.027506323
       94.588       0.073760396

 PDOS Einstein freq (single pole), associated temp and eff. force constant: 
 Freq (THz)   Temp (K)   Eff. FC (N/m)
  47.654      2286.94     134.6926

 pDOS n Moments, associated Einstein freqs, temps and eff. force constants:
  n     Mom (THz^n)   Freq (THz)     Temp (K)    Eff. FC (N/m)
 -2       0.00447      14.96264       718.07      13.2791
 -1       0.04521      22.12014      1061.56      29.0220
  0       1.00000     ---------     --------
  1      40.26249      40.26249      1932.23      96.1508
  2    2270.86782      47.65362      2286.94     134.6925

 Path Red. Mass (AMU):    0.904780
 Path Length (Ang), s^2 (1e-3 Ang^2): 11.3037  25.2519
--------------------------------------------------------------
 Path Indices:    1   4   1   8
 PDOS Poles:
     Freq. (THz)    Weight
        4.303       0.024940996
        7.998       0.124742102
       11.973       0.028687719
       19.094       0.039786419
       29.042       0.142827401
       32.254       0.042339598
       35.840       0.023791395
       37.498       0.073019562
       41.861       0.160453470
       42.324       0.035819162
       43.844       0.141603102
       90.698       0.000875159
       91.781       0.003487870
       91.909       0.048790969
       94.320       0.032624614
       94.588       0.076210449

 PDOS Einstein freq (single pole), associated temp and eff. force constant: 
 Freq (THz)   Temp (K)   Eff. FC (N/m)
  48.612      2332.95     140.1620

 pDOS n Moments, associated Einstein freqs, temps and eff. force constants:
  n     Mom (THz^n)   Freq (THz)     Temp (K)    Eff. FC (N/m)
 -2       0.00409      15.63575       750.37      14.5002
 -1       0.04435      22.54620      1082.01      30.1497
  0       1.00000     ---------     --------
  1      40.92339      40.92339      1963.95      99.3299
  2    2363.16245      48.61237      2332.95     140.1620

 Path Red. Mass (AMU):    0.904749
 Path Length (Ang), s^2 (1e-3 Ang^2): 11.3255  24.7756
--------------------------------------------------------------
 Path Indices:    1   4   1   9
 PDOS Poles:
     Freq. (THz)    Weight
        4.990       0.064657392
        7.784       0.022816066
        9.359       0.006589254
       19.847       0.092043758
       20.194       0.007670669
       29.568       0.129470815
       32.677       0.099476217
       37.965       0.001766496
       41.059       0.000237856
       41.960       0.126414013
       43.985       0.042769132
       90.698       0.000049194
       91.781       0.001354734
       91.909       0.156015969
       94.320       0.248643688
       94.588       0.000024778

 PDOS Einstein freq (single pole), associated temp and eff. force constant: 
 Freq (THz)   Temp (K)   Eff. FC (N/m)
  64.129      3077.62     243.7721

 pDOS n Moments, associated Einstein freqs, temps and eff. force constants:
  n     Mom (THz^n)   Freq (THz)     Temp (K)    Eff. FC (N/m)
 -2       0.00368      16.47536       790.67      16.0894
 -1       0.03742      26.72387      1282.50      42.3320
  0       1.00000     ---------     --------
  1      54.80728      54.80728      2630.25     178.0519
  2    4112.57412      64.12935      3077.62     243.7720

 Path Red. Mass (AMU):    0.904194
 Path Length (Ang), s^2 (1e-3 Ang^2): 11.6398  20.9153
--------------------------------------------------------------
 Path Indices:    1   4   2   3
 PDOS Poles:
     Freq. (THz)    Weight
        4.418       0.028177608
        7.549       0.020072413
       13.126       0.001021225
       19.832       0.155440082
       28.640       0.097757291
       29.429       0.243639961
       34.658       0.006296265
       37.155       0.176093879
       38.155       0.102542926
       41.564       0.000737324
       43.937       0.000682895
       90.698       0.043964174
       91.781       0.120997720
       91.909       0.001410264
       94.320       0.000187222
       94.588       0.000978762

 PDOS Einstein freq (single pole), associated temp and eff. force constant: 
 Freq (THz)   Temp (K)   Eff. FC (N/m)
  46.475      2230.40     148.3809

 pDOS n Moments, associated Einstein freqs, temps and eff. force constants:
  n     Mom (THz^n)   Freq (THz)     Temp (K)    Eff. FC (N/m)
 -2       0.00282      18.82634       903.49      24.3479
 -1       0.03812      26.23491      1259.04      47.2813
  0       1.00000     ---------     --------
  1      39.40873      39.40873      1891.26     106.6879
  2    2159.97011      46.47548      2230.40     148.3809

 Path Red. Mass (AMU):    1.047904
 Path Length (Ang), s^2 (1e-3 Ang^2):  7.3012  18.3833
--------------------------------------------------------------
 Path Indices:    1   4   2   4
 PDOS Poles:
     Freq. (THz)    Weight
        5.002       0.021521614
        8.363       0.117104841
       12.099       0.003482586
       19.466       0.022204444
       19.892       0.528997378
       29.570       0.105818838
       32.679       0.067457683
       37.961       0.095788154
       40.763       0.030942937
       41.966       0.000864236
       43.985       0.005789531
       90.698       0.000004157
       91.781       0.000000900
       91.909       0.000000217
       94.320       0.000022517
       94.588       0.000000050

 PDOS Einstein freq (single pole), associated temp and eff. force constant: 
 Freq (THz)   Temp (K)   Eff. FC (N/m)
  24.371      1169.59     205.8538

 pDOS n Moments, associated Einstein freqs, temps and eff. force constants:
  n     Mom (THz^n)   Freq (THz)     Temp (K)    Eff. FC (N/m)
 -2       0.00423      15.38160       738.18      82.0002
 -1       0.05541      18.04878       866.18     112.9036
  0       1.00000     ---------     --------
  1      22.60858      22.60858      1085.01     177.1570
  2     593.94631      24.37101      1169.59     205.8538

 Path Red. Mass (AMU):    5.286924
 Path Length (Ang), s^2 (1e-3 Ang^2):  6.7472   5.2963
--------------------------------------------------------------
 Path Indices:    1   4   2   5
 PDOS Poles:
     Freq. (THz)    Weight
        4.484       0.028152165
        7.582       0.021005140
       15.394       0.001487528
       19.735       0.158413736
       27.729       0.017392930
       29.240       0.308511639
       33.412       0.005893414
       37.041       0.184799498
       38.126       0.091302582
       41.363       0.000866072
       43.953       0.000668178
       90.698       0.132392765
       91.781       0.048027554
       91.909       0.000136232
       94.320       0.000139202
       94.588       0.000811370

 PDOS Einstein freq (single pole), associated temp and eff. force constant: 
 Freq (THz)   Temp (K)   Eff. FC (N/m)
  47.328      2271.29     153.1619

 pDOS n Moments, associated Einstein freqs, temps and eff. force constants:
  n     Mom (THz^n)   Freq (THz)     Temp (K)    Eff. FC (N/m)
 -2       0.00279      18.94001       908.95      24.5292
 -1       0.03794      26.35646      1264.87      47.5003
  0       1.00000     ---------     --------
  1      40.04453      40.04453      1921.77     109.6500
  2    2239.89838      47.32756      2271.29     153.1619

 Path Red. Mass (AMU):    1.043070
 Path Length (Ang), s^2 (1e-3 Ang^2):  7.2881  18.3833
--------------------------------------------------------------
 Path Indices:    1   4   2   6
 PDOS Poles:
     Freq. (THz)    Weight
        5.018       0.049632308
        8.367       0.296379257
       12.193       0.096641137
       19.048       0.005524788
       19.884       0.425532456
       29.569       0.003249934
       32.722       0.000764402
       37.961       0.031917400
       40.767       0.010074086
       41.960       0.059067816
       43.984       0.004494564
       90.698       0.000010982
       91.781       0.000067077
       91.909       0.010331727
       94.320       0.006311556
       94.588       0.000000528

 PDOS Einstein freq (single pole), associated temp and eff. force constant: 
 Freq (THz)   Temp (K)   Eff. FC (N/m)
  23.017      1104.62     177.2054

 pDOS n Moments, associated Einstein freqs, temps and eff. force constants:
  n     Mom (THz^n)   Freq (THz)     Temp (K)    Eff. FC (N/m)
 -2       0.00802      11.16900       536.01      41.7253
 -1       0.07784      12.84686       616.53      55.2033
  0       1.00000     ---------     --------
  1      18.44553      18.44553       885.22     113.8029
  2     529.79227      23.01722      1104.62     177.2054

 Path Red. Mass (AMU):    5.102259
 Path Length (Ang), s^2 (1e-3 Ang^2):  7.7028   7.7102
--------------------------------------------------------------
 Path Indices:    1   4   2   7
 PDOS Poles:
     Freq. (THz)    Weight
        5.722       0.038472155
        8.215       0.099236367
       12.326       0.041247267
       19.591       0.054221962
       29.007       0.134880750
       31.806       0.047815569
       33.990       0.026122192
       37.292       0.081613688
       41.113       0.008715425
       41.980       0.168515947
       43.833       0.160525082
       90.698       0.000262166
       91.781       0.000019589
       91.909       0.043160960
       94.320       0.026900831
       94.588       0.068290033

 PDOS Einstein freq (single pole), associated temp and eff. force constant: 
 Freq (THz)   Temp (K)   Eff. FC (N/m)
  46.668      2239.65     131.8208

 pDOS n Moments, associated Einstein freqs, temps and eff. force constants:
  n     Mom (THz^n)   Freq (THz)     Temp (K)    Eff. FC (N/m)
 -2       0.00355      16.79038       805.79      17.0633
 -1       0.04340      23.04375      1105.89      32.1401
  0       1.00000     ---------     --------
  1      39.42889      39.42889      1892.23      94.0957
  2    2177.92614      46.66826      2239.65     131.8208

 Path Red. Mass (AMU):    0.923277
 Path Length (Ang), s^2 (1e-3 Ang^2):  7.9424  23.7541
--------------------------------------------------------------
 Path Indices:    1   4   2   8
 PDOS Poles:
     Freq. (THz)    Weight
        5.899       0.038749642
        8.278       0.100066902
       12.306       0.043942423
       19.367       0.052301063
       28.968       0.116328399
       30.649       0.036842206
       33.042       0.054736736
       37.282       0.077215451
       39.594       0.005571764
       41.957       0.181189739
       43.829       0.154783698
       90.698       0.000050261
       91.781       0.002269803
       91.909       0.041945720
       94.320       0.029131939
       94.588       0.064874248

 PDOS Einstein freq (single pole), associated temp and eff. force constant: 
 Freq (THz)   Temp (K)   Eff. FC (N/m)
  46.608      2236.74     131.1295

 pDOS n Moments, associated Einstein freqs, temps and eff. force constants:
  n     Mom (THz^n)   Freq (THz)     Temp (K)    Eff. FC (N/m)
 -2       0.00349      16.92820       812.40      17.2984
 -1       0.04334      23.07315      1107.30      32.1365
  0       1.00000     ---------     --------
  1      39.35598      39.35598      1888.73      93.4988
  2    2172.27847      46.60771      2236.74     131.1294

 Path Red. Mass (AMU):    0.920823
 Path Length (Ang), s^2 (1e-3 Ang^2):  7.9184  23.7871
--------------------------------------------------------------
 Path Indices:    1   4   2   9
 PDOS Poles:
     Freq. (THz)    Weight
        5.066       0.019447850
        8.375       0.024673127
       12.396       0.001665099
       19.873       0.176262753
       21.896       0.000241723
       29.568       0.082479991
       32.678       0.054993527
       37.976       0.000742312
       41.019       0.000586219
       41.961       0.072984479
       43.985       0.022659620
       90.698       0.000308962
       91.781       0.001184477
       91.909       0.211378390
       94.320       0.330351142
       94.588       0.000040296

 PDOS Einstein freq (single pole), associated temp and eff. force constant: 
 Freq (THz)   Temp (K)   Eff. FC (N/m)
  71.518      3432.20     311.7600

 pDOS n Moments, associated Einstein freqs, temps and eff. force constants:
  n     Mom (THz^n)   Freq (THz)     Temp (K)    Eff. FC (N/m)
 -2       0.00183      23.38029      1122.04      33.3191
 -1       0.02838      35.23654      1691.03      75.6797
  0       1.00000     ---------     --------
  1      62.90799      62.90799      3019.01     241.2152
  2    5114.78385      71.51772      3432.20     311.7599

 Path Red. Mass (AMU):    0.929789
 Path Length (Ang), s^2 (1e-3 Ang^2):  8.6521  15.4258
--------------------------------------------------------------
 Path Indices:    1   4   3   2
 PDOS Poles:
     Freq. (THz)    Weight
        4.994       0.007071745
        8.441       0.016542528
       12.399       0.008704620
       19.597       0.042334086
       22.774       0.000720441
       29.128       0.059970632
       30.879       0.003360413
       36.884       0.014272363
       37.961       0.035633964
       40.764       0.010168481
       43.981       0.000040936
       90.698       0.213585282
       91.781       0.574638189
       91.909       0.006595312
       94.320       0.001156401
       94.588       0.005204697

 PDOS Einstein freq (single pole), associated temp and eff. force constant: 
 Freq (THz)   Temp (K)   Eff. FC (N/m)
  82.893      3978.11     492.6779

 pDOS n Moments, associated Einstein freqs, temps and eff. force constants:
  n     Mom (THz^n)   Freq (THz)     Temp (K)    Eff. FC (N/m)
 -2       0.00090      33.42368      1604.03      80.1006
 -1       0.01877      53.28155      2557.03     203.5545
  0       1.00000     ---------     --------
  1      78.59481      78.59481      3771.83     442.9093
  2    6871.25577      82.89304      3978.11     492.6780

 Path Red. Mass (AMU):    1.093751
 Path Length (Ang), s^2 (1e-3 Ang^2):  6.6123   8.6722
--------------------------------------------------------------
 Path Indices:    1   4   3   4
 PDOS Poles:
     Freq. (THz)    Weight
        3.311       0.006800519
        6.845       0.008412989
       11.495       0.001693720
       19.833       0.007769222
       25.965       0.000059169
       29.666       0.001925470
       33.406       0.000481886
       37.768       0.003218063
       40.701       0.001638108
       42.139       0.000046709
       43.941       0.000326612
       90.698       0.263660303
       91.781       0.688257051
       91.909       0.007929996
       94.320       0.001420179
       94.588       0.006360117

 PDOS Einstein freq (single pole), associated temp and eff. force constant: 
 Freq (THz)   Temp (K)   Eff. FC (N/m)
  90.095      4323.74     480.2935

 pDOS n Moments, associated Einstein freqs, temps and eff. force constants:
  n     Mom (THz^n)   Freq (THz)     Temp (K)    Eff. FC (N/m)
 -2       0.00095      32.37532      1553.72      62.0202
 -1       0.01461      68.43678      3284.34     277.1306
  0       1.00000     ---------     --------
  1      89.07937      89.07937      4275.00     469.5259
  2    8117.11058      90.09501      4323.74     480.2936

 Path Red. Mass (AMU):    0.902603
 Path Length (Ang), s^2 (1e-3 Ang^2):  5.3694   8.1816
--------------------------------------------------------------
 Path Indices:    1   4   3   5
 PDOS Poles:
     Freq. (THz)    Weight
        3.070       0.005936369
        5.618       0.018021163
        8.646       0.005267306
       19.874       0.011444639
       29.094       0.066006449
       30.618       0.011065747
       34.070       0.003036982
       37.004       0.041084486
       40.758       0.152581620
       41.725       0.001232478
       43.915       0.000228263
       90.698       0.501519323
       91.781       0.176806753
       91.909       0.003149665
       94.320       0.001539339
       94.588       0.001079454

 PDOS Einstein freq (single pole), associated temp and eff. force constant: 
 Freq (THz)   Temp (K)   Eff. FC (N/m)
  77.798      3733.59     247.7235

 pDOS n Moments, associated Einstein freqs, temps and eff. force constants:
  n     Mom (THz^n)   Freq (THz)     Temp (K)    Eff. FC (N/m)
 -2       0.00160      25.01617      1200.55      25.6138
 -1       0.02145      46.61507      2237.10      88.9374
  0       1.00000     ---------     --------
  1      72.80683      72.80683      3494.06     216.9582
  2    6052.50849      77.79787      3733.59     247.7235

 Path Red. Mass (AMU):    0.624343
 Path Length (Ang), s^2 (1e-3 Ang^2):  6.0237  17.3650
--------------------------------------------------------------
 Path Indices:    1   4   3   6
 PDOS Poles:
     Freq. (THz)    Weight
        5.055       0.016425705
        8.403       0.024699792
       15.086       0.000470116
       19.651       0.016790031
       29.259       0.031461786
       31.910       0.011760861
       35.282       0.008295094
       37.494       0.056726672
       40.679       0.033417587
       41.895       0.011597613
       43.918       0.000416711
       90.698       0.209593173
       91.781       0.553219667
       91.909       0.015443424
       94.320       0.001396645
       94.588       0.008285208

 PDOS Einstein freq (single pole), associated temp and eff. force constant: 
 Freq (THz)   Temp (K)   Eff. FC (N/m)
  82.556      3961.93     437.4895

 pDOS n Moments, associated Einstein freqs, temps and eff. force constants:
  n     Mom (THz^n)   Freq (THz)     Temp (K)    Eff. FC (N/m)
 -2       0.00125      28.23156      1354.86      51.1613
 -1       0.01998      50.04156      2401.54     160.7434
  0       1.00000     ---------     --------
  1      78.32584      78.32584      3758.93     393.8054
  2    6815.47604      82.55590      3961.93     437.4896

 Path Red. Mass (AMU):    0.979181
 Path Length (Ang), s^2 (1e-3 Ang^2):  6.4644  10.3141
--------------------------------------------------------------
 Path Indices:    1   4   3   7
 PDOS Poles:
     Freq. (THz)    Weight
        3.856       0.005483967
        8.240       0.024108704
       12.365       0.003028376
       19.118       0.090741808
       28.889       0.122207719
       32.665       0.046199445
       37.135       0.016341592
       40.125       0.023605044
       41.667       0.105852643
       42.630       0.020100720
       43.944       0.078505110
       90.698       0.101252567
       91.781       0.247585357
       91.909       0.018200288
       94.320       0.014102925
       94.588       0.082683768

 PDOS Einstein freq (single pole), associated temp and eff. force constant: 
 Freq (THz)   Temp (K)   Eff. FC (N/m)
  67.502      3239.49     171.6429

 pDOS n Moments, associated Einstein freqs, temps and eff. force constants:
  n     Mom (THz^n)   Freq (THz)     Temp (K)    Eff. FC (N/m)
 -2       0.00138      26.96102      1293.88      27.3819
 -1       0.02585      38.68960      1856.75      56.3871
  0       1.00000     ---------     --------
  1      60.03363      60.03363      2881.07     135.7626
  2    4556.53685      67.50212      3239.49     171.6429

 Path Red. Mass (AMU):    0.574622
 Path Length (Ang), s^2 (1e-3 Ang^2):  6.8115  22.7326
--------------------------------------------------------------
 Path Indices:    1   4   3   8
 PDOS Poles:
     Freq. (THz)    Weight
        4.523       0.005526198
        8.087       0.024015024
       11.853       0.003165846
       19.099       0.004186357
       28.927       0.023390162
       32.670       0.040953421
       36.974       0.080228440
       38.797       0.011037529
       41.744       0.055228842
       42.527       0.012143340
       43.863       0.048627967
       90.698       0.137212701
       91.781       0.419066584
       91.909       0.037151983
       94.320       0.031191180
       94.588       0.066874483

 PDOS Einstein freq (single pole), associated temp and eff. force constant: 
 Freq (THz)   Temp (K)   Eff. FC (N/m)
  79.079      3795.05     215.9099

 pDOS n Moments, associated Einstein freqs, temps and eff. force constants:
  n     Mom (THz^n)   Freq (THz)     Temp (K)    Eff. FC (N/m)
 -2       0.00095      32.45709      1557.64      36.3725
 -1       0.01943      51.46069      2469.64      91.4335
  0       1.00000     ---------     --------
  1      74.28983      74.28983      3565.23     190.5517
  2    6253.43181      79.07864      3795.05     215.9099

 Path Red. Mass (AMU):    0.526678
 Path Length (Ang), s^2 (1e-3 Ang^2):  7.3684  18.6468
--------------------------------------------------------------
 Path Indices:    1   4   3   9
 PDOS Poles:
     Freq. (THz)    Weight
        5.143       0.020263758
        7.700       0.007006202
       12.284       0.003490949
       19.886       0.039143414
       29.441       0.213216157
       32.017       0.030426793
       34.674       0.008544349
       37.452       0.024770134
       41.930       0.087749161
       42.799       0.003325797
       43.960       0.035233930
       90.698       0.088625787
       91.781       0.265770582
       91.909       0.043983042
       94.320       0.126226355
       94.588       0.002223626

 PDOS Einstein freq (single pole), associated temp and eff. force constant: 
 Freq (THz)   Temp (K)   Eff. FC (N/m)
  70.630      3389.60     183.1441

 pDOS n Moments, associated Einstein freqs, temps and eff. force constants:
  n     Mom (THz^n)   Freq (THz)     Temp (K)    Eff. FC (N/m)
 -2       0.00144      26.36454      1265.26      25.5184
 -1       0.02489      40.18035      1928.29      59.2708
  0       1.00000     ---------     --------
  1      63.41458      63.41458      3043.32     147.6358
  2    4988.60755      70.63008      3389.60     183.1441

 Path Red. Mass (AMU):    0.560022
 Path Length (Ang), s^2 (1e-3 Ang^2):  6.7852  22.4598
--------------------------------------------------------------
 Path Indices:    1   4   5   2
 PDOS Poles:
     Freq. (THz)    Weight
        4.878       0.006861950
        8.418       0.016700771
       12.404       0.009474200
       19.427       0.044464123
       22.810       0.000760691
       29.113       0.059081753
       31.300       0.002621262
       36.879       0.017638754
       37.958       0.031715057
       40.764       0.010925558
       43.975       0.000048558
       90.698       0.585172398
       91.781       0.209087121
       91.909       0.000611007
       94.320       0.000813047
       94.588       0.004023804

 PDOS Einstein freq (single pole), associated temp and eff. force constant: 
 Freq (THz)   Temp (K)   Eff. FC (N/m)
  82.365      3952.75     489.8232

 pDOS n Moments, associated Einstein freqs, temps and eff. force constants:
  n     Mom (THz^n)   Freq (THz)     Temp (K)    Eff. FC (N/m)
 -2       0.00092      33.05180      1586.18      78.8765
 -1       0.01896      52.74161      2531.12     200.8465
  0       1.00000     ---------     --------
  1      78.05420      78.05420      3745.89     439.8961
  2    6783.93659      82.36466      3952.75     489.8232

 Path Red. Mass (AMU):    1.101409
 Path Length (Ang), s^2 (1e-3 Ang^2):  6.6009   8.7001
--------------------------------------------------------------
 Path Indices:    1   4   5   3
 PDOS Poles:
     Freq. (THz)    Weight
        3.356       0.008033939
        5.748       0.016278030
        8.755       0.004677459
       19.886       0.010973818
       29.123       0.072403627
       30.777       0.010890091
       34.812       0.003662432
       37.112       0.039589531
       40.755       0.150737718
       41.631       0.001871160
       43.885       0.000293317
       90.698       0.675016773
       91.781       0.003471705
       91.909       0.000203915
       94.320       0.001348751
       94.588       0.000547755

 PDOS Einstein freq (single pole), associated temp and eff. force constant: 
 Freq (THz)   Temp (K)   Eff. FC (N/m)
  77.400      3714.52     249.0047

 pDOS n Moments, associated Einstein freqs, temps and eff. force constants:
  n     Mom (THz^n)   Freq (THz)     Temp (K)    Eff. FC (N/m)
 -2       0.00160      25.01436      1200.46      26.0075
 -1       0.02158      46.34620      2224.19      89.2788
  0       1.00000     ---------     --------
  1      72.39336      72.39336      3474.22     217.8301
  2    5990.83292      77.40047      3714.52     249.0047

 Path Red. Mass (AMU):    0.634033
 Path Length (Ang), s^2 (1e-3 Ang^2):  6.0254  17.1988
--------------------------------------------------------------
 Path Indices:    1   4   5   4
 PDOS Poles:
     Freq. (THz)    Weight
        3.453       0.006823591
        6.844       0.009745089
       11.537       0.001694641
       19.707       0.007346052
       24.408       0.000075666
       29.712       0.001731954
       33.425       0.000616819
       37.672       0.003572618
       40.611       0.001483514
       41.552       0.000154888
       43.953       0.000325814
       90.698       0.712703110
       91.781       0.247103767
       91.909       0.000703179
       94.320       0.001001588
       94.588       0.004917773

 PDOS Einstein freq (single pole), associated temp and eff. force constant: 
 Freq (THz)   Temp (K)   Eff. FC (N/m)
  89.540      4297.11     475.8229

 pDOS n Moments, associated Einstein freqs, temps and eff. force constants:
  n     Mom (THz^n)   Freq (THz)     Temp (K)    Eff. FC (N/m)
 -2       0.00093      32.70360      1569.47      63.4746
 -1       0.01476      67.73899      3250.85     272.3244
  0       1.00000     ---------     --------
  1      88.48842      88.48842      4246.64     464.7100
  2    8017.44912      89.54021      4297.11     475.8229

 Path Red. Mass (AMU):    0.905316
 Path Length (Ang), s^2 (1e-3 Ang^2):  5.3727   8.2411
--------------------------------------------------------------
 Path Indices:    1   4   5   6
 PDOS Poles:
     Freq. (THz)    Weight
        5.067       0.016408829
        8.410       0.024804514
       15.406       0.000540474
       19.465       0.016960297
       29.220       0.031492945
       31.843       0.011439935
       35.268       0.008693084
       37.389       0.059478548
       40.676       0.032633506
       41.894       0.012026285
       43.942       0.000361187
       90.698       0.571386296
       91.781       0.205748344
       91.909       0.000396232
       94.320       0.001016024
       94.588       0.006613549

 PDOS Einstein freq (single pole), associated temp and eff. force constant: 
 Freq (THz)   Temp (K)   Eff. FC (N/m)
  81.988      3934.66     432.7043

 pDOS n Moments, associated Einstein freqs, temps and eff. force constants:
  n     Mom (THz^n)   Freq (THz)     Temp (K)    Eff. FC (N/m)
 -2       0.00126      28.21605      1354.11      51.2491
 -1       0.02009      49.76966      2388.49     159.4494
  0       1.00000     ---------     --------
  1      77.75736      77.75736      3731.64     389.2033
  2    6721.98664      81.98772      3934.66     432.7043

 Path Red. Mass (AMU):    0.981940
 Path Length (Ang), s^2 (1e-3 Ang^2):  6.4645  10.3413
--------------------------------------------------------------
 Path Indices:    1   4   5   7
 PDOS Poles:
     Freq. (THz)    Weight
        4.110       0.005757231
        8.042       0.023237308
       11.881       0.003051515
       19.229       0.004255746
       28.905       0.025748007
       32.667       0.035795013
       36.946       0.090671649
       38.931       0.008355484
       41.797       0.058136746
       42.813       0.007699802
       43.883       0.050728799
       90.698       0.380154848
       91.781       0.129493775
       91.909       0.075644889
       94.320       0.028893617
       94.588       0.072375590

 PDOS Einstein freq (single pole), associated temp and eff. force constant: 
 Freq (THz)   Temp (K)   Eff. FC (N/m)
  78.579      3771.09     214.1375

 pDOS n Moments, associated Einstein freqs, temps and eff. force constants:
  n     Mom (THz^n)   Freq (THz)     Temp (K)    Eff. FC (N/m)
 -2       0.00102      31.38530      1506.21      34.1609
 -1       0.01965      50.89755      2442.62      89.8401
  0       1.00000     ---------     --------
  1      73.79102      73.79102      3541.30     188.8354
  2    6174.70571      78.57930      3771.09     214.1375

 Path Red. Mass (AMU):    0.529015
 Path Length (Ang), s^2 (1e-3 Ang^2):  7.3684  18.7698
--------------------------------------------------------------
 Path Indices:    1   4   5   8
 PDOS Poles:
     Freq. (THz)    Weight
        4.187       0.004867188
        8.224       0.024634326
       12.095       0.003091669
       19.103       0.093504996
       28.892       0.113487729
       32.675       0.051492856
       37.346       0.014381170
       40.344       0.030198787
       41.769       0.107679025
       42.899       0.011675100
       43.932       0.073663345
       90.698       0.262362161
       91.781       0.067851826
       91.909       0.043326386
       94.320       0.017675868
       94.588       0.080107574

 PDOS Einstein freq (single pole), associated temp and eff. force constant: 
 Freq (THz)   Temp (K)   Eff. FC (N/m)
  67.650      3246.58     172.6994

 pDOS n Moments, associated Einstein freqs, temps and eff. force constants:
  n     Mom (THz^n)   Freq (THz)     Temp (K)    Eff. FC (N/m)
 -2       0.00129      27.79292      1333.81      29.1490
 -1       0.02561      39.04640      1873.87      57.5331
  0       1.00000     ---------     --------
  1      60.24790      60.24790      2891.35     136.9745
  2    4576.51682      67.64996      3246.58     172.6994

 Path Red. Mass (AMU):    0.575635
 Path Length (Ang), s^2 (1e-3 Ang^2):  6.8213  22.4852
--------------------------------------------------------------
 Path Indices:    1   4   5   9
 PDOS Poles:
     Freq. (THz)    Weight
        5.184       0.020210849
        7.991       0.006778497
       12.502       0.002890112
       19.869       0.037438939
       29.382       0.217072197
       31.694       0.031607979
       34.265       0.010842985
       37.339       0.026153251
       41.929       0.087418981
       42.882       0.003479651
       43.949       0.035079153
       90.698       0.242713284
       91.781       0.076078785
       91.909       0.077131500
       94.320       0.122759355
       94.588       0.002344493

 PDOS Einstein freq (single pole), associated temp and eff. force constant: 
 Freq (THz)   Temp (K)   Eff. FC (N/m)
  70.103      3364.32     181.4360

 pDOS n Moments, associated Einstein freqs, temps and eff. force constants:
  n     Mom (THz^n)   Freq (THz)     Temp (K)    Eff. FC (N/m)
 -2       0.00141      26.59489      1276.31      26.1122
 -1       0.02490      40.16218      1927.42      59.5500
  0       1.00000     ---------     --------
  1      62.90877      62.90877      3019.05     146.1064
  2    4914.46878      70.10327      3364.32     181.4360

 Path Red. Mass (AMU):    0.563168
 Path Length (Ang), s^2 (1e-3 Ang^2):  6.7752  22.3444
--------------------------------------------------------------
 Path Indices:    1   4   6   2
 PDOS Poles:
     Freq. (THz)    Weight
        4.925       0.030989679
        8.365       0.411311622
       11.549       0.004618413
       17.959       0.000728180
       19.879       0.149752211
       29.570       0.111312456
       32.678       0.114104853
       37.914       0.000601589
       40.765       0.001758614
       41.959       0.146940354
       43.967       0.000105501
       90.698       0.001473755
       91.781       0.000345641
       91.909       0.020819661
       94.320       0.005135543
       94.588       0.000001878

 PDOS Einstein freq (single pole), associated temp and eff. force constant: 
 Freq (THz)   Temp (K)   Eff. FC (N/m)
  28.426      1364.19     544.5210

 pDOS n Moments, associated Einstein freqs, temps and eff. force constants:
  n     Mom (THz^n)   Freq (THz)     Temp (K)    Eff. FC (N/m)
 -2       0.00789      11.25469       540.12      85.3593
 -1       0.07456      13.41205       643.66     121.2201
  0       1.00000     ---------     --------
  1      22.48475      22.48475      1079.06     340.6905
  2     808.03587      28.42597      1364.19     544.5210

 Path Red. Mass (AMU):   10.279577
 Path Length (Ang), s^2 (1e-3 Ang^2):  7.4262   3.6657
--------------------------------------------------------------
 Path Indices:    1   4   6   3
 PDOS Poles:
     Freq. (THz)    Weight
        3.504       0.042900125
        5.936       0.075732689
        9.008       0.018734910
       19.543       0.064252821
       20.348       0.016344633
       28.903       0.056574400
       32.681       0.102388582
       37.161       0.007939592
       37.993       0.037313463
       41.960       0.044925520
       43.982       0.001901850
       90.698       0.129259766
       91.781       0.371164420
       91.909       0.020010563
       94.320       0.002761719
       94.588       0.007794991

 PDOS Einstein freq (single pole), associated temp and eff. force constant: 
 Freq (THz)   Temp (K)   Eff. FC (N/m)
  69.235      3322.64     878.1044

 pDOS n Moments, associated Einstein freqs, temps and eff. force constants:
  n     Mom (THz^n)   Freq (THz)     Temp (K)    Eff. FC (N/m)
 -2       0.00637      12.53261       601.45      28.7727
 -1       0.04437      22.53725      1081.58      93.0464
  0       1.00000     ---------     --------
  1      59.64575      59.64575      2862.45     651.7137
  2    4793.45148      69.23476      3322.64     878.1045

 Path Red. Mass (AMU):    2.794403
 Path Length (Ang), s^2 (1e-3 Ang^2):  6.8767   8.0248
--------------------------------------------------------------
 Path Indices:    1   4   6   4
 PDOS Poles:
     Freq. (THz)    Weight
        5.012       0.195211070
        8.266       0.242305657
       11.199       0.014800019
       14.753       0.001118586
       19.875       0.069270864
       29.570       0.089632549
       32.677       0.197173852
       37.927       0.001746190
       40.727       0.000806907
       41.959       0.161290863
       43.985       0.001548767
       90.698       0.001855337
       91.781       0.000432381
       91.909       0.022581108
       94.320       0.000225706
       94.588       0.000000155

 PDOS Einstein freq (single pole), associated temp and eff. force constant: 
 Freq (THz)   Temp (K)   Eff. FC (N/m)
  29.023      1392.83     524.3002

 pDOS n Moments, associated Einstein freqs, temps and eff. force constants:
  n     Mom (THz^n)   Freq (THz)     Temp (K)    Eff. FC (N/m)
 -2       0.01200       9.12820       438.07      51.8650
 -1       0.08643      11.56986       555.25      83.3221
  0       1.00000     ---------     --------
  1      22.87335      22.87335      1097.71     325.6596
  2     842.31764      29.02271      1392.83     524.3002

 Path Red. Mass (AMU):    9.495009
 Path Length (Ang), s^2 (1e-3 Ang^2):  6.1939   4.6005
--------------------------------------------------------------
 Path Indices:    1   4   6   5
 PDOS Poles:
     Freq. (THz)    Weight
        3.565       0.042147324
        6.095       0.076555034
        9.125       0.016622433
       19.458       0.072327352
       20.894       0.005853588
       28.917       0.055554571
       32.684       0.094047407
       37.402       0.015447589
       38.111       0.021460416
       41.959       0.043389147
       43.983       0.001848524
       90.698       0.388946936
       91.781       0.153855195
       91.909       0.002800463
       94.320       0.002327216
       94.588       0.006816826

 PDOS Einstein freq (single pole), associated temp and eff. force constant: 
 Freq (THz)   Temp (K)   Eff. FC (N/m)
  70.109      3364.59     869.3738

 pDOS n Moments, associated Einstein freqs, temps and eff. force constants:
  n     Mom (THz^n)   Freq (THz)     Temp (K)    Eff. FC (N/m)
 -2       0.00605      12.85209       616.78      29.2151
 -1       0.04315      23.17751      1112.31      95.0152
  0       1.00000     ---------     --------
  1      60.79526      60.79526      2917.62     653.7307
  2    4915.26668      70.10896      3364.59     869.3738

 Path Red. Mass (AMU):    2.698055
 Path Length (Ang), s^2 (1e-3 Ang^2):  6.8751   8.0818
--------------------------------------------------------------
 Path Indices:    1   4   6   7
 PDOS Poles:
     Freq. (THz)    Weight
        4.117       0.014988592
        8.023       0.061647858
       11.852       0.008367159
       19.242       0.014276497
       28.862       0.039832324
       32.302       0.034096871
       32.936       0.047000747
       36.982       0.028508354
       41.940       0.032878174
       43.441       0.002825108
       43.857       0.054473483
       90.698       0.000597561
       91.781       0.000408993
       91.909       0.182151433
       94.320       0.125388465
       94.588       0.352558339

 PDOS Einstein freq (single pole), associated temp and eff. force constant: 
 Freq (THz)   Temp (K)   Eff. FC (N/m)
  78.449      3764.82     538.0645

 pDOS n Moments, associated Einstein freqs, temps and eff. force constants:
  n     Mom (THz^n)   Freq (THz)     Temp (K)    Eff. FC (N/m)
 -2       0.00221      21.27843      1021.17      39.5860
 -1       0.02655      37.66911      1807.77     124.0604
  0       1.00000     ---------     --------
  1      71.68182      71.68182      3440.07     449.2423
  2    6154.20135      78.44872      3764.82     538.0644

 Path Red. Mass (AMU):    1.333687
 Path Length (Ang), s^2 (1e-3 Ang^2):  5.7752  10.0597
--------------------------------------------------------------
 Path Indices:    1   4   6   8
 PDOS Poles:
     Freq. (THz)    Weight
        4.504       0.014033254
        8.067       0.062604486
       11.800       0.008543261
       19.106       0.014696345
       28.889       0.034132370
       32.659       0.083918460
       35.674       0.003441185
       37.127       0.022398309
       41.940       0.032788726
       43.034       0.001050762
       43.839       0.052675588
       90.698       0.000007613
       91.781       0.011088257
       91.909       0.179225171
       94.320       0.138467039
       94.588       0.340929136

 PDOS Einstein freq (single pole), associated temp and eff. force constant: 
 Freq (THz)   Temp (K)   Eff. FC (N/m)
  78.832      3783.24     536.9398

 pDOS n Moments, associated Einstein freqs, temps and eff. force constants:
  n     Mom (THz^n)   Freq (THz)     Temp (K)    Eff. FC (N/m)
 -2       0.00202      22.26787      1068.65      42.8423
 -1       0.02597      38.50417      1847.85     128.0948
  0       1.00000     ---------     --------
  1      72.15940      72.15940      3462.99     449.8853
  2    6214.54864      78.83241      3783.24     536.9398

 Path Red. Mass (AMU):    1.317975
 Path Length (Ang), s^2 (1e-3 Ang^2):  5.7752   9.9589
--------------------------------------------------------------
 Path Indices:    1   4   6   9
 PDOS Poles:
     Freq. (THz)    Weight
        5.000       0.029139269
        8.107       0.016166912
       10.453       0.001332593
       19.462       0.002222100
       19.900       0.033200436
       29.569       0.085782442
       32.683       0.000150134
       37.963       0.003877849
       40.771       0.003335766
       41.961       0.015486238
       43.985       0.018592514
       90.698       0.001188089
       91.781       0.001282282
       91.909       0.274384182
       94.320       0.513795134
       94.588       0.000064019

 PDOS Einstein freq (single pole), associated temp and eff. force constant: 
 Freq (THz)   Temp (K)   Eff. FC (N/m)
  84.115      4036.73     523.0412

 pDOS n Moments, associated Einstein freqs, temps and eff. force constants:
  n     Mom (THz^n)   Freq (THz)     Temp (K)    Eff. FC (N/m)
 -2       0.00173      24.07610      1155.43      42.8515
 -1       0.02207      45.30323      2174.14     151.7232
  0       1.00000     ---------     --------
  1      79.19790      79.19790      3800.78     463.6829
  2    7075.25545      84.11454      4036.73     523.0411

 Path Red. Mass (AMU):    1.127678
 Path Length (Ang), s^2 (1e-3 Ang^2):  5.7765   9.8926
--------------------------------------------------------------
 Path Indices:    1   4   7   2
 PDOS Poles:
     Freq. (THz)    Weight
        5.788       0.019096744
        8.248       0.065416120
       12.354       0.005526957
       19.241       0.019448125
       28.947       0.116081254
       32.537       0.098734482
       34.367       0.010394625
       37.021       0.078792215
       41.953       0.133241121
       43.241       0.002317014
       43.840       0.124176764
       90.698       0.000065441
       91.781       0.000050601
       91.909       0.102934047
       94.320       0.060663391
       94.588       0.163061083

 PDOS Einstein freq (single pole), associated temp and eff. force constant: 
 Freq (THz)   Temp (K)   Eff. FC (N/m)
  60.677      2911.96     260.9860

 pDOS n Moments, associated Einstein freqs, temps and eff. force constants:
  n     Mom (THz^n)   Freq (THz)     Temp (K)    Eff. FC (N/m)
 -2       0.00210      21.83602      1047.93      33.7995
 -1       0.03171      31.53132      1513.22      70.4770
  0       1.00000     ---------     --------
  1      52.69001      52.69001      2528.64     196.7977
  2    3681.74591      60.67739      2911.96     260.9860

 Path Red. Mass (AMU):    1.081321
 Path Length (Ang), s^2 (1e-3 Ang^2):  8.3154  14.8227
--------------------------------------------------------------
 Path Indices:    1   4   7   3
 PDOS Poles:
     Freq. (THz)    Weight
        4.188       0.024029107
        7.586       0.021597052
       14.175       0.001821233
       19.220       0.114634555
       28.918       0.042150244
       32.510       0.078368978
       36.056       0.039063410
       37.379       0.103426388
       41.693       0.065732734
       42.416       0.026219928
       43.958       0.090886561
       90.698       0.024899708
       91.781       0.066070089
       91.909       0.080023980
       94.320       0.048363012
       94.588       0.172713016

 PDOS Einstein freq (single pole), associated temp and eff. force constant: 
 Freq (THz)   Temp (K)   Eff. FC (N/m)
  64.091      3075.78     222.4214

 pDOS n Moments, associated Einstein freqs, temps and eff. force constants:
  n     Mom (THz^n)   Freq (THz)     Temp (K)    Eff. FC (N/m)
 -2       0.00244      20.25202       971.91      22.2085
 -1       0.03086      32.40144      1554.97      56.8474
  0       1.00000     ---------     --------
  1      55.95800      55.95800      2685.47     169.5534
  2    4107.66070      64.09103      3075.78     222.4214

 Path Red. Mass (AMU):    0.825987
 Path Length (Ang), s^2 (1e-3 Ang^2):  7.8735  18.8837
--------------------------------------------------------------
 Path Indices:    1   4   7   4
 PDOS Poles:
     Freq. (THz)    Weight
        4.585       0.014265164
        8.186       0.029486816
       12.188       0.003221661
       19.200       0.018678166
       28.904       0.100844900
       32.569       0.066254905
       34.063       0.006117194
       36.947       0.080968586
       41.954       0.084834328
       43.720       0.017918229
       43.942       0.060738659
       90.698       0.000237307
       91.781       0.000009171
       91.909       0.164882684
       94.320       0.092699176
       94.588       0.258843027

 PDOS Einstein freq (single pole), associated temp and eff. force constant: 
 Freq (THz)   Temp (K)   Eff. FC (N/m)
  71.540      3433.28     325.3390

 pDOS n Moments, associated Einstein freqs, temps and eff. force constants:
  n     Mom (THz^n)   Freq (THz)     Temp (K)    Eff. FC (N/m)
 -2       0.00159      25.10430      1204.78      40.0619
 -1       0.02518      39.72161      1906.27     100.2972
  0       1.00000     ---------     --------
  1      64.39223      64.39223      3090.24     263.5736
  2    5118.00932      71.54026      3433.28     325.3390

 Path Red. Mass (AMU):    0.969675
 Path Length (Ang), s^2 (1e-3 Ang^2):  7.4932  13.1211
--------------------------------------------------------------
 Path Indices:    1   4   7   5
 PDOS Poles:
     Freq. (THz)    Weight
        4.028       0.016447480
        7.003       0.019022914
       10.625       0.002484003
       19.856       0.010116520
       28.932       0.158846416
       32.564       0.058710656
       35.766       0.007583605
       37.661       0.019327913
       41.856       0.039277811
       42.947       0.004504339
       43.911       0.037578695
       90.698       0.157246168
       91.781       0.049775163
       91.909       0.152115947
       94.320       0.072070644
       94.588       0.194891708

 PDOS Einstein freq (single pole), associated temp and eff. force constant: 
 Freq (THz)   Temp (K)   Eff. FC (N/m)
  75.961      3645.42     273.8958

 pDOS n Moments, associated Einstein freqs, temps and eff. force constants:
  n     Mom (THz^n)   Freq (THz)     Temp (K)    Eff. FC (N/m)
 -2       0.00183      23.36815      1121.46      25.9213
 -1       0.02422      41.29471      1981.77      80.9464
  0       1.00000     ---------     --------
  1      69.46444      69.46444      3333.66     229.0518
  2    5770.01180      75.96059      3645.42     273.8958

 Path Red. Mass (AMU):    0.724102
 Path Length (Ang), s^2 (1e-3 Ang^2):  8.4287  16.9017
--------------------------------------------------------------
 Path Indices:    1   4   7   6
 PDOS Poles:
     Freq. (THz)    Weight
        5.043       0.016920589
        8.388       0.033377112
       12.518       0.002059032
       19.721       0.008714968
       28.884       0.027000444
       32.627       0.036941493
       34.627       0.001682931
       36.971       0.023717364
       41.919       0.008211837
       43.616       0.003428622
       43.931       0.021550363
       90.698       0.000548018
       91.781       0.000016190
       91.909       0.228857477
       94.320       0.159504043
       94.588       0.427469467

 PDOS Einstein freq (single pole), associated temp and eff. force constant: 
 Freq (THz)   Temp (K)   Eff. FC (N/m)
  85.713      4113.44     516.6423

 pDOS n Moments, associated Einstein freqs, temps and eff. force constants:
  n     Mom (THz^n)   Freq (THz)     Temp (K)    Eff. FC (N/m)
 -2       0.00137      27.00017      1295.76      51.2661
 -1       0.02017      49.57864      2379.32     172.8567
  0       1.00000     ---------     --------
  1      81.48697      81.48697      3910.63     466.9532
  2    7346.71109      85.71296      4113.44     516.6422

 Path Red. Mass (AMU):    1.072725
 Path Length (Ang), s^2 (1e-3 Ang^2):  6.4248   9.5026
--------------------------------------------------------------
 Path Indices:    1   4   7   8
 PDOS Poles:
     Freq. (THz)    Weight
        4.556       0.007976375
        8.090       0.038387099
       11.904       0.006597132
       19.053       0.001828518
       29.551       0.020055039
       32.302       0.012062189
       32.726       0.082466894
       37.956       0.015169707
       41.949       0.038971465
       43.265       0.000671791
       43.980       0.048670421
       90.698       0.000718703
       91.781       0.005157481
       91.909       0.444805884
       94.320       0.265524926
       94.588       0.010936315

 PDOS Einstein freq (single pole), associated temp and eff. force constant: 
 Freq (THz)   Temp (K)   Eff. FC (N/m)
  81.088      3891.50     327.1757

 pDOS n Moments, associated Einstein freqs, temps and eff. force constants:
  n     Mom (THz^n)   Freq (THz)     Temp (K)    Eff. FC (N/m)
 -2       0.00128      27.98750      1343.14      38.9755
 -1       0.02100      47.61084      2284.89     112.7913
  0       1.00000     ---------     --------
  1      76.02060      76.02060      3648.29     287.5587
  2    6575.32170      81.08836      3891.50     327.1756

 Path Red. Mass (AMU):    0.759023
 Path Length (Ang), s^2 (1e-3 Ang^2):  7.1117  13.9850
--------------------------------------------------------------
 Path Indices:    1   4   7   9
 PDOS Poles:
     Freq. (THz)    Weight
        5.023       0.018436728
        8.306       0.011176319
       14.836       0.000109612
       19.842       0.021797441
       28.954       0.036997955
       29.694       0.025347259
       36.908       0.034190238
       38.636       0.002290175
       41.802       0.011546660
       43.454       0.004226494
       43.895       0.041057287
       90.698       0.000000181
       91.781       0.000825326
       91.909       0.548719085
       94.320       0.043402926
       94.588       0.199876225

 PDOS Einstein freq (single pole), associated temp and eff. force constant: 
 Freq (THz)   Temp (K)   Eff. FC (N/m)
  83.887      4025.81     327.7348

 pDOS n Moments, associated Einstein freqs, temps and eff. force constants:
  n     Mom (THz^n)   Freq (THz)     Temp (K)    Eff. FC (N/m)
 -2       0.00117      29.22891      1402.72      39.7886
 -1       0.01910      52.35506      2512.56     127.6588
  0       1.00000     ---------     --------
  1      79.77020      79.77020      3828.24     296.3568
  2    7037.02301      83.88697      4025.81     327.7348

 Path Red. Mass (AMU):    0.710436
 Path Length (Ang), s^2 (1e-3 Ang^2):  7.1043  13.5876
--------------------------------------------------------------
 Path Indices:    1   4   8   2
 PDOS Poles:
     Freq. (THz)    Weight
        5.619       0.014916442
        8.181       0.069724550
       12.058       0.007331359
       19.107       0.021379462
       28.977       0.109617897
       32.581       0.114468545
       35.162       0.010314510
       37.127       0.070061850
       41.862       0.060456926
       42.029       0.082207240
       43.832       0.121517833
       90.698       0.000003444
       91.781       0.002844201
       91.909       0.099338349
       94.320       0.064337546
       94.588       0.151479824

 PDOS Einstein freq (single pole), associated temp and eff. force constant: 
 Freq (THz)   Temp (K)   Eff. FC (N/m)
  60.102      2884.36     257.0189

 pDOS n Moments, associated Einstein freqs, temps and eff. force constants:
  n     Mom (THz^n)   Freq (THz)     Temp (K)    Eff. FC (N/m)
 -2       0.00210      21.81520      1046.93      33.8612
 -1       0.03195      31.30005      1502.12      69.7066
  0       1.00000     ---------     --------
  1      52.12115      52.12115      2501.34     193.2911
  2    3612.27883      60.10224      2884.36     257.0189

 Path Red. Mass (AMU):    1.085363
 Path Length (Ang), s^2 (1e-3 Ang^2):  8.2929  14.8766
--------------------------------------------------------------
 Path Indices:    1   4   8   3
 PDOS Poles:
     Freq. (THz)    Weight
        4.119       0.018483663
        7.284       0.017249806
       11.387       0.001968853
       19.763       0.008441702
       28.949       0.157386277
       32.490       0.066716750
       34.696       0.007942595
       37.519       0.020976560
       41.885       0.040708506
       42.950       0.003852444
       43.894       0.036143613
       90.698       0.052457039
       91.781       0.189239292
       91.909       0.114563434
       94.320       0.078782093
       94.588       0.185087380

 PDOS Einstein freq (single pole), associated temp and eff. force constant: 
 Freq (THz)   Temp (K)   Eff. FC (N/m)
  75.793      3637.36     275.5861

 pDOS n Moments, associated Einstein freqs, temps and eff. force constants:
  n     Mom (THz^n)   Freq (THz)     Temp (K)    Eff. FC (N/m)
 -2       0.00184      23.31500      1118.91      26.0779
 -1       0.02430      41.15702      1975.16      81.2626
  0       1.00000     ---------     --------
  1      69.22782      69.22782      3322.30     229.9132
  2    5744.53106      75.79268      3637.36     275.5860

 Path Red. Mass (AMU):    0.731803
 Path Length (Ang), s^2 (1e-3 Ang^2):  8.4318  16.7798
--------------------------------------------------------------
 Path Indices:    1   4   8   4
 PDOS Poles:
     Freq. (THz)    Weight
        4.756       0.014632957
        8.180       0.029903220
       11.915       0.003667396
       19.098       0.020119681
       28.925       0.093863496
       32.633       0.079462694
       36.101       0.012017218
       37.080       0.065524692
       41.955       0.087277889
       43.734       0.020654611
       43.933       0.054708523
       90.698       0.000021685
       91.781       0.005779862
       91.909       0.163113355
       94.320       0.101432615
       94.588       0.247820069

 PDOS Einstein freq (single pole), associated temp and eff. force constant: 
 Freq (THz)   Temp (K)   Eff. FC (N/m)
  71.583      3435.34     326.1202

 pDOS n Moments, associated Einstein freqs, temps and eff. force constants:
  n     Mom (THz^n)   Freq (THz)     Temp (K)    Eff. FC (N/m)
 -2       0.00157      25.26607      1212.54      40.6286
 -1       0.02521      39.67411      1904.00     100.1776
  0       1.00000     ---------     --------
  1      64.41426      64.41426      3091.30     264.0707
  2    5124.14675      71.58315      3435.34     326.1202

 Path Red. Mass (AMU):    0.970839
 Path Length (Ang), s^2 (1e-3 Ang^2):  7.4962  13.1211
--------------------------------------------------------------
 Path Indices:    1   4   8   5
 PDOS Poles:
     Freq. (THz)    Weight
        4.002       0.020477298
        7.167       0.023530996
       11.492       0.002026469
       19.115       0.114845628
       29.013       0.039499424
       32.615       0.086553728
       36.789       0.102300115
       37.913       0.027763259
       41.819       0.080386269
       42.800       0.010990379
       43.950       0.086670191
       90.698       0.072368689
       91.781       0.011954821
       91.909       0.101349649
       94.320       0.054003065
       94.588       0.165280005

 PDOS Einstein freq (single pole), associated temp and eff. force constant: 
 Freq (THz)   Temp (K)   Eff. FC (N/m)
  64.706      3105.31     225.3745

 pDOS n Moments, associated Einstein freqs, temps and eff. force constants:
  n     Mom (THz^n)   Freq (THz)     Temp (K)    Eff. FC (N/m)
 -2       0.00243      20.27281       972.91      22.1228
 -1       0.03061      32.66391      1567.57      57.4313
  0       1.00000     ---------     --------
  1      56.59843      56.59843      2716.21     172.4333
  2    4186.89894      64.70625      3105.31     225.3745

 Path Red. Mass (AMU):    0.821114
 Path Length (Ang), s^2 (1e-3 Ang^2):  7.8830  18.8431
--------------------------------------------------------------
 Path Indices:    1   4   8   6
 PDOS Poles:
     Freq. (THz)    Weight
        5.076       0.017150038
        8.416       0.033564591
       12.733       0.001994591
       19.510       0.008677446
       28.874       0.024695784
       32.628       0.040786350
       35.014       0.002294284
       37.050       0.021494892
       41.919       0.008595161
       43.564       0.002849641
       43.913       0.021311809
       90.698       0.000057290
       91.781       0.009782475
       91.909       0.225156789
       94.320       0.174039882
       94.588       0.407548934

 PDOS Einstein freq (single pole), associated temp and eff. force constant: 
 Freq (THz)   Temp (K)   Eff. FC (N/m)
  85.696      4112.63     517.0541

 pDOS n Moments, associated Einstein freqs, temps and eff. force constants:
  n     Mom (THz^n)   Freq (THz)     Temp (K)    Eff. FC (N/m)
 -2       0.00137      27.01178      1296.32      51.3712
 -1       0.02019      49.53886      2377.41     172.7848
  0       1.00000     ---------     --------
  1      81.46680      81.46680      3909.66     467.2774
  2    7343.82804      85.69614      4112.63     517.0541

 Path Red. Mass (AMU):    1.074001
 Path Length (Ang), s^2 (1e-3 Ang^2):  6.4264   9.4989
--------------------------------------------------------------
 Path Indices:    1   4   8   7
 PDOS Poles:
     Freq. (THz)    Weight
        4.129       0.008186112
        8.020       0.037768912
       11.840       0.006842383
       19.130       0.001534803
       27.939       0.000306626
       29.589       0.020910643
       32.681       0.095072051
       37.968       0.015198258
       41.951       0.039771472
       43.561       0.001799847
       43.975       0.046871166
       90.698       0.000897681
       91.781       0.004028238
       91.909       0.445043454
       94.320       0.267407490
       94.588       0.008360791

 PDOS Einstein freq (single pole), associated temp and eff. force constant: 
 Freq (THz)   Temp (K)   Eff. FC (N/m)
  81.022      3888.33     329.5834

 pDOS n Moments, associated Einstein freqs, temps and eff. force constants:
  n     Mom (THz^n)   Freq (THz)     Temp (K)    Eff. FC (N/m)
 -2       0.00138      26.95534      1293.61      36.4793
 -1       0.02125      47.05455      2258.19     111.1630
  0       1.00000     ---------     --------
  1      75.93391      75.93391      3644.13     289.4867
  2    6564.59857      81.02221      3888.33     329.5834

 Path Red. Mass (AMU):    0.765858
 Path Length (Ang), s^2 (1e-3 Ang^2):  7.1132  14.0241
--------------------------------------------------------------
 Path Indices:    1   4   8   9
 PDOS Poles:
     Freq. (THz)    Weight
        5.036       0.018542329
        8.324       0.011294373
       17.501       0.000595331
       19.755       0.020386633
       29.021       0.049380327
       30.015       0.013207740
       36.849       0.032392682
       38.042       0.003006467
       41.801       0.010708145
       43.451       0.004283018
       43.914       0.040017760
       90.698       0.000102751
       91.781       0.009597316
       91.909       0.546851208
       94.320       0.038611380
       94.588       0.201022451

 PDOS Einstein freq (single pole), associated temp and eff. force constant: 
 Freq (THz)   Temp (K)   Eff. FC (N/m)
  84.014      4031.90     330.1621

 pDOS n Moments, associated Einstein freqs, temps and eff. force constants:
  n     Mom (THz^n)   Freq (THz)     Temp (K)    Eff. FC (N/m)
 -2       0.00117      29.24330      1403.41      40.0017
 -1       0.01906      52.46419      2517.80     128.7512
  0       1.00000     ---------     --------
  1      79.93614      79.93614      3836.21     298.8903
  2    7058.32604      84.01384      4031.90     330.1621

 Path Red. Mass (AMU):    0.713537
 Path Length (Ang), s^2 (1e-3 Ang^2):  7.1056  13.5004
--------------------------------------------------------------
 Path Indices:    1   4   9   2
 PDOS Poles:
     Freq. (THz)    Weight
        5.055       0.004676008
        8.390       0.025474664
       12.298       0.002749434
       19.875       0.046183944
       29.550       0.141889083
       29.930       0.008868837
       32.695       0.024011609
       37.965       0.018886878
       40.825       0.005425162
       41.963       0.066508437
       43.985       0.030446196
       90.698       0.000211527
       91.781       0.001452878
       91.909       0.242259725
       94.320       0.380908511
       94.588       0.000047043

 PDOS Einstein freq (single pole), associated temp and eff. force constant: 
 Freq (THz)   Temp (K)   Eff. FC (N/m)
  76.419      3667.41     386.4805

 pDOS n Moments, associated Einstein freqs, temps and eff. force constants:
  n     Mom (THz^n)   Freq (THz)     Temp (K)    Eff. FC (N/m)
 -2       0.00102      31.36616      1505.29      65.1101
 -1       0.02194      45.57559      2187.21     137.4644
  0       1.00000     ---------     --------
  1      69.85108      69.85108      3352.21     322.9029
  2    5839.85325      76.41893      3667.41     386.4804

 Path Red. Mass (AMU):    1.009524
 Path Length (Ang), s^2 (1e-3 Ang^2):  8.9867  10.9844
--------------------------------------------------------------
 Path Indices:    1   4   9   3
 PDOS Poles:
     Freq. (THz)    Weight
        3.812       0.018803473
        6.160       0.038107689
       11.948       0.004646508
       19.883       0.059692916
       29.566       0.189636491
       32.658       0.026810576
       37.765       0.029113154
       39.447       0.009307317
       41.736       0.095689592
       42.279       0.038057944
       43.971       0.067578115
       90.698       0.024985954
       91.781       0.086528430
       91.909       0.103191687
       94.320       0.207302658
       94.588       0.000547486

 PDOS Einstein freq (single pole), associated temp and eff. force constant: 
 Freq (THz)   Temp (K)   Eff. FC (N/m)
  65.551      3145.85     260.1250

 pDOS n Moments, associated Einstein freqs, temps and eff. force constants:
  n     Mom (THz^n)   Freq (THz)     Temp (K)    Eff. FC (N/m)
 -2       0.00291      18.53630       889.57      20.8002
 -1       0.03203      31.22425      1498.48      59.0210
  0       1.00000     ---------     --------
  1      57.36861      57.36861      2753.17     199.2374
  2    4296.94353      65.55108      3145.85     260.1249

 Path Red. Mass (AMU):    0.923450
 Path Length (Ang), s^2 (1e-3 Ang^2):  7.8087  17.5275
--------------------------------------------------------------
 Path Indices:    1   4   9   4
 PDOS Poles:
     Freq. (THz)    Weight
        5.016       0.024672892
        8.222       0.012323935
       12.115       0.001891844
       19.874       0.043047729
       27.486       0.000136929
       29.571       0.205642035
       32.684       0.033508223
       37.963       0.021906807
       40.799       0.007494813
       41.961       0.107125421
       43.985       0.048097883
       90.698       0.000164113
       91.781       0.001153645
       91.909       0.190622771
       94.320       0.302174722
       94.588       0.000036207

 PDOS Einstein freq (single pole), associated temp and eff. force constant: 
 Freq (THz)   Temp (K)   Eff. FC (N/m)
  69.786      3349.07     316.7560

 pDOS n Moments, associated Einstein freqs, temps and eff. force constants:
  n     Mom (THz^n)   Freq (THz)     Temp (K)    Eff. FC (N/m)
 -2       0.00171      24.15719      1159.32      37.9565
 -1       0.02642      37.84440      1816.19      93.1529
  0       1.00000     ---------     --------
  1      62.17684      62.17684      2983.92     251.4494
  2    4870.02974      69.78560      3349.07     316.7560

 Path Red. Mass (AMU):    0.992166
 Path Length (Ang), s^2 (1e-3 Ang^2):  7.4163  13.4598
--------------------------------------------------------------
 Path Indices:    1   4   9   5
 PDOS Poles:
     Freq. (THz)    Weight
        3.998       0.020098023
        6.333       0.037875056
       12.091       0.004470948
       19.858       0.057894524
       29.564       0.191540405
       32.607       0.026772219
       37.277       0.015859644
       38.630       0.018533142
       41.674       0.091691154
       42.297       0.043552381
       43.959       0.068256500
       90.698       0.075721000
       91.781       0.019029125
       91.909       0.126012743
       94.320       0.201743279
       94.588       0.000949837

 PDOS Einstein freq (single pole), associated temp and eff. force constant: 
 Freq (THz)   Temp (K)   Eff. FC (N/m)
  65.505      3143.63     257.4898

 pDOS n Moments, associated Einstein freqs, temps and eff. force constants:
  n     Mom (THz^n)   Freq (THz)     Temp (K)    Eff. FC (N/m)
 -2       0.00281      18.86772       905.48      21.3626
 -1       0.03184      31.40418      1507.11      59.1821
  0       1.00000     ---------     --------
  1      57.34474      57.34474      2752.02     197.3343
  2    4290.86185      65.50467      3143.63     257.4898

 Path Red. Mass (AMU):    0.915391
 Path Length (Ang), s^2 (1e-3 Ang^2):  7.7970  17.5805
--------------------------------------------------------------
 Path Indices:    1   4   9   6
 PDOS Poles:
     Freq. (THz)    Weight
        5.023       0.018470738
        8.320       0.027298251
       10.685       0.000408844
       19.872       0.017474664
       25.325       0.000017035
       29.570       0.090849937
       32.704       0.001859613
       37.963       0.007319472
       40.795       0.002501406
       41.964       0.012480911
       43.985       0.015871770
       90.698       0.000369915
       91.781       0.001624596
       91.909       0.286366572
       94.320       0.517031050
       94.588       0.000055175

 PDOS Einstein freq (single pole), associated temp and eff. force constant: 
 Freq (THz)   Temp (K)   Eff. FC (N/m)
  84.818      4070.47     526.7522

 pDOS n Moments, associated Einstein freqs, temps and eff. force constants:
  n     Mom (THz^n)   Freq (THz)     Temp (K)    Eff. FC (N/m)
 -2       0.00139      26.78158      1285.27      52.5179
 -1       0.02054      48.68941      2336.65     173.5818
  0       1.00000     ---------     --------
  1      80.29484      80.29484      3853.42     472.0744
  2    7194.01115      84.81752      4070.47     526.7521

 Path Red. Mass (AMU):    1.116931
 Path Length (Ang), s^2 (1e-3 Ang^2):  6.3877   9.2932
--------------------------------------------------------------
 Path Indices:    1   4   9   7
 PDOS Poles:
     Freq. (THz)    Weight
        4.221       0.010441573
        8.027       0.034456503
       12.108       0.002100491
       19.438       0.013982537
       28.985       0.056547417
       30.088       0.016152815
       36.327       0.013704618
       37.325       0.028866795
       41.832       0.026142031
       42.725       0.003956662
       43.907       0.022479647
       90.698       0.000148854
       91.781       0.000518096
       91.909       0.535166019
       94.320       0.091999342
       94.588       0.143336505

 PDOS Einstein freq (single pole), associated temp and eff. force constant: 
 Freq (THz)   Temp (K)   Eff. FC (N/m)
  82.776      3972.51     375.9849

 pDOS n Moments, associated Einstein freqs, temps and eff. force constants:
  n     Mom (THz^n)   Freq (THz)     Temp (K)    Eff. FC (N/m)
 -2       0.00141      26.65918      1279.40      38.9989
 -1       0.02085      47.96592      2301.93     126.2479
  0       1.00000     ---------     --------
  1      78.05092      78.05092      3745.73     334.2834
  2    6851.90907      82.77626      3972.51     375.9848

 Path Red. Mass (AMU):    0.837047
 Path Length (Ang), s^2 (1e-3 Ang^2):  7.0658  12.5876
--------------------------------------------------------------
 Path Indices:    1   4   9   8
 PDOS Poles:
     Freq. (THz)    Weight
        4.637       0.010110523
        8.098       0.035023855
       12.023       0.002118158
       19.237       0.013385005
       29.035       0.063096520
       30.715       0.008488460
       35.966       0.007423688
       37.146       0.033606612
       41.863       0.025353073
       42.890       0.002852111
       43.918       0.022448035
       90.698       0.000005803
       91.781       0.011341134
       91.909       0.532375469
       94.320       0.083405609
       94.588       0.148965850

 PDOS Einstein freq (single pole), associated temp and eff. force constant: 
 Freq (THz)   Temp (K)   Eff. FC (N/m)
  82.979      3982.21     376.0293

 pDOS n Moments, associated Einstein freqs, temps and eff. force constants:
  n     Mom (THz^n)   Freq (THz)     Temp (K)    Eff. FC (N/m)
 -2       0.00129      27.87422      1337.71      42.4322
 -1       0.02050      48.78926      2341.44     129.9986
  0       1.00000     ---------     --------
  1      78.32001      78.32001      3758.65     334.9930
  2    6885.43408      82.97852      3982.21     376.0292

 Path Red. Mass (AMU):    0.833070
 Path Length (Ang), s^2 (1e-3 Ang^2):  7.0656  12.4342
--------------------------------------------------------------
 Path Indices:    1   5   1   2
 PDOS Poles:
     Freq. (THz)    Weight
        2.862       0.026906831
        7.052       0.036181064
       11.952       0.020571520
       19.834       0.008140973
       28.856       0.203530737
       29.522       0.122915267
       36.847       0.228319171
       37.898       0.241552303
       40.738       0.073193381
       41.831       0.001908755
       43.968       0.003918976
       90.698       0.024647662
       91.781       0.008064319
       91.909       0.000018576
       94.320       0.000028138
       94.588       0.000102324

 PDOS Einstein freq (single pole), associated temp and eff. force constant: 
 Freq (THz)   Temp (K)   Eff. FC (N/m)
  36.689      1760.74      84.1172

 pDOS n Moments, associated Einstein freqs, temps and eff. force constants:
  n     Mom (THz^n)   Freq (THz)     Temp (K)    Eff. FC (N/m)
 -2       0.00495      14.21248       682.07      12.6227
 -1       0.04274      23.39532      1122.76      34.2035
  0       1.00000     ---------     --------
  1      34.03224      34.03224      1633.24      72.3758
  2    1346.08485      36.68903      1760.74      84.1172

 Path Red. Mass (AMU):    0.953243
 Path Length (Ang), s^2 (1e-3 Ang^2):  8.6403  22.6617
--------------------------------------------------------------
 Path Indices:    1   5   1   3
 PDOS Poles:
     Freq. (THz)    Weight
        4.952       0.057082143
        7.307       0.010868509
       11.615       0.002277092
       19.879       0.021328489
       29.561       0.217553357
       30.128       0.005121123
       33.326       0.001291196
       37.960       0.502374942
       40.761       0.144589700
       41.927       0.002424240
       43.985       0.006702532
       90.698       0.027863869
       91.781       0.000430734
       91.909       0.000041513
       94.320       0.000049543
       94.588       0.000001033

 PDOS Einstein freq (single pole), associated temp and eff. force constant: 
 Freq (THz)   Temp (K)   Eff. FC (N/m)
  37.708      1809.65      46.3179

 pDOS n Moments, associated Einstein freqs, temps and eff. force constants:
  n     Mom (THz^n)   Freq (THz)     Temp (K)    Eff. FC (N/m)
 -2       0.00330      17.40332       835.20       9.8660
 -1       0.03916      25.53899      1225.64      21.2463
  0       1.00000     ---------     --------
  1      35.37653      35.37653      1697.75      40.7667
  2    1421.91378      37.70827      1809.65      46.3179

 Path Red. Mass (AMU):    0.496897
 Path Length (Ang), s^2 (1e-3 Ang^2):  9.5019  39.8249
--------------------------------------------------------------
 Path Indices:    1   5   1   4
 PDOS Poles:
     Freq. (THz)    Weight
        3.465       0.047658268
        6.380       0.070105729
       10.502       0.008245420
       19.881       0.039232148
       29.070       0.345339350
       31.055       0.048056263
       34.992       0.028986070
       37.262       0.318133507
       39.141       0.023911501
       40.852       0.031371835
       43.945       0.001945185
       90.698       0.030456476
       91.781       0.006428487
       91.909       0.000013886
       94.320       0.000026269
       94.588       0.000089607

 PDOS Einstein freq (single pole), associated temp and eff. force constant: 
 Freq (THz)   Temp (K)   Eff. FC (N/m)
  35.126      1685.72      73.1940

 pDOS n Moments, associated Einstein freqs, temps and eff. force constants:
  n     Mom (THz^n)   Freq (THz)     Temp (K)    Eff. FC (N/m)
 -2       0.00662      12.29268       589.94       8.9643
 -1       0.05213      19.18448       920.68      21.8335
  0       1.00000     ---------     --------
  1      31.54661      31.54661      1513.95      59.0376
  2    1233.82096      35.12579      1685.72      73.1940

 Path Red. Mass (AMU):    0.904929
 Path Length (Ang), s^2 (1e-3 Ang^2):  9.5397  29.1112
--------------------------------------------------------------
 Path Indices:    1   5   1   5
 PDOS Poles:
     Freq. (THz)    Weight
        2.190       0.020648119
        5.583       0.042531940
        9.106       0.004556176
       19.884       0.011271880
       28.940       0.265072534
       29.779       0.065001684
       36.859       0.240069652
       37.917       0.236904678
       40.754       0.075247137
       42.068       0.001083557
       43.969       0.004030913
       90.698       0.025195409
       91.781       0.008235390
       91.909       0.000019051
       94.320       0.000027277
       94.588       0.000104597

 PDOS Einstein freq (single pole), associated temp and eff. force constant: 
 Freq (THz)   Temp (K)   Eff. FC (N/m)
  36.950      1773.27      44.4225

 pDOS n Moments, associated Einstein freqs, temps and eff. force constants:
  n     Mom (THz^n)   Freq (THz)     Temp (K)    Eff. FC (N/m)
 -2       0.00654      12.36906       593.60       4.9779
 -1       0.04455      22.44687      1077.24      16.3938
  0       1.00000     ---------     --------
  1      34.33126      34.33126      1647.59      38.3485
  2    1365.31735      36.95020      1773.27      44.4225

 Path Red. Mass (AMU):    0.496318
 Path Length (Ang), s^2 (1e-3 Ang^2):  9.5462  45.3642
--------------------------------------------------------------
 Path Indices:    1   5   1   6
 PDOS Poles:
     Freq. (THz)    Weight
        3.597       0.045520558
        7.241       0.070682218
       11.322       0.014677806
       19.865       0.022770100
       28.929       0.234853133
       30.612       0.013815783
       36.650       0.156807711
       37.757       0.302040312
       40.669       0.074321225
       41.901       0.026732671
       43.968       0.004295416
       90.698       0.023018169
       91.781       0.008462702
       91.909       0.001762527
       94.320       0.000164622
       94.588       0.000075037

 PDOS Einstein freq (single pole), associated temp and eff. force constant: 
 Freq (THz)   Temp (K)   Eff. FC (N/m)
  36.355      1744.71      78.4448

 pDOS n Moments, associated Einstein freqs, temps and eff. force constants:
  n     Mom (THz^n)   Freq (THz)     Temp (K)    Eff. FC (N/m)
 -2       0.00573      13.21123       634.02      10.3591
 -1       0.04864      20.55961       986.67      25.0880
  0       1.00000     ---------     --------
  1      33.04264      33.04264      1585.75      64.8016
  2    1321.68536      36.35499      1744.71      78.4448

 Path Red. Mass (AMU):    0.905373
 Path Length (Ang), s^2 (1e-3 Ang^2): 10.9650  27.1508
--------------------------------------------------------------
 Path Indices:    1   5   1   7
 PDOS Poles:
     Freq. (THz)    Weight
        4.840       0.022450162
        8.191       0.046083833
       12.267       0.013127903
       19.203       0.024452035
       28.973       0.427941259
       31.630       0.045370582
       33.994       0.020623289
       37.807       0.112603174
       40.778       0.044384608
       41.984       0.080139573
       43.837       0.065083203
       90.698       0.015814611
       91.781       0.004700830
       91.909       0.026017437
       94.320       0.014076246
       94.588       0.037131247

 PDOS Einstein freq (single pole), associated temp and eff. force constant: 
 Freq (THz)   Temp (K)   Eff. FC (N/m)
  42.321      2031.02      58.3650

 pDOS n Moments, associated Einstein freqs, temps and eff. force constants:
  n     Mom (THz^n)   Freq (THz)     Temp (K)    Eff. FC (N/m)
 -2       0.00257      19.73483       947.09      12.6914
 -1       0.03793      26.36463      1265.26      22.6510
  0       1.00000     ---------     --------
  1      37.03332      37.03332      1777.26      44.6919
  2    1791.05562      42.32087      2031.02      58.3650

 Path Red. Mass (AMU):    0.497089
 Path Length (Ang), s^2 (1e-3 Ang^2): 11.3166  38.5628
--------------------------------------------------------------
 Path Indices:    1   5   1   8
 PDOS Poles:
     Freq. (THz)    Weight
        2.824       0.030350930
        7.362       0.071553473
       11.713       0.018393109
       19.082       0.018428536
       29.446       0.107923075
       32.392       0.051221549
       36.218       0.086440554
       37.313       0.302098865
       40.556       0.039587451
       41.938       0.087511494
       43.829       0.082606649
       90.698       0.014145811
       91.781       0.000702081
       91.909       0.027673575
       94.320       0.016779697
       94.588       0.044583145

 PDOS Einstein freq (single pole), associated temp and eff. force constant: 
 Freq (THz)   Temp (K)   Eff. FC (N/m)
  44.459      2133.61      64.3611

 pDOS n Moments, associated Einstein freqs, temps and eff. force constants:
  n     Mom (THz^n)   Freq (THz)     Temp (K)    Eff. FC (N/m)
 -2       0.00590      13.02399       625.03       5.5233
 -1       0.04479      22.32461      1071.38      16.2285
  0       1.00000     ---------     --------
  1      39.00622      39.00622      1871.94      49.5425
  2    1976.57438      44.45868      2133.61      64.3611

 Path Red. Mass (AMU):    0.496709
 Path Length (Ang), s^2 (1e-3 Ang^2): 11.3385  45.5763
--------------------------------------------------------------
 Path Indices:    1   5   1   9
 PDOS Poles:
     Freq. (THz)    Weight
        2.822       0.015438383
        5.538       0.050520645
        9.136       0.004395136
       19.881       0.056473941
       28.935       0.118093080
       32.446       0.024106109
       36.614       0.086827334
       37.822       0.241001395
       40.705       0.067413547
       41.943       0.054688006
       43.985       0.043850153
       90.698       0.010464382
       91.781       0.001841049
       91.909       0.086863846
       94.320       0.137896446
       94.588       0.000126512

 PDOS Einstein freq (single pole), associated temp and eff. force constant: 
 Freq (THz)   Temp (K)   Eff. FC (N/m)
  54.459      2613.52      96.5341

 pDOS n Moments, associated Einstein freqs, temps and eff. force constants:
  n     Mom (THz^n)   Freq (THz)     Temp (K)    Eff. FC (N/m)
 -2       0.00430      15.25046       731.88       7.5703
 -1       0.03798      26.32794      1263.50      22.5622
  0       1.00000     ---------     --------
  1      47.06620      47.06620      2258.75      72.1050
  2    2965.74287      54.45863      2613.52      96.5341

 Path Red. Mass (AMU):    0.496522
 Path Length (Ang), s^2 (1e-3 Ang^2): 11.6528  38.6607
--------------------------------------------------------------
 Path Indices:    1   5   2   3
 PDOS Poles:
     Freq. (THz)    Weight
        4.998       0.024271461
        7.711       0.004050292
       11.130       0.000196908
       19.877       0.062299343
       29.547       0.156504570
       29.907       0.013147152
       33.256       0.001440022
       37.960       0.519954336
       40.744       0.017369006
       41.905       0.001620189
       43.985       0.004979447
       90.698       0.184300401
       91.781       0.009028210
       91.909       0.000385366
       94.320       0.000449638
       94.588       0.000003680

 PDOS Einstein freq (single pole), associated temp and eff. force constant: 
 Freq (THz)   Temp (K)   Eff. FC (N/m)
  50.650      2430.75      97.6314

 pDOS n Moments, associated Einstein freqs, temps and eff. force constants:
  n     Mom (THz^n)   Freq (THz)     Temp (K)    Eff. FC (N/m)
 -2       0.00179      23.61930      1133.51      21.2305
 -1       0.03073      32.54389      1561.81      40.3057
  0       1.00000     ---------     --------
  1      44.81301      44.81301      2150.62      76.4250
  2    2565.44254      50.65020      2430.75      97.6314

 Path Red. Mass (AMU):    0.580522
 Path Length (Ang), s^2 (1e-3 Ang^2):  7.8486  26.7508
--------------------------------------------------------------
 Path Indices:    1   5   2   4
 PDOS Poles:
     Freq. (THz)    Weight
        4.484       0.028152165
        7.582       0.021005140
       15.394       0.001487528
       19.735       0.158413736
       27.729       0.017392930
       29.240       0.308511639
       33.412       0.005893414
       37.041       0.184799498
       38.126       0.091302582
       41.363       0.000866072
       43.953       0.000668178
       90.698       0.132392765
       91.781       0.048027554
       91.909       0.000136232
       94.320       0.000139202
       94.588       0.000811370

 PDOS Einstein freq (single pole), associated temp and eff. force constant: 
 Freq (THz)   Temp (K)   Eff. FC (N/m)
  47.328      2271.29     153.1619

 pDOS n Moments, associated Einstein freqs, temps and eff. force constants:
  n     Mom (THz^n)   Freq (THz)     Temp (K)    Eff. FC (N/m)
 -2       0.00279      18.94001       908.95      24.5292
 -1       0.03794      26.35646      1264.87      47.5003
  0       1.00000     ---------     --------
  1      40.04453      40.04453      1921.77     109.6500
  2    2239.89838      47.32756      2271.29     153.1619

 Path Red. Mass (AMU):    1.043070
 Path Length (Ang), s^2 (1e-3 Ang^2):  7.2946  18.3833
--------------------------------------------------------------
 Path Indices:    1   5   2   5
 PDOS Poles:
     Freq. (THz)    Weight
        3.886       0.007859865
        7.665       0.011349104
       15.920       0.001331064
       19.590       0.071871863
       28.445       0.057880902
       29.231       0.231975449
       36.641       0.102489012
       37.769       0.296601476
       39.533       0.012217838
       41.240       0.004985461
       43.978       0.002628285
       90.698       0.145229762
       91.781       0.052363800
       91.909       0.000139517
       94.320       0.000188829
       94.588       0.000887767

 PDOS Einstein freq (single pole), associated temp and eff. force constant: 
 Freq (THz)   Temp (K)   Eff. FC (N/m)
  50.137      2406.11      95.1084

 pDOS n Moments, associated Einstein freqs, temps and eff. force constants:
  n     Mom (THz^n)   Freq (THz)     Temp (K)    Eff. FC (N/m)
 -2       0.00157      25.24095      1211.34      24.1056
 -1       0.03055      32.73230      1570.85      40.5378
  0       1.00000     ---------     --------
  1      43.82863      43.82863      2103.37      72.6813
  2    2513.69166      50.13673      2406.11      95.1084

 Path Red. Mass (AMU):    0.577162
 Path Length (Ang), s^2 (1e-3 Ang^2):  7.8355  26.7516
--------------------------------------------------------------
 Path Indices:    1   5   2   6
 PDOS Poles:
     Freq. (THz)    Weight
        4.417       0.017973963
        8.311       0.049020136
       12.638       0.014042170
       19.651       0.089030780
       28.860       0.191416757
       30.439       0.021426464
       35.716       0.036102729
       37.621       0.349205903
       39.601       0.021279660
       41.888       0.023956777
       43.970       0.002069933
       90.698       0.132379437
       91.781       0.049647474
       91.909       0.001205269
       94.320       0.000444990
       94.588       0.000797563

 PDOS Einstein freq (single pole), associated temp and eff. force constant: 
 Freq (THz)   Temp (K)   Eff. FC (N/m)
  48.660      2335.24     161.0886

 pDOS n Moments, associated Einstein freqs, temps and eff. force constants:
  n     Mom (THz^n)   Freq (THz)     Temp (K)    Eff. FC (N/m)
 -2       0.00253      19.88857       954.47      26.9108
 -1       0.03642      27.45564      1317.62      51.2842
  0       1.00000     ---------     --------
  1      41.74566      41.74566      2003.41     118.5613
  2    2367.79855      48.66003      2335.24     161.0886

 Path Red. Mass (AMU):    1.037795
 Path Length (Ang), s^2 (1e-3 Ang^2):  8.2502  17.7371
--------------------------------------------------------------
 Path Indices:    1   5   2   7
 PDOS Poles:
     Freq. (THz)    Weight
        5.419       0.015946578
        8.060       0.045362581
       12.155       0.021550134
       19.872       0.011204079
       28.963       0.366636664
       30.828       0.031774705
       32.892       0.059268731
       37.873       0.091926911
       40.307       0.004852421
       41.955       0.087427982
       43.829       0.088331291
       90.698       0.076283494
       91.781       0.026118676
       91.909       0.027914795
       94.320       0.013206949
       94.588       0.032194014

 PDOS Einstein freq (single pole), associated temp and eff. force constant: 
 Freq (THz)   Temp (K)   Eff. FC (N/m)
  48.632      2333.89      83.8941

 pDOS n Moments, associated Einstein freqs, temps and eff. force constants:
  n     Mom (THz^n)   Freq (THz)     Temp (K)    Eff. FC (N/m)
 -2       0.00212      21.69594      1041.21      16.6972
 -1       0.03496      28.60737      1372.89      29.0297
  0       1.00000     ---------     --------
  1      41.87354      41.87354      2009.55      62.1964
  2    2365.07665      48.63205      2333.89      83.8941

 Path Red. Mass (AMU):    0.541100
 Path Length (Ang), s^2 (1e-3 Ang^2):  8.4897  32.6490
--------------------------------------------------------------
 Path Indices:    1   5   2   8
 PDOS Poles:
     Freq. (THz)    Weight
        4.429       0.015886453
        7.616       0.067446026
       12.116       0.024357893
       19.153       0.063290850
       29.442       0.094273293
       32.461       0.074864558
       36.024       0.056601995
       37.361       0.234281053
       40.199       0.007704246
       41.966       0.090358996
       43.832       0.096027110
       90.698       0.072207486
       91.781       0.014754414
       91.909       0.027130272
       94.320       0.014392050
       94.588       0.046423295

 PDOS Einstein freq (single pole), associated temp and eff. force constant: 
 Freq (THz)   Temp (K)   Eff. FC (N/m)
  49.386      2370.09      86.1833

 pDOS n Moments, associated Einstein freqs, temps and eff. force constants:
  n     Mom (THz^n)   Freq (THz)     Temp (K)    Eff. FC (N/m)
 -2       0.00283      18.80030       902.24      12.4893
 -1       0.03754      26.63852      1278.41      25.0743
  0       1.00000     ---------     --------
  1      42.54529      42.54529      2041.79      63.9605
  2    2439.01209      49.38636      2370.09      86.1833

 Path Red. Mass (AMU):    0.539014
 Path Length (Ang), s^2 (1e-3 Ang^2):  8.4658  35.1977
--------------------------------------------------------------
 Path Indices:    1   5   2   9
 PDOS Poles:
     Freq. (THz)    Weight
        4.577       0.015760769
        7.871       0.012250868
       15.618       0.001143928
       19.763       0.098223815
       28.887       0.097833731
       31.252       0.011705323
       35.711       0.023365468
       37.724       0.245897407
       40.178       0.017066782
       41.915       0.036439607
       43.985       0.028205981
       90.698       0.062838397
       91.781       0.017455414
       91.909       0.129007008
       94.320       0.202155191
       94.588       0.000650291

 PDOS Einstein freq (single pole), associated temp and eff. force constant: 
 Freq (THz)   Temp (K)   Eff. FC (N/m)
  64.936      3116.31     149.9137

 pDOS n Moments, associated Einstein freqs, temps and eff. force constants:
  n     Mom (THz^n)   Freq (THz)     Temp (K)    Eff. FC (N/m)
 -2       0.00162      24.84250      1192.21      21.9415
 -1       0.02735      36.56343      1754.71      47.5303
  0       1.00000     ---------     --------
  1      57.17085      57.17085      2743.68     116.2053
  2    4216.62184      64.93552      3116.31     149.9137

 Path Red. Mass (AMU):    0.542335
 Path Length (Ang), s^2 (1e-3 Ang^2):  9.1995  25.4865
--------------------------------------------------------------
 Path Indices:    1   5   3   2
 PDOS Poles:
     Freq. (THz)    Weight
        3.169       0.009345165
        7.468       0.010501708
       12.352       0.007386336
       19.664       0.043804781
       25.163       0.000419902
       29.568       0.073955768
       35.657       0.003847366
       37.860       0.101770552
       40.745       0.181520074
       41.609       0.004614882
       43.975       0.001369792
       90.698       0.459064148
       91.781       0.098510086
       91.909       0.002127693
       94.320       0.001311723
       94.588       0.000450047

 PDOS Einstein freq (single pole), associated temp and eff. force constant: 
 Freq (THz)   Temp (K)   Eff. FC (N/m)
  72.016      3456.09     249.9756

 pDOS n Moments, associated Einstein freqs, temps and eff. force constants:
  n     Mom (THz^n)   Freq (THz)     Temp (K)    Eff. FC (N/m)
 -2       0.00162      24.83979      1192.08      29.7400
 -1       0.02327      42.97625      2062.47      89.0230
  0       1.00000     ---------     --------
  1      65.93587      65.93587      3164.32     209.5505
  2    5186.23614      72.01553      3456.09     249.9756

 Path Red. Mass (AMU):    0.735253
 Path Length (Ang), s^2 (1e-3 Ang^2):  7.2732  15.9941
--------------------------------------------------------------
 Path Indices:    1   5   3   4
 PDOS Poles:
     Freq. (THz)    Weight
        3.070       0.005936369
        5.618       0.018021163
        8.646       0.005267306
       19.874       0.011444639
       29.094       0.066006449
       30.618       0.011065747
       34.070       0.003036982
       37.004       0.041084486
       40.758       0.152581620
       41.725       0.001232478
       43.915       0.000228263
       90.698       0.501519323
       91.781       0.176806753
       91.909       0.003149665
       94.320       0.001539339
       94.588       0.001079454

 PDOS Einstein freq (single pole), associated temp and eff. force constant: 
 Freq (THz)   Temp (K)   Eff. FC (N/m)
  77.798      3733.59     247.7235

 pDOS n Moments, associated Einstein freqs, temps and eff. force constants:
  n     Mom (THz^n)   Freq (THz)     Temp (K)    Eff. FC (N/m)
 -2       0.00160      25.01617      1200.55      25.6138
 -1       0.02145      46.61507      2237.10      88.9374
  0       1.00000     ---------     --------
  1      72.80683      72.80683      3494.06     216.9582
  2    6052.50849      77.79787      3733.59     247.7235

 Path Red. Mass (AMU):    0.624343
 Path Length (Ang), s^2 (1e-3 Ang^2):  6.0302  17.3650
--------------------------------------------------------------
 Path Indices:    1   5   3   5
 PDOS Poles:
     Freq. (THz)    Weight
        3.382       0.007702503
        6.641       0.007358830
       12.931       0.000493203
       19.381       0.016173123
       27.960       0.004406541
       29.307       0.057315239
       35.180       0.001114056
       37.013       0.032655734
       40.761       0.343527033
       41.855       0.002117272
       43.957       0.000375913
       90.698       0.422196772
       91.781       0.100750741
       91.909       0.002095647
       94.320       0.001204913
       94.588       0.000512501

 PDOS Einstein freq (single pole), associated temp and eff. force constant: 
 Freq (THz)   Temp (K)   Eff. FC (N/m)
  70.960      3405.43     143.6771

 pDOS n Moments, associated Einstein freqs, temps and eff. force constants:
  n     Mom (THz^n)   Freq (THz)     Temp (K)    Eff. FC (N/m)
 -2       0.00126      28.22349      1354.47      22.7291
 -1       0.02157      46.36877      2225.28      61.3498
  0       1.00000     ---------     --------
  1      65.44745      65.44745      3140.88     122.2214
  2    5035.30434      70.95988      3405.43     143.6771

 Path Red. Mass (AMU):    0.435264
 Path Length (Ang), s^2 (1e-3 Ang^2):  6.6846  25.0407
--------------------------------------------------------------
 Path Indices:    1   5   3   6
 PDOS Poles:
     Freq. (THz)    Weight
        3.740       0.011843277
        6.863       0.017207078
        9.603       0.004094358
       19.614       0.021403098
       21.281       0.000946851
       28.895       0.076819902
       32.687       0.018240091
       36.901       0.137666307
       40.765       0.117677823
       41.970       0.014897273
       43.910       0.000682742
       90.698       0.460118687
       91.781       0.107988774
       91.909       0.007240823
       94.320       0.001577981
       94.588       0.001594964

 PDOS Einstein freq (single pole), associated temp and eff. force constant: 
 Freq (THz)   Temp (K)   Eff. FC (N/m)
  72.721      3489.94     242.5738

 pDOS n Moments, associated Einstein freqs, temps and eff. force constants:
  n     Mom (THz^n)   Freq (THz)     Temp (K)    Eff. FC (N/m)
 -2       0.00167      24.44108      1172.95      27.4009
 -1       0.02380      42.01184      2016.18      80.9595
  0       1.00000     ---------     --------
  1      66.59823      66.59823      3196.11     203.4462
  2    5288.34305      72.72099      3489.94     242.5738

 Path Red. Mass (AMU):    0.699706
 Path Length (Ang), s^2 (1e-3 Ang^2):  7.1253  17.1924
--------------------------------------------------------------
 Path Indices:    1   5   3   7
 PDOS Poles:
     Freq. (THz)    Weight
        5.049       0.009132130
        8.526       0.014774888
       13.906       0.001571814
       19.159       0.085913134
       28.907       0.242536198
       32.582       0.055644561
       36.241       0.007165379
       39.506       0.010362924
       41.282       0.071626730
       42.319       0.033079356
       43.937       0.054937821
       90.698       0.285759821
       91.781       0.042906403
       91.909       0.019733707
       94.320       0.010459702
       94.588       0.054395445

 PDOS Einstein freq (single pole), associated temp and eff. force constant: 
 Freq (THz)   Temp (K)   Eff. FC (N/m)
  63.768      3060.29     129.1389

 pDOS n Moments, associated Einstein freqs, temps and eff. force constants:
  n     Mom (THz^n)   Freq (THz)     Temp (K)    Eff. FC (N/m)
 -2       0.00130      27.76965      1332.69      24.4901
 -1       0.02698      37.06072      1778.58      43.6191
  0       1.00000     ---------     --------
  1      55.90491      55.90491      2682.93      99.2542
  2    4066.38204      63.76819      3060.29     129.1389

 Path Red. Mass (AMU):    0.484440
 Path Length (Ang), s^2 (1e-3 Ang^2):  7.4724  28.1495
--------------------------------------------------------------
 Path Indices:    1   5   3   8
 PDOS Poles:
     Freq. (THz)    Weight
        3.094       0.008505091
        7.454       0.019387559
       11.442       0.003000129
       19.377       0.003587627
       29.521       0.019133075
       32.643       0.047499275
       36.881       0.163974438
       38.712       0.003889415
       40.840       0.094758081
       42.080       0.029183210
       43.845       0.039853511
       90.698       0.316731516
       91.781       0.122130560
       91.909       0.035990212
       94.320       0.023447842
       94.588       0.068928479

 PDOS Einstein freq (single pole), associated temp and eff. force constant: 
 Freq (THz)   Temp (K)   Eff. FC (N/m)
  73.137      3509.89     150.6286

 pDOS n Moments, associated Einstein freqs, temps and eff. force constants:
  n     Mom (THz^n)   Freq (THz)     Temp (K)    Eff. FC (N/m)
 -2       0.00162      24.83438      1191.82      17.3678
 -1       0.02256      44.32260      2127.08      55.3207
  0       1.00000     ---------     --------
  1      67.40880      67.40880      3235.01     127.9590
  2    5348.96558      73.13662      3509.89     150.6286

 Path Red. Mass (AMU):    0.429565
 Path Length (Ang), s^2 (1e-3 Ang^2):  8.0292  26.5443
--------------------------------------------------------------
 Path Indices:    1   5   3   9
 PDOS Poles:
     Freq. (THz)    Weight
        3.746       0.009269120
        5.984       0.015157912
       12.242       0.003316430
       19.889       0.042096574
       29.126       0.161863664
       31.527       0.020414495
       36.187       0.027860574
       37.198       0.060637453
       40.828       0.142732632
       42.074       0.045678123
       43.961       0.036204578
       90.698       0.243675206
       91.781       0.047700070
       91.909       0.040484989
       94.320       0.102753941
       94.588       0.000154247

 PDOS Einstein freq (single pole), associated temp and eff. force constant: 
 Freq (THz)   Temp (K)   Eff. FC (N/m)
  65.942      3164.62     124.7905

 pDOS n Moments, associated Einstein freqs, temps and eff. force constants:
  n     Mom (THz^n)   Freq (THz)     Temp (K)    Eff. FC (N/m)
 -2       0.00167      24.46642      1174.16      17.1789
 -1       0.02614      38.25149      1835.72      41.9905
  0       1.00000     ---------     --------
  1      58.87216      58.87216      2825.33      99.4660
  2    4348.37250      65.94219      3164.62     124.7905

 Path Red. Mass (AMU):    0.437770
 Path Length (Ang), s^2 (1e-3 Ang^2):  7.4461  30.1808
--------------------------------------------------------------
 Path Indices:    1   5   4   2
 PDOS Poles:
     Freq. (THz)    Weight
        3.153       0.014726504
        7.431       0.025717437
       11.845       0.010363174
       19.880       0.056164028
       28.920       0.095816916
       29.677       0.057714170
       36.668       0.063405354
       37.651       0.089447818
       40.437       0.013242458
       41.092       0.007974934
       43.926       0.000560012
       90.698       0.401723959
       91.781       0.159267564
       91.909       0.000479660
       94.320       0.000498126
       94.588       0.002897922

 PDOS Einstein freq (single pole), associated temp and eff. force constant: 
 Freq (THz)   Temp (K)   Eff. FC (N/m)
  71.310      3422.22     520.3598

 pDOS n Moments, associated Einstein freqs, temps and eff. force constants:
  n     Mom (THz^n)   Freq (THz)     Temp (K)    Eff. FC (N/m)
 -2       0.00253      19.86298       953.24      40.3732
 -1       0.02793      35.79851      1718.00     131.1397
  0       1.00000     ---------     --------
  1      63.95957      63.95957      3069.48     418.6158
  2    5085.09709      71.30987      3422.22     520.3598

 Path Red. Mass (AMU):    1.560974
 Path Length (Ang), s^2 (1e-3 Ang^2):  6.0664   9.0441
--------------------------------------------------------------
 Path Indices:    1   5   4   3
 PDOS Poles:
     Freq. (THz)    Weight
        4.960       0.031123335
        7.509       0.007380175
       10.486       0.001123161
       19.880       0.007364325
       29.549       0.080161916
       29.807       0.008146608
       33.394       0.000421273
       37.960       0.214498811
       40.761       0.050861485
       41.929       0.001026539
       43.985       0.002683522
       90.698       0.563653643
       91.781       0.028955455
       91.909       0.001139554
       94.320       0.001445752
       94.588       0.000014494

 PDOS Einstein freq (single pole), associated temp and eff. force constant: 
 Freq (THz)   Temp (K)   Eff. FC (N/m)
  73.387      3521.93     295.5498

 pDOS n Moments, associated Einstein freqs, temps and eff. force constants:
  n     Mom (THz^n)   Freq (THz)     Temp (K)    Eff. FC (N/m)
 -2       0.00178      23.70470      1137.61      30.8358
 -1       0.02428      41.19415      1976.94      93.1232
  0       1.00000     ---------     --------
  1      67.39255      67.39255      3234.23     249.2358
  2    5385.72322      73.38749      3521.93     295.5498

 Path Red. Mass (AMU):    0.837101
 Path Length (Ang), s^2 (1e-3 Ang^2):  5.3775  14.6559
--------------------------------------------------------------
 Path Indices:    1   5   4   5
 PDOS Poles:
     Freq. (THz)    Weight
        4.703       0.019690453
        7.813       0.016880653
       11.022       0.001618117
       19.128       0.006988420
       29.040       0.096038363
       31.099       0.010034032
       36.534       0.065046061
       37.664       0.140127964
       40.487       0.015053151
       41.324       0.003634242
       43.954       0.002172619
       90.698       0.443170396
       91.781       0.175161861
       91.909       0.000551948
       94.320       0.000610119
       94.588       0.003221644

 PDOS Einstein freq (single pole), associated temp and eff. force constant: 
 Freq (THz)   Temp (K)   Eff. FC (N/m)
  74.670      3583.47     288.3057

 pDOS n Moments, associated Einstein freqs, temps and eff. force constants:
  n     Mom (THz^n)   Freq (THz)     Temp (K)    Eff. FC (N/m)
 -2       0.00156      25.33091      1215.65      33.1790
 -1       0.02334      42.84430      2056.14      94.9179
  0       1.00000     ---------     --------
  1      68.67048      68.67048      3295.56     243.8385
  2    5575.59360      74.66990      3583.47     288.3057

 Path Red. Mass (AMU):    0.788775
 Path Length (Ang), s^2 (1e-3 Ang^2):  5.3792  14.9547
--------------------------------------------------------------
 Path Indices:    1   5   4   6
 PDOS Poles:
     Freq. (THz)    Weight
        3.800       0.024833088
        7.320       0.040826439
       10.644       0.007419766
       19.860       0.010717663
       28.885       0.076447658
       32.634       0.047813216
       36.608       0.057832836
       37.792       0.149869551
       40.694       0.044891379
       41.939       0.033956506
       43.978       0.003110002
       90.698       0.347507395
       91.781       0.150684930
       91.909       0.001318758
       94.320       0.000202437
       94.588       0.002568406

 PDOS Einstein freq (single pole), associated temp and eff. force constant: 
 Freq (THz)   Temp (K)   Eff. FC (N/m)
  68.686      3296.32     438.0673

 pDOS n Moments, associated Einstein freqs, temps and eff. force constants:
  n     Mom (THz^n)   Freq (THz)     Temp (K)    Eff. FC (N/m)
 -2       0.00297      18.35631       880.94      31.2874
 -1       0.03051      32.77925      1573.10      99.7692
  0       1.00000     ---------     --------
  1      61.35368      61.35368      2944.42     349.5261
  2    4717.83116      68.68647      3296.32     438.0673

 Path Red. Mass (AMU):    1.416412
 Path Length (Ang), s^2 (1e-3 Ang^2):  5.7898  10.8852
--------------------------------------------------------------
 Path Indices:    1   5   4   7
 PDOS Poles:
     Freq. (THz)    Weight
        4.941       0.011082356
        8.319       0.023208896
       12.439       0.004172875
       19.150       0.019475594
       28.941       0.237768156
       32.558       0.084999752
       35.347       0.004898545
       38.137       0.036907324
       41.406       0.050698829
       42.211       0.044167367
       43.863       0.061650732
       90.698       0.172399437
       91.781       0.063585934
       91.909       0.071717834
       94.320       0.031599098
       94.588       0.081667273

 PDOS Einstein freq (single pole), associated temp and eff. force constant: 
 Freq (THz)   Temp (K)   Eff. FC (N/m)
  64.918      3115.48     178.6236

 pDOS n Moments, associated Einstein freqs, temps and eff. force constants:
  n     Mom (THz^n)   Freq (THz)     Temp (K)    Eff. FC (N/m)
 -2       0.00140      26.73662      1283.11      30.2985
 -1       0.02657      37.64091      1806.42      60.0520
  0       1.00000     ---------     --------
  1      57.33874      57.33874      2751.74     139.3489
  2    4214.35876      64.91809      3115.48     178.6236

 Path Red. Mass (AMU):    0.646545
 Path Length (Ang), s^2 (1e-3 Ang^2):  6.4395  20.7666
--------------------------------------------------------------
 Path Indices:    1   5   4   8
 PDOS Poles:
     Freq. (THz)    Weight
        3.014       0.012372813
        7.541       0.031689696
       11.606       0.006807681
       19.089       0.012484859
       29.432       0.035209911
       32.641       0.091555844
       36.876       0.179842967
       38.099       0.030890892
       41.243       0.034852763
       42.082       0.058689488
       43.844       0.066993656
       90.698       0.165023745
       91.781       0.044229751
       91.909       0.071978839
       94.320       0.035271771
       94.588       0.122105322

 PDOS Einstein freq (single pole), associated temp and eff. force constant: 
 Freq (THz)   Temp (K)   Eff. FC (N/m)
  66.792      3205.42     185.3909

 pDOS n Moments, associated Einstein freqs, temps and eff. force constants:
  n     Mom (THz^n)   Freq (THz)     Temp (K)    Eff. FC (N/m)
 -2       0.00242      20.31177       974.78      17.1448
 -1       0.02775      36.03149      1729.18      53.9513
  0       1.00000     ---------     --------
  1      59.79061      59.79061      2869.40     148.5604
  2    4461.19563      66.79218      3205.42     185.3909

 Path Red. Mass (AMU):    0.633911
 Path Length (Ang), s^2 (1e-3 Ang^2):  6.4410  22.1266
--------------------------------------------------------------
 Path Indices:    1   5   4   9
 PDOS Poles:
     Freq. (THz)    Weight
        3.816       0.013145200
        6.265       0.016270781
       11.546       0.001785341
       19.885       0.027833093
       29.298       0.101503669
       31.513       0.015397017
       35.677       0.013862833
       37.781       0.149834057
       40.647       0.039106304
       41.942       0.064911176
       43.985       0.044067200
       90.698       0.151244272
       91.781       0.050477349
       91.909       0.120082024
       94.320       0.189008064
       94.588       0.001471615

 PDOS Einstein freq (single pole), associated temp and eff. force constant: 
 Freq (THz)   Temp (K)   Eff. FC (N/m)
  70.629      3389.53     200.9587

 pDOS n Moments, associated Einstein freqs, temps and eff. force constants:
  n     Mom (THz^n)   Freq (THz)     Temp (K)    Eff. FC (N/m)
 -2       0.00179      23.61032      1133.08      22.4568
 -1       0.02496      40.06614      1922.81      64.6694
  0       1.00000     ---------     --------
  1      63.94445      63.94445      3068.75     164.7213
  2    4988.41661      70.62872      3389.53     200.9587

 Path Red. Mass (AMU):    0.614519
 Path Length (Ang), s^2 (1e-3 Ang^2):  6.4010  20.5264
--------------------------------------------------------------
 Path Indices:    1   5   6   2
 PDOS Poles:
     Freq. (THz)    Weight
        2.938       0.020592912
        7.597       0.062741157
        9.135       0.027294109
       19.475       0.073119003
       21.138       0.004333014
       28.944       0.059461469
       32.679       0.052081800
       37.201       0.011143845
       37.999       0.052659278
       41.959       0.038734100
       43.977       0.000701551
       90.698       0.431322117
       91.781       0.156157261
       91.909       0.002466037
       94.320       0.000025508
       94.588       0.007166870

 PDOS Einstein freq (single pole), associated temp and eff. force constant: 
 Freq (THz)   Temp (K)   Eff. FC (N/m)
  72.463      3477.57     963.5148

 pDOS n Moments, associated Einstein freqs, temps and eff. force constants:
  n     Mom (THz^n)   Freq (THz)     Temp (K)    Eff. FC (N/m)
 -2       0.00426      15.32021       735.23      43.0679
 -1       0.03505      28.53330      1369.34     149.3924
  0       1.00000     ---------     --------
  1      64.15604      64.15604      3078.90     755.2660
  2    5250.89827      72.46308      3477.57     963.5148

 Path Red. Mass (AMU):    2.799085
 Path Length (Ang), s^2 (1e-3 Ang^2):  8.1139   6.3279
--------------------------------------------------------------
 Path Indices:    1   5   6   3
 PDOS Poles:
     Freq. (THz)    Weight
        3.823       0.006086091
        5.207       0.067683392
        8.502       0.007050667
       19.879       0.039360637
       23.028       0.000016314
       29.580       0.003862989
       32.678       0.079720613
       37.961       0.105473527
       40.604       0.000167656
       41.959       0.025191657
       43.985       0.003116501
       90.698       0.620251600
       91.781       0.029033833
       91.909       0.007759331
       94.320       0.005213893
       94.588       0.000011281

 PDOS Einstein freq (single pole), associated temp and eff. force constant: 
 Freq (THz)   Temp (K)   Eff. FC (N/m)
  75.948      3644.79     610.9250

 pDOS n Moments, associated Einstein freqs, temps and eff. force constants:
  n     Mom (THz^n)   Freq (THz)     Temp (K)    Eff. FC (N/m)
 -2       0.00336      17.25443       828.05      31.5327
 -1       0.03072      32.55189      1562.19     112.2310
  0       1.00000     ---------     --------
  1      69.26896      69.26896      3324.28     508.2036
  2    5768.02941      75.94754      3644.79     610.9250

 Path Red. Mass (AMU):    1.615666
 Path Length (Ang), s^2 (1e-3 Ang^2):  7.5644   9.6094
--------------------------------------------------------------
 Path Indices:    1   5   6   4
 PDOS Poles:
     Freq. (THz)    Weight
        3.565       0.042147324
        6.095       0.076555034
        9.125       0.016622433
       19.458       0.072327352
       20.894       0.005853588
       28.917       0.055554571
       32.684       0.094047407
       37.402       0.015447589
       38.111       0.021460416
       41.959       0.043389147
       43.983       0.001848524
       90.698       0.388946936
       91.781       0.153855195
       91.909       0.002800463
       94.320       0.002327216
       94.588       0.006816826

 PDOS Einstein freq (single pole), associated temp and eff. force constant: 
 Freq (THz)   Temp (K)   Eff. FC (N/m)
  70.109      3364.59     869.3738

 pDOS n Moments, associated Einstein freqs, temps and eff. force constants:
  n     Mom (THz^n)   Freq (THz)     Temp (K)    Eff. FC (N/m)
 -2       0.00605      12.85209       616.78      29.2151
 -1       0.04315      23.17751      1112.31      95.0152
  0       1.00000     ---------     --------
  1      60.79526      60.79526      2917.62     653.7307
  2    4915.26668      70.10896      3364.59     869.3738

 Path Red. Mass (AMU):    2.698055
 Path Length (Ang), s^2 (1e-3 Ang^2):  6.8816   8.0818
--------------------------------------------------------------
 Path Indices:    1   5   6   5
 PDOS Poles:
     Freq. (THz)    Weight
        2.975       0.047188647
        6.086       0.081357317
        9.523       0.011287402
       19.370       0.048472922
       22.433       0.000908989
       28.911       0.067184548
       32.688       0.081972160
       37.911       0.038238126
       39.540       0.000520371
       41.962       0.037167381
       43.975       0.003729444
       90.698       0.412970237
       91.781       0.149827240
       91.909       0.002304972
       94.320       0.004305631
       94.588       0.012564646

 PDOS Einstein freq (single pole), associated temp and eff. force constant: 
 Freq (THz)   Temp (K)   Eff. FC (N/m)
  71.587      3435.52     519.8690

 pDOS n Moments, associated Einstein freqs, temps and eff. force constants:
  n     Mom (THz^n)   Freq (THz)     Temp (K)    Eff. FC (N/m)
 -2       0.00806      11.13859       534.55      12.5860
 -1       0.04617      21.65890      1039.43      47.5881
  0       1.00000     ---------     --------
  1      62.53124      62.53124      3000.93     396.6611
  2    5124.69853      71.58700      3435.52     519.8690

 Path Red. Mass (AMU):    1.547451
 Path Length (Ang), s^2 (1e-3 Ang^2):  7.5628  15.0790
--------------------------------------------------------------
 Path Indices:    1   5   6   7
 PDOS Poles:
     Freq. (THz)    Weight
        4.890       0.016831949
        8.158       0.029399856
       11.919       0.003774261
       19.876       0.002658796
       28.912       0.103643564
       32.642       0.075348284
       35.692       0.003546728
       37.692       0.016806112
       41.942       0.025059239
       43.184       0.000981486
       43.843       0.038743960
       90.698       0.180688269
       91.781       0.061282149
       91.909       0.147709558
       94.320       0.078873817
       94.588       0.214651959

 PDOS Einstein freq (single pole), associated temp and eff. force constant: 
 Freq (THz)   Temp (K)   Eff. FC (N/m)
  78.690      3776.41     404.7572

 pDOS n Moments, associated Einstein freqs, temps and eff. force constants:
  n     Mom (THz^n)   Freq (THz)     Temp (K)    Eff. FC (N/m)
 -2       0.00150      25.79605      1237.98      43.4971
 -1       0.02281      43.83838      2103.84     125.6212
  0       1.00000     ---------     --------
  1      72.75960      72.75960      3491.80     346.0466
  2    6192.13826      78.69014      3776.41     404.7572

 Path Red. Mass (AMU):    0.997115
 Path Length (Ang), s^2 (1e-3 Ang^2):  6.4629  11.5618
--------------------------------------------------------------
 Path Indices:    1   5   6   8
 PDOS Poles:
     Freq. (THz)    Weight
        3.062       0.017862189
        7.322       0.043570436
       11.092       0.007123171
       19.101       0.038029723
       29.321       0.005714639
       32.566       0.072513127
       34.054       0.007778635
       37.158       0.037146316
       39.736       0.000870063
       41.968       0.024647298
       43.831       0.038844287
       90.698       0.159286593
       91.781       0.018498749
       91.909       0.141906126
       94.320       0.085860768
       94.588       0.300347854

 PDOS Einstein freq (single pole), associated temp and eff. force constant: 
 Freq (THz)   Temp (K)   Eff. FC (N/m)
  79.967      3837.67     403.2526

 pDOS n Moments, associated Einstein freqs, temps and eff. force constants:
  n     Mom (THz^n)   Freq (THz)     Temp (K)    Eff. FC (N/m)
 -2       0.00310      17.94677       861.28      20.3110
 -1       0.02715      36.83325      1767.66      85.5536
  0       1.00000     ---------     --------
  1      73.81993      73.81993      3542.68     343.6414
  2    6394.68090      79.96675      3837.67     403.2526

 Path Red. Mass (AMU):    0.961943
 Path Length (Ang), s^2 (1e-3 Ang^2):  6.4629  14.2638
--------------------------------------------------------------
 Path Indices:    1   5   6   9
 PDOS Poles:
     Freq. (THz)    Weight
        4.085       0.022021502
        6.647       0.019606660
       12.224       0.001420012
       19.662       0.039341872
       25.412       0.000640179
       29.393       0.053239731
       33.286       0.000702137
       37.886       0.033885651
       40.242       0.001887508
       41.944       0.012586619
       43.985       0.018400573
       90.698       0.118572299
       91.781       0.033132388
       91.909       0.221561316
       94.320       0.420149033
       94.588       0.002852493

 PDOS Einstein freq (single pole), associated temp and eff. force constant: 
 Freq (THz)   Temp (K)   Eff. FC (N/m)
  84.039      4033.13     396.5752

 pDOS n Moments, associated Einstein freqs, temps and eff. force constants:
  n     Mom (THz^n)   Freq (THz)     Temp (K)    Eff. FC (N/m)
 -2       0.00207      21.97292      1054.50      27.1103
 -1       0.02254      44.36962      2129.34     110.5429
  0       1.00000     ---------     --------
  1      79.36964      79.36964      3809.02     353.7269
  2    7062.62665      84.03944      4033.13     396.5752

 Path Red. Mass (AMU):    0.856546
 Path Length (Ang), s^2 (1e-3 Ang^2):  6.4642  13.2981
--------------------------------------------------------------
 Path Indices:    1   5   7   2
 PDOS Poles:
     Freq. (THz)    Weight
        3.030       0.009164207
        7.786       0.040500936
       11.455       0.005118479
       19.542       0.005178115
       28.936       0.167332650
       31.167       0.016841504
       32.822       0.072962364
       37.498       0.019166256
       40.390       0.002345874
       41.960       0.069404605
       43.829       0.072280750
       90.698       0.183149465
       91.781       0.060267298
       91.909       0.103843022
       94.320       0.048228374
       94.588       0.124216101

 PDOS Einstein freq (single pole), associated temp and eff. force constant: 
 Freq (THz)   Temp (K)   Eff. FC (N/m)
  70.455      3381.22     262.8996

 pDOS n Moments, associated Einstein freqs, temps and eff. force constants:
  n     Mom (THz^n)   Freq (THz)     Temp (K)    Eff. FC (N/m)
 -2       0.00216      21.53137      1033.31      24.5530
 -1       0.02699      37.05451      1778.28      72.7183
  0       1.00000     ---------     --------
  1      63.14336      63.14336      3030.31     211.1624
  2    4963.96556      70.45542      3381.22     262.8996

 Path Red. Mass (AMU):    0.807890
 Path Length (Ang), s^2 (1e-3 Ang^2):  9.2573  16.8823
--------------------------------------------------------------
 Path Indices:    1   5   7   3
 PDOS Poles:
     Freq. (THz)    Weight
        5.122       0.031221093
        7.931       0.008559067
       16.699       0.001740177
       19.315       0.062069723
       28.966       0.084789469
       32.506       0.066018489
       35.592       0.013155799
       37.830       0.104562951
       41.789       0.036703127
       42.508       0.009376958
       43.960       0.048676983
       90.698       0.268788981
       91.781       0.000005303
       91.909       0.085109833
       94.320       0.040581685
       94.588       0.138640356

 PDOS Einstein freq (single pole), associated temp and eff. force constant: 
 Freq (THz)   Temp (K)   Eff. FC (N/m)
  70.985      3406.62     215.4330

 pDOS n Moments, associated Einstein freqs, temps and eff. force constants:
  n     Mom (THz^n)   Freq (THz)     Temp (K)    Eff. FC (N/m)
 -2       0.00186      23.18774      1112.80      22.9879
 -1       0.02658      37.62808      1805.80      60.5350
  0       1.00000     ---------     --------
  1      63.69675      63.69675      3056.86     173.4671
  2    5038.82822      70.98470      3406.62     215.4330

 Path Red. Mass (AMU):    0.652190
 Path Length (Ang), s^2 (1e-3 Ang^2):  8.8154  20.5939
--------------------------------------------------------------
 Path Indices:    1   5   7   4
 PDOS Poles:
     Freq. (THz)    Weight
        4.028       0.016447480
        7.003       0.019022914
       10.625       0.002484003
       19.856       0.010116520
       28.932       0.158846416
       32.564       0.058710656
       35.766       0.007583605
       37.661       0.019327913
       41.856       0.039277811
       42.947       0.004504339
       43.911       0.037578695
       90.698       0.157246168
       91.781       0.049775163
       91.909       0.152115947
       94.320       0.072070644
       94.588       0.194891708

 PDOS Einstein freq (single pole), associated temp and eff. force constant: 
 Freq (THz)   Temp (K)   Eff. FC (N/m)
  75.961      3645.42     273.8958

 pDOS n Moments, associated Einstein freqs, temps and eff. force constants:
  n     Mom (THz^n)   Freq (THz)     Temp (K)    Eff. FC (N/m)
 -2       0.00183      23.36815      1121.46      25.9213
 -1       0.02422      41.29471      1981.77      80.9464
  0       1.00000     ---------     --------
  1      69.46444      69.46444      3333.66     229.0518
  2    5770.01180      75.96059      3645.42     273.8958

 Path Red. Mass (AMU):    0.724102
 Path Length (Ang), s^2 (1e-3 Ang^2):  8.4351  16.9017
--------------------------------------------------------------
 Path Indices:    1   5   7   5
 PDOS Poles:
     Freq. (THz)    Weight
        3.808       0.013317852
        6.977       0.016357668
       10.920       0.002158145
       19.688       0.003232982
       28.923       0.126122151
       32.567       0.046136289
       35.465       0.004452010
       37.816       0.020226101
       41.807       0.024231583
       42.736       0.004050295
       43.907       0.022959281
       90.698       0.172137863
       91.781       0.056111466
       91.909       0.177686710
       94.320       0.083855967
       94.588       0.226963614

 PDOS Einstein freq (single pole), associated temp and eff. force constant: 
 Freq (THz)   Temp (K)   Eff. FC (N/m)
  80.323      3854.77     240.8147

 pDOS n Moments, associated Einstein freqs, temps and eff. force constants:
  n     Mom (THz^n)   Freq (THz)     Temp (K)    Eff. FC (N/m)
 -2       0.00160      24.96537      1198.11      23.2638
 -1       0.02157      46.36026      2224.87      80.2225
  0       1.00000     ---------     --------
  1      74.99029      74.99029      3598.85     209.9009
  2    6451.76780      80.32290      3854.77     240.8147

 Path Red. Mass (AMU):    0.569371
 Path Length (Ang), s^2 (1e-3 Ang^2):  9.3706  19.1462
--------------------------------------------------------------
 Path Indices:    1   5   7   6
 PDOS Poles:
     Freq. (THz)    Weight
        3.892       0.012935618
        7.295       0.020382269
       10.548       0.003508648
       19.798       0.005996154
       28.713       0.023872697
       29.045       0.034888589
       32.692       0.028259120
       37.971       0.019057853
       40.957       0.002698700
       43.141       0.000474321
       43.894       0.006325403
       90.698       0.177721969
       91.781       0.059410975
       91.909       0.193191667
       94.320       0.113923466
       94.588       0.297352522

 PDOS Einstein freq (single pole), associated temp and eff. force constant: 
 Freq (THz)   Temp (K)   Eff. FC (N/m)
  86.004      4127.40     357.5229

 pDOS n Moments, associated Einstein freqs, temps and eff. force constants:
  n     Mom (THz^n)   Freq (THz)     Temp (K)    Eff. FC (N/m)
 -2       0.00150      25.84934      1240.53      32.2974
 -1       0.01943      51.45755      2469.49     127.9871
  0       1.00000     ---------     --------
  1      82.30886      82.30886      3950.07     327.4623
  2    7396.66100      86.00384      4127.40     357.5229

 Path Red. Mass (AMU):    0.737326
 Path Length (Ang), s^2 (1e-3 Ang^2):  7.3667  13.3204
--------------------------------------------------------------
 Path Indices:    1   5   7   8
 PDOS Poles:
     Freq. (THz)    Weight
        3.096       0.010685023
        7.427       0.027534648
       11.431       0.005149062
       19.089       0.008207068
       29.310       0.033541601
       32.319       0.045857119
       33.102       0.031445560
       37.103       0.011207822
       41.909       0.015820832
       43.152       0.001246748
       43.976       0.054093659
       90.698       0.141752666
       91.781       0.022203064
       91.909       0.378418245
       94.320       0.204112896
       94.588       0.008723931

 PDOS Einstein freq (single pole), associated temp and eff. force constant: 
 Freq (THz)   Temp (K)   Eff. FC (N/m)
  81.916      3931.22     250.3003

 pDOS n Moments, associated Einstein freqs, temps and eff. force constants:
  n     Mom (THz^n)   Freq (THz)     Temp (K)    Eff. FC (N/m)
 -2       0.00192      22.80857      1094.60      19.4053
 -1       0.02167      46.14729      2214.65      79.4360
  0       1.00000     ---------     --------
  1      77.22240      77.22240      3705.97     222.4392
  2    6710.21862      81.91592      3931.22     250.3002

 Path Red. Mass (AMU):    0.569005
 Path Length (Ang), s^2 (1e-3 Ang^2):  8.0536  19.2470
--------------------------------------------------------------
 Path Indices:    1   5   7   9
 PDOS Poles:
     Freq. (THz)    Weight
        3.821       0.010808271
        6.252       0.014726798
       10.201       0.001404128
       19.866       0.017219411
       28.935       0.064786815
       30.060       0.006256336
       36.833       0.003023076
       38.015       0.033295499
       41.111       0.006116508
       43.123       0.001430160
       43.852       0.036844727
       90.698       0.118965123
       91.781       0.032717874
       91.909       0.466877608
       94.320       0.031092831
       94.588       0.154434765

 PDOS Einstein freq (single pole), associated temp and eff. force constant: 
 Freq (THz)   Temp (K)   Eff. FC (N/m)
  84.024      4032.39     250.4644

 pDOS n Moments, associated Einstein freqs, temps and eff. force constants:
  n     Mom (THz^n)   Freq (THz)     Temp (K)    Eff. FC (N/m)
 -2       0.00140      26.70849      1281.76      25.3068
 -1       0.01933      51.74249      2483.17      94.9801
  0       1.00000     ---------     --------
  1      80.10189      80.10189      3844.16     227.6268
  2    7060.05367      84.02413      4032.39     250.4644

 Path Red. Mass (AMU):    0.541164
 Path Length (Ang), s^2 (1e-3 Ang^2):  8.0462  18.0488
--------------------------------------------------------------
 Path Indices:    1   5   8   2
 PDOS Poles:
     Freq. (THz)    Weight
        3.528       0.006669899
        8.047       0.043635179
       11.793       0.005402012
       19.096       0.136652300
       29.129       0.046069113
       32.633       0.118307997
       36.858       0.105270568
       38.266       0.020720066
       41.846       0.129557373
       42.712       0.014996788
       43.872       0.094483327
       90.698       0.085197649
       91.781       0.014853807
       91.909       0.055361119
       94.320       0.029156126
       94.588       0.093666664

 PDOS Einstein freq (single pole), associated temp and eff. force constant: 
 Freq (THz)   Temp (K)   Eff. FC (N/m)
  56.736      2722.83     194.9320

 pDOS n Moments, associated Einstein freqs, temps and eff. force constants:
  n     Mom (THz^n)   Freq (THz)     Temp (K)    Eff. FC (N/m)
 -2       0.00204      22.11908      1061.51      29.6273
 -1       0.03214      31.11850      1493.40      58.6402
  0       1.00000     ---------     --------
  1      48.91915      48.91915      2347.67     144.9159
  2    3219.02868      56.73648      2722.83     194.9319

 Path Red. Mass (AMU):    0.923739
 Path Length (Ang), s^2 (1e-3 Ang^2):  8.6863  17.5815
--------------------------------------------------------------
 Path Indices:    1   5   8   3
 PDOS Poles:
     Freq. (THz)    Weight
        5.071       0.030323378
        7.872       0.008034488
       15.210       0.000559489
       19.161       0.058430312
       29.006       0.084235111
       32.547       0.074223156
       36.008       0.017100953
       37.837       0.098556997
       41.821       0.040334101
       42.699       0.006626480
       43.951       0.046339995
       90.698       0.212525738
       91.781       0.071548113
       91.909       0.074795968
       94.320       0.045059709
       94.588       0.131306017

 PDOS Einstein freq (single pole), associated temp and eff. force constant: 
 Freq (THz)   Temp (K)   Eff. FC (N/m)
  71.177      3415.86     217.5141

 pDOS n Moments, associated Einstein freqs, temps and eff. force constants:
  n     Mom (THz^n)   Freq (THz)     Temp (K)    Eff. FC (N/m)
 -2       0.00184      23.33636      1119.93      23.3814
 -1       0.02633      37.98336      1822.85      61.9429
  0       1.00000     ---------     --------
  1      63.94238      63.94238      3068.65     175.5426
  2    5066.19959      71.17724      3415.86     217.5141

 Path Red. Mass (AMU):    0.654932
 Path Length (Ang), s^2 (1e-3 Ang^2):  8.8251  20.3159
--------------------------------------------------------------
 Path Indices:    1   5   8   4
 PDOS Poles:
     Freq. (THz)    Weight
        4.002       0.020477298
        7.167       0.023530996
       11.492       0.002026469
       19.115       0.114845628
       29.013       0.039499424
       32.615       0.086553728
       36.789       0.102300115
       37.913       0.027763259
       41.819       0.080386269
       42.800       0.010990379
       43.950       0.086670191
       90.698       0.072368689
       91.781       0.011954821
       91.909       0.101349649
       94.320       0.054003065
       94.588       0.165280005

 PDOS Einstein freq (single pole), associated temp and eff. force constant: 
 Freq (THz)   Temp (K)   Eff. FC (N/m)
  64.706      3105.31     225.3745

 pDOS n Moments, associated Einstein freqs, temps and eff. force constants:
  n     Mom (THz^n)   Freq (THz)     Temp (K)    Eff. FC (N/m)
 -2       0.00243      20.27281       972.91      22.1228
 -1       0.03061      32.66391      1567.57      57.4313
  0       1.00000     ---------     --------
  1      56.59843      56.59843      2716.21     172.4333
  2    4186.89894      64.70625      3105.31     225.3745

 Path Red. Mass (AMU):    0.821114
 Path Length (Ang), s^2 (1e-3 Ang^2):  7.8895  18.8431
--------------------------------------------------------------
 Path Indices:    1   5   8   5
 PDOS Poles:
     Freq. (THz)    Weight
        2.376       0.028547168
        6.449       0.036965036
       10.552       0.004182030
       19.096       0.144246573
       28.940       0.040664505
       32.654       0.072824670
       36.916       0.126112998
       38.278       0.023095200
       41.868       0.090841690
       42.883       0.007628851
       43.971       0.134411618
       90.698       0.073805594
       91.781       0.010907646
       91.909       0.064401656
       94.320       0.032623923
       94.588       0.108740838

 PDOS Einstein freq (single pole), associated temp and eff. force constant: 
 Freq (THz)   Temp (K)   Eff. FC (N/m)
  57.545      2761.66     144.5408

 pDOS n Moments, associated Einstein freqs, temps and eff. force constants:
  n     Mom (THz^n)   Freq (THz)     Temp (K)    Eff. FC (N/m)
 -2       0.00676      12.15862       583.50       6.4526
 -1       0.04189      23.87392      1145.73      24.8780
  0       1.00000     ---------     --------
  1      49.21691      49.21691      2361.96     105.7296
  2    3311.48413      57.54550      2761.66     144.5408

 Path Red. Mass (AMU):    0.665823
 Path Length (Ang), s^2 (1e-3 Ang^2):  8.2764  31.7940
--------------------------------------------------------------
 Path Indices:    1   5   8   6
 PDOS Poles:
     Freq. (THz)    Weight
        3.901       0.018172255
        7.350       0.029107871
       10.922       0.003774385
       19.110       0.093219771
       28.309       0.000703418
       32.652       0.048854159
       36.814       0.045941072
       37.972       0.041214910
       41.227       0.014547844
       42.464       0.005378444
       43.969       0.039394865
       90.698       0.091349080
       91.781       0.006511953
       91.909       0.152971114
       94.320       0.108335365
       94.588       0.300523461

 PDOS Einstein freq (single pole), associated temp and eff. force constant: 
 Freq (THz)   Temp (K)   Eff. FC (N/m)
  77.925      3739.69     380.3084

 pDOS n Moments, associated Einstein freqs, temps and eff. force constants:
  n     Mom (THz^n)   Freq (THz)     Temp (K)    Eff. FC (N/m)
 -2       0.00224      21.14520      1014.78      28.0031
 -1       0.02614      38.25567      1835.92      91.6588
  0       1.00000     ---------     --------
  1      71.12566      71.12566      3413.38     316.8366
  2    6072.30027      77.92497      3739.69     380.3084

 Path Red. Mass (AMU):    0.955375
 Path Length (Ang), s^2 (1e-3 Ang^2):  6.8197  13.8279
--------------------------------------------------------------
 Path Indices:    1   5   8   7
 PDOS Poles:
     Freq. (THz)    Weight
        5.130       0.018936181
        7.887       0.031201285
       11.951       0.004743947
       19.097       0.030994549
       29.209       0.037539735
       32.632       0.109999740
       36.136       0.005186014
       38.353       0.008973850
       41.472       0.033223971
       42.263       0.023023423
       43.926       0.025476256
       90.698       0.084329542
       91.781       0.008302199
       91.909       0.370485555
       94.320       0.205767517
       94.588       0.001816175

 PDOS Einstein freq (single pole), associated temp and eff. force constant: 
 Freq (THz)   Temp (K)   Eff. FC (N/m)
  77.917      3739.30     297.0181

 pDOS n Moments, associated Einstein freqs, temps and eff. force constants:
  n     Mom (THz^n)   Freq (THz)     Temp (K)    Eff. FC (N/m)
 -2       0.00162      24.84139      1192.16      30.1906
 -1       0.02388      41.87850      2009.79      85.8030
  0       1.00000     ---------     --------
  1      71.72076      71.72076      3441.94     251.6575
  2    6071.03448      77.91684      3739.30     297.0180

 Path Red. Mass (AMU):    0.746296
 Path Length (Ang), s^2 (1e-3 Ang^2):  7.5065  16.1705
--------------------------------------------------------------
 Path Indices:    1   5   8   9
 PDOS Poles:
     Freq. (THz)    Weight
        4.190       0.018360348
        7.010       0.014355423
       14.715       0.000830308
       19.216       0.076439860
       28.928       0.013985404
       30.100       0.015389324
       36.571       0.036845059
       37.782       0.069602984
       41.666       0.012394450
       43.274       0.005556314
       43.934       0.069605637
       90.698       0.052275338
       91.781       0.002392423
       91.909       0.415876492
       94.320       0.055391712
       94.588       0.140698860

 PDOS Einstein freq (single pole), associated temp and eff. force constant: 
 Freq (THz)   Temp (K)   Eff. FC (N/m)
  78.005      3743.54     248.0928

 pDOS n Moments, associated Einstein freqs, temps and eff. force constants:
  n     Mom (THz^n)   Freq (THz)     Temp (K)    Eff. FC (N/m)
 -2       0.00178      23.68228      1136.53      22.8672
 -1       0.02352      42.51469      2040.32      73.6962
  0       1.00000     ---------     --------
  1      72.03537      72.03537      3457.04     211.5722
  2    6084.81181      78.00520      3743.54     248.0927

 Path Red. Mass (AMU):    0.621954
 Path Length (Ang), s^2 (1e-3 Ang^2):  7.4989  19.1129
--------------------------------------------------------------
 Path Indices:    1   5   9   2
 PDOS Poles:
     Freq. (THz)    Weight
        3.748       0.011437476
        7.146       0.031599612
       12.016       0.007382239
       19.860       0.068301117
       29.560       0.143988410
       32.539       0.017940966
       36.939       0.010030224
       38.409       0.020789521
       41.615       0.064400516
       42.339       0.030549336
       43.948       0.052247990
       90.698       0.077006645
       91.781       0.019349052
       91.909       0.171960075
       94.320       0.271962841
       94.588       0.001053952

 PDOS Einstein freq (single pole), associated temp and eff. force constant: 
 Freq (THz)   Temp (K)   Eff. FC (N/m)
  71.862      3448.70     325.6576

 pDOS n Moments, associated Einstein freqs, temps and eff. force constants:
  n     Mom (THz^n)   Freq (THz)     Temp (K)    Eff. FC (N/m)
 -2       0.00200      22.33583      1071.92      31.4610
 -1       0.02705      36.97474      1774.45      86.2141
  0       1.00000     ---------     --------
  1      64.30872      64.30872      3086.23     260.8001
  2    5164.08128      71.86154      3448.70     325.6575

 Path Red. Mass (AMU):    0.961965
 Path Length (Ang), s^2 (1e-3 Ang^2):  9.3739  14.2089
--------------------------------------------------------------
 Path Indices:    1   5   9   3
 PDOS Poles:
     Freq. (THz)    Weight
        4.329       0.009401710
        5.283       0.035885474
       12.215       0.007580780
       19.878       0.081311987
       28.056       0.000336958
       29.572       0.180946621
       32.691       0.019559713
       37.964       0.036791332
       40.774       0.033003908
       41.961       0.134805608
       43.985       0.063924116
       90.698       0.186390170
       91.781       0.013945876
       91.909       0.062379064
       94.320       0.133733424
       94.588       0.000003235

 PDOS Einstein freq (single pole), associated temp and eff. force constant: 
 Freq (THz)   Temp (K)   Eff. FC (N/m)
  63.641      3054.20     231.9600

 pDOS n Moments, associated Einstein freqs, temps and eff. force constants:
  n     Mom (THz^n)   Freq (THz)     Temp (K)    Eff. FC (N/m)
 -2       0.00247      20.11597       965.38      23.1750
 -1       0.03115      32.10005      1540.51      59.0131
  0       1.00000     ---------     --------
  1      55.68211      55.68211      2672.23     177.5694
  2    4050.19762      63.64116      3054.20     231.9600

 Path Red. Mass (AMU):    0.873631
 Path Length (Ang), s^2 (1e-3 Ang^2):  8.1959  18.0215
--------------------------------------------------------------
 Path Indices:    1   5   9   4
 PDOS Poles:
     Freq. (THz)    Weight
        3.998       0.020098023
        6.333       0.037875056
       12.091       0.004470948
       19.858       0.057894524
       29.564       0.191540405
       32.607       0.026772219
       37.277       0.015859644
       38.630       0.018533142
       41.674       0.091691154
       42.297       0.043552381
       43.959       0.068256500
       90.698       0.075721000
       91.781       0.019029125
       91.909       0.126012743
       94.320       0.201743279
       94.588       0.000949837

 PDOS Einstein freq (single pole), associated temp and eff. force constant: 
 Freq (THz)   Temp (K)   Eff. FC (N/m)
  65.505      3143.63     257.4898

 pDOS n Moments, associated Einstein freqs, temps and eff. force constants:
  n     Mom (THz^n)   Freq (THz)     Temp (K)    Eff. FC (N/m)
 -2       0.00281      18.86772       905.48      21.3626
 -1       0.03184      31.40418      1507.11      59.1821
  0       1.00000     ---------     --------
  1      57.34474      57.34474      2752.02     197.3343
  2    4290.86185      65.50467      3143.63     257.4898

 Path Red. Mass (AMU):    0.915391
 Path Length (Ang), s^2 (1e-3 Ang^2):  7.8035  17.5805
--------------------------------------------------------------
 Path Indices:    1   5   9   5
 PDOS Poles:
     Freq. (THz)    Weight
        3.825       0.019435937
        6.198       0.075982614
       12.315       0.005942338
       19.847       0.065671343
       29.547       0.202504596
       32.531       0.027463378
       37.048       0.019227096
       38.681       0.020291228
       41.806       0.140024898
       42.816       0.018461546
       43.928       0.111173411
       90.698       0.072460571
       91.781       0.019917774
       91.909       0.076458575
       94.320       0.123957695
       94.588       0.001026975

 PDOS Einstein freq (single pole), associated temp and eff. force constant: 
 Freq (THz)   Temp (K)   Eff. FC (N/m)
  57.510      2759.93     169.7567

 pDOS n Moments, associated Einstein freqs, temps and eff. force constants:
  n     Mom (THz^n)   Freq (THz)     Temp (K)    Eff. FC (N/m)
 -2       0.00398      15.85167       760.74      12.8973
 -1       0.03936      25.40806      1219.35      33.1353
  0       1.00000     ---------     --------
  1      49.04001      49.04001      2353.47     123.4379
  2    3307.34432      57.50952      2759.93     169.7567

 Path Red. Mass (AMU):    0.782958
 Path Length (Ang), s^2 (1e-3 Ang^2):  8.1842  25.4047
--------------------------------------------------------------
 Path Indices:    1   5   9   6
 PDOS Poles:
     Freq. (THz)    Weight
        4.056       0.021713616
        6.752       0.042381084
       10.288       0.003395735
       19.848       0.035039850
       29.534       0.085295370
       30.181       0.006208537
       37.176       0.009222792
       38.787       0.008393748
       41.479       0.025426470
       42.721       0.006660875
       43.931       0.038274554
       90.698       0.086181949
       91.781       0.022172641
       91.909       0.213316993
       94.320       0.395089714
       94.588       0.001226036

 PDOS Einstein freq (single pole), associated temp and eff. force constant: 
 Freq (THz)   Temp (K)   Eff. FC (N/m)
  80.468      3861.73     469.2555

 pDOS n Moments, associated Einstein freqs, temps and eff. force constants:
  n     Mom (THz^n)   Freq (THz)     Temp (K)    Eff. FC (N/m)
 -2       0.00261      19.58042       939.68      27.7848
 -1       0.02664      37.54027      1801.59     102.1310
  0       1.00000     ---------     --------
  1      74.33838      74.33838      3567.56     400.4873
  2    6475.10447      80.46803      3861.73     469.2555

 Path Red. Mass (AMU):    1.105487
 Path Length (Ang), s^2 (1e-3 Ang^2):  6.7749  12.1779
--------------------------------------------------------------
 Path Indices:    1   5   9   7
 PDOS Poles:
     Freq. (THz)    Weight
        5.012       0.017437641
        8.238       0.019526519
       14.617       0.000332145
       19.711       0.020716462
       28.986       0.060300280
       30.146       0.018017480
       34.415       0.003455800
       37.266       0.028161024
       40.605       0.009118911
       41.951       0.041517147
       43.984       0.006302514
       90.698       0.086098615
       91.781       0.021388412
       91.909       0.478442726
       94.320       0.055272200
       94.588       0.133912046

 PDOS Einstein freq (single pole), associated temp and eff. force constant: 
 Freq (THz)   Temp (K)   Eff. FC (N/m)
  82.706      3969.11     399.8232

 pDOS n Moments, associated Einstein freqs, temps and eff. force constants:
  n     Mom (THz^n)   Freq (THz)     Temp (K)    Eff. FC (N/m)
 -2       0.00127      28.00656      1344.06      45.8477
 -1       0.02020      49.49288      2375.21     143.1805
  0       1.00000     ---------     --------
  1      78.13507      78.13507      3749.77     356.8538
  2    6840.21338      82.70558      3969.11     399.8231

 Path Red. Mass (AMU):    0.891640
 Path Length (Ang), s^2 (1e-3 Ang^2):  7.4530  11.4523
--------------------------------------------------------------
 Path Indices:    1   5   9   8
 PDOS Poles:
     Freq. (THz)    Weight
        3.482       0.017796879
        6.953       0.055227047
       11.300       0.001949531
       19.380       0.022697083
       29.004       0.057512817
       30.787       0.010766541
       35.992       0.013764534
       37.220       0.047219535
       41.465       0.023677603
       42.297       0.017372165
       43.857       0.053029748
       90.698       0.066767744
       91.781       0.003057882
       91.909       0.412120453
       94.320       0.042027854
       94.588       0.155012511

 PDOS Einstein freq (single pole), associated temp and eff. force constant: 
 Freq (THz)   Temp (K)   Eff. FC (N/m)
  78.386      3761.81     309.5211

 pDOS n Moments, associated Einstein freqs, temps and eff. force constants:
  n     Mom (THz^n)   Freq (THz)     Temp (K)    Eff. FC (N/m)
 -2       0.00294      18.44135       885.02      17.1316
 -1       0.02791      35.82973      1719.50      64.6696
  0       1.00000     ---------     --------
  1      72.04314      72.04314      3457.41     261.4559
  2    6144.36674      78.38601      3761.81     309.5210

 Path Red. Mass (AMU):    0.768430
 Path Length (Ang), s^2 (1e-3 Ang^2):  7.4528  18.3560
--------------------------------------------------------------
 Path Indices:    1   6   1   2
 PDOS Poles:
     Freq. (THz)    Weight
        4.777       0.036310543
        8.291       0.480759211
        9.264       0.043574050
       12.241       0.064115763
       19.883       0.009396722
       29.569       0.111789893
       32.677       0.095704288
       37.957       0.003591136
       40.748       0.000647662
       41.959       0.131938058
       43.984       0.000138591
       90.698       0.000017351
       91.781       0.000172311
       91.909       0.019027036
       94.320       0.002804120
       94.588       0.000013135

 PDOS Einstein freq (single pole), associated temp and eff. force constant: 
 Freq (THz)   Temp (K)   Eff. FC (N/m)
  26.021      1248.75     309.3181

 pDOS n Moments, associated Einstein freqs, temps and eff. force constants:
  n     Mom (THz^n)   Freq (THz)     Temp (K)    Eff. FC (N/m)
 -2       0.00984      10.07969       483.73      46.4160
 -1       0.08621      11.59992       556.69      61.4729
  0       1.00000     ---------     --------
  1      19.70441      19.70441       945.63     177.3783
  2     677.06674      26.02051      1248.75     309.3180

 Path Red. Mass (AMU):    6.968912
 Path Length (Ang), s^2 (1e-3 Ang^2): 11.4779   6.2518
--------------------------------------------------------------
 Path Indices:    1   6   1   3
 PDOS Poles:
     Freq. (THz)    Weight
        3.554       0.049012360
        7.298       0.066253737
       11.493       0.015169882
       19.854       0.020778307
       28.943       0.240203510
       30.611       0.017171602
       36.581       0.118447109
       37.795       0.351489079
       40.662       0.068262114
       41.912       0.027469938
       43.957       0.004408279
       90.698       0.005163623
       91.781       0.012398241
       91.909       0.003499339
       94.320       0.000178723
       94.588       0.000094149

 PDOS Einstein freq (single pole), associated temp and eff. force constant: 
 Freq (THz)   Temp (K)   Eff. FC (N/m)
  35.225      1690.47      73.6401

 pDOS n Moments, associated Einstein freqs, temps and eff. force constants:
  n     Mom (THz^n)   Freq (THz)     Temp (K)    Eff. FC (N/m)
 -2       0.00599      12.91701       619.90       9.9025
 -1       0.04930      20.28343       973.42      24.4175
  0       1.00000     ---------     --------
  1      32.41426      32.41426      1555.59      62.3579
  2    1240.78211      35.22474      1690.47      73.6401

 Path Red. Mass (AMU):    0.905337
 Path Length (Ang), s^2 (1e-3 Ang^2): 12.3396  27.5216
--------------------------------------------------------------
 Path Indices:    1   6   1   4
 PDOS Poles:
     Freq. (THz)    Weight
        5.024       0.225717432
        8.326       0.414309868
       12.031       0.051759243
       15.817       0.001063796
       19.876       0.128624823
       29.569       0.003072765
       32.680       0.009954461
       37.960       0.047621580
       40.762       0.027795263
       41.959       0.070373427
       43.985       0.001596065
       90.698       0.002485473
       91.781       0.000056982
       91.909       0.013580925
       94.320       0.001971632
       94.588       0.000016262

 PDOS Einstein freq (single pole), associated temp and eff. force constant: 
 Freq (THz)   Temp (K)   Eff. FC (N/m)
  22.393      1074.64     166.8781

 pDOS n Moments, associated Einstein freqs, temps and eff. force constants:
  n     Mom (THz^n)   Freq (THz)     Temp (K)    Eff. FC (N/m)
 -2       0.01571       7.97736       382.84      21.1790
 -1       0.10979       9.10833       437.12      27.6099
  0       1.00000     ---------     --------
  1      15.82575      15.82575       759.49      83.3519
  2     501.43203      22.39268      1074.64     166.8780

 Path Red. Mass (AMU):    5.076663
 Path Length (Ang), s^2 (1e-3 Ang^2): 12.3773  10.9297
--------------------------------------------------------------
 Path Indices:    1   6   1   5
 PDOS Poles:
     Freq. (THz)    Weight
        3.597       0.045520558
        7.241       0.070682218
       11.322       0.014677806
       19.865       0.022770100
       28.929       0.234853133
       30.612       0.013815783
       36.650       0.156807711
       37.757       0.302040312
       40.669       0.074321225
       41.901       0.026732671
       43.968       0.004295416
       90.698       0.023018169
       91.781       0.008462702
       91.909       0.001762527
       94.320       0.000164622
       94.588       0.000075037

 PDOS Einstein freq (single pole), associated temp and eff. force constant: 
 Freq (THz)   Temp (K)   Eff. FC (N/m)
  36.355      1744.71      78.4448

 pDOS n Moments, associated Einstein freqs, temps and eff. force constants:
  n     Mom (THz^n)   Freq (THz)     Temp (K)    Eff. FC (N/m)
 -2       0.00573      13.21123       634.02      10.3591
 -1       0.04864      20.55961       986.67      25.0880
  0       1.00000     ---------     --------
  1      33.04264      33.04264      1585.75      64.8016
  2    1321.68536      36.35499      1744.71      78.4448

 Path Red. Mass (AMU):    0.905373
 Path Length (Ang), s^2 (1e-3 Ang^2): 12.3838  27.1508
--------------------------------------------------------------
 Path Indices:    1   6   1   6
 PDOS Poles:
     Freq. (THz)    Weight
        4.977       0.101109721
        8.329       0.394019216
       11.403       0.021839582
       12.785       0.011379581
       19.877       0.024903095
       29.570       0.154744736
       32.677       0.100242002
       37.951       0.002825799
       40.745       0.000838592
       41.959       0.160712629
       43.985       0.000195121
       90.698       0.000020196
       91.781       0.000211093
       91.909       0.023435277
       94.320       0.003507271
       94.588       0.000016067

 PDOS Einstein freq (single pole), associated temp and eff. force constant: 
 Freq (THz)   Temp (K)   Eff. FC (N/m)
  28.404      1363.12     268.3189

 pDOS n Moments, associated Einstein freqs, temps and eff. force constants:
  n     Mom (THz^n)   Freq (THz)     Temp (K)    Eff. FC (N/m)
 -2       0.01043       9.79209       469.93      31.8900
 -1       0.08420      11.87614       569.95      46.9087
  0       1.00000     ---------     --------
  1      21.92696      21.92696      1052.29     159.9043
  2     806.76664      28.40364      1363.12     268.3188

 Path Red. Mass (AMU):    5.073346
 Path Length (Ang), s^2 (1e-3 Ang^2): 13.8026   8.3879
--------------------------------------------------------------
 Path Indices:    1   6   1   7
 PDOS Poles:
     Freq. (THz)    Weight
        3.521       0.020055405
        8.048       0.159568008
       11.992       0.044369753
       19.087       0.037193222
       28.871       0.113202478
       30.379       0.004464640
       32.694       0.171701354
       36.914       0.076733815
       41.952       0.088983954
       43.715       0.027892210
       43.871       0.119185407
       90.698       0.000257334
       91.781       0.000096044
       91.909       0.028332406
       94.320       0.033777803
       94.588       0.074186150

 PDOS Einstein freq (single pole), associated temp and eff. force constant: 
 Freq (THz)   Temp (K)   Eff. FC (N/m)
  45.419      2179.69     122.3144

 pDOS n Moments, associated Einstein freqs, temps and eff. force constants:
  n     Mom (THz^n)   Freq (THz)     Temp (K)    Eff. FC (N/m)
 -2       0.00499      14.15297       679.21      11.8768
 -1       0.04950      20.20183       969.50      24.1984
  0       1.00000     ---------     --------
  1      37.46717      37.46717      1798.08      83.2351
  2    2062.87269      45.41886      2179.69     122.3144

 Path Red. Mass (AMU):    0.904474
 Path Length (Ang), s^2 (1e-3 Ang^2): 14.1543  27.6591
--------------------------------------------------------------
 Path Indices:    1   6   1   8
 PDOS Poles:
     Freq. (THz)    Weight
        4.159       0.016570387
        8.132       0.164320664
       12.065       0.044155803
       19.123       0.038382666
       28.880       0.100636391
       32.580       0.159305029
       33.208       0.030029108
       36.952       0.069411895
       41.951       0.089970909
       43.331       0.002503312
       43.839       0.136567174
       90.698       0.000046192
       91.781       0.002231539
       91.909       0.030687171
       94.320       0.039425455
       94.588       0.075756275

 PDOS Einstein freq (single pole), associated temp and eff. force constant: 
 Freq (THz)   Temp (K)   Eff. FC (N/m)
  46.314      2222.63     127.1807

 pDOS n Moments, associated Einstein freqs, temps and eff. force constants:
  n     Mom (THz^n)   Freq (THz)     Temp (K)    Eff. FC (N/m)
 -2       0.00434      15.17919       728.46      13.6615
 -1       0.04791      20.87243      1001.69      25.8314
  0       1.00000     ---------     --------
  1      38.11389      38.11389      1829.12      86.1329
  2    2144.95750      46.31369      2222.63     127.1807

 Path Red. Mass (AMU):    0.904469
 Path Length (Ang), s^2 (1e-3 Ang^2): 14.1761  26.7706
--------------------------------------------------------------
 Path Indices:    1   6   1   9
 PDOS Poles:
     Freq. (THz)    Weight
        5.011       0.047258428
        8.282       0.049052306
       11.438       0.001610904
       19.872       0.071792709
       22.171       0.000121265
       29.569       0.331746980
       32.682       0.006947852
       37.960       0.026199997
       40.767       0.009562349
       41.960       0.048333151
       43.985       0.053457560
       90.698       0.000248773
       91.781       0.000624451
       91.909       0.121989331
       94.320       0.231036497
       94.588       0.000017425

 PDOS Einstein freq (single pole), associated temp and eff. force constant: 
 Freq (THz)   Temp (K)   Eff. FC (N/m)
  60.548      2905.77     217.3500

 pDOS n Moments, associated Einstein freqs, temps and eff. force constants:
  n     Mom (THz^n)   Freq (THz)     Temp (K)    Eff. FC (N/m)
 -2       0.00330      17.41490       835.76      17.9802
 -1       0.03762      26.57879      1275.54      41.8817
  0       1.00000     ---------     --------
  1      50.97596      50.97596      2446.38     154.0580
  2    3666.11727      60.54847      2905.77     217.3500

 Path Red. Mass (AMU):    0.904367
 Path Length (Ang), s^2 (1e-3 Ang^2): 14.4904  21.0254
--------------------------------------------------------------
 Path Indices:    1   6   2   3
 PDOS Poles:
     Freq. (THz)    Weight
        4.210       0.017651254
        8.206       0.048212005
       12.364       0.017054493
       19.774       0.086571515
       28.909       0.202016549
       31.063       0.016689351
       35.784       0.033730386
       37.721       0.363855160
       39.727       0.017816754
       41.901       0.024383808
       43.965       0.002031842
       90.698       0.044120503
       91.781       0.117466410
       91.909       0.007043299
       94.320       0.000372139
       94.588       0.000984539

 PDOS Einstein freq (single pole), associated temp and eff. force constant: 
 Freq (THz)   Temp (K)   Eff. FC (N/m)
  47.799      2293.94     156.1587

 pDOS n Moments, associated Einstein freqs, temps and eff. force constants:
  n     Mom (THz^n)   Freq (THz)     Temp (K)    Eff. FC (N/m)
 -2       0.00263      19.49093       935.39      25.9649
 -1       0.03687      27.12025      1301.52      50.2699
  0       1.00000     ---------     --------
  1      41.06051      41.06051      1970.53     115.2310
  2    2284.78473      47.79942      2293.94     156.1587

 Path Red. Mass (AMU):    1.042586
 Path Length (Ang), s^2 (1e-3 Ang^2):  9.6822  17.8739
--------------------------------------------------------------
 Path Indices:    1   6   2   4
 PDOS Poles:
     Freq. (THz)    Weight
        5.018       0.049632308
        8.367       0.296379257
       12.193       0.096641137
       19.048       0.005524788
       19.884       0.425532456
       29.569       0.003249934
       32.722       0.000764402
       37.961       0.031917400
       40.767       0.010074086
       41.960       0.059067816
       43.984       0.004494564
       90.698       0.000010982
       91.781       0.000067077
       91.909       0.010331727
       94.320       0.006311556
       94.588       0.000000528

 PDOS Einstein freq (single pole), associated temp and eff. force constant: 
 Freq (THz)   Temp (K)   Eff. FC (N/m)
  23.017      1104.62     177.2054

 pDOS n Moments, associated Einstein freqs, temps and eff. force constants:
  n     Mom (THz^n)   Freq (THz)     Temp (K)    Eff. FC (N/m)
 -2       0.00802      11.16900       536.01      41.7253
 -1       0.07784      12.84686       616.53      55.2033
  0       1.00000     ---------     --------
  1      18.44553      18.44553       885.22     113.8029
  2     529.79227      23.01722      1104.62     177.2054

 Path Red. Mass (AMU):    5.102259
 Path Length (Ang), s^2 (1e-3 Ang^2):  9.1281   7.7102
--------------------------------------------------------------
 Path Indices:    1   6   2   5
 PDOS Poles:
     Freq. (THz)    Weight
        4.417       0.017973963
        8.311       0.049020136
       12.638       0.014042170
       19.651       0.089030780
       28.860       0.191416757
       30.439       0.021426464
       35.716       0.036102729
       37.621       0.349205903
       39.601       0.021279660
       41.888       0.023956777
       43.970       0.002069933
       90.698       0.132379437
       91.781       0.049647474
       91.909       0.001205269
       94.320       0.000444990
       94.588       0.000797563

 PDOS Einstein freq (single pole), associated temp and eff. force constant: 
 Freq (THz)   Temp (K)   Eff. FC (N/m)
  48.660      2335.24     161.0886

 pDOS n Moments, associated Einstein freqs, temps and eff. force constants:
  n     Mom (THz^n)   Freq (THz)     Temp (K)    Eff. FC (N/m)
 -2       0.00253      19.88857       954.47      26.9108
 -1       0.03642      27.45564      1317.62      51.2842
  0       1.00000     ---------     --------
  1      41.74566      41.74566      2003.41     118.5613
  2    2367.79855      48.66003      2335.24     161.0886

 Path Red. Mass (AMU):    1.037795
 Path Length (Ang), s^2 (1e-3 Ang^2):  9.6690  17.7371
--------------------------------------------------------------
 Path Indices:    1   6   2   6
 PDOS Poles:
     Freq. (THz)    Weight
        3.950       0.003515002
        8.369       0.316606514
       12.198       0.210459913
       17.930       0.000672805
       19.880       0.146941946
       29.570       0.128025992
       32.677       0.041744526
       37.960       0.007485568
       40.778       0.000477444
       41.959       0.116837986
       43.977       0.000186728
       90.698       0.000000091
       91.781       0.000123200
       91.909       0.017285594
       94.320       0.009636146
       94.588       0.000000497

 PDOS Einstein freq (single pole), associated temp and eff. force constant: 
 Freq (THz)   Temp (K)   Eff. FC (N/m)
  26.810      1286.64     227.2904

 pDOS n Moments, associated Einstein freqs, temps and eff. force constants:
  n     Mom (THz^n)   Freq (THz)     Temp (K)    Eff. FC (N/m)
 -2       0.00679      12.13148       582.20      46.5385
 -1       0.07230      13.83120       663.77      60.4929
  0       1.00000     ---------     --------
  1      21.03699      21.03699      1009.58     139.9432
  2     718.78072      26.81009      1286.64     227.2904

 Path Red. Mass (AMU):    4.823651
 Path Length (Ang), s^2 (1e-3 Ang^2): 10.0837   7.5751
--------------------------------------------------------------
 Path Indices:    1   6   2   7
 PDOS Poles:
     Freq. (THz)    Weight
        5.519       0.027880168
        8.141       0.162577188
       12.176       0.097601230
       19.249       0.031168589
       26.820       0.000872619
       28.919       0.092819435
       32.687       0.150774137
       36.918       0.061338029
       41.953       0.084797304
       42.899       0.000909499
       43.831       0.157168379
       90.698       0.000287048
       91.781       0.000069845
       91.909       0.026587076
       94.320       0.037581174
       94.588       0.067568251

 PDOS Einstein freq (single pole), associated temp and eff. force constant: 
 Freq (THz)   Temp (K)   Eff. FC (N/m)
  44.495      2135.38     118.4190

 pDOS n Moments, associated Einstein freqs, temps and eff. force constants:
  n     Mom (THz^n)   Freq (THz)     Temp (K)    Eff. FC (N/m)
 -2       0.00455      14.81719       711.09      13.1317
 -1       0.05121      19.52815       937.17      22.8093
  0       1.00000     ---------     --------
  1      36.06340      36.06340      1730.71      77.7898
  2    1979.84875      44.49549      2135.38     118.4190

 Path Red. Mass (AMU):    0.912390
 Path Length (Ang), s^2 (1e-3 Ang^2): 10.3233  28.3650
--------------------------------------------------------------
 Path Indices:    1   6   2   8
 PDOS Poles:
     Freq. (THz)    Weight
        5.647       0.024775086
        8.181       0.164531343
       12.163       0.101731681
       19.103       0.032432752
       24.626       0.000114294
       28.901       0.082375765
       32.680       0.163553309
       36.925       0.055414778
       38.787       0.000746098
       41.959       0.090129903
       43.828       0.152390474
       90.698       0.000062298
       91.781       0.001884239
       91.909       0.025657806
       94.320       0.040175661
       94.588       0.064024479

 PDOS Einstein freq (single pole), associated temp and eff. force constant: 
 Freq (THz)   Temp (K)   Eff. FC (N/m)
  44.426      2132.05     117.7299

 pDOS n Moments, associated Einstein freqs, temps and eff. force constants:
  n     Mom (THz^n)   Freq (THz)     Temp (K)    Eff. FC (N/m)
 -2       0.00445      14.98954       719.36      13.4025
 -1       0.05097      19.61960       941.56      22.9609
  0       1.00000     ---------     --------
  1      35.98940      35.98940      1727.16      77.2606
  2    1973.68608      44.42619      2132.05     117.7299

 Path Red. Mass (AMU):    0.909913
 Path Length (Ang), s^2 (1e-3 Ang^2): 10.2994  28.3097
--------------------------------------------------------------
 Path Indices:    1   6   2   9
 PDOS Poles:
     Freq. (THz)    Weight
        5.035       0.009540244
        8.382       0.060844885
       12.220       0.021356229
       19.874       0.099727603
       24.394       0.000052556
       29.569       0.254871029
       32.693       0.006525359
       37.960       0.024443631
       40.779       0.007000257
       41.963       0.021335879
       43.985       0.028775375
       90.698       0.000277125
       91.781       0.000917144
       91.909       0.171396401
       94.320       0.292898323
       94.588       0.000037920

 PDOS Einstein freq (single pole), associated temp and eff. force constant: 
 Freq (THz)   Temp (K)   Eff. FC (N/m)
  66.940      3212.50     270.6638

 pDOS n Moments, associated Einstein freqs, temps and eff. force constants:
  n     Mom (THz^n)   Freq (THz)     Temp (K)    Eff. FC (N/m)
 -2       0.00204      22.15613      1063.29      29.6517
 -1       0.03170      31.54309      1513.78      60.0995
  0       1.00000     ---------     --------
  1      57.41830      57.41830      2755.55     199.1420
  2    4480.92860      66.93974      3212.50     270.6638

 Path Red. Mass (AMU):    0.921411
 Path Length (Ang), s^2 (1e-3 Ang^2): 11.0330  17.3887
--------------------------------------------------------------
 Path Indices:    1   6   3   2
 PDOS Poles:
     Freq. (THz)    Weight
        5.281       0.007705980
        8.705       0.030303899
       13.431       0.006691033
       19.418       0.111455987
       25.380       0.001182265
       29.409       0.023848891
       32.732       0.067850079
       37.596       0.022950697
       40.716       0.044211059
       41.929       0.019892499
       43.918       0.000418321
       90.698       0.172753771
       91.781       0.465858205
       91.909       0.015952810
       94.320       0.001251666
       94.588       0.007672905

 PDOS Einstein freq (single pole), associated temp and eff. force constant: 
 Freq (THz)   Temp (K)   Eff. FC (N/m)
  76.428      3667.84     520.3100

 pDOS n Moments, associated Einstein freqs, temps and eff. force constants:
  n     Mom (THz^n)   Freq (THz)     Temp (K)    Eff. FC (N/m)
 -2       0.00124      28.45229      1365.45      72.1098
 -1       0.02354      42.48514      2038.90     160.7807
  0       1.00000     ---------     --------
  1      69.76136      69.76136      3347.91     433.5007
  2    5841.20275      76.42776      3667.84     520.3100

 Path Red. Mass (AMU):    1.358786
 Path Length (Ang), s^2 (1e-3 Ang^2):  9.1327   8.7546
--------------------------------------------------------------
 Path Indices:    1   6   3   4
 PDOS Poles:
     Freq. (THz)    Weight
        5.055       0.016425705
        8.403       0.024699792
       15.086       0.000470116
       19.651       0.016790031
       29.259       0.031461786
       31.910       0.011760861
       35.282       0.008295094
       37.494       0.056726672
       40.679       0.033417587
       41.895       0.011597613
       43.918       0.000416711
       90.698       0.209593173
       91.781       0.553219667
       91.909       0.015443424
       94.320       0.001396645
       94.588       0.008285208

 PDOS Einstein freq (single pole), associated temp and eff. force constant: 
 Freq (THz)   Temp (K)   Eff. FC (N/m)
  82.556      3961.93     437.4895

 pDOS n Moments, associated Einstein freqs, temps and eff. force constants:
  n     Mom (THz^n)   Freq (THz)     Temp (K)    Eff. FC (N/m)
 -2       0.00125      28.23156      1354.86      51.1613
 -1       0.01998      50.04156      2401.54     160.7434
  0       1.00000     ---------     --------
  1      78.32584      78.32584      3758.93     393.8054
  2    6815.47604      82.55590      3961.93     437.4896

 Path Red. Mass (AMU):    0.979181
 Path Length (Ang), s^2 (1e-3 Ang^2):  7.8897  10.3141
--------------------------------------------------------------
 Path Indices:    1   6   3   5
 PDOS Poles:
     Freq. (THz)    Weight
        3.740       0.011843277
        6.863       0.017207078
        9.603       0.004094358
       19.614       0.021403098
       21.281       0.000946851
       28.895       0.076819902
       32.687       0.018240091
       36.901       0.137666307
       40.765       0.117677823
       41.970       0.014897273
       43.910       0.000682742
       90.698       0.460118687
       91.781       0.107988774
       91.909       0.007240823
       94.320       0.001577981
       94.588       0.001594964

 PDOS Einstein freq (single pole), associated temp and eff. force constant: 
 Freq (THz)   Temp (K)   Eff. FC (N/m)
  72.721      3489.94     242.5738

 pDOS n Moments, associated Einstein freqs, temps and eff. force constants:
  n     Mom (THz^n)   Freq (THz)     Temp (K)    Eff. FC (N/m)
 -2       0.00167      24.44108      1172.95      27.4009
 -1       0.02380      42.01184      2016.18      80.9595
  0       1.00000     ---------     --------
  1      66.59823      66.59823      3196.11     203.4462
  2    5288.34305      72.72099      3489.94     242.5738

 Path Red. Mass (AMU):    0.699706
 Path Length (Ang), s^2 (1e-3 Ang^2):  8.5441  17.1924
--------------------------------------------------------------
 Path Indices:    1   6   3   6
 PDOS Poles:
     Freq. (THz)    Weight
        3.786       0.001664490
        8.519       0.006825220
       14.520       0.001059191
       19.250       0.040211849
       29.268       0.121121713
       32.129       0.051602841
       35.103       0.024191750
       37.335       0.159310208
       40.659       0.068906029
       41.800       0.013614396
       43.886       0.001488535
       90.698       0.134302082
       91.781       0.357119757
       91.909       0.011642605
       94.320       0.000982101
       94.588       0.005957287

 PDOS Einstein freq (single pole), associated temp and eff. force constant: 
 Freq (THz)   Temp (K)   Eff. FC (N/m)
  69.560      3338.23     274.0924

 pDOS n Moments, associated Einstein freqs, temps and eff. force constants:
  n     Mom (THz^n)   Freq (THz)     Temp (K)    Eff. FC (N/m)
 -2       0.00076      36.27163      1740.71      74.5275
 -1       0.02173      46.02068      2208.57     119.9744
  0       1.00000     ---------     --------
  1      62.97383      62.97383      3022.17     224.6481
  2    4838.54175      69.55963      3338.23     274.0924

 Path Red. Mass (AMU):    0.864119
 Path Length (Ang), s^2 (1e-3 Ang^2):  8.9848  12.7086
--------------------------------------------------------------
 Path Indices:    1   6   3   7
 PDOS Poles:
     Freq. (THz)    Weight
        3.824       0.004094702
        8.393       0.027131990
       12.920       0.003096153
       19.121       0.132699090
       28.971       0.185116929
       32.584       0.144231660
       35.413       0.006820655
       38.451       0.023089729
       41.047       0.087343436
       42.365       0.025003707
       43.943       0.066220267
       90.698       0.057434645
       91.781       0.137313289
       91.909       0.011137456
       94.320       0.012954065
       94.588       0.076312243

 PDOS Einstein freq (single pole), associated temp and eff. force constant: 
 Freq (THz)   Temp (K)   Eff. FC (N/m)
  56.950      2733.10     109.1838

 pDOS n Moments, associated Einstein freqs, temps and eff. force constants:
  n     Mom (THz^n)   Freq (THz)     Temp (K)    Eff. FC (N/m)
 -2       0.00156      25.32890      1215.56      21.5972
 -1       0.03051      32.77413      1572.86      36.1600
  0       1.00000     ---------     --------
  1      48.84274      48.84274      2344.01      80.3093
  2    3243.33921      56.95032      2733.10     109.1838

 Path Red. Mass (AMU):    0.513520
 Path Length (Ang), s^2 (1e-3 Ang^2):  9.3319  30.0287
--------------------------------------------------------------
 Path Indices:    1   6   3   8
 PDOS Poles:
     Freq. (THz)    Weight
        4.362       0.003975997
        8.195       0.028494980
       12.042       0.003812726
       19.656       0.000605922
       29.327       0.025093013
       32.660       0.140329067
       36.921       0.170370936
       38.378       0.026798079
       41.175       0.035338684
       42.379       0.012493821
       43.857       0.049692530
       90.698       0.092239372
       91.781       0.289222090
       91.909       0.028165730
       94.320       0.030772212
       94.588       0.062594878

 PDOS Einstein freq (single pole), associated temp and eff. force constant: 
 Freq (THz)   Temp (K)   Eff. FC (N/m)
  69.932      3356.10     163.6589

 pDOS n Moments, associated Einstein freqs, temps and eff. force constants:
  n     Mom (THz^n)   Freq (THz)     Temp (K)    Eff. FC (N/m)
 -2       0.00108      30.45602      1461.61      31.0409
 -1       0.02295      43.57275      2091.09      63.5356
  0       1.00000     ---------     --------
  1      63.43317      63.43317      3044.21     134.6543
  2    4890.48806      69.93202      3356.10     163.6589

 Path Red. Mass (AMU):    0.510480
 Path Length (Ang), s^2 (1e-3 Ang^2):  9.8887  22.7212
--------------------------------------------------------------
 Path Indices:    1   6   3   9
 PDOS Poles:
     Freq. (THz)    Weight
        5.252       0.017195128
        8.186       0.008306485
       12.918       0.001980265
       19.812       0.044649851
       28.817       0.040411236
       29.567       0.363919710
       36.935       0.077669684
       38.358       0.015746088
       41.645       0.034534920
       42.395       0.013378221
       43.957       0.034616842
       90.698       0.049179991
       91.781       0.152139248
       91.909       0.031366263
       94.320       0.112495763
       94.588       0.002410309

 PDOS Einstein freq (single pole), associated temp and eff. force constant: 
 Freq (THz)   Temp (K)   Eff. FC (N/m)
  60.199      2889.03     119.6618

 pDOS n Moments, associated Einstein freqs, temps and eff. force constants:
  n     Mom (THz^n)   Freq (THz)     Temp (K)    Eff. FC (N/m)
 -2       0.00149      25.89383      1242.67      22.1392
 -1       0.02861      34.95118      1677.34      40.3361
  0       1.00000     ---------     --------
  1      52.13810      52.13810      2502.15      89.7595
  2    3623.97807      60.19949      2889.03     119.6618

 Path Red. Mass (AMU):    0.503687
 Path Length (Ang), s^2 (1e-3 Ang^2):  9.3056  28.7079
--------------------------------------------------------------
 Path Indices:    1   6   4   2
 PDOS Poles:
     Freq. (THz)    Weight
        4.897       0.021576582
        8.356       0.215848728
       12.097       0.018109230
       17.854       0.000745589
       19.880       0.235466322
       29.569       0.075556610
       32.677       0.262982287
       37.946       0.000060903
       40.764       0.009801417
       41.959       0.131371197
       43.961       0.000031388
       90.698       0.009954749
       91.781       0.001448720
       91.909       0.016473519
       94.320       0.000572323
       94.588       0.000000428

 PDOS Einstein freq (single pole), associated temp and eff. force constant: 
 Freq (THz)   Temp (K)   Eff. FC (N/m)
  30.733      1474.88     460.9620

 pDOS n Moments, associated Einstein freqs, temps and eff. force constants:
  n     Mom (THz^n)   Freq (THz)     Temp (K)    Eff. FC (N/m)
 -2       0.00513      13.96277       670.09      95.1505
 -1       0.05791      17.26916       828.76     145.5494
  0       1.00000     ---------     --------
  1      26.17007      26.17007      1255.92     334.2549
  2     944.48962      30.73255      1474.88     460.9620

 Path Red. Mass (AMU):    7.444905
 Path Length (Ang), s^2 (1e-3 Ang^2):  7.8959   3.9309
--------------------------------------------------------------
 Path Indices:    1   6   4   3
 PDOS Poles:
     Freq. (THz)    Weight
        3.729       0.027575470
        7.399       0.040287452
       10.944       0.006955939
       19.823       0.010220259
       28.885       0.078559576
       32.623       0.050736781
       36.482       0.042023836
       37.812       0.180010480
       40.684       0.042973604
       41.941       0.035720959
       43.971       0.003204786
       90.698       0.111476238
       91.781       0.351657638
       91.909       0.014989309
       94.320       0.000324402
       94.588       0.003283320

 PDOS Einstein freq (single pole), associated temp and eff. force constant: 
 Freq (THz)   Temp (K)   Eff. FC (N/m)
  67.960      3261.47     440.8251

 pDOS n Moments, associated Einstein freqs, temps and eff. force constants:
  n     Mom (THz^n)   Freq (THz)     Temp (K)    Eff. FC (N/m)
 -2       0.00321      17.65589       847.32      29.7534
 -1       0.03142      31.82534      1527.33      96.6726
  0       1.00000     ---------     --------
  1      60.43594      60.43594      2900.37     348.6164
  2    4618.58733      67.96019      3261.47     440.8252

 Path Red. Mass (AMU):    1.455957
 Path Length (Ang), s^2 (1e-3 Ang^2):  7.2069  10.9069
--------------------------------------------------------------
 Path Indices:    1   6   4   5
 PDOS Poles:
     Freq. (THz)    Weight
        3.800       0.024833088
        7.320       0.040826439
       10.644       0.007419766
       19.860       0.010717663
       28.885       0.076447658
       32.634       0.047813216
       36.608       0.057832836
       37.792       0.149869551
       40.694       0.044891379
       41.939       0.033956506
       43.978       0.003110002
       90.698       0.347507395
       91.781       0.150684930
       91.909       0.001318758
       94.320       0.000202437
       94.588       0.002568406

 PDOS Einstein freq (single pole), associated temp and eff. force constant: 
 Freq (THz)   Temp (K)   Eff. FC (N/m)
  68.686      3296.32     438.0673

 pDOS n Moments, associated Einstein freqs, temps and eff. force constants:
  n     Mom (THz^n)   Freq (THz)     Temp (K)    Eff. FC (N/m)
 -2       0.00297      18.35631       880.94      31.2874
 -1       0.03051      32.77925      1573.10      99.7692
  0       1.00000     ---------     --------
  1      61.35368      61.35368      2944.42     349.5261
  2    4717.83116      68.68647      3296.32     438.0673

 Path Red. Mass (AMU):    1.416412
 Path Length (Ang), s^2 (1e-3 Ang^2):  7.2086  10.8852
--------------------------------------------------------------
 Path Indices:    1   6   4   6
 PDOS Poles:
     Freq. (THz)    Weight
        4.975       0.008459373
        8.357       0.043778120
       12.035       0.001595802
       19.854       0.004246548
       21.103       0.000057037
       29.570       0.224862691
       32.677       0.467780177
       37.961       0.044090327
       40.763       0.054819648
       41.959       0.120069846
       43.985       0.002894583
       90.698       0.012580996
       91.781       0.001487622
       91.909       0.012887895
       94.320       0.000389109
       94.588       0.000000222

 PDOS Einstein freq (single pole), associated temp and eff. force constant: 
 Freq (THz)   Temp (K)   Eff. FC (N/m)
  36.073      1731.19     325.6960

 pDOS n Moments, associated Einstein freqs, temps and eff. force constants:
  n     Mom (THz^n)   Freq (THz)     Temp (K)    Eff. FC (N/m)
 -2       0.00182      23.42488      1124.18     137.3386
 -1       0.03494      28.61989      1373.49     205.0094
  0       1.00000     ---------     --------
  1      34.02024      34.02024      1632.66     289.6760
  2    1301.29137      36.07342      1731.19     325.6960

 Path Red. Mass (AMU):    3.817940
 Path Length (Ang), s^2 (1e-3 Ang^2):  7.6192   4.6252
--------------------------------------------------------------
 Path Indices:    1   6   4   7
 PDOS Poles:
     Freq. (THz)    Weight
        3.816       0.007789585
        8.148       0.058222079
       12.051       0.011535606
       19.119       0.021491385
       28.929       0.112436712
       32.665       0.295713181
       36.847       0.075804092
       38.763       0.005461972
       41.719       0.045982173
       42.881       0.008978825
       43.869       0.093436449
       90.698       0.000678074
       91.781       0.000059308
       91.909       0.064684206
       94.320       0.055059410
       94.588       0.142666925

 PDOS Einstein freq (single pole), associated temp and eff. force constant: 
 Freq (THz)   Temp (K)   Eff. FC (N/m)
  55.941      2684.64     184.0869

 pDOS n Moments, associated Einstein freqs, temps and eff. force constants:
  n     Mom (THz^n)   Freq (THz)     Temp (K)    Eff. FC (N/m)
 -2       0.00213      21.66345      1039.65      27.6073
 -1       0.03265      30.62674      1469.80      55.1785
  0       1.00000     ---------     --------
  1      48.07318      48.07318      2307.07     135.9484
  2    3129.35117      55.94060      2684.64     184.0868

 Path Red. Mass (AMU):    0.897345
 Path Length (Ang), s^2 (1e-3 Ang^2):  8.2689  18.3893
--------------------------------------------------------------
 Path Indices:    1   6   4   8
 PDOS Poles:
     Freq. (THz)    Weight
        4.398       0.006816381
        8.209       0.059757381
       12.089       0.011650898
       19.109       0.022399503
       28.921       0.097997204
       32.670       0.313730346
       36.861       0.069969761
       39.127       0.003523253
       41.720       0.044450578
       42.645       0.009608129
       43.851       0.089427788
       90.698       0.001013194
       91.781       0.001528618
       91.909       0.066409705
       94.320       0.061678481
       94.588       0.140038762

 PDOS Einstein freq (single pole), associated temp and eff. force constant: 
 Freq (THz)   Temp (K)   Eff. FC (N/m)
  56.409      2707.10     186.6904

 pDOS n Moments, associated Einstein freqs, temps and eff. force constants:
  n     Mom (THz^n)   Freq (THz)     Temp (K)    Eff. FC (N/m)
 -2       0.00195      22.62694      1085.89      30.0388
 -1       0.03216      31.09443      1492.25      56.7278
  0       1.00000     ---------     --------
  1      48.47509      48.47509      2326.36     137.8695
  2    3181.93498      56.40864      2707.10     186.6904

 Path Red. Mass (AMU):    0.894998
 Path Length (Ang), s^2 (1e-3 Ang^2):  8.2704  18.1602
--------------------------------------------------------------
 Path Indices:    1   6   4   9
 PDOS Poles:
     Freq. (THz)    Weight
        5.010       0.018407663
        8.290       0.017335105
       11.757       0.000447207
       19.875       0.034785842
       27.744       0.000147305
       29.570       0.387051741
       32.712       0.005583806
       37.961       0.055111159
       40.768       0.027493577
       41.962       0.033975991
       43.985       0.056077504
       90.698       0.001956859
       91.781       0.000305388
       91.909       0.122216080
       94.320       0.239077760
       94.588       0.000026986

 PDOS Einstein freq (single pole), associated temp and eff. force constant: 
 Freq (THz)   Temp (K)   Eff. FC (N/m)
  61.900      2970.64     215.4415

 pDOS n Moments, associated Einstein freqs, temps and eff. force constants:
  n     Mom (THz^n)   Freq (THz)     Temp (K)    Eff. FC (N/m)
 -2       0.00167      24.47277      1174.47      33.6755
 -1       0.02892      34.57908      1659.48      67.2317
  0       1.00000     ---------     --------
  1      53.66042      53.66042      2575.21     161.9033
  2    3831.61605      61.90005      2970.64     215.4415

 Path Red. Mass (AMU):    0.857706
 Path Length (Ang), s^2 (1e-3 Ang^2):  8.2304  17.0401
--------------------------------------------------------------
 Path Indices:    1   6   5   2
 PDOS Poles:
     Freq. (THz)    Weight
        4.712       0.006222348
        8.549       0.030848959
       12.975       0.008016165
       19.262       0.115150060
       26.155       0.001232240
       29.453       0.024520879
       32.736       0.063995373
       37.649       0.024132939
       40.718       0.045111792
       41.930       0.020281072
       43.918       0.000371358
       90.698       0.474553337
       91.781       0.177563659
       91.909       0.000901367
       94.320       0.000916465
       94.588       0.006182024

 PDOS Einstein freq (single pole), associated temp and eff. force constant: 
 Freq (THz)   Temp (K)   Eff. FC (N/m)
  75.849      3640.06     514.9304

 pDOS n Moments, associated Einstein freqs, temps and eff. force constants:
  n     Mom (THz^n)   Freq (THz)     Temp (K)    Eff. FC (N/m)
 -2       0.00129      27.88831      1338.38      69.6134
 -1       0.02385      41.92460      2012.00     157.3207
  0       1.00000     ---------     --------
  1      69.16850      69.16850      3319.46     428.2180
  2    5753.07983      75.84906      3640.06     514.9304

 Path Red. Mass (AMU):    1.365336
 Path Length (Ang), s^2 (1e-3 Ang^2):  9.1180   8.8291
--------------------------------------------------------------
 Path Indices:    1   6   5   3
 PDOS Poles:
     Freq. (THz)    Weight
        3.846       0.014886122
        7.429       0.017286279
       11.382       0.001356742
       19.525       0.020407841
       25.696       0.000410021
       28.912       0.081573439
       32.748       0.018630366
       36.913       0.138836432
       40.761       0.116981427
       41.958       0.016311775
       43.891       0.000722486
       90.698       0.567015741
       91.781       0.000000840
       91.909       0.003212942
       94.320       0.001432666
       94.588       0.000934899

 PDOS Einstein freq (single pole), associated temp and eff. force constant: 
 Freq (THz)   Temp (K)   Eff. FC (N/m)
  72.276      3468.58     243.7843

 pDOS n Moments, associated Einstein freqs, temps and eff. force constants:
  n     Mom (THz^n)   Freq (THz)     Temp (K)    Eff. FC (N/m)
 -2       0.00175      23.90101      1147.03      26.6594
 -1       0.02412      41.46642      1990.01      80.2439
  0       1.00000     ---------     --------
  1      66.13397      66.13397      3173.83     204.1117
  2    5223.80490      72.27589      3468.58     243.7843

 Path Red. Mass (AMU):    0.711885
 Path Length (Ang), s^2 (1e-3 Ang^2):  8.5425  17.1206
--------------------------------------------------------------
 Path Indices:    1   6   5   4
 PDOS Poles:
     Freq. (THz)    Weight
        5.067       0.016408829
        8.410       0.024804514
       15.406       0.000540474
       19.465       0.016960297
       29.220       0.031492945
       31.843       0.011439935
       35.268       0.008693084
       37.389       0.059478548
       40.676       0.032633506
       41.894       0.012026285
       43.942       0.000361187
       90.698       0.571386296
       91.781       0.205748344
       91.909       0.000396232
       94.320       0.001016024
       94.588       0.006613549

 PDOS Einstein freq (single pole), associated temp and eff. force constant: 
 Freq (THz)   Temp (K)   Eff. FC (N/m)
  81.988      3934.66     432.7043

 pDOS n Moments, associated Einstein freqs, temps and eff. force constants:
  n     Mom (THz^n)   Freq (THz)     Temp (K)    Eff. FC (N/m)
 -2       0.00126      28.21605      1354.11      51.2491
 -1       0.02009      49.76966      2388.49     159.4494
  0       1.00000     ---------     --------
  1      77.75736      77.75736      3731.64     389.2033
  2    6721.98664      81.98772      3934.66     432.7043

 Path Red. Mass (AMU):    0.981940
 Path Length (Ang), s^2 (1e-3 Ang^2):  7.8898  10.3413
--------------------------------------------------------------
 Path Indices:    1   6   5   6
 PDOS Poles:
     Freq. (THz)    Weight
        3.154       0.001878331
        8.375       0.006708886
       13.177       0.000990795
       19.131       0.040638238
       29.250       0.120842794
       32.218       0.051134878
       35.347       0.024326499
       37.251       0.164678490
       40.683       0.067662315
       41.848       0.012989562
       43.913       0.001297724
       90.698       0.366029240
       91.781       0.134740745
       91.909       0.000565483
       94.320       0.000717458
       94.588       0.004798597

 PDOS Einstein freq (single pole), associated temp and eff. force constant: 
 Freq (THz)   Temp (K)   Eff. FC (N/m)
  69.053      3313.89     270.3767

 pDOS n Moments, associated Einstein freqs, temps and eff. force constants:
  n     Mom (THz^n)   Freq (THz)     Temp (K)    Eff. FC (N/m)
 -2       0.00084      34.50291      1655.82      67.5026
 -1       0.02199      45.46522      2181.92     117.2108
  0       1.00000     ---------     --------
  1      62.52065      62.52065      3000.42     221.6441
  2    4768.26112      69.05260      3313.89     270.3767

 Path Red. Mass (AMU):    0.864969
 Path Length (Ang), s^2 (1e-3 Ang^2):  8.9816  12.8512
--------------------------------------------------------------
 Path Indices:    1   6   5   7
 PDOS Poles:
     Freq. (THz)    Weight
        3.736       0.004443218
        8.129       0.027664494
       11.966       0.003793369
       19.574       0.000880383
       29.321       0.027736299
       32.656       0.130321510
       36.915       0.193360267
       38.611       0.017661409
       41.278       0.035336539
       42.613       0.009243217
       43.877       0.051078625
       90.698       0.257044729
       91.781       0.090226659
       91.909       0.055413357
       94.320       0.028281850
       94.588       0.067514084

 PDOS Einstein freq (single pole), associated temp and eff. force constant: 
 Freq (THz)   Temp (K)   Eff. FC (N/m)
  69.491      3334.94     162.1682

 pDOS n Moments, associated Einstein freqs, temps and eff. force constants:
  n     Mom (THz^n)   Freq (THz)     Temp (K)    Eff. FC (N/m)
 -2       0.00119      29.04283      1393.79      28.3260
 -1       0.02326      42.99724      2063.48      62.0852
  0       1.00000     ---------     --------
  1      63.02781      63.02781      3024.76     133.4048
  2    4829.01557      69.49112      3334.94     162.1682

 Path Red. Mass (AMU):    0.512269
 Path Length (Ang), s^2 (1e-3 Ang^2):  9.8855  22.9449
--------------------------------------------------------------
 Path Indices:    1   6   5   8
 PDOS Poles:
     Freq. (THz)    Weight
        4.398       0.003477535
        8.384       0.027543111
       12.612       0.003015267
       19.104       0.135502451
       28.961       0.172675219
       32.625       0.152801781
       36.540       0.010350861
       38.759       0.020919426
       41.094       0.087751752
       42.439       0.021952224
       43.930       0.062950671
       90.698       0.147686816
       91.781       0.037022993
       91.909       0.026070229
       94.320       0.016027004
       94.588       0.074252664

 PDOS Einstein freq (single pole), associated temp and eff. force constant: 
 Freq (THz)   Temp (K)   Eff. FC (N/m)
  57.164      2743.36     110.2165

 pDOS n Moments, associated Einstein freqs, temps and eff. force constants:
  n     Mom (THz^n)   Freq (THz)     Temp (K)    Eff. FC (N/m)
 -2       0.00147      26.12386      1253.71      23.0182
 -1       0.03023      33.07655      1587.37      36.9010
  0       1.00000     ---------     --------
  1      49.07498      49.07498      2355.15      81.2303
  2    3267.75090      57.16424      2743.36     110.2165

 Path Red. Mass (AMU):    0.514504
 Path Length (Ang), s^2 (1e-3 Ang^2):  9.3384  29.6972
--------------------------------------------------------------
 Path Indices:    1   6   5   9
 PDOS Poles:
     Freq. (THz)    Weight
        5.249       0.016381568
        8.398       0.008363729
       13.827       0.001655893
       19.686       0.042842133
       28.656       0.037901646
       29.544       0.373145613
       36.909       0.083593661
       38.343       0.012517049
       41.638       0.034529763
       42.440       0.012642524
       43.947       0.034103071
       90.698       0.135067639
       91.781       0.043201299
       91.909       0.051986434
       94.320       0.109495579
       94.588       0.002572403

 PDOS Einstein freq (single pole), associated temp and eff. force constant: 
 Freq (THz)   Temp (K)   Eff. FC (N/m)
  59.723      2866.15     118.0916

 pDOS n Moments, associated Einstein freqs, temps and eff. force constants:
  n     Mom (THz^n)   Freq (THz)     Temp (K)    Eff. FC (N/m)
 -2       0.00146      26.16299      1255.58      22.6628
 -1       0.02857      34.99660      1679.52      40.5500
  0       1.00000     ---------     --------
  1      51.73540      51.73540      2482.83      88.6165
  2    3566.81315      59.72280      2866.15     118.0916

 Path Red. Mass (AMU):    0.505045
 Path Length (Ang), s^2 (1e-3 Ang^2):  9.2923  28.5936
--------------------------------------------------------------
 Path Indices:    1   6   7   2
 PDOS Poles:
     Freq. (THz)    Weight
        5.804       0.020583104
        8.196       0.096592444
       11.999       0.009226614
       19.172       0.007761182
       28.878       0.025500989
       32.306       0.019270605
       32.821       0.047257860
       36.968       0.017273308
       41.953       0.028390134
       43.123       0.000426085
       43.832       0.073006380
       90.698       0.001443459
       91.781       0.000296460
       91.909       0.176652725
       94.320       0.133239741
       94.588       0.343078864

 PDOS Einstein freq (single pole), associated temp and eff. force constant: 
 Freq (THz)   Temp (K)   Eff. FC (N/m)
  77.973      3741.97     537.0671

 pDOS n Moments, associated Einstein freqs, temps and eff. force constants:
  n     Mom (THz^n)   Freq (THz)     Temp (K)    Eff. FC (N/m)
 -2       0.00237      20.54779       986.11      37.2971
 -1       0.02923      34.21723      1642.11     103.4272
  0       1.00000     ---------     --------
  1      70.54114      70.54114      3385.33     439.5722
  2    6079.71569      77.97253      3741.97     537.0671

 Path Red. Mass (AMU):    1.347524
 Path Length (Ang), s^2 (1e-3 Ang^2):  8.6723  10.9608
--------------------------------------------------------------
 Path Indices:    1   6   7   3
 PDOS Poles:
     Freq. (THz)    Weight
        3.962       0.021257025
        7.700       0.028939627
       12.743       0.002587982
       19.198       0.095428364
       27.096       0.000765516
       32.557       0.045944980
       35.699       0.014207231
       37.627       0.079191442
       40.850       0.013688144
       42.157       0.009260622
       43.974       0.040687067
       90.698       0.038039438
       91.781       0.065790565
       91.909       0.128377882
       94.320       0.098516741
       94.588       0.317317356

 PDOS Einstein freq (single pole), associated temp and eff. force constant: 
 Freq (THz)   Temp (K)   Eff. FC (N/m)
  77.473      3718.01     379.5789

 pDOS n Moments, associated Einstein freqs, temps and eff. force constants:
  n     Mom (THz^n)   Freq (THz)     Temp (K)    Eff. FC (N/m)
 -2       0.00234      20.68516       992.70      27.0593
 -1       0.02665      37.52117      1800.67      89.0330
  0       1.00000     ---------     --------
  1      70.50834      70.50834      3383.76     314.3978
  2    6002.10431      77.47325      3718.01     379.5789

 Path Red. Mass (AMU):    0.964694
 Path Length (Ang), s^2 (1e-3 Ang^2):  8.2303  13.9624
--------------------------------------------------------------
 Path Indices:    1   6   7   4
 PDOS Poles:
     Freq. (THz)    Weight
        5.043       0.016920589
        8.388       0.033377112
       12.518       0.002059032
       19.721       0.008714968
       28.884       0.027000444
       32.627       0.036941493
       34.627       0.001682931
       36.971       0.023717364
       41.919       0.008211837
       43.616       0.003428622
       43.931       0.021550363
       90.698       0.000548018
       91.781       0.000016190
       91.909       0.228857477
       94.320       0.159504043
       94.588       0.427469467

 PDOS Einstein freq (single pole), associated temp and eff. force constant: 
 Freq (THz)   Temp (K)   Eff. FC (N/m)
  85.713      4113.44     516.6423

 pDOS n Moments, associated Einstein freqs, temps and eff. force constants:
  n     Mom (THz^n)   Freq (THz)     Temp (K)    Eff. FC (N/m)
 -2       0.00137      27.00017      1295.76      51.2661
 -1       0.02017      49.57864      2379.32     172.8567
  0       1.00000     ---------     --------
  1      81.48697      81.48697      3910.63     466.9532
  2    7346.71109      85.71296      4113.44     516.6422

 Path Red. Mass (AMU):    1.072725
 Path Length (Ang), s^2 (1e-3 Ang^2):  7.8501   9.5026
--------------------------------------------------------------
 Path Indices:    1   6   7   5
 PDOS Poles:
     Freq. (THz)    Weight
        3.892       0.012935618
        7.295       0.020382269
       10.548       0.003508648
       19.798       0.005996154
       28.713       0.023872697
       29.045       0.034888589
       32.692       0.028259120
       37.971       0.019057853
       40.957       0.002698700
       43.141       0.000474321
       43.894       0.006325403
       90.698       0.177721969
       91.781       0.059410975
       91.909       0.193191667
       94.320       0.113923466
       94.588       0.297352522

 PDOS Einstein freq (single pole), associated temp and eff. force constant: 
 Freq (THz)   Temp (K)   Eff. FC (N/m)
  86.004      4127.40     357.5229

 pDOS n Moments, associated Einstein freqs, temps and eff. force constants:
  n     Mom (THz^n)   Freq (THz)     Temp (K)    Eff. FC (N/m)
 -2       0.00150      25.84934      1240.53      32.2974
 -1       0.01943      51.45755      2469.49     127.9871
  0       1.00000     ---------     --------
  1      82.30886      82.30886      3950.07     327.4623
  2    7396.66100      86.00384      4127.40     357.5229

 Path Red. Mass (AMU):    0.737326
 Path Length (Ang), s^2 (1e-3 Ang^2):  8.7855  13.3204
--------------------------------------------------------------
 Path Indices:    1   6   7   6
 PDOS Poles:
     Freq. (THz)    Weight
        2.894       0.004509723
        5.850       0.011148291
        8.555       0.013804993
       19.772       0.000738006
       24.017       0.000015205
       29.500       0.004908785
       32.672       0.007922810
       36.901       0.001603897
       41.341       0.000017545
       41.961       0.005555809
       43.964       0.000058985
       90.698       0.002086542
       91.781       0.000415068
       91.909       0.274765520
       94.320       0.182458390
       94.588       0.489990368

 PDOS Einstein freq (single pole), associated temp and eff. force constant: 
 Freq (THz)   Temp (K)   Eff. FC (N/m)
  91.517      4391.98     511.8544

 pDOS n Moments, associated Einstein freqs, temps and eff. force constants:
  n     Mom (THz^n)   Freq (THz)     Temp (K)    Eff. FC (N/m)
 -2       0.00118      29.10480      1396.76      51.7694
 -1       0.01583      63.15376      3030.80     243.7486
  0       1.00000     ---------     --------
  1      89.94815      89.94815      4316.69     494.4564
  2    8375.34765      91.51693      4391.98     511.8544

 Path Red. Mass (AMU):    0.932255
 Path Length (Ang), s^2 (1e-3 Ang^2):  6.7817   8.5840
--------------------------------------------------------------
 Path Indices:    1   6   7   8
 PDOS Poles:
     Freq. (THz)    Weight
        4.427       0.004525378
        8.186       0.038567464
       12.029       0.006050588
       19.143       0.006905253
       28.922       0.019730795
       32.644       0.045249266
       35.957       0.003979923
       37.487       0.013803930
       41.013       0.000532726
       43.747       0.009102260
       43.977       0.084007607
       90.698       0.002017673
       91.781       0.002398720
       91.909       0.435955340
       94.320       0.290891121
       94.588       0.036281864

 PDOS Einstein freq (single pole), associated temp and eff. force constant: 
 Freq (THz)   Temp (K)   Eff. FC (N/m)
  83.115      3988.74     294.2903

 pDOS n Moments, associated Einstein freqs, temps and eff. force constants:
  n     Mom (THz^n)   Freq (THz)     Temp (K)    Eff. FC (N/m)
 -2       0.00108      30.37933      1457.93      39.3168
 -1       0.01954      51.18875      2456.59     111.6273
  0       1.00000     ---------     --------
  1      78.70365      78.70365      3777.06     263.8828
  2    6908.03457      83.11459      3988.74     294.2903

 Path Red. Mass (AMU):    0.649849
 Path Length (Ang), s^2 (1e-3 Ang^2):  7.4686  15.1928
--------------------------------------------------------------
 Path Indices:    1   6   7   9
 PDOS Poles:
     Freq. (THz)    Weight
        5.003       0.011505991
        8.085       0.009052442
        8.767       0.004330245
       19.882       0.012166362
       29.557       0.065710523
       32.527       0.003246615
       36.848       0.002908952
       38.082       0.007263790
       41.469       0.003843095
       42.389       0.001824736
       43.831       0.063308048
       90.698       0.000401032
       91.781       0.000095187
       91.909       0.537834343
       94.320       0.017791360
       94.588       0.258717185

 PDOS Einstein freq (single pole), associated temp and eff. force constant: 
 Freq (THz)   Temp (K)   Eff. FC (N/m)
  85.048      4081.54     293.3603

 pDOS n Moments, associated Einstein freqs, temps and eff. force constants:
  n     Mom (THz^n)   Freq (THz)     Temp (K)    Eff. FC (N/m)
 -2       0.00090      33.30455      1598.31      44.9859
 -1       0.01748      57.21133      2745.62     132.7498
  0       1.00000     ---------     --------
  1      81.48059      81.48059      3910.32     269.2639
  2    7233.21828      85.04833      4081.54     293.3603

 Path Red. Mass (AMU):    0.618673
 Path Length (Ang), s^2 (1e-3 Ang^2):  7.4612  14.2785
--------------------------------------------------------------
 Path Indices:    1   6   8   2
 PDOS Poles:
     Freq. (THz)    Weight
        5.282       0.012743127
        8.124       0.104168832
       11.870       0.011564826
       19.078       0.008622828
       28.894       0.023947407
       32.651       0.070923513
       34.659       0.001844263
       37.051       0.015915399
       41.954       0.032142576
       43.571       0.002457979
       43.842       0.069690036
       90.698       0.000272797
       91.781       0.010902093
       91.909       0.168795640
       94.320       0.143324945
       94.588       0.322683728

 PDOS Einstein freq (single pole), associated temp and eff. force constant: 
 Freq (THz)   Temp (K)   Eff. FC (N/m)
  77.517      3720.11     538.6157

 pDOS n Moments, associated Einstein freqs, temps and eff. force constants:
  n     Mom (THz^n)   Freq (THz)     Temp (K)    Eff. FC (N/m)
 -2       0.00238      20.50459       984.03      37.6867
 -1       0.02945      33.95994      1629.77     103.3759
  0       1.00000     ---------     --------
  1      69.96716      69.96716      3357.79     438.8076
  2    6008.87787      77.51695      3720.11     538.6157

 Path Red. Mass (AMU):    1.367341
 Path Length (Ang), s^2 (1e-3 Ang^2):  8.6484  10.8838
--------------------------------------------------------------
 Path Indices:    1   6   8   3
 PDOS Poles:
     Freq. (THz)    Weight
        3.786       0.013839548
        7.327       0.019811722
       10.763       0.003518821
       19.839       0.005576509
       28.716       0.024248365
       29.064       0.035450683
       32.687       0.032246632
       37.971       0.021830474
       41.050       0.001912818
       42.981       0.000411431
       43.872       0.006167903
       90.698       0.058483440
       91.781       0.222766455
       91.909       0.147294333
       94.320       0.124348747
       94.588       0.282092120

 PDOS Einstein freq (single pole), associated temp and eff. force constant: 
 Freq (THz)   Temp (K)   Eff. FC (N/m)
  85.834      4119.26     360.0845

 pDOS n Moments, associated Einstein freqs, temps and eff. force constants:
  n     Mom (THz^n)   Freq (THz)     Temp (K)    Eff. FC (N/m)
 -2       0.00160      25.02286      1200.87      30.6025
 -1       0.01977      50.59322      2428.01     125.1031
  0       1.00000     ---------     --------
  1      82.02122      82.02122      3936.27     328.8030
  2    7367.51693      85.83424      4119.26     360.0845

 Path Red. Mass (AMU):    0.745546
 Path Length (Ang), s^2 (1e-3 Ang^2):  8.7873  13.3986
--------------------------------------------------------------
 Path Indices:    1   6   8   4
 PDOS Poles:
     Freq. (THz)    Weight
        5.076       0.017150038
        8.416       0.033564591
       12.733       0.001994591
       19.510       0.008677446
       28.874       0.024695784
       32.628       0.040786350
       35.014       0.002294284
       37.050       0.021494892
       41.919       0.008595161
       43.564       0.002849641
       43.913       0.021311809
       90.698       0.000057290
       91.781       0.009782475
       91.909       0.225156789
       94.320       0.174039882
       94.588       0.407548934

 PDOS Einstein freq (single pole), associated temp and eff. force constant: 
 Freq (THz)   Temp (K)   Eff. FC (N/m)
  85.696      4112.63     517.0541

 pDOS n Moments, associated Einstein freqs, temps and eff. force constants:
  n     Mom (THz^n)   Freq (THz)     Temp (K)    Eff. FC (N/m)
 -2       0.00137      27.01178      1296.32      51.3712
 -1       0.02019      49.53886      2377.41     172.7848
  0       1.00000     ---------     --------
  1      81.46680      81.46680      3909.66     467.2774
  2    7343.82804      85.69614      4112.63     517.0541

 Path Red. Mass (AMU):    1.074001
 Path Length (Ang), s^2 (1e-3 Ang^2):  7.8517   9.4989
--------------------------------------------------------------
 Path Indices:    1   6   8   5
 PDOS Poles:
     Freq. (THz)    Weight
        3.901       0.018172255
        7.350       0.029107871
       10.922       0.003774385
       19.110       0.093219771
       28.309       0.000703418
       32.652       0.048854159
       36.814       0.045941072
       37.972       0.041214910
       41.227       0.014547844
       42.464       0.005378444
       43.969       0.039394865
       90.698       0.091349080
       91.781       0.006511953
       91.909       0.152971114
       94.320       0.108335365
       94.588       0.300523461

 PDOS Einstein freq (single pole), associated temp and eff. force constant: 
 Freq (THz)   Temp (K)   Eff. FC (N/m)
  77.925      3739.69     380.3084

 pDOS n Moments, associated Einstein freqs, temps and eff. force constants:
  n     Mom (THz^n)   Freq (THz)     Temp (K)    Eff. FC (N/m)
 -2       0.00224      21.14520      1014.78      28.0031
 -1       0.02614      38.25567      1835.92      91.6588
  0       1.00000     ---------     --------
  1      71.12566      71.12566      3413.38     316.8366
  2    6072.30027      77.92497      3739.69     380.3084

 Path Red. Mass (AMU):    0.955375
 Path Length (Ang), s^2 (1e-3 Ang^2):  8.2385  13.8279
--------------------------------------------------------------
 Path Indices:    1   6   8   6
 PDOS Poles:
     Freq. (THz)    Weight
        2.769       0.005857136
        5.768       0.011172924
        8.541       0.013473694
       19.845       0.000685712
       25.099       0.000013922
       29.491       0.004786214
       32.672       0.008304061
       36.900       0.001562892
       41.873       0.000438194
       41.967       0.005137995
       43.957       0.000051280
       90.698       0.000374822
       91.781       0.016704435
       91.909       0.266308155
       94.320       0.198627646
       94.588       0.466500859

 PDOS Einstein freq (single pole), associated temp and eff. force constant: 
 Freq (THz)   Temp (K)   Eff. FC (N/m)
  91.438      4388.19     511.8300

 pDOS n Moments, associated Einstein freqs, temps and eff. force constants:
  n     Mom (THz^n)   Freq (THz)     Temp (K)    Eff. FC (N/m)
 -2       0.00141      26.61366      1277.21      43.3592
 -1       0.01638      61.05261      2929.97     228.1815
  0       1.00000     ---------     --------
  1      89.81934      89.81934      4310.51     493.8690
  2    8360.91150      91.43802      4388.19     511.8299

 Path Red. Mass (AMU):    0.933820
 Path Length (Ang), s^2 (1e-3 Ang^2):  6.7819   8.8646
--------------------------------------------------------------
 Path Indices:    1   6   8   7
 PDOS Poles:
     Freq. (THz)    Weight
        3.742       0.005062446
        8.092       0.037865544
       11.880       0.006386614
       19.084       0.006806694
       28.909       0.023038885
       32.652       0.042585316
       36.196       0.005174904
       37.396       0.014053484
       41.059       0.000450840
       43.780       0.017075195
       43.976       0.074997150
       90.698       0.001421682
       91.781       0.008019159
       91.909       0.431105858
       94.320       0.295188815
       94.588       0.030767370

 PDOS Einstein freq (single pole), associated temp and eff. force constant: 
 Freq (THz)   Temp (K)   Eff. FC (N/m)
  83.053      3985.79     296.3002

 pDOS n Moments, associated Einstein freqs, temps and eff. force constants:
  n     Mom (THz^n)   Freq (THz)     Temp (K)    Eff. FC (N/m)
 -2       0.00122      28.60802      1372.92      35.1557
 -1       0.01990      50.24851      2411.47     108.4592
  0       1.00000     ---------     --------
  1      78.60458      78.60458      3772.30     265.4092
  2    6897.81608      83.05309      3985.79     296.3002

 Path Red. Mass (AMU):    0.655257
 Path Length (Ang), s^2 (1e-3 Ang^2):  7.4687  15.3494
--------------------------------------------------------------
 Path Indices:    1   6   8   9
 PDOS Poles:
     Freq. (THz)    Weight
        5.026       0.011783613
        8.340       0.013171646
       13.968       0.000035514
       19.869       0.012005341
       29.535       0.065814095
       32.228       0.003295836
       36.455       0.002832697
       37.996       0.007656625
       41.670       0.005341533
       43.086       0.001435637
       43.841       0.059915558
       90.698       0.000000069
       91.781       0.014748360
       91.909       0.530704695
       94.320       0.014415950
       94.588       0.256842746

 PDOS Einstein freq (single pole), associated temp and eff. force constant: 
 Freq (THz)   Temp (K)   Eff. FC (N/m)
  85.101      4084.07     294.9463

 pDOS n Moments, associated Einstein freqs, temps and eff. force constants:
  n     Mom (THz^n)   Freq (THz)     Temp (K)    Eff. FC (N/m)
 -2       0.00090      33.28785      1597.51      45.1279
 -1       0.01747      57.23492      2746.75     133.4123
  0       1.00000     ---------     --------
  1      81.54783      81.54783      3913.55     270.8311
  2    7242.17851      85.10099      4084.07     294.9462

 Path Red. Mass (AMU):    0.621248
 Path Length (Ang), s^2 (1e-3 Ang^2):  7.4611  14.2134
--------------------------------------------------------------
 Path Indices:    1   6   9   2
 PDOS Poles:
     Freq. (THz)    Weight
        4.595       0.001429166
        8.367       0.041271526
       11.423       0.000144449
       19.875       0.019942538
       25.626       0.000014868
       29.570       0.046891392
       33.841       0.000035776
       37.963       0.004502935
       40.827       0.001325507
       42.009       0.001087015
       43.984       0.005228351
       90.698       0.000531103
       91.781       0.001664255
       91.909       0.316147476
       94.320       0.559719977
       94.588       0.000063604

 PDOS Einstein freq (single pole), associated temp and eff. force constant: 
 Freq (THz)   Temp (K)   Eff. FC (N/m)
  87.986      4222.53     515.0754

 pDOS n Moments, associated Einstein freqs, temps and eff. force constants:
  n     Mom (THz^n)   Freq (THz)     Temp (K)    Eff. FC (N/m)
 -2       0.00087      33.89698      1626.75      76.4478
 -1       0.01754      57.00735      2735.83     216.2243
  0       1.00000     ---------     --------
  1      84.69523      84.69523      4064.60     477.2664
  2    7741.54818      87.98607      4222.53     515.0753

 Path Red. Mass (AMU):    1.014926
 Path Length (Ang), s^2 (1e-3 Ang^2):  9.3833   8.7349
--------------------------------------------------------------
 Path Indices:    1   6   9   3
 PDOS Poles:
     Freq. (THz)    Weight
        3.690       0.019260000
        6.446       0.043113664
        9.702       0.004976140
       19.882       0.036510153
       29.565       0.088599364
       32.066       0.000665115
       37.562       0.013882393
       39.331       0.006557921
       41.588       0.025493003
       42.819       0.005077853
       43.947       0.037653062
       90.698       0.027137519
       91.781       0.106118671
       91.909       0.180476585
       94.320       0.403875989
       94.588       0.000602550

 PDOS Einstein freq (single pole), associated temp and eff. force constant: 
 Freq (THz)   Temp (K)   Eff. FC (N/m)
  80.567      3866.46     473.9557

 pDOS n Moments, associated Einstein freqs, temps and eff. force constants:
  n     Mom (THz^n)   Freq (THz)     Temp (K)    Eff. FC (N/m)
 -2       0.00283      18.78652       901.58      25.7703
 -1       0.02711      36.89052      1770.41      99.3703
  0       1.00000     ---------     --------
  1      74.41454      74.41454      3571.22     404.3365
  2    6490.98313      80.56664      3866.46     473.9557

 Path Red. Mass (AMU):    1.113829
 Path Length (Ang), s^2 (1e-3 Ang^2):  8.2054  12.2996
--------------------------------------------------------------
 Path Indices:    1   6   9   4
 PDOS Poles:
     Freq. (THz)    Weight
        5.023       0.018470738
        8.320       0.027298251
       10.685       0.000408844
       19.872       0.017474664
       25.325       0.000017035
       29.570       0.090849937
       32.704       0.001859613
       37.963       0.007319472
       40.795       0.002501406
       41.964       0.012480911
       43.985       0.015871770
       90.698       0.000369915
       91.781       0.001624596
       91.909       0.286366572
       94.320       0.517031050
       94.588       0.000055175

 PDOS Einstein freq (single pole), associated temp and eff. force constant: 
 Freq (THz)   Temp (K)   Eff. FC (N/m)
  84.818      4070.47     526.7522

 pDOS n Moments, associated Einstein freqs, temps and eff. force constants:
  n     Mom (THz^n)   Freq (THz)     Temp (K)    Eff. FC (N/m)
 -2       0.00139      26.78158      1285.27      52.5179
 -1       0.02054      48.68941      2336.65     173.5818
  0       1.00000     ---------     --------
  1      80.29484      80.29484      3853.42     472.0744
  2    7194.01115      84.81752      4070.47     526.7521

 Path Red. Mass (AMU):    1.116931
 Path Length (Ang), s^2 (1e-3 Ang^2):  7.8130   9.2932
--------------------------------------------------------------
 Path Indices:    1   6   9   5
 PDOS Poles:
     Freq. (THz)    Weight
        4.056       0.021713616
        6.752       0.042381084
       10.288       0.003395735
       19.848       0.035039850
       29.534       0.085295370
       30.181       0.006208537
       37.176       0.009222792
       38.787       0.008393748
       41.479       0.025426470
       42.721       0.006660875
       43.931       0.038274554
       90.698       0.086181949
       91.781       0.022172641
       91.909       0.213316993
       94.320       0.395089714
       94.588       0.001226036

 PDOS Einstein freq (single pole), associated temp and eff. force constant: 
 Freq (THz)   Temp (K)   Eff. FC (N/m)
  80.468      3861.73     469.2555

 pDOS n Moments, associated Einstein freqs, temps and eff. force constants:
  n     Mom (THz^n)   Freq (THz)     Temp (K)    Eff. FC (N/m)
 -2       0.00261      19.58042       939.68      27.7848
 -1       0.02664      37.54027      1801.59     102.1310
  0       1.00000     ---------     --------
  1      74.33838      74.33838      3567.56     400.4873
  2    6475.10447      80.46803      3861.73     469.2555

 Path Red. Mass (AMU):    1.105487
 Path Length (Ang), s^2 (1e-3 Ang^2):  8.1937  12.1779
--------------------------------------------------------------
 Path Indices:    1   6   9   6
 PDOS Poles:
     Freq. (THz)    Weight
        4.633       0.001672004
        8.354       0.038658659
       11.965       0.002616909
       14.030       0.000126452
       19.879       0.002122540
       29.570       0.011621099
       32.678       0.001417765
       37.956       0.000817136
       40.754       0.000290468
       41.959       0.006372782
       43.984       0.000012678
       90.698       0.000585470
       91.781       0.001779327
       91.909       0.339313084
       94.320       0.592527685
       94.588       0.000065884

 PDOS Einstein freq (single pole), associated temp and eff. force constant: 
 Freq (THz)   Temp (K)   Eff. FC (N/m)
  90.479      4342.18     513.9602

 pDOS n Moments, associated Einstein freqs, temps and eff. force constants:
  n     Mom (THz^n)   Freq (THz)     Temp (K)    Eff. FC (N/m)
 -2       0.00078      35.75544      1715.94      80.2631
 -1       0.01594      62.73230      3010.58     247.0667
  0       1.00000     ---------     --------
  1      88.40250      88.40250      4242.51     490.6376
  2    8186.48983      90.47922      4342.18     513.9602

 Path Red. Mass (AMU):    0.957686
 Path Length (Ang), s^2 (1e-3 Ang^2):  6.7843   8.4122
--------------------------------------------------------------
 Path Indices:    1   6   9   7
 PDOS Poles:
     Freq. (THz)    Weight
        3.739       0.005500011
        8.070       0.040512812
       11.820       0.006641397
       19.086       0.008379355
       27.660       0.000405843
       28.917       0.036184333
       32.686       0.026188144
       36.905       0.031771995
       41.888       0.001213410
       43.781       0.008930283
       43.975       0.034055860
       90.698       0.000017156
       91.781       0.000530371
       91.909       0.530640764
       94.320       0.149013407
       94.588       0.120014770

 PDOS Einstein freq (single pole), associated temp and eff. force constant: 
 Freq (THz)   Temp (K)   Eff. FC (N/m)
  84.144      4038.12     327.0165

 pDOS n Moments, associated Einstein freqs, temps and eff. force constants:
  n     Mom (THz^n)   Freq (THz)     Temp (K)    Eff. FC (N/m)
 -2       0.00129      27.80400      1334.34      35.7061
 -1       0.02006      49.86198      2392.92     114.8330
  0       1.00000     ---------     --------
  1      79.83940      79.83940      3831.56     294.4166
  2    7080.13896      84.14356      4038.12     327.0164

 Path Red. Mass (AMU):    0.704562
 Path Length (Ang), s^2 (1e-3 Ang^2):  7.4625  14.3859
--------------------------------------------------------------
 Path Indices:    1   6   9   8
 PDOS Poles:
     Freq. (THz)    Weight
        4.393       0.004843634
        8.151       0.041378903
       11.922       0.006450944
       19.110       0.008470063
       23.978       0.000037722
       28.897       0.032989700
       32.681       0.029408535
       36.903       0.030265533
       41.942       0.001507858
       43.803       0.007778885
       43.981       0.033768389
       90.698       0.000085513
       91.781       0.009974158
       91.909       0.528154322
       94.320       0.138788135
       94.588       0.126097606

 PDOS Einstein freq (single pole), associated temp and eff. force constant: 
 Freq (THz)   Temp (K)   Eff. FC (N/m)
  84.256      4043.51     326.4927

 pDOS n Moments, associated Einstein freqs, temps and eff. force constants:
  n     Mom (THz^n)   Freq (THz)     Temp (K)    Eff. FC (N/m)
 -2       0.00115      29.52173      1416.77      40.0828
 -1       0.01967      50.84313      2440.01     118.8882
  0       1.00000     ---------     --------
  1      80.00200      80.00200      3839.37     294.3580
  2    7099.03386      84.25576      4043.51     326.4926

 Path Red. Mass (AMU):    0.701561
 Path Length (Ang), s^2 (1e-3 Ang^2):  7.4623  14.1686
--------------------------------------------------------------
 Path Indices:    1   7   1   2
 PDOS Poles:
     Freq. (THz)    Weight
        2.922       0.011466573
        7.826       0.100043069
        9.568       0.017054269
       19.138       0.044838597
       28.906       0.130806737
       30.743       0.009696080
       32.726       0.109304106
       36.924       0.082153218
       41.957       0.184017797
       43.775       0.063736770
       43.890       0.092038846
       90.698       0.000320489
       91.781       0.000030692
       91.909       0.048344258
       94.320       0.028882001
       94.588       0.077266478

 PDOS Einstein freq (single pole), associated temp and eff. force constant: 
 Freq (THz)   Temp (K)   Eff. FC (N/m)
  48.525      2328.74     146.6278

 pDOS n Moments, associated Einstein freqs, temps and eff. force constants:
  n     Mom (THz^n)   Freq (THz)     Temp (K)    Eff. FC (N/m)
 -2       0.00382      16.18450       776.71      16.3114
 -1       0.04083      24.49148      1175.37      37.3527
  0       1.00000     ---------     --------
  1      41.58593      41.58593      1995.75     107.6922
  2    2354.64134      48.52465      2328.74     146.6278

 Path Red. Mass (AMU):    0.949911
 Path Length (Ang), s^2 (1e-3 Ang^2): 12.1812  21.7234
--------------------------------------------------------------
 Path Indices:    1   7   1   3
 PDOS Poles:
     Freq. (THz)    Weight
        2.826       0.034553716
        7.381       0.065191082
       11.839       0.018192744
       19.170       0.020871321
       29.486       0.108845943
       32.435       0.047761444
       36.567       0.163413884
       37.591       0.242644774
       40.737       0.041221062
       41.982       0.079397102
       43.835       0.088021544
       90.698       0.004473222
       91.781       0.006616448
       91.909       0.022093446
       94.320       0.014170360
       94.588       0.042531897

 PDOS Einstein freq (single pole), associated temp and eff. force constant: 
 Freq (THz)   Temp (K)   Eff. FC (N/m)
  43.400      2082.80      61.3311

 pDOS n Moments, associated Einstein freqs, temps and eff. force constants:
  n     Mom (THz^n)   Freq (THz)     Temp (K)    Eff. FC (N/m)
 -2       0.00630      12.59927       604.65       5.1689
 -1       0.04564      21.90849      1051.41      15.6289
  0       1.00000     ---------     --------
  1      38.32380      38.32380      1839.19      47.8234
  2    1883.55008      43.39989      2082.80      61.3311

 Path Red. Mass (AMU):    0.496701
 Path Length (Ang), s^2 (1e-3 Ang^2): 13.0428  46.4427
--------------------------------------------------------------
 Path Indices:    1   7   1   4
 PDOS Poles:
     Freq. (THz)    Weight
        3.924       0.027390228
        7.961       0.120128561
       12.012       0.027474137
       19.182       0.037817862
       28.998       0.153135248
       32.147       0.035650601
       35.785       0.024608237
       37.366       0.080255969
       41.911       0.184912861
       42.893       0.011317346
       43.862       0.148720915
       90.698       0.001507713
       91.781       0.000004049
       91.909       0.045809540
       94.320       0.027506323
       94.588       0.073760396

 PDOS Einstein freq (single pole), associated temp and eff. force constant: 
 Freq (THz)   Temp (K)   Eff. FC (N/m)
  47.654      2286.94     134.6926

 pDOS n Moments, associated Einstein freqs, temps and eff. force constants:
  n     Mom (THz^n)   Freq (THz)     Temp (K)    Eff. FC (N/m)
 -2       0.00447      14.96264       718.07      13.2791
 -1       0.04521      22.12014      1061.56      29.0220
  0       1.00000     ---------     --------
  1      40.26249      40.26249      1932.23      96.1508
  2    2270.86782      47.65362      2286.94     134.6925

 Path Red. Mass (AMU):    0.904780
 Path Length (Ang), s^2 (1e-3 Ang^2): 13.0806  25.2519
--------------------------------------------------------------
 Path Indices:    1   7   1   5
 PDOS Poles:
     Freq. (THz)    Weight
        4.840       0.022450162
        8.191       0.046083833
       12.267       0.013127903
       19.203       0.024452035
       28.973       0.427941259
       31.630       0.045370582
       33.994       0.020623289
       37.807       0.112603174
       40.778       0.044384608
       41.984       0.080139573
       43.837       0.065083203
       90.698       0.015814611
       91.781       0.004700830
       91.909       0.026017437
       94.320       0.014076246
       94.588       0.037131247

 PDOS Einstein freq (single pole), associated temp and eff. force constant: 
 Freq (THz)   Temp (K)   Eff. FC (N/m)
  42.321      2031.02      58.3650

 pDOS n Moments, associated Einstein freqs, temps and eff. force constants:
  n     Mom (THz^n)   Freq (THz)     Temp (K)    Eff. FC (N/m)
 -2       0.00257      19.73483       947.09      12.6914
 -1       0.03793      26.36463      1265.26      22.6510
  0       1.00000     ---------     --------
  1      37.03332      37.03332      1777.26      44.6919
  2    1791.05562      42.32087      2031.02      58.3650

 Path Red. Mass (AMU):    0.497089
 Path Length (Ang), s^2 (1e-3 Ang^2): 13.0871  38.5628
--------------------------------------------------------------
 Path Indices:    1   7   1   6
 PDOS Poles:
     Freq. (THz)    Weight
        3.521       0.020055405
        8.048       0.159568008
       11.992       0.044369753
       19.087       0.037193222
       28.871       0.113202478
       30.379       0.004464640
       32.694       0.171701354
       36.914       0.076733815
       41.952       0.088983954
       43.715       0.027892210
       43.871       0.119185407
       90.698       0.000257334
       91.781       0.000096044
       91.909       0.028332406
       94.320       0.033777803
       94.588       0.074186150

 PDOS Einstein freq (single pole), associated temp and eff. force constant: 
 Freq (THz)   Temp (K)   Eff. FC (N/m)
  45.419      2179.69     122.3144

 pDOS n Moments, associated Einstein freqs, temps and eff. force constants:
  n     Mom (THz^n)   Freq (THz)     Temp (K)    Eff. FC (N/m)
 -2       0.00499      14.15297       679.21      11.8768
 -1       0.04950      20.20183       969.50      24.1984
  0       1.00000     ---------     --------
  1      37.46717      37.46717      1798.08      83.2351
  2    2062.87269      45.41886      2179.69     122.3144

 Path Red. Mass (AMU):    0.904474
 Path Length (Ang), s^2 (1e-3 Ang^2): 14.5059  27.6591
--------------------------------------------------------------
 Path Indices:    1   7   1   7
 PDOS Poles:
     Freq. (THz)    Weight
        3.108       0.014031879
        7.829       0.085348149
       11.840       0.018016671
       19.111       0.043304235
       28.909       0.134191257
       31.227       0.011372596
       32.755       0.103200109
       36.930       0.084068019
       41.957       0.188782314
       43.758       0.051091615
       43.883       0.108190416
       90.698       0.000329219
       91.781       0.000031341
       91.909       0.049443456
       94.320       0.029584350
       94.588       0.079014417

 PDOS Einstein freq (single pole), associated temp and eff. force constant: 
 Freq (THz)   Temp (K)   Eff. FC (N/m)
  49.006      2351.84      78.1391

 pDOS n Moments, associated Einstein freqs, temps and eff. force constants:
  n     Mom (THz^n)   Freq (THz)     Temp (K)    Eff. FC (N/m)
 -2       0.00363      16.59734       796.52       8.9629
 -1       0.03946      25.34238      1216.20      20.8960
  0       1.00000     ---------     --------
  1      42.21762      42.21762      2026.06      57.9905
  2    2401.59096      49.00603      2351.84      78.1391

 Path Red. Mass (AMU):    0.496318
 Path Length (Ang), s^2 (1e-3 Ang^2): 14.8576  40.1806
--------------------------------------------------------------
 Path Indices:    1   7   1   8
 PDOS Poles:
     Freq. (THz)    Weight
        3.913       0.001424438
        8.370       0.106774695
       12.197       0.038300639
       19.873       0.007958764
       26.810       0.000042440
       29.566       0.029600999
       32.678       0.234625667
       37.926       0.005509160
       40.295       0.000159441
       41.959       0.384199446
       43.985       0.021276099
       90.698       0.000357827
       91.781       0.001161878
       91.909       0.103280279
       94.320       0.065312997
       94.588       0.000015210

 PDOS Einstein freq (single pole), associated temp and eff. force constant: 
 Freq (THz)   Temp (K)   Eff. FC (N/m)
  49.849      2392.29      80.8891

 pDOS n Moments, associated Einstein freqs, temps and eff. force constants:
  n     Mom (THz^n)   Freq (THz)     Temp (K)    Eff. FC (N/m)
 -2       0.00240      20.40681       979.34      13.5560
 -1       0.03647      27.42230      1316.02      24.4787
  0       1.00000     ---------     --------
  1      43.13318      43.13318      2070.00      60.5624
  2    2484.90157      49.84879      2392.29      80.8890

 Path Red. Mass (AMU):    0.496560
 Path Length (Ang), s^2 (1e-3 Ang^2): 14.8794  37.1150
--------------------------------------------------------------
 Path Indices:    1   7   1   9
 PDOS Poles:
     Freq. (THz)    Weight
        4.134       0.020002053
        7.906       0.055618617
       12.297       0.006079216
       19.536       0.035136906
       29.067       0.104905380
       30.668       0.025533113
       34.633       0.008434933
       37.188       0.042607829
       41.715       0.083383716
       42.027       0.236660243
       43.846       0.080517582
       90.698       0.000005182
       91.781       0.000312571
       91.909       0.202262238
       94.320       0.060135647
       94.588       0.038404733

 PDOS Einstein freq (single pole), associated temp and eff. force constant: 
 Freq (THz)   Temp (K)   Eff. FC (N/m)
  59.225      2842.25     114.1739

 pDOS n Moments, associated Einstein freqs, temps and eff. force constants:
  n     Mom (THz^n)   Freq (THz)     Temp (K)    Eff. FC (N/m)
 -2       0.00264      19.46163       933.98      12.3287
 -1       0.03271      30.57101      1467.13      30.4214
  0       1.00000     ---------     --------
  1      51.87109      51.87109      2489.34      87.5810
  2    3507.57833      59.22481      2842.25     114.1738

 Path Red. Mass (AMU):    0.496536
 Path Length (Ang), s^2 (1e-3 Ang^2): 15.1937  33.2939
--------------------------------------------------------------
 Path Indices:    1   7   2   3
 PDOS Poles:
     Freq. (THz)    Weight
        4.427       0.018421062
        7.647       0.064808848
       12.252       0.023748845
       19.292       0.063216201
       29.383       0.086143178
       31.692       0.053077024
       33.820       0.041301727
       37.215       0.269993198
       38.969       0.023463509
       41.949       0.087110129
       43.828       0.101221434
       90.698       0.027160062
       91.781       0.060613408
       91.909       0.017342292
       94.320       0.012902960
       94.588       0.049476122

 PDOS Einstein freq (single pole), associated temp and eff. force constant: 
 Freq (THz)   Temp (K)   Eff. FC (N/m)
  49.004      2351.75      85.1894

 pDOS n Moments, associated Einstein freqs, temps and eff. force constants:
  n     Mom (THz^n)   Freq (THz)     Temp (K)    Eff. FC (N/m)
 -2       0.00290      18.57850       891.60      12.2445
 -1       0.03773      26.50344      1271.92      24.9186
  0       1.00000     ---------     --------
  1      42.26780      42.26780      2028.47      63.3779
  2    2401.41239      49.00421      2351.75      85.1894

 Path Red. Mass (AMU):    0.541141
 Path Length (Ang), s^2 (1e-3 Ang^2): 10.2733  35.2381
--------------------------------------------------------------
 Path Indices:    1   7   2   4
 PDOS Poles:
     Freq. (THz)    Weight
        5.722       0.038472155
        8.215       0.099236367
       12.326       0.041247267
       19.591       0.054221962
       29.007       0.134880750
       31.806       0.047815569
       33.990       0.026122192
       37.292       0.081613688
       41.113       0.008715425
       41.980       0.168515947
       43.833       0.160525082
       90.698       0.000262166
       91.781       0.000019589
       91.909       0.043160960
       94.320       0.026900831
       94.588       0.068290033

 PDOS Einstein freq (single pole), associated temp and eff. force constant: 
 Freq (THz)   Temp (K)   Eff. FC (N/m)
  46.668      2239.65     131.8208

 pDOS n Moments, associated Einstein freqs, temps and eff. force constants:
  n     Mom (THz^n)   Freq (THz)     Temp (K)    Eff. FC (N/m)
 -2       0.00355      16.79038       805.79      17.0633
 -1       0.04340      23.04375      1105.89      32.1401
  0       1.00000     ---------     --------
  1      39.42889      39.42889      1892.23      94.0957
  2    2177.92614      46.66826      2239.65     131.8208

 Path Red. Mass (AMU):    0.923277
 Path Length (Ang), s^2 (1e-3 Ang^2):  9.7193  23.7541
--------------------------------------------------------------
 Path Indices:    1   7   2   5
 PDOS Poles:
     Freq. (THz)    Weight
        5.419       0.015946578
        8.060       0.045362581
       12.155       0.021550134
       19.872       0.011204079
       28.963       0.366636664
       30.828       0.031774705
       32.892       0.059268731
       37.873       0.091926911
       40.307       0.004852421
       41.955       0.087427982
       43.829       0.088331291
       90.698       0.076283494
       91.781       0.026118676
       91.909       0.027914795
       94.320       0.013206949
       94.588       0.032194014

 PDOS Einstein freq (single pole), associated temp and eff. force constant: 
 Freq (THz)   Temp (K)   Eff. FC (N/m)
  48.632      2333.89      83.8941

 pDOS n Moments, associated Einstein freqs, temps and eff. force constants:
  n     Mom (THz^n)   Freq (THz)     Temp (K)    Eff. FC (N/m)
 -2       0.00212      21.69594      1041.21      16.6972
 -1       0.03496      28.60737      1372.89      29.0297
  0       1.00000     ---------     --------
  1      41.87354      41.87354      2009.55      62.1964
  2    2365.07665      48.63205      2333.89      83.8941

 Path Red. Mass (AMU):    0.541100
 Path Length (Ang), s^2 (1e-3 Ang^2): 10.2602  32.6490
--------------------------------------------------------------
 Path Indices:    1   7   2   6
 PDOS Poles:
     Freq. (THz)    Weight
        5.519       0.027880168
        8.141       0.162577188
       12.176       0.097601230
       19.249       0.031168589
       26.820       0.000872619
       28.919       0.092819435
       32.687       0.150774137
       36.918       0.061338029
       41.953       0.084797304
       42.899       0.000909499
       43.831       0.157168379
       90.698       0.000287048
       91.781       0.000069845
       91.909       0.026587076
       94.320       0.037581174
       94.588       0.067568251

 PDOS Einstein freq (single pole), associated temp and eff. force constant: 
 Freq (THz)   Temp (K)   Eff. FC (N/m)
  44.495      2135.38     118.4190

 pDOS n Moments, associated Einstein freqs, temps and eff. force constants:
  n     Mom (THz^n)   Freq (THz)     Temp (K)    Eff. FC (N/m)
 -2       0.00455      14.81719       711.09      13.1317
 -1       0.05121      19.52815       937.17      22.8093
  0       1.00000     ---------     --------
  1      36.06340      36.06340      1730.71      77.7898
  2    1979.84875      44.49549      2135.38     118.4190

 Path Red. Mass (AMU):    0.912390
 Path Length (Ang), s^2 (1e-3 Ang^2): 10.6749  28.3650
--------------------------------------------------------------
 Path Indices:    1   7   2   7
 PDOS Poles:
     Freq. (THz)    Weight
        5.939       0.038143480
        8.024       0.077017169
       12.170       0.057913147
       19.108       0.031099088
       28.950       0.116501188
       32.436       0.085657780
       33.355       0.026923180
       36.971       0.068604858
       41.953       0.175540723
       42.445       0.002534155
       43.830       0.171732132
       90.698       0.000332016
       91.781       0.000021822
       91.909       0.046221268
       94.320       0.028441711
       94.588       0.073316280

 PDOS Einstein freq (single pole), associated temp and eff. force constant: 
 Freq (THz)   Temp (K)   Eff. FC (N/m)
  47.786      2293.29      75.3282

 pDOS n Moments, associated Einstein freqs, temps and eff. force constants:
  n     Mom (THz^n)   Freq (THz)     Temp (K)    Eff. FC (N/m)
 -2       0.00326      17.52456       841.02      10.1310
 -1       0.04148      24.10759      1156.94      19.1719
  0       1.00000     ---------     --------
  1      40.62593      40.62593      1949.67      54.4456
  2    2283.50228      47.78601      2293.29      75.3282

 Path Red. Mass (AMU):    0.503208
 Path Length (Ang), s^2 (1e-3 Ang^2): 10.9144  41.6604
--------------------------------------------------------------
 Path Indices:    1   7   2   8
 PDOS Poles:
     Freq. (THz)    Weight
        2.255       0.000399543
        8.382       0.105725096
       12.206       0.082765153
       19.883       0.002552286
       29.561       0.040609603
       32.213       0.002846391
       32.682       0.233008861
       37.950       0.008931245
       40.595       0.000026853
       41.959       0.368540032
       43.979       0.000410292
       90.698       0.000355897
       91.781       0.000997710
       91.909       0.092682001
       94.320       0.060128520
       94.588       0.000020499

 PDOS Einstein freq (single pole), associated temp and eff. force constant: 
 Freq (THz)   Temp (K)   Eff. FC (N/m)
  47.958      2301.55      75.8828

 pDOS n Moments, associated Einstein freqs, temps and eff. force constants:
  n     Mom (THz^n)   Freq (THz)     Temp (K)    Eff. FC (N/m)
 -2       0.00265      19.43848       932.87      12.4665
 -1       0.03898      25.65323      1231.12      21.7121
  0       1.00000     ---------     --------
  1      40.99257      40.99257      1967.27      55.4407
  2    2299.98418      47.95815      2301.55      75.8828

 Path Red. Mass (AMU):    0.503280
 Path Length (Ang), s^2 (1e-3 Ang^2): 10.8905  39.1447
--------------------------------------------------------------
 Path Indices:    1   7   2   9
 PDOS Poles:
     Freq. (THz)    Weight
        5.720       0.021898350
        8.246       0.059492891
       12.334       0.025843964
       19.665       0.037170738
       29.053       0.075571062
       31.541       0.017904079
       34.604       0.008170140
       37.157       0.031997276
       41.931       0.239794241
       42.739       0.008860213
       43.854       0.101191022
       90.698       0.000000480
       91.781       0.000473502
       91.909       0.243027287
       94.320       0.092955855
       94.588       0.035648848

 PDOS Einstein freq (single pole), associated temp and eff. force constant: 
 Freq (THz)   Temp (K)   Eff. FC (N/m)
  63.197      3032.87     132.6809

 pDOS n Moments, associated Einstein freqs, temps and eff. force constants:
  n     Mom (THz^n)   Freq (THz)     Temp (K)    Eff. FC (N/m)
 -2       0.00218      21.39317      1026.68      15.2043
 -1       0.03154      31.70520      1521.56      33.3947
  0       1.00000     ---------     --------
  1      55.28799      55.28799      2653.32     101.5497
  2    3993.84618      63.19688      3032.87     132.6808

 Path Red. Mass (AMU):    0.506767
 Path Length (Ang), s^2 (1e-3 Ang^2): 11.6242  31.4547
--------------------------------------------------------------
 Path Indices:    1   7   3   2
 PDOS Poles:
     Freq. (THz)    Weight
        3.317       0.001403944
        8.417       0.022547570
       16.953       0.002359933
       19.161       0.196071963
       28.893       0.048823639
       32.654       0.102559343
       36.965       0.046423674
       39.397       0.018867987
       41.456       0.101288340
       42.398       0.039964336
       43.936       0.078165561
       90.698       0.062788359
       91.781       0.153391261
       91.909       0.024315155
       94.320       0.017179344
       94.588       0.083849607

 PDOS Einstein freq (single pole), associated temp and eff. force constant: 
 Freq (THz)   Temp (K)   Eff. FC (N/m)
  60.257      2891.80     151.8919

 pDOS n Moments, associated Einstein freqs, temps and eff. force constants:
  n     Mom (THz^n)   Freq (THz)     Temp (K)    Eff. FC (N/m)
 -2       0.00135      27.21042      1305.85      30.9731
 -1       0.02890      34.60032      1660.50      50.0811
  0       1.00000     ---------     --------
  1      52.09740      52.09740      2500.20     113.5392
  2    3630.95303      60.25739      2891.80     151.8919

 Path Red. Mass (AMU):    0.638124
 Path Length (Ang), s^2 (1e-3 Ang^2):  9.8314  22.8897
--------------------------------------------------------------
 Path Indices:    1   7   3   4
 PDOS Poles:
     Freq. (THz)    Weight
        3.856       0.005483967
        8.240       0.024108704
       12.365       0.003028376
       19.118       0.090741808
       28.889       0.122207719
       32.665       0.046199445
       37.135       0.016341592
       40.125       0.023605044
       41.667       0.105852643
       42.630       0.020100720
       43.944       0.078505110
       90.698       0.101252567
       91.781       0.247585357
       91.909       0.018200288
       94.320       0.014102925
       94.588       0.082683768

 PDOS Einstein freq (single pole), associated temp and eff. force constant: 
 Freq (THz)   Temp (K)   Eff. FC (N/m)
  67.502      3239.49     171.6429

 pDOS n Moments, associated Einstein freqs, temps and eff. force constants:
  n     Mom (THz^n)   Freq (THz)     Temp (K)    Eff. FC (N/m)
 -2       0.00138      26.96102      1293.88      27.3819
 -1       0.02585      38.68960      1856.75      56.3871
  0       1.00000     ---------     --------
  1      60.03363      60.03363      2881.07     135.7626
  2    4556.53685      67.50212      3239.49     171.6429

 Path Red. Mass (AMU):    0.574622
 Path Length (Ang), s^2 (1e-3 Ang^2):  8.5885  22.7326
--------------------------------------------------------------
 Path Indices:    1   7   3   5
 PDOS Poles:
     Freq. (THz)    Weight
        5.049       0.009132130
        8.526       0.014774888
       13.906       0.001571814
       19.159       0.085913134
       28.907       0.242536198
       32.582       0.055644561
       36.241       0.007165379
       39.506       0.010362924
       41.282       0.071626730
       42.319       0.033079356
       43.937       0.054937821
       90.698       0.285759821
       91.781       0.042906403
       91.909       0.019733707
       94.320       0.010459702
       94.588       0.054395445

 PDOS Einstein freq (single pole), associated temp and eff. force constant: 
 Freq (THz)   Temp (K)   Eff. FC (N/m)
  63.768      3060.29     129.1389

 pDOS n Moments, associated Einstein freqs, temps and eff. force constants:
  n     Mom (THz^n)   Freq (THz)     Temp (K)    Eff. FC (N/m)
 -2       0.00130      27.76965      1332.69      24.4901
 -1       0.02698      37.06072      1778.58      43.6191
  0       1.00000     ---------     --------
  1      55.90491      55.90491      2682.93      99.2542
  2    4066.38204      63.76819      3060.29     129.1389

 Path Red. Mass (AMU):    0.484440
 Path Length (Ang), s^2 (1e-3 Ang^2):  9.2428  28.1495
--------------------------------------------------------------
 Path Indices:    1   7   3   6
 PDOS Poles:
     Freq. (THz)    Weight
        3.824       0.004094702
        8.393       0.027131990
       12.920       0.003096153
       19.121       0.132699090
       28.971       0.185116929
       32.584       0.144231660
       35.413       0.006820655
       38.451       0.023089729
       41.047       0.087343436
       42.365       0.025003707
       43.943       0.066220267
       90.698       0.057434645
       91.781       0.137313289
       91.909       0.011137456
       94.320       0.012954065
       94.588       0.076312243

 PDOS Einstein freq (single pole), associated temp and eff. force constant: 
 Freq (THz)   Temp (K)   Eff. FC (N/m)
  56.950      2733.10     109.1838

 pDOS n Moments, associated Einstein freqs, temps and eff. force constants:
  n     Mom (THz^n)   Freq (THz)     Temp (K)    Eff. FC (N/m)
 -2       0.00156      25.32890      1215.56      21.5972
 -1       0.03051      32.77413      1572.86      36.1600
  0       1.00000     ---------     --------
  1      48.84274      48.84274      2344.01      80.3093
  2    3243.33921      56.95032      2733.10     109.1838

 Path Red. Mass (AMU):    0.513520
 Path Length (Ang), s^2 (1e-3 Ang^2):  9.6835  30.0287
--------------------------------------------------------------
 Path Indices:    1   7   3   7
 PDOS Poles:
     Freq. (THz)    Weight
        2.390       0.001381772
        8.284       0.007969830
       16.250       0.000326226
       19.104       0.187892465
       28.927       0.169239373
       32.638       0.094096250
       37.137       0.007543295
       39.926       0.033612331
       41.174       0.140559426
       42.274       0.050002659
       43.949       0.068923567
       90.698       0.038714944
       91.781       0.096480337
       91.909       0.021453006
       94.320       0.014507955
       94.588       0.067296571

 PDOS Einstein freq (single pole), associated temp and eff. force constant: 
 Freq (THz)   Temp (K)   Eff. FC (N/m)
  53.660      2575.19      66.6281

 pDOS n Moments, associated Einstein freqs, temps and eff. force constants:
  n     Mom (THz^n)   Freq (THz)     Temp (K)    Eff. FC (N/m)
 -2       0.00137      27.05996      1298.63      16.9438
 -1       0.02992      33.42726      1604.20      25.8558
  0       1.00000     ---------     --------
  1      46.25524      46.25524      2219.83      49.5083
  2    2879.39715      53.66001      2575.19      66.6281

 Path Red. Mass (AMU):    0.352978
 Path Length (Ang), s^2 (1e-3 Ang^2): 10.0306  42.8328
--------------------------------------------------------------
 Path Indices:    1   7   3   8
 PDOS Poles:
     Freq. (THz)    Weight
        5.254       0.002367779
        8.307       0.027368843
       12.176       0.006346771
       19.098       0.041670723
       28.903       0.023143990
       32.676       0.179671984
       36.961       0.024001778
       38.175       0.013494593
       40.818       0.039636792
       41.965       0.194087810
       43.984       0.056420977
       90.698       0.053698285
       91.781       0.158902388
       91.909       0.106582023
       94.320       0.071154297
       94.588       0.001450969

 PDOS Einstein freq (single pole), associated temp and eff. force constant: 
 Freq (THz)   Temp (K)   Eff. FC (N/m)
  64.228      3082.38      99.4161

 pDOS n Moments, associated Einstein freqs, temps and eff. force constants:
  n     Mom (THz^n)   Freq (THz)     Temp (K)    Eff. FC (N/m)
 -2       0.00107      30.54887      1466.07      22.4902
 -1       0.02488      40.18935      1928.72      38.9246
  0       1.00000     ---------     --------
  1      57.39823      57.39823      2754.59      79.3961
  2    4125.29212      64.22844      3082.38      99.4161

 Path Red. Mass (AMU):    0.367615
 Path Length (Ang), s^2 (1e-3 Ang^2): 10.5875  34.2074
--------------------------------------------------------------
 Path Indices:    1   7   3   9
 PDOS Poles:
     Freq. (THz)    Weight
        4.562       0.007220511
        7.895       0.011111728
       16.927       0.002009437
       19.334       0.080074476
       28.489       0.055827868
       29.385       0.278626063
       32.705       0.014595572
       37.891       0.009519204
       40.819       0.019809550
       41.963       0.228876211
       43.871       0.005256693
       90.698       0.026426463
       91.781       0.075058607
       91.909       0.111235822
       94.320       0.028134331
       94.588       0.046217454

 PDOS Einstein freq (single pole), associated temp and eff. force constant: 
 Freq (THz)   Temp (K)   Eff. FC (N/m)
  56.972      2734.12      77.3678

 pDOS n Moments, associated Einstein freqs, temps and eff. force constants:
  n     Mom (THz^n)   Freq (THz)     Temp (K)    Eff. FC (N/m)
 -2       0.00134      27.35456      1312.77      17.8362
 -1       0.02856      35.01966      1680.62      29.2325
  0       1.00000     ---------     --------
  1      49.49690      49.49690      2375.40      58.3980
  2    3245.77087      56.97167      2734.12      77.3678

 Path Red. Mass (AMU):    0.363608
 Path Length (Ang), s^2 (1e-3 Ang^2): 10.0043  39.6898
--------------------------------------------------------------
 Path Indices:    1   7   4   2
 PDOS Poles:
     Freq. (THz)    Weight
        3.395       0.004502126
        8.216       0.047162404
       15.361       0.000760116
       19.481       0.036574311
       28.910       0.123424160
       32.515       0.120258337
       33.847       0.017407918
       36.977       0.087411663
       41.941       0.128772563
       43.479       0.010548950
       43.890       0.106418456
       90.698       0.000239984
       91.781       0.000001898
       91.909       0.099960771
       94.320       0.058332254
       94.588       0.158224064

 PDOS Einstein freq (single pole), associated temp and eff. force constant: 
 Freq (THz)   Temp (K)   Eff. FC (N/m)
  60.162      2887.22     236.7329

 pDOS n Moments, associated Einstein freqs, temps and eff. force constants:
  n     Mom (THz^n)   Freq (THz)     Temp (K)    Eff. FC (N/m)
 -2       0.00170      24.25628      1164.08      38.4826
 -1       0.02896      34.53186      1657.21      77.9931
  0       1.00000     ---------     --------
  1      52.63421      52.63421      2525.96     181.1975
  2    3619.45118      60.16187      2887.22     236.7329

 Path Red. Mass (AMU):    0.997717
 Path Length (Ang), s^2 (1e-3 Ang^2):  8.8972  14.6689
--------------------------------------------------------------
 Path Indices:    1   7   4   3
 PDOS Poles:
     Freq. (THz)    Weight
        2.995       0.014407384
        7.569       0.029441331
       11.761       0.006567001
       19.136       0.013623272
       29.365       0.037362548
       32.626       0.085925101
       36.886       0.182060079
       38.167       0.044158190
       41.485       0.054568954
       42.266       0.037332835
       43.859       0.072006717
       90.698       0.056986889
       91.781       0.163279499
       91.909       0.044154519
       94.320       0.030574244
       94.588       0.127551451

 PDOS Einstein freq (single pole), associated temp and eff. force constant: 
 Freq (THz)   Temp (K)   Eff. FC (N/m)
  66.128      3173.54     184.2529

 pDOS n Moments, associated Einstein freqs, temps and eff. force constants:
  n     Mom (THz^n)   Freq (THz)     Temp (K)    Eff. FC (N/m)
 -2       0.00263      19.49266       935.47      16.0098
 -1       0.02837      35.24915      1691.64      52.3529
  0       1.00000     ---------     --------
  1      59.06643      59.06643      2834.65     147.0027
  2    4372.90975      66.12798      3173.54     184.2529

 Path Red. Mass (AMU):    0.642740
 Path Length (Ang), s^2 (1e-3 Ang^2):  8.2083  22.3070
--------------------------------------------------------------
 Path Indices:    1   7   4   5
 PDOS Poles:
     Freq. (THz)    Weight
        4.941       0.011082356
        8.319       0.023208896
       12.439       0.004172875
       19.150       0.019475594
       28.941       0.237768156
       32.558       0.084999752
       35.347       0.004898545
       38.137       0.036907324
       41.406       0.050698829
       42.211       0.044167367
       43.863       0.061650732
       90.698       0.172399437
       91.781       0.063585934
       91.909       0.071717834
       94.320       0.031599098
       94.588       0.081667273

 PDOS Einstein freq (single pole), associated temp and eff. force constant: 
 Freq (THz)   Temp (K)   Eff. FC (N/m)
  64.918      3115.48     178.6236

 pDOS n Moments, associated Einstein freqs, temps and eff. force constants:
  n     Mom (THz^n)   Freq (THz)     Temp (K)    Eff. FC (N/m)
 -2       0.00140      26.73662      1283.11      30.2985
 -1       0.02657      37.64091      1806.42      60.0520
  0       1.00000     ---------     --------
  1      57.33874      57.33874      2751.74     139.3489
  2    4214.35876      64.91809      3115.48     178.6236

 Path Red. Mass (AMU):    0.646545
 Path Length (Ang), s^2 (1e-3 Ang^2):  8.2099  20.7666
--------------------------------------------------------------
 Path Indices:    1   7   4   6
 PDOS Poles:
     Freq. (THz)    Weight
        3.816       0.007789585
        8.148       0.058222079
       12.051       0.011535606
       19.119       0.021491385
       28.929       0.112436712
       32.665       0.295713181
       36.847       0.075804092
       38.763       0.005461972
       41.719       0.045982173
       42.881       0.008978825
       43.869       0.093436449
       90.698       0.000678074
       91.781       0.000059308
       91.909       0.064684206
       94.320       0.055059410
       94.588       0.142666925

 PDOS Einstein freq (single pole), associated temp and eff. force constant: 
 Freq (THz)   Temp (K)   Eff. FC (N/m)
  55.941      2684.64     184.0869

 pDOS n Moments, associated Einstein freqs, temps and eff. force constants:
  n     Mom (THz^n)   Freq (THz)     Temp (K)    Eff. FC (N/m)
 -2       0.00213      21.66345      1039.65      27.6073
 -1       0.03265      30.62674      1469.80      55.1785
  0       1.00000     ---------     --------
  1      48.07318      48.07318      2307.07     135.9484
  2    3129.35117      55.94060      2684.64     184.0868

 Path Red. Mass (AMU):    0.897345
 Path Length (Ang), s^2 (1e-3 Ang^2):  8.6205  18.3893
--------------------------------------------------------------
 Path Indices:    1   7   4   7
 PDOS Poles:
     Freq. (THz)    Weight
        3.792       0.001703344
        8.006       0.017210995
       11.173       0.001428707
       19.094       0.016378404
       28.894       0.121868498
       32.676       0.199820369
       36.901       0.092846582
       40.534       0.006535474
       41.942       0.120417704
       43.699       0.025071077
       43.899       0.086544078
       90.698       0.001004155
       91.781       0.000166674
       91.909       0.096607714
       94.320       0.056681518
       94.588       0.155714693

 PDOS Einstein freq (single pole), associated temp and eff. force constant: 
 Freq (THz)   Temp (K)   Eff. FC (N/m)
  60.077      2883.12     119.6753

 pDOS n Moments, associated Einstein freqs, temps and eff. force constants:
  n     Mom (THz^n)   Freq (THz)     Temp (K)    Eff. FC (N/m)
 -2       0.00101      31.45769      1509.68      32.8132
 -1       0.02532      39.49068      1895.19      51.7112
  0       1.00000     ---------     --------
  1      53.22045      53.22045      2554.10      93.9187
  2    3609.18835      60.07652      2883.12     119.6753

 Path Red. Mass (AMU):    0.505809
 Path Length (Ang), s^2 (1e-3 Ang^2):  9.2702  25.3014
--------------------------------------------------------------
 Path Indices:    1   7   4   8
 PDOS Poles:
     Freq. (THz)    Weight
        4.560       0.001222436
        8.368       0.041501491
       12.194       0.011936108
       19.876       0.002402226
       29.114       0.001122395
       29.639       0.006440489
       32.678       0.299980310
       37.797       0.000570847
       40.760       0.005117840
       41.959       0.262265876
       43.985       0.035139871
       90.698       0.000080633
       91.781       0.001477679
       91.909       0.205791476
       94.320       0.124947286
       94.588       0.000002999

 PDOS Einstein freq (single pole), associated temp and eff. force constant: 
 Freq (THz)   Temp (K)   Eff. FC (N/m)
  61.112      2932.84     124.5740

 pDOS n Moments, associated Einstein freqs, temps and eff. force constants:
  n     Mom (THz^n)   Freq (THz)     Temp (K)    Eff. FC (N/m)
 -2       0.00124      28.43651      1364.69      26.9725
 -1       0.02653      37.68721      1808.64      47.3758
  0       1.00000     ---------     --------
  1      54.19509      54.19509      2600.87      97.9691
  2    3734.72323      61.11238      2932.84     124.5740

 Path Red. Mass (AMU):    0.508815
 Path Length (Ang), s^2 (1e-3 Ang^2):  9.2717  26.3555
--------------------------------------------------------------
 Path Indices:    1   7   4   9
 PDOS Poles:
     Freq. (THz)    Weight
        4.366       0.008236268
        8.082       0.019095267
       14.505       0.000654328
       19.562       0.020901130
       29.243       0.148114842
       31.807       0.036298136
       34.746       0.014416712
       37.439       0.053637251
       41.024       0.024162968
       41.980       0.229817180
       43.846       0.051560326
       90.698       0.000354129
       91.781       0.000490492
       91.909       0.272638325
       94.320       0.043184933
       94.588       0.076437666

 PDOS Einstein freq (single pole), associated temp and eff. force constant: 
 Freq (THz)   Temp (K)   Eff. FC (N/m)
  64.719      3105.90     136.3203

 pDOS n Moments, associated Einstein freqs, temps and eff. force constants:
  n     Mom (THz^n)   Freq (THz)     Temp (K)    Eff. FC (N/m)
 -2       0.00126      28.18548      1352.65      25.8556
 -1       0.02490      40.16496      1927.55      52.5047
  0       1.00000     ---------     --------
  1      57.94174      57.94174      2780.67     109.2663
  2    4188.48682      64.71852      3105.90     136.3203

 Path Red. Mass (AMU):    0.496472
 Path Length (Ang), s^2 (1e-3 Ang^2):  9.2317  25.3444
--------------------------------------------------------------
 Path Indices:    1   7   5   2
 PDOS Poles:
     Freq. (THz)    Weight
        2.750       0.003275413
        8.221       0.022636474
       12.575       0.001058800
       19.539       0.007613677
       28.913       0.109697233
       32.645       0.085729147
       36.843       0.043920517
       38.481       0.009542704
       41.684       0.053263870
       42.454       0.017344605
       43.868       0.055494548
       90.698       0.280541279
       91.781       0.097516369
       91.909       0.085594915
       94.320       0.035513938
       94.588       0.091256519

 PDOS Einstein freq (single pole), associated temp and eff. force constant: 
 Freq (THz)   Temp (K)   Eff. FC (N/m)
  74.005      3551.55     221.4307

 pDOS n Moments, associated Einstein freqs, temps and eff. force constants:
  n     Mom (THz^n)   Freq (THz)     Temp (K)    Eff. FC (N/m)
 -2       0.00118      29.05731      1394.49      34.1373
 -1       0.02166      46.17135      2215.80      86.1913
  0       1.00000     ---------     --------
  1      67.94691      67.94691      3260.83     186.6628
  2    5476.70728      74.00478      3551.55     221.4307

 Path Red. Mass (AMU):    0.616751
 Path Length (Ang), s^2 (1e-3 Ang^2): 10.3735  17.7477
--------------------------------------------------------------
 Path Indices:    1   7   5   3
 PDOS Poles:
     Freq. (THz)    Weight
        3.039       0.009781481
        7.481       0.017734298
       11.625       0.002848785
       19.538       0.004652207
       29.534       0.019253772
       32.644       0.043768383
       36.891       0.171840686
       39.970       0.014534614
       40.992       0.092644477
       42.263       0.020491936
       43.862       0.042575468
       90.698       0.415295457
       91.781       0.000561259
       91.909       0.047647379
       94.320       0.021236279
       94.588       0.075133522

 PDOS Einstein freq (single pole), associated temp and eff. force constant: 
 Freq (THz)   Temp (K)   Eff. FC (N/m)
  72.681      3488.04     150.5591

 pDOS n Moments, associated Einstein freqs, temps and eff. force constants:
  n     Mom (THz^n)   Freq (THz)     Temp (K)    Eff. FC (N/m)
 -2       0.00176      23.81204      1142.76      16.1605
 -1       0.02293      43.61949      2093.34      54.2278
  0       1.00000     ---------     --------
  1      66.94224      66.94224      3212.62     127.7208
  2    5282.57860      72.68135      3488.04     150.5591

 Path Red. Mass (AMU):    0.434763
 Path Length (Ang), s^2 (1e-3 Ang^2):  9.7980  26.6497
--------------------------------------------------------------
 Path Indices:    1   7   5   4
 PDOS Poles:
     Freq. (THz)    Weight
        4.110       0.005757231
        8.042       0.023237308
       11.881       0.003051515
       19.229       0.004255746
       28.905       0.025748007
       32.667       0.035795013
       36.946       0.090671649
       38.931       0.008355484
       41.797       0.058136746
       42.813       0.007699802
       43.883       0.050728799
       90.698       0.380154848
       91.781       0.129493775
       91.909       0.075644889
       94.320       0.028893617
       94.588       0.072375590

 PDOS Einstein freq (single pole), associated temp and eff. force constant: 
 Freq (THz)   Temp (K)   Eff. FC (N/m)
  78.579      3771.09     214.1375

 pDOS n Moments, associated Einstein freqs, temps and eff. force constants:
  n     Mom (THz^n)   Freq (THz)     Temp (K)    Eff. FC (N/m)
 -2       0.00102      31.38530      1506.21      34.1609
 -1       0.01965      50.89755      2442.62      89.8401
  0       1.00000     ---------     --------
  1      73.79102      73.79102      3541.30     188.8354
  2    6174.70571      78.57930      3771.09     214.1375

 Path Red. Mass (AMU):    0.529015
 Path Length (Ang), s^2 (1e-3 Ang^2):  9.1453  18.7698
--------------------------------------------------------------
 Path Indices:    1   7   5   6
 PDOS Poles:
     Freq. (THz)    Weight
        3.736       0.004443218
        8.129       0.027664494
       11.966       0.003793369
       19.574       0.000880383
       29.321       0.027736299
       32.656       0.130321510
       36.915       0.193360267
       38.611       0.017661409
       41.278       0.035336539
       42.613       0.009243217
       43.877       0.051078625
       90.698       0.257044729
       91.781       0.090226659
       91.909       0.055413357
       94.320       0.028281850
       94.588       0.067514084

 PDOS Einstein freq (single pole), associated temp and eff. force constant: 
 Freq (THz)   Temp (K)   Eff. FC (N/m)
  69.491      3334.94     162.1682

 pDOS n Moments, associated Einstein freqs, temps and eff. force constants:
  n     Mom (THz^n)   Freq (THz)     Temp (K)    Eff. FC (N/m)
 -2       0.00119      29.04283      1393.79      28.3260
 -1       0.02326      42.99724      2063.48      62.0852
  0       1.00000     ---------     --------
  1      63.02781      63.02781      3024.76     133.4048
  2    4829.01557      69.49112      3334.94     162.1682

 Path Red. Mass (AMU):    0.512269
 Path Length (Ang), s^2 (1e-3 Ang^2): 10.2371  22.9449
--------------------------------------------------------------
 Path Indices:    1   7   5   7
 PDOS Poles:
     Freq. (THz)    Weight
        2.625       0.001678199
        7.918       0.008968406
       10.190       0.000810028
       20.926       0.000014279
       28.994       0.014617098
       32.675       0.078857408
       36.946       0.161675076
       39.171       0.011236898
       41.719       0.059166212
       42.744       0.010103889
       43.882       0.056221488
       90.698       0.310764685
       91.781       0.106203713
       91.909       0.074784696
       94.320       0.029661805
       94.588       0.075236134

 PDOS Einstein freq (single pole), associated temp and eff. force constant: 
 Freq (THz)   Temp (K)   Eff. FC (N/m)
  74.730      3586.34     131.8944

 pDOS n Moments, associated Einstein freqs, temps and eff. force constants:
  n     Mom (THz^n)   Freq (THz)     Temp (K)    Eff. FC (N/m)
 -2       0.00075      36.48898      1751.14      31.4459
 -1       0.01888      52.97915      2542.52      66.2904
  0       1.00000     ---------     --------
  1      69.58584      69.58584      3339.49     114.3621
  2    5584.52083      74.72965      3586.34     131.8944

 Path Red. Mass (AMU):    0.360273
 Path Length (Ang), s^2 (1e-3 Ang^2): 11.1410  26.4782
--------------------------------------------------------------
 Path Indices:    1   7   5   8
 PDOS Poles:
     Freq. (THz)    Weight
        5.668       0.003653394
        8.440       0.026794121
       12.523       0.005253109
       19.160       0.042466038
       28.856       0.016956875
       32.658       0.177833150
       35.274       0.005668337
       37.323       0.038312221
       40.723       0.037018312
       41.958       0.194139124
       43.985       0.057921045
       90.698       0.142128757
       91.781       0.034381005
       91.909       0.143357492
       94.320       0.072201322
       94.588       0.001915679

 PDOS Einstein freq (single pole), associated temp and eff. force constant: 
 Freq (THz)   Temp (K)   Eff. FC (N/m)
  64.243      3083.05      99.8240

 pDOS n Moments, associated Einstein freqs, temps and eff. force constants:
  n     Mom (THz^n)   Freq (THz)     Temp (K)    Eff. FC (N/m)
 -2       0.00107      30.60886      1468.95      22.6613
 -1       0.02482      40.29807      1933.94      39.2788
  0       1.00000     ---------     --------
  1      57.46736      57.46736      2757.91      79.8790
  2    4127.09898      64.24250      3083.05      99.8240

 Path Red. Mass (AMU):    0.368962
 Path Length (Ang), s^2 (1e-3 Ang^2): 10.5939  33.9906
--------------------------------------------------------------
 Path Indices:    1   7   5   9
 PDOS Poles:
     Freq. (THz)    Weight
        3.873       0.004754394
        7.590       0.008689025
        9.952       0.001512676
       19.868       0.014799783
       29.565       0.143753191
       32.615       0.011344420
       36.896       0.126005446
       38.093       0.010268947
       41.936       0.178654400
       42.425       0.007230461
       43.836       0.066509010
       90.698       0.131799048
       91.781       0.039475903
       91.909       0.188023040
       94.320       0.014509435
       94.588       0.052670794

 PDOS Einstein freq (single pole), associated temp and eff. force constant: 
 Freq (THz)   Temp (K)   Eff. FC (N/m)
  66.265      3180.12     104.6775

 pDOS n Moments, associated Einstein freqs, temps and eff. force constants:
  n     Mom (THz^n)   Freq (THz)     Temp (K)    Eff. FC (N/m)
 -2       0.00099      31.84725      1528.38      24.1784
 -1       0.02275      43.95317      2109.35      46.0537
  0       1.00000     ---------     --------
  1      59.97672      59.97672      2878.34      85.7530
  2    4391.05913      66.26507      3180.12     104.6775

 Path Red. Mass (AMU):    0.363643
 Path Length (Ang), s^2 (1e-3 Ang^2): 10.5478  31.6198
--------------------------------------------------------------
 Path Indices:    1   7   6   2
 PDOS Poles:
     Freq. (THz)    Weight
        3.084       0.004717361
        8.218       0.092229911
       11.893       0.007547641
       19.214       0.014290406
       26.074       0.000202934
       28.911       0.039187642
       32.686       0.048974347
       36.907       0.026458933
       41.952       0.036241898
       43.745       0.016910489
       43.889       0.040452307
       90.698       0.001513999
       91.781       0.000290578
       91.909       0.180979814
       94.320       0.144919528
       94.588       0.345082166

 PDOS Einstein freq (single pole), associated temp and eff. force constant: 
 Freq (THz)   Temp (K)   Eff. FC (N/m)
  78.920      3787.42     533.6915

 pDOS n Moments, associated Einstein freqs, temps and eff. force constants:
  n     Mom (THz^n)   Freq (THz)     Temp (K)    Eff. FC (N/m)
 -2       0.00219      21.35383      1024.79      39.0727
 -1       0.02706      36.96134      1773.81     117.0622
  0       1.00000     ---------     --------
  1      71.99509      71.99509      3455.11     444.1475
  2    6228.28901      78.91951      3787.42     533.6914

 Path Red. Mass (AMU):    1.307112
 Path Length (Ang), s^2 (1e-3 Ang^2):  8.7844  10.4608
--------------------------------------------------------------
 Path Indices:    1   7   6   3
 PDOS Poles:
     Freq. (THz)    Weight
        3.109       0.022024241
        7.452       0.041286089
       11.700       0.005888117
       19.193       0.041059281
       29.019       0.005516467
       32.478       0.070233996
       34.231       0.012254296
       37.310       0.042564183
       41.465       0.005419064
       42.071       0.020213471
       43.841       0.041655426
       90.698       0.066945734
       91.781       0.124010163
       91.909       0.108569024
       94.320       0.076550952
       94.588       0.315809491

 PDOS Einstein freq (single pole), associated temp and eff. force constant: 
 Freq (THz)   Temp (K)   Eff. FC (N/m)
  79.466      3813.66     406.5827

 pDOS n Moments, associated Einstein freqs, temps and eff. force constants:
  n     Mom (THz^n)   Freq (THz)     Temp (K)    Eff. FC (N/m)
 -2       0.00341      17.13435       822.29      18.9024
 -1       0.02810      35.58703      1707.85      81.5390
  0       1.00000     ---------     --------
  1      73.10721      73.10721      3508.48     344.1141
  2    6314.90541      79.46638      3813.66     406.5827

 Path Red. Mass (AMU):    0.982140
 Path Length (Ang), s^2 (1e-3 Ang^2):  8.2349  14.4597
--------------------------------------------------------------
 Path Indices:    1   7   6   4
 PDOS Poles:
     Freq. (THz)    Weight
        4.117       0.014988592
        8.023       0.061647858
       11.852       0.008367159
       19.242       0.014276497
       28.862       0.039832324
       32.302       0.034096871
       32.936       0.047000747
       36.982       0.028508354
       41.940       0.032878174
       43.441       0.002825108
       43.857       0.054473483
       90.698       0.000597561
       91.781       0.000408993
       91.909       0.182151433
       94.320       0.125388465
       94.588       0.352558339

 PDOS Einstein freq (single pole), associated temp and eff. force constant: 
 Freq (THz)   Temp (K)   Eff. FC (N/m)
  78.449      3764.82     538.0645

 pDOS n Moments, associated Einstein freqs, temps and eff. force constants:
  n     Mom (THz^n)   Freq (THz)     Temp (K)    Eff. FC (N/m)
 -2       0.00221      21.27843      1021.17      39.5860
 -1       0.02655      37.66911      1807.77     124.0604
  0       1.00000     ---------     --------
  1      71.68182      71.68182      3440.07     449.2423
  2    6154.20135      78.44872      3764.82     538.0644

 Path Red. Mass (AMU):    1.333687
 Path Length (Ang), s^2 (1e-3 Ang^2):  7.5521  10.0597
--------------------------------------------------------------
 Path Indices:    1   7   6   5
 PDOS Poles:
     Freq. (THz)    Weight
        4.890       0.016831949
        8.158       0.029399856
       11.919       0.003774261
       19.876       0.002658796
       28.912       0.103643564
       32.642       0.075348284
       35.692       0.003546728
       37.692       0.016806112
       41.942       0.025059239
       43.184       0.000981486
       43.843       0.038743960
       90.698       0.180688269
       91.781       0.061282149
       91.909       0.147709558
       94.320       0.078873817
       94.588       0.214651959

 PDOS Einstein freq (single pole), associated temp and eff. force constant: 
 Freq (THz)   Temp (K)   Eff. FC (N/m)
  78.690      3776.41     404.7572

 pDOS n Moments, associated Einstein freqs, temps and eff. force constants:
  n     Mom (THz^n)   Freq (THz)     Temp (K)    Eff. FC (N/m)
 -2       0.00150      25.79605      1237.98      43.4971
 -1       0.02281      43.83838      2103.84     125.6212
  0       1.00000     ---------     --------
  1      72.75960      72.75960      3491.80     346.0466
  2    6192.13826      78.69014      3776.41     404.7572

 Path Red. Mass (AMU):    0.997115
 Path Length (Ang), s^2 (1e-3 Ang^2):  8.2333  11.5618
--------------------------------------------------------------
 Path Indices:    1   7   6   7
 PDOS Poles:
     Freq. (THz)    Weight
        2.161       0.013951280
        7.871       0.040720802
       11.197       0.004743048
       19.112       0.014536182
       28.630       0.011534254
       29.216       0.018253133
       32.702       0.019645954
       36.919       0.011825615
       41.957       0.073795490
       43.782       0.031236373
       43.906       0.034857735
       90.698       0.001601177
       91.781       0.000319595
       91.909       0.202994471
       94.320       0.136795141
       94.588       0.383189705

 PDOS Einstein freq (single pole), associated temp and eff. force constant: 
 Freq (THz)   Temp (K)   Eff. FC (N/m)
  81.875      3929.27     291.3242

 pDOS n Moments, associated Einstein freqs, temps and eff. force constants:
  n     Mom (THz^n)   Freq (THz)     Temp (K)    Eff. FC (N/m)
 -2       0.00394      15.92585       764.30      11.0224
 -1       0.02576      38.82208      1863.11      65.4979
  0       1.00000     ---------     --------
  1      76.59777      76.59777      3675.99     254.9775
  2    6703.58182      81.87540      3929.27     291.3242

 Path Red. Mass (AMU):    0.662920
 Path Length (Ang), s^2 (1e-3 Ang^2):  7.1333  19.6378
--------------------------------------------------------------
 Path Indices:    1   7   6   8
 PDOS Poles:
     Freq. (THz)    Weight
        4.474       0.001427058
        8.364       0.047288991
       12.185       0.009860550
       19.868       0.002685957
       24.975       0.000008576
       29.563       0.009161734
       32.678       0.079699917
       37.920       0.001604901
       40.401       0.000072269
       41.959       0.135202548
       43.985       0.008536383
       90.698       0.001603351
       91.781       0.004668858
       91.909       0.422512340
       94.320       0.275644743
       94.588       0.000021743

 PDOS Einstein freq (single pole), associated temp and eff. force constant: 
 Freq (THz)   Temp (K)   Eff. FC (N/m)
  80.187      3848.25     288.3774

 pDOS n Moments, associated Einstein freqs, temps and eff. force constants:
  n     Mom (THz^n)   Freq (THz)     Temp (K)    Eff. FC (N/m)
 -2       0.00107      30.57463      1467.30      41.9252
 -1       0.02072      48.27380      2316.70     104.5142
  0       1.00000     ---------     --------
  1      74.97073      74.97073      3597.91     252.0786
  2    6429.96504      80.18706      3848.25     288.3773

 Path Red. Mass (AMU):    0.684138
 Path Length (Ang), s^2 (1e-3 Ang^2):  7.1334  15.3027
--------------------------------------------------------------
 Path Indices:    1   7   6   9
 PDOS Poles:
     Freq. (THz)    Weight
        4.251       0.008773750
        7.979       0.024088801
       12.100       0.001307408
       19.540       0.010997315
       29.071       0.031847840
       30.731       0.007905645
       34.540       0.002768249
       37.189       0.012977677
       41.733       0.030415560
       42.034       0.073972621
       43.846       0.027133036
       90.698       0.000115604
       91.781       0.000381335
       91.909       0.521985959
       94.320       0.083622212
       94.588       0.161706888

 PDOS Einstein freq (single pole), associated temp and eff. force constant: 
 Freq (THz)   Temp (K)   Eff. FC (N/m)
  83.077      3986.94     284.9630

 pDOS n Moments, associated Einstein freqs, temps and eff. force constants:
  n     Mom (THz^n)   Freq (THz)     Temp (K)    Eff. FC (N/m)
 -2       0.00112      29.85131      1432.59      36.7920
 -1       0.01892      52.84238      2535.95     115.2899
  0       1.00000     ---------     --------
  1      78.97924      78.97924      3790.28     257.5445
  2    6901.79457      83.07704      3986.94     284.9629

 Path Red. Mass (AMU):    0.629822
 Path Length (Ang), s^2 (1e-3 Ang^2):  7.1347  15.1853
--------------------------------------------------------------
 Path Indices:    1   7   8   2
 PDOS Poles:
     Freq. (THz)    Weight
        2.293       0.003447507
        8.311       0.069821626
       12.137       0.012085524
       19.671       0.002252445
       29.374       0.024523921
       30.119       0.009937662
       32.690       0.119221775
       37.875       0.015383449
       40.267       0.000684304
       41.959       0.068902662
       43.985       0.107770981
       90.698       0.001364767
       91.781       0.003567287
       91.909       0.348177582
       94.320       0.212322298
       94.588       0.000536154

 PDOS Einstein freq (single pole), associated temp and eff. force constant: 
 Freq (THz)   Temp (K)   Eff. FC (N/m)
  73.445      3524.69     286.2928

 pDOS n Moments, associated Einstein freqs, temps and eff. force constants:
  n     Mom (THz^n)   Freq (THz)     Temp (K)    Eff. FC (N/m)
 -2       0.00208      21.94159      1053.00      25.5518
 -1       0.02644      37.81960      1815.00      75.9135
  0       1.00000     ---------     --------
  1      66.46675      66.46675      3189.80     234.4738
  2    5394.17366      73.44504      3524.69     286.2927

 Path Red. Mass (AMU):    0.809612
 Path Length (Ang), s^2 (1e-3 Ang^2):  9.6868  16.5056
--------------------------------------------------------------
 Path Indices:    1   7   8   3
 PDOS Poles:
     Freq. (THz)    Weight
        3.058       0.012459231
        7.467       0.025594685
       11.633       0.005087723
       19.163       0.009389010
       29.375       0.033827342
       32.453       0.063870507
       33.469       0.016017444
       37.198       0.014213565
       41.925       0.016156983
       43.427       0.002102217
       43.970       0.053632600
       90.698       0.054365002
       91.781       0.158195049
       91.909       0.323504685
       94.320       0.205394303
       94.588       0.006189630

 PDOS Einstein freq (single pole), associated temp and eff. force constant: 
 Freq (THz)   Temp (K)   Eff. FC (N/m)
  81.676      3919.70     252.2373

 pDOS n Moments, associated Einstein freqs, temps and eff. force constants:
  n     Mom (THz^n)   Freq (THz)     Temp (K)    Eff. FC (N/m)
 -2       0.00210      21.79668      1046.04      17.9639
 -1       0.02215      45.14763      2166.67      77.0710
  0       1.00000     ---------     --------
  1      76.86784      76.86784      3688.95     223.4140
  2    6670.95851      81.67594      3919.70     252.2373

 Path Red. Mass (AMU):    0.576783
 Path Length (Ang), s^2 (1e-3 Ang^2):  9.8257  19.4079
--------------------------------------------------------------
 Path Indices:    1   7   8   4
 PDOS Poles:
     Freq. (THz)    Weight
        4.129       0.008186112
        8.020       0.037768912
       11.840       0.006842383
       19.130       0.001534803
       27.939       0.000306626
       29.589       0.020910643
       32.681       0.095072051
       37.968       0.015198258
       41.951       0.039771472
       43.561       0.001799847
       43.975       0.046871166
       90.698       0.000897681
       91.781       0.004028238
       91.909       0.445043454
       94.320       0.267407490
       94.588       0.008360791

 PDOS Einstein freq (single pole), associated temp and eff. force constant: 
 Freq (THz)   Temp (K)   Eff. FC (N/m)
  81.022      3888.33     329.5834

 pDOS n Moments, associated Einstein freqs, temps and eff. force constants:
  n     Mom (THz^n)   Freq (THz)     Temp (K)    Eff. FC (N/m)
 -2       0.00138      26.95534      1293.61      36.4793
 -1       0.02125      47.05455      2258.19     111.1630
  0       1.00000     ---------     --------
  1      75.93391      75.93391      3644.13     289.4867
  2    6564.59857      81.02221      3888.33     329.5834

 Path Red. Mass (AMU):    0.765858
 Path Length (Ang), s^2 (1e-3 Ang^2):  8.8901  14.0241
--------------------------------------------------------------
 Path Indices:    1   7   8   5
 PDOS Poles:
     Freq. (THz)    Weight
        5.130       0.018936181
        7.887       0.031201285
       11.951       0.004743947
       19.097       0.030994549
       29.209       0.037539735
       32.632       0.109999740
       36.136       0.005186014
       38.353       0.008973850
       41.472       0.033223971
       42.263       0.023023423
       43.926       0.025476256
       90.698       0.084329542
       91.781       0.008302199
       91.909       0.370485555
       94.320       0.205767517
       94.588       0.001816175

 PDOS Einstein freq (single pole), associated temp and eff. force constant: 
 Freq (THz)   Temp (K)   Eff. FC (N/m)
  77.917      3739.30     297.0181

 pDOS n Moments, associated Einstein freqs, temps and eff. force constants:
  n     Mom (THz^n)   Freq (THz)     Temp (K)    Eff. FC (N/m)
 -2       0.00162      24.84139      1192.16      30.1906
 -1       0.02388      41.87850      2009.79      85.8030
  0       1.00000     ---------     --------
  1      71.72076      71.72076      3441.94     251.6575
  2    6071.03448      77.91684      3739.30     297.0180

 Path Red. Mass (AMU):    0.746296
 Path Length (Ang), s^2 (1e-3 Ang^2):  9.2769  16.1705
--------------------------------------------------------------
 Path Indices:    1   7   8   6
 PDOS Poles:
     Freq. (THz)    Weight
        3.742       0.005062446
        8.092       0.037865544
       11.880       0.006386614
       19.084       0.006806694
       28.909       0.023038885
       32.652       0.042585316
       36.196       0.005174904
       37.396       0.014053484
       41.059       0.000450840
       43.780       0.017075195
       43.976       0.074997150
       90.698       0.001421682
       91.781       0.008019159
       91.909       0.431105858
       94.320       0.295188815
       94.588       0.030767370

 PDOS Einstein freq (single pole), associated temp and eff. force constant: 
 Freq (THz)   Temp (K)   Eff. FC (N/m)
  83.053      3985.79     296.3002

 pDOS n Moments, associated Einstein freqs, temps and eff. force constants:
  n     Mom (THz^n)   Freq (THz)     Temp (K)    Eff. FC (N/m)
 -2       0.00122      28.60802      1372.92      35.1557
 -1       0.01990      50.24851      2411.47     108.4592
  0       1.00000     ---------     --------
  1      78.60458      78.60458      3772.30     265.4092
  2    6897.81608      83.05309      3985.79     296.3002

 Path Red. Mass (AMU):    0.655257
 Path Length (Ang), s^2 (1e-3 Ang^2):  7.8203  15.3494
--------------------------------------------------------------
 Path Indices:    1   7   8   7
 PDOS Poles:
     Freq. (THz)    Weight
        1.871       0.021812472
        8.169       0.017217627
       11.764       0.002053560
       19.103       0.019318512
       28.990       0.048305246
       32.494       0.031336674
       35.213       0.005563383
       37.359       0.028769534
       40.452       0.001295533
       43.784       0.016261407
       43.982       0.173519231
       90.698       0.001317103
       91.781       0.005897416
       91.909       0.385775228
       94.320       0.232603263
       94.588       0.008953676

 PDOS Einstein freq (single pole), associated temp and eff. force constant: 
 Freq (THz)   Temp (K)   Eff. FC (N/m)
  77.246      3707.10     180.6490

 pDOS n Moments, associated Einstein freqs, temps and eff. force constants:
  n     Mom (THz^n)   Freq (THz)     Temp (K)    Eff. FC (N/m)
 -2       0.00684      12.09141       580.28       4.4263
 -1       0.02969      33.67655      1616.17      34.3353
  0       1.00000     ---------     --------
  1      71.56314      71.56314      3434.38     155.0472
  2    5966.92206      77.24585      3707.10     180.6490

 Path Red. Mass (AMU):    0.461824
 Path Length (Ang), s^2 (1e-3 Ang^2):  8.5071  32.4985
--------------------------------------------------------------
 Path Indices:    1   7   8   9
 PDOS Poles:
     Freq. (THz)    Weight
        4.178       0.006584316
        7.918       0.018979395
       11.560       0.001426105
       19.522       0.007552798
       27.137       0.000548446
       29.351       0.017687346
       32.727       0.003878890
       36.943       0.002652638
       41.797       0.001249996
       43.818       0.121179120
       43.962       0.046481942
       90.698       0.000371332
       91.781       0.008587173
       91.909       0.753546926
       94.320       0.000647418
       94.588       0.008625996

 PDOS Einstein freq (single pole), associated temp and eff. force constant: 
 Freq (THz)   Temp (K)   Eff. FC (N/m)
  82.923      3979.56     225.0008

 pDOS n Moments, associated Einstein freqs, temps and eff. force constants:
  n     Mom (THz^n)   Freq (THz)     Temp (K)    Eff. FC (N/m)
 -2       0.00092      33.03464      1585.36      35.7084
 -1       0.01754      57.00167      2735.56     106.3180
  0       1.00000     ---------     --------
  1      79.46304      79.46304      3813.50     206.6151
  2    6876.25917      82.92321      3979.56     225.0007

 Path Red. Mass (AMU):    0.499141
 Path Length (Ang), s^2 (1e-3 Ang^2):  8.4995  17.7629
--------------------------------------------------------------
 Path Indices:    1   7   9   2
 PDOS Poles:
     Freq. (THz)    Weight
        3.325       0.003147230
        8.237       0.044585785
       12.945       0.000800984
       19.510       0.014840423
       28.958       0.045480522
       31.287       0.006386962
       35.130       0.004321043
       37.099       0.033683766
       41.788       0.009127681
       43.154       0.002292163
       43.938       0.029128838
       90.698       0.000057493
       91.781       0.000568862
       91.909       0.555890303
       94.320       0.118921403
       94.588       0.130766446

 PDOS Einstein freq (single pole), associated temp and eff. force constant: 
 Freq (THz)   Temp (K)   Eff. FC (N/m)
  84.323      4046.72     357.4816

 pDOS n Moments, associated Einstein freqs, temps and eff. force constants:
  n     Mom (THz^n)   Freq (THz)     Temp (K)    Eff. FC (N/m)
 -2       0.00119      28.99038      1391.27      42.2544
 -1       0.01962      50.96629      2445.92     130.5961
  0       1.00000     ---------     --------
  1      80.09062      80.09062      3843.62     322.4983
  2    7110.32592      84.32275      4046.72     357.4815

 Path Red. Mass (AMU):    0.766929
 Path Length (Ang), s^2 (1e-3 Ang^2): 10.4131  12.9296
--------------------------------------------------------------
 Path Indices:    1   7   9   3
 PDOS Poles:
     Freq. (THz)    Weight
        3.363       0.020188613
        6.903       0.052803163
       11.678       0.001513620
       19.566       0.026016160
       28.942       0.048209424
       30.194       0.017179796
       35.967       0.013311018
       37.281       0.051712162
       41.248       0.016454967
       42.120       0.026898419
       43.846       0.052715169
       90.698       0.027295193
       91.781       0.067662520
       91.909       0.375362185
       94.320       0.049756031
       94.588       0.152921503

 PDOS Einstein freq (single pole), associated temp and eff. force constant: 
 Freq (THz)   Temp (K)   Eff. FC (N/m)
  78.174      3751.66     310.6308

 pDOS n Moments, associated Einstein freqs, temps and eff. force constants:
  n     Mom (THz^n)   Freq (THz)     Temp (K)    Eff. FC (N/m)
 -2       0.00323      17.60401       844.83      15.7521
 -1       0.02861      34.95299      1677.42      62.0990
  0       1.00000     ---------     --------
  1      71.74534      71.74534      3443.12     261.6395
  2    6111.23018      78.17436      3751.66     310.6308

 Path Red. Mass (AMU):    0.775367
 Path Length (Ang), s^2 (1e-3 Ang^2):  9.2351  18.6480
--------------------------------------------------------------
 Path Indices:    1   7   9   4
 PDOS Poles:
     Freq. (THz)    Weight
        4.221       0.010441573
        8.027       0.034456503
       12.108       0.002100491
       19.438       0.013982537
       28.985       0.056547417
       30.088       0.016152815
       36.327       0.013704618
       37.325       0.028866795
       41.832       0.026142031
       42.725       0.003956662
       43.907       0.022479647
       90.698       0.000148854
       91.781       0.000518096
       91.909       0.535166019
       94.320       0.091999342
       94.588       0.143336505

 PDOS Einstein freq (single pole), associated temp and eff. force constant: 
 Freq (THz)   Temp (K)   Eff. FC (N/m)
  82.776      3972.51     375.9849

 pDOS n Moments, associated Einstein freqs, temps and eff. force constants:
  n     Mom (THz^n)   Freq (THz)     Temp (K)    Eff. FC (N/m)
 -2       0.00141      26.65918      1279.40      38.9989
 -1       0.02085      47.96592      2301.93     126.2479
  0       1.00000     ---------     --------
  1      78.05092      78.05092      3745.73     334.2834
  2    6851.90907      82.77626      3972.51     375.9848

 Path Red. Mass (AMU):    0.837047
 Path Length (Ang), s^2 (1e-3 Ang^2):  8.8427  12.5876
--------------------------------------------------------------
 Path Indices:    1   7   9   5
 PDOS Poles:
     Freq. (THz)    Weight
        5.012       0.017437641
        8.238       0.019526519
       14.617       0.000332145
       19.711       0.020716462
       28.986       0.060300280
       30.146       0.018017480
       34.415       0.003455800
       37.266       0.028161024
       40.605       0.009118911
       41.951       0.041517147
       43.984       0.006302514
       90.698       0.086098615
       91.781       0.021388412
       91.909       0.478442726
       94.320       0.055272200
       94.588       0.133912046

 PDOS Einstein freq (single pole), associated temp and eff. force constant: 
 Freq (THz)   Temp (K)   Eff. FC (N/m)
  82.706      3969.11     399.8232

 pDOS n Moments, associated Einstein freqs, temps and eff. force constants:
  n     Mom (THz^n)   Freq (THz)     Temp (K)    Eff. FC (N/m)
 -2       0.00127      28.00656      1344.06      45.8477
 -1       0.02020      49.49288      2375.21     143.1805
  0       1.00000     ---------     --------
  1      78.13507      78.13507      3749.77     356.8538
  2    6840.21338      82.70558      3969.11     399.8231

 Path Red. Mass (AMU):    0.891640
 Path Length (Ang), s^2 (1e-3 Ang^2):  9.2235  11.4523
--------------------------------------------------------------
 Path Indices:    1   7   9   6
 PDOS Poles:
     Freq. (THz)    Weight
        3.739       0.005500011
        8.070       0.040512812
       11.820       0.006641397
       19.086       0.008379355
       27.660       0.000405843
       28.917       0.036184333
       32.686       0.026188144
       36.905       0.031771995
       41.888       0.001213410
       43.781       0.008930283
       43.975       0.034055860
       90.698       0.000017156
       91.781       0.000530371
       91.909       0.530640764
       94.320       0.149013407
       94.588       0.120014770

 PDOS Einstein freq (single pole), associated temp and eff. force constant: 
 Freq (THz)   Temp (K)   Eff. FC (N/m)
  84.144      4038.12     327.0165

 pDOS n Moments, associated Einstein freqs, temps and eff. force constants:
  n     Mom (THz^n)   Freq (THz)     Temp (K)    Eff. FC (N/m)
 -2       0.00129      27.80400      1334.34      35.7061
 -1       0.02006      49.86198      2392.92     114.8330
  0       1.00000     ---------     --------
  1      79.83940      79.83940      3831.56     294.4166
  2    7080.13896      84.14356      4038.12     327.0164

 Path Red. Mass (AMU):    0.704562
 Path Length (Ang), s^2 (1e-3 Ang^2):  7.8141  14.3859
--------------------------------------------------------------
 Path Indices:    1   7   9   7
 PDOS Poles:
     Freq. (THz)    Weight
        4.290       0.009407188
        7.459       0.060558429
       11.468       0.008714791
       19.110       0.013221032
       23.303       0.000144843
       28.928       0.059788056
       32.661       0.017253600
       36.900       0.047308633
       41.957       0.004196425
       43.826       0.064708131
       43.983       0.049315237
       90.698       0.000058944
       91.781       0.000395954
       91.909       0.460707336
       94.320       0.086346870
       94.588       0.117874434

 PDOS Einstein freq (single pole), associated temp and eff. force constant: 
 Freq (THz)   Temp (K)   Eff. FC (N/m)
  78.025      3744.48     201.3578

 pDOS n Moments, associated Einstein freqs, temps and eff. force constants:
  n     Mom (THz^n)   Freq (THz)     Temp (K)    Eff. FC (N/m)
 -2       0.00196      22.56542      1082.93      16.8419
 -1       0.02552      39.17872      1880.22      50.7696
  0       1.00000     ---------     --------
  1      71.74654      71.74654      3443.18     170.2572
  2    6087.86301      78.02476      3744.48     201.3578

 Path Red. Mass (AMU):    0.504539
 Path Length (Ang), s^2 (1e-3 Ang^2):  8.4923  25.5670
--------------------------------------------------------------
 Path Indices:    1   7   9   8
 PDOS Poles:
     Freq. (THz)    Weight
        4.480       0.001212089
        8.364       0.039604364
       12.185       0.008232981
       19.867       0.002301721
       24.775       0.000006287
       29.559       0.003653006
       32.678       0.048357729
       37.761       0.000076763
       41.950       0.000496860
       43.669       0.000095108
       43.985       0.108308147
       90.698       0.000241713
       91.781       0.006463949
       91.909       0.775646697
       94.320       0.005296859
       94.588       0.000005583

 PDOS Einstein freq (single pole), associated temp and eff. force constant: 
 Freq (THz)   Temp (K)   Eff. FC (N/m)
  83.224      3993.99     261.3226

 pDOS n Moments, associated Einstein freqs, temps and eff. force constants:
  n     Mom (THz^n)   Freq (THz)     Temp (K)    Eff. FC (N/m)
 -2       0.00089      33.57992      1611.53      42.5442
 -1       0.01845      54.20722      2601.45     110.8651
  0       1.00000     ---------     --------
  1      79.36743      79.36743      3808.91     237.6651
  2    6926.21974      83.22391      3993.99     261.3226

 Path Red. Mass (AMU):    0.575535
 Path Length (Ang), s^2 (1e-3 Ang^2):  8.4921  16.1993
--------------------------------------------------------------
 Path Indices:    1   8   1   2
 PDOS Poles:
     Freq. (THz)    Weight
        3.577       0.010485442
        8.088       0.116706902
       11.555       0.002988883
       19.297       0.045829635
       28.867       0.110044703
       30.436       0.020294634
       32.763       0.119441220
       36.971       0.073156990
       41.955       0.185404219
       43.269       0.002683010
       43.840       0.144050008
       90.698       0.000070982
       91.781       0.002801482
       91.909       0.051482895
       94.320       0.034257512
       94.588       0.080301469

 PDOS Einstein freq (single pole), associated temp and eff. force constant: 
 Freq (THz)   Temp (K)   Eff. FC (N/m)
  49.542      2377.58     152.8170

 pDOS n Moments, associated Einstein freqs, temps and eff. force constants:
  n     Mom (THz^n)   Freq (THz)     Temp (K)    Eff. FC (N/m)
 -2       0.00327      17.48982       839.35      19.0453
 -1       0.03967      25.20828      1209.77      39.5643
  0       1.00000     ---------     --------
  1      42.34442      42.34442      2032.15     111.6374
  2    2454.45196      49.54243      2377.58     152.8170

 Path Red. Mass (AMU):    0.949748
 Path Length (Ang), s^2 (1e-3 Ang^2): 12.2249  21.1093
--------------------------------------------------------------
 Path Indices:    1   8   1   3
 PDOS Poles:
     Freq. (THz)    Weight
        4.598       0.020177272
        8.052       0.048995244
       12.093       0.016039212
       19.102       0.021356350
       28.990       0.413361878
       31.179       0.044541180
       33.329       0.034413311
       37.828       0.122458509
       40.652       0.035922149
       41.949       0.083991923
       43.829       0.060349923
       90.698       0.003607746
       91.781       0.015229293
       91.909       0.023622661
       94.320       0.016883136
       94.588       0.039050207

 PDOS Einstein freq (single pole), associated temp and eff. force constant: 
 Freq (THz)   Temp (K)   Eff. FC (N/m)
  42.404      2034.99      58.5916

 pDOS n Moments, associated Einstein freqs, temps and eff. force constants:
  n     Mom (THz^n)   Freq (THz)     Temp (K)    Eff. FC (N/m)
 -2       0.00264      19.44552       933.21      12.3215
 -1       0.03819      26.18373      1256.58      22.3403
  0       1.00000     ---------     --------
  1      37.05160      37.05160      1778.14      44.7342
  2    1798.08124      42.40379      2034.99      58.5915

 Path Red. Mass (AMU):    0.497069
 Path Length (Ang), s^2 (1e-3 Ang^2): 13.0866  38.8308
--------------------------------------------------------------
 Path Indices:    1   8   1   4
 PDOS Poles:
     Freq. (THz)    Weight
        4.303       0.024940996
        7.998       0.124742102
       11.973       0.028687719
       19.094       0.039786419
       29.042       0.142827401
       32.254       0.042339598
       35.840       0.023791395
       37.498       0.073019562
       41.861       0.160453470
       42.324       0.035819162
       43.844       0.141603102
       90.698       0.000875159
       91.781       0.003487870
       91.909       0.048790969
       94.320       0.032624614
       94.588       0.076210449

 PDOS Einstein freq (single pole), associated temp and eff. force constant: 
 Freq (THz)   Temp (K)   Eff. FC (N/m)
  48.612      2332.95     140.1620

 pDOS n Moments, associated Einstein freqs, temps and eff. force constants:
  n     Mom (THz^n)   Freq (THz)     Temp (K)    Eff. FC (N/m)
 -2       0.00409      15.63575       750.37      14.5002
 -1       0.04435      22.54620      1082.01      30.1497
  0       1.00000     ---------     --------
  1      40.92339      40.92339      1963.95      99.3299
  2    2363.16245      48.61237      2332.95     140.1620

 Path Red. Mass (AMU):    0.904749
 Path Length (Ang), s^2 (1e-3 Ang^2): 13.1243  24.7756
--------------------------------------------------------------
 Path Indices:    1   8   1   5
 PDOS Poles:
     Freq. (THz)    Weight
        2.824       0.030350930
        7.362       0.071553473
       11.713       0.018393109
       19.082       0.018428536
       29.446       0.107923075
       32.392       0.051221549
       36.218       0.086440554
       37.313       0.302098865
       40.556       0.039587451
       41.938       0.087511494
       43.829       0.082606649
       90.698       0.014145811
       91.781       0.000702081
       91.909       0.027673575
       94.320       0.016779697
       94.588       0.044583145

 PDOS Einstein freq (single pole), associated temp and eff. force constant: 
 Freq (THz)   Temp (K)   Eff. FC (N/m)
  44.459      2133.61      64.3611

 pDOS n Moments, associated Einstein freqs, temps and eff. force constants:
  n     Mom (THz^n)   Freq (THz)     Temp (K)    Eff. FC (N/m)
 -2       0.00590      13.02399       625.03       5.5233
 -1       0.04479      22.32461      1071.38      16.2285
  0       1.00000     ---------     --------
  1      39.00622      39.00622      1871.94      49.5425
  2    1976.57438      44.45868      2133.61      64.3611

 Path Red. Mass (AMU):    0.496709
 Path Length (Ang), s^2 (1e-3 Ang^2): 13.1308  45.5763
--------------------------------------------------------------
 Path Indices:    1   8   1   6
 PDOS Poles:
     Freq. (THz)    Weight
        4.159       0.016570387
        8.132       0.164320664
       12.065       0.044155803
       19.123       0.038382666
       28.880       0.100636391
       32.580       0.159305029
       33.208       0.030029108
       36.952       0.069411895
       41.951       0.089970909
       43.331       0.002503312
       43.839       0.136567174
       90.698       0.000046192
       91.781       0.002231539
       91.909       0.030687171
       94.320       0.039425455
       94.588       0.075756275

 PDOS Einstein freq (single pole), associated temp and eff. force constant: 
 Freq (THz)   Temp (K)   Eff. FC (N/m)
  46.314      2222.63     127.1807

 pDOS n Moments, associated Einstein freqs, temps and eff. force constants:
  n     Mom (THz^n)   Freq (THz)     Temp (K)    Eff. FC (N/m)
 -2       0.00434      15.17919       728.46      13.6615
 -1       0.04791      20.87243      1001.69      25.8314
  0       1.00000     ---------     --------
  1      38.11389      38.11389      1829.12      86.1329
  2    2144.95750      46.31369      2222.63     127.1807

 Path Red. Mass (AMU):    0.904469
 Path Length (Ang), s^2 (1e-3 Ang^2): 14.5496  26.7706
--------------------------------------------------------------
 Path Indices:    1   8   1   7
 PDOS Poles:
     Freq. (THz)    Weight
        3.913       0.001424438
        8.370       0.106774695
       12.197       0.038300639
       19.873       0.007958764
       26.810       0.000042440
       29.566       0.029600999
       32.678       0.234625667
       37.926       0.005509160
       40.295       0.000159441
       41.959       0.384199446
       43.985       0.021276099
       90.698       0.000357827
       91.781       0.001161878
       91.909       0.103280279
       94.320       0.065312997
       94.588       0.000015210

 PDOS Einstein freq (single pole), associated temp and eff. force constant: 
 Freq (THz)   Temp (K)   Eff. FC (N/m)
  49.849      2392.29      80.8891

 pDOS n Moments, associated Einstein freqs, temps and eff. force constants:
  n     Mom (THz^n)   Freq (THz)     Temp (K)    Eff. FC (N/m)
 -2       0.00240      20.40681       979.34      13.5560
 -1       0.03647      27.42230      1316.02      24.4787
  0       1.00000     ---------     --------
  1      43.13318      43.13318      2070.00      60.5624
  2    2484.90157      49.84879      2392.29      80.8890

 Path Red. Mass (AMU):    0.496560
 Path Length (Ang), s^2 (1e-3 Ang^2): 14.9013  37.1150
--------------------------------------------------------------
 Path Indices:    1   8   1   8
 PDOS Poles:
     Freq. (THz)    Weight
        3.626       0.011734602
        7.962       0.089913508
       12.083       0.017295518
       19.249       0.045254630
       28.900       0.116934744
       31.224       0.021229170
       32.822       0.109370346
       36.983       0.075198376
       41.954       0.190164607
       43.229       0.002692312
       43.840       0.147402619
       90.698       0.000073236
       91.781       0.002867259
       91.909       0.052654895
       94.320       0.035087327
       94.588       0.082126846

 PDOS Einstein freq (single pole), associated temp and eff. force constant: 
 Freq (THz)   Temp (K)   Eff. FC (N/m)
  50.037      2401.32      81.4616

 pDOS n Moments, associated Einstein freqs, temps and eff. force constants:
  n     Mom (THz^n)   Freq (THz)     Temp (K)    Eff. FC (N/m)
 -2       0.00308      18.03242       865.39      10.5798
 -1       0.03820      26.17475      1256.15      22.2912
  0       1.00000     ---------     --------
  1      42.99530      42.99530      2063.38      60.1466
  2    2503.70874      50.03707      2401.32      81.4616

 Path Red. Mass (AMU):    0.496318
 Path Length (Ang), s^2 (1e-3 Ang^2): 14.9231  38.9029
--------------------------------------------------------------
 Path Indices:    1   8   1   9
 PDOS Poles:
     Freq. (THz)    Weight
        4.584       0.018888418
        8.060       0.055202095
       12.406       0.005884461
       19.339       0.032675022
       29.097       0.109409194
       31.290       0.020271578
       35.015       0.009297512
       37.193       0.037763820
       41.918       0.302677963
       42.511       0.019479201
       43.865       0.079933221
       90.698       0.000020611
       91.781       0.003568697
       91.909       0.206832973
       94.320       0.054910662
       94.588       0.043184533

 PDOS Einstein freq (single pole), associated temp and eff. force constant: 
 Freq (THz)   Temp (K)   Eff. FC (N/m)
  59.719      2865.97     116.0872

 pDOS n Moments, associated Einstein freqs, temps and eff. force constants:
  n     Mom (THz^n)   Freq (THz)     Temp (K)    Eff. FC (N/m)
 -2       0.00232      20.76277       996.42      14.0323
 -1       0.03165      31.59367      1516.21      32.4907
  0       1.00000     ---------     --------
  1      52.40957      52.40957      2515.18      89.4089
  2    3566.35925      59.71900      2865.97     116.0872

 Path Red. Mass (AMU):    0.496536
 Path Length (Ang), s^2 (1e-3 Ang^2): 15.2374  32.2162
--------------------------------------------------------------
 Path Indices:    1   8   2   3
 PDOS Poles:
     Freq. (THz)    Weight
        5.312       0.014458643
        8.074       0.048633041
       12.184       0.024756636
       19.771       0.008296059
       28.985       0.356485931
       30.884       0.037225810
       32.892       0.066741881
       37.924       0.098025663
       41.115       0.007672996
       41.983       0.086101059
       43.833       0.083877991
       90.698       0.024932594
       91.781       0.081919490
       91.909       0.016820010
       94.320       0.014140242
       94.588       0.029911967

 PDOS Einstein freq (single pole), associated temp and eff. force constant: 
 Freq (THz)   Temp (K)   Eff. FC (N/m)
  48.117      2309.17      82.1933

 pDOS n Moments, associated Einstein freqs, temps and eff. force constants:
  n     Mom (THz^n)   Freq (THz)     Temp (K)    Eff. FC (N/m)
 -2       0.00216      21.53519      1033.49      16.4641
 -1       0.03528      28.34280      1360.20      28.5185
  0       1.00000     ---------     --------
  1      41.42619      41.42619      1988.08      60.9244
  2    2315.23700      48.11691      2309.17      82.1933

 Path Red. Mass (AMU):    0.541542
 Path Length (Ang), s^2 (1e-3 Ang^2): 10.2713  32.9268
--------------------------------------------------------------
 Path Indices:    1   8   2   4
 PDOS Poles:
     Freq. (THz)    Weight
        5.899       0.038749642
        8.278       0.100066902
       12.306       0.043942423
       19.367       0.052301063
       28.968       0.116328399
       30.649       0.036842206
       33.042       0.054736736
       37.282       0.077215451
       39.594       0.005571764
       41.957       0.181189739
       43.829       0.154783698
       90.698       0.000050261
       91.781       0.002269803
       91.909       0.041945720
       94.320       0.029131939
       94.588       0.064874248

 PDOS Einstein freq (single pole), associated temp and eff. force constant: 
 Freq (THz)   Temp (K)   Eff. FC (N/m)
  46.608      2236.74     131.1295

 pDOS n Moments, associated Einstein freqs, temps and eff. force constants:
  n     Mom (THz^n)   Freq (THz)     Temp (K)    Eff. FC (N/m)
 -2       0.00349      16.92820       812.40      17.2984
 -1       0.04334      23.07315      1107.30      32.1365
  0       1.00000     ---------     --------
  1      39.35598      39.35598      1888.73      93.4988
  2    2172.27847      46.60771      2236.74     131.1294

 Path Red. Mass (AMU):    0.920823
 Path Length (Ang), s^2 (1e-3 Ang^2):  9.7172  23.7871
--------------------------------------------------------------
 Path Indices:    1   8   2   5
 PDOS Poles:
     Freq. (THz)    Weight
        4.429       0.015886453
        7.616       0.067446026
       12.116       0.024357893
       19.153       0.063290850
       29.442       0.094273293
       32.461       0.074864558
       36.024       0.056601995
       37.361       0.234281053
       40.199       0.007704246
       41.966       0.090358996
       43.832       0.096027110
       90.698       0.072207486
       91.781       0.014754414
       91.909       0.027130272
       94.320       0.014392050
       94.588       0.046423295

 PDOS Einstein freq (single pole), associated temp and eff. force constant: 
 Freq (THz)   Temp (K)   Eff. FC (N/m)
  49.386      2370.09      86.1833

 pDOS n Moments, associated Einstein freqs, temps and eff. force constants:
  n     Mom (THz^n)   Freq (THz)     Temp (K)    Eff. FC (N/m)
 -2       0.00283      18.80030       902.24      12.4893
 -1       0.03754      26.63852      1278.41      25.0743
  0       1.00000     ---------     --------
  1      42.54529      42.54529      2041.79      63.9605
  2    2439.01209      49.38636      2370.09      86.1833

 Path Red. Mass (AMU):    0.539014
 Path Length (Ang), s^2 (1e-3 Ang^2): 10.2581  35.1977
--------------------------------------------------------------
 Path Indices:    1   8   2   6
 PDOS Poles:
     Freq. (THz)    Weight
        5.647       0.024775086
        8.181       0.164531343
       12.163       0.101731681
       19.103       0.032432752
       24.626       0.000114294
       28.901       0.082375765
       32.680       0.163553309
       36.925       0.055414778
       38.787       0.000746098
       41.959       0.090129903
       43.828       0.152390474
       90.698       0.000062298
       91.781       0.001884239
       91.909       0.025657806
       94.320       0.040175661
       94.588       0.064024479

 PDOS Einstein freq (single pole), associated temp and eff. force constant: 
 Freq (THz)   Temp (K)   Eff. FC (N/m)
  44.426      2132.05     117.7299

 pDOS n Moments, associated Einstein freqs, temps and eff. force constants:
  n     Mom (THz^n)   Freq (THz)     Temp (K)    Eff. FC (N/m)
 -2       0.00445      14.98954       719.36      13.4025
 -1       0.05097      19.61960       941.56      22.9609
  0       1.00000     ---------     --------
  1      35.98940      35.98940      1727.16      77.2606
  2    1973.68608      44.42619      2132.05     117.7299

 Path Red. Mass (AMU):    0.909913
 Path Length (Ang), s^2 (1e-3 Ang^2): 10.6729  28.3097
--------------------------------------------------------------
 Path Indices:    1   8   2   7
 PDOS Poles:
     Freq. (THz)    Weight
        2.255       0.000399543
        8.382       0.105725096
       12.206       0.082765153
       19.883       0.002552286
       29.561       0.040609603
       32.213       0.002846391
       32.682       0.233008861
       37.950       0.008931245
       40.595       0.000026853
       41.959       0.368540032
       43.979       0.000410292
       90.698       0.000355897
       91.781       0.000997710
       91.909       0.092682001
       94.320       0.060128520
       94.588       0.000020499

 PDOS Einstein freq (single pole), associated temp and eff. force constant: 
 Freq (THz)   Temp (K)   Eff. FC (N/m)
  47.958      2301.55      75.8828

 pDOS n Moments, associated Einstein freqs, temps and eff. force constants:
  n     Mom (THz^n)   Freq (THz)     Temp (K)    Eff. FC (N/m)
 -2       0.00265      19.43848       932.87      12.4665
 -1       0.03898      25.65323      1231.12      21.7121
  0       1.00000     ---------     --------
  1      40.99257      40.99257      1967.27      55.4407
  2    2299.98418      47.95815      2301.55      75.8828

 Path Red. Mass (AMU):    0.503280
 Path Length (Ang), s^2 (1e-3 Ang^2): 10.9124  39.1447
--------------------------------------------------------------
 Path Indices:    1   8   2   8
 PDOS Poles:
     Freq. (THz)    Weight
        5.917       0.033717601
        8.051       0.080009798
       12.166       0.062071852
       19.114       0.033545650
       28.685       0.042616554
       29.253       0.067108795
       32.683       0.119264360
       36.930       0.060695818
       38.210       0.003541702
       41.959       0.184896810
       43.828       0.164617554
       90.698       0.000078407
       91.781       0.002405183
       91.909       0.044912532
       94.320       0.030810614
       94.588       0.069706757

 PDOS Einstein freq (single pole), associated temp and eff. force constant: 
 Freq (THz)   Temp (K)   Eff. FC (N/m)
  47.702      2289.25      74.8368

 pDOS n Moments, associated Einstein freqs, temps and eff. force constants:
  n     Mom (THz^n)   Freq (THz)     Temp (K)    Eff. FC (N/m)
 -2       0.00320      17.66391       847.71      10.2617
 -1       0.04140      24.15442      1159.19      19.1885
  0       1.00000     ---------     --------
  1      40.52873      40.52873      1945.01      54.0223
  2    2275.45370      47.70172      2289.25      74.8368

 Path Red. Mass (AMU):    0.501694
 Path Length (Ang), s^2 (1e-3 Ang^2): 10.8885  41.7051
--------------------------------------------------------------
 Path Indices:    1   8   2   9
 PDOS Poles:
     Freq. (THz)    Weight
        6.030       0.024445251
        8.428       0.057919150
       12.402       0.026450809
       19.462       0.035345174
       29.029       0.075390250
       31.682       0.019450806
       34.414       0.008507986
       37.100       0.031191184
       41.938       0.248839110
       43.067       0.007204923
       43.874       0.093654289
       90.698       0.000036448
       91.781       0.003640688
       91.909       0.240711700
       94.320       0.089730931
       94.588       0.037481266

 PDOS Einstein freq (single pole), associated temp and eff. force constant: 
 Freq (THz)   Temp (K)   Eff. FC (N/m)
  63.149      3030.57     132.2774

 pDOS n Moments, associated Einstein freqs, temps and eff. force constants:
  n     Mom (THz^n)   Freq (THz)     Temp (K)    Eff. FC (N/m)
 -2       0.00213      21.67415      1040.16      15.5826
 -1       0.03142      31.83157      1527.62      33.6102
  0       1.00000     ---------     --------
  1      55.23123      55.23123      2650.60     101.1870
  2    3987.77283      63.14881      3030.57     132.2773

 Path Red. Mass (AMU):    0.505995
 Path Length (Ang), s^2 (1e-3 Ang^2): 11.6222  31.3776
--------------------------------------------------------------
 Path Indices:    1   8   3   2
 PDOS Poles:
     Freq. (THz)    Weight
        2.993       0.002441649
        8.217       0.024091814
       12.399       0.000841137
       19.642       0.006181322
       28.929       0.102634867
       32.636       0.095923591
       36.688       0.034383045
       37.945       0.013319818
       41.431       0.031130114
       42.137       0.041017469
       43.849       0.052947380
       90.698       0.100032549
       91.781       0.322416681
       91.909       0.048946078
       94.320       0.038480381
       94.588       0.085212143

 PDOS Einstein freq (single pole), associated temp and eff. force constant: 
 Freq (THz)   Temp (K)   Eff. FC (N/m)
  74.450      3572.90     222.3370

 pDOS n Moments, associated Einstein freqs, temps and eff. force constants:
  n     Mom (THz^n)   Freq (THz)     Temp (K)    Eff. FC (N/m)
 -2       0.00104      31.05138      1490.18      38.6767
 -1       0.02129      46.95985      2253.64      88.4587
  0       1.00000     ---------     --------
  1      68.39594      68.39594      3282.38     187.6496
  2    5542.74125      74.44959      3572.90     222.3370

 Path Red. Mass (AMU):    0.611897
 Path Length (Ang), s^2 (1e-3 Ang^2): 10.4101  17.5881
--------------------------------------------------------------
 Path Indices:    1   8   3   4
 PDOS Poles:
     Freq. (THz)    Weight
        4.523       0.005526198
        8.087       0.024015024
       11.853       0.003165846
       19.099       0.004186357
       28.927       0.023390162
       32.670       0.040953421
       36.974       0.080228440
       38.797       0.011037529
       41.744       0.055228842
       42.527       0.012143340
       43.863       0.048627967
       90.698       0.137212701
       91.781       0.419066584
       91.909       0.037151983
       94.320       0.031191180
       94.588       0.066874483

 PDOS Einstein freq (single pole), associated temp and eff. force constant: 
 Freq (THz)   Temp (K)   Eff. FC (N/m)
  79.079      3795.05     215.9099

 pDOS n Moments, associated Einstein freqs, temps and eff. force constants:
  n     Mom (THz^n)   Freq (THz)     Temp (K)    Eff. FC (N/m)
 -2       0.00095      32.45709      1557.64      36.3725
 -1       0.01943      51.46069      2469.64      91.4335
  0       1.00000     ---------     --------
  1      74.28983      74.28983      3565.23     190.5517
  2    6253.43181      79.07864      3795.05     215.9099

 Path Red. Mass (AMU):    0.526678
 Path Length (Ang), s^2 (1e-3 Ang^2):  9.1672  18.6468
--------------------------------------------------------------
 Path Indices:    1   8   3   5
 PDOS Poles:
     Freq. (THz)    Weight
        3.094       0.008505091
        7.454       0.019387559
       11.442       0.003000129
       19.377       0.003587627
       29.521       0.019133075
       32.643       0.047499275
       36.881       0.163974438
       38.712       0.003889415
       40.840       0.094758081
       42.080       0.029183210
       43.845       0.039853511
       90.698       0.316731516
       91.781       0.122130560
       91.909       0.035990212
       94.320       0.023447842
       94.588       0.068928479

 PDOS Einstein freq (single pole), associated temp and eff. force constant: 
 Freq (THz)   Temp (K)   Eff. FC (N/m)
  73.137      3509.89     150.6286

 pDOS n Moments, associated Einstein freqs, temps and eff. force constants:
  n     Mom (THz^n)   Freq (THz)     Temp (K)    Eff. FC (N/m)
 -2       0.00162      24.83438      1191.82      17.3678
 -1       0.02256      44.32260      2127.08      55.3207
  0       1.00000     ---------     --------
  1      67.40880      67.40880      3235.01     127.9590
  2    5348.96558      73.13662      3509.89     150.6286

 Path Red. Mass (AMU):    0.429565
 Path Length (Ang), s^2 (1e-3 Ang^2):  9.8216  26.5443
--------------------------------------------------------------
 Path Indices:    1   8   3   6
 PDOS Poles:
     Freq. (THz)    Weight
        4.362       0.003975997
        8.195       0.028494980
       12.042       0.003812726
       19.656       0.000605922
       29.327       0.025093013
       32.660       0.140329067
       36.921       0.170370936
       38.378       0.026798079
       41.175       0.035338684
       42.379       0.012493821
       43.857       0.049692530
       90.698       0.092239372
       91.781       0.289222090
       91.909       0.028165730
       94.320       0.030772212
       94.588       0.062594878

 PDOS Einstein freq (single pole), associated temp and eff. force constant: 
 Freq (THz)   Temp (K)   Eff. FC (N/m)
  69.932      3356.10     163.6589

 pDOS n Moments, associated Einstein freqs, temps and eff. force constants:
  n     Mom (THz^n)   Freq (THz)     Temp (K)    Eff. FC (N/m)
 -2       0.00108      30.45602      1461.61      31.0409
 -1       0.02295      43.57275      2091.09      63.5356
  0       1.00000     ---------     --------
  1      63.43317      63.43317      3044.21     134.6543
  2    4890.48806      69.93202      3356.10     163.6589

 Path Red. Mass (AMU):    0.510480
 Path Length (Ang), s^2 (1e-3 Ang^2): 10.2622  22.7212
--------------------------------------------------------------
 Path Indices:    1   8   3   7
 PDOS Poles:
     Freq. (THz)    Weight
        5.254       0.002367779
        8.307       0.027368843
       12.176       0.006346771
       19.098       0.041670723
       28.903       0.023143990
       32.676       0.179671984
       36.961       0.024001778
       38.175       0.013494593
       40.818       0.039636792
       41.965       0.194087810
       43.984       0.056420977
       90.698       0.053698285
       91.781       0.158902388
       91.909       0.106582023
       94.320       0.071154297
       94.588       0.001450969

 PDOS Einstein freq (single pole), associated temp and eff. force constant: 
 Freq (THz)   Temp (K)   Eff. FC (N/m)
  64.228      3082.38      99.4161

 pDOS n Moments, associated Einstein freqs, temps and eff. force constants:
  n     Mom (THz^n)   Freq (THz)     Temp (K)    Eff. FC (N/m)
 -2       0.00107      30.54887      1466.07      22.4902
 -1       0.02488      40.18935      1928.72      38.9246
  0       1.00000     ---------     --------
  1      57.39823      57.39823      2754.59      79.3961
  2    4125.29212      64.22844      3082.38      99.4161

 Path Red. Mass (AMU):    0.367615
 Path Length (Ang), s^2 (1e-3 Ang^2): 10.6093  34.2074
--------------------------------------------------------------
 Path Indices:    1   8   3   8
 PDOS Poles:
     Freq. (THz)    Weight
        2.870       0.001246372
        7.971       0.009786237
       10.481       0.000706371
       19.694       0.000047920
       28.978       0.012456893
       32.678       0.087010017
       36.967       0.144760857
       38.890       0.015352992
       41.607       0.053633957
       42.415       0.018978282
       43.861       0.054285716
       90.698       0.112168847
       91.781       0.347553635
       91.909       0.039735024
       94.320       0.032164747
       94.588       0.070112179

 PDOS Einstein freq (single pole), associated temp and eff. force constant: 
 Freq (THz)   Temp (K)   Eff. FC (N/m)
  75.207      3609.23     132.9844

 pDOS n Moments, associated Einstein freqs, temps and eff. force constants:
  n     Mom (THz^n)   Freq (THz)     Temp (K)    Eff. FC (N/m)
 -2       0.00067      38.77651      1860.92      35.3529
 -1       0.01865      53.62691      2573.60      67.6166
  0       1.00000     ---------     --------
  1      70.04990      70.04990      3361.76     115.3727
  2    5656.04638      75.20669      3609.23     132.9844

 Path Red. Mass (AMU):    0.358657
 Path Length (Ang), s^2 (1e-3 Ang^2): 11.1662  26.2762
--------------------------------------------------------------
 Path Indices:    1   8   3   9
 PDOS Poles:
     Freq. (THz)    Weight
        4.502       0.005419125
        8.077       0.009268179
       12.877       0.000292517
       19.794       0.014046476
       29.566       0.140621275
       32.571       0.013349088
       36.868       0.107905938
       37.942       0.020797599
       41.941       0.185911059
       42.896       0.003910291
       43.851       0.064960974
       90.698       0.047008915
       91.781       0.172440441
       91.909       0.148714369
       94.320       0.013280318
       94.588       0.052073437

 PDOS Einstein freq (single pole), associated temp and eff. force constant: 
 Freq (THz)   Temp (K)   Eff. FC (N/m)
  66.773      3204.50     105.8816

 pDOS n Moments, associated Einstein freqs, temps and eff. force constants:
  n     Mom (THz^n)   Freq (THz)     Temp (K)    Eff. FC (N/m)
 -2       0.00091      33.20303      1593.44      26.1802
 -1       0.02244      44.57034      2138.97      47.1747
  0       1.00000     ---------     --------
  1      60.49100      60.49100      2903.02      86.8957
  2    4458.65006      66.77312      3204.50     105.8816

 Path Red. Mass (AMU):    0.362250
 Path Length (Ang), s^2 (1e-3 Ang^2): 10.5831  31.3019
--------------------------------------------------------------
 Path Indices:    1   8   4   2
 PDOS Poles:
     Freq. (THz)    Weight
        3.745       0.003553411
        8.237       0.049087839
       14.801       0.000526334
       19.278       0.033782103
       28.936       0.115019642
       32.589       0.142752904
       34.922       0.010735378
       37.066       0.077670031
       41.942       0.130377235
       43.357       0.006555740
       43.868       0.103748094
       90.698       0.000466589
       91.781       0.002296906
       91.909       0.102061209
       94.320       0.065448801
       94.588       0.155917762

 PDOS Einstein freq (single pole), associated temp and eff. force constant: 
 Freq (THz)   Temp (K)   Eff. FC (N/m)
  60.726      2914.30     240.2831

 pDOS n Moments, associated Einstein freqs, temps and eff. force constants:
  n     Mom (THz^n)   Freq (THz)     Temp (K)    Eff. FC (N/m)
 -2       0.00158      25.18982      1208.88      41.3449
 -1       0.02856      35.01154      1680.23      79.8721
  0       1.00000     ---------     --------
  1      53.16928      53.16928      2551.64     184.2018
  2    3687.65924      60.72610      2914.30     240.2831

 Path Red. Mass (AMU):    0.993948
 Path Length (Ang), s^2 (1e-3 Ang^2):  8.9205  14.5228
--------------------------------------------------------------
 Path Indices:    1   8   4   3
 PDOS Poles:
     Freq. (THz)    Weight
        4.733       0.010223672
        8.212       0.024797249
       12.232       0.005265493
       19.111       0.018473479
       28.960       0.230598988
       32.445       0.088568434
       33.844       0.012972972
       38.031       0.039319149
       41.220       0.033084626
       42.074       0.061432283
       43.848       0.058367482
       90.698       0.055559510
       91.781       0.200156521
       91.909       0.046236244
       94.320       0.035444921
       94.588       0.079498998

 PDOS Einstein freq (single pole), associated temp and eff. force constant: 
 Freq (THz)   Temp (K)   Eff. FC (N/m)
  64.848      3112.10     180.1219

 pDOS n Moments, associated Einstein freqs, temps and eff. force constants:
  n     Mom (THz^n)   Freq (THz)     Temp (K)    Eff. FC (N/m)
 -2       0.00144      26.34389      1264.27      29.7260
 -1       0.02679      37.32283      1791.16      59.6658
  0       1.00000     ---------     --------
  1      57.18527      57.18527      2744.37     140.0699
  2    4205.23456      64.84778      3112.10     180.1219

 Path Red. Mass (AMU):    0.653383
 Path Length (Ang), s^2 (1e-3 Ang^2):  8.2316  20.7244
--------------------------------------------------------------
 Path Indices:    1   8   4   5
 PDOS Poles:
     Freq. (THz)    Weight
        3.014       0.012372813
        7.541       0.031689696
       11.606       0.006807681
       19.089       0.012484859
       29.432       0.035209911
       32.641       0.091555844
       36.876       0.179842967
       38.099       0.030890892
       41.243       0.034852763
       42.082       0.058689488
       43.844       0.066993656
       90.698       0.165023745
       91.781       0.044229751
       91.909       0.071978839
       94.320       0.035271771
       94.588       0.122105322

 PDOS Einstein freq (single pole), associated temp and eff. force constant: 
 Freq (THz)   Temp (K)   Eff. FC (N/m)
  66.792      3205.42     185.3909

 pDOS n Moments, associated Einstein freqs, temps and eff. force constants:
  n     Mom (THz^n)   Freq (THz)     Temp (K)    Eff. FC (N/m)
 -2       0.00242      20.31177       974.78      17.1448
 -1       0.02775      36.03149      1729.18      53.9513
  0       1.00000     ---------     --------
  1      59.79061      59.79061      2869.40     148.5604
  2    4461.19563      66.79218      3205.42     185.3909

 Path Red. Mass (AMU):    0.633911
 Path Length (Ang), s^2 (1e-3 Ang^2):  8.2333  22.1266
--------------------------------------------------------------
 Path Indices:    1   8   4   6
 PDOS Poles:
     Freq. (THz)    Weight
        4.398       0.006816381
        8.209       0.059757381
       12.089       0.011650898
       19.109       0.022399503
       28.921       0.097997204
       32.670       0.313730346
       36.861       0.069969761
       39.127       0.003523253
       41.720       0.044450578
       42.645       0.009608129
       43.851       0.089427788
       90.698       0.001013194
       91.781       0.001528618
       91.909       0.066409705
       94.320       0.061678481
       94.588       0.140038762

 PDOS Einstein freq (single pole), associated temp and eff. force constant: 
 Freq (THz)   Temp (K)   Eff. FC (N/m)
  56.409      2707.10     186.6904

 pDOS n Moments, associated Einstein freqs, temps and eff. force constants:
  n     Mom (THz^n)   Freq (THz)     Temp (K)    Eff. FC (N/m)
 -2       0.00195      22.62694      1085.89      30.0388
 -1       0.03216      31.09443      1492.25      56.7278
  0       1.00000     ---------     --------
  1      48.47509      48.47509      2326.36     137.8695
  2    3181.93498      56.40864      2707.10     186.6904

 Path Red. Mass (AMU):    0.894998
 Path Length (Ang), s^2 (1e-3 Ang^2):  8.6439  18.1602
--------------------------------------------------------------
 Path Indices:    1   8   4   7
 PDOS Poles:
     Freq. (THz)    Weight
        4.560       0.001222436
        8.368       0.041501491
       12.194       0.011936108
       19.876       0.002402226
       29.114       0.001122395
       29.639       0.006440489
       32.678       0.299980310
       37.797       0.000570847
       40.760       0.005117840
       41.959       0.262265876
       43.985       0.035139871
       90.698       0.000080633
       91.781       0.001477679
       91.909       0.205791476
       94.320       0.124947286
       94.588       0.000002999

 PDOS Einstein freq (single pole), associated temp and eff. force constant: 
 Freq (THz)   Temp (K)   Eff. FC (N/m)
  61.112      2932.84     124.5740

 pDOS n Moments, associated Einstein freqs, temps and eff. force constants:
  n     Mom (THz^n)   Freq (THz)     Temp (K)    Eff. FC (N/m)
 -2       0.00124      28.43651      1364.69      26.9725
 -1       0.02653      37.68721      1808.64      47.3758
  0       1.00000     ---------     --------
  1      54.19509      54.19509      2600.87      97.9691
  2    3734.72323      61.11238      2932.84     124.5740

 Path Red. Mass (AMU):    0.508815
 Path Length (Ang), s^2 (1e-3 Ang^2):  9.2935  26.3555
--------------------------------------------------------------
 Path Indices:    1   8   4   8
 PDOS Poles:
     Freq. (THz)    Weight
        4.900       0.002042213
        8.218       0.018274860
       12.680       0.000814550
       19.171       0.017215129
       28.897       0.107947462
       32.673       0.216687071
       36.887       0.084276816
       39.942       0.003556612
       41.910       0.122424018
       43.109       0.006173963
       43.859       0.100935534
       90.698       0.000881295
       91.781       0.000789407
       91.909       0.100580062
       94.320       0.063748395
       94.588       0.153652599

 PDOS Einstein freq (single pole), associated temp and eff. force constant: 
 Freq (THz)   Temp (K)   Eff. FC (N/m)
  60.626      2909.51     121.5190

 pDOS n Moments, associated Einstein freqs, temps and eff. force constants:
  n     Mom (THz^n)   Freq (THz)     Temp (K)    Eff. FC (N/m)
 -2       0.00097      32.17492      1544.10      34.2260
 -1       0.02512      39.80399      1910.23      52.3810
  0       1.00000     ---------     --------
  1      53.71719      53.71719      2577.94      95.3998
  2    3675.55998      60.62640      2909.51     121.5190

 Path Red. Mass (AMU):    0.504327
 Path Length (Ang), s^2 (1e-3 Ang^2):  9.2950  25.1760
--------------------------------------------------------------
 Path Indices:    1   8   4   9
 PDOS Poles:
     Freq. (THz)    Weight
        4.780       0.008019029
        8.223       0.018954480
       15.105       0.000652200
       19.370       0.019435888
       29.229       0.146575497
       32.084       0.041398176
       35.444       0.016503815
       37.506       0.046734445
       41.369       0.044266194
       42.016       0.210412097
       43.864       0.049159859
       90.698       0.000535457
       91.781       0.003243894
       91.909       0.275127282
       94.320       0.038900270
       94.588       0.080081371

 PDOS Einstein freq (single pole), associated temp and eff. force constant: 
 Freq (THz)   Temp (K)   Eff. FC (N/m)
  64.988      3118.81     137.2571

 pDOS n Moments, associated Einstein freqs, temps and eff. force constants:
  n     Mom (THz^n)   Freq (THz)     Temp (K)    Eff. FC (N/m)
 -2       0.00116      29.34756      1408.42      27.9910
 -1       0.02454      40.75219      1955.73      53.9730
  0       1.00000     ---------     --------
  1      58.23592      58.23592      2794.79     110.2190
  2    4223.38097      64.98754      3118.81     137.2571

 Path Red. Mass (AMU):    0.495753
 Path Length (Ang), s^2 (1e-3 Ang^2):  9.2551  25.0154
--------------------------------------------------------------
 Path Indices:    1   8   5   2
 PDOS Poles:
     Freq. (THz)    Weight
        3.406       0.000775615
        8.365       0.022931184
       12.374       0.000802094
       19.096       0.200466421
       28.932       0.042854711
       32.673       0.108283017
       37.043       0.045345484
       40.191       0.029434551
       41.702       0.112152021
       42.759       0.016214795
       43.924       0.072652845
       90.698       0.160564327
       91.781       0.038645868
       91.909       0.046044805
       94.320       0.021000190
       94.588       0.081832068

 PDOS Einstein freq (single pole), associated temp and eff. force constant: 
 Freq (THz)   Temp (K)   Eff. FC (N/m)
  60.458      2901.45     152.7671

 pDOS n Moments, associated Einstein freqs, temps and eff. force constants:
  n     Mom (THz^n)   Freq (THz)     Temp (K)    Eff. FC (N/m)
 -2       0.00131      27.67674      1328.23      32.0145
 -1       0.02879      34.73891      1667.15      50.4370
  0       1.00000     ---------     --------
  1      52.29741      52.29741      2509.80     114.3081
  2    3655.21629      60.45838      2901.45     152.7671

 Path Red. Mass (AMU):    0.637541
 Path Length (Ang), s^2 (1e-3 Ang^2):  9.8482  22.8192
--------------------------------------------------------------
 Path Indices:    1   8   5   3
 PDOS Poles:
     Freq. (THz)    Weight
        4.760       0.008020592
        8.261       0.015407233
       12.348       0.002110806
       19.098       0.084073337
       28.924       0.239213378
       32.596       0.063260626
       36.548       0.008683837
       39.760       0.013443588
       41.388       0.072526625
       42.400       0.026892549
       43.925       0.051457574
       90.698       0.317583365
       91.781       0.006541570
       91.909       0.025325195
       94.320       0.012955125
       94.588       0.052504605

 PDOS Einstein freq (single pole), associated temp and eff. force constant: 
 Freq (THz)   Temp (K)   Eff. FC (N/m)
  63.803      3061.95     130.8615

 pDOS n Moments, associated Einstein freqs, temps and eff. force constants:
  n     Mom (THz^n)   Freq (THz)     Temp (K)    Eff. FC (N/m)
 -2       0.00132      27.54140      1321.74      24.3840
 -1       0.02701      37.02428      1776.83      44.0662
  0       1.00000     ---------     --------
  1      55.95270      55.95270      2685.22     100.6410
  2    4070.79370      63.80277      3061.95     130.8615

 Path Red. Mass (AMU):    0.490370
 Path Length (Ang), s^2 (1e-3 Ang^2):  9.2728  27.8365
--------------------------------------------------------------
 Path Indices:    1   8   5   4
 PDOS Poles:
     Freq. (THz)    Weight
        4.187       0.004867188
        8.224       0.024634326
       12.095       0.003091669
       19.103       0.093504996
       28.892       0.113487729
       32.675       0.051492856
       37.346       0.014381170
       40.344       0.030198787
       41.769       0.107679025
       42.899       0.011675100
       43.932       0.073663345
       90.698       0.262362161
       91.781       0.067851826
       91.909       0.043326386
       94.320       0.017675868
       94.588       0.080107574

 PDOS Einstein freq (single pole), associated temp and eff. force constant: 
 Freq (THz)   Temp (K)   Eff. FC (N/m)
  67.650      3246.58     172.6994

 pDOS n Moments, associated Einstein freqs, temps and eff. force constants:
  n     Mom (THz^n)   Freq (THz)     Temp (K)    Eff. FC (N/m)
 -2       0.00129      27.79292      1333.81      29.1490
 -1       0.02561      39.04640      1873.87      57.5331
  0       1.00000     ---------     --------
  1      60.24790      60.24790      2891.35     136.9745
  2    4576.51682      67.64996      3246.58     172.6994

 Path Red. Mass (AMU):    0.575635
 Path Length (Ang), s^2 (1e-3 Ang^2):  8.6201  22.4852
--------------------------------------------------------------
 Path Indices:    1   8   5   6
 PDOS Poles:
     Freq. (THz)    Weight
        4.398       0.003477535
        8.384       0.027543111
       12.612       0.003015267
       19.104       0.135502451
       28.961       0.172675219
       32.625       0.152801781
       36.540       0.010350861
       38.759       0.020919426
       41.094       0.087751752
       42.439       0.021952224
       43.930       0.062950671
       90.698       0.147686816
       91.781       0.037022993
       91.909       0.026070229
       94.320       0.016027004
       94.588       0.074252664

 PDOS Einstein freq (single pole), associated temp and eff. force constant: 
 Freq (THz)   Temp (K)   Eff. FC (N/m)
  57.164      2743.36     110.2165

 pDOS n Moments, associated Einstein freqs, temps and eff. force constants:
  n     Mom (THz^n)   Freq (THz)     Temp (K)    Eff. FC (N/m)
 -2       0.00147      26.12386      1253.71      23.0182
 -1       0.03023      33.07655      1587.37      36.9010
  0       1.00000     ---------     --------
  1      49.07498      49.07498      2355.15      81.2303
  2    3267.75090      57.16424      2743.36     110.2165

 Path Red. Mass (AMU):    0.514504
 Path Length (Ang), s^2 (1e-3 Ang^2):  9.7119  29.6972
--------------------------------------------------------------
 Path Indices:    1   8   5   7
 PDOS Poles:
     Freq. (THz)    Weight
        5.668       0.003653394
        8.440       0.026794121
       12.523       0.005253109
       19.160       0.042466038
       28.856       0.016956875
       32.658       0.177833150
       35.274       0.005668337
       37.323       0.038312221
       40.723       0.037018312
       41.958       0.194139124
       43.985       0.057921045
       90.698       0.142128757
       91.781       0.034381005
       91.909       0.143357492
       94.320       0.072201322
       94.588       0.001915679

 PDOS Einstein freq (single pole), associated temp and eff. force constant: 
 Freq (THz)   Temp (K)   Eff. FC (N/m)
  64.243      3083.05      99.8240

 pDOS n Moments, associated Einstein freqs, temps and eff. force constants:
  n     Mom (THz^n)   Freq (THz)     Temp (K)    Eff. FC (N/m)
 -2       0.00107      30.60886      1468.95      22.6613
 -1       0.02482      40.29807      1933.94      39.2788
  0       1.00000     ---------     --------
  1      57.46736      57.46736      2757.91      79.8790
  2    4127.09898      64.24250      3083.05      99.8240

 Path Red. Mass (AMU):    0.368962
 Path Length (Ang), s^2 (1e-3 Ang^2): 10.6158  33.9906
--------------------------------------------------------------
 Path Indices:    1   8   5   8
 PDOS Poles:
     Freq. (THz)    Weight
        2.236       0.001864574
        8.261       0.008089653
       18.171       0.003568334
       19.129       0.188234634
       28.916       0.155547217
       32.652       0.100281743
       37.191       0.009249368
       40.225       0.051412633
       41.314       0.131121157
       42.375       0.038636685
       43.937       0.065267870
       90.698       0.101439773
       91.781       0.023873089
       91.909       0.037557041
       94.320       0.017637909
       94.588       0.066218304

 PDOS Einstein freq (single pole), associated temp and eff. force constant: 
 Freq (THz)   Temp (K)   Eff. FC (N/m)
  54.083      2595.47      67.8528

 pDOS n Moments, associated Einstein freqs, temps and eff. force constants:
  n     Mom (THz^n)   Freq (THz)     Temp (K)    Eff. FC (N/m)
 -2       0.00150      25.84971      1240.55      15.5012
 -1       0.03007      33.25296      1595.84      25.6515
  0       1.00000     ---------     --------
  1      46.61330      46.61330      2237.01      50.4049
  2    2924.92606      54.08259      2595.47      67.8528

 Path Red. Mass (AMU):    0.353870
 Path Length (Ang), s^2 (1e-3 Ang^2): 10.0687  42.9488
--------------------------------------------------------------
 Path Indices:    1   8   5   9
 PDOS Poles:
     Freq. (THz)    Weight
        4.935       0.006966148
        8.074       0.010633050
       16.006       0.000569750
       19.163       0.080640646
       28.883       0.180979556
       29.611       0.153108799
       32.838       0.015816765
       37.742       0.009846438
       40.770       0.019740138
       41.961       0.228123165
       43.852       0.004533428
       90.698       0.067247748
       91.781       0.011560229
       91.909       0.138042360
       94.320       0.024314503
       94.588       0.047877250

 PDOS Einstein freq (single pole), associated temp and eff. force constant: 
 Freq (THz)   Temp (K)   Eff. FC (N/m)
  57.021      2736.51      77.7258

 pDOS n Moments, associated Einstein freqs, temps and eff. force constants:
  n     Mom (THz^n)   Freq (THz)     Temp (K)    Eff. FC (N/m)
 -2       0.00126      28.15154      1351.02      18.9450
 -1       0.02831      35.32503      1695.28      29.8301
  0       1.00000     ---------     --------
  1      49.57219      49.57219      2379.01      58.7443
  2    3251.44301      57.02143      2736.51      77.7258

 Path Red. Mass (AMU):    0.364654
 Path Length (Ang), s^2 (1e-3 Ang^2): 10.0226  39.2339
--------------------------------------------------------------
 Path Indices:    1   8   6   2
 PDOS Poles:
     Freq. (THz)    Weight
        3.224       0.003383374
        8.244       0.093359815
       11.871       0.007623729
       19.100       0.013597107
       28.871       0.033045081
       30.394       0.001213431
       32.692       0.052442893
       36.911       0.022915369
       41.954       0.036250794
       43.685       0.005824211
       43.854       0.048069739
       90.698       0.000300818
       91.781       0.011478362
       91.909       0.177857649
       94.320       0.158473892
       94.588       0.334163687

 PDOS Einstein freq (single pole), associated temp and eff. force constant: 
 Freq (THz)   Temp (K)   Eff. FC (N/m)
  79.353      3808.21     532.5516

 pDOS n Moments, associated Einstein freqs, temps and eff. force constants:
  n     Mom (THz^n)   Freq (THz)     Temp (K)    Eff. FC (N/m)
 -2       0.00202      22.23014      1066.84      41.7948
 -1       0.02651      37.72535      1810.47     120.3662
  0       1.00000     ---------     --------
  1      72.54804      72.54804      3481.64     445.1326
  2    6296.85414      79.35272      3808.21     532.5515

 Path Red. Mass (AMU):    1.290117
 Path Length (Ang), s^2 (1e-3 Ang^2):  8.8063  10.3839
--------------------------------------------------------------
 Path Indices:    1   8   6   3
 PDOS Poles:
     Freq. (THz)    Weight
        4.704       0.015869085
        8.082       0.031300462
       11.883       0.004738498
       19.851       0.001796189
       28.925       0.098643066
       32.603       0.081507233
       34.458       0.004436877
       37.613       0.017539753
       40.781       0.000691818
       41.974       0.025388090
       43.831       0.037244224
       90.698       0.058769707
       91.781       0.216020432
       91.909       0.110108267
       94.320       0.088104260
       94.588       0.207842047

 PDOS Einstein freq (single pole), associated temp and eff. force constant: 
 Freq (THz)   Temp (K)   Eff. FC (N/m)
  78.721      3777.90     406.6102

 pDOS n Moments, associated Einstein freqs, temps and eff. force constants:
  n     Mom (THz^n)   Freq (THz)     Temp (K)    Eff. FC (N/m)
 -2       0.00156      25.33105      1215.66      42.1018
 -1       0.02304      43.39535      2082.58     123.5606
  0       1.00000     ---------     --------
  1      72.71519      72.71519      3489.67     346.9317
  2    6197.04299      78.72130      3777.90     406.6102

 Path Red. Mass (AMU):    1.000887
 Path Length (Ang), s^2 (1e-3 Ang^2):  8.2568  11.6358
--------------------------------------------------------------
 Path Indices:    1   8   6   4
 PDOS Poles:
     Freq. (THz)    Weight
        4.504       0.014033254
        8.067       0.062604486
       11.800       0.008543261
       19.106       0.014696345
       28.889       0.034132370
       32.659       0.083918460
       35.674       0.003441185
       37.127       0.022398309
       41.940       0.032788726
       43.034       0.001050762
       43.839       0.052675588
       90.698       0.000007613
       91.781       0.011088257
       91.909       0.179225171
       94.320       0.138467039
       94.588       0.340929136

 PDOS Einstein freq (single pole), associated temp and eff. force constant: 
 Freq (THz)   Temp (K)   Eff. FC (N/m)
  78.832      3783.24     536.9398

 pDOS n Moments, associated Einstein freqs, temps and eff. force constants:
  n     Mom (THz^n)   Freq (THz)     Temp (K)    Eff. FC (N/m)
 -2       0.00202      22.26787      1068.65      42.8423
 -1       0.02597      38.50417      1847.85     128.0948
  0       1.00000     ---------     --------
  1      72.15940      72.15940      3462.99     449.8853
  2    6214.54864      78.83241      3783.24     536.9398

 Path Red. Mass (AMU):    1.317975
 Path Length (Ang), s^2 (1e-3 Ang^2):  7.5740   9.9589
--------------------------------------------------------------
 Path Indices:    1   8   6   5
 PDOS Poles:
     Freq. (THz)    Weight
        3.062       0.017862189
        7.322       0.043570436
       11.092       0.007123171
       19.101       0.038029723
       29.321       0.005714639
       32.566       0.072513127
       34.054       0.007778635
       37.158       0.037146316
       39.736       0.000870063
       41.968       0.024647298
       43.831       0.038844287
       90.698       0.159286593
       91.781       0.018498749
       91.909       0.141906126
       94.320       0.085860768
       94.588       0.300347854

 PDOS Einstein freq (single pole), associated temp and eff. force constant: 
 Freq (THz)   Temp (K)   Eff. FC (N/m)
  79.967      3837.67     403.2526

 pDOS n Moments, associated Einstein freqs, temps and eff. force constants:
  n     Mom (THz^n)   Freq (THz)     Temp (K)    Eff. FC (N/m)
 -2       0.00310      17.94677       861.28      20.3110
 -1       0.02715      36.83325      1767.66      85.5536
  0       1.00000     ---------     --------
  1      73.81993      73.81993      3542.68     343.6414
  2    6394.68090      79.96675      3837.67     403.2526

 Path Red. Mass (AMU):    0.961943
 Path Length (Ang), s^2 (1e-3 Ang^2):  8.2553  14.2638
--------------------------------------------------------------
 Path Indices:    1   8   6   7
 PDOS Poles:
     Freq. (THz)    Weight
        4.474       0.001427058
        8.364       0.047288991
       12.185       0.009860550
       19.868       0.002685957
       24.975       0.000008576
       29.563       0.009161734
       32.678       0.079699917
       37.920       0.001604901
       40.401       0.000072269
       41.959       0.135202548
       43.985       0.008536383
       90.698       0.001603351
       91.781       0.004668858
       91.909       0.422512340
       94.320       0.275644743
       94.588       0.000021743

 PDOS Einstein freq (single pole), associated temp and eff. force constant: 
 Freq (THz)   Temp (K)   Eff. FC (N/m)
  80.187      3848.25     288.3774

 pDOS n Moments, associated Einstein freqs, temps and eff. force constants:
  n     Mom (THz^n)   Freq (THz)     Temp (K)    Eff. FC (N/m)
 -2       0.00107      30.57463      1467.30      41.9252
 -1       0.02072      48.27380      2316.70     104.5142
  0       1.00000     ---------     --------
  1      74.97073      74.97073      3597.91     252.0786
  2    6429.96504      80.18706      3848.25     288.3773

 Path Red. Mass (AMU):    0.684138
 Path Length (Ang), s^2 (1e-3 Ang^2):  7.1553  15.3027
--------------------------------------------------------------
 Path Indices:    1   8   6   8
 PDOS Poles:
     Freq. (THz)    Weight
        2.244       0.010990499
        7.983       0.043340345
       11.562       0.004086993
       19.242       0.014734477
       27.718       0.001740594
       29.114       0.024771097
       32.711       0.021351931
       36.953       0.010199030
       41.956       0.073693364
       43.656       0.005289544
       43.853       0.056196227
       90.698       0.000305579
       91.781       0.012653645
       91.909       0.199529832
       94.320       0.150850322
       94.588       0.370266495

 PDOS Einstein freq (single pole), associated temp and eff. force constant: 
 Freq (THz)   Temp (K)   Eff. FC (N/m)
  82.250      3947.27     290.5335

 pDOS n Moments, associated Einstein freqs, temps and eff. force constants:
  n     Mom (THz^n)   Freq (THz)     Temp (K)    Eff. FC (N/m)
 -2       0.00315      17.82020       855.21      13.6378
 -1       0.02427      41.19768      1977.11      72.8895
  0       1.00000     ---------     --------
  1      77.11209      77.11209      3700.68     255.3668
  2    6765.13794      82.25046      3947.27     290.5335

 Path Red. Mass (AMU):    0.655105
 Path Length (Ang), s^2 (1e-3 Ang^2):  7.1554  18.7260
--------------------------------------------------------------
 Path Indices:    1   8   6   9
 PDOS Poles:
     Freq. (THz)    Weight
        4.705       0.008553414
        8.132       0.023818465
       12.459       0.001071213
       19.346       0.010162203
       29.101       0.033004223
       31.371       0.006452352
       34.993       0.002980108
       37.204       0.011315838
       41.919       0.098398815
       42.526       0.006122136
       43.864       0.026631830
       90.698       0.000017029
       91.781       0.011219162
       91.909       0.518125405
       94.320       0.075351037
       94.588       0.166776674

 PDOS Einstein freq (single pole), associated temp and eff. force constant: 
 Freq (THz)   Temp (K)   Eff. FC (N/m)
  83.237      3994.63     284.4492

 pDOS n Moments, associated Einstein freqs, temps and eff. force constants:
  n     Mom (THz^n)   Freq (THz)     Temp (K)    Eff. FC (N/m)
 -2       0.00100      31.62770      1517.84      41.0680
 -1       0.01851      54.03231      2593.06     119.8602
  0       1.00000     ---------     --------
  1      79.21933      79.21933      3801.80     257.6501
  2    6928.46049      83.23737      3994.63     284.4492

 Path Red. Mass (AMU):    0.626266
 Path Length (Ang), s^2 (1e-3 Ang^2):  7.1566  14.9352
--------------------------------------------------------------
 Path Indices:    1   8   7   2
 PDOS Poles:
     Freq. (THz)    Weight
        2.598       0.002848208
        8.286       0.069249812
       12.108       0.011283247
       19.763       0.002384246
       29.544       0.031675913
       32.441       0.035079713
       32.766       0.083677511
       37.971       0.015159910
       41.940       0.063624655
       42.689       0.001456709
       43.983       0.111452289
       90.698       0.001327790
       91.781       0.004056888
       91.909       0.351788466
       94.320       0.214899520
       94.588       0.000035068

 PDOS Einstein freq (single pole), associated temp and eff. force constant: 
 Freq (THz)   Temp (K)   Eff. FC (N/m)
  73.775      3540.50     283.2331

 pDOS n Moments, associated Einstein freqs, temps and eff. force constants:
  n     Mom (THz^n)   Freq (THz)     Temp (K)    Eff. FC (N/m)
 -2       0.00183      23.35826      1120.98      28.3930
 -1       0.02586      38.66548      1855.59      77.7997
  0       1.00000     ---------     --------
  1      66.88697      66.88697      3209.96     232.8167
  2    5442.67880      73.77451      3540.50     283.2330

 Path Red. Mass (AMU):    0.793821
 Path Length (Ang), s^2 (1e-3 Ang^2):  9.7326  16.4657
--------------------------------------------------------------
 Path Indices:    1   8   7   3
 PDOS Poles:
     Freq. (THz)    Weight
        4.982       0.017518259
        7.850       0.033859076
       12.032       0.005873621
       19.120       0.031773499
       29.284       0.034188900
       32.629       0.112270243
       35.857       0.005062535
       38.134       0.011788008
       41.317       0.028183003
       42.159       0.030549048
       43.947       0.025299989
       90.698       0.031863322
       91.781       0.090004734
       91.909       0.333072794
       94.320       0.205799603
       94.588       0.002893320

 PDOS Einstein freq (single pole), associated temp and eff. force constant: 
 Freq (THz)   Temp (K)   Eff. FC (N/m)
  77.649      3726.43     294.6509

 pDOS n Moments, associated Einstein freqs, temps and eff. force constants:
  n     Mom (THz^n)   Freq (THz)     Temp (K)    Eff. FC (N/m)
 -2       0.00166      24.51145      1176.33      29.3614
 -1       0.02419      41.34087      1983.98      83.5213
  0       1.00000     ---------     --------
  1      71.33870      71.33870      3423.61     248.7074
  2    6029.33504      77.64879      3726.43     294.6509

 Path Red. Mass (AMU):    0.745469
 Path Length (Ang), s^2 (1e-3 Ang^2):  9.2907  16.3989
--------------------------------------------------------------
 Path Indices:    1   8   7   4
 PDOS Poles:
     Freq. (THz)    Weight
        4.556       0.007976375
        8.090       0.038387099
       11.904       0.006597132
       19.053       0.001828518
       29.551       0.020055039
       32.302       0.012062189
       32.726       0.082466894
       37.956       0.015169707
       41.949       0.038971465
       43.265       0.000671791
       43.980       0.048670421
       90.698       0.000718703
       91.781       0.005157481
       91.909       0.444805884
       94.320       0.265524926
       94.588       0.010936315

 PDOS Einstein freq (single pole), associated temp and eff. force constant: 
 Freq (THz)   Temp (K)   Eff. FC (N/m)
  81.088      3891.50     327.1757

 pDOS n Moments, associated Einstein freqs, temps and eff. force constants:
  n     Mom (THz^n)   Freq (THz)     Temp (K)    Eff. FC (N/m)
 -2       0.00128      27.98750      1343.14      38.9755
 -1       0.02100      47.61084      2284.89     112.7913
  0       1.00000     ---------     --------
  1      76.02060      76.02060      3648.29     287.5587
  2    6575.32170      81.08836      3891.50     327.1756

 Path Red. Mass (AMU):    0.759023
 Path Length (Ang), s^2 (1e-3 Ang^2):  8.9105  13.9850
--------------------------------------------------------------
 Path Indices:    1   8   7   5
 PDOS Poles:
     Freq. (THz)    Weight
        3.096       0.010685023
        7.427       0.027534648
       11.431       0.005149062
       19.089       0.008207068
       29.310       0.033541601
       32.319       0.045857119
       33.102       0.031445560
       37.103       0.011207822
       41.909       0.015820832
       43.152       0.001246748
       43.976       0.054093659
       90.698       0.141752666
       91.781       0.022203064
       91.909       0.378418245
       94.320       0.204112896
       94.588       0.008723931

 PDOS Einstein freq (single pole), associated temp and eff. force constant: 
 Freq (THz)   Temp (K)   Eff. FC (N/m)
  81.916      3931.22     250.3003

 pDOS n Moments, associated Einstein freqs, temps and eff. force constants:
  n     Mom (THz^n)   Freq (THz)     Temp (K)    Eff. FC (N/m)
 -2       0.00192      22.80857      1094.60      19.4053
 -1       0.02167      46.14729      2214.65      79.4360
  0       1.00000     ---------     --------
  1      77.22240      77.22240      3705.97     222.4392
  2    6710.21862      81.91592      3931.22     250.3002

 Path Red. Mass (AMU):    0.569005
 Path Length (Ang), s^2 (1e-3 Ang^2):  9.8459  19.2470
--------------------------------------------------------------
 Path Indices:    1   8   7   6
 PDOS Poles:
     Freq. (THz)    Weight
        4.427       0.004525378
        8.186       0.038567464
       12.029       0.006050588
       19.143       0.006905253
       28.922       0.019730795
       32.644       0.045249266
       35.957       0.003979923
       37.487       0.013803930
       41.013       0.000532726
       43.747       0.009102260
       43.977       0.084007607
       90.698       0.002017673
       91.781       0.002398720
       91.909       0.435955340
       94.320       0.290891121
       94.588       0.036281864

 PDOS Einstein freq (single pole), associated temp and eff. force constant: 
 Freq (THz)   Temp (K)   Eff. FC (N/m)
  83.115      3988.74     294.2903

 pDOS n Moments, associated Einstein freqs, temps and eff. force constants:
  n     Mom (THz^n)   Freq (THz)     Temp (K)    Eff. FC (N/m)
 -2       0.00108      30.37933      1457.93      39.3168
 -1       0.01954      51.18875      2456.59     111.6273
  0       1.00000     ---------     --------
  1      78.70365      78.70365      3777.06     263.8828
  2    6908.03457      83.11459      3988.74     294.2903

 Path Red. Mass (AMU):    0.649849
 Path Length (Ang), s^2 (1e-3 Ang^2):  7.8421  15.1928
--------------------------------------------------------------
 Path Indices:    1   8   7   8
 PDOS Poles:
     Freq. (THz)    Weight
        1.882       0.018821841
        8.215       0.019261721
       12.314       0.001756473
       19.203       0.019443847
       29.005       0.043273486
       32.315       0.031024377
       34.169       0.008369591
       37.430       0.027713303
       40.375       0.001570123
       43.712       0.005214460
       43.982       0.186591511
       90.698       0.001635552
       91.781       0.002893541
       91.909       0.389655718
       94.320       0.231277501
       94.588       0.011496866

 PDOS Einstein freq (single pole), associated temp and eff. force constant: 
 Freq (THz)   Temp (K)   Eff. FC (N/m)
  77.391      3714.07     179.3725

 pDOS n Moments, associated Einstein freqs, temps and eff. force constants:
  n     Mom (THz^n)   Freq (THz)     Temp (K)    Eff. FC (N/m)
 -2       0.00595      12.96851       622.37       5.0368
 -1       0.02820      35.45891      1701.70      37.6550
  0       1.00000     ---------     --------
  1      71.79606      71.79606      3445.56     154.3737
  2    5989.40714      77.39126      3714.07     179.3725

 Path Red. Mass (AMU):    0.456839
 Path Length (Ang), s^2 (1e-3 Ang^2):  8.5289  31.2013
--------------------------------------------------------------
 Path Indices:    1   8   7   9
 PDOS Poles:
     Freq. (THz)    Weight
        4.645       0.006392584
        8.083       0.018799848
       11.902       0.001141368
       19.338       0.006892410
       28.239       0.002187582
       29.445       0.015210664
       32.781       0.004215306
       36.967       0.002189702
       41.819       0.001621295
       43.816       0.107522960
       43.968       0.062819458
       90.698       0.000559558
       91.781       0.004823111
       91.909       0.755896108
       94.320       0.000651095
       94.588       0.009076833

 PDOS Einstein freq (single pole), associated temp and eff. force constant: 
 Freq (THz)   Temp (K)   Eff. FC (N/m)
  82.914      3979.14     222.9896

 pDOS n Moments, associated Einstein freqs, temps and eff. force constants:
  n     Mom (THz^n)   Freq (THz)     Temp (K)    Eff. FC (N/m)
 -2       0.00082      34.98603      1679.01      39.7021
 -1       0.01724      57.99213      2783.09     109.0843
  0       1.00000     ---------     --------
  1      79.48574      79.48574      3814.59     204.9286
  2    6874.80420      82.91444      3979.14     222.9896

 Path Red. Mass (AMU):    0.494784
 Path Length (Ang), s^2 (1e-3 Ang^2):  8.5215  17.6133
--------------------------------------------------------------
 Path Indices:    1   8   9   2
 PDOS Poles:
     Freq. (THz)    Weight
        3.764       0.002565821
        8.240       0.046028273
       12.479       0.000909178
       19.306       0.013572601
       28.950       0.045456542
       31.566       0.006451992
       34.451       0.003369457
       37.001       0.034469662
       41.833       0.008324743
       43.305       0.002133970
       43.946       0.029671688
       90.698       0.000040696
       91.781       0.010770626
       91.909       0.550738144
       94.320       0.108997864
       94.588       0.136498647

 PDOS Einstein freq (single pole), associated temp and eff. force constant: 
 Freq (THz)   Temp (K)   Eff. FC (N/m)
  84.346      4047.82     354.5156

 pDOS n Moments, associated Einstein freqs, temps and eff. force constants:
  n     Mom (THz^n)   Freq (THz)     Temp (K)    Eff. FC (N/m)
 -2       0.00111      30.07939      1443.54      45.0866
 -1       0.01948      51.33526      2463.62     131.3232
  0       1.00000     ---------     --------
  1      80.12002      80.12002      3845.03     319.8836
  2    7114.18850      84.34565      4047.82     354.5155

 Path Red. Mass (AMU):    0.760153
 Path Length (Ang), s^2 (1e-3 Ang^2): 10.4348  12.9511
--------------------------------------------------------------
 Path Indices:    1   8   9   3
 PDOS Poles:
     Freq. (THz)    Weight
        4.826       0.016799364
        8.160       0.020136168
       14.026       0.000439133
       19.556       0.018515353
       28.908       0.056880608
       29.990       0.021272802
       33.812       0.004403473
       37.206       0.028009471
       40.564       0.007489516
       41.950       0.039897304
       43.984       0.005748154
       90.698       0.026305165
       91.781       0.133856396
       91.909       0.431987637
       94.320       0.050661281
       94.588       0.137598123

 PDOS Einstein freq (single pole), associated temp and eff. force constant: 
 Freq (THz)   Temp (K)   Eff. FC (N/m)
  82.993      3982.92     403.1393

 pDOS n Moments, associated Einstein freqs, temps and eff. force constants:
  n     Mom (THz^n)   Freq (THz)     Temp (K)    Eff. FC (N/m)
 -2       0.00131      27.61054      1325.05      44.6189
 -1       0.02019      49.51990      2376.50     143.5253
  0       1.00000     ---------     --------
  1      78.48566      78.48566      3766.60     360.5368
  2    6887.89037      82.99332      3982.92     403.1393

 Path Red. Mass (AMU):    0.892812
 Path Length (Ang), s^2 (1e-3 Ang^2):  9.2568  11.4310
--------------------------------------------------------------
 Path Indices:    1   8   9   4
 PDOS Poles:
     Freq. (THz)    Weight
        4.637       0.010110523
        8.098       0.035023855
       12.023       0.002118158
       19.237       0.013385005
       29.035       0.063096520
       30.715       0.008488460
       35.966       0.007423688
       37.146       0.033606612
       41.863       0.025353073
       42.890       0.002852111
       43.918       0.022448035
       90.698       0.000005803
       91.781       0.011341134
       91.909       0.532375469
       94.320       0.083405609
       94.588       0.148965850

 PDOS Einstein freq (single pole), associated temp and eff. force constant: 
 Freq (THz)   Temp (K)   Eff. FC (N/m)
  82.979      3982.21     376.0293

 pDOS n Moments, associated Einstein freqs, temps and eff. force constants:
  n     Mom (THz^n)   Freq (THz)     Temp (K)    Eff. FC (N/m)
 -2       0.00129      27.87422      1337.71      42.4322
 -1       0.02050      48.78926      2341.44     129.9986
  0       1.00000     ---------     --------
  1      78.32001      78.32001      3758.65     334.9930
  2    6885.43408      82.97852      3982.21     376.0292

 Path Red. Mass (AMU):    0.833070
 Path Length (Ang), s^2 (1e-3 Ang^2):  8.8644  12.4342
--------------------------------------------------------------
 Path Indices:    1   8   9   5
 PDOS Poles:
     Freq. (THz)    Weight
        3.482       0.017796879
        6.953       0.055227047
       11.300       0.001949531
       19.380       0.022697083
       29.004       0.057512817
       30.787       0.010766541
       35.992       0.013764534
       37.220       0.047219535
       41.465       0.023677603
       42.297       0.017372165
       43.857       0.053029748
       90.698       0.066767744
       91.781       0.003057882
       91.909       0.412120453
       94.320       0.042027854
       94.588       0.155012511

 PDOS Einstein freq (single pole), associated temp and eff. force constant: 
 Freq (THz)   Temp (K)   Eff. FC (N/m)
  78.386      3761.81     309.5211

 pDOS n Moments, associated Einstein freqs, temps and eff. force constants:
  n     Mom (THz^n)   Freq (THz)     Temp (K)    Eff. FC (N/m)
 -2       0.00294      18.44135       885.02      17.1316
 -1       0.02791      35.82973      1719.50      64.6696
  0       1.00000     ---------     --------
  1      72.04314      72.04314      3457.41     261.4559
  2    6144.36674      78.38601      3761.81     309.5210

 Path Red. Mass (AMU):    0.768430
 Path Length (Ang), s^2 (1e-3 Ang^2):  9.2451  18.3560
--------------------------------------------------------------
 Path Indices:    1   8   9   6
 PDOS Poles:
     Freq. (THz)    Weight
        4.393       0.004843634
        8.151       0.041378903
       11.922       0.006450944
       19.110       0.008470063
       23.978       0.000037722
       28.897       0.032989700
       32.681       0.029408535
       36.903       0.030265533
       41.942       0.001507858
       43.803       0.007778885
       43.981       0.033768389
       90.698       0.000085513
       91.781       0.009974158
       91.909       0.528154322
       94.320       0.138788135
       94.588       0.126097606

 PDOS Einstein freq (single pole), associated temp and eff. force constant: 
 Freq (THz)   Temp (K)   Eff. FC (N/m)
  84.256      4043.51     326.4927

 pDOS n Moments, associated Einstein freqs, temps and eff. force constants:
  n     Mom (THz^n)   Freq (THz)     Temp (K)    Eff. FC (N/m)
 -2       0.00115      29.52173      1416.77      40.0828
 -1       0.01967      50.84313      2440.01     118.8882
  0       1.00000     ---------     --------
  1      80.00200      80.00200      3839.37     294.3580
  2    7099.03386      84.25576      4043.51     326.4926

 Path Red. Mass (AMU):    0.701561
 Path Length (Ang), s^2 (1e-3 Ang^2):  7.8358  14.1686
--------------------------------------------------------------
 Path Indices:    1   8   9   7
 PDOS Poles:
     Freq. (THz)    Weight
        4.480       0.001212089
        8.364       0.039604364
       12.185       0.008232981
       19.867       0.002301721
       24.775       0.000006287
       29.559       0.003653006
       32.678       0.048357729
       37.761       0.000076763
       41.950       0.000496860
       43.669       0.000095108
       43.985       0.108308147
       90.698       0.000241713
       91.781       0.006463949
       91.909       0.775646697
       94.320       0.005296859
       94.588       0.000005583

 PDOS Einstein freq (single pole), associated temp and eff. force constant: 
 Freq (THz)   Temp (K)   Eff. FC (N/m)
  83.224      3993.99     261.3226

 pDOS n Moments, associated Einstein freqs, temps and eff. force constants:
  n     Mom (THz^n)   Freq (THz)     Temp (K)    Eff. FC (N/m)
 -2       0.00089      33.57992      1611.53      42.5442
 -1       0.01845      54.20722      2601.45     110.8651
  0       1.00000     ---------     --------
  1      79.36743      79.36743      3808.91     237.6651
  2    6926.21974      83.22391      3993.99     261.3226

 Path Red. Mass (AMU):    0.575535
 Path Length (Ang), s^2 (1e-3 Ang^2):  8.5139  16.1993
--------------------------------------------------------------
 Path Indices:    1   8   9   8
 PDOS Poles:
     Freq. (THz)    Weight
        5.021       0.013107856
        7.717       0.058655065
       11.840       0.007929965
       19.306       0.013833761
       27.205       0.001094286
       28.990       0.054156905
       32.706       0.020187390
       36.913       0.045137807
       41.930       0.005085859
       43.802       0.041711200
       43.972       0.069920387
       90.698       0.000033705
       91.781       0.009354272
       91.909       0.458143162
       94.320       0.078731284
       94.588       0.122917031

 PDOS Einstein freq (single pole), associated temp and eff. force constant: 
 Freq (THz)   Temp (K)   Eff. FC (N/m)
  78.186      3752.19     200.9445

 pDOS n Moments, associated Einstein freqs, temps and eff. force constants:
  n     Mom (THz^n)   Freq (THz)     Temp (K)    Eff. FC (N/m)
 -2       0.00186      23.21685      1114.20      17.7186
 -1       0.02523      39.63390      1902.07      51.6366
  0       1.00000     ---------     --------
  1      71.94208      71.94208      3452.56     170.1334
  2    6112.97265      78.18550      3752.19     200.9445

 Path Red. Mass (AMU):    0.501435
 Path Length (Ang), s^2 (1e-3 Ang^2):  8.5137  25.4298
--------------------------------------------------------------
 Path Indices:    1   9   1   2
 PDOS Poles:
     Freq. (THz)    Weight
        5.035       0.019166106
        8.327       0.021676975
       12.203       0.037681537
       19.876       0.043900446
       25.433       0.000028932
       29.569       0.212458494
       32.679       0.031002548
       37.961       0.023478277
       40.772       0.008209405
       41.960       0.121572709
       43.985       0.054007095
       90.698       0.000216405
       91.781       0.000907407
       91.909       0.164337807
       94.320       0.261325422
       94.588       0.000030405

 PDOS Einstein freq (single pole), associated temp and eff. force constant: 
 Freq (THz)   Temp (K)   Eff. FC (N/m)
  65.822      3158.87     270.2379

 pDOS n Moments, associated Einstein freqs, temps and eff. force constants:
  n     Mom (THz^n)   Freq (THz)     Temp (K)    Eff. FC (N/m)
 -2       0.00187      23.11177      1109.15      33.3171
 -1       0.02936      34.06251      1634.69      72.3694
  0       1.00000     ---------     --------
  1      57.46629      57.46629      2757.86     205.9813
  2    4332.56274      65.82221      3158.87     270.2379

 Path Red. Mass (AMU):    0.951465
 Path Length (Ang), s^2 (1e-3 Ang^2): 12.8534  15.5939
--------------------------------------------------------------
 Path Indices:    1   9   1   3
 PDOS Poles:
     Freq. (THz)    Weight
        3.061       0.019099789
        5.571       0.046299794
        9.087       0.003900455
       19.875       0.054203853
       28.917       0.127393446
       32.494       0.022720905
       36.647       0.072520586
       37.879       0.264092144
       40.739       0.063801607
       41.962       0.051710691
       43.983       0.043752315
       90.698       0.001885452
       91.781       0.011448588
       91.909       0.079562280
       94.320       0.137602822
       94.588       0.000005249

 PDOS Einstein freq (single pole), associated temp and eff. force constant: 
 Freq (THz)   Temp (K)   Eff. FC (N/m)
  54.037      2593.28      95.0426

 pDOS n Moments, associated Einstein freqs, temps and eff. force constants:
  n     Mom (THz^n)   Freq (THz)     Temp (K)    Eff. FC (N/m)
 -2       0.00424      15.35024       736.67       7.6695
 -1       0.03803      26.29752      1262.04      22.5095
  0       1.00000     ---------     --------
  1      46.71934      46.71934      2242.10      71.0444
  2    2919.99133      54.03694      2593.28      95.0426

 Path Red. Mass (AMU):    0.496510
 Path Length (Ang), s^2 (1e-3 Ang^2): 13.7151  38.7063
--------------------------------------------------------------
 Path Indices:    1   9   1   4
 PDOS Poles:
     Freq. (THz)    Weight
        4.990       0.064657392
        7.784       0.022816066
        9.359       0.006589254
       19.847       0.092043758
       20.194       0.007670669
       29.568       0.129470815
       32.677       0.099476217
       37.965       0.001766496
       41.059       0.000237856
       41.960       0.126414013
       43.985       0.042769132
       90.698       0.000049194
       91.781       0.001354734
       91.909       0.156015969
       94.320       0.248643688
       94.588       0.000024778

 PDOS Einstein freq (single pole), associated temp and eff. force constant: 
 Freq (THz)   Temp (K)   Eff. FC (N/m)
  64.129      3077.62     243.7721

 pDOS n Moments, associated Einstein freqs, temps and eff. force constants:
  n     Mom (THz^n)   Freq (THz)     Temp (K)    Eff. FC (N/m)
 -2       0.00368      16.47536       790.67      16.0894
 -1       0.03742      26.72387      1282.50      42.3320
  0       1.00000     ---------     --------
  1      54.80728      54.80728      2630.25     178.0519
  2    4112.57412      64.12935      3077.62     243.7720

 Path Red. Mass (AMU):    0.904194
 Path Length (Ang), s^2 (1e-3 Ang^2): 13.7529  20.9153
--------------------------------------------------------------
 Path Indices:    1   9   1   5
 PDOS Poles:
     Freq. (THz)    Weight
        2.822       0.015438383
        5.538       0.050520645
        9.136       0.004395136
       19.881       0.056473941
       28.935       0.118093080
       32.446       0.024106109
       36.614       0.086827334
       37.822       0.241001395
       40.705       0.067413547
       41.943       0.054688006
       43.985       0.043850153
       90.698       0.010464382
       91.781       0.001841049
       91.909       0.086863846
       94.320       0.137896446
       94.588       0.000126512

 PDOS Einstein freq (single pole), associated temp and eff. force constant: 
 Freq (THz)   Temp (K)   Eff. FC (N/m)
  54.459      2613.52      96.5341

 pDOS n Moments, associated Einstein freqs, temps and eff. force constants:
  n     Mom (THz^n)   Freq (THz)     Temp (K)    Eff. FC (N/m)
 -2       0.00430      15.25046       731.88       7.5703
 -1       0.03798      26.32794      1263.50      22.5622
  0       1.00000     ---------     --------
  1      47.06620      47.06620      2258.75      72.1050
  2    2965.74287      54.45863      2613.52      96.5341

 Path Red. Mass (AMU):    0.496522
 Path Length (Ang), s^2 (1e-3 Ang^2): 13.7593  38.6607
--------------------------------------------------------------
 Path Indices:    1   9   1   6
 PDOS Poles:
     Freq. (THz)    Weight
        5.011       0.047258428
        8.282       0.049052306
       11.438       0.001610904
       19.872       0.071792709
       22.171       0.000121265
       29.569       0.331746980
       32.682       0.006947852
       37.960       0.026199997
       40.767       0.009562349
       41.960       0.048333151
       43.985       0.053457560
       90.698       0.000248773
       91.781       0.000624451
       91.909       0.121989331
       94.320       0.231036497
       94.588       0.000017425

 PDOS Einstein freq (single pole), associated temp and eff. force constant: 
 Freq (THz)   Temp (K)   Eff. FC (N/m)
  60.548      2905.77     217.3500

 pDOS n Moments, associated Einstein freqs, temps and eff. force constants:
  n     Mom (THz^n)   Freq (THz)     Temp (K)    Eff. FC (N/m)
 -2       0.00330      17.41490       835.76      17.9802
 -1       0.03762      26.57879      1275.54      41.8817
  0       1.00000     ---------     --------
  1      50.97596      50.97596      2446.38     154.0580
  2    3666.11727      60.54847      2905.77     217.3500

 Path Red. Mass (AMU):    0.904367
 Path Length (Ang), s^2 (1e-3 Ang^2): 15.1782  21.0254
--------------------------------------------------------------
 Path Indices:    1   9   1   7
 PDOS Poles:
     Freq. (THz)    Weight
        4.134       0.020002053
        7.906       0.055618617
       12.297       0.006079216
       19.536       0.035136906
       29.067       0.104905380
       30.668       0.025533113
       34.633       0.008434933
       37.188       0.042607829
       41.715       0.083383716
       42.027       0.236660243
       43.846       0.080517582
       90.698       0.000005182
       91.781       0.000312571
       91.909       0.202262238
       94.320       0.060135647
       94.588       0.038404733

 PDOS Einstein freq (single pole), associated temp and eff. force constant: 
 Freq (THz)   Temp (K)   Eff. FC (N/m)
  59.225      2842.25     114.1739

 pDOS n Moments, associated Einstein freqs, temps and eff. force constants:
  n     Mom (THz^n)   Freq (THz)     Temp (K)    Eff. FC (N/m)
 -2       0.00264      19.46163       933.98      12.3287
 -1       0.03271      30.57101      1467.13      30.4214
  0       1.00000     ---------     --------
  1      51.87109      51.87109      2489.34      87.5810
  2    3507.57833      59.22481      2842.25     114.1738

 Path Red. Mass (AMU):    0.496536
 Path Length (Ang), s^2 (1e-3 Ang^2): 15.5298  33.2939
--------------------------------------------------------------
 Path Indices:    1   9   1   8
 PDOS Poles:
     Freq. (THz)    Weight
        4.584       0.018888418
        8.060       0.055202095
       12.406       0.005884461
       19.339       0.032675022
       29.097       0.109409194
       31.290       0.020271578
       35.015       0.009297512
       37.193       0.037763820
       41.918       0.302677963
       42.511       0.019479201
       43.865       0.079933221
       90.698       0.000020611
       91.781       0.003568697
       91.909       0.206832973
       94.320       0.054910662
       94.588       0.043184533

 PDOS Einstein freq (single pole), associated temp and eff. force constant: 
 Freq (THz)   Temp (K)   Eff. FC (N/m)
  59.719      2865.97     116.0872

 pDOS n Moments, associated Einstein freqs, temps and eff. force constants:
  n     Mom (THz^n)   Freq (THz)     Temp (K)    Eff. FC (N/m)
 -2       0.00232      20.76277       996.42      14.0323
 -1       0.03165      31.59367      1516.21      32.4907
  0       1.00000     ---------     --------
  1      52.40957      52.40957      2515.18      89.4089
  2    3566.35925      59.71900      2865.97     116.0872

 Path Red. Mass (AMU):    0.496536
 Path Length (Ang), s^2 (1e-3 Ang^2): 15.5517  32.2162
--------------------------------------------------------------
 Path Indices:    1   9   1   9
 PDOS Poles:
     Freq. (THz)    Weight
        4.995       0.029382091
        8.027       0.009581279
       12.043       0.003078088
       19.873       0.051774187
       23.125       0.000050316
       29.569       0.223769544
       32.678       0.034786978
       37.961       0.022725619
       40.771       0.008432618
       41.960       0.124817313
       43.985       0.055353903
       90.698       0.000220064
       91.781       0.000928563
       91.909       0.168028573
       94.320       0.267039702
       94.588       0.000031136

 PDOS Einstein freq (single pole), associated temp and eff. force constant: 
 Freq (THz)   Temp (K)   Eff. FC (N/m)
  66.586      3195.50     144.2543

 pDOS n Moments, associated Einstein freqs, temps and eff. force constants:
  n     Mom (THz^n)   Freq (THz)     Temp (K)    Eff. FC (N/m)
 -2       0.00194      22.71799      1090.26      16.7923
 -1       0.02828      35.35841      1696.88      40.6775
  0       1.00000     ---------     --------
  1      58.66150      58.66150      2815.22     111.9632
  2    4433.63136      66.58552      3195.50     144.2543

 Path Red. Mass (AMU):    0.496318
 Path Length (Ang), s^2 (1e-3 Ang^2): 15.8659  28.7986
--------------------------------------------------------------
 Path Indices:    1   9   2   3
 PDOS Poles:
     Freq. (THz)    Weight
        4.442       0.015415154
        7.745       0.012258155
       13.011       0.000901838
       19.846       0.096514081
       28.903       0.109135374
       31.817       0.008960181
       36.036       0.022652290
       37.827       0.251112443
       40.427       0.015203104
       41.937       0.034479763
       43.983       0.028282780
       90.698       0.019410356
       91.781       0.076444074
       91.909       0.105065925
       94.320       0.203855889
       94.588       0.000308586

 PDOS Einstein freq (single pole), associated temp and eff. force constant: 
 Freq (THz)   Temp (K)   Eff. FC (N/m)
  64.621      3101.20     148.8265

 pDOS n Moments, associated Einstein freqs, temps and eff. force constants:
  n     Mom (THz^n)   Freq (THz)     Temp (K)    Eff. FC (N/m)
 -2       0.00166      24.55323      1178.33      21.4860
 -1       0.02751      36.35572      1744.74      47.1068
  0       1.00000     ---------     --------
  1      56.83967      56.83967      2727.79     115.1439
  2    4175.82623      64.62063      3101.20     148.8265

 Path Red. Mass (AMU):    0.543662
 Path Length (Ang), s^2 (1e-3 Ang^2): 11.3192  25.5695
--------------------------------------------------------------
 Path Indices:    1   9   2   4
 PDOS Poles:
     Freq. (THz)    Weight
        5.066       0.019447850
        8.375       0.024673127
       12.396       0.001665099
       19.873       0.176262753
       21.896       0.000241723
       29.568       0.082479991
       32.678       0.054993527
       37.976       0.000742312
       41.019       0.000586219
       41.961       0.072984479
       43.985       0.022659620
       90.698       0.000308962
       91.781       0.001184477
       91.909       0.211378390
       94.320       0.330351142
       94.588       0.000040296

 PDOS Einstein freq (single pole), associated temp and eff. force constant: 
 Freq (THz)   Temp (K)   Eff. FC (N/m)
  71.518      3432.20     311.7600

 pDOS n Moments, associated Einstein freqs, temps and eff. force constants:
  n     Mom (THz^n)   Freq (THz)     Temp (K)    Eff. FC (N/m)
 -2       0.00183      23.38029      1122.04      33.3191
 -1       0.02838      35.23654      1691.03      75.6797
  0       1.00000     ---------     --------
  1      62.90799      62.90799      3019.01     241.2152
  2    5114.78385      71.51772      3432.20     311.7599

 Path Red. Mass (AMU):    0.929789
 Path Length (Ang), s^2 (1e-3 Ang^2): 10.7652  15.4258
--------------------------------------------------------------
 Path Indices:    1   9   2   5
 PDOS Poles:
     Freq. (THz)    Weight
        4.577       0.015760769
        7.871       0.012250868
       15.618       0.001143928
       19.763       0.098223815
       28.887       0.097833731
       31.252       0.011705323
       35.711       0.023365468
       37.724       0.245897407
       40.178       0.017066782
       41.915       0.036439607
       43.985       0.028205981
       90.698       0.062838397
       91.781       0.017455414
       91.909       0.129007008
       94.320       0.202155191
       94.588       0.000650291

 PDOS Einstein freq (single pole), associated temp and eff. force constant: 
 Freq (THz)   Temp (K)   Eff. FC (N/m)
  64.936      3116.31     149.9137

 pDOS n Moments, associated Einstein freqs, temps and eff. force constants:
  n     Mom (THz^n)   Freq (THz)     Temp (K)    Eff. FC (N/m)
 -2       0.00162      24.84250      1192.21      21.9415
 -1       0.02735      36.56343      1754.71      47.5303
  0       1.00000     ---------     --------
  1      57.17085      57.17085      2743.68     116.2053
  2    4216.62184      64.93552      3116.31     149.9137

 Path Red. Mass (AMU):    0.542335
 Path Length (Ang), s^2 (1e-3 Ang^2): 11.3061  25.4865
--------------------------------------------------------------
 Path Indices:    1   9   2   6
 PDOS Poles:
     Freq. (THz)    Weight
        5.035       0.009540244
        8.382       0.060844885
       12.220       0.021356229
       19.874       0.099727603
       24.394       0.000052556
       29.569       0.254871029
       32.693       0.006525359
       37.960       0.024443631
       40.779       0.007000257
       41.963       0.021335879
       43.985       0.028775375
       90.698       0.000277125
       91.781       0.000917144
       91.909       0.171396401
       94.320       0.292898323
       94.588       0.000037920

 PDOS Einstein freq (single pole), associated temp and eff. force constant: 
 Freq (THz)   Temp (K)   Eff. FC (N/m)
  66.940      3212.50     270.6638

 pDOS n Moments, associated Einstein freqs, temps and eff. force constants:
  n     Mom (THz^n)   Freq (THz)     Temp (K)    Eff. FC (N/m)
 -2       0.00204      22.15613      1063.29      29.6517
 -1       0.03170      31.54309      1513.78      60.0995
  0       1.00000     ---------     --------
  1      57.41830      57.41830      2755.55     199.1420
  2    4480.92860      66.93974      3212.50     270.6638

 Path Red. Mass (AMU):    0.921411
 Path Length (Ang), s^2 (1e-3 Ang^2): 11.7208  17.3887
--------------------------------------------------------------
 Path Indices:    1   9   2   7
 PDOS Poles:
     Freq. (THz)    Weight
        5.720       0.021898350
        8.246       0.059492891
       12.334       0.025843964
       19.665       0.037170738
       29.053       0.075571062
       31.541       0.017904079
       34.604       0.008170140
       37.157       0.031997276
       41.931       0.239794241
       42.739       0.008860213
       43.854       0.101191022
       90.698       0.000000480
       91.781       0.000473502
       91.909       0.243027287
       94.320       0.092955855
       94.588       0.035648848

 PDOS Einstein freq (single pole), associated temp and eff. force constant: 
 Freq (THz)   Temp (K)   Eff. FC (N/m)
  63.197      3032.87     132.6809

 pDOS n Moments, associated Einstein freqs, temps and eff. force constants:
  n     Mom (THz^n)   Freq (THz)     Temp (K)    Eff. FC (N/m)
 -2       0.00218      21.39317      1026.68      15.2043
 -1       0.03154      31.70520      1521.56      33.3947
  0       1.00000     ---------     --------
  1      55.28799      55.28799      2653.32     101.5497
  2    3993.84618      63.19688      3032.87     132.6808

 Path Red. Mass (AMU):    0.506767
 Path Length (Ang), s^2 (1e-3 Ang^2): 11.9603  31.4547
--------------------------------------------------------------
 Path Indices:    1   9   2   8
 PDOS Poles:
     Freq. (THz)    Weight
        6.030       0.024445251
        8.428       0.057919150
       12.402       0.026450809
       19.462       0.035345174
       29.029       0.075390250
       31.682       0.019450806
       34.414       0.008507986
       37.100       0.031191184
       41.938       0.248839110
       43.067       0.007204923
       43.874       0.093654289
       90.698       0.000036448
       91.781       0.003640688
       91.909       0.240711700
       94.320       0.089730931
       94.588       0.037481266

 PDOS Einstein freq (single pole), associated temp and eff. force constant: 
 Freq (THz)   Temp (K)   Eff. FC (N/m)
  63.149      3030.57     132.2774

 pDOS n Moments, associated Einstein freqs, temps and eff. force constants:
  n     Mom (THz^n)   Freq (THz)     Temp (K)    Eff. FC (N/m)
 -2       0.00213      21.67415      1040.16      15.5826
 -1       0.03142      31.83157      1527.62      33.6102
  0       1.00000     ---------     --------
  1      55.23123      55.23123      2650.60     101.1870
  2    3987.77283      63.14881      3030.57     132.2773

 Path Red. Mass (AMU):    0.505995
 Path Length (Ang), s^2 (1e-3 Ang^2): 11.9364  31.3776
--------------------------------------------------------------
 Path Indices:    1   9   2   9
 PDOS Poles:
     Freq. (THz)    Weight
        5.099       0.004076940
        8.420       0.014016990
       12.334       0.003137266
       19.875       0.079399774
       26.490       0.000066669
       29.570       0.156312322
       32.684       0.025589245
       37.961       0.018988285
       40.795       0.005486414
       41.961       0.073007995
       43.985       0.032894719
       90.698       0.000276695
       91.781       0.001262838
       91.909       0.227617770
       94.320       0.357821534
       94.588       0.000044505

 PDOS Einstein freq (single pole), associated temp and eff. force constant: 
 Freq (THz)   Temp (K)   Eff. FC (N/m)
  74.465      3573.63     185.0896

 pDOS n Moments, associated Einstein freqs, temps and eff. force constants:
  n     Mom (THz^n)   Freq (THz)     Temp (K)    Eff. FC (N/m)
 -2       0.00092      32.94727      1581.17      36.2342
 -1       0.02220      45.05514      2162.24      67.7591
  0       1.00000     ---------     --------
  1      67.48596      67.48596      3238.71     152.0218
  2    5545.01711      74.46487      3573.63     185.0896

 Path Red. Mass (AMU):    0.509179
 Path Length (Ang), s^2 (1e-3 Ang^2): 12.6701  22.0298
--------------------------------------------------------------
 Path Indices:    1   9   3   2
 PDOS Poles:
     Freq. (THz)    Weight
        5.444       0.016802707
        8.670       0.007639206
       12.437       0.021270785
       19.787       0.093371134
       28.844       0.015564489
       29.652       0.182776095
       33.391       0.006463466
       37.840       0.019335690
       41.939       0.103860186
       42.984       0.002926273
       43.965       0.053785792
       90.698       0.060719318
       91.781       0.194990887
       91.909       0.063139652
       94.320       0.155833223
       94.588       0.001521116

 PDOS Einstein freq (single pole), associated temp and eff. force constant: 
 Freq (THz)   Temp (K)   Eff. FC (N/m)
  67.947      3260.85     215.9451

 pDOS n Moments, associated Einstein freqs, temps and eff. force constants:
  n     Mom (THz^n)   Freq (THz)     Temp (K)    Eff. FC (N/m)
 -2       0.00143      26.40185      1267.05      32.6038
 -1       0.02672      37.42250      1795.94      65.5035
  0       1.00000     ---------     --------
  1      59.98087      59.98087      2878.53     168.2768
  2    4616.83577      67.94730      3260.85     215.9451

 Path Red. Mass (AMU):    0.713494
 Path Length (Ang), s^2 (1e-3 Ang^2): 10.1412  18.9279
--------------------------------------------------------------
 Path Indices:    1   9   3   4
 PDOS Poles:
     Freq. (THz)    Weight
        5.143       0.020263758
        7.700       0.007006202
       12.284       0.003490949
       19.886       0.039143414
       29.441       0.213216157
       32.017       0.030426793
       34.674       0.008544349
       37.452       0.024770134
       41.930       0.087749161
       42.799       0.003325797
       43.960       0.035233930
       90.698       0.088625787
       91.781       0.265770582
       91.909       0.043983042
       94.320       0.126226355
       94.588       0.002223626

 PDOS Einstein freq (single pole), associated temp and eff. force constant: 
 Freq (THz)   Temp (K)   Eff. FC (N/m)
  70.630      3389.60     183.1441

 pDOS n Moments, associated Einstein freqs, temps and eff. force constants:
  n     Mom (THz^n)   Freq (THz)     Temp (K)    Eff. FC (N/m)
 -2       0.00144      26.36454      1265.26      25.5184
 -1       0.02489      40.18035      1928.29      59.2708
  0       1.00000     ---------     --------
  1      63.41458      63.41458      3043.32     147.6358
  2    4988.60755      70.63008      3389.60     183.1441

 Path Red. Mass (AMU):    0.560022
 Path Length (Ang), s^2 (1e-3 Ang^2):  8.8983  22.4598
--------------------------------------------------------------
 Path Indices:    1   9   3   5
 PDOS Poles:
     Freq. (THz)    Weight
        3.746       0.009269120
        5.984       0.015157912
       12.242       0.003316430
       19.889       0.042096574
       29.126       0.161863664
       31.527       0.020414495
       36.187       0.027860574
       37.198       0.060637453
       40.828       0.142732632
       42.074       0.045678123
       43.961       0.036204578
       90.698       0.243675206
       91.781       0.047700070
       91.909       0.040484989
       94.320       0.102753941
       94.588       0.000154247

 PDOS Einstein freq (single pole), associated temp and eff. force constant: 
 Freq (THz)   Temp (K)   Eff. FC (N/m)
  65.942      3164.62     124.7905

 pDOS n Moments, associated Einstein freqs, temps and eff. force constants:
  n     Mom (THz^n)   Freq (THz)     Temp (K)    Eff. FC (N/m)
 -2       0.00167      24.46642      1174.16      17.1789
 -1       0.02614      38.25149      1835.72      41.9905
  0       1.00000     ---------     --------
  1      58.87216      58.87216      2825.33      99.4660
  2    4348.37250      65.94219      3164.62     124.7905

 Path Red. Mass (AMU):    0.437770
 Path Length (Ang), s^2 (1e-3 Ang^2):  9.5527  30.1808
--------------------------------------------------------------
 Path Indices:    1   9   3   6
 PDOS Poles:
     Freq. (THz)    Weight
        5.252       0.017195128
        8.186       0.008306485
       12.918       0.001980265
       19.812       0.044649851
       28.817       0.040411236
       29.567       0.363919710
       36.935       0.077669684
       38.358       0.015746088
       41.645       0.034534920
       42.395       0.013378221
       43.957       0.034616842
       90.698       0.049179991
       91.781       0.152139248
       91.909       0.031366263
       94.320       0.112495763
       94.588       0.002410309

 PDOS Einstein freq (single pole), associated temp and eff. force constant: 
 Freq (THz)   Temp (K)   Eff. FC (N/m)
  60.199      2889.03     119.6618

 pDOS n Moments, associated Einstein freqs, temps and eff. force constants:
  n     Mom (THz^n)   Freq (THz)     Temp (K)    Eff. FC (N/m)
 -2       0.00149      25.89383      1242.67      22.1392
 -1       0.02861      34.95118      1677.34      40.3361
  0       1.00000     ---------     --------
  1      52.13810      52.13810      2502.15      89.7595
  2    3623.97807      60.19949      2889.03     119.6618

 Path Red. Mass (AMU):    0.503687
 Path Length (Ang), s^2 (1e-3 Ang^2):  9.9933  28.7079
--------------------------------------------------------------
 Path Indices:    1   9   3   7
 PDOS Poles:
     Freq. (THz)    Weight
        4.562       0.007220511
        7.895       0.011111728
       16.927       0.002009437
       19.334       0.080074476
       28.489       0.055827868
       29.385       0.278626063
       32.705       0.014595572
       37.891       0.009519204
       40.819       0.019809550
       41.963       0.228876211
       43.871       0.005256693
       90.698       0.026426463
       91.781       0.075058607
       91.909       0.111235822
       94.320       0.028134331
       94.588       0.046217454

 PDOS Einstein freq (single pole), associated temp and eff. force constant: 
 Freq (THz)   Temp (K)   Eff. FC (N/m)
  56.972      2734.12      77.3678

 pDOS n Moments, associated Einstein freqs, temps and eff. force constants:
  n     Mom (THz^n)   Freq (THz)     Temp (K)    Eff. FC (N/m)
 -2       0.00134      27.35456      1312.77      17.8362
 -1       0.02856      35.01966      1680.62      29.2325
  0       1.00000     ---------     --------
  1      49.49690      49.49690      2375.40      58.3980
  2    3245.77087      56.97167      2734.12      77.3678

 Path Red. Mass (AMU):    0.363608
 Path Length (Ang), s^2 (1e-3 Ang^2): 10.3404  39.6898
--------------------------------------------------------------
 Path Indices:    1   9   3   8
 PDOS Poles:
     Freq. (THz)    Weight
        4.502       0.005419125
        8.077       0.009268179
       12.877       0.000292517
       19.794       0.014046476
       29.566       0.140621275
       32.571       0.013349088
       36.868       0.107905938
       37.942       0.020797599
       41.941       0.185911059
       42.896       0.003910291
       43.851       0.064960974
       90.698       0.047008915
       91.781       0.172440441
       91.909       0.148714369
       94.320       0.013280318
       94.588       0.052073437

 PDOS Einstein freq (single pole), associated temp and eff. force constant: 
 Freq (THz)   Temp (K)   Eff. FC (N/m)
  66.773      3204.50     105.8816

 pDOS n Moments, associated Einstein freqs, temps and eff. force constants:
  n     Mom (THz^n)   Freq (THz)     Temp (K)    Eff. FC (N/m)
 -2       0.00091      33.20303      1593.44      26.1802
 -1       0.02244      44.57034      2138.97      47.1747
  0       1.00000     ---------     --------
  1      60.49100      60.49100      2903.02      86.8957
  2    4458.65006      66.77312      3204.50     105.8816

 Path Red. Mass (AMU):    0.362250
 Path Length (Ang), s^2 (1e-3 Ang^2): 10.8973  31.3019
--------------------------------------------------------------
 Path Indices:    1   9   3   9
 PDOS Poles:
     Freq. (THz)    Weight
        5.811       0.007822458
        8.488       0.001752117
       12.338       0.008170147
       19.895       0.021316144
       29.319       0.355779118
       30.529       0.049017594
       36.425       0.044334354
       37.679       0.089479501
       41.806       0.063335631
       42.282       0.023935106
       43.948       0.031482149
       90.698       0.034763675
       91.781       0.109277527
       91.909       0.047518810
       94.320       0.111104387
       94.588       0.000911297

 PDOS Einstein freq (single pole), associated temp and eff. force constant: 
 Freq (THz)   Temp (K)   Eff. FC (N/m)
  58.019      2784.38      75.7864

 pDOS n Moments, associated Einstein freqs, temps and eff. force constants:
  n     Mom (THz^n)   Freq (THz)     Temp (K)    Eff. FC (N/m)
 -2       0.00103      31.19338      1497.00      21.9067
 -1       0.02669      37.46135      1797.80      31.5950
  0       1.00000     ---------     --------
  1      50.65821      50.65821      2431.13      57.7765
  2    3366.19825      58.01895      2784.38      75.7864

 Path Red. Mass (AMU):    0.343434
 Path Length (Ang), s^2 (1e-3 Ang^2): 10.3142  39.2824
--------------------------------------------------------------
 Path Indices:    1   9   4   2
 PDOS Poles:
     Freq. (THz)    Weight
        5.065       0.008783955
        8.396       0.010447168
       12.225       0.016026765
       19.877       0.090538323
       25.924       0.000051533
       29.570       0.207496452
       32.685       0.015984204
       37.961       0.023141215
       40.774       0.012207912
       41.960       0.110191102
       43.985       0.049045110
       90.698       0.001247827
       91.781       0.000639281
       91.909       0.176438537
       94.320       0.277724167
       94.588       0.000036413

 PDOS Einstein freq (single pole), associated temp and eff. force constant: 
 Freq (THz)   Temp (K)   Eff. FC (N/m)
  67.508      3239.76     291.1141

 pDOS n Moments, associated Einstein freqs, temps and eff. force constants:
  n     Mom (THz^n)   Freq (THz)     Temp (K)    Eff. FC (N/m)
 -2       0.00124      28.36368      1361.20      51.3902
 -1       0.02589      38.62758      1853.77      95.3125
  0       1.00000     ---------     --------
  1      59.53071      59.53071      2856.93     226.3795
  2    4557.30678      67.50783      3239.76     291.1141

 Path Red. Mass (AMU):    0.974420
 Path Length (Ang), s^2 (1e-3 Ang^2):  9.1948  13.4271
--------------------------------------------------------------
 Path Indices:    1   9   4   3
 PDOS Poles:
     Freq. (THz)    Weight
        3.858       0.015081403
        6.371       0.014674143
       11.718       0.001473343
       19.869       0.027418784
       29.226       0.104194917
       31.323       0.016455166
       35.358       0.009970911
       37.833       0.160599124
       40.672       0.038024437
       41.950       0.064120387
       43.984       0.044622574
       90.698       0.047893425
       91.781       0.175394757
       91.909       0.085658405
       94.320       0.193365765
       94.588       0.001052471

 PDOS Einstein freq (single pole), associated temp and eff. force constant: 
 Freq (THz)   Temp (K)   Eff. FC (N/m)
  70.328      3375.12     201.6794

 pDOS n Moments, associated Einstein freqs, temps and eff. force constants:
  n     Mom (THz^n)   Freq (THz)     Temp (K)    Eff. FC (N/m)
 -2       0.00185      23.21914      1114.31      21.9833
 -1       0.02525      39.61121      1900.98      63.9790
  0       1.00000     ---------     --------
  1      63.55422      63.55422      3050.02     164.6987
  2    4946.06768      70.32829      3375.12     201.6794

 Path Red. Mass (AMU):    0.622003
 Path Length (Ang), s^2 (1e-3 Ang^2):  8.5059  20.5123
--------------------------------------------------------------
 Path Indices:    1   9   4   5
 PDOS Poles:
     Freq. (THz)    Weight
        3.816       0.013145200
        6.265       0.016270781
       11.546       0.001785341
       19.885       0.027833093
       29.298       0.101503669
       31.513       0.015397017
       35.677       0.013862833
       37.781       0.149834057
       40.647       0.039106304
       41.942       0.064911176
       43.985       0.044067200
       90.698       0.151244272
       91.781       0.050477349
       91.909       0.120082024
       94.320       0.189008064
       94.588       0.001471615

 PDOS Einstein freq (single pole), associated temp and eff. force constant: 
 Freq (THz)   Temp (K)   Eff. FC (N/m)
  70.629      3389.53     200.9587

 pDOS n Moments, associated Einstein freqs, temps and eff. force constants:
  n     Mom (THz^n)   Freq (THz)     Temp (K)    Eff. FC (N/m)
 -2       0.00179      23.61032      1133.08      22.4568
 -1       0.02496      40.06614      1922.81      64.6694
  0       1.00000     ---------     --------
  1      63.94445      63.94445      3068.75     164.7213
  2    4988.41661      70.62872      3389.53     200.9587

 Path Red. Mass (AMU):    0.614519
 Path Length (Ang), s^2 (1e-3 Ang^2):  8.5076  20.5264
--------------------------------------------------------------
 Path Indices:    1   9   4   6
 PDOS Poles:
     Freq. (THz)    Weight
        5.010       0.018407663
        8.290       0.017335105
       11.757       0.000447207
       19.875       0.034785842
       27.744       0.000147305
       29.570       0.387051741
       32.712       0.005583806
       37.961       0.055111159
       40.768       0.027493577
       41.962       0.033975991
       43.985       0.056077504
       90.698       0.001956859
       91.781       0.000305388
       91.909       0.122216080
       94.320       0.239077760
       94.588       0.000026986

 PDOS Einstein freq (single pole), associated temp and eff. force constant: 
 Freq (THz)   Temp (K)   Eff. FC (N/m)
  61.900      2970.64     215.4415

 pDOS n Moments, associated Einstein freqs, temps and eff. force constants:
  n     Mom (THz^n)   Freq (THz)     Temp (K)    Eff. FC (N/m)
 -2       0.00167      24.47277      1174.47      33.6755
 -1       0.02892      34.57908      1659.48      67.2317
  0       1.00000     ---------     --------
  1      53.66042      53.66042      2575.21     161.9033
  2    3831.61605      61.90005      2970.64     215.4415

 Path Red. Mass (AMU):    0.857706
 Path Length (Ang), s^2 (1e-3 Ang^2):  8.9182  17.0401
--------------------------------------------------------------
 Path Indices:    1   9   4   7
 PDOS Poles:
     Freq. (THz)    Weight
        4.366       0.008236268
        8.082       0.019095267
       14.505       0.000654328
       19.562       0.020901130
       29.243       0.148114842
       31.807       0.036298136
       34.746       0.014416712
       37.439       0.053637251
       41.024       0.024162968
       41.980       0.229817180
       43.846       0.051560326
       90.698       0.000354129
       91.781       0.000490492
       91.909       0.272638325
       94.320       0.043184933
       94.588       0.076437666

 PDOS Einstein freq (single pole), associated temp and eff. force constant: 
 Freq (THz)   Temp (K)   Eff. FC (N/m)
  64.719      3105.90     136.3203

 pDOS n Moments, associated Einstein freqs, temps and eff. force constants:
  n     Mom (THz^n)   Freq (THz)     Temp (K)    Eff. FC (N/m)
 -2       0.00126      28.18548      1352.65      25.8556
 -1       0.02490      40.16496      1927.55      52.5047
  0       1.00000     ---------     --------
  1      57.94174      57.94174      2780.67     109.2663
  2    4188.48682      64.71852      3105.90     136.3203

 Path Red. Mass (AMU):    0.496472
 Path Length (Ang), s^2 (1e-3 Ang^2):  9.5678  25.3444
--------------------------------------------------------------
 Path Indices:    1   9   4   8
 PDOS Poles:
     Freq. (THz)    Weight
        4.780       0.008019029
        8.223       0.018954480
       15.105       0.000652200
       19.370       0.019435888
       29.229       0.146575497
       32.084       0.041398176
       35.444       0.016503815
       37.506       0.046734445
       41.369       0.044266194
       42.016       0.210412097
       43.864       0.049159859
       90.698       0.000535457
       91.781       0.003243894
       91.909       0.275127282
       94.320       0.038900270
       94.588       0.080081371

 PDOS Einstein freq (single pole), associated temp and eff. force constant: 
 Freq (THz)   Temp (K)   Eff. FC (N/m)
  64.988      3118.81     137.2571

 pDOS n Moments, associated Einstein freqs, temps and eff. force constants:
  n     Mom (THz^n)   Freq (THz)     Temp (K)    Eff. FC (N/m)
 -2       0.00116      29.34756      1408.42      27.9910
 -1       0.02454      40.75219      1955.73      53.9730
  0       1.00000     ---------     --------
  1      58.23592      58.23592      2794.79     110.2190
  2    4223.38097      64.98754      3118.81     137.2571

 Path Red. Mass (AMU):    0.495753
 Path Length (Ang), s^2 (1e-3 Ang^2):  9.5693  25.0154
--------------------------------------------------------------
 Path Indices:    1   9   4   9
 PDOS Poles:
     Freq. (THz)    Weight
        4.977       0.004286645
        8.011       0.001316007
       12.201       0.005733701
       19.877       0.010031720
       29.569       0.297147237
       32.372       0.002330649
       33.731       0.000521564
       37.962       0.063163919
       40.772       0.024804979
       41.961       0.098761465
       43.985       0.058069242
       90.698       0.000915695
       91.781       0.000667201
       91.909       0.167097572
       94.320       0.265118089
       94.588       0.000034291

 PDOS Einstein freq (single pole), associated temp and eff. force constant: 
 Freq (THz)   Temp (K)   Eff. FC (N/m)
  66.857      3208.53     140.8264

 pDOS n Moments, associated Einstein freqs, temps and eff. force constants:
  n     Mom (THz^n)   Freq (THz)     Temp (K)    Eff. FC (N/m)
 -2       0.00079      35.47440      1702.45      39.6478
 -1       0.02273      43.99512      2111.36      60.9815
  0       1.00000     ---------     --------
  1      59.79921      59.79921      2869.82     112.6626
  2    4469.87341      66.85711      3208.53     140.8264

 Path Red. Mass (AMU):    0.480596
 Path Length (Ang), s^2 (1e-3 Ang^2):  9.5294  23.9023
--------------------------------------------------------------
 Path Indices:    1   9   5   2
 PDOS Poles:
     Freq. (THz)    Weight
        5.383       0.015850648
        9.042       0.009051556
       12.616       0.020205987
       19.650       0.093125050
       26.599       0.001357859
       29.584       0.201392876
       33.147       0.007519119
       37.884       0.019957224
       41.935       0.103953120
       43.071       0.003528366
       43.957       0.053781953
       90.698       0.167874693
       91.781       0.052576169
       91.909       0.095505420
       94.320       0.152541061
       94.588       0.001778898

 PDOS Einstein freq (single pole), associated temp and eff. force constant: 
 Freq (THz)   Temp (K)   Eff. FC (N/m)
  67.464      3237.64     214.5064

 pDOS n Moments, associated Einstein freqs, temps and eff. force constants:
  n     Mom (THz^n)   Freq (THz)     Temp (K)    Eff. FC (N/m)
 -2       0.00142      26.51111      1272.29      33.1251
 -1       0.02678      37.33857      1791.91      65.7078
  0       1.00000     ---------     --------
  1      59.51190      59.51190      2856.03     166.9203
  2    4551.33497      67.46358      3237.64     214.5064

 Path Red. Mass (AMU):    0.718940
 Path Length (Ang), s^2 (1e-3 Ang^2): 10.1164  18.8267
--------------------------------------------------------------
 Path Indices:    1   9   5   3
 PDOS Poles:
     Freq. (THz)    Weight
        3.912       0.011942542
        6.258       0.012621292
       12.437       0.002658128
       19.864       0.040048573
       29.078       0.174904147
       31.496       0.019984672
       36.443       0.046765538
       37.478       0.041965370
       40.849       0.142643406
       42.114       0.042696877
       43.950       0.036872802
       90.698       0.274531368
       91.781       0.003701137
       91.909       0.046341368
       94.320       0.102167568
       94.588       0.000155214

 PDOS Einstein freq (single pole), associated temp and eff. force constant: 
 Freq (THz)   Temp (K)   Eff. FC (N/m)
  65.436      3140.34     124.6925

 pDOS n Moments, associated Einstein freqs, temps and eff. force constants:
  n     Mom (THz^n)   Freq (THz)     Temp (K)    Eff. FC (N/m)
 -2       0.00169      24.30570      1166.45      17.2037
 -1       0.02635      37.94687      1821.10      41.9331
  0       1.00000     ---------     --------
  1      58.34163      58.34163      2799.87      99.1202
  2    4281.88700      65.43613      3140.34     124.6924

 Path Red. Mass (AMU):    0.444218
 Path Length (Ang), s^2 (1e-3 Ang^2):  9.5410  29.9814
--------------------------------------------------------------
 Path Indices:    1   9   5   4
 PDOS Poles:
     Freq. (THz)    Weight
        5.184       0.020210849
        7.991       0.006778497
       12.502       0.002890112
       19.869       0.037438939
       29.382       0.217072197
       31.694       0.031607979
       34.265       0.010842985
       37.339       0.026153251
       41.929       0.087418981
       42.882       0.003479651
       43.949       0.035079153
       90.698       0.242713284
       91.781       0.076078785
       91.909       0.077131500
       94.320       0.122759355
       94.588       0.002344493

 PDOS Einstein freq (single pole), associated temp and eff. force constant: 
 Freq (THz)   Temp (K)   Eff. FC (N/m)
  70.103      3364.32     181.4360

 pDOS n Moments, associated Einstein freqs, temps and eff. force constants:
  n     Mom (THz^n)   Freq (THz)     Temp (K)    Eff. FC (N/m)
 -2       0.00141      26.59489      1276.31      26.1122
 -1       0.02490      40.16218      1927.42      59.5500
  0       1.00000     ---------     --------
  1      62.90877      62.90877      3019.05     146.1064
  2    4914.46878      70.10327      3364.32     181.4360

 Path Red. Mass (AMU):    0.563168
 Path Length (Ang), s^2 (1e-3 Ang^2):  8.8883  22.3444
--------------------------------------------------------------
 Path Indices:    1   9   5   6
 PDOS Poles:
     Freq. (THz)    Weight
        5.249       0.016381568
        8.398       0.008363729
       13.827       0.001655893
       19.686       0.042842133
       28.656       0.037901646
       29.544       0.373145613
       36.909       0.083593661
       38.343       0.012517049
       41.638       0.034529763
       42.440       0.012642524
       43.947       0.034103071
       90.698       0.135067639
       91.781       0.043201299
       91.909       0.051986434
       94.320       0.109495579
       94.588       0.002572403

 PDOS Einstein freq (single pole), associated temp and eff. force constant: 
 Freq (THz)   Temp (K)   Eff. FC (N/m)
  59.723      2866.15     118.0916

 pDOS n Moments, associated Einstein freqs, temps and eff. force constants:
  n     Mom (THz^n)   Freq (THz)     Temp (K)    Eff. FC (N/m)
 -2       0.00146      26.16299      1255.58      22.6628
 -1       0.02857      34.99660      1679.52      40.5500
  0       1.00000     ---------     --------
  1      51.73540      51.73540      2482.83      88.6165
  2    3566.81315      59.72280      2866.15     118.0916

 Path Red. Mass (AMU):    0.505045
 Path Length (Ang), s^2 (1e-3 Ang^2):  9.9801  28.5936
--------------------------------------------------------------
 Path Indices:    1   9   5   7
 PDOS Poles:
     Freq. (THz)    Weight
        3.873       0.004754394
        7.590       0.008689025
        9.952       0.001512676
       19.868       0.014799783
       29.565       0.143753191
       32.615       0.011344420
       36.896       0.126005446
       38.093       0.010268947
       41.936       0.178654400
       42.425       0.007230461
       43.836       0.066509010
       90.698       0.131799048
       91.781       0.039475903
       91.909       0.188023040
       94.320       0.014509435
       94.588       0.052670794

 PDOS Einstein freq (single pole), associated temp and eff. force constant: 
 Freq (THz)   Temp (K)   Eff. FC (N/m)
  66.265      3180.12     104.6775

 pDOS n Moments, associated Einstein freqs, temps and eff. force constants:
  n     Mom (THz^n)   Freq (THz)     Temp (K)    Eff. FC (N/m)
 -2       0.00099      31.84725      1528.38      24.1784
 -1       0.02275      43.95317      2109.35      46.0537
  0       1.00000     ---------     --------
  1      59.97672      59.97672      2878.34      85.7530
  2    4391.05913      66.26507      3180.12     104.6775

 Path Red. Mass (AMU):    0.363643
 Path Length (Ang), s^2 (1e-3 Ang^2): 10.8840  31.6198
--------------------------------------------------------------
 Path Indices:    1   9   5   8
 PDOS Poles:
     Freq. (THz)    Weight
        4.935       0.006966148
        8.074       0.010633050
       16.006       0.000569750
       19.163       0.080640646
       28.883       0.180979556
       29.611       0.153108799
       32.838       0.015816765
       37.742       0.009846438
       40.770       0.019740138
       41.961       0.228123165
       43.852       0.004533428
       90.698       0.067247748
       91.781       0.011560229
       91.909       0.138042360
       94.320       0.024314503
       94.588       0.047877250

 PDOS Einstein freq (single pole), associated temp and eff. force constant: 
 Freq (THz)   Temp (K)   Eff. FC (N/m)
  57.021      2736.51      77.7258

 pDOS n Moments, associated Einstein freqs, temps and eff. force constants:
  n     Mom (THz^n)   Freq (THz)     Temp (K)    Eff. FC (N/m)
 -2       0.00126      28.15154      1351.02      18.9450
 -1       0.02831      35.32503      1695.28      29.8301
  0       1.00000     ---------     --------
  1      49.57219      49.57219      2379.01      58.7443
  2    3251.44301      57.02143      2736.51      77.7258

 Path Red. Mass (AMU):    0.364654
 Path Length (Ang), s^2 (1e-3 Ang^2): 10.3369  39.2339
--------------------------------------------------------------
 Path Indices:    1   9   5   9
 PDOS Poles:
     Freq. (THz)    Weight
        5.638       0.006667004
        8.533       0.002245714
       12.443       0.007032381
       19.838       0.019296914
       29.250       0.348313576
       30.342       0.066212734
       36.439       0.050098164
       37.597       0.086772203
       41.806       0.064552995
       42.323       0.021561027
       43.936       0.031059836
       90.698       0.092341774
       91.781       0.026960037
       91.909       0.067501497
       94.320       0.108292276
       94.588       0.001091865

 PDOS Einstein freq (single pole), associated temp and eff. force constant: 
 Freq (THz)   Temp (K)   Eff. FC (N/m)
  57.434      2756.31      74.4818

 pDOS n Moments, associated Einstein freqs, temps and eff. force constants:
  n     Mom (THz^n)   Freq (THz)     Temp (K)    Eff. FC (N/m)
 -2       0.00101      31.42004      1507.88      22.2907
 -1       0.02672      37.42059      1795.85      31.6178
  0       1.00000     ---------     --------
  1      50.15899      50.15899      2407.17      56.8078
  2    3298.67748      57.43411      2756.31      74.4818

 Path Red. Mass (AMU):    0.344431
 Path Length (Ang), s^2 (1e-3 Ang^2): 10.2908  39.2114
--------------------------------------------------------------
 Path Indices:    1   9   6   2
 PDOS Poles:
     Freq. (THz)    Weight
        5.017       0.005181053
        8.372       0.035653132
       12.141       0.000387101
       19.874       0.034932564
       22.208       0.000039046
       29.569       0.099578266
       32.679       0.004434992
       37.961       0.010251404
       40.767       0.003132958
       41.960       0.018448687
       43.985       0.015996578
       90.698       0.000443387
       91.781       0.001523910
       91.909       0.283942605
       94.320       0.485982714
       94.588       0.000071548

 PDOS Einstein freq (single pole), associated temp and eff. force constant: 
 Freq (THz)   Temp (K)   Eff. FC (N/m)
  83.251      3995.31     524.8023

 pDOS n Moments, associated Einstein freqs, temps and eff. force constants:
  n     Mom (THz^n)   Freq (THz)     Temp (K)    Eff. FC (N/m)
 -2       0.00104      31.00992      1488.19      72.8137
 -1       0.02000      49.99914      2399.50     189.2942
  0       1.00000     ---------     --------
  1      78.22987      78.22987      3754.32     463.4014
  2    6930.80280      83.25144      3995.31     524.8022

 Path Red. Mass (AMU):    1.155057
 Path Length (Ang), s^2 (1e-3 Ang^2):  9.1218   8.7510
--------------------------------------------------------------
 Path Indices:    1   9   6   3
 PDOS Poles:
     Freq. (THz)    Weight
        3.971       0.021995316
        6.509       0.019809803
       11.653       0.001332838
       19.780       0.040404733
       26.457       0.000856266
       29.348       0.054444453
       32.767       0.000890545
       37.924       0.037808873
       40.360       0.001269096
       41.953       0.012518216
       43.985       0.018607445
       90.698       0.037286332
       91.781       0.143211983
       91.909       0.180299249
       94.320       0.427481280
       94.588       0.001783565

 PDOS Einstein freq (single pole), associated temp and eff. force constant: 
 Freq (THz)   Temp (K)   Eff. FC (N/m)
  83.876      4025.28     399.5640

 pDOS n Moments, associated Einstein freqs, temps and eff. force constants:
  n     Mom (THz^n)   Freq (THz)     Temp (K)    Eff. FC (N/m)
 -2       0.00218      21.44049      1028.95      26.1085
 -1       0.02289      43.69179      2096.81     108.4206
  0       1.00000     ---------     --------
  1      79.09511      79.09511      3795.84     355.3132
  2    7035.16482      83.87589      4025.28     399.5640

 Path Red. Mass (AMU):    0.866370
 Path Length (Ang), s^2 (1e-3 Ang^2):  8.5723  13.3512
--------------------------------------------------------------
 Path Indices:    1   9   6   4
 PDOS Poles:
     Freq. (THz)    Weight
        5.000       0.029139269
        8.107       0.016166912
       10.453       0.001332593
       19.462       0.002222100
       19.900       0.033200436
       29.569       0.085782442
       32.683       0.000150134
       37.963       0.003877849
       40.771       0.003335766
       41.961       0.015486238
       43.985       0.018592514
       90.698       0.001188089
       91.781       0.001282282
       91.909       0.274384182
       94.320       0.513795134
       94.588       0.000064019

 PDOS Einstein freq (single pole), associated temp and eff. force constant: 
 Freq (THz)   Temp (K)   Eff. FC (N/m)
  84.115      4036.73     523.0412

 pDOS n Moments, associated Einstein freqs, temps and eff. force constants:
  n     Mom (THz^n)   Freq (THz)     Temp (K)    Eff. FC (N/m)
 -2       0.00173      24.07610      1155.43      42.8515
 -1       0.02207      45.30323      2174.14     151.7232
  0       1.00000     ---------     --------
  1      79.19790      79.19790      3800.78     463.6829
  2    7075.25545      84.11454      4036.73     523.0411

 Path Red. Mass (AMU):    1.127678
 Path Length (Ang), s^2 (1e-3 Ang^2):  7.8895   9.8926
--------------------------------------------------------------
 Path Indices:    1   9   6   5
 PDOS Poles:
     Freq. (THz)    Weight
        4.085       0.022021502
        6.647       0.019606660
       12.224       0.001420012
       19.662       0.039341872
       25.412       0.000640179
       29.393       0.053239731
       33.286       0.000702137
       37.886       0.033885651
       40.242       0.001887508
       41.944       0.012586619
       43.985       0.018400573
       90.698       0.118572299
       91.781       0.033132388
       91.909       0.221561316
       94.320       0.420149033
       94.588       0.002852493

 PDOS Einstein freq (single pole), associated temp and eff. force constant: 
 Freq (THz)   Temp (K)   Eff. FC (N/m)
  84.039      4033.13     396.5752

 pDOS n Moments, associated Einstein freqs, temps and eff. force constants:
  n     Mom (THz^n)   Freq (THz)     Temp (K)    Eff. FC (N/m)
 -2       0.00207      21.97292      1054.50      27.1103
 -1       0.02254      44.36962      2129.34     110.5429
  0       1.00000     ---------     --------
  1      79.36964      79.36964      3809.02     353.7269
  2    7062.62665      84.03944      4033.13     396.5752

 Path Red. Mass (AMU):    0.856546
 Path Length (Ang), s^2 (1e-3 Ang^2):  8.5707  13.2981
--------------------------------------------------------------
 Path Indices:    1   9   6   7
 PDOS Poles:
     Freq. (THz)    Weight
        4.251       0.008773750
        7.979       0.024088801
       12.100       0.001307408
       19.540       0.010997315
       29.071       0.031847840
       30.731       0.007905645
       34.540       0.002768249
       37.189       0.012977677
       41.733       0.030415560
       42.034       0.073972621
       43.846       0.027133036
       90.698       0.000115604
       91.781       0.000381335
       91.909       0.521985959
       94.320       0.083622212
       94.588       0.161706888

 PDOS Einstein freq (single pole), associated temp and eff. force constant: 
 Freq (THz)   Temp (K)   Eff. FC (N/m)
  83.077      3986.94     284.9630

 pDOS n Moments, associated Einstein freqs, temps and eff. force constants:
  n     Mom (THz^n)   Freq (THz)     Temp (K)    Eff. FC (N/m)
 -2       0.00112      29.85131      1432.59      36.7920
 -1       0.01892      52.84238      2535.95     115.2899
  0       1.00000     ---------     --------
  1      78.97924      78.97924      3790.28     257.5445
  2    6901.79457      83.07704      3986.94     284.9629

 Path Red. Mass (AMU):    0.629822
 Path Length (Ang), s^2 (1e-3 Ang^2):  7.4708  15.1853
--------------------------------------------------------------
 Path Indices:    1   9   6   8
 PDOS Poles:
     Freq. (THz)    Weight
        4.705       0.008553414
        8.132       0.023818465
       12.459       0.001071213
       19.346       0.010162203
       29.101       0.033004223
       31.371       0.006452352
       34.993       0.002980108
       37.204       0.011315838
       41.919       0.098398815
       42.526       0.006122136
       43.864       0.026631830
       90.698       0.000017029
       91.781       0.011219162
       91.909       0.518125405
       94.320       0.075351037
       94.588       0.166776674

 PDOS Einstein freq (single pole), associated temp and eff. force constant: 
 Freq (THz)   Temp (K)   Eff. FC (N/m)
  83.237      3994.63     284.4492

 pDOS n Moments, associated Einstein freqs, temps and eff. force constants:
  n     Mom (THz^n)   Freq (THz)     Temp (K)    Eff. FC (N/m)
 -2       0.00100      31.62770      1517.84      41.0680
 -1       0.01851      54.03231      2593.06     119.8602
  0       1.00000     ---------     --------
  1      79.21933      79.21933      3801.80     257.6501
  2    6928.46049      83.23737      3994.63     284.4492

 Path Red. Mass (AMU):    0.626266
 Path Length (Ang), s^2 (1e-3 Ang^2):  7.4709  14.9352
--------------------------------------------------------------
 Path Indices:    1   9   6   9
 PDOS Poles:
     Freq. (THz)    Weight
        3.559       0.001354550
        5.168       0.020814636
       12.203       0.006665815
       19.875       0.009558232
       26.018       0.000008693
       29.570       0.033091232
       32.682       0.005313595
       37.968       0.002271122
       40.801       0.001340718
       41.960       0.046491980
       43.985       0.022079365
       90.698       0.000493101
       91.781       0.001583284
       91.909       0.299839935
       94.320       0.549024050
       94.588       0.000069653

 PDOS Einstein freq (single pole), associated temp and eff. force constant: 
 Freq (THz)   Temp (K)   Eff. FC (N/m)
  87.207      4185.16     280.4911

 pDOS n Moments, associated Einstein freqs, temps and eff. force constants:
  n     Mom (THz^n)   Freq (THz)     Temp (K)    Eff. FC (N/m)
 -2       0.00114      29.67423      1424.09      32.4766
 -1       0.01753      57.05664      2738.20     120.0672
  0       1.00000     ---------     --------
  1      84.13754      84.13754      4037.83     261.0909
  2    7605.13650      87.20743      4185.16     280.4911

 Path Red. Mass (AMU):    0.562605
 Path Length (Ang), s^2 (1e-3 Ang^2):  7.4721  15.7440
--------------------------------------------------------------
 Path Indices:    1   9   7   2
 PDOS Poles:
     Freq. (THz)    Weight
        5.730       0.018280173
        8.159       0.043515450
       12.573       0.000854449
       19.671       0.016482003
       28.593       0.016479466
       29.485       0.043008667
       33.694       0.002274349
       37.030       0.031864950
       40.192       0.001612089
       41.953       0.030034527
       43.828       0.009002456
       90.698       0.000102081
       91.781       0.000483122
       91.909       0.547524421
       94.320       0.091421345
       94.588       0.147060354

 PDOS Einstein freq (single pole), associated temp and eff. force constant: 
 Freq (THz)   Temp (K)   Eff. FC (N/m)
  83.301      3997.66     410.3973

 pDOS n Moments, associated Einstein freqs, temps and eff. force constants:
  n     Mom (THz^n)   Freq (THz)     Temp (K)    Eff. FC (N/m)
 -2       0.00147      26.10342      1252.73      40.2999
 -1       0.02184      45.78477      2197.25     123.9799
  0       1.00000     ---------     --------
  1      78.41926      78.41926      3763.41     363.7095
  2    6938.97474      83.30051      3997.66     410.3972

 Path Red. Mass (AMU):    0.902195
 Path Length (Ang), s^2 (1e-3 Ang^2): 10.0395  12.2350
--------------------------------------------------------------
 Path Indices:    1   9   7   3
 PDOS Poles:
     Freq. (THz)    Weight
        4.149       0.018896916
        7.064       0.013687510
       16.486       0.001787007
       19.383       0.078051714
       28.162       0.003953837
       29.738       0.025062463
       36.569       0.032436994
       37.831       0.078455294
       41.671       0.013779970
       43.267       0.006012231
       43.918       0.070050091
       90.698       0.019452065
       91.781       0.055881647
       91.909       0.381682769
       94.320       0.061268012
       94.588       0.139541428

 PDOS Einstein freq (single pole), associated temp and eff. force constant: 
 Freq (THz)   Temp (K)   Eff. FC (N/m)
  77.657      3726.80     246.9046

 pDOS n Moments, associated Einstein freqs, temps and eff. force constants:
  n     Mom (THz^n)   Freq (THz)     Temp (K)    Eff. FC (N/m)
 -2       0.00182      23.42155      1124.02      22.4597
 -1       0.02374      42.12812      2021.77      72.6637
  0       1.00000     ---------     --------
  1      71.59018      71.59018      3435.68     209.8361
  2    6030.53394      77.65651      3726.80     246.9046

 Path Red. Mass (AMU):    0.624546
 Path Length (Ang), s^2 (1e-3 Ang^2):  9.5976  19.2083
--------------------------------------------------------------
 Path Indices:    1   9   7   4
 PDOS Poles:
     Freq. (THz)    Weight
        5.023       0.018436728
        8.306       0.011176319
       14.836       0.000109612
       19.842       0.021797441
       28.954       0.036997955
       29.694       0.025347259
       36.908       0.034190238
       38.636       0.002290175
       41.802       0.011546660
       43.454       0.004226494
       43.895       0.041057287
       90.698       0.000000181
       91.781       0.000825326
       91.909       0.548719085
       94.320       0.043402926
       94.588       0.199876225

 PDOS Einstein freq (single pole), associated temp and eff. force constant: 
 Freq (THz)   Temp (K)   Eff. FC (N/m)
  83.887      4025.81     327.7348

 pDOS n Moments, associated Einstein freqs, temps and eff. force constants:
  n     Mom (THz^n)   Freq (THz)     Temp (K)    Eff. FC (N/m)
 -2       0.00117      29.22891      1402.72      39.7886
 -1       0.01910      52.35506      2512.56     127.6588
  0       1.00000     ---------     --------
  1      79.77020      79.77020      3828.24     296.3568
  2    7037.02301      83.88697      4025.81     327.7348

 Path Red. Mass (AMU):    0.710436
 Path Length (Ang), s^2 (1e-3 Ang^2):  9.2173  13.5876
--------------------------------------------------------------
 Path Indices:    1   9   7   5
 PDOS Poles:
     Freq. (THz)    Weight
        3.821       0.010808271
        6.252       0.014726798
       10.201       0.001404128
       19.866       0.017219411
       28.935       0.064786815
       30.060       0.006256336
       36.833       0.003023076
       38.015       0.033295499
       41.111       0.006116508
       43.123       0.001430160
       43.852       0.036844727
       90.698       0.118965123
       91.781       0.032717874
       91.909       0.466877608
       94.320       0.031092831
       94.588       0.154434765

 PDOS Einstein freq (single pole), associated temp and eff. force constant: 
 Freq (THz)   Temp (K)   Eff. FC (N/m)
  84.024      4032.39     250.4644

 pDOS n Moments, associated Einstein freqs, temps and eff. force constants:
  n     Mom (THz^n)   Freq (THz)     Temp (K)    Eff. FC (N/m)
 -2       0.00140      26.70849      1281.76      25.3068
 -1       0.01933      51.74249      2483.17      94.9801
  0       1.00000     ---------     --------
  1      80.10189      80.10189      3844.16     227.6268
  2    7060.05367      84.02413      4032.39     250.4644

 Path Red. Mass (AMU):    0.541164
 Path Length (Ang), s^2 (1e-3 Ang^2): 10.1528  18.0488
--------------------------------------------------------------
 Path Indices:    1   9   7   6
 PDOS Poles:
     Freq. (THz)    Weight
        5.003       0.011505991
        8.085       0.009052442
        8.767       0.004330245
       19.882       0.012166362
       29.557       0.065710523
       32.527       0.003246615
       36.848       0.002908952
       38.082       0.007263790
       41.469       0.003843095
       42.389       0.001824736
       43.831       0.063308048
       90.698       0.000401032
       91.781       0.000095187
       91.909       0.537834343
       94.320       0.017791360
       94.588       0.258717185

 PDOS Einstein freq (single pole), associated temp and eff. force constant: 
 Freq (THz)   Temp (K)   Eff. FC (N/m)
  85.048      4081.54     293.3603

 pDOS n Moments, associated Einstein freqs, temps and eff. force constants:
  n     Mom (THz^n)   Freq (THz)     Temp (K)    Eff. FC (N/m)
 -2       0.00090      33.30455      1598.31      44.9859
 -1       0.01748      57.21133      2745.62     132.7498
  0       1.00000     ---------     --------
  1      81.48059      81.48059      3910.32     269.2639
  2    7233.21828      85.04833      4081.54     293.3603

 Path Red. Mass (AMU):    0.618673
 Path Length (Ang), s^2 (1e-3 Ang^2):  8.1489  14.2785
--------------------------------------------------------------
 Path Indices:    1   9   7   8
 PDOS Poles:
     Freq. (THz)    Weight
        4.645       0.006392584
        8.083       0.018799848
       11.902       0.001141368
       19.338       0.006892410
       28.239       0.002187582
       29.445       0.015210664
       32.781       0.004215306
       36.967       0.002189702
       41.819       0.001621295
       43.816       0.107522960
       43.968       0.062819458
       90.698       0.000559558
       91.781       0.004823111
       91.909       0.755896108
       94.320       0.000651095
       94.588       0.009076833

 PDOS Einstein freq (single pole), associated temp and eff. force constant: 
 Freq (THz)   Temp (K)   Eff. FC (N/m)
  82.914      3979.14     222.9896

 pDOS n Moments, associated Einstein freqs, temps and eff. force constants:
  n     Mom (THz^n)   Freq (THz)     Temp (K)    Eff. FC (N/m)
 -2       0.00082      34.98603      1679.01      39.7021
 -1       0.01724      57.99213      2783.09     109.0843
  0       1.00000     ---------     --------
  1      79.48574      79.48574      3814.59     204.9286
  2    6874.80420      82.91444      3979.14     222.9896

 Path Red. Mass (AMU):    0.494784
 Path Length (Ang), s^2 (1e-3 Ang^2):  8.8358  17.6133
--------------------------------------------------------------
 Path Indices:    1   9   7   9
 PDOS Poles:
     Freq. (THz)    Weight
        4.837       0.012616548
        6.224       0.016187048
       12.216       0.004825069
       19.872       0.011480587
       29.561       0.062681361
       32.659       0.017281146
       37.127       0.006984232
       38.271       0.007073381
       41.847       0.010454986
       43.671       0.015567804
       43.855       0.133440858
       90.698       0.000236220
       91.781       0.000194637
       91.909       0.485548961
       94.320       0.034957671
       94.588       0.180469487

 PDOS Einstein freq (single pole), associated temp and eff. force constant: 
 Freq (THz)   Temp (K)   Eff. FC (N/m)
  80.217      3849.70     179.6599

 pDOS n Moments, associated Einstein freqs, temps and eff. force constants:
  n     Mom (THz^n)   Freq (THz)     Temp (K)    Eff. FC (N/m)
 -2       0.00128      27.93320      1340.54      21.7849
 -1       0.02042      48.97180      2350.20      66.9587
  0       1.00000     ---------     --------
  1      75.39886      75.39886      3618.46     158.7246
  2    6434.82073      80.21733      3849.70     179.6599

 Path Red. Mass (AMU):    0.425898
 Path Length (Ang), s^2 (1e-3 Ang^2):  8.8284  24.2311
--------------------------------------------------------------
 Path Indices:    1   9   8   2
 PDOS Poles:
     Freq. (THz)    Weight
        5.557       0.014043834
        8.155       0.046241725
       12.579       0.001183755
       19.468       0.015488800
       28.679       0.023236117
       29.535       0.037733303
       33.416       0.003131652
       36.988       0.032121271
       40.626       0.001541391
       41.963       0.030617825
       43.836       0.008408733
       90.698       0.000024499
       91.781       0.011018515
       91.909       0.540064132
       94.320       0.088583870
       94.588       0.146560479

 PDOS Einstein freq (single pole), associated temp and eff. force constant: 
 Freq (THz)   Temp (K)   Eff. FC (N/m)
  83.283      3996.83     415.3390

 pDOS n Moments, associated Einstein freqs, temps and eff. force constants:
  n     Mom (THz^n)   Freq (THz)     Temp (K)    Eff. FC (N/m)
 -2       0.00141      26.62701      1277.85      42.4554
 -1       0.02158      46.33619      2223.71     128.5667
  0       1.00000     ---------     --------
  1      78.42976      78.42976      3763.91     368.3404
  2    6936.09410      83.28322      3996.83     415.3390

 Path Red. Mass (AMU):    0.913438
 Path Length (Ang), s^2 (1e-3 Ang^2): 10.0154  11.9406
--------------------------------------------------------------
 Path Indices:    1   9   8   3
 PDOS Poles:
     Freq. (THz)    Weight
        3.633       0.009937377
        5.990       0.015160136
        9.500       0.001877752
       19.885       0.016211866
       28.944       0.071404531
       30.983       0.002710443
       36.547       0.003099622
       37.987       0.035802982
       41.178       0.004721861
       43.372       0.002228015
       43.870       0.034414212
       90.698       0.037247094
       91.781       0.176187745
       91.909       0.407037360
       94.320       0.028167978
       94.588       0.153790981

 PDOS Einstein freq (single pole), associated temp and eff. force constant: 
 Freq (THz)   Temp (K)   Eff. FC (N/m)
  84.020      4032.20     253.4772

 pDOS n Moments, associated Einstein freqs, temps and eff. force constants:
  n     Mom (THz^n)   Freq (THz)     Temp (K)    Eff. FC (N/m)
 -2       0.00147      26.09742      1252.44      24.4550
 -1       0.01950      51.29504      2461.69      94.4764
  0       1.00000     ---------     --------
  1      80.05494      80.05494      3841.91     230.1171
  2    7059.37579      84.02009      4032.20     253.4772

 Path Red. Mass (AMU):    0.547727
 Path Length (Ang), s^2 (1e-3 Ang^2): 10.1542  17.9881
--------------------------------------------------------------
 Path Indices:    1   9   8   4
 PDOS Poles:
     Freq. (THz)    Weight
        5.036       0.018542329
        8.324       0.011294373
       17.501       0.000595331
       19.755       0.020386633
       29.021       0.049380327
       30.015       0.013207740
       36.849       0.032392682
       38.042       0.003006467
       41.801       0.010708145
       43.451       0.004283018
       43.914       0.040017760
       90.698       0.000102751
       91.781       0.009597316
       91.909       0.546851208
       94.320       0.038611380
       94.588       0.201022451

 PDOS Einstein freq (single pole), associated temp and eff. force constant: 
 Freq (THz)   Temp (K)   Eff. FC (N/m)
  84.014      4031.90     330.1621

 pDOS n Moments, associated Einstein freqs, temps and eff. force constants:
  n     Mom (THz^n)   Freq (THz)     Temp (K)    Eff. FC (N/m)
 -2       0.00117      29.24330      1403.41      40.0017
 -1       0.01906      52.46419      2517.80     128.7512
  0       1.00000     ---------     --------
  1      79.93614      79.93614      3836.21     298.8903
  2    7058.32604      84.01384      4031.90     330.1621

 Path Red. Mass (AMU):    0.713537
 Path Length (Ang), s^2 (1e-3 Ang^2):  9.2186  13.5004
--------------------------------------------------------------
 Path Indices:    1   9   8   5
 PDOS Poles:
     Freq. (THz)    Weight
        4.190       0.018360348
        7.010       0.014355423
       14.715       0.000830308
       19.216       0.076439860
       28.928       0.013985404
       30.100       0.015389324
       36.571       0.036845059
       37.782       0.069602984
       41.666       0.012394450
       43.274       0.005556314
       43.934       0.069605637
       90.698       0.052275338
       91.781       0.002392423
       91.909       0.415876492
       94.320       0.055391712
       94.588       0.140698860

 PDOS Einstein freq (single pole), associated temp and eff. force constant: 
 Freq (THz)   Temp (K)   Eff. FC (N/m)
  78.005      3743.54     248.0928

 pDOS n Moments, associated Einstein freqs, temps and eff. force constants:
  n     Mom (THz^n)   Freq (THz)     Temp (K)    Eff. FC (N/m)
 -2       0.00178      23.68228      1136.53      22.8672
 -1       0.02352      42.51469      2040.32      73.6962
  0       1.00000     ---------     --------
  1      72.03537      72.03537      3457.04     211.5722
  2    6084.81181      78.00520      3743.54     248.0927

 Path Red. Mass (AMU):    0.621954
 Path Length (Ang), s^2 (1e-3 Ang^2):  9.6055  19.1129
--------------------------------------------------------------
 Path Indices:    1   9   8   6
 PDOS Poles:
     Freq. (THz)    Weight
        5.026       0.011783613
        8.340       0.013171646
       13.968       0.000035514
       19.869       0.012005341
       29.535       0.065814095
       32.228       0.003295836
       36.455       0.002832697
       37.996       0.007656625
       41.670       0.005341533
       43.086       0.001435637
       43.841       0.059915558
       90.698       0.000000069
       91.781       0.014748360
       91.909       0.530704695
       94.320       0.014415950
       94.588       0.256842746

 PDOS Einstein freq (single pole), associated temp and eff. force constant: 
 Freq (THz)   Temp (K)   Eff. FC (N/m)
  85.101      4084.07     294.9463

 pDOS n Moments, associated Einstein freqs, temps and eff. force constants:
  n     Mom (THz^n)   Freq (THz)     Temp (K)    Eff. FC (N/m)
 -2       0.00090      33.28785      1597.51      45.1279
 -1       0.01747      57.23492      2746.75     133.4123
  0       1.00000     ---------     --------
  1      81.54783      81.54783      3913.55     270.8311
  2    7242.17851      85.10099      4084.07     294.9462

 Path Red. Mass (AMU):    0.621248
 Path Length (Ang), s^2 (1e-3 Ang^2):  8.1488  14.2134
--------------------------------------------------------------
 Path Indices:    1   9   8   7
 PDOS Poles:
     Freq. (THz)    Weight
        4.178       0.006584316
        7.918       0.018979395
       11.560       0.001426105
       19.522       0.007552798
       27.137       0.000548446
       29.351       0.017687346
       32.727       0.003878890
       36.943       0.002652638
       41.797       0.001249996
       43.818       0.121179120
       43.962       0.046481942
       90.698       0.000371332
       91.781       0.008587173
       91.909       0.753546926
       94.320       0.000647418
       94.588       0.008625996

 PDOS Einstein freq (single pole), associated temp and eff. force constant: 
 Freq (THz)   Temp (K)   Eff. FC (N/m)
  82.923      3979.56     225.0008

 pDOS n Moments, associated Einstein freqs, temps and eff. force constants:
  n     Mom (THz^n)   Freq (THz)     Temp (K)    Eff. FC (N/m)
 -2       0.00092      33.03464      1585.36      35.7084
 -1       0.01754      57.00167      2735.56     106.3180
  0       1.00000     ---------     --------
  1      79.46304      79.46304      3813.50     206.6151
  2    6876.25917      82.92321      3979.56     225.0007

 Path Red. Mass (AMU):    0.499141
 Path Length (Ang), s^2 (1e-3 Ang^2):  8.8356  17.7629
--------------------------------------------------------------
 Path Indices:    1   9   8   9
 PDOS Poles:
     Freq. (THz)    Weight
        4.654       0.011678804
        6.090       0.019222249
       12.208       0.005106041
       19.882       0.011504771
       29.540       0.062655626
       32.615       0.016809520
       36.772       0.005793391
       38.066       0.008551555
       41.868       0.011809550
       43.744       0.042922662
       43.889       0.101166920
       90.698       0.000002587
       91.781       0.011879089
       91.909       0.479180551
       94.320       0.030943873
       94.588       0.180772752

 PDOS Einstein freq (single pole), associated temp and eff. force constant: 
 Freq (THz)   Temp (K)   Eff. FC (N/m)
  80.233      3850.44     180.6136

 pDOS n Moments, associated Einstein freqs, temps and eff. force constants:
  n     Mom (THz^n)   Freq (THz)     Temp (K)    Eff. FC (N/m)
 -2       0.00138      26.89799      1290.86      20.2996
 -1       0.02083      48.00301      2303.71      64.6523
  0       1.00000     ---------     --------
  1      75.36160      75.36160      3616.67     159.3483
  2    6437.28882      80.23272      3850.44     180.6135

 Path Red. Mass (AMU):    0.427995
 Path Length (Ang), s^2 (1e-3 Ang^2):  8.8280  24.5990
--------------------------------------------------------------
