# # Once                                                         FEFF 10.0.0 
# # POT  SCF 100  9.0000   0, core-hole, FOLP (folp(0)= 1.150)
# # Abs   Z=30 Rmt= 1.354 Rnm= 1.475 K  shell
# #   RGRID 0.0100
# # Pot 1 Z= 6 Rmt= 0.805 Rnm= 1.037
# # Pot 2 Z= 6 Rmt= 0.787 Rnm= 0.999
# # Pot 3 Z= 6 Rmt= 0.801 Rnm= 1.027
# # Pot 4 Z= 6 Rmt= 0.830 Rnm= 1.043
# # Pot 5 Z= 6 Rmt= 0.898 Rnm= 1.122
# # Pot 6 Z= 6 Rmt= 0.923 Rnm= 1.165
# # Pot 7 Z= 1 Rmt= 0.543 Rnm= 0.958
# # Pot 8 Z= 1 Rmt= 0.523 Rnm= 0.904
# # Pot 9 Z= 7 Rmt= 0.816 Rnm= 1.015
# # Pot10 Z= 7 Rmt= 0.823 Rnm= 0.997
# # Pot11 Z=16 Rmt= 1.253 Rnm= 1.468
# # Gam_ch=1.897E+00 H-L exch Vi= 0.000E+00 Vr= 0.000E+00
# # Mu=-7.646E+00eV kf=2.134E+00 Vint=-1.443E+01eV Rs_int= 1.699
# # PATH  Rmax= 9.000,  Keep_limit= 0.00, Heap_limit 0.00  Pwcrit= 2.50%
#  S02=1.000  Temp=  10.00  Debye_temp= 315.00  Global_sig2= 0.00000
#  Energy zero shift, vr, vi    0.00000E+00   0.00000E+00
#  Curved wave amplitude ratio filter   4.000%
#     file         sig2 tot  cw amp ratio   deg  nlegs   reff  inp sig2
#           1       0.00250    100.00      1.00     2   1.9763
#           2       0.00300     87.36      1.00     2   2.0809
#           3       0.00274     69.61      1.00     2   2.3253
#           4       0.00281     69.29      1.00     2   2.3294
#           5       0.02676      8.88      1.00     2   2.9216
#           6       0.00387     33.76      1.00     2   2.9799
#           7       0.00335     32.30      1.00     2   3.0406
#           8       0.00408     31.90      1.00     2   3.0446
#           9       0.02963      7.71      1.00     2   3.0843
#          10       0.00404     29.95      1.00     2   3.1114
#          11       0.01798      7.26      1.00     2   3.1547
#          12       0.02824      7.16      1.00     2   3.1722
#          13       0.00314     52.11      2.00     3   3.1786
#          14       0.00292     61.47      2.00     3   3.1938
#          15       0.03119      6.92      1.00     2   3.2140
#          16       0.00341     55.12      2.00     3   3.2194
#          17       0.00546     27.60      1.00     2   3.2361
#          18       0.02775      6.74      1.00     2   3.2458
#          19       0.01836      6.65      1.00     2   3.2619
#          20       0.01828      6.55      1.00     2   3.2812
#          21       0.00346     51.85      2.00     3   3.2833
#          22       0.00587     26.23      1.00     2   3.2989
#          23       0.00323     37.79      1.00     4   3.3469
#          24       0.00352     23.87      1.00     4   3.3773
#          25       0.00380     30.82      1.00     4   3.3943
#          26       0.00584     23.34      1.00     2   3.4457
#          27       0.00386     29.73      1.00     4   3.4551
#          28       0.03088      5.43      1.00     2   3.5185
#          29       0.00393      8.08      2.00     3   3.6057
#          30       0.00953      6.42      2.00     3   3.6134
#          31       0.01260      5.85      2.00     3   3.6316
#          32       0.00928     20.07      1.00     2   3.6413
#          33       0.00926     19.88      1.00     2   3.6544
#          34       0.00992      6.11      2.00     3   3.6926
#          35       0.00387     28.49      2.00     3   3.6936
#          36       0.00403     28.01      2.00     3   3.7278
#          37       0.00970      5.76      2.00     3   3.7352
#          38       0.01244      5.32      2.00     3   3.7354
#          39       0.01267      5.25      2.00     3   3.7532
#          40       0.01369      7.18      2.00     3   3.7821
#          41       0.01343      6.03      2.00     3   3.7873
#          42       0.00847      7.50      2.00     4   3.8121
#          43       0.01453     14.66      2.00     3   3.8342
#          44       0.00873     11.89      2.00     4   3.8675
#          45       0.01433      7.58      2.00     3   3.8781
#          46       0.00861     10.35      2.00     4   3.9071
#          47       0.01577     11.26      2.00     3   3.9093
#          48       0.00395      5.08      2.00     3   3.9398
#          49       0.00413      5.14      2.00     3   3.9474
#          50       0.00389      7.03      2.00     3   3.9484
#          51       0.00847     16.02      1.00     2   3.9524
#          52       0.00499     13.91      1.00     4   3.9527
#          53       0.00413     13.51      2.00     3   3.9658
#          54       0.00425     15.34      2.00     3   3.9884
#          55       0.00390      8.19      2.00     3   3.9923
#          56       0.02434      5.20      1.00     4   4.0141
#          60       0.00351      9.25      2.00     4   4.1416
#          61       0.00432      9.19      1.00     4   4.1512
#          62       0.00439      8.47      1.00     4   4.1566
#          63       0.00601     10.48      1.00     4   4.1619
#          65       0.00308     13.45      1.00     2   4.1757
#          66       0.00341     13.43      1.00     2   4.1754
#          67       0.02863      4.33      1.00     4   4.1773
#          68       0.00301     40.75      2.00     3   4.1953
#          69       0.00574     12.92      2.00     3   4.1962
#          70       0.00353     13.19      1.00     2   4.2018
#          73       0.00324     37.46      2.00     3   4.2116
#          74       0.00306     32.17      1.00     4   4.2149
#          77       0.00339     38.03      2.00     3   4.2299
#          79       0.00330     28.31      1.00     4   4.2478
#          80       0.00347     29.21      1.00     4   4.2579
#          82       0.00345     12.74      1.00     2   4.2688
#          85       0.01028     13.50      2.00     3   4.2749
#          86       0.00395     19.61      2.00     4   4.2792
#          87       0.00406      7.35      2.00     3   4.2808
#          88       0.01597      7.12      2.00     3   4.2816
#          89       0.00319     32.13      2.00     3   4.2875
#          90       0.00842      5.18      2.00     5   4.2889
#          91       0.00335     36.56      2.00     3   4.2945
#          92       0.00374     34.70      2.00     3   4.2946
#          93       0.00359     29.86      2.00     3   4.2946
#          94       0.00772      5.29      2.00     5   4.2981
#          96       0.00403      5.17      2.00     4   4.3058
#          97       0.01114     12.02      2.00     3   4.3067
#          98       0.00298     49.68      2.00     4   4.3071
#         101       0.00339     27.76      1.00     4   4.3202
#         102       0.00343     51.05      2.00     4   4.3226
#         103       0.00391     17.37      2.00     4   4.3248
#         104       0.00426     17.53      2.00     4   4.3280
#         105       0.01073     15.01      1.00     4   4.3292
#         106       0.00414     18.63      2.00     4   4.3310
#         107       0.00327     43.11      2.00     4   4.3308
#         109       0.00843      7.50      2.00     5   4.3409
#         110       0.00446     24.34      1.00     4   4.3580
#         111       0.00789      4.30      2.00     5   4.3611
#         112       0.00367     31.25      2.00     3   4.3732
#         113       0.00856      6.80      2.00     5   4.3791
#         114       0.00483     20.72      1.00     4   4.3808
#         115       0.00575     10.69      2.00     3   4.3834
#         116       0.00533     10.15      2.00     3   4.3861
#         117       0.00410     33.89      1.00     4   4.3873
#         118       0.01096     12.01      1.00     4   4.3920
#         119       0.00409     21.29      2.00     4   4.3960
#         120       0.00362     30.25      1.00     4   4.3992
#         121       0.00338     45.65      2.00     4   4.3990
#         124       0.00483     22.23      1.00     4   4.4112
#         125       0.00698      7.90      2.00     3   4.4141
#         126       0.00422     26.20      1.00     4   4.4139
#         128       0.00416     22.20      2.00     4   4.4218
#         129       0.01858      5.23      2.00     3   4.4236
#         130       0.00319     43.92      2.00     4   4.4406
#         131       0.00334     74.86      2.00     5   4.4602
#         133       0.01135      5.68      2.00     3   4.4654
#         134       0.00366     43.88      2.00     4   4.4694
#         135       0.00841      7.53      1.00     6   4.4694
#         136       0.01191      5.57      2.00     3   4.4706
#         137       0.00768     14.66      1.00     6   4.4730
#         139       0.00406     30.02      1.00     4   4.4777
#         140       0.00452     48.89      2.00     5   4.4779
#         141       0.00499     19.82      1.00     4   4.4856
#         144       0.00352     35.87      2.00     4   4.4933
#         145       0.00367     73.15      2.00     5   4.4975
#         146       0.00477     50.61      2.00     5   4.5029
#         147       0.00397      7.45      2.00     4   4.5085
#         149       0.00918     12.68      2.00     4   4.5196
#         150       0.01095     12.69      2.00     3   4.5247
#         151       0.00351     59.02      2.00     5   4.5295
#         152       0.01752      6.91      2.00     3   4.5315
#         154       0.00764     77.02      2.00     5   4.5328
#         155       0.00781     11.86      1.00     6   4.5330
#         156       0.01075     15.93      1.00     4   4.5393
#         157       0.00526     10.05      2.00     3   4.5430
#         158       0.00360     39.40      2.00     4   4.5451
#         159       0.00438     40.72      2.00     5   4.5491
#         160       0.00414     73.64      2.00     5   4.5524
#         161       0.00932     11.20      2.00     4   4.5559
#         163       0.00387     79.50      2.00     5   4.5622
#         164       0.00517     72.05      2.00     5   4.5643
#         165       0.00358     64.68      2.00     5   4.5708
#         166       0.01071      6.17      2.00     5   4.5739
#         167       0.01610      7.77      2.00     3   4.5762
#         168       0.00702     57.93      2.00     5   4.5795
#         169       0.00440     40.01      2.00     5   4.5936
#         170       0.00445     36.70      2.00     5   4.5947
#         171       0.00443     40.52      2.00     5   4.5966
#         172       0.00389     58.95      2.00     5   4.6126
#         173       0.00490      4.22      2.00     3   4.6281
#         174       0.01442      9.56      2.00     3   4.6493
#         175       0.00478     67.65      2.00     5   4.6496
#         176       0.00548      5.07      1.00     4   4.6507
#         178       0.00534     60.91      2.00     5   4.6574
#         179       0.00561      5.02      1.00     4   4.6588
#         181       0.00419      9.26      2.00     5   4.6617
#         183       0.00415     10.02      2.00     5   4.6843
#         185       0.00420     52.42      1.00     6   4.7055
#         186       0.00838     61.37      1.00     6   4.7076
#         187       0.00327      6.48      2.00     3   4.7083
#         192       0.00725     60.22      1.00     6   4.7174
#         195       0.00322      5.88      2.00     3   4.7274
#         196       0.00356     13.04      2.00     4   4.7279
#         197       0.00907      8.18      2.00     4   4.7325
#         199       0.00949      7.92      2.00     4   4.7356
#         200       0.01274      9.44      1.00     4   4.7367
#         201       0.00493     55.63      1.00     6   4.7370
#         202       0.00350      5.86      2.00     3   4.7416
#         204       0.00459      5.55      2.00     4   4.7442
#         205       0.01157      5.73      1.00     4   4.7474
#         206       0.01396      4.30      1.00     4   4.7476
#         207       0.00637     90.43      2.00     6   4.7478
#         208       0.01699      4.04      2.00     4   4.7553
#         210       0.01614      4.73      2.00     3   4.7609
#         211       0.00345      6.68      2.00     3   4.7615
#         212       0.00352     11.47      2.00     4   4.7636
#         214       0.00704     96.89      2.00     6   4.7685
#         215       0.00382     11.69      2.00     4   4.7696
#         216       0.00767     40.09      1.00     6   4.7782
#         217       0.01170     19.87      2.00     5   4.7867
#         218       0.00379     12.93      2.00     4   4.7872
#         219       0.00457      5.24      2.00     3   4.7902
#         221       0.00441      5.22      2.00     4   4.8029
#         222       0.00496     39.78      1.00     6   4.8113
#         225       0.00286      8.81      2.00     4   4.8201
#         226       0.01149     17.38      2.00     5   4.8209
#         227       0.00475     45.12      1.00     6   4.8214
#         228       0.00447      9.19      2.00     4   4.8231
#         230       0.00858     48.20      1.00     6   4.8293
#         231       0.01631      6.01      2.00     4   4.8338
#         232       0.00315      8.74      2.00     4   4.8343
#         233       0.00393     30.31      1.00     6   4.8374
#         234       0.01171      4.80      2.00     4   4.8383
#         236       0.00951      9.20      2.00     4   4.8440
#         237       0.00293      7.35      2.00     4   4.8467
#         239       0.00790      7.40      2.00     4   4.8621
#         240       0.00308      9.22      2.00     4   4.8660
#         241       0.01576      6.51      2.00     4   4.8739
#         242       0.01944      4.21      2.00     5   4.8752
#         243       0.01952      4.46      2.00     5   4.8804
#         244       0.00373     16.00      2.00     4   4.8806
#         245       0.00793      8.36      2.00     4   4.8981
#         246       0.00336     16.48      2.00     4   4.8988
#         248       0.01386      4.12      2.00     6   4.9042
#         249       0.00382     15.11      2.00     4   4.9070
#         250       0.00959     11.38      2.00     5   4.9127
#         251       0.00406     15.24      2.00     4   4.9134
#         252       0.00383     30.42      2.00     5   4.9168
#         254       0.00508     10.77      2.00     5   4.9190
#         256       0.01134      4.49      2.00     4   4.9265
#         257       0.00391     29.31      2.00     5   4.9266
#         258       0.06378      6.97      2.00     5   4.9267
#         261       0.00983      5.71      2.00     4   4.9281
#         263       0.00347     31.55      2.00     5   4.9350
#         264       0.00392     16.66      2.00     4   4.9364
#         265       0.00415     29.45      2.00     5   4.9415
#         266       0.00980      7.78      2.00     4   4.9426
#         267       0.00444      7.66      2.00     4   4.9433
#         268       0.00900      5.80      2.00     4   4.9444
#         269       0.01401      7.58      2.00     3   4.9449
#         270       0.01271      6.83      2.00     6   4.9462
#         271       0.00357     15.86      2.00     4   4.9477
#         272       0.00948     12.92      2.00     5   4.9548
#         273       0.01623      5.72      2.00     4   4.9555
#         274       0.00742      8.35      2.00     4   4.9562
#         275       0.01120      4.22      2.00     4   4.9602
#         276       0.00398     31.31      2.00     5   4.9621
#         277       0.00920      7.47      2.00     5   4.9643
#         279       0.00924     11.02      2.00     5   4.9706
#         280       0.02283      4.73      2.00     5   4.9717
#         281       0.00360     18.42      2.00     5   4.9732
#         282       0.00488      4.03      2.00     4   4.9740
#         283       0.00508     16.05      2.00     5   4.9762
#         284       0.00983     12.75      2.00     5   4.9761
#         285       0.00369     31.57      2.00     5   4.9758
#         286       0.00936      8.58      2.00     5   4.9772
#         291       0.00953      5.38      2.00     4   4.9826
#         292       0.00787      7.73      2.00     4   4.9838
#         293       0.00945      8.11      2.00     5   4.9848
#         294       0.01285      5.88      2.00     6   4.9849
#         295       0.00293      8.98      2.00     4   4.9909
#         297       0.00953      8.22      2.00     4   4.9971
#         298       0.00877     14.09      2.00     5   4.9971
#         299       0.00306      9.26      2.00     4   4.9984
#         300       0.02765      4.63      2.00     4   5.0025
#         301       0.01363      7.51      2.00     5   5.0021
#         303       0.01915      4.38      2.00     5   5.0047
#         304       0.00889     14.45      2.00     5   5.0060
#         305       0.00445      8.20      2.00     5   5.0084
#         306       0.00393     17.46      2.00     5   5.0092
#         307       0.00324     10.29      2.00     4   5.0148
#         308       0.00940     10.42      2.00     5   5.0143
#         309       0.00663      8.10      2.00     4   5.0170
#         310       0.00335     15.92      2.00     5   5.0180
#         311       0.00903     11.44      2.00     5   5.0228
#         312       0.00319     10.34      2.00     4   5.0265
#         313       0.00325     10.29      2.00     5   5.0271
#         314       0.00944      6.25      2.00     5   5.0295
#         315       0.01934      7.91      2.00     5   5.0325
#         316       0.01001     18.27      2.00     5   5.0354
#         317       0.00392     17.86      2.00     5   5.0379
#         318       0.00357     15.19      2.00     5   5.0405
#         319       0.01135      5.76      2.00     3   5.0414
#         320       0.00930      5.08      2.00     4   5.0448
#         322       0.00367     13.59      2.00     5   5.0454
#         323       0.00913      7.69      2.00     5   5.0456
#         324       0.01242      7.06      1.00     4   5.0478
#         325       0.01021     12.46      2.00     5   5.0473
#         326       0.02069      9.45      2.00     5   5.0487
#         327       0.00350     14.17      2.00     5   5.0545
#         329       0.00622      9.14      2.00     3   5.0597
#         330       0.00915     14.03      2.00     5   5.0594
#         332       0.03024      4.80      2.00     4   5.0607
#         333       0.00733      7.01      2.00     5   5.0608
#         336       0.00514      5.70      2.00     3   5.0645
#         337       0.01020      4.83      2.00     3   5.0665
#         338       0.01310      7.74      2.00     5   5.0665
#         339       0.00965      6.17      2.00     4   5.0674
#         340       0.01118      5.42      2.00     4   5.0677
#         342       0.00931      7.44      2.00     5   5.0698
#         343       0.00726      8.54      2.00     5   5.0730
#         344       0.01197      4.44      1.00     4   5.0758
#         345       0.00945     17.11      2.00     5   5.0820
#         347       0.00792      6.88      2.00     3   5.0961
#         348       0.01021      7.10      2.00     4   5.1009
#         350       0.00978     18.53      2.00     5   5.1015
#         351       0.01289      6.93      2.00     5   5.1096
#         352       0.00925     11.32      2.00     5   5.1094
#         353       0.00265     22.41      2.00     5   5.1102
#         354       0.00288     27.34      2.00     5   5.1192
#         356       0.00999      5.67      2.00     3   5.1225
#         357       0.00853      7.06      2.00     4   5.1255
#         360       0.02052      8.04      2.00     5   5.1273
#         361       0.00816     10.55      2.00     4   5.1305
#         362       0.00751      4.46      1.00     4   5.1304
#         363       0.00478      4.37      2.00     3   5.1312
#         364       0.00773     10.42      2.00     4   5.1323
#         366       0.01062      4.48      1.00     4   5.1393
#         367       0.00461      8.52      2.00     4   5.1421
#         368       0.00337     20.75      2.00     5   5.1441
#         369       0.00476      8.00      2.00     4   5.1507
#         371       0.00732      8.76      2.00     5   5.1549
#         372       0.00733      8.27      2.00     5   5.1549
#         373       0.00764      8.85      2.00     4   5.1556
#         374       0.00727      7.64      2.00     5   5.1557
#         375       0.00808      7.35      2.00     3   5.1579
#         376       0.00858      4.46      2.00     3   5.1649
#         377       0.00786     16.24      2.00     5   5.1667
#         378       0.00501      7.47      2.00     4   5.1681
#         380       0.00680     10.21      2.00     5   5.1701
#         381       0.00534      9.84      2.00     5   5.1701
#         383       0.00828     11.64      2.00     4   5.1746
#         384       0.00349     35.62      2.00     6   5.1802
#         386       0.01480     21.45      2.00     6   5.1808
#         387       0.00890      6.86      2.00     4   5.1816
#         389       0.00964     17.56      2.00     6   5.1826
#         390       0.00671     12.20      2.00     4   5.1833
#         391       0.00791      6.28      1.00     4   5.1852
#         392       0.00789     11.61      2.00     4   5.1860
#         394       0.00831      4.19      2.00     6   5.1882
#         395       0.00364     22.24      2.00     5   5.1896
#         397       0.00760     14.91      2.00     5   5.1918
#         398       0.00806      6.58      2.00     4   5.1923
#         399       0.00352     18.23      2.00     5   5.1971
#         400       0.00368     21.10      2.00     5   5.1983
#         401       0.00489      7.59      2.00     4   5.1990
#         402       0.00802     18.83      2.00     5   5.2027
#         405       0.00770      7.57      1.00     4   5.2100
#         406       0.01260     25.72      2.00     6   5.2102
#         407       0.00639      7.56      2.00     4   5.2124
#         408       0.01390     13.80      2.00     6   5.2130
#         409       0.00846      7.67      2.00     4   5.2153
#         410       0.00373     39.85      2.00     6   5.2153
#         411       0.00779      9.19      2.00     4   5.2170
#         412       0.00362     35.12      2.00     6   5.2167
#         413       0.00961      5.01      2.00     3   5.2180
#         414       0.00888      5.73      2.00     5   5.2206
#         415       0.00923     20.97      2.00     6   5.2204
#         416       0.00805      7.68      2.00     3   5.2209
#         417       0.00776     20.47      2.00     5   5.2213
#         419       0.00380     37.92      2.00     6   5.2264
#         420       0.00844      4.56      2.00     3   5.2272
#         422       0.00871     16.44      2.00     6   5.2351
#         423       0.00456     15.20      2.00     4   5.2352
#         424       0.00762     25.45      2.00     5   5.2381
#         425       0.01125      5.74      2.00     4   5.2401
#         426       0.00795     12.51      2.00     4   5.2406
#         427       0.00941     20.14      2.00     6   5.2416
#         428       0.00487      7.83      2.00     4   5.2427
#         430       0.00779     16.01      2.00     5   5.2450
#         431       0.01257     15.69      2.00     6   5.2460
#         434       0.00839     12.63      2.00     5   5.2497
#         435       0.00844      9.00      2.00     4   5.2507
#         436       0.00826     11.36      2.00     4   5.2520
#         439       0.01111      5.77      2.00     4   5.2546
#         440       0.00785      8.78      1.00     4   5.2550
#         441       0.00428     23.20      2.00     5   5.2549
#         442       0.00778     17.99      1.00     6   5.2575
#         443       0.00880      6.48      2.00     4   5.2583
#         444       0.00788     10.27      2.00     4   5.2612
#         445       0.00535      7.28      2.00     5   5.2608
#         446       0.00463      6.41      2.00     4   5.2632
#         447       0.00337     34.67      2.00     6   5.2633
#         448       0.00762     23.12      1.00     6   5.2661
#         450       0.00831     15.11      2.00     5   5.2674
#         451       0.00810     18.95      2.00     5   5.2716
#         452       0.00459     12.16      2.00     5   5.2726
#         453       0.01195     24.82      2.00     6   5.2734
#         454       0.01175      9.54      2.00     5   5.2745
#         455       0.00783     30.44      2.00     5   5.2746
#         456       0.00789     10.53      2.00     5   5.2748
#         457       0.00788     18.18      2.00     5   5.2808
#         458       0.01468     16.12      2.00     6   5.2812
#         459       0.01131     10.95      2.00     5   5.2893
#         461       0.01067     10.62      2.00     5   5.2916
#         462       0.00368     36.93      2.00     6   5.2911
#         464       0.00360     36.91      2.00     6   5.2941
#         465       0.00782     28.12      1.00     6   5.2942
#         466       0.00979      6.04      2.00     4   5.2974
#         468       0.01048      7.75      2.00     5   5.2996
#         469       0.00867      7.89      2.00     5   5.3004
#         470       0.00872      7.61      2.00     5   5.3004
#         471       0.01235      5.43      2.00     5   5.3018
#         472       0.00789     20.56      2.00     5   5.3028
#         474       0.00450      6.60      2.00     4   5.3031
#         475       0.00793     15.77      2.00     5   5.3044
#         477       0.00340     27.40      2.00     6   5.3089
#         478       0.00789     12.13      2.00     5   5.3097
#         479       0.00547     13.69      2.00     5   5.3139
#         480       0.01037     10.29      2.00     5   5.3141
#         482       0.00499      6.84      2.00     4   5.3167
#         485       0.00712     18.35      2.00     6   5.3232
#         487       0.00810     11.35      2.00     5   5.3292
#         488       0.00948      4.61      2.00     5   5.3288
#         489       0.00799     35.70      2.00     6   5.3309
#         491       0.00832      9.03      2.00     4   5.3327
#         492       0.01060     15.62      2.00     5   5.3364
#         494       0.00871      4.07      2.00     5   5.3389
#         495       0.00819     26.21      2.00     6   5.3406
#         497       0.00505     34.68      2.00     5   5.3470
#         498       0.00544     11.55      2.00     5   5.3494
#         499       0.00818     13.21      2.00     5   5.3495
#         501       0.00441      8.84      2.00     5   5.3521
#         502       0.01410      4.48      2.00     5   5.3541
#         503       0.00754     12.46      2.00     6   5.3536
#         504       0.00909      7.92      2.00     5   5.3564
#         505       0.00637     11.04      2.00     5   5.3590
#         506       0.00948      7.29      2.00     5   5.3614
#         508       0.00473      6.89      2.00     5   5.3628
#         510       0.00860     14.35      2.00     5   5.3638
#         511       0.00901      4.71      2.00     5   5.3641
#         512       0.00827      7.44      2.00     5   5.3642
#         513       0.00828      7.20      2.00     5   5.3642
#         514       0.00898      4.00      2.00     4   5.3654
#         515       0.00805     19.00      2.00     6   5.3654
#         516       0.00570     15.62      2.00     5   5.3668
#         517       0.00796     22.81      2.00     5   5.3668
#         518       0.00569     11.91      2.00     4   5.3684
#         519       0.02168      7.10      2.00     5   5.3680
#         520       0.00953      5.67      2.00     4   5.3711
#         521       0.00831      4.60      2.00     5   5.3716
#         522       0.00926      6.63      2.00     6   5.3713
#         524       0.00795     12.93      2.00     5   5.3730
#         525       0.01233      4.55      2.00     4   5.3759
#         526       0.00597      9.53      2.00     5   5.3758
#         529       0.00818     23.02      2.00     6   5.3775
#         530       0.00666      7.43      2.00     3   5.3789
#         531       0.02412      4.16      2.00     5   5.3791
#         533       0.00935      5.71      2.00     5   5.3867
#         534       0.00821     40.87      2.00     6   5.3864
#         535       0.00959      8.37      2.00     6   5.3895
#         537       0.00950      8.75      2.00     5   5.3934
#         539       0.00804     14.51      1.00     6   5.3956
#         540       0.00568     18.87      2.00     5   5.3964
#         542       0.02177      6.41      2.00     5   5.3999
#         544       0.00847      5.33      2.00     6   5.4013
#         545       0.01153      4.05      2.00     5   5.4022
#         546       0.01052      9.07      2.00     5   5.4022
#         549       0.00825     13.75      2.00     5   5.4051
#         550       0.01049      6.08      2.00     5   5.4056
#         551       0.00914      4.85      2.00     6   5.4059
#         552       0.00895      8.36      2.00     6   5.4067
#         553       0.00871      7.82      2.00     6   5.4089
#         555       0.00904      6.36      2.00     6   5.4097
#         557       0.00897      7.89      2.00     5   5.4114
#         558       0.00554     11.77      2.00     4   5.4127
#         559       0.00602     10.08      2.00     4   5.4138
#         560       0.00834     11.67      2.00     5   5.4140
#         561       0.00923      4.42      2.00     5   5.4160
#         562       0.00497      8.06      2.00     5   5.4172
#         564       0.01488      5.23      2.00     7   5.4196
#         565       0.02206      9.10      1.00     6   5.4223
#         567       0.00814     10.27      1.00     6   5.4236
#         568       0.00825     24.60      2.00     6   5.4248
#         569       0.00583      9.50      2.00     5   5.4255
#         570       0.00827     15.60      2.00     5   5.4255
#         571       0.00977      9.47      2.00     6   5.4268
#         573       0.00552     19.09      2.00     5   5.4323
#         575       0.00967      8.37      2.00     5   5.4353
#         577       0.00878      8.22      2.00     6   5.4366
#         579       0.00908      5.03      2.00     6   5.4389
#         581       0.00604      9.04      2.00     5   5.4396
#         583       0.00925      4.77      2.00     6   5.4411
#         584       0.00816     19.21      2.00     6   5.4422
#         585       0.00842     27.79      2.00     6   5.4422
#         586       0.00430     10.87      2.00     5   5.4428
#         588       0.00907      7.14      2.00     6   5.4441
#         590       0.00849     20.24      2.00     6   5.4484
#         591       0.00820     15.07      2.00     6   5.4484
#         592       0.00967      9.25      2.00     6   5.4495
#         593       0.01004     15.45      2.00     5   5.4500
#         595       0.01592      4.36      2.00     5   5.4540
#         596       0.01232      6.22      1.00     6   5.4549
#         597       0.00826      4.27      2.00     5   5.4558
#         598       0.01499      4.69      2.00     7   5.4569
#         599       0.00493      8.39      2.00     5   5.4587
#         600       0.00511      8.01      2.00     5   5.4602
#         601       0.00577     20.50      2.00     5   5.4611
#         602       0.00942      4.44      2.00     6   5.4607
#         603       0.00391     55.00      2.00     7   5.4620
#         605       0.00501      8.22      2.00     5   5.4652
#         606       0.01142     10.70      2.00     6   5.4660
#         607       0.00423     62.96      2.00     7   5.4659
#         609       0.00914      4.66      2.00     5   5.4690
#         610       0.01215      5.36      1.00     6   5.4732
#         611       0.00815     17.14      2.00     6   5.4736
#         612       0.00911     13.23      2.00     6   5.4752
#         613       0.01127      8.61      2.00     5   5.4766
#         615       0.00857      4.96      2.00     6   5.4768
#         616       0.00788     37.38      2.00     6   5.4776
#         617       0.01072      9.52      2.00     5   5.4788
#         618       0.01318      6.29      2.00     6   5.4789
#         619       0.00816     15.64      1.00     6   5.4786
#         620       0.01408      4.21      2.00     6   5.4794
#         621       0.00967      7.95      2.00     6   5.4794
#         622       0.00935     10.23      2.00     6   5.4794
#         623       0.01041      7.24      2.00     5   5.4814
#         624       0.00812     22.39      2.00     6   5.4846
#         625       0.02246      7.39      1.00     6   5.4851
#         626       0.00827     16.03      2.00     5   5.4858
#         627       0.01071      6.14      1.00     6   5.4889
#         628       0.00939      6.00      2.00     6   5.4911
#         629       0.00958      5.75      2.00     6   5.4911
#         630       0.00909      7.33      2.00     6   5.4948
#         631       0.00939      7.02      2.00     6   5.4956
#         632       0.00588     10.63      2.00     4   5.4968
#         634       0.00626     47.68      2.00     6   5.5002
#         635       0.00625      6.22      2.00     3   5.5016
#         636       0.00802     25.21      2.00     6   5.5031
#         637       0.00467      4.29      2.00     5   5.5039
#         638       0.00467      4.58      2.00     5   5.5039
#         639       0.01002      4.71      2.00     6   5.5036
#         640       0.00923     11.34      2.00     6   5.5036
#         642       0.00789     69.50      2.00     7   5.5057
#         643       0.01202      6.60      2.00     6   5.5060
#         644       0.00964      5.09      2.00     6   5.5063
#         645       0.00938      7.16      2.00     6   5.5063
#         647       0.00930     11.48      2.00     6   5.5088
#         649       0.00972     10.49      2.00     6   5.5121
#         650       0.00827     19.43      2.00     6   5.5169
#         651       0.00847     26.77      2.00     6   5.5169
#         652       0.00912      9.91      2.00     6   5.5176
#         653       0.00923      6.11      2.00     6   5.5176
#         654       0.00873      9.02      2.00     6   5.5172
#         656       0.00750      6.76      2.00     5   5.5195
#         657       0.00804     42.47      2.00     6   5.5199
#         658       0.00933      6.47      2.00     6   5.5194
#         659       0.00917      4.86      2.00     6   5.5206
#         660       0.01792      4.90      2.00     6   5.5222
#         661       0.00587     16.49      2.00     5   5.5225
#         665       0.00508     18.17      2.00     5   5.5245
#         666       0.00952      7.85      2.00     6   5.5242
#         667       0.01004      4.30      2.00     5   5.5253
#         668       0.00815     24.23      2.00     6   5.5261
#         669       0.00693      5.94      2.00     4   5.5267
#         671       0.00903      4.00      2.00     6   5.5310
#         672       0.00633     15.06      2.00     5   5.5331
#         674       0.00430     10.56      1.00     4   5.5343
#         675       0.00699      4.00      2.00     5   5.5364
#         676       0.00859     12.39      2.00     6   5.5360
#         677       0.01291      6.55      2.00     6   5.5385
#         678       0.00803     80.46      2.00     7   5.5395
#         679       0.00803     44.77      2.00     7   5.5393
#         680       0.00885      5.36      2.00     6   5.5398
#         681       0.00854     10.33      2.00     6   5.5398
#         682       0.00917      4.75      2.00     6   5.5402
#         683       0.00520     22.87      2.00     6   5.5425
#         685       0.01054     21.68      2.00     5   5.5432
#         686       0.00916      9.75      2.00     6   5.5432
#         687       0.00929      5.86      2.00     6   5.5432
#         688       0.00453     10.37      1.00     4   5.5445
#         689       0.01674      7.98      2.00     5   5.5462
#         690       0.00874      4.96      2.00     6   5.5464
#         692       0.01060     13.13      2.00     6   5.5481
#         693       0.00603     14.23      1.00     6   5.5506
#         694       0.00945      8.57      2.00     6   5.5524
#         695       0.00434     34.31      2.00     5   5.5539
#         696       0.00775      6.88      2.00     5   5.5550
#         697       0.01057      5.63      1.00     6   5.5553
#         698       0.01093      9.97      2.00     6   5.5556
#         699       0.01580      6.51      2.00     6   5.5573
#         702       0.00901      5.96      2.00     6   5.5634
#         703       0.00871     21.61      2.00     5   5.5658
#         704       0.00936      8.80      2.00     6   5.5657
#         706       0.00974     17.81      2.00     7   5.5700
#         707       0.00799     57.49      2.00     7   5.5704
#         708       0.01062     37.96      2.00     6   5.5713
#         709       0.00463     32.72      2.00     5   5.5726
#         710       0.00430     28.89      1.00     6   5.5735
#         711       0.00925     11.63      2.00     6   5.5735
#         712       0.01056     27.07      2.00     7   5.5762
#         714       0.00598     14.00      1.00     6   5.5786
#         716       0.00934     25.55      2.00     7   5.5807
#         718       0.00978      6.24      2.00     6   5.5814
#         719       0.00956      7.92      2.00     6   5.5814
#         720       0.00932     28.09      2.00     7   5.5816
#         721       0.00735     12.30      2.00     5   5.5821
#         722       0.01240      5.72      2.00     6   5.5830
#         723       0.01094      6.10      2.00     6   5.5854
#         724       0.00876     38.37      2.00     6   5.5855
#         725       0.00958      9.58      2.00     3   5.5897
#         726       0.00457     22.66      2.00     6   5.5912
#         727       0.00559      4.50      2.00     4   5.5952
#         728       0.00515     10.95      2.00     5   5.5962
#         730       0.01848      4.24      2.00     6   5.5993
#         731       0.00462     27.03      1.00     6   5.6006
#         732       0.00522     16.74      2.00     5   5.6013
#         733       0.01086      9.49      2.00     6   5.6021
#         734       0.00817     11.74      2.00     5   5.6040
#         735       0.00496     23.39      2.00     6   5.6061
#         736       0.00513     13.07      2.00     5   5.6078
#         737       0.00644     14.02      2.00     5   5.6079
#         738       0.00576     10.40      1.00     6   5.6090
#         739       0.00530      8.21      1.00     4   5.6094
#         740       0.00926      9.16      2.00     6   5.6097
#         741       0.00607     12.77      1.00     6   5.6115
#         742       0.01261     10.41      2.00     7   5.6115
#         743       0.00861     23.23      2.00     7   5.6115
#         744       0.00922     16.31      2.00     5   5.6125
#         745       0.01784      7.74      2.00     6   5.6127
#         747       0.00716     21.70      2.00     6   5.6159
#         748       0.00873     35.67      2.00     7   5.6171
#         749       0.00999      9.95      2.00     4   5.6177
#         750       0.02206      6.59      2.00     5   5.6183
#         751       0.00731     24.26      2.00     6   5.6183
#         752       0.00470     24.20      2.00     6   5.6186
#         754       0.01083     13.20      2.00     7   5.6216
#         755       0.00817     35.37      2.00     7   5.6223
#         756       0.01025     11.99      2.00     6   5.6229
#         757       0.00675      4.65      2.00     4   5.6242
#         761       0.00875      4.42      2.00     6   5.6277
#         764       0.00481     21.46      2.00     6   5.6302
#         765       0.01198      5.39      2.00     5   5.6314
#         766       0.00820     62.85      2.00     7   5.6317
#         767       0.00820     23.42      2.00     6   5.6321
#         768       0.00667     13.34      2.00     6   5.6320
#         770       0.00956      9.08      2.00     6   5.6330
#         771       0.02218      9.43      1.00     6   5.6328
#         772       0.00790     25.46      2.00     6   5.6335
#         774       0.00475      9.89      1.00     4   5.6351
#         775       0.00767     27.57      2.00     6   5.6360
#         776       0.01057     42.96      2.00     6   5.6360
#         777       0.00808     25.33      2.00     6   5.6360
#         778       0.00984     44.67      2.00     5   5.6373
#         779       0.01044      6.51      2.00     5   5.6383
#         781       0.01111     14.13      2.00     7   5.6409
#         782       0.01060     32.40      2.00     7   5.6409
#         783       0.00795     38.90      2.00     6   5.6414
#         784       0.00661     17.95      2.00     6   5.6414
#         785       0.00948     11.72      2.00     7   5.6412
#         786       0.00462      4.62      2.00     5   5.6428
#         787       0.00727     28.39      2.00     6   5.6444
#         788       0.00539     25.01      2.00     5   5.6456
#         789       0.00827     42.76      2.00     5   5.6461
#         790       0.00881     24.28      2.00     7   5.6471
#         792       0.00917     27.70      2.00     6   5.6487
#         793       0.01835      6.88      2.00     6   5.6490
#         794       0.01018     24.14      2.00     7   5.6487
#         795       0.00707     25.67      2.00     6   5.6498
#         796       0.01401     18.36      2.00     7   5.6543
#         797       0.01422     11.35      2.00     7   5.6543
#         798       0.00623     13.03      2.00     5   5.6580
#         799       0.01083     15.12      2.00     7   5.6594
#         800       0.01022     15.06      2.00     7   5.6594
#         801       0.00475     30.40      2.00     5   5.6608
#         802       0.00466      8.10      2.00     6   5.6624
#         804       0.00482     74.42      2.00     6   5.6654
#         805       0.00458     73.47      2.00     6   5.6657
#         806       0.00516      4.60      2.00     6   5.6666
#         808       0.01194      4.14      2.00     5   5.6676
#         810       0.00444      4.46      2.00     5   5.6680
#         811       0.00989     18.67      2.00     5   5.6687
#         812       0.02204      4.24      2.00     5   5.6693
#         813       0.00871     36.07      2.00     7   5.6700
#         814       0.00761     15.59      2.00     6   5.6708
#         815       0.03734      4.33      2.00     7   5.6705
#         816       0.00479      6.35      2.00     5   5.6717
#         817       0.00734     36.41      1.00     6   5.6713
#         818       0.00882     19.79      2.00     7   5.6715
#         819       0.01418      6.11      2.00     7   5.6716
#         820       0.00945     10.86      2.00     7   5.6716
#         821       0.00474      4.76      2.00     6   5.6722
#         823       0.00882     15.24      2.00     7   5.6723
#         824       0.00876     14.56      2.00     7   5.6745
#         825       0.00882     21.05      2.00     7   5.6753
#         826       0.00480      4.56      2.00     6   5.6763
#         827       0.00656     25.51      2.00     6   5.6776
#         828       0.00869     37.75      2.00     6   5.6776
#         829       0.00676     23.91      2.00     6   5.6776
#         830       0.01378      4.77      2.00     5   5.6784
#         831       0.00996     14.60      2.00     7   5.6785
#         832       0.00524      6.06      2.00     4   5.6791
#         833       0.00726     33.45      2.00     6   5.6802
#         834       0.00625     14.50      2.00     6   5.6802
#         835       0.00415      5.55      1.00     2   5.6819
#         836       0.00534     20.09      1.00     6   5.6818
#         838       0.00775      4.82      2.00     5   5.6825
#         839       0.00431     11.05      2.00     6   5.6824
#         840       0.00444      7.60      2.00     6   5.6824
#         841       0.01005      4.34      2.00     5   5.6835
#         842       0.00657     13.01      2.00     6   5.6834
#         843       0.00471      5.31      2.00     5   5.6836
#         844       0.01226     16.21      2.00     7   5.6836
#         845       0.01097      4.12      2.00     5   5.6856
#         846       0.00470     24.35      1.00     6   5.6865
#         847       0.00980     13.44      2.00     7   5.6868
#         848       0.01158      5.25      2.00     6   5.6873
#         849       0.00571      7.14      2.00     5   5.6882
#         850       0.01347     10.01      2.00     7   5.6898
#         851       0.01368      6.85      2.00     7   5.6898
#         852       0.01139     17.95      2.00     7   5.6924
#         853       0.01041     19.73      2.00     7   5.6924
#         854       0.00882     12.23      2.00     7   5.6929
#         855       0.00508      4.15      2.00     5   5.6947
#         856       0.00991     31.85      2.00     6   5.6944
#         857       0.00794     31.82      2.00     6   5.6953
#         858       0.00649     16.10      2.00     6   5.6953
#         859       0.00714     10.11      2.00     5   5.6956
#         860       0.00388      7.35      2.00     6   5.6960
#         861       0.00735      4.47      2.00     4   5.6962
#         863       0.00424      9.31      2.00     6   5.6961
#         864       0.00497     12.83      2.00     6   5.6968
#         866       0.00708     14.73      2.00     6   5.6973
#         867       0.00482     10.81      2.00     6   5.6998
#         868       0.01745     10.15      2.00     6   5.6993
#         869       0.00795      4.74      2.00     5   5.6998
#         870       0.00682     34.07      2.00     6   5.7007
#         871       0.00872      6.36      2.00     7   5.7007
#         872       0.00426     13.59      2.00     3   5.7013
#         873       0.00502     11.54      2.00     6   5.7014
#         874       0.00480      4.28      2.00     5   5.7019
#         875       0.00721     23.20      2.00     6   5.7022
#         876       0.00515      5.75      2.00     6   5.7026
#         877       0.00675      7.75      2.00     5   5.7034
#         878       0.01184      4.53      2.00     6   5.7050
#         879       0.01295      7.65      2.00     7   5.7047
#         880       0.01126     14.68      2.00     7   5.7047
#         881       0.00992      8.60      2.00     3   5.7056
#         882       0.00822     34.29      2.00     6   5.7052
#         883       0.00691     15.47      2.00     6   5.7052
#         886       0.00801      4.49      2.00     5   5.7077
#         888       0.00489      9.38      2.00     6   5.7080
#         890       0.00472      8.56      2.00     6   5.7093
#         891       0.00497      5.30      2.00     5   5.7108
#         893       0.00460     11.91      2.00     5   5.7114
#         895       0.00481     12.11      2.00     6   5.7123
#         896       0.00762     12.95      2.00     6   5.7132
#         897       0.00407      5.34      2.00     6   5.7143
#         898       0.00795      5.72      2.00     5   5.7144
#         899       0.01110     16.86      2.00     7   5.7151
#         900       0.01083     19.16      2.00     7   5.7151
#         902       0.00400     16.83      2.00     3   5.7181
#         903       0.01062      8.48      2.00     7   5.7181
#         904       0.00482      7.11      2.00     5   5.7191
#         905       0.00437      9.08      1.00     4   5.7208
#         906       0.01245      9.97      2.00     7   5.7229
#         908       0.00699     20.95      2.00     6   5.7258
#         909       0.01098     12.36      2.00     7   5.7274
#         910       0.01028     28.46      2.00     7   5.7274
#         911       0.00978     31.38      2.00     5   5.7286
#         912       0.00444      8.76      2.00     6   5.7297
#         913       0.01025     53.40      1.00     6   5.7301
#         914       0.00620      4.87      1.00     6   5.7321
#         915       0.00723     18.96      2.00     6   5.7318
#         916       0.00767     18.13      2.00     6   5.7318
#         917       0.00959     28.27      2.00     6   5.7318
#         918       0.00393     11.78      2.00     3   5.7335
#         919       0.01028      8.61      2.00     4   5.7353
#         921       0.00697     27.28      2.00     6   5.7351
#         922       0.01290      7.23      2.00     7   5.7353
#         923       0.00880     16.12      2.00     7   5.7353
#         925       0.00407     21.53      2.00     4   5.7375
#         926       0.00801      6.05      2.00     5   5.7372
#         927       0.00446     10.31      2.00     6   5.7381
#         928       0.00487      7.04      2.00     6   5.7380
#         929       0.00511      4.39      2.00     5   5.7398
#         930       0.00941     40.57      2.00     5   5.7396
#         932       0.01979      4.85      2.00     5   5.7404
#         933       0.00598      9.15      2.00     5   5.7417
#         935       0.00388     24.81      2.00     4   5.7438
#         937       0.02523      5.04      2.00     5   5.7447
#         938       0.01199     15.71      2.00     7   5.7454
#         939       0.00478      4.94      2.00     5   5.7467
#         940       0.00478      6.43      2.00     6   5.7469
#         941       0.00670     11.67      2.00     5   5.7474
#         942       0.00962      4.16      2.00     4   5.7478
#         943       0.00977      7.58      2.00     6   5.7491
#         944       0.00792      7.72      2.00     5   5.7498
#         945       0.00626      4.45      1.00     6   5.7514
#         946       0.00394     14.67      2.00     4   5.7529
#         947       0.01397     14.25      2.00     7   5.7532
#         948       0.01418      8.71      2.00     7   5.7532
#         950       0.00804      4.22      2.00     5   5.7537
#         951       0.00402     15.57      1.00     4   5.7543
#         952       0.00535     18.11      2.00     6   5.7546
#         953       0.00479     11.16      2.00     5   5.7553
#         954       0.00916      8.69      2.00     7   5.7552
#         955       0.00830      4.95      2.00     5   5.7567
#         956       0.00518      9.44      2.00     5   5.7570
#         957       0.00872     48.51      1.00     6   5.7578
#         959       0.00420      8.23      1.00     6   5.7608
#         960       0.00644      5.31      2.00     5   5.7612
#         961       0.00820      5.11      2.00     5   5.7632
#         962       0.00624      6.76      2.00     5   5.7628
#         963       0.00389     32.76      2.00     5   5.7633
#         965       0.00571     50.62      2.00     6   5.7648
#         966       0.00491     21.03      2.00     6   5.7645
#         967       0.00500     65.78      2.00     6   5.7653
#         969       0.00853     23.43      2.00     6   5.7665
#         972       0.00392     20.21      2.00     4   5.7697
#         973       0.00523     10.19      2.00     6   5.7697
#         974       0.00677     28.59      2.00     6   5.7698
#         975       0.00514      4.56      2.00     5   5.7709
#         976       0.00406      6.19      2.00     6   5.7724
#         977       0.00826     11.26      2.00     6   5.7734
#         978       0.00808      7.03      2.00     6   5.7733
#         979       0.00731     21.73      2.00     6   5.7731
#         980       0.00990     33.34      2.00     6   5.7731
#         981       0.00767     20.54      2.00     6   5.7731
#         982       0.00691      4.79      2.00     5   5.7746
#         983       0.00484     18.13      2.00     6   5.7750
#         984       0.00817     14.85      2.00     6   5.7778
#         985       0.00936     11.27      2.00     7   5.7778
#         986       0.00496     11.91      2.00     5   5.7779
#         987       0.01243     12.04      2.00     6   5.7794
#         988       0.00395     50.71      2.00     5   5.7800
#         991       0.00895      4.38      2.00     7   5.7808
#         993       0.00791     28.40      1.00     6   5.7817
#         994       0.00795     24.50      1.00     6   5.7818
#         995       0.01011     11.59      2.00     7   5.7816
#         997       0.00496      7.09      2.00     5   5.7830
#         999       0.01185     34.45      2.00     6   5.7828
#        1000       0.00842      5.85      2.00     5   5.7833
#        1002       0.01136      5.54      2.00     6   5.7845
#        1003       0.00821      5.39      2.00     5   5.7846
#        1004       0.01145      6.28      2.00     5   5.7846
#        1005       0.00400      7.10      1.00     4   5.7851
#        1006       0.00511      5.81      2.00     5   5.7854
#        1007       0.00831      8.73      2.00     5   5.7876
#        1008       0.00488     19.84      2.00     6   5.7881
#        1012       0.00595     12.46      2.00     6   5.7927
#        1013       0.00852      5.30      2.00     5   5.7938
#        1014       0.00397     33.22      2.00     5   5.7954
#        1015       0.00926     23.41      2.00     6   5.7959
#        1016       0.00699     21.21      2.00     6   5.7969
#        1017       0.00482     17.14      2.00     6   5.7976
#        1018       0.00703     60.68      2.00     6   5.7992
#        1019       0.00631      4.32      1.00     6   5.7989
#        1020       0.00866      5.39      2.00     5   5.7998
#        1023       0.01058      8.09      2.00     5   5.8016
#        1026       0.00503     10.02      2.00     6   5.8026
#        1028       0.01636      5.09      2.00     6   5.8057
#        1029       0.00393     44.44      1.00     6   5.8057
#        1030       0.00473     10.91      1.00     6   5.8065
#        1032       0.00852     17.08      2.00     6   5.8072
#        1033       0.00957     31.45      2.00     6   5.8111
#        1034       0.01211     64.62      2.00     7   5.8108
#        1035       0.01185     63.55      2.00     7   5.8108
#        1036       0.00803     61.60      2.00     6   5.8121
#        1038       0.00800     19.63      2.00     6   5.8148
#        1039       0.00917      7.90      2.00     5   5.8150
#        1040       0.00492     12.53      2.00     6   5.8153
#        1041       0.00858     80.93      2.00     7   5.8162
#        1042       0.00722     46.99      2.00     7   5.8162
#        1043       0.00702    106.90      2.00     7   5.8188
#        1045       0.00464      4.81      1.00     6   5.8211
#        1046       0.01127      4.03      2.00     5   5.8223
#        1047       0.00438     19.87      2.00     4   5.8226
#        1048       0.00852      5.41      2.00     5   5.8251
#        1051       0.00770      6.55      2.00     5   5.8293
#        1053       0.00581     13.11      2.00     6   5.8300
#        1054       0.00827      4.42      2.00     5   5.8305
#        1055       0.00971     58.79      2.00     7   5.8307
#        1056       0.00954     58.54      2.00     7   5.8307
#        1058       0.02612      5.73      1.00     6   5.8320
#        1059       0.00529     10.15      2.00     5   5.8340
#        1062       0.00853     11.30      2.00     6   5.8356
#        1063       0.00558      4.12      2.00     3   5.8361
#        1064       0.00542     24.95      2.00     7   5.8365
#        1066       0.00956      4.78      2.00     6   5.8382
#        1068       0.00806    106.50      2.00     7   5.8402
#        1070       0.00858      4.43      2.00     5   5.8416
#        1071       0.00612      7.10      2.00     6   5.8415
#        1073       0.00447     28.40      2.00     5   5.8420
#        1074       0.00443     13.15      2.00     6   5.8428
#        1075       0.00802     11.62      2.00     6   5.8426
#        1077       0.00699     10.25      2.00     6   5.8436
#        1079       0.00988     46.47      1.00     6   5.8440
#        1080       0.01819      9.44      2.00     6   5.8442
#        1081       0.00546      6.93      2.00     4   5.8455
#        1083       0.00595     29.23      2.00     7   5.8456
#        1084       0.01217    132.70      2.00     7   5.8461
#        1086       0.00943      4.34      2.00     6   5.8475
#        1087       0.00481     11.55      2.00     6   5.8478
#        1088       0.01034     33.48      1.00     6   5.8478
#        1090       0.00854     68.36      2.00     7   5.8485
#        1091       0.00696     42.47      2.00     7   5.8485
#        1092       0.00501     20.32      2.00     7   5.8492
#        1093       0.00449      9.31      1.00     6   5.8511
#        1095       0.00714     26.04      2.00     6   5.8519
#        1096       0.00821      9.41      2.00     6   5.8529
#        1097       0.00897      4.30      2.00     5   5.8544
#        1100       0.00826      4.89      2.00     6   5.8564
#        1101       0.00838      6.97      2.00     6   5.8562
#        1103       0.01065     10.03      2.00     6   5.8565
#        1104       0.00810      8.21      2.00     6   5.8564
#        1105       0.00534     26.77      2.00     7   5.8572
#        1106       0.00433     38.62      2.00     5   5.8588
#        1107       0.00662      9.55      2.00     6   5.8584
#        1108       0.00820     24.71      1.00     6   5.8598
#        1109       0.00827     10.69      2.00     6   5.8608
#        1110       0.00858      8.44      2.00     6   5.8613
#        1111       0.00795     26.61      2.00     7   5.8611
#        1112       0.00612     14.89      2.00     7   5.8611
#        1115       0.00542      9.71      2.00     6   5.8639
#        1116       0.00507     13.63      2.00     6   5.8639
#        1117       0.00641      8.23      2.00     6   5.8639
#        1118       0.00794     13.12      2.00     6   5.8655
#        1119       0.00956      5.79      2.00     6   5.8654
#        1120       0.00968      4.46      2.00     6   5.8659
#        1121       0.00506     27.58      2.00     6   5.8671
#        1122       0.00501     16.61      2.00     7   5.8674
#        1123       0.00837     26.61      2.00     7   5.8692
#        1124       0.00464     21.88      2.00     7   5.8709
#        1125       0.00620      4.71      2.00     5   5.8715
#        1127       0.00699     20.09      2.00     7   5.8716
#        1128       0.00803     31.61      2.00     7   5.8716
#        1129       0.00529      8.19      2.00     6   5.8722
#        1130       0.00422     13.20      2.00     4   5.8732
#        1134       0.00409     24.74      2.00     5   5.8742
#        1135       0.00791      4.14      2.00     5   5.8755
#        1136       0.00860     37.64      2.00     7   5.8755
#        1137       0.01208     80.39      2.00     7   5.8755
#        1138       0.00571      7.21      2.00     5   5.8769
#        1140       0.00921     69.75      2.00     7   5.8770
#        1141       0.00743     40.55      2.00     7   5.8770
#        1143       0.00834     62.75      2.00     7   5.8789
#        1144       0.00683     33.30      2.00     7   5.8789
#        1145       0.00970     10.25      2.00     6   5.8791
#        1146       0.00760      8.06      2.00     6   5.8791
#        1147       0.00731     11.41      2.00     6   5.8791
#        1149       0.01832     13.58      2.00     7   5.8798
#        1150       0.00850      5.60      2.00     6   5.8812
#        1154       0.00657     19.43      2.00     7   5.8842
#        1155       0.00911     31.51      2.00     7   5.8842
#        1156       0.00465     66.55      2.00     6   5.8845
#        1158       0.00545      6.20      2.00     6   5.8865
#        1159       0.00882     13.07      2.00     6   5.8862
#        1160       0.00716     14.70      2.00     6   5.8869
#        1162       0.00871      6.96      2.00     6   5.8892
#        1164       0.00724     31.83      2.00     6   5.8897
#        1166       0.00842     14.77      2.00     6   5.8903
#        1167       0.00427     18.94      2.00     5   5.8926
#        1169       0.01097     21.95      2.00     6   5.8943
#        1170       0.00554      9.89      2.00     6   5.8948
#        1171       0.00547     23.93      2.00     6   5.8948
#        1173       0.00931      8.69      2.00     7   5.8968
#        1175       0.01139      9.12      2.00     5   5.8990
#        1176       0.00850     12.57      2.00     6   5.8994
#        1178       0.00634     16.19      2.00     7   5.9001
#        1179       0.00790     27.21      2.00     7   5.9001
#        1180       0.00465     10.11      2.00     6   5.9006
#        1182       0.00650      7.08      2.00     6   5.9017
#        1185       0.00825    152.60      2.00     7   5.9049
#        1188       0.00798      6.80      2.00     5   5.9069
#        1189       0.00940     63.35      2.00     7   5.9070
#        1190       0.00903     19.00      2.00     7   5.9070
#        1191       0.00992      7.41      2.00     6   5.9077
#        1192       0.01872     10.04      2.00     6   5.9076
#        1193       0.00551     25.47      2.00     7   5.9077
#        1194       0.00822     13.65      2.00     6   5.9085
#        1195       0.00942      5.45      2.00     6   5.9087
#        1196       0.00410     24.39      2.00     5   5.9094
#        1197       0.00543     12.48      2.00     6   5.9095
#        1198       0.00762     58.69      2.00     7   5.9100
#        1199       0.00731    142.40      2.00     7   5.9110
#        1200       0.00771      4.40      2.00     5   5.9116
#        1201       0.00787     53.56      2.00     6   5.9114
#        1202       0.00598     23.07      2.00     7   5.9119
#        1203       0.00749      4.80      2.00     5   5.9138
#        1206       0.01847     11.86      2.00     7   5.9140
#        1210       0.00829      4.04      2.00     5   5.9172
#        1211       0.00931     12.47      2.00     7   5.9179
#        1212       0.00463     11.94      2.00     6   5.9185
#        1213       0.01097     27.12      2.00     6   5.9193
#        1214       0.00757     52.32      2.00     7   5.9197
#        1215       0.00839     12.75      2.00     6   5.9205
#        1216       0.00843      5.28      2.00     6   5.9209
#        1218       0.00842     18.18      2.00     6   5.9216
#        1219       0.00731     31.32      2.00     7   5.9229
#        1220       0.00989     66.68      2.00     7   5.9229
#        1221       0.00830      6.35      2.00     5   5.9247
#        1222       0.00424     16.14      2.00     5   5.9248
#        1223       0.00823     12.49      2.00     6   5.9251
#        1225       0.00844     27.31      2.00     7   5.9265
#        1226       0.00781     40.63      2.00     6   5.9273
#        1227       0.00762      4.37      2.00     6   5.9277
#        1228       0.00523      5.38      2.00     4   5.9287
#        1229       0.00859     11.34      2.00     6   5.9286
#        1230       0.00797      9.07      2.00     5   5.9302
#        1232       0.01104     39.64      2.00     7   5.9305
#        1233       0.01079     39.91      2.00     7   5.9305
#        1234       0.00788      4.23      2.00     5   5.9309
#        1235       0.00620     23.12      2.00     6   5.9311
#        1236       0.01344     15.96      2.00     7   5.9325
#        1238       0.00824     13.94      2.00     6   5.9349
#        1239       0.01082    104.30      2.00     7   5.9348
#        1240       0.00849      9.59      2.00     6   5.9350
#        1241       0.00414     40.51      2.00     6   5.9351
#        1242       0.00418     25.12      2.00     7   5.9356
#        1244       0.00611     32.28      2.00     7   5.9363
#        1245       0.00488     17.55      2.00     7   5.9368
#        1246       0.00784     89.99      2.00     7   5.9371
#        1247       0.01611      5.77      2.00     6   5.9375
#        1248       0.00894      6.89      2.00     6   5.9378
#        1250       0.00574     12.52      2.00     6   5.9385
#        1251       0.00954     11.34      2.00     7   5.9391
#        1252       0.00584     29.15      2.00     7   5.9393
#        1255       0.00853     13.05      2.00     6   5.9443
#        1256       0.00483     18.07      2.00     7   5.9442
#        1257       0.01326      6.77      2.00     7   5.9445
#        1258       0.00823     25.36      2.00     7   5.9447
#        1259       0.01119     48.73      2.00     7   5.9450
#        1260       0.01096     48.68      2.00     7   5.9450
#        1261       0.00763      7.11      2.00     6   5.9460
#        1264       0.00759      8.36      2.00     6   5.9485
#        1266       0.00843     34.47      2.00     7   5.9497
#        1267       0.00851     51.43      2.00     7   5.9501
#        1268       0.00832     16.53      2.00     7   5.9501
#        1270       0.01388      4.15      2.00     6   5.9508
#        1271       0.00464     45.93      2.00     7   5.9507
#        1272       0.00885      5.09      2.00     6   5.9529
#        1273       0.00585     24.86      2.00     7   5.9533
#        1274       0.00861      6.01      2.00     6   5.9534
#        1275       0.00998      8.88      2.00     6   5.9547
#        1278       0.00813     17.73      2.00     6   5.9559
#        1280       0.00842      9.52      2.00     5   5.9585
#        1281       0.00806     16.77      2.00     6   5.9583
#        1282       0.00568     26.61      2.00     7   5.9599
#        1283       0.00449     27.37      2.00     7   5.9596
#        1284       0.00533      7.86      2.00     5   5.9612
#        1285       0.00511      8.65      2.00     5   5.9616
#        1288       0.00607     29.22      2.00     7   5.9629
#        1289       0.00505     24.26      1.00     6   5.9633
#        1290       0.00784     68.52      2.00     7   5.9635
#        1294       0.00915     51.50      2.00     7   5.9652
#        1295       0.00869     16.22      2.00     7   5.9652
#        1297       0.00759     49.65      2.00     7   5.9678
#        1298       0.00567     42.45      2.00     7   5.9684
#        1299       0.00641     11.81      2.00     5   5.9691
#        1302       0.01000     55.33      2.00     7   5.9708
#        1303       0.00964     15.87      2.00     7   5.9708
#        1304       0.00798      7.61      2.00     6   5.9712
#        1305       0.00765      6.31      2.00     6   5.9733
#        1307       0.00474      5.95      2.00     4   5.9742
#        1308       0.01221      5.52      2.00     7   5.9749
#        1309       0.00947     18.06      2.00     6   5.9781
#        1310       0.01371      6.74      2.00     7   5.9789
#        1311       0.00422      4.20      2.00     5   5.9799
#        1312       0.01117     78.18      2.00     7   5.9805
#        1313       0.00844      5.38      2.00     6   5.9815
#        1314       0.00874     10.34      2.00     6   5.9820
#        1315       0.00778      4.79      2.00     5   5.9826
#        1316       0.00813      6.26      2.00     6   5.9824
#        1317       0.00621     22.46      2.00     7   5.9831
#        1318       0.00814     33.76      2.00     7   5.9840
#        1319       0.00879     19.56      2.00     6   5.9863
#        1320       0.00546      4.99      2.00     4   5.9892
#        1321       0.00541     15.38      2.00     6   5.9892
#        1322       0.00932      7.57      2.00     6   5.9913
#        1323       0.00867     11.43      2.00     6   5.9917
#        1325       0.00478     10.41      2.00     5   5.9939
#        1326       0.00437     29.66      2.00     5   5.9944
#        1327       0.00855     18.83      2.00     6   5.9947
#        1328       0.00762     40.97      2.00     7   5.9957
#        1329       0.00891      4.03      2.00     7   5.9977
#        1330       0.00613      9.27      2.00     5   5.9986
#        1331       0.00677      5.99      2.00     6   5.9990
#        1332       0.00993      4.84      2.00     6   5.9991
#        1333       0.00774      9.82      2.00     6   5.9996
#        1334       0.00776      8.14      2.00     6   5.9993
#        1335       0.00792      9.53      2.00     6   6.0007
#        1336       0.00853     11.08      2.00     6   6.0009
#        1337       0.00843      7.14      2.00     6   6.0027
#        1338       0.00488      5.79      2.00     4   6.0034
#        1339       0.02212      7.52      2.00     7   6.0048
#        1341       0.00878     37.85      2.00     7   6.0059
#        1342       0.00978      5.78      2.00     7   6.0070
#        1343       0.00534      7.81      2.00     5   6.0076
#        1344       0.00482      9.30      2.00     6   6.0088
#        1345       0.00919      4.28      2.00     6   6.0096
#        1346       0.00898     19.47      2.00     7   6.0095
#        1347       0.00492     12.65      2.00     5   6.0104
#        1348       0.00509      4.29      2.00     4   6.0109
#        1349       0.00496      6.16      2.00     4   6.0115
#        1350       0.00847     21.94      2.00     7   6.0135
#        1351       0.01186     43.34      2.00     7   6.0135
#        1352       0.00437     36.75      2.00     6   6.0139
#        1353       0.00439     45.55      2.00     6   6.0139
#        1354       0.00957     36.49      2.00     7   6.0143
#        1355       0.00892     26.47      2.00     7   6.0144
#        1356       0.00894      8.20      2.00     6   6.0151
#        1357       0.00816    126.50      2.00     7   6.0159
#        1359       0.00887     22.14      2.00     7   6.0174
#        1360       0.00812     12.90      2.00     7   6.0186
#        1361       0.00992     10.81      2.00     7   6.0187
#        1362       0.00938     16.95      2.00     7   6.0193
#        1363       0.00908      4.54      2.00     6   6.0200
#        1364       0.00447     16.22      2.00     7   6.0198
#        1365       0.00498      7.37      2.00     5   6.0204
#        1366       0.00678     38.30      2.00     7   6.0203
#        1367       0.00515      5.32      2.00     4   6.0230
#        1368       0.00946     13.01      2.00     6   6.0230
#        1369       0.00435     25.61      2.00     7   6.0230
#        1370       0.01122      7.43      2.00     6   6.0238
#        1371       0.00817     26.73      2.00     7   6.0237
#        1372       0.01122     58.52      2.00     7   6.0237
#        1376       0.00542     15.36      2.00     6   6.0273
#        1377       0.01031     18.16      2.00     7   6.0278
#        1379       0.00864      7.71      2.00     6   6.0286
#        1380       0.00597     17.90      2.00     7   6.0287
#        1381       0.00494      9.71      2.00     5   6.0291
#        1382       0.00486     22.22      2.00     6   6.0301
#        1383       0.00438     65.61      2.00     6   6.0306
#        1384       0.00505     12.44      2.00     5   6.0315
#        1385       0.01267     86.67      2.00     7   6.0316
#        1386       0.00935     21.93      2.00     7   6.0322
#        1387       0.01004      6.76      2.00     7   6.0322
#        1388       0.02096      8.85      2.00     7   6.0327
#        1389       0.01465     10.10      2.00     7   6.0335
#        1390       0.00881     14.91      2.00     7   6.0343
#        1391       0.00782     11.65      2.00     6   6.0347
#        1393       0.00841      5.10      2.00     6   6.0355
#        1394       0.00803      8.53      2.00     6   6.0365
#        1395       0.00514     12.76      2.00     5   6.0372
#        1396       0.00816     19.61      2.00     7   6.0369
#        1398       0.00498     10.28      2.00     5   6.0396
#        1399       0.00535     29.20      2.00     7   6.0396
#        1400       0.02444      4.03      2.00     5   6.0403
#        1401       0.00938     17.69      2.00     7   6.0408
#        1402       0.00811      7.94      2.00     6   6.0416
#        1403       0.00532     11.17      2.00     5   6.0426
#        1404       0.00658     42.76      2.00     7   6.0428
#        1405       0.00651     61.87      2.00     7   6.0428
#        1407       0.00698      4.02      2.00     6   6.0433
#        1408       0.01407      6.68      2.00     7   6.0436
#        1409       0.00816      4.22      2.00     5   6.0436
#        1410       0.01183      5.28      2.00     6   6.0438
#        1411       0.01503      7.15      2.00     6   6.0445
#        1412       0.00537      7.52      2.00     5   6.0450
#        1413       0.00685      6.41      2.00     6   6.0463
#        1414       0.00442     41.19      2.00     6   6.0460
#        1416       0.00812     90.15      2.00     7   6.0465
#        1417       0.00534     12.39      2.00     6   6.0478
#        1418       0.00536     29.89      2.00     7   6.0479
#        1419       0.00992     25.90      2.00     7   6.0487
#        1420       0.01369      7.99      2.00     7   6.0493
#        1421       0.00941     24.01      2.00     7   6.0525
#        1422       0.00853     13.73      2.00     7   6.0525
#        1423       0.01493      9.16      2.00     7   6.0539
#        1424       0.02095      8.70      2.00     7   6.0547
#        1425       0.00968      7.47      2.00     7   6.0548
#        1426       0.00849      8.99      2.00     7   6.0551
#        1427       0.00728     30.26      2.00     7   6.0548
#        1428       0.00930     13.68      2.00     7   6.0551
#        1429       0.00437    119.90      2.00     7   6.0563
#        1430       0.00502     21.00      2.00     6   6.0572
#        1432       0.00885      7.23      2.00     6   6.0575
#        1433       0.00515      8.74      2.00     5   6.0592
#        1434       0.00904     17.98      2.00     7   6.0611
#        1435       0.00778     24.81      2.00     7   6.0626
#        1436       0.00648     27.01      2.00     7   6.0626
#        1437       0.00805     24.68      2.00     7   6.0628
#        1438       0.00768      4.74      2.00     3   6.0633
#        1439       0.01107      6.82      2.00     6   6.0634
#        1440       0.00738      4.53      1.00     2   6.0644
#        1441       0.01780      7.72      2.00     6   6.0643
#        1443       0.00825      5.26      2.00     6   6.0647
#        1444       0.00515     10.71      1.00     6   6.0645
#        1445       0.00514     21.51      2.00     6   6.0653
#        1446       0.01301      4.69      2.00     6   6.0693
#        1447       0.00847      8.60      2.00     6   6.0697
#        1448       0.00845      6.51      2.00     6   6.0700
#        1449       0.00868      7.43      2.00     6   6.0704
#        1450       0.00947     13.08      2.00     6   6.0702
#        1451       0.00544     14.29      2.00     6   6.0707
#        1453       0.01063      4.22      2.00     6   6.0714
#        1455       0.00510      6.08      2.00     5   6.0721
#        1456       0.00704      5.19      2.00     6   6.0748
#        1457       0.00811      6.58      2.00     6   6.0747
#        1460       0.00833     11.34      2.00     6   6.0777
#        1461       0.00846      5.99      2.00     6   6.0787
#        1462       0.00527     18.49      2.00     6   6.0788
#        1463       0.00579      4.28      2.00     4   6.0818
#        1464       0.00511      6.63      2.00     5   6.0818
#        1466       0.00539      7.95      2.00     6   6.0830
#        1467       0.00847      7.20      2.00     6   6.0839
#        1468       0.00916      6.72      2.00     7   6.0840
#        1469       0.00774      4.17      2.00     6   6.0857
#        1470       0.00566     20.31      2.00     7   6.0852
#        1471       0.00849      9.19      2.00     5   6.0860
#        1472       0.00481      4.60      2.00     6   6.0869
#        1473       0.00929      4.67      2.00     7   6.0879
#        1476       0.01671      4.42      2.00     7   6.0903
#        1477       0.01635      9.37      2.00     7   6.0906
#        1478       0.00547      4.83      2.00     5   6.0945
#        1479       0.00852     17.41      2.00     7   6.0954
#        1480       0.00850     10.79      2.00     7   6.0957
#        1481       0.00683      9.81      2.00     3   6.0974
#        1483       0.00852     23.91      2.00     7   6.0973
#        1484       0.00935      4.96      2.00     5   6.0983
#        1485       0.00560      8.17      2.00     6   6.0984
#        1486       0.00910     27.28      2.00     7   6.0981
#        1488       0.01151      4.06      2.00     7   6.0989
#        1489       0.00834      8.85      2.00     7   6.0991
#        1490       0.00974      6.81      2.00     6   6.0996
#        1491       0.01367      8.04      2.00     7   6.1006
#        1492       0.01001      4.24      2.00     7   6.1009
#        1495       0.00830      8.05      2.00     7   6.1017
#        1497       0.00577      7.43      2.00     5   6.1035
#        1499       0.00989     10.16      2.00     5   6.1043
#        1501       0.01554      4.26      2.00     5   6.1058
#        1502       0.00990     26.45      2.00     7   6.1064
#        1503       0.00875     12.33      2.00     7   6.1066
#        1504       0.01162      4.34      2.00     6   6.1073
#        1505       0.00849     12.55      2.00     7   6.1068
#        1506       0.00957      9.03      2.00     5   6.1079
#        1508       0.00878      8.03      2.00     6   6.1086
#        1509       0.01128      9.06      2.00     6   6.1092
#        1510       0.01325      4.91      2.00     6   6.1107
#        1511       0.00973      4.40      2.00     6   6.1104
#        1514       0.00470      4.92      2.00     6   6.1131
#        1515       0.02713     13.04      2.00     7   6.1140
#        1516       0.00571     12.37      2.00     6   6.1147
#        1520       0.00498      8.54      2.00     7   6.1176
#        1522       0.00906      5.82      2.00     7   6.1195
#        1523       0.00924     13.18      2.00     7   6.1199
#        1525       0.00491      5.11      2.00     6   6.1219
#        1526       0.00991      4.17      2.00     5   6.1221
#        1527       0.00892     21.91      2.00     6   6.1222
#        1528       0.00706     14.97      2.00     6   6.1222
#        1530       0.00875      6.00      2.00     6   6.1234
#        1531       0.00817      8.85      2.00     7   6.1243
#        1532       0.00788      6.70      2.00     7   6.1265
#        1535       0.00795     18.24      2.00     7   6.1275
#        1536       0.00995      9.28      2.00     6   6.1281
#        1538       0.01040     23.50      2.00     6   6.1300
#        1539       0.00666      5.93      1.00     4   6.1304
#        1540       0.00493     93.37      2.00     7   6.1351
#        1541       0.00991     21.71      2.00     6   6.1359
#        1543       0.00561     13.48      2.00     6   6.1364
#        1544       0.00934     17.47      2.00     7   6.1365
#        1545       0.01431      5.09      2.00     7   6.1392
#        1546       0.02962      8.60      2.00     7   6.1394
#        1547       0.01462      7.41      2.00     6   6.1402
#        1549       0.01523      7.14      2.00     6   6.1420
#        1551       0.01029      7.81      2.00     5   6.1422
#        1552       0.02543      4.32      1.00     6   6.1432
#        1553       0.00878     12.40      2.00     7   6.1430
#        1555       0.02049      5.45      2.00     7   6.1444
#        1556       0.00839      9.14      2.00     7   6.1447
#        1557       0.00885     16.63      2.00     7   6.1448
#        1558       0.01787      4.17      2.00     7   6.1452
#        1559       0.01413      5.88      2.00     6   6.1463
#        1560       0.00831     15.79      2.00     7   6.1472
#        1566       0.00778     14.80      2.00     7   6.1521
#        1567       0.01161      5.10      2.00     5   6.1528
#        1568       0.01854      9.79      2.00     7   6.1529
#        1569       0.00825     11.90      2.00     7   6.1538
#        1570       0.00842      6.01      2.00     6   6.1545
#        1572       0.01033      4.46      2.00     6   6.1555
#        1579       0.00562      7.67      2.00     6   6.1614
#        1580       0.01199      5.37      2.00     5   6.1618
#        1581       0.01083     18.44      2.00     6   6.1619
#        1583       0.00495      6.30      2.00     5   6.1640
#        1585       0.00574      5.82      2.00     6   6.1646
#        1587       0.01387      6.16      2.00     6   6.1654
#        1588       0.01540      4.52      2.00     5   6.1662
#        1593       0.00855     10.78      2.00     7   6.1712
#        1594       0.00649      6.34      2.00     5   6.1716
#        1595       0.00648      6.35      2.00     5   6.1716
#        1596       0.00854      8.77      2.00     7   6.1715
#        1597       0.00559     12.19      2.00     6   6.1735
#        1598       0.00848     10.77      2.00     7   6.1741
#        1599       0.00842     20.56      2.00     7   6.1745
#        1600       0.00821     10.27      2.00     7   6.1747
#        1601       0.01503     12.37      2.00     7   6.1764
#        1605       0.02705     12.96      2.00     7   6.1794
#        1606       0.00470      7.10      2.00     6   6.1817
#        1607       0.01308      8.10      2.00     6   6.1829
#        1608       0.00516     60.37      2.00     7   6.1857
#        1613       0.00671      5.67      2.00     5   6.1879
#        1614       0.00672      5.71      2.00     5   6.1879
#        1616       0.00870     17.81      2.00     7   6.1896
#        1617       0.00853     16.69      2.00     7   6.1895
#        1619       0.01171      4.70      2.00     6   6.1898
#        1620       0.00655     11.66      2.00     6   6.1913
#        1621       0.00599      9.71      2.00     6   6.1936
#        1622       0.01522      7.88      2.00     6   6.1942
#        1623       0.01614      4.47      1.00     6   6.1949
#        1625       0.00516      4.79      2.00     5   6.1953
#        1627       0.00551      5.16      2.00     6   6.1973
#        1629       0.00375      4.16      2.00     4   6.1976
#        1630       0.00965     26.15      2.00     7   6.1978
#        1632       0.01102      5.00      2.00     5   6.2000
#        1633       0.00911      6.26      2.00     6   6.2006
#        1634       0.01546     11.32      2.00     7   6.2016
#        1636       0.01035      8.46      2.00     6   6.2026
#        1639       0.00468      5.85      2.00     6   6.2053
#        1640       0.00824     15.23      2.00     7   6.2066
#        1641       0.00589      4.17      2.00     6   6.2077
#        1642       0.00459      4.14      2.00     5   6.2094
#        1644       0.00412      7.25      2.00     4   6.2109
#        1645       0.01498     14.20      2.00     7   6.2109
#        1647       0.00836      9.52      2.00     7   6.2135
#        1648       0.00591     13.31      2.00     6   6.2138
#        1649       0.00416      7.07      2.00     4   6.2144
#        1650       0.01031     13.50      2.00     6   6.2145
#        1653       0.00901      6.90      2.00     7   6.2157
#        1654       0.01544      5.59      2.00     6   6.2166
#        1656       0.00712      6.26      2.00     7   6.2182
#        1657       0.01576      5.34      1.00     6   6.2183
#        1661       0.00972     26.70      2.00     7   6.2234
#        1662       0.00669     10.28      2.00     6   6.2241
#        1663       0.01131      7.01      2.00     6   6.2251
#        1664       0.01235      6.39      2.00     6   6.2252
#        1665       0.01545      5.65      2.00     6   6.2250
#        1666       0.00457      5.69      2.00     6   6.2252
#        1667       0.00419      4.39      2.00     4   6.2258
#        1669       0.00447      4.03      2.00     6   6.2273
#        1671       0.00882      9.01      2.00     7   6.2278
#        1672       0.00439      4.75      2.00     4   6.2298
#        1673       0.00398     10.05      2.00     5   6.2303
#        1675       0.01582     15.84      2.00     7   6.2311
#        1676       0.00528     10.32      2.00     6   6.2315
#        1677       0.00955     18.85      2.00     7   6.2324
#        1680       0.00432      6.79      2.00     4   6.2340
#        1683       0.00878      8.28      2.00     7   6.2352
#        1684       0.00906      9.04      2.00     7   6.2355
#        1685       0.00841     15.25      2.00     6   6.2392
#        1686       0.00595      4.08      2.00     6   6.2394
#        1687       0.00441     12.56      2.00     5   6.2401
#        1689       0.00758     11.65      2.00     6   6.2409
#        1690       0.00873      6.09      2.00     6   6.2424
#        1691       0.00409      5.69      2.00     5   6.2452
#        1692       0.01392      4.06      2.00     6   6.2463
#        1693       0.01559     19.54      2.00     7   6.2463
#        1694       0.00434      4.14      2.00     5   6.2466
#        1695       0.00426     16.49      2.00     5   6.2471
#        1697       0.00424      4.15      2.00     4   6.2494
#        1699       0.00914      8.18      2.00     7   6.2512
#        1700       0.00642      5.89      2.00     3   6.2524
#        1701       0.01549     12.10      2.00     7   6.2533
#        1702       0.00547      9.66      2.00     6   6.2541
#        1705       0.01136      7.03      2.00     6   6.2559
#        1706       0.00495     12.12      2.00     6   6.2567
#        1707       0.00524     11.20      2.00     6   6.2574
#        1710       0.01566      6.54      2.00     6   6.2589
#        1711       0.00437     11.51      2.00     5   6.2597
#        1712       0.01625      5.22      2.00     6   6.2594
#        1713       0.01526     10.26      2.00     7   6.2595
#        1716       0.00713      4.00      2.00     4   6.2620
#        1717       0.00693      4.19      2.00     4   6.2620
#        1718       0.00453     10.08      2.00     5   6.2620
#        1719       0.01006      5.64      2.00     6   6.2616
#        1720       0.00458     10.67      2.00     5   6.2625
#        1721       0.00651      5.26      2.00     5   6.2638
#        1723       0.00650      5.26      2.00     5   6.2638
#        1726       0.01244     17.34      2.00     7   6.2682
#        1727       0.00889      7.87      2.00     7   6.2683
#        1728       0.00677     10.04      2.00     4   6.2692
#        1731       0.00701      4.69      2.00     5   6.2710
#        1732       0.00702      4.66      2.00     5   6.2710
#        1735       0.00452     30.14      2.00     6   6.2728
#        1736       0.00886     10.23      2.00     7   6.2734
#        1737       0.00727      5.41      2.00     7   6.2735
#        1738       0.00504     12.49      2.00     6   6.2739
#        1740       0.00857     35.79      2.00     7   6.2754
#        1742       0.00967     31.36      2.00     7   6.2754
#        1743       0.01543     12.14      2.00     7   6.2756
#        1744       0.00871     17.04      2.00     7   6.2764
#        1745       0.00989      6.48      2.00     7   6.2762
#        1747       0.01297     10.53      2.00     6   6.2768
#        1748       0.00441      6.36      2.00     5   6.2774
#        1752       0.00653     15.75      2.00     6   6.2791
#        1753       0.00961     14.05      2.00     6   6.2797
#        1754       0.00870     10.01      2.00     7   6.2826
#        1755       0.01231     13.54      2.00     7   6.2832
#        1756       0.00651      8.85      2.00     6   6.2834
#        1758       0.00649      9.12      2.00     6   6.2834
#        1759       0.01457     13.04      2.00     7   6.2840
#        1760       0.01416      7.71      2.00     7   6.2842
#        1761       0.01427      8.39      2.00     7   6.2846
#        1762       0.00621      7.74      2.00     4   6.2853
#        1763       0.01181     10.44      2.00     6   6.2853
#        1764       0.00887     27.17      2.00     7   6.2873
#        1765       0.00456     18.09      2.00     6   6.2877
#        1767       0.00563     26.26      2.00     7   6.2896
#        1769       0.01267     12.05      2.00     7   6.2894
#        1770       0.00378      5.13      2.00     4   6.2905
#        1771       0.00576      5.37      2.00     5   6.2924
#        1773       0.00486     23.76      2.00     7   6.2936
#        1775       0.01015      4.35      2.00     7   6.2959
#        1776       0.00844      8.39      2.00     6   6.2961
#        1777       0.00509     21.36      2.00     7   6.2967
#        1779       0.00696     17.47      2.00     7   6.2971
#        1780       0.01597      4.18      2.00     5   6.3003
#        1781       0.01478      6.25      2.00     7   6.3017
#        1782       0.00667     13.84      2.00     5   6.3022
#        1785       0.00957     36.29      2.00     7   6.3048
#        1786       0.01150      6.74      2.00     6   6.3055
#        1788       0.00690      7.61      2.00     6   6.3072
#        1789       0.00691      7.88      2.00     6   6.3072
#        1791       0.00974     33.35      2.00     7   6.3078
#        1792       0.01467      6.09      2.00     7   6.3094
#        1793       0.00356      5.76      2.00     5   6.3099
#        1794       0.00785      4.97      2.00     5   6.3108
#        1795       0.00787      4.97      2.00     5   6.3108
#        1796       0.01600     16.19      2.00     7   6.3110
#        1799       0.01126     15.95      2.00     7   6.3134
#        1800       0.01292      8.24      2.00     7   6.3137
#        1801       0.00532     11.17      2.00     6   6.3140
#        1803       0.01601     12.49      2.00     7   6.3141
#        1804       0.01394      8.35      2.00     6   6.3149
#        1805       0.00935     10.62      2.00     6   6.3146
#        1808       0.01012     26.25      2.00     7   6.3156
#        1809       0.00508     13.11      2.00     6   6.3164
#        1812       0.01230      9.60      2.00     7   6.3180
#        1813       0.00490     26.56      2.00     7   6.3185
#        1814       0.00409      8.64      2.00     5   6.3189
#        1815       0.01050     25.44      2.00     7   6.3193
#        1817       0.01592      7.48      2.00     6   6.3199
#        1820       0.01304      8.20      2.00     7   6.3223
#        1822       0.01000      5.55      2.00     7   6.3236
#        1823       0.00415     14.71      2.00     5   6.3267
#        1824       0.00704      5.61      2.00     6   6.3268
#        1825       0.00745      5.08      2.00     5   6.3277
#        1826       0.00930     24.20      2.00     7   6.3276
#        1827       0.01282      5.27      2.00     6   6.3288
#        1828       0.01250      6.57      2.00     6   6.3288
#        1829       0.01226     10.93      2.00     7   6.3290
#        1830       0.01136      4.88      2.00     7   6.3304
#        1831       0.01410      6.97      2.00     6   6.3313
#        1833       0.00962      4.10      2.00     6   6.3339
#        1834       0.00951     17.91      2.00     7   6.3342
#        1835       0.01618      5.47      1.00     6   6.3343
#        1836       0.00563      5.48      2.00     7   6.3348
#        1838       0.01173      6.65      2.00     6   6.3362
#        1840       0.01501      7.58      2.00     7   6.3364
#        1842       0.00447      7.68      2.00     5   6.3384
#        1845       0.00497      5.67      2.00     5   6.3388
#        1846       0.00791      8.98      2.00     6   6.3388
#        1847       0.01045      5.79      2.00     7   6.3387
#        1848       0.01504      9.09      2.00     7   6.3389
#        1851       0.01315      6.24      2.00     6   6.3405
#        1852       0.00677     11.47      2.00     6   6.3409
#        1853       0.01055      7.25      2.00     6   6.3412
#        1854       0.00424      8.91      2.00     5   6.3421
#        1855       0.00491     23.58      2.00     7   6.3421
#        1856       0.01035      5.59      2.00     6   6.3453
#        1859       0.00973     23.39      2.00     7   6.3467
#        1860       0.00832      5.91      2.00     5   6.3478
#        1861       0.01169     18.24      2.00     7   6.3487
#        1862       0.01026     13.98      2.00     7   6.3487
#        1863       0.00948     11.90      2.00     7   6.3484
#        1865       0.00922     12.25      2.00     6   6.3495
#        1866       0.01248     14.74      2.00     7   6.3502
#        1867       0.00819     10.53      2.00     6   6.3501
#        1868       0.00610      5.98      2.00     7   6.3504
#        1869       0.01569     12.52      2.00     7   6.3510
#        1870       0.00996      4.27      2.00     6   6.3516
#        1871       0.00459     24.26      2.00     6   6.3515
#        1872       0.00500      4.47      2.00     5   6.3527
#        1873       0.00434     27.35      2.00     6   6.3524
#        1874       0.01442      7.93      2.00     6   6.3531
#        1875       0.01614     20.42      2.00     7   6.3539
#        1877       0.01231     12.89      2.00     7   6.3557
#        1879       0.00522     12.69      2.00     6   6.3570
#        1880       0.01015      6.10      2.00     7   6.3573
#        1883       0.01036     16.24      2.00     6   6.3575
#        1884       0.01365     10.52      2.00     7   6.3577
#        1886       0.00608      8.29      2.00     7   6.3584
#        1887       0.01605     11.93      2.00     7   6.3602
#        1889       0.00990     26.68      2.00     7   6.3606
#        1892       0.02370     16.46      2.00     7   6.3621
#        1894       0.00498      4.82      2.00     6   6.3637
#        1895       0.01167     10.60      2.00     6   6.3634
#        1896       0.01088      5.91      2.00     7   6.3647
#        1897       0.01360      6.15      2.00     7   6.3646
#        1899       0.01225     12.31      2.00     7   6.3661
#        1901       0.00483     11.51      2.00     6   6.3665
#        1903       0.00512     17.79      2.00     7   6.3679
#        1904       0.01352     22.58      2.00     7   6.3676
#        1905       0.01122      4.20      2.00     7   6.3688
#        1908       0.01112      5.34      2.00     6   6.3689
#        1909       0.00554     20.63      2.00     7   6.3689
#        1910       0.00460      5.30      2.00     5   6.3695
#        1911       0.00533     15.80      2.00     6   6.3692
#        1913       0.00520     13.75      2.00     6   6.3710
#        1914       0.01137      5.55      2.00     6   6.3712
#        1915       0.00436      7.82      2.00     4   6.3713
#        1918       0.01572     10.91      2.00     7   6.3726
#        1919       0.00679      8.18      2.00     7   6.3725
#        1920       0.01075      4.57      2.00     6   6.3733
#        1921       0.01345      4.58      2.00     6   6.3736
#        1922       0.00845      4.73      2.00     5   6.3735
#        1924       0.00808      4.73      2.00     5   6.3755
#        1925       0.00743      4.94      2.00     5   6.3754
#        1926       0.00742      4.93      2.00     5   6.3754
#        1927       0.00811      4.72      2.00     5   6.3755
#        1928       0.00677     11.13      2.00     6   6.3756
#        1929       0.00959     25.09      2.00     7   6.3755
#        1931       0.00986      9.32      2.00     6   6.3766
#        1932       0.00552     23.94      2.00     7   6.3766
#        1934       0.01198     29.87      2.00     7   6.3781
#        1936       0.01511     13.14      2.00     7   6.3799
#        1938       0.00537      5.61      2.00     7   6.3804
#        1939       0.01046      5.71      2.00     7   6.3802
#        1941       0.00530     14.61      2.00     6   6.3811
#        1942       0.00804      4.45      2.00     6   6.3814
#        1945       0.01377      4.90      2.00     5   6.3824
#        1946       0.00548      7.95      2.00     7   6.3826
#        1948       0.01102     33.25      2.00     7   6.3832
#        1949       0.01098      4.80      2.00     6   6.3835
#        1950       0.01341      6.02      2.00     6   6.3835
#        1951       0.01325      5.48      2.00     6   6.3835
#        1953       0.01376      4.84      2.00     5   6.3842
#        1955       0.00460     15.95      2.00     5   6.3857
#        1956       0.00988     25.06      2.00     7   6.3857
#        1959       0.00846      6.05      2.00     6   6.3876
#        1961       0.00579      4.72      2.00     6   6.3875
#        1963       0.00659      6.05      2.00     6   6.3882
#        1965       0.00421      4.77      2.00     5   6.3890
#        1966       0.00514      9.61      2.00     6   6.3889
#        1968       0.01150     15.74      2.00     7   6.3891
#        1969       0.00467     12.53      2.00     5   6.3893
#        1970       0.00772      9.15      2.00     6   6.3902
#        1971       0.00430     10.95      2.00     5   6.3908
#        1972       0.00776      4.38      2.00     6   6.3906
#        1978       0.01004     13.90      2.00     6   6.3928
#        1983       0.01253      4.57      2.00     6   6.3941
#        1986       0.00585     28.60      2.00     7   6.3973
#        1987       0.01419     10.06      2.00     7   6.3969
#        1988       0.01025     13.46      2.00     7   6.3980
#        1989       0.00736      6.56      2.00     6   6.3982
#        1990       0.01199      9.32      2.00     7   6.3983
#        1991       0.00452     14.71      2.00     5   6.3994
#        1992       0.00504      5.57      2.00     5   6.3998
#        1993       0.00668      5.77      2.00     6   6.3999
#        1994       0.00742      8.70      2.00     6   6.4011
#        1995       0.01391     10.36      2.00     7   6.4017
#        1996       0.00494     12.47      2.00     6   6.4022
#        1997       0.01074     14.64      2.00     7   6.4032
#        1998       0.01912      4.20      2.00     7   6.4031
#        1999       0.00806      7.74      2.00     6   6.4035
#        2000       0.00811      7.96      2.00     6   6.4035
#        2001       0.00458      8.18      2.00     5   6.4046
#        2002       0.01288     16.14      2.00     7   6.4047
#        2003       0.00461     23.13      2.00     6   6.4051
#        2005       0.00881      8.42      2.00     5   6.4069
#        2006       0.00571     25.60      2.00     7   6.4068
#        2007       0.00446     17.67      2.00     5   6.4076
#        2008       0.00536     29.82      2.00     7   6.4072
#        2009       0.01277      5.10      2.00     5   6.4078
#        2013       0.01276      5.03      2.00     5   6.4090
#        2014       0.00964      6.26      2.00     7   6.4088
#        2015       0.00990      4.79      2.00     6   6.4098
#        2017       0.00550      7.14      2.00     7   6.4113
#        2018       0.01604      5.80      2.00     6   6.4120
#        2019       0.01625      6.20      2.00     7   6.4125
#        2020       0.00723     15.68      2.00     7   6.4139
#        2023       0.00465     22.19      2.00     6   6.4150
#        2025       0.01374      6.13      2.00     6   6.4154
#        2026       0.01112     14.33      2.00     7   6.4153
#        2028       0.00672      9.01      2.00     6   6.4169
#        2029       0.00673      8.58      2.00     6   6.4169
#        2031       0.00435      8.17      2.00     6   6.4171
#        2032       0.01297      5.42      2.00     6   6.4173
#        2035       0.00453     21.56      2.00     6   6.4188
#        2036       0.01299      4.21      2.00     5   6.4196
#        2038       0.01296      4.25      2.00     5   6.4197
#        2039       0.01417      4.23      2.00     6   6.4211
#        2040       0.01053     28.80      2.00     7   6.4208
#        2041       0.00923      5.45      2.00     6   6.4215
#        2043       0.00464     37.22      2.00     6   6.4219
#        2044       0.00461     11.28      2.00     5   6.4229
#        2045       0.00907      8.02      2.00     6   6.4230
#        2046       0.01034      5.25      2.00     7   6.4227
#        2047       0.01912      4.94      2.00     7   6.4229
#        2048       0.01039      6.25      2.00     6   6.4236
#        2049       0.01534      9.62      2.00     7   6.4238
#        2050       0.01079      4.74      2.00     5   6.4246
#        2053       0.00589     11.53      2.00     6   6.4249
#        2054       0.00740     10.41      2.00     7   6.4252
#        2055       0.01023      4.34      2.00     6   6.4260
#        2056       0.00963     16.55      2.00     7   6.4264
#        2060       0.00732     15.09      2.00     7   6.4280
#        2061       0.00507      4.61      2.00     6   6.4287
#        2063       0.00532     16.65      2.00     7   6.4296
#        2066       0.01336     17.80      2.00     7   6.4299
#        2068       0.00717      4.85      2.00     5   6.4303
#        2071       0.00413     17.21      2.00     6   6.4312
#        2073       0.00768      4.71      2.00     3   6.4324
#        2074       0.01104      4.23      2.00     5   6.4323
#        2076       0.01408      4.12      2.00     6   6.4328
#        2077       0.00582     25.24      2.00     7   6.4326
#        2078       0.00457     31.31      2.00     6   6.4333
#        2079       0.00768      8.81      2.00     5   6.4339
#        2080       0.01280      4.32      1.00     6   6.4335
#        2081       0.01536     12.81      2.00     7   6.4338
#        2082       0.00789     17.27      2.00     7   6.4344
#        2084       0.01278      4.32      1.00     6   6.4348
#        2085       0.00894      7.40      1.00     6   6.4349
#        2087       0.00458     34.17      2.00     6   6.4356
#        2089       0.00675     16.83      2.00     7   6.4365
#        2090       0.00675     16.94      2.00     7   6.4365
#        2091       0.00466     23.67      2.00     6   6.4373
#        2094       0.01447      9.52      2.00     7   6.4407
#        2095       0.01303     12.72      2.00     7   6.4406
#        2096       0.01894      4.89      2.00     7   6.4407
#        2099       0.00529      5.65      2.00     4   6.4430
#        2101       0.01583     10.06      2.00     7   6.4431
#        2102       0.01053      4.53      2.00     6   6.4458
#        2103       0.01622     15.83      2.00     7   6.4461
#        2105       0.00823      4.91      2.00     6   6.4466
#        2107       0.00463     68.62      2.00     7   6.4476
#        2109       0.01009      4.98      2.00     6   6.4482
#        2110       0.01282      9.10      2.00     7   6.4483
#        2111       0.00917      6.56      2.00     5   6.4502
#        2112       0.01031      5.09      2.00     6   6.4497
#        2113       0.00540      5.38      2.00     4   6.4503
#        2114       0.00490      5.17      2.00     5   6.4504
#        2115       0.00473     21.68      2.00     6   6.4510
#        2116       0.01041     14.46      2.00     7   6.4510
#        2117       0.01232     24.86      2.00     7   6.4520
#        2118       0.01311      8.91      2.00     7   6.4523
#        2119       0.00453      4.02      2.00     6   6.4526
#        2120       0.00844      8.06      2.00     6   6.4527
#        2121       0.01070      7.37      2.00     6   6.4527
#        2122       0.01307      7.49      2.00     6   6.4526
#        2123       0.01260     22.30      2.00     7   6.4525
#        2124       0.00542      6.34      2.00     7   6.4526
#        2125       0.00773      7.77      1.00     6   6.4535
#        2126       0.00759      4.40      2.00     5   6.4542
#        2127       0.00759      4.39      2.00     5   6.4542
#        2128       0.00714     10.63      2.00     7   6.4543
#        2129       0.00714     10.60      2.00     7   6.4543
#        2132       0.00562      5.62      2.00     5   6.4563
#        2133       0.00691      9.79      2.00     5   6.4572
#        2134       0.00877      4.41      2.00     6   6.4573
#        2135       0.01102      9.47      2.00     7   6.4577
#        2136       0.01115      4.95      2.00     7   6.4589
#        2137       0.01175      4.52      2.00     6   6.4596
#        2138       0.01202     10.31      2.00     7   6.4598
#        2139       0.01140     12.52      2.00     7   6.4603
#        2140       0.00744      5.66      2.00     5   6.4607
#        2141       0.01403      4.29      2.00     5   6.4612
#        2143       0.00621     20.55      2.00     7   6.4611
#        2145       0.00646     62.44      2.00     7   6.4613
#        2147       0.00968     39.62      2.00     7   6.4620
#        2148       0.01402      4.22      2.00     5   6.4630
#        2149       0.00550      5.67      2.00     7   6.4637
#        2150       0.00422      9.36      2.00     5   6.4641
#        2151       0.01796      5.13      2.00     5   6.4653
#        2153       0.00550     12.23      2.00     7   6.4655
#        2154       0.01047      5.56      2.00     6   6.4658
#        2156       0.00938      6.31      2.00     7   6.4660
#        2157       0.00568      6.19      2.00     7   6.4667
#        2158       0.01317      6.37      2.00     7   6.4664
#        2159       0.00589      6.41      2.00     5   6.4667
#        2160       0.00741      7.58      2.00     6   6.4674
#        2161       0.00972      4.90      2.00     5   6.4680
#        2162       0.00841     10.44      2.00     6   6.4683
#        2163       0.01188     29.19      2.00     7   6.4678
#        2164       0.00933      9.14      2.00     7   6.4685
#        2165       0.00547     31.22      2.00     7   6.4688
#        2166       0.01000      6.54      2.00     5   6.4691
#        2168       0.01002     13.82      2.00     7   6.4694
#        2169       0.00499      7.59      2.00     5   6.4716
#        2170       0.00576      6.65      2.00     5   6.4715
#        2172       0.01176      5.49      2.00     5   6.4724
#        2175       0.00743      8.73      1.00     6   6.4741
#        2176       0.00958      6.95      2.00     7   6.4750
#        2177       0.00972      5.82      2.00     7   6.4749
#        2179       0.00528      8.92      2.00     5   6.4760
#        2180       0.00578      5.62      1.00     6   6.4759
#        2181       0.01042     11.75      2.00     7   6.4757
#        2182       0.01176     13.84      2.00     7   6.4757
#        2183       0.00494      5.42      2.00     6   6.4762
#        2184       0.00470      5.31      2.00     6   6.4762
#        2185       0.01552      5.65      2.00     6   6.4767
#        2188       0.00757      7.01      2.00     6   6.4799
#        2189       0.00478      6.08      2.00     6   6.4802
#        2190       0.00756      7.17      2.00     6   6.4799
#        2191       0.01071     13.30      2.00     7   6.4807
#        2192       0.00618     18.94      2.00     7   6.4807
#        2193       0.01120      5.72      2.00     6   6.4814
#        2194       0.00901      6.07      2.00     6   6.4814
#        2195       0.01224     16.38      2.00     7   6.4813
#        2196       0.01380      6.26      2.00     7   6.4815
#        2197       0.00429      8.68      2.00     6   6.4818
#        2198       0.01880      9.08      2.00     6   6.4820
#        2199       0.00832      7.36      2.00     5   6.4830
#        2200       0.01019      9.46      2.00     6   6.4826
#        2201       0.00409     12.42      2.00     6   6.4835
#        2202       0.01096     16.50      2.00     7   6.4836
#        2203       0.01487      9.79      2.00     7   6.4838
#        2204       0.01430      9.50      2.00     7   6.4844
#        2205       0.00426      4.54      2.00     6   6.4848
#        2207       0.00554     36.64      2.00     7   6.4855
#        2208       0.00947      7.63      2.00     7   6.4861
#        2209       0.01320      4.66      2.00     5   6.4866
#        2210       0.00907     11.64      2.00     6   6.4864
#        2213       0.01398      6.91      2.00     7   6.4876
#        2214       0.01317      4.58      2.00     5   6.4878
#        2215       0.01069      9.79      2.00     6   6.4880
#        2216       0.01087      6.71      2.00     6   6.4891
#        2219       0.00535      9.86      2.00     7   6.4903
#        2220       0.00545      4.43      2.00     6   6.4908
#        2221       0.00488     14.91      2.00     6   6.4907
#        2222       0.01427      5.29      2.00     7   6.4907
#        2223       0.00694      5.90      2.00     6   6.4912
#        2224       0.00575      7.00      2.00     6   6.4919
#        2225       0.01029     10.12      2.00     6   6.4920
#        2226       0.01485      6.50      2.00     7   6.4916
#        2227       0.01454      5.84      2.00     7   6.4926
#        2229       0.00627      5.32      2.00     7   6.4927
#        2230       0.00633     21.86      2.00     7   6.4934
#        2231       0.00491     16.57      2.00     6   6.4937
#  1706/2000 paths used
#  xsedge+50, used to normalize mu           1.0000E+00
#  -----------------------------------------------------------------------
#  omega    e    k    mu    mu0     chi     @#
    9725.926   -205.155  -7.200 -1.98314E-06 -2.50344E-06  6.38817E-06
    9728.660   -202.421  -7.150 -4.96698E-06 -5.59126E-06  6.60839E-06
    9731.374   -199.707  -7.100 -7.95082E-06 -8.67908E-06  6.80556E-06
    9734.070   -197.011  -7.050 -1.09347E-05 -1.17669E-05  6.98959E-06
    9736.746   -194.335  -7.000 -1.39185E-05 -1.48547E-05  7.18195E-06
    9739.404   -191.677  -6.950 -1.69023E-05 -1.79426E-05  7.40133E-06
    9742.042   -189.039  -6.900 -1.98862E-05 -2.10304E-05  7.65077E-06
    9744.662   -186.419  -6.850 -2.26824E-05 -2.40403E-05  7.96289E-06
    9747.262   -183.819  -6.800 -2.52661E-05 -2.69622E-05  8.32493E-06
    9749.843   -181.238  -6.750 -2.78498E-05 -2.98840E-05  8.66857E-06
    9752.405   -178.676  -6.700 -3.04336E-05 -3.28058E-05  8.99350E-06
    9754.949   -176.133  -6.650 -3.30173E-05 -3.57276E-05  9.31541E-06
    9757.473   -173.608  -6.600 -3.56010E-05 -3.86495E-05  9.65687E-06
    9759.978   -171.103  -6.550 -3.81847E-05 -4.15713E-05  1.00336E-05
    9762.464   -168.617  -6.500 -4.07684E-05 -4.44931E-05  1.04442E-05
    9764.931   -166.150  -6.450 -4.26124E-05 -4.73062E-05  1.09993E-05
    9767.379   -163.702  -6.400 -4.39775E-05 -5.00489E-05  1.16297E-05
    9769.807   -161.274  -6.350 -4.53425E-05 -5.27915E-05  1.22268E-05
    9772.217   -158.864  -6.300 -4.67075E-05 -5.55342E-05  1.27888E-05
    9774.608   -156.473  -6.250 -4.80726E-05 -5.82769E-05  1.33424E-05
    9776.980   -154.101  -6.200 -4.94376E-05 -6.10195E-05  1.39295E-05
    9779.332   -151.749  -6.150 -5.08026E-05 -6.37622E-05  1.45841E-05
    9781.666   -149.415  -6.100 -5.21677E-05 -6.65048E-05  1.53132E-05
    9783.981   -147.100  -6.050 -5.17224E-05 -6.92021E-05  1.62404E-05
    9786.276   -144.805  -6.000 -4.54244E-05 -7.17526E-05  1.76838E-05
    9788.553   -142.528  -5.950 -3.91263E-05 -7.43031E-05  1.91363E-05
    9790.810   -140.271  -5.900 -3.28282E-05 -7.68536E-05  2.05796E-05
    9793.048   -138.033  -5.850 -2.65301E-05 -7.94041E-05  2.20255E-05
    9795.268   -135.813  -5.800 -2.02321E-05 -8.19546E-05  2.35128E-05
    9797.468   -133.613  -5.750 -1.39340E-05 -8.45050E-05  2.50900E-05
    9799.649   -131.432  -5.700 -7.63593E-06 -8.70555E-05  2.67913E-05
    9801.811   -129.270  -5.650 -1.33785E-06 -8.96060E-05  2.86189E-05
    9803.954   -127.127  -5.600  9.04663E-05 -9.21058E-05  3.28188E-05
    9806.079   -125.003  -5.550  4.48728E-04 -9.44478E-05  4.49584E-05
    9808.184   -122.898  -5.500  8.06989E-04 -9.67897E-05  5.83408E-05
    9810.270   -120.812  -5.450  1.16525E-03 -9.91316E-05  7.28983E-05
    9812.336   -118.745  -5.400  1.52351E-03 -1.01474E-04  8.86057E-05
    9814.384   -116.697  -5.350  1.88177E-03 -1.03816E-04  1.05486E-04
    9816.413   -114.668  -5.300  2.24003E-03 -1.06157E-04  1.23591E-04
    9818.423   -112.658  -5.250  2.59830E-03 -1.08499E-04  1.42959E-04
    9820.414   -110.667  -5.200  2.95656E-03 -1.10841E-04  1.63577E-04
    9822.385   -108.696  -5.150  3.31482E-03 -1.13183E-04  1.85359E-04
    9824.338   -106.743  -5.100  3.43494E-03 -1.15419E-04  1.88176E-04
    9826.271   -104.810  -5.050  3.27921E-03 -1.17530E-04  1.67769E-04
    9828.186   -102.895  -5.000  3.12348E-03 -1.19642E-04  1.46929E-04
    9830.081   -101.000  -4.950  2.96775E-03 -1.21754E-04  1.25700E-04
    9831.958    -99.123  -4.900  2.81202E-03 -1.23865E-04  1.04159E-04
    9833.815    -97.266  -4.850  2.65629E-03 -1.25977E-04  8.24086E-05
    9835.654    -95.428  -4.800  2.50056E-03 -1.28089E-04  6.05705E-05
    9837.473    -93.608  -4.750  2.34483E-03 -1.30200E-04  3.87615E-05
    9839.273    -91.808  -4.700  2.18910E-03 -1.32312E-04  1.70786E-05
    9841.054    -90.027  -4.650  2.03337E-03 -1.34424E-04 -4.41525E-06
    9842.816    -88.265  -4.600  1.87764E-03 -1.36535E-04 -2.56942E-05
    9844.559    -86.522  -4.550  1.75318E-03 -1.38478E-04 -3.25728E-05
    9846.283    -84.798  -4.500  1.64585E-03 -1.40329E-04 -3.10511E-05
    9847.988    -83.093  -4.450  1.53852E-03 -1.42179E-04 -2.89307E-05
    9849.674    -81.407  -4.400  1.43119E-03 -1.44030E-04 -2.63477E-05
    9851.341    -79.740  -4.350  1.32386E-03 -1.45880E-04 -2.33968E-05
    9852.989    -78.092  -4.300  1.21653E-03 -1.47731E-04 -2.00886E-05
    9854.618    -76.463  -4.250  1.10920E-03 -1.49581E-04 -1.63324E-05
    9856.227    -74.854  -4.200  1.00186E-03 -1.51432E-04 -1.19518E-05
    9857.818    -73.263  -4.150  8.94534E-04 -1.53282E-04 -6.73203E-06
    9859.390    -71.691  -4.100  7.87204E-04 -1.55133E-04 -4.85379E-07
    9860.942    -70.139  -4.050  6.79874E-04 -1.56983E-04  6.88388E-06
    9862.476    -68.605  -4.000  5.72543E-04 -1.58834E-04  1.53369E-05
    9863.990    -67.091  -3.950  5.02887E-04 -1.60570E-04  9.41972E-05
    9865.486    -65.595  -3.900  4.98002E-04 -1.62108E-04  3.07088E-04
    9866.962    -64.119  -3.850  4.93117E-04 -1.63647E-04  5.02992E-04
    9868.419    -62.662  -3.800  4.88233E-04 -1.65185E-04  6.32130E-04
    9869.858    -61.223  -3.750  4.83348E-04 -1.66724E-04  6.53146E-04
    9871.277    -59.804  -3.700  4.78463E-04 -1.68263E-04  5.44221E-04
    9872.677    -58.404  -3.650  4.73579E-04 -1.69801E-04  3.10670E-04
    9874.058    -57.023  -3.600  4.68694E-04 -1.71340E-04 -1.30364E-05
    9875.420    -55.661  -3.550  4.63809E-04 -1.72879E-04 -3.67772E-04
    9876.763    -54.318  -3.500  4.58924E-04 -1.74417E-04 -6.80291E-04
    9878.087    -52.994  -3.450  4.54040E-04 -1.75956E-04 -8.77929E-04
    9879.392    -51.689  -3.400  4.49155E-04 -1.77495E-04 -9.04532E-04
    9880.678    -50.403  -3.350  4.44270E-04 -1.79033E-04 -7.34203E-04
    9881.945    -49.136  -3.300  4.39386E-04 -1.80572E-04 -3.79692E-04
    9883.193    -47.888  -3.250  4.34501E-04 -1.82111E-04  1.06801E-04
    9884.421    -46.660  -3.200  4.38683E-04 -1.83307E-04  1.59264E-03
    9885.631    -45.450  -3.150  4.45083E-04 -1.84420E-04  4.25187E-03
    9886.822    -44.259  -3.100  4.51482E-04 -1.85534E-04  7.34449E-03
    9887.993    -43.088  -3.050  4.57882E-04 -1.86647E-04  1.00949E-02
    9889.146    -41.935  -3.000  4.64281E-04 -1.87760E-04  1.17728E-02
    9890.279    -40.802  -2.950  4.70681E-04 -1.88873E-04  1.18334E-02
    9891.394    -39.687  -2.900  4.77080E-04 -1.89986E-04  9.98439E-03
    9892.489    -38.592  -2.850  4.83480E-04 -1.91099E-04  6.19058E-03
    9893.565    -37.516  -2.800  4.89880E-04 -1.92212E-04  6.52833E-04
    9894.623    -36.459  -2.750  4.96279E-04 -1.93325E-04 -6.20007E-03
    9895.661    -35.420  -2.700  5.02679E-04 -1.94439E-04 -1.36963E-02
    9896.680    -34.401  -2.650  5.09078E-04 -1.95552E-04 -2.09091E-02
    9897.680    -33.401  -2.600  5.15478E-04 -1.96665E-04 -2.66985E-02
    9898.661    -32.420  -2.550  5.21878E-04 -1.97778E-04 -2.98500E-02
    9899.623    -31.458  -2.500  5.28277E-04 -1.98891E-04 -2.93148E-02
    9900.566    -30.515  -2.450  5.34677E-04 -2.00004E-04 -2.44982E-02
    9901.490    -29.591  -2.400  5.41076E-04 -2.01117E-04 -1.55038E-02
    9902.395    -28.686  -2.350  5.47476E-04 -2.02230E-04 -3.23179E-03
    9903.281    -27.800  -2.300  5.53875E-04 -2.03344E-04  1.07261E-02
    9904.148    -26.934  -2.250  5.33880E-04 -2.04007E-04  1.37149E+01
    9904.995    -26.086  -2.200  5.08207E-04 -2.04573E-04  2.57309E+01
    9905.824    -25.257  -2.150  4.82534E-04 -2.05140E-04  1.91690E+01
    9906.634    -24.448  -2.100  4.56861E-04 -2.05706E-04 -7.67515E+00
    9907.424    -23.657  -2.050  4.31188E-04 -2.06273E-04 -4.15626E+01
    9908.196    -22.885  -2.000  4.05516E-04 -2.06839E-04 -6.23616E+01
    9908.948    -22.133  -1.950  3.79843E-04 -2.07406E-04 -5.60802E+01
    9909.682    -21.400  -1.900  3.54170E-04 -2.07972E-04 -2.43833E+01
    9910.396    -20.685  -1.850  3.28497E-04 -2.08539E-04  1.57432E+01
    9911.091    -19.990  -1.800  3.02824E-04 -2.09105E-04  4.21901E+01
    9911.767    -19.314  -1.750  2.77152E-04 -2.09672E-04  4.13604E+01
    9912.425    -18.656  -1.700  2.51479E-04 -2.10239E-04  1.64806E+01
    9913.063    -18.018  -1.650  2.25806E-04 -2.10805E-04 -1.48352E+01
    9913.682    -17.399  -1.600  1.83476E-04 -2.11228E-04 -5.28661E+01
    9914.282    -16.799  -1.550  1.13654E-04 -2.11389E-04 -1.13798E+02
    9914.863    -16.218  -1.500  4.27319E-05 -2.11473E-04  2.87367E+02
    9915.425    -15.656  -1.450 -2.38387E-05 -2.11475E-04  1.84027E+01
    9915.968    -15.113  -1.400 -7.68859E-05 -2.11383E-04 -3.21939E+01
    9916.492    -14.589  -1.350 -1.02192E-04 -2.11190E-04 -3.54156E+01
    9916.997    -14.084  -1.300 -8.49542E-05 -2.10882E-04 -3.82805E+01
    9917.482    -13.599  -1.250 -2.32915E-05 -2.10446E-04 -3.66887E+01
    9917.949    -13.132  -1.200  7.39423E-05 -2.09865E-04 -3.30582E+01
    9918.397    -12.684  -1.150  1.97710E-04 -2.09118E-04 -3.15417E+01
    9918.825    -12.256  -1.100  3.39613E-04 -2.08181E-04 -3.16967E+01
    9919.235    -11.846  -1.050  4.92417E-04 -2.07026E-04 -2.36321E+01
    9919.626    -11.455  -1.000  6.49339E-04 -2.05616E-04  3.99233E+00
    9919.997    -11.084  -0.950  8.04588E-04 -2.03907E-04  3.96350E+01
    9920.349    -10.732  -0.900  9.53626E-04 -2.01854E-04  5.59868E+01
    9920.683    -10.398  -0.850  1.09317E-03 -1.99387E-04  4.34944E+01
    9920.997    -10.084  -0.800  1.22133E-03 -1.96440E-04  1.59207E+01
    9921.292     -9.789  -0.750  1.33724E-03 -1.92924E-04 -1.03055E+01
    9921.569     -9.512  -0.700  1.44084E-03 -1.88745E-04 -2.70332E+01
    9921.826     -9.255  -0.650  1.53274E-03 -1.83809E-04 -3.35788E+01
    9922.064     -9.017  -0.600  1.61363E-03 -1.77994E-04 -3.26514E+01
    9922.283     -8.798  -0.550  1.68475E-03 -1.71254E-04 -2.75158E+01
    9922.483     -8.598  -0.500  1.74733E-03 -1.63587E-04 -2.07217E+01
    9922.664     -8.417  -0.450  1.80219E-03 -1.55099E-04 -1.38923E+01
    9922.826     -8.255  -0.400  1.85018E-03 -1.46032E-04 -7.86303E+00
    9922.969     -8.112  -0.350  1.89143E-03 -1.36782E-04 -3.00620E+00
    9923.093     -7.988  -0.300  1.92666E-03 -1.27849E-04  7.34494E-01
    9923.197     -7.884  -0.250  1.95588E-03 -1.19724E-04  3.48162E+00
    9923.283     -7.798  -0.200  1.97906E-03 -1.12871E-04  5.39926E+00
    9923.350     -7.731  -0.150  2.01335E-03 -9.07135E-05  6.67907E+00
    9923.397     -7.684  -0.100  2.09157E-03 -1.80680E-05  7.23652E+00
    9923.426     -7.655  -0.050  2.16980E-03  5.45775E-05  7.75983E+00
    9923.436     -7.646   0.000  2.24774E-03  1.26942E-04  8.24725E+00
    9923.445     -7.636   0.050  2.36698E-03  1.30275E-04  8.67707E+00
    9923.474     -7.607   0.100  2.47839E-03  1.33608E-04  9.07454E+00
    9923.521     -7.560   0.150  2.58192E-03  1.36941E-04  9.43966E+00
    9923.588     -7.493   0.200  2.77011E-03  1.43203E-04  1.00939E+01
    9923.674     -7.407   0.250  2.96581E-03  1.51010E-04  1.07510E+01
    9923.778     -7.303   0.300  3.13155E-03  1.60059E-04  1.12694E+01
    9923.902     -7.179   0.350  3.22660E-03  1.69980E-04  1.15014E+01
    9924.045     -7.036   0.400  3.21496E-03  1.80323E-04  1.13233E+01
    9924.207     -6.874   0.450  3.07058E-03  1.90618E-04  1.06527E+01
    9924.388     -6.693   0.500  2.78455E-03  2.00463E-04  9.47508E+00
    9924.588     -6.493   0.550  2.36821E-03  2.09603E-04  7.84765E+00
    9924.807     -6.274   0.600  1.85359E-03  2.17897E-04  5.89846E+00
    9925.045     -6.036   0.650  1.28930E-03  2.25303E-04  3.80833E+00
    9925.302     -5.779   0.700  7.30820E-04  2.31817E-04  1.77421E+00
    9925.579     -5.502   0.750  2.32021E-04  2.37510E-04 -1.94056E-02
    9925.874     -5.207   0.800 -1.65800E-04  2.42424E-04 -1.43676E+00
    9926.188     -4.893   0.850 -4.39154E-04  2.46612E-04 -2.40563E+00
    9926.522     -4.559   0.900 -5.84326E-04  2.50123E-04 -2.92131E+00
    9926.874     -4.207   0.950 -6.14800E-04  2.52989E-04 -3.03593E+00
    9927.246     -3.836   1.000 -5.54369E-04  2.55265E-04 -2.83427E+00
    9927.636     -3.445   1.050 -4.31617E-04  2.56979E-04 -2.41529E+00
    9928.046     -3.035   1.100 -2.76861E-04  2.58166E-04 -1.88275E+00
    9928.474     -2.607   1.150 -1.13877E-04  2.58871E-04 -1.31754E+00
    9928.922     -2.159   1.200  3.97937E-05  2.59132E-04 -7.79645E-01
    9929.389     -1.692   1.250  1.73246E-04  2.58988E-04 -3.06808E-01
    9929.874     -1.207   1.300  2.80802E-04  2.58479E-04  8.04871E-02
    9930.379     -0.702   1.350  3.60903E-04  2.57647E-04  3.75471E-01
    9930.903     -0.178   1.400  4.14610E-04  2.56529E-04  5.80159E-01
    9931.446      0.365   1.450  4.44556E-04  2.55164E-04  7.02006E-01
    9932.008      0.927   1.500  4.54254E-04  2.53588E-04  7.51621E-01
    9932.589      1.508   1.550  4.47490E-04  2.51841E-04  7.40895E-01
    9933.189      2.108   1.600  4.28245E-04  2.49949E-04  6.82870E-01
    9933.808      2.727   1.650  4.00530E-04  2.47947E-04  5.91216E-01
    9934.446      3.365   1.700  3.68185E-04  2.45864E-04  4.79589E-01
    9935.104      4.023   1.750  3.34907E-04  2.43719E-04  3.61821E-01
    9935.780      4.699   1.800  3.04043E-04  2.41538E-04  2.51005E-01
    9936.475      5.394   1.850  2.78218E-04  2.39343E-04  1.57997E-01
    9937.190      6.109   1.900  2.59217E-04  2.37143E-04  9.07868E-02
    9937.923      6.842   1.950  2.47764E-04  2.34960E-04  5.32849E-02
    9938.676      7.594   2.000  2.43406E-04  2.32807E-04  4.46265E-02
    9939.447      8.366   2.050  2.44709E-04  2.30684E-04  5.97244E-02
    9940.238      9.157   2.100  2.49496E-04  2.28590E-04  9.00170E-02
    9941.047      9.966   2.150  2.55179E-04  2.26477E-04  1.24968E-01
    9941.876     10.795   2.200  2.59341E-04  2.24315E-04  1.54324E-01
    9942.724     11.643   2.250  2.60211E-04  2.22136E-04  1.69821E-01
    9943.590     12.509   2.300  2.57281E-04  2.20256E-04  1.67158E-01
    9944.476     13.395   2.350  2.51380E-04  2.19262E-04  1.46574E-01
    9945.381     14.300   2.400  2.43204E-04  2.19046E-04  1.11028E-01
    9946.305     15.224   2.450  2.33974E-04  2.19436E-04  6.70361E-02
    9947.248     16.167   2.500  2.25431E-04  2.20295E-04  2.36975E-02
    9948.210     17.129   2.550  2.20000E-04  2.21658E-04 -7.64676E-03
    9949.191     18.110   2.600  2.16912E-04  2.22402E-04 -2.52927E-02
    9950.191     19.110   2.650  2.14414E-04  2.22608E-04 -3.77520E-02
    9951.210     20.129   2.700  2.12065E-04  2.22498E-04 -4.81184E-02
    9952.249     21.167   2.750  2.09695E-04  2.22222E-04 -5.78710E-02
    9953.306     22.225   2.800  2.07220E-04  2.21871E-04 -6.77964E-02
    9954.382     23.301   2.850  2.04573E-04  2.21471E-04 -7.83303E-02
    9955.478     24.396   2.900  2.01777E-04  2.21062E-04 -8.95269E-02
    9956.592     25.511   2.950  1.98928E-04  2.20684E-04 -1.01102E-01
    9957.725     26.644   3.000  1.96174E-04  2.20367E-04 -1.12480E-01
    9958.878     27.797   3.050  1.93685E-04  2.20117E-04 -1.22863E-01
    9960.050     28.968   3.100  1.91667E-04  2.19907E-04 -1.31201E-01
    9961.240     30.159   3.150  1.90395E-04  2.19736E-04 -1.36196E-01
    9962.450     31.369   3.200  1.90155E-04  2.19607E-04 -1.36558E-01
    9963.679     32.597   3.250  1.91183E-04  2.19528E-04 -1.31248E-01
    9964.926     33.845   3.300  1.93579E-04  2.19478E-04 -1.19725E-01
    9966.193     35.112   3.350  1.97309E-04  2.19478E-04 -1.02303E-01
    9967.479     36.398   3.400  2.02133E-04  2.19517E-04 -8.00598E-02
    9968.784     37.703   3.450  2.07678E-04  2.19593E-04 -5.47545E-02
    9970.108     39.027   3.500  2.13487E-04  2.19711E-04 -2.85407E-02
    9971.451     40.370   3.550  2.19077E-04  2.19859E-04 -3.57933E-03
    9972.813     41.732   3.600  2.24054E-04  2.20048E-04  1.82785E-02
    9974.194     43.113   3.650  2.28123E-04  2.20263E-04  3.57721E-02
    9975.594     44.513   3.700  2.31165E-04  2.20512E-04  4.83516E-02
    9977.013     45.932   3.750  2.33187E-04  2.20778E-04  5.61681E-02
    9978.452     47.371   3.800  2.34346E-04  2.21071E-04  5.99283E-02
    9979.909     48.828   3.850  2.34870E-04  2.21387E-04  6.06997E-02
    9981.385     50.304   3.900  2.35001E-04  2.21717E-04  5.96427E-02
    9982.881     51.800   3.950  2.34966E-04  2.22057E-04  5.78074E-02
    9984.395     53.314   4.000  2.34937E-04  2.22406E-04  5.59638E-02
    9985.929     54.848   4.050  2.34999E-04  2.22762E-04  5.45143E-02
    9987.481     56.400   4.100  2.35161E-04  2.23119E-04  5.35132E-02
    9989.053     57.972   4.150  2.35361E-04  2.23471E-04  5.27177E-02
    9990.644     59.563   4.200  2.35510E-04  2.23818E-04  5.17273E-02
    9992.253     61.172   4.250  2.35505E-04  2.24159E-04  5.00846E-02
    9993.882     62.801   4.300  2.35234E-04  2.24482E-04  4.73710E-02
    9995.530     64.449   4.350  2.34643E-04  2.24794E-04  4.33128E-02
    9997.197     66.116   4.400  2.33694E-04  2.25087E-04  3.77893E-02
    9998.883     67.802   4.450  2.32391E-04  2.25353E-04  3.08552E-02
   10000.588     69.507   4.500  2.30783E-04  2.25602E-04  2.26865E-02
   10002.312     71.231   4.550  2.28924E-04  2.25824E-04  1.35595E-02
   10004.055     72.974   4.600  2.26891E-04  2.26016E-04  3.82109E-03
   10005.817     74.736   4.650  2.24760E-04  2.26174E-04 -6.17197E-03
   10007.598     76.517   4.700  2.22634E-04  2.26310E-04 -1.60406E-02
   10009.398     78.317   4.750  2.20584E-04  2.26410E-04 -2.54111E-02
   10011.218     80.137   4.800  2.18698E-04  2.26475E-04 -3.39120E-02
   10013.056     81.975   4.850  2.17069E-04  2.26512E-04 -4.11724E-02
   10014.913     83.832   4.900  2.15771E-04  2.26515E-04 -4.68499E-02
   10016.790     85.709   4.950  2.14880E-04  2.26493E-04 -5.06462E-02
   10018.685     87.604   5.000  2.14443E-04  2.26439E-04 -5.23394E-02
   10020.600     89.519   5.050  2.14475E-04  2.26346E-04 -5.18192E-02
   10022.533     91.452   5.100  2.14987E-04  2.26233E-04 -4.91227E-02
   10024.486     93.405   5.150  2.15927E-04  2.26092E-04 -4.44346E-02
   10026.458     95.376   5.200  2.17222E-04  2.25929E-04 -3.80969E-02
   10028.448     97.367   5.250  2.18760E-04  2.25740E-04 -3.05697E-02
   10030.458     99.377   5.300  2.20425E-04  2.25531E-04 -2.23837E-02
   10032.487    101.406   5.350  2.22099E-04  2.25310E-04 -1.40908E-02
   10034.535    103.454   5.400  2.23660E-04  2.25069E-04 -6.18787E-03
   10036.602    105.521   5.450  2.25024E-04  2.24812E-04  9.28672E-04
   10038.688    107.607   5.500  2.26140E-04  2.24552E-04  6.99455E-03
   10040.793    109.712   5.550  2.26978E-04  2.24281E-04  1.18917E-02
   10042.917    111.836   5.600  2.27551E-04  2.24009E-04  1.56330E-02
   10045.060    113.979   5.650  2.27879E-04  2.23730E-04  1.83341E-02
   10047.222    116.141   5.700  2.28010E-04  2.23450E-04  2.01745E-02
   10049.403    118.322   5.750  2.28001E-04  2.23179E-04  2.13546E-02
   10051.603    120.522   5.800  2.27884E-04  2.22909E-04  2.20619E-02
   10053.823    122.742   5.850  2.27697E-04  2.22642E-04  2.24386E-02
   10056.061    124.980   5.900  2.27471E-04  2.22390E-04  2.25763E-02
   10058.319    127.237   5.950  2.27207E-04  2.22146E-04  2.25058E-02
   10060.595    129.514   6.000  2.26897E-04  2.21910E-04  2.21984E-02
   10062.891    131.809   6.050  2.26536E-04  2.21690E-04  2.15852E-02
   10065.205    134.124   6.100  2.26095E-04  2.21482E-04  2.05651E-02
   10067.539    136.458   6.150  2.25559E-04  2.21293E-04  1.90316E-02
   10069.891    138.810   6.200  2.24903E-04  2.21119E-04  1.68904E-02
   10072.263    141.182   6.250  2.24113E-04  2.20959E-04  1.40861E-02
   10074.654    143.573   6.300  2.23190E-04  2.20812E-04  1.06236E-02
   10077.064    145.983   6.350  2.22159E-04  2.20687E-04  6.58025E-03
   10079.493    148.411   6.400  2.21044E-04  2.20571E-04  2.11300E-03
   10081.940    150.859   6.450  2.19907E-04  2.20478E-04 -2.55363E-03
   10084.407    153.326   6.500  2.18800E-04  2.20397E-04 -7.14491E-03
   10086.893    155.812   6.550  2.17787E-04  2.20328E-04 -1.13656E-02
   10089.398    158.317   6.600  2.16935E-04  2.20274E-04 -1.49408E-02
   10091.923    160.842   6.650  2.16287E-04  2.20231E-04 -1.76468E-02
   10094.466    163.385   6.700  2.15874E-04  2.20194E-04 -1.93355E-02
   10097.028    165.947   6.750  2.15713E-04  2.20171E-04 -1.99534E-02
   10099.609    168.528   6.800  2.15792E-04  2.20157E-04 -1.95325E-02
   10102.210    171.128   6.850  2.16082E-04  2.20145E-04 -1.81831E-02
   10104.829    173.748   6.900  2.16550E-04  2.20139E-04 -1.60664E-02
   10107.467    176.386   6.950  2.17143E-04  2.20131E-04 -1.33741E-02
   10110.125    179.044   7.000  2.17826E-04  2.20127E-04 -1.03011E-02
   10112.801    181.720   7.050  2.18553E-04  2.20123E-04 -7.03260E-03
   10115.497    184.416   7.100  2.19283E-04  2.20117E-04 -3.73296E-03
   10118.211    187.130   7.150  2.19982E-04  2.20104E-04 -5.45515E-04
   10120.945    189.864   7.200  2.20624E-04  2.20087E-04  2.40615E-03
   10123.698    192.617   7.250  2.21181E-04  2.20062E-04  5.01583E-03
   10126.470    195.389   7.300  2.21631E-04  2.20027E-04  7.19383E-03
   10129.260    198.179   7.350  2.21959E-04  2.19982E-04  8.86928E-03
   10132.070    200.989   7.400  2.22147E-04  2.19920E-04  9.99681E-03
   10134.899    203.818   7.450  2.22202E-04  2.19850E-04  1.05625E-02
   10137.747    206.666   7.500  2.22121E-04  2.19765E-04  1.05864E-02
   10140.614    209.533   7.550  2.21915E-04  2.19663E-04  1.01286E-02
   10143.500    212.419   7.600  2.21607E-04  2.19547E-04  9.27285E-03
   10146.405    215.324   7.650  2.21221E-04  2.19418E-04  8.12500E-03
   10149.330    218.248   7.700  2.20778E-04  2.19272E-04  6.79257E-03
   10152.273    221.192   7.750  2.20298E-04  2.19108E-04  5.37174E-03
   10155.235    224.154   7.800  2.19802E-04  2.18931E-04  3.93695E-03
   10158.216    227.135   7.850  2.19300E-04  2.18740E-04  2.53514E-03
   10161.217    230.136   7.900  2.18790E-04  2.18527E-04  1.18832E-03
   10164.236    233.155   7.950  2.18286E-04  2.18308E-04 -1.01605E-04
   10167.275    236.193   8.000  2.17779E-04  2.18074E-04 -1.33837E-03
   10170.332    239.251   8.050  2.17273E-04  2.17826E-04 -2.52115E-03
   10173.409    242.328   8.100  2.16771E-04  2.17568E-04 -3.63520E-03
   10176.504    245.423   8.150  2.16277E-04  2.17295E-04 -4.64687E-03
   10179.619    248.538   8.200  2.15815E-04  2.17018E-04 -5.50570E-03
   10182.753    251.672   8.250  2.15391E-04  2.16733E-04 -6.15182E-03
   10185.905    254.824   8.300  2.15022E-04  2.16444E-04 -6.52616E-03
   10189.077    257.996   8.350  2.14717E-04  2.16149E-04 -6.58225E-03
   10192.268    261.187   8.400  2.14483E-04  2.15850E-04 -6.29699E-03
   10195.478    264.397   8.450  2.14317E-04  2.15547E-04 -5.67661E-03
   10198.707    267.626   8.500  2.14218E-04  2.15248E-04 -4.75838E-03
   10201.955    270.874   8.550  2.14166E-04  2.14946E-04 -3.60675E-03
   10205.222    274.141   8.600  2.14152E-04  2.14649E-04 -2.30581E-03
   10208.508    277.427   8.650  2.14151E-04  2.14356E-04 -9.51064E-04
   10211.813    280.732   8.700  2.14147E-04  2.14068E-04  3.65685E-04
   10215.137    284.056   8.750  2.14119E-04  2.13783E-04  1.56208E-03
   10218.481    287.400   8.800  2.14059E-04  2.13507E-04  2.57567E-03
   10221.843    290.762   8.850  2.13961E-04  2.13241E-04  3.36344E-03
   10225.224    294.143   8.900  2.13819E-04  2.12984E-04  3.90391E-03
   10228.625    297.544   8.950  2.13627E-04  2.12732E-04  4.19476E-03
   10232.044    300.963   9.000  2.13399E-04  2.12493E-04  4.24872E-03
   10235.483    304.402   9.050  2.13131E-04  2.12260E-04  4.08898E-03
   10238.940    307.859   9.100  2.12839E-04  2.12042E-04  3.74607E-03
   10242.417    311.336   9.150  2.12520E-04  2.11829E-04  3.25514E-03
   10245.913    314.832   9.200  2.12194E-04  2.11630E-04  2.65492E-03
   10249.427    318.346   9.250  2.11858E-04  2.11437E-04  1.98687E-03
   10252.961    321.880   9.300  2.11533E-04  2.11258E-04  1.29474E-03
   10256.514    325.433   9.350  2.11216E-04  2.11085E-04  6.22377E-04
   10260.086    329.005   9.400  2.10928E-04  2.10925E-04  1.08455E-05
   10263.677    332.596   9.450  2.10662E-04  2.10769E-04 -5.06399E-04
   10267.287    336.206   9.500  2.10431E-04  2.10622E-04 -9.07752E-04
   10270.916    339.835   9.550  2.10227E-04  2.10477E-04 -1.18768E-03
   10274.564    343.483   9.600  2.10060E-04  2.10346E-04 -1.35786E-03
   10278.231    347.150   9.650  2.09908E-04  2.10213E-04 -1.44543E-03
   10281.917    350.836   9.700  2.09772E-04  2.10085E-04 -1.48765E-03
   10285.622    354.541   9.750  2.09642E-04  2.09963E-04 -1.52360E-03
   10289.346    358.265   9.800  2.09504E-04  2.09837E-04 -1.58484E-03
   10293.090    362.009   9.850  2.09357E-04  2.09711E-04 -1.68721E-03
   10296.852    365.771   9.900  2.09205E-04  2.09588E-04 -1.82581E-03
   10300.634    369.552   9.950  2.09046E-04  2.09460E-04 -1.97464E-03
   10304.434    373.353  10.000  2.08893E-04  2.09331E-04 -2.09123E-03
   10308.253    377.172  10.050  2.08749E-04  2.09194E-04 -2.12581E-03
   10312.092    381.011  10.100  2.08628E-04  2.09053E-04 -2.03245E-03
   10315.950    384.869  10.150  2.08532E-04  2.08905E-04 -1.78004E-03
   10319.826    388.745  10.200  2.08464E-04  2.08748E-04 -1.36044E-03
   10323.722    392.641  10.250  2.08423E-04  2.08588E-04 -7.91943E-04
   10327.637    396.556  10.300  2.08394E-04  2.08419E-04 -1.17079E-04
   10331.571    400.490  10.350  2.08367E-04  2.08241E-04  6.04195E-04
   10335.523    404.442  10.400  2.08330E-04  2.08059E-04  1.30441E-03
   10339.495    408.414  10.450  2.08261E-04  2.07862E-04  1.91972E-03
   10343.486    412.405  10.500  2.08161E-04  2.07663E-04  2.39919E-03
   10347.496    416.415  10.550  2.08015E-04  2.07453E-04  2.71101E-03
   10351.525    420.444  10.600  2.07824E-04  2.07235E-04  2.84442E-03
   10355.573    424.492  10.650  2.07594E-04  2.07013E-04  2.80771E-03
   10359.641    428.560  10.700  2.07327E-04  2.06784E-04  2.62341E-03
   10363.727    432.646  10.750  2.07025E-04  2.06546E-04  2.32183E-03
   10367.832    436.751  10.800  2.06698E-04  2.06299E-04  1.93491E-03
   10371.956    440.875  10.850  2.06358E-04  2.06050E-04  1.49210E-03
   10376.100    445.019  10.900  2.06008E-04  2.05799E-04  1.01780E-03
   10380.262    449.181  10.950  2.05650E-04  2.05540E-04  5.31032E-04
   10384.444    453.363  11.000  2.05291E-04  2.05281E-04  4.70339E-05
   10388.644    457.563  11.050  2.04933E-04  2.05020E-04 -4.21030E-04
   10392.864    461.783  11.100  2.04578E-04  2.04754E-04 -8.60259E-04
   10397.102    466.021  11.150  2.04235E-04  2.04492E-04 -1.25711E-03
   10401.360    470.279  11.200  2.03899E-04  2.04225E-04 -1.59778E-03
   10405.637    474.556  11.250  2.03577E-04  2.03958E-04 -1.86900E-03
   10409.932    478.851  11.300  2.03278E-04  2.03697E-04 -2.05989E-03
   10414.247    483.166  11.350  2.02991E-04  2.03431E-04 -2.16325E-03
   10418.581    487.500  11.400  2.02729E-04  2.03172E-04 -2.17633E-03
   10422.934    491.853  11.450  2.02494E-04  2.02920E-04 -2.10113E-03
   10427.306    496.225  11.500  2.02272E-04  2.02666E-04 -1.94361E-03
   10431.697    500.616  11.550  2.02070E-04  2.02417E-04 -1.71253E-03
   10436.107    505.026  11.600  2.01888E-04  2.02175E-04 -1.41846E-03
   10440.536    509.455  11.650  2.01715E-04  2.01932E-04 -1.07273E-03
   10444.984    513.903  11.700  2.01561E-04  2.01700E-04 -6.87447E-04
   10449.452    518.370  11.750  2.01415E-04  2.01471E-04 -2.75504E-04
   10453.938    522.857  11.800  2.01275E-04  2.01245E-04  1.48676E-04
   10458.443    527.362  11.850  2.01141E-04  2.01026E-04  5.68522E-04
   10462.967    531.886  11.900  2.01004E-04  2.00810E-04  9.65085E-04
   10467.511    536.430  11.950  2.00866E-04  2.00601E-04  1.31796E-03
   10472.073    540.992  12.000  2.00716E-04  2.00393E-04  1.60657E-03
   10476.655    545.574  12.050  2.00557E-04  2.00193E-04  1.81239E-03
   10481.255    550.174  12.100  2.00380E-04  1.99995E-04  1.92150E-03
   10485.875    554.794  12.150  2.00191E-04  1.99805E-04  1.92691E-03
   10490.514    559.433  12.200  1.99976E-04  1.99610E-04  1.82992E-03
   10495.171    564.090  12.250  1.99749E-04  1.99421E-04  1.64034E-03
   10499.848    568.767  12.300  1.99508E-04  1.99233E-04  1.37548E-03
   10504.544    573.463  12.350  1.99261E-04  1.99050E-04  1.05778E-03
   10509.259    578.178  12.400  1.99003E-04  1.98861E-04  7.11984E-04
   10513.993    582.912  12.450  1.98745E-04  1.98673E-04  3.61736E-04
   10518.746    587.665  12.500  1.98492E-04  1.98486E-04  2.72569E-05
   10523.518    592.437  12.550  1.98241E-04  1.98296E-04 -2.76415E-04
   10528.309    597.228  12.600  1.97998E-04  1.98106E-04 -5.40017E-04
   10533.119    602.038  12.650  1.97757E-04  1.97908E-04 -7.59154E-04
   10537.948    606.867  12.700  1.97524E-04  1.97709E-04 -9.33128E-04
   10542.796    611.715  12.750  1.97297E-04  1.97508E-04 -1.06315E-03
   10547.663    616.582  12.800  1.97071E-04  1.97299E-04 -1.15077E-03
   10552.550    621.469  12.850  1.96853E-04  1.97089E-04 -1.19710E-03
   10557.455    626.374  12.900  1.96634E-04  1.96871E-04 -1.20247E-03
   10562.379    631.298  12.950  1.96420E-04  1.96650E-04 -1.16684E-03
   10567.323    636.242  13.000  1.96206E-04  1.96421E-04 -1.09066E-03
   10572.285    641.204  13.050  1.95991E-04  1.96183E-04 -9.75675E-04
   10577.267    646.186  13.100  1.95782E-04  1.95944E-04 -8.25692E-04
   10582.268    651.186  13.150  1.95575E-04  1.95702E-04 -6.46632E-04
   10587.287    656.206  13.200  1.95365E-04  1.95452E-04 -4.46432E-04
   10592.326    661.245  13.250  1.95149E-04  1.95195E-04 -2.34211E-04
   10597.384    666.303  13.300  1.94931E-04  1.94935E-04 -1.96397E-05
   10602.460    671.379  13.350  1.94704E-04  1.94667E-04  1.87967E-04
   10607.556    676.475  13.400  1.94472E-04  1.94398E-04  3.80104E-04
   10612.671    681.590  13.450  1.94233E-04  1.94126E-04  5.49428E-04
   10617.805    686.724  13.500  1.93982E-04  1.93847E-04  6.89902E-04
   10622.958    691.877  13.550  1.93723E-04  1.93568E-04  7.96749E-04
   10628.130    697.049  13.600  1.93454E-04  1.93286E-04  8.66408E-04
   10633.321    702.240  13.650  1.93173E-04  1.93000E-04  8.96707E-04
   10638.531    707.450  13.700  1.92883E-04  1.92712E-04  8.87045E-04
   10643.761    712.680  13.750  1.92591E-04  1.92429E-04  8.38711E-04
   10649.009    717.928  13.800  1.92288E-04  1.92142E-04  7.55063E-04
   10654.276    723.195  13.850  1.91978E-04  1.91854E-04  6.41687E-04
   10659.563    728.482  13.900  1.91669E-04  1.91571E-04  5.06071E-04
   10664.868    733.787  13.950  1.91354E-04  1.91285E-04  3.57102E-04
   10670.192    739.111  14.000  1.91045E-04  1.91006E-04  2.04236E-04
   10675.536    744.455  14.050  1.90738E-04  1.90727E-04  5.66487E-05
   10680.899    749.817  14.100  1.90435E-04  1.90450E-04 -7.78504E-05
   10686.280    755.199  14.150  1.90141E-04  1.90178E-04 -1.93583E-04
   10691.681    760.600  14.200  1.89854E-04  1.89908E-04 -2.87272E-04
   10697.100    766.019  14.250  1.89573E-04  1.89641E-04 -3.58484E-04
   10702.539    771.458  14.300  1.89296E-04  1.89374E-04 -4.09077E-04
   10707.997    776.916  14.350  1.89032E-04  1.89116E-04 -4.42601E-04
   10713.474    782.393  14.400  1.88776E-04  1.88864E-04 -4.63376E-04
   10718.970    787.889  14.450  1.88524E-04  1.88614E-04 -4.75750E-04
   10724.485    793.404  14.500  1.88273E-04  1.88365E-04 -4.82986E-04
   10730.019    798.938  14.550  1.88027E-04  1.88119E-04 -4.86466E-04
   10735.572    804.491  14.600  1.87787E-04  1.87879E-04 -4.85564E-04
   10741.144    810.063  14.650  1.87550E-04  1.87640E-04 -4.77602E-04
   10746.735    815.654  14.700  1.87315E-04  1.87401E-04 -4.58118E-04
   10752.345    821.264  14.750  1.87091E-04  1.87170E-04 -4.21890E-04
   10757.974    826.893  14.800  1.86867E-04  1.86935E-04 -3.64046E-04
   10763.623    832.542  14.850  1.86653E-04  1.86705E-04 -2.81213E-04
   10769.290    838.209  14.900  1.86444E-04  1.86476E-04 -1.72758E-04
   10774.977    843.895  14.950  1.86239E-04  1.86247E-04 -4.13619E-05
   10780.682    849.601  15.000  1.86037E-04  1.86018E-04  1.06304E-04
   10786.407    855.325  15.050  1.85837E-04  1.85788E-04  2.60172E-04
   10792.150    861.069  15.100  1.85635E-04  1.85559E-04  4.07781E-04
   10797.913    866.832  15.150  1.85429E-04  1.85329E-04  5.35721E-04
   10803.694    872.613  15.200  1.85215E-04  1.85097E-04  6.31306E-04
   10809.495    878.414  15.250  1.84986E-04  1.84859E-04  6.84600E-04
   10815.315    884.234  15.300  1.84755E-04  1.84627E-04  6.89869E-04
   10821.154    890.072  15.350  1.84500E-04  1.84381E-04  6.46324E-04
   10827.011    895.930  15.400  1.84243E-04  1.84140E-04  5.58579E-04
   10832.888    901.807  15.450  1.83972E-04  1.83891E-04  4.35746E-04
   10838.784    907.703  15.500  1.83694E-04  1.83640E-04  2.90158E-04
   10844.699    913.618  15.550  1.83414E-04  1.83389E-04  1.35712E-04
   10850.633    919.552  15.600  1.83128E-04  1.83131E-04 -1.40269E-05
   10856.586    925.505  15.650  1.82841E-04  1.82868E-04 -1.47557E-04
   10862.559    931.477  15.700  1.82553E-04  1.82600E-04 -2.56547E-04
   10868.550    937.469  15.750  1.82268E-04  1.82330E-04 -3.36420E-04
   10874.560    943.479  15.800  1.81984E-04  1.82054E-04 -3.86188E-04
   10880.589    949.508  15.850  1.81707E-04  1.81781E-04 -4.08000E-04
   10886.638    955.557  15.900  1.81426E-04  1.81500E-04 -4.06044E-04
   10892.705    961.624  15.950  1.81143E-04  1.81213E-04 -3.85643E-04
   10898.792    967.710  16.000  1.80861E-04  1.80925E-04 -3.52108E-04
   10904.897    973.816  16.050  1.80585E-04  1.80641E-04 -3.10220E-04
   10911.022    979.940  16.100  1.80298E-04  1.80346E-04 -2.63742E-04
   10917.165    986.084  16.150  1.80015E-04  1.80054E-04 -2.15256E-04
   10923.328    992.247  16.200  1.79733E-04  1.79763E-04 -1.66367E-04
   10929.510    998.428  16.250  1.79443E-04  1.79465E-04 -1.17869E-04
   10935.710   1004.629  16.300  1.79155E-04  1.79168E-04 -6.99357E-05
   10941.930   1010.849  16.350  1.78871E-04  1.78875E-04 -2.24847E-05
   10948.169   1017.088  16.400  1.78581E-04  1.78577E-04  2.47483E-05
   10954.427   1023.346  16.450  1.78299E-04  1.78286E-04  7.18413E-05
   10960.704   1029.623  16.500  1.78011E-04  1.77990E-04  1.18674E-04
   10967.000   1035.919  16.550  1.77727E-04  1.77698E-04  1.64638E-04
   10973.315   1042.234  16.600  1.77445E-04  1.77408E-04  2.08382E-04
   10979.649   1048.568  16.650  1.77165E-04  1.77121E-04  2.47866E-04
   10986.002   1054.921  16.700  1.76882E-04  1.76833E-04  2.80230E-04
   10992.374   1061.293  16.750  1.76605E-04  1.76552E-04  3.01991E-04
   10998.765   1067.684  16.800  1.76325E-04  1.76270E-04  3.09496E-04
   11005.176   1074.095  16.850  1.76045E-04  1.75992E-04  2.99599E-04
   11011.605   1080.524  16.900  1.75761E-04  1.75714E-04  2.70149E-04
   11018.054   1086.972  16.950  1.75476E-04  1.75437E-04  2.20783E-04
   11024.521   1093.440  17.000  1.75194E-04  1.75167E-04  1.53343E-04
   11031.007   1099.926  17.050  1.74911E-04  1.74898E-04  7.20377E-05
   11037.513   1106.432  17.100  1.74626E-04  1.74629E-04 -1.66791E-05
   11044.038   1112.957  17.150  1.74350E-04  1.74368E-04 -1.04885E-04
   11050.581   1119.500  17.200  1.74077E-04  1.74109E-04 -1.84125E-04
   11057.144   1126.063  17.250  1.73806E-04  1.73849E-04 -2.46427E-04
   11063.726   1132.645  17.300  1.73540E-04  1.73590E-04 -2.85578E-04
   11070.327   1139.245  17.350  1.73279E-04  1.73331E-04 -2.98069E-04
   11076.946   1145.865  17.400  1.73022E-04  1.73072E-04 -2.83689E-04
   11083.585   1152.504  17.450  1.72772E-04  1.72815E-04 -2.45561E-04
   11090.243   1159.162  17.500  1.72529E-04  1.72562E-04 -1.89757E-04
   11096.920   1165.839  17.550  1.72282E-04  1.72304E-04 -1.24383E-04
   11103.616   1172.535  17.600  1.72042E-04  1.72053E-04 -5.83496E-05
   11110.331   1179.250  17.650  1.71794E-04  1.71794E-04  4.03474E-09
   11117.065   1185.984  17.700  1.71542E-04  1.71535E-04  4.41079E-05
   11123.819   1192.738  17.750  1.71288E-04  1.71276E-04  7.01644E-05
   11130.591   1199.510  17.800  1.71029E-04  1.71016E-04  7.77112E-05
   11137.382   1206.301  17.850  1.70768E-04  1.70756E-04  6.93387E-05
   11144.193   1213.112  17.900  1.70497E-04  1.70488E-04  5.03378E-05
   11151.022   1219.941  17.950  1.70229E-04  1.70225E-04  2.74988E-05
   11157.870   1226.789  18.000  1.69951E-04  1.69949E-04  7.86379E-06
   11164.738   1233.657  18.050  1.69677E-04  1.69677E-04 -2.55749E-06
   11171.624   1240.543  18.100  1.69407E-04  1.69407E-04  1.16130E-07
   11178.530   1247.449  18.150  1.69131E-04  1.69128E-04  1.69516E-05
   11185.455   1254.374  18.200  1.68856E-04  1.68849E-04  4.60242E-05
   11192.398   1261.317  18.250  1.68581E-04  1.68567E-04  8.27511E-05
   11199.361   1268.280  18.300  1.68300E-04  1.68280E-04  1.20821E-04
   11206.343   1275.262  18.350  1.68017E-04  1.67991E-04  1.53258E-04
   11213.344   1282.263  18.400  1.67731E-04  1.67702E-04  1.73768E-04
   11220.364   1289.283  18.450  1.67440E-04  1.67410E-04  1.77732E-04
   11227.403   1296.322  18.500  1.67147E-04  1.67119E-04  1.63217E-04
   11234.461   1303.380  18.550  1.66843E-04  1.66821E-04  1.31001E-04
   11241.538   1310.457  18.600  1.66536E-04  1.66522E-04  8.46817E-05
   11248.634   1317.553  18.650  1.66228E-04  1.66223E-04  2.98835E-05
   11255.749   1324.668  18.700  1.65919E-04  1.65923E-04 -2.68100E-05
   11262.883   1331.802  18.750  1.65611E-04  1.65624E-04 -7.87069E-05
   11270.036   1338.955  18.800  1.65304E-04  1.65324E-04 -1.20261E-04
   11277.209   1346.128  18.850  1.65001E-04  1.65025E-04 -1.47847E-04
   11284.400   1353.319  18.900  1.64699E-04  1.64726E-04 -1.60157E-04
   11291.610   1360.529  18.950  1.64400E-04  1.64426E-04 -1.58206E-04
   11298.840   1367.759  19.000  1.64103E-04  1.64127E-04 -1.44908E-04
   11306.088   1375.007  19.050  1.63808E-04  1.63828E-04 -1.24411E-04
   11313.356   1382.275  19.100  1.63515E-04  1.63532E-04 -1.01155E-04
   11320.642   1389.561  19.150  1.63226E-04  1.63239E-04 -7.90999E-05
   11327.948   1396.867  19.200  1.62933E-04  1.62943E-04 -6.10040E-05
   11335.273   1404.192  19.250  1.62646E-04  1.62654E-04 -4.80532E-05
   11342.617   1411.535  19.300  1.62358E-04  1.62365E-04 -3.98753E-05
   11349.979   1418.898  19.350  1.62070E-04  1.62076E-04 -3.47045E-05
   11357.361   1426.280  19.400  1.61789E-04  1.61793E-04 -3.00458E-05
   11364.762   1433.681  19.450  1.61504E-04  1.61508E-04 -2.31369E-05
   11372.182   1441.101  19.500  1.61226E-04  1.61228E-04 -1.18029E-05
   11379.621   1448.540  19.550  1.60950E-04  1.60950E-04  5.17975E-06
   11387.079   1455.998  19.600  1.60676E-04  1.60671E-04  2.77066E-05
   11394.556   1463.475  19.650  1.60402E-04  1.60394E-04  5.44221E-05
   11402.052   1470.971  19.700  1.60137E-04  1.60124E-04  8.27671E-05
   11409.568   1478.486  19.750  1.59865E-04  1.59848E-04  1.09590E-04
   11417.102   1486.021  19.800  1.59600E-04  1.59579E-04  1.31450E-04
   11424.655   1493.574  19.850  1.59336E-04  1.59312E-04  1.45369E-04
   11432.227   1501.146  19.900  1.59071E-04  1.59047E-04  1.49220E-04
   11439.819   1508.738  19.950  1.58807E-04  1.58785E-04  1.41933E-04
