# Lanczos recursion order:   16
# Temperature:   10.00
# Dynamical matrix file: corvus-zn-1cys-charge-0.dym

--------------------------------------------------------------
 Path Indices:    1   2
 PDOS Poles:
     Freq. (THz)    Weight
        3.247       0.000244005
        7.324       0.454621374
       11.016       0.540220679
       20.265       0.002723164
       23.004       0.000027497
       29.705       0.000804128
       32.177       0.001217966
       35.027       0.000000664
       38.201       0.000135997
       41.604       0.000001196
       43.811       0.000001455
       91.105       0.000000105
       92.062       0.000001620
       93.175       0.000000000
       93.289       0.000000089
       93.892      -0.000000000

 PDOS Einstein freq (single pole), associated temp and eff. force constant: 
 Freq (THz)   Temp (K)   Eff. FC (N/m)
   9.658       463.49     131.5494

 pDOS n Moments, associated Einstein freqs, temps and eff. force constants:
  n     Mom (THz^n)   Freq (THz)     Temp (K)    Eff. FC (N/m)
 -2       0.01296       8.78481       421.59     108.8404
 -1       0.11139       8.97766       430.85     113.6716
  0       1.00000     ---------     --------
  1       9.40622       9.40622       451.41     124.7830
  2      93.27463       9.65788       463.49     131.5494

 Path Red. Mass (AMU):   21.513774
 Path Length (Ang), s^2 (1e-3 Ang^2):  2.2877   2.6166
--------------------------------------------------------------
 Path Indices:    1   3
 PDOS Poles:
     Freq. (THz)    Weight
        3.411       0.271881329
        7.302       0.132207377
       10.862       0.003300771
       20.266       0.106647070
       22.976       0.000143628
       29.697       0.137923010
       32.185       0.183483754
       38.205       0.140333273
       41.601       0.002373261
       43.810       0.018556599
       44.220       0.000532215
       91.105       0.000005455
       92.062       0.002444782
       93.175       0.000055754
       93.289       0.000043743
       93.892       0.000068030

 PDOS Einstein freq (single pole), associated temp and eff. force constant: 
 Freq (THz)   Temp (K)   Eff. FC (N/m)
  25.180      1208.39     421.7251

 pDOS n Moments, associated Einstein freqs, temps and eff. force constants:
  n     Mom (THz^n)   Freq (THz)     Temp (K)    Eff. FC (N/m)
 -2       0.02658       6.13332       294.34      25.0221
 -1       0.11794       8.47913       406.92      47.8229
  0       1.00000     ---------     --------
  1      20.63233      20.63233       990.16     283.1586
  2     634.01020      25.17956      1208.39     421.7251

 Path Red. Mass (AMU):   10.146692
 Path Length (Ang), s^2 (1e-3 Ang^2):  3.1858   5.8742
--------------------------------------------------------------
 Path Indices:    1   4
 PDOS Poles:
     Freq. (THz)    Weight
        2.584       0.055478404
        6.177       0.010124117
       14.582       0.000325830
       20.981       0.011144864
       23.646       0.014310411
       29.922       0.146251239
       31.058       0.138256479
       37.897       0.393662295
       38.314       0.172841754
       43.804       0.025060517
       44.187       0.002230384
       91.105       0.000006018
       92.062       0.015365198
       93.175       0.006903720
       93.289       0.000830400
       93.892       0.007208369

 PDOS Einstein freq (single pole), associated temp and eff. force constant: 
 Freq (THz)   Temp (K)   Eff. FC (N/m)
  37.558      1802.42      91.7899

 pDOS n Moments, associated Einstein freqs, temps and eff. force constants:
  n     Mom (THz^n)   Freq (THz)     Temp (K)    Eff. FC (N/m)
 -2       0.00934      10.34747       496.58       6.9673
 -1       0.04945      20.22203       970.47      26.6102
  0       1.00000     ---------     --------
  1      35.00297      35.00297      1679.82      79.7276
  2    1410.57294      37.55759      1802.42      91.7899

 Path Red. Mass (AMU):    0.992637
 Path Length (Ang), s^2 (1e-3 Ang^2):  3.2119  25.1774
--------------------------------------------------------------
 Path Indices:    1   5
 PDOS Poles:
     Freq. (THz)    Weight
        2.391       0.057908444
        6.314       0.011642117
       14.669       0.000331264
       21.063       0.011735121
       23.608       0.017392492
       29.950       0.144247627
       31.082       0.125388353
       37.906       0.393973833
       38.336       0.147514821
       43.807       0.033367247
       44.202       0.003938752
       91.105       0.000008930
       92.062       0.027319798
       93.175       0.012549623
       93.289       0.000279983
       93.892       0.012401604

 PDOS Einstein freq (single pole), associated temp and eff. force constant: 
 Freq (THz)   Temp (K)   Eff. FC (N/m)
  39.664      1903.52     102.3758

 pDOS n Moments, associated Einstein freqs, temps and eff. force constants:
  n     Mom (THz^n)   Freq (THz)     Temp (K)    Eff. FC (N/m)
 -2       0.01117       9.46062       454.02       5.8242
 -1       0.05189      19.27134       924.85      24.1670
  0       1.00000     ---------     --------
  1      36.19294      36.19294      1736.93      85.2407
  2    1573.25094      39.66423      1903.52     102.3758

 Path Red. Mass (AMU):    0.992637
 Path Length (Ang), s^2 (1e-3 Ang^2):  3.2793  26.4196
--------------------------------------------------------------
 Path Indices:    1   6
 PDOS Poles:
     Freq. (THz)    Weight
        3.412       0.154277211
        7.319       0.314644487
       11.012       0.055619607
       20.266       0.025727742
       22.907       0.000024950
       29.696       0.164957335
       32.185       0.083447174
       38.198       0.003669635
       41.603       0.168294603
       43.786       0.000141704
       44.223       0.000821052
       91.105       0.024240338
       92.062       0.000034673
       93.175       0.000000135
       93.289       0.004066194
       93.892       0.000033152

 PDOS Einstein freq (single pole), associated temp and eff. force constant: 
 Freq (THz)   Temp (K)   Eff. FC (N/m)
  28.347      1360.42     534.5152

 pDOS n Moments, associated Einstein freqs, temps and eff. force constants:
  n     Mom (THz^n)   Freq (THz)     Temp (K)    Eff. FC (N/m)
 -2       0.02002       7.06794       339.20      33.2291
 -1       0.10715       9.33306       447.90      57.9403
  0       1.00000     ---------     --------
  1      21.32650      21.32650      1023.48     302.5327
  2     803.57570      28.34741      1360.42     534.5151

 Path Red. Mass (AMU):   10.146692
 Path Length (Ang), s^2 (1e-3 Ang^2):  4.6036   5.3367
--------------------------------------------------------------
 Path Indices:    1   7
 PDOS Poles:
     Freq. (THz)    Weight
        1.998       0.016055048
        7.482       0.085610033
       11.102       0.023825080
       20.642       0.010099692
       23.157       0.102817434
       30.643       0.074054880
       32.152       0.138742531
       37.842       0.070499511
       41.602       0.191669001
       43.842       0.142574933
       44.189       0.004673404
       91.105       0.038875913
       92.062       0.000974779
       93.175       0.029919166
       93.289       0.034659899
       93.892       0.034948668

 PDOS Einstein freq (single pole), associated temp and eff. force constant: 
 Freq (THz)   Temp (K)   Eff. FC (N/m)
  46.866      2249.16     142.9298

 pDOS n Moments, associated Einstein freqs, temps and eff. force constants:
  n     Mom (THz^n)   Freq (THz)     Temp (K)    Eff. FC (N/m)
 -2       0.00643      12.47317       598.60      10.1240
 -1       0.04462      22.41290      1075.61      32.6885
  0       1.00000     ---------     --------
  1      40.28952      40.28952      1933.53     105.6290
  2    2196.46155      46.86642      2249.16     142.9298

 Path Red. Mass (AMU):    0.992637
 Path Length (Ang), s^2 (1e-3 Ang^2):  4.9273  22.7168
--------------------------------------------------------------
 Path Indices:    1   8
 PDOS Poles:
     Freq. (THz)    Weight
        2.196       0.012280746
        7.458       0.089828466
       11.121       0.022970642
       20.641       0.010826201
       23.163       0.095523158
       30.606       0.069418831
       32.151       0.138826257
       37.845       0.068222657
       41.601       0.180920031
       43.840       0.142129399
       44.132       0.003126514
       91.105       0.047080987
       92.062       0.001165900
       93.175       0.048078012
       93.289       0.030518585
       93.892       0.039083571

 PDOS Einstein freq (single pole), associated temp and eff. force constant: 
 Freq (THz)   Temp (K)   Eff. FC (N/m)
  48.893      2346.44     155.5607

 pDOS n Moments, associated Einstein freqs, temps and eff. force constants:
  n     Mom (THz^n)   Freq (THz)     Temp (K)    Eff. FC (N/m)
 -2       0.00501      14.13488       678.35      13.0012
 -1       0.04219      23.70284      1137.52      36.5595
  0       1.00000     ---------     --------
  1      41.84674      41.84674      2008.26     113.9521
  2    2390.56507      48.89341      2346.44     155.5606

 Path Red. Mass (AMU):    0.992637
 Path Length (Ang), s^2 (1e-3 Ang^2):  4.9697  21.4801
--------------------------------------------------------------
 Path Indices:    1   9
 PDOS Poles:
     Freq. (THz)    Weight
        3.415       0.030979602
        7.305       0.007711523
       10.984       0.001342980
       20.267       0.061031889
       23.186       0.000003609
       29.696       0.204165446
       32.185       0.030032518
       38.205       0.026754578
       41.603       0.111679685
       43.812       0.019970317
       44.225       0.031945345
       91.105       0.206565626
       92.062       0.006481411
       93.175       0.001884967
       93.289       0.259410853
       93.892       0.000039595

 PDOS Einstein freq (single pole), associated temp and eff. force constant: 
 Freq (THz)   Temp (K)   Eff. FC (N/m)
  67.927      3259.88     300.2519

 pDOS n Moments, associated Einstein freqs, temps and eff. force constants:
  n     Mom (THz^n)   Freq (THz)     Temp (K)    Eff. FC (N/m)
 -2       0.00339      17.18360       824.66      19.2144
 -1       0.03077      32.49724      1559.57      68.7214
  0       1.00000     ---------     --------
  1      60.19483      60.19483      2888.80     235.7857
  2    4614.09453      67.92713      3259.88     300.2518

 Path Red. Mass (AMU):    0.992637
 Path Length (Ang), s^2 (1e-3 Ang^2):  5.3357  15.6671
--------------------------------------------------------------
--------------------------------------------------------------
 Path Indices:    1   2   3
 PDOS Poles:
     Freq. (THz)    Weight
        3.412       0.068034491
        7.320       0.189929453
       11.013       0.031852342
       20.267       0.376334994
       22.874       0.000035784
       29.696       0.146758144
       32.185       0.052218960
       38.205       0.127347342
       41.602       0.001141490
       43.810       0.003788920
       44.224       0.001660281
       91.105       0.000004277
       92.062       0.000792270
       93.175       0.000018672
       93.289       0.000067372
       93.892       0.000015192

 PDOS Einstein freq (single pole), associated temp and eff. force constant: 
 Freq (THz)   Temp (K)   Eff. FC (N/m)
  23.642      1134.61     374.7392

 pDOS n Moments, associated Einstein freqs, temps and eff. force constants:
  n     Mom (THz^n)   Freq (THz)     Temp (K)    Eff. FC (N/m)
 -2       0.01088       9.58892       460.18      61.6447
 -1       0.07741      12.91843       619.97     111.8861
  0       1.00000     ---------     --------
  1      20.87496      20.87496      1001.81     292.1512
  2     558.94977      23.64212      1134.61     374.7392

 Path Red. Mass (AMU):   10.226984
 Path Length (Ang), s^2 (1e-3 Ang^2):  4.1198   3.8253
--------------------------------------------------------------
 Path Indices:    1   2   4
 PDOS Poles:
     Freq. (THz)    Weight
        2.700       0.017111274
        7.288       0.012976219
       11.148       0.007021546
       20.293       0.027038107
       29.492       0.063965251
       30.843       0.242372037
       33.832       0.003388335
       38.015       0.402172324
       38.739       0.025646750
       43.192       0.000232634
       44.197       0.001773665
       91.105       0.000016107
       92.062       0.095935442
       93.175       0.045791249
       93.289       0.005349975
       93.892       0.049209070

 PDOS Einstein freq (single pole), associated temp and eff. force constant: 
 Freq (THz)   Temp (K)   Eff. FC (N/m)
  51.163      2455.35     196.2306

 pDOS n Moments, associated Einstein freqs, temps and eff. force constants:
  n     Mom (THz^n)   Freq (THz)     Temp (K)    Eff. FC (N/m)
 -2       0.00336      17.23895       827.31      22.2782
 -1       0.03361      29.75249      1427.85      66.3599
  0       1.00000     ---------     --------
  1      44.83443      44.83443      2151.64     150.6892
  2    2617.62745      51.16275      2455.35     196.2306

 Path Red. Mass (AMU):    1.143537
 Path Length (Ang), s^2 (1e-3 Ang^2):  4.7059  14.8543
--------------------------------------------------------------
 Path Indices:    1   2   5
 PDOS Poles:
     Freq. (THz)    Weight
        2.464       0.017142612
        7.133       0.013849598
       11.039       0.007840875
       20.279       0.026136943
       29.661       0.081405716
       30.927       0.216133113
       35.725       0.003196438
       38.043       0.402624463
       39.129       0.008267507
       43.495       0.000531272
       44.156       0.001368137
       91.105       0.000019195
       92.062       0.111480018
       93.175       0.054276721
       93.289       0.001128487
       93.892       0.054598905

 PDOS Einstein freq (single pole), associated temp and eff. force constant: 
 Freq (THz)   Temp (K)   Eff. FC (N/m)
  52.928      2540.04     208.5689

 pDOS n Moments, associated Einstein freqs, temps and eff. force constants:
  n     Mom (THz^n)   Freq (THz)     Temp (K)    Eff. FC (N/m)
 -2       0.00385      16.10817       773.05      19.3187
 -1       0.03394      29.45996      1413.81      64.6175
  0       1.00000     ---------     --------
  1      46.24852      46.24852      2219.51     159.2507
  2    2801.32817      52.92757      2540.04     208.5689

 Path Red. Mass (AMU):    1.135734
 Path Length (Ang), s^2 (1e-3 Ang^2):  4.7050  15.1049
--------------------------------------------------------------
 Path Indices:    1   2   6
 PDOS Poles:
     Freq. (THz)    Weight
        3.413       0.027851714
        7.324       0.467713762
       11.015       0.046743039
       20.267       0.071969735
       22.803       0.000004913
       29.696       0.151734726
       32.185       0.046315780
       38.205       0.010386982
       41.603       0.140718575
       43.765       0.000011667
       44.224       0.002803753
       91.105       0.021345518
       92.062       0.000195008
       93.175       0.000051141
       93.289       0.012141358
       93.892       0.000012259

 PDOS Einstein freq (single pole), associated temp and eff. force constant: 
 Freq (THz)   Temp (K)   Eff. FC (N/m)
  28.137      1350.32     519.0252

 pDOS n Moments, associated Einstein freqs, temps and eff. force constants:
  n     Mom (THz^n)   Freq (THz)     Temp (K)    Eff. FC (N/m)
 -2       0.01198       9.13568       438.43      54.7159
 -1       0.09045      11.05570       530.57      80.1317
  0       1.00000     ---------     --------
  1      20.96750      20.96750      1006.25     288.2207
  2     791.69287      28.13704      1350.32     519.0252

 Path Red. Mass (AMU):   10.000528
 Path Length (Ang), s^2 (1e-3 Ang^2):  5.0399   4.5710
--------------------------------------------------------------
 Path Indices:    1   2   7
 PDOS Poles:
     Freq. (THz)    Weight
        2.574       0.003945475
        7.552       0.134632057
       11.152       0.024033468
       21.040       0.008860997
       23.194       0.081701177
       30.481       0.063367344
       32.148       0.144309760
       37.861       0.059661364
       41.601       0.178819066
       43.829       0.135115162
       43.900       0.034725703
       91.105       0.036441302
       92.062       0.000952669
       93.175       0.027625782
       93.289       0.033372317
       93.892       0.032435991

 PDOS Einstein freq (single pole), associated temp and eff. force constant: 
 Freq (THz)   Temp (K)   Eff. FC (N/m)
  45.987      2206.97     140.3742

 pDOS n Moments, associated Einstein freqs, temps and eff. force constants:
  n     Mom (THz^n)   Freq (THz)     Temp (K)    Eff. FC (N/m)
 -2       0.00378      16.26986       780.80      17.5704
 -1       0.04319      23.15589      1111.27      35.5907
  0       1.00000     ---------     --------
  1      39.23193      39.23193      1882.77     102.1627
  2    2114.82327      45.98721      2206.97     140.3742

 Path Red. Mass (AMU):    1.012522
 Path Length (Ang), s^2 (1e-3 Ang^2):  5.2426  21.5555
--------------------------------------------------------------
 Path Indices:    1   2   8
 PDOS Poles:
     Freq. (THz)    Weight
        3.017       0.003178648
        7.513       0.135611700
       11.161       0.023990916
       21.003       0.009348081
       23.199       0.077880784
       30.453       0.061607603
       32.149       0.144216564
       37.863       0.058571666
       41.601       0.173182680
       43.840       0.167103631
       44.091       0.003771688
       91.105       0.039946529
       92.062       0.001033569
       93.175       0.040670984
       93.289       0.026861043
       93.892       0.033023884

 PDOS Einstein freq (single pole), associated temp and eff. force constant: 
 Freq (THz)   Temp (K)   Eff. FC (N/m)
  46.834      2247.59     145.1570

 pDOS n Moments, associated Einstein freqs, temps and eff. force constants:
  n     Mom (THz^n)   Freq (THz)     Temp (K)    Eff. FC (N/m)
 -2       0.00356      16.75395       804.04      18.5762
 -1       0.04270      23.42031      1123.96      36.3000
  0       1.00000     ---------     --------
  1      39.85677      39.85677      1912.76     105.1297
  2    2193.39436      46.83369      2247.59     145.1570

 Path Red. Mass (AMU):    1.009514
 Path Length (Ang), s^2 (1e-3 Ang^2):  5.2371  21.3757
--------------------------------------------------------------
 Path Indices:    1   2   9
 PDOS Poles:
     Freq. (THz)    Weight
        3.417       0.006941282
        7.324       0.024090337
       11.001       0.000703675
       20.267       0.059371917
       22.508       0.000000444
       29.696       0.140415614
       32.185       0.020054090
       38.205       0.021539338
       41.603       0.064024852
       43.811       0.012011900
       44.225       0.017861020
       91.105       0.277370377
       92.062       0.008716216
       93.175       0.002480760
       93.289       0.344362863
       93.892       0.000055230

 PDOS Einstein freq (single pole), associated temp and eff. force constant: 
 Freq (THz)   Temp (K)   Eff. FC (N/m)
  75.932      3644.06     385.7220

 pDOS n Moments, associated Einstein freqs, temps and eff. force constants:
  n     Mom (THz^n)   Freq (THz)     Temp (K)    Eff. FC (N/m)
 -2       0.00151      25.69980      1233.36      44.1855
 -1       0.02330      42.91068      2059.32     123.1831
  0       1.00000     ---------     --------
  1      69.46297      69.46297      3333.59     322.7951
  2    5765.72807      75.93239      3644.06     385.7219

 Path Red. Mass (AMU):    1.020496
 Path Length (Ang), s^2 (1e-3 Ang^2):  6.0193  11.5411
--------------------------------------------------------------
 Path Indices:    1   3   2
 PDOS Poles:
     Freq. (THz)    Weight
        3.412       0.068034491
        7.320       0.189929453
       11.013       0.031852342
       20.267       0.376334994
       22.874       0.000035784
       29.696       0.146758144
       32.185       0.052218960
       38.205       0.127347342
       41.602       0.001141490
       43.810       0.003788920
       44.224       0.001660281
       91.105       0.000004277
       92.062       0.000792270
       93.175       0.000018672
       93.289       0.000067372
       93.892       0.000015192

 PDOS Einstein freq (single pole), associated temp and eff. force constant: 
 Freq (THz)   Temp (K)   Eff. FC (N/m)
  23.642      1134.61     374.7392

 pDOS n Moments, associated Einstein freqs, temps and eff. force constants:
  n     Mom (THz^n)   Freq (THz)     Temp (K)    Eff. FC (N/m)
 -2       0.01088       9.58892       460.18      61.6447
 -1       0.07741      12.91843       619.97     111.8861
  0       1.00000     ---------     --------
  1      20.87496      20.87496      1001.81     292.1512
  2     558.94977      23.64212      1134.61     374.7392

 Path Red. Mass (AMU):   10.226984
 Path Length (Ang), s^2 (1e-3 Ang^2):  5.0179   3.8253
--------------------------------------------------------------
 Path Indices:    1   3   4
 PDOS Poles:
     Freq. (THz)    Weight
        3.080       0.056325850
        6.790       0.014319800
       10.484       0.000778164
       20.345       0.013603044
       23.356       0.006878535
       29.842       0.094617611
       31.215       0.054381327
       37.804       0.102553762
       38.202       0.079804058
       43.808       0.003753722
       44.198       0.000235051
       91.105       0.000027508
       92.062       0.275014766
       93.175       0.135016013
       93.289       0.015401038
       93.892       0.147289779

 PDOS Einstein freq (single pole), associated temp and eff. force constant: 
 Freq (THz)   Temp (K)   Eff. FC (N/m)
  73.173      3511.65     536.1203

 pDOS n Moments, associated Einstein freqs, temps and eff. force constants:
  n     Mom (THz^n)   Freq (THz)     Temp (K)    Eff. FC (N/m)
 -2       0.00666      12.25712       588.23      15.0430
 -1       0.03741      26.73263      1282.92      71.5550
  0       1.00000     ---------     --------
  1      65.50493      65.50493      3143.64     429.6395
  2    5354.34024      73.17336      3511.65     536.1203

 Path Red. Mass (AMU):    1.527382
 Path Length (Ang), s^2 (1e-3 Ang^2):  4.2767  12.3776
--------------------------------------------------------------
 Path Indices:    1   3   5
 PDOS Poles:
     Freq. (THz)    Weight
        2.893       0.053750611
        6.566       0.016053558
        9.705       0.001286333
       20.340       0.012918298
       23.322       0.007341760
       29.847       0.088272804
       31.225       0.051437561
       37.799       0.090871330
       38.196       0.074564063
       43.812       0.005556810
       44.216       0.000606770
       91.105       0.000031860
       92.062       0.297878509
       93.175       0.146734578
       93.289       0.002959028
       93.892       0.149736170

 PDOS Einstein freq (single pole), associated temp and eff. force constant: 
 Freq (THz)   Temp (K)   Eff. FC (N/m)
  74.394      3570.22     533.1688

 pDOS n Moments, associated Einstein freqs, temps and eff. force constants:
  n     Mom (THz^n)   Freq (THz)     Temp (K)    Eff. FC (N/m)
 -2       0.00719      11.79105       565.86      13.3936
 -1       0.03765      26.56264      1274.76      67.9727
  0       1.00000     ---------     --------
  1      66.93453      66.93453      3212.25     431.6109
  2    5534.42867      74.39374      3570.22     533.1688

 Path Red. Mass (AMU):    1.469546
 Path Length (Ang), s^2 (1e-3 Ang^2):  4.2768  12.9470
--------------------------------------------------------------
 Path Indices:    1   3   6
 PDOS Poles:
     Freq. (THz)    Weight
        3.416       0.209081164
        7.316       0.218213011
       11.005       0.026245441
       20.266       0.078636954
       22.603       0.000112068
       29.696       0.115724811
       32.185       0.150390711
       38.204       0.000245773
       41.603       0.171201702
       43.810       0.002411458
       44.224       0.001749935
       91.105       0.023408113
       92.062       0.001608880
       93.175       0.000014849
       93.289       0.000912078
       93.892       0.000043057

 PDOS Einstein freq (single pole), associated temp and eff. force constant: 
 Freq (THz)   Temp (K)   Eff. FC (N/m)
  28.785      1381.43     540.1583

 pDOS n Moments, associated Einstein freqs, temps and eff. force constants:
  n     Mom (THz^n)   Freq (THz)     Temp (K)    Eff. FC (N/m)
 -2       0.02279       6.62435       317.91      28.6068
 -1       0.11038       9.05947       434.77      53.5044
  0       1.00000     ---------     --------
  1      22.15862      22.15862      1063.41     320.0876
  2     828.58630      28.78518      1381.43     540.1583

 Path Red. Mass (AMU):    9.944307
 Path Length (Ang), s^2 (1e-3 Ang^2):  4.7008   5.6098
--------------------------------------------------------------
 Path Indices:    1   3   7
 PDOS Poles:
     Freq. (THz)    Weight
        3.016       0.017211539
        7.342       0.043458735
       10.984       0.011976402
       23.115       0.079214611
       30.138       0.032867647
       31.532       0.117674720
       32.515       0.054079894
       37.856       0.081251055
       41.601       0.142125469
       43.841       0.094714081
       44.216       0.012211542
       91.105       0.089832762
       92.062       0.000869558
       93.175       0.060018011
       93.289       0.076217096
       93.892       0.086276847

 PDOS Einstein freq (single pole), associated temp and eff. force constant: 
 Freq (THz)   Temp (K)   Eff. FC (N/m)
  59.301      2845.89     239.7092

 pDOS n Moments, associated Einstein freqs, temps and eff. force constants:
  n     Mom (THz^n)   Freq (THz)     Temp (K)    Eff. FC (N/m)
 -2       0.00338      17.19312       825.11      20.1499
 -1       0.03400      29.40774      1411.30      58.9506
  0       1.00000     ---------     --------
  1      51.54125      51.54125      2473.51     181.0817
  2    3516.57478      59.30071      2845.89     239.7091

 Path Red. Mass (AMU):    1.039815
 Path Length (Ang), s^2 (1e-3 Ang^2):  5.3490  16.5275
--------------------------------------------------------------
 Path Indices:    1   3   8
 PDOS Poles:
     Freq. (THz)    Weight
        3.051       0.016299541
        7.334       0.045240152
       11.002       0.011522770
       23.114       0.077798343
       29.821       0.018370006
       31.265       0.099588565
       32.362       0.081121111
       37.858       0.078207724
       41.601       0.136335527
       43.838       0.094435459
       44.212       0.009776387
       91.105       0.096189922
       92.062       0.000969335
       93.175       0.088802274
       93.289       0.060775376
       93.892       0.084567496

 PDOS Einstein freq (single pole), associated temp and eff. force constant: 
 Freq (THz)   Temp (K)   Eff. FC (N/m)
  60.372      2897.32     247.2414

 pDOS n Moments, associated Einstein freqs, temps and eff. force constants:
  n     Mom (THz^n)   Freq (THz)     Temp (K)    Eff. FC (N/m)
 -2       0.00326      17.51637       840.63      20.8129
 -1       0.03352      29.83062      1431.60      60.3629
  0       1.00000     ---------     --------
  1      52.53452      52.53452      2521.18     187.2125
  2    3644.81629      60.37231      2897.32     247.2413

 Path Red. Mass (AMU):    1.034753
 Path Length (Ang), s^2 (1e-3 Ang^2):  5.3493  16.3729
--------------------------------------------------------------
 Path Indices:    1   3   9
 PDOS Poles:
     Freq. (THz)    Weight
        3.414       0.029609201
        7.298       0.008618400
       10.973       0.000995772
       20.267       0.056603846
       22.608       0.000005057
       29.696       0.199345012
       32.185       0.030352711
       38.205       0.026600135
       41.603       0.106794731
       43.811       0.018576225
       44.225       0.031003403
       91.105       0.214140265
       92.062       0.006405909
       93.175       0.001840338
       93.289       0.269080521
       93.892       0.000028414

 PDOS Einstein freq (single pole), associated temp and eff. force constant: 
 Freq (THz)   Temp (K)   Eff. FC (N/m)
  68.855      3304.42     308.6220

 pDOS n Moments, associated Einstein freqs, temps and eff. force constants:
  n     Mom (THz^n)   Freq (THz)     Temp (K)    Eff. FC (N/m)
 -2       0.00327      17.49566       839.63      19.9257
 -1       0.03011      33.21523      1594.03      71.8170
  0       1.00000     ---------     --------
  1      61.23843      61.23843      2938.89     244.1186
  2    4741.04503      68.85525      3304.42     308.6220

 Path Red. Mass (AMU):    0.992988
 Path Length (Ang), s^2 (1e-3 Ang^2):  5.3391  15.3230
--------------------------------------------------------------
 Path Indices:    1   4   2
 PDOS Poles:
     Freq. (THz)    Weight
        2.700       0.017111274
        7.288       0.012976219
       11.148       0.007021546
       20.293       0.027038107
       29.492       0.063965251
       30.843       0.242372037
       33.832       0.003388335
       38.015       0.402172324
       38.739       0.025646750
       43.192       0.000232634
       44.197       0.001773665
       91.105       0.000016107
       92.062       0.095935442
       93.175       0.045791249
       93.289       0.005349975
       93.892       0.049209070

 PDOS Einstein freq (single pole), associated temp and eff. force constant: 
 Freq (THz)   Temp (K)   Eff. FC (N/m)
  51.163      2455.35     196.2306

 pDOS n Moments, associated Einstein freqs, temps and eff. force constants:
  n     Mom (THz^n)   Freq (THz)     Temp (K)    Eff. FC (N/m)
 -2       0.00336      17.23895       827.31      22.2782
 -1       0.03361      29.75249      1427.85      66.3599
  0       1.00000     ---------     --------
  1      44.83443      44.83443      2151.64     150.6892
  2    2617.62745      51.16275      2455.35     196.2306

 Path Red. Mass (AMU):    1.143537
 Path Length (Ang), s^2 (1e-3 Ang^2):  5.6301  14.8543
--------------------------------------------------------------
 Path Indices:    1   4   3
 PDOS Poles:
     Freq. (THz)    Weight
        3.080       0.056325850
        6.790       0.014319800
       10.484       0.000778164
       20.345       0.013603044
       23.356       0.006878535
       29.842       0.094617611
       31.215       0.054381327
       37.804       0.102553762
       38.202       0.079804058
       43.808       0.003753722
       44.198       0.000235051
       91.105       0.000027508
       92.062       0.275014766
       93.175       0.135016013
       93.289       0.015401038
       93.892       0.147289779

 PDOS Einstein freq (single pole), associated temp and eff. force constant: 
 Freq (THz)   Temp (K)   Eff. FC (N/m)
  73.173      3511.65     536.1203

 pDOS n Moments, associated Einstein freqs, temps and eff. force constants:
  n     Mom (THz^n)   Freq (THz)     Temp (K)    Eff. FC (N/m)
 -2       0.00666      12.25712       588.23      15.0430
 -1       0.03741      26.73263      1282.92      71.5550
  0       1.00000     ---------     --------
  1      65.50493      65.50493      3143.64     429.6395
  2    5354.34024      73.17336      3511.65     536.1203

 Path Red. Mass (AMU):    1.527382
 Path Length (Ang), s^2 (1e-3 Ang^2):  4.3028  12.3776
--------------------------------------------------------------
 Path Indices:    1   4   5
 PDOS Poles:
     Freq. (THz)    Weight
        3.401       0.034269326
        6.148       0.000866394
        7.518       0.001744297
       20.268       0.007492137
       23.466       0.000028966
       29.696       0.086504066
       32.190       0.000311335
       38.205       0.198738565
       41.595       0.000030944
       43.811       0.208731825
       44.225       0.060631713
       91.105       0.000064033
       92.062       0.389646660
       93.175       0.000297512
       93.289       0.010535742
       93.892       0.000106490

 PDOS Einstein freq (single pole), associated temp and eff. force constant: 
 Freq (THz)   Temp (K)   Eff. FC (N/m)
  65.481      3142.48     220.3862

 pDOS n Moments, associated Einstein freqs, temps and eff. force constants:
  n     Mom (THz^n)   Freq (THz)     Temp (K)    Eff. FC (N/m)
 -2       0.00346      17.00800       816.23      14.8683
 -1       0.02943      33.97648      1630.56      59.3353
  0       1.00000     ---------     --------
  1      59.18464      59.18464      2840.32     180.0422
  2    4287.73632      65.48081      3142.48     220.3862

 Path Red. Mass (AMU):    0.784057
 Path Length (Ang), s^2 (1e-3 Ang^2):  4.9751  18.9714
--------------------------------------------------------------
 Path Indices:    1   4   6
 PDOS Poles:
     Freq. (THz)    Weight
        2.972       0.086514476
        6.975       0.039870963
       10.749       0.003879114
       20.306       0.033690458
       23.299       0.009360694
       30.822       0.084497815
       32.176       0.078530141
       38.164       0.051087380
       41.599       0.046405927
       43.680       0.001360814
       44.200       0.003289371
       91.105       0.006356101
       92.062       0.268511579
       93.175       0.112907271
       93.289       0.015890907
       93.892       0.157847027

 PDOS Einstein freq (single pole), associated temp and eff. force constant: 
 Freq (THz)   Temp (K)   Eff. FC (N/m)
  72.014      3456.00     941.6825

 pDOS n Moments, associated Einstein freqs, temps and eff. force constants:
  n     Mom (THz^n)   Freq (THz)     Temp (K)    Eff. FC (N/m)
 -2       0.01104       9.51622       456.69      16.4438
 -1       0.05104      19.59182       940.23      69.6985
  0       1.00000     ---------     --------
  1      62.81715      62.81715      3014.65     716.5238
  2    5185.97414      72.01371      3456.00     941.6825

 Path Red. Mass (AMU):    2.769908
 Path Length (Ang), s^2 (1e-3 Ang^2):  5.3650   9.3129
--------------------------------------------------------------
 Path Indices:    1   4   7
 PDOS Poles:
     Freq. (THz)    Weight
        2.320       0.027735977
        7.047       0.020810364
       10.997       0.006899472
       23.111       0.200971649
       27.762       0.002221510
       30.501       0.020928175
       32.237       0.112917488
       37.857       0.110490498
       41.600       0.126157883
       43.825       0.110897310
       44.198       0.009494403
       91.105       0.044198141
       92.062       0.058493772
       93.175       0.001530620
       93.289       0.020662442
       93.892       0.125590287

 PDOS Einstein freq (single pole), associated temp and eff. force constant: 
 Freq (THz)   Temp (K)   Eff. FC (N/m)
  54.945      2636.87     168.2404

 pDOS n Moments, associated Einstein freqs, temps and eff. force constants:
  n     Mom (THz^n)   Freq (THz)     Temp (K)    Eff. FC (N/m)
 -2       0.00638      12.51753       600.73       8.7318
 -1       0.03989      25.06622      1202.95      35.0144
  0       1.00000     ---------     --------
  1      47.25619      47.25619      2267.87     124.4474
  2    3018.99006      54.94534      2636.87     168.2404

 Path Red. Mass (AMU):    0.850080
 Path Length (Ang), s^2 (1e-3 Ang^2):  5.7171  23.7181
--------------------------------------------------------------
 Path Indices:    1   4   8
 PDOS Poles:
     Freq. (THz)    Weight
        3.352       0.017230179
        7.389       0.021499758
       11.076       0.005543061
       23.104       0.036118390
       29.054       0.008100120
       30.816       0.145544807
       32.197       0.097898305
       38.013       0.019347313
       41.601       0.072636088
       43.837       0.054813659
       44.178       0.002587276
       91.105       0.089615656
       92.062       0.132410321
       93.175       0.269214102
       93.289       0.025632361
       93.892       0.001808636

 PDOS Einstein freq (single pole), associated temp and eff. force constant: 
 Freq (THz)   Temp (K)   Eff. FC (N/m)
  70.528      3384.70     257.2280

 pDOS n Moments, associated Einstein freqs, temps and eff. force constants:
  n     Mom (THz^n)   Freq (THz)     Temp (K)    Eff. FC (N/m)
 -2       0.00244      20.23082       970.89      21.1652
 -1       0.02733      36.59593      1756.27      69.2566
  0       1.00000     ---------     --------
  1      63.25879      63.25879      3035.84     206.9367
  2    4974.19028      70.52794      3384.70     257.2280

 Path Red. Mass (AMU):    0.788837
 Path Length (Ang), s^2 (1e-3 Ang^2):  6.2786  17.5067
--------------------------------------------------------------
 Path Indices:    1   4   9
 PDOS Poles:
     Freq. (THz)    Weight
        3.124       0.038499432
        7.393       0.019056775
       10.897       0.004534738
       20.272       0.078539019
       23.640       0.001096534
       29.701       0.185186022
       32.208       0.021209175
       38.184       0.038644613
       41.602       0.120088175
       43.823       0.043306719
       44.223       0.031268078
       91.105       0.134811194
       92.062       0.025615051
       93.175       0.013467405
       93.289       0.219854361
       93.892       0.024822659

 PDOS Einstein freq (single pole), associated temp and eff. force constant: 
 Freq (THz)   Temp (K)   Eff. FC (N/m)
  64.914      3115.29     253.1134

 pDOS n Moments, associated Einstein freqs, temps and eff. force constants:
  n     Mom (THz^n)   Freq (THz)     Temp (K)    Eff. FC (N/m)
 -2       0.00494      14.23007       682.91      12.1632
 -1       0.03625      27.58676      1323.91      45.7127
  0       1.00000     ---------     --------
  1      56.59962      56.59962      2716.27     192.4253
  2    4213.85827      64.91424      3115.29     253.1133

 Path Red. Mass (AMU):    0.916276
 Path Length (Ang), s^2 (1e-3 Ang^2):  5.7038  19.9939
--------------------------------------------------------------
 Path Indices:    1   5   2
 PDOS Poles:
     Freq. (THz)    Weight
        2.464       0.017142612
        7.133       0.013849598
       11.039       0.007840875
       20.279       0.026136943
       29.661       0.081405716
       30.927       0.216133113
       35.725       0.003196438
       38.043       0.402624463
       39.129       0.008267507
       43.495       0.000531272
       44.156       0.001368137
       91.105       0.000019195
       92.062       0.111480018
       93.175       0.054276721
       93.289       0.001128487
       93.892       0.054598905

 PDOS Einstein freq (single pole), associated temp and eff. force constant: 
 Freq (THz)   Temp (K)   Eff. FC (N/m)
  52.928      2540.04     208.5689

 pDOS n Moments, associated Einstein freqs, temps and eff. force constants:
  n     Mom (THz^n)   Freq (THz)     Temp (K)    Eff. FC (N/m)
 -2       0.00385      16.10817       773.05      19.3187
 -1       0.03394      29.45996      1413.81      64.6175
  0       1.00000     ---------     --------
  1      46.24852      46.24852      2219.51     159.2507
  2    2801.32817      52.92757      2540.04     208.5689

 Path Red. Mass (AMU):    1.135734
 Path Length (Ang), s^2 (1e-3 Ang^2):  5.6966  15.1049
--------------------------------------------------------------
 Path Indices:    1   5   3
 PDOS Poles:
     Freq. (THz)    Weight
        2.893       0.053750611
        6.566       0.016053558
        9.705       0.001286333
       20.340       0.012918298
       23.322       0.007341760
       29.847       0.088272804
       31.225       0.051437561
       37.799       0.090871330
       38.196       0.074564063
       43.812       0.005556810
       44.216       0.000606770
       91.105       0.000031860
       92.062       0.297878509
       93.175       0.146734578
       93.289       0.002959028
       93.892       0.149736170

 PDOS Einstein freq (single pole), associated temp and eff. force constant: 
 Freq (THz)   Temp (K)   Eff. FC (N/m)
  74.394      3570.22     533.1688

 pDOS n Moments, associated Einstein freqs, temps and eff. force constants:
  n     Mom (THz^n)   Freq (THz)     Temp (K)    Eff. FC (N/m)
 -2       0.00719      11.79105       565.86      13.3936
 -1       0.03765      26.56264      1274.76      67.9727
  0       1.00000     ---------     --------
  1      66.93453      66.93453      3212.25     431.6109
  2    5534.42867      74.39374      3570.22     533.1688

 Path Red. Mass (AMU):    1.469546
 Path Length (Ang), s^2 (1e-3 Ang^2):  4.3703  12.9470
--------------------------------------------------------------
 Path Indices:    1   5   4
 PDOS Poles:
     Freq. (THz)    Weight
        3.401       0.034269326
        6.148       0.000866394
        7.518       0.001744297
       20.268       0.007492137
       23.466       0.000028966
       29.696       0.086504066
       32.190       0.000311335
       38.205       0.198738565
       41.595       0.000030944
       43.811       0.208731825
       44.225       0.060631713
       91.105       0.000064033
       92.062       0.389646660
       93.175       0.000297512
       93.289       0.010535742
       93.892       0.000106490

 PDOS Einstein freq (single pole), associated temp and eff. force constant: 
 Freq (THz)   Temp (K)   Eff. FC (N/m)
  65.481      3142.48     220.3862

 pDOS n Moments, associated Einstein freqs, temps and eff. force constants:
  n     Mom (THz^n)   Freq (THz)     Temp (K)    Eff. FC (N/m)
 -2       0.00346      17.00800       816.23      14.8683
 -1       0.02943      33.97648      1630.56      59.3353
  0       1.00000     ---------     --------
  1      59.18464      59.18464      2840.32     180.0422
  2    4287.73632      65.48081      3142.48     220.3862

 Path Red. Mass (AMU):    0.784057
 Path Length (Ang), s^2 (1e-3 Ang^2):  5.0426  18.9714
--------------------------------------------------------------
 Path Indices:    1   5   6
 PDOS Poles:
     Freq. (THz)    Weight
        2.883       0.080235968
        6.946       0.040515164
       10.650       0.003499671
       20.307       0.031324145
       23.344       0.007309714
       30.784       0.071883143
       32.164       0.075282842
       38.160       0.043163181
       41.598       0.044016736
       43.371       0.000313496
       44.198       0.001711174
       91.105       0.006100825
       92.062       0.296526375
       93.175       0.131009543
       93.289       0.003755819
       93.892       0.163352239

 PDOS Einstein freq (single pole), associated temp and eff. force constant: 
 Freq (THz)   Temp (K)   Eff. FC (N/m)
  74.046      3553.53     945.6267

 pDOS n Moments, associated Einstein freqs, temps and eff. force constants:
  n     Mom (THz^n)   Freq (THz)     Temp (K)    Eff. FC (N/m)
 -2       0.01089       9.58405       459.95      15.8422
 -1       0.04923      20.31233       974.81      71.1600
  0       1.00000     ---------     --------
  1      65.30765      65.30765      3134.17     735.6043
  2    5482.81506      74.04603      3553.53     945.6267

 Path Red. Mass (AMU):    2.630919
 Path Length (Ang), s^2 (1e-3 Ang^2):  5.4327   9.4571
--------------------------------------------------------------
 Path Indices:    1   5   7
 PDOS Poles:
     Freq. (THz)    Weight
        3.345       0.016867844
        7.417       0.020485049
       11.095       0.005276120
       23.101       0.040348154
       28.616       0.004400187
       30.773       0.141126002
       32.175       0.100036059
       37.987       0.019179363
       41.601       0.075039099
       43.840       0.053185778
       44.202       0.004457865
       91.105       0.082753106
       92.062       0.146517316
       93.175       0.235963387
       93.289       0.053310019
       93.892       0.001054680

 PDOS Einstein freq (single pole), associated temp and eff. force constant: 
 Freq (THz)   Temp (K)   Eff. FC (N/m)
  70.592      3387.77     255.0982

 pDOS n Moments, associated Einstein freqs, temps and eff. force constants:
  n     Mom (THz^n)   Freq (THz)     Temp (K)    Eff. FC (N/m)
 -2       0.00240      20.42636       980.28      21.3589
 -1       0.02711      36.88208      1770.00      69.6351
  0       1.00000     ---------     --------
  1      63.35150      63.35150      3040.29     205.4525
  2    4983.21543      70.59189      3387.77     255.0982

 Path Red. Mass (AMU):    0.780888
 Path Length (Ang), s^2 (1e-3 Ang^2):  6.3460  17.5477
--------------------------------------------------------------
 Path Indices:    1   5   8
 PDOS Poles:
     Freq. (THz)    Weight
        2.242       0.026562937
        7.033       0.021851544
       10.937       0.006388245
       23.114       0.190111280
       29.071       0.006800331
       31.123       0.024544625
       32.275       0.103331023
       37.854       0.105715829
       41.601       0.121219497
       43.819       0.104149004
       44.202       0.008574077
       91.105       0.048495293
       92.062       0.070408667
       93.175       0.003659754
       93.289       0.022375982
       93.892       0.135811916

 PDOS Einstein freq (single pole), associated temp and eff. force constant: 
 Freq (THz)   Temp (K)   Eff. FC (N/m)
  56.936      2732.42     180.2984

 pDOS n Moments, associated Einstein freqs, temps and eff. force constants:
  n     Mom (THz^n)   Freq (THz)     Temp (K)    Eff. FC (N/m)
 -2       0.00650      12.40195       595.18       8.5545
 -1       0.03929      25.45395      1221.56      36.0349
  0       1.00000     ---------     --------
  1      49.04136      49.04136      2353.54     133.7636
  2    3241.74460      56.93632      2732.42     180.2984

 Path Red. Mass (AMU):    0.848407
 Path Length (Ang), s^2 (1e-3 Ang^2):  5.7887  23.4030
--------------------------------------------------------------
 Path Indices:    1   5   9
 PDOS Poles:
     Freq. (THz)    Weight
        3.012       0.036858090
        7.232       0.017881569
       10.797       0.004947280
       20.269       0.077334275
       23.556       0.000775314
       29.699       0.185868104
       32.202       0.021093184
       38.189       0.034962292
       41.602       0.119622722
       43.815       0.043374836
       44.223       0.027770445
       91.105       0.132561863
       92.062       0.032622310
       93.175       0.040826924
       93.289       0.191727050
       93.892       0.031773703

 PDOS Einstein freq (single pole), associated temp and eff. force constant: 
 Freq (THz)   Temp (K)   Eff. FC (N/m)
  65.539      3145.27     255.2159

 pDOS n Moments, associated Einstein freqs, temps and eff. force constants:
  n     Mom (THz^n)   Freq (THz)     Temp (K)    Eff. FC (N/m)
 -2       0.00505      14.07605       675.52      11.7726
 -1       0.03598      27.79451      1333.88      45.9015
  0       1.00000     ---------     --------
  1      57.27285      57.27285      2748.57     194.8976
  2    4295.35157      65.53893      3145.27     255.2158

 Path Red. Mass (AMU):    0.906359
 Path Length (Ang), s^2 (1e-3 Ang^2):  5.7676  20.0616
--------------------------------------------------------------
 Path Indices:    1   6   2
 PDOS Poles:
     Freq. (THz)    Weight
        3.413       0.027851714
        7.324       0.467713762
       11.015       0.046743039
       20.267       0.071969735
       22.803       0.000004913
       29.696       0.151734726
       32.185       0.046315780
       38.205       0.010386982
       41.603       0.140718575
       43.765       0.000011667
       44.224       0.002803753
       91.105       0.021345518
       92.062       0.000195008
       93.175       0.000051141
       93.289       0.012141358
       93.892       0.000012259

 PDOS Einstein freq (single pole), associated temp and eff. force constant: 
 Freq (THz)   Temp (K)   Eff. FC (N/m)
  28.137      1350.32     519.0252

 pDOS n Moments, associated Einstein freqs, temps and eff. force constants:
  n     Mom (THz^n)   Freq (THz)     Temp (K)    Eff. FC (N/m)
 -2       0.01198       9.13568       438.43      54.7159
 -1       0.09045      11.05570       530.57      80.1317
  0       1.00000     ---------     --------
  1      20.96750      20.96750      1006.25     288.2207
  2     791.69287      28.13704      1350.32     519.0252

 Path Red. Mass (AMU):   10.000528
 Path Length (Ang), s^2 (1e-3 Ang^2):  7.3558   4.5710
--------------------------------------------------------------
 Path Indices:    1   6   3
 PDOS Poles:
     Freq. (THz)    Weight
        3.416       0.209081164
        7.316       0.218213011
       11.005       0.026245441
       20.266       0.078636954
       22.603       0.000112068
       29.696       0.115724811
       32.185       0.150390711
       38.204       0.000245773
       41.603       0.171201702
       43.810       0.002411458
       44.224       0.001749935
       91.105       0.023408113
       92.062       0.001608880
       93.175       0.000014849
       93.289       0.000912078
       93.892       0.000043057

 PDOS Einstein freq (single pole), associated temp and eff. force constant: 
 Freq (THz)   Temp (K)   Eff. FC (N/m)
  28.785      1381.43     540.1583

 pDOS n Moments, associated Einstein freqs, temps and eff. force constants:
  n     Mom (THz^n)   Freq (THz)     Temp (K)    Eff. FC (N/m)
 -2       0.02279       6.62435       317.91      28.6068
 -1       0.11038       9.05947       434.77      53.5044
  0       1.00000     ---------     --------
  1      22.15862      22.15862      1063.41     320.0876
  2     828.58630      28.78518      1381.43     540.1583

 Path Red. Mass (AMU):    9.944307
 Path Length (Ang), s^2 (1e-3 Ang^2):  6.1186   5.6098
--------------------------------------------------------------
 Path Indices:    1   6   4
 PDOS Poles:
     Freq. (THz)    Weight
        2.972       0.086514476
        6.975       0.039870963
       10.749       0.003879114
       20.306       0.033690458
       23.299       0.009360694
       30.822       0.084497815
       32.176       0.078530141
       38.164       0.051087380
       41.599       0.046405927
       43.680       0.001360814
       44.200       0.003289371
       91.105       0.006356101
       92.062       0.268511579
       93.175       0.112907271
       93.289       0.015890907
       93.892       0.157847027

 PDOS Einstein freq (single pole), associated temp and eff. force constant: 
 Freq (THz)   Temp (K)   Eff. FC (N/m)
  72.014      3456.00     941.6825

 pDOS n Moments, associated Einstein freqs, temps and eff. force constants:
  n     Mom (THz^n)   Freq (THz)     Temp (K)    Eff. FC (N/m)
 -2       0.01104       9.51622       456.69      16.4438
 -1       0.05104      19.59182       940.23      69.6985
  0       1.00000     ---------     --------
  1      62.81715      62.81715      3014.65     716.5238
  2    5185.97414      72.01371      3456.00     941.6825

 Path Red. Mass (AMU):    2.769908
 Path Length (Ang), s^2 (1e-3 Ang^2):  6.7568   9.3129
--------------------------------------------------------------
 Path Indices:    1   6   5
 PDOS Poles:
     Freq. (THz)    Weight
        2.883       0.080235968
        6.946       0.040515164
       10.650       0.003499671
       20.307       0.031324145
       23.344       0.007309714
       30.784       0.071883143
       32.164       0.075282842
       38.160       0.043163181
       41.598       0.044016736
       43.371       0.000313496
       44.198       0.001711174
       91.105       0.006100825
       92.062       0.296526375
       93.175       0.131009543
       93.289       0.003755819
       93.892       0.163352239

 PDOS Einstein freq (single pole), associated temp and eff. force constant: 
 Freq (THz)   Temp (K)   Eff. FC (N/m)
  74.046      3553.53     945.6267

 pDOS n Moments, associated Einstein freqs, temps and eff. force constants:
  n     Mom (THz^n)   Freq (THz)     Temp (K)    Eff. FC (N/m)
 -2       0.01089       9.58405       459.95      15.8422
 -1       0.04923      20.31233       974.81      71.1600
  0       1.00000     ---------     --------
  1      65.30765      65.30765      3134.17     735.6043
  2    5482.81506      74.04603      3553.53     945.6267

 Path Red. Mass (AMU):    2.630919
 Path Length (Ang), s^2 (1e-3 Ang^2):  6.7570   9.4571
--------------------------------------------------------------
 Path Indices:    1   6   7
 PDOS Poles:
     Freq. (THz)    Weight
        2.785       0.016473488
        7.332       0.067898753
       10.978       0.018593414
       20.484       0.000606203
       23.122       0.034634788
       30.882       0.024076276
       32.187       0.068027322
       37.827       0.021576286
       41.602       0.034925442
       43.843       0.052792192
       44.216       0.002235143
       91.105       0.159004684
       92.062       0.004730154
       93.175       0.148931896
       93.289       0.173527655
       93.892       0.171966289

 PDOS Einstein freq (single pole), associated temp and eff. force constant: 
 Freq (THz)   Temp (K)   Eff. FC (N/m)
  77.424      3715.62     529.5403

 pDOS n Moments, associated Einstein freqs, temps and eff. force constants:
  n     Mom (THz^n)   Freq (THz)     Temp (K)    Eff. FC (N/m)
 -2       0.00384      16.13887       774.52      23.0091
 -1       0.03104      32.21401      1545.98      91.6732
  0       1.00000     ---------     --------
  1      70.30962      70.30962      3374.22     436.6991
  2    5994.40663      77.42355      3715.62     529.5402

 Path Red. Mass (AMU):    1.347547
 Path Length (Ang), s^2 (1e-3 Ang^2):  5.6962  11.6422
--------------------------------------------------------------
 Path Indices:    1   6   8
 PDOS Poles:
     Freq. (THz)    Weight
        3.000       0.014286578
        7.328       0.068059773
       10.997       0.017618481
       20.533       0.000702284
       23.124       0.032037483
       30.898       0.022827529
       32.191       0.066123953
       37.829       0.021238690
       41.602       0.031588690
       43.841       0.051100473
       44.206       0.001244025
       91.105       0.166208708
       92.062       0.004877352
       93.175       0.205287035
       93.289       0.131927070
       93.892       0.164871880

 PDOS Einstein freq (single pole), associated temp and eff. force constant: 
 Freq (THz)   Temp (K)   Eff. FC (N/m)
  78.129      3749.46     528.0039

 pDOS n Moments, associated Einstein freqs, temps and eff. force constants:
  n     Mom (THz^n)   Freq (THz)     Temp (K)    Eff. FC (N/m)
 -2       0.00329      17.43956       836.94      26.3080
 -1       0.02963      33.75022      1619.70      98.5303
  0       1.00000     ---------     --------
  1      71.24403      71.24403      3419.06     439.0493
  2    6104.08651      78.12865      3749.46     528.0039

 Path Red. Mass (AMU):    1.319495
 Path Length (Ang), s^2 (1e-3 Ang^2):  5.6962  11.3486
--------------------------------------------------------------
 Path Indices:    1   6   9
 PDOS Poles:
     Freq. (THz)    Weight
        3.413       0.025306055
        7.303       0.019530013
        9.470       0.000263574
       11.215       0.000306653
       20.267       0.025175975
       29.696       0.092921444
       32.185       0.001555722
       38.205       0.008957818
       41.603       0.013697877
       43.811       0.006972206
       44.225       0.009478826
       91.105       0.323558629
       92.062       0.011819619
       93.175       0.003382994
       93.289       0.457012146
       93.892       0.000060344

 PDOS Einstein freq (single pole), associated temp and eff. force constant: 
 Freq (THz)   Temp (K)   Eff. FC (N/m)
  83.408      4002.84     513.7150

 pDOS n Moments, associated Einstein freqs, temps and eff. force constants:
  n     Mom (THz^n)   Freq (THz)     Temp (K)    Eff. FC (N/m)
 -2       0.00283      18.80361       902.40      26.1087
 -1       0.02412      41.46464      1989.92     126.9576
  0       1.00000     ---------     --------
  1      78.71244      78.71244      3777.48     457.4985
  2    6956.95540      83.40837      4002.84     513.7149

 Path Red. Mass (AMU):    1.126404
 Path Length (Ang), s^2 (1e-3 Ang^2):  5.6977  10.8206
--------------------------------------------------------------
 Path Indices:    1   7   2
 PDOS Poles:
     Freq. (THz)    Weight
        2.574       0.003945475
        7.552       0.134632057
       11.152       0.024033468
       21.040       0.008860997
       23.194       0.081701177
       30.481       0.063367344
       32.148       0.144309760
       37.861       0.059661364
       41.601       0.178819066
       43.829       0.135115162
       43.900       0.034725703
       91.105       0.036441302
       92.062       0.000952669
       93.175       0.027625782
       93.289       0.033372317
       93.892       0.032435991

 PDOS Einstein freq (single pole), associated temp and eff. force constant: 
 Freq (THz)   Temp (K)   Eff. FC (N/m)
  45.987      2206.97     140.3742

 pDOS n Moments, associated Einstein freqs, temps and eff. force constants:
  n     Mom (THz^n)   Freq (THz)     Temp (K)    Eff. FC (N/m)
 -2       0.00378      16.26986       780.80      17.5704
 -1       0.04319      23.15589      1111.27      35.5907
  0       1.00000     ---------     --------
  1      39.23193      39.23193      1882.77     102.1627
  2    2114.82327      45.98721      2206.97     140.3742

 Path Red. Mass (AMU):    1.012522
 Path Length (Ang), s^2 (1e-3 Ang^2):  7.8822  21.5555
--------------------------------------------------------------
 Path Indices:    1   7   3
 PDOS Poles:
     Freq. (THz)    Weight
        3.016       0.017211539
        7.342       0.043458735
       10.984       0.011976402
       23.115       0.079214611
       30.138       0.032867647
       31.532       0.117674720
       32.515       0.054079894
       37.856       0.081251055
       41.601       0.142125469
       43.841       0.094714081
       44.216       0.012211542
       91.105       0.089832762
       92.062       0.000869558
       93.175       0.060018011
       93.289       0.076217096
       93.892       0.086276847

 PDOS Einstein freq (single pole), associated temp and eff. force constant: 
 Freq (THz)   Temp (K)   Eff. FC (N/m)
  59.301      2845.89     239.7092

 pDOS n Moments, associated Einstein freqs, temps and eff. force constants:
  n     Mom (THz^n)   Freq (THz)     Temp (K)    Eff. FC (N/m)
 -2       0.00338      17.19312       825.11      20.1499
 -1       0.03400      29.40774      1411.30      58.9506
  0       1.00000     ---------     --------
  1      51.54125      51.54125      2473.51     181.0817
  2    3516.57478      59.30071      2845.89     239.7091

 Path Red. Mass (AMU):    1.039815
 Path Length (Ang), s^2 (1e-3 Ang^2):  7.0905  16.5275
--------------------------------------------------------------
 Path Indices:    1   7   4
 PDOS Poles:
     Freq. (THz)    Weight
        2.320       0.027735977
        7.047       0.020810364
       10.997       0.006899472
       23.111       0.200971649
       27.762       0.002221510
       30.501       0.020928175
       32.237       0.112917488
       37.857       0.110490498
       41.600       0.126157883
       43.825       0.110897310
       44.198       0.009494403
       91.105       0.044198141
       92.062       0.058493772
       93.175       0.001530620
       93.289       0.020662442
       93.892       0.125590287

 PDOS Einstein freq (single pole), associated temp and eff. force constant: 
 Freq (THz)   Temp (K)   Eff. FC (N/m)
  54.945      2636.87     168.2404

 pDOS n Moments, associated Einstein freqs, temps and eff. force constants:
  n     Mom (THz^n)   Freq (THz)     Temp (K)    Eff. FC (N/m)
 -2       0.00638      12.51753       600.73       8.7318
 -1       0.03989      25.06622      1202.95      35.0144
  0       1.00000     ---------     --------
  1      47.25619      47.25619      2267.87     124.4474
  2    3018.99006      54.94534      2636.87     168.2404

 Path Red. Mass (AMU):    0.850080
 Path Length (Ang), s^2 (1e-3 Ang^2):  7.4325  23.7181
--------------------------------------------------------------
 Path Indices:    1   7   5
 PDOS Poles:
     Freq. (THz)    Weight
        3.345       0.016867844
        7.417       0.020485049
       11.095       0.005276120
       23.101       0.040348154
       28.616       0.004400187
       30.773       0.141126002
       32.175       0.100036059
       37.987       0.019179363
       41.601       0.075039099
       43.840       0.053185778
       44.202       0.004457865
       91.105       0.082753106
       92.062       0.146517316
       93.175       0.235963387
       93.289       0.053310019
       93.892       0.001054680

 PDOS Einstein freq (single pole), associated temp and eff. force constant: 
 Freq (THz)   Temp (K)   Eff. FC (N/m)
  70.592      3387.77     255.0982

 pDOS n Moments, associated Einstein freqs, temps and eff. force constants:
  n     Mom (THz^n)   Freq (THz)     Temp (K)    Eff. FC (N/m)
 -2       0.00240      20.42636       980.28      21.3589
 -1       0.02711      36.88208      1770.00      69.6351
  0       1.00000     ---------     --------
  1      63.35150      63.35150      3040.29     205.4525
  2    4983.21543      70.59189      3387.77     255.0982

 Path Red. Mass (AMU):    0.780888
 Path Length (Ang), s^2 (1e-3 Ang^2):  7.9939  17.5477
--------------------------------------------------------------
 Path Indices:    1   7   6
 PDOS Poles:
     Freq. (THz)    Weight
        2.785       0.016473488
        7.332       0.067898753
       10.978       0.018593414
       20.484       0.000606203
       23.122       0.034634788
       30.882       0.024076276
       32.187       0.068027322
       37.827       0.021576286
       41.602       0.034925442
       43.843       0.052792192
       44.216       0.002235143
       91.105       0.159004684
       92.062       0.004730154
       93.175       0.148931896
       93.289       0.173527655
       93.892       0.171966289

 PDOS Einstein freq (single pole), associated temp and eff. force constant: 
 Freq (THz)   Temp (K)   Eff. FC (N/m)
  77.424      3715.62     529.5403

 pDOS n Moments, associated Einstein freqs, temps and eff. force constants:
  n     Mom (THz^n)   Freq (THz)     Temp (K)    Eff. FC (N/m)
 -2       0.00384      16.13887       774.52      23.0091
 -1       0.03104      32.21401      1545.98      91.6732
  0       1.00000     ---------     --------
  1      70.30962      70.30962      3374.22     436.6991
  2    5994.40663      77.42355      3715.62     529.5402

 Path Red. Mass (AMU):    1.347547
 Path Length (Ang), s^2 (1e-3 Ang^2):  6.0198  11.6422
--------------------------------------------------------------
 Path Indices:    1   7   8
 PDOS Poles:
     Freq. (THz)    Weight
        3.373       0.005322072
        7.320       0.048750559
       11.015       0.021789395
       20.267       0.008236090
       23.190       0.000027935
       29.697       0.019251117
       32.185       0.130051386
       38.205       0.016762939
       41.603       0.064906651
       43.810       0.022254778
       44.225       0.063310159
       91.105       0.342993705
       92.062       0.008143890
       93.175       0.002321907
       93.289       0.245877339
       93.892       0.000000018

 PDOS Einstein freq (single pole), associated temp and eff. force constant: 
 Freq (THz)   Temp (K)   Eff. FC (N/m)
  74.429      3571.91     306.6910

 pDOS n Moments, associated Einstein freqs, temps and eff. force constants:
  n     Mom (THz^n)   Freq (THz)     Temp (K)    Eff. FC (N/m)
 -2       0.00189      23.01174      1104.35      29.3168
 -1       0.02576      38.81285      1862.66      83.4005
  0       1.00000     ---------     --------
  1      67.80762      67.80762      3254.15     254.5508
  2    5539.66502      74.42893      3571.91     306.6910

 Path Red. Mass (AMU):    0.844518
 Path Length (Ang), s^2 (1e-3 Ang^2):  6.6957  15.4184
--------------------------------------------------------------
 Path Indices:    1   7   9
 PDOS Poles:
     Freq. (THz)    Weight
        3.100       0.016256409
        7.481       0.030330554
       11.658       0.002268537
       20.707       0.007482087
       23.249       0.026900386
       29.980       0.046150027
       31.581       0.015687650
       37.853       0.034173646
       41.599       0.030577675
       43.828       0.017724782
       44.211       0.006920566
       91.105       0.550306847
       92.062       0.001400290
       93.175       0.086521256
       93.289       0.058859286
       93.892       0.068440016

 PDOS Einstein freq (single pole), associated temp and eff. force constant: 
 Freq (THz)   Temp (K)   Eff. FC (N/m)
  81.687      3920.22     374.0918

 pDOS n Moments, associated Einstein freqs, temps and eff. force constants:
  n     Mom (THz^n)   Freq (THz)     Temp (K)    Eff. FC (N/m)
 -2       0.00253      19.88363       954.23      22.1649
 -1       0.02359      42.39197      2034.43     100.7491
  0       1.00000     ---------     --------
  1      76.85482      76.85482      3688.33     331.1437
  2    6672.73688      81.68682      3920.22     374.0918

 Path Red. Mass (AMU):    0.855196
 Path Length (Ang), s^2 (1e-3 Ang^2):  6.6981  13.9404
--------------------------------------------------------------
 Path Indices:    1   8   2
 PDOS Poles:
     Freq. (THz)    Weight
        3.017       0.003178648
        7.513       0.135611700
       11.161       0.023990916
       21.003       0.009348081
       23.199       0.077880784
       30.453       0.061607603
       32.149       0.144216564
       37.863       0.058571666
       41.601       0.173182680
       43.840       0.167103631
       44.091       0.003771688
       91.105       0.039946529
       92.062       0.001033569
       93.175       0.040670984
       93.289       0.026861043
       93.892       0.033023884

 PDOS Einstein freq (single pole), associated temp and eff. force constant: 
 Freq (THz)   Temp (K)   Eff. FC (N/m)
  46.834      2247.59     145.1570

 pDOS n Moments, associated Einstein freqs, temps and eff. force constants:
  n     Mom (THz^n)   Freq (THz)     Temp (K)    Eff. FC (N/m)
 -2       0.00356      16.75395       804.04      18.5762
 -1       0.04270      23.42031      1123.96      36.3000
  0       1.00000     ---------     --------
  1      39.85677      39.85677      1912.76     105.1297
  2    2193.39436      46.83369      2247.59     145.1570

 Path Red. Mass (AMU):    1.009514
 Path Length (Ang), s^2 (1e-3 Ang^2):  7.9191  21.3757
--------------------------------------------------------------
 Path Indices:    1   8   3
 PDOS Poles:
     Freq. (THz)    Weight
        3.051       0.016299541
        7.334       0.045240152
       11.002       0.011522770
       23.114       0.077798343
       29.821       0.018370006
       31.265       0.099588565
       32.362       0.081121111
       37.858       0.078207724
       41.601       0.136335527
       43.838       0.094435459
       44.212       0.009776387
       91.105       0.096189922
       92.062       0.000969335
       93.175       0.088802274
       93.289       0.060775376
       93.892       0.084567496

 PDOS Einstein freq (single pole), associated temp and eff. force constant: 
 Freq (THz)   Temp (K)   Eff. FC (N/m)
  60.372      2897.32     247.2414

 pDOS n Moments, associated Einstein freqs, temps and eff. force constants:
  n     Mom (THz^n)   Freq (THz)     Temp (K)    Eff. FC (N/m)
 -2       0.00326      17.51637       840.63      20.8129
 -1       0.03352      29.83062      1431.60      60.3629
  0       1.00000     ---------     --------
  1      52.53452      52.53452      2521.18     187.2125
  2    3644.81629      60.37231      2897.32     247.2413

 Path Red. Mass (AMU):    1.034753
 Path Length (Ang), s^2 (1e-3 Ang^2):  7.1332  16.3729
--------------------------------------------------------------
 Path Indices:    1   8   4
 PDOS Poles:
     Freq. (THz)    Weight
        3.352       0.017230179
        7.389       0.021499758
       11.076       0.005543061
       23.104       0.036118390
       29.054       0.008100120
       30.816       0.145544807
       32.197       0.097898305
       38.013       0.019347313
       41.601       0.072636088
       43.837       0.054813659
       44.178       0.002587276
       91.105       0.089615656
       92.062       0.132410321
       93.175       0.269214102
       93.289       0.025632361
       93.892       0.001808636

 PDOS Einstein freq (single pole), associated temp and eff. force constant: 
 Freq (THz)   Temp (K)   Eff. FC (N/m)
  70.528      3384.70     257.2280

 pDOS n Moments, associated Einstein freqs, temps and eff. force constants:
  n     Mom (THz^n)   Freq (THz)     Temp (K)    Eff. FC (N/m)
 -2       0.00244      20.23082       970.89      21.1652
 -1       0.02733      36.59593      1756.27      69.2566
  0       1.00000     ---------     --------
  1      63.25879      63.25879      3035.84     206.9367
  2    4974.19028      70.52794      3384.70     257.2280

 Path Red. Mass (AMU):    0.788837
 Path Length (Ang), s^2 (1e-3 Ang^2):  8.0365  17.5067
--------------------------------------------------------------
 Path Indices:    1   8   5
 PDOS Poles:
     Freq. (THz)    Weight
        2.242       0.026562937
        7.033       0.021851544
       10.937       0.006388245
       23.114       0.190111280
       29.071       0.006800331
       31.123       0.024544625
       32.275       0.103331023
       37.854       0.105715829
       41.601       0.121219497
       43.819       0.104149004
       44.202       0.008574077
       91.105       0.048495293
       92.062       0.070408667
       93.175       0.003659754
       93.289       0.022375982
       93.892       0.135811916

 PDOS Einstein freq (single pole), associated temp and eff. force constant: 
 Freq (THz)   Temp (K)   Eff. FC (N/m)
  56.936      2732.42     180.2984

 pDOS n Moments, associated Einstein freqs, temps and eff. force constants:
  n     Mom (THz^n)   Freq (THz)     Temp (K)    Eff. FC (N/m)
 -2       0.00650      12.40195       595.18       8.5545
 -1       0.03929      25.45395      1221.56      36.0349
  0       1.00000     ---------     --------
  1      49.04136      49.04136      2353.54     133.7636
  2    3241.74460      56.93632      2732.42     180.2984

 Path Red. Mass (AMU):    0.848407
 Path Length (Ang), s^2 (1e-3 Ang^2):  7.4790  23.4030
--------------------------------------------------------------
 Path Indices:    1   8   6
 PDOS Poles:
     Freq. (THz)    Weight
        3.000       0.014286578
        7.328       0.068059773
       10.997       0.017618481
       20.533       0.000702284
       23.124       0.032037483
       30.898       0.022827529
       32.191       0.066123953
       37.829       0.021238690
       41.602       0.031588690
       43.841       0.051100473
       44.206       0.001244025
       91.105       0.166208708
       92.062       0.004877352
       93.175       0.205287035
       93.289       0.131927070
       93.892       0.164871880

 PDOS Einstein freq (single pole), associated temp and eff. force constant: 
 Freq (THz)   Temp (K)   Eff. FC (N/m)
  78.129      3749.46     528.0039

 pDOS n Moments, associated Einstein freqs, temps and eff. force constants:
  n     Mom (THz^n)   Freq (THz)     Temp (K)    Eff. FC (N/m)
 -2       0.00329      17.43956       836.94      26.3080
 -1       0.02963      33.75022      1619.70      98.5303
  0       1.00000     ---------     --------
  1      71.24403      71.24403      3419.06     439.0493
  2    6104.08651      78.12865      3749.46     528.0039

 Path Red. Mass (AMU):    1.319495
 Path Length (Ang), s^2 (1e-3 Ang^2):  6.0623  11.3486
--------------------------------------------------------------
 Path Indices:    1   8   7
 PDOS Poles:
     Freq. (THz)    Weight
        3.373       0.005322072
        7.320       0.048750559
       11.015       0.021789395
       20.267       0.008236090
       23.190       0.000027935
       29.697       0.019251117
       32.185       0.130051386
       38.205       0.016762939
       41.603       0.064906651
       43.810       0.022254778
       44.225       0.063310159
       91.105       0.342993705
       92.062       0.008143890
       93.175       0.002321907
       93.289       0.245877339
       93.892       0.000000018

 PDOS Einstein freq (single pole), associated temp and eff. force constant: 
 Freq (THz)   Temp (K)   Eff. FC (N/m)
  74.429      3571.91     306.6910

 pDOS n Moments, associated Einstein freqs, temps and eff. force constants:
  n     Mom (THz^n)   Freq (THz)     Temp (K)    Eff. FC (N/m)
 -2       0.00189      23.01174      1104.35      29.3168
 -1       0.02576      38.81285      1862.66      83.4005
  0       1.00000     ---------     --------
  1      67.80762      67.80762      3254.15     254.5508
  2    5539.66502      74.42893      3571.91     306.6910

 Path Red. Mass (AMU):    0.844518
 Path Length (Ang), s^2 (1e-3 Ang^2):  6.7382  15.4184
--------------------------------------------------------------
 Path Indices:    1   8   9
 PDOS Poles:
     Freq. (THz)    Weight
        3.220       0.015204634
        7.461       0.029406850
       11.731       0.002101441
       20.718       0.007207861
       23.257       0.024666881
       29.976       0.044313421
       31.608       0.014563235
       37.854       0.032086773
       41.598       0.028850704
       43.829       0.013642475
       44.210       0.006061448
       91.105       0.564985401
       92.062       0.001296490
       93.175       0.065685407
       93.289       0.074789578
       93.892       0.075137412

 PDOS Einstein freq (single pole), associated temp and eff. force constant: 
 Freq (THz)   Temp (K)   Eff. FC (N/m)
  82.407      3954.76     380.3776

 pDOS n Moments, associated Einstein freqs, temps and eff. force constants:
  n     Mom (THz^n)   Freq (THz)     Temp (K)    Eff. FC (N/m)
 -2       0.00228      20.94824      1005.32      24.5803
 -1       0.02270      44.04762      2113.88     108.6767
  0       1.00000     ---------     --------
  1      77.82999      77.82999      3735.13     339.3013
  2    6790.83942      82.40655      3954.76     380.3776

 Path Red. Mass (AMU):    0.854442
 Path Length (Ang), s^2 (1e-3 Ang^2):  6.7402  13.4283
--------------------------------------------------------------
 Path Indices:    1   9   2
 PDOS Poles:
     Freq. (THz)    Weight
        3.417       0.006941282
        7.324       0.024090337
       11.001       0.000703675
       20.267       0.059371917
       22.508       0.000000444
       29.696       0.140415614
       32.185       0.020054090
       38.205       0.021539338
       41.603       0.064024852
       43.811       0.012011900
       44.225       0.017861020
       91.105       0.277370377
       92.062       0.008716216
       93.175       0.002480760
       93.289       0.344362863
       93.892       0.000055230

 PDOS Einstein freq (single pole), associated temp and eff. force constant: 
 Freq (THz)   Temp (K)   Eff. FC (N/m)
  75.932      3644.06     385.7220

 pDOS n Moments, associated Einstein freqs, temps and eff. force constants:
  n     Mom (THz^n)   Freq (THz)     Temp (K)    Eff. FC (N/m)
 -2       0.00151      25.69980      1233.36      44.1855
 -1       0.02330      42.91068      2059.32     123.1831
  0       1.00000     ---------     --------
  1      69.46297      69.46297      3333.59     322.7951
  2    5765.72807      75.93239      3644.06     385.7219

 Path Red. Mass (AMU):    1.020496
 Path Length (Ang), s^2 (1e-3 Ang^2):  9.0673  11.5411
--------------------------------------------------------------
 Path Indices:    1   9   3
 PDOS Poles:
     Freq. (THz)    Weight
        3.414       0.029609201
        7.298       0.008618400
       10.973       0.000995772
       20.267       0.056603846
       22.608       0.000005057
       29.696       0.199345012
       32.185       0.030352711
       38.205       0.026600135
       41.603       0.106794731
       43.811       0.018576225
       44.225       0.031003403
       91.105       0.214140265
       92.062       0.006405909
       93.175       0.001840338
       93.289       0.269080521
       93.892       0.000028414

 PDOS Einstein freq (single pole), associated temp and eff. force constant: 
 Freq (THz)   Temp (K)   Eff. FC (N/m)
  68.855      3304.42     308.6220

 pDOS n Moments, associated Einstein freqs, temps and eff. force constants:
  n     Mom (THz^n)   Freq (THz)     Temp (K)    Eff. FC (N/m)
 -2       0.00327      17.49566       839.63      19.9257
 -1       0.03011      33.21523      1594.03      71.8170
  0       1.00000     ---------     --------
  1      61.23843      61.23843      2938.89     244.1186
  2    4741.04503      68.85525      3304.42     308.6220

 Path Red. Mass (AMU):    0.992988
 Path Length (Ang), s^2 (1e-3 Ang^2):  7.4890  15.3230
--------------------------------------------------------------
 Path Indices:    1   9   4
 PDOS Poles:
     Freq. (THz)    Weight
        3.124       0.038499432
        7.393       0.019056775
       10.897       0.004534738
       20.272       0.078539019
       23.640       0.001096534
       29.701       0.185186022
       32.208       0.021209175
       38.184       0.038644613
       41.602       0.120088175
       43.823       0.043306719
       44.223       0.031268078
       91.105       0.134811194
       92.062       0.025615051
       93.175       0.013467405
       93.289       0.219854361
       93.892       0.024822659

 PDOS Einstein freq (single pole), associated temp and eff. force constant: 
 Freq (THz)   Temp (K)   Eff. FC (N/m)
  64.914      3115.29     253.1134

 pDOS n Moments, associated Einstein freqs, temps and eff. force constants:
  n     Mom (THz^n)   Freq (THz)     Temp (K)    Eff. FC (N/m)
 -2       0.00494      14.23007       682.91      12.1632
 -1       0.03625      27.58676      1323.91      45.7127
  0       1.00000     ---------     --------
  1      56.59962      56.59962      2716.27     192.4253
  2    4213.85827      64.91424      3115.29     253.1133

 Path Red. Mass (AMU):    0.916276
 Path Length (Ang), s^2 (1e-3 Ang^2):  7.8276  19.9939
--------------------------------------------------------------
 Path Indices:    1   9   5
 PDOS Poles:
     Freq. (THz)    Weight
        3.012       0.036858090
        7.232       0.017881569
       10.797       0.004947280
       20.269       0.077334275
       23.556       0.000775314
       29.699       0.185868104
       32.202       0.021093184
       38.189       0.034962292
       41.602       0.119622722
       43.815       0.043374836
       44.223       0.027770445
       91.105       0.132561863
       92.062       0.032622310
       93.175       0.040826924
       93.289       0.191727050
       93.892       0.031773703

 PDOS Einstein freq (single pole), associated temp and eff. force constant: 
 Freq (THz)   Temp (K)   Eff. FC (N/m)
  65.539      3145.27     255.2159

 pDOS n Moments, associated Einstein freqs, temps and eff. force constants:
  n     Mom (THz^n)   Freq (THz)     Temp (K)    Eff. FC (N/m)
 -2       0.00505      14.07605       675.52      11.7726
 -1       0.03598      27.79451      1333.88      45.9015
  0       1.00000     ---------     --------
  1      57.27285      57.27285      2748.57     194.8976
  2    4295.35157      65.53893      3145.27     255.2158

 Path Red. Mass (AMU):    0.906359
 Path Length (Ang), s^2 (1e-3 Ang^2):  7.8240  20.0616
--------------------------------------------------------------
 Path Indices:    1   9   6
 PDOS Poles:
     Freq. (THz)    Weight
        3.413       0.025306055
        7.303       0.019530013
        9.470       0.000263574
       11.215       0.000306653
       20.267       0.025175975
       29.696       0.092921444
       32.185       0.001555722
       38.205       0.008957818
       41.603       0.013697877
       43.811       0.006972206
       44.225       0.009478826
       91.105       0.323558629
       92.062       0.011819619
       93.175       0.003382994
       93.289       0.457012146
       93.892       0.000060344

 PDOS Einstein freq (single pole), associated temp and eff. force constant: 
 Freq (THz)   Temp (K)   Eff. FC (N/m)
  83.408      4002.84     513.7150

 pDOS n Moments, associated Einstein freqs, temps and eff. force constants:
  n     Mom (THz^n)   Freq (THz)     Temp (K)    Eff. FC (N/m)
 -2       0.00283      18.80361       902.40      26.1087
 -1       0.02412      41.46464      1989.92     126.9576
  0       1.00000     ---------     --------
  1      78.71244      78.71244      3777.48     457.4985
  2    6956.95540      83.40837      4002.84     513.7149

 Path Red. Mass (AMU):    1.126404
 Path Length (Ang), s^2 (1e-3 Ang^2):  6.4298  10.8206
--------------------------------------------------------------
 Path Indices:    1   9   7
 PDOS Poles:
     Freq. (THz)    Weight
        3.100       0.016256409
        7.481       0.030330554
       11.658       0.002268537
       20.707       0.007482087
       23.249       0.026900386
       29.980       0.046150027
       31.581       0.015687650
       37.853       0.034173646
       41.599       0.030577675
       43.828       0.017724782
       44.211       0.006920566
       91.105       0.550306847
       92.062       0.001400290
       93.175       0.086521256
       93.289       0.058859286
       93.892       0.068440016

 PDOS Einstein freq (single pole), associated temp and eff. force constant: 
 Freq (THz)   Temp (K)   Eff. FC (N/m)
  81.687      3920.22     374.0918

 pDOS n Moments, associated Einstein freqs, temps and eff. force constants:
  n     Mom (THz^n)   Freq (THz)     Temp (K)    Eff. FC (N/m)
 -2       0.00253      19.88363       954.23      22.1649
 -1       0.02359      42.39197      2034.43     100.7491
  0       1.00000     ---------     --------
  1      76.85482      76.85482      3688.33     331.1437
  2    6672.73688      81.68682      3920.22     374.0918

 Path Red. Mass (AMU):    0.855196
 Path Length (Ang), s^2 (1e-3 Ang^2):  7.1066  13.9404
--------------------------------------------------------------
 Path Indices:    1   9   8
 PDOS Poles:
     Freq. (THz)    Weight
        3.220       0.015204634
        7.461       0.029406850
       11.731       0.002101441
       20.718       0.007207861
       23.257       0.024666881
       29.976       0.044313421
       31.608       0.014563235
       37.854       0.032086773
       41.598       0.028850704
       43.829       0.013642475
       44.210       0.006061448
       91.105       0.564985401
       92.062       0.001296490
       93.175       0.065685407
       93.289       0.074789578
       93.892       0.075137412

 PDOS Einstein freq (single pole), associated temp and eff. force constant: 
 Freq (THz)   Temp (K)   Eff. FC (N/m)
  82.407      3954.76     380.3776

 pDOS n Moments, associated Einstein freqs, temps and eff. force constants:
  n     Mom (THz^n)   Freq (THz)     Temp (K)    Eff. FC (N/m)
 -2       0.00228      20.94824      1005.32      24.5803
 -1       0.02270      44.04762      2113.88     108.6767
  0       1.00000     ---------     --------
  1      77.82999      77.82999      3735.13     339.3013
  2    6790.83942      82.40655      3954.76     380.3776

 Path Red. Mass (AMU):    0.854442
 Path Length (Ang), s^2 (1e-3 Ang^2):  7.1062  13.4283
--------------------------------------------------------------
--------------------------------------------------------------
 Path Indices:    1   2   1   2
 PDOS Poles:
     Freq. (THz)    Weight
        3.247       0.000244005
        7.324       0.454621374
       11.016       0.540220679
       20.265       0.002723164
       23.004       0.000027497
       29.705       0.000804128
       32.177       0.001217966
       35.027       0.000000664
       38.201       0.000135997
       41.604       0.000001196
       43.811       0.000001455
       91.105       0.000000105
       92.062       0.000001620
       93.175       0.000000000
       93.289       0.000000089
       93.892      -0.000000000

 PDOS Einstein freq (single pole), associated temp and eff. force constant: 
 Freq (THz)   Temp (K)   Eff. FC (N/m)
   9.658       463.49      65.7747

 pDOS n Moments, associated Einstein freqs, temps and eff. force constants:
  n     Mom (THz^n)   Freq (THz)     Temp (K)    Eff. FC (N/m)
 -2       0.01296       8.78481       421.59      54.4202
 -1       0.11139       8.97766       430.85      56.8358
  0       1.00000     ---------     --------
  1       9.40622       9.40622       451.41      62.3915
  2      93.27463       9.65788       463.49      65.7747

 Path Red. Mass (AMU):   10.756887
 Path Length (Ang), s^2 (1e-3 Ang^2):  6.8631   5.2333
--------------------------------------------------------------
 Path Indices:    1   2   1   3
 PDOS Poles:
     Freq. (THz)    Weight
        3.407       0.128173080
        7.319       0.313013337
       11.014       0.106378553
       20.266       0.068561419
       23.072       0.000057025
       29.697       0.122940427
       32.185       0.132558948
       38.205       0.108685462
       41.601       0.001877507
       43.810       0.015258046
       44.220       0.000436163
       91.105       0.000003797
       92.062       0.001922227
       93.175       0.000045198
       93.289       0.000033681
       93.892       0.000055104

 PDOS Einstein freq (single pole), associated temp and eff. force constant: 
 Freq (THz)   Temp (K)   Eff. FC (N/m)
  22.685      1088.67     236.9714

 pDOS n Moments, associated Einstein freqs, temps and eff. force constants:
  n     Mom (THz^n)   Freq (THz)     Temp (K)    Eff. FC (N/m)
 -2       0.01828       7.39652       354.97      25.1927
 -1       0.10496       9.52765       457.24      41.8014
  0       1.00000     ---------     --------
  1      18.31546      18.31546       878.97     154.4737
  2     514.60835      22.68498      1088.67     236.9713

 Path Red. Mass (AMU):    7.024417
 Path Length (Ang), s^2 (1e-3 Ang^2):  7.7612   7.5514
--------------------------------------------------------------
 Path Indices:    1   2   1   4
 PDOS Poles:
     Freq. (THz)    Weight
        2.462       0.041225021
        7.207       0.024367676
       11.172       0.014216661
       21.102       0.009302261
       23.660       0.013701548
       29.926       0.149170717
       31.072       0.133986964
       37.900       0.389976335
       38.318       0.167812250
       43.804       0.024428478
       44.185       0.002210860
       91.105       0.000006164
       92.062       0.014974911
       93.175       0.006756288
       93.289       0.000809544
       93.892       0.007054320

 PDOS Einstein freq (single pole), associated temp and eff. force constant: 
 Freq (THz)   Temp (K)   Eff. FC (N/m)
  37.291      1789.65      86.9307

 pDOS n Moments, associated Einstein freqs, temps and eff. force constants:
  n     Mom (THz^n)   Freq (THz)     Temp (K)    Eff. FC (N/m)
 -2       0.00814      11.08429       531.94       7.6802
 -1       0.04731      21.13619      1014.34      27.9261
  0       1.00000     ---------     --------
  1      34.70817      34.70817      1665.68      75.3043
  2    1390.64579      37.29136      1789.65      86.9307

 Path Red. Mass (AMU):    0.953560
 Path Length (Ang), s^2 (1e-3 Ang^2):  7.7873  25.0757
--------------------------------------------------------------
 Path Indices:    1   2   1   5
 PDOS Poles:
     Freq. (THz)    Weight
        2.249       0.044057873
        7.207       0.026500360
       11.177       0.015039022
       21.205       0.010048231
       23.611       0.017141323
       29.951       0.146690216
       31.098       0.120119495
       37.909       0.389829399
       38.341       0.142790188
       43.807       0.032547794
       44.201       0.003879715
       91.105       0.000009071
       92.062       0.026653372
       93.175       0.012283062
       93.289       0.000272173
       93.892       0.012138710

 PDOS Einstein freq (single pole), associated temp and eff. force constant: 
 Freq (THz)   Temp (K)   Eff. FC (N/m)
  39.338      1887.85      96.7107

 pDOS n Moments, associated Einstein freqs, temps and eff. force constants:
  n     Mom (THz^n)   Freq (THz)     Temp (K)    Eff. FC (N/m)
 -2       0.01008       9.96165       478.07       6.2018
 -1       0.04997      20.01324       960.45      25.0317
  0       1.00000     ---------     --------
  1      35.81907      35.81907      1718.99      80.1834
  2    1547.45687      39.33773      1887.85      96.7107

 Path Red. Mass (AMU):    0.953338
 Path Length (Ang), s^2 (1e-3 Ang^2):  7.8547  26.4891
--------------------------------------------------------------
 Path Indices:    1   2   1   6
 PDOS Poles:
     Freq. (THz)    Weight
        3.407       0.061104300
        7.323       0.533931904
       11.010       0.025216523
       20.266       0.012519562
       24.757       0.000003256
       29.697       0.122675734
       32.185       0.079723807
       38.201       0.003919744
       41.603       0.137054255
       43.788       0.000102329
       44.223       0.000660660
       91.105       0.019720972
       92.062       0.000020841
       93.175       0.000000103
       93.289       0.003319170
       93.892       0.000026760

 PDOS Einstein freq (single pole), associated temp and eff. force constant: 
 Freq (THz)   Temp (K)   Eff. FC (N/m)
  25.802      1238.24     304.2689

 pDOS n Moments, associated Einstein freqs, temps and eff. force constants:
  n     Mom (THz^n)   Freq (THz)     Temp (K)    Eff. FC (N/m)
 -2       0.01576       7.96568       382.28      29.0009
 -1       0.10403       9.61269       461.32      42.2335
  0       1.00000     ---------     --------
  1      18.85458      18.85458       904.85     162.4803
  2     665.71839      25.80152      1238.24     304.2689

 Path Red. Mass (AMU):    6.972013
 Path Length (Ang), s^2 (1e-3 Ang^2):  9.1790   7.5409
--------------------------------------------------------------
 Path Indices:    1   2   1   7
 PDOS Poles:
     Freq. (THz)    Weight
        1.596       0.011371388
        7.437       0.124690995
       13.126       0.000569307
       20.613       0.012181456
       23.161       0.100957384
       30.615       0.071912883
       32.149       0.142102586
       37.840       0.068686145
       41.602       0.187248368
       43.842       0.139496940
       44.191       0.004507469
       91.105       0.037994306
       92.062       0.000937640
       93.175       0.029257729
       93.289       0.033912380
       93.892       0.034172979

 PDOS Einstein freq (single pole), associated temp and eff. force constant: 
 Freq (THz)   Temp (K)   Eff. FC (N/m)
  46.408      2227.15     134.1169

 pDOS n Moments, associated Einstein freqs, temps and eff. force constants:
  n     Mom (THz^n)   Freq (THz)     Temp (K)    Eff. FC (N/m)
 -2       0.00740      11.62555       557.92       8.4165
 -1       0.04672      21.40333      1027.16      28.5276
  0       1.00000     ---------     --------
  1      39.66230      39.66230      1903.43      97.9623
  2    2153.67592      46.40771      2227.15     134.1169

 Path Red. Mass (AMU):    0.949936
 Path Length (Ang), s^2 (1e-3 Ang^2):  9.5027  24.8606
--------------------------------------------------------------
 Path Indices:    1   2   1   8
 PDOS Poles:
     Freq. (THz)    Weight
        1.719       0.007960776
        7.403       0.128256818
       13.680       0.000482553
       20.627       0.013053844
       23.169       0.092445649
       30.581       0.068543820
       32.148       0.142100672
       37.843       0.066152230
       41.602       0.176734695
       43.840       0.139105383
       44.136       0.002939397
       91.105       0.046013463
       92.062       0.001123037
       93.175       0.047009364
       93.289       0.029860069
       93.892       0.038218228

 PDOS Einstein freq (single pole), associated temp and eff. force constant: 
 Freq (THz)   Temp (K)   Eff. FC (N/m)
  48.408      2323.13     145.9004

 pDOS n Moments, associated Einstein freqs, temps and eff. force constants:
  n     Mom (THz^n)   Freq (THz)     Temp (K)    Eff. FC (N/m)
 -2       0.00569      13.25699       636.21      10.9425
 -1       0.04426      22.59438      1084.32      31.7854
  0       1.00000     ---------     --------
  1      41.17876      41.17876      1976.20     105.5780
  2    2343.30831      48.40773      2323.13     145.9004

 Path Red. Mass (AMU):    0.949770
 Path Length (Ang), s^2 (1e-3 Ang^2):  9.5451  23.5521
--------------------------------------------------------------
 Path Indices:    1   2   1   9
 PDOS Poles:
     Freq. (THz)    Weight
        3.415       0.018304264
        7.324       0.027715060
       11.015       0.027104964
       20.267       0.054344931
       23.458       0.000006692
       29.696       0.194882822
       32.185       0.026822006
       38.205       0.027083658
       41.603       0.109094329
       43.812       0.019467813
       44.225       0.031253753
       91.105       0.201988460
       92.062       0.006380185
       93.175       0.001843955
       93.289       0.253668252
       93.892       0.000038790

 PDOS Einstein freq (single pole), associated temp and eff. force constant: 
 Freq (THz)   Temp (K)   Eff. FC (N/m)
  67.145      3222.33     281.2091

 pDOS n Moments, associated Einstein freqs, temps and eff. force constants:
  n     Mom (THz^n)   Freq (THz)     Temp (K)    Eff. FC (N/m)
 -2       0.00285      18.72745       898.75      21.8758
 -1       0.03119      32.06057      1538.61      64.1136
  0       1.00000     ---------     --------
  1      58.95406      58.95406      2829.26     216.7879
  2    4508.39189      67.14456      3222.33     281.2090

 Path Red. Mass (AMU):    0.951478
 Path Length (Ang), s^2 (1e-3 Ang^2):  9.9111  16.5674
--------------------------------------------------------------
 Path Indices:    1   2   3   2
 PDOS Poles:
     Freq. (THz)    Weight
        3.415       0.031237564
        7.322       0.108740941
       11.015       0.077141266
       15.233       0.000003431
       20.267       0.532465717
       29.696       0.114765343
       32.185       0.001518484
       38.205       0.112805812
       41.602       0.000371599
       43.811       0.000271882
       44.225       0.010070545
       91.105       0.000003260
       92.062       0.010136953
       93.175       0.000001166
       93.289       0.000465825
       93.892       0.000000196

 PDOS Einstein freq (single pole), associated temp and eff. force constant: 
 Freq (THz)   Temp (K)   Eff. FC (N/m)
  24.750      1187.78     324.0055

 pDOS n Moments, associated Einstein freqs, temps and eff. force constants:
  n     Mom (THz^n)   Freq (THz)     Temp (K)    Eff. FC (N/m)
 -2       0.00685      12.07862       579.66      77.1677
 -1       0.06450      15.50455       744.08     127.1508
  0       1.00000     ---------     --------
  1      21.76051      21.76051      1044.31     250.4606
  2     612.56381      24.75003      1187.78     324.0055

 Path Red. Mass (AMU):    8.068491
 Path Length (Ang), s^2 (1e-3 Ang^2):  5.9519   4.0399
--------------------------------------------------------------
 Path Indices:    1   2   3   4
 PDOS Poles:
     Freq. (THz)    Weight
        2.592       0.021801893
        7.108       0.019945012
       10.993       0.005821294
       20.283       0.051387844
       23.290       0.006705960
       29.752       0.084435988
       30.964       0.066042527
       37.853       0.127978618
       38.268       0.060049959
       43.807       0.008075433
       44.216       0.001592015
       91.105       0.000029047
       92.062       0.247850526
       93.175       0.136015348
       93.289       0.014208188
       93.892       0.148060373

 PDOS Einstein freq (single pole), associated temp and eff. force constant: 
 Freq (THz)   Temp (K)   Eff. FC (N/m)
  71.870      3449.08     524.5102

 pDOS n Moments, associated Einstein freqs, temps and eff. force constants:
  n     Mom (THz^n)   Freq (THz)     Temp (K)    Eff. FC (N/m)
 -2       0.00419      15.45253       741.58      24.2473
 -1       0.03059      32.68948      1568.80     108.5127
  0       1.00000     ---------     --------
  1      64.30494      64.30494      3086.05     419.9071
  2    5165.22772      71.86952      3449.08     524.5102

 Path Red. Mass (AMU):    1.549015
 Path Length (Ang), s^2 (1e-3 Ang^2):  5.2107   9.9807
--------------------------------------------------------------
 Path Indices:    1   2   3   5
 PDOS Poles:
     Freq. (THz)    Weight
        2.400       0.021672690
        7.103       0.020333477
       11.007       0.005913183
       20.286       0.049033987
       23.284       0.007804538
       29.762       0.078748046
       30.975       0.058572215
       37.860       0.122200368
       38.285       0.049687444
       43.810       0.010591584
       44.218       0.002429215
       91.105       0.000033368
       92.062       0.269077164
       93.175       0.149051792
       93.289       0.002400815
       93.892       0.152450143

 PDOS Einstein freq (single pole), associated temp and eff. force constant: 
 Freq (THz)   Temp (K)   Eff. FC (N/m)
  73.246      3515.14     521.7212

 pDOS n Moments, associated Einstein freqs, temps and eff. force constants:
  n     Mom (THz^n)   Freq (THz)     Temp (K)    Eff. FC (N/m)
 -2       0.00469      14.59940       700.64      20.7272
 -1       0.03072      32.55699      1562.44     103.0766
  0       1.00000     ---------     --------
  1      65.89668      65.89668      3162.44     422.2783
  2    5364.96390      73.24591      3515.14     521.7212

 Path Red. Mass (AMU):    1.483416
 Path Length (Ang), s^2 (1e-3 Ang^2):  5.2107  10.4645
--------------------------------------------------------------
 Path Indices:    1   2   3   6
 PDOS Poles:
     Freq. (THz)    Weight
        3.412       0.029127872
        7.323       0.213877669
       10.998       0.003471284
       20.267       0.233897242
       22.554       0.000011869
       29.696       0.080619791
       32.185       0.254636300
       37.958       0.000019924
       41.603       0.136043298
       43.810       0.011233649
       44.225       0.008074620
       91.105       0.017391398
       92.062       0.010102336
       93.175       0.000000387
       93.289       0.001488645
       93.892       0.000003713

 PDOS Einstein freq (single pole), associated temp and eff. force constant: 
 Freq (THz)   Temp (K)   Eff. FC (N/m)
  30.967      1486.15     462.8216

 pDOS n Moments, associated Einstein freqs, temps and eff. force constants:
  n     Mom (THz^n)   Freq (THz)     Temp (K)    Eff. FC (N/m)
 -2       0.00752      11.53359       553.51      64.1996
 -1       0.06425      15.56359       746.91     116.9023
  0       1.00000     ---------     --------
  1      26.19747      26.19747      1257.24     331.2244
  2     958.98091      30.96742      1486.15     462.8216

 Path Red. Mass (AMU):    7.361985
 Path Length (Ang), s^2 (1e-3 Ang^2):  5.6348   4.4108
--------------------------------------------------------------
 Path Indices:    1   2   3   7
 PDOS Poles:
     Freq. (THz)    Weight
        2.287       0.004525293
        7.445       0.050683473
       13.386       0.000627498
       20.796       0.010309690
       23.186       0.074384227
       30.667       0.076997109
       32.165       0.164706782
       37.849       0.076530696
       41.601       0.133324188
       43.840       0.088315267
       44.215       0.016739154
       91.105       0.086420774
       92.062       0.000021126
       93.175       0.058250956
       93.289       0.075903355
       93.892       0.082260395

 PDOS Einstein freq (single pole), associated temp and eff. force constant: 
 Freq (THz)   Temp (K)   Eff. FC (N/m)
  58.669      2815.55     225.8469

 pDOS n Moments, associated Einstein freqs, temps and eff. force constants:
  n     Mom (THz^n)   Freq (THz)     Temp (K)    Eff. FC (N/m)
 -2       0.00241      20.38436       978.26      27.2645
 -1       0.03105      32.20348      1545.47      68.0471
  0       1.00000     ---------     --------
  1      51.15650      51.15650      2455.05     171.7140
  2    3441.99482      58.66852      2815.55     225.8469

 Path Red. Mass (AMU):    1.000910
 Path Length (Ang), s^2 (1e-3 Ang^2):  6.2830  15.6793
--------------------------------------------------------------
 Path Indices:    1   2   3   8
 PDOS Poles:
     Freq. (THz)    Weight
        2.535       0.003502705
        7.416       0.051451389
       13.685       0.000569571
       20.866       0.010149074
       23.196       0.070646006
       30.641       0.073779288
       32.164       0.164546711
       37.850       0.074895485
       41.601       0.127664287
       43.839       0.089007302
       44.212       0.013776453
       91.105       0.092417834
       92.062       0.000039267
       93.175       0.084790635
       93.289       0.060685291
       93.892       0.082078688

 PDOS Einstein freq (single pole), associated temp and eff. force constant: 
 Freq (THz)   Temp (K)   Eff. FC (N/m)
  59.719      2865.96     232.5640

 pDOS n Moments, associated Einstein freqs, temps and eff. force constants:
  n     Mom (THz^n)   Freq (THz)     Temp (K)    Eff. FC (N/m)
 -2       0.00209      21.86145      1049.15      31.1657
 -1       0.03026      33.05132      1586.16      71.2354
  0       1.00000     ---------     --------
  1      52.15009      52.15009      2502.73     177.3488
  2    3566.35198      59.71894      2865.96     232.5640

 Path Red. Mass (AMU):    0.994740
 Path Length (Ang), s^2 (1e-3 Ang^2):  6.2833  15.3719
--------------------------------------------------------------
 Path Indices:    1   2   3   9
 PDOS Poles:
     Freq. (THz)    Weight
        3.415       0.007974272
        7.323       0.012947631
       11.015       0.010497009
       20.267       0.104637784
       22.763       0.000000320
       29.696       0.192374291
       32.185       0.012158581
       38.205       0.027981188
       41.603       0.101572358
       43.811       0.024983101
       44.225       0.023918870
       91.105       0.209592662
       92.062       0.010646431
       93.175       0.001886008
       93.289       0.258785521
       93.892       0.000043907

 PDOS Einstein freq (single pole), associated temp and eff. force constant: 
 Freq (THz)   Temp (K)   Eff. FC (N/m)
  68.099      3268.13     295.5787

 pDOS n Moments, associated Einstein freqs, temps and eff. force constants:
  n     Mom (THz^n)   Freq (THz)     Temp (K)    Eff. FC (N/m)
 -2       0.00166      24.57501      1179.38      38.4928
 -1       0.02657      37.63534      1806.15      90.2785
  0       1.00000     ---------     --------
  1      60.30626      60.30626      2894.15     231.8020
  2    4637.46506      68.09894      3268.13     295.5786

 Path Red. Mass (AMU):    0.972263
 Path Length (Ang), s^2 (1e-3 Ang^2):  6.2730  13.8116
--------------------------------------------------------------
 Path Indices:    1   2   4   2
 PDOS Poles:
     Freq. (THz)    Weight
        4.050       0.006105768
        9.589       0.013416377
       12.787       0.004833296
       20.597       0.040237577
       23.708       0.022355024
       30.481       0.189875712
       31.744       0.057798487
       38.083       0.213119594
       39.496       0.003181153
       43.783       0.015289290
       44.210       0.014097027
       91.105       0.000024575
       92.062       0.203084730
       93.175       0.098488371
       93.289       0.011443667
       93.892       0.106649365

 PDOS Einstein freq (single pole), associated temp and eff. force constant: 
 Freq (THz)   Temp (K)   Eff. FC (N/m)
  65.219      3129.94     267.9241

 pDOS n Moments, associated Einstein freqs, temps and eff. force constants:
  n     Mom (THz^n)   Freq (THz)     Temp (K)    Eff. FC (N/m)
 -2       0.00116      29.40063      1410.96      54.4466
 -1       0.02510      39.84427      1912.16      99.9976
  0       1.00000     ---------     --------
  1      57.68720      57.68720      2768.46     209.6123
  2    4253.57515      65.21944      3129.94     267.9241

 Path Red. Mass (AMU):    0.960835
 Path Length (Ang), s^2 (1e-3 Ang^2):  7.1242  13.2011
--------------------------------------------------------------
 Path Indices:    1   2   4   3
 PDOS Poles:
     Freq. (THz)    Weight
        3.483       0.008020639
        7.421       0.017575902
       11.138       0.005995638
       20.292       0.028720005
       23.240       0.007302278
       29.782       0.036585379
       30.953       0.049648155
       37.937       0.032981785
       38.386       0.009705636
       43.809       0.010059202
       44.223       0.004899343
       91.105       0.000033273
       92.062       0.377565982
       93.175       0.186208548
       93.289       0.021257901
       93.892       0.203440372

 PDOS Einstein freq (single pole), associated temp and eff. force constant: 
 Freq (THz)   Temp (K)   Eff. FC (N/m)
  83.568      4010.50     497.3095

 pDOS n Moments, associated Einstein freqs, temps and eff. force constants:
  n     Mom (THz^n)   Freq (THz)     Temp (K)    Eff. FC (N/m)
 -2       0.00133      27.38332      1314.15      53.3973
 -1       0.01973      50.68770      2432.55     182.9583
  0       1.00000     ---------     --------
  1      79.08212      79.08212      3795.22     445.3520
  2    6983.60903      83.56799      4010.50     497.3095

 Path Red. Mass (AMU):    1.086271
 Path Length (Ang), s^2 (1e-3 Ang^2):  5.7968   9.1788
--------------------------------------------------------------
 Path Indices:    1   2   4   5
 PDOS Poles:
     Freq. (THz)    Weight
        2.530       0.011832254
        7.365       0.008143134
       11.249       0.005242117
       20.348       0.021667292
       23.230       0.018003703
       29.726       0.060296443
       32.642       0.002902722
       38.170       0.146668171
       39.657       0.000683020
       43.810       0.101904626
       44.223       0.029865608
       91.105       0.000078727
       92.062       0.558887337
       93.175       0.006978039
       93.289       0.017823022
       93.892       0.009023780

 PDOS Einstein freq (single pole), associated temp and eff. force constant: 
 Freq (THz)   Temp (K)   Eff. FC (N/m)
  74.684      3584.14     269.8758

 pDOS n Moments, associated Einstein freqs, temps and eff. force constants:
  n     Mom (THz^n)   Freq (THz)     Temp (K)    Eff. FC (N/m)
 -2       0.00244      20.26061       972.32      19.8617
 -1       0.02350      42.55231      2042.12      87.6106
  0       1.00000     ---------     --------
  1      68.92524      68.92524      3307.78     229.8620
  2    5577.67592      74.68384      3584.14     269.8758

 Path Red. Mass (AMU):    0.738077
 Path Length (Ang), s^2 (1e-3 Ang^2):  6.4692  16.0917
--------------------------------------------------------------
 Path Indices:    1   2   4   6
 PDOS Poles:
     Freq. (THz)    Weight
        3.706       0.007111754
        7.499       0.031574791
       11.623       0.003471642
       20.325       0.044541514
       23.167       0.060550107
       30.509       0.045359494
       32.119       0.072176286
       37.915       0.014348763
       41.598       0.024303149
       43.806       0.038415368
       44.221       0.016788682
       91.105       0.003270251
       92.062       0.306922423
       93.175       0.137175065
       93.289       0.017939293
       93.892       0.176051440

 PDOS Einstein freq (single pole), associated temp and eff. force constant: 
 Freq (THz)   Temp (K)   Eff. FC (N/m)
  76.594      3675.81     519.7042

 pDOS n Moments, associated Einstein freqs, temps and eff. force constants:
  n     Mom (THz^n)   Freq (THz)     Temp (K)    Eff. FC (N/m)
 -2       0.00157      25.22561      1210.60      56.3705
 -1       0.02410      41.50050      1991.65     152.5720
  0       1.00000     ---------     --------
  1      69.83236      69.83236      3351.32     431.9980
  2    5866.62043      76.59387      3675.81     519.7042

 Path Red. Mass (AMU):    1.351324
 Path Length (Ang), s^2 (1e-3 Ang^2):  6.8591   9.0118
--------------------------------------------------------------
 Path Indices:    1   2   4   7
 PDOS Poles:
     Freq. (THz)    Weight
        1.928       0.002802388
        7.310       0.023027719
       19.072       0.000706958
       20.793       0.004943733
       23.122       0.260173935
       30.080       0.005556417
       32.185       0.114922534
       37.830       0.028782426
       41.602       0.092274954
       43.820       0.139773144
       44.011       0.002051146
       91.105       0.032762774
       92.062       0.116501312
       93.175       0.003516450
       93.289       0.008639599
       93.892       0.163564527

 PDOS Einstein freq (single pole), associated temp and eff. force constant: 
 Freq (THz)   Temp (K)   Eff. FC (N/m)
  59.557      2858.20     148.1984

 pDOS n Moments, associated Einstein freqs, temps and eff. force constants:
  n     Mom (THz^n)   Freq (THz)     Temp (K)    Eff. FC (N/m)
 -2       0.00199      22.43686      1076.76      21.0330
 -1       0.02960      33.78579      1621.41      47.6919
  0       1.00000     ---------     --------
  1      51.51571      51.51571      2472.28     110.8807
  2    3547.04796      59.55710      2858.20     148.1984

 Path Red. Mass (AMU):    0.637335
 Path Length (Ang), s^2 (1e-3 Ang^2):  7.2112  23.4708
--------------------------------------------------------------
 Path Indices:    1   2   4   8
 PDOS Poles:
     Freq. (THz)    Weight
        2.195       0.002050678
        7.358       0.026148753
       19.355       0.001289333
       21.233       0.004012714
       24.929       0.001169018
       30.740       0.104801899
       32.131       0.110025913
       37.819       0.037172282
       41.602       0.054754992
       43.827       0.068495901
       44.144       0.001145789
       91.105       0.069168114
       92.062       0.202801903
       93.175       0.301411287
       93.289       0.012160536
       93.892       0.003390925

 PDOS Einstein freq (single pole), associated temp and eff. force constant: 
 Freq (THz)   Temp (K)   Eff. FC (N/m)
  74.459      3573.37     222.9916

 pDOS n Moments, associated Einstein freqs, temps and eff. force constants:
  n     Mom (THz^n)   Freq (THz)     Temp (K)    Eff. FC (N/m)
 -2       0.00130      27.70299      1329.49      30.8677
 -1       0.02188      45.71283      2193.80      84.0479
  0       1.00000     ---------     --------
  1      68.33804      68.33804      3279.60     187.8347
  2    5544.18420      74.45928      3573.37     222.9916

 Path Red. Mass (AMU):    0.613539
 Path Length (Ang), s^2 (1e-3 Ang^2):  7.7727  18.0196
--------------------------------------------------------------
 Path Indices:    1   2   4   9
 PDOS Poles:
     Freq. (THz)    Weight
        3.568       0.007210849
        7.790       0.017059568
       11.124       0.016213822
       20.281       0.094244402
       23.177       0.025484911
       29.704       0.177519559
       32.300       0.007049725
       38.083       0.016093450
       41.601       0.091206137
       43.834       0.015965452
       44.223       0.049393284
       91.105       0.104366760
       92.062       0.078919750
       93.175       0.040434725
       93.289       0.200087818
       93.892       0.058749750

 PDOS Einstein freq (single pole), associated temp and eff. force constant: 
 Freq (THz)   Temp (K)   Eff. FC (N/m)
  68.363      3280.79     218.7952

 pDOS n Moments, associated Einstein freqs, temps and eff. force constants:
  n     Mom (THz^n)   Freq (THz)     Temp (K)    Eff. FC (N/m)
 -2       0.00162      24.86972      1193.52      28.9562
 -1       0.02691      37.15645      1783.17      64.6350
  0       1.00000     ---------     --------
  1      60.35660      60.35660      2896.57     170.5489
  2    4673.45891      68.36270      3280.79     218.7952

 Path Red. Mass (AMU):    0.714152
 Path Length (Ang), s^2 (1e-3 Ang^2):  7.1978  19.0458
--------------------------------------------------------------
 Path Indices:    1   2   5   2
 PDOS Poles:
     Freq. (THz)    Weight
        4.110       0.005993406
        9.528       0.013879693
       12.681       0.005331228
       20.606       0.039449813
       23.701       0.022789227
       30.495       0.192444840
       31.752       0.055979564
       38.084       0.212772115
       39.551       0.002980206
       43.782       0.015238079
       44.210       0.014146580
       91.105       0.000026396
       92.062       0.208459838
       93.175       0.103571835
       93.289       0.002110949
       93.892       0.104826249

 PDOS Einstein freq (single pole), associated temp and eff. force constant: 
 Freq (THz)   Temp (K)   Eff. FC (N/m)
  65.161      3127.13     267.7650

 pDOS n Moments, associated Einstein freqs, temps and eff. force constants:
  n     Mom (THz^n)   Freq (THz)     Temp (K)    Eff. FC (N/m)
 -2       0.00115      29.49777      1415.62      54.8727
 -1       0.02513      39.79202      1909.65      99.8551
  0       1.00000     ---------     --------
  1      57.62052      57.62052      2765.26     209.3788
  2    4245.95613      65.16100      3127.13     267.7650

 Path Red. Mass (AMU):    0.961988
 Path Length (Ang), s^2 (1e-3 Ang^2):  7.1222  13.2026
--------------------------------------------------------------
 Path Indices:    1   2   5   3
 PDOS Poles:
     Freq. (THz)    Weight
        3.499       0.008084649
        7.431       0.017795570
       11.158       0.006042842
       20.296       0.028432168
       23.248       0.007981781
       29.797       0.037000653
       30.960       0.051403397
       37.953       0.034056700
       38.430       0.007955866
       43.809       0.010068973
       44.223       0.004917211
       91.105       0.000036278
       92.062       0.389469707
       93.175       0.194344442
       93.289       0.003873537
       93.892       0.198536264

 PDOS Einstein freq (single pole), associated temp and eff. force constant: 
 Freq (THz)   Temp (K)   Eff. FC (N/m)
  83.439      4004.32     497.6991

 pDOS n Moments, associated Einstein freqs, temps and eff. force constants:
  n     Mom (THz^n)   Freq (THz)     Temp (K)    Eff. FC (N/m)
 -2       0.00134      27.33476      1311.82      53.4142
 -1       0.01981      50.47615      2422.39     182.1371
  0       1.00000     ---------     --------
  1      78.91042      78.91042      3786.98     445.1381
  2    6962.10825      83.43925      4004.32     497.6991

 Path Red. Mass (AMU):    1.090479
 Path Length (Ang), s^2 (1e-3 Ang^2):  5.7959   9.1817
--------------------------------------------------------------
 Path Indices:    1   2   5   4
 PDOS Poles:
     Freq. (THz)    Weight
        2.722       0.011859436
        7.433       0.007896577
       11.283       0.005115489
       20.352       0.022090013
       23.243       0.017080777
       29.726       0.063239449
       32.676       0.002912505
       38.168       0.156161232
       39.575       0.000836731
       43.809       0.097831131
       44.223       0.028202866
       91.105       0.000078117
       92.062       0.551011452
       93.175       0.011973849
       93.289       0.012945489
       93.892       0.010764876

 PDOS Einstein freq (single pole), associated temp and eff. force constant: 
 Freq (THz)   Temp (K)   Eff. FC (N/m)
  74.380      3569.58     275.0710

 pDOS n Moments, associated Einstein freqs, temps and eff. force constants:
  n     Mom (THz^n)   Freq (THz)     Temp (K)    Eff. FC (N/m)
 -2       0.00219      21.39108      1026.58      22.7506
 -1       0.02326      42.99004      2063.13      91.8888
  0       1.00000     ---------     --------
  1      68.56515      68.56515      3290.50     233.7404
  2    5532.45510      74.38048      3569.58     275.0710

 Path Red. Mass (AMU):    0.758435
 Path Length (Ang), s^2 (1e-3 Ang^2):  6.4682  15.5003
--------------------------------------------------------------
 Path Indices:    1   2   5   6
 PDOS Poles:
     Freq. (THz)    Weight
        3.701       0.007052993
        7.489       0.031769072
       11.597       0.003615399
       20.326       0.043651267
       23.166       0.061788478
       30.496       0.044579932
       32.117       0.071702366
       37.917       0.013391619
       41.598       0.024337344
       43.807       0.038923193
       44.221       0.016861769
       91.105       0.003287431
       92.062       0.316127646
       93.175       0.146887737
       93.289       0.003734549
       93.892       0.172289236

 PDOS Einstein freq (single pole), associated temp and eff. force constant: 
 Freq (THz)   Temp (K)   Eff. FC (N/m)
  76.624      3677.24     521.2956

 pDOS n Moments, associated Einstein freqs, temps and eff. force constants:
  n     Mom (THz^n)   Freq (THz)     Temp (K)    Eff. FC (N/m)
 -2       0.00157      25.21118      1209.91      56.4345
 -1       0.02410      41.49734      1991.49     152.8970
  0       1.00000     ---------     --------
  1      69.87199      69.87199      3353.22     433.4757
  2    5871.18179      76.62364      3677.24     521.2956

 Path Red. Mass (AMU):    1.354409
 Path Length (Ang), s^2 (1e-3 Ang^2):  6.8583   8.9920
--------------------------------------------------------------
 Path Indices:    1   2   5   7
 PDOS Poles:
     Freq. (THz)    Weight
        2.035       0.002717672
        7.384       0.025662988
       18.722       0.000625333
       20.973       0.004735930
       24.358       0.001666801
       30.751       0.108078611
       32.130       0.109750218
       37.818       0.038147233
       41.602       0.057622635
       43.833       0.069235628
       44.013       0.001597626
       91.105       0.065079790
       92.062       0.208410871
       93.175       0.265987102
       93.289       0.037588109
       93.892       0.003093464

 PDOS Einstein freq (single pole), associated temp and eff. force constant: 
 Freq (THz)   Temp (K)   Eff. FC (N/m)
  74.032      3552.86     222.1619

 pDOS n Moments, associated Einstein freqs, temps and eff. force constants:
  n     Mom (THz^n)   Freq (THz)     Temp (K)    Eff. FC (N/m)
 -2       0.00153      25.58576      1227.88      26.5355
 -1       0.02235      44.74763      2147.48      81.1655
  0       1.00000     ---------     --------
  1      67.83765      67.83765      3255.59     186.5403
  2    5480.73148      74.03196      3552.86     222.1619

 Path Red. Mass (AMU):    0.618333
 Path Length (Ang), s^2 (1e-3 Ang^2):  7.7716  18.2657
--------------------------------------------------------------
 Path Indices:    1   2   5   8
 PDOS Poles:
     Freq. (THz)    Weight
        2.106       0.002169777
        7.315       0.023547396
       17.551       0.000127655
       20.547       0.004477044
       23.120       0.256295172
       29.994       0.005460945
       32.185       0.114138487
       37.829       0.028569966
       41.602       0.088946275
       43.681       0.002269398
       43.818       0.137295481
       91.105       0.036156608
       92.062       0.121081079
       93.175       0.001046763
       93.289       0.013923516
       93.892       0.164494411

 PDOS Einstein freq (single pole), associated temp and eff. force constant: 
 Freq (THz)   Temp (K)   Eff. FC (N/m)
  60.273      2892.55     152.0527

 pDOS n Moments, associated Einstein freqs, temps and eff. force constants:
  n     Mom (THz^n)   Freq (THz)     Temp (K)    Eff. FC (N/m)
 -2       0.00172      24.11823      1157.45      24.3467
 -1       0.02899      34.49332      1655.36      49.7989
  0       1.00000     ---------     --------
  1      52.21243      52.21243      2505.72     114.1031
  2    3632.82408      60.27291      2892.55     152.0527

 Path Red. Mass (AMU):    0.638471
 Path Length (Ang), s^2 (1e-3 Ang^2):  7.2143  22.9483
--------------------------------------------------------------
 Path Indices:    1   2   5   9
 PDOS Poles:
     Freq. (THz)    Weight
        3.580       0.007102908
        7.768       0.015082757
       11.126       0.016252493
       20.282       0.094241331
       23.178       0.025817264
       29.705       0.179121778
       32.306       0.007128839
       38.076       0.016426129
       41.601       0.092485068
       43.828       0.013331594
       44.223       0.049373291
       91.105       0.104557129
       92.062       0.081720072
       93.175       0.072900494
       93.289       0.162003252
       93.892       0.062455572

 PDOS Einstein freq (single pole), associated temp and eff. force constant: 
 Freq (THz)   Temp (K)   Eff. FC (N/m)
  68.418      3283.43     220.6537

 pDOS n Moments, associated Einstein freqs, temps and eff. force constants:
  n     Mom (THz^n)   Freq (THz)     Temp (K)    Eff. FC (N/m)
 -2       0.00158      25.19265      1209.02      29.9172
 -1       0.02669      37.46414      1797.94      66.1614
  0       1.00000     ---------     --------
  1      60.44358      60.44358      2900.74     172.2159
  2    4680.99733      68.41781      3283.43     220.6537

 Path Red. Mass (AMU):    0.719058
 Path Length (Ang), s^2 (1e-3 Ang^2):  7.1932  18.7605
--------------------------------------------------------------
 Path Indices:    1   2   6   2
 PDOS Poles:
     Freq. (THz)    Weight
        3.415       0.005098972
        7.324       0.512632882
       11.015       0.052204953
       16.825       0.000001182
       20.267       0.072675517
       29.696       0.157748462
       32.185       0.018245259
       38.205       0.017609753
       41.603       0.114303292
       43.810       0.000233952
       44.225       0.006021529
       91.105       0.018510220
       92.062       0.000478554
       93.175       0.000189812
       93.289       0.024043918
       93.892       0.000001667

 PDOS Einstein freq (single pole), associated temp and eff. force constant: 
 Freq (THz)   Temp (K)   Eff. FC (N/m)
  28.742      1379.37     496.9738

 pDOS n Moments, associated Einstein freqs, temps and eff. force constants:
  n     Mom (THz^n)   Freq (THz)     Temp (K)    Eff. FC (N/m)
 -2       0.01088       9.58560       460.02      55.2745
 -1       0.08951      11.17236       536.17      75.0890
  0       1.00000     ---------     --------
  1      20.78774      20.78774       997.62     259.9569
  2     826.12692      28.74242      1379.37     496.9738

 Path Red. Mass (AMU):    9.176518
 Path Length (Ang), s^2 (1e-3 Ang^2):  7.7921   4.9295
--------------------------------------------------------------
 Path Indices:    1   2   6   3
 PDOS Poles:
     Freq. (THz)    Weight
        3.412       0.057059220
        7.322       0.364665093
       11.012       0.021449687
       20.267       0.156686046
       23.106       0.000045252
       29.696       0.110331014
       32.185       0.103573759
       38.190       0.000755473
       41.603       0.150720247
       43.809       0.001210601
       44.224       0.004566003
       91.105       0.021615665
       92.062       0.001060260
       93.175       0.000116688
       93.289       0.006125362
       93.892       0.000019603

 PDOS Einstein freq (single pole), associated temp and eff. force constant: 
 Freq (THz)   Temp (K)   Eff. FC (N/m)
  28.424      1364.07     544.8118

 pDOS n Moments, associated Einstein freqs, temps and eff. force constants:
  n     Mom (THz^n)   Freq (THz)     Temp (K)    Eff. FC (N/m)
 -2       0.01258       8.91578       427.88      53.6054
 -1       0.08723      11.46422       550.18      88.6296
  0       1.00000     ---------     --------
  1      22.09285      22.09285      1060.26     329.1495
  2     807.89865      28.42356      1364.07     544.8117

 Path Red. Mass (AMU):   10.286813
 Path Length (Ang), s^2 (1e-3 Ang^2):  6.5549   4.2855
--------------------------------------------------------------
 Path Indices:    1   2   6   4
 PDOS Poles:
     Freq. (THz)    Weight
        2.542       0.036666749
        7.229       0.067813334
       10.990       0.002374169
       20.290       0.058910065
       23.290       0.009787442
       30.851       0.086920392
       32.194       0.058318714
       38.169       0.062709371
       41.598       0.040177229
       43.708       0.001988951
       44.178       0.002225928
       91.105       0.005776152
       92.062       0.278290525
       93.175       0.117573257
       93.289       0.010479893
       93.892       0.159987857

 PDOS Einstein freq (single pole), associated temp and eff. force constant: 
 Freq (THz)   Temp (K)   Eff. FC (N/m)
  72.627      3485.45     976.5099

 pDOS n Moments, associated Einstein freqs, temps and eff. force constants:
  n     Mom (THz^n)   Freq (THz)     Temp (K)    Eff. FC (N/m)
 -2       0.00744      11.59676       556.54      24.8972
 -1       0.04084      24.48386      1175.00     110.9779
  0       1.00000     ---------     --------
  1      63.94228      63.94228      3068.65     756.9253
  2    5274.72575      72.62731      3485.45     976.5099

 Path Red. Mass (AMU):    2.824022
 Path Length (Ang), s^2 (1e-3 Ang^2):  7.1930   7.3093
--------------------------------------------------------------
 Path Indices:    1   2   6   5
 PDOS Poles:
     Freq. (THz)    Weight
        2.321       0.036217949
        7.208       0.066841026
       10.869       0.002087205
       20.289       0.054779925
       23.331       0.007235832
       30.814       0.074096493
       32.170       0.056543742
       38.171       0.052584021
       41.598       0.037960569
       43.555       0.000574497
       44.153       0.001047446
       91.105       0.005526006
       92.062       0.305765815
       93.175       0.130502193
       93.289       0.001408281
       93.892       0.166829030

 PDOS Einstein freq (single pole), associated temp and eff. force constant: 
 Freq (THz)   Temp (K)   Eff. FC (N/m)
  74.552      3577.82     973.5171

 pDOS n Moments, associated Einstein freqs, temps and eff. force constants:
  n     Mom (THz^n)   Freq (THz)     Temp (K)    Eff. FC (N/m)
 -2       0.00844      10.88625       522.44      20.7578
 -1       0.04115      24.30391      1166.37     103.4611
  0       1.00000     ---------     --------
  1      66.23624      66.23624      3178.74     768.4510
  2    5558.00305      74.55202      3577.82     973.5171

 Path Red. Mass (AMU):    2.671874
 Path Length (Ang), s^2 (1e-3 Ang^2):  7.1932   7.7828
--------------------------------------------------------------
 Path Indices:    1   2   6   7
 PDOS Poles:
     Freq. (THz)    Weight
        1.637       0.004448106
        7.366       0.090316322
       11.000       0.016251127
       20.396       0.000337978
       23.119       0.034420516
       30.885       0.023449931
       32.183       0.054322245
       37.815       0.021100291
       41.602       0.038799430
       43.844       0.051925059
       44.223       0.002996424
       91.105       0.158738912
       92.062       0.005061164
       93.175       0.144508151
       93.289       0.184952779
       93.892       0.168371533

 PDOS Einstein freq (single pole), associated temp and eff. force constant: 
 Freq (THz)   Temp (K)   Eff. FC (N/m)
  77.563      3722.31     522.3839

 pDOS n Moments, associated Einstein freqs, temps and eff. force constants:
  n     Mom (THz^n)   Freq (THz)     Temp (K)    Eff. FC (N/m)
 -2       0.00374      16.34458       784.39      23.1969
 -1       0.03028      33.03048      1585.16      94.7354
  0       1.00000     ---------     --------
  1      70.40286      70.40286      3378.69     430.3911
  2    6015.99031      77.56282      3722.31     522.3839

 Path Red. Mass (AMU):    1.324567
 Path Length (Ang), s^2 (1e-3 Ang^2):  6.1324  11.5522
--------------------------------------------------------------
 Path Indices:    1   2   6   8
 PDOS Poles:
     Freq. (THz)    Weight
        1.725       0.003093102
        7.342       0.089765234
       11.007       0.015486080
       20.457       0.000272624
       23.119       0.031191718
       30.895       0.021699471
       32.185       0.052735382
       37.816       0.019642242
       41.602       0.035180153
       43.842       0.050849110
       44.220       0.001779318
       91.105       0.165466995
       92.062       0.005195635
       93.175       0.203518807
       93.289       0.141795252
       93.892       0.162328879

 PDOS Einstein freq (single pole), associated temp and eff. force constant: 
 Freq (THz)   Temp (K)   Eff. FC (N/m)
  78.348      3759.99     520.7182

 pDOS n Moments, associated Einstein freqs, temps and eff. force constants:
  n     Mom (THz^n)   Freq (THz)     Temp (K)    Eff. FC (N/m)
 -2       0.00311      17.94397       861.15      27.3139
 -1       0.02900      34.48230      1654.84     100.8646
  0       1.00000     ---------     --------
  1      71.42908      71.42908      3427.94     432.8092
  2    6138.41592      78.34804      3759.99     520.7181

 Path Red. Mass (AMU):    1.294010
 Path Length (Ang), s^2 (1e-3 Ang^2):  6.1325  11.3267
--------------------------------------------------------------
 Path Indices:    1   2   6   9
 PDOS Poles:
     Freq. (THz)    Weight
        3.418       0.007162258
        7.325       0.033627168
       10.963       0.000215324
       20.267       0.038412612
       23.704       0.000001028
       29.696       0.090827448
       32.185       0.004057484
       38.205       0.011940912
       41.603       0.016462744
       43.811       0.006227595
       44.225       0.007996123
       91.105       0.329260452
       92.062       0.011319196
       93.175       0.003146749
       93.289       0.439269804
       93.892       0.000072992

 PDOS Einstein freq (single pole), associated temp and eff. force constant: 
 Freq (THz)   Temp (K)   Eff. FC (N/m)
  82.796      3973.46     510.0135

 pDOS n Moments, associated Einstein freqs, temps and eff. force constants:
  n     Mom (THz^n)   Freq (THz)     Temp (K)    Eff. FC (N/m)
 -2       0.00156      25.32659      1215.44      47.7216
 -1       0.02130      46.95382      2253.35     164.0224
  0       1.00000     ---------     --------
  1      77.96551      77.96551      3741.63     452.2373
  2    6855.20094      82.79614      3973.46     510.0134

 Path Red. Mass (AMU):    1.134887
 Path Length (Ang), s^2 (1e-3 Ang^2):  6.1340   9.4842
--------------------------------------------------------------
 Path Indices:    1   2   7   2
 PDOS Poles:
     Freq. (THz)    Weight
        7.501       0.171618539
       10.531       0.029030526
       12.925       0.003440177
       21.344       0.012660349
       23.286       0.056763658
       30.358       0.055840681
       32.159       0.139650368
       37.894       0.048415356
       41.601       0.159560406
       43.840       0.193692960
       44.206       0.011972528
       91.105       0.032642855
       92.062       0.000892459
       93.175       0.024331527
       93.289       0.030741587
       93.892       0.028745998

 PDOS Einstein freq (single pole), associated temp and eff. force constant: 
 Freq (THz)   Temp (K)   Eff. FC (N/m)
  44.698      2145.09     129.0613

 pDOS n Moments, associated Einstein freqs, temps and eff. force constants:
  n     Mom (THz^n)   Freq (THz)     Temp (K)    Eff. FC (N/m)
 -2       0.00391      15.99884       767.80      16.5348
 -1       0.04618      21.65390      1039.19      30.2896
  0       1.00000     ---------     --------
  1      37.79900      37.79900      1814.01      92.2959
  2    1997.90220      44.69790      2145.09     129.0613

 Path Red. Mass (AMU):    0.985401
 Path Length (Ang), s^2 (1e-3 Ang^2):  8.1975  23.6851
--------------------------------------------------------------
 Path Indices:    1   2   7   3
 PDOS Poles:
     Freq. (THz)    Weight
        3.616       0.006327507
        7.509       0.078873485
       11.100       0.012003565
       23.097       0.063368132
       27.944       0.002832253
       30.726       0.080451989
       32.212       0.120966524
       37.876       0.071916688
       41.600       0.134006691
       43.834       0.109643110
       43.970       0.009127389
       91.105       0.089041994
       92.062       0.000870657
       93.175       0.058606416
       93.289       0.076830983
       93.892       0.085132505

 PDOS Einstein freq (single pole), associated temp and eff. force constant: 
 Freq (THz)   Temp (K)   Eff. FC (N/m)
  59.003      2831.58     248.8885

 pDOS n Moments, associated Einstein freqs, temps and eff. force constants:
  n     Mom (THz^n)   Freq (THz)     Temp (K)    Eff. FC (N/m)
 -2       0.00253      19.88191       954.15      28.2605
 -1       0.03373      29.64854      1422.86      62.8450
  0       1.00000     ---------     --------
  1      50.97967      50.97967      2446.56     185.8052
  2    3481.29631      59.00251      2831.58     248.8885

 Path Red. Mass (AMU):    1.090574
 Path Length (Ang), s^2 (1e-3 Ang^2):  7.4058  15.6303
--------------------------------------------------------------
 Path Indices:    1   2   7   4
 PDOS Poles:
     Freq. (THz)    Weight
        2.651       0.011917087
        7.437       0.037109080
       11.250       0.006719732
       22.665       0.038850416
       23.222       0.151594293
       29.910       0.023273463
       32.207       0.128862050
       37.855       0.100566174
       41.600       0.124188144
       43.476       0.001578741
       43.839       0.114072995
       91.105       0.044807632
       92.062       0.063477806
       93.175       0.001071847
       93.289       0.021026926
       93.892       0.130883631

 PDOS Einstein freq (single pole), associated temp and eff. force constant: 
 Freq (THz)   Temp (K)   Eff. FC (N/m)
  55.646      2670.49     188.2112

 pDOS n Moments, associated Einstein freqs, temps and eff. force constants:
  n     Mom (THz^n)   Freq (THz)     Temp (K)    Eff. FC (N/m)
 -2       0.00316      17.79095       853.80      19.2388
 -1       0.03420      29.24258      1403.38      51.9770
  0       1.00000     ---------     --------
  1      47.94949      47.94949      2301.14     139.7486
  2    3096.46350      55.64588      2670.49     188.2112

 Path Red. Mass (AMU):    0.927194
 Path Length (Ang), s^2 (1e-3 Ang^2):  7.7478  18.6397
--------------------------------------------------------------
 Path Indices:    1   2   7   5
 PDOS Poles:
     Freq. (THz)    Weight
        2.370       0.011356411
        7.488       0.042271253
       11.253       0.005348538
       22.844       0.025563430
       24.447       0.005701250
       30.502       0.115564806
       32.072       0.124127588
       38.007       0.013136666
       41.599       0.067972869
       43.360       0.000520903
       43.846       0.068093536
       91.105       0.080988504
       92.062       0.150426028
       93.175       0.235603341
       93.289       0.052690112
       93.892       0.000634800

 PDOS Einstein freq (single pole), associated temp and eff. force constant: 
 Freq (THz)   Temp (K)   Eff. FC (N/m)
  70.571      3386.76     262.5507

 pDOS n Moments, associated Einstein freqs, temps and eff. force constants:
  n     Mom (THz^n)   Freq (THz)     Temp (K)    Eff. FC (N/m)
 -2       0.00327      17.49955       839.82      16.1442
 -1       0.02909      34.37570      1649.72      62.2968
  0       1.00000     ---------     --------
  1      63.12243      63.12243      3029.30     210.0535
  2    4980.24370      70.57084      3386.76     262.5507

 Path Red. Mass (AMU):    0.804181
 Path Length (Ang), s^2 (1e-3 Ang^2):  8.3092  18.2819
--------------------------------------------------------------
 Path Indices:    1   2   7   6
 PDOS Poles:
     Freq. (THz)    Weight
        3.540       0.003759166
        7.455       0.112600192
       11.003       0.019084468
       23.116       0.021699173
       30.795       0.011791731
       32.147       0.072340503
       33.621       0.000711388
       37.868       0.014243015
       41.601       0.027608824
       43.841       0.072159450
       44.215       0.002602239
       91.105       0.154312088
       92.062       0.004710234
       93.175       0.144083796
       93.289       0.171536489
       93.892       0.166757207

 PDOS Einstein freq (single pole), associated temp and eff. force constant: 
 Freq (THz)   Temp (K)   Eff. FC (N/m)
  76.508      3671.69     526.6382

 pDOS n Moments, associated Einstein freqs, temps and eff. force constants:
  n     Mom (THz^n)   Freq (THz)     Temp (K)    Eff. FC (N/m)
 -2       0.00275      19.08150       915.74      32.7584
 -1       0.03114      32.10854      1540.92      92.7552
  0       1.00000     ---------     --------
  1      68.82038      68.82038      3302.75     426.1193
  2    5853.49647      76.50815      3671.69     526.6382

 Path Red. Mass (AMU):    1.372424
 Path Length (Ang), s^2 (1e-3 Ang^2):  6.3351  11.4687
--------------------------------------------------------------
 Path Indices:    1   2   7   8
 PDOS Poles:
     Freq. (THz)    Weight
        1.658       0.002080971
        7.357       0.063021574
       11.021       0.020853655
       20.304       0.005174331
       23.535       0.000572033
       29.714       0.024803853
       32.185       0.123631273
       38.194       0.019024554
       41.602       0.052826051
       43.810       0.036973309
       44.224       0.100161660
       91.105       0.313925314
       92.062       0.007546023
       93.175       0.002938679
       93.289       0.226409759
       93.892       0.000056908

 PDOS Einstein freq (single pole), associated temp and eff. force constant: 
 Freq (THz)   Temp (K)   Eff. FC (N/m)
  72.183      3464.13     270.9328

 pDOS n Moments, associated Einstein freqs, temps and eff. force constants:
  n     Mom (THz^n)   Freq (THz)     Temp (K)    Eff. FC (N/m)
 -2       0.00243      20.27444       972.99      21.3741
 -1       0.02753      36.32160      1743.11      68.5992
  0       1.00000     ---------     --------
  1      65.20089      65.20089      3129.05     221.0530
  2    5210.41314      72.18319      3464.13     270.9327

 Path Red. Mass (AMU):    0.793196
 Path Length (Ang), s^2 (1e-3 Ang^2):  7.0110  17.5426
--------------------------------------------------------------
 Path Indices:    1   2   7   9
 PDOS Poles:
     Freq. (THz)    Weight
        3.636       0.006146958
        7.554       0.058931918
       11.509       0.002577093
       20.447       0.010032248
       23.230       0.018937038
       29.950       0.035765341
       31.648       0.012808656
       37.849       0.025760752
       41.571       0.022592775
       41.782       0.003610373
       43.845       0.010778906
       91.105       0.570767313
       92.062       0.001531450
       93.175       0.086805899
       93.289       0.064862757
       93.892       0.068090529

 PDOS Einstein freq (single pole), associated temp and eff. force constant: 
 Freq (THz)   Temp (K)   Eff. FC (N/m)
  82.673      3967.57     405.6690

 pDOS n Moments, associated Einstein freqs, temps and eff. force constants:
  n     Mom (THz^n)   Freq (THz)     Temp (K)    Eff. FC (N/m)
 -2       0.00176      23.82392      1143.33      33.6873
 -1       0.02281      43.83827      2103.84     114.0634
  0       1.00000     ---------     --------
  1      77.82963      77.82963      3735.11     359.5253
  2    6834.90150      82.67346      3967.57     405.6690

 Path Red. Mass (AMU):    0.905380
 Path Length (Ang), s^2 (1e-3 Ang^2):  7.0134  12.7333
--------------------------------------------------------------
 Path Indices:    1   2   8   2
 PDOS Poles:
     Freq. (THz)    Weight
        7.466       0.172298366
       10.807       0.030278248
       15.172       0.001033202
       21.526       0.015574055
       23.331       0.054080207
       30.352       0.056187944
       32.160       0.140461268
       37.893       0.048635498
       41.601       0.159883167
       43.842       0.194227555
       44.210       0.012788135
       91.105       0.032126264
       92.062       0.000875584
       93.175       0.032580955
       93.289       0.022541501
       93.892       0.026428035

 PDOS Einstein freq (single pole), associated temp and eff. force constant: 
 Freq (THz)   Temp (K)   Eff. FC (N/m)
  44.475      2134.39     127.9140

 pDOS n Moments, associated Einstein freqs, temps and eff. force constants:
  n     Mom (THz^n)   Freq (THz)     Temp (K)    Eff. FC (N/m)
 -2       0.00393      15.94865       765.39      16.4489
 -1       0.04629      21.60390      1036.79      30.1824
  0       1.00000     ---------     --------
  1      37.65134      37.65134      1806.92      91.6748
  2    1978.01175      44.47484      2134.39     127.9140

 Path Red. Mass (AMU):    0.986462
 Path Length (Ang), s^2 (1e-3 Ang^2):  8.1864  23.7144
--------------------------------------------------------------
 Path Indices:    1   2   8   3
 PDOS Poles:
     Freq. (THz)    Weight
        3.610       0.005890231
        7.458       0.079306860
       11.075       0.012530846
       23.104       0.065384048
       28.808       0.006041300
       30.843       0.081764151
       32.242       0.115677455
       37.877       0.070786937
       41.601       0.134120359
       43.824       0.088780509
       43.900       0.030925666
       91.105       0.089452274
       92.062       0.000877684
       93.175       0.081840333
       93.289       0.057904030
       93.892       0.078717389

 PDOS Einstein freq (single pole), associated temp and eff. force constant: 
 Freq (THz)   Temp (K)   Eff. FC (N/m)
  58.873      2825.37     248.4346

 pDOS n Moments, associated Einstein freqs, temps and eff. force constants:
  n     Mom (THz^n)   Freq (THz)     Temp (K)    Eff. FC (N/m)
 -2       0.00253      19.87288       953.72      28.3074
 -1       0.03383      29.56145      1418.68      62.6367
  0       1.00000     ---------     --------
  1      50.84541      50.84541      2440.12     185.3025
  2    3466.04445      58.87312      2825.37     248.4346

 Path Red. Mass (AMU):    1.093375
 Path Length (Ang), s^2 (1e-3 Ang^2):  7.4005  15.6362
--------------------------------------------------------------
 Path Indices:    1   2   8   4
 PDOS Poles:
     Freq. (THz)    Weight
        2.570       0.010747677
        7.459       0.043093042
       11.243       0.005936944
       22.892       0.025402754
       24.890       0.004005637
       30.498       0.122748116
       32.073       0.128692451
       38.035       0.014160368
       41.600       0.069330610
       43.835       0.066768453
       44.011       0.004135193
       91.105       0.083074505
       92.062       0.136204883
       93.175       0.261776087
       93.289       0.023168881
       93.892       0.000754405

 PDOS Einstein freq (single pole), associated temp and eff. force constant: 
 Freq (THz)   Temp (K)   Eff. FC (N/m)
  69.765      3348.09     261.8056

 pDOS n Moments, associated Einstein freqs, temps and eff. force constants:
  n     Mom (THz^n)   Freq (THz)     Temp (K)    Eff. FC (N/m)
 -2       0.00291      18.54918       890.19      18.5077
 -1       0.02891      34.59207      1660.10      64.3658
  0       1.00000     ---------     --------
  1      62.23067      62.23067      2986.50     208.3104
  2    4867.17603      69.76515      3348.09     261.8056

 Path Red. Mass (AMU):    0.820528
 Path Length (Ang), s^2 (1e-3 Ang^2):  8.3038  17.8056
--------------------------------------------------------------
 Path Indices:    1   2   8   5
 PDOS Poles:
     Freq. (THz)    Weight
        2.393       0.012161751
        7.380       0.038225976
       11.208       0.006508157
       22.992       0.136900299
       23.473       0.045813676
       29.914       0.023037550
       32.205       0.127925432
       37.851       0.097375001
       41.600       0.123007660
       43.770       0.034066366
       43.854       0.077185669
       91.105       0.044725767
       92.062       0.075332446
       93.175       0.001978517
       93.289       0.020799696
       93.892       0.134956049

 PDOS Einstein freq (single pole), associated temp and eff. force constant: 
 Freq (THz)   Temp (K)   Eff. FC (N/m)
  56.724      2722.23     194.5299

 pDOS n Moments, associated Einstein freqs, temps and eff. force constants:
  n     Mom (THz^n)   Freq (THz)     Temp (K)    Eff. FC (N/m)
 -2       0.00360      16.66961       799.99      16.7998
 -1       0.03455      28.94302      1389.00      50.6455
  0       1.00000     ---------     --------
  1      48.90113      48.90113      2346.81     144.5745
  2    3217.60438      56.72393      2722.23     194.5299

 Path Red. Mass (AMU):    0.922242
 Path Length (Ang), s^2 (1e-3 Ang^2):  7.7464  18.9338
--------------------------------------------------------------
 Path Indices:    1   2   8   6
 PDOS Poles:
     Freq. (THz)    Weight
        3.488       0.003492934
        7.410       0.112293334
       11.008       0.019613003
       23.115       0.022091526
       30.381       0.004556237
       31.562       0.025985677
       32.282       0.055737514
       37.863       0.015106487
       41.601       0.027842335
       43.843       0.072021087
       44.217       0.002903475
       91.105       0.155943033
       92.062       0.004729497
       93.175       0.194263922
       93.289       0.127596353
       93.892       0.155823572

 PDOS Einstein freq (single pole), associated temp and eff. force constant: 
 Freq (THz)   Temp (K)   Eff. FC (N/m)
  76.339      3663.57     527.5402

 pDOS n Moments, associated Einstein freqs, temps and eff. force constants:
  n     Mom (THz^n)   Freq (THz)     Temp (K)    Eff. FC (N/m)
 -2       0.00276      19.03629       913.57      32.8041
 -1       0.03124      32.00535      1535.96      92.7275
  0       1.00000     ---------     --------
  1      68.62215      68.62215      3293.24     426.2772
  2    5827.63140      76.33892      3663.57     527.5402

 Path Red. Mass (AMU):    1.380876
 Path Length (Ang), s^2 (1e-3 Ang^2):  6.3296  11.4353
--------------------------------------------------------------
 Path Indices:    1   2   8   7
 PDOS Poles:
     Freq. (THz)    Weight
        1.519       0.002857546
        7.338       0.064045390
       11.026       0.021897313
       20.318       0.005337491
       23.492       0.000878528
       29.722       0.025174902
       32.185       0.126931945
       38.192       0.019244039
       41.602       0.056684288
       43.811       0.035549017
       44.224       0.097588090
       91.105       0.309882239
       92.062       0.007455648
       93.175       0.000886285
       93.289       0.225332116
       93.892       0.000255124

 PDOS Einstein freq (single pole), associated temp and eff. force constant: 
 Freq (THz)   Temp (K)   Eff. FC (N/m)
  71.792      3445.34     273.7612

 pDOS n Moments, associated Einstein freqs, temps and eff. force constants:
  n     Mom (THz^n)   Freq (THz)     Temp (K)    Eff. FC (N/m)
 -2       0.00295      18.40572       883.31      17.9941
 -1       0.02848      35.11190      1685.05      65.4837
  0       1.00000     ---------     --------
  1      64.69054      64.69054      3104.56     222.2830
  2    5154.03237      71.79159      3445.34     273.7611

 Path Red. Mass (AMU):    0.810244
 Path Length (Ang), s^2 (1e-3 Ang^2):  7.0055  17.7662
--------------------------------------------------------------
 Path Indices:    1   2   8   9
 PDOS Poles:
     Freq. (THz)    Weight
        3.674       0.006074911
        7.507       0.055552326
       11.563       0.002681560
       20.479       0.009988437
       23.249       0.018449528
       29.963       0.035888750
       31.692       0.012346357
       37.852       0.025151142
       41.597       0.026759589
       43.002       0.000162390
       43.849       0.007884717
       91.105       0.578225717
       92.062       0.001557773
       93.175       0.060959455
       93.289       0.086986318
       93.892       0.071331031

 PDOS Einstein freq (single pole), associated temp and eff. force constant: 
 Freq (THz)   Temp (K)   Eff. FC (N/m)
  82.993      3982.90     413.8273

 pDOS n Moments, associated Einstein freqs, temps and eff. force constants:
  n     Mom (THz^n)   Freq (THz)     Temp (K)    Eff. FC (N/m)
 -2       0.00170      24.26491      1164.49      35.3749
 -1       0.02236      44.73078      2146.67     120.2127
  0       1.00000     ---------     --------
  1      78.30336      78.30336      3757.85     368.3818
  2    6887.81950      82.99289      3982.90     413.8273

 Path Red. Mass (AMU):    0.916492
 Path Length (Ang), s^2 (1e-3 Ang^2):  7.0075  12.3279
--------------------------------------------------------------
 Path Indices:    1   2   9   2
 PDOS Poles:
     Freq. (THz)    Weight
        3.418       0.001207980
        7.324       0.034177567
        9.246       0.000006001
       20.267       0.038598140
       23.547       0.000001590
       29.696       0.087559659
       32.185       0.011785433
       38.205       0.014881051
       41.603       0.027192983
       43.810       0.005779001
       44.225       0.007117980
       91.105       0.339774094
       92.062       0.010684129
       93.175       0.002991442
       93.289       0.418173297
       93.892       0.000069547

 PDOS Einstein freq (single pole), associated temp and eff. force constant: 
 Freq (THz)   Temp (K)   Eff. FC (N/m)
  82.326      3950.88     434.9116

 pDOS n Moments, associated Einstein freqs, temps and eff. force constants:
  n     Mom (THz^n)   Freq (THz)     Temp (K)    Eff. FC (N/m)
 -2       0.00107      30.59227      1468.15      60.0556
 -1       0.01994      50.15779      2407.12     161.4383
  0       1.00000     ---------     --------
  1      77.51905      77.51905      3720.21     385.6086
  2    6777.52449      82.32572      3950.88     434.9116

 Path Red. Mass (AMU):    0.978861
 Path Length (Ang), s^2 (1e-3 Ang^2):  9.7508  10.2936
--------------------------------------------------------------
 Path Indices:    1   2   9   3
 PDOS Poles:
     Freq. (THz)    Weight
        3.411       0.006244970
        7.321       0.025709433
       10.990       0.000452515
       20.267       0.054556746
       22.992       0.000010287
       29.696       0.135390921
       32.185       0.020173943
       38.205       0.021248169
       41.603       0.059853996
       43.810       0.010930558
       44.225       0.017025988
       91.105       0.284242766
       92.062       0.008566620
       93.175       0.002411692
       93.289       0.353139918
       93.892       0.000041391

 PDOS Einstein freq (single pole), associated temp and eff. force constant: 
 Freq (THz)   Temp (K)   Eff. FC (N/m)
  76.678      3679.86     390.6879

 pDOS n Moments, associated Einstein freqs, temps and eff. force constants:
  n     Mom (THz^n)   Freq (THz)     Temp (K)    Eff. FC (N/m)
 -2       0.00147      26.12141      1253.59      45.3395
 -1       0.02292      43.63756      2094.20     126.5333
  0       1.00000     ---------     --------
  1      70.38130      70.38130      3377.66     329.1533
  2    5879.57977      76.67842      3679.86     390.6879

 Path Red. Mass (AMU):    1.013619
 Path Length (Ang), s^2 (1e-3 Ang^2):  8.1725  11.4259
--------------------------------------------------------------
 Path Indices:    1   2   9   4
 PDOS Poles:
     Freq. (THz)    Weight
        2.661       0.013688492
        7.444       0.028824188
       10.963       0.003319505
       20.272       0.079979057
       23.671       0.001073113
       29.703       0.131792629
       32.217       0.013708426
       38.182       0.034030561
       41.602       0.075060860
       43.825       0.034118281
       44.222       0.018578552
       91.105       0.196874272
       92.062       0.023666795
       93.175       0.013044187
       93.289       0.306088793
       93.892       0.026152215

 PDOS Einstein freq (single pole), associated temp and eff. force constant: 
 Freq (THz)   Temp (K)   Eff. FC (N/m)
  72.731      3490.41     339.0324

 pDOS n Moments, associated Einstein freqs, temps and eff. force constants:
  n     Mom (THz^n)   Freq (THz)     Temp (K)    Eff. FC (N/m)
 -2       0.00300      18.25769       876.20      21.3647
 -1       0.02818      35.48161      1702.79      80.6887
  0       1.00000     ---------     --------
  1      65.36987      65.36987      3137.16     273.8807
  2    5289.74753      72.73065      3490.41     339.0323

 Path Red. Mass (AMU):    0.977682
 Path Length (Ang), s^2 (1e-3 Ang^2):  8.5111  14.5688
--------------------------------------------------------------
 Path Indices:    1   2   9   5
 PDOS Poles:
     Freq. (THz)    Weight
        2.428       0.013610865
        7.388       0.030132637
       10.899       0.003519045
       20.271       0.078113883
       23.637       0.000859979
       29.701       0.131509583
       32.217       0.013431540
       38.183       0.030529672
       41.602       0.074286675
       43.818       0.037226246
       44.222       0.015803100
       91.105       0.192089668
       92.062       0.030413563
       93.175       0.045550659
       93.289       0.268936698
       93.892       0.033986129

 PDOS Einstein freq (single pole), associated temp and eff. force constant: 
 Freq (THz)   Temp (K)   Eff. FC (N/m)
  72.992      3502.95     334.8716

 pDOS n Moments, associated Einstein freqs, temps and eff. force constants:
  n     Mom (THz^n)   Freq (THz)     Temp (K)    Eff. FC (N/m)
 -2       0.00340      17.14463       822.79      18.4750
 -1       0.02871      34.83560      1671.79      76.2735
  0       1.00000     ---------     --------
  1      65.64695      65.64695      3150.45     270.8670
  2    5327.84037      72.99206      3502.95     334.8716

 Path Red. Mass (AMU):    0.958779
 Path Length (Ang), s^2 (1e-3 Ang^2):  8.5075  15.1316
--------------------------------------------------------------
 Path Indices:    1   2   9   6
 PDOS Poles:
     Freq. (THz)    Weight
        3.413       0.003136987
        7.323       0.039575195
       11.010       0.000867948
       20.267       0.020527175
       23.744       0.000001234
       29.696       0.042191403
       32.127       0.000013569
       38.205       0.004983151
       41.602       0.000646412
       43.810       0.002097565
       44.225       0.002007952
       91.105       0.364023320
       92.062       0.013103590
       93.175       0.003691059
       93.289       0.503062906
       93.892       0.000070410

 PDOS Einstein freq (single pole), associated temp and eff. force constant: 
 Freq (THz)   Temp (K)   Eff. FC (N/m)
  87.221      4185.81     502.4045

 pDOS n Moments, associated Einstein freqs, temps and eff. force constants:
  n     Mom (THz^n)   Freq (THz)     Temp (K)    Eff. FC (N/m)
 -2       0.00122      28.60957      1373.00      54.0548
 -1       0.01865      53.63059      2573.78     189.9489
  0       1.00000     ---------     --------
  1      84.02892      84.02892      4032.62     466.3040
  2    7607.49862      87.22098      4185.81     502.4044

 Path Red. Mass (AMU):    1.007402
 Path Length (Ang), s^2 (1e-3 Ang^2):  7.1133   9.3543
--------------------------------------------------------------
 Path Indices:    1   2   9   7
 PDOS Poles:
     Freq. (THz)    Weight
        2.104       0.003012351
        7.422       0.045989630
       11.357       0.003113484
       20.614       0.005295874
       23.200       0.024458129
       30.312       0.025494993
       31.853       0.014756056
       37.834       0.028629914
       41.595       0.008365633
       43.826       0.017432426
       44.221       0.013948752
       91.105       0.580234547
       92.062       0.002091836
       93.175       0.080868887
       93.289       0.085035104
       93.892       0.061272389

 PDOS Einstein freq (single pole), associated temp and eff. force constant: 
 Freq (THz)   Temp (K)   Eff. FC (N/m)
  83.600      4012.06     353.3849

 pDOS n Moments, associated Einstein freqs, temps and eff. force constants:
  n     Mom (THz^n)   Freq (THz)     Temp (K)    Eff. FC (N/m)
 -2       0.00178      23.72336      1138.51      28.4566
 -1       0.02101      47.59077      2283.92     114.5187
  0       1.00000     ---------     --------
  1      79.39023      79.39023      3810.01     318.6876
  2    6989.02973      83.60042      4012.06     353.3848

 Path Red. Mass (AMU):    0.771298
 Path Length (Ang), s^2 (1e-3 Ang^2):  7.7901  13.7684
--------------------------------------------------------------
 Path Indices:    1   2   9   8
 PDOS Poles:
     Freq. (THz)    Weight
        2.322       0.002247016
        7.396       0.046630868
       11.370       0.002968119
       20.619       0.005021976
       23.202       0.022981538
       30.323       0.024550477
       31.862       0.014363504
       37.833       0.027685810
       41.594       0.007453345
       43.833       0.016665250
       44.221       0.012635418
       91.105       0.588941986
       92.062       0.001952005
       93.175       0.056287656
       93.289       0.102010549
       93.892       0.067604483

 PDOS Einstein freq (single pole), associated temp and eff. force constant: 
 Freq (THz)   Temp (K)   Eff. FC (N/m)
  83.912      4026.99     352.3799

 pDOS n Moments, associated Einstein freqs, temps and eff. force constants:
  n     Mom (THz^n)   Freq (THz)     Temp (K)    Eff. FC (N/m)
 -2       0.00152      25.62049      1229.55      32.8505
 -1       0.02051      48.76121      2340.09     118.9915
  0       1.00000     ---------     --------
  1      79.81347      79.81347      3830.32     318.8008
  2    7041.15690      83.91160      4026.99     352.3799

 Path Red. Mass (AMU):    0.763411
 Path Length (Ang), s^2 (1e-3 Ang^2):  7.7897  13.5766
--------------------------------------------------------------
 Path Indices:    1   3   1   2
 PDOS Poles:
     Freq. (THz)    Weight
        3.407       0.128173080
        7.319       0.313013337
       11.014       0.106378553
       20.266       0.068561419
       23.072       0.000057025
       29.697       0.122940427
       32.185       0.132558948
       38.205       0.108685462
       41.601       0.001877507
       43.810       0.015258046
       44.220       0.000436163
       91.105       0.000003797
       92.062       0.001922227
       93.175       0.000045198
       93.289       0.000033681
       93.892       0.000055104

 PDOS Einstein freq (single pole), associated temp and eff. force constant: 
 Freq (THz)   Temp (K)   Eff. FC (N/m)
  22.685      1088.67     236.9714

 pDOS n Moments, associated Einstein freqs, temps and eff. force constants:
  n     Mom (THz^n)   Freq (THz)     Temp (K)    Eff. FC (N/m)
 -2       0.01828       7.39652       354.97      25.1927
 -1       0.10496       9.52765       457.24      41.8014
  0       1.00000     ---------     --------
  1      18.31546      18.31546       878.97     154.4737
  2     514.60835      22.68498      1088.67     236.9713

 Path Red. Mass (AMU):    7.024417
 Path Length (Ang), s^2 (1e-3 Ang^2):  8.6594   7.5514
--------------------------------------------------------------
 Path Indices:    1   3   1   3
 PDOS Poles:
     Freq. (THz)    Weight
        3.411       0.271881329
        7.302       0.132207377
       10.862       0.003300771
       20.266       0.106647070
       22.976       0.000143628
       29.697       0.137923010
       32.185       0.183483754
       38.205       0.140333273
       41.601       0.002373261
       43.810       0.018556599
       44.220       0.000532215
       91.105       0.000005455
       92.062       0.002444782
       93.175       0.000055754
       93.289       0.000043743
       93.892       0.000068030

 PDOS Einstein freq (single pole), associated temp and eff. force constant: 
 Freq (THz)   Temp (K)   Eff. FC (N/m)
  25.180      1208.39     210.8626

 pDOS n Moments, associated Einstein freqs, temps and eff. force constants:
  n     Mom (THz^n)   Freq (THz)     Temp (K)    Eff. FC (N/m)
 -2       0.02658       6.13332       294.34      12.5111
 -1       0.11794       8.47913       406.92      23.9114
  0       1.00000     ---------     --------
  1      20.63233      20.63233       990.16     141.5793
  2     634.01020      25.17956      1208.39     210.8626

 Path Red. Mass (AMU):    5.073346
 Path Length (Ang), s^2 (1e-3 Ang^2):  9.5575  11.7484
--------------------------------------------------------------
 Path Indices:    1   3   1   4
 PDOS Poles:
     Freq. (THz)    Weight
        3.020       0.102433807
        6.725       0.019651207
       11.470       0.002284996
       20.390       0.034558938
       23.493       0.015606462
       29.871       0.236289848
       31.281       0.119326386
       37.838       0.281790192
       38.251       0.140967905
       43.805       0.012826048
       44.195       0.001345656
       91.105       0.000002731
       92.062       0.018104368
       93.175       0.006795564
       93.289       0.000888764
       93.892       0.007127153

 PDOS Einstein freq (single pole), associated temp and eff. force constant: 
 Freq (THz)   Temp (K)   Eff. FC (N/m)
  35.674      1712.05      75.4968

 pDOS n Moments, associated Einstein freqs, temps and eff. force constants:
  n     Mom (THz^n)   Freq (THz)     Temp (K)    Eff. FC (N/m)
 -2       0.01248       8.95023       429.53       4.7521
 -1       0.06293      15.89031       762.59      14.9788
  0       1.00000     ---------     --------
  1      32.05799      32.05799      1538.49      60.9658
  2    1272.66681      35.67446      1712.05      75.4968

 Path Red. Mass (AMU):    0.904909
 Path Length (Ang), s^2 (1e-3 Ang^2):  9.5836  35.1469
--------------------------------------------------------------
 Path Indices:    1   3   1   5
 PDOS Poles:
     Freq. (THz)    Weight
        2.805       0.103143889
        6.523       0.024557056
       11.149       0.002437843
       20.380       0.034111713
       23.435       0.017415507
       29.874       0.228538334
       31.289       0.117867540
       37.833       0.259382320
       38.242       0.138325199
       43.810       0.018587081
       44.211       0.002643789
       91.105       0.000004703
       92.062       0.030428517
       93.175       0.011205789
       93.289       0.000329447
       93.892       0.011021296

 PDOS Einstein freq (single pole), associated temp and eff. force constant: 
 Freq (THz)   Temp (K)   Eff. FC (N/m)
  37.615      1805.17      83.9311

 pDOS n Moments, associated Einstein freqs, temps and eff. force constants:
  n     Mom (THz^n)   Freq (THz)     Temp (K)    Eff. FC (N/m)
 -2       0.01449       8.30879       398.75       4.0952
 -1       0.06611      15.12586       725.90      13.5720
  0       1.00000     ---------     --------
  1      33.04081      33.04081      1585.66      64.7598
  2    1414.87656      37.61484      1805.17      83.9311

 Path Red. Mass (AMU):    0.904890
 Path Length (Ang), s^2 (1e-3 Ang^2):  9.6510  36.9241
--------------------------------------------------------------
 Path Indices:    1   3   1   6
 PDOS Poles:
     Freq. (THz)    Weight
        3.416       0.318683774
        7.315       0.300825477
       11.011       0.078455310
       20.266       0.134352922
       22.671       0.000181042
       29.685       0.000769811
       32.184       0.010872802
       38.205       0.055770920
       41.603       0.074162904
       43.811       0.008820272
       44.188       0.000024935
       91.105       0.013341743
       92.062       0.001739750
       93.175       0.000034753
       93.289       0.001852365
       93.892       0.000111229

 PDOS Einstein freq (single pole), associated temp and eff. force constant: 
 Freq (THz)   Temp (K)   Eff. FC (N/m)
  21.591      1036.17     155.1592

 pDOS n Moments, associated Einstein freqs, temps and eff. force constants:
  n     Mom (THz^n)   Freq (THz)     Temp (K)    Eff. FC (N/m)
 -2       0.03401       5.42251       260.23       9.7866
 -1       0.15218       6.57123       315.36      14.3722
  0       1.00000     ---------     --------
  1      14.41853      14.41853       691.96      69.1947
  2     466.17258      21.59103      1036.17     155.1592

 Path Red. Mass (AMU):    5.077175
 Path Length (Ang), s^2 (1e-3 Ang^2): 10.9753  15.1480
--------------------------------------------------------------
 Path Indices:    1   3   1   7
 PDOS Poles:
     Freq. (THz)    Weight
        2.887       0.040619386
        7.368       0.104368180
       11.001       0.037974370
       23.107       0.095476921
       29.449       0.034160037
       31.052       0.104176516
       32.728       0.023909490
       37.957       0.095264114
       41.600       0.191117028
       43.836       0.135425028
       44.106       0.006947983
       91.105       0.036456405
       92.062       0.002029585
       93.175       0.027100633
       93.289       0.031543262
       93.892       0.033431066

 PDOS Einstein freq (single pole), associated temp and eff. force constant: 
 Freq (THz)   Temp (K)   Eff. FC (N/m)
  45.643      2190.46     123.5757

 pDOS n Moments, associated Einstein freqs, temps and eff. force constants:
  n     Mom (THz^n)   Freq (THz)     Temp (K)    Eff. FC (N/m)
 -2       0.00773      11.37754       546.02       7.6785
 -1       0.05282      18.93093       908.51      21.2581
  0       1.00000     ---------     --------
  1      38.45777      38.45777      1845.62      87.7300
  2    2083.30620      45.64325      2190.46     123.5756

 Path Red. Mass (AMU):    0.904838
 Path Length (Ang), s^2 (1e-3 Ang^2): 11.2989  29.5041
--------------------------------------------------------------
 Path Indices:    1   3   1   8
 PDOS Poles:
     Freq. (THz)    Weight
        2.909       0.037936292
        7.345       0.110407664
       10.996       0.037349392
       23.111       0.092991235
       29.679       0.049962356
       31.331       0.091674265
       33.065       0.013679678
       37.967       0.091142448
       41.600       0.180739950
       43.823       0.116454454
       43.942       0.022383773
       91.105       0.044119001
       92.062       0.002291647
       93.175       0.045702979
       93.289       0.027732134
       93.892       0.035432656

 PDOS Einstein freq (single pole), associated temp and eff. force constant: 
 Freq (THz)   Temp (K)   Eff. FC (N/m)
  47.503      2279.71     133.8420

 pDOS n Moments, associated Einstein freqs, temps and eff. force constants:
  n     Mom (THz^n)   Freq (THz)     Temp (K)    Eff. FC (N/m)
 -2       0.00743      11.59898       556.65       7.9797
 -1       0.05210      19.19281       921.08      21.8487
  0       1.00000     ---------     --------
  1      39.75731      39.75731      1907.99      93.7525
  2    2256.54180      47.50307      2279.71     133.8420

 Path Red. Mass (AMU):    0.904774
 Path Length (Ang), s^2 (1e-3 Ang^2): 11.3414  29.1036
--------------------------------------------------------------
 Path Indices:    1   3   1   9
 PDOS Poles:
     Freq. (THz)    Weight
        3.413       0.075751680
        7.249       0.018106212
        8.299       0.000942971
       20.267       0.113420438
       25.088       0.000003525
       29.696       0.105289864
       32.185       0.087659361
       38.199       0.002064498
       41.603       0.113653774
       43.812       0.009108253
       44.225       0.032148073
       91.105       0.192899255
       92.062       0.003936811
       93.175       0.001571062
       93.289       0.243431316
       93.892       0.000012842

 PDOS Einstein freq (single pole), associated temp and eff. force constant: 
 Freq (THz)   Temp (K)   Eff. FC (N/m)
  65.414      3139.27     253.6337

 pDOS n Moments, associated Einstein freqs, temps and eff. force constants:
  n     Mom (THz^n)   Freq (THz)     Temp (K)    Eff. FC (N/m)
 -2       0.00748      11.56053       554.80       7.9218
 -1       0.04518      22.13330      1062.20      29.0375
  0       1.00000     ---------     --------
  1      56.06592      56.06592      2690.65     186.3224
  2    4278.97485      65.41387      3139.27     253.6337

 Path Red. Mass (AMU):    0.904187
 Path Length (Ang), s^2 (1e-3 Ang^2): 11.7074  25.2534
--------------------------------------------------------------
 Path Indices:    1   3   2   3
 PDOS Poles:
     Freq. (THz)    Weight
        3.413       0.034774765
        7.321       0.101188409
       11.012       0.012704171
       20.267       0.541337395
       23.160       0.000052173
       29.696       0.143703093
       32.185       0.050618263
       38.205       0.108840370
       41.602       0.000955451
       43.810       0.003670960
       44.224       0.001388754
       91.105       0.000004042
       92.062       0.000669389
       93.175       0.000016688
       93.289       0.000062660
       93.892       0.000013407

 PDOS Einstein freq (single pole), associated temp and eff. force constant: 
 Freq (THz)   Temp (K)   Eff. FC (N/m)
  24.201      1161.44     203.4303

 pDOS n Moments, associated Einstein freqs, temps and eff. force constants:
  n     Mom (THz^n)   Freq (THz)     Temp (K)    Eff. FC (N/m)
 -2       0.00659      12.32177       591.33      52.7330
 -1       0.06129      16.31691       783.06      92.4725
  0       1.00000     ---------     --------
  1      22.35915      22.35915      1073.04     173.6390
  2     585.70497      24.20134      1161.44     203.4303

 Path Red. Mass (AMU):    5.298196
 Path Length (Ang), s^2 (1e-3 Ang^2):  6.8500   5.8460
--------------------------------------------------------------
 Path Indices:    1   3   2   4
 PDOS Poles:
     Freq. (THz)    Weight
        3.078       0.037809487
        6.791       0.010612911
       10.367       0.001071944
       20.268       0.132135393
       25.316       0.000272155
       29.718       0.163677019
       30.921       0.188762232
       37.832       0.167463458
       38.228       0.123045887
       43.752       0.000167617
       44.212       0.000640506
       91.105       0.000009598
       92.062       0.082251644
       93.175       0.042242823
       93.289       0.004519636
       93.892       0.045317705

 PDOS Einstein freq (single pole), associated temp and eff. force constant: 
 Freq (THz)   Temp (K)   Eff. FC (N/m)
  48.003      2303.71     157.2236

 pDOS n Moments, associated Einstein freqs, temps and eff. force constants:
  n     Mom (THz^n)   Freq (THz)     Temp (K)    Eff. FC (N/m)
 -2       0.00516      13.92339       668.20      13.2273
 -1       0.04164      24.01825      1152.66      39.3607
  0       1.00000     ---------     --------
  1      40.84611      40.84611      1960.24     113.8364
  2    2304.29306      48.00305      2303.71     157.2236

 Path Red. Mass (AMU):    1.040809
 Path Length (Ang), s^2 (1e-3 Ang^2):  7.4362  20.2168
--------------------------------------------------------------
 Path Indices:    1   3   2   5
 PDOS Poles:
     Freq. (THz)    Weight
        2.903       0.037317102
        6.660       0.012303544
       10.042       0.001215175
       20.268       0.130006774
       26.086       0.000349175
       29.731       0.160264998
       30.929       0.185646217
       37.839       0.165760487
       38.237       0.111838650
       43.706       0.000138944
       44.190       0.000309224
       91.105       0.000011914
       92.062       0.096025471
       93.175       0.048795815
       93.289       0.000870598
       93.892       0.049145923

 PDOS Einstein freq (single pole), associated temp and eff. force constant: 
 Freq (THz)   Temp (K)   Eff. FC (N/m)
  49.538      2377.37     166.3101

 pDOS n Moments, associated Einstein freqs, temps and eff. force constants:
  n     Mom (THz^n)   Freq (THz)     Temp (K)    Eff. FC (N/m)
 -2       0.00563      13.33237       639.83      12.0464
 -1       0.04206      23.77544      1141.00      38.3090
  0       1.00000     ---------     --------
  1      42.00503      42.00503      2015.86     119.5766
  2    2454.00259      49.53789      2377.37     166.3101

 Path Red. Mass (AMU):    1.033796
 Path Length (Ang), s^2 (1e-3 Ang^2):  7.4352  20.5618
--------------------------------------------------------------
 Path Indices:    1   3   2   6
 PDOS Poles:
     Freq. (THz)    Weight
        3.418       0.087872967
        7.321       0.219410713
       11.016       0.149679085
       20.267       0.423818616
       22.860       0.000065112
       29.693       0.000459326
       32.179       0.000610669
       38.205       0.034266005
       41.603       0.059437779
       43.811       0.002052768
       44.225       0.004438328
       91.105       0.010577002
       92.062       0.000086424
       93.175       0.000066759
       93.289       0.007130678
       93.892       0.000027737

 PDOS Einstein freq (single pole), associated temp and eff. force constant: 
 Freq (THz)   Temp (K)   Eff. FC (N/m)
  22.869      1097.53     175.2961

 pDOS n Moments, associated Einstein freqs, temps and eff. force constants:
  n     Mom (THz^n)   Freq (THz)     Temp (K)    Eff. FC (N/m)
 -2       0.01394       8.46832       406.40      24.0356
 -1       0.09288      10.76637       516.69      38.8507
  0       1.00000     ---------     --------
  1      17.89340      17.89340       858.72     107.3114
  2     523.01270      22.86947      1097.53     175.2960

 Path Red. Mass (AMU):    5.112710
 Path Length (Ang), s^2 (1e-3 Ang^2):  7.7701   9.1813
--------------------------------------------------------------
 Path Indices:    1   3   2   7
 PDOS Poles:
     Freq. (THz)    Weight
        3.370       0.014370349
        7.620       0.118690496
       11.130       0.059753801
       20.689       0.021675109
       23.254       0.071627179
       30.107       0.091418422
       32.102       0.090227557
       37.976       0.084688855
       40.895       0.003160592
       41.610       0.169316953
       43.844       0.154924796
       91.105       0.033529428
       92.062       0.000453501
       93.175       0.024816133
       93.289       0.031320917
       93.892       0.030025903

 PDOS Einstein freq (single pole), associated temp and eff. force constant: 
 Freq (THz)   Temp (K)   Eff. FC (N/m)
  44.627      2141.69     120.7172

 pDOS n Moments, associated Einstein freqs, temps and eff. force constants:
  n     Mom (THz^n)   Freq (THz)     Temp (K)    Eff. FC (N/m)
 -2       0.00442      15.04700       722.12      13.7237
 -1       0.04639      21.55633      1034.51      28.1658
  0       1.00000     ---------     --------
  1      37.71382      37.71382      1809.92      86.2131
  2    1991.57695      44.62709      2141.69     120.7172

 Path Red. Mass (AMU):    0.924620
 Path Length (Ang), s^2 (1e-3 Ang^2):  7.9728  25.3563
--------------------------------------------------------------
 Path Indices:    1   3   2   8
 PDOS Poles:
     Freq. (THz)    Weight
        3.566       0.014467964
        7.627       0.121955133
       11.176       0.058302717
       20.846       0.023005257
       23.306       0.068994194
       30.119       0.091973433
       32.143       0.086299010
       37.988       0.083151366
       41.597       0.166390706
       43.319       0.001868422
       43.848       0.153683895
       91.105       0.036735524
       92.062       0.000507722
       93.175       0.037635819
       93.289       0.025283094
       93.892       0.029745751

 PDOS Einstein freq (single pole), associated temp and eff. force constant: 
 Freq (THz)   Temp (K)   Eff. FC (N/m)
  45.384      2178.03     124.4558

 pDOS n Moments, associated Einstein freqs, temps and eff. force constants:
  n     Mom (THz^n)   Freq (THz)     Temp (K)    Eff. FC (N/m)
 -2       0.00432      15.22225       730.53      14.0012
 -1       0.04620      21.64339      1038.69      28.3046
  0       1.00000     ---------     --------
  1      38.21636      38.21636      1834.04      88.2480
  2    2059.72289      45.38417      2178.03     124.4558

 Path Red. Mass (AMU):    0.921717
 Path Length (Ang), s^2 (1e-3 Ang^2):  7.9673  25.3339
--------------------------------------------------------------
 Path Indices:    1   3   2   9
 PDOS Poles:
     Freq. (THz)    Weight
        3.416       0.024050733
        7.316       0.019431084
       11.011       0.005485285
       20.267       0.183548619
       22.890       0.000007171
       29.696       0.061527054
       32.185       0.044648615
       38.203       0.000910298
       41.603       0.063478431
       43.811       0.007451438
       44.225       0.013295676
       91.105       0.253433047
       92.062       0.009475388
       93.175       0.002138169
       93.289       0.311083925
       93.892       0.000034993

 PDOS Einstein freq (single pole), associated temp and eff. force constant: 
 Freq (THz)   Temp (K)   Eff. FC (N/m)
  72.384      3473.76     319.3840

 pDOS n Moments, associated Einstein freqs, temps and eff. force constants:
  n     Mom (THz^n)   Freq (THz)     Temp (K)    Eff. FC (N/m)
 -2       0.00314      17.83237       855.79      19.3842
 -1       0.03097      32.28535      1549.40      63.5392
  0       1.00000     ---------     --------
  1      64.04360      64.04360      3073.51     250.0243
  2    5239.40881      72.38376      3473.76     319.3839

 Path Red. Mass (AMU):    0.929870
 Path Length (Ang), s^2 (1e-3 Ang^2):  8.7495  16.8344
--------------------------------------------------------------
 Path Indices:    1   3   4   2
 PDOS Poles:
     Freq. (THz)    Weight
        3.483       0.008020639
        7.421       0.017575902
       11.138       0.005995638
       20.292       0.028720005
       23.240       0.007302278
       29.782       0.036585379
       30.953       0.049648155
       37.937       0.032981785
       38.386       0.009705636
       43.809       0.010059202
       44.223       0.004899343
       91.105       0.000033273
       92.062       0.377565982
       93.175       0.186208548
       93.289       0.021257901
       93.892       0.203440372

 PDOS Einstein freq (single pole), associated temp and eff. force constant: 
 Freq (THz)   Temp (K)   Eff. FC (N/m)
  83.568      4010.50     497.3095

 pDOS n Moments, associated Einstein freqs, temps and eff. force constants:
  n     Mom (THz^n)   Freq (THz)     Temp (K)    Eff. FC (N/m)
 -2       0.00133      27.38332      1314.15      53.3973
 -1       0.01973      50.68770      2432.55     182.9583
  0       1.00000     ---------     --------
  1      79.08212      79.08212      3795.22     445.3520
  2    6983.60903      83.56799      4010.50     497.3095

 Path Red. Mass (AMU):    1.086271
 Path Length (Ang), s^2 (1e-3 Ang^2):  6.6950   9.1788
--------------------------------------------------------------
 Path Indices:    1   3   4   3
 PDOS Poles:
     Freq. (THz)    Weight
        2.770       0.011431962
        6.783       0.005288138
       10.536       0.001072192
       20.269       0.008587567
       23.200       0.000985117
       29.862       0.004245584
       31.655       0.001415515
       38.123       0.002737536
       38.795       0.000137190
       42.360       0.000003527
       43.814       0.000605121
       91.105       0.000039202
       92.062       0.465651895
       93.175       0.224922593
       93.289       0.026017429
       93.892       0.246859481

 PDOS Einstein freq (single pole), associated temp and eff. force constant: 
 Freq (THz)   Temp (K)   Eff. FC (N/m)
  91.199      4376.74     494.3596

 pDOS n Moments, associated Einstein freqs, temps and eff. force constants:
  n     Mom (THz^n)   Freq (THz)     Temp (K)    Eff. FC (N/m)
 -2       0.00176      23.85152      1144.66      33.8136
 -1       0.01613      61.99023      2974.97     228.4051
  0       1.00000     ---------     --------
  1      90.01849      90.01849      4320.07     481.6402
  2    8317.32532      91.19937      4376.74     494.3596

 Path Red. Mass (AMU):    0.906673
 Path Length (Ang), s^2 (1e-3 Ang^2):  5.3676   8.9919
--------------------------------------------------------------
 Path Indices:    1   3   4   5
 PDOS Poles:
     Freq. (THz)    Weight
        2.936       0.023417772
        6.816       0.006342355
       12.379       0.000117256
       20.398       0.007578751
       23.606       0.002710021
       29.884       0.042637701
       31.333       0.017759613
       37.875       0.049422510
       38.422       0.007237185
       43.811       0.102610694
       44.224       0.038282508
       91.105       0.000072798
       92.062       0.628054110
       93.175       0.023515407
       93.289       0.021846071
       93.892       0.028395250

 PDOS Einstein freq (single pole), associated temp and eff. force constant: 
 Freq (THz)   Temp (K)   Eff. FC (N/m)
  79.889      3833.95     260.2328

 pDOS n Moments, associated Einstein freqs, temps and eff. force constants:
  n     Mom (THz^n)   Freq (THz)     Temp (K)    Eff. FC (N/m)
 -2       0.00314      17.85062       856.67      12.9925
 -1       0.02371      42.17698      2024.11      72.5331
  0       1.00000     ---------     --------
  1      75.22259      75.22259      3610.00     230.7183
  2    6382.28979      79.88923      3833.95     260.2327

 Path Red. Mass (AMU):    0.621980
 Path Length (Ang), s^2 (1e-3 Ang^2):  6.0400  19.2652
--------------------------------------------------------------
 Path Indices:    1   3   4   6
 PDOS Poles:
     Freq. (THz)    Weight
        3.519       0.022366205
        7.584       0.019051952
       15.261       0.000743398
       20.769       0.017734557
       23.729       0.011666057
       30.012       0.023300733
       32.900       0.005581801
       38.004       0.081975806
       41.558       0.014085676
       43.762       0.015966606
       44.155       0.006258650
       91.105       0.002453626
       92.062       0.371383317
       93.175       0.171856700
       93.289       0.021546958
       93.892       0.214027995

 PDOS Einstein freq (single pole), associated temp and eff. force constant: 
 Freq (THz)   Temp (K)   Eff. FC (N/m)
  83.442      4004.46     453.6736

 pDOS n Moments, associated Einstein freqs, temps and eff. force constants:
  n     Mom (THz^n)   Freq (THz)     Temp (K)    Eff. FC (N/m)
 -2       0.00240      20.40961       979.48      27.1420
 -1       0.02263      44.19538      2120.97     127.2699
  0       1.00000     ---------     --------
  1      78.97068      78.97068      3789.87     406.3532
  2    6962.60251      83.44221      4004.46     453.6736

 Path Red. Mass (AMU):    0.993947
 Path Length (Ang), s^2 (1e-3 Ang^2):  6.4299  11.5049
--------------------------------------------------------------
 Path Indices:    1   3   4   7
 PDOS Poles:
     Freq. (THz)    Weight
        3.017       0.009962257
        7.305       0.018921321
       11.100       0.004716401
       22.328       0.004078788
       23.131       0.173614327
       30.956       0.050623151
       32.242       0.047948989
       38.147       0.029570272
       41.601       0.091457809
       43.821       0.113368988
       44.188       0.003352887
       91.105       0.029856128
       92.062       0.184388157
       93.175       0.017154010
       93.289       0.004156445
       93.892       0.216830064

 PDOS Einstein freq (single pole), associated temp and eff. force constant: 
 Freq (THz)   Temp (K)   Eff. FC (N/m)
  67.288      3229.22     173.1371

 pDOS n Moments, associated Einstein freqs, temps and eff. force constants:
  n     Mom (THz^n)   Freq (THz)     Temp (K)    Eff. FC (N/m)
 -2       0.00210      21.79630      1046.02      18.1667
 -1       0.02763      36.18927      1736.75      50.0808
  0       1.00000     ---------     --------
  1      59.52945      59.52945      2856.87     135.5113
  2    4527.70792      67.28825      3229.22     173.1371

 Path Red. Mass (AMU):    0.583315
 Path Length (Ang), s^2 (1e-3 Ang^2):  6.7820  23.9410
--------------------------------------------------------------
 Path Indices:    1   3   4   8
 PDOS Poles:
     Freq. (THz)    Weight
        3.145       0.008822328
        7.424       0.021529935
       11.206       0.003793658
       23.039       0.011787177
       27.997       0.001293764
       31.393       0.046639153
       32.824       0.016154578
       37.919       0.094410905
       41.591       0.052433959
       43.148       0.000846457
       43.838       0.052936307
       91.105       0.059778098
       92.062       0.267791293
       93.175       0.338747875
       93.289       0.006291469
       93.892       0.016743107

 PDOS Einstein freq (single pole), associated temp and eff. force constant: 
 Freq (THz)   Temp (K)   Eff. FC (N/m)
  79.443      3812.53     220.0230

 pDOS n Moments, associated Einstein freqs, temps and eff. force constants:
  n     Mom (THz^n)   Freq (THz)     Temp (K)    Eff. FC (N/m)
 -2       0.00160      24.97222      1198.44      21.7406
 -1       0.02100      47.61091      2284.89      79.0261
  0       1.00000     ---------     --------
  1      74.47146      74.47146      3573.95     193.3471
  2    6311.17548      79.44291      3812.53     220.0230

 Path Red. Mass (AMU):    0.531801
 Path Length (Ang), s^2 (1e-3 Ang^2):  7.3435  19.9604
--------------------------------------------------------------
 Path Indices:    1   3   4   9
 PDOS Poles:
     Freq. (THz)    Weight
        3.509       0.018404206
        8.067       0.011011673
       13.226       0.001038428
       20.342       0.053185071
       24.131       0.004471815
       29.769       0.187535361
       32.100       0.036500005
       37.924       0.032759434
       41.600       0.078898881
       43.816       0.013673706
       44.219       0.027024147
       91.105       0.082738767
       92.062       0.123851178
       93.175       0.063759716
       93.289       0.178851987
       93.892       0.086295598

 PDOS Einstein freq (single pole), associated temp and eff. force constant: 
 Freq (THz)   Temp (K)   Eff. FC (N/m)
  71.411      3427.07     189.7541

 pDOS n Moments, associated Einstein freqs, temps and eff. force constants:
  n     Mom (THz^n)   Freq (THz)     Temp (K)    Eff. FC (N/m)
 -2       0.00220      21.29603      1022.02      16.8756
 -1       0.02638      37.90258      1818.98      53.4564
  0       1.00000     ---------     --------
  1      64.09792      64.09792      3076.12     152.8798
  2    5099.51528      71.41089      3427.07     189.7541

 Path Red. Mass (AMU):    0.567615
 Path Length (Ang), s^2 (1e-3 Ang^2):  6.7686  23.4910
--------------------------------------------------------------
 Path Indices:    1   3   5   2
 PDOS Poles:
     Freq. (THz)    Weight
        3.499       0.008084649
        7.431       0.017795570
       11.158       0.006042842
       20.296       0.028432168
       23.248       0.007981781
       29.797       0.037000653
       30.960       0.051403397
       37.953       0.034056700
       38.430       0.007955866
       43.809       0.010068973
       44.223       0.004917211
       91.105       0.000036278
       92.062       0.389469707
       93.175       0.194344442
       93.289       0.003873537
       93.892       0.198536264

 PDOS Einstein freq (single pole), associated temp and eff. force constant: 
 Freq (THz)   Temp (K)   Eff. FC (N/m)
  83.439      4004.32     497.6991

 pDOS n Moments, associated Einstein freqs, temps and eff. force constants:
  n     Mom (THz^n)   Freq (THz)     Temp (K)    Eff. FC (N/m)
 -2       0.00134      27.33476      1311.82      53.4142
 -1       0.01981      50.47615      2422.39     182.1371
  0       1.00000     ---------     --------
  1      78.91042      78.91042      3786.98     445.1381
  2    6962.10825      83.43925      4004.32     497.6991

 Path Red. Mass (AMU):    1.090479
 Path Length (Ang), s^2 (1e-3 Ang^2):  6.6940   9.1817
--------------------------------------------------------------
 Path Indices:    1   3   5   3
 PDOS Poles:
     Freq. (THz)    Weight
        2.693       0.012715670
        6.738       0.005871639
       10.510       0.001114255
       20.272       0.008527861
       23.207       0.001226720
       29.892       0.004434611
       31.629       0.001599713
       38.119       0.002895345
       39.025       0.000086521
       42.771       0.000004233
       43.821       0.000618736
       91.105       0.000042682
       92.062       0.479894372
       93.175       0.235061674
       93.289       0.004810883
       93.892       0.241095139

 PDOS Einstein freq (single pole), associated temp and eff. force constant: 
 Freq (THz)   Temp (K)   Eff. FC (N/m)
  91.057      4369.91     495.1719

 pDOS n Moments, associated Einstein freqs, temps and eff. force constants:
  n     Mom (THz^n)   Freq (THz)     Temp (K)    Eff. FC (N/m)
 -2       0.00204      22.16261      1063.60      29.3339
 -1       0.01682      59.45722      2853.40     211.1240
  0       1.00000     ---------     --------
  1      89.78253      89.78253      4308.74     481.4066
  2    8291.39368      91.05709      4369.91     495.1719

 Path Red. Mass (AMU):    0.911003
 Path Length (Ang), s^2 (1e-3 Ang^2):  5.3677   9.3304
--------------------------------------------------------------
 Path Indices:    1   3   5   4
 PDOS Poles:
     Freq. (THz)    Weight
        3.106       0.024022481
        6.951       0.005492051
       13.588       0.000094660
       20.413       0.007850246
       23.700       0.002490836
       29.883       0.045172456
       31.329       0.018283893
       37.876       0.054439134
       38.427       0.007850359
       43.810       0.098789928
       44.224       0.036616916
       91.105       0.000072841
       92.062       0.623361109
       93.175       0.031683224
       93.289       0.013207360
       93.892       0.030572514

 PDOS Einstein freq (single pole), associated temp and eff. force constant: 
 Freq (THz)   Temp (K)   Eff. FC (N/m)
  79.735      3826.57     265.4681

 pDOS n Moments, associated Einstein freqs, temps and eff. force constants:
  n     Mom (THz^n)   Freq (THz)     Temp (K)    Eff. FC (N/m)
 -2       0.00289      18.59464       892.37      14.4373
 -1       0.02342      42.69950      2049.19      76.1300
  0       1.00000     ---------     --------
  1      75.01615      75.01615      3600.09     234.9738
  2    6357.73269      79.73539      3826.57     265.4681

 Path Red. Mass (AMU):    0.636944
 Path Length (Ang), s^2 (1e-3 Ang^2):  6.0400  18.5824
--------------------------------------------------------------
 Path Indices:    1   3   5   6
 PDOS Poles:
     Freq. (THz)    Weight
        3.518       0.022378376
        7.580       0.019148790
       15.317       0.000746050
       20.786       0.017742318
       23.689       0.012802865
       30.012       0.023150637
       32.897       0.005622651
       38.006       0.081967183
       41.558       0.014068475
       43.764       0.016231016
       44.155       0.006324722
       91.105       0.002474804
       92.062       0.383460503
       93.175       0.181602880
       93.289       0.004326485
       93.892       0.207952287

 PDOS Einstein freq (single pole), associated temp and eff. force constant: 
 Freq (THz)   Temp (K)   Eff. FC (N/m)
  83.352      4000.11     454.2658

 pDOS n Moments, associated Einstein freqs, temps and eff. force constants:
  n     Mom (THz^n)   Freq (THz)     Temp (K)    Eff. FC (N/m)
 -2       0.00241      20.38538       978.31      27.1719
 -1       0.02268      44.08392      2115.63     127.0701
  0       1.00000     ---------     --------
  1      78.85378      78.85378      3784.26     406.5632
  2    6947.47593      83.35152      4000.11     454.2658

 Path Red. Mass (AMU):    0.997411
 Path Length (Ang), s^2 (1e-3 Ang^2):  6.4301  11.4940
--------------------------------------------------------------
 Path Indices:    1   3   5   7
 PDOS Poles:
     Freq. (THz)    Weight
        3.128       0.009384687
        7.461       0.020652918
       11.238       0.003829210
       23.026       0.012376115
       27.663       0.001180664
       31.368       0.048585231
       32.833       0.016340258
       37.918       0.096832842
       41.593       0.055215644
       43.720       0.012379909
       43.873       0.042686473
       91.105       0.056183438
       92.062       0.275722690
       93.175       0.303898274
       93.289       0.029128466
       93.892       0.015603243

 PDOS Einstein freq (single pole), associated temp and eff. force constant: 
 Freq (THz)   Temp (K)   Eff. FC (N/m)
  79.043      3793.33     219.3702

 pDOS n Moments, associated Einstein freqs, temps and eff. force constants:
  n     Mom (THz^n)   Freq (THz)     Temp (K)    Eff. FC (N/m)
 -2       0.00166      24.56283      1178.79      21.1841
 -1       0.02123      47.11389      2261.04      77.9385
  0       1.00000     ---------     --------
  1      73.98724      73.98724      3550.71     192.2064
  2    6247.74689      79.04269      3793.33     219.3703

 Path Red. Mass (AMU):    0.535606
 Path Length (Ang), s^2 (1e-3 Ang^2):  7.3434  20.0277
--------------------------------------------------------------
 Path Indices:    1   3   5   8
 PDOS Poles:
     Freq. (THz)    Weight
        3.042       0.009579930
        7.306       0.019212521
       11.088       0.004481367
       23.048       0.125052130
       23.278       0.051271592
       30.950       0.047302222
       32.238       0.048378803
       38.150       0.029552565
       41.601       0.088515992
       43.815       0.111920686
       44.181       0.002384634
       91.105       0.032984327
       92.062       0.191715455
       93.175       0.011122647
       93.289       0.010557312
       93.892       0.215967828

 PDOS Einstein freq (single pole), associated temp and eff. force constant: 
 Freq (THz)   Temp (K)   Eff. FC (N/m)
  67.810      3254.25     176.3793

 pDOS n Moments, associated Einstein freqs, temps and eff. force constants:
  n     Mom (THz^n)   Freq (THz)     Temp (K)    Eff. FC (N/m)
 -2       0.00204      22.12775      1061.93      18.7818
 -1       0.02733      36.59182      1756.07      51.3606
  0       1.00000     ---------     --------
  1      60.09112      60.09112      2883.83     138.5105
  2    4598.17410      67.80984      3254.25     176.3793

 Path Red. Mass (AMU):    0.585131
 Path Length (Ang), s^2 (1e-3 Ang^2):  6.7861  23.6041
--------------------------------------------------------------
 Path Indices:    1   3   5   9
 PDOS Poles:
     Freq. (THz)    Weight
        3.515       0.018278598
        8.067       0.010043749
       13.283       0.001018743
       20.344       0.053567693
       24.070       0.004866549
       29.768       0.187974557
       32.103       0.036270069
       37.920       0.034253450
       41.600       0.080064613
       43.805       0.011601817
       44.219       0.026918224
       91.105       0.082852778
       92.062       0.128408473
       93.175       0.098788592
       93.289       0.136086265
       93.892       0.089005819

 PDOS Einstein freq (single pole), associated temp and eff. force constant: 
 Freq (THz)   Temp (K)   Eff. FC (N/m)
  71.382      3425.66     190.8716

 pDOS n Moments, associated Einstein freqs, temps and eff. force constants:
  n     Mom (THz^n)   Freq (THz)     Temp (K)    Eff. FC (N/m)
 -2       0.00218      21.43220      1028.55      17.2069
 -1       0.02627      38.05918      1826.49      54.2610
  0       1.00000     ---------     --------
  1      64.08046      64.08046      3075.28     153.8227
  2    5095.32858      71.38157      3425.66     190.8716

 Path Red. Mass (AMU):    0.571426
 Path Length (Ang), s^2 (1e-3 Ang^2):  6.7650  23.2383
--------------------------------------------------------------
 Path Indices:    1   3   6   2
 PDOS Poles:
     Freq. (THz)    Weight
        3.412       0.057059220
        7.322       0.364665093
       11.012       0.021449687
       20.267       0.156686046
       23.106       0.000045252
       29.696       0.110331014
       32.185       0.103573759
       38.190       0.000755473
       41.603       0.150720247
       43.809       0.001210601
       44.224       0.004566003
       91.105       0.021615665
       92.062       0.001060260
       93.175       0.000116688
       93.289       0.006125362
       93.892       0.000019603

 PDOS Einstein freq (single pole), associated temp and eff. force constant: 
 Freq (THz)   Temp (K)   Eff. FC (N/m)
  28.424      1364.07     544.8118

 pDOS n Moments, associated Einstein freqs, temps and eff. force constants:
  n     Mom (THz^n)   Freq (THz)     Temp (K)    Eff. FC (N/m)
 -2       0.01258       8.91578       427.88      53.6054
 -1       0.08723      11.46422       550.18      88.6296
  0       1.00000     ---------     --------
  1      22.09285      22.09285      1060.26     329.1495
  2     807.89865      28.42356      1364.07     544.8117

 Path Red. Mass (AMU):   10.286813
 Path Length (Ang), s^2 (1e-3 Ang^2):  7.4530   4.2855
--------------------------------------------------------------
 Path Indices:    1   3   6   3
 PDOS Poles:
     Freq. (THz)    Weight
        3.414       0.249283506
        7.311       0.173327561
       10.994       0.017500407
       20.266       0.071625344
       22.453       0.000098086
       29.696       0.095498987
       32.185       0.187580596
       38.201       0.001938613
       41.603       0.174259367
       43.810       0.003327024
       44.223       0.000414633
       91.105       0.022861604
       92.062       0.002166633
       93.175       0.000009283
       93.289       0.000096294
       93.892       0.000012100

 PDOS Einstein freq (single pole), associated temp and eff. force constant: 
 Freq (THz)   Temp (K)   Eff. FC (N/m)
  29.035      1393.43     519.6458

 pDOS n Moments, associated Einstein freqs, temps and eff. force constants:
  n     Mom (THz^n)   Freq (THz)     Temp (K)    Eff. FC (N/m)
 -2       0.02535       6.28106       301.43      24.3175
 -1       0.11550       8.65784       415.50      46.2031
  0       1.00000     ---------     --------
  1      22.41872      22.41872      1075.89     309.7948
  2     843.05312      29.03538      1393.43     519.6458

 Path Red. Mass (AMU):    9.402508
 Path Length (Ang), s^2 (1e-3 Ang^2):  6.2158   6.2083
--------------------------------------------------------------
 Path Indices:    1   3   6   4
 PDOS Poles:
     Freq. (THz)    Weight
        3.077       0.103145096
        6.603       0.024369069
        9.389       0.002243767
       20.279       0.059411129
       23.224       0.008932176
       30.917       0.083259596
       32.209       0.102278935
       38.141       0.035566162
       41.599       0.047079664
       43.429       0.000333649
       44.205       0.002297110
       91.105       0.006121662
       92.062       0.238545857
       93.175       0.111609627
       93.289       0.020116600
       93.892       0.154689945

 PDOS Einstein freq (single pole), associated temp and eff. force constant: 
 Freq (THz)   Temp (K)   Eff. FC (N/m)
  70.255      3371.61     876.3240

 pDOS n Moments, associated Einstein freqs, temps and eff. force constants:
  n     Mom (THz^n)   Freq (THz)     Temp (K)    Eff. FC (N/m)
 -2       0.01194       9.15213       439.22      14.8714
 -1       0.05447      18.35706       880.97      59.8291
  0       1.00000     ---------     --------
  1      60.52988      60.52988      2904.88     650.4979
  2    4935.81093      70.25533      3371.61     876.3240

 Path Red. Mass (AMU):    2.708304
 Path Length (Ang), s^2 (1e-3 Ang^2):  6.8540  10.1654
--------------------------------------------------------------
 Path Indices:    1   3   6   5
 PDOS Poles:
     Freq. (THz)    Weight
        2.818       0.091843980
        5.642       0.025061464
        8.004       0.010192012
       20.274       0.055262948
       23.186       0.008005915
       30.880       0.073792196
       32.187       0.099323623
       38.143       0.028211339
       40.627       0.000337157
       41.605       0.044393363
       44.221       0.000974629
       91.105       0.005868237
       92.062       0.264952403
       93.175       0.126655211
       93.289       0.005974274
       93.892       0.159151312

 PDOS Einstein freq (single pole), associated temp and eff. force constant: 
 Freq (THz)   Temp (K)   Eff. FC (N/m)
  71.915      3451.24     870.9381

 pDOS n Moments, associated Einstein freqs, temps and eff. force constants:
  n     Mom (THz^n)   Freq (THz)     Temp (K)    Eff. FC (N/m)
 -2       0.01294       8.79004       421.84      13.0118
 -1       0.05475      18.26572       876.59      56.1860
  0       1.00000     ---------     --------
  1      62.47149      62.47149      2998.06     657.2310
  2    5171.69616      71.91451      3451.24     870.9381

 Path Red. Mass (AMU):    2.568890
 Path Length (Ang), s^2 (1e-3 Ang^2):  6.8542  10.7707
--------------------------------------------------------------
 Path Indices:    1   3   6   7
 PDOS Poles:
     Freq. (THz)    Weight
        3.028       0.022685250
        7.345       0.053344708
       10.993       0.012028238
       21.075       0.000941109
       23.136       0.033804619
       30.991       0.028450207
       32.212       0.085876495
       37.865       0.024952078
       41.600       0.034049859
       43.841       0.052056633
       44.205       0.003005104
       91.105       0.160085764
       92.062       0.002702577
       93.175       0.148636169
       93.289       0.164343669
       93.892       0.173037507

 PDOS Einstein freq (single pole), associated temp and eff. force constant: 
 Freq (THz)   Temp (K)   Eff. FC (N/m)
  77.058      3698.06     527.0061

 pDOS n Moments, associated Einstein freqs, temps and eff. force constants:
  n     Mom (THz^n)   Freq (THz)     Temp (K)    Eff. FC (N/m)
 -2       0.00388      16.05101       770.30      22.8660
 -1       0.03066      32.61759      1565.35      94.4255
  0       1.00000     ---------     --------
  1      70.07995      70.07995      3363.20     435.8862
  2    5937.86171      77.05752      3698.06     527.0061

 Path Red. Mass (AMU):    1.353870
 Path Length (Ang), s^2 (1e-3 Ang^2):  5.7933  11.4445
--------------------------------------------------------------
 Path Indices:    1   3   6   8
 PDOS Poles:
     Freq. (THz)    Weight
        3.057       0.021051504
        7.332       0.054546269
       11.004       0.011385567
       21.296       0.000962371
       23.140       0.032324501
       31.002       0.024825300
       32.213       0.083656780
       37.871       0.022751289
       41.600       0.030684537
       43.841       0.050652336
       44.189       0.001879234
       91.105       0.166922129
       92.062       0.002826367
       93.175       0.206906593
       93.289       0.123636488
       93.892       0.164988737

 PDOS Einstein freq (single pole), associated temp and eff. force constant: 
 Freq (THz)   Temp (K)   Eff. FC (N/m)
  77.819      3734.63     525.0161

 pDOS n Moments, associated Einstein freqs, temps and eff. force constants:
  n     Mom (THz^n)   Freq (THz)     Temp (K)    Eff. FC (N/m)
 -2       0.00367      16.51051       792.35      23.6329
 -1       0.02990      33.44154      1604.89      96.9546
  0       1.00000     ---------     --------
  1      71.03556      71.03556      3409.06     437.4691
  2    6055.87377      77.81949      3734.63     525.0161

 Path Red. Mass (AMU):    1.322474
 Path Length (Ang), s^2 (1e-3 Ang^2):  5.7934  11.4275
--------------------------------------------------------------
 Path Indices:    1   3   6   9
 PDOS Poles:
     Freq. (THz)    Weight
        3.414       0.032646405
        7.292       0.011926545
        9.055       0.000145190
       20.267       0.039196767
       23.830       0.000002079
       29.696       0.079351496
       32.185       0.000028919
       38.205       0.004745876
       41.603       0.012888446
       43.811       0.009084129
       44.224       0.008468857
       91.105       0.318696952
       92.062       0.015168482
       93.175       0.003194652
       93.289       0.464400092
       93.892       0.000055007

 PDOS Einstein freq (single pole), associated temp and eff. force constant: 
 Freq (THz)   Temp (K)   Eff. FC (N/m)
  83.630      4013.47     508.0053

 pDOS n Moments, associated Einstein freqs, temps and eff. force constants:
  n     Mom (THz^n)   Freq (THz)     Temp (K)    Eff. FC (N/m)
 -2       0.00333      17.33706       832.02      21.8321
 -1       0.02533      39.47673      1894.52     113.1949
  0       1.00000     ---------     --------
  1      78.89912      78.89912      3786.44     452.1566
  2    6993.96776      83.62995      4013.47     508.0052

 Path Red. Mass (AMU):    1.107990
 Path Length (Ang), s^2 (1e-3 Ang^2):  5.7949  11.5544
--------------------------------------------------------------
 Path Indices:    1   3   7   2
 PDOS Poles:
     Freq. (THz)    Weight
        3.616       0.006327507
        7.509       0.078873485
       11.100       0.012003565
       23.097       0.063368132
       27.944       0.002832253
       30.726       0.080451989
       32.212       0.120966524
       37.876       0.071916688
       41.600       0.134006691
       43.834       0.109643110
       43.970       0.009127389
       91.105       0.089041994
       92.062       0.000870657
       93.175       0.058606416
       93.289       0.076830983
       93.892       0.085132505

 PDOS Einstein freq (single pole), associated temp and eff. force constant: 
 Freq (THz)   Temp (K)   Eff. FC (N/m)
  59.003      2831.58     248.8885

 pDOS n Moments, associated Einstein freqs, temps and eff. force constants:
  n     Mom (THz^n)   Freq (THz)     Temp (K)    Eff. FC (N/m)
 -2       0.00253      19.88191       954.15      28.2605
 -1       0.03373      29.64854      1422.86      62.8450
  0       1.00000     ---------     --------
  1      50.97967      50.97967      2446.56     185.8052
  2    3481.29631      59.00251      2831.58     248.8885

 Path Red. Mass (AMU):    1.090574
 Path Length (Ang), s^2 (1e-3 Ang^2):  8.3039  15.6303
--------------------------------------------------------------
 Path Indices:    1   3   7   3
 PDOS Poles:
     Freq. (THz)    Weight
        3.350       0.021141671
        7.375       0.020840251
       11.155       0.004364990
       23.096       0.059710071
       26.212       0.000811353
       30.837       0.071173702
       32.206       0.082919173
       37.844       0.070748133
       41.601       0.088040153
       43.838       0.049515616
       44.219       0.018699441
       91.105       0.149298489
       92.062       0.001775194
       93.175       0.101323096
       93.289       0.122324688
       93.892       0.137313968

 PDOS Einstein freq (single pole), associated temp and eff. force constant: 
 Freq (THz)   Temp (K)   Eff. FC (N/m)
  70.586      3387.49     316.0063

 pDOS n Moments, associated Einstein freqs, temps and eff. force constants:
  n     Mom (THz^n)   Freq (THz)     Temp (K)    Eff. FC (N/m)
 -2       0.00277      19.01678       912.63      22.9367
 -1       0.02808      35.60697      1708.81      80.4130
  0       1.00000     ---------     --------
  1      63.38669      63.38669      3041.98     254.8312
  2    4982.40782      70.58617      3387.49     316.0062

 Path Red. Mass (AMU):    0.967493
 Path Length (Ang), s^2 (1e-3 Ang^2):  7.5122  14.6704
--------------------------------------------------------------
 Path Indices:    1   3   7   4
 PDOS Poles:
     Freq. (THz)    Weight
        3.125       0.031871658
        7.432       0.013460194
       12.778       0.000717833
       20.662       0.010524490
       23.144       0.153240881
       30.083       0.016553219
       32.205       0.096276803
       37.845       0.107749123
       41.599       0.080914383
       43.818       0.083596404
       44.214       0.017361821
       91.105       0.085362706
       92.062       0.054910580
       93.175       0.009670959
       93.289       0.046739606
       93.892       0.191049331

 PDOS Einstein freq (single pole), associated temp and eff. force constant: 
 Freq (THz)   Temp (K)   Eff. FC (N/m)
  63.563      3050.44     215.3127

 pDOS n Moments, associated Einstein freqs, temps and eff. force constants:
  n     Mom (THz^n)   Freq (THz)     Temp (K)    Eff. FC (N/m)
 -2       0.00415      15.51562       744.61      12.8292
 -1       0.03400      29.40843      1411.34      46.0898
  0       1.00000     ---------     --------
  1      55.47735      55.47735      2662.41     164.0185
  2    4040.24920      63.56295      3050.44     215.3127

 Path Red. Mass (AMU):    0.812929
 Path Length (Ang), s^2 (1e-3 Ang^2):  7.8543  21.1398
--------------------------------------------------------------
 Path Indices:    1   3   7   5
 PDOS Poles:
     Freq. (THz)    Weight
        2.996       0.027911438
        7.230       0.008497751
       13.344       0.000515068
       20.810       0.009642932
       23.375       0.020081417
       30.623       0.117751223
       32.065       0.094248550
       37.936       0.016925347
       41.599       0.041212230
       43.832       0.023892820
       44.212       0.010228165
       91.105       0.126888980
       92.062       0.132475811
       93.175       0.271232541
       93.289       0.085062522
       93.892       0.013433233

 PDOS Einstein freq (single pole), associated temp and eff. force constant: 
 Freq (THz)   Temp (K)   Eff. FC (N/m)
  75.989      3646.75     270.2745

 pDOS n Moments, associated Einstein freqs, temps and eff. force constants:
  n     Mom (THz^n)   Freq (THz)     Temp (K)    Eff. FC (N/m)
 -2       0.00368      16.48824       791.29      12.7250
 -1       0.02765      36.16814      1735.74      61.2296
  0       1.00000     ---------     --------
  1      69.53091      69.53091      3336.85     226.2898
  2    5774.25255      75.98850      3646.75     270.2745

 Path Red. Mass (AMU):    0.714004
 Path Length (Ang), s^2 (1e-3 Ang^2):  8.4157  19.5703
--------------------------------------------------------------
 Path Indices:    1   3   7   6
 PDOS Poles:
     Freq. (THz)    Weight
        3.438       0.022558234
        7.373       0.025276751
       11.152       0.004055748
       20.371       0.004891464
       23.158       0.013032459
       30.904       0.021283726
       32.205       0.040567794
       37.847       0.020687854
       41.597       0.008924346
       43.838       0.015637024
       44.220       0.007878653
       91.105       0.206913684
       92.062       0.003458864
       93.175       0.170583578
       93.289       0.209931628
       93.892       0.224318185

 PDOS Einstein freq (single pole), associated temp and eff. force constant: 
 Freq (THz)   Temp (K)   Eff. FC (N/m)
  84.831      4071.11     505.2724

 pDOS n Moments, associated Einstein freqs, temps and eff. force constants:
  n     Mom (THz^n)   Freq (THz)     Temp (K)    Eff. FC (N/m)
 -2       0.00263      19.49818       935.73      26.6934
 -1       0.02318      43.13978      2070.32     130.6690
  0       1.00000     ---------     --------
  1      80.57241      80.57241      3866.74     455.8158
  2    7196.29421      84.83097      4071.11     505.2724

 Path Red. Mass (AMU):    1.071045
 Path Length (Ang), s^2 (1e-3 Ang^2):  6.4415  10.9380
--------------------------------------------------------------
 Path Indices:    1   3   7   8
 PDOS Poles:
     Freq. (THz)    Weight
        3.033       0.011685525
        7.304       0.032678231
       10.970       0.009277326
       20.041       0.000139166
       23.113       0.001427238
       29.699       0.016348022
       32.185       0.100408252
       38.203       0.018686662
       41.602       0.032544387
       43.819       0.022137664
       44.224       0.039640572
       91.105       0.406481717
       92.062       0.006934495
       93.175       0.000152383
       93.289       0.293808959
       93.892       0.007649336

 PDOS Einstein freq (single pole), associated temp and eff. force constant: 
 Freq (THz)   Temp (K)   Eff. FC (N/m)
  79.901      3834.53     316.3521

 pDOS n Moments, associated Einstein freqs, temps and eff. force constants:
  n     Mom (THz^n)   Freq (THz)     Temp (K)    Eff. FC (N/m)
 -2       0.00223      21.19306      1017.07      22.2562
 -1       0.02335      42.81874      2054.91      90.8512
  0       1.00000     ---------     --------
  1      74.73235      74.73235      3586.47     276.7454
  2    6384.21414      79.90128      3834.53     316.3520

 Path Red. Mass (AMU):    0.755883
 Path Length (Ang), s^2 (1e-3 Ang^2):  7.1175  15.6148
--------------------------------------------------------------
 Path Indices:    1   3   7   9
 PDOS Poles:
     Freq. (THz)    Weight
        3.421       0.020693955
        7.343       0.008247666
       20.220       0.018496088
       22.888       0.012672993
       25.682       0.001238627
       29.976       0.037959038
       31.348       0.012965458
       37.835       0.029298298
       41.597       0.010042178
       43.838       0.035748824
       44.221       0.012330954
       91.105       0.568671624
       92.062       0.001296264
       93.175       0.104323952
       93.289       0.022451284
       93.892       0.103562831

 PDOS Einstein freq (single pole), associated temp and eff. force constant: 
 Freq (THz)   Temp (K)   Eff. FC (N/m)
  83.426      4003.66     321.6020

 pDOS n Moments, associated Einstein freqs, temps and eff. force constants:
  n     Mom (THz^n)   Freq (THz)     Temp (K)    Eff. FC (N/m)
 -2       0.00219      21.34827      1024.52      21.0594
 -1       0.02120      47.17341      2263.89     102.8290
  0       1.00000     ---------     --------
  1      79.47711      79.47711      3814.18     291.8805
  2    6959.81701      83.42552      4003.66     321.6020

 Path Red. Mass (AMU):    0.704875
 Path Length (Ang), s^2 (1e-3 Ang^2):  7.1199  15.1990
--------------------------------------------------------------
 Path Indices:    1   3   8   2
 PDOS Poles:
     Freq. (THz)    Weight
        3.610       0.005890231
        7.458       0.079306860
       11.075       0.012530846
       23.104       0.065384048
       28.808       0.006041300
       30.843       0.081764151
       32.242       0.115677455
       37.877       0.070786937
       41.601       0.134120359
       43.824       0.088780509
       43.900       0.030925666
       91.105       0.089452274
       92.062       0.000877684
       93.175       0.081840333
       93.289       0.057904030
       93.892       0.078717389

 PDOS Einstein freq (single pole), associated temp and eff. force constant: 
 Freq (THz)   Temp (K)   Eff. FC (N/m)
  58.873      2825.37     248.4346

 pDOS n Moments, associated Einstein freqs, temps and eff. force constants:
  n     Mom (THz^n)   Freq (THz)     Temp (K)    Eff. FC (N/m)
 -2       0.00253      19.87288       953.72      28.3074
 -1       0.03383      29.56145      1418.68      62.6367
  0       1.00000     ---------     --------
  1      50.84541      50.84541      2440.12     185.3025
  2    3466.04445      58.87312      2825.37     248.4346

 Path Red. Mass (AMU):    1.093375
 Path Length (Ang), s^2 (1e-3 Ang^2):  8.2987  15.6362
--------------------------------------------------------------
 Path Indices:    1   3   8   3
 PDOS Poles:
     Freq. (THz)    Weight
        3.295       0.021717405
        7.323       0.021370057
       11.101       0.004488888
       23.105       0.061686654
       27.282       0.000861968
       30.849       0.069452948
       32.215       0.082435243
       37.845       0.069478294
       41.601       0.087572685
       43.833       0.050443611
       44.219       0.017883805
       91.105       0.151009632
       92.062       0.001801115
       93.175       0.139912944
       93.289       0.091547161
       93.892       0.128337596

 PDOS Einstein freq (single pole), associated temp and eff. force constant: 
 Freq (THz)   Temp (K)   Eff. FC (N/m)
  70.580      3387.20     316.7252

 pDOS n Moments, associated Einstein freqs, temps and eff. force constants:
  n     Mom (THz^n)   Freq (THz)     Temp (K)    Eff. FC (N/m)
 -2       0.00290      18.57406       891.39      21.9347
 -1       0.02845      35.15091      1686.92      78.5581
  0       1.00000     ---------     --------
  1      63.34942      63.34942      3040.19     255.1546
  2    4981.55093      70.58010      3387.20     316.7252

 Path Red. Mass (AMU):    0.969861
 Path Length (Ang), s^2 (1e-3 Ang^2):  7.5128  14.8245
--------------------------------------------------------------
 Path Indices:    1   3   8   4
 PDOS Poles:
     Freq. (THz)    Weight
        3.164       0.028460690
        7.412       0.007557914
       13.675       0.000535043
       20.881       0.010099693
       23.423       0.019071796
       30.604       0.120734427
       32.062       0.098265687
       37.962       0.017103080
       41.598       0.041693251
       43.827       0.025675816
       44.208       0.008531912
       91.105       0.130792472
       92.062       0.119853899
       93.175       0.313860132
       93.289       0.044449129
       93.892       0.013315107

 PDOS Einstein freq (single pole), associated temp and eff. force constant: 
 Freq (THz)   Temp (K)   Eff. FC (N/m)
  75.650      3630.53     272.7424

 pDOS n Moments, associated Einstein freqs, temps and eff. force constants:
  n     Mom (THz^n)   Freq (THz)     Temp (K)    Eff. FC (N/m)
 -2       0.00339      17.16800       823.91      14.0466
 -1       0.02732      36.60489      1756.70      63.8571
  0       1.00000     ---------     --------
  1      69.13320      69.13320      3317.76     227.7740
  2    5722.97551      75.65035      3630.53     272.7424

 Path Red. Mass (AMU):    0.726979
 Path Length (Ang), s^2 (1e-3 Ang^2):  8.4161  18.9917
--------------------------------------------------------------
 Path Indices:    1   3   8   5
 PDOS Poles:
     Freq. (THz)    Weight
        2.952       0.032011432
        7.301       0.013400274
       12.408       0.000692326
       20.630       0.009419473
       23.140       0.150495935
       30.053       0.016044251
       32.201       0.095775700
       37.842       0.103215613
       41.600       0.079814050
       43.812       0.078591749
       44.216       0.018404862
       91.105       0.086121515
       92.062       0.065474425
       93.175       0.015537595
       93.289       0.042598609
       93.892       0.192402193

 PDOS Einstein freq (single pole), associated temp and eff. force constant: 
 Freq (THz)   Temp (K)   Eff. FC (N/m)
  64.372      3089.28     219.8758

 pDOS n Moments, associated Einstein freqs, temps and eff. force constants:
  n     Mom (THz^n)   Freq (THz)     Temp (K)    Eff. FC (N/m)
 -2       0.00456      14.81369       710.92      11.6441
 -1       0.03439      29.08020      1395.58      44.8719
  0       1.00000     ---------     --------
  1      56.28778      56.28778      2701.30     168.1155
  2    4143.79239      64.37230      3089.28     219.8758

 Path Red. Mass (AMU):    0.809414
 Path Length (Ang), s^2 (1e-3 Ang^2):  7.8586  21.4712
--------------------------------------------------------------
 Path Indices:    1   3   8   6
 PDOS Poles:
     Freq. (THz)    Weight
        3.437       0.022610932
        7.369       0.025388263
       11.148       0.004056658
       20.370       0.004767828
       23.153       0.014325075
       30.913       0.020511389
       32.207       0.040805641
       37.847       0.020756780
       41.597       0.008856142
       43.834       0.015590362
       44.220       0.007604283
       91.105       0.209922336
       92.062       0.003507086
       93.175       0.234627010
       93.289       0.157777615
       93.892       0.208892616

 PDOS Einstein freq (single pole), associated temp and eff. force constant: 
 Freq (THz)   Temp (K)   Eff. FC (N/m)
  84.778      4068.57     506.2297

 pDOS n Moments, associated Einstein freqs, temps and eff. force constants:
  n     Mom (THz^n)   Freq (THz)     Temp (K)    Eff. FC (N/m)
 -2       0.00264      19.46357       934.07      26.6825
 -1       0.02324      43.03494      2065.28     130.4437
  0       1.00000     ---------     --------
  1      80.50229      80.50229      3863.38     456.4542
  2    7187.31798      84.77805      4068.57     506.2297

 Path Red. Mass (AMU):    1.074415
 Path Length (Ang), s^2 (1e-3 Ang^2):  6.4419  10.9303
--------------------------------------------------------------
 Path Indices:    1   3   8   7
 PDOS Poles:
     Freq. (THz)    Weight
        3.001       0.012523167
        7.312       0.031902223
       10.955       0.009697494
       19.647       0.000109273
       23.086       0.001609871
       29.696       0.016434068
       32.185       0.102742914
       38.205       0.018678468
       41.603       0.035021416
       43.815       0.021915219
       44.224       0.037160454
       91.105       0.404054394
       92.062       0.006881295
       93.175       0.012090094
       93.289       0.283315565
       93.892       0.005864024

 PDOS Einstein freq (single pole), associated temp and eff. force constant: 
 Freq (THz)   Temp (K)   Eff. FC (N/m)
  79.761      3827.79     321.1220

 pDOS n Moments, associated Einstein freqs, temps and eff. force constants:
  n     Mom (THz^n)   Freq (THz)     Temp (K)    Eff. FC (N/m)
 -2       0.00234      20.68696       992.79      21.6016
 -1       0.02365      42.27942      2029.03      90.2298
  0       1.00000     ---------     --------
  1      74.53768      74.53768      3577.13     280.4424
  2    6361.77198      79.76072      3827.79     321.1220

 Path Red. Mass (AMU):    0.769987
 Path Length (Ang), s^2 (1e-3 Ang^2):  7.1178  15.5243
--------------------------------------------------------------
 Path Indices:    1   3   8   9
 PDOS Poles:
     Freq. (THz)    Weight
        3.421       0.020857603
        7.337       0.008284380
       20.222       0.018465557
       22.908       0.013225081
       25.779       0.001199768
       29.979       0.037397692
       31.389       0.011653985
       37.836       0.027848994
       41.597       0.010203898
       43.841       0.030998144
       44.222       0.013045832
       91.105       0.576279496
       92.062       0.001291441
       93.175       0.087168450
       93.289       0.037237049
       93.892       0.104842656

 PDOS Einstein freq (single pole), associated temp and eff. force constant: 
 Freq (THz)   Temp (K)   Eff. FC (N/m)
  83.684      4016.05     326.4206

 pDOS n Moments, associated Einstein freqs, temps and eff. force constants:
  n     Mom (THz^n)   Freq (THz)     Temp (K)    Eff. FC (N/m)
 -2       0.00221      21.29105      1021.78      21.1296
 -1       0.02116      47.26658      2268.36     104.1370
  0       1.00000     ---------     --------
  1      79.80108      79.80108      3829.72     296.8343
  2    7002.94934      83.68363      4016.05     326.4206

 Path Red. Mass (AMU):    0.711030
 Path Length (Ang), s^2 (1e-3 Ang^2):  7.1198  15.0377
--------------------------------------------------------------
 Path Indices:    1   3   9   2
 PDOS Poles:
     Freq. (THz)    Weight
        3.411       0.006244970
        7.321       0.025709433
       10.990       0.000452515
       20.267       0.054556746
       22.992       0.000010287
       29.696       0.135390921
       32.185       0.020173943
       38.205       0.021248169
       41.603       0.059853996
       43.810       0.010930558
       44.225       0.017025988
       91.105       0.284242766
       92.062       0.008566620
       93.175       0.002411692
       93.289       0.353139918
       93.892       0.000041391

 PDOS Einstein freq (single pole), associated temp and eff. force constant: 
 Freq (THz)   Temp (K)   Eff. FC (N/m)
  76.678      3679.86     390.6879

 pDOS n Moments, associated Einstein freqs, temps and eff. force constants:
  n     Mom (THz^n)   Freq (THz)     Temp (K)    Eff. FC (N/m)
 -2       0.00147      26.12141      1253.59      45.3395
 -1       0.02292      43.63756      2094.20     126.5333
  0       1.00000     ---------     --------
  1      70.38130      70.38130      3377.66     329.1533
  2    5879.57977      76.67842      3679.86     390.6879

 Path Red. Mass (AMU):    1.013619
 Path Length (Ang), s^2 (1e-3 Ang^2):  9.0706  11.4259
--------------------------------------------------------------
 Path Indices:    1   3   9   3
 PDOS Poles:
     Freq. (THz)    Weight
        3.413       0.028309116
        7.295       0.009242984
       10.959       0.000827095
       20.266       0.054829613
       22.638       0.000016694
       29.696       0.193840075
       32.185       0.029428404
       38.205       0.025998567
       41.603       0.101817794
       43.810       0.017768821
       44.225       0.029468981
       91.105       0.221682866
       92.062       0.006637777
       93.175       0.001890941
       93.289       0.278209251
       93.892       0.000030958

 PDOS Einstein freq (single pole), associated temp and eff. force constant: 
 Freq (THz)   Temp (K)   Eff. FC (N/m)
  69.749      3347.32     316.5067

 pDOS n Moments, associated Einstein freqs, temps and eff. force constants:
  n     Mom (THz^n)   Freq (THz)     Temp (K)    Eff. FC (N/m)
 -2       0.00315      17.80842       854.64      20.6327
 -1       0.02949      33.90646      1627.20      74.7946
  0       1.00000     ---------     --------
  1      62.23952      62.23952      2986.93     252.0216
  2    4864.94083      69.74913      3347.32     316.5067

 Path Red. Mass (AMU):    0.992422
 Path Length (Ang), s^2 (1e-3 Ang^2):  7.4923  15.0192
--------------------------------------------------------------
 Path Indices:    1   3   9   4
 PDOS Poles:
     Freq. (THz)    Weight
        3.142       0.037134637
        7.392       0.017841619
       10.903       0.003882350
       20.272       0.074222964
       23.737       0.000895716
       29.701       0.182066972
       32.207       0.021629281
       38.185       0.038698628
       41.602       0.116039672
       43.823       0.040340752
       44.223       0.030579567
       91.105       0.141691507
       92.062       0.025956627
       93.175       0.013686067
       93.289       0.230031087
       93.892       0.025302501

 PDOS Einstein freq (single pole), associated temp and eff. force constant: 
 Freq (THz)   Temp (K)   Eff. FC (N/m)
  65.956      3165.30     263.2561

 pDOS n Moments, associated Einstein freqs, temps and eff. force constants:
  n     Mom (THz^n)   Freq (THz)     Temp (K)    Eff. FC (N/m)
 -2       0.00471      14.56740       699.10      12.8419
 -1       0.03522      28.38905      1362.42      48.7717
  0       1.00000     ---------     --------
  1      57.75495      57.75495      2771.71     201.8572
  2    4350.23383      65.95630      3165.30     263.2561

 Path Red. Mass (AMU):    0.923118
 Path Length (Ang), s^2 (1e-3 Ang^2):  7.8309  19.2849
--------------------------------------------------------------
 Path Indices:    1   3   9   5
 PDOS Poles:
     Freq. (THz)    Weight
        2.968       0.035815177
        7.252       0.020227521
       10.742       0.004439047
       20.270       0.072574891
       23.485       0.000967704
       29.699       0.181476188
       32.202       0.021340987
       38.188       0.034847390
       41.602       0.114788352
       43.816       0.043646972
       44.223       0.026957312
       91.105       0.138357338
       92.062       0.032800490
       93.175       0.040637921
       93.289       0.199665774
       93.892       0.031456895

 PDOS Einstein freq (single pole), associated temp and eff. force constant: 
 Freq (THz)   Temp (K)   Eff. FC (N/m)
  66.292      3181.40     261.1984

 pDOS n Moments, associated Einstein freqs, temps and eff. force constants:
  n     Mom (THz^n)   Freq (THz)     Temp (K)    Eff. FC (N/m)
 -2       0.00507      14.04198       673.89      11.7195
 -1       0.03573      27.98957      1343.24      46.5633
  0       1.00000     ---------     --------
  1      58.07347      58.07347      2787.00     200.4503
  2    4394.59906      66.29177      3181.40     261.1984

 Path Red. Mass (AMU):    0.906656
 Path Length (Ang), s^2 (1e-3 Ang^2):  7.8273  19.9153
--------------------------------------------------------------
 Path Indices:    1   3   9   6
 PDOS Poles:
     Freq. (THz)    Weight
        3.415       0.023668136
        7.315       0.021022092
       10.964       0.000677381
       20.266       0.021856886
       22.695       0.000014737
       29.696       0.088164319
       32.185       0.001609073
       38.205       0.008734805
       41.603       0.011736518
       43.810       0.006068657
       44.225       0.008805298
       91.105       0.328861220
       92.062       0.011543342
       93.175       0.003271719
       93.289       0.463920885
       93.892       0.000044822

 PDOS Einstein freq (single pole), associated temp and eff. force constant: 
 Freq (THz)   Temp (K)   Eff. FC (N/m)
  83.937      4028.22     512.9481

 pDOS n Moments, associated Einstein freqs, temps and eff. force constants:
  n     Mom (THz^n)   Freq (THz)     Temp (K)    Eff. FC (N/m)
 -2       0.00270      19.25358       924.00      26.9890
 -1       0.02356      42.45222      2037.32     131.2093
  0       1.00000     ---------     --------
  1      79.44389      79.44389      3812.58     459.4992
  2    7045.46414      83.93726      4028.22     512.9481

 Path Red. Mass (AMU):    1.110593
 Path Length (Ang), s^2 (1e-3 Ang^2):  6.4331  10.7194
--------------------------------------------------------------
 Path Indices:    1   3   9   7
 PDOS Poles:
     Freq. (THz)    Weight
        3.131       0.015112648
        7.475       0.030472620
       11.563       0.002732549
       20.812       0.006321250
       23.256       0.025582249
       29.993       0.044063560
       31.578       0.015383231
       37.853       0.033661093
       41.598       0.027993319
       43.826       0.016115356
       44.212       0.007245208
       91.105       0.557349484
       92.062       0.001356437
       93.175       0.085578721
       93.289       0.062648383
       93.892       0.068383908

 PDOS Einstein freq (single pole), associated temp and eff. force constant: 
 Freq (THz)   Temp (K)   Eff. FC (N/m)
  82.123      3941.15     375.2196

 pDOS n Moments, associated Einstein freqs, temps and eff. force constants:
  n     Mom (THz^n)   Freq (THz)     Temp (K)    Eff. FC (N/m)
 -2       0.00238      20.50910       984.25      23.4018
 -1       0.02304      43.39524      2082.58     104.7708
  0       1.00000     ---------     --------
  1      77.44708      77.44708      3716.75     333.7078
  2    6744.18188      82.12297      3941.15     375.2196

 Path Red. Mass (AMU):    0.848687
 Path Length (Ang), s^2 (1e-3 Ang^2):  7.1099  13.7226
--------------------------------------------------------------
 Path Indices:    1   3   9   8
 PDOS Poles:
     Freq. (THz)    Weight
        3.161       0.014242097
        7.451       0.031712526
       11.577       0.002602646
       20.822       0.006014694
       23.253       0.025175765
       29.989       0.041937718
       31.601       0.014247827
       37.854       0.031688715
       41.598       0.026107135
       43.831       0.015415259
       44.211       0.006319753
       91.105       0.566802079
       92.062       0.001243171
       93.175       0.064831955
       93.289       0.078259075
       93.892       0.073399590

 PDOS Einstein freq (single pole), associated temp and eff. force constant: 
 Freq (THz)   Temp (K)   Eff. FC (N/m)
  82.517      3960.06     375.0167

 pDOS n Moments, associated Einstein freqs, temps and eff. force constants:
  n     Mom (THz^n)   Freq (THz)     Temp (K)    Eff. FC (N/m)
 -2       0.00228      20.94622      1005.23      24.1643
 -1       0.02272      44.01709      2112.42     106.7103
  0       1.00000     ---------     --------
  1      77.95683      77.95683      3741.22     334.7127
  2    6809.05297      82.51699      3960.06     375.0167

 Path Red. Mass (AMU):    0.840147
 Path Length (Ang), s^2 (1e-3 Ang^2):  7.1096  13.6662
--------------------------------------------------------------
 Path Indices:    1   4   1   2
 PDOS Poles:
     Freq. (THz)    Weight
        2.462       0.041225021
        7.207       0.024367676
       11.172       0.014216661
       21.102       0.009302261
       23.660       0.013701548
       29.926       0.149170717
       31.072       0.133986964
       37.900       0.389976335
       38.318       0.167812250
       43.804       0.024428478
       44.185       0.002210860
       91.105       0.000006164
       92.062       0.014974911
       93.175       0.006756288
       93.289       0.000809544
       93.892       0.007054320

 PDOS Einstein freq (single pole), associated temp and eff. force constant: 
 Freq (THz)   Temp (K)   Eff. FC (N/m)
  37.291      1789.65      86.9307

 pDOS n Moments, associated Einstein freqs, temps and eff. force constants:
  n     Mom (THz^n)   Freq (THz)     Temp (K)    Eff. FC (N/m)
 -2       0.00814      11.08429       531.94       7.6802
 -1       0.04731      21.13619      1014.34      27.9261
  0       1.00000     ---------     --------
  1      34.70817      34.70817      1665.68      75.3043
  2    1390.64579      37.29136      1789.65      86.9307

 Path Red. Mass (AMU):    0.953560
 Path Length (Ang), s^2 (1e-3 Ang^2):  8.7115  25.0757
--------------------------------------------------------------
 Path Indices:    1   4   1   3
 PDOS Poles:
     Freq. (THz)    Weight
        3.020       0.102433807
        6.725       0.019651207
       11.470       0.002284996
       20.390       0.034558938
       23.493       0.015606462
       29.871       0.236289848
       31.281       0.119326386
       37.838       0.281790192
       38.251       0.140967905
       43.805       0.012826048
       44.195       0.001345656
       91.105       0.000002731
       92.062       0.018104368
       93.175       0.006795564
       93.289       0.000888764
       93.892       0.007127153

 PDOS Einstein freq (single pole), associated temp and eff. force constant: 
 Freq (THz)   Temp (K)   Eff. FC (N/m)
  35.674      1712.05      75.4968

 pDOS n Moments, associated Einstein freqs, temps and eff. force constants:
  n     Mom (THz^n)   Freq (THz)     Temp (K)    Eff. FC (N/m)
 -2       0.01248       8.95023       429.53       4.7521
 -1       0.06293      15.89031       762.59      14.9788
  0       1.00000     ---------     --------
  1      32.05799      32.05799      1538.49      60.9658
  2    1272.66681      35.67446      1712.05      75.4968

 Path Red. Mass (AMU):    0.904909
 Path Length (Ang), s^2 (1e-3 Ang^2):  9.6097  35.1469
--------------------------------------------------------------
 Path Indices:    1   4   1   4
 PDOS Poles:
     Freq. (THz)    Weight
        2.584       0.055478404
        6.177       0.010124117
       14.582       0.000325830
       20.981       0.011144864
       23.646       0.014310411
       29.922       0.146251239
       31.058       0.138256479
       37.897       0.393662295
       38.314       0.172841754
       43.804       0.025060517
       44.187       0.002230384
       91.105       0.000006018
       92.062       0.015365198
       93.175       0.006903720
       93.289       0.000830400
       93.892       0.007208369

 PDOS Einstein freq (single pole), associated temp and eff. force constant: 
 Freq (THz)   Temp (K)   Eff. FC (N/m)
  37.558      1802.42      45.8949

 pDOS n Moments, associated Einstein freqs, temps and eff. force constants:
  n     Mom (THz^n)   Freq (THz)     Temp (K)    Eff. FC (N/m)
 -2       0.00934      10.34747       496.58       3.4837
 -1       0.04945      20.22203       970.47      13.3051
  0       1.00000     ---------     --------
  1      35.00297      35.00297      1679.82      39.8638
  2    1410.57294      37.55759      1802.42      45.8949

 Path Red. Mass (AMU):    0.496318
 Path Length (Ang), s^2 (1e-3 Ang^2):  9.6357  50.3548
--------------------------------------------------------------
 Path Indices:    1   4   1   5
 PDOS Poles:
     Freq. (THz)    Weight
        3.402       0.065813324
        6.948       0.002541820
       10.823       0.000686580
       20.266       0.013879892
       23.215       0.000089827
       29.696       0.206748038
       32.179       0.000767923
       38.205       0.601899323
       41.593       0.000176008
       43.810       0.058174913
       44.224       0.005024853
       91.105       0.000014942
       92.062       0.042353498
       93.175       0.000423967
       93.289       0.001050596
       93.892       0.000354504

 PDOS Einstein freq (single pole), associated temp and eff. force constant: 
 Freq (THz)   Temp (K)   Eff. FC (N/m)
  39.563      1898.66      50.9839

 pDOS n Moments, associated Einstein freqs, temps and eff. force constants:
  n     Mom (THz^n)   Freq (THz)     Temp (K)    Eff. FC (N/m)
 -2       0.00646      12.43780       596.90       5.0390
 -1       0.04513      22.15904      1063.43      15.9940
  0       1.00000     ---------     --------
  1      36.54211      36.54211      1753.69      43.4953
  2    1565.22770      39.56296      1898.66      50.9839

 Path Red. Mass (AMU):    0.496874
 Path Length (Ang), s^2 (1e-3 Ang^2):  9.7032  45.9016
--------------------------------------------------------------
 Path Indices:    1   4   1   6
 PDOS Poles:
     Freq. (THz)    Weight
        2.994       0.088161297
        7.675       0.035491689
       12.432       0.006436075
       21.055       0.025461428
       25.022       0.010244810
       30.734       0.206476573
       33.854       0.009658150
       38.034       0.540447271
       41.364       0.018171863
       43.383       0.007841292
       43.940       0.020916284
       91.105       0.002435327
       92.062       0.014738198
       93.175       0.006446217
       93.289       0.000073414
       93.892       0.007000119

 PDOS Einstein freq (single pole), associated temp and eff. force constant: 
 Freq (THz)   Temp (K)   Eff. FC (N/m)
  36.867      1769.26      80.6642

 pDOS n Moments, associated Einstein freqs, temps and eff. force constants:
  n     Mom (THz^n)   Freq (THz)     Temp (K)    Eff. FC (N/m)
 -2       0.01118       9.45725       453.86       5.3081
 -1       0.05884      16.99398       815.56      17.1397
  0       1.00000     ---------     --------
  1      33.49127      33.49127      1607.28      66.5697
  2    1359.15111      36.86667      1769.26      80.6642

 Path Red. Mass (AMU):    0.905325
 Path Length (Ang), s^2 (1e-3 Ang^2): 11.0275  32.8493
--------------------------------------------------------------
 Path Indices:    1   4   1   7
 PDOS Poles:
     Freq. (THz)    Weight
        2.148       0.049972674
        7.231       0.051613917
       10.908       0.020068628
       23.107       0.018178190
       29.705       0.093816516
       32.066       0.080028006
       36.605       0.010148254
       37.945       0.402783445
       41.592       0.093276291
       43.824       0.084789125
       44.143       0.009927430
       91.105       0.019190397
       92.062       0.012187914
       93.175       0.004088920
       93.289       0.012529926
       93.892       0.037400350

 PDOS Einstein freq (single pole), associated temp and eff. force constant: 
 Freq (THz)   Temp (K)   Eff. FC (N/m)
  43.058      2066.40      60.3707

 pDOS n Moments, associated Einstein freqs, temps and eff. force constants:
  n     Mom (THz^n)   Freq (THz)     Temp (K)    Eff. FC (N/m)
 -2       0.01261       8.90682       427.45       2.5832
 -1       0.05490      18.21580       874.19      10.8047
  0       1.00000     ---------     --------
  1      38.09293      38.09293      1828.11      47.2504
  2    1853.99925      43.05809      2066.40      60.3707

 Path Red. Mass (AMU):    0.496716
 Path Length (Ang), s^2 (1e-3 Ang^2): 11.3511  55.8574
--------------------------------------------------------------
 Path Indices:    1   4   1   8
 PDOS Poles:
     Freq. (THz)    Weight
        3.305       0.029334979
        7.376       0.039141732
       11.019       0.017953477
       23.115       0.101087350
       29.907       0.150184837
       31.337       0.243595309
       33.479       0.011280696
       38.120       0.148029021
       41.597       0.087815358
       43.831       0.066093066
       44.145       0.006065362
       91.105       0.023294051
       92.062       0.012651605
       93.175       0.046265393
       93.289       0.010768874
       93.892       0.006438886

 PDOS Einstein freq (single pole), associated temp and eff. force constant: 
 Freq (THz)   Temp (K)   Eff. FC (N/m)
  42.466      2037.99      58.7639

 pDOS n Moments, associated Einstein freqs, temps and eff. force constants:
  n     Mom (THz^n)   Freq (THz)     Temp (K)    Eff. FC (N/m)
 -2       0.00437      15.12753       725.98       7.4569
 -1       0.04203      23.79221      1141.81      18.4455
  0       1.00000     ---------     --------
  1      37.09018      37.09018      1779.99      44.8270
  2    1803.38579      42.46629      2037.99      58.7639

 Path Red. Mass (AMU):    0.497065
 Path Length (Ang), s^2 (1e-3 Ang^2): 11.3935  42.7343
--------------------------------------------------------------
 Path Indices:    1   4   1   9
 PDOS Poles:
     Freq. (THz)    Weight
        3.028       0.060713589
        6.665       0.008492598
       19.904       0.032666518
       21.154       0.029006577
       25.778       0.003805094
       30.926       0.106121303
       34.830       0.005044774
       38.079       0.390250498
       41.566       0.053885516
       43.754       0.038690599
       44.148       0.016454412
       91.105       0.103421765
       92.062       0.000955622
       93.175       0.000796356
       93.289       0.146567519
       93.892       0.003127239

 PDOS Einstein freq (single pole), associated temp and eff. force constant: 
 Freq (THz)   Temp (K)   Eff. FC (N/m)
  55.486      2662.80     100.2058

 pDOS n Moments, associated Einstein freqs, temps and eff. force constants:
  n     Mom (THz^n)   Freq (THz)     Temp (K)    Eff. FC (N/m)
 -2       0.00744      11.59487       556.45       4.3759
 -1       0.04362      22.92574      1100.23      17.1072
  0       1.00000     ---------     --------
  1      48.13053      48.13053      2309.83      75.4004
  2    3078.64977      55.48558      2662.80     100.2058

 Path Red. Mass (AMU):    0.496505
 Path Length (Ang), s^2 (1e-3 Ang^2): 11.7595  44.3995
--------------------------------------------------------------
 Path Indices:    1   4   2   3
 PDOS Poles:
     Freq. (THz)    Weight
        3.078       0.037809487
        6.791       0.010612911
       10.367       0.001071944
       20.268       0.132135393
       25.316       0.000272155
       29.718       0.163677019
       30.921       0.188762232
       37.832       0.167463458
       38.228       0.123045887
       43.752       0.000167617
       44.212       0.000640506
       91.105       0.000009598
       92.062       0.082251644
       93.175       0.042242823
       93.289       0.004519636
       93.892       0.045317705

 PDOS Einstein freq (single pole), associated temp and eff. force constant: 
 Freq (THz)   Temp (K)   Eff. FC (N/m)
  48.003      2303.71     157.2236

 pDOS n Moments, associated Einstein freqs, temps and eff. force constants:
  n     Mom (THz^n)   Freq (THz)     Temp (K)    Eff. FC (N/m)
 -2       0.00516      13.92339       668.20      13.2273
 -1       0.04164      24.01825      1152.66      39.3607
  0       1.00000     ---------     --------
  1      40.84611      40.84611      1960.24     113.8364
  2    2304.29306      48.00305      2303.71     157.2236

 Path Red. Mass (AMU):    1.040809
 Path Length (Ang), s^2 (1e-3 Ang^2):  7.4622  20.2168
--------------------------------------------------------------
 Path Indices:    1   4   2   4
 PDOS Poles:
     Freq. (THz)    Weight
        2.579       0.011672828
        7.186       0.007479732
       16.736       0.000154730
       20.290       0.046422346
       29.518       0.069440312
       30.854       0.240081061
       34.172       0.002884944
       38.020       0.403584116
       38.783       0.022132191
       43.154       0.000219210
       44.199       0.001768049
       91.105       0.000015776
       92.062       0.094959360
       93.175       0.045267971
       93.289       0.005278853
       93.892       0.048638501

 PDOS Einstein freq (single pole), associated temp and eff. force constant: 
 Freq (THz)   Temp (K)   Eff. FC (N/m)
  51.042      2449.53      98.3405

 pDOS n Moments, associated Einstein freqs, temps and eff. force constants:
  n     Mom (THz^n)   Freq (THz)     Temp (K)    Eff. FC (N/m)
 -2       0.00267      19.37085       929.62      14.1638
 -1       0.03141      31.84189      1528.12      38.2719
  0       1.00000     ---------     --------
  1      44.89502      44.89502      2154.55      76.0815
  2    2605.25321      51.04168      2449.53      98.3405

 Path Red. Mass (AMU):    0.575803
 Path Length (Ang), s^2 (1e-3 Ang^2):  8.0484  27.5647
--------------------------------------------------------------
 Path Indices:    1   4   2   5
 PDOS Poles:
     Freq. (THz)    Weight
        3.404       0.025305080
        6.967       0.001497954
        8.593       0.000210479
       20.267       0.057342872
       23.266       0.000015509
       29.696       0.169035878
       32.185       0.010020618
       38.205       0.517373907
       41.601       0.000445200
       43.810       0.000907270
       44.224       0.002411168
       91.105       0.000034958
       92.062       0.209369648
       93.175       0.000196921
       93.289       0.005752268
       93.892       0.000080271

 PDOS Einstein freq (single pole), associated temp and eff. force constant: 
 Freq (THz)   Temp (K)   Eff. FC (N/m)
  52.660      2527.19     104.6004

 pDOS n Moments, associated Einstein freqs, temps and eff. force constants:
  n     Mom (THz^n)   Freq (THz)     Temp (K)    Eff. FC (N/m)
 -2       0.00294      18.44332       885.11      12.8307
 -1       0.03247      30.79471      1477.86      35.7706
  0       1.00000     ---------     --------
  1      46.37521      46.37521      2225.59      81.1233
  2    2773.06228      52.65987      2527.19     104.6004

 Path Red. Mass (AMU):    0.575393
 Path Length (Ang), s^2 (1e-3 Ang^2):  8.0474  28.5222
--------------------------------------------------------------
 Path Indices:    1   4   2   6
 PDOS Poles:
     Freq. (THz)    Weight
        2.979       0.028910651
        7.279       0.031667137
       11.052       0.022061240
       20.276       0.064460379
       29.687       0.029389405
       31.024       0.204301625
       34.953       0.004547917
       38.066       0.412626994
       40.435       0.004480501
       41.686       0.016003084
       44.127       0.000681604
       91.105       0.002576247
       92.062       0.089692185
       93.175       0.042400462
       93.289       0.001170234
       93.892       0.045030341

 PDOS Einstein freq (single pole), associated temp and eff. force constant: 
 Freq (THz)   Temp (K)   Eff. FC (N/m)
  49.502      2375.63     166.3117

 pDOS n Moments, associated Einstein freqs, temps and eff. force constants:
  n     Mom (THz^n)   Freq (THz)     Temp (K)    Eff. FC (N/m)
 -2       0.00476      14.49330       695.55      14.2566
 -1       0.04024      24.85322      1192.73      41.9225
  0       1.00000     ---------     --------
  1      42.60242      42.60242      2044.53     123.1829
  2    2450.42263      49.50174      2375.63     166.3117

 Path Red. Mass (AMU):    1.035317
 Path Length (Ang), s^2 (1e-3 Ang^2):  8.3823  19.6413
--------------------------------------------------------------
 Path Indices:    1   4   2   7
 PDOS Poles:
     Freq. (THz)    Weight
        2.771       0.017934894
        7.822       0.070084154
       11.430       0.024536817
       22.419       0.040026355
       24.525       0.018136494
       30.056       0.109821638
       32.349       0.089903870
       37.927       0.279182178
       41.580       0.089339184
       43.623       0.015618743
       43.883       0.083170038
       91.105       0.018671013
       92.062       0.055451746
       93.175       0.000658294
       93.289       0.006899413
       93.892       0.080565184

 PDOS Einstein freq (single pole), associated temp and eff. force constant: 
 Freq (THz)   Temp (K)   Eff. FC (N/m)
  48.773      2340.68      84.1363

 pDOS n Moments, associated Einstein freqs, temps and eff. force constants:
  n     Mom (THz^n)   Freq (THz)     Temp (K)    Eff. FC (N/m)
 -2       0.00430      15.24469       731.61       8.2197
 -1       0.04005      24.97075      1198.37      22.0537
  0       1.00000     ---------     --------
  1      42.13954      42.13954      2022.31      62.8055
  2    2378.83996      48.77335      2340.68      84.1363

 Path Red. Mass (AMU):    0.539522
 Path Length (Ang), s^2 (1e-3 Ang^2):  8.5850  37.5132
--------------------------------------------------------------
 Path Indices:    1   4   2   8
 PDOS Poles:
     Freq. (THz)    Weight
        3.843       0.012933786
        7.833       0.054868590
       11.347       0.025441709
       22.113       0.024557284
       24.133       0.019733341
       30.349       0.257204388
       31.934       0.167661744
       38.148       0.094355535
       41.596       0.086671075
       43.830       0.080262238
       44.098       0.007869800
       91.105       0.020573905
       92.062       0.055933150
       93.175       0.086716259
       93.289       0.004835887
       93.892       0.000381298

 PDOS Einstein freq (single pole), associated temp and eff. force constant: 
 Freq (THz)   Temp (K)   Eff. FC (N/m)
  48.354      2320.53      82.7279

 pDOS n Moments, associated Einstein freqs, temps and eff. force constants:
  n     Mom (THz^n)   Freq (THz)     Temp (K)    Eff. FC (N/m)
 -2       0.00268      19.33218       927.77      13.2238
 -1       0.03665      27.28330      1309.35      26.3383
  0       1.00000     ---------     --------
  1      41.60731      41.60731      1996.77      61.2538
  2    2338.07482      48.35364      2320.53      82.7279

 Path Red. Mass (AMU):    0.539741
 Path Length (Ang), s^2 (1e-3 Ang^2):  8.5795  34.3196
--------------------------------------------------------------
 Path Indices:    1   4   2   9
 PDOS Poles:
     Freq. (THz)    Weight
        3.103       0.020536668
        7.226       0.007489361
       11.330       0.001361213
       20.270       0.089175894
       29.327       0.004396516
       30.934       0.105529314
       36.637       0.005261315
       38.117       0.283283504
       41.581       0.030580360
       43.727       0.006811850
       44.211       0.016921675
       91.105       0.145138331
       92.062       0.021126445
       93.175       0.012317346
       93.289       0.228386407
       93.892       0.021683744

 PDOS Einstein freq (single pole), associated temp and eff. force constant: 
 Freq (THz)   Temp (K)   Eff. FC (N/m)
  65.797      3157.64     153.7125

 pDOS n Moments, associated Einstein freqs, temps and eff. force constants:
  n     Mom (THz^n)   Freq (THz)     Temp (K)    Eff. FC (N/m)
 -2       0.00290      18.57634       891.49      12.2524
 -1       0.02922      34.22494      1642.48      41.5897
  0       1.00000     ---------     --------
  1      58.29976      58.29976      2797.86     120.6798
  2    4329.20540      65.79670      3157.64     153.7125

 Path Red. Mass (AMU):    0.541617
 Path Length (Ang), s^2 (1e-3 Ang^2):  9.3617  27.2640
--------------------------------------------------------------
 Path Indices:    1   4   3   2
 PDOS Poles:
     Freq. (THz)    Weight
        2.592       0.021801893
        7.108       0.019945012
       10.993       0.005821294
       20.283       0.051387844
       23.290       0.006705960
       29.752       0.084435988
       30.964       0.066042527
       37.853       0.127978618
       38.268       0.060049959
       43.807       0.008075433
       44.216       0.001592015
       91.105       0.000029047
       92.062       0.247850526
       93.175       0.136015348
       93.289       0.014208188
       93.892       0.148060373

 PDOS Einstein freq (single pole), associated temp and eff. force constant: 
 Freq (THz)   Temp (K)   Eff. FC (N/m)
  71.870      3449.08     524.5102

 pDOS n Moments, associated Einstein freqs, temps and eff. force constants:
  n     Mom (THz^n)   Freq (THz)     Temp (K)    Eff. FC (N/m)
 -2       0.00419      15.45253       741.58      24.2473
 -1       0.03059      32.68948      1568.80     108.5127
  0       1.00000     ---------     --------
  1      64.30494      64.30494      3086.05     419.9071
  2    5165.22772      71.86952      3449.08     524.5102

 Path Red. Mass (AMU):    1.549015
 Path Length (Ang), s^2 (1e-3 Ang^2):  6.1349   9.9807
--------------------------------------------------------------
 Path Indices:    1   4   3   4
 PDOS Poles:
     Freq. (THz)    Weight
        3.378       0.028467796
        7.277       0.008925330
       11.079       0.000528093
       23.103       0.015603115
       28.488       0.002695292
       30.017       0.053856127
       31.195       0.029228537
       37.835       0.137864025
       38.230       0.108221293
       42.530       0.000013982
       43.814       0.004601528
       91.105       0.000031129
       92.062       0.277476439
       93.175       0.151150272
       93.289       0.016240175
       93.892       0.165096897

 PDOS Einstein freq (single pole), associated temp and eff. force constant: 
 Freq (THz)   Temp (K)   Eff. FC (N/m)
  75.589      3627.58     291.9972

 pDOS n Moments, associated Einstein freqs, temps and eff. force constants:
  n     Mom (THz^n)   Freq (THz)     Temp (K)    Eff. FC (N/m)
 -2       0.00303      18.15451       871.25      16.8434
 -1       0.02635      37.94658      1821.09      73.5879
  0       1.00000     ---------     --------
  1      69.33568      69.33568      3327.48     245.6826
  2    5713.70434      75.58905      3627.58     291.9972

 Path Red. Mass (AMU):    0.779565
 Path Length (Ang), s^2 (1e-3 Ang^2):  5.3937  17.0844
--------------------------------------------------------------
 Path Indices:    1   4   3   5
 PDOS Poles:
     Freq. (THz)    Weight
        3.404       0.034543332
        7.129       0.002757792
        9.808       0.000135670
       20.266       0.005196959
       23.193       0.000036656
       29.696       0.082229589
       32.181       0.000474728
       38.205       0.250682489
       41.597       0.000119848
       43.810       0.018098391
       44.224       0.001167040
       91.105       0.000073908
       92.062       0.587696695
       93.175       0.000351852
       93.289       0.016334096
       93.892       0.000100958

 PDOS Einstein freq (single pole), associated temp and eff. force constant: 
 Freq (THz)   Temp (K)   Eff. FC (N/m)
  74.877      3593.40     292.7096

 pDOS n Moments, associated Einstein freqs, temps and eff. force constants:
  n     Mom (THz^n)   Freq (THz)     Temp (K)    Eff. FC (N/m)
 -2       0.00340      17.16112       823.58      15.3757
 -1       0.02716      36.82268      1767.15      70.7904
  0       1.00000     ---------     --------
  1      68.80611      68.80611      3302.07     247.1712
  2    5606.51565      74.87667      3593.40     292.7096

 Path Red. Mass (AMU):    0.796407
 Path Length (Ang), s^2 (1e-3 Ang^2):  5.3937  17.2335
--------------------------------------------------------------
 Path Indices:    1   4   3   6
 PDOS Poles:
     Freq. (THz)    Weight
        3.076       0.045462202
        7.485       0.022469881
       12.712       0.001890261
       20.852       0.011595931
       24.532       0.003944116
       31.250       0.103278756
       33.097       0.020696495
       38.063       0.251691027
       41.541       0.029503069
       43.511       0.006070027
       43.951       0.012017021
       91.105       0.004000753
       92.062       0.219335426
       93.175       0.122652857
       93.289       0.011014923
       93.892       0.134377285

 PDOS Einstein freq (single pole), associated temp and eff. force constant: 
 Freq (THz)   Temp (K)   Eff. FC (N/m)
  69.431      3332.06     441.8159

 pDOS n Moments, associated Einstein freqs, temps and eff. force constants:
  n     Mom (THz^n)   Freq (THz)     Temp (K)    Eff. FC (N/m)
 -2       0.00563      13.32291       639.38      16.2679
 -1       0.03561      28.08448      1347.80      72.2879
  0       1.00000     ---------     --------
  1      61.81066      61.81066      2966.35     350.1546
  2    4820.67989      69.43112      3332.06     441.8159

 Path Red. Mass (AMU):    1.398055
 Path Length (Ang), s^2 (1e-3 Ang^2):  5.8178  12.8716
--------------------------------------------------------------
 Path Indices:    1   4   3   7
 PDOS Poles:
     Freq. (THz)    Weight
        2.368       0.020466275
        7.287       0.023537841
       11.002       0.006875591
       23.094       0.027879886
       29.524       0.022551287
       32.077       0.109626352
       34.320       0.003992371
       37.891       0.212706230
       41.594       0.080441731
       43.828       0.059255899
       44.189       0.012594847
       91.105       0.052897809
       92.062       0.121394382
       93.175       0.001897249
       93.289       0.018830331
       93.892       0.225051922

 PDOS Einstein freq (single pole), associated temp and eff. force constant: 
 Freq (THz)   Temp (K)   Eff. FC (N/m)
  66.102      3172.29     181.4808

 pDOS n Moments, associated Einstein freqs, temps and eff. force constants:
  n     Mom (THz^n)   Freq (THz)     Temp (K)    Eff. FC (N/m)
 -2       0.00462      14.71428       706.15       8.9925
 -1       0.03171      31.53968      1513.62      41.3158
  0       1.00000     ---------     --------
  1      58.87706      58.87706      2825.56     143.9774
  2    4369.46938      66.10196      3172.29     181.4808

 Path Red. Mass (AMU):    0.633568
 Path Length (Ang), s^2 (1e-3 Ang^2):  6.4660  25.2916
--------------------------------------------------------------
 Path Indices:    1   4   3   8
 PDOS Poles:
     Freq. (THz)    Weight
        3.373       0.014037445
        7.430       0.019418612
       11.116       0.006194596
       23.101       0.074294077
       27.335       0.002111367
       30.593       0.150335481
       32.079       0.135700618
       38.203       0.040368077
       41.602       0.078407782
       43.842       0.053233503
       44.220       0.008216121
       91.105       0.057807852
       92.062       0.124090943
       93.175       0.222141921
       93.289       0.013328685
       93.892       0.000312952

 PDOS Einstein freq (single pole), associated temp and eff. force constant: 
 Freq (THz)   Temp (K)   Eff. FC (N/m)
  64.926      3115.87     177.5985

 pDOS n Moments, associated Einstein freqs, temps and eff. force constants:
  n     Mom (THz^n)   Freq (THz)     Temp (K)    Eff. FC (N/m)
 -2       0.00222      21.20645      1017.72      18.9468
 -1       0.02862      34.93595      1676.61      51.4214
  0       1.00000     ---------     --------
  1      57.14968      57.14968      2742.66     137.6026
  2    4215.41375      64.92622      3115.87     177.5985

 Path Red. Mass (AMU):    0.642673
 Path Length (Ang), s^2 (1e-3 Ang^2):  6.4663  22.5093
--------------------------------------------------------------
 Path Indices:    1   4   3   9
 PDOS Poles:
     Freq. (THz)    Weight
        3.175       0.025975830
        7.767       0.003652206
       15.969       0.000684534
       20.419       0.033205495
       27.289       0.005152617
       30.104       0.096391715
       33.016       0.006023106
       38.124       0.197683564
       41.586       0.060504313
       43.771       0.028605849
       44.196       0.018562764
       91.105       0.128933914
       92.062       0.065919605
       93.175       0.038770443
       93.289       0.233996746
       93.892       0.055937250

 PDOS Einstein freq (single pole), associated temp and eff. force constant: 
 Freq (THz)   Temp (K)   Eff. FC (N/m)
  71.346      3423.97     203.8564

 pDOS n Moments, associated Einstein freqs, temps and eff. force constants:
  n     Mom (THz^n)   Freq (THz)     Temp (K)    Eff. FC (N/m)
 -2       0.00310      17.97302       862.54      12.9367
 -1       0.02726      36.68351      1760.47      53.8918
  0       1.00000     ---------     --------
  1      64.67522      64.67522      3103.82     167.5163
  2    5090.29457      71.34630      3423.97     203.8564

 Path Red. Mass (AMU):    0.610904
 Path Length (Ang), s^2 (1e-3 Ang^2):  6.4560  22.5518
--------------------------------------------------------------
 Path Indices:    1   4   5   2
 PDOS Poles:
     Freq. (THz)    Weight
        2.722       0.011859436
        7.433       0.007896577
       11.283       0.005115489
       20.352       0.022090013
       23.243       0.017080777
       29.726       0.063239449
       32.676       0.002912505
       38.168       0.156161232
       39.575       0.000836731
       43.809       0.097831131
       44.223       0.028202866
       91.105       0.000078117
       92.062       0.551011452
       93.175       0.011973849
       93.289       0.012945489
       93.892       0.010764876

 PDOS Einstein freq (single pole), associated temp and eff. force constant: 
 Freq (THz)   Temp (K)   Eff. FC (N/m)
  74.380      3569.58     275.0710

 pDOS n Moments, associated Einstein freqs, temps and eff. force constants:
  n     Mom (THz^n)   Freq (THz)     Temp (K)    Eff. FC (N/m)
 -2       0.00219      21.39108      1026.58      22.7506
 -1       0.02326      42.99004      2063.13      91.8888
  0       1.00000     ---------     --------
  1      68.56515      68.56515      3290.50     233.7404
  2    5532.45510      74.38048      3569.58     275.0710

 Path Red. Mass (AMU):    0.758435
 Path Length (Ang), s^2 (1e-3 Ang^2):  7.3924  15.5003
--------------------------------------------------------------
 Path Indices:    1   4   5   3
 PDOS Poles:
     Freq. (THz)    Weight
        3.106       0.024022481
        6.951       0.005492051
       13.588       0.000094660
       20.413       0.007850246
       23.700       0.002490836
       29.883       0.045172456
       31.329       0.018283893
       37.876       0.054439134
       38.427       0.007850359
       43.810       0.098789928
       44.224       0.036616916
       91.105       0.000072841
       92.062       0.623361109
       93.175       0.031683224
       93.289       0.013207360
       93.892       0.030572514

 PDOS Einstein freq (single pole), associated temp and eff. force constant: 
 Freq (THz)   Temp (K)   Eff. FC (N/m)
  79.735      3826.57     265.4681

 pDOS n Moments, associated Einstein freqs, temps and eff. force constants:
  n     Mom (THz^n)   Freq (THz)     Temp (K)    Eff. FC (N/m)
 -2       0.00289      18.59464       892.37      14.4373
 -1       0.02342      42.69950      2049.19      76.1300
  0       1.00000     ---------     --------
  1      75.01615      75.01615      3600.09     234.9738
  2    6357.73269      79.73539      3826.57     265.4681

 Path Red. Mass (AMU):    0.636944
 Path Length (Ang), s^2 (1e-3 Ang^2):  6.0661  18.5824
--------------------------------------------------------------
 Path Indices:    1   4   5   4
 PDOS Poles:
     Freq. (THz)    Weight
        2.845       0.012608966
        6.056       0.003387884
        9.091       0.000728044
       20.269       0.002578966
       23.136       0.001747564
       29.714       0.020803980
       30.918       0.039897753
       37.813       0.035488024
       38.207       0.027724319
       43.810       0.223058689
       44.225       0.082243494
       91.105       0.000072173
       92.062       0.509686907
       93.175       0.014675137
       93.289       0.011547542
       93.892       0.013750569

 PDOS Einstein freq (single pole), associated temp and eff. force constant: 
 Freq (THz)   Temp (K)   Eff. FC (N/m)
  73.542      3529.37     158.7432

 pDOS n Moments, associated Einstein freqs, temps and eff. force constants:
  n     Mom (THz^n)   Freq (THz)     Temp (K)    Eff. FC (N/m)
 -2       0.00200      22.35896      1073.03      14.6731
 -1       0.02184      45.77807      2196.93      61.5083
  0       1.00000     ---------     --------
  1      68.48304      68.48304      3286.56     137.6528
  2    5408.49115      73.54244      3529.37     158.7432

 Path Red. Mass (AMU):    0.447724
 Path Length (Ang), s^2 (1e-3 Ang^2):  6.7384  24.6580
--------------------------------------------------------------
 Path Indices:    1   4   5   6
 PDOS Poles:
     Freq. (THz)    Weight
        3.013       0.022825302
        7.123       0.009584251
       11.884       0.000431801
       20.358       0.011357997
       23.158       0.027085178
       30.949       0.050241976
       32.358       0.015858366
       37.824       0.160059449
       41.590       0.011356717
       43.808       0.073220053
       44.222       0.027980773
       91.105       0.002097535
       92.062       0.546539606
       93.175       0.012105464
       93.289       0.013387167
       93.892       0.015868369

 PDOS Einstein freq (single pole), associated temp and eff. force constant: 
 Freq (THz)   Temp (K)   Eff. FC (N/m)
  74.429      3571.89     259.3674

 pDOS n Moments, associated Einstein freqs, temps and eff. force constants:
  n     Mom (THz^n)   Freq (THz)     Temp (K)    Eff. FC (N/m)
 -2       0.00309      17.98313       863.03      15.1414
 -1       0.02601      38.44752      1845.13      69.2105
  0       1.00000     ---------     --------
  1      68.41337      68.41337      3283.22     219.1379
  2    5539.61894      74.42862      3571.89     259.3674

 Path Red. Mass (AMU):    0.714211
 Path Length (Ang), s^2 (1e-3 Ang^2):  7.1285  18.4047
--------------------------------------------------------------
 Path Indices:    1   4   5   7
 PDOS Poles:
     Freq. (THz)    Weight
        2.361       0.014211553
        7.226       0.014375993
       10.928       0.003135502
       21.567       0.001023456
       23.477       0.002576339
       29.758       0.012853217
       32.197       0.053152009
       37.816       0.174267386
       41.601       0.043020072
       43.821       0.074212140
       44.223       0.037119780
       91.105       0.044729621
       92.062       0.414179873
       93.175       0.091412063
       93.289       0.011522101
       93.892       0.008208909

 PDOS Einstein freq (single pole), associated temp and eff. force constant: 
 Freq (THz)   Temp (K)   Eff. FC (N/m)
  73.866      3544.89     156.7325

 pDOS n Moments, associated Einstein freqs, temps and eff. force constants:
  n     Mom (THz^n)   Freq (THz)     Temp (K)    Eff. FC (N/m)
 -2       0.00319      17.69153       849.03       8.9909
 -1       0.02489      40.17214      1927.90      46.3575
  0       1.00000     ---------     --------
  1      68.18961      68.18961      3272.48     133.5693
  2    5456.18367      73.86598      3544.89     156.7325

 Path Red. Mass (AMU):    0.438189
 Path Length (Ang), s^2 (1e-3 Ang^2):  8.0418  28.7105
--------------------------------------------------------------
 Path Indices:    1   4   5   8
 PDOS Poles:
     Freq. (THz)    Weight
        3.422       0.011271972
        7.515       0.010966964
       11.341       0.002623454
       23.102       0.186056064
       25.054       0.001782727
       30.733       0.115664929
       32.112       0.081462820
       37.874       0.017926776
       41.601       0.071920010
       43.837       0.027495365
       44.223       0.048594917
       91.105       0.026865110
       92.062       0.338426120
       93.175       0.012448947
       93.289       0.001980536
       93.892       0.044513295

 PDOS Einstein freq (single pole), associated temp and eff. force constant: 
 Freq (THz)   Temp (K)   Eff. FC (N/m)
  64.821      3110.84     136.2563

 pDOS n Moments, associated Einstein freqs, temps and eff. force constants:
  n     Mom (THz^n)   Freq (THz)     Temp (K)    Eff. FC (N/m)
 -2       0.00187      23.10447      1108.80      17.3106
 -1       0.02794      35.79329      1717.75      41.5454
  0       1.00000     ---------     --------
  1      56.81735      56.81735      2726.71     104.6843
  2    4201.81512      64.82141      3110.84     136.2563

 Path Red. Mass (AMU):    0.494665
 Path Length (Ang), s^2 (1e-3 Ang^2):  7.4845  28.5438
--------------------------------------------------------------
 Path Indices:    1   4   5   9
 PDOS Poles:
     Freq. (THz)    Weight
        3.203       0.019885321
        8.372       0.005500241
       13.855       0.001103998
       20.429       0.045612165
       23.895       0.010288449
       29.997       0.128053807
       31.644       0.041385876
       37.850       0.108558302
       41.596       0.059992115
       43.803       0.124515594
       44.016       0.005778881
       91.105       0.063206833
       92.062       0.236948589
       93.175       0.006347223
       93.289       0.139436948
       93.892       0.003385604

 PDOS Einstein freq (single pole), associated temp and eff. force constant: 
 Freq (THz)   Temp (K)   Eff. FC (N/m)
  67.254      3227.58     132.2862

 pDOS n Moments, associated Einstein freqs, temps and eff. force constants:
  n     Mom (THz^n)   Freq (THz)     Temp (K)    Eff. FC (N/m)
 -2       0.00256      19.74820       947.73      11.4060
 -1       0.02734      36.58291      1755.65      39.1411
  0       1.00000     ---------     --------
  1      60.25609      60.25609      2891.74     106.1889
  2    4523.11241      67.25409      3227.58     132.2862

 Path Red. Mass (AMU):    0.446137
 Path Length (Ang), s^2 (1e-3 Ang^2):  7.4634  30.9655
--------------------------------------------------------------
 Path Indices:    1   4   6   2
 PDOS Poles:
     Freq. (THz)    Weight
        2.542       0.036666749
        7.229       0.067813334
       10.990       0.002374169
       20.290       0.058910065
       23.290       0.009787442
       30.851       0.086920392
       32.194       0.058318714
       38.169       0.062709371
       41.598       0.040177229
       43.708       0.001988951
       44.178       0.002225928
       91.105       0.005776152
       92.062       0.278290525
       93.175       0.117573257
       93.289       0.010479893
       93.892       0.159987857

 PDOS Einstein freq (single pole), associated temp and eff. force constant: 
 Freq (THz)   Temp (K)   Eff. FC (N/m)
  72.627      3485.45     976.5099

 pDOS n Moments, associated Einstein freqs, temps and eff. force constants:
  n     Mom (THz^n)   Freq (THz)     Temp (K)    Eff. FC (N/m)
 -2       0.00744      11.59676       556.54      24.8972
 -1       0.04084      24.48386      1175.00     110.9779
  0       1.00000     ---------     --------
  1      63.94228      63.94228      3068.65     756.9253
  2    5274.72575      72.62731      3485.45     976.5099

 Path Red. Mass (AMU):    2.824022
 Path Length (Ang), s^2 (1e-3 Ang^2):  8.1172   7.3093
--------------------------------------------------------------
 Path Indices:    1   4   6   3
 PDOS Poles:
     Freq. (THz)    Weight
        3.077       0.103145096
        6.603       0.024369069
        9.389       0.002243767
       20.279       0.059411129
       23.224       0.008932176
       30.917       0.083259596
       32.209       0.102278935
       38.141       0.035566162
       41.599       0.047079664
       43.429       0.000333649
       44.205       0.002297110
       91.105       0.006121662
       92.062       0.238545857
       93.175       0.111609627
       93.289       0.020116600
       93.892       0.154689945

 PDOS Einstein freq (single pole), associated temp and eff. force constant: 
 Freq (THz)   Temp (K)   Eff. FC (N/m)
  70.255      3371.61     876.3240

 pDOS n Moments, associated Einstein freqs, temps and eff. force constants:
  n     Mom (THz^n)   Freq (THz)     Temp (K)    Eff. FC (N/m)
 -2       0.01194       9.15213       439.22      14.8714
 -1       0.05447      18.35706       880.97      59.8291
  0       1.00000     ---------     --------
  1      60.52988      60.52988      2904.88     650.4979
  2    4935.81093      70.25533      3371.61     876.3240

 Path Red. Mass (AMU):    2.708304
 Path Length (Ang), s^2 (1e-3 Ang^2):  6.8800  10.1654
--------------------------------------------------------------
 Path Indices:    1   4   6   4
 PDOS Poles:
     Freq. (THz)    Weight
        2.585       0.098923225
        5.209       0.032336585
        8.339       0.006982201
       20.272       0.026817144
       23.146       0.008074871
       30.905       0.096984824
       32.192       0.090620639
       38.189       0.035770628
       41.601       0.040926437
       43.782       0.001482231
       44.220       0.005395075
       91.105       0.005188158
       92.062       0.257766879
       93.175       0.096165387
       93.289       0.025882968
       93.892       0.170682823

 PDOS Einstein freq (single pole), associated temp and eff. force constant: 
 Freq (THz)   Temp (K)   Eff. FC (N/m)
  71.644      3438.25     523.3117

 pDOS n Moments, associated Einstein freqs, temps and eff. force constants:
  n     Mom (THz^n)   Freq (THz)     Temp (K)    Eff. FC (N/m)
 -2       0.01648       7.78964       373.83       6.1864
 -1       0.06100      16.39421       786.77      27.4020
  0       1.00000     ---------     --------
  1      62.10328      62.10328      2980.39     393.2157
  2    5132.85074      71.64392      3438.25     523.3117

 Path Red. Mass (AMU):    1.555224
 Path Length (Ang), s^2 (1e-3 Ang^2):  7.5182  19.8218
--------------------------------------------------------------
 Path Indices:    1   4   6   5
 PDOS Poles:
     Freq. (THz)    Weight
        3.405       0.070130572
        7.057       0.003634886
       10.577       0.000395924
       20.266       0.042683763
       23.102       0.000068955
       29.704       0.004040660
       32.185       0.087403214
       38.205       0.082056489
       41.603       0.026069531
       43.810       0.002699931
       44.224       0.006397986
       91.105       0.003435548
       92.062       0.642520858
       93.175       0.000704802
       93.289       0.027524645
       93.892       0.000232233

 PDOS Einstein freq (single pole), associated temp and eff. force constant: 
 Freq (THz)   Temp (K)   Eff. FC (N/m)
  77.570      3722.66     608.7895

 pDOS n Moments, associated Einstein freqs, temps and eff. force constants:
  n     Mom (THz^n)   Freq (THz)     Temp (K)    Eff. FC (N/m)
 -2       0.00647      12.42773       596.42      15.6265
 -1       0.03641      27.46214      1317.93      76.3038
  0       1.00000     ---------     --------
  1      70.80900      70.80900      3398.19     507.2879
  2    6017.13061      77.57017      3722.66     608.7894

 Path Red. Mass (AMU):    1.543366
 Path Length (Ang), s^2 (1e-3 Ang^2):  7.5184  11.9240
--------------------------------------------------------------
 Path Indices:    1   4   6   7
 PDOS Poles:
     Freq. (THz)    Weight
        2.328       0.031569619
        7.157       0.032015920
       10.733       0.006672307
       20.355       0.001659785
       23.124       0.048370621
       29.877       0.006633163
       32.186       0.088041440
       37.872       0.035120830
       39.176       0.000575357
       41.604       0.025239640
       43.843       0.042141462
       91.105       0.116618136
       92.062       0.133628835
       93.175       0.016778872
       93.289       0.068020938
       93.892       0.346913084

 PDOS Einstein freq (single pole), associated temp and eff. force constant: 
 Freq (THz)   Temp (K)   Eff. FC (N/m)
  78.731      3778.39     399.3426

 pDOS n Moments, associated Einstein freqs, temps and eff. force constants:
  n     Mom (THz^n)   Freq (THz)     Temp (K)    Eff. FC (N/m)
 -2       0.00684      12.09449       580.42       9.4237
 -1       0.03363      29.73226      1426.88      56.9514
  0       1.00000     ---------     --------
  1      72.21674      72.21674      3465.74     335.9887
  2    6198.64558      78.73148      3778.39     399.3426

 Path Red. Mass (AMU):    0.982743
 Path Length (Ang), s^2 (1e-3 Ang^2):  6.4575  17.2966
--------------------------------------------------------------
 Path Indices:    1   4   6   8
 PDOS Poles:
     Freq. (THz)    Weight
        3.381       0.022368754
        7.472       0.025196986
       11.310       0.004475020
       21.369       0.003314957
       23.505       0.007106502
       30.762       0.088643853
       32.150       0.096309495
       38.021       0.012731140
       41.597       0.023592020
       43.726       0.004618841
       43.855       0.034727986
       91.105       0.125816047
       92.062       0.136211734
       93.175       0.353116449
       93.289       0.048271140
       93.892       0.013499122

 PDOS Einstein freq (single pole), associated temp and eff. force constant: 
 Freq (THz)   Temp (K)   Eff. FC (N/m)
  78.291      3757.23     399.1499

 pDOS n Moments, associated Einstein freqs, temps and eff. force constants:
  n     Mom (THz^n)   Freq (THz)     Temp (K)    Eff. FC (N/m)
 -2       0.00277      18.99499       911.59      23.4961
 -1       0.02583      38.71610      1858.02      97.6115
  0       1.00000     ---------     --------
  1      72.24062      72.24062      3466.89     339.8448
  2    6129.40651      78.29053      3757.23     399.1499

 Path Red. Mass (AMU):    0.993365
 Path Length (Ang), s^2 (1e-3 Ang^2):  6.4576  13.1409
--------------------------------------------------------------
 Path Indices:    1   4   6   9
 PDOS Poles:
     Freq. (THz)    Weight
        3.099       0.034735931
        6.849       0.005994784
       11.768       0.000484725
       20.297       0.037292843
       23.670       0.002708749
       29.877       0.042058223
       31.277       0.016610501
       38.184       0.035346023
       41.595       0.010184283
       43.761       0.001880127
       44.222       0.015110402
       91.105       0.244002479
       92.062       0.036288664
       93.175       0.018283226
       93.289       0.454405617
       93.892       0.044613324

 PDOS Einstein freq (single pole), associated temp and eff. force constant: 
 Freq (THz)   Temp (K)   Eff. FC (N/m)
  83.744      4018.96     389.1145

 pDOS n Moments, associated Einstein freqs, temps and eff. force constants:
  n     Mom (THz^n)   Freq (THz)     Temp (K)    Eff. FC (N/m)
 -2       0.00404      15.73228       755.01      13.7325
 -1       0.02619      38.18691      1832.62      80.9088
  0       1.00000     ---------     --------
  1      79.12934      79.12934      3797.49     347.4096
  2    7013.11005      83.74431      4018.96     389.1144

 Path Red. Mass (AMU):    0.846365
 Path Length (Ang), s^2 (1e-3 Ang^2):  6.4591  15.6370
--------------------------------------------------------------
 Path Indices:    1   4   7   2
 PDOS Poles:
     Freq. (THz)    Weight
        2.651       0.011917087
        7.437       0.037109080
       11.250       0.006719732
       22.665       0.038850416
       23.222       0.151594293
       29.910       0.023273463
       32.207       0.128862050
       37.855       0.100566174
       41.600       0.124188144
       43.476       0.001578741
       43.839       0.114072995
       91.105       0.044807632
       92.062       0.063477806
       93.175       0.001071847
       93.289       0.021026926
       93.892       0.130883631

 PDOS Einstein freq (single pole), associated temp and eff. force constant: 
 Freq (THz)   Temp (K)   Eff. FC (N/m)
  55.646      2670.49     188.2112

 pDOS n Moments, associated Einstein freqs, temps and eff. force constants:
  n     Mom (THz^n)   Freq (THz)     Temp (K)    Eff. FC (N/m)
 -2       0.00316      17.79095       853.80      19.2388
 -1       0.03420      29.24258      1403.38      51.9770
  0       1.00000     ---------     --------
  1      47.94949      47.94949      2301.14     139.7486
  2    3096.46350      55.64588      2670.49     188.2112

 Path Red. Mass (AMU):    0.927194
 Path Length (Ang), s^2 (1e-3 Ang^2):  8.6720  18.6397
--------------------------------------------------------------
 Path Indices:    1   4   7   3
 PDOS Poles:
     Freq. (THz)    Weight
        3.125       0.031871658
        7.432       0.013460194
       12.778       0.000717833
       20.662       0.010524490
       23.144       0.153240881
       30.083       0.016553219
       32.205       0.096276803
       37.845       0.107749123
       41.599       0.080914383
       43.818       0.083596404
       44.214       0.017361821
       91.105       0.085362706
       92.062       0.054910580
       93.175       0.009670959
       93.289       0.046739606
       93.892       0.191049331

 PDOS Einstein freq (single pole), associated temp and eff. force constant: 
 Freq (THz)   Temp (K)   Eff. FC (N/m)
  63.563      3050.44     215.3127

 pDOS n Moments, associated Einstein freqs, temps and eff. force constants:
  n     Mom (THz^n)   Freq (THz)     Temp (K)    Eff. FC (N/m)
 -2       0.00415      15.51562       744.61      12.8292
 -1       0.03400      29.40843      1411.34      46.0898
  0       1.00000     ---------     --------
  1      55.47735      55.47735      2662.41     164.0185
  2    4040.24920      63.56295      3050.44     215.3127

 Path Red. Mass (AMU):    0.812929
 Path Length (Ang), s^2 (1e-3 Ang^2):  7.8803  21.1398
--------------------------------------------------------------
 Path Indices:    1   4   7   4
 PDOS Poles:
     Freq. (THz)    Weight
        2.201       0.043621230
        7.296       0.026880607
       11.415       0.001656017
       22.617       0.038644630
       23.224       0.160432353
       30.952       0.017908113
       32.294       0.071928986
       37.876       0.120421438
       41.597       0.092122602
       43.810       0.107595572
       44.218       0.043377519
       91.105       0.053762674
       92.062       0.056004869
       93.175       0.004052661
       93.289       0.025500797
       93.892       0.136089942

 PDOS Einstein freq (single pole), associated temp and eff. force constant: 
 Freq (THz)   Temp (K)   Eff. FC (N/m)
  56.582      2715.44     137.5588

 pDOS n Moments, associated Einstein freqs, temps and eff. force constants:
  n     Mom (THz^n)   Freq (THz)     Temp (K)    Eff. FC (N/m)
 -2       0.01023       9.88529       474.40       4.1986
 -1       0.04687      21.33567      1023.92      19.5586
  0       1.00000     ---------     --------
  1      48.40155      48.40155      2322.83     100.6571
  2    3201.56899      56.58241      2715.44     137.5588

 Path Red. Mass (AMU):    0.655416
 Path Length (Ang), s^2 (1e-3 Ang^2):  8.2224  36.1419
--------------------------------------------------------------
 Path Indices:    1   4   7   5
 PDOS Poles:
     Freq. (THz)    Weight
        3.426       0.028583933
        7.646       0.008875560
       19.980       0.006885422
       23.059       0.097072196
       27.441       0.004047275
       30.679       0.053316337
       32.308       0.074669309
       38.087       0.083197030
       41.591       0.041743503
       43.807       0.050830250
       44.189       0.009089374
       91.105       0.080581656
       92.062       0.280995169
       93.175       0.111588407
       93.289       0.033796149
       93.892       0.034728448

 PDOS Einstein freq (single pole), associated temp and eff. force constant: 
 Freq (THz)   Temp (K)   Eff. FC (N/m)
  71.512      3431.94     213.5740

 pDOS n Moments, associated Einstein freqs, temps and eff. force constants:
  n     Mom (THz^n)   Freq (THz)     Temp (K)    Eff. FC (N/m)
 -2       0.00310      17.97212       862.50      13.4892
 -1       0.02867      34.87431      1673.65      50.7924
  0       1.00000     ---------     --------
  1      64.25534      64.25534      3083.67     172.4272
  2    5114.00417      71.51227      3431.94     213.5740

 Path Red. Mass (AMU):    0.637058
 Path Length (Ang), s^2 (1e-3 Ang^2):  8.7838  22.7479
--------------------------------------------------------------
 Path Indices:    1   4   7   6
 PDOS Poles:
     Freq. (THz)    Weight
        2.997       0.030168959
        7.349       0.020458204
       11.657       0.001687133
       20.544       0.008017640
       23.138       0.096466377
       31.958       0.051139405
       33.149       0.007410782
       37.975       0.068010275
       41.563       0.010822888
       43.805       0.058725752
       44.185       0.007048745
       91.105       0.131639971
       92.062       0.079430791
       93.175       0.038200107
       93.289       0.101387196
       93.892       0.289385772

 PDOS Einstein freq (single pole), associated temp and eff. force constant: 
 Freq (THz)   Temp (K)   Eff. FC (N/m)
  76.754      3683.50     364.1916

 pDOS n Moments, associated Einstein freqs, temps and eff. force constants:
  n     Mom (THz^n)   Freq (THz)     Temp (K)    Eff. FC (N/m)
 -2       0.00417      15.49026       743.39      14.8335
 -1       0.02982      33.53917      1609.57      69.5392
  0       1.00000     ---------     --------
  1      69.94795      69.94795      3356.86     302.4650
  2    5891.21277      76.75424      3683.50     364.1915

 Path Red. Mass (AMU):    0.943010
 Path Length (Ang), s^2 (1e-3 Ang^2):  6.8097  15.9792
--------------------------------------------------------------
 Path Indices:    1   4   7   8
 PDOS Poles:
     Freq. (THz)    Weight
        3.316       0.015830084
        7.480       0.037122743
       10.994       0.006227733
       23.111       0.020442302
       29.485       0.015199556
       30.716       0.035206945
       32.187       0.121573503
       37.930       0.007790050
       41.601       0.036433205
       43.830       0.014036337
       44.224       0.041853104
       91.105       0.326300645
       92.062       0.079376881
       93.175       0.024696836
       93.289       0.189505559
       93.892       0.028404485

 PDOS Einstein freq (single pole), associated temp and eff. force constant: 
 Freq (THz)   Temp (K)   Eff. FC (N/m)
  76.580      3675.15     281.6253

 pDOS n Moments, associated Einstein freqs, temps and eff. force constants:
  n     Mom (THz^n)   Freq (THz)     Temp (K)    Eff. FC (N/m)
 -2       0.00250      20.01475       960.53      19.2371
 -1       0.02602      38.43745      1844.65      70.9492
  0       1.00000     ---------     --------
  1      70.27318      70.27318      3372.47     237.1470
  2    5864.53162      76.58023      3675.15     281.6253

 Path Red. Mass (AMU):    0.732537
 Path Length (Ang), s^2 (1e-3 Ang^2):  7.4856  17.9490
--------------------------------------------------------------
 Path Indices:    1   4   7   9
 PDOS Poles:
     Freq. (THz)    Weight
        3.107       0.025293385
        7.292       0.007187654
       19.596       0.009524857
       21.674       0.027215555
       23.377       0.057025333
       29.963       0.018869560
       33.776       0.001983037
       38.005       0.086981805
       41.551       0.011210294
       43.814       0.083598396
       44.190       0.011612705
       91.105       0.423001493
       92.062       0.022163679
       93.175       0.021329662
       93.289       0.052531009
       93.892       0.140471572

 PDOS Einstein freq (single pole), associated temp and eff. force constant: 
 Freq (THz)   Temp (K)   Eff. FC (N/m)
  77.299      3709.64     239.1892

 pDOS n Moments, associated Einstein freqs, temps and eff. force constants:
  n     Mom (THz^n)   Freq (THz)     Temp (K)    Eff. FC (N/m)
 -2       0.00316      17.78951       853.73      12.6684
 -1       0.02590      38.61298      1853.07      59.6845
  0       1.00000     ---------     --------
  1      71.47570      71.47570      3430.18     204.5088
  2    5975.11914      77.29889      3709.64     239.1892

 Path Red. Mass (AMU):    0.610641
 Path Length (Ang), s^2 (1e-3 Ang^2):  7.4880  21.4341
--------------------------------------------------------------
 Path Indices:    1   4   8   2
 PDOS Poles:
     Freq. (THz)    Weight
        2.570       0.010747677
        7.459       0.043093042
       11.243       0.005936944
       22.892       0.025402754
       24.890       0.004005637
       30.498       0.122748116
       32.073       0.128692451
       38.035       0.014160368
       41.600       0.069330610
       43.835       0.066768453
       44.011       0.004135193
       91.105       0.083074505
       92.062       0.136204883
       93.175       0.261776087
       93.289       0.023168881
       93.892       0.000754405

 PDOS Einstein freq (single pole), associated temp and eff. force constant: 
 Freq (THz)   Temp (K)   Eff. FC (N/m)
  69.765      3348.09     261.8056

 pDOS n Moments, associated Einstein freqs, temps and eff. force constants:
  n     Mom (THz^n)   Freq (THz)     Temp (K)    Eff. FC (N/m)
 -2       0.00291      18.54918       890.19      18.5077
 -1       0.02891      34.59207      1660.10      64.3658
  0       1.00000     ---------     --------
  1      62.23067      62.23067      2986.50     208.3104
  2    4867.17603      69.76515      3348.09     261.8056

 Path Red. Mass (AMU):    0.820528
 Path Length (Ang), s^2 (1e-3 Ang^2):  9.2280  17.8056
--------------------------------------------------------------
 Path Indices:    1   4   8   3
 PDOS Poles:
     Freq. (THz)    Weight
        3.164       0.028460690
        7.412       0.007557914
       13.675       0.000535043
       20.881       0.010099693
       23.423       0.019071796
       30.604       0.120734427
       32.062       0.098265687
       37.962       0.017103080
       41.598       0.041693251
       43.827       0.025675816
       44.208       0.008531912
       91.105       0.130792472
       92.062       0.119853899
       93.175       0.313860132
       93.289       0.044449129
       93.892       0.013315107

 PDOS Einstein freq (single pole), associated temp and eff. force constant: 
 Freq (THz)   Temp (K)   Eff. FC (N/m)
  75.650      3630.53     272.7424

 pDOS n Moments, associated Einstein freqs, temps and eff. force constants:
  n     Mom (THz^n)   Freq (THz)     Temp (K)    Eff. FC (N/m)
 -2       0.00339      17.16800       823.91      14.0466
 -1       0.02732      36.60489      1756.70      63.8571
  0       1.00000     ---------     --------
  1      69.13320      69.13320      3317.76     227.7740
  2    5722.97551      75.65035      3630.53     272.7424

 Path Red. Mass (AMU):    0.726979
 Path Length (Ang), s^2 (1e-3 Ang^2):  8.4421  18.9917
--------------------------------------------------------------
 Path Indices:    1   4   8   4
 PDOS Poles:
     Freq. (THz)    Weight
        3.034       0.024534951
        7.158       0.006424922
       12.182       0.000626970
       22.216       0.007914906
       23.652       0.010699138
       30.670       0.097585639
       32.089       0.072187863
       38.086       0.017413662
       41.597       0.025722971
       43.822       0.016029037
       44.196       0.004126677
       91.105       0.154208893
       92.062       0.132840364
       93.175       0.359545025
       93.289       0.052923921
       93.892       0.017215117

 PDOS Einstein freq (single pole), associated temp and eff. force constant: 
 Freq (THz)   Temp (K)   Eff. FC (N/m)
  80.155      3846.73     240.8297

 pDOS n Moments, associated Einstein freqs, temps and eff. force constants:
  n     Mom (THz^n)   Freq (THz)     Temp (K)    Eff. FC (N/m)
 -2       0.00313      17.88684       858.41      11.9926
 -1       0.02456      40.72247      1954.31      62.1603
  0       1.00000     ---------     --------
  1      74.81735      74.81735      3590.55     209.8212
  2    6424.88390      80.15537      3846.73     240.8297

 Path Red. Mass (AMU):    0.571789
 Path Length (Ang), s^2 (1e-3 Ang^2):  9.3454  21.7047
--------------------------------------------------------------
 Path Indices:    1   4   8   5
 PDOS Poles:
     Freq. (THz)    Weight
        3.415       0.029145816
        7.654       0.007705734
       20.013       0.006747471
       23.066       0.090711635
       27.834       0.004707011
       30.714       0.057382703
       32.311       0.075095998
       38.093       0.082811558
       41.591       0.041782440
       43.803       0.051992831
       44.191       0.008465296
       91.105       0.082720674
       92.062       0.283589379
       93.175       0.118990761
       93.289       0.018033880
       93.892       0.040116827

 PDOS Einstein freq (single pole), associated temp and eff. force constant: 
 Freq (THz)   Temp (K)   Eff. FC (N/m)
  71.627      3437.44     216.6504

 pDOS n Moments, associated Einstein freqs, temps and eff. force constants:
  n     Mom (THz^n)   Freq (THz)     Temp (K)    Eff. FC (N/m)
 -2       0.00313      17.86472       857.34      13.4772
 -1       0.02862      34.94540      1677.06      51.5687
  0       1.00000     ---------     --------
  1      64.42968      64.42968      3092.04     175.2984
  2    5130.42556      71.62699      3437.44     216.6504

 Path Red. Mass (AMU):    0.644165
 Path Length (Ang), s^2 (1e-3 Ang^2):  8.7880  22.4511
--------------------------------------------------------------
 Path Indices:    1   4   8   6
 PDOS Poles:
     Freq. (THz)    Weight
        2.963       0.022679631
        6.965       0.011556113
       10.755       0.001835589
       20.311       0.005118097
       23.271       0.002218564
       30.840       0.055515755
       32.146       0.036901510
       38.201       0.019623881
       41.582       0.000720242
       43.832       0.005067639
       44.214       0.001147714
       91.105       0.165958615
       92.062       0.140454359
       93.175       0.424694633
       93.289       0.076109942
       93.892       0.030397779

 PDOS Einstein freq (single pole), associated temp and eff. force constant: 
 Freq (THz)   Temp (K)   Eff. FC (N/m)
  85.571      4106.61     354.2976

 pDOS n Moments, associated Einstein freqs, temps and eff. force constants:
  n     Mom (THz^n)   Freq (THz)     Temp (K)    Eff. FC (N/m)
 -2       0.00306      18.06900       867.15      15.7974
 -1       0.02250      44.44977      2133.18      95.5998
  0       1.00000     ---------     --------
  1      81.84929      81.84929      3928.02     324.1513
  2    7322.34683      85.57071      4106.61     354.2976

 Path Red. Mass (AMU):    0.738090
 Path Length (Ang), s^2 (1e-3 Ang^2):  7.3712  15.4045
--------------------------------------------------------------
 Path Indices:    1   4   8   7
 PDOS Poles:
     Freq. (THz)    Weight
        2.331       0.018287756
        7.187       0.019807238
       10.851       0.005382944
       23.093       0.006350189
       28.331       0.001675444
       30.011       0.031642087
       32.169       0.087355707
       37.851       0.012976317
       41.600       0.013582686
       43.816       0.021712801
       44.224       0.040404895
       91.105       0.328857544
       92.062       0.128883709
       93.175       0.099689822
       93.289       0.170337894
       93.892       0.013052955

 PDOS Einstein freq (single pole), associated temp and eff. force constant: 
 Freq (THz)   Temp (K)   Eff. FC (N/m)
  81.074      3890.83     247.5690

 pDOS n Moments, associated Einstein freqs, temps and eff. force constants:
  n     Mom (THz^n)   Freq (THz)     Temp (K)    Eff. FC (N/m)
 -2       0.00406      15.68726       752.85       9.2688
 -1       0.02532      39.48927      1895.12      58.7337
  0       1.00000     ---------     --------
  1      76.22238      76.22238      3657.98     218.8235
  2    6573.05503      81.07438      3890.83     247.5690

 Path Red. Mass (AMU):    0.574540
 Path Length (Ang), s^2 (1e-3 Ang^2):  8.0471  22.2756
--------------------------------------------------------------
 Path Indices:    1   4   8   9
 PDOS Poles:
     Freq. (THz)    Weight
        3.098       0.022028180
        6.875       0.004059969
       12.854       0.000128179
       20.317       0.018428932
       23.554       0.002681771
       30.282       0.029759515
       31.168       0.036915751
       38.194       0.035774307
       41.579       0.001967223
       43.841       0.032157948
       44.217       0.004548586
       91.105       0.470399090
       92.062       0.061255171
       93.175       0.222566462
       93.289       0.045796360
       93.892       0.011532596

 PDOS Einstein freq (single pole), associated temp and eff. force constant: 
 Freq (THz)   Temp (K)   Eff. FC (N/m)
  83.994      4030.94     250.2290

 pDOS n Moments, associated Einstein freqs, temps and eff. force constants:
  n     Mom (THz^n)   Freq (THz)     Temp (K)    Eff. FC (N/m)
 -2       0.00264      19.45080       933.46      13.4189
 -1       0.02155      46.40088      2226.82      76.3650
  0       1.00000     ---------     --------
  1      80.23415      80.23415      3850.51     228.3288
  2    7054.97551      83.99390      4030.94     250.2290

 Path Red. Mass (AMU):    0.541045
 Path Length (Ang), s^2 (1e-3 Ang^2):  8.0491  20.1310
--------------------------------------------------------------
 Path Indices:    1   4   9   2
 PDOS Poles:
     Freq. (THz)    Weight
        2.661       0.013688492
        7.444       0.028824188
       10.963       0.003319505
       20.272       0.079979057
       23.671       0.001073113
       29.703       0.131792629
       32.217       0.013708426
       38.182       0.034030561
       41.602       0.075060860
       43.825       0.034118281
       44.222       0.018578552
       91.105       0.196874272
       92.062       0.023666795
       93.175       0.013044187
       93.289       0.306088793
       93.892       0.026152215

 PDOS Einstein freq (single pole), associated temp and eff. force constant: 
 Freq (THz)   Temp (K)   Eff. FC (N/m)
  72.731      3490.41     339.0324

 pDOS n Moments, associated Einstein freqs, temps and eff. force constants:
  n     Mom (THz^n)   Freq (THz)     Temp (K)    Eff. FC (N/m)
 -2       0.00300      18.25769       876.20      21.3647
 -1       0.02818      35.48161      1702.79      80.6887
  0       1.00000     ---------     --------
  1      65.36987      65.36987      3137.16     273.8807
  2    5289.74753      72.73065      3490.41     339.0323

 Path Red. Mass (AMU):    0.977682
 Path Length (Ang), s^2 (1e-3 Ang^2):  9.4353  14.5688
--------------------------------------------------------------
 Path Indices:    1   4   9   3
 PDOS Poles:
     Freq. (THz)    Weight
        3.142       0.037134637
        7.392       0.017841619
       10.903       0.003882350
       20.272       0.074222964
       23.737       0.000895716
       29.701       0.182066972
       32.207       0.021629281
       38.185       0.038698628
       41.602       0.116039672
       43.823       0.040340752
       44.223       0.030579567
       91.105       0.141691507
       92.062       0.025956627
       93.175       0.013686067
       93.289       0.230031087
       93.892       0.025302501

 PDOS Einstein freq (single pole), associated temp and eff. force constant: 
 Freq (THz)   Temp (K)   Eff. FC (N/m)
  65.956      3165.30     263.2561

 pDOS n Moments, associated Einstein freqs, temps and eff. force constants:
  n     Mom (THz^n)   Freq (THz)     Temp (K)    Eff. FC (N/m)
 -2       0.00471      14.56740       699.10      12.8419
 -1       0.03522      28.38905      1362.42      48.7717
  0       1.00000     ---------     --------
  1      57.75495      57.75495      2771.71     201.8572
  2    4350.23383      65.95630      3165.30     263.2561

 Path Red. Mass (AMU):    0.923118
 Path Length (Ang), s^2 (1e-3 Ang^2):  7.8570  19.2849
--------------------------------------------------------------
 Path Indices:    1   4   9   4
 PDOS Poles:
     Freq. (THz)    Weight
        3.066       0.045065407
        7.570       0.047955291
       11.018       0.006259869
       20.281       0.081765826
       23.568       0.003144815
       29.705       0.191480523
       32.240       0.022077716
       38.156       0.041579270
       41.601       0.135723428
       43.832       0.082944705
       44.221       0.036843534
       91.105       0.086913977
       92.062       0.028553960
       93.175       0.013915462
       93.289       0.150979209
       93.892       0.024796967

 PDOS Einstein freq (single pole), associated temp and eff. force constant: 
 Freq (THz)   Temp (K)   Eff. FC (N/m)
  58.093      2787.94     175.6906

 pDOS n Moments, associated Einstein freqs, temps and eff. force constants:
  n     Mom (THz^n)   Freq (THz)     Temp (K)    Eff. FC (N/m)
 -2       0.00633      12.56867       603.18       8.2239
 -1       0.04327      23.10960      1109.05      27.8025
  0       1.00000     ---------     --------
  1      49.45650      49.45650      2373.46     127.3343
  2    3374.81234      58.09314      2787.94     175.6906

 Path Red. Mass (AMU):    0.794127
 Path Length (Ang), s^2 (1e-3 Ang^2):  8.1956  27.5386
--------------------------------------------------------------
 Path Indices:    1   4   9   5
 PDOS Poles:
     Freq. (THz)    Weight
        3.397       0.040873998
        5.153       0.000655300
       11.013       0.007993258
       20.267       0.097956490
       23.641       0.000017536
       29.696       0.173979163
       32.184       0.015223089
       38.205       0.045053700
       41.603       0.131757471
       43.811       0.040700131
       44.225       0.027577628
       91.105       0.083215208
       92.062       0.166089697
       93.175       0.001949614
       93.289       0.166726682
       93.892       0.000230990

 PDOS Einstein freq (single pole), associated temp and eff. force constant: 
 Freq (THz)   Temp (K)   Eff. FC (N/m)
  64.847      3112.05     238.9623

 pDOS n Moments, associated Einstein freqs, temps and eff. force constants:
  n     Mom (THz^n)   Freq (THz)     Temp (K)    Eff. FC (N/m)
 -2       0.00427      15.29571       734.05      13.2952
 -1       0.03448      29.00428      1391.94      47.8056
  0       1.00000     ---------     --------
  1      56.70681      56.70681      2721.41     182.7364
  2    4205.08386      64.84662      3112.05     238.9623

 Path Red. Mass (AMU):    0.866854
 Path Length (Ang), s^2 (1e-3 Ang^2):  8.1920  20.1010
--------------------------------------------------------------
 Path Indices:    1   4   9   6
 PDOS Poles:
     Freq. (THz)    Weight
        3.010       0.035411620
        7.254       0.026480554
        9.012       0.002841119
       20.276       0.041736126
       23.505       0.001266225
       29.704       0.088707177
       33.117       0.000258884
       38.161       0.019400817
       41.600       0.020704808
       43.829       0.030444667
       44.220       0.010513571
       91.105       0.237201675
       92.062       0.023411281
       93.175       0.013370507
       93.289       0.418684259
       93.892       0.029566612

 PDOS Einstein freq (single pole), associated temp and eff. force constant: 
 Freq (THz)   Temp (K)   Eff. FC (N/m)
  80.182      3848.01     465.6466

 pDOS n Moments, associated Einstein freqs, temps and eff. force constants:
  n     Mom (THz^n)   Freq (THz)     Temp (K)    Eff. FC (N/m)
 -2       0.00478      14.46024       693.96      15.1444
 -1       0.03058      32.70098      1569.35      77.4503
  0       1.00000     ---------     --------
  1      74.09073      74.09073      3555.68     397.5846
  2    6429.16599      80.18208      3848.01     465.6465

 Path Red. Mass (AMU):    1.104824
 Path Length (Ang), s^2 (1e-3 Ang^2):  6.7978  13.9885
--------------------------------------------------------------
 Path Indices:    1   4   9   7
 PDOS Poles:
     Freq. (THz)    Weight
        2.479       0.026388705
        7.551       0.048602338
       12.703       0.000632189
       20.553       0.014692430
       23.248       0.035430361
       30.031       0.041222504
       31.964       0.011281002
       37.874       0.050703499
       41.596       0.036496373
       43.836       0.051313395
       44.195       0.006501228
       91.105       0.417468786
       92.062       0.033782311
       93.175       0.018422546
       93.289       0.045544617
       93.892       0.161517715

 PDOS Einstein freq (single pole), associated temp and eff. force constant: 
 Freq (THz)   Temp (K)   Eff. FC (N/m)
  77.819      3734.62     311.3656

 pDOS n Moments, associated Einstein freqs, temps and eff. force constants:
  n     Mom (THz^n)   Freq (THz)     Temp (K)    Eff. FC (N/m)
 -2       0.00547      13.51733       648.71       9.3946
 -1       0.03198      31.26577      1500.47      50.2613
  0       1.00000     ---------     --------
  1      71.41404      71.41404      3427.22     262.2178
  2    6055.85666      77.81938      3734.62     311.3656

 Path Red. Mass (AMU):    0.784307
 Path Length (Ang), s^2 (1e-3 Ang^2):  7.4746  20.6097
--------------------------------------------------------------
 Path Indices:    1   4   9   8
 PDOS Poles:
     Freq. (THz)    Weight
        3.397       0.021050885
        7.491       0.014884125
       13.839       0.000394010
       20.480       0.015489141
       23.343       0.015906928
       30.036       0.049424581
       31.685       0.020237818
       37.937       0.026057353
       40.459       0.000491392
       41.607       0.039563443
       44.223       0.005196307
       91.105       0.493887500
       92.062       0.039356298
       93.175       0.175996576
       93.289       0.067849728
       93.892       0.014213944

 PDOS Einstein freq (single pole), associated temp and eff. force constant: 
 Freq (THz)   Temp (K)   Eff. FC (N/m)
  82.915      3979.14     405.8619

 pDOS n Moments, associated Einstein freqs, temps and eff. force constants:
  n     Mom (THz^n)   Freq (THz)     Temp (K)    Eff. FC (N/m)
 -2       0.00237      20.53818       985.65      24.9024
 -1       0.02232      44.80588      2150.27     118.5188
  0       1.00000     ---------     --------
  1      78.56876      78.56876      3770.58     364.4322
  2    6874.81899      82.91453      3979.14     405.8619

 Path Red. Mass (AMU):    0.900551
 Path Length (Ang), s^2 (1e-3 Ang^2):  7.4742  12.5251
--------------------------------------------------------------
 Path Indices:    1   5   1   2
 PDOS Poles:
     Freq. (THz)    Weight
        2.249       0.044057873
        7.207       0.026500360
       11.177       0.015039022
       21.205       0.010048231
       23.611       0.017141323
       29.951       0.146690216
       31.098       0.120119495
       37.909       0.389829399
       38.341       0.142790188
       43.807       0.032547794
       44.201       0.003879715
       91.105       0.000009071
       92.062       0.026653372
       93.175       0.012283062
       93.289       0.000272173
       93.892       0.012138710

 PDOS Einstein freq (single pole), associated temp and eff. force constant: 
 Freq (THz)   Temp (K)   Eff. FC (N/m)
  39.338      1887.85      96.7107

 pDOS n Moments, associated Einstein freqs, temps and eff. force constants:
  n     Mom (THz^n)   Freq (THz)     Temp (K)    Eff. FC (N/m)
 -2       0.01008       9.96165       478.07       6.2018
 -1       0.04997      20.01324       960.45      25.0317
  0       1.00000     ---------     --------
  1      35.81907      35.81907      1718.99      80.1834
  2    1547.45687      39.33773      1887.85      96.7107

 Path Red. Mass (AMU):    0.953338
 Path Length (Ang), s^2 (1e-3 Ang^2):  8.8464  26.4891
--------------------------------------------------------------
 Path Indices:    1   5   1   3
 PDOS Poles:
     Freq. (THz)    Weight
        2.805       0.103143889
        6.523       0.024557056
       11.149       0.002437843
       20.380       0.034111713
       23.435       0.017415507
       29.874       0.228538334
       31.289       0.117867540
       37.833       0.259382320
       38.242       0.138325199
       43.810       0.018587081
       44.211       0.002643789
       91.105       0.000004703
       92.062       0.030428517
       93.175       0.011205789
       93.289       0.000329447
       93.892       0.011021296

 PDOS Einstein freq (single pole), associated temp and eff. force constant: 
 Freq (THz)   Temp (K)   Eff. FC (N/m)
  37.615      1805.17      83.9311

 pDOS n Moments, associated Einstein freqs, temps and eff. force constants:
  n     Mom (THz^n)   Freq (THz)     Temp (K)    Eff. FC (N/m)
 -2       0.01449       8.30879       398.75       4.0952
 -1       0.06611      15.12586       725.90      13.5720
  0       1.00000     ---------     --------
  1      33.04081      33.04081      1585.66      64.7598
  2    1414.87656      37.61484      1805.17      83.9311

 Path Red. Mass (AMU):    0.904890
 Path Length (Ang), s^2 (1e-3 Ang^2):  9.7445  36.9241
--------------------------------------------------------------
 Path Indices:    1   5   1   4
 PDOS Poles:
     Freq. (THz)    Weight
        3.402       0.065813324
        6.948       0.002541820
       10.823       0.000686580
       20.266       0.013879892
       23.215       0.000089827
       29.696       0.206748038
       32.179       0.000767923
       38.205       0.601899323
       41.593       0.000176008
       43.810       0.058174913
       44.224       0.005024853
       91.105       0.000014942
       92.062       0.042353498
       93.175       0.000423967
       93.289       0.001050596
       93.892       0.000354504

 PDOS Einstein freq (single pole), associated temp and eff. force constant: 
 Freq (THz)   Temp (K)   Eff. FC (N/m)
  39.563      1898.66      50.9839

 pDOS n Moments, associated Einstein freqs, temps and eff. force constants:
  n     Mom (THz^n)   Freq (THz)     Temp (K)    Eff. FC (N/m)
 -2       0.00646      12.43780       596.90       5.0390
 -1       0.04513      22.15904      1063.43      15.9940
  0       1.00000     ---------     --------
  1      36.54211      36.54211      1753.69      43.4953
  2    1565.22770      39.56296      1898.66      50.9839

 Path Red. Mass (AMU):    0.496874
 Path Length (Ang), s^2 (1e-3 Ang^2):  9.7706  45.9016
--------------------------------------------------------------
 Path Indices:    1   5   1   5
 PDOS Poles:
     Freq. (THz)    Weight
        2.391       0.057908444
        6.314       0.011642117
       14.669       0.000331264
       21.063       0.011735121
       23.608       0.017392492
       29.950       0.144247627
       31.082       0.125388353
       37.906       0.393973833
       38.336       0.147514821
       43.807       0.033367247
       44.202       0.003938752
       91.105       0.000008930
       92.062       0.027319798
       93.175       0.012549623
       93.289       0.000279983
       93.892       0.012401604

 PDOS Einstein freq (single pole), associated temp and eff. force constant: 
 Freq (THz)   Temp (K)   Eff. FC (N/m)
  39.664      1903.52      51.1879

 pDOS n Moments, associated Einstein freqs, temps and eff. force constants:
  n     Mom (THz^n)   Freq (THz)     Temp (K)    Eff. FC (N/m)
 -2       0.01117       9.46062       454.02       2.9121
 -1       0.05189      19.27134       924.85      12.0835
  0       1.00000     ---------     --------
  1      36.19294      36.19294      1736.93      42.6203
  2    1573.25094      39.66423      1903.52      51.1879

 Path Red. Mass (AMU):    0.496318
 Path Length (Ang), s^2 (1e-3 Ang^2):  9.8380  52.8392
--------------------------------------------------------------
 Path Indices:    1   5   1   6
 PDOS Poles:
     Freq. (THz)    Weight
        2.897       0.086917934
        7.594       0.038054880
       12.481       0.006039219
       21.102       0.026275715
       24.768       0.011785301
       30.739       0.192155506
       33.940       0.009001462
       38.032       0.521893056
       41.393       0.018410314
       43.587       0.016427225
       44.005       0.021689313
       91.105       0.002486497
       92.062       0.026012607
       93.175       0.011662877
       93.289       0.000009562
       93.892       0.011178536

 PDOS Einstein freq (single pole), associated temp and eff. force constant: 
 Freq (THz)   Temp (K)   Eff. FC (N/m)
  38.927      1868.16      89.9390

 pDOS n Moments, associated Einstein freqs, temps and eff. force constants:
  n     Mom (THz^n)   Freq (THz)     Temp (K)    Eff. FC (N/m)
 -2       0.01174       9.22906       442.91       5.0554
 -1       0.05932      16.85653       808.96      16.8645
  0       1.00000     ---------     --------
  1      34.71416      34.71416      1665.96      71.5240
  2    1515.33754      38.92734      1868.16      89.9390

 Path Red. Mass (AMU):    0.905378
 Path Length (Ang), s^2 (1e-3 Ang^2): 11.1623  33.1152
--------------------------------------------------------------
 Path Indices:    1   5   1   7
 PDOS Poles:
     Freq. (THz)    Weight
        3.284       0.028931734
        7.382       0.037187349
       11.011       0.017685227
       23.116       0.112500058
       29.927       0.146530179
       31.343       0.240110890
       33.459       0.011021494
       38.125       0.138611748
       41.598       0.092928914
       43.828       0.068266328
       44.191       0.009069018
       91.105       0.019085346
       92.062       0.019544789
       93.175       0.041107389
       93.289       0.014528490
       93.892       0.002891039

 PDOS Einstein freq (single pole), associated temp and eff. force constant: 
 Freq (THz)   Temp (K)   Eff. FC (N/m)
  42.285      2029.30      58.2677

 pDOS n Moments, associated Einstein freqs, temps and eff. force constants:
  n     Mom (THz^n)   Freq (THz)     Temp (K)    Eff. FC (N/m)
 -2       0.00434      15.17974       728.49       7.5090
 -1       0.04189      23.87277      1145.68      18.5720
  0       1.00000     ---------     --------
  1      36.98261      36.98261      1774.83      44.5705
  2    1788.03377      42.28515      2029.30      58.2677

 Path Red. Mass (AMU):    0.497099
 Path Length (Ang), s^2 (1e-3 Ang^2): 11.4859  42.5872
--------------------------------------------------------------
 Path Indices:    1   5   1   8
 PDOS Poles:
     Freq. (THz)    Weight
        2.078       0.048123132
        7.250       0.057078056
       10.921       0.018778749
       23.096       0.013774933
       29.696       0.091447871
       32.049       0.079333753
       36.318       0.007515251
       37.938       0.386764243
       41.591       0.087757394
       43.826       0.088978075
       44.127       0.010354787
       91.105       0.023177359
       92.062       0.020130009
       93.175       0.005819982
       93.289       0.012626543
       93.892       0.048339842

 PDOS Einstein freq (single pole), associated temp and eff. force constant: 
 Freq (THz)   Temp (K)   Eff. FC (N/m)
  45.099      2164.34      66.2294

 pDOS n Moments, associated Einstein freqs, temps and eff. force constants:
  n     Mom (THz^n)   Freq (THz)     Temp (K)    Eff. FC (N/m)
 -2       0.01299       8.77424       421.08       2.5069
 -1       0.05487      18.22509       874.64      10.8157
  0       1.00000     ---------     --------
  1      39.47126      39.47126      1894.26      50.7317
  2    2033.91755      45.09898      2164.34      66.2294

 Path Red. Mass (AMU):    0.496716
 Path Length (Ang), s^2 (1e-3 Ang^2): 11.5284  55.8295
--------------------------------------------------------------
 Path Indices:    1   5   1   9
 PDOS Poles:
     Freq. (THz)    Weight
        2.905       0.060111368
        6.492       0.009304410
       19.799       0.027885267
       21.109       0.034790855
       25.381       0.004866005
       30.908       0.104450189
       34.555       0.005169670
       38.080       0.372028023
       41.566       0.053712687
       43.760       0.045885961
       44.122       0.015687292
       91.105       0.103176630
       92.062       0.003638051
       93.175       0.012228841
       93.289       0.140058517
       93.892       0.007006191

 PDOS Einstein freq (single pole), associated temp and eff. force constant: 
 Freq (THz)   Temp (K)   Eff. FC (N/m)
  56.224      2698.25     102.8963

 pDOS n Moments, associated Einstein freqs, temps and eff. force constants:
  n     Mom (THz^n)   Freq (THz)     Temp (K)    Eff. FC (N/m)
 -2       0.00797      11.20424       537.70       4.0862
 -1       0.04425      22.59924      1084.56      16.6242
  0       1.00000     ---------     --------
  1      48.74959      48.74959      2339.54      77.3564
  2    3161.15376      56.22414      2698.25     102.8963

 Path Red. Mass (AMU):    0.496530
 Path Length (Ang), s^2 (1e-3 Ang^2): 11.8944  45.0387
--------------------------------------------------------------
 Path Indices:    1   5   2   3
 PDOS Poles:
     Freq. (THz)    Weight
        2.903       0.037317102
        6.660       0.012303544
       10.042       0.001215175
       20.268       0.130006774
       26.086       0.000349175
       29.731       0.160264998
       30.929       0.185646217
       37.839       0.165760487
       38.237       0.111838650
       43.706       0.000138944
       44.190       0.000309224
       91.105       0.000011914
       92.062       0.096025471
       93.175       0.048795815
       93.289       0.000870598
       93.892       0.049145923

 PDOS Einstein freq (single pole), associated temp and eff. force constant: 
 Freq (THz)   Temp (K)   Eff. FC (N/m)
  49.538      2377.37     166.3101

 pDOS n Moments, associated Einstein freqs, temps and eff. force constants:
  n     Mom (THz^n)   Freq (THz)     Temp (K)    Eff. FC (N/m)
 -2       0.00563      13.33237       639.83      12.0464
 -1       0.04206      23.77544      1141.00      38.3090
  0       1.00000     ---------     --------
  1      42.00503      42.00503      2015.86     119.5766
  2    2454.00259      49.53789      2377.37     166.3101

 Path Red. Mass (AMU):    1.033796
 Path Length (Ang), s^2 (1e-3 Ang^2):  7.5287  20.5618
--------------------------------------------------------------
 Path Indices:    1   5   2   4
 PDOS Poles:
     Freq. (THz)    Weight
        3.404       0.025305080
        6.967       0.001497954
        8.593       0.000210479
       20.267       0.057342872
       23.266       0.000015509
       29.696       0.169035878
       32.185       0.010020618
       38.205       0.517373907
       41.601       0.000445200
       43.810       0.000907270
       44.224       0.002411168
       91.105       0.000034958
       92.062       0.209369648
       93.175       0.000196921
       93.289       0.005752268
       93.892       0.000080271

 PDOS Einstein freq (single pole), associated temp and eff. force constant: 
 Freq (THz)   Temp (K)   Eff. FC (N/m)
  52.660      2527.19     104.6004

 pDOS n Moments, associated Einstein freqs, temps and eff. force constants:
  n     Mom (THz^n)   Freq (THz)     Temp (K)    Eff. FC (N/m)
 -2       0.00294      18.44332       885.11      12.8307
 -1       0.03247      30.79471      1477.86      35.7706
  0       1.00000     ---------     --------
  1      46.37521      46.37521      2225.59      81.1233
  2    2773.06228      52.65987      2527.19     104.6004

 Path Red. Mass (AMU):    0.575393
 Path Length (Ang), s^2 (1e-3 Ang^2):  8.1148  28.5222
--------------------------------------------------------------
 Path Indices:    1   5   2   5
 PDOS Poles:
     Freq. (THz)    Weight
        2.385       0.012201961
        7.154       0.008041112
       14.679       0.000075808
       20.279       0.045253759
       29.619       0.078355579
       30.903       0.222616327
       35.386       0.002787720
       38.039       0.400011084
       39.069       0.009773761
       43.459       0.000484503
       44.157       0.001367816
       91.105       0.000018801
       92.062       0.110310088
       93.175       0.053636823
       93.289       0.001110896
       93.892       0.053953973

 PDOS Einstein freq (single pole), associated temp and eff. force constant: 
 Freq (THz)   Temp (K)   Eff. FC (N/m)
  52.795      2533.66     104.4285

 pDOS n Moments, associated Einstein freqs, temps and eff. force constants:
  n     Mom (THz^n)   Freq (THz)     Temp (K)    Eff. FC (N/m)
 -2       0.00305      18.11962       869.58      12.3009
 -1       0.03157      31.67291      1520.01      37.5851
  0       1.00000     ---------     --------
  1      46.30782      46.30782      2222.35      80.3430
  2    2787.27364      52.79464      2533.66     104.4285

 Path Red. Mass (AMU):    0.571519
 Path Length (Ang), s^2 (1e-3 Ang^2):  8.1139  27.9195
--------------------------------------------------------------
 Path Indices:    1   5   2   6
 PDOS Poles:
     Freq. (THz)    Weight
        2.875       0.027875963
        7.224       0.032830722
       11.030       0.021432083
       20.273       0.063109020
       29.838       0.035320852
       31.058       0.190079363
       35.322       0.004422277
       38.068       0.400312722
       40.605       0.004566921
       41.700       0.015546053
       43.950       0.000828622
       91.105       0.002595961
       92.062       0.103991701
       93.175       0.048136291
       93.289       0.000010906
       93.892       0.048940545

 PDOS Einstein freq (single pole), associated temp and eff. force constant: 
 Freq (THz)   Temp (K)   Eff. FC (N/m)
  51.180      2456.19     176.5986

 pDOS n Moments, associated Einstein freqs, temps and eff. force constants:
  n     Mom (THz^n)   Freq (THz)     Temp (K)    Eff. FC (N/m)
 -2       0.00488      14.30968       686.73      13.8051
 -1       0.03994      25.03636      1201.52      42.2594
  0       1.00000     ---------     --------
  1      43.94713      43.94713      2109.06     130.2091
  2    2619.42930      51.18036      2456.19     176.5986

 Path Red. Mass (AMU):    1.028423
 Path Length (Ang), s^2 (1e-3 Ang^2):  8.4488  19.6283
--------------------------------------------------------------
 Path Indices:    1   5   2   7
 PDOS Poles:
     Freq. (THz)    Weight
        3.803       0.012788593
        7.868       0.053599600
       11.355       0.024611928
       22.071       0.024535817
       24.003       0.022738135
       30.361       0.254400399
       31.928       0.166426435
       38.150       0.090335956
       41.597       0.088944605
       43.819       0.072396487
       43.985       0.014428618
       91.105       0.018576001
       92.062       0.063857208
       93.175       0.079368520
       93.289       0.012117866
       93.892       0.000873877

 PDOS Einstein freq (single pole), associated temp and eff. force constant: 
 Freq (THz)   Temp (K)   Eff. FC (N/m)
  48.845      2344.09      84.2768

 pDOS n Moments, associated Einstein freqs, temps and eff. force constants:
  n     Mom (THz^n)   Freq (THz)     Temp (K)    Eff. FC (N/m)
 -2       0.00265      19.42900       932.41      13.3345
 -1       0.03637      27.49658      1319.58      26.7075
  0       1.00000     ---------     --------
  1      42.00658      42.00658      2015.93      62.3319
  2    2385.79017      48.84455      2344.09      84.2768

 Path Red. Mass (AMU):    0.538849
 Path Length (Ang), s^2 (1e-3 Ang^2):  8.6515  34.1098
--------------------------------------------------------------
 Path Indices:    1   5   2   8
 PDOS Poles:
     Freq. (THz)    Weight
        2.706       0.016800898
        7.756       0.072438391
       11.402       0.024390412
       22.476       0.038804799
       24.691       0.015294115
       30.062       0.108614018
       32.347       0.088695356
       37.926       0.270071981
       41.581       0.086061366
       43.694       0.026979014
       43.901       0.072004346
       91.105       0.020381782
       92.062       0.064088576
       93.175       0.000171763
       93.289       0.009284828
       93.892       0.085918354

 PDOS Einstein freq (single pole), associated temp and eff. force constant: 
 Freq (THz)   Temp (K)   Eff. FC (N/m)
  50.072      2402.98      88.2056

 pDOS n Moments, associated Einstein freqs, temps and eff. force constants:
  n     Mom (THz^n)   Freq (THz)     Temp (K)    Eff. FC (N/m)
 -2       0.00430      15.24541       731.64       8.1770
 -1       0.03977      25.14280      1206.62      22.2403
  0       1.00000     ---------     --------
  1      43.13675      43.13675      2070.17      65.4649
  2    2507.16228      50.07157      2402.98      88.2056

 Path Red. Mass (AMU):    0.536667
 Path Length (Ang), s^2 (1e-3 Ang^2):  8.6460  37.4547
--------------------------------------------------------------
 Path Indices:    1   5   2   9
 PDOS Poles:
     Freq. (THz)    Weight
        2.979       0.019921878
        7.019       0.007882606
       11.067       0.001419237
       20.269       0.088079703
       29.704       0.008143849
       30.962       0.100913911
       36.843       0.006437622
       38.122       0.273119003
       41.585       0.030327295
       43.758       0.008808680
       44.212       0.015188033
       91.105       0.144431087
       92.062       0.026397845
       93.175       0.038740130
       93.289       0.202472767
       93.892       0.027716308

 PDOS Einstein freq (single pole), associated temp and eff. force constant: 
 Freq (THz)   Temp (K)   Eff. FC (N/m)
  66.414      3187.25     156.0619

 pDOS n Moments, associated Einstein freqs, temps and eff. force constants:
  n     Mom (THz^n)   Freq (THz)     Temp (K)    Eff. FC (N/m)
 -2       0.00302      18.19729       873.30      11.7164
 -1       0.02919      34.26398      1644.36      41.5390
  0       1.00000     ---------     --------
  1      58.93821      58.93821      2828.50     122.9064
  2    4410.78736      66.41376      3187.25     156.0618

 Path Red. Mass (AMU):    0.539724
 Path Length (Ang), s^2 (1e-3 Ang^2):  9.4282  27.3285
--------------------------------------------------------------
 Path Indices:    1   5   3   2
 PDOS Poles:
     Freq. (THz)    Weight
        2.400       0.021672690
        7.103       0.020333477
       11.007       0.005913183
       20.286       0.049033987
       23.284       0.007804538
       29.762       0.078748046
       30.975       0.058572215
       37.860       0.122200368
       38.285       0.049687444
       43.810       0.010591584
       44.218       0.002429215
       91.105       0.000033368
       92.062       0.269077164
       93.175       0.149051792
       93.289       0.002400815
       93.892       0.152450143

 PDOS Einstein freq (single pole), associated temp and eff. force constant: 
 Freq (THz)   Temp (K)   Eff. FC (N/m)
  73.246      3515.14     521.7212

 pDOS n Moments, associated Einstein freqs, temps and eff. force constants:
  n     Mom (THz^n)   Freq (THz)     Temp (K)    Eff. FC (N/m)
 -2       0.00469      14.59940       700.64      20.7272
 -1       0.03072      32.55699      1562.44     103.0766
  0       1.00000     ---------     --------
  1      65.89668      65.89668      3162.44     422.2783
  2    5364.96390      73.24591      3515.14     521.7212

 Path Red. Mass (AMU):    1.483416
 Path Length (Ang), s^2 (1e-3 Ang^2):  6.2023  10.4645
--------------------------------------------------------------
 Path Indices:    1   5   3   4
 PDOS Poles:
     Freq. (THz)    Weight
        3.404       0.034543332
        7.129       0.002757792
        9.808       0.000135670
       20.266       0.005196959
       23.193       0.000036656
       29.696       0.082229589
       32.181       0.000474728
       38.205       0.250682489
       41.597       0.000119848
       43.810       0.018098391
       44.224       0.001167040
       91.105       0.000073908
       92.062       0.587696695
       93.175       0.000351852
       93.289       0.016334096
       93.892       0.000100958

 PDOS Einstein freq (single pole), associated temp and eff. force constant: 
 Freq (THz)   Temp (K)   Eff. FC (N/m)
  74.877      3593.40     292.7096

 pDOS n Moments, associated Einstein freqs, temps and eff. force constants:
  n     Mom (THz^n)   Freq (THz)     Temp (K)    Eff. FC (N/m)
 -2       0.00340      17.16112       823.58      15.3757
 -1       0.02716      36.82268      1767.15      70.7904
  0       1.00000     ---------     --------
  1      68.80611      68.80611      3302.07     247.1712
  2    5606.51565      74.87667      3593.40     292.7096

 Path Red. Mass (AMU):    0.796407
 Path Length (Ang), s^2 (1e-3 Ang^2):  5.4612  17.2335
--------------------------------------------------------------
 Path Indices:    1   5   3   5
 PDOS Poles:
     Freq. (THz)    Weight
        3.292       0.024449786
        7.200       0.009114586
       10.934       0.000464623
       23.105       0.017192841
       29.487       0.024381832
       30.715       0.051669532
       32.651       0.001812171
       37.877       0.155102520
       38.290       0.072056855
       43.806       0.006127710
       44.025       0.000405631
       91.105       0.000035737
       92.062       0.299853771
       93.175       0.165190951
       93.289       0.002835590
       93.892       0.169305903

 PDOS Einstein freq (single pole), associated temp and eff. force constant: 
 Freq (THz)   Temp (K)   Eff. FC (N/m)
  76.913      3691.12     289.5061

 pDOS n Moments, associated Einstein freqs, temps and eff. force constants:
  n     Mom (THz^n)   Freq (THz)     Temp (K)    Eff. FC (N/m)
 -2       0.00279      18.94416       909.15      17.5635
 -1       0.02503      39.94751      1917.12      78.0979
  0       1.00000     ---------     --------
  1      70.99487      70.99487      3407.11     246.6685
  2    5915.58828      76.91286      3691.12     289.5061

 Path Red. Mass (AMU):    0.746536
 Path Length (Ang), s^2 (1e-3 Ang^2):  5.4612  16.9467
--------------------------------------------------------------
 Path Indices:    1   5   3   6
 PDOS Poles:
     Freq. (THz)    Weight
        2.995       0.042854443
        7.431       0.022944540
       12.794       0.001682349
       20.884       0.011307222
       24.383       0.004412454
       31.263       0.094943762
       33.101       0.019520580
       38.061       0.234417937
       41.546       0.028529659
       43.640       0.010861858
       44.013       0.010977750
       91.105       0.003907870
       92.062       0.239462909
       93.175       0.135232183
       93.289       0.001484009
       93.892       0.137460511

 PDOS Einstein freq (single pole), associated temp and eff. force constant: 
 Freq (THz)   Temp (K)   Eff. FC (N/m)
  70.818      3398.62     442.1274

 pDOS n Moments, associated Einstein freqs, temps and eff. force constants:
  n     Mom (THz^n)   Freq (THz)     Temp (K)    Eff. FC (N/m)
 -2       0.00560      13.36192       641.25      15.7398
 -1       0.03480      28.73927      1379.22      72.8135
  0       1.00000     ---------     --------
  1      63.38973      63.38973      3042.13     354.2406
  2    5015.18450      70.81797      3398.62     442.1274

 Path Red. Mass (AMU):    1.344782
 Path Length (Ang), s^2 (1e-3 Ang^2):  5.8853  13.0767
--------------------------------------------------------------
 Path Indices:    1   5   3   7
 PDOS Poles:
     Freq. (THz)    Weight
        3.353       0.013611879
        7.430       0.018526950
       11.092       0.006083897
       23.105       0.078592435
       27.659       0.002218685
       30.626       0.149013376
       32.089       0.130287160
       38.203       0.037898717
       41.602       0.080187569
       43.840       0.052024970
       44.221       0.011305617
       91.105       0.052746579
       92.062       0.136179975
       93.175       0.197682681
       93.289       0.032918076
       93.892       0.000721448

 PDOS Einstein freq (single pole), associated temp and eff. force constant: 
 Freq (THz)   Temp (K)   Eff. FC (N/m)
  65.090      3123.73     175.9660

 pDOS n Moments, associated Einstein freqs, temps and eff. force constants:
  n     Mom (THz^n)   Freq (THz)     Temp (K)    Eff. FC (N/m)
 -2       0.00219      21.39078      1026.56      19.0043
 -1       0.02841      35.19719      1689.14      51.4535
  0       1.00000     ---------     --------
  1      57.33721      57.33721      2751.66     136.5439
  2    4236.71663      65.09007      3123.73     175.9660

 Path Red. Mass (AMU):    0.633564
 Path Length (Ang), s^2 (1e-3 Ang^2):  6.5335  22.6635
--------------------------------------------------------------
 Path Indices:    1   5   3   8
 PDOS Poles:
     Freq. (THz)    Weight
        2.319       0.019271564
        7.309       0.025103422
       11.058       0.006125548
       23.080       0.024239430
       29.404       0.019734968
       31.978       0.102453656
       33.436       0.010424729
       37.887       0.201377761
       41.594       0.075681510
       43.828       0.059563298
       44.184       0.012023431
       91.105       0.055629167
       92.062       0.134270940
       93.175       0.000399610
       93.289       0.024695955
       93.892       0.229005010

 PDOS Einstein freq (single pole), associated temp and eff. force constant: 
 Freq (THz)   Temp (K)   Eff. FC (N/m)
  67.405      3234.83     184.7123

 pDOS n Moments, associated Einstein freqs, temps and eff. force constants:
  n     Mom (THz^n)   Freq (THz)     Temp (K)    Eff. FC (N/m)
 -2       0.00456      14.81590       711.03       8.9241
 -1       0.03108      32.17427      1544.07      42.0850
  0       1.00000     ---------     --------
  1      60.25200      60.25200      2891.55     147.5887
  2    4543.44980      67.40512      3234.83     184.7123

 Path Red. Mass (AMU):    0.620157
 Path Length (Ang), s^2 (1e-3 Ang^2):  6.5337  25.3290
--------------------------------------------------------------
 Path Indices:    1   5   3   9
 PDOS Poles:
     Freq. (THz)    Weight
        3.088       0.025315836
        7.689       0.003853001
       15.715       0.000709849
       20.435       0.032810121
       26.732       0.004128442
       30.053       0.095766690
       32.858       0.006641272
       38.126       0.187727750
       41.587       0.059364848
       43.776       0.031738363
       44.193       0.016785936
       91.105       0.126501095
       92.062       0.075408972
       93.175       0.078419289
       93.289       0.190565136
       93.892       0.064263374

 PDOS Einstein freq (single pole), associated temp and eff. force constant: 
 Freq (THz)   Temp (K)   Eff. FC (N/m)
  71.937      3452.34     203.7037

 pDOS n Moments, associated Einstein freqs, temps and eff. force constants:
  n     Mom (THz^n)   Freq (THz)     Temp (K)    Eff. FC (N/m)
 -2       0.00317      17.75835       852.24      12.4135
 -1       0.02713      36.86407      1769.14      53.4928
  0       1.00000     ---------     --------
  1      65.33875      65.33875      3135.66     168.0468
  2    5174.99974      71.93747      3452.34     203.7037

 Path Red. Mass (AMU):    0.600454
 Path Length (Ang), s^2 (1e-3 Ang^2):  6.5235  22.8319
--------------------------------------------------------------
 Path Indices:    1   5   4   2
 PDOS Poles:
     Freq. (THz)    Weight
        2.530       0.011832254
        7.365       0.008143134
       11.249       0.005242117
       20.348       0.021667292
       23.230       0.018003703
       29.726       0.060296443
       32.642       0.002902722
       38.170       0.146668171
       39.657       0.000683020
       43.810       0.101904626
       44.223       0.029865608
       91.105       0.000078727
       92.062       0.558887337
       93.175       0.006978039
       93.289       0.017823022
       93.892       0.009023780

 PDOS Einstein freq (single pole), associated temp and eff. force constant: 
 Freq (THz)   Temp (K)   Eff. FC (N/m)
  74.684      3584.14     269.8758

 pDOS n Moments, associated Einstein freqs, temps and eff. force constants:
  n     Mom (THz^n)   Freq (THz)     Temp (K)    Eff. FC (N/m)
 -2       0.00244      20.26061       972.32      19.8617
 -1       0.02350      42.55231      2042.12      87.6106
  0       1.00000     ---------     --------
  1      68.92524      68.92524      3307.78     229.8620
  2    5577.67592      74.68384      3584.14     269.8758

 Path Red. Mass (AMU):    0.738077
 Path Length (Ang), s^2 (1e-3 Ang^2):  7.4608  16.0917
--------------------------------------------------------------
 Path Indices:    1   5   4   3
 PDOS Poles:
     Freq. (THz)    Weight
        2.936       0.023417772
        6.816       0.006342355
       12.379       0.000117256
       20.398       0.007578751
       23.606       0.002710021
       29.884       0.042637701
       31.333       0.017759613
       37.875       0.049422510
       38.422       0.007237185
       43.811       0.102610694
       44.224       0.038282508
       91.105       0.000072798
       92.062       0.628054110
       93.175       0.023515407
       93.289       0.021846071
       93.892       0.028395250

 PDOS Einstein freq (single pole), associated temp and eff. force constant: 
 Freq (THz)   Temp (K)   Eff. FC (N/m)
  79.889      3833.95     260.2328

 pDOS n Moments, associated Einstein freqs, temps and eff. force constants:
  n     Mom (THz^n)   Freq (THz)     Temp (K)    Eff. FC (N/m)
 -2       0.00314      17.85062       856.67      12.9925
 -1       0.02371      42.17698      2024.11      72.5331
  0       1.00000     ---------     --------
  1      75.22259      75.22259      3610.00     230.7183
  2    6382.28979      79.88923      3833.95     260.2327

 Path Red. Mass (AMU):    0.621980
 Path Length (Ang), s^2 (1e-3 Ang^2):  6.1335  19.2652
--------------------------------------------------------------
 Path Indices:    1   5   4   5
 PDOS Poles:
     Freq. (THz)    Weight
        2.967       0.010394791
        6.558       0.002865479
        9.929       0.000463505
       20.280       0.002440449
       23.168       0.001333430
       29.718       0.019395221
       30.918       0.037323052
       37.817       0.033577362
       38.212       0.024551127
       43.811       0.227310501
       44.224       0.084213783
       91.105       0.000072619
       92.062       0.517861652
       93.175       0.009386291
       93.289       0.016831567
       93.892       0.011979175

 PDOS Einstein freq (single pole), associated temp and eff. force constant: 
 Freq (THz)   Temp (K)   Eff. FC (N/m)
  73.911      3547.08     155.4480

 pDOS n Moments, associated Einstein freqs, temps and eff. force constants:
  n     Mom (THz^n)   Freq (THz)     Temp (K)    Eff. FC (N/m)
 -2       0.00159      25.08570      1203.88      17.9066
 -1       0.02068      48.34906      2320.31      66.5177
  0       1.00000     ---------     --------
  1      69.00730      69.00730      3311.72     135.5037
  2    5462.90942      73.91150      3547.08     155.4480

 Path Red. Mass (AMU):    0.434063
 Path Length (Ang), s^2 (1e-3 Ang^2):  6.8058  24.0815
--------------------------------------------------------------
 Path Indices:    1   5   4   6
 PDOS Poles:
     Freq. (THz)    Weight
        2.928       0.021791086
        7.073       0.010011225
       11.685       0.000416253
       20.349       0.011085641
       23.153       0.027757361
       30.930       0.045293580
       32.318       0.016108215
       37.822       0.154074649
       41.592       0.011164441
       43.809       0.077420901
       44.222       0.029619106
       91.105       0.002066610
       92.062       0.553910784
       93.175       0.006827644
       93.289       0.018441818
       93.892       0.014010681

 PDOS Einstein freq (single pole), associated temp and eff. force constant: 
 Freq (THz)   Temp (K)   Eff. FC (N/m)
  74.710      3585.42     254.7934

 pDOS n Moments, associated Einstein freqs, temps and eff. force constants:
  n     Mom (THz^n)   Freq (THz)     Temp (K)    Eff. FC (N/m)
 -2       0.00313      17.88369       858.25      14.5996
 -1       0.02584      38.70047      1857.27      68.3688
  0       1.00000     ---------     --------
  1      68.77704      68.77704      3300.67     215.9299
  2    5581.64747      74.71042      3585.42     254.7934

 Path Red. Mass (AMU):    0.696333
 Path Length (Ang), s^2 (1e-3 Ang^2):  7.1957  18.7539
--------------------------------------------------------------
 Path Indices:    1   5   4   7
 PDOS Poles:
     Freq. (THz)    Weight
        3.419       0.010863747
        7.517       0.011156477
       11.379       0.002576369
       23.084       0.185011920
       23.987       0.006854649
       30.744       0.112954191
       32.111       0.079390019
       37.868       0.016120038
       41.601       0.073117514
       43.830       0.026599729
       44.223       0.053933916
       91.105       0.023809245
       92.062       0.344923475
       93.175       0.010251761
       93.289       0.002305478
       93.892       0.040131480

 PDOS Einstein freq (single pole), associated temp and eff. force constant: 
 Freq (THz)   Temp (K)   Eff. FC (N/m)
  64.671      3103.61     133.1195

 pDOS n Moments, associated Einstein freqs, temps and eff. force constants:
  n     Mom (THz^n)   Freq (THz)     Temp (K)    Eff. FC (N/m)
 -2       0.00185      23.26838      1116.67      17.2328
 -1       0.02792      35.82301      1719.18      40.8459
  0       1.00000     ---------     --------
  1      56.67258      56.67258      2719.77     102.2281
  2    4182.32082      64.67087      3103.61     133.1195

 Path Red. Mass (AMU):    0.485530
 Path Length (Ang), s^2 (1e-3 Ang^2):  7.5478  29.0568
--------------------------------------------------------------
 Path Indices:    1   5   4   8
 PDOS Poles:
     Freq. (THz)    Weight
        2.292       0.013310473
        7.220       0.015495181
       10.904       0.002902698
       21.482       0.000762012
       23.497       0.001831027
       29.747       0.012420712
       32.195       0.052008850
       37.815       0.166315196
       41.601       0.040319311
       43.828       0.078874990
       44.223       0.035159117
       91.105       0.046932283
       92.062       0.421374774
       93.175       0.099551384
       93.289       0.003737763
       93.892       0.009004246

 PDOS Einstein freq (single pole), associated temp and eff. force constant: 
 Freq (THz)   Temp (K)   Eff. FC (N/m)
  74.380      3569.56     155.8503

 pDOS n Moments, associated Einstein freqs, temps and eff. force constants:
  n     Mom (THz^n)   Freq (THz)     Temp (K)    Eff. FC (N/m)
 -2       0.00319      17.70070       849.47       8.8262
 -1       0.02462      40.60939      1948.88      46.4566
  0       1.00000     ---------     --------
  1      68.79377      68.79377      3301.47     133.3194
  2    5532.38919      74.38003      3569.56     155.8503

 Path Red. Mass (AMU):    0.429721
 Path Length (Ang), s^2 (1e-3 Ang^2):  8.1093  28.9611
--------------------------------------------------------------
 Path Indices:    1   5   4   9
 PDOS Poles:
     Freq. (THz)    Weight
        3.117       0.019544497
        8.256       0.006136770
       13.467       0.001212422
       20.421       0.044553428
       23.806       0.011044721
       29.981       0.125669209
       31.646       0.040344912
       37.848       0.102097710
       41.597       0.058262055
       43.809       0.131939729
       44.065       0.004767148
       91.105       0.062168354
       92.062       0.244561667
       93.175       0.000147411
       93.289       0.145543833
       93.892       0.002006070

 PDOS Einstein freq (single pole), associated temp and eff. force constant: 
 Freq (THz)   Temp (K)   Eff. FC (N/m)
  67.550      3241.76     130.8402

 pDOS n Moments, associated Einstein freqs, temps and eff. force constants:
  n     Mom (THz^n)   Freq (THz)     Temp (K)    Eff. FC (N/m)
 -2       0.00264      19.44618       933.24      10.8434
 -1       0.02736      36.55482      1754.30      38.3165
  0       1.00000     ---------     --------
  1      60.58141      60.58141      2907.35     105.2386
  2    4562.93869      67.54953      3241.76     130.8402

 Path Red. Mass (AMU):    0.437409
 Path Length (Ang), s^2 (1e-3 Ang^2):  7.5344  31.6077
--------------------------------------------------------------
 Path Indices:    1   5   6   2
 PDOS Poles:
     Freq. (THz)    Weight
        2.321       0.036217949
        7.208       0.066841026
       10.869       0.002087205
       20.289       0.054779925
       23.331       0.007235832
       30.814       0.074096493
       32.170       0.056543742
       38.171       0.052584021
       41.598       0.037960569
       43.555       0.000574497
       44.153       0.001047446
       91.105       0.005526006
       92.062       0.305765815
       93.175       0.130502193
       93.289       0.001408281
       93.892       0.166829030

 PDOS Einstein freq (single pole), associated temp and eff. force constant: 
 Freq (THz)   Temp (K)   Eff. FC (N/m)
  74.552      3577.82     973.5171

 pDOS n Moments, associated Einstein freqs, temps and eff. force constants:
  n     Mom (THz^n)   Freq (THz)     Temp (K)    Eff. FC (N/m)
 -2       0.00844      10.88625       522.44      20.7578
 -1       0.04115      24.30391      1166.37     103.4611
  0       1.00000     ---------     --------
  1      66.23624      66.23624      3178.74     768.4510
  2    5558.00305      74.55202      3577.82     973.5171

 Path Red. Mass (AMU):    2.671874
 Path Length (Ang), s^2 (1e-3 Ang^2):  8.1849   7.7828
--------------------------------------------------------------
 Path Indices:    1   5   6   3
 PDOS Poles:
     Freq. (THz)    Weight
        2.818       0.091843980
        5.642       0.025061464
        8.004       0.010192012
       20.274       0.055262948
       23.186       0.008005915
       30.880       0.073792196
       32.187       0.099323623
       38.143       0.028211339
       40.627       0.000337157
       41.605       0.044393363
       44.221       0.000974629
       91.105       0.005868237
       92.062       0.264952403
       93.175       0.126655211
       93.289       0.005974274
       93.892       0.159151312

 PDOS Einstein freq (single pole), associated temp and eff. force constant: 
 Freq (THz)   Temp (K)   Eff. FC (N/m)
  71.915      3451.24     870.9381

 pDOS n Moments, associated Einstein freqs, temps and eff. force constants:
  n     Mom (THz^n)   Freq (THz)     Temp (K)    Eff. FC (N/m)
 -2       0.01294       8.79004       421.84      13.0118
 -1       0.05475      18.26572       876.59      56.1860
  0       1.00000     ---------     --------
  1      62.47149      62.47149      2998.06     657.2310
  2    5171.69616      71.91451      3451.24     870.9381

 Path Red. Mass (AMU):    2.568890
 Path Length (Ang), s^2 (1e-3 Ang^2):  6.9477  10.7707
--------------------------------------------------------------
 Path Indices:    1   5   6   4
 PDOS Poles:
     Freq. (THz)    Weight
        3.405       0.070130572
        7.057       0.003634886
       10.577       0.000395924
       20.266       0.042683763
       23.102       0.000068955
       29.704       0.004040660
       32.185       0.087403214
       38.205       0.082056489
       41.603       0.026069531
       43.810       0.002699931
       44.224       0.006397986
       91.105       0.003435548
       92.062       0.642520858
       93.175       0.000704802
       93.289       0.027524645
       93.892       0.000232233

 PDOS Einstein freq (single pole), associated temp and eff. force constant: 
 Freq (THz)   Temp (K)   Eff. FC (N/m)
  77.570      3722.66     608.7895

 pDOS n Moments, associated Einstein freqs, temps and eff. force constants:
  n     Mom (THz^n)   Freq (THz)     Temp (K)    Eff. FC (N/m)
 -2       0.00647      12.42773       596.42      15.6265
 -1       0.03641      27.46214      1317.93      76.3038
  0       1.00000     ---------     --------
  1      70.80900      70.80900      3398.19     507.2879
  2    6017.13061      77.57017      3722.66     608.7894

 Path Red. Mass (AMU):    1.543366
 Path Length (Ang), s^2 (1e-3 Ang^2):  7.5858  11.9240
--------------------------------------------------------------
 Path Indices:    1   5   6   5
 PDOS Poles:
     Freq. (THz)    Weight
        2.340       0.086792708
        4.830       0.034736856
        7.895       0.010264312
       20.273       0.024896079
       23.160       0.006037208
       30.893       0.085235087
       32.185       0.086118144
       38.191       0.029098467
       41.602       0.038820231
       43.743       0.000491409
       44.219       0.003433575
       91.105       0.004962557
       92.062       0.284992613
       93.175       0.115576081
       93.289       0.009778225
       93.892       0.178766517

 PDOS Einstein freq (single pole), associated temp and eff. force constant: 
 Freq (THz)   Temp (K)   Eff. FC (N/m)
  73.650      3534.52     520.5978

 pDOS n Moments, associated Einstein freqs, temps and eff. force constants:
  n     Mom (THz^n)   Freq (THz)     Temp (K)    Eff. FC (N/m)
 -2       0.01786       7.48281       359.11       5.3739
 -1       0.06069      16.47803       790.79      26.0598
  0       1.00000     ---------     --------
  1      64.55581      64.55581      3098.09     399.9730
  2    5424.28413      73.64974      3534.52     520.5978

 Path Red. Mass (AMU):    1.464034
 Path Length (Ang), s^2 (1e-3 Ang^2):  7.5860  20.9496
--------------------------------------------------------------
 Path Indices:    1   5   6   7
 PDOS Poles:
     Freq. (THz)    Weight
        3.362       0.021896796
        7.473       0.024261605
       11.277       0.004388778
       21.250       0.003057526
       23.367       0.009772021
       30.780       0.087638693
       32.154       0.094654028
       37.988       0.012601995
       41.596       0.025460693
       42.946       0.000194172
       43.845       0.038496488
       91.105       0.117419393
       92.062       0.153143017
       93.175       0.306019776
       93.289       0.089809009
       93.892       0.011186047

 PDOS Einstein freq (single pole), associated temp and eff. force constant: 
 Freq (THz)   Temp (K)   Eff. FC (N/m)
  78.332      3759.21     398.5964

 pDOS n Moments, associated Einstein freqs, temps and eff. force constants:
  n     Mom (THz^n)   Freq (THz)     Temp (K)    Eff. FC (N/m)
 -2       0.00274      19.11293       917.25      23.7308
 -1       0.02565      38.99150      1871.24      98.7638
  0       1.00000     ---------     --------
  1      72.31079      72.31079      3470.26     339.6755
  2    6135.85895      78.33172      3759.21     398.5964

 Path Red. Mass (AMU):    0.990944
 Path Length (Ang), s^2 (1e-3 Ang^2):  6.5252  13.0799
--------------------------------------------------------------
 Path Indices:    1   5   6   8
 PDOS Poles:
     Freq. (THz)    Weight
        2.282       0.029362881
        7.218       0.034027621
       10.861       0.005466829
       20.836       0.001951888
       23.147       0.041145496
       30.002       0.006639250
       32.194       0.083666501
       37.878       0.030967381
       41.566       0.020305349
       41.885       0.002342769
       43.842       0.039147635
       91.105       0.119892692
       92.062       0.147655130
       93.175       0.027773994
       93.289       0.063294039
       93.892       0.346360557

 PDOS Einstein freq (single pole), associated temp and eff. force constant: 
 Freq (THz)   Temp (K)   Eff. FC (N/m)
  79.806      3829.95     395.7841

 pDOS n Moments, associated Einstein freqs, temps and eff. force constants:
  n     Mom (THz^n)   Freq (THz)     Temp (K)    Eff. FC (N/m)
 -2       0.00664      12.26859       588.78       9.3536
 -1       0.03262      30.65959      1471.38      58.4147
  0       1.00000     ---------     --------
  1      73.61846      73.61846      3533.01     336.7928
  2    6368.96646      79.80580      3829.95     395.7840

 Path Red. Mass (AMU):    0.947939
 Path Length (Ang), s^2 (1e-3 Ang^2):  6.5252  17.3894
--------------------------------------------------------------
 Path Indices:    1   5   6   9
 PDOS Poles:
     Freq. (THz)    Weight
        2.980       0.033286035
        6.581       0.006560573
       11.232       0.000675667
       20.290       0.036107900
       23.695       0.002010034
       29.848       0.041365198
       31.244       0.016335944
       38.188       0.031699353
       41.597       0.010023712
       43.788       0.003040890
       44.222       0.013066883
       91.105       0.239687663
       92.062       0.044573538
       93.175       0.064346333
       93.289       0.401695776
       93.892       0.055524422

 PDOS Einstein freq (single pole), associated temp and eff. force constant: 
 Freq (THz)   Temp (K)   Eff. FC (N/m)
  84.117      4036.84     386.0036

 pDOS n Moments, associated Einstein freqs, temps and eff. force constants:
  n     Mom (THz^n)   Freq (THz)     Temp (K)    Eff. FC (N/m)
 -2       0.00419      15.44911       741.42      13.0206
 -1       0.02614      38.25613      1835.94      79.8413
  0       1.00000     ---------     --------
  1      79.63662      79.63662      3821.83     345.9803
  2    7075.63705      84.11681      4036.84     386.0035

 Path Red. Mass (AMU):    0.832179
 Path Length (Ang), s^2 (1e-3 Ang^2):  6.5267  15.8748
--------------------------------------------------------------
 Path Indices:    1   5   7   2
 PDOS Poles:
     Freq. (THz)    Weight
        2.370       0.011356411
        7.488       0.042271253
       11.253       0.005348538
       22.844       0.025563430
       24.447       0.005701250
       30.502       0.115564806
       32.072       0.124127588
       38.007       0.013136666
       41.599       0.067972869
       43.360       0.000520903
       43.846       0.068093536
       91.105       0.080988504
       92.062       0.150426028
       93.175       0.235603341
       93.289       0.052690112
       93.892       0.000634800

 PDOS Einstein freq (single pole), associated temp and eff. force constant: 
 Freq (THz)   Temp (K)   Eff. FC (N/m)
  70.571      3386.76     262.5507

 pDOS n Moments, associated Einstein freqs, temps and eff. force constants:
  n     Mom (THz^n)   Freq (THz)     Temp (K)    Eff. FC (N/m)
 -2       0.00327      17.49955       839.82      16.1442
 -1       0.02909      34.37570      1649.72      62.2968
  0       1.00000     ---------     --------
  1      63.12243      63.12243      3029.30     210.0535
  2    4980.24370      70.57084      3386.76     262.5507

 Path Red. Mass (AMU):    0.804181
 Path Length (Ang), s^2 (1e-3 Ang^2):  9.3009  18.2819
--------------------------------------------------------------
 Path Indices:    1   5   7   3
 PDOS Poles:
     Freq. (THz)    Weight
        2.996       0.027911438
        7.230       0.008497751
       13.344       0.000515068
       20.810       0.009642932
       23.375       0.020081417
       30.623       0.117751223
       32.065       0.094248550
       37.936       0.016925347
       41.599       0.041212230
       43.832       0.023892820
       44.212       0.010228165
       91.105       0.126888980
       92.062       0.132475811
       93.175       0.271232541
       93.289       0.085062522
       93.892       0.013433233

 PDOS Einstein freq (single pole), associated temp and eff. force constant: 
 Freq (THz)   Temp (K)   Eff. FC (N/m)
  75.989      3646.75     270.2745

 pDOS n Moments, associated Einstein freqs, temps and eff. force constants:
  n     Mom (THz^n)   Freq (THz)     Temp (K)    Eff. FC (N/m)
 -2       0.00368      16.48824       791.29      12.7250
 -1       0.02765      36.16814      1735.74      61.2296
  0       1.00000     ---------     --------
  1      69.53091      69.53091      3336.85     226.2898
  2    5774.25255      75.98850      3646.75     270.2745

 Path Red. Mass (AMU):    0.714004
 Path Length (Ang), s^2 (1e-3 Ang^2):  8.5092  19.5703
--------------------------------------------------------------
 Path Indices:    1   5   7   4
 PDOS Poles:
     Freq. (THz)    Weight
        3.426       0.028583933
        7.646       0.008875560
       19.980       0.006885422
       23.059       0.097072196
       27.441       0.004047275
       30.679       0.053316337
       32.308       0.074669309
       38.087       0.083197030
       41.591       0.041743503
       43.807       0.050830250
       44.189       0.009089374
       91.105       0.080581656
       92.062       0.280995169
       93.175       0.111588407
       93.289       0.033796149
       93.892       0.034728448

 PDOS Einstein freq (single pole), associated temp and eff. force constant: 
 Freq (THz)   Temp (K)   Eff. FC (N/m)
  71.512      3431.94     213.5740

 pDOS n Moments, associated Einstein freqs, temps and eff. force constants:
  n     Mom (THz^n)   Freq (THz)     Temp (K)    Eff. FC (N/m)
 -2       0.00310      17.97212       862.50      13.4892
 -1       0.02867      34.87431      1673.65      50.7924
  0       1.00000     ---------     --------
  1      64.25534      64.25534      3083.67     172.4272
  2    5114.00417      71.51227      3431.94     213.5740

 Path Red. Mass (AMU):    0.637058
 Path Length (Ang), s^2 (1e-3 Ang^2):  8.8512  22.7479
--------------------------------------------------------------
 Path Indices:    1   5   7   5
 PDOS Poles:
     Freq. (THz)    Weight
        2.883       0.023007150
        7.056       0.006976857
       12.173       0.000556315
       22.089       0.006871758
       23.521       0.013289869
       30.689       0.093705019
       32.098       0.068533477
       38.067       0.016220058
       41.597       0.025448710
       43.827       0.014476743
       44.204       0.005385480
       91.105       0.149821671
       92.062       0.146276943
       93.175       0.312084327
       93.289       0.100373416
       93.892       0.016972240

 PDOS Einstein freq (single pole), associated temp and eff. force constant: 
 Freq (THz)   Temp (K)   Eff. FC (N/m)
  80.572      3866.74     236.9155

 pDOS n Moments, associated Einstein freqs, temps and eff. force constants:
  n     Mom (THz^n)   Freq (THz)     Temp (K)    Eff. FC (N/m)
 -2       0.00324      17.57410       843.40      11.2711
 -1       0.02441      40.96646      1966.02      61.2461
  0       1.00000     ---------     --------
  1      75.36259      75.36259      3616.72     207.2686
  2    6491.89691      80.57231      3866.74     236.9155

 Path Red. Mass (AMU):    0.556690
 Path Length (Ang), s^2 (1e-3 Ang^2):  9.4126  22.1607
--------------------------------------------------------------
 Path Indices:    1   5   7   6
 PDOS Poles:
     Freq. (THz)    Weight
        2.870       0.021701286
        6.921       0.012086153
       10.640       0.001768822
       20.295       0.004962024
       23.203       0.002781349
       30.852       0.051720880
       32.154       0.035003143
       38.202       0.017375476
       41.587       0.000720976
       43.839       0.004631798
       44.220       0.001797947
       91.105       0.160827244
       92.062       0.154026643
       93.175       0.363734679
       93.289       0.136012318
       93.892       0.030849300

 PDOS Einstein freq (single pole), associated temp and eff. force constant: 
 Freq (THz)   Temp (K)   Eff. FC (N/m)
  85.923      4123.51     350.6582

 pDOS n Moments, associated Einstein freqs, temps and eff. force constants:
  n     Mom (THz^n)   Freq (THz)     Temp (K)    Eff. FC (N/m)
 -2       0.00312      17.89806       858.94      15.2153
 -1       0.02235      44.74314      2147.26      95.0869
  0       1.00000     ---------     --------
  1      82.33563      82.33563      3951.36     321.9909
  2    7382.71360      85.92272      4123.51     350.6582

 Path Red. Mass (AMU):    0.724535
 Path Length (Ang), s^2 (1e-3 Ang^2):  7.4385  15.5898
--------------------------------------------------------------
 Path Indices:    1   5   7   8
 PDOS Poles:
     Freq. (THz)    Weight
        2.262       0.017021583
        7.193       0.021136986
       10.845       0.004895376
       23.094       0.004688629
       28.397       0.001606871
       30.008       0.029922377
       32.166       0.084341117
       37.840       0.011076099
       41.600       0.012228248
       43.822       0.023847158
       44.224       0.039325923
       91.105       0.327547845
       92.062       0.139964154
       93.175       0.058640697
       93.289       0.211043053
       93.892       0.012713848

 PDOS Einstein freq (single pole), associated temp and eff. force constant: 
 Freq (THz)   Temp (K)   Eff. FC (N/m)
  81.500      3911.27     243.7589

 pDOS n Moments, associated Einstein freqs, temps and eff. force constants:
  n     Mom (THz^n)   Freq (THz)     Temp (K)    Eff. FC (N/m)
 -2       0.00404      15.73364       755.07       9.0845
 -1       0.02496      40.06700      1922.85      58.9137
  0       1.00000     ---------     --------
  1      76.79262      76.79262      3685.34     216.4122
  2    6642.28801      81.50023      3911.27     243.7589

 Path Red. Mass (AMU):    0.559801
 Path Length (Ang), s^2 (1e-3 Ang^2):  8.1144  22.5325
--------------------------------------------------------------
 Path Indices:    1   5   7   9
 PDOS Poles:
     Freq. (THz)    Weight
        2.997       0.021295110
        6.784       0.004320482
       12.786       0.000156394
       20.325       0.018161854
       23.512       0.003354327
       30.261       0.029675368
       31.170       0.035099856
       38.189       0.033341736
       41.572       0.001893305
       43.839       0.035519425
       44.216       0.005121738
       91.105       0.458945794
       92.062       0.069318906
       93.175       0.255798046
       93.289       0.018747318
       93.892       0.009250395

 PDOS Einstein freq (single pole), associated temp and eff. force constant: 
 Freq (THz)   Temp (K)   Eff. FC (N/m)
  84.045      4033.38     245.8104

 pDOS n Moments, associated Einstein freqs, temps and eff. force constants:
  n     Mom (THz^n)   Freq (THz)     Temp (K)    Eff. FC (N/m)
 -2       0.00272      19.15662       919.34      12.7708
 -1       0.02158      46.34610      2224.19      74.7492
  0       1.00000     ---------     --------
  1      80.31631      80.31631      3854.45     224.4853
  2    7063.49945      84.04463      4033.38     245.8104

 Path Red. Mass (AMU):    0.530850
 Path Length (Ang), s^2 (1e-3 Ang^2):  8.1168  20.5419
--------------------------------------------------------------
 Path Indices:    1   5   8   2
 PDOS Poles:
     Freq. (THz)    Weight
        2.393       0.012161751
        7.380       0.038225976
       11.208       0.006508157
       22.992       0.136900299
       23.473       0.045813676
       29.914       0.023037550
       32.205       0.127925432
       37.851       0.097375001
       41.600       0.123007660
       43.770       0.034066366
       43.854       0.077185669
       91.105       0.044725767
       92.062       0.075332446
       93.175       0.001978517
       93.289       0.020799696
       93.892       0.134956049

 PDOS Einstein freq (single pole), associated temp and eff. force constant: 
 Freq (THz)   Temp (K)   Eff. FC (N/m)
  56.724      2722.23     194.5299

 pDOS n Moments, associated Einstein freqs, temps and eff. force constants:
  n     Mom (THz^n)   Freq (THz)     Temp (K)    Eff. FC (N/m)
 -2       0.00360      16.66961       799.99      16.7998
 -1       0.03455      28.94302      1389.00      50.6455
  0       1.00000     ---------     --------
  1      48.90113      48.90113      2346.81     144.5745
  2    3217.60438      56.72393      2722.23     194.5299

 Path Red. Mass (AMU):    0.922242
 Path Length (Ang), s^2 (1e-3 Ang^2):  8.7380  18.9338
--------------------------------------------------------------
 Path Indices:    1   5   8   3
 PDOS Poles:
     Freq. (THz)    Weight
        2.952       0.032011432
        7.301       0.013400274
       12.408       0.000692326
       20.630       0.009419473
       23.140       0.150495935
       30.053       0.016044251
       32.201       0.095775700
       37.842       0.103215613
       41.600       0.079814050
       43.812       0.078591749
       44.216       0.018404862
       91.105       0.086121515
       92.062       0.065474425
       93.175       0.015537595
       93.289       0.042598609
       93.892       0.192402193

 PDOS Einstein freq (single pole), associated temp and eff. force constant: 
 Freq (THz)   Temp (K)   Eff. FC (N/m)
  64.372      3089.28     219.8758

 pDOS n Moments, associated Einstein freqs, temps and eff. force constants:
  n     Mom (THz^n)   Freq (THz)     Temp (K)    Eff. FC (N/m)
 -2       0.00456      14.81369       710.92      11.6441
 -1       0.03439      29.08020      1395.58      44.8719
  0       1.00000     ---------     --------
  1      56.28778      56.28778      2701.30     168.1155
  2    4143.79239      64.37230      3089.28     219.8758

 Path Red. Mass (AMU):    0.809414
 Path Length (Ang), s^2 (1e-3 Ang^2):  7.9521  21.4712
--------------------------------------------------------------
 Path Indices:    1   5   8   4
 PDOS Poles:
     Freq. (THz)    Weight
        3.415       0.029145816
        7.654       0.007705734
       20.013       0.006747471
       23.066       0.090711635
       27.834       0.004707011
       30.714       0.057382703
       32.311       0.075095998
       38.093       0.082811558
       41.591       0.041782440
       43.803       0.051992831
       44.191       0.008465296
       91.105       0.082720674
       92.062       0.283589379
       93.175       0.118990761
       93.289       0.018033880
       93.892       0.040116827

 PDOS Einstein freq (single pole), associated temp and eff. force constant: 
 Freq (THz)   Temp (K)   Eff. FC (N/m)
  71.627      3437.44     216.6504

 pDOS n Moments, associated Einstein freqs, temps and eff. force constants:
  n     Mom (THz^n)   Freq (THz)     Temp (K)    Eff. FC (N/m)
 -2       0.00313      17.86472       857.34      13.4772
 -1       0.02862      34.94540      1677.06      51.5687
  0       1.00000     ---------     --------
  1      64.42968      64.42968      3092.04     175.2984
  2    5130.42556      71.62699      3437.44     216.6504

 Path Red. Mass (AMU):    0.644165
 Path Length (Ang), s^2 (1e-3 Ang^2):  8.8554  22.4511
--------------------------------------------------------------
 Path Indices:    1   5   8   5
 PDOS Poles:
     Freq. (THz)    Weight
        2.106       0.045694413
        7.286       0.026072885
       11.223       0.001552594
       22.886       0.095317482
       23.332       0.096407886
       30.920       0.017353422
       32.286       0.071788745
       37.873       0.116757090
       41.598       0.090552950
       43.806       0.101416035
       44.219       0.045244755
       91.105       0.054534853
       92.062       0.066432816
       93.175       0.006366737
       93.289       0.024105516
       93.892       0.140401815

 PDOS Einstein freq (single pole), associated temp and eff. force constant: 
 Freq (THz)   Temp (K)   Eff. FC (N/m)
  57.631      2765.77     141.5198

 pDOS n Moments, associated Einstein freqs, temps and eff. force constants:
  n     Mom (THz^n)   Freq (THz)     Temp (K)    Eff. FC (N/m)
 -2       0.01150       9.32516       447.52       3.7052
 -1       0.04824      20.72958       994.83      18.3098
  0       1.00000     ---------     --------
  1      49.32979      49.32979      2367.38     103.6861
  2    3321.35301      57.63118      2765.77     141.5198

 Path Red. Mass (AMU):    0.649970
 Path Length (Ang), s^2 (1e-3 Ang^2):  8.2980  37.5108
--------------------------------------------------------------
 Path Indices:    1   5   8   6
 PDOS Poles:
     Freq. (THz)    Weight
        2.909       0.029604892
        7.324       0.020411441
       11.549       0.001535204
       20.527       0.007274013
       23.136       0.092446213
       32.004       0.051510845
       33.306       0.005253924
       37.968       0.065454487
       41.565       0.010557292
       43.802       0.053343949
       44.195       0.007803551
       91.105       0.132720755
       92.062       0.092812194
       93.175       0.054029163
       93.289       0.086238983
       93.892       0.289003092

 PDOS Einstein freq (single pole), associated temp and eff. force constant: 
 Freq (THz)   Temp (K)   Eff. FC (N/m)
  77.450      3716.88     368.7419

 pDOS n Moments, associated Einstein freqs, temps and eff. force constants:
  n     Mom (THz^n)   Freq (THz)     Temp (K)    Eff. FC (N/m)
 -2       0.00429      15.26067       732.37      14.3163
 -1       0.02963      33.74656      1619.53      70.0071
  0       1.00000     ---------     --------
  1      70.82095      70.82095      3398.76     308.3236
  2    5998.45091      77.44967      3716.88     368.7419

 Path Red. Mass (AMU):    0.937723
 Path Length (Ang), s^2 (1e-3 Ang^2):  6.8812  15.9706
--------------------------------------------------------------
 Path Indices:    1   5   8   7
 PDOS Poles:
     Freq. (THz)    Weight
        3.299       0.015945746
        7.506       0.035751202
       10.980       0.005989383
       23.113       0.017543133
       29.610       0.018667028
       30.864       0.033339659
       32.193       0.120412759
       37.923       0.006704788
       41.602       0.038611815
       43.838       0.014474263
       44.224       0.036055193
       91.105       0.321395128
       92.062       0.091814516
       93.175       0.007703806
       93.289       0.205509801
       93.892       0.030081732

 PDOS Einstein freq (single pole), associated temp and eff. force constant: 
 Freq (THz)   Temp (K)   Eff. FC (N/m)
  76.983      3694.48     287.8777

 pDOS n Moments, associated Einstein freqs, temps and eff. force constants:
  n     Mom (THz^n)   Freq (THz)     Temp (K)    Eff. FC (N/m)
 -2       0.00248      20.06072       962.73      19.5484
 -1       0.02573      38.86075      1864.96      73.3568
  0       1.00000     ---------     --------
  1      70.78748      70.78748      3397.15     243.4057
  2    5926.38979      76.98305      3694.48     287.8777

 Path Red. Mass (AMU):    0.740984
 Path Length (Ang), s^2 (1e-3 Ang^2):  7.5571  17.5511
--------------------------------------------------------------
 Path Indices:    1   5   8   9
 PDOS Poles:
     Freq. (THz)    Weight
        3.019       0.025343962
        7.350       0.008238386
       18.411       0.002189307
       20.892       0.024944794
       23.268       0.062227315
       29.932       0.019109050
       33.686       0.001982520
       38.004       0.082895849
       41.552       0.011213287
       43.820       0.074679660
       44.195       0.013585968
       91.105       0.425950381
       92.062       0.028237980
       93.175       0.009234098
       93.289       0.058330128
       93.892       0.151837317

 PDOS Einstein freq (single pole), associated temp and eff. force constant: 
 Freq (THz)   Temp (K)   Eff. FC (N/m)
  77.946      3740.69     243.6363

 pDOS n Moments, associated Einstein freqs, temps and eff. force constants:
  n     Mom (THz^n)   Freq (THz)     Temp (K)    Eff. FC (N/m)
 -2       0.00333      17.34202       832.26      12.0603
 -1       0.02599      38.47934      1846.66      59.3761
  0       1.00000     ---------     --------
  1      72.23865      72.23865      3466.80     209.2647
  2    6075.54294      77.94577      3740.69     243.6362

 Path Red. Mass (AMU):    0.611713
 Path Length (Ang), s^2 (1e-3 Ang^2):  7.5591  21.4709
--------------------------------------------------------------
 Path Indices:    1   5   9   2
 PDOS Poles:
     Freq. (THz)    Weight
        2.428       0.013610865
        7.388       0.030132637
       10.899       0.003519045
       20.271       0.078113883
       23.637       0.000859979
       29.701       0.131509583
       32.217       0.013431540
       38.183       0.030529672
       41.602       0.074286675
       43.818       0.037226246
       44.222       0.015803100
       91.105       0.192089668
       92.062       0.030413563
       93.175       0.045550659
       93.289       0.268936698
       93.892       0.033986129

 PDOS Einstein freq (single pole), associated temp and eff. force constant: 
 Freq (THz)   Temp (K)   Eff. FC (N/m)
  72.992      3502.95     334.8716

 pDOS n Moments, associated Einstein freqs, temps and eff. force constants:
  n     Mom (THz^n)   Freq (THz)     Temp (K)    Eff. FC (N/m)
 -2       0.00340      17.14463       822.79      18.4750
 -1       0.02871      34.83560      1671.79      76.2735
  0       1.00000     ---------     --------
  1      65.64695      65.64695      3150.45     270.8670
  2    5327.84037      72.99206      3502.95     334.8716

 Path Red. Mass (AMU):    0.958779
 Path Length (Ang), s^2 (1e-3 Ang^2):  9.4992  15.1316
--------------------------------------------------------------
 Path Indices:    1   5   9   3
 PDOS Poles:
     Freq. (THz)    Weight
        2.968       0.035815177
        7.252       0.020227521
       10.742       0.004439047
       20.270       0.072574891
       23.485       0.000967704
       29.699       0.181476188
       32.202       0.021340987
       38.188       0.034847390
       41.602       0.114788352
       43.816       0.043646972
       44.223       0.026957312
       91.105       0.138357338
       92.062       0.032800490
       93.175       0.040637921
       93.289       0.199665774
       93.892       0.031456895

 PDOS Einstein freq (single pole), associated temp and eff. force constant: 
 Freq (THz)   Temp (K)   Eff. FC (N/m)
  66.292      3181.40     261.1984

 pDOS n Moments, associated Einstein freqs, temps and eff. force constants:
  n     Mom (THz^n)   Freq (THz)     Temp (K)    Eff. FC (N/m)
 -2       0.00507      14.04198       673.89      11.7195
 -1       0.03573      27.98957      1343.24      46.5633
  0       1.00000     ---------     --------
  1      58.07347      58.07347      2787.00     200.4503
  2    4394.59906      66.29177      3181.40     261.1984

 Path Red. Mass (AMU):    0.906656
 Path Length (Ang), s^2 (1e-3 Ang^2):  7.9208  19.9153
--------------------------------------------------------------
 Path Indices:    1   5   9   4
 PDOS Poles:
     Freq. (THz)    Weight
        3.397       0.040873998
        5.153       0.000655300
       11.013       0.007993258
       20.267       0.097956490
       23.641       0.000017536
       29.696       0.173979163
       32.184       0.015223089
       38.205       0.045053700
       41.603       0.131757471
       43.811       0.040700131
       44.225       0.027577628
       91.105       0.083215208
       92.062       0.166089697
       93.175       0.001949614
       93.289       0.166726682
       93.892       0.000230990

 PDOS Einstein freq (single pole), associated temp and eff. force constant: 
 Freq (THz)   Temp (K)   Eff. FC (N/m)
  64.847      3112.05     238.9623

 pDOS n Moments, associated Einstein freqs, temps and eff. force constants:
  n     Mom (THz^n)   Freq (THz)     Temp (K)    Eff. FC (N/m)
 -2       0.00427      15.29571       734.05      13.2952
 -1       0.03448      29.00428      1391.94      47.8056
  0       1.00000     ---------     --------
  1      56.70681      56.70681      2721.41     182.7364
  2    4205.08386      64.84662      3112.05     238.9623

 Path Red. Mass (AMU):    0.866854
 Path Length (Ang), s^2 (1e-3 Ang^2):  8.2595  20.1010
--------------------------------------------------------------
 Path Indices:    1   5   9   5
 PDOS Poles:
     Freq. (THz)    Weight
        2.916       0.041406502
        7.526       0.050016595
       10.936       0.006794765
       20.279       0.080153444
       23.561       0.002851465
       29.705       0.191507722
       32.230       0.021988375
       38.157       0.037854210
       41.602       0.135097906
       43.824       0.085673599
       44.221       0.032538087
       91.105       0.084402406
       92.062       0.035613193
       93.175       0.035886446
       93.289       0.127360961
       93.892       0.030854291

 PDOS Einstein freq (single pole), associated temp and eff. force constant: 
 Freq (THz)   Temp (K)   Eff. FC (N/m)
  58.667      2815.48     173.7030

 pDOS n Moments, associated Einstein freqs, temps and eff. force constants:
  n     Mom (THz^n)   Freq (THz)     Temp (K)    Eff. FC (N/m)
 -2       0.00645      12.45098       597.53       7.8240
 -1       0.04299      23.25949      1116.24      27.3037
  0       1.00000     ---------     --------
  1      50.00982      50.00982      2400.01     126.2209
  2    3441.80524      58.66690      2815.48     173.7029

 Path Red. Mass (AMU):    0.769861
 Path Length (Ang), s^2 (1e-3 Ang^2):  8.2559  28.2236
--------------------------------------------------------------
 Path Indices:    1   5   9   6
 PDOS Poles:
     Freq. (THz)    Weight
        2.906       0.033223325
        7.113       0.026193870
        8.659       0.005003177
       20.273       0.040646965
       23.461       0.001025697
       29.700       0.088858060
       33.375       0.000197259
       38.159       0.016917940
       41.600       0.020669545
       43.821       0.033084948
       44.220       0.008431470
       91.105       0.231317378
       92.062       0.030590311
       93.175       0.054067391
       93.289       0.371407919
       93.892       0.038364665

 PDOS Einstein freq (single pole), associated temp and eff. force constant: 
 Freq (THz)   Temp (K)   Eff. FC (N/m)
  80.358      3856.45     458.3388

 pDOS n Moments, associated Einstein freqs, temps and eff. force constants:
  n     Mom (THz^n)   Freq (THz)     Temp (K)    Eff. FC (N/m)
 -2       0.00485      14.36040       689.17      14.6373
 -1       0.03047      32.82408      1575.26      76.4739
  0       1.00000     ---------     --------
  1      74.32656      74.32656      3567.00     392.1178
  2    6457.40703      80.35799      3856.45     458.3388

 Path Red. Mass (AMU):    1.082729
 Path Length (Ang), s^2 (1e-3 Ang^2):  6.8616  14.2204
--------------------------------------------------------------
 Path Indices:    1   5   9   7
 PDOS Poles:
     Freq. (THz)    Weight
        3.384       0.020305006
        7.465       0.015693866
       13.835       0.000387757
       20.476       0.015678602
       23.311       0.018492752
       30.009       0.050185616
       31.689       0.019524037
       37.919       0.026460349
       40.582       0.000508732
       41.607       0.041803184
       44.224       0.007420687
       91.105       0.474935215
       92.062       0.047372632
       93.175       0.212049607
       93.289       0.039874170
       93.892       0.009307831

 PDOS Einstein freq (single pole), associated temp and eff. force constant: 
 Freq (THz)   Temp (K)   Eff. FC (N/m)
  82.595      3963.80     400.2837

 pDOS n Moments, associated Einstein freqs, temps and eff. force constants:
  n     Mom (THz^n)   Freq (THz)     Temp (K)    Eff. FC (N/m)
 -2       0.00234      20.65856       991.42      25.0416
 -1       0.02239      44.66006      2143.28     117.0308
  0       1.00000     ---------     --------
  1      78.14134      78.14134      3750.07     358.2805
  2    6821.91751      82.59490      3963.80     400.2837

 Path Red. Mass (AMU):    0.895061
 Path Length (Ang), s^2 (1e-3 Ang^2):  7.5384  12.6431
--------------------------------------------------------------
 Path Indices:    1   5   9   8
 PDOS Poles:
     Freq. (THz)    Weight
        2.402       0.024361595
        7.520       0.051195732
       12.634       0.000568123
       20.537       0.013723345
       23.250       0.031414911
       30.025       0.040710264
       31.902       0.011952806
       37.868       0.045974263
       41.597       0.034324978
       43.837       0.049520198
       44.201       0.006620607
       91.105       0.418971771
       92.062       0.041092609
       93.175       0.009038304
       93.289       0.045838165
       93.892       0.174692333

 PDOS Einstein freq (single pole), associated temp and eff. force constant: 
 Freq (THz)   Temp (K)   Eff. FC (N/m)
  78.431      3763.97     309.0188

 pDOS n Moments, associated Einstein freqs, temps and eff. force constants:
  n     Mom (THz^n)   Freq (THz)     Temp (K)    Eff. FC (N/m)
 -2       0.00544      13.55460       650.50       9.2296
 -1       0.03156      31.68623      1520.65      50.4372
  0       1.00000     ---------     --------
  1      72.17292      72.17292      3463.64     261.6726
  2    6151.41850      78.43098      3763.97     309.0188

 Path Red. Mass (AMU):    0.766304
 Path Length (Ang), s^2 (1e-3 Ang^2):  7.5381  20.8140
--------------------------------------------------------------
 Path Indices:    1   6   1   2
 PDOS Poles:
     Freq. (THz)    Weight
        3.407       0.061104300
        7.323       0.533931904
       11.010       0.025216523
       20.266       0.012519562
       24.757       0.000003256
       29.697       0.122675734
       32.185       0.079723807
       38.201       0.003919744
       41.603       0.137054255
       43.788       0.000102329
       44.223       0.000660660
       91.105       0.019720972
       92.062       0.000020841
       93.175       0.000000103
       93.289       0.003319170
       93.892       0.000026760

 PDOS Einstein freq (single pole), associated temp and eff. force constant: 
 Freq (THz)   Temp (K)   Eff. FC (N/m)
  25.802      1238.24     304.2689

 pDOS n Moments, associated Einstein freqs, temps and eff. force constants:
  n     Mom (THz^n)   Freq (THz)     Temp (K)    Eff. FC (N/m)
 -2       0.01576       7.96568       382.28      29.0009
 -1       0.10403       9.61269       461.32      42.2335
  0       1.00000     ---------     --------
  1      18.85458      18.85458       904.85     162.4803
  2     665.71839      25.80152      1238.24     304.2689

 Path Red. Mass (AMU):    6.972013
 Path Length (Ang), s^2 (1e-3 Ang^2): 11.4950   7.5409
--------------------------------------------------------------
 Path Indices:    1   6   1   3
 PDOS Poles:
     Freq. (THz)    Weight
        3.416       0.318683774
        7.315       0.300825477
       11.011       0.078455310
       20.266       0.134352922
       22.671       0.000181042
       29.685       0.000769811
       32.184       0.010872802
       38.205       0.055770920
       41.603       0.074162904
       43.811       0.008820272
       44.188       0.000024935
       91.105       0.013341743
       92.062       0.001739750
       93.175       0.000034753
       93.289       0.001852365
       93.892       0.000111229

 PDOS Einstein freq (single pole), associated temp and eff. force constant: 
 Freq (THz)   Temp (K)   Eff. FC (N/m)
  21.591      1036.17     155.1592

 pDOS n Moments, associated Einstein freqs, temps and eff. force constants:
  n     Mom (THz^n)   Freq (THz)     Temp (K)    Eff. FC (N/m)
 -2       0.03401       5.42251       260.23       9.7866
 -1       0.15218       6.57123       315.36      14.3722
  0       1.00000     ---------     --------
  1      14.41853      14.41853       691.96      69.1947
  2     466.17258      21.59103      1036.17     155.1592

 Path Red. Mass (AMU):    5.077175
 Path Length (Ang), s^2 (1e-3 Ang^2): 12.3931  15.1480
--------------------------------------------------------------
 Path Indices:    1   6   1   4
 PDOS Poles:
     Freq. (THz)    Weight
        2.994       0.088161297
        7.675       0.035491689
       12.432       0.006436075
       21.055       0.025461428
       25.022       0.010244810
       30.734       0.206476573
       33.854       0.009658150
       38.034       0.540447271
       41.364       0.018171863
       43.383       0.007841292
       43.940       0.020916284
       91.105       0.002435327
       92.062       0.014738198
       93.175       0.006446217
       93.289       0.000073414
       93.892       0.007000119

 PDOS Einstein freq (single pole), associated temp and eff. force constant: 
 Freq (THz)   Temp (K)   Eff. FC (N/m)
  36.867      1769.26      80.6642

 pDOS n Moments, associated Einstein freqs, temps and eff. force constants:
  n     Mom (THz^n)   Freq (THz)     Temp (K)    Eff. FC (N/m)
 -2       0.01118       9.45725       453.86       5.3081
 -1       0.05884      16.99398       815.56      17.1397
  0       1.00000     ---------     --------
  1      33.49127      33.49127      1607.28      66.5697
  2    1359.15111      36.86667      1769.26      80.6642

 Path Red. Mass (AMU):    0.905325
 Path Length (Ang), s^2 (1e-3 Ang^2): 12.4192  32.8493
--------------------------------------------------------------
 Path Indices:    1   6   1   5
 PDOS Poles:
     Freq. (THz)    Weight
        2.897       0.086917934
        7.594       0.038054880
       12.481       0.006039219
       21.102       0.026275715
       24.768       0.011785301
       30.739       0.192155506
       33.940       0.009001462
       38.032       0.521893056
       41.393       0.018410314
       43.587       0.016427225
       44.005       0.021689313
       91.105       0.002486497
       92.062       0.026012607
       93.175       0.011662877
       93.289       0.000009562
       93.892       0.011178536

 PDOS Einstein freq (single pole), associated temp and eff. force constant: 
 Freq (THz)   Temp (K)   Eff. FC (N/m)
  38.927      1868.16      89.9390

 pDOS n Moments, associated Einstein freqs, temps and eff. force constants:
  n     Mom (THz^n)   Freq (THz)     Temp (K)    Eff. FC (N/m)
 -2       0.01174       9.22906       442.91       5.0554
 -1       0.05932      16.85653       808.96      16.8645
  0       1.00000     ---------     --------
  1      34.71416      34.71416      1665.96      71.5240
  2    1515.33754      38.92734      1868.16      89.9390

 Path Red. Mass (AMU):    0.905378
 Path Length (Ang), s^2 (1e-3 Ang^2): 12.4866  33.1152
--------------------------------------------------------------
 Path Indices:    1   6   1   6
 PDOS Poles:
     Freq. (THz)    Weight
        3.412       0.154277211
        7.319       0.314644487
       11.012       0.055619607
       20.266       0.025727742
       22.907       0.000024950
       29.696       0.164957335
       32.185       0.083447174
       38.198       0.003669635
       41.603       0.168294603
       43.786       0.000141704
       44.223       0.000821052
       91.105       0.024240338
       92.062       0.000034673
       93.175       0.000000135
       93.289       0.004066194
       93.892       0.000033152

 PDOS Einstein freq (single pole), associated temp and eff. force constant: 
 Freq (THz)   Temp (K)   Eff. FC (N/m)
  28.347      1360.42     267.2576

 pDOS n Moments, associated Einstein freqs, temps and eff. force constants:
  n     Mom (THz^n)   Freq (THz)     Temp (K)    Eff. FC (N/m)
 -2       0.02002       7.06794       339.20      16.6146
 -1       0.10715       9.33306       447.90      28.9702
  0       1.00000     ---------     --------
  1      21.32650      21.32650      1023.48     151.2664
  2     803.57570      28.34741      1360.42     267.2576

 Path Red. Mass (AMU):    5.073346
 Path Length (Ang), s^2 (1e-3 Ang^2): 13.8109  10.6735
--------------------------------------------------------------
 Path Indices:    1   6   1   7
 PDOS Poles:
     Freq. (THz)    Weight
        2.567       0.029722022
        7.354       0.140329922
       10.996       0.063100470
       20.568       0.001736657
       23.123       0.096499016
       30.902       0.070560766
       32.192       0.186210417
       37.830       0.062040476
       41.602       0.089144220
       43.843       0.133810524
       44.212       0.004821271
       91.105       0.020517634
       92.062       0.001018054
       93.175       0.027805922
       93.289       0.039531229
       93.892       0.033151387

 PDOS Einstein freq (single pole), associated temp and eff. force constant: 
 Freq (THz)   Temp (K)   Eff. FC (N/m)
  43.525      2088.80     112.3271

 pDOS n Moments, associated Einstein freqs, temps and eff. force constants:
  n     Mom (THz^n)   Freq (THz)     Temp (K)    Eff. FC (N/m)
 -2       0.00825      11.01186       528.47       7.1900
 -1       0.05698      17.55000       842.24      18.2626
  0       1.00000     ---------     --------
  1      35.73380      35.73380      1714.90      75.7124
  2    1894.41742      43.52491      2088.80     112.3271

 Path Red. Mass (AMU):    0.904482
 Path Length (Ang), s^2 (1e-3 Ang^2): 14.1345  31.8382
--------------------------------------------------------------
 Path Indices:    1   6   1   8
 PDOS Poles:
     Freq. (THz)    Weight
        2.825       0.024924133
        7.345       0.144161185
       11.007       0.061717065
       20.583       0.002025353
       23.124       0.091326433
       30.916       0.068304376
       32.194       0.185007869
       37.831       0.062385170
       41.602       0.082113830
       43.841       0.132112615
       44.195       0.002614278
       91.105       0.026357087
       92.062       0.001205978
       93.175       0.044784218
       93.289       0.035250273
       93.892       0.035710144

 PDOS Einstein freq (single pole), associated temp and eff. force constant: 
 Freq (THz)   Temp (K)   Eff. FC (N/m)
  45.299      2173.94     121.6694

 pDOS n Moments, associated Einstein freqs, temps and eff. force constants:
  n     Mom (THz^n)   Freq (THz)     Temp (K)    Eff. FC (N/m)
 -2       0.00691      12.03079       577.37       8.5821
 -1       0.05430      18.41652       883.82      20.1103
  0       1.00000     ---------     --------
  1      37.04020      37.04020      1777.59      81.3487
  2    2052.00181      45.29903      2173.94     121.6694

 Path Red. Mass (AMU):    0.904472
 Path Length (Ang), s^2 (1e-3 Ang^2): 14.1770  30.3405
--------------------------------------------------------------
 Path Indices:    1   6   1   9
 PDOS Poles:
     Freq. (THz)    Weight
        3.413       0.056740087
        7.306       0.037860692
       10.405       0.001262840
       11.163       0.002606178
       20.267       0.082147363
       29.696       0.312481582
       32.185       0.006349035
       38.205       0.031041155
       41.603       0.039451456
       43.811       0.019528758
       44.225       0.026845765
       91.105       0.153266089
       92.062       0.005757919
       93.175       0.001745262
       93.289       0.222896983
       93.892       0.000018792

 PDOS Einstein freq (single pole), associated temp and eff. force constant: 
 Freq (THz)   Temp (K)   Eff. FC (N/m)
  61.634      2957.85     225.2056

 pDOS n Moments, associated Einstein freqs, temps and eff. force constants:
  n     Mom (THz^n)   Freq (THz)     Temp (K)    Eff. FC (N/m)
 -2       0.00629      12.61290       605.30       9.4314
 -1       0.04390      22.77856      1093.16      30.7608
  0       1.00000     ---------     --------
  1      51.98288      51.98288      2494.70     160.2013
  2    3798.68917      61.63351      2957.85     225.2056

 Path Red. Mass (AMU):    0.904350
 Path Length (Ang), s^2 (1e-3 Ang^2): 14.5430  24.5336
--------------------------------------------------------------
 Path Indices:    1   6   2   3
 PDOS Poles:
     Freq. (THz)    Weight
        3.418       0.087872967
        7.321       0.219410713
       11.016       0.149679085
       20.267       0.423818616
       22.860       0.000065112
       29.693       0.000459326
       32.179       0.000610669
       38.205       0.034266005
       41.603       0.059437779
       43.811       0.002052768
       44.225       0.004438328
       91.105       0.010577002
       92.062       0.000086424
       93.175       0.000066759
       93.289       0.007130678
       93.892       0.000027737

 PDOS Einstein freq (single pole), associated temp and eff. force constant: 
 Freq (THz)   Temp (K)   Eff. FC (N/m)
  22.869      1097.53     175.2961

 pDOS n Moments, associated Einstein freqs, temps and eff. force constants:
  n     Mom (THz^n)   Freq (THz)     Temp (K)    Eff. FC (N/m)
 -2       0.01394       8.46832       406.40      24.0356
 -1       0.09288      10.76637       516.69      38.8507
  0       1.00000     ---------     --------
  1      17.89340      17.89340       858.72     107.3114
  2     523.01270      22.86947      1097.53     175.2960

 Path Red. Mass (AMU):    5.112710
 Path Length (Ang), s^2 (1e-3 Ang^2):  9.1879   9.1813
--------------------------------------------------------------
 Path Indices:    1   6   2   4
 PDOS Poles:
     Freq. (THz)    Weight
        2.979       0.028910651
        7.279       0.031667137
       11.052       0.022061240
       20.276       0.064460379
       29.687       0.029389405
       31.024       0.204301625
       34.953       0.004547917
       38.066       0.412626994
       40.435       0.004480501
       41.686       0.016003084
       44.127       0.000681604
       91.105       0.002576247
       92.062       0.089692185
       93.175       0.042400462
       93.289       0.001170234
       93.892       0.045030341

 PDOS Einstein freq (single pole), associated temp and eff. force constant: 
 Freq (THz)   Temp (K)   Eff. FC (N/m)
  49.502      2375.63     166.3117

 pDOS n Moments, associated Einstein freqs, temps and eff. force constants:
  n     Mom (THz^n)   Freq (THz)     Temp (K)    Eff. FC (N/m)
 -2       0.00476      14.49330       695.55      14.2566
 -1       0.04024      24.85322      1192.73      41.9225
  0       1.00000     ---------     --------
  1      42.60242      42.60242      2044.53     123.1829
  2    2450.42263      49.50174      2375.63     166.3117

 Path Red. Mass (AMU):    1.035317
 Path Length (Ang), s^2 (1e-3 Ang^2):  9.7741  19.6413
--------------------------------------------------------------
 Path Indices:    1   6   2   5
 PDOS Poles:
     Freq. (THz)    Weight
        2.875       0.027875963
        7.224       0.032830722
       11.030       0.021432083
       20.273       0.063109020
       29.838       0.035320852
       31.058       0.190079363
       35.322       0.004422277
       38.068       0.400312722
       40.605       0.004566921
       41.700       0.015546053
       43.950       0.000828622
       91.105       0.002595961
       92.062       0.103991701
       93.175       0.048136291
       93.289       0.000010906
       93.892       0.048940545

 PDOS Einstein freq (single pole), associated temp and eff. force constant: 
 Freq (THz)   Temp (K)   Eff. FC (N/m)
  51.180      2456.19     176.5986

 pDOS n Moments, associated Einstein freqs, temps and eff. force constants:
  n     Mom (THz^n)   Freq (THz)     Temp (K)    Eff. FC (N/m)
 -2       0.00488      14.30968       686.73      13.8051
 -1       0.03994      25.03636      1201.52      42.2594
  0       1.00000     ---------     --------
  1      43.94713      43.94713      2109.06     130.2091
  2    2619.42930      51.18036      2456.19     176.5986

 Path Red. Mass (AMU):    1.028423
 Path Length (Ang), s^2 (1e-3 Ang^2):  9.7731  19.6283
--------------------------------------------------------------
 Path Indices:    1   6   2   6
 PDOS Poles:
     Freq. (THz)    Weight
        3.417       0.020538096
        7.324       0.229967511
       11.016       0.294952289
       20.267       0.140817865
       23.218       0.000013169
       29.696       0.122283836
       32.185       0.032988074
       38.205       0.008915800
       41.603       0.118782065
       43.788       0.000022706
       44.224       0.002293112
       91.105       0.017947118
       92.062       0.000183012
       93.175       0.000043280
       93.289       0.010241705
       93.892       0.000010303

 PDOS Einstein freq (single pole), associated temp and eff. force constant: 
 Freq (THz)   Temp (K)   Eff. FC (N/m)
  26.673      1280.08     225.2434

 pDOS n Moments, associated Einstein freqs, temps and eff. force constants:
  n     Mom (THz^n)   Freq (THz)     Temp (K)    Eff. FC (N/m)
 -2       0.00907      10.50072       503.94      34.9089
 -1       0.07973      12.54296       601.95      49.8079
  0       1.00000     ---------     --------
  1      20.54802      20.54802       986.12     133.6713
  2     711.46587      26.67332      1280.08     225.2434

 Path Red. Mass (AMU):    4.829356
 Path Length (Ang), s^2 (1e-3 Ang^2): 10.1080   8.3433
--------------------------------------------------------------
 Path Indices:    1   6   2   7
 PDOS Poles:
     Freq. (THz)    Weight
        2.720       0.007555444
        7.457       0.160109843
       11.013       0.136481539
       20.805       0.000915972
       23.123       0.075850938
       30.939       0.056677886
       32.197       0.160029768
       37.836       0.049397786
       41.601       0.083169866
       42.709       0.000146056
       43.844       0.153070119
       91.105       0.018831866
       92.062       0.001142407
       93.175       0.024245255
       93.289       0.042748036
       93.892       0.029627185

 PDOS Einstein freq (single pole), associated temp and eff. force constant: 
 Freq (THz)   Temp (K)   Eff. FC (N/m)
  42.491      2039.17     108.1167

 pDOS n Moments, associated Einstein freqs, temps and eff. force constants:
  n     Mom (THz^n)   Freq (THz)     Temp (K)    Eff. FC (N/m)
 -2       0.00556      13.41160       643.63      10.7712
 -1       0.05482      18.24099       875.40      19.9251
  0       1.00000     ---------     --------
  1      34.29247      34.29247      1645.73      70.4209
  2    1805.46238      42.49073      2039.17     108.1167

 Path Red. Mass (AMU):    0.913473
 Path Length (Ang), s^2 (1e-3 Ang^2): 10.3107  30.3306
--------------------------------------------------------------
 Path Indices:    1   6   2   8
 PDOS Poles:
     Freq. (THz)    Weight
        2.989       0.006180419
        7.421       0.161121332
       11.016       0.136154719
       21.270       0.001054329
       23.128       0.073794456
       30.950       0.055308250
       32.200       0.159198505
       37.836       0.049514869
       41.602       0.079675908
       43.842       0.151478678
       44.052       0.001424614
       91.105       0.021259356
       92.062       0.001225707
       93.175       0.037519523
       93.289       0.035664277
       93.892       0.029424986

 PDOS Einstein freq (single pole), associated temp and eff. force constant: 
 Freq (THz)   Temp (K)   Eff. FC (N/m)
  43.226      2074.47     111.5459

 pDOS n Moments, associated Einstein freqs, temps and eff. force constants:
  n     Mom (THz^n)   Freq (THz)     Temp (K)    Eff. FC (N/m)
 -2       0.00527      13.78129       661.38      11.3380
 -1       0.05417      18.46194       886.00      20.3476
  0       1.00000     ---------     --------
  1      34.80868      34.80868      1670.50      72.3325
  2    1868.50962      43.22626      2074.47     111.5459

 Path Red. Mass (AMU):    0.910646
 Path Length (Ang), s^2 (1e-3 Ang^2): 10.3052  30.0606
--------------------------------------------------------------
 Path Indices:    1   6   2   9
 PDOS Poles:
     Freq. (THz)    Weight
        3.417       0.016056762
        7.323       0.046439623
       11.016       0.037124408
       20.267       0.104801218
       21.509       0.000008675
       29.696       0.230480798
       32.185       0.005841124
       38.205       0.028210207
       41.603       0.016074202
       43.811       0.010684513
       44.225       0.012303592
       91.105       0.208045466
       92.062       0.007090199
       93.175       0.002038711
       93.289       0.274764485
       93.892       0.000035943

 PDOS Einstein freq (single pole), associated temp and eff. force constant: 
 Freq (THz)   Temp (K)   Eff. FC (N/m)
  67.596      3244.00     275.9523

 pDOS n Moments, associated Einstein freqs, temps and eff. force constants:
  n     Mom (THz^n)   Freq (THz)     Temp (K)    Eff. FC (N/m)
 -2       0.00317      17.76918       852.76      19.0688
 -1       0.03450      28.98593      1391.06      50.7416
  0       1.00000     ---------     --------
  1      58.15175      58.15175      2790.75     204.2278
  2    4569.24745      67.59621      3244.00     275.9523

 Path Red. Mass (AMU):    0.921257
 Path Length (Ang), s^2 (1e-3 Ang^2): 11.0874  18.9259
--------------------------------------------------------------
 Path Indices:    1   6   3   2
 PDOS Poles:
     Freq. (THz)    Weight
        3.412       0.029127872
        7.323       0.213877669
       10.998       0.003471284
       20.267       0.233897242
       22.554       0.000011869
       29.696       0.080619791
       32.185       0.254636300
       37.958       0.000019924
       41.603       0.136043298
       43.810       0.011233649
       44.225       0.008074620
       91.105       0.017391398
       92.062       0.010102336
       93.175       0.000000387
       93.289       0.001488645
       93.892       0.000003713

 PDOS Einstein freq (single pole), associated temp and eff. force constant: 
 Freq (THz)   Temp (K)   Eff. FC (N/m)
  30.967      1486.15     462.8216

 pDOS n Moments, associated Einstein freqs, temps and eff. force constants:
  n     Mom (THz^n)   Freq (THz)     Temp (K)    Eff. FC (N/m)
 -2       0.00752      11.53359       553.51      64.1996
 -1       0.06425      15.56359       746.91     116.9023
  0       1.00000     ---------     --------
  1      26.19747      26.19747      1257.24     331.2244
  2     958.98091      30.96742      1486.15     462.8216

 Path Red. Mass (AMU):    7.361985
 Path Length (Ang), s^2 (1e-3 Ang^2):  7.9507   4.4108
--------------------------------------------------------------
 Path Indices:    1   6   3   4
 PDOS Poles:
     Freq. (THz)    Weight
        3.076       0.045462202
        7.485       0.022469881
       12.712       0.001890261
       20.852       0.011595931
       24.532       0.003944116
       31.250       0.103278756
       33.097       0.020696495
       38.063       0.251691027
       41.541       0.029503069
       43.511       0.006070027
       43.951       0.012017021
       91.105       0.004000753
       92.062       0.219335426
       93.175       0.122652857
       93.289       0.011014923
       93.892       0.134377285

 PDOS Einstein freq (single pole), associated temp and eff. force constant: 
 Freq (THz)   Temp (K)   Eff. FC (N/m)
  69.431      3332.06     441.8159

 pDOS n Moments, associated Einstein freqs, temps and eff. force constants:
  n     Mom (THz^n)   Freq (THz)     Temp (K)    Eff. FC (N/m)
 -2       0.00563      13.32291       639.38      16.2679
 -1       0.03561      28.08448      1347.80      72.2879
  0       1.00000     ---------     --------
  1      61.81066      61.81066      2966.35     350.1546
  2    4820.67989      69.43112      3332.06     441.8159

 Path Red. Mass (AMU):    1.398055
 Path Length (Ang), s^2 (1e-3 Ang^2):  7.2095  12.8716
--------------------------------------------------------------
 Path Indices:    1   6   3   5
 PDOS Poles:
     Freq. (THz)    Weight
        2.995       0.042854443
        7.431       0.022944540
       12.794       0.001682349
       20.884       0.011307222
       24.383       0.004412454
       31.263       0.094943762
       33.101       0.019520580
       38.061       0.234417937
       41.546       0.028529659
       43.640       0.010861858
       44.013       0.010977750
       91.105       0.003907870
       92.062       0.239462909
       93.175       0.135232183
       93.289       0.001484009
       93.892       0.137460511

 PDOS Einstein freq (single pole), associated temp and eff. force constant: 
 Freq (THz)   Temp (K)   Eff. FC (N/m)
  70.818      3398.62     442.1274

 pDOS n Moments, associated Einstein freqs, temps and eff. force constants:
  n     Mom (THz^n)   Freq (THz)     Temp (K)    Eff. FC (N/m)
 -2       0.00560      13.36192       641.25      15.7398
 -1       0.03480      28.73927      1379.22      72.8135
  0       1.00000     ---------     --------
  1      63.38973      63.38973      3042.13     354.2406
  2    5015.18450      70.81797      3398.62     442.1274

 Path Red. Mass (AMU):    1.344782
 Path Length (Ang), s^2 (1e-3 Ang^2):  7.2096  13.0767
--------------------------------------------------------------
 Path Indices:    1   6   3   6
 PDOS Poles:
     Freq. (THz)    Weight
        3.403       0.009607908
        7.321       0.040392238
       10.843       0.000158566
       20.266       0.004808741
       23.163       0.000008348
       29.696       0.266510913
       32.185       0.439428415
       38.205       0.055526404
       41.603       0.126300263
       43.810       0.026485307
       44.224       0.005814271
       91.105       0.014143806
       92.062       0.009677779
       93.175       0.000000331
       93.289       0.001133514
       93.892       0.000003184

 PDOS Einstein freq (single pole), associated temp and eff. force constant: 
 Freq (THz)   Temp (K)   Eff. FC (N/m)
  35.576      1707.33     317.3721

 pDOS n Moments, associated Einstein freqs, temps and eff. force constants:
  n     Mom (THz^n)   Freq (THz)     Temp (K)    Eff. FC (N/m)
 -2       0.00245      20.18767       968.82     102.1931
 -1       0.03672      27.23392      1306.98     185.9816
  0       1.00000     ---------     --------
  1      33.56411      33.56411      1610.77     282.4879
  2    1265.66661      35.57621      1707.33     317.3721

 Path Red. Mass (AMU):    3.825082
 Path Length (Ang), s^2 (1e-3 Ang^2):  7.6336   4.8515
--------------------------------------------------------------
 Path Indices:    1   6   3   7
 PDOS Poles:
     Freq. (THz)    Weight
        2.858       0.011762525
        7.370       0.050531529
       11.035       0.017597248
       23.077       0.067755382
       24.918       0.001982406
       30.502       0.068105884
       32.161       0.327668897
       37.812       0.062407422
       41.602       0.044921110
       43.842       0.079734904
       44.222       0.014468608
       91.105       0.054000900
       92.062       0.000000412
       93.175       0.052552018
       93.289       0.071931162
       93.892       0.074579573

 PDOS Einstein freq (single pole), associated temp and eff. force constant: 
 Freq (THz)   Temp (K)   Eff. FC (N/m)
  54.599      2620.25     176.2754

 pDOS n Moments, associated Einstein freqs, temps and eff. force constants:
  n     Mom (THz^n)   Freq (THz)     Temp (K)    Eff. FC (N/m)
 -2       0.00318      17.72579       850.68      18.5796
 -1       0.03560      28.08887      1348.01      46.6545
  0       1.00000     ---------     --------
  1      46.72190      46.72190      2242.23     129.0822
  2    2981.03217      54.59883      2620.25     176.2754

 Path Red. Mass (AMU):    0.902020
 Path Length (Ang), s^2 (1e-3 Ang^2):  8.2818  19.9468
--------------------------------------------------------------
 Path Indices:    1   6   3   8
 PDOS Poles:
     Freq. (THz)    Weight
        3.082       0.010501065
        7.368       0.051329523
       11.056       0.016985223
       23.049       0.063838054
       24.302       0.003976088
       30.505       0.065059526
       32.161       0.326050140
       37.812       0.062002371
       41.602       0.042028662
       43.843       0.079972552
       44.221       0.011730855
       91.105       0.058635602
       92.062       0.000005017
       93.175       0.076410195
       93.289       0.057886966
       93.892       0.073588141

 PDOS Einstein freq (single pole), associated temp and eff. force constant: 
 Freq (THz)   Temp (K)   Eff. FC (N/m)
  55.495      2663.24     181.1380

 pDOS n Moments, associated Einstein freqs, temps and eff. force constants:
  n     Mom (THz^n)   Freq (THz)     Temp (K)    Eff. FC (N/m)
 -2       0.00285      18.73886       899.29      20.6534
 -1       0.03472      28.80115      1382.19      48.7894
  0       1.00000     ---------     --------
  1      47.52660      47.52660      2280.84     132.8555
  2    3079.66466      55.49473      2663.24     181.1380

 Path Red. Mass (AMU):    0.897217
 Path Length (Ang), s^2 (1e-3 Ang^2):  8.2821  19.5577
--------------------------------------------------------------
 Path Indices:    1   6   3   9
 PDOS Poles:
     Freq. (THz)    Weight
        3.413       0.020315600
        7.298       0.013687264
        8.423       0.000247743
       20.267       0.043462888
       21.735       0.000003590
       29.696       0.387674789
       32.185       0.005848254
       38.205       0.065420349
       41.603       0.028222507
       43.811       0.032611727
       44.225       0.020948542
       91.105       0.147735881
       92.062       0.010103183
       93.175       0.001672689
       93.289       0.222015523
       93.892       0.000029417

 PDOS Einstein freq (single pole), associated temp and eff. force constant: 
 Freq (THz)   Temp (K)   Eff. FC (N/m)
  62.237      2986.82     217.6807

 pDOS n Moments, associated Einstein freqs, temps and eff. force constants:
  n     Mom (THz^n)   Freq (THz)     Temp (K)    Eff. FC (N/m)
 -2       0.00269      19.28406       925.46      20.8986
 -1       0.03098      32.28238      1549.26      58.5666
  0       1.00000     ---------     --------
  1      54.04148      54.04148      2593.50     164.1246
  2    3873.47489      62.23725      2986.82     217.6807

 Path Red. Mass (AMU):    0.857256
 Path Length (Ang), s^2 (1e-3 Ang^2):  8.2719  18.2620
--------------------------------------------------------------
 Path Indices:    1   6   4   2
 PDOS Poles:
     Freq. (THz)    Weight
        3.706       0.007111754
        7.499       0.031574791
       11.623       0.003471642
       20.325       0.044541514
       23.167       0.060550107
       30.509       0.045359494
       32.119       0.072176286
       37.915       0.014348763
       41.598       0.024303149
       43.806       0.038415368
       44.221       0.016788682
       91.105       0.003270251
       92.062       0.306922423
       93.175       0.137175065
       93.289       0.017939293
       93.892       0.176051440

 PDOS Einstein freq (single pole), associated temp and eff. force constant: 
 Freq (THz)   Temp (K)   Eff. FC (N/m)
  76.594      3675.81     519.7042

 pDOS n Moments, associated Einstein freqs, temps and eff. force constants:
  n     Mom (THz^n)   Freq (THz)     Temp (K)    Eff. FC (N/m)
 -2       0.00157      25.22561      1210.60      56.3705
 -1       0.02410      41.50050      1991.65     152.5720
  0       1.00000     ---------     --------
  1      69.83236      69.83236      3351.32     431.9980
  2    5866.62043      76.59387      3675.81     519.7042

 Path Red. Mass (AMU):    1.351324
 Path Length (Ang), s^2 (1e-3 Ang^2):  9.1750   9.0118
--------------------------------------------------------------
 Path Indices:    1   6   4   3
 PDOS Poles:
     Freq. (THz)    Weight
        3.519       0.022366205
        7.584       0.019051952
       15.261       0.000743398
       20.769       0.017734557
       23.729       0.011666057
       30.012       0.023300733
       32.900       0.005581801
       38.004       0.081975806
       41.558       0.014085676
       43.762       0.015966606
       44.155       0.006258650
       91.105       0.002453626
       92.062       0.371383317
       93.175       0.171856700
       93.289       0.021546958
       93.892       0.214027995

 PDOS Einstein freq (single pole), associated temp and eff. force constant: 
 Freq (THz)   Temp (K)   Eff. FC (N/m)
  83.442      4004.46     453.6736

 pDOS n Moments, associated Einstein freqs, temps and eff. force constants:
  n     Mom (THz^n)   Freq (THz)     Temp (K)    Eff. FC (N/m)
 -2       0.00240      20.40961       979.48      27.1420
 -1       0.02263      44.19538      2120.97     127.2699
  0       1.00000     ---------     --------
  1      78.97068      78.97068      3789.87     406.3532
  2    6962.60251      83.44221      4004.46     453.6736

 Path Red. Mass (AMU):    0.993947
 Path Length (Ang), s^2 (1e-3 Ang^2):  7.8477  11.5049
--------------------------------------------------------------
 Path Indices:    1   6   4   5
 PDOS Poles:
     Freq. (THz)    Weight
        2.928       0.021791086
        7.073       0.010011225
       11.685       0.000416253
       20.349       0.011085641
       23.153       0.027757361
       30.930       0.045293580
       32.318       0.016108215
       37.822       0.154074649
       41.592       0.011164441
       43.809       0.077420901
       44.222       0.029619106
       91.105       0.002066610
       92.062       0.553910784
       93.175       0.006827644
       93.289       0.018441818
       93.892       0.014010681

 PDOS Einstein freq (single pole), associated temp and eff. force constant: 
 Freq (THz)   Temp (K)   Eff. FC (N/m)
  74.710      3585.42     254.7934

 pDOS n Moments, associated Einstein freqs, temps and eff. force constants:
  n     Mom (THz^n)   Freq (THz)     Temp (K)    Eff. FC (N/m)
 -2       0.00313      17.88369       858.25      14.5996
 -1       0.02584      38.70047      1857.27      68.3688
  0       1.00000     ---------     --------
  1      68.77704      68.77704      3300.67     215.9299
  2    5581.64747      74.71042      3585.42     254.7934

 Path Red. Mass (AMU):    0.696333
 Path Length (Ang), s^2 (1e-3 Ang^2):  8.5200  18.7539
--------------------------------------------------------------
 Path Indices:    1   6   4   6
 PDOS Poles:
     Freq. (THz)    Weight
        3.261       0.002300916
        7.658       0.006490660
       19.219       0.003972937
       22.883       0.065626761
       27.135       0.009959440
       30.157       0.096153435
       32.811       0.024759681
       37.956       0.233051414
       41.509       0.015520079
       43.768       0.039598407
       44.165       0.014893315
       91.105       0.002217399
       92.062       0.233538055
       93.175       0.104324642
       93.289       0.013630912
       93.892       0.133961961

 PDOS Einstein freq (single pole), associated temp and eff. force constant: 
 Freq (THz)   Temp (K)   Eff. FC (N/m)
  69.484      3334.62     273.8361

 pDOS n Moments, associated Einstein freqs, temps and eff. force constants:
  n     Mom (THz^n)   Freq (THz)     Temp (K)    Eff. FC (N/m)
 -2       0.00086      34.07804      1635.44      65.8665
 -1       0.02195      45.56339      2186.63     117.7463
  0       1.00000     ---------     --------
  1      62.77040      62.77040      3012.41     223.4729
  2    4828.09295      69.48448      3334.62     273.8361

 Path Red. Mass (AMU):    0.865180
 Path Length (Ang), s^2 (1e-3 Ang^2):  8.9099  12.8204
--------------------------------------------------------------
 Path Indices:    1   6   4   7
 PDOS Poles:
     Freq. (THz)    Weight
        3.018       0.007655796
        7.478       0.021992280
       11.381       0.005197590
       23.078       0.234058298
       24.435       0.007435938
       30.284       0.069125574
       32.146       0.151532900
       38.144       0.056221715
       41.594       0.036265309
       43.684       0.008736054
       43.830       0.121591358
       91.105       0.017227748
       92.062       0.104304971
       93.175       0.002990324
       93.289       0.006149842
       93.892       0.149514397

 PDOS Einstein freq (single pole), associated temp and eff. force constant: 
 Freq (THz)   Temp (K)   Eff. FC (N/m)
  56.307      2702.20     107.4123

 pDOS n Moments, associated Einstein freqs, temps and eff. force constants:
  n     Mom (THz^n)   Freq (THz)     Temp (K)    Eff. FC (N/m)
 -2       0.00211      21.78114      1045.30      16.0730
 -1       0.03171      31.53603      1513.44      33.6938
  0       1.00000     ---------     --------
  1      48.22107      48.22107      2314.17      78.7789
  2    3170.42888      56.30656      2702.20     107.4123

 Path Red. Mass (AMU):    0.516806
 Path Length (Ang), s^2 (1e-3 Ang^2):  9.2620  31.0092
--------------------------------------------------------------
 Path Indices:    1   6   4   8
 PDOS Poles:
     Freq. (THz)    Weight
        3.156       0.006338558
        7.408       0.025274630
       11.148       0.005460278
       20.740       0.000793159
       29.727       0.024141861
       32.090       0.133529864
       35.145       0.003176517
       37.909       0.221170630
       41.556       0.017271052
       43.469       0.002595891
       43.838       0.066302824
       91.105       0.043583925
       92.062       0.182445438
       93.175       0.253071834
       93.289       0.009126253
       93.892       0.005717337

 PDOS Einstein freq (single pole), associated temp and eff. force constant: 
 Freq (THz)   Temp (K)   Eff. FC (N/m)
  69.858      3352.56     163.9678

 pDOS n Moments, associated Einstein freqs, temps and eff. force constants:
  n     Mom (THz^n)   Freq (THz)     Temp (K)    Eff. FC (N/m)
 -2       0.00156      25.32112      1215.18      21.5421
 -1       0.02417      41.37558      1985.65      57.5190
  0       1.00000     ---------     --------
  1      63.25567      63.25567      3035.69     134.4379
  2    4880.17897      69.85828      3352.56     163.9678

 Path Red. Mass (AMU):    0.512524
 Path Length (Ang), s^2 (1e-3 Ang^2):  9.8235  23.8323
--------------------------------------------------------------
 Path Indices:    1   6   4   9
 PDOS Poles:
     Freq. (THz)    Weight
        3.554       0.013519151
        7.895       0.012045881
       18.318       0.004588415
       20.725       0.056709972
       23.959       0.018472652
       29.764       0.352314457
       32.269       0.005825121
       37.900       0.114628992
       41.581       0.029559824
       43.769       0.010348683
       44.215       0.035673197
       91.105       0.057685382
       92.062       0.063273733
       93.175       0.028996969
       93.289       0.145306915
       93.892       0.051050624

 PDOS Einstein freq (single pole), associated temp and eff. force constant: 
 Freq (THz)   Temp (K)   Eff. FC (N/m)
  60.352      2896.35     120.4706

 pDOS n Moments, associated Einstein freqs, temps and eff. force constants:
  n     Mom (THz^n)   Freq (THz)     Temp (K)    Eff. FC (N/m)
 -2       0.00201      22.32875      1071.58      16.4902
 -1       0.02962      33.76461      1620.39      37.7069
  0       1.00000     ---------     --------
  1      52.25435      52.25435      2507.73      90.3113
  2    3642.36884      60.35204      2896.35     120.4706

 Path Red. Mass (AMU):    0.504532
 Path Length (Ang), s^2 (1e-3 Ang^2):  9.2486  29.6671
--------------------------------------------------------------
 Path Indices:    1   6   5   2
 PDOS Poles:
     Freq. (THz)    Weight
        3.701       0.007052993
        7.489       0.031769072
       11.597       0.003615399
       20.326       0.043651267
       23.166       0.061788478
       30.496       0.044579932
       32.117       0.071702366
       37.917       0.013391619
       41.598       0.024337344
       43.807       0.038923193
       44.221       0.016861769
       91.105       0.003287431
       92.062       0.316127646
       93.175       0.146887737
       93.289       0.003734549
       93.892       0.172289236

 PDOS Einstein freq (single pole), associated temp and eff. force constant: 
 Freq (THz)   Temp (K)   Eff. FC (N/m)
  76.624      3677.24     521.2956

 pDOS n Moments, associated Einstein freqs, temps and eff. force constants:
  n     Mom (THz^n)   Freq (THz)     Temp (K)    Eff. FC (N/m)
 -2       0.00157      25.21118      1209.91      56.4345
 -1       0.02410      41.49734      1991.49     152.8970
  0       1.00000     ---------     --------
  1      69.87199      69.87199      3353.22     433.4757
  2    5871.18179      76.62364      3677.24     521.2956

 Path Red. Mass (AMU):    1.354409
 Path Length (Ang), s^2 (1e-3 Ang^2):  9.1742   8.9920
--------------------------------------------------------------
 Path Indices:    1   6   5   3
 PDOS Poles:
     Freq. (THz)    Weight
        3.518       0.022378376
        7.580       0.019148790
       15.317       0.000746050
       20.786       0.017742318
       23.689       0.012802865
       30.012       0.023150637
       32.897       0.005622651
       38.006       0.081967183
       41.558       0.014068475
       43.764       0.016231016
       44.155       0.006324722
       91.105       0.002474804
       92.062       0.383460503
       93.175       0.181602880
       93.289       0.004326485
       93.892       0.207952287

 PDOS Einstein freq (single pole), associated temp and eff. force constant: 
 Freq (THz)   Temp (K)   Eff. FC (N/m)
  83.352      4000.11     454.2658

 pDOS n Moments, associated Einstein freqs, temps and eff. force constants:
  n     Mom (THz^n)   Freq (THz)     Temp (K)    Eff. FC (N/m)
 -2       0.00241      20.38538       978.31      27.1719
 -1       0.02268      44.08392      2115.63     127.0701
  0       1.00000     ---------     --------
  1      78.85378      78.85378      3784.26     406.5632
  2    6947.47593      83.35152      4000.11     454.2658

 Path Red. Mass (AMU):    0.997411
 Path Length (Ang), s^2 (1e-3 Ang^2):  7.8479  11.4940
--------------------------------------------------------------
 Path Indices:    1   6   5   4
 PDOS Poles:
     Freq. (THz)    Weight
        3.013       0.022825302
        7.123       0.009584251
       11.884       0.000431801
       20.358       0.011357997
       23.158       0.027085178
       30.949       0.050241976
       32.358       0.015858366
       37.824       0.160059449
       41.590       0.011356717
       43.808       0.073220053
       44.222       0.027980773
       91.105       0.002097535
       92.062       0.546539606
       93.175       0.012105464
       93.289       0.013387167
       93.892       0.015868369

 PDOS Einstein freq (single pole), associated temp and eff. force constant: 
 Freq (THz)   Temp (K)   Eff. FC (N/m)
  74.429      3571.89     259.3674

 pDOS n Moments, associated Einstein freqs, temps and eff. force constants:
  n     Mom (THz^n)   Freq (THz)     Temp (K)    Eff. FC (N/m)
 -2       0.00309      17.98313       863.03      15.1414
 -1       0.02601      38.44752      1845.13      69.2105
  0       1.00000     ---------     --------
  1      68.41337      68.41337      3283.22     219.1379
  2    5539.61894      74.42862      3571.89     259.3674

 Path Red. Mass (AMU):    0.714211
 Path Length (Ang), s^2 (1e-3 Ang^2):  8.5202  18.4047
--------------------------------------------------------------
 Path Indices:    1   6   5   6
 PDOS Poles:
     Freq. (THz)    Weight
        3.051       0.002677140
        7.645       0.006581202
       19.107       0.003595942
       22.871       0.066044034
       26.927       0.009505678
       30.143       0.096453838
       32.785       0.025465710
       37.959       0.230450568
       41.508       0.015390187
       43.770       0.040197565
       44.163       0.015110373
       91.105       0.002224649
       92.062       0.240620242
       93.175       0.111690997
       93.289       0.002834169
       93.892       0.131157727

 PDOS Einstein freq (single pole), associated temp and eff. force constant: 
 Freq (THz)   Temp (K)   Eff. FC (N/m)
  69.510      3335.83     274.4721

 pDOS n Moments, associated Einstein freqs, temps and eff. force constants:
  n     Mom (THz^n)   Freq (THz)     Temp (K)    Eff. FC (N/m)
 -2       0.00093      32.72748      1570.62      60.8460
 -1       0.02211      45.22763      2170.51     116.2023
  0       1.00000     ---------     --------
  1      62.78963      62.78963      3013.33     223.9665
  2    4831.60093      69.50972      3335.83     274.4721

 Path Red. Mass (AMU):    0.866560
 Path Length (Ang), s^2 (1e-3 Ang^2):  8.9103  12.8950
--------------------------------------------------------------
 Path Indices:    1   6   5   7
 PDOS Poles:
     Freq. (THz)    Weight
        2.968       0.007107823
        7.432       0.024857808
       11.171       0.005503715
       20.895       0.000921616
       29.633       0.022625355
       32.026       0.132881785
       33.890       0.006421118
       37.905       0.222170317
       41.451       0.015660934
       42.089       0.003749483
       43.836       0.070218001
       91.105       0.040533647
       92.062       0.187470849
       93.175       0.224882040
       93.289       0.029771987
       93.892       0.005223551

 PDOS Einstein freq (single pole), associated temp and eff. force constant: 
 Freq (THz)   Temp (K)   Eff. FC (N/m)
  69.545      3337.54     163.4813

 pDOS n Moments, associated Einstein freqs, temps and eff. force constants:
  n     Mom (THz^n)   Freq (THz)     Temp (K)    Eff. FC (N/m)
 -2       0.00172      24.08734      1155.97      19.6114
 -1       0.02458      40.68628      1952.57      55.9536
  0       1.00000     ---------     --------
  1      62.90968      62.90968      3019.09     133.7725
  2    4836.55662      69.54536      3337.54     163.4813

 Path Red. Mass (AMU):    0.515612
 Path Length (Ang), s^2 (1e-3 Ang^2):  9.8236  24.0909
--------------------------------------------------------------
 Path Indices:    1   6   5   8
 PDOS Poles:
     Freq. (THz)    Weight
        3.200       0.006880417
        7.468       0.022170148
       11.337       0.005013539
       23.092       0.234567112
       24.905       0.003992253
       30.293       0.067148412
       32.146       0.151611589
       38.147       0.056439071
       41.589       0.034394004
       42.864       0.000505725
       43.815       0.128075588
       91.105       0.019483983
       92.062       0.108628353
       93.175       0.001050608
       93.289       0.010360415
       93.892       0.149678793

 PDOS Einstein freq (single pole), associated temp and eff. force constant: 
 Freq (THz)   Temp (K)   Eff. FC (N/m)
  56.898      2730.60     109.9536

 pDOS n Moments, associated Einstein freqs, temps and eff. force constants:
  n     Mom (THz^n)   Freq (THz)     Temp (K)    Eff. FC (N/m)
 -2       0.00193      22.74152      1091.39      17.5651
 -1       0.03116      32.08869      1539.96      34.9715
  0       1.00000     ---------     --------
  1      48.77870      48.77870      2340.93      80.8110
  2    3237.42164      56.89834      2730.60     109.9536

 Path Red. Mass (AMU):    0.518086
 Path Length (Ang), s^2 (1e-3 Ang^2):  9.2663  30.3998
--------------------------------------------------------------
 Path Indices:    1   6   5   9
 PDOS Poles:
     Freq. (THz)    Weight
        3.557       0.013356753
        7.876       0.010742416
       18.383       0.004931410
       20.745       0.056681885
       23.970       0.018707328
       29.766       0.353397728
       32.240       0.006177656
       37.901       0.114979004
       41.581       0.030139019
       43.757       0.008667721
       44.215       0.035555123
       91.105       0.057655389
       92.062       0.065516197
       93.175       0.052859559
       93.289       0.117219329
       93.892       0.053413467

 PDOS Einstein freq (single pole), associated temp and eff. force constant: 
 Freq (THz)   Temp (K)   Eff. FC (N/m)
  60.368      2897.12     121.0824

 pDOS n Moments, associated Einstein freqs, temps and eff. force constants:
  n     Mom (THz^n)   Freq (THz)     Temp (K)    Eff. FC (N/m)
 -2       0.00197      22.51432      1080.48      16.8416
 -1       0.02946      33.94243      1628.93      38.2782
  0       1.00000     ---------     --------
  1      52.28777      52.28777      2509.34      90.8375
  2    3644.31433      60.36816      2897.12     121.0824

 Path Red. Mass (AMU):    0.506823
 Path Length (Ang), s^2 (1e-3 Ang^2):  9.2452  29.3782
--------------------------------------------------------------
 Path Indices:    1   6   7   2
 PDOS Poles:
     Freq. (THz)    Weight
        3.540       0.003759166
        7.455       0.112600192
       11.003       0.019084468
       23.116       0.021699173
       30.795       0.011791731
       32.147       0.072340503
       33.621       0.000711388
       37.868       0.014243015
       41.601       0.027608824
       43.841       0.072159450
       44.215       0.002602239
       91.105       0.154312088
       92.062       0.004710234
       93.175       0.144083796
       93.289       0.171536489
       93.892       0.166757207

 PDOS Einstein freq (single pole), associated temp and eff. force constant: 
 Freq (THz)   Temp (K)   Eff. FC (N/m)
  76.508      3671.69     526.6382

 pDOS n Moments, associated Einstein freqs, temps and eff. force constants:
  n     Mom (THz^n)   Freq (THz)     Temp (K)    Eff. FC (N/m)
 -2       0.00275      19.08150       915.74      32.7584
 -1       0.03114      32.10854      1540.92      92.7552
  0       1.00000     ---------     --------
  1      68.82038      68.82038      3302.75     426.1193
  2    5853.49647      76.50815      3671.69     526.6382

 Path Red. Mass (AMU):    1.372424
 Path Length (Ang), s^2 (1e-3 Ang^2):  8.6510  11.4687
--------------------------------------------------------------
 Path Indices:    1   6   7   3
 PDOS Poles:
     Freq. (THz)    Weight
        3.438       0.022558234
        7.373       0.025276751
       11.152       0.004055748
       20.371       0.004891464
       23.158       0.013032459
       30.904       0.021283726
       32.205       0.040567794
       37.847       0.020687854
       41.597       0.008924346
       43.838       0.015637024
       44.220       0.007878653
       91.105       0.206913684
       92.062       0.003458864
       93.175       0.170583578
       93.289       0.209931628
       93.892       0.224318185

 PDOS Einstein freq (single pole), associated temp and eff. force constant: 
 Freq (THz)   Temp (K)   Eff. FC (N/m)
  84.831      4071.11     505.2724

 pDOS n Moments, associated Einstein freqs, temps and eff. force constants:
  n     Mom (THz^n)   Freq (THz)     Temp (K)    Eff. FC (N/m)
 -2       0.00263      19.49818       935.73      26.6934
 -1       0.02318      43.13978      2070.32     130.6690
  0       1.00000     ---------     --------
  1      80.57241      80.57241      3866.74     455.8158
  2    7196.29421      84.83097      4071.11     505.2724

 Path Red. Mass (AMU):    1.071045
 Path Length (Ang), s^2 (1e-3 Ang^2):  7.8593  10.9380
--------------------------------------------------------------
 Path Indices:    1   6   7   4
 PDOS Poles:
     Freq. (THz)    Weight
        2.997       0.030168959
        7.349       0.020458204
       11.657       0.001687133
       20.544       0.008017640
       23.138       0.096466377
       31.958       0.051139405
       33.149       0.007410782
       37.975       0.068010275
       41.563       0.010822888
       43.805       0.058725752
       44.185       0.007048745
       91.105       0.131639971
       92.062       0.079430791
       93.175       0.038200107
       93.289       0.101387196
       93.892       0.289385772

 PDOS Einstein freq (single pole), associated temp and eff. force constant: 
 Freq (THz)   Temp (K)   Eff. FC (N/m)
  76.754      3683.50     364.1916

 pDOS n Moments, associated Einstein freqs, temps and eff. force constants:
  n     Mom (THz^n)   Freq (THz)     Temp (K)    Eff. FC (N/m)
 -2       0.00417      15.49026       743.39      14.8335
 -1       0.02982      33.53917      1609.57      69.5392
  0       1.00000     ---------     --------
  1      69.94795      69.94795      3356.86     302.4650
  2    5891.21277      76.75424      3683.50     364.1915

 Path Red. Mass (AMU):    0.943010
 Path Length (Ang), s^2 (1e-3 Ang^2):  8.2014  15.9792
--------------------------------------------------------------
 Path Indices:    1   6   7   5
 PDOS Poles:
     Freq. (THz)    Weight
        2.870       0.021701286
        6.921       0.012086153
       10.640       0.001768822
       20.295       0.004962024
       23.203       0.002781349
       30.852       0.051720880
       32.154       0.035003143
       38.202       0.017375476
       41.587       0.000720976
       43.839       0.004631798
       44.220       0.001797947
       91.105       0.160827244
       92.062       0.154026643
       93.175       0.363734679
       93.289       0.136012318
       93.892       0.030849300

 PDOS Einstein freq (single pole), associated temp and eff. force constant: 
 Freq (THz)   Temp (K)   Eff. FC (N/m)
  85.923      4123.51     350.6582

 pDOS n Moments, associated Einstein freqs, temps and eff. force constants:
  n     Mom (THz^n)   Freq (THz)     Temp (K)    Eff. FC (N/m)
 -2       0.00312      17.89806       858.94      15.2153
 -1       0.02235      44.74314      2147.26      95.0869
  0       1.00000     ---------     --------
  1      82.33563      82.33563      3951.36     321.9909
  2    7382.71360      85.92272      4123.51     350.6582

 Path Red. Mass (AMU):    0.724535
 Path Length (Ang), s^2 (1e-3 Ang^2):  8.7628  15.5898
--------------------------------------------------------------
 Path Indices:    1   6   7   6
 PDOS Poles:
     Freq. (THz)    Weight
        2.866       0.014501090
        6.989       0.012780189
        9.673       0.001082139
       20.212       0.000636981
       23.071       0.000081377
       29.732       0.005012728
       32.169       0.007353480
       37.809       0.001284919
       41.602       0.005513415
       43.611       0.000007692
       44.136       0.000013560
       91.105       0.249384262
       92.062       0.006600217
       93.175       0.212129731
       93.289       0.240655906
       93.892       0.242962308

 PDOS Einstein freq (single pole), associated temp and eff. force constant: 
 Freq (THz)   Temp (K)   Eff. FC (N/m)
  90.710      4353.27     501.7690

 pDOS n Moments, associated Einstein freqs, temps and eff. force constants:
  n     Mom (THz^n)   Freq (THz)     Temp (K)    Eff. FC (N/m)
 -2       0.00217      21.48021      1030.85      28.1363
 -1       0.01785      56.01616      2688.26     191.3446
  0       1.00000     ---------     --------
  1      89.17639      89.17639      4279.65     484.9415
  2    8228.37691      90.71040      4353.27     501.7689

 Path Red. Mass (AMU):    0.930210
 Path Length (Ang), s^2 (1e-3 Ang^2):  6.7887   9.6991
--------------------------------------------------------------
 Path Indices:    1   6   7   8
 PDOS Poles:
     Freq. (THz)    Weight
        3.010       0.007015102
        7.334       0.033938063
       11.009       0.009239907
       20.589       0.000693840
       23.133       0.016216327
       30.753       0.011674791
       32.173       0.044192079
       37.865       0.013628631
       38.363       0.002524830
       43.829       0.042662748
       44.224       0.056331818
       91.105       0.397325740
       92.062       0.010309440
       93.175       0.007338522
       93.289       0.328222908
       93.892       0.018685177

 PDOS Einstein freq (single pole), associated temp and eff. force constant: 
 Freq (THz)   Temp (K)   Eff. FC (N/m)
  82.185      3944.11     287.0288

 pDOS n Moments, associated Einstein freqs, temps and eff. force constants:
  n     Mom (THz^n)   Freq (THz)     Temp (K)    Eff. FC (N/m)
 -2       0.00172      24.11031      1157.07      24.7031
 -1       0.02123      47.10935      2260.82      94.3104
  0       1.00000     ---------     --------
  1      77.72126      77.72126      3729.91     256.6996
  2    6754.29172      82.18450      3944.11     287.0287

 Path Red. Mass (AMU):    0.648241
 Path Length (Ang), s^2 (1e-3 Ang^2):  7.4646  16.5493
--------------------------------------------------------------
 Path Indices:    1   6   7   9
 PDOS Poles:
     Freq. (THz)    Weight
        3.433       0.013916643
        7.375       0.010435154
       13.463       0.000082067
       20.287       0.013905799
       26.348       0.000233313
       29.720       0.058544818
       32.291       0.003181909
       38.129       0.010144261
       41.592       0.004892680
       43.842       0.063007795
       44.212       0.002857645
       91.105       0.549386463
       92.062       0.000096402
       93.175       0.139101822
       93.289       0.004993326
       93.892       0.125219935

 PDOS Einstein freq (single pole), associated temp and eff. force constant: 
 Freq (THz)   Temp (K)   Eff. FC (N/m)
  84.424      4051.57     285.7591

 pDOS n Moments, associated Einstein freqs, temps and eff. force constants:
  n     Mom (THz^n)   Freq (THz)     Temp (K)    Eff. FC (N/m)
 -2       0.00162      24.86516      1193.30      24.7886
 -1       0.01903      52.53759      2521.32     110.6651
  0       1.00000     ---------     --------
  1      80.98050      80.98050      3886.33     262.9247
  2    7127.37549      84.42379      4051.57     285.7591

 Path Red. Mass (AMU):    0.611592
 Path Length (Ang), s^2 (1e-3 Ang^2):  7.4670  15.7287
--------------------------------------------------------------
 Path Indices:    1   6   8   2
 PDOS Poles:
     Freq. (THz)    Weight
        3.488       0.003492934
        7.410       0.112293334
       11.008       0.019613003
       23.115       0.022091526
       30.381       0.004556237
       31.562       0.025985677
       32.282       0.055737514
       37.863       0.015106487
       41.601       0.027842335
       43.843       0.072021087
       44.217       0.002903475
       91.105       0.155943033
       92.062       0.004729497
       93.175       0.194263922
       93.289       0.127596353
       93.892       0.155823572

 PDOS Einstein freq (single pole), associated temp and eff. force constant: 
 Freq (THz)   Temp (K)   Eff. FC (N/m)
  76.339      3663.57     527.5402

 pDOS n Moments, associated Einstein freqs, temps and eff. force constants:
  n     Mom (THz^n)   Freq (THz)     Temp (K)    Eff. FC (N/m)
 -2       0.00276      19.03629       913.57      32.8041
 -1       0.03124      32.00535      1535.96      92.7275
  0       1.00000     ---------     --------
  1      68.62215      68.62215      3293.24     426.2772
  2    5827.63140      76.33892      3663.57     527.5402

 Path Red. Mass (AMU):    1.380876
 Path Length (Ang), s^2 (1e-3 Ang^2):  8.6456  11.4353
--------------------------------------------------------------
 Path Indices:    1   6   8   3
 PDOS Poles:
     Freq. (THz)    Weight
        3.437       0.022610932
        7.369       0.025388263
       11.148       0.004056658
       20.370       0.004767828
       23.153       0.014325075
       30.913       0.020511389
       32.207       0.040805641
       37.847       0.020756780
       41.597       0.008856142
       43.834       0.015590362
       44.220       0.007604283
       91.105       0.209922336
       92.062       0.003507086
       93.175       0.234627010
       93.289       0.157777615
       93.892       0.208892616

 PDOS Einstein freq (single pole), associated temp and eff. force constant: 
 Freq (THz)   Temp (K)   Eff. FC (N/m)
  84.778      4068.57     506.2297

 pDOS n Moments, associated Einstein freqs, temps and eff. force constants:
  n     Mom (THz^n)   Freq (THz)     Temp (K)    Eff. FC (N/m)
 -2       0.00264      19.46357       934.07      26.6825
 -1       0.02324      43.03494      2065.28     130.4437
  0       1.00000     ---------     --------
  1      80.50229      80.50229      3863.38     456.4542
  2    7187.31798      84.77805      4068.57     506.2297

 Path Red. Mass (AMU):    1.074415
 Path Length (Ang), s^2 (1e-3 Ang^2):  7.8597  10.9303
--------------------------------------------------------------
 Path Indices:    1   6   8   4
 PDOS Poles:
     Freq. (THz)    Weight
        2.963       0.022679631
        6.965       0.011556113
       10.755       0.001835589
       20.311       0.005118097
       23.271       0.002218564
       30.840       0.055515755
       32.146       0.036901510
       38.201       0.019623881
       41.582       0.000720242
       43.832       0.005067639
       44.214       0.001147714
       91.105       0.165958615
       92.062       0.140454359
       93.175       0.424694633
       93.289       0.076109942
       93.892       0.030397779

 PDOS Einstein freq (single pole), associated temp and eff. force constant: 
 Freq (THz)   Temp (K)   Eff. FC (N/m)
  85.571      4106.61     354.2976

 pDOS n Moments, associated Einstein freqs, temps and eff. force constants:
  n     Mom (THz^n)   Freq (THz)     Temp (K)    Eff. FC (N/m)
 -2       0.00306      18.06900       867.15      15.7974
 -1       0.02250      44.44977      2133.18      95.5998
  0       1.00000     ---------     --------
  1      81.84929      81.84929      3928.02     324.1513
  2    7322.34683      85.57071      4106.61     354.2976

 Path Red. Mass (AMU):    0.738090
 Path Length (Ang), s^2 (1e-3 Ang^2):  8.7629  15.4045
--------------------------------------------------------------
 Path Indices:    1   6   8   5
 PDOS Poles:
     Freq. (THz)    Weight
        2.909       0.029604892
        7.324       0.020411441
       11.549       0.001535204
       20.527       0.007274013
       23.136       0.092446213
       32.004       0.051510845
       33.306       0.005253924
       37.968       0.065454487
       41.565       0.010557292
       43.802       0.053343949
       44.195       0.007803551
       91.105       0.132720755
       92.062       0.092812194
       93.175       0.054029163
       93.289       0.086238983
       93.892       0.289003092

 PDOS Einstein freq (single pole), associated temp and eff. force constant: 
 Freq (THz)   Temp (K)   Eff. FC (N/m)
  77.450      3716.88     368.7419

 pDOS n Moments, associated Einstein freqs, temps and eff. force constants:
  n     Mom (THz^n)   Freq (THz)     Temp (K)    Eff. FC (N/m)
 -2       0.00429      15.26067       732.37      14.3163
 -1       0.02963      33.74656      1619.53      70.0071
  0       1.00000     ---------     --------
  1      70.82095      70.82095      3398.76     308.3236
  2    5998.45091      77.44967      3716.88     368.7419

 Path Red. Mass (AMU):    0.937723
 Path Length (Ang), s^2 (1e-3 Ang^2):  8.2055  15.9706
--------------------------------------------------------------
 Path Indices:    1   6   8   6
 PDOS Poles:
     Freq. (THz)    Weight
        2.853       0.016090399
        6.936       0.012790653
        9.560       0.001242607
       20.212       0.000630190
       23.124       0.000102928
       29.739       0.005038266
       32.166       0.007409211
       37.809       0.001474938
       41.602       0.005520552
       43.675       0.000014563
       44.115       0.000016752
       91.105       0.252406420
       92.062       0.006632544
       93.175       0.284813135
       93.289       0.177771829
       93.892       0.228045036

 PDOS Einstein freq (single pole), associated temp and eff. force constant: 
 Freq (THz)   Temp (K)   Eff. FC (N/m)
  90.589      4347.45     502.0510

 pDOS n Moments, associated Einstein freqs, temps and eff. force constants:
  n     Mom (THz^n)   Freq (THz)     Temp (K)    Eff. FC (N/m)
 -2       0.00239      20.47188       982.46      25.6396
 -1       0.01846      54.18173      2600.23     179.5982
  0       1.00000     ---------     --------
  1      88.97598      88.97598      4270.04     484.3306
  2    8206.37776      90.58906      4347.45     502.0510

 Path Red. Mass (AMU):    0.933228
 Path Length (Ang), s^2 (1e-3 Ang^2):  6.7888   9.9950
--------------------------------------------------------------
 Path Indices:    1   6   8   7
 PDOS Poles:
     Freq. (THz)    Weight
        2.820       0.008146267
        7.356       0.033755040
       11.019       0.009523554
       21.031       0.000897882
       23.153       0.017224877
       30.857       0.013940260
       32.199       0.043409636
       37.927       0.016115775
       39.411       0.000226663
       43.822       0.043419133
       44.224       0.053246836
       91.105       0.395119981
       92.062       0.010249189
       93.175       0.033886954
       93.289       0.305035541
       93.892       0.015802349

 PDOS Einstein freq (single pole), associated temp and eff. force constant: 
 Freq (THz)   Temp (K)   Eff. FC (N/m)
  82.077      3938.94     290.9540

 pDOS n Moments, associated Einstein freqs, temps and eff. force constants:
  n     Mom (THz^n)   Freq (THz)     Temp (K)    Eff. FC (N/m)
 -2       0.00197      22.54171      1081.80      21.9461
 -1       0.02180      45.86338      2201.02      90.8479
  0       1.00000     ---------     --------
  1      77.53811      77.53811      3721.12     259.6650
  2    6736.60900      82.07685      3938.94     290.9540

 Path Red. Mass (AMU):    0.658831
 Path Length (Ang), s^2 (1e-3 Ang^2):  7.4646  16.7257
--------------------------------------------------------------
 Path Indices:    1   6   8   9
 PDOS Poles:
     Freq. (THz)    Weight
        3.433       0.014021074
        7.373       0.010499368
       13.383       0.000083308
       20.286       0.014001184
       26.399       0.000231446
       29.720       0.058874107
       32.287       0.003190614
       38.131       0.010158607
       41.592       0.004832637
       43.843       0.057824276
       44.214       0.003254513
       91.105       0.556677171
       92.062       0.000095198
       93.175       0.125729978
       93.289       0.014809291
       93.892       0.125717270

 PDOS Einstein freq (single pole), associated temp and eff. force constant: 
 Freq (THz)   Temp (K)   Eff. FC (N/m)
  84.574      4058.76     289.0462

 pDOS n Moments, associated Einstein freqs, temps and eff. force constants:
  n     Mom (THz^n)   Freq (THz)     Temp (K)    Eff. FC (N/m)
 -2       0.00163      24.79379      1189.88      24.8419
 -1       0.01903      52.55610      2522.21     111.6207
  0       1.00000     ---------     --------
  1      81.16227      81.16227      3895.05     266.1993
  2    7152.67931      84.57351      4058.76     289.0462

 Path Red. Mass (AMU):    0.616439
 Path Length (Ang), s^2 (1e-3 Ang^2):  7.4667  15.5995
--------------------------------------------------------------
 Path Indices:    1   6   9   2
 PDOS Poles:
     Freq. (THz)    Weight
        3.413       0.003136987
        7.323       0.039575195
       11.010       0.000867948
       20.267       0.020527175
       23.744       0.000001234
       29.696       0.042191403
       32.127       0.000013569
       38.205       0.004983151
       41.602       0.000646412
       43.810       0.002097565
       44.225       0.002007952
       91.105       0.364023320
       92.062       0.013103590
       93.175       0.003691059
       93.289       0.503062906
       93.892       0.000070410

 PDOS Einstein freq (single pole), associated temp and eff. force constant: 
 Freq (THz)   Temp (K)   Eff. FC (N/m)
  87.221      4185.81     502.4045

 pDOS n Moments, associated Einstein freqs, temps and eff. force constants:
  n     Mom (THz^n)   Freq (THz)     Temp (K)    Eff. FC (N/m)
 -2       0.00122      28.60957      1373.00      54.0548
 -1       0.01865      53.63059      2573.78     189.9489
  0       1.00000     ---------     --------
  1      84.02892      84.02892      4032.62     466.3040
  2    7607.49862      87.22098      4185.81     502.4044

 Path Red. Mass (AMU):    1.007402
 Path Length (Ang), s^2 (1e-3 Ang^2):  9.4293   9.3543
--------------------------------------------------------------
 Path Indices:    1   6   9   3
 PDOS Poles:
     Freq. (THz)    Weight
        3.415       0.023668136
        7.315       0.021022092
       10.964       0.000677381
       20.266       0.021856886
       22.695       0.000014737
       29.696       0.088164319
       32.185       0.001609073
       38.205       0.008734805
       41.603       0.011736518
       43.810       0.006068657
       44.225       0.008805298
       91.105       0.328861220
       92.062       0.011543342
       93.175       0.003271719
       93.289       0.463920885
       93.892       0.000044822

 PDOS Einstein freq (single pole), associated temp and eff. force constant: 
 Freq (THz)   Temp (K)   Eff. FC (N/m)
  83.937      4028.22     512.9481

 pDOS n Moments, associated Einstein freqs, temps and eff. force constants:
  n     Mom (THz^n)   Freq (THz)     Temp (K)    Eff. FC (N/m)
 -2       0.00270      19.25358       924.00      26.9890
 -1       0.02356      42.45222      2037.32     131.2093
  0       1.00000     ---------     --------
  1      79.44389      79.44389      3812.58     459.4992
  2    7045.46414      83.93726      4028.22     512.9481

 Path Red. Mass (AMU):    1.110593
 Path Length (Ang), s^2 (1e-3 Ang^2):  7.8509  10.7194
--------------------------------------------------------------
 Path Indices:    1   6   9   4
 PDOS Poles:
     Freq. (THz)    Weight
        3.010       0.035411620
        7.254       0.026480554
        9.012       0.002841119
       20.276       0.041736126
       23.505       0.001266225
       29.704       0.088707177
       33.117       0.000258884
       38.161       0.019400817
       41.600       0.020704808
       43.829       0.030444667
       44.220       0.010513571
       91.105       0.237201675
       92.062       0.023411281
       93.175       0.013370507
       93.289       0.418684259
       93.892       0.029566612

 PDOS Einstein freq (single pole), associated temp and eff. force constant: 
 Freq (THz)   Temp (K)   Eff. FC (N/m)
  80.182      3848.01     465.6466

 pDOS n Moments, associated Einstein freqs, temps and eff. force constants:
  n     Mom (THz^n)   Freq (THz)     Temp (K)    Eff. FC (N/m)
 -2       0.00478      14.46024       693.96      15.1444
 -1       0.03058      32.70098      1569.35      77.4503
  0       1.00000     ---------     --------
  1      74.09073      74.09073      3555.68     397.5846
  2    6429.16599      80.18208      3848.01     465.6465

 Path Red. Mass (AMU):    1.104824
 Path Length (Ang), s^2 (1e-3 Ang^2):  8.1896  13.9885
--------------------------------------------------------------
 Path Indices:    1   6   9   5
 PDOS Poles:
     Freq. (THz)    Weight
        2.906       0.033223325
        7.113       0.026193870
        8.659       0.005003177
       20.273       0.040646965
       23.461       0.001025697
       29.700       0.088858060
       33.375       0.000197259
       38.159       0.016917940
       41.600       0.020669545
       43.821       0.033084948
       44.220       0.008431470
       91.105       0.231317378
       92.062       0.030590311
       93.175       0.054067391
       93.289       0.371407919
       93.892       0.038364665

 PDOS Einstein freq (single pole), associated temp and eff. force constant: 
 Freq (THz)   Temp (K)   Eff. FC (N/m)
  80.358      3856.45     458.3388

 pDOS n Moments, associated Einstein freqs, temps and eff. force constants:
  n     Mom (THz^n)   Freq (THz)     Temp (K)    Eff. FC (N/m)
 -2       0.00485      14.36040       689.17      14.6373
 -1       0.03047      32.82408      1575.26      76.4739
  0       1.00000     ---------     --------
  1      74.32656      74.32656      3567.00     392.1178
  2    6457.40703      80.35799      3856.45     458.3388

 Path Red. Mass (AMU):    1.082729
 Path Length (Ang), s^2 (1e-3 Ang^2):  8.1859  14.2204
--------------------------------------------------------------
 Path Indices:    1   6   9   6
 PDOS Poles:
     Freq. (THz)    Weight
        3.409       0.004854181
        7.322       0.033104047
       11.014       0.005919873
       20.266       0.002251724
       22.331       0.000001352
       29.696       0.012666858
       32.185       0.001180528
       38.205       0.001133672
       41.603       0.005746242
       43.808       0.000046723
       44.224       0.000147067
       91.105       0.386863404
       92.062       0.013847994
       93.175       0.003873840
       93.289       0.528288327
       93.892       0.000074040

 PDOS Einstein freq (single pole), associated temp and eff. force constant: 
 Freq (THz)   Temp (K)   Eff. FC (N/m)
  89.376      4289.25     503.3166

 pDOS n Moments, associated Einstein freqs, temps and eff. force constants:
  n     Mom (THz^n)   Freq (THz)     Temp (K)    Eff. FC (N/m)
 -2       0.00122      28.64696      1374.79      51.7075
 -1       0.01733      57.69997      2769.07     209.7722
  0       1.00000     ---------     --------
  1      87.24635      87.24635      4187.03     479.6133
  2    7988.11791      89.37627      4289.25     503.3165

 Path Red. Mass (AMU):    0.961143
 Path Length (Ang), s^2 (1e-3 Ang^2):  6.7917   9.1130
--------------------------------------------------------------
 Path Indices:    1   6   9   7
 PDOS Poles:
     Freq. (THz)    Weight
        2.788       0.008741619
        7.332       0.036042003
       10.972       0.009565608
       20.423       0.000268480
       23.120       0.023578345
       30.850       0.022094589
       32.168       0.029299162
       37.812       0.024825643
       41.599       0.000934162
       43.826       0.020366962
       44.224       0.021608829
       91.105       0.557348705
       92.062       0.002762869
       93.175       0.077699637
       93.289       0.107926813
       93.892       0.056936576

 PDOS Einstein freq (single pole), associated temp and eff. force constant: 
 Freq (THz)   Temp (K)   Eff. FC (N/m)
  83.373      4001.12     326.5044

 pDOS n Moments, associated Einstein freqs, temps and eff. force constants:
  n     Mom (THz^n)   Freq (THz)     Temp (K)    Eff. FC (N/m)
 -2       0.00211      21.79397      1045.91      22.3108
 -1       0.02196      45.53775      2185.40      97.4061
  0       1.00000     ---------     --------
  1      79.07984      79.07984      3795.11     293.7477
  2    6950.98171      83.37255      4001.12     326.5044

 Path Red. Mass (AMU):    0.716530
 Path Length (Ang), s^2 (1e-3 Ang^2):  7.4685  15.4889
--------------------------------------------------------------
 Path Indices:    1   6   9   8
 PDOS Poles:
     Freq. (THz)    Weight
        3.001       0.007670871
        7.327       0.036613166
       10.990       0.009198735
       20.436       0.000312035
       23.120       0.022255179
       30.862       0.021418447
       32.173       0.028870899
       37.812       0.024657329
       41.600       0.001220041
       43.834       0.019242920
       44.224       0.020004156
       91.105       0.566463504
       92.062       0.002607644
       93.175       0.050281933
       93.289       0.126285422
       93.892       0.062897709

 PDOS Einstein freq (single pole), associated temp and eff. force constant: 
 Freq (THz)   Temp (K)   Eff. FC (N/m)
  83.623      4013.15     325.6773

 pDOS n Moments, associated Einstein freqs, temps and eff. force constants:
  n     Mom (THz^n)   Freq (THz)     Temp (K)    Eff. FC (N/m)
 -2       0.00184      23.33276      1119.76      25.3552
 -1       0.02134      46.85717      2248.72     102.2556
  0       1.00000     ---------     --------
  1      79.43397      79.43397      3812.11     293.8648
  2    6992.82268      83.62310      4013.15     325.6773

 Path Red. Mass (AMU):    0.710438
 Path Length (Ang), s^2 (1e-3 Ang^2):  7.4682  15.1818
--------------------------------------------------------------
 Path Indices:    1   7   1   2
 PDOS Poles:
     Freq. (THz)    Weight
        1.596       0.011371388
        7.437       0.124690995
       13.126       0.000569307
       20.613       0.012181456
       23.161       0.100957384
       30.615       0.071912883
       32.149       0.142102586
       37.840       0.068686145
       41.602       0.187248368
       43.842       0.139496940
       44.191       0.004507469
       91.105       0.037994306
       92.062       0.000937640
       93.175       0.029257729
       93.289       0.033912380
       93.892       0.034172979

 PDOS Einstein freq (single pole), associated temp and eff. force constant: 
 Freq (THz)   Temp (K)   Eff. FC (N/m)
  46.408      2227.15     134.1169

 pDOS n Moments, associated Einstein freqs, temps and eff. force constants:
  n     Mom (THz^n)   Freq (THz)     Temp (K)    Eff. FC (N/m)
 -2       0.00740      11.62555       557.92       8.4165
 -1       0.04672      21.40333      1027.16      28.5276
  0       1.00000     ---------     --------
  1      39.66230      39.66230      1903.43      97.9623
  2    2153.67592      46.40771      2227.15     134.1169

 Path Red. Mass (AMU):    0.949936
 Path Length (Ang), s^2 (1e-3 Ang^2): 12.1422  24.8606
--------------------------------------------------------------
 Path Indices:    1   7   1   3
 PDOS Poles:
     Freq. (THz)    Weight
        2.887       0.040619386
        7.368       0.104368180
       11.001       0.037974370
       23.107       0.095476921
       29.449       0.034160037
       31.052       0.104176516
       32.728       0.023909490
       37.957       0.095264114
       41.600       0.191117028
       43.836       0.135425028
       44.106       0.006947983
       91.105       0.036456405
       92.062       0.002029585
       93.175       0.027100633
       93.289       0.031543262
       93.892       0.033431066

 PDOS Einstein freq (single pole), associated temp and eff. force constant: 
 Freq (THz)   Temp (K)   Eff. FC (N/m)
  45.643      2190.46     123.5757

 pDOS n Moments, associated Einstein freqs, temps and eff. force constants:
  n     Mom (THz^n)   Freq (THz)     Temp (K)    Eff. FC (N/m)
 -2       0.00773      11.37754       546.02       7.6785
 -1       0.05282      18.93093       908.51      21.2581
  0       1.00000     ---------     --------
  1      38.45777      38.45777      1845.62      87.7300
  2    2083.30620      45.64325      2190.46     123.5756

 Path Red. Mass (AMU):    0.904838
 Path Length (Ang), s^2 (1e-3 Ang^2): 13.0404  29.5041
--------------------------------------------------------------
 Path Indices:    1   7   1   4
 PDOS Poles:
     Freq. (THz)    Weight
        2.148       0.049972674
        7.231       0.051613917
       10.908       0.020068628
       23.107       0.018178190
       29.705       0.093816516
       32.066       0.080028006
       36.605       0.010148254
       37.945       0.402783445
       41.592       0.093276291
       43.824       0.084789125
       44.143       0.009927430
       91.105       0.019190397
       92.062       0.012187914
       93.175       0.004088920
       93.289       0.012529926
       93.892       0.037400350

 PDOS Einstein freq (single pole), associated temp and eff. force constant: 
 Freq (THz)   Temp (K)   Eff. FC (N/m)
  43.058      2066.40      60.3707

 pDOS n Moments, associated Einstein freqs, temps and eff. force constants:
  n     Mom (THz^n)   Freq (THz)     Temp (K)    Eff. FC (N/m)
 -2       0.01261       8.90682       427.45       2.5832
 -1       0.05490      18.21580       874.19      10.8047
  0       1.00000     ---------     --------
  1      38.09293      38.09293      1828.11      47.2504
  2    1853.99925      43.05809      2066.40      60.3707

 Path Red. Mass (AMU):    0.496716
 Path Length (Ang), s^2 (1e-3 Ang^2): 13.0664  55.8574
--------------------------------------------------------------
 Path Indices:    1   7   1   5
 PDOS Poles:
     Freq. (THz)    Weight
        3.284       0.028931734
        7.382       0.037187349
       11.011       0.017685227
       23.116       0.112500058
       29.927       0.146530179
       31.343       0.240110890
       33.459       0.011021494
       38.125       0.138611748
       41.598       0.092928914
       43.828       0.068266328
       44.191       0.009069018
       91.105       0.019085346
       92.062       0.019544789
       93.175       0.041107389
       93.289       0.014528490
       93.892       0.002891039

 PDOS Einstein freq (single pole), associated temp and eff. force constant: 
 Freq (THz)   Temp (K)   Eff. FC (N/m)
  42.285      2029.30      58.2677

 pDOS n Moments, associated Einstein freqs, temps and eff. force constants:
  n     Mom (THz^n)   Freq (THz)     Temp (K)    Eff. FC (N/m)
 -2       0.00434      15.17974       728.49       7.5090
 -1       0.04189      23.87277      1145.68      18.5720
  0       1.00000     ---------     --------
  1      36.98261      36.98261      1774.83      44.5705
  2    1788.03377      42.28515      2029.30      58.2677

 Path Red. Mass (AMU):    0.497099
 Path Length (Ang), s^2 (1e-3 Ang^2): 13.1339  42.5872
--------------------------------------------------------------
 Path Indices:    1   7   1   6
 PDOS Poles:
     Freq. (THz)    Weight
        2.567       0.029722022
        7.354       0.140329922
       10.996       0.063100470
       20.568       0.001736657
       23.123       0.096499016
       30.902       0.070560766
       32.192       0.186210417
       37.830       0.062040476
       41.602       0.089144220
       43.843       0.133810524
       44.212       0.004821271
       91.105       0.020517634
       92.062       0.001018054
       93.175       0.027805922
       93.289       0.039531229
       93.892       0.033151387

 PDOS Einstein freq (single pole), associated temp and eff. force constant: 
 Freq (THz)   Temp (K)   Eff. FC (N/m)
  43.525      2088.80     112.3271

 pDOS n Moments, associated Einstein freqs, temps and eff. force constants:
  n     Mom (THz^n)   Freq (THz)     Temp (K)    Eff. FC (N/m)
 -2       0.00825      11.01186       528.47       7.1900
 -1       0.05698      17.55000       842.24      18.2626
  0       1.00000     ---------     --------
  1      35.73380      35.73380      1714.90      75.7124
  2    1894.41742      43.52491      2088.80     112.3271

 Path Red. Mass (AMU):    0.904482
 Path Length (Ang), s^2 (1e-3 Ang^2): 14.4582  31.8382
--------------------------------------------------------------
 Path Indices:    1   7   1   7
 PDOS Poles:
     Freq. (THz)    Weight
        1.998       0.016055048
        7.482       0.085610033
       11.102       0.023825080
       20.642       0.010099692
       23.157       0.102817434
       30.643       0.074054880
       32.152       0.138742531
       37.842       0.070499511
       41.602       0.191669001
       43.842       0.142574933
       44.189       0.004673404
       91.105       0.038875913
       92.062       0.000974779
       93.175       0.029919166
       93.289       0.034659899
       93.892       0.034948668

 PDOS Einstein freq (single pole), associated temp and eff. force constant: 
 Freq (THz)   Temp (K)   Eff. FC (N/m)
  46.866      2249.16      71.4649

 pDOS n Moments, associated Einstein freqs, temps and eff. force constants:
  n     Mom (THz^n)   Freq (THz)     Temp (K)    Eff. FC (N/m)
 -2       0.00643      12.47317       598.60       5.0620
 -1       0.04462      22.41290      1075.61      16.3443
  0       1.00000     ---------     --------
  1      40.28952      40.28952      1933.53      52.8145
  2    2196.46155      46.86642      2249.16      71.4649

 Path Red. Mass (AMU):    0.496318
 Path Length (Ang), s^2 (1e-3 Ang^2): 14.7818  45.4336
--------------------------------------------------------------
 Path Indices:    1   7   1   8
 PDOS Poles:
     Freq. (THz)    Weight
        3.338       0.006572826
        7.320       0.085125758
       11.015       0.058498916
       20.267       0.016488989
       23.187       0.000063123
       29.697       0.020967904
       32.185       0.259407417
       38.205       0.011690325
       41.603       0.376879897
       43.810       0.003474332
       44.224       0.004873235
       91.105       0.086776296
       92.062       0.002162489
       93.175       0.001084095
       93.289       0.065875885
       93.892       0.000058480

 PDOS Einstein freq (single pole), associated temp and eff. force constant: 
 Freq (THz)   Temp (K)   Eff. FC (N/m)
  48.095      2308.12      75.2971

 pDOS n Moments, associated Einstein freqs, temps and eff. force constants:
  n     Mom (THz^n)   Freq (THz)     Temp (K)    Eff. FC (N/m)
 -2       0.00322      17.61288       845.26      10.0981
 -1       0.03974      25.16344      1207.62      20.6120
  0       1.00000     ---------     --------
  1      41.44721      41.44721      1989.09      55.9204
  2    2313.12239      48.09493      2308.12      75.2971

 Path Red. Mass (AMU):    0.496559
 Path Length (Ang), s^2 (1e-3 Ang^2): 14.8242  40.4468
--------------------------------------------------------------
 Path Indices:    1   7   1   9
 PDOS Poles:
     Freq. (THz)    Weight
        2.956       0.025934188
        7.486       0.052948551
       11.261       0.009893330
       20.561       0.015394434
       23.220       0.051187043
       29.925       0.085570691
       31.874       0.032850218
       37.851       0.037687114
       41.602       0.301524180
       43.836       0.069795794
       44.208       0.008088517
       91.105       0.214860661
       92.062       0.001228429
       93.175       0.023690350
       93.289       0.052835596
       93.892       0.016510890

 PDOS Einstein freq (single pole), associated temp and eff. force constant: 
 Freq (THz)   Temp (K)   Eff. FC (N/m)
  58.985      2830.72     113.2482

 pDOS n Moments, associated Einstein freqs, temps and eff. force constants:
  n     Mom (THz^n)   Freq (THz)     Temp (K)    Eff. FC (N/m)
 -2       0.00453      14.86282       713.28       7.1905
 -1       0.03695      27.06079      1298.67      23.8362
  0       1.00000     ---------     --------
  1      51.45957      51.45957      2469.59      86.1961
  2    3479.17206      58.98451      2830.72     113.2482

 Path Red. Mass (AMU):    0.496531
 Path Length (Ang), s^2 (1e-3 Ang^2): 15.1902  37.6130
--------------------------------------------------------------
 Path Indices:    1   7   2   3
 PDOS Poles:
     Freq. (THz)    Weight
        3.370       0.014370349
        7.620       0.118690496
       11.130       0.059753801
       20.689       0.021675109
       23.254       0.071627179
       30.107       0.091418422
       32.102       0.090227557
       37.976       0.084688855
       40.895       0.003160592
       41.610       0.169316953
       43.844       0.154924796
       91.105       0.033529428
       92.062       0.000453501
       93.175       0.024816133
       93.289       0.031320917
       93.892       0.030025903

 PDOS Einstein freq (single pole), associated temp and eff. force constant: 
 Freq (THz)   Temp (K)   Eff. FC (N/m)
  44.627      2141.69     120.7172

 pDOS n Moments, associated Einstein freqs, temps and eff. force constants:
  n     Mom (THz^n)   Freq (THz)     Temp (K)    Eff. FC (N/m)
 -2       0.00442      15.04700       722.12      13.7237
 -1       0.04639      21.55633      1034.51      28.1658
  0       1.00000     ---------     --------
  1      37.71382      37.71382      1809.92      86.2131
  2    1991.57695      44.62709      2141.69     120.7172

 Path Red. Mass (AMU):    0.924620
 Path Length (Ang), s^2 (1e-3 Ang^2):  9.7142  25.3563
--------------------------------------------------------------
 Path Indices:    1   7   2   4
 PDOS Poles:
     Freq. (THz)    Weight
        2.771       0.017934894
        7.822       0.070084154
       11.430       0.024536817
       22.419       0.040026355
       24.525       0.018136494
       30.056       0.109821638
       32.349       0.089903870
       37.927       0.279182178
       41.580       0.089339184
       43.623       0.015618743
       43.883       0.083170038
       91.105       0.018671013
       92.062       0.055451746
       93.175       0.000658294
       93.289       0.006899413
       93.892       0.080565184

 PDOS Einstein freq (single pole), associated temp and eff. force constant: 
 Freq (THz)   Temp (K)   Eff. FC (N/m)
  48.773      2340.68      84.1363

 pDOS n Moments, associated Einstein freqs, temps and eff. force constants:
  n     Mom (THz^n)   Freq (THz)     Temp (K)    Eff. FC (N/m)
 -2       0.00430      15.24469       731.61       8.2197
 -1       0.04005      24.97075      1198.37      22.0537
  0       1.00000     ---------     --------
  1      42.13954      42.13954      2022.31      62.8055
  2    2378.83996      48.77335      2340.68      84.1363

 Path Red. Mass (AMU):    0.539522
 Path Length (Ang), s^2 (1e-3 Ang^2): 10.3004  37.5132
--------------------------------------------------------------
 Path Indices:    1   7   2   5
 PDOS Poles:
     Freq. (THz)    Weight
        3.803       0.012788593
        7.868       0.053599600
       11.355       0.024611928
       22.071       0.024535817
       24.003       0.022738135
       30.361       0.254400399
       31.928       0.166426435
       38.150       0.090335956
       41.597       0.088944605
       43.819       0.072396487
       43.985       0.014428618
       91.105       0.018576001
       92.062       0.063857208
       93.175       0.079368520
       93.289       0.012117866
       93.892       0.000873877

 PDOS Einstein freq (single pole), associated temp and eff. force constant: 
 Freq (THz)   Temp (K)   Eff. FC (N/m)
  48.845      2344.09      84.2768

 pDOS n Moments, associated Einstein freqs, temps and eff. force constants:
  n     Mom (THz^n)   Freq (THz)     Temp (K)    Eff. FC (N/m)
 -2       0.00265      19.42900       932.41      13.3345
 -1       0.03637      27.49658      1319.58      26.7075
  0       1.00000     ---------     --------
  1      42.00658      42.00658      2015.93      62.3319
  2    2385.79017      48.84455      2344.09      84.2768

 Path Red. Mass (AMU):    0.538849
 Path Length (Ang), s^2 (1e-3 Ang^2): 10.2994  34.1098
--------------------------------------------------------------
 Path Indices:    1   7   2   6
 PDOS Poles:
     Freq. (THz)    Weight
        2.720       0.007555444
        7.457       0.160109843
       11.013       0.136481539
       20.805       0.000915972
       23.123       0.075850938
       30.939       0.056677886
       32.197       0.160029768
       37.836       0.049397786
       41.601       0.083169866
       42.709       0.000146056
       43.844       0.153070119
       91.105       0.018831866
       92.062       0.001142407
       93.175       0.024245255
       93.289       0.042748036
       93.892       0.029627185

 PDOS Einstein freq (single pole), associated temp and eff. force constant: 
 Freq (THz)   Temp (K)   Eff. FC (N/m)
  42.491      2039.17     108.1167

 pDOS n Moments, associated Einstein freqs, temps and eff. force constants:
  n     Mom (THz^n)   Freq (THz)     Temp (K)    Eff. FC (N/m)
 -2       0.00556      13.41160       643.63      10.7712
 -1       0.05482      18.24099       875.40      19.9251
  0       1.00000     ---------     --------
  1      34.29247      34.29247      1645.73      70.4209
  2    1805.46238      42.49073      2039.17     108.1167

 Path Red. Mass (AMU):    0.913473
 Path Length (Ang), s^2 (1e-3 Ang^2): 10.6344  30.3306
--------------------------------------------------------------
 Path Indices:    1   7   2   7
 PDOS Poles:
     Freq. (THz)    Weight
        2.709       0.003269258
        7.592       0.106161502
       11.047       0.077162733
       22.721       0.040662976
       23.444       0.045304951
       30.492       0.062262078
       32.152       0.136181495
       37.862       0.058867810
       41.601       0.175305342
       43.833       0.144328078
       43.916       0.022178774
       91.105       0.035748586
       92.062       0.000949479
       93.175       0.027092702
       93.289       0.032726832
       93.892       0.031797028

 PDOS Einstein freq (single pole), associated temp and eff. force constant: 
 Freq (THz)   Temp (K)   Eff. FC (N/m)
  45.531      2185.08      68.4659

 pDOS n Moments, associated Einstein freqs, temps and eff. force constants:
  n     Mom (THz^n)   Freq (THz)     Temp (K)    Eff. FC (N/m)
 -2       0.00352      16.84695       808.50       9.3735
 -1       0.04312      23.18896      1112.86      17.7591
  0       1.00000     ---------     --------
  1      38.65962      38.65962      1855.31      49.3597
  2    2073.08353      45.53113      2185.08      68.4659

 Path Red. Mass (AMU):    0.503789
 Path Length (Ang), s^2 (1e-3 Ang^2): 10.8371  43.2608
--------------------------------------------------------------
 Path Indices:    1   7   2   8
 PDOS Poles:
     Freq. (THz)    Weight
        3.322       0.001343736
        7.323       0.079089539
       11.016       0.114631683
       20.267       0.008802941
       23.240       0.000012618
       29.697       0.030597662
       32.185       0.258433367
       38.205       0.015924513
       41.603       0.350921235
       43.809       0.000093213
       44.225       0.001579691
       91.105       0.076113641
       92.062       0.001995975
       93.175       0.000636271
       93.289       0.059822109
       93.892       0.000001778

 PDOS Einstein freq (single pole), associated temp and eff. force constant: 
 Freq (THz)   Temp (K)   Eff. FC (N/m)
  46.100      2212.37      70.1830

 pDOS n Moments, associated Einstein freqs, temps and eff. force constants:
  n     Mom (THz^n)   Freq (THz)     Temp (K)    Eff. FC (N/m)
 -2       0.00308      18.02558       865.06      10.7303
 -1       0.04150      24.09631      1156.40      19.1750
  0       1.00000     ---------     --------
  1      39.29138      39.29138      1885.63      50.9833
  2    2125.19150      46.09980      2212.37      70.1830

 Path Red. Mass (AMU):    0.503761
 Path Length (Ang), s^2 (1e-3 Ang^2): 10.8315  41.6341
--------------------------------------------------------------
 Path Indices:    1   7   2   9
 PDOS Poles:
     Freq. (THz)    Weight
        3.204       0.007601104
        7.560       0.071175335
       11.071       0.041929809
       20.418       0.018561626
       23.201       0.040990524
       30.014       0.050800434
       31.974       0.034673201
       37.831       0.027910392
       41.602       0.228228335
       43.837       0.088158356
       44.219       0.012541124
       91.105       0.256377555
       92.062       0.001915648
       93.175       0.023322526
       93.289       0.080880346
       93.892       0.014933646

 PDOS Einstein freq (single pole), associated temp and eff. force constant: 
 Freq (THz)   Temp (K)   Eff. FC (N/m)
  62.701      3009.07     130.6606

 pDOS n Moments, associated Einstein freqs, temps and eff. force constants:
  n     Mom (THz^n)   Freq (THz)     Temp (K)    Eff. FC (N/m)
 -2       0.00279      18.94101       909.00      11.9235
 -1       0.03366      29.71152      1425.88      29.3391
  0       1.00000     ---------     --------
  1      54.61404      54.61404      2620.98      99.1299
  2    3931.41228      62.70098      3009.07     130.6606

 Path Red. Mass (AMU):    0.506976
 Path Length (Ang), s^2 (1e-3 Ang^2): 11.6137  33.5515
--------------------------------------------------------------
 Path Indices:    1   7   3   2
 PDOS Poles:
     Freq. (THz)    Weight
        2.287       0.004525293
        7.445       0.050683473
       13.386       0.000627498
       20.796       0.010309690
       23.186       0.074384227
       30.667       0.076997109
       32.165       0.164706782
       37.849       0.076530696
       41.601       0.133324188
       43.840       0.088315267
       44.215       0.016739154
       91.105       0.086420774
       92.062       0.000021126
       93.175       0.058250956
       93.289       0.075903355
       93.892       0.082260395

 PDOS Einstein freq (single pole), associated temp and eff. force constant: 
 Freq (THz)   Temp (K)   Eff. FC (N/m)
  58.669      2815.55     225.8469

 pDOS n Moments, associated Einstein freqs, temps and eff. force constants:
  n     Mom (THz^n)   Freq (THz)     Temp (K)    Eff. FC (N/m)
 -2       0.00241      20.38436       978.26      27.2645
 -1       0.03105      32.20348      1545.47      68.0471
  0       1.00000     ---------     --------
  1      51.15650      51.15650      2455.05     171.7140
  2    3441.99482      58.66852      2815.55     225.8469

 Path Red. Mass (AMU):    1.000910
 Path Length (Ang), s^2 (1e-3 Ang^2):  8.9225  15.6793
--------------------------------------------------------------
 Path Indices:    1   7   3   4
 PDOS Poles:
     Freq. (THz)    Weight
        2.368       0.020466275
        7.287       0.023537841
       11.002       0.006875591
       23.094       0.027879886
       29.524       0.022551287
       32.077       0.109626352
       34.320       0.003992371
       37.891       0.212706230
       41.594       0.080441731
       43.828       0.059255899
       44.189       0.012594847
       91.105       0.052897809
       92.062       0.121394382
       93.175       0.001897249
       93.289       0.018830331
       93.892       0.225051922

 PDOS Einstein freq (single pole), associated temp and eff. force constant: 
 Freq (THz)   Temp (K)   Eff. FC (N/m)
  66.102      3172.29     181.4808

 pDOS n Moments, associated Einstein freqs, temps and eff. force constants:
  n     Mom (THz^n)   Freq (THz)     Temp (K)    Eff. FC (N/m)
 -2       0.00462      14.71428       706.15       8.9925
 -1       0.03171      31.53968      1513.62      41.3158
  0       1.00000     ---------     --------
  1      58.87706      58.87706      2825.56     143.9774
  2    4369.46938      66.10196      3172.29     181.4808

 Path Red. Mass (AMU):    0.633568
 Path Length (Ang), s^2 (1e-3 Ang^2):  8.1813  25.2916
--------------------------------------------------------------
 Path Indices:    1   7   3   5
 PDOS Poles:
     Freq. (THz)    Weight
        3.353       0.013611879
        7.430       0.018526950
       11.092       0.006083897
       23.105       0.078592435
       27.659       0.002218685
       30.626       0.149013376
       32.089       0.130287160
       38.203       0.037898717
       41.602       0.080187569
       43.840       0.052024970
       44.221       0.011305617
       91.105       0.052746579
       92.062       0.136179975
       93.175       0.197682681
       93.289       0.032918076
       93.892       0.000721448

 PDOS Einstein freq (single pole), associated temp and eff. force constant: 
 Freq (THz)   Temp (K)   Eff. FC (N/m)
  65.090      3123.73     175.9660

 pDOS n Moments, associated Einstein freqs, temps and eff. force constants:
  n     Mom (THz^n)   Freq (THz)     Temp (K)    Eff. FC (N/m)
 -2       0.00219      21.39078      1026.56      19.0043
 -1       0.02841      35.19719      1689.14      51.4535
  0       1.00000     ---------     --------
  1      57.33721      57.33721      2751.66     136.5439
  2    4236.71663      65.09007      3123.73     175.9660

 Path Red. Mass (AMU):    0.633564
 Path Length (Ang), s^2 (1e-3 Ang^2):  8.1814  22.6635
--------------------------------------------------------------
 Path Indices:    1   7   3   6
 PDOS Poles:
     Freq. (THz)    Weight
        2.858       0.011762525
        7.370       0.050531529
       11.035       0.017597248
       23.077       0.067755382
       24.918       0.001982406
       30.502       0.068105884
       32.161       0.327668897
       37.812       0.062407422
       41.602       0.044921110
       43.842       0.079734904
       44.222       0.014468608
       91.105       0.054000900
       92.062       0.000000412
       93.175       0.052552018
       93.289       0.071931162
       93.892       0.074579573

 PDOS Einstein freq (single pole), associated temp and eff. force constant: 
 Freq (THz)   Temp (K)   Eff. FC (N/m)
  54.599      2620.25     176.2754

 pDOS n Moments, associated Einstein freqs, temps and eff. force constants:
  n     Mom (THz^n)   Freq (THz)     Temp (K)    Eff. FC (N/m)
 -2       0.00318      17.72579       850.68      18.5796
 -1       0.03560      28.08887      1348.01      46.6545
  0       1.00000     ---------     --------
  1      46.72190      46.72190      2242.23     129.0822
  2    2981.03217      54.59883      2620.25     176.2754

 Path Red. Mass (AMU):    0.902020
 Path Length (Ang), s^2 (1e-3 Ang^2):  8.6055  19.9468
--------------------------------------------------------------
 Path Indices:    1   7   3   7
 PDOS Poles:
     Freq. (THz)    Weight
        2.253       0.001408115
        7.414       0.019208449
       10.949       0.002315495
       20.258       0.001525793
       23.116       0.065848831
       30.905       0.086046569
       32.185       0.223256063
       37.811       0.075712334
       41.603       0.123215443
       43.844       0.088743584
       44.224       0.015790853
       91.105       0.084136538
       92.062       0.000006709
       93.175       0.050990633
       93.289       0.073732937
       93.892       0.088061641

 PDOS Einstein freq (single pole), associated temp and eff. force constant: 
 Freq (THz)   Temp (K)   Eff. FC (N/m)
  58.589      2811.74     114.4610

 pDOS n Moments, associated Einstein freqs, temps and eff. force constants:
  n     Mom (THz^n)   Freq (THz)     Temp (K)    Eff. FC (N/m)
 -2       0.00129      27.82615      1335.40      25.8185
 -1       0.02662      37.57089      1803.06      47.0682
  0       1.00000     ---------     --------
  1      51.71057      51.71057      2481.64      89.1627
  2    3432.67691      58.58905      2811.74     114.4609

 Path Red. Mass (AMU):    0.508646
 Path Length (Ang), s^2 (1e-3 Ang^2):  9.2537  26.4459
--------------------------------------------------------------
 Path Indices:    1   7   3   8
 PDOS Poles:
     Freq. (THz)    Weight
        3.375       0.003360386
        7.321       0.033383189
       11.016       0.019069015
       20.267       0.006537288
       23.256       0.000013959
       29.699       0.003227177
       32.185       0.325166427
       38.205       0.002229247
       41.603       0.262845152
       43.810       0.002134857
       44.225       0.021438972
       91.105       0.182733486
       92.062       0.000989121
       93.175       0.001295349
       93.289       0.135576256
       93.892       0.000000083

 PDOS Einstein freq (single pole), associated temp and eff. force constant: 
 Freq (THz)   Temp (K)   Eff. FC (N/m)
  59.724      2866.21     119.4534

 pDOS n Moments, associated Einstein freqs, temps and eff. force constants:
  n     Mom (THz^n)   Freq (THz)     Temp (K)    Eff. FC (N/m)
 -2       0.00161      24.90818      1195.37      20.7770
 -1       0.02822      35.44202      1700.89      42.0665
  0       1.00000     ---------     --------
  1      52.72934      52.72934      2530.53      93.1117
  2    3566.96593      59.72408      2866.21     119.4534

 Path Red. Mass (AMU):    0.510847
 Path Length (Ang), s^2 (1e-3 Ang^2):  9.2539  27.9136
--------------------------------------------------------------
 Path Indices:    1   7   3   9
 PDOS Poles:
     Freq. (THz)    Weight
        3.269       0.010689528
        7.694       0.017958146
       14.310       0.000887436
       21.187       0.016406110
       23.497       0.031210299
       29.882       0.134867542
       32.091       0.053997374
       37.944       0.052549987
       41.601       0.231720254
       43.817       0.045982829
       44.101       0.005702513
       91.105       0.285606046
       92.062       0.002228776
       93.175       0.040603786
       93.289       0.030543608
       93.892       0.039045766

 PDOS Einstein freq (single pole), associated temp and eff. force constant: 
 Freq (THz)   Temp (K)   Eff. FC (N/m)
  64.266      3084.16     134.7342

 pDOS n Moments, associated Einstein freqs, temps and eff. force constants:
  n     Mom (THz^n)   Freq (THz)     Temp (K)    Eff. FC (N/m)
 -2       0.00185      23.25637      1116.09      17.6444
 -1       0.02644      37.82697      1815.35      46.6794
  0       1.00000     ---------     --------
  1      57.45389      57.45389      2757.26     107.6864
  2    4130.05592      64.26551      3084.16     134.7342

 Path Red. Mass (AMU):    0.497638
 Path Length (Ang), s^2 (1e-3 Ang^2):  9.2437  26.8479
--------------------------------------------------------------
 Path Indices:    1   7   4   2
 PDOS Poles:
     Freq. (THz)    Weight
        1.928       0.002802388
        7.310       0.023027719
       19.072       0.000706958
       20.793       0.004943733
       23.122       0.260173935
       30.080       0.005556417
       32.185       0.114922534
       37.830       0.028782426
       41.602       0.092274954
       43.820       0.139773144
       44.011       0.002051146
       91.105       0.032762774
       92.062       0.116501312
       93.175       0.003516450
       93.289       0.008639599
       93.892       0.163564527

 PDOS Einstein freq (single pole), associated temp and eff. force constant: 
 Freq (THz)   Temp (K)   Eff. FC (N/m)
  59.557      2858.20     148.1984

 pDOS n Moments, associated Einstein freqs, temps and eff. force constants:
  n     Mom (THz^n)   Freq (THz)     Temp (K)    Eff. FC (N/m)
 -2       0.00199      22.43686      1076.76      21.0330
 -1       0.02960      33.78579      1621.41      47.6919
  0       1.00000     ---------     --------
  1      51.51571      51.51571      2472.28     110.8807
  2    3547.04796      59.55710      2858.20     148.1984

 Path Red. Mass (AMU):    0.637335
 Path Length (Ang), s^2 (1e-3 Ang^2):  9.8507  23.4708
--------------------------------------------------------------
 Path Indices:    1   7   4   3
 PDOS Poles:
     Freq. (THz)    Weight
        3.017       0.009962257
        7.305       0.018921321
       11.100       0.004716401
       22.328       0.004078788
       23.131       0.173614327
       30.956       0.050623151
       32.242       0.047948989
       38.147       0.029570272
       41.601       0.091457809
       43.821       0.113368988
       44.188       0.003352887
       91.105       0.029856128
       92.062       0.184388157
       93.175       0.017154010
       93.289       0.004156445
       93.892       0.216830064

 PDOS Einstein freq (single pole), associated temp and eff. force constant: 
 Freq (THz)   Temp (K)   Eff. FC (N/m)
  67.288      3229.22     173.1371

 pDOS n Moments, associated Einstein freqs, temps and eff. force constants:
  n     Mom (THz^n)   Freq (THz)     Temp (K)    Eff. FC (N/m)
 -2       0.00210      21.79630      1046.02      18.1667
 -1       0.02763      36.18927      1736.75      50.0808
  0       1.00000     ---------     --------
  1      59.52945      59.52945      2856.87     135.5113
  2    4527.70792      67.28825      3229.22     173.1371

 Path Red. Mass (AMU):    0.583315
 Path Length (Ang), s^2 (1e-3 Ang^2):  8.5234  23.9410
--------------------------------------------------------------
 Path Indices:    1   7   4   5
 PDOS Poles:
     Freq. (THz)    Weight
        3.419       0.010863747
        7.517       0.011156477
       11.379       0.002576369
       23.084       0.185011920
       23.987       0.006854649
       30.744       0.112954191
       32.111       0.079390019
       37.868       0.016120038
       41.601       0.073117514
       43.830       0.026599729
       44.223       0.053933916
       91.105       0.023809245
       92.062       0.344923475
       93.175       0.010251761
       93.289       0.002305478
       93.892       0.040131480

 PDOS Einstein freq (single pole), associated temp and eff. force constant: 
 Freq (THz)   Temp (K)   Eff. FC (N/m)
  64.671      3103.61     133.1195

 pDOS n Moments, associated Einstein freqs, temps and eff. force constants:
  n     Mom (THz^n)   Freq (THz)     Temp (K)    Eff. FC (N/m)
 -2       0.00185      23.26838      1116.67      17.2328
 -1       0.02792      35.82301      1719.18      40.8459
  0       1.00000     ---------     --------
  1      56.67258      56.67258      2719.77     102.2281
  2    4182.32082      64.67087      3103.61     133.1195

 Path Red. Mass (AMU):    0.485530
 Path Length (Ang), s^2 (1e-3 Ang^2):  9.1957  29.0568
--------------------------------------------------------------
 Path Indices:    1   7   4   6
 PDOS Poles:
     Freq. (THz)    Weight
        3.018       0.007655796
        7.478       0.021992280
       11.381       0.005197590
       23.078       0.234058298
       24.435       0.007435938
       30.284       0.069125574
       32.146       0.151532900
       38.144       0.056221715
       41.594       0.036265309
       43.684       0.008736054
       43.830       0.121591358
       91.105       0.017227748
       92.062       0.104304971
       93.175       0.002990324
       93.289       0.006149842
       93.892       0.149514397

 PDOS Einstein freq (single pole), associated temp and eff. force constant: 
 Freq (THz)   Temp (K)   Eff. FC (N/m)
  56.307      2702.20     107.4123

 pDOS n Moments, associated Einstein freqs, temps and eff. force constants:
  n     Mom (THz^n)   Freq (THz)     Temp (K)    Eff. FC (N/m)
 -2       0.00211      21.78114      1045.30      16.0730
 -1       0.03171      31.53603      1513.44      33.6938
  0       1.00000     ---------     --------
  1      48.22107      48.22107      2314.17      78.7789
  2    3170.42888      56.30656      2702.20     107.4123

 Path Red. Mass (AMU):    0.516806
 Path Length (Ang), s^2 (1e-3 Ang^2):  9.5856  31.0092
--------------------------------------------------------------
 Path Indices:    1   7   4   7
 PDOS Poles:
     Freq. (THz)    Weight
        1.905       0.000857211
        7.396       0.007998514
       11.544       0.000391251
       23.116       0.312257702
       29.438       0.007314559
       31.061       0.055054132
       32.265       0.081772255
       38.155       0.044802634
       41.601       0.077921346
       43.815       0.187570584
       44.132       0.002225278
       91.105       0.027446371
       92.062       0.070372918
       93.175       0.000624340
       93.289       0.008967342
       93.892       0.114423533

 PDOS Einstein freq (single pole), associated temp and eff. force constant: 
 Freq (THz)   Temp (K)   Eff. FC (N/m)
  52.848      2536.20      65.0902

 pDOS n Moments, associated Einstein freqs, temps and eff. force constants:
  n     Mom (THz^n)   Freq (THz)     Temp (K)    Eff. FC (N/m)
 -2       0.00131      27.58611      1323.88      17.7356
 -1       0.02939      34.01949      1632.63      26.9725
  0       1.00000     ---------     --------
  1      45.73215      45.73215      2194.73      48.7426
  2    2792.86559      52.84757      2536.20      65.0902

 Path Red. Mass (AMU):    0.355514
 Path Length (Ang), s^2 (1e-3 Ang^2):  9.9377  41.7870
--------------------------------------------------------------
 Path Indices:    1   7   4   8
 PDOS Poles:
     Freq. (THz)    Weight
        4.029       0.003842347
        7.601       0.025154316
       11.292       0.008461310
       22.024       0.007159308
       23.212       0.055460657
       32.117       0.174909621
       33.009       0.010984055
       38.037       0.067593577
       41.600       0.180215900
       43.803       0.079939840
       44.171       0.005642661
       91.105       0.119205729
       92.062       0.110979289
       93.175       0.077755209
       93.289       0.049329871
       93.892       0.023366306

 PDOS Einstein freq (single pole), associated temp and eff. force constant: 
 Freq (THz)   Temp (K)   Eff. FC (N/m)
  63.583      3051.39      98.0839

 pDOS n Moments, associated Einstein freqs, temps and eff. force constants:
  n     Mom (THz^n)   Freq (THz)     Temp (K)    Eff. FC (N/m)
 -2       0.00128      27.99454      1343.48      19.0137
 -1       0.02569      38.91998      1867.80      36.7507
  0       1.00000     ---------     --------
  1      56.66417      56.66417      2719.36      77.9000
  2    4042.75433      63.58266      3051.39      98.0839

 Path Red. Mass (AMU):    0.370094
 Path Length (Ang), s^2 (1e-3 Ang^2): 10.4992  35.0865
--------------------------------------------------------------
 Path Indices:    1   7   4   9
 PDOS Poles:
     Freq. (THz)    Weight
        3.094       0.007504248
        7.460       0.011287220
       20.084       0.015524171
       23.042       0.157607784
       25.521       0.005731352
       29.912       0.200837234
       31.658       0.050614739
       38.115       0.025455165
       41.602       0.209098441
       43.806       0.024900097
       44.207       0.006949808
       91.105       0.137833945
       92.062       0.034027038
       93.175       0.000007704
       93.289       0.034007280
       93.892       0.078613756

 PDOS Einstein freq (single pole), associated temp and eff. force constant: 
 Freq (THz)   Temp (K)   Eff. FC (N/m)
  56.626      2717.54      76.8392

 pDOS n Moments, associated Einstein freqs, temps and eff. force constants:
  n     Mom (THz^n)   Freq (THz)     Temp (K)    Eff. FC (N/m)
 -2       0.00179      23.60896      1133.01      13.3568
 -1       0.02959      33.79158      1621.69      27.3631
  0       1.00000     ---------     --------
  1      49.11831      49.11831      2357.23      57.8143
  2    3206.52503      56.62619      2717.54      76.8392

 Path Red. Mass (AMU):    0.365544
 Path Length (Ang), s^2 (1e-3 Ang^2):  9.9244  40.9144
--------------------------------------------------------------
 Path Indices:    1   7   5   2
 PDOS Poles:
     Freq. (THz)    Weight
        2.035       0.002717672
        7.384       0.025662988
       18.722       0.000625333
       20.973       0.004735930
       24.358       0.001666801
       30.751       0.108078611
       32.130       0.109750218
       37.818       0.038147233
       41.602       0.057622635
       43.833       0.069235628
       44.013       0.001597626
       91.105       0.065079790
       92.062       0.208410871
       93.175       0.265987102
       93.289       0.037588109
       93.892       0.003093464

 PDOS Einstein freq (single pole), associated temp and eff. force constant: 
 Freq (THz)   Temp (K)   Eff. FC (N/m)
  74.032      3552.86     222.1619

 pDOS n Moments, associated Einstein freqs, temps and eff. force constants:
  n     Mom (THz^n)   Freq (THz)     Temp (K)    Eff. FC (N/m)
 -2       0.00153      25.58576      1227.88      26.5355
 -1       0.02235      44.74763      2147.48      81.1655
  0       1.00000     ---------     --------
  1      67.83765      67.83765      3255.59     186.5403
  2    5480.73148      74.03196      3552.86     222.1619

 Path Red. Mass (AMU):    0.618333
 Path Length (Ang), s^2 (1e-3 Ang^2): 10.4112  18.2657
--------------------------------------------------------------
 Path Indices:    1   7   5   3
 PDOS Poles:
     Freq. (THz)    Weight
        3.128       0.009384687
        7.461       0.020652918
       11.238       0.003829210
       23.026       0.012376115
       27.663       0.001180664
       31.368       0.048585231
       32.833       0.016340258
       37.918       0.096832842
       41.593       0.055215644
       43.720       0.012379909
       43.873       0.042686473
       91.105       0.056183438
       92.062       0.275722690
       93.175       0.303898274
       93.289       0.029128466
       93.892       0.015603243

 PDOS Einstein freq (single pole), associated temp and eff. force constant: 
 Freq (THz)   Temp (K)   Eff. FC (N/m)
  79.043      3793.33     219.3702

 pDOS n Moments, associated Einstein freqs, temps and eff. force constants:
  n     Mom (THz^n)   Freq (THz)     Temp (K)    Eff. FC (N/m)
 -2       0.00166      24.56283      1178.79      21.1841
 -1       0.02123      47.11389      2261.04      77.9385
  0       1.00000     ---------     --------
  1      73.98724      73.98724      3550.71     192.2064
  2    6247.74689      79.04269      3793.33     219.3703

 Path Red. Mass (AMU):    0.535606
 Path Length (Ang), s^2 (1e-3 Ang^2):  9.0848  20.0277
--------------------------------------------------------------
 Path Indices:    1   7   5   4
 PDOS Poles:
     Freq. (THz)    Weight
        2.361       0.014211553
        7.226       0.014375993
       10.928       0.003135502
       21.567       0.001023456
       23.477       0.002576339
       29.758       0.012853217
       32.197       0.053152009
       37.816       0.174267386
       41.601       0.043020072
       43.821       0.074212140
       44.223       0.037119780
       91.105       0.044729621
       92.062       0.414179873
       93.175       0.091412063
       93.289       0.011522101
       93.892       0.008208909

 PDOS Einstein freq (single pole), associated temp and eff. force constant: 
 Freq (THz)   Temp (K)   Eff. FC (N/m)
  73.866      3544.89     156.7325

 pDOS n Moments, associated Einstein freqs, temps and eff. force constants:
  n     Mom (THz^n)   Freq (THz)     Temp (K)    Eff. FC (N/m)
 -2       0.00319      17.69153       849.03       8.9909
 -1       0.02489      40.17214      1927.90      46.3575
  0       1.00000     ---------     --------
  1      68.18961      68.18961      3272.48     133.5693
  2    5456.18367      73.86598      3544.89     156.7325

 Path Red. Mass (AMU):    0.438189
 Path Length (Ang), s^2 (1e-3 Ang^2):  9.7571  28.7105
--------------------------------------------------------------
 Path Indices:    1   7   5   6
 PDOS Poles:
     Freq. (THz)    Weight
        2.968       0.007107823
        7.432       0.024857808
       11.171       0.005503715
       20.895       0.000921616
       29.633       0.022625355
       32.026       0.132881785
       33.890       0.006421118
       37.905       0.222170317
       41.451       0.015660934
       42.089       0.003749483
       43.836       0.070218001
       91.105       0.040533647
       92.062       0.187470849
       93.175       0.224882040
       93.289       0.029771987
       93.892       0.005223551

 PDOS Einstein freq (single pole), associated temp and eff. force constant: 
 Freq (THz)   Temp (K)   Eff. FC (N/m)
  69.545      3337.54     163.4813

 pDOS n Moments, associated Einstein freqs, temps and eff. force constants:
  n     Mom (THz^n)   Freq (THz)     Temp (K)    Eff. FC (N/m)
 -2       0.00172      24.08734      1155.97      19.6114
 -1       0.02458      40.68628      1952.57      55.9536
  0       1.00000     ---------     --------
  1      62.90968      62.90968      3019.09     133.7725
  2    4836.55662      69.54536      3337.54     163.4813

 Path Red. Mass (AMU):    0.515612
 Path Length (Ang), s^2 (1e-3 Ang^2): 10.1472  24.0909
--------------------------------------------------------------
 Path Indices:    1   7   5   7
 PDOS Poles:
     Freq. (THz)    Weight
        1.588       0.001879211
        7.427       0.010791538
       11.048       0.000611671
       23.089       0.001185168
       30.314       0.012582226
       32.108       0.086831834
       36.596       0.004076473
       37.919       0.176763545
       41.593       0.051871636
       42.886       0.000456791
       43.838       0.067912789
       91.105       0.056253406
       92.062       0.226198300
       93.175       0.264281812
       93.289       0.030657177
       93.892       0.007646467

 PDOS Einstein freq (single pole), associated temp and eff. force constant: 
 Freq (THz)   Temp (K)   Eff. FC (N/m)
  74.805      3589.94     133.2831

 pDOS n Moments, associated Einstein freqs, temps and eff. force constants:
  n     Mom (THz^n)   Freq (THz)     Temp (K)    Eff. FC (N/m)
 -2       0.00131      27.67723      1328.25      18.2458
 -1       0.01976      50.59920      2428.30      60.9826
  0       1.00000     ---------     --------
  1      69.44441      69.44441      3332.70     114.8665
  2    5595.72561      74.80458      3589.94     133.2831

 Path Red. Mass (AMU):    0.363337
 Path Length (Ang), s^2 (1e-3 Ang^2): 11.0605  27.4914
--------------------------------------------------------------
 Path Indices:    1   7   5   8
 PDOS Poles:
     Freq. (THz)    Weight
        4.068       0.003889194
        7.631       0.024727196
       11.299       0.008270545
       21.819       0.005646454
       23.199       0.053575603
       32.137       0.179734646
       33.274       0.006097866
       38.037       0.068708006
       41.600       0.181097803
       43.804       0.080624793
       44.172       0.005825700
       91.105       0.119897793
       92.062       0.114767928
       93.175       0.051382464
       93.289       0.072201992
       93.892       0.023551986

 PDOS Einstein freq (single pole), associated temp and eff. force constant: 
 Freq (THz)   Temp (K)   Eff. FC (N/m)
  63.681      3056.11      98.9305

 pDOS n Moments, associated Einstein freqs, temps and eff. force constants:
  n     Mom (THz^n)   Freq (THz)     Temp (K)    Eff. FC (N/m)
 -2       0.00126      28.20112      1353.40      19.4018
 -1       0.02554      39.14873      1878.78      37.3891
  0       1.00000     ---------     --------
  1      56.80284      56.80284      2726.02      78.7135
  2    4055.28172      63.68109      3056.11      98.9305

 Path Red. Mass (AMU):    0.372135
 Path Length (Ang), s^2 (1e-3 Ang^2): 10.5032  34.6902
--------------------------------------------------------------
 Path Indices:    1   7   5   9
 PDOS Poles:
     Freq. (THz)    Weight
        3.052       0.007364699
        7.283       0.007555960
       19.647       0.004615607
       20.570       0.014017125
       29.586       0.118311136
       30.644       0.028225930
       33.395       0.004501533
       37.873       0.144709773
       41.600       0.170796876
       43.834       0.059547360
       44.200       0.011678357
       91.105       0.185086767
       92.062       0.076465680
       93.175       0.154465513
       93.289       0.012109090
       93.892       0.000548614

 PDOS Einstein freq (single pole), associated temp and eff. force constant: 
 Freq (THz)   Temp (K)   Eff. FC (N/m)
  66.477      3190.29     106.0778

 pDOS n Moments, associated Einstein freqs, temps and eff. force constants:
  n     Mom (THz^n)   Freq (THz)     Temp (K)    Eff. FC (N/m)
 -2       0.00143      26.40470      1267.18      16.7357
 -1       0.02363      42.32612      2031.27      43.0029
  0       1.00000     ---------     --------
  1      60.15984      60.15984      2887.12      86.8748
  2    4419.20409      66.47709      3190.29     106.0778

 Path Red. Mass (AMU):    0.366161
 Path Length (Ang), s^2 (1e-3 Ang^2): 10.4822  32.6095
--------------------------------------------------------------
 Path Indices:    1   7   6   2
 PDOS Poles:
     Freq. (THz)    Weight
        1.637       0.004448106
        7.366       0.090316322
       11.000       0.016251127
       20.396       0.000337978
       23.119       0.034420516
       30.885       0.023449931
       32.183       0.054322245
       37.815       0.021100291
       41.602       0.038799430
       43.844       0.051925059
       44.223       0.002996424
       91.105       0.158738912
       92.062       0.005061164
       93.175       0.144508151
       93.289       0.184952779
       93.892       0.168371533

 PDOS Einstein freq (single pole), associated temp and eff. force constant: 
 Freq (THz)   Temp (K)   Eff. FC (N/m)
  77.563      3722.31     522.3839

 pDOS n Moments, associated Einstein freqs, temps and eff. force constants:
  n     Mom (THz^n)   Freq (THz)     Temp (K)    Eff. FC (N/m)
 -2       0.00374      16.34458       784.39      23.1969
 -1       0.03028      33.03048      1585.16      94.7354
  0       1.00000     ---------     --------
  1      70.40286      70.40286      3378.69     430.3911
  2    6015.99031      77.56282      3722.31     522.3839

 Path Red. Mass (AMU):    1.324567
 Path Length (Ang), s^2 (1e-3 Ang^2):  8.7720  11.5522
--------------------------------------------------------------
 Path Indices:    1   7   6   3
 PDOS Poles:
     Freq. (THz)    Weight
        3.028       0.022685250
        7.345       0.053344708
       10.993       0.012028238
       21.075       0.000941109
       23.136       0.033804619
       30.991       0.028450207
       32.212       0.085876495
       37.865       0.024952078
       41.600       0.034049859
       43.841       0.052056633
       44.205       0.003005104
       91.105       0.160085764
       92.062       0.002702577
       93.175       0.148636169
       93.289       0.164343669
       93.892       0.173037507

 PDOS Einstein freq (single pole), associated temp and eff. force constant: 
 Freq (THz)   Temp (K)   Eff. FC (N/m)
  77.058      3698.06     527.0061

 pDOS n Moments, associated Einstein freqs, temps and eff. force constants:
  n     Mom (THz^n)   Freq (THz)     Temp (K)    Eff. FC (N/m)
 -2       0.00388      16.05101       770.30      22.8660
 -1       0.03066      32.61759      1565.35      94.4255
  0       1.00000     ---------     --------
  1      70.07995      70.07995      3363.20     435.8862
  2    5937.86171      77.05752      3698.06     527.0061

 Path Red. Mass (AMU):    1.353870
 Path Length (Ang), s^2 (1e-3 Ang^2):  7.5348  11.4445
--------------------------------------------------------------
 Path Indices:    1   7   6   4
 PDOS Poles:
     Freq. (THz)    Weight
        2.328       0.031569619
        7.157       0.032015920
       10.733       0.006672307
       20.355       0.001659785
       23.124       0.048370621
       29.877       0.006633163
       32.186       0.088041440
       37.872       0.035120830
       39.176       0.000575357
       41.604       0.025239640
       43.843       0.042141462
       91.105       0.116618136
       92.062       0.133628835
       93.175       0.016778872
       93.289       0.068020938
       93.892       0.346913084

 PDOS Einstein freq (single pole), associated temp and eff. force constant: 
 Freq (THz)   Temp (K)   Eff. FC (N/m)
  78.731      3778.39     399.3426

 pDOS n Moments, associated Einstein freqs, temps and eff. force constants:
  n     Mom (THz^n)   Freq (THz)     Temp (K)    Eff. FC (N/m)
 -2       0.00684      12.09449       580.42       9.4237
 -1       0.03363      29.73226      1426.88      56.9514
  0       1.00000     ---------     --------
  1      72.21674      72.21674      3465.74     335.9887
  2    6198.64558      78.73148      3778.39     399.3426

 Path Red. Mass (AMU):    0.982743
 Path Length (Ang), s^2 (1e-3 Ang^2):  8.1729  17.2966
--------------------------------------------------------------
 Path Indices:    1   7   6   5
 PDOS Poles:
     Freq. (THz)    Weight
        3.362       0.021896796
        7.473       0.024261605
       11.277       0.004388778
       21.250       0.003057526
       23.367       0.009772021
       30.780       0.087638693
       32.154       0.094654028
       37.988       0.012601995
       41.596       0.025460693
       42.946       0.000194172
       43.845       0.038496488
       91.105       0.117419393
       92.062       0.153143017
       93.175       0.306019776
       93.289       0.089809009
       93.892       0.011186047

 PDOS Einstein freq (single pole), associated temp and eff. force constant: 
 Freq (THz)   Temp (K)   Eff. FC (N/m)
  78.332      3759.21     398.5964

 pDOS n Moments, associated Einstein freqs, temps and eff. force constants:
  n     Mom (THz^n)   Freq (THz)     Temp (K)    Eff. FC (N/m)
 -2       0.00274      19.11293       917.25      23.7308
 -1       0.02565      38.99150      1871.24      98.7638
  0       1.00000     ---------     --------
  1      72.31079      72.31079      3470.26     339.6755
  2    6135.85895      78.33172      3759.21     398.5964

 Path Red. Mass (AMU):    0.990944
 Path Length (Ang), s^2 (1e-3 Ang^2):  8.1731  13.0799
--------------------------------------------------------------
 Path Indices:    1   7   6   7
 PDOS Poles:
     Freq. (THz)    Weight
        1.165       0.015645795
        7.424       0.042908737
       11.059       0.006243942
       20.490       0.003031251
       23.145       0.028280194
       30.492       0.013929382
       32.123       0.027388381
       37.833       0.009279567
       41.602       0.078703701
       43.843       0.060205207
       44.218       0.002933541
       91.105       0.179799701
       92.062       0.004938408
       93.175       0.162715103
       93.289       0.177074818
       93.892       0.186922258

 PDOS Einstein freq (single pole), associated temp and eff. force constant: 
 Freq (THz)   Temp (K)   Eff. FC (N/m)
  80.421      3859.46     285.5275

 pDOS n Moments, associated Einstein freqs, temps and eff. force constants:
  n     Mom (THz^n)   Freq (THz)     Temp (K)    Eff. FC (N/m)
 -2       0.01263       8.89735       426.99       3.4949
 -1       0.03370      29.67720      1424.23      38.8828
  0       1.00000     ---------     --------
  1      74.88762      74.88762      3593.92     247.5891
  2    6467.50067      80.42077      3859.46     285.5275

 Path Red. Mass (AMU):    0.673446
 Path Length (Ang), s^2 (1e-3 Ang^2):  7.1123  25.3627
--------------------------------------------------------------
 Path Indices:    1   7   6   8
 PDOS Poles:
     Freq. (THz)    Weight
        3.373       0.004375595
        7.320       0.039386165
       11.015       0.016850589
       20.266       0.005678616
       23.155       0.000022650
       29.698       0.006476414
       32.185       0.088682258
       38.205       0.003470131
       41.603       0.136499844
       43.810       0.001567564
       44.225       0.002412974
       91.105       0.385834720
       92.062       0.009652125
       93.175       0.002644989
       93.289       0.296442705
       93.892       0.000002588

 PDOS Einstein freq (single pole), associated temp and eff. force constant: 
 Freq (THz)   Temp (K)   Eff. FC (N/m)
  78.996      3791.08     282.6394

 pDOS n Moments, associated Einstein freqs, temps and eff. force constants:
  n     Mom (THz^n)   Freq (THz)     Temp (K)    Eff. FC (N/m)
 -2       0.00153      25.56010      1226.65      29.5903
 -1       0.02247      44.50290      2135.73      89.7018
  0       1.00000     ---------     --------
  1      73.57924      73.57924      3531.13     245.2083
  2    6240.33801      78.99581      3791.08     282.6394

 Path Red. Mass (AMU):    0.690901
 Path Length (Ang), s^2 (1e-3 Ang^2):  7.1123  16.4369
--------------------------------------------------------------
 Path Indices:    1   7   6   9
 PDOS Poles:
     Freq. (THz)    Weight
        3.061       0.011733028
        7.429       0.022280829
       11.330       0.002085702
       20.552       0.004824683
       23.220       0.015740408
       29.921       0.026289341
       31.904       0.010410997
       37.853       0.011382415
       41.602       0.100480561
       43.836       0.023680842
       44.209       0.002647062
       91.105       0.541078020
       92.062       0.001273527
       93.175       0.094208490
       93.289       0.055805279
       93.892       0.076078830

 PDOS Einstein freq (single pole), associated temp and eff. force constant: 
 Freq (THz)   Temp (K)   Eff. FC (N/m)
  82.239      3946.71     278.3620

 pDOS n Moments, associated Einstein freqs, temps and eff. force constants:
  n     Mom (THz^n)   Freq (THz)     Temp (K)    Eff. FC (N/m)
 -2       0.00192      22.80336      1094.35      21.4020
 -1       0.02082      48.02601      2304.81      94.9312
  0       1.00000     ---------     --------
  1      78.11405      78.11405      3748.76     251.1390
  2    6763.22859      82.23885      3946.71     278.3620

 Path Red. Mass (AMU):    0.627837
 Path Length (Ang), s^2 (1e-3 Ang^2):  7.1138  16.7610
--------------------------------------------------------------
 Path Indices:    1   7   8   2
 PDOS Poles:
     Freq. (THz)    Weight
        1.519       0.002857546
        7.338       0.064045390
       11.026       0.021897313
       20.318       0.005337491
       23.492       0.000878528
       29.722       0.025174902
       32.185       0.126931945
       38.192       0.019244039
       41.602       0.056684288
       43.811       0.035549017
       44.224       0.097588090
       91.105       0.309882239
       92.062       0.007455648
       93.175       0.000886285
       93.289       0.225332116
       93.892       0.000255124

 PDOS Einstein freq (single pole), associated temp and eff. force constant: 
 Freq (THz)   Temp (K)   Eff. FC (N/m)
  71.792      3445.34     273.7612

 pDOS n Moments, associated Einstein freqs, temps and eff. force constants:
  n     Mom (THz^n)   Freq (THz)     Temp (K)    Eff. FC (N/m)
 -2       0.00295      18.40572       883.31      17.9941
 -1       0.02848      35.11190      1685.05      65.4837
  0       1.00000     ---------     --------
  1      64.69054      64.69054      3104.56     222.2830
  2    5154.03237      71.79159      3445.34     273.7611

 Path Red. Mass (AMU):    0.810244
 Path Length (Ang), s^2 (1e-3 Ang^2):  9.6451  17.7662
--------------------------------------------------------------
 Path Indices:    1   7   8   3
 PDOS Poles:
     Freq. (THz)    Weight
        3.001       0.012523167
        7.312       0.031902223
       10.955       0.009697494
       19.647       0.000109273
       23.086       0.001609871
       29.696       0.016434068
       32.185       0.102742914
       38.205       0.018678468
       41.603       0.035021416
       43.815       0.021915219
       44.224       0.037160454
       91.105       0.404054394
       92.062       0.006881295
       93.175       0.012090094
       93.289       0.283315565
       93.892       0.005864024

 PDOS Einstein freq (single pole), associated temp and eff. force constant: 
 Freq (THz)   Temp (K)   Eff. FC (N/m)
  79.761      3827.79     321.1220

 pDOS n Moments, associated Einstein freqs, temps and eff. force constants:
  n     Mom (THz^n)   Freq (THz)     Temp (K)    Eff. FC (N/m)
 -2       0.00234      20.68696       992.79      21.6016
 -1       0.02365      42.27942      2029.03      90.2298
  0       1.00000     ---------     --------
  1      74.53768      74.53768      3577.13     280.4424
  2    6361.77198      79.76072      3827.79     321.1220

 Path Red. Mass (AMU):    0.769987
 Path Length (Ang), s^2 (1e-3 Ang^2):  8.8592  15.5243
--------------------------------------------------------------
 Path Indices:    1   7   8   4
 PDOS Poles:
     Freq. (THz)    Weight
        2.331       0.018287756
        7.187       0.019807238
       10.851       0.005382944
       23.093       0.006350189
       28.331       0.001675444
       30.011       0.031642087
       32.169       0.087355707
       37.851       0.012976317
       41.600       0.013582686
       43.816       0.021712801
       44.224       0.040404895
       91.105       0.328857544
       92.062       0.128883709
       93.175       0.099689822
       93.289       0.170337894
       93.892       0.013052955

 PDOS Einstein freq (single pole), associated temp and eff. force constant: 
 Freq (THz)   Temp (K)   Eff. FC (N/m)
  81.074      3890.83     247.5690

 pDOS n Moments, associated Einstein freqs, temps and eff. force constants:
  n     Mom (THz^n)   Freq (THz)     Temp (K)    Eff. FC (N/m)
 -2       0.00406      15.68726       752.85       9.2688
 -1       0.02532      39.48927      1895.12      58.7337
  0       1.00000     ---------     --------
  1      76.22238      76.22238      3657.98     218.8235
  2    6573.05503      81.07438      3890.83     247.5690

 Path Red. Mass (AMU):    0.574540
 Path Length (Ang), s^2 (1e-3 Ang^2):  9.7624  22.2756
--------------------------------------------------------------
 Path Indices:    1   7   8   5
 PDOS Poles:
     Freq. (THz)    Weight
        3.299       0.015945746
        7.506       0.035751202
       10.980       0.005989383
       23.113       0.017543133
       29.610       0.018667028
       30.864       0.033339659
       32.193       0.120412759
       37.923       0.006704788
       41.602       0.038611815
       43.838       0.014474263
       44.224       0.036055193
       91.105       0.321395128
       92.062       0.091814516
       93.175       0.007703806
       93.289       0.205509801
       93.892       0.030081732

 PDOS Einstein freq (single pole), associated temp and eff. force constant: 
 Freq (THz)   Temp (K)   Eff. FC (N/m)
  76.983      3694.48     287.8777

 pDOS n Moments, associated Einstein freqs, temps and eff. force constants:
  n     Mom (THz^n)   Freq (THz)     Temp (K)    Eff. FC (N/m)
 -2       0.00248      20.06072       962.73      19.5484
 -1       0.02573      38.86075      1864.96      73.3568
  0       1.00000     ---------     --------
  1      70.78748      70.78748      3397.15     243.4057
  2    5926.38979      76.98305      3694.48     287.8777

 Path Red. Mass (AMU):    0.740984
 Path Length (Ang), s^2 (1e-3 Ang^2):  9.2050  17.5511
--------------------------------------------------------------
 Path Indices:    1   7   8   6
 PDOS Poles:
     Freq. (THz)    Weight
        2.820       0.008146267
        7.356       0.033755040
       11.019       0.009523554
       21.031       0.000897882
       23.153       0.017224877
       30.857       0.013940260
       32.199       0.043409636
       37.927       0.016115775
       39.411       0.000226663
       43.822       0.043419133
       44.224       0.053246836
       91.105       0.395119981
       92.062       0.010249189
       93.175       0.033886954
       93.289       0.305035541
       93.892       0.015802349

 PDOS Einstein freq (single pole), associated temp and eff. force constant: 
 Freq (THz)   Temp (K)   Eff. FC (N/m)
  82.077      3938.94     290.9540

 pDOS n Moments, associated Einstein freqs, temps and eff. force constants:
  n     Mom (THz^n)   Freq (THz)     Temp (K)    Eff. FC (N/m)
 -2       0.00197      22.54171      1081.80      21.9461
 -1       0.02180      45.86338      2201.02      90.8479
  0       1.00000     ---------     --------
  1      77.53811      77.53811      3721.12     259.6650
  2    6736.60900      82.07685      3938.94     290.9540

 Path Red. Mass (AMU):    0.658831
 Path Length (Ang), s^2 (1e-3 Ang^2):  7.7883  16.7257
--------------------------------------------------------------
 Path Indices:    1   7   8   7
 PDOS Poles:
     Freq. (THz)    Weight
        1.263       0.023807215
        7.414       0.016525881
       11.522       0.002623086
       21.347       0.004909587
       23.235       0.034847199
       30.366       0.026807656
       32.147       0.037913567
       37.966       0.028226727
       40.404       0.000282679
       43.813       0.068611161
       44.224       0.132363948
       91.105       0.352586506
       92.062       0.008254285
       93.175       0.014251820
       93.289       0.243317308
       93.892       0.004671332

 PDOS Einstein freq (single pole), associated temp and eff. force constant: 
 Freq (THz)   Temp (K)   Eff. FC (N/m)
  76.137      3653.90     176.4531

 pDOS n Moments, associated Einstein freqs, temps and eff. force constants:
  n     Mom (THz^n)   Freq (THz)     Temp (K)    Eff. FC (N/m)
 -2       0.01559       8.00972       384.39       1.9528
 -1       0.03718      26.89522      1290.73      22.0182
  0       1.00000     ---------     --------
  1      70.42067      70.42067      3379.55     150.9499
  2    5796.91327      76.13746      3653.90     176.4531

 Path Red. Mass (AMU):    0.464327
 Path Length (Ang), s^2 (1e-3 Ang^2):  8.4641  40.5653
--------------------------------------------------------------
 Path Indices:    1   7   8   9
 PDOS Poles:
     Freq. (THz)    Weight
        3.011       0.009086716
        7.359       0.017490881
       11.011       0.002035646
       20.395       0.002841529
       23.166       0.010099751
       29.870       0.012665902
       31.984       0.006497561
       37.807       0.002489411
       41.600       0.000579286
       43.838       0.139341314
       44.223       0.027174199
       91.105       0.756305172
       92.062       0.000310473
       93.175       0.005981187
       93.289       0.002327427
       93.892       0.004773568

 PDOS Einstein freq (single pole), associated temp and eff. force constant: 
 Freq (THz)   Temp (K)   Eff. FC (N/m)
  82.132      3941.59     220.1089

 pDOS n Moments, associated Einstein freqs, temps and eff. force constants:
  n     Mom (THz^n)   Freq (THz)     Temp (K)    Eff. FC (N/m)
 -2       0.00157      25.24482      1211.52      20.7949
 -1       0.01910      52.35837      2512.72      89.4509
  0       1.00000     ---------     --------
  1      78.63955      78.63955      3773.98     201.7875
  2    6745.67461      82.13206      3941.59     220.1089

 Path Red. Mass (AMU):    0.497741
 Path Length (Ang), s^2 (1e-3 Ang^2):  8.4662  19.3926
--------------------------------------------------------------
 Path Indices:    1   7   9   2
 PDOS Poles:
     Freq. (THz)    Weight
        2.104       0.003012351
        7.422       0.045989630
       11.357       0.003113484
       20.614       0.005295874
       23.200       0.024458129
       30.312       0.025494993
       31.853       0.014756056
       37.834       0.028629914
       41.595       0.008365633
       43.826       0.017432426
       44.221       0.013948752
       91.105       0.580234547
       92.062       0.002091836
       93.175       0.080868887
       93.289       0.085035104
       93.892       0.061272389

 PDOS Einstein freq (single pole), associated temp and eff. force constant: 
 Freq (THz)   Temp (K)   Eff. FC (N/m)
  83.600      4012.06     353.3849

 pDOS n Moments, associated Einstein freqs, temps and eff. force constants:
  n     Mom (THz^n)   Freq (THz)     Temp (K)    Eff. FC (N/m)
 -2       0.00178      23.72336      1138.51      28.4566
 -1       0.02101      47.59077      2283.92     114.5187
  0       1.00000     ---------     --------
  1      79.39023      79.39023      3810.01     318.6876
  2    6989.02973      83.60042      4012.06     353.3848

 Path Red. Mass (AMU):    0.771298
 Path Length (Ang), s^2 (1e-3 Ang^2): 10.4297  13.7684
--------------------------------------------------------------
 Path Indices:    1   7   9   3
 PDOS Poles:
     Freq. (THz)    Weight
        3.131       0.015112648
        7.475       0.030472620
       11.563       0.002732549
       20.812       0.006321250
       23.256       0.025582249
       29.993       0.044063560
       31.578       0.015383231
       37.853       0.033661093
       41.598       0.027993319
       43.826       0.016115356
       44.212       0.007245208
       91.105       0.557349484
       92.062       0.001356437
       93.175       0.085578721
       93.289       0.062648383
       93.892       0.068383908

 PDOS Einstein freq (single pole), associated temp and eff. force constant: 
 Freq (THz)   Temp (K)   Eff. FC (N/m)
  82.123      3941.15     375.2196

 pDOS n Moments, associated Einstein freqs, temps and eff. force constants:
  n     Mom (THz^n)   Freq (THz)     Temp (K)    Eff. FC (N/m)
 -2       0.00238      20.50910       984.25      23.4018
 -1       0.02304      43.39524      2082.58     104.7708
  0       1.00000     ---------     --------
  1      77.44708      77.44708      3716.75     333.7078
  2    6744.18188      82.12297      3941.15     375.2196

 Path Red. Mass (AMU):    0.848687
 Path Length (Ang), s^2 (1e-3 Ang^2):  8.8513  13.7226
--------------------------------------------------------------
 Path Indices:    1   7   9   4
 PDOS Poles:
     Freq. (THz)    Weight
        2.479       0.026388705
        7.551       0.048602338
       12.703       0.000632189
       20.553       0.014692430
       23.248       0.035430361
       30.031       0.041222504
       31.964       0.011281002
       37.874       0.050703499
       41.596       0.036496373
       43.836       0.051313395
       44.195       0.006501228
       91.105       0.417468786
       92.062       0.033782311
       93.175       0.018422546
       93.289       0.045544617
       93.892       0.161517715

 PDOS Einstein freq (single pole), associated temp and eff. force constant: 
 Freq (THz)   Temp (K)   Eff. FC (N/m)
  77.819      3734.62     311.3656

 pDOS n Moments, associated Einstein freqs, temps and eff. force constants:
  n     Mom (THz^n)   Freq (THz)     Temp (K)    Eff. FC (N/m)
 -2       0.00547      13.51733       648.71       9.3946
 -1       0.03198      31.26577      1500.47      50.2613
  0       1.00000     ---------     --------
  1      71.41404      71.41404      3427.22     262.2178
  2    6055.85666      77.81938      3734.62     311.3656

 Path Red. Mass (AMU):    0.784307
 Path Length (Ang), s^2 (1e-3 Ang^2):  9.1900  20.6097
--------------------------------------------------------------
 Path Indices:    1   7   9   5
 PDOS Poles:
     Freq. (THz)    Weight
        3.384       0.020305006
        7.465       0.015693866
       13.835       0.000387757
       20.476       0.015678602
       23.311       0.018492752
       30.009       0.050185616
       31.689       0.019524037
       37.919       0.026460349
       40.582       0.000508732
       41.607       0.041803184
       44.224       0.007420687
       91.105       0.474935215
       92.062       0.047372632
       93.175       0.212049607
       93.289       0.039874170
       93.892       0.009307831

 PDOS Einstein freq (single pole), associated temp and eff. force constant: 
 Freq (THz)   Temp (K)   Eff. FC (N/m)
  82.595      3963.80     400.2837

 pDOS n Moments, associated Einstein freqs, temps and eff. force constants:
  n     Mom (THz^n)   Freq (THz)     Temp (K)    Eff. FC (N/m)
 -2       0.00234      20.65856       991.42      25.0416
 -1       0.02239      44.66006      2143.28     117.0308
  0       1.00000     ---------     --------
  1      78.14134      78.14134      3750.07     358.2805
  2    6821.91751      82.59490      3963.80     400.2837

 Path Red. Mass (AMU):    0.895061
 Path Length (Ang), s^2 (1e-3 Ang^2):  9.1864  12.6431
--------------------------------------------------------------
 Path Indices:    1   7   9   6
 PDOS Poles:
     Freq. (THz)    Weight
        2.788       0.008741619
        7.332       0.036042003
       10.972       0.009565608
       20.423       0.000268480
       23.120       0.023578345
       30.850       0.022094589
       32.168       0.029299162
       37.812       0.024825643
       41.599       0.000934162
       43.826       0.020366962
       44.224       0.021608829
       91.105       0.557348705
       92.062       0.002762869
       93.175       0.077699637
       93.289       0.107926813
       93.892       0.056936576

 PDOS Einstein freq (single pole), associated temp and eff. force constant: 
 Freq (THz)   Temp (K)   Eff. FC (N/m)
  83.373      4001.12     326.5044

 pDOS n Moments, associated Einstein freqs, temps and eff. force constants:
  n     Mom (THz^n)   Freq (THz)     Temp (K)    Eff. FC (N/m)
 -2       0.00211      21.79397      1045.91      22.3108
 -1       0.02196      45.53775      2185.40      97.4061
  0       1.00000     ---------     --------
  1      79.07984      79.07984      3795.11     293.7477
  2    6950.98171      83.37255      4001.12     326.5044

 Path Red. Mass (AMU):    0.716530
 Path Length (Ang), s^2 (1e-3 Ang^2):  7.7922  15.4889
--------------------------------------------------------------
 Path Indices:    1   7   9   7
 PDOS Poles:
     Freq. (THz)    Weight
        1.419       0.004007878
        7.551       0.068213086
       11.067       0.010698003
       20.494       0.004258699
       23.151       0.033584012
       30.626       0.032614841
       32.045       0.026334244
       37.814       0.037057277
       41.597       0.003905197
       43.833       0.077798938
       44.223       0.036670844
       91.105       0.477545980
       92.062       0.001469914
       93.175       0.071875778
       93.289       0.058242719
       93.892       0.055722588

 PDOS Einstein freq (single pole), associated temp and eff. force constant: 
 Freq (THz)   Temp (K)   Eff. FC (N/m)
  77.213      3705.52     201.5119

 pDOS n Moments, associated Einstein freqs, temps and eff. force constants:
  n     Mom (THz^n)   Freq (THz)     Temp (K)    Eff. FC (N/m)
 -2       0.00357      16.72585       802.69       9.4557
 -1       0.02730      36.63575      1758.18      45.3659
  0       1.00000     ---------     --------
  1      70.94692      70.94692      3404.80     170.1322
  2    5961.85437      77.21305      3705.52     201.5119

 Path Red. Mass (AMU):    0.515597
 Path Length (Ang), s^2 (1e-3 Ang^2):  8.4690  26.7614
--------------------------------------------------------------
 Path Indices:    1   7   9   8
 PDOS Poles:
     Freq. (THz)    Weight
        3.373       0.003739909
        7.320       0.032852369
       11.015       0.013483601
       20.266       0.004583955
       23.155       0.000018926
       29.698       0.003306030
       32.185       0.052206780
       38.203       0.000664309
       41.602       0.000818842
       43.810       0.028475237
       44.225       0.069830651
       91.105       0.788686042
       92.062       0.000001133
       93.175       0.000004508
       93.289       0.001296171
       93.892       0.000031555

 PDOS Einstein freq (single pole), associated temp and eff. force constant: 
 Freq (THz)   Temp (K)   Eff. FC (N/m)
  82.546      3961.44     262.1888

 pDOS n Moments, associated Einstein freqs, temps and eff. force constants:
  n     Mom (THz^n)   Freq (THz)     Temp (K)    Eff. FC (N/m)
 -2       0.00126      28.11691      1349.36      30.4201
 -1       0.01972      50.71393      2433.81      98.9646
  0       1.00000     ---------     --------
  1      78.64652      78.64652      3774.32     238.0041
  2    6813.78882      82.54568      3961.44     262.1888

 Path Red. Mass (AMU):    0.586971
 Path Length (Ang), s^2 (1e-3 Ang^2):  8.4686  16.9778
--------------------------------------------------------------
 Path Indices:    1   8   1   2
 PDOS Poles:
     Freq. (THz)    Weight
        1.719       0.007960776
        7.403       0.128256818
       13.680       0.000482553
       20.627       0.013053844
       23.169       0.092445649
       30.581       0.068543820
       32.148       0.142100672
       37.843       0.066152230
       41.602       0.176734695
       43.840       0.139105383
       44.136       0.002939397
       91.105       0.046013463
       92.062       0.001123037
       93.175       0.047009364
       93.289       0.029860069
       93.892       0.038218228

 PDOS Einstein freq (single pole), associated temp and eff. force constant: 
 Freq (THz)   Temp (K)   Eff. FC (N/m)
  48.408      2323.13     145.9004

 pDOS n Moments, associated Einstein freqs, temps and eff. force constants:
  n     Mom (THz^n)   Freq (THz)     Temp (K)    Eff. FC (N/m)
 -2       0.00569      13.25699       636.21      10.9425
 -1       0.04426      22.59438      1084.32      31.7854
  0       1.00000     ---------     --------
  1      41.17876      41.17876      1976.20     105.5780
  2    2343.30831      48.40773      2323.13     145.9004

 Path Red. Mass (AMU):    0.949770
 Path Length (Ang), s^2 (1e-3 Ang^2): 12.2272  23.5521
--------------------------------------------------------------
 Path Indices:    1   8   1   3
 PDOS Poles:
     Freq. (THz)    Weight
        2.909       0.037936292
        7.345       0.110407664
       10.996       0.037349392
       23.111       0.092991235
       29.679       0.049962356
       31.331       0.091674265
       33.065       0.013679678
       37.967       0.091142448
       41.600       0.180739950
       43.823       0.116454454
       43.942       0.022383773
       91.105       0.044119001
       92.062       0.002291647
       93.175       0.045702979
       93.289       0.027732134
       93.892       0.035432656

 PDOS Einstein freq (single pole), associated temp and eff. force constant: 
 Freq (THz)   Temp (K)   Eff. FC (N/m)
  47.503      2279.71     133.8420

 pDOS n Moments, associated Einstein freqs, temps and eff. force constants:
  n     Mom (THz^n)   Freq (THz)     Temp (K)    Eff. FC (N/m)
 -2       0.00743      11.59898       556.65       7.9797
 -1       0.05210      19.19281       921.08      21.8487
  0       1.00000     ---------     --------
  1      39.75731      39.75731      1907.99      93.7525
  2    2256.54180      47.50307      2279.71     133.8420

 Path Red. Mass (AMU):    0.904774
 Path Length (Ang), s^2 (1e-3 Ang^2): 13.1253  29.1036
--------------------------------------------------------------
 Path Indices:    1   8   1   4
 PDOS Poles:
     Freq. (THz)    Weight
        3.305       0.029334979
        7.376       0.039141732
       11.019       0.017953477
       23.115       0.101087350
       29.907       0.150184837
       31.337       0.243595309
       33.479       0.011280696
       38.120       0.148029021
       41.597       0.087815358
       43.831       0.066093066
       44.145       0.006065362
       91.105       0.023294051
       92.062       0.012651605
       93.175       0.046265393
       93.289       0.010768874
       93.892       0.006438886

 PDOS Einstein freq (single pole), associated temp and eff. force constant: 
 Freq (THz)   Temp (K)   Eff. FC (N/m)
  42.466      2037.99      58.7639

 pDOS n Moments, associated Einstein freqs, temps and eff. force constants:
  n     Mom (THz^n)   Freq (THz)     Temp (K)    Eff. FC (N/m)
 -2       0.00437      15.12753       725.98       7.4569
 -1       0.04203      23.79221      1141.81      18.4455
  0       1.00000     ---------     --------
  1      37.09018      37.09018      1779.99      44.8270
  2    1803.38579      42.46629      2037.99      58.7639

 Path Red. Mass (AMU):    0.497065
 Path Length (Ang), s^2 (1e-3 Ang^2): 13.1514  42.7343
--------------------------------------------------------------
 Path Indices:    1   8   1   5
 PDOS Poles:
     Freq. (THz)    Weight
        2.078       0.048123132
        7.250       0.057078056
       10.921       0.018778749
       23.096       0.013774933
       29.696       0.091447871
       32.049       0.079333753
       36.318       0.007515251
       37.938       0.386764243
       41.591       0.087757394
       43.826       0.088978075
       44.127       0.010354787
       91.105       0.023177359
       92.062       0.020130009
       93.175       0.005819982
       93.289       0.012626543
       93.892       0.048339842

 PDOS Einstein freq (single pole), associated temp and eff. force constant: 
 Freq (THz)   Temp (K)   Eff. FC (N/m)
  45.099      2164.34      66.2294

 pDOS n Moments, associated Einstein freqs, temps and eff. force constants:
  n     Mom (THz^n)   Freq (THz)     Temp (K)    Eff. FC (N/m)
 -2       0.01299       8.77424       421.08       2.5069
 -1       0.05487      18.22509       874.64      10.8157
  0       1.00000     ---------     --------
  1      39.47126      39.47126      1894.26      50.7317
  2    2033.91755      45.09898      2164.34      66.2294

 Path Red. Mass (AMU):    0.496716
 Path Length (Ang), s^2 (1e-3 Ang^2): 13.2188  55.8295
--------------------------------------------------------------
 Path Indices:    1   8   1   6
 PDOS Poles:
     Freq. (THz)    Weight
        2.825       0.024924133
        7.345       0.144161185
       11.007       0.061717065
       20.583       0.002025353
       23.124       0.091326433
       30.916       0.068304376
       32.194       0.185007869
       37.831       0.062385170
       41.602       0.082113830
       43.841       0.132112615
       44.195       0.002614278
       91.105       0.026357087
       92.062       0.001205978
       93.175       0.044784218
       93.289       0.035250273
       93.892       0.035710144

 PDOS Einstein freq (single pole), associated temp and eff. force constant: 
 Freq (THz)   Temp (K)   Eff. FC (N/m)
  45.299      2173.94     121.6694

 pDOS n Moments, associated Einstein freqs, temps and eff. force constants:
  n     Mom (THz^n)   Freq (THz)     Temp (K)    Eff. FC (N/m)
 -2       0.00691      12.03079       577.37       8.5821
 -1       0.05430      18.41652       883.82      20.1103
  0       1.00000     ---------     --------
  1      37.04020      37.04020      1777.59      81.3487
  2    2052.00181      45.29903      2173.94     121.6694

 Path Red. Mass (AMU):    0.904472
 Path Length (Ang), s^2 (1e-3 Ang^2): 14.5431  30.3405
--------------------------------------------------------------
 Path Indices:    1   8   1   7
 PDOS Poles:
     Freq. (THz)    Weight
        3.338       0.006572826
        7.320       0.085125758
       11.015       0.058498916
       20.267       0.016488989
       23.187       0.000063123
       29.697       0.020967904
       32.185       0.259407417
       38.205       0.011690325
       41.603       0.376879897
       43.810       0.003474332
       44.224       0.004873235
       91.105       0.086776296
       92.062       0.002162489
       93.175       0.001084095
       93.289       0.065875885
       93.892       0.000058480

 PDOS Einstein freq (single pole), associated temp and eff. force constant: 
 Freq (THz)   Temp (K)   Eff. FC (N/m)
  48.095      2308.12      75.2971

 pDOS n Moments, associated Einstein freqs, temps and eff. force constants:
  n     Mom (THz^n)   Freq (THz)     Temp (K)    Eff. FC (N/m)
 -2       0.00322      17.61288       845.26      10.0981
 -1       0.03974      25.16344      1207.62      20.6120
  0       1.00000     ---------     --------
  1      41.44721      41.44721      1989.09      55.9204
  2    2313.12239      48.09493      2308.12      75.2971

 Path Red. Mass (AMU):    0.496559
 Path Length (Ang), s^2 (1e-3 Ang^2): 14.8667  40.4468
--------------------------------------------------------------
 Path Indices:    1   8   1   8
 PDOS Poles:
     Freq. (THz)    Weight
        2.196       0.012280746
        7.458       0.089828466
       11.121       0.022970642
       20.641       0.010826201
       23.163       0.095523158
       30.606       0.069418831
       32.151       0.138826257
       37.845       0.068222657
       41.601       0.180920031
       43.840       0.142129399
       44.132       0.003126514
       91.105       0.047080987
       92.062       0.001165900
       93.175       0.048078012
       93.289       0.030518585
       93.892       0.039083571

 PDOS Einstein freq (single pole), associated temp and eff. force constant: 
 Freq (THz)   Temp (K)   Eff. FC (N/m)
  48.893      2346.44      77.7803

 pDOS n Moments, associated Einstein freqs, temps and eff. force constants:
  n     Mom (THz^n)   Freq (THz)     Temp (K)    Eff. FC (N/m)
 -2       0.00501      14.13488       678.35       6.5006
 -1       0.04219      23.70284      1137.52      18.2797
  0       1.00000     ---------     --------
  1      41.84674      41.84674      2008.26      56.9761
  2    2390.56507      48.89341      2346.44      77.7803

 Path Red. Mass (AMU):    0.496318
 Path Length (Ang), s^2 (1e-3 Ang^2): 14.9092  42.9603
--------------------------------------------------------------
 Path Indices:    1   8   1   9
 PDOS Poles:
     Freq. (THz)    Weight
        3.101       0.023753694
        7.461       0.050597830
       11.286       0.009468401
       20.559       0.014737183
       23.224       0.046649361
       29.914       0.081702989
       31.897       0.031084456
       37.853       0.034426560
       41.602       0.291868761
       43.840       0.082369931
       44.214       0.010784005
       91.105       0.228119212
       92.062       0.001086935
       93.175       0.015644180
       93.289       0.056653808
       93.892       0.021052679

 PDOS Einstein freq (single pole), associated temp and eff. force constant: 
 Freq (THz)   Temp (K)   Eff. FC (N/m)
  59.928      2875.99     116.8997

 pDOS n Moments, associated Einstein freqs, temps and eff. force constants:
  n     Mom (THz^n)   Freq (THz)     Temp (K)    Eff. FC (N/m)
 -2       0.00398      15.85898       761.09       8.1867
 -1       0.03528      28.34847      1360.47      26.1586
  0       1.00000     ---------     --------
  1      52.51580      52.51580      2520.28      89.7709
  2    3591.34806      59.92786      2875.99     116.8997

 Path Red. Mass (AMU):    0.496532
 Path Length (Ang), s^2 (1e-3 Ang^2): 15.2752  35.9044
--------------------------------------------------------------
 Path Indices:    1   8   2   3
 PDOS Poles:
     Freq. (THz)    Weight
        3.566       0.014467964
        7.627       0.121955133
       11.176       0.058302717
       20.846       0.023005257
       23.306       0.068994194
       30.119       0.091973433
       32.143       0.086299010
       37.988       0.083151366
       41.597       0.166390706
       43.319       0.001868422
       43.848       0.153683895
       91.105       0.036735524
       92.062       0.000507722
       93.175       0.037635819
       93.289       0.025283094
       93.892       0.029745751

 PDOS Einstein freq (single pole), associated temp and eff. force constant: 
 Freq (THz)   Temp (K)   Eff. FC (N/m)
  45.384      2178.03     124.4558

 pDOS n Moments, associated Einstein freqs, temps and eff. force constants:
  n     Mom (THz^n)   Freq (THz)     Temp (K)    Eff. FC (N/m)
 -2       0.00432      15.22225       730.53      14.0012
 -1       0.04620      21.64339      1038.69      28.3046
  0       1.00000     ---------     --------
  1      38.21636      38.21636      1834.04      88.2480
  2    2059.72289      45.38417      2178.03     124.4558

 Path Red. Mass (AMU):    0.921717
 Path Length (Ang), s^2 (1e-3 Ang^2):  9.7512  25.3339
--------------------------------------------------------------
 Path Indices:    1   8   2   4
 PDOS Poles:
     Freq. (THz)    Weight
        3.843       0.012933786
        7.833       0.054868590
       11.347       0.025441709
       22.113       0.024557284
       24.133       0.019733341
       30.349       0.257204388
       31.934       0.167661744
       38.148       0.094355535
       41.596       0.086671075
       43.830       0.080262238
       44.098       0.007869800
       91.105       0.020573905
       92.062       0.055933150
       93.175       0.086716259
       93.289       0.004835887
       93.892       0.000381298

 PDOS Einstein freq (single pole), associated temp and eff. force constant: 
 Freq (THz)   Temp (K)   Eff. FC (N/m)
  48.354      2320.53      82.7279

 pDOS n Moments, associated Einstein freqs, temps and eff. force constants:
  n     Mom (THz^n)   Freq (THz)     Temp (K)    Eff. FC (N/m)
 -2       0.00268      19.33218       927.77      13.2238
 -1       0.03665      27.28330      1309.35      26.3383
  0       1.00000     ---------     --------
  1      41.60731      41.60731      1996.77      61.2538
  2    2338.07482      48.35364      2320.53      82.7279

 Path Red. Mass (AMU):    0.539741
 Path Length (Ang), s^2 (1e-3 Ang^2): 10.3373  34.3196
--------------------------------------------------------------
 Path Indices:    1   8   2   5
 PDOS Poles:
     Freq. (THz)    Weight
        2.706       0.016800898
        7.756       0.072438391
       11.402       0.024390412
       22.476       0.038804799
       24.691       0.015294115
       30.062       0.108614018
       32.347       0.088695356
       37.926       0.270071981
       41.581       0.086061366
       43.694       0.026979014
       43.901       0.072004346
       91.105       0.020381782
       92.062       0.064088576
       93.175       0.000171763
       93.289       0.009284828
       93.892       0.085918354

 PDOS Einstein freq (single pole), associated temp and eff. force constant: 
 Freq (THz)   Temp (K)   Eff. FC (N/m)
  50.072      2402.98      88.2056

 pDOS n Moments, associated Einstein freqs, temps and eff. force constants:
  n     Mom (THz^n)   Freq (THz)     Temp (K)    Eff. FC (N/m)
 -2       0.00430      15.24541       731.64       8.1770
 -1       0.03977      25.14280      1206.62      22.2403
  0       1.00000     ---------     --------
  1      43.13675      43.13675      2070.17      65.4649
  2    2507.16228      50.07157      2402.98      88.2056

 Path Red. Mass (AMU):    0.536667
 Path Length (Ang), s^2 (1e-3 Ang^2): 10.3364  37.4547
--------------------------------------------------------------
 Path Indices:    1   8   2   6
 PDOS Poles:
     Freq. (THz)    Weight
        2.989       0.006180419
        7.421       0.161121332
       11.016       0.136154719
       21.270       0.001054329
       23.128       0.073794456
       30.950       0.055308250
       32.200       0.159198505
       37.836       0.049514869
       41.602       0.079675908
       43.842       0.151478678
       44.052       0.001424614
       91.105       0.021259356
       92.062       0.001225707
       93.175       0.037519523
       93.289       0.035664277
       93.892       0.029424986

 PDOS Einstein freq (single pole), associated temp and eff. force constant: 
 Freq (THz)   Temp (K)   Eff. FC (N/m)
  43.226      2074.47     111.5459

 pDOS n Moments, associated Einstein freqs, temps and eff. force constants:
  n     Mom (THz^n)   Freq (THz)     Temp (K)    Eff. FC (N/m)
 -2       0.00527      13.78129       661.38      11.3380
 -1       0.05417      18.46194       886.00      20.3476
  0       1.00000     ---------     --------
  1      34.80868      34.80868      1670.50      72.3325
  2    1868.50962      43.22626      2074.47     111.5459

 Path Red. Mass (AMU):    0.910646
 Path Length (Ang), s^2 (1e-3 Ang^2): 10.6713  30.0606
--------------------------------------------------------------
 Path Indices:    1   8   2   7
 PDOS Poles:
     Freq. (THz)    Weight
        3.322       0.001343736
        7.323       0.079089539
       11.016       0.114631683
       20.267       0.008802941
       23.240       0.000012618
       29.697       0.030597662
       32.185       0.258433367
       38.205       0.015924513
       41.603       0.350921235
       43.809       0.000093213
       44.225       0.001579691
       91.105       0.076113641
       92.062       0.001995975
       93.175       0.000636271
       93.289       0.059822109
       93.892       0.000001778

 PDOS Einstein freq (single pole), associated temp and eff. force constant: 
 Freq (THz)   Temp (K)   Eff. FC (N/m)
  46.100      2212.37      70.1830

 pDOS n Moments, associated Einstein freqs, temps and eff. force constants:
  n     Mom (THz^n)   Freq (THz)     Temp (K)    Eff. FC (N/m)
 -2       0.00308      18.02558       865.06      10.7303
 -1       0.04150      24.09631      1156.40      19.1750
  0       1.00000     ---------     --------
  1      39.29138      39.29138      1885.63      50.9833
  2    2125.19150      46.09980      2212.37      70.1830

 Path Red. Mass (AMU):    0.503761
 Path Length (Ang), s^2 (1e-3 Ang^2): 10.8740  41.6341
--------------------------------------------------------------
 Path Indices:    1   8   2   8
 PDOS Poles:
     Freq. (THz)    Weight
        3.155       0.002817918
        7.558       0.106457700
       11.051       0.077656767
       22.511       0.025716295
       23.354       0.057502033
       30.460       0.059912183
       32.152       0.136079351
       37.864       0.057925488
       41.601       0.169707645
       43.840       0.163948419
       44.097       0.003516839
       91.105       0.039169866
       92.062       0.001029029
       93.175       0.039871308
       93.289       0.026329190
       93.892       0.032359985

 PDOS Einstein freq (single pole), associated temp and eff. force constant: 
 Freq (THz)   Temp (K)   Eff. FC (N/m)
  46.361      2224.91      70.7424

 pDOS n Moments, associated Einstein freqs, temps and eff. force constants:
  n     Mom (THz^n)   Freq (THz)     Temp (K)    Eff. FC (N/m)
 -2       0.00338      17.20911       825.88       9.7474
 -1       0.04273      23.40059      1123.01      18.0230
  0       1.00000     ---------     --------
  1      39.26251      39.26251      1884.24      50.7377
  2    2149.34333      46.36101      2224.91      70.7424

 Path Red. Mass (AMU):    0.502071
 Path Length (Ang), s^2 (1e-3 Ang^2): 10.8684  43.0162
--------------------------------------------------------------
 Path Indices:    1   8   2   9
 PDOS Poles:
     Freq. (THz)    Weight
        3.359       0.006901309
        7.516       0.069259968
       11.071       0.041988662
       20.419       0.017863218
       23.200       0.039647925
       30.009       0.048789610
       31.984       0.034065479
       37.831       0.026762975
       41.602       0.223730481
       43.842       0.094103193
       44.220       0.014550808
       91.105       0.262609085
       92.062       0.001830894
       93.175       0.011602922
       93.289       0.088363663
       93.892       0.017929773

 PDOS Einstein freq (single pole), associated temp and eff. force constant: 
 Freq (THz)   Temp (K)   Eff. FC (N/m)
  63.044      3025.55     131.8684

 pDOS n Moments, associated Einstein freqs, temps and eff. force constants:
  n     Mom (THz^n)   Freq (THz)     Temp (K)    Eff. FC (N/m)
 -2       0.00263      19.48546       935.12      12.5971
 -1       0.03306      30.24624      1451.54      30.3523
  0       1.00000     ---------     --------
  1      55.03770      55.03770      2641.31     100.5007
  2    3974.59003      63.04435      3025.55     131.8684

 Path Red. Mass (AMU):    0.506104
 Path Length (Ang), s^2 (1e-3 Ang^2): 11.6506  33.0152
--------------------------------------------------------------
 Path Indices:    1   8   3   2
 PDOS Poles:
     Freq. (THz)    Weight
        2.535       0.003502705
        7.416       0.051451389
       13.685       0.000569571
       20.866       0.010149074
       23.196       0.070646006
       30.641       0.073779288
       32.164       0.164546711
       37.850       0.074895485
       41.601       0.127664287
       43.839       0.089007302
       44.212       0.013776453
       91.105       0.092417834
       92.062       0.000039267
       93.175       0.084790635
       93.289       0.060685291
       93.892       0.082078688

 PDOS Einstein freq (single pole), associated temp and eff. force constant: 
 Freq (THz)   Temp (K)   Eff. FC (N/m)
  59.719      2865.96     232.5640

 pDOS n Moments, associated Einstein freqs, temps and eff. force constants:
  n     Mom (THz^n)   Freq (THz)     Temp (K)    Eff. FC (N/m)
 -2       0.00209      21.86145      1049.15      31.1657
 -1       0.03026      33.05132      1586.16      71.2354
  0       1.00000     ---------     --------
  1      52.15009      52.15009      2502.73     177.3488
  2    3566.35198      59.71894      2865.96     232.5640

 Path Red. Mass (AMU):    0.994740
 Path Length (Ang), s^2 (1e-3 Ang^2):  8.9653  15.3719
--------------------------------------------------------------
 Path Indices:    1   8   3   4
 PDOS Poles:
     Freq. (THz)    Weight
        3.373       0.014037445
        7.430       0.019418612
       11.116       0.006194596
       23.101       0.074294077
       27.335       0.002111367
       30.593       0.150335481
       32.079       0.135700618
       38.203       0.040368077
       41.602       0.078407782
       43.842       0.053233503
       44.220       0.008216121
       91.105       0.057807852
       92.062       0.124090943
       93.175       0.222141921
       93.289       0.013328685
       93.892       0.000312952

 PDOS Einstein freq (single pole), associated temp and eff. force constant: 
 Freq (THz)   Temp (K)   Eff. FC (N/m)
  64.926      3115.87     177.5985

 pDOS n Moments, associated Einstein freqs, temps and eff. force constants:
  n     Mom (THz^n)   Freq (THz)     Temp (K)    Eff. FC (N/m)
 -2       0.00222      21.20645      1017.72      18.9468
 -1       0.02862      34.93595      1676.61      51.4214
  0       1.00000     ---------     --------
  1      57.14968      57.14968      2742.66     137.6026
  2    4215.41375      64.92622      3115.87     177.5985

 Path Red. Mass (AMU):    0.642673
 Path Length (Ang), s^2 (1e-3 Ang^2):  8.2241  22.5093
--------------------------------------------------------------
 Path Indices:    1   8   3   5
 PDOS Poles:
     Freq. (THz)    Weight
        2.319       0.019271564
        7.309       0.025103422
       11.058       0.006125548
       23.080       0.024239430
       29.404       0.019734968
       31.978       0.102453656
       33.436       0.010424729
       37.887       0.201377761
       41.594       0.075681510
       43.828       0.059563298
       44.184       0.012023431
       91.105       0.055629167
       92.062       0.134270940
       93.175       0.000399610
       93.289       0.024695955
       93.892       0.229005010

 PDOS Einstein freq (single pole), associated temp and eff. force constant: 
 Freq (THz)   Temp (K)   Eff. FC (N/m)
  67.405      3234.83     184.7123

 pDOS n Moments, associated Einstein freqs, temps and eff. force constants:
  n     Mom (THz^n)   Freq (THz)     Temp (K)    Eff. FC (N/m)
 -2       0.00456      14.81590       711.03       8.9241
 -1       0.03108      32.17427      1544.07      42.0850
  0       1.00000     ---------     --------
  1      60.25200      60.25200      2891.55     147.5887
  2    4543.44980      67.40512      3234.83     184.7123

 Path Red. Mass (AMU):    0.620157
 Path Length (Ang), s^2 (1e-3 Ang^2):  8.2241  25.3290
--------------------------------------------------------------
 Path Indices:    1   8   3   6
 PDOS Poles:
     Freq. (THz)    Weight
        3.082       0.010501065
        7.368       0.051329523
       11.056       0.016985223
       23.049       0.063838054
       24.302       0.003976088
       30.505       0.065059526
       32.161       0.326050140
       37.812       0.062002371
       41.602       0.042028662
       43.843       0.079972552
       44.221       0.011730855
       91.105       0.058635602
       92.062       0.000005017
       93.175       0.076410195
       93.289       0.057886966
       93.892       0.073588141

 PDOS Einstein freq (single pole), associated temp and eff. force constant: 
 Freq (THz)   Temp (K)   Eff. FC (N/m)
  55.495      2663.24     181.1380

 pDOS n Moments, associated Einstein freqs, temps and eff. force constants:
  n     Mom (THz^n)   Freq (THz)     Temp (K)    Eff. FC (N/m)
 -2       0.00285      18.73886       899.29      20.6534
 -1       0.03472      28.80115      1382.19      48.7894
  0       1.00000     ---------     --------
  1      47.52660      47.52660      2280.84     132.8555
  2    3079.66466      55.49473      2663.24     181.1380

 Path Red. Mass (AMU):    0.897217
 Path Length (Ang), s^2 (1e-3 Ang^2):  8.6482  19.5577
--------------------------------------------------------------
 Path Indices:    1   8   3   7
 PDOS Poles:
     Freq. (THz)    Weight
        3.375       0.003360386
        7.321       0.033383189
       11.016       0.019069015
       20.267       0.006537288
       23.256       0.000013959
       29.699       0.003227177
       32.185       0.325166427
       38.205       0.002229247
       41.603       0.262845152
       43.810       0.002134857
       44.225       0.021438972
       91.105       0.182733486
       92.062       0.000989121
       93.175       0.001295349
       93.289       0.135576256
       93.892       0.000000083

 PDOS Einstein freq (single pole), associated temp and eff. force constant: 
 Freq (THz)   Temp (K)   Eff. FC (N/m)
  59.724      2866.21     119.4534

 pDOS n Moments, associated Einstein freqs, temps and eff. force constants:
  n     Mom (THz^n)   Freq (THz)     Temp (K)    Eff. FC (N/m)
 -2       0.00161      24.90818      1195.37      20.7770
 -1       0.02822      35.44202      1700.89      42.0665
  0       1.00000     ---------     --------
  1      52.72934      52.72934      2530.53      93.1117
  2    3566.96593      59.72408      2866.21     119.4534

 Path Red. Mass (AMU):    0.510847
 Path Length (Ang), s^2 (1e-3 Ang^2):  9.2964  27.9136
--------------------------------------------------------------
 Path Indices:    1   8   3   8
 PDOS Poles:
     Freq. (THz)    Weight
        2.597       0.000822520
        7.394       0.019977390
       10.980       0.002122744
       20.273       0.001683398
       23.117       0.063053285
       30.903       0.081650484
       32.185       0.222726966
       37.811       0.073790243
       41.603       0.117877382
       43.843       0.089752363
       44.224       0.012798521
       91.105       0.090007969
       92.062       0.000000589
       93.175       0.075802770
       93.289       0.060122037
       93.892       0.087811330

 PDOS Einstein freq (single pole), associated temp and eff. force constant: 
 Freq (THz)   Temp (K)   Eff. FC (N/m)
  59.616      2861.01     117.7973

 pDOS n Moments, associated Einstein freqs, temps and eff. force constants:
  n     Mom (THz^n)   Freq (THz)     Temp (K)    Eff. FC (N/m)
 -2       0.00114      29.65593      1423.21      29.1499
 -1       0.02609      38.33218      1839.59      48.7013
  0       1.00000     ---------     --------
  1      52.66843      52.66843      2527.60      91.9421
  2    3554.03386      59.61572      2861.01     117.7973

 Path Red. Mass (AMU):    0.505598
 Path Length (Ang), s^2 (1e-3 Ang^2):  9.2967  26.0769
--------------------------------------------------------------
 Path Indices:    1   8   3   9
 PDOS Poles:
     Freq. (THz)    Weight
        3.389       0.010062115
        7.670       0.017274407
       14.429       0.000848936
       21.212       0.016012582
       23.511       0.029644657
       29.879       0.131490582
       32.098       0.053327400
       37.948       0.050736272
       41.601       0.226508172
       43.827       0.051983966
       44.137       0.005857368
       91.105       0.293068342
       92.062       0.002111483
       93.175       0.030407112
       93.289       0.037832113
       93.892       0.042834480

 PDOS Einstein freq (single pole), associated temp and eff. force constant: 
 Freq (THz)   Temp (K)   Eff. FC (N/m)
  64.767      3108.24     136.4439

 pDOS n Moments, associated Einstein freqs, temps and eff. force constants:
  n     Mom (THz^n)   Freq (THz)     Temp (K)    Eff. FC (N/m)
 -2       0.00171      24.20588      1161.66      19.0583
 -1       0.02589      38.62980      1853.88      48.5385
  0       1.00000     ---------     --------
  1      58.01985      58.01985      2784.42     109.4951
  2    4194.81570      64.76740      3108.24     136.4439

 Path Red. Mass (AMU):    0.496172
 Path Length (Ang), s^2 (1e-3 Ang^2):  9.2864  26.3675
--------------------------------------------------------------
 Path Indices:    1   8   4   2
 PDOS Poles:
     Freq. (THz)    Weight
        2.195       0.002050678
        7.358       0.026148753
       19.355       0.001289333
       21.233       0.004012714
       24.929       0.001169018
       30.740       0.104801899
       32.131       0.110025913
       37.819       0.037172282
       41.602       0.054754992
       43.827       0.068495901
       44.144       0.001145789
       91.105       0.069168114
       92.062       0.202801903
       93.175       0.301411287
       93.289       0.012160536
       93.892       0.003390925

 PDOS Einstein freq (single pole), associated temp and eff. force constant: 
 Freq (THz)   Temp (K)   Eff. FC (N/m)
  74.459      3573.37     222.9916

 pDOS n Moments, associated Einstein freqs, temps and eff. force constants:
  n     Mom (THz^n)   Freq (THz)     Temp (K)    Eff. FC (N/m)
 -2       0.00130      27.70299      1329.49      30.8677
 -1       0.02188      45.71283      2193.80      84.0479
  0       1.00000     ---------     --------
  1      68.33804      68.33804      3279.60     187.8347
  2    5544.18420      74.45928      3573.37     222.9916

 Path Red. Mass (AMU):    0.613539
 Path Length (Ang), s^2 (1e-3 Ang^2): 10.4547  18.0196
--------------------------------------------------------------
 Path Indices:    1   8   4   3
 PDOS Poles:
     Freq. (THz)    Weight
        3.145       0.008822328
        7.424       0.021529935
       11.206       0.003793658
       23.039       0.011787177
       27.997       0.001293764
       31.393       0.046639153
       32.824       0.016154578
       37.919       0.094410905
       41.591       0.052433959
       43.148       0.000846457
       43.838       0.052936307
       91.105       0.059778098
       92.062       0.267791293
       93.175       0.338747875
       93.289       0.006291469
       93.892       0.016743107

 PDOS Einstein freq (single pole), associated temp and eff. force constant: 
 Freq (THz)   Temp (K)   Eff. FC (N/m)
  79.443      3812.53     220.0230

 pDOS n Moments, associated Einstein freqs, temps and eff. force constants:
  n     Mom (THz^n)   Freq (THz)     Temp (K)    Eff. FC (N/m)
 -2       0.00160      24.97222      1198.44      21.7406
 -1       0.02100      47.61091      2284.89      79.0261
  0       1.00000     ---------     --------
  1      74.47146      74.47146      3573.95     193.3471
  2    6311.17548      79.44291      3812.53     220.0230

 Path Red. Mass (AMU):    0.531801
 Path Length (Ang), s^2 (1e-3 Ang^2):  9.1273  19.9604
--------------------------------------------------------------
 Path Indices:    1   8   4   5
 PDOS Poles:
     Freq. (THz)    Weight
        2.292       0.013310473
        7.220       0.015495181
       10.904       0.002902698
       21.482       0.000762012
       23.497       0.001831027
       29.747       0.012420712
       32.195       0.052008850
       37.815       0.166315196
       41.601       0.040319311
       43.828       0.078874990
       44.223       0.035159117
       91.105       0.046932283
       92.062       0.421374774
       93.175       0.099551384
       93.289       0.003737763
       93.892       0.009004246

 PDOS Einstein freq (single pole), associated temp and eff. force constant: 
 Freq (THz)   Temp (K)   Eff. FC (N/m)
  74.380      3569.56     155.8503

 pDOS n Moments, associated Einstein freqs, temps and eff. force constants:
  n     Mom (THz^n)   Freq (THz)     Temp (K)    Eff. FC (N/m)
 -2       0.00319      17.70070       849.47       8.8262
 -1       0.02462      40.60939      1948.88      46.4566
  0       1.00000     ---------     --------
  1      68.79377      68.79377      3301.47     133.3194
  2    5532.38919      74.38003      3569.56     155.8503

 Path Red. Mass (AMU):    0.429721
 Path Length (Ang), s^2 (1e-3 Ang^2):  9.7997  28.9611
--------------------------------------------------------------
 Path Indices:    1   8   4   6
 PDOS Poles:
     Freq. (THz)    Weight
        3.156       0.006338558
        7.408       0.025274630
       11.148       0.005460278
       20.740       0.000793159
       29.727       0.024141861
       32.090       0.133529864
       35.145       0.003176517
       37.909       0.221170630
       41.556       0.017271052
       43.469       0.002595891
       43.838       0.066302824
       91.105       0.043583925
       92.062       0.182445438
       93.175       0.253071834
       93.289       0.009126253
       93.892       0.005717337

 PDOS Einstein freq (single pole), associated temp and eff. force constant: 
 Freq (THz)   Temp (K)   Eff. FC (N/m)
  69.858      3352.56     163.9678

 pDOS n Moments, associated Einstein freqs, temps and eff. force constants:
  n     Mom (THz^n)   Freq (THz)     Temp (K)    Eff. FC (N/m)
 -2       0.00156      25.32112      1215.18      21.5421
 -1       0.02417      41.37558      1985.65      57.5190
  0       1.00000     ---------     --------
  1      63.25567      63.25567      3035.69     134.4379
  2    4880.17897      69.85828      3352.56     163.9678

 Path Red. Mass (AMU):    0.512524
 Path Length (Ang), s^2 (1e-3 Ang^2): 10.1896  23.8323
--------------------------------------------------------------
 Path Indices:    1   8   4   7
 PDOS Poles:
     Freq. (THz)    Weight
        4.029       0.003842347
        7.601       0.025154316
       11.292       0.008461310
       22.024       0.007159308
       23.212       0.055460657
       32.117       0.174909621
       33.009       0.010984055
       38.037       0.067593577
       41.600       0.180215900
       43.803       0.079939840
       44.171       0.005642661
       91.105       0.119205729
       92.062       0.110979289
       93.175       0.077755209
       93.289       0.049329871
       93.892       0.023366306

 PDOS Einstein freq (single pole), associated temp and eff. force constant: 
 Freq (THz)   Temp (K)   Eff. FC (N/m)
  63.583      3051.39      98.0839

 pDOS n Moments, associated Einstein freqs, temps and eff. force constants:
  n     Mom (THz^n)   Freq (THz)     Temp (K)    Eff. FC (N/m)
 -2       0.00128      27.99454      1343.48      19.0137
 -1       0.02569      38.91998      1867.80      36.7507
  0       1.00000     ---------     --------
  1      56.66417      56.66417      2719.36      77.9000
  2    4042.75433      63.58266      3051.39      98.0839

 Path Red. Mass (AMU):    0.370094
 Path Length (Ang), s^2 (1e-3 Ang^2): 10.5417  35.0865
--------------------------------------------------------------
 Path Indices:    1   8   4   8
 PDOS Poles:
     Freq. (THz)    Weight
        1.575       0.001249734
        7.400       0.011302632
       11.038       0.000571712
       23.098       0.000835893
       30.350       0.012288028
       32.116       0.086013358
       36.740       0.004655167
       37.921       0.173957865
       41.590       0.049080265
       42.554       0.000560649
       43.831       0.066830682
       91.105       0.059909345
       92.062       0.220078785
       93.175       0.296297924
       93.289       0.008279905
       93.892       0.008088111

 PDOS Einstein freq (single pole), associated temp and eff. force constant: 
 Freq (THz)   Temp (K)   Eff. FC (N/m)
  75.167      3607.34     133.5362

 pDOS n Moments, associated Einstein freqs, temps and eff. force constants:
  n     Mom (THz^n)   Freq (THz)     Temp (K)    Eff. FC (N/m)
 -2       0.00107      30.56485      1466.83      22.0793
 -1       0.01933      51.74048      2483.07      63.2706
  0       1.00000     ---------     --------
  1      69.86700      69.86700      3352.98     115.3679
  2    5650.12461      75.16731      3607.34     133.5362

 Path Red. Mass (AMU):    0.360522
 Path Length (Ang), s^2 (1e-3 Ang^2): 11.1032  27.0945
--------------------------------------------------------------
 Path Indices:    1   8   4   9
 PDOS Poles:
     Freq. (THz)    Weight
        3.154       0.006968557
        7.317       0.007692865
       19.826       0.006148951
       20.585       0.011895043
       29.646       0.129620447
       31.243       0.016190548
       33.859       0.002896899
       37.875       0.141567979
       41.600       0.165544748
       43.835       0.063982871
       44.206       0.013156303
       91.105       0.190152347
       92.062       0.074460483
       93.175       0.140715162
       93.289       0.028646115
       93.892       0.000360697

 PDOS Einstein freq (single pole), associated temp and eff. force constant: 
 Freq (THz)   Temp (K)   Eff. FC (N/m)
  66.803      3205.96     106.3955

 pDOS n Moments, associated Einstein freqs, temps and eff. force constants:
  n     Mom (THz^n)   Freq (THz)     Temp (K)    Eff. FC (N/m)
 -2       0.00134      27.31504      1310.87      17.7881
 -1       0.02332      42.88797      2058.23      43.8527
  0       1.00000     ---------     --------
  1      60.52279      60.52279      2904.54      87.3300
  2    4462.69971      66.80344      3205.96     106.3955

 Path Red. Mass (AMU):    0.363678
 Path Length (Ang), s^2 (1e-3 Ang^2): 10.5283  32.4020
--------------------------------------------------------------
 Path Indices:    1   8   5   2
 PDOS Poles:
     Freq. (THz)    Weight
        2.106       0.002169777
        7.315       0.023547396
       17.551       0.000127655
       20.547       0.004477044
       23.120       0.256295172
       29.994       0.005460945
       32.185       0.114138487
       37.829       0.028569966
       41.602       0.088946275
       43.681       0.002269398
       43.818       0.137295481
       91.105       0.036156608
       92.062       0.121081079
       93.175       0.001046763
       93.289       0.013923516
       93.892       0.164494411

 PDOS Einstein freq (single pole), associated temp and eff. force constant: 
 Freq (THz)   Temp (K)   Eff. FC (N/m)
  60.273      2892.55     152.0527

 pDOS n Moments, associated Einstein freqs, temps and eff. force constants:
  n     Mom (THz^n)   Freq (THz)     Temp (K)    Eff. FC (N/m)
 -2       0.00172      24.11823      1157.45      24.3467
 -1       0.02899      34.49332      1655.36      49.7989
  0       1.00000     ---------     --------
  1      52.21243      52.21243      2505.72     114.1031
  2    3632.82408      60.27291      2892.55     152.0527

 Path Red. Mass (AMU):    0.638471
 Path Length (Ang), s^2 (1e-3 Ang^2):  9.8963  22.9483
--------------------------------------------------------------
 Path Indices:    1   8   5   3
 PDOS Poles:
     Freq. (THz)    Weight
        3.042       0.009579930
        7.306       0.019212521
       11.088       0.004481367
       23.048       0.125052130
       23.278       0.051271592
       30.950       0.047302222
       32.238       0.048378803
       38.150       0.029552565
       41.601       0.088515992
       43.815       0.111920686
       44.181       0.002384634
       91.105       0.032984327
       92.062       0.191715455
       93.175       0.011122647
       93.289       0.010557312
       93.892       0.215967828

 PDOS Einstein freq (single pole), associated temp and eff. force constant: 
 Freq (THz)   Temp (K)   Eff. FC (N/m)
  67.810      3254.25     176.3793

 pDOS n Moments, associated Einstein freqs, temps and eff. force constants:
  n     Mom (THz^n)   Freq (THz)     Temp (K)    Eff. FC (N/m)
 -2       0.00204      22.12775      1061.93      18.7818
 -1       0.02733      36.59182      1756.07      51.3606
  0       1.00000     ---------     --------
  1      60.09112      60.09112      2883.83     138.5105
  2    4598.17410      67.80984      3254.25     176.3793

 Path Red. Mass (AMU):    0.585131
 Path Length (Ang), s^2 (1e-3 Ang^2):  8.5700  23.6041
--------------------------------------------------------------
 Path Indices:    1   8   5   4
 PDOS Poles:
     Freq. (THz)    Weight
        3.422       0.011271972
        7.515       0.010966964
       11.341       0.002623454
       23.102       0.186056064
       25.054       0.001782727
       30.733       0.115664929
       32.112       0.081462820
       37.874       0.017926776
       41.601       0.071920010
       43.837       0.027495365
       44.223       0.048594917
       91.105       0.026865110
       92.062       0.338426120
       93.175       0.012448947
       93.289       0.001980536
       93.892       0.044513295

 PDOS Einstein freq (single pole), associated temp and eff. force constant: 
 Freq (THz)   Temp (K)   Eff. FC (N/m)
  64.821      3110.84     136.2563

 pDOS n Moments, associated Einstein freqs, temps and eff. force constants:
  n     Mom (THz^n)   Freq (THz)     Temp (K)    Eff. FC (N/m)
 -2       0.00187      23.10447      1108.80      17.3106
 -1       0.02794      35.79329      1717.75      41.5454
  0       1.00000     ---------     --------
  1      56.81735      56.81735      2726.71     104.6843
  2    4201.81512      64.82141      3110.84     136.2563

 Path Red. Mass (AMU):    0.494665
 Path Length (Ang), s^2 (1e-3 Ang^2):  9.2423  28.5438
--------------------------------------------------------------
 Path Indices:    1   8   5   6
 PDOS Poles:
     Freq. (THz)    Weight
        3.200       0.006880417
        7.468       0.022170148
       11.337       0.005013539
       23.092       0.234567112
       24.905       0.003992253
       30.293       0.067148412
       32.146       0.151611589
       38.147       0.056439071
       41.589       0.034394004
       42.864       0.000505725
       43.815       0.128075588
       91.105       0.019483983
       92.062       0.108628353
       93.175       0.001050608
       93.289       0.010360415
       93.892       0.149678793

 PDOS Einstein freq (single pole), associated temp and eff. force constant: 
 Freq (THz)   Temp (K)   Eff. FC (N/m)
  56.898      2730.60     109.9536

 pDOS n Moments, associated Einstein freqs, temps and eff. force constants:
  n     Mom (THz^n)   Freq (THz)     Temp (K)    Eff. FC (N/m)
 -2       0.00193      22.74152      1091.39      17.5651
 -1       0.03116      32.08869      1539.96      34.9715
  0       1.00000     ---------     --------
  1      48.77870      48.77870      2340.93      80.8110
  2    3237.42164      56.89834      2730.60     109.9536

 Path Red. Mass (AMU):    0.518086
 Path Length (Ang), s^2 (1e-3 Ang^2):  9.6324  30.3998
--------------------------------------------------------------
 Path Indices:    1   8   5   7
 PDOS Poles:
     Freq. (THz)    Weight
        4.068       0.003889194
        7.631       0.024727196
       11.299       0.008270545
       21.819       0.005646454
       23.199       0.053575603
       32.137       0.179734646
       33.274       0.006097866
       38.037       0.068708006
       41.600       0.181097803
       43.804       0.080624793
       44.172       0.005825700
       91.105       0.119897793
       92.062       0.114767928
       93.175       0.051382464
       93.289       0.072201992
       93.892       0.023551986

 PDOS Einstein freq (single pole), associated temp and eff. force constant: 
 Freq (THz)   Temp (K)   Eff. FC (N/m)
  63.681      3056.11      98.9305

 pDOS n Moments, associated Einstein freqs, temps and eff. force constants:
  n     Mom (THz^n)   Freq (THz)     Temp (K)    Eff. FC (N/m)
 -2       0.00126      28.20112      1353.40      19.4018
 -1       0.02554      39.14873      1878.78      37.3891
  0       1.00000     ---------     --------
  1      56.80284      56.80284      2726.02      78.7135
  2    4055.28172      63.68109      3056.11      98.9305

 Path Red. Mass (AMU):    0.372135
 Path Length (Ang), s^2 (1e-3 Ang^2): 10.5457  34.6902
--------------------------------------------------------------
 Path Indices:    1   8   5   8
 PDOS Poles:
     Freq. (THz)    Weight
        1.368       0.001132253
        7.373       0.008162058
       11.176       0.000353963
       23.116       0.307589769
       30.142       0.023341614
       31.812       0.094333182
       32.678       0.023969232
       38.158       0.045037751
       41.601       0.075368104
       43.811       0.186265625
       44.189       0.002113728
       91.105       0.030289089
       92.062       0.073799950
       93.175       0.000000102
       93.289       0.012497471
       93.892       0.115746096

 PDOS Einstein freq (single pole), associated temp and eff. force constant: 
 Freq (THz)   Temp (K)   Eff. FC (N/m)
  53.580      2571.36      67.1014

 pDOS n Moments, associated Einstein freqs, temps and eff. force constants:
  n     Mom (THz^n)   Freq (THz)     Temp (K)    Eff. FC (N/m)
 -2       0.00167      24.43667      1172.74      13.9575
 -1       0.02954      33.85463      1624.71      26.7893
  0       1.00000     ---------     --------
  1      46.35888      46.35888      2224.80      50.2331
  2    2870.82645      53.58009      2571.36      67.1014

 Path Red. Mass (AMU):    0.356546
 Path Length (Ang), s^2 (1e-3 Ang^2):  9.9884  41.8721
--------------------------------------------------------------
 Path Indices:    1   8   5   9
 PDOS Poles:
     Freq. (THz)    Weight
        3.178       0.006957856
        7.408       0.010842458
       20.151       0.015955988
       23.079       0.156884332
       26.970       0.004773143
       29.946       0.200109355
       31.711       0.046645575
       38.113       0.026086947
       41.602       0.206970489
       43.803       0.025547262
       44.211       0.007930990
       91.105       0.143190354
       92.062       0.035714624
       93.175       0.000427391
       93.289       0.028934362
       93.892       0.083028864

 PDOS Einstein freq (single pole), associated temp and eff. force constant: 
 Freq (THz)   Temp (K)   Eff. FC (N/m)
  57.095      2740.04      78.4563

 pDOS n Moments, associated Einstein freqs, temps and eff. force constants:
  n     Mom (THz^n)   Freq (THz)     Temp (K)    Eff. FC (N/m)
 -2       0.00169      24.35572      1168.85      14.2769
 -1       0.02915      34.30066      1646.12      28.3163
  0       1.00000     ---------     --------
  1      49.58753      49.58753      2379.75      59.1803
  2    3259.83628      57.09498      2740.04      78.4563

 Path Red. Mass (AMU):    0.367133
 Path Length (Ang), s^2 (1e-3 Ang^2):  9.9673  40.1327
--------------------------------------------------------------
 Path Indices:    1   8   6   2
 PDOS Poles:
     Freq. (THz)    Weight
        1.725       0.003093102
        7.342       0.089765234
       11.007       0.015486080
       20.457       0.000272624
       23.119       0.031191718
       30.895       0.021699471
       32.185       0.052735382
       37.816       0.019642242
       41.602       0.035180153
       43.842       0.050849110
       44.220       0.001779318
       91.105       0.165466995
       92.062       0.005195635
       93.175       0.203518807
       93.289       0.141795252
       93.892       0.162328879

 PDOS Einstein freq (single pole), associated temp and eff. force constant: 
 Freq (THz)   Temp (K)   Eff. FC (N/m)
  78.348      3759.99     520.7182

 pDOS n Moments, associated Einstein freqs, temps and eff. force constants:
  n     Mom (THz^n)   Freq (THz)     Temp (K)    Eff. FC (N/m)
 -2       0.00311      17.94397       861.15      27.3139
 -1       0.02900      34.48230      1654.84     100.8646
  0       1.00000     ---------     --------
  1      71.42908      71.42908      3427.94     432.8092
  2    6138.41592      78.34804      3759.99     520.7181

 Path Red. Mass (AMU):    1.294010
 Path Length (Ang), s^2 (1e-3 Ang^2):  8.8145  11.3267
--------------------------------------------------------------
 Path Indices:    1   8   6   3
 PDOS Poles:
     Freq. (THz)    Weight
        3.057       0.021051504
        7.332       0.054546269
       11.004       0.011385567
       21.296       0.000962371
       23.140       0.032324501
       31.002       0.024825300
       32.213       0.083656780
       37.871       0.022751289
       41.600       0.030684537
       43.841       0.050652336
       44.189       0.001879234
       91.105       0.166922129
       92.062       0.002826367
       93.175       0.206906593
       93.289       0.123636488
       93.892       0.164988737

 PDOS Einstein freq (single pole), associated temp and eff. force constant: 
 Freq (THz)   Temp (K)   Eff. FC (N/m)
  77.819      3734.63     525.0161

 pDOS n Moments, associated Einstein freqs, temps and eff. force constants:
  n     Mom (THz^n)   Freq (THz)     Temp (K)    Eff. FC (N/m)
 -2       0.00367      16.51051       792.35      23.6329
 -1       0.02990      33.44154      1604.89      96.9546
  0       1.00000     ---------     --------
  1      71.03556      71.03556      3409.06     437.4691
  2    6055.87377      77.81949      3734.63     525.0161

 Path Red. Mass (AMU):    1.322474
 Path Length (Ang), s^2 (1e-3 Ang^2):  7.5773  11.4275
--------------------------------------------------------------
 Path Indices:    1   8   6   4
 PDOS Poles:
     Freq. (THz)    Weight
        3.381       0.022368754
        7.472       0.025196986
       11.310       0.004475020
       21.369       0.003314957
       23.505       0.007106502
       30.762       0.088643853
       32.150       0.096309495
       38.021       0.012731140
       41.597       0.023592020
       43.726       0.004618841
       43.855       0.034727986
       91.105       0.125816047
       92.062       0.136211734
       93.175       0.353116449
       93.289       0.048271140
       93.892       0.013499122

 PDOS Einstein freq (single pole), associated temp and eff. force constant: 
 Freq (THz)   Temp (K)   Eff. FC (N/m)
  78.291      3757.23     399.1499

 pDOS n Moments, associated Einstein freqs, temps and eff. force constants:
  n     Mom (THz^n)   Freq (THz)     Temp (K)    Eff. FC (N/m)
 -2       0.00277      18.99499       911.59      23.4961
 -1       0.02583      38.71610      1858.02      97.6115
  0       1.00000     ---------     --------
  1      72.24062      72.24062      3466.89     339.8448
  2    6129.40651      78.29053      3757.23     399.1499

 Path Red. Mass (AMU):    0.993365
 Path Length (Ang), s^2 (1e-3 Ang^2):  8.2154  13.1409
--------------------------------------------------------------
 Path Indices:    1   8   6   5
 PDOS Poles:
     Freq. (THz)    Weight
        2.282       0.029362881
        7.218       0.034027621
       10.861       0.005466829
       20.836       0.001951888
       23.147       0.041145496
       30.002       0.006639250
       32.194       0.083666501
       37.878       0.030967381
       41.566       0.020305349
       41.885       0.002342769
       43.842       0.039147635
       91.105       0.119892692
       92.062       0.147655130
       93.175       0.027773994
       93.289       0.063294039
       93.892       0.346360557

 PDOS Einstein freq (single pole), associated temp and eff. force constant: 
 Freq (THz)   Temp (K)   Eff. FC (N/m)
  79.806      3829.95     395.7841

 pDOS n Moments, associated Einstein freqs, temps and eff. force constants:
  n     Mom (THz^n)   Freq (THz)     Temp (K)    Eff. FC (N/m)
 -2       0.00664      12.26859       588.78       9.3536
 -1       0.03262      30.65959      1471.38      58.4147
  0       1.00000     ---------     --------
  1      73.61846      73.61846      3533.01     336.7928
  2    6368.96646      79.80580      3829.95     395.7840

 Path Red. Mass (AMU):    0.947939
 Path Length (Ang), s^2 (1e-3 Ang^2):  8.2156  17.3894
--------------------------------------------------------------
 Path Indices:    1   8   6   7
 PDOS Poles:
     Freq. (THz)    Weight
        3.373       0.004375595
        7.320       0.039386165
       11.015       0.016850589
       20.266       0.005678616
       23.155       0.000022650
       29.698       0.006476414
       32.185       0.088682258
       38.205       0.003470131
       41.603       0.136499844
       43.810       0.001567564
       44.225       0.002412974
       91.105       0.385834720
       92.062       0.009652125
       93.175       0.002644989
       93.289       0.296442705
       93.892       0.000002588

 PDOS Einstein freq (single pole), associated temp and eff. force constant: 
 Freq (THz)   Temp (K)   Eff. FC (N/m)
  78.996      3791.08     282.6394

 pDOS n Moments, associated Einstein freqs, temps and eff. force constants:
  n     Mom (THz^n)   Freq (THz)     Temp (K)    Eff. FC (N/m)
 -2       0.00153      25.56010      1226.65      29.5903
 -1       0.02247      44.50290      2135.73      89.7018
  0       1.00000     ---------     --------
  1      73.57924      73.57924      3531.13     245.2083
  2    6240.33801      78.99581      3791.08     282.6394

 Path Red. Mass (AMU):    0.690901
 Path Length (Ang), s^2 (1e-3 Ang^2):  7.1548  16.4369
--------------------------------------------------------------
 Path Indices:    1   8   6   8
 PDOS Poles:
     Freq. (THz)    Weight
        1.111       0.012054999
        7.403       0.043719182
       11.088       0.005755630
       20.496       0.003156591
       23.150       0.025467174
       30.446       0.012766377
       32.124       0.026558669
       37.837       0.008624936
       41.602       0.073115354
       43.841       0.058987449
       44.210       0.001764232
       91.105       0.186875893
       92.062       0.005076087
       93.175       0.222892393
       93.289       0.132800015
       93.892       0.180385026

 PDOS Einstein freq (single pole), associated temp and eff. force constant: 
 Freq (THz)   Temp (K)   Eff. FC (N/m)
  81.168      3895.31     284.1549

 pDOS n Moments, associated Einstein freqs, temps and eff. force constants:
  n     Mom (THz^n)   Freq (THz)     Temp (K)    Eff. FC (N/m)
 -2       0.01087       9.58931       460.20       3.9661
 -1       0.03099      32.26588      1548.47      44.9030
  0       1.00000     ---------     --------
  1      75.91534      75.91534      3643.24     248.5695
  2    6588.19442      81.16769      3895.31     284.1549

 Path Red. Mass (AMU):    0.657930
 Path Length (Ang), s^2 (1e-3 Ang^2):  7.1549  23.8879
--------------------------------------------------------------
 Path Indices:    1   8   6   9
 PDOS Poles:
     Freq. (THz)    Weight
        3.178       0.010839011
        7.408       0.021415973
       11.382       0.001916906
       20.551       0.004572636
       23.224       0.014156982
       29.909       0.024825789
       31.927       0.009768826
       37.855       0.010268002
       41.602       0.096297178
       43.840       0.027504911
       44.214       0.003480368
       91.105       0.548422018
       92.062       0.001174398
       93.175       0.071583926
       93.289       0.072119340
       93.892       0.081653741

 PDOS Einstein freq (single pole), associated temp and eff. force constant: 
 Freq (THz)   Temp (K)   Eff. FC (N/m)
  82.554      3961.85     277.4472

 pDOS n Moments, associated Einstein freqs, temps and eff. force constants:
  n     Mom (THz^n)   Freq (THz)     Temp (K)    Eff. FC (N/m)
 -2       0.00172      24.08624      1155.92      23.6178
 -1       0.02017      49.56904      2378.86     100.0281
  0       1.00000     ---------     --------
  1      78.58333      78.58333      3771.28     251.3981
  2    6815.20791      82.55427      3961.85     277.4472

 Path Red. Mass (AMU):    0.621001
 Path Length (Ang), s^2 (1e-3 Ang^2):  7.1563  16.4181
--------------------------------------------------------------
 Path Indices:    1   8   7   2
 PDOS Poles:
     Freq. (THz)    Weight
        1.658       0.002080971
        7.357       0.063021574
       11.021       0.020853655
       20.304       0.005174331
       23.535       0.000572033
       29.714       0.024803853
       32.185       0.123631273
       38.194       0.019024554
       41.602       0.052826051
       43.810       0.036973309
       44.224       0.100161660
       91.105       0.313925314
       92.062       0.007546023
       93.175       0.002938679
       93.289       0.226409759
       93.892       0.000056908

 PDOS Einstein freq (single pole), associated temp and eff. force constant: 
 Freq (THz)   Temp (K)   Eff. FC (N/m)
  72.183      3464.13     270.9328

 pDOS n Moments, associated Einstein freqs, temps and eff. force constants:
  n     Mom (THz^n)   Freq (THz)     Temp (K)    Eff. FC (N/m)
 -2       0.00243      20.27444       972.99      21.3741
 -1       0.02753      36.32160      1743.11      68.5992
  0       1.00000     ---------     --------
  1      65.20089      65.20089      3129.05     221.0530
  2    5210.41314      72.18319      3464.13     270.9327

 Path Red. Mass (AMU):    0.793196
 Path Length (Ang), s^2 (1e-3 Ang^2):  9.6931  17.5426
--------------------------------------------------------------
 Path Indices:    1   8   7   3
 PDOS Poles:
     Freq. (THz)    Weight
        3.033       0.011685525
        7.304       0.032678231
       10.970       0.009277326
       20.041       0.000139166
       23.113       0.001427238
       29.699       0.016348022
       32.185       0.100408252
       38.203       0.018686662
       41.602       0.032544387
       43.819       0.022137664
       44.224       0.039640572
       91.105       0.406481717
       92.062       0.006934495
       93.175       0.000152383
       93.289       0.293808959
       93.892       0.007649336

 PDOS Einstein freq (single pole), associated temp and eff. force constant: 
 Freq (THz)   Temp (K)   Eff. FC (N/m)
  79.901      3834.53     316.3521

 pDOS n Moments, associated Einstein freqs, temps and eff. force constants:
  n     Mom (THz^n)   Freq (THz)     Temp (K)    Eff. FC (N/m)
 -2       0.00223      21.19306      1017.07      22.2562
 -1       0.02335      42.81874      2054.91      90.8512
  0       1.00000     ---------     --------
  1      74.73235      74.73235      3586.47     276.7454
  2    6384.21414      79.90128      3834.53     316.3520

 Path Red. Mass (AMU):    0.755883
 Path Length (Ang), s^2 (1e-3 Ang^2):  8.9014  15.6148
--------------------------------------------------------------
 Path Indices:    1   8   7   4
 PDOS Poles:
     Freq. (THz)    Weight
        3.316       0.015830084
        7.480       0.037122743
       10.994       0.006227733
       23.111       0.020442302
       29.485       0.015199556
       30.716       0.035206945
       32.187       0.121573503
       37.930       0.007790050
       41.601       0.036433205
       43.830       0.014036337
       44.224       0.041853104
       91.105       0.326300645
       92.062       0.079376881
       93.175       0.024696836
       93.289       0.189505559
       93.892       0.028404485

 PDOS Einstein freq (single pole), associated temp and eff. force constant: 
 Freq (THz)   Temp (K)   Eff. FC (N/m)
  76.580      3675.15     281.6253

 pDOS n Moments, associated Einstein freqs, temps and eff. force constants:
  n     Mom (THz^n)   Freq (THz)     Temp (K)    Eff. FC (N/m)
 -2       0.00250      20.01475       960.53      19.2371
 -1       0.02602      38.43745      1844.65      70.9492
  0       1.00000     ---------     --------
  1      70.27318      70.27318      3372.47     237.1470
  2    5864.53162      76.58023      3675.15     281.6253

 Path Red. Mass (AMU):    0.732537
 Path Length (Ang), s^2 (1e-3 Ang^2):  9.2434  17.9490
--------------------------------------------------------------
 Path Indices:    1   8   7   5
 PDOS Poles:
     Freq. (THz)    Weight
        2.262       0.017021583
        7.193       0.021136986
       10.845       0.004895376
       23.094       0.004688629
       28.397       0.001606871
       30.008       0.029922377
       32.166       0.084341117
       37.840       0.011076099
       41.600       0.012228248
       43.822       0.023847158
       44.224       0.039325923
       91.105       0.327547845
       92.062       0.139964154
       93.175       0.058640697
       93.289       0.211043053
       93.892       0.012713848

 PDOS Einstein freq (single pole), associated temp and eff. force constant: 
 Freq (THz)   Temp (K)   Eff. FC (N/m)
  81.500      3911.27     243.7589

 pDOS n Moments, associated Einstein freqs, temps and eff. force constants:
  n     Mom (THz^n)   Freq (THz)     Temp (K)    Eff. FC (N/m)
 -2       0.00404      15.73364       755.07       9.0845
 -1       0.02496      40.06700      1922.85      58.9137
  0       1.00000     ---------     --------
  1      76.79262      76.79262      3685.34     216.4122
  2    6642.28801      81.50023      3911.27     243.7589

 Path Red. Mass (AMU):    0.559801
 Path Length (Ang), s^2 (1e-3 Ang^2):  9.8048  22.5325
--------------------------------------------------------------
 Path Indices:    1   8   7   6
 PDOS Poles:
     Freq. (THz)    Weight
        3.010       0.007015102
        7.334       0.033938063
       11.009       0.009239907
       20.589       0.000693840
       23.133       0.016216327
       30.753       0.011674791
       32.173       0.044192079
       37.865       0.013628631
       38.363       0.002524830
       43.829       0.042662748
       44.224       0.056331818
       91.105       0.397325740
       92.062       0.010309440
       93.175       0.007338522
       93.289       0.328222908
       93.892       0.018685177

 PDOS Einstein freq (single pole), associated temp and eff. force constant: 
 Freq (THz)   Temp (K)   Eff. FC (N/m)
  82.185      3944.11     287.0288

 pDOS n Moments, associated Einstein freqs, temps and eff. force constants:
  n     Mom (THz^n)   Freq (THz)     Temp (K)    Eff. FC (N/m)
 -2       0.00172      24.11031      1157.07      24.7031
 -1       0.02123      47.10935      2260.82      94.3104
  0       1.00000     ---------     --------
  1      77.72126      77.72126      3729.91     256.6996
  2    6754.29172      82.18450      3944.11     287.0287

 Path Red. Mass (AMU):    0.648241
 Path Length (Ang), s^2 (1e-3 Ang^2):  7.8307  16.5493
--------------------------------------------------------------
 Path Indices:    1   8   7   8
 PDOS Poles:
     Freq. (THz)    Weight
        1.260       0.020951004
        7.465       0.016349182
       11.646       0.002351257
       21.385       0.005413578
       23.258       0.032137403
       30.351       0.026161651
       32.159       0.036799524
       37.974       0.027335472
       40.921       0.000356578
       43.818       0.067807616
       44.224       0.136748916
       91.105       0.355936608
       92.062       0.008340499
       93.175       0.000939624
       93.289       0.256464781
       93.892       0.005906270

 PDOS Einstein freq (single pole), associated temp and eff. force constant: 
 Freq (THz)   Temp (K)   Eff. FC (N/m)
  76.408      3666.88     173.9821

 pDOS n Moments, associated Einstein freqs, temps and eff. force constants:
  n     Mom (THz^n)   Freq (THz)     Temp (K)    Eff. FC (N/m)
 -2       0.01385       8.49846       407.85       2.1523
 -1       0.03485      28.69300      1377.00      24.5347
  0       1.00000     ---------     --------
  1      70.85088      70.85088      3400.20     149.5959
  2    5838.14962      76.40779      3666.88     173.9821

 Path Red. Mass (AMU):    0.454591
 Path Length (Ang), s^2 (1e-3 Ang^2):  8.5066  38.8339
--------------------------------------------------------------
 Path Indices:    1   8   7   9
 PDOS Poles:
     Freq. (THz)    Weight
        3.125       0.008316746
        7.337       0.016753694
       11.047       0.001868767
       20.386       0.002656021
       23.164       0.008921781
       29.853       0.011794382
       32.004       0.006066522
       37.805       0.002010900
       41.592       0.000354114
       43.842       0.143658085
       44.224       0.030253279
       91.105       0.754405247
       92.062       0.000341051
       93.175       0.004144720
       93.289       0.003996939
       93.892       0.004457759

 PDOS Einstein freq (single pole), associated temp and eff. force constant: 
 Freq (THz)   Temp (K)   Eff. FC (N/m)
  82.081      3939.13     216.1504

 pDOS n Moments, associated Einstein freqs, temps and eff. force constants:
  n     Mom (THz^n)   Freq (THz)     Temp (K)    Eff. FC (N/m)
 -2       0.00140      26.68127      1280.46      22.8394
 -1       0.01866      53.60210      2572.41      92.1797
  0       1.00000     ---------     --------
  1      78.64294      78.64294      3774.14     198.4227
  2    6737.27203      82.08089      3939.13     216.1504

 Path Red. Mass (AMU):    0.489399
 Path Length (Ang), s^2 (1e-3 Ang^2):  8.5090  19.2655
--------------------------------------------------------------
 Path Indices:    1   8   9   2
 PDOS Poles:
     Freq. (THz)    Weight
        2.322       0.002247016
        7.396       0.046630868
       11.370       0.002968119
       20.619       0.005021976
       23.202       0.022981538
       30.323       0.024550477
       31.862       0.014363504
       37.833       0.027685810
       41.594       0.007453345
       43.833       0.016665250
       44.221       0.012635418
       91.105       0.588941986
       92.062       0.001952005
       93.175       0.056287656
       93.289       0.102010549
       93.892       0.067604483

 PDOS Einstein freq (single pole), associated temp and eff. force constant: 
 Freq (THz)   Temp (K)   Eff. FC (N/m)
  83.912      4026.99     352.3799

 pDOS n Moments, associated Einstein freqs, temps and eff. force constants:
  n     Mom (THz^n)   Freq (THz)     Temp (K)    Eff. FC (N/m)
 -2       0.00152      25.62049      1229.55      32.8505
 -1       0.02051      48.76121      2340.09     118.9915
  0       1.00000     ---------     --------
  1      79.81347      79.81347      3830.32     318.8008
  2    7041.15690      83.91160      4026.99     352.3799

 Path Red. Mass (AMU):    0.763411
 Path Length (Ang), s^2 (1e-3 Ang^2): 10.4718  13.5766
--------------------------------------------------------------
 Path Indices:    1   8   9   3
 PDOS Poles:
     Freq. (THz)    Weight
        3.161       0.014242097
        7.451       0.031712526
       11.577       0.002602646
       20.822       0.006014694
       23.253       0.025175765
       29.989       0.041937718
       31.601       0.014247827
       37.854       0.031688715
       41.598       0.026107135
       43.831       0.015415259
       44.211       0.006319753
       91.105       0.566802079
       92.062       0.001243171
       93.175       0.064831955
       93.289       0.078259075
       93.892       0.073399590

 PDOS Einstein freq (single pole), associated temp and eff. force constant: 
 Freq (THz)   Temp (K)   Eff. FC (N/m)
  82.517      3960.06     375.0167

 pDOS n Moments, associated Einstein freqs, temps and eff. force constants:
  n     Mom (THz^n)   Freq (THz)     Temp (K)    Eff. FC (N/m)
 -2       0.00228      20.94622      1005.23      24.1643
 -1       0.02272      44.01709      2112.42     106.7103
  0       1.00000     ---------     --------
  1      77.95683      77.95683      3741.22     334.7127
  2    6809.05297      82.51699      3960.06     375.0167

 Path Red. Mass (AMU):    0.840147
 Path Length (Ang), s^2 (1e-3 Ang^2):  8.8934  13.6662
--------------------------------------------------------------
 Path Indices:    1   8   9   4
 PDOS Poles:
     Freq. (THz)    Weight
        3.397       0.021050885
        7.491       0.014884125
       13.839       0.000394010
       20.480       0.015489141
       23.343       0.015906928
       30.036       0.049424581
       31.685       0.020237818
       37.937       0.026057353
       40.459       0.000491392
       41.607       0.039563443
       44.223       0.005196307
       91.105       0.493887500
       92.062       0.039356298
       93.175       0.175996576
       93.289       0.067849728
       93.892       0.014213944

 PDOS Einstein freq (single pole), associated temp and eff. force constant: 
 Freq (THz)   Temp (K)   Eff. FC (N/m)
  82.915      3979.14     405.8619

 pDOS n Moments, associated Einstein freqs, temps and eff. force constants:
  n     Mom (THz^n)   Freq (THz)     Temp (K)    Eff. FC (N/m)
 -2       0.00237      20.53818       985.65      24.9024
 -1       0.02232      44.80588      2150.27     118.5188
  0       1.00000     ---------     --------
  1      78.56876      78.56876      3770.58     364.4322
  2    6874.81899      82.91453      3979.14     405.8619

 Path Red. Mass (AMU):    0.900551
 Path Length (Ang), s^2 (1e-3 Ang^2):  9.2321  12.5251
--------------------------------------------------------------
 Path Indices:    1   8   9   5
 PDOS Poles:
     Freq. (THz)    Weight
        2.402       0.024361595
        7.520       0.051195732
       12.634       0.000568123
       20.537       0.013723345
       23.250       0.031414911
       30.025       0.040710264
       31.902       0.011952806
       37.868       0.045974263
       41.597       0.034324978
       43.837       0.049520198
       44.201       0.006620607
       91.105       0.418971771
       92.062       0.041092609
       93.175       0.009038304
       93.289       0.045838165
       93.892       0.174692333

 PDOS Einstein freq (single pole), associated temp and eff. force constant: 
 Freq (THz)   Temp (K)   Eff. FC (N/m)
  78.431      3763.97     309.0188

 pDOS n Moments, associated Einstein freqs, temps and eff. force constants:
  n     Mom (THz^n)   Freq (THz)     Temp (K)    Eff. FC (N/m)
 -2       0.00544      13.55460       650.50       9.2296
 -1       0.03156      31.68623      1520.65      50.4372
  0       1.00000     ---------     --------
  1      72.17292      72.17292      3463.64     261.6726
  2    6151.41850      78.43098      3763.97     309.0188

 Path Red. Mass (AMU):    0.766304
 Path Length (Ang), s^2 (1e-3 Ang^2):  9.2285  20.8140
--------------------------------------------------------------
 Path Indices:    1   8   9   6
 PDOS Poles:
     Freq. (THz)    Weight
        3.001       0.007670871
        7.327       0.036613166
       10.990       0.009198735
       20.436       0.000312035
       23.120       0.022255179
       30.862       0.021418447
       32.173       0.028870899
       37.812       0.024657329
       41.600       0.001220041
       43.834       0.019242920
       44.224       0.020004156
       91.105       0.566463504
       92.062       0.002607644
       93.175       0.050281933
       93.289       0.126285422
       93.892       0.062897709

 PDOS Einstein freq (single pole), associated temp and eff. force constant: 
 Freq (THz)   Temp (K)   Eff. FC (N/m)
  83.623      4013.15     325.6773

 pDOS n Moments, associated Einstein freqs, temps and eff. force constants:
  n     Mom (THz^n)   Freq (THz)     Temp (K)    Eff. FC (N/m)
 -2       0.00184      23.33276      1119.76      25.3552
 -1       0.02134      46.85717      2248.72     102.2556
  0       1.00000     ---------     --------
  1      79.43397      79.43397      3812.11     293.8648
  2    6992.82268      83.62310      4013.15     325.6773

 Path Red. Mass (AMU):    0.710438
 Path Length (Ang), s^2 (1e-3 Ang^2):  7.8343  15.1818
--------------------------------------------------------------
 Path Indices:    1   8   9   7
 PDOS Poles:
     Freq. (THz)    Weight
        3.373       0.003739909
        7.320       0.032852369
       11.015       0.013483601
       20.266       0.004583955
       23.155       0.000018926
       29.698       0.003306030
       32.185       0.052206780
       38.203       0.000664309
       41.602       0.000818842
       43.810       0.028475237
       44.225       0.069830651
       91.105       0.788686042
       92.062       0.000001133
       93.175       0.000004508
       93.289       0.001296171
       93.892       0.000031555

 PDOS Einstein freq (single pole), associated temp and eff. force constant: 
 Freq (THz)   Temp (K)   Eff. FC (N/m)
  82.546      3961.44     262.1888

 pDOS n Moments, associated Einstein freqs, temps and eff. force constants:
  n     Mom (THz^n)   Freq (THz)     Temp (K)    Eff. FC (N/m)
 -2       0.00126      28.11691      1349.36      30.4201
 -1       0.01972      50.71393      2433.81      98.9646
  0       1.00000     ---------     --------
  1      78.64652      78.64652      3774.32     238.0041
  2    6813.78882      82.54568      3961.44     262.1888

 Path Red. Mass (AMU):    0.586971
 Path Length (Ang), s^2 (1e-3 Ang^2):  8.5110  16.9778
--------------------------------------------------------------
 Path Indices:    1   8   9   8
 PDOS Poles:
     Freq. (THz)    Weight
        1.474       0.002644679
        7.508       0.069826431
       11.073       0.010400949
       20.494       0.004460599
       23.155       0.031415590
       30.596       0.031005350
       32.042       0.026488871
       37.814       0.035974521
       41.597       0.004382151
       43.840       0.075022716
       44.224       0.035274540
       91.105       0.486025815
       92.062       0.001364332
       93.175       0.052663766
       93.289       0.071974610
       93.892       0.061075074

 PDOS Einstein freq (single pole), associated temp and eff. force constant: 
 Freq (THz)   Temp (K)   Eff. FC (N/m)
  77.589      3723.56     200.9787

 pDOS n Moments, associated Einstein freqs, temps and eff. force constants:
  n     Mom (THz^n)   Freq (THz)     Temp (K)    Eff. FC (N/m)
 -2       0.00283      18.78738       901.62      11.7838
 -1       0.02635      37.95029      1821.27      48.0819
  0       1.00000     ---------     --------
  1      71.41215      71.41215      3427.13     170.2534
  2    6020.02664      77.58883      3723.56     200.9787

 Path Red. Mass (AMU):    0.509264
 Path Length (Ang), s^2 (1e-3 Ang^2):  8.5107  26.1527
--------------------------------------------------------------
 Path Indices:    1   9   1   2
 PDOS Poles:
     Freq. (THz)    Weight
        3.415       0.018304264
        7.324       0.027715060
       11.015       0.027104964
       20.267       0.054344931
       23.458       0.000006692
       29.696       0.194882822
       32.185       0.026822006
       38.205       0.027083658
       41.603       0.109094329
       43.812       0.019467813
       44.225       0.031253753
       91.105       0.201988460
       92.062       0.006380185
       93.175       0.001843955
       93.289       0.253668252
       93.892       0.000038790

 PDOS Einstein freq (single pole), associated temp and eff. force constant: 
 Freq (THz)   Temp (K)   Eff. FC (N/m)
  67.145      3222.33     281.2091

 pDOS n Moments, associated Einstein freqs, temps and eff. force constants:
  n     Mom (THz^n)   Freq (THz)     Temp (K)    Eff. FC (N/m)
 -2       0.00285      18.72745       898.75      21.8758
 -1       0.03119      32.06057      1538.61      64.1136
  0       1.00000     ---------     --------
  1      58.95406      58.95406      2829.26     216.7879
  2    4508.39189      67.14456      3222.33     281.2090

 Path Red. Mass (AMU):    0.951478
 Path Length (Ang), s^2 (1e-3 Ang^2): 12.9591  16.5674
--------------------------------------------------------------
 Path Indices:    1   9   1   3
 PDOS Poles:
     Freq. (THz)    Weight
        3.413       0.075751680
        7.249       0.018106212
        8.299       0.000942971
       20.267       0.113420438
       25.088       0.000003525
       29.696       0.105289864
       32.185       0.087659361
       38.199       0.002064498
       41.603       0.113653774
       43.812       0.009108253
       44.225       0.032148073
       91.105       0.192899255
       92.062       0.003936811
       93.175       0.001571062
       93.289       0.243431316
       93.892       0.000012842

 PDOS Einstein freq (single pole), associated temp and eff. force constant: 
 Freq (THz)   Temp (K)   Eff. FC (N/m)
  65.414      3139.27     253.6337

 pDOS n Moments, associated Einstein freqs, temps and eff. force constants:
  n     Mom (THz^n)   Freq (THz)     Temp (K)    Eff. FC (N/m)
 -2       0.00748      11.56053       554.80       7.9218
 -1       0.04518      22.13330      1062.20      29.0375
  0       1.00000     ---------     --------
  1      56.06592      56.06592      2690.65     186.3224
  2    4278.97485      65.41387      3139.27     253.6337

 Path Red. Mass (AMU):    0.904187
 Path Length (Ang), s^2 (1e-3 Ang^2): 13.8573  25.2534
--------------------------------------------------------------
 Path Indices:    1   9   1   4
 PDOS Poles:
     Freq. (THz)    Weight
        3.028       0.060713589
        6.665       0.008492598
       19.904       0.032666518
       21.154       0.029006577
       25.778       0.003805094
       30.926       0.106121303
       34.830       0.005044774
       38.079       0.390250498
       41.566       0.053885516
       43.754       0.038690599
       44.148       0.016454412
       91.105       0.103421765
       92.062       0.000955622
       93.175       0.000796356
       93.289       0.146567519
       93.892       0.003127239

 PDOS Einstein freq (single pole), associated temp and eff. force constant: 
 Freq (THz)   Temp (K)   Eff. FC (N/m)
  55.486      2662.80     100.2058

 pDOS n Moments, associated Einstein freqs, temps and eff. force constants:
  n     Mom (THz^n)   Freq (THz)     Temp (K)    Eff. FC (N/m)
 -2       0.00744      11.59487       556.45       4.3759
 -1       0.04362      22.92574      1100.23      17.1072
  0       1.00000     ---------     --------
  1      48.13053      48.13053      2309.83      75.4004
  2    3078.64977      55.48558      2662.80     100.2058

 Path Red. Mass (AMU):    0.496505
 Path Length (Ang), s^2 (1e-3 Ang^2): 13.8833  44.3995
--------------------------------------------------------------
 Path Indices:    1   9   1   5
 PDOS Poles:
     Freq. (THz)    Weight
        2.905       0.060111368
        6.492       0.009304410
       19.799       0.027885267
       21.109       0.034790855
       25.381       0.004866005
       30.908       0.104450189
       34.555       0.005169670
       38.080       0.372028023
       41.566       0.053712687
       43.760       0.045885961
       44.122       0.015687292
       91.105       0.103176630
       92.062       0.003638051
       93.175       0.012228841
       93.289       0.140058517
       93.892       0.007006191

 PDOS Einstein freq (single pole), associated temp and eff. force constant: 
 Freq (THz)   Temp (K)   Eff. FC (N/m)
  56.224      2698.25     102.8963

 pDOS n Moments, associated Einstein freqs, temps and eff. force constants:
  n     Mom (THz^n)   Freq (THz)     Temp (K)    Eff. FC (N/m)
 -2       0.00797      11.20424       537.70       4.0862
 -1       0.04425      22.59924      1084.56      16.6242
  0       1.00000     ---------     --------
  1      48.74959      48.74959      2339.54      77.3564
  2    3161.15376      56.22414      2698.25     102.8963

 Path Red. Mass (AMU):    0.496530
 Path Length (Ang), s^2 (1e-3 Ang^2): 13.9508  45.0387
--------------------------------------------------------------
 Path Indices:    1   9   1   6
 PDOS Poles:
     Freq. (THz)    Weight
        3.413       0.056740087
        7.306       0.037860692
       10.405       0.001262840
       11.163       0.002606178
       20.267       0.082147363
       29.696       0.312481582
       32.185       0.006349035
       38.205       0.031041155
       41.603       0.039451456
       43.811       0.019528758
       44.225       0.026845765
       91.105       0.153266089
       92.062       0.005757919
       93.175       0.001745262
       93.289       0.222896983
       93.892       0.000018792

 PDOS Einstein freq (single pole), associated temp and eff. force constant: 
 Freq (THz)   Temp (K)   Eff. FC (N/m)
  61.634      2957.85     225.2056

 pDOS n Moments, associated Einstein freqs, temps and eff. force constants:
  n     Mom (THz^n)   Freq (THz)     Temp (K)    Eff. FC (N/m)
 -2       0.00629      12.61290       605.30       9.4314
 -1       0.04390      22.77856      1093.16      30.7608
  0       1.00000     ---------     --------
  1      51.98288      51.98288      2494.70     160.2013
  2    3798.68917      61.63351      2957.85     225.2056

 Path Red. Mass (AMU):    0.904350
 Path Length (Ang), s^2 (1e-3 Ang^2): 15.2751  24.5336
--------------------------------------------------------------
 Path Indices:    1   9   1   7
 PDOS Poles:
     Freq. (THz)    Weight
        2.956       0.025934188
        7.486       0.052948551
       11.261       0.009893330
       20.561       0.015394434
       23.220       0.051187043
       29.925       0.085570691
       31.874       0.032850218
       37.851       0.037687114
       41.602       0.301524180
       43.836       0.069795794
       44.208       0.008088517
       91.105       0.214860661
       92.062       0.001228429
       93.175       0.023690350
       93.289       0.052835596
       93.892       0.016510890

 PDOS Einstein freq (single pole), associated temp and eff. force constant: 
 Freq (THz)   Temp (K)   Eff. FC (N/m)
  58.985      2830.72     113.2482

 pDOS n Moments, associated Einstein freqs, temps and eff. force constants:
  n     Mom (THz^n)   Freq (THz)     Temp (K)    Eff. FC (N/m)
 -2       0.00453      14.86282       713.28       7.1905
 -1       0.03695      27.06079      1298.67      23.8362
  0       1.00000     ---------     --------
  1      51.45957      51.45957      2469.59      86.1961
  2    3479.17206      58.98451      2830.72     113.2482

 Path Red. Mass (AMU):    0.496531
 Path Length (Ang), s^2 (1e-3 Ang^2): 15.5987  37.6130
--------------------------------------------------------------
 Path Indices:    1   9   1   8
 PDOS Poles:
     Freq. (THz)    Weight
        3.101       0.023753694
        7.461       0.050597830
       11.286       0.009468401
       20.559       0.014737183
       23.224       0.046649361
       29.914       0.081702989
       31.897       0.031084456
       37.853       0.034426560
       41.602       0.291868761
       43.840       0.082369931
       44.214       0.010784005
       91.105       0.228119212
       92.062       0.001086935
       93.175       0.015644180
       93.289       0.056653808
       93.892       0.021052679

 PDOS Einstein freq (single pole), associated temp and eff. force constant: 
 Freq (THz)   Temp (K)   Eff. FC (N/m)
  59.928      2875.99     116.8997

 pDOS n Moments, associated Einstein freqs, temps and eff. force constants:
  n     Mom (THz^n)   Freq (THz)     Temp (K)    Eff. FC (N/m)
 -2       0.00398      15.85898       761.09       8.1867
 -1       0.03528      28.34847      1360.47      26.1586
  0       1.00000     ---------     --------
  1      52.51580      52.51580      2520.28      89.7709
  2    3591.34806      59.92786      2875.99     116.8997

 Path Red. Mass (AMU):    0.496532
 Path Length (Ang), s^2 (1e-3 Ang^2): 15.6412  35.9044
--------------------------------------------------------------
 Path Indices:    1   9   1   9
 PDOS Poles:
     Freq. (THz)    Weight
        3.415       0.030979602
        7.305       0.007711523
       10.984       0.001342980
       20.267       0.061031889
       23.186       0.000003609
       29.696       0.204165446
       32.185       0.030032518
       38.205       0.026754578
       41.603       0.111679685
       43.812       0.019970317
       44.225       0.031945345
       91.105       0.206565626
       92.062       0.006481411
       93.175       0.001884967
       93.289       0.259410853
       93.892       0.000039595

 PDOS Einstein freq (single pole), associated temp and eff. force constant: 
 Freq (THz)   Temp (K)   Eff. FC (N/m)
  67.927      3259.88     150.1259

 pDOS n Moments, associated Einstein freqs, temps and eff. force constants:
  n     Mom (THz^n)   Freq (THz)     Temp (K)    Eff. FC (N/m)
 -2       0.00339      17.18360       824.66       9.6072
 -1       0.03077      32.49724      1559.57      34.3607
  0       1.00000     ---------     --------
  1      60.19483      60.19483      2888.80     117.8929
  2    4614.09453      67.92713      3259.88     150.1259

 Path Red. Mass (AMU):    0.496318
 Path Length (Ang), s^2 (1e-3 Ang^2): 16.0072  31.3341
--------------------------------------------------------------
 Path Indices:    1   9   2   3
 PDOS Poles:
     Freq. (THz)    Weight
        3.416       0.024050733
        7.316       0.019431084
       11.011       0.005485285
       20.267       0.183548619
       22.890       0.000007171
       29.696       0.061527054
       32.185       0.044648615
       38.203       0.000910298
       41.603       0.063478431
       43.811       0.007451438
       44.225       0.013295676
       91.105       0.253433047
       92.062       0.009475388
       93.175       0.002138169
       93.289       0.311083925
       93.892       0.000034993

 PDOS Einstein freq (single pole), associated temp and eff. force constant: 
 Freq (THz)   Temp (K)   Eff. FC (N/m)
  72.384      3473.76     319.3840

 pDOS n Moments, associated Einstein freqs, temps and eff. force constants:
  n     Mom (THz^n)   Freq (THz)     Temp (K)    Eff. FC (N/m)
 -2       0.00314      17.83237       855.79      19.3842
 -1       0.03097      32.28535      1549.40      63.5392
  0       1.00000     ---------     --------
  1      64.04360      64.04360      3073.51     250.0243
  2    5239.40881      72.38376      3473.76     319.3839

 Path Red. Mass (AMU):    0.929870
 Path Length (Ang), s^2 (1e-3 Ang^2): 10.8994  16.8344
--------------------------------------------------------------
 Path Indices:    1   9   2   4
 PDOS Poles:
     Freq. (THz)    Weight
        3.103       0.020536668
        7.226       0.007489361
       11.330       0.001361213
       20.270       0.089175894
       29.327       0.004396516
       30.934       0.105529314
       36.637       0.005261315
       38.117       0.283283504
       41.581       0.030580360
       43.727       0.006811850
       44.211       0.016921675
       91.105       0.145138331
       92.062       0.021126445
       93.175       0.012317346
       93.289       0.228386407
       93.892       0.021683744

 PDOS Einstein freq (single pole), associated temp and eff. force constant: 
 Freq (THz)   Temp (K)   Eff. FC (N/m)
  65.797      3157.64     153.7125

 pDOS n Moments, associated Einstein freqs, temps and eff. force constants:
  n     Mom (THz^n)   Freq (THz)     Temp (K)    Eff. FC (N/m)
 -2       0.00290      18.57634       891.49      12.2524
 -1       0.02922      34.22494      1642.48      41.5897
  0       1.00000     ---------     --------
  1      58.29976      58.29976      2797.86     120.6798
  2    4329.20540      65.79670      3157.64     153.7125

 Path Red. Mass (AMU):    0.541617
 Path Length (Ang), s^2 (1e-3 Ang^2): 11.4855  27.2640
--------------------------------------------------------------
 Path Indices:    1   9   2   5
 PDOS Poles:
     Freq. (THz)    Weight
        2.979       0.019921878
        7.019       0.007882606
       11.067       0.001419237
       20.269       0.088079703
       29.704       0.008143849
       30.962       0.100913911
       36.843       0.006437622
       38.122       0.273119003
       41.585       0.030327295
       43.758       0.008808680
       44.212       0.015188033
       91.105       0.144431087
       92.062       0.026397845
       93.175       0.038740130
       93.289       0.202472767
       93.892       0.027716308

 PDOS Einstein freq (single pole), associated temp and eff. force constant: 
 Freq (THz)   Temp (K)   Eff. FC (N/m)
  66.414      3187.25     156.0619

 pDOS n Moments, associated Einstein freqs, temps and eff. force constants:
  n     Mom (THz^n)   Freq (THz)     Temp (K)    Eff. FC (N/m)
 -2       0.00302      18.19729       873.30      11.7164
 -1       0.02919      34.26398      1644.36      41.5390
  0       1.00000     ---------     --------
  1      58.93821      58.93821      2828.50     122.9064
  2    4410.78736      66.41376      3187.25     156.0618

 Path Red. Mass (AMU):    0.539724
 Path Length (Ang), s^2 (1e-3 Ang^2): 11.4845  27.3285
--------------------------------------------------------------
 Path Indices:    1   9   2   6
 PDOS Poles:
     Freq. (THz)    Weight
        3.417       0.016056762
        7.323       0.046439623
       11.016       0.037124408
       20.267       0.104801218
       21.509       0.000008675
       29.696       0.230480798
       32.185       0.005841124
       38.205       0.028210207
       41.603       0.016074202
       43.811       0.010684513
       44.225       0.012303592
       91.105       0.208045466
       92.062       0.007090199
       93.175       0.002038711
       93.289       0.274764485
       93.892       0.000035943

 PDOS Einstein freq (single pole), associated temp and eff. force constant: 
 Freq (THz)   Temp (K)   Eff. FC (N/m)
  67.596      3244.00     275.9523

 pDOS n Moments, associated Einstein freqs, temps and eff. force constants:
  n     Mom (THz^n)   Freq (THz)     Temp (K)    Eff. FC (N/m)
 -2       0.00317      17.76918       852.76      19.0688
 -1       0.03450      28.98593      1391.06      50.7416
  0       1.00000     ---------     --------
  1      58.15175      58.15175      2790.75     204.2278
  2    4569.24745      67.59621      3244.00     275.9523

 Path Red. Mass (AMU):    0.921257
 Path Length (Ang), s^2 (1e-3 Ang^2): 11.8195  18.9259
--------------------------------------------------------------
 Path Indices:    1   9   2   7
 PDOS Poles:
     Freq. (THz)    Weight
        3.204       0.007601104
        7.560       0.071175335
       11.071       0.041929809
       20.418       0.018561626
       23.201       0.040990524
       30.014       0.050800434
       31.974       0.034673201
       37.831       0.027910392
       41.602       0.228228335
       43.837       0.088158356
       44.219       0.012541124
       91.105       0.256377555
       92.062       0.001915648
       93.175       0.023322526
       93.289       0.080880346
       93.892       0.014933646

 PDOS Einstein freq (single pole), associated temp and eff. force constant: 
 Freq (THz)   Temp (K)   Eff. FC (N/m)
  62.701      3009.07     130.6606

 pDOS n Moments, associated Einstein freqs, temps and eff. force constants:
  n     Mom (THz^n)   Freq (THz)     Temp (K)    Eff. FC (N/m)
 -2       0.00279      18.94101       909.00      11.9235
 -1       0.03366      29.71152      1425.88      29.3391
  0       1.00000     ---------     --------
  1      54.61404      54.61404      2620.98      99.1299
  2    3931.41228      62.70098      3009.07     130.6606

 Path Red. Mass (AMU):    0.506976
 Path Length (Ang), s^2 (1e-3 Ang^2): 12.0222  33.5515
--------------------------------------------------------------
 Path Indices:    1   9   2   8
 PDOS Poles:
     Freq. (THz)    Weight
        3.359       0.006901309
        7.516       0.069259968
       11.071       0.041988662
       20.419       0.017863218
       23.200       0.039647925
       30.009       0.048789610
       31.984       0.034065479
       37.831       0.026762975
       41.602       0.223730481
       43.842       0.094103193
       44.220       0.014550808
       91.105       0.262609085
       92.062       0.001830894
       93.175       0.011602922
       93.289       0.088363663
       93.892       0.017929773

 PDOS Einstein freq (single pole), associated temp and eff. force constant: 
 Freq (THz)   Temp (K)   Eff. FC (N/m)
  63.044      3025.55     131.8684

 pDOS n Moments, associated Einstein freqs, temps and eff. force constants:
  n     Mom (THz^n)   Freq (THz)     Temp (K)    Eff. FC (N/m)
 -2       0.00263      19.48546       935.12      12.5971
 -1       0.03306      30.24624      1451.54      30.3523
  0       1.00000     ---------     --------
  1      55.03770      55.03770      2641.31     100.5007
  2    3974.59003      63.04435      3025.55     131.8684

 Path Red. Mass (AMU):    0.506104
 Path Length (Ang), s^2 (1e-3 Ang^2): 12.0166  33.0152
--------------------------------------------------------------
 Path Indices:    1   9   2   9
 PDOS Poles:
     Freq. (THz)    Weight
        3.419       0.005660886
        7.324       0.011323793
       11.015       0.007771309
       20.267       0.083918229
       23.403       0.000000311
       29.696       0.135048730
       32.185       0.021106496
       38.205       0.021397639
       41.603       0.062796330
       43.811       0.011646674
       44.225       0.017620187
       91.105       0.272489446
       92.062       0.008517994
       93.175       0.002436167
       93.289       0.338211460
       93.892       0.000054266

 PDOS Einstein freq (single pole), associated temp and eff. force constant: 
 Freq (THz)   Temp (K)   Eff. FC (N/m)
  75.317      3614.54     189.3032

 pDOS n Moments, associated Einstein freqs, temps and eff. force constants:
  n     Mom (THz^n)   Freq (THz)     Temp (K)    Eff. FC (N/m)
 -2       0.00128      27.99133      1343.33      26.1466
 -1       0.02272      44.01230      2112.19      64.6422
  0       1.00000     ---------     --------
  1      68.69073      68.69073      3296.53     157.4579
  2    5672.69768      75.31731      3614.54     189.3032

 Path Red. Mass (AMU):    0.509049
 Path Length (Ang), s^2 (1e-3 Ang^2): 12.7988  22.5575
--------------------------------------------------------------
 Path Indices:    1   9   3   2
 PDOS Poles:
     Freq. (THz)    Weight
        3.415       0.007974272
        7.323       0.012947631
       11.015       0.010497009
       20.267       0.104637784
       22.763       0.000000320
       29.696       0.192374291
       32.185       0.012158581
       38.205       0.027981188
       41.603       0.101572358
       43.811       0.024983101
       44.225       0.023918870
       91.105       0.209592662
       92.062       0.010646431
       93.175       0.001886008
       93.289       0.258785521
       93.892       0.000043907

 PDOS Einstein freq (single pole), associated temp and eff. force constant: 
 Freq (THz)   Temp (K)   Eff. FC (N/m)
  68.099      3268.13     295.5787

 pDOS n Moments, associated Einstein freqs, temps and eff. force constants:
  n     Mom (THz^n)   Freq (THz)     Temp (K)    Eff. FC (N/m)
 -2       0.00166      24.57501      1179.38      38.4928
 -1       0.02657      37.63534      1806.15      90.2785
  0       1.00000     ---------     --------
  1      60.30626      60.30626      2894.15     231.8020
  2    4637.46506      68.09894      3268.13     295.5786

 Path Red. Mass (AMU):    0.972263
 Path Length (Ang), s^2 (1e-3 Ang^2):  9.3210  13.8116
--------------------------------------------------------------
 Path Indices:    1   9   3   4
 PDOS Poles:
     Freq. (THz)    Weight
        3.175       0.025975830
        7.767       0.003652206
       15.969       0.000684534
       20.419       0.033205495
       27.289       0.005152617
       30.104       0.096391715
       33.016       0.006023106
       38.124       0.197683564
       41.586       0.060504313
       43.771       0.028605849
       44.196       0.018562764
       91.105       0.128933914
       92.062       0.065919605
       93.175       0.038770443
       93.289       0.233996746
       93.892       0.055937250

 PDOS Einstein freq (single pole), associated temp and eff. force constant: 
 Freq (THz)   Temp (K)   Eff. FC (N/m)
  71.346      3423.97     203.8564

 pDOS n Moments, associated Einstein freqs, temps and eff. force constants:
  n     Mom (THz^n)   Freq (THz)     Temp (K)    Eff. FC (N/m)
 -2       0.00310      17.97302       862.54      12.9367
 -1       0.02726      36.68351      1760.47      53.8918
  0       1.00000     ---------     --------
  1      64.67522      64.67522      3103.82     167.5163
  2    5090.29457      71.34630      3423.97     203.8564

 Path Red. Mass (AMU):    0.610904
 Path Length (Ang), s^2 (1e-3 Ang^2):  8.5798  22.5518
--------------------------------------------------------------
 Path Indices:    1   9   3   5
 PDOS Poles:
     Freq. (THz)    Weight
        3.088       0.025315836
        7.689       0.003853001
       15.715       0.000709849
       20.435       0.032810121
       26.732       0.004128442
       30.053       0.095766690
       32.858       0.006641272
       38.126       0.187727750
       41.587       0.059364848
       43.776       0.031738363
       44.193       0.016785936
       91.105       0.126501095
       92.062       0.075408972
       93.175       0.078419289
       93.289       0.190565136
       93.892       0.064263374

 PDOS Einstein freq (single pole), associated temp and eff. force constant: 
 Freq (THz)   Temp (K)   Eff. FC (N/m)
  71.937      3452.34     203.7037

 pDOS n Moments, associated Einstein freqs, temps and eff. force constants:
  n     Mom (THz^n)   Freq (THz)     Temp (K)    Eff. FC (N/m)
 -2       0.00317      17.75835       852.24      12.4135
 -1       0.02713      36.86407      1769.14      53.4928
  0       1.00000     ---------     --------
  1      65.33875      65.33875      3135.66     168.0468
  2    5174.99974      71.93747      3452.34     203.7037

 Path Red. Mass (AMU):    0.600454
 Path Length (Ang), s^2 (1e-3 Ang^2):  8.5799  22.8319
--------------------------------------------------------------
 Path Indices:    1   9   3   6
 PDOS Poles:
     Freq. (THz)    Weight
        3.413       0.020315600
        7.298       0.013687264
        8.423       0.000247743
       20.267       0.043462888
       21.735       0.000003590
       29.696       0.387674789
       32.185       0.005848254
       38.205       0.065420349
       41.603       0.028222507
       43.811       0.032611727
       44.225       0.020948542
       91.105       0.147735881
       92.062       0.010103183
       93.175       0.001672689
       93.289       0.222015523
       93.892       0.000029417

 PDOS Einstein freq (single pole), associated temp and eff. force constant: 
 Freq (THz)   Temp (K)   Eff. FC (N/m)
  62.237      2986.82     217.6807

 pDOS n Moments, associated Einstein freqs, temps and eff. force constants:
  n     Mom (THz^n)   Freq (THz)     Temp (K)    Eff. FC (N/m)
 -2       0.00269      19.28406       925.46      20.8986
 -1       0.03098      32.28238      1549.26      58.5666
  0       1.00000     ---------     --------
  1      54.04148      54.04148      2593.50     164.1246
  2    3873.47489      62.23725      2986.82     217.6807

 Path Red. Mass (AMU):    0.857256
 Path Length (Ang), s^2 (1e-3 Ang^2):  9.0040  18.2620
--------------------------------------------------------------
 Path Indices:    1   9   3   7
 PDOS Poles:
     Freq. (THz)    Weight
        3.269       0.010689528
        7.694       0.017958146
       14.310       0.000887436
       21.187       0.016406110
       23.497       0.031210299
       29.882       0.134867542
       32.091       0.053997374
       37.944       0.052549987
       41.601       0.231720254
       43.817       0.045982829
       44.101       0.005702513
       91.105       0.285606046
       92.062       0.002228776
       93.175       0.040603786
       93.289       0.030543608
       93.892       0.039045766

 PDOS Einstein freq (single pole), associated temp and eff. force constant: 
 Freq (THz)   Temp (K)   Eff. FC (N/m)
  64.266      3084.16     134.7342

 pDOS n Moments, associated Einstein freqs, temps and eff. force constants:
  n     Mom (THz^n)   Freq (THz)     Temp (K)    Eff. FC (N/m)
 -2       0.00185      23.25637      1116.09      17.6444
 -1       0.02644      37.82697      1815.35      46.6794
  0       1.00000     ---------     --------
  1      57.45389      57.45389      2757.26     107.6864
  2    4130.05592      64.26551      3084.16     134.7342

 Path Red. Mass (AMU):    0.497638
 Path Length (Ang), s^2 (1e-3 Ang^2):  9.6522  26.8479
--------------------------------------------------------------
 Path Indices:    1   9   3   8
 PDOS Poles:
     Freq. (THz)    Weight
        3.389       0.010062115
        7.670       0.017274407
       14.429       0.000848936
       21.212       0.016012582
       23.511       0.029644657
       29.879       0.131490582
       32.098       0.053327400
       37.948       0.050736272
       41.601       0.226508172
       43.827       0.051983966
       44.137       0.005857368
       91.105       0.293068342
       92.062       0.002111483
       93.175       0.030407112
       93.289       0.037832113
       93.892       0.042834480

 PDOS Einstein freq (single pole), associated temp and eff. force constant: 
 Freq (THz)   Temp (K)   Eff. FC (N/m)
  64.767      3108.24     136.4439

 pDOS n Moments, associated Einstein freqs, temps and eff. force constants:
  n     Mom (THz^n)   Freq (THz)     Temp (K)    Eff. FC (N/m)
 -2       0.00171      24.20588      1161.66      19.0583
 -1       0.02589      38.62980      1853.88      48.5385
  0       1.00000     ---------     --------
  1      58.01985      58.01985      2784.42     109.4951
  2    4194.81570      64.76740      3108.24     136.4439

 Path Red. Mass (AMU):    0.496172
 Path Length (Ang), s^2 (1e-3 Ang^2):  9.6524  26.3675
--------------------------------------------------------------
 Path Indices:    1   9   3   9
 PDOS Poles:
     Freq. (THz)    Weight
        3.413       0.003635388
        7.317       0.001515838
       11.015       0.004509571
       20.267       0.015828288
       27.051       0.000000325
       29.696       0.294721996
       32.186       0.001813446
       38.205       0.073610521
       41.603       0.090447600
       43.811       0.029228095
       44.225       0.027108393
       91.105       0.198671235
       92.062       0.008149906
       93.175       0.001811154
       93.289       0.248906259
       93.892       0.000041920

 PDOS Einstein freq (single pole), associated temp and eff. force constant: 
 Freq (THz)   Temp (K)   Eff. FC (N/m)
  67.397      3234.46     143.0347

 pDOS n Moments, associated Einstein freqs, temps and eff. force constants:
  n     Mom (THz^n)   Freq (THz)     Temp (K)    Eff. FC (N/m)
 -2       0.00094      32.65894      1567.33      33.5860
 -1       0.02278      43.89476      2106.55      60.6707
  0       1.00000     ---------     --------
  1      60.50216      60.50216      2903.55     115.2645
  2    4542.41958      67.39747      3234.46     143.0346

 Path Red. Mass (AMU):    0.480336
 Path Length (Ang), s^2 (1e-3 Ang^2):  9.6422  23.9699
--------------------------------------------------------------
 Path Indices:    1   9   4   2
 PDOS Poles:
     Freq. (THz)    Weight
        3.568       0.007210849
        7.790       0.017059568
       11.124       0.016213822
       20.281       0.094244402
       23.177       0.025484911
       29.704       0.177519559
       32.300       0.007049725
       38.083       0.016093450
       41.601       0.091206137
       43.834       0.015965452
       44.223       0.049393284
       91.105       0.104366760
       92.062       0.078919750
       93.175       0.040434725
       93.289       0.200087818
       93.892       0.058749750

 PDOS Einstein freq (single pole), associated temp and eff. force constant: 
 Freq (THz)   Temp (K)   Eff. FC (N/m)
  68.363      3280.79     218.7952

 pDOS n Moments, associated Einstein freqs, temps and eff. force constants:
  n     Mom (THz^n)   Freq (THz)     Temp (K)    Eff. FC (N/m)
 -2       0.00162      24.86972      1193.52      28.9562
 -1       0.02691      37.15645      1783.17      64.6350
  0       1.00000     ---------     --------
  1      60.35660      60.35660      2896.57     170.5489
  2    4673.45891      68.36270      3280.79     218.7952

 Path Red. Mass (AMU):    0.714152
 Path Length (Ang), s^2 (1e-3 Ang^2): 10.2458  19.0458
--------------------------------------------------------------
 Path Indices:    1   9   4   3
 PDOS Poles:
     Freq. (THz)    Weight
        3.509       0.018404206
        8.067       0.011011673
       13.226       0.001038428
       20.342       0.053185071
       24.131       0.004471815
       29.769       0.187535361
       32.100       0.036500005
       37.924       0.032759434
       41.600       0.078898881
       43.816       0.013673706
       44.219       0.027024147
       91.105       0.082738767
       92.062       0.123851178
       93.175       0.063759716
       93.289       0.178851987
       93.892       0.086295598

 PDOS Einstein freq (single pole), associated temp and eff. force constant: 
 Freq (THz)   Temp (K)   Eff. FC (N/m)
  71.411      3427.07     189.7541

 pDOS n Moments, associated Einstein freqs, temps and eff. force constants:
  n     Mom (THz^n)   Freq (THz)     Temp (K)    Eff. FC (N/m)
 -2       0.00220      21.29603      1022.02      16.8756
 -1       0.02638      37.90258      1818.98      53.4564
  0       1.00000     ---------     --------
  1      64.09792      64.09792      3076.12     152.8798
  2    5099.51528      71.41089      3427.07     189.7541

 Path Red. Mass (AMU):    0.567615
 Path Length (Ang), s^2 (1e-3 Ang^2):  8.9185  23.4910
--------------------------------------------------------------
 Path Indices:    1   9   4   5
 PDOS Poles:
     Freq. (THz)    Weight
        3.117       0.019544497
        8.256       0.006136770
       13.467       0.001212422
       20.421       0.044553428
       23.806       0.011044721
       29.981       0.125669209
       31.646       0.040344912
       37.848       0.102097710
       41.597       0.058262055
       43.809       0.131939729
       44.065       0.004767148
       91.105       0.062168354
       92.062       0.244561667
       93.175       0.000147411
       93.289       0.145543833
       93.892       0.002006070

 PDOS Einstein freq (single pole), associated temp and eff. force constant: 
 Freq (THz)   Temp (K)   Eff. FC (N/m)
  67.550      3241.76     130.8402

 pDOS n Moments, associated Einstein freqs, temps and eff. force constants:
  n     Mom (THz^n)   Freq (THz)     Temp (K)    Eff. FC (N/m)
 -2       0.00264      19.44618       933.24      10.8434
 -1       0.02736      36.55482      1754.30      38.3165
  0       1.00000     ---------     --------
  1      60.58141      60.58141      2907.35     105.2386
  2    4562.93869      67.54953      3241.76     130.8402

 Path Red. Mass (AMU):    0.437409
 Path Length (Ang), s^2 (1e-3 Ang^2):  9.5908  31.6077
--------------------------------------------------------------
 Path Indices:    1   9   4   6
 PDOS Poles:
     Freq. (THz)    Weight
        3.554       0.013519151
        7.895       0.012045881
       18.318       0.004588415
       20.725       0.056709972
       23.959       0.018472652
       29.764       0.352314457
       32.269       0.005825121
       37.900       0.114628992
       41.581       0.029559824
       43.769       0.010348683
       44.215       0.035673197
       91.105       0.057685382
       92.062       0.063273733
       93.175       0.028996969
       93.289       0.145306915
       93.892       0.051050624

 PDOS Einstein freq (single pole), associated temp and eff. force constant: 
 Freq (THz)   Temp (K)   Eff. FC (N/m)
  60.352      2896.35     120.4706

 pDOS n Moments, associated Einstein freqs, temps and eff. force constants:
  n     Mom (THz^n)   Freq (THz)     Temp (K)    Eff. FC (N/m)
 -2       0.00201      22.32875      1071.58      16.4902
 -1       0.02962      33.76461      1620.39      37.7069
  0       1.00000     ---------     --------
  1      52.25435      52.25435      2507.73      90.3113
  2    3642.36884      60.35204      2896.35     120.4706

 Path Red. Mass (AMU):    0.504532
 Path Length (Ang), s^2 (1e-3 Ang^2):  9.9807  29.6671
--------------------------------------------------------------
 Path Indices:    1   9   4   7
 PDOS Poles:
     Freq. (THz)    Weight
        3.094       0.007504248
        7.460       0.011287220
       20.084       0.015524171
       23.042       0.157607784
       25.521       0.005731352
       29.912       0.200837234
       31.658       0.050614739
       38.115       0.025455165
       41.602       0.209098441
       43.806       0.024900097
       44.207       0.006949808
       91.105       0.137833945
       92.062       0.034027038
       93.175       0.000007704
       93.289       0.034007280
       93.892       0.078613756

 PDOS Einstein freq (single pole), associated temp and eff. force constant: 
 Freq (THz)   Temp (K)   Eff. FC (N/m)
  56.626      2717.54      76.8392

 pDOS n Moments, associated Einstein freqs, temps and eff. force constants:
  n     Mom (THz^n)   Freq (THz)     Temp (K)    Eff. FC (N/m)
 -2       0.00179      23.60896      1133.01      13.3568
 -1       0.02959      33.79158      1621.69      27.3631
  0       1.00000     ---------     --------
  1      49.11831      49.11831      2357.23      57.8143
  2    3206.52503      56.62619      2717.54      76.8392

 Path Red. Mass (AMU):    0.365544
 Path Length (Ang), s^2 (1e-3 Ang^2): 10.3328  40.9144
--------------------------------------------------------------
 Path Indices:    1   9   4   8
 PDOS Poles:
     Freq. (THz)    Weight
        3.154       0.006968557
        7.317       0.007692865
       19.826       0.006148951
       20.585       0.011895043
       29.646       0.129620447
       31.243       0.016190548
       33.859       0.002896899
       37.875       0.141567979
       41.600       0.165544748
       43.835       0.063982871
       44.206       0.013156303
       91.105       0.190152347
       92.062       0.074460483
       93.175       0.140715162
       93.289       0.028646115
       93.892       0.000360697

 PDOS Einstein freq (single pole), associated temp and eff. force constant: 
 Freq (THz)   Temp (K)   Eff. FC (N/m)
  66.803      3205.96     106.3955

 pDOS n Moments, associated Einstein freqs, temps and eff. force constants:
  n     Mom (THz^n)   Freq (THz)     Temp (K)    Eff. FC (N/m)
 -2       0.00134      27.31504      1310.87      17.7881
 -1       0.02332      42.88797      2058.23      43.8527
  0       1.00000     ---------     --------
  1      60.52279      60.52279      2904.54      87.3300
  2    4462.69971      66.80344      3205.96     106.3955

 Path Red. Mass (AMU):    0.363678
 Path Length (Ang), s^2 (1e-3 Ang^2): 10.8943  32.4020
--------------------------------------------------------------
 Path Indices:    1   9   4   9
 PDOS Poles:
     Freq. (THz)    Weight
        4.796       0.003312852
        9.299       0.010969136
       15.100       0.002167094
       20.774       0.037958898
       24.869       0.010975808
       29.854       0.340059965
       32.107       0.026151227
       37.945       0.156377831
       41.586       0.069746766
       43.729       0.011275738
       44.201       0.026945244
       91.105       0.075594300
       92.062       0.039804502
       93.175       0.020240630
       93.289       0.136954735
       93.892       0.031465242

 PDOS Einstein freq (single pole), associated temp and eff. force constant: 
 Freq (THz)   Temp (K)   Eff. FC (N/m)
  58.177      2791.95      76.2844

 pDOS n Moments, associated Einstein freqs, temps and eff. force constants:
  n     Mom (THz^n)   Freq (THz)     Temp (K)    Eff. FC (N/m)
 -2       0.00100      31.66940      1519.84      22.6057
 -1       0.02644      37.82731      1815.37      32.2515
  0       1.00000     ---------     --------
  1      50.89046      50.89046      2442.28      58.3729
  2    3384.52050      58.17663      2791.95      76.2844

 Path Red. Mass (AMU):    0.343819
 Path Length (Ang), s^2 (1e-3 Ang^2): 10.3194  38.8588
--------------------------------------------------------------
 Path Indices:    1   9   5   2
 PDOS Poles:
     Freq. (THz)    Weight
        3.580       0.007102908
        7.768       0.015082757
       11.126       0.016252493
       20.282       0.094241331
       23.178       0.025817264
       29.705       0.179121778
       32.306       0.007128839
       38.076       0.016426129
       41.601       0.092485068
       43.828       0.013331594
       44.223       0.049373291
       91.105       0.104557129
       92.062       0.081720072
       93.175       0.072900494
       93.289       0.162003252
       93.892       0.062455572

 PDOS Einstein freq (single pole), associated temp and eff. force constant: 
 Freq (THz)   Temp (K)   Eff. FC (N/m)
  68.418      3283.43     220.6537

 pDOS n Moments, associated Einstein freqs, temps and eff. force constants:
  n     Mom (THz^n)   Freq (THz)     Temp (K)    Eff. FC (N/m)
 -2       0.00158      25.19265      1209.02      29.9172
 -1       0.02669      37.46414      1797.94      66.1614
  0       1.00000     ---------     --------
  1      60.44358      60.44358      2900.74     172.2159
  2    4680.99733      68.41781      3283.43     220.6537

 Path Red. Mass (AMU):    0.719058
 Path Length (Ang), s^2 (1e-3 Ang^2): 10.2412  18.7605
--------------------------------------------------------------
 Path Indices:    1   9   5   3
 PDOS Poles:
     Freq. (THz)    Weight
        3.515       0.018278598
        8.067       0.010043749
       13.283       0.001018743
       20.344       0.053567693
       24.070       0.004866549
       29.768       0.187974557
       32.103       0.036270069
       37.920       0.034253450
       41.600       0.080064613
       43.805       0.011601817
       44.219       0.026918224
       91.105       0.082852778
       92.062       0.128408473
       93.175       0.098788592
       93.289       0.136086265
       93.892       0.089005819

 PDOS Einstein freq (single pole), associated temp and eff. force constant: 
 Freq (THz)   Temp (K)   Eff. FC (N/m)
  71.382      3425.66     190.8716

 pDOS n Moments, associated Einstein freqs, temps and eff. force constants:
  n     Mom (THz^n)   Freq (THz)     Temp (K)    Eff. FC (N/m)
 -2       0.00218      21.43220      1028.55      17.2069
 -1       0.02627      38.05918      1826.49      54.2610
  0       1.00000     ---------     --------
  1      64.08046      64.08046      3075.28     153.8227
  2    5095.32858      71.38157      3425.66     190.8716

 Path Red. Mass (AMU):    0.571426
 Path Length (Ang), s^2 (1e-3 Ang^2):  8.9149  23.2383
--------------------------------------------------------------
 Path Indices:    1   9   5   4
 PDOS Poles:
     Freq. (THz)    Weight
        3.203       0.019885321
        8.372       0.005500241
       13.855       0.001103998
       20.429       0.045612165
       23.895       0.010288449
       29.997       0.128053807
       31.644       0.041385876
       37.850       0.108558302
       41.596       0.059992115
       43.803       0.124515594
       44.016       0.005778881
       91.105       0.063206833
       92.062       0.236948589
       93.175       0.006347223
       93.289       0.139436948
       93.892       0.003385604

 PDOS Einstein freq (single pole), associated temp and eff. force constant: 
 Freq (THz)   Temp (K)   Eff. FC (N/m)
  67.254      3227.58     132.2862

 pDOS n Moments, associated Einstein freqs, temps and eff. force constants:
  n     Mom (THz^n)   Freq (THz)     Temp (K)    Eff. FC (N/m)
 -2       0.00256      19.74820       947.73      11.4060
 -1       0.02734      36.58291      1755.65      39.1411
  0       1.00000     ---------     --------
  1      60.25609      60.25609      2891.74     106.1889
  2    4523.11241      67.25409      3227.58     132.2862

 Path Red. Mass (AMU):    0.446137
 Path Length (Ang), s^2 (1e-3 Ang^2):  9.5872  30.9655
--------------------------------------------------------------
 Path Indices:    1   9   5   6
 PDOS Poles:
     Freq. (THz)    Weight
        3.557       0.013356753
        7.876       0.010742416
       18.383       0.004931410
       20.745       0.056681885
       23.970       0.018707328
       29.766       0.353397728
       32.240       0.006177656
       37.901       0.114979004
       41.581       0.030139019
       43.757       0.008667721
       44.215       0.035555123
       91.105       0.057655389
       92.062       0.065516197
       93.175       0.052859559
       93.289       0.117219329
       93.892       0.053413467

 PDOS Einstein freq (single pole), associated temp and eff. force constant: 
 Freq (THz)   Temp (K)   Eff. FC (N/m)
  60.368      2897.12     121.0824

 pDOS n Moments, associated Einstein freqs, temps and eff. force constants:
  n     Mom (THz^n)   Freq (THz)     Temp (K)    Eff. FC (N/m)
 -2       0.00197      22.51432      1080.48      16.8416
 -1       0.02946      33.94243      1628.93      38.2782
  0       1.00000     ---------     --------
  1      52.28777      52.28777      2509.34      90.8375
  2    3644.31433      60.36816      2897.12     121.0824

 Path Red. Mass (AMU):    0.506823
 Path Length (Ang), s^2 (1e-3 Ang^2):  9.9773  29.3782
--------------------------------------------------------------
 Path Indices:    1   9   5   7
 PDOS Poles:
     Freq. (THz)    Weight
        3.052       0.007364699
        7.283       0.007555960
       19.647       0.004615607
       20.570       0.014017125
       29.586       0.118311136
       30.644       0.028225930
       33.395       0.004501533
       37.873       0.144709773
       41.600       0.170796876
       43.834       0.059547360
       44.200       0.011678357
       91.105       0.185086767
       92.062       0.076465680
       93.175       0.154465513
       93.289       0.012109090
       93.892       0.000548614

 PDOS Einstein freq (single pole), associated temp and eff. force constant: 
 Freq (THz)   Temp (K)   Eff. FC (N/m)
  66.477      3190.29     106.0778

 pDOS n Moments, associated Einstein freqs, temps and eff. force constants:
  n     Mom (THz^n)   Freq (THz)     Temp (K)    Eff. FC (N/m)
 -2       0.00143      26.40470      1267.18      16.7357
 -1       0.02363      42.32612      2031.27      43.0029
  0       1.00000     ---------     --------
  1      60.15984      60.15984      2887.12      86.8748
  2    4419.20409      66.47709      3190.29     106.0778

 Path Red. Mass (AMU):    0.366161
 Path Length (Ang), s^2 (1e-3 Ang^2): 10.8906  32.6095
--------------------------------------------------------------
 Path Indices:    1   9   5   8
 PDOS Poles:
     Freq. (THz)    Weight
        3.178       0.006957856
        7.408       0.010842458
       20.151       0.015955988
       23.079       0.156884332
       26.970       0.004773143
       29.946       0.200109355
       31.711       0.046645575
       38.113       0.026086947
       41.602       0.206970489
       43.803       0.025547262
       44.211       0.007930990
       91.105       0.143190354
       92.062       0.035714624
       93.175       0.000427391
       93.289       0.028934362
       93.892       0.083028864

 PDOS Einstein freq (single pole), associated temp and eff. force constant: 
 Freq (THz)   Temp (K)   Eff. FC (N/m)
  57.095      2740.04      78.4563

 pDOS n Moments, associated Einstein freqs, temps and eff. force constants:
  n     Mom (THz^n)   Freq (THz)     Temp (K)    Eff. FC (N/m)
 -2       0.00169      24.35572      1168.85      14.2769
 -1       0.02915      34.30066      1646.12      28.3163
  0       1.00000     ---------     --------
  1      49.58753      49.58753      2379.75      59.1803
  2    3259.83628      57.09498      2740.04      78.4563

 Path Red. Mass (AMU):    0.367133
 Path Length (Ang), s^2 (1e-3 Ang^2): 10.3333  40.1327
--------------------------------------------------------------
 Path Indices:    1   9   5   9
 PDOS Poles:
     Freq. (THz)    Weight
        4.510       0.003153070
        9.413       0.009803358
       15.291       0.002131687
       20.786       0.038138059
       24.900       0.010997515
       29.858       0.340907717
       32.103       0.026276933
       37.945       0.158434685
       41.586       0.070774150
       43.705       0.009213635
       44.202       0.026652825
       91.105       0.075562306
       92.062       0.040960504
       93.175       0.039767162
       93.289       0.113594438
       93.892       0.033631933

 PDOS Einstein freq (single pole), associated temp and eff. force constant: 
 Freq (THz)   Temp (K)   Eff. FC (N/m)
  58.143      2790.32      76.6090

 pDOS n Moments, associated Einstein freqs, temps and eff. force constants:
  n     Mom (THz^n)   Freq (THz)     Temp (K)    Eff. FC (N/m)
 -2       0.00099      31.72620      1522.57      22.8101
 -1       0.02636      37.93505      1820.54      32.6116
  0       1.00000     ---------     --------
  1      50.87890      50.87890      2441.72      58.6632
  2    3380.56490      58.14263      2790.32      76.6090

 Path Red. Mass (AMU):    0.345686
 Path Length (Ang), s^2 (1e-3 Ang^2): 10.3122  38.5392
--------------------------------------------------------------
 Path Indices:    1   9   6   2
 PDOS Poles:
     Freq. (THz)    Weight
        3.418       0.007162258
        7.325       0.033627168
       10.963       0.000215324
       20.267       0.038412612
       23.704       0.000001028
       29.696       0.090827448
       32.185       0.004057484
       38.205       0.011940912
       41.603       0.016462744
       43.811       0.006227595
       44.225       0.007996123
       91.105       0.329260452
       92.062       0.011319196
       93.175       0.003146749
       93.289       0.439269804
       93.892       0.000072992

 PDOS Einstein freq (single pole), associated temp and eff. force constant: 
 Freq (THz)   Temp (K)   Eff. FC (N/m)
  82.796      3973.46     510.0135

 pDOS n Moments, associated Einstein freqs, temps and eff. force constants:
  n     Mom (THz^n)   Freq (THz)     Temp (K)    Eff. FC (N/m)
 -2       0.00156      25.32659      1215.44      47.7216
 -1       0.02130      46.95382      2253.35     164.0224
  0       1.00000     ---------     --------
  1      77.96551      77.96551      3741.63     452.2373
  2    6855.20094      82.79614      3973.46     510.0134

 Path Red. Mass (AMU):    1.134887
 Path Length (Ang), s^2 (1e-3 Ang^2):  9.1820   9.4842
--------------------------------------------------------------
 Path Indices:    1   9   6   3
 PDOS Poles:
     Freq. (THz)    Weight
        3.414       0.032646405
        7.292       0.011926545
        9.055       0.000145190
       20.267       0.039196767
       23.830       0.000002079
       29.696       0.079351496
       32.185       0.000028919
       38.205       0.004745876
       41.603       0.012888446
       43.811       0.009084129
       44.224       0.008468857
       91.105       0.318696952
       92.062       0.015168482
       93.175       0.003194652
       93.289       0.464400092
       93.892       0.000055007

 PDOS Einstein freq (single pole), associated temp and eff. force constant: 
 Freq (THz)   Temp (K)   Eff. FC (N/m)
  83.630      4013.47     508.0053

 pDOS n Moments, associated Einstein freqs, temps and eff. force constants:
  n     Mom (THz^n)   Freq (THz)     Temp (K)    Eff. FC (N/m)
 -2       0.00333      17.33706       832.02      21.8321
 -1       0.02533      39.47673      1894.52     113.1949
  0       1.00000     ---------     --------
  1      78.89912      78.89912      3786.44     452.1566
  2    6993.96776      83.62995      4013.47     508.0052

 Path Red. Mass (AMU):    1.107990
 Path Length (Ang), s^2 (1e-3 Ang^2):  7.9448  11.5544
--------------------------------------------------------------
 Path Indices:    1   9   6   4
 PDOS Poles:
     Freq. (THz)    Weight
        3.099       0.034735931
        6.849       0.005994784
       11.768       0.000484725
       20.297       0.037292843
       23.670       0.002708749
       29.877       0.042058223
       31.277       0.016610501
       38.184       0.035346023
       41.595       0.010184283
       43.761       0.001880127
       44.222       0.015110402
       91.105       0.244002479
       92.062       0.036288664
       93.175       0.018283226
       93.289       0.454405617
       93.892       0.044613324

 PDOS Einstein freq (single pole), associated temp and eff. force constant: 
 Freq (THz)   Temp (K)   Eff. FC (N/m)
  83.744      4018.96     389.1145

 pDOS n Moments, associated Einstein freqs, temps and eff. force constants:
  n     Mom (THz^n)   Freq (THz)     Temp (K)    Eff. FC (N/m)
 -2       0.00404      15.73228       755.01      13.7325
 -1       0.02619      38.18691      1832.62      80.9088
  0       1.00000     ---------     --------
  1      79.12934      79.12934      3797.49     347.4096
  2    7013.11005      83.74431      4018.96     389.1144

 Path Red. Mass (AMU):    0.846365
 Path Length (Ang), s^2 (1e-3 Ang^2):  8.5829  15.6370
--------------------------------------------------------------
 Path Indices:    1   9   6   5
 PDOS Poles:
     Freq. (THz)    Weight
        2.980       0.033286035
        6.581       0.006560573
       11.232       0.000675667
       20.290       0.036107900
       23.695       0.002010034
       29.848       0.041365198
       31.244       0.016335944
       38.188       0.031699353
       41.597       0.010023712
       43.788       0.003040890
       44.222       0.013066883
       91.105       0.239687663
       92.062       0.044573538
       93.175       0.064346333
       93.289       0.401695776
       93.892       0.055524422

 PDOS Einstein freq (single pole), associated temp and eff. force constant: 
 Freq (THz)   Temp (K)   Eff. FC (N/m)
  84.117      4036.84     386.0036

 pDOS n Moments, associated Einstein freqs, temps and eff. force constants:
  n     Mom (THz^n)   Freq (THz)     Temp (K)    Eff. FC (N/m)
 -2       0.00419      15.44911       741.42      13.0206
 -1       0.02614      38.25613      1835.94      79.8413
  0       1.00000     ---------     --------
  1      79.63662      79.63662      3821.83     345.9803
  2    7075.63705      84.11681      4036.84     386.0035

 Path Red. Mass (AMU):    0.832179
 Path Length (Ang), s^2 (1e-3 Ang^2):  8.5831  15.8748
--------------------------------------------------------------
 Path Indices:    1   9   6   7
 PDOS Poles:
     Freq. (THz)    Weight
        3.061       0.011733028
        7.429       0.022280829
       11.330       0.002085702
       20.552       0.004824683
       23.220       0.015740408
       29.921       0.026289341
       31.904       0.010410997
       37.853       0.011382415
       41.602       0.100480561
       43.836       0.023680842
       44.209       0.002647062
       91.105       0.541078020
       92.062       0.001273527
       93.175       0.094208490
       93.289       0.055805279
       93.892       0.076078830

 PDOS Einstein freq (single pole), associated temp and eff. force constant: 
 Freq (THz)   Temp (K)   Eff. FC (N/m)
  82.239      3946.71     278.3620

 pDOS n Moments, associated Einstein freqs, temps and eff. force constants:
  n     Mom (THz^n)   Freq (THz)     Temp (K)    Eff. FC (N/m)
 -2       0.00192      22.80336      1094.35      21.4020
 -1       0.02082      48.02601      2304.81      94.9312
  0       1.00000     ---------     --------
  1      78.11405      78.11405      3748.76     251.1390
  2    6763.22859      82.23885      3946.71     278.3620

 Path Red. Mass (AMU):    0.627837
 Path Length (Ang), s^2 (1e-3 Ang^2):  7.5223  16.7610
--------------------------------------------------------------
 Path Indices:    1   9   6   8
 PDOS Poles:
     Freq. (THz)    Weight
        3.178       0.010839011
        7.408       0.021415973
       11.382       0.001916906
       20.551       0.004572636
       23.224       0.014156982
       29.909       0.024825789
       31.927       0.009768826
       37.855       0.010268002
       41.602       0.096297178
       43.840       0.027504911
       44.214       0.003480368
       91.105       0.548422018
       92.062       0.001174398
       93.175       0.071583926
       93.289       0.072119340
       93.892       0.081653741

 PDOS Einstein freq (single pole), associated temp and eff. force constant: 
 Freq (THz)   Temp (K)   Eff. FC (N/m)
  82.554      3961.85     277.4472

 pDOS n Moments, associated Einstein freqs, temps and eff. force constants:
  n     Mom (THz^n)   Freq (THz)     Temp (K)    Eff. FC (N/m)
 -2       0.00172      24.08624      1155.92      23.6178
 -1       0.02017      49.56904      2378.86     100.0281
  0       1.00000     ---------     --------
  1      78.58333      78.58333      3771.28     251.3981
  2    6815.20791      82.55427      3961.85     277.4472

 Path Red. Mass (AMU):    0.621001
 Path Length (Ang), s^2 (1e-3 Ang^2):  7.5223  16.4181
--------------------------------------------------------------
 Path Indices:    1   9   6   9
 PDOS Poles:
     Freq. (THz)    Weight
        3.412       0.018336203
        6.388       0.000193877
       11.014       0.007359490
       20.266       0.011098354
       22.349       0.000002547
       29.696       0.029337488
       32.185       0.004232526
       38.205       0.002678765
       41.603       0.042595122
       43.811       0.007428612
       44.225       0.014471257
       91.105       0.347418540
       92.062       0.012717545
       93.175       0.003577559
       93.289       0.498470690
       93.892       0.000081308

 PDOS Einstein freq (single pole), associated temp and eff. force constant: 
 Freq (THz)   Temp (K)   Eff. FC (N/m)
  86.703      4160.95     272.1607

 pDOS n Moments, associated Einstein freqs, temps and eff. force constants:
  n     Mom (THz^n)   Freq (THz)     Temp (K)    Eff. FC (N/m)
 -2       0.00184      23.28931      1117.67      19.6368
 -1       0.01866      53.57702      2571.21     103.9236
  0       1.00000     ---------     --------
  1      83.88230      83.88230      4025.58     254.7403
  2    7517.41076      86.70300      4160.95     272.1607

 Path Red. Mass (AMU):    0.552266
 Path Length (Ang), s^2 (1e-3 Ang^2):  7.5238  17.0804
--------------------------------------------------------------
 Path Indices:    1   9   7   2
 PDOS Poles:
     Freq. (THz)    Weight
        3.636       0.006146958
        7.554       0.058931918
       11.509       0.002577093
       20.447       0.010032248
       23.230       0.018937038
       29.950       0.035765341
       31.648       0.012808656
       37.849       0.025760752
       41.571       0.022592775
       41.782       0.003610373
       43.845       0.010778906
       91.105       0.570767313
       92.062       0.001531450
       93.175       0.086805899
       93.289       0.064862757
       93.892       0.068090529

 PDOS Einstein freq (single pole), associated temp and eff. force constant: 
 Freq (THz)   Temp (K)   Eff. FC (N/m)
  82.673      3967.57     405.6690

 pDOS n Moments, associated Einstein freqs, temps and eff. force constants:
  n     Mom (THz^n)   Freq (THz)     Temp (K)    Eff. FC (N/m)
 -2       0.00176      23.82392      1143.33      33.6873
 -1       0.02281      43.83827      2103.84     114.0634
  0       1.00000     ---------     --------
  1      77.82963      77.82963      3735.11     359.5253
  2    6834.90150      82.67346      3967.57     405.6690

 Path Red. Mass (AMU):    0.905380
 Path Length (Ang), s^2 (1e-3 Ang^2): 10.0615  12.7333
--------------------------------------------------------------
 Path Indices:    1   9   7   3
 PDOS Poles:
     Freq. (THz)    Weight
        3.421       0.020693955
        7.343       0.008247666
       20.220       0.018496088
       22.888       0.012672993
       25.682       0.001238627
       29.976       0.037959038
       31.348       0.012965458
       37.835       0.029298298
       41.597       0.010042178
       43.838       0.035748824
       44.221       0.012330954
       91.105       0.568671624
       92.062       0.001296264
       93.175       0.104323952
       93.289       0.022451284
       93.892       0.103562831

 PDOS Einstein freq (single pole), associated temp and eff. force constant: 
 Freq (THz)   Temp (K)   Eff. FC (N/m)
  83.426      4003.66     321.6020

 pDOS n Moments, associated Einstein freqs, temps and eff. force constants:
  n     Mom (THz^n)   Freq (THz)     Temp (K)    Eff. FC (N/m)
 -2       0.00219      21.34827      1024.52      21.0594
 -1       0.02120      47.17341      2263.89     102.8290
  0       1.00000     ---------     --------
  1      79.47711      79.47711      3814.18     291.8805
  2    6959.81701      83.42552      4003.66     321.6020

 Path Red. Mass (AMU):    0.704875
 Path Length (Ang), s^2 (1e-3 Ang^2):  9.2698  15.1990
--------------------------------------------------------------
 Path Indices:    1   9   7   4
 PDOS Poles:
     Freq. (THz)    Weight
        3.107       0.025293385
        7.292       0.007187654
       19.596       0.009524857
       21.674       0.027215555
       23.377       0.057025333
       29.963       0.018869560
       33.776       0.001983037
       38.005       0.086981805
       41.551       0.011210294
       43.814       0.083598396
       44.190       0.011612705
       91.105       0.423001493
       92.062       0.022163679
       93.175       0.021329662
       93.289       0.052531009
       93.892       0.140471572

 PDOS Einstein freq (single pole), associated temp and eff. force constant: 
 Freq (THz)   Temp (K)   Eff. FC (N/m)
  77.299      3709.64     239.1892

 pDOS n Moments, associated Einstein freqs, temps and eff. force constants:
  n     Mom (THz^n)   Freq (THz)     Temp (K)    Eff. FC (N/m)
 -2       0.00316      17.78951       853.73      12.6684
 -1       0.02590      38.61298      1853.07      59.6845
  0       1.00000     ---------     --------
  1      71.47570      71.47570      3430.18     204.5088
  2    5975.11914      77.29889      3709.64     239.1892

 Path Red. Mass (AMU):    0.610641
 Path Length (Ang), s^2 (1e-3 Ang^2):  9.6118  21.4341
--------------------------------------------------------------
 Path Indices:    1   9   7   5
 PDOS Poles:
     Freq. (THz)    Weight
        2.997       0.021295110
        6.784       0.004320482
       12.786       0.000156394
       20.325       0.018161854
       23.512       0.003354327
       30.261       0.029675368
       31.170       0.035099856
       38.189       0.033341736
       41.572       0.001893305
       43.839       0.035519425
       44.216       0.005121738
       91.105       0.458945794
       92.062       0.069318906
       93.175       0.255798046
       93.289       0.018747318
       93.892       0.009250395

 PDOS Einstein freq (single pole), associated temp and eff. force constant: 
 Freq (THz)   Temp (K)   Eff. FC (N/m)
  84.045      4033.38     245.8104

 pDOS n Moments, associated Einstein freqs, temps and eff. force constants:
  n     Mom (THz^n)   Freq (THz)     Temp (K)    Eff. FC (N/m)
 -2       0.00272      19.15662       919.34      12.7708
 -1       0.02158      46.34610      2224.19      74.7492
  0       1.00000     ---------     --------
  1      80.31631      80.31631      3854.45     224.4853
  2    7063.49945      84.04463      4033.38     245.8104

 Path Red. Mass (AMU):    0.530850
 Path Length (Ang), s^2 (1e-3 Ang^2): 10.1732  20.5419
--------------------------------------------------------------
 Path Indices:    1   9   7   6
 PDOS Poles:
     Freq. (THz)    Weight
        3.433       0.013916643
        7.375       0.010435154
       13.463       0.000082067
       20.287       0.013905799
       26.348       0.000233313
       29.720       0.058544818
       32.291       0.003181909
       38.129       0.010144261
       41.592       0.004892680
       43.842       0.063007795
       44.212       0.002857645
       91.105       0.549386463
       92.062       0.000096402
       93.175       0.139101822
       93.289       0.004993326
       93.892       0.125219935

 PDOS Einstein freq (single pole), associated temp and eff. force constant: 
 Freq (THz)   Temp (K)   Eff. FC (N/m)
  84.424      4051.57     285.7591

 pDOS n Moments, associated Einstein freqs, temps and eff. force constants:
  n     Mom (THz^n)   Freq (THz)     Temp (K)    Eff. FC (N/m)
 -2       0.00162      24.86516      1193.30      24.7886
 -1       0.01903      52.53759      2521.32     110.6651
  0       1.00000     ---------     --------
  1      80.98050      80.98050      3886.33     262.9247
  2    7127.37549      84.42379      4051.57     285.7591

 Path Red. Mass (AMU):    0.611592
 Path Length (Ang), s^2 (1e-3 Ang^2):  8.1991  15.7287
--------------------------------------------------------------
 Path Indices:    1   9   7   8
 PDOS Poles:
     Freq. (THz)    Weight
        3.125       0.008316746
        7.337       0.016753694
       11.047       0.001868767
       20.386       0.002656021
       23.164       0.008921781
       29.853       0.011794382
       32.004       0.006066522
       37.805       0.002010900
       41.592       0.000354114
       43.842       0.143658085
       44.224       0.030253279
       91.105       0.754405247
       92.062       0.000341051
       93.175       0.004144720
       93.289       0.003996939
       93.892       0.004457759

 PDOS Einstein freq (single pole), associated temp and eff. force constant: 
 Freq (THz)   Temp (K)   Eff. FC (N/m)
  82.081      3939.13     216.1504

 pDOS n Moments, associated Einstein freqs, temps and eff. force constants:
  n     Mom (THz^n)   Freq (THz)     Temp (K)    Eff. FC (N/m)
 -2       0.00140      26.68127      1280.46      22.8394
 -1       0.01866      53.60210      2572.41      92.1797
  0       1.00000     ---------     --------
  1      78.64294      78.64294      3774.14     198.4227
  2    6737.27203      82.08089      3939.13     216.1504

 Path Red. Mass (AMU):    0.489399
 Path Length (Ang), s^2 (1e-3 Ang^2):  8.8750  19.2655
--------------------------------------------------------------
 Path Indices:    1   9   7   9
 PDOS Poles:
     Freq. (THz)    Weight
        3.363       0.014767100
        7.632       0.011174764
       11.001       0.005895217
       20.267       0.014512075
       29.699       0.052068338
       32.157       0.017655727
       36.220       0.000205706
       38.122       0.013471323
       41.600       0.010410245
       43.841       0.139625532
       44.222       0.012919485
       91.105       0.501002717
       92.062       0.000390610
       93.175       0.101563269
       93.289       0.017428236
       93.892       0.086909688

 PDOS Einstein freq (single pole), associated temp and eff. force constant: 
 Freq (THz)   Temp (K)   Eff. FC (N/m)
  79.778      3828.60     174.9920

 pDOS n Moments, associated Einstein freqs, temps and eff. force constants:
  n     Mom (THz^n)   Freq (THz)     Temp (K)    Eff. FC (N/m)
 -2       0.00184      23.33498      1119.87      14.9717
 -1       0.02120      47.16577      2263.53      61.1659
  0       1.00000     ---------     --------
  1      75.18393      75.18393      3608.14     155.4196
  2    6364.47263      79.77764      3828.60     174.9920

 Path Red. Mass (AMU):    0.419418
 Path Length (Ang), s^2 (1e-3 Ang^2):  8.8774  25.5476
--------------------------------------------------------------
 Path Indices:    1   9   8   2
 PDOS Poles:
     Freq. (THz)    Weight
        3.674       0.006074911
        7.507       0.055552326
       11.563       0.002681560
       20.479       0.009988437
       23.249       0.018449528
       29.963       0.035888750
       31.692       0.012346357
       37.852       0.025151142
       41.597       0.026759589
       43.002       0.000162390
       43.849       0.007884717
       91.105       0.578225717
       92.062       0.001557773
       93.175       0.060959455
       93.289       0.086986318
       93.892       0.071331031

 PDOS Einstein freq (single pole), associated temp and eff. force constant: 
 Freq (THz)   Temp (K)   Eff. FC (N/m)
  82.993      3982.90     413.8273

 pDOS n Moments, associated Einstein freqs, temps and eff. force constants:
  n     Mom (THz^n)   Freq (THz)     Temp (K)    Eff. FC (N/m)
 -2       0.00170      24.26491      1164.49      35.3749
 -1       0.02236      44.73078      2146.67     120.2127
  0       1.00000     ---------     --------
  1      78.30336      78.30336      3757.85     368.3818
  2    6887.81950      82.99289      3982.90     413.8273

 Path Red. Mass (AMU):    0.916492
 Path Length (Ang), s^2 (1e-3 Ang^2): 10.0556  12.3279
--------------------------------------------------------------
 Path Indices:    1   9   8   3
 PDOS Poles:
     Freq. (THz)    Weight
        3.421       0.020857603
        7.337       0.008284380
       20.222       0.018465557
       22.908       0.013225081
       25.779       0.001199768
       29.979       0.037397692
       31.389       0.011653985
       37.836       0.027848994
       41.597       0.010203898
       43.841       0.030998144
       44.222       0.013045832
       91.105       0.576279496
       92.062       0.001291441
       93.175       0.087168450
       93.289       0.037237049
       93.892       0.104842656

 PDOS Einstein freq (single pole), associated temp and eff. force constant: 
 Freq (THz)   Temp (K)   Eff. FC (N/m)
  83.684      4016.05     326.4206

 pDOS n Moments, associated Einstein freqs, temps and eff. force constants:
  n     Mom (THz^n)   Freq (THz)     Temp (K)    Eff. FC (N/m)
 -2       0.00221      21.29105      1021.78      21.1296
 -1       0.02116      47.26658      2268.36     104.1370
  0       1.00000     ---------     --------
  1      79.80108      79.80108      3829.72     296.8343
  2    7002.94934      83.68363      4016.05     326.4206

 Path Red. Mass (AMU):    0.711030
 Path Length (Ang), s^2 (1e-3 Ang^2):  9.2697  15.0377
--------------------------------------------------------------
 Path Indices:    1   9   8   4
 PDOS Poles:
     Freq. (THz)    Weight
        3.098       0.022028180
        6.875       0.004059969
       12.854       0.000128179
       20.317       0.018428932
       23.554       0.002681771
       30.282       0.029759515
       31.168       0.036915751
       38.194       0.035774307
       41.579       0.001967223
       43.841       0.032157948
       44.217       0.004548586
       91.105       0.470399090
       92.062       0.061255171
       93.175       0.222566462
       93.289       0.045796360
       93.892       0.011532596

 PDOS Einstein freq (single pole), associated temp and eff. force constant: 
 Freq (THz)   Temp (K)   Eff. FC (N/m)
  83.994      4030.94     250.2290

 pDOS n Moments, associated Einstein freqs, temps and eff. force constants:
  n     Mom (THz^n)   Freq (THz)     Temp (K)    Eff. FC (N/m)
 -2       0.00264      19.45080       933.46      13.4189
 -1       0.02155      46.40088      2226.82      76.3650
  0       1.00000     ---------     --------
  1      80.23415      80.23415      3850.51     228.3288
  2    7054.97551      83.99390      4030.94     250.2290

 Path Red. Mass (AMU):    0.541045
 Path Length (Ang), s^2 (1e-3 Ang^2): 10.1729  20.1310
--------------------------------------------------------------
 Path Indices:    1   9   8   5
 PDOS Poles:
     Freq. (THz)    Weight
        3.019       0.025343962
        7.350       0.008238386
       18.411       0.002189307
       20.892       0.024944794
       23.268       0.062227315
       29.932       0.019109050
       33.686       0.001982520
       38.004       0.082895849
       41.552       0.011213287
       43.820       0.074679660
       44.195       0.013585968
       91.105       0.425950381
       92.062       0.028237980
       93.175       0.009234098
       93.289       0.058330128
       93.892       0.151837317

 PDOS Einstein freq (single pole), associated temp and eff. force constant: 
 Freq (THz)   Temp (K)   Eff. FC (N/m)
  77.946      3740.69     243.6363

 pDOS n Moments, associated Einstein freqs, temps and eff. force constants:
  n     Mom (THz^n)   Freq (THz)     Temp (K)    Eff. FC (N/m)
 -2       0.00333      17.34202       832.26      12.0603
 -1       0.02599      38.47934      1846.66      59.3761
  0       1.00000     ---------     --------
  1      72.23865      72.23865      3466.80     209.2647
  2    6075.54294      77.94577      3740.69     243.6362

 Path Red. Mass (AMU):    0.611713
 Path Length (Ang), s^2 (1e-3 Ang^2):  9.6155  21.4709
--------------------------------------------------------------
 Path Indices:    1   9   8   6
 PDOS Poles:
     Freq. (THz)    Weight
        3.433       0.014021074
        7.373       0.010499368
       13.383       0.000083308
       20.286       0.014001184
       26.399       0.000231446
       29.720       0.058874107
       32.287       0.003190614
       38.131       0.010158607
       41.592       0.004832637
       43.843       0.057824276
       44.214       0.003254513
       91.105       0.556677171
       92.062       0.000095198
       93.175       0.125729978
       93.289       0.014809291
       93.892       0.125717270

 PDOS Einstein freq (single pole), associated temp and eff. force constant: 
 Freq (THz)   Temp (K)   Eff. FC (N/m)
  84.574      4058.76     289.0462

 pDOS n Moments, associated Einstein freqs, temps and eff. force constants:
  n     Mom (THz^n)   Freq (THz)     Temp (K)    Eff. FC (N/m)
 -2       0.00163      24.79379      1189.88      24.8419
 -1       0.01903      52.55610      2522.21     111.6207
  0       1.00000     ---------     --------
  1      81.16227      81.16227      3895.05     266.1993
  2    7152.67931      84.57351      4058.76     289.0462

 Path Red. Mass (AMU):    0.616439
 Path Length (Ang), s^2 (1e-3 Ang^2):  8.1988  15.5995
--------------------------------------------------------------
 Path Indices:    1   9   8   7
 PDOS Poles:
     Freq. (THz)    Weight
        3.011       0.009086716
        7.359       0.017490881
       11.011       0.002035646
       20.395       0.002841529
       23.166       0.010099751
       29.870       0.012665902
       31.984       0.006497561
       37.807       0.002489411
       41.600       0.000579286
       43.838       0.139341314
       44.223       0.027174199
       91.105       0.756305172
       92.062       0.000310473
       93.175       0.005981187
       93.289       0.002327427
       93.892       0.004773568

 PDOS Einstein freq (single pole), associated temp and eff. force constant: 
 Freq (THz)   Temp (K)   Eff. FC (N/m)
  82.132      3941.59     220.1089

 pDOS n Moments, associated Einstein freqs, temps and eff. force constants:
  n     Mom (THz^n)   Freq (THz)     Temp (K)    Eff. FC (N/m)
 -2       0.00157      25.24482      1211.52      20.7949
 -1       0.01910      52.35837      2512.72      89.4509
  0       1.00000     ---------     --------
  1      78.63955      78.63955      3773.98     201.7875
  2    6745.67461      82.13206      3941.59     220.1089

 Path Red. Mass (AMU):    0.497741
 Path Length (Ang), s^2 (1e-3 Ang^2):  8.8746  19.3926
--------------------------------------------------------------
 Path Indices:    1   9   8   9
 PDOS Poles:
     Freq. (THz)    Weight
        3.379       0.016532024
        7.648       0.012853244
       11.005       0.005905289
       20.267       0.014642140
       29.699       0.052239556
       32.155       0.017696959
       35.857       0.000168751
       38.125       0.013265225
       41.599       0.010264609
       43.844       0.131052894
       44.223       0.014217229
       91.105       0.506359138
       92.062       0.000390053
       93.175       0.085024533
       93.289       0.030634027
       93.892       0.088754346

 PDOS Einstein freq (single pole), associated temp and eff. force constant: 
 Freq (THz)   Temp (K)   Eff. FC (N/m)
  79.890      3833.98     177.1232

 pDOS n Moments, associated Einstein freqs, temps and eff. force constants:
  n     Mom (THz^n)   Freq (THz)     Temp (K)    Eff. FC (N/m)
 -2       0.00200      22.34352      1072.28      13.8546
 -1       0.02180      45.87327      2201.50      58.3998
  0       1.00000     ---------     --------
  1      75.23100      75.23100      3610.40     157.0673
  2    6382.39108      79.88987      3833.98     177.1232

 Path Red. Mass (AMU):    0.423334
 Path Length (Ang), s^2 (1e-3 Ang^2):  8.8767  26.0245
--------------------------------------------------------------
