# # Once                                                         FEFF 10.0.0 
# # POT  SCF 100  9.0000   0, core-hole, FOLP (folp(0)= 1.150)
# # Abs   Z=30 Rmt= 1.360 Rnm= 1.464 K  shell
# #   RGRID 0.0100
# # Pot 1 Z= 6 Rmt= 0.801 Rnm= 1.027
# # Pot 2 Z= 6 Rmt= 0.727 Rnm= 0.978
# # Pot 3 Z= 6 Rmt= 0.742 Rnm= 0.950
# # Pot 4 Z= 6 Rmt= 0.918 Rnm= 1.252
# # Pot 5 Z= 6 Rmt= 0.810 Rnm= 1.054
# # Pot 6 Z= 6 Rmt= 0.793 Rnm= 1.001
# # Pot 7 Z= 6 Rmt= 0.807 Rnm= 1.020
# # Pot 8 Z= 6 Rmt= 0.804 Rnm= 1.027
# # Pot 9 Z= 6 Rmt= 0.768 Rnm= 0.995
# # Pot10 Z= 6 Rmt= 0.831 Rnm= 1.029
# # Pot11 Z= 6 Rmt= 0.930 Rnm= 1.125
# # Pot12 Z= 6 Rmt= 0.871 Rnm= 1.064
# # Pot13 Z= 6 Rmt= 0.952 Rnm= 1.168
# # Pot14 Z= 6 Rmt= 0.743 Rnm= 0.951
# # Pot15 Z= 1 Rmt= 0.534 Rnm= 0.936
# # Pot16 Z= 1 Rmt= 0.502 Rnm= 0.821
# # Pot17 Z= 1 Rmt= 0.493 Rnm= 0.815
# # Pot18 Z= 7 Rmt= 0.911 Rnm= 1.082
# # Pot19 Z= 7 Rmt= 0.767 Rnm= 0.999
# # Pot20 Z= 7 Rmt= 0.812 Rnm= 0.999
# # Pot21 Z= 7 Rmt= 0.805 Rnm= 0.986
# # Pot22 Z= 8 Rmt= 0.781 Rnm= 0.988
# # Pot23 Z= 8 Rmt= 0.841 Rnm= 1.050
# # Pot24 Z= 8 Rmt= 0.789 Rnm= 0.992
# # Pot25 Z=16 Rmt= 1.249 Rnm= 1.438
# # Pot26 Z=16 Rmt= 1.247 Rnm= 1.462
# # Gam_ch=1.897E+00 H-L exch Vi= 0.000E+00 Vr= 0.000E+00
# # Mu=-8.372E+00eV kf=2.354E+00 Vint=-1.651E+01eV Rs_int= 1.541
# # PATH  Rmax= 9.000,  Keep_limit= 0.00, Heap_limit 0.00  Pwcrit= 2.50%
#  S02=1.000  Temp=  10.00  Debye_temp= 315.00  Global_sig2= 0.00000
#  Energy zero shift, vr, vi    0.00000E+00   0.00000E+00
#  Curved wave amplitude ratio filter   4.000%
#     file         sig2 tot  cw amp ratio   deg  nlegs   reff  inp sig2
#           1       0.00302    100.00      1.00     2   2.0790
#           2       0.00537     98.48      1.00     2   2.0818
#           3       0.00349     91.63      1.00     2   2.1521
#           4       0.00248     83.40      1.00     2   2.2917
#           5       0.00264     82.04      1.00     2   2.3061
#           6       0.00404     38.94      1.00     2   2.9902
#           7       0.00391     38.72      1.00     2   2.9965
#           8       0.02138      8.37      1.00     2   3.0349
#           9       0.00445     35.48      1.00     2   3.0996
#          10       0.00415     64.06      2.00     3   3.1530
#          11       0.01746      7.56      1.00     2   3.1563
#          12       0.00371     33.43      1.00     2   3.1645
#          13       0.00420     32.53      1.00     2   3.1932
#          14       0.00335     53.98      2.00     3   3.1989
#          15       0.01769      7.28      1.00     2   3.2027
#          16       0.00467     32.61      1.00     2   3.2164
#          17       0.02481      7.00      1.00     2   3.2511
#          18       0.01812      6.83      1.00     2   3.2830
#          19       0.00381     53.94      2.00     3   3.2835
#          20       0.01991      6.95      1.00     2   3.3068
#          21       0.00338     62.89      2.00     3   3.3116
#          22       0.00448     36.31      1.00     4   3.3158
#          23       0.00376     54.58      2.00     3   3.3606
#          24       0.01722      6.40      1.00     2   3.3653
#          25       0.00373     25.64      1.00     4   3.4013
#          26       0.00460     27.33      1.00     2   3.4425
#          27       0.00368     41.26      1.00     4   3.4588
#          28       0.00434     29.94      1.00     4   3.4673
#          29       0.00599     13.15      2.00     3   3.4740
#          30       0.00421     33.08      1.00     4   3.5280
#          31       0.00499     24.76      1.00     2   3.5739
#          32       0.00414      9.85      2.00     3   3.5939
#          33       0.00420     10.86      2.00     3   3.6019
#          34       0.00931      5.76      2.00     3   3.6154
#          35       0.00420     23.02      1.00     2   3.6425
#          36       0.00360     30.04      2.00     3   3.6731
#          37       0.00520      7.92      2.00     3   3.6761
#          38       0.02041      5.06      1.00     2   3.6789
#          39       0.01206      5.00      2.00     3   3.6811
#          40       0.00994      5.20      2.00     3   3.7310
#          41       0.00361     30.68      2.00     3   3.7787
#          42       0.01251      4.73      2.00     3   3.7792
#          43       0.01190      5.55      2.00     3   3.7810
#          44       0.00435     20.58      1.00     2   3.7985
#          45       0.00834     10.12      2.00     4   3.8178
#          46       0.00948      4.83      2.00     3   3.8198
#          47       0.01234      4.71      2.00     3   3.8334
#          48       0.01201      5.66      2.00     3   3.8329
#          49       0.00987     11.34      2.00     3   3.8510
#          50       0.00387      5.34      2.00     3   3.8961
#          51       0.00885     10.61      2.00     4   3.9148
#          52       0.00442     19.06      1.00     2   3.9330
#          53       0.00396      5.76      2.00     3   3.9517
#          54       0.00413      5.31      2.00     3   3.9717
#          55       0.00857      9.76      2.00     4   3.9871
#          56       0.00793     10.00      2.00     3   4.0508
#          57       0.00447     14.96      2.00     3   4.0555
#          58       0.00411     13.58      2.00     3   4.0814
#          59       0.00391      9.61      2.00     3   4.0839
#          60       0.00403     13.06      2.00     3   4.0861
#          61       0.00668     17.12      1.00     2   4.0881
#          64       0.00406     14.44      2.00     3   4.1134
#          65       0.00384      7.66      1.00     4   4.1149
#          66       0.00607      9.47      2.00     3   4.1173
#          68       0.00429      8.20      1.00     4   4.1298
#          69       0.00405     25.71      2.00     3   4.1303
#          70       0.00428     22.77      2.00     3   4.1434
#          71       0.00638     16.48      1.00     2   4.1446
#          72       0.00604      9.62      1.00     4   4.1580
#          73       0.01074      7.99      1.00     4   4.1635
#          74       0.00353     16.14      1.00     2   4.1761
#          75       0.00406     13.14      2.00     3   4.1996
#          78       0.00912     12.69      2.00     3   4.2128
#          79       0.00337     41.85      2.00     3   4.2191
#          80       0.00498     27.40      1.00     4   4.2242
#          81       0.00627     29.78      2.00     3   4.2303
#          82       0.00622     27.67      2.00     4   4.2338
#          84       0.00417      5.31      2.00     4   4.2442
#          85       0.00370     41.89      2.00     3   4.2545
#          87       0.00953     13.60      2.00     3   4.2573
#          88       0.00613      9.43      2.00     3   4.2581
#          89       0.00354      6.48      2.00     4   4.2605
#          90       0.00344     30.36      1.00     4   4.2621
#          91       0.00397     15.19      1.00     2   4.2674
#          93       0.00349     14.87      1.00     2   4.2779
#          94       0.00345     43.35      2.00     3   4.2920
#          95       0.00432     24.39      2.00     4   4.2931
#          96       0.00337     55.10      2.00     4   4.2975
#          97       0.00382     40.64      2.00     3   4.3000
#          98       0.00698      8.07      1.00     4   4.3041
#          99       0.00348     33.08      1.00     4   4.3061
#         100       0.00963     14.10      1.00     4   4.3091
#         102       0.00413     17.80      2.00     4   4.3118
#         103       0.00484     22.51      1.00     4   4.3188
#         104       0.00454     17.45      1.00     4   4.3276
#         105       0.00436     14.42      1.00     2   4.3282
#         106       0.00422     37.71      1.00     4   4.3329
#         107       0.00393     29.72      1.00     4   4.3326
#         109       0.00374     14.36      1.00     2   4.3399
#         110       0.00459     23.11      2.00     4   4.3407
#         111       0.00829      5.10      2.00     5   4.3426
#         112       0.00416     37.43      2.00     3   4.3540
#         113       0.00491     10.67      1.00     4   4.3537
#         114       0.00369     39.62      2.00     3   4.3633
#         116       0.00391     11.49      2.00     3   4.3660
#         117       0.00407     18.24      2.00     4   4.3671
#         119       0.00419      4.34      2.00     4   4.3707
#         121       0.00367     10.82      2.00     3   4.3796
#         122       0.00402     11.67      2.00     3   4.3865
#         123       0.00384     50.91      2.00     4   4.3866
#         124       0.00372     29.21      1.00     4   4.3866
#         125       0.00539     81.32      2.00     5   4.3870
#         127       0.00464     16.02      2.00     4   4.3924
#         128       0.00358     29.84      2.00     3   4.4045
#         129       0.00444     17.35      2.00     4   4.4089
#         130       0.00885      5.77      2.00     5   4.4110
#         131       0.00514     21.51      1.00     4   4.4149
#         132       0.00343     44.84      2.00     4   4.4186
#         133       0.00414     21.31      2.00     4   4.4315
#         134       0.00447     33.03      1.00     4   4.4406
#         137       0.00387     31.78      2.00     3   4.4486
#         138       0.01113      5.47      2.00     3   4.4504
#         139       0.00885      5.92      2.00     5   4.4552
#         140       0.00365     43.47      2.00     4   4.4569
#         141       0.00932     10.83      2.00     3   4.4585
#         142       0.00488     13.21      1.00     2   4.4672
#         143       0.00353     10.76      2.00     3   4.4673
#         145       0.00366     44.69      2.00     4   4.4720
#         146       0.00791      9.65      1.00     6   4.4793
#         147       0.00541     44.84      2.00     5   4.4904
#         148       0.00450     20.20      2.00     4   4.4920
#         149       0.00541      5.93      2.00     4   4.4943
#         150       0.00365     67.57      2.00     5   4.4999
#         151       0.00894     11.50      2.00     4   4.5022
#         152       0.00489     31.36      2.00     5   4.5035
#         154       0.00469     47.66      2.00     5   4.5142
#         156       0.00528     62.20      2.00     5   4.5212
#         158       0.01165      7.45      2.00     3   4.5255
#         159       0.00414     24.21      1.00     4   4.5312
#         160       0.00543     75.17      2.00     5   4.5353
#         161       0.00409     40.94      2.00     4   4.5378
#         162       0.00752      7.01      2.00     5   4.5376
#         163       0.00991     10.05      1.00     4   4.5385
#         164       0.00622     10.49      2.00     3   4.5445
#         165       0.00541     19.76      1.00     4   4.5443
#         166       0.00822     10.27      1.00     6   4.5467
#         167       0.00977     62.11      1.00     6   4.5498
#         168       0.00366     38.57      2.00     4   4.5517
#         169       0.00435     26.89      1.00     4   4.5574
#         171       0.00378     63.84      2.00     5   4.5657
#         172       0.00557     18.39      1.00     4   4.5691
#         173       0.00413     64.56      2.00     5   4.5704
#         174       0.00527     44.73      2.00     5   4.5762
#         175       0.00440     39.37      2.00     5   4.5787
#         176       0.00497      4.73      1.00     4   4.5834
#         178       0.01067      9.97      2.00     3   4.5867
#         179       0.00647      5.49      2.00     4   4.5939
#         180       0.00407      4.78      2.00     4   4.5977
#         182       0.00556     63.26      2.00     5   4.5987
#         183       0.00893     13.68      2.00     4   4.6055
#         184       0.00833      9.17      1.00     6   4.6090
#         185       0.00529      4.57      1.00     4   4.6121
#         186       0.00468      9.05      2.00     3   4.6154
#         187       0.00394     36.85      2.00     4   4.6160
#         188       0.00547     67.81      2.00     5   4.6244
#         189       0.00428      5.93      2.00     4   4.6255
#         191       0.00449     35.84      2.00     5   4.6339
#         192       0.00369      8.17      2.00     4   4.6385
#         193       0.00415     58.56      2.00     5   4.6394
#         194       0.00528     11.85      1.00     2   4.6412
#         195       0.00484     11.94      2.00     3   4.6516
#         196       0.00548     28.39      1.00     6   4.6532
#         197       0.00517      8.61      2.00     5   4.6571
#         198       0.00476     35.36      2.00     5   4.6594
#         200       0.00406      6.65      2.00     4   4.6652
#         201       0.00961      9.24      1.00     4   4.6669
#         202       0.01347      4.91      1.00     4   4.6724
#         203       0.00485     34.91      2.00     5   4.6758
#         204       0.00503     53.98      2.00     5   4.6783
#         205       0.00537      6.43      2.00     3   4.6794
#         206       0.00549      9.48      2.00     5   4.6830
#         207       0.00941      9.72      2.00     3   4.6850
#         208       0.00441      9.35      2.00     3   4.6860
#         209       0.00571     62.32      2.00     5   4.6914
#         211       0.00880      7.07      2.00     4   4.7140
#         212       0.00809     44.11      1.00     6   4.7236
#         213       0.00442      8.72      2.00     3   4.7243
#         214       0.00667      6.21      2.00     4   4.7246
#         215       0.00552     55.66      2.00     5   4.7248
#         217       0.00355      8.02      2.00     3   4.7327
#         220       0.00596     54.86      2.00     5   4.7365
#         221       0.00517     45.26      1.00     6   4.7377
#         223       0.00577      8.84      2.00     3   4.7416
#         224       0.00930      9.46      1.00     4   4.7426
#         225       0.00377     15.14      2.00     4   4.7467
#         226       0.00468      4.31      2.00     4   4.7468
#         227       0.00340      5.89      2.00     3   4.7632
#         229       0.01027     15.93      2.00     5   4.7658
#         232       0.00443      8.21      2.00     5   4.7727
#         234       0.00696     83.88      2.00     6   4.7811
#         235       0.00495      5.51      2.00     3   4.7816
#         236       0.00954     48.85      1.00     6   4.7826
#         237       0.00878      8.11      2.00     4   4.7947
#         238       0.00747     13.97      2.00     5   4.7963
#         239       0.00463      6.92      2.00     5   4.7999
#         240       0.01516      5.94      2.00     4   4.8010
#         241       0.00385      8.60      2.00     5   4.8013
#         242       0.00371     10.90      2.00     4   4.8062
#         243       0.00545     41.76      1.00     6   4.8082
#         244       0.00733      4.92      2.00     4   4.8107
#         245       0.00383      5.92      2.00     3   4.8175
#         246       0.00741      8.35      2.00     4   4.8177
#         247       0.00381      7.20      2.00     3   4.8202
#         248       0.00486     36.07      1.00     6   4.8254
#         249       0.00446      6.66      2.00     4   4.8259
#         250       0.00483     15.92      2.00     5   4.8279
#         251       0.00469      4.78      2.00     4   4.8345
#         252       0.00897     10.02      1.00     2   4.8390
#         253       0.00831     53.18      1.00     6   4.8385
#         254       0.00313      8.49      2.00     4   4.8416
#         255       0.00414     13.29      2.00     4   4.8436
#         256       0.00791     78.52      2.00     6   4.8432
#         257       0.00553     11.74      1.00     6   4.8458
#         258       0.00414     11.15      2.00     4   4.8501
#         259       0.00419      8.45      2.00     3   4.8558
#         260       0.00314      8.69      2.00     4   4.8593
#         261       0.00951      8.54      2.00     3   4.8600
#         262       0.00944      7.48      2.00     4   4.8734
#         264       0.00534     12.82      2.00     3   4.8746
#         266       0.01045     16.29      2.00     5   4.8748
#         268       0.00529     34.40      1.00     6   4.8922
#         269       0.01126      5.44      2.00     3   4.8928
#         270       0.01280      4.23      2.00     6   4.8958
#         272       0.00438      7.21      2.00     3   4.9035
#         274       0.00408      5.77      2.00     3   4.9036
#         275       0.00352      8.00      2.00     4   4.9041
#         276       0.00939     44.08      1.00     6   4.9039
#         277       0.00885     18.91      2.00     3   4.9064
#         279       0.00398     16.00      2.00     4   4.9103
#         280       0.01565      5.56      2.00     4   4.9106
#         281       0.01082      4.28      2.00     4   4.9130
#         282       0.00887      9.42      2.00     5   4.9164
#         283       0.00465      6.14      2.00     4   4.9176
#         284       0.00544      7.55      2.00     5   4.9171
#         285       0.00358     16.93      2.00     4   4.9242
#         286       0.00428      6.16      2.00     3   4.9276
#         287       0.00340      8.47      2.00     4   4.9290
#         288       0.00939     11.49      2.00     5   4.9307
#         289       0.00404     16.38      2.00     4   4.9350
#         290       0.00805      7.47      2.00     4   4.9369
#         291       0.00907     11.57      2.00     5   4.9377
#         292       0.00898     11.13      2.00     5   4.9417
#         293       0.00868      7.62      1.00     4   4.9430
#         294       0.00518      8.96      2.00     3   4.9439
#         297       0.00528      4.66      2.00     4   4.9444
#         298       0.00440     24.07      1.00     6   4.9471
#         299       0.00435     30.02      2.00     5   4.9491
#         300       0.00987     16.34      2.00     5   4.9518
#         301       0.00410     29.62      2.00     5   4.9534
#         302       0.00967      7.26      2.00     4   4.9555
#         303       0.00741      9.72      1.00     2   4.9583
#         304       0.00931      6.76      2.00     5   4.9588
#         305       0.00370     32.34      2.00     5   4.9673
#         306       0.00568      4.23      2.00     3   4.9688
#         308       0.00916     10.56      1.00     4   4.9738
#         309       0.00570      4.29      1.00     4   4.9751
#         311       0.00889      9.88      2.00     4   4.9758
#         313       0.00526     12.91      2.00     5   4.9816
#         314       0.00448     14.83      2.00     4   4.9848
#         315       0.00993      6.84      2.00     4   4.9853
#         317       0.00330     10.45      2.00     4   4.9886
#         318       0.00952      5.28      2.00     4   4.9897
#         319       0.01334      4.45      2.00     6   4.9942
#         321       0.00353     16.72      2.00     5   5.0027
#         322       0.01859      7.57      2.00     5   5.0034
#         324       0.00426     15.87      2.00     4   5.0040
#         325       0.02383      5.43      2.00     3   5.0050
#         327       0.00386     17.14      2.00     5   5.0064
#         328       0.00418      4.64      2.00     3   5.0071
#         332       0.00461     27.28      2.00     5   5.0174
#         333       0.00937      9.09      2.00     5   5.0179
#         334       0.00696      7.15      2.00     5   5.0201
#         336       0.00992     10.36      2.00     5   5.0237
#         337       0.00470      9.50      1.00     2   5.0277
#         338       0.00432     28.37      2.00     5   5.0274
#         339       0.00944      9.86      2.00     5   5.0354
#         340       0.00317     10.01      2.00     4   5.0368
#         341       0.00673      4.05      1.00     4   5.0402
#         342       0.01566      4.86      2.00     4   5.0419
#         344       0.00383     14.20      2.00     5   5.0440
#         345       0.00412     30.02      2.00     5   5.0451
#         346       0.00916     10.92      2.00     5   5.0463
#         349       0.00911      5.84      2.00     5   5.0504
#         351       0.00967      4.64      2.00     4   5.0541
#         352       0.00484      8.06      2.00     3   5.0547
#         353       0.01126      6.14      2.00     4   5.0556
#         354       0.01014      4.33      2.00     4   5.0566
#         355       0.00942      7.47      2.00     4   5.0573
#         356       0.01097      4.64      2.00     4   5.0606
#         357       0.01279      6.77      2.00     5   5.0609
#         358       0.00963      5.41      2.00     4   5.0654
#         359       0.00455      6.01      2.00     4   5.0664
#         360       0.00780      6.47      2.00     4   5.0667
#         361       0.01346      4.08      2.00     6   5.0682
#         362       0.00926      6.74      2.00     4   5.0704
#         363       0.01007     14.60      2.00     5   5.0719
#         365       0.01123      6.28      2.00     4   5.0720
#         366       0.01012      6.04      2.00     3   5.0751
#         367       0.00850      6.68      2.00     4   5.0755
#         368       0.00939      6.86      2.00     4   5.0752
#         369       0.00362      9.63      2.00     4   5.0757
#         370       0.01367      6.49      2.00     3   5.0782
#         371       0.00349     11.40      2.00     5   5.0798
#         372       0.00504      6.75      2.00     4   5.0809
#         373       0.01069      4.45      1.00     4   5.0855
#         374       0.00496     13.57      2.00     3   5.0864
#         376       0.00399      6.78      2.00     3   5.0877
#         377       0.00894      6.03      2.00     4   5.0873
#         378       0.00425     14.32      2.00     5   5.0879
#         379       0.02094      7.47      2.00     5   5.0945
#         380       0.00427     15.45      2.00     5   5.0964
#         381       0.00352      9.75      2.00     4   5.0979
#         382       0.00978      4.31      2.00     4   5.0979
#         384       0.00395     13.97      2.00     5   5.0991
#         385       0.00899      9.34      2.00     5   5.0986
#         387       0.00472      4.62      2.00     4   5.1032
#         388       0.00446      7.21      2.00     4   5.1046
#         389       0.00579      5.54      1.00     4   5.1080
#         390       0.00478      7.15      2.00     3   5.1094
#         391       0.00290     24.57      2.00     5   5.1152
#         392       0.00969      9.42      2.00     5   5.1183
#         394       0.01121      4.16      2.00     4   5.1201
#         395       0.00748      6.64      2.00     5   5.1207
#         396       0.00811      7.83      2.00     3   5.1237
#         397       0.00967      4.76      2.00     4   5.1238
#         398       0.00942      5.62      2.00     5   5.1233
#         399       0.00536     12.80      2.00     4   5.1267
#         400       0.00382     12.30      2.00     5   5.1305
#         401       0.00430     19.88      2.00     3   5.1335
#         402       0.00826     11.61      2.00     4   5.1341
#         403       0.00595      9.02      1.00     2   5.1350
#         404       0.00898      8.69      2.00     5   5.1368
#         405       0.00916     11.63      2.00     5   5.1386
#         406       0.00852     14.97      2.00     5   5.1403
#         407       0.01326     15.03      2.00     6   5.1401
#         408       0.00497      9.31      2.00     4   5.1423
#         409       0.00591      4.44      2.00     3   5.1458
#         410       0.00865      4.58      2.00     3   5.1461
#         411       0.00731     12.87      2.00     3   5.1473
#         412       0.01290      6.35      2.00     5   5.1486
#         413       0.00881     13.23      2.00     5   5.1534
#         415       0.01176     18.92      2.00     6   5.1542
#         416       0.01294      6.14      2.00     5   5.1551
#         417       0.01009      9.29      2.00     5   5.1555
#         418       0.00890      6.64      2.00     4   5.1565
#         420       0.01071      5.60      2.00     3   5.1636
#         421       0.00790     11.75      2.00     4   5.1667
#         423       0.01202      8.25      2.00     5   5.1713
#         424       0.00874      9.61      2.00     5   5.1731
#         425       0.00799     17.85      2.00     5   5.1771
#         426       0.00892      7.80      2.00     5   5.1791
#         427       0.00484      4.88      2.00     4   5.1792
#         428       0.00728      9.46      2.00     4   5.1814
#         429       0.01113      4.02      1.00     4   5.1816
#         431       0.01060     10.26      2.00     5   5.1815
#         432       0.00760      7.55      1.00     4   5.1827
#         433       0.00969     13.88      2.00     5   5.1840
#         434       0.00365     19.65      2.00     5   5.1839
#         435       0.00447      4.97      2.00     4   5.1844
#         436       0.00322     23.68      2.00     5   5.1845
#         437       0.00933      8.97      2.00     5   5.1861
#         439       0.00482      8.59      1.00     2   5.1875
#         440       0.00755      7.09      2.00     3   5.1883
#         441       0.00371     19.01      2.00     5   5.1910
#         442       0.00942      8.77      2.00     5   5.1957
#         443       0.00930     16.09      2.00     6   5.1975
#         444       0.00588      5.06      2.00     3   5.1993
#         445       0.00840      9.08      2.00     4   5.2021
#         446       0.00464      4.91      2.00     3   5.2033
#         447       0.00442      8.88      2.00     4   5.2038
#         448       0.00777      8.96      2.00     4   5.2051
#         450       0.00379     33.87      2.00     6   5.2051
#         451       0.00473      8.34      2.00     4   5.2060
#         452       0.01941      4.64      2.00     5   5.2059
#         453       0.00910      9.22      2.00     5   5.2064
#         454       0.00854      7.35      2.00     3   5.2096
#         455       0.01965      6.55      2.00     5   5.2093
#         457       0.00849     14.25      2.00     5   5.2125
#         459       0.00937      4.48      2.00     3   5.2147
#         460       0.00557     13.74      2.00     4   5.2146
#         463       0.00430      4.36      2.00     4   5.2192
#         464       0.00942     10.13      2.00     5   5.2201
#         465       0.00470     10.61      2.00     4   5.2215
#         466       0.00755     24.28      2.00     5   5.2257
#         467       0.00676     11.73      2.00     3   5.2268
#         468       0.00559      4.03      2.00     4   5.2270
#         469       0.00379     32.65      2.00     6   5.2269
#         470       0.00869     10.59      2.00     4   5.2276
#         472       0.01532     15.01      2.00     6   5.2301
#         473       0.00949      6.31      2.00     4   5.2328
#         474       0.00735      5.81      2.00     5   5.2341
#         475       0.01134      6.43      2.00     5   5.2348
#         476       0.00731      6.22      2.00     5   5.2348
#         478       0.00428     15.98      1.00     4   5.2392
#         479       0.00833     11.18      2.00     4   5.2422
#         480       0.00797      6.09      2.00     4   5.2435
#         481       0.00774     15.23      2.00     5   5.2481
#         482       0.00502     11.20      2.00     4   5.2492
#         483       0.00961      5.71      2.00     4   5.2517
#         484       0.00566      5.51      2.00     4   5.2516
#         485       0.00391      6.78      2.00     4   5.2519
#         486       0.00796      9.12      2.00     4   5.2557
#         487       0.01283     17.67      2.00     6   5.2557
#         488       0.00338      9.55      2.00     6   5.2579
#         489       0.00401     18.25      2.00     5   5.2595
#         490       0.00842     16.55      2.00     5   5.2602
#         491       0.00771     19.42      2.00     5   5.2611
#         492       0.00361     33.78      2.00     6   5.2623
#         493       0.00408     18.21      2.00     5   5.2653
#         494       0.00669      4.02      1.00     4   5.2657
#         495       0.00438      5.51      2.00     4   5.2667
#         497       0.00757     21.54      1.00     6   5.2688
#         498       0.00518     10.42      1.00     4   5.2704
#         499       0.00529     11.54      2.00     5   5.2720
#         500       0.00820      6.96      1.00     4   5.2736
#         501       0.00928      4.08      2.00     5   5.2733
#         502       0.00689      8.25      2.00     4   5.2750
#         503       0.00999      5.61      2.00     4   5.2775
#         504       0.00829      6.18      2.00     5   5.2779
#         505       0.00619      5.90      2.00     5   5.2779
#         506       0.00819      8.58      2.00     4   5.2787
#         507       0.01158      8.23      1.00     2   5.2798
#         508       0.01128      5.44      2.00     5   5.2828
#         509       0.00409     31.06      2.00     6   5.2829
#         510       0.00783     11.25      2.00     5   5.2835
#         512       0.00925      6.14      2.00     5   5.2846
#         513       0.00458      8.16      2.00     4   5.2852
#         515       0.00858      4.02      2.00     3   5.2868
#         516       0.00542      7.62      2.00     5   5.2870
#         517       0.00970      5.12      2.00     5   5.2866
#         519       0.01107      8.89      2.00     5   5.2879
#         520       0.00973     16.75      2.00     5   5.2895
#         521       0.00952     14.67      2.00     6   5.2907
#         522       0.00888      8.23      2.00     4   5.2962
#         523       0.00912      6.16      2.00     5   5.2977
#         524       0.00423     30.70      2.00     6   5.2979
#         525       0.00950      8.65      2.00     5   5.2997
#         527       0.00515     10.27      2.00     4   5.3015
#         528       0.00974      5.58      2.00     3   5.3029
#         530       0.00932     14.48      2.00     6   5.3024
#         531       0.00887     20.92      2.00     6   5.3031
#         532       0.00750     32.22      2.00     6   5.3042
#         533       0.00509      9.50      2.00     5   5.3050
#         534       0.00512      9.19      2.00     5   5.3050
#         535       0.00811     22.64      2.00     5   5.3062
#         537       0.00437      7.01      2.00     4   5.3118
#         538       0.00822     14.53      2.00     5   5.3113
#         539       0.01019      6.93      2.00     3   5.3125
#         540       0.00868     12.60      2.00     5   5.3142
#         541       0.00608     13.53      2.00     5   5.3154
#         542       0.00436     11.11      2.00     5   5.3159
#         543       0.00361     28.21      2.00     6   5.3176
#         544       0.00630     11.28      2.00     4   5.3187
#         545       0.00528      6.30      2.00     3   5.3218
#         547       0.00839      7.31      2.00     3   5.3288
#         548       0.00587     12.11      2.00     3   5.3309
#         549       0.00665     10.41      2.00     4   5.3311
#         550       0.00495      8.09      2.00     5   5.3315
#         551       0.01363      4.60      2.00     5   5.3311
#         552       0.00868      4.45      2.00     3   5.3333
#         553       0.01218      5.41      1.00     6   5.3341
#         554       0.00915     12.71      2.00     6   5.3359
#         555       0.00935     14.41      2.00     6   5.3359
#         556       0.00820     11.65      2.00     5   5.3365
#         557       0.00880      7.88      1.00     6   5.3376
#         558       0.00812     20.00      1.00     6   5.3387
#         559       0.00565     12.10      2.00     4   5.3390
#         560       0.00484      6.07      2.00     4   5.3401
#         562       0.00784     12.98      1.00     6   5.3396
#         564       0.00833     11.44      2.00     4   5.3429
#         565       0.00608      4.20      2.00     5   5.3443
#         566       0.00960     11.21      2.00     6   5.3443
#         567       0.00877      5.37      2.00     4   5.3452
#         568       0.00972      4.47      2.00     3   5.3465
#         569       0.01054      5.41      2.00     4   5.3475
#         570       0.00934     12.29      2.00     6   5.3489
#         571       0.00660      7.41      1.00     2   5.3495
#         572       0.01942      5.19      2.00     5   5.3500
#         573       0.00875      9.42      2.00     4   5.3511
#         574       0.01117      6.23      2.00     5   5.3510
#         575       0.00971     14.41      2.00     6   5.3507
#         577       0.01175     16.75      2.00     6   5.3514
#         578       0.00407     30.30      2.00     6   5.3519
#         579       0.00824      7.85      1.00     4   5.3536
#         580       0.00447     13.17      2.00     4   5.3534
#         581       0.00913      5.35      2.00     6   5.3537
#         582       0.00865      8.88      2.00     6   5.3535
#         583       0.00827      9.45      2.00     4   5.3581
#         584       0.00911      6.90      2.00     5   5.3589
#         585       0.00837     17.32      2.00     5   5.3602
#         586       0.00670      9.68      2.00     4   5.3617
#         588       0.01433     12.00      2.00     6   5.3630
#         589       0.00899      6.97      1.00     6   5.3637
#         590       0.00596     20.64      2.00     5   5.3643
#         591       0.00663      8.76      2.00     5   5.3652
#         592       0.00931      7.68      2.00     5   5.3656
#         593       0.00664      8.66      2.00     5   5.3652
#         594       0.01130      8.35      2.00     5   5.3655
#         595       0.00828     10.38      2.00     5   5.3653
#         596       0.00543      6.63      2.00     4   5.3661
#         597       0.00820     25.97      2.00     5   5.3677
#         598       0.00429     19.80      2.00     5   5.3675
#         599       0.01066      4.01      2.00     5   5.3684
#         600       0.00392     28.80      2.00     6   5.3683
#         601       0.00862      9.53      2.00     4   5.3713
#         602       0.00827     15.88      2.00     5   5.3722
#         603       0.00907      5.62      2.00     4   5.3758
#         606       0.01121     20.29      2.00     5   5.3774
#         607       0.00818     19.65      2.00     6   5.3795
#         608       0.00423      6.86      2.00     4   5.3801
#         609       0.00560     17.47      2.00     5   5.3820
#         610       0.00823     22.72      1.00     6   5.3817
#         611       0.00575      4.26      2.00     3   5.3844
#         612       0.00849     15.31      2.00     5   5.3854
#         615       0.00527      4.51      2.00     5   5.3896
#         616       0.00530      5.97      2.00     5   5.3898
#         617       0.00881      5.57      2.00     6   5.3898
#         618       0.00620      7.11      2.00     5   5.3906
#         619       0.00799      7.32      2.00     5   5.3906
#         621       0.00806     29.06      2.00     6   5.3927
#         622       0.00636     10.32      2.00     4   5.3942
#         623       0.01019      4.32      2.00     5   5.3943
#         624       0.00644      6.56      2.00     5   5.3951
#         626       0.01183      9.99      2.00     6   5.3976
#         629       0.00956      7.19      1.00     2   5.4020
#         630       0.00501      9.65      2.00     3   5.4020
#         631       0.01981      6.14      1.00     6   5.4018
#         634       0.00829     13.39      2.00     5   5.4045
#         635       0.00499     11.96      2.00     5   5.4062
#         636       0.00426     11.23      2.00     5   5.4079
#         637       0.00545     16.20      2.00     5   5.4084
#         639       0.01124      7.41      2.00     6   5.4109
#         640       0.00499      4.22      2.00     4   5.4119
#         641       0.00859     11.04      2.00     5   5.4114
#         642       0.00573     17.26      2.00     5   5.4119
#         644       0.00832     15.97      2.00     6   5.4149
#         645       0.00846     22.10      2.00     6   5.4149
#         646       0.00591      7.62      1.00     2   5.4161
#         647       0.00974      6.77      2.00     5   5.4166
#         648       0.00594     19.08      2.00     5   5.4174
#         649       0.01308      4.47      2.00     5   5.4182
#         650       0.00516     17.30      2.00     5   5.4188
#         651       0.00898     12.65      2.00     5   5.4185
#         653       0.00580     13.77      2.00     5   5.4250
#         654       0.00939      4.34      1.00     4   5.4261
#         655       0.00506      7.52      2.00     5   5.4260
#         657       0.00606     11.56      2.00     4   5.4314
#         660       0.00529     10.77      2.00     5   5.4319
#         661       0.00989      5.64      2.00     5   5.4355
#         662       0.00704      5.46      2.00     5   5.4355
#         663       0.00571      4.48      2.00     4   5.4367
#         664       0.00653      9.23      2.00     4   5.4388
#         666       0.00912      4.94      2.00     6   5.4413
#         667       0.00648      8.57      2.00     5   5.4423
#         668       0.00648      8.47      2.00     5   5.4423
#         671       0.00862     18.81      2.00     6   5.4440
#         672       0.00907      5.06      2.00     6   5.4450
#         673       0.00851     11.24      1.00     6   5.4467
#         674       0.00929      9.50      2.00     6   5.4474
#         675       0.00358      8.61      2.00     5   5.4492
#         678       0.00450      5.38      2.00     3   5.4522
#         679       0.00861      7.36      2.00     4   5.4554
#         680       0.00887      4.18      2.00     4   5.4556
#         681       0.00953      6.85      2.00     6   5.4555
#         682       0.00814     36.72      1.00     6   5.4582
#         684       0.00416      4.99      2.00     5   5.4623
#         685       0.01026      7.02      2.00     6   5.4625
#         686       0.01064      5.22      2.00     6   5.4625
#         687       0.00507      4.03      2.00     5   5.4637
#         688       0.00782     30.20      2.00     6   5.4635
#         689       0.00526     16.19      2.00     5   5.4643
#         690       0.00609     17.04      2.00     5   5.4640
#         691       0.00413     47.59      2.00     7   5.4647
#         692       0.01954      4.48      2.00     5   5.4654
#         693       0.00980     14.21      2.00     5   5.4659
#         695       0.00568     15.64      2.00     5   5.4671
#         697       0.01204      4.63      2.00     4   5.4678
#         698       0.00938     31.43      2.00     5   5.4677
#         699       0.00526     15.49      2.00     6   5.4678
#         701       0.00930      5.33      2.00     6   5.4718
#         703       0.00972      7.22      2.00     5   5.4749
#         704       0.00949      7.38      2.00     5   5.4766
#         705       0.00939      8.34      2.00     6   5.4767
#         706       0.01012     16.36      2.00     6   5.4782
#         707       0.00934      8.35      2.00     6   5.4792
#         708       0.00899      6.00      2.00     5   5.4797
#         709       0.00506     25.81      2.00     5   5.4800
#         710       0.00832     17.29      2.00     5   5.4802
#         711       0.00623      8.97      2.00     5   5.4799
#         712       0.00873     12.75      2.00     5   5.4800
#         713       0.00855      8.73      2.00     6   5.4803
#         714       0.00600     20.09      2.00     5   5.4808
#         717       0.00955      4.04      2.00     4   5.4827
#         718       0.00833     10.16      2.00     5   5.4847
#         719       0.00807     18.05      2.00     6   5.4859
#         721       0.00456      6.66      2.00     5   5.4872
#         724       0.00932      4.66      2.00     6   5.4882
#         725       0.00547      4.58      2.00     3   5.4902
#         726       0.00907      4.99      2.00     6   5.4899
#         727       0.01088      4.77      1.00     6   5.4903
#         731       0.00972      5.36      2.00     5   5.4915
#         732       0.00654      4.29      2.00     5   5.4921
#         733       0.00664      9.85      2.00     5   5.4931
#         734       0.00972      4.69      2.00     4   5.4936
#         736       0.00503      7.71      2.00     5   5.4947
#         737       0.00820     29.72      2.00     6   5.4943
#         738       0.00583     13.21      2.00     3   5.4954
#         739       0.00747      6.08      2.00     5   5.4968
#         740       0.00897     10.35      2.00     5   5.4979
#         741       0.00856     14.62      2.00     6   5.4980
#         742       0.00913     20.51      2.00     6   5.4980
#         743       0.00948     20.06      2.00     7   5.4987
#         744       0.00916     24.08      2.00     7   5.5004
#         746       0.00467     10.08      2.00     5   5.5020
#         747       0.01024      6.69      2.00     6   5.5035
#         749       0.00784     54.44      2.00     7   5.5066
#         751       0.00510     11.14      1.00     4   5.5125
#         752       0.00879      5.79      2.00     5   5.5126
#         753       0.00695      5.63      2.00     5   5.5126
#         754       0.00904     22.79      2.00     7   5.5135
#         755       0.00960      5.16      2.00     6   5.5141
#         758       0.00524      7.06      2.00     5   5.5181
#         759       0.00610     17.59      2.00     5   5.5180
#         760       0.00704      7.79      2.00     5   5.5178
#         761       0.00867     10.72      2.00     5   5.5184
#         763       0.01189      6.86      2.00     6   5.5199
#         764       0.00999      6.54      2.00     6   5.5200
#         767       0.00925      6.42      2.00     5   5.5229
#         769       0.00536      7.17      1.00     2   5.5240
#         770       0.00588     11.13      2.00     4   5.5246
#         772       0.00578      7.87      1.00     4   5.5268
#         773       0.01158     33.12      2.00     6   5.5271
#         774       0.00435      5.95      2.00     3   5.5274
#         775       0.01364      7.28      2.00     5   5.5308
#         776       0.01002      6.43      2.00     6   5.5312
#         777       0.00857     18.56      2.00     6   5.5325
#         779       0.01039      9.33      2.00     6   5.5349
#         780       0.00473     44.18      2.00     7   5.5357
#         781       0.01104      6.64      2.00     5   5.5361
#         784       0.00822     12.76      2.00     6   5.5377
#         785       0.00586     17.35      2.00     5   5.5387
#         787       0.00587      9.04      2.00     5   5.5396
#         788       0.00545      7.05      2.00     5   5.5411
#         789       0.01008     19.25      2.00     5   5.5414
#         790       0.00791     43.63      2.00     7   5.5420
#         791       0.01072      7.24      2.00     6   5.5425
#         792       0.01107      5.26      2.00     6   5.5425
#         794       0.00838     28.24      2.00     6   5.5440
#         796       0.00713     14.53      2.00     5   5.5455
#         797       0.00710     13.31      2.00     6   5.5491
#         798       0.01129      4.64      1.00     6   5.5493
#         799       0.00856     17.34      2.00     6   5.5491
#         802       0.01969      4.17      2.00     5   5.5545
#         803       0.00520     31.54      2.00     5   5.5555
#         805       0.00997      6.44      2.00     6   5.5571
#         806       0.01027      5.22      2.00     6   5.5571
#         807       0.00442      8.52      2.00     4   5.5580
#         810       0.00641     35.23      2.00     6   5.5616
#         811       0.00668      8.21      2.00     5   5.5655
#         813       0.00937      5.72      2.00     6   5.5667
#         814       0.00966      7.90      2.00     6   5.5681
#         816       0.00966      8.37      2.00     6   5.5687
#         817       0.00491     11.67      2.00     5   5.5698
#         818       0.00594     10.60      1.00     6   5.5696
#         820       0.00606     10.54      2.00     4   5.5718
#         821       0.00936      7.07      2.00     6   5.5745
#         822       0.00989      4.29      2.00     4   5.5751
#         823       0.00596      6.89      1.00     4   5.5747
#         824       0.01157     27.94      2.00     6   5.5747
#         825       0.00964     20.24      2.00     6   5.5747
#         826       0.00967     22.45      2.00     6   5.5747
#         827       0.00916      7.34      2.00     6   5.5753
#         828       0.00708     13.15      2.00     5   5.5768
#         829       0.00839     51.01      2.00     7   5.5766
#         830       0.01032     17.72      2.00     7   5.5779
#         832       0.00998      4.45      2.00     4   5.5805
#         833       0.00512      4.94      2.00     5   5.5807
#         835       0.00581     24.18      2.00     6   5.5816
#         836       0.00499     20.27      2.00     6   5.5828
#         837       0.01014     31.38      2.00     6   5.5844
#         838       0.00825      7.48      2.00     5   5.5855
#         839       0.01235      4.51      2.00     6   5.5858
#         840       0.00945      7.45      2.00     6   5.5866
#         841       0.01201     22.20      2.00     6   5.5877
#         842       0.01032     44.06      2.00     5   5.5909
#         843       0.00907     19.91      2.00     7   5.5922
#         847       0.01162      5.97      2.00     6   5.5944
#         848       0.01830      5.17      2.00     6   5.5948
#         849       0.00604     15.68      2.00     5   5.5952
#         850       0.00518     23.81      1.00     6   5.5985
#         851       0.00514     11.44      2.00     5   5.5988
#         852       0.01272      5.72      2.00     7   5.5992
#         853       0.00881     13.69      2.00     7   5.5992
#         854       0.00658      7.16      2.00     5   5.5995
#         856       0.00720      7.30      2.00     5   5.6019
#         857       0.00865     12.09      2.00     5   5.6025
#         861       0.00539      6.41      1.00     2   5.6058
#         862       0.00692     14.69      2.00     5   5.6062
#         863       0.00854     10.23      1.00     6   5.6068
#         864       0.01277      4.20      1.00     6   5.6067
#         865       0.00517     10.21      1.00     4   5.6083
#         866       0.00601      5.07      2.00     5   5.6102
#         867       0.00685     14.11      2.00     6   5.6097
#         868       0.00708      8.82      2.00     5   5.6114
#         869       0.00411      6.22      2.00     6   5.6120
#         870       0.00491     20.91      2.00     6   5.6128
#         871       0.01086      7.94      2.00     7   5.6133
#         872       0.01054     21.20      2.00     7   5.6133
#         873       0.00522     11.40      2.00     5   5.6143
#         874       0.01194     19.58      2.00     5   5.6152
#         875       0.00553      4.23      1.00     4   5.6164
#         876       0.01328      4.92      2.00     6   5.6167
#         877       0.00856      5.31      2.00     5   5.6171
#         878       0.01124      9.49      2.00     6   5.6172
#         880       0.00880     25.54      2.00     7   5.6173
#         881       0.00460      4.95      2.00     3   5.6177
#         882       0.00951      7.30      2.00     6   5.6196
#         883       0.01055      8.85      2.00     6   5.6194
#         884       0.00692     21.24      2.00     6   5.6198
#         885       0.00678     21.61      2.00     6   5.6198
#         886       0.01032     35.04      2.00     6   5.6198
#         887       0.00515      4.07      2.00     5   5.6209
#         888       0.00477     20.09      2.00     6   5.6212
#         889       0.01424    123.80      2.00     7   5.6210
#         891       0.00662     11.22      1.00     6   5.6245
#         893       0.00848     29.74      2.00     6   5.6273
#         894       0.00611     12.91      1.00     6   5.6271
#         895       0.00618     32.26      2.00     6   5.6272
#         896       0.00509      4.84      2.00     5   5.6285
#         897       0.00818     21.51      2.00     6   5.6284
#         898       0.00996      6.38      2.00     6   5.6290
#         900       0.00966     36.70      2.00     6   5.6305
#         901       0.00848     39.37      2.00     7   5.6306
#         902       0.00855     17.69      2.00     6   5.6318
#         903       0.00730      6.48      2.00     3   5.6321
#         905       0.00498      6.89      2.00     3   5.6332
#         906       0.00760     32.37      2.00     6   5.6341
#         907       0.00580     14.67      2.00     6   5.6341
#         908       0.00980     65.60      2.00     6   5.6339
#         909       0.00614      8.03      2.00     5   5.6344
#         910       0.02033      4.43      1.00     6   5.6346
#         911       0.01204      6.13      2.00     3   5.6360
#         912       0.01160      6.39      2.00     6   5.6384
#         913       0.00994      6.68      2.00     6   5.6385
#         914       0.00937      9.68      2.00     6   5.6403
#         915       0.00527     29.77      2.00     5   5.6409
#         917       0.00799     26.37      1.00     6   5.6411
#         918       0.00914     53.88      2.00     7   5.6414
#         921       0.00833     22.16      2.00     6   5.6419
#         923       0.00508      9.12      1.00     4   5.6446
#         924       0.00842      5.02      2.00     6   5.6446
#         925       0.00659      8.64      2.00     5   5.6447
#         926       0.00925     12.97      2.00     6   5.6450
#         927       0.00927     17.71      2.00     6   5.6450
#         928       0.00574      7.84      2.00     6   5.6457
#         929       0.00464      6.95      2.00     6   5.6457
#         931       0.01214     32.46      2.00     6   5.6478
#         933       0.00858     13.60      2.00     6   5.6482
#         934       0.00912      5.51      2.00     6   5.6490
#         935       0.01126     17.96      2.00     7   5.6498
#         936       0.00415      6.68      1.00     2   5.6506
#         937       0.00487     19.49      2.00     3   5.6506
#         938       0.00567     14.21      2.00     5   5.6512
#         939       0.00850      5.49      2.00     5   5.6514
#         941       0.01274      4.34      2.00     6   5.6513
#         942       0.00966      8.05      2.00     6   5.6521
#         944       0.00790     28.34      2.00     6   5.6552
#         945       0.00950     18.86      2.00     7   5.6556
#         947       0.00879      8.83      2.00     7   5.6566
#         948       0.00981     17.04      2.00     7   5.6573
#         949       0.00496     28.54      2.00     5   5.6586
#         951       0.00825      9.46      2.00     5   5.6603
#         952       0.01184      4.57      2.00     6   5.6637
#         953       0.01123      6.10      2.00     6   5.6637
#         954       0.00541      9.05      2.00     6   5.6639
#         955       0.01036     26.35      1.00     6   5.6650
#         956       0.01318     11.25      2.00     7   5.6649
#         957       0.01338      6.52      2.00     7   5.6649
#         959       0.00693     12.40      2.00     5   5.6692
#         960       0.01070     47.78      1.00     6   5.6693
#         961       0.00478      4.29      2.00     5   5.6716
#         962       0.00598     19.71      2.00     5   5.6717
#         963       0.00504     23.29      1.00     6   5.6727
#         964       0.00526     23.00      1.00     6   5.6735
#         965       0.00908     10.47      2.00     5   5.6759
#         967       0.00908      5.74      2.00     6   5.6763
#         968       0.00533      5.93      2.00     3   5.6767
#         969       0.00497     12.17      2.00     6   5.6773
#         970       0.00669     33.70      2.00     6   5.6781
#         971       0.01400      8.03      2.00     6   5.6779
#         972       0.01386      6.22      2.00     7   5.6781
#         973       0.00917     14.45      2.00     7   5.6781
#         974       0.00557     11.39      2.00     5   5.6785
#         975       0.00539     18.93      2.00     6   5.6793
#         976       0.01168      9.93      2.00     7   5.6790
#         978       0.00922      9.46      2.00     6   5.6800
#         979       0.00575     14.38      2.00     5   5.6806
#         980       0.00549      7.61      2.00     5   5.6815
#         981       0.00976      9.65      2.00     7   5.6816
#         982       0.00913     24.52      2.00     7   5.6819
#         985       0.00675     11.00      1.00     6   5.6852
#         986       0.00481      6.51      2.00     6   5.6856
#         987       0.01048     33.93      2.00     6   5.6858
#         988       0.00504     19.16      2.00     6   5.6877
#         989       0.00545      4.20      2.00     6   5.6879
#         990       0.00971      6.99      2.00     6   5.6886
#         991       0.00469      6.07      2.00     5   5.6895
#         992       0.00669     21.47      2.00     6   5.6894
#         993       0.00695     20.00      2.00     6   5.6915
#         994       0.00652     11.44      1.00     6   5.6911
#         995       0.00488      4.27      2.00     6   5.6930
#         996       0.00464     19.18      1.00     4   5.6953
#         997       0.01083     39.41      2.00     5   5.6949
#         999       0.01064      9.06      2.00     6   5.6970
#        1001       0.00629      4.65      1.00     6   5.6986
#        1002       0.00490      5.88      1.00     6   5.6993
#        1003       0.01045      6.90      2.00     5   5.7003
#        1004       0.00973      5.90      2.00     3   5.7012
#        1005       0.00704     20.33      2.00     6   5.7018
#        1006       0.00679     20.68      2.00     6   5.7018
#        1007       0.01175     34.07      2.00     6   5.7018
#        1008       0.01734      5.85      2.00     6   5.7015
#        1009       0.00881     21.21      2.00     6   5.7019
#        1010       0.01078     12.57      2.00     6   5.7024
#        1011       0.00530      9.27      1.00     4   5.7041
#        1012       0.01177      7.90      2.00     7   5.7038
#        1013       0.01111     20.93      2.00     7   5.7038
#        1016       0.00905     29.81      2.00     6   5.7077
#        1017       0.00612     14.04      2.00     6   5.7077
#        1018       0.00911     20.08      2.00     6   5.7085
#        1020       0.00916     13.67      2.00     7   5.7119
#        1021       0.00556      7.46      2.00     5   5.7182
#        1022       0.01033      8.79      2.00     7   5.7199
#        1023       0.00897     17.10      2.00     7   5.7204
#        1024       0.00462      6.97      2.00     4   5.7215
#        1025       0.00796      4.70      2.00     5   5.7213
#        1026       0.01104     11.06      2.00     7   5.7224
#        1027       0.01016     14.59      2.00     7   5.7224
#        1028       0.00755     21.22      2.00     6   5.7241
#        1029       0.01212     63.90      2.00     7   5.7244
#        1030       0.01008     40.41      2.00     7   5.7244
#        1033       0.01505     12.30      2.00     7   5.7263
#        1034       0.01528      7.38      2.00     7   5.7263
#        1035       0.00518     27.37      2.00     5   5.7275
#        1036       0.01010     60.49      2.00     6   5.7275
#        1038       0.01063     10.98      2.00     6   5.7283
#        1039       0.01004     10.60      2.00     6   5.7283
#        1040       0.00899     10.43      2.00     6   5.7283
#        1042       0.00848     25.77      1.00     6   5.7302
#        1045       0.00474      8.77      2.00     6   5.7325
#        1046       0.00835     12.07      2.00     6   5.7333
#        1048       0.00755     10.69      2.00     6   5.7337
#        1052       0.01224     35.07      2.00     7   5.7375
#        1053       0.01238     40.26      2.00     7   5.7375
#        1054       0.00919      8.59      2.00     7   5.7387
#        1055       0.00627     17.81      2.00     5   5.7392
#        1056       0.00562      7.36      2.00     6   5.7399
#        1057       0.00482      6.33      2.00     6   5.7399
#        1058       0.00928     12.72      2.00     7   5.7404
#        1059       0.00495      8.60      2.00     6   5.7409
#        1060       0.00449      4.06      2.00     4   5.7418
#        1061       0.00558      6.95      2.00     6   5.7435
#        1062       0.00498      5.26      2.00     5   5.7455
#        1063       0.00509      5.82      2.00     5   5.7463
#        1064       0.00479     10.41      2.00     5   5.7471
#        1066       0.00837     27.63      2.00     6   5.7468
#        1067       0.00547     11.95      2.00     6   5.7468
#        1068       0.00575     13.49      2.00     6   5.7468
#        1069       0.00504      4.80      2.00     5   5.7475
#        1070       0.00737     12.07      2.00     6   5.7488
#        1071       0.01008      5.82      2.00     5   5.7495
#        1072       0.00479      4.25      2.00     6   5.7504
#        1073       0.00528     21.22      1.00     6   5.7509
#        1074       0.01289      9.92      2.00     7   5.7520
#        1075       0.01004      9.72      2.00     7   5.7526
#        1077       0.00693     20.44      2.00     6   5.7538
#        1078       0.00865     37.55      2.00     7   5.7540
#        1080       0.00750      9.47      2.00     6   5.7543
#        1081       0.00431     11.39      2.00     5   5.7551
#        1082       0.00927     13.42      2.00     7   5.7552
#        1083       0.00738     25.94      2.00     6   5.7558
#        1084       0.00894      5.25      2.00     6   5.7564
#        1086       0.00907     10.32      2.00     6   5.7571
#        1087       0.00916      8.33      2.00     7   5.7569
#        1088       0.00503      8.22      2.00     6   5.7575
#        1089       0.01003      7.38      2.00     7   5.7572
#        1090       0.00412      6.46      1.00     2   5.7580
#        1092       0.01970      4.10      1.00     6   5.7599
#        1095       0.00532     10.68      2.00     6   5.7625
#        1096       0.01122     29.52      2.00     6   5.7625
#        1098       0.00833      4.63      2.00     6   5.7642
#        1099       0.00770     17.86      2.00     6   5.7683
#        1100       0.00488     17.69      2.00     6   5.7679
#        1101       0.00525      4.05      2.00     5   5.7694
#        1102       0.00790      6.34      2.00     5   5.7699
#        1105       0.00504      6.79      2.00     6   5.7708
#        1106       0.01212     11.48      2.00     7   5.7705
#        1107       0.01096     13.80      2.00     7   5.7705
#        1108       0.00928     31.93      2.00     5   5.7712
#        1109       0.00546      7.91      2.00     6   5.7711
#        1110       0.00816     11.04      2.00     6   5.7731
#        1111       0.00910     10.57      2.00     6   5.7742
#        1112       0.00555     10.08      2.00     6   5.7766
#        1114       0.00829      4.59      2.00     5   5.7777
#        1115       0.00512      9.87      1.00     6   5.7780
#        1116       0.01059      7.95      2.00     5   5.7786
#        1117       0.00515      8.64      2.00     6   5.7789
#        1118       0.01184     27.94      2.00     6   5.7792
#        1120       0.00417     14.42      2.00     3   5.7812
#        1121       0.01126     41.78      1.00     6   5.7815
#        1122       0.00648      6.78      2.00     6   5.7815
#        1124       0.01023      7.79      2.00     7   5.7831
#        1126       0.00571     10.47      2.00     5   5.7843
#        1127       0.00657      4.52      2.00     6   5.7844
#        1129       0.00961     26.84      2.00     6   5.7848
#        1130       0.00551      5.93      2.00     6   5.7850
#        1131       0.00607     12.28      2.00     6   5.7848
#        1132       0.00901     52.94      2.00     6   5.7853
#        1133       0.01156     10.67      2.00     7   5.7869
#        1134       0.01142     13.78      2.00     7   5.7869
#        1135       0.00520      9.73      2.00     6   5.7873
#        1138       0.00412     18.34      2.00     3   5.7906
#        1139       0.00678      4.06      1.00     6   5.7908
#        1140       0.00559      5.36      2.00     6   5.7913
#        1141       0.00603      6.01      2.00     6   5.7911
#        1142       0.00546      4.84      2.00     6   5.7913
#        1143       0.00915     22.67      2.00     7   5.7921
#        1144       0.00820      4.04      2.00     5   5.7923
#        1145       0.00827     51.31      2.00     6   5.7933
#        1147       0.00562      4.15      2.00     4   5.7956
#        1148       0.00858      5.76      2.00     5   5.7965
#        1149       0.00638      6.72      2.00     5   5.7974
#        1151       0.00809      4.22      2.00     5   5.7978
#        1152       0.00600     28.26      2.00     6   5.7984
#        1153       0.00683     18.50      2.00     6   5.7984
#        1154       0.00679     18.73      2.00     6   5.7984
#        1155       0.00573     14.00      2.00     6   5.7982
#        1156       0.00530      7.46      2.00     6   5.8001
#        1157       0.00371      6.20      2.00     4   5.8023
#        1160       0.00428      8.77      1.00     4   5.8044
#        1162       0.00406     13.25      2.00     3   5.8049
#        1164       0.01004      5.27      2.00     5   5.8053
#        1165       0.01143      7.36      2.00     7   5.8058
#        1166       0.01071     18.86      2.00     7   5.8058
#        1168       0.00482      6.25      2.00     6   5.8070
#        1169       0.00909     19.92      2.00     6   5.8073
#        1170       0.00657      9.77      2.00     6   5.8075
#        1171       0.00674     14.04      2.00     6   5.8075
#        1172       0.00854      7.97      2.00     5   5.8083
#        1173       0.00467      5.59      1.00     6   5.8115
#        1174       0.00865     20.03      2.00     6   5.8113
#        1177       0.00867      4.99      2.00     5   5.8128
#        1178       0.01004     33.79      2.00     5   5.8129
#        1179       0.00812     11.81      2.00     6   5.8129
#        1180       0.00411     21.21      2.00     4   5.8138
#        1181       0.00406     26.16      2.00     4   5.8140
#        1183       0.00509      7.52      2.00     6   5.8153
#        1185       0.00361      5.58      2.00     4   5.8170
#        1186       0.01397      4.99      2.00     7   5.8175
#        1187       0.00932     11.35      2.00     7   5.8175
#        1188       0.00533      4.08      2.00     5   5.8196
#        1189       0.01222     10.18      2.00     7   5.8194
#        1190       0.00651      6.26      2.00     6   5.8205
#        1191       0.00972      5.27      2.00     5   5.8222
#        1192       0.00868     14.77      2.00     6   5.8224
#        1193       0.01201     45.05      2.00     7   5.8222
#        1194       0.01170     47.24      2.00     7   5.8222
#        1195       0.00417     15.36      1.00     4   5.8232
#        1197       0.00811     15.05      2.00     6   5.8231
#        1198       0.00832      6.28      2.00     5   5.8236
#        1199       0.00496      9.40      2.00     6   5.8232
#        1200       0.00931      8.39      2.00     7   5.8234
#        1202       0.00726     10.38      2.00     5   5.8245
#        1203       0.00519      5.38      2.00     5   5.8246
#        1205       0.00842      4.59      2.00     5   5.8260
#        1206       0.00461     14.17      2.00     5   5.8273
#        1207       0.01061     69.36      2.00     7   5.8278
#        1208       0.00402     15.08      2.00     4   5.8281
#        1209       0.00610     11.40      2.00     6   5.8281
#        1210       0.00859      4.12      2.00     5   5.8288
#        1213       0.00660      6.74      2.00     5   5.8309
#        1215       0.01494      6.64      2.00     7   5.8311
#        1216       0.01471     10.75      2.00     7   5.8311
#        1217       0.00663     15.12      2.00     6   5.8317
#        1218       0.00520     16.74      2.00     6   5.8329
#        1222       0.00850      4.32      2.00     5   5.8359
#        1223       0.00969     52.65      2.00     6   5.8363
#        1224       0.00834     81.12      2.00     7   5.8363
#        1225       0.00706      7.69      2.00     6   5.8366
#        1226       0.00842     59.12      2.00     7   5.8365
#        1227       0.00702     32.42      2.00     7   5.8365
#        1228       0.00415     21.09      2.00     4   5.8375
#        1229       0.00400     31.24      2.00     5   5.8372
#        1232       0.00491      4.03      2.00     5   5.8409
#        1233       0.01035     45.18      2.00     7   5.8409
#        1234       0.00494      5.57      2.00     3   5.8414
#        1235       0.00520      4.66      2.00     3   5.8420
#        1236       0.01911      4.12      1.00     6   5.8427
#        1237       0.00551      6.65      2.00     6   5.8430
#        1238       0.01152     83.69      2.00     7   5.8435
#        1239       0.00641     10.21      2.00     6   5.8443
#        1240       0.00659      9.74      2.00     6   5.8448
#        1241       0.00413     48.03      2.00     5   5.8465
#        1242       0.00616     27.35      2.00     6   5.8479
#        1243       0.00710     17.08      2.00     6   5.8479
#        1244       0.00818     17.33      2.00     6   5.8479
#        1246       0.00838      6.08      2.00     6   5.8483
#        1247       0.00813      9.00      2.00     6   5.8483
#        1249       0.01578      5.89      2.00     6   5.8494
#        1250       0.00607     21.64      2.00     7   5.8506
#        1251       0.00416      7.71      1.00     4   5.8519
#        1252       0.00521      5.96      2.00     5   5.8522
#        1254       0.01311     27.72      2.00     6   5.8531
#        1255       0.00870      5.41      2.00     5   5.8537
#        1258       0.00499      9.97      2.00     6   5.8554
#        1259       0.00853     11.75      2.00     6   5.8562
#        1260       0.00532     14.76      2.00     6   5.8562
#        1261       0.01050      8.16      2.00     7   5.8559
#        1262       0.00861     19.45      2.00     6   5.8576
#        1263       0.00882     28.28      2.00     7   5.8576
#        1264       0.01249     59.71      2.00     7   5.8576
#        1268       0.00417     33.38      2.00     5   5.8609
#        1269       0.00511      9.50      2.00     5   5.8656
#        1270       0.00907      5.34      2.00     7   5.8657
#        1272       0.00525     14.74      2.00     7   5.8663
#        1274       0.00757     18.46      2.00     6   5.8679
#        1276       0.00622      4.03      2.00     5   5.8692
#        1277       0.01708      4.22      2.00     5   5.8700
#        1278       0.00414     40.37      1.00     6   5.8699
#        1279       0.00635     10.68      2.00     6   5.8707
#        1280       0.00846    115.30      2.00     7   5.8717
#        1281       0.00504      6.10      2.00     6   5.8740
#        1283       0.00888     47.19      2.00     6   5.8787
#        1285       0.00606      6.78      2.00     5   5.8795
#        1286       0.00505     15.47      2.00     6   5.8796
#        1287       0.00702     13.24      2.00     7   5.8797
#        1288       0.00810     24.74      2.00     7   5.8797
#        1290       0.00854     19.74      2.00     7   5.8808
#        1291       0.00618      5.94      1.00     2   5.8816
#        1292       0.00913      8.01      2.00     7   5.8812
#        1293       0.00875      4.15      2.00     5   5.8827
#        1294       0.00841      4.43      2.00     6   5.8837
#        1296       0.00865      7.87      2.00     5   5.8856
#        1297       0.01353     45.49      2.00     7   5.8857
#        1298       0.01322     47.73      2.00     7   5.8857
#        1299       0.00818      4.02      2.00     5   5.8872
#        1301       0.00893     22.36      2.00     7   5.8880
#        1302       0.00682     12.06      2.00     7   5.8880
#        1306       0.00954      4.09      2.00     6   5.8905
#        1307       0.01073     15.83      2.00     7   5.8911
#        1308       0.01127     14.55      2.00     7   5.8911
#        1309       0.00948     57.09      2.00     7   5.8915
#        1310       0.00778     33.28      2.00     7   5.8915
#        1311       0.00533      9.15      2.00     5   5.8929
#        1312       0.00503     13.86      2.00     6   5.8926
#        1313       0.00528      8.86      2.00     6   5.8926
#        1314       0.00924      5.89      2.00     7   5.8929
#        1316       0.00919      4.86      2.00     7   5.8931
#        1318       0.00917     56.04      2.00     7   5.8939
#        1319       0.00720     35.02      2.00     7   5.8939
#        1320       0.00356      7.37      2.00     5   5.8942
#        1322       0.00875      7.53      2.00     6   5.8967
#        1323       0.00987     30.92      1.00     6   5.8978
#        1324       0.00507      7.17      1.00     6   5.8975
#        1327       0.00443     19.38      2.00     4   5.8994
#        1328       0.00542      6.72      2.00     5   5.9000
#        1330       0.00864     47.12      2.00     7   5.9010
#        1331       0.00895     17.22      2.00     7   5.9010
#        1333       0.00472     17.01      2.00     7   5.9017
#        1334       0.00925      5.16      2.00     5   5.9036
#        1335       0.00992     11.72      2.00     7   5.9042
#        1336       0.00536      4.91      2.00     3   5.9053
#        1337       0.00524     13.53      2.00     6   5.9069
#        1339       0.00381     11.54      2.00     5   5.9081
#        1341       0.00494      8.87      2.00     6   5.9088
#        1342       0.00462      5.27      2.00     3   5.9095
#        1344       0.00857      8.59      2.00     6   5.9102
#        1345       0.00746     17.18      2.00     6   5.9109
#        1346       0.00889     76.44      2.00     7   5.9113
#        1347       0.00775      6.74      2.00     6   5.9137
#        1348       0.00542      9.61      2.00     6   5.9141
#        1349       0.01375     86.88      2.00     7   5.9140
#        1351       0.00650     27.66      2.00     7   5.9151
#        1353       0.00836     15.72      2.00     6   5.9170
#        1354       0.00639     19.69      2.00     7   5.9172
#        1355       0.01133     13.45      2.00     7   5.9170
#        1356       0.00964     16.72      2.00     7   5.9170
#        1357       0.01189      5.80      2.00     7   5.9173
#        1358       0.00797      5.77      2.00     5   5.9178
#        1359       0.00848      7.06      2.00     5   5.9181
#        1360       0.00810     41.28      2.00     6   5.9183
#        1361       0.00549      5.46      2.00     6   5.9199
#        1362       0.00741     14.51      2.00     6   5.9206
#        1363       0.00566      5.72      2.00     4   5.9212
#        1364       0.00555      5.65      2.00     4   5.9217
#        1365       0.01053     33.93      1.00     6   5.9216
#        1366       0.00878      5.61      2.00     6   5.9217
#        1367       0.00812      4.71      2.00     5   5.9225
#        1368       0.00450     25.00      2.00     5   5.9225
#        1370       0.01318      4.96      2.00     7   5.9230
#        1371       0.00865      5.20      2.00     6   5.9236
#        1372       0.00885     21.05      1.00     6   5.9240
#        1374       0.00500      6.33      1.00     6   5.9284
#        1375       0.00449      4.10      2.00     4   5.9288
#        1380       0.00809     15.28      2.00     6   5.9309
#        1381       0.00538      5.89      2.00     6   5.9313
#        1383       0.01105     23.98      2.00     6   5.9314
#        1384       0.00443     33.95      2.00     5   5.9319
#        1385       0.00866     13.37      2.00     6   5.9321
#        1386       0.00600     70.93      2.00     7   5.9324
#        1387       0.00451     12.81      2.00     7   5.9321
#        1389       0.00769     18.72      2.00     6   5.9333
#        1390       0.00890      9.60      2.00     6   5.9350
#        1395       0.00901      5.35      1.00     2   5.9394
#        1396       0.00952     26.01      2.00     7   5.9397
#        1397       0.01313     57.13      2.00     7   5.9397
#        1399       0.00746      4.12      2.00     5   5.9402
#        1400       0.00999     18.52      2.00     7   5.9405
#        1401       0.00559     22.68      2.00     7   5.9408
#        1402       0.00516     13.73      2.00     7   5.9414
#        1403       0.00403      6.16      2.00     3   5.9420
#        1404       0.00631      6.17      2.00     5   5.9427
#        1406       0.00842      8.33      2.00     6   5.9449
#        1407       0.01000      4.57      2.00     6   5.9447
#        1408       0.00915     19.35      1.00     6   5.9450
#        1409       0.00567     16.99      2.00     7   5.9453
#        1410       0.00568      5.16      2.00     5   5.9455
#        1412       0.00820     43.29      2.00     7   5.9455
#        1413       0.00803     41.97      2.00     7   5.9455
#        1414       0.00428     23.19      2.00     5   5.9463
#        1415       0.00778     11.94      2.00     7   5.9463
#        1416       0.00895     22.51      2.00     7   5.9463
#        1417       0.00589      5.85      2.00     3   5.9469
#        1419       0.00548     11.53      2.00     6   5.9478
#        1420       0.00434     13.27      2.00     4   5.9486
#        1422       0.01041     51.67      2.00     7   5.9521
#        1423       0.00818     30.56      2.00     7   5.9521
#        1424       0.01772      4.33      1.00     6   5.9530
#        1425       0.00595      7.19      2.00     7   5.9539
#        1428       0.00446     10.74      2.00     4   5.9543
#        1429       0.00721     11.37      2.00     7   5.9547
#        1430       0.01031     22.33      2.00     7   5.9547
#        1434       0.00477     55.98      2.00     6   5.9553
#        1435       0.00767     40.09      2.00     7   5.9562
#        1437       0.00762     43.44      2.00     7   5.9584
#        1438       0.01351      4.94      2.00     7   5.9584
#        1440       0.00809     14.24      2.00     6   5.9598
#        1441       0.00838     29.05      2.00     7   5.9600
#        1442       0.00823     11.56      2.00     6   5.9609
#        1443       0.00901      5.28      2.00     6   5.9615
#        1447       0.00525      6.75      2.00     5   5.9658
#        1448       0.00913    103.60      2.00     7   5.9653
#        1449       0.00528      4.14      2.00     5   5.9659
#        1451       0.00769      5.18      2.00     5   5.9674
#        1452       0.00537      6.31      2.00     3   5.9695
#        1453       0.00588     21.58      2.00     7   5.9703
#        1454       0.00723     17.74      2.00     7   5.9702
#        1455       0.00973      4.12      2.00     6   5.9711
#        1456       0.00509     17.23      2.00     5   5.9717
#        1457       0.00591     12.49      2.00     6   5.9718
#        1458       0.00912      5.69      2.00     6   5.9731
#        1459       0.00811     28.43      2.00     7   5.9739
#        1460       0.00829      5.66      2.00     5   5.9745
#        1461       0.01018     44.11      2.00     7   5.9746
#        1462       0.00987     15.40      2.00     7   5.9746
#        1463       0.00878      4.01      2.00     6   5.9757
#        1465       0.00497      4.17      2.00     3   5.9768
#        1468       0.01042      9.22      2.00     6   5.9780
#        1471       0.00793      4.08      2.00     5   5.9797
#        1472       0.00878     40.69      2.00     6   5.9803
#        1473       0.00520      5.03      1.00     6   5.9803
#        1474       0.00429     22.49      2.00     5   5.9811
#        1476       0.00964      7.32      2.00     7   5.9832
#        1478       0.00859      8.14      2.00     5   5.9859
#        1479       0.01502      5.61      2.00     6   5.9858
#        1480       0.01112      5.80      2.00     5   5.9861
#        1481       0.01083      5.43      2.00     6   5.9861
#        1482       0.00732      5.22      1.00     2   5.9872
#        1486       0.00505      6.69      2.00     4   5.9906
#        1487       0.00492      4.82      2.00     4   5.9908
#        1488       0.00891     14.21      2.00     6   5.9910
#        1490       0.00833     41.25      2.00     7   5.9911
#        1491       0.01170     22.65      2.00     6   5.9919
#        1493       0.00656     19.84      2.00     6   5.9922
#        1495       0.00781      5.93      2.00     6   5.9948
#        1496       0.00708     21.22      2.00     7   5.9945
#        1497       0.00993     10.73      2.00     6   5.9952
#        1498       0.00930      7.36      2.00     7   5.9949
#        1499       0.00470     16.05      2.00     7   5.9954
#        1500       0.00439     15.85      2.00     5   5.9955
#        1501       0.00888     21.52      2.00     7   5.9954
#        1502       0.00778      7.77      2.00     6   5.9963
#        1505       0.00889      8.68      2.00     6   5.9989
#        1506       0.00557      6.64      2.00     6   5.9993
#        1507       0.00865     14.73      2.00     6   5.9999
#        1508       0.00674     23.99      2.00     7   6.0003
#        1510       0.01393      5.66      2.00     6   6.0009
#        1511       0.00642     17.94      2.00     7   6.0006
#        1513       0.00743      5.60      2.00     5   6.0017
#        1515       0.00580     34.96      2.00     7   6.0025
#        1516       0.00488      5.65      2.00     4   6.0032
#        1517       0.00876     66.38      2.00     7   6.0036
#        1519       0.00586      6.39      2.00     4   6.0047
#        1520       0.00519     12.92      2.00     5   6.0047
#        1521       0.00455     36.44      2.00     6   6.0045
#        1523       0.00997      8.23      2.00     6   6.0053
#        1524       0.00616     10.68      2.00     6   6.0053
#        1525       0.00681      7.14      2.00     6   6.0053
#        1526       0.00404      4.63      2.00     3   6.0063
#        1528       0.00854     11.14      2.00     6   6.0071
#        1530       0.00537     12.93      2.00     6   6.0088
#        1531       0.00879      4.88      2.00     6   6.0093
#        1532       0.01026     20.97      2.00     7   6.0093
#        1534       0.00923     15.62      2.00     6   6.0107
#        1535       0.00553     11.95      2.00     7   6.0104
#        1536       0.00908      6.18      2.00     6   6.0130
#        1537       0.00951     42.53      2.00     7   6.0137
#        1538       0.00957     12.34      2.00     7   6.0137
#        1539       0.00863     37.53      2.00     7   6.0153
#        1540       0.01167     39.33      2.00     7   6.0153
#        1541       0.01098      4.71      2.00     5   6.0158
#        1543       0.00617     20.21      2.00     7   6.0168
#        1545       0.00493      9.41      2.00     5   6.0173
#        1547       0.00861     13.97      2.00     6   6.0187
#        1548       0.00722     20.86      2.00     6   6.0195
#        1550       0.00836     26.60      2.00     7   6.0204
#        1551       0.00862     30.92      2.00     7   6.0204
#        1553       0.00524      9.84      2.00     4   6.0216
#        1555       0.00618     17.28      2.00     7   6.0236
#        1556       0.00892     26.11      2.00     7   6.0236
#        1557       0.00922      6.34      2.00     6   6.0243
#        1558       0.01407      4.54      2.00     7   6.0241
#        1559       0.00895     28.72      2.00     7   6.0248
#        1560       0.01910      4.05      2.00     5   6.0253
#        1562       0.00597      6.98      2.00     6   6.0266
#        1564       0.00527     19.04      2.00     6   6.0266
#        1565       0.00949     12.65      2.00     7   6.0271
#        1567       0.00846     13.24      2.00     6   6.0279
#        1568       0.01015     15.27      2.00     6   6.0289
#        1570       0.03115      8.36      2.00     7   6.0298
#        1572       0.00738      5.98      2.00     6   6.0326
#        1573       0.00573      6.86      2.00     5   6.0331
#        1574       0.00505     10.26      2.00     5   6.0337
#        1575       0.00643     18.47      2.00     7   6.0335
#        1578       0.00833      5.04      2.00     6   6.0356
#        1579       0.00822     37.93      2.00     7   6.0353
#        1580       0.00906     12.43      2.00     7   6.0353
#        1582       0.01118      7.35      2.00     6   6.0363
#        1584       0.00835      4.50      2.00     5   6.0395
#        1586       0.00671     20.46      2.00     6   6.0400
#        1587       0.00709     19.50      2.00     7   6.0401
#        1588       0.00515     19.50      1.00     6   6.0407
#        1590       0.01007     28.27      2.00     7   6.0430
#        1591       0.00592      5.89      2.00     4   6.0437
#        1592       0.00784      8.45      2.00     6   6.0434
#        1593       0.00822      7.98      2.00     6   6.0447
#        1594       0.00851     82.93      2.00     7   6.0449
#        1595       0.00485     17.98      2.00     7   6.0446
#        1597       0.00505     11.92      2.00     5   6.0463
#        1598       0.00508      4.48      2.00     3   6.0467
#        1600       0.00515     20.17      2.00     6   6.0477
#        1601       0.00546      7.68      2.00     5   6.0479
#        1602       0.00507      5.43      1.00     2   6.0490
#        1604       0.00908     14.96      2.00     7   6.0507
#        1605       0.00862     25.86      2.00     7   6.0513
#        1606       0.00734     10.95      2.00     3   6.0522
#        1607       0.01132     40.29      2.00     7   6.0517
#        1608       0.01085     11.94      2.00     7   6.0517
#        1610       0.00505     37.92      2.00     7   6.0540
#        1611       0.00883      6.40      2.00     6   6.0562
#        1612       0.00389      5.08      2.00     5   6.0577
#        1613       0.00809      6.08      2.00     6   6.0581
#        1614       0.00852     17.79      2.00     7   6.0580
#        1615       0.01156     39.54      2.00     7   6.0580
#        1616       0.00502     20.16      2.00     6   6.0603
#        1617       0.00807      7.34      2.00     6   6.0611
#        1619       0.01019     26.31      2.00     7   6.0620
#        1620       0.01022      4.26      2.00     6   6.0622
#        1621       0.00547     14.22      2.00     6   6.0620
#        1623       0.00850     11.18      2.00     6   6.0643
#        1625       0.00845      4.95      2.00     6   6.0650
#        1626       0.00809      5.87      2.00     6   6.0658
#        1627       0.00585     12.92      2.00     6   6.0657
#        1628       0.00938      5.85      2.00     6   6.0659
#        1629       0.00454     26.99      2.00     5   6.0667
#        1630       0.00971      5.73      2.00     6   6.0664
#        1631       0.00539     23.64      2.00     7   6.0670
#        1632       0.00534     10.61      2.00     5   6.0691
#        1633       0.00859      7.24      2.00     6   6.0688
#        1634       0.00890     13.83      2.00     7   6.0708
#        1635       0.01240     74.84      2.00     7   6.0711
#        1636       0.00683      4.94      2.00     6   6.0716
#        1637       0.00853      4.72      2.00     6   6.0720
#        1638       0.01127      5.44      2.00     6   6.0720
#        1639       0.00524      5.58      2.00     4   6.0729
#        1641       0.00874      5.19      2.00     6   6.0738
#        1642       0.00531      6.20      2.00     4   6.0745
#        1645       0.00931     18.88      2.00     7   6.0776
#        1646       0.00863     21.97      2.00     7   6.0784
#        1647       0.01428      4.25      2.00     7   6.0781
#        1649       0.00992      9.64      2.00     6   6.0819
#        1650       0.00830      6.09      2.00     6   6.0820
#        1651       0.00976     17.39      2.00     7   6.0821
#        1652       0.00730      5.15      2.00     6   6.0829
#        1653       0.01226     22.54      2.00     6   6.0831
#        1654       0.00927      6.20      2.00     6   6.0834
#        1655       0.00603      7.96      2.00     5   6.0840
#        1659       0.00608      4.08      2.00     5   6.0857
#        1660       0.00859      7.95      2.00     7   6.0861
#        1662       0.00506      4.46      2.00     5   6.0865
#        1663       0.00806     17.64      2.00     7   6.0865
#        1664       0.00471      8.48      2.00     4   6.0868
#        1665       0.00498      4.22      2.00     4   6.0875
#        1669       0.00938      4.57      2.00     5   6.0884
#        1670       0.00910     84.50      2.00     7   6.0890
#        1674       0.00468     30.11      2.00     6   6.0899
#        1675       0.00590     36.82      2.00     6   6.0899
#        1677       0.00627      6.83      2.00     7   6.0917
#        1678       0.00937     14.94      2.00     7   6.0941
#        1679       0.00834     21.77      2.00     7   6.0950
#        1680       0.00678     26.65      2.00     7   6.0950
#        1682       0.00484      5.46      2.00     6   6.0957
#        1683       0.01577      5.52      2.00     6   6.0953
#        1684       0.00501     16.76      2.00     7   6.0958
#        1685       0.00532      8.89      2.00     5   6.0963
#        1687       0.00551     12.00      2.00     5   6.0979
#        1688       0.00990     12.47      2.00     7   6.0985
#        1689       0.00458     53.17      2.00     6   6.0993
#        1691       0.00912     18.22      2.00     7   6.1007
#        1692       0.01216     40.95      2.00     7   6.1007
#        1697       0.00822      8.78      2.00     6   6.1041
#        1698       0.01489      5.44      2.00     7   6.1048
#        1699       0.01034     18.59      2.00     7   6.1053
#        1700       0.00539     11.48      2.00     5   6.1055
#        1701       0.00975     12.62      2.00     7   6.1068
#        1702       0.00532      9.63      2.00     5   6.1071
#        1703       0.00847     10.19      2.00     7   6.1080
#        1704       0.00705      6.29      2.00     5   6.1086
#        1705       0.00841      6.13      2.00     6   6.1092
#        1706       0.00595      4.32      2.00     4   6.1097
#        1707       0.00560      6.31      2.00     3   6.1105
#        1710       0.00385      4.39      2.00     4   6.1121
#        1711       0.00723      4.94      2.00     6   6.1124
#        1712       0.00992      9.58      2.00     6   6.1125
#        1713       0.01370     65.48      2.00     7   6.1124
#        1714       0.00586      5.81      2.00     6   6.1130
#        1715       0.00568      6.88      2.00     5   6.1129
#        1716       0.00891      6.20      2.00     6   6.1134
#        1718       0.00462     36.08      2.00     6   6.1137
#        1719       0.01459      5.66      2.00     7   6.1148
#        1720       0.01171      4.20      2.00     5   6.1159
#        1721       0.01085      4.41      2.00     5   6.1168
#        1722       0.00527      5.53      2.00     4   6.1179
#        1723       0.01441     19.80      2.00     7   6.1186
#        1724       0.00628      9.70      2.00     5   6.1190
#        1725       0.00949      4.48      2.00     5   6.1193
#        1726       0.00889      5.99      2.00     6   6.1204
#        1727       0.00566     16.22      2.00     7   6.1222
#        1728       0.00807     12.38      2.00     7   6.1219
#        1729       0.00458     93.64      2.00     7   6.1227
#        1731       0.00480      6.46      2.00     5   6.1247
#        1734       0.00397      4.05      2.00     6   6.1265
#        1735       0.00584      6.75      2.00     6   6.1265
#        1736       0.00577      7.92      2.00     6   6.1265
#        1737       0.01295      5.40      2.00     5   6.1268
#        1738       0.00490      4.24      2.00     6   6.1271
#        1740       0.00521      9.32      2.00     4   6.1272
#        1742       0.00544      6.05      2.00     6   6.1285
#        1743       0.00543     18.60      2.00     6   6.1289
#        1744       0.00937     12.80      2.00     7   6.1289
#        1745       0.00983      7.75      2.00     5   6.1299
#        1748       0.01084      8.85      2.00     6   6.1302
#        1749       0.00524      4.28      2.00     4   6.1307
#        1751       0.00553     19.02      2.00     6   6.1305
#        1752       0.00970      7.88      2.00     5   6.1312
#        1753       0.00457     20.02      2.00     5   6.1316
#        1754       0.00840      4.27      2.00     6   6.1316
#        1755       0.00624      6.45      2.00     5   6.1320
#        1757       0.00891     11.67      2.00     7   6.1345
#        1758       0.00433      5.23      1.00     2   6.1354
#        1759       0.00335      4.81      2.00     7   6.1358
#        1760       0.00881      4.66      2.00     6   6.1361
#        1761       0.00574     12.47      2.00     6   6.1363
#        1762       0.00840     17.97      2.00     7   6.1366
#        1763       0.01531      4.63      2.00     6   6.1374
#        1764       0.00935     18.77      2.00     7   6.1373
#        1767       0.00533      9.39      1.00     6   6.1391
#        1768       0.00692     26.20      2.00     7   6.1393
#        1769       0.00635      5.22      2.00     5   6.1395
#        1772       0.01434      7.14      2.00     5   6.1404
#        1773       0.01368      6.45      2.00     6   6.1408
#        1775       0.00884      4.54      2.00     6   6.1419
#        1776       0.00850      7.09      2.00     7   6.1420
#        1779       0.00848      6.78      2.00     7   6.1434
#        1780       0.01104      5.13      2.00     6   6.1443
#        1783       0.00768      6.53      2.00     5   6.1463
#        1784       0.00706      7.52      2.00     3   6.1464
#        1786       0.00687      5.15      2.00     3   6.1479
#        1787       0.01607      7.26      2.00     7   6.1486
#        1789       0.01130      6.67      2.00     6   6.1493
#        1790       0.00497      5.78      2.00     4   6.1501
#        1792       0.00592      6.06      2.00     6   6.1498
#        1794       0.01715      9.55      2.00     7   6.1503
#        1795       0.00418      5.26      2.00     5   6.1511
#        1796       0.00929      5.53      2.00     6   6.1510
#        1797       0.02840      7.45      2.00     7   6.1513
#        1799       0.00497      9.95      2.00     5   6.1522
#        1800       0.00948      4.78      2.00     7   6.1525
#        1801       0.00971     18.87      2.00     7   6.1524
#        1802       0.01042      8.07      2.00     7   6.1524
#        1803       0.00761      9.58      2.00     6   6.1541
#        1804       0.01036     18.57      2.00     7   6.1555
#        1805       0.00899      9.28      2.00     7   6.1564
#        1807       0.00944      5.15      2.00     5   6.1597
#        1808       0.00885      7.38      2.00     7   6.1595
#        1809       0.00611      4.87      2.00     4   6.1602
#        1810       0.01064      9.56      2.00     5   6.1611
#        1812       0.00394     10.49      2.00     6   6.1635
#        1813       0.01789      8.28      2.00     7   6.1634
#        1815       0.00987      4.30      2.00     6   6.1643
#        1816       0.00648     10.38      1.00     4   6.1649
#        1818       0.00531      7.48      2.00     7   6.1653
#        1819       0.00580      6.45      2.00     6   6.1653
#        1820       0.00693     26.24      2.00     7   6.1666
#        1821       0.00712     45.27      2.00     7   6.1666
#        1822       0.00728      5.31      2.00     4   6.1671
#        1823       0.00491      4.32      2.00     4   6.1668
#        1824       0.00427     10.41      2.00     3   6.1707
#        1826       0.00787     22.85      2.00     5   6.1720
#        1827       0.01026     18.37      2.00     6   6.1729
#        1828       0.01502      6.45      2.00     6   6.1734
#        1829       0.00578     22.20      2.00     7   6.1737
#        1831       0.00889      9.15      2.00     7   6.1745
#        1832       0.00618      5.24      2.00     4   6.1773
#        1833       0.01112      6.29      2.00     6   6.1785
#        1836       0.01055      5.68      2.00     7   6.1797
#        1837       0.00817     22.30      2.00     7   6.1797
#        1838       0.00505      4.95      2.00     4   6.1799
#        1840       0.01100      8.04      2.00     5   6.1817
#        1841       0.01539      5.24      2.00     7   6.1813
#        1842       0.00527      4.58      2.00     6   6.1829
#        1844       0.01648      6.28      2.00     7   6.1831
#        1849       0.01483     10.78      2.00     7   6.1838
#        1851       0.01106     20.42      2.00     6   6.1845
#        1852       0.01359      6.02      2.00     6   6.1863
#        1854       0.01048     10.97      2.00     7   6.1871
#        1857       0.01099      8.71      2.00     6   6.1885
#        1859       0.01041      9.77      2.00     6   6.1895
#        1861       0.00821     10.14      2.00     7   6.1906
#        1864       0.00888     13.63      2.00     7   6.1909
#        1865       0.00849     12.27      2.00     7   6.1906
#        1867       0.00888     15.40      2.00     7   6.1918
#        1868       0.00986      6.04      2.00     6   6.1922
#        1870       0.00908     12.08      2.00     7   6.1937
#        1871       0.01180      5.52      2.00     6   6.1957
#        1872       0.01775      5.60      2.00     7   6.1962
#        1873       0.00850      7.23      2.00     7   6.1972
#        1875       0.00842     14.23      2.00     7   6.1987
#        1876       0.00539      5.70      2.00     3   6.2001
#        1878       0.00437      5.74      1.00     4   6.2059
#        1880       0.00883      4.16      2.00     6   6.2075
#        1881       0.01437      9.65      2.00     6   6.2079
#        1883       0.00513     67.85      2.00     7   6.2081
#        1884       0.00938      5.28      2.00     6   6.2083
#        1885       0.01525      5.29      2.00     6   6.2088
#        1886       0.00931      7.10      2.00     6   6.2091
#        1887       0.00467      4.63      2.00     5   6.2097
#        1888       0.01062     10.73      2.00     6   6.2098
#        1889       0.01171      8.45      2.00     6   6.2098
#        1891       0.01283      5.06      2.00     6   6.2118
#        1895       0.01559      5.35      2.00     6   6.2134
#        1896       0.00831      6.38      2.00     7   6.2130
#        1897       0.01093     10.72      2.00     7   6.2130
#        1898       0.01125     18.41      2.00     6   6.2143
#        1904       0.01834      4.49      2.00     7   6.2184
#        1906       0.00700      4.71      2.00     7   6.2188
#        1907       0.01378      9.07      2.00     7   6.2192
#        1908       0.00589      6.85      2.00     6   6.2195
#        1911       0.00671      7.67      2.00     7   6.2233
#        1913       0.00530      4.61      2.00     5   6.2242
#        1914       0.01007      8.12      2.00     6   6.2246
#        1916       0.00892      6.76      2.00     7   6.2255
#        1917       0.00644      5.27      2.00     3   6.2268
#        1918       0.00493      4.11      2.00     4   6.2265
#        1919       0.01101      7.19      2.00     6   6.2268
#        1920       0.01048      4.78      2.00     6   6.2271
#        1922       0.00890      6.04      2.00     7   6.2285
#        1923       0.00899      8.22      2.00     7   6.2291
#        1925       0.01681      4.27      2.00     7   6.2298
#        1926       0.01710      6.52      2.00     7   6.2301
#        1927       0.01544     15.03      2.00     7   6.2324
#        1928       0.01012     12.11      2.00     7   6.2324
#        1929       0.00534      6.32      2.00     6   6.2329
#        1931       0.01409      5.91      2.00     6   6.2338
#        1936       0.00483     10.01      2.00     7   6.2369
#        1937       0.01298      9.00      2.00     7   6.2387
#        1939       0.01018      7.26      2.00     5   6.2410
#        1940       0.00885      5.08      2.00     6   6.2419
#        1941       0.00878      7.67      2.00     7   6.2419
#        1942       0.01341      7.32      2.00     6   6.2426
#        1944       0.00873     13.85      2.00     7   6.2449
#        1945       0.00893      7.12      2.00     7   6.2471
#        1946       0.01610      6.14      2.00     6   6.2484
#        1947       0.00616      6.67      2.00     5   6.2499
#        1948       0.00759      5.37      2.00     5   6.2519
#        1952       0.01232      8.14      2.00     7   6.2530
#        1953       0.01088     11.43      2.00     7   6.2528
#        1954       0.00636      5.28      2.00     5   6.2540
#        1957       0.01352      4.17      2.00     5   6.2549
#        1958       0.01538      9.35      2.00     7   6.2548
#        1959       0.00893      4.26      2.00     5   6.2561
#        1961       0.01043      5.69      2.00     6   6.2574
#        1962       0.00538     46.55      2.00     7   6.2573
#        1963       0.00395      4.20      2.00     4   6.2586
#        1966       0.00969     18.06      2.00     7   6.2596
#        1967       0.01075     15.61      2.00     7   6.2600
#        1968       0.00472      5.03      2.00     5   6.2612
#        1969       0.00875     12.92      2.00     7   6.2610
#        1971       0.00901      5.98      2.00     7   6.2615
#        1972       0.00529      4.02      2.00     5   6.2633
#        1974       0.00509      5.18      2.00     5   6.2636
#        1976       0.02847      7.05      2.00     7   6.2650
#        1981       0.00450     14.45      2.00     7   6.2665
#        1982       0.01595     10.02      2.00     7   6.2664
#        1983       0.00445      5.10      2.00     5   6.2670
#        1984       0.00883     13.10      2.00     7   6.2667
#        1985       0.00544      9.85      2.00     6   6.2673
#        1986       0.00442      7.20      2.00     4   6.2680
#        1987       0.01563     12.20      2.00     7   6.2678
#        1988       0.01065      4.97      2.00     6   6.2683
#        1990       0.00871      4.16      2.00     5   6.2696
#        1991       0.01008      6.34      2.00     5   6.2708
#        1992       0.00433      7.14      2.00     4   6.2709
#        1993       0.00398      6.04      2.00     4   6.2710
#        1994       0.01034     22.70      2.00     7   6.2714
#        1995       0.00882      8.01      2.00     7   6.2712
#        1996       0.00684     13.81      2.00     6   6.2715
#        1997       0.00872      9.74      2.00     7   6.2714
#        1998       0.00570      5.41      2.00     4   6.2733
#        2001       0.01257     13.13      2.00     7   6.2741
#        2002       0.01094      9.07      2.00     7   6.2741
#        2005       0.00666      4.02      2.00     6   6.2750
#        2006       0.00877      6.24      2.00     7   6.2766
#        2008       0.00649     11.61      2.00     6   6.2770
#        2009       0.00524      5.63      2.00     4   6.2779
#        2010       0.00788      8.48      2.00     6   6.2778
#        2013       0.00764      4.37      2.00     7   6.2798
#        2014       0.01246      7.95      2.00     6   6.2804
#        2015       0.00601      6.93      2.00     5   6.2807
#        2016       0.00707     13.17      2.00     6   6.2818
#        2017       0.00464      5.14      2.00     4   6.2823
#        2021       0.00890      5.67      2.00     5   6.2843
#        2023       0.00900      7.47      2.00     7   6.2844
#        2024       0.01460      5.78      2.00     5   6.2848
#        2025       0.01343      4.85      2.00     6   6.2849
#        2026       0.00752      4.83      2.00     7   6.2852
#        2027       0.01122     29.56      2.00     7   6.2855
#        2028       0.01403      6.03      2.00     6   6.2882
#        2029       0.01187     21.57      2.00     7   6.2882
#        2030       0.00920      8.74      2.00     7   6.2883
#        2032       0.01671      8.74      2.00     6   6.2896
#        2033       0.01273      7.16      2.00     7   6.2902
#        2034       0.00543      9.15      2.00     6   6.2909
#        2035       0.00466     12.30      2.00     5   6.2914
#        2037       0.01098      8.58      2.00     6   6.2914
#        2039       0.00459      7.00      2.00     4   6.2923
#        2040       0.00445      4.66      2.00     4   6.2923
#        2045       0.00416      8.84      2.00     5   6.2941
#        2046       0.00517      4.36      2.00     3   6.2946
#        2047       0.00525      5.45      2.00     4   6.2950
#        2048       0.00557      8.38      2.00     6   6.2946
#        2049       0.01574      7.02      2.00     6   6.2946
#        2050       0.01358      5.68      2.00     7   6.2945
#        2054       0.01058      5.94      2.00     6   6.2970
#        2055       0.00789     13.14      2.00     6   6.2966
#        2056       0.00606     11.64      2.00     7   6.2969
#        2057       0.00571      5.28      2.00     4   6.2980
#        2059       0.00797      4.57      2.00     5   6.2981
#        2060       0.00801      4.46      2.00     5   6.2981
#        2063       0.00991      7.67      2.00     6   6.3004
#        2064       0.00620      4.79      1.00     2   6.3024
#        2065       0.00449      6.19      2.00     5   6.3024
#        2066       0.01651      4.82      2.00     6   6.3024
#        2067       0.00444     14.54      2.00     5   6.3035
#        2068       0.00545     22.87      2.00     7   6.3037
#        2069       0.00770      6.99      2.00     7   6.3039
#        2070       0.00997      4.09      2.00     7   6.3045
#        2072       0.01434      6.82      2.00     6   6.3044
#        2076       0.00453      4.59      2.00     4   6.3067
#        2077       0.00815      5.91      2.00     5   6.3073
#        2080       0.01184     11.55      2.00     7   6.3104
#        2083       0.00397      5.28      2.00     4   6.3121
#        2084       0.00982      4.72      2.00     5   6.3120
#        2086       0.00937      5.84      2.00     7   6.3126
#        2087       0.01659     14.04      2.00     7   6.3123
#        2088       0.00540      6.77      2.00     5   6.3129
#        2089       0.00990      5.10      2.00     6   6.3132
#        2090       0.01513      7.70      2.00     6   6.3132
#        2092       0.00977      5.22      2.00     7   6.3138
#        2093       0.00572     14.18      2.00     6   6.3150
#        2094       0.00433      5.48      2.00     5   6.3155
#        2095       0.00951      5.51      2.00     7   6.3156
#        2096       0.00408     13.46      2.00     5   6.3158
#        2097       0.00466     11.54      2.00     5   6.3157
#        2099       0.01646      8.91      2.00     7   6.3175
#        2100       0.00480     10.09      2.00     5   6.3178
#        2101       0.01005      5.03      2.00     7   6.3182
#        2103       0.00563      4.16      2.00     7   6.3191
#        2104       0.00431      6.59      2.00     3   6.3196
#        2105       0.01016     27.40      2.00     7   6.3200
#        2106       0.01421      8.07      2.00     7   6.3204
#        2108       0.00551     10.88      2.00     5   6.3204
#        2109       0.01410      6.36      2.00     6   6.3213
#        2110       0.00707      5.08      2.00     5   6.3216
#        2112       0.00960      5.26      2.00     6   6.3230
#        2113       0.00480      9.68      2.00     5   6.3249
#        2115       0.01194      4.23      2.00     6   6.3262
#        2116       0.01192      7.59      2.00     6   6.3262
#        2117       0.00471     25.65      2.00     6   6.3269
#        2118       0.00513      5.31      2.00     5   6.3296
#        2120       0.00823      4.53      2.00     5   6.3335
#        2121       0.00827      4.52      2.00     5   6.3335
#        2122       0.01014     23.83      2.00     7   6.3331
#        2123       0.01512      8.69      2.00     7   6.3332
#        2124       0.00497     18.62      2.00     7   6.3339
#        2128       0.00449     10.32      2.00     4   6.3380
#        2129       0.00571      4.73      2.00     5   6.3381
#        2130       0.00476      6.52      2.00     5   6.3392
#        2131       0.01352     28.93      2.00     7   6.3391
#        2132       0.01293      8.05      2.00     7   6.3390
#        2133       0.00670      6.36      2.00     3   6.3399
#        2134       0.00572      5.61      1.00     6   6.3401
#        2135       0.00580      4.79      1.00     2   6.3413
#        2136       0.00632      4.45      2.00     3   6.3412
#        2137       0.00798      7.60      2.00     6   6.3411
#        2138       0.00903      6.66      2.00     6   6.3420
#        2139       0.01056     22.67      2.00     7   6.3427
#        2140       0.01419      7.46      2.00     7   6.3431
#        2141       0.00517      9.91      2.00     5   6.3442
#        2142       0.00696      6.42      2.00     5   6.3447
#        2143       0.00689     12.79      2.00     6   6.3449
#        2144       0.00970      7.68      2.00     6   6.3456
#        2145       0.01865      5.08      2.00     6   6.3459
#        2147       0.00406      5.86      2.00     4   6.3463
#        2151       0.00593      4.14      2.00     7   6.3464
#        2152       0.00924      4.10      2.00     7   6.3463
#        2154       0.01003      5.22      2.00     6   6.3469
#        2155       0.00489     16.78      2.00     6   6.3483
#        2156       0.00661      4.64      2.00     4   6.3492
#        2157       0.01122     11.20      2.00     6   6.3491
#  1660/2000 paths used
#  xsedge+50, used to normalize mu           1.0000E+00
#  -----------------------------------------------------------------------
#  omega    e    k    mu    mu0     chi     @#
    9725.667   -205.882  -7.200 -1.49130E-06 -2.15786E-06  1.98501E-06
    9728.401   -203.148  -7.150 -4.07294E-06 -4.86861E-06  2.06191E-06
    9731.116   -200.434  -7.100 -6.65458E-06 -7.57935E-06  2.13574E-06
    9733.811   -197.738  -7.050 -9.23621E-06 -1.02901E-05  2.20808E-06
    9736.488   -195.062  -7.000 -1.18179E-05 -1.30008E-05  2.28254E-06
    9739.145   -192.404  -6.950 -1.43995E-05 -1.57116E-05  2.36237E-06
    9741.784   -189.766  -6.900 -1.69811E-05 -1.84223E-05  2.44819E-06
    9744.403   -187.146  -6.850 -1.93635E-05 -2.10643E-05  2.55794E-06
    9747.003   -184.546  -6.800 -2.15201E-05 -2.36284E-05  2.69179E-06
    9749.585   -181.965  -6.750 -2.36768E-05 -2.61926E-05  2.82420E-06
    9752.147   -179.403  -6.700 -2.58334E-05 -2.87567E-05  2.95496E-06
    9754.690   -176.859  -6.650 -2.79901E-05 -3.13209E-05  3.08685E-06
    9757.214   -174.335  -6.600 -3.01467E-05 -3.38850E-05  3.22409E-06
    9759.719   -171.830  -6.550 -3.23034E-05 -3.64491E-05  3.36973E-06
    9762.205   -169.344  -6.500 -3.44601E-05 -3.90133E-05  3.52366E-06
    9764.672   -166.877  -6.450 -3.57976E-05 -4.14818E-05  3.72242E-06
    9767.120   -164.429  -6.400 -3.66048E-05 -4.38885E-05  3.95042E-06
    9769.549   -162.001  -6.350 -3.74119E-05 -4.62952E-05  4.17945E-06
    9771.959   -159.591  -6.300 -3.82191E-05 -4.87019E-05  4.40927E-06
    9774.350   -157.200  -6.250 -3.90262E-05 -5.11085E-05  4.64281E-06
    9776.721   -154.828  -6.200 -3.98334E-05 -5.35152E-05  4.88475E-06
    9779.074   -152.476  -6.150 -4.06406E-05 -5.59219E-05  5.13897E-06
    9781.408   -150.142  -6.100 -4.14477E-05 -5.83286E-05  5.40629E-06
    9783.722   -147.827  -6.050 -4.02992E-05 -6.06954E-05  5.74579E-06
    9786.018   -145.532  -6.000 -3.28276E-05 -6.29331E-05  6.30267E-06
    9788.294   -143.255  -5.950 -2.53560E-05 -6.51709E-05  6.87918E-06
    9790.552   -140.998  -5.900 -1.78844E-05 -6.74087E-05  7.47295E-06
    9792.790   -138.760  -5.850 -1.04128E-05 -6.96465E-05  8.08523E-06
    9795.009   -136.540  -5.800 -2.94127E-06 -7.18843E-05  8.72061E-06
    9797.209   -134.340  -5.750  4.53031E-06 -7.41220E-05  9.38499E-06
    9799.391   -132.159  -5.700  1.20019E-05 -7.63598E-05  1.00827E-05
    9801.553   -129.997  -5.650  1.94735E-05 -7.85976E-05  1.08141E-05
    9803.696   -127.854  -5.600  1.01627E-04 -8.07908E-05  1.24504E-05
    9805.820   -125.730  -5.550  4.16508E-04 -8.28453E-05  1.72309E-05
    9807.925   -123.624  -5.500  7.31389E-04 -8.48997E-05  2.26532E-05
    9810.011   -121.539  -5.450  1.04627E-03 -8.69541E-05  2.87007E-05
    9812.078   -119.472  -5.400  1.36115E-03 -8.90086E-05  3.53619E-05
    9814.126   -117.424  -5.350  1.67603E-03 -9.10630E-05  4.26317E-05
    9816.155   -115.395  -5.300  1.99091E-03 -9.31174E-05  5.05096E-05
    9818.164   -113.385  -5.250  2.30579E-03 -9.51719E-05  5.89931E-05
    9820.155   -111.394  -5.200  2.62068E-03 -9.72263E-05  6.80712E-05
    9822.127   -109.423  -5.150  2.93556E-03 -9.92807E-05  7.77211E-05
    9824.079   -107.470  -5.100  3.07463E-03 -1.01241E-04  7.86259E-05
    9826.013   -105.537  -5.050  3.01007E-03 -1.03093E-04  6.89756E-05
    9827.927   -103.622  -5.000  2.94551E-03 -1.04945E-04  5.94232E-05
    9829.823   -101.727  -4.950  2.88094E-03 -1.06797E-04  4.99934E-05
    9831.699    -99.850  -4.900  2.81638E-03 -1.08649E-04  4.07155E-05
    9833.557    -97.993  -4.850  2.75182E-03 -1.10501E-04  3.16221E-05
    9835.395    -96.155  -4.800  2.68725E-03 -1.12353E-04  2.27472E-05
    9837.214    -94.335  -4.750  2.62269E-03 -1.14205E-04  1.41232E-05
    9839.015    -92.535  -4.700  2.55813E-03 -1.16057E-04  5.77765E-06
    9840.796    -90.754  -4.650  2.49356E-03 -1.17908E-04 -2.26851E-06
    9842.558    -88.992  -4.600  2.42900E-03 -1.19760E-04 -1.00017E-05
    9844.301    -87.249  -4.550  2.31050E-03 -1.21464E-04 -1.27418E-05
    9846.025    -85.525  -4.500  2.16245E-03 -1.23086E-04 -1.25410E-05
    9847.730    -83.820  -4.450  2.01440E-03 -1.24707E-04 -1.19749E-05
    9849.416    -82.134  -4.400  1.86635E-03 -1.26329E-04 -1.10791E-05
    9851.083    -80.467  -4.350  1.71830E-03 -1.27951E-04 -9.88137E-06
    9852.730    -78.819  -4.300  1.57025E-03 -1.29573E-04 -8.38898E-06
    9854.359    -77.190  -4.250  1.42219E-03 -1.31195E-04 -6.58275E-06
    9855.969    -75.581  -4.200  1.27414E-03 -1.32817E-04 -4.41953E-06
    9857.560    -73.990  -4.150  1.12609E-03 -1.34439E-04 -1.84394E-06
    9859.131    -72.418  -4.100  9.78040E-04 -1.36061E-04  1.19426E-06
    9860.684    -70.866  -4.050  8.29988E-04 -1.37683E-04  4.72226E-06
    9862.217    -69.332  -4.000  6.81936E-04 -1.39304E-04  8.73187E-06
    9863.732    -67.818  -3.950  5.84923E-04 -1.40825E-04  5.33976E-05
    9865.227    -66.322  -3.900  5.75660E-04 -1.42172E-04  1.79038E-04
    9866.704    -64.846  -3.850  5.66396E-04 -1.43519E-04  2.98588E-04
    9868.161    -63.389  -3.800  5.57132E-04 -1.44865E-04  3.80457E-04
    9869.599    -61.950  -3.750  5.47868E-04 -1.46212E-04  3.97296E-04
    9871.018    -60.531  -3.700  5.38605E-04 -1.47559E-04  3.33455E-04
    9872.419    -59.131  -3.650  5.29341E-04 -1.48905E-04  1.90355E-04
    9873.800    -57.750  -3.600  5.20077E-04 -1.50252E-04 -1.16945E-05
    9875.162    -56.388  -3.550  5.10814E-04 -1.51599E-04 -2.35948E-04
    9876.505    -55.045  -3.500  5.01550E-04 -1.52946E-04 -4.35746E-04
    9877.829    -53.721  -3.450  4.92286E-04 -1.54292E-04 -5.63945E-04
    9879.134    -52.416  -3.400  4.83022E-04 -1.55639E-04 -5.83372E-04
    9880.420    -51.130  -3.350  4.73759E-04 -1.56986E-04 -4.76025E-04
    9881.686    -49.863  -3.300  4.64495E-04 -1.58333E-04 -2.48906E-04
    9882.934    -48.615  -3.250  4.55231E-04 -1.59679E-04  6.50789E-05
    9884.163    -47.387  -3.200  4.52993E-04 -1.60723E-04  1.97010E-03
    9885.372    -46.177  -3.150  4.52473E-04 -1.61692E-04  6.07566E-03
    9886.563    -44.986  -3.100  4.51952E-04 -1.62662E-04  1.09924E-02
    9887.735    -43.815  -3.050  4.51432E-04 -1.63631E-04  1.51708E-02
    9888.887    -42.662  -3.000  4.50912E-04 -1.64601E-04  1.71596E-02
    9890.021    -41.529  -2.950  4.50392E-04 -1.65570E-04  1.59260E-02
    9891.135    -40.414  -2.900  4.49871E-04 -1.66540E-04  1.10438E-02
    9892.230    -39.319  -2.850  4.49351E-04 -1.67509E-04  2.75009E-03
    9893.307    -38.243  -2.800  4.48831E-04 -1.68479E-04 -8.08971E-03
    9894.364    -37.185  -2.750  4.48311E-04 -1.69448E-04 -2.00685E-02
    9895.402    -36.147  -2.700  4.47790E-04 -1.70418E-04 -3.13635E-02
    9896.421    -35.128  -2.650  4.47270E-04 -1.71387E-04 -3.99289E-02
    9897.422    -34.128  -2.600  4.46750E-04 -1.72357E-04 -4.37881E-02
    9898.403    -33.147  -2.550  4.46229E-04 -1.73326E-04 -4.14254E-02
    9899.365    -32.185  -2.500  4.45709E-04 -1.74295E-04 -3.22088E-02
    9900.308    -31.242  -2.450  4.45189E-04 -1.75265E-04 -1.67162E-02
    9901.232    -30.318  -2.400  4.44669E-04 -1.76234E-04  3.17391E-03
    9902.136    -29.413  -2.350  4.44148E-04 -1.77204E-04  2.45162E-02
    9903.022    -28.527  -2.300  4.43628E-04 -1.78173E-04  4.38373E-02
    9903.889    -27.661  -2.250  4.14312E-04 -1.78742E-04  4.08086E+01
    9904.737    -26.813  -2.200  3.78802E-04 -1.79224E-04  7.18894E+01
    9905.565    -25.984  -2.150  3.43292E-04 -1.79706E-04  4.38631E+01
    9906.375    -25.175  -2.100  3.07782E-04 -1.80188E-04 -4.10377E+01
    9907.166    -24.384  -2.050  2.72272E-04 -1.80670E-04 -1.34649E+02
    9907.937    -23.612  -2.000  2.36762E-04 -1.81152E-04 -1.75079E+02
    9908.690    -22.860  -1.950  2.01252E-04 -1.81634E-04 -1.30660E+02
    9909.423    -22.127  -1.900  1.65743E-04 -1.82116E-04 -2.49684E+01
    9910.137    -21.412  -1.850  1.30233E-04 -1.82598E-04  7.54799E+01
    9910.833    -20.717  -1.800  9.47227E-05 -1.83080E-04  1.04052E+02
    9911.509    -20.041  -1.750  5.92128E-05 -1.83562E-04  3.93414E+01
    9912.166    -19.383  -1.700  2.37029E-05 -1.84044E-04 -7.76000E+01
    9912.804    -18.745  -1.650 -1.18069E-05 -1.84526E-04 -1.66833E+02
    9913.423    -18.126  -1.600 -5.24342E-05 -1.84881E-04 -7.94665E+01
    9914.024    -17.526  -1.550 -9.47507E-05 -1.85001E-04  2.81134E+02
    9914.605    -16.945  -1.500 -1.22810E-04 -1.85054E-04  3.19206E+01
    9915.167    -16.383  -1.450 -1.27506E-04 -1.85033E-04 -1.69195E+01
    9915.709    -15.840  -1.400 -1.04610E-04 -1.84930E-04 -2.08955E+01
    9916.233    -15.316  -1.350 -5.96715E-05 -1.84737E-04 -2.07265E+01
    9916.738    -14.811  -1.300  6.82558E-07 -1.84443E-04 -1.93317E+01
    9917.224    -14.326  -1.250  7.15851E-05 -1.84035E-04 -1.68707E+01
    9917.691    -13.859  -1.200  1.49248E-04 -1.83501E-04 -1.31251E+01
    9918.138    -13.411  -1.150  2.30584E-04 -1.82820E-04 -7.69482E+00
    9918.567    -12.983  -1.100  3.12947E-04 -1.81974E-04 -1.96527E-01
    9918.977    -12.573  -1.050  3.94234E-04 -1.80937E-04  9.61741E+00
    9919.367    -12.182  -1.000  4.72808E-04 -1.79677E-04  1.85884E+01
    9919.739    -11.811  -0.950  5.47443E-04 -1.78158E-04  2.06493E+01
    9920.091    -11.459  -0.900  6.17482E-04 -1.76339E-04  1.39754E+01
    9920.424    -11.125  -0.850  6.82456E-04 -1.74160E-04  2.68497E+00
    9920.739    -10.811  -0.800  7.42290E-04 -1.71566E-04 -7.71470E+00
    9921.034    -10.516  -0.750  7.97085E-04 -1.68479E-04 -1.41380E+01
    9921.310    -10.239  -0.700  8.47029E-04 -1.64819E-04 -1.62276E+01
    9921.567     -9.982  -0.650  8.92621E-04 -1.60506E-04 -1.50857E+01
    9921.805     -9.744  -0.600  9.34108E-04 -1.55433E-04 -1.21415E+01
    9922.025     -9.525  -0.550  9.71988E-04 -1.49563E-04 -8.55086E+00
    9922.225     -9.325  -0.500  1.00659E-03 -1.42895E-04 -5.05490E+00
    9922.406     -9.144  -0.450  1.03821E-03 -1.35520E-04 -2.03267E+00
    9922.567     -8.982  -0.400  1.06700E-03 -1.27645E-04  3.87608E-01
    9922.710     -8.839  -0.350  1.09260E-03 -1.19613E-04  2.19772E+00
    9922.834     -8.715  -0.300  1.11510E-03 -1.11856E-04  3.50811E+00
    9922.939     -8.611  -0.250  1.13428E-03 -1.04800E-04  4.41483E+00
    9923.025     -8.525  -0.200  1.14977E-03 -9.88465E-05  5.00863E+00
    9923.091     -8.458  -0.150  1.17642E-03 -7.93473E-05  5.38110E+00
    9923.139     -8.411  -0.100  1.24394E-03 -1.51955E-05  5.53590E+00
    9923.168     -8.382  -0.050  1.31147E-03  4.89564E-05  5.67552E+00
    9923.177     -8.372   0.000  1.37853E-03  1.12647E-04  5.80005E+00
    9923.187     -8.363   0.050  1.40739E-03  1.15474E-04  5.90474E+00
    9923.215     -8.334   0.100  1.43344E-03  1.18301E-04  5.99611E+00
    9923.263     -8.287   0.150  1.45668E-03  1.21128E-04  6.07428E+00
    9923.329     -8.220   0.200  1.49544E-03  1.26456E-04  6.19539E+00
    9923.415     -8.134   0.250  1.52869E-03  1.33144E-04  6.27542E+00
    9923.520     -8.030   0.300  1.54324E-03  1.40969E-04  6.25753E+00
    9923.644     -7.906   0.350  1.52556E-03  1.49591E-04  6.08683E+00
    9923.787     -7.763   0.400  1.46483E-03  1.58630E-04  5.72300E+00
    9923.949     -7.601   0.450  1.35153E-03  1.67693E-04  5.13353E+00
    9924.130     -7.420   0.500  1.18380E-03  1.76438E-04  4.32099E+00
    9924.330     -7.220   0.550  9.66220E-04  1.84666E-04  3.31513E+00
    9924.549     -7.001   0.600  7.10754E-04  1.92260E-04  2.17447E+00
    9924.787     -6.763   0.650  4.36397E-04  1.99203E-04  9.83572E-01
    9925.044     -6.506   0.700  1.66379E-04  2.05496E-04 -1.60412E-01
    9925.320     -6.229   0.750 -7.41698E-05  2.11206E-04 -1.15780E+00
    9925.615     -5.934   0.800 -2.63488E-04  2.16375E-04 -1.92709E+00
    9925.930     -5.620   0.850 -3.86085E-04  2.21046E-04 -2.41504E+00
    9926.263     -5.286   0.900 -4.35208E-04  2.25256E-04 -2.60422E+00
    9926.616     -4.934   0.950 -4.12797E-04  2.29019E-04 -2.51081E+00
    9926.987     -4.562   1.000 -3.32110E-04  2.32375E-04 -2.19301E+00
    9927.378     -4.172   1.050 -2.09465E-04  2.35329E-04 -1.71780E+00
    9927.787     -3.762   1.100 -6.60044E-05  2.37898E-04 -1.16802E+00
    9928.216     -3.334   1.150  7.95100E-05  2.40090E-04 -6.14841E-01
    9928.663     -2.886   1.200  2.10678E-04  2.41921E-04 -1.19302E-01
    9929.130     -2.419   1.250  3.16061E-04  2.43408E-04  2.76985E-01
    9929.616     -1.934   1.300  3.90030E-04  2.44558E-04  5.54302E-01
    9930.121     -1.429   1.350  4.32410E-04  2.45388E-04  7.13012E-01
    9930.645     -0.905   1.400  4.47237E-04  2.45916E-04  7.68693E-01
    9931.188     -0.362   1.450  4.41098E-04  2.46160E-04  7.46189E-01
    9931.750      0.200   1.500  4.21620E-04  2.46134E-04  6.74039E-01
    9932.331      0.781   1.550  3.95931E-04  2.45866E-04  5.78870E-01
    9932.931      1.381   1.600  3.69698E-04  2.45368E-04  4.82053E-01
    9933.550      2.000   1.650  3.46629E-04  2.44666E-04  3.97657E-01
    9934.188      2.638   1.700  3.28419E-04  2.43779E-04  3.32253E-01
    9934.845      3.296   1.750  3.15106E-04  2.42731E-04  2.86153E-01
    9935.521      3.972   1.800  3.05644E-04  2.41534E-04  2.55449E-01
    9936.217      4.667   1.850  2.98495E-04  2.40208E-04  2.34169E-01
    9936.931      5.382   1.900  2.92201E-04  2.38773E-04  2.16515E-01
    9937.665      6.115   1.950  2.85706E-04  2.37245E-04  1.98171E-01
    9938.417      6.867   2.000  2.78509E-04  2.35639E-04  1.76967E-01
    9939.189      7.639   2.050  2.70613E-04  2.33958E-04  1.52772E-01
    9939.979      8.430   2.100  2.62398E-04  2.32216E-04  1.27037E-01
    9940.789      9.239   2.150  2.54296E-04  2.30362E-04  1.01785E-01
    9941.617     10.068   2.200  2.46659E-04  2.28338E-04  7.88270E-02
    9942.465     10.916   2.250  2.39761E-04  2.26180E-04  5.91726E-02
    9943.332     11.782   2.300  2.33906E-04  2.24087E-04  4.33357E-02
    9944.218     12.668   2.350  2.29812E-04  2.22900E-04  3.08728E-02
    9945.123     13.573   2.400  2.26766E-04  2.22441E-04  1.94928E-02
    9946.046     14.497   2.450  2.24048E-04  2.22446E-04  7.26161E-03
    9946.989     15.440   2.500  2.21125E-04  2.22745E-04 -7.37290E-03
    9947.951     16.402   2.550  2.17806E-04  2.23313E-04 -2.50896E-02
    9948.933     17.383   2.600  2.14156E-04  2.24162E-04 -4.55353E-02
    9949.933     18.383   2.650  2.10470E-04  2.25222E-04 -6.69591E-02
    9950.952     19.402   2.700  2.07178E-04  2.26403E-04 -8.69833E-02
    9951.990     20.441   2.750  2.05067E-04  2.27658E-04 -1.01904E-01
    9953.047     21.498   2.800  2.03512E-04  2.28172E-04 -1.10956E-01
    9954.124     22.574   2.850  2.01768E-04  2.28152E-04 -1.18610E-01
    9955.219     23.669   2.900  2.00006E-04  2.27832E-04 -1.25174E-01
    9956.333     24.784   2.950  1.98420E-04  2.27343E-04 -1.30312E-01
    9957.467     25.917   3.000  1.97188E-04  2.26760E-04 -1.33498E-01
    9958.619     27.070   3.050  1.96448E-04  2.26124E-04 -1.34254E-01
    9959.791     28.241   3.100  1.96332E-04  2.25466E-04 -1.32067E-01
    9960.982     29.432   3.150  1.96963E-04  2.24823E-04 -1.26524E-01
    9962.191     30.642   3.200  1.98437E-04  2.24223E-04 -1.17283E-01
    9963.420     31.870   3.250  2.00796E-04  2.23680E-04 -1.04195E-01
    9964.668     33.118   3.300  2.03987E-04  2.23181E-04 -8.74523E-02
    9965.935     34.385   3.350  2.07866E-04  2.22722E-04 -6.77224E-02
    9967.220     35.671   3.400  2.12203E-04  2.22303E-04 -4.60530E-02
    9968.525     36.976   3.450  2.16716E-04  2.21933E-04 -2.37896E-02
    9969.849     38.300   3.500  2.21106E-04  2.21613E-04 -2.31572E-03
    9971.192     39.643   3.550  2.25090E-04  2.21336E-04  1.71105E-02
    9972.554     41.005   3.600  2.28482E-04  2.21117E-04  3.35487E-02
    9973.936     42.386   3.650  2.31145E-04  2.20937E-04  4.64635E-02
    9975.336     43.786   3.700  2.33076E-04  2.20817E-04  5.57578E-02
    9976.755     45.205   3.750  2.34321E-04  2.20736E-04  6.17228E-02
    9978.193     46.644   3.800  2.35021E-04  2.20711E-04  6.49392E-02
    9979.651     48.101   3.850  2.35305E-04  2.20716E-04  6.61214E-02
    9981.127     49.577   3.900  2.35361E-04  2.20774E-04  6.60204E-02
    9982.622     51.073   3.950  2.35308E-04  2.20866E-04  6.52685E-02
    9984.137     52.587   4.000  2.35252E-04  2.20996E-04  6.43242E-02
    9985.670     54.121   4.050  2.35231E-04  2.21158E-04  6.33992E-02
    9987.223     55.673   4.100  2.35238E-04  2.21348E-04  6.24678E-02
    9988.795     57.245   4.150  2.35215E-04  2.21564E-04  6.12875E-02
    9990.385     58.836   4.200  2.35070E-04  2.21803E-04  5.94575E-02
    9991.995     60.445   4.250  2.34692E-04  2.22061E-04  5.65124E-02
    9993.624     62.074   4.300  2.33975E-04  2.22329E-04  5.20134E-02
    9995.271     63.722   4.350  2.32846E-04  2.22610E-04  4.56332E-02
    9996.938     65.389   4.400  2.31258E-04  2.22892E-04  3.72390E-02
    9998.624     67.075   4.450  2.29240E-04  2.23181E-04  2.69253E-02
   10000.329     68.780   4.500  2.26851E-04  2.23464E-04  1.50273E-02
   10002.053     70.504   4.550  2.24220E-04  2.23746E-04  2.09750E-03
   10003.796     72.247   4.600  2.21489E-04  2.24014E-04 -1.11691E-02
   10005.558     74.009   4.650  2.18836E-04  2.24267E-04 -2.39953E-02
   10007.340     75.790   4.700  2.16437E-04  2.24514E-04 -3.56366E-02
   10009.140     77.590   4.750  2.14431E-04  2.24738E-04 -4.54266E-02
   10010.959     79.410   4.800  2.12935E-04  2.24944E-04 -5.28724E-02
   10012.797     81.248   4.850  2.12012E-04  2.25124E-04 -5.76761E-02
   10014.655     83.105   4.900  2.11682E-04  2.25277E-04 -5.97564E-02
   10016.531     84.982   4.950  2.11925E-04  2.25409E-04 -5.92269E-02
   10018.427     86.877   5.000  2.12673E-04  2.25513E-04 -5.63713E-02
   10020.341     88.792   5.050  2.13829E-04  2.25586E-04 -5.15944E-02
   10022.275     90.725   5.100  2.15294E-04  2.25635E-04 -4.53691E-02
   10024.227     92.678   5.150  2.16943E-04  2.25653E-04 -3.82025E-02
   10026.199     94.649   5.200  2.18673E-04  2.25644E-04 -3.05703E-02
   10028.190     96.640   5.250  2.20381E-04  2.25602E-04 -2.28961E-02
   10030.200     98.650   5.300  2.21996E-04  2.25534E-04 -1.55212E-02
   10032.228    100.679   5.350  2.23466E-04  2.25444E-04 -8.68096E-03
   10034.276    102.727   5.400  2.24758E-04  2.25330E-04 -2.51071E-03
   10036.343    104.794   5.450  2.25869E-04  2.25195E-04  2.95817E-03
   10038.429    106.880   5.500  2.26806E-04  2.25036E-04  7.77440E-03
   10040.534    108.985   5.550  2.27596E-04  2.24857E-04  1.20390E-02
   10042.658    111.109   5.600  2.28276E-04  2.24664E-04  1.58810E-02
   10044.801    113.252   5.650  2.28869E-04  2.24456E-04  1.94210E-02
   10046.963    115.414   5.700  2.29405E-04  2.24241E-04  2.27427E-02
   10049.145    117.595   5.750  2.29883E-04  2.24012E-04  2.58717E-02
   10051.345    119.795   5.800  2.30295E-04  2.23773E-04  2.87608E-02
   10053.564    122.015   5.850  2.30622E-04  2.23532E-04  3.12923E-02
   10055.803    124.253   5.900  2.30826E-04  2.23289E-04  3.32892E-02
   10058.060    126.510   5.950  2.30860E-04  2.23047E-04  3.45393E-02
   10060.336    128.787   6.000  2.30672E-04  2.22801E-04  3.48230E-02
   10062.632    131.082   6.050  2.30230E-04  2.22564E-04  3.39400E-02
   10064.947    133.397   6.100  2.29494E-04  2.22328E-04  3.17535E-02
   10067.280    135.731   6.150  2.28465E-04  2.22104E-04  2.82076E-02
   10069.633    138.083   6.200  2.27146E-04  2.21885E-04  2.33479E-02
   10072.005    140.455   6.250  2.25580E-04  2.21676E-04  1.73402E-02
   10074.395    142.846   6.300  2.23829E-04  2.21476E-04  1.04593E-02
   10076.805    145.256   6.350  2.21982E-04  2.21291E-04  3.07418E-03
   10079.234    147.684   6.400  2.20130E-04  2.21114E-04 -4.38128E-03
   10081.682    150.132   6.450  2.18382E-04  2.20953E-04 -1.14498E-02
   10084.149    152.599   6.500  2.16831E-04  2.20803E-04 -1.77002E-02
   10086.635    155.085   6.550  2.15560E-04  2.20669E-04 -2.27748E-02
   10089.140    157.590   6.600  2.14622E-04  2.20546E-04 -2.64255E-02
   10091.664    160.115   6.650  2.14040E-04  2.20435E-04 -2.85412E-02
   10094.207    162.658   6.700  2.13806E-04  2.20334E-04 -2.91512E-02
   10096.769    165.220   6.750  2.13884E-04  2.20242E-04 -2.84058E-02
   10099.351    167.801   6.800  2.14223E-04  2.20161E-04 -2.65449E-02
   10101.951    170.402   6.850  2.14756E-04  2.20089E-04 -2.38532E-02
   10104.570    173.021   6.900  2.15420E-04  2.20027E-04 -2.06136E-02
   10107.209    175.659   6.950  2.16159E-04  2.19972E-04 -1.70725E-02
   10109.866    178.317   7.000  2.16924E-04  2.19919E-04 -1.34155E-02
   10112.543    180.993   7.050  2.17690E-04  2.19869E-04 -9.76296E-03
   10115.238    183.689   7.100  2.18444E-04  2.19823E-04 -6.18265E-03
   10117.953    186.403   7.150  2.19174E-04  2.19778E-04 -2.71042E-03
   10120.687    189.137   7.200  2.19868E-04  2.19728E-04  6.26364E-04
   10123.439    191.890   7.250  2.20524E-04  2.19681E-04  3.78891E-03
   10126.211    194.662   7.300  2.21122E-04  2.19628E-04  6.71806E-03
   10129.002    197.452   7.350  2.21648E-04  2.19572E-04  9.33666E-03
   10131.812    200.262   7.400  2.22075E-04  2.19507E-04  1.15596E-02
   10134.641    203.091   7.450  2.22388E-04  2.19433E-04  1.33104E-02
   10137.489    205.939   7.500  2.22579E-04  2.19355E-04  1.45351E-02
   10140.356    208.806   7.550  2.22634E-04  2.19262E-04  1.52104E-02
   10143.242    211.692   7.600  2.22562E-04  2.19164E-04  1.53455E-02
   10146.147    214.597   7.650  2.22363E-04  2.19050E-04  1.49753E-02
   10149.071    217.521   7.700  2.22052E-04  2.18924E-04  1.41506E-02
   10152.014    220.465   7.750  2.21643E-04  2.18788E-04  1.29292E-02
   10154.976    223.427   7.800  2.21141E-04  2.18634E-04  1.13657E-02
   10157.958    226.408   7.850  2.20570E-04  2.18474E-04  9.51206E-03
   10160.958    229.409   7.900  2.19931E-04  2.18298E-04  7.42101E-03
   10163.978    232.428   7.950  2.19243E-04  2.18111E-04  5.15050E-03
   10167.016    235.467   8.000  2.18516E-04  2.17908E-04  2.76984E-03
   10170.074    238.524   8.050  2.17777E-04  2.17697E-04  3.61834E-04
   10173.150    241.601   8.100  2.17038E-04  2.17472E-04 -1.98169E-03
   10176.246    244.696   8.150  2.16327E-04  2.17237E-04 -4.16237E-03
   10179.360    247.811   8.200  2.15663E-04  2.16993E-04 -6.08941E-03
   10182.494    250.945   8.250  2.15067E-04  2.16743E-04 -7.68790E-03
   10185.647    254.097   8.300  2.14540E-04  2.16480E-04 -8.90591E-03
   10188.819    257.269   8.350  2.14100E-04  2.16214E-04 -9.71995E-03
   10192.010    260.460   8.400  2.13745E-04  2.15945E-04 -1.01294E-02
   10195.219    263.670   8.450  2.13467E-04  2.15669E-04 -1.01537E-02
   10198.448    266.899   8.500  2.13265E-04  2.15392E-04 -9.82447E-03
   10201.696    270.147   8.550  2.13124E-04  2.15109E-04 -9.17834E-03
   10204.963    273.414   8.600  2.13049E-04  2.14831E-04 -8.25346E-03
   10208.250    276.700   8.650  2.13026E-04  2.14554E-04 -7.08791E-03
   10211.555    280.005   8.700  2.13046E-04  2.14278E-04 -5.72212E-03
   10214.879    283.329   8.750  2.13099E-04  2.14003E-04 -4.20209E-03
   10218.222    286.673   8.800  2.13180E-04  2.13735E-04 -2.58291E-03
   10221.585    290.035   8.850  2.13269E-04  2.13469E-04 -9.29347E-04
   10224.966    293.416   8.900  2.13355E-04  2.13208E-04  6.87281E-04
   10228.366    296.817   8.950  2.13428E-04  2.12958E-04  2.19386E-03
   10231.786    300.236   9.000  2.13466E-04  2.12713E-04  3.52357E-03
   10235.224    303.675   9.050  2.13463E-04  2.12476E-04  4.62466E-03
   10238.682    307.132   9.100  2.13409E-04  2.12244E-04  5.46641E-03
   10242.158    310.609   9.150  2.13311E-04  2.12025E-04  6.04104E-03
   10245.654    314.105   9.200  2.13164E-04  2.11811E-04  6.36178E-03
   10249.169    317.619   9.250  2.12976E-04  2.11605E-04  6.45592E-03
   10252.703    321.153   9.300  2.12758E-04  2.11409E-04  6.35599E-03
   10256.255    324.706   9.350  2.12513E-04  2.11222E-04  6.09032E-03
   10259.827    328.278   9.400  2.12246E-04  2.11044E-04  5.67696E-03
   10263.418    331.869   9.450  2.11954E-04  2.10870E-04  5.12137E-03
   10267.028    335.479   9.500  2.11644E-04  2.10710E-04  4.41995E-03
   10270.657    339.108   9.550  2.11301E-04  2.10547E-04  3.56777E-03
   10274.305    342.756   9.600  2.10938E-04  2.10396E-04  2.56807E-03
   10277.972    346.423   9.650  2.10551E-04  2.10247E-04  1.44135E-03
   10281.658    350.109   9.700  2.10151E-04  2.10102E-04  2.30428E-04
   10285.364    353.814   9.750  2.09753E-04  2.09963E-04 -1.00040E-03
   10289.088    357.538   9.800  2.09369E-04  2.09825E-04 -2.17199E-03
   10292.831    361.282   9.850  2.09015E-04  2.09687E-04 -3.20198E-03
   10296.594    365.044   9.900  2.08706E-04  2.09549E-04 -4.01840E-03
   10300.375    368.825   9.950  2.08452E-04  2.09410E-04 -4.57177E-03
   10304.175    372.626  10.000  2.08250E-04  2.09264E-04 -4.84282E-03
   10307.995    376.445  10.050  2.08108E-04  2.09121E-04 -4.84389E-03
   10311.834    380.284  10.100  2.08009E-04  2.08974E-04 -4.61380E-03
   10315.691    384.142  10.150  2.07945E-04  2.08824E-04 -4.20791E-03
   10319.568    388.018  10.200  2.07897E-04  2.08666E-04 -3.68606E-03
   10323.464    391.914  10.250  2.07853E-04  2.08499E-04 -3.10125E-03
   10327.378    395.829  10.300  2.07810E-04  2.08329E-04 -2.49238E-03
   10331.312    399.763  10.350  2.07765E-04  2.08156E-04 -1.88146E-03
   10335.265    403.715  10.400  2.07706E-04  2.07972E-04 -1.27659E-03
   10339.237    407.687  10.450  2.07641E-04  2.07782E-04 -6.77247E-04
   10343.228    411.678  10.500  2.07567E-04  2.07584E-04 -8.17585E-05
   10347.238    415.688  10.550  2.07489E-04  2.07384E-04  5.06841E-04
   10351.267    419.717  10.600  2.07397E-04  2.07174E-04  1.07744E-03
   10355.315    423.765  10.650  2.07289E-04  2.06956E-04  1.61092E-03
   10359.382    427.833  10.700  2.07167E-04  2.06737E-04  2.08333E-03
   10363.468    431.919  10.750  2.07017E-04  2.06507E-04  2.47027E-03
   10367.574    436.024  10.800  2.06844E-04  2.06277E-04  2.75153E-03
   10371.698    440.148  10.850  2.06639E-04  2.06039E-04  2.91470E-03
   10375.841    444.292  10.900  2.06400E-04  2.05792E-04  2.95603E-03
   10380.004    448.454  10.950  2.06141E-04  2.05549E-04  2.87986E-03
   10384.185    452.636  11.000  2.05854E-04  2.05301E-04  2.69631E-03
   10388.386    456.836  11.050  2.05546E-04  2.05051E-04  2.41879E-03
   10392.605    461.056  11.100  2.05216E-04  2.04794E-04  2.06145E-03
   10396.844    465.294  11.150  2.04873E-04  2.04538E-04  1.63859E-03
   10401.101    469.552  11.200  2.04523E-04  2.04285E-04  1.16452E-03
   10405.378    473.829  11.250  2.04161E-04  2.04027E-04  6.54545E-04
   10409.674    478.124  11.300  2.03797E-04  2.03771E-04  1.26486E-04
   10413.989    482.439  11.350  2.03438E-04  2.03519E-04 -3.98809E-04
   10418.323    486.773  11.400  2.03081E-04  2.03264E-04 -8.97607E-04
   10422.676    491.126  11.450  2.02741E-04  2.03014E-04 -1.34452E-03
   10427.047    495.498  11.500  2.02418E-04  2.02766E-04 -1.71506E-03
   10431.438    499.889  11.550  2.02115E-04  2.02518E-04 -1.98845E-03
   10435.849    504.299  11.600  2.01842E-04  2.02278E-04 -2.15040E-03
   10440.278    508.728  11.650  2.01595E-04  2.02039E-04 -2.19488E-03
   10444.726    513.176  11.700  2.01379E-04  2.01809E-04 -2.12545E-03
   10449.193    517.643  11.750  2.01180E-04  2.01575E-04 -1.95448E-03
   10453.679    522.130  11.800  2.01008E-04  2.01352E-04 -1.70131E-03
   10458.185    526.635  11.850  2.00846E-04  2.01127E-04 -1.38980E-03
   10462.709    531.159  11.900  2.00698E-04  2.00908E-04 -1.04495E-03
   10467.252    535.703  11.950  2.00559E-04  2.00697E-04 -6.89791E-04
   10471.815    540.265  12.000  2.00414E-04  2.00483E-04 -3.43183E-04
   10476.396    544.847  12.050  2.00271E-04  2.00275E-04 -1.80822E-05
   10480.997    549.447  12.100  2.00130E-04  2.00074E-04  2.78261E-04
   10485.616    554.067  12.150  1.99984E-04  1.99876E-04  5.43305E-04
   10490.255    558.706  12.200  1.99832E-04  1.99677E-04  7.77487E-04
   10494.913    563.363  12.250  1.99675E-04  1.99478E-04  9.81444E-04
   10499.590    568.040  12.300  1.99510E-04  1.99280E-04  1.15412E-03
   10504.285    572.736  12.350  1.99340E-04  1.99082E-04  1.29125E-03
   10509.000    577.451  12.400  1.99167E-04  1.98891E-04  1.38527E-03
   10513.734    582.185  12.450  1.98978E-04  1.98693E-04  1.42628E-03
   10518.487    586.938  12.500  1.98774E-04  1.98495E-04  1.40430E-03
   10523.259    591.710  12.550  1.98557E-04  1.98296E-04  1.31190E-03
   10528.050    596.501  12.600  1.98325E-04  1.98097E-04  1.14730E-03
   10532.860    601.311  12.650  1.98079E-04  1.97897E-04  9.15926E-04
   10537.689    606.140  12.700  1.97815E-04  1.97690E-04  6.31084E-04
   10542.538    610.988  12.750  1.97543E-04  1.97481E-04  3.13149E-04
   10547.405    615.855  12.800  1.97267E-04  1.97269E-04 -1.32358E-05
   10552.291    620.742  12.850  1.96987E-04  1.97051E-04 -3.22535E-04
   10557.197    625.647  12.900  1.96715E-04  1.96832E-04 -5.91901E-04
   10562.121    630.571  12.950  1.96451E-04  1.96610E-04 -8.04431E-04
   10567.064    635.515  13.000  1.96193E-04  1.96380E-04 -9.50754E-04
   10572.027    640.477  13.050  1.95940E-04  1.96143E-04 -1.02963E-03
   10577.008    645.459  13.100  1.95698E-04  1.95904E-04 -1.04635E-03
   10582.009    650.460  13.150  1.95463E-04  1.95662E-04 -1.01073E-03
   10587.029    655.479  13.200  1.95229E-04  1.95412E-04 -9.34130E-04
   10592.067    660.518  13.250  1.94993E-04  1.95155E-04 -8.27459E-04
   10597.125    665.576  13.300  1.94759E-04  1.94896E-04 -6.99349E-04
   10602.202    670.652  13.350  1.94528E-04  1.94636E-04 -5.56116E-04
   10607.298    675.748  13.400  1.94290E-04  1.94368E-04 -4.02245E-04
   10612.413    680.863  13.450  1.94052E-04  1.94099E-04 -2.41791E-04
   10617.547    685.997  13.500  1.93812E-04  1.93828E-04 -7.93866E-05
   10622.700    691.150  13.550  1.93572E-04  1.93557E-04  7.89176E-05
   10627.872    696.322  13.600  1.93323E-04  1.93279E-04  2.25765E-04
   10633.063    701.513  13.650  1.93068E-04  1.93000E-04  3.53403E-04
   10638.273    706.723  13.700  1.92809E-04  1.92721E-04  4.55075E-04
   10643.502    711.953  13.750  1.92543E-04  1.92442E-04  5.26450E-04
   10648.750    717.201  13.800  1.92272E-04  1.92163E-04  5.66375E-04
   10654.018    722.468  13.850  1.91994E-04  1.91883E-04  5.77149E-04
   10659.304    727.755  13.900  1.91712E-04  1.91604E-04  5.63708E-04
   10664.609    733.060  13.950  1.91428E-04  1.91326E-04  5.32417E-04
   10669.934    738.384  14.000  1.91148E-04  1.91054E-04  4.89127E-04
   10675.277    743.728  14.050  1.90861E-04  1.90777E-04  4.38146E-04
   10680.640    749.090  14.100  1.90580E-04  1.90507E-04  3.81484E-04
   10686.022    754.472  14.150  1.90298E-04  1.90238E-04  3.18832E-04
   10691.422    759.873  14.200  1.90019E-04  1.89971E-04  2.48574E-04
   10696.842    765.292  14.250  1.89743E-04  1.89711E-04  1.69019E-04
   10702.281    770.731  14.300  1.89467E-04  1.89452E-04  7.96279E-05
   10707.739    776.189  14.350  1.89190E-04  1.89193E-04 -1.78942E-05
   10713.215    781.666  14.400  1.88912E-04  1.88935E-04 -1.19562E-04
   10718.711    787.162  14.450  1.88643E-04  1.88685E-04 -2.19253E-04
   10724.226    792.677  14.500  1.88379E-04  1.88437E-04 -3.09957E-04
   10729.760    798.211  14.550  1.88117E-04  1.88189E-04 -3.84842E-04
   10735.313    803.764  14.600  1.87866E-04  1.87949E-04 -4.38519E-04
   10740.885    809.336  14.650  1.87621E-04  1.87709E-04 -4.67776E-04
   10746.477    814.927  14.700  1.87381E-04  1.87470E-04 -4.72106E-04
   10752.087    820.537  14.750  1.87146E-04  1.87231E-04 -4.53099E-04
   10757.716    826.166  14.800  1.86914E-04  1.86992E-04 -4.14246E-04
   10763.364    831.815  14.850  1.86688E-04  1.86756E-04 -3.59895E-04
   10769.032    837.482  14.900  1.86468E-04  1.86523E-04 -2.94496E-04
   10774.718    843.169  14.950  1.86245E-04  1.86287E-04 -2.21981E-04
   10780.423    848.874  15.000  1.86027E-04  1.86054E-04 -1.45381E-04
   10786.148    854.598  15.050  1.85803E-04  1.85816E-04 -6.68118E-05
   10791.892    860.342  15.100  1.85579E-04  1.85577E-04  1.23858E-05
   10797.654    866.105  15.150  1.85362E-04  1.85345E-04  9.12846E-05
   10803.436    871.886  15.200  1.85136E-04  1.85105E-04  1.68916E-04
   10809.236    877.687  15.250  1.84904E-04  1.84859E-04  2.43911E-04
   10815.056    883.507  15.300  1.84674E-04  1.84616E-04  3.14119E-04
   10820.895    889.346  15.350  1.84439E-04  1.84369E-04  3.76475E-04
   10826.753    895.203  15.400  1.84199E-04  1.84121E-04  4.27040E-04
   10832.630    901.080  15.450  1.83954E-04  1.83869E-04  4.61274E-04
   10838.526    906.976  15.500  1.83697E-04  1.83610E-04  4.74545E-04
   10844.441    912.891  15.550  1.83435E-04  1.83350E-04  4.62838E-04
   10850.375    918.825  15.600  1.83168E-04  1.83090E-04  4.23641E-04
   10856.328    924.778  15.650  1.82888E-04  1.82823E-04  3.56635E-04
   10862.300    930.751  15.700  1.82607E-04  1.82559E-04  2.64230E-04
   10868.291    936.742  15.750  1.82311E-04  1.82284E-04  1.51906E-04
   10874.302    942.752  15.800  1.82016E-04  1.82011E-04  2.77096E-05
   10880.331    948.781  15.850  1.81714E-04  1.81732E-04 -9.84659E-05
   10886.379    954.830  15.900  1.81413E-04  1.81452E-04 -2.16128E-04
   10892.447    960.897  15.950  1.81115E-04  1.81173E-04 -3.15616E-04
   10898.533    966.983  16.000  1.80814E-04  1.80885E-04 -3.89377E-04
   10904.638    973.089  16.050  1.80523E-04  1.80601E-04 -4.33161E-04
   10910.763    979.214  16.100  1.80232E-04  1.80312E-04 -4.46350E-04
   10916.907    985.357  16.150  1.79947E-04  1.80025E-04 -4.31719E-04
   10923.069    991.520  16.200  1.79665E-04  1.79736E-04 -3.94700E-04
   10929.251    997.701  16.250  1.79385E-04  1.79447E-04 -3.42128E-04
   10935.452   1003.902  16.300  1.79105E-04  1.79156E-04 -2.80923E-04
   10941.672   1010.122  16.350  1.78828E-04  1.78867E-04 -2.16921E-04
   10947.910   1016.361  16.400  1.78551E-04  1.78579E-04 -1.54054E-04
   10954.168   1022.619  16.450  1.78272E-04  1.78289E-04 -9.43496E-05
   10960.445   1028.896  16.500  1.77993E-04  1.78000E-04 -3.82040E-05
   10966.741   1035.192  16.550  1.77720E-04  1.77717E-04  1.50389E-05
   10973.056   1041.507  16.600  1.77443E-04  1.77431E-04  6.61296E-05
   10979.390   1047.841  16.650  1.77171E-04  1.77151E-04  1.15337E-04
   10985.744   1054.194  16.700  1.76900E-04  1.76871E-04  1.62020E-04
   10992.116   1060.566  16.750  1.76628E-04  1.76592E-04  2.04604E-04
   10998.507   1066.957  16.800  1.76355E-04  1.76313E-04  2.41065E-04
   11004.917   1073.368  16.850  1.76084E-04  1.76036E-04  2.69197E-04
   11011.347   1079.797  16.900  1.75817E-04  1.75766E-04  2.87123E-04
   11017.795   1086.245  16.950  1.75548E-04  1.75497E-04  2.93715E-04
   11024.262   1092.713  17.000  1.75278E-04  1.75227E-04  2.88549E-04
   11030.749   1099.199  17.050  1.75006E-04  1.74958E-04  2.71905E-04
   11037.255   1105.705  17.100  1.74738E-04  1.74695E-04  2.44445E-04
   11043.779   1112.230  17.150  1.74465E-04  1.74429E-04  2.07147E-04
   11050.323   1118.773  17.200  1.74197E-04  1.74169E-04  1.61242E-04
   11056.885   1125.336  17.250  1.73928E-04  1.73909E-04  1.08128E-04
   11063.467   1131.918  17.300  1.73659E-04  1.73650E-04  4.97486E-05
   11070.068   1138.518  17.350  1.73389E-04  1.73391E-04 -1.13963E-05
   11076.688   1145.138  17.400  1.73119E-04  1.73131E-04 -7.21472E-05
   11083.327   1151.777  17.450  1.72849E-04  1.72872E-04 -1.28872E-04
   11089.985   1158.435  17.500  1.72582E-04  1.72612E-04 -1.77861E-04
   11096.662   1165.112  17.550  1.72313E-04  1.72350E-04 -2.15909E-04
   11103.358   1171.808  17.600  1.72043E-04  1.72084E-04 -2.40718E-04
   11110.073   1178.523  17.650  1.71781E-04  1.71824E-04 -2.51343E-04
   11116.807   1185.257  17.700  1.71519E-04  1.71562E-04 -2.48231E-04
   11123.560   1192.011  17.750  1.71255E-04  1.71295E-04 -2.33164E-04
   11130.332   1198.783  17.800  1.70991E-04  1.71027E-04 -2.08763E-04
   11137.124   1205.574  17.850  1.70733E-04  1.70763E-04 -1.77939E-04
   11143.934   1212.385  17.900  1.70464E-04  1.70488E-04 -1.43394E-04
   11150.763   1219.214  17.950  1.70198E-04  1.70216E-04 -1.07273E-04
   11157.612   1226.062  18.000  1.69933E-04  1.69945E-04 -7.09876E-05
   11164.479   1232.930  18.050  1.69661E-04  1.69667E-04 -3.54043E-05
   11171.366   1239.816  18.100  1.69387E-04  1.69388E-04 -8.36367E-07
   11178.272   1246.722  18.150  1.69113E-04  1.69108E-04  3.24226E-05
   11185.196   1253.647  18.200  1.68831E-04  1.68820E-04  6.39397E-05
   11192.140   1260.590  18.250  1.68552E-04  1.68537E-04  9.31096E-05
   11199.103   1267.553  18.300  1.68267E-04  1.68247E-04  1.18987E-04
   11206.084   1274.535  18.350  1.67982E-04  1.67958E-04  1.40419E-04
   11213.085   1281.536  18.400  1.67694E-04  1.67668E-04  1.56373E-04
   11220.105   1288.556  18.450  1.67400E-04  1.67372E-04  1.65836E-04
   11227.144   1295.595  18.500  1.67108E-04  1.67080E-04  1.68195E-04
   11234.202   1302.653  18.550  1.66811E-04  1.66784E-04  1.63159E-04
   11241.279   1309.730  18.600  1.66517E-04  1.66491E-04  1.50863E-04
   11248.375   1316.826  18.650  1.66214E-04  1.66192E-04  1.31853E-04
   11255.490   1323.941  18.700  1.65914E-04  1.65896E-04  1.07169E-04
   11262.625   1331.075  18.750  1.65616E-04  1.65603E-04  7.81797E-05
   11269.778   1338.228  18.800  1.65312E-04  1.65304E-04  4.66700E-05
   11276.950   1345.401  18.850  1.65010E-04  1.65008E-04  1.47501E-05
   11284.141   1352.592  18.900  1.64713E-04  1.64715E-04 -1.54771E-05
   11291.352   1359.802  18.950  1.64412E-04  1.64419E-04 -4.20560E-05
   11298.581   1367.032  19.000  1.64117E-04  1.64127E-04 -6.34874E-05
   11305.830   1374.280  19.050  1.63824E-04  1.63837E-04 -7.88889E-05
   11313.097   1381.548  19.100  1.63527E-04  1.63542E-04 -8.81634E-05
   11320.384   1388.834  19.150  1.63238E-04  1.63253E-04 -9.19940E-05
   11327.690   1396.140  19.200  1.62955E-04  1.62970E-04 -9.16029E-05
   11335.014   1403.465  19.250  1.62668E-04  1.62683E-04 -8.84883E-05
   11342.358   1410.809  19.300  1.62382E-04  1.62395E-04 -8.40923E-05
   11349.721   1418.171  19.350  1.62102E-04  1.62115E-04 -7.94251E-05
   11357.103   1425.553  19.400  1.61824E-04  1.61836E-04 -7.50080E-05
   11364.504   1432.954  19.450  1.61546E-04  1.61557E-04 -7.07232E-05
   11371.924   1440.374  19.500  1.61268E-04  1.61279E-04 -6.60252E-05
   11379.363   1447.813  19.550  1.60990E-04  1.61000E-04 -6.01192E-05
   11386.821   1455.271  19.600  1.60714E-04  1.60722E-04 -5.22834E-05
   11394.298   1462.748  19.650  1.60445E-04  1.60452E-04 -4.20153E-05
   11401.794   1470.244  19.700  1.60173E-04  1.60178E-04 -2.92655E-05
   11409.309   1477.759  19.750  1.59905E-04  1.59907E-04 -1.43581E-05
   11416.843   1485.294  19.800  1.59633E-04  1.59633E-04  2.02550E-06
   11424.397   1492.847  19.850  1.59369E-04  1.59366E-04  1.90249E-05
   11431.969   1500.419  19.900  1.59104E-04  1.59098E-04  3.57738E-05
   11439.560   1508.011  19.950  1.58843E-04  1.58835E-04  5.14191E-05
