# # Once                                                         FEFF 10.0.0 
# # POT  SCF 100  9.0000   0, core-hole, FOLP (folp(0)= 1.150)
# # Abs   Z=30 Rmt= 1.408 Rnm= 1.529 K  shell
# #   RGRID 0.0100
# # Pot 1 Z= 6 Rmt= 0.808 Rnm= 1.033
# # Pot 2 Z= 6 Rmt= 0.797 Rnm= 1.005
# # Pot 3 Z= 6 Rmt= 0.807 Rnm= 1.032
# # Pot 4 Z= 6 Rmt= 0.775 Rnm= 1.001
# # Pot 5 Z= 6 Rmt= 0.901 Rnm= 1.124
# # Pot 6 Z= 6 Rmt= 0.936 Rnm= 1.171
# # Pot 7 Z= 1 Rmt= 0.564 Rnm= 0.949
# # Pot 8 Z= 1 Rmt= 0.497 Rnm= 0.871
# # Pot 9 Z= 7 Rmt= 0.787 Rnm= 0.989
# # Pot10 Z= 7 Rmt= 0.809 Rnm= 0.995
# # Pot11 Z=16 Rmt= 1.245 Rnm= 1.467
# # Gam_ch=1.897E+00 H-L exch Vi= 0.000E+00 Vr= 0.000E+00
# # Mu=-7.584E+00eV kf=2.157E+00 Vint=-1.472E+01eV Rs_int= 1.681
# # PATH  Rmax= 9.000,  Keep_limit= 0.00, Heap_limit 0.00  Pwcrit= 2.50%
#  S02=1.000  Temp=  10.00  Debye_temp= 315.00  Global_sig2= 0.00000
#  Energy zero shift, vr, vi    0.00000E+00   0.00000E+00
#  Curved wave amplitude ratio filter   4.000%
#     file         sig2 tot  cw amp ratio   deg  nlegs   reff  inp sig2
#           1       0.00335    100.00      1.00     2   2.1483
#           2       0.00420     99.31      1.00     2   2.1541
#           3       0.00299     84.10      1.00     2   2.3549
#           4       0.00293     83.80      1.00     2   2.3580
#           5       0.03028     11.57      1.00     2   2.8534
#           6       0.01442     44.01      1.00     2   2.9274
#           7       0.01978     10.56      1.00     2   2.9567
#           8       0.00325     40.94      1.00     2   3.0097
#           9       0.00453     39.62      1.00     2   3.0588
#          10       0.00671     36.05      1.00     2   3.1834
#          11       0.00430     43.80      2.00     3   3.2386
#          12       0.02077      8.31      1.00     2   3.2409
#          13       0.00445     55.19      2.00     3   3.2705
#          14       0.00308     46.84      2.00     3   3.2744
#          15       0.00811     31.49      1.00     2   3.3348
#          16       0.02058      7.68      1.00     2   3.3383
#          17       0.01878      7.29      1.00     2   3.4042
#          18       0.00445     30.04      1.00     2   3.4102
#          19       0.00490     89.18      2.00     3   3.4130
#          20       0.00869      9.86      2.00     3   3.4581
#          21       0.00660     25.36      1.00     4   3.4823
#          22       0.00517     78.98      1.00     4   3.4913
#          23       0.00494     14.73      1.00     4   3.5391
#          24       0.00462     10.55      1.00     4   3.5497
#          25       0.01550     14.77      2.00     3   3.5534
#          26       0.01246      6.19      2.00     3   3.6353
#          27       0.00950      7.98      2.00     3   3.6413
#          28       0.02450      6.08      1.00     2   3.6432
#          29       0.00341     34.88      2.00     3   3.6739
#          30       0.01598      5.82      1.00     2   3.7034
#          31       0.01035      8.05      2.00     3   3.7146
#          32       0.01147      9.40      2.00     3   3.7272
#          33       0.00760      8.70      2.00     4   3.7692
#          34       0.01306      5.85      2.00     3   3.7732
#          35       0.00425     33.65      2.00     3   3.7878
#          36       0.01274      6.36      2.00     3   3.7907
#          37       0.00883     10.18      2.00     4   3.9060
#          38       0.03242      6.42      1.00     4   3.9234
#          39       0.04131      4.97      1.00     2   3.9266
#          40       0.00949     12.37      2.00     4   3.9263
#          41       0.00867      6.45      2.00     3   3.9422
#          42       0.02358      4.81      1.00     2   3.9728
#          43       0.01943      7.88      2.00     3   3.9776
#          44       0.01440      6.05      1.00     4   3.9887
#          45       0.00837      7.59      2.00     3   4.0351
#          46       0.00494      5.71      2.00     3   4.0367
#          49       0.01119      5.46      2.00     3   4.0617
#          50       0.01407      4.95      2.00     3   4.0757
#          51       0.00430     18.07      1.00     2   4.0788
#          52       0.00314     17.95      1.00     2   4.0847
#          53       0.01588     13.29      2.00     3   4.0900
#          55       0.02167     18.45      2.00     4   4.1133
#          56       0.00385     11.82      2.00     3   4.1167
#          57       0.00464      7.91      2.00     3   4.1529
#          58       0.00564      7.82      2.00     3   4.1535
#          59       0.00339      7.83      2.00     3   4.1567
#          60       0.00573     11.41      1.00     4   4.1644
#          61       0.00450      8.70      1.00     4   4.1654
#          64       0.00457     16.78      1.00     2   4.1882
#          65       0.01260      4.71      2.00     3   4.1948
#          66       0.00358     16.68      1.00     2   4.2054
#          67       0.00397     10.66      2.00     3   4.2139
#          68       0.00418     30.66      2.00     3   4.2256
#          69       0.01074     34.65      2.00     3   4.2293
#          70       0.00540     54.18      2.00     3   4.2406
#          71       0.00415     29.06      2.00     3   4.2419
#          73       0.00380     31.56      2.00     3   4.2444
#          75       0.01197      9.87      1.00     4   4.2534
#          78       0.01551      4.59      1.00     4   4.2729
#          79       0.00444     24.20      2.00     4   4.2922
#          80       0.00280     55.36      1.00     4   4.2931
#          81       0.00407      6.45      2.00     3   4.2951
#          82       0.00669     10.27      1.00     4   4.2967
#          83       0.00412     32.82      2.00     3   4.3021
#          84       0.00821      7.32      2.00     5   4.3025
#          85       0.00970      4.64      2.00     5   4.3064
#          86       0.00407      8.03      2.00     3   4.3077
#          87       0.00840     10.13      1.00     4   4.3081
#          88       0.00973      5.46      2.00     4   4.3093
#          90       0.00625     21.45      1.00     4   4.3231
#          91       0.00342     18.08      2.00     4   4.3284
#          92       0.00303      6.62      2.00     3   4.3337
#          93       0.01121      4.93      2.00     3   4.3354
#          94       0.00456     54.50      2.00     4   4.3546
#          95       0.00829     14.85      1.00     2   4.3630
#          97       0.00364     18.46      1.00     4   4.3666
#          98       0.00477     45.23      2.00     3   4.3704
#          99       0.01541      4.22      1.00     4   4.3703
#         100       0.00482     35.42      1.00     4   4.3779
#         101       0.00944      7.67      2.00     5   4.3787
#         102       0.00251     28.91      1.00     4   4.3798
#         103       0.00535     15.79      2.00     4   4.3814
#         104       0.00465     35.35      2.00     4   4.3853
#         105       0.00998     19.17      2.00     5   4.3875
#         106       0.00471     25.30      1.00     4   4.3927
#         107       0.00292     34.88      2.00     4   4.3925
#         108       0.00462     20.91      2.00     4   4.3966
#         109       0.00442     21.78      1.00     4   4.4005
#         110       0.00430     26.14      1.00     4   4.4040
#         111       0.00446     16.66      1.00     4   4.4051
#         112       0.00429     20.76      1.00     4   4.4161
#         114       0.00602      4.34      2.00     3   4.4327
#         115       0.00923      4.81      2.00     5   4.4382
#         117       0.00715     15.38      2.00     5   4.4450
#         119       0.00431     33.01      2.00     4   4.4561
#         120       0.00481     19.16      2.00     3   4.4590
#         123       0.00446     31.18      2.00     4   4.4940
#         124       0.00488     23.16      2.00     4   4.4975
#         125       0.00833      7.27      2.00     4   4.4988
#         130       0.00812     11.34      1.00     6   4.5143
#         131       0.01099     25.77      2.00     3   4.5230
#         132       0.00699     27.16      1.00     6   4.5233
#         133       0.00595     15.59      2.00     4   4.5251
#         134       0.00510     43.79      2.00     4   4.5305
#         135       0.00447     41.97      2.00     4   4.5518
#         136       0.00979      7.29      1.00     6   4.5711
#         137       0.00517     50.95      2.00     5   4.5758
#         138       0.00938      7.61      2.00     4   4.5805
#         139       0.00788      6.62      1.00     6   4.5817
#         140       0.00603     33.68      2.00     5   4.5931
#         142       0.00503     48.38      2.00     5   4.5970
#         143       0.01142      5.71      2.00     3   4.5988
#         144       0.00463     43.29      2.00     4   4.6013
#         145       0.00620     45.58      2.00     5   4.6033
#         146       0.00487     89.10      2.00     5   4.6042
#         147       0.00513     71.11      2.00     5   4.6044
#         148       0.00363     32.39      2.00     5   4.6083
#         149       0.00466     75.58      2.00     5   4.6087
#         150       0.00615     57.88      2.00     5   4.6158
#         151       0.02096      5.54      2.00     5   4.6234
#         152       0.00941      5.09      2.00     3   4.6241
#         153       0.00815     45.62      2.00     5   4.6342
#         154       0.00511      5.09      2.00     3   4.6386
#         155       0.00428     55.74      2.00     5   4.6445
#         156       0.00432     13.18      2.00     3   4.6458
#         157       0.00419      7.45      2.00     3   4.6470
#         158       0.00460     42.14      2.00     5   4.6572
#         159       0.00443     28.65      2.00     5   4.6613
#         160       0.00512     51.81      2.00     5   4.6652
#         161       0.00450     54.51      2.00     5   4.6657
#         162       0.00336      7.60      2.00     3   4.6694
#         163       0.00545     25.13      1.00     4   4.6720
#         164       0.01013      5.50      2.00     5   4.6733
#         165       0.00629     21.67      1.00     4   4.6830
#         166       0.00576     13.48      2.00     4   4.6911
#         168       0.00598      5.50      1.00     4   4.7098
#         169       0.00579     10.83      1.00     4   4.7126
#         171       0.00585      5.47      1.00     4   4.7160
#         172       0.01544      7.42      2.00     4   4.7198
#         175       0.00418     10.33      2.00     3   4.7437
#         176       0.00818     12.56      2.00     5   4.7439
#         177       0.01143      5.33      2.00     4   4.7446
#         178       0.01227      5.49      2.00     5   4.7466
#         179       0.01187    102.30      2.00     5   4.7503
#         180       0.00444     18.75      2.00     4   4.7511
#         181       0.00523     59.74      2.00     5   4.7613
#         182       0.00859     11.70      2.00     4   4.7713
#         183       0.00543     11.61      1.00     2   4.7749
#         184       0.00318      9.84      2.00     4   4.7880
#         185       0.01227      5.34      2.00     6   4.8012
#         187       0.01017      6.50      2.00     4   4.8050
#         188       0.00375      8.05      2.00     4   4.8067
#         189       0.00536     31.42      2.00     5   4.8087
#         190       0.01427     50.01      1.00     6   4.8162
#         191       0.00368      8.80      2.00     4   4.8200
#         192       0.00839     19.29      2.00     5   4.8229
#         193       0.01334      4.33      2.00     5   4.8227
#         194       0.00399      5.01      2.00     3   4.8241
#         195       0.00906     28.54      2.00     5   4.8237
#         196       0.00644     36.91      1.00     6   4.8275
#         197       0.01232    112.60      1.00     6   4.8285
#         198       0.01180      5.30      2.00     4   4.8291
#         200       0.00499      9.27      2.00     4   4.8326
#         201       0.00602     45.53      1.00     6   4.8396
#         202       0.00345      9.73      2.00     4   4.8494
#         203       0.01694      6.36      2.00     4   4.8524
#         204       0.00895     15.47      2.00     5   4.8537
#         205       0.00577     30.06      2.00     3   4.8543
#         207       0.00947      9.86      2.00     4   4.8609
#         208       0.00428      6.05      2.00     3   4.8638
#         209       0.00464      4.32      2.00     4   4.8676
#         210       0.00889     62.23      2.00     6   4.8730
#         211       0.00976      5.06      2.00     4   4.8777
#         212       0.00738      9.03      2.00     4   4.8794
#         213       0.00453     14.09      2.00     4   4.8812
#         214       0.00803     11.05      2.00     5   4.8852
#         215       0.00924     84.99      2.00     6   4.8869
#         216       0.01600      4.03      2.00     4   4.8943
#         219       0.01586      6.55      2.00     4   4.8992
#         220       0.00399      9.54      2.00     4   4.8994
#         221       0.00955      9.18      2.00     4   4.9001
#         222       0.00378      9.45      2.00     4   4.9037
#         223       0.00650     31.76      1.00     6   4.9092
#         224       0.00477     11.95      2.00     4   4.9117
#         225       0.01554      7.05      2.00     4   4.9129
#         226       0.00704     44.63      1.00     6   4.9153
#         227       0.00381     11.01      2.00     4   4.9162
#         228       0.00883      8.36      2.00     4   4.9237
#         229       0.00392      9.96      2.00     4   4.9250
#         230       0.00507     24.32      2.00     3   4.9271
#         231       0.01039     29.93      1.00     6   4.9299
#         232       0.01160     26.03      1.00     4   4.9336
#         233       0.00311     10.28      2.00     4   4.9341
#         234       0.01612      6.58      2.00     6   4.9380
#         235       0.00438     19.13      2.00     4   4.9421
#         236       0.01133      4.34      2.00     4   4.9422
#         237       0.00951     23.22      1.00     6   4.9453
#         239       0.00409      9.86      2.00     4   4.9496
#         242       0.01396      7.97      2.00     6   4.9583
#         243       0.00974     13.04      2.00     5   4.9600
#         244       0.01335      9.97      2.00     5   4.9726
#         245       0.00414     16.69      2.00     4   4.9762
#         246       0.00551      8.86      2.00     4   4.9777
#         247       0.00432     24.89      2.00     5   4.9820
#         248       0.02756      4.67      2.00     3   4.9834
#         250       0.00913      4.16      2.00     5   4.9894
#         252       0.00628      4.72      1.00     4   4.9929
#         253       0.00436     29.50      2.00     5   4.9945
#         254       0.02903      4.94      2.00     4   5.0018
#         255       0.00571      9.33      2.00     5   5.0022
#         256       0.00464     32.91      2.00     4   5.0064
#         257       0.00751      9.67      2.00     3   5.0088
#         258       0.01320      5.11      2.00     5   5.0096
#         259       0.01007     20.29      2.00     5   5.0114
#         260       0.00324     13.93      2.00     5   5.0184
#         262       0.00398     11.39      2.00     4   5.0212
#         263       0.00948     10.24      2.00     5   5.0241
#         264       0.01825      4.95      2.00     3   5.0281
#         265       0.00951      8.95      2.00     5   5.0282
#         266       0.01181      9.39      2.00     5   5.0282
#         267       0.00431     21.14      2.00     5   5.0286
#         268       0.03747      7.99      2.00     5   5.0310
#         269       0.00971     14.02      2.00     5   5.0321
#         270       0.00660      7.76      2.00     4   5.0358
#         271       0.01042     11.03      2.00     5   5.0371
#         272       0.01082      5.82      2.00     3   5.0387
#         273       0.00956     10.92      2.00     5   5.0410
#         274       0.00482     20.53      2.00     5   5.0443
#         275       0.00968      6.01      2.00     3   5.0460
#         276       0.00913     15.13      2.00     5   5.0485
#         277       0.00537     18.14      2.00     5   5.0527
#         278       0.00940      8.66      2.00     5   5.0523
#         279       0.00525     13.68      2.00     4   5.0548
#         280       0.00588     31.01      2.00     5   5.0560
#         281       0.01000     18.53      2.00     5   5.0598
#         282       0.00780     17.89      2.00     5   5.0611
#         283       0.01510      4.29      2.00     3   5.0621
#         284       0.00528     25.13      2.00     5   5.0623
#         285       0.00434      5.08      2.00     5   5.0644
#         286       0.00307     10.49      2.00     5   5.0659
#         287       0.01353      4.99      2.00     5   5.0671
#         288       0.01076      9.63      1.00     4   5.0692
#         289       0.00557     15.50      1.00     4   5.0792
#         290       0.00491      7.71      2.00     4   5.0815
#         291       0.01261      7.24      2.00     5   5.0827
#         292       0.00350     22.62      2.00     5   5.0846
#         294       0.00482     29.33      2.00     5   5.0901
#         295       0.00566      4.06      2.00     4   5.0945
#         296       0.00477     10.11      2.00     5   5.0973
#         297       0.02352      6.18      2.00     3   5.0992
#         298       0.00788     12.13      2.00     4   5.1064
#         299       0.00871     28.50      2.00     6   5.1064
#         300       0.01377      7.01      2.00     5   5.1071
#         301       0.01324      7.14      2.00     3   5.1161
#         304       0.01899      9.60      2.00     5   5.1246
#         305       0.00404     11.40      2.00     4   5.1288
#         306       0.00825      4.15      2.00     3   5.1295
#         307       0.00402      8.83      2.00     3   5.1309
#         308       0.00990     26.78      2.00     6   5.1349
#         309       0.00813      8.26      2.00     5   5.1355
#         310       0.01372      4.80      2.00     3   5.1395
#         312       0.00736      7.62      2.00     5   5.1441
#         313       0.01255     11.77      2.00     6   5.1453
#         314       0.00430     16.65      2.00     5   5.1458
#         315       0.00755     10.77      2.00     4   5.1497
#         317       0.00716      7.41      2.00     4   5.1580
#         318       0.02303      7.37      2.00     5   5.1600
#         319       0.01818      7.71      2.00     5   5.1639
#         320       0.01088     17.45      2.00     6   5.1648
#         321       0.00799      9.96      2.00     4   5.1685
#         323       0.01332      6.03      2.00     5   5.1815
#         324       0.00358     28.64      2.00     5   5.1812
#         325       0.02274      7.89      2.00     3   5.1829
#         327       0.00822      8.49      2.00     4   5.1899
#         328       0.00442     15.05      2.00     5   5.1897
#         329       0.00966      6.38      2.00     5   5.1924
#         330       0.01133      8.20      2.00     5   5.1978
#         331       0.00461     14.01      2.00     5   5.2032
#         332       0.00325      8.09      2.00     3   5.2040
#         333       0.01207      7.30      2.00     4   5.2072
#         334       0.00412     25.36      2.00     5   5.2070
#         336       0.00880     23.43      2.00     5   5.2101
#         337       0.00548      4.67      1.00     4   5.2175
#         339       0.00802      7.60      2.00     4   5.2233
#         340       0.02139      9.70      2.00     5   5.2254
#         341       0.01010      5.52      2.00     4   5.2271
#         342       0.00775     22.12      2.00     5   5.2289
#         343       0.01742     13.20      2.00     5   5.2308
#         344       0.00490     22.26      2.00     4   5.2319
#         347       0.00672     11.98      2.00     3   5.2368
#         348       0.01413      6.18      2.00     4   5.2366
#         349       0.00845      7.51      2.00     4   5.2364
#         350       0.00967     19.99      2.00     6   5.2399
#         351       0.00350      9.33      2.00     4   5.2412
#         352       0.00524     10.41      2.00     5   5.2427
#         353       0.02319      7.05      1.00     4   5.2461
#         354       0.02305      4.23      1.00     4   5.2461
#         355       0.00756      6.73      2.00     4   5.2471
#         356       0.00908     15.05      2.00     5   5.2473
#         359       0.00954      5.88      2.00     4   5.2577
#         361       0.00413     50.65      2.00     6   5.2595
#         362       0.01391     21.54      2.00     6   5.2602
#         363       0.00861      5.23      2.00     5   5.2613
#         365       0.01059      5.93      2.00     4   5.2648
#         366       0.00750     13.86      2.00     5   5.2661
#         368       0.01227     24.23      2.00     6   5.2715
#         369       0.00855      5.28      2.00     5   5.2726
#         371       0.00830      6.07      2.00     4   5.2744
#         372       0.00750      5.42      1.00     4   5.2754
#         374       0.01168     22.61      2.00     6   5.2761
#         376       0.00751      5.61      2.00     5   5.2764
#         377       0.00918      5.08      2.00     4   5.2787
#         378       0.00261     10.12      2.00     4   5.2796
#         379       0.01231      5.36      2.00     5   5.2798
#         380       0.00848     10.36      2.00     5   5.2818
#         381       0.00439      5.88      2.00     4   5.2823
#         382       0.01699      4.17      2.00     4   5.2882
#         383       0.01139      5.07      2.00     4   5.2923
#         384       0.00612      7.49      2.00     4   5.2957
#         385       0.00315     29.06      2.00     6   5.2963
#         386       0.01319     17.33      2.00     6   5.2968
#         387       0.01194      5.01      2.00     4   5.2988
#         388       0.01047      7.46      2.00     4   5.2988
#         389       0.01081      5.53      2.00     5   5.3000
#         391       0.00461     24.99      2.00     6   5.3090
#         392       0.02036      5.57      2.00     3   5.3096
#         395       0.00516     38.74      2.00     5   5.3112
#         396       0.03980     11.70      2.00     5   5.3148
#         397       0.00967     16.89      2.00     6   5.3170
#         398       0.00870     12.60      2.00     5   5.3181
#         399       0.00562     37.36      2.00     6   5.3210
#         403       0.00785      8.84      2.00     3   5.3224
#         404       0.02434      6.28      1.00     6   5.3234
#         405       0.00893      9.59      2.00     6   5.3242
#         406       0.00850      8.21      2.00     6   5.3242
#         407       0.00893      4.88      2.00     4   5.3252
#         408       0.00691      8.69      2.00     5   5.3254
#         409       0.01256     13.72      2.00     6   5.3251
#         410       0.00711     13.79      2.00     4   5.3298
#         411       0.00859     11.87      2.00     5   5.3308
#         412       0.00499     22.81      2.00     6   5.3306
#         413       0.01645      4.03      2.00     3   5.3317
#         414       0.00735      9.82      2.00     4   5.3317
#         415       0.00493     17.44      2.00     5   5.3323
#         416       0.00792      7.31      2.00     3   5.3346
#         417       0.00855     12.11      2.00     4   5.3347
#         418       0.01639      5.26      2.00     7   5.3345
#         419       0.01240      4.93      2.00     5   5.3363
#         421       0.00496     32.19      2.00     6   5.3398
#         423       0.00867     19.93      2.00     5   5.3421
#         424       0.00875      9.80      1.00     4   5.3475
#         425       0.00568     13.25      2.00     4   5.3478
#         426       0.00523      5.68      2.00     4   5.3495
#         427       0.00879     10.12      2.00     5   5.3496
#         428       0.00483     26.01      2.00     6   5.3493
#         429       0.00870     17.11      1.00     6   5.3511
#         431       0.00562      6.84      2.00     4   5.3522
#         432       0.00951      5.29      2.00     5   5.3526
#         434       0.00857     32.30      2.00     5   5.3549
#         435       0.01172      8.66      2.00     5   5.3553
#         436       0.00843      6.91      2.00     4   5.3556
#         437       0.00928      5.27      2.00     3   5.3598
#         438       0.00743      6.96      2.00     6   5.3604
#         439       0.00914      9.42      2.00     6   5.3604
#         440       0.00858     27.72      1.00     6   5.3624
#         442       0.00458      5.66      2.00     4   5.3641
#         443       0.01139      4.08      2.00     4   5.3656
#         444       0.00403      5.23      2.00     4   5.3677
#         445       0.00936     12.29      2.00     4   5.3680
#         447       0.01047      5.83      2.00     4   5.3697
#         448       0.00841      4.98      2.00     5   5.3696
#         449       0.00758     29.59      2.00     6   5.3698
#         450       0.01044      7.23      2.00     4   5.3721
#         451       0.00820     13.58      2.00     5   5.3723
#         452       0.01262      5.44      2.00     5   5.3732
#         453       0.00647     14.55      2.00     5   5.3739
#         454       0.00894      4.75      2.00     5   5.3762
#         455       0.00786     14.33      2.00     5   5.3802
#         456       0.00806     14.96      2.00     5   5.3833
#         457       0.00485     27.73      2.00     5   5.3840
#         459       0.00958     11.74      2.00     4   5.3849
#         460       0.00683     11.56      2.00     4   5.3866
#         461       0.00843      4.32      2.00     4   5.3863
#         463       0.01301      4.60      2.00     4   5.3889
#         464       0.00796     13.63      1.00     6   5.3885
#         465       0.00440      5.37      2.00     5   5.3900
#         466       0.00973      5.39      2.00     5   5.3926
#         467       0.00804      4.97      2.00     5   5.3926
#         468       0.00943     19.18      2.00     5   5.3924
#         469       0.00975      4.68      2.00     5   5.3931
#         471       0.01618      6.84      2.00     4   5.3949
#         472       0.01568      4.66      2.00     4   5.3949
#         474       0.00334      4.45      2.00     5   5.4019
#         475       0.01560      5.78      2.00     7   5.4107
#         476       0.00693      4.30      2.00     5   5.4116
#         477       0.01277     12.63      2.00     6   5.4118
#         478       0.00982      5.79      2.00     6   5.4134
#         479       0.00939      9.45      2.00     6   5.4134
#         481       0.00963      6.91      2.00     6   5.4173
#         482       0.01232      6.78      2.00     5   5.4189
#         483       0.01232      6.48      2.00     5   5.4189
#         484       0.00989      8.10      2.00     5   5.4196
#         485       0.01356     14.31      2.00     7   5.4195
#         487       0.00639      5.81      2.00     5   5.4227
#         488       0.00559      5.40      2.00     5   5.4227
#         489       0.00900      5.21      2.00     6   5.4245
#         490       0.00914     10.43      2.00     6   5.4247
#         491       0.00739      7.03      2.00     6   5.4286
#         492       0.00790      6.13      2.00     6   5.4286
#         493       0.00392     11.77      1.00     4   5.4299
#         494       0.00957      8.41      2.00     6   5.4325
#         495       0.00392      8.02      1.00     2   5.4330
#         496       0.00790      9.15      2.00     5   5.4354
#         497       0.00904     13.08      2.00     6   5.4360
#         498       0.01271      7.26      2.00     4   5.4381
#         499       0.00433     21.71      2.00     5   5.4391
#         500       0.01000      6.21      2.00     5   5.4388
#         501       0.00869     33.47      2.00     6   5.4406
#         502       0.00405      7.34      2.00     4   5.4420
#         503       0.00531     12.42      1.00     4   5.4489
#         504       0.00972      4.45      2.00     5   5.4499
#         505       0.01013     10.58      2.00     5   5.4503
#         506       0.01288     26.82      2.00     6   5.4505
#         509       0.00890     17.86      2.00     6   5.4590
#         510       0.02623     26.34      2.00     6   5.4616
#         511       0.00595      7.38      2.00     5   5.4624
#         512       0.00899     16.99      2.00     5   5.4632
#         513       0.00838      9.09      2.00     5   5.4656
#         514       0.00773      7.66      2.00     4   5.4687
#         516       0.00900     29.63      2.00     6   5.4706
#         517       0.00412      8.94      2.00     4   5.4719
#         518       0.00953     14.27      2.00     6   5.4720
#         519       0.00991      9.86      2.00     6   5.4720
#         520       0.00959      4.07      2.00     6   5.4739
#         521       0.01438     11.39      2.00     7   5.4770
#         522       0.01048      4.92      2.00     4   5.4780
#         523       0.00918     16.47      2.00     6   5.4778
#         524       0.00932     22.02      2.00     6   5.4778
#         527       0.00828      8.55      2.00     4   5.4824
#         529       0.01232      7.77      2.00     5   5.4834
#         533       0.01001      8.02      2.00     5   5.4884
#         534       0.01105     12.85      2.00     6   5.4881
#         535       0.01388      6.28      2.00     4   5.4888
#         536       0.01136     16.51      2.00     5   5.4888
#         537       0.01103      8.43      2.00     6   5.4896
#         538       0.00399      6.83      2.00     5   5.4926
#         539       0.00535     28.95      2.00     6   5.4924
#         540       0.01036      8.16      2.00     6   5.4922
#         541       0.00938      4.01      2.00     6   5.4930
#         542       0.00966      7.16      2.00     6   5.4935
#         543       0.00459      6.77      2.00     5   5.4940
#         544       0.00915     12.58      2.00     5   5.4947
#         545       0.00986      7.42      2.00     5   5.4975
#         546       0.00949      4.28      2.00     5   5.4971
#         547       0.01132     11.25      2.00     6   5.4996
#         548       0.01192     10.66      2.00     5   5.5006
#         549       0.00658     13.78      2.00     5   5.5006
#         550       0.02579      5.61      2.00     6   5.5009
#         551       0.01054      9.21      2.00     6   5.5009
#         552       0.01052      8.52      2.00     6   5.5009
#         553       0.01078      8.90      2.00     6   5.5014
#         554       0.01004     11.92      2.00     6   5.5023
#         555       0.00972      8.02      2.00     6   5.5035
#         556       0.01026      9.02      2.00     6   5.5048
#         557       0.01220      6.89      2.00     6   5.5048
#         558       0.00950      8.68      2.00     6   5.5045
#         559       0.00536     20.25      2.00     3   5.5055
#         561       0.01099     14.22      2.00     6   5.5050
#         564       0.00592     18.84      2.00     5   5.5075
#         565       0.00997     20.89      2.00     5   5.5075
#         566       0.00849      5.38      2.00     6   5.5075
#         567       0.00865     14.89      2.00     6   5.5090
#         568       0.02472      5.57      2.00     5   5.5108
#         569       0.01063      5.50      2.00     6   5.5117
#         570       0.00956      9.77      2.00     6   5.5117
#         571       0.00841      9.28      2.00     6   5.5126
#         572       0.00991     11.83      2.00     6   5.5122
#         573       0.00803     36.10      2.00     6   5.5150
#         574       0.01190      4.77      2.00     5   5.5184
#         575       0.00468     17.58      2.00     5   5.5185
#         576       0.00932      6.17      2.00     5   5.5213
#         578       0.01065     10.38      2.00     6   5.5260
#         579       0.00503      7.71      2.00     5   5.5273
#         580       0.01046      7.24      2.00     5   5.5290
#         581       0.00996      6.78      2.00     5   5.5290
#         582       0.00924     10.16      2.00     5   5.5290
#         583       0.00762      8.29      2.00     6   5.5295
#         584       0.00467      7.60      1.00     2   5.5311
#         585       0.00815     14.09      2.00     5   5.5312
#         586       0.00436     15.04      2.00     3   5.5318
#         587       0.00940      5.74      2.00     6   5.5323
#         588       0.01478      5.39      2.00     3   5.5366
#         589       0.00465     19.70      2.00     3   5.5374
#         592       0.00476     13.52      1.00     4   5.5436
#         593       0.01945      4.10      1.00     4   5.5438
#         596       0.01046     10.80      2.00     6   5.5437
#         597       0.00648     12.69      2.00     5   5.5443
#         598       0.01077      4.54      2.00     6   5.5445
#         599       0.00972      8.07      2.00     6   5.5445
#         600       0.01029     12.39      2.00     5   5.5449
#         602       0.01120      5.00      2.00     4   5.5455
#         605       0.01308      7.55      2.00     5   5.5523
#         606       0.00404     11.18      2.00     5   5.5524
#         608       0.01079      6.86      2.00     5   5.5524
#         609       0.01049      5.08      2.00     5   5.5524
#         610       0.00506     14.04      1.00     4   5.5538
#         611       0.00806      6.07      2.00     5   5.5550
#         612       0.00944      4.25      2.00     4   5.5565
#         613       0.00990      5.42      2.00     6   5.5563
#         614       0.01046      5.58      2.00     6   5.5571
#         615       0.01069     10.27      2.00     6   5.5571
#         617       0.01184      5.46      2.00     6   5.5578
#         618       0.00389      4.65      2.00     4   5.5585
#         619       0.01487     20.28      2.00     5   5.5595
#         620       0.01505     17.77      2.00     5   5.5607
#         621       0.00816      7.47      2.00     6   5.5604
#         622       0.00817      5.90      2.00     6   5.5604
#         623       0.00617      5.11      2.00     4   5.5611
#         624       0.00873     16.44      2.00     6   5.5613
#         625       0.00557     41.50      2.00     7   5.5610
#         626       0.01093      4.81      2.00     4   5.5616
#         627       0.00778     11.38      2.00     6   5.5625
#         629       0.00917      4.53      2.00     6   5.5638
#         630       0.01013      6.66      2.00     6   5.5643
#         631       0.01021      6.55      2.00     6   5.5643
#         633       0.01441     10.66      2.00     5   5.5671
#         634       0.01450     10.58      2.00     5   5.5671
#         635       0.01200      4.94      1.00     6   5.5670
#         636       0.00879      4.89      2.00     5   5.5683
#         637       0.01765      4.57      2.00     6   5.5688
#         638       0.01011     28.29      2.00     5   5.5709
#         639       0.00565     58.65      2.00     7   5.5706
#         640       0.00751      4.14      2.00     4   5.5711
#         641       0.00887     27.36      2.00     6   5.5729
#         642       0.00948     11.95      2.00     5   5.5759
#         643       0.02517      5.17      2.00     6   5.5771
#         644       0.00484     17.59      1.00     4   5.5779
#         645       0.00613     15.35      2.00     5   5.5783
#         646       0.01014      5.43      2.00     5   5.5788
#         647       0.00670     13.31      2.00     5   5.5787
#         648       0.01212      8.07      1.00     6   5.5788
#         650       0.00865     50.34      2.00     7   5.5815
#         651       0.00535      6.32      2.00     5   5.5821
#         652       0.01083      5.60      2.00     4   5.5833
#         653       0.01046      8.66      2.00     6   5.5838
#         655       0.01091      8.70      2.00     5   5.5851
#         656       0.00865     45.17      2.00     6   5.5858
#         657       0.00944      4.80      2.00     6   5.5879
#         658       0.02733     11.43      2.00     6   5.5890
#         659       0.00937     42.07      2.00     5   5.5896
#         660       0.00866     81.88      2.00     7   5.5932
#         661       0.00802      8.77      2.00     5   5.5951
#         663       0.60778     44.99      2.00     5   5.5994
#         664       0.01008      8.02      2.00     6   5.5996
#         665       0.00889     45.95      2.00     7   5.6003
#         666       0.00363     22.52      2.00     4   5.6042
#         668       0.00536     15.01      2.00     5   5.6054
#         669       0.00696     63.21      2.00     5   5.6063
#         670       0.00952      6.31      2.00     6   5.6072
#         671       0.00759     29.11      2.00     7   5.6078
#         672       0.00981     12.49      2.00     7   5.6078
#         673       0.01001      6.49      2.00     6   5.6087
#         674       0.00825     26.67      2.00     5   5.6121
#         675       0.00322     18.19      2.00     3   5.6139
#         676       0.00542      5.52      2.00     5   5.6135
#         677       0.00364      4.68      2.00     5   5.6147
#         678       0.00439      5.63      2.00     5   5.6162
#         680       0.00927      9.35      2.00     5   5.6164
#         682       0.01032      7.85      2.00     6   5.6174
#         683       0.01230      6.93      2.00     5   5.6193
#         684       0.01051      8.86      2.00     6   5.6193
#         685       0.00306     25.77      2.00     4   5.6202
#         686       0.00490     13.47      2.00     5   5.6201
#         687       0.00908     19.82      2.00     6   5.6232
#         688       0.00961     27.38      2.00     6   5.6232
#         689       0.01025      6.80      2.00     5   5.6248
#         690       0.01077      8.11      2.00     5   5.6248
#         691       0.00933     20.49      2.00     7   5.6251
#         692       0.00918     19.71      2.00     7   5.6251
#         693       0.00401      5.75      2.00     5   5.6270
#         694       0.00762     12.89      2.00     4   5.6294
#         695       0.00449      7.76      2.00     5   5.6290
#         696       0.00773     34.58      2.00     6   5.6294
#         697       0.00946     20.60      2.00     7   5.6290
#         698       0.00440      4.05      2.00     5   5.6298
#         699       0.00468      9.05      1.00     4   5.6305
#         700       0.00930      9.48      2.00     6   5.6306
#         701       0.01142      9.15      2.00     5   5.6315
#         702       0.00359      5.16      2.00     5   5.6324
#         703       0.01127     16.00      2.00     5   5.6327
#         704       0.01215     19.80      2.00     6   5.6333
#         705       0.01168      4.12      2.00     4   5.6344
#         706       0.01515      5.31      2.00     6   5.6339
#         708       0.01038     28.60      2.00     7   5.6353
#         709       0.01034     24.36      2.00     7   5.6353
#         710       0.00592     14.04      2.00     5   5.6363
#         711       0.01095     11.53      2.00     7   5.6362
#         712       0.01048     14.06      2.00     7   5.6365
#         713       0.01052     24.03      2.00     7   5.6362
#         714       0.00918     20.90      2.00     7   5.6365
#         715       0.00733     21.96      2.00     5   5.6368
#         716       0.00481     15.65      2.00     5   5.6394
#         717       0.01407      5.07      2.00     6   5.6393
#         718       0.00743     20.01      2.00     7   5.6403
#         719       0.00993     16.82      2.00     7   5.6403
#         720       0.00763     40.70      2.00     7   5.6407
#         723       0.00853     24.05      2.00     6   5.6453
#         724       0.01510      9.63      2.00     6   5.6465
#         725       0.01121     12.57      2.00     6   5.6465
#         726       0.01130     14.35      2.00     6   5.6465
#         727       0.01612      7.30      2.00     6   5.6474
#         728       0.00712     10.29      1.00     6   5.6471
#         729       0.01582     16.57      2.00     7   5.6478
#         730       0.01152     27.39      2.00     7   5.6478
#         731       0.00987      7.34      2.00     6   5.6500
#         732       0.01458      5.09      2.00     6   5.6511
#         733       0.00932      6.96      2.00     5   5.6550
#         734       0.00306     21.50      2.00     4   5.6560
#         736       0.01385      7.11      2.00     6   5.6571
#         737       0.00628     21.94      1.00     6   5.6570
#         738       0.00970     14.45      2.00     6   5.6571
#         739       0.00994      9.46      2.00     3   5.6577
#         741       0.00478      5.40      2.00     6   5.6575
#         742       0.00661     20.25      2.00     6   5.6578
#         743       0.01013     15.38      2.00     6   5.6576
#         744       0.02219      4.22      2.00     3   5.6585
#         745       0.00713     78.05      1.00     6   5.6587
#         746       0.00407      9.85      2.00     5   5.6608
#         748       0.00956     26.07      2.00     6   5.6623
#         749       0.00294     26.04      2.00     4   5.6664
#         750       0.01043      8.15      2.00     7   5.6662
#         751       0.00869     11.22      2.00     7   5.6662
#         752       0.00594     30.80      2.00     5   5.6678
#         753       0.01059     12.00      1.00     6   5.6675
#         754       0.00493     19.67      2.00     4   5.6686
#         757       0.00839      5.74      2.00     5   5.6687
#         759       0.04489     39.39      2.00     5   5.6726
#         760       0.00611      9.21      2.00     5   5.6750
#         761       0.01156     13.29      2.00     7   5.6765
#         762       0.01111     23.22      2.00     7   5.6765
#         763       0.01382      8.53      2.00     5   5.6780
#         764       0.00380      9.08      1.00     6   5.6794
#         765       0.00543      5.72      2.00     5   5.6858
#         766       0.00991      5.23      2.00     3   5.6872
#         767       0.01236      5.72      2.00     6   5.6874
#         768       0.00945     38.79      2.00     6   5.6878
#         769       0.00893     13.64      2.00     6   5.6878
#         770       0.00674     35.01      2.00     6   5.6887
#         771       0.00659     16.24      1.00     6   5.6888
#         772       0.00904     15.43      2.00     7   5.6892
#         773       0.00955     26.94      2.00     7   5.6895
#         775       0.00603     21.07      2.00     6   5.6918
#         776       0.00549     11.70      2.00     6   5.6932
#         777       0.00798     17.08      2.00     7   5.6933
#         778       0.01036     16.72      2.00     7   5.6933
#         779       0.01560      4.01      2.00     7   5.6934
#         782       0.00860      8.12      2.00     4   5.6944
#         785       0.00470     15.44      1.00     4   5.6967
#         786       0.02459      9.47      2.00     7   5.6972
#         787       0.01081     14.71      2.00     7   5.6972
#         788       0.01176      7.75      2.00     5   5.6976
#         789       0.01182      4.40      2.00     5   5.6976
#         790       0.01086     14.08      2.00     5   5.6978
#         791       0.01035     15.05      2.00     7   5.6977
#         792       0.00598     10.59      2.00     6   5.6985
#         794       0.00986     27.86      2.00     6   5.7005
#         796       0.00979     44.29      2.00     7   5.7014
#         797       0.00904      5.24      2.00     4   5.7031
#         798       0.00313     13.52      2.00     5   5.7038
#         800       0.00911      7.04      1.00     6   5.7039
#         801       0.00991     12.05      2.00     6   5.7040
#         802       0.01298      6.13      2.00     6   5.7049
#         804       0.00956      6.61      2.00     6   5.7068
#         805       0.02195     28.76      2.00     5   5.7077
#         806       0.00373      9.62      1.00     4   5.7113
#         807       0.00551     15.69      2.00     6   5.7112
#         808       0.00853     19.15      1.00     6   5.7118
#         809       0.01157      4.16      2.00     6   5.7119
#         810       0.00578      7.82      2.00     6   5.7130
#         811       0.02755     14.62      2.00     7   5.7126
#         812       0.02787     11.92      2.00     7   5.7126
#         813       0.00826      4.74      2.00     4   5.7133
#         814       0.00430     10.17      2.00     3   5.7151
#         815       0.00855      7.95      2.00     5   5.7154
#         816       0.00735     29.38      2.00     6   5.7153
#         817       0.00898      5.99      1.00     6   5.7154
#         818       0.01863     52.63      2.00     6   5.7151
#         819       0.01363     13.14      2.00     6   5.7151
#         820       0.00764     13.63      2.00     6   5.7153
#         821       0.00894      6.60      2.00     5   5.7158
#         825       0.00363     34.30      2.00     5   5.7187
#         826       0.01305      4.93      2.00     6   5.7191
#         827       0.00808     29.87      2.00     6   5.7191
#         828       0.01045     23.39      1.00     6   5.7187
#         829       0.00842     11.56      2.00     6   5.7191
#         830       0.00537     24.98      2.00     6   5.7193
#         831       0.01020     22.04      2.00     6   5.7192
#         832       0.00775     21.20      2.00     6   5.7192
#         833       0.00888     33.14      2.00     6   5.7192
#         834       0.00605     73.41      2.00     6   5.7202
#         835       0.00847      8.20      2.00     5   5.7207
#         836       0.00419     14.45      2.00     4   5.7214
#         837       0.00974      9.47      2.00     6   5.7231
#         838       0.02594      8.44      2.00     6   5.7231
#         839       0.01054     11.05      2.00     7   5.7234
#         840       0.01021     15.28      2.00     7   5.7239
#         841       0.01486     33.52      2.00     7   5.7248
#         842       0.01505     27.90      2.00     7   5.7248
#         845       0.00399     10.15      2.00     6   5.7264
#         846       0.00365     31.70      1.00     6   5.7261
#         847       0.00923      8.94      2.00     6   5.7266
#         848       0.00779     33.10      1.00     6   5.7266
#         849       0.00390     20.90      2.00     4   5.7279
#         850       0.00861     12.87      2.00     5   5.7282
#         851       0.00717     40.99      2.00     5   5.7284
#         852       0.00485     15.96      2.00     4   5.7302
#         853       0.01058     55.43      2.00     6   5.7305
#         854       0.00577     25.61      2.00     6   5.7305
#         855       0.00579      4.44      2.00     4   5.7312
#         856       0.00364     31.90      2.00     5   5.7341
#         857       0.00526      6.85      1.00     4   5.7347
#         858       0.00892     23.13      2.00     6   5.7356
#         859       0.01230     21.21      2.00     7   5.7353
#         860       0.01844     27.09      2.00     7   5.7358
#         861       0.00552      7.70      2.00     6   5.7365
#         862       0.00559      5.32      2.00     6   5.7365
#         863       0.00679     29.94      2.00     6   5.7380
#         864       0.00912      4.61      2.00     5   5.7392
#         865       0.00972     17.70      2.00     6   5.7390
#         867       0.00484     40.72      2.00     5   5.7411
#         868       0.00466      9.82      2.00     6   5.7409
#         869       0.00368     18.92      2.00     6   5.7418
#         871       0.00889     55.48      2.00     7   5.7458
#         872       0.00496     45.40      2.00     5   5.7492
#         874       0.01014     42.05      1.00     6   5.7493
#         875       0.00587     45.47      1.00     6   5.7499
#         876       0.00817     19.27      2.00     6   5.7502
#         877       0.00781     19.30      2.00     6   5.7502
#         878       0.01077     31.52      2.00     6   5.7502
#         880       0.00723      4.42      2.00     5   5.7522
#         881       0.00589      7.18      2.00     6   5.7520
#         882       0.00937     28.19      2.00     6   5.7533
#         883       0.00353     28.75      2.00     5   5.7547
#         884       0.00418     11.36      2.00     4   5.7565
#         885       0.00989     14.07      2.00     6   5.7573
#         886       0.00714      4.45      2.00     5   5.7577
#         887       0.00841     11.26      2.00     5   5.7589
#         888       0.00877     52.88      2.00     6   5.7626
#         889       0.00838      7.38      2.00     5   5.7656
#         890       0.00355      8.55      1.00     6   5.7652
#         891       0.01065      5.85      2.00     4   5.7665
#         892       0.00984      8.74      2.00     5   5.7661
#         893       0.00766     17.72      2.00     6   5.7667
#         894       0.00395     25.53      2.00     5   5.7674
#         896       0.01216     14.40      2.00     7   5.7695
#         897       0.01242     15.00      2.00     7   5.7695
#         898       0.00581     24.83      2.00     6   5.7706
#         899       0.00755      4.71      2.00     6   5.7707
#         900       0.00878      5.00      2.00     5   5.7719
#         901       0.00953     19.42      2.00     6   5.7721
#         902       0.01131     14.02      2.00     7   5.7722
#         903       0.01230     14.58      2.00     7   5.7722
#         904       0.00720     13.18      2.00     6   5.7725
#         905       0.00987     16.13      2.00     6   5.7735
#         907       0.00863      9.55      2.00     5   5.7737
#         908       0.00808      4.72      2.00     5   5.7737
#         909       0.00895      5.51      2.00     5   5.7737
#         910       0.00799     16.06      1.00     6   5.7752
#         911       0.00891      4.18      2.00     5   5.7759
#         912       0.00476      7.64      2.00     6   5.7761
#         916       0.00456      4.19      2.00     6   5.7779
#         917       0.00448      7.43      2.00     6   5.7794
#         920       0.00601     18.37      1.00     6   5.7817
#         921       0.02274     12.51      2.00     6   5.7827
#         923       0.00957      5.07      1.00     6   5.7826
#         925       0.01399     24.93      2.00     7   5.7823
#         926       0.00808     34.02      2.00     7   5.7823
#         928       0.00843     17.86      2.00     6   5.7832
#         929       0.00871     17.54      2.00     6   5.7832
#         930       0.01218     26.49      2.00     6   5.7832
#         931       0.01290     19.97      2.00     7   5.7832
#         932       0.01319     20.03      2.00     7   5.7832
#         935       0.01295     14.96      2.00     7   5.7850
#         936       0.01170     16.78      2.00     7   5.7850
#         937       0.00856      7.30      2.00     5   5.7855
#         938       0.01237     21.46      2.00     6   5.7874
#         939       0.01219      4.37      2.00     4   5.7883
#         941       0.00892      4.83      2.00     5   5.7893
#         942       0.00768     16.88      2.00     5   5.7894
#         943       0.00433      6.30      1.00     6   5.7894
#         944       0.00816     15.96      2.00     7   5.7901
#         945       0.01486     29.20      2.00     6   5.7900
#         946       0.00735     24.56      1.00     6   5.7912
#         947       0.00887     11.96      2.00     6   5.7912
#         948       0.01164     23.32      2.00     7   5.7933
#         949       0.01217     39.46      2.00     7   5.7933
#         950       0.00736      4.01      2.00     5   5.7946
#         952       0.01196     19.98      2.00     6   5.7959
#         953       0.00404     11.61      2.00     4   5.7965
#         954       0.00477     16.17      2.00     4   5.7980
#         955       0.00312     11.07      2.00     5   5.7983
#         958       0.01060     49.18      2.00     6   5.8013
#         959       0.00547     33.48      1.00     6   5.8016
#         960       0.02504      8.22      2.00     6   5.8033
#         963       0.01354     11.99      2.00     7   5.8084
#         964       0.01079      8.12      2.00     7   5.8092
#         965       0.00571      6.58      2.00     5   5.8107
#         966       0.00479     41.79      2.00     5   5.8107
#         967       0.01125     18.15      2.00     6   5.8117
#         970       0.01261     11.60      2.00     7   5.8135
#         971       0.01645      8.70      2.00     7   5.8139
#         972       0.01034      8.51      2.00     7   5.8147
#         974       0.00930      4.85      2.00     6   5.8200
#         975       0.00658      4.25      2.00     5   5.8227
#         977       0.00766      9.53      2.00     6   5.8279
#         979       0.00803      4.01      2.00     5   5.8289
#         980       0.01778      8.62      2.00     7   5.8290
#         981       0.01798      7.40      2.00     7   5.8290
#         982       0.00881     29.51      2.00     6   5.8348
#         984       0.01489      4.74      2.00     6   5.8370
#         985       0.00867      6.87      2.00     5   5.8367
#         987       0.00945      4.38      2.00     5   5.8383
#         988       0.00931      7.62      2.00     4   5.8393
#         989       0.01281      4.81      2.00     6   5.8388
#         991       0.01007      4.04      2.00     5   5.8410
#         992       0.01108     15.42      2.00     7   5.8407
#         993       0.01087     18.27      2.00     7   5.8407
#         995       0.00398      8.88      2.00     6   5.8415
#         996       0.01365      7.24      2.00     6   5.8432
#         997       0.00877     11.32      2.00     6   5.8439
#         998       0.02423      6.50      2.00     7   5.8434
#         999       0.02459      6.07      2.00     7   5.8434
#        1001       0.00566     19.54      2.00     6   5.8458
#        1002       0.00894     12.07      2.00     5   5.8465
#        1004       0.00472      6.93      2.00     6   5.8462
#        1005       0.00802      7.59      2.00     6   5.8469
#        1006       0.00473     13.27      2.00     4   5.8485
#        1007       0.00601      4.56      2.00     6   5.8493
#        1008       0.00735      5.26      2.00     5   5.8490
#        1009       0.00487     24.38      2.00     5   5.8504
#        1010       0.01311     16.17      2.00     7   5.8549
#        1011       0.02094     13.82      2.00     7   5.8548
#        1012       0.00612      7.33      2.00     4   5.8550
#        1013       0.00473     20.44      2.00     5   5.8547
#        1015       0.02631     21.66      2.00     7   5.8557
#        1017       0.00830      4.19      2.00     4   5.8566
#        1019       0.00496      5.52      2.00     5   5.8602
#        1020       0.00801     13.87      2.00     5   5.8603
#        1022       0.00642     27.99      2.00     6   5.8623
#        1023       0.00725     17.93      2.00     6   5.8623
#        1024       0.00799     15.92      2.00     6   5.8623
#        1025       0.00561     66.52      2.00     6   5.8631
#        1026       0.00633     21.34      2.00     6   5.8632
#        1027       0.01021     46.01      2.00     6   5.8641
#        1028       0.00931      5.60      2.00     6   5.8646
#        1030       0.00592      7.45      2.00     4   5.8666
#        1032       0.01061     27.59      2.00     6   5.8677
#        1033       0.01606     41.95      2.00     6   5.8677
#        1034       0.01466     26.28      2.00     6   5.8677
#        1036       0.00422     21.06      2.00     5   5.8689
#        1037       0.00791      6.41      2.00     5   5.8689
#        1039       0.01393     34.30      2.00     5   5.8713
#        1040       0.00799      5.23      2.00     5   5.8733
#        1041       0.00796      4.09      2.00     4   5.8740
#        1043       0.00783     24.45      1.00     6   5.8790
#        1044       0.00396     65.64      2.00     6   5.8787
#        1045       0.00830      8.45      2.00     6   5.8794
#        1046       0.00371     19.92      2.00     5   5.8807
#        1047       0.00758      6.32      2.00     6   5.8805
#        1048       0.00854     10.08      2.00     5   5.8817
#        1050       0.00604      4.47      1.00     4   5.8824
#        1051       0.00572     10.52      2.00     6   5.8827
#        1052       0.00582      7.03      2.00     6   5.8827
#        1054       0.01323     22.03      2.00     6   5.8848
#        1055       0.01354      4.98      2.00     6   5.8846
#        1056       0.02094     11.21      2.00     7   5.8857
#        1057       0.00474      4.33      2.00     3   5.8882
#        1058       0.00698     15.06      2.00     6   5.8882
#        1059       0.00877     17.99      2.00     6   5.8891
#        1060       0.00799     13.84      2.00     6   5.8890
#        1062       0.00930      4.30      2.00     6   5.8908
#        1063       0.00434     52.46      2.00     6   5.8916
#        1064       0.00527     21.35      2.00     5   5.8933
#        1065       0.01102     19.12      2.00     6   5.8932
#        1066       0.02383      7.05      2.00     6   5.8929
#        1068       0.00458     16.34      2.00     5   5.8952
#        1069       0.00912     14.83      2.00     6   5.8962
#        1070       0.00644      5.61      2.00     6   5.8971
#        1072       0.01816      4.44      2.00     6   5.8991
#        1074       0.00429      5.08      1.00     4   5.8992
#        1075       0.01003     15.26      2.00     6   5.8999
#        1078       0.00511     28.47      1.00     6   5.9043
#        1080       0.00713      4.03      2.00     4   5.9068
#        1081       0.00910      4.31      2.00     6   5.9074
#        1084       0.01042     12.41      2.00     6   5.9095
#        1085       0.00487      4.59      2.00     4   5.9115
#        1086       0.00947      4.41      2.00     5   5.9112
#        1087       0.02481      5.91      2.00     6   5.9114
#        1088       0.00508     24.30      2.00     5   5.9119
#        1089       0.00901      8.43      2.00     6   5.9132
#        1090       0.00912     77.62      2.00     7   5.9130
#        1094       0.00419      5.08      2.00     6   5.9168
#        1095       0.01008      5.69      2.00     5   5.9173
#        1096       0.01045     59.53      2.00     6   5.9174
#        1097       0.01308      8.63      2.00     7   5.9172
#        1098       0.00797     13.89      2.00     6   5.9186
#        1099       0.00661      5.45      2.00     5   5.9191
#        1100       0.00545     24.64      2.00     5   5.9207
#        1101       0.01035     17.26      2.00     6   5.9207
#        1102       0.01513      6.15      2.00     5   5.9214
#        1106       0.00881     15.47      2.00     6   5.9221
#        1110       0.00814      4.02      2.00     5   5.9243
#        1111       0.00787     10.33      2.00     5   5.9243
#        1112       0.00625     28.14      2.00     7   5.9241
#        1114       0.00580      7.64      2.00     6   5.9247
#        1115       0.00495     33.09      1.00     6   5.9246
#        1116       0.00741     11.34      2.00     6   5.9264
#        1117       0.00587      6.31      2.00     6   5.9261
#        1119       0.01062     53.95      2.00     7   5.9270
#        1120       0.00828     30.52      2.00     7   5.9270
#        1122       0.00958     10.98      2.00     7   5.9280
#        1124       0.00841     21.75      2.00     5   5.9313
#        1125       0.00967     42.78      2.00     7   5.9309
#        1126       0.00960     43.57      2.00     7   5.9309
#        1127       0.00914      7.98      2.00     6   5.9326
#        1128       0.00905      8.63      2.00     6   5.9326
#        1129       0.01067      6.40      2.00     6   5.9349
#        1131       0.01738     38.26      2.00     6   5.9385
#        1132       0.00406      9.84      2.00     6   5.9381
#        1133       0.00705     14.32      2.00     7   5.9383
#        1134       0.02404    108.10      2.00     7   5.9384
#        1135       0.00906      4.45      2.00     4   5.9389
#        1137       0.00911      5.07      2.00     6   5.9391
#        1138       0.00834      6.98      2.00     5   5.9404
#        1139       0.01112     70.91      2.00     7   5.9405
#        1140       0.00751     57.61      2.00     7   5.9405
#        1141       0.01055      5.44      2.00     6   5.9408
#        1142       0.01073      6.72      2.00     5   5.9419
#        1143       0.00645     45.47      2.00     7   5.9414
#        1144       0.00625     46.59      2.00     7   5.9422
#        1145       0.01067     71.40      2.00     7   5.9422
#        1146       0.00926      4.53      2.00     5   5.9432
#        1147       0.00927      7.25      2.00     6   5.9437
#        1149       0.00817      9.19      2.00     6   5.9452
#        1150       0.01737     73.42      2.00     7   5.9459
#        1151       0.01737     74.26      2.00     7   5.9459
#        1152       0.00820      7.36      2.00     6   5.9466
#        1153       0.01487      4.45      2.00     6   5.9477
#        1154       0.01288     22.89      2.00     6   5.9474
#        1156       0.00645     15.51      2.00     7   5.9482
#        1157       0.01059     55.44      2.00     6   5.9496
#        1158       0.01133     29.20      2.00     7   5.9497
#        1159       0.00945     60.80      2.00     7   5.9497
#        1160       0.00928      7.99      2.00     6   5.9506
#        1161       0.00851     11.11      2.00     6   5.9515
#        1162       0.01016      4.59      2.00     6   5.9518
#        1163       0.00707     18.96      2.00     7   5.9516
#        1164       0.00961      8.99      2.00     6   5.9523
#        1165       0.00846     11.44      2.00     5   5.9533
#        1166       0.01326     23.57      2.00     7   5.9535
#        1167       0.01062    108.10      2.00     7   5.9570
#        1169       0.00937      4.25      2.00     6   5.9578
#        1170       0.01034      4.48      2.00     6   5.9604
#        1171       0.00848     20.18      2.00     6   5.9607
#        1172       0.00646     26.17      2.00     7   5.9609
#        1173       0.01118    106.50      2.00     7   5.9610
#        1174       0.01118      7.03      2.00     6   5.9627
#        1175       0.00783     15.72      2.00     7   5.9632
#        1178       0.00599      7.12      2.00     5   5.9657
#        1179       0.00741     33.28      2.00     7   5.9665
#        1180       0.00925      6.97      2.00     6   5.9694
#        1181       0.00941      5.01      2.00     6   5.9694
#        1182       0.01029     25.69      2.00     7   5.9690
#        1184       0.01031     12.39      2.00     6   5.9697
#        1185       0.01047    152.90      2.00     7   5.9699
#        1186       0.01154     52.07      2.00     7   5.9714
#        1187       0.01261     18.59      2.00     7   5.9714
#        1190       0.00869     11.36      2.00     6   5.9741
#        1192       0.00381     26.05      2.00     5   5.9775
#        1194       0.00536     24.83      2.00     7   5.9784
#        1197       0.00915      7.45      2.00     5   5.9806
#        1198       0.00424     11.31      2.00     7   5.9824
#        1199       0.00559     37.81      2.00     6   5.9838
#        1200       0.00767     44.24      2.00     6   5.9838
#        1201       0.01146     46.64      2.00     7   5.9839
#        1202       0.00939     21.79      2.00     7   5.9839
#        1204       0.00437     10.90      2.00     6   5.9876
#        1205       0.00864     10.96      2.00     7   5.9878
#        1206       0.00967     16.78      2.00     7   5.9878
#        1208       0.01155     18.20      2.00     5   5.9883
#        1209       0.00732      5.96      2.00     6   5.9881
#        1210       0.00861      4.56      2.00     5   5.9893
#        1211       0.00407      5.52      2.00     5   5.9898
#        1213       0.00871      6.64      2.00     5   5.9907
#        1214       0.00385     23.71      2.00     7   5.9905
#        1215       0.00790     13.31      2.00     7   5.9911
#        1216       0.01248     20.17      2.00     7   5.9911
#        1217       0.01436     10.93      2.00     7   5.9920
#        1218       0.00603      6.09      2.00     5   5.9920
#        1219       0.02108      9.61      2.00     7   5.9920
#        1220       0.02103      5.94      2.00     5   5.9933
#        1221       0.00524     52.57      2.00     6   5.9931
#        1222       0.00830     11.96      2.00     6   5.9929
#        1223       0.00440     18.02      2.00     7   5.9951
#        1225       0.00776     45.69      2.00     7   5.9952
#        1226       0.01053     10.75      2.00     7   5.9952
#        1227       0.00576      9.07      2.00     5   5.9959
#        1229       0.01160     12.30      2.00     5   5.9971
#        1230       0.00882      4.77      2.00     6   5.9969
#        1231       0.00706      9.07      2.00     6   5.9974
#        1232       0.01195     54.25      2.00     7   5.9990
#        1233       0.00943     43.68      2.00     7   5.9991
#        1234       0.01025     21.86      2.00     7   5.9990
#        1235       0.01190     10.63      2.00     7   5.9991
#        1236       0.01044     30.36      2.00     7   5.9998
#        1237       0.01389     59.27      2.00     7   5.9998
#        1238       0.00390     18.26      2.00     7   6.0011
#        1239       0.01081      5.81      2.00     6   6.0024
#        1240       0.01077      5.45      2.00     6   6.0024
#        1241       0.01318      5.79      2.00     7   6.0027
#        1242       0.01338      5.97      2.00     7   6.0027
#        1243       0.01332     33.10      2.00     7   6.0029
#        1244       0.00798     21.30      2.00     7   6.0029
#        1245       0.00738     18.82      2.00     7   6.0029
#        1246       0.01374      4.70      2.00     6   6.0036
#        1247       0.01291      4.21      2.00     6   6.0036
#        1248       0.02119      6.72      1.00     6   6.0036
#        1249       0.00816      4.37      1.00     6   6.0036
#        1250       0.00913      4.09      1.00     6   6.0036
#        1251       0.01794      5.95      2.00     7   6.0046
#        1252       0.01956      7.61      2.00     7   6.0046
#        1253       0.00613      6.87      2.00     5   6.0043
#        1254       0.00885      9.15      2.00     7   6.0043
#        1255       0.00984     18.69      2.00     7   6.0043
#        1257       0.00988      9.04      2.00     7   6.0051
#        1258       0.00852     19.36      2.00     6   6.0057
#        1260       0.00894      5.92      2.00     6   6.0064
#        1261       0.00571     21.72      2.00     7   6.0065
#        1263       0.00602     10.76      2.00     5   6.0076
#        1265       0.00891      8.01      2.00     6   6.0078
#        1266       0.00886     33.98      1.00     6   6.0092
#        1268       0.00956      7.58      2.00     6   6.0098
#        1270       0.00597      5.53      2.00     5   6.0101
#        1271       0.00881     36.11      2.00     7   6.0131
#        1272       0.00928     11.59      2.00     7   6.0140
#        1273       0.00689      9.91      2.00     5   6.0147
#        1274       0.01062    100.20      2.00     7   6.0147
#        1275       0.02136      4.89      2.00     5   6.0168
#        1276       0.00623     10.60      2.00     5   6.0172
#        1277       0.00587     10.73      2.00     5   6.0182
#        1278       0.00862      5.59      2.00     5   6.0182
#        1279       0.00253      4.41      2.00     4   6.0183
#        1280       0.01727      4.10      2.00     6   6.0188
#        1282       0.00745      4.13      2.00     6   6.0195
#        1283       0.00400     31.00      2.00     6   6.0194
#        1284       0.00863      7.96      2.00     6   6.0196
#        1285       0.00357     36.66      2.00     6   6.0194
#        1287       0.00625     26.69      2.00     6   6.0203
#        1288       0.00450     11.12      2.00     5   6.0212
#        1291       0.01370      6.65      2.00     7   6.0255
#        1292       0.00983     14.48      2.00     7   6.0265
#        1293       0.01052     60.04      2.00     7   6.0273
#        1294       0.01020      4.62      2.00     6   6.0281
#        1295       0.00573      8.73      2.00     5   6.0298
#        1296       0.01291     58.64      2.00     7   6.0298
#        1297       0.00780     20.16      2.00     7   6.0299
#        1298       0.00710      6.38      2.00     6   6.0302
#        1299       0.01485     34.28      1.00     6   6.0313
#        1300       0.00991      6.56      2.00     6   6.0312
#        1301       0.01106     75.98      2.00     7   6.0314
#        1302       0.00932      9.69      2.00     6   6.0318
#        1303       0.00567     20.87      2.00     7   6.0314
#        1304       0.00400     27.44      2.00     6   6.0321
#        1305       0.00491     12.49      2.00     5   6.0325
#        1306       0.00590      5.32      2.00     6   6.0344
#        1307       0.01039     21.63      2.00     7   6.0353
#        1308       0.01672     44.48      2.00     7   6.0353
#        1310       0.00912     22.87      2.00     7   6.0372
#        1312       0.00928     18.06      2.00     6   6.0393
#        1313       0.00823     11.26      2.00     6   6.0417
#        1314       0.00845      9.04      2.00     7   6.0426
#        1315       0.00879      4.86      2.00     6   6.0429
#        1316       0.00824     10.49      2.00     6   6.0431
#        1317       0.02600     15.57      2.00     7   6.0434
#        1319       0.01378      7.06      2.00     7   6.0443
#        1322       0.00451     30.62      2.00     6   6.0452
#        1324       0.00929     32.67      2.00     7   6.0468
#        1325       0.01395     29.68      2.00     7   6.0479
#        1326       0.01377     30.49      2.00     7   6.0479
#        1327       0.00606      4.19      2.00     5   6.0492
#        1328       0.00898      5.52      2.00     6   6.0502
#        1329       0.00714     19.79      2.00     7   6.0504
#        1331       0.00457     12.62      2.00     7   6.0520
#        1332       0.00754     33.31      2.00     7   6.0521
#        1334       0.00725      5.37      2.00     3   6.0536
#        1335       0.02200      6.81      1.00     6   6.0537
#        1336       0.01006     19.36      2.00     7   6.0559
#        1337       0.01455      7.99      2.00     7   6.0561
#        1338       0.01449     68.17      2.00     7   6.0559
#        1339       0.00586      7.89      2.00     4   6.0569
#        1342       0.00624     17.80      2.00     6   6.0567
#        1343       0.01631      4.54      2.00     5   6.0575
#        1346       0.00827      4.45      2.00     6   6.0589
#        1347       0.00559      9.88      2.00     5   6.0595
#        1348       0.00521     53.28      2.00     6   6.0603
#        1349       0.01292     30.97      2.00     7   6.0613
#        1350       0.01249     31.77      2.00     7   6.0613
#        1354       0.00410      4.34      2.00     4   6.0625
#        1356       0.00881     23.87      2.00     7   6.0630
#        1357       0.00770      5.00      2.00     7   6.0637
#        1359       0.00587     13.71      2.00     5   6.0643
#        1360       0.02125      4.04      2.00     5   6.0661
#        1361       0.00899     19.33      2.00     6   6.0672
#        1362       0.00872      9.69      2.00     6   6.0675
#        1365       0.00872     10.69      2.00     6   6.0689
#        1366       0.01001      6.08      2.00     6   6.0687
#        1367       0.01464      9.19      2.00     7   6.0691
#        1368       0.00408      6.77      1.00     6   6.0694
#        1369       0.02126      8.21      2.00     7   6.0691
#        1370       0.00887     17.02      2.00     7   6.0691
#        1372       0.01035      6.43      2.00     6   6.0708
#        1374       0.00966      6.18      2.00     5   6.0720
#        1375       0.01615      8.53      2.00     7   6.0730
#        1377       0.00900     34.91      2.00     7   6.0746
#        1378       0.00885     16.51      2.00     6   6.0764
#        1379       0.00804      4.45      2.00     6   6.0764
#        1380       0.00803      5.62      2.00     6   6.0764
#        1381       0.00925     13.77      2.00     7   6.0763
#        1383       0.00620      5.05      2.00     6   6.0774
#        1386       0.01959     11.05      2.00     7   6.0805
#        1388       0.00984     20.36      2.00     7   6.0818
#        1391       0.00935     11.76      2.00     7   6.0847
#        1393       0.01571      7.50      2.00     6   6.0855
#        1394       0.00990      4.13      2.00     6   6.0861
#        1395       0.00990      6.56      2.00     6   6.0868
#        1397       0.01902    155.20      2.00     7   6.0875
#        1398       0.00619     14.22      2.00     6   6.0884
#        1399       0.00947     23.59      2.00     7   6.0880
#        1403       0.00959      8.23      2.00     5   6.0910
#        1404       0.01213      8.65      2.00     6   6.0909
#        1405       0.01175      7.42      2.00     6   6.0911
#        1406       0.02466     14.26      2.00     7   6.0918
#        1408       0.01018      6.90      2.00     7   6.0931
#        1410       0.00388      7.34      2.00     4   6.0939
#        1412       0.00861     13.03      2.00     7   6.0943
#        1413       0.00307      7.37      2.00     4   6.0961
#        1416       0.01171     31.31      2.00     7   6.0985
#        1417       0.01887     72.10      2.00     7   6.0985
#        1418       0.00398     11.57      2.00     6   6.0994
#        1420       0.00975      5.28      2.00     6   6.1032
#        1421       0.00988      4.34      2.00     7   6.1034
#        1422       0.00634     10.45      2.00     6   6.1067
#        1423       0.00731      4.69      2.00     5   6.1083
#        1424       0.00634     10.53      2.00     5   6.1085
#        1426       0.00824     14.76      2.00     5   6.1094
#        1427       0.00870      5.34      1.00     6   6.1089
#        1428       0.01132    115.30      2.00     7   6.1096
#        1429       0.00567      8.15      2.00     6   6.1119
#        1430       0.00555     89.89      2.00     7   6.1128
#        1431       0.01043     13.26      2.00     6   6.1133
#        1432       0.00807      4.77      2.00     6   6.1137
#        1433       0.00636     18.92      2.00     6   6.1159
#        1437       0.00823     27.87      2.00     6   6.1168
#        1438       0.01586      4.43      2.00     5   6.1190
#        1439       0.01021      4.22      2.00     6   6.1189
#        1443       0.00878     25.74      2.00     7   6.1200
#        1444       0.00861     17.39      2.00     7   6.1214
#        1445       0.00444      7.38      2.00     6   6.1219
#        1446       0.00557      7.43      2.00     5   6.1232
#        1447       0.01015     22.84      2.00     7   6.1303
#        1448       0.01639      4.38      2.00     7   6.1335
#        1449       0.01757      7.57      2.00     6   6.1342
#        1450       0.00309      6.65      2.00     4   6.1352
#        1452       0.01014      4.09      2.00     6   6.1367
#        1453       0.01105     15.36      2.00     6   6.1370
#        1454       0.00574     15.29      2.00     6   6.1375
#        1455       0.01799      4.10      2.00     7   6.1391
#        1456       0.01956      5.34      2.00     7   6.1391
#        1457       0.02519      8.09      2.00     6   6.1422
#        1458       0.00586     71.86      2.00     7   6.1437
#        1459       0.01381      6.47      2.00     6   6.1445
#        1460       0.00562     26.94      2.00     6   6.1454
#        1461       0.01006     12.48      2.00     7   6.1452
#        1463       0.01236     49.15      2.00     7   6.1459
#        1464       0.01050     10.52      2.00     7   6.1459
#        1467       0.00417     22.86      2.00     7   6.1476
#        1468       0.01138     12.21      1.00     6   6.1492
#        1469       0.01123      8.43      2.00     6   6.1501
#        1471       0.00994      7.95      2.00     6   6.1513
#        1472       0.01034     10.41      2.00     6   6.1513
#        1477       0.01531      7.32      2.00     6   6.1529
#        1479       0.01856      5.54      2.00     7   6.1527
#        1481       0.05397      5.04      2.00     7   6.1527
#        1484       0.00911     12.34      2.00     7   6.1553
#        1485       0.00629      8.59      2.00     6   6.1552
#        1486       0.01036     18.51      2.00     7   6.1550
#        1489       0.00543     75.18      2.00     7   6.1563
#        1492       0.00904     18.80      2.00     7   6.1569
#        1493       0.00748     15.84      2.00     7   6.1569
#        1494       0.00765     17.48      2.00     6   6.1581
#        1495       0.00743      8.70      2.00     7   6.1584
#        1498       0.00537      4.36      2.00     5   6.1592
#        1499       0.00987      4.38      2.00     6   6.1593
#        1500       0.00626     14.66      2.00     6   6.1591
#        1501       0.01014     25.05      2.00     7   6.1601
#        1503       0.00556      8.03      1.00     6   6.1599
#        1505       0.00938      6.29      2.00     5   6.1613
#        1506       0.00547     29.42      2.00     6   6.1615
#        1508       0.01252      5.87      2.00     6   6.1628
#        1509       0.01131      8.44      2.00     6   6.1632
#        1510       0.00627     11.87      2.00     5   6.1660
#        1512       0.00610      9.06      1.00     6   6.1659
#        1513       0.00709     23.21      2.00     7   6.1657
#        1514       0.01112      8.63      2.00     6   6.1669
#        1518       0.00634      9.14      2.00     6   6.1680
#        1519       0.00851     15.95      2.00     5   6.1686
#        1521       0.00901      7.58      2.00     7   6.1695
#        1522       0.00619     10.20      2.00     5   6.1709
#        1524       0.00604     13.86      2.00     6   6.1707
#        1525       0.00900     12.86      2.00     7   6.1710
#        1526       0.00630     21.18      2.00     6   6.1734
#        1527       0.01080      6.07      2.00     6   6.1744
#        1528       0.00894     11.77      2.00     7   6.1742
#        1529       0.00885     24.99      2.00     7   6.1743
#        1530       0.00535     86.51      2.00     7   6.1743
#        1533       0.00595      6.43      2.00     6   6.1768
#        1534       0.00726      7.55      2.00     5   6.1780
#        1536       0.00659     16.78      2.00     6   6.1778
#        1537       0.00903      7.20      2.00     7   6.1778
#        1538       0.00576     18.47      2.00     6   6.1783
#        1539       0.00871      4.90      2.00     6   6.1800
#        1542       0.00337      4.61      2.00     4   6.1812
#        1543       0.00884     12.20      2.00     7   6.1815
#        1544       0.00513     10.22      2.00     6   6.1833
#        1545       0.00995     19.56      2.00     7   6.1829
#        1547       0.00788     12.19      2.00     6   6.1866
#        1549       0.01319      4.12      2.00     4   6.1885
#        1551       0.01116     44.02      2.00     7   6.1894
#        1552       0.01515      4.07      2.00     6   6.1904
#        1553       0.00987      7.68      2.00     7   6.1909
#        1554       0.00923      9.62      2.00     7   6.1911
#        1555       0.00747     30.42      2.00     7   6.1915
#        1556       0.00752      7.88      2.00     7   6.1923
#        1558       0.00941      7.76      2.00     6   6.1928
#        1559       0.01473      7.39      2.00     7   6.1927
#        1562       0.00377      9.44      2.00     5   6.1949
#        1563       0.00743      4.84      2.00     6   6.1946
#        1565       0.01795     18.39      2.00     7   6.1946
#        1568       0.00855      4.24      2.00     5   6.1970
#        1569       0.01538      7.46      2.00     7   6.1979
#        1570       0.00635      4.45      2.00     6   6.1996
#        1571       0.01032     21.66      2.00     7   6.1993
#        1573       0.00943     14.32      2.00     7   6.2003
#        1575       0.00427      7.94      2.00     6   6.2015
#        1577       0.00848      9.19      2.00     4   6.2011
#        1579       0.00852      7.26      2.00     6   6.2033
#        1581       0.00897     28.25      2.00     7   6.2043
#        1584       0.01212      4.34      2.00     6   6.2078
#        1585       0.00213      5.27      1.00     2   6.2091
#        1587       0.00938     10.55      2.00     7   6.2101
#        1588       0.00943      7.37      2.00     7   6.2099
#        1589       0.00959      7.54      2.00     7   6.2113
#        1590       0.01994      7.34      2.00     5   6.2121
#        1594       0.01567     17.70      2.00     7   6.2134
#        1595       0.00500      5.21      2.00     4   6.2140
#        1596       0.01363      7.83      2.00     7   6.2153
#        1599       0.01038     14.08      2.00     7   6.2185
#        1600       0.01117      9.76      2.00     7   6.2185
#        1601       0.01133     23.81      2.00     7   6.2194
#        1602       0.01065     13.46      2.00     7   6.2194
#        1603       0.00920      6.64      2.00     7   6.2217
#        1604       0.00505      5.72      2.00     6   6.2234
#        1605       0.00914      5.43      2.00     7   6.2239
#        1606       0.00964     10.20      2.00     6   6.2241
#        1607       0.00987      4.16      2.00     5   6.2246
#        1609       0.01179     12.94      2.00     6   6.2264
#        1612       0.01222     23.02      2.00     7   6.2272
#        1616       0.00834      4.43      2.00     6   6.2302
#        1618       0.01184     12.14      2.00     6   6.2310
#        1619       0.01834     11.79      2.00     7   6.2318
#        1620       0.00493      5.96      2.00     5   6.2333
#        1622       0.01108      7.43      2.00     6   6.2340
#        1623       0.00397      8.06      2.00     5   6.2349
#        1624       0.01022      4.66      2.00     5   6.2362
#        1626       0.00870      6.79      2.00     7   6.2390
#        1631       0.00395      6.02      2.00     3   6.2418
#        1633       0.01281     13.52      1.00     6   6.2419
#        1636       0.00385      7.93      2.00     5   6.2445
#        1638       0.01160     11.32      2.00     6   6.2453
#        1641       0.01277      4.18      2.00     6   6.2460
#        1642       0.00497      4.24      2.00     4   6.2471
#        1646       0.00913      4.33      2.00     5   6.2490
#        1647       0.01003      6.35      2.00     7   6.2493
#        1648       0.01074     20.45      2.00     7   6.2493
#        1650       0.00829     11.96      2.00     6   6.2495
#        1651       0.01521     11.33      2.00     7   6.2506
#        1652       0.00991     15.50      2.00     7   6.2509
#        1653       0.01249      4.11      2.00     6   6.2513
#        1654       0.01123      6.92      2.00     6   6.2517
#        1655       0.00421     12.39      2.00     6   6.2520
#        1656       0.02475      4.21      2.00     5   6.2529
#        1657       0.00400     13.49      2.00     5   6.2536
#        1658       0.00413      8.97      2.00     5   6.2571
#        1660       0.01336      7.81      2.00     7   6.2574
#        1661       0.01826      7.35      2.00     7   6.2574
#        1662       0.01523      5.48      2.00     6   6.2581
#        1663       0.01274      6.81      2.00     6   6.2589
#        1666       0.00364      4.47      2.00     5   6.2612
#        1667       0.00595      4.08      2.00     6   6.2611
#        1668       0.00430      4.64      2.00     4   6.2625
#        1669       0.03014      9.22      2.00     6   6.2624
#        1670       0.01351      5.59      2.00     6   6.2632
#        1671       0.01334     10.29      2.00     7   6.2628
#        1675       0.00563      7.06      2.00     6   6.2645
#        1678       0.01282     12.59      2.00     7   6.2663
#        1684       0.00828     11.11      2.00     6   6.2690
#        1685       0.01608      4.91      2.00     6   6.2693
#        1686       0.00802      7.40      2.00     6   6.2694
#        1687       0.00379     15.25      2.00     6   6.2702
#        1688       0.00987      4.89      2.00     5   6.2719
#        1690       0.00796      4.09      2.00     7   6.2732
#        1691       0.00889      8.73      2.00     7   6.2732
#        1692       0.01136      8.72      2.00     7   6.2732
#        1694       0.01416      8.67      2.00     7   6.2732
#        1695       0.00582     19.45      2.00     5   6.2736
#        1696       0.00422      8.31      2.00     5   6.2749
#        1699       0.02427      9.71      2.00     6   6.2790
#        1700       0.00869     14.47      2.00     6   6.2793
#        1701       0.00423      4.97      2.00     5   6.2799
#        1702       0.00861     11.02      2.00     6   6.2799
#        1703       0.01067     11.34      2.00     7   6.2809
#        1704       0.00707     12.43      2.00     6   6.2819
#        1705       0.00424     40.80      2.00     7   6.2842
#        1706       0.00481      7.94      2.00     5   6.2858
#        1710       0.00982      4.11      2.00     5   6.2876
#        1712       0.01051      5.72      2.00     6   6.2886
#        1713       0.00425      5.92      2.00     4   6.2895
#        1714       0.01180      4.07      2.00     4   6.2901
#        1716       0.00484      4.22      2.00     6   6.2901
#        1717       0.00675     13.47      2.00     6   6.2903
#        1718       0.00292      5.42      2.00     5   6.2910
#        1719       0.01259      5.44      2.00     5   6.2920
#        1720       0.00749      7.10      2.00     6   6.2917
#        1722       0.01389      4.22      2.00     7   6.2930
#        1723       0.01180     16.55      2.00     7   6.2939
#        1727       0.00582     13.40      2.00     6   6.2952
#        1728       0.00696     13.29      2.00     6   6.2951
#        1729       0.00903      6.32      2.00     7   6.2949
#        1730       0.00843     45.21      2.00     7   6.2949
#        1731       0.00360      9.38      2.00     5   6.2958
#        1736       0.00498      6.61      1.00     4   6.2984
#        1737       0.00578      8.90      2.00     5   6.2984
#        1738       0.00808      4.94      2.00     7   6.2991
#        1739       0.00412     11.56      2.00     5   6.2999
#        1742       0.00861     10.90      2.00     6   6.3019
#        1745       0.00432      5.68      2.00     4   6.3025
#        1746       0.00620      4.88      2.00     6   6.3026
#        1747       0.01502     10.14      2.00     7   6.3026
#        1749       0.01013      4.58      2.00     5   6.3030
#        1750       0.00932     11.54      2.00     7   6.3040
#        1751       0.00397     15.06      2.00     6   6.3042
#        1752       0.00327      4.43      2.00     4   6.3048
#        1753       0.01732      5.58      2.00     3   6.3054
#        1758       0.01780      5.37      2.00     5   6.3069
#        1759       0.00542     12.62      2.00     5   6.3079
#        1760       0.00748      9.23      2.00     6   6.3077
#        1762       0.00842      7.75      2.00     7   6.3085
#        1764       0.01552     15.76      2.00     7   6.3098
#        1765       0.00429      8.73      2.00     5   6.3099
#        1767       0.00511      6.55      2.00     6   6.3103
#        1771       0.01312      7.33      2.00     7   6.3138
#        1772       0.01740      9.34      2.00     6   6.3143
#        1773       0.01756      9.31      2.00     7   6.3153
#        1775       0.02415      4.04      1.00     6   6.3161
#        1777       0.00913     18.98      2.00     7   6.3168
#        1779       0.00648      4.49      2.00     4   6.3192
#        1780       0.00552     21.93      2.00     6   6.3191
#        1781       0.01245      8.26      2.00     6   6.3192
#        1782       0.00790     30.63      2.00     7   6.3192
#        1783       0.00620      5.20      2.00     6   6.3195
#        1784       0.00803      7.57      2.00     6   6.3201
#        1786       0.00591      7.74      2.00     5   6.3208
#        1790       0.01461      4.77      2.00     7   6.3235
#        1791       0.01328     12.03      2.00     6   6.3245
#        1792       0.00788     17.67      2.00     6   6.3260
#        1793       0.01746     14.91      2.00     7   6.3266
#        1794       0.01301      5.22      2.00     4   6.3280
#        1797       0.00237      8.44      2.00     3   6.3293
#        1799       0.01270     21.01      2.00     7   6.3302
#        1800       0.00890      4.06      2.00     7   6.3307
#        1802       0.00583     21.38      2.00     6   6.3318
#        1803       0.00958     10.54      2.00     6   6.3323
#        1804       0.01795      6.82      1.00     6   6.3320
#        1805       0.00879     18.80      2.00     7   6.3323
#        1807       0.01019      9.05      2.00     6   6.3340
#        1808       0.01427      8.19      2.00     7   6.3341
#        1814       0.02566      7.60      2.00     6   6.3371
#        1816       0.01319      5.06      2.00     5   6.3378
#        1817       0.00656      4.03      2.00     7   6.3394
#        1818       0.01757     24.57      2.00     7   6.3394
#        1819       0.01453      7.01      2.00     7   6.3398
#        1822       0.00692      5.12      2.00     4   6.3415
#        1823       0.00633     15.81      2.00     6   6.3419
#        1826       0.01227      6.91      2.00     5   6.3425
#        1827       0.00553     11.89      2.00     5   6.3421
#        1828       0.00696     12.06      2.00     7   6.3428
#        1829       0.00502      8.86      2.00     5   6.3432
#        1830       0.00650     19.41      2.00     7   6.3440
#        1833       0.00538      9.52      2.00     5   6.3470
#        1834       0.00702     19.76      2.00     7   6.3467
#        1838       0.00799     32.94      2.00     7   6.3476
#        1839       0.02604      5.01      2.00     6   6.3478
#        1840       0.00833      7.92      2.00     6   6.3496
#        1841       0.01316      4.06      2.00     5   6.3505
#        1842       0.01006      7.26      2.00     6   6.3501
#        1845       0.01519      4.83      2.00     7   6.3505
#        1846       0.01249      9.52      2.00     7   6.3508
#        1847       0.01336      7.57      2.00     5   6.3512
#        1849       0.00989      9.36      2.00     7   6.3529
#        1851       0.00396      4.51      2.00     4   6.3538
#        1853       0.01055      5.83      2.00     5   6.3540
#        1854       0.01009     11.27      2.00     7   6.3543
#        1855       0.01019      4.41      2.00     7   6.3547
#        1856       0.00431      7.78      2.00     5   6.3549
#        1857       0.00338      5.90      2.00     4   6.3559
#        1858       0.01424      4.96      2.00     6   6.3566
#        1861       0.00332      8.36      2.00     5   6.3573
#        1870       0.00987      5.07      1.00     6   6.3600
#        1871       0.00987      5.07      1.00     6   6.3600
#        1872       0.00320      8.54      2.00     5   6.3608
#        1873       0.00431     11.87      2.00     6   6.3624
#        1875       0.01034      6.90      2.00     7   6.3643
#        1876       0.01692     11.80      2.00     7   6.3647
#        1877       0.00609     24.77      2.00     7   6.3659
#        1878       0.01070      5.25      2.00     7   6.3660
#        1881       0.00393     16.00      2.00     5   6.3678
#        1882       0.01230      5.81      2.00     7   6.3678
#        1883       0.01705      6.57      2.00     7   6.3682
#        1884       0.01615      4.63      2.00     6   6.3686
#        1885       0.00555     10.32      2.00     7   6.3683
#        1887       0.01656      4.68      2.00     6   6.3688
#        1888       0.00385     14.43      2.00     6   6.3695
#        1889       0.00954      7.09      2.00     6   6.3695
#        1890       0.01567      8.22      2.00     6   6.3694
#        1891       0.01281     11.29      2.00     7   6.3710
#        1892       0.01519      6.37      2.00     6   6.3714
#        1893       0.00536     12.55      2.00     5   6.3724
#        1894       0.00695      9.32      2.00     6   6.3731
#        1900       0.00371     25.64      2.00     6   6.3740
#        1902       0.01303      5.85      2.00     7   6.3745
#        1904       0.01029      4.04      2.00     6   6.3752
#        1905       0.01366     11.42      2.00     7   6.3750
#        1909       0.00394     29.01      2.00     7   6.3769
#        1910       0.01322     14.62      2.00     7   6.3768
#        1912       0.03628     24.93      2.00     5   6.3777
#        1914       0.01203     21.60      2.00     7   6.3783
#        1915       0.00438      5.65      2.00     5   6.3786
#        1920       0.00536     28.65      2.00     6   6.3803
#        1921       0.00846      4.18      2.00     6   6.3811
#        1922       0.00627     13.54      2.00     7   6.3808
#        1924       0.00874     15.67      2.00     7   6.3812
#        1925       0.00780      5.73      2.00     7   6.3812
#        1926       0.01215      4.11      2.00     7   6.3812
#        1927       0.00801      5.36      2.00     7   6.3812
#        1928       0.01384      6.55      2.00     6   6.3817
#        1930       0.01213     30.25      2.00     7   6.3816
#        1932       0.01073     23.82      2.00     7   6.3824
#        1936       0.00453      9.03      2.00     6   6.3854
#        1937       0.00439      5.50      2.00     5   6.3859
#        1938       0.00990      5.68      2.00     6   6.3864
#        1940       0.00861     18.40      2.00     7   6.3864
#        1941       0.01173     14.78      2.00     7   6.3863
#        1942       0.04877      5.04      2.00     6   6.3868
#        1943       0.00928     18.40      2.00     6   6.3869
#        1944       0.00605      4.17      2.00     5   6.3871
#        1947       0.01027      5.99      2.00     6   6.3878
#        1949       0.00735     19.00      2.00     7   6.3886
#        1953       0.00780      5.88      2.00     6   6.3897
#        1954       0.01416     23.61      2.00     7   6.3896
#        1958       0.01636      5.11      2.00     5   6.3912
#        1960       0.01068      5.84      2.00     7   6.3917
#        1964       0.01166     33.79      2.00     7   6.3932
#        1965       0.01049     14.68      2.00     7   6.3937
#        1966       0.01159     16.84      2.00     7   6.3937
#        1967       0.00838     13.90      2.00     7   6.3938
#        1968       0.00522      7.68      2.00     5   6.3940
#        1969       0.01189     13.70      2.00     7   6.3942
#        1970       0.00647     38.56      2.00     7   6.3943
#        1971       0.01484     27.66      2.00     7   6.3950
#        1972       0.01138      5.84      2.00     5   6.3947
#        1973       0.01152      5.76      2.00     5   6.3947
#        1974       0.00947      6.05      2.00     6   6.3958
#        1975       0.01012      6.89      2.00     7   6.3968
#        1976       0.02006      5.60      2.00     5   6.3977
#        1977       0.00852     20.23      2.00     7   6.3983
#        1978       0.00432     11.89      2.00     6   6.3981
#        1980       0.00914     21.92      2.00     7   6.3995
#        1981       0.00443     13.76      2.00     7   6.3998
#        1982       0.00391     13.35      2.00     5   6.4008
#        1983       0.00432     14.24      2.00     5   6.4019
#        1984       0.01167      4.40      2.00     6   6.4017
#        1985       0.00822     10.54      2.00     7   6.4016
#        1986       0.01097     12.62      2.00     7   6.4022
#        1987       0.01170     15.51      2.00     7   6.4022
#        1988       0.01348      6.79      1.00     6   6.4036
#        1989       0.01411      9.82      2.00     7   6.4041
#        1991       0.01156      4.74      2.00     5   6.4040
#        1993       0.00370     15.02      2.00     6   6.4041
#        1994       0.00585      4.99      2.00     7   6.4038
#        1995       0.01728      9.92      2.00     7   6.4043
#        1996       0.00729     32.22      2.00     7   6.4043
#        1999       0.01189     27.90      2.00     7   6.4050
#        2000       0.00957      4.03      2.00     7   6.4059
#        2001       0.00605      6.22      2.00     5   6.4059
#        2002       0.00893      4.49      2.00     7   6.4063
#        2003       0.00443     17.57      2.00     6   6.4066
#        2004       0.01499      4.68      2.00     6   6.4070
#        2006       0.00605     10.34      2.00     6   6.4076
#        2007       0.00424     23.15      2.00     6   6.4082
#        2008       0.00575     17.87      2.00     7   6.4091
#        2009       0.00550      4.10      2.00     5   6.4103
#        2012       0.00915      5.33      2.00     7   6.4111
#        2013       0.00891      4.99      2.00     5   6.4111
#        2014       0.00478     21.51      2.00     7   6.4111
#        2017       0.01305      5.43      2.00     5   6.4127
#        2019       0.00544     26.80      2.00     6   6.4145
#        2020       0.01016     13.31      2.00     6   6.4144
#        2021       0.01309      9.66      2.00     7   6.4148
#        2022       0.02050     11.52      2.00     7   6.4153
#        2023       0.00596     19.19      2.00     7   6.4150
#        2026       0.00473      8.26      2.00     5   6.4164
#        2027       0.00435     19.16      2.00     6   6.4168
#        2029       0.00888      4.11      2.00     5   6.4176
#        2031       0.00355      4.59      2.00     5   6.4188
#        2033       0.00776      7.05      2.00     5   6.4188
#        2034       0.02428      9.05      2.00     6   6.4187
#        2035       0.01291      7.32      2.00     7   6.4189
#        2036       0.01049     22.28      2.00     7   6.4185
#        2037       0.01275      5.60      2.00     7   6.4198
#        2039       0.00576     11.18      2.00     5   6.4198
#        2041       0.00887     16.00      2.00     6   6.4205
#        2042       0.00825     13.83      2.00     7   6.4224
#        2043       0.00710      5.80      2.00     5   6.4225
#        2044       0.01353      5.17      2.00     6   6.4226
#        2045       0.01372      6.91      2.00     7   6.4228
#        2046       0.00786     21.98      2.00     7   6.4228
#        2047       0.01145     19.06      2.00     7   6.4228
#        2049       0.01631      4.25      2.00     6   6.4233
#        2050       0.01496      4.93      2.00     7   6.4233
#        2052       0.00425     14.84      2.00     6   6.4239
#        2053       0.00827     26.30      2.00     6   6.4241
#        2055       0.00555     21.45      2.00     6   6.4248
#        2058       0.01230      4.73      1.00     6   6.4254
#        2059       0.00550      9.21      2.00     5   6.4258
#        2065       0.01253     12.15      2.00     7   6.4279
#        2066       0.00880     31.10      2.00     7   6.4279
#        2067       0.00657     10.96      2.00     6   6.4287
#        2070       0.00405     32.09      2.00     7   6.4298
#        2071       0.01643      4.53      2.00     6   6.4301
#        2072       0.01153      4.09      2.00     5   6.4315
#        2073       0.01181      4.53      2.00     4   6.4329
#        2074       0.00964      6.85      2.00     6   6.4329
#        2075       0.01202      6.56      2.00     6   6.4329
#        2076       0.00783     21.38      2.00     6   6.4332
#        2077       0.01073      4.59      2.00     7   6.4339
#        2078       0.01398      5.40      2.00     5   6.4346
#        2079       0.01360      8.15      2.00     7   6.4348
#        2080       0.01003      5.25      2.00     7   6.4351
#        2081       0.02947     22.53      2.00     7   6.4360
#        2082       0.00792      5.49      2.00     5   6.4362
#        2085       0.00753     25.04      2.00     6   6.4367
#        2086       0.00842      7.90      2.00     5   6.4376
#        2088       0.00609     22.99      2.00     7   6.4384
#        2089       0.01064      5.24      2.00     7   6.4392
#        2090       0.01008     10.16      2.00     6   6.4403
#        2091       0.00844      4.30      2.00     4   6.4413
#        2092       0.00455     16.80      2.00     6   6.4408
#        2093       0.01590     10.87      2.00     7   6.4410
#        2094       0.01117      7.57      2.00     7   6.4416
#        2097       0.00695     23.01      2.00     7   6.4425
#        2098       0.00649      4.90      2.00     5   6.4432
#        2099       0.00452      4.69      2.00     4   6.4438
#        2100       0.00956      6.21      2.00     5   6.4436
#        2101       0.01302      4.70      2.00     5   6.4439
#        2102       0.00837      7.03      2.00     5   6.4439
#        2103       0.00380      4.70      2.00     4   6.4441
#        2104       0.00968      4.46      2.00     6   6.4442
#        2106       0.00994      5.42      2.00     7   6.4452
#        2107       0.00755      5.57      2.00     5   6.4464
#        2108       0.00500     12.86      2.00     6   6.4471
#        2109       0.01013      9.27      2.00     7   6.4469
#        2110       0.00816      6.07      2.00     5   6.4475
#        2111       0.01369     13.41      2.00     7   6.4477
#        2112       0.00912     15.70      2.00     7   6.4479
#        2113       0.01102     15.56      2.00     7   6.4487
#        2114       0.00258      4.37      1.00     4   6.4496
#        2115       0.01134      4.71      2.00     4   6.4499
#        2116       0.01216     14.91      2.00     5   6.4505
#        2117       0.00528     34.07      2.00     6   6.4506
#        2118       0.00859      6.25      2.00     6   6.4516
#        2119       0.00864      8.41      2.00     6   6.4516
#        2120       0.02555     11.54      2.00     6   6.4516
#        2121       0.00616     11.33      2.00     7   6.4513
#        2124       0.01353      4.48      2.00     5   6.4532
#        2125       0.00969      4.96      2.00     6   6.4530
#        2126       0.01612      5.34      2.00     6   6.4530
#        2131       0.00817      4.12      2.00     7   6.4540
#        2132       0.00855     19.35      2.00     7   6.4540
#        2134       0.01227      5.72      2.00     3   6.4543
#        2135       0.01277      7.96      2.00     6   6.4546
#        2137       0.00691     32.14      2.00     7   6.4547
#        2138       0.01017      8.10      2.00     5   6.4555
#        2139       0.00638     21.89      2.00     7   6.4558
#        2140       0.00730      5.91      2.00     3   6.4563
#        2141       0.00929      4.09      2.00     5   6.4562
#        2142       0.00787      6.59      2.00     5   6.4562
#        2143       0.00938      4.04      2.00     5   6.4562
#        2148       0.02902     25.80      1.00     6   6.4570
#        2151       0.02175     15.07      2.00     7   6.4586
#        2152       0.00691      9.46      2.00     6   6.4596
#        2153       0.00386     10.63      2.00     6   6.4595
#        2154       0.01155      5.70      2.00     5   6.4602
#        2155       0.00868      5.11      2.00     7   6.4600
#        2156       0.01302      4.89      2.00     4   6.4606
#        2157       0.00431     11.66      2.00     5   6.4625
#        2158       0.00496      7.14      2.00     5   6.4626
#        2161       0.00404     10.46      2.00     6   6.4653
#        2162       0.01308      9.60      2.00     6   6.4651
#        2165       0.02586      4.09      2.00     6   6.4650
#        2166       0.01057      4.64      1.00     2   6.4660
#        2167       0.02011      6.29      2.00     6   6.4669
#        2168       0.00846     19.38      2.00     7   6.4674
#        2169       0.01151      4.76      2.00     7   6.4674
#        2170       0.00986      6.59      2.00     7   6.4675
#        2173       0.00626      4.93      2.00     5   6.4698
#        2177       0.01351      4.29      2.00     6   6.4709
#        2178       0.00913      4.93      2.00     6   6.4718
#        2179       0.01016      8.61      2.00     7   6.4718
#        2180       0.00457     11.90      2.00     7   6.4715
#        2181       0.00595     17.46      2.00     6   6.4722
#        2182       0.01181     14.47      2.00     7   6.4733
#        2183       0.00646      6.95      2.00     5   6.4736
#        2185       0.00755     18.22      2.00     7   6.4754
#        2186       0.00980     12.86      2.00     6   6.4771
#        2187       0.00776      8.02      2.00     7   6.4771
#        2188       0.00530     17.22      2.00     5   6.4773
#        2190       0.01224      6.73      2.00     6   6.4775
#        2192       0.00721      4.86      2.00     5   6.4789
#        2193       0.01316     10.00      2.00     7   6.4792
#        2194       0.01296     21.51      2.00     7   6.4797
#        2195       0.01208      5.29      2.00     7   6.4805
#        2197       0.01263      5.57      2.00     7   6.4822
#        2198       0.01388      4.92      2.00     7   6.4820
#        2199       0.01152      5.49      2.00     5   6.4824
#        2201       0.00549      9.97      2.00     7   6.4827
#        2202       0.01176      8.34      2.00     6   6.4836
#        2203       0.00897      4.15      2.00     6   6.4843
#  1667/2000 paths used
#  xsedge+50, used to normalize mu           1.0000E+00
#  -----------------------------------------------------------------------
#  omega    e    k    mu    mu0     chi     @#
    9726.116   -205.093  -7.200 -2.00241E-06 -2.41447E-06  1.08300E+06
    9728.850   -202.360  -7.150 -4.90847E-06 -5.40550E-06  1.30513E+06
    9731.565   -199.645  -7.100 -7.81453E-06 -8.39654E-06  1.06165E+06
    9734.260   -196.949  -7.050 -1.07206E-05 -1.13876E-05  5.68920E+05
    9736.937   -194.273  -7.000 -1.36267E-05 -1.43786E-05  9.64947E+04
    9739.594   -191.615  -6.950 -1.65327E-05 -1.73697E-05 -1.51532E+05
    9742.233   -188.977  -6.900 -1.94388E-05 -2.03607E-05 -1.17147E+05
    9744.852   -186.358  -6.850 -2.21765E-05 -2.32762E-05 -1.32004E+04
    9747.452   -183.757  -6.800 -2.47235E-05 -2.61062E-05 -9.96433E+03
    9750.034   -181.176  -6.750 -2.72706E-05 -2.89362E-05 -4.60949E+03
    9752.596   -178.614  -6.700 -2.98177E-05 -3.17661E-05  5.00532E+02
    9755.139   -176.071  -6.650 -3.23648E-05 -3.45961E-05  3.58170E+03
    9757.663   -173.547  -6.600 -3.49118E-05 -3.74261E-05  4.04265E+03
    9760.168   -171.041  -6.550 -3.74589E-05 -4.02560E-05  2.55846E+03
    9762.654   -168.555  -6.500 -4.00060E-05 -4.30860E-05  6.15277E+02
    9765.121   -166.088  -6.450 -4.19033E-05 -4.58106E-05  3.36762E+01
    9767.569   -163.641  -6.400 -4.33799E-05 -4.84670E-05 -2.96886E+01
    9769.998   -161.212  -6.350 -4.48565E-05 -5.11234E-05 -6.80843E+01
    9772.408   -158.802  -6.300 -4.63332E-05 -5.37798E-05 -7.46537E+01
    9774.799   -156.411  -6.250 -4.78098E-05 -5.64362E-05 -5.56296E+01
    9777.170   -154.039  -6.200 -4.92864E-05 -5.90925E-05 -2.59145E+01
    9779.523   -151.687  -6.150 -5.07630E-05 -6.17489E-05 -1.75212E+00
    9781.857   -149.353  -6.100 -5.22397E-05 -6.44053E-05  6.42321E+00
    9784.171   -147.039  -6.050 -5.21162E-05 -6.70177E-05  1.28232E+00
    9786.467   -144.743  -6.000 -4.68193E-05 -6.94879E-05  1.30347E+00
    9788.743   -142.467  -5.950 -4.15224E-05 -7.19581E-05  9.35041E-01
    9791.000   -140.209  -5.900 -3.62254E-05 -7.44282E-05  3.81475E-01
    9793.239   -137.971  -5.850 -3.09285E-05 -7.68984E-05 -1.26911E-01
    9795.458   -135.751  -5.800 -2.56316E-05 -7.93686E-05 -4.22986E-01
    9797.658   -133.551  -5.750 -2.03347E-05 -8.18388E-05 -4.57471E-01
    9799.840   -131.370  -5.700 -1.50378E-05 -8.43089E-05 -3.01420E-01
    9802.002   -129.208  -5.650 -9.74090E-06 -8.67791E-05 -9.96011E-02
    9804.145   -127.065  -5.600  7.45364E-05 -8.92002E-05 -3.88641E-03
    9806.269   -124.941  -5.550  4.04936E-04 -9.14683E-05  7.02980E-03
    9808.374   -122.836  -5.500  7.35335E-04 -9.37364E-05  1.36517E-02
    9810.460   -120.750  -5.450  1.06573E-03 -9.60045E-05  1.47388E-02
    9812.527   -118.683  -5.400  1.39613E-03 -9.82726E-05  1.11606E-02
    9814.575   -116.635  -5.350  1.72653E-03 -1.00541E-04  5.26506E-03
    9816.604   -114.606  -5.300  2.05693E-03 -1.02809E-04 -2.21407E-04
    9818.613   -112.596  -5.250  2.38733E-03 -1.05077E-04 -3.30870E-03
    9820.604   -110.606  -5.200  2.71773E-03 -1.07345E-04 -3.44608E-03
    9822.576   -108.634  -5.150  3.04813E-03 -1.09613E-04 -1.56979E-03
    9824.528   -106.681  -5.100  3.15645E-03 -1.11778E-04 -3.06856E-04
    9826.462   -104.748  -5.050  3.00753E-03 -1.13823E-04 -1.64648E-04
    9828.376   -102.833  -5.000  2.85861E-03 -1.15868E-04 -1.77260E-05
    9830.272   -100.938  -4.950  2.70968E-03 -1.17913E-04  1.08265E-04
    9832.148    -99.061  -4.900  2.56076E-03 -1.19958E-04  1.94768E-04
    9834.006    -97.204  -4.850  2.41184E-03 -1.22003E-04  2.32866E-04
    9835.844    -95.366  -4.800  2.26291E-03 -1.24048E-04  2.23952E-04
    9837.663    -93.546  -4.750  2.11399E-03 -1.26092E-04  1.78503E-04
    9839.463    -91.746  -4.700  1.96507E-03 -1.28137E-04  1.13261E-04
    9841.245    -89.965  -4.650  1.81614E-03 -1.30182E-04  4.73876E-05
    9843.007    -88.203  -4.600  1.66722E-03 -1.32227E-04 -1.67194E-06
    9844.750    -86.460  -4.550  1.55355E-03 -1.34109E-04 -1.56460E-05
    9846.474    -84.736  -4.500  1.45921E-03 -1.35900E-04 -1.85204E-05
    9848.179    -83.031  -4.450  1.36486E-03 -1.37692E-04 -1.75990E-05
    9849.865    -81.345  -4.400  1.27052E-03 -1.39484E-04 -1.35158E-05
    9851.532    -79.678  -4.350  1.17617E-03 -1.41276E-04 -8.55720E-06
    9853.179    -78.030  -4.300  1.08183E-03 -1.43067E-04 -4.95981E-06
    9854.808    -76.401  -4.250  9.87485E-04 -1.44859E-04 -3.49343E-06
    9856.418    -74.792  -4.200  8.93140E-04 -1.46651E-04 -3.22221E-06
    9858.009    -73.201  -4.150  7.98796E-04 -1.48443E-04 -2.43849E-06
    9859.580    -71.629  -4.100  7.04451E-04 -1.50234E-04  3.72559E-08
    9861.133    -70.077  -4.050  6.10106E-04 -1.52026E-04  4.15365E-06
    9862.666    -68.543  -4.000  5.15762E-04 -1.53818E-04  8.94532E-06
    9864.181    -67.029  -3.950  4.54670E-04 -1.55498E-04  6.29377E-05
    9865.676    -65.533  -3.900  4.50751E-04 -1.56988E-04  2.13198E-04
    9867.153    -64.057  -3.850  4.46832E-04 -1.58477E-04  3.52785E-04
    9868.610    -62.600  -3.800  4.42914E-04 -1.59966E-04  4.45280E-04
    9870.048    -61.162  -3.750  4.38995E-04 -1.61456E-04  4.59975E-04
    9871.467    -59.742  -3.700  4.35076E-04 -1.62945E-04  3.80179E-04
    9872.868    -58.342  -3.650  4.31157E-04 -1.64434E-04  2.09009E-04
    9874.249    -56.961  -3.600  4.27238E-04 -1.65924E-04 -2.89098E-05
    9875.611    -55.599  -3.550  4.23319E-04 -1.67413E-04 -2.90579E-04
    9876.954    -54.256  -3.500  4.19400E-04 -1.68902E-04 -5.22288E-04
    9878.278    -52.932  -3.450  4.15481E-04 -1.70391E-04 -6.70425E-04
    9879.583    -51.627  -3.400  4.11562E-04 -1.71881E-04 -6.93292E-04
    9880.868    -50.341  -3.350  4.07643E-04 -1.73370E-04 -5.71366E-04
    9882.135    -49.074  -3.300  4.03724E-04 -1.74859E-04 -3.13645E-04
    9883.383    -47.827  -3.250  3.99805E-04 -1.76349E-04  4.16217E-05
    9884.612    -46.598  -3.200  4.03509E-04 -1.77506E-04  8.85601E-04
    9885.821    -45.388  -3.150  4.09077E-04 -1.78582E-04  2.41039E-03
    9887.012    -44.198  -3.100  4.14646E-04 -1.79658E-04  4.21773E-03
    9888.184    -43.026  -3.050  4.20214E-04 -1.80734E-04  5.85507E-03
    9889.336    -41.873  -3.000  4.25783E-04 -1.81810E-04  6.88507E-03
    9890.470    -40.740  -2.950  4.31351E-04 -1.82886E-04  6.96845E-03
    9891.584    -39.626  -2.900  4.36919E-04 -1.83963E-04  5.91022E-03
    9892.679    -38.530  -2.850  4.42488E-04 -1.85039E-04  3.67258E-03
    9893.756    -37.454  -2.800  4.48056E-04 -1.86115E-04  3.71182E-04
    9894.813    -36.397  -2.750  4.53625E-04 -1.87191E-04 -3.72778E-03
    9895.851    -35.358  -2.700  4.59193E-04 -1.88267E-04 -8.20484E-03
    9896.870    -34.339  -2.650  4.64761E-04 -1.89343E-04 -1.24918E-02
    9897.871    -33.339  -2.600  4.70330E-04 -1.90419E-04 -1.59071E-02
    9898.852    -32.358  -2.550  4.75898E-04 -1.91495E-04 -1.77426E-02
    9899.814    -31.396  -2.500  4.81466E-04 -1.92571E-04 -1.73991E-02
    9900.757    -30.453  -2.450  4.87035E-04 -1.93648E-04 -1.45446E-02
    9901.681    -29.529  -2.400  4.92603E-04 -1.94724E-04 -9.24510E-03
    9902.585    -28.624  -2.350  4.98172E-04 -1.95800E-04 -2.01569E-03
    9903.471    -27.738  -2.300  5.03740E-04 -1.96876E-04  6.23584E-03
    9904.338    -26.872  -2.250  4.81715E-04 -1.97515E-04  1.42941E+01
    9905.186    -26.024  -2.200  4.53754E-04 -1.98059E-04  2.62503E+01
    9906.014    -25.195  -2.150  4.25793E-04 -1.98604E-04  1.76954E+01
    9906.824    -24.386  -2.100  3.97833E-04 -1.99149E-04 -1.24572E+01
    9907.615    -23.595  -2.050  3.69872E-04 -1.99693E-04 -4.86894E+01
    9908.386    -22.824  -2.000  3.41912E-04 -2.00238E-04 -6.85632E+01
    9909.139    -22.071  -1.950  3.13951E-04 -2.00783E-04 -5.76502E+01
    9909.872    -21.338  -1.900  2.85991E-04 -2.01328E-04 -1.97017E+01
    9910.586    -20.623  -1.850  2.58030E-04 -2.01872E-04  2.49074E+01
    9911.282    -19.928  -1.800  2.30069E-04 -2.02417E-04  5.16696E+01
    9911.958    -19.252  -1.750  2.02109E-04 -2.02962E-04  4.72732E+01
    9912.615    -18.594  -1.700  1.74148E-04 -2.03506E-04  1.77052E+01
    9913.253    -17.956  -1.650  1.46188E-04 -2.04051E-04 -1.62037E+01
    9913.872    -17.337  -1.600  1.03633E-04 -2.04457E-04 -6.93516E+01
    9914.473    -16.737  -1.550  3.86761E-05 -2.04607E-04  6.95453E+01
    9915.054    -16.156  -1.500 -2.37175E-05 -2.04683E-04  9.93493E+01
    9915.616    -15.594  -1.450 -7.67688E-05 -2.04679E-04  2.66656E+00
    9916.158    -15.051  -1.400 -1.09435E-04 -2.04585E-04 -8.42749E+00
    9916.682    -14.527  -1.350 -1.07962E-04 -2.04391E-04 -1.29032E+01
    9917.187    -14.022  -1.300 -6.68490E-05 -2.04088E-04 -1.70138E+01
    9917.673    -13.537  -1.250  7.23464E-06 -2.03659E-04 -1.88129E+01
    9918.140    -13.070  -1.200  1.05526E-04 -2.03091E-04 -1.93059E+01
    9918.587    -12.622  -1.150  2.20945E-04 -2.02361E-04 -1.95478E+01
    9919.016    -12.194  -1.100  3.47018E-04 -2.01449E-04 -1.72597E+01
    9919.426    -11.784  -1.050  4.78239E-04 -2.00325E-04 -6.30098E+00
    9919.816    -11.394  -1.000  6.09690E-04 -1.98955E-04  1.40537E+01
    9920.188    -11.022  -0.950  7.37501E-04 -1.97297E-04  3.08498E+01
    9920.540    -10.670  -0.900  8.58746E-04 -1.95306E-04  3.03792E+01
    9920.873    -10.336  -0.850  9.71417E-04 -1.92915E-04  1.49499E+01
    9921.188    -10.022  -0.800  1.07461E-03 -1.90062E-04 -3.45352E+00
    9921.483     -9.727  -0.750  1.16800E-03 -1.86660E-04 -1.61833E+01
    9921.759     -9.451  -0.700  1.25176E-03 -1.82619E-04 -2.11954E+01
    9922.016     -9.193  -0.650  1.32652E-03 -1.77849E-04 -2.02948E+01
    9922.254     -8.955  -0.600  1.39282E-03 -1.72231E-04 -1.61703E+01
    9922.474     -8.736  -0.550  1.45176E-03 -1.65723E-04 -1.09537E+01
    9922.674     -8.536  -0.500  1.50410E-03 -1.58322E-04 -5.94145E+00
    9922.855     -8.355  -0.450  1.55053E-03 -1.50131E-04 -1.74482E+00
    9923.016     -8.193  -0.400  1.59166E-03 -1.41381E-04  1.47214E+00
    9923.159     -8.050  -0.350  1.62735E-03 -1.32455E-04  3.74928E+00
    9923.283     -7.927  -0.300  1.65813E-03 -1.23834E-04  5.28619E+00
    9923.388     -7.822  -0.250  1.68385E-03 -1.15993E-04  6.26390E+00
    9923.474     -7.736  -0.200  1.70437E-03 -1.09378E-04  6.84384E+00
    9923.540     -7.669  -0.150  1.73612E-03 -8.79800E-05  7.16638E+00
    9923.588     -7.622  -0.100  1.81109E-03 -1.78116E-05  7.28708E+00
    9923.617     -7.593  -0.050  1.88606E-03  5.23568E-05  7.38507E+00
    9923.626     -7.584   0.000  1.96102E-03  1.22525E-04  7.46071E+00
    9923.636     -7.574   0.050  1.98269E-03  1.26371E-04  7.51482E+00
    9923.664     -7.546   0.100  1.99905E-03  1.29578E-04  7.54979E+00
    9923.712     -7.498   0.150  2.01080E-03  1.32785E-04  7.56603E+00
    9923.778     -7.431   0.200  2.02113E-03  1.38796E-04  7.54725E+00
    9923.864     -7.346   0.250  2.00791E-03  1.46300E-04  7.41892E+00
    9923.969     -7.241   0.300  1.95439E-03  1.55017E-04  7.11950E+00
    9924.093     -7.117   0.350  1.84503E-03  1.64588E-04  6.59565E+00
    9924.236     -6.974   0.400  1.67000E-03  1.74578E-04  5.81860E+00
    9924.398     -6.812   0.450  1.42481E-03  1.84543E-04  4.78195E+00
    9924.579     -6.631   0.500  1.12035E-03  1.94097E-04  3.53817E+00
    9924.779     -6.431   0.550  7.76390E-04  2.02992E-04  2.17003E+00
    9924.998     -6.212   0.600  4.22427E-04  2.11105E-04  7.92570E-01
    9925.236     -5.974   0.650  9.27249E-05  2.18394E-04 -4.67316E-01
    9925.493     -5.717   0.700 -1.79661E-04  2.24863E-04 -1.49239E+00
    9925.769     -5.441   0.750 -3.68471E-04  2.30575E-04 -2.19441E+00
    9926.064     -5.145   0.800 -4.59797E-04  2.35580E-04 -2.53165E+00
    9926.379     -4.831   0.850 -4.54862E-04  2.39918E-04 -2.51662E+00
    9926.712     -4.498   0.900 -3.68287E-04  2.43643E-04 -2.20777E+00
    9927.065     -4.145   0.950 -2.24925E-04  2.46774E-04 -1.69718E+00
    9927.436     -3.774   1.000 -5.39572E-05  2.49367E-04 -1.08970E+00
    9927.827     -3.383   1.050  1.16695E-04  2.51439E-04 -4.83959E-01
    9928.236     -2.974   1.100  2.62503E-04  2.53018E-04  3.41001E-02
    9928.665     -2.545   1.150  3.69860E-04  2.54140E-04  4.16949E-01
    9929.112     -2.097   1.200  4.33268E-04  2.54836E-04  6.45061E-01
    9929.579     -1.631   1.250  4.55399E-04  2.55139E-04  7.27197E-01
    9930.065     -1.145   1.300  4.44650E-04  2.55076E-04  6.92177E-01
    9930.570     -0.640   1.350  4.12494E-04  2.54681E-04  5.79936E-01
    9931.094     -0.116   1.400  3.70969E-04  2.53994E-04  4.33021E-01
    9931.637      0.427   1.450  3.30124E-04  2.53039E-04  2.87676E-01
    9932.199      0.989   1.500  2.97004E-04  2.51849E-04  1.70007E-01
    9932.780      1.570   1.550  2.75083E-04  2.50460E-04  9.35833E-02
    9933.380      2.170   1.600  2.64557E-04  2.48896E-04  6.01180E-02
    9933.999      2.789   1.650  2.63202E-04  2.47192E-04  6.21077E-02
    9934.637      3.427   1.700  2.67491E-04  2.45371E-04  8.67377E-02
    9935.294      4.084   1.750  2.73690E-04  2.43456E-04  1.19886E-01
    9935.970      4.761   1.800  2.78794E-04  2.41468E-04  1.49700E-01
    9936.666      5.456   1.850  2.81016E-04  2.39428E-04  1.68721E-01
    9937.380      6.170   1.900  2.79894E-04  2.37354E-04  1.74601E-01
    9938.114      6.904   1.950  2.75973E-04  2.35257E-04  1.69069E-01
    9938.866      7.656   2.000  2.70316E-04  2.33139E-04  1.56165E-01
    9939.638      8.428   2.050  2.63985E-04  2.30956E-04  1.40385E-01
    9940.428      9.218   2.100  2.57685E-04  2.28660E-04  1.24947E-01
    9941.238     10.028   2.150  2.51674E-04  2.26311E-04  1.10658E-01
    9942.066     10.857   2.200  2.46129E-04  2.24307E-04  9.65152E-02
    9942.914     11.704   2.250  2.41381E-04  2.23317E-04  8.08978E-02
    9943.781     12.571   2.300  2.36815E-04  2.23016E-04  6.23925E-02
    9944.667     13.457   2.350  2.32066E-04  2.23147E-04  4.05952E-02
    9945.572     14.362   2.400  2.27094E-04  2.23633E-04  1.58047E-02
    9946.495     15.286   2.450  2.22229E-04  2.24468E-04 -1.02279E-02
    9947.438     16.229   2.500  2.18062E-04  2.25538E-04 -3.40911E-02
    9948.400     17.191   2.550  2.15401E-04  2.26870E-04 -5.21858E-02
    9949.382     18.172   2.600  2.14344E-04  2.27623E-04 -6.02851E-02
    9950.382     19.172   2.650  2.12921E-04  2.27583E-04 -6.65082E-02
    9951.401     20.191   2.700  2.11142E-04  2.27175E-04 -7.27918E-02
    9952.439     21.229   2.750  2.09091E-04  2.26588E-04 -7.95989E-02
    9953.496     22.287   2.800  2.06882E-04  2.25919E-04 -8.68097E-02
    9954.573     23.363   2.850  2.04630E-04  2.25204E-04 -9.40476E-02
    9955.668     24.458   2.900  2.02512E-04  2.24490E-04 -1.00701E-01
    9956.782     25.573   2.950  2.00716E-04  2.23805E-04 -1.05996E-01
    9957.916     26.706   3.000  1.99443E-04  2.23175E-04 -1.09110E-01
    9959.068     27.859   3.050  1.98865E-04  2.22625E-04 -1.09332E-01
    9960.240     29.030   3.100  1.99071E-04  2.22129E-04 -1.06151E-01
    9961.431     30.221   3.150  2.00117E-04  2.21684E-04 -9.93092E-02
    9962.640     31.431   3.200  2.01996E-04  2.21287E-04 -8.88210E-02
    9963.869     32.659   3.250  2.04642E-04  2.20950E-04 -7.50613E-02
    9965.117     33.907   3.300  2.07906E-04  2.20671E-04 -5.87191E-02
    9966.384     35.174   3.350  2.11585E-04  2.20442E-04 -4.07128E-02
    9967.669     36.460   3.400  2.15459E-04  2.20279E-04 -2.21315E-02
    9968.974     37.765   3.450  2.19277E-04  2.20160E-04 -4.04757E-03
    9970.298     39.089   3.500  2.22862E-04  2.20102E-04  1.26386E-02
    9971.641     40.432   3.550  2.26056E-04  2.20089E-04  2.72855E-02
    9973.003     41.794   3.600  2.28799E-04  2.20126E-04  3.95895E-02
    9974.385     43.175   3.650  2.31081E-04  2.20209E-04  4.95365E-02
    9975.785     44.575   3.700  2.32936E-04  2.20333E-04  5.73133E-02
    9977.204     45.994   3.750  2.34421E-04  2.20496E-04  6.31982E-02
    9978.642     47.433   3.800  2.35577E-04  2.20691E-04  6.74184E-02
    9980.100     48.890   3.850  2.36432E-04  2.20921E-04  7.01044E-02
    9981.576     50.366   3.900  2.36969E-04  2.21173E-04  7.12389E-02
    9983.071     51.862   3.950  2.37168E-04  2.21453E-04  7.07216E-02
    9984.586     53.376   4.000  2.36985E-04  2.21750E-04  6.84186E-02
    9986.119     54.910   4.050  2.36394E-04  2.22061E-04  6.42353E-02
    9987.672     56.462   4.100  2.35389E-04  2.22379E-04  5.81838E-02
    9989.243     58.034   4.150  2.33999E-04  2.22705E-04  5.04073E-02
    9990.834     59.624   4.200  2.32269E-04  2.23026E-04  4.11717E-02
    9992.444     61.234   4.250  2.30291E-04  2.23351E-04  3.08578E-02
    9994.073     62.863   4.300  2.28146E-04  2.23666E-04  1.98819E-02
    9995.720     64.511   4.350  2.25929E-04  2.23971E-04  8.67871E-03
    9997.387     66.178   4.400  2.23724E-04  2.24258E-04 -2.36231E-03
    9999.073     67.864   4.450  2.21612E-04  2.24530E-04 -1.28928E-02
   10000.778     69.569   4.500  2.19654E-04  2.24782E-04 -2.26252E-02
   10002.502     71.293   4.550  2.17906E-04  2.25008E-04 -3.12964E-02
   10004.245     73.036   4.600  2.16426E-04  2.25210E-04 -3.86715E-02
   10006.007     74.798   4.650  2.15257E-04  2.25381E-04 -4.45308E-02
   10007.789     76.579   4.700  2.14453E-04  2.25526E-04 -4.86691E-02
   10009.589     78.379   4.750  2.14052E-04  2.25643E-04 -5.09146E-02
   10011.408     80.198   4.800  2.14074E-04  2.25727E-04 -5.11610E-02
   10013.246     82.037   4.850  2.14526E-04  2.25783E-04 -4.94059E-02
   10015.104     83.894   4.900  2.15372E-04  2.25804E-04 -4.57710E-02
   10016.980     85.771   4.950  2.16564E-04  2.25798E-04 -4.05143E-02
   10018.876     87.666   5.000  2.18011E-04  2.25763E-04 -3.40132E-02
   10020.790     89.580   5.050  2.19607E-04  2.25697E-04 -2.67226E-02
   10022.724     91.514   5.100  2.21248E-04  2.25608E-04 -1.91338E-02
   10024.676     93.467   5.150  2.22829E-04  2.25494E-04 -1.17003E-02
   10026.648     95.438   5.200  2.24266E-04  2.25356E-04 -4.78872E-03
   10028.639     97.429   5.250  2.25508E-04  2.25201E-04  1.35262E-03
   10030.649     99.439   5.300  2.26527E-04  2.25023E-04  6.61366E-03
   10032.677    101.468   5.350  2.27334E-04  2.24832E-04  1.10032E-02
   10034.725    103.516   5.400  2.27945E-04  2.24624E-04  1.46172E-02
   10036.792    105.582   5.450  2.28406E-04  2.24411E-04  1.75940E-02
   10038.878    107.668   5.500  2.28740E-04  2.24187E-04  2.00672E-02
   10040.983    109.773   5.550  2.28978E-04  2.23960E-04  2.21322E-02
   10043.107    111.897   5.600  2.29123E-04  2.23725E-04  2.38239E-02
   10045.250    114.041   5.650  2.29182E-04  2.23494E-04  2.51214E-02
   10047.412    116.203   5.700  2.29136E-04  2.23263E-04  2.59576E-02
   10049.594    118.384   5.750  2.28973E-04  2.23037E-04  2.62489E-02
   10051.794    120.584   5.800  2.28673E-04  2.22816E-04  2.59196E-02
   10054.013    122.804   5.850  2.28231E-04  2.22604E-04  2.49173E-02
   10056.252    125.042   5.900  2.27639E-04  2.22397E-04  2.32252E-02
   10058.509    127.299   5.950  2.26911E-04  2.22205E-04  2.08647E-02
   10060.785    129.576   6.000  2.26057E-04  2.22025E-04  1.78842E-02
   10063.081    131.871   6.050  2.25088E-04  2.21855E-04  1.43503E-02
   10065.396    134.186   6.100  2.24026E-04  2.21696E-04  1.03476E-02
   10067.729    136.519   6.150  2.22900E-04  2.21556E-04  5.97278E-03
   10070.082    138.872   6.200  2.21728E-04  2.21426E-04  1.34018E-03
   10072.454    141.244   6.250  2.20541E-04  2.21308E-04 -3.40733E-03
   10074.844    143.635   6.300  2.19386E-04  2.21206E-04 -8.09742E-03
   10077.254    146.044   6.350  2.18300E-04  2.21116E-04 -1.25293E-02
   10079.683    148.473   6.400  2.17337E-04  2.21041E-04 -1.64850E-02
   10082.131    150.921   6.450  2.16537E-04  2.20974E-04 -1.97518E-02
   10084.598    153.388   6.500  2.15947E-04  2.20919E-04 -2.21434E-02
   10087.084    155.874   6.550  2.15589E-04  2.20871E-04 -2.35283E-02
   10089.589    158.379   6.600  2.15483E-04  2.20834E-04 -2.38469E-02
   10092.113    160.903   6.650  2.15616E-04  2.20803E-04 -2.31171E-02
   10094.656    163.447   6.700  2.15966E-04  2.20772E-04 -2.14293E-02
   10097.218    166.009   6.750  2.16503E-04  2.20748E-04 -1.89321E-02
   10099.800    168.590   6.800  2.17182E-04  2.20724E-04 -1.58066E-02
   10102.400    171.190   6.850  2.17952E-04  2.20696E-04 -1.22487E-02
   10105.019    173.810   6.900  2.18781E-04  2.20672E-04 -8.44354E-03
   10107.658    176.448   6.950  2.19625E-04  2.20646E-04 -4.55828E-03
   10110.315    179.106   7.000  2.20447E-04  2.20612E-04 -7.38225E-04
   10112.992    181.782   7.050  2.21217E-04  2.20570E-04  2.89185E-03
   10115.687    184.478   7.100  2.21913E-04  2.20523E-04  6.22111E-03
   10118.402    187.192   7.150  2.22510E-04  2.20466E-04  9.15000E-03
   10121.136    189.926   7.200  2.22981E-04  2.20394E-04  1.15897E-02
   10123.888    192.679   7.250  2.23320E-04  2.20317E-04  1.34669E-02
   10126.660    195.450   7.300  2.23505E-04  2.20223E-04  1.47301E-02
   10129.451    198.241   7.350  2.23536E-04  2.20117E-04  1.53579E-02
   10132.261    201.051   7.400  2.23412E-04  2.19995E-04  1.53630E-02
   10135.090    203.880   7.450  2.23150E-04  2.19864E-04  1.47905E-02
   10137.938    206.728   7.500  2.22761E-04  2.19717E-04  1.37123E-02
   10140.805    209.595   7.550  2.22262E-04  2.19554E-04  1.22156E-02
   10143.691    212.481   7.600  2.21680E-04  2.19379E-04  1.03905E-02
   10146.596    215.386   7.650  2.21032E-04  2.19192E-04  8.31951E-03
   10149.520    218.310   7.700  2.20328E-04  2.18987E-04  6.07379E-03
   10152.463    221.254   7.750  2.19590E-04  2.18772E-04  3.71167E-03
   10155.425    224.216   7.800  2.18829E-04  2.18545E-04  1.28798E-03
   10158.407    227.197   7.850  2.18058E-04  2.18309E-04 -1.14032E-03
   10161.407    230.197   7.900  2.17293E-04  2.18062E-04 -3.50306E-03
   10164.427    233.217   7.950  2.16554E-04  2.17808E-04 -5.71283E-03
   10167.465    236.255   8.000  2.15869E-04  2.17549E-04 -7.66675E-03
   10170.523    239.313   8.050  2.15257E-04  2.17283E-04 -9.25649E-03
   10173.599    242.389   8.100  2.14740E-04  2.17009E-04 -1.03815E-02
   10176.695    245.485   8.150  2.14341E-04  2.16734E-04 -1.09656E-02
   10179.809    248.600   8.200  2.14067E-04  2.16458E-04 -1.09718E-02
   10182.943    251.733   8.250  2.13916E-04  2.16182E-04 -1.04112E-02
   10186.096    254.886   8.300  2.13876E-04  2.15906E-04 -9.34424E-03
   10189.268    258.058   8.350  2.13923E-04  2.15631E-04 -7.87348E-03
   10192.459    261.249   8.400  2.14035E-04  2.15364E-04 -6.12987E-03
   10195.668    264.459   8.450  2.14177E-04  2.15098E-04 -4.25489E-03
   10198.897    267.688   8.500  2.14320E-04  2.14835E-04 -2.38252E-03
   10202.145    270.936   8.550  2.14444E-04  2.14579E-04 -6.24497E-04
   10205.412    274.203   8.600  2.14534E-04  2.14332E-04  9.38922E-04
   10208.699    277.489   8.650  2.14576E-04  2.14089E-04  2.26136E-03
   10212.004    280.794   8.700  2.14571E-04  2.13855E-04  3.32685E-03
   10215.328    284.118   8.750  2.14520E-04  2.13629E-04  4.14353E-03
   10218.671    287.462   8.800  2.14430E-04  2.13414E-04  4.73183E-03
   10222.034    290.824   8.850  2.14306E-04  2.13208E-04  5.11742E-03
   10225.415    294.205   8.900  2.14151E-04  2.13011E-04  5.32363E-03
   10228.815    297.606   8.950  2.13967E-04  2.12818E-04  5.36877E-03
   10232.235    301.025   9.000  2.13764E-04  2.12639E-04  5.26460E-03
   10235.673    304.464   9.050  2.13534E-04  2.12463E-04  5.01921E-03
   10239.131    307.921   9.100  2.13280E-04  2.12290E-04  4.64031E-03
   10242.607    311.398   9.150  2.13013E-04  2.12131E-04  4.13820E-03
   10246.103    314.893   9.200  2.12726E-04  2.11974E-04  3.52855E-03
   10249.618    318.408   9.250  2.12424E-04  2.11821E-04  2.83256E-03
   10253.152    321.942   9.300  2.12115E-04  2.11674E-04  2.07583E-03
   10256.704    325.495   9.350  2.11808E-04  2.11535E-04  1.28617E-03
   10260.276    329.067   9.400  2.11494E-04  2.11390E-04  4.90292E-04
   10263.867    332.657   9.450  2.11190E-04  2.11251E-04 -2.88475E-04
   10267.477    336.267   9.500  2.10895E-04  2.11113E-04 -1.03150E-03
   10271.106    339.896   9.550  2.10611E-04  2.10975E-04 -1.72445E-03
   10274.754    343.545   9.600  2.10337E-04  2.10835E-04 -2.35553E-03
   10278.421    347.212   9.650  2.10075E-04  2.10690E-04 -2.91240E-03
   10282.107    350.898   9.700  2.09830E-04  2.10543E-04 -3.38009E-03
   10285.813    354.603   9.750  2.09605E-04  2.10392E-04 -3.73859E-03
   10289.537    358.327   9.800  2.09400E-04  2.10235E-04 -3.96498E-03
   10293.280    362.071   9.850  2.09228E-04  2.10076E-04 -4.03544E-03
   10297.043    365.833   9.900  2.09088E-04  2.09914E-04 -3.93070E-03
   10300.824    369.614   9.950  2.08974E-04  2.09737E-04 -3.64115E-03
   10304.624    373.415  10.000  2.08894E-04  2.09558E-04 -3.17216E-03
   10308.444    377.234  10.050  2.08835E-04  2.09368E-04 -2.54666E-03
   10312.283    381.073  10.100  2.08794E-04  2.09171E-04 -1.80410E-03
   10316.140    384.930  10.150  2.08763E-04  2.08971E-04 -9.96647E-04
   10320.017    388.807  10.200  2.08723E-04  2.08761E-04 -1.81932E-04
   10323.913    392.703  10.250  2.08665E-04  2.08543E-04  5.85049E-04
   10327.827    396.618  10.300  2.08584E-04  2.08322E-04  1.25940E-03
   10331.761    400.551  10.350  2.08470E-04  2.08093E-04  1.81176E-03
   10335.714    404.504  10.400  2.08319E-04  2.07856E-04  2.22980E-03
   10339.686    408.476  10.450  2.08139E-04  2.07617E-04  2.51662E-03
   10343.677    412.467  10.500  2.07926E-04  2.07370E-04  2.68527E-03
   10347.687    416.477  10.550  2.07691E-04  2.07122E-04  2.75324E-03
   10351.716    420.506  10.600  2.07436E-04  2.06871E-04  2.73589E-03
   10355.764    424.554  10.650  2.07166E-04  2.06621E-04  2.64296E-03
   10359.831    428.621  10.700  2.06875E-04  2.06364E-04  2.47713E-03
   10363.917    432.708  10.750  2.06574E-04  2.06114E-04  2.23592E-03
   10368.023    436.813  10.800  2.06253E-04  2.05859E-04  1.91555E-03
   10372.147    440.937  10.850  2.05919E-04  2.05607E-04  1.51599E-03
   10376.290    445.081  10.900  2.05572E-04  2.05358E-04  1.04469E-03
   10380.453    449.243  10.950  2.05216E-04  2.05109E-04  5.19357E-04
   10384.634    453.424  11.000  2.04857E-04  2.04863E-04 -3.27109E-05
   10388.835    457.625  11.050  2.04506E-04  2.04624E-04 -5.77224E-04
   10393.054    461.845  11.100  2.04165E-04  2.04385E-04 -1.07764E-03
   10397.293    466.083  11.150  2.03843E-04  2.04150E-04 -1.50043E-03
   10401.550    470.341  11.200  2.03550E-04  2.03921E-04 -1.82005E-03
   10405.827    474.617  11.250  2.03288E-04  2.03701E-04 -2.02157E-03
   10410.123    478.913  11.300  2.03053E-04  2.03482E-04 -2.10224E-03
   10414.438    483.228  11.350  2.02843E-04  2.03264E-04 -2.06968E-03
   10418.772    487.562  11.400  2.02659E-04  2.03054E-04 -1.93911E-03
   10423.124    491.915  11.450  2.02496E-04  2.02847E-04 -1.72980E-03
   10427.496    496.287  11.500  2.02344E-04  2.02641E-04 -1.46128E-03
   10431.887    500.678  11.550  2.02210E-04  2.02443E-04 -1.15125E-03
   10436.298    505.088  11.600  2.02086E-04  2.02251E-04 -8.14616E-04
   10440.727    509.517  11.650  2.01962E-04  2.02056E-04 -4.63807E-04
   10445.175    513.965  11.700  2.01845E-04  2.01868E-04 -1.10411E-04
   10449.642    518.432  11.750  2.01732E-04  2.01685E-04  2.33294E-04
   10454.128    522.919  11.800  2.01610E-04  2.01498E-04  5.53431E-04
   10458.634    527.424  11.850  2.01480E-04  2.01311E-04  8.34728E-04
   10463.158    531.948  11.900  2.01343E-04  2.01129E-04  1.06178E-03
   10467.701    536.492  11.950  2.01189E-04  2.00943E-04  1.22140E-03
   10472.264    541.054  12.000  2.01024E-04  2.00761E-04  1.30531E-03
   10476.845    545.636  12.050  2.00837E-04  2.00573E-04  1.31187E-03
   10481.446    550.236  12.100  2.00635E-04  2.00384E-04  1.24666E-03
   10486.065    554.856  12.150  2.00420E-04  2.00195E-04  1.12184E-03
   10490.704    559.494  12.200  2.00189E-04  1.99998E-04  9.53843E-04
   10495.362    564.152  12.250  1.99951E-04  1.99799E-04  7.60206E-04
   10500.039    568.829  12.300  1.99711E-04  1.99599E-04  5.56585E-04
   10504.734    573.525  12.350  1.99460E-04  1.99390E-04  3.54716E-04
   10509.449    578.240  12.400  1.99212E-04  1.99179E-04  1.61263E-04
   10514.183    582.973  12.450  1.98957E-04  1.98962E-04 -2.12515E-05
   10518.936    587.726  12.500  1.98702E-04  1.98740E-04 -1.93116E-04
   10523.708    592.498  12.550  1.98441E-04  1.98512E-04 -3.54774E-04
   10528.499    597.289  12.600  1.98181E-04  1.98282E-04 -5.05077E-04
   10533.309    602.100  12.650  1.97917E-04  1.98044E-04 -6.39901E-04
   10538.138    606.929  12.700  1.97647E-04  1.97796E-04 -7.52491E-04
   10542.987    611.777  12.750  1.97382E-04  1.97547E-04 -8.34096E-04
   10547.854    616.644  12.800  1.97122E-04  1.97295E-04 -8.76266E-04
   10552.740    621.530  12.850  1.96864E-04  1.97037E-04 -8.72767E-04
   10557.646    626.436  12.900  1.96615E-04  1.96777E-04 -8.21141E-04
   10562.570    631.360  12.950  1.96367E-04  1.96509E-04 -7.23766E-04
   10567.513    636.304  13.000  1.96125E-04  1.96240E-04 -5.87566E-04
   10572.476    641.266  13.050  1.95886E-04  1.95969E-04 -4.23252E-04
   10577.457    646.248  13.100  1.95651E-04  1.95698E-04 -2.43578E-04
   10582.458    651.248  13.150  1.95409E-04  1.95421E-04 -6.16887E-05
   10587.478    656.268  13.200  1.95164E-04  1.95142E-04  1.10388E-04
   10592.516    661.307  13.250  1.94923E-04  1.94871E-04  2.63018E-04
   10597.574    666.364  13.300  1.94669E-04  1.94593E-04  3.89515E-04
   10602.651    671.441  13.350  1.94410E-04  1.94315E-04  4.86201E-04
   10607.747    676.537  13.400  1.94151E-04  1.94044E-04  5.52101E-04
   10612.862    681.652  13.450  1.93881E-04  1.93767E-04  5.88444E-04
   10617.996    686.786  13.500  1.93612E-04  1.93496E-04  5.97739E-04
   10623.149    691.939  13.550  1.93340E-04  1.93227E-04  5.83093E-04
   10628.321    697.111  13.600  1.93066E-04  1.92960E-04  5.47744E-04
   10633.512    702.302  13.650  1.92788E-04  1.92693E-04  4.94418E-04
   10638.722    707.512  13.700  1.92515E-04  1.92433E-04  4.25368E-04
   10643.951    712.742  13.750  1.92242E-04  1.92176E-04  3.42366E-04
   10649.199    717.990  13.800  1.91972E-04  1.91924E-04  2.47101E-04
   10654.467    723.257  13.850  1.91702E-04  1.91675E-04  1.41726E-04
   10659.753    728.543  13.900  1.91434E-04  1.91428E-04  2.93314E-05
   10665.058    733.849  13.950  1.91169E-04  1.91186E-04 -8.55664E-05
   10670.383    739.173  14.000  1.90902E-04  1.90940E-04 -1.97047E-04
   10675.726    744.517  14.050  1.90646E-04  1.90703E-04 -2.98063E-04
   10681.089    749.879  14.100  1.90398E-04  1.90471E-04 -3.81198E-04
   10686.471    755.261  14.150  1.90151E-04  1.90235E-04 -4.39652E-04
   10691.871    760.662  14.200  1.89916E-04  1.90006E-04 -4.68615E-04
   10697.291    766.081  14.250  1.89688E-04  1.89776E-04 -4.65977E-04
   10702.730    771.520  14.300  1.89465E-04  1.89548E-04 -4.33126E-04
   10708.188    776.978  14.350  1.89253E-04  1.89325E-04 -3.74836E-04
   10713.664    782.455  14.400  1.89039E-04  1.89096E-04 -2.98510E-04
   10719.160    787.951  14.450  1.88828E-04  1.88869E-04 -2.13034E-04
   10724.675    793.466  14.500  1.88616E-04  1.88640E-04 -1.27119E-04
   10730.209    799.000  14.550  1.88402E-04  1.88411E-04 -4.79145E-05
   10735.762    804.553  14.600  1.88186E-04  1.88182E-04  2.02679E-05
   10741.334    810.125  14.650  1.87964E-04  1.87950E-04  7.59856E-05
   10746.926    815.716  14.700  1.87734E-04  1.87712E-04  1.20655E-04
   10752.536    821.326  14.750  1.87509E-04  1.87480E-04  1.57273E-04
   10758.165    826.955  14.800  1.87269E-04  1.87233E-04  1.89146E-04
   10763.813    832.604  14.850  1.87034E-04  1.86993E-04  2.18597E-04
   10769.481    838.271  14.900  1.86790E-04  1.86744E-04  2.46023E-04
   10775.167    843.957  14.950  1.86543E-04  1.86493E-04  2.69692E-04
   10780.872    849.663  15.000  1.86295E-04  1.86242E-04  2.86276E-04
   10786.597    855.387  15.050  1.86038E-04  1.85984E-04  2.91885E-04
   10792.341    861.131  15.100  1.85774E-04  1.85722E-04  2.83398E-04
   10798.103    866.893  15.150  1.85503E-04  1.85455E-04  2.59362E-04
   10803.885    872.675  15.200  1.85227E-04  1.85186E-04  2.20579E-04
   10809.685    878.476  15.250  1.84946E-04  1.84914E-04  1.69913E-04
   10815.505    884.296  15.300  1.84656E-04  1.84635E-04  1.11338E-04
   10821.344    890.134  15.350  1.84365E-04  1.84356E-04  4.91115E-05
   10827.202    895.992  15.400  1.84074E-04  1.84076E-04 -1.34987E-05
   10833.079    901.869  15.450  1.83783E-04  1.83796E-04 -7.46251E-05
   10838.975    907.765  15.500  1.83484E-04  1.83509E-04 -1.33716E-04
   10844.890    913.680  15.550  1.83190E-04  1.83225E-04 -1.90844E-04
   10850.824    919.614  15.600  1.82893E-04  1.82938E-04 -2.45689E-04
   10856.777    925.567  15.650  1.82595E-04  1.82650E-04 -2.96561E-04
   10862.749    931.539  15.700  1.82298E-04  1.82361E-04 -3.39806E-04
   10868.740    937.531  15.750  1.82004E-04  1.82071E-04 -3.70064E-04
   10874.750    943.541  15.800  1.81713E-04  1.81782E-04 -3.81280E-04
   10880.780    949.570  15.850  1.81432E-04  1.81499E-04 -3.68060E-04
   10886.828    955.618  15.900  1.81152E-04  1.81212E-04 -3.27336E-04
   10892.896    961.686  15.950  1.80877E-04  1.80924E-04 -2.59618E-04
   10898.982    967.772  16.000  1.80613E-04  1.80643E-04 -1.69350E-04
   10905.087    973.878  16.050  1.80352E-04  1.80364E-04 -6.47266E-05
   10911.212    980.002  16.100  1.80092E-04  1.80084E-04  4.38643E-05
   10917.356    986.146  16.150  1.79832E-04  1.79806E-04  1.45331E-04
   10923.518    992.309  16.200  1.79576E-04  1.79535E-04  2.29872E-04
   10929.700    998.490  16.250  1.79311E-04  1.79259E-04  2.90561E-04
   10935.901   1004.691  16.300  1.79048E-04  1.78990E-04  3.24198E-04
   10942.121   1010.911  16.350  1.78786E-04  1.78727E-04  3.31358E-04
   10948.359   1017.150  16.400  1.78517E-04  1.78460E-04  3.15942E-04
   10954.617   1023.408  16.450  1.78251E-04  1.78200E-04  2.83925E-04
   10960.894   1029.685  16.500  1.77984E-04  1.77941E-04  2.42201E-04
   10967.190   1035.981  16.550  1.77717E-04  1.77682E-04  1.97149E-04
   10973.505   1042.296  16.600  1.77450E-04  1.77422E-04  1.53840E-04
   10979.839   1048.630  16.650  1.77184E-04  1.77164E-04  1.15431E-04
   10986.193   1054.983  16.700  1.76927E-04  1.76912E-04  8.30027E-05
   10992.565   1061.355  16.750  1.76667E-04  1.76657E-04  5.56923E-05
   10998.956   1067.746  16.800  1.76410E-04  1.76404E-04  3.14664E-05
   11005.366   1074.157  16.850  1.76149E-04  1.76148E-04  7.38402E-06
   11011.796   1080.586  16.900  1.75892E-04  1.75896E-04 -1.92629E-05
   11018.244   1087.034  16.950  1.75630E-04  1.75639E-04 -5.03591E-05
   11024.711   1093.502  17.000  1.75371E-04  1.75387E-04 -8.63601E-05
   11031.198   1099.988  17.050  1.75106E-04  1.75128E-04 -1.26040E-04
   11037.704   1106.494  17.100  1.74839E-04  1.74868E-04 -1.66373E-04
   11044.228   1113.018  17.150  1.74573E-04  1.74609E-04 -2.03081E-04
   11050.772   1119.562  17.200  1.74309E-04  1.74349E-04 -2.31304E-04
   11057.334   1126.125  17.250  1.74044E-04  1.74087E-04 -2.46600E-04
   11063.916   1132.707  17.300  1.73775E-04  1.73818E-04 -2.45934E-04
   11070.517   1139.307  17.350  1.73509E-04  1.73548E-04 -2.28194E-04
   11077.137   1145.927  17.400  1.73245E-04  1.73278E-04 -1.94716E-04
   11083.776   1152.566  17.450  1.72975E-04  1.73000E-04 -1.48861E-04
   11090.434   1159.224  17.500  1.72707E-04  1.72724E-04 -9.54804E-05
   11097.111   1165.901  17.550  1.72441E-04  1.72448E-04 -3.98410E-05
   11103.807   1172.597  17.600  1.72164E-04  1.72162E-04  1.30818E-05
   11110.522   1179.312  17.650  1.71890E-04  1.71880E-04  5.96596E-05
   11117.256   1186.046  17.700  1.71610E-04  1.71593E-04  9.77345E-05
   11124.009   1192.800  17.750  1.71326E-04  1.71304E-04  1.26542E-04
   11130.781   1199.572  17.800  1.71037E-04  1.71012E-04  1.46533E-04
   11137.573   1206.363  17.850  1.70749E-04  1.70722E-04  1.58457E-04
   11144.383   1213.173  17.900  1.70454E-04  1.70426E-04  1.62962E-04
   11151.212   1220.003  17.950  1.70161E-04  1.70133E-04  1.60413E-04
   11158.061   1226.851  18.000  1.69861E-04  1.69835E-04  1.50952E-04
   11164.928   1233.719  18.050  1.69567E-04  1.69544E-04  1.34716E-04
   11171.815   1240.605  18.100  1.69265E-04  1.69245E-04  1.12490E-04
   11178.721   1247.511  18.150  1.68961E-04  1.68946E-04  8.59294E-05
   11185.645   1254.436  18.200  1.68665E-04  1.68655E-04  5.76709E-05
   11192.589   1261.379  18.250  1.68363E-04  1.68358E-04  3.09574E-05
   11199.552   1268.342  18.300  1.68068E-04  1.68066E-04  8.94877E-06
   11206.533   1275.324  18.350  1.67768E-04  1.67769E-04 -6.05507E-06
   11213.534   1282.325  18.400  1.67476E-04  1.67478E-04 -1.34479E-05
   11220.554   1289.345  18.450  1.67186E-04  1.67189E-04 -1.45731E-05
   11227.593   1296.383  18.500  1.66897E-04  1.66900E-04 -1.25714E-05
   11234.651   1303.441  18.550  1.66610E-04  1.66612E-04 -1.16347E-05
   11241.728   1310.518  18.600  1.66322E-04  1.66325E-04 -1.58255E-05
   11248.824   1317.615  18.650  1.66039E-04  1.66044E-04 -2.80096E-05
   11255.939   1324.730  18.700  1.65756E-04  1.65764E-04 -4.88338E-05
   11263.074   1331.864  18.750  1.65473E-04  1.65485E-04 -7.63894E-05
   11270.227   1339.017  18.800  1.65188E-04  1.65206E-04 -1.06446E-04
   11277.399   1346.189  18.850  1.64905E-04  1.64927E-04 -1.33465E-04
   11284.590   1353.381  18.900  1.64625E-04  1.64650E-04 -1.51760E-04
   11291.801   1360.591  18.950  1.64353E-04  1.64379E-04 -1.56919E-04
   11299.030   1367.821  19.000  1.64084E-04  1.64108E-04 -1.46720E-04
   11306.279   1375.069  19.050  1.63819E-04  1.63839E-04 -1.21701E-04
   11313.546   1382.337  19.100  1.63550E-04  1.63564E-04 -8.48897E-05
   11320.833   1389.623  19.150  1.63288E-04  1.63294E-04 -4.10444E-05
   11328.139   1396.929  19.200  1.63026E-04  1.63025E-04  4.29092E-06
   11335.463   1404.254  19.250  1.62764E-04  1.62756E-04  4.59658E-05
   11342.807   1411.597  19.300  1.62500E-04  1.62487E-04  8.00564E-05
   11350.170   1418.960  19.350  1.62235E-04  1.62218E-04  1.04279E-04
   11357.552   1426.342  19.400  1.61966E-04  1.61947E-04  1.18044E-04
   11364.953   1433.743  19.450  1.61697E-04  1.61677E-04  1.22093E-04
   11372.373   1441.163  19.500  1.61421E-04  1.61402E-04  1.18004E-04
   11379.812   1448.602  19.550  1.61148E-04  1.61131E-04  1.07731E-04
   11387.270   1456.060  19.600  1.60870E-04  1.60855E-04  9.31954E-05
   11394.747   1463.537  19.650  1.60596E-04  1.60584E-04  7.60762E-05
   11402.243   1471.033  19.700  1.60315E-04  1.60306E-04  5.78643E-05
   11409.758   1478.548  19.750  1.60035E-04  1.60028E-04  3.97784E-05
   11417.292   1486.083  19.800  1.59752E-04  1.59749E-04  2.29206E-05
   11424.846   1493.636  19.850  1.59467E-04  1.59465E-04  8.10921E-06
   11432.418   1501.208  19.900  1.59187E-04  1.59187E-04 -4.14254E-06
   11440.009   1508.800  19.950  1.58906E-04  1.58908E-04 -1.37012E-05
