# # Once                                                         FEFF 10.0.0 
# # POT  SCF 100  9.0000   0, core-hole, FOLP (folp(0)= 1.150)
# # Abs   Z=30 Rmt= 1.409 Rnm= 1.529 K  shell
# #   RGRID 0.0100
# # Pot 1 Z= 6 Rmt= 0.809 Rnm= 1.034
# # Pot 2 Z= 6 Rmt= 0.799 Rnm= 1.006
# # Pot 3 Z= 6 Rmt= 0.808 Rnm= 1.033
# # Pot 4 Z= 6 Rmt= 0.776 Rnm= 1.001
# # Pot 5 Z= 6 Rmt= 0.901 Rnm= 1.123
# # Pot 6 Z= 6 Rmt= 0.937 Rnm= 1.171
# # Pot 7 Z= 1 Rmt= 0.562 Rnm= 0.946
# # Pot 8 Z= 1 Rmt= 0.497 Rnm= 0.871
# # Pot 9 Z= 7 Rmt= 0.787 Rnm= 0.989
# # Pot10 Z= 7 Rmt= 0.810 Rnm= 0.996
# # Pot11 Z=16 Rmt= 1.245 Rnm= 1.466
# # Gam_ch=1.897E+00 H-L exch Vi= 0.000E+00 Vr= 0.000E+00
# # Mu=-7.570E+00eV kf=2.160E+00 Vint=-1.477E+01eV Rs_int= 1.679
# # PATH  Rmax= 9.000,  Keep_limit= 0.00, Heap_limit 0.00  Pwcrit= 2.50%
#  S02=1.000  Temp=  10.00  Debye_temp= 315.00  Global_sig2= 0.00000
#  Energy zero shift, vr, vi    0.00000E+00   0.00000E+00
#  Curved wave amplitude ratio filter   4.000%
#     file         sig2 tot  cw amp ratio   deg  nlegs   reff  inp sig2
#           1       0.00319    100.00      1.00     2   2.1492
#           2       0.00418     99.31      1.00     2   2.1550
#           3       0.00297     84.06      1.00     2   2.3564
#           4       0.00291     83.77      1.00     2   2.3596
#           5       0.02672     12.51      1.00     2   2.7674
#           6       0.00769     43.27      1.00     2   2.9485
#           7       0.01973     10.24      1.00     2   2.9908
#           8       0.00321     41.24      1.00     2   3.0033
#           9       0.00455     38.44      1.00     2   3.0966
#          10       0.00600     37.97      1.00     2   3.1233
#          11       0.02094      8.51      1.00     2   3.2110
#          12       0.00431     44.04      2.00     3   3.2494
#          13       0.00306     46.29      2.00     3   3.2725
#          14       0.00447     58.01      2.00     3   3.2906
#          15       0.00749     31.81      1.00     2   3.3251
#          16       0.02035      7.39      1.00     2   3.3861
#          17       0.00488     87.03      2.00     3   3.4087
#          18       0.00437     28.70      1.00     2   3.4711
#          19       0.01313     16.37      2.00     3   3.4804
#          20       0.00552     30.27      1.00     4   3.4845
#          21       0.00869      9.41      2.00     3   3.4857
#          22       0.00517     75.60      1.00     4   3.4923
#          23       0.01888      6.78      1.00     2   3.4995
#          24       0.00483     14.08      1.00     4   3.5417
#          25       0.00462     10.92      1.00     4   3.5503
#          26       0.00954      7.90      2.00     3   3.6232
#          27       0.00339     35.23      2.00     3   3.6438
#          28       0.01245      6.07      2.00     3   3.6528
#          29       0.01598      5.91      1.00     2   3.6814
#          30       0.02302      5.86      1.00     2   3.6941
#          31       0.00825      8.87      2.00     3   3.7471
#          32       0.01563      5.74      2.00     3   3.7562
#          33       0.01032      7.88      2.00     3   3.7574
#          34       0.01316      5.80      2.00     3   3.7596
#          35       0.00760      9.01      2.00     4   3.7866
#          36       0.01281      6.44      2.00     3   3.8156
#          37       0.00422     33.58      2.00     3   3.8188
#          38       0.02547      6.93      1.00     4   3.8374
#          39       0.02639      5.18      1.00     2   3.8660
#          40       0.00881      9.95      2.00     4   3.8924
#          41       0.02099      4.95      1.00     2   3.9302
#          42       0.00937     13.02      2.00     4   3.9513
#          43       0.01885      7.71      2.00     3   3.9670
#          45       0.00820      7.45      2.00     3   4.0192
#          46       0.00862      5.75      2.00     3   4.0203
#          47       0.01444      5.81      1.00     4   4.0228
#          48       0.00486      5.65      2.00     3   4.0273
#          49       0.01408     13.78      2.00     3   4.0296
#          50       0.00427     17.90      1.00     2   4.0988
#          51       0.01629     18.12      2.00     4   4.1028
#          52       0.01102      5.15      2.00     3   4.1176
#          53       0.01408      4.81      2.00     3   4.1229
#          54       0.00316     17.52      1.00     2   4.1241
#          56       0.00385     11.61      2.00     3   4.1332
#          57       0.00454      7.86      2.00     3   4.1541
#          58       0.00361     17.31      1.00     2   4.1548
#          59       0.00539      7.79      2.00     3   4.1555
#          60       0.00330      7.75      2.00     3   4.1570
#          61       0.00362     11.88      1.00     4   4.1643
#          62       0.00451      8.48      1.00     4   4.1666
#          66       0.01096     10.17      1.00     4   4.1933
#          67       0.00429     16.66      1.00     2   4.2056
#          68       0.00397     10.61      2.00     3   4.2196
#          69       0.01261      4.67      2.00     3   4.2204
#          70       0.00779     36.65      2.00     3   4.2368
#          71       0.01551      4.68      1.00     4   4.2430
#          73       0.00419     32.33      2.00     3   4.2461
#          75       0.00410     29.75      2.00     3   4.2532
#          76       0.00514     52.53      2.00     3   4.2614
#          78       0.00381     30.86      2.00     3   4.2824
#          79       0.00638     10.18      1.00     4   4.2984
#          80       0.00447     23.70      2.00     4   4.3032
#          81       0.00868      4.14      2.00     5   4.3045
#          82       0.00970      5.11      2.00     4   4.3048
#          83       0.01117      4.78      2.00     3   4.3058
#          84       0.00404      7.98      2.00     3   4.3094
#          85       0.00837     10.03      1.00     4   4.3100
#          86       0.00412     33.55      2.00     3   4.3120
#          87       0.00279     52.92      1.00     4   4.3171
#          88       0.00807      8.04      2.00     5   4.3226
#          89       0.00337     18.52      2.00     4   4.3271
#          90       0.00402      6.09      2.00     3   4.3303
#          91       0.00296      6.44      2.00     3   4.3413
#          92       0.00598     21.29      1.00     4   4.3438
#          93       0.01704      4.21      2.00     4   4.3535
#          95       0.00322     14.88      1.00     2   4.3642
#          96       0.00448     54.25      2.00     4   4.3677
#          97       0.00349     20.15      1.00     4   4.3682
#          99       0.00481     45.18      2.00     3   4.3718
#         100       0.01349     31.21      1.00     4   4.3749
#         101       0.00491     35.26      1.00     4   4.3794
#         102       0.00935      8.70      2.00     5   4.3808
#         104       0.00991     18.21      2.00     5   4.3884
#         105       0.00285     37.08      2.00     4   4.3912
#         106       0.00457     21.53      1.00     4   4.3959
#         107       0.00538     15.70      2.00     4   4.4024
#         108       0.00463     20.30      2.00     3   4.4040
#         109       0.00466     36.48      2.00     4   4.4044
#         110       0.00439     17.35      1.00     4   4.4076
#         111       0.00465     20.90      2.00     4   4.4139
#         112       0.01529      4.03      1.00     4   4.4181
#         113       0.00428     21.48      1.00     4   4.4183
#         114       0.00470     25.05      1.00     4   4.4319
#         115       0.00428     25.56      1.00     4   4.4407
#         116       0.00718     14.47      2.00     5   4.4407
#         117       0.00909      4.50      2.00     5   4.4410
#         118       0.00607      4.28      2.00     3   4.4489
#         121       0.00841      6.93      2.00     4   4.4695
#         122       0.00430     34.12      2.00     4   4.4763
#         123       0.00488     22.85      2.00     4   4.5031
#         125       0.00441     32.43      2.00     4   4.5060
#         128       0.00799     12.79      1.00     6   4.5165
#         129       0.00352     26.53      2.00     3   4.5187
#         130       0.00591     15.75      2.00     4   4.5205
#         131       0.00703     25.96      1.00     6   4.5243
#         132       0.00510     44.50      2.00     4   4.5263
#         133       0.01062      6.15      2.00     3   4.5310
#         134       0.00944      7.41      2.00     4   4.5501
#         135       0.01843      5.81      2.00     5   4.5503
#         136       0.00447     41.76      2.00     4   4.5623
#         137       0.00871      7.01      1.00     6   4.5737
#         138       0.00837      5.20      2.00     3   4.5775
#         139       0.00787      6.92      1.00     6   4.5823
#         140       0.00518     49.50      2.00     5   4.5867
#         142       0.00596     35.01      2.00     5   4.5963
#         143       0.00484     51.28      2.00     5   4.5984
#         144       0.00464     43.36      2.00     4   4.6023
#         145       0.00617     46.04      2.00     5   4.6041
#         146       0.00363     33.86      2.00     5   4.6078
#         147       0.00467     75.25      2.00     5   4.6099
#         148       0.00484     86.64      2.00     5   4.6180
#         149       0.00428     13.04      2.00     3   4.6194
#         150       0.01131     73.63      2.00     5   4.6259
#         151       0.00614     57.82      2.00     5   4.6346
#         152       0.00428     58.70      2.00     5   4.6441
#         153       0.00733     46.16      2.00     5   4.6447
#         154       0.00555     11.45      1.00     4   4.6533
#         155       0.02010      5.39      2.00     5   4.6552
#         157       0.00454     43.64      2.00     5   4.6604
#         158       0.00542     24.97      1.00     4   4.6624
#         159       0.00418      7.59      2.00     3   4.6640
#         160       0.00520     50.40      2.00     5   4.6651
#         161       0.00508      4.94      2.00     3   4.6659
#         163       0.00449     55.18      2.00     5   4.6686
#         164       0.00621     22.39      1.00     4   4.6732
#         165       0.00448     28.67      2.00     5   4.6831
#         166       0.00335      7.38      2.00     3   4.6981
#         167       0.00595      5.43      1.00     4   4.7128
#         168       0.00815     12.14      2.00     5   4.7138
#         170       0.00583      5.39      1.00     4   4.7191
#         171       0.00575     12.99      2.00     4   4.7216
#         174       0.01179     99.79      2.00     5   4.7460
#         175       0.01544      7.28      2.00     4   4.7472
#         176       0.00419      9.93      2.00     3   4.7554
#         177       0.01088      5.22      2.00     4   4.7567
#         178       0.00521     60.64      2.00     5   4.7568
#         179       0.01105      5.66      2.00     4   4.7610
#         180       0.00447     18.18      2.00     4   4.7630
#         182       0.01455      6.79      2.00     4   4.7802
#         183       0.00314     10.62      2.00     4   4.7861
#         184       0.01238      5.30      2.00     5   4.7894
#         185       0.00859     11.36      2.00     4   4.7985
#         186       0.00534     31.55      2.00     5   4.8040
#         187       0.01235      5.47      2.00     6   4.8186
#         188       0.01207     55.25      1.00     6   4.8198
#         189       0.01018      6.36      2.00     4   4.8225
#         190       0.00374      8.10      2.00     4   4.8224
#         191       0.00934      5.20      2.00     4   4.8267
#         192       0.00535     11.29      1.00     2   4.8278
#         193       0.00620     37.59      1.00     6   4.8286
#         194       0.01227    107.70      1.00     6   4.8296
#         195       0.00367      8.99      2.00     4   4.8362
#         196       0.00841     18.84      2.00     5   4.8403
#         197       0.00605     45.59      1.00     6   4.8404
#         198       0.01318      4.33      2.00     5   4.8476
#         199       0.00499      9.27      2.00     4   4.8525
#         200       0.00908     27.39      2.00     5   4.8543
#         201       0.00951      9.96      2.00     4   4.8567
#         202       0.00732      9.41      2.00     4   4.8628
#         203       0.00400      4.98      2.00     3   4.8664
#         204       0.00428      6.10      2.00     3   4.8674
#         205       0.00396      9.58      2.00     4   4.8687
#         207       0.00884     64.06      2.00     6   4.8770
#         208       0.00897     15.18      2.00     5   4.8810
#         209       0.01601      6.58      2.00     4   4.8830
#         210       0.00923     84.67      2.00     6   4.8876
#         211       0.00357      9.57      2.00     4   4.8885
#         216       0.00447     14.70      2.00     4   4.8921
#         218       0.00805     11.03      2.00     5   4.9049
#         219       0.02661      5.04      2.00     3   4.9059
#         221       0.00379      9.32      2.00     4   4.9099
#         222       0.00561     28.31      2.00     3   4.9123
#         223       0.00638     32.78      1.00     6   4.9133
#         224       0.02747      5.41      2.00     4   4.9166
#         225       0.00703     43.97      1.00     6   4.9189
#         226       0.00381     10.84      2.00     4   4.9232
#         227       0.00406      9.83      2.00     4   4.9245
#         228       0.01429      6.33      2.00     6   4.9244
#         229       0.01133      4.57      2.00     4   4.9293
#         230       0.00603      4.72      1.00     4   4.9313
#         231       0.01014     28.64      1.00     6   4.9343
#         233       0.00391      9.93      2.00     4   4.9418
#         234       0.00955      8.89      2.00     4   4.9431
#         235       0.00954     23.99      1.00     6   4.9456
#         236       0.00970     13.64      2.00     5   4.9470
#         237       0.00440     19.08      2.00     4   4.9510
#         238       0.00511     26.19      2.00     3   4.9574
#         239       0.01566      6.88      2.00     4   4.9570
#         240       0.00309     10.30      2.00     4   4.9621
#         241       0.00878      8.11      2.00     4   4.9654
#         242       0.00551      9.16      2.00     4   4.9738
#         243       0.01372      8.29      2.00     6   4.9833
#         244       0.00414     16.77      2.00     4   4.9852
#         245       0.02290      9.76      2.00     5   4.9901
#         249       0.00436     24.08      2.00     5   4.9935
#         250       0.01010     20.87      2.00     5   4.9947
#         251       0.01055      6.12      2.00     3   4.9966
#         253       0.00860     24.10      1.00     4   4.9968
#         254       0.01314      4.99      2.00     5   4.9990
#         256       0.00439     28.61      2.00     5   5.0068
#         258       0.01778      4.74      2.00     3   5.0100
#         259       0.01169      7.62      2.00     5   5.0103
#         260       0.00944     10.27      2.00     5   5.0111
#         261       0.01465      4.51      2.00     3   5.0155
#         262       0.00971     14.00      2.00     5   5.0157
#         263       0.00318     14.88      2.00     5   5.0163
#         264       0.00570      9.14      2.00     5   5.0225
#         265       0.00397     11.29      2.00     4   5.0333
#         266       0.00950      8.81      2.00     5   5.0337
#         267       0.01150      9.19      2.00     5   5.0403
#         268       0.00431     20.56      2.00     5   5.0409
#         269       0.00462     33.91      2.00     4   5.0419
#         271       0.00474     21.82      2.00     5   5.0465
#         272       0.03131      7.90      2.00     5   5.0481
#         273       0.01343      4.87      2.00     5   5.0512
#         274       0.00752      9.51      2.00     3   5.0527
#         275       0.00527     18.91      2.00     5   5.0553
#         276       0.00523     13.77      2.00     4   5.0563
#         277       0.00621     31.21      2.00     5   5.0574
#         278       0.01329      7.20      2.00     3   5.0581
#         279       0.00672      7.76      2.00     4   5.0604
#         280       0.01045     10.76      2.00     5   5.0631
#         281       0.00527     25.33      2.00     5   5.0639
#         282       0.00304     11.50      2.00     5   5.0639
#         283       0.00957     11.10      2.00     5   5.0652
#         284       0.00937      8.45      2.00     5   5.0746
#         285       0.01354      4.94      2.00     3   5.0771
#         286       0.00778     17.60      2.00     5   5.0824
#         288       0.00549      4.05      2.00     4   5.0841
#         289       0.01005      4.39      2.00     5   5.0844
#         290       0.00556     18.17      1.00     4   5.0870
#         291       0.00965      5.90      2.00     3   5.0885
#         292       0.00479     29.58      2.00     5   5.0915
#         293       0.00909     14.74      2.00     5   5.0927
#         294       0.01384      7.28      2.00     5   5.0949
#         295       0.02105      7.58      2.00     5   5.0996
#         296       0.00348     23.11      2.00     5   5.1002
#         297       0.00998     17.88      2.00     5   5.1014
#         298       0.03476      7.56      2.00     4   5.1035
#         299       0.01023      9.57      1.00     4   5.1086
#         300       0.00476      9.98      2.00     5   5.1165
#         301       0.00874     27.71      2.00     6   5.1239
#         302       0.02391      6.55      2.00     3   5.1322
#         303       0.00403     11.21      2.00     4   5.1321
#         304       0.00728      7.72      2.00     5   5.1320
#         305       0.01251     11.42      2.00     6   5.1348
#         306       0.00789     12.01      2.00     4   5.1443
#         309       0.00392      8.59      2.00     3   5.1487
#         310       0.01965      9.68      2.00     5   5.1509
#         311       0.00700      7.38      2.00     4   5.1526
#         312       0.01832      7.62      2.00     5   5.1522
#         313       0.00820      4.29      2.00     3   5.1545
#         314       0.00993     26.09      2.00     6   5.1552
#         315       0.00423     17.44      2.00     5   5.1561
#         316       0.00804      8.22      2.00     5   5.1593
#         318       0.00460     13.88      2.00     5   5.1737
#         319       0.00752     11.07      2.00     4   5.1748
#         321       0.01087     17.16      2.00     6   5.1819
#         322       0.00660     12.75      2.00     3   5.1863
#         323       0.00358     28.21      2.00     5   5.1878
#         324       0.01131      8.08      2.00     5   5.1972
#         326       0.00310      8.12      2.00     3   5.1997
#         328       0.02310      8.03      2.00     3   5.2011
#         330       0.01336      5.89      2.00     5   5.2081
#         331       0.00822      8.85      2.00     4   5.2103
#         332       0.00800      9.69      2.00     4   5.2110
#         333       0.00445     15.25      2.00     5   5.2110
#         334       0.00787      7.60      2.00     4   5.2128
#         335       0.01734      9.93      2.00     5   5.2146
#         336       0.00413     24.87      2.00     5   5.2157
#         337       0.00969      6.11      2.00     5   5.2165
#         338       0.01408      6.20      2.00     4   5.2207
#         339       0.01544     13.03      2.00     5   5.2205
#         340       0.00764      5.30      1.00     4   5.2248
#         342       0.00966     20.63      2.00     6   5.2277
#         343       0.00735      6.86      2.00     4   5.2311
#         344       0.00858     24.26      2.00     5   5.2306
#         348       0.01038      5.89      2.00     4   5.2382
#         349       0.00519     10.46      2.00     5   5.2385
#         350       0.01088      5.42      2.00     4   5.2438
#         351       0.01019      7.45      2.00     4   5.2437
#         352       0.01214      7.09      2.00     4   5.2458
#         353       0.01008      5.70      2.00     4   5.2461
#         354       0.01090      5.32      2.00     4   5.2458
#         355       0.00342      9.40      2.00     4   5.2514
#         357       0.02328      7.36      1.00     4   5.2553
#         358       0.02327      4.84      1.00     4   5.2553
#         360       0.01662      4.13      2.00     4   5.2572
#         362       0.00478     23.05      2.00     4   5.2601
#         365       0.02228      6.40      1.00     6   5.2633
#         366       0.01169     22.65      2.00     6   5.2639
#         367       0.00905     15.46      2.00     5   5.2663
#         368       0.00775     21.73      2.00     5   5.2669
#         369       0.00859      4.98      2.00     5   5.2688
#         370       0.00416     48.84      2.00     6   5.2714
#         371       0.00704     10.57      2.00     4   5.2725
#         372       0.01144      5.29      2.00     5   5.2750
#         373       0.00546      4.63      1.00     4   5.2781
#         374       0.13329      9.95      2.00     4   5.2788
#         375       0.00601      7.26      2.00     4   5.2810
#         376       0.00946      5.97      2.00     4   5.2824
#         378       0.00918      5.13      2.00     4   5.2839
#         379       0.01320     17.00      2.00     6   5.2849
#         380       0.01414     21.64      2.00     6   5.2866
#         383       0.00830      5.90      2.00     4   5.2926
#         384       0.00858      5.04      2.00     5   5.2934
#         385       0.00308     30.90      2.00     6   5.2941
#         386       0.01239     24.09      2.00     6   5.2954
#         387       0.00850     10.22      2.00     5   5.3002
#         388       0.01661     13.55      2.00     5   5.3026
#         389       0.03701     11.49      2.00     5   5.3043
#         390       0.00435      5.58      2.00     4   5.3049
#         391       0.01015      5.95      2.00     4   5.3073
#         393       0.01159      5.53      2.00     3   5.3092
#         394       0.01117      4.20      2.00     4   5.3103
#         395       0.00453     26.12      2.00     6   5.3104
#         398       0.00757      5.56      2.00     5   5.3144
#         399       0.00676      8.64      2.00     5   5.3147
#         400       0.00850      6.97      2.00     4   5.3157
#         401       0.00785      8.78      2.00     3   5.3219
#         402       0.00559     37.01      2.00     6   5.3221
#         405       0.01210      4.80      2.00     4   5.3298
#         406       0.00690     13.68      2.00     4   5.3295
#         407       0.00852     12.67      2.00     5   5.3324
#         409       0.00491     23.78      2.00     6   5.3331
#         410       0.00490     17.59      2.00     5   5.3342
#         411       0.00885      9.14      2.00     6   5.3352
#         412       0.00851      8.11      2.00     6   5.3352
#         413       0.00855     11.94      2.00     4   5.3359
#         414       0.01062      5.44      2.00     5   5.3366
#         417       0.00869     12.92      2.00     5   5.3382
#         418       0.00560      6.64      2.00     4   5.3401
#         419       0.00494     32.27      2.00     6   5.3418
#         420       0.00867     19.65      2.00     5   5.3436
#         421       0.00964     16.36      2.00     6   5.3438
#         422       0.00518     38.64      2.00     5   5.3446
#         424       0.01238      4.74      2.00     5   5.3470
#         425       0.00884      9.65      1.00     4   5.3486
#         426       0.01250     13.06      2.00     6   5.3491
#         427       0.00853     18.14      1.00     6   5.3527
#         428       0.00918      5.31      2.00     3   5.3538
#         429       0.01612      5.78      2.00     7   5.3546
#         430       0.00820     13.54      2.00     5   5.3565
#         431       0.00860     31.78      2.00     5   5.3563
#         432       0.00892      4.75      2.00     4   5.3589
#         433       0.00738      7.04      2.00     6   5.3591
#         434       0.00900      9.05      2.00     6   5.3591
#         435       0.01260      5.54      2.00     5   5.3623
#         436       0.00391      5.18      2.00     4   5.3629
#         437       0.00861     27.28      1.00     6   5.3639
#         438       0.00639     14.07      2.00     5   5.3646
#         439       0.04029     15.09      2.00     5   5.3674
#         440       0.01041      7.21      2.00     4   5.3678
#         441       0.00521      5.65      2.00     4   5.3688
#         442       0.00877     10.34      2.00     5   5.3687
#         443       0.00483     25.91      2.00     6   5.3693
#         445       0.00950      5.43      2.00     5   5.3726
#         446       0.01166      8.80      2.00     5   5.3740
#         448       0.00846     12.15      2.00     4   5.3765
#         449       0.00955     11.73      2.00     4   5.3805
#         450       0.00842      4.87      2.00     5   5.3836
#         451       0.00575     13.15      2.00     4   5.3875
#         452       0.00771      6.88      2.00     3   5.3881
#         453       0.00939     19.10      2.00     5   5.3882
#         454       0.00442      4.90      2.00     5   5.3891
#         455       0.00759     30.08      2.00     6   5.3889
#         456       0.00483     31.05      2.00     5   5.3897
#         458       0.00463      5.57      2.00     4   5.3945
#         459       0.00891      4.86      2.00     5   5.3949
#         461       0.00974      5.37      2.00     5   5.4044
#         462       0.00801      4.96      2.00     5   5.4044
#         463       0.00969      4.56      2.00     5   5.4053
#         464       0.00781     14.56      2.00     5   5.4050
#         465       0.00680     11.55      2.00     4   5.4064
#         467       0.00985      8.30      2.00     5   5.4059
#         468       0.01247     12.21      2.00     6   5.4069
#         469       0.00689      4.31      2.00     5   5.4114
#         471       0.00819      6.53      2.00     4   5.4132
#         472       0.01536      6.50      2.00     7   5.4128
#         474       0.01363     13.48      2.00     7   5.4204
#         475       0.00622      5.68      2.00     5   5.4218
#         476       0.00556      5.29      2.00     5   5.4218
#         477       0.00881      4.76      2.00     6   5.4232
#         479       0.00796     13.24      1.00     6   5.4252
#         480       0.00959      7.90      2.00     6   5.4279
#         481       0.01623      6.63      2.00     4   5.4310
#         482       0.01582      4.84      2.00     4   5.4310
#         483       0.00983      5.67      2.00     6   5.4344
#         484       0.00932      9.38      2.00     6   5.4344
#         485       0.00930      7.26      2.00     6   5.4364
#         486       0.01174      7.16      2.00     4   5.4374
#         487       0.01220      7.07      2.00     5   5.4398
#         488       0.00994      6.62      2.00     5   5.4400
#         489       0.01221      6.81      2.00     5   5.4398
#         490       0.01263     26.12      2.00     6   5.4401
#         491       0.00378      8.84      2.00     4   5.4415
#         492       0.00739      7.00      2.00     6   5.4459
#         493       0.00793      5.55      2.00     6   5.4459
#         494       0.00397      7.29      2.00     4   5.4496
#         495       0.02277     25.97      2.00     6   5.4510
#         496       0.01012     10.34      2.00     5   5.4514
#         497       0.00677      7.62      2.00     5   5.4517
#         499       0.00778      9.49      2.00     5   5.4570
#         500       0.00407      7.93      1.00     2   5.4591
#         501       0.00973      4.38      2.00     5   5.4605
#         502       0.00885     18.91      2.00     6   5.4603
#         503       0.00856     34.30      2.00     6   5.4608
#         504       0.00853      4.02      2.00     4   5.4616
#         506       0.00430     21.22      2.00     5   5.4621
#         507       0.00899     16.62      2.00     5   5.4641
#         508       0.00921     10.42      2.00     6   5.4639
#         509       0.00393     11.44      1.00     4   5.4681
#         510       0.00678      7.53      2.00     4   5.4689
#         511       0.00527     12.52      1.00     4   5.4703
#         513       0.00899     28.93      2.00     6   5.4718
#         514       0.00912     12.81      2.00     6   5.4727
#         515       0.01444     10.59      2.00     7   5.4727
#         517       0.01019      7.42      2.00     5   5.4740
#         518       0.00598      7.33      2.00     5   5.4738
#         519       0.00969      7.30      2.00     5   5.4740
#         520       0.00903     10.09      2.00     5   5.4740
#         521       0.00821      8.56      2.00     4   5.4764
#         523       0.01375      6.26      2.00     4   5.4801
#         527       0.00952     13.81      2.00     6   5.4828
#         528       0.00989      9.47      2.00     6   5.4828
#         530       0.00958      4.05      2.00     6   5.4849
#         531       0.01147      4.73      2.00     5   5.4874
#         532       0.00530     28.80      2.00     6   5.4887
#         534       0.00912     12.50      2.00     5   5.4905
#         536       0.00400      6.82      2.00     5   5.4915
#         538       0.01054      6.97      2.00     5   5.4930
#         539       0.01028      5.47      2.00     5   5.4930
#         540       0.01082      8.65      2.00     6   5.4926
#         541       0.01270      7.84      2.00     5   5.4935
#         542       0.00455      6.34      2.00     5   5.4943
#         543       0.00934      4.46      2.00     6   5.4943
#         544       0.00960      7.76      2.00     6   5.4947
#         545       0.01190     10.55      2.00     5   5.4960
#         546       0.01032      8.14      2.00     6   5.4956
#         547       0.00902     16.62      2.00     6   5.4966
#         548       0.00926     22.37      2.00     6   5.4966
#         549       0.00986      7.16      2.00     5   5.4984
#         550       0.00949      4.24      2.00     5   5.4980
#         551       0.00861     15.10      2.00     6   5.4981
#         552       0.01124     11.14      2.00     6   5.5002
#         553       0.01074      8.85      2.00     6   5.5023
#         554       0.01087     20.75      2.00     5   5.5032
#         555       0.00993      9.47      2.00     6   5.5041
#         556       0.01065      7.08      2.00     6   5.5041
#         557       0.00950      8.38      2.00     6   5.5056
#         558       0.01099     13.59      2.00     6   5.5061
#         559       0.02448      5.39      2.00     5   5.5063
#         560       0.01860      5.09      2.00     6   5.5071
#         561       0.01110     13.47      2.00     6   5.5083
#         562       0.01155     17.08      2.00     5   5.5095
#         563       0.00809     35.79      2.00     6   5.5108
#         564       0.00658     13.99      2.00     5   5.5127
#         565       0.01004      8.09      2.00     5   5.5132
#         566       0.00469     17.89      2.00     5   5.5146
#         567       0.00928      6.06      2.00     5   5.5166
#         568       0.01009     11.60      2.00     6   5.5163
#         569       0.00973      8.23      2.00     6   5.5174
#         571       0.02267      5.86      2.00     6   5.5222
#         572       0.01046      9.68      2.00     6   5.5222
#         573       0.01049      8.79      2.00     6   5.5222
#         574       0.00935      4.13      2.00     4   5.5227
#         575       0.00533     19.97      2.00     3   5.5309
#         576       0.00765     14.04      2.00     5   5.5309
#         577       0.00844      9.14      2.00     6   5.5307
#         578       0.01053      5.55      2.00     6   5.5306
#         579       0.00951     10.24      2.00     6   5.5306
#         580       0.00984     12.04      2.00     6   5.5309
#         582       0.01024     12.47      2.00     5   5.5351
#         583       0.00761      7.89      2.00     6   5.5351
#         584       0.01065      4.65      2.00     4   5.5380
#         585       0.01060     10.05      2.00     6   5.5380
#         586       0.01767      4.28      2.00     6   5.5395
#         587       0.01027     10.69      2.00     6   5.5433
#         588       0.00943      5.92      2.00     6   5.5429
#         589       0.00442     15.50      2.00     3   5.5443
#         590       0.00968      7.99      2.00     6   5.5442
#         591       0.00596     18.47      2.00     5   5.5458
#         592       0.00850      8.40      2.00     5   5.5461
#         593       0.00644     12.32      2.00     5   5.5480
#         595       0.00510      7.87      2.00     5   5.5489
#         596       0.00811      5.82      2.00     5   5.5507
#         597       0.01201     11.30      2.00     5   5.5523
#         598       0.01037      5.61      2.00     6   5.5525
#         599       0.01084     10.11      2.00     6   5.5525
#         600       0.00783     10.75      2.00     6   5.5583
#         602       0.00876      4.71      2.00     5   5.5585
#         603       0.00467      7.50      1.00     2   5.5591
#         604       0.01200      7.18      2.00     5   5.5596
#         605       0.01099     17.49      2.00     5   5.5600
#         606       0.00974      5.21      2.00     6   5.5597
#         608       0.01194      4.04      2.00     4   5.5616
#         610       0.00867     17.44      2.00     6   5.5626
#         611       0.01446     10.35      2.00     5   5.5637
#         612       0.01459     10.25      2.00     5   5.5637
#         613       0.00548     42.56      2.00     7   5.5633
#         614       0.00998      6.44      2.00     6   5.5643
#         615       0.01011      6.31      2.00     6   5.5643
#         616       0.00469     19.33      2.00     3   5.5651
#         617       0.00622      5.08      2.00     4   5.5657
#         618       0.00919      4.58      2.00     6   5.5669
#         619       0.01193      5.17      1.00     6   5.5679
#         621       0.01012      5.33      2.00     5   5.5689
#         622       0.00484     13.17      1.00     4   5.5710
#         623       0.00562     57.39      2.00     7   5.5723
#         624       0.00508     13.71      1.00     4   5.5742
#         625       0.00714     12.95      2.00     5   5.5742
#         626       0.00886     26.75      2.00     6   5.5741
#         628       0.01133      4.72      2.00     4   5.5766
#         629       0.01193      5.43      2.00     6   5.5794
#         630       0.01212      7.82      1.00     6   5.5796
#         631       0.02450      5.64      2.00     6   5.5804
#         632       0.01480     21.05      2.00     5   5.5814
#         633       0.00813      7.24      2.00     6   5.5823
#         634       0.00818      5.60      2.00     6   5.5823
#         636       0.00854     53.08      2.00     7   5.5829
#         637       0.00866     44.14      2.00     6   5.5868
#         638       0.00951     12.37      2.00     5   5.5885
#         640       0.00934      5.04      2.00     6   5.5888
#         642       0.00727     28.95      2.00     5   5.5902
#         643       0.02710     10.84      2.00     6   5.5898
#         645       0.00746      4.18      2.00     4   5.5927
#         647       0.01048      8.97      2.00     6   5.5943
#         648       0.00867     79.89      2.00     7   5.5944
#         649       0.00535      6.16      2.00     5   5.5997
#         650       0.01003      7.72      2.00     6   5.6002
#         651       0.01463      5.18      2.00     3   5.6010
#         654       0.00482     17.21      1.00     4   5.6027
#         656       0.01102      4.55      2.00     4   5.6069
#         657       0.02343     46.40      2.00     5   5.6084
#         659       0.00941      6.43      2.00     6   5.6106
#         660       0.00999      6.73      2.00     6   5.6120
#         662       0.00789      5.75      2.00     4   5.6148
#         663       0.00356     22.79      2.00     4   5.6161
#         664       0.00538     14.83      2.00     5   5.6160
#         665       0.00615     15.00      2.00     5   5.6177
#         666       0.01027      7.96      2.00     6   5.6183
#         667       0.00907     19.54      2.00     6   5.6187
#         668       0.00959     27.05      2.00     6   5.6187
#         669       0.00758     28.04      2.00     7   5.6187
#         670       0.00981     12.45      2.00     7   5.6187
#         671       0.00875     46.29      2.00     7   5.6191
#         674       0.01046      8.86      2.00     6   5.6200
#         675       0.00351      4.25      2.00     4   5.6203
#         676       0.08098      4.16      2.00     7   5.6203
#         677       0.03193      4.08      2.00     7   5.6203
#         678       0.00542      5.33      2.00     5   5.6214
#         679       0.00365      4.81      2.00     5   5.6216
#         681       0.00720     27.09      2.00     5   5.6247
#         683       0.00793     12.84      2.00     4   5.6255
#         684       0.00816      9.13      2.00     5   5.6259
#         685       0.00935     40.86      2.00     5   5.6264
#         686       0.00925     21.19      2.00     7   5.6283
#         687       0.00903     19.98      2.00     7   5.6283
#         688       0.00492     13.37      2.00     5   5.6294
#         689       0.00467      9.44      1.00     4   5.6295
#         690       0.00694     60.78      2.00     5   5.6300
#         691       0.00918     22.45      2.00     7   5.6304
#         693       0.00355      5.02      2.00     5   5.6321
#         694       0.01302     21.70      2.00     5   5.6331
#         696       0.00928     10.86      2.00     6   5.6337
#         697       0.01215     19.14      2.00     6   5.6343
#         698       0.01038     28.44      2.00     7   5.6361
#         699       0.00981      7.48      2.00     6   5.6361
#         700       0.01028     24.65      2.00     7   5.6361
#         701       0.00338     18.28      2.00     3   5.6370
#         702       0.01512      5.47      2.00     6   5.6376
#         703       0.00934      9.19      2.00     5   5.6386
#         704       0.00742     20.61      2.00     7   5.6398
#         705       0.00987     15.89      2.00     7   5.6398
#         706       0.00770     33.57      2.00     6   5.6405
#         707       0.01518      9.06      2.00     6   5.6421
#         708       0.01116     12.10      2.00     6   5.6421
#         709       0.01121     13.95      2.00     6   5.6421
#         710       0.00769     39.17      2.00     7   5.6419
#         711       0.00328     25.56      2.00     4   5.6430
#         712       0.01076      8.14      2.00     5   5.6433
#         713       0.01407      4.99      2.00     6   5.6435
#         714       0.01121     15.70      2.00     5   5.6457
#         715       0.00395      5.69      2.00     5   5.6467
#         716       0.00443      5.66      2.00     5   5.6474
#         719       0.00965     22.93      2.00     6   5.6473
#         720       0.01604      7.17      2.00     6   5.6478
#         721       0.01059      9.38      2.00     5   5.6485
#         722       0.00494     15.55      2.00     5   5.6493
#         723       0.01098     11.08      2.00     7   5.6500
#         724       0.01056     24.26      2.00     7   5.6500
#         725       0.00691     11.38      1.00     6   5.6509
#         726       0.01184      4.09      2.00     4   5.6519
#         727       0.01457      5.08      2.00     6   5.6521
#         728       0.01719      6.82      2.00     6   5.6525
#         729       0.01012     14.97      2.00     6   5.6530
#         730       0.00970     14.17      2.00     6   5.6525
#         731       0.00587     13.80      2.00     5   5.6567
#         732       0.00629     21.29      1.00     6   5.6578
#         733       0.01368     12.01      1.00     6   5.6577
#         734       0.01061     14.70      2.00     7   5.6579
#         735       0.00903     21.99      2.00     7   5.6579
#         737       0.01038      6.92      2.00     5   5.6611
#         738       0.01080      7.98      2.00     5   5.6611
#         739       0.00912     26.54      2.00     6   5.6624
#         741       0.00438      7.52      2.00     5   5.6656
#         743       0.01403     16.83      2.00     7   5.6666
#         744       0.01148     28.40      2.00     7   5.6666
#         747       0.01365      8.61      2.00     5   5.6679
#         748       0.00304     21.83      2.00     4   5.6689
#         750       0.00610      9.16      2.00     5   5.6720
#         751       0.00658     19.66      2.00     6   5.6718
#         752       0.00956      9.60      2.00     3   5.6743
#         753       0.00479      5.20      2.00     6   5.6760
#         754       0.01141     12.38      2.00     7   5.6761
#         755       0.01100     22.89      2.00     7   5.6761
#         756       0.01043      7.79      2.00     7   5.6767
#         757       0.00871     11.69      2.00     7   5.6767
#         759       0.00590     30.79      2.00     5   5.6806
#         760       0.00934      6.60      2.00     5   5.6838
#         761       0.00521      7.14      1.00     4   5.6847
#         762       0.00837      5.84      2.00     5   5.6843
#         763       0.00488     19.88      2.00     4   5.6853
#         764       0.00708     73.93      1.00     6   5.6857
#         766       0.00891      6.12      2.00     5   5.6894
#         767       0.01175      5.40      2.00     6   5.6909
#         768       0.00949     28.25      2.00     7   5.6905
#         769       0.00302     25.60      2.00     4   5.6928
#         770       0.00654     17.33      1.00     6   5.6924
#         771       0.00884     15.21      2.00     7   5.6924
#         772       0.00988     11.59      2.00     6   5.6944
#         773       0.02217      4.15      2.00     3   5.6969
#         774       0.00544      5.78      2.00     5   5.6967
#         775       0.02102      8.68      2.00     7   5.6971
#         776       0.00965     14.00      2.00     7   5.6971
#         777       0.00304     38.29      2.00     5   5.6987
#         778       0.00946     38.16      2.00     6   5.6985
#         779       0.00595     11.52      2.00     6   5.6987
#         780       0.00889     13.44      2.00     6   5.6985
#         781       0.00399      9.11      2.00     5   5.6990
#         782       0.01294      5.98      2.00     6   5.7001
#         783       0.01037     15.61      2.00     7   5.7006
#         784       0.00956      6.78      2.00     6   5.7022
#         785       0.00375      8.77      1.00     6   5.7024
#         786       0.00978     42.89      2.00     7   5.7023
#         787       0.00970     30.25      2.00     6   5.7035
#         788       0.00552     11.57      2.00     6   5.7043
#         789       0.00600     20.44      2.00     6   5.7050
#         791       0.01356     12.73      2.00     6   5.7052
#         792       0.01184      7.82      2.00     5   5.7061
#         793       0.01192      4.91      2.00     5   5.7061
#         794       0.01092     14.35      2.00     5   5.7073
#         795       0.00915      4.37      2.00     5   5.7084
#         796       0.00819      6.87      1.00     6   5.7082
#         797       0.01025     28.17      2.00     5   5.7091
#         799       0.00376      9.67      1.00     4   5.7123
#         800       0.00672     33.65      2.00     6   5.7124
#         801       0.00711     20.48      1.00     6   5.7122
#         802       0.00885      5.07      2.00     4   5.7131
#         803       0.02111     13.47      2.00     5   5.7129
#         804       0.00471     15.52      1.00     4   5.7149
#         805       0.00545     16.65      2.00     6   5.7150
#         806       0.00800     16.49      2.00     7   5.7151
#         807       0.01034     16.47      2.00     7   5.7151
#         808       0.00901      6.36      1.00     6   5.7158
#         809       0.02323     16.29      2.00     7   5.7161
#         810       0.02350     13.10      2.00     7   5.7161
#         811       0.00959     51.24      2.00     6   5.7167
#         812       0.00818     30.53      2.00     6   5.7197
#         813       0.00838     11.55      2.00     6   5.7197
#         814       0.00365     34.09      2.00     5   5.7199
#         816       0.00766      9.59      2.00     6   5.7217
#         817       0.00539     24.75      2.00     6   5.7224
#         818       0.01969     12.93      2.00     6   5.7232
#         819       0.00937      5.11      2.00     6   5.7233
#         821       0.00934      5.12      1.00     6   5.7233
#         822       0.00997      4.02      1.00     6   5.7233
#         823       0.01044     11.96      2.00     7   5.7245
#         824       0.01543     16.17      2.00     7   5.7249
#         825       0.00825      4.55      2.00     4   5.7250
#         826       0.00581      7.98      2.00     6   5.7254
#         827       0.01102      4.00      2.00     6   5.7250
#         828       0.01495     32.01      2.00     7   5.7257
#         829       0.01514     26.21      2.00     7   5.7257
#         830       0.00395     11.24      2.00     6   5.7265
#         831       0.00847      7.67      2.00     5   5.7272
#         832       0.00366     31.16      1.00     6   5.7276
#         834       0.00433     10.41      2.00     3   5.7312
#         835       0.00847      7.91      2.00     5   5.7327
#         836       0.01313      4.71      2.00     6   5.7365
#         837       0.00602     72.19      2.00     6   5.7364
#         838       0.01251     20.44      2.00     7   5.7361
#         839       0.01959     25.86      2.00     7   5.7366
#         840       0.00424     14.55      2.00     4   5.7372
#         841       0.00738     28.80      2.00     6   5.7377
#         842       0.00752     13.89      2.00     6   5.7377
#         844       0.00999     23.18      1.00     6   5.7391
#         845       0.00864     12.35      2.00     5   5.7399
#         846       0.00990     22.45      2.00     6   5.7397
#         847       0.00759     21.58      2.00     6   5.7397
#         848       0.02583     33.80      2.00     6   5.7397
#         849       0.00638     40.82      2.00     5   5.7407
#         850       0.00890     54.61      2.00     7   5.7413
#         851       0.00971     18.86      2.00     6   5.7429
#         852       0.00398     21.38      2.00     4   5.7434
#         854       0.00989      5.15      2.00     3   5.7465
#         855       0.00479     16.05      2.00     4   5.7461
#         857       0.03186     47.87      1.00     6   5.7464
#         858       0.00930      8.95      2.00     6   5.7465
#         859       0.00894     22.26      2.00     6   5.7475
#         860       0.00795     56.49      2.00     6   5.7485
#         861       0.00377     31.98      2.00     5   5.7493
#         862       0.00581     25.45      2.00     6   5.7492
#         863       0.00717      4.72      2.00     5   5.7503
#         864       0.00578      7.19      2.00     6   5.7510
#         866       0.01374      7.94      2.00     4   5.7523
#         868       0.00457      9.73      2.00     6   5.7531
#         869       0.02583      8.08      2.00     6   5.7536
#         870       0.00358     29.49      2.00     5   5.7541
#         871       0.00709      4.78      2.00     5   5.7558
#         872       0.01003     28.04      2.00     6   5.7556
#         873       0.00542      7.92      2.00     6   5.7554
#         874       0.00553      5.40      2.00     6   5.7554
#         876       0.00480     40.63      2.00     5   5.7570
#         877       0.00910     18.71      2.00     6   5.7580
#         878       0.00416     11.73      2.00     4   5.7595
#         879       0.00355      8.42      1.00     6   5.7596
#         881       0.00986     14.24      2.00     6   5.7607
#         883       0.00823     19.16      2.00     6   5.7630
#         884       0.00790     19.24      2.00     6   5.7630
#         885       0.01085     31.30      2.00     6   5.7630
#         886       0.00769     54.68      2.00     6   5.7628
#         887       0.00891      4.68      2.00     5   5.7642
#         888       0.00589      4.29      2.00     4   5.7665
#         889       0.00987      8.88      2.00     5   5.7671
#         890       0.00573     25.41      2.00     6   5.7674
#         891       0.00776     32.62      1.00     6   5.7672
#         892       0.00498     44.64      2.00     5   5.7707
#         893       0.00392     26.12      2.00     5   5.7704
#         894       0.00716     13.98      2.00     6   5.7706
#         895       0.00839      7.18      2.00     5   5.7718
#         896       0.01213     14.83      2.00     7   5.7733
#         897       0.01240     15.27      2.00     7   5.7733
#         898       0.00990     16.43      2.00     6   5.7747
#         899       0.00677     29.15      2.00     6   5.7760
#         900       0.00455      4.89      2.00     6   5.7760
#         901       0.01122     14.08      2.00     7   5.7763
#         902       0.01228     14.32      2.00     7   5.7763
#         904       0.01394     23.30      2.00     7   5.7780
#         905       0.00811     32.74      2.00     7   5.7780
#         906       0.01643      6.14      2.00     5   5.7788
#         907       0.00720     16.37      1.00     6   5.7791
#         908       0.00769     16.99      2.00     5   5.7800
#         910       0.00834     17.83      2.00     6   5.7838
#         911       0.00852     17.59      2.00     6   5.7838
#         912       0.01199     26.80      2.00     6   5.7838
#         913       0.01286     19.69      2.00     7   5.7837
#         914       0.01314     19.63      2.00     7   5.7837
#         916       0.01010     40.77      1.00     6   5.7848
#         917       0.00787     17.72      2.00     6   5.7854
#         918       0.01293     14.85      2.00     7   5.7858
#         919       0.01168     16.87      2.00     7   5.7858
#         920       0.00884      4.42      2.00     5   5.7863
#         921       0.00596     18.78      1.00     6   5.7870
#         922       0.00875      4.92      2.00     5   5.7885
#         923       0.00839     11.15      2.00     5   5.7883
#         925       0.00760     23.94      1.00     6   5.7884
#         927       0.00759      4.81      2.00     6   5.7892
#         928       0.01167     22.08      2.00     7   5.7888
#         929       0.01215     38.42      2.00     7   5.7888
#         930       0.00794      4.03      2.00     5   5.7920
#         933       0.00964     18.83      2.00     6   5.7949
#         934       0.00483      7.40      2.00     6   5.7970
#         936       0.01183     19.78      2.00     6   5.8001
#         937       0.00455      7.36      2.00     6   5.8018
#         938       0.00853      7.50      2.00     5   5.8023
#         939       0.00892     12.07      2.00     6   5.8069
#         940       0.01240     20.69      2.00     6   5.8064
#         941       0.00817     15.35      2.00     7   5.8086
#         942       0.00478     16.59      2.00     4   5.8091
#         943       0.01493     29.84      2.00     6   5.8116
#         944       0.01334     11.62      2.00     7   5.8125
#         945       0.00419     11.74      2.00     4   5.8135
#         946       0.01126     18.98      2.00     6   5.8136
#         947       0.01066      8.06      2.00     7   5.8134
#         948       0.00570      6.48      2.00     5   5.8160
#         950       0.00315     10.71      2.00     5   5.8176
#         951       0.01263     11.42      2.00     7   5.8172
#         952       0.00910      4.57      2.00     6   5.8181
#         954       0.01034      8.73      2.00     7   5.8183
#         955       0.01019     49.50      2.00     6   5.8204
#         956       0.00479     42.40      2.00     5   5.8213
#         957       0.01216      4.61      2.00     4   5.8229
#         958       0.00732      4.02      2.00     5   5.8225
#         959       0.01006      4.26      2.00     5   5.8239
#         962       0.00415      6.30      1.00     6   5.8254
#         963       0.00551     32.26      1.00     6   5.8265
#         965       0.01064      5.59      2.00     4   5.8310
#         967       0.02492      7.94      2.00     6   5.8305
#         968       0.01694      4.74      2.00     6   5.8310
#         970       0.01713      8.21      2.00     7   5.8335
#         971       0.01733      6.96      2.00     7   5.8335
#         972       0.01022     15.63      2.00     7   5.8360
#         973       0.01083     17.80      2.00     7   5.8360
#         975       0.01619      9.05      2.00     5   5.8368
#         976       0.00822      4.39      2.00     5   5.8368
#         977       0.00896      4.98      2.00     5   5.8368
#         979       0.00656      4.34      2.00     5   5.8380
#         981       0.00880     28.61      2.00     6   5.8404
#         984       0.00767      9.78      2.00     6   5.8413
#         988       0.02175      6.95      2.00     7   5.8438
#         989       0.02207      5.99      2.00     7   5.8438
#         990       0.00868      6.64      2.00     5   5.8456
#         991       0.00947      4.29      2.00     5   5.8471
#         992       0.00472      6.53      2.00     6   5.8487
#         995       0.00567     19.36      2.00     6   5.8512
#         996       0.00601      4.27      2.00     6   5.8518
#         997       0.00482      4.86      2.00     3   5.8544
#         998       0.01500      4.57      2.00     6   5.8545
#         999       0.00880     10.84      2.00     6   5.8554
#        1000       0.00809     13.82      2.00     5   5.8560
#        1001       0.01282      4.64      2.00     6   5.8563
#        1002       0.00651     28.31      2.00     6   5.8578
#        1003       0.00727     17.62      2.00     6   5.8578
#        1004       0.00800     15.63      2.00     6   5.8578
#        1005       0.00396      8.99      2.00     6   5.8611
#        1007       0.01060     27.20      2.00     6   5.8636
#        1008       0.01615     41.57      2.00     6   5.8636
#        1009       0.00842     25.97      2.00     6   5.8636
#        1010       0.00489     24.40      2.00     5   5.8649
#        1011       0.00475     13.22      2.00     4   5.8660
#        1012       0.00799      4.07      2.00     4   5.8670
#        1013       0.01386     34.72      2.00     5   5.8669
#        1014       0.01056      9.85      2.00     6   5.8686
#        1015       0.00809      7.06      2.00     6   5.8689
#        1017       0.00731      5.43      2.00     5   5.8705
#        1019       0.00633     20.80      2.00     6   5.8717
#        1020       0.01316     15.55      2.00     7   5.8723
#        1021       0.02091     13.40      2.00     7   5.8723
#        1022       0.00552     20.11      2.00     5   5.8719
#        1023       0.00398     65.57      2.00     6   5.8745
#        1024       0.00936      8.06      2.00     4   5.8761
#        1025       0.00572     65.79      2.00     6   5.8771
#        1026       0.00572     10.34      2.00     6   5.8775
#        1027       0.00580      6.91      2.00     6   5.8775
#        1028       0.01001     46.94      2.00     6   5.8776
#        1030       0.00753      6.68      2.00     6   5.8782
#        1031       0.00744     24.78      1.00     6   5.8787
#        1032       0.00799      5.08      2.00     5   5.8796
#        1033       0.00789      6.24      2.00     5   5.8810
#        1034       0.01031     12.55      2.00     5   5.8819
#        1037       0.00602      7.15      2.00     4   5.8839
#        1038       0.00366     20.30      2.00     5   5.8842
#        1039       0.00921      5.78      2.00     6   5.8845
#        1040       0.00340     20.94      2.00     5   5.8852
#        1043       0.02625     20.63      2.00     7   5.8863
#        1044       0.02412      7.06      2.00     6   5.8887
#        1045       0.00578      4.59      1.00     4   5.8896
#        1047       0.00782      8.57      2.00     6   5.8908
#        1048       0.00853      9.72      2.00     5   5.8938
#        1049       0.00507      5.35      2.00     5   5.8942
#        1052       0.01397      7.17      2.00     6   5.8938
#        1053       0.02512      6.08      2.00     6   5.8948
#        1054       0.00700     14.59      2.00     6   5.8944
#        1055       0.00427     53.15      2.00     6   5.8951
#        1056       0.01457      4.51      2.00     6   5.8967
#        1058       0.00588      7.43      2.00     4   5.8975
#        1061       0.01316     21.90      2.00     6   5.8986
#        1062       0.01112     18.99      2.00     6   5.8984
#        1063       0.00944      4.40      2.00     5   5.8987
#        1064       0.00511     16.61      2.00     5   5.8986
#        1065       0.00803     13.25      2.00     6   5.8996
#        1066       0.00518     21.76      2.00     5   5.9005
#        1067       0.00876     17.45      2.00     6   5.9014
#        1068       0.00932      4.05      2.00     6   5.9029
#        1069       0.00438      5.27      1.00     4   5.9033
#        1071       0.00651      4.14      2.00     5   5.9040
#        1073       0.00998     15.67      2.00     6   5.9103
#        1075       0.00504     28.81      1.00     6   5.9114
#        1079       0.02087     10.90      2.00     7   5.9130
#        1081       0.00952     11.34      2.00     7   5.9139
#        1082       0.00507     25.00      2.00     5   5.9155
#        1083       0.01010     17.40      2.00     6   5.9158
#        1084       0.00908     15.01      2.00     6   5.9177
#        1085       0.00585      6.62      2.00     6   5.9216
#        1086       0.00579      7.66      2.00     6   5.9223
#        1087       0.00889      8.78      2.00     6   5.9241
#        1088       0.00912     74.16      2.00     7   5.9240
#        1089       0.00728     11.89      2.00     6   5.9243
#        1090       0.00661      5.33      2.00     5   5.9256
#        1091       0.01000     12.95      2.00     6   5.9263
#        1093       0.00494     33.65      1.00     6   5.9277
#        1094       0.01353      4.80      2.00     6   5.9276
#        1096       0.01050     58.20      2.00     6   5.9309
#        1098       0.01053     55.09      2.00     7   5.9316
#        1099       0.00811     32.85      2.00     7   5.9316
#        1101       0.01111     18.99      2.00     5   5.9339
#        1102       0.02463     45.44      2.00     7   5.9337
#        1103       0.02446     46.31      2.00     7   5.9337
#        1104       0.00911      4.19      2.00     6   5.9347
#        1105       0.00628     27.57      2.00     7   5.9348
#        1106       0.01321      8.55      2.00     7   5.9369
#        1107       0.00536     24.55      2.00     5   5.9381
#        1108       0.00910      6.56      2.00     6   5.9387
#        1109       0.00937      4.79      2.00     6   5.9387
#        1110       0.01751     37.64      2.00     6   5.9396
#        1111       0.00906      5.34      2.00     6   5.9406
#        1112       0.00698     14.76      2.00     7   5.9404
#        1114       0.01107     70.50      2.00     7   5.9414
#        1115       0.00756     56.03      2.00     7   5.9414
#        1116       0.00876     15.80      2.00     6   5.9427
#        1117       0.01049      5.80      2.00     6   5.9428
#        1118       0.01034     74.83      2.00     7   5.9424
#        1119       0.01004      5.57      2.00     5   5.9435
#        1120       0.00626     48.58      2.00     7   5.9432
#        1121       0.00392     21.77      2.00     5   5.9439
#        1122       0.00924      4.45      2.00     5   5.9444
#        1125       0.00788     13.61      2.00     6   5.9466
#        1126       0.00408      9.92      2.00     6   5.9476
#        1127       0.01752     71.51      2.00     7   5.9472
#        1128       0.01750     72.50      2.00     7   5.9472
#        1130       0.00585      4.67      2.00     4   5.9484
#        1132       0.00836      6.86      2.00     5   5.9493
#        1133       0.00636     16.43      2.00     7   5.9493
#        1135       0.01060     55.04      2.00     6   5.9505
#        1136       0.00926      7.86      2.00     6   5.9520
#        1137       0.01067      6.40      2.00     6   5.9521
#        1138       0.00912     23.58      2.00     7   5.9519
#        1139       0.00707     19.15      2.00     7   5.9522
#        1141       0.00962      8.81      2.00     6   5.9535
#        1143       0.01521      6.20      2.00     5   5.9545
#        1144       0.01012      4.51      2.00     6   5.9545
#        1145       0.00646     43.03      2.00     7   5.9553
#        1146       0.01294     22.95      2.00     6   5.9575
#        1148       0.01063    106.00      2.00     7   5.9581
#        1149       0.00815      9.26      2.00     6   5.9606
#        1151       0.00647     25.58      2.00     7   5.9611
#        1152       0.01801    110.70      2.00     7   5.9612
#        1153       0.00845     11.21      2.00     5   5.9620
#        1154       0.00916      7.49      2.00     6   5.9617
#        1155       0.00907      8.11      2.00     6   5.9617
#        1156       0.01033      4.49      2.00     6   5.9622
#        1157       0.00819      7.61      2.00     6   5.9621
#        1160       0.00853     10.66      2.00     6   5.9632
#        1162       0.00925      7.05      2.00     6   5.9652
#        1163       0.00796     16.76      2.00     7   5.9679
#        1164       0.00908      4.84      2.00     4   5.9685
#        1165       0.00848     19.80      2.00     6   5.9697
#        1166       0.01096     28.91      2.00     7   5.9699
#        1167       0.02322     61.08      2.00     7   5.9699
#        1168       0.01031     25.45      2.00     7   5.9727
#        1169       0.00889      4.16      1.00     6   5.9737
#        1172       0.00935      4.33      2.00     6   5.9769
#        1173       0.00741     31.82      2.00     7   5.9780
#        1174       0.01432     11.30      2.00     7   5.9790
#        1175       0.02116      9.92      2.00     7   5.9790
#        1176       0.01078    106.40      2.00     7   5.9787
#        1177       0.00539     26.20      2.00     7   5.9794
#        1181       0.01062     10.03      2.00     5   5.9823
#        1182       0.01162     51.29      2.00     7   5.9820
#        1183       0.01262     17.79      2.00     7   5.9820
#        1184       0.00867     11.23      2.00     6   5.9830
#        1185       0.00419     11.84      2.00     7   5.9831
#        1186       0.00724      6.38      2.00     6   5.9860
#        1187       0.01053    147.10      2.00     7   5.9866
#        1188       0.00599      7.44      2.00     5   5.9878
#        1189       0.00435     10.79      2.00     6   5.9876
#        1191       0.01136     46.93      2.00     7   5.9889
#        1192       0.00935     21.47      2.00     7   5.9889
#        1193       0.00883      7.18      2.00     5   5.9910
#        1194       0.01109      7.02      2.00     6   5.9911
#        1195       0.00859     10.61      2.00     7   5.9909
#        1196       0.00961     16.87      2.00     7   5.9909
#        1197       0.00861      4.45      2.00     5   5.9925
#        1198       0.01069      6.33      2.00     5   5.9935
#        1199       0.00394     26.13      2.00     5   5.9937
#        1200       0.00870      6.59      2.00     5   5.9939
#        1201       0.00863      7.59      2.00     6   5.9945
#        1202       0.00787     13.93      2.00     7   5.9957
#        1203       0.01227     21.50      2.00     7   5.9957
#        1204       0.00439     17.69      2.00     7   5.9953
#        1207       0.01091      4.94      2.00     5   5.9964
#        1209       0.00883      4.89      2.00     6   5.9976
#        1211       0.01029     11.88      2.00     6   5.9993
#        1212       0.01194     54.53      2.00     7   5.9994
#        1213       0.01016     22.48      2.00     7   5.9994
#        1214       0.00883     33.44      1.00     6   5.9997
#        1215       0.00578     37.09      2.00     6   5.9996
#        1216       0.00389     43.63      2.00     6   5.9996
#        1217       0.01015      4.37      2.00     6   5.9994
#        1219       0.00963     43.80      2.00     7   6.0004
#        1220       0.01189     11.23      2.00     7   6.0004
#        1221       0.00730     19.86      2.00     7   6.0008
#        1224       0.00386     23.10      2.00     7   6.0033
#        1225       0.00832     11.53      2.00     6   6.0051
#        1226       0.00885      9.41      2.00     7   6.0052
#        1227       0.00987     19.13      2.00     7   6.0052
#        1228       0.00568      9.25      2.00     5   6.0059
#        1229       0.00948      7.37      2.00     6   6.0058
#        1230       0.01359     32.77      2.00     7   6.0059
#        1231       0.00800     20.74      2.00     7   6.0059
#        1234       0.01603      4.04      2.00     6   6.0079
#        1235       0.01039      5.89      2.00     6   6.0089
#        1236       0.01083      5.64      2.00     6   6.0089
#        1237       0.00708      8.74      2.00     6   6.0092
#        1238       0.00520     51.72      2.00     6   6.0099
#        1239       0.00621     26.84      2.00     6   6.0105
#        1240       0.01051     29.37      2.00     7   6.0133
#        1241       0.01412     57.86      2.00     7   6.0133
#        1242       0.00881      4.76      2.00     6   6.0135
#        1244       0.01038    103.70      2.00     7   6.0156
#        1246       0.00887      6.21      2.00     6   6.0165
#        1247       0.00853     18.50      2.00     6   6.0178
#        1248       0.00885      8.19      2.00     6   6.0180
#        1249       0.00783     45.13      2.00     7   6.0184
#        1250       0.01049     10.50      2.00     7   6.0184
#        1251       0.00594     11.07      2.00     5   6.0196
#        1253       0.00387     18.42      2.00     7   6.0194
#        1254       0.01314      5.58      2.00     7   6.0200
#        1255       0.01336      5.68      2.00     7   6.0200
#        1256       0.01473     34.88      1.00     6   6.0214
#        1257       0.01809      5.72      2.00     7   6.0221
#        1258       0.01958      7.39      2.00     7   6.0221
#        1259       0.00619     31.16      2.00     6   6.0233
#        1260       0.00666     36.88      2.00     6   6.0233
#        1262       0.00920     10.81      2.00     7   6.0255
#        1263       0.00881     34.71      2.00     7   6.0254
#        1264       0.02614     15.87      2.00     7   6.0267
#        1266       0.01151     13.14      2.00     5   6.0274
#        1267       0.00576     20.87      2.00     7   6.0272
#        1268       0.00705      6.87      2.00     6   6.0281
#        1269       0.00459     11.25      2.00     5   6.0287
#        1270       0.00741     20.09      2.00     7   6.0288
#        1273       0.00993      8.69      2.00     7   6.0301
#        1276       0.00410      4.67      2.00     4   6.0316
#        1277       0.00519      5.65      2.00     5   6.0320
#        1278       0.00585      5.62      2.00     6   6.0319
#        1279       0.01028     61.22      2.00     7   6.0320
#        1281       0.00930      9.59      2.00     6   6.0336
#        1282       0.00721      5.49      2.00     3   6.0341
#        1283       0.00614      6.63      2.00     5   6.0345
#        1284       0.00620     10.90      2.00     5   6.0356
#        1285       0.00595      4.28      2.00     5   6.0366
#        1286       0.01018     22.14      2.00     7   6.0366
#        1287       0.01608     45.17      2.00     7   6.0366
#        1288       0.02014      5.77      2.00     5   6.0372
#        1289       0.01107     75.70      2.00     7   6.0373
#        1290       0.00493     12.69      2.00     5   6.0380
#        1291       0.00587     10.93      2.00     5   6.0383
#        1292       0.02136      4.85      2.00     5   6.0392
#        1293       0.00944     13.75      2.00     7   6.0388
#        1294       0.00386     27.52      2.00     6   6.0396
#        1295       0.00908     23.67      2.00     7   6.0398
#        1296       0.01305     59.05      2.00     7   6.0400
#        1297       0.00926     17.88      2.00     6   6.0408
#        1298       0.00666      9.63      2.00     5   6.0422
#        1299       0.01415      7.95      2.00     7   6.0431
#        1301       0.00809      9.45      2.00     7   6.0452
#        1305       0.00764      5.01      2.00     7   6.0483
#        1306       0.00823     10.96      2.00     6   6.0483
#        1307       0.00711     21.16      2.00     7   6.0484
#        1308       0.00927     32.33      2.00     7   6.0484
#        1309       0.00987      6.55      2.00     6   6.0499
#        1310       0.00824     10.18      2.00     6   6.0497
#        1311       0.01370      6.66      2.00     7   6.0497
#        1312       0.00460     30.93      2.00     6   6.0502
#        1313       0.00574      8.86      2.00     5   6.0519
#        1316       0.00972      5.79      2.00     5   6.0530
#        1317       0.01380     29.53      2.00     7   6.0530
#        1318       0.01358     30.42      2.00     7   6.0530
#        1319       0.00457     12.96      2.00     7   6.0540
#        1321       0.00821      4.37      2.00     5   6.0541
#        1323       0.00573     20.77      2.00     7   6.0546
#        1327       0.01414     65.40      2.00     7   6.0576
#        1328       0.00401      6.66      1.00     6   6.0586
#        1329       0.01171      6.30      2.00     6   6.0588
#        1331       0.00244      4.34      2.00     4   6.0597
#        1332       0.00822      4.33      2.00     6   6.0598
#        1333       0.00559      5.89      2.00     4   6.0610
#        1334       0.00765      5.88      2.00     7   6.0621
#        1336       0.01296     31.53      2.00     7   6.0639
#        1337       0.01254     32.50      2.00     7   6.0639
#        1338       0.00876     24.95      2.00     7   6.0647
#        1341       0.01391      4.29      2.00     6   6.0668
#        1343       0.01081      6.32      1.00     6   6.0668
#        1346       0.00586      7.72      2.00     4   6.0683
#        1347       0.00561     10.00      2.00     5   6.0687
#        1348       0.00896     19.12      2.00     6   6.0684
#        1350       0.02126      4.05      2.00     5   6.0692
#        1351       0.00996      6.03      2.00     6   6.0699
#        1352       0.00989      4.05      2.00     6   6.0703
#        1354       0.00899      5.63      2.00     6   6.0714
#        1355       0.00522     53.27      2.00     6   6.0716
#        1357       0.00761     31.93      2.00     7   6.0756
#        1358       0.00590     13.60      2.00     5   6.0759
#        1359       0.00874      9.32      2.00     6   6.0761
#        1360       0.01010     19.32      2.00     7   6.0761
#        1361       0.00897     34.56      2.00     7   6.0760
#        1363       0.00873     10.43      2.00     6   6.0775
#        1364       0.00915     14.84      2.00     7   6.0784
#        1368       0.01731      5.89      2.00     7   6.0803
#        1369       0.02953      4.13      2.00     7   6.0803
#        1370       0.04931      5.24      2.00     7   6.0803
#        1374       0.01889    150.00      2.00     7   6.0833
#        1376       0.00893     17.38      2.00     7   6.0847
#        1377       0.01377      6.74      2.00     7   6.0859
#        1378       0.01637      4.45      2.00     5   6.0864
#        1379       0.00913     11.76      2.00     7   6.0873
#        1380       0.00989      6.69      2.00     6   6.0883
#        1381       0.00939     23.27      2.00     7   6.0894
#        1382       0.00625     16.95      2.00     6   6.0903
#        1383       0.02093      6.68      1.00     6   6.0931
#        1384       0.01168     31.16      2.00     7   6.0941
#        1385       0.01885     71.49      2.00     7   6.0941
#        1386       0.01465      8.81      2.00     7   6.0951
#        1387       0.02102      7.95      2.00     7   6.0951
#        1390       0.00991     13.37      2.00     7   6.0959
#        1392       0.01555      8.60      2.00     7   6.0972
#        1393       0.00960      9.35      2.00     5   6.0980
#        1394       0.00971      5.22      2.00     6   6.0989
#        1395       0.00969      6.39      2.00     5   6.1001
#        1396       0.00623     13.56      2.00     6   6.1003
#        1398       0.00985     20.48      2.00     7   6.1010
#        1399       0.01020      4.50      2.00     6   6.1017
#        1401       0.01129    115.00      2.00     7   6.1050
#        1402       0.00983      4.15      2.00     5   6.1074
#        1403       0.00621      4.74      2.00     6   6.1070
#        1408       0.00634     10.31      2.00     5   6.1101
#        1409       0.00629     11.31      2.00     6   6.1099
#        1410       0.00398     11.10      2.00     6   6.1112
#        1412       0.00893     16.85      2.00     6   6.1119
#        1413       0.00809      4.47      2.00     6   6.1119
#        1414       0.00808      5.40      2.00     6   6.1119
#        1415       0.01019      6.61      2.00     7   6.1144
#        1417       0.01576      7.12      2.00     6   6.1159
#        1420       0.01045     13.09      2.00     6   6.1166
#        1421       0.00636     18.59      2.00     6   6.1177
#        1422       0.01176      7.58      2.00     6   6.1177
#        1425       0.01308      7.88      2.00     6   6.1214
#        1426       0.00985      4.05      2.00     7   6.1236
#        1427       0.01398      4.12      2.00     7   6.1240
#        1428       0.00821     14.20      2.00     5   6.1240
#        1429       0.00569      7.92      2.00     6   6.1244
#        1430       0.01933     10.67      2.00     7   6.1247
#        1432       0.01808      4.23      2.00     7   6.1269
#        1433       0.01973      5.50      2.00     7   6.1269
#        1434       0.00558     87.87      2.00     7   6.1274
#        1435       0.00391      7.10      2.00     4   6.1279
#        1437       0.01215      8.45      2.00     6   6.1288
#        1439       0.00310      7.13      2.00     4   6.1302
#        1440       0.00873      5.00      1.00     6   6.1311
#        1441       0.00818     27.15      2.00     6   6.1317
#        1442       0.00878     24.79      2.00     7   6.1319
#        1445       0.00864     16.60      2.00     7   6.1333
#        1446       0.02474     13.64      2.00     7   6.1334
#        1448       0.01127      8.73      2.00     6   6.1344
#        1450       0.01588      4.46      2.00     5   6.1370
#        1451       0.00808      5.00      2.00     6   6.1397
#        1452       0.01010     23.32      2.00     7   6.1406
#        1454       0.01245     48.76      2.00     7   6.1413
#        1455       0.01052     10.69      2.00     7   6.1413
#        1456       0.00741      4.88      2.00     5   6.1422
#        1457       0.00414     22.39      2.00     7   6.1422
#        1458       0.00547      7.34      2.00     5   6.1424
#        1460       0.01001     12.93      2.00     7   6.1474
#        1461       0.00579     71.92      2.00     7   6.1479
#        1462       0.01245      5.92      2.00     6   6.1507
#        1464       0.00954     18.89      2.00     7   6.1521
#        1465       0.00552     26.98      2.00     6   6.1534
#        1467       0.00739     16.56      2.00     7   6.1545
#        1468       0.00627      4.22      2.00     5   6.1561
#        1469       0.01032     18.16      2.00     7   6.1563
#        1470       0.00737      9.40      2.00     7   6.1560
#        1471       0.01130     13.46      1.00     6   6.1570
#        1472       0.00763     18.43      2.00     6   6.1576
#        1473       0.01653      4.31      2.00     7   6.1573
#        1474       0.00625      8.68      2.00     6   6.1583
#        1475       0.01713      7.66      2.00     6   6.1593
#        1476       0.02107      7.83      2.00     6   6.1598
#        1477       0.00617     15.52      2.00     6   6.1603
#        1479       0.00537     75.08      2.00     7   6.1643
#        1481       0.00547     29.92      2.00     6   6.1658
#        1482       0.00626     12.00      2.00     5   6.1674
#        1483       0.00913     11.80      2.00     7   6.1671
#        1484       0.01105     14.71      2.00     6   6.1672
#        1486       0.00565      8.02      1.00     6   6.1678
#        1488       0.01405      6.43      2.00     4   6.1685
#        1489       0.00632      9.48      2.00     6   6.1692
#        1490       0.01016      4.01      2.00     6   6.1696
#        1491       0.01581      6.53      2.00     6   6.1703
#        1494       0.00894      7.97      2.00     7   6.1708
#        1495       0.00972     24.35      2.00     7   6.1726
#        1496       0.00894     13.44      2.00     7   6.1724
#        1497       0.00708     22.40      2.00     7   6.1723
#        1499       0.00611      8.99      1.00     6   6.1728
#        1501       0.00595     14.37      2.00     6   6.1740
#        1502       0.00619     10.16      2.00     5   6.1746
#        1504       0.00629     21.30      2.00     6   6.1750
#        1505       0.01014     24.16      2.00     7   6.1776
#        1507       0.00534     86.88      2.00     7   6.1780
#        1511       0.00539      4.49      2.00     5   6.1818
#        1512       0.00868      4.74      2.00     6   6.1819
#        1513       0.00578     18.57      2.00     6   6.1823
#        1514       0.00393      6.09      2.00     3   6.1829
#        1515       0.01425      7.56      2.00     7   6.1829
#        1516       0.00885     11.91      2.00     7   6.1825
#        1519       0.01230     14.12      1.00     6   6.1832
#        1520       0.00889     19.14      2.00     7   6.1839
#        1523       0.01000      7.95      2.00     6   6.1846
#        1524       0.01040     10.57      2.00     6   6.1846
#        1528       0.01503      4.19      2.00     7   6.1873
#        1529       0.00890      7.23      2.00     7   6.1881
#        1532       0.00745      8.19      2.00     7   6.1900
#        1537       0.00919      9.86      2.00     7   6.1935
#        1538       0.01108      8.34      2.00     6   6.1938
#        1539       0.00603      6.39      2.00     6   6.1939
#        1541       0.00939      7.46      2.00     6   6.1947
#        1542       0.01647      6.23      2.00     6   6.1948
#        1543       0.01028     21.57      2.00     7   6.1953
#        1544       0.01535      7.05      2.00     6   6.1955
#        1545       0.00890     12.45      2.00     7   6.1955
#        1546       0.01282     17.04      2.00     6   6.1966
#        1548       0.01197      4.28      2.00     6   6.1973
#        1549       0.00896     28.68      2.00     7   6.1993
#        1550       0.01536      7.20      2.00     7   6.1988
#        1551       0.00744     29.66      2.00     7   6.2002
#        1552       0.00780     15.28      2.00     5   6.2020
#        1554       0.00941     13.81      2.00     7   6.2023
#        1555       0.00892      6.19      2.00     5   6.2037
#        1556       0.00986      4.28      2.00     6   6.2045
#        1557       0.01350      7.65      2.00     7   6.2050
#        1558       0.01138      8.06      2.00     6   6.2065
#        1561       0.01315      4.19      2.00     4   6.2106
#        1563       0.00336      4.51      2.00     4   6.2144
#        1564       0.00368      9.32      2.00     5   6.2154
#        1565       0.01751     18.77      2.00     7   6.2151
#        1566       0.01984      7.59      2.00     5   6.2156
#        1567       0.00718      7.33      2.00     5   6.2181
#        1569       0.00989      7.24      2.00     7   6.2183
#        1577       0.01117     41.63      2.00     7   6.2229
#        1578       0.01221     22.93      2.00     7   6.2230
#        1579       0.00217      5.26      1.00     2   6.2233
#        1581       0.00513     10.02      2.00     6   6.2238
#        1583       0.00505      4.69      2.00     4   6.2244
#        1586       0.00412      7.57      2.00     6   6.2260
#        1587       0.00795     12.22      2.00     6   6.2258
#        1588       0.00830      4.30      2.00     6   6.2265
#        1592       0.01192     12.28      2.00     6   6.2282
#        1598       0.00858      4.16      2.00     5   6.2300
#        1599       0.00966     11.14      2.00     6   6.2296
#        1600       0.00942      7.40      2.00     7   6.2298
#        1602       0.00634      4.29      2.00     6   6.2310
#        1603       0.00958      7.91      2.00     7   6.2313
#        1605       0.00738      4.84      2.00     6   6.2325
#        1607       0.00817     12.35      2.00     6   6.2344
#        1608       0.01040     13.65      2.00     7   6.2356
#        1609       0.00752      9.02      2.00     4   6.2359
#        1610       0.00856      6.98      2.00     6   6.2359
#        1612       0.01113      9.67      2.00     7   6.2356
#        1613       0.00987      4.16      2.00     5   6.2363
#        1614       0.01156     13.07      2.00     6   6.2361
#        1616       0.00940      9.80      2.00     7   6.2396
#        1619       0.00914      5.27      2.00     7   6.2415
#        1624       0.00918      6.55      2.00     7   6.2430
#        1627       0.00889      8.40      2.00     7   6.2437
#        1628       0.01130      8.46      2.00     7   6.2437
#        1630       0.01381      8.45      2.00     7   6.2437
#        1632       0.00493      5.96      2.00     5   6.2462
#        1633       0.01327      7.91      2.00     7   6.2466
#        1634       0.01811      7.44      2.00     7   6.2466
#        1636       0.00867      6.97      2.00     7   6.2477
#        1638       0.01133      7.00      2.00     6   6.2492
#        1639       0.00395      8.14      2.00     5   6.2499
#        1640       0.01133     22.52      2.00     7   6.2496
#        1641       0.01064     13.03      2.00     7   6.2496
#        1643       0.01863     11.94      2.00     7   6.2508
#        1644       0.01568     17.18      2.00     7   6.2514
#        1646       0.01334     10.07      2.00     7   6.2525
#        1647       0.01619      5.06      2.00     6   6.2545
#        1649       0.01140      4.23      2.00     5   6.2563
#        1651       0.00420     12.14      2.00     6   6.2581
#        1652       0.00497      4.30      2.00     4   6.2595
#        1653       0.01028      4.58      2.00     5   6.2616
#        1654       0.00917      4.35      2.00     5   6.2625
#        1656       0.00357      4.62      2.00     5   6.2633
#        1657       0.01280      4.09      2.00     6   6.2644
#        1659       0.00389      7.81      2.00     5   6.2659
#        1661       0.01424      4.31      2.00     6   6.2669
#        1664       0.01351      5.61      2.00     6   6.2684
#        1665       0.01911      9.54      2.00     6   6.2684
#        1667       0.01004      6.17      2.00     7   6.2694
#        1668       0.01251      4.03      2.00     6   6.2698
#        1671       0.02458      4.23      2.00     5   6.2711
#        1672       0.00564      7.07      2.00     6   6.2713
#        1675       0.00998     15.26      2.00     7   6.2735
#        1678       0.01075     19.91      2.00     7   6.2763
#        1679       0.01277      6.57      2.00     6   6.2771
#        1680       0.01112      7.11      2.00     6   6.2784
#        1681       0.00800      7.16      2.00     6   6.2786
#        1682       0.01322      5.38      2.00     5   6.2790
#        1683       0.00598      4.07      2.00     6   6.2816
#        1684       0.00415      8.88      2.00     5   6.2823
#        1685       0.01181     17.19      2.00     7   6.2823
#        1686       0.01285     12.29      2.00     7   6.2847
#        1687       0.01186      8.67      2.00     6   6.2850
#        1688       0.00379     15.01      2.00     6   6.2859
#        1689       0.00401     13.21      2.00     5   6.2862
#        1691       0.01157     10.85      2.00     6   6.2872
#        1692       0.01520     10.94      2.00     7   6.2871
#        1693       0.00986      4.06      2.00     5   6.2888
#        1695       0.01455      5.82      2.00     6   6.2910
#        1696       0.01123      6.93      2.00     6   6.2919
#        1697       0.00822     40.39      2.00     7   6.2925
#        1698       0.01384      4.03      2.00     7   6.2935
#        1703       0.00484      4.27      2.00     6   6.2953
#        1705       0.00901      6.80      2.00     7   6.2973
#        1706       0.00431      6.01      2.00     4   6.2989
#        1708       0.00682     13.66      2.00     6   6.2992
#        1711       0.00423      5.04      2.00     5   6.2996
#        1712       0.00473     44.99      2.00     7   6.3005
#        1713       0.01068     11.16      2.00     7   6.3002
#        1714       0.01633      5.22      2.00     6   6.3010
#        1715       0.00803      5.08      2.00     7   6.3011
#        1717       0.00395      4.43      2.00     4   6.3040
#        1719       0.00387      9.35      2.00     5   6.3048
#        1720       0.00705     12.64      2.00     6   6.3048
#        1722       0.00851     14.13      2.00     6   6.3062
#        1723       0.00929     11.20      2.00     7   6.3060
#        1724       0.00482      7.81      2.00     5   6.3065
#        1725       0.01798      5.28      2.00     5   6.3064
#        1726       0.00585     13.16      2.00     6   6.3064
#        1728       0.00571     18.87      2.00     5   6.3076
#        1729       0.02021     10.67      2.00     6   6.3079
#        1730       0.00612      4.80      2.00     6   6.3085
#        1732       0.00814     10.69      2.00     6   6.3094
#        1733       0.01335      6.92      2.00     6   6.3101
#        1735       0.00838      7.41      2.00     7   6.3101
#        1736       0.00431      5.79      2.00     4   6.3106
#        1740       0.01433      4.65      2.00     7   6.3128
#        1742       0.00723     13.68      2.00     6   6.3134
#        1743       0.00319      4.35      2.00     4   6.3139
#        1745       0.01746      9.16      2.00     6   6.3140
#        1747       0.01679      4.64      2.00     6   6.3137
#        1750       0.00991      4.82      2.00     5   6.3161
#        1752       0.01723      9.79      2.00     7   6.3169
#        1754       0.01059      5.42      2.00     6   6.3174
#        1755       0.00429      8.88      2.00     5   6.3182
#        1756       0.00911     18.38      2.00     7   6.3187
#        1757       0.01244      8.05      2.00     6   6.3204
#        1758       0.00410     11.61      2.00     5   6.3210
#        1759       0.00794     18.09      2.00     6   6.3220
#        1760       0.00579      8.79      2.00     5   6.3229
#        1761       0.01463     10.27      2.00     7   6.3227
#        1763       0.00539     12.94      2.00     5   6.3241
#        1764       0.02415      4.12      1.00     6   6.3253
#        1766       0.01016      4.57      2.00     5   6.3265
#        1767       0.00517      6.79      2.00     6   6.3266
#        1769       0.02660     15.22      2.00     7   6.3274
#        1770       0.02463      7.51      2.00     6   6.3273
#        1772       0.01752     14.54      2.00     7   6.3281
#        1775       0.01233      5.32      2.00     5   6.3300
#        1777       0.01871     11.39      2.00     6   6.3301
#        1780       0.00788     29.20      2.00     7   6.3308
#        1784       0.01321      7.18      2.00     7   6.3322
#        1785       0.00428      4.51      2.00     4   6.3333
#        1786       0.00740     12.04      2.00     6   6.3333
#        1787       0.01814      6.64      1.00     6   6.3331
#        1788       0.00402     15.05      2.00     6   6.3337
#        1792       0.00803      7.32      2.00     6   6.3361
#        1800       0.01250      9.34      2.00     7   6.3395
#        1802       0.00550     21.37      2.00     6   6.3400
#        1803       0.01764     23.91      2.00     7   6.3408
#        1804       0.01016      4.43      2.00     7   6.3415
#        1805       0.00435      7.68      2.00     5   6.3416
#        1806       0.01118     20.22      2.00     7   6.3417
#        1807       0.01267      5.30      2.00     6   6.3422
#        1808       0.00235      8.41      2.00     3   6.3423
#        1809       0.01140      4.63      2.00     6   6.3425
#        1810       0.00849      5.27      2.00     4   6.3452
#        1811       0.00592      7.61      2.00     5   6.3454
#        1813       0.01519      4.69      2.00     7   6.3457
#        1815       0.00595      5.07      2.00     6   6.3468
#        1819       0.00704     19.45      2.00     7   6.3482
#        1820       0.00984      9.04      2.00     7   6.3492
#        1821       0.01320      5.19      2.00     5   6.3494
#        1822       0.00648      4.46      2.00     4   6.3501
#        1824       0.01004     11.02      2.00     7   6.3506
#        1825       0.01072      5.33      2.00     7   6.3510
#        1826       0.01214      5.76      2.00     7   6.3519
#        1827       0.01418      4.90      2.00     6   6.3523
#        1828       0.01308      5.10      2.00     4   6.3530
#        1829       0.01022      8.66      2.00     6   6.3533
#        1830       0.01398      8.26      2.00     7   6.3532
#        1831       0.00507      6.30      1.00     4   6.3536
#        1832       0.00633     15.54      2.00     6   6.3538
#        1833       0.01242      5.36      2.00     3   6.3547
#        1835       0.00702     11.79      2.00     7   6.3549
#        1837       0.00584     20.86      2.00     6   6.3564
#        1838       0.01457      4.80      2.00     6   6.3566
#        1841       0.00505      8.75      2.00     5   6.3569
#        1844       0.00548     12.11      2.00     5   6.3579
#        1845       0.01412      7.02      2.00     7   6.3585
#        1848       0.00991      9.96      2.00     6   6.3605
#        1849       0.00535      9.67      2.00     5   6.3624
#        1850       0.00795     31.73      2.00     7   6.3622
#        1852       0.01914     17.83      2.00     7   6.3636
#        1853       0.01527      8.11      2.00     6   6.3650
#        1854       0.01315      4.15      2.00     5   6.3657
#        1855       0.00429      7.74      2.00     5   6.3663
#        1856       0.01220     30.96      2.00     7   6.3663
#        1857       0.00651     18.42      2.00     7   6.3658
#        1858       0.01035      6.87      2.00     7   6.3662
#        1861       0.01009      7.19      2.00     6   6.3680
#        1863       0.00328      5.61      2.00     4   6.3691
#        1864       0.00324      8.09      2.00     5   6.3697
#        1868       0.01227      6.65      2.00     5   6.3712
#        1870       0.00962     10.49      2.00     6   6.3720
#        1872       0.01344     14.39      2.00     7   6.3727
#        1874       0.01335      7.41      2.00     5   6.3732
#        1876       0.00993      5.72      2.00     6   6.3739
#        1878       0.00430     11.79      2.00     6   6.3740
#        1881       0.01029      4.13      2.00     6   6.3744
#        1883       0.00535     12.70      2.00     5   6.3768
#        1887       0.00612     23.80      2.00     7   6.3782
#        1888       0.00580      9.71      2.00     7   6.3789
#        1889       0.01010      6.94      2.00     7   6.3795
#        1893       0.00382     14.33      2.00     6   6.3815
#        1894       0.01197     22.77      2.00     7   6.3818
#        1895       0.00406     15.99      2.00     5   6.3825
#        1898       0.01179     13.73      2.00     7   6.3826
#        1900       0.00565      4.08      2.00     5   6.3861
#        1901       0.00567      4.07      2.00     5   6.3861
#        1907       0.01637      5.79      2.00     6   6.3872
#        1908       0.01616      4.58      2.00     6   6.3872
#        1909       0.01101     12.36      2.00     7   6.3873
#        1910       0.01177     15.96      2.00     7   6.3873
#        1912       0.00840      7.65      2.00     6   6.3876
#        1913       0.00734     20.17      2.00     7   6.3878
#        1914       0.00391     25.19      2.00     6   6.3884
#        1915       0.00448      9.25      2.00     6   6.3880
#        1916       0.01062      5.92      2.00     7   6.3881
#        1918       0.01733      9.80      2.00     7   6.3885
#        1920       0.00391     28.41      2.00     7   6.3891
#        1921       0.01670     11.83      2.00     7   6.3895
#        1922       0.01407      9.98      2.00     7   6.3904
#        1925       0.01324     24.70      2.00     7   6.3905
#        1926       0.01023      6.06      2.00     6   6.3907
#        1927       0.00621     13.20      2.00     7   6.3921
#        1928       0.01306      5.68      2.00     7   6.3925
#        1932       0.00593      4.30      2.00     5   6.3934
#        1933       0.00439      5.55      2.00     5   6.3932
#        1934       0.00326      8.22      2.00     5   6.3942
#        1935       0.01079      5.96      2.00     6   6.3942
#        1937       0.01282     33.29      2.00     7   6.3947
#        1938       0.00437      5.52      2.00     5   6.3953
#        1941       0.00532     28.92      2.00     6   6.3959
#        1944       0.01057      5.62      2.00     5   6.3968
#        1946       0.00695      9.04      2.00     6   6.3977
#        1947       0.00977      5.90      2.00     5   6.3975
#        1948       0.00655     10.72      2.00     6   6.3986
#        1949       0.01285     11.36      2.00     7   6.3984
#        1950       0.02013     11.51      2.00     7   6.3994
#        1951       0.00442     14.62      2.00     7   6.3992
#        1953       0.00950      6.79      2.00     6   6.4007
#        1955       0.01423     11.36      2.00     7   6.4005
#        1956       0.00524      7.71      2.00     5   6.4010
#        1957       0.00916     21.42      2.00     7   6.4012
#        1958       0.00576      5.34      2.00     7   6.4010
#        1959       0.00917     17.82      2.00     6   6.4019
#        1960       0.00845      4.17      2.00     6   6.4021
#        1964       0.01315      9.70      2.00     7   6.4036
#        1965       0.00426     12.20      2.00     6   6.4043
#        1967       0.00731     32.37      2.00     7   6.4056
#        1970       0.00948      7.01      2.00     6   6.4077
#        1971       0.00470     22.13      2.00     7   6.4080
#        1973       0.01148     18.74      2.00     7   6.4083
#        1974       0.00862     17.15      2.00     7   6.4090
#        1975       0.00439     18.23      2.00     6   6.4093
#        1976       0.01179     14.87      2.00     7   6.4092
#        1977       0.00916     37.32      2.00     7   6.4096
#        1979       0.00780      5.86      2.00     6   6.4120
#        1980       0.00353      5.14      2.00     5   6.4124
#        1982       0.00577     17.90      2.00     7   6.4128
#        1984       0.00546      4.18      2.00     5   6.4139
#        1987       0.00837     13.67      2.00     7   6.4142
#        1988       0.00413     13.04      2.00     5   6.4149
#        1990       0.00867     15.77      2.00     7   6.4146
#        1991       0.00777      5.48      2.00     7   6.4146
#        1992       0.01227      4.21      2.00     7   6.4146
#        1993       0.00805      5.16      2.00     7   6.4146
#        1996       0.01119      5.67      2.00     5   6.4163
#        1997       0.01132      5.61      2.00     5   6.4163
#        1998       0.00436     14.24      2.00     5   6.4166
#        1999       0.00450      4.28      2.00     4   6.4171
#        2000       0.00472      8.51      2.00     5   6.4169
#        2001       0.00781     13.97      2.00     7   6.4174
#        2002       0.01486     26.81      2.00     7   6.4177
#        2003       0.00594      9.80      2.00     6   6.4186
#        2004       0.00840     19.53      2.00     7   6.4197
#        2006       0.00341      4.57      2.00     5   6.4203
#        2008       0.01161      4.69      2.00     5   6.4218
#        2009       0.01351      5.04      2.00     6   6.4219
#        2010       0.01901      8.97      2.00     7   6.4217
#        2012       0.00435     22.74      2.00     6   6.4225
#        2013       0.01721      4.84      2.00     6   6.4233
#        2014       0.01304      5.47      2.00     5   6.4238
#        2015       0.00426     15.05      2.00     6   6.4246
#        2016       0.00371     15.03      2.00     6   6.4242
#        2017       0.01458      5.17      2.00     7   6.4245
#        2018       0.00894     15.62      2.00     6   6.4249
#        2019       0.00909      6.22      2.00     5   6.4259
#        2020       0.00885      4.20      2.00     7   6.4265
#        2021       0.00601     18.54      2.00     7   6.4263
#        2022       0.00775     22.72      2.00     7   6.4268
#        2023       0.01370      6.79      2.00     7   6.4267
#        2024       0.01067     22.92      2.00     7   6.4280
#        2025       0.00579     11.26      2.00     5   6.4288
#        2026       0.01195      4.12      2.00     5   6.4286
#        2028       0.01347      6.55      1.00     6   6.4290
#        2029       0.00916      5.20      2.00     7   6.4299
#        2030       0.00618      6.28      2.00     5   6.4297
#        2031       0.00540     26.89      2.00     6   6.4297
#        2033       0.01632      4.23      2.00     6   6.4304
#        2034       0.01600     11.20      2.00     7   6.4302
#        2036       0.01293      7.13      2.00     7   6.4316
#        2038       0.01659      4.95      2.00     5   6.4325
#        2039       0.00560     21.25      2.00     6   6.4325
#        2040       0.00889     30.70      2.00     7   6.4325
#        2043       0.00832     24.03      2.00     7   6.4354
#        2044       0.00958     22.44      2.00     7   6.4355
#        2045       0.01359      7.89      2.00     7   6.4359
#        2047       0.01040     14.23      2.00     7   6.4367
#        2048       0.01160     15.92      2.00     7   6.4367
#        2050       0.02204     23.31      2.00     5   6.4381
#        2051       0.01643      4.62      2.00     6   6.4379
#        2052       0.01277      5.45      2.00     7   6.4386
#        2056       0.00588     23.10      2.00     7   6.4397
#        2057       0.01823      8.55      2.00     6   6.4408
#        2058       0.00441     19.22      2.00     6   6.4406
#        2059       0.00769      7.02      2.00     5   6.4413
#        2060       0.00890      4.10      2.00     5   6.4420
#        2062       0.00450     17.31      2.00     6   6.4431
#        2063       0.00405     31.81      2.00     7   6.4442
#        2065       0.00832     25.99      2.00     6   6.4457
#        2066       0.01185     26.67      2.00     7   6.4455
#        2069       0.01397      5.38      2.00     5   6.4485
#        2071       0.01368     12.98      2.00     7   6.4486
#        2072       0.00607     11.94      2.00     7   6.4486
#        2075       0.00552      9.22      2.00     5   6.4511
#        2077       0.00482      8.40      2.00     5   6.4516
#        2079       0.00847     16.25      2.00     7   6.4518
#        2080       0.00935      6.95      2.00     6   6.4521
#        2081       0.01184      6.76      2.00     6   6.4521
#        2082       0.01017     12.95      2.00     6   6.4526
#        2083       0.01118      7.23      2.00     7   6.4528
#        2085       0.00626      4.95      2.00     5   6.4540
#        2087       0.01234      4.79      2.00     5   6.4554
#        2088       0.01255     11.56      2.00     7   6.4557
#        2090       0.01072      4.31      2.00     7   6.4565
#        2091       0.01127      4.06      2.00     5   6.4576
#        2092       0.01016      9.03      2.00     7   6.4583
#        2093       0.01143      4.46      2.00     4   6.4590
#        2095       0.00837      7.56      2.00     5   6.4595
#        2096       0.00869      4.47      2.00     7   6.4591
#        2099       0.00821      4.09      2.00     7   6.4597
#        2100       0.01149     21.25      2.00     7   6.4597
#        2102       0.00530     33.95      2.00     6   6.4604
#        2103       0.00635     21.84      2.00     7   6.4602
#        2104       0.00662     22.78      2.00     7   6.4606
#        2105       0.02231      6.22      2.00     6   6.4609
#        2106       0.00813      4.63      2.00     6   6.4612
#        2107       0.01277      5.81      2.00     3   6.4615
#        2108       0.00373      4.43      2.00     4   6.4616
#        2109       0.00255      4.34      1.00     4   6.4613
#        2111       0.00968      4.52      2.00     6   6.4616
#        2112       0.00759     24.78      2.00     6   6.4620
#        2113       0.01005      5.16      2.00     7   6.4625
#        2114       0.00431     11.87      2.00     5   6.4651
#        2115       0.00820      7.26      2.00     5   6.4651
#        2116       0.00765     20.53      2.00     6   6.4660
#        2117       0.00991      9.30      2.00     7   6.4663
#        2119       0.00933      4.13      2.00     5   6.4669
#        2120       0.00941      4.08      2.00     5   6.4669
#        2121       0.00898      4.10      2.00     6   6.4683
#        2124       0.00736      5.88      2.00     3   6.4704
#        2126       0.00852      4.15      2.00     4   6.4712
#        2127       0.00641      7.17      2.00     5   6.4709
#        2129       0.00497     12.30      2.00     6   6.4721
#        2130       0.00699     32.46      2.00     7   6.4717
#        2131       0.01158      5.88      2.00     5   6.4721
#        2132       0.01117      4.62      2.00     4   6.4733
#        2133       0.00972      5.12      2.00     6   6.4738
#        2134       0.01632      5.49      2.00     6   6.4738
#        2136       0.01304      9.82      2.00     7   6.4750
#        2137       0.01456      7.98      2.00     7   6.4760
#        2138       0.01058      4.64      1.00     2   6.4766
#        2140       0.00816      5.88      2.00     5   6.4772
#        2143       0.01730      6.48      2.00     5   6.4792
#        2144       0.01008     10.02      2.00     6   6.4796
#        2145       0.01307      9.50      2.00     6   6.4796
#        2146       0.00379     10.50      2.00     6   6.4794
#        2147       0.00985      6.56      2.00     7   6.4795
#        2148       0.01351      4.50      2.00     5   6.4798
#        2149       0.00405     10.44      2.00     6   6.4801
#        2150       0.00736      5.78      2.00     5   6.4806
#        2151       0.00977     12.88      2.00     6   6.4802
#        2152       0.01317      8.28      2.00     7   6.4805
#        2156       0.04362     15.45      2.00     5   6.4832
#        2157       0.00631     19.79      2.00     6   6.4831
#        2159       0.01388      4.68      2.00     7   6.4829
#        2163       0.00596     17.19      2.00     6   6.4846
#        2164       0.00696      9.26      2.00     6   6.4846
#        2165       0.01355      4.29      2.00     6   6.4850
#        2166       0.01060      5.00      2.00     7   6.4852
#        2168       0.01007      5.29      2.00     7   6.4862
#        2169       0.02248     15.01      2.00     7   6.4862
#        2170       0.00530     17.10      2.00     5   6.4869
#        2171       0.01332      4.37      1.00     6   6.4874
#        2172       0.00627      5.07      2.00     5   6.4881
#        2175       0.00832     19.51      2.00     7   6.4880
#        2176       0.02201     16.31      2.00     7   6.4877
#        2177       0.00768      5.35      2.00     5   6.4886
#        2178       0.03999      6.05      2.00     6   6.4884
#        2179       0.00860      8.15      2.00     6   6.4884
#        2180       0.02161     11.28      2.00     6   6.4884
#        2183       0.01140      5.04      2.00     7   6.4890
#        2186       0.01292     22.48      2.00     7   6.4914
#        2187       0.01620      9.89      2.00     3   6.4928
#        2188       0.00770     17.73      2.00     7   6.4927
#        2189       0.01270      7.73      2.00     6   6.4933
#        2191       0.01196     14.85      2.00     7   6.4940
#        2192       0.00533     30.19      2.00     6   6.4945
#        2193       0.01371      9.43      2.00     7   6.4946
#        2194       0.00467      7.69      2.00     5   6.4952
#  1654/2000 paths used
#  xsedge+50, used to normalize mu           1.0000E+00
#  -----------------------------------------------------------------------
#  omega    e    k    mu    mu0     chi     @#
    9726.130   -205.080  -7.200 -2.00544E-06 -2.40843E-06  2.61553E-06
    9728.864   -202.346  -7.150 -4.90681E-06 -5.39276E-06  2.70489E-06
    9731.578   -199.631  -7.100 -7.80817E-06 -8.37709E-06  2.78612E-06
    9734.274   -196.936  -7.050 -1.07095E-05 -1.13614E-05  2.86273E-06
    9736.950   -194.259  -7.000 -1.36109E-05 -1.43458E-05  2.94246E-06
    9739.608   -191.602  -6.950 -1.65123E-05 -1.73301E-05  3.03212E-06
    9742.246   -188.963  -6.900 -1.94136E-05 -2.03144E-05  3.13286E-06
    9744.866   -186.344  -6.850 -2.21492E-05 -2.32234E-05  3.26069E-06
    9747.466   -183.744  -6.800 -2.46971E-05 -2.60470E-05  3.41187E-06
    9750.047   -181.162  -6.750 -2.72450E-05 -2.88706E-05  3.55705E-06
    9752.609   -178.600  -6.700 -2.97928E-05 -3.16942E-05  3.69607E-06
    9755.153   -176.057  -6.650 -3.23407E-05 -3.45178E-05  3.83450E-06
    9757.677   -173.533  -6.600 -3.48886E-05 -3.73414E-05  3.98042E-06
    9760.182   -171.028  -6.550 -3.74364E-05 -4.01650E-05  4.13949E-06
    9762.668   -168.542  -6.500 -3.99843E-05 -4.29886E-05  4.31129E-06
    9765.135   -166.075  -6.450 -4.18976E-05 -4.57071E-05  4.53343E-06
    9767.583   -163.627  -6.400 -4.34001E-05 -4.83575E-05  4.78520E-06
    9770.012   -161.198  -6.350 -4.49026E-05 -5.10079E-05  5.03327E-06
    9772.421   -158.788  -6.300 -4.64051E-05 -5.36582E-05  5.27745E-06
    9774.812   -156.398  -6.250 -4.79075E-05 -5.63086E-05  5.52323E-06
    9777.184   -154.026  -6.200 -4.94100E-05 -5.89590E-05  5.77910E-06
    9779.537   -151.673  -6.150 -5.09125E-05 -6.16094E-05  6.05188E-06
    9781.870   -149.340  -6.100 -5.24149E-05 -6.42598E-05  6.34278E-06
    9784.185   -147.025  -6.050 -5.23630E-05 -6.68663E-05  6.71137E-06
    9786.480   -144.729  -6.000 -4.72856E-05 -6.93309E-05  7.30514E-06
    9788.757   -142.453  -5.950 -4.22081E-05 -7.17956E-05  7.91336E-06
    9791.014   -140.196  -5.900 -3.71307E-05 -7.42602E-05  8.53245E-06
    9793.252   -137.957  -5.850 -3.20533E-05 -7.67248E-05  9.16483E-06
    9795.472   -135.738  -5.800 -2.69758E-05 -7.91894E-05  9.81820E-06
    9797.672   -133.538  -5.750 -2.18984E-05 -8.16540E-05  1.05021E-05
    9799.853   -131.356  -5.700 -1.68210E-05 -8.41186E-05  1.12234E-05
    9802.015   -129.194  -5.650 -1.17435E-05 -8.65832E-05  1.19823E-05
    9804.159   -127.051  -5.600  6.98570E-05 -8.89988E-05  1.37557E-05
    9806.283   -124.927  -5.550  3.89921E-04 -9.12618E-05  1.89746E-05
    9808.388   -122.822  -5.500  7.09985E-04 -9.35248E-05  2.47737E-05
    9810.474   -120.736  -5.450  1.03005E-03 -9.57877E-05  3.11327E-05
    9812.541   -118.669  -5.400  1.35011E-03 -9.80507E-05  3.80389E-05
    9814.588   -116.621  -5.350  1.67018E-03 -1.00314E-04  4.54883E-05
    9816.617   -114.593  -5.300  1.99024E-03 -1.02577E-04  5.34812E-05
    9818.627   -112.583  -5.250  2.31030E-03 -1.04840E-04  6.20147E-05
    9820.618   -110.592  -5.200  2.63037E-03 -1.07103E-04  7.10746E-05
    9822.589   -108.620  -5.150  2.95043E-03 -1.09366E-04  8.06316E-05
    9824.542   -106.668  -5.100  3.05527E-03 -1.11525E-04  8.20445E-05
    9826.476   -104.734  -5.050  2.91079E-03 -1.13566E-04  7.34439E-05
    9828.390   -102.820  -5.000  2.76631E-03 -1.15606E-04  6.46232E-05
    9830.286   -100.924  -4.950  2.62184E-03 -1.17646E-04  5.56020E-05
    9832.162    -99.048  -4.900  2.47736E-03 -1.19687E-04  4.64077E-05
    9834.019    -97.190  -4.850  2.33288E-03 -1.21727E-04  3.70756E-05
    9835.858    -95.352  -4.800  2.18841E-03 -1.23767E-04  2.76459E-05
    9837.677    -93.533  -4.750  2.04393E-03 -1.25808E-04  1.81590E-05
    9839.477    -91.733  -4.700  1.89945E-03 -1.27848E-04  8.65088E-06
    9841.258    -89.951  -4.650  1.75498E-03 -1.29888E-04 -8.50641E-07
    9843.020    -88.189  -4.600  1.61050E-03 -1.31929E-04 -1.03273E-05
    9844.763    -86.446  -4.550  1.50018E-03 -1.33806E-04 -1.34720E-05
    9846.487    -84.722  -4.500  1.40859E-03 -1.35594E-04 -1.28784E-05
    9848.192    -83.017  -4.450  1.31699E-03 -1.37381E-04 -1.19818E-05
    9849.878    -81.331  -4.400  1.22539E-03 -1.39169E-04 -1.08293E-05
    9851.545    -79.664  -4.350  1.13380E-03 -1.40957E-04 -9.45562E-06
    9853.193    -78.017  -4.300  1.04220E-03 -1.42744E-04 -7.86774E-06
    9854.822    -76.388  -4.250  9.50604E-04 -1.44532E-04 -6.03745E-06
    9856.432    -74.778  -4.200  8.59008E-04 -1.46320E-04 -3.90593E-06
    9858.022    -73.188  -4.150  7.67411E-04 -1.48107E-04 -1.39954E-06
    9859.594    -71.616  -4.100  6.75815E-04 -1.49895E-04  1.54730E-06
    9861.146    -70.063  -4.050  5.84218E-04 -1.51683E-04  4.96906E-06
    9862.680    -68.530  -4.000  4.92621E-04 -1.53470E-04  8.85355E-06
    9864.194    -67.015  -3.950  4.33245E-04 -1.55147E-04  6.05931E-05
    9865.690    -65.520  -3.900  4.29264E-04 -1.56633E-04  2.05279E-04
    9867.166    -64.044  -3.850  4.25283E-04 -1.58119E-04  3.40000E-04
    9868.623    -62.586  -3.800  4.21302E-04 -1.59605E-04  4.29522E-04
    9870.062    -61.148  -3.750  4.17320E-04 -1.61090E-04  4.44046E-04
    9871.481    -59.729  -3.700  4.13339E-04 -1.62576E-04  3.67287E-04
    9872.881    -58.329  -3.650  4.09358E-04 -1.64062E-04  2.02112E-04
    9874.262    -56.947  -3.600  4.05377E-04 -1.65548E-04 -2.77694E-05
    9875.624    -55.585  -3.550  4.01396E-04 -1.67034E-04 -2.80812E-04
    9876.967    -54.242  -3.500  3.97415E-04 -1.68520E-04 -5.05033E-04
    9878.291    -52.918  -3.450  3.93434E-04 -1.70006E-04 -6.48482E-04
    9879.596    -51.613  -3.400  3.89453E-04 -1.71492E-04 -6.70698E-04
    9880.882    -50.328  -3.350  3.85472E-04 -1.72978E-04 -5.52678E-04
    9882.149    -49.061  -3.300  3.81491E-04 -1.74463E-04 -3.03051E-04
    9883.397    -47.813  -3.250  3.77510E-04 -1.75949E-04  4.11850E-05
    9884.625    -46.584  -3.200  3.80774E-04 -1.77104E-04  8.69183E-04
    9885.835    -45.375  -3.150  3.85810E-04 -1.78177E-04  2.37258E-03
    9887.026    -44.184  -3.100  3.90846E-04 -1.79251E-04  4.15795E-03
    9888.197    -43.012  -3.050  3.95882E-04 -1.80325E-04  5.77791E-03
    9889.350    -41.860  -3.000  4.00918E-04 -1.81398E-04  6.79944E-03
    9890.483    -40.726  -2.950  4.05954E-04 -1.82472E-04  6.88559E-03
    9891.598    -39.612  -2.900  4.10991E-04 -1.83545E-04  5.84160E-03
    9892.693    -38.517  -2.850  4.16027E-04 -1.84619E-04  3.62831E-03
    9893.769    -37.440  -2.800  4.21063E-04 -1.85692E-04  3.59333E-04
    9894.827    -36.383  -2.750  4.26099E-04 -1.86766E-04 -3.70122E-03
    9895.865    -35.345  -2.700  4.31135E-04 -1.87840E-04 -8.13608E-03
    9896.884    -34.326  -2.650  4.36171E-04 -1.88913E-04 -1.23800E-02
    9897.884    -33.326  -2.600  4.41207E-04 -1.89987E-04 -1.57564E-02
    9898.865    -32.344  -2.550  4.46243E-04 -1.91060E-04 -1.75635E-02
    9899.827    -31.382  -2.500  4.51279E-04 -1.92134E-04 -1.72100E-02
    9900.770    -30.439  -2.450  4.56315E-04 -1.93207E-04 -1.43709E-02
    9901.694    -29.516  -2.400  4.61352E-04 -1.94281E-04 -9.11541E-03
    9902.599    -28.611  -2.350  4.66388E-04 -1.95355E-04 -1.95618E-03
    9903.485    -27.725  -2.300  4.71424E-04 -1.96428E-04  6.20775E-03
    9904.352    -26.858  -2.250  4.49756E-04 -1.97065E-04  1.59446E+01
    9905.199    -26.010  -2.200  4.22344E-04 -1.97609E-04  2.89843E+01
    9906.028    -25.182  -2.150  3.94932E-04 -1.98152E-04  1.89554E+01
    9906.838    -24.372  -2.100  3.67520E-04 -1.98695E-04 -1.48018E+01
    9907.628    -23.582  -2.050  3.40109E-04 -1.99239E-04 -5.44069E+01
    9908.400    -22.810  -2.000  3.12697E-04 -1.99782E-04 -7.48439E+01
    9909.152    -22.058  -1.950  2.85285E-04 -2.00325E-04 -6.08761E+01
    9909.886    -21.324  -1.900  2.57873E-04 -2.00869E-04 -1.79664E+01
    9910.600    -20.610  -1.850  2.30462E-04 -2.01412E-04  3.03600E+01
    9911.295    -19.914  -1.800  2.03050E-04 -2.01955E-04  5.71623E+01
    9911.972    -19.238  -1.750  1.75638E-04 -2.02499E-04  4.90765E+01
    9912.629    -18.581  -1.700  1.48226E-04 -2.03042E-04  1.43779E+01
    9913.267    -17.943  -1.650  1.20814E-04 -2.03585E-04 -2.31545E+01
    9913.886    -17.324  -1.600  7.97577E-05 -2.03990E-04 -8.28339E+01
    9914.486    -16.724  -1.550  1.80875E-05 -2.04139E-04  1.09271E+02
    9915.067    -16.143  -1.500 -4.04330E-05 -2.04216E-04  7.93169E+01
    9915.629    -15.581  -1.450 -8.90405E-05 -2.04211E-04  1.57055E+00
    9916.172    -15.038  -1.400 -1.16747E-04 -2.04117E-04 -7.61473E+00
    9916.696    -14.514  -1.350 -1.10832E-04 -2.03924E-04 -1.29472E+01
    9917.201    -14.009  -1.300 -6.78535E-05 -2.03621E-04 -1.72768E+01
    9917.687    -13.523  -1.250  5.07885E-06 -2.03194E-04 -1.88962E+01
    9918.153    -13.056  -1.200  9.98099E-05 -2.02627E-04 -1.90421E+01
    9918.601    -12.609  -1.150  2.09824E-04 -2.01899E-04 -1.88886E+01
    9919.030    -12.180  -1.100  3.29138E-04 -2.00990E-04 -1.61593E+01
    9919.439    -11.771  -1.050  4.52698E-04 -1.99869E-04 -4.77292E+00
    9919.830    -11.380  -1.000  5.76063E-04 -1.98503E-04  1.53079E+01
    9920.201    -11.009  -0.950  6.95589E-04 -1.96849E-04  3.07304E+01
    9920.554    -10.656  -0.900  8.08820E-04 -1.94864E-04  2.88977E+01
    9920.887    -10.323  -0.850  9.13901E-04 -1.92481E-04  1.32581E+01
    9921.201    -10.008  -0.800  1.01019E-03 -1.89636E-04 -4.44860E+00
    9921.497     -9.713  -0.750  1.09724E-03 -1.86245E-04 -1.62900E+01
    9921.773     -9.437  -0.700  1.17540E-03 -1.82216E-04 -2.06626E+01
    9922.030     -9.180  -0.650  1.24526E-03 -1.77461E-04 -1.94541E+01
    9922.268     -8.942  -0.600  1.30737E-03 -1.71861E-04 -1.52755E+01
    9922.487     -8.723  -0.550  1.36263E-03 -1.65373E-04 -1.01601E+01
    9922.687     -8.523  -0.500  1.41185E-03 -1.57995E-04 -5.32679E+00
    9922.868     -8.342  -0.450  1.45571E-03 -1.49829E-04 -1.33282E+00
    9923.030     -8.180  -0.400  1.49462E-03 -1.41106E-04  1.68826E+00
    9923.173     -8.037  -0.350  1.52853E-03 -1.32208E-04  3.79584E+00
    9923.297     -7.913  -0.300  1.55779E-03 -1.23614E-04  5.19454E+00
    9923.402     -7.808  -0.250  1.58232E-03 -1.15797E-04  6.06498E+00
    9923.487     -7.722  -0.200  1.60189E-03 -1.09202E-04  6.56716E+00
    9923.554     -7.656  -0.150  1.63303E-03 -8.77517E-05  6.83628E+00
    9923.602     -7.608  -0.100  1.70799E-03 -1.73150E-05  6.93318E+00
    9923.630     -7.580  -0.050  1.78295E-03  5.31217E-05  7.00872E+00
    9923.640     -7.570   0.000  1.85726E-03  1.22911E-04  7.06326E+00
    9923.649     -7.561   0.050  1.87325E-03  1.26081E-04  7.09846E+00
    9923.678     -7.532   0.100  1.88485E-03  1.29252E-04  7.11572E+00
    9923.725     -7.484   0.150  1.89214E-03  1.32422E-04  7.11548E+00
    9923.792     -7.418   0.200  1.89442E-03  1.38402E-04  7.06688E+00
    9923.878     -7.332   0.250  1.87276E-03  1.45877E-04  6.90781E+00
    9923.983     -7.227   0.300  1.81242E-03  1.54562E-04  6.58455E+00
    9924.106     -7.103   0.350  1.69978E-03  1.64099E-04  6.05049E+00
    9924.249     -6.960   0.400  1.52592E-03  1.74055E-04  5.28037E+00
    9924.411     -6.799   0.450  1.28988E-03  1.83985E-04  4.28047E+00
    9924.592     -6.618   0.500  1.00267E-03  1.93502E-04  3.10286E+00
    9924.792     -6.418   0.550  6.84288E-04  2.02371E-04  1.83095E+00
    9925.011     -6.198   0.600  3.62319E-04  2.10459E-04  5.71766E-01
    9925.249     -5.960   0.650  6.81645E-05  2.17730E-04 -5.58297E-01
    9925.507     -5.703   0.700 -1.68997E-04  2.24186E-04 -1.45600E+00
    9925.783     -5.427   0.750 -3.27227E-04  2.29895E-04 -2.04826E+00
    9926.078     -5.132   0.800 -3.96159E-04  2.34901E-04 -2.30552E+00
    9926.392     -4.817   0.850 -3.79402E-04  2.39246E-04 -2.24839E+00
    9926.726     -4.484   0.900 -2.92200E-04  2.42983E-04 -1.93704E+00
    9927.078     -4.132   0.950 -1.58157E-04  2.46140E-04 -1.45905E+00
    9927.450     -3.760   1.000 -3.73075E-06  2.48759E-04 -9.09652E-01
    9927.840     -3.370   1.050  1.46602E-04  2.50866E-04 -3.75459E-01
    9928.250     -2.960   1.100  2.72239E-04  2.52486E-04  7.11860E-02
    9928.678     -2.531   1.150  3.62620E-04  2.53650E-04  3.93467E-01
    9929.126     -2.084   1.200  4.14314E-04  2.54392E-04  5.79237E-01
    9929.593     -1.617   1.250  4.30801E-04  2.54739E-04  6.40374E-01
    9930.079     -1.131   1.300  4.20145E-04  2.54728E-04  6.04828E-01
    9930.583     -0.626   1.350  3.92501E-04  2.54384E-04  5.08147E-01
    9931.107     -0.102   1.400  3.58061E-04  2.53742E-04  3.86533E-01
    9931.650      0.440   1.450  3.24943E-04  2.52834E-04  2.69296E-01
    9932.212      1.002   1.500  2.98519E-04  2.51690E-04  1.76398E-01
    9932.793      1.583   1.550  2.81120E-04  2.50345E-04  1.17004E-01
    9933.393      2.183   1.600  2.72465E-04  2.48824E-04  9.07652E-02
    9934.012      2.803   1.650  2.70483E-04  2.47157E-04  9.04821E-02
    9934.651      3.441   1.700  2.72294E-04  2.45370E-04  1.05559E-01
    9935.308      4.098   1.750  2.75098E-04  2.43485E-04  1.25316E-01
    9935.984      4.774   1.800  2.76861E-04  2.41526E-04  1.41650E-01
    9936.679      5.470   1.850  2.76595E-04  2.39512E-04  1.50364E-01
    9937.394      6.184   1.900  2.74293E-04  2.37459E-04  1.51081E-01
    9938.127      6.917   1.950  2.70612E-04  2.35377E-04  1.46197E-01
    9938.880      7.670   2.000  2.66351E-04  2.33272E-04  1.38840E-01
    9939.651      8.441   2.050  2.62107E-04  2.31104E-04  1.31661E-01
    9940.442      9.232   2.100  2.57989E-04  2.28817E-04  1.25469E-01
    9941.251     10.042   2.150  2.53719E-04  2.26471E-04  1.18776E-01
    9942.080     10.870   2.200  2.49097E-04  2.24469E-04  1.08833E-01
    9942.928     11.718   2.250  2.44335E-04  2.23479E-04  9.33173E-02
    9943.794     12.585   2.300  2.39040E-04  2.23182E-04  7.16403E-02
    9944.680     13.471   2.350  2.33173E-04  2.23313E-04  4.48388E-02
    9945.585     14.375   2.400  2.27061E-04  2.23787E-04  1.49411E-02
    9946.509     15.299   2.450  2.21388E-04  2.24612E-04 -1.47171E-02
    9947.452     16.242   2.500  2.16983E-04  2.25676E-04 -3.96179E-02
    9948.414     17.204   2.550  2.14631E-04  2.26987E-04 -5.61917E-02
    9949.395     18.185   2.600  2.14237E-04  2.27776E-04 -6.14236E-02
    9950.395     19.186   2.650  2.13321E-04  2.27751E-04 -6.54047E-02
    9951.414     20.205   2.700  2.11829E-04  2.27347E-04 -7.03994E-02
    9952.453     21.243   2.750  2.09877E-04  2.26756E-04 -7.67240E-02
    9953.510     22.300   2.800  2.07619E-04  2.26078E-04 -8.41157E-02
    9954.586     23.377   2.850  2.05203E-04  2.25358E-04 -9.20673E-02
    9955.682     24.472   2.900  2.02835E-04  2.24629E-04 -9.97912E-02
    9956.796     25.586   2.950  2.00757E-04  2.23933E-04 -1.06328E-01
    9957.930     26.720   3.000  1.99207E-04  2.23292E-04 -1.10670E-01
    9959.082     27.872   3.050  1.98393E-04  2.22730E-04 -1.11938E-01
    9960.254     29.044   3.100  1.98432E-04  2.22217E-04 -1.09464E-01
    9961.444     30.234   3.150  1.99408E-04  2.21763E-04 -1.02908E-01
    9962.654     31.444   3.200  2.01309E-04  2.21354E-04 -9.22678E-02
    9963.883     32.673   3.250  2.04060E-04  2.21006E-04 -7.79840E-02
    9965.130     33.921   3.300  2.07490E-04  2.20713E-04 -6.08202E-02
    9966.397     35.187   3.350  2.11383E-04  2.20478E-04 -4.17973E-02
    9967.683     36.473   3.400  2.15484E-04  2.20299E-04 -2.21106E-02
    9968.988     37.778   3.450  2.19531E-04  2.20170E-04 -2.93388E-03
    9970.312     39.102   3.500  2.23321E-04  2.20102E-04  1.47431E-02
    9971.655     40.445   3.550  2.26685E-04  2.20080E-04  3.02040E-02
    9973.017     41.807   3.600  2.29545E-04  2.20107E-04  4.30870E-02
    9974.398     43.188   3.650  2.31890E-04  2.20186E-04  5.33387E-02
    9975.798     44.589   3.700  2.33739E-04  2.20301E-04  6.11258E-02
    9977.218     46.008   3.750  2.35155E-04  2.20456E-04  6.67289E-02
    9978.656     47.446   3.800  2.36187E-04  2.20648E-04  7.04026E-02
    9980.113     48.903   3.850  2.36869E-04  2.20871E-04  7.23304E-02
    9981.590     50.380   3.900  2.37206E-04  2.21122E-04  7.25680E-02
    9983.085     51.875   3.950  2.37188E-04  2.21395E-04  7.11052E-02
    9984.599     53.390   4.000  2.36805E-04  2.21690E-04  6.79026E-02
    9986.133     54.923   4.050  2.36042E-04  2.22000E-04  6.29514E-02
    9987.685     56.476   4.100  2.34908E-04  2.22318E-04  5.63280E-02
    9989.257     58.047   4.150  2.33442E-04  2.22643E-04  4.82159E-02
    9990.848     59.638   4.200  2.31691E-04  2.22965E-04  3.88849E-02
    9992.457     61.248   4.250  2.29740E-04  2.23290E-04  2.86888E-02
    9994.086     62.877   4.300  2.27657E-04  2.23606E-04  1.79868E-02
    9995.734     64.524   4.350  2.25522E-04  2.23911E-04  7.14005E-03
    9997.401     66.191   4.400  2.23401E-04  2.24201E-04 -3.53774E-03
    9999.087     67.877   4.450  2.21359E-04  2.24475E-04 -1.37712E-02
   10000.792     69.582   4.500  2.19450E-04  2.24733E-04 -2.33164E-02
   10002.516     71.306   4.550  2.17718E-04  2.24959E-04 -3.19223E-02
   10004.259     73.049   4.600  2.16236E-04  2.25169E-04 -3.93323E-02
   10006.021     74.811   4.650  2.15051E-04  2.25342E-04 -4.52774E-02
   10007.802     76.592   4.700  2.14238E-04  2.25494E-04 -4.94850E-02
   10009.602     78.393   4.750  2.13842E-04  2.25614E-04 -5.17173E-02
   10011.422     80.212   4.800  2.13904E-04  2.25705E-04 -5.18173E-02
   10013.260     82.050   4.850  2.14428E-04  2.25766E-04 -4.97651E-02
   10015.117     83.908   4.900  2.15380E-04  2.25794E-04 -4.56963E-02
   10016.994     85.784   4.950  2.16696E-04  2.25794E-04 -3.99186E-02
   10018.889     87.680   5.000  2.18268E-04  2.25763E-04 -3.28812E-02
   10020.804     89.594   5.050  2.19979E-04  2.25703E-04 -2.51180E-02
   10022.737     91.528   5.100  2.21699E-04  2.25617E-04 -1.71908E-02
   10024.690     93.480   5.150  2.23318E-04  2.25505E-04 -9.59918E-03
   10026.662     95.452   5.200  2.24754E-04  2.25374E-04 -2.72525E-03
   10028.652     97.443   5.250  2.25950E-04  2.25222E-04  3.19912E-03
   10030.662     99.452   5.300  2.26888E-04  2.25044E-04  8.10472E-03
   10032.691    101.481   5.350  2.27596E-04  2.24855E-04  1.20548E-02
   10034.739    103.529   5.400  2.28107E-04  2.24653E-04  1.52004E-02
   10036.806    105.596   5.450  2.28461E-04  2.24436E-04  1.77243E-02
   10038.892    107.682   5.500  2.28708E-04  2.24216E-04  1.97936E-02
   10040.997    109.787   5.550  2.28869E-04  2.23990E-04  2.15159E-02
   10043.121    111.911   5.600  2.28953E-04  2.23755E-04  2.29325E-02
   10045.264    114.054   5.650  2.28965E-04  2.23524E-04  2.40238E-02
   10047.426    116.216   5.700  2.28889E-04  2.23293E-04  2.47255E-02
   10049.607    118.398   5.750  2.28712E-04  2.23067E-04  2.49618E-02
   10051.808    120.598   5.800  2.28420E-04  2.22845E-04  2.46667E-02
   10054.027    122.817   5.850  2.28001E-04  2.22627E-04  2.37953E-02
   10056.265    125.055   5.900  2.27465E-04  2.22425E-04  2.23286E-02
   10058.523    127.313   5.950  2.26800E-04  2.22226E-04  2.02721E-02
   10060.799    129.589   6.000  2.26023E-04  2.22045E-04  1.76427E-02
   10063.095    131.885   6.050  2.25133E-04  2.21874E-04  1.44630E-02
   10065.409    134.199   6.100  2.24140E-04  2.21715E-04  1.07699E-02
   10067.743    136.533   6.150  2.23057E-04  2.21567E-04  6.61808E-03
   10070.095    138.886   6.200  2.21906E-04  2.21434E-04  2.09368E-03
   10072.467    141.257   6.250  2.20715E-04  2.21315E-04 -2.66815E-03
   10074.858    143.648   6.300  2.19530E-04  2.21212E-04 -7.48178E-03
   10077.268    146.058   6.350  2.18397E-04  2.21121E-04 -1.21162E-02
   10079.697    148.487   6.400  2.17369E-04  2.21034E-04 -1.63136E-02
   10082.145    150.935   6.450  2.16518E-04  2.20970E-04 -1.98204E-02
   10084.611    153.402   6.500  2.15877E-04  2.20910E-04 -2.24162E-02
   10087.097    155.888   6.550  2.15485E-04  2.20860E-04 -2.39466E-02
   10089.603    158.393   6.600  2.15356E-04  2.20818E-04 -2.43420E-02
   10092.127    160.917   6.650  2.15486E-04  2.20784E-04 -2.36191E-02
   10094.670    163.460   6.700  2.15848E-04  2.20754E-04 -2.18781E-02
   10097.232    166.022   6.750  2.16407E-04  2.20729E-04 -1.92797E-02
   10099.813    168.604   6.800  2.17115E-04  2.20705E-04 -1.60204E-02
   10102.414    171.204   6.850  2.17924E-04  2.20681E-04 -1.23108E-02
   10105.033    173.823   6.900  2.18783E-04  2.20652E-04 -8.35170E-03
   10107.671    176.462   6.950  2.19657E-04  2.20626E-04 -4.32638E-03
   10110.329    179.119   7.000  2.20504E-04  2.20592E-04 -3.94238E-04
   10113.005    181.796   7.050  2.21290E-04  2.20550E-04  3.30867E-03
   10115.701    184.491   7.100  2.21992E-04  2.20503E-04  6.66576E-03
   10118.416    187.206   7.150  2.22585E-04  2.20446E-04  9.57863E-03
   10121.149    189.940   7.200  2.23045E-04  2.20375E-04  1.19672E-02
   10123.902    192.692   7.250  2.23367E-04  2.20297E-04  1.37723E-02
   10126.674    195.464   7.300  2.23537E-04  2.20204E-04  1.49601E-02
   10129.465    198.255   7.350  2.23554E-04  2.20099E-04  1.55233E-02
   10132.274    201.065   7.400  2.23426E-04  2.19983E-04  1.54831E-02
   10135.103    203.894   7.450  2.23161E-04  2.19854E-04  1.48840E-02
   10137.951    206.742   7.500  2.22769E-04  2.19709E-04  1.37882E-02
   10140.818    209.609   7.550  2.22266E-04  2.19547E-04  1.22677E-02
   10143.704    212.495   7.600  2.21673E-04  2.19371E-04  1.03967E-02
   10146.609    215.400   7.650  2.21008E-04  2.19184E-04  8.24751E-03
   10149.534    218.324   7.700  2.20287E-04  2.18985E-04  5.89113E-03
   10152.477    221.267   7.750  2.19521E-04  2.18772E-04  3.39857E-03
   10155.439    224.229   7.800  2.18734E-04  2.18548E-04  8.45150E-04
   10158.420    227.211   7.850  2.17946E-04  2.18316E-04 -1.68417E-03
   10161.421    230.211   7.900  2.17172E-04  2.18071E-04 -4.09341E-03
   10164.440    233.230   7.950  2.16440E-04  2.17817E-04 -6.27783E-03
   10167.479    236.269   8.000  2.15777E-04  2.17559E-04 -8.13180E-03
   10170.536    239.326   8.050  2.15201E-04  2.17293E-04 -9.55922E-03
   10173.613    242.403   8.100  2.14728E-04  2.17020E-04 -1.04854E-02
   10176.708    245.499   8.150  2.14377E-04  2.16749E-04 -1.08679E-02
   10179.823    248.613   8.200  2.14136E-04  2.16469E-04 -1.07027E-02
   10182.957    251.747   8.250  2.14011E-04  2.16193E-04 -1.00262E-02
   10186.109    254.900   8.300  2.13981E-04  2.15917E-04 -8.91101E-03
   10189.281    258.072   8.350  2.14030E-04  2.15649E-04 -7.45661E-03
   10192.472    261.262   8.400  2.14123E-04  2.15375E-04 -5.77797E-03
   10195.682    264.472   8.450  2.14246E-04  2.15110E-04 -3.99292E-03
   10198.911    267.701   8.500  2.14368E-04  2.14846E-04 -2.21123E-03
   10202.159    270.949   8.550  2.14478E-04  2.14591E-04 -5.26161E-04
   10205.426    274.216   8.600  2.14556E-04  2.14343E-04  9.90420E-04
   10208.712    277.502   8.650  2.14592E-04  2.14099E-04  2.28993E-03
   10212.017    280.808   8.700  2.14585E-04  2.13865E-04  3.34649E-03
   10215.342    284.132   8.750  2.14532E-04  2.13639E-04  4.15326E-03
   10218.685    287.475   8.800  2.14435E-04  2.13422E-04  4.71877E-03
   10222.047    290.837   8.850  2.14300E-04  2.13214E-04  5.06440E-03
   10225.428    294.219   8.900  2.14129E-04  2.13012E-04  5.21714E-03
   10228.829    297.619   8.950  2.13937E-04  2.12823E-04  5.20647E-03
   10232.248    301.039   9.000  2.13721E-04  2.12639E-04  5.06058E-03
   10235.687    304.477   9.050  2.13488E-04  2.12463E-04  4.80329E-03
   10239.144    307.935   9.100  2.13239E-04  2.12290E-04  4.45247E-03
   10242.621    311.411   9.150  2.12985E-04  2.12129E-04  4.01950E-03
   10246.117    314.907   9.200  2.12715E-04  2.11968E-04  3.51085E-03
   10249.631    318.422   9.250  2.12441E-04  2.11818E-04  2.92998E-03
   10253.165    321.955   9.300  2.12154E-04  2.11670E-04  2.27983E-03
   10256.718    325.508   9.350  2.11857E-04  2.11525E-04  1.56590E-03
   10260.290    329.080   9.400  2.11549E-04  2.11380E-04  7.97730E-04
   10263.881    332.671   9.450  2.11239E-04  2.11241E-04 -9.48210E-06
   10267.491    336.281   9.500  2.10926E-04  2.11103E-04 -8.34651E-04
   10271.120    339.910   9.550  2.10616E-04  2.10965E-04 -1.65088E-03
   10274.768    343.558   9.600  2.10307E-04  2.10819E-04 -2.42665E-03
   10278.435    347.225   9.650  2.10018E-04  2.10678E-04 -3.12529E-03
   10282.121    350.911   9.700  2.09750E-04  2.10532E-04 -3.70925E-03
   10285.826    354.617   9.750  2.09510E-04  2.10382E-04 -4.14107E-03
   10289.551    358.341   9.800  2.09301E-04  2.10225E-04 -4.38710E-03
   10293.294    362.084   9.850  2.09136E-04  2.10065E-04 -4.42204E-03
   10297.056    365.846   9.900  2.09010E-04  2.09898E-04 -4.23317E-03
   10300.838    369.628   9.950  2.08925E-04  2.09727E-04 -3.82446E-03
   10304.638    373.428  10.000  2.08874E-04  2.09549E-04 -3.21852E-03
   10308.458    377.248  10.050  2.08847E-04  2.09361E-04 -2.45641E-03
   10312.296    381.086  10.100  2.08837E-04  2.09170E-04 -1.59396E-03
   10316.154    384.944  10.150  2.08824E-04  2.08969E-04 -6.95441E-04
   10320.030    388.821  10.200  2.08797E-04  2.08760E-04  1.74376E-04
   10323.926    392.716  10.250  2.08743E-04  2.08543E-04  9.58718E-04
   10327.841    396.631  10.300  2.08658E-04  2.08322E-04  1.61545E-03
   10331.775    400.565  10.350  2.08534E-04  2.08093E-04  2.12115E-03
   10335.728    404.518  10.400  2.08369E-04  2.07856E-04  2.47121E-03
   10339.699    408.490  10.450  2.08172E-04  2.07617E-04  2.67665E-03
   10343.690    412.481  10.500  2.07942E-04  2.07371E-04  2.75826E-03
   10347.700    416.491  10.550  2.07695E-04  2.07128E-04  2.73993E-03
   10351.729    420.520  10.600  2.07425E-04  2.06879E-04  2.64281E-03
   10355.778    424.568  10.650  2.07135E-04  2.06623E-04  2.48153E-03
   10359.845    428.635  10.700  2.06839E-04  2.06373E-04  2.26305E-03
   10363.931    432.721  10.750  2.06527E-04  2.06118E-04  1.98867E-03
   10368.036    436.826  10.800  2.06207E-04  2.05866E-04  1.65743E-03
   10372.161    440.951  10.850  2.05878E-04  2.05617E-04  1.27061E-03
   10376.304    445.094  10.900  2.05539E-04  2.05368E-04  8.34759E-04
   10380.466    449.257  10.950  2.05194E-04  2.05119E-04  3.64071E-04
   10384.648    453.438  11.000  2.04849E-04  2.04873E-04 -1.20462E-04
   10388.848    457.639  11.050  2.04512E-04  2.04634E-04 -5.93271E-04
   10393.068    461.858  11.100  2.04185E-04  2.04395E-04 -1.02776E-03
   10397.306    466.097  11.150  2.03873E-04  2.04159E-04 -1.39984E-03
   10401.564    470.354  11.200  2.03585E-04  2.03930E-04 -1.69116E-03
   10405.841    474.631  11.250  2.03317E-04  2.03702E-04 -1.89032E-03
   10410.137    478.927  11.300  2.03076E-04  2.03482E-04 -1.99310E-03
   10414.451    483.242  11.350  2.02859E-04  2.03266E-04 -2.00089E-03
   10418.785    487.575  11.400  2.02667E-04  2.03057E-04 -1.91865E-03
   10423.138    491.928  11.450  2.02493E-04  2.02849E-04 -1.75370E-03
   10427.510    496.300  11.500  2.02341E-04  2.02649E-04 -1.51437E-03
   10431.901    500.691  11.550  2.02204E-04  2.02450E-04 -1.21055E-03
   10436.311    505.101  11.600  2.02078E-04  2.02252E-04 -8.54603E-04
   10440.740    509.531  11.650  2.01962E-04  2.02056E-04 -4.62845E-04
   10445.188    513.979  11.700  2.01856E-04  2.01867E-04 -5.61117E-05
   10449.656    518.446  11.750  2.01748E-04  2.01679E-04  3.40474E-04
   10454.142    522.932  11.800  2.01637E-04  2.01496E-04  6.99669E-04
   10458.647    527.437  11.850  2.01511E-04  2.01310E-04  9.95414E-04
   10463.172    531.962  11.900  2.01366E-04  2.01123E-04  1.20685E-03
   10467.715    536.505  11.950  2.01207E-04  2.00940E-04  1.32197E-03
   10472.277    541.068  12.000  2.01024E-04  2.00754E-04  1.34006E-03
   10476.859    545.649  12.050  2.00822E-04  2.00566E-04  1.27167E-03
   10481.459    550.250  12.100  2.00606E-04  2.00377E-04  1.13645E-03
   10486.079    554.869  12.150  2.00378E-04  2.00186E-04  9.59183E-04
   10490.718    559.508  12.200  2.00141E-04  1.99988E-04  7.64889E-04
   10495.375    564.166  12.250  1.99904E-04  1.99789E-04  5.74007E-04
   10500.052    568.842  12.300  1.99669E-04  1.99589E-04  3.99420E-04
   10504.748    573.538  12.350  1.99431E-04  1.99382E-04  2.45307E-04
   10509.463    578.253  12.400  1.99192E-04  1.99170E-04  1.08406E-04
   10514.197    582.987  12.450  1.98948E-04  1.98952E-04 -1.88685E-05
   10518.950    587.740  12.500  1.98704E-04  1.98732E-04 -1.44844E-04
   10523.722    592.512  12.550  1.98450E-04  1.98505E-04 -2.74845E-04
   10528.513    597.303  12.600  1.98192E-04  1.98273E-04 -4.09103E-04
   10533.323    602.113  12.650  1.97927E-04  1.98035E-04 -5.42023E-04
   10538.152    606.942  12.700  1.97663E-04  1.97795E-04 -6.63604E-04
   10543.000    611.790  12.750  1.97394E-04  1.97545E-04 -7.61407E-04
   10547.867    616.658  12.800  1.97132E-04  1.97294E-04 -8.23515E-04
   10552.754    621.544  12.850  1.96871E-04  1.97037E-04 -8.41343E-04
   10557.659    626.449  12.900  1.96617E-04  1.96777E-04 -8.10736E-04
   10562.584    631.374  12.950  1.96365E-04  1.96509E-04 -7.32942E-04
   10567.527    636.317  13.000  1.96120E-04  1.96241E-04 -6.13689E-04
   10572.489    641.280  13.050  1.95880E-04  1.95971E-04 -4.62201E-04
   10577.471    646.261  13.100  1.95643E-04  1.95699E-04 -2.89500E-04
   10582.472    651.262  13.150  1.95400E-04  1.95421E-04 -1.07145E-04
   10587.491    656.282  13.200  1.95165E-04  1.95150E-04  7.36990E-05
   10592.530    661.320  13.250  1.94920E-04  1.94872E-04  2.42997E-04
   10597.588    666.378  13.300  1.94671E-04  1.94594E-04  3.91916E-04
   10602.665    671.455  13.350  1.94423E-04  1.94323E-04  5.13146E-04
   10607.760    676.551  13.400  1.94162E-04  1.94045E-04  6.01028E-04
   10612.875    681.666  13.450  1.93896E-04  1.93769E-04  6.51861E-04
   10618.009    686.800  13.500  1.93629E-04  1.93500E-04  6.64221E-04
   10623.162    691.953  13.550  1.93354E-04  1.93231E-04  6.39200E-04
   10628.334    697.125  13.600  1.93075E-04  1.92962E-04  5.80558E-04
   10633.525    702.316  13.650  1.92797E-04  1.92702E-04  4.94271E-04
   10638.736    707.526  13.700  1.92517E-04  1.92442E-04  3.88105E-04
   10643.965    712.755  13.750  1.92236E-04  1.92183E-04  2.70644E-04
   10649.213    718.003  13.800  1.91956E-04  1.91927E-04  1.50389E-04
   10654.480    723.271  13.850  1.91684E-04  1.91678E-04  3.49985E-05
   10659.767    728.557  13.900  1.91416E-04  1.91429E-04 -6.94775E-05
   10665.072    733.862  13.950  1.91158E-04  1.91189E-04 -1.58774E-04
   10670.397    739.187  14.000  1.90905E-04  1.90949E-04 -2.30542E-04
   10675.740    744.530  14.050  1.90656E-04  1.90710E-04 -2.84135E-04
   10681.103    749.893  14.100  1.90411E-04  1.90472E-04 -3.20270E-04
   10686.484    755.274  14.150  1.90176E-04  1.90241E-04 -3.40462E-04
   10691.885    760.675  14.200  1.89940E-04  1.90006E-04 -3.47068E-04
   10697.305    766.095  14.250  1.89711E-04  1.89776E-04 -3.42542E-04
   10702.743    771.534  14.300  1.89485E-04  1.89547E-04 -3.29320E-04
   10708.201    776.991  14.350  1.89260E-04  1.89319E-04 -3.09455E-04
   10713.678    782.468  14.400  1.89041E-04  1.89095E-04 -2.84169E-04
   10719.174    787.964  14.450  1.88818E-04  1.88866E-04 -2.53759E-04
   10724.689    793.479  14.500  1.88596E-04  1.88637E-04 -2.17427E-04
   10730.223    799.013  14.550  1.88375E-04  1.88408E-04 -1.73573E-04
   10735.776    804.566  14.600  1.88155E-04  1.88178E-04 -1.20187E-04
   10741.348    810.138  14.650  1.87932E-04  1.87943E-04 -5.58015E-05
   10746.939    815.729  14.700  1.87714E-04  1.87710E-04  1.97859E-05
   10752.549    821.340  14.750  1.87491E-04  1.87472E-04  1.04446E-04
   10758.179    826.969  14.800  1.87268E-04  1.87232E-04  1.93563E-04
   10763.827    832.617  14.850  1.87043E-04  1.86990E-04  2.80087E-04
   10769.494    838.285  14.900  1.86808E-04  1.86741E-04  3.55380E-04
   10775.181    843.971  14.950  1.86568E-04  1.86491E-04  4.10638E-04
   10780.886    849.676  15.000  1.86316E-04  1.86234E-04  4.38549E-04
   10786.611    855.401  15.050  1.86061E-04  1.85980E-04  4.34732E-04
   10792.354    861.144  15.100  1.85789E-04  1.85715E-04  3.98895E-04
   10798.117    866.907  15.150  1.85514E-04  1.85452E-04  3.34726E-04
   10803.898    872.689  15.200  1.85229E-04  1.85183E-04  2.49270E-04
   10809.699    878.489  15.250  1.84941E-04  1.84913E-04  1.51481E-04
   10815.519    884.309  15.300  1.84644E-04  1.84635E-04  5.03968E-05
   10821.358    890.148  15.350  1.84347E-04  1.84356E-04 -4.62431E-05
   10827.215    896.006  15.400  1.84052E-04  1.84076E-04 -1.33233E-04
   10833.092    901.883  15.450  1.83758E-04  1.83796E-04 -2.07876E-04
   10838.988    907.779  15.500  1.83459E-04  1.83509E-04 -2.69451E-04
   10844.903    913.694  15.550  1.83167E-04  1.83225E-04 -3.18131E-04
   10850.837    919.628  15.600  1.82873E-04  1.82938E-04 -3.53911E-04
   10856.790    925.581  15.650  1.82581E-04  1.82650E-04 -3.75689E-04
   10862.763    931.553  15.700  1.82291E-04  1.82361E-04 -3.81509E-04
   10868.754    937.544  15.750  1.82004E-04  1.82072E-04 -3.68742E-04
   10874.764    943.554  15.800  1.81727E-04  1.81788E-04 -3.35464E-04
   10880.793    949.584  15.850  1.81448E-04  1.81499E-04 -2.81576E-04
   10886.842    955.632  15.900  1.81174E-04  1.81212E-04 -2.09464E-04
   10892.909    961.699  15.950  1.80907E-04  1.80930E-04 -1.24334E-04
   10898.996    967.786  16.000  1.80638E-04  1.80644E-04 -3.35771E-05
   10905.101    973.891  16.050  1.80374E-04  1.80364E-04  5.44327E-05
   10911.226    980.016  16.100  1.80109E-04  1.80085E-04  1.32046E-04
   10917.369    986.160  16.150  1.79843E-04  1.79808E-04  1.93424E-04
   10923.532    992.322  16.200  1.79578E-04  1.79536E-04  2.35629E-04
   10929.714    998.504  16.250  1.79312E-04  1.79265E-04  2.58772E-04
   10935.914   1004.705  16.300  1.79044E-04  1.78996E-04  2.65464E-04
   10942.134   1010.924  16.350  1.78774E-04  1.78727E-04  2.59788E-04
   10948.373   1017.163  16.400  1.78504E-04  1.78460E-04  2.46085E-04
   10954.631   1023.421  16.450  1.78241E-04  1.78200E-04  2.27984E-04
   10960.908   1029.698  16.500  1.77978E-04  1.77941E-04  2.07738E-04
   10967.204   1035.994  16.550  1.77715E-04  1.77682E-04  1.86012E-04
   10973.519   1042.309  16.600  1.77451E-04  1.77422E-04  1.62318E-04
   10979.853   1048.643  16.650  1.77188E-04  1.77164E-04  1.35547E-04
   10986.206   1054.996  16.700  1.76931E-04  1.76912E-04  1.04610E-04
   10992.578   1061.369  16.750  1.76667E-04  1.76655E-04  6.90105E-05
   10998.970   1067.760  16.800  1.76409E-04  1.76404E-04  2.91094E-05
   11005.380   1074.170  16.850  1.76143E-04  1.76146E-04 -1.39078E-05
   11011.809   1080.600  16.900  1.75885E-04  1.75895E-04 -5.79566E-05
   11018.258   1087.048  16.950  1.75619E-04  1.75637E-04 -1.00566E-04
   11024.725   1093.515  17.000  1.75361E-04  1.75386E-04 -1.39057E-04
   11031.212   1100.002  17.050  1.75097E-04  1.75127E-04 -1.70913E-04
   11037.717   1106.507  17.100  1.74834E-04  1.74868E-04 -1.93977E-04
   11044.242   1113.032  17.150  1.74573E-04  1.74609E-04 -2.06745E-04
   11050.785   1119.576  17.200  1.74312E-04  1.74349E-04 -2.08599E-04
   11057.348   1126.138  17.250  1.74046E-04  1.74081E-04 -1.99810E-04
   11063.930   1132.720  17.300  1.73786E-04  1.73818E-04 -1.81696E-04
   11070.531   1139.321  17.350  1.73521E-04  1.73548E-04 -1.56332E-04
   11077.150   1145.941  17.400  1.73251E-04  1.73273E-04 -1.26316E-04
   11083.789   1152.580  17.450  1.72984E-04  1.73000E-04 -9.42688E-05
   11090.447   1159.238  17.500  1.72710E-04  1.72721E-04 -6.24860E-05
   11097.124   1165.915  17.550  1.72436E-04  1.72442E-04 -3.23870E-05
   11103.820   1172.611  17.600  1.72161E-04  1.72162E-04 -4.55965E-06
   11110.535   1179.326  17.650  1.71883E-04  1.71880E-04  2.12126E-05
   11117.270   1186.060  17.700  1.71600E-04  1.71593E-04  4.55817E-05
   11124.023   1192.813  17.750  1.71316E-04  1.71304E-04  6.91548E-05
   11130.795   1199.585  17.800  1.71028E-04  1.71012E-04  9.20738E-05
   11137.586   1206.377  17.850  1.70741E-04  1.70722E-04  1.13588E-04
   11144.397   1213.187  17.900  1.70449E-04  1.70426E-04  1.32105E-04
   11151.226   1220.016  17.950  1.70158E-04  1.70133E-04  1.45639E-04
   11158.075   1226.865  18.000  1.69861E-04  1.69835E-04  1.52247E-04
   11164.942   1233.732  18.050  1.69569E-04  1.69544E-04  1.50680E-04
   11171.829   1240.619  18.100  1.69269E-04  1.69246E-04  1.40882E-04
   11178.734   1247.524  18.150  1.68970E-04  1.68949E-04  1.24139E-04
   11185.659   1254.449  18.200  1.68674E-04  1.68656E-04  1.02727E-04
   11192.602   1261.393  18.250  1.68371E-04  1.68358E-04  7.94848E-05
   11199.565   1268.356  18.300  1.68076E-04  1.68067E-04  5.68295E-05
   11206.547   1275.337  18.350  1.67777E-04  1.67771E-04  3.63547E-05
   11213.548   1282.338  18.400  1.67482E-04  1.67479E-04  1.81518E-05
   11220.568   1289.358  18.450  1.67189E-04  1.67189E-04  1.05448E-06
   11227.607   1296.397  18.500  1.66899E-04  1.66902E-04 -1.68503E-05
   11234.665   1303.455  18.550  1.66607E-04  1.66613E-04 -3.74925E-05
   11241.742   1310.532  18.600  1.66314E-04  1.66325E-04 -6.17984E-05
   11248.838   1317.628  18.650  1.66029E-04  1.66044E-04 -8.91876E-05
   11255.953   1324.743  18.700  1.65745E-04  1.65764E-04 -1.17339E-04
   11263.087   1331.877  18.750  1.65462E-04  1.65485E-04 -1.42540E-04
   11270.240   1339.031  18.800  1.65179E-04  1.65206E-04 -1.60516E-04
   11277.413   1346.203  18.850  1.64899E-04  1.64927E-04 -1.67531E-04
   11284.604   1353.394  18.900  1.64624E-04  1.64650E-04 -1.61258E-04
   11291.814   1360.605  18.950  1.64355E-04  1.64379E-04 -1.41546E-04
   11299.044   1367.834  19.000  1.64090E-04  1.64108E-04 -1.10409E-04
   11306.292   1375.083  19.050  1.63821E-04  1.63833E-04 -7.16694E-05
   11313.560   1382.350  19.100  1.63558E-04  1.63563E-04 -3.01026E-05
   11320.847   1389.637  19.150  1.63296E-04  1.63294E-04  9.70007E-06
   11328.152   1396.942  19.200  1.63032E-04  1.63025E-04  4.40202E-05
   11335.477   1404.267  19.250  1.62765E-04  1.62754E-04  7.06802E-05
   11342.821   1411.611  19.300  1.62499E-04  1.62484E-04  8.90329E-05
   11350.183   1418.974  19.350  1.62231E-04  1.62215E-04  9.96905E-05
   11357.565   1426.356  19.400  1.61963E-04  1.61946E-04  1.04002E-04
   11364.966   1433.756  19.450  1.61694E-04  1.61677E-04  1.03442E-04
   11372.386   1441.176  19.500  1.61418E-04  1.61402E-04  9.91342E-05
   11379.825   1448.615  19.550  1.61145E-04  1.61131E-04  9.18456E-05
   11387.283   1456.073  19.600  1.60866E-04  1.60853E-04  8.18886E-05
   11394.760   1463.551  19.650  1.60588E-04  1.60577E-04  6.95518E-05
   11402.256   1471.047  19.700  1.60315E-04  1.60306E-04  5.52751E-05
   11409.772   1478.562  19.750  1.60034E-04  1.60028E-04  3.98019E-05
   11417.306   1486.096  19.800  1.59746E-04  1.59743E-04  2.42260E-05
   11424.859   1493.649  19.850  1.59466E-04  1.59465E-04  9.66642E-06
   11432.431   1501.222  19.900  1.59180E-04  1.59181E-04 -2.93778E-06
   11440.023   1508.813  19.950  1.58903E-04  1.58906E-04 -1.31014E-05
