id,cluster,cluster_color,has_stats,id,volume_A3,family,cys_dihedral_mean_deg,q_tetra_coord,q_tetra_ca,r_work,r_free,zn_bfactor,xyz_path,cys_dihedral_1_deg,coord_cys_1_bfactor_avg,coord_his_1_bfactor_avg,cys_dihedral_2_deg,coord_cys_2_bfactor_avg,coord_his_2_bfactor_avg,cys_dihedral_3_deg,coord_cys_3_bfactor_avg,coord_his_3_bfactor_avg,cys_dihedral_4_deg,coord_cys_4_bfactor_avg,coord_his_4_bfactor_avg
13mt_ZN_homo_d2.60_cluster1,7,#c7c7c7,1,13mt_ZN_homo_d2.60_cluster1,21.2364,Cx2Cx31Cx1C-SLLL,-6.71,0.9977,0.3758,0.1730,0.1900,69.670,/Users/stetef/Documents/SLAC/pdb-scraper/data/large-cys-his-datasets/4cys-large/output/xyz_files/13mt_ZN_homo_d2.60_cluster1.xyz,-178.80,73.360,,151.10,58.713,,111.32,66.497,,-110.48,75.350,
13ni_ZN_homo_d2.60_cluster1,6,#f7b6d2,1,13ni_ZN_homo_d2.60_cluster1,20.1732,Cx2Cx31Cx1C-SLLL,-6.42,0.9944,0.3742,0.1640,0.1810,70.570,/Users/stetef/Documents/SLAC/pdb-scraper/data/large-cys-his-datasets/4cys-large/output/xyz_files/13ni_ZN_homo_d2.60_cluster1.xyz,-178.89,72.300,,148.55,67.513,,112.06,66.183,,-107.41,76.663,
13nz_ZN_homo_d2.60_cluster1,1,#ff7f0e,1,13nz_ZN_homo_d2.60_cluster1,20.8492,Cx2Cx31Cx1C-SLLL,-5.08,0.9943,0.3796,0.1710,0.1850,69.520,/Users/stetef/Documents/SLAC/pdb-scraper/data/large-cys-his-datasets/4cys-large/output/xyz_files/13nz_ZN_homo_d2.60_cluster1.xyz,149.85,64.493,,-174.04,79.920,,113.77,72.490,,-109.91,80.657,
13oc_ZN_homo_d2.60_cluster1,5,#c49c94,1,13oc_ZN_homo_d2.60_cluster1,19.7733,Cx2Cx31Cx1C-SLLL,-6.83,0.9969,0.3954,0.1730,0.1860,52.880,/Users/stetef/Documents/SLAC/pdb-scraper/data/large-cys-his-datasets/4cys-large/output/xyz_files/13oc_ZN_homo_d2.60_cluster1.xyz,-179.43,61.767,,149.44,52.883,,110.15,60.993,,-107.50,65.310,
13sb_ZN_homo_d2.60_cluster2,5,#c49c94,1,13sb_ZN_homo_d2.60_cluster2,18.4630,Cx2Cx17Cx2C-LLHH,59.96,0.9909,0.5381,0.1860,0.2180,22.700,/Users/stetef/Documents/SLAC/pdb-scraper/data/large-cys-his-datasets/4cys-large/output/xyz_files/13sb_ZN_homo_d2.60_cluster2.xyz,-120.51,21.280,,94.87,20.590,,171.05,20.503,,94.42,25.140,
13sb_ZN_homo_d2.60_cluster4,1,#ff7f0e,1,13sb_ZN_homo_d2.60_cluster4,18.5154,Cx2Cx17Cx2C-LLHH,61.87,0.9900,0.5510,0.1860,0.2180,18.480,/Users/stetef/Documents/SLAC/pdb-scraper/data/large-cys-his-datasets/4cys-large/output/xyz_files/13sb_ZN_homo_d2.60_cluster4.xyz,96.62,21.973,,-112.86,16.700,,92.75,15.650,,170.95,17.763,
13sb_ZN_homo_d2.60_cluster6,1,#ff7f0e,1,13sb_ZN_homo_d2.60_cluster6,18.7175,Cx2Cx17Cx2C-LLHH,59.44,0.9854,0.5329,0.1860,0.2180,20.600,/Users/stetef/Documents/SLAC/pdb-scraper/data/large-cys-his-datasets/4cys-large/output/xyz_files/13sb_ZN_homo_d2.60_cluster6.xyz,-122.78,18.540,,95.01,22.470,,172.46,18.837,,93.09,19.507,
13sb_ZN_homo_d2.60_cluster8,5,#c49c94,1,13sb_ZN_homo_d2.60_cluster8,18.2794,Cx2Cx17Cx2C-LLHH,60.63,0.9903,0.5483,0.1860,0.2180,18.220,/Users/stetef/Documents/SLAC/pdb-scraper/data/large-cys-his-datasets/4cys-large/output/xyz_files/13sb_ZN_homo_d2.60_cluster8.xyz,97.28,20.697,,-116.62,17.077,,90.39,15.900,,171.45,17.570,
13sc_ZN_homo_d2.60_cluster2,7,#c7c7c7,1,13sc_ZN_homo_d2.60_cluster2,18.3737,Cx2Cx17Cx2C-LLHH,60.45,0.9907,0.5363,0.1860,0.2090,21.920,/Users/stetef/Documents/SLAC/pdb-scraper/data/large-cys-his-datasets/4cys-large/output/xyz_files/13sc_ZN_homo_d2.60_cluster2.xyz,-118.35,20.863,,94.21,18.570,,171.87,21.177,,94.06,24.840,
13sc_ZN_homo_d2.60_cluster4,7,#c7c7c7,1,13sc_ZN_homo_d2.60_cluster4,17.9119,Cx2Cx17Cx2C-LLHH,62.43,0.9897,0.5437,0.1860,0.2090,19.140,/Users/stetef/Documents/SLAC/pdb-scraper/data/large-cys-his-datasets/4cys-large/output/xyz_files/13sc_ZN_homo_d2.60_cluster4.xyz,97.95,23.370,,-113.85,18.070,,92.89,15.963,,172.75,18.857,
13sc_ZN_homo_d2.60_cluster6,6,#f7b6d2,1,13sc_ZN_homo_d2.60_cluster6,18.5032,Cx2Cx17Cx2C-LLHH,59.70,0.9855,0.5293,0.1860,0.2090,19.170,/Users/stetef/Documents/SLAC/pdb-scraper/data/large-cys-his-datasets/4cys-large/output/xyz_files/13sc_ZN_homo_d2.60_cluster6.xyz,-121.02,18.463,,94.02,19.793,,174.03,18.173,,91.77,18.037,
13sc_ZN_homo_d2.60_cluster8,1,#ff7f0e,1,13sc_ZN_homo_d2.60_cluster8,18.0039,Cx2Cx17Cx2C-LLHH,61.24,0.9901,0.5421,0.1860,0.2090,18.490,/Users/stetef/Documents/SLAC/pdb-scraper/data/large-cys-his-datasets/4cys-large/output/xyz_files/13sc_ZN_homo_d2.60_cluster8.xyz,98.11,21.283,,-117.25,16.807,,90.36,14.987,,173.73,17.477,
13se_ZN_homo_d2.60_cluster2,7,#c7c7c7,1,13se_ZN_homo_d2.60_cluster2,18.7533,Cx2Cx17Cx2C-LLHH,58.80,0.9906,0.5378,0.1740,0.1980,22.300,/Users/stetef/Documents/SLAC/pdb-scraper/data/large-cys-his-datasets/4cys-large/output/xyz_files/13se_ZN_homo_d2.60_cluster2.xyz,-120.86,21.350,,90.98,23.283,,172.43,20.550,,92.63,20.793,
13se_ZN_homo_d2.60_cluster4,1,#ff7f0e,1,13se_ZN_homo_d2.60_cluster4,18.2802,Cx2Cx17Cx2C-LLHH,59.99,0.9926,0.5513,0.1740,0.1980,18.960,/Users/stetef/Documents/SLAC/pdb-scraper/data/large-cys-his-datasets/4cys-large/output/xyz_files/13se_ZN_homo_d2.60_cluster4.xyz,92.60,21.443,,-115.03,17.373,,90.18,15.693,,172.20,18.580,
13se_ZN_homo_d2.60_cluster6,7,#c7c7c7,1,13se_ZN_homo_d2.60_cluster6,18.5867,Cx2Cx17Cx2C-LLHH,58.90,0.9885,0.5349,0.1740,0.1980,20.010,/Users/stetef/Documents/SLAC/pdb-scraper/data/large-cys-his-datasets/4cys-large/output/xyz_files/13se_ZN_homo_d2.60_cluster6.xyz,91.91,19.080,,-119.64,19.003,,90.53,21.457,,172.80,18.767,
13se_ZN_homo_d2.60_cluster8,6,#f7b6d2,1,13se_ZN_homo_d2.60_cluster8,18.1993,Cx2Cx17Cx2C-LLHH,59.56,0.9932,0.5469,0.1740,0.1980,19.120,/Users/stetef/Documents/SLAC/pdb-scraper/data/large-cys-his-datasets/4cys-large/output/xyz_files/13se_ZN_homo_d2.60_cluster8.xyz,93.14,21.170,,-116.39,17.580,,89.43,16.997,,172.07,18.387,
13sf_ZN_homo_d2.60_cluster2,5,#c49c94,1,13sf_ZN_homo_d2.60_cluster2,18.8456,Cx2Cx17Cx2C-LLHH,60.16,0.9836,0.5435,0.2320,0.2650,36.400,/Users/stetef/Documents/SLAC/pdb-scraper/data/large-cys-his-datasets/4cys-large/output/xyz_files/13sf_ZN_homo_d2.60_cluster2.xyz,-120.19,34.643,,89.54,31.533,,98.94,39.090,,172.34,33.370,
13sf_ZN_homo_d2.60_cluster4,3,#d62728,1,13sf_ZN_homo_d2.60_cluster4,18.4837,Cx2Cx17Cx2C-LLHH,60.96,0.9810,0.5464,0.2320,0.2650,27.980,/Users/stetef/Documents/SLAC/pdb-scraper/data/large-cys-his-datasets/4cys-large/output/xyz_files/13sf_ZN_homo_d2.60_cluster4.xyz,-115.64,27.793,,98.89,29.937,,88.29,23.717,,172.32,30.053,
13sf_ZN_homo_d2.60_cluster6,7,#c7c7c7,1,13sf_ZN_homo_d2.60_cluster6,19.0446,Cx2Cx17Cx2C-LLHH,60.57,0.9805,0.5421,0.2320,0.2650,33.200,/Users/stetef/Documents/SLAC/pdb-scraper/data/large-cys-his-datasets/4cys-large/output/xyz_files/13sf_ZN_homo_d2.60_cluster6.xyz,-119.62,30.120,,91.76,27.820,,97.77,33.400,,172.38,30.800,
13sf_ZN_homo_d2.60_cluster8,1,#ff7f0e,1,13sf_ZN_homo_d2.60_cluster8,18.4771,Cx2Cx17Cx2C-LLHH,60.80,0.9852,0.5511,0.2320,0.2650,29.200,/Users/stetef/Documents/SLAC/pdb-scraper/data/large-cys-his-datasets/4cys-large/output/xyz_files/13sf_ZN_homo_d2.60_cluster8.xyz,87.54,22.830,,99.85,32.157,,-116.12,27.257,,171.94,27.243,
13si_ZN_homo_d2.60_cluster2,7,#c7c7c7,1,13si_ZN_homo_d2.60_cluster2,19.0818,Cx2Cx17Cx2C-LLHH,59.29,0.9899,0.5455,0.1820,0.2110,21.650,/Users/stetef/Documents/SLAC/pdb-scraper/data/large-cys-his-datasets/4cys-large/output/xyz_files/13si_ZN_homo_d2.60_cluster2.xyz,-121.17,20.357,,92.50,23.263,,92.95,20.097,,172.89,19.817,
13si_ZN_homo_d2.60_cluster4,5,#c49c94,1,13si_ZN_homo_d2.60_cluster4,18.5806,Cx2Cx17Cx2C-LLHH,61.04,0.9908,0.5576,0.1820,0.2110,18.530,/Users/stetef/Documents/SLAC/pdb-scraper/data/large-cys-his-datasets/4cys-large/output/xyz_files/13si_ZN_homo_d2.60_cluster4.xyz,94.84,20.147,,-115.87,16.820,,92.01,14.773,,173.19,17.757,
13si_ZN_homo_d2.60_cluster6,7,#c7c7c7,1,13si_ZN_homo_d2.60_cluster6,18.9871,Cx2Cx17Cx2C-LLHH,59.44,0.9881,0.5461,0.1820,0.2110,19.960,/Users/stetef/Documents/SLAC/pdb-scraper/data/large-cys-his-datasets/4cys-large/output/xyz_files/13si_ZN_homo_d2.60_cluster6.xyz,-120.89,18.640,,172.66,18.130,,93.18,19.153,,92.82,18.563,
13si_ZN_homo_d2.60_cluster8,5,#c49c94,1,13si_ZN_homo_d2.60_cluster8,18.4689,Cx2Cx17Cx2C-LLHH,59.47,0.9923,0.5508,0.1820,0.2110,18.060,/Users/stetef/Documents/SLAC/pdb-scraper/data/large-cys-his-datasets/4cys-large/output/xyz_files/13si_ZN_homo_d2.60_cluster8.xyz,93.78,19.823,,-118.59,16.913,,173.67,16.697,,89.03,14.490,
13sj_ZN_homo_d2.60_cluster2,7,#c7c7c7,1,13sj_ZN_homo_d2.60_cluster2,18.4530,Cx2Cx17Cx2C-LLHH,58.35,0.9909,0.5364,0.1800,0.2040,15.250,/Users/stetef/Documents/SLAC/pdb-scraper/data/large-cys-his-datasets/4cys-large/output/xyz_files/13sj_ZN_homo_d2.60_cluster2.xyz,-124.12,14.510,,92.16,15.760,,93.57,13.893,,171.79,14.173,
13sj_ZN_homo_d2.60_cluster4,1,#ff7f0e,1,13sj_ZN_homo_d2.60_cluster4,18.1562,Cx2Cx17Cx2C-LLHH,60.47,0.9940,0.5519,0.1800,0.2040,14.200,/Users/stetef/Documents/SLAC/pdb-scraper/data/large-cys-his-datasets/4cys-large/output/xyz_files/13sj_ZN_homo_d2.60_cluster4.xyz,-113.22,12.343,,89.05,11.690,,94.00,16.307,,172.05,13.450,
13sj_ZN_homo_d2.60_cluster6,1,#ff7f0e,1,13sj_ZN_homo_d2.60_cluster6,18.3709,Cx2Cx17Cx2C-LLHH,58.03,0.9896,0.5287,0.1800,0.2040,14.030,/Users/stetef/Documents/SLAC/pdb-scraper/data/large-cys-his-datasets/4cys-large/output/xyz_files/13sj_ZN_homo_d2.60_cluster6.xyz,-122.35,12.673,,90.82,12.983,,172.59,12.643,,91.06,14.997,
13sj_ZN_homo_d2.60_cluster8,1,#ff7f0e,1,13sj_ZN_homo_d2.60_cluster8,18.4736,Cx2Cx17Cx2C-LLHH,61.03,0.9902,0.5528,0.1800,0.2040,13.350,/Users/stetef/Documents/SLAC/pdb-scraper/data/large-cys-his-datasets/4cys-large/output/xyz_files/13sj_ZN_homo_d2.60_cluster8.xyz,95.21,14.707,,-113.47,12.537,,90.45,11.293,,171.94,13.217,
13sk_ZN_homo_d2.60_cluster2,7,#c7c7c7,1,13sk_ZN_homo_d2.60_cluster2,18.7966,Cx2Cx17Cx2C-LLHH,59.26,0.9903,0.5485,0.1980,0.2300,24.360,/Users/stetef/Documents/SLAC/pdb-scraper/data/large-cys-his-datasets/4cys-large/output/xyz_files/13sk_ZN_homo_d2.60_cluster2.xyz,172.63,21.277,,91.45,22.110,,93.87,24.760,,-120.92,23.633,
13sk_ZN_homo_d2.60_cluster4,7,#c7c7c7,1,13sk_ZN_homo_d2.60_cluster4,18.6006,Cx2Cx17Cx2C-LLHH,59.82,0.9894,0.5534,0.1980,0.2300,19.920,/Users/stetef/Documents/SLAC/pdb-scraper/data/large-cys-his-datasets/4cys-large/output/xyz_files/13sk_ZN_homo_d2.60_cluster4.xyz,97.05,21.180,,-116.51,19.660,,169.33,18.030,,89.42,16.690,
13sk_ZN_homo_d2.60_cluster6,1,#ff7f0e,1,13sk_ZN_homo_d2.60_cluster6,18.8566,Cx2Cx17Cx2C-LLHH,59.09,0.9879,0.5504,0.1980,0.2300,21.200,/Users/stetef/Documents/SLAC/pdb-scraper/data/large-cys-his-datasets/4cys-large/output/xyz_files/13sk_ZN_homo_d2.60_cluster6.xyz,171.59,19.503,,-120.51,21.000,,93.99,20.907,,91.28,19.260,
13sk_ZN_homo_d2.60_cluster8,5,#c49c94,1,13sk_ZN_homo_d2.60_cluster8,18.2578,Cx2Cx17Cx2C-LLHH,60.12,0.9927,0.5499,0.1980,0.2300,19.410,/Users/stetef/Documents/SLAC/pdb-scraper/data/large-cys-his-datasets/4cys-large/output/xyz_files/13sk_ZN_homo_d2.60_cluster8.xyz,95.36,21.953,,-117.14,19.583,,173.90,18.320,,88.38,17.300,
13sl_ZN_homo_d2.60_cluster2,1,#ff7f0e,1,13sl_ZN_homo_d2.60_cluster2,18.5720,Cx2Cx17Cx2C-LLHH,59.31,0.9908,0.5386,0.1970,0.2140,19.250,/Users/stetef/Documents/SLAC/pdb-scraper/data/large-cys-his-datasets/4cys-large/output/xyz_files/13sl_ZN_homo_d2.60_cluster2.xyz,-119.59,18.330,,90.88,16.603,,91.84,18.630,,174.12,17.197,
13sl_ZN_homo_d2.60_cluster4,1,#ff7f0e,1,13sl_ZN_homo_d2.60_cluster4,17.8364,Cx2Cx17Cx2C-LLHH,60.72,0.9908,0.5458,0.1970,0.2140,16.980,/Users/stetef/Documents/SLAC/pdb-scraper/data/large-cys-his-datasets/4cys-large/output/xyz_files/13sl_ZN_homo_d2.60_cluster4.xyz,93.91,17.113,,-115.69,15.640,,90.17,13.947,,174.48,15.577,
13sl_ZN_homo_d2.60_cluster6,1,#ff7f0e,1,13sl_ZN_homo_d2.60_cluster6,18.6984,Cx2Cx17Cx2C-LLHH,59.82,0.9873,0.5317,0.1970,0.2140,17.930,/Users/stetef/Documents/SLAC/pdb-scraper/data/large-cys-his-datasets/4cys-large/output/xyz_files/13sl_ZN_homo_d2.60_cluster6.xyz,92.44,19.390,,-118.80,17.667,,173.99,17.293,,91.65,16.860,
13sl_ZN_homo_d2.60_cluster8,1,#ff7f0e,1,13sl_ZN_homo_d2.60_cluster8,17.9299,Cx2Cx17Cx2C-LLHH,60.56,0.9913,0.5406,0.1970,0.2140,16.840,/Users/stetef/Documents/SLAC/pdb-scraper/data/large-cys-his-datasets/4cys-large/output/xyz_files/13sl_ZN_homo_d2.60_cluster8.xyz,94.24,18.240,,-114.55,15.177,,89.14,14.323,,173.39,15.833,
13sm_ZN_homo_d2.60_cluster2,9,#9edae5,1,13sm_ZN_homo_d2.60_cluster2,18.4421,Cx2Cx17Cx2C-LLHH,59.27,0.9886,0.5330,0.1760,0.2050,20.300,/Users/stetef/Documents/SLAC/pdb-scraper/data/large-cys-his-datasets/4cys-large/output/xyz_files/13sm_ZN_homo_d2.60_cluster2.xyz,92.94,18.657,,92.66,22.557,,-120.35,18.217,,171.82,19.310,
13sm_ZN_homo_d2.60_cluster4,1,#ff7f0e,1,13sm_ZN_homo_d2.60_cluster4,17.7751,Cx2Cx17Cx2C-LLHH,60.60,0.9938,0.5418,0.1760,0.2050,17.120,/Users/stetef/Documents/SLAC/pdb-scraper/data/large-cys-his-datasets/4cys-large/output/xyz_files/13sm_ZN_homo_d2.60_cluster4.xyz,93.02,20.260,,-114.46,14.940,,91.04,14.133,,172.80,16.517,
13sm_ZN_homo_d2.60_cluster6,1,#ff7f0e,1,13sm_ZN_homo_d2.60_cluster6,18.6079,Cx2Cx17Cx2C-LLHH,58.57,0.9874,0.5292,0.1760,0.2050,17.900,/Users/stetef/Documents/SLAC/pdb-scraper/data/large-cys-his-datasets/4cys-large/output/xyz_files/13sm_ZN_homo_d2.60_cluster6.xyz,-121.18,16.457,,90.76,19.487,,92.22,16.907,,172.46,17.137,
13sm_ZN_homo_d2.60_cluster8,1,#ff7f0e,1,13sm_ZN_homo_d2.60_cluster8,17.9036,Cx2Cx17Cx2C-LLHH,59.54,0.9935,0.5400,0.1760,0.2050,17.120,/Users/stetef/Documents/SLAC/pdb-scraper/data/large-cys-his-datasets/4cys-large/output/xyz_files/13sm_ZN_homo_d2.60_cluster8.xyz,93.50,19.827,,-114.97,14.717,,87.51,14.610,,172.14,16.577,
13sn_ZN_homo_d2.60_cluster2,6,#f7b6d2,1,13sn_ZN_homo_d2.60_cluster2,18.6014,Cx2Cx17Cx2C-LLHH,59.25,0.9906,0.5359,0.1790,0.2040,22.990,/Users/stetef/Documents/SLAC/pdb-scraper/data/large-cys-his-datasets/4cys-large/output/xyz_files/13sn_ZN_homo_d2.60_cluster2.xyz,-120.34,21.333,,172.26,21.003,,92.41,20.767,,92.67,25.983,
13sn_ZN_homo_d2.60_cluster4,1,#ff7f0e,1,13sn_ZN_homo_d2.60_cluster4,17.8355,Cx2Cx17Cx2C-LLHH,60.49,0.9919,0.5463,0.1790,0.2040,18.660,/Users/stetef/Documents/SLAC/pdb-scraper/data/large-cys-his-datasets/4cys-large/output/xyz_files/13sn_ZN_homo_d2.60_cluster4.xyz,-115.78,17.007,,89.60,15.413,,94.54,20.980,,173.61,17.753,
13sn_ZN_homo_d2.60_cluster6,1,#ff7f0e,1,13sn_ZN_homo_d2.60_cluster6,18.5046,Cx2Cx17Cx2C-LLHH,59.31,0.9860,0.5317,0.1790,0.2040,20.510,/Users/stetef/Documents/SLAC/pdb-scraper/data/large-cys-his-datasets/4cys-large/output/xyz_files/13sn_ZN_homo_d2.60_cluster6.xyz,173.31,19.090,,-120.63,19.143,,92.43,19.233,,92.12,21.623,
13sn_ZN_homo_d2.60_cluster8,7,#c7c7c7,1,13sn_ZN_homo_d2.60_cluster8,18.1451,Cx2Cx17Cx2C-LLHH,59.79,0.9907,0.5480,0.1790,0.2040,19.080,/Users/stetef/Documents/SLAC/pdb-scraper/data/large-cys-his-datasets/4cys-large/output/xyz_files/13sn_ZN_homo_d2.60_cluster8.xyz,95.83,21.517,,-117.86,17.833,,89.12,16.590,,172.06,18.083,
13so_ZN_homo_d2.60_cluster2,7,#c7c7c7,1,13so_ZN_homo_d2.60_cluster2,18.5432,Cx2Cx17Cx2C-LLHH,60.47,0.9924,0.5385,0.1960,0.2260,28.260,/Users/stetef/Documents/SLAC/pdb-scraper/data/large-cys-his-datasets/4cys-large/output/xyz_files/13so_ZN_homo_d2.60_cluster2.xyz,-120.63,27.463,,92.45,24.503,,174.91,25.143,,95.16,32.400,
13so_ZN_homo_d2.60_cluster4,5,#c49c94,1,13so_ZN_homo_d2.60_cluster4,17.7798,Cx2Cx17Cx2C-LLHH,61.97,0.9902,0.5444,0.1960,0.2260,21.040,/Users/stetef/Documents/SLAC/pdb-scraper/data/large-cys-his-datasets/4cys-large/output/xyz_files/13so_ZN_homo_d2.60_cluster4.xyz,96.45,24.953,,90.52,17.203,,-114.50,19.733,,175.39,20.600,
13so_ZN_homo_d2.60_cluster6,7,#c7c7c7,1,13so_ZN_homo_d2.60_cluster6,18.6511,Cx2Cx17Cx2C-LLHH,60.87,0.9847,0.5369,0.1960,0.2260,24.350,/Users/stetef/Documents/SLAC/pdb-scraper/data/large-cys-his-datasets/4cys-large/output/xyz_files/13so_ZN_homo_d2.60_cluster6.xyz,91.92,22.133,,94.60,27.667,,175.16,23.163,,-118.21,23.067,
13so_ZN_homo_d2.60_cluster8,1,#ff7f0e,1,13so_ZN_homo_d2.60_cluster8,17.6554,Cx2Cx17Cx2C-LLHH,61.38,0.9948,0.5407,0.1960,0.2260,23.340,/Users/stetef/Documents/SLAC/pdb-scraper/data/large-cys-his-datasets/4cys-large/output/xyz_files/13so_ZN_homo_d2.60_cluster8.xyz,90.24,18.163,,97.16,28.460,,-116.67,21.933,,174.77,21.270,
13sq_ZN_homo_d2.60_cluster2,9,#9edae5,1,13sq_ZN_homo_d2.60_cluster2,18.8217,Cx2Cx17Cx2C-LLHH,59.40,0.9878,0.5379,0.1760,0.2000,16.240,/Users/stetef/Documents/SLAC/pdb-scraper/data/large-cys-his-datasets/4cys-large/output/xyz_files/13sq_ZN_homo_d2.60_cluster2.xyz,92.61,15.143,,-120.15,15.463,,92.65,17.670,,172.47,15.593,
13sq_ZN_homo_d2.60_cluster4,1,#ff7f0e,1,13sq_ZN_homo_d2.60_cluster4,18.1434,Cx2Cx17Cx2C-LLHH,60.36,0.9908,0.5446,0.1760,0.2000,14.670,/Users/stetef/Documents/SLAC/pdb-scraper/data/large-cys-his-datasets/4cys-large/output/xyz_files/13sq_ZN_homo_d2.60_cluster4.xyz,-115.24,13.640,,93.78,16.893,,89.84,12.787,,173.07,14.787,
13sq_ZN_homo_d2.60_cluster6,9,#9edae5,1,13sq_ZN_homo_d2.60_cluster6,18.3372,Cx2Cx17Cx2C-LLHH,58.28,0.9879,0.5275,0.1760,0.2000,15.410,/Users/stetef/Documents/SLAC/pdb-scraper/data/large-cys-his-datasets/4cys-large/output/xyz_files/13sq_ZN_homo_d2.60_cluster6.xyz,-121.45,14.600,,90.36,14.687,,173.47,14.543,,90.73,16.217,
13sq_ZN_homo_d2.60_cluster8,6,#f7b6d2,1,13sq_ZN_homo_d2.60_cluster8,18.1868,Cx2Cx17Cx2C-LLHH,61.05,0.9886,0.5415,0.1760,0.2000,14.660,/Users/stetef/Documents/SLAC/pdb-scraper/data/large-cys-his-datasets/4cys-large/output/xyz_files/13sq_ZN_homo_d2.60_cluster8.xyz,-113.77,13.553,,95.14,17.323,,89.76,12.997,,173.05,14.920,
13ss_ZN_homo_d2.60_cluster2,7,#c7c7c7,1,13ss_ZN_homo_d2.60_cluster2,18.5485,Cx2Cx17Cx2C-LLHH,60.02,0.9918,0.5379,0.1980,0.2340,34.950,/Users/stetef/Documents/SLAC/pdb-scraper/data/large-cys-his-datasets/4cys-large/output/xyz_files/13ss_ZN_homo_d2.60_cluster2.xyz,93.38,31.220,,-120.22,34.373,,94.77,40.750,,172.13,32.887,
13ss_ZN_homo_d2.60_cluster4,1,#ff7f0e,1,13ss_ZN_homo_d2.60_cluster4,18.2051,Cx2Cx17Cx2C-LLHH,60.66,0.9911,0.5487,0.1980,0.2340,25.380,/Users/stetef/Documents/SLAC/pdb-scraper/data/large-cys-his-datasets/4cys-large/output/xyz_files/13ss_ZN_homo_d2.60_cluster4.xyz,-116.29,22.533,,95.96,27.197,,172.29,23.687,,90.69,21.863,
13ss_ZN_homo_d2.60_cluster6,7,#c7c7c7,1,13ss_ZN_homo_d2.60_cluster6,18.4582,Cx2Cx17Cx2C-LLHH,59.72,0.9884,0.5359,0.1980,0.2340,28.760,/Users/stetef/Documents/SLAC/pdb-scraper/data/large-cys-his-datasets/4cys-large/output/xyz_files/13ss_ZN_homo_d2.60_cluster6.xyz,171.84,27.387,,-120.13,27.437,,94.28,31.000,,92.88,26.807,
13ss_ZN_homo_d2.60_cluster8,5,#c49c94,1,13ss_ZN_homo_d2.60_cluster8,17.6295,Cx2Cx17Cx2C-LLHH,61.01,0.9906,0.5437,0.1980,0.2340,26.970,/Users/stetef/Documents/SLAC/pdb-scraper/data/large-cys-his-datasets/4cys-large/output/xyz_files/13ss_ZN_homo_d2.60_cluster8.xyz,96.52,32.013,,173.08,24.890,,91.47,23.570,,-117.04,25.173,
13su_ZN_homo_d2.60_cluster2,1,#ff7f0e,1,13su_ZN_homo_d2.60_cluster2,18.8867,Cx2Cx17Cx2C-LLHH,59.49,0.9890,0.5386,0.1760,0.2010,21.090,/Users/stetef/Documents/SLAC/pdb-scraper/data/large-cys-his-datasets/4cys-large/output/xyz_files/13su_ZN_homo_d2.60_cluster2.xyz,-119.63,20.530,,92.10,19.063,,172.66,19.973,,92.84,21.990,
13su_ZN_homo_d2.60_cluster4,1,#ff7f0e,1,13su_ZN_homo_d2.60_cluster4,18.1003,Cx2Cx17Cx2C-LLHH,60.51,0.9915,0.5449,0.1760,0.2010,17.640,/Users/stetef/Documents/SLAC/pdb-scraper/data/large-cys-his-datasets/4cys-large/output/xyz_files/13su_ZN_homo_d2.60_cluster4.xyz,93.56,19.907,,-115.03,15.950,,172.96,16.653,,90.55,14.557,
13su_ZN_homo_d2.60_cluster6,1,#ff7f0e,1,13su_ZN_homo_d2.60_cluster6,18.6523,Cx2Cx17Cx2C-LLHH,58.93,0.9859,0.5341,0.1760,0.2010,18.730,/Users/stetef/Documents/SLAC/pdb-scraper/data/large-cys-his-datasets/4cys-large/output/xyz_files/13su_ZN_homo_d2.60_cluster6.xyz,-121.47,17.330,,172.08,17.213,,93.64,19.817,,91.48,17.257,
13su_ZN_homo_d2.60_cluster8,1,#ff7f0e,1,13su_ZN_homo_d2.60_cluster8,18.1772,Cx2Cx17Cx2C-LLHH,59.97,0.9917,0.5442,0.1760,0.2010,17.270,/Users/stetef/Documents/SLAC/pdb-scraper/data/large-cys-his-datasets/4cys-large/output/xyz_files/13su_ZN_homo_d2.60_cluster8.xyz,93.40,19.783,,-115.78,16.080,,172.44,17.387,,89.83,15.090,
13sv_ZN_homo_d2.60_cluster2,7,#c7c7c7,1,13sv_ZN_homo_d2.60_cluster2,18.4775,Cx2Cx17Cx2C-LLHH,60.06,0.9893,0.5390,0.1950,0.2330,25.500,/Users/stetef/Documents/SLAC/pdb-scraper/data/large-cys-his-datasets/4cys-large/output/xyz_files/13sv_ZN_homo_d2.60_cluster2.xyz,94.73,29.963,,92.56,22.643,,-120.12,25.600,,173.08,22.407,
13sv_ZN_homo_d2.60_cluster4,3,#d62728,1,13sv_ZN_homo_d2.60_cluster4,17.9742,Cx2Cx17Cx2C-LLHH,60.97,0.9888,0.5480,0.1950,0.2330,17.350,/Users/stetef/Documents/SLAC/pdb-scraper/data/large-cys-his-datasets/4cys-large/output/xyz_files/13sv_ZN_homo_d2.60_cluster4.xyz,95.71,19.720,,-115.81,15.137,,90.06,13.690,,173.94,16.433,
13sv_ZN_homo_d2.60_cluster6,7,#c7c7c7,1,13sv_ZN_homo_d2.60_cluster6,18.3593,Cx2Cx17Cx2C-LLHH,59.19,0.9861,0.5394,0.1950,0.2330,20.820,/Users/stetef/Documents/SLAC/pdb-scraper/data/large-cys-his-datasets/4cys-large/output/xyz_files/13sv_ZN_homo_d2.60_cluster6.xyz,-122.53,20.317,,92.20,18.187,,93.93,23.357,,173.16,20.080,
13sv_ZN_homo_d2.60_cluster8,5,#c49c94,1,13sv_ZN_homo_d2.60_cluster8,17.5944,Cx2Cx17Cx2C-LLHH,60.82,0.9920,0.5431,0.1950,0.2330,18.910,/Users/stetef/Documents/SLAC/pdb-scraper/data/large-cys-his-datasets/4cys-large/output/xyz_files/13sv_ZN_homo_d2.60_cluster8.xyz,95.52,23.437,,89.47,14.983,,-115.08,17.593,,173.38,18.057,
13sy_ZN_homo_d2.60_cluster2,6,#f7b6d2,1,13sy_ZN_homo_d2.60_cluster2,18.6642,Cx2Cx17Cx2C-LLHH,59.20,0.9894,0.5342,0.1840,0.2030,21.820,/Users/stetef/Documents/SLAC/pdb-scraper/data/large-cys-his-datasets/4cys-large/output/xyz_files/13sy_ZN_homo_d2.60_cluster2.xyz,93.36,19.180,,-121.31,20.643,,171.24,20.503,,93.52,24.867,
13sy_ZN_homo_d2.60_cluster4,1,#ff7f0e,1,13sy_ZN_homo_d2.60_cluster4,17.9281,Cx2Cx17Cx2C-LLHH,59.99,0.9909,0.5467,0.1840,0.2030,16.770,/Users/stetef/Documents/SLAC/pdb-scraper/data/large-cys-his-datasets/4cys-large/output/xyz_files/13sy_ZN_homo_d2.60_cluster4.xyz,94.08,19.217,,-115.88,15.563,,90.32,14.357,,171.43,16.787,
13sy_ZN_homo_d2.60_cluster6,9,#9edae5,1,13sy_ZN_homo_d2.60_cluster6,18.4862,Cx2Cx17Cx2C-LLHH,57.51,0.9855,0.5262,0.1840,0.2030,18.440,/Users/stetef/Documents/SLAC/pdb-scraper/data/large-cys-his-datasets/4cys-large/output/xyz_files/13sy_ZN_homo_d2.60_cluster6.xyz,170.87,17.253,,-122.71,17.547,,90.12,17.400,,91.75,20.440,
13sy_ZN_homo_d2.60_cluster8,5,#c49c94,1,13sy_ZN_homo_d2.60_cluster8,18.0083,Cx2Cx17Cx2C-LLHH,60.52,0.9922,0.5433,0.1840,0.2030,17.170,/Users/stetef/Documents/SLAC/pdb-scraper/data/large-cys-his-datasets/4cys-large/output/xyz_files/13sy_ZN_homo_d2.60_cluster8.xyz,95.35,20.047,,-114.47,15.657,,89.61,14.870,,171.59,17.177,
13ta_ZN_homo_d2.60_cluster2,7,#c7c7c7,1,13ta_ZN_homo_d2.60_cluster2,18.8667,Cx2Cx17Cx2C-LLHH,60.28,0.9891,0.5394,0.1920,0.2220,25.190,/Users/stetef/Documents/SLAC/pdb-scraper/data/large-cys-his-datasets/4cys-large/output/xyz_files/13ta_ZN_homo_d2.60_cluster2.xyz,93.51,22.617,,-119.89,25.020,,172.84,23.133,,94.65,27.417,
13ta_ZN_homo_d2.60_cluster4,6,#f7b6d2,1,13ta_ZN_homo_d2.60_cluster4,18.1891,Cx2Cx17Cx2C-LLHH,60.86,0.9929,0.5492,0.1920,0.2220,20.870,/Users/stetef/Documents/SLAC/pdb-scraper/data/large-cys-his-datasets/4cys-large/output/xyz_files/13ta_ZN_homo_d2.60_cluster4.xyz,96.01,24.663,,90.80,17.273,,-116.27,19.623,,172.89,19.507,
13ta_ZN_homo_d2.60_cluster6,1,#ff7f0e,1,13ta_ZN_homo_d2.60_cluster6,18.8140,Cx2Cx17Cx2C-LLHH,59.67,0.9882,0.5353,0.1920,0.2220,23.070,/Users/stetef/Documents/SLAC/pdb-scraper/data/large-cys-his-datasets/4cys-large/output/xyz_files/13ta_ZN_homo_d2.60_cluster6.xyz,-120.25,22.253,,172.58,20.353,,92.71,21.497,,93.65,24.873,
13ta_ZN_homo_d2.60_cluster8,7,#c7c7c7,1,13ta_ZN_homo_d2.60_cluster8,18.3113,Cx2Cx17Cx2C-LLHH,60.97,0.9923,0.5493,0.1920,0.2220,21.420,/Users/stetef/Documents/SLAC/pdb-scraper/data/large-cys-his-datasets/4cys-large/output/xyz_files/13ta_ZN_homo_d2.60_cluster8.xyz,96.72,22.957,,173.10,19.417,,90.90,18.030,,-116.87,20.023,
13tb_ZN_homo_d2.60_cluster2,1,#ff7f0e,1,13tb_ZN_homo_d2.60_cluster2,18.7986,Cx2Cx17Cx2C-LLHH,60.29,0.9884,0.5433,0.1890,0.2180,22.960,/Users/stetef/Documents/SLAC/pdb-scraper/data/large-cys-his-datasets/4cys-large/output/xyz_files/13tb_ZN_homo_d2.60_cluster2.xyz,92.91,25.537,,92.86,20.353,,-117.06,20.577,,172.45,22.790,
13tb_ZN_homo_d2.60_cluster4,7,#c7c7c7,1,13tb_ZN_homo_d2.60_cluster4,18.3781,Cx2Cx17Cx2C-LLHH,61.87,0.9897,0.5572,0.1890,0.2180,17.600,/Users/stetef/Documents/SLAC/pdb-scraper/data/large-cys-his-datasets/4cys-large/output/xyz_files/13tb_ZN_homo_d2.60_cluster4.xyz,96.68,20.407,,-113.15,16.590,,89.71,14.803,,174.24,15.700,
13tb_ZN_homo_d2.60_cluster6,1,#ff7f0e,1,13tb_ZN_homo_d2.60_cluster6,18.6419,Cx2Cx17Cx2C-LLHH,59.09,0.9868,0.5315,0.1890,0.2180,19.070,/Users/stetef/Documents/SLAC/pdb-scraper/data/large-cys-his-datasets/4cys-large/output/xyz_files/13tb_ZN_homo_d2.60_cluster6.xyz,92.35,21.957,,172.57,17.280,,92.27,17.147,,-120.84,17.537,
13tb_ZN_homo_d2.60_cluster8,5,#c49c94,1,13tb_ZN_homo_d2.60_cluster8,18.4246,Cx2Cx17Cx2C-LLHH,61.00,0.9914,0.5542,0.1890,0.2180,17.400,/Users/stetef/Documents/SLAC/pdb-scraper/data/large-cys-his-datasets/4cys-large/output/xyz_files/13tb_ZN_homo_d2.60_cluster8.xyz,96.09,19.260,,89.36,14.253,,-115.41,16.023,,173.99,17.577,
1a71_ZN_homo_d2.60_cluster2,8,#dbdb8d,1,1a71_ZN_homo_d2.60_cluster2,29.8679,Cx2Cx2Cx7C-LLHL,-4.55,0.9793,0.8105,0.1990,0.2880,22.450,/Users/stetef/Documents/SLAC/pdb-scraper/data/large-cys-his-datasets/4cys-large/output/xyz_files/1a71_ZN_homo_d2.60_cluster2.xyz,-59.62,15.187,,-108.44,19.670,,87.02,18.800,,62.82,19.657,
1a71_ZN_homo_d2.60_cluster4,3,#d62728,1,1a71_ZN_homo_d2.60_cluster4,30.5531,Cx2Cx2Cx7C-LLHL,-5.03,0.9758,0.8150,0.1990,0.2880,21.630,/Users/stetef/Documents/SLAC/pdb-scraper/data/large-cys-his-datasets/4cys-large/output/xyz_files/1a71_ZN_homo_d2.60_cluster4.xyz,-104.14,18.497,,59.95,23.747,,-62.97,19.347,,87.05,22.147,
1axe_ZN_homo_d2.60_cluster2,3,#d62728,1,1axe_ZN_homo_d2.60_cluster2,31.4733,Cx2Cx2Cx7C-LLLL,-2.43,0.9746,0.8030,0.2030,0.2690,22.260,/Users/stetef/Documents/SLAC/pdb-scraper/data/large-cys-his-datasets/4cys-large/output/xyz_files/1axe_ZN_homo_d2.60_cluster2.xyz,-65.11,14.547,,-105.84,20.080,,65.32,21.003,,95.92,19.273,
1bto_ZN_homo_d2.60_cluster2,3,#d62728,1,1bto_ZN_homo_d2.60_cluster2,28.1938,Cx2Cx2Cx7C-LLHL,-2.64,0.9812,0.8087,0.2120,0.2300,14.580,/Users/stetef/Documents/SLAC/pdb-scraper/data/large-cys-his-datasets/4cys-large/output/xyz_files/1bto_ZN_homo_d2.60_cluster2.xyz,-111.83,12.257,,-64.42,12.770,,71.37,15.370,,94.31,16.840,
1bto_ZN_homo_d2.60_cluster4,0,#1f77b4,1,1bto_ZN_homo_d2.60_cluster4,27.9838,Cx2Cx2Cx7C-LLHL,-1.97,0.9824,0.8015,0.2120,0.2300,15.060,/Users/stetef/Documents/SLAC/pdb-scraper/data/large-cys-his-datasets/4cys-large/output/xyz_files/1bto_ZN_homo_d2.60_cluster4.xyz,-107.77,12.620,,-63.83,13.270,,71.73,15.617,,91.98,16.893,
1bto_ZN_homo_d2.60_cluster6,1,#ff7f0e,1,1bto_ZN_homo_d2.60_cluster6,28.1593,Cx2Cx2Cx7C-LLHL,-4.80,0.9766,0.8214,0.2120,0.2300,15.300,/Users/stetef/Documents/SLAC/pdb-scraper/data/large-cys-his-datasets/4cys-large/output/xyz_files/1bto_ZN_homo_d2.60_cluster6.xyz,-109.32,12.337,,-70.04,12.877,,89.93,16.787,,70.23,15.407,
1bto_ZN_homo_d2.60_cluster8,7,#c7c7c7,1,1bto_ZN_homo_d2.60_cluster8,28.1015,Cx2Cx2Cx7C-LLHL,-0.71,0.9794,0.8139,0.2120,0.2300,15.470,/Users/stetef/Documents/SLAC/pdb-scraper/data/large-cys-his-datasets/4cys-large/output/xyz_files/1bto_ZN_homo_d2.60_cluster8.xyz,-102.25,12.357,,-63.00,13.340,,71.80,15.570,,90.60,17.400,
1d0c_ZN_homo_d2.60_cluster1,0,#1f77b4,1,1d0c_ZN_homo_d2.60_cluster1,19.3344,Cx4C-Cx4C-LL-LL,37.88,0.9851,0.2843,0.2130,0.2590,26.220,/Users/stetef/Documents/SLAC/pdb-scraper/data/large-cys-his-datasets/4cys-large/output/xyz_files/1d0c_ZN_homo_d2.60_cluster1.xyz,150.65,27.007,,-73.00,27.720,,-78.21,27.800,,152.08,34.050,
1d0o_ZN_homo_d2.60_cluster1,2,#2ca02c,1,1d0o_ZN_homo_d2.60_cluster1,20.5261,Cx4C-Cx4C-LL-LL,37.51,0.9924,0.2928,0.2000,0.2470,28.080,/Users/stetef/Documents/SLAC/pdb-scraper/data/large-cys-his-datasets/4cys-large/output/xyz_files/1d0o_ZN_homo_d2.60_cluster1.xyz,-85.30,31.627,,150.46,28.510,,153.70,31.270,,-68.84,29.423,
1d1v_ZN_homo_d2.60_cluster1,1,#ff7f0e,1,1d1v_ZN_homo_d2.60_cluster1,19.9920,Cx4C-Cx4C-LL-LL,42.04,0.9832,0.2931,0.1860,0.2190,21.970,/Users/stetef/Documents/SLAC/pdb-scraper/data/large-cys-his-datasets/4cys-large/output/xyz_files/1d1v_ZN_homo_d2.60_cluster1.xyz,-71.57,24.540,,151.43,26.410,,-67.76,24.317,,156.04,25.117,
1d1w_ZN_homo_d2.60_cluster1,3,#d62728,1,1d1w_ZN_homo_d2.60_cluster1,20.4361,Cx4C-Cx4C-LL-LL,43.43,0.9840,0.3116,0.2040,0.2500,34.830,/Users/stetef/Documents/SLAC/pdb-scraper/data/large-cys-his-datasets/4cys-large/output/xyz_files/1d1w_ZN_homo_d2.60_cluster1.xyz,152.68,37.737,,-68.07,37.383,,-67.46,32.393,,156.57,37.410,
1d1x_ZN_homo_d2.60_cluster1,5,#c49c94,1,1d1x_ZN_homo_d2.60_cluster1,21.0626,Cx4C-Cx4C-LL-LL,42.03,0.9860,0.3114,0.2200,0.2540,38.420,/Users/stetef/Documents/SLAC/pdb-scraper/data/large-cys-his-datasets/4cys-large/output/xyz_files/1d1x_ZN_homo_d2.60_cluster1.xyz,152.61,40.337,,-77.84,38.360,,-64.35,40.647,,157.69,41.717,
1dm6_ZN_homo_d2.60_cluster1,2,#2ca02c,1,1dm6_ZN_homo_d2.60_cluster1,19.7648,Cx4C-Cx4C-LL-LL,40.92,0.9862,0.3049,0.2200,0.2550,27.580,/Users/stetef/Documents/SLAC/pdb-scraper/data/large-cys-his-datasets/4cys-large/output/xyz_files/1dm6_ZN_homo_d2.60_cluster1.xyz,151.33,31.213,,-72.10,28.183,,-71.42,31.863,,155.87,32.380,
1dmi_ZN_homo_d2.60_cluster1,8,#dbdb8d,1,1dmi_ZN_homo_d2.60_cluster1,20.5895,Cx4C-Cx4C-LL-LL,40.03,0.9905,0.2961,0.2290,0.2640,69.130,/Users/stetef/Documents/SLAC/pdb-scraper/data/large-cys-his-datasets/4cys-large/output/xyz_files/1dmi_ZN_homo_d2.60_cluster1.xyz,-70.88,75.387,,-68.15,76.150,,147.42,79.207,,151.71,80.907,
1dmk_ZN_homo_d2.60_cluster1,3,#d62728,1,1dmk_ZN_homo_d2.60_cluster1,20.4240,Cx4C-Cx4C-LS-LL,42.07,0.9813,0.3089,0.2250,0.2640,37.960,/Users/stetef/Documents/SLAC/pdb-scraper/data/large-cys-his-datasets/4cys-large/output/xyz_files/1dmk_ZN_homo_d2.60_cluster1.xyz,154.55,41.820,,-74.55,40.187,,-67.80,42.337,,156.10,42.623,
1dsz_ZN_homo_d2.60_cluster1,3,#d62728,1,1dsz_ZN_homo_d2.60_cluster1,19.3577,Cx2Cx13Cx2C-LLHH,58.93,0.9909,0.4710,0.1980,0.2670,17.030,/Users/stetef/Documents/SLAC/pdb-scraper/data/large-cys-his-datasets/4cys-large/output/xyz_files/1dsz_ZN_homo_d2.60_cluster1.xyz,-119.04,15.157,,95.25,20.057,,172.44,16.627,,87.06,17.893,
1dsz_ZN_homo_d2.60_cluster2,8,#dbdb8d,1,1dsz_ZN_homo_d2.60_cluster2,32.4591,Cx5Cx9Cx2C-LLHH,-36.55,0.9918,0.6404,0.1980,0.2670,22.370,/Users/stetef/Documents/SLAC/pdb-scraper/data/large-cys-his-datasets/4cys-large/output/xyz_files/1dsz_ZN_homo_d2.60_cluster2.xyz,-94.60,26.243,,-118.04,25.990,,179.71,21.137,,-113.25,22.467,
1dsz_ZN_homo_d2.60_cluster3,3,#d62728,1,1dsz_ZN_homo_d2.60_cluster3,18.5665,Cx2Cx13Cx2C-LLHH,60.95,0.9915,0.4454,0.1980,0.2670,9.910,/Users/stetef/Documents/SLAC/pdb-scraper/data/large-cys-his-datasets/4cys-large/output/xyz_files/1dsz_ZN_homo_d2.60_cluster3.xyz,171.31,8.727,,89.52,9.253,,-108.76,9.147,,91.72,10.527,
1dsz_ZN_homo_d2.60_cluster4,0,#1f77b4,1,1dsz_ZN_homo_d2.60_cluster4,31.2308,Cx5Cx9Cx2C-LLHH,-34.72,0.9949,0.6256,0.1980,0.2670,15.240,/Users/stetef/Documents/SLAC/pdb-scraper/data/large-cys-his-datasets/4cys-large/output/xyz_files/1dsz_ZN_homo_d2.60_cluster4.xyz,-111.48,11.500,,-93.43,14.703,,-113.05,14.887,,179.08,13.183,
1dvp_ZN_homo_d2.60_cluster1,1,#ff7f0e,1,1dvp_ZN_homo_d2.60_cluster1,17.5512,Cx2Cx20Cx2C-LLLL,61.58,0.9831,0.5111,0.2150,0.2540,19.200,/Users/stetef/Documents/SLAC/pdb-scraper/data/large-cys-his-datasets/4cys-large/output/xyz_files/1dvp_ZN_homo_d2.60_cluster1.xyz,89.68,14.663,,-116.12,19.577,,94.87,19.303,,177.88,17.693,
1dvp_ZN_homo_d2.60_cluster2,5,#c49c94,1,1dvp_ZN_homo_d2.60_cluster2,13.9593,Cx2Cx26Cx2C-LLHH,58.32,0.9805,0.5083,0.2150,0.2540,20.280,/Users/stetef/Documents/SLAC/pdb-scraper/data/large-cys-his-datasets/4cys-large/output/xyz_files/1dvp_ZN_homo_d2.60_cluster2.xyz,177.43,16.833,,86.89,17.870,,-125.42,25.367,,94.36,21.197,
1e7l_ZN_homo_d2.60_cluster1,6,#f7b6d2,1,1e7l_ZN_homo_d2.60_cluster1,17.1287,Cx2Cx31Cx2C-LLHH,59.57,0.9890,0.5560,0.1450,0.1860,12.690,/Users/stetef/Documents/SLAC/pdb-scraper/data/large-cys-his-datasets/4cys-large/output/xyz_files/1e7l_ZN_homo_d2.60_cluster1.xyz,90.44,12.923,,-117.63,13.073,,172.46,11.867,,93.01,13.747,
1e7l_ZN_homo_d2.60_cluster2,7,#c7c7c7,1,1e7l_ZN_homo_d2.60_cluster2,16.5060,Cx2Cx31Cx2C-LLHH,58.90,0.9929,0.5340,0.1450,0.1860,28.070,/Users/stetef/Documents/SLAC/pdb-scraper/data/large-cys-his-datasets/4cys-large/output/xyz_files/1e7l_ZN_homo_d2.60_cluster2.xyz,-120.97,25.083,,94.43,27.470,,89.12,27.643,,173.01,25.620,
1ed4_ZN_homo_d2.60_cluster1,5,#c49c94,1,1ed4_ZN_homo_d2.60_cluster1,20.3290,Cx4C-Cx4C-LL-LL,38.66,0.9844,0.3081,0.2150,0.2350,29.000,/Users/stetef/Documents/SLAC/pdb-scraper/data/large-cys-his-datasets/4cys-large/output/xyz_files/1ed4_ZN_homo_d2.60_cluster1.xyz,-70.90,31.273,,151.89,32.937,,-79.44,29.830,,153.11,31.850,
1ed5_ZN_homo_d2.60_cluster1,9,#9edae5,1,1ed5_ZN_homo_d2.60_cluster1,20.3221,Cx4C-Cx4C-LL-LL,41.10,0.9907,0.2781,0.2060,0.2380,22.660,/Users/stetef/Documents/SLAC/pdb-scraper/data/large-cys-his-datasets/4cys-large/output/xyz_files/1ed5_ZN_homo_d2.60_cluster1.xyz,-68.26,29.123,,-76.77,29.120,,154.52,31.743,,154.90,31.470,
1ee2_ZN_homo_d2.60_cluster2,1,#ff7f0e,1,1ee2_ZN_homo_d2.60_cluster2,28.1938,Cx2Cx2Cx7C-LHHL,-5.65,0.9742,0.7916,0.1480,0.1830,12.340,/Users/stetef/Documents/SLAC/pdb-scraper/data/large-cys-his-datasets/4cys-large/output/xyz_files/1ee2_ZN_homo_d2.60_cluster2.xyz,90.48,13.337,,-65.56,9.903,,66.70,11.577,,-114.22,12.253,
1ee2_ZN_homo_d2.60_cluster4,7,#c7c7c7,1,1ee2_ZN_homo_d2.60_cluster4,28.3304,Cx2Cx2Cx7C-LHHL,-4.02,0.9810,0.7914,0.1480,0.1830,11.520,/Users/stetef/Documents/SLAC/pdb-scraper/data/large-cys-his-datasets/4cys-large/output/xyz_files/1ee2_ZN_homo_d2.60_cluster4.xyz,-64.93,9.797,,92.37,12.060,,68.94,12.040,,-112.47,10.667,
1ee8_ZN_homo_d2.60_cluster1,0,#1f77b4,1,1ee8_ZN_homo_d2.60_cluster1,14.8026,Cx2Cx16Cx2C-LLLL,-5.74,0.9839,0.4482,0.2140,0.2580,43.460,/Users/stetef/Documents/SLAC/pdb-scraper/data/large-cys-his-datasets/4cys-large/output/xyz_files/1ee8_ZN_homo_d2.60_cluster1.xyz,-109.27,32.410,,90.44,34.623,,-174.94,28.043,,170.83,30.477,
1ee8_ZN_homo_d2.60_cluster2,3,#d62728,1,1ee8_ZN_homo_d2.60_cluster2,15.7689,Cx2Cx16Cx2C-LLLL,-4.36,0.9888,0.4401,0.2140,0.2580,36.870,/Users/stetef/Documents/SLAC/pdb-scraper/data/large-cys-his-datasets/4cys-large/output/xyz_files/1ee8_ZN_homo_d2.60_cluster2.xyz,-177.95,22.123,,173.43,24.737,,-100.46,24.267,,87.55,30.320,
1f4l_ZN_homo_d2.60_cluster1,7,#c7c7c7,1,1f4l_ZN_homo_d2.60_cluster1,1.3260,Cx2Cx9Cx2C-LLLL,132.08,0.9947,0.4769,0.1820,0.2390,18.130,/Users/stetef/Documents/SLAC/pdb-scraper/data/large-cys-his-datasets/4cys-large/output/xyz_files/1f4l_ZN_homo_d2.60_cluster1.xyz,96.13,15.747,,88.26,15.213,,166.25,16.507,,177.69,17.500,
1foi_ZN_homo_d2.60_cluster1,3,#d62728,1,1foi_ZN_homo_d2.60_cluster1,19.9668,Cx4C-Cx4C-LL-LL,40.80,0.9638,0.3173,0.2220,0.2510,46.700,/Users/stetef/Documents/SLAC/pdb-scraper/data/large-cys-his-datasets/4cys-large/output/xyz_files/1foi_ZN_homo_d2.60_cluster1.xyz,-80.05,48.690,,-69.42,50.047,,156.89,49.720,,155.76,49.803,
1foo_ZN_homo_d2.60_cluster1,0,#1f77b4,1,1foo_ZN_homo_d2.60_cluster1,20.7116,Cx4C-Cx4C-LL-LL,40.68,0.9886,0.3063,0.2230,0.2530,40.760,/Users/stetef/Documents/SLAC/pdb-scraper/data/large-cys-his-datasets/4cys-large/output/xyz_files/1foo_ZN_homo_d2.60_cluster1.xyz,-75.85,43.163,,152.52,45.143,,-70.83,45.080,,156.91,46.697,
1h3n_ZN_homo_d2.60_cluster1,1,#ff7f0e,1,1h3n_ZN_homo_d2.60_cluster1,14.9962,Cx2Cx41Cx2C-SLLL,-2.67,0.9980,0.4533,0.2050,0.2310,42.410,/Users/stetef/Documents/SLAC/pdb-scraper/data/large-cys-his-datasets/4cys-large/output/xyz_files/1h3n_ZN_homo_d2.60_cluster1.xyz,-171.65,38.310,,94.42,46.247,,174.18,38.357,,-107.62,38.837,
1het_ZN_homo_d2.60_cluster2,9,#9edae5,1,1het_ZN_homo_d2.60_cluster2,29.6473,Cx2Cx2Cx7C-LLLL,-4.11,0.9766,0.7973,0.1230,0.1350,7.810,/Users/stetef/Documents/SLAC/pdb-scraper/data/large-cys-his-datasets/4cys-large/output/xyz_files/1het_ZN_homo_d2.60_cluster2.xyz,66.73,11.450,,92.50,11.957,,-64.28,9.053,,-111.38,10.653,
1het_ZN_homo_d2.60_cluster4,1,#ff7f0e,1,1het_ZN_homo_d2.60_cluster4,29.7010,Cx2Cx2Cx7C-LLLL,-4.07,0.9796,0.7966,0.1230,0.1350,12.500,/Users/stetef/Documents/SLAC/pdb-scraper/data/large-cys-his-datasets/4cys-large/output/xyz_files/1het_ZN_homo_d2.60_cluster4.xyz,91.84,16.167,,-108.45,13.273,,-66.44,12.300,,66.77,17.313,
1ht0_ZN_homo_d2.60_cluster1,5,#c49c94,1,1ht0_ZN_homo_d2.60_cluster1,28.1067,Cx2Cx2Cx7C-LHHL,-5.57,0.9843,0.7958,0.1930,0.2310,23.780,/Users/stetef/Documents/SLAC/pdb-scraper/data/large-cys-his-datasets/4cys-large/output/xyz_files/1ht0_ZN_homo_d2.60_cluster1.xyz,-112.11,20.200,,-74.02,18.920,,71.35,21.430,,92.50,19.690,
1ht0_ZN_homo_d2.60_cluster3,6,#f7b6d2,1,1ht0_ZN_homo_d2.60_cluster3,28.8555,Cx2Cx2Cx7C-LHHL,-7.26,0.9888,0.7960,0.1930,0.2310,22.650,/Users/stetef/Documents/SLAC/pdb-scraper/data/large-cys-his-datasets/4cys-large/output/xyz_files/1ht0_ZN_homo_d2.60_cluster3.xyz,-106.08,20.897,,63.49,21.233,,-78.13,16.890,,91.68,20.503,
1hxr_ZN_homo_d2.60_cluster1,2,#2ca02c,1,1hxr_ZN_homo_d2.60_cluster1,5.2501,Cx2Cx67Cx2C-SLLL,132.22,0.9791,0.4753,0.2140,0.2560,13.490,/Users/stetef/Documents/SLAC/pdb-scraper/data/large-cys-his-datasets/4cys-large/output/xyz_files/1hxr_ZN_homo_d2.60_cluster1.xyz,90.81,12.513,,87.67,12.350,,177.44,9.583,,172.96,9.850,
1hxr_ZN_homo_d2.60_cluster2,8,#dbdb8d,1,1hxr_ZN_homo_d2.60_cluster2,6.7929,Cx2Cx67Cx2C-SLLL,130.68,0.9765,0.4812,0.2140,0.2560,12.210,/Users/stetef/Documents/SLAC/pdb-scraper/data/large-cys-his-datasets/4cys-large/output/xyz_files/1hxr_ZN_homo_d2.60_cluster2.xyz,87.81,10.883,,85.15,8.427,,177.41,11.623,,172.37,10.323,
1i83_ZN_homo_d2.60_cluster1,0,#1f77b4,1,1i83_ZN_homo_d2.60_cluster1,19.9258,Cx4C-Cx4C-LL-LL,41.42,0.9855,0.2962,0.2130,0.2480,36.680,/Users/stetef/Documents/SLAC/pdb-scraper/data/large-cys-his-datasets/4cys-large/output/xyz_files/1i83_ZN_homo_d2.60_cluster1.xyz,-75.29,37.930,,152.65,40.117,,-69.17,39.563,,157.50,40.460,
1irn_ZN_homo_d2.60_cluster1,5,#c49c94,1,1irn_ZN_homo_d2.60_cluster1,6.8418,Cx2Cx29Cx2C-SLLL,133.82,0.9915,0.4725,0.1070,,9.990,/Users/stetef/Documents/SLAC/pdb-scraper/data/large-cys-his-datasets/4cys-large/output/xyz_files/1irn_ZN_homo_d2.60_cluster1.xyz,88.82,11.907,,94.04,10.027,,173.47,8.070,,178.96,8.983,
1j8f_ZN_homo_d2.60_cluster1,8,#dbdb8d,1,1j8f_ZN_homo_d2.60_cluster1,15.7570,Cx4Cx20Cx2C-SLLL,-21.70,0.9697,0.5107,0.2350,0.2600,27.340,/Users/stetef/Documents/SLAC/pdb-scraper/data/large-cys-his-datasets/4cys-large/output/xyz_files/1j8f_ZN_homo_d2.60_cluster1.xyz,88.18,29.087,,-175.80,26.930,,-159.20,20.900,,160.01,30.320,
1j8f_ZN_homo_d2.60_cluster2,8,#dbdb8d,1,1j8f_ZN_homo_d2.60_cluster2,14.9219,Cx4Cx20Cx2C-SLLL,-22.73,0.9662,0.5082,0.2350,0.2600,33.360,/Users/stetef/Documents/SLAC/pdb-scraper/data/large-cys-his-datasets/4cys-large/output/xyz_files/1j8f_ZN_homo_d2.60_cluster2.xyz,-173.12,33.173,,95.91,38.063,,-162.98,29.290,,149.29,34.837,
1j8f_ZN_homo_d2.60_cluster3,8,#dbdb8d,1,1j8f_ZN_homo_d2.60_cluster3,16.1723,Cx4Cx20Cx2C-SLLL,15.45,0.6968,0.5056,0.2350,0.2600,14.120,/Users/stetef/Documents/SLAC/pdb-scraper/data/large-cys-his-datasets/4cys-large/output/xyz_files/1j8f_ZN_homo_d2.60_cluster3.xyz,-118.22,24.797,,165.31,18.360,,176.85,16.423,,-162.15,15.423,
1ju9_ZN_homo_d2.60_cluster2,2,#2ca02c,1,1ju9_ZN_homo_d2.60_cluster2,28.8819,Cx2Cx2Cx7C-LHHL,-4.28,0.9759,0.8260,0.1970,0.2320,25.670,/Users/stetef/Documents/SLAC/pdb-scraper/data/large-cys-his-datasets/4cys-large/output/xyz_files/1ju9_ZN_homo_d2.60_cluster2.xyz,-109.07,23.633,,92.23,28.500,,-73.42,23.263,,73.14,25.930,
1ju9_ZN_homo_d2.60_cluster4,2,#2ca02c,1,1ju9_ZN_homo_d2.60_cluster4,28.7408,Cx2Cx2Cx7C-LLLL,-5.92,0.9716,0.8207,0.1970,0.2320,25.620,/Users/stetef/Documents/SLAC/pdb-scraper/data/large-cys-his-datasets/4cys-large/output/xyz_files/1ju9_ZN_homo_d2.60_cluster4.xyz,-110.81,23.783,,93.47,26.547,,67.92,26.267,,-74.28,22.640,
1jw9_ZN_homo_d2.60_cluster1,5,#c49c94,1,1jw9_ZN_homo_d2.60_cluster1,6.2805,Cx2Cx68Cx2C-HHLL,68.17,0.9489,0.4714,0.1760,0.2090,28.930,/Users/stetef/Documents/SLAC/pdb-scraper/data/large-cys-his-datasets/4cys-large/output/xyz_files/1jw9_ZN_homo_d2.60_cluster1.xyz,83.60,28.103,,72.49,21.940,,158.84,36.707,,-42.24,25.693,
1k3w_ZN_homo_d2.60_cluster1,3,#d62728,1,1k3w_ZN_homo_d2.60_cluster1,12.7696,Cx2Cx16Cx2C-LLLL,128.30,0.9651,0.5116,0.1650,0.2030,15.670,/Users/stetef/Documents/SLAC/pdb-scraper/data/large-cys-his-datasets/4cys-large/output/xyz_files/1k3w_ZN_homo_d2.60_cluster1.xyz,83.05,16.530,,92.66,14.860,,162.80,16.387,,174.70,17.697,
1k3x_ZN_homo_d2.60_cluster1,2,#2ca02c,1,1k3x_ZN_homo_d2.60_cluster1,12.4071,Cx2Cx16Cx2C-LLLL,128.55,0.9619,0.5128,0.1490,0.1810,12.780,/Users/stetef/Documents/SLAC/pdb-scraper/data/large-cys-his-datasets/4cys-large/output/xyz_files/1k3x_ZN_homo_d2.60_cluster1.xyz,94.27,11.853,,83.86,13.620,,161.24,12.787,,174.83,13.900,
1kjz_ZN_homo_d2.60_cluster1,3,#d62728,1,1kjz_ZN_homo_d2.60_cluster1,10.8208,Cx2Cx8Cx2C-LLLL,43.13,0.9552,0.4721,0.2250,0.2550,34.200,/Users/stetef/Documents/SLAC/pdb-scraper/data/large-cys-his-datasets/4cys-large/output/xyz_files/1kjz_ZN_homo_d2.60_cluster1.xyz,-178.91,36.570,,83.99,39.343,,90.96,35.060,,176.49,32.203,
1kk0_ZN_homo_d2.60_cluster1,2,#2ca02c,1,1kk0_ZN_homo_d2.60_cluster1,11.2992,Cx2Cx8Cx2C-LLLL,131.52,0.9538,0.4780,0.2190,0.2450,30.800,/Users/stetef/Documents/SLAC/pdb-scraper/data/large-cys-his-datasets/4cys-large/output/xyz_files/1kk0_ZN_homo_d2.60_cluster1.xyz,84.12,32.627,,174.64,34.940,,89.51,32.800,,177.82,28.980,
1kk1_ZN_homo_d2.60_cluster1,2,#2ca02c,1,1kk1_ZN_homo_d2.60_cluster1,12.3278,Cx2Cx8Cx2C-LLLL,131.02,0.9504,0.4857,0.2190,0.2450,29.210,/Users/stetef/Documents/SLAC/pdb-scraper/data/large-cys-his-datasets/4cys-large/output/xyz_files/1kk1_ZN_homo_d2.60_cluster1.xyz,82.70,34.303,,89.20,31.143,,175.81,30.960,,176.38,25.703,
1kk3_ZN_homo_d2.60_cluster1,2,#2ca02c,1,1kk3_ZN_homo_d2.60_cluster1,11.8654,Cx2Cx8Cx2C-LLLL,44.01,0.9444,0.4706,0.2150,0.2300,28.170,/Users/stetef/Documents/SLAC/pdb-scraper/data/large-cys-his-datasets/4cys-large/output/xyz_files/1kk3_ZN_homo_d2.60_cluster1.xyz,85.14,33.467,,178.68,30.640,,-179.19,26.503,,91.40,31.763,
1kol_ZN_homo_d2.60_cluster2,0,#1f77b4,1,1kol_ZN_homo_d2.60_cluster2,29.1166,Cx2Cx2Cx7C-LHHH,-7.25,0.9687,0.8211,0.1710,0.2060,11.610,/Users/stetef/Documents/SLAC/pdb-scraper/data/large-cys-his-datasets/4cys-large/output/xyz_files/1kol_ZN_homo_d2.60_cluster2.xyz,-115.96,9.703,,-68.95,10.180,,96.30,9.263,,59.62,9.960,
1kol_ZN_homo_d2.60_cluster4,9,#9edae5,1,1kol_ZN_homo_d2.60_cluster4,29.1693,Cx2Cx2Cx7C-LHHH,-7.62,0.9689,0.8209,0.1710,0.2060,11.220,/Users/stetef/Documents/SLAC/pdb-scraper/data/large-cys-his-datasets/4cys-large/output/xyz_files/1kol_ZN_homo_d2.60_cluster4.xyz,93.44,8.850,,56.35,9.943,,-113.71,9.370,,-66.56,9.657,
1kwg_ZN_homo_d2.60_cluster1,7,#c7c7c7,1,1kwg_ZN_homo_d2.60_cluster1,31.4631,Cx43Cx1Cx2C-LLHH,0.43,0.9699,0.6893,0.1670,0.1840,16.060,/Users/stetef/Documents/SLAC/pdb-scraper/data/large-cys-his-datasets/4cys-large/output/xyz_files/1kwg_ZN_homo_d2.60_cluster1.xyz,88.06,14.850,,124.98,13.503,,-117.24,13.240,,-94.07,14.803,
1l1t_ZN_homo_d2.60_cluster1,1,#ff7f0e,1,1l1t_ZN_homo_d2.60_cluster1,15.8882,Cx2Cx16Cx2C-LLLL,-1.16,0.9836,0.4322,0.2140,0.2380,19.110,/Users/stetef/Documents/SLAC/pdb-scraper/data/large-cys-his-datasets/4cys-large/output/xyz_files/1l1t_ZN_homo_d2.60_cluster1.xyz,89.86,19.233,,-94.29,20.770,,-178.07,17.863,,177.84,18.707,
1l2d_ZN_homo_d2.60_cluster1,6,#f7b6d2,1,1l2d_ZN_homo_d2.60_cluster1,15.9622,Cx2Cx16Cx2C-LLLL,89.07,0.9723,0.4345,0.2170,0.2510,22.050,/Users/stetef/Documents/SLAC/pdb-scraper/data/large-cys-his-datasets/4cys-large/output/xyz_files/1l2d_ZN_homo_d2.60_cluster1.xyz,-94.15,22.773,,92.94,20.343,,177.52,21.607,,179.97,21.807,
1lat_ZN_homo_d2.60_cluster1,9,#9edae5,1,1lat_ZN_homo_d2.60_cluster1,20.6723,Cx2Cx13Cx2C-LLLH,57.84,0.9947,0.4780,0.1950,0.2810,34.130,/Users/stetef/Documents/SLAC/pdb-scraper/data/large-cys-his-datasets/4cys-large/output/xyz_files/1lat_ZN_homo_d2.60_cluster1.xyz,-117.79,30.417,,91.51,32.783,,85.68,31.710,,171.95,33.340,
1lat_ZN_homo_d2.60_cluster2,5,#c49c94,1,1lat_ZN_homo_d2.60_cluster2,32.6652,Cx5Cx9Cx2C-LLLH,-43.06,0.9860,0.6481,0.1950,0.2810,50.810,/Users/stetef/Documents/SLAC/pdb-scraper/data/large-cys-his-datasets/4cys-large/output/xyz_files/1lat_ZN_homo_d2.60_cluster2.xyz,-126.80,49.270,,-115.94,59.547,,-106.15,48.340,,176.67,44.807,
1lat_ZN_homo_d2.60_cluster3,6,#f7b6d2,1,1lat_ZN_homo_d2.60_cluster3,18.8038,Cx2Cx13Cx2C-LLLH,60.42,0.9761,0.4721,0.1950,0.2810,33.350,/Users/stetef/Documents/SLAC/pdb-scraper/data/large-cys-his-datasets/4cys-large/output/xyz_files/1lat_ZN_homo_d2.60_cluster3.xyz,90.03,31.180,,90.42,33.567,,-114.66,29.380,,175.89,37.337,
1lat_ZN_homo_d2.60_cluster4,3,#d62728,1,1lat_ZN_homo_d2.60_cluster4,33.4517,Cx5Cx9Cx2C-LLLH,-32.55,0.9900,0.6855,0.1950,0.2810,34.660,/Users/stetef/Documents/SLAC/pdb-scraper/data/large-cys-his-datasets/4cys-large/output/xyz_files/1lat_ZN_homo_d2.60_cluster4.xyz,173.56,33.767,,-106.08,36.933,,-104.19,30.860,,-93.48,39.160,
1lzx_ZN_homo_d2.60_cluster1,2,#2ca02c,1,1lzx_ZN_homo_d2.60_cluster1,20.7102,Cx4C-Cx4C-LL-LL,42.10,0.9635,0.3284,0.2260,0.2560,50.030,/Users/stetef/Documents/SLAC/pdb-scraper/data/large-cys-his-datasets/4cys-large/output/xyz_files/1lzx_ZN_homo_d2.60_cluster1.xyz,154.80,58.770,,149.66,57.777,,-66.31,53.607,,-69.74,52.880,
1m2g_ZN_homo_d2.60_cluster1,8,#dbdb8d,1,1m2g_ZN_homo_d2.60_cluster1,9.0425,Cx2Cx17Cx2C-SLLL,40.76,0.9995,0.4845,0.1890,0.2200,47.930,/Users/stetef/Documents/SLAC/pdb-scraper/data/large-cys-his-datasets/4cys-large/output/xyz_files/1m2g_ZN_homo_d2.60_cluster1.xyz,-166.45,35.563,,169.02,44.777,,84.88,48.070,,75.61,44.990,
1m2h_ZN_homo_d2.60_cluster1,8,#dbdb8d,1,1m2h_ZN_homo_d2.60_cluster1,9.5964,Cx2Cx17Cx2C-SLLL,42.82,0.9955,0.4613,0.1870,0.2150,27.380,/Users/stetef/Documents/SLAC/pdb-scraper/data/large-cys-his-datasets/4cys-large/output/xyz_files/1m2h_ZN_homo_d2.60_cluster1.xyz,-160.47,20.820,,74.37,28.723,,177.49,24.473,,79.89,27.313,
1m2j_ZN_homo_d2.60_cluster1,8,#dbdb8d,1,1m2j_ZN_homo_d2.60_cluster1,9.3298,Cx2Cx17Cx2C-SLLL,42.05,0.9954,0.4655,0.1820,0.2180,26.710,/Users/stetef/Documents/SLAC/pdb-scraper/data/large-cys-his-datasets/4cys-large/output/xyz_files/1m2j_ZN_homo_d2.60_cluster1.xyz,-163.14,21.030,,76.48,29.013,,177.33,24.747,,77.52,27.337,
1m2k_ZN_homo_d2.60_cluster1,3,#d62728,1,1m2k_ZN_homo_d2.60_cluster1,6.1553,Cx2Cx17Cx2C-SLLL,41.57,0.9992,0.4614,0.2050,0.2310,42.190,/Users/stetef/Documents/SLAC/pdb-scraper/data/large-cys-his-datasets/4cys-large/output/xyz_files/1m2k_ZN_homo_d2.60_cluster1.xyz,-161.36,33.657,,90.22,42.360,,166.26,40.060,,71.17,44.713,
1m6h_ZN_homo_d2.60_cluster1,8,#dbdb8d,1,1m6h_ZN_homo_d2.60_cluster1,27.9053,Cx2Cx2Cx7C-LHHL,-6.33,0.9773,0.7928,0.1850,0.2180,20.040,/Users/stetef/Documents/SLAC/pdb-scraper/data/large-cys-his-datasets/4cys-large/output/xyz_files/1m6h_ZN_homo_d2.60_cluster1.xyz,66.39,19.680,,-74.89,20.887,,-109.74,21.250,,92.95,22.237,
1m6h_ZN_homo_d2.60_cluster3,3,#d62728,1,1m6h_ZN_homo_d2.60_cluster3,27.2530,Cx2Cx2Cx7C-LLLL,-6.16,0.9809,0.7934,0.1850,0.2180,17.240,/Users/stetef/Documents/SLAC/pdb-scraper/data/large-cys-his-datasets/4cys-large/output/xyz_files/1m6h_ZN_homo_d2.60_cluster3.xyz,89.41,17.817,,-108.51,16.443,,67.50,16.983,,-73.05,16.187,
1m9m_ZN_homo_d2.60_cluster1,2,#2ca02c,1,1m9m_ZN_homo_d2.60_cluster1,19.6374,Cx4C-Cx4C-LL-LL,38.95,0.9873,0.2954,0.1930,0.2230,33.140,/Users/stetef/Documents/SLAC/pdb-scraper/data/large-cys-his-datasets/4cys-large/output/xyz_files/1m9m_ZN_homo_d2.60_cluster1.xyz,152.36,38.110,,-75.01,35.110,,150.43,36.753,,-72.00,34.843,
1ma3_ZN_homo_d2.60_cluster1,5,#c49c94,1,1ma3_ZN_homo_d2.60_cluster1,7.7033,Cx2Cx20Cx2C-SLLL,134.26,0.9762,0.4769,0.2090,0.2540,18.000,/Users/stetef/Documents/SLAC/pdb-scraper/data/large-cys-his-datasets/4cys-large/output/xyz_files/1ma3_ZN_homo_d2.60_cluster1.xyz,90.18,17.230,,176.29,15.057,,93.07,18.020,,177.50,18.457,
1mg0_ZN_homo_d2.60_cluster2,3,#d62728,1,1mg0_ZN_homo_d2.60_cluster2,28.5532,Cx2Cx2Cx7C-LHHL,-4.75,0.9770,0.7990,0.1800,0.2140,17.230,/Users/stetef/Documents/SLAC/pdb-scraper/data/large-cys-his-datasets/4cys-large/output/xyz_files/1mg0_ZN_homo_d2.60_cluster2.xyz,-109.23,15.633,,91.73,17.550,,-71.10,13.993,,69.58,16.900,
1mg0_ZN_homo_d2.60_cluster4,5,#c49c94,1,1mg0_ZN_homo_d2.60_cluster4,28.6484,Cx2Cx2Cx7C-LHHL,-3.02,0.9719,0.8180,0.1800,0.2140,21.040,/Users/stetef/Documents/SLAC/pdb-scraper/data/large-cys-his-datasets/4cys-large/output/xyz_files/1mg0_ZN_homo_d2.60_cluster4.xyz,93.04,22.020,,-64.53,15.907,,-111.31,18.513,,70.72,21.133,
1mg0_ZN_homo_d2.60_cluster6,1,#ff7f0e,1,1mg0_ZN_homo_d2.60_cluster6,28.3912,Cx2Cx2Cx7C-LHHL,-6.42,0.9700,0.8061,0.1800,0.2140,18.070,/Users/stetef/Documents/SLAC/pdb-scraper/data/large-cys-his-datasets/4cys-large/output/xyz_files/1mg0_ZN_homo_d2.60_cluster6.xyz,-112.93,16.417,,91.38,18.250,,-70.23,14.553,,66.09,17.077,
1mg0_ZN_homo_d2.60_cluster8,7,#c7c7c7,1,1mg0_ZN_homo_d2.60_cluster8,28.9013,Cx2Cx2Cx7C-LHHL,-6.51,0.9773,0.8152,0.1800,0.2140,18.390,/Users/stetef/Documents/SLAC/pdb-scraper/data/large-cys-his-datasets/4cys-large/output/xyz_files/1mg0_ZN_homo_d2.60_cluster8.xyz,-112.81,17.367,,89.69,20.140,,70.11,17.690,,-73.01,15.770,
1mgo_ZN_homo_d2.60_cluster2,3,#d62728,1,1mgo_ZN_homo_d2.60_cluster2,29.1580,Cx2Cx2Cx7C-LHHL,-5.26,0.9735,0.8102,0.1880,0.2090,18.110,/Users/stetef/Documents/SLAC/pdb-scraper/data/large-cys-his-datasets/4cys-large/output/xyz_files/1mgo_ZN_homo_d2.60_cluster2.xyz,61.81,18.523,,-110.73,16.543,,93.16,18.433,,-65.28,16.300,
1mgo_ZN_homo_d2.60_cluster4,1,#ff7f0e,1,1mgo_ZN_homo_d2.60_cluster4,28.9175,Cx2Cx2Cx7C-LHHL,-5.09,0.9774,0.8126,0.1880,0.2090,15.290,/Users/stetef/Documents/SLAC/pdb-scraper/data/large-cys-his-datasets/4cys-large/output/xyz_files/1mgo_ZN_homo_d2.60_cluster4.xyz,-113.34,15.137,,68.77,15.170,,94.57,16.857,,-70.34,13.973,
1ml9_ZN_homo_d2.60_cluster1,0,#1f77b4,1,1ml9_ZN_homo_d2.60_cluster1,6.6487,Cx14Cx46Cx3C-LHLL,38.05,0.9756,0.5143,0.2050,0.2580,37.610,/Users/stetef/Documents/SLAC/pdb-scraper/data/large-cys-his-datasets/4cys-large/output/xyz_files/1ml9_ZN_homo_d2.60_cluster1.xyz,130.76,40.127,,-139.21,42.283,,97.40,42.280,,63.24,37.210,
1ml9_ZN_homo_d2.60_cluster2,0,#1f77b4,1,1ml9_ZN_homo_d2.60_cluster2,46.2502,Cx53Cx5Cx3C-HLLL,-0.73,0.9918,0.8815,0.2050,0.2580,42.900,/Users/stetef/Documents/SLAC/pdb-scraper/data/large-cys-his-datasets/4cys-large/output/xyz_files/1ml9_ZN_homo_d2.60_cluster2.xyz,164.34,43.610,,164.65,48.393,,-179.43,37.210,,-152.47,42.577,
1ml9_ZN_homo_d2.60_cluster3,5,#c49c94,1,1ml9_ZN_homo_d2.60_cluster3,21.4465,Cx1Cx5Cx4C-LLHH,-79.36,0.9709,0.5969,0.2050,0.2580,45.280,/Users/stetef/Documents/SLAC/pdb-scraper/data/large-cys-his-datasets/4cys-large/output/xyz_files/1ml9_ZN_homo_d2.60_cluster3.xyz,-82.47,48.193,,-155.12,42.280,,-127.42,50.190,,47.57,48.393,
1mmv_ZN_homo_d2.60_cluster1,2,#2ca02c,1,1mmv_ZN_homo_d2.60_cluster1,20.3196,Cx4C-Cx4C-LL-LL,41.98,0.9645,0.3259,0.2250,0.2560,34.670,/Users/stetef/Documents/SLAC/pdb-scraper/data/large-cys-his-datasets/4cys-large/output/xyz_files/1mmv_ZN_homo_d2.60_cluster1.xyz,150.88,47.473,,154.21,44.077,,-66.28,41.120,,-70.89,39.197,
1mmw_ZN_homo_d2.60_cluster1,2,#2ca02c,1,1mmw_ZN_homo_d2.60_cluster1,19.9579,Cx4C-Cx4C-LL-LL,42.28,0.9616,0.3211,0.2310,0.2660,55.940,/Users/stetef/Documents/SLAC/pdb-scraper/data/large-cys-his-datasets/4cys-large/output/xyz_files/1mmw_ZN_homo_d2.60_cluster1.xyz,-71.33,58.983,,157.89,62.957,,148.71,61.060,,-66.13,58.253,
1n8k_ZN_homo_d2.60_cluster2,5,#c49c94,1,1n8k_ZN_homo_d2.60_cluster2,29.0582,Cx2Cx2Cx7C-LHHL,-4.37,0.9794,0.8039,0.1450,0.1670,13.070,/Users/stetef/Documents/SLAC/pdb-scraper/data/large-cys-his-datasets/4cys-large/output/xyz_files/1n8k_ZN_homo_d2.60_cluster2.xyz,-67.34,12.170,,91.84,14.143,,68.41,15.383,,-110.38,12.830,
1n8k_ZN_homo_d2.60_cluster4,5,#c49c94,1,1n8k_ZN_homo_d2.60_cluster4,28.8873,Cx2Cx2Cx7C-LHHL,-4.26,0.9778,0.8019,0.1450,0.1670,15.780,/Users/stetef/Documents/SLAC/pdb-scraper/data/large-cys-his-datasets/4cys-large/output/xyz_files/1n8k_ZN_homo_d2.60_cluster4.xyz,-66.25,14.223,,93.22,17.653,,66.64,17.810,,-110.66,15.140,
1n92_ZN_homo_d2.60_cluster2,0,#1f77b4,1,1n92_ZN_homo_d2.60_cluster2,28.5629,Cx2Cx2Cx7C-LHHL,-5.08,0.9731,0.8017,0.1510,0.1830,20.070,/Users/stetef/Documents/SLAC/pdb-scraper/data/large-cys-his-datasets/4cys-large/output/xyz_files/1n92_ZN_homo_d2.60_cluster2.xyz,94.11,19.987,,62.48,19.693,,-67.65,17.177,,-109.27,17.157,
1n92_ZN_homo_d2.60_cluster4,5,#c49c94,1,1n92_ZN_homo_d2.60_cluster4,28.8849,Cx2Cx2Cx7C-LHHL,-4.93,0.9819,0.8027,0.1510,0.1830,16.710,/Users/stetef/Documents/SLAC/pdb-scraper/data/large-cys-his-datasets/4cys-large/output/xyz_files/1n92_ZN_homo_d2.60_cluster4.xyz,91.39,16.790,,-106.94,15.373,,-70.59,14.930,,66.43,16.343,
1nnj_ZN_homo_d2.60_cluster1,1,#ff7f0e,1,1nnj_ZN_homo_d2.60_cluster1,16.5650,Cx2Cx16Cx2C-LLLL,86.65,0.9695,0.4779,0.2150,0.2360,29.380,/Users/stetef/Documents/SLAC/pdb-scraper/data/large-cys-his-datasets/4cys-large/output/xyz_files/1nnj_ZN_homo_d2.60_cluster1.xyz,178.07,26.650,,170.89,31.827,,-94.98,29.843,,92.61,33.907,
1nse_ZN_homo_d2.60_cluster1,7,#c7c7c7,1,1nse_ZN_homo_d2.60_cluster1,19.6863,Cx4C-Cx4C-LL-LL,38.85,0.9815,0.3021,0.2060,5.0000,22.040,/Users/stetef/Documents/SLAC/pdb-scraper/data/large-cys-his-datasets/4cys-large/output/xyz_files/1nse_ZN_homo_d2.60_cluster1.xyz,155.45,27.233,,-74.57,20.180,,153.19,23.857,,-78.65,22.197,
1om4_ZN_homo_d2.60_cluster1,5,#c49c94,1,1om4_ZN_homo_d2.60_cluster1,20.7723,Cx4C-Cx4C-LL-LL,43.11,0.9722,0.3273,0.2200,0.2450,25.050,/Users/stetef/Documents/SLAC/pdb-scraper/data/large-cys-his-datasets/4cys-large/output/xyz_files/1om4_ZN_homo_d2.60_cluster1.xyz,149.10,34.037,,-65.25,27.883,,152.56,32.987,,-63.98,26.907,
1oyw_ZN_homo_d2.60_cluster1,7,#c7c7c7,1,1oyw_ZN_homo_d2.60_cluster1,28.7062,Cx16Cx2Cx2C-HLHH,-8.66,0.9694,0.8054,0.2130,0.2450,10.000,/Users/stetef/Documents/SLAC/pdb-scraper/data/large-cys-his-datasets/4cys-large/output/xyz_files/1oyw_ZN_homo_d2.60_cluster1.xyz,92.26,7.403,,56.43,11.653,,-116.89,10.553,,-66.43,7.750,
1p0f_ZN_homo_d2.60_cluster2,5,#c49c94,1,1p0f_ZN_homo_d2.60_cluster2,28.4303,Cx2Cx2Cx7C-LHHL,-5.60,0.9744,0.7982,0.1960,0.2190,17.660,/Users/stetef/Documents/SLAC/pdb-scraper/data/large-cys-his-datasets/4cys-large/output/xyz_files/1p0f_ZN_homo_d2.60_cluster2.xyz,92.17,16.577,,65.87,18.307,,-116.25,17.920,,-64.18,16.957,
1p0f_ZN_homo_d2.60_cluster4,7,#c7c7c7,1,1p0f_ZN_homo_d2.60_cluster4,28.1192,Cx2Cx2Cx7C-LHHL,-5.89,0.9844,0.7930,0.1960,0.2190,21.750,/Users/stetef/Documents/SLAC/pdb-scraper/data/large-cys-his-datasets/4cys-large/output/xyz_files/1p0f_ZN_homo_d2.60_cluster4.xyz,94.15,22.567,,-115.36,23.770,,-69.25,19.603,,66.88,22.003,
1p1r_ZN_homo_d2.60_cluster2,7,#c7c7c7,1,1p1r_ZN_homo_d2.60_cluster2,28.4323,Cx2Cx2Cx7C-LHHL,-4.25,0.9802,0.8002,0.1530,0.2000,14.310,/Users/stetef/Documents/SLAC/pdb-scraper/data/large-cys-his-datasets/4cys-large/output/xyz_files/1p1r_ZN_homo_d2.60_cluster2.xyz,-110.62,13.460,,-67.73,12.437,,69.46,15.083,,91.87,16.047,
1p1r_ZN_homo_d2.60_cluster4,7,#c7c7c7,1,1p1r_ZN_homo_d2.60_cluster4,28.9041,Cx2Cx2Cx7C-LHHL,-4.01,0.9807,0.8084,0.1530,0.2000,18.890,/Users/stetef/Documents/SLAC/pdb-scraper/data/large-cys-his-datasets/4cys-large/output/xyz_files/1p1r_ZN_homo_d2.60_cluster4.xyz,69.45,18.387,,-108.67,17.947,,-66.68,16.437,,89.89,19.167,
1p1r_ZN_homo_d2.60_cluster6,7,#c7c7c7,1,1p1r_ZN_homo_d2.60_cluster6,28.8795,Cx2Cx2Cx7C-LHHL,-3.88,0.9791,0.8114,0.1530,0.2000,16.310,/Users/stetef/Documents/SLAC/pdb-scraper/data/large-cys-his-datasets/4cys-large/output/xyz_files/1p1r_ZN_homo_d2.60_cluster6.xyz,-112.71,15.353,,68.21,16.587,,-64.43,13.353,,93.39,17.777,
1p1r_ZN_homo_d2.60_cluster8,3,#d62728,1,1p1r_ZN_homo_d2.60_cluster8,28.6894,Cx2Cx2Cx7C-LHHL,-5.36,0.9806,0.8050,0.1530,0.2000,16.290,/Users/stetef/Documents/SLAC/pdb-scraper/data/large-cys-his-datasets/4cys-large/output/xyz_files/1p1r_ZN_homo_d2.60_cluster8.xyz,-111.81,16.033,,-66.82,14.023,,91.04,17.237,,66.13,17.027,
1p6h_ZN_homo_d2.60_cluster1,5,#c49c94,1,1p6h_ZN_homo_d2.60_cluster1,20.6670,Cx4C-Cx4C-LL-LL,45.62,0.9675,0.3393,0.2310,0.2730,33.080,/Users/stetef/Documents/SLAC/pdb-scraper/data/large-cys-his-datasets/4cys-large/output/xyz_files/1p6h_ZN_homo_d2.60_cluster1.xyz,153.30,41.797,,-61.80,36.910,,153.15,39.557,,-62.18,35.663,
1p6i_ZN_homo_d2.60_cluster1,2,#2ca02c,1,1p6i_ZN_homo_d2.60_cluster1,20.4193,Cx4C-Cx4C-LL-LL,44.17,0.9589,0.3462,0.2280,0.2560,30.630,/Users/stetef/Documents/SLAC/pdb-scraper/data/large-cys-his-datasets/4cys-large/output/xyz_files/1p6i_ZN_homo_d2.60_cluster1.xyz,153.27,40.503,,151.51,39.333,,-62.34,35.840,,-65.77,35.533,
1p6j_ZN_homo_d2.60_cluster1,3,#d62728,1,1p6j_ZN_homo_d2.60_cluster1,20.8343,Cx4C-Cx4C-LL-LL,44.29,0.9708,0.3333,0.2250,0.2590,36.030,/Users/stetef/Documents/SLAC/pdb-scraper/data/large-cys-his-datasets/4cys-large/output/xyz_files/1p6j_ZN_homo_d2.60_cluster1.xyz,156.44,45.393,,-62.60,40.243,,-66.01,40.623,,149.31,44.000,
1p6k_ZN_homo_d2.60_cluster1,2,#2ca02c,1,1p6k_ZN_homo_d2.60_cluster1,20.7231,Cx4C-Cx4C-LL-LL,43.33,0.9688,0.3438,0.2250,0.2500,34.570,/Users/stetef/Documents/SLAC/pdb-scraper/data/large-cys-his-datasets/4cys-large/output/xyz_files/1p6k_ZN_homo_d2.60_cluster1.xyz,152.12,40.413,,150.88,39.507,,-66.67,37.107,,-63.01,37.593,
1p7p_ZN_homo_d2.60_cluster1,2,#2ca02c,1,1p7p_ZN_homo_d2.60_cluster1,1.9028,Cx2Cx9Cx2C-LLLL,131.54,0.9966,0.4876,0.1950,0.2250,18.870,/Users/stetef/Documents/SLAC/pdb-scraper/data/large-cys-his-datasets/4cys-large/output/xyz_files/1p7p_ZN_homo_d2.60_cluster1.xyz,85.66,20.643,,174.99,18.407,,177.82,22.790,,87.69,20.963,
1pfu_ZN_homo_d2.60_cluster1,5,#c49c94,1,1pfu_ZN_homo_d2.60_cluster1,2.8788,Cx2Cx9Cx2C-LLLL,129.34,0.9929,0.4897,0.1950,0.2240,24.450,/Users/stetef/Documents/SLAC/pdb-scraper/data/large-cys-his-datasets/4cys-large/output/xyz_files/1pfu_ZN_homo_d2.60_cluster1.xyz,86.24,31.853,,171.70,26.033,,87.10,31.510,,172.30,34.063,
1pfv_ZN_homo_d2.60_cluster1,2,#2ca02c,1,1pfv_ZN_homo_d2.60_cluster1,2.2899,Cx2Cx9Cx2C-LLLL,130.03,0.9928,0.4865,0.1860,0.2030,21.890,/Users/stetef/Documents/SLAC/pdb-scraper/data/large-cys-his-datasets/4cys-large/output/xyz_files/1pfv_ZN_homo_d2.60_cluster1.xyz,82.46,26.303,,90.21,26.657,,172.55,23.373,,174.91,27.267,
1pfw_ZN_homo_d2.60_cluster1,5,#c49c94,1,1pfw_ZN_homo_d2.60_cluster1,1.8805,Cx2Cx9Cx2C-LLLL,131.59,0.9952,0.4854,0.1840,0.2090,18.140,/Users/stetef/Documents/SLAC/pdb-scraper/data/large-cys-his-datasets/4cys-large/output/xyz_files/1pfw_ZN_homo_d2.60_cluster1.xyz,85.99,21.453,,174.44,19.100,,90.71,21.920,,175.22,20.227,
1pfy_ZN_homo_d2.60_cluster1,5,#c49c94,1,1pfy_ZN_homo_d2.60_cluster1,2.4998,Cx2Cx9Cx2C-LLLL,130.82,0.9900,0.4852,0.1880,0.2240,27.830,/Users/stetef/Documents/SLAC/pdb-scraper/data/large-cys-his-datasets/4cys-large/output/xyz_files/1pfy_ZN_homo_d2.60_cluster1.xyz,86.36,30.783,,91.31,31.157,,173.10,34.837,,172.52,33.307,
1pji_ZN_homo_d2.60_cluster1,7,#c7c7c7,1,1pji_ZN_homo_d2.60_cluster1,16.8467,Cx2Cx16Cx2C-LLLL,-2.33,0.9765,0.4732,0.2100,0.2370,32.440,/Users/stetef/Documents/SLAC/pdb-scraper/data/large-cys-his-datasets/4cys-large/output/xyz_files/1pji_ZN_homo_d2.60_cluster1.xyz,-178.51,29.723,,-93.89,32.460,,171.05,34.400,,92.01,35.217,
1pjj_ZN_homo_d2.60_cluster1,7,#c7c7c7,1,1pjj_ZN_homo_d2.60_cluster1,16.2464,Cx2Cx16Cx2C-LLLL,-3.62,0.9765,0.4754,0.2020,0.2200,27.980,/Users/stetef/Documents/SLAC/pdb-scraper/data/large-cys-his-datasets/4cys-large/output/xyz_files/1pjj_ZN_homo_d2.60_cluster1.xyz,-179.98,24.680,,-96.29,27.527,,170.99,28.027,,90.79,30.420,
1pm5_ZN_homo_d2.60_cluster1,7,#c7c7c7,1,1pm5_ZN_homo_d2.60_cluster1,16.2377,Cx2Cx16Cx2C-LLLL,86.14,0.9721,0.4773,0.1960,0.2160,28.760,/Users/stetef/Documents/SLAC/pdb-scraper/data/large-cys-his-datasets/4cys-large/output/xyz_files/1pm5_ZN_homo_d2.60_cluster1.xyz,178.56,24.590,,-97.79,27.900,,171.75,28.960,,92.04,31.490,
1pzw_ZN_homo_d2.60_cluster1,3,#d62728,1,1pzw_ZN_homo_d2.60_cluster1,12.4247,Cx2Cx45Cx2C-LLSH,59.95,0.9875,0.4906,0.2420,0.2670,37.160,/Users/stetef/Documents/SLAC/pdb-scraper/data/large-cys-his-datasets/4cys-large/output/xyz_files/1pzw_ZN_homo_d2.60_cluster1.xyz,172.46,37.070,,-113.07,31.153,,93.23,40.063,,87.19,37.227,
1q1a_ZN_homo_d2.60_cluster1,8,#dbdb8d,1,1q1a_ZN_homo_d2.60_cluster1,10.4887,Cx2Cx23Cx2C-SLLL,128.91,0.9408,0.5073,0.1830,0.2100,21.840,/Users/stetef/Documents/SLAC/pdb-scraper/data/large-cys-his-datasets/4cys-large/output/xyz_files/1q1a_ZN_homo_d2.60_cluster1.xyz,82.08,22.677,,83.34,23.023,,175.56,18.553,,174.65,19.703,
1q2o_ZN_homo_d2.60_cluster1,5,#c49c94,1,1q2o_ZN_homo_d2.60_cluster1,19.8959,Cx4C-Cx4C-LL-LL,42.26,0.9852,0.2983,0.1930,0.2200,20.590,/Users/stetef/Documents/SLAC/pdb-scraper/data/large-cys-his-datasets/4cys-large/output/xyz_files/1q2o_ZN_homo_d2.60_cluster1.xyz,-71.38,17.757,,156.31,20.747,,154.99,19.897,,-70.88,19.453,
1qf8_ZN_homo_d2.60_cluster1,1,#ff7f0e,1,1qf8_ZN_homo_d2.60_cluster1,20.2915,Cx4Cx22Cx2C-LHSL,67.51,0.9917,0.5892,0.1940,0.2190,22.010,/Users/stetef/Documents/SLAC/pdb-scraper/data/large-cys-his-datasets/4cys-large/output/xyz_files/1qf8_ZN_homo_d2.60_cluster1.xyz,-165.30,18.557,,175.03,23.900,,166.67,19.843,,93.64,25.087,
1qf8_ZN_homo_d2.60_cluster2,1,#ff7f0e,1,1qf8_ZN_homo_d2.60_cluster2,21.1785,Cx4Cx22Cx2C-LHSL,66.68,0.9894,0.5954,0.1940,0.2190,21.410,/Users/stetef/Documents/SLAC/pdb-scraper/data/large-cys-his-datasets/4cys-large/output/xyz_files/1qf8_ZN_homo_d2.60_cluster2.xyz,-165.73,18.297,,175.49,24.543,,93.43,22.797,,163.54,17.297,
1qv6_ZN_homo_d2.60_cluster2,6,#f7b6d2,1,1qv6_ZN_homo_d2.60_cluster2,28.1622,Cx2Cx2Cx7C-LHHL,-7.88,0.9804,0.7999,0.1580,0.2030,14.630,/Users/stetef/Documents/SLAC/pdb-scraper/data/large-cys-his-datasets/4cys-large/output/xyz_files/1qv6_ZN_homo_d2.60_cluster2.xyz,-112.28,13.763,,-75.35,12.113,,89.57,15.220,,66.54,14.913,
1qv6_ZN_homo_d2.60_cluster4,5,#c49c94,1,1qv6_ZN_homo_d2.60_cluster4,27.8208,Cx2Cx2Cx7C-LHHL,-4.99,0.9790,0.7929,0.1580,0.2030,17.040,/Users/stetef/Documents/SLAC/pdb-scraper/data/large-cys-his-datasets/4cys-large/output/xyz_files/1qv6_ZN_homo_d2.60_cluster4.xyz,-111.77,15.007,,68.70,18.530,,-66.96,15.553,,90.08,19.400,
1qv7_ZN_homo_d2.60_cluster2,3,#d62728,1,1qv7_ZN_homo_d2.60_cluster2,28.9510,Cx2Cx2Cx7C-LHHL,-4.39,0.9838,0.8109,0.1780,0.2220,18.330,/Users/stetef/Documents/SLAC/pdb-scraper/data/large-cys-his-datasets/4cys-large/output/xyz_files/1qv7_ZN_homo_d2.60_cluster2.xyz,-109.61,16.123,,70.98,18.707,,-68.53,16.453,,89.59,19.360,
1qv7_ZN_homo_d2.60_cluster4,0,#1f77b4,1,1qv7_ZN_homo_d2.60_cluster4,27.7282,Cx2Cx2Cx7C-LHHL,-5.46,0.9747,0.7968,0.1780,0.2220,22.130,/Users/stetef/Documents/SLAC/pdb-scraper/data/large-cys-his-datasets/4cys-large/output/xyz_files/1qv7_ZN_homo_d2.60_cluster4.xyz,-112.85,19.693,,67.42,24.410,,92.37,22.277,,-68.77,19.120,
1qyb_ZN_homo_d2.60_cluster1,8,#dbdb8d,1,1qyb_ZN_homo_d2.60_cluster1,6.1599,Cx2Cx12Cx2C-SLLL,132.69,0.9911,0.4714,0.1820,0.2130,12.650,/Users/stetef/Documents/SLAC/pdb-scraper/data/large-cys-his-datasets/4cys-large/output/xyz_files/1qyb_ZN_homo_d2.60_cluster1.xyz,170.29,10.427,,91.75,12.203,,89.13,11.917,,179.60,11.990,
1r2z_ZN_homo_d2.60_cluster1,7,#c7c7c7,1,1r2z_ZN_homo_d2.60_cluster1,15.1657,Cx2Cx16Cx2C-LLLL,-0.66,0.9802,0.4458,0.2080,0.2330,16.380,/Users/stetef/Documents/SLAC/pdb-scraper/data/large-cys-his-datasets/4cys-large/output/xyz_files/1r2z_ZN_homo_d2.60_cluster1.xyz,89.90,15.150,,-94.93,16.887,,179.21,15.267,,-176.82,14.740,
1rs6_ZN_homo_d2.60_cluster1,3,#d62728,1,1rs6_ZN_homo_d2.60_cluster1,21.0724,Cx4C-Cx4C-LL-LL,43.62,0.9676,0.3382,0.2210,0.2540,33.270,/Users/stetef/Documents/SLAC/pdb-scraper/data/large-cys-his-datasets/4cys-large/output/xyz_files/1rs6_ZN_homo_d2.60_cluster1.xyz,148.79,41.123,,-65.27,37.723,,156.03,43.057,,-65.06,38.823,
1rs7_ZN_homo_d2.60_cluster1,5,#c49c94,1,1rs7_ZN_homo_d2.60_cluster1,20.9171,Cx4C-Cx4C-LL-LL,44.28,0.9673,0.3363,0.2160,0.2510,31.980,/Users/stetef/Documents/SLAC/pdb-scraper/data/large-cys-his-datasets/4cys-large/output/xyz_files/1rs7_ZN_homo_d2.60_cluster1.xyz,154.19,41.330,,153.87,40.763,,-62.42,36.250,,-68.53,35.897,
1ryq_ZN_homo_d2.60_cluster1,3,#d62728,1,1ryq_ZN_homo_d2.60_cluster1,14.0312,Cx2Cx8Cx2C-SLLL,132.56,0.9411,0.5021,0.1940,0.2040,12.010,/Users/stetef/Documents/SLAC/pdb-scraper/data/large-cys-his-datasets/4cys-large/output/xyz_files/1ryq_ZN_homo_d2.60_cluster1.xyz,88.28,11.313,,87.46,13.310,,177.86,11.070,,176.64,13.173,
1szc_ZN_homo_d2.60_cluster1,8,#dbdb8d,1,1szc_ZN_homo_d2.60_cluster1,10.3935,Cx2Cx23Cx2C-SLLL,129.91,0.9341,0.4982,0.2100,0.2390,30.220,/Users/stetef/Documents/SLAC/pdb-scraper/data/large-cys-his-datasets/4cys-large/output/xyz_files/1szc_ZN_homo_d2.60_cluster1.xyz,83.08,33.983,,178.63,25.563,,84.33,24.680,,173.60,28.253,
1szd_ZN_homo_d2.60_cluster1,2,#2ca02c,1,1szd_ZN_homo_d2.60_cluster1,10.3310,Cx2Cx23Cx2C-SLLL,129.02,0.9416,0.4933,0.2140,0.2300,25.610,/Users/stetef/Documents/SLAC/pdb-scraper/data/large-cys-his-datasets/4cys-large/output/xyz_files/1szd_ZN_homo_d2.60_cluster1.xyz,82.43,31.357,,82.65,21.730,,175.86,27.180,,175.13,21.963,
1t8h_ZN_homo_d2.60_cluster1,3,#d62728,1,1t8h_ZN_homo_d2.60_cluster1,23.2895,CCx58Cx2C-LLLL,-22.68,0.9757,0.2793,0.1800,0.2100,29.850,/Users/stetef/Documents/SLAC/pdb-scraper/data/large-cys-his-datasets/4cys-large/output/xyz_files/1t8h_ZN_homo_d2.60_cluster1.xyz,-76.81,28.910,,-97.64,30.270,,173.68,23.110,,-89.93,26.793,
1tdz_ZN_homo_d2.60_cluster1,3,#d62728,1,1tdz_ZN_homo_d2.60_cluster1,15.8078,Cx2Cx16Cx2C-LLLL,85.25,0.9779,0.4639,0.1800,0.2070,8.260,/Users/stetef/Documents/SLAC/pdb-scraper/data/large-cys-his-datasets/4cys-large/output/xyz_files/1tdz_ZN_homo_d2.60_cluster1.xyz,178.28,22.513,,-97.38,24.580,,165.96,26.047,,94.14,27.963,
1tjl_ZN_homo_d2.60_cluster1,5,#c49c94,1,1tjl_ZN_homo_d2.60_cluster1,17.5295,Cx2Cx17Cx2C-LLHH,57.40,0.9950,0.4720,0.2280,0.2680,31.950,/Users/stetef/Documents/SLAC/pdb-scraper/data/large-cys-his-datasets/4cys-large/output/xyz_files/1tjl_ZN_homo_d2.60_cluster1.xyz,-117.85,37.500,,176.96,32.517,,75.76,38.610,,94.73,35.533,
1tjl_ZN_homo_d2.60_cluster10,4,#9467bd,1,1tjl_ZN_homo_d2.60_cluster10,17.8559,Cx2Cx17Cx2C-LLHH,-31.56,0.9965,0.4414,0.2280,0.2680,32.420,/Users/stetef/Documents/SLAC/pdb-scraper/data/large-cys-his-datasets/4cys-large/output/xyz_files/1tjl_ZN_homo_d2.60_cluster10.xyz,-117.30,37.277,,-179.57,35.913,,97.29,35.050,,73.36,38.193,
1tjl_ZN_homo_d2.60_cluster2,5,#c49c94,1,1tjl_ZN_homo_d2.60_cluster2,15.2206,Cx2Cx17Cx2C-LLHH,57.79,0.9948,0.4594,0.2280,0.2680,32.600,/Users/stetef/Documents/SLAC/pdb-scraper/data/large-cys-his-datasets/4cys-large/output/xyz_files/1tjl_ZN_homo_d2.60_cluster2.xyz,-120.04,33.017,,80.34,34.300,,173.97,29.840,,96.88,34.377,
1tjl_ZN_homo_d2.60_cluster3,5,#c49c94,1,1tjl_ZN_homo_d2.60_cluster3,15.0386,Cx2Cx17Cx2C-LLHH,61.88,0.9968,0.4592,0.2280,0.2680,41.420,/Users/stetef/Documents/SLAC/pdb-scraper/data/large-cys-his-datasets/4cys-large/output/xyz_files/1tjl_ZN_homo_d2.60_cluster3.xyz,175.71,46.023,,-112.49,41.553,,100.66,43.157,,83.65,48.980,
1tjl_ZN_homo_d2.60_cluster4,8,#dbdb8d,1,1tjl_ZN_homo_d2.60_cluster4,14.7756,Cx2Cx17Cx2C-LLHH,58.52,0.9982,0.4459,0.2280,0.2680,45.070,/Users/stetef/Documents/SLAC/pdb-scraper/data/large-cys-his-datasets/4cys-large/output/xyz_files/1tjl_ZN_homo_d2.60_cluster4.xyz,-117.66,44.620,,81.88,51.063,,174.01,47.093,,95.87,48.450,
1tjl_ZN_homo_d2.60_cluster5,1,#ff7f0e,1,1tjl_ZN_homo_d2.60_cluster5,17.3954,Cx2Cx17Cx2C-LLHH,-28.64,0.9911,0.4628,0.2280,0.2680,49.530,/Users/stetef/Documents/SLAC/pdb-scraper/data/large-cys-his-datasets/4cys-large/output/xyz_files/1tjl_ZN_homo_d2.60_cluster5.xyz,-115.38,43.520,,95.23,43.620,,-179.42,48.087,,85.01,46.780,
1tjl_ZN_homo_d2.60_cluster6,5,#c49c94,1,1tjl_ZN_homo_d2.60_cluster6,19.2969,Cx2Cx17Cx2C-LLHH,55.69,0.9844,0.4364,0.2280,0.2680,37.480,/Users/stetef/Documents/SLAC/pdb-scraper/data/large-cys-his-datasets/4cys-large/output/xyz_files/1tjl_ZN_homo_d2.60_cluster6.xyz,-117.19,37.240,,65.81,40.123,,98.44,33.490,,175.71,34.610,
1tjl_ZN_homo_d2.60_cluster7,1,#ff7f0e,1,1tjl_ZN_homo_d2.60_cluster7,17.0736,Cx2Cx17Cx2C-LLHH,56.92,0.9916,0.4495,0.2280,0.2680,36.400,/Users/stetef/Documents/SLAC/pdb-scraper/data/large-cys-his-datasets/4cys-large/output/xyz_files/1tjl_ZN_homo_d2.60_cluster7.xyz,71.34,37.380,,172.41,33.270,,-114.83,36.420,,98.77,31.787,
1tjl_ZN_homo_d2.60_cluster8,5,#c49c94,1,1tjl_ZN_homo_d2.60_cluster8,13.9301,Cx2Cx17Cx2C-LLHH,62.64,0.9935,0.4450,0.2280,0.2680,51.320,/Users/stetef/Documents/SLAC/pdb-scraper/data/large-cys-his-datasets/4cys-large/output/xyz_files/1tjl_ZN_homo_d2.60_cluster8.xyz,84.26,53.533,,175.46,47.937,,-110.50,48.880,,101.35,49.043,
1tjl_ZN_homo_d2.60_cluster9,5,#c49c94,1,1tjl_ZN_homo_d2.60_cluster9,14.8839,Cx2Cx17Cx2C-LLHH,60.37,0.9978,0.5032,0.2280,0.2680,41.930,/Users/stetef/Documents/SLAC/pdb-scraper/data/large-cys-his-datasets/4cys-large/output/xyz_files/1tjl_ZN_homo_d2.60_cluster9.xyz,170.21,43.687,,89.21,46.900,,95.66,43.897,,-113.60,44.283,
1u3u_ZN_homo_d2.60_cluster1,9,#9edae5,1,1u3u_ZN_homo_d2.60_cluster1,28.7420,Cx2Cx2Cx7C-LHHL,-5.11,0.9754,0.8019,0.1690,0.1900,12.770,/Users/stetef/Documents/SLAC/pdb-scraper/data/large-cys-his-datasets/4cys-large/output/xyz_files/1u3u_ZN_homo_d2.60_cluster1.xyz,-109.47,11.280,,-67.52,8.903,,66.12,10.327,,90.43,11.770,
1u3u_ZN_homo_d2.60_cluster3,5,#c49c94,1,1u3u_ZN_homo_d2.60_cluster3,28.4749,Cx2Cx2Cx7C-LHHL,-3.95,0.9756,0.8044,0.1690,0.1900,8.440,/Users/stetef/Documents/SLAC/pdb-scraper/data/large-cys-his-datasets/4cys-large/output/xyz_files/1u3u_ZN_homo_d2.60_cluster3.xyz,91.09,10.600,,-65.98,9.347,,67.13,10.777,,-108.03,10.713,
1u3v_ZN_homo_d2.60_cluster1,9,#9edae5,1,1u3v_ZN_homo_d2.60_cluster1,28.7576,Cx2Cx2Cx7C-LHHL,-4.26,0.9770,0.7995,0.1640,0.1850,12.810,/Users/stetef/Documents/SLAC/pdb-scraper/data/large-cys-his-datasets/4cys-large/output/xyz_files/1u3v_ZN_homo_d2.60_cluster1.xyz,-66.62,9.070,,-107.88,12.053,,65.81,13.657,,91.66,13.683,
1u3v_ZN_homo_d2.60_cluster3,6,#f7b6d2,1,1u3v_ZN_homo_d2.60_cluster3,28.8193,Cx2Cx2Cx7C-LHHL,-3.03,0.9764,0.8056,0.1640,0.1850,10.770,/Users/stetef/Documents/SLAC/pdb-scraper/data/large-cys-his-datasets/4cys-large/output/xyz_files/1u3v_ZN_homo_d2.60_cluster3.xyz,67.07,11.267,,-63.93,8.367,,92.95,10.063,,-108.22,10.530,
1u3w_ZN_homo_d2.60_cluster1,7,#c7c7c7,1,1u3w_ZN_homo_d2.60_cluster1,28.2881,Cx2Cx2Cx7C-LHHL,-4.57,0.9765,0.8034,0.1850,0.2110,16.430,/Users/stetef/Documents/SLAC/pdb-scraper/data/large-cys-his-datasets/4cys-large/output/xyz_files/1u3w_ZN_homo_d2.60_cluster1.xyz,-108.31,15.893,,-71.84,15.123,,70.84,17.020,,91.02,17.067,
1u3w_ZN_homo_d2.60_cluster3,3,#d62728,1,1u3w_ZN_homo_d2.60_cluster3,28.8802,Cx2Cx2Cx7C-LHHL,-3.73,0.9848,0.8086,0.1850,0.2110,25.210,/Users/stetef/Documents/SLAC/pdb-scraper/data/large-cys-his-datasets/4cys-large/output/xyz_files/1u3w_ZN_homo_d2.60_cluster3.xyz,71.98,25.957,,-112.66,25.270,,91.35,24.970,,-65.59,22.513,
1u5k_ZN_homo_d2.60_cluster1,0,#1f77b4,1,1u5k_ZN_homo_d2.60_cluster1,18.3083,Cx2Cx16Cx2C-LLLL,58.67,0.9936,0.4968,0.1990,0.2130,32.880,/Users/stetef/Documents/SLAC/pdb-scraper/data/large-cys-his-datasets/4cys-large/output/xyz_files/1u5k_ZN_homo_d2.60_cluster1.xyz,90.07,24.267,,89.14,25.110,,-116.26,27.220,,171.73,24.270,
1u5k_ZN_homo_d2.60_cluster2,5,#c49c94,1,1u5k_ZN_homo_d2.60_cluster2,17.1204,Cx2Cx16Cx2C-LLLL,63.32,0.9976,0.4825,0.1990,0.2130,39.540,/Users/stetef/Documents/SLAC/pdb-scraper/data/large-cys-his-datasets/4cys-large/output/xyz_files/1u5k_ZN_homo_d2.60_cluster2.xyz,-110.92,32.900,,88.20,31.520,,96.50,30.430,,179.51,29.970,
1uuf_ZN_homo_d2.60_cluster1,7,#c7c7c7,1,1uuf_ZN_homo_d2.60_cluster1,32.2709,Cx2Cx2Cx7C-LHHH,-10.17,0.9712,0.8196,0.1840,0.2080,16.730,/Users/stetef/Documents/SLAC/pdb-scraper/data/large-cys-his-datasets/4cys-large/output/xyz_files/1uuf_ZN_homo_d2.60_cluster1.xyz,69.90,14.587,,96.85,16.180,,-99.56,13.080,,-107.89,13.677,
1uw1_ZN_homo_d2.60_cluster1,7,#c7c7c7,1,1uw1_ZN_homo_d2.60_cluster1,15.8358,Cx2Cx19Cx2C-LLHH,56.74,0.9810,0.5198,0.2000,0.2280,15.570,/Users/stetef/Documents/SLAC/pdb-scraper/data/large-cys-his-datasets/4cys-large/output/xyz_files/1uw1_ZN_homo_d2.60_cluster1.xyz,95.33,24.107,,-127.05,19.600,,89.52,19.780,,169.17,22.203,
1v54_ZN_homo_d2.60_cluster1,3,#d62728,1,1v54_ZN_homo_d2.60_cluster1,2.4400,Cx1Cx19Cx2C-SLLL,109.95,0.9880,0.4718,0.2020,0.2270,25.630,/Users/stetef/Documents/SLAC/pdb-scraper/data/large-cys-his-datasets/4cys-large/output/xyz_files/1v54_ZN_homo_d2.60_cluster1.xyz,174.41,26.663,,52.05,25.543,,124.75,23.477,,88.61,26.020,
1v54_ZN_homo_d2.60_cluster2,9,#9edae5,1,1v54_ZN_homo_d2.60_cluster2,2.4140,Cx1Cx19Cx2C-SLLL,112.03,0.9954,0.4760,0.2020,0.2270,25.130,/Users/stetef/Documents/SLAC/pdb-scraper/data/large-cys-his-datasets/4cys-large/output/xyz_files/1v54_ZN_homo_d2.60_cluster2.xyz,173.65,25.107,,61.01,28.357,,125.89,23.637,,87.57,26.297,
1v55_ZN_homo_d2.60_cluster1,3,#d62728,1,1v55_ZN_homo_d2.60_cluster1,2.4280,Cx1Cx19Cx2C-SLLL,110.00,0.9883,0.4679,0.2030,0.2300,25.490,/Users/stetef/Documents/SLAC/pdb-scraper/data/large-cys-his-datasets/4cys-large/output/xyz_files/1v55_ZN_homo_d2.60_cluster1.xyz,52.83,26.623,,124.87,22.147,,176.40,24.160,,85.89,26.850,
1v55_ZN_homo_d2.60_cluster2,3,#d62728,1,1v55_ZN_homo_d2.60_cluster2,2.4864,Cx1Cx19Cx2C-SLLL,111.69,0.9936,0.4752,0.2030,0.2300,28.960,/Users/stetef/Documents/SLAC/pdb-scraper/data/large-cys-his-datasets/4cys-large/output/xyz_files/1v55_ZN_homo_d2.60_cluster2.xyz,173.15,24.973,,60.75,29.267,,87.07,27.280,,125.80,22.797,
1vfy_ZN_homo_d2.60_cluster1,1,#ff7f0e,1,1vfy_ZN_homo_d2.60_cluster1,15.9904,Cx2Cx26Cx2C-LLLH,60.77,0.9809,0.5149,0.1740,0.1810,5.810,/Users/stetef/Documents/SLAC/pdb-scraper/data/large-cys-his-datasets/4cys-large/output/xyz_files/1vfy_ZN_homo_d2.60_cluster1.xyz,88.90,6.357,,-119.73,5.307,,96.64,6.400,,177.28,4.853,
1vj0_ZN_homo_d2.60_cluster1,1,#ff7f0e,1,1vj0_ZN_homo_d2.60_cluster1,31.0524,Cx2Cx2Cx8C-LHHH,-11.80,0.9752,0.8129,0.1460,0.1940,22.680,/Users/stetef/Documents/SLAC/pdb-scraper/data/large-cys-his-datasets/4cys-large/output/xyz_files/1vj0_ZN_homo_d2.60_cluster1.xyz,-106.58,27.220,,95.98,26.000,,56.89,29.107,,-93.49,29.057,
1vj0_ZN_homo_d2.60_cluster3,5,#c49c94,1,1vj0_ZN_homo_d2.60_cluster3,32.1501,Cx2Cx2Cx8C-LHHH,-11.04,0.9702,0.8274,0.1460,0.1940,22.540,/Users/stetef/Documents/SLAC/pdb-scraper/data/large-cys-his-datasets/4cys-large/output/xyz_files/1vj0_ZN_homo_d2.60_cluster3.xyz,96.73,27.377,,-106.92,27.443,,58.16,29.747,,-92.15,27.387,
1vj0_ZN_homo_d2.60_cluster5,3,#d62728,1,1vj0_ZN_homo_d2.60_cluster5,31.4677,Cx2Cx2Cx8C-LHHH,-11.60,0.9733,0.8180,0.1460,0.1940,22.130,/Users/stetef/Documents/SLAC/pdb-scraper/data/large-cys-his-datasets/4cys-large/output/xyz_files/1vj0_ZN_homo_d2.60_cluster5.xyz,95.56,26.473,,-87.20,26.673,,-109.85,25.857,,55.07,29.043,
1vj0_ZN_homo_d2.60_cluster7,7,#c7c7c7,1,1vj0_ZN_homo_d2.60_cluster7,31.4041,Cx2Cx2Cx8C-LHHH,-12.51,0.9769,0.8201,0.1460,0.1940,23.520,/Users/stetef/Documents/SLAC/pdb-scraper/data/large-cys-his-datasets/4cys-large/output/xyz_files/1vj0_ZN_homo_d2.60_cluster7.xyz,92.03,26.940,,-86.78,28.747,,55.08,29.843,,-110.35,28.803,
1vzy_ZN_homo_d2.60_cluster1,3,#d62728,1,1vzy_ZN_homo_d2.60_cluster1,8.8465,Cx1Cx30Cx2C-LLLL,130.31,0.9842,0.4700,0.1970,0.2250,29.940,/Users/stetef/Documents/SLAC/pdb-scraper/data/large-cys-his-datasets/4cys-large/output/xyz_files/1vzy_ZN_homo_d2.60_cluster1.xyz,140.54,25.713,,115.13,26.563,,96.01,25.317,,169.53,27.860,
1vzy_ZN_homo_d2.60_cluster2,3,#d62728,1,1vzy_ZN_homo_d2.60_cluster2,12.9432,Cx1Cx30Cx2C-LLLL,128.02,0.9728,0.4885,0.1970,0.2250,33.190,/Users/stetef/Documents/SLAC/pdb-scraper/data/large-cys-his-datasets/4cys-large/output/xyz_files/1vzy_ZN_homo_d2.60_cluster2.xyz,137.72,32.460,,91.57,26.973,,165.82,28.853,,116.97,36.550,
1w4r_ZN_homo_d2.60_cluster1,3,#d62728,1,1w4r_ZN_homo_d2.60_cluster1,21.2893,Cx2Cx28Cx2C-LLHH,62.05,0.9842,0.5320,0.1600,0.1890,25.940,/Users/stetef/Documents/SLAC/pdb-scraper/data/large-cys-his-datasets/4cys-large/output/xyz_files/1w4r_ZN_homo_d2.60_cluster1.xyz,95.46,27.800,,93.89,22.900,,-118.27,26.530,,177.13,21.767,
1w4r_ZN_homo_d2.60_cluster2,3,#d62728,1,1w4r_ZN_homo_d2.60_cluster2,20.7350,Cx2Cx28Cx2C-LLHH,58.75,0.9852,0.5311,0.1600,0.1890,28.070,/Users/stetef/Documents/SLAC/pdb-scraper/data/large-cys-his-datasets/4cys-large/output/xyz_files/1w4r_ZN_homo_d2.60_cluster2.xyz,90.41,29.017,,91.44,24.857,,174.33,23.817,,-121.19,27.880,
1w4r_ZN_homo_d2.60_cluster3,0,#1f77b4,1,1w4r_ZN_homo_d2.60_cluster3,21.4305,Cx2Cx28Cx2C-LLHH,59.63,0.9851,0.5327,0.1600,0.1890,27.860,/Users/stetef/Documents/SLAC/pdb-scraper/data/large-cys-his-datasets/4cys-large/output/xyz_files/1w4r_ZN_homo_d2.60_cluster3.xyz,177.06,25.517,,89.95,29.793,,-120.60,30.573,,92.11,24.953,
1w4r_ZN_homo_d2.60_cluster4,2,#2ca02c,1,1w4r_ZN_homo_d2.60_cluster4,21.4103,Cx2Cx28Cx2C-LLHH,60.88,0.9872,0.5331,0.1600,0.1890,26.140,/Users/stetef/Documents/SLAC/pdb-scraper/data/large-cys-his-datasets/4cys-large/output/xyz_files/1w4r_ZN_homo_d2.60_cluster4.xyz,93.60,29.393,,-120.70,24.303,,175.59,23.293,,95.03,22.317,
1w4r_ZN_homo_d2.60_cluster5,1,#ff7f0e,1,1w4r_ZN_homo_d2.60_cluster5,21.3742,Cx2Cx28Cx2C-LLHH,58.60,0.9794,0.5458,0.1600,0.1890,33.630,/Users/stetef/Documents/SLAC/pdb-scraper/data/large-cys-his-datasets/4cys-large/output/xyz_files/1w4r_ZN_homo_d2.60_cluster5.xyz,89.55,37.073,,172.81,31.007,,93.00,31.003,,-120.94,34.830,
1w4r_ZN_homo_d2.60_cluster6,2,#2ca02c,1,1w4r_ZN_homo_d2.60_cluster6,21.2770,Cx2Cx28Cx2C-LLHH,60.51,0.9863,0.5369,0.1600,0.1890,27.800,/Users/stetef/Documents/SLAC/pdb-scraper/data/large-cys-his-datasets/4cys-large/output/xyz_files/1w4r_ZN_homo_d2.60_cluster6.xyz,176.92,24.563,,-120.63,28.867,,94.09,29.633,,91.66,24.217,
1w4r_ZN_homo_d2.60_cluster7,5,#c49c94,1,1w4r_ZN_homo_d2.60_cluster7,21.0474,Cx2Cx28Cx2C-LLHH,59.37,0.9840,0.5313,0.1600,0.1890,25.130,/Users/stetef/Documents/SLAC/pdb-scraper/data/large-cys-his-datasets/4cys-large/output/xyz_files/1w4r_ZN_homo_d2.60_cluster7.xyz,91.86,28.267,,175.95,22.760,,-121.91,25.140,,91.58,21.653,
1w4r_ZN_homo_d2.60_cluster8,3,#d62728,1,1w4r_ZN_homo_d2.60_cluster8,21.1921,Cx2Cx28Cx2C-LLHH,59.42,0.9818,0.5338,0.1600,0.1890,26.350,/Users/stetef/Documents/SLAC/pdb-scraper/data/large-cys-his-datasets/4cys-large/output/xyz_files/1w4r_ZN_homo_d2.60_cluster8.xyz,175.25,23.957,,91.81,28.577,,91.71,23.673,,-121.07,27.050,
1x0t_ZN_homo_d2.60_cluster1,7,#c7c7c7,1,1x0t_ZN_homo_d2.60_cluster1,5.7409,Cx2Cx25Cx2C-LLSL,132.38,0.9883,0.4720,0.2170,0.2450,16.230,/Users/stetef/Documents/SLAC/pdb-scraper/data/large-cys-his-datasets/4cys-large/output/xyz_files/1x0t_ZN_homo_d2.60_cluster1.xyz,91.66,16.980,,167.65,13.940,,179.41,15.420,,90.81,16.900,
1xx6_ZN_homo_d2.60_cluster1,7,#c7c7c7,1,1xx6_ZN_homo_d2.60_cluster1,22.0277,Cx2Cx34Cx2C-LLLL,59.69,0.9804,0.5067,0.2410,0.2660,22.910,/Users/stetef/Documents/SLAC/pdb-scraper/data/large-cys-his-datasets/4cys-large/output/xyz_files/1xx6_ZN_homo_d2.60_cluster1.xyz,96.58,21.777,,-120.34,25.267,,90.66,26.577,,171.88,24.387,
1xx6_ZN_homo_d2.60_cluster2,5,#c49c94,1,1xx6_ZN_homo_d2.60_cluster2,20.9530,Cx2Cx34Cx2C-LLLL,55.82,0.5815,0.4998,0.2410,0.2660,22.650,/Users/stetef/Documents/SLAC/pdb-scraper/data/large-cys-his-datasets/4cys-large/output/xyz_files/1xx6_ZN_homo_d2.60_cluster2.xyz,-154.27,32.340,,168.35,21.230,,85.69,24.340,,123.51,29.307,
1y02_ZN_homo_d2.60_cluster1,7,#c7c7c7,1,1y02_ZN_homo_d2.60_cluster1,17.7532,Cx2Cx18Cx2C-LLSH,58.34,0.9678,0.5151,0.2060,0.2340,29.960,/Users/stetef/Documents/SLAC/pdb-scraper/data/large-cys-his-datasets/4cys-large/output/xyz_files/1y02_ZN_homo_d2.60_cluster1.xyz,92.28,21.727,,-127.77,23.727,,95.44,24.840,,173.42,24.457,
1y02_ZN_homo_d2.60_cluster2,7,#c7c7c7,1,1y02_ZN_homo_d2.60_cluster2,18.2718,Cx2Cx20Cx2C-LLHL,5.23,0.9674,0.4652,0.2060,0.2340,32.000,/Users/stetef/Documents/SLAC/pdb-scraper/data/large-cys-his-datasets/4cys-large/output/xyz_files/1y02_ZN_homo_d2.60_cluster2.xyz,-102.67,26.603,,-143.40,23.747,,177.75,25.637,,89.25,30.350,
1yc5_ZN_homo_d2.60_cluster1,0,#1f77b4,1,1yc5_ZN_homo_d2.60_cluster1,11.1820,Cx2Cx20Cx2C-SLLL,42.57,0.9603,0.4582,0.1860,0.2020,17.150,/Users/stetef/Documents/SLAC/pdb-scraper/data/large-cys-his-datasets/4cys-large/output/xyz_files/1yc5_ZN_homo_d2.60_cluster1.xyz,79.35,19.703,,-179.68,12.410,,91.93,17.960,,178.68,17.587,
1ye3_ZN_homo_d2.60_cluster2,5,#c49c94,1,1ye3_ZN_homo_d2.60_cluster2,28.9559,Cx2Cx2Cx7C-LLLL,-5.94,0.9828,0.7999,0.2010,0.2560,35.560,/Users/stetef/Documents/SLAC/pdb-scraper/data/large-cys-his-datasets/4cys-large/output/xyz_files/1ye3_ZN_homo_d2.60_cluster2.xyz,69.64,34.457,,-75.54,30.820,,-112.08,31.023,,94.24,36.277,
1yqd_ZN_homo_d2.60_cluster2,7,#c7c7c7,1,1yqd_ZN_homo_d2.60_cluster2,32.3201,Cx2Cx2Cx7C-LHHH,-11.13,0.9774,0.8293,0.1950,0.2130,17.160,/Users/stetef/Documents/SLAC/pdb-scraper/data/large-cys-his-datasets/4cys-large/output/xyz_files/1yqd_ZN_homo_d2.60_cluster2.xyz,-103.99,14.110,,94.59,18.793,,65.80,17.223,,-100.94,15.517,
1yqd_ZN_homo_d2.60_cluster3,7,#c7c7c7,1,1yqd_ZN_homo_d2.60_cluster3,32.0873,Cx2Cx2Cx7C-LHHH,-11.87,0.9724,0.8270,0.1950,0.2130,17.140,/Users/stetef/Documents/SLAC/pdb-scraper/data/large-cys-his-datasets/4cys-large/output/xyz_files/1yqd_ZN_homo_d2.60_cluster3.xyz,95.46,18.707,,67.22,16.123,,-106.14,15.147,,-104.02,15.567,
1zin_ZN_homo_d2.60_cluster1,3,#d62728,1,1zin_ZN_homo_d2.60_cluster1,9.9567,Cx2Cx16Cx2C-LLLL,131.03,0.9729,0.4722,0.1730,0.2160,17.100,/Users/stetef/Documents/SLAC/pdb-scraper/data/large-cys-his-datasets/4cys-large/output/xyz_files/1zin_ZN_homo_d2.60_cluster1.xyz,86.74,20.233,,170.89,13.600,,87.00,14.800,,179.47,13.200,
1zio_ZN_homo_d2.60_cluster1,3,#d62728,1,1zio_ZN_homo_d2.60_cluster1,10.7873,Cx2Cx16Cx2C-LLLL,43.69,0.9593,0.4648,0.1610,0.2280,14.500,/Users/stetef/Documents/SLAC/pdb-scraper/data/large-cys-his-datasets/4cys-large/output/xyz_files/1zio_ZN_homo_d2.60_cluster1.xyz,88.90,12.167,,88.68,14.967,,173.88,11.367,,-176.72,4.900,
1zip_ZN_homo_d2.60_cluster1,1,#ff7f0e,1,1zip_ZN_homo_d2.60_cluster1,10.4645,Cx2Cx16Cx2C-LLLL,40.99,0.9683,0.4752,0.1560,0.2200,16.100,/Users/stetef/Documents/SLAC/pdb-scraper/data/large-cys-his-datasets/4cys-large/output/xyz_files/1zip_ZN_homo_d2.60_cluster1.xyz,83.85,17.500,,85.89,13.500,,173.31,13.100,,-179.08,10.133,
1zud_ZN_homo_d2.60_cluster1,2,#2ca02c,1,1zud_ZN_homo_d2.60_cluster1,4.4267,Cx2Cx67Cx2C-HHLL,-18.23,0.9262,0.4700,0.1740,0.2290,28.410,/Users/stetef/Documents/SLAC/pdb-scraper/data/large-cys-his-datasets/4cys-large/output/xyz_files/1zud_ZN_homo_d2.60_cluster1.xyz,-45.88,27.713,,69.47,24.453,,-179.14,26.727,,82.64,24.753,
1zud_ZN_homo_d2.60_cluster2,6,#f7b6d2,1,1zud_ZN_homo_d2.60_cluster2,3.3800,Cx2Cx67Cx2C-HHLL,-14.42,0.9379,0.4764,0.1740,0.2290,28.070,/Users/stetef/Documents/SLAC/pdb-scraper/data/large-cys-his-datasets/4cys-large/output/xyz_files/1zud_ZN_homo_d2.60_cluster2.xyz,-177.09,29.267,,-37.96,24.107,,72.87,22.317,,84.50,26.540,
1zzq_ZN_homo_d2.60_cluster1,2,#2ca02c,1,1zzq_ZN_homo_d2.60_cluster1,20.9395,Cx4C-Cx4C-LL-LL,45.61,0.9679,0.3443,0.2200,0.2440,30.690,/Users/stetef/Documents/SLAC/pdb-scraper/data/large-cys-his-datasets/4cys-large/output/xyz_files/1zzq_ZN_homo_d2.60_cluster1.xyz,155.53,38.913,,153.75,37.723,,-63.94,34.580,,-62.91,34.790,
1zzs_ZN_homo_d2.60_cluster1,9,#9edae5,1,1zzs_ZN_homo_d2.60_cluster1,20.0538,Cx4C-Cx4C-LL-LL,44.70,0.9819,0.2949,0.1750,0.2110,18.650,/Users/stetef/Documents/SLAC/pdb-scraper/data/large-cys-his-datasets/4cys-large/output/xyz_files/1zzs_ZN_homo_d2.60_cluster1.xyz,-66.29,16.390,,-68.57,19.387,,157.65,19.977,,156.00,18.313,
1zzu_ZN_homo_d2.60_cluster1,5,#c49c94,1,1zzu_ZN_homo_d2.60_cluster1,20.6092,Cx4C-Cx4C-LL-LL,43.10,0.9693,0.3244,0.2020,0.2280,19.190,/Users/stetef/Documents/SLAC/pdb-scraper/data/large-cys-his-datasets/4cys-large/output/xyz_files/1zzu_ZN_homo_d2.60_cluster1.xyz,151.39,27.570,,150.77,26.000,,-64.86,21.003,,-64.91,20.763,
2air_ZN_homo_d2.60_cluster1,1,#ff7f0e,1,2air_ZN_homo_d2.60_cluster1,9.5077,Cx4Cx23Cx2C-LLSL,-95.73,0.9763,0.5042,0.2390,0.2730,32.210,/Users/stetef/Documents/SLAC/pdb-scraper/data/large-cys-his-datasets/4cys-large/output/xyz_files/2air_ZN_homo_d2.60_cluster1.xyz,-139.21,32.430,,-179.18,37.060,,97.60,35.177,,-162.12,39.367,
2air_ZN_homo_d2.60_cluster2,0,#1f77b4,1,2air_ZN_homo_d2.60_cluster2,9.0646,Cx4Cx23Cx2C-LLSL,-9.81,0.9940,0.5082,0.2390,0.2730,35.120,/Users/stetef/Documents/SLAC/pdb-scraper/data/large-cys-his-datasets/4cys-large/output/xyz_files/2air_ZN_homo_d2.60_cluster2.xyz,82.90,34.943,,-161.35,40.930,,-136.23,36.073,,175.45,40.497,
2apo_ZN_homo_d2.60_cluster1_altlocLIGA,5,#c49c94,1,2apo_ZN_homo_d2.60_cluster1_altlocLIGA,13.9243,Cx2Cx8Cx2C-LLLL,84.70,0.8981,0.4704,0.2020,0.2300,63.390,/Users/stetef/Documents/SLAC/pdb-scraper/data/large-cys-his-datasets/4cys-large/output/xyz_files/2apo_ZN_homo_d2.60_cluster1_altlocLIGA.xyz,178.28,58.753,,179.83,50.950,,104.33,63.850,,-123.64,76.197,
2apo_ZN_homo_d2.60_cluster1_altlocLIGB,5,#c49c94,1,2apo_ZN_homo_d2.60_cluster1_altlocLIGB,13.9926,Cx2Cx8Cx2C-LLLL,89.81,0.8055,0.4697,0.2020,0.2300,63.390,/Users/stetef/Documents/SLAC/pdb-scraper/data/large-cys-his-datasets/4cys-large/output/xyz_files/2apo_ZN_homo_d2.60_cluster1_altlocLIGB.xyz,110.74,76.197,,178.28,58.753,,179.83,50.950,,-109.61,63.850,
2b4y_ZN_homo_d2.60_cluster1,1,#ff7f0e,1,2b4y_ZN_homo_d2.60_cluster1,11.3650,Cx2Cx37Cx4C-SLLL,-20.48,0.9811,0.5141,0.1850,0.2360,23.940,/Users/stetef/Documents/SLAC/pdb-scraper/data/large-cys-his-datasets/4cys-large/output/xyz_files/2b4y_ZN_homo_d2.60_cluster1.xyz,-170.49,20.607,,93.45,25.943,,-178.18,21.660,,173.32,27.503,
2b4y_ZN_homo_d2.60_cluster2,6,#f7b6d2,1,2b4y_ZN_homo_d2.60_cluster2,11.1853,Cx2Cx37Cx4C-SLLL,64.22,0.9864,0.5043,0.1850,0.2360,22.930,/Users/stetef/Documents/SLAC/pdb-scraper/data/large-cys-his-datasets/4cys-large/output/xyz_files/2b4y_ZN_homo_d2.60_cluster2.xyz,177.87,20.310,,95.15,25.007,,163.49,26.480,,-179.64,19.637,
2b4y_ZN_homo_d2.60_cluster3,7,#c7c7c7,1,2b4y_ZN_homo_d2.60_cluster3,11.1369,Cx2Cx37Cx4C-SLLL,153.64,0.9913,0.5177,0.1850,0.2360,19.280,/Users/stetef/Documents/SLAC/pdb-scraper/data/large-cys-his-datasets/4cys-large/output/xyz_files/2b4y_ZN_homo_d2.60_cluster3.xyz,92.40,17.357,,173.31,16.683,,179.33,20.387,,169.54,21.350,
2b4y_ZN_homo_d2.60_cluster4,1,#ff7f0e,1,2b4y_ZN_homo_d2.60_cluster4,9.8840,Cx2Cx37Cx4C-SLLL,-24.38,0.9908,0.4945,0.1850,0.2360,20.400,/Users/stetef/Documents/SLAC/pdb-scraper/data/large-cys-his-datasets/4cys-large/output/xyz_files/2b4y_ZN_homo_d2.60_cluster4.xyz,90.71,21.053,,-175.18,21.610,,165.26,21.673,,-178.30,17.607,
2b9d_ZN_homo_d2.60_cluster1,1,#ff7f0e,1,2b9d_ZN_homo_d2.60_cluster1,17.6175,Cx2Cx29Cx2C-LLLL,61.81,0.9894,0.4758,0.2120,0.2520,20.940,/Users/stetef/Documents/SLAC/pdb-scraper/data/large-cys-his-datasets/4cys-large/output/xyz_files/2b9d_ZN_homo_d2.60_cluster1.xyz,-123.75,15.233,,97.05,14.587,,173.62,9.000,,100.33,13.040,
2b9d_ZN_homo_d2.60_cluster2,5,#c49c94,1,2b9d_ZN_homo_d2.60_cluster2,17.7579,Cx2Cx29Cx2C-LLHH,57.23,0.9912,0.4876,0.2120,0.2520,21.560,/Users/stetef/Documents/SLAC/pdb-scraper/data/large-cys-his-datasets/4cys-large/output/xyz_files/2b9d_ZN_homo_d2.60_cluster2.xyz,82.25,11.860,,-126.33,13.517,,95.88,13.163,,177.10,10.680,
2cd9_ZN_homo_d2.60_cluster2,9,#9edae5,1,2cd9_ZN_homo_d2.60_cluster2,28.8136,Cx2Cx2Cx7C-LHHH,2.51,0.9812,0.7653,0.1930,0.2300,15.730,/Users/stetef/Documents/SLAC/pdb-scraper/data/large-cys-his-datasets/4cys-large/output/xyz_files/2cd9_ZN_homo_d2.60_cluster2.xyz,-60.23,14.527,,-121.35,14.010,,94.09,13.980,,97.55,16.507,
2cd9_ZN_homo_d2.60_cluster4,0,#1f77b4,1,2cd9_ZN_homo_d2.60_cluster4,29.0152,Cx2Cx2Cx7C-LHHH,1.47,0.9853,0.7703,0.1930,0.2300,15.830,/Users/stetef/Documents/SLAC/pdb-scraper/data/large-cys-his-datasets/4cys-large/output/xyz_files/2cd9_ZN_homo_d2.60_cluster4.xyz,-119.92,14.093,,-66.15,13.713,,91.89,13.940,,100.08,16.673,
2cdb_ZN_homo_d2.60_cluster2,7,#c7c7c7,1,2cdb_ZN_homo_d2.60_cluster2,29.2470,Cx2Cx2Cx7C-LHHH,0.68,0.9846,0.7654,0.1920,0.2180,9.200,/Users/stetef/Documents/SLAC/pdb-scraper/data/large-cys-his-datasets/4cys-large/output/xyz_files/2cdb_ZN_homo_d2.60_cluster2.xyz,96.54,8.887,,-119.31,7.603,,92.11,8.587,,-66.61,7.897,
2cdb_ZN_homo_d2.60_cluster4,5,#c49c94,1,2cdb_ZN_homo_d2.60_cluster4,29.4624,Cx2Cx2Cx7C-LHHH,1.46,0.9808,0.7702,0.1920,0.2180,9.530,/Users/stetef/Documents/SLAC/pdb-scraper/data/large-cys-his-datasets/4cys-large/output/xyz_files/2cdb_ZN_homo_d2.60_cluster4.xyz,99.08,11.377,,-121.86,8.613,,94.96,10.810,,-66.35,8.987,
2cdb_ZN_homo_d2.60_cluster6,5,#c49c94,1,2cdb_ZN_homo_d2.60_cluster6,29.2834,Cx2Cx2Cx7C-LHHH,-1.20,0.9861,0.7667,0.1920,0.2180,8.370,/Users/stetef/Documents/SLAC/pdb-scraper/data/large-cys-his-datasets/4cys-large/output/xyz_files/2cdb_ZN_homo_d2.60_cluster6.xyz,-124.06,7.650,,97.14,10.020,,91.55,9.337,,-69.41,7.573,
2cdb_ZN_homo_d2.60_cluster8,7,#c7c7c7,1,2cdb_ZN_homo_d2.60_cluster8,29.1277,Cx2Cx2Cx7C-LHHH,-1.66,0.9842,0.7708,0.1920,0.2180,9.990,/Users/stetef/Documents/SLAC/pdb-scraper/data/large-cys-his-datasets/4cys-large/output/xyz_files/2cdb_ZN_homo_d2.60_cluster8.xyz,95.69,9.947,,92.48,8.810,,-123.69,7.743,,-71.12,8.133,
2cdc_ZN_homo_d2.60_cluster2,5,#c49c94,1,2cdc_ZN_homo_d2.60_cluster2,29.5413,Cx2Cx2Cx7C-LHHH,1.15,0.9850,0.7723,0.2060,0.2390,10.230,/Users/stetef/Documents/SLAC/pdb-scraper/data/large-cys-his-datasets/4cys-large/output/xyz_files/2cdc_ZN_homo_d2.60_cluster2.xyz,-122.80,10.447,,95.85,12.443,,93.25,11.920,,-61.70,9.670,
2cdc_ZN_homo_d2.60_cluster4,1,#ff7f0e,1,2cdc_ZN_homo_d2.60_cluster4,29.3601,Cx2Cx2Cx7C-LHHH,-0.99,0.9848,0.7709,0.2060,0.2390,12.010,/Users/stetef/Documents/SLAC/pdb-scraper/data/large-cys-his-datasets/4cys-large/output/xyz_files/2cdc_ZN_homo_d2.60_cluster4.xyz,97.61,14.183,,86.57,12.723,,-123.17,11.367,,-64.97,10.773,
2cdc_ZN_homo_d2.60_cluster6,7,#c7c7c7,1,2cdc_ZN_homo_d2.60_cluster6,29.4776,Cx2Cx2Cx7C-LHHH,-1.11,0.9866,0.7694,0.2060,0.2390,10.750,/Users/stetef/Documents/SLAC/pdb-scraper/data/large-cys-his-datasets/4cys-large/output/xyz_files/2cdc_ZN_homo_d2.60_cluster6.xyz,91.45,11.870,,-121.22,9.680,,-65.67,9.353,,91.00,10.767,
2cdc_ZN_homo_d2.60_cluster8,7,#c7c7c7,1,2cdc_ZN_homo_d2.60_cluster8,29.8125,Cx2Cx2Cx7C-LHHH,-0.67,0.9838,0.7626,0.2060,0.2390,11.610,/Users/stetef/Documents/SLAC/pdb-scraper/data/large-cys-his-datasets/4cys-large/output/xyz_files/2cdc_ZN_homo_d2.60_cluster8.xyz,93.93,13.357,,-121.78,9.883,,-67.58,9.553,,92.74,11.990,
2cf5_ZN_homo_d2.60_cluster1,7,#c7c7c7,1,2cf5_ZN_homo_d2.60_cluster1,31.8039,Cx2Cx2Cx7C-LHHH,-13.82,0.9756,0.8142,0.1950,0.2350,35.360,/Users/stetef/Documents/SLAC/pdb-scraper/data/large-cys-his-datasets/4cys-large/output/xyz_files/2cf5_ZN_homo_d2.60_cluster1.xyz,67.18,39.773,,-110.96,38.343,,-104.09,43.970,,92.58,41.943,
2cjs_ZN_homo_d2.60_cluster1,6,#f7b6d2,1,2cjs_ZN_homo_d2.60_cluster1,15.4969,Cx2Cx20Cx2C-LLLL,54.00,0.9965,0.5416,0.1760,0.2190,19.090,/Users/stetef/Documents/SLAC/pdb-scraper/data/large-cys-his-datasets/4cys-large/output/xyz_files/2cjs_ZN_homo_d2.60_cluster1.xyz,-136.03,21.187,,93.24,21.203,,173.09,20.820,,85.68,21.660,
2cjs_ZN_homo_d2.60_cluster2,5,#c49c94,1,2cjs_ZN_homo_d2.60_cluster2,12.5432,Cx2Cx22Cx2C-LLSH,62.35,0.9938,0.4795,0.1760,0.2190,19.020,/Users/stetef/Documents/SLAC/pdb-scraper/data/large-cys-his-datasets/4cys-large/output/xyz_files/2cjs_ZN_homo_d2.60_cluster2.xyz,-114.72,19.880,,99.47,19.247,,178.21,20.083,,86.45,20.240,
2ckl_ZN_homo_d2.60_cluster1,1,#ff7f0e,1,2ckl_ZN_homo_d2.60_cluster1,19.1638,Cx2Cx17Cx2C-LLSH,-1.14,0.9940,0.5664,0.1810,0.2130,24.000,/Users/stetef/Documents/SLAC/pdb-scraper/data/large-cys-his-datasets/4cys-large/output/xyz_files/2ckl_ZN_homo_d2.60_cluster1.xyz,-158.06,38.860,,160.71,39.110,,-108.28,38.727,,101.06,38.867,
2ckl_ZN_homo_d2.60_cluster4,3,#d62728,1,2ckl_ZN_homo_d2.60_cluster4,16.8953,Cx2Cx17Cx2C-LLSH,1.52,0.9973,0.5282,0.1810,0.2130,52.220,/Users/stetef/Documents/SLAC/pdb-scraper/data/large-cys-his-datasets/4cys-large/output/xyz_files/2ckl_ZN_homo_d2.60_cluster4.xyz,93.04,38.157,,-97.62,34.163,,163.89,40.443,,-153.24,30.077,
2ds5_ZN_homo_d2.60_cluster1,5,#c49c94,1,2ds5_ZN_homo_d2.60_cluster1,12.5424,Cx2Cx18Cx2C-LLSH,60.88,0.9948,0.4904,0.1850,0.2210,9.910,/Users/stetef/Documents/SLAC/pdb-scraper/data/large-cys-his-datasets/4cys-large/output/xyz_files/2ds5_ZN_homo_d2.60_cluster1.xyz,-109.30,9.313,,93.68,9.823,,84.62,9.103,,174.54,8.667,
2ds5_ZN_homo_d2.60_cluster2,7,#c7c7c7,1,2ds5_ZN_homo_d2.60_cluster2,12.4324,Cx2Cx18Cx2C-LLSH,61.47,0.9952,0.4992,0.1850,0.2210,10.760,/Users/stetef/Documents/SLAC/pdb-scraper/data/large-cys-his-datasets/4cys-large/output/xyz_files/2ds5_ZN_homo_d2.60_cluster2.xyz,-107.99,9.563,,86.17,9.457,,172.78,9.777,,94.92,11.280,
2ds6_ZN_homo_d2.60_cluster1,7,#c7c7c7,1,2ds6_ZN_homo_d2.60_cluster1,13.6972,Cx2Cx18Cx2C-LLSH,61.78,0.9893,0.5066,0.2640,0.3130,29.450,/Users/stetef/Documents/SLAC/pdb-scraper/data/large-cys-his-datasets/4cys-large/output/xyz_files/2ds6_ZN_homo_d2.60_cluster1.xyz,83.36,19.703,,172.18,26.300,,-102.99,21.717,,94.55,22.593,
2ds6_ZN_homo_d2.60_cluster2,7,#c7c7c7,1,2ds6_ZN_homo_d2.60_cluster2,12.4570,Cx2Cx18Cx2C-LLSH,61.96,0.9867,0.5132,0.2640,0.3130,27.490,/Users/stetef/Documents/SLAC/pdb-scraper/data/large-cys-his-datasets/4cys-large/output/xyz_files/2ds6_ZN_homo_d2.60_cluster2.xyz,-109.24,23.070,,88.18,20.400,,173.89,24.853,,94.99,24.857,
2ds8_ZN_homo_d2.60_cluster1,7,#c7c7c7,1,2ds8_ZN_homo_d2.60_cluster1,12.6489,Cx2Cx18Cx2C-LLSH,61.74,0.9951,0.4962,0.2010,0.2260,14.040,/Users/stetef/Documents/SLAC/pdb-scraper/data/large-cys-his-datasets/4cys-large/output/xyz_files/2ds8_ZN_homo_d2.60_cluster1.xyz,-109.23,13.997,,175.22,12.623,,84.64,12.547,,96.32,14.640,
2ds8_ZN_homo_d2.60_cluster2,7,#c7c7c7,1,2ds8_ZN_homo_d2.60_cluster2,11.8931,Cx2Cx18Cx2C-LLSH,61.93,0.9951,0.5013,0.2010,0.2260,15.640,/Users/stetef/Documents/SLAC/pdb-scraper/data/large-cys-his-datasets/4cys-large/output/xyz_files/2ds8_ZN_homo_d2.60_cluster2.xyz,-106.99,15.120,,173.53,13.683,,95.99,16.087,,85.18,14.647,
2dyr_ZN_homo_d2.60_cluster1,3,#d62728,1,2dyr_ZN_homo_d2.60_cluster1,2.4566,Cx1Cx19Cx2C-SLLL,110.23,0.9894,0.4710,0.2020,0.2270,25.600,/Users/stetef/Documents/SLAC/pdb-scraper/data/large-cys-his-datasets/4cys-large/output/xyz_files/2dyr_ZN_homo_d2.60_cluster1.xyz,175.23,27.083,,124.56,23.483,,52.96,26.033,,88.15,26.617,
2dyr_ZN_homo_d2.60_cluster2,9,#9edae5,1,2dyr_ZN_homo_d2.60_cluster2,2.5145,Cx1Cx19Cx2C-SLLL,111.83,0.9937,0.4744,0.2020,0.2270,27.100,/Users/stetef/Documents/SLAC/pdb-scraper/data/large-cys-his-datasets/4cys-large/output/xyz_files/2dyr_ZN_homo_d2.60_cluster2.xyz,175.27,25.770,,126.22,23.127,,57.48,27.993,,88.33,26.933,
2ea0_ZN_homo_d2.60_cluster1,3,#d62728,1,2ea0_ZN_homo_d2.60_cluster1,12.4972,Cx2Cx16Cx2C-LLLL,130.17,0.9659,0.5143,0.1600,0.2040,17.440,/Users/stetef/Documents/SLAC/pdb-scraper/data/large-cys-his-datasets/4cys-large/output/xyz_files/2ea0_ZN_homo_d2.60_cluster1.xyz,85.57,18.937,,96.34,16.850,,163.34,18.553,,175.43,19.637,
2eij_ZN_homo_d2.60_cluster2,3,#d62728,1,2eij_ZN_homo_d2.60_cluster2,2.5171,Cx1Cx19Cx2C-SLLL,109.65,0.9893,0.4699,0.2060,0.2340,25.340,/Users/stetef/Documents/SLAC/pdb-scraper/data/large-cys-his-datasets/4cys-large/output/xyz_files/2eij_ZN_homo_d2.60_cluster2.xyz,54.46,25.120,,123.36,21.923,,86.12,26.123,,174.65,25.400,
2eij_ZN_homo_d2.60_cluster4,3,#d62728,1,2eij_ZN_homo_d2.60_cluster4,2.6518,Cx1Cx19Cx2C-SLLL,112.06,0.9943,0.4750,0.2060,0.2340,28.780,/Users/stetef/Documents/SLAC/pdb-scraper/data/large-cys-his-datasets/4cys-large/output/xyz_files/2eij_ZN_homo_d2.60_cluster4.xyz,174.31,25.290,,89.03,26.090,,59.01,29.340,,125.90,23.513,
2f4m_ZN_homo_d2.60_cluster1,3,#d62728,1,2f4m_ZN_homo_d2.60_cluster1,15.3701,Cx2Cx29Cx2C-LLSL,83.50,0.9967,0.4674,0.1890,0.2390,47.230,/Users/stetef/Documents/SLAC/pdb-scraper/data/large-cys-his-datasets/4cys-large/output/xyz_files/2f4m_ZN_homo_d2.60_cluster1.xyz,177.48,43.480,,96.78,44.927,,172.37,45.813,,-112.65,42.743,
2f5n_ZN_homo_d2.60_cluster1,6,#f7b6d2,1,2f5n_ZN_homo_d2.60_cluster1,11.4863,Cx2Cx16Cx2C-LLLL,-2.98,0.8810,0.4024,0.2010,0.2480,30.540,/Users/stetef/Documents/SLAC/pdb-scraper/data/large-cys-his-datasets/4cys-large/output/xyz_files/2f5n_ZN_homo_d2.60_cluster1.xyz,92.34,29.393,,-162.52,31.580,,174.99,33.173,,-116.71,29.163,
2f5p_ZN_homo_d2.60_cluster1,3,#d62728,1,2f5p_ZN_homo_d2.60_cluster1,14.1932,Cx2Cx16Cx2C-LLLL,87.08,0.9724,0.4383,0.2050,0.2400,21.470,/Users/stetef/Documents/SLAC/pdb-scraper/data/large-cys-his-datasets/4cys-large/output/xyz_files/2f5p_ZN_homo_d2.60_cluster1.xyz,-97.38,19.967,,179.48,18.420,,173.47,19.380,,92.75,17.917,
2f6j_ZN_homo_d2.60_cluster2,5,#c49c94,1,2f6j_ZN_homo_d2.60_cluster2,9.9530,Cx2Cx23Cx2C-LLHH,57.75,0.9858,0.4852,0.1980,0.2270,21.350,/Users/stetef/Documents/SLAC/pdb-scraper/data/large-cys-his-datasets/4cys-large/output/xyz_files/2f6j_ZN_homo_d2.60_cluster2.xyz,171.89,18.147,,-119.90,17.500,,90.12,17.957,,88.89,17.090,
2f6j_ZN_homo_d2.60_cluster4,0,#1f77b4,1,2f6j_ZN_homo_d2.60_cluster4,11.9246,Cx2Cx23Cx2C-LLHH,58.38,0.9898,0.4864,0.1980,0.2270,25.220,/Users/stetef/Documents/SLAC/pdb-scraper/data/large-cys-his-datasets/4cys-large/output/xyz_files/2f6j_ZN_homo_d2.60_cluster4.xyz,93.66,22.053,,-123.31,21.730,,92.78,24.093,,170.40,23.603,
2f6j_ZN_homo_d2.60_cluster6,1,#ff7f0e,1,2f6j_ZN_homo_d2.60_cluster6,11.7154,Cx2Cx23Cx2C-LLHH,57.55,0.9875,0.4876,0.1980,0.2270,30.510,/Users/stetef/Documents/SLAC/pdb-scraper/data/large-cys-his-datasets/4cys-large/output/xyz_files/2f6j_ZN_homo_d2.60_cluster6.xyz,169.25,28.183,,95.04,27.907,,89.80,31.653,,-123.90,27.457,
2f6n_ZN_homo_d2.60_cluster2,5,#c49c94,1,2f6n_ZN_homo_d2.60_cluster2,12.3217,Cx2Cx23Cx2C-LLHH,58.35,0.9911,0.4925,0.2170,0.2340,14.060,/Users/stetef/Documents/SLAC/pdb-scraper/data/large-cys-his-datasets/4cys-large/output/xyz_files/2f6n_ZN_homo_d2.60_cluster2.xyz,92.78,14.990,,170.64,14.937,,-120.42,14.210,,90.41,16.740,
2f6n_ZN_homo_d2.60_cluster4,8,#dbdb8d,1,2f6n_ZN_homo_d2.60_cluster4,13.6205,Cx2Cx23Cx2C-SLHH,56.97,0.9894,0.4953,0.2170,0.2340,24.990,/Users/stetef/Documents/SLAC/pdb-scraper/data/large-cys-his-datasets/4cys-large/output/xyz_files/2f6n_ZN_homo_d2.60_cluster4.xyz,157.68,27.703,,92.82,24.970,,97.54,31.243,,-120.15,24.997,
2f9i_ZN_homo_d2.60_cluster1,6,#f7b6d2,1,2f9i_ZN_homo_d2.60_cluster1,1.9783,Cx2Cx15Cx2C-LLLL,133.97,0.9928,0.4748,0.1890,0.2130,35.890,/Users/stetef/Documents/SLAC/pdb-scraper/data/large-cys-his-datasets/4cys-large/output/xyz_files/2f9i_ZN_homo_d2.60_cluster1.xyz,89.29,38.610,,178.59,40.813,,174.81,37.033,,93.19,42.813,
2f9i_ZN_homo_d2.60_cluster2,3,#d62728,1,2f9i_ZN_homo_d2.60_cluster2,2.6386,Cx2Cx15Cx2C-LLLL,133.62,0.9929,0.4750,0.1890,0.2130,44.940,/Users/stetef/Documents/SLAC/pdb-scraper/data/large-cys-his-datasets/4cys-large/output/xyz_files/2f9i_ZN_homo_d2.60_cluster2.xyz,175.83,40.657,,176.86,48.690,,86.58,43.053,,95.22,51.020,
2fe3_ZN_homo_d2.60_cluster1,3,#d62728,1,2fe3_ZN_homo_d2.60_cluster1,13.6565,Cx2Cx36Cx2C-SLHH,62.85,0.9902,0.4839,0.1720,0.2290,18.380,/Users/stetef/Documents/SLAC/pdb-scraper/data/large-cys-his-datasets/4cys-large/output/xyz_files/2fe3_ZN_homo_d2.60_cluster1.xyz,96.22,17.810,,94.87,19.770,,-118.37,18.190,,178.70,16.120,
2fe3_ZN_homo_d2.60_cluster2,7,#c7c7c7,1,2fe3_ZN_homo_d2.60_cluster2,12.9536,Cx2Cx36Cx2C-SLHH,61.72,0.9896,0.4803,0.1720,0.2290,22.400,/Users/stetef/Documents/SLAC/pdb-scraper/data/large-cys-his-datasets/4cys-large/output/xyz_files/2fe3_ZN_homo_d2.60_cluster2.xyz,-118.89,31.003,,174.55,18.723,,94.03,24.123,,97.20,21.617,
2fe8_ZN_homo_d2.60_cluster1,1,#ff7f0e,1,2fe8_ZN_homo_d2.60_cluster1,17.7657,Cx2Cx31Cx1C-SLLL,-0.02,0.8755,0.4035,0.2010,0.2290,58.190,/Users/stetef/Documents/SLAC/pdb-scraper/data/large-cys-his-datasets/4cys-large/output/xyz_files/2fe8_ZN_homo_d2.60_cluster1.xyz,161.91,58.820,,-176.71,42.423,,-101.75,50.350,,116.48,70.113,
2fe8_ZN_homo_d2.60_cluster2,7,#c7c7c7,1,2fe8_ZN_homo_d2.60_cluster2,17.8959,Cx2Cx31Cx1C-SLLL,-2.24,0.9905,0.3847,0.2010,0.2290,27.030,/Users/stetef/Documents/SLAC/pdb-scraper/data/large-cys-his-datasets/4cys-large/output/xyz_files/2fe8_ZN_homo_d2.60_cluster2.xyz,-102.34,31.707,,154.84,25.350,,116.46,28.653,,-177.91,23.167,
2fe8_ZN_homo_d2.60_cluster3,7,#c7c7c7,1,2fe8_ZN_homo_d2.60_cluster3,18.7661,Cx2Cx31Cx1C-SLLL,-2.33,0.9911,0.4043,0.2010,0.2290,58.250,/Users/stetef/Documents/SLAC/pdb-scraper/data/large-cys-his-datasets/4cys-large/output/xyz_files/2fe8_ZN_homo_d2.60_cluster3.xyz,-166.95,55.373,,144.34,57.800,,124.83,56.320,,-111.52,61.087,
2fea_ZN_homo_d2.60_cluster1,1,#ff7f0e,1,2fea_ZN_homo_d2.60_cluster1,23.5747,Cx3Cx3Cx2C-LLLH,3.07,0.9891,0.5335,0.1630,0.2170,40.370,/Users/stetef/Documents/SLAC/pdb-scraper/data/large-cys-his-datasets/4cys-large/output/xyz_files/2fea_ZN_homo_d2.60_cluster1.xyz,84.59,37.627,,137.17,38.403,,-97.80,37.500,,-111.70,41.023,
2fea_ZN_homo_d2.60_cluster2,5,#c49c94,1,2fea_ZN_homo_d2.60_cluster2,23.3305,Cx3Cx3Cx2C-LLLH,2.11,0.9874,0.5217,0.1630,0.2170,41.390,/Users/stetef/Documents/SLAC/pdb-scraper/data/large-cys-his-datasets/4cys-large/output/xyz_files/2fea_ZN_homo_d2.60_cluster2.xyz,148.05,40.693,,78.59,38.647,,-104.00,35.990,,-114.18,39.200,
2fsa_ZN_homo_d2.60_cluster2,1,#ff7f0e,1,2fsa_ZN_homo_d2.60_cluster2,10.5776,Cx2Cx23Cx2C-LLHH,57.58,0.9830,0.4837,0.2000,0.2200,16.510,/Users/stetef/Documents/SLAC/pdb-scraper/data/large-cys-his-datasets/4cys-large/output/xyz_files/2fsa_ZN_homo_d2.60_cluster2.xyz,169.18,15.797,,92.23,15.113,,-121.00,15.673,,89.92,15.947,
2fsa_ZN_homo_d2.60_cluster4,3,#d62728,1,2fsa_ZN_homo_d2.60_cluster4,11.7772,Cx2Cx23Cx2C-LLHH,57.61,0.9893,0.4864,0.2000,0.2200,19.910,/Users/stetef/Documents/SLAC/pdb-scraper/data/large-cys-his-datasets/4cys-large/output/xyz_files/2fsa_ZN_homo_d2.60_cluster4.xyz,92.52,19.130,,169.69,18.807,,91.45,20.347,,-123.23,19.507,
2fsa_ZN_homo_d2.60_cluster6,7,#c7c7c7,1,2fsa_ZN_homo_d2.60_cluster6,11.5676,Cx2Cx23Cx2C-LLHH,57.54,0.9866,0.4820,0.2000,0.2200,25.080,/Users/stetef/Documents/SLAC/pdb-scraper/data/large-cys-his-datasets/4cys-large/output/xyz_files/2fsa_ZN_homo_d2.60_cluster6.xyz,169.33,25.373,,89.66,27.750,,95.08,24.323,,-123.90,26.287,
2fu5_ZN_homo_d2.60_cluster1,4,#9467bd,1,2fu5_ZN_homo_d2.60_cluster1,6.3442,Cx2Cx67Cx2C-LLLL,44.40,0.9705,0.4638,0.2000,0.2520,24.160,/Users/stetef/Documents/SLAC/pdb-scraper/data/large-cys-his-datasets/4cys-large/output/xyz_files/2fu5_ZN_homo_d2.60_cluster1.xyz,86.73,25.903,,176.78,23.520,,92.43,24.360,,-178.36,20.890,
2fu5_ZN_homo_d2.60_cluster2,1,#ff7f0e,1,2fu5_ZN_homo_d2.60_cluster2,6.5388,Cx2Cx67Cx2C-LLLL,131.86,0.9691,0.4702,0.2000,0.2520,24.480,/Users/stetef/Documents/SLAC/pdb-scraper/data/large-cys-his-datasets/4cys-large/output/xyz_files/2fu5_ZN_homo_d2.60_cluster2.xyz,86.10,24.540,,171.61,22.633,,177.34,23.500,,92.38,25.340,
2fyg_ZN_homo_d2.60_cluster2,6,#f7b6d2,1,2fyg_ZN_homo_d2.60_cluster2,30.4918,Cx2Cx7Cx1C-LLLL,-70.86,0.9818,0.6943,0.1980,0.2330,36.420,/Users/stetef/Documents/SLAC/pdb-scraper/data/large-cys-his-datasets/4cys-large/output/xyz_files/2fyg_ZN_homo_d2.60_cluster2.xyz,-179.51,35.130,,-87.81,38.847,,93.63,32.097,,-109.76,44.907,
2fze_ZN_homo_d2.60_cluster1,7,#c7c7c7,1,2fze_ZN_homo_d2.60_cluster1,28.2085,Cx2Cx2Cx7C-LLLL,-3.98,0.9821,0.7943,0.1830,0.2090,28.860,/Users/stetef/Documents/SLAC/pdb-scraper/data/large-cys-his-datasets/4cys-large/output/xyz_files/2fze_ZN_homo_d2.60_cluster1.xyz,-72.03,18.230,,91.82,23.730,,-109.23,20.133,,73.53,21.670,
2fze_ZN_homo_d2.60_cluster3,7,#c7c7c7,1,2fze_ZN_homo_d2.60_cluster3,27.6039,Cx2Cx2Cx7C-LHHL,-6.54,0.9865,0.7876,0.1830,0.2090,25.540,/Users/stetef/Documents/SLAC/pdb-scraper/data/large-cys-his-datasets/4cys-large/output/xyz_files/2fze_ZN_homo_d2.60_cluster3.xyz,-110.06,14.823,,-73.92,16.190,,90.33,19.153,,67.49,17.373,
2fzw_ZN_homo_d2.60_cluster1,7,#c7c7c7,1,2fzw_ZN_homo_d2.60_cluster1,28.0808,Cx2Cx2Cx7C-LHHL,-7.00,0.9782,0.7904,0.1770,0.2040,16.390,/Users/stetef/Documents/SLAC/pdb-scraper/data/large-cys-his-datasets/4cys-large/output/xyz_files/2fzw_ZN_homo_d2.60_cluster1.xyz,-70.99,13.980,,-112.51,14.877,,66.71,16.857,,88.77,17.910,
2fzw_ZN_homo_d2.60_cluster3,7,#c7c7c7,1,2fzw_ZN_homo_d2.60_cluster3,27.9988,Cx2Cx2Cx7C-LHHL,-4.97,0.9836,0.7908,0.1770,0.2040,14.570,/Users/stetef/Documents/SLAC/pdb-scraper/data/large-cys-his-datasets/4cys-large/output/xyz_files/2fzw_ZN_homo_d2.60_cluster3.xyz,-111.11,13.447,,-69.72,12.713,,68.69,14.873,,92.28,15.687,
2g6h_ZN_homo_d2.60_cluster1,3,#d62728,1,2g6h_ZN_homo_d2.60_cluster1,20.4132,Cx4C-Cx4C-LL-LL,44.47,0.9736,0.3210,0.2210,0.2560,35.080,/Users/stetef/Documents/SLAC/pdb-scraper/data/large-cys-his-datasets/4cys-large/output/xyz_files/2g6h_ZN_homo_d2.60_cluster1.xyz,150.14,48.753,,151.27,46.193,,-64.40,39.580,,-59.15,39.567,
2g6i_ZN_homo_d2.60_cluster1,3,#d62728,1,2g6i_ZN_homo_d2.60_cluster1,20.6436,Cx4C-Cx4C-LL-LL,45.44,0.9659,0.3323,0.2260,0.2630,37.260,/Users/stetef/Documents/SLAC/pdb-scraper/data/large-cys-his-datasets/4cys-large/output/xyz_files/2g6i_ZN_homo_d2.60_cluster1.xyz,150.98,48.250,,155.47,45.867,,-62.51,41.157,,-62.18,40.233,
2g6k_ZN_homo_d2.60_cluster1,0,#1f77b4,1,2g6k_ZN_homo_d2.60_cluster1,21.2467,Cx4C-Cx4C-LL-LL,45.27,0.9610,0.3571,0.2120,0.2480,40.660,/Users/stetef/Documents/SLAC/pdb-scraper/data/large-cys-his-datasets/4cys-large/output/xyz_files/2g6k_ZN_homo_d2.60_cluster1.xyz,150.07,51.377,,-58.70,46.387,,150.04,51.767,,-60.35,44.167,
2g6m_ZN_homo_d2.60_cluster1,3,#d62728,1,2g6m_ZN_homo_d2.60_cluster1,20.8694,Cx4C-Cx4C-LL-LL,45.62,0.9689,0.3344,0.2200,0.2510,33.340,/Users/stetef/Documents/SLAC/pdb-scraper/data/large-cys-his-datasets/4cys-large/output/xyz_files/2g6m_ZN_homo_d2.60_cluster1.xyz,154.24,43.280,,152.01,41.567,,-63.08,37.347,,-60.69,35.327,
2g6n_ZN_homo_d2.60_cluster1,0,#1f77b4,1,2g6n_ZN_homo_d2.60_cluster1,20.3253,Cx4C-Cx4C-LL-LL,45.36,0.9668,0.3190,0.2270,0.2620,36.680,/Users/stetef/Documents/SLAC/pdb-scraper/data/large-cys-his-datasets/4cys-large/output/xyz_files/2g6n_ZN_homo_d2.60_cluster1.xyz,154.35,46.673,,153.51,44.827,,-62.78,40.930,,-63.65,38.463,
2g6o_ZN_homo_d2.60_cluster1,3,#d62728,1,2g6o_ZN_homo_d2.60_cluster1,20.2953,Cx4C-Cx4C-LL-LL,39.45,0.9871,0.3035,0.2080,0.2400,31.540,/Users/stetef/Documents/SLAC/pdb-scraper/data/large-cys-his-datasets/4cys-large/output/xyz_files/2g6o_ZN_homo_d2.60_cluster1.xyz,152.08,35.527,,-78.38,34.120,,-69.94,34.163,,154.02,36.380,
2g6q_ZN_homo_d2.60_cluster2,7,#c7c7c7,1,2g6q_ZN_homo_d2.60_cluster2,20.1812,Cx4Cx21Cx2C-LLHH,-76.63,0.9918,0.5536,0.2230,0.2310,18.950,/Users/stetef/Documents/SLAC/pdb-scraper/data/large-cys-his-datasets/4cys-large/output/xyz_files/2g6q_ZN_homo_d2.60_cluster2.xyz,-170.45,17.953,,96.05,19.593,,-112.14,21.097,,-119.99,20.967,
2gfo_ZN_homo_d2.60_cluster1,4,#9467bd,1,2gfo_ZN_homo_d2.60_cluster1,9.6628,Cx2Cx45Cx2C-SLSL,88.08,0.9927,0.4382,0.1710,0.2100,43.210,/Users/stetef/Documents/SLAC/pdb-scraper/data/large-cys-his-datasets/4cys-large/output/xyz_files/2gfo_ZN_homo_d2.60_cluster1.xyz,177.93,35.633,,88.65,34.670,,-91.94,41.597,,177.68,38.537,
2h2d_ZN_homo_d2.60_cluster1,7,#c7c7c7,1,2h2d_ZN_homo_d2.60_cluster1,12.9365,Cx2Cx20Cx2C-SLLL,127.00,0.9573,0.4824,0.2210,0.2370,28.390,/Users/stetef/Documents/SLAC/pdb-scraper/data/large-cys-his-datasets/4cys-large/output/xyz_files/2h2d_ZN_homo_d2.60_cluster1.xyz,179.34,20.337,,81.01,27.590,,70.31,31.200,,177.36,25.317,
2h2g_ZN_homo_d2.60_cluster1,7,#c7c7c7,1,2h2g_ZN_homo_d2.60_cluster1,12.8488,Cx2Cx20Cx2C-SLLL,130.22,0.9451,0.4713,0.1980,0.2260,18.160,/Users/stetef/Documents/SLAC/pdb-scraper/data/large-cys-his-datasets/4cys-large/output/xyz_files/2h2g_ZN_homo_d2.60_cluster1.xyz,85.42,20.887,,77.46,20.030,,178.70,14.870,,179.31,17.237,
2h2i_ZN_homo_d2.60_cluster1,3,#d62728,1,2h2i_ZN_homo_d2.60_cluster1,11.7283,Cx2Cx20Cx2C-SLLL,-46.10,0.9583,0.4642,0.1880,0.2130,24.840,/Users/stetef/Documents/SLAC/pdb-scraper/data/large-cys-his-datasets/4cys-large/output/xyz_files/2h2i_ZN_homo_d2.60_cluster1.xyz,91.00,24.393,,81.45,28.297,,-179.91,25.563,,-176.95,21.827,
2h4f_ZN_homo_d2.60_cluster1,3,#d62728,1,2h4f_ZN_homo_d2.60_cluster1,11.9378,Cx2Cx20Cx2C-SLLL,43.31,0.9485,0.4708,0.1940,0.2280,35.280,/Users/stetef/Documents/SLAC/pdb-scraper/data/large-cys-his-datasets/4cys-large/output/xyz_files/2h4f_ZN_homo_d2.60_cluster1.xyz,80.55,34.790,,178.82,38.787,,-173.95,27.903,,87.81,41.403,
2h4h_ZN_homo_d2.60_cluster1,8,#dbdb8d,1,2h4h_ZN_homo_d2.60_cluster1,11.2656,Cx2Cx20Cx2C-SLLL,-47.05,0.9541,0.4850,0.1980,0.2370,32.610,/Users/stetef/Documents/SLAC/pdb-scraper/data/large-cys-his-datasets/4cys-large/output/xyz_files/2h4h_ZN_homo_d2.60_cluster1.xyz,81.84,32.683,,-174.66,33.240,,-174.63,26.127,,79.23,36.090,
2h59_ZN_homo_d2.60_cluster2,5,#c49c94,1,2h59_ZN_homo_d2.60_cluster2,11.6734,Cx2Cx20Cx2C-SLLL,135.16,0.8426,0.4628,0.2070,0.2470,65.590,/Users/stetef/Documents/SLAC/pdb-scraper/data/large-cys-his-datasets/4cys-large/output/xyz_files/2h59_ZN_homo_d2.60_cluster2.xyz,97.10,57.340,,175.28,63.950,,95.61,63.853,,172.67,50.053,
2han_ZN_homo_d2.60_cluster1,6,#f7b6d2,1,2han_ZN_homo_d2.60_cluster1,19.5058,Cx2Cx13Cx2C-LLHH,61.13,0.9869,0.4599,0.1820,0.2170,26.610,/Users/stetef/Documents/SLAC/pdb-scraper/data/large-cys-his-datasets/4cys-large/output/xyz_files/2han_ZN_homo_d2.60_cluster1.xyz,-114.62,27.093,,92.91,27.177,,175.33,30.793,,90.90,27.970,
2han_ZN_homo_d2.60_cluster2,1,#ff7f0e,1,2han_ZN_homo_d2.60_cluster2,30.7179,Cx5Cx9Cx2C-LLHH,-34.65,0.9862,0.6336,0.1820,0.2170,34.570,/Users/stetef/Documents/SLAC/pdb-scraper/data/large-cys-his-datasets/4cys-large/output/xyz_files/2han_ZN_homo_d2.60_cluster2.xyz,-107.89,30.187,,178.22,30.803,,-109.11,33.707,,-99.80,40.893,
2han_ZN_homo_d2.60_cluster3,3,#d62728,1,2han_ZN_homo_d2.60_cluster3,18.3666,Cx2Cx13Cx2C-LLHH,57.42,0.9907,0.4550,0.1820,0.2170,24.640,/Users/stetef/Documents/SLAC/pdb-scraper/data/large-cys-his-datasets/4cys-large/output/xyz_files/2han_ZN_homo_d2.60_cluster3.xyz,172.37,26.120,,85.78,25.590,,91.52,25.390,,-119.98,25.973,
2han_ZN_homo_d2.60_cluster4,7,#c7c7c7,1,2han_ZN_homo_d2.60_cluster4,31.7083,Cx5Cx9Cx2C-LLHH,-125.24,0.9898,0.6011,0.1820,0.2170,38.010,/Users/stetef/Documents/SLAC/pdb-scraper/data/large-cys-his-datasets/4cys-large/output/xyz_files/2han_ZN_homo_d2.60_cluster4.xyz,-114.20,30.413,,-108.06,41.633,,-174.29,29.313,,-104.39,42.120,
2hd5_ZN_homo_d2.60_cluster1,1,#ff7f0e,1,2hd5_ZN_homo_d2.60_cluster1,6.9255,Cx2Cx43Cx2C-SLSL,-1.29,0.9922,0.4353,0.1770,0.2290,21.080,/Users/stetef/Documents/SLAC/pdb-scraper/data/large-cys-his-datasets/4cys-large/output/xyz_files/2hd5_ZN_homo_d2.60_cluster1.xyz,98.22,17.807,,-179.20,23.383,,-95.28,24.597,,171.10,15.490,
2hjh_ZN_homo_d2.60_cluster1,5,#c49c94,1,2hjh_ZN_homo_d2.60_cluster1,11.4634,Cx2Cx20Cx2C-SLLH,-4.43,0.9837,0.4586,0.1710,0.2150,32.020,/Users/stetef/Documents/SLAC/pdb-scraper/data/large-cys-his-datasets/4cys-large/output/xyz_files/2hjh_ZN_homo_d2.60_cluster1.xyz,90.51,21.930,,170.57,21.373,,-99.31,22.440,,-179.52,20.170,
2hjh_ZN_homo_d2.60_cluster2,2,#2ca02c,1,2hjh_ZN_homo_d2.60_cluster2,12.7048,Cx2Cx20Cx2C-SLLH,-3.35,0.9839,0.4506,0.1710,0.2150,31.890,/Users/stetef/Documents/SLAC/pdb-scraper/data/large-cys-his-datasets/4cys-large/output/xyz_files/2hjh_ZN_homo_d2.60_cluster2.xyz,-100.53,25.703,,175.06,23.500,,90.41,22.907,,-178.34,21.453,
2hu9_ZN_homo_d2.60_cluster1,1,#ff7f0e,1,2hu9_ZN_homo_d2.60_cluster1,19.4115,Cx2Cx30Cx4C-LLLL,70.43,0.9730,0.5578,0.2060,0.2210,31.710,/Users/stetef/Documents/SLAC/pdb-scraper/data/large-cys-his-datasets/4cys-large/output/xyz_files/2hu9_ZN_homo_d2.60_cluster1.xyz,-163.28,30.970,,177.77,31.573,,92.29,35.143,,174.96,31.630,
2hu9_ZN_homo_d2.60_cluster2,1,#ff7f0e,1,2hu9_ZN_homo_d2.60_cluster2,20.4126,Cx2Cx30Cx4C-LLLL,70.42,0.9727,0.5654,0.2060,0.2210,32.140,/Users/stetef/Documents/SLAC/pdb-scraper/data/large-cys-his-datasets/4cys-large/output/xyz_files/2hu9_ZN_homo_d2.60_cluster2.xyz,172.36,32.373,,96.29,38.300,,174.32,34.963,,-161.29,28.240,
2hx2_ZN_homo_d2.60_cluster1,5,#c49c94,1,2hx2_ZN_homo_d2.60_cluster1,20.1158,Cx4C-Cx4C-LL-LL,43.00,0.9832,0.3053,0.1800,0.2130,24.590,/Users/stetef/Documents/SLAC/pdb-scraper/data/large-cys-his-datasets/4cys-large/output/xyz_files/2hx2_ZN_homo_d2.60_cluster1.xyz,-72.11,24.113,,-69.08,26.727,,156.56,26.783,,156.63,27.193,
2hx3_ZN_homo_d2.60_cluster1,2,#2ca02c,1,2hx3_ZN_homo_d2.60_cluster1,21.2823,Cx4C-Cx4C-LL-LL,47.82,0.9630,0.3453,0.2170,0.2580,33.750,/Users/stetef/Documents/SLAC/pdb-scraper/data/large-cys-his-datasets/4cys-large/output/xyz_files/2hx3_ZN_homo_d2.60_cluster1.xyz,155.23,41.290,,154.92,39.607,,-61.13,35.087,,-57.72,32.167,
2i9w_ZN_homo_d2.60_cluster1,3,#d62728,1,2i9w_ZN_homo_d2.60_cluster1,20.4389,Cx1Cx17CC-HHHH,68.82,0.9483,0.3113,0.1940,0.2380,17.460,/Users/stetef/Documents/SLAC/pdb-scraper/data/large-cys-his-datasets/4cys-large/output/xyz_files/2i9w_ZN_homo_d2.60_cluster1.xyz,147.14,18.437,,109.40,19.683,,-78.61,18.003,,97.36,19.107,
2i9w_ZN_homo_d2.60_cluster2,5,#c49c94,1,2i9w_ZN_homo_d2.60_cluster2,17.4340,Cx1Cx8CC-LLHH,72.88,0.9797,0.3419,0.1940,0.2380,21.340,/Users/stetef/Documents/SLAC/pdb-scraper/data/large-cys-his-datasets/4cys-large/output/xyz_files/2i9w_ZN_homo_d2.60_cluster2.xyz,154.19,22.383,,109.62,22.640,,-77.85,23.167,,105.58,21.303,
2igq_ZN_homo_d2.60_cluster1,3,#d62728,1,2igq_ZN_homo_d2.60_cluster1,7.3278,Cx12Cx29Cx3C-LHLL,37.58,0.9577,0.5119,0.1910,0.2370,24.210,/Users/stetef/Documents/SLAC/pdb-scraper/data/large-cys-his-datasets/4cys-large/output/xyz_files/2igq_ZN_homo_d2.60_cluster1.xyz,63.88,20.520,,138.13,25.297,,-142.41,23.123,,90.72,25.347,
2igq_ZN_homo_d2.60_cluster2,6,#f7b6d2,1,2igq_ZN_homo_d2.60_cluster2,43.5429,Cx36Cx5Cx3C-LLLL,-84.93,0.9905,0.7574,0.1910,0.2370,23.430,/Users/stetef/Documents/SLAC/pdb-scraper/data/large-cys-his-datasets/4cys-large/output/xyz_files/2igq_ZN_homo_d2.60_cluster2.xyz,-176.65,24.280,,-178.12,23.050,,177.65,20.520,,-162.60,28.277,
2igq_ZN_homo_d2.60_cluster3,3,#d62728,1,2igq_ZN_homo_d2.60_cluster3,21.8048,Cx1Cx3Cx4C-LLLH,-70.20,0.9854,0.5697,0.1910,0.2370,25.710,/Users/stetef/Documents/SLAC/pdb-scraper/data/large-cys-his-datasets/4cys-large/output/xyz_files/2igq_ZN_homo_d2.60_cluster3.xyz,-79.58,26.237,,-162.17,25.347,,90.59,28.277,,-129.66,30.537,
2igq_ZN_homo_d2.60_cluster4,5,#c49c94,1,2igq_ZN_homo_d2.60_cluster4,30.2106,Cx52Cx1Cx4C-LLLL,11.15,0.9814,0.6896,0.1910,0.2370,42.980,/Users/stetef/Documents/SLAC/pdb-scraper/data/large-cys-his-datasets/4cys-large/output/xyz_files/2igq_ZN_homo_d2.60_cluster4.xyz,102.07,43.853,,133.53,51.393,,-108.02,35.273,,-82.96,53.023,
2igq_ZN_homo_d2.60_cluster5,3,#d62728,1,2igq_ZN_homo_d2.60_cluster5,6.6529,Cx12Cx29Cx3C-LHLL,38.95,0.9698,0.5078,0.1910,0.2370,26.080,/Users/stetef/Documents/SLAC/pdb-scraper/data/large-cys-his-datasets/4cys-large/output/xyz_files/2igq_ZN_homo_d2.60_cluster5.xyz,64.38,20.843,,-137.33,26.807,,140.63,23.573,,88.13,23.173,
2igq_ZN_homo_d2.60_cluster6,3,#d62728,1,2igq_ZN_homo_d2.60_cluster6,45.2607,Cx36Cx5Cx3C-LLLL,-82.01,0.9935,0.7540,0.1910,0.2370,23.700,/Users/stetef/Documents/SLAC/pdb-scraper/data/large-cys-his-datasets/4cys-large/output/xyz_files/2igq_ZN_homo_d2.60_cluster6.xyz,-172.32,22.950,,-178.24,23.890,,178.80,20.843,,-156.26,25.383,
2igq_ZN_homo_d2.60_cluster7,8,#dbdb8d,1,2igq_ZN_homo_d2.60_cluster7,21.6836,Cx1Cx3Cx4C-LLLH,-70.25,0.9901,0.5838,0.1910,0.2370,25.530,/Users/stetef/Documents/SLAC/pdb-scraper/data/large-cys-his-datasets/4cys-large/output/xyz_files/2igq_ZN_homo_d2.60_cluster7.xyz,-161.53,23.173,,-80.90,24.130,,91.55,25.383,,-130.10,24.423,
2igq_ZN_homo_d2.60_cluster8,6,#f7b6d2,1,2igq_ZN_homo_d2.60_cluster8,29.9949,Cx52Cx1Cx4C-LLLL,13.11,0.9716,0.6893,0.1910,0.2370,29.660,/Users/stetef/Documents/SLAC/pdb-scraper/data/large-cys-his-datasets/4cys-large/output/xyz_files/2igq_ZN_homo_d2.60_cluster8.xyz,95.71,28.147,,-106.01,27.970,,-78.40,27.857,,141.13,33.487,
2iqj_ZN_homo_d2.60_cluster1,5,#c49c94,1,2iqj_ZN_homo_d2.60_cluster1,17.6930,Cx2Cx16Cx2C-LLHH,57.71,0.9909,0.4771,0.1950,0.2460,19.540,/Users/stetef/Documents/SLAC/pdb-scraper/data/large-cys-his-datasets/4cys-large/output/xyz_files/2iqj_ZN_homo_d2.60_cluster1.xyz,174.84,18.297,,-117.71,17.703,,89.04,15.560,,84.67,18.177,
2iqj_ZN_homo_d2.60_cluster2,5,#c49c94,1,2iqj_ZN_homo_d2.60_cluster2,17.8045,Cx2Cx16Cx2C-LLHH,57.66,0.9909,0.4796,0.1950,0.2460,20.460,/Users/stetef/Documents/SLAC/pdb-scraper/data/large-cys-his-datasets/4cys-large/output/xyz_files/2iqj_ZN_homo_d2.60_cluster2.xyz,-119.30,17.333,,175.57,16.630,,88.32,18.553,,86.05,18.917,
2j6a_ZN_homo_d2.60_cluster1,5,#c49c94,1,2j6a_ZN_homo_d2.60_cluster1,17.7240,Cx4Cx95Cx2C-LHLL,-20.66,0.9867,0.5519,0.2000,0.2360,14.400,/Users/stetef/Documents/SLAC/pdb-scraper/data/large-cys-his-datasets/4cys-large/output/xyz_files/2j6a_ZN_homo_d2.60_cluster1.xyz,-178.56,19.253,,173.10,13.617,,99.45,14.473,,-176.64,14.000,
2j9u_ZN_homo_d2.60_cluster1,6,#f7b6d2,1,2j9u_ZN_homo_d2.60_cluster1,7.1484,Cx2Cx19Cx2C-LLLL,132.83,0.9822,0.4767,0.2240,0.2600,19.050,/Users/stetef/Documents/SLAC/pdb-scraper/data/large-cys-his-datasets/4cys-large/output/xyz_files/2j9u_ZN_homo_d2.60_cluster1.xyz,87.85,20.200,,93.20,23.927,,173.43,24.923,,176.83,24.490,
2j9u_ZN_homo_d2.60_cluster2,9,#9edae5,1,2j9u_ZN_homo_d2.60_cluster2,8.4468,Cx2Cx19Cx2C-LLLL,131.37,0.9739,0.4850,0.2240,0.2600,19.470,/Users/stetef/Documents/SLAC/pdb-scraper/data/large-cys-his-datasets/4cys-large/output/xyz_files/2j9u_ZN_homo_d2.60_cluster2.xyz,87.90,22.307,,174.91,24.323,,91.57,22.600,,171.12,25.797,
2jhg_ZN_homo_d2.60_cluster2,5,#c49c94,1,2jhg_ZN_homo_d2.60_cluster2,28.8586,Cx2Cx2Cx7C-LHHL,-3.96,0.9771,0.8054,0.1150,0.1420,11.340,/Users/stetef/Documents/SLAC/pdb-scraper/data/large-cys-his-datasets/4cys-large/output/xyz_files/2jhg_ZN_homo_d2.60_cluster2.xyz,-68.00,9.957,,93.93,12.410,,-109.23,11.143,,67.47,12.690,
2jhg_ZN_homo_d2.60_cluster4,5,#c49c94,1,2jhg_ZN_homo_d2.60_cluster4,28.9689,Cx2Cx2Cx7C-LHHL,-3.55,0.9786,0.8049,0.1150,0.1420,13.320,/Users/stetef/Documents/SLAC/pdb-scraper/data/large-cys-his-datasets/4cys-large/output/xyz_files/2jhg_ZN_homo_d2.60_cluster4.xyz,-66.41,11.770,,94.15,14.687,,-109.65,12.417,,67.72,15.707,
2nll_ZN_homo_d2.60_cluster1,9,#9edae5,1,2nll_ZN_homo_d2.60_cluster1,17.3673,Cx2Cx13Cx2C-LLLH,64.03,0.9686,0.4690,0.2060,0.2690,56.360,/Users/stetef/Documents/SLAC/pdb-scraper/data/large-cys-his-datasets/4cys-large/output/xyz_files/2nll_ZN_homo_d2.60_cluster1.xyz,100.95,57.967,,-105.98,47.747,,84.20,55.580,,176.94,54.403,
2nll_ZN_homo_d2.60_cluster2,0,#1f77b4,1,2nll_ZN_homo_d2.60_cluster2,31.7545,Cx5Cx9Cx2C-LLLH,-122.21,0.9507,0.6277,0.2060,0.2690,44.580,/Users/stetef/Documents/SLAC/pdb-scraper/data/large-cys-his-datasets/4cys-large/output/xyz_files/2nll_ZN_homo_d2.60_cluster2.xyz,-169.75,37.243,,-100.04,45.300,,-86.80,45.633,,-132.24,49.610,
2nll_ZN_homo_d2.60_cluster3,5,#c49c94,1,2nll_ZN_homo_d2.60_cluster3,19.4487,Cx2Cx13Cx2C-LLLH,59.70,0.9954,0.4797,0.2060,0.2690,17.490,/Users/stetef/Documents/SLAC/pdb-scraper/data/large-cys-his-datasets/4cys-large/output/xyz_files/2nll_ZN_homo_d2.60_cluster3.xyz,174.99,16.030,,-112.04,16.297,,85.15,16.710,,90.72,13.527,
2nll_ZN_homo_d2.60_cluster4,9,#9edae5,1,2nll_ZN_homo_d2.60_cluster4,31.4372,Cx5Cx9Cx2C-LLLH,-121.96,0.9906,0.6223,0.2060,0.2690,23.790,/Users/stetef/Documents/SLAC/pdb-scraper/data/large-cys-his-datasets/4cys-large/output/xyz_files/2nll_ZN_homo_d2.60_cluster4.xyz,-107.77,18.537,,-117.48,24.000,,-84.00,28.900,,-178.60,19.840,
2o8j_ZN_homo_d2.60_cluster1,7,#c7c7c7,1,2o8j_ZN_homo_d2.60_cluster1,7.1900,Cx12Cx29Cx3C-LHLL,40.42,0.9751,0.5156,0.1840,0.2210,18.440,/Users/stetef/Documents/SLAC/pdb-scraper/data/large-cys-his-datasets/4cys-large/output/xyz_files/2o8j_ZN_homo_d2.60_cluster1.xyz,-143.19,18.173,,138.76,14.333,,73.93,15.160,,92.19,15.320,
2o8j_ZN_homo_d2.60_cluster10,1,#ff7f0e,1,2o8j_ZN_homo_d2.60_cluster10,43.0418,Cx36Cx5Cx3C-LLLL,-82.48,0.9912,0.7421,0.1840,0.2210,15.990,/Users/stetef/Documents/SLAC/pdb-scraper/data/large-cys-his-datasets/4cys-large/output/xyz_files/2o8j_ZN_homo_d2.60_cluster10.xyz,-177.10,14.063,,-175.92,15.543,,-156.43,14.597,,179.54,13.203,
2o8j_ZN_homo_d2.60_cluster11,7,#c7c7c7,1,2o8j_ZN_homo_d2.60_cluster11,21.9895,Cx1Cx3Cx4C-LLLH,-71.66,0.9895,0.5877,0.1840,0.2210,16.930,/Users/stetef/Documents/SLAC/pdb-scraper/data/large-cys-his-datasets/4cys-large/output/xyz_files/2o8j_ZN_homo_d2.60_cluster11.xyz,91.85,14.597,,-82.02,16.843,,-164.31,13.923,,-132.17,16.130,
2o8j_ZN_homo_d2.60_cluster12,7,#c7c7c7,1,2o8j_ZN_homo_d2.60_cluster12,29.1971,Cx52Cx1Cx4C-LLLL,12.63,0.9975,0.6919,0.1840,0.2210,26.890,/Users/stetef/Documents/SLAC/pdb-scraper/data/large-cys-his-datasets/4cys-large/output/xyz_files/2o8j_ZN_homo_d2.60_cluster12.xyz,138.17,24.673,,97.50,29.067,,-112.59,25.473,,-72.55,32.027,
2o8j_ZN_homo_d2.60_cluster13,5,#c49c94,1,2o8j_ZN_homo_d2.60_cluster13,6.5446,Cx12Cx29Cx3C-LHLL,37.69,0.9737,0.5160,0.1840,0.2210,17.940,/Users/stetef/Documents/SLAC/pdb-scraper/data/large-cys-his-datasets/4cys-large/output/xyz_files/2o8j_ZN_homo_d2.60_cluster13.xyz,-145.81,18.453,,137.32,13.700,,69.59,14.143,,89.67,15.547,
2o8j_ZN_homo_d2.60_cluster14,7,#c7c7c7,1,2o8j_ZN_homo_d2.60_cluster14,43.6244,Cx36Cx5Cx3C-LLLL,-82.79,0.9913,0.7545,0.1840,0.2210,17.270,/Users/stetef/Documents/SLAC/pdb-scraper/data/large-cys-his-datasets/4cys-large/output/xyz_files/2o8j_ZN_homo_d2.60_cluster14.xyz,-177.77,17.710,,-155.93,17.730,,-176.45,15.820,,178.99,14.143,
2o8j_ZN_homo_d2.60_cluster15,7,#c7c7c7,1,2o8j_ZN_homo_d2.60_cluster15,21.6866,Cx1Cx3Cx4C-LLLH,-70.38,0.9888,0.5893,0.1840,0.2210,18.710,/Users/stetef/Documents/SLAC/pdb-scraper/data/large-cys-his-datasets/4cys-large/output/xyz_files/2o8j_ZN_homo_d2.60_cluster15.xyz,-81.22,20.057,,94.48,17.730,,-165.96,15.547,,-128.81,17.097,
2o8j_ZN_homo_d2.60_cluster16,1,#ff7f0e,1,2o8j_ZN_homo_d2.60_cluster16,28.7405,Cx52Cx1Cx4C-LLLL,14.79,0.9964,0.6864,0.1840,0.2210,31.160,/Users/stetef/Documents/SLAC/pdb-scraper/data/large-cys-his-datasets/4cys-large/output/xyz_files/2o8j_ZN_homo_d2.60_cluster16.xyz,144.36,31.253,,101.38,32.813,,-110.83,27.583,,-75.77,35.893,
2o8j_ZN_homo_d2.60_cluster2,1,#ff7f0e,1,2o8j_ZN_homo_d2.60_cluster2,42.9151,Cx36Cx5Cx3C-LLLL,-173.44,0.9918,0.7563,0.1840,0.2210,17.580,/Users/stetef/Documents/SLAC/pdb-scraper/data/large-cys-his-datasets/4cys-large/output/xyz_files/2o8j_ZN_homo_d2.60_cluster2.xyz,-176.39,17.113,,-161.99,16.927,,-176.48,15.557,,-178.90,15.160,
2o8j_ZN_homo_d2.60_cluster3,5,#c49c94,1,2o8j_ZN_homo_d2.60_cluster3,22.0795,Cx1Cx3Cx4C-LLLH,-71.81,0.9912,0.5984,0.1840,0.2210,17.970,/Users/stetef/Documents/SLAC/pdb-scraper/data/large-cys-his-datasets/4cys-large/output/xyz_files/2o8j_ZN_homo_d2.60_cluster3.xyz,-83.14,18.570,,-161.74,15.320,,84.32,16.927,,-126.67,16.053,
2o8j_ZN_homo_d2.60_cluster4,1,#ff7f0e,1,2o8j_ZN_homo_d2.60_cluster4,28.8639,Cx52Cx1Cx4C-LLLL,14.04,0.9979,0.6892,0.1840,0.2210,27.330,/Users/stetef/Documents/SLAC/pdb-scraper/data/large-cys-his-datasets/4cys-large/output/xyz_files/2o8j_ZN_homo_d2.60_cluster4.xyz,143.06,27.267,,100.71,28.600,,-78.46,30.387,,-109.14,24.597,
2o8j_ZN_homo_d2.60_cluster5,5,#c49c94,1,2o8j_ZN_homo_d2.60_cluster5,6.3050,Cx12Cx29Cx3C-LHLL,39.00,0.9734,0.5150,0.1840,0.2210,26.290,/Users/stetef/Documents/SLAC/pdb-scraper/data/large-cys-his-datasets/4cys-large/output/xyz_files/2o8j_ZN_homo_d2.60_cluster5.xyz,71.23,20.990,,136.65,20.677,,90.18,26.020,,-142.07,27.773,
2o8j_ZN_homo_d2.60_cluster6,7,#c7c7c7,1,2o8j_ZN_homo_d2.60_cluster6,43.3886,Cx36Cx5Cx3C-LLLL,-171.45,0.9748,0.7590,0.1840,0.2210,24.980,/Users/stetef/Documents/SLAC/pdb-scraper/data/large-cys-his-datasets/4cys-large/output/xyz_files/2o8j_ZN_homo_d2.60_cluster6.xyz,-178.14,24.227,,-177.59,20.990,,-170.88,22.283,,-159.20,27.973,
2o8j_ZN_homo_d2.60_cluster8,5,#c49c94,1,2o8j_ZN_homo_d2.60_cluster8,29.5731,Cx52Cx1Cx4C-LLLL,12.00,0.9952,0.7190,0.1840,0.2210,29.200,/Users/stetef/Documents/SLAC/pdb-scraper/data/large-cys-his-datasets/4cys-large/output/xyz_files/2o8j_ZN_homo_d2.60_cluster8.xyz,99.10,32.607,,-113.66,29.437,,137.94,29.250,,-75.38,34.543,
2o8j_ZN_homo_d2.60_cluster9,5,#c49c94,1,2o8j_ZN_homo_d2.60_cluster9,6.6538,Cx12Cx29Cx3C-LHLL,39.61,0.9765,0.5134,0.1840,0.2210,17.350,/Users/stetef/Documents/SLAC/pdb-scraper/data/large-cys-his-datasets/4cys-large/output/xyz_files/2o8j_ZN_homo_d2.60_cluster9.xyz,-142.71,16.273,,138.61,13.697,,72.44,13.203,,90.10,13.923,
2od2_ZN_homo_d2.60_cluster1,3,#d62728,1,2od2_ZN_homo_d2.60_cluster1,10.2932,Cx2Cx23Cx2C-SLLL,127.51,0.8065,0.4920,0.2250,0.2330,31.810,/Users/stetef/Documents/SLAC/pdb-scraper/data/large-cys-his-datasets/4cys-large/output/xyz_files/2od2_ZN_homo_d2.60_cluster1.xyz,85.95,32.093,,165.98,26.800,,86.49,27.620,,171.62,30.427,
2od7_ZN_homo_d2.60_cluster1,6,#f7b6d2,1,2od7_ZN_homo_d2.60_cluster1,9.1795,Cx2Cx23Cx2C-SLLL,41.93,0.9232,0.4891,0.2220,0.2340,26.400,/Users/stetef/Documents/SLAC/pdb-scraper/data/large-cys-his-datasets/4cys-large/output/xyz_files/2od7_ZN_homo_d2.60_cluster1.xyz,92.54,30.560,,-179.71,21.500,,171.11,24.313,,83.78,20.610,
2ohx_ZN_homo_d2.60_cluster2,5,#c49c94,1,2ohx_ZN_homo_d2.60_cluster2,29.1172,Cx2Cx2Cx7C-LLLL,-4.98,0.9823,0.8177,0.1730,,23.880,/Users/stetef/Documents/SLAC/pdb-scraper/data/large-cys-his-datasets/4cys-large/output/xyz_files/2ohx_ZN_homo_d2.60_cluster2.xyz,-104.99,22.567,,93.44,24.863,,-70.40,18.840,,62.04,25.597,
2ohx_ZN_homo_d2.60_cluster4,5,#c49c94,1,2ohx_ZN_homo_d2.60_cluster4,29.2262,Cx2Cx2Cx7C-LLLL,-8.56,0.9821,0.8060,0.1730,,26.730,/Users/stetef/Documents/SLAC/pdb-scraper/data/large-cys-his-datasets/4cys-large/output/xyz_files/2ohx_ZN_homo_d2.60_cluster4.xyz,-112.63,24.080,,90.67,28.853,,-76.13,21.400,,63.85,28.527,
2olm_ZN_homo_d2.60_cluster1,0,#1f77b4,1,2olm_ZN_homo_d2.60_cluster1,15.7126,Cx2Cx16Cx2C-LLHH,60.98,0.9938,0.5156,0.1800,0.1950,11.190,/Users/stetef/Documents/SLAC/pdb-scraper/data/large-cys-his-datasets/4cys-large/output/xyz_files/2olm_ZN_homo_d2.60_cluster1.xyz,92.01,12.660,,93.46,11.000,,-116.88,10.093,,175.33,10.037,
2opf_ZN_homo_d2.60_cluster1,7,#c7c7c7,1,2opf_ZN_homo_d2.60_cluster1,12.0517,Cx2Cx16Cx2C-LLLL,126.47,0.9512,0.5074,0.2400,0.2670,32.440,/Users/stetef/Documents/SLAC/pdb-scraper/data/large-cys-his-datasets/4cys-large/output/xyz_files/2opf_ZN_homo_d2.60_cluster1.xyz,160.42,31.717,,86.87,31.813,,176.58,35.170,,82.01,35.580,
2orw_ZN_homo_d2.60_cluster1,5,#c49c94,1,2orw_ZN_homo_d2.60_cluster1,18.9910,Cx2Cx29Cx2C-LLHH,59.99,0.9534,0.5104,0.1730,0.2080,19.740,/Users/stetef/Documents/SLAC/pdb-scraper/data/large-cys-his-datasets/4cys-large/output/xyz_files/2orw_ZN_homo_d2.60_cluster1.xyz,176.39,14.863,,-126.15,19.543,,97.18,21.000,,92.54,15.573,
2orw_ZN_homo_d2.60_cluster2,6,#f7b6d2,1,2orw_ZN_homo_d2.60_cluster2,18.6334,Cx2Cx29Cx2C-LLHH,56.82,0.9552,0.4994,0.1730,0.2080,20.250,/Users/stetef/Documents/SLAC/pdb-scraper/data/large-cys-his-datasets/4cys-large/output/xyz_files/2orw_ZN_homo_d2.60_cluster2.xyz,96.81,21.750,,-133.69,20.023,,91.31,15.553,,172.86,15.480,
2owa_ZN_homo_d2.60_cluster1,5,#c49c94,1,2owa_ZN_homo_d2.60_cluster1,17.6425,Cx2Cx16Cx2C-LLHH,56.11,0.9897,0.4556,0.1830,0.2460,24.290,/Users/stetef/Documents/SLAC/pdb-scraper/data/large-cys-his-datasets/4cys-large/output/xyz_files/2owa_ZN_homo_d2.60_cluster1.xyz,-115.25,21.623,,78.34,20.697,,91.17,24.537,,170.20,20.313,
2owa_ZN_homo_d2.60_cluster2,5,#c49c94,1,2owa_ZN_homo_d2.60_cluster2,17.7746,Cx2Cx16Cx2C-LLHH,53.12,0.9892,0.4717,0.1830,0.2460,20.230,/Users/stetef/Documents/SLAC/pdb-scraper/data/large-cys-his-datasets/4cys-large/output/xyz_files/2owa_ZN_homo_d2.60_cluster2.xyz,83.57,20.993,,-124.42,19.277,,173.54,18.193,,79.77,19.220,
2p09_ZN_homo_d2.60_cluster1,9,#9edae5,1,2p09_ZN_homo_d2.60_cluster1,15.5686,Cx2Cx19Cx2C-LLHH,60.14,0.9792,0.5254,0.1770,0.1950,18.490,/Users/stetef/Documents/SLAC/pdb-scraper/data/large-cys-his-datasets/4cys-large/output/xyz_files/2p09_ZN_homo_d2.60_cluster1.xyz,-123.64,16.903,,91.67,16.007,,95.29,18.173,,177.26,16.137,
2p57_ZN_homo_d2.60_cluster1,0,#1f77b4,1,2p57_ZN_homo_d2.60_cluster1,17.9802,Cx2Cx16Cx2C-LLHH,57.51,0.9854,0.4798,0.1980,0.2410,22.850,/Users/stetef/Documents/SLAC/pdb-scraper/data/large-cys-his-datasets/4cys-large/output/xyz_files/2p57_ZN_homo_d2.60_cluster1.xyz,-118.84,19.133,,169.41,18.030,,91.03,22.117,,88.44,18.933,
2pnx_ZN_homo_d2.60_cluster2,5,#c49c94,1,2pnx_ZN_homo_d2.60_cluster2,17.4306,Cx4Cx21Cx2C-LLHH,-74.61,0.9914,0.5518,0.1990,0.2110,17.060,/Users/stetef/Documents/SLAC/pdb-scraper/data/large-cys-his-datasets/4cys-large/output/xyz_files/2pnx_ZN_homo_d2.60_cluster2.xyz,95.39,10.033,,-171.57,9.140,,-114.60,11.203,,-107.68,9.813,
2pnx_ZN_homo_d2.60_cluster4,8,#dbdb8d,1,2pnx_ZN_homo_d2.60_cluster4,18.9644,Cx4Cx21Cx2C-LLHH,-75.14,0.9916,0.5622,0.1990,0.2110,24.200,/Users/stetef/Documents/SLAC/pdb-scraper/data/large-cys-his-datasets/4cys-large/output/xyz_files/2pnx_ZN_homo_d2.60_cluster4.xyz,94.53,16.240,,-169.07,13.460,,-117.11,20.950,,-108.89,16.490,
2ppt_ZN_homo_d2.60_cluster1,0,#1f77b4,1,2ppt_ZN_homo_d2.60_cluster1,6.4549,Cx2Cx16Cx2C-LLLL,131.29,0.9858,0.4784,0.2050,0.2190,26.940,/Users/stetef/Documents/SLAC/pdb-scraper/data/large-cys-his-datasets/4cys-large/output/xyz_files/2ppt_ZN_homo_d2.60_cluster1.xyz,92.84,17.223,,172.32,17.010,,169.41,17.403,,90.57,18.007,
2ppt_ZN_homo_d2.60_cluster2,8,#dbdb8d,1,2ppt_ZN_homo_d2.60_cluster2,6.2287,Cx2Cx16Cx2C-LLLL,138.01,0.8483,0.4755,0.2050,0.2190,27.990,/Users/stetef/Documents/SLAC/pdb-scraper/data/large-cys-his-datasets/4cys-large/output/xyz_files/2ppt_ZN_homo_d2.60_cluster2.xyz,95.61,23.233,,113.16,29.537,,169.52,22.890,,173.76,21.107,
2puy_ZN_homo_d2.60_cluster2,0,#1f77b4,1,2puy_ZN_homo_d2.60_cluster2,6.0171,Cx2Cx22Cx2C-LLHH,-22.68,0.9929,0.4406,0.2060,0.2310,12.170,/Users/stetef/Documents/SLAC/pdb-scraper/data/large-cys-his-datasets/4cys-large/output/xyz_files/2puy_ZN_homo_d2.60_cluster2.xyz,-101.14,13.310,,-176.68,10.470,,94.13,12.827,,92.96,11.490,
2puy_ZN_homo_d2.60_cluster4,5,#c49c94,1,2puy_ZN_homo_d2.60_cluster4,7.7374,Cx2Cx22Cx2C-LLHH,-25.53,0.9901,0.4517,0.2060,0.2310,9.070,/Users/stetef/Documents/SLAC/pdb-scraper/data/large-cys-his-datasets/4cys-large/output/xyz_files/2puy_ZN_homo_d2.60_cluster4.xyz,-103.46,10.623,,-179.68,8.863,,90.42,9.440,,90.62,9.083,
2pve_ZN_homo_d2.60_cluster1,5,#c49c94,1,2pve_ZN_homo_d2.60_cluster1,10.1543,Cx2Cx29Cx2C-SLLL,132.88,0.9730,0.4865,0.1120,0.1250,5.550,/Users/stetef/Documents/SLAC/pdb-scraper/data/large-cys-his-datasets/4cys-large/output/xyz_files/2pve_ZN_homo_d2.60_cluster1.xyz,93.48,5.347,,87.25,6.583,,173.69,5.797,,177.12,5.550,
2pve_ZN_homo_d2.60_cluster2,3,#d62728,1,2pve_ZN_homo_d2.60_cluster2,12.0181,Cx2Cx29Cx2C-SLLL,133.97,0.9661,0.4917,0.1120,0.1250,5.320,/Users/stetef/Documents/SLAC/pdb-scraper/data/large-cys-his-datasets/4cys-large/output/xyz_files/2pve_ZN_homo_d2.60_cluster2.xyz,92.92,5.123,,89.29,6.457,,176.39,6.083,,177.27,4.680,
2pve_ZN_homo_d2.60_cluster3,2,#2ca02c,1,2pve_ZN_homo_d2.60_cluster3,6.9673,Cx2Cx29Cx2C-SLLL,134.54,0.9875,0.4734,0.1120,0.1250,5.440,/Users/stetef/Documents/SLAC/pdb-scraper/data/large-cys-his-datasets/4cys-large/output/xyz_files/2pve_ZN_homo_d2.60_cluster3.xyz,92.28,5.550,,89.78,6.550,,176.56,5.063,,179.56,5.320,
2pvx_ZN_homo_d2.60_cluster1,5,#c49c94,1,2pvx_ZN_homo_d2.60_cluster1,9.8417,Cx2Cx29Cx2C-SLLL,134.15,0.9813,0.4798,0.1390,0.1800,9.070,/Users/stetef/Documents/SLAC/pdb-scraper/data/large-cys-his-datasets/4cys-large/output/xyz_files/2pvx_ZN_homo_d2.60_cluster1.xyz,91.82,10.290,,87.02,10.087,,178.40,8.483,,179.37,8.657,
2pvx_ZN_homo_d2.60_cluster2,5,#c49c94,1,2pvx_ZN_homo_d2.60_cluster2,9.7044,Cx2Cx29Cx2C-SLLL,133.08,0.9786,0.4775,0.1390,0.1800,9.420,/Users/stetef/Documents/SLAC/pdb-scraper/data/large-cys-his-datasets/4cys-large/output/xyz_files/2pvx_ZN_homo_d2.60_cluster2.xyz,90.72,11.337,,87.94,10.120,,176.26,8.527,,177.39,8.717,
2pvx_ZN_homo_d2.60_cluster3,2,#2ca02c,1,2pvx_ZN_homo_d2.60_cluster3,10.7243,Cx2Cx29Cx2C-SLLL,134.30,0.9767,0.4852,0.1390,0.1800,10.290,/Users/stetef/Documents/SLAC/pdb-scraper/data/large-cys-his-datasets/4cys-large/output/xyz_files/2pvx_ZN_homo_d2.60_cluster3.xyz,89.30,10.857,,177.96,8.743,,91.91,11.807,,178.04,9.903,
2pvx_ZN_homo_d2.60_cluster4,2,#2ca02c,1,2pvx_ZN_homo_d2.60_cluster4,11.2015,Cx2Cx29Cx2C-SLLL,133.15,0.9761,0.4889,0.1390,0.1800,10.310,/Users/stetef/Documents/SLAC/pdb-scraper/data/large-cys-his-datasets/4cys-large/output/xyz_files/2pvx_ZN_homo_d2.60_cluster4.xyz,89.01,11.517,,91.56,11.397,,175.27,9.397,,176.77,9.483,
2pvx_ZN_homo_d2.60_cluster5,2,#2ca02c,1,2pvx_ZN_homo_d2.60_cluster5,10.8714,Cx2Cx29Cx2C-SLLL,135.01,0.9811,0.4838,0.1390,0.1800,12.460,/Users/stetef/Documents/SLAC/pdb-scraper/data/large-cys-his-datasets/4cys-large/output/xyz_files/2pvx_ZN_homo_d2.60_cluster5.xyz,87.91,12.267,,94.96,14.403,,178.11,10.253,,179.06,11.793,
2pvx_ZN_homo_d2.60_cluster6,5,#c49c94,1,2pvx_ZN_homo_d2.60_cluster6,10.9717,Cx2Cx29Cx2C-SLLL,134.58,0.9780,0.4870,0.1390,0.1800,11.480,/Users/stetef/Documents/SLAC/pdb-scraper/data/large-cys-his-datasets/4cys-large/output/xyz_files/2pvx_ZN_homo_d2.60_cluster6.xyz,92.44,13.460,,91.13,10.977,,176.02,8.970,,178.72,10.647,
2pvx_ZN_homo_d2.60_cluster7,2,#2ca02c,1,2pvx_ZN_homo_d2.60_cluster7,10.6888,Cx2Cx29Cx2C-SLLL,133.44,0.9779,0.4752,0.1390,0.1800,10.200,/Users/stetef/Documents/SLAC/pdb-scraper/data/large-cys-his-datasets/4cys-large/output/xyz_files/2pvx_ZN_homo_d2.60_cluster7.xyz,88.43,9.903,,90.99,10.797,,176.11,8.510,,178.25,9.833,
2pvx_ZN_homo_d2.60_cluster8,5,#c49c94,1,2pvx_ZN_homo_d2.60_cluster8,10.7734,Cx2Cx29Cx2C-SLLL,133.88,0.9796,0.4794,0.1390,0.1800,9.240,/Users/stetef/Documents/SLAC/pdb-scraper/data/large-cys-his-datasets/4cys-large/output/xyz_files/2pvx_ZN_homo_d2.60_cluster8.xyz,91.82,9.970,,90.32,9.047,,176.19,7.860,,177.19,9.013,
2qkd_ZN_homo_d2.60_cluster1,5,#c49c94,1,2qkd_ZN_homo_d2.60_cluster1,6.8661,Cx2Cx25Cx2C-LLLL,134.84,0.9901,0.4861,0.2080,0.2470,34.640,/Users/stetef/Documents/SLAC/pdb-scraper/data/large-cys-his-datasets/4cys-large/output/xyz_files/2qkd_ZN_homo_d2.60_cluster1.xyz,97.84,34.323,,172.82,35.373,,171.88,34.463,,96.84,35.890,
2qpo_ZN_homo_d2.60_cluster1,4,#9467bd,1,2qpo_ZN_homo_d2.60_cluster1,19.0043,Cx2Cx29Cx2C-LLHH,58.99,0.9591,0.5294,0.2090,0.2610,19.070,/Users/stetef/Documents/SLAC/pdb-scraper/data/large-cys-his-datasets/4cys-large/output/xyz_files/2qpo_ZN_homo_d2.60_cluster1.xyz,179.10,14.310,,-125.00,14.423,,94.40,18.600,,87.44,13.527,
2qpo_ZN_homo_d2.60_cluster2,6,#f7b6d2,1,2qpo_ZN_homo_d2.60_cluster2,19.4775,Cx2Cx29Cx2C-LLHH,57.06,0.9338,0.5247,0.2090,0.2610,24.650,/Users/stetef/Documents/SLAC/pdb-scraper/data/large-cys-his-datasets/4cys-large/output/xyz_files/2qpo_ZN_homo_d2.60_cluster2.xyz,176.89,21.510,,96.96,22.580,,81.66,19.813,,-127.28,22.243,
2qpo_ZN_homo_d2.60_cluster3,6,#f7b6d2,1,2qpo_ZN_homo_d2.60_cluster3,18.6471,Cx2Cx29Cx2C-LLHH,57.87,0.9544,0.5313,0.2090,0.2610,20.570,/Users/stetef/Documents/SLAC/pdb-scraper/data/large-cys-his-datasets/4cys-large/output/xyz_files/2qpo_ZN_homo_d2.60_cluster3.xyz,94.64,18.663,,175.04,16.233,,89.06,15.243,,-127.27,19.160,
2qpo_ZN_homo_d2.60_cluster4,3,#d62728,1,2qpo_ZN_homo_d2.60_cluster4,17.0677,Cx2Cx29Cx2C-LLHH,-85.16,0.9638,0.4994,0.2090,0.2610,24.900,/Users/stetef/Documents/SLAC/pdb-scraper/data/large-cys-his-datasets/4cys-large/output/xyz_files/2qpo_ZN_homo_d2.60_cluster4.xyz,-177.49,21.547,,94.81,18.780,,-121.53,21.257,,-136.42,25.747,
2qq0_ZN_homo_d2.60_cluster1,5,#c49c94,1,2qq0_ZN_homo_d2.60_cluster1,18.2679,Cx2Cx29Cx2C-LLHH,57.79,0.9516,0.5057,0.1750,0.2170,20.000,/Users/stetef/Documents/SLAC/pdb-scraper/data/large-cys-his-datasets/4cys-large/output/xyz_files/2qq0_ZN_homo_d2.60_cluster1.xyz,174.04,15.710,,88.98,15.283,,96.09,21.277,,-127.95,19.040,
2qq0_ZN_homo_d2.60_cluster2,1,#ff7f0e,1,2qq0_ZN_homo_d2.60_cluster2,19.1194,Cx2Cx29Cx2C-LLHH,59.03,0.9523,0.5051,0.1750,0.2170,19.690,/Users/stetef/Documents/SLAC/pdb-scraper/data/large-cys-his-datasets/4cys-large/output/xyz_files/2qq0_ZN_homo_d2.60_cluster2.xyz,-127.46,19.417,,95.60,20.983,,176.52,14.920,,91.46,14.680,
2qqe_ZN_homo_d2.60_cluster1,4,#9467bd,1,2qqe_ZN_homo_d2.60_cluster1,18.4040,Cx2Cx29Cx2C-LLHH,58.97,0.9640,0.5130,0.2410,0.2860,27.400,/Users/stetef/Documents/SLAC/pdb-scraper/data/large-cys-his-datasets/4cys-large/output/xyz_files/2qqe_ZN_homo_d2.60_cluster1.xyz,95.52,26.960,,178.43,23.420,,-125.32,24.773,,87.25,21.290,
2qqe_ZN_homo_d2.60_cluster2,3,#d62728,1,2qqe_ZN_homo_d2.60_cluster2,19.0483,Cx2Cx29Cx2C-LLHH,59.72,0.9178,0.5096,0.2410,0.2860,29.420,/Users/stetef/Documents/SLAC/pdb-scraper/data/large-cys-his-datasets/4cys-large/output/xyz_files/2qqe_ZN_homo_d2.60_cluster2.xyz,93.64,29.063,,-125.43,26.267,,176.93,24.593,,93.71,22.517,
2qqf_ZN_homo_d2.60_cluster1,7,#c7c7c7,1,2qqf_ZN_homo_d2.60_cluster1,9.8480,Cx2Cx23Cx2C-SLLL,42.89,0.9019,0.5009,0.2140,0.2530,21.370,/Users/stetef/Documents/SLAC/pdb-scraper/data/large-cys-his-datasets/4cys-large/output/xyz_files/2qqf_ZN_homo_d2.60_cluster1.xyz,-179.18,20.383,,93.80,28.863,,83.33,17.577,,173.61,23.490,
2r3a_ZN_homo_d2.60_cluster1,1,#ff7f0e,1,2r3a_ZN_homo_d2.60_cluster1,28.6524,Cx64Cx1Cx4C-LLLL,16.22,0.9959,0.7139,0.1790,0.2130,27.180,/Users/stetef/Documents/SLAC/pdb-scraper/data/large-cys-his-datasets/4cys-large/output/xyz_files/2r3a_ZN_homo_d2.60_cluster1.xyz,96.86,25.073,,136.94,24.803,,-64.12,27.450,,-104.78,23.820,
2r3a_ZN_homo_d2.60_cluster2,5,#c49c94,1,2r3a_ZN_homo_d2.60_cluster2,16.4668,Cx1Cx2Cx4C-LLLH,-70.84,0.9919,0.5821,0.1790,0.2130,33.610,/Users/stetef/Documents/SLAC/pdb-scraper/data/large-cys-his-datasets/4cys-large/output/xyz_files/2r3a_ZN_homo_d2.60_cluster2.xyz,72.03,30.153,,-156.64,30.170,,-121.86,32.117,,-76.88,30.490,
2r3a_ZN_homo_d2.60_cluster3,1,#ff7f0e,1,2r3a_ZN_homo_d2.60_cluster3,6.1018,Cx10Cx26Cx3C-LHLL,52.95,0.9346,0.5081,0.1790,0.2130,29.180,/Users/stetef/Documents/SLAC/pdb-scraper/data/large-cys-his-datasets/4cys-large/output/xyz_files/2r3a_ZN_homo_d2.60_cluster3.xyz,-95.53,27.067,,138.11,27.440,,99.25,30.170,,69.96,24.383,
2r3a_ZN_homo_d2.60_cluster4,7,#c7c7c7,1,2r3a_ZN_homo_d2.60_cluster4,45.8376,Cx32Cx5Cx3C-LLLL,-84.91,0.9935,0.8210,0.1790,0.2130,30.020,/Users/stetef/Documents/SLAC/pdb-scraper/data/large-cys-his-datasets/4cys-large/output/xyz_files/2r3a_ZN_homo_d2.60_cluster4.xyz,167.40,30.143,,-177.63,24.383,,-176.66,30.153,,-152.74,30.260,
2rfi_ZN_homo_d2.60_cluster1,7,#c7c7c7,1,2rfi_ZN_homo_d2.60_cluster1,6.6197,Cx12Cx29Cx3C-LHLL,40.08,0.9763,0.5098,0.1940,0.2200,17.510,/Users/stetef/Documents/SLAC/pdb-scraper/data/large-cys-his-datasets/4cys-large/output/xyz_files/2rfi_ZN_homo_d2.60_cluster1.xyz,-140.95,18.267,,91.48,16.357,,139.93,16.483,,69.86,15.440,
2rfi_ZN_homo_d2.60_cluster2,0,#1f77b4,1,2rfi_ZN_homo_d2.60_cluster2,43.3768,Cx36Cx5Cx3C-LLLL,-84.60,0.9895,0.7523,0.1940,0.2200,16.760,/Users/stetef/Documents/SLAC/pdb-scraper/data/large-cys-his-datasets/4cys-large/output/xyz_files/2rfi_ZN_homo_d2.60_cluster2.xyz,-161.17,17.780,,-177.19,17.100,,-177.54,17.370,,177.48,15.440,
2rfi_ZN_homo_d2.60_cluster3,5,#c49c94,1,2rfi_ZN_homo_d2.60_cluster3,21.7413,Cx1Cx3Cx4C-LLLH,-72.45,0.9917,0.5913,0.1940,0.2200,17.130,/Users/stetef/Documents/SLAC/pdb-scraper/data/large-cys-his-datasets/4cys-large/output/xyz_files/2rfi_ZN_homo_d2.60_cluster3.xyz,-131.88,17.630,,-82.10,18.177,,85.13,17.780,,-160.93,16.357,
2rfi_ZN_homo_d2.60_cluster4,7,#c7c7c7,1,2rfi_ZN_homo_d2.60_cluster4,29.6728,Cx52Cx1Cx4C-LLLL,14.33,0.9908,0.6900,0.1940,0.2200,25.010,/Users/stetef/Documents/SLAC/pdb-scraper/data/large-cys-his-datasets/4cys-large/output/xyz_files/2rfi_ZN_homo_d2.60_cluster4.xyz,98.11,28.253,,139.12,29.290,,-72.04,28.510,,-107.87,23.017,
2rfi_ZN_homo_d2.60_cluster5,7,#c7c7c7,1,2rfi_ZN_homo_d2.60_cluster5,7.5901,Cx12Cx29Cx3C-LHLL,39.35,0.9754,0.5087,0.1940,0.2200,16.780,/Users/stetef/Documents/SLAC/pdb-scraper/data/large-cys-his-datasets/4cys-large/output/xyz_files/2rfi_ZN_homo_d2.60_cluster5.xyz,137.77,15.090,,-142.12,16.340,,69.71,14.803,,92.03,17.153,
2rfi_ZN_homo_d2.60_cluster6,2,#2ca02c,1,2rfi_ZN_homo_d2.60_cluster6,43.6878,Cx36Cx5Cx3C-LLLL,-83.90,0.9934,0.7703,0.1940,0.2200,16.500,/Users/stetef/Documents/SLAC/pdb-scraper/data/large-cys-his-datasets/4cys-large/output/xyz_files/2rfi_ZN_homo_d2.60_cluster6.xyz,-178.96,17.990,,-172.33,16.417,,-161.52,20.823,,177.18,14.803,
2rfi_ZN_homo_d2.60_cluster7,7,#c7c7c7,1,2rfi_ZN_homo_d2.60_cluster7,21.3359,Cx1Cx3Cx4C-LLLH,-71.98,0.9926,0.5768,0.1940,0.2200,17.430,/Users/stetef/Documents/SLAC/pdb-scraper/data/large-cys-his-datasets/4cys-large/output/xyz_files/2rfi_ZN_homo_d2.60_cluster7.xyz,-84.32,19.613,,-128.56,22.850,,85.37,20.823,,-160.39,17.153,
2rfi_ZN_homo_d2.60_cluster8,5,#c49c94,1,2rfi_ZN_homo_d2.60_cluster8,31.8592,Cx52Cx1Cx4C-LLLL,13.90,0.9349,0.6919,0.1940,0.2200,43.740,/Users/stetef/Documents/SLAC/pdb-scraper/data/large-cys-his-datasets/4cys-large/output/xyz_files/2rfi_ZN_homo_d2.60_cluster8.xyz,100.24,54.120,,135.71,55.140,,-101.38,36.667,,-78.98,56.150,
2ri7_ZN_homo_d2.60_cluster2,2,#2ca02c,1,2ri7_ZN_homo_d2.60_cluster2,12.1160,Cx2Cx23Cx2C-LLHH,58.13,0.9920,0.4911,0.1890,0.1920,7.680,/Users/stetef/Documents/SLAC/pdb-scraper/data/large-cys-his-datasets/4cys-large/output/xyz_files/2ri7_ZN_homo_d2.60_cluster2.xyz,-123.82,7.720,,90.44,6.753,,173.22,7.273,,92.68,8.100,
2riq_ZN_homo_d2.60_cluster1,5,#c49c94,1,2riq_ZN_homo_d2.60_cluster1,14.1303,Cx2Cx12Cx9C-LLSL,65.56,0.9681,0.5237,0.1810,0.2300,35.610,/Users/stetef/Documents/SLAC/pdb-scraper/data/large-cys-his-datasets/4cys-large/output/xyz_files/2riq_ZN_homo_d2.60_cluster1.xyz,-178.71,35.617,,174.09,34.563,,175.84,37.563,,91.04,36.900,
2v0c_ZN_homo_d2.60_cluster1,7,#c7c7c7,1,2v0c_ZN_homo_d2.60_cluster1,16.1889,Cx2Cx41Cx2C-SLLL,-2.56,0.9962,0.4543,0.1810,0.2020,35.020,/Users/stetef/Documents/SLAC/pdb-scraper/data/large-cys-his-datasets/4cys-large/output/xyz_files/2v0c_ZN_homo_d2.60_cluster1.xyz,-177.16,31.573,,-106.42,32.987,,98.08,37.637,,175.26,34.127,
2v1x_ZN_homo_d2.60_cluster1,2,#2ca02c,1,2v1x_ZN_homo_d2.60_cluster1,34.1456,Cx17Cx3Cx2C-HLHH,-61.89,0.9411,0.8147,0.2350,0.2780,43.250,/Users/stetef/Documents/SLAC/pdb-scraper/data/large-cys-his-datasets/4cys-large/output/xyz_files/2v1x_ZN_homo_d2.60_cluster1.xyz,102.12,33.010,,-120.56,47.530,,-57.25,40.443,,-171.87,47.070,
2v1x_ZN_homo_d2.60_cluster2,5,#c49c94,1,2v1x_ZN_homo_d2.60_cluster2,33.5645,Cx17Cx3Cx2C-HLLL,-64.78,0.9453,0.7998,0.2350,0.2780,43.400,/Users/stetef/Documents/SLAC/pdb-scraper/data/large-cys-his-datasets/4cys-large/output/xyz_files/2v1x_ZN_homo_d2.60_cluster2.xyz,98.34,31.477,,-63.34,38.427,,-116.42,44.330,,-177.70,44.797,
2v9k_ZN_homo_d2.60_cluster1,1,#ff7f0e,1,2v9k_ZN_homo_d2.60_cluster1,8.0329,Cx2Cx84Cx2C-HHLL,-27.16,0.9858,0.4586,0.1880,0.2300,26.970,/Users/stetef/Documents/SLAC/pdb-scraper/data/large-cys-his-datasets/4cys-large/output/xyz_files/2v9k_ZN_homo_d2.60_cluster1.xyz,92.58,31.467,,98.05,31.217,,-120.47,30.680,,-178.81,29.440,
2vnf_ZN_homo_d2.60_cluster2,3,#d62728,1,2vnf_ZN_homo_d2.60_cluster2,18.3876,Cx4Cx21Cx2C-LLHH,-77.43,0.9893,0.5477,0.1600,0.2270,21.230,/Users/stetef/Documents/SLAC/pdb-scraper/data/large-cys-his-datasets/4cys-large/output/xyz_files/2vnf_ZN_homo_d2.60_cluster2.xyz,95.85,21.913,,-120.05,26.560,,-176.36,17.837,,-109.17,20.850,
2vnf_ZN_homo_d2.60_cluster4,0,#1f77b4,1,2vnf_ZN_homo_d2.60_cluster4,18.8562,Cx4Cx21Cx2C-LLLL,-76.97,0.9876,0.5647,0.1600,0.2270,33.280,/Users/stetef/Documents/SLAC/pdb-scraper/data/large-cys-his-datasets/4cys-large/output/xyz_files/2vnf_ZN_homo_d2.60_cluster4.xyz,95.46,35.390,,-106.10,34.980,,-124.95,41.457,,-172.29,26.597,
2vp7_ZN_homo_d2.60_cluster2,3,#d62728,1,2vp7_ZN_homo_d2.60_cluster2,16.1656,Cx3Cx28Cx2C-LLHH,59.58,0.8991,0.5139,0.2200,0.2670,36.570,/Users/stetef/Documents/SLAC/pdb-scraper/data/large-cys-his-datasets/4cys-large/output/xyz_files/2vp7_ZN_homo_d2.60_cluster2.xyz,100.96,30.077,,92.03,42.080,,168.73,29.903,,-123.40,45.347,
2vpb_ZN_homo_d2.60_cluster2,6,#f7b6d2,1,2vpb_ZN_homo_d2.60_cluster2,17.0142,Cx3Cx28Cx2C-LLHH,60.00,0.9937,0.5486,0.1940,0.2250,20.270,/Users/stetef/Documents/SLAC/pdb-scraper/data/large-cys-his-datasets/4cys-large/output/xyz_files/2vpb_ZN_homo_d2.60_cluster2.xyz,176.49,17.883,,-116.89,23.077,,87.48,20.950,,92.93,18.397,
2vpe_ZN_homo_d2.60_cluster2,5,#c49c94,1,2vpe_ZN_homo_d2.60_cluster2,16.2213,Cx3Cx28Cx2C-LLHH,58.25,0.9806,0.5438,0.1950,0.2300,22.410,/Users/stetef/Documents/SLAC/pdb-scraper/data/large-cys-his-datasets/4cys-large/output/xyz_files/2vpe_ZN_homo_d2.60_cluster2.xyz,179.52,19.240,,-126.14,26.963,,89.66,21.930,,89.96,22.403,
2vpe_ZN_homo_d2.60_cluster4,7,#c7c7c7,1,2vpe_ZN_homo_d2.60_cluster4,16.4938,Cx3Cx28Cx2C-LLHH,58.68,0.9774,0.5409,0.1950,0.2300,26.670,/Users/stetef/Documents/SLAC/pdb-scraper/data/large-cys-his-datasets/4cys-large/output/xyz_files/2vpe_ZN_homo_d2.60_cluster4.xyz,90.67,26.550,,177.97,21.870,,-124.92,29.247,,91.00,23.100,
2vpg_ZN_homo_d2.60_cluster2,1,#ff7f0e,1,2vpg_ZN_homo_d2.60_cluster2,16.8236,Cx3Cx28Cx2C-LLHH,56.02,0.9789,0.5486,0.2020,0.2180,15.950,/Users/stetef/Documents/SLAC/pdb-scraper/data/large-cys-his-datasets/4cys-large/output/xyz_files/2vpg_ZN_homo_d2.60_cluster2.xyz,179.46,13.910,,84.93,15.820,,-128.06,19.260,,87.77,15.060,
2vpg_ZN_homo_d2.60_cluster4,3,#d62728,1,2vpg_ZN_homo_d2.60_cluster4,16.4891,Cx3Cx28Cx2C-LLHH,56.30,0.9738,0.5426,0.2020,0.2180,17.720,/Users/stetef/Documents/SLAC/pdb-scraper/data/large-cys-his-datasets/4cys-large/output/xyz_files/2vpg_ZN_homo_d2.60_cluster4.xyz,174.69,14.277,,87.73,16.893,,-126.90,21.913,,89.69,16.763,
2w5y_ZN_homo_d2.60_cluster1,1,#ff7f0e,1,2w5y_ZN_homo_d2.60_cluster1,31.0007,Cx47Cx1Cx4C-LLLL,18.18,0.9961,0.7248,0.1910,0.2640,47.680,/Users/stetef/Documents/SLAC/pdb-scraper/data/large-cys-his-datasets/4cys-large/output/xyz_files/2w5y_ZN_homo_d2.60_cluster1.xyz,137.44,47.233,,91.94,44.583,,-98.13,43.547,,-58.53,54.687,
2wb0_ZN_homo_d2.60_cluster2,5,#c49c94,1,2wb0_ZN_homo_d2.60_cluster2,21.9349,Cx1Cx51Cx16C-LLLL,-47.88,0.9836,0.6665,0.1870,0.2450,16.170,/Users/stetef/Documents/SLAC/pdb-scraper/data/large-cys-his-datasets/4cys-large/output/xyz_files/2wb0_ZN_homo_d2.60_cluster2.xyz,-58.58,14.473,,83.76,16.887,,-86.90,17.037,,-129.82,15.053,
2woj_ZN_homo_d2.60_cluster1,1,#ff7f0e,1,2woj_ZN_homo_d2.60_cluster1,15.9082,Cx2C-Cx2C-HH-HH,9.93,0.9728,0.3735,0.1780,0.2130,43.550,/Users/stetef/Documents/SLAC/pdb-scraper/data/large-cys-his-datasets/4cys-large/output/xyz_files/2woj_ZN_homo_d2.60_cluster1.xyz,174.46,53.217,,-112.08,42.927,,87.65,59.767,,-110.31,45.153,
2woj_ZN_homo_d2.60_cluster2,1,#ff7f0e,1,2woj_ZN_homo_d2.60_cluster2,17.7503,Cx2C-Cx2C-HH-HH,26.43,0.9720,0.3916,0.1780,0.2130,40.480,/Users/stetef/Documents/SLAC/pdb-scraper/data/large-cys-his-datasets/4cys-large/output/xyz_files/2woj_ZN_homo_d2.60_cluster2.xyz,169.88,50.717,,163.47,60.897,,-114.80,51.540,,-112.83,48.660,
2wwz_ZN_homo_d2.60_cluster1,5,#c49c94,1,2wwz_ZN_homo_d2.60_cluster1,7.7002,Cx2Cx10Cx2C-LLLL,133.50,0.9569,0.4434,0.1790,0.2020,10.090,/Users/stetef/Documents/SLAC/pdb-scraper/data/large-cys-his-datasets/4cys-large/output/xyz_files/2wwz_ZN_homo_d2.60_cluster1.xyz,88.46,9.987,,93.78,11.560,,172.56,10.140,,179.19,9.687,
2x5r_ZN_homo_d2.60_cluster2,7,#c7c7c7,1,2x5r_ZN_homo_d2.60_cluster2,16.0087,Cx2Cx25Cx2C-LLSL,61.16,0.9903,0.5233,0.2070,0.2460,40.650,/Users/stetef/Documents/SLAC/pdb-scraper/data/large-cys-his-datasets/4cys-large/output/xyz_files/2x5r_ZN_homo_d2.60_cluster2.xyz,100.55,44.663,,-115.02,43.953,,83.47,42.707,,175.64,36.280,
2x7m_ZN_homo_d2.60_cluster2,8,#dbdb8d,1,2x7m_ZN_homo_d2.60_cluster2,16.9189,Cx4Cx18Cx2C-LLHH,-85.92,0.9968,0.5083,0.1780,0.2030,37.230,/Users/stetef/Documents/SLAC/pdb-scraper/data/large-cys-his-datasets/4cys-large/output/xyz_files/2x7m_ZN_homo_d2.60_cluster2.xyz,92.04,39.600,,-156.70,36.327,,-168.90,36.077,,-110.10,44.470,
2xb1_ZN_homo_d2.60_cluster2,9,#9edae5,1,2xb1_ZN_homo_d2.60_cluster2,14.1612,Cx3Cx28Cx2C-LLHH,60.71,0.9902,0.5265,0.1740,0.2170,14.750,/Users/stetef/Documents/SLAC/pdb-scraper/data/large-cys-his-datasets/4cys-large/output/xyz_files/2xb1_ZN_homo_d2.60_cluster2.xyz,-117.43,16.973,,92.50,14.893,,97.37,15.437,,170.40,16.517,
2xb1_ZN_homo_d2.60_cluster4,9,#9edae5,1,2xb1_ZN_homo_d2.60_cluster4,14.7509,Cx3Cx28Cx2C-LLHH,59.40,0.9910,0.5282,0.1740,0.2170,13.840,/Users/stetef/Documents/SLAC/pdb-scraper/data/large-cys-his-datasets/4cys-large/output/xyz_files/2xb1_ZN_homo_d2.60_cluster4.xyz,93.60,13.337,,-116.72,15.167,,92.67,13.803,,168.04,15.640,
2xeu_ZN_homo_d2.60_cluster1,7,#c7c7c7,1,2xeu_ZN_homo_d2.60_cluster1,18.9473,Cx2Cx23Cx2C-LLSH,55.46,0.9624,0.5575,0.1700,0.1970,23.320,/Users/stetef/Documents/SLAC/pdb-scraper/data/large-cys-his-datasets/4cys-large/output/xyz_files/2xeu_ZN_homo_d2.60_cluster1.xyz,94.39,24.807,,-128.11,22.783,,162.64,19.760,,92.92,20.700,
2xig_ZN_homo_d2.60_cluster10,5,#c49c94,1,2xig_ZN_homo_d2.60_cluster10,12.7448,Cx2Cx36Cx2C-SLHH,61.09,0.9893,0.4911,0.2000,0.2340,39.630,/Users/stetef/Documents/SLAC/pdb-scraper/data/large-cys-his-datasets/4cys-large/output/xyz_files/2xig_ZN_homo_d2.60_cluster10.xyz,92.68,39.683,,95.50,32.067,,-116.72,44.747,,172.90,36.803,
2xig_ZN_homo_d2.60_cluster3,5,#c49c94,1,2xig_ZN_homo_d2.60_cluster3,11.8076,Cx2Cx36Cx2C-SLHH,63.29,0.9921,0.4921,0.2000,0.2340,30.670,/Users/stetef/Documents/SLAC/pdb-scraper/data/large-cys-his-datasets/4cys-large/output/xyz_files/2xig_ZN_homo_d2.60_cluster3.xyz,94.64,29.683,,-116.32,28.240,,97.45,29.617,,177.40,20.653,
2xig_ZN_homo_d2.60_cluster6,2,#2ca02c,1,2xig_ZN_homo_d2.60_cluster6,11.1920,Cx2Cx36Cx2C-SLHH,56.76,0.9746,0.4788,0.2000,0.2340,35.600,/Users/stetef/Documents/SLAC/pdb-scraper/data/large-cys-his-datasets/4cys-large/output/xyz_files/2xig_ZN_homo_d2.60_cluster6.xyz,91.67,37.617,,165.73,26.813,,-122.23,48.537,,91.89,39.683,
2xig_ZN_homo_d2.60_cluster8,7,#c7c7c7,1,2xig_ZN_homo_d2.60_cluster8,11.2567,Cx2Cx36Cx2C-SLHH,63.33,0.9955,0.4934,0.2000,0.2340,23.310,/Users/stetef/Documents/SLAC/pdb-scraper/data/large-cys-his-datasets/4cys-large/output/xyz_files/2xig_ZN_homo_d2.60_cluster8.xyz,95.92,23.950,,173.97,18.033,,-111.43,21.583,,94.86,23.817,
2xoc_ZN_homo_d2.60_cluster2,7,#c7c7c7,1,2xoc_ZN_homo_d2.60_cluster2,1.7085,Cx2Cx29Cx5C-LLHL,65.15,0.9692,0.4482,0.1700,0.1940,19.500,/Users/stetef/Documents/SLAC/pdb-scraper/data/large-cys-his-datasets/4cys-large/output/xyz_files/2xoc_ZN_homo_d2.60_cluster2.xyz,175.18,17.380,,87.17,17.667,,97.30,20.993,,-99.05,16.210,
2xoc_ZN_homo_d2.60_cluster3,7,#c7c7c7,1,2xoc_ZN_homo_d2.60_cluster3,42.3915,Cx36Cx4Cx2C-LLLL,71.11,0.9936,0.9109,0.1700,0.1940,19.060,/Users/stetef/Documents/SLAC/pdb-scraper/data/large-cys-his-datasets/4cys-large/output/xyz_files/2xoc_ZN_homo_d2.60_cluster3.xyz,150.19,19.677,,-132.09,21.070,,145.90,16.210,,120.46,19.433,
2xoc_ZN_homo_d2.60_cluster4,5,#c49c94,1,2xoc_ZN_homo_d2.60_cluster4,12.7334,Cx2Cx87Cx2C-LLSH,60.23,0.9909,0.4947,0.1700,0.1940,18.010,/Users/stetef/Documents/SLAC/pdb-scraper/data/large-cys-his-datasets/4cys-large/output/xyz_files/2xoc_ZN_homo_d2.60_cluster4.xyz,98.09,18.867,,171.29,16.290,,-120.36,14.133,,91.91,17.390,
2xoc_ZN_homo_d2.60_cluster7,7,#c7c7c7,1,2xoc_ZN_homo_d2.60_cluster7,1.7697,Cx2Cx29Cx5C-LLHL,65.71,0.9622,0.4451,0.1700,0.1940,18.460,/Users/stetef/Documents/SLAC/pdb-scraper/data/large-cys-his-datasets/4cys-large/output/xyz_files/2xoc_ZN_homo_d2.60_cluster7.xyz,94.94,18.653,,90.90,15.843,,176.58,18.160,,-99.59,16.860,
2xoc_ZN_homo_d2.60_cluster8,5,#c49c94,1,2xoc_ZN_homo_d2.60_cluster8,42.4586,Cx36Cx4Cx2C-LLLL,69.74,0.9932,0.9052,0.1700,0.1940,19.260,/Users/stetef/Documents/SLAC/pdb-scraper/data/large-cys-his-datasets/4cys-large/output/xyz_files/2xoc_ZN_homo_d2.60_cluster8.xyz,147.63,21.453,,-136.63,21.480,,117.14,16.127,,150.79,16.860,
2xoc_ZN_homo_d2.60_cluster9,7,#c7c7c7,1,2xoc_ZN_homo_d2.60_cluster9,16.7166,Cx2Cx87Cx2C-LLSH,59.92,0.9877,0.5010,0.1700,0.1940,16.960,/Users/stetef/Documents/SLAC/pdb-scraper/data/large-cys-his-datasets/4cys-large/output/xyz_files/2xoc_ZN_homo_d2.60_cluster9.xyz,171.72,15.057,,-123.52,15.120,,95.48,16.757,,95.99,15.337,
2xp0_ZN_homo_d2.60_cluster2,5,#c49c94,1,2xp0_ZN_homo_d2.60_cluster2,1.9866,Cx2Cx29Cx5C-LLHL,65.06,0.9692,0.4503,0.1640,0.2020,21.830,/Users/stetef/Documents/SLAC/pdb-scraper/data/large-cys-his-datasets/4cys-large/output/xyz_files/2xp0_ZN_homo_d2.60_cluster2.xyz,85.25,22.243,,98.63,22.363,,173.97,18.547,,-97.60,20.670,
2xp0_ZN_homo_d2.60_cluster3,6,#f7b6d2,1,2xp0_ZN_homo_d2.60_cluster3,43.0000,Cx36Cx4Cx2C-LLLL,71.08,0.9948,0.9200,0.1640,0.2020,21.340,/Users/stetef/Documents/SLAC/pdb-scraper/data/large-cys-his-datasets/4cys-large/output/xyz_files/2xp0_ZN_homo_d2.60_cluster3.xyz,152.56,22.220,,143.84,20.670,,-133.46,26.787,,121.37,19.947,
2xp0_ZN_homo_d2.60_cluster4,5,#c49c94,1,2xp0_ZN_homo_d2.60_cluster4,13.2079,Cx2Cx87Cx2C-LLSH,60.66,0.9883,0.4947,0.1640,0.2020,20.100,/Users/stetef/Documents/SLAC/pdb-scraper/data/large-cys-his-datasets/4cys-large/output/xyz_files/2xp0_ZN_homo_d2.60_cluster4.xyz,172.93,17.047,,89.29,16.817,,-118.08,19.060,,98.51,22.873,
2xp0_ZN_homo_d2.60_cluster7,1,#ff7f0e,1,2xp0_ZN_homo_d2.60_cluster7,1.3493,Cx2Cx29Cx5C-LLHL,67.03,0.9672,0.4524,0.1640,0.2020,19.700,/Users/stetef/Documents/SLAC/pdb-scraper/data/large-cys-his-datasets/4cys-large/output/xyz_files/2xp0_ZN_homo_d2.60_cluster7.xyz,179.72,16.773,,90.02,17.757,,93.56,17.973,,-95.20,17.600,
2xp0_ZN_homo_d2.60_cluster8,1,#ff7f0e,1,2xp0_ZN_homo_d2.60_cluster8,41.7872,Cx36Cx4Cx2C-LLLL,72.34,0.9894,0.9081,0.1640,0.2020,19.620,/Users/stetef/Documents/SLAC/pdb-scraper/data/large-cys-his-datasets/4cys-large/output/xyz_files/2xp0_ZN_homo_d2.60_cluster8.xyz,149.74,19.057,,122.15,16.287,,-133.04,22.357,,150.52,17.600,
2xp0_ZN_homo_d2.60_cluster9,1,#ff7f0e,1,2xp0_ZN_homo_d2.60_cluster9,15.8797,Cx2Cx87Cx2C-LLSH,60.44,0.9924,0.4932,0.1640,0.2020,17.760,/Users/stetef/Documents/SLAC/pdb-scraper/data/large-cys-his-datasets/4cys-large/output/xyz_files/2xp0_ZN_homo_d2.60_cluster9.xyz,92.50,14.480,,-123.04,17.010,,175.51,13.097,,96.79,20.353,
2xue_ZN_homo_d2.60_cluster1,8,#dbdb8d,1,2xue_ZN_homo_d2.60_cluster1,19.3388,Cx2Cx23Cx2C-LLHH,63.74,0.9662,0.4854,0.1810,0.2160,42.590,/Users/stetef/Documents/SLAC/pdb-scraper/data/large-cys-his-datasets/4cys-large/output/xyz_files/2xue_ZN_homo_d2.60_cluster1.xyz,101.06,38.253,,96.32,44.523,,175.75,40.413,,-118.19,45.317,
2xue_ZN_homo_d2.60_cluster2,6,#f7b6d2,1,2xue_ZN_homo_d2.60_cluster2,19.5200,Cx2Cx23Cx2C-LLHH,64.56,0.9780,0.4873,0.1810,0.2160,45.640,/Users/stetef/Documents/SLAC/pdb-scraper/data/large-cys-his-datasets/4cys-large/output/xyz_files/2xue_ZN_homo_d2.60_cluster2.xyz,174.03,42.253,,98.02,43.247,,-115.15,45.447,,101.33,47.080,
2xyq_ZN_homo_d2.60_cluster2,1,#ff7f0e,1,2xyq_ZN_homo_d2.60_cluster2,35.1053,Cx2Cx7Cx1C-LLLL,16.91,0.9845,0.7519,0.2140,0.2270,60.200,/Users/stetef/Documents/SLAC/pdb-scraper/data/large-cys-his-datasets/4cys-large/output/xyz_files/2xyq_ZN_homo_d2.60_cluster2.xyz,-91.54,65.060,,179.77,53.130,,98.92,56.167,,-119.51,69.163,
2xzf_ZN_homo_d2.60_cluster1,1,#ff7f0e,1,2xzf_ZN_homo_d2.60_cluster1,16.2524,Cx2Cx16Cx2C-LLLL,87.37,0.9790,0.4681,0.1610,0.1910,21.230,/Users/stetef/Documents/SLAC/pdb-scraper/data/large-cys-his-datasets/4cys-large/output/xyz_files/2xzf_ZN_homo_d2.60_cluster1.xyz,179.72,19.140,,174.58,21.520,,-95.61,20.293,,90.81,25.630,
2xzu_ZN_homo_d2.60_cluster1,1,#ff7f0e,1,2xzu_ZN_homo_d2.60_cluster1,15.6278,Cx2Cx16Cx2C-LLLL,-2.42,0.9812,0.4624,0.1590,0.1890,23.540,/Users/stetef/Documents/SLAC/pdb-scraper/data/large-cys-his-datasets/4cys-large/output/xyz_files/2xzu_ZN_homo_d2.60_cluster1.xyz,-178.75,20.700,,-97.30,21.713,,91.90,28.273,,174.45,23.580,
2y1n_ZN_homo_d2.60_cluster1,5,#c49c94,1,2y1n_ZN_homo_d2.60_cluster1,12.5624,Cx2Cx16Cx2C-LLHH,51.35,0.9808,0.4995,0.1590,0.1800,30.250,/Users/stetef/Documents/SLAC/pdb-scraper/data/large-cys-his-datasets/4cys-large/output/xyz_files/2y1n_ZN_homo_d2.60_cluster1.xyz,-125.73,32.957,,89.13,30.220,,152.22,29.753,,89.78,32.233,
2y1n_ZN_homo_d2.60_cluster3,2,#2ca02c,1,2y1n_ZN_homo_d2.60_cluster3,13.0156,Cx2Cx16Cx2C-LLHH,58.82,0.9878,0.4978,0.1590,0.1800,36.530,/Users/stetef/Documents/SLAC/pdb-scraper/data/large-cys-his-datasets/4cys-large/output/xyz_files/2y1n_ZN_homo_d2.60_cluster3.xyz,91.04,32.730,,164.57,35.187,,96.27,36.177,,-116.59,42.403,
2y43_ZN_homo_d2.60_cluster2,2,#2ca02c,1,2y43_ZN_homo_d2.60_cluster2,16.9751,Cx2Cx17Cx2C-LLSH,-1.95,0.9899,0.5465,0.1770,0.2230,16.580,/Users/stetef/Documents/SLAC/pdb-scraper/data/large-cys-his-datasets/4cys-large/output/xyz_files/2y43_ZN_homo_d2.60_cluster2.xyz,97.06,17.960,,167.37,13.717,,-163.46,14.857,,-108.76,14.020,
2y43_ZN_homo_d2.60_cluster4,5,#c49c94,1,2y43_ZN_homo_d2.60_cluster4,17.4507,Cx2Cx17Cx2C-LLSH,-1.93,0.9804,0.5227,0.1770,0.2230,21.730,/Users/stetef/Documents/SLAC/pdb-scraper/data/large-cys-his-datasets/4cys-large/output/xyz_files/2y43_ZN_homo_d2.60_cluster4.xyz,-160.47,20.217,,-105.31,16.883,,159.83,15.397,,98.25,23.903,
2y69_ZN_homo_d2.60_cluster1,9,#9edae5,1,2y69_ZN_homo_d2.60_cluster1,2.3062,Cx1Cx19Cx2C-SLLL,110.51,0.9935,0.4682,0.2120,0.2450,35.500,/Users/stetef/Documents/SLAC/pdb-scraper/data/large-cys-his-datasets/4cys-large/output/xyz_files/2y69_ZN_homo_d2.60_cluster1.xyz,173.95,36.270,,124.04,32.270,,55.23,33.747,,88.80,31.257,
2y69_ZN_homo_d2.60_cluster2,5,#c49c94,1,2y69_ZN_homo_d2.60_cluster2,2.9284,Cx1Cx19Cx2C-SLLL,112.51,0.9948,0.4786,0.2120,0.2450,39.380,/Users/stetef/Documents/SLAC/pdb-scraper/data/large-cys-his-datasets/4cys-large/output/xyz_files/2y69_ZN_homo_d2.60_cluster2.xyz,176.65,35.957,,86.99,34.037,,127.74,38.510,,58.66,36.110,
2yww_ZN_homo_d2.60_cluster2,7,#c7c7c7,1,2yww_ZN_homo_d2.60_cluster2,9.7067,Cx4Cx22Cx2C-LHSL,-9.17,0.9803,0.5060,0.2260,0.2260,27.530,/Users/stetef/Documents/SLAC/pdb-scraper/data/large-cys-his-datasets/4cys-large/output/xyz_files/2yww_ZN_homo_d2.60_cluster2.xyz,170.76,24.300,,93.19,25.543,,-158.41,36.417,,-142.21,28.517,
2yww_ZN_homo_d2.60_cluster4,5,#c49c94,1,2yww_ZN_homo_d2.60_cluster4,8.5798,Cx4Cx22Cx2C-LHSL,-7.70,0.9905,0.5000,0.2260,0.2260,20.840,/Users/stetef/Documents/SLAC/pdb-scraper/data/large-cys-his-datasets/4cys-large/output/xyz_files/2yww_ZN_homo_d2.60_cluster4.xyz,-156.46,23.870,,93.60,20.800,,-143.22,20.613,,175.27,21.830,
3a9j_ZN_homo_d2.60_cluster1,6,#f7b6d2,1,3a9j_ZN_homo_d2.60_cluster1,9.7046,Cx2Cx10Cx2C-LLLL,132.48,0.9553,0.4495,0.1660,0.1910,10.470,/Users/stetef/Documents/SLAC/pdb-scraper/data/large-cys-his-datasets/4cys-large/output/xyz_files/3a9j_ZN_homo_d2.60_cluster1.xyz,92.50,12.300,,85.56,9.340,,177.52,10.433,,174.32,10.183,
3a9k_ZN_homo_d2.60_cluster1,2,#2ca02c,1,3a9k_ZN_homo_d2.60_cluster1,10.7082,Cx2Cx10Cx2C-LLLL,132.62,0.9500,0.4535,0.1890,0.2180,12.330,/Users/stetef/Documents/SLAC/pdb-scraper/data/large-cys-his-datasets/4cys-large/output/xyz_files/3a9k_ZN_homo_d2.60_cluster1.xyz,87.62,9.957,,92.09,15.193,,173.69,11.883,,177.09,12.093,
3abk_ZN_homo_d2.60_cluster1,6,#f7b6d2,1,3abk_ZN_homo_d2.60_cluster1,2.6912,Cx1Cx19Cx2C-SLLL,113.36,0.9919,0.4737,0.1830,0.2190,37.640,/Users/stetef/Documents/SLAC/pdb-scraper/data/large-cys-his-datasets/4cys-large/output/xyz_files/3abk_ZN_homo_d2.60_cluster1.xyz,121.19,34.643,,175.54,34.193,,68.43,38.030,,88.29,36.070,
3abk_ZN_homo_d2.60_cluster2,9,#9edae5,1,3abk_ZN_homo_d2.60_cluster2,2.6186,Cx1Cx19Cx2C-SLLL,25.96,0.9847,0.4615,0.1830,0.2190,43.440,/Users/stetef/Documents/SLAC/pdb-scraper/data/large-cys-his-datasets/4cys-large/output/xyz_files/3abk_ZN_homo_d2.60_cluster2.xyz,63.22,45.743,,126.43,40.610,,93.91,43.733,,-179.73,38.723,
3abm_ZN_homo_d2.60_cluster1,9,#9edae5,1,3abm_ZN_homo_d2.60_cluster1,2.3752,Cx1Cx19Cx2C-SLLL,111.27,0.9914,0.4738,0.1810,0.2140,34.270,/Users/stetef/Documents/SLAC/pdb-scraper/data/large-cys-his-datasets/4cys-large/output/xyz_files/3abm_ZN_homo_d2.60_cluster1.xyz,176.53,31.863,,127.81,32.690,,53.82,34.897,,86.90,33.923,
3abm_ZN_homo_d2.60_cluster2,6,#f7b6d2,1,3abm_ZN_homo_d2.60_cluster2,3.2437,Cx1Cx19Cx2C-SLLL,114.95,0.9940,0.4805,0.1810,0.2140,38.980,/Users/stetef/Documents/SLAC/pdb-scraper/data/large-cys-his-datasets/4cys-large/output/xyz_files/3abm_ZN_homo_d2.60_cluster2.xyz,179.96,36.580,,86.03,35.227,,61.26,39.243,,132.57,35.953,
3ag2_ZN_homo_d2.60_cluster1,3,#d62728,1,3ag2_ZN_homo_d2.60_cluster1,2.2571,Cx1Cx19Cx2C-SLLL,112.43,0.9912,0.4692,0.1770,0.2080,32.730,/Users/stetef/Documents/SLAC/pdb-scraper/data/large-cys-his-datasets/4cys-large/output/xyz_files/3ag2_ZN_homo_d2.60_cluster1.xyz,173.15,33.007,,62.89,35.437,,126.33,32.630,,87.34,36.083,
3ag2_ZN_homo_d2.60_cluster2,7,#c7c7c7,1,3ag2_ZN_homo_d2.60_cluster2,3.2988,Cx1Cx19Cx2C-SLLL,115.21,0.9919,0.4770,0.1770,0.2080,40.240,/Users/stetef/Documents/SLAC/pdb-scraper/data/large-cys-his-datasets/4cys-large/output/xyz_files/3ag2_ZN_homo_d2.60_cluster2.xyz,124.70,39.550,,176.30,34.140,,93.85,41.397,,65.97,38.663,
3ag3_ZN_homo_d2.60_cluster1,1,#ff7f0e,1,3ag3_ZN_homo_d2.60_cluster1,2.4266,Cx1Cx19Cx2C-SLLL,115.56,0.9931,0.4746,0.1750,0.2030,31.470,/Users/stetef/Documents/SLAC/pdb-scraper/data/large-cys-his-datasets/4cys-large/output/xyz_files/3ag3_ZN_homo_d2.60_cluster1.xyz,130.87,29.537,,175.15,28.187,,93.04,31.703,,63.16,31.663,
3ag3_ZN_homo_d2.60_cluster2,5,#c49c94,1,3ag3_ZN_homo_d2.60_cluster2,2.7117,Cx1Cx19Cx2C-SLLL,115.56,0.9908,0.4710,0.1750,0.2030,33.010,/Users/stetef/Documents/SLAC/pdb-scraper/data/large-cys-his-datasets/4cys-large/output/xyz_files/3ag3_ZN_homo_d2.60_cluster2.xyz,132.12,31.540,,89.00,32.663,,65.92,33.727,,175.18,31.020,
3aii_ZN_homo_d2.60_cluster1,7,#c7c7c7,1,3aii_ZN_homo_d2.60_cluster1,20.3078,Cx1Cx14Cx1C-SLHH,-103.62,0.9884,0.5677,0.1950,0.2190,27.330,/Users/stetef/Documents/SLAC/pdb-scraper/data/large-cys-his-datasets/4cys-large/output/xyz_files/3aii_ZN_homo_d2.60_cluster1.xyz,-57.04,20.990,,-115.10,25.693,,-92.53,28.783,,-149.82,30.080,
3asl_ZN_homo_d2.60_cluster1,2,#2ca02c,1,3asl_ZN_homo_d2.60_cluster1,3.9711,Cx2Cx7Cx2C-LLLL,133.77,0.9873,0.4954,0.1610,0.1960,18.370,/Users/stetef/Documents/SLAC/pdb-scraper/data/large-cys-his-datasets/4cys-large/output/xyz_files/3asl_ZN_homo_d2.60_cluster1.xyz,177.39,10.847,,93.04,10.890,,162.59,13.703,,102.06,12.257,
3asl_ZN_homo_d2.60_cluster3,5,#c49c94,1,3asl_ZN_homo_d2.60_cluster3,15.6061,Cx2Cx23Cx2C-LLLL,60.80,0.9952,0.5176,0.1610,0.1960,25.200,/Users/stetef/Documents/SLAC/pdb-scraper/data/large-cys-his-datasets/4cys-large/output/xyz_files/3asl_ZN_homo_d2.60_cluster3.xyz,96.79,12.857,,-120.11,14.293,,92.18,11.280,,174.33,10.680,
3avr_ZN_homo_d2.60_cluster1,7,#c7c7c7,1,3avr_ZN_homo_d2.60_cluster1,18.6014,Cx2Cx23Cx2C-LLHH,59.88,0.9881,0.5049,0.1710,0.1980,29.010,/Users/stetef/Documents/SLAC/pdb-scraper/data/large-cys-his-datasets/4cys-large/output/xyz_files/3avr_ZN_homo_d2.60_cluster1.xyz,179.65,26.910,,94.56,29.610,,91.22,28.797,,-125.91,34.743,
3avs_ZN_homo_d2.60_cluster1,5,#c49c94,1,3avs_ZN_homo_d2.60_cluster1,18.3420,Cx2Cx23Cx2C-LLHH,57.96,0.9945,0.5053,0.1840,0.2180,36.260,/Users/stetef/Documents/SLAC/pdb-scraper/data/large-cys-his-datasets/4cys-large/output/xyz_files/3avs_ZN_homo_d2.60_cluster1.xyz,90.93,32.680,,90.32,33.750,,176.19,30.620,,-125.62,37.157,
3b08_ZN_homo_d2.60_cluster1,7,#c7c7c7,1,3b08_ZN_homo_d2.60_cluster1,10.3100,Cx2Cx10Cx2C-LLLL,132.87,0.9616,0.4592,0.1750,0.2110,23.350,/Users/stetef/Documents/SLAC/pdb-scraper/data/large-cys-his-datasets/4cys-large/output/xyz_files/3b08_ZN_homo_d2.60_cluster1.xyz,93.52,13.370,,89.86,13.303,,175.57,12.823,,172.53,13.333,
3b08_ZN_homo_d2.60_cluster2,5,#c49c94,1,3b08_ZN_homo_d2.60_cluster2,10.2521,Cx2Cx10Cx2C-LLLL,133.65,0.9622,0.4530,0.1750,0.2110,23.560,/Users/stetef/Documents/SLAC/pdb-scraper/data/large-cys-his-datasets/4cys-large/output/xyz_files/3b08_ZN_homo_d2.60_cluster2.xyz,90.94,12.933,,91.62,14.527,,176.07,11.077,,175.96,11.327,
3b08_ZN_homo_d2.60_cluster3,3,#d62728,1,3b08_ZN_homo_d2.60_cluster3,10.5954,Cx2Cx10Cx2C-LLLL,132.04,0.9637,0.4658,0.1750,0.2110,21.030,/Users/stetef/Documents/SLAC/pdb-scraper/data/large-cys-his-datasets/4cys-large/output/xyz_files/3b08_ZN_homo_d2.60_cluster3.xyz,90.56,11.687,,88.82,10.630,,170.42,11.323,,178.38,10.277,
3b08_ZN_homo_d2.60_cluster4,3,#d62728,1,3b08_ZN_homo_d2.60_cluster4,9.7744,Cx2Cx10Cx2C-LLLL,133.70,0.9639,0.4578,0.1750,0.2110,21.790,/Users/stetef/Documents/SLAC/pdb-scraper/data/large-cys-his-datasets/4cys-large/output/xyz_files/3b08_ZN_homo_d2.60_cluster4.xyz,91.64,11.880,,90.02,12.113,,174.11,11.227,,179.01,11.240,
3b0a_ZN_homo_d2.60_cluster1,2,#2ca02c,1,3b0a_ZN_homo_d2.60_cluster1,9.9604,Cx2Cx10Cx2C-LLLL,131.81,0.9553,0.4706,0.1830,0.2270,37.790,/Users/stetef/Documents/SLAC/pdb-scraper/data/large-cys-his-datasets/4cys-large/output/xyz_files/3b0a_ZN_homo_d2.60_cluster1.xyz,91.39,26.860,,90.97,27.767,,174.05,23.937,,170.83,23.013,
3b0a_ZN_homo_d2.60_cluster2,3,#d62728,1,3b0a_ZN_homo_d2.60_cluster2,9.5229,Cx2Cx10Cx2C-LLLL,133.25,0.9683,0.4633,0.1830,0.2270,38.700,/Users/stetef/Documents/SLAC/pdb-scraper/data/large-cys-his-datasets/4cys-large/output/xyz_files/3b0a_ZN_homo_d2.60_cluster2.xyz,89.38,28.543,,93.86,27.947,,171.67,23.920,,178.08,25.427,
3b3m_ZN_homo_d2.60_cluster1,5,#c49c94,1,3b3m_ZN_homo_d2.60_cluster1,20.2454,Cx4C-Cx4C-LL-LL,44.68,0.9638,0.3269,0.2040,0.2330,24.830,/Users/stetef/Documents/SLAC/pdb-scraper/data/large-cys-his-datasets/4cys-large/output/xyz_files/3b3m_ZN_homo_d2.60_cluster1.xyz,153.17,34.067,,-61.76,26.690,,152.37,32.223,,-65.05,27.527,
3b3n_ZN_homo_d2.60_cluster1,9,#9edae5,1,3b3n_ZN_homo_d2.60_cluster1,21.3896,Cx4C-Cx4C-LL-LL,44.85,0.9680,0.3315,0.2300,0.2700,29.430,/Users/stetef/Documents/SLAC/pdb-scraper/data/large-cys-his-datasets/4cys-large/output/xyz_files/3b3n_ZN_homo_d2.60_cluster1.xyz,148.00,37.983,,154.74,34.770,,-61.56,32.393,,-61.77,31.993,
3bo5_ZN_homo_d2.60_cluster1,5,#c49c94,1,3bo5_ZN_homo_d2.60_cluster1,0.8413,Cx13Cx28Cx3C-LHLL,39.03,0.9732,0.5212,0.1570,0.1990,13.700,/Users/stetef/Documents/SLAC/pdb-scraper/data/large-cys-his-datasets/4cys-large/output/xyz_files/3bo5_ZN_homo_d2.60_cluster1.xyz,-141.66,14.380,,65.03,13.327,,134.97,14.217,,97.79,15.350,
3bo5_ZN_homo_d2.60_cluster2,3,#d62728,1,3bo5_ZN_homo_d2.60_cluster2,44.3381,Cx35Cx5Cx3C-LLLL,-79.86,0.9957,0.8128,0.1570,0.1990,14.660,/Users/stetef/Documents/SLAC/pdb-scraper/data/large-cys-his-datasets/4cys-large/output/xyz_files/3bo5_ZN_homo_d2.60_cluster2.xyz,175.25,18.163,,-159.25,15.453,,-179.88,13.327,,-155.57,14.580,
3bo5_ZN_homo_d2.60_cluster3,5,#c49c94,1,3bo5_ZN_homo_d2.60_cluster3,19.8375,Cx1Cx4Cx4C-LLLH,-71.36,0.9921,0.6061,0.1570,0.1990,14.220,/Users/stetef/Documents/SLAC/pdb-scraper/data/large-cys-his-datasets/4cys-large/output/xyz_files/3bo5_ZN_homo_d2.60_cluster3.xyz,-86.69,16.523,,-128.45,14.650,,-158.54,15.350,,88.26,14.580,
3bo5_ZN_homo_d2.60_cluster4,3,#d62728,1,3bo5_ZN_homo_d2.60_cluster4,29.0036,Cx60Cx1Cx4C-LLLL,15.23,0.9938,0.7086,0.1570,0.1990,14.240,/Users/stetef/Documents/SLAC/pdb-scraper/data/large-cys-his-datasets/4cys-large/output/xyz_files/3bo5_ZN_homo_d2.60_cluster4.xyz,97.69,14.777,,-66.85,18.763,,137.95,13.640,,-107.86,14.743,
3bto_ZN_homo_d2.60_cluster2,3,#d62728,1,3bto_ZN_homo_d2.60_cluster2,27.9696,Cx2Cx2Cx7C-LLHL,-5.09,0.9792,0.7916,0.2070,0.2230,9.600,/Users/stetef/Documents/SLAC/pdb-scraper/data/large-cys-his-datasets/4cys-large/output/xyz_files/3bto_ZN_homo_d2.60_cluster2.xyz,-110.23,11.247,,88.33,11.323,,-65.08,8.357,,66.62,10.050,
3bto_ZN_homo_d2.60_cluster4,5,#c49c94,1,3bto_ZN_homo_d2.60_cluster4,28.5709,Cx2Cx2Cx7C-LLLL,-5.53,0.9794,0.8068,0.2070,0.2230,11.280,/Users/stetef/Documents/SLAC/pdb-scraper/data/large-cys-his-datasets/4cys-large/output/xyz_files/3bto_ZN_homo_d2.60_cluster4.xyz,-63.96,9.837,,-109.92,11.163,,88.33,13.483,,63.44,12.380,
3bto_ZN_homo_d2.60_cluster6,3,#d62728,1,3bto_ZN_homo_d2.60_cluster6,28.4476,Cx2Cx2Cx7C-LLHL,-2.78,0.9762,0.8029,0.2070,0.2230,10.210,/Users/stetef/Documents/SLAC/pdb-scraper/data/large-cys-his-datasets/4cys-large/output/xyz_files/3bto_ZN_homo_d2.60_cluster6.xyz,-111.43,11.220,,96.77,11.103,,-63.97,8.667,,67.50,8.807,
3bto_ZN_homo_d2.60_cluster8,6,#f7b6d2,1,3bto_ZN_homo_d2.60_cluster8,28.8682,Cx2Cx2Cx7C-LLHL,-2.00,0.9762,0.8095,0.2070,0.2230,11.800,/Users/stetef/Documents/SLAC/pdb-scraper/data/large-cys-his-datasets/4cys-large/output/xyz_files/3bto_ZN_homo_d2.60_cluster8.xyz,-107.77,12.067,,-58.52,9.967,,91.70,13.903,,66.57,9.383,
3c58_ZN_homo_d2.60_cluster1,3,#d62728,1,3c58_ZN_homo_d2.60_cluster1,15.4645,Cx2Cx16Cx2C-LLLL,86.28,0.9747,0.4663,0.1730,0.2000,6.570,/Users/stetef/Documents/SLAC/pdb-scraper/data/large-cys-his-datasets/4cys-large/output/xyz_files/3c58_ZN_homo_d2.60_cluster1.xyz,177.89,17.243,,170.90,19.587,,-99.40,19.237,,95.72,21.740,
3c6w_ZN_homo_d2.60_cluster2,8,#dbdb8d,1,3c6w_ZN_homo_d2.60_cluster2,18.0758,Cx4Cx21Cx2C-LLHH,-76.84,0.9922,0.5507,0.1860,0.1990,15.270,/Users/stetef/Documents/SLAC/pdb-scraper/data/large-cys-his-datasets/4cys-large/output/xyz_files/3c6w_ZN_homo_d2.60_cluster2.xyz,-116.05,10.580,,95.45,9.990,,-115.81,11.107,,-170.98,8.400,
3c6w_ZN_homo_d2.60_cluster4,8,#dbdb8d,1,3c6w_ZN_homo_d2.60_cluster4,18.6888,Cx4Cx21Cx2C-LLHH,-76.79,0.9923,0.5586,0.1860,0.1990,17.320,/Users/stetef/Documents/SLAC/pdb-scraper/data/large-cys-his-datasets/4cys-large/output/xyz_files/3c6w_ZN_homo_d2.60_cluster4.xyz,-117.15,13.383,,-115.28,13.077,,95.44,11.940,,-170.16,11.147,
3cbb_ZN_homo_d2.60_cluster1,7,#c7c7c7,1,3cbb_ZN_homo_d2.60_cluster1,19.9757,Cx2Cx13Cx2C-LLHH,56.97,0.9904,0.4811,0.2130,0.2520,19.230,/Users/stetef/Documents/SLAC/pdb-scraper/data/large-cys-his-datasets/4cys-large/output/xyz_files/3cbb_ZN_homo_d2.60_cluster1.xyz,83.12,21.650,,-117.22,14.900,,86.38,19.487,,175.60,21.837,
3cbb_ZN_homo_d2.60_cluster2,7,#c7c7c7,1,3cbb_ZN_homo_d2.60_cluster2,32.5914,Cx5Cx9Cx2C-LLHH,-35.63,0.9640,0.6463,0.2130,0.2520,30.900,/Users/stetef/Documents/SLAC/pdb-scraper/data/large-cys-his-datasets/4cys-large/output/xyz_files/3cbb_ZN_homo_d2.60_cluster2.xyz,179.75,22.247,,-113.65,32.390,,-101.47,30.890,,-107.16,22.990,
3cbb_ZN_homo_d2.60_cluster3,7,#c7c7c7,1,3cbb_ZN_homo_d2.60_cluster3,20.4610,Cx2Cx13Cx2C-LLHH,57.57,0.9933,0.4807,0.2130,0.2520,23.700,/Users/stetef/Documents/SLAC/pdb-scraper/data/large-cys-his-datasets/4cys-large/output/xyz_files/3cbb_ZN_homo_d2.60_cluster3.xyz,86.41,25.623,,-118.97,21.197,,85.53,22.453,,177.31,24.657,
3cbb_ZN_homo_d2.60_cluster4,7,#c7c7c7,1,3cbb_ZN_homo_d2.60_cluster4,33.5006,Cx5Cx9Cx2C-LLHH,-38.71,0.9898,0.6684,0.2130,0.2520,35.970,/Users/stetef/Documents/SLAC/pdb-scraper/data/large-cys-his-datasets/4cys-large/output/xyz_files/3cbb_ZN_homo_d2.60_cluster4.xyz,175.03,26.853,,-110.66,24.033,,-116.62,35.440,,-102.59,39.647,
3cng_ZN_homo_d2.60_cluster1,2,#2ca02c,1,3cng_ZN_homo_d2.60_cluster1,8.7528,Cx2Cx18Cx2C-LLSL,132.44,0.9588,0.4814,0.1830,0.2330,37.370,/Users/stetef/Documents/SLAC/pdb-scraper/data/large-cys-his-datasets/4cys-large/output/xyz_files/3cng_ZN_homo_d2.60_cluster1.xyz,174.94,38.747,,86.17,42.440,,172.04,38.913,,96.61,43.643,
3cng_ZN_homo_d2.60_cluster2,6,#f7b6d2,1,3cng_ZN_homo_d2.60_cluster2,7.8670,Cx2Cx18Cx2C-LLSL,124.63,0.9740,0.4735,0.1830,0.2330,37.900,/Users/stetef/Documents/SLAC/pdb-scraper/data/large-cys-his-datasets/4cys-large/output/xyz_files/3cng_ZN_homo_d2.60_cluster2.xyz,86.43,38.727,,82.17,40.663,,162.23,38.347,,167.67,36.973,
3cng_ZN_homo_d2.60_cluster3,3,#d62728,1,3cng_ZN_homo_d2.60_cluster3,10.1126,Cx2Cx18Cx2C-LLSL,127.30,0.9717,0.4660,0.1830,0.2330,40.410,/Users/stetef/Documents/SLAC/pdb-scraper/data/large-cys-his-datasets/4cys-large/output/xyz_files/3cng_ZN_homo_d2.60_cluster3.xyz,95.66,46.667,,170.16,41.030,,76.66,44.627,,166.72,41.910,
3cng_ZN_homo_d2.60_cluster4,3,#d62728,1,3cng_ZN_homo_d2.60_cluster4,9.0893,Cx2Cx18Cx2C-LLSL,130.77,0.9940,0.4838,0.1830,0.2330,37.740,/Users/stetef/Documents/SLAC/pdb-scraper/data/large-cys-his-datasets/4cys-large/output/xyz_files/3cng_ZN_homo_d2.60_cluster4.xyz,174.01,40.807,,89.43,42.483,,176.83,40.170,,82.81,38.000,
3cxk_ZN_homo_d2.60_cluster1,3,#d62728,1,3cxk_ZN_homo_d2.60_cluster1,6.6967,Cx2Cx45Cx2C-SLSL,134.65,0.9876,0.4735,0.1670,0.1990,22.600,/Users/stetef/Documents/SLAC/pdb-scraper/data/large-cys-his-datasets/4cys-large/output/xyz_files/3cxk_ZN_homo_d2.60_cluster1.xyz,95.77,23.893,,98.64,23.267,,174.98,20.443,,169.20,22.800,
3cxk_ZN_homo_d2.60_cluster2,5,#c49c94,1,3cxk_ZN_homo_d2.60_cluster2,7.6307,Cx2Cx45Cx2C-SLSL,133.50,0.9893,0.4766,0.1670,0.1990,22.960,/Users/stetef/Documents/SLAC/pdb-scraper/data/large-cys-his-datasets/4cys-large/output/xyz_files/3cxk_ZN_homo_d2.60_cluster2.xyz,92.12,24.290,,176.39,19.817,,169.24,22.443,,96.24,23.983,
3d00_ZN_homo_d2.60_cluster1,7,#c7c7c7,1,3d00_ZN_homo_d2.60_cluster1,15.5372,Cx2Cx11Cx2C-LLHH,59.20,0.9970,0.5073,0.2350,0.2680,38.460,/Users/stetef/Documents/SLAC/pdb-scraper/data/large-cys-his-datasets/4cys-large/output/xyz_files/3d00_ZN_homo_d2.60_cluster1.xyz,168.52,43.433,,92.04,43.017,,95.23,47.180,,-118.99,46.247,
3d4b_ZN_homo_d2.60_cluster1,0,#1f77b4,1,3d4b_ZN_homo_d2.60_cluster1,11.5522,Cx2Cx20Cx2C-SLLL,40.87,0.9602,0.4590,0.1970,0.2290,43.750,/Users/stetef/Documents/SLAC/pdb-scraper/data/large-cys-his-datasets/4cys-large/output/xyz_files/3d4b_ZN_homo_d2.60_cluster1.xyz,81.60,43.017,,175.51,43.663,,85.51,48.487,,-179.15,35.107,
3dgl_ZN_homo_d2.60_cluster1,1,#ff7f0e,1,3dgl_ZN_homo_d2.60_cluster1,15.3369,Cx2Cx19Cx2C-LLHH,59.44,0.9848,0.5275,0.1730,0.2000,16.430,/Users/stetef/Documents/SLAC/pdb-scraper/data/large-cys-his-datasets/4cys-large/output/xyz_files/3dgl_ZN_homo_d2.60_cluster1.xyz,-122.09,13.913,,95.60,16.693,,90.86,13.587,,173.39,13.517,
3eb5_ZN_homo_d2.60_cluster1,3,#d62728,1,3eb5_ZN_homo_d2.60_cluster1,15.5327,Cx2Cx17Cx2C-LLLH,60.69,0.9750,0.5226,0.2190,0.2750,65.040,/Users/stetef/Documents/SLAC/pdb-scraper/data/large-cys-his-datasets/4cys-large/output/xyz_files/3eb5_ZN_homo_d2.60_cluster1.xyz,-124.73,64.620,,84.46,65.493,,178.47,59.897,,104.58,62.793,
3eh1_ZN_homo_d2.60_cluster1,5,#c49c94,1,3eh1_ZN_homo_d2.60_cluster1,9.1510,Cx2Cx17Cx2C-LLLL,131.57,0.9640,0.4870,0.1840,0.2180,21.370,/Users/stetef/Documents/SLAC/pdb-scraper/data/large-cys-his-datasets/4cys-large/output/xyz_files/3eh1_ZN_homo_d2.60_cluster1.xyz,86.36,19.663,,177.15,20.427,,88.05,19.293,,174.71,18.840,
3eqt_ZN_homo_d2.60_cluster1,5,#c49c94,1,3eqt_ZN_homo_d2.60_cluster1,4.1444,Cx2Cx52Cx2C-SLSL,133.64,0.9924,0.4678,0.2130,0.2540,32.010,/Users/stetef/Documents/SLAC/pdb-scraper/data/large-cys-his-datasets/4cys-large/output/xyz_files/3eqt_ZN_homo_d2.60_cluster1.xyz,91.38,28.513,,177.09,24.803,,94.21,33.040,,171.87,24.233,
3eqt_ZN_homo_d2.60_cluster2,6,#f7b6d2,1,3eqt_ZN_homo_d2.60_cluster2,5.8314,Cx2Cx52Cx2C-SLSL,45.46,0.9403,0.4726,0.2130,0.2540,72.460,/Users/stetef/Documents/SLAC/pdb-scraper/data/large-cys-his-datasets/4cys-large/output/xyz_files/3eqt_ZN_homo_d2.60_cluster2.xyz,-175.72,61.183,,165.56,60.027,,92.48,77.417,,99.53,78.323,
3fc3_ZN_homo_d2.60_cluster1,0,#1f77b4,1,3fc3_ZN_homo_d2.60_cluster1,11.1016,Cx2Cx25Cx2C-LLHH,59.71,0.9901,0.4956,0.1820,0.2050,20.150,/Users/stetef/Documents/SLAC/pdb-scraper/data/large-cys-his-datasets/4cys-large/output/xyz_files/3fc3_ZN_homo_d2.60_cluster1.xyz,177.17,18.867,,-114.08,23.627,,87.51,19.587,,88.25,19.660,
3fc3_ZN_homo_d2.60_cluster2,5,#c49c94,1,3fc3_ZN_homo_d2.60_cluster2,12.5987,Cx2Cx27Cx2C-LLSH,58.91,0.9840,0.5079,0.1820,0.2050,18.840,/Users/stetef/Documents/SLAC/pdb-scraper/data/large-cys-his-datasets/4cys-large/output/xyz_files/3fc3_ZN_homo_d2.60_cluster2.xyz,172.66,20.507,,-117.45,19.900,,85.39,18.883,,95.01,20.770,
3fc3_ZN_homo_d2.60_cluster3,9,#9edae5,1,3fc3_ZN_homo_d2.60_cluster3,11.6757,Cx2Cx25Cx2C-LLHH,58.02,0.9899,0.4967,0.1820,0.2050,19.270,/Users/stetef/Documents/SLAC/pdb-scraper/data/large-cys-his-datasets/4cys-large/output/xyz_files/3fc3_ZN_homo_d2.60_cluster3.xyz,-119.19,23.163,,174.85,18.270,,87.22,19.377,,89.20,18.873,
3fc3_ZN_homo_d2.60_cluster4,2,#2ca02c,1,3fc3_ZN_homo_d2.60_cluster4,12.7552,Cx2Cx27Cx2C-LLSH,59.62,0.9838,0.5145,0.1820,0.2050,17.400,/Users/stetef/Documents/SLAC/pdb-scraper/data/large-cys-his-datasets/4cys-large/output/xyz_files/3fc3_ZN_homo_d2.60_cluster4.xyz,87.77,19.213,,-116.10,19.487,,174.16,19.007,,92.68,19.947,
3feh_ZN_homo_d2.60_cluster1,1,#ff7f0e,1,3feh_ZN_homo_d2.60_cluster1,18.1790,Cx2Cx16Cx2C-LLHH,59.67,0.9861,0.4834,0.2110,0.2550,24.340,/Users/stetef/Documents/SLAC/pdb-scraper/data/large-cys-his-datasets/4cys-large/output/xyz_files/3feh_ZN_homo_d2.60_cluster1.xyz,-115.73,23.690,,176.20,20.163,,85.65,24.233,,92.57,23.153,
3fl2_ZN_homo_d2.60_cluster1,7,#c7c7c7,1,3fl2_ZN_homo_d2.60_cluster1,18.5601,Cx2Cx16Cx2C-LLSH,1.74,0.9896,0.5288,0.1870,0.2500,24.420,/Users/stetef/Documents/SLAC/pdb-scraper/data/large-cys-his-datasets/4cys-large/output/xyz_files/3fl2_ZN_homo_d2.60_cluster1.xyz,101.22,26.643,,-151.09,24.237,,-111.03,21.777,,167.85,22.520,
3fqm_ZN_homo_d2.60_cluster1,3,#d62728,1,3fqm_ZN_homo_d2.60_cluster1,26.2624,Cx17Cx1Cx20C-LLLH,68.58,0.9875,0.6442,0.2480,0.2880,26.090,/Users/stetef/Documents/SLAC/pdb-scraper/data/large-cys-his-datasets/4cys-large/output/xyz_files/3fqm_ZN_homo_d2.60_cluster1.xyz,115.05,27.723,,69.08,26.460,,154.22,24.050,,-64.02,29.553,
3fyl_ZN_homo_d2.60_cluster1,1,#ff7f0e,1,3fyl_ZN_homo_d2.60_cluster1,19.5766,Cx2Cx13Cx2C-LLHH,60.17,0.9915,0.4971,0.1980,0.2340,30.400,/Users/stetef/Documents/SLAC/pdb-scraper/data/large-cys-his-datasets/4cys-large/output/xyz_files/3fyl_ZN_homo_d2.60_cluster1.xyz,-118.86,29.720,,176.70,36.753,,93.86,34.380,,88.99,37.127,
3fyl_ZN_homo_d2.60_cluster2,3,#d62728,1,3fyl_ZN_homo_d2.60_cluster2,31.4315,Cx5Cx9Cx2C-LLHH,-121.40,0.9869,0.6510,0.1980,0.2340,28.360,/Users/stetef/Documents/SLAC/pdb-scraper/data/large-cys-his-datasets/4cys-large/output/xyz_files/3fyl_ZN_homo_d2.60_cluster2.xyz,-113.32,29.297,,-84.28,31.840,,-109.79,30.010,,-178.19,26.343,
3fyl_ZN_homo_d2.60_cluster3,5,#c49c94,1,3fyl_ZN_homo_d2.60_cluster3,17.7927,Cx2Cx13Cx2C-LLHH,-31.03,0.9947,0.4643,0.1980,0.2340,50.540,/Users/stetef/Documents/SLAC/pdb-scraper/data/large-cys-his-datasets/4cys-large/output/xyz_files/3fyl_ZN_homo_d2.60_cluster3.xyz,-122.85,40.140,,86.99,49.400,,90.76,49.023,,-179.02,47.773,
3fyl_ZN_homo_d2.60_cluster4,8,#dbdb8d,1,3fyl_ZN_homo_d2.60_cluster4,30.3759,Cx5Cx9Cx2C-LLHH,-118.42,0.9961,0.6281,0.1980,0.2340,35.270,/Users/stetef/Documents/SLAC/pdb-scraper/data/large-cys-his-datasets/4cys-large/output/xyz_files/3fyl_ZN_homo_d2.60_cluster4.xyz,-108.23,32.890,,-79.22,22.130,,-110.70,30.663,,-175.54,25.850,
3g6p_ZN_homo_d2.60_cluster1,7,#c7c7c7,1,3g6p_ZN_homo_d2.60_cluster1,17.3620,Cx2Cx13Cx2C-LLHH,60.12,0.9791,0.4671,0.2160,0.2390,51.530,/Users/stetef/Documents/SLAC/pdb-scraper/data/large-cys-his-datasets/4cys-large/output/xyz_files/3g6p_ZN_homo_d2.60_cluster1.xyz,-123.88,46.117,,176.87,61.810,,95.72,53.677,,91.76,56.737,
3g6p_ZN_homo_d2.60_cluster2,5,#c49c94,1,3g6p_ZN_homo_d2.60_cluster2,30.2154,Cx5Cx9Cx2C-LLHH,-32.53,0.9884,0.6275,0.2160,0.2390,33.780,/Users/stetef/Documents/SLAC/pdb-scraper/data/large-cys-his-datasets/4cys-large/output/xyz_files/3g6p_ZN_homo_d2.60_cluster2.xyz,-110.10,34.840,,178.31,28.697,,-81.29,30.460,,-117.05,33.463,
3g6p_ZN_homo_d2.60_cluster3,5,#c49c94,1,3g6p_ZN_homo_d2.60_cluster3,17.5161,Cx2Cx13Cx2C-LLHH,58.71,0.9693,0.4921,0.2160,0.2390,49.600,/Users/stetef/Documents/SLAC/pdb-scraper/data/large-cys-his-datasets/4cys-large/output/xyz_files/3g6p_ZN_homo_d2.60_cluster3.xyz,176.27,60.257,,-123.87,42.480,,92.72,53.460,,89.73,52.673,
3g6p_ZN_homo_d2.60_cluster4,4,#9467bd,1,3g6p_ZN_homo_d2.60_cluster4,30.6532,Cx5Cx9Cx2C-LLHH,-32.39,0.9883,0.6372,0.2160,0.2390,31.420,/Users/stetef/Documents/SLAC/pdb-scraper/data/large-cys-his-datasets/4cys-large/output/xyz_files/3g6p_ZN_homo_d2.60_cluster4.xyz,-108.19,38.373,,-85.11,32.337,,-114.19,29.453,,177.93,31.897,
3g6t_ZN_homo_d2.60_cluster1,6,#f7b6d2,1,3g6t_ZN_homo_d2.60_cluster1,18.1602,Cx2Cx13Cx2C-LLHH,60.50,0.9902,0.4855,0.1810,0.2140,39.050,/Users/stetef/Documents/SLAC/pdb-scraper/data/large-cys-his-datasets/4cys-large/output/xyz_files/3g6t_ZN_homo_d2.60_cluster1.xyz,95.22,40.247,,-118.20,33.133,,85.29,39.553,,179.71,39.637,
3g6t_ZN_homo_d2.60_cluster2,1,#ff7f0e,1,3g6t_ZN_homo_d2.60_cluster2,31.3291,Cx5Cx9Cx2C-LLHH,-33.95,0.9913,0.6533,0.1810,0.2140,35.210,/Users/stetef/Documents/SLAC/pdb-scraper/data/large-cys-his-datasets/4cys-large/output/xyz_files/3g6t_ZN_homo_d2.60_cluster2.xyz,-111.82,34.410,,175.98,32.523,,-113.86,29.877,,-86.09,33.007,
3g6t_ZN_homo_d2.60_cluster3,7,#c7c7c7,1,3g6t_ZN_homo_d2.60_cluster3,16.8252,Cx2Cx13Cx2C-LLHH,58.08,0.9871,0.4648,0.1810,0.2140,68.370,/Users/stetef/Documents/SLAC/pdb-scraper/data/large-cys-his-datasets/4cys-large/output/xyz_files/3g6t_ZN_homo_d2.60_cluster3.xyz,91.55,72.800,,86.83,67.073,,178.58,77.273,,-124.64,64.623,
3g6t_ZN_homo_d2.60_cluster4,6,#f7b6d2,1,3g6t_ZN_homo_d2.60_cluster4,31.2218,Cx5Cx9Cx2C-LLHH,-31.80,0.9864,0.6330,0.1810,0.2140,38.170,/Users/stetef/Documents/SLAC/pdb-scraper/data/large-cys-his-datasets/4cys-large/output/xyz_files/3g6t_ZN_homo_d2.60_cluster4.xyz,-90.10,35.510,,-104.78,34.693,,179.15,40.987,,-111.46,39.850,
3g6u_ZN_homo_d2.60_cluster1,8,#dbdb8d,1,3g6u_ZN_homo_d2.60_cluster1,18.1843,Cx2Cx13Cx2C-LLHH,59.21,0.9952,0.4799,0.1910,0.2200,43.840,/Users/stetef/Documents/SLAC/pdb-scraper/data/large-cys-his-datasets/4cys-large/output/xyz_files/3g6u_ZN_homo_d2.60_cluster1.xyz,176.21,42.957,,90.87,48.020,,89.87,47.073,,-120.12,39.067,
3g6u_ZN_homo_d2.60_cluster2,5,#c49c94,1,3g6u_ZN_homo_d2.60_cluster2,31.1888,Cx5Cx9Cx2C-LLHH,-34.77,0.9910,0.6370,0.1910,0.2200,36.960,/Users/stetef/Documents/SLAC/pdb-scraper/data/large-cys-his-datasets/4cys-large/output/xyz_files/3g6u_ZN_homo_d2.60_cluster2.xyz,-86.63,38.357,,-110.94,32.673,,-114.56,39.147,,173.03,35.167,
3g6u_ZN_homo_d2.60_cluster3,5,#c49c94,1,3g6u_ZN_homo_d2.60_cluster3,16.6333,Cx2Cx13Cx2C-LLHH,56.56,0.9537,0.4588,0.1910,0.2200,71.070,/Users/stetef/Documents/SLAC/pdb-scraper/data/large-cys-his-datasets/4cys-large/output/xyz_files/3g6u_ZN_homo_d2.60_cluster3.xyz,178.05,112.270,,78.61,86.040,,-122.83,72.787,,92.39,105.953,
3g6u_ZN_homo_d2.60_cluster4,0,#1f77b4,1,3g6u_ZN_homo_d2.60_cluster4,31.1678,Cx5Cx9Cx2C-LLHH,-32.09,0.9935,0.6351,0.1910,0.2200,39.640,/Users/stetef/Documents/SLAC/pdb-scraper/data/large-cys-his-datasets/4cys-large/output/xyz_files/3g6u_ZN_homo_d2.60_cluster4.xyz,-85.39,36.023,,-110.52,40.433,,179.64,39.317,,-112.08,41.420,
3g8u_ZN_homo_d2.60_cluster1,0,#1f77b4,1,3g8u_ZN_homo_d2.60_cluster1,17.9062,Cx2Cx13Cx2C-LLHH,58.61,0.9938,0.4847,0.2120,0.2360,57.470,/Users/stetef/Documents/SLAC/pdb-scraper/data/large-cys-his-datasets/4cys-large/output/xyz_files/3g8u_ZN_homo_d2.60_cluster1.xyz,94.70,57.913,,85.42,62.127,,-118.81,45.333,,173.14,58.593,
3g8u_ZN_homo_d2.60_cluster2,6,#f7b6d2,1,3g8u_ZN_homo_d2.60_cluster2,30.9571,Cx5Cx9Cx2C-LLHH,-35.42,0.9854,0.6409,0.2120,0.2360,38.200,/Users/stetef/Documents/SLAC/pdb-scraper/data/large-cys-his-datasets/4cys-large/output/xyz_files/3g8u_ZN_homo_d2.60_cluster2.xyz,-113.15,43.960,,174.28,35.053,,-117.48,35.617,,-85.31,37.713,
3g8u_ZN_homo_d2.60_cluster3,1,#ff7f0e,1,3g8u_ZN_homo_d2.60_cluster3,16.7227,Cx2Cx13Cx2C-LLHH,57.31,0.8831,0.4644,0.2120,0.2360,88.830,/Users/stetef/Documents/SLAC/pdb-scraper/data/large-cys-his-datasets/4cys-large/output/xyz_files/3g8u_ZN_homo_d2.60_cluster3.xyz,177.46,112.850,,82.07,80.900,,-128.95,81.793,,98.66,94.970,
3g8u_ZN_homo_d2.60_cluster4,5,#c49c94,1,3g8u_ZN_homo_d2.60_cluster4,30.5497,Cx5Cx9Cx2C-LLHH,-120.77,0.9951,0.6250,0.2120,0.2360,43.410,/Users/stetef/Documents/SLAC/pdb-scraper/data/large-cys-his-datasets/4cys-large/output/xyz_files/3g8u_ZN_homo_d2.60_cluster4.xyz,-83.57,35.233,,-108.65,47.583,,-177.79,40.547,,-113.08,46.890,
3g99_ZN_homo_d2.60_cluster1,5,#c49c94,1,3g99_ZN_homo_d2.60_cluster1,19.3193,Cx2Cx13Cx2C-LLHH,57.53,0.9932,0.5008,0.1940,0.2300,41.680,/Users/stetef/Documents/SLAC/pdb-scraper/data/large-cys-his-datasets/4cys-large/output/xyz_files/3g99_ZN_homo_d2.60_cluster1.xyz,-116.66,39.907,,88.01,41.623,,85.36,46.417,,173.42,40.630,
3g99_ZN_homo_d2.60_cluster2,5,#c49c94,1,3g99_ZN_homo_d2.60_cluster2,31.6117,Cx5Cx9Cx2C-LLHH,-32.84,0.9900,0.6607,0.1940,0.2300,36.320,/Users/stetef/Documents/SLAC/pdb-scraper/data/large-cys-his-datasets/4cys-large/output/xyz_files/3g99_ZN_homo_d2.60_cluster2.xyz,-111.65,39.207,,-84.00,34.583,,-109.75,32.170,,174.02,34.887,
3g99_ZN_homo_d2.60_cluster3,0,#1f77b4,1,3g99_ZN_homo_d2.60_cluster3,16.2347,Cx2Cx13Cx2C-LLHH,60.00,0.9819,0.4537,0.1940,0.2300,65.490,/Users/stetef/Documents/SLAC/pdb-scraper/data/large-cys-his-datasets/4cys-large/output/xyz_files/3g99_ZN_homo_d2.60_cluster3.xyz,91.08,64.123,,-123.72,64.780,,95.14,61.393,,177.51,77.450,
3g99_ZN_homo_d2.60_cluster4,0,#1f77b4,1,3g99_ZN_homo_d2.60_cluster4,31.1684,Cx5Cx9Cx2C-LLHH,-119.19,0.9910,0.6393,0.1940,0.2300,38.380,/Users/stetef/Documents/SLAC/pdb-scraper/data/large-cys-his-datasets/4cys-large/output/xyz_files/3g99_ZN_homo_d2.60_cluster4.xyz,-76.03,31.287,,-104.69,39.670,,-178.27,33.633,,-117.77,38.840,
3g9i_ZN_homo_d2.60_cluster1,3,#d62728,1,3g9i_ZN_homo_d2.60_cluster1,16.9063,Cx2Cx13Cx2C-LLHH,57.19,0.9888,0.4580,0.1720,0.2010,46.400,/Users/stetef/Documents/SLAC/pdb-scraper/data/large-cys-his-datasets/4cys-large/output/xyz_files/3g9i_ZN_homo_d2.60_cluster1.xyz,87.48,44.430,,84.34,47.067,,-122.22,40.980,,179.18,51.890,
3g9i_ZN_homo_d2.60_cluster2,5,#c49c94,1,3g9i_ZN_homo_d2.60_cluster2,30.4770,Cx5Cx9Cx2C-LLHH,-30.78,0.9900,0.6274,0.1720,0.2010,28.420,/Users/stetef/Documents/SLAC/pdb-scraper/data/large-cys-his-datasets/4cys-large/output/xyz_files/3g9i_ZN_homo_d2.60_cluster2.xyz,-84.45,23.140,,-107.86,27.650,,-110.60,27.893,,179.78,24.777,
3g9i_ZN_homo_d2.60_cluster3,5,#c49c94,1,3g9i_ZN_homo_d2.60_cluster3,18.3905,Cx2Cx13Cx2C-LLHH,58.99,0.9919,0.4868,0.1720,0.2010,31.650,/Users/stetef/Documents/SLAC/pdb-scraper/data/large-cys-his-datasets/4cys-large/output/xyz_files/3g9i_ZN_homo_d2.60_cluster3.xyz,-120.72,27.380,,93.24,29.217,,88.85,33.083,,174.58,34.910,
3g9i_ZN_homo_d2.60_cluster4,5,#c49c94,1,3g9i_ZN_homo_d2.60_cluster4,30.9644,Cx5Cx9Cx2C-LLHH,-35.13,0.9894,0.6421,0.1720,0.2010,26.380,/Users/stetef/Documents/SLAC/pdb-scraper/data/large-cys-his-datasets/4cys-large/output/xyz_files/3g9i_ZN_homo_d2.60_cluster4.xyz,-115.69,23.033,,-90.08,26.777,,-112.18,22.980,,177.45,22.337,
3g9m_ZN_homo_d2.60_cluster1,3,#d62728,1,3g9m_ZN_homo_d2.60_cluster1,19.3960,Cx2Cx13Cx2C-LLHH,56.66,0.9931,0.4907,0.1880,0.1990,27.170,/Users/stetef/Documents/SLAC/pdb-scraper/data/large-cys-his-datasets/4cys-large/output/xyz_files/3g9m_ZN_homo_d2.60_cluster1.xyz,-119.68,25.810,,87.61,26.883,,174.36,29.813,,84.36,25.577,
3g9m_ZN_homo_d2.60_cluster2,1,#ff7f0e,1,3g9m_ZN_homo_d2.60_cluster2,31.4118,Cx5Cx9Cx2C-LLHH,-30.79,0.9912,0.6376,0.1880,0.1990,21.750,/Users/stetef/Documents/SLAC/pdb-scraper/data/large-cys-his-datasets/4cys-large/output/xyz_files/3g9m_ZN_homo_d2.60_cluster2.xyz,-114.64,23.800,,178.78,20.533,,-108.42,20.173,,-78.91,21.937,
3g9m_ZN_homo_d2.60_cluster3,6,#f7b6d2,1,3g9m_ZN_homo_d2.60_cluster3,17.8507,Cx2Cx13Cx2C-LLHH,59.07,0.9886,0.4622,0.1880,0.1990,32.450,/Users/stetef/Documents/SLAC/pdb-scraper/data/large-cys-his-datasets/4cys-large/output/xyz_files/3g9m_ZN_homo_d2.60_cluster3.xyz,92.78,32.427,,-119.65,29.483,,175.99,34.313,,87.17,31.837,
3g9m_ZN_homo_d2.60_cluster4,5,#c49c94,1,3g9m_ZN_homo_d2.60_cluster4,30.6457,Cx5Cx9Cx2C-LLHH,-120.46,0.9942,0.6414,0.1880,0.1990,22.190,/Users/stetef/Documents/SLAC/pdb-scraper/data/large-cys-his-datasets/4cys-large/output/xyz_files/3g9m_ZN_homo_d2.60_cluster4.xyz,-110.57,23.360,,-82.71,19.873,,-177.14,20.387,,-111.41,21.003,
3g9o_ZN_homo_d2.60_cluster1,3,#d62728,1,3g9o_ZN_homo_d2.60_cluster1,17.2784,Cx2Cx13Cx2C-LLHH,57.86,0.9934,0.4608,0.1780,0.2030,46.390,/Users/stetef/Documents/SLAC/pdb-scraper/data/large-cys-his-datasets/4cys-large/output/xyz_files/3g9o_ZN_homo_d2.60_cluster1.xyz,89.07,48.773,,86.06,50.750,,176.24,56.867,,-119.94,43.760,
3g9o_ZN_homo_d2.60_cluster2,3,#d62728,1,3g9o_ZN_homo_d2.60_cluster2,31.2314,Cx5Cx9Cx2C-LLHH,-120.23,0.9917,0.6348,0.1780,0.2030,29.230,/Users/stetef/Documents/SLAC/pdb-scraper/data/large-cys-his-datasets/4cys-large/output/xyz_files/3g9o_ZN_homo_d2.60_cluster2.xyz,-84.02,23.940,,-111.79,28.457,,-108.10,32.217,,-177.00,26.417,
3g9o_ZN_homo_d2.60_cluster3,7,#c7c7c7,1,3g9o_ZN_homo_d2.60_cluster3,18.5273,Cx2Cx13Cx2C-LLHH,58.22,0.9910,0.4797,0.1780,0.2030,33.430,/Users/stetef/Documents/SLAC/pdb-scraper/data/large-cys-his-datasets/4cys-large/output/xyz_files/3g9o_ZN_homo_d2.60_cluster3.xyz,-119.93,31.407,,90.87,33.740,,175.20,32.920,,86.74,33.280,
3g9o_ZN_homo_d2.60_cluster4,1,#ff7f0e,1,3g9o_ZN_homo_d2.60_cluster4,31.1971,Cx5Cx9Cx2C-LLHH,-123.11,0.9878,0.6332,0.1780,0.2030,30.120,/Users/stetef/Documents/SLAC/pdb-scraper/data/large-cys-his-datasets/4cys-large/output/xyz_files/3g9o_ZN_homo_d2.60_cluster4.xyz,-113.51,31.200,,-89.69,29.643,,-109.53,26.540,,-179.72,26.853,
3g9p_ZN_homo_d2.60_cluster1,3,#d62728,1,3g9p_ZN_homo_d2.60_cluster1,17.2784,Cx2Cx13Cx2C-LLHH,57.86,0.9934,0.4608,0.1780,0.2030,46.390,/Users/stetef/Documents/SLAC/pdb-scraper/data/large-cys-his-datasets/4cys-large/output/xyz_files/3g9p_ZN_homo_d2.60_cluster1.xyz,89.07,48.773,,86.06,50.750,,176.24,56.867,,-119.94,43.760,
3g9p_ZN_homo_d2.60_cluster2,3,#d62728,1,3g9p_ZN_homo_d2.60_cluster2,31.2314,Cx5Cx9Cx2C-LLHH,-120.23,0.9917,0.6348,0.1780,0.2030,29.230,/Users/stetef/Documents/SLAC/pdb-scraper/data/large-cys-his-datasets/4cys-large/output/xyz_files/3g9p_ZN_homo_d2.60_cluster2.xyz,-84.02,23.940,,-111.79,28.457,,-108.10,32.217,,-177.00,26.417,
3g9p_ZN_homo_d2.60_cluster3,7,#c7c7c7,1,3g9p_ZN_homo_d2.60_cluster3,18.5273,Cx2Cx13Cx2C-LLHH,58.22,0.9910,0.4797,0.1780,0.2030,33.430,/Users/stetef/Documents/SLAC/pdb-scraper/data/large-cys-his-datasets/4cys-large/output/xyz_files/3g9p_ZN_homo_d2.60_cluster3.xyz,-119.93,31.407,,90.87,33.740,,175.20,32.920,,86.74,33.280,
3g9p_ZN_homo_d2.60_cluster4,1,#ff7f0e,1,3g9p_ZN_homo_d2.60_cluster4,31.1971,Cx5Cx9Cx2C-LLHH,-123.11,0.9878,0.6332,0.1780,0.2030,30.120,/Users/stetef/Documents/SLAC/pdb-scraper/data/large-cys-his-datasets/4cys-large/output/xyz_files/3g9p_ZN_homo_d2.60_cluster4.xyz,-113.51,31.200,,-89.69,29.643,,-109.53,26.540,,-179.72,26.853,
3g9y_ZN_homo_d2.60_cluster1,3,#d62728,1,3g9y_ZN_homo_d2.60_cluster1,9.7177,Cx2Cx10Cx2C-LLLL,132.15,0.9720,0.4692,0.2030,0.2350,17.320,/Users/stetef/Documents/SLAC/pdb-scraper/data/large-cys-his-datasets/4cys-large/output/xyz_files/3g9y_ZN_homo_d2.60_cluster1.xyz,86.35,24.417,,91.36,23.687,,172.89,24.010,,177.98,23.213,
3ga3_ZN_homo_d2.60_cluster1,7,#c7c7c7,1,3ga3_ZN_homo_d2.60_cluster1,3.9196,Cx2Cx51Cx1C-SLSL,135.82,0.9971,0.4126,0.1800,0.2040,12.140,/Users/stetef/Documents/SLAC/pdb-scraper/data/large-cys-his-datasets/4cys-large/output/xyz_files/3ga3_ZN_homo_d2.60_cluster1.xyz,110.73,10.873,,175.44,10.407,,164.11,10.093,,92.98,11.583,
3ga8_ZN_homo_d2.60_cluster1,7,#c7c7c7,1,3ga8_ZN_homo_d2.60_cluster1,2.3136,Cx2Cx30Cx2C-LLSL,46.43,0.9906,0.4659,0.1660,0.1860,13.040,/Users/stetef/Documents/SLAC/pdb-scraper/data/large-cys-his-datasets/4cys-large/output/xyz_files/3ga8_ZN_homo_d2.60_cluster1.xyz,88.55,17.227,,96.13,13.997,,176.73,13.350,,-175.67,14.840,
3gj3_ZN_homo_d2.60_cluster1,8,#dbdb8d,1,3gj3_ZN_homo_d2.60_cluster1,7.9264,Cx2Cx10Cx2C-LLLL,132.95,0.9780,0.4688,0.1630,0.1940,30.240,/Users/stetef/Documents/SLAC/pdb-scraper/data/large-cys-his-datasets/4cys-large/output/xyz_files/3gj3_ZN_homo_d2.60_cluster1.xyz,92.08,26.697,,89.86,33.393,,177.55,30.937,,172.30,30.117,
3gj5_ZN_homo_d2.60_cluster1,5,#c49c94,1,3gj5_ZN_homo_d2.60_cluster1,8.3284,Cx2Cx10Cx2C-LLLL,44.56,0.9805,0.4520,0.2000,0.2330,41.740,/Users/stetef/Documents/SLAC/pdb-scraper/data/large-cys-his-datasets/4cys-large/output/xyz_files/3gj5_ZN_homo_d2.60_cluster1.xyz,87.90,35.560,,93.57,42.503,,-179.27,45.230,,176.04,41.247,
3gj5_ZN_homo_d2.60_cluster2,5,#c49c94,1,3gj5_ZN_homo_d2.60_cluster2,8.6730,Cx2Cx10Cx2C-LLLL,134.29,0.9809,0.4552,0.2000,0.2330,41.320,/Users/stetef/Documents/SLAC/pdb-scraper/data/large-cys-his-datasets/4cys-large/output/xyz_files/3gj5_ZN_homo_d2.60_cluster2.xyz,90.43,36.923,,91.07,41.773,,178.10,44.780,,177.55,41.717,
3gj7_ZN_homo_d2.60_cluster1,7,#c7c7c7,1,3gj7_ZN_homo_d2.60_cluster1,8.8458,Cx2Cx10Cx2C-LLLL,130.98,0.9787,0.4621,0.1880,0.2290,67.860,/Users/stetef/Documents/SLAC/pdb-scraper/data/large-cys-his-datasets/4cys-large/output/xyz_files/3gj7_ZN_homo_d2.60_cluster1.xyz,87.23,55.027,,88.38,77.970,,175.45,79.507,,172.86,67.683,
3gj7_ZN_homo_d2.60_cluster2,3,#d62728,1,3gj7_ZN_homo_d2.60_cluster2,9.1883,Cx2Cx10Cx2C-LLLL,132.48,0.9647,0.4785,0.1880,0.2290,40.610,/Users/stetef/Documents/SLAC/pdb-scraper/data/large-cys-his-datasets/4cys-large/output/xyz_files/3gj7_ZN_homo_d2.60_cluster2.xyz,177.61,42.537,,89.74,35.210,,87.57,43.677,,174.99,38.163,
3gj8_ZN_homo_d2.60_cluster1,7,#c7c7c7,1,3gj8_ZN_homo_d2.60_cluster1,8.5648,Cx2Cx10Cx2C-LLLL,44.35,0.9784,0.4596,0.1720,0.2030,30.130,/Users/stetef/Documents/SLAC/pdb-scraper/data/large-cys-his-datasets/4cys-large/output/xyz_files/3gj8_ZN_homo_d2.60_cluster1.xyz,89.17,23.977,,-178.94,34.227,,90.85,31.537,,176.33,31.460,
3gj8_ZN_homo_d2.60_cluster2,5,#c49c94,1,3gj8_ZN_homo_d2.60_cluster2,8.1546,Cx2Cx10Cx2C-LLLL,134.17,0.9757,0.4578,0.1720,0.2030,32.800,/Users/stetef/Documents/SLAC/pdb-scraper/data/large-cys-his-datasets/4cys-large/output/xyz_files/3gj8_ZN_homo_d2.60_cluster2.xyz,88.43,26.983,,177.72,35.570,,93.66,34.693,,176.89,33.260,
3gl6_ZN_homo_d2.60_cluster3,0,#1f77b4,1,3gl6_ZN_homo_d2.60_cluster3,20.0388,Cx3Cx22Cx2C-LLLL,61.39,0.9939,0.5726,0.2080,0.2250,33.100,/Users/stetef/Documents/SLAC/pdb-scraper/data/large-cys-his-datasets/4cys-large/output/xyz_files/3gl6_ZN_homo_d2.60_cluster3.xyz,95.13,30.637,,95.87,36.060,,172.86,30.017,,-118.32,35.550,
3glr_ZN_homo_d2.60_cluster1,8,#dbdb8d,1,3glr_ZN_homo_d2.60_cluster1,7.6706,Cx2Cx20Cx2C-SLLL,-43.58,0.9687,0.4715,0.2050,0.2260,18.780,/Users/stetef/Documents/SLAC/pdb-scraper/data/large-cys-his-datasets/4cys-large/output/xyz_files/3glr_ZN_homo_d2.60_cluster1.xyz,-177.44,16.980,,84.83,18.943,,92.18,19.157,,-173.87,16.403,
3go8_ZN_homo_d2.60_cluster1,3,#d62728,1,3go8_ZN_homo_d2.60_cluster1,12.8078,Cx2Cx16Cx2C-LLLL,-3.71,0.9107,0.4263,0.1870,0.2180,17.690,/Users/stetef/Documents/SLAC/pdb-scraper/data/large-cys-his-datasets/4cys-large/output/xyz_files/3go8_ZN_homo_d2.60_cluster1.xyz,177.88,17.777,,-168.12,18.077,,90.25,18.330,,-114.85,25.677,
3gox_ZN_homo_d2.60_cluster1,5,#c49c94,1,3gox_ZN_homo_d2.60_cluster1,11.4643,Cx2Cx25Cx2C-LLHH,59.09,0.9891,0.4965,0.1700,0.1860,13.510,/Users/stetef/Documents/SLAC/pdb-scraper/data/large-cys-his-datasets/4cys-large/output/xyz_files/3gox_ZN_homo_d2.60_cluster1.xyz,175.67,14.120,,-115.74,16.650,,87.86,14.360,,88.56,14.633,
3gox_ZN_homo_d2.60_cluster2,7,#c7c7c7,1,3gox_ZN_homo_d2.60_cluster2,12.7838,Cx2Cx27Cx2C-LLSH,58.42,0.9841,0.5068,0.1700,0.1860,13.480,/Users/stetef/Documents/SLAC/pdb-scraper/data/large-cys-his-datasets/4cys-large/output/xyz_files/3gox_ZN_homo_d2.60_cluster2.xyz,-118.11,14.370,,169.07,14.557,,87.62,14.427,,95.11,15.963,
3gox_ZN_homo_d2.60_cluster3,4,#9467bd,1,3gox_ZN_homo_d2.60_cluster3,11.6300,Cx2Cx25Cx2C-LLHH,58.91,0.9903,0.4945,0.1700,0.1860,12.930,/Users/stetef/Documents/SLAC/pdb-scraper/data/large-cys-his-datasets/4cys-large/output/xyz_files/3gox_ZN_homo_d2.60_cluster3.xyz,-117.34,15.513,,175.50,12.793,,87.02,14.187,,90.45,13.620,
3gox_ZN_homo_d2.60_cluster4,0,#1f77b4,1,3gox_ZN_homo_d2.60_cluster4,12.5088,Cx2Cx27Cx2C-LLSH,59.45,0.9853,0.5080,0.1700,0.1860,12.870,/Users/stetef/Documents/SLAC/pdb-scraper/data/large-cys-his-datasets/4cys-large/output/xyz_files/3gox_ZN_homo_d2.60_cluster4.xyz,-115.61,14.690,,171.19,15.293,,87.45,15.107,,94.78,15.693,
3gpu_ZN_homo_d2.60_cluster1,3,#d62728,1,3gpu_ZN_homo_d2.60_cluster1,14.4197,Cx2Cx16Cx2C-LLLL,-1.35,0.9812,0.4406,0.1890,0.2040,16.670,/Users/stetef/Documents/SLAC/pdb-scraper/data/large-cys-his-datasets/4cys-large/output/xyz_files/3gpu_ZN_homo_d2.60_cluster1.xyz,90.53,16.097,,-97.07,17.013,,-177.45,14.910,,178.59,16.533,
3gpx_ZN_homo_d2.60_cluster1,2,#2ca02c,1,3gpx_ZN_homo_d2.60_cluster1,14.4071,Cx2Cx16Cx2C-LLLL,-0.99,0.9835,0.4382,0.1900,0.2180,19.500,/Users/stetef/Documents/SLAC/pdb-scraper/data/large-cys-his-datasets/4cys-large/output/xyz_files/3gpx_ZN_homo_d2.60_cluster1.xyz,-95.34,23.730,,174.96,19.667,,-173.22,18.700,,89.66,19.327,
3gpy_ZN_homo_d2.60_cluster1,5,#c49c94,1,3gpy_ZN_homo_d2.60_cluster1,15.1135,Cx2Cx16Cx2C-LLLL,-0.84,0.9806,0.4402,0.1650,0.1860,15.170,/Users/stetef/Documents/SLAC/pdb-scraper/data/large-cys-his-datasets/4cys-large/output/xyz_files/3gpy_ZN_homo_d2.60_cluster1.xyz,-177.29,13.820,,-95.78,16.560,,91.55,14.607,,178.15,14.467,
3gq3_ZN_homo_d2.60_cluster1,6,#f7b6d2,1,3gq3_ZN_homo_d2.60_cluster1,13.8658,Cx2Cx16Cx2C-LLLL,-1.67,0.9800,0.4429,0.1830,0.2090,18.550,/Users/stetef/Documents/SLAC/pdb-scraper/data/large-cys-his-datasets/4cys-large/output/xyz_files/3gq3_ZN_homo_d2.60_cluster1.xyz,-179.28,19.497,,177.49,19.867,,-96.41,19.147,,91.53,16.563,
3gq4_ZN_homo_d2.60_cluster1,5,#c49c94,1,3gq4_ZN_homo_d2.60_cluster1,15.1290,Cx2Cx16Cx2C-LLLL,-89.93,0.9817,0.4423,0.1720,0.1920,9.840,/Users/stetef/Documents/SLAC/pdb-scraper/data/large-cys-his-datasets/4cys-large/output/xyz_files/3gq4_ZN_homo_d2.60_cluster1.xyz,-179.61,9.387,,93.04,9.117,,-177.06,8.933,,-96.11,10.863,
3gq5_ZN_homo_d2.60_cluster1,6,#f7b6d2,1,3gq5_ZN_homo_d2.60_cluster1,14.2033,Cx2Cx16Cx2C-LLLL,-0.66,0.9799,0.4447,0.2040,0.2200,23.770,/Users/stetef/Documents/SLAC/pdb-scraper/data/large-cys-his-datasets/4cys-large/output/xyz_files/3gq5_ZN_homo_d2.60_cluster1.xyz,-178.26,24.960,,177.35,25.577,,-93.82,24.800,,92.10,21.497,
3h0n_ZN_homo_d2.60_cluster1,5,#c49c94,1,3h0n_ZN_homo_d2.60_cluster1,25.9835,Cx4Cx15Cx3C-LLLH,-21.02,0.9978,0.5938,0.1410,0.1570,9.230,/Users/stetef/Documents/SLAC/pdb-scraper/data/large-cys-his-datasets/4cys-large/output/xyz_files/3h0n_ZN_homo_d2.60_cluster1.xyz,-168.68,8.970,,-167.23,8.783,,160.09,8.747,,91.73,9.373,
3h5n_ZN_homo_d2.60_cluster1,7,#c7c7c7,1,3h5n_ZN_homo_d2.60_cluster1,0.1051,Cx2Cx82Cx2C-LLLL,-14.33,0.9623,0.4706,0.2070,0.2560,33.460,/Users/stetef/Documents/SLAC/pdb-scraper/data/large-cys-his-datasets/4cys-large/output/xyz_files/3h5n_ZN_homo_d2.60_cluster1.xyz,-178.64,40.747,,80.57,37.520,,-33.14,35.507,,73.91,29.277,
3h5n_ZN_homo_d2.60_cluster2,8,#dbdb8d,1,3h5n_ZN_homo_d2.60_cluster2,4.4017,Cx2Cx82Cx2C-LLLL,76.96,0.9388,0.4511,0.2070,0.2560,24.350,/Users/stetef/Documents/SLAC/pdb-scraper/data/large-cys-his-datasets/4cys-large/output/xyz_files/3h5n_ZN_homo_d2.60_cluster2.xyz,-32.28,25.217,,81.96,27.820,,80.97,21.983,,177.19,30.003,
3h5n_ZN_homo_d2.60_cluster3,8,#dbdb8d,1,3h5n_ZN_homo_d2.60_cluster3,0.1375,Cx2Cx82Cx2C-LLLL,-6.75,0.9697,0.4682,0.2070,0.2560,20.100,/Users/stetef/Documents/SLAC/pdb-scraper/data/large-cys-his-datasets/4cys-large/output/xyz_files/3h5n_ZN_homo_d2.60_cluster3.xyz,93.17,26.830,,77.98,20.140,,-175.02,25.290,,-23.13,26.667,
3h5n_ZN_homo_d2.60_cluster4,2,#2ca02c,1,3h5n_ZN_homo_d2.60_cluster4,1.9030,Cx2Cx82Cx2C-LLLL,-11.61,0.9596,0.4551,0.2070,0.2560,33.300,/Users/stetef/Documents/SLAC/pdb-scraper/data/large-cys-his-datasets/4cys-large/output/xyz_files/3h5n_ZN_homo_d2.60_cluster4.xyz,77.55,34.783,,-176.41,38.103,,78.22,28.923,,-25.79,32.890,
3h7h_ZN_homo_d2.60_cluster1,5,#c49c94,1,3h7h_ZN_homo_d2.60_cluster1,22.2603,Cx2Cx13Cx2C-SLLH,-3.97,0.9801,0.4902,0.1860,5.0000,14.990,/Users/stetef/Documents/SLAC/pdb-scraper/data/large-cys-his-datasets/4cys-large/output/xyz_files/3h7h_ZN_homo_d2.60_cluster1.xyz,-178.89,14.607,,172.21,12.893,,-106.53,17.120,,97.31,13.190,
3h8v_ZN_homo_d2.60_cluster1,7,#c7c7c7,1,3h8v_ZN_homo_d2.60_cluster1,0.1562,Cx2Cx73Cx4C-LLLH,-65.92,0.9892,0.4728,0.1930,0.2240,33.880,/Users/stetef/Documents/SLAC/pdb-scraper/data/large-cys-his-datasets/4cys-large/output/xyz_files/3h8v_ZN_homo_d2.60_cluster1.xyz,-176.00,51.393,,-153.47,59.653,,92.00,49.617,,-26.21,59.873,
3h8v_ZN_homo_d2.60_cluster2,7,#c7c7c7,1,3h8v_ZN_homo_d2.60_cluster2,0.8620,Cx2Cx73Cx4C-LLLH,-71.77,0.9901,0.4702,0.1930,0.2240,33.440,/Users/stetef/Documents/SLAC/pdb-scraper/data/large-cys-his-datasets/4cys-large/output/xyz_files/3h8v_ZN_homo_d2.60_cluster2.xyz,-179.56,50.847,,-159.72,52.383,,91.83,48.130,,-39.63,48.943,
3h97_ZN_homo_d2.60_cluster1,7,#c7c7c7,1,3h97_ZN_homo_d2.60_cluster1,1.2274,Cx2Cx9Cx2C-LLLL,134.32,0.9968,0.4832,0.1590,0.1820,6.030,/Users/stetef/Documents/SLAC/pdb-scraper/data/large-cys-his-datasets/4cys-large/output/xyz_files/3h97_ZN_homo_d2.60_cluster1.xyz,178.56,5.330,,89.55,6.697,,174.73,6.453,,94.44,7.227,
3h99_ZN_homo_d2.60_cluster1,5,#c49c94,1,3h99_ZN_homo_d2.60_cluster1,1.1769,Cx2Cx9Cx2C-LLLL,133.67,0.9970,0.4844,0.1680,0.1800,5.790,/Users/stetef/Documents/SLAC/pdb-scraper/data/large-cys-his-datasets/4cys-large/output/xyz_files/3h99_ZN_homo_d2.60_cluster1.xyz,177.34,4.687,,92.97,6.507,,88.55,5.960,,175.84,6.330,
3h9b_ZN_homo_d2.60_cluster1,5,#c49c94,1,3h9b_ZN_homo_d2.60_cluster1,1.0670,Cx2Cx9Cx2C-LLLL,134.11,0.9967,0.4854,0.1650,0.1880,5.950,/Users/stetef/Documents/SLAC/pdb-scraper/data/large-cys-his-datasets/4cys-large/output/xyz_files/3h9b_ZN_homo_d2.60_cluster1.xyz,178.15,5.747,,93.56,7.320,,88.53,8.077,,176.18,7.827,
3h9c_ZN_homo_d2.60_cluster1,7,#c7c7c7,1,3h9c_ZN_homo_d2.60_cluster1,0.9852,Cx2Cx9Cx2C-LLLL,134.38,0.9974,0.4823,0.1670,0.1910,9.800,/Users/stetef/Documents/SLAC/pdb-scraper/data/large-cys-his-datasets/4cys-large/output/xyz_files/3h9c_ZN_homo_d2.60_cluster1.xyz,91.77,10.793,,179.22,9.617,,93.19,11.743,,173.33,10.870,
3hcj_ZN_homo_d2.60_cluster1,5,#c49c94,1,3hcj_ZN_homo_d2.60_cluster1,8.9060,Cx2Cx45Cx2C-SLSL,132.42,0.9826,0.4756,0.2030,0.2480,15.080,/Users/stetef/Documents/SLAC/pdb-scraper/data/large-cys-his-datasets/4cys-large/output/xyz_files/3hcj_ZN_homo_d2.60_cluster1.xyz,172.67,15.273,,91.09,15.707,,90.10,13.923,,175.81,12.713,
3hcj_ZN_homo_d2.60_cluster2,5,#c49c94,1,3hcj_ZN_homo_d2.60_cluster2,8.0326,Cx2Cx45Cx2C-SLSL,135.22,0.9781,0.4792,0.2030,0.2480,13.670,/Users/stetef/Documents/SLAC/pdb-scraper/data/large-cys-his-datasets/4cys-large/output/xyz_files/3hcj_ZN_homo_d2.60_cluster2.xyz,170.73,14.043,,94.38,14.133,,179.19,13.003,,96.59,12.843,
3hi2_ZN_homo_d2.60_cluster1,1,#ff7f0e,1,3hi2_ZN_homo_d2.60_cluster1,3.6835,Cx2Cx30Cx2C-LLSL,45.65,0.9788,0.4653,0.2070,0.2480,13.520,/Users/stetef/Documents/SLAC/pdb-scraper/data/large-cys-his-datasets/4cys-large/output/xyz_files/3hi2_ZN_homo_d2.60_cluster1.xyz,76.05,13.197,,-169.02,12.983,,97.59,11.130,,177.97,13.760,
3hi2_ZN_homo_d2.60_cluster2,8,#dbdb8d,1,3hi2_ZN_homo_d2.60_cluster2,5.8095,Cx2Cx30Cx2C-LLSL,44.77,0.9689,0.4768,0.2070,0.2480,18.050,/Users/stetef/Documents/SLAC/pdb-scraper/data/large-cys-his-datasets/4cys-large/output/xyz_files/3hi2_ZN_homo_d2.60_cluster2.xyz,81.94,7.870,,92.80,7.623,,-172.49,9.397,,176.81,9.023,
3hna_ZN_homo_d2.60_cluster1,5,#c49c94,1,3hna_ZN_homo_d2.60_cluster1,7.0341,Cx12Cx29Cx3C-LHLL,38.58,0.9743,0.5076,0.1670,0.1930,9.250,/Users/stetef/Documents/SLAC/pdb-scraper/data/large-cys-his-datasets/4cys-large/output/xyz_files/3hna_ZN_homo_d2.60_cluster1.xyz,-145.84,9.423,,136.21,9.143,,71.09,8.440,,92.87,9.323,
3hna_ZN_homo_d2.60_cluster2,1,#ff7f0e,1,3hna_ZN_homo_d2.60_cluster2,44.4702,Cx36Cx5Cx3C-LLLL,-83.31,0.9958,0.7739,0.1670,0.1930,8.860,/Users/stetef/Documents/SLAC/pdb-scraper/data/large-cys-his-datasets/4cys-large/output/xyz_files/3hna_ZN_homo_d2.60_cluster2.xyz,-174.37,9.273,,-161.14,11.003,,-177.63,9.123,,179.89,8.440,
3hna_ZN_homo_d2.60_cluster3,7,#c7c7c7,1,3hna_ZN_homo_d2.60_cluster3,21.6854,Cx1Cx3Cx4C-LLLH,-72.11,0.9929,0.5833,0.1670,0.1930,9.650,/Users/stetef/Documents/SLAC/pdb-scraper/data/large-cys-his-datasets/4cys-large/output/xyz_files/3hna_ZN_homo_d2.60_cluster3.xyz,-87.86,11.310,,-128.13,11.887,,87.66,11.003,,-160.10,9.323,
3hna_ZN_homo_d2.60_cluster4,1,#ff7f0e,1,3hna_ZN_homo_d2.60_cluster4,29.8834,Cx52Cx1Cx4C-LLLL,15.88,0.9866,0.7004,0.1670,0.1930,15.300,/Users/stetef/Documents/SLAC/pdb-scraper/data/large-cys-his-datasets/4cys-large/output/xyz_files/3hna_ZN_homo_d2.60_cluster4.xyz,-66.02,20.263,,138.32,15.983,,98.40,17.057,,-107.20,15.817,
3hna_ZN_homo_d2.60_cluster5,7,#c7c7c7,1,3hna_ZN_homo_d2.60_cluster5,6.6369,Cx12Cx29Cx3C-LHLL,38.88,0.9764,0.5095,0.1670,0.1930,9.410,/Users/stetef/Documents/SLAC/pdb-scraper/data/large-cys-his-datasets/4cys-large/output/xyz_files/3hna_ZN_homo_d2.60_cluster5.xyz,-142.00,9.710,,137.11,9.387,,70.87,8.430,,89.53,9.263,
3hna_ZN_homo_d2.60_cluster6,1,#ff7f0e,1,3hna_ZN_homo_d2.60_cluster6,43.5928,Cx36Cx5Cx3C-LLLL,-173.63,0.9941,0.7465,0.1670,0.1930,9.010,/Users/stetef/Documents/SLAC/pdb-scraper/data/large-cys-his-datasets/4cys-large/output/xyz_files/3hna_ZN_homo_d2.60_cluster6.xyz,-175.59,9.480,,-175.92,9.580,,-163.24,9.930,,-179.77,8.430,
3hna_ZN_homo_d2.60_cluster7,5,#c49c94,1,3hna_ZN_homo_d2.60_cluster7,22.2143,Cx1Cx3Cx4C-LLLH,-73.06,0.9905,0.5848,0.1670,0.1930,9.400,/Users/stetef/Documents/SLAC/pdb-scraper/data/large-cys-his-datasets/4cys-large/output/xyz_files/3hna_ZN_homo_d2.60_cluster7.xyz,-131.27,10.603,,-83.76,10.273,,-161.87,9.263,,84.64,9.930,
3hna_ZN_homo_d2.60_cluster8,1,#ff7f0e,1,3hna_ZN_homo_d2.60_cluster8,29.3439,Cx52Cx1Cx4C-LLLL,16.29,0.9851,0.6885,0.1670,0.1930,14.350,/Users/stetef/Documents/SLAC/pdb-scraper/data/large-cys-his-datasets/4cys-large/output/xyz_files/3hna_ZN_homo_d2.60_cluster8.xyz,-68.00,16.377,,141.13,16.267,,99.04,15.313,,-107.01,13.880,
3hsn_ZN_homo_d2.60_cluster1,6,#f7b6d2,1,3hsn_ZN_homo_d2.60_cluster1,20.7729,Cx4C-Cx4C-LL-LL,40.28,0.9723,0.3285,0.1690,0.2100,28.710,/Users/stetef/Documents/SLAC/pdb-scraper/data/large-cys-his-datasets/4cys-large/output/xyz_files/3hsn_ZN_homo_d2.60_cluster1.xyz,149.09,34.497,,147.35,29.583,,-70.81,28.997,,-64.50,28.047,
3irb_ZN_homo_d2.60_cluster1,3,#d62728,1,3irb_ZN_homo_d2.60_cluster1,17.3157,Cx2Cx10Cx2C-LLSL,81.05,0.9928,0.5104,0.1710,0.2000,13.040,/Users/stetef/Documents/SLAC/pdb-scraper/data/large-cys-his-datasets/4cys-large/output/xyz_files/3irb_ZN_homo_d2.60_cluster1.xyz,-110.73,20.083,,95.04,16.840,,173.37,16.803,,166.54,14.767,
3irb_ZN_homo_d2.60_cluster2,3,#d62728,1,3irb_ZN_homo_d2.60_cluster2,15.8373,Cx2Cx10Cx2C-LLLL,-4.57,0.9933,0.4785,0.1710,0.2000,13.540,/Users/stetef/Documents/SLAC/pdb-scraper/data/large-cys-his-datasets/4cys-large/output/xyz_files/3irb_ZN_homo_d2.60_cluster2.xyz,-108.93,18.217,,174.91,17.837,,-176.84,16.427,,92.59,19.517,
3jr3_ZN_homo_d2.60_cluster1,7,#c7c7c7,1,3jr3_ZN_homo_d2.60_cluster1,11.9468,Cx2Cx20Cx2C-SLLL,132.83,0.9482,0.4545,0.2060,0.2280,27.480,/Users/stetef/Documents/SLAC/pdb-scraper/data/large-cys-his-datasets/4cys-large/output/xyz_files/3jr3_ZN_homo_d2.60_cluster1.xyz,93.37,29.327,,179.65,28.130,,178.65,23.477,,79.64,29.450,
3jr5_ZN_homo_d2.60_cluster1,1,#ff7f0e,1,3jr5_ZN_homo_d2.60_cluster1,14.9037,Cx2Cx16Cx2C-LLLL,-0.31,0.9820,0.4348,0.1660,0.1850,19.310,/Users/stetef/Documents/SLAC/pdb-scraper/data/large-cys-his-datasets/4cys-large/output/xyz_files/3jr5_ZN_homo_d2.60_cluster1.xyz,-92.72,14.223,,91.81,14.543,,176.89,13.283,,-177.22,12.717,
3jt4_ZN_homo_d2.60_cluster1,7,#c7c7c7,1,3jt4_ZN_homo_d2.60_cluster1,20.2738,Cx4C-Cx4C-LL-LL,44.42,0.9719,0.3241,0.2010,0.2310,26.980,/Users/stetef/Documents/SLAC/pdb-scraper/data/large-cys-his-datasets/4cys-large/output/xyz_files/3jt4_ZN_homo_d2.60_cluster1.xyz,-63.71,29.090,,148.63,35.283,,151.31,35.857,,-58.57,29.710,
3jt8_ZN_homo_d2.60_cluster1,7,#c7c7c7,1,3jt8_ZN_homo_d2.60_cluster1,20.3082,Cx4C-Cx4C-LL-LL,42.31,0.9742,0.3298,0.1890,0.2220,34.940,/Users/stetef/Documents/SLAC/pdb-scraper/data/large-cys-his-datasets/4cys-large/output/xyz_files/3jt8_ZN_homo_d2.60_cluster1.xyz,151.43,47.840,,-63.84,39.210,,-69.53,39.770,,151.17,44.773,
3jv7_ZN_homo_d2.60_cluster1,3,#d62728,1,3jv7_ZN_homo_d2.60_cluster1,27.4526,Cx2Cx2Cx7C-LHHH,-9.72,0.9696,0.7919,0.1620,0.2060,23.190,/Users/stetef/Documents/SLAC/pdb-scraper/data/large-cys-his-datasets/4cys-large/output/xyz_files/3jv7_ZN_homo_d2.60_cluster1.xyz,92.36,20.710,,-111.52,21.733,,-74.00,24.097,,54.29,22.803,
3jv7_ZN_homo_d2.60_cluster3,1,#ff7f0e,1,3jv7_ZN_homo_d2.60_cluster3,28.4329,Cx2Cx2Cx7C-LHHH,-9.93,0.9768,0.8062,0.1620,0.2060,21.910,/Users/stetef/Documents/SLAC/pdb-scraper/data/large-cys-his-datasets/4cys-large/output/xyz_files/3jv7_ZN_homo_d2.60_cluster3.xyz,90.40,21.073,,-114.47,17.440,,-73.82,19.940,,58.17,21.243,
3jv7_ZN_homo_d2.60_cluster5,3,#d62728,1,3jv7_ZN_homo_d2.60_cluster5,28.0447,Cx2Cx2Cx7C-LHHH,-10.52,0.9874,0.7947,0.1620,0.2060,27.440,/Users/stetef/Documents/SLAC/pdb-scraper/data/large-cys-his-datasets/4cys-large/output/xyz_files/3jv7_ZN_homo_d2.60_cluster5.xyz,64.17,27.947,,-114.41,23.460,,90.07,22.870,,-81.92,24.173,
3jv7_ZN_homo_d2.60_cluster7,0,#1f77b4,1,3jv7_ZN_homo_d2.60_cluster7,28.1942,Cx2Cx2Cx7C-LHHH,-8.34,0.9811,0.8006,0.1620,0.2060,23.240,/Users/stetef/Documents/SLAC/pdb-scraper/data/large-cys-his-datasets/4cys-large/output/xyz_files/3jv7_ZN_homo_d2.60_cluster7.xyz,88.21,21.030,,-109.57,19.657,,-74.42,18.977,,62.43,26.043,
3jws_ZN_homo_d2.60_cluster1,1,#ff7f0e,1,3jws_ZN_homo_d2.60_cluster1,20.4381,Cx4C-Cx4C-LL-LL,43.24,0.9680,0.3350,0.1890,0.2210,36.120,/Users/stetef/Documents/SLAC/pdb-scraper/data/large-cys-his-datasets/4cys-large/output/xyz_files/3jws_ZN_homo_d2.60_cluster1.xyz,150.86,46.707,,152.95,44.920,,-65.14,39.927,,-65.71,39.460,
3jwu_ZN_homo_d2.60_cluster1,5,#c49c94,1,3jwu_ZN_homo_d2.60_cluster1,19.9884,Cx4C-Cx4C-LL-LL,41.16,0.9718,0.3329,0.1820,0.2050,35.790,/Users/stetef/Documents/SLAC/pdb-scraper/data/large-cys-his-datasets/4cys-large/output/xyz_files/3jwu_ZN_homo_d2.60_cluster1.xyz,-68.54,38.090,,149.36,45.353,,154.06,43.153,,-70.24,39.153,
3jwv_ZN_homo_d2.60_cluster1,5,#c49c94,1,3jwv_ZN_homo_d2.60_cluster1,20.7439,Cx4C-Cx4C-LL-LL,41.57,0.9723,0.3423,0.1830,0.2130,38.810,/Users/stetef/Documents/SLAC/pdb-scraper/data/large-cys-his-datasets/4cys-large/output/xyz_files/3jwv_ZN_homo_d2.60_cluster1.xyz,148.25,50.783,,-68.82,42.893,,152.74,47.327,,-65.90,44.000,
3jwx_ZN_homo_d2.60_cluster1,1,#ff7f0e,1,3jwx_ZN_homo_d2.60_cluster1,19.5822,Cx4C-Cx4C-LL-LL,41.16,0.9837,0.3046,0.1780,0.2180,28.350,/Users/stetef/Documents/SLAC/pdb-scraper/data/large-cys-his-datasets/4cys-large/output/xyz_files/3jwx_ZN_homo_d2.60_cluster1.xyz,152.26,31.760,,-73.30,29.390,,-67.30,30.017,,152.96,30.860,
3jx1_ZN_homo_d2.60_cluster1,1,#ff7f0e,1,3jx1_ZN_homo_d2.60_cluster1,20.2310,Cx4C-Cx4C-LL-LL,39.02,0.9743,0.3308,0.1800,0.2160,37.770,/Users/stetef/Documents/SLAC/pdb-scraper/data/large-cys-his-datasets/4cys-large/output/xyz_files/3jx1_ZN_homo_d2.60_cluster1.xyz,150.62,51.757,,-67.76,44.443,,148.53,48.477,,-75.31,44.173,
3jx3_ZN_homo_d2.60_cluster1,1,#ff7f0e,1,3jx3_ZN_homo_d2.60_cluster1,20.1153,Cx4C-Cx4C-LL-LL,40.74,0.9680,0.3310,0.1840,0.2230,39.930,/Users/stetef/Documents/SLAC/pdb-scraper/data/large-cys-his-datasets/4cys-large/output/xyz_files/3jx3_ZN_homo_d2.60_cluster1.xyz,147.18,51.433,,-67.85,48.493,,154.16,55.083,,-70.54,47.427,
3k35_ZN_homo_d2.60_cluster3,1,#ff7f0e,1,3k35_ZN_homo_d2.60_cluster3,12.1461,Cx2Cx21Cx10C-SLLL,-30.68,0.9898,0.4499,0.2020,0.2670,40.800,/Users/stetef/Documents/SLAC/pdb-scraper/data/large-cys-his-datasets/4cys-large/output/xyz_files/3k35_ZN_homo_d2.60_cluster3.xyz,84.15,38.270,,-178.80,31.877,,-179.95,39.157,,151.87,44.490,
3k35_ZN_homo_d2.60_cluster4,6,#f7b6d2,1,3k35_ZN_homo_d2.60_cluster4,12.1676,Cx2Cx21Cx10C-SLLL,58.79,0.9914,0.4920,0.2020,0.2670,58.880,/Users/stetef/Documents/SLAC/pdb-scraper/data/large-cys-his-datasets/4cys-large/output/xyz_files/3k35_ZN_homo_d2.60_cluster4.xyz,85.90,44.833,,173.16,42.237,,-173.51,48.303,,149.59,48.767,
3k35_ZN_homo_d2.60_cluster5,5,#c49c94,1,3k35_ZN_homo_d2.60_cluster5,13.9418,Cx2Cx21Cx10C-SLLL,63.50,0.9376,0.4701,0.2020,0.2670,45.060,/Users/stetef/Documents/SLAC/pdb-scraper/data/large-cys-his-datasets/4cys-large/output/xyz_files/3k35_ZN_homo_d2.60_cluster5.xyz,88.46,34.677,,-175.12,41.970,,173.91,34.410,,166.76,47.297,
3k35_ZN_homo_d2.60_cluster6,8,#dbdb8d,1,3k35_ZN_homo_d2.60_cluster6,11.6670,Cx2Cx21Cx10C-SLLL,-26.32,0.9973,0.4633,0.2020,0.2670,46.750,/Users/stetef/Documents/SLAC/pdb-scraper/data/large-cys-his-datasets/4cys-large/output/xyz_files/3k35_ZN_homo_d2.60_cluster6.xyz,-177.95,38.010,,-169.45,44.903,,88.89,43.063,,153.23,44.503,
3k5k_ZN_homo_d2.60_cluster1,3,#d62728,1,3k5k_ZN_homo_d2.60_cluster1,6.6802,Cx12Cx29Cx3C-LHLL,35.02,0.9846,0.5175,0.2110,0.2640,33.530,/Users/stetef/Documents/SLAC/pdb-scraper/data/large-cys-his-datasets/4cys-large/output/xyz_files/3k5k_ZN_homo_d2.60_cluster1.xyz,-148.83,36.657,,134.29,28.853,,67.34,28.940,,87.26,32.850,
3k5k_ZN_homo_d2.60_cluster2,6,#f7b6d2,1,3k5k_ZN_homo_d2.60_cluster2,43.4276,Cx36Cx5Cx3C-LLLL,-80.60,0.9845,0.7599,0.2110,0.2640,32.240,/Users/stetef/Documents/SLAC/pdb-scraper/data/large-cys-his-datasets/4cys-large/output/xyz_files/3k5k_ZN_homo_d2.60_cluster2.xyz,-174.07,35.490,,-173.16,31.383,,178.98,28.940,,-154.14,36.817,
3k5k_ZN_homo_d2.60_cluster4,3,#d62728,1,3k5k_ZN_homo_d2.60_cluster4,29.5968,Cx52Cx1Cx4C-LLLL,16.47,0.9893,0.6845,0.2110,0.2640,37.830,/Users/stetef/Documents/SLAC/pdb-scraper/data/large-cys-his-datasets/4cys-large/output/xyz_files/3k5k_ZN_homo_d2.60_cluster4.xyz,-103.97,36.847,,140.92,35.077,,99.83,37.940,,-70.89,39.300,
3k5k_ZN_homo_d2.60_cluster5,0,#1f77b4,1,3k5k_ZN_homo_d2.60_cluster5,6.4431,Cx12Cx29Cx3C-LHLL,35.52,0.9880,0.5181,0.2110,0.2640,27.870,/Users/stetef/Documents/SLAC/pdb-scraper/data/large-cys-his-datasets/4cys-large/output/xyz_files/3k5k_ZN_homo_d2.60_cluster5.xyz,-148.08,30.757,,132.26,24.677,,90.12,28.137,,67.77,25.890,
3k5k_ZN_homo_d2.60_cluster6,1,#ff7f0e,1,3k5k_ZN_homo_d2.60_cluster6,43.7084,Cx36Cx5Cx3C-LLLL,-82.53,0.9950,0.7436,0.2110,0.2640,27.110,/Users/stetef/Documents/SLAC/pdb-scraper/data/large-cys-his-datasets/4cys-large/output/xyz_files/3k5k_ZN_homo_d2.60_cluster6.xyz,-176.19,25.393,,177.27,25.890,,-176.15,28.637,,-155.04,29.700,
3k5k_ZN_homo_d2.60_cluster7,2,#2ca02c,1,3k5k_ZN_homo_d2.60_cluster7,21.4428,Cx1Cx3Cx4C-LLLH,-70.55,0.9900,0.5891,0.2110,0.2640,29.190,/Users/stetef/Documents/SLAC/pdb-scraper/data/large-cys-his-datasets/4cys-large/output/xyz_files/3k5k_ZN_homo_d2.60_cluster7.xyz,92.96,29.700,,-82.33,32.327,,-162.17,28.137,,-130.65,28.687,
3k5k_ZN_homo_d2.60_cluster8,0,#1f77b4,1,3k5k_ZN_homo_d2.60_cluster8,28.8685,Cx52Cx1Cx4C-LLLL,14.42,0.9939,0.6848,0.2110,0.2640,37.090,/Users/stetef/Documents/SLAC/pdb-scraper/data/large-cys-his-datasets/4cys-large/output/xyz_files/3k5k_ZN_homo_d2.60_cluster8.xyz,96.44,38.830,,135.54,35.803,,-65.51,40.847,,-108.80,35.310,
3knv_ZN_homo_d2.60_cluster2,5,#c49c94,1,3knv_ZN_homo_d2.60_cluster2,14.7778,Cx2Cx16Cx2C-LLSH,-85.32,0.9837,0.5136,0.2160,0.2390,32.260,/Users/stetef/Documents/SLAC/pdb-scraper/data/large-cys-his-datasets/4cys-large/output/xyz_files/3knv_ZN_homo_d2.60_cluster2.xyz,-151.84,27.973,,-109.56,24.037,,-177.21,26.893,,97.33,30.747,
3kqi_ZN_homo_d2.60_cluster1,5,#c49c94,1,3kqi_ZN_homo_d2.60_cluster1,15.3508,Cx2Cx23Cx2C-LLHH,59.37,0.9855,0.5104,0.1910,0.2180,24.550,/Users/stetef/Documents/SLAC/pdb-scraper/data/large-cys-his-datasets/4cys-large/output/xyz_files/3kqi_ZN_homo_d2.60_cluster1.xyz,94.31,25.610,,95.02,24.793,,-122.82,27.883,,170.96,23.253,
3ldy_ZN_homo_d2.60_cluster2,5,#c49c94,1,3ldy_ZN_homo_d2.60_cluster2,8.6617,Cx2Cx16Cx2C-LLHH,58.45,0.9952,0.4888,0.1860,0.2170,24.640,/Users/stetef/Documents/SLAC/pdb-scraper/data/large-cys-his-datasets/4cys-large/output/xyz_files/3ldy_ZN_homo_d2.60_cluster2.xyz,-110.63,36.547,,166.49,47.593,,88.29,37.473,,89.67,42.997,
3lju_ZN_homo_d2.60_cluster1,5,#c49c94,1,3lju_ZN_homo_d2.60_cluster1,17.8203,Cx2Cx16Cx2C-LLHH,59.51,0.9883,0.4621,0.1930,0.2310,9.340,/Users/stetef/Documents/SLAC/pdb-scraper/data/large-cys-his-datasets/4cys-large/output/xyz_files/3lju_ZN_homo_d2.60_cluster1.xyz,175.52,6.253,,88.90,10.687,,-115.93,9.653,,89.56,10.330,
3lpe_ZN_homo_d2.60_cluster1,1,#ff7f0e,1,3lpe_ZN_homo_d2.60_cluster1,12.8432,Cx2Cx8Cx2C-SLLL,43.60,0.9286,0.4342,0.2100,0.2550,23.380,/Users/stetef/Documents/SLAC/pdb-scraper/data/large-cys-his-datasets/4cys-large/output/xyz_files/3lpe_ZN_homo_d2.60_cluster1.xyz,82.89,26.760,,178.12,23.633,,-172.66,20.383,,86.04,27.117,
3lpe_ZN_homo_d2.60_cluster2,7,#c7c7c7,1,3lpe_ZN_homo_d2.60_cluster2,12.7798,Cx2Cx8Cx2C-SLLL,44.27,0.9363,0.4381,0.2100,0.2550,46.570,/Users/stetef/Documents/SLAC/pdb-scraper/data/large-cys-his-datasets/4cys-large/output/xyz_files/3lpe_ZN_homo_d2.60_cluster2.xyz,179.56,47.117,,83.04,43.057,,-170.26,44.783,,84.75,48.993,
3lpe_ZN_homo_d2.60_cluster3,5,#c49c94,1,3lpe_ZN_homo_d2.60_cluster3,12.5337,Cx2Cx8Cx2C-SLLL,-44.63,0.9362,0.4375,0.2100,0.2550,26.110,/Users/stetef/Documents/SLAC/pdb-scraper/data/large-cys-his-datasets/4cys-large/output/xyz_files/3lpe_ZN_homo_d2.60_cluster3.xyz,81.82,28.047,,-171.98,24.133,,-179.06,26.447,,90.69,26.990,
3lpe_ZN_homo_d2.60_cluster4,1,#ff7f0e,1,3lpe_ZN_homo_d2.60_cluster4,12.5074,Cx2Cx8Cx2C-SLLL,44.11,0.9273,0.4298,0.2100,0.2550,47.900,/Users/stetef/Documents/SLAC/pdb-scraper/data/large-cys-his-datasets/4cys-large/output/xyz_files/3lpe_ZN_homo_d2.60_cluster4.xyz,-172.74,45.077,,179.07,49.300,,89.71,46.057,,80.38,55.337,
3lqh_ZN_homo_d2.60_cluster2,7,#c7c7c7,1,3lqh_ZN_homo_d2.60_cluster2,17.1643,Cx2Cx29Cx2C-LLLL,59.21,0.9960,0.5056,0.2060,0.2340,13.570,/Users/stetef/Documents/SLAC/pdb-scraper/data/large-cys-his-datasets/4cys-large/output/xyz_files/3lqh_ZN_homo_d2.60_cluster2.xyz,97.38,13.383,,85.22,11.190,,-118.46,15.350,,172.70,10.683,
3lqi_ZN_homo_d2.60_cluster2,7,#c7c7c7,1,3lqi_ZN_homo_d2.60_cluster2,18.1117,Cx2Cx29Cx2C-LLLL,60.18,0.9907,0.5210,0.2090,0.2410,24.570,/Users/stetef/Documents/SLAC/pdb-scraper/data/large-cys-his-datasets/4cys-large/output/xyz_files/3lqi_ZN_homo_d2.60_cluster2.xyz,98.03,16.987,,-121.65,17.027,,93.57,15.447,,170.77,14.780,
3lqi_ZN_homo_d2.60_cluster4,7,#c7c7c7,1,3lqi_ZN_homo_d2.60_cluster4,18.6264,Cx2Cx29Cx2C-LLLL,58.70,0.9827,0.5264,0.2090,0.2410,38.330,/Users/stetef/Documents/SLAC/pdb-scraper/data/large-cys-his-datasets/4cys-large/output/xyz_files/3lqi_ZN_homo_d2.60_cluster4.xyz,93.95,23.707,,-126.26,30.347,,170.57,23.823,,96.56,32.893,
3lqi_ZN_homo_d2.60_cluster6,7,#c7c7c7,1,3lqi_ZN_homo_d2.60_cluster6,18.8929,Cx2Cx29Cx2C-LLLL,63.78,0.9627,0.5529,0.2090,0.2410,52.200,/Users/stetef/Documents/SLAC/pdb-scraper/data/large-cys-his-datasets/4cys-large/output/xyz_files/3lqi_ZN_homo_d2.60_cluster6.xyz,101.41,49.887,,92.94,44.673,,170.63,36.437,,-109.86,50.830,
3lqj_ZN_homo_d2.60_cluster2,5,#c49c94,1,3lqj_ZN_homo_d2.60_cluster2,16.9634,Cx2Cx29Cx2C-LLLL,54.63,0.9883,0.4959,0.2390,0.2740,30.020,/Users/stetef/Documents/SLAC/pdb-scraper/data/large-cys-his-datasets/4cys-large/output/xyz_files/3lqj_ZN_homo_d2.60_cluster2.xyz,90.46,24.350,,91.01,32.017,,173.28,20.837,,-136.24,27.393,
3lqj_ZN_homo_d2.60_cluster4,7,#c7c7c7,1,3lqj_ZN_homo_d2.60_cluster4,16.6962,Cx2Cx29Cx2C-LLLL,59.57,0.9788,0.5124,0.2390,0.2740,25.890,/Users/stetef/Documents/SLAC/pdb-scraper/data/large-cys-his-datasets/4cys-large/output/xyz_files/3lqj_ZN_homo_d2.60_cluster4.xyz,95.12,27.997,,173.01,18.507,,-123.72,31.770,,93.88,23.367,
3ltc_ZN_homo_d2.60_cluster1,6,#f7b6d2,1,3ltc_ZN_homo_d2.60_cluster1,15.6494,Cx2Cx19Cx2C-LLHH,59.64,0.9863,0.5367,0.1800,0.2110,15.620,/Users/stetef/Documents/SLAC/pdb-scraper/data/large-cys-his-datasets/4cys-large/output/xyz_files/3ltc_ZN_homo_d2.60_cluster1.xyz,-119.14,12.453,,89.16,12.187,,174.27,12.327,,94.28,15.133,
3m7k_ZN_homo_d2.60_cluster1,6,#f7b6d2,1,3m7k_ZN_homo_d2.60_cluster1,15.8564,Cx2Cx42Cx2C-LLHH,60.82,0.9880,0.5073,0.1730,0.2010,23.820,/Users/stetef/Documents/SLAC/pdb-scraper/data/large-cys-his-datasets/4cys-large/output/xyz_files/3m7k_ZN_homo_d2.60_cluster1.xyz,95.00,37.023,,88.24,26.763,,-116.20,27.227,,176.23,34.503,
3m7k_ZN_homo_d2.60_cluster2,3,#d62728,1,3m7k_ZN_homo_d2.60_cluster2,7.2108,Cx2Cx16Cx2C-LLHH,60.27,0.9916,0.4897,0.1730,0.2010,37.760,/Users/stetef/Documents/SLAC/pdb-scraper/data/large-cys-his-datasets/4cys-large/output/xyz_files/3m7k_ZN_homo_d2.60_cluster2.xyz,164.27,55.547,,-107.44,40.283,,92.60,43.513,,91.66,51.890,
3meq_ZN_homo_d2.60_cluster2,5,#c49c94,1,3meq_ZN_homo_d2.60_cluster2,31.3398,Cx2Cx2Cx7C-LHHH,-13.01,0.9800,0.8244,0.1730,0.2040,22.620,/Users/stetef/Documents/SLAC/pdb-scraper/data/large-cys-his-datasets/4cys-large/output/xyz_files/3meq_ZN_homo_d2.60_cluster2.xyz,92.73,26.307,,64.22,26.457,,-100.15,25.183,,-108.84,25.547,
3meq_ZN_homo_d2.60_cluster4,7,#c7c7c7,1,3meq_ZN_homo_d2.60_cluster4,30.8632,Cx2Cx2Cx7C-LHHH,-10.92,0.9775,0.8165,0.1730,0.2040,23.250,/Users/stetef/Documents/SLAC/pdb-scraper/data/large-cys-his-datasets/4cys-large/output/xyz_files/3meq_ZN_homo_d2.60_cluster4.xyz,-94.09,25.853,,93.34,26.910,,64.18,26.877,,-107.09,25.923,
3meq_ZN_homo_d2.60_cluster6,3,#d62728,1,3meq_ZN_homo_d2.60_cluster6,31.8309,Cx2Cx2Cx7C-LHHH,-10.57,0.9814,0.8277,0.1730,0.2040,30.630,/Users/stetef/Documents/SLAC/pdb-scraper/data/large-cys-his-datasets/4cys-large/output/xyz_files/3meq_ZN_homo_d2.60_cluster6.xyz,-108.44,29.410,,-95.74,31.450,,65.42,36.543,,96.49,31.260,
3meq_ZN_homo_d2.60_cluster8,3,#d62728,1,3meq_ZN_homo_d2.60_cluster8,30.9901,Cx2Cx2Cx7C-LHHH,-12.14,0.9770,0.8136,0.1730,0.2040,30.250,/Users/stetef/Documents/SLAC/pdb-scraper/data/large-cys-his-datasets/4cys-large/output/xyz_files/3meq_ZN_homo_d2.60_cluster8.xyz,-111.12,30.117,,-96.88,28.920,,64.95,33.200,,94.48,30.333,
3mhs_ZN_homo_d2.60_cluster6,5,#c49c94,1,3mhs_ZN_homo_d2.60_cluster6,10.8842,Cx2Cx43Cx2C-LLSL,-5.99,0.9941,0.4605,0.1610,0.2080,34.440,/Users/stetef/Documents/SLAC/pdb-scraper/data/large-cys-his-datasets/4cys-large/output/xyz_files/3mhs_ZN_homo_d2.60_cluster6.xyz,171.69,36.910,,86.79,37.587,,-179.77,29.340,,-102.68,48.447,
3n2r_ZN_homo_d2.60_cluster1,7,#c7c7c7,1,3n2r_ZN_homo_d2.60_cluster1,20.6440,Cx4C-Cx4C-LL-LL,46.10,0.9713,0.3400,0.1840,0.2150,33.050,/Users/stetef/Documents/SLAC/pdb-scraper/data/large-cys-his-datasets/4cys-large/output/xyz_files/3n2r_ZN_homo_d2.60_cluster1.xyz,154.20,41.787,,152.56,38.423,,-59.91,34.940,,-62.45,33.993,
3n5w_ZN_homo_d2.60_cluster1,7,#c7c7c7,1,3n5w_ZN_homo_d2.60_cluster1,20.3973,Cx4C-Cx4C-LL-LL,43.72,0.9655,0.3312,0.1830,0.2050,26.080,/Users/stetef/Documents/SLAC/pdb-scraper/data/large-cys-his-datasets/4cys-large/output/xyz_files/3n5w_ZN_homo_d2.60_cluster1.xyz,-65.24,28.157,,152.67,32.263,,-64.60,27.567,,152.04,34.000,
3n5x_ZN_homo_d2.60_cluster1,7,#c7c7c7,1,3n5x_ZN_homo_d2.60_cluster1,20.4374,Cx4C-Cx4C-LL-LL,44.55,0.9624,0.3312,0.1740,0.1980,23.980,/Users/stetef/Documents/SLAC/pdb-scraper/data/large-cys-his-datasets/4cys-large/output/xyz_files/3n5x_ZN_homo_d2.60_cluster1.xyz,-61.80,26.323,,-63.42,25.533,,152.41,31.497,,151.03,33.180,
3n60_ZN_homo_d2.60_cluster1,7,#c7c7c7,1,3n60_ZN_homo_d2.60_cluster1,20.0330,Cx4C-Cx4C-LL-LL,41.84,0.9705,0.3273,0.1930,0.2320,40.340,/Users/stetef/Documents/SLAC/pdb-scraper/data/large-cys-his-datasets/4cys-large/output/xyz_files/3n60_ZN_homo_d2.60_cluster1.xyz,-66.46,45.070,,149.30,51.507,,154.37,51.640,,-69.85,46.013,
3n61_ZN_homo_d2.60_cluster1,5,#c49c94,1,3n61_ZN_homo_d2.60_cluster1,20.1449,Cx4C-Cx4C-LL-LL,42.11,0.9610,0.3405,0.1810,0.2130,32.500,/Users/stetef/Documents/SLAC/pdb-scraper/data/large-cys-his-datasets/4cys-large/output/xyz_files/3n61_ZN_homo_d2.60_cluster1.xyz,152.34,42.060,,-65.15,35.870,,-68.08,36.960,,149.33,41.940,
3n62_ZN_homo_d2.60_cluster1,1,#ff7f0e,1,3n62_ZN_homo_d2.60_cluster1,19.7661,Cx4C-Cx4C-LL-LL,44.26,0.9613,0.3323,0.1740,0.2080,28.830,/Users/stetef/Documents/SLAC/pdb-scraper/data/large-cys-his-datasets/4cys-large/output/xyz_files/3n62_ZN_homo_d2.60_cluster1.xyz,150.49,36.043,,-61.00,31.873,,152.54,37.600,,-65.00,32.123,
3n63_ZN_homo_d2.60_cluster1,7,#c7c7c7,1,3n63_ZN_homo_d2.60_cluster1,20.4291,Cx4C-Cx4C-LL-LL,43.86,0.9663,0.3358,0.1970,0.2360,38.650,/Users/stetef/Documents/SLAC/pdb-scraper/data/large-cys-his-datasets/4cys-large/output/xyz_files/3n63_ZN_homo_d2.60_cluster1.xyz,145.01,51.160,,-65.00,44.927,,-63.37,44.170,,158.78,51.113,
3n64_ZN_homo_d2.60_cluster1,7,#c7c7c7,1,3n64_ZN_homo_d2.60_cluster1,19.5870,Cx4C-Cx4C-LL-LL,43.74,0.9640,0.3225,0.1840,0.2170,30.330,/Users/stetef/Documents/SLAC/pdb-scraper/data/large-cys-his-datasets/4cys-large/output/xyz_files/3n64_ZN_homo_d2.60_cluster1.xyz,152.99,37.837,,-61.92,34.110,,-65.25,34.947,,149.14,39.650,
3n65_ZN_homo_d2.60_cluster1,7,#c7c7c7,1,3n65_ZN_homo_d2.60_cluster1,19.7996,Cx4C-Cx4C-LL-LL,43.20,0.9648,0.3218,0.1680,0.1940,25.450,/Users/stetef/Documents/SLAC/pdb-scraper/data/large-cys-his-datasets/4cys-large/output/xyz_files/3n65_ZN_homo_d2.60_cluster1.xyz,-66.43,28.300,,151.07,32.370,,-66.74,27.647,,154.89,34.513,
3n66_ZN_homo_d2.60_cluster1,7,#c7c7c7,1,3n66_ZN_homo_d2.60_cluster1,19.7136,Cx4C-Cx4C-LL-LL,44.93,0.9561,0.3280,0.1840,0.2160,29.330,/Users/stetef/Documents/SLAC/pdb-scraper/data/large-cys-his-datasets/4cys-large/output/xyz_files/3n66_ZN_homo_d2.60_cluster1.xyz,147.88,36.790,,-58.11,31.857,,154.64,37.173,,-64.70,31.727,
3ndi_ZN_homo_d2.60_cluster1,5,#c49c94,1,3ndi_ZN_homo_d2.60_cluster1,8.6589,Cx2Cx37Cx2C-LLSL,42.75,0.9677,0.4654,0.1970,0.2320,10.770,/Users/stetef/Documents/SLAC/pdb-scraper/data/large-cys-his-datasets/4cys-large/output/xyz_files/3ndi_ZN_homo_d2.60_cluster1.xyz,172.79,10.653,,80.23,10.967,,-177.63,8.697,,95.61,13.263,
3ndj_ZN_homo_d2.60_cluster1,2,#2ca02c,1,3ndj_ZN_homo_d2.60_cluster1,8.5169,Cx2Cx37Cx2C-LLSL,133.57,0.9672,0.4650,0.2050,0.2400,9.640,/Users/stetef/Documents/SLAC/pdb-scraper/data/large-cys-his-datasets/4cys-large/output/xyz_files/3ndj_ZN_homo_d2.60_cluster1.xyz,97.62,9.857,,84.67,12.133,,175.41,8.887,,176.59,7.873,
3ng2_ZN_homo_d2.60_cluster1,0,#1f77b4,1,3ng2_ZN_homo_d2.60_cluster1,18.6607,Cx2Cx23Cx2C-LLSH,58.89,0.9878,0.5707,0.1900,0.2420,14.860,/Users/stetef/Documents/SLAC/pdb-scraper/data/large-cys-his-datasets/4cys-large/output/xyz_files/3ng2_ZN_homo_d2.60_cluster1.xyz,95.87,20.390,,95.51,14.880,,-124.77,17.023,,168.93,17.687,
3ng2_ZN_homo_d2.60_cluster3,0,#1f77b4,1,3ng2_ZN_homo_d2.60_cluster3,19.0171,Cx2Cx23Cx2C-LLSH,57.62,0.9763,0.5660,0.1900,0.2420,17.020,/Users/stetef/Documents/SLAC/pdb-scraper/data/large-cys-his-datasets/4cys-large/output/xyz_files/3ng2_ZN_homo_d2.60_cluster3.xyz,96.03,22.470,,-128.74,20.393,,166.49,18.067,,96.71,16.153,
3nhe_ZN_homo_d2.60_cluster1,5,#c49c94,1,3nhe_ZN_homo_d2.60_cluster1,9.0189,Cx2Cx47Cx2C-SLSL,87.59,0.9961,0.4570,0.1700,0.1890,11.350,/Users/stetef/Documents/SLAC/pdb-scraper/data/large-cys-his-datasets/4cys-large/output/xyz_files/3nhe_ZN_homo_d2.60_cluster1.xyz,174.40,13.287,,172.22,9.397,,-92.50,15.227,,96.23,10.520,
3nik_ZN_homo_d2.60_cluster1,5,#c49c94,1,3nik_ZN_homo_d2.60_cluster1,15.4573,Cx24Cx2Cx23C-LLLL,78.16,0.9826,0.4702,0.1940,0.2430,16.160,/Users/stetef/Documents/SLAC/pdb-scraper/data/large-cys-his-datasets/4cys-large/output/xyz_files/3nik_ZN_homo_d2.60_cluster1.xyz,169.64,17.070,,89.52,19.207,,179.81,17.283,,-126.34,19.767,
3nik_ZN_homo_d2.60_cluster10,5,#c49c94,1,3nik_ZN_homo_d2.60_cluster10,16.5992,Cx24Cx2Cx23C-LLLL,79.73,0.9611,0.4772,0.1940,0.2430,19.130,/Users/stetef/Documents/SLAC/pdb-scraper/data/large-cys-his-datasets/4cys-large/output/xyz_files/3nik_ZN_homo_d2.60_cluster10.xyz,171.86,23.813,,179.79,20.957,,-125.32,20.517,,92.59,20.213,
3nik_ZN_homo_d2.60_cluster4,5,#c49c94,1,3nik_ZN_homo_d2.60_cluster4,16.6687,Cx24Cx2Cx23C-LLLL,77.32,0.9765,0.4871,0.1940,0.2430,20.480,/Users/stetef/Documents/SLAC/pdb-scraper/data/large-cys-his-datasets/4cys-large/output/xyz_files/3nik_ZN_homo_d2.60_cluster4.xyz,86.93,23.080,,168.03,21.013,,178.75,21.233,,-124.44,26.153,
3nik_ZN_homo_d2.60_cluster7,5,#c49c94,1,3nik_ZN_homo_d2.60_cluster7,16.8868,Cx24Cx2Cx23C-LLLL,78.33,0.9661,0.4924,0.1940,0.2430,18.490,/Users/stetef/Documents/SLAC/pdb-scraper/data/large-cys-his-datasets/4cys-large/output/xyz_files/3nik_ZN_homo_d2.60_cluster7.xyz,169.80,19.620,,174.58,18.403,,95.89,19.383,,-126.92,21.593,
3nil_ZN_homo_d2.60_cluster1,2,#2ca02c,1,3nil_ZN_homo_d2.60_cluster1,16.0676,Cx24Cx2Cx23C-LLLL,78.05,0.9700,0.4772,0.2100,0.2620,17.200,/Users/stetef/Documents/SLAC/pdb-scraper/data/large-cys-his-datasets/4cys-large/output/xyz_files/3nil_ZN_homo_d2.60_cluster1.xyz,179.61,18.893,,166.56,18.170,,92.50,19.657,,-126.46,20.680,
3nil_ZN_homo_d2.60_cluster10,3,#d62728,1,3nil_ZN_homo_d2.60_cluster10,18.2124,Cx24Cx2Cx23C-LLLL,-8.91,0.9619,0.4855,0.2100,0.2620,18.040,/Users/stetef/Documents/SLAC/pdb-scraper/data/large-cys-his-datasets/4cys-large/output/xyz_files/3nil_ZN_homo_d2.60_cluster10.xyz,170.18,22.993,,-173.82,18.323,,-124.44,20.200,,92.43,19.437,
3nil_ZN_homo_d2.60_cluster4,2,#2ca02c,1,3nil_ZN_homo_d2.60_cluster4,17.0718,Cx24Cx2Cx23C-LLLL,75.09,0.9692,0.4829,0.2100,0.2620,19.030,/Users/stetef/Documents/SLAC/pdb-scraper/data/large-cys-his-datasets/4cys-large/output/xyz_files/3nil_ZN_homo_d2.60_cluster4.xyz,177.77,17.710,,164.42,18.790,,88.22,22.303,,-130.05,24.323,
3nil_ZN_homo_d2.60_cluster7,0,#1f77b4,1,3nil_ZN_homo_d2.60_cluster7,16.8500,Cx24Cx2Cx23C-LLLL,-10.04,0.9789,0.4909,0.2100,0.2620,18.900,/Users/stetef/Documents/SLAC/pdb-scraper/data/large-cys-his-datasets/4cys-large/output/xyz_files/3nil_ZN_homo_d2.60_cluster7.xyz,90.90,20.707,,-178.86,19.443,,-124.90,21.593,,172.68,20.983,
3nim_ZN_homo_d2.60_cluster1,2,#2ca02c,1,3nim_ZN_homo_d2.60_cluster1,15.8297,Cx24Cx2Cx23C-LLLL,-10.34,0.9729,0.4724,0.1930,0.2400,24.970,/Users/stetef/Documents/SLAC/pdb-scraper/data/large-cys-his-datasets/4cys-large/output/xyz_files/3nim_ZN_homo_d2.60_cluster1.xyz,-173.92,26.917,,168.26,26.060,,90.85,28.670,,-126.55,27.310,
3nim_ZN_homo_d2.60_cluster10,5,#c49c94,1,3nim_ZN_homo_d2.60_cluster10,16.3190,Cx24Cx2Cx23C-LLLL,80.18,0.9563,0.4737,0.1930,0.2400,27.910,/Users/stetef/Documents/SLAC/pdb-scraper/data/large-cys-his-datasets/4cys-large/output/xyz_files/3nim_ZN_homo_d2.60_cluster10.xyz,166.17,28.953,,179.98,27.327,,-123.88,28.427,,98.44,27.573,
3nim_ZN_homo_d2.60_cluster4,5,#c49c94,1,3nim_ZN_homo_d2.60_cluster4,16.7622,Cx24Cx2Cx23C-LLLL,-11.44,0.9796,0.4854,0.1930,0.2400,27.870,/Users/stetef/Documents/SLAC/pdb-scraper/data/large-cys-his-datasets/4cys-large/output/xyz_files/3nim_ZN_homo_d2.60_cluster4.xyz,169.51,27.620,,83.82,26.283,,-177.56,26.030,,-121.53,27.753,
3nim_ZN_homo_d2.60_cluster7,7,#c7c7c7,1,3nim_ZN_homo_d2.60_cluster7,16.7582,Cx24Cx2Cx23C-LLLL,-10.39,0.9562,0.4848,0.1930,0.2400,28.040,/Users/stetef/Documents/SLAC/pdb-scraper/data/large-cys-his-datasets/4cys-large/output/xyz_files/3nim_ZN_homo_d2.60_cluster7.xyz,87.42,26.980,,174.97,28.840,,-176.03,26.810,,-127.91,28.243,
3nis_ZN_homo_d2.60_cluster1,2,#2ca02c,1,3nis_ZN_homo_d2.60_cluster1,15.5872,Cx24Cx2Cx23C-LLLL,-10.49,0.9761,0.4726,0.1940,0.2210,13.380,/Users/stetef/Documents/SLAC/pdb-scraper/data/large-cys-his-datasets/4cys-large/output/xyz_files/3nis_ZN_homo_d2.60_cluster1.xyz,169.38,13.420,,-178.49,13.290,,94.27,13.557,,-127.13,13.407,
3nis_ZN_homo_d2.60_cluster10,5,#c49c94,1,3nis_ZN_homo_d2.60_cluster10,16.4361,Cx24Cx2Cx23C-LLLL,78.98,0.9690,0.4790,0.1940,0.2210,15.100,/Users/stetef/Documents/SLAC/pdb-scraper/data/large-cys-his-datasets/4cys-large/output/xyz_files/3nis_ZN_homo_d2.60_cluster10.xyz,179.18,14.780,,167.11,15.413,,-125.61,16.173,,95.24,14.597,
3nis_ZN_homo_d2.60_cluster4,5,#c49c94,1,3nis_ZN_homo_d2.60_cluster4,16.4427,Cx24Cx2Cx23C-LLLL,76.82,0.9771,0.4763,0.1940,0.2210,16.890,/Users/stetef/Documents/SLAC/pdb-scraper/data/large-cys-his-datasets/4cys-large/output/xyz_files/3nis_ZN_homo_d2.60_cluster4.xyz,178.26,15.153,,166.70,15.880,,89.28,17.757,,-126.96,18.137,
3nis_ZN_homo_d2.60_cluster7,2,#2ca02c,1,3nis_ZN_homo_d2.60_cluster7,16.3624,Cx24Cx2Cx23C-LLLL,-9.44,0.9638,0.4756,0.1940,0.2210,13.670,/Users/stetef/Documents/SLAC/pdb-scraper/data/large-cys-his-datasets/4cys-large/output/xyz_files/3nis_ZN_homo_d2.60_cluster7.xyz,-177.51,14.520,,171.45,15.060,,96.24,12.417,,-127.92,14.330,
3nle_ZN_homo_d2.60_cluster1,1,#ff7f0e,1,3nle_ZN_homo_d2.60_cluster1,20.8610,Cx4C-Cx4C-LL-LL,42.21,0.9896,0.3094,0.1850,0.2060,44.190,/Users/stetef/Documents/SLAC/pdb-scraper/data/large-cys-his-datasets/4cys-large/output/xyz_files/3nle_ZN_homo_d2.60_cluster1.xyz,152.17,49.800,,-70.91,48.060,,156.36,47.783,,-68.80,46.950,
3nli_ZN_homo_d2.60_cluster1,2,#2ca02c,1,3nli_ZN_homo_d2.60_cluster1,19.8858,Cx4C-Cx4C-LL-LL,41.02,0.9903,0.2992,0.1710,0.2030,22.120,/Users/stetef/Documents/SLAC/pdb-scraper/data/large-cys-his-datasets/4cys-large/output/xyz_files/3nli_ZN_homo_d2.60_cluster1.xyz,150.76,26.603,,-69.19,25.347,,-70.38,24.597,,152.90,26.157,
3nlm_ZN_homo_d2.60_cluster1,7,#c7c7c7,1,3nlm_ZN_homo_d2.60_cluster1,20.2237,Cx4C-Cx4C-LL-LL,41.12,0.9726,0.3265,0.1900,0.2220,36.990,/Users/stetef/Documents/SLAC/pdb-scraper/data/large-cys-his-datasets/4cys-large/output/xyz_files/3nlm_ZN_homo_d2.60_cluster1.xyz,-63.65,41.683,,150.38,45.850,,-74.69,40.873,,152.44,46.720,
3nln_ZN_homo_d2.60_cluster1,2,#2ca02c,1,3nln_ZN_homo_d2.60_cluster1,20.6349,Cx4C-Cx4C-LL-LL,40.66,0.9784,0.3365,0.1890,0.2250,39.600,/Users/stetef/Documents/SLAC/pdb-scraper/data/large-cys-his-datasets/4cys-large/output/xyz_files/3nln_ZN_homo_d2.60_cluster1.xyz,152.17,52.220,,-68.98,43.893,,150.18,48.300,,-70.74,43.197,
3nlx_ZN_homo_d2.60_cluster1,1,#ff7f0e,1,3nlx_ZN_homo_d2.60_cluster1,20.0734,Cx4C-Cx4C-LL-LL,41.76,0.9708,0.3188,0.1800,0.2090,27.280,/Users/stetef/Documents/SLAC/pdb-scraper/data/large-cys-his-datasets/4cys-large/output/xyz_files/3nlx_ZN_homo_d2.60_cluster1.xyz,-63.93,28.053,,-70.33,27.497,,148.67,34.517,,152.60,36.277,
3nly_ZN_homo_d2.60_cluster1,1,#ff7f0e,1,3nly_ZN_homo_d2.60_cluster1,20.3445,Cx4C-Cx4C-LL-LL,40.56,0.9771,0.3175,0.2030,0.2490,47.230,/Users/stetef/Documents/SLAC/pdb-scraper/data/large-cys-his-datasets/4cys-large/output/xyz_files/3nly_ZN_homo_d2.60_cluster1.xyz,153.32,58.840,,-62.09,52.303,,146.92,57.083,,-75.90,52.673,
3nlz_ZN_homo_d2.60_cluster1,7,#c7c7c7,1,3nlz_ZN_homo_d2.60_cluster1,19.4056,Cx4C-Cx4C-LL-LL,40.60,0.9699,0.3128,0.1760,0.2100,30.140,/Users/stetef/Documents/SLAC/pdb-scraper/data/large-cys-his-datasets/4cys-large/output/xyz_files/3nlz_ZN_homo_d2.60_cluster1.xyz,-62.87,33.140,,149.68,37.710,,-72.48,32.700,,148.05,39.293,
3nm0_ZN_homo_d2.60_cluster1,7,#c7c7c7,1,3nm0_ZN_homo_d2.60_cluster1,19.9347,Cx4C-Cx4C-LL-LL,41.89,0.9695,0.3257,0.1800,0.2090,29.170,/Users/stetef/Documents/SLAC/pdb-scraper/data/large-cys-his-datasets/4cys-large/output/xyz_files/3nm0_ZN_homo_d2.60_cluster1.xyz,148.60,35.343,,-62.41,31.947,,-69.00,30.457,,150.36,38.690,
3nnz_ZN_homo_d2.60_cluster1,7,#c7c7c7,1,3nnz_ZN_homo_d2.60_cluster1,20.8868,Cx4C-Cx4C-LL-LL,44.90,0.9705,0.3400,0.1810,0.2130,33.070,/Users/stetef/Documents/SLAC/pdb-scraper/data/large-cys-his-datasets/4cys-large/output/xyz_files/3nnz_ZN_homo_d2.60_cluster1.xyz,154.44,45.263,,153.83,42.537,,-62.64,37.810,,-66.01,37.630,
3ny3_ZN_homo_d2.60_cluster1,7,#c7c7c7,1,3ny3_ZN_homo_d2.60_cluster1,24.0462,Cx24Cx2Cx21C-LHHL,-97.06,0.9778,0.5508,0.1910,0.2100,15.240,/Users/stetef/Documents/SLAC/pdb-scraper/data/large-cys-his-datasets/4cys-large/output/xyz_files/3ny3_ZN_homo_d2.60_cluster1.xyz,-179.63,13.977,,-177.60,16.957,,92.82,14.720,,-123.85,14.320,
3o33_ZN_homo_d2.60_cluster2,0,#1f77b4,1,3o33_ZN_homo_d2.60_cluster2,13.1758,Cx2Cx22Cx2C-LLLL,-26.75,0.9935,0.4901,0.2210,0.2440,41.840,/Users/stetef/Documents/SLAC/pdb-scraper/data/large-cys-his-datasets/4cys-large/output/xyz_files/3o33_ZN_homo_d2.60_cluster2.xyz,-115.35,39.310,,-178.22,42.490,,98.91,43.303,,87.65,34.717,
3o33_ZN_homo_d2.60_cluster4,8,#dbdb8d,1,3o33_ZN_homo_d2.60_cluster4,14.7392,Cx2Cx22Cx2C-LLLL,63.59,0.9975,0.5110,0.2210,0.2440,26.940,/Users/stetef/Documents/SLAC/pdb-scraper/data/large-cys-his-datasets/4cys-large/output/xyz_files/3o33_ZN_homo_d2.60_cluster4.xyz,-110.52,24.133,,178.86,28.850,,96.46,31.807,,89.58,20.977,
3o33_ZN_homo_d2.60_cluster5,0,#1f77b4,1,3o33_ZN_homo_d2.60_cluster5,13.8758,Cx2Cx22Cx2C-LLLL,-26.03,0.9952,0.5004,0.2210,0.2440,26.540,/Users/stetef/Documents/SLAC/pdb-scraper/data/large-cys-his-datasets/4cys-large/output/xyz_files/3o33_ZN_homo_d2.60_cluster5.xyz,-111.26,22.700,,-179.85,28.070,,98.47,30.440,,88.52,21.990,
3o33_ZN_homo_d2.60_cluster8,0,#1f77b4,1,3o33_ZN_homo_d2.60_cluster8,12.5928,Cx2Cx22Cx2C-LLLL,-26.63,0.9945,0.4853,0.2210,0.2440,40.140,/Users/stetef/Documents/SLAC/pdb-scraper/data/large-cys-his-datasets/4cys-large/output/xyz_files/3o33_ZN_homo_d2.60_cluster8.xyz,-114.59,37.930,,-179.08,41.980,,95.93,42.660,,91.22,33.520,
3o34_ZN_homo_d2.60_cluster2,7,#c7c7c7,1,3o34_ZN_homo_d2.60_cluster2,13.5550,Cx2Cx22Cx2C-LLLL,63.56,0.9963,0.5009,0.2170,0.2410,36.210,/Users/stetef/Documents/SLAC/pdb-scraper/data/large-cys-his-datasets/4cys-large/output/xyz_files/3o34_ZN_homo_d2.60_cluster2.xyz,-112.60,28.460,,89.28,26.787,,179.44,36.097,,98.14,40.020,
3o35_ZN_homo_d2.60_cluster2,5,#c49c94,1,3o35_ZN_homo_d2.60_cluster2,14.3008,Cx2Cx22Cx2C-LLLL,61.47,0.9970,0.4984,0.2060,0.2250,20.610,/Users/stetef/Documents/SLAC/pdb-scraper/data/large-cys-his-datasets/4cys-large/output/xyz_files/3o35_ZN_homo_d2.60_cluster2.xyz,-112.18,20.130,,175.09,24.943,,94.42,27.473,,88.56,18.213,
3o35_ZN_homo_d2.60_cluster4,7,#c7c7c7,1,3o35_ZN_homo_d2.60_cluster4,14.0881,Cx2Cx22Cx2C-LLLL,63.18,0.9922,0.4984,0.2060,0.2250,32.790,/Users/stetef/Documents/SLAC/pdb-scraper/data/large-cys-his-datasets/4cys-large/output/xyz_files/3o35_ZN_homo_d2.60_cluster4.xyz,179.45,38.707,,-110.58,29.067,,84.88,23.393,,98.97,40.963,
3o36_ZN_homo_d2.60_cluster2,7,#c7c7c7,1,3o36_ZN_homo_d2.60_cluster2,13.7222,Cx2Cx22Cx2C-LLLL,61.34,0.9926,0.4996,0.1910,0.2160,13.080,/Users/stetef/Documents/SLAC/pdb-scraper/data/large-cys-his-datasets/4cys-large/output/xyz_files/3o36_ZN_homo_d2.60_cluster2.xyz,179.79,13.560,,89.53,15.150,,-113.96,12.287,,89.99,10.740,
3o36_ZN_homo_d2.60_cluster4,7,#c7c7c7,1,3o36_ZN_homo_d2.60_cluster4,13.4495,Cx2Cx22Cx2C-LLLL,-28.24,0.9939,0.4846,0.1910,0.2160,17.810,/Users/stetef/Documents/SLAC/pdb-scraper/data/large-cys-his-datasets/4cys-large/output/xyz_files/3o36_ZN_homo_d2.60_cluster4.xyz,88.19,13.920,,-112.38,15.630,,91.01,20.270,,-179.77,20.327,
3o37_ZN_homo_d2.60_cluster1,5,#c49c94,1,3o37_ZN_homo_d2.60_cluster1,13.8668,Cx2Cx22Cx2C-LLLL,60.10,0.9849,0.4976,0.2270,0.2540,46.530,/Users/stetef/Documents/SLAC/pdb-scraper/data/large-cys-his-datasets/4cys-large/output/xyz_files/3o37_ZN_homo_d2.60_cluster1.xyz,-110.77,38.277,,175.03,51.070,,81.29,35.250,,94.86,52.723,
3o37_ZN_homo_d2.60_cluster4,5,#c49c94,1,3o37_ZN_homo_d2.60_cluster4,12.9697,Cx2Cx22Cx2C-LLLL,-24.63,0.9798,0.4957,0.2270,0.2540,49.640,/Users/stetef/Documents/SLAC/pdb-scraper/data/large-cys-his-datasets/4cys-large/output/xyz_files/3o37_ZN_homo_d2.60_cluster4.xyz,-110.47,36.160,,-172.47,47.373,,77.10,33.247,,107.33,48.463,
3o37_ZN_homo_d2.60_cluster6,5,#c49c94,1,3o37_ZN_homo_d2.60_cluster6,11.3591,Cx2Cx22Cx2C-LLLL,-23.30,0.9863,0.4956,0.2270,0.2540,51.490,/Users/stetef/Documents/SLAC/pdb-scraper/data/large-cys-his-datasets/4cys-large/output/xyz_files/3o37_ZN_homo_d2.60_cluster6.xyz,-107.49,35.103,,89.22,34.647,,-174.20,46.163,,99.27,49.503,
3o37_ZN_homo_d2.60_cluster8,5,#c49c94,1,3o37_ZN_homo_d2.60_cluster8,12.8702,Cx2Cx22Cx2C-LLLL,60.53,0.9721,0.4901,0.2270,0.2540,46.980,/Users/stetef/Documents/SLAC/pdb-scraper/data/large-cys-his-datasets/4cys-large/output/xyz_files/3o37_ZN_homo_d2.60_cluster8.xyz,-112.44,38.427,,168.89,51.467,,85.55,36.050,,100.12,49.137,
3o70_ZN_homo_d2.60_cluster2,3,#d62728,1,3o70_ZN_homo_d2.60_cluster2,12.8779,Cx2Cx21Cx2C-LLHH,-27.76,0.9920,0.5055,0.1840,0.1880,38.030,/Users/stetef/Documents/SLAC/pdb-scraper/data/large-cys-his-datasets/4cys-large/output/xyz_files/3o70_ZN_homo_d2.60_cluster2.xyz,89.41,38.040,,93.42,38.190,,-177.87,30.857,,-116.01,42.093,
3o7a_ZN_homo_d2.60_cluster2,3,#d62728,1,3o7a_ZN_homo_d2.60_cluster2,9.5629,Cx2Cx21Cx2C-LLHH,61.57,0.9948,0.4869,0.1850,0.2240,14.460,/Users/stetef/Documents/SLAC/pdb-scraper/data/large-cys-his-datasets/4cys-large/output/xyz_files/3o7a_ZN_homo_d2.60_cluster2.xyz,88.68,16.713,,95.00,13.450,,175.74,10.830,,-113.13,21.890,
3ooi_ZN_homo_d2.60_cluster1,3,#d62728,1,3ooi_ZN_homo_d2.60_cluster1,29.5768,Cx46Cx1Cx4C-LLLL,16.25,0.9902,0.6973,0.1650,0.1860,20.790,/Users/stetef/Documents/SLAC/pdb-scraper/data/large-cys-his-datasets/4cys-large/output/xyz_files/3ooi_ZN_homo_d2.60_cluster1.xyz,143.05,19.783,,97.61,22.270,,-70.94,24.730,,-104.73,21.350,
3ooi_ZN_homo_d2.60_cluster2,1,#ff7f0e,1,3ooi_ZN_homo_d2.60_cluster2,22.3336,Cx1Cx7Cx5C-LLLH,-75.42,0.9803,0.6086,0.1650,0.1860,17.650,/Users/stetef/Documents/SLAC/pdb-scraper/data/large-cys-his-datasets/4cys-large/output/xyz_files/3ooi_ZN_homo_d2.60_cluster2.xyz,-161.11,16.457,,-90.57,17.557,,64.09,17.253,,-114.07,18.480,
3ooi_ZN_homo_d2.60_cluster3,5,#c49c94,1,3ooi_ZN_homo_d2.60_cluster3,32.7390,Cx14Cx4Cx5C-LLLH,28.43,0.9838,0.6163,0.1650,0.1860,17.190,/Users/stetef/Documents/SLAC/pdb-scraper/data/large-cys-his-datasets/4cys-large/output/xyz_files/3ooi_ZN_homo_d2.60_cluster3.xyz,-141.45,17.793,,178.72,17.397,,-99.51,17.567,,175.95,17.253,
3oq6_ZN_homo_d2.60_cluster2,5,#c49c94,1,3oq6_ZN_homo_d2.60_cluster2,28.4941,Cx2Cx2Cx7C-LHHL,-4.49,0.9800,0.8028,0.1350,0.1620,11.280,/Users/stetef/Documents/SLAC/pdb-scraper/data/large-cys-his-datasets/4cys-large/output/xyz_files/3oq6_ZN_homo_d2.60_cluster2.xyz,-66.29,10.277,,-111.13,10.710,,93.08,12.473,,66.40,12.597,
3oq6_ZN_homo_d2.60_cluster4,5,#c49c94,1,3oq6_ZN_homo_d2.60_cluster4,28.5877,Cx2Cx2Cx7C-LHHL,-4.50,0.9798,0.8055,0.1350,0.1620,13.870,/Users/stetef/Documents/SLAC/pdb-scraper/data/large-cys-his-datasets/4cys-large/output/xyz_files/3oq6_ZN_homo_d2.60_cluster4.xyz,-66.09,12.193,,66.58,15.617,,-111.65,12.757,,93.14,15.470,
3p8b_ZN_homo_d2.60_cluster1,3,#d62728,1,3p8b_ZN_homo_d2.60_cluster1,12.1453,Cx2Cx8Cx2C-SLLL,40.76,0.9733,0.4995,0.2390,0.2920,21.340,/Users/stetef/Documents/SLAC/pdb-scraper/data/large-cys-his-datasets/4cys-large/output/xyz_files/3p8b_ZN_homo_d2.60_cluster1.xyz,-179.92,32.720,,169.69,24.110,,85.79,32.193,,87.47,23.777,
3p8b_ZN_homo_d2.60_cluster2,4,#9467bd,1,3p8b_ZN_homo_d2.60_cluster2,12.1331,Cx2Cx8Cx2C-SLLL,130.17,0.9726,0.4836,0.2390,0.2920,21.780,/Users/stetef/Documents/SLAC/pdb-scraper/data/large-cys-his-datasets/4cys-large/output/xyz_files/3p8b_ZN_homo_d2.60_cluster2.xyz,169.96,27.780,,79.79,27.540,,179.61,30.727,,91.31,32.003,
3pdh_ZN_homo_d2.60_cluster1,3,#d62728,1,3pdh_ZN_homo_d2.60_cluster1,10.7746,Cx2Cx20Cx2C-SLLL,-46.28,0.9604,0.4542,0.1670,0.2100,20.720,/Users/stetef/Documents/SLAC/pdb-scraper/data/large-cys-his-datasets/4cys-large/output/xyz_files/3pdh_ZN_homo_d2.60_cluster1.xyz,92.04,22.980,,-178.54,21.890,,79.86,27.393,,-178.46,16.807,
3pdn_ZN_homo_d2.60_cluster2,0,#1f77b4,1,3pdn_ZN_homo_d2.60_cluster2,23.4740,Cx2Cx18Cx3C-LLLH,47.55,0.9860,0.6099,0.1570,0.1890,18.210,/Users/stetef/Documents/SLAC/pdb-scraper/data/large-cys-his-datasets/4cys-large/output/xyz_files/3pdn_ZN_homo_d2.60_cluster2.xyz,-177.21,17.190,,94.43,16.230,,99.14,20.990,,173.83,16.753,
3pdn_ZN_homo_d2.60_cluster3,0,#1f77b4,1,3pdn_ZN_homo_d2.60_cluster3,34.2598,Cx52Cx1Cx2C-LLHH,-0.72,0.9823,0.6642,0.1570,0.1890,14.390,/Users/stetef/Documents/SLAC/pdb-scraper/data/large-cys-his-datasets/4cys-large/output/xyz_files/3pdn_ZN_homo_d2.60_cluster3.xyz,-131.02,11.147,,133.27,13.400,,-106.22,10.670,,101.07,13.903,
3pne_ZN_homo_d2.60_cluster1,1,#ff7f0e,1,3pne_ZN_homo_d2.60_cluster1,20.0722,Cx4C-Cx4C-LL-LL,39.42,0.9754,0.3076,0.1850,0.2190,41.930,/Users/stetef/Documents/SLAC/pdb-scraper/data/large-cys-his-datasets/4cys-large/output/xyz_files/3pne_ZN_homo_d2.60_cluster1.xyz,-64.94,45.867,,149.52,55.210,,148.99,50.793,,-75.87,47.620,
3pnf_ZN_homo_d2.60_cluster1,1,#ff7f0e,1,3pnf_ZN_homo_d2.60_cluster1,19.7814,Cx4C-Cx4C-LL-LL,41.24,0.9684,0.3235,0.1800,0.2150,33.510,/Users/stetef/Documents/SLAC/pdb-scraper/data/large-cys-his-datasets/4cys-large/output/xyz_files/3pnf_ZN_homo_d2.60_cluster1.xyz,-64.58,38.000,,151.52,41.227,,151.16,45.917,,-73.15,37.963,
3png_ZN_homo_d2.60_cluster1,1,#ff7f0e,1,3png_ZN_homo_d2.60_cluster1,19.2634,Cx4C-Cx4C-LL-LL,40.83,0.9637,0.3092,0.1950,0.2350,40.730,/Users/stetef/Documents/SLAC/pdb-scraper/data/large-cys-his-datasets/4cys-large/output/xyz_files/3png_ZN_homo_d2.60_cluster1.xyz,-61.85,42.727,,151.12,52.630,,147.68,48.530,,-73.63,42.953,
3pnh_ZN_homo_d2.60_cluster1,1,#ff7f0e,1,3pnh_ZN_homo_d2.60_cluster1,19.8401,Cx4C-Cx4C-LL-LL,43.92,0.9880,0.3074,0.1660,0.2040,21.490,/Users/stetef/Documents/SLAC/pdb-scraper/data/large-cys-his-datasets/4cys-large/output/xyz_files/3pnh_ZN_homo_d2.60_cluster1.xyz,156.59,24.140,,153.69,25.100,,-69.65,23.033,,-64.94,22.913,
3q87_ZN_homo_d2.60_cluster1,1,#ff7f0e,1,3q87_ZN_homo_d2.60_cluster1,14.9597,Cx2Cx87Cx2C-LLSL,-0.85,0.9918,0.4906,0.2050,0.2560,28.560,/Users/stetef/Documents/SLAC/pdb-scraper/data/large-cys-his-datasets/4cys-large/output/xyz_files/3q87_ZN_homo_d2.60_cluster1.xyz,176.26,18.040,,95.53,20.983,,-176.40,14.320,,-98.80,23.153,
3qj5_ZN_homo_d2.60_cluster1,0,#1f77b4,1,3qj5_ZN_homo_d2.60_cluster1,27.2935,Cx2Cx2Cx7C-LLLL,-4.82,0.9789,0.7851,0.1850,0.2100,21.290,/Users/stetef/Documents/SLAC/pdb-scraper/data/large-cys-his-datasets/4cys-large/output/xyz_files/3qj5_ZN_homo_d2.60_cluster1.xyz,-110.16,20.637,,-69.02,19.897,,70.59,21.140,,89.30,22.010,
3qj5_ZN_homo_d2.60_cluster3,1,#ff7f0e,1,3qj5_ZN_homo_d2.60_cluster3,26.9962,Cx2Cx2Cx7C-LHHL,-5.72,0.9837,0.7886,0.1850,0.2100,17.620,/Users/stetef/Documents/SLAC/pdb-scraper/data/large-cys-his-datasets/4cys-large/output/xyz_files/3qj5_ZN_homo_d2.60_cluster3.xyz,90.93,17.707,,-112.20,15.923,,-70.98,15.497,,69.37,16.593,
3ql9_ZN_homo_d2.60_cluster1,8,#dbdb8d,1,3ql9_ZN_homo_d2.60_cluster1,8.9858,Cx2Cx22Cx2C-LLSH,59.98,0.9874,0.4835,0.1230,0.1310,4.050,/Users/stetef/Documents/SLAC/pdb-scraper/data/large-cys-his-datasets/4cys-large/output/xyz_files/3ql9_ZN_homo_d2.60_cluster1.xyz,-117.69,3.813,,91.73,5.120,,173.82,3.830,,92.06,3.703,
3ql9_ZN_homo_d2.60_cluster2,8,#dbdb8d,1,3ql9_ZN_homo_d2.60_cluster2,11.0209,Cx2Cx16Cx2C-LLSH,57.64,0.9889,0.4889,0.1230,0.1310,3.280,/Users/stetef/Documents/SLAC/pdb-scraper/data/large-cys-his-datasets/4cys-large/output/xyz_files/3ql9_ZN_homo_d2.60_cluster2.xyz,-117.51,3.407,,83.78,3.417,,94.35,3.537,,169.92,3.033,
3ql9_ZN_homo_d2.60_cluster3,8,#dbdb8d,1,3ql9_ZN_homo_d2.60_cluster3,5.3772,Cx2Cx29Cx2C-LLLL,-20.92,0.9761,0.4236,0.1230,0.1310,3.970,/Users/stetef/Documents/SLAC/pdb-scraper/data/large-cys-his-datasets/4cys-large/output/xyz_files/3ql9_ZN_homo_d2.60_cluster3.xyz,-98.00,4.803,,97.02,4.313,,-165.36,3.947,,82.66,3.967,
3qla_ZN_homo_d2.60_cluster1,8,#dbdb8d,1,3qla_ZN_homo_d2.60_cluster1,11.8246,Cx2Cx22Cx2C-LLSH,60.83,0.9933,0.4818,0.1580,0.1790,13.280,/Users/stetef/Documents/SLAC/pdb-scraper/data/large-cys-his-datasets/4cys-large/output/xyz_files/3qla_ZN_homo_d2.60_cluster1.xyz,95.29,12.130,,91.53,12.403,,-118.76,12.080,,175.26,11.080,
3qla_ZN_homo_d2.60_cluster2,8,#dbdb8d,1,3qla_ZN_homo_d2.60_cluster2,10.0136,Cx2Cx16Cx2C-LLSH,58.82,0.9883,0.4781,0.1580,0.1790,10.070,/Users/stetef/Documents/SLAC/pdb-scraper/data/large-cys-his-datasets/4cys-large/output/xyz_files/3qla_ZN_homo_d2.60_cluster2.xyz,-117.40,9.020,,83.38,8.687,,172.27,8.527,,97.02,10.157,
3qla_ZN_homo_d2.60_cluster3,8,#dbdb8d,1,3qla_ZN_homo_d2.60_cluster3,5.5270,Cx2Cx29Cx2C-LLLL,-20.73,0.9755,0.4156,0.1580,0.1790,9.860,/Users/stetef/Documents/SLAC/pdb-scraper/data/large-cys-his-datasets/4cys-large/output/xyz_files/3qla_ZN_homo_d2.60_cluster3.xyz,98.45,10.357,,-165.29,9.067,,-100.25,10.260,,84.16,8.453,
3qla_ZN_homo_d2.60_cluster4,8,#dbdb8d,1,3qla_ZN_homo_d2.60_cluster4,11.7338,Cx2Cx22Cx2C-LLHH,62.37,0.9968,0.4861,0.1580,0.1790,17.180,/Users/stetef/Documents/SLAC/pdb-scraper/data/large-cys-his-datasets/4cys-large/output/xyz_files/3qla_ZN_homo_d2.60_cluster4.xyz,-114.05,14.427,,176.30,15.733,,96.31,17.880,,90.92,17.347,
3qla_ZN_homo_d2.60_cluster5,8,#dbdb8d,1,3qla_ZN_homo_d2.60_cluster5,10.5544,Cx2Cx16Cx2C-LLSH,59.94,0.9896,0.4863,0.1580,0.1790,10.450,/Users/stetef/Documents/SLAC/pdb-scraper/data/large-cys-his-datasets/4cys-large/output/xyz_files/3qla_ZN_homo_d2.60_cluster5.xyz,-116.34,9.520,,172.84,9.100,,86.81,8.327,,96.44,9.823,
3qla_ZN_homo_d2.60_cluster6,8,#dbdb8d,1,3qla_ZN_homo_d2.60_cluster6,5.7450,Cx2Cx29Cx2C-LLLL,-21.06,0.9818,0.4041,0.1580,0.1790,11.730,/Users/stetef/Documents/SLAC/pdb-scraper/data/large-cys-his-datasets/4cys-large/output/xyz_files/3qla_ZN_homo_d2.60_cluster6.xyz,-98.92,13.430,,-162.79,9.213,,94.86,11.157,,82.61,9.610,
3qln_ZN_homo_d2.60_cluster1,7,#c7c7c7,1,3qln_ZN_homo_d2.60_cluster1,12.4840,Cx2Cx22Cx2C-LLSH,57.67,0.9837,0.4806,0.1300,0.1580,39.580,/Users/stetef/Documents/SLAC/pdb-scraper/data/large-cys-his-datasets/4cys-large/output/xyz_files/3qln_ZN_homo_d2.60_cluster1.xyz,-122.70,31.653,,93.73,28.217,,171.06,27.567,,88.60,33.000,
3qln_ZN_homo_d2.60_cluster2,7,#c7c7c7,1,3qln_ZN_homo_d2.60_cluster2,13.1081,Cx2Cx16Cx2C-LLSH,56.30,0.9902,0.4795,0.1300,0.1580,33.850,/Users/stetef/Documents/SLAC/pdb-scraper/data/large-cys-his-datasets/4cys-large/output/xyz_files/3qln_ZN_homo_d2.60_cluster2.xyz,-120.19,24.843,,95.94,25.337,,165.42,21.917,,84.04,25.730,
3qln_ZN_homo_d2.60_cluster3,7,#c7c7c7,1,3qln_ZN_homo_d2.60_cluster3,6.3297,Cx2Cx29Cx2C-LLLL,-25.23,0.9853,0.4041,0.1300,0.1580,33.600,/Users/stetef/Documents/SLAC/pdb-scraper/data/large-cys-his-datasets/4cys-large/output/xyz_files/3qln_ZN_homo_d2.60_cluster3.xyz,90.06,24.400,,-172.78,26.953,,-98.25,27.857,,80.04,25.713,
3qln_ZN_homo_d2.60_cluster4,7,#c7c7c7,1,3qln_ZN_homo_d2.60_cluster4,12.1350,Cx2Cx22Cx2C-LLSH,57.46,0.9926,0.4696,0.1300,0.1580,45.340,/Users/stetef/Documents/SLAC/pdb-scraper/data/large-cys-his-datasets/4cys-large/output/xyz_files/3qln_ZN_homo_d2.60_cluster4.xyz,170.11,33.170,,-124.29,32.877,,98.21,33.780,,85.81,35.117,
3qln_ZN_homo_d2.60_cluster5,7,#c7c7c7,1,3qln_ZN_homo_d2.60_cluster5,12.6002,Cx2Cx16Cx2C-LLSH,57.45,0.9892,0.4937,0.1300,0.1580,35.340,/Users/stetef/Documents/SLAC/pdb-scraper/data/large-cys-his-datasets/4cys-large/output/xyz_files/3qln_ZN_homo_d2.60_cluster5.xyz,96.01,26.410,,-118.33,26.543,,162.83,23.397,,89.28,24.067,
3qln_ZN_homo_d2.60_cluster6,5,#c49c94,1,3qln_ZN_homo_d2.60_cluster6,6.8573,Cx2Cx29Cx2C-LLLL,-27.22,0.9756,0.4219,0.1300,0.1580,34.340,/Users/stetef/Documents/SLAC/pdb-scraper/data/large-cys-his-datasets/4cys-large/output/xyz_files/3qln_ZN_homo_d2.60_cluster6.xyz,-170.23,27.117,,-97.83,27.770,,75.36,26.207,,83.80,27.030,
3qmd_ZN_homo_d2.60_cluster1,6,#f7b6d2,1,3qmd_ZN_homo_d2.60_cluster1,27.7443,Cx2Cx2Cx32C-LHHL,-5.45,0.9758,0.7888,0.2250,0.2410,40.020,/Users/stetef/Documents/SLAC/pdb-scraper/data/large-cys-his-datasets/4cys-large/output/xyz_files/3qmd_ZN_homo_d2.60_cluster1.xyz,88.91,44.413,,-68.71,37.887,,71.47,45.923,,-113.48,38.187,
3qmd_ZN_homo_d2.60_cluster2,7,#c7c7c7,1,3qmd_ZN_homo_d2.60_cluster2,26.8518,Cx2Cx2Cx15C-LHHH,-5.69,0.9731,0.7604,0.2250,0.2410,34.370,/Users/stetef/Documents/SLAC/pdb-scraper/data/large-cys-his-datasets/4cys-large/output/xyz_files/3qmd_ZN_homo_d2.60_cluster2.xyz,86.50,41.680,,-113.85,35.453,,-63.36,30.740,,67.96,38.363,
3qwp_ZN_homo_d2.60_cluster2,8,#dbdb8d,1,3qwp_ZN_homo_d2.60_cluster2,22.2873,Cx2Cx18Cx3C-LLLH,48.54,0.9835,0.6036,0.1770,0.2170,15.900,/Users/stetef/Documents/SLAC/pdb-scraper/data/large-cys-his-datasets/4cys-large/output/xyz_files/3qwp_ZN_homo_d2.60_cluster2.xyz,91.94,15.543,,100.20,15.527,,-173.98,16.223,,176.00,14.657,
3qwp_ZN_homo_d2.60_cluster3_altlocLIGA,9,#9edae5,1,3qwp_ZN_homo_d2.60_cluster3_altlocLIGA,34.1462,Cx52Cx1Cx2C-LLHH,-10.36,0.9471,0.7863,0.1770,0.2170,13.470,/Users/stetef/Documents/SLAC/pdb-scraper/data/large-cys-his-datasets/4cys-large/output/xyz_files/3qwp_ZN_homo_d2.60_cluster3_altlocLIGA.xyz,74.68,11.338,,118.78,10.058,,-108.19,10.733,,-126.70,11.493,
3qwp_ZN_homo_d2.60_cluster3_altlocLIGB,6,#f7b6d2,1,3qwp_ZN_homo_d2.60_cluster3_altlocLIGB,33.6751,Cx52Cx1Cx2C-LLHH,5.30,0.9394,0.5900,0.1770,0.2170,13.470,/Users/stetef/Documents/SLAC/pdb-scraper/data/large-cys-his-datasets/4cys-large/output/xyz_files/3qwp_ZN_homo_d2.60_cluster3_altlocLIGB.xyz,-108.19,10.733,,146.27,10.058,,-126.70,11.493,,109.84,11.338,
3qww_ZN_homo_d2.60_cluster1,7,#c7c7c7,1,3qww_ZN_homo_d2.60_cluster1,24.6908,Cx2Cx18Cx3C-LLLH,83.10,0.9417,0.6251,0.1870,0.2080,20.240,/Users/stetef/Documents/SLAC/pdb-scraper/data/large-cys-his-datasets/4cys-large/output/xyz_files/3qww_ZN_homo_d2.60_cluster1.xyz,172.74,19.990,,97.03,18.510,,174.01,14.747,,-111.40,23.957,
3qww_ZN_homo_d2.60_cluster3,2,#2ca02c,1,3qww_ZN_homo_d2.60_cluster3,30.0839,Cx52Cx1Cx2C-LLHH,2.02,0.9745,0.7081,0.1870,0.2080,15.170,/Users/stetef/Documents/SLAC/pdb-scraper/data/large-cys-his-datasets/4cys-large/output/xyz_files/3qww_ZN_homo_d2.60_cluster3.xyz,88.98,19.347,,132.92,13.933,,-110.11,15.520,,-103.71,11.967,
3qzv_ZN_homo_d2.60_cluster2,3,#d62728,1,3qzv_ZN_homo_d2.60_cluster2,12.3188,Cx2Cx23Cx2C-LLHH,54.86,0.9952,0.4912,0.1860,0.2340,42.350,/Users/stetef/Documents/SLAC/pdb-scraper/data/large-cys-his-datasets/4cys-large/output/xyz_files/3qzv_ZN_homo_d2.60_cluster2.xyz,161.43,40.613,,-123.98,44.243,,88.81,43.290,,93.17,43.670,
3rig_ZN_homo_d2.60_cluster2,3,#d62728,1,3rig_ZN_homo_d2.60_cluster2,12.1049,Cx2Cx37Cx4C-SLLL,-25.75,0.9729,0.4689,0.2210,0.2560,61.250,/Users/stetef/Documents/SLAC/pdb-scraper/data/large-cys-his-datasets/4cys-large/output/xyz_files/3rig_ZN_homo_d2.60_cluster2.xyz,87.81,53.123,,-178.98,50.583,,164.14,60.670,,-175.99,45.623,
3riy_ZN_homo_d2.60_cluster1,4,#9467bd,1,3riy_ZN_homo_d2.60_cluster1,7.2558,Cx2Cx37Cx4C-SLLH,-26.45,0.9916,0.4623,0.1460,0.1910,19.290,/Users/stetef/Documents/SLAC/pdb-scraper/data/large-cys-his-datasets/4cys-large/output/xyz_files/3riy_ZN_homo_d2.60_cluster1.xyz,91.33,19.860,,159.63,26.270,,-179.07,16.613,,-177.67,16.540,
3riy_ZN_homo_d2.60_cluster2,0,#1f77b4,1,3riy_ZN_homo_d2.60_cluster2,9.5113,Cx2Cx37Cx4C-SLLL,-24.67,0.9888,0.4989,0.1460,0.1910,16.650,/Users/stetef/Documents/SLAC/pdb-scraper/data/large-cys-his-datasets/4cys-large/output/xyz_files/3riy_ZN_homo_d2.60_cluster2.xyz,89.85,19.073,,163.22,18.767,,-176.84,14.343,,-174.90,14.310,
3rq4_ZN_homo_d2.60_cluster1,5,#c49c94,1,3rq4_ZN_homo_d2.60_cluster1,32.1733,Cx43Cx1Cx2C-LLHH,5.16,0.9905,0.7091,0.1800,0.2210,14.990,/Users/stetef/Documents/SLAC/pdb-scraper/data/large-cys-his-datasets/4cys-large/output/xyz_files/3rq4_ZN_homo_d2.60_cluster1.xyz,90.92,12.837,,-105.52,16.800,,140.48,13.827,,-105.22,15.220,
3rqj_ZN_homo_d2.60_cluster1,7,#c7c7c7,1,3rqj_ZN_homo_d2.60_cluster1,19.9232,Cx4C-Cx4C-LL-LL,41.03,0.9647,0.3221,0.1910,0.2210,38.120,/Users/stetef/Documents/SLAC/pdb-scraper/data/large-cys-his-datasets/4cys-large/output/xyz_files/3rqj_ZN_homo_d2.60_cluster1.xyz,151.92,49.350,,-65.37,42.527,,152.04,44.860,,-74.46,41.210,
3rql_ZN_homo_d2.60_cluster1,1,#ff7f0e,1,3rql_ZN_homo_d2.60_cluster1,19.8743,Cx4C-Cx4C-LL-LL,41.35,0.9700,0.3180,0.1930,0.2350,38.630,/Users/stetef/Documents/SLAC/pdb-scraper/data/large-cys-his-datasets/4cys-large/output/xyz_files/3rql_ZN_homo_d2.60_cluster1.xyz,150.43,51.003,,-63.71,42.963,,151.47,44.643,,-72.78,42.990,
3rqm_ZN_homo_d2.60_cluster1,7,#c7c7c7,1,3rqm_ZN_homo_d2.60_cluster1,19.8017,Cx4C-Cx4C-LL-LL,42.45,0.9681,0.3235,0.1750,0.2080,28.180,/Users/stetef/Documents/SLAC/pdb-scraper/data/large-cys-his-datasets/4cys-large/output/xyz_files/3rqm_ZN_homo_d2.60_cluster1.xyz,151.28,35.000,,152.14,38.213,,-63.18,30.873,,-70.44,30.517,
3rqn_ZN_homo_d2.60_cluster1,1,#ff7f0e,1,3rqn_ZN_homo_d2.60_cluster1,19.9004,Cx4C-Cx4C-LL-LL,40.41,0.9653,0.3221,0.1750,0.2090,30.430,/Users/stetef/Documents/SLAC/pdb-scraper/data/large-cys-his-datasets/4cys-large/output/xyz_files/3rqn_ZN_homo_d2.60_cluster1.xyz,-61.97,33.350,,149.07,40.337,,149.98,36.650,,-75.46,33.637,
3ru0_ZN_homo_d2.60_cluster1,5,#c49c94,1,3ru0_ZN_homo_d2.60_cluster1,31.8571,Cx52Cx1Cx2C-LLHH,2.82,0.9781,0.7064,0.2000,0.2160,24.260,/Users/stetef/Documents/SLAC/pdb-scraper/data/large-cys-his-datasets/4cys-large/output/xyz_files/3ru0_ZN_homo_d2.60_cluster1.xyz,100.05,19.667,,-107.84,17.823,,135.40,18.973,,-116.32,17.930,
3ru0_ZN_homo_d2.60_cluster3,7,#c7c7c7,1,3ru0_ZN_homo_d2.60_cluster3,23.4735,Cx2Cx18Cx3C-LLLH,46.74,0.9939,0.6192,0.2000,0.2160,31.380,/Users/stetef/Documents/SLAC/pdb-scraper/data/large-cys-his-datasets/4cys-large/output/xyz_files/3ru0_ZN_homo_d2.60_cluster3.xyz,-178.65,29.840,,94.13,24.340,,174.92,22.503,,96.58,31.317,
3ru0_ZN_homo_d2.60_cluster4,0,#1f77b4,1,3ru0_ZN_homo_d2.60_cluster4,23.7962,Cx2Cx18Cx3C-LLLH,47.27,0.9896,0.6151,0.2000,0.2160,26.490,/Users/stetef/Documents/SLAC/pdb-scraper/data/large-cys-his-datasets/4cys-large/output/xyz_files/3ru0_ZN_homo_d2.60_cluster4.xyz,97.57,21.620,,95.73,21.043,,174.39,19.510,,-178.59,21.380,
3ru0_ZN_homo_d2.60_cluster6,6,#f7b6d2,1,3ru0_ZN_homo_d2.60_cluster6,32.6375,Cx52Cx1Cx2C-LLHH,4.08,0.9654,0.7342,0.2000,0.2160,35.410,/Users/stetef/Documents/SLAC/pdb-scraper/data/large-cys-his-datasets/4cys-large/output/xyz_files/3ru0_ZN_homo_d2.60_cluster6.xyz,84.53,31.760,,-101.67,30.337,,139.72,29.127,,-106.27,25.593,
3rui_ZN_homo_d2.60_cluster1,5,#c49c94,1,3rui_ZN_homo_d2.60_cluster1,3.6203,Cx2Cx80Cx2C-HHLL,-12.08,0.9503,0.4263,0.1930,0.2180,26.770,/Users/stetef/Documents/SLAC/pdb-scraper/data/large-cys-his-datasets/4cys-large/output/xyz_files/3rui_ZN_homo_d2.60_cluster1.xyz,-36.64,25.273,,89.02,26.937,,-174.31,25.750,,73.62,24.407,
3s1l_ZN_homo_d2.60_cluster1,7,#c7c7c7,1,3s1l_ZN_homo_d2.60_cluster1,31.5765,Cx2Cx2Cx7C-LHHH,-12.19,0.9854,0.8116,0.1840,0.2260,26.740,/Users/stetef/Documents/SLAC/pdb-scraper/data/large-cys-his-datasets/4cys-large/output/xyz_files/3s1l_ZN_homo_d2.60_cluster1.xyz,-112.92,23.883,,99.34,24.560,,-99.18,25.257,,64.00,30.630,
3s1l_ZN_homo_d2.60_cluster3,7,#c7c7c7,1,3s1l_ZN_homo_d2.60_cluster3,31.5265,Cx2Cx2Cx7C-LHHH,-14.50,0.9764,0.8110,0.1840,0.2260,27.150,/Users/stetef/Documents/SLAC/pdb-scraper/data/large-cys-his-datasets/4cys-large/output/xyz_files/3s1l_ZN_homo_d2.60_cluster3.xyz,-100.31,26.037,,-112.56,26.243,,60.40,29.220,,94.46,25.943,
3s1l_ZN_homo_d2.60_cluster5,7,#c7c7c7,1,3s1l_ZN_homo_d2.60_cluster5,30.9342,Cx2Cx2Cx7C-LHHH,-12.20,0.9799,0.8059,0.1840,0.2260,23.930,/Users/stetef/Documents/SLAC/pdb-scraper/data/large-cys-his-datasets/4cys-large/output/xyz_files/3s1l_ZN_homo_d2.60_cluster5.xyz,-98.32,20.257,,64.54,25.687,,98.51,22.733,,-113.53,23.357,
3s1l_ZN_homo_d2.60_cluster7,5,#c49c94,1,3s1l_ZN_homo_d2.60_cluster7,27.8393,Cx2Cx2Cx7C-LHHH,-54.22,0.7903,0.7962,0.1840,0.2260,25.170,/Users/stetef/Documents/SLAC/pdb-scraper/data/large-cys-his-datasets/4cys-large/output/xyz_files/3s1l_ZN_homo_d2.60_cluster7.xyz,96.43,25.300,,-112.34,24.437,,-95.64,23.913,,-105.32,40.360,
3s2e_ZN_homo_d2.60_cluster10,1,#ff7f0e,1,3s2e_ZN_homo_d2.60_cluster10,30.9430,Cx2Cx2Cx7C-LHHH,-14.15,0.9742,0.8120,0.1650,0.1940,16.820,/Users/stetef/Documents/SLAC/pdb-scraper/data/large-cys-his-datasets/4cys-large/output/xyz_files/3s2e_ZN_homo_d2.60_cluster10.xyz,93.80,15.887,,-115.00,14.900,,59.06,15.497,,-94.48,14.950,
3s2e_ZN_homo_d2.60_cluster12,1,#ff7f0e,1,3s2e_ZN_homo_d2.60_cluster12,31.0255,Cx2Cx2Cx7C-LHHH,-14.41,0.9788,0.8141,0.1650,0.1940,17.260,/Users/stetef/Documents/SLAC/pdb-scraper/data/large-cys-his-datasets/4cys-large/output/xyz_files/3s2e_ZN_homo_d2.60_cluster12.xyz,94.10,16.933,,57.40,17.677,,-95.11,16.180,,-114.05,16.277,
3s2e_ZN_homo_d2.60_cluster14,6,#f7b6d2,1,3s2e_ZN_homo_d2.60_cluster14,31.2211,Cx2Cx2Cx7C-LHHH,-15.51,0.9719,0.8101,0.1650,0.1940,17.210,/Users/stetef/Documents/SLAC/pdb-scraper/data/large-cys-his-datasets/4cys-large/output/xyz_files/3s2e_ZN_homo_d2.60_cluster14.xyz,-99.66,13.710,,98.98,16.947,,-116.84,13.010,,55.47,25.700,
3s2e_ZN_homo_d2.60_cluster16,6,#f7b6d2,1,3s2e_ZN_homo_d2.60_cluster16,31.0389,Cx2Cx2Cx7C-LHHH,-13.38,0.9748,0.8164,0.1650,0.1940,16.260,/Users/stetef/Documents/SLAC/pdb-scraper/data/large-cys-his-datasets/4cys-large/output/xyz_files/3s2e_ZN_homo_d2.60_cluster16.xyz,-98.46,12.610,,95.98,16.047,,62.48,16.090,,-113.51,12.773,
3s2e_ZN_homo_d2.60_cluster2,6,#f7b6d2,1,3s2e_ZN_homo_d2.60_cluster2,31.1035,Cx2Cx2Cx7C-LHHH,-10.13,0.9802,0.8198,0.1650,0.1940,17.920,/Users/stetef/Documents/SLAC/pdb-scraper/data/large-cys-his-datasets/4cys-large/output/xyz_files/3s2e_ZN_homo_d2.60_cluster2.xyz,68.24,20.267,,-95.72,13.757,,-111.00,16.573,,97.94,17.417,
3s2e_ZN_homo_d2.60_cluster4,1,#ff7f0e,1,3s2e_ZN_homo_d2.60_cluster4,30.9154,Cx2Cx2Cx7C-LHHH,-12.52,0.9792,0.8150,0.1650,0.1940,17.810,/Users/stetef/Documents/SLAC/pdb-scraper/data/large-cys-his-datasets/4cys-large/output/xyz_files/3s2e_ZN_homo_d2.60_cluster4.xyz,-94.42,14.073,,62.53,19.893,,-113.18,15.477,,94.98,18.393,
3s2e_ZN_homo_d2.60_cluster6,6,#f7b6d2,1,3s2e_ZN_homo_d2.60_cluster6,31.3948,Cx2Cx2Cx7C-LHHH,-11.48,0.9823,0.8157,0.1650,0.1940,17.600,/Users/stetef/Documents/SLAC/pdb-scraper/data/large-cys-his-datasets/4cys-large/output/xyz_files/3s2e_ZN_homo_d2.60_cluster6.xyz,-93.46,14.920,,61.89,20.223,,97.58,19.147,,-111.91,15.737,
3s2e_ZN_homo_d2.60_cluster8,6,#f7b6d2,1,3s2e_ZN_homo_d2.60_cluster8,31.0033,Cx2Cx2Cx7C-LHHH,-12.29,0.9837,0.8185,0.1650,0.1940,17.990,/Users/stetef/Documents/SLAC/pdb-scraper/data/large-cys-his-datasets/4cys-large/output/xyz_files/3s2e_ZN_homo_d2.60_cluster8.xyz,-96.45,14.653,,62.93,20.233,,96.39,19.443,,-112.03,14.727,
3s2f_ZN_homo_d2.60_cluster10,7,#c7c7c7,1,3s2f_ZN_homo_d2.60_cluster10,30.7081,Cx2Cx2Cx7C-LHHH,-12.44,0.9802,0.8153,0.1820,0.2140,21.020,/Users/stetef/Documents/SLAC/pdb-scraper/data/large-cys-his-datasets/4cys-large/output/xyz_files/3s2f_ZN_homo_d2.60_cluster10.xyz,66.79,21.220,,-113.67,18.460,,97.99,17.940,,-100.88,19.800,
3s2f_ZN_homo_d2.60_cluster12,7,#c7c7c7,1,3s2f_ZN_homo_d2.60_cluster12,31.0644,Cx2Cx2Cx7C-LHHH,-12.51,0.9791,0.8034,0.1820,0.2140,20.900,/Users/stetef/Documents/SLAC/pdb-scraper/data/large-cys-his-datasets/4cys-large/output/xyz_files/3s2f_ZN_homo_d2.60_cluster12.xyz,-101.01,17.820,,67.59,23.150,,-114.95,19.057,,98.34,21.330,
3s2f_ZN_homo_d2.60_cluster14,7,#c7c7c7,1,3s2f_ZN_homo_d2.60_cluster14,30.7222,Cx2Cx2Cx7C-LHHH,-12.28,0.9735,0.7997,0.1820,0.2140,21.150,/Users/stetef/Documents/SLAC/pdb-scraper/data/large-cys-his-datasets/4cys-large/output/xyz_files/3s2f_ZN_homo_d2.60_cluster14.xyz,64.81,21.170,,-99.15,17.530,,97.82,18.057,,-112.61,20.687,
3s2f_ZN_homo_d2.60_cluster16,7,#c7c7c7,1,3s2f_ZN_homo_d2.60_cluster16,30.3019,Cx2Cx2Cx7C-LHHH,-13.00,0.9772,0.8037,0.1820,0.2140,21.640,/Users/stetef/Documents/SLAC/pdb-scraper/data/large-cys-his-datasets/4cys-large/output/xyz_files/3s2f_ZN_homo_d2.60_cluster16.xyz,65.84,18.473,,-103.78,18.010,,-113.71,20.020,,99.64,20.083,
3s2f_ZN_homo_d2.60_cluster2,7,#c7c7c7,1,3s2f_ZN_homo_d2.60_cluster2,30.5214,Cx2Cx2Cx7C-LHHH,-11.73,0.9804,0.8166,0.1820,0.2140,22.940,/Users/stetef/Documents/SLAC/pdb-scraper/data/large-cys-his-datasets/4cys-large/output/xyz_files/3s2f_ZN_homo_d2.60_cluster2.xyz,-109.85,19.897,,66.59,23.897,,96.37,20.710,,-100.01,19.410,
3s2f_ZN_homo_d2.60_cluster4,7,#c7c7c7,1,3s2f_ZN_homo_d2.60_cluster4,30.5145,Cx2Cx2Cx7C-LHHH,-10.08,0.9719,0.8042,0.1820,0.2140,23.730,/Users/stetef/Documents/SLAC/pdb-scraper/data/large-cys-his-datasets/4cys-large/output/xyz_files/3s2f_ZN_homo_d2.60_cluster4.xyz,-111.99,20.020,,98.20,21.910,,68.01,22.097,,-94.53,19.457,
3s2f_ZN_homo_d2.60_cluster6,7,#c7c7c7,1,3s2f_ZN_homo_d2.60_cluster6,30.6504,Cx2Cx2Cx7C-LHHH,-11.74,0.9776,0.8119,0.1820,0.2140,21.420,/Users/stetef/Documents/SLAC/pdb-scraper/data/large-cys-his-datasets/4cys-large/output/xyz_files/3s2f_ZN_homo_d2.60_cluster6.xyz,97.07,21.507,,64.81,22.397,,-110.46,20.467,,-98.40,19.073,
3s2f_ZN_homo_d2.60_cluster8,7,#c7c7c7,1,3s2f_ZN_homo_d2.60_cluster8,30.2023,Cx2Cx2Cx7C-LHHH,-9.93,0.9770,0.8083,0.1820,0.2140,24.650,/Users/stetef/Documents/SLAC/pdb-scraper/data/large-cys-his-datasets/4cys-large/output/xyz_files/3s2f_ZN_homo_d2.60_cluster8.xyz,68.93,23.143,,98.01,21.230,,-110.30,20.657,,-96.37,20.303,
3s2i_ZN_homo_d2.60_cluster10,7,#c7c7c7,1,3s2i_ZN_homo_d2.60_cluster10,30.6663,Cx2Cx2Cx7C-LHHH,-14.59,0.9508,0.8014,0.2020,0.2490,26.330,/Users/stetef/Documents/SLAC/pdb-scraper/data/large-cys-his-datasets/4cys-large/output/xyz_files/3s2i_ZN_homo_d2.60_cluster10.xyz,-113.95,25.723,,97.63,24.217,,53.42,23.540,,-95.45,27.960,
3s2i_ZN_homo_d2.60_cluster12,5,#c49c94,1,3s2i_ZN_homo_d2.60_cluster12,30.6352,Cx2Cx2Cx7C-LHHH,-11.65,0.9630,0.8049,0.2020,0.2490,25.860,/Users/stetef/Documents/SLAC/pdb-scraper/data/large-cys-his-datasets/4cys-large/output/xyz_files/3s2i_ZN_homo_d2.60_cluster12.xyz,-115.16,28.010,,98.63,22.023,,-95.23,25.317,,65.16,24.217,
3s2i_ZN_homo_d2.60_cluster14,7,#c7c7c7,1,3s2i_ZN_homo_d2.60_cluster14,30.4192,Cx2Cx2Cx7C-LHHH,-14.71,0.9620,0.7988,0.2020,0.2490,26.560,/Users/stetef/Documents/SLAC/pdb-scraper/data/large-cys-his-datasets/4cys-large/output/xyz_files/3s2i_ZN_homo_d2.60_cluster14.xyz,-99.27,23.253,,62.16,26.910,,94.95,22.927,,-116.67,23.987,
3s2i_ZN_homo_d2.60_cluster16,7,#c7c7c7,1,3s2i_ZN_homo_d2.60_cluster16,30.8424,Cx2Cx2Cx7C-LHHH,-13.44,0.9682,0.8143,0.2020,0.2490,25.690,/Users/stetef/Documents/SLAC/pdb-scraper/data/large-cys-his-datasets/4cys-large/output/xyz_files/3s2i_ZN_homo_d2.60_cluster16.xyz,95.08,22.083,,60.87,24.157,,-96.26,24.950,,-113.43,25.383,
3s2i_ZN_homo_d2.60_cluster2,5,#c49c94,1,3s2i_ZN_homo_d2.60_cluster2,30.2501,Cx2Cx2Cx7C-LHHH,-11.77,0.9917,0.8092,0.2020,0.2490,27.620,/Users/stetef/Documents/SLAC/pdb-scraper/data/large-cys-his-datasets/4cys-large/output/xyz_files/3s2i_ZN_homo_d2.60_cluster2.xyz,69.38,32.593,,-111.65,24.803,,-99.11,22.190,,94.29,26.263,
3s2i_ZN_homo_d2.60_cluster4,5,#c49c94,1,3s2i_ZN_homo_d2.60_cluster4,30.2103,Cx2Cx2Cx7C-LHHH,-9.21,0.9829,0.8080,0.2020,0.2490,28.050,/Users/stetef/Documents/SLAC/pdb-scraper/data/large-cys-his-datasets/4cys-large/output/xyz_files/3s2i_ZN_homo_d2.60_cluster4.xyz,73.57,31.883,,-97.44,22.430,,-111.64,26.713,,98.66,29.810,
3s2i_ZN_homo_d2.60_cluster6,7,#c7c7c7,1,3s2i_ZN_homo_d2.60_cluster6,30.8651,Cx2Cx2Cx7C-LHHH,-19.82,0.9217,0.8206,0.2020,0.2490,29.720,/Users/stetef/Documents/SLAC/pdb-scraper/data/large-cys-his-datasets/4cys-large/output/xyz_files/3s2i_ZN_homo_d2.60_cluster6.xyz,22.06,32.577,,-97.41,29.027,,104.51,28.173,,-108.44,25.797,
3s2i_ZN_homo_d2.60_cluster8,5,#c49c94,1,3s2i_ZN_homo_d2.60_cluster8,30.9014,Cx2Cx2Cx7C-LLHH,-10.56,0.9730,0.8115,0.2020,0.2490,29.700,/Users/stetef/Documents/SLAC/pdb-scraper/data/large-cys-his-datasets/4cys-large/output/xyz_files/3s2i_ZN_homo_d2.60_cluster8.xyz,57.10,32.010,,-92.63,27.603,,102.95,26.867,,-109.66,23.920,
3s8p_ZN_homo_d2.60_cluster1,3,#d62728,1,3s8p_ZN_homo_d2.60_cluster1,31.7352,Cx43Cx1Cx2C-LLHH,8.65,0.9931,0.7176,0.1880,0.2120,26.420,/Users/stetef/Documents/SLAC/pdb-scraper/data/large-cys-his-datasets/4cys-large/output/xyz_files/3s8p_ZN_homo_d2.60_cluster1.xyz,94.33,25.390,,140.51,22.733,,-94.97,26.453,,-105.27,26.370,
3s8p_ZN_homo_d2.60_cluster2,1,#ff7f0e,1,3s8p_ZN_homo_d2.60_cluster2,31.1498,Cx43Cx1Cx2C-LLHH,8.01,0.9897,0.7070,0.1880,0.2120,28.670,/Users/stetef/Documents/SLAC/pdb-scraper/data/large-cys-his-datasets/4cys-large/output/xyz_files/3s8p_ZN_homo_d2.60_cluster2.xyz,-98.79,28.670,,-106.80,28.350,,95.48,25.990,,142.16,25.540,
3sar_ZN_homo_d2.60_cluster1,1,#ff7f0e,1,3sar_ZN_homo_d2.60_cluster1,14.6093,Cx2Cx16Cx2C-LLLL,86.79,0.9775,0.4457,0.1960,0.2240,27.390,/Users/stetef/Documents/SLAC/pdb-scraper/data/large-cys-his-datasets/4cys-large/output/xyz_files/3sar_ZN_homo_d2.60_cluster1.xyz,-94.85,25.480,,179.26,24.910,,172.05,25.420,,90.72,25.287,
3sau_ZN_homo_d2.60_cluster1,3,#d62728,1,3sau_ZN_homo_d2.60_cluster1,12.7397,Cx2Cx16Cx2C-LLLL,-5.66,0.8576,0.4165,0.1890,0.2130,20.020,/Users/stetef/Documents/SLAC/pdb-scraper/data/large-cys-his-datasets/4cys-large/output/xyz_files/3sau_ZN_homo_d2.60_cluster1.xyz,90.10,19.900,,175.65,20.050,,-169.74,19.103,,-118.64,27.987,
3shb_ZN_homo_d2.60_cluster1,6,#f7b6d2,1,3shb_ZN_homo_d2.60_cluster1,4.5067,Cx2Cx7Cx2C-LLLL,128.88,0.9747,0.4988,0.2110,0.2280,37.510,/Users/stetef/Documents/SLAC/pdb-scraper/data/large-cys-his-datasets/4cys-large/output/xyz_files/3shb_ZN_homo_d2.60_cluster1.xyz,166.44,30.077,,90.88,34.730,,157.15,39.633,,101.03,35.123,
3shb_ZN_homo_d2.60_cluster3,7,#c7c7c7,1,3shb_ZN_homo_d2.60_cluster3,14.4980,Cx2Cx23Cx2C-LLLL,60.96,0.9976,0.5045,0.2110,0.2280,35.490,/Users/stetef/Documents/SLAC/pdb-scraper/data/large-cys-his-datasets/4cys-large/output/xyz_files/3shb_ZN_homo_d2.60_cluster3.xyz,179.00,30.993,,-118.04,34.277,,91.88,32.290,,90.99,32.550,
3sou_ZN_homo_d2.60_cluster1,5,#c49c94,1,3sou_ZN_homo_d2.60_cluster1,5.2464,Cx2Cx7Cx2C-LLLL,133.40,0.9803,0.4945,0.2170,0.2430,35.170,/Users/stetef/Documents/SLAC/pdb-scraper/data/large-cys-his-datasets/4cys-large/output/xyz_files/3sou_ZN_homo_d2.60_cluster1.xyz,175.55,25.637,,160.78,33.523,,96.41,27.913,,100.86,29.590,
3sou_ZN_homo_d2.60_cluster3,7,#c7c7c7,1,3sou_ZN_homo_d2.60_cluster3,14.8501,Cx2Cx23Cx2C-LLLL,62.17,0.9959,0.4882,0.2170,0.2430,35.460,/Users/stetef/Documents/SLAC/pdb-scraper/data/large-cys-his-datasets/4cys-large/output/xyz_files/3sou_ZN_homo_d2.60_cluster3.xyz,93.24,31.663,,98.65,25.990,,174.33,25.370,,-117.54,31.077,
3sou_ZN_homo_d2.60_cluster6,5,#c49c94,1,3sou_ZN_homo_d2.60_cluster6,5.4561,Cx2Cx7Cx2C-LLLL,132.10,0.9864,0.4957,0.2170,0.2430,33.860,/Users/stetef/Documents/SLAC/pdb-scraper/data/large-cys-his-datasets/4cys-large/output/xyz_files/3sou_ZN_homo_d2.60_cluster6.xyz,93.48,26.337,,99.90,29.080,,174.97,26.497,,160.05,31.600,
3sou_ZN_homo_d2.60_cluster7,1,#ff7f0e,1,3sou_ZN_homo_d2.60_cluster7,14.7604,Cx2Cx23Cx2C-LLLL,62.53,0.9980,0.4876,0.2170,0.2430,33.010,/Users/stetef/Documents/SLAC/pdb-scraper/data/large-cys-his-datasets/4cys-large/output/xyz_files/3sou_ZN_homo_d2.60_cluster7.xyz,-118.12,29.347,,92.05,27.177,,96.36,25.840,,179.82,26.017,
3sow_ZN_homo_d2.60_cluster1,1,#ff7f0e,1,3sow_ZN_homo_d2.60_cluster1,4.5416,Cx2Cx7Cx2C-LLLL,131.14,0.9879,0.4994,0.2050,0.2470,25.460,/Users/stetef/Documents/SLAC/pdb-scraper/data/large-cys-his-datasets/4cys-large/output/xyz_files/3sow_ZN_homo_d2.60_cluster1.xyz,171.81,22.767,,93.72,24.757,,160.68,29.497,,98.35,24.787,
3sow_ZN_homo_d2.60_cluster3,7,#c7c7c7,1,3sow_ZN_homo_d2.60_cluster3,14.3403,Cx2Cx23Cx2C-LLLL,65.13,0.9949,0.4933,0.2050,0.2470,29.970,/Users/stetef/Documents/SLAC/pdb-scraper/data/large-cys-his-datasets/4cys-large/output/xyz_files/3sow_ZN_homo_d2.60_cluster3.xyz,100.62,26.243,,96.87,31.790,,-113.88,35.350,,176.89,27.503,
3sow_ZN_homo_d2.60_cluster6,7,#c7c7c7,1,3sow_ZN_homo_d2.60_cluster6,3.8188,Cx2Cx7Cx2C-LLLL,129.02,0.9865,0.4936,0.2050,0.2470,24.590,/Users/stetef/Documents/SLAC/pdb-scraper/data/large-cys-his-datasets/4cys-large/output/xyz_files/3sow_ZN_homo_d2.60_cluster6.xyz,97.21,26.583,,91.84,25.037,,171.53,22.573,,155.49,29.763,
3sow_ZN_homo_d2.60_cluster7,5,#c49c94,1,3sow_ZN_homo_d2.60_cluster7,14.5821,Cx2Cx23Cx2C-LLLL,62.08,0.9936,0.4849,0.2050,0.2470,27.730,/Users/stetef/Documents/SLAC/pdb-scraper/data/large-cys-his-datasets/4cys-large/output/xyz_files/3sow_ZN_homo_d2.60_cluster7.xyz,96.18,24.910,,-120.11,30.133,,94.84,28.593,,177.39,25.900,
3t6p_ZN_homo_d2.60_cluster1,7,#c7c7c7,1,3t6p_ZN_homo_d2.60_cluster1,16.7528,Cx2Cx17Cx2C-LLLH,57.01,0.9920,0.5336,0.1930,0.2330,31.480,/Users/stetef/Documents/SLAC/pdb-scraper/data/large-cys-his-datasets/4cys-large/output/xyz_files/3t6p_ZN_homo_d2.60_cluster1.xyz,168.19,24.590,,87.89,28.453,,-123.90,32.057,,95.86,38.023,
3t6r_ZN_homo_d2.60_cluster1,6,#f7b6d2,1,3t6r_ZN_homo_d2.60_cluster1,2.6596,Cx2Cx7Cx2C-LLLL,135.25,0.9931,0.4856,0.1950,0.2290,27.260,/Users/stetef/Documents/SLAC/pdb-scraper/data/large-cys-his-datasets/4cys-large/output/xyz_files/3t6r_ZN_homo_d2.60_cluster1.xyz,173.12,24.480,,176.11,22.197,,95.58,24.873,,96.20,22.587,
3t6r_ZN_homo_d2.60_cluster3,5,#c49c94,1,3t6r_ZN_homo_d2.60_cluster3,14.2266,Cx2Cx23Cx2C-LLLL,61.56,0.9978,0.4785,0.1950,0.2290,31.520,/Users/stetef/Documents/SLAC/pdb-scraper/data/large-cys-his-datasets/4cys-large/output/xyz_files/3t6r_ZN_homo_d2.60_cluster3.xyz,94.60,28.620,,177.20,23.187,,95.28,25.727,,-120.85,33.660,
3t6r_ZN_homo_d2.60_cluster5,1,#ff7f0e,1,3t6r_ZN_homo_d2.60_cluster5,3.9272,Cx2Cx7Cx2C-LLLL,130.71,0.9917,0.4959,0.1950,0.2290,27.870,/Users/stetef/Documents/SLAC/pdb-scraper/data/large-cys-his-datasets/4cys-large/output/xyz_files/3t6r_ZN_homo_d2.60_cluster5.xyz,97.57,24.903,,171.70,21.517,,92.11,23.910,,161.47,28.253,
3t6r_ZN_homo_d2.60_cluster7,1,#ff7f0e,1,3t6r_ZN_homo_d2.60_cluster7,12.5791,Cx2Cx23Cx2C-LLLL,62.58,0.9989,0.4682,0.1950,0.2290,28.740,/Users/stetef/Documents/SLAC/pdb-scraper/data/large-cys-his-datasets/4cys-large/output/xyz_files/3t6r_ZN_homo_d2.60_cluster7.xyz,-114.22,28.817,,92.32,25.737,,176.48,22.893,,95.74,22.780,
3t7l_ZN_homo_d2.60_cluster1,9,#9edae5,1,3t7l_ZN_homo_d2.60_cluster1,18.4674,Cx2Cx20Cx2C-LLHH,58.89,0.9889,0.5221,0.1420,0.1540,6.430,/Users/stetef/Documents/SLAC/pdb-scraper/data/large-cys-his-datasets/4cys-large/output/xyz_files/3t7l_ZN_homo_d2.60_cluster1.xyz,94.01,7.363,,-122.83,7.077,,88.34,7.563,,176.04,5.937,
3t7l_ZN_homo_d2.60_cluster2,5,#c49c94,1,3t7l_ZN_homo_d2.60_cluster2,14.8655,Cx2Cx24Cx2C-LLHH,61.24,0.9850,0.4981,0.1420,0.1540,6.900,/Users/stetef/Documents/SLAC/pdb-scraper/data/large-cys-his-datasets/4cys-large/output/xyz_files/3t7l_ZN_homo_d2.60_cluster2.xyz,-117.73,8.300,,96.23,7.747,,91.13,7.057,,175.33,7.110,
3tg4_ZN_homo_d2.60_cluster1,0,#1f77b4,1,3tg4_ZN_homo_d2.60_cluster1,25.3674,Cx2Cx18Cx3C-LLLH,82.60,0.9703,0.6162,0.1910,0.2240,24.870,/Users/stetef/Documents/SLAC/pdb-scraper/data/large-cys-his-datasets/4cys-large/output/xyz_files/3tg4_ZN_homo_d2.60_cluster1.xyz,92.97,26.820,,159.43,30.240,,179.88,26.267,,-101.87,31.000,
3tg4_ZN_homo_d2.60_cluster3,3,#d62728,1,3tg4_ZN_homo_d2.60_cluster3,30.8181,Cx52Cx1Cx2C-LLHH,5.54,0.9486,0.7246,0.1910,0.2240,32.080,/Users/stetef/Documents/SLAC/pdb-scraper/data/large-cys-his-datasets/4cys-large/output/xyz_files/3tg4_ZN_homo_d2.60_cluster3.xyz,130.79,48.033,,-103.97,53.467,,90.82,49.423,,-95.49,41.603,
3tsu_ZN_homo_d2.60_cluster1,9,#9edae5,1,3tsu_ZN_homo_d2.60_cluster1,14.0815,Cx2Cx18Cx2C-HHLL,32.87,0.9345,0.4781,0.2020,0.2480,58.770,/Users/stetef/Documents/SLAC/pdb-scraper/data/large-cys-his-datasets/4cys-large/output/xyz_files/3tsu_ZN_homo_d2.60_cluster1.xyz,95.55,63.187,,-107.10,65.980,,94.68,60.697,,48.34,50.803,
3tsu_ZN_homo_d2.60_cluster2,5,#c49c94,1,3tsu_ZN_homo_d2.60_cluster2,9.8293,Cx2Cx18Cx2C-HHLL,30.58,0.9332,0.4694,0.2020,0.2480,78.120,/Users/stetef/Documents/SLAC/pdb-scraper/data/large-cys-his-datasets/4cys-large/output/xyz_files/3tsu_ZN_homo_d2.60_cluster2.xyz,58.44,81.863,,103.64,75.347,,74.47,92.193,,-114.23,83.577,
3ttc_ZN_homo_d2.60_cluster1,3,#d62728,1,3ttc_ZN_homo_d2.60_cluster1,12.3537,Cx2Cx18Cx2C-HHLL,41.26,0.9741,0.4917,0.1610,0.2020,17.260,/Users/stetef/Documents/SLAC/pdb-scraper/data/large-cys-his-datasets/4cys-large/output/xyz_files/3ttc_ZN_homo_d2.60_cluster1.xyz,91.75,15.587,,-110.01,17.697,,98.16,14.943,,85.14,18.183,
3ttc_ZN_homo_d2.60_cluster2,1,#ff7f0e,1,3ttc_ZN_homo_d2.60_cluster2,11.8545,Cx2Cx18Cx2C-HHLL,37.41,0.9791,0.4868,0.1610,0.2020,24.890,/Users/stetef/Documents/SLAC/pdb-scraper/data/large-cys-his-datasets/4cys-large/output/xyz_files/3ttc_ZN_homo_d2.60_cluster2.xyz,-118.09,25.180,,95.56,24.643,,81.70,22.803,,90.46,24.813,
3ttf_ZN_homo_d2.60_cluster1,1,#ff7f0e,1,3ttf_ZN_homo_d2.60_cluster1,12.6074,Cx2Cx18Cx2C-HHLL,36.16,0.9518,0.4901,0.1800,0.2250,47.850,/Users/stetef/Documents/SLAC/pdb-scraper/data/large-cys-his-datasets/4cys-large/output/xyz_files/3ttf_ZN_homo_d2.60_cluster1.xyz,82.30,39.603,,-113.44,46.247,,99.30,38.513,,76.48,47.387,
3ttf_ZN_homo_d2.60_cluster2,3,#d62728,1,3ttf_ZN_homo_d2.60_cluster2,7.8615,Cx2Cx18Cx2C-HHLL,37.75,0.9583,0.4757,0.1800,0.2250,70.830,/Users/stetef/Documents/SLAC/pdb-scraper/data/large-cys-his-datasets/4cys-large/output/xyz_files/3ttf_ZN_homo_d2.60_cluster2.xyz,-106.09,67.287,,77.60,63.477,,88.80,57.783,,90.69,65.300,
3tyl_ZN_homo_d2.60_cluster1,1,#ff7f0e,1,3tyl_ZN_homo_d2.60_cluster1,20.4334,Cx4C-Cx4C-LL-LL,43.30,0.9661,0.3359,0.1800,0.2120,34.750,/Users/stetef/Documents/SLAC/pdb-scraper/data/large-cys-his-datasets/4cys-large/output/xyz_files/3tyl_ZN_homo_d2.60_cluster1.xyz,-60.99,38.997,,154.38,45.307,,149.48,44.143,,-69.68,38.103,
3tym_ZN_homo_d2.60_cluster1,1,#ff7f0e,1,3tym_ZN_homo_d2.60_cluster1,20.6341,Cx4C-Cx4C-LL-LL,41.82,0.9727,0.3329,0.1880,0.2270,41.290,/Users/stetef/Documents/SLAC/pdb-scraper/data/large-cys-his-datasets/4cys-large/output/xyz_files/3tym_ZN_homo_d2.60_cluster1.xyz,149.65,54.277,,-62.88,45.560,,150.81,51.580,,-70.32,45.140,
3tyn_ZN_homo_d2.60_cluster1,1,#ff7f0e,1,3tyn_ZN_homo_d2.60_cluster1,20.5202,Cx4C-Cx4C-LL-LL,41.78,0.9664,0.3397,0.1870,0.2230,38.590,/Users/stetef/Documents/SLAC/pdb-scraper/data/large-cys-his-datasets/4cys-large/output/xyz_files/3tyn_ZN_homo_d2.60_cluster1.xyz,152.80,51.650,,147.09,48.200,,-63.36,42.687,,-69.41,44.323,
3tyo_ZN_homo_d2.60_cluster1,1,#ff7f0e,1,3tyo_ZN_homo_d2.60_cluster1,20.3068,Cx4C-Cx4C-LL-LL,42.83,0.9640,0.3366,0.1820,0.2150,36.610,/Users/stetef/Documents/SLAC/pdb-scraper/data/large-cys-his-datasets/4cys-large/output/xyz_files/3tyo_ZN_homo_d2.60_cluster1.xyz,148.84,49.983,,-60.45,41.290,,-67.45,40.663,,150.37,45.323,
3u52_ZN_homo_d2.60_cluster1,5,#c49c94,1,3u52_ZN_homo_d2.60_cluster1,25.3948,Cx2Cx29Cx3C-LLLH,48.19,0.9931,0.6303,0.1850,0.2280,19.700,/Users/stetef/Documents/SLAC/pdb-scraper/data/large-cys-his-datasets/4cys-large/output/xyz_files/3u52_ZN_homo_d2.60_cluster1.xyz,-176.04,17.730,,92.21,17.457,,97.01,17.090,,179.57,17.340,
3u52_ZN_homo_d2.60_cluster2,4,#9467bd,1,3u52_ZN_homo_d2.60_cluster2,25.8518,Cx2Cx29Cx3C-LLLH,48.23,0.9846,0.6313,0.1850,0.2280,23.740,/Users/stetef/Documents/SLAC/pdb-scraper/data/large-cys-his-datasets/4cys-large/output/xyz_files/3u52_ZN_homo_d2.60_cluster2.xyz,-174.74,22.937,,93.95,20.933,,173.93,19.087,,99.76,24.530,
3u5n_ZN_homo_d2.60_cluster2,7,#c7c7c7,1,3u5n_ZN_homo_d2.60_cluster2,12.4440,Cx2Cx22Cx2C-LLLL,-29.33,0.9878,0.4887,0.2050,0.2560,36.800,/Users/stetef/Documents/SLAC/pdb-scraper/data/large-cys-his-datasets/4cys-large/output/xyz_files/3u5n_ZN_homo_d2.60_cluster2.xyz,-175.37,25.960,,82.40,23.493,,89.54,32.830,,-113.90,28.833,
3u5n_ZN_homo_d2.60_cluster4,7,#c7c7c7,1,3u5n_ZN_homo_d2.60_cluster4,12.8333,Cx2Cx22Cx2C-LLLL,-28.99,0.9830,0.4865,0.2050,0.2560,40.350,/Users/stetef/Documents/SLAC/pdb-scraper/data/large-cys-his-datasets/4cys-large/output/xyz_files/3u5n_ZN_homo_d2.60_cluster4.xyz,88.27,38.847,,-113.26,34.320,,86.82,34.077,,-177.79,34.247,
3u6c_ZN_homo_d2.60_cluster1,5,#c49c94,1,3u6c_ZN_homo_d2.60_cluster1,14.7123,Cx2Cx16Cx2C-LLLL,88.15,0.9753,0.4428,0.1910,0.2110,19.140,/Users/stetef/Documents/SLAC/pdb-scraper/data/large-cys-his-datasets/4cys-large/output/xyz_files/3u6c_ZN_homo_d2.60_cluster1.xyz,-94.66,16.353,,177.99,16.707,,176.56,17.040,,92.69,17.530,
3u6d_ZN_homo_d2.60_cluster1,5,#c49c94,1,3u6d_ZN_homo_d2.60_cluster1,14.6381,Cx2Cx16Cx2C-LLLL,88.89,0.9771,0.4457,0.1880,0.2160,18.880,/Users/stetef/Documents/SLAC/pdb-scraper/data/large-cys-his-datasets/4cys-large/output/xyz_files/3u6d_ZN_homo_d2.60_cluster1.xyz,-93.30,18.610,,177.91,17.353,,93.69,17.207,,177.28,17.483,
3u6e_ZN_homo_d2.60_cluster1,5,#c49c94,1,3u6e_ZN_homo_d2.60_cluster1,14.7016,Cx2Cx16Cx2C-LLLL,88.86,0.9774,0.4399,0.1920,0.2070,18.280,/Users/stetef/Documents/SLAC/pdb-scraper/data/large-cys-his-datasets/4cys-large/output/xyz_files/3u6e_ZN_homo_d2.60_cluster1.xyz,-92.99,17.833,,177.96,17.327,,177.53,18.473,,92.93,16.840,
3u6l_ZN_homo_d2.60_cluster1,3,#d62728,1,3u6l_ZN_homo_d2.60_cluster1,14.2069,Cx2Cx16Cx2C-LLLL,-1.69,0.9721,0.4410,0.1800,0.2070,19.870,/Users/stetef/Documents/SLAC/pdb-scraper/data/large-cys-his-datasets/4cys-large/output/xyz_files/3u6l_ZN_homo_d2.60_cluster1.xyz,-179.20,18.500,,-95.50,19.373,,91.86,17.353,,176.09,17.527,
3u6o_ZN_homo_d2.60_cluster1,7,#c7c7c7,1,3u6o_ZN_homo_d2.60_cluster1,14.5116,Cx2Cx16Cx2C-LLLL,89.21,0.9711,0.4395,0.1840,0.1990,19.260,/Users/stetef/Documents/SLAC/pdb-scraper/data/large-cys-his-datasets/4cys-large/output/xyz_files/3u6o_ZN_homo_d2.60_cluster1.xyz,179.28,15.773,,-93.36,17.293,,92.89,15.900,,178.01,16.777,
3u6p_ZN_homo_d2.60_cluster1,5,#c49c94,1,3u6p_ZN_homo_d2.60_cluster1,14.6828,Cx2Cx16Cx2C-LLLL,88.43,0.9784,0.4401,0.1930,0.2050,16.880,/Users/stetef/Documents/SLAC/pdb-scraper/data/large-cys-his-datasets/4cys-large/output/xyz_files/3u6p_ZN_homo_d2.60_cluster1.xyz,178.39,15.523,,-94.99,17.193,,93.32,15.137,,177.02,16.440,
3u6q_ZN_homo_d2.60_cluster1,5,#c49c94,1,3u6q_ZN_homo_d2.60_cluster1,14.4948,Cx2Cx16Cx2C-LLLL,86.84,0.9671,0.4403,0.2030,0.2330,26.720,/Users/stetef/Documents/SLAC/pdb-scraper/data/large-cys-his-datasets/4cys-large/output/xyz_files/3u6q_ZN_homo_d2.60_cluster1.xyz,-95.92,22.973,,176.14,25.650,,90.76,27.230,,176.39,25.527,
3u6s_ZN_homo_d2.60_cluster1,2,#2ca02c,1,3u6s_ZN_homo_d2.60_cluster1,14.8163,Cx2Cx16Cx2C-LLLL,89.51,0.9753,0.4438,0.1800,0.1940,16.670,/Users/stetef/Documents/SLAC/pdb-scraper/data/large-cys-his-datasets/4cys-large/output/xyz_files/3u6s_ZN_homo_d2.60_cluster1.xyz,179.24,13.847,,-93.80,15.717,,178.35,15.530,,94.26,14.933,
3ufs_ZN_homo_d2.60_cluster1,5,#c49c94,1,3ufs_ZN_homo_d2.60_cluster1,20.0451,Cx4C-Cx4C-LL-LL,43.45,0.9665,0.3372,0.1950,0.2330,38.410,/Users/stetef/Documents/SLAC/pdb-scraper/data/large-cys-his-datasets/4cys-large/output/xyz_files/3ufs_ZN_homo_d2.60_cluster1.xyz,151.23,48.837,,150.44,45.477,,-58.02,41.583,,-69.84,42.983,
3ufu_ZN_homo_d2.60_cluster1,1,#ff7f0e,1,3ufu_ZN_homo_d2.60_cluster1,19.8687,Cx4C-Cx4C-LL-LL,42.89,0.9693,0.3209,0.1770,0.2090,31.350,/Users/stetef/Documents/SLAC/pdb-scraper/data/large-cys-his-datasets/4cys-large/output/xyz_files/3ufu_ZN_homo_d2.60_cluster1.xyz,-63.56,35.227,,153.51,41.840,,151.43,37.837,,-69.84,33.583,
3ufw_ZN_homo_d2.60_cluster1,4,#9467bd,1,3ufw_ZN_homo_d2.60_cluster1,19.6957,Cx4C-Cx4C-LL-LL,43.27,0.9572,0.3282,0.1980,0.2440,44.190,/Users/stetef/Documents/SLAC/pdb-scraper/data/large-cys-his-datasets/4cys-large/output/xyz_files/3ufw_ZN_homo_d2.60_cluster1.xyz,150.71,54.110,,-69.45,46.603,,-60.18,45.630,,152.01,49.687,
3uko_ZN_homo_d2.60_cluster1_altlocLIGA,3,#d62728,1,3uko_ZN_homo_d2.60_cluster1_altlocLIGA,28.7131,Cx2Cx2Cx7C-LHHL,-6.21,0.9837,0.8040,0.1830,0.2340,20.800,/Users/stetef/Documents/SLAC/pdb-scraper/data/large-cys-his-datasets/4cys-large/output/xyz_files/3uko_ZN_homo_d2.60_cluster1_altlocLIGA.xyz,92.26,24.157,,-108.03,20.820,,66.83,20.203,,-75.90,21.350,
3uko_ZN_homo_d2.60_cluster1_altlocLIGB,0,#1f77b4,1,3uko_ZN_homo_d2.60_cluster1_altlocLIGB,27.9794,Cx2Cx2Cx7C-LHHL,-4.36,0.9718,0.8042,0.1830,0.2340,20.800,/Users/stetef/Documents/SLAC/pdb-scraper/data/large-cys-his-datasets/4cys-large/output/xyz_files/3uko_ZN_homo_d2.60_cluster1_altlocLIGB.xyz,-68.50,21.350,,92.26,24.157,,-108.03,20.820,,66.83,20.203,
3uko_ZN_homo_d2.60_cluster3_altlocLIGA,0,#1f77b4,1,3uko_ZN_homo_d2.60_cluster3_altlocLIGA,29.4222,Cx2Cx2Cx7C-LHHL,-8.52,0.9856,0.8082,0.1830,0.2340,21.490,/Users/stetef/Documents/SLAC/pdb-scraper/data/large-cys-his-datasets/4cys-large/output/xyz_files/3uko_ZN_homo_d2.60_cluster3_altlocLIGA.xyz,69.36,19.917,,-84.61,23.148,,94.03,22.720,,-112.87,20.780,
3uko_ZN_homo_d2.60_cluster3_altlocLIGB,3,#d62728,1,3uko_ZN_homo_d2.60_cluster3_altlocLIGB,29.0573,Cx2Cx2Cx7C-LHHL,-5.07,0.9761,0.8054,0.1830,0.2340,21.490,/Users/stetef/Documents/SLAC/pdb-scraper/data/large-cys-his-datasets/4cys-large/output/xyz_files/3uko_ZN_homo_d2.60_cluster3_altlocLIGB.xyz,69.36,19.917,,-70.80,23.148,,94.03,22.720,,-112.87,20.780,
3v43_ZN_homo_d2.60_cluster1,5,#c49c94,1,3v43_ZN_homo_d2.60_cluster1,8.7259,Cx2Cx22Cx2C-LLLL,63.20,0.9924,0.4601,0.1540,0.1760,10.830,/Users/stetef/Documents/SLAC/pdb-scraper/data/large-cys-his-datasets/4cys-large/output/xyz_files/3v43_ZN_homo_d2.60_cluster1.xyz,-105.36,13.997,,86.37,11.947,,177.53,10.447,,94.27,10.147,
3v43_ZN_homo_d2.60_cluster3,0,#1f77b4,1,3v43_ZN_homo_d2.60_cluster3,17.0979,Cx2Cx25Cx2C-LLLL,60.79,0.9957,0.4879,0.1540,0.1760,14.470,/Users/stetef/Documents/SLAC/pdb-scraper/data/large-cys-his-datasets/4cys-large/output/xyz_files/3v43_ZN_homo_d2.60_cluster3.xyz,93.78,15.853,,-119.37,14.607,,93.68,12.677,,175.07,12.300,
3v6c_ZN_homo_d2.60_cluster1,1,#ff7f0e,1,3v6c_ZN_homo_d2.60_cluster1,8.2188,Cx2Cx47Cx2C-SLLL,2.30,0.9965,0.4550,0.1780,0.2200,22.470,/Users/stetef/Documents/SLAC/pdb-scraper/data/large-cys-his-datasets/4cys-large/output/xyz_files/3v6c_ZN_homo_d2.60_cluster1.xyz,-178.49,24.403,,96.43,18.350,,-84.96,33.307,,176.22,19.020,
3vd6_ZN_homo_d2.60_cluster1,0,#1f77b4,1,3vd6_ZN_homo_d2.60_cluster1,18.4263,Cx2Cx17Cx2C-LLHH,59.62,0.9837,0.5164,0.2200,0.2470,44.860,/Users/stetef/Documents/SLAC/pdb-scraper/data/large-cys-his-datasets/4cys-large/output/xyz_files/3vd6_ZN_homo_d2.60_cluster1.xyz,178.87,42.010,,89.92,39.630,,93.77,50.327,,-124.09,42.617,
3vd6_ZN_homo_d2.60_cluster2,8,#dbdb8d,1,3vd6_ZN_homo_d2.60_cluster2,16.6393,Cx2Cx17Cx2C-LLHH,-29.60,0.9872,0.4917,0.2200,0.2470,47.480,/Users/stetef/Documents/SLAC/pdb-scraper/data/large-cys-his-datasets/4cys-large/output/xyz_files/3vd6_ZN_homo_d2.60_cluster2.xyz,91.88,56.700,,-122.61,45.930,,90.60,41.847,,-178.27,52.070,
3vh3_ZN_homo_d2.60_cluster1,2,#2ca02c,1,3vh3_ZN_homo_d2.60_cluster1,3.9348,Cx2Cx80Cx2C-LLLL,-9.62,0.9541,0.4350,0.2320,0.2570,41.950,/Users/stetef/Documents/SLAC/pdb-scraper/data/large-cys-his-datasets/4cys-large/output/xyz_files/3vh3_ZN_homo_d2.60_cluster1.xyz,-29.92,38.817,,-172.91,42.763,,87.14,41.380,,77.22,38.217,
3vk6_ZN_homo_d2.60_cluster2,7,#c7c7c7,1,3vk6_ZN_homo_d2.60_cluster2,9.8779,Cx2Cx17Cx2C-LLSH,81.26,0.9953,0.4748,0.2220,0.2420,32.140,/Users/stetef/Documents/SLAC/pdb-scraper/data/large-cys-his-datasets/4cys-large/output/xyz_files/3vk6_ZN_homo_d2.60_cluster2.xyz,95.99,33.283,,167.20,31.777,,175.36,31.667,,-113.52,36.290,
3vth_ZN_homo_d2.60_cluster1,8,#dbdb8d,1,3vth_ZN_homo_d2.60_cluster1,13.2518,Cx2Cx18Cx2C-HHLL,39.59,0.9625,0.4976,0.2110,0.2380,27.740,/Users/stetef/Documents/SLAC/pdb-scraper/data/large-cys-his-datasets/4cys-large/output/xyz_files/3vth_ZN_homo_d2.60_cluster1.xyz,-111.50,29.323,,89.40,29.177,,100.16,25.927,,80.29,27.980,
3vth_ZN_homo_d2.60_cluster2,3,#d62728,1,3vth_ZN_homo_d2.60_cluster2,9.9265,Cx2Cx18Cx2C-HHLL,40.37,0.9828,0.4703,0.2110,0.2380,35.940,/Users/stetef/Documents/SLAC/pdb-scraper/data/large-cys-his-datasets/4cys-large/output/xyz_files/3vth_ZN_homo_d2.60_cluster2.xyz,84.43,34.827,,-114.31,32.890,,99.25,34.647,,92.11,37.713,
3vth_ZN_homo_d2.60_cluster3,8,#dbdb8d,1,3vth_ZN_homo_d2.60_cluster3,12.2928,Cx2Cx18Cx2C-HHLL,38.36,0.9669,0.4610,0.2110,0.2380,97.430,/Users/stetef/Documents/SLAC/pdb-scraper/data/large-cys-his-datasets/4cys-large/output/xyz_files/3vth_ZN_homo_d2.60_cluster3.xyz,75.38,101.997,,-118.83,103.300,,99.78,96.340,,97.11,92.893,
3vuw_ZN_homo_d2.60_cluster1,1,#ff7f0e,1,3vuw_ZN_homo_d2.60_cluster1,20.3434,Cx4Cx11Cx2C-LLHH,-8.58,0.9744,0.4560,0.1800,0.2220,24.550,/Users/stetef/Documents/SLAC/pdb-scraper/data/large-cys-his-datasets/4cys-large/output/xyz_files/3vuw_ZN_homo_d2.60_cluster1.xyz,-126.45,21.630,,174.53,22.960,,-176.87,22.320,,94.47,20.180,
3vuw_ZN_homo_d2.60_cluster2,6,#f7b6d2,1,3vuw_ZN_homo_d2.60_cluster2,20.8686,Cx4Cx11Cx2C-LLHH,79.80,0.9764,0.4676,0.1800,0.2220,28.620,/Users/stetef/Documents/SLAC/pdb-scraper/data/large-cys-his-datasets/4cys-large/output/xyz_files/3vuw_ZN_homo_d2.60_cluster2.xyz,-127.67,28.557,,178.81,28.463,,167.38,25.483,,100.68,30.123,
3vuw_ZN_homo_d2.60_cluster3,7,#c7c7c7,1,3vuw_ZN_homo_d2.60_cluster3,20.8919,Cx4Cx11Cx2C-LLHH,-8.83,0.9909,0.4628,0.1800,0.2220,29.720,/Users/stetef/Documents/SLAC/pdb-scraper/data/large-cys-his-datasets/4cys-large/output/xyz_files/3vuw_ZN_homo_d2.60_cluster3.xyz,-175.83,32.347,,169.68,26.727,,92.56,25.297,,-121.71,26.783,
3vux_ZN_homo_d2.60_cluster1,7,#c7c7c7,1,3vux_ZN_homo_d2.60_cluster1,21.3877,Cx4Cx11Cx2C-LLHH,-10.54,0.9668,0.4547,0.1670,0.2030,19.280,/Users/stetef/Documents/SLAC/pdb-scraper/data/large-cys-his-datasets/4cys-large/output/xyz_files/3vux_ZN_homo_d2.60_cluster1.xyz,169.62,19.927,,-178.66,19.940,,95.44,18.447,,-128.57,20.257,
3vux_ZN_homo_d2.60_cluster2,7,#c7c7c7,1,3vux_ZN_homo_d2.60_cluster2,22.3383,Cx4Cx11Cx2C-LLHH,-9.79,0.9682,0.4711,0.1670,0.2030,21.270,/Users/stetef/Documents/SLAC/pdb-scraper/data/large-cys-his-datasets/4cys-large/output/xyz_files/3vux_ZN_homo_d2.60_cluster2.xyz,171.58,20.310,,-129.90,21.497,,-179.60,20.183,,98.77,16.530,
3vux_ZN_homo_d2.60_cluster3,7,#c7c7c7,1,3vux_ZN_homo_d2.60_cluster3,21.2751,Cx4Cx11Cx2C-LLHH,77.78,0.9627,0.4730,0.1670,0.2030,20.710,/Users/stetef/Documents/SLAC/pdb-scraper/data/large-cys-his-datasets/4cys-large/output/xyz_files/3vux_ZN_homo_d2.60_cluster3.xyz,168.75,19.820,,179.95,22.673,,88.03,22.553,,-125.60,21.420,
3vuy_ZN_homo_d2.60_cluster1,3,#d62728,1,3vuy_ZN_homo_d2.60_cluster1,21.9980,Cx4Cx11Cx2C-LLHH,77.51,0.9325,0.4777,0.2180,0.2550,27.380,/Users/stetef/Documents/SLAC/pdb-scraper/data/large-cys-his-datasets/4cys-large/output/xyz_files/3vuy_ZN_homo_d2.60_cluster1.xyz,162.67,25.480,,176.46,26.980,,-130.10,28.080,,101.01,28.370,
3vuy_ZN_homo_d2.60_cluster2,3,#d62728,1,3vuy_ZN_homo_d2.60_cluster2,23.1119,Cx4Cx11Cx2C-LLHH,76.67,0.9341,0.4798,0.2180,0.2550,34.470,/Users/stetef/Documents/SLAC/pdb-scraper/data/large-cys-his-datasets/4cys-large/output/xyz_files/3vuy_ZN_homo_d2.60_cluster2.xyz,159.57,31.597,,175.19,36.560,,102.64,36.837,,-130.74,34.943,
3vuy_ZN_homo_d2.60_cluster3,3,#d62728,1,3vuy_ZN_homo_d2.60_cluster3,23.3389,Cx4Cx11Cx2C-LLHH,79.36,0.9428,0.4941,0.2180,0.2550,34.560,/Users/stetef/Documents/SLAC/pdb-scraper/data/large-cys-his-datasets/4cys-large/output/xyz_files/3vuy_ZN_homo_d2.60_cluster3.xyz,162.34,33.277,,179.63,34.840,,-127.79,34.373,,103.25,30.527,
3w0f_ZN_homo_d2.60_cluster1,3,#d62728,1,3w0f_ZN_homo_d2.60_cluster1,19.7851,Cx2Cx18Cx2C-LLLL,-5.47,0.9225,0.5126,0.1970,0.2350,54.170,/Users/stetef/Documents/SLAC/pdb-scraper/data/large-cys-his-datasets/4cys-large/output/xyz_files/3w0f_ZN_homo_d2.60_cluster1.xyz,-178.78,40.860,,-99.10,52.980,,175.79,51.853,,80.22,61.700,
3wg7_ZN_homo_d2.60_cluster1,6,#f7b6d2,1,3wg7_ZN_homo_d2.60_cluster1,2.2567,Cx1Cx19Cx2C-SLLL,111.34,0.9838,0.4742,0.1960,0.2300,19.000,/Users/stetef/Documents/SLAC/pdb-scraper/data/large-cys-his-datasets/4cys-large/output/xyz_files/3wg7_ZN_homo_d2.60_cluster1.xyz,58.30,18.253,,172.54,18.803,,93.49,18.537,,121.04,19.107,
3wg7_ZN_homo_d2.60_cluster2,5,#c49c94,1,3wg7_ZN_homo_d2.60_cluster2,2.5177,Cx1Cx19Cx2C-SLLL,114.86,0.9948,0.4710,0.1960,0.2300,18.180,/Users/stetef/Documents/SLAC/pdb-scraper/data/large-cys-his-datasets/4cys-large/output/xyz_files/3wg7_ZN_homo_d2.60_cluster2.xyz,173.19,16.217,,65.72,16.560,,88.78,17.343,,131.73,15.793,
3wwl_ZN_homo_d2.60_cluster1,5,#c49c94,1,3wwl_ZN_homo_d2.60_cluster1,0.6666,Cx2Cx16Cx2C-LLLL,137.47,0.9992,0.4675,0.1460,0.1550,11.370,/Users/stetef/Documents/SLAC/pdb-scraper/data/large-cys-his-datasets/4cys-large/output/xyz_files/3wwl_ZN_homo_d2.60_cluster1.xyz,97.37,11.623,,96.30,12.663,,178.77,9.887,,177.43,10.810,
3wwn_ZN_homo_d2.60_cluster1,3,#d62728,1,3wwn_ZN_homo_d2.60_cluster1,2.6758,Cx2Cx16Cx2C-LLLL,133.09,0.9945,0.4731,0.1790,0.2130,27.080,/Users/stetef/Documents/SLAC/pdb-scraper/data/large-cys-his-datasets/4cys-large/output/xyz_files/3wwn_ZN_homo_d2.60_cluster1.xyz,94.19,28.413,,173.07,28.127,,93.24,28.367,,171.87,29.137,
3wx1_ZN_homo_d2.60_cluster1,2,#2ca02c,1,3wx1_ZN_homo_d2.60_cluster1,10.1522,Cx2Cx64Cx2C-SLSL,132.07,0.9541,0.4862,0.1910,0.2120,33.150,/Users/stetef/Documents/SLAC/pdb-scraper/data/large-cys-his-datasets/4cys-large/output/xyz_files/3wx1_ZN_homo_d2.60_cluster1.xyz,168.29,33.740,,96.14,34.227,,93.25,34.633,,170.62,30.933,
3wx1_ZN_homo_d2.60_cluster2,5,#c49c94,1,3wx1_ZN_homo_d2.60_cluster2,9.0622,Cx2Cx64Cx2C-SLSL,131.51,0.9673,0.4914,0.1910,0.2120,40.010,/Users/stetef/Documents/SLAC/pdb-scraper/data/large-cys-his-datasets/4cys-large/output/xyz_files/3wx1_ZN_homo_d2.60_cluster2.xyz,166.31,38.337,,93.59,46.277,,95.89,41.537,,170.25,33.963,
3wx2_ZN_homo_d2.60_cluster1,2,#2ca02c,1,3wx2_ZN_homo_d2.60_cluster1,10.6504,Cx2Cx64Cx2C-SLSL,130.90,0.9508,0.4927,0.1970,0.2250,32.060,/Users/stetef/Documents/SLAC/pdb-scraper/data/large-cys-his-datasets/4cys-large/output/xyz_files/3wx2_ZN_homo_d2.60_cluster1.xyz,95.53,32.617,,162.52,30.580,,93.65,33.240,,171.91,28.313,
3wx2_ZN_homo_d2.60_cluster2,7,#c7c7c7,1,3wx2_ZN_homo_d2.60_cluster2,9.7079,Cx2Cx64Cx2C-SLSL,130.83,0.9615,0.4948,0.1970,0.2250,37.950,/Users/stetef/Documents/SLAC/pdb-scraper/data/large-cys-his-datasets/4cys-large/output/xyz_files/3wx2_ZN_homo_d2.60_cluster2.xyz,94.58,40.433,,161.16,35.790,,97.48,45.497,,170.11,32.617,
3x2q_ZN_homo_d2.60_cluster1,6,#f7b6d2,1,3x2q_ZN_homo_d2.60_cluster1,2.7969,Cx1Cx19Cx2C-SLLL,111.92,0.9921,0.4713,0.1880,0.2140,35.160,/Users/stetef/Documents/SLAC/pdb-scraper/data/large-cys-his-datasets/4cys-large/output/xyz_files/3x2q_ZN_homo_d2.60_cluster1.xyz,173.82,33.467,,128.73,33.250,,59.51,35.920,,85.63,34.370,
3x2q_ZN_homo_d2.60_cluster2,1,#ff7f0e,1,3x2q_ZN_homo_d2.60_cluster2,2.5602,Cx1Cx19Cx2C-SLLL,116.95,0.9906,0.4746,0.1880,0.2140,40.000,/Users/stetef/Documents/SLAC/pdb-scraper/data/large-cys-his-datasets/4cys-large/output/xyz_files/3x2q_ZN_homo_d2.60_cluster2.xyz,93.24,38.317,,65.98,40.183,,176.92,38.350,,131.64,36.883,
3zgo_ZN_homo_d2.60_cluster1,2,#2ca02c,1,3zgo_ZN_homo_d2.60_cluster1,17.1373,Cx4Cx20Cx2C-SLLL,-25.02,0.9743,0.5139,0.1680,0.1950,25.980,/Users/stetef/Documents/SLAC/pdb-scraper/data/large-cys-his-datasets/4cys-large/output/xyz_files/3zgo_ZN_homo_d2.60_cluster1.xyz,-179.66,24.647,,-160.09,21.780,,89.70,28.823,,149.97,29.997,
3zgo_ZN_homo_d2.60_cluster2,8,#dbdb8d,1,3zgo_ZN_homo_d2.60_cluster2,16.0393,Cx4Cx20Cx2C-SLLL,-21.40,0.9742,0.5138,0.1680,0.1950,39.490,/Users/stetef/Documents/SLAC/pdb-scraper/data/large-cys-his-datasets/4cys-large/output/xyz_files/3zgo_ZN_homo_d2.60_cluster2.xyz,-169.18,30.350,,149.92,36.683,,95.00,37.767,,-161.34,30.247,
3zgo_ZN_homo_d2.60_cluster3,8,#dbdb8d,1,3zgo_ZN_homo_d2.60_cluster3,17.6697,Cx4Cx20Cx2C-SLLL,67.35,0.9674,0.5236,0.1680,0.1950,12.810,/Users/stetef/Documents/SLAC/pdb-scraper/data/large-cys-his-datasets/4cys-large/output/xyz_files/3zgo_ZN_homo_d2.60_cluster3.xyz,159.39,15.700,,-160.59,12.267,,90.62,16.007,,179.99,11.690,
3zli_ZN_homo_d2.60_cluster1,3,#d62728,1,3zli_ZN_homo_d2.60_cluster1,16.0127,Cx2Cx23Cx2C-LLHH,58.66,0.9930,0.4959,0.1770,0.2040,27.410,/Users/stetef/Documents/SLAC/pdb-scraper/data/large-cys-his-datasets/4cys-large/output/xyz_files/3zli_ZN_homo_d2.60_cluster1.xyz,178.26,25.897,,87.93,24.290,,92.46,28.760,,-124.00,27.720,
3zli_ZN_homo_d2.60_cluster2,3,#d62728,1,3zli_ZN_homo_d2.60_cluster2,16.0947,Cx2Cx23Cx2C-LLHH,59.70,0.9950,0.4837,0.1770,0.2040,29.110,/Users/stetef/Documents/SLAC/pdb-scraper/data/large-cys-his-datasets/4cys-large/output/xyz_files/3zli_ZN_homo_d2.60_cluster2.xyz,88.56,26.663,,178.90,28.130,,-121.30,26.817,,92.65,28.900,
3zpo_ZN_homo_d2.60_cluster1,2,#2ca02c,1,3zpo_ZN_homo_d2.60_cluster1,17.1846,Cx2Cx23Cx2C-LLHH,60.15,0.9946,0.5006,0.1790,0.2100,28.380,/Users/stetef/Documents/SLAC/pdb-scraper/data/large-cys-his-datasets/4cys-large/output/xyz_files/3zpo_ZN_homo_d2.60_cluster1.xyz,176.34,26.440,,90.47,25.753,,94.39,31.490,,-120.59,27.680,
3zpo_ZN_homo_d2.60_cluster2,3,#d62728,1,3zpo_ZN_homo_d2.60_cluster2,17.2745,Cx2Cx23Cx2C-LLHH,61.18,0.9913,0.5006,0.1790,0.2100,27.290,/Users/stetef/Documents/SLAC/pdb-scraper/data/large-cys-his-datasets/4cys-large/output/xyz_files/3zpo_ZN_homo_d2.60_cluster2.xyz,91.18,25.253,,177.51,25.220,,95.18,28.730,,-119.15,25.720,
3zvs_ZN_homo_d2.60_cluster2,2,#2ca02c,1,3zvs_ZN_homo_d2.60_cluster2,17.5855,Cx3Cx18Cx2C-LLHH,-87.77,0.9975,0.4822,0.1440,0.1640,11.640,/Users/stetef/Documents/SLAC/pdb-scraper/data/large-cys-his-datasets/4cys-large/output/xyz_files/3zvs_ZN_homo_d2.60_cluster2.xyz,-110.10,12.840,,91.49,11.140,,-170.55,10.553,,-161.92,10.887,
3zvs_ZN_homo_d2.60_cluster4,2,#2ca02c,1,3zvs_ZN_homo_d2.60_cluster4,17.9298,Cx3Cx18Cx2C-LLHH,-86.50,0.9985,0.4830,0.1440,0.1640,11.950,/Users/stetef/Documents/SLAC/pdb-scraper/data/large-cys-his-datasets/4cys-large/output/xyz_files/3zvs_ZN_homo_d2.60_cluster4.xyz,96.22,10.457,,-112.34,13.477,,-164.43,10.710,,-165.43,11.253,
3zvs_ZN_homo_d2.60_cluster6,5,#c49c94,1,3zvs_ZN_homo_d2.60_cluster6,17.7027,Cx3Cx18Cx2C-LLHH,-88.55,0.9952,0.4853,0.1440,0.1640,11.720,/Users/stetef/Documents/SLAC/pdb-scraper/data/large-cys-his-datasets/4cys-large/output/xyz_files/3zvs_ZN_homo_d2.60_cluster6.xyz,-110.49,12.340,,-162.75,10.360,,94.63,10.840,,-175.60,11.537,
3zvy_ZN_homo_d2.60_cluster1_altlocLIGA,5,#c49c94,1,3zvy_ZN_homo_d2.60_cluster1_altlocLIGA,3.1487,Cx2Cx7Cx2C-LLLL,132.10,0.9874,0.4917,0.1840,0.2270,52.150,/Users/stetef/Documents/SLAC/pdb-scraper/data/large-cys-his-datasets/4cys-large/output/xyz_files/3zvy_ZN_homo_d2.60_cluster1_altlocLIGA.xyz,99.13,41.460,,171.45,35.333,,98.40,41.413,,159.43,55.167,
3zvy_ZN_homo_d2.60_cluster1_altlocLIGB,5,#c49c94,1,3zvy_ZN_homo_d2.60_cluster1_altlocLIGB,3.1487,Cx2Cx7Cx2C-LLLL,132.10,0.9874,0.4917,0.1840,0.2270,52.150,/Users/stetef/Documents/SLAC/pdb-scraper/data/large-cys-his-datasets/4cys-large/output/xyz_files/3zvy_ZN_homo_d2.60_cluster1_altlocLIGB.xyz,99.13,41.460,,171.45,35.333,,98.40,41.413,,159.43,55.167,
3zvy_ZN_homo_d2.60_cluster3,5,#c49c94,1,3zvy_ZN_homo_d2.60_cluster3,14.1870,Cx2Cx23Cx2C-LLLL,63.26,0.9911,0.4937,0.1840,0.2270,51.320,/Users/stetef/Documents/SLAC/pdb-scraper/data/large-cys-his-datasets/4cys-large/output/xyz_files/3zvy_ZN_homo_d2.60_cluster3.xyz,93.07,33.540,,-115.21,45.523,,95.61,40.797,,179.59,36.837,
3zvy_ZN_homo_d2.60_cluster5,5,#c49c94,1,3zvy_ZN_homo_d2.60_cluster5,4.6298,Cx2Cx7Cx2C-LLLL,130.77,0.9888,0.4979,0.1840,0.2270,51.420,/Users/stetef/Documents/SLAC/pdb-scraper/data/large-cys-his-datasets/4cys-large/output/xyz_files/3zvy_ZN_homo_d2.60_cluster5.xyz,97.95,37.267,,94.35,40.307,,174.69,34.510,,156.08,49.183,
3zvy_ZN_homo_d2.60_cluster7,5,#c49c94,1,3zvy_ZN_homo_d2.60_cluster7,14.0343,Cx2Cx23Cx2C-LLLL,62.17,0.9875,0.5075,0.1840,0.2270,54.520,/Users/stetef/Documents/SLAC/pdb-scraper/data/large-cys-his-datasets/4cys-large/output/xyz_files/3zvy_ZN_homo_d2.60_cluster7.xyz,94.37,36.233,,178.89,37.320,,90.00,50.830,,-114.60,46.860,
3zvz_ZN_homo_d2.60_cluster2,0,#1f77b4,1,3zvz_ZN_homo_d2.60_cluster2,16.1919,Cx2Cx23Cx2C-LLLL,62.43,0.9926,0.5174,0.1710,0.1970,30.880,/Users/stetef/Documents/SLAC/pdb-scraper/data/large-cys-his-datasets/4cys-large/output/xyz_files/3zvz_ZN_homo_d2.60_cluster2.xyz,-118.29,35.730,,177.06,24.707,,95.16,31.663,,95.81,26.677,
3zyq_ZN_homo_d2.60_cluster1,3,#d62728,1,3zyq_ZN_homo_d2.60_cluster1,19.3779,Cx2Cx20Cx2C-LLLL,60.17,0.9894,0.5228,0.1670,0.2150,16.580,/Users/stetef/Documents/SLAC/pdb-scraper/data/large-cys-his-datasets/4cys-large/output/xyz_files/3zyq_ZN_homo_d2.60_cluster1.xyz,-120.66,17.527,,90.29,14.650,,94.37,18.143,,176.67,13.160,
3zyq_ZN_homo_d2.60_cluster2,1,#ff7f0e,1,3zyq_ZN_homo_d2.60_cluster2,16.2685,Cx2Cx26Cx2C-LLHH,56.90,0.9674,0.5146,0.1670,0.2150,15.650,/Users/stetef/Documents/SLAC/pdb-scraper/data/large-cys-his-datasets/4cys-large/output/xyz_files/3zyq_ZN_homo_d2.60_cluster2.xyz,170.91,12.273,,-130.19,16.833,,96.22,15.350,,90.68,15.720,
4a2c_ZN_homo_d2.60_cluster1,9,#9edae5,1,4a2c_ZN_homo_d2.60_cluster1,32.5078,Cx2Cx2Cx7C-LHHH,-12.95,0.9789,0.8166,0.2160,0.2730,19.410,/Users/stetef/Documents/SLAC/pdb-scraper/data/large-cys-his-datasets/4cys-large/output/xyz_files/4a2c_ZN_homo_d2.60_cluster1.xyz,-109.16,20.980,,94.90,22.557,,63.33,29.487,,-100.88,16.940,
4a2c_ZN_homo_d2.60_cluster2,5,#c49c94,1,4a2c_ZN_homo_d2.60_cluster2,30.1677,Cx2Cx2Cx7C-LHHH,-14.51,0.9771,0.7932,0.2160,0.2730,21.710,/Users/stetef/Documents/SLAC/pdb-scraper/data/large-cys-his-datasets/4cys-large/output/xyz_files/4a2c_ZN_homo_d2.60_cluster2.xyz,91.82,22.527,,65.22,27.533,,-116.73,20.980,,-98.35,21.343,
4a2v_ZN_homo_d2.60_cluster1,2,#2ca02c,1,4a2v_ZN_homo_d2.60_cluster1,13.5774,Cx2Cx50Cx4C-SLSL,64.85,0.9912,0.5228,0.1740,0.1940,7.660,/Users/stetef/Documents/SLAC/pdb-scraper/data/large-cys-his-datasets/4cys-large/output/xyz_files/4a2v_ZN_homo_d2.60_cluster1.xyz,93.65,8.790,,164.90,9.723,,-174.90,7.697,,175.73,7.247,
4a46_ZN_homo_d2.60_cluster1,5,#c49c94,1,4a46_ZN_homo_d2.60_cluster1,8.2503,Cx2C-Cx2C-HH-HH,18.54,0.9677,0.4822,0.1940,0.2430,17.220,/Users/stetef/Documents/SLAC/pdb-scraper/data/large-cys-his-datasets/4cys-large/output/xyz_files/4a46_ZN_homo_d2.60_cluster1.xyz,83.75,15.733,,-40.80,15.497,,82.54,18.867,,-51.34,16.970,
4a46_ZN_homo_d2.60_cluster2,5,#c49c94,1,4a46_ZN_homo_d2.60_cluster2,8.7067,Cx2C-Cx2C-HH-HH,11.38,0.9694,0.4798,0.1940,0.2430,17.830,/Users/stetef/Documents/SLAC/pdb-scraper/data/large-cys-his-datasets/4cys-large/output/xyz_files/4a46_ZN_homo_d2.60_cluster2.xyz,80.62,16.180,,-61.33,17.933,,81.17,17.653,,-54.93,16.923,
4adn_ZN_homo_d2.60_cluster1,3,#d62728,1,4adn_ZN_homo_d2.60_cluster1,6.5958,Cx2Cx28Cx5C-LLSH,27.34,0.9746,0.5001,0.1650,0.2020,15.400,/Users/stetef/Documents/SLAC/pdb-scraper/data/large-cys-his-datasets/4cys-large/output/xyz_files/4adn_ZN_homo_d2.60_cluster1.xyz,-59.81,14.613,,-101.04,15.543,,97.46,18.030,,172.75,14.250,
4adn_ZN_homo_d2.60_cluster2,3,#d62728,1,4adn_ZN_homo_d2.60_cluster2,6.9828,Cx2Cx28Cx5C-LLSH,25.85,0.9778,0.5029,0.1650,0.2020,14.440,/Users/stetef/Documents/SLAC/pdb-scraper/data/large-cys-his-datasets/4cys-large/output/xyz_files/4adn_ZN_homo_d2.60_cluster2.xyz,-103.13,13.753,,-61.56,13.250,,94.59,14.283,,173.48,13.237,
4ask_ZN_homo_d2.60_cluster1,5,#c49c94,1,4ask_ZN_homo_d2.60_cluster1,19.2670,Cx2Cx23Cx2C-LLHH,60.24,0.9823,0.4953,0.1660,0.2090,23.020,/Users/stetef/Documents/SLAC/pdb-scraper/data/large-cys-his-datasets/4cys-large/output/xyz_files/4ask_ZN_homo_d2.60_cluster1.xyz,178.25,20.990,,93.05,23.807,,-124.07,21.843,,93.72,19.997,
4ask_ZN_homo_d2.60_cluster2,2,#2ca02c,1,4ask_ZN_homo_d2.60_cluster2,18.6900,Cx2Cx23Cx2C-LLHH,59.65,0.9769,0.4847,0.1660,0.2090,24.830,/Users/stetef/Documents/SLAC/pdb-scraper/data/large-cys-his-datasets/4cys-large/output/xyz_files/4ask_ZN_homo_d2.60_cluster2.xyz,177.39,23.093,,92.86,22.247,,95.15,24.263,,-126.80,25.367,
4avx_ZN_homo_d2.60_cluster1,0,#1f77b4,1,4avx_ZN_homo_d2.60_cluster1,15.8192,Cx2Cx26Cx2C-LLHH,54.03,0.9646,0.5114,0.1840,0.2310,13.020,/Users/stetef/Documents/SLAC/pdb-scraper/data/large-cys-his-datasets/4cys-large/output/xyz_files/4avx_ZN_homo_d2.60_cluster1.xyz,-133.94,14.050,,166.35,10.510,,96.64,12.290,,87.09,14.833,
4avx_ZN_homo_d2.60_cluster2,3,#d62728,1,4avx_ZN_homo_d2.60_cluster2,18.8667,Cx2Cx20Cx2C-LLHH,56.57,0.9952,0.5005,0.1840,0.2310,21.710,/Users/stetef/Documents/SLAC/pdb-scraper/data/large-cys-his-datasets/4cys-large/output/xyz_files/4avx_ZN_homo_d2.60_cluster2.xyz,-128.36,18.000,,89.31,28.890,,174.56,19.333,,90.75,16.027,
4axq_ZN_homo_d2.60_cluster1,3,#d62728,1,4axq_ZN_homo_d2.60_cluster1,19.5632,Cx3Cx18Cx2C-LLHH,-87.30,0.9947,0.5009,0.1650,0.1860,14.760,/Users/stetef/Documents/SLAC/pdb-scraper/data/large-cys-his-datasets/4cys-large/output/xyz_files/4axq_ZN_homo_d2.60_cluster1.xyz,-111.33,14.137,,-163.80,13.290,,-169.06,17.123,,94.98,14.627,
4ayc_ZN_homo_d2.60_cluster2,0,#1f77b4,1,4ayc_ZN_homo_d2.60_cluster2,17.7942,Cx2Cx16Cx2C-LLSH,-1.90,0.9823,0.5284,0.2010,0.2290,29.760,/Users/stetef/Documents/SLAC/pdb-scraper/data/large-cys-his-datasets/4cys-large/output/xyz_files/4ayc_ZN_homo_d2.60_cluster2.xyz,-154.21,29.800,,99.29,30.983,,-114.68,26.073,,161.99,30.070,
4ayc_ZN_homo_d2.60_cluster4,0,#1f77b4,1,4ayc_ZN_homo_d2.60_cluster4,17.9585,Cx2Cx16Cx2C-LLSH,-0.26,0.9757,0.5328,0.2010,0.2290,37.770,/Users/stetef/Documents/SLAC/pdb-scraper/data/large-cys-his-datasets/4cys-large/output/xyz_files/4ayc_ZN_homo_d2.60_cluster4.xyz,-156.71,36.937,,100.30,41.143,,165.72,36.767,,-110.36,34.810,
4bn4_ZN_homo_d2.60_cluster1,8,#dbdb8d,1,4bn4_ZN_homo_d2.60_cluster1,9.6140,Cx2Cx20Cx2C-SLLL,47.05,0.9603,0.4776,0.1400,0.1800,30.280,/Users/stetef/Documents/SLAC/pdb-scraper/data/large-cys-his-datasets/4cys-large/output/xyz_files/4bn4_ZN_homo_d2.60_cluster1.xyz,93.13,38.320,,90.21,47.550,,179.22,33.550,,-174.36,29.610,
4buz_ZN_homo_d2.60_cluster1,6,#f7b6d2,1,4buz_ZN_homo_d2.60_cluster1,11.3364,Cx2Cx20Cx2C-SLLL,129.00,0.9556,0.4651,0.1610,0.1940,37.210,/Users/stetef/Documents/SLAC/pdb-scraper/data/large-cys-his-datasets/4cys-large/output/xyz_files/4buz_ZN_homo_d2.60_cluster1.xyz,173.42,31.020,,84.00,38.427,,177.34,27.660,,81.24,39.880,
4bv3_ZN_homo_d2.60_cluster1,2,#2ca02c,1,4bv3_ZN_homo_d2.60_cluster1,7.8775,Cx2Cx20Cx2C-SLLL,47.51,0.9612,0.4726,0.1650,0.2090,26.590,/Users/stetef/Documents/SLAC/pdb-scraper/data/large-cys-his-datasets/4cys-large/output/xyz_files/4bv3_ZN_homo_d2.60_cluster1.xyz,96.68,30.683,,174.67,24.073,,93.22,29.110,,-174.54,21.150,
4bvb_ZN_homo_d2.60_cluster1,3,#d62728,1,4bvb_ZN_homo_d2.60_cluster1,6.6228,Cx2Cx20Cx2C-SLLL,43.92,0.9665,0.4727,0.1730,0.2320,26.850,/Users/stetef/Documents/SLAC/pdb-scraper/data/large-cys-his-datasets/4cys-large/output/xyz_files/4bvb_ZN_homo_d2.60_cluster1.xyz,174.74,26.923,,85.39,31.247,,85.78,26.303,,-170.22,19.573,
4bvh_ZN_homo_d2.60_cluster1,0,#1f77b4,1,4bvh_ZN_homo_d2.60_cluster1,8.8924,Cx2Cx20Cx2C-SLLL,-43.00,0.9263,0.4760,0.1740,0.2260,42.730,/Users/stetef/Documents/SLAC/pdb-scraper/data/large-cys-his-datasets/4cys-large/output/xyz_files/4bvh_ZN_homo_d2.60_cluster1.xyz,-172.57,42.090,,93.90,42.783,,77.49,48.547,,-170.82,39.647,
4bvh_ZN_homo_d2.60_cluster2,3,#d62728,1,4bvh_ZN_homo_d2.60_cluster2,6.4422,Cx2Cx20Cx2C-SLLL,46.23,0.7201,0.4505,0.1740,0.2260,87.180,/Users/stetef/Documents/SLAC/pdb-scraper/data/large-cys-his-datasets/4cys-large/output/xyz_files/4bvh_ZN_homo_d2.60_cluster2.xyz,166.50,55.137,,-163.54,49.763,,113.79,63.873,,68.15,55.150,
4bvh_ZN_homo_d2.60_cluster3,3,#d62728,1,4bvh_ZN_homo_d2.60_cluster3,8.3818,Cx2Cx20Cx2C-SLLL,-44.73,0.9585,0.4800,0.1740,0.2260,27.540,/Users/stetef/Documents/SLAC/pdb-scraper/data/large-cys-his-datasets/4cys-large/output/xyz_files/4bvh_ZN_homo_d2.60_cluster3.xyz,-178.10,27.130,,92.32,29.840,,85.56,30.343,,-178.70,23.280,
4c39_ZN_homo_d2.60_cluster1,5,#c49c94,1,4c39_ZN_homo_d2.60_cluster1,19.5604,Cx4C-Cx4C-LL-LL,41.70,0.9653,0.3227,0.1830,0.2280,35.930,/Users/stetef/Documents/SLAC/pdb-scraper/data/large-cys-his-datasets/4cys-large/output/xyz_files/4c39_ZN_homo_d2.60_cluster1.xyz,148.40,44.980,,-63.11,38.490,,152.31,41.660,,-70.82,38.597,
4c78_ZN_homo_d2.60_cluster1,8,#dbdb8d,1,4c78_ZN_homo_d2.60_cluster1,10.1402,Cx2Cx20Cx2C-SLLL,45.78,0.9409,0.4755,0.1960,0.2410,43.770,/Users/stetef/Documents/SLAC/pdb-scraper/data/large-cys-his-datasets/4cys-large/output/xyz_files/4c78_ZN_homo_d2.60_cluster1.xyz,91.09,53.307,,-178.08,44.297,,93.22,52.173,,176.87,52.107,
4cam_ZN_homo_d2.60_cluster1,7,#c7c7c7,1,4cam_ZN_homo_d2.60_cluster1,20.4525,Cx4C-Cx4C-LL-LL,42.78,0.9721,0.3385,0.1960,0.2300,36.900,/Users/stetef/Documents/SLAC/pdb-scraper/data/large-cys-his-datasets/4cys-large/output/xyz_files/4cam_ZN_homo_d2.60_cluster1.xyz,-62.48,39.380,,151.95,45.307,,-70.19,40.290,,151.84,44.013,
4can_ZN_homo_d2.60_cluster1,5,#c49c94,1,4can_ZN_homo_d2.60_cluster1,19.9796,Cx4C-Cx4C-LL-LL,43.21,0.9723,0.3286,0.1980,0.2390,43.250,/Users/stetef/Documents/SLAC/pdb-scraper/data/large-cys-his-datasets/4cys-large/output/xyz_files/4can_ZN_homo_d2.60_cluster1.xyz,151.45,49.560,,-67.02,43.997,,156.66,51.193,,-68.25,45.870,
4cao_ZN_homo_d2.60_cluster1,2,#2ca02c,1,4cao_ZN_homo_d2.60_cluster1,21.0380,Cx4C-Cx4C-LL-LL,42.94,0.9798,0.3330,0.1980,0.2360,40.680,/Users/stetef/Documents/SLAC/pdb-scraper/data/large-cys-his-datasets/4cys-large/output/xyz_files/4cao_ZN_homo_d2.60_cluster1.xyz,153.08,52.427,,-64.84,43.337,,-68.62,45.220,,152.15,48.443,
4caq_ZN_homo_d2.60_cluster1,7,#c7c7c7,1,4caq_ZN_homo_d2.60_cluster1,20.4971,Cx4C-Cx4C-LL-LL,41.15,0.9766,0.3341,0.1880,0.2280,38.540,/Users/stetef/Documents/SLAC/pdb-scraper/data/large-cys-his-datasets/4cys-large/output/xyz_files/4caq_ZN_homo_d2.60_cluster1.xyz,-68.51,41.337,,151.04,45.990,,150.70,48.390,,-68.65,41.477,
4cdt_ZN_homo_d2.60_cluster1,7,#c7c7c7,1,4cdt_ZN_homo_d2.60_cluster1,21.4737,Cx4C-Cx4C-LL-LL,46.01,0.9848,0.3408,0.1990,0.2470,40.220,/Users/stetef/Documents/SLAC/pdb-scraper/data/large-cys-his-datasets/4cys-large/output/xyz_files/4cdt_ZN_homo_d2.60_cluster1.xyz,155.63,46.163,,-71.08,41.137,,-62.77,41.597,,162.24,42.037,
4cft_ZN_homo_d2.60_cluster1,7,#c7c7c7,1,4cft_ZN_homo_d2.60_cluster1,19.9939,Cx4C-Cx4C-LL-LL,39.64,0.9779,0.3031,0.1660,0.1920,40.830,/Users/stetef/Documents/SLAC/pdb-scraper/data/large-cys-his-datasets/4cys-large/output/xyz_files/4cft_ZN_homo_d2.60_cluster1.xyz,-75.09,43.023,,153.36,42.953,,-75.73,42.593,,156.03,45.143,
4cn5_ZN_homo_d2.60_cluster1,7,#c7c7c7,1,4cn5_ZN_homo_d2.60_cluster1,19.6309,Cx2Cx13Cx2C-LLHH,59.16,0.9781,0.4579,0.1710,0.2270,20.710,/Users/stetef/Documents/SLAC/pdb-scraper/data/large-cys-his-datasets/4cys-large/output/xyz_files/4cn5_ZN_homo_d2.60_cluster1.xyz,87.52,16.850,,-112.04,16.460,,88.49,22.290,,172.67,18.270,
4cn5_ZN_homo_d2.60_cluster2,5,#c49c94,1,4cn5_ZN_homo_d2.60_cluster2,31.7281,Cx5Cx9Cx2C-LLHH,-37.77,0.9836,0.6172,0.1710,0.2270,34.360,/Users/stetef/Documents/SLAC/pdb-scraper/data/large-cys-his-datasets/4cys-large/output/xyz_files/4cn5_ZN_homo_d2.60_cluster2.xyz,-114.67,33.883,,178.27,22.343,,-109.81,22.903,,-104.88,33.023,
4cn5_ZN_homo_d2.60_cluster3,2,#2ca02c,1,4cn5_ZN_homo_d2.60_cluster3,18.8027,Cx2Cx13Cx2C-LLHH,59.49,0.9959,0.4810,0.1710,0.2270,34.110,/Users/stetef/Documents/SLAC/pdb-scraper/data/large-cys-his-datasets/4cys-large/output/xyz_files/4cn5_ZN_homo_d2.60_cluster3.xyz,-114.80,27.970,,85.20,26.593,,92.38,36.507,,175.17,32.330,
4cn5_ZN_homo_d2.60_cluster4,5,#c49c94,1,4cn5_ZN_homo_d2.60_cluster4,30.5868,Cx5Cx9Cx2C-LLHH,-30.24,0.9863,0.6025,0.1710,0.2270,62.970,/Users/stetef/Documents/SLAC/pdb-scraper/data/large-cys-his-datasets/4cys-large/output/xyz_files/4cn5_ZN_homo_d2.60_cluster4.xyz,178.37,51.203,,-110.39,50.853,,-94.03,62.313,,-94.89,62.820,
4cos_ZN_homo_d2.60_cluster3,3,#d62728,1,4cos_ZN_homo_d2.60_cluster3,11.4203,Cx2Cx20Cx2C-LLHH,-27.99,0.9953,0.4517,0.1780,0.2100,28.470,/Users/stetef/Documents/SLAC/pdb-scraper/data/large-cys-his-datasets/4cys-large/output/xyz_files/4cos_ZN_homo_d2.60_cluster3.xyz,86.39,32.013,,87.17,30.927,,-172.99,32.350,,-112.51,32.940,
4ctq_ZN_homo_d2.60_cluster1,1,#ff7f0e,1,4ctq_ZN_homo_d2.60_cluster1,19.9109,Cx4C-Cx4C-LL-LL,40.11,0.9737,0.3251,0.1880,0.2250,41.920,/Users/stetef/Documents/SLAC/pdb-scraper/data/large-cys-his-datasets/4cys-large/output/xyz_files/4ctq_ZN_homo_d2.60_cluster1.xyz,145.83,48.707,,-65.20,43.860,,152.23,52.690,,-72.43,46.377,
4ctv_ZN_homo_d2.60_cluster1,5,#c49c94,1,4ctv_ZN_homo_d2.60_cluster1,19.7441,Cx4C-Cx4C-LL-LL,41.55,0.9656,0.3338,0.2020,0.2390,39.210,/Users/stetef/Documents/SLAC/pdb-scraper/data/large-cys-his-datasets/4cys-large/output/xyz_files/4ctv_ZN_homo_d2.60_cluster1.xyz,-65.16,41.913,,155.85,46.530,,149.07,44.433,,-73.56,41.510,
4ctw_ZN_homo_d2.60_cluster1,5,#c49c94,1,4ctw_ZN_homo_d2.60_cluster1,19.6577,Cx4C-Cx4C-LL-LL,41.80,0.9778,0.3294,0.1910,0.2280,26.290,/Users/stetef/Documents/SLAC/pdb-scraper/data/large-cys-his-datasets/4cys-large/output/xyz_files/4ctw_ZN_homo_d2.60_cluster1.xyz,149.46,33.093,,-60.17,27.763,,151.66,31.560,,-73.75,29.900,
4ctx_ZN_homo_d2.60_cluster1,7,#c7c7c7,1,4ctx_ZN_homo_d2.60_cluster1,19.8613,Cx4C-Cx4C-LL-LL,37.88,0.9696,0.3200,0.1880,0.2270,37.430,/Users/stetef/Documents/SLAC/pdb-scraper/data/large-cys-his-datasets/4cys-large/output/xyz_files/4ctx_ZN_homo_d2.60_cluster1.xyz,-71.48,38.600,,-78.64,38.740,,150.02,42.907,,151.62,39.787,
4cu1_ZN_homo_d2.60_cluster1,2,#2ca02c,1,4cu1_ZN_homo_d2.60_cluster1,18.9489,Cx4C-Cx4C-LL-LL,42.43,0.9843,0.2811,0.1710,0.2050,37.790,/Users/stetef/Documents/SLAC/pdb-scraper/data/large-cys-his-datasets/4cys-large/output/xyz_files/4cu1_ZN_homo_d2.60_cluster1.xyz,154.43,39.690,,-73.74,39.137,,-72.42,39.847,,161.44,42.297,
4cx3_ZN_homo_d2.60_cluster1,7,#c7c7c7,1,4cx3_ZN_homo_d2.60_cluster1,20.1906,Cx4C-Cx4C-LL-LL,43.20,0.9696,0.3287,0.1770,0.2090,29.720,/Users/stetef/Documents/SLAC/pdb-scraper/data/large-cys-his-datasets/4cys-large/output/xyz_files/4cx3_ZN_homo_d2.60_cluster1.xyz,152.99,41.237,,-61.64,32.520,,-67.72,33.310,,149.18,39.097,
4cx4_ZN_homo_d2.60_cluster1,5,#c49c94,1,4cx4_ZN_homo_d2.60_cluster1,20.4486,Cx4C-Cx4C-LL-LL,42.76,0.9714,0.3330,0.1770,0.2120,32.570,/Users/stetef/Documents/SLAC/pdb-scraper/data/large-cys-his-datasets/4cys-large/output/xyz_files/4cx4_ZN_homo_d2.60_cluster1.xyz,153.23,42.947,,-62.47,35.213,,147.70,41.873,,-67.43,35.730,
4cx5_ZN_homo_d2.60_cluster1,7,#c7c7c7,1,4cx5_ZN_homo_d2.60_cluster1,19.9468,Cx4C-Cx4C-LL-LL,41.05,0.9735,0.3126,0.1920,0.2260,30.050,/Users/stetef/Documents/SLAC/pdb-scraper/data/large-cys-his-datasets/4cys-large/output/xyz_files/4cx5_ZN_homo_d2.60_cluster1.xyz,-67.98,30.950,,151.63,36.803,,-70.39,31.390,,150.94,34.390,
4cx6_ZN_homo_d2.60_cluster1,5,#c49c94,1,4cx6_ZN_homo_d2.60_cluster1,19.8786,Cx4C-Cx4C-LL-LL,42.59,0.9680,0.3277,0.1860,0.2170,29.720,/Users/stetef/Documents/SLAC/pdb-scraper/data/large-cys-his-datasets/4cys-large/output/xyz_files/4cx6_ZN_homo_d2.60_cluster1.xyz,150.48,37.733,,-64.30,33.930,,150.79,36.330,,-66.59,33.827,
4d1o_ZN_homo_d2.60_cluster1,3,#d62728,1,4d1o_ZN_homo_d2.60_cluster1,19.6331,Cx4C-Cx4C-LL-LL,40.73,0.9812,0.2901,0.1570,0.1920,19.270,/Users/stetef/Documents/SLAC/pdb-scraper/data/large-cys-his-datasets/4cys-large/output/xyz_files/4d1o_ZN_homo_d2.60_cluster1.xyz,-72.20,18.877,,154.14,19.273,,-72.50,19.667,,153.48,22.403,
4d1p_ZN_homo_d2.60_cluster1,1,#ff7f0e,1,4d1p_ZN_homo_d2.60_cluster1,19.6846,Cx4C-Cx4C-LL-LL,40.74,0.9857,0.2860,0.1580,0.1870,18.780,/Users/stetef/Documents/SLAC/pdb-scraper/data/large-cys-his-datasets/4cys-large/output/xyz_files/4d1p_ZN_homo_d2.60_cluster1.xyz,-71.08,18.150,,-73.61,17.910,,153.17,21.193,,154.49,20.183,
4d2y_ZN_homo_d2.60_cluster1,1,#ff7f0e,1,4d2y_ZN_homo_d2.60_cluster1,21.0899,Cx4C-Cx4C-LL-LL,44.80,0.9719,0.3423,0.1720,0.2080,38.260,/Users/stetef/Documents/SLAC/pdb-scraper/data/large-cys-his-datasets/4cys-large/output/xyz_files/4d2y_ZN_homo_d2.60_cluster1.xyz,-65.36,39.970,,152.64,48.370,,153.90,45.620,,-61.99,39.307,
4d2z_ZN_homo_d2.60_cluster1,5,#c49c94,1,4d2z_ZN_homo_d2.60_cluster1,19.7378,Cx4C-Cx4C-LL-LL,41.11,0.9718,0.3219,0.1800,0.2270,28.880,/Users/stetef/Documents/SLAC/pdb-scraper/data/large-cys-his-datasets/4cys-large/output/xyz_files/4d2z_ZN_homo_d2.60_cluster1.xyz,145.95,39.727,,152.69,37.550,,-67.59,30.480,,-66.60,27.817,
4d30_ZN_homo_d2.60_cluster1,5,#c49c94,1,4d30_ZN_homo_d2.60_cluster1,19.8991,Cx4C-Cx4C-LL-LL,41.31,0.9598,0.3288,0.1840,0.2350,24.950,/Users/stetef/Documents/SLAC/pdb-scraper/data/large-cys-his-datasets/4cys-large/output/xyz_files/4d30_ZN_homo_d2.60_cluster1.xyz,148.59,26.977,,146.47,29.527,,-66.10,27.427,,-63.71,22.277,
4d31_ZN_homo_d2.60_cluster1,1,#ff7f0e,1,4d31_ZN_homo_d2.60_cluster1,21.3942,Cx4C-Cx4C-LL-LL,44.05,0.9617,0.3501,0.2010,0.2410,40.870,/Users/stetef/Documents/SLAC/pdb-scraper/data/large-cys-his-datasets/4cys-large/output/xyz_files/4d31_ZN_homo_d2.60_cluster1.xyz,152.32,49.990,,-65.56,41.580,,-66.79,43.533,,156.25,45.917,
4d39_ZN_homo_d2.60_cluster1,7,#c7c7c7,1,4d39_ZN_homo_d2.60_cluster1,19.5675,Cx4C-Cx4C-LL-LL,40.24,0.9800,0.3029,0.1750,0.2220,39.390,/Users/stetef/Documents/SLAC/pdb-scraper/data/large-cys-his-datasets/4cys-large/output/xyz_files/4d39_ZN_homo_d2.60_cluster1.xyz,-74.17,33.377,,-72.00,39.800,,155.19,37.020,,151.92,47.883,
4d3b_ZN_homo_d2.60_cluster1,1,#ff7f0e,1,4d3b_ZN_homo_d2.60_cluster1,19.9300,Cx4C-Cx4C-LL-LL,41.95,0.9533,0.3338,0.1880,0.2260,19.010,/Users/stetef/Documents/SLAC/pdb-scraper/data/large-cys-his-datasets/4cys-large/output/xyz_files/4d3b_ZN_homo_d2.60_cluster1.xyz,-60.80,24.050,,150.89,23.060,,143.59,27.477,,-65.86,23.233,
4d7o_ZN_homo_d2.60_cluster1,7,#c7c7c7,1,4d7o_ZN_homo_d2.60_cluster1,20.3725,Cx4C-Cx4C-LL-LL,46.31,0.9606,0.3425,0.1810,0.2090,27.080,/Users/stetef/Documents/SLAC/pdb-scraper/data/large-cys-his-datasets/4cys-large/output/xyz_files/4d7o_ZN_homo_d2.60_cluster1.xyz,154.61,34.220,,-63.57,30.713,,-61.35,29.860,,155.55,33.997,
4dl9_ZN_homo_d2.60_cluster2,0,#1f77b4,1,4dl9_ZN_homo_d2.60_cluster2,28.1518,Cx2Cx2Cx7C-LLLL,-5.31,0.9720,0.8095,0.1830,0.2180,25.870,/Users/stetef/Documents/SLAC/pdb-scraper/data/large-cys-his-datasets/4cys-large/output/xyz_files/4dl9_ZN_homo_d2.60_cluster2.xyz,-81.16,22.980,,99.74,30.633,,-104.01,26.007,,64.18,23.727,
4dl9_ZN_homo_d2.60_cluster4,0,#1f77b4,1,4dl9_ZN_homo_d2.60_cluster4,28.6395,Cx2Cx2Cx7C-LHHL,-3.98,0.9757,0.8203,0.1830,0.2180,27.790,/Users/stetef/Documents/SLAC/pdb-scraper/data/large-cys-his-datasets/4cys-large/output/xyz_files/4dl9_ZN_homo_d2.60_cluster4.xyz,-83.90,26.330,,104.86,28.077,,-105.73,25.800,,68.87,25.270,
4dwv_ZN_homo_d2.60_cluster2,1,#ff7f0e,1,4dwv_ZN_homo_d2.60_cluster2,28.7530,Cx2Cx2Cx7C-LHHL,-4.18,0.9774,0.8045,0.1240,0.1440,12.120,/Users/stetef/Documents/SLAC/pdb-scraper/data/large-cys-his-datasets/4cys-large/output/xyz_files/4dwv_ZN_homo_d2.60_cluster2.xyz,-64.28,10.987,,-110.35,12.183,,92.15,13.843,,65.77,13.483,
4dwv_ZN_homo_d2.60_cluster4,1,#ff7f0e,1,4dwv_ZN_homo_d2.60_cluster4,28.5705,Cx2Cx2Cx7C-LHHL,-5.44,0.9779,0.8043,0.1240,0.1440,15.720,/Users/stetef/Documents/SLAC/pdb-scraper/data/large-cys-his-datasets/4cys-large/output/xyz_files/4dwv_ZN_homo_d2.60_cluster4.xyz,-67.68,14.327,,64.82,18.033,,92.04,17.177,,-110.92,14.163,
4dxh_ZN_homo_d2.60_cluster2,7,#c7c7c7,1,4dxh_ZN_homo_d2.60_cluster2,28.7280,Cx2Cx2Cx7C-LHHL,-3.80,0.9783,0.8059,0.1270,0.1470,10.390,/Users/stetef/Documents/SLAC/pdb-scraper/data/large-cys-his-datasets/4cys-large/output/xyz_files/4dxh_ZN_homo_d2.60_cluster2.xyz,-67.45,9.630,,67.43,11.867,,93.77,11.920,,-108.95,10.143,
4dxh_ZN_homo_d2.60_cluster4,7,#c7c7c7,1,4dxh_ZN_homo_d2.60_cluster4,28.7380,Cx2Cx2Cx7C-LHHL,-3.69,0.9800,0.8023,0.1270,0.1470,13.680,/Users/stetef/Documents/SLAC/pdb-scraper/data/large-cys-his-datasets/4cys-large/output/xyz_files/4dxh_ZN_homo_d2.60_cluster4.xyz,-65.42,12.673,,-109.49,12.357,,92.58,15.677,,67.58,16.250,
4e2w_ZN_homo_d2.60_cluster1,9,#9edae5,1,4e2w_ZN_homo_d2.60_cluster1,8.2319,Cx2Cx37Cx2C-LLSL,43.87,0.9686,0.4679,0.1910,0.2280,13.860,/Users/stetef/Documents/SLAC/pdb-scraper/data/large-cys-his-datasets/4cys-large/output/xyz_files/4e2w_ZN_homo_d2.60_cluster1.xyz,94.75,13.057,,171.36,10.727,,84.21,14.147,,-174.82,10.480,
4e2x_ZN_homo_d2.60_cluster1,3,#d62728,1,4e2x_ZN_homo_d2.60_cluster1,8.6748,Cx2Cx37Cx2C-LLSL,41.80,0.9644,0.4734,0.2060,0.2360,12.190,/Users/stetef/Documents/SLAC/pdb-scraper/data/large-cys-his-datasets/4cys-large/output/xyz_files/4e2x_ZN_homo_d2.60_cluster1.xyz,79.03,12.560,,95.13,12.237,,170.94,10.343,,-177.91,12.013,
4e2y_ZN_homo_d2.60_cluster1,5,#c49c94,1,4e2y_ZN_homo_d2.60_cluster1,8.5707,Cx2Cx37Cx2C-LLSL,44.91,0.9644,0.4644,0.1780,0.2180,16.530,/Users/stetef/Documents/SLAC/pdb-scraper/data/large-cys-his-datasets/4cys-large/output/xyz_files/4e2y_ZN_homo_d2.60_cluster1.xyz,100.00,16.500,,80.82,16.963,,-178.59,14.633,,177.42,14.670,
4e2z_ZN_homo_d2.60_cluster1,6,#f7b6d2,1,4e2z_ZN_homo_d2.60_cluster1,8.8068,Cx2Cx37Cx2C-LLSL,43.33,0.9577,0.4666,0.1920,0.2170,17.290,/Users/stetef/Documents/SLAC/pdb-scraper/data/large-cys-his-datasets/4cys-large/output/xyz_files/4e2z_ZN_homo_d2.60_cluster1.xyz,93.19,17.357,,85.58,18.583,,172.17,14.817,,-177.63,14.367,
4e30_ZN_homo_d2.60_cluster1,3,#d62728,1,4e30_ZN_homo_d2.60_cluster1,8.2857,Cx2Cx37Cx2C-LLSL,41.72,0.9568,0.4675,0.1870,0.2180,20.840,/Users/stetef/Documents/SLAC/pdb-scraper/data/large-cys-his-datasets/4cys-large/output/xyz_files/4e30_ZN_homo_d2.60_cluster1.xyz,76.06,21.930,,93.80,22.120,,173.18,17.580,,-176.15,17.950,
4e31_ZN_homo_d2.60_cluster1,3,#d62728,1,4e31_ZN_homo_d2.60_cluster1,8.7520,Cx2Cx37Cx2C-LLSL,134.45,0.9657,0.4746,0.1670,0.2050,19.240,/Users/stetef/Documents/SLAC/pdb-scraper/data/large-cys-his-datasets/4cys-large/output/xyz_files/4e31_ZN_homo_d2.60_cluster1.xyz,99.68,19.227,,175.86,15.533,,176.55,16.573,,85.71,20.920,
4e32_ZN_homo_d2.60_cluster1,3,#d62728,1,4e32_ZN_homo_d2.60_cluster1,9.3405,Cx2Cx37Cx2C-LLSL,44.96,0.9691,0.4743,0.1840,0.2180,12.750,/Users/stetef/Documents/SLAC/pdb-scraper/data/large-cys-his-datasets/4cys-large/output/xyz_files/4e32_ZN_homo_d2.60_cluster1.xyz,92.33,13.413,,84.36,14.320,,178.49,11.543,,-175.35,10.653,
4e33_ZN_homo_d2.60_cluster1,0,#1f77b4,1,4e33_ZN_homo_d2.60_cluster1,8.4999,Cx2Cx37Cx2C-LLSL,44.55,0.9682,0.4672,0.1770,0.2130,14.090,/Users/stetef/Documents/SLAC/pdb-scraper/data/large-cys-his-datasets/4cys-large/output/xyz_files/4e33_ZN_homo_d2.60_cluster1.xyz,95.00,15.287,,175.57,13.580,,83.29,16.983,,-175.65,11.910,
4eez_ZN_homo_d2.60_cluster1,9,#9edae5,1,4eez_ZN_homo_d2.60_cluster1,30.5542,Cx2Cx2Cx7C-LHHH,-9.68,0.9828,0.8139,0.1680,0.2080,24.580,/Users/stetef/Documents/SLAC/pdb-scraper/data/large-cys-his-datasets/4cys-large/output/xyz_files/4eez_ZN_homo_d2.60_cluster1.xyz,-90.23,22.627,,97.05,21.500,,63.60,24.950,,-109.15,24.313,
4eez_ZN_homo_d2.60_cluster3,1,#ff7f0e,1,4eez_ZN_homo_d2.60_cluster3,30.1050,Cx2Cx2Cx7C-LHHH,-10.22,0.9788,0.8041,0.1680,0.2080,22.540,/Users/stetef/Documents/SLAC/pdb-scraper/data/large-cys-his-datasets/4cys-large/output/xyz_files/4eez_ZN_homo_d2.60_cluster3.xyz,-108.71,19.370,,93.90,21.390,,66.59,25.720,,-92.66,21.503,
4ej6_ZN_homo_d2.60_cluster1,0,#1f77b4,1,4ej6_ZN_homo_d2.60_cluster1,28.4573,Cx2Cx2Cx7C-LHHH,-6.66,0.9639,0.7904,0.1770,0.2020,31.440,/Users/stetef/Documents/SLAC/pdb-scraper/data/large-cys-his-datasets/4cys-large/output/xyz_files/4ej6_ZN_homo_d2.60_cluster1.xyz,92.79,33.880,,57.84,34.507,,-110.95,32.330,,-66.31,28.933,
4f4u_ZN_homo_d2.60_cluster1,0,#1f77b4,1,4f4u_ZN_homo_d2.60_cluster1,11.0506,Cx2Cx37Cx4C-SLLL,73.87,0.7077,0.4718,0.2200,0.2610,68.470,/Users/stetef/Documents/SLAC/pdb-scraper/data/large-cys-his-datasets/4cys-large/output/xyz_files/4f4u_ZN_homo_d2.60_cluster1.xyz,138.66,71.220,,157.41,78.463,,171.69,65.653,,-172.28,60.137,
4f4u_ZN_homo_d2.60_cluster2,8,#dbdb8d,1,4f4u_ZN_homo_d2.60_cluster2,12.1252,Cx2Cx37Cx4C-SLLL,-22.52,0.9374,0.5119,0.2200,0.2610,71.290,/Users/stetef/Documents/SLAC/pdb-scraper/data/large-cys-his-datasets/4cys-large/output/xyz_files/4f4u_ZN_homo_d2.60_cluster2.xyz,96.99,63.917,,-177.20,59.587,,169.13,77.110,,-179.00,53.467,
4f56_ZN_homo_d2.60_cluster1,5,#c49c94,1,4f56_ZN_homo_d2.60_cluster1,7.8042,Cx2Cx37Cx4C-SLLL,153.34,0.9901,0.4668,0.1720,0.2330,35.350,/Users/stetef/Documents/SLAC/pdb-scraper/data/large-cys-his-datasets/4cys-large/output/xyz_files/4f56_ZN_homo_d2.60_cluster1.xyz,178.12,26.467,,93.01,35.930,,179.02,30.187,,163.20,40.640,
4f56_ZN_homo_d2.60_cluster2,5,#c49c94,1,4f56_ZN_homo_d2.60_cluster2,9.0857,Cx2Cx37Cx4C-SLLL,-23.05,0.9853,0.5024,0.1720,0.2330,33.050,/Users/stetef/Documents/SLAC/pdb-scraper/data/large-cys-his-datasets/4cys-large/output/xyz_files/4f56_ZN_homo_d2.60_cluster2.xyz,93.64,35.930,,-174.56,30.693,,-172.71,24.420,,161.43,36.927,
4fvw_ZN_homo_d2.60_cluster1,7,#c7c7c7,1,4fvw_ZN_homo_d2.60_cluster1,20.7520,Cx4C-Cx4C-LL-LL,41.40,0.9712,0.3404,0.1830,0.2180,35.310,/Users/stetef/Documents/SLAC/pdb-scraper/data/large-cys-his-datasets/4cys-large/output/xyz_files/4fvw_ZN_homo_d2.60_cluster1.xyz,151.97,44.360,,-68.19,40.043,,150.90,41.750,,-69.07,36.987,
4fvx_ZN_homo_d2.60_cluster1,6,#f7b6d2,1,4fvx_ZN_homo_d2.60_cluster1,20.8833,Cx4C-Cx4C-LL-LL,42.25,0.9760,0.3297,0.1830,0.2210,37.610,/Users/stetef/Documents/SLAC/pdb-scraper/data/large-cys-his-datasets/4cys-large/output/xyz_files/4fvx_ZN_homo_d2.60_cluster1.xyz,152.38,49.570,,-64.92,40.793,,152.56,46.860,,-71.02,40.660,
4fvy_ZN_homo_d2.60_cluster1,5,#c49c94,1,4fvy_ZN_homo_d2.60_cluster1,20.4780,Cx4C-Cx4C-LL-LL,42.08,0.9707,0.3385,0.1850,0.2120,26.740,/Users/stetef/Documents/SLAC/pdb-scraper/data/large-cys-his-datasets/4cys-large/output/xyz_files/4fvy_ZN_homo_d2.60_cluster1.xyz,149.86,36.770,,-66.14,30.190,,-67.54,29.160,,152.16,34.917,
4fvz_ZN_homo_d2.60_cluster1,5,#c49c94,1,4fvz_ZN_homo_d2.60_cluster1,20.6838,Cx4C-Cx4C-LL-LL,41.92,0.9707,0.3488,0.2040,0.2450,48.240,/Users/stetef/Documents/SLAC/pdb-scraper/data/large-cys-his-datasets/4cys-large/output/xyz_files/4fvz_ZN_homo_d2.60_cluster1.xyz,151.29,58.667,,-66.23,52.007,,146.64,54.493,,-64.03,49.763,
4fw0_ZN_homo_d2.60_cluster1,7,#c7c7c7,1,4fw0_ZN_homo_d2.60_cluster1,20.3289,Cx4C-Cx4C-LL-LL,42.44,0.9673,0.3417,0.1960,0.2320,33.490,/Users/stetef/Documents/SLAC/pdb-scraper/data/large-cys-his-datasets/4cys-large/output/xyz_files/4fw0_ZN_homo_d2.60_cluster1.xyz,148.99,42.023,,152.73,43.407,,-65.41,36.487,,-66.54,37.267,
4fyy_ZN_homo_d2.60_cluster1,5,#c49c94,1,4fyy_ZN_homo_d2.60_cluster1,8.1794,Cx4Cx23Cx2C-LLSL,-8.53,0.9899,0.5024,0.1950,0.2370,25.980,/Users/stetef/Documents/SLAC/pdb-scraper/data/large-cys-his-datasets/4cys-large/output/xyz_files/4fyy_ZN_homo_d2.60_cluster1.xyz,90.88,29.103,,-164.40,26.990,,-137.78,27.513,,177.15,27.417,
4fyy_ZN_homo_d2.60_cluster2,5,#c49c94,1,4fyy_ZN_homo_d2.60_cluster2,7.9349,Cx4Cx23Cx2C-LLSL,-7.72,0.9875,0.5000,0.1950,0.2370,27.020,/Users/stetef/Documents/SLAC/pdb-scraper/data/large-cys-his-datasets/4cys-large/output/xyz_files/4fyy_ZN_homo_d2.60_cluster2.xyz,-165.94,26.930,,-135.40,28.537,,176.04,27.403,,94.42,27.323,
4g1c_ZN_homo_d2.60_cluster1,5,#c49c94,1,4g1c_ZN_homo_d2.60_cluster1,10.7820,Cx2Cx37Cx4C-SLLL,-24.45,0.9797,0.5095,0.1970,0.2420,41.410,/Users/stetef/Documents/SLAC/pdb-scraper/data/large-cys-his-datasets/4cys-large/output/xyz_files/4g1c_ZN_homo_d2.60_cluster1.xyz,83.09,36.983,,169.88,47.650,,-170.76,39.780,,-179.99,35.270,
4g1c_ZN_homo_d2.60_cluster2,0,#1f77b4,1,4g1c_ZN_homo_d2.60_cluster2,7.3767,Cx2Cx37Cx4C-SLLL,-24.79,0.9846,0.4546,0.1970,0.2420,44.270,/Users/stetef/Documents/SLAC/pdb-scraper/data/large-cys-his-datasets/4cys-large/output/xyz_files/4g1c_ZN_homo_d2.60_cluster2.xyz,87.72,48.873,,-174.47,45.730,,165.87,46.883,,-178.27,37.867,
4g4n_ZN_homo_d2.60_cluster1,5,#c49c94,1,4g4n_ZN_homo_d2.60_cluster1,14.2480,Cx2Cx16Cx2C-LLLL,0.06,0.9842,0.4428,0.1700,0.1960,17.900,/Users/stetef/Documents/SLAC/pdb-scraper/data/large-cys-his-datasets/4cys-large/output/xyz_files/4g4n_ZN_homo_d2.60_cluster1.xyz,-176.27,14.230,,-93.92,19.887,,91.74,15.733,,178.70,17.013,
4g4o_ZN_homo_d2.60_cluster1,2,#2ca02c,1,4g4o_ZN_homo_d2.60_cluster1,14.3673,Cx2Cx16Cx2C-LLLL,-0.03,0.9833,0.4528,0.1770,0.2110,19.150,/Users/stetef/Documents/SLAC/pdb-scraper/data/large-cys-his-datasets/4cys-large/output/xyz_files/4g4o_ZN_homo_d2.60_cluster1.xyz,93.04,18.347,,-178.22,17.800,,-93.69,19.647,,178.74,20.180,
4g4q_ZN_homo_d2.60_cluster1,7,#c7c7c7,1,4g4q_ZN_homo_d2.60_cluster1,14.1706,Cx2Cx16Cx2C-LLLL,89.16,0.9737,0.4328,0.1800,0.1980,21.210,/Users/stetef/Documents/SLAC/pdb-scraper/data/large-cys-his-datasets/4cys-large/output/xyz_files/4g4q_ZN_homo_d2.60_cluster1.xyz,-94.16,19.997,,179.24,20.337,,94.04,20.497,,177.52,19.867,
4g4r_ZN_homo_d2.60_cluster1,5,#c49c94,1,4g4r_ZN_homo_d2.60_cluster1,14.6012,Cx2Cx16Cx2C-LLLL,89.29,0.9775,0.4488,0.1740,0.2140,18.890,/Users/stetef/Documents/SLAC/pdb-scraper/data/large-cys-his-datasets/4cys-large/output/xyz_files/4g4r_ZN_homo_d2.60_cluster1.xyz,178.25,17.617,,177.10,18.460,,-93.11,18.223,,94.93,16.253,
4gl4_ZN_homo_d2.60_cluster1,6,#f7b6d2,1,4gl4_ZN_homo_d2.60_cluster1,28.4696,Cx2Cx2Cx7C-LHHL,-6.50,0.9802,0.8061,0.1980,0.2360,32.190,/Users/stetef/Documents/SLAC/pdb-scraper/data/large-cys-his-datasets/4cys-large/output/xyz_files/4gl4_ZN_homo_d2.60_cluster1.xyz,-107.92,34.517,,-80.64,33.090,,90.81,33.500,,71.73,34.143,
4gl4_ZN_homo_d2.60_cluster3,7,#c7c7c7,1,4gl4_ZN_homo_d2.60_cluster3,28.5747,Cx2Cx2Cx7C-LHHL,-5.57,0.9739,0.8163,0.1980,0.2360,27.870,/Users/stetef/Documents/SLAC/pdb-scraper/data/large-cys-his-datasets/4cys-large/output/xyz_files/4gl4_ZN_homo_d2.60_cluster3.xyz,71.78,35.997,,96.29,41.610,,-80.13,45.600,,-110.23,39.060,
4glx_ZN_homo_d2.60_cluster1,8,#dbdb8d,1,4glx_ZN_homo_d2.60_cluster1,9.0534,Cx2Cx14Cx5C-LLSH,-87.92,0.9532,0.4023,0.2030,0.2500,17.500,/Users/stetef/Documents/SLAC/pdb-scraper/data/large-cys-his-datasets/4cys-large/output/xyz_files/4glx_ZN_homo_d2.60_cluster1.xyz,-175.34,20.280,,-157.06,16.147,,-116.36,14.703,,97.06,21.813,
4gqe_ZN_homo_d2.60_cluster1,7,#c7c7c7,1,4gqe_ZN_homo_d2.60_cluster1,20.3716,Cx4C-Cx4C-LL-LL,41.61,0.9673,0.3301,0.1910,0.2220,34.840,/Users/stetef/Documents/SLAC/pdb-scraper/data/large-cys-his-datasets/4cys-large/output/xyz_files/4gqe_ZN_homo_d2.60_cluster1.xyz,149.83,45.127,,-64.48,40.260,,150.93,43.117,,-69.85,37.970,
4gut_ZN_homo_d2.60_cluster3,2,#2ca02c,1,4gut_ZN_homo_d2.60_cluster3,2.6175,Cx4Cx21Cx15C-LLLH,-9.17,0.9908,0.4968,0.1970,0.2070,44.350,/Users/stetef/Documents/SLAC/pdb-scraper/data/large-cys-his-datasets/4cys-large/output/xyz_files/4gut_ZN_homo_d2.60_cluster3.xyz,169.73,44.610,,68.54,49.130,,-172.99,35.763,,-101.97,39.980,
4hc9_ZN_homo_d2.60_cluster1,9,#9edae5,1,4hc9_ZN_homo_d2.60_cluster1,16.4632,Cx2Cx17Cx2C-LLHH,-29.48,0.9886,0.4864,0.1810,0.2160,13.950,/Users/stetef/Documents/SLAC/pdb-scraper/data/large-cys-his-datasets/4cys-large/output/xyz_files/4hc9_ZN_homo_d2.60_cluster1.xyz,-121.82,13.440,,90.15,12.847,,93.39,13.287,,-179.64,12.337,
4hc9_ZN_homo_d2.60_cluster2,3,#d62728,1,4hc9_ZN_homo_d2.60_cluster2,17.1709,Cx2Cx17Cx2C-LLHH,58.29,0.9759,0.4777,0.1810,0.2160,26.220,/Users/stetef/Documents/SLAC/pdb-scraper/data/large-cys-his-datasets/4cys-large/output/xyz_files/4hc9_ZN_homo_d2.60_cluster2.xyz,-127.68,25.423,,93.58,22.027,,174.58,25.477,,92.68,30.270,
4hn5_ZN_homo_d2.60_cluster1,5,#c49c94,1,4hn5_ZN_homo_d2.60_cluster1,18.5685,Cx2Cx13Cx2C-LLHH,57.35,0.9887,0.4715,0.2090,0.2350,30.420,/Users/stetef/Documents/SLAC/pdb-scraper/data/large-cys-his-datasets/4cys-large/output/xyz_files/4hn5_ZN_homo_d2.60_cluster1.xyz,84.07,32.133,,177.17,31.010,,-118.89,31.373,,87.06,34.973,
4hn5_ZN_homo_d2.60_cluster2,2,#2ca02c,1,4hn5_ZN_homo_d2.60_cluster2,30.9241,Cx5Cx9Cx2C-LLHH,-32.35,0.9885,0.6419,0.2090,0.2350,25.720,/Users/stetef/Documents/SLAC/pdb-scraper/data/large-cys-his-datasets/4cys-large/output/xyz_files/4hn5_ZN_homo_d2.60_cluster2.xyz,180.00,26.333,,-111.25,26.637,,-110.88,23.933,,-87.26,28.687,
4hn5_ZN_homo_d2.60_cluster3,3,#d62728,1,4hn5_ZN_homo_d2.60_cluster3,30.8271,Cx5Cx9Cx2C-LLHH,-121.88,0.9889,0.6226,0.2090,0.2350,26.700,/Users/stetef/Documents/SLAC/pdb-scraper/data/large-cys-his-datasets/4cys-large/output/xyz_files/4hn5_ZN_homo_d2.60_cluster3.xyz,-179.67,26.727,,-84.77,26.330,,-108.76,27.773,,-114.31,27.943,
4hn5_ZN_homo_d2.60_cluster4,6,#f7b6d2,1,4hn5_ZN_homo_d2.60_cluster4,18.0723,Cx2Cx13Cx2C-LLHH,59.29,0.9903,0.4633,0.2090,0.2350,37.480,/Users/stetef/Documents/SLAC/pdb-scraper/data/large-cys-his-datasets/4cys-large/output/xyz_files/4hn5_ZN_homo_d2.60_cluster4.xyz,-119.85,36.250,,89.14,41.313,,91.43,39.010,,176.45,41.380,
4hsu_ZN_homo_d2.60_cluster2,5,#c49c94,1,4hsu_ZN_homo_d2.60_cluster2,27.0978,Cx7Cx18Cx2C-LLSH,19.35,0.9771,0.6858,0.2010,0.2320,40.510,/Users/stetef/Documents/SLAC/pdb-scraper/data/large-cys-his-datasets/4cys-large/output/xyz_files/4hsu_ZN_homo_d2.60_cluster2.xyz,-115.97,40.827,,176.28,38.813,,-70.45,41.843,,87.53,37.560,
4hsu_ZN_homo_d2.60_cluster3,5,#c49c94,1,4hsu_ZN_homo_d2.60_cluster3,4.0542,Cx4Cx21Cx15C-LLLH,-9.82,0.9911,0.5042,0.2010,0.2320,39.210,/Users/stetef/Documents/SLAC/pdb-scraper/data/large-cys-his-datasets/4cys-large/output/xyz_files/4hsu_ZN_homo_d2.60_cluster3.xyz,167.03,39.527,,-171.13,33.187,,67.75,41.973,,-102.93,35.093,
4hvc_ZN_homo_d2.60_cluster1,3,#d62728,1,4hvc_ZN_homo_d2.60_cluster1,8.7606,Cx4Cx41Cx1C-LHLL,-11.66,0.7647,0.3991,0.2050,0.2270,73.100,/Users/stetef/Documents/SLAC/pdb-scraper/data/large-cys-his-datasets/4cys-large/output/xyz_files/4hvc_ZN_homo_d2.60_cluster1.xyz,-168.31,81.023,,146.04,84.797,,83.91,79.480,,-108.29,88.747,
4i1f_ZN_homo_d2.60_cluster3,5,#c49c94,1,4i1f_ZN_homo_d2.60_cluster3,14.5702,Cx2Cx18Cx2C-LLSH,56.15,0.9860,0.4987,0.2070,0.2450,17.380,/Users/stetef/Documents/SLAC/pdb-scraper/data/large-cys-his-datasets/4cys-large/output/xyz_files/4i1f_ZN_homo_d2.60_cluster3.xyz,173.64,14.353,,-124.22,15.560,,83.95,16.273,,91.22,20.940,
4i1f_ZN_homo_d2.60_cluster5,3,#d62728,1,4i1f_ZN_homo_d2.60_cluster5,12.2320,Cx4Cx14Cx7C-LLLL,65.90,0.9936,0.5145,0.2070,0.2450,26.840,/Users/stetef/Documents/SLAC/pdb-scraper/data/large-cys-his-datasets/4cys-large/output/xyz_files/4i1f_ZN_homo_d2.60_cluster5.xyz,175.63,22.493,,92.07,30.713,,169.49,27.747,,-173.59,29.680,
4i1f_ZN_homo_d2.60_cluster7,5,#c49c94,1,4i1f_ZN_homo_d2.60_cluster7,8.3630,Cx2Cx14Cx4C-LLLL,65.27,0.9899,0.4971,0.2070,0.2450,28.110,/Users/stetef/Documents/SLAC/pdb-scraper/data/large-cys-his-datasets/4cys-large/output/xyz_files/4i1f_ZN_homo_d2.60_cluster7.xyz,167.58,27.633,,173.01,22.570,,88.00,30.707,,-167.51,22.877,
4i1h_ZN_homo_d2.60_cluster2,7,#c7c7c7,1,4i1h_ZN_homo_d2.60_cluster2,11.6371,Cx2Cx26Cx4C-SLSL,67.07,0.9962,0.5152,0.1820,0.2150,28.710,/Users/stetef/Documents/SLAC/pdb-scraper/data/large-cys-his-datasets/4cys-large/output/xyz_files/4i1h_ZN_homo_d2.60_cluster2.xyz,-157.55,26.120,,96.35,31.973,,168.82,22.050,,160.66,37.180,
4i1h_ZN_homo_d2.60_cluster3,5,#c49c94,1,4i1h_ZN_homo_d2.60_cluster3,15.5126,Cx2Cx18Cx2C-LLSH,58.00,0.9848,0.5120,0.1820,0.2150,12.240,/Users/stetef/Documents/SLAC/pdb-scraper/data/large-cys-his-datasets/4cys-large/output/xyz_files/4i1h_ZN_homo_d2.60_cluster3.xyz,95.98,13.457,,90.68,11.300,,-124.93,13.373,,170.28,10.453,
4i1h_ZN_homo_d2.60_cluster5,7,#c7c7c7,1,4i1h_ZN_homo_d2.60_cluster5,13.4146,Cx4Cx14Cx7C-LLLL,63.30,0.9870,0.5305,0.1820,0.2150,21.120,/Users/stetef/Documents/SLAC/pdb-scraper/data/large-cys-his-datasets/4cys-large/output/xyz_files/4i1h_ZN_homo_d2.60_cluster5.xyz,-179.84,21.707,,177.35,25.750,,92.09,29.927,,163.60,24.433,
4i1h_ZN_homo_d2.60_cluster7,4,#9467bd,1,4i1h_ZN_homo_d2.60_cluster7,8.7698,Cx2Cx14Cx4C-LLLL,65.64,0.9861,0.5038,0.1820,0.2150,17.470,/Users/stetef/Documents/SLAC/pdb-scraper/data/large-cys-his-datasets/4cys-large/output/xyz_files/4i1h_ZN_homo_d2.60_cluster7.xyz,165.12,18.843,,-166.55,15.323,,177.29,14.910,,86.68,17.790,
4i51_ZN_homo_d2.60_cluster1,0,#1f77b4,1,4i51_ZN_homo_d2.60_cluster1,6.9435,Cx12Cx29Cx3C-LHLL,37.89,0.9731,0.5108,0.1710,0.1950,21.140,/Users/stetef/Documents/SLAC/pdb-scraper/data/large-cys-his-datasets/4cys-large/output/xyz_files/4i51_ZN_homo_d2.60_cluster1.xyz,68.57,19.303,,137.45,18.527,,-141.37,19.447,,86.90,21.497,
4i51_ZN_homo_d2.60_cluster2,2,#2ca02c,1,4i51_ZN_homo_d2.60_cluster2,43.5567,Cx36Cx5Cx3C-LLLL,-172.55,0.9952,0.7572,0.1710,0.1950,20.550,/Users/stetef/Documents/SLAC/pdb-scraper/data/large-cys-his-datasets/4cys-large/output/xyz_files/4i51_ZN_homo_d2.60_cluster2.xyz,-176.16,20.670,,-158.82,21.727,,-175.46,21.893,,-179.75,19.303,
4i51_ZN_homo_d2.60_cluster3,3,#d62728,1,4i51_ZN_homo_d2.60_cluster3,21.3271,Cx1Cx3Cx4C-LLLH,-74.10,0.9869,0.5677,0.1710,0.1950,22.330,/Users/stetef/Documents/SLAC/pdb-scraper/data/large-cys-his-datasets/4cys-large/output/xyz_files/4i51_ZN_homo_d2.60_cluster3.xyz,-84.30,22.110,,-165.31,21.497,,-133.26,24.193,,86.47,21.727,
4i51_ZN_homo_d2.60_cluster4,5,#c49c94,1,4i51_ZN_homo_d2.60_cluster4,29.3286,Cx52Cx1Cx4C-LLLL,16.43,0.9914,0.6977,0.1710,0.1950,38.450,/Users/stetef/Documents/SLAC/pdb-scraper/data/large-cys-his-datasets/4cys-large/output/xyz_files/4i51_ZN_homo_d2.60_cluster4.xyz,-67.44,48.507,,-106.62,36.697,,138.06,39.883,,101.70,37.580,
4i51_ZN_homo_d2.60_cluster5,0,#1f77b4,1,4i51_ZN_homo_d2.60_cluster5,6.8763,Cx12Cx29Cx3C-LHLL,38.81,0.9699,0.5074,0.1710,0.1950,22.480,/Users/stetef/Documents/SLAC/pdb-scraper/data/large-cys-his-datasets/4cys-large/output/xyz_files/4i51_ZN_homo_d2.60_cluster5.xyz,136.92,20.033,,-141.71,21.000,,69.17,19.817,,90.83,22.977,
4i51_ZN_homo_d2.60_cluster6,2,#2ca02c,1,4i51_ZN_homo_d2.60_cluster6,44.3468,Cx36Cx5Cx3C-LLLL,-173.37,0.9948,0.7776,0.1710,0.1950,23.140,/Users/stetef/Documents/SLAC/pdb-scraper/data/large-cys-his-datasets/4cys-large/output/xyz_files/4i51_ZN_homo_d2.60_cluster6.xyz,-164.41,26.163,,-176.90,23.120,,-172.49,23.503,,-179.69,19.817,
4i51_ZN_homo_d2.60_cluster7,5,#c49c94,1,4i51_ZN_homo_d2.60_cluster7,21.4816,Cx1Cx3Cx4C-LLLH,-74.93,0.9920,0.5774,0.1710,0.1950,24.690,/Users/stetef/Documents/SLAC/pdb-scraper/data/large-cys-his-datasets/4cys-large/output/xyz_files/4i51_ZN_homo_d2.60_cluster7.xyz,-132.16,32.060,,-84.74,25.470,,-161.64,22.977,,78.84,26.163,
4i51_ZN_homo_d2.60_cluster8,2,#2ca02c,1,4i51_ZN_homo_d2.60_cluster8,30.5837,Cx52Cx1Cx4C-LLLL,14.64,0.9781,0.6723,0.1710,0.1950,54.140,/Users/stetef/Documents/SLAC/pdb-scraper/data/large-cys-his-datasets/4cys-large/output/xyz_files/4i51_ZN_homo_d2.60_cluster8.xyz,-103.43,53.570,,-76.23,66.487,,138.54,59.877,,99.69,55.127,
4i7h_ZN_homo_d2.60_cluster1,5,#c49c94,1,4i7h_ZN_homo_d2.60_cluster1,13.9645,Cx2Cx36Cx2C-SLLL,66.45,0.9808,0.4803,0.2310,0.2650,56.090,/Users/stetef/Documents/SLAC/pdb-scraper/data/large-cys-his-datasets/4cys-large/output/xyz_files/4i7h_ZN_homo_d2.60_cluster1.xyz,102.67,52.737,,106.95,51.717,,174.17,46.397,,-118.01,58.640,
4i7h_ZN_homo_d2.60_cluster2,7,#c7c7c7,1,4i7h_ZN_homo_d2.60_cluster2,15.2349,Cx2Cx36Cx2C-SLHH,-28.04,0.9911,0.4846,0.2310,0.2650,44.840,/Users/stetef/Documents/SLAC/pdb-scraper/data/large-cys-his-datasets/4cys-large/output/xyz_files/4i7h_ZN_homo_d2.60_cluster2.xyz,93.67,39.530,,-179.44,37.307,,92.12,42.843,,-118.52,45.040,
4ic3_ZN_homo_d2.60_cluster1,6,#f7b6d2,1,4ic3_ZN_homo_d2.60_cluster1,16.7943,Cx2Cx17Cx2C-LLHH,59.18,0.9859,0.5305,0.1780,0.2220,20.020,/Users/stetef/Documents/SLAC/pdb-scraper/data/large-cys-his-datasets/4cys-large/output/xyz_files/4ic3_ZN_homo_d2.60_cluster1.xyz,96.60,23.493,,-123.42,21.063,,169.90,19.673,,93.63,19.990,
4ic3_ZN_homo_d2.60_cluster3,6,#f7b6d2,1,4ic3_ZN_homo_d2.60_cluster3,16.8702,Cx2Cx17Cx2C-LLHH,58.01,0.9925,0.5038,0.1780,0.2220,16.800,/Users/stetef/Documents/SLAC/pdb-scraper/data/large-cys-his-datasets/4cys-large/output/xyz_files/4ic3_ZN_homo_d2.60_cluster3.xyz,169.38,14.040,,94.60,19.857,,87.56,14.960,,-119.51,18.327,
4ium_ZN_homo_d2.60_cluster1,2,#2ca02c,1,4ium_ZN_homo_d2.60_cluster1,19.8067,Cx29Cx4Cx1C-LHLL,-79.39,0.9923,0.5187,0.1610,0.1780,15.600,/Users/stetef/Documents/SLAC/pdb-scraper/data/large-cys-his-datasets/4cys-large/output/xyz_files/4ium_ZN_homo_d2.60_cluster1.xyz,-122.77,13.847,,-171.54,12.033,,74.88,10.407,,-98.12,11.553,
4jbg_ZN_homo_d2.60_cluster1,9,#9edae5,1,4jbg_ZN_homo_d2.60_cluster1,28.6706,Cx2Cx2Cx7C-LHHH,-6.61,0.9771,0.8172,0.1530,0.1740,18.940,/Users/stetef/Documents/SLAC/pdb-scraper/data/large-cys-his-datasets/4cys-large/output/xyz_files/4jbg_ZN_homo_d2.60_cluster1.xyz,-114.40,16.933,,93.71,19.850,,-68.57,18.100,,62.83,19.587,
4jbg_ZN_homo_d2.60_cluster2,5,#c49c94,1,4jbg_ZN_homo_d2.60_cluster2,28.4348,Cx2Cx2Cx7C-LHHH,-5.00,0.9718,0.8163,0.1530,0.1740,19.290,/Users/stetef/Documents/SLAC/pdb-scraper/data/large-cys-his-datasets/4cys-large/output/xyz_files/4jbg_ZN_homo_d2.60_cluster2.xyz,-109.67,18.537,,-67.29,18.477,,63.19,21.750,,93.76,21.297,
4jbg_ZN_homo_d2.60_cluster3,3,#d62728,1,4jbg_ZN_homo_d2.60_cluster3,28.2429,Cx2Cx2Cx7C-LHHH,-5.80,0.9746,0.8110,0.1530,0.1740,19.990,/Users/stetef/Documents/SLAC/pdb-scraper/data/large-cys-his-datasets/4cys-large/output/xyz_files/4jbg_ZN_homo_d2.60_cluster3.xyz,92.24,19.937,,-67.86,19.457,,64.12,21.387,,-111.71,17.317,
4jbg_ZN_homo_d2.60_cluster4,8,#dbdb8d,1,4jbg_ZN_homo_d2.60_cluster4,28.3811,Cx2Cx2Cx7C-LHHH,-5.99,0.9740,0.8102,0.1530,0.1740,21.980,/Users/stetef/Documents/SLAC/pdb-scraper/data/large-cys-his-datasets/4cys-large/output/xyz_files/4jbg_ZN_homo_d2.60_cluster4.xyz,92.52,22.490,,62.38,24.283,,-66.41,21.657,,-112.47,20.270,
4jji_ZN_homo_d2.60_cluster1,1,#ff7f0e,1,4jji_ZN_homo_d2.60_cluster1,28.7764,Cx2Cx2Cx7C-LHHL,-9.51,0.9806,0.7893,0.1850,0.2230,31.390,/Users/stetef/Documents/SLAC/pdb-scraper/data/large-cys-his-datasets/4cys-large/output/xyz_files/4jji_ZN_homo_d2.60_cluster1.xyz,65.91,30.683,,-83.89,32.807,,91.46,31.630,,-111.52,31.117,
4jji_ZN_homo_d2.60_cluster3,7,#c7c7c7,1,4jji_ZN_homo_d2.60_cluster3,29.0752,Cx2Cx2Cx7C-LHHH,-7.69,0.9763,0.8207,0.1850,0.2230,27.000,/Users/stetef/Documents/SLAC/pdb-scraper/data/large-cys-his-datasets/4cys-large/output/xyz_files/4jji_ZN_homo_d2.60_cluster3.xyz,-112.44,35.233,,92.49,38.707,,-83.89,38.783,,73.08,35.493,
4jse_ZN_homo_d2.60_cluster2,5,#c49c94,1,4jse_ZN_homo_d2.60_cluster2,19.9031,Cx4C-Cx4C-LL-LL,42.95,0.9672,0.3235,0.1720,0.2050,32.110,/Users/stetef/Documents/SLAC/pdb-scraper/data/large-cys-his-datasets/4cys-large/output/xyz_files/4jse_ZN_homo_d2.60_cluster2.xyz,153.80,41.660,,-65.95,33.563,,-67.35,36.197,,151.30,37.973,
4jsg_ZN_homo_d2.60_cluster1,5,#c49c94,1,4jsg_ZN_homo_d2.60_cluster1,19.3404,Cx4C-Cx4C-LL-LL,43.52,0.9752,0.3126,0.1910,0.2260,31.910,/Users/stetef/Documents/SLAC/pdb-scraper/data/large-cys-his-datasets/4cys-large/output/xyz_files/4jsg_ZN_homo_d2.60_cluster1.xyz,153.61,38.887,,-63.86,33.243,,152.81,36.937,,-68.47,34.430,
4jsj_ZN_homo_d2.60_cluster1,7,#c7c7c7,1,4jsj_ZN_homo_d2.60_cluster1,19.9778,Cx4C-Cx4C-LL-LL,45.14,0.9747,0.3215,0.1950,0.2250,36.410,/Users/stetef/Documents/SLAC/pdb-scraper/data/large-cys-his-datasets/4cys-large/output/xyz_files/4jsj_ZN_homo_d2.60_cluster1.xyz,153.78,44.957,,-63.27,39.073,,155.64,42.560,,-65.59,39.117,
4jsr_ZN_homo_d2.60_cluster1,3,#d62728,1,4jsr_ZN_homo_d2.60_cluster1,10.3043,Cx2Cx20Cx2C-SLLL,43.37,0.9703,0.4905,0.2000,0.2280,20.370,/Users/stetef/Documents/SLAC/pdb-scraper/data/large-cys-his-datasets/4cys-large/output/xyz_files/4jsr_ZN_homo_d2.60_cluster1.xyz,179.83,17.543,,-177.65,17.730,,88.50,20.063,,82.81,20.293,
4k5e_ZN_homo_d2.60_cluster1,7,#c7c7c7,1,4k5e_ZN_homo_d2.60_cluster1,20.1806,Cx4C-Cx4C-LL-LL,44.22,0.9699,0.3341,0.1820,0.2120,29.880,/Users/stetef/Documents/SLAC/pdb-scraper/data/large-cys-his-datasets/4cys-large/output/xyz_files/4k5e_ZN_homo_d2.60_cluster1.xyz,-62.96,32.723,,154.38,37.967,,-66.40,32.820,,151.87,36.400,
4k5g_ZN_homo_d2.60_cluster1,7,#c7c7c7,1,4k5g_ZN_homo_d2.60_cluster1,19.7985,Cx4C-Cx4C-LL-LL,43.48,0.9658,0.3299,0.1870,0.2190,29.180,/Users/stetef/Documents/SLAC/pdb-scraper/data/large-cys-his-datasets/4cys-large/output/xyz_files/4k5g_ZN_homo_d2.60_cluster1.xyz,-60.78,30.853,,151.06,36.157,,150.61,35.297,,-66.97,31.883,
4k5k_ZN_homo_d2.60_cluster1,1,#ff7f0e,1,4k5k_ZN_homo_d2.60_cluster1,20.2302,Cx4C-Cx4C-LL-LL,42.51,0.9793,0.3083,0.1810,0.2170,48.730,/Users/stetef/Documents/SLAC/pdb-scraper/data/large-cys-his-datasets/4cys-large/output/xyz_files/4k5k_ZN_homo_d2.60_cluster1.xyz,152.30,50.450,,-66.68,47.577,,-72.82,47.327,,157.21,48.190,
4kcl_ZN_homo_d2.60_cluster1,7,#c7c7c7,1,4kcl_ZN_homo_d2.60_cluster1,20.1459,Cx4C-Cx4C-LL-LL,42.19,0.9743,0.3320,0.1830,0.2130,38.910,/Users/stetef/Documents/SLAC/pdb-scraper/data/large-cys-his-datasets/4cys-large/output/xyz_files/4kcl_ZN_homo_d2.60_cluster1.xyz,151.32,43.700,,151.21,47.527,,-65.64,40.870,,-68.11,40.090,
4kcn_ZN_homo_d2.60_cluster1,5,#c49c94,1,4kcn_ZN_homo_d2.60_cluster1,20.2485,Cx4C-Cx4C-LL-LL,43.88,0.9666,0.3392,0.1870,0.2170,31.910,/Users/stetef/Documents/SLAC/pdb-scraper/data/large-cys-his-datasets/4cys-large/output/xyz_files/4kcn_ZN_homo_d2.60_cluster1.xyz,150.23,35.123,,-61.22,31.847,,153.74,36.590,,-67.21,30.843,
4kco_ZN_homo_d2.60_cluster1,7,#c7c7c7,1,4kco_ZN_homo_d2.60_cluster1,20.7052,Cx4C-Cx4C-LL-LL,43.97,0.9723,0.3358,0.1890,0.2200,33.990,/Users/stetef/Documents/SLAC/pdb-scraper/data/large-cys-his-datasets/4cys-large/output/xyz_files/4kco_ZN_homo_d2.60_cluster1.xyz,-63.66,35.503,,154.17,41.617,,150.44,38.487,,-65.05,34.727,
4kxq_ZN_homo_d2.60_cluster1,5,#c49c94,1,4kxq_ZN_homo_d2.60_cluster1,6.9879,Cx2Cx20Cx2C-SLLL,1.77,0.9829,0.4388,0.1700,0.1890,49.310,/Users/stetef/Documents/SLAC/pdb-scraper/data/large-cys-his-datasets/4cys-large/output/xyz_files/4kxq_ZN_homo_d2.60_cluster1.xyz,-93.41,54.883,,178.40,37.323,,-174.76,46.750,,96.86,38.867,
4l0q_ZN_homo_d2.60_cluster1,6,#f7b6d2,1,4l0q_ZN_homo_d2.60_cluster1,29.5550,Cx2Cx2Cx7C-LHHL,-8.30,0.9732,0.8037,0.2020,0.2510,39.870,/Users/stetef/Documents/SLAC/pdb-scraper/data/large-cys-his-datasets/4cys-large/output/xyz_files/4l0q_ZN_homo_d2.60_cluster1.xyz,-107.67,40.993,,65.06,39.700,,-82.95,41.880,,92.35,39.247,
4l0q_ZN_homo_d2.60_cluster3,1,#ff7f0e,1,4l0q_ZN_homo_d2.60_cluster3,28.9894,Cx2Cx2Cx7C-LHHL,-5.37,0.9756,0.8001,0.2020,0.2510,48.380,/Users/stetef/Documents/SLAC/pdb-scraper/data/large-cys-his-datasets/4cys-large/output/xyz_files/4l0q_ZN_homo_d2.60_cluster3.xyz,-113.14,50.383,,73.15,46.597,,-79.27,55.053,,97.78,51.390,
4l58_ZN_homo_d2.60_cluster1,8,#dbdb8d,1,4l58_ZN_homo_d2.60_cluster1,16.1512,Cx2Cx21Cx2C-LLLL,61.91,0.9954,0.4878,0.1260,0.1400,10.040,/Users/stetef/Documents/SLAC/pdb-scraper/data/large-cys-his-datasets/4cys-large/output/xyz_files/4l58_ZN_homo_d2.60_cluster1.xyz,95.50,10.510,,-117.45,10.363,,178.37,7.953,,91.20,8.897,
4l7x_ZN_homo_d2.60_cluster1,5,#c49c94,1,4l7x_ZN_homo_d2.60_cluster1,10.4217,Cx2Cx27Cx2C-LLLL,61.27,0.9941,0.4778,0.1330,0.1420,15.810,/Users/stetef/Documents/SLAC/pdb-scraper/data/large-cys-his-datasets/4cys-large/output/xyz_files/4l7x_ZN_homo_d2.60_cluster1.xyz,-120.32,21.777,,95.25,18.857,,173.60,16.257,,96.55,18.923,
4lik_ZN_homo_d2.60_cluster1,0,#1f77b4,1,4lik_ZN_homo_d2.60_cluster1,20.4246,CCx5Cx2C-LLLL,-5.74,0.9786,0.4826,0.1760,0.1980,38.770,/Users/stetef/Documents/SLAC/pdb-scraper/data/large-cys-his-datasets/4cys-large/output/xyz_files/4lik_ZN_homo_d2.60_cluster1.xyz,68.77,40.360,,-91.86,51.887,,-97.66,47.347,,97.81,31.327,
4lim_ZN_homo_d2.60_cluster1,3,#d62728,1,4lim_ZN_homo_d2.60_cluster1,22.1997,CCx5Cx2C-LLHH,-10.99,0.9644,0.5129,0.1570,0.1890,21.890,/Users/stetef/Documents/SLAC/pdb-scraper/data/large-cys-his-datasets/4cys-large/output/xyz_files/4lim_ZN_homo_d2.60_cluster1.xyz,-102.21,27.363,,-98.01,24.417,,72.20,23.777,,84.04,18.453,
4ljo_ZN_homo_d2.60_cluster1,3,#d62728,1,4ljo_ZN_homo_d2.60_cluster1,3.1649,Cx2Cx15Cx2C-LLLL,45.74,0.9894,0.4553,0.1830,0.2120,26.370,/Users/stetef/Documents/SLAC/pdb-scraper/data/large-cys-his-datasets/4cys-large/output/xyz_files/4ljo_ZN_homo_d2.60_cluster1.xyz,94.71,33.237,,177.00,26.213,,90.95,32.630,,-179.69,25.977,
4lk9_ZN_homo_d2.60_cluster1,5,#c49c94,1,4lk9_ZN_homo_d2.60_cluster1,12.8539,Cx2Cx22Cx2C-LLLL,59.01,0.9957,0.4895,0.1650,0.1860,14.480,/Users/stetef/Documents/SLAC/pdb-scraper/data/large-cys-his-datasets/4cys-large/output/xyz_files/4lk9_ZN_homo_d2.60_cluster1.xyz,93.24,13.250,,86.28,15.503,,-116.87,17.013,,173.41,13.167,
4lk9_ZN_homo_d2.60_cluster4,9,#9edae5,1,4lk9_ZN_homo_d2.60_cluster4,14.4921,Cx2Cx25Cx2C-LLLL,59.03,0.9943,0.4536,0.1650,0.1860,14.560,/Users/stetef/Documents/SLAC/pdb-scraper/data/large-cys-his-datasets/4cys-large/output/xyz_files/4lk9_ZN_homo_d2.60_cluster4.xyz,88.92,17.343,,-120.56,16.540,,90.74,12.737,,177.01,12.330,
4lka_ZN_homo_d2.60_cluster1,0,#1f77b4,1,4lka_ZN_homo_d2.60_cluster1,13.1435,Cx2Cx22Cx2C-LLLL,60.32,0.9954,0.4958,0.1650,0.1850,18.640,/Users/stetef/Documents/SLAC/pdb-scraper/data/large-cys-his-datasets/4cys-large/output/xyz_files/4lka_ZN_homo_d2.60_cluster1.xyz,93.35,17.183,,84.75,20.750,,175.84,16.453,,-112.65,21.440,
4lka_ZN_homo_d2.60_cluster4,3,#d62728,1,4lka_ZN_homo_d2.60_cluster4,14.5302,Cx2Cx25Cx2C-LLLL,58.32,0.9928,0.4571,0.1650,0.1850,19.220,/Users/stetef/Documents/SLAC/pdb-scraper/data/large-cys-his-datasets/4cys-large/output/xyz_files/4lka_ZN_homo_d2.60_cluster4.xyz,87.45,21.393,,91.16,16.010,,-121.55,19.187,,176.23,17.157,
4lmy_ZN_homo_d2.60_cluster2,3,#d62728,1,4lmy_ZN_homo_d2.60_cluster2,15.0960,Cx2Cx36Cx2C-SLLL,62.85,0.9959,0.4877,0.2210,0.2390,21.390,/Users/stetef/Documents/SLAC/pdb-scraper/data/large-cys-his-datasets/4cys-large/output/xyz_files/4lmy_ZN_homo_d2.60_cluster2.xyz,92.33,19.753,,97.14,18.403,,179.43,19.380,,-117.48,21.883,
4lmy_ZN_homo_d2.60_cluster4,1,#ff7f0e,1,4lmy_ZN_homo_d2.60_cluster4,14.9241,Cx2Cx36Cx2C-SLHH,61.12,0.9962,0.4737,0.2210,0.2390,23.660,/Users/stetef/Documents/SLAC/pdb-scraper/data/large-cys-his-datasets/4cys-large/output/xyz_files/4lmy_ZN_homo_d2.60_cluster4.xyz,93.73,21.547,,177.22,21.343,,93.25,24.843,,-119.71,24.843,
4lux_ZN_homo_d2.60_cluster1,7,#c7c7c7,1,4lux_ZN_homo_d2.60_cluster1,19.8586,Cx4C-Cx4C-LL-LL,44.42,0.9624,0.3362,0.1820,0.2120,31.410,/Users/stetef/Documents/SLAC/pdb-scraper/data/large-cys-his-datasets/4cys-large/output/xyz_files/4lux_ZN_homo_d2.60_cluster1.xyz,151.01,40.263,,-60.92,34.327,,-64.24,34.930,,151.82,38.873,
4m0w_ZN_homo_d2.60_cluster1,8,#dbdb8d,1,4m0w_ZN_homo_d2.60_cluster1,18.5196,Cx2Cx31Cx1C-SLLL,-4.43,0.9928,0.4032,0.1570,0.1800,26.340,/Users/stetef/Documents/SLAC/pdb-scraper/data/large-cys-his-datasets/4cys-large/output/xyz_files/4m0w_ZN_homo_d2.60_cluster1.xyz,113.50,28.337,,153.19,21.313,,-178.47,21.040,,-105.94,31.273,
4me3_ZN_homo_d2.60_cluster1,2,#2ca02c,1,4me3_ZN_homo_d2.60_cluster1,1.9070,Cx2Cx18Cx2C-SLLL,46.31,0.9832,0.4731,0.1840,0.2180,29.200,/Users/stetef/Documents/SLAC/pdb-scraper/data/large-cys-his-datasets/4cys-large/output/xyz_files/4me3_ZN_homo_d2.60_cluster1.xyz,87.19,35.617,,99.57,29.620,,177.99,27.347,,-179.52,24.100,
4mi0_ZN_homo_d2.60_cluster1,5,#c49c94,1,4mi0_ZN_homo_d2.60_cluster1,38.0513,Cx13Cx7Cx12C-LLLL,-152.82,0.9795,0.7270,0.2000,0.2390,26.340,/Users/stetef/Documents/SLAC/pdb-scraper/data/large-cys-his-datasets/4cys-large/output/xyz_files/4mi0_ZN_homo_d2.60_cluster1.xyz,-171.77,26.800,,-110.53,31.663,,-176.90,24.993,,-152.05,31.150,
4mi0_ZN_homo_d2.60_cluster2,0,#1f77b4,1,4mi0_ZN_homo_d2.60_cluster2,5.7448,Cx12Cx6Cx4C-LHLL,34.62,0.9782,0.5204,0.2000,0.2390,26.780,/Users/stetef/Documents/SLAC/pdb-scraper/data/large-cys-his-datasets/4cys-large/output/xyz_files/4mi0_ZN_homo_d2.60_cluster2.xyz,131.14,26.643,,-148.08,24.217,,86.10,25.450,,69.32,24.993,
4mi0_ZN_homo_d2.60_cluster3,3,#d62728,1,4mi0_ZN_homo_d2.60_cluster3,25.0355,Cx1Cx3Cx4C-LLLH,-76.84,0.9899,0.6166,0.2000,0.2390,30.290,/Users/stetef/Documents/SLAC/pdb-scraper/data/large-cys-his-datasets/4cys-large/output/xyz_files/4mi0_ZN_homo_d2.60_cluster3.xyz,-92.52,28.453,,-128.67,32.067,,-165.78,25.450,,79.62,26.800,
4mi0_ZN_homo_d2.60_cluster4,2,#2ca02c,1,4mi0_ZN_homo_d2.60_cluster4,46.6565,Cx12Cx5Cx3C-LLLL,6.29,0.9811,0.8507,0.2000,0.2390,27.200,/Users/stetef/Documents/SLAC/pdb-scraper/data/large-cys-his-datasets/4cys-large/output/xyz_files/4mi0_ZN_homo_d2.60_cluster4.xyz,177.69,28.180,,-168.50,26.137,,-162.66,26.447,,178.63,23.013,
4mi0_ZN_homo_d2.60_cluster6,5,#c49c94,1,4mi0_ZN_homo_d2.60_cluster6,3.1015,Cx12Cx6Cx3C-LHLL,35.51,0.9870,0.4994,0.2000,0.2390,27.900,/Users/stetef/Documents/SLAC/pdb-scraper/data/large-cys-his-datasets/4cys-large/output/xyz_files/4mi0_ZN_homo_d2.60_cluster6.xyz,137.98,27.443,,-155.08,25.313,,64.56,23.013,,94.58,27.617,
4mi5_ZN_homo_d2.60_cluster1,0,#1f77b4,1,4mi5_ZN_homo_d2.60_cluster1,5.8426,Cx12Cx6Cx4C-LHLL,35.67,0.9827,0.5198,0.1990,0.2570,24.420,/Users/stetef/Documents/SLAC/pdb-scraper/data/large-cys-his-datasets/4cys-large/output/xyz_files/4mi5_ZN_homo_d2.60_cluster1.xyz,133.91,16.110,,-149.80,13.220,,67.34,15.547,,91.24,14.810,
4mi5_ZN_homo_d2.60_cluster2,2,#2ca02c,1,4mi5_ZN_homo_d2.60_cluster2,24.6383,Cx1Cx3Cx4C-LLLH,-76.22,0.9885,0.6104,0.1990,0.2570,25.010,/Users/stetef/Documents/SLAC/pdb-scraper/data/large-cys-his-datasets/4cys-large/output/xyz_files/4mi5_ZN_homo_d2.60_cluster2.xyz,-94.82,16.240,,81.42,18.873,,-164.13,14.810,,-127.35,16.083,
4mi5_ZN_homo_d2.60_cluster3,2,#2ca02c,1,4mi5_ZN_homo_d2.60_cluster3,39.0140,Cx13Cx7Cx12C-LLLL,-150.49,0.9752,0.7304,0.1990,0.2570,26.780,/Users/stetef/Documents/SLAC/pdb-scraper/data/large-cys-his-datasets/4cys-large/output/xyz_files/4mi5_ZN_homo_d2.60_cluster3.xyz,-146.48,21.897,,-110.25,18.533,,-167.43,18.873,,-177.80,15.547,
4mi5_ZN_homo_d2.60_cluster4,7,#c7c7c7,1,4mi5_ZN_homo_d2.60_cluster4,3.9039,Cx12Cx6Cx3C-LHLL,35.03,0.9852,0.5079,0.1990,0.2570,24.620,/Users/stetef/Documents/SLAC/pdb-scraper/data/large-cys-his-datasets/4cys-large/output/xyz_files/4mi5_ZN_homo_d2.60_cluster4.xyz,-158.43,15.210,,139.21,20.067,,67.37,14.580,,91.96,15.180,
4mi5_ZN_homo_d2.60_cluster6,2,#2ca02c,1,4mi5_ZN_homo_d2.60_cluster6,47.5316,Cx12Cx5Cx3C-LLLL,-83.13,0.9905,0.8540,0.1990,0.2570,24.840,/Users/stetef/Documents/SLAC/pdb-scraper/data/large-cys-his-datasets/4cys-large/output/xyz_files/4mi5_ZN_homo_d2.60_cluster6.xyz,-179.28,18.640,,-168.80,18.260,,-163.11,15.953,,178.68,14.580,
4mt2_ZN_homo_d2.60_cluster1,5,#c49c94,1,4mt2_ZN_homo_d2.60_cluster1,33.7234,Cx3Cx4Cx4C-LLLL,-80.86,0.9644,0.6404,0.1970,,18.570,/Users/stetef/Documents/SLAC/pdb-scraper/data/large-cys-his-datasets/4cys-large/output/xyz_files/4mt2_ZN_homo_d2.60_cluster1.xyz,140.09,21.357,,-163.50,20.230,,-165.79,20.160,,-134.22,21.623,
4mt2_ZN_homo_d2.60_cluster2,5,#c49c94,1,4mt2_ZN_homo_d2.60_cluster2,37.8207,Cx5Cx1Cx10C-LLLL,62.30,0.9708,0.7797,0.1970,,22.650,/Users/stetef/Documents/SLAC/pdb-scraper/data/large-cys-his-datasets/4cys-large/output/xyz_files/4mt2_ZN_homo_d2.60_cluster2.xyz,151.15,22.080,,142.52,23.223,,113.03,21.623,,-157.50,21.380,
4n0n_ZN_homo_d2.60_cluster3,0,#1f77b4,1,4n0n_ZN_homo_d2.60_cluster3,22.0556,Cx2Cx14Cx2C-LLLH,57.20,0.9777,0.4876,0.1960,0.2240,33.070,/Users/stetef/Documents/SLAC/pdb-scraper/data/large-cys-his-datasets/4cys-large/output/xyz_files/4n0n_ZN_homo_d2.60_cluster3.xyz,-123.66,31.177,,86.62,36.913,,93.06,33.383,,172.77,35.483,
4n3w_ZN_homo_d2.60_cluster2,3,#d62728,1,4n3w_ZN_homo_d2.60_cluster2,13.5955,Cx2Cx21Cx2C-LLLL,49.92,0.9878,0.5368,0.2360,0.2860,47.700,/Users/stetef/Documents/SLAC/pdb-scraper/data/large-cys-his-datasets/4cys-large/output/xyz_files/4n3w_ZN_homo_d2.60_cluster2.xyz,-157.02,59.813,,177.34,45.990,,87.88,54.937,,91.50,45.800,
4n4f_ZN_homo_d2.60_cluster2,3,#d62728,1,4n4f_ZN_homo_d2.60_cluster2,13.5697,Cx2Cx21Cx2C-LLLL,60.81,0.9803,0.5240,0.2120,0.2410,43.880,/Users/stetef/Documents/SLAC/pdb-scraper/data/large-cys-his-datasets/4cys-large/output/xyz_files/4n4f_ZN_homo_d2.60_cluster2.xyz,91.67,47.343,,-119.55,50.863,,178.25,39.550,,92.86,39.500,
4nfh_ZN_homo_d2.60_cluster2,5,#c49c94,1,4nfh_ZN_homo_d2.60_cluster2,28.7856,Cx2Cx2Cx7C-LHHL,-3.83,0.9769,0.8018,0.1350,0.1660,11.860,/Users/stetef/Documents/SLAC/pdb-scraper/data/large-cys-his-datasets/4cys-large/output/xyz_files/4nfh_ZN_homo_d2.60_cluster2.xyz,-65.05,10.843,,66.43,13.233,,94.27,12.820,,-110.97,11.480,
4nfh_ZN_homo_d2.60_cluster4,5,#c49c94,1,4nfh_ZN_homo_d2.60_cluster4,28.5628,Cx2Cx2Cx7C-LHHL,-2.76,0.9761,0.8008,0.1350,0.1660,13.500,/Users/stetef/Documents/SLAC/pdb-scraper/data/large-cys-his-datasets/4cys-large/output/xyz_files/4nfh_ZN_homo_d2.60_cluster4.xyz,-63.60,11.803,,96.18,14.990,,65.78,15.587,,-109.38,12.790,
4nfs_ZN_homo_d2.60_cluster2,7,#c7c7c7,1,4nfs_ZN_homo_d2.60_cluster2,28.3516,Cx2Cx2Cx7C-LHHL,-4.10,0.9783,0.8012,0.1380,0.1750,11.740,/Users/stetef/Documents/SLAC/pdb-scraper/data/large-cys-his-datasets/4cys-large/output/xyz_files/4nfs_ZN_homo_d2.60_cluster2.xyz,-66.48,10.523,,93.73,13.393,,65.73,13.393,,-109.35,11.153,
4nfs_ZN_homo_d2.60_cluster4,1,#ff7f0e,1,4nfs_ZN_homo_d2.60_cluster4,28.6510,Cx2Cx2Cx7C-LHHL,-4.44,0.9799,0.8043,0.1380,0.1750,13.870,/Users/stetef/Documents/SLAC/pdb-scraper/data/large-cys-his-datasets/4cys-large/output/xyz_files/4nfs_ZN_homo_d2.60_cluster4.xyz,-66.29,12.557,,63.08,16.080,,93.75,15.533,,-108.32,13.353,
4ng5_ZN_homo_d2.60_cluster2,1,#ff7f0e,1,4ng5_ZN_homo_d2.60_cluster2,28.8457,Cx2Cx2Cx7C-LHHL,-4.31,0.9781,0.8055,0.1200,0.1370,12.280,/Users/stetef/Documents/SLAC/pdb-scraper/data/large-cys-his-datasets/4cys-large/output/xyz_files/4ng5_ZN_homo_d2.60_cluster2.xyz,-66.29,11.453,,93.79,13.670,,66.75,13.643,,-111.49,12.090,
4ng5_ZN_homo_d2.60_cluster4,5,#c49c94,1,4ng5_ZN_homo_d2.60_cluster4,28.7547,Cx2Cx2Cx7C-LHHL,-2.86,0.9779,0.8036,0.1200,0.1370,14.150,/Users/stetef/Documents/SLAC/pdb-scraper/data/large-cys-his-datasets/4cys-large/output/xyz_files/4ng5_ZN_homo_d2.60_cluster4.xyz,-63.99,13.107,,-109.90,13.427,,93.16,15.880,,69.30,16.273,
4nse_ZN_homo_d2.60_cluster1,3,#d62728,1,4nse_ZN_homo_d2.60_cluster1,20.0507,Cx4C-Cx4C-LL-LL,40.77,0.9875,0.2948,0.2120,0.2600,30.690,/Users/stetef/Documents/SLAC/pdb-scraper/data/large-cys-his-datasets/4cys-large/output/xyz_files/4nse_ZN_homo_d2.60_cluster1.xyz,-80.60,36.667,,155.34,34.077,,-66.48,33.320,,154.84,31.220,
4o62_ZN_homo_d2.60_cluster1,5,#c49c94,1,4o62_ZN_homo_d2.60_cluster1,3.5285,Cx4Cx21Cx10C-LLHL,-15.94,0.9945,0.4995,0.1660,0.1860,33.180,/Users/stetef/Documents/SLAC/pdb-scraper/data/large-cys-his-datasets/4cys-large/output/xyz_files/4o62_ZN_homo_d2.60_cluster1.xyz,-171.79,29.493,,160.73,31.927,,-102.98,29.913,,50.29,33.217,
4o62_ZN_homo_d2.60_cluster2,7,#c7c7c7,1,4o62_ZN_homo_d2.60_cluster2,3.4806,Cx4Cx21Cx10C-LLHL,-12.73,0.9964,0.4988,0.1660,0.1860,27.880,/Users/stetef/Documents/SLAC/pdb-scraper/data/large-cys-his-datasets/4cys-large/output/xyz_files/4o62_ZN_homo_d2.60_cluster2.xyz,57.03,25.610,,-99.41,26.673,,166.50,29.253,,-175.03,29.557,
4o62_ZN_homo_d2.60_cluster3,8,#dbdb8d,1,4o62_ZN_homo_d2.60_cluster3,3.4397,Cx4Cx21Cx10C-LLHL,-10.29,0.9948,0.4967,0.1660,0.1860,22.430,/Users/stetef/Documents/SLAC/pdb-scraper/data/large-cys-his-datasets/4cys-large/output/xyz_files/4o62_ZN_homo_d2.60_cluster3.xyz,166.12,23.457,,-169.51,21.993,,63.30,22.147,,-101.06,21.087,
4o8z_ZN_homo_d2.60_cluster1,2,#2ca02c,1,4o8z_ZN_homo_d2.60_cluster1,8.6932,Cx2Cx20Cx2C-SLLL,-42.72,0.9522,0.4777,0.1690,0.2040,22.070,/Users/stetef/Documents/SLAC/pdb-scraper/data/large-cys-his-datasets/4cys-large/output/xyz_files/4o8z_ZN_homo_d2.60_cluster1.xyz,-178.34,20.757,,88.54,26.890,,97.46,22.760,,-178.54,18.780,
4oaq_ZN_homo_d2.60_cluster1,2,#2ca02c,1,4oaq_ZN_homo_d2.60_cluster1,31.4629,Cx2Cx2Cx7C-LLHH,-12.02,0.9672,0.8320,0.2040,0.2500,17.830,/Users/stetef/Documents/SLAC/pdb-scraper/data/large-cys-his-datasets/4cys-large/output/xyz_files/4oaq_ZN_homo_d2.60_cluster1.xyz,95.62,19.787,,-107.30,17.983,,61.68,15.380,,-98.07,16.950,
4oaq_ZN_homo_d2.60_cluster3,0,#1f77b4,1,4oaq_ZN_homo_d2.60_cluster3,31.2635,Cx2Cx2Cx7C-LHHH,-8.39,0.9547,0.8113,0.2040,0.2500,19.540,/Users/stetef/Documents/SLAC/pdb-scraper/data/large-cys-his-datasets/4cys-large/output/xyz_files/4oaq_ZN_homo_d2.60_cluster3.xyz,71.99,26.107,,-96.00,22.667,,99.09,29.183,,-108.65,24.973,
4oh1_ZN_homo_d2.60_cluster2,6,#f7b6d2,1,4oh1_ZN_homo_d2.60_cluster2,28.0592,Cx2Cx2Cx7C-LHHH,-6.03,0.9771,0.7738,0.1710,0.2160,47.100,/Users/stetef/Documents/SLAC/pdb-scraper/data/large-cys-his-datasets/4cys-large/output/xyz_files/4oh1_ZN_homo_d2.60_cluster2.xyz,68.88,44.947,,93.69,47.300,,-116.79,44.767,,-69.90,44.347,
4oln_ZN_homo_d2.60_cluster1,5,#c49c94,1,4oln_ZN_homo_d2.60_cluster1,20.5700,Cx2Cx13Cx2C-LLHH,58.33,0.9884,0.4882,0.1760,0.2060,19.790,/Users/stetef/Documents/SLAC/pdb-scraper/data/large-cys-his-datasets/4cys-large/output/xyz_files/4oln_ZN_homo_d2.60_cluster1.xyz,88.07,20.577,,-117.93,20.530,,88.26,18.130,,174.91,18.030,
4oln_ZN_homo_d2.60_cluster2,5,#c49c94,1,4oln_ZN_homo_d2.60_cluster2,30.7685,Cx5Cx9Cx2C-LLHH,-37.21,0.9903,0.5930,0.1760,0.2060,23.010,/Users/stetef/Documents/SLAC/pdb-scraper/data/large-cys-his-datasets/4cys-large/output/xyz_files/4oln_ZN_homo_d2.60_cluster2.xyz,172.17,23.180,,-92.73,24.813,,-118.87,20.730,,-109.42,23.810,
4oln_ZN_homo_d2.60_cluster3,5,#c49c94,1,4oln_ZN_homo_d2.60_cluster3,20.1391,Cx2Cx13Cx2C-LLHH,58.15,0.9940,0.4874,0.1760,0.2060,18.090,/Users/stetef/Documents/SLAC/pdb-scraper/data/large-cys-his-datasets/4cys-large/output/xyz_files/4oln_ZN_homo_d2.60_cluster3.xyz,89.57,17.043,,171.46,16.070,,-116.88,17.657,,88.45,16.207,
4oln_ZN_homo_d2.60_cluster4,7,#c7c7c7,1,4oln_ZN_homo_d2.60_cluster4,31.4715,Cx5Cx9Cx2C-LLHH,-34.79,0.9889,0.6391,0.1760,0.2060,19.860,/Users/stetef/Documents/SLAC/pdb-scraper/data/large-cys-his-datasets/4cys-large/output/xyz_files/4oln_ZN_homo_d2.60_cluster4.xyz,178.17,18.930,,-92.02,21.270,,-108.92,17.283,,-116.38,21.097,
4owf_ZN_homo_d2.60_cluster1,3,#d62728,1,4owf_ZN_homo_d2.60_cluster1,9.2300,Cx2Cx10Cx2C-LLLL,132.84,0.9539,0.4823,0.2620,0.3130,20.570,/Users/stetef/Documents/SLAC/pdb-scraper/data/large-cys-his-datasets/4cys-large/output/xyz_files/4owf_ZN_homo_d2.60_cluster1.xyz,89.42,20.873,,174.38,19.207,,174.10,23.157,,93.45,20.470,
4pcz_ZN_homo_d2.60_cluster1,5,#c49c94,1,4pcz_ZN_homo_d2.60_cluster1,15.7187,Cx2Cx16Cx2C-LLLL,-2.74,0.9795,0.4514,0.1580,0.1820,27.130,/Users/stetef/Documents/SLAC/pdb-scraper/data/large-cys-his-datasets/4cys-large/output/xyz_files/4pcz_ZN_homo_d2.60_cluster1.xyz,-96.03,25.303,,92.04,33.627,,-177.42,24.690,,170.46,27.043,
4ppe_ZN_homo_d2.60_cluster1,5,#c49c94,1,4ppe_ZN_homo_d2.60_cluster1,19.2671,Cx2Cx23Cx2C-LLSH,59.95,0.9763,0.5853,0.2320,0.2800,19.470,/Users/stetef/Documents/SLAC/pdb-scraper/data/large-cys-his-datasets/4cys-large/output/xyz_files/4ppe_ZN_homo_d2.60_cluster1.xyz,98.18,14.337,,168.80,15.117,,98.19,18.850,,-125.37,15.713,
4ppe_ZN_homo_d2.60_cluster3,7,#c7c7c7,1,4ppe_ZN_homo_d2.60_cluster3,19.6813,Cx2Cx23Cx2C-LLSH,58.20,0.9744,0.5797,0.2320,0.2800,25.150,/Users/stetef/Documents/SLAC/pdb-scraper/data/large-cys-his-datasets/4cys-large/output/xyz_files/4ppe_ZN_homo_d2.60_cluster3.xyz,166.55,18.233,,96.21,19.637,,96.84,20.363,,-126.81,26.897,
4ptb_ZN_homo_d2.60_cluster2,2,#2ca02c,1,4ptb_ZN_homo_d2.60_cluster2,9.8642,Cx2Cx21Cx2C-LLHH,-26.93,0.9821,0.4852,0.1740,0.1920,27.910,/Users/stetef/Documents/SLAC/pdb-scraper/data/large-cys-his-datasets/4cys-large/output/xyz_files/4ptb_ZN_homo_d2.60_cluster2.xyz,78.81,21.053,,-175.34,27.273,,-101.37,26.220,,90.17,31.477,
4ptb_ZN_homo_d2.60_cluster4,7,#c7c7c7,1,4ptb_ZN_homo_d2.60_cluster4,9.6715,Cx2Cx21Cx2C-LLHH,-27.35,0.9900,0.4835,0.1740,0.1920,21.470,/Users/stetef/Documents/SLAC/pdb-scraper/data/large-cys-his-datasets/4cys-large/output/xyz_files/4ptb_ZN_homo_d2.60_cluster4.xyz,89.85,23.667,,78.63,18.637,,-100.56,22.253,,-177.33,21.783,
4pys_ZN_homo_d2.60_cluster1,5,#c49c94,1,4pys_ZN_homo_d2.60_cluster1,13.7471,Cx17Cx40Cx2C-LLHH,24.58,0.7818,0.4570,0.1660,0.1900,66.900,/Users/stetef/Documents/SLAC/pdb-scraper/data/large-cys-his-datasets/4cys-large/output/xyz_files/4pys_ZN_homo_d2.60_cluster1.xyz,-64.91,64.983,,-88.27,87.373,,171.88,108.603,,79.60,108.013,
4pys_ZN_homo_d2.60_cluster2,5,#c49c94,1,4pys_ZN_homo_d2.60_cluster2,12.6616,Cx17Cx40Cx2C-LLLH,-66.10,0.8951,0.5189,0.1660,0.1900,91.960,/Users/stetef/Documents/SLAC/pdb-scraper/data/large-cys-his-datasets/4cys-large/output/xyz_files/4pys_ZN_homo_d2.60_cluster2.xyz,-95.71,100.963,,88.02,91.407,,-78.26,61.760,,-178.43,100.697,
4q6f_ZN_homo_d2.60_cluster2,3,#d62728,1,4q6f_ZN_homo_d2.60_cluster2,14.3292,Cx2Cx22Cx2C-LLHH,62.55,0.9865,0.4990,0.1850,0.2190,28.440,/Users/stetef/Documents/SLAC/pdb-scraper/data/large-cys-his-datasets/4cys-large/output/xyz_files/4q6f_ZN_homo_d2.60_cluster2.xyz,87.71,33.410,,175.39,29.043,,90.36,27.737,,-103.27,28.937,
4q6f_ZN_homo_d2.60_cluster4,2,#2ca02c,1,4q6f_ZN_homo_d2.60_cluster4,15.9981,Cx2Cx22Cx2C-LLHH,57.89,0.9886,0.5037,0.1850,0.2190,24.090,/Users/stetef/Documents/SLAC/pdb-scraper/data/large-cys-his-datasets/4cys-large/output/xyz_files/4q6f_ZN_homo_d2.60_cluster4.xyz,171.88,26.427,,85.46,26.533,,86.64,22.440,,-112.43,24.410,
4q6f_ZN_homo_d2.60_cluster6,1,#ff7f0e,1,4q6f_ZN_homo_d2.60_cluster6,14.2916,Cx2Cx22Cx2C-LLHH,63.31,0.9730,0.5029,0.1850,0.2190,35.920,/Users/stetef/Documents/SLAC/pdb-scraper/data/large-cys-his-datasets/4cys-large/output/xyz_files/4q6f_ZN_homo_d2.60_cluster6.xyz,85.40,40.947,,174.77,35.810,,-94.86,40.623,,87.93,31.893,
4q6f_ZN_homo_d2.60_cluster8,8,#dbdb8d,1,4q6f_ZN_homo_d2.60_cluster8,15.2032,Cx2Cx22Cx2C-LLHH,63.00,0.9857,0.4847,0.1850,0.2190,21.570,/Users/stetef/Documents/SLAC/pdb-scraper/data/large-cys-his-datasets/4cys-large/output/xyz_files/4q6f_ZN_homo_d2.60_cluster8.xyz,92.18,24.917,,179.72,23.603,,-106.87,23.637,,86.97,22.870,
4qbh_ZN_homo_d2.60_cluster1,5,#c49c94,1,4qbh_ZN_homo_d2.60_cluster1,11.9917,Cx2Cx16Cx2C-SLLL,129.66,0.9562,0.4816,0.1790,0.2230,26.230,/Users/stetef/Documents/SLAC/pdb-scraper/data/large-cys-his-datasets/4cys-large/output/xyz_files/4qbh_ZN_homo_d2.60_cluster1.xyz,177.70,22.627,,78.10,28.893,,88.94,27.740,,173.89,23.187,
4qbh_ZN_homo_d2.60_cluster2,3,#d62728,1,4qbh_ZN_homo_d2.60_cluster2,11.6093,Cx2Cx16Cx2C-SLLL,130.61,0.9387,0.4828,0.1790,0.2230,43.750,/Users/stetef/Documents/SLAC/pdb-scraper/data/large-cys-his-datasets/4cys-large/output/xyz_files/4qbh_ZN_homo_d2.60_cluster2.xyz,171.88,33.500,,91.39,34.347,,176.75,25.503,,82.43,44.720,
4qbi_ZN_homo_d2.60_cluster1,1,#ff7f0e,1,4qbi_ZN_homo_d2.60_cluster1,11.9628,Cx2Cx16Cx2C-SLLL,39.55,0.9620,0.4598,0.1700,0.2080,29.100,/Users/stetef/Documents/SLAC/pdb-scraper/data/large-cys-his-datasets/4cys-large/output/xyz_files/4qbi_ZN_homo_d2.60_cluster1.xyz,79.53,20.553,,-179.98,18.693,,84.26,23.773,,174.40,20.157,
4qbi_ZN_homo_d2.60_cluster2,6,#f7b6d2,1,4qbi_ZN_homo_d2.60_cluster2,11.3094,Cx2Cx16Cx2C-SLLL,40.36,0.9735,0.4531,0.1700,0.2080,27.460,/Users/stetef/Documents/SLAC/pdb-scraper/data/large-cys-his-datasets/4cys-large/output/xyz_files/4qbi_ZN_homo_d2.60_cluster2.xyz,86.00,19.373,,81.26,18.243,,-179.98,16.387,,174.18,19.260,
4qbr_ZN_homo_d2.60_cluster1,3,#d62728,1,4qbr_ZN_homo_d2.60_cluster1,12.6829,Cx4Cx28Cx2C-LLLL,-4.38,0.9872,0.4889,0.1800,0.2250,20.050,/Users/stetef/Documents/SLAC/pdb-scraper/data/large-cys-his-datasets/4cys-large/output/xyz_files/4qbr_ZN_homo_d2.60_cluster1.xyz,-161.99,17.957,,76.78,17.430,,-100.68,28.373,,168.37,20.080,
4qbr_ZN_homo_d2.60_cluster2,3,#d62728,1,4qbr_ZN_homo_d2.60_cluster2,12.5050,Cx2Cx18Cx2C-LLSH,60.29,0.9878,0.4806,0.1800,0.2250,18.030,/Users/stetef/Documents/SLAC/pdb-scraper/data/large-cys-his-datasets/4cys-large/output/xyz_files/4qbr_ZN_homo_d2.60_cluster2.xyz,87.75,17.060,,-115.34,15.303,,171.74,17.143,,97.00,20.403,
4qbr_ZN_homo_d2.60_cluster3,5,#c49c94,1,4qbr_ZN_homo_d2.60_cluster3,18.7505,Cx2Cx16Cx2C-LLHH,58.15,0.9845,0.5302,0.1800,0.2250,22.180,/Users/stetef/Documents/SLAC/pdb-scraper/data/large-cys-his-datasets/4cys-large/output/xyz_files/4qbr_ZN_homo_d2.60_cluster3.xyz,95.14,22.383,,170.08,19.227,,87.17,18.073,,-119.79,21.730,
4qbr_ZN_homo_d2.60_cluster4,2,#2ca02c,1,4qbr_ZN_homo_d2.60_cluster4,13.7425,Cx4Cx28Cx2C-LLLL,-5.83,0.9790,0.4859,0.1800,0.2250,18.980,/Users/stetef/Documents/SLAC/pdb-scraper/data/large-cys-his-datasets/4cys-large/output/xyz_files/4qbr_ZN_homo_d2.60_cluster4.xyz,-162.31,18.217,,79.78,17.040,,-106.88,22.020,,166.10,18.700,
4qbr_ZN_homo_d2.60_cluster5,3,#d62728,1,4qbr_ZN_homo_d2.60_cluster5,12.6839,Cx2Cx18Cx2C-LLSH,59.65,0.9927,0.4802,0.1800,0.2250,17.830,/Users/stetef/Documents/SLAC/pdb-scraper/data/large-cys-his-datasets/4cys-large/output/xyz_files/4qbr_ZN_homo_d2.60_cluster5.xyz,87.24,18.347,,99.44,20.553,,-119.46,16.413,,171.38,15.507,
4qbr_ZN_homo_d2.60_cluster6,5,#c49c94,1,4qbr_ZN_homo_d2.60_cluster6,19.1080,Cx2Cx16Cx2C-LLHH,55.78,0.9872,0.5318,0.1800,0.2250,20.170,/Users/stetef/Documents/SLAC/pdb-scraper/data/large-cys-his-datasets/4cys-large/output/xyz_files/4qbr_ZN_homo_d2.60_cluster6.xyz,90.75,20.490,,-121.62,19.433,,167.57,18.143,,86.42,17.560,
4qbs_ZN_homo_d2.60_cluster1,8,#dbdb8d,1,4qbs_ZN_homo_d2.60_cluster1,8.1684,Cx4Cx28Cx2C-LLLL,-5.51,0.9765,0.4576,0.1690,0.2030,17.960,/Users/stetef/Documents/SLAC/pdb-scraper/data/large-cys-his-datasets/4cys-large/output/xyz_files/4qbs_ZN_homo_d2.60_cluster1.xyz,-158.13,18.780,,164.02,26.163,,-114.53,18.347,,86.60,15.780,
4qbs_ZN_homo_d2.60_cluster2,2,#2ca02c,1,4qbs_ZN_homo_d2.60_cluster2,12.9939,Cx2Cx18Cx2C-LLSH,60.09,0.9921,0.4915,0.1690,0.2030,21.230,/Users/stetef/Documents/SLAC/pdb-scraper/data/large-cys-his-datasets/4cys-large/output/xyz_files/4qbs_ZN_homo_d2.60_cluster2.xyz,91.87,20.520,,-120.21,17.507,,97.23,20.560,,171.49,18.950,
4qbs_ZN_homo_d2.60_cluster3,5,#c49c94,1,4qbs_ZN_homo_d2.60_cluster3,19.0839,Cx2Cx16Cx2C-LLSH,57.14,0.9881,0.5205,0.1690,0.2030,17.850,/Users/stetef/Documents/SLAC/pdb-scraper/data/large-cys-his-datasets/4cys-large/output/xyz_files/4qbs_ZN_homo_d2.60_cluster3.xyz,89.30,17.773,,165.86,15.237,,-117.74,18.513,,91.16,18.353,
4qeo_ZN_homo_d2.60_cluster1,6,#f7b6d2,1,4qeo_ZN_homo_d2.60_cluster1,2.5793,Cx13Cx27Cx3C-LHLL,36.99,0.9865,0.5124,0.1880,0.2260,38.820,/Users/stetef/Documents/SLAC/pdb-scraper/data/large-cys-his-datasets/4cys-large/output/xyz_files/4qeo_ZN_homo_d2.60_cluster1.xyz,-142.85,39.063,,92.84,44.510,,132.56,35.030,,65.40,34.850,
4qeo_ZN_homo_d2.60_cluster2,1,#ff7f0e,1,4qeo_ZN_homo_d2.60_cluster2,40.1403,Cx35Cx5Cx3C-LLLH,16.56,0.9832,0.7192,0.1880,0.2260,36.220,/Users/stetef/Documents/SLAC/pdb-scraper/data/large-cys-his-datasets/4cys-large/output/xyz_files/4qeo_ZN_homo_d2.60_cluster2.xyz,-112.28,41.093,,179.65,34.850,,-169.10,37.887,,167.99,40.617,
4qeo_ZN_homo_d2.60_cluster3,5,#c49c94,1,4qeo_ZN_homo_d2.60_cluster3,23.7931,Cx1Cx3Cx5C-LLLH,-63.90,0.9700,0.6222,0.1880,0.2260,42.360,/Users/stetef/Documents/SLAC/pdb-scraper/data/large-cys-his-datasets/4cys-large/output/xyz_files/4qeo_ZN_homo_d2.60_cluster3.xyz,-92.56,51.090,,-154.64,44.510,,112.92,41.093,,-121.34,49.037,
4qeo_ZN_homo_d2.60_cluster4,7,#c7c7c7,1,4qeo_ZN_homo_d2.60_cluster4,30.7302,Cx57Cx1Cx4C-LLLL,17.07,0.9777,0.7320,0.1880,0.2260,62.250,/Users/stetef/Documents/SLAC/pdb-scraper/data/large-cys-his-datasets/4cys-large/output/xyz_files/4qeo_ZN_homo_d2.60_cluster4.xyz,127.14,83.200,,-41.98,89.447,,84.38,75.907,,-101.25,60.927,
4qf2_ZN_homo_d2.60_cluster2,5,#c49c94,1,4qf2_ZN_homo_d2.60_cluster2,16.8279,Cx2Cx22Cx2C-LLHH,58.47,0.9877,0.5027,0.1840,0.2150,26.040,/Users/stetef/Documents/SLAC/pdb-scraper/data/large-cys-his-datasets/4cys-large/output/xyz_files/4qf2_ZN_homo_d2.60_cluster2.xyz,173.00,24.507,,81.19,26.843,,-109.02,23.630,,88.70,24.777,
4qf2_ZN_homo_d2.60_cluster4,8,#dbdb8d,1,4qf2_ZN_homo_d2.60_cluster4,12.9742,Cx2Cx22Cx2C-LLHH,62.02,0.9928,0.4781,0.1840,0.2150,30.010,/Users/stetef/Documents/SLAC/pdb-scraper/data/large-cys-his-datasets/4cys-large/output/xyz_files/4qf2_ZN_homo_d2.60_cluster4.xyz,86.82,34.623,,-102.21,32.863,,176.84,27.380,,86.63,26.513,
4qf2_ZN_homo_d2.60_cluster6,3,#d62728,1,4qf2_ZN_homo_d2.60_cluster6,16.3149,Cx2Cx22Cx2C-LLHH,61.17,0.9862,0.4943,0.1840,0.2150,18.490,/Users/stetef/Documents/SLAC/pdb-scraper/data/large-cys-his-datasets/4cys-large/output/xyz_files/4qf2_ZN_homo_d2.60_cluster6.xyz,87.31,20.363,,176.12,18.693,,-110.85,22.883,,92.11,19.020,
4qf2_ZN_homo_d2.60_cluster8,3,#d62728,1,4qf2_ZN_homo_d2.60_cluster8,16.7615,Cx2Cx22Cx2C-LLHH,57.97,0.9829,0.4952,0.1840,0.2150,19.830,/Users/stetef/Documents/SLAC/pdb-scraper/data/large-cys-his-datasets/4cys-large/output/xyz_files/4qf2_ZN_homo_d2.60_cluster8.xyz,172.29,21.160,,-113.56,17.817,,83.42,19.850,,89.74,17.803,
4qf3_ZN_homo_d2.60_cluster2,4,#9467bd,1,4qf3_ZN_homo_d2.60_cluster2,13.0645,Cx2Cx22Cx2C-LLHH,60.56,0.9981,0.4828,0.1920,0.2210,21.940,/Users/stetef/Documents/SLAC/pdb-scraper/data/large-cys-his-datasets/4cys-large/output/xyz_files/4qf3_ZN_homo_d2.60_cluster2.xyz,89.40,25.893,,173.85,20.170,,-110.36,20.650,,89.33,20.687,
4qf3_ZN_homo_d2.60_cluster4,3,#d62728,1,4qf3_ZN_homo_d2.60_cluster4,12.0025,Cx2Cx22Cx2C-LLHH,61.68,0.9973,0.4904,0.1920,0.2210,22.060,/Users/stetef/Documents/SLAC/pdb-scraper/data/large-cys-his-datasets/4cys-large/output/xyz_files/4qf3_ZN_homo_d2.60_cluster4.xyz,89.22,25.863,,89.75,19.880,,179.24,21.160,,-111.50,23.277,
4qpl_ZN_homo_d2.60_cluster1,8,#dbdb8d,1,4qpl_ZN_homo_d2.60_cluster1,17.3939,Cx2Cx16Cx2C-LLSH,1.50,0.9946,0.5256,0.1880,0.2220,30.960,/Users/stetef/Documents/SLAC/pdb-scraper/data/large-cys-his-datasets/4cys-large/output/xyz_files/4qpl_ZN_homo_d2.60_cluster1.xyz,97.01,29.453,,161.57,29.510,,-147.03,26.157,,-105.54,29.823,
4qpl_ZN_homo_d2.60_cluster3,2,#2ca02c,1,4qpl_ZN_homo_d2.60_cluster3,17.1460,Cx2Cx16Cx2C-LLSH,2.29,0.9960,0.5243,0.1880,0.2220,28.270,/Users/stetef/Documents/SLAC/pdb-scraper/data/large-cys-his-datasets/4cys-large/output/xyz_files/4qpl_ZN_homo_d2.60_cluster3.xyz,162.39,25.210,,99.33,25.137,,-101.55,25.257,,-151.03,23.310,
4qq4_ZN_homo_d2.60_cluster1,5,#c49c94,1,4qq4_ZN_homo_d2.60_cluster1,5.9261,Cx2Cx18Cx10C-LLHL,56.69,0.9892,0.5015,0.1830,0.2230,18.280,/Users/stetef/Documents/SLAC/pdb-scraper/data/large-cys-his-datasets/4cys-large/output/xyz_files/4qq4_ZN_homo_d2.60_cluster1.xyz,-94.51,18.960,,50.00,19.097,,178.98,18.310,,92.28,19.120,
4qq4_ZN_homo_d2.60_cluster3,1,#ff7f0e,1,4qq4_ZN_homo_d2.60_cluster3,6.2653,Cx2Cx18Cx10C-LLHL,55.34,0.9878,0.5037,0.1830,0.2230,17.820,/Users/stetef/Documents/SLAC/pdb-scraper/data/large-cys-his-datasets/4cys-large/output/xyz_files/4qq4_ZN_homo_d2.60_cluster3.xyz,94.43,19.343,,50.31,17.183,,175.15,15.700,,-98.54,17.390,
4qtt_ZN_homo_d2.60_cluster1,7,#c7c7c7,1,4qtt_ZN_homo_d2.60_cluster1,17.4437,Cx4Cx95Cx2C-LHLL,70.37,0.9742,0.5512,0.1940,0.2420,42.610,/Users/stetef/Documents/SLAC/pdb-scraper/data/large-cys-his-datasets/4cys-large/output/xyz_files/4qtt_ZN_homo_d2.60_cluster1.xyz,-178.93,41.450,,178.89,43.670,,178.00,35.253,,103.53,47.690,
4qtt_ZN_homo_d2.60_cluster2,7,#c7c7c7,1,4qtt_ZN_homo_d2.60_cluster2,18.3999,Cx4Cx95Cx2C-LHLL,-18.65,0.9777,0.5545,0.1940,0.2420,45.780,/Users/stetef/Documents/SLAC/pdb-scraper/data/large-cys-his-datasets/4cys-large/output/xyz_files/4qtt_ZN_homo_d2.60_cluster2.xyz,175.28,38.437,,-179.37,39.350,,-171.36,49.863,,100.86,50.000,
4rkh_ZN_homo_d2.60_cluster1,7,#c7c7c7,1,4rkh_ZN_homo_d2.60_cluster1,23.9378,Cx1Cx11Cx4C-LLLH,-78.83,0.9858,0.6314,0.2000,0.2540,14.710,/Users/stetef/Documents/SLAC/pdb-scraper/data/large-cys-his-datasets/4cys-large/output/xyz_files/4rkh_ZN_homo_d2.60_cluster1.xyz,-124.08,17.780,,66.22,15.180,,-99.47,16.417,,-157.98,18.073,
4rkh_ZN_homo_d2.60_cluster10,1,#ff7f0e,1,4rkh_ZN_homo_d2.60_cluster10,24.2704,Cx1Cx11Cx4C-LLLH,-78.93,0.9855,0.6269,0.2000,0.2540,15.720,/Users/stetef/Documents/SLAC/pdb-scraper/data/large-cys-his-datasets/4cys-large/output/xyz_files/4rkh_ZN_homo_d2.60_cluster10.xyz,-124.47,16.957,,62.40,15.557,,-97.36,15.730,,-156.28,16.347,
4rkh_ZN_homo_d2.60_cluster11,3,#d62728,1,4rkh_ZN_homo_d2.60_cluster11,37.0772,Cx13Cx4Cx2C-LLLL,105.45,0.9915,0.7755,0.2000,0.2540,15.790,/Users/stetef/Documents/SLAC/pdb-scraper/data/large-cys-his-datasets/4cys-large/output/xyz_files/4rkh_ZN_homo_d2.60_cluster11.xyz,171.85,18.020,,172.49,15.557,,-98.92,16.637,,176.37,18.087,
4rkh_ZN_homo_d2.60_cluster12,3,#d62728,1,4rkh_ZN_homo_d2.60_cluster12,9.8579,Cx20Cx6Cx2C-LHLL,43.71,0.9578,0.5237,0.2000,0.2540,17.100,/Users/stetef/Documents/SLAC/pdb-scraper/data/large-cys-his-datasets/4cys-large/output/xyz_files/4rkh_ZN_homo_d2.60_cluster12.xyz,-149.78,17.530,,167.60,18.617,,98.16,16.347,,58.84,18.020,
4rkh_ZN_homo_d2.60_cluster2,2,#2ca02c,1,4rkh_ZN_homo_d2.60_cluster2,38.0991,Cx13Cx4Cx2C-LLLL,16.92,0.9918,0.8132,0.2000,0.2540,15.260,/Users/stetef/Documents/SLAC/pdb-scraper/data/large-cys-his-datasets/4cys-large/output/xyz_files/4rkh_ZN_homo_d2.60_cluster2.xyz,-104.28,16.170,,-175.69,16.180,,172.79,15.180,,174.86,14.690,
4rkh_ZN_homo_d2.60_cluster3,5,#c49c94,1,4rkh_ZN_homo_d2.60_cluster3,10.1037,Cx20Cx6Cx2C-LHLL,44.95,0.9713,0.5240,0.2000,0.2540,17.810,/Users/stetef/Documents/SLAC/pdb-scraper/data/large-cys-his-datasets/4cys-large/output/xyz_files/4rkh_ZN_homo_d2.60_cluster3.xyz,171.25,19.563,,66.06,14.690,,94.19,18.073,,-151.68,16.133,
4rkh_ZN_homo_d2.60_cluster4,1,#ff7f0e,1,4rkh_ZN_homo_d2.60_cluster4,24.2987,Cx1Cx11Cx4C-LLLH,-77.01,0.9875,0.6151,0.2000,0.2540,16.470,/Users/stetef/Documents/SLAC/pdb-scraper/data/large-cys-his-datasets/4cys-large/output/xyz_files/4rkh_ZN_homo_d2.60_cluster4.xyz,-95.60,17.050,,65.80,16.273,,-123.05,21.290,,-155.20,20.943,
4rkh_ZN_homo_d2.60_cluster5,0,#1f77b4,1,4rkh_ZN_homo_d2.60_cluster5,37.7856,Cx13Cx4Cx2C-LLLL,17.42,0.9927,0.7830,0.2000,0.2540,16.040,/Users/stetef/Documents/SLAC/pdb-scraper/data/large-cys-his-datasets/4cys-large/output/xyz_files/4rkh_ZN_homo_d2.60_cluster5.xyz,177.45,18.240,,-177.69,21.713,,175.58,16.273,,-105.64,18.217,
4rkh_ZN_homo_d2.60_cluster6,7,#c7c7c7,1,4rkh_ZN_homo_d2.60_cluster6,9.8535,Cx20Cx6Cx2C-LHLL,46.93,0.9612,0.5197,0.2000,0.2540,18.930,/Users/stetef/Documents/SLAC/pdb-scraper/data/large-cys-his-datasets/4cys-large/output/xyz_files/4rkh_ZN_homo_d2.60_cluster6.xyz,-151.58,19.283,,98.23,20.943,,171.42,24.280,,69.64,18.240,
4rkh_ZN_homo_d2.60_cluster7,6,#f7b6d2,1,4rkh_ZN_homo_d2.60_cluster7,23.7931,Cx1Cx11Cx4C-LLLH,-79.54,0.9902,0.6346,0.2000,0.2540,14.740,/Users/stetef/Documents/SLAC/pdb-scraper/data/large-cys-his-datasets/4cys-large/output/xyz_files/4rkh_ZN_homo_d2.60_cluster7.xyz,-93.29,14.913,,-124.25,16.647,,-161.86,16.013,,61.27,12.957,
4rkh_ZN_homo_d2.60_cluster8,7,#c7c7c7,1,4rkh_ZN_homo_d2.60_cluster8,38.2788,Cx13Cx4Cx2C-LLLL,16.28,0.9810,0.7833,0.2000,0.2540,13.880,/Users/stetef/Documents/SLAC/pdb-scraper/data/large-cys-his-datasets/4cys-large/output/xyz_files/4rkh_ZN_homo_d2.60_cluster8.xyz,172.27,12.957,,-102.70,14.723,,-177.04,14.733,,172.59,14.727,
4rkh_ZN_homo_d2.60_cluster9,7,#c7c7c7,1,4rkh_ZN_homo_d2.60_cluster9,9.4325,Cx20Cx6Cx2C-LHLL,45.04,0.9651,0.5193,0.2000,0.2540,14.340,/Users/stetef/Documents/SLAC/pdb-scraper/data/large-cys-his-datasets/4cys-large/output/xyz_files/4rkh_ZN_homo_d2.60_cluster9.xyz,173.61,18.123,,91.98,16.013,,-151.90,16.527,,66.46,14.727,
4rmg_ZN_homo_d2.60_cluster1,0,#1f77b4,1,4rmg_ZN_homo_d2.60_cluster1,17.0523,Cx4Cx20Cx2C-SLLL,63.49,0.9635,0.5131,0.2050,0.2470,30.700,/Users/stetef/Documents/SLAC/pdb-scraper/data/large-cys-his-datasets/4cys-large/output/xyz_files/4rmg_ZN_homo_d2.60_cluster1.xyz,155.02,33.667,,168.45,30.253,,90.20,32.663,,-159.69,30.383,
4rmh_ZN_homo_d2.60_cluster1,8,#dbdb8d,1,4rmh_ZN_homo_d2.60_cluster1,17.3371,Cx4Cx20Cx2C-SLLL,64.85,0.9736,0.5166,0.1810,0.1880,14.760,/Users/stetef/Documents/SLAC/pdb-scraper/data/large-cys-his-datasets/4cys-large/output/xyz_files/4rmh_ZN_homo_d2.60_cluster1.xyz,-158.55,15.170,,90.73,15.587,,174.11,15.557,,153.11,18.220,
4rmi_ZN_homo_d2.60_cluster1,2,#2ca02c,1,4rmi_ZN_homo_d2.60_cluster1,17.7277,Cx4Cx20Cx2C-SLLL,61.76,0.9678,0.5190,0.2610,0.2820,11.650,/Users/stetef/Documents/SLAC/pdb-scraper/data/large-cys-his-datasets/4cys-large/output/xyz_files/4rmi_ZN_homo_d2.60_cluster1.xyz,85.66,13.407,,150.40,14.173,,177.27,14.153,,-166.30,10.303,
4rmj_ZN_homo_d2.60_cluster1,2,#2ca02c,1,4rmj_ZN_homo_d2.60_cluster1,18.4093,Cx4Cx20Cx2C-SLLL,60.28,0.9474,0.5292,0.2110,0.2400,53.980,/Users/stetef/Documents/SLAC/pdb-scraper/data/large-cys-his-datasets/4cys-large/output/xyz_files/4rmj_ZN_homo_d2.60_cluster1.xyz,152.72,58.787,,87.88,51.703,,169.27,48.220,,-168.76,49.117,
4rmj_ZN_homo_d2.60_cluster2,8,#dbdb8d,1,4rmj_ZN_homo_d2.60_cluster2,16.2944,Cx4Cx20Cx2C-SLLL,-26.49,0.9569,0.5104,0.2110,0.2400,52.950,/Users/stetef/Documents/SLAC/pdb-scraper/data/large-cys-his-datasets/4cys-large/output/xyz_files/4rmj_ZN_homo_d2.60_cluster2.xyz,-175.57,52.370,,148.31,61.733,,-171.36,51.943,,92.66,56.977,
4rna_ZN_homo_d2.60_cluster1,3,#d62728,1,4rna_ZN_homo_d2.60_cluster1,16.1993,Cx2Cx31Cx1C-SLLL,-5.03,0.9981,0.4185,0.1910,0.2410,37.480,/Users/stetef/Documents/SLAC/pdb-scraper/data/large-cys-his-datasets/4cys-large/output/xyz_files/4rna_ZN_homo_d2.60_cluster1.xyz,-107.12,40.543,,110.56,39.347,,-174.92,36.787,,151.35,36.023,
4s3o_ZN_homo_d2.60_cluster1,1,#ff7f0e,1,4s3o_ZN_homo_d2.60_cluster1,17.9031,Cx2Cx17Cx2C-LLSH,-0.98,0.9926,0.5421,0.1960,0.2370,29.130,/Users/stetef/Documents/SLAC/pdb-scraper/data/large-cys-his-datasets/4cys-large/output/xyz_files/4s3o_ZN_homo_d2.60_cluster1.xyz,94.89,26.960,,-158.17,31.267,,-108.65,28.370,,168.03,24.493,
4s3o_ZN_homo_d2.60_cluster3,9,#9edae5,1,4s3o_ZN_homo_d2.60_cluster3,17.5091,Cx2Cx17Cx2C-LLSH,-1.67,0.9893,0.5383,0.1960,0.2370,35.650,/Users/stetef/Documents/SLAC/pdb-scraper/data/large-cys-his-datasets/4cys-large/output/xyz_files/4s3o_ZN_homo_d2.60_cluster3.xyz,-108.05,36.297,,94.66,33.520,,-158.97,36.063,,165.67,31.377,
4s3o_ZN_homo_d2.60_cluster5,3,#d62728,1,4s3o_ZN_homo_d2.60_cluster5,16.9710,Cx2Cx17Cx2C-LLSH,1.82,0.9914,0.5275,0.1960,0.2370,33.200,/Users/stetef/Documents/SLAC/pdb-scraper/data/large-cys-his-datasets/4cys-large/output/xyz_files/4s3o_ZN_homo_d2.60_cluster5.xyz,96.95,37.043,,-155.68,35.623,,174.14,30.963,,-108.13,29.570,
4s3o_ZN_homo_d2.60_cluster7,5,#c49c94,1,4s3o_ZN_homo_d2.60_cluster7,17.1591,Cx2Cx17Cx2C-LLSH,1.01,0.9934,0.5257,0.1960,0.2370,29.530,/Users/stetef/Documents/SLAC/pdb-scraper/data/large-cys-his-datasets/4cys-large/output/xyz_files/4s3o_ZN_homo_d2.60_cluster7.xyz,173.67,29.463,,96.22,29.573,,-155.24,27.390,,-110.61,25.653,
4twi_ZN_homo_d2.60_cluster1,0,#1f77b4,1,4twi_ZN_homo_d2.60_cluster1,7.4105,Cx2Cx17Cx2C-SLLL,48.13,0.9747,0.4565,0.1940,0.2210,19.160,/Users/stetef/Documents/SLAC/pdb-scraper/data/large-cys-his-datasets/4cys-large/output/xyz_files/4twi_ZN_homo_d2.60_cluster1.xyz,85.45,19.927,,175.89,19.663,,91.21,22.027,,-160.04,14.897,
4twj_ZN_homo_d2.60_cluster1,8,#dbdb8d,1,4twj_ZN_homo_d2.60_cluster1,7.0658,Cx2Cx20Cx2C-SLLL,133.29,0.9894,0.4744,0.1810,0.2050,15.180,/Users/stetef/Documents/SLAC/pdb-scraper/data/large-cys-his-datasets/4cys-large/output/xyz_files/4twj_ZN_homo_d2.60_cluster1.xyz,89.52,17.437,,172.68,14.650,,175.48,14.143,,95.48,16.603,
4tzc_ZN_homo_d2.60_cluster1,5,#c49c94,1,4tzc_ZN_homo_d2.60_cluster1,7.4803,Cx2Cx64Cx2C-SLSL,132.64,0.9689,0.4878,0.1750,0.2200,20.720,/Users/stetef/Documents/SLAC/pdb-scraper/data/large-cys-his-datasets/4cys-large/output/xyz_files/4tzc_ZN_homo_d2.60_cluster1.xyz,169.05,18.847,,98.53,19.663,,91.25,20.397,,171.71,18.893,
4tzc_ZN_homo_d2.60_cluster2,2,#2ca02c,1,4tzc_ZN_homo_d2.60_cluster2,9.4917,Cx2Cx64Cx2C-SLSL,131.69,0.9581,0.4997,0.1750,0.2200,18.300,/Users/stetef/Documents/SLAC/pdb-scraper/data/large-cys-his-datasets/4cys-large/output/xyz_files/4tzc_ZN_homo_d2.60_cluster2.xyz,93.67,18.707,,91.10,17.490,,174.19,15.687,,167.81,16.883,
4tzc_ZN_homo_d2.60_cluster3,7,#c7c7c7,1,4tzc_ZN_homo_d2.60_cluster3,6.8794,Cx2Cx64Cx2C-SLSL,131.37,0.9826,0.4908,0.1750,0.2200,28.110,/Users/stetef/Documents/SLAC/pdb-scraper/data/large-cys-his-datasets/4cys-large/output/xyz_files/4tzc_ZN_homo_d2.60_cluster3.xyz,90.00,29.443,,167.69,24.770,,173.99,24.787,,93.81,28.393,
4tzc_ZN_homo_d2.60_cluster4,3,#d62728,1,4tzc_ZN_homo_d2.60_cluster4,8.3137,Cx2Cx64Cx2C-SLSL,133.18,0.9589,0.4921,0.1750,0.2200,26.190,/Users/stetef/Documents/SLAC/pdb-scraper/data/large-cys-his-datasets/4cys-large/output/xyz_files/4tzc_ZN_homo_d2.60_cluster4.xyz,96.18,30.447,,173.46,22.940,,95.16,26.247,,167.91,23.007,
4tzu_ZN_homo_d2.60_cluster1,5,#c49c94,1,4tzu_ZN_homo_d2.60_cluster1,7.5831,Cx2Cx64Cx2C-SLSL,132.35,0.9738,0.4959,0.1980,0.2390,21.190,/Users/stetef/Documents/SLAC/pdb-scraper/data/large-cys-his-datasets/4cys-large/output/xyz_files/4tzu_ZN_homo_d2.60_cluster1.xyz,98.22,20.780,,170.28,20.460,,91.53,22.883,,169.36,21.783,
4tzu_ZN_homo_d2.60_cluster2,7,#c7c7c7,1,4tzu_ZN_homo_d2.60_cluster2,9.4041,Cx2Cx64Cx2C-SLSL,131.01,0.9560,0.5056,0.1980,0.2390,34.720,/Users/stetef/Documents/SLAC/pdb-scraper/data/large-cys-his-datasets/4cys-large/output/xyz_files/4tzu_ZN_homo_d2.60_cluster2.xyz,95.29,38.843,,92.60,35.917,,170.52,35.137,,165.62,33.833,
4tzu_ZN_homo_d2.60_cluster3,0,#1f77b4,1,4tzu_ZN_homo_d2.60_cluster3,7.3550,Cx2Cx64Cx2C-SLSL,129.76,0.9673,0.4965,0.1980,0.2390,39.620,/Users/stetef/Documents/SLAC/pdb-scraper/data/large-cys-his-datasets/4cys-large/output/xyz_files/4tzu_ZN_homo_d2.60_cluster3.xyz,92.48,42.840,,162.80,35.317,,165.91,34.167,,97.85,42.197,
4tzu_ZN_homo_d2.60_cluster4,1,#ff7f0e,1,4tzu_ZN_homo_d2.60_cluster4,10.0443,Cx2Cx64Cx2C-SLSL,131.35,0.9608,0.5068,0.1980,0.2390,18.860,/Users/stetef/Documents/SLAC/pdb-scraper/data/large-cys-his-datasets/4cys-large/output/xyz_files/4tzu_ZN_homo_d2.60_cluster4.xyz,94.08,18.713,,90.02,20.483,,173.28,17.167,,168.02,17.550,
4uej_ZN_homo_d2.60_cluster1,5,#c49c94,1,4uej_ZN_homo_d2.60_cluster1,30.4744,Cx2Cx2Cx7C-LHHH,-10.62,0.9732,0.8160,0.1870,0.2280,17.950,/Users/stetef/Documents/SLAC/pdb-scraper/data/large-cys-his-datasets/4cys-large/output/xyz_files/4uej_ZN_homo_d2.60_cluster1.xyz,-110.43,19.283,,91.23,22.580,,65.37,20.143,,-88.66,20.287,
4uej_ZN_homo_d2.60_cluster4,5,#c49c94,1,4uej_ZN_homo_d2.60_cluster4,29.0166,Cx2Cx2Cx7C-LHHH,-10.07,0.9683,0.8024,0.1870,0.2280,16.490,/Users/stetef/Documents/SLAC/pdb-scraper/data/large-cys-his-datasets/4cys-large/output/xyz_files/4uej_ZN_homo_d2.60_cluster4.xyz,90.77,19.987,,-110.60,18.537,,59.03,16.823,,-79.47,22.037,
4uek_ZN_homo_d2.60_cluster2,1,#ff7f0e,1,4uek_ZN_homo_d2.60_cluster2,29.9557,Cx2Cx2Cx7C-LHHH,-12.47,0.9701,0.8056,0.2050,0.2580,23.420,/Users/stetef/Documents/SLAC/pdb-scraper/data/large-cys-his-datasets/4cys-large/output/xyz_files/4uek_ZN_homo_d2.60_cluster2.xyz,-111.76,19.343,,89.37,16.463,,61.30,15.047,,-88.80,16.457,
4uek_ZN_homo_d2.60_cluster4,7,#c7c7c7,1,4uek_ZN_homo_d2.60_cluster4,30.5478,Cx2Cx2Cx7C-LHHH,-13.75,0.9787,0.8022,0.2050,0.2580,23.060,/Users/stetef/Documents/SLAC/pdb-scraper/data/large-cys-his-datasets/4cys-large/output/xyz_files/4uek_ZN_homo_d2.60_cluster4.xyz,62.35,17.857,,88.60,16.530,,-113.07,19.130,,-92.88,25.300,
4ueo_ZN_homo_d2.60_cluster2,5,#c49c94,1,4ueo_ZN_homo_d2.60_cluster2,29.9100,Cx2Cx2Cx7C-LHHH,-13.48,0.9619,0.8182,0.1980,0.2560,51.150,/Users/stetef/Documents/SLAC/pdb-scraper/data/large-cys-his-datasets/4cys-large/output/xyz_files/4ueo_ZN_homo_d2.60_cluster2.xyz,89.50,42.147,,-91.19,39.913,,65.24,41.223,,-117.47,43.720,
4ueo_ZN_homo_d2.60_cluster5,1,#ff7f0e,1,4ueo_ZN_homo_d2.60_cluster5,30.2138,Cx2Cx2Cx7C-LHHH,-14.22,0.9745,0.8124,0.1980,0.2560,51.400,/Users/stetef/Documents/SLAC/pdb-scraper/data/large-cys-his-datasets/4cys-large/output/xyz_files/4ueo_ZN_homo_d2.60_cluster5.xyz,92.07,46.220,,-112.26,44.093,,-95.43,41.793,,58.75,45.640,
4uf0_ZN_homo_d2.60_cluster1,8,#dbdb8d,1,4uf0_ZN_homo_d2.60_cluster1,16.1180,Cx2Cx23Cx2C-LLHH,58.29,0.9936,0.4922,0.1520,0.2150,33.510,/Users/stetef/Documents/SLAC/pdb-scraper/data/large-cys-his-datasets/4cys-large/output/xyz_files/4uf0_ZN_homo_d2.60_cluster1.xyz,89.81,34.630,,90.42,31.120,,-121.27,33.780,,174.20,31.670,
4uf0_ZN_homo_d2.60_cluster2,0,#1f77b4,1,4uf0_ZN_homo_d2.60_cluster2,16.5362,Cx2Cx23Cx2C-LLHH,58.81,0.9880,0.4980,0.1520,0.2150,34.660,/Users/stetef/Documents/SLAC/pdb-scraper/data/large-cys-his-datasets/4cys-large/output/xyz_files/4uf0_ZN_homo_d2.60_cluster2.xyz,89.85,32.483,,92.03,38.027,,175.93,29.347,,-122.55,32.623,
4uh1_ZN_homo_d2.60_cluster1,7,#c7c7c7,1,4uh1_ZN_homo_d2.60_cluster1,20.3562,Cx4C-Cx4C-LL-LL,43.94,0.9751,0.3302,0.2010,0.2340,31.170,/Users/stetef/Documents/SLAC/pdb-scraper/data/large-cys-his-datasets/4cys-large/output/xyz_files/4uh1_ZN_homo_d2.60_cluster1.xyz,151.72,35.100,,-67.34,31.570,,-67.13,32.160,,158.51,35.520,
4uh2_ZN_homo_d2.60_cluster1,5,#c49c94,1,4uh2_ZN_homo_d2.60_cluster1,20.2163,Cx4C-Cx4C-LL-LL,41.06,0.9642,0.3344,0.1810,0.2160,38.310,/Users/stetef/Documents/SLAC/pdb-scraper/data/large-cys-his-datasets/4cys-large/output/xyz_files/4uh2_ZN_homo_d2.60_cluster1.xyz,-67.46,43.660,,146.90,49.530,,-66.36,45.770,,151.15,49.147,
4uh4_ZN_homo_d2.60_cluster1,5,#c49c94,1,4uh4_ZN_homo_d2.60_cluster1,20.2008,Cx4C-Cx4C-LL-LL,42.19,0.9729,0.3277,0.1920,0.2240,34.160,/Users/stetef/Documents/SLAC/pdb-scraper/data/large-cys-his-datasets/4cys-large/output/xyz_files/4uh4_ZN_homo_d2.60_cluster1.xyz,152.23,44.120,,151.13,40.183,,-68.46,39.093,,-66.13,38.010,
4uh5_ZN_homo_d2.60_cluster1,7,#c7c7c7,1,4uh5_ZN_homo_d2.60_cluster1,19.4372,Cx4C-Cx4C-LL-LL,39.34,0.9720,0.3079,0.1980,0.2470,42.960,/Users/stetef/Documents/SLAC/pdb-scraper/data/large-cys-his-datasets/4cys-large/output/xyz_files/4uh5_ZN_homo_d2.60_cluster1.xyz,-76.06,42.573,,-71.07,41.553,,152.99,47.487,,151.53,43.813,
4uh6_ZN_homo_d2.60_cluster1,0,#1f77b4,1,4uh6_ZN_homo_d2.60_cluster1,19.2481,Cx4C-Cx4C-LL-LL,42.83,0.9685,0.3137,0.1750,0.2130,33.530,/Users/stetef/Documents/SLAC/pdb-scraper/data/large-cys-his-datasets/4cys-large/output/xyz_files/4uh6_ZN_homo_d2.60_cluster1.xyz,-63.85,35.840,,-74.30,34.527,,154.31,37.780,,155.15,35.430,
4up0_ZN_homo_d2.60_cluster2,6,#f7b6d2,1,4up0_ZN_homo_d2.60_cluster2,13.0838,Cx3Cx28Cx2C-LLLL,58.96,0.9832,0.5180,0.1390,0.1660,16.170,/Users/stetef/Documents/SLAC/pdb-scraper/data/large-cys-his-datasets/4cys-large/output/xyz_files/4up0_ZN_homo_d2.60_cluster2.xyz,91.35,17.543,,91.22,14.070,,-120.34,24.117,,173.62,13.490,
4up5_ZN_homo_d2.60_cluster2,5,#c49c94,1,4up5_ZN_homo_d2.60_cluster2,17.4178,Cx3Cx28Cx2C-LLLL,57.80,0.9954,0.5560,0.1830,0.2110,24.690,/Users/stetef/Documents/SLAC/pdb-scraper/data/large-cys-his-datasets/4cys-large/output/xyz_files/4up5_ZN_homo_d2.60_cluster2.xyz,-123.67,33.397,,171.18,20.687,,93.38,29.433,,90.33,22.910,
4upm_ZN_homo_d2.60_cluster1,7,#c7c7c7,1,4upm_ZN_homo_d2.60_cluster1,19.8527,Cx4C-Cx4C-LL-LL,40.65,0.9697,0.3209,0.1790,0.2100,34.970,/Users/stetef/Documents/SLAC/pdb-scraper/data/large-cys-his-datasets/4cys-large/output/xyz_files/4upm_ZN_homo_d2.60_cluster1.xyz,150.80,45.300,,-68.80,40.307,,150.60,42.760,,-70.00,39.163,
4upo_ZN_homo_d2.60_cluster1,5,#c49c94,1,4upo_ZN_homo_d2.60_cluster1,20.1477,Cx4C-Cx4C-LL-LL,44.70,0.9767,0.3302,0.1860,0.2240,38.880,/Users/stetef/Documents/SLAC/pdb-scraper/data/large-cys-his-datasets/4cys-large/output/xyz_files/4upo_ZN_homo_d2.60_cluster1.xyz,-61.87,39.807,,153.53,46.257,,152.15,43.043,,-65.01,39.937,
4upp_ZN_homo_d2.60_cluster1,5,#c49c94,1,4upp_ZN_homo_d2.60_cluster1,20.3044,Cx4C-Cx4C-LL-LL,43.94,0.9718,0.3421,0.1880,0.2180,31.760,/Users/stetef/Documents/SLAC/pdb-scraper/data/large-cys-his-datasets/4cys-large/output/xyz_files/4upp_ZN_homo_d2.60_cluster1.xyz,150.53,39.873,,155.16,38.583,,-64.31,36.457,,-65.64,34.267,
4upr_ZN_homo_d2.60_cluster1,1,#ff7f0e,1,4upr_ZN_homo_d2.60_cluster1,20.9037,Cx4C-Cx4C-LL-LL,40.36,0.9852,0.3152,0.1730,0.2070,47.050,/Users/stetef/Documents/SLAC/pdb-scraper/data/large-cys-his-datasets/4cys-large/output/xyz_files/4upr_ZN_homo_d2.60_cluster1.xyz,155.17,50.850,,-74.54,50.337,,154.19,52.207,,-73.36,48.560,
4ups_ZN_homo_d2.60_cluster1,1,#ff7f0e,1,4ups_ZN_homo_d2.60_cluster1,21.0252,Cx4C-Cx4C-LL-LL,41.39,0.9834,0.3182,0.1790,0.2130,50.090,/Users/stetef/Documents/SLAC/pdb-scraper/data/large-cys-his-datasets/4cys-large/output/xyz_files/4ups_ZN_homo_d2.60_cluster1.xyz,156.37,53.077,,155.68,56.307,,-72.13,51.363,,-74.38,52.400,
4v2y_ZN_homo_d2.60_cluster1,5,#c49c94,1,4v2y_ZN_homo_d2.60_cluster1,6.6335,Cx2Cx62Cx2C-SLSL,43.34,0.9883,0.4706,0.1640,0.1950,12.180,/Users/stetef/Documents/SLAC/pdb-scraper/data/large-cys-his-datasets/4cys-large/output/xyz_files/4v2y_ZN_homo_d2.60_cluster1.xyz,91.34,13.433,,93.77,14.327,,166.80,11.300,,-178.55,11.457,
4v2y_ZN_homo_d2.60_cluster2,1,#ff7f0e,1,4v2y_ZN_homo_d2.60_cluster2,6.6478,Cx2Cx62Cx2C-SLSL,130.26,0.9873,0.4710,0.1640,0.1950,15.220,/Users/stetef/Documents/SLAC/pdb-scraper/data/large-cys-his-datasets/4cys-large/output/xyz_files/4v2y_ZN_homo_d2.60_cluster2.xyz,172.59,14.703,,89.51,16.457,,169.19,14.547,,89.75,16.633,
4v2y_ZN_homo_d2.60_cluster3,4,#9467bd,1,4v2y_ZN_homo_d2.60_cluster3,6.5054,Cx2Cx62Cx2C-SLSL,131.15,0.9893,0.4740,0.1640,0.1950,15.050,/Users/stetef/Documents/SLAC/pdb-scraper/data/large-cys-his-datasets/4cys-large/output/xyz_files/4v2y_ZN_homo_d2.60_cluster3.xyz,88.48,16.270,,170.60,16.357,,90.93,18.130,,174.57,14.273,
4v2z_ZN_homo_d2.60_cluster1,6,#f7b6d2,1,4v2z_ZN_homo_d2.60_cluster1,6.7575,Cx2Cx62Cx2C-SLSL,43.61,0.9879,0.4723,0.1700,0.2030,13.660,/Users/stetef/Documents/SLAC/pdb-scraper/data/large-cys-his-datasets/4cys-large/output/xyz_files/4v2z_ZN_homo_d2.60_cluster1.xyz,94.43,15.980,,94.04,15.010,,165.62,12.743,,-179.66,13.090,
4v2z_ZN_homo_d2.60_cluster2,2,#2ca02c,1,4v2z_ZN_homo_d2.60_cluster2,6.5666,Cx2Cx62Cx2C-SLSL,131.34,0.9886,0.4716,0.1700,0.2030,18.260,/Users/stetef/Documents/SLAC/pdb-scraper/data/large-cys-his-datasets/4cys-large/output/xyz_files/4v2z_ZN_homo_d2.60_cluster2.xyz,91.36,20.627,,174.61,17.353,,169.74,16.297,,89.63,19.823,
4v2z_ZN_homo_d2.60_cluster3,9,#9edae5,1,4v2z_ZN_homo_d2.60_cluster3,6.4228,Cx2Cx62Cx2C-SLSL,131.41,0.9898,0.4764,0.1700,0.2030,17.400,/Users/stetef/Documents/SLAC/pdb-scraper/data/large-cys-his-datasets/4cys-large/output/xyz_files/4v2z_ZN_homo_d2.60_cluster3.xyz,88.93,19.423,,91.05,20.140,,169.35,18.997,,176.30,16.380,
4v30_ZN_homo_d2.60_cluster1,8,#dbdb8d,1,4v30_ZN_homo_d2.60_cluster1,6.9499,Cx2Cx62Cx2C-SLSL,133.06,0.9919,0.4774,0.1880,0.2390,20.300,/Users/stetef/Documents/SLAC/pdb-scraper/data/large-cys-his-datasets/4cys-large/output/xyz_files/4v30_ZN_homo_d2.60_cluster1.xyz,95.28,21.397,,97.80,21.077,,164.32,18.747,,174.83,18.623,
4v30_ZN_homo_d2.60_cluster2,3,#d62728,1,4v30_ZN_homo_d2.60_cluster2,6.8758,Cx2Cx62Cx2C-SLSL,127.94,0.9848,0.4725,0.1880,0.2390,28.330,/Users/stetef/Documents/SLAC/pdb-scraper/data/large-cys-his-datasets/4cys-large/output/xyz_files/4v30_ZN_homo_d2.60_cluster2.xyz,85.22,31.990,,87.90,31.207,,172.22,24.847,,166.41,26.007,
4v30_ZN_homo_d2.60_cluster3,5,#c49c94,1,4v30_ZN_homo_d2.60_cluster3,7.5060,Cx2Cx62Cx2C-SLSL,131.88,0.9905,0.4842,0.1880,0.2390,30.150,/Users/stetef/Documents/SLAC/pdb-scraper/data/large-cys-his-datasets/4cys-large/output/xyz_files/4v30_ZN_homo_d2.60_cluster3.xyz,91.52,32.547,,178.69,28.533,,88.00,32.087,,169.31,31.107,
4v31_ZN_homo_d2.60_cluster1,3,#d62728,1,4v31_ZN_homo_d2.60_cluster1,6.8346,Cx2Cx62Cx2C-SLSL,131.86,0.9882,0.4648,0.1670,0.2190,14.730,/Users/stetef/Documents/SLAC/pdb-scraper/data/large-cys-his-datasets/4cys-large/output/xyz_files/4v31_ZN_homo_d2.60_cluster1.xyz,163.19,14.390,,94.79,15.630,,90.84,15.333,,178.61,14.730,
4v31_ZN_homo_d2.60_cluster2,8,#dbdb8d,1,4v31_ZN_homo_d2.60_cluster2,7.4212,Cx2Cx62Cx2C-SLSL,129.34,0.9863,0.4771,0.1670,0.2190,19.550,/Users/stetef/Documents/SLAC/pdb-scraper/data/large-cys-his-datasets/4cys-large/output/xyz_files/4v31_ZN_homo_d2.60_cluster2.xyz,174.61,16.303,,87.20,20.223,,164.84,18.903,,90.72,20.287,
4v31_ZN_homo_d2.60_cluster3,6,#f7b6d2,1,4v31_ZN_homo_d2.60_cluster3,7.1251,Cx2Cx62Cx2C-SLSL,129.57,0.9871,0.4801,0.1670,0.2190,19.710,/Users/stetef/Documents/SLAC/pdb-scraper/data/large-cys-his-datasets/4cys-large/output/xyz_files/4v31_ZN_homo_d2.60_cluster3.xyz,85.55,25.967,,89.22,20.447,,174.60,18.737,,168.89,21.667,
4v32_ZN_homo_d2.60_cluster1,2,#2ca02c,1,4v32_ZN_homo_d2.60_cluster1,7.3168,Cx2Cx62Cx2C-SLSL,133.70,0.9897,0.4868,0.1850,0.2400,19.510,/Users/stetef/Documents/SLAC/pdb-scraper/data/large-cys-his-datasets/4cys-large/output/xyz_files/4v32_ZN_homo_d2.60_cluster1.xyz,95.97,22.443,,165.31,17.370,,178.25,18.507,,95.27,20.820,
4v32_ZN_homo_d2.60_cluster2,3,#d62728,1,4v32_ZN_homo_d2.60_cluster2,6.6809,Cx2Cx62Cx2C-SLSL,128.55,0.9798,0.4723,0.1850,0.2400,27.900,/Users/stetef/Documents/SLAC/pdb-scraper/data/large-cys-his-datasets/4cys-large/output/xyz_files/4v32_ZN_homo_d2.60_cluster2.xyz,89.57,29.293,,92.67,29.860,,159.83,25.460,,172.14,24.347,
4v32_ZN_homo_d2.60_cluster3,3,#d62728,1,4v32_ZN_homo_d2.60_cluster3,6.2931,Cx2Cx62Cx2C-SLSL,130.89,0.9891,0.4803,0.1850,0.2400,28.560,/Users/stetef/Documents/SLAC/pdb-scraper/data/large-cys-his-datasets/4cys-large/output/xyz_files/4v32_ZN_homo_d2.60_cluster3.xyz,90.88,30.253,,172.96,28.637,,89.68,32.307,,170.02,32.117,
4v3x_ZN_homo_d2.60_cluster1,7,#c7c7c7,1,4v3x_ZN_homo_d2.60_cluster1,20.6994,Cx4C-Cx4C-LL-LL,43.76,0.9717,0.3319,0.1890,0.2390,46.540,/Users/stetef/Documents/SLAC/pdb-scraper/data/large-cys-his-datasets/4cys-large/output/xyz_files/4v3x_ZN_homo_d2.60_cluster1.xyz,153.99,51.087,,-64.40,46.980,,154.57,50.380,,-69.11,48.513,
4v3y_ZN_homo_d2.60_cluster1,7,#c7c7c7,1,4v3y_ZN_homo_d2.60_cluster1,20.8855,Cx4C-Cx4C-LL-LL,40.57,0.9784,0.3330,0.1940,0.2490,25.000,/Users/stetef/Documents/SLAC/pdb-scraper/data/large-cys-his-datasets/4cys-large/output/xyz_files/4v3y_ZN_homo_d2.60_cluster1.xyz,151.57,34.463,,150.23,29.700,,-68.47,21.373,,-71.06,32.237,
4wuy_ZN_homo_d2.60_cluster2,0,#1f77b4,1,4wuy_ZN_homo_d2.60_cluster2,29.8736,Cx52Cx1Cx2C-LLHH,3.66,0.9772,0.7104,0.1540,0.2000,14.410,/Users/stetef/Documents/SLAC/pdb-scraper/data/large-cys-his-datasets/4cys-large/output/xyz_files/4wuy_ZN_homo_d2.60_cluster2.xyz,-105.89,16.793,,130.01,12.207,,91.34,15.773,,-100.83,12.887,
4wuy_ZN_homo_d2.60_cluster3,0,#1f77b4,1,4wuy_ZN_homo_d2.60_cluster3,24.6051,Cx2Cx18Cx3C-LLLH,80.21,0.9709,0.6112,0.1540,0.2000,13.860,/Users/stetef/Documents/SLAC/pdb-scraper/data/large-cys-his-datasets/4cys-large/output/xyz_files/4wuy_ZN_homo_d2.60_cluster3.xyz,91.55,11.670,,157.19,11.523,,-102.77,14.210,,174.87,11.450,
4x3o_ZN_homo_d2.60_cluster1,8,#dbdb8d,1,4x3o_ZN_homo_d2.60_cluster1,16.1120,Cx4Cx20Cx2C-SLLL,63.64,0.9663,0.5107,0.1230,0.1570,12.460,/Users/stetef/Documents/SLAC/pdb-scraper/data/large-cys-his-datasets/4cys-large/output/xyz_files/4x3o_ZN_homo_d2.60_cluster1.xyz,154.86,16.150,,-161.83,11.507,,87.13,12.237,,174.40,12.567,
4x3p_ZN_homo_d2.60_cluster1,2,#2ca02c,1,4x3p_ZN_homo_d2.60_cluster1,16.6606,Cx4Cx20Cx2C-SLLL,65.17,0.9726,0.5161,0.1550,0.1730,17.900,/Users/stetef/Documents/SLAC/pdb-scraper/data/large-cys-his-datasets/4cys-large/output/xyz_files/4x3p_ZN_homo_d2.60_cluster1.xyz,153.85,23.450,,-156.74,16.690,,90.13,18.417,,173.43,18.593,
4xb6_ZN_homo_d2.60_cluster2,8,#dbdb8d,1,4xb6_ZN_homo_d2.60_cluster2,4.5448,Cx2Cx21Cx5C-LLSH,26.21,0.9907,0.4957,0.1500,0.1760,28.490,/Users/stetef/Documents/SLAC/pdb-scraper/data/large-cys-his-datasets/4cys-large/output/xyz_files/4xb6_ZN_homo_d2.60_cluster2.xyz,-66.94,25.653,,179.61,31.633,,95.43,34.350,,-103.24,26.983,
4xb6_ZN_homo_d2.60_cluster4,1,#ff7f0e,1,4xb6_ZN_homo_d2.60_cluster4,4.2524,Cx2Cx21Cx5C-LLSH,26.92,0.9809,0.4921,0.1500,0.1760,32.820,/Users/stetef/Documents/SLAC/pdb-scraper/data/large-cys-his-datasets/4cys-large/output/xyz_files/4xb6_ZN_homo_d2.60_cluster4.xyz,-65.66,33.837,,177.91,39.870,,100.27,38.773,,-104.85,33.737,
4xd2_ZN_homo_d2.60_cluster2,1,#ff7f0e,1,4xd2_ZN_homo_d2.60_cluster2,29.2839,Cx2Cx2Cx7C-LHHL,-2.77,0.9789,0.8063,0.1770,0.1980,12.900,/Users/stetef/Documents/SLAC/pdb-scraper/data/large-cys-his-datasets/4cys-large/output/xyz_files/4xd2_ZN_homo_d2.60_cluster2.xyz,94.66,14.813,,68.62,15.400,,-63.45,11.660,,-110.90,12.880,
4xd2_ZN_homo_d2.60_cluster4,5,#c49c94,1,4xd2_ZN_homo_d2.60_cluster4,29.1599,Cx2Cx2Cx7C-LHHL,-2.89,0.9768,0.7971,0.1770,0.1980,17.400,/Users/stetef/Documents/SLAC/pdb-scraper/data/large-cys-his-datasets/4cys-large/output/xyz_files/4xd2_ZN_homo_d2.60_cluster4.xyz,-62.85,15.813,,65.31,19.040,,95.76,19.290,,-109.78,15.997,
4xlg_ZN_homo_d2.60_cluster2,1,#ff7f0e,1,4xlg_ZN_homo_d2.60_cluster2,10.3444,Cx4Cx31Cx2C-LLLL,75.06,0.9904,0.4964,0.1590,0.1820,48.470,/Users/stetef/Documents/SLAC/pdb-scraper/data/large-cys-his-datasets/4cys-large/output/xyz_files/4xlg_ZN_homo_d2.60_cluster2.xyz,175.08,45.110,,177.93,53.220,,-149.43,42.973,,96.65,55.620,
4y0x_ZN_homo_d2.60_cluster1,0,#1f77b4,1,4y0x_ZN_homo_d2.60_cluster1,7.5410,Cx2Cx18Cx2C-LLLL,134.43,0.9691,0.4846,0.1980,0.2090,26.470,/Users/stetef/Documents/SLAC/pdb-scraper/data/large-cys-his-datasets/4cys-large/output/xyz_files/4y0x_ZN_homo_d2.60_cluster1.xyz,172.91,24.843,,94.88,30.693,,93.87,29.297,,176.05,22.677,
4y12_ZN_homo_d2.60_cluster1,5,#c49c94,1,4y12_ZN_homo_d2.60_cluster1,7.1792,Cx2Cx18Cx2C-LLLL,134.12,0.9758,0.4851,0.1970,0.2120,48.700,/Users/stetef/Documents/SLAC/pdb-scraper/data/large-cys-his-datasets/4cys-large/output/xyz_files/4y12_ZN_homo_d2.60_cluster1.xyz,172.44,35.673,,90.19,41.440,,96.67,44.657,,177.16,34.053,
4y6l_ZN_homo_d2.60_cluster1,8,#dbdb8d,1,4y6l_ZN_homo_d2.60_cluster1,18.9948,Cx4Cx20Cx2C-SLLL,-25.76,0.9621,0.5414,0.2080,0.2320,7.110,/Users/stetef/Documents/SLAC/pdb-scraper/data/large-cys-his-datasets/4cys-large/output/xyz_files/4y6l_ZN_homo_d2.60_cluster1.xyz,89.78,7.537,,150.83,8.940,,-163.98,6.933,,-179.66,7.573,
4y6l_ZN_homo_d2.60_cluster2,2,#2ca02c,1,4y6l_ZN_homo_d2.60_cluster2,18.7980,Cx4Cx20Cx2C-SLLL,62.66,0.9652,0.5380,0.2080,0.2320,20.570,/Users/stetef/Documents/SLAC/pdb-scraper/data/large-cys-his-datasets/4cys-large/output/xyz_files/4y6l_ZN_homo_d2.60_cluster2.xyz,149.86,22.217,,89.65,21.490,,172.65,22.357,,-161.51,17.867,
4y6o_ZN_homo_d2.60_cluster1,8,#dbdb8d,1,4y6o_ZN_homo_d2.60_cluster1,18.8221,Cx4Cx20Cx2C-SLLL,63.24,0.9644,0.5400,0.2080,0.2350,7.730,/Users/stetef/Documents/SLAC/pdb-scraper/data/large-cys-his-datasets/4cys-large/output/xyz_files/4y6o_ZN_homo_d2.60_cluster1.xyz,149.39,9.860,,91.40,7.903,,-165.71,7.853,,177.88,8.407,
4y6o_ZN_homo_d2.60_cluster2,8,#dbdb8d,1,4y6o_ZN_homo_d2.60_cluster2,18.7667,Cx4Cx20Cx2C-SLLL,63.58,0.9637,0.5385,0.2080,0.2350,20.740,/Users/stetef/Documents/SLAC/pdb-scraper/data/large-cys-his-datasets/4cys-large/output/xyz_files/4y6o_ZN_homo_d2.60_cluster2.xyz,148.66,23.013,,-160.77,17.607,,174.82,21.443,,91.62,21.987,
4y6q_ZN_homo_d2.60_cluster1,8,#dbdb8d,1,4y6q_ZN_homo_d2.60_cluster1,19.9202,Cx4Cx20Cx2C-SLLL,62.92,0.9524,0.5284,0.2330,0.2670,21.720,/Users/stetef/Documents/SLAC/pdb-scraper/data/large-cys-his-datasets/4cys-large/output/xyz_files/4y6q_ZN_homo_d2.60_cluster1.xyz,150.33,23.273,,87.20,21.747,,-159.19,18.630,,173.33,19.533,
4y6q_ZN_homo_d2.60_cluster2,2,#2ca02c,1,4y6q_ZN_homo_d2.60_cluster2,17.7296,Cx4Cx20Cx2C-SLLL,-22.98,0.8726,0.4899,0.2330,0.2670,34.300,/Users/stetef/Documents/SLAC/pdb-scraper/data/large-cys-his-datasets/4cys-large/output/xyz_files/4y6q_ZN_homo_d2.60_cluster2.xyz,99.81,32.780,,149.48,39.110,,-171.77,34.990,,-169.44,31.123,
4y6q_ZN_homo_d2.60_cluster3,5,#c49c94,1,4y6q_ZN_homo_d2.60_cluster3,18.4515,Cx4Cx20Cx2C-SLLL,63.12,0.9735,0.5173,0.2330,0.2670,26.870,/Users/stetef/Documents/SLAC/pdb-scraper/data/large-cys-his-datasets/4cys-large/output/xyz_files/4y6q_ZN_homo_d2.60_cluster3.xyz,94.20,29.707,,-161.52,21.843,,149.98,29.733,,169.83,26.237,
4y6q_ZN_homo_d2.60_cluster4,5,#c49c94,1,4y6q_ZN_homo_d2.60_cluster4,19.9668,Cx4Cx20Cx2C-SLLL,62.99,0.8896,0.5242,0.2330,0.2670,57.690,/Users/stetef/Documents/SLAC/pdb-scraper/data/large-cys-his-datasets/4cys-large/output/xyz_files/4y6q_ZN_homo_d2.60_cluster4.xyz,160.99,60.860,,-179.60,56.153,,174.34,55.623,,96.22,51.930,
4yab_ZN_homo_d2.60_cluster2,6,#f7b6d2,1,4yab_ZN_homo_d2.60_cluster2,13.1986,Cx2Cx22Cx2C-LLLL,-27.60,0.9938,0.4941,0.1640,0.2190,27.740,/Users/stetef/Documents/SLAC/pdb-scraper/data/large-cys-his-datasets/4cys-large/output/xyz_files/4yab_ZN_homo_d2.60_cluster2.xyz,-119.66,27.123,,-179.14,31.187,,94.99,29.097,,93.40,23.683,
4yab_ZN_homo_d2.60_cluster4,3,#d62728,1,4yab_ZN_homo_d2.60_cluster4,12.4773,Cx2Cx22Cx2C-LLLL,-27.16,0.9965,0.4971,0.1640,0.2190,34.490,/Users/stetef/Documents/SLAC/pdb-scraper/data/large-cys-his-datasets/4cys-large/output/xyz_files/4yab_ZN_homo_d2.60_cluster4.xyz,-178.23,38.020,,96.64,40.370,,-117.33,31.797,,90.28,29.303,
4yad_ZN_homo_d2.60_cluster2,7,#c7c7c7,1,4yad_ZN_homo_d2.60_cluster2,13.7203,Cx2Cx22Cx2C-LLLL,-27.28,0.9959,0.4982,0.1770,0.2080,19.830,/Users/stetef/Documents/SLAC/pdb-scraper/data/large-cys-his-datasets/4cys-large/output/xyz_files/4yad_ZN_homo_d2.60_cluster2.xyz,-117.50,20.057,,-178.10,20.857,,96.46,22.633,,90.02,17.050,
4yad_ZN_homo_d2.60_cluster4,5,#c49c94,1,4yad_ZN_homo_d2.60_cluster4,12.8158,Cx2Cx22Cx2C-LLLL,-30.12,0.9939,0.4964,0.1770,0.2080,25.530,/Users/stetef/Documents/SLAC/pdb-scraper/data/large-cys-his-datasets/4cys-large/output/xyz_files/4yad_ZN_homo_d2.60_cluster4.xyz,-177.28,29.870,,90.15,31.043,,-122.28,25.767,,88.92,21.417,
4ybm_ZN_homo_d2.60_cluster2,5,#c49c94,1,4ybm_ZN_homo_d2.60_cluster2,12.3981,Cx2Cx22Cx2C-LLLL,-28.72,0.9903,0.4947,0.1650,0.1960,20.070,/Users/stetef/Documents/SLAC/pdb-scraper/data/large-cys-his-datasets/4cys-large/output/xyz_files/4ybm_ZN_homo_d2.60_cluster2.xyz,-115.18,20.150,,-178.33,20.490,,87.51,18.650,,91.14,22.270,
4ybm_ZN_homo_d2.60_cluster4,3,#d62728,1,4ybm_ZN_homo_d2.60_cluster4,11.8125,Cx2Cx22Cx2C-LLLL,-25.59,0.9891,0.4992,0.1650,0.1960,25.950,/Users/stetef/Documents/SLAC/pdb-scraper/data/large-cys-his-datasets/4cys-large/output/xyz_files/4ybm_ZN_homo_d2.60_cluster4.xyz,88.22,22.530,,-167.05,26.993,,-116.56,26.290,,93.01,29.193,
4ybs_ZN_homo_d2.60_cluster2,1,#ff7f0e,1,4ybs_ZN_homo_d2.60_cluster2,13.1723,Cx2Cx22Cx2C-LLLL,60.82,0.9963,0.4975,0.1700,0.2310,31.330,/Users/stetef/Documents/SLAC/pdb-scraper/data/large-cys-his-datasets/4cys-large/output/xyz_files/4ybs_ZN_homo_d2.60_cluster2.xyz,-114.49,30.230,,90.41,33.620,,87.65,27.037,,179.69,31.743,
4ybt_ZN_homo_d2.60_cluster2,7,#c7c7c7,1,4ybt_ZN_homo_d2.60_cluster2,12.9726,Cx2Cx22Cx2C-LLLL,60.67,0.9932,0.4958,0.1690,0.2090,34.170,/Users/stetef/Documents/SLAC/pdb-scraper/data/large-cys-his-datasets/4cys-large/output/xyz_files/4ybt_ZN_homo_d2.60_cluster2.xyz,91.04,35.587,,-114.74,31.497,,178.36,33.360,,88.04,29.483,
4yc9_ZN_homo_d2.60_cluster2,5,#c49c94,1,4yc9_ZN_homo_d2.60_cluster2,13.4518,Cx2Cx22Cx2C-LLLL,-27.72,0.9942,0.5004,0.1580,0.2040,26.590,/Users/stetef/Documents/SLAC/pdb-scraper/data/large-cys-his-datasets/4cys-large/output/xyz_files/4yc9_ZN_homo_d2.60_cluster2.xyz,-115.93,24.993,,-179.17,25.297,,97.65,29.163,,86.59,23.577,
4z0o_ZN_homo_d2.60_cluster1,2,#2ca02c,1,4z0o_ZN_homo_d2.60_cluster1,3.0988,Cx4Cx21Cx10C-LLHL,-11.48,0.9973,0.4950,0.1650,0.1860,8.810,/Users/stetef/Documents/SLAC/pdb-scraper/data/large-cys-his-datasets/4cys-large/output/xyz_files/4z0o_ZN_homo_d2.60_cluster1.xyz,166.44,9.027,,58.66,10.483,,-96.87,7.950,,-174.17,8.673,
4z0r_ZN_homo_d2.60_cluster1,7,#c7c7c7,1,4z0r_ZN_homo_d2.60_cluster1,3.6513,Cx4Cx21Cx10C-LLHL,-12.87,0.9950,0.5009,0.1780,0.1920,31.270,/Users/stetef/Documents/SLAC/pdb-scraper/data/large-cys-his-datasets/4cys-large/output/xyz_files/4z0r_ZN_homo_d2.60_cluster1.xyz,-100.83,30.097,,162.21,31.887,,-169.28,28.593,,56.41,33.320,
4z0r_ZN_homo_d2.60_cluster2,8,#dbdb8d,1,4z0r_ZN_homo_d2.60_cluster2,2.8819,Cx4Cx21Cx10C-LLHL,-13.35,0.9964,0.4951,0.1780,0.1920,26.050,/Users/stetef/Documents/SLAC/pdb-scraper/data/large-cys-his-datasets/4cys-large/output/xyz_files/4z0r_ZN_homo_d2.60_cluster2.xyz,55.22,24.143,,-101.60,25.230,,168.07,27.337,,-175.10,27.697,
4z0r_ZN_homo_d2.60_cluster3,5,#c49c94,1,4z0r_ZN_homo_d2.60_cluster3,3.3551,Cx4Cx21Cx10C-LLHL,-10.25,0.9956,0.4947,0.1780,0.1920,22.530,/Users/stetef/Documents/SLAC/pdb-scraper/data/large-cys-his-datasets/4cys-large/output/xyz_files/4z0r_ZN_homo_d2.60_cluster3.xyz,61.37,23.433,,-169.64,22.947,,169.86,24.913,,-102.60,21.300,
4z3c_ZN_homo_d2.60_cluster1,0,#1f77b4,1,4z3c_ZN_homo_d2.60_cluster1,27.0837,Cx2Cx2Cx25C-LHHL,-6.97,0.9662,0.7489,0.2160,0.2530,19.200,/Users/stetef/Documents/SLAC/pdb-scraper/data/large-cys-his-datasets/4cys-large/output/xyz_files/4z3c_ZN_homo_d2.60_cluster1.xyz,66.96,20.443,,93.19,20.107,,-118.50,18.027,,-69.52,19.290,
4z3c_ZN_homo_d2.60_cluster2,0,#1f77b4,1,4z3c_ZN_homo_d2.60_cluster2,27.4489,Cx2Cx2Cx8C-LHHL,-6.86,0.9710,0.7622,0.2160,0.2530,23.960,/Users/stetef/Documents/SLAC/pdb-scraper/data/large-cys-his-datasets/4cys-large/output/xyz_files/4z3c_ZN_homo_d2.60_cluster2.xyz,62.00,28.863,,-63.39,20.387,,88.92,26.770,,-114.99,23.917,
4z6k_ZN_homo_d2.60_cluster2,3,#d62728,1,4z6k_ZN_homo_d2.60_cluster2,31.2589,Cx2Cx2Cx7C-LHHH,-13.80,0.9803,0.8168,0.2120,0.2330,42.960,/Users/stetef/Documents/SLAC/pdb-scraper/data/large-cys-his-datasets/4cys-large/output/xyz_files/4z6k_ZN_homo_d2.60_cluster2.xyz,61.92,46.170,,-110.05,44.157,,100.19,48.753,,-107.26,43.750,
4z6k_ZN_homo_d2.60_cluster4,7,#c7c7c7,1,4z6k_ZN_homo_d2.60_cluster4,31.2390,Cx2Cx2Cx7C-LHHH,-13.42,0.9750,0.8190,0.2120,0.2330,41.210,/Users/stetef/Documents/SLAC/pdb-scraper/data/large-cys-his-datasets/4cys-large/output/xyz_files/4z6k_ZN_homo_d2.60_cluster4.xyz,99.46,45.647,,-104.35,39.140,,-108.20,44.920,,59.41,44.130,
4z6k_ZN_homo_d2.60_cluster7,3,#d62728,1,4z6k_ZN_homo_d2.60_cluster7,31.0684,Cx2Cx2Cx7C-LHHH,-12.10,0.9723,0.8069,0.2120,0.2330,44.210,/Users/stetef/Documents/SLAC/pdb-scraper/data/large-cys-his-datasets/4cys-large/output/xyz_files/4z6k_ZN_homo_d2.60_cluster7.xyz,60.99,47.080,,-107.18,46.563,,-102.90,46.763,,100.70,47.523,
4z6k_ZN_homo_d2.60_cluster9,5,#c49c94,1,4z6k_ZN_homo_d2.60_cluster9,31.0585,Cx2Cx2Cx7C-LHHH,-14.46,0.9698,0.8109,0.2120,0.2330,40.130,/Users/stetef/Documents/SLAC/pdb-scraper/data/large-cys-his-datasets/4cys-large/output/xyz_files/4z6k_ZN_homo_d2.60_cluster9.xyz,100.84,44.363,,-111.51,42.100,,-106.49,41.243,,59.31,43.337,
4zdt_ZN_homo_d2.60_cluster2,3,#d62728,1,4zdt_ZN_homo_d2.60_cluster2,11.4376,Cx4Cx26Cx2C-LLLL,66.51,0.9909,0.5267,0.2160,0.2360,32.570,/Users/stetef/Documents/SLAC/pdb-scraper/data/large-cys-his-datasets/4cys-large/output/xyz_files/4zdt_ZN_homo_d2.60_cluster2.xyz,-165.22,24.037,,95.58,28.430,,168.11,26.597,,167.58,26.323,
4zdt_ZN_homo_d2.60_cluster4,3,#d62728,1,4zdt_ZN_homo_d2.60_cluster4,12.4782,Cx4Cx26Cx2C-LLLL,66.20,0.9875,0.5307,0.2160,0.2360,36.940,/Users/stetef/Documents/SLAC/pdb-scraper/data/large-cys-his-datasets/4cys-large/output/xyz_files/4zdt_ZN_homo_d2.60_cluster4.xyz,-166.42,28.527,,98.08,28.780,,164.83,30.697,,168.30,27.577,
4zlh_ZN_homo_d2.60_cluster1,2,#2ca02c,1,4zlh_ZN_homo_d2.60_cluster1,7.6795,Cx2Cx10Cx2C-SLLL,42.53,0.9894,0.4820,0.2060,0.2550,49.470,/Users/stetef/Documents/SLAC/pdb-scraper/data/large-cys-his-datasets/4cys-large/output/xyz_files/4zlh_ZN_homo_d2.60_cluster1.xyz,175.53,48.163,,85.59,54.430,,87.74,67.277,,-178.72,52.687,
4zlh_ZN_homo_d2.60_cluster2,8,#dbdb8d,1,4zlh_ZN_homo_d2.60_cluster2,5.0699,Cx2Cx10Cx2C-SLLL,136.79,0.9754,0.4794,0.2060,0.2550,30.380,/Users/stetef/Documents/SLAC/pdb-scraper/data/large-cys-his-datasets/4cys-large/output/xyz_files/4zlh_ZN_homo_d2.60_cluster2.xyz,92.11,39.660,,178.39,34.607,,98.54,45.500,,178.14,32.217,
4zql_ZN_homo_d2.60_cluster2,6,#f7b6d2,1,4zql_ZN_homo_d2.60_cluster2,12.7820,Cx2Cx22Cx2C-LLLL,-27.79,0.9907,0.4967,0.1610,0.1990,31.060,/Users/stetef/Documents/SLAC/pdb-scraper/data/large-cys-his-datasets/4cys-large/output/xyz_files/4zql_ZN_homo_d2.60_cluster2.xyz,-177.39,34.273,,96.35,34.010,,-116.14,29.710,,86.04,25.153,
4zql_ZN_homo_d2.60_cluster4,5,#c49c94,1,4zql_ZN_homo_d2.60_cluster4,14.2805,Cx2Cx22Cx2C-LLLL,-28.94,0.9936,0.5026,0.1610,0.1990,25.130,/Users/stetef/Documents/SLAC/pdb-scraper/data/large-cys-his-datasets/4cys-large/output/xyz_files/4zql_ZN_homo_d2.60_cluster4.xyz,-179.05,27.323,,95.88,29.747,,-119.37,23.990,,86.80,19.797,
5a1l_ZN_homo_d2.60_cluster1,3,#d62728,1,5a1l_ZN_homo_d2.60_cluster1,16.6738,Cx2Cx23Cx2C-LLHH,60.91,0.9902,0.4990,0.1900,0.2250,25.900,/Users/stetef/Documents/SLAC/pdb-scraper/data/large-cys-his-datasets/4cys-large/output/xyz_files/5a1l_ZN_homo_d2.60_cluster1.xyz,179.75,23.703,,90.88,23.593,,95.44,29.483,,-122.42,26.820,
5a1l_ZN_homo_d2.60_cluster2,2,#2ca02c,1,5a1l_ZN_homo_d2.60_cluster2,16.9586,Cx2Cx23Cx2C-LLHH,60.49,0.9922,0.4981,0.1900,0.2250,27.030,/Users/stetef/Documents/SLAC/pdb-scraper/data/large-cys-his-datasets/4cys-large/output/xyz_files/5a1l_ZN_homo_d2.60_cluster2.xyz,90.73,23.617,,176.80,24.143,,95.53,29.233,,-121.09,26.903,
5a3a_ZN_homo_d2.60_cluster1,5,#c49c94,1,5a3a_ZN_homo_d2.60_cluster1,15.3396,Cx3Cx30Cx2C-SLLL,59.67,0.9818,0.5145,0.1520,0.2000,18.890,/Users/stetef/Documents/SLAC/pdb-scraper/data/large-cys-his-datasets/4cys-large/output/xyz_files/5a3a_ZN_homo_d2.60_cluster1.xyz,173.51,20.620,,88.64,21.373,,113.19,19.683,,-136.68,15.717,
5a3b_ZN_homo_d2.60_cluster1,8,#dbdb8d,1,5a3b_ZN_homo_d2.60_cluster1,14.7223,Cx3Cx30Cx2C-SLLL,56.54,0.9732,0.5136,0.1660,0.2160,16.910,/Users/stetef/Documents/SLAC/pdb-scraper/data/large-cys-his-datasets/4cys-large/output/xyz_files/5a3b_ZN_homo_d2.60_cluster1.xyz,164.24,17.710,,91.67,22.533,,112.63,19.963,,-142.39,13.033,
5a3d_ZN_homo_d2.60_cluster1,2,#2ca02c,1,5a3d_ZN_homo_d2.60_cluster1,13.7063,Cx2Cx18Cx2C-LLHH,53.83,0.9826,0.5199,0.2110,0.2410,32.180,/Users/stetef/Documents/SLAC/pdb-scraper/data/large-cys-his-datasets/4cys-large/output/xyz_files/5a3d_ZN_homo_d2.60_cluster1.xyz,-127.03,32.020,,88.93,29.880,,159.93,33.293,,93.50,33.497,
5a3d_ZN_homo_d2.60_cluster2,2,#2ca02c,1,5a3d_ZN_homo_d2.60_cluster2,13.4990,Cx2Cx18Cx2C-LLHH,55.71,0.9841,0.5274,0.2110,0.2410,32.130,/Users/stetef/Documents/SLAC/pdb-scraper/data/large-cys-his-datasets/4cys-large/output/xyz_files/5a3d_ZN_homo_d2.60_cluster2.xyz,-125.19,32.403,,89.07,28.853,,94.34,34.157,,164.60,31.097,
5a3w_ZN_homo_d2.60_cluster2,5,#c49c94,1,5a3w_ZN_homo_d2.60_cluster2,33.1569,Cx1Cx14Cx1C-SLLL,5.47,0.9763,0.6036,0.1860,0.2160,46.510,/Users/stetef/Documents/SLAC/pdb-scraper/data/large-cys-his-datasets/4cys-large/output/xyz_files/5a3w_ZN_homo_d2.60_cluster2.xyz,-161.54,37.183,,150.27,32.247,,-116.53,37.687,,149.70,49.917,
5ad4_ZN_homo_d2.60_cluster1,7,#c7c7c7,1,5ad4_ZN_homo_d2.60_cluster1,20.4332,Cx4C-Cx4C-LL-LL,43.78,0.9711,0.3256,0.2050,0.2660,24.410,/Users/stetef/Documents/SLAC/pdb-scraper/data/large-cys-his-datasets/4cys-large/output/xyz_files/5ad4_ZN_homo_d2.60_cluster1.xyz,146.67,27.050,,157.94,33.510,,-64.34,30.087,,-65.17,28.563,
5ad5_ZN_homo_d2.60_cluster1,7,#c7c7c7,1,5ad5_ZN_homo_d2.60_cluster1,20.2998,Cx4C-Cx4C-LL-LL,42.03,0.9725,0.3274,0.1990,0.2390,43.310,/Users/stetef/Documents/SLAC/pdb-scraper/data/large-cys-his-datasets/4cys-large/output/xyz_files/5ad5_ZN_homo_d2.60_cluster1.xyz,149.47,53.507,,-67.22,45.233,,153.96,52.730,,-68.07,47.007,
5ad7_ZN_homo_d2.60_cluster1,1,#ff7f0e,1,5ad7_ZN_homo_d2.60_cluster1,20.6649,Cx4C-Cx4C-LL-LL,42.23,0.9674,0.3272,0.1890,0.2300,38.250,/Users/stetef/Documents/SLAC/pdb-scraper/data/large-cys-his-datasets/4cys-large/output/xyz_files/5ad7_ZN_homo_d2.60_cluster1.xyz,-64.52,41.667,,-70.11,40.710,,152.97,46.277,,150.58,44.427,
5ad8_ZN_homo_d2.60_cluster1,7,#c7c7c7,1,5ad8_ZN_homo_d2.60_cluster1,19.7791,Cx4C-Cx4C-LL-LL,41.46,0.9553,0.3220,0.1920,0.2320,32.750,/Users/stetef/Documents/SLAC/pdb-scraper/data/large-cys-his-datasets/4cys-large/output/xyz_files/5ad8_ZN_homo_d2.60_cluster1.xyz,-69.84,35.633,,-67.08,39.470,,151.35,41.100,,151.41,43.960,
5ada_ZN_homo_d2.60_cluster1,7,#c7c7c7,1,5ada_ZN_homo_d2.60_cluster1,20.6296,Cx4C-Cx4C-LL-LL,43.11,0.9650,0.3502,0.1950,0.2360,41.820,/Users/stetef/Documents/SLAC/pdb-scraper/data/large-cys-his-datasets/4cys-large/output/xyz_files/5ada_ZN_homo_d2.60_cluster1.xyz,154.24,48.790,,150.58,48.523,,-66.42,48.897,,-65.97,47.637,
5adf_ZN_homo_d2.60_cluster1,0,#1f77b4,1,5adf_ZN_homo_d2.60_cluster1,19.2845,Cx4C-Cx4C-LL-LL,42.04,0.9536,0.3355,0.1840,0.2250,33.940,/Users/stetef/Documents/SLAC/pdb-scraper/data/large-cys-his-datasets/4cys-large/output/xyz_files/5adf_ZN_homo_d2.60_cluster1.xyz,-63.31,33.023,,148.26,37.553,,154.32,34.373,,-71.12,33.690,
5adg_ZN_homo_d2.60_cluster1,0,#1f77b4,1,5adg_ZN_homo_d2.60_cluster1,19.3001,Cx4C-Cx4C-LL-LL,42.62,0.9571,0.3268,0.1660,0.2040,26.590,/Users/stetef/Documents/SLAC/pdb-scraper/data/large-cys-his-datasets/4cys-large/output/xyz_files/5adg_ZN_homo_d2.60_cluster1.xyz,-61.14,23.747,,-68.18,26.067,,147.19,27.257,,152.61,26.813,
5adk_ZN_homo_d2.60_cluster1,7,#c7c7c7,1,5adk_ZN_homo_d2.60_cluster1,19.8793,Cx4C-Cx4C-LL-LL,40.28,0.9831,0.2992,0.1660,0.1930,30.070,/Users/stetef/Documents/SLAC/pdb-scraper/data/large-cys-his-datasets/4cys-large/output/xyz_files/5adk_ZN_homo_d2.60_cluster1.xyz,-77.21,30.770,,154.67,33.020,,156.76,36.380,,-73.10,31.500,
5adn_ZN_homo_d2.60_cluster1,5,#c49c94,1,5adn_ZN_homo_d2.60_cluster1,19.4250,Cx4C-Cx4C-LL-LL,39.22,0.9771,0.2952,0.1670,0.2030,29.300,/Users/stetef/Documents/SLAC/pdb-scraper/data/large-cys-his-datasets/4cys-large/output/xyz_files/5adn_ZN_homo_d2.60_cluster1.xyz,-76.59,28.187,,154.43,29.220,,156.41,32.840,,-77.36,28.117,
5agk_ZN_homo_d2.60_cluster1,1,#ff7f0e,1,5agk_ZN_homo_d2.60_cluster1,20.7368,Cx4C-Cx4C-LL-LL,40.17,0.9800,0.3314,0.1730,0.2160,33.800,/Users/stetef/Documents/SLAC/pdb-scraper/data/large-cys-his-datasets/4cys-large/output/xyz_files/5agk_ZN_homo_d2.60_cluster1.xyz,152.57,40.430,,149.83,37.353,,-71.08,35.450,,-70.64,37.027,
5agl_ZN_homo_d2.60_cluster1,7,#c7c7c7,1,5agl_ZN_homo_d2.60_cluster1,20.4546,Cx4C-Cx4C-LL-LL,42.86,0.9699,0.3358,0.1810,0.2100,31.770,/Users/stetef/Documents/SLAC/pdb-scraper/data/large-cys-his-datasets/4cys-large/output/xyz_files/5agl_ZN_homo_d2.60_cluster1.xyz,-65.01,34.857,,150.58,41.620,,153.82,38.307,,-67.95,33.810,
5agm_ZN_homo_d2.60_cluster1,2,#2ca02c,1,5agm_ZN_homo_d2.60_cluster1,20.6935,Cx4C-Cx4C-LL-LL,41.81,0.9714,0.3417,0.2020,0.2350,41.390,/Users/stetef/Documents/SLAC/pdb-scraper/data/large-cys-his-datasets/4cys-large/output/xyz_files/5agm_ZN_homo_d2.60_cluster1.xyz,-66.08,42.000,,151.63,47.053,,149.81,46.450,,-68.11,44.577,
5agn_ZN_homo_d2.60_cluster1,5,#c49c94,1,5agn_ZN_homo_d2.60_cluster1,20.5381,Cx4C-Cx4C-LL-LL,41.13,0.9718,0.3463,0.1860,0.2220,36.700,/Users/stetef/Documents/SLAC/pdb-scraper/data/large-cys-his-datasets/4cys-large/output/xyz_files/5agn_ZN_homo_d2.60_cluster1.xyz,149.59,42.937,,-63.81,38.940,,149.06,43.887,,-70.31,38.937,
5ago_ZN_homo_d2.60_cluster1,1,#ff7f0e,1,5ago_ZN_homo_d2.60_cluster1,20.7324,Cx4C-Cx4C-LL-LL,41.97,0.9703,0.3297,0.1780,0.2150,18.860,/Users/stetef/Documents/SLAC/pdb-scraper/data/large-cys-his-datasets/4cys-large/output/xyz_files/5ago_ZN_homo_d2.60_cluster1.xyz,151.19,24.997,,150.27,25.977,,-63.90,23.457,,-69.67,20.970,
5amh_ZN_homo_d2.60_cluster1,3,#d62728,1,5amh_ZN_homo_d2.60_cluster1,7.0984,Cx2Cx62Cx2C-SLSL,133.22,0.9893,0.4716,0.1270,0.1570,16.060,/Users/stetef/Documents/SLAC/pdb-scraper/data/large-cys-his-datasets/4cys-large/output/xyz_files/5amh_ZN_homo_d2.60_cluster1.xyz,92.94,18.857,,94.04,16.260,,169.95,15.753,,175.97,14.200,
5ami_ZN_homo_d2.60_cluster1,5,#c49c94,1,5ami_ZN_homo_d2.60_cluster1,5.8865,Cx2Cx62Cx2C-SLSL,130.87,0.9911,0.4713,0.1670,0.2090,23.470,/Users/stetef/Documents/SLAC/pdb-scraper/data/large-cys-his-datasets/4cys-large/output/xyz_files/5ami_ZN_homo_d2.60_cluster1.xyz,175.21,22.113,,166.59,19.960,,89.15,25.950,,92.53,25.367,
5ami_ZN_homo_d2.60_cluster2,5,#c49c94,1,5ami_ZN_homo_d2.60_cluster2,6.2511,Cx2Cx62Cx2C-SLSL,132.82,0.9930,0.4730,0.1670,0.2090,35.400,/Users/stetef/Documents/SLAC/pdb-scraper/data/large-cys-his-datasets/4cys-large/output/xyz_files/5ami_ZN_homo_d2.60_cluster2.xyz,94.36,39.267,,90.29,41.187,,174.16,31.287,,172.47,28.840,
5ami_ZN_homo_d2.60_cluster3,6,#f7b6d2,1,5ami_ZN_homo_d2.60_cluster3,6.1895,Cx2Cx62Cx2C-SLSL,132.09,0.9870,0.4781,0.1670,0.2090,32.740,/Users/stetef/Documents/SLAC/pdb-scraper/data/large-cys-his-datasets/4cys-large/output/xyz_files/5ami_ZN_homo_d2.60_cluster3.xyz,90.07,34.693,,177.25,33.017,,168.71,32.997,,92.33,35.663,
5amj_ZN_homo_d2.60_cluster1,6,#f7b6d2,1,5amj_ZN_homo_d2.60_cluster1,6.0877,Cx2Cx62Cx2C-SLSL,130.36,0.9893,0.4655,0.1570,0.1910,18.090,/Users/stetef/Documents/SLAC/pdb-scraper/data/large-cys-his-datasets/4cys-large/output/xyz_files/5amj_ZN_homo_d2.60_cluster1.xyz,91.86,21.047,,163.34,15.457,,174.27,16.540,,91.98,19.407,
5amj_ZN_homo_d2.60_cluster2,1,#ff7f0e,1,5amj_ZN_homo_d2.60_cluster2,6.1499,Cx2Cx62Cx2C-SLSL,134.19,0.9911,0.4743,0.1570,0.1910,25.870,/Users/stetef/Documents/SLAC/pdb-scraper/data/large-cys-his-datasets/4cys-large/output/xyz_files/5amj_ZN_homo_d2.60_cluster2.xyz,97.81,29.687,,92.95,29.010,,175.24,21.783,,170.75,21.553,
5amj_ZN_homo_d2.60_cluster3,3,#d62728,1,5amj_ZN_homo_d2.60_cluster3,6.3135,Cx2Cx62Cx2C-SLSL,129.97,0.9884,0.4799,0.1570,0.1910,27.250,/Users/stetef/Documents/SLAC/pdb-scraper/data/large-cys-his-datasets/4cys-large/output/xyz_files/5amj_ZN_homo_d2.60_cluster3.xyz,88.73,28.320,,89.82,27.433,,173.73,26.660,,167.61,27.450,
5arf_ZN_homo_d2.60_cluster1,0,#1f77b4,1,5arf_ZN_homo_d2.60_cluster1,27.3537,Cx52Cx1Cx2C-LLHH,-1.21,0.7130,0.7779,0.2600,0.3010,35.790,/Users/stetef/Documents/SLAC/pdb-scraper/data/large-cys-his-datasets/4cys-large/output/xyz_files/5arf_ZN_homo_d2.60_cluster1.xyz,-133.49,68.473,,95.26,68.070,,132.66,65.720,,-99.27,51.840,
5arf_ZN_homo_d2.60_cluster2,0,#1f77b4,1,5arf_ZN_homo_d2.60_cluster2,22.8289,Cx2Cx18Cx3C-LLLH,79.79,0.9004,0.5686,0.2600,0.3010,19.520,/Users/stetef/Documents/SLAC/pdb-scraper/data/large-cys-his-datasets/4cys-large/output/xyz_files/5arf_ZN_homo_d2.60_cluster2.xyz,101.92,30.817,,153.31,41.923,,-112.56,44.477,,176.50,34.310,
5arg_ZN_homo_d2.60_cluster1,1,#ff7f0e,1,5arg_ZN_homo_d2.60_cluster1,28.4806,Cx52Cx1Cx2C-LLHH,3.91,0.7097,0.7843,0.2320,0.2730,50.020,/Users/stetef/Documents/SLAC/pdb-scraper/data/large-cys-his-datasets/4cys-large/output/xyz_files/5arg_ZN_homo_d2.60_cluster1.xyz,-121.25,69.927,,-92.25,55.220,,92.32,68.387,,136.82,65.663,
5arg_ZN_homo_d2.60_cluster2,2,#2ca02c,1,5arg_ZN_homo_d2.60_cluster2,25.3276,Cx2Cx18Cx3C-LLLH,-8.49,0.9314,0.6215,0.2320,0.2730,36.120,/Users/stetef/Documents/SLAC/pdb-scraper/data/large-cys-his-datasets/4cys-large/output/xyz_files/5arg_ZN_homo_d2.60_cluster2.xyz,157.46,46.713,,-106.13,48.613,,-176.83,39.710,,91.53,39.030,
5aun_ZN_homo_d2.60_cluster1,5,#c49c94,1,5aun_ZN_homo_d2.60_cluster1,6.8352,Cx2Cx33Cx2C-SLLL,134.72,0.9808,0.4635,0.1820,0.2130,19.720,/Users/stetef/Documents/SLAC/pdb-scraper/data/large-cys-his-datasets/4cys-large/output/xyz_files/5aun_ZN_homo_d2.60_cluster1.xyz,91.03,22.640,,178.34,16.807,,92.72,19.987,,176.78,18.390,
5auo_ZN_homo_d2.60_cluster1,3,#d62728,1,5auo_ZN_homo_d2.60_cluster1,6.0565,Cx2Cx33Cx2C-SLLL,44.89,0.9814,0.4593,0.1840,0.2230,25.520,/Users/stetef/Documents/SLAC/pdb-scraper/data/large-cys-his-datasets/4cys-large/output/xyz_files/5auo_ZN_homo_d2.60_cluster1.xyz,92.62,26.850,,92.42,25.087,,173.72,24.873,,-179.18,24.377,
5b1a_ZN_homo_d2.60_cluster1,6,#f7b6d2,1,5b1a_ZN_homo_d2.60_cluster1,2.4247,Cx1Cx19Cx2C-SLLL,113.13,0.9924,0.4704,0.1500,0.1720,26.050,/Users/stetef/Documents/SLAC/pdb-scraper/data/large-cys-his-datasets/4cys-large/output/xyz_files/5b1a_ZN_homo_d2.60_cluster1.xyz,56.05,26.620,,87.23,26.550,,177.64,25.677,,131.60,25.567,
5b1a_ZN_homo_d2.60_cluster2,5,#c49c94,1,5b1a_ZN_homo_d2.60_cluster2,2.5974,Cx1Cx19Cx2C-SLLL,115.58,0.9942,0.4656,0.1500,0.1720,26.740,/Users/stetef/Documents/SLAC/pdb-scraper/data/large-cys-his-datasets/4cys-large/output/xyz_files/5b1a_ZN_homo_d2.60_cluster2.xyz,176.73,26.840,,63.43,26.710,,134.30,25.057,,87.87,27.197,
5b1b_ZN_homo_d2.60_cluster1,5,#c49c94,1,5b1b_ZN_homo_d2.60_cluster1,2.9373,Cx1Cx19Cx2C-SLLL,113.58,0.9919,0.4689,0.1700,0.1910,23.660,/Users/stetef/Documents/SLAC/pdb-scraper/data/large-cys-his-datasets/4cys-large/output/xyz_files/5b1b_ZN_homo_d2.60_cluster1.xyz,64.43,24.843,,87.00,25.490,,175.66,24.160,,127.25,25.407,
5b1b_ZN_homo_d2.60_cluster2,5,#c49c94,1,5b1b_ZN_homo_d2.60_cluster2,3.0591,Cx1Cx19Cx2C-SLLL,114.96,0.9938,0.4677,0.1700,0.1910,24.100,/Users/stetef/Documents/SLAC/pdb-scraper/data/large-cys-his-datasets/4cys-large/output/xyz_files/5b1b_ZN_homo_d2.60_cluster2.xyz,67.40,26.483,,172.50,25.530,,88.99,26.413,,130.93,24.470,
5b2o_ZN_homo_d2.60_cluster1,8,#dbdb8d,1,5b2o_ZN_homo_d2.60_cluster1,21.8379,Cx196Cx156Cx2C-LLHH,78.34,0.9749,0.4580,0.1860,0.2070,26.970,/Users/stetef/Documents/SLAC/pdb-scraper/data/large-cys-his-datasets/4cys-large/output/xyz_files/5b2o_ZN_homo_d2.60_cluster1.xyz,165.29,26.127,,172.22,26.330,,-115.73,26.880,,91.59,26.093,
5b2p_ZN_homo_d2.60_cluster1,6,#f7b6d2,1,5b2p_ZN_homo_d2.60_cluster1,21.9280,Cx196Cx156Cx2C-LLHH,77.86,0.9778,0.4624,0.1810,0.2030,26.390,/Users/stetef/Documents/SLAC/pdb-scraper/data/large-cys-his-datasets/4cys-large/output/xyz_files/5b2p_ZN_homo_d2.60_cluster1.xyz,-116.08,27.090,,163.40,24.527,,171.06,25.947,,93.06,24.943,
5b2q_ZN_homo_d2.60_cluster1,5,#c49c94,1,5b2q_ZN_homo_d2.60_cluster1,21.7543,Cx196Cx156Cx2C-LLHH,77.85,0.9755,0.4624,0.1840,0.2060,25.960,/Users/stetef/Documents/SLAC/pdb-scraper/data/large-cys-his-datasets/4cys-large/output/xyz_files/5b2q_ZN_homo_d2.60_cluster1.xyz,170.80,26.317,,91.96,24.487,,165.35,26.290,,-116.73,28.230,
5b3s_ZN_homo_d2.60_cluster1,5,#c49c94,1,5b3s_ZN_homo_d2.60_cluster1,2.2248,Cx1Cx19Cx2C-SLLL,112.61,0.9896,0.4707,0.1540,0.1770,26.370,/Users/stetef/Documents/SLAC/pdb-scraper/data/large-cys-his-datasets/4cys-large/output/xyz_files/5b3s_ZN_homo_d2.60_cluster1.xyz,61.40,27.723,,128.45,27.527,,173.08,25.430,,87.50,27.657,
5b3s_ZN_homo_d2.60_cluster2,2,#2ca02c,1,5b3s_ZN_homo_d2.60_cluster2,2.3912,Cx1Cx19Cx2C-SLLL,113.92,0.9931,0.4699,0.1540,0.1770,26.390,/Users/stetef/Documents/SLAC/pdb-scraper/data/large-cys-his-datasets/4cys-large/output/xyz_files/5b3s_ZN_homo_d2.60_cluster2.xyz,63.26,27.863,,130.38,27.293,,87.96,29.207,,174.08,25.533,
5b73_ZN_homo_d2.60_cluster3,3,#d62728,1,5b73_ZN_homo_d2.60_cluster3,11.4199,Cx2Cx20Cx2C-LLHH,-28.43,0.9975,0.4431,0.1890,0.2240,35.430,/Users/stetef/Documents/SLAC/pdb-scraper/data/large-cys-his-datasets/4cys-large/output/xyz_files/5b73_ZN_homo_d2.60_cluster3.xyz,85.40,39.717,,-176.76,36.267,,-112.66,39.360,,90.28,35.353,
5b75_ZN_homo_d2.60_cluster1,8,#dbdb8d,1,5b75_ZN_homo_d2.60_cluster1,9.6858,Cx2Cx22Cx2C-LLLL,-27.32,0.9957,0.4612,0.1710,0.1950,23.320,/Users/stetef/Documents/SLAC/pdb-scraper/data/large-cys-his-datasets/4cys-large/output/xyz_files/5b75_ZN_homo_d2.60_cluster1.xyz,-178.81,20.333,,88.88,24.960,,-110.71,30.130,,91.37,22.117,
5b75_ZN_homo_d2.60_cluster4,5,#c49c94,1,5b75_ZN_homo_d2.60_cluster4,15.4662,Cx2Cx25Cx2C-LLLL,61.04,0.9845,0.4790,0.1710,0.1950,18.770,/Users/stetef/Documents/SLAC/pdb-scraper/data/large-cys-his-datasets/4cys-large/output/xyz_files/5b75_ZN_homo_d2.60_cluster4.xyz,95.97,20.877,,96.68,17.103,,-127.09,18.887,,178.61,16.603,
5b76_ZN_homo_d2.60_cluster1,8,#dbdb8d,1,5b76_ZN_homo_d2.60_cluster1,10.4401,Cx2Cx22Cx2C-LLLL,60.98,0.9930,0.4627,0.1890,0.2370,23.210,/Users/stetef/Documents/SLAC/pdb-scraper/data/large-cys-his-datasets/4cys-large/output/xyz_files/5b76_ZN_homo_d2.60_cluster1.xyz,-111.51,34.073,,86.95,24.530,,178.80,20.937,,89.69,21.660,
5b76_ZN_homo_d2.60_cluster4,8,#dbdb8d,1,5b76_ZN_homo_d2.60_cluster4,15.8893,Cx2Cx25Cx2C-LLLL,60.51,0.9812,0.4785,0.1890,0.2370,19.780,/Users/stetef/Documents/SLAC/pdb-scraper/data/large-cys-his-datasets/4cys-large/output/xyz_files/5b76_ZN_homo_d2.60_cluster4.xyz,-125.81,21.123,,97.64,20.337,,174.34,17.470,,95.86,18.770,
5b77_ZN_homo_d2.60_cluster1,5,#c49c94,1,5b77_ZN_homo_d2.60_cluster1,9.7306,Cx2Cx22Cx2C-LLLL,65.49,0.9975,0.4673,0.1760,0.2040,21.560,/Users/stetef/Documents/SLAC/pdb-scraper/data/large-cys-his-datasets/4cys-large/output/xyz_files/5b77_ZN_homo_d2.60_cluster1.xyz,-101.14,26.163,,92.60,22.383,,178.46,20.580,,92.02,24.157,
5b77_ZN_homo_d2.60_cluster4,8,#dbdb8d,1,5b77_ZN_homo_d2.60_cluster4,15.6474,Cx2Cx25Cx2C-LLLL,61.32,0.9841,0.4741,0.1760,0.2040,18.060,/Users/stetef/Documents/SLAC/pdb-scraper/data/large-cys-his-datasets/4cys-large/output/xyz_files/5b77_ZN_homo_d2.60_cluster4.xyz,91.72,17.740,,-122.26,17.543,,97.64,15.387,,178.17,15.857,
5b78_ZN_homo_d2.60_cluster1,0,#1f77b4,1,5b78_ZN_homo_d2.60_cluster1,9.7307,Cx2Cx22Cx2C-LLLL,64.60,0.9927,0.4645,0.1700,0.1870,21.210,/Users/stetef/Documents/SLAC/pdb-scraper/data/large-cys-his-datasets/4cys-large/output/xyz_files/5b78_ZN_homo_d2.60_cluster1.xyz,-104.37,27.903,,91.24,20.210,,93.21,22.210,,178.33,18.263,
5b78_ZN_homo_d2.60_cluster4,0,#1f77b4,1,5b78_ZN_homo_d2.60_cluster4,15.6896,Cx2Cx25Cx2C-LLLL,60.83,0.9860,0.4797,0.1700,0.1870,11.530,/Users/stetef/Documents/SLAC/pdb-scraper/data/large-cys-his-datasets/4cys-large/output/xyz_files/5b78_ZN_homo_d2.60_cluster4.xyz,93.18,12.490,,95.59,10.993,,177.65,11.047,,-123.10,12.037,
5bwl_ZN_homo_d2.60_cluster1,8,#dbdb8d,1,5bwl_ZN_homo_d2.60_cluster1,10.2112,Cx2Cx37Cx4C-SLLL,-24.83,0.9905,0.5072,0.2130,0.2360,19.710,/Users/stetef/Documents/SLAC/pdb-scraper/data/large-cys-his-datasets/4cys-large/output/xyz_files/5bwl_ZN_homo_d2.60_cluster1.xyz,91.34,18.193,,-177.39,17.897,,164.59,19.750,,-177.86,17.527,
5bwn_ZN_homo_d2.60_cluster1,7,#c7c7c7,1,5bwn_ZN_homo_d2.60_cluster1,8.3467,Cx2Cx20Cx2C-SLLL,40.40,0.9595,0.4865,0.2310,0.2750,29.070,/Users/stetef/Documents/SLAC/pdb-scraper/data/large-cys-his-datasets/4cys-large/output/xyz_files/5bwn_ZN_homo_d2.60_cluster1.xyz,175.95,31.783,,73.58,28.650,,-173.79,22.863,,85.86,29.530,
5c1z_ZN_homo_d2.60_cluster10,2,#2ca02c,1,5c1z_ZN_homo_d2.60_cluster10,13.1431,Cx2Cx26Cx4C-SLSL,66.80,0.9922,0.5128,0.1930,0.2120,30.440,/Users/stetef/Documents/SLAC/pdb-scraper/data/large-cys-his-datasets/4cys-large/output/xyz_files/5c1z_ZN_homo_d2.60_cluster10.xyz,-161.64,31.070,,159.53,31.560,,96.35,28.800,,172.96,24.493,
5c1z_ZN_homo_d2.60_cluster11,3,#d62728,1,5c1z_ZN_homo_d2.60_cluster11,14.7444,Cx2Cx18Cx2C-LLSH,58.87,0.9898,0.5020,0.1930,0.2120,29.720,/Users/stetef/Documents/SLAC/pdb-scraper/data/large-cys-his-datasets/4cys-large/output/xyz_files/5c1z_ZN_homo_d2.60_cluster11.xyz,-122.98,26.833,,87.73,25.493,,172.26,27.013,,98.46,31.170,
5c1z_ZN_homo_d2.60_cluster15,2,#2ca02c,1,5c1z_ZN_homo_d2.60_cluster15,13.1503,Cx2Cx14Cx4C-LLLL,63.49,0.9859,0.5290,0.1930,0.2120,50.370,/Users/stetef/Documents/SLAC/pdb-scraper/data/large-cys-his-datasets/4cys-large/output/xyz_files/5c1z_ZN_homo_d2.60_cluster15.xyz,-161.53,45.767,,172.03,50.907,,155.93,48.207,,87.51,61.993,
5c1z_ZN_homo_d2.60_cluster2,2,#2ca02c,1,5c1z_ZN_homo_d2.60_cluster2,13.2376,Cx2Cx26Cx4C-SLSL,66.24,0.9936,0.5127,0.1930,0.2120,30.400,/Users/stetef/Documents/SLAC/pdb-scraper/data/large-cys-his-datasets/4cys-large/output/xyz_files/5c1z_ZN_homo_d2.60_cluster2.xyz,-161.62,31.503,,159.35,32.400,,94.43,28.523,,172.80,24.833,
5c1z_ZN_homo_d2.60_cluster3,0,#1f77b4,1,5c1z_ZN_homo_d2.60_cluster3,14.9816,Cx2Cx18Cx2C-LLSH,59.31,0.9867,0.5062,0.1930,0.2120,29.290,/Users/stetef/Documents/SLAC/pdb-scraper/data/large-cys-his-datasets/4cys-large/output/xyz_files/5c1z_ZN_homo_d2.60_cluster3.xyz,-122.71,27.577,,172.03,27.663,,98.42,30.833,,89.48,25.607,
5c1z_ZN_homo_d2.60_cluster7,2,#2ca02c,1,5c1z_ZN_homo_d2.60_cluster7,13.2523,Cx2Cx14Cx4C-LLLL,63.09,0.9815,0.5303,0.1930,0.2120,50.620,/Users/stetef/Documents/SLAC/pdb-scraper/data/large-cys-his-datasets/4cys-large/output/xyz_files/5c1z_ZN_homo_d2.60_cluster7.xyz,-163.46,45.460,,169.99,50.027,,157.84,49.387,,87.98,60.357,
5cbx_ZN_homo_d2.60_cluster1,2,#2ca02c,1,5cbx_ZN_homo_d2.60_cluster1,19.0059,Cx2Cx13Cx2C-LLHH,56.27,0.9720,0.4887,0.2110,0.2290,41.940,/Users/stetef/Documents/SLAC/pdb-scraper/data/large-cys-his-datasets/4cys-large/output/xyz_files/5cbx_ZN_homo_d2.60_cluster1.xyz,80.18,43.053,,175.40,44.907,,90.01,44.133,,-120.52,37.283,
5cbx_ZN_homo_d2.60_cluster2,0,#1f77b4,1,5cbx_ZN_homo_d2.60_cluster2,30.9980,Cx5Cx9Cx2C-LLHH,-35.15,0.9867,0.6171,0.2110,0.2290,38.370,/Users/stetef/Documents/SLAC/pdb-scraper/data/large-cys-his-datasets/4cys-large/output/xyz_files/5cbx_ZN_homo_d2.60_cluster2.xyz,-113.91,34.450,,-83.93,38.137,,177.50,36.553,,-120.26,41.133,
5cbx_ZN_homo_d2.60_cluster3,0,#1f77b4,1,5cbx_ZN_homo_d2.60_cluster3,19.3025,Cx2Cx13Cx2C-LLHH,55.10,0.9824,0.4936,0.2110,0.2290,39.200,/Users/stetef/Documents/SLAC/pdb-scraper/data/large-cys-his-datasets/4cys-large/output/xyz_files/5cbx_ZN_homo_d2.60_cluster3.xyz,80.58,39.257,,172.68,40.260,,-121.11,35.720,,88.25,42.240,
5cbx_ZN_homo_d2.60_cluster4,0,#1f77b4,1,5cbx_ZN_homo_d2.60_cluster4,31.4312,Cx5Cx9Cx2C-LLHH,-34.17,0.9879,0.6345,0.2110,0.2290,36.000,/Users/stetef/Documents/SLAC/pdb-scraper/data/large-cys-his-datasets/4cys-large/output/xyz_files/5cbx_ZN_homo_d2.60_cluster4.xyz,-86.95,35.777,,179.38,33.093,,-108.38,30.100,,-120.75,38.057,
5cbx_ZN_homo_d2.60_cluster5,0,#1f77b4,1,5cbx_ZN_homo_d2.60_cluster5,19.0999,Cx2Cx13Cx2C-LLHH,55.81,0.9859,0.4867,0.2110,0.2290,36.840,/Users/stetef/Documents/SLAC/pdb-scraper/data/large-cys-his-datasets/4cys-large/output/xyz_files/5cbx_ZN_homo_d2.60_cluster5.xyz,84.02,35.903,,88.41,39.790,,-121.86,36.450,,172.67,38.877,
5cbx_ZN_homo_d2.60_cluster6,0,#1f77b4,1,5cbx_ZN_homo_d2.60_cluster6,31.5455,Cx5Cx9Cx2C-LLHH,-33.41,0.9826,0.6398,0.2110,0.2290,33.370,/Users/stetef/Documents/SLAC/pdb-scraper/data/large-cys-his-datasets/4cys-large/output/xyz_files/5cbx_ZN_homo_d2.60_cluster6.xyz,179.89,29.860,,-88.48,33.613,,-115.74,33.803,,-109.31,31.997,
5cbx_ZN_homo_d2.60_cluster7,0,#1f77b4,1,5cbx_ZN_homo_d2.60_cluster7,19.0772,Cx2Cx13Cx2C-LLHH,56.70,0.9884,0.4875,0.2110,0.2290,35.570,/Users/stetef/Documents/SLAC/pdb-scraper/data/large-cys-his-datasets/4cys-large/output/xyz_files/5cbx_ZN_homo_d2.60_cluster7.xyz,88.28,35.007,,83.13,37.863,,-121.04,33.633,,176.42,36.587,
5cbx_ZN_homo_d2.60_cluster8,5,#c49c94,1,5cbx_ZN_homo_d2.60_cluster8,31.0488,Cx5Cx9Cx2C-LLHH,-123.95,0.9886,0.6330,0.2110,0.2290,33.230,/Users/stetef/Documents/SLAC/pdb-scraper/data/large-cys-his-datasets/4cys-large/output/xyz_files/5cbx_ZN_homo_d2.60_cluster8.xyz,-179.80,33.180,,-87.28,35.857,,-108.75,29.490,,-119.96,35.860,
5cby_ZN_homo_d2.60_cluster1,5,#c49c94,1,5cby_ZN_homo_d2.60_cluster1,19.0210,Cx2Cx13Cx2C-LLHH,57.39,0.9881,0.4916,0.1850,0.2170,17.490,/Users/stetef/Documents/SLAC/pdb-scraper/data/large-cys-his-datasets/4cys-large/output/xyz_files/5cby_ZN_homo_d2.60_cluster1.xyz,85.25,17.863,,176.09,17.320,,-121.38,17.560,,89.61,20.597,
5cby_ZN_homo_d2.60_cluster2,6,#f7b6d2,1,5cby_ZN_homo_d2.60_cluster2,32.1125,Cx5Cx9Cx2C-LLHH,-33.12,0.9852,0.6570,0.1850,0.2170,16.220,/Users/stetef/Documents/SLAC/pdb-scraper/data/large-cys-his-datasets/4cys-large/output/xyz_files/5cby_ZN_homo_d2.60_cluster2.xyz,-106.65,11.367,,179.92,15.653,,-89.85,19.490,,-115.89,16.097,
5cby_ZN_homo_d2.60_cluster3,1,#ff7f0e,1,5cby_ZN_homo_d2.60_cluster3,17.2944,Cx2Cx13Cx2C-LLHH,57.85,0.9879,0.4750,0.1850,0.2170,32.460,/Users/stetef/Documents/SLAC/pdb-scraper/data/large-cys-his-datasets/4cys-large/output/xyz_files/5cby_ZN_homo_d2.60_cluster3.xyz,178.31,37.703,,85.86,40.077,,87.71,32.073,,-120.46,31.930,
5cby_ZN_homo_d2.60_cluster4,6,#f7b6d2,1,5cby_ZN_homo_d2.60_cluster4,31.1309,Cx5Cx9Cx2C-LLHH,-34.37,0.9910,0.6350,0.1850,0.2170,17.790,/Users/stetef/Documents/SLAC/pdb-scraper/data/large-cys-his-datasets/4cys-large/output/xyz_files/5cby_ZN_homo_d2.60_cluster4.xyz,-89.69,16.150,,178.80,17.517,,-113.64,18.923,,-112.93,18.657,
5ccl_ZN_homo_d2.60_cluster1,3,#d62728,1,5ccl_ZN_homo_d2.60_cluster1,23.3135,Cx2Cx18Cx3C-LLLH,46.97,0.9924,0.6198,0.1160,0.1640,16.150,/Users/stetef/Documents/SLAC/pdb-scraper/data/large-cys-his-datasets/4cys-large/output/xyz_files/5ccl_ZN_homo_d2.60_cluster1.xyz,96.15,15.527,,91.92,17.680,,-174.77,15.623,,174.58,14.380,
5ccl_ZN_homo_d2.60_cluster2,3,#d62728,1,5ccl_ZN_homo_d2.60_cluster2,32.0152,Cx52Cx1Cx2C-LLHH,3.61,0.9800,0.7084,0.1160,0.1640,12.700,/Users/stetef/Documents/SLAC/pdb-scraper/data/large-cys-his-datasets/4cys-large/output/xyz_files/5ccl_ZN_homo_d2.60_cluster2.xyz,-105.75,12.923,,90.12,13.177,,137.41,12.627,,-107.34,11.660,
5cdg_ZN_homo_d2.60_cluster2,1,#ff7f0e,1,5cdg_ZN_homo_d2.60_cluster2,29.0632,Cx2Cx2Cx7C-LHHL,-5.11,0.9783,0.8047,0.1420,0.1870,17.390,/Users/stetef/Documents/SLAC/pdb-scraper/data/large-cys-his-datasets/4cys-large/output/xyz_files/5cdg_ZN_homo_d2.60_cluster2.xyz,-66.35,15.963,,91.00,18.100,,-110.25,16.960,,65.18,18.137,
5cdg_ZN_homo_d2.60_cluster4,5,#c49c94,1,5cdg_ZN_homo_d2.60_cluster4,28.4958,Cx2Cx2Cx7C-LHHL,-5.76,0.9764,0.8050,0.1420,0.1870,20.310,/Users/stetef/Documents/SLAC/pdb-scraper/data/large-cys-his-datasets/4cys-large/output/xyz_files/5cdg_ZN_homo_d2.60_cluster4.xyz,-66.82,19.390,,91.08,21.143,,-107.11,19.673,,59.84,19.560,
5cds_ZN_homo_d2.60_cluster2,1,#ff7f0e,1,5cds_ZN_homo_d2.60_cluster2,28.7594,Cx2Cx2Cx7C-LHHL,-6.95,0.9757,0.8044,0.1320,0.1840,17.990,/Users/stetef/Documents/SLAC/pdb-scraper/data/large-cys-his-datasets/4cys-large/output/xyz_files/5cds_ZN_homo_d2.60_cluster2.xyz,-108.90,17.617,,90.32,19.493,,-72.75,17.360,,63.53,19.777,
5cds_ZN_homo_d2.60_cluster4,5,#c49c94,1,5cds_ZN_homo_d2.60_cluster4,28.7004,Cx2Cx2Cx7C-LHHL,-4.96,0.9783,0.8055,0.1320,0.1840,21.820,/Users/stetef/Documents/SLAC/pdb-scraper/data/large-cys-his-datasets/4cys-large/output/xyz_files/5cds_ZN_homo_d2.60_cluster4.xyz,-66.95,20.677,,90.11,23.423,,64.98,21.980,,-107.98,21.193,
5cdt_ZN_homo_d2.60_cluster2,5,#c49c94,1,5cdt_ZN_homo_d2.60_cluster2,28.2069,Cx2Cx2Cx7C-LHHL,-6.19,0.9725,0.8016,0.1630,0.2060,18.760,/Users/stetef/Documents/SLAC/pdb-scraper/data/large-cys-his-datasets/4cys-large/output/xyz_files/5cdt_ZN_homo_d2.60_cluster2.xyz,63.41,20.027,,89.31,19.450,,-65.30,18.253,,-112.20,18.973,
5cdt_ZN_homo_d2.60_cluster4,5,#c49c94,1,5cdt_ZN_homo_d2.60_cluster4,27.8361,Cx2Cx2Cx7C-LHHL,-5.48,0.9740,0.7974,0.1630,0.2060,20.270,/Users/stetef/Documents/SLAC/pdb-scraper/data/large-cys-his-datasets/4cys-large/output/xyz_files/5cdt_ZN_homo_d2.60_cluster4.xyz,-64.75,18.687,,-113.90,18.940,,91.50,21.547,,65.23,22.973,
5cdu_ZN_homo_d2.60_cluster2,0,#1f77b4,1,5cdu_ZN_homo_d2.60_cluster2,28.5790,Cx2Cx2Cx7C-LHHL,-5.33,0.9746,0.8070,0.1610,0.2010,17.470,/Users/stetef/Documents/SLAC/pdb-scraper/data/large-cys-his-datasets/4cys-large/output/xyz_files/5cdu_ZN_homo_d2.60_cluster2.xyz,67.47,19.793,,93.46,19.067,,-114.39,17.890,,-67.89,16.400,
5cdu_ZN_homo_d2.60_cluster4,0,#1f77b4,1,5cdu_ZN_homo_d2.60_cluster4,28.3028,Cx2Cx2Cx7C-LHHL,-3.75,0.9725,0.8057,0.1610,0.2010,18.960,/Users/stetef/Documents/SLAC/pdb-scraper/data/large-cys-his-datasets/4cys-large/output/xyz_files/5cdu_ZN_homo_d2.60_cluster4.xyz,-110.84,18.630,,-66.30,18.970,,93.29,21.980,,68.86,20.810,
5cvm_ZN_homo_d2.60_cluster1,7,#c7c7c7,1,5cvm_ZN_homo_d2.60_cluster1,9.8001,Cx2Cx43Cx2C-SLSL,84.21,0.9897,0.4491,0.1770,0.1970,27.850,/Users/stetef/Documents/SLAC/pdb-scraper/data/large-cys-his-datasets/4cys-large/output/xyz_files/5cvm_ZN_homo_d2.60_cluster1.xyz,94.56,30.817,,169.53,25.033,,171.64,25.480,,-98.91,28.067,
5d7n_ZN_homo_d2.60_cluster1,8,#dbdb8d,1,5d7n_ZN_homo_d2.60_cluster1,8.6407,Cx2Cx20Cx2C-SLLL,-44.13,0.9538,0.4852,0.1760,0.2030,21.930,/Users/stetef/Documents/SLAC/pdb-scraper/data/large-cys-his-datasets/4cys-large/output/xyz_files/5d7n_ZN_homo_d2.60_cluster1.xyz,-179.07,22.323,,91.84,25.370,,-177.94,19.453,,88.64,23.320,
5d7n_ZN_homo_d2.60_cluster2,2,#2ca02c,1,5d7n_ZN_homo_d2.60_cluster2,9.1030,Cx2Cx20Cx2C-SLLL,134.06,0.9639,0.4750,0.1760,0.2030,13.530,/Users/stetef/Documents/SLAC/pdb-scraper/data/large-cys-his-datasets/4cys-large/output/xyz_files/5d7n_ZN_homo_d2.60_cluster2.xyz,86.20,14.373,,96.21,14.427,,176.94,13.630,,176.89,12.577,
5d7n_ZN_homo_d2.60_cluster3,8,#dbdb8d,1,5d7n_ZN_homo_d2.60_cluster3,9.0565,Cx2Cx20Cx2C-SLLL,45.14,0.9628,0.4803,0.1760,0.2030,22.710,/Users/stetef/Documents/SLAC/pdb-scraper/data/large-cys-his-datasets/4cys-large/output/xyz_files/5d7n_ZN_homo_d2.60_cluster3.xyz,177.05,25.007,,-176.72,19.150,,88.28,26.207,,91.93,23.663,
5d7n_ZN_homo_d2.60_cluster4,0,#1f77b4,1,5d7n_ZN_homo_d2.60_cluster4,8.8010,Cx2Cx20Cx2C-SLLL,45.70,0.9669,0.4805,0.1760,0.2030,23.330,/Users/stetef/Documents/SLAC/pdb-scraper/data/large-cys-his-datasets/4cys-large/output/xyz_files/5d7n_ZN_homo_d2.60_cluster4.xyz,177.09,24.703,,94.58,24.740,,-179.51,19.477,,90.62,24.363,
5d7n_ZN_homo_d2.60_cluster5,8,#dbdb8d,1,5d7n_ZN_homo_d2.60_cluster5,9.3435,Cx2Cx20Cx2C-SLLL,134.55,0.9673,0.4798,0.1760,0.2030,18.130,/Users/stetef/Documents/SLAC/pdb-scraper/data/large-cys-his-datasets/4cys-large/output/xyz_files/5d7n_ZN_homo_d2.60_cluster5.xyz,85.92,19.110,,93.79,19.393,,178.89,18.483,,179.61,16.427,
5d7n_ZN_homo_d2.60_cluster6,8,#dbdb8d,1,5d7n_ZN_homo_d2.60_cluster6,9.5539,Cx2Cx20Cx2C-SLLL,44.70,0.9533,0.4925,0.1760,0.2030,20.770,/Users/stetef/Documents/SLAC/pdb-scraper/data/large-cys-his-datasets/4cys-large/output/xyz_files/5d7n_ZN_homo_d2.60_cluster6.xyz,87.67,22.730,,91.65,20.947,,175.43,22.180,,-175.97,18.557,
5d7o_ZN_homo_d2.60_cluster1,7,#c7c7c7,1,5d7o_ZN_homo_d2.60_cluster1,18.3526,Cx4Cx20Cx2C-SLLL,61.57,0.9647,0.5310,0.1720,0.1910,33.790,/Users/stetef/Documents/SLAC/pdb-scraper/data/large-cys-his-datasets/4cys-large/output/xyz_files/5d7o_ZN_homo_d2.60_cluster1.xyz,-159.54,31.977,,148.50,40.893,,166.39,32.967,,90.94,35.427,
5d7o_ZN_homo_d2.60_cluster2,7,#c7c7c7,1,5d7o_ZN_homo_d2.60_cluster2,17.4206,Cx4Cx20Cx2C-SLLL,-27.58,0.9636,0.5149,0.1720,0.1910,35.720,/Users/stetef/Documents/SLAC/pdb-scraper/data/large-cys-his-datasets/4cys-large/output/xyz_files/5d7o_ZN_homo_d2.60_cluster2.xyz,-177.00,38.717,,144.03,41.060,,-167.83,35.950,,90.47,40.597,
5d7p_ZN_homo_d2.60_cluster1,5,#c49c94,1,5d7p_ZN_homo_d2.60_cluster1,16.5196,Cx4Cx20Cx2C-SLLL,64.02,0.9327,0.5039,0.1920,0.2240,54.510,/Users/stetef/Documents/SLAC/pdb-scraper/data/large-cys-his-datasets/4cys-large/output/xyz_files/5d7p_ZN_homo_d2.60_cluster1.xyz,167.48,51.847,,160.46,57.700,,90.18,53.760,,-162.03,48.647,
5d7p_ZN_homo_d2.60_cluster2,8,#dbdb8d,1,5d7p_ZN_homo_d2.60_cluster2,18.2729,Cx4Cx20Cx2C-SLLL,63.26,0.9610,0.5230,0.1920,0.2240,35.710,/Users/stetef/Documents/SLAC/pdb-scraper/data/large-cys-his-datasets/4cys-large/output/xyz_files/5d7p_ZN_homo_d2.60_cluster2.xyz,151.13,40.050,,174.35,38.720,,-163.98,33.870,,91.55,36.347,
5dag_ZN_homo_d2.60_cluster5,1,#ff7f0e,1,5dag_ZN_homo_d2.60_cluster5,22.2641,Cx4Cx20Cx2C-LLHH,-8.42,0.9865,0.5640,0.1920,0.2140,29.960,/Users/stetef/Documents/SLAC/pdb-scraper/data/large-cys-his-datasets/4cys-large/output/xyz_files/5dag_ZN_homo_d2.60_cluster5.xyz,-179.11,32.460,,172.44,27.553,,-116.51,28.027,,89.50,24.677,
5din_ZN_homo_d2.60_cluster1,1,#ff7f0e,1,5din_ZN_homo_d2.60_cluster1,14.1667,Cx2Cx16Cx2C-LLSH,-1.67,0.9698,0.5207,0.1930,0.2320,14.530,/Users/stetef/Documents/SLAC/pdb-scraper/data/large-cys-his-datasets/4cys-large/output/xyz_files/5din_ZN_homo_d2.60_cluster1.xyz,-156.43,14.697,,-117.70,13.257,,98.39,16.423,,169.04,12.780,
5din_ZN_homo_d2.60_cluster7,3,#d62728,1,5din_ZN_homo_d2.60_cluster7,14.5223,Cx2Cx16Cx2C-LLSH,-0.64,0.9755,0.5319,0.1930,0.2320,14.780,/Users/stetef/Documents/SLAC/pdb-scraper/data/large-cys-his-datasets/4cys-large/output/xyz_files/5din_ZN_homo_d2.60_cluster7.xyz,99.52,17.547,,-153.58,15.980,,-116.43,13.013,,167.93,15.820,
5dka_ZN_homo_d2.60_cluster1,5,#c49c94,1,5dka_ZN_homo_d2.60_cluster1,15.9684,Cx2Cx16Cx2C-LLSH,1.14,0.9958,0.5090,0.2110,0.2390,19.200,/Users/stetef/Documents/SLAC/pdb-scraper/data/large-cys-his-datasets/4cys-large/output/xyz_files/5dka_ZN_homo_d2.60_cluster1.xyz,93.99,24.843,,-157.77,20.837,,173.94,24.250,,-105.60,18.063,
5dka_ZN_homo_d2.60_cluster4,2,#2ca02c,1,5dka_ZN_homo_d2.60_cluster4,16.8054,Cx2Cx16Cx2C-LLSH,4.01,0.9950,0.5117,0.2110,0.2390,20.110,/Users/stetef/Documents/SLAC/pdb-scraper/data/large-cys-his-datasets/4cys-large/output/xyz_files/5dka_ZN_homo_d2.60_cluster4.xyz,-149.35,22.310,,-111.34,19.483,,97.59,22.767,,179.14,20.697,
5dy4_ZN_homo_d2.60_cluster1,8,#dbdb8d,1,5dy4_ZN_homo_d2.60_cluster1,17.3592,Cx4Cx20Cx2C-SLLL,65.65,0.9788,0.5163,0.1770,0.2130,27.580,/Users/stetef/Documents/SLAC/pdb-scraper/data/large-cys-his-datasets/4cys-large/output/xyz_files/5dy4_ZN_homo_d2.60_cluster1.xyz,153.02,28.347,,177.08,26.327,,-156.16,26.817,,88.66,27.970,
5dy5_ZN_homo_d2.60_cluster1,8,#dbdb8d,1,5dy5_ZN_homo_d2.60_cluster1,17.5332,Cx4Cx20Cx2C-SLLL,64.26,0.9648,0.5158,0.1910,0.2050,23.980,/Users/stetef/Documents/SLAC/pdb-scraper/data/large-cys-his-datasets/4cys-large/output/xyz_files/5dy5_ZN_homo_d2.60_cluster1.xyz,153.96,25.607,,171.76,25.103,,-160.38,22.520,,91.71,25.410,
5e69_ZN_homo_d2.60_cluster1,5,#c49c94,1,5e69_ZN_homo_d2.60_cluster1,19.3046,Cx2Cx13Cx2C-LLHH,51.93,0.9835,0.4754,0.2210,0.2420,34.690,/Users/stetef/Documents/SLAC/pdb-scraper/data/large-cys-his-datasets/4cys-large/output/xyz_files/5e69_ZN_homo_d2.60_cluster1.xyz,81.59,38.257,,164.98,37.597,,87.23,38.703,,-126.06,34.130,
5e69_ZN_homo_d2.60_cluster2,0,#1f77b4,1,5e69_ZN_homo_d2.60_cluster2,31.8785,Cx5Cx9Cx2C-LLHH,-33.91,0.9895,0.6419,0.2210,0.2420,33.230,/Users/stetef/Documents/SLAC/pdb-scraper/data/large-cys-his-datasets/4cys-large/output/xyz_files/5e69_ZN_homo_d2.60_cluster2.xyz,-88.44,36.473,,178.41,35.097,,-109.66,29.850,,-115.95,37.363,
5e69_ZN_homo_d2.60_cluster3,0,#1f77b4,1,5e69_ZN_homo_d2.60_cluster3,31.6590,Cx5Cx9Cx2C-LLHH,-123.39,0.9848,0.6443,0.2210,0.2420,34.230,/Users/stetef/Documents/SLAC/pdb-scraper/data/large-cys-his-datasets/4cys-large/output/xyz_files/5e69_ZN_homo_d2.60_cluster3.xyz,-178.13,37.577,,-89.30,30.607,,-110.51,34.303,,-115.60,36.237,
5e69_ZN_homo_d2.60_cluster4,2,#2ca02c,1,5e69_ZN_homo_d2.60_cluster4,18.1364,Cx2Cx13Cx2C-LLHH,55.31,0.9862,0.4811,0.2210,0.2420,42.970,/Users/stetef/Documents/SLAC/pdb-scraper/data/large-cys-his-datasets/4cys-large/output/xyz_files/5e69_ZN_homo_d2.60_cluster4.xyz,84.70,47.010,,171.36,48.250,,-124.82,43.100,,90.00,48.223,
5ein_ZN_homo_d2.60_cluster1,5,#c49c94,1,5ein_ZN_homo_d2.60_cluster1,6.0325,Cx2Cx16Cx2C-LLLL,134.69,0.9884,0.4862,0.1730,0.2100,43.990,/Users/stetef/Documents/SLAC/pdb-scraper/data/large-cys-his-datasets/4cys-large/output/xyz_files/5ein_ZN_homo_d2.60_cluster1.xyz,169.05,47.727,,99.75,54.293,,94.92,47.323,,175.04,51.743,
5eio_ZN_homo_d2.60_cluster1,0,#1f77b4,1,5eio_ZN_homo_d2.60_cluster1,6.4659,Cx2Cx16Cx2C-LLLL,134.95,0.9842,0.4835,0.1700,0.2130,41.170,/Users/stetef/Documents/SLAC/pdb-scraper/data/large-cys-his-datasets/4cys-large/output/xyz_files/5eio_ZN_homo_d2.60_cluster1.xyz,92.96,43.530,,174.18,46.033,,170.72,39.627,,101.93,45.613,
5exh_ZN_homo_d2.60_cluster1,5,#c49c94,1,5exh_ZN_homo_d2.60_cluster1,27.3664,Cx2Cx2Cx25C-LHHL,-7.32,0.9666,0.7725,0.1690,0.1870,12.040,/Users/stetef/Documents/SLAC/pdb-scraper/data/large-cys-his-datasets/4cys-large/output/xyz_files/5exh_ZN_homo_d2.60_cluster1.xyz,67.12,13.867,,-66.10,9.663,,88.51,13.467,,-118.81,11.760,
5exh_ZN_homo_d2.60_cluster2,0,#1f77b4,1,5exh_ZN_homo_d2.60_cluster2,27.1511,Cx2Cx2Cx8C-LHHL,-5.79,0.9812,0.7714,0.1690,0.1870,10.330,/Users/stetef/Documents/SLAC/pdb-scraper/data/large-cys-his-datasets/4cys-large/output/xyz_files/5exh_ZN_homo_d2.60_cluster2.xyz,61.43,11.327,,-66.88,9.380,,95.25,9.873,,-112.95,11.547,
5f5e_ZN_homo_d2.60_cluster1,8,#dbdb8d,1,5f5e_ZN_homo_d2.60_cluster1,29.8690,Cx47Cx1Cx4C-LLLL,0.83,0.6003,0.5874,0.2040,0.2360,53.710,/Users/stetef/Documents/SLAC/pdb-scraper/data/large-cys-his-datasets/4cys-large/output/xyz_files/5f5e_ZN_homo_d2.60_cluster1.xyz,115.83,53.240,,-85.00,61.740,,-102.58,56.473,,75.09,60.487,
5f6l_ZN_homo_d2.60_cluster1,5,#c49c94,1,5f6l_ZN_homo_d2.60_cluster1,28.9482,Cx47Cx1Cx4C-LLLL,15.50,0.9958,0.7015,0.1710,0.2130,25.470,/Users/stetef/Documents/SLAC/pdb-scraper/data/large-cys-his-datasets/4cys-large/output/xyz_files/5f6l_ZN_homo_d2.60_cluster1.xyz,134.61,31.273,,99.70,25.600,,-69.32,34.380,,-102.98,29.953,
5fi3_ZN_homo_d2.60_cluster2,5,#c49c94,1,5fi3_ZN_homo_d2.60_cluster2,30.0391,Cx2Cx2Cx7C-LHHH,-9.79,0.9800,0.8086,0.1240,0.1430,18.420,/Users/stetef/Documents/SLAC/pdb-scraper/data/large-cys-his-datasets/4cys-large/output/xyz_files/5fi3_ZN_homo_d2.60_cluster2.xyz,93.94,20.060,,-91.77,15.790,,68.66,21.833,,-109.97,17.057,
5fi3_ZN_homo_d2.60_cluster4,7,#c7c7c7,1,5fi3_ZN_homo_d2.60_cluster4,29.9159,Cx2Cx2Cx7C-LHHH,-10.21,0.9764,0.8078,0.1240,0.1430,21.830,/Users/stetef/Documents/SLAC/pdb-scraper/data/large-cys-his-datasets/4cys-large/output/xyz_files/5fi3_ZN_homo_d2.60_cluster4.xyz,93.41,24.110,,68.11,22.650,,-90.60,18.250,,-111.76,20.810,
5fvq_ZN_homo_d2.60_cluster1,7,#c7c7c7,1,5fvq_ZN_homo_d2.60_cluster1,19.5896,Cx4C-Cx4C-LL-LL,43.40,0.9639,0.3188,0.1860,0.2270,31.370,/Users/stetef/Documents/SLAC/pdb-scraper/data/large-cys-his-datasets/4cys-large/output/xyz_files/5fvq_ZN_homo_d2.60_cluster1.xyz,147.70,41.610,,-66.13,31.130,,-64.14,30.107,,156.18,32.790,
5fvr_ZN_homo_d2.60_cluster1,5,#c49c94,1,5fvr_ZN_homo_d2.60_cluster1,20.1150,Cx4C-Cx4C-LL-LL,43.35,0.9577,0.3365,0.1840,0.2180,26.060,/Users/stetef/Documents/SLAC/pdb-scraper/data/large-cys-his-datasets/4cys-large/output/xyz_files/5fvr_ZN_homo_d2.60_cluster1.xyz,-65.02,25.603,,148.21,35.080,,-63.16,28.217,,153.37,27.153,
5fvs_ZN_homo_d2.60_cluster1,5,#c49c94,1,5fvs_ZN_homo_d2.60_cluster1,20.2175,Cx4C-Cx4C-LL-LL,43.84,0.9574,0.3495,0.1880,0.2280,37.080,/Users/stetef/Documents/SLAC/pdb-scraper/data/large-cys-his-datasets/4cys-large/output/xyz_files/5fvs_ZN_homo_d2.60_cluster1.xyz,150.23,46.163,,-63.42,36.107,,-67.09,38.777,,155.63,40.137,
5fvt_ZN_homo_d2.60_cluster1,7,#c7c7c7,1,5fvt_ZN_homo_d2.60_cluster1,19.7756,Cx4C-Cx4C-LL-LL,44.86,0.9593,0.3267,0.1730,0.2050,25.280,/Users/stetef/Documents/SLAC/pdb-scraper/data/large-cys-his-datasets/4cys-large/output/xyz_files/5fvt_ZN_homo_d2.60_cluster1.xyz,152.46,26.737,,-62.24,24.883,,-63.83,23.090,,153.07,32.557,
5fw0_ZN_homo_d2.60_cluster1,7,#c7c7c7,1,5fw0_ZN_homo_d2.60_cluster1,19.9881,Cx4C-Cx4C-LL-LL,40.91,0.9614,0.3383,0.1920,0.2250,30.430,/Users/stetef/Documents/SLAC/pdb-scraper/data/large-cys-his-datasets/4cys-large/output/xyz_files/5fw0_ZN_homo_d2.60_cluster1.xyz,146.08,44.803,,151.08,38.100,,-66.48,34.963,,-67.05,34.543,
5fxv_ZN_homo_d2.60_cluster1,3,#d62728,1,5fxv_ZN_homo_d2.60_cluster1,16.0937,Cx2Cx23Cx2C-LLHH,58.10,0.9915,0.4952,0.2010,0.2400,32.280,/Users/stetef/Documents/SLAC/pdb-scraper/data/large-cys-his-datasets/4cys-large/output/xyz_files/5fxv_ZN_homo_d2.60_cluster1.xyz,177.30,32.563,,88.92,29.313,,-127.60,32.640,,93.79,35.797,
5fxv_ZN_homo_d2.60_cluster2,9,#9edae5,1,5fxv_ZN_homo_d2.60_cluster2,16.3198,Cx2Cx23Cx2C-LLHH,60.30,0.9963,0.4911,0.2010,0.2400,31.260,/Users/stetef/Documents/SLAC/pdb-scraper/data/large-cys-his-datasets/4cys-large/output/xyz_files/5fxv_ZN_homo_d2.60_cluster2.xyz,178.11,30.353,,94.19,32.397,,91.47,32.970,,-122.58,32.290,
5fxx_ZN_homo_d2.60_cluster1,6,#f7b6d2,1,5fxx_ZN_homo_d2.60_cluster1,16.3855,Cx2Cx23Cx2C-LLHH,61.20,0.9941,0.4912,0.1960,0.2360,34.030,/Users/stetef/Documents/SLAC/pdb-scraper/data/large-cys-his-datasets/4cys-large/output/xyz_files/5fxx_ZN_homo_d2.60_cluster1.xyz,176.93,34.843,,91.90,30.213,,99.46,35.727,,-123.50,35.833,
5fxx_ZN_homo_d2.60_cluster2,1,#ff7f0e,1,5fxx_ZN_homo_d2.60_cluster2,17.0701,Cx2Cx23Cx2C-LLHH,60.94,0.9927,0.5021,0.1960,0.2360,30.790,/Users/stetef/Documents/SLAC/pdb-scraper/data/large-cys-his-datasets/4cys-large/output/xyz_files/5fxx_ZN_homo_d2.60_cluster2.xyz,92.70,30.667,,177.46,32.420,,96.28,28.683,,-122.68,33.173,
5fxz_ZN_homo_d2.60_cluster1,9,#9edae5,1,5fxz_ZN_homo_d2.60_cluster1,16.3354,Cx2Cx23Cx2C-LLHH,60.99,0.9894,0.4966,0.1880,0.2280,29.940,/Users/stetef/Documents/SLAC/pdb-scraper/data/large-cys-his-datasets/4cys-large/output/xyz_files/5fxz_ZN_homo_d2.60_cluster1.xyz,178.73,31.010,,91.77,29.393,,96.42,32.820,,-122.96,31.703,
5fxz_ZN_homo_d2.60_cluster2,1,#ff7f0e,1,5fxz_ZN_homo_d2.60_cluster2,16.8150,Cx2Cx23Cx2C-LLHH,60.06,0.9876,0.4939,0.1880,0.2280,33.240,/Users/stetef/Documents/SLAC/pdb-scraper/data/large-cys-his-datasets/4cys-large/output/xyz_files/5fxz_ZN_homo_d2.60_cluster2.xyz,90.30,31.210,,178.35,33.750,,95.37,33.993,,-123.79,31.413,
5fy1_ZN_homo_d2.60_cluster1,6,#f7b6d2,1,5fy1_ZN_homo_d2.60_cluster1,16.0538,Cx2Cx23Cx2C-LLHH,63.64,0.9893,0.4866,0.2030,0.2390,38.200,/Users/stetef/Documents/SLAC/pdb-scraper/data/large-cys-his-datasets/4cys-large/output/xyz_files/5fy1_ZN_homo_d2.60_cluster1.xyz,179.79,39.043,,98.90,33.657,,95.05,40.553,,-119.16,38.610,
5fy1_ZN_homo_d2.60_cluster2,9,#9edae5,1,5fy1_ZN_homo_d2.60_cluster2,17.0081,Cx2Cx23Cx2C-LLHH,60.32,0.9924,0.5073,0.2030,0.2390,27.250,/Users/stetef/Documents/SLAC/pdb-scraper/data/large-cys-his-datasets/4cys-large/output/xyz_files/5fy1_ZN_homo_d2.60_cluster2.xyz,179.19,26.700,,90.48,24.757,,-121.72,25.357,,93.35,28.723,
5fy7_ZN_homo_d2.60_cluster1,9,#9edae5,1,5fy7_ZN_homo_d2.60_cluster1,16.6683,Cx2Cx23Cx2C-LLHH,60.30,0.9946,0.4936,0.1870,0.2250,32.280,/Users/stetef/Documents/SLAC/pdb-scraper/data/large-cys-his-datasets/4cys-large/output/xyz_files/5fy7_ZN_homo_d2.60_cluster1.xyz,175.34,31.057,,92.74,31.600,,97.31,33.243,,-124.18,33.753,
5fy7_ZN_homo_d2.60_cluster2,9,#9edae5,1,5fy7_ZN_homo_d2.60_cluster2,16.6182,Cx2Cx23Cx2C-LLHH,60.74,0.9928,0.4936,0.1870,0.2250,30.130,/Users/stetef/Documents/SLAC/pdb-scraper/data/large-cys-his-datasets/4cys-large/output/xyz_files/5fy7_ZN_homo_d2.60_cluster2.xyz,89.69,30.313,,178.94,28.443,,93.77,30.443,,-119.43,31.533,
5fyb_ZN_homo_d2.60_cluster2,7,#c7c7c7,1,5fyb_ZN_homo_d2.60_cluster2,32.7787,Cx1Cx14Cx1C-SLLL,2.84,0.9850,0.5919,0.1920,0.2230,42.740,/Users/stetef/Documents/SLAC/pdb-scraper/data/large-cys-his-datasets/4cys-large/output/xyz_files/5fyb_ZN_homo_d2.60_cluster2.xyz,-159.92,36.030,,149.05,31.917,,143.83,44.670,,-121.60,35.213,
5fym_ZN_homo_d2.60_cluster1,3,#d62728,1,5fym_ZN_homo_d2.60_cluster1,16.7951,Cx2Cx23Cx2C-LLHH,59.25,0.9970,0.5054,0.1950,0.2450,35.880,/Users/stetef/Documents/SLAC/pdb-scraper/data/large-cys-his-datasets/4cys-large/output/xyz_files/5fym_ZN_homo_d2.60_cluster1.xyz,172.94,34.933,,94.45,30.863,,96.29,35.877,,-126.67,34.460,
5fym_ZN_homo_d2.60_cluster2,3,#d62728,1,5fym_ZN_homo_d2.60_cluster2,16.4354,Cx2Cx23Cx2C-LLHH,59.86,0.9952,0.5057,0.1950,0.2450,31.220,/Users/stetef/Documents/SLAC/pdb-scraper/data/large-cys-his-datasets/4cys-large/output/xyz_files/5fym_ZN_homo_d2.60_cluster2.xyz,88.46,29.277,,178.75,31.070,,-121.14,33.077,,93.36,29.613,
5fys_ZN_homo_d2.60_cluster2,5,#c49c94,1,5fys_ZN_homo_d2.60_cluster2,32.4550,Cx1Cx14Cx1C-SLLL,5.40,0.9782,0.5875,0.1950,0.2210,52.000,/Users/stetef/Documents/SLAC/pdb-scraper/data/large-cys-his-datasets/4cys-large/output/xyz_files/5fys_ZN_homo_d2.60_cluster2.xyz,-158.75,40.290,,150.01,36.753,,149.74,53.547,,-119.41,41.350,
5fyt_ZN_homo_d2.60_cluster2,5,#c49c94,1,5fyt_ZN_homo_d2.60_cluster2,32.0872,Cx1Cx14Cx1C-SLLL,2.67,0.9465,0.6199,0.1900,0.2220,47.150,/Users/stetef/Documents/SLAC/pdb-scraper/data/large-cys-his-datasets/4cys-large/output/xyz_files/5fyt_ZN_homo_d2.60_cluster2.xyz,-156.46,41.087,,141.64,37.537,,147.40,56.573,,-121.90,44.083,
5fyz_ZN_homo_d2.60_cluster2,5,#c49c94,1,5fyz_ZN_homo_d2.60_cluster2,32.4092,Cx1Cx14Cx1C-SLLL,1.34,0.9258,0.6110,0.2030,0.2310,76.780,/Users/stetef/Documents/SLAC/pdb-scraper/data/large-cys-his-datasets/4cys-large/output/xyz_files/5fyz_ZN_homo_d2.60_cluster2.xyz,-157.15,38.907,,142.68,34.343,,141.84,57.410,,-122.01,40.467,
5fz8_ZN_homo_d2.60_cluster2,3,#d62728,1,5fz8_ZN_homo_d2.60_cluster2,32.1140,Cx1Cx14Cx1C-SLLL,5.10,0.9658,0.6074,0.2030,0.2370,55.630,/Users/stetef/Documents/SLAC/pdb-scraper/data/large-cys-his-datasets/4cys-large/output/xyz_files/5fz8_ZN_homo_d2.60_cluster2.xyz,-159.66,41.130,,147.63,38.973,,-119.58,44.213,,152.02,55.413,
5fzf_ZN_homo_d2.60_cluster2,7,#c7c7c7,1,5fzf_ZN_homo_d2.60_cluster2,33.0500,Cx1Cx14Cx1C-SLLL,2.19,0.9573,0.6071,0.1800,0.2110,59.300,/Users/stetef/Documents/SLAC/pdb-scraper/data/large-cys-his-datasets/4cys-large/output/xyz_files/5fzf_ZN_homo_d2.60_cluster2.xyz,-159.32,41.890,,146.34,38.303,,-123.53,42.220,,145.28,60.297,
5fzg_ZN_homo_d2.60_cluster2,7,#c7c7c7,1,5fzg_ZN_homo_d2.60_cluster2,32.9794,Cx1Cx14Cx1C-SLLL,3.59,0.9726,0.5988,0.1890,0.2240,55.980,/Users/stetef/Documents/SLAC/pdb-scraper/data/large-cys-his-datasets/4cys-large/output/xyz_files/5fzg_ZN_homo_d2.60_cluster2.xyz,-158.75,41.717,,147.49,37.047,,-120.13,44.770,,145.74,54.587,
5g0n_ZN_homo_d2.60_cluster1,7,#c7c7c7,1,5g0n_ZN_homo_d2.60_cluster1,19.8196,Cx4C-Cx4C-LL-LL,42.94,0.9625,0.3347,0.1770,0.2160,30.790,/Users/stetef/Documents/SLAC/pdb-scraper/data/large-cys-his-datasets/4cys-large/output/xyz_files/5g0n_ZN_homo_d2.60_cluster1.xyz,150.05,39.160,,149.53,31.293,,-65.07,29.760,,-62.73,32.127,
5g0o_ZN_homo_d2.60_cluster1,1,#ff7f0e,1,5g0o_ZN_homo_d2.60_cluster1,19.9766,Cx4C-Cx4C-LL-LL,42.76,0.9509,0.3412,0.1950,0.2330,25.860,/Users/stetef/Documents/SLAC/pdb-scraper/data/large-cys-his-datasets/4cys-large/output/xyz_files/5g0o_ZN_homo_d2.60_cluster1.xyz,-64.17,31.500,,147.06,35.810,,-61.99,35.227,,150.13,32.373,
5g34_ZN_homo_d2.60_cluster1,3,#d62728,1,5g34_ZN_homo_d2.60_cluster1,14.0981,Cx2Cx18Cx2C-LLHH,52.85,0.9778,0.5343,0.2180,0.2440,29.140,/Users/stetef/Documents/SLAC/pdb-scraper/data/large-cys-his-datasets/4cys-large/output/xyz_files/5g34_ZN_homo_d2.60_cluster1.xyz,-125.67,32.783,,87.78,33.807,,86.32,35.157,,162.98,33.330,
5g34_ZN_homo_d2.60_cluster2,5,#c49c94,1,5g34_ZN_homo_d2.60_cluster2,14.0252,Cx2Cx18Cx2C-LLHH,54.26,0.9799,0.5324,0.2180,0.2440,29.140,/Users/stetef/Documents/SLAC/pdb-scraper/data/large-cys-his-datasets/4cys-large/output/xyz_files/5g34_ZN_homo_d2.60_cluster2.xyz,-121.79,30.717,,87.59,34.260,,90.60,31.403,,160.63,33.373,
5g35_ZN_homo_d2.60_cluster1,7,#c7c7c7,1,5g35_ZN_homo_d2.60_cluster1,12.4015,Cx2Cx18Cx2C-LLHH,54.02,0.9684,0.5106,0.2190,0.2540,32.450,/Users/stetef/Documents/SLAC/pdb-scraper/data/large-cys-his-datasets/4cys-large/output/xyz_files/5g35_ZN_homo_d2.60_cluster1.xyz,-131.93,31.973,,165.62,33.963,,88.66,33.990,,93.74,27.550,
5g35_ZN_homo_d2.60_cluster2,0,#1f77b4,1,5g35_ZN_homo_d2.60_cluster2,12.1558,Cx2Cx18Cx2C-LLHH,54.76,0.9785,0.5102,0.2190,0.2540,34.320,/Users/stetef/Documents/SLAC/pdb-scraper/data/large-cys-his-datasets/4cys-large/output/xyz_files/5g35_ZN_homo_d2.60_cluster2.xyz,-125.81,32.553,,158.00,31.070,,88.98,33.017,,97.85,31.697,
5g3y_ZN_homo_d2.60_cluster1,2,#2ca02c,1,5g3y_ZN_homo_d2.60_cluster1,12.3138,Cx2Cx16Cx2C-SLLL,44.02,0.9424,0.4866,0.1320,0.1500,12.880,/Users/stetef/Documents/SLAC/pdb-scraper/data/large-cys-his-datasets/4cys-large/output/xyz_files/5g3y_ZN_homo_d2.60_cluster1.xyz,89.53,14.263,,87.76,12.853,,-177.17,12.773,,175.97,12.750,
5g3z_ZN_homo_d2.60_cluster1,1,#ff7f0e,1,5g3z_ZN_homo_d2.60_cluster1,10.8493,Cx2Cx16Cx2C-SLLL,132.67,0.9200,0.4789,0.1790,0.2330,25.580,/Users/stetef/Documents/SLAC/pdb-scraper/data/large-cys-his-datasets/4cys-large/output/xyz_files/5g3z_ZN_homo_d2.60_cluster1.xyz,176.96,20.067,,88.01,24.963,,173.81,24.453,,91.88,32.743,
5gvi_ZN_homo_d2.60_cluster1,0,#1f77b4,1,5gvi_ZN_homo_d2.60_cluster1,8.5130,Cx2Cx46Cx2C-SLHH,86.01,0.9974,0.4474,0.1780,0.2060,67.070,/Users/stetef/Documents/SLAC/pdb-scraper/data/large-cys-his-datasets/4cys-large/output/xyz_files/5gvi_ZN_homo_d2.60_cluster1.xyz,-89.76,79.013,,96.37,75.327,,170.81,62.710,,166.65,58.953,
5h0m_ZN_homo_d2.60_cluster1,2,#2ca02c,1,5h0m_ZN_homo_d2.60_cluster1,17.4934,Cx2Cx34Cx2C-HHHH,14.67,0.9841,0.4765,0.1450,0.1680,15.030,/Users/stetef/Documents/SLAC/pdb-scraper/data/large-cys-his-datasets/4cys-large/output/xyz_files/5h0m_ZN_homo_d2.60_cluster1.xyz,-81.01,16.360,,167.67,13.497,,-122.22,14.553,,94.25,14.780,
5h1t_ZN_homo_d2.60_cluster2,6,#f7b6d2,1,5h1t_ZN_homo_d2.60_cluster2,13.7263,Cx2Cx22Cx2C-LLLL,62.72,0.9929,0.4964,0.1790,0.2200,38.950,/Users/stetef/Documents/SLAC/pdb-scraper/data/large-cys-his-datasets/4cys-large/output/xyz_files/5h1t_ZN_homo_d2.60_cluster2.xyz,-112.19,33.540,,175.03,38.770,,94.94,41.413,,93.09,34.570,
5h1t_ZN_homo_d2.60_cluster4,7,#c7c7c7,1,5h1t_ZN_homo_d2.60_cluster4,14.2824,Cx2Cx22Cx2C-LLLL,61.26,0.9947,0.5053,0.1790,0.2200,30.050,/Users/stetef/Documents/SLAC/pdb-scraper/data/large-cys-his-datasets/4cys-large/output/xyz_files/5h1t_ZN_homo_d2.60_cluster4.xyz,-114.93,28.290,,95.59,33.213,,173.68,32.450,,90.69,21.657,
5h1t_ZN_homo_d2.60_cluster5,5,#c49c94,1,5h1t_ZN_homo_d2.60_cluster5,13.7438,Cx2Cx22Cx2C-LLLL,62.26,0.9928,0.5009,0.1790,0.2200,30.740,/Users/stetef/Documents/SLAC/pdb-scraper/data/large-cys-his-datasets/4cys-large/output/xyz_files/5h1t_ZN_homo_d2.60_cluster5.xyz,-112.54,25.970,,177.06,29.683,,95.93,33.997,,88.57,21.810,
5h1t_ZN_homo_d2.60_cluster8,9,#9edae5,1,5h1t_ZN_homo_d2.60_cluster8,14.0551,Cx2Cx22Cx2C-LLLL,60.53,0.9914,0.5011,0.1790,0.2200,39.690,/Users/stetef/Documents/SLAC/pdb-scraper/data/large-cys-his-datasets/4cys-large/output/xyz_files/5h1t_ZN_homo_d2.60_cluster8.xyz,-116.99,32.847,,172.73,43.683,,95.28,40.643,,91.10,33.473,
5h1u_ZN_homo_d2.60_cluster1,5,#c49c94,1,5h1u_ZN_homo_d2.60_cluster1,14.2742,Cx2Cx22Cx2C-LLLL,-25.26,0.9916,0.5079,0.2280,0.2690,27.460,/Users/stetef/Documents/SLAC/pdb-scraper/data/large-cys-his-datasets/4cys-large/output/xyz_files/5h1u_ZN_homo_d2.60_cluster1.xyz,-178.39,30.220,,-114.49,27.263,,100.58,29.387,,91.26,25.093,
5h1u_ZN_homo_d2.60_cluster3,5,#c49c94,1,5h1u_ZN_homo_d2.60_cluster3,14.7023,Cx2Cx22Cx2C-LLLL,65.00,0.9893,0.5078,0.2280,0.2690,28.840,/Users/stetef/Documents/SLAC/pdb-scraper/data/large-cys-his-datasets/4cys-large/output/xyz_files/5h1u_ZN_homo_d2.60_cluster3.xyz,179.56,30.177,,-115.71,29.430,,101.45,26.863,,94.70,26.350,
5h1u_ZN_homo_d2.60_cluster5,5,#c49c94,1,5h1u_ZN_homo_d2.60_cluster5,14.1601,Cx2Cx22Cx2C-LLLL,64.12,0.9846,0.4924,0.2280,0.2690,36.530,/Users/stetef/Documents/SLAC/pdb-scraper/data/large-cys-his-datasets/4cys-large/output/xyz_files/5h1u_ZN_homo_d2.60_cluster5.xyz,-109.76,28.333,,175.58,40.293,,92.30,28.867,,98.35,35.057,
5h1u_ZN_homo_d2.60_cluster7,0,#1f77b4,1,5h1u_ZN_homo_d2.60_cluster7,14.2135,Cx2Cx22Cx2C-LLLL,62.04,0.9874,0.5020,0.2280,0.2690,38.760,/Users/stetef/Documents/SLAC/pdb-scraper/data/large-cys-his-datasets/4cys-large/output/xyz_files/5h1u_ZN_homo_d2.60_cluster7.xyz,178.08,39.483,,-116.02,31.433,,91.95,30.980,,94.17,30.607,
5h7r_ZN_homo_d2.60_cluster2,0,#1f77b4,1,5h7r_ZN_homo_d2.60_cluster2,15.3162,Cx2Cx16Cx2C-LLSH,-1.06,0.9794,0.5228,0.1820,0.2150,22.680,/Users/stetef/Documents/SLAC/pdb-scraper/data/large-cys-his-datasets/4cys-large/output/xyz_files/5h7r_ZN_homo_d2.60_cluster2.xyz,164.73,22.440,,-159.46,21.783,,99.31,25.117,,-108.80,20.233,
5hh7_ZN_homo_d2.60_cluster2,7,#c7c7c7,1,5hh7_ZN_homo_d2.60_cluster2,13.3812,Cx2Cx22Cx2C-LLHH,62.84,0.9906,0.5015,0.1950,0.2050,51.420,/Users/stetef/Documents/SLAC/pdb-scraper/data/large-cys-his-datasets/4cys-large/output/xyz_files/5hh7_ZN_homo_d2.60_cluster2.xyz,173.56,30.840,,88.40,38.993,,-112.34,41.843,,101.74,38.017,
5hkx_ZN_homo_d2.60_cluster2,1,#ff7f0e,1,5hkx_ZN_homo_d2.60_cluster2,15.2932,Cx2Cx16Cx2C-LLHH,52.68,0.9911,0.5425,0.1690,0.2140,19.890,/Users/stetef/Documents/SLAC/pdb-scraper/data/large-cys-his-datasets/4cys-large/output/xyz_files/5hkx_ZN_homo_d2.60_cluster2.xyz,84.28,21.693,,-116.59,23.473,,148.49,19.970,,94.53,22.300,
5hq8_ZN_homo_d2.60_cluster1,9,#9edae5,1,5hq8_ZN_homo_d2.60_cluster1,32.0362,Cx52Cx1Cx2C-LLHH,3.66,0.9843,0.6766,0.1760,0.2010,16.190,/Users/stetef/Documents/SLAC/pdb-scraper/data/large-cys-his-datasets/4cys-large/output/xyz_files/5hq8_ZN_homo_d2.60_cluster1.xyz,96.28,14.973,,-106.21,13.920,,135.87,15.953,,-111.28,14.480,
5hq8_ZN_homo_d2.60_cluster3,8,#dbdb8d,1,5hq8_ZN_homo_d2.60_cluster3,22.9611,Cx2Cx18Cx3C-LLLH,47.38,0.9903,0.6086,0.1760,0.2010,26.520,/Users/stetef/Documents/SLAC/pdb-scraper/data/large-cys-his-datasets/4cys-large/output/xyz_files/5hq8_ZN_homo_d2.60_cluster3.xyz,-176.28,27.380,,92.22,23.550,,95.85,29.373,,177.71,25.520,
5hq8_ZN_homo_d2.60_cluster4,1,#ff7f0e,1,5hq8_ZN_homo_d2.60_cluster4,32.5223,Cx52Cx1Cx2C-LLHH,5.02,0.9585,0.7139,0.1760,0.2010,27.570,/Users/stetef/Documents/SLAC/pdb-scraper/data/large-cys-his-datasets/4cys-large/output/xyz_files/5hq8_ZN_homo_d2.60_cluster4.xyz,139.30,25.530,,-102.30,28.407,,-101.95,21.847,,85.02,26.973,
5hq8_ZN_homo_d2.60_cluster6,3,#d62728,1,5hq8_ZN_homo_d2.60_cluster6,23.2584,Cx2Cx18Cx3C-LLLH,46.50,0.9871,0.6068,0.1760,0.2010,18.590,/Users/stetef/Documents/SLAC/pdb-scraper/data/large-cys-his-datasets/4cys-large/output/xyz_files/5hq8_ZN_homo_d2.60_cluster6.xyz,-176.48,18.353,,90.77,18.660,,175.81,16.187,,95.89,16.670,
5i3l_ZN_homo_d2.60_cluster2,3,#d62728,1,5i3l_ZN_homo_d2.60_cluster2,16.6374,Cx2Cx25Cx2C-LLLL,62.12,0.9966,0.4867,0.1830,0.2120,35.680,/Users/stetef/Documents/SLAC/pdb-scraper/data/large-cys-his-datasets/4cys-large/output/xyz_files/5i3l_ZN_homo_d2.60_cluster2.xyz,175.41,32.913,,92.06,33.393,,-113.28,37.137,,94.30,38.180,
5i3l_ZN_homo_d2.60_cluster4,3,#d62728,1,5i3l_ZN_homo_d2.60_cluster4,10.3344,Cx2Cx22Cx2C-LLHH,61.39,0.9931,0.4810,0.1830,0.2120,26.620,/Users/stetef/Documents/SLAC/pdb-scraper/data/large-cys-his-datasets/4cys-large/output/xyz_files/5i3l_ZN_homo_d2.60_cluster4.xyz,96.59,25.820,,-109.77,29.313,,83.27,28.493,,175.49,26.473,
5i3l_ZN_homo_d2.60_cluster6,1,#ff7f0e,1,5i3l_ZN_homo_d2.60_cluster6,16.3097,Cx2Cx25Cx2C-LLLL,62.45,0.9971,0.4937,0.1830,0.2120,26.350,/Users/stetef/Documents/SLAC/pdb-scraper/data/large-cys-his-datasets/4cys-large/output/xyz_files/5i3l_ZN_homo_d2.60_cluster6.xyz,-113.75,30.053,,91.05,25.843,,95.96,26.750,,176.54,25.243,
5i3l_ZN_homo_d2.60_cluster8,3,#d62728,1,5i3l_ZN_homo_d2.60_cluster8,10.4077,Cx2Cx22Cx2C-LLHH,60.22,0.9935,0.4865,0.1830,0.2120,25.000,/Users/stetef/Documents/SLAC/pdb-scraper/data/large-cys-his-datasets/4cys-large/output/xyz_files/5i3l_ZN_homo_d2.60_cluster8.xyz,175.29,23.730,,81.45,24.280,,-111.12,23.717,,95.24,23.247,
5i8b_ZN_homo_d2.60_cluster2,5,#c49c94,1,5i8b_ZN_homo_d2.60_cluster2,13.9467,Cx2Cx21Cx2C-LLLL,60.15,0.9911,0.5183,0.1900,0.2000,25.190,/Users/stetef/Documents/SLAC/pdb-scraper/data/large-cys-his-datasets/4cys-large/output/xyz_files/5i8b_ZN_homo_d2.60_cluster2.xyz,-119.67,26.850,,95.42,26.287,,89.75,25.037,,175.08,24.523,
5i8g_ZN_homo_d2.60_cluster2,3,#d62728,1,5i8g_ZN_homo_d2.60_cluster2,14.0745,Cx2Cx21Cx2C-LLLL,59.65,0.9890,0.5142,0.1900,0.2110,21.200,/Users/stetef/Documents/SLAC/pdb-scraper/data/large-cys-his-datasets/4cys-large/output/xyz_files/5i8g_ZN_homo_d2.60_cluster2.xyz,-120.22,22.450,,94.21,21.930,,174.77,20.620,,89.85,21.000,
5i8g_ZN_homo_d2.60_cluster3,3,#d62728,1,5i8g_ZN_homo_d2.60_cluster3,29.0695,Cx5Cx17Cx2C-LLSL,71.81,0.9053,0.4575,0.1900,0.2110,66.430,/Users/stetef/Documents/SLAC/pdb-scraper/data/large-cys-his-datasets/4cys-large/output/xyz_files/5i8g_ZN_homo_d2.60_cluster3.xyz,163.46,65.673,,152.15,75.047,,101.29,65.767,,-129.65,76.177,
5iaa_ZN_homo_d2.60_cluster1,1,#ff7f0e,1,5iaa_ZN_homo_d2.60_cluster1,0.8417,Cx2Cx73Cx4C-LLLH,-69.14,0.9803,0.4792,0.1880,0.2060,33.970,/Users/stetef/Documents/SLAC/pdb-scraper/data/large-cys-his-datasets/4cys-large/output/xyz_files/5iaa_ZN_homo_d2.60_cluster1.xyz,-173.33,31.557,,84.99,30.413,,-30.38,31.587,,-157.83,33.060,
5iaa_ZN_homo_d2.60_cluster2,7,#c7c7c7,1,5iaa_ZN_homo_d2.60_cluster2,0.9099,Cx2Cx73Cx4C-HHLH,-69.19,0.9777,0.4822,0.1880,0.2060,37.550,/Users/stetef/Documents/SLAC/pdb-scraper/data/large-cys-his-datasets/4cys-large/output/xyz_files/5iaa_ZN_homo_d2.60_cluster2.xyz,-175.00,35.093,,85.06,35.933,,-159.67,39.427,,-27.16,37.210,
5iy5_ZN_homo_d2.60_cluster1,5,#c49c94,1,5iy5_ZN_homo_d2.60_cluster1,3.0459,Cx1Cx19Cx2C-SLLL,111.25,0.9948,0.4742,0.1690,0.2070,36.320,/Users/stetef/Documents/SLAC/pdb-scraper/data/large-cys-his-datasets/4cys-large/output/xyz_files/5iy5_ZN_homo_d2.60_cluster1.xyz,125.96,32.973,,167.48,35.870,,89.82,33.713,,61.72,35.147,
5jaj_ZN_homo_d2.60_cluster1,5,#c49c94,1,5jaj_ZN_homo_d2.60_cluster1,5.6011,Cx2Cx52Cx2C-SLSL,137.06,0.9952,0.4565,0.1350,0.1680,24.000,/Users/stetef/Documents/SLAC/pdb-scraper/data/large-cys-his-datasets/4cys-large/output/xyz_files/5jaj_ZN_homo_d2.60_cluster1.xyz,97.33,28.710,,98.47,25.740,,172.71,20.407,,179.73,23.333,
5jbg_ZN_homo_d2.60_cluster1,5,#c49c94,1,5jbg_ZN_homo_d2.60_cluster1,4.2644,Cx2Cx52Cx2C-SLSL,137.15,0.9878,0.4516,0.2190,0.2550,39.640,/Users/stetef/Documents/SLAC/pdb-scraper/data/large-cys-his-datasets/4cys-large/output/xyz_files/5jbg_ZN_homo_d2.60_cluster1.xyz,170.55,35.910,,96.19,40.167,,178.97,37.970,,102.90,44.547,
5jhn_ZN_homo_d2.60_cluster1,3,#d62728,1,5jhn_ZN_homo_d2.60_cluster1,43.3548,Cx36Cx5Cx3C-LLLL,-172.76,0.9965,0.7363,0.2100,0.2370,34.120,/Users/stetef/Documents/SLAC/pdb-scraper/data/large-cys-his-datasets/4cys-large/output/xyz_files/5jhn_ZN_homo_d2.60_cluster1.xyz,-176.18,37.487,,-174.87,34.583,,-178.77,30.067,,-161.21,39.843,
5jhn_ZN_homo_d2.60_cluster2,3,#d62728,1,5jhn_ZN_homo_d2.60_cluster2,21.4238,Cx1Cx3Cx4C-LLLH,-71.96,0.9871,0.5713,0.2100,0.2370,35.950,/Users/stetef/Documents/SLAC/pdb-scraper/data/large-cys-his-datasets/4cys-large/output/xyz_files/5jhn_ZN_homo_d2.60_cluster2.xyz,85.21,39.843,,-84.33,41.337,,-163.53,34.023,,-125.20,37.553,
5jhn_ZN_homo_d2.60_cluster3,0,#1f77b4,1,5jhn_ZN_homo_d2.60_cluster3,6.3010,Cx12Cx29Cx3C-LHLL,38.29,0.9767,0.5097,0.2100,0.2370,32.990,/Users/stetef/Documents/SLAC/pdb-scraper/data/large-cys-his-datasets/4cys-large/output/xyz_files/5jhn_ZN_homo_d2.60_cluster3.xyz,-143.94,33.073,,136.78,32.017,,70.53,30.067,,89.77,34.023,
5jhn_ZN_homo_d2.60_cluster4,8,#dbdb8d,1,5jhn_ZN_homo_d2.60_cluster4,29.0736,Cx52Cx1Cx4C-LLLL,13.41,0.9919,0.6736,0.2100,0.2370,33.770,/Users/stetef/Documents/SLAC/pdb-scraper/data/large-cys-his-datasets/4cys-large/output/xyz_files/5jhn_ZN_homo_d2.60_cluster4.xyz,141.86,30.013,,-109.18,34.447,,-72.46,35.660,,93.43,34.290,
5jhn_ZN_homo_d2.60_cluster5,0,#1f77b4,1,5jhn_ZN_homo_d2.60_cluster5,6.3196,Cx12Cx29Cx3C-LHLL,38.62,0.9830,0.5129,0.2100,0.2370,23.740,/Users/stetef/Documents/SLAC/pdb-scraper/data/large-cys-his-datasets/4cys-large/output/xyz_files/5jhn_ZN_homo_d2.60_cluster5.xyz,-143.41,25.747,,135.97,24.110,,71.56,23.307,,90.34,25.863,
5jhn_ZN_homo_d2.60_cluster6,2,#2ca02c,1,5jhn_ZN_homo_d2.60_cluster6,42.7510,Cx36Cx5Cx3C-LLLL,-172.70,0.9959,0.7435,0.2100,0.2370,24.030,/Users/stetef/Documents/SLAC/pdb-scraper/data/large-cys-his-datasets/4cys-large/output/xyz_files/5jhn_ZN_homo_d2.60_cluster6.xyz,-175.92,23.600,,-174.74,23.967,,-161.79,25.547,,-178.34,23.307,
5jhn_ZN_homo_d2.60_cluster7,3,#d62728,1,5jhn_ZN_homo_d2.60_cluster7,22.6017,Cx1Cx3Cx4C-LLLH,-72.55,0.9924,0.5987,0.2100,0.2370,25.430,/Users/stetef/Documents/SLAC/pdb-scraper/data/large-cys-his-datasets/4cys-large/output/xyz_files/5jhn_ZN_homo_d2.60_cluster7.xyz,-84.73,27.610,,-161.26,25.863,,83.43,25.547,,-127.64,25.030,
5jhn_ZN_homo_d2.60_cluster8,8,#dbdb8d,1,5jhn_ZN_homo_d2.60_cluster8,30.1799,Cx52Cx1Cx4C-LLLL,7.21,0.9936,0.7051,0.2100,0.2370,34.290,/Users/stetef/Documents/SLAC/pdb-scraper/data/large-cys-his-datasets/4cys-large/output/xyz_files/5jhn_ZN_homo_d2.60_cluster8.xyz,70.20,45.227,,-72.38,38.853,,139.82,31.603,,-108.82,35.177,
5jin_ZN_homo_d2.60_cluster1,1,#ff7f0e,1,5jin_ZN_homo_d2.60_cluster1,6.5331,Cx12Cx29Cx3C-LHLL,37.43,0.9749,0.5163,0.1990,0.2400,41.090,/Users/stetef/Documents/SLAC/pdb-scraper/data/large-cys-his-datasets/4cys-large/output/xyz_files/5jin_ZN_homo_d2.60_cluster1.xyz,-143.56,43.080,,68.38,35.827,,133.94,42.630,,90.95,41.590,
5jin_ZN_homo_d2.60_cluster2,2,#2ca02c,1,5jin_ZN_homo_d2.60_cluster2,21.0172,Cx1Cx3Cx4C-LLLH,-73.44,0.9833,0.5706,0.1990,0.2400,43.670,/Users/stetef/Documents/SLAC/pdb-scraper/data/large-cys-his-datasets/4cys-large/output/xyz_files/5jin_ZN_homo_d2.60_cluster2.xyz,86.10,44.290,,-83.92,51.013,,-166.01,41.590,,-129.94,49.863,
5jin_ZN_homo_d2.60_cluster3,3,#d62728,1,5jin_ZN_homo_d2.60_cluster3,42.5319,Cx36Cx5Cx3C-LLLL,-171.77,0.9868,0.7484,0.1990,0.2400,40.420,/Users/stetef/Documents/SLAC/pdb-scraper/data/large-cys-his-datasets/4cys-large/output/xyz_files/5jin_ZN_homo_d2.60_cluster3.xyz,-174.83,42.073,,-176.57,40.310,,-179.16,35.827,,-156.54,44.290,
5jin_ZN_homo_d2.60_cluster4,0,#1f77b4,1,5jin_ZN_homo_d2.60_cluster4,28.5404,Cx52Cx1Cx4C-LLLL,11.68,0.9879,0.6603,0.1990,0.2400,42.430,/Users/stetef/Documents/SLAC/pdb-scraper/data/large-cys-his-datasets/4cys-large/output/xyz_files/5jin_ZN_homo_d2.60_cluster4.xyz,97.34,44.333,,138.21,38.727,,-106.76,44.637,,-82.06,48.163,
5jin_ZN_homo_d2.60_cluster5,0,#1f77b4,1,5jin_ZN_homo_d2.60_cluster5,7.4241,Cx12Cx29Cx3C-LHLL,36.93,0.9790,0.5212,0.1990,0.2400,32.930,/Users/stetef/Documents/SLAC/pdb-scraper/data/large-cys-his-datasets/4cys-large/output/xyz_files/5jin_ZN_homo_d2.60_cluster5.xyz,-144.75,52.293,,133.68,30.967,,89.50,35.193,,69.30,32.397,
5jin_ZN_homo_d2.60_cluster6,3,#d62728,1,5jin_ZN_homo_d2.60_cluster6,41.8617,Cx36Cx5Cx3C-LLLL,-173.05,0.9916,0.7455,0.1990,0.2400,31.770,/Users/stetef/Documents/SLAC/pdb-scraper/data/large-cys-his-datasets/4cys-large/output/xyz_files/5jin_ZN_homo_d2.60_cluster6.xyz,-179.88,32.397,,-173.33,34.340,,-179.38,33.657,,-159.60,36.357,
5jin_ZN_homo_d2.60_cluster7,2,#2ca02c,1,5jin_ZN_homo_d2.60_cluster7,21.3663,Cx1Cx3Cx4C-LLLH,-73.27,0.9894,0.5939,0.1990,0.2400,35.720,/Users/stetef/Documents/SLAC/pdb-scraper/data/large-cys-his-datasets/4cys-large/output/xyz_files/5jin_ZN_homo_d2.60_cluster7.xyz,85.00,36.357,,-83.67,48.150,,-164.07,35.193,,-130.34,37.207,
5jin_ZN_homo_d2.60_cluster8,7,#c7c7c7,1,5jin_ZN_homo_d2.60_cluster8,28.7695,Cx52Cx1Cx4C-LLLL,9.81,0.9730,0.6701,0.1990,0.2400,46.430,/Users/stetef/Documents/SLAC/pdb-scraper/data/large-cys-his-datasets/4cys-large/output/xyz_files/5jin_ZN_homo_d2.60_cluster8.xyz,94.15,51.810,,136.07,44.480,,-86.07,56.093,,-104.93,47.910,
5jiy_ZN_homo_d2.60_cluster1,5,#c49c94,1,5jiy_ZN_homo_d2.60_cluster1,6.3163,Cx12Cx29Cx3C-LHLL,38.59,0.9759,0.5133,0.2110,0.2330,24.180,/Users/stetef/Documents/SLAC/pdb-scraper/data/large-cys-his-datasets/4cys-large/output/xyz_files/5jiy_ZN_homo_d2.60_cluster1.xyz,139.78,22.133,,-141.53,24.020,,84.84,25.093,,71.27,20.600,
5jiy_ZN_homo_d2.60_cluster2,3,#d62728,1,5jiy_ZN_homo_d2.60_cluster2,20.6611,Cx1Cx3Cx4C-LLLH,-73.58,0.9908,0.5805,0.2110,0.2330,25.770,/Users/stetef/Documents/SLAC/pdb-scraper/data/large-cys-his-datasets/4cys-large/output/xyz_files/5jiy_ZN_homo_d2.60_cluster2.xyz,-84.24,27.013,,-126.55,29.443,,83.12,26.247,,-166.63,25.093,
5jiy_ZN_homo_d2.60_cluster3,6,#f7b6d2,1,5jiy_ZN_homo_d2.60_cluster3,44.3869,Cx36Cx5Cx3C-LLLL,-172.67,0.9954,0.7403,0.2110,0.2330,23.970,/Users/stetef/Documents/SLAC/pdb-scraper/data/large-cys-his-datasets/4cys-large/output/xyz_files/5jiy_ZN_homo_d2.60_cluster3.xyz,-174.30,23.887,,-161.31,26.247,,-175.73,24.667,,-179.36,20.600,
5jiy_ZN_homo_d2.60_cluster4,3,#d62728,1,5jiy_ZN_homo_d2.60_cluster4,29.3647,Cx52Cx1Cx4C-LLLL,12.02,0.9924,0.6596,0.2110,0.2330,24.600,/Users/stetef/Documents/SLAC/pdb-scraper/data/large-cys-his-datasets/4cys-large/output/xyz_files/5jiy_ZN_homo_d2.60_cluster4.xyz,-72.25,26.703,,141.81,23.153,,92.18,26.490,,-113.65,25.950,
5jiy_ZN_homo_d2.60_cluster5,5,#c49c94,1,5jiy_ZN_homo_d2.60_cluster5,6.6923,Cx12Cx29Cx3C-LHLL,36.96,0.9802,0.5137,0.2110,0.2330,19.200,/Users/stetef/Documents/SLAC/pdb-scraper/data/large-cys-his-datasets/4cys-large/output/xyz_files/5jiy_ZN_homo_d2.60_cluster5.xyz,135.72,17.700,,-142.68,20.433,,67.19,16.903,,87.59,19.180,
5jiy_ZN_homo_d2.60_cluster6,3,#d62728,1,5jiy_ZN_homo_d2.60_cluster6,42.9524,Cx36Cx5Cx3C-LLLL,-83.44,0.9953,0.7450,0.2110,0.2330,18.370,/Users/stetef/Documents/SLAC/pdb-scraper/data/large-cys-his-datasets/4cys-large/output/xyz_files/5jiy_ZN_homo_d2.60_cluster6.xyz,-157.08,19.580,,-174.93,18.517,,-177.82,19.733,,176.06,16.903,
5jiy_ZN_homo_d2.60_cluster7,3,#d62728,1,5jiy_ZN_homo_d2.60_cluster7,22.3644,Cx1Cx3Cx4C-LLLH,-72.73,0.9913,0.5998,0.2110,0.2330,19.690,/Users/stetef/Documents/SLAC/pdb-scraper/data/large-cys-his-datasets/4cys-large/output/xyz_files/5jiy_ZN_homo_d2.60_cluster7.xyz,-129.10,20.017,,-84.73,21.473,,-165.77,19.180,,88.67,19.580,
5jiy_ZN_homo_d2.60_cluster8,5,#c49c94,1,5jiy_ZN_homo_d2.60_cluster8,29.9100,Cx52Cx1Cx4C-LLLL,14.88,0.9922,0.6779,0.2110,0.2330,26.900,/Users/stetef/Documents/SLAC/pdb-scraper/data/large-cys-his-datasets/4cys-large/output/xyz_files/5jiy_ZN_homo_d2.60_cluster8.xyz,-69.25,27.890,,141.52,24.983,,95.96,28.150,,-108.70,26.837,
5jj0_ZN_homo_d2.60_cluster1,3,#d62728,1,5jj0_ZN_homo_d2.60_cluster1,6.0220,Cx12Cx29Cx3C-LHLL,34.77,0.9829,0.5157,0.2200,0.2520,27.390,/Users/stetef/Documents/SLAC/pdb-scraper/data/large-cys-his-datasets/4cys-large/output/xyz_files/5jj0_ZN_homo_d2.60_cluster1.xyz,129.69,26.217,,-146.39,28.673,,72.15,25.723,,83.64,29.450,
5jj0_ZN_homo_d2.60_cluster2,2,#2ca02c,1,5jj0_ZN_homo_d2.60_cluster2,20.9476,Cx1Cx3Cx4C-LLLH,-71.68,0.9848,0.5653,0.2200,0.2520,31.430,/Users/stetef/Documents/SLAC/pdb-scraper/data/large-cys-his-datasets/4cys-large/output/xyz_files/5jj0_ZN_homo_d2.60_cluster2.xyz,88.37,29.303,,-79.73,32.850,,-167.96,29.450,,-127.41,34.253,
5jj0_ZN_homo_d2.60_cluster3,3,#d62728,1,5jj0_ZN_homo_d2.60_cluster3,43.6612,Cx36Cx5Cx3C-LLLL,-171.31,0.9972,0.7296,0.2200,0.2520,27.880,/Users/stetef/Documents/SLAC/pdb-scraper/data/large-cys-his-datasets/4cys-large/output/xyz_files/5jj0_ZN_homo_d2.60_cluster3.xyz,-173.62,26.570,,-173.90,29.550,,-179.06,25.723,,-158.64,29.303,
5jj0_ZN_homo_d2.60_cluster4,0,#1f77b4,1,5jj0_ZN_homo_d2.60_cluster4,29.6315,Cx52Cx1Cx4C-LLLL,11.89,0.9867,0.6632,0.2200,0.2520,29.780,/Users/stetef/Documents/SLAC/pdb-scraper/data/large-cys-his-datasets/4cys-large/output/xyz_files/5jj0_ZN_homo_d2.60_cluster4.xyz,-108.15,31.057,,141.04,26.917,,-78.66,32.960,,93.35,30.570,
5jj0_ZN_homo_d2.60_cluster5,0,#1f77b4,1,5jj0_ZN_homo_d2.60_cluster5,6.4997,Cx12Cx29Cx3C-LHLL,33.89,0.9884,0.5125,0.2200,0.2520,20.470,/Users/stetef/Documents/SLAC/pdb-scraper/data/large-cys-his-datasets/4cys-large/output/xyz_files/5jj0_ZN_homo_d2.60_cluster5.xyz,-148.92,20.347,,128.13,19.657,,70.05,20.893,,86.33,21.740,
5jj0_ZN_homo_d2.60_cluster6,7,#c7c7c7,1,5jj0_ZN_homo_d2.60_cluster6,43.3685,Cx36Cx5Cx3C-LLLL,-81.10,0.9955,0.7431,0.2200,0.2520,20.430,/Users/stetef/Documents/SLAC/pdb-scraper/data/large-cys-his-datasets/4cys-large/output/xyz_files/5jj0_ZN_homo_d2.60_cluster6.xyz,-173.04,19.247,,-155.80,23.203,,-174.96,20.533,,179.40,20.893,
5jj0_ZN_homo_d2.60_cluster7,8,#dbdb8d,1,5jj0_ZN_homo_d2.60_cluster7,22.5673,Cx1Cx3Cx4C-LLLH,-72.09,0.9841,0.5965,0.2200,0.2520,21.440,/Users/stetef/Documents/SLAC/pdb-scraper/data/large-cys-his-datasets/4cys-large/output/xyz_files/5jj0_ZN_homo_d2.60_cluster7.xyz,91.80,23.203,,-87.21,23.227,,-163.63,21.740,,-129.31,24.233,
5jj0_ZN_homo_d2.60_cluster8,0,#1f77b4,1,5jj0_ZN_homo_d2.60_cluster8,29.7535,Cx52Cx1Cx4C-LLLL,12.15,0.9818,0.6814,0.2200,0.2520,30.960,/Users/stetef/Documents/SLAC/pdb-scraper/data/large-cys-his-datasets/4cys-large/output/xyz_files/5jj0_ZN_homo_d2.60_cluster8.xyz,-104.72,31.710,,91.18,33.707,,-80.28,34.427,,142.43,28.587,
5jlb_ZN_homo_d2.60_cluster1,2,#2ca02c,1,5jlb_ZN_homo_d2.60_cluster1,23.9642,Cx1Cx14Cx3C-LLLH,-74.15,0.9908,0.5969,0.1660,0.1900,23.830,/Users/stetef/Documents/SLAC/pdb-scraper/data/large-cys-his-datasets/4cys-large/output/xyz_files/5jlb_ZN_homo_d2.60_cluster1.xyz,-88.69,22.817,,-165.31,27.220,,78.65,20.680,,-121.25,28.040,
5jlb_ZN_homo_d2.60_cluster2,3,#d62728,1,5jlb_ZN_homo_d2.60_cluster2,35.4466,Cx12Cx3Cx5C-LLLH,-149.83,0.9635,0.6364,0.1660,0.1900,19.760,/Users/stetef/Documents/SLAC/pdb-scraper/data/large-cys-his-datasets/4cys-large/output/xyz_files/5jlb_ZN_homo_d2.60_cluster2.xyz,-137.71,21.870,,-112.14,17.223,,-171.14,20.680,,-178.31,17.277,
5jlb_ZN_homo_d2.60_cluster3,5,#c49c94,1,5jlb_ZN_homo_d2.60_cluster3,29.0392,Cx46Cx1Cx4C-LLLL,18.48,0.9946,0.6886,0.1660,0.1900,18.150,/Users/stetef/Documents/SLAC/pdb-scraper/data/large-cys-his-datasets/4cys-large/output/xyz_files/5jlb_ZN_homo_d2.60_cluster3.xyz,-63.37,19.847,,138.91,17.450,,100.24,18.043,,-101.84,18.533,
5kcp_ZN_homo_d2.60_cluster2,5,#c49c94,1,5kcp_ZN_homo_d2.60_cluster2,28.6393,Cx2Cx2Cx7C-LHHL,-4.79,0.9776,0.8049,0.1180,0.1380,12.200,/Users/stetef/Documents/SLAC/pdb-scraper/data/large-cys-his-datasets/4cys-large/output/xyz_files/5kcp_ZN_homo_d2.60_cluster2.xyz,-68.25,11.207,,93.55,13.190,,66.89,13.593,,-111.36,12.080,
5kcp_ZN_homo_d2.60_cluster4,7,#c7c7c7,1,5kcp_ZN_homo_d2.60_cluster4,28.5597,Cx2Cx2Cx7C-LHHL,-4.33,0.9786,0.8066,0.1180,0.1380,14.170,/Users/stetef/Documents/SLAC/pdb-scraper/data/large-cys-his-datasets/4cys-large/output/xyz_files/5kcp_ZN_homo_d2.60_cluster4.xyz,-66.85,13.070,,67.30,16.540,,-110.44,13.503,,92.65,16.010,
5kcz_ZN_homo_d2.60_cluster2,5,#c49c94,1,5kcz_ZN_homo_d2.60_cluster2,28.6231,Cx2Cx2Cx7C-LHHL,-4.11,0.9793,0.8061,0.1260,0.1480,10.570,/Users/stetef/Documents/SLAC/pdb-scraper/data/large-cys-his-datasets/4cys-large/output/xyz_files/5kcz_ZN_homo_d2.60_cluster2.xyz,-67.55,9.557,,94.24,12.163,,67.17,12.193,,-110.29,10.483,
5kcz_ZN_homo_d2.60_cluster4,5,#c49c94,1,5kcz_ZN_homo_d2.60_cluster4,28.7862,Cx2Cx2Cx7C-LHHL,-3.95,0.9784,0.8050,0.1260,0.1480,11.960,/Users/stetef/Documents/SLAC/pdb-scraper/data/large-cys-his-datasets/4cys-large/output/xyz_files/5kcz_ZN_homo_d2.60_cluster4.xyz,-66.22,10.930,,93.51,13.750,,66.44,13.780,,-109.52,11.267,
5kj1_ZN_homo_d2.60_cluster2,5,#c49c94,1,5kj1_ZN_homo_d2.60_cluster2,28.5466,Cx2Cx2Cx7C-LHHL,-4.85,0.9774,0.7975,0.1240,0.1700,11.320,/Users/stetef/Documents/SLAC/pdb-scraper/data/large-cys-his-datasets/4cys-large/output/xyz_files/5kj1_ZN_homo_d2.60_cluster2.xyz,-67.68,10.343,,65.34,12.450,,93.66,12.463,,-110.71,11.143,
5kj1_ZN_homo_d2.60_cluster4,5,#c49c94,1,5kj1_ZN_homo_d2.60_cluster4,28.8249,Cx2Cx2Cx7C-LHHL,-4.70,0.9783,0.8040,0.1240,0.1700,14.630,/Users/stetef/Documents/SLAC/pdb-scraper/data/large-cys-his-datasets/4cys-large/output/xyz_files/5kj1_ZN_homo_d2.60_cluster4.xyz,-68.10,13.573,,93.16,16.260,,64.90,16.633,,-108.77,12.977,
5kj6_ZN_homo_d2.60_cluster2,1,#ff7f0e,1,5kj6_ZN_homo_d2.60_cluster2,28.9006,Cx2Cx2Cx7C-LHHL,-3.88,0.9792,0.8032,0.1370,0.1640,11.540,/Users/stetef/Documents/SLAC/pdb-scraper/data/large-cys-his-datasets/4cys-large/output/xyz_files/5kj6_ZN_homo_d2.60_cluster2.xyz,-65.39,10.620,,-109.87,11.373,,66.90,12.877,,92.85,13.190,
5kj6_ZN_homo_d2.60_cluster4,1,#ff7f0e,1,5kj6_ZN_homo_d2.60_cluster4,28.9388,Cx2Cx2Cx7C-LHHL,-3.88,0.9773,0.8034,0.1370,0.1640,13.970,/Users/stetef/Documents/SLAC/pdb-scraper/data/large-cys-his-datasets/4cys-large/output/xyz_files/5kj6_ZN_homo_d2.60_cluster4.xyz,-67.06,12.607,,95.49,16.420,,64.18,16.113,,-108.13,12.907,
5kjc_ZN_homo_d2.60_cluster2,3,#d62728,1,5kjc_ZN_homo_d2.60_cluster2,28.8812,Cx2Cx2Cx7C-LHHL,-4.49,0.9786,0.8027,0.1290,0.1680,12.490,/Users/stetef/Documents/SLAC/pdb-scraper/data/large-cys-his-datasets/4cys-large/output/xyz_files/5kjc_ZN_homo_d2.60_cluster2.xyz,66.51,13.800,,93.21,14.323,,-66.22,11.440,,-111.46,12.237,
5kjc_ZN_homo_d2.60_cluster4,5,#c49c94,1,5kjc_ZN_homo_d2.60_cluster4,28.6581,Cx2Cx2Cx7C-LHHL,-3.64,0.9787,0.8009,0.1290,0.1680,15.770,/Users/stetef/Documents/SLAC/pdb-scraper/data/large-cys-his-datasets/4cys-large/output/xyz_files/5kjc_ZN_homo_d2.60_cluster4.xyz,-65.72,13.857,,66.75,17.577,,93.66,17.640,,-109.25,14.383,
5kje_ZN_homo_d2.60_cluster2,7,#c7c7c7,1,5kje_ZN_homo_d2.60_cluster2,28.8907,Cx2Cx2Cx7C-LHHL,-2.87,0.9796,0.8051,0.1240,0.1440,12.450,/Users/stetef/Documents/SLAC/pdb-scraper/data/large-cys-his-datasets/4cys-large/output/xyz_files/5kje_ZN_homo_d2.60_cluster2.xyz,-64.31,11.493,,68.93,13.617,,95.81,13.777,,-111.92,11.910,
5kje_ZN_homo_d2.60_cluster4,6,#f7b6d2,1,5kje_ZN_homo_d2.60_cluster4,28.6241,Cx2Cx2Cx7C-LHHL,-3.06,0.9779,0.8028,0.1240,0.1440,15.040,/Users/stetef/Documents/SLAC/pdb-scraper/data/large-cys-his-datasets/4cys-large/output/xyz_files/5kje_ZN_homo_d2.60_cluster4.xyz,93.91,16.207,,66.89,16.220,,-65.96,13.150,,-107.08,14.713,
5kjf_ZN_homo_d2.60_cluster2,1,#ff7f0e,1,5kjf_ZN_homo_d2.60_cluster2,28.7130,Cx2Cx2Cx7C-LHHL,-4.26,0.9786,0.8031,0.1330,0.1530,12.840,/Users/stetef/Documents/SLAC/pdb-scraper/data/large-cys-his-datasets/4cys-large/output/xyz_files/5kjf_ZN_homo_d2.60_cluster2.xyz,-66.36,11.723,,66.22,14.320,,93.99,13.990,,-110.89,12.277,
5kjf_ZN_homo_d2.60_cluster4,5,#c49c94,1,5kjf_ZN_homo_d2.60_cluster4,28.6124,Cx2Cx2Cx7C-LHHL,-4.04,0.9777,0.8006,0.1330,0.1530,15.740,/Users/stetef/Documents/SLAC/pdb-scraper/data/large-cys-his-datasets/4cys-large/output/xyz_files/5kjf_ZN_homo_d2.60_cluster4.xyz,-66.32,14.360,,94.26,17.437,,65.01,17.233,,-109.11,14.313,
5kjk_ZN_homo_d2.60_cluster1,7,#c7c7c7,1,5kjk_ZN_homo_d2.60_cluster1,24.8948,Cx2Cx18Cx3C-LLLH,78.61,0.9697,0.6222,0.1790,0.2030,36.200,/Users/stetef/Documents/SLAC/pdb-scraper/data/large-cys-his-datasets/4cys-large/output/xyz_files/5kjk_ZN_homo_d2.60_cluster1.xyz,157.19,37.267,,172.24,31.697,,90.65,32.903,,-105.66,37.963,
5kjk_ZN_homo_d2.60_cluster3,7,#c7c7c7,1,5kjk_ZN_homo_d2.60_cluster3,29.6938,Cx52Cx1Cx2C-LLHH,2.27,0.9602,0.7226,0.1790,0.2030,30.410,/Users/stetef/Documents/SLAC/pdb-scraper/data/large-cys-his-datasets/4cys-large/output/xyz_files/5kjk_ZN_homo_d2.60_cluster3.xyz,-105.48,32.117,,130.41,30.650,,89.00,32.123,,-104.85,27.530,
5ko3_ZN_homo_d2.60_cluster1,7,#c7c7c7,1,5ko3_ZN_homo_d2.60_cluster1,23.5771,Cx2Cx31Cx1C-SLLL,85.40,0.9962,0.4096,0.1680,0.1890,132.480,/Users/stetef/Documents/SLAC/pdb-scraper/data/large-cys-his-datasets/4cys-large/output/xyz_files/5ko3_ZN_homo_d2.60_cluster1.xyz,-90.21,97.127,,164.44,118.990,,89.32,137.863,,178.06,96.473,
5l8h_ZN_homo_d2.60_cluster1,3,#d62728,1,5l8h_ZN_homo_d2.60_cluster1,10.0082,Cx2Cx43Cx2C-SLSL,86.05,0.9888,0.4417,0.1680,0.1940,21.140,/Users/stetef/Documents/SLAC/pdb-scraper/data/large-cys-his-datasets/4cys-large/output/xyz_files/5l8h_ZN_homo_d2.60_cluster1.xyz,92.90,25.800,,173.79,21.610,,-96.30,22.003,,173.81,20.557,
5lb3_ZN_homo_d2.60_cluster1,5,#c49c94,1,5lb3_ZN_homo_d2.60_cluster1,32.7574,Cx15Cx3Cx2C-HLHH,14.82,0.9840,0.8244,0.1970,0.2340,24.000,/Users/stetef/Documents/SLAC/pdb-scraper/data/large-cys-his-datasets/4cys-large/output/xyz_files/5lb3_ZN_homo_d2.60_cluster1.xyz,-124.67,23.820,,-73.62,21.350,,163.63,26.147,,93.95,22.647,
5lb3_ZN_homo_d2.60_cluster2,5,#c49c94,1,5lb3_ZN_homo_d2.60_cluster2,30.0304,Cx15Cx3Cx2C-HLHH,-5.78,0.9862,0.8375,0.1970,0.2340,21.800,/Users/stetef/Documents/SLAC/pdb-scraper/data/large-cys-his-datasets/4cys-large/output/xyz_files/5lb3_ZN_homo_d2.60_cluster2.xyz,69.99,25.763,,100.17,19.280,,-72.39,20.850,,-120.89,19.010,
5lb5_ZN_homo_d2.60_cluster1,7,#c7c7c7,1,5lb5_ZN_homo_d2.60_cluster1,33.1171,Cx15Cx3Cx2C-HLHH,18.00,0.9722,0.7994,0.2460,0.2820,39.910,/Users/stetef/Documents/SLAC/pdb-scraper/data/large-cys-his-datasets/4cys-large/output/xyz_files/5lb5_ZN_homo_d2.60_cluster1.xyz,166.12,35.297,,95.05,35.147,,-67.65,33.923,,-121.52,46.807,
5lb5_ZN_homo_d2.60_cluster2,5,#c49c94,1,5lb5_ZN_homo_d2.60_cluster2,33.5552,Cx15Cx3Cx2C-HLHH,17.47,0.9493,0.8464,0.2460,0.2820,45.540,/Users/stetef/Documents/SLAC/pdb-scraper/data/large-cys-his-datasets/4cys-large/output/xyz_files/5lb5_ZN_homo_d2.60_cluster2.xyz,166.56,48.753,,-73.98,36.193,,99.21,37.770,,-121.92,50.123,
5lb5_ZN_homo_d2.60_cluster3,3,#d62728,1,5lb5_ZN_homo_d2.60_cluster3,32.8372,Cx15Cx3Cx2C-HLHH,15.24,0.9687,0.8397,0.2460,0.2820,46.020,/Users/stetef/Documents/SLAC/pdb-scraper/data/large-cys-his-datasets/4cys-large/output/xyz_files/5lb5_ZN_homo_d2.60_cluster3.xyz,161.45,45.853,,-125.49,50.110,,93.89,38.110,,-68.88,36.427,
5lb5_ZN_homo_d2.60_cluster4,5,#c49c94,1,5lb5_ZN_homo_d2.60_cluster4,30.0868,Cx15Cx3Cx2C-HLHH,-9.91,0.9669,0.8164,0.2460,0.2820,45.270,/Users/stetef/Documents/SLAC/pdb-scraper/data/large-cys-his-datasets/4cys-large/output/xyz_files/5lb5_ZN_homo_d2.60_cluster4.xyz,66.78,49.440,,-70.71,37.027,,-127.67,47.417,,91.94,35.760,
5lcm_ZN_homo_d2.60_cluster1,7,#c7c7c7,1,5lcm_ZN_homo_d2.60_cluster1,13.1794,Cx2Cx18Cx2C-LLHH,54.47,0.9778,0.5225,0.2330,0.2690,23.690,/Users/stetef/Documents/SLAC/pdb-scraper/data/large-cys-his-datasets/4cys-large/output/xyz_files/5lcm_ZN_homo_d2.60_cluster1.xyz,-123.71,25.307,,87.94,24.113,,95.18,24.877,,158.48,24.890,
5lcm_ZN_homo_d2.60_cluster2,5,#c49c94,1,5lcm_ZN_homo_d2.60_cluster2,12.9426,Cx2Cx18Cx2C-LLHH,56.13,0.9776,0.5236,0.2330,0.2690,22.200,/Users/stetef/Documents/SLAC/pdb-scraper/data/large-cys-his-datasets/4cys-large/output/xyz_files/5lcm_ZN_homo_d2.60_cluster2.xyz,-126.02,25.260,,94.80,26.173,,166.87,23.660,,88.85,21.730,
5lss_ZN_homo_d2.60_cluster1,0,#1f77b4,1,5lss_ZN_homo_d2.60_cluster1,21.1626,Cx1Cx14Cx3C-LLLH,-76.08,0.9879,0.5780,0.1650,0.2260,23.680,/Users/stetef/Documents/SLAC/pdb-scraper/data/large-cys-his-datasets/4cys-large/output/xyz_files/5lss_ZN_homo_d2.60_cluster1.xyz,-166.39,35.790,,-126.44,33.057,,77.30,23.013,,-88.80,22.490,
5lss_ZN_homo_d2.60_cluster2,3,#d62728,1,5lss_ZN_homo_d2.60_cluster2,35.9766,Cx12Cx3Cx5C-LLLH,-151.19,0.9610,0.6372,0.1650,0.2260,19.640,/Users/stetef/Documents/SLAC/pdb-scraper/data/large-cys-his-datasets/4cys-large/output/xyz_files/5lss_ZN_homo_d2.60_cluster2.xyz,-176.96,20.183,,-142.06,26.473,,-113.05,21.903,,-172.69,23.013,
5lss_ZN_homo_d2.60_cluster3,5,#c49c94,1,5lss_ZN_homo_d2.60_cluster3,29.1810,Cx46Cx1Cx4C-LLLL,14.19,0.9985,0.7061,0.1650,0.2260,23.830,/Users/stetef/Documents/SLAC/pdb-scraper/data/large-cys-his-datasets/4cys-large/output/xyz_files/5lss_ZN_homo_d2.60_cluster3.xyz,96.08,24.350,,137.16,23.190,,-74.89,31.667,,-101.59,24.543,
5lsy_ZN_homo_d2.60_cluster1,5,#c49c94,1,5lsy_ZN_homo_d2.60_cluster1,21.8660,Cx1Cx14Cx3C-LLLH,-75.60,0.9894,0.5903,0.1830,0.2150,14.200,/Users/stetef/Documents/SLAC/pdb-scraper/data/large-cys-his-datasets/4cys-large/output/xyz_files/5lsy_ZN_homo_d2.60_cluster1.xyz,-167.19,18.710,,-88.75,14.153,,-122.54,20.803,,76.07,14.540,
5lsy_ZN_homo_d2.60_cluster2,3,#d62728,1,5lsy_ZN_homo_d2.60_cluster2,35.6891,Cx12Cx3Cx5C-LLLH,-148.40,0.9613,0.6518,0.1830,0.2150,12.990,/Users/stetef/Documents/SLAC/pdb-scraper/data/large-cys-his-datasets/4cys-large/output/xyz_files/5lsy_ZN_homo_d2.60_cluster2.xyz,-105.05,14.217,,-176.00,12.863,,-136.96,19.437,,-175.57,14.540,
5lsy_ZN_homo_d2.60_cluster3,7,#c7c7c7,1,5lsy_ZN_homo_d2.60_cluster3,28.8484,Cx46Cx1Cx4C-LLLL,15.38,0.9994,0.6829,0.1830,0.2150,8.510,/Users/stetef/Documents/SLAC/pdb-scraper/data/large-cys-his-datasets/4cys-large/output/xyz_files/5lsy_ZN_homo_d2.60_cluster3.xyz,138.19,8.220,,-73.02,12.557,,97.63,8.357,,-101.29,9.823,
5lsz_ZN_homo_d2.60_cluster1,5,#c49c94,1,5lsz_ZN_homo_d2.60_cluster1,22.6981,Cx1Cx14Cx3C-LLLH,-75.04,0.9903,0.5884,0.1730,0.2010,25.850,/Users/stetef/Documents/SLAC/pdb-scraper/data/large-cys-his-datasets/4cys-large/output/xyz_files/5lsz_ZN_homo_d2.60_cluster1.xyz,-165.21,31.937,,-121.88,36.680,,75.83,25.627,,-88.89,24.390,
5lsz_ZN_homo_d2.60_cluster2,5,#c49c94,1,5lsz_ZN_homo_d2.60_cluster2,35.7917,Cx12Cx3Cx5C-LLLH,-150.24,0.9613,0.6492,0.1730,0.2010,20.560,/Users/stetef/Documents/SLAC/pdb-scraper/data/large-cys-his-datasets/4cys-large/output/xyz_files/5lsz_ZN_homo_d2.60_cluster2.xyz,-104.37,22.247,,-178.98,18.603,,-175.09,25.627,,-142.53,29.627,
5lsz_ZN_homo_d2.60_cluster3,5,#c49c94,1,5lsz_ZN_homo_d2.60_cluster3,29.2436,Cx46Cx1Cx4C-LLLL,16.09,0.9993,0.6904,0.1730,0.2010,13.710,/Users/stetef/Documents/SLAC/pdb-scraper/data/large-cys-his-datasets/4cys-large/output/xyz_files/5lsz_ZN_homo_d2.60_cluster3.xyz,-70.80,17.770,,138.54,12.707,,-100.97,14.513,,97.60,12.903,
5lt7_ZN_homo_d2.60_cluster1,5,#c49c94,1,5lt7_ZN_homo_d2.60_cluster1,22.3689,Cx1Cx14Cx3C-LLLH,-77.20,0.9910,0.5907,0.1700,0.1920,14.850,/Users/stetef/Documents/SLAC/pdb-scraper/data/large-cys-his-datasets/4cys-large/output/xyz_files/5lt7_ZN_homo_d2.60_cluster1.xyz,-168.08,16.957,,-93.24,13.543,,75.56,13.433,,-123.02,17.220,
5lt7_ZN_homo_d2.60_cluster2,3,#d62728,1,5lt7_ZN_homo_d2.60_cluster2,35.4612,Cx12Cx3Cx5C-LLLH,-148.20,0.9593,0.6551,0.1700,0.1920,14.180,/Users/stetef/Documents/SLAC/pdb-scraper/data/large-cys-his-datasets/4cys-large/output/xyz_files/5lt7_ZN_homo_d2.60_cluster2.xyz,-109.32,13.693,,-135.13,16.757,,-172.50,13.433,,-175.83,12.057,
5lt7_ZN_homo_d2.60_cluster3,1,#ff7f0e,1,5lt7_ZN_homo_d2.60_cluster3,29.1922,Cx46Cx1Cx4C-LLLL,14.18,0.9991,0.6896,0.1700,0.1920,11.190,/Users/stetef/Documents/SLAC/pdb-scraper/data/large-cys-his-datasets/4cys-large/output/xyz_files/5lt7_ZN_homo_d2.60_cluster3.xyz,135.71,9.780,,-71.18,12.280,,96.49,10.030,,-104.31,10.677,
5lt8_ZN_homo_d2.60_cluster1,5,#c49c94,1,5lt8_ZN_homo_d2.60_cluster1,29.1504,Cx46Cx1Cx4C-LLLL,16.05,0.9949,0.7033,0.1760,0.2160,27.380,/Users/stetef/Documents/SLAC/pdb-scraper/data/large-cys-his-datasets/4cys-large/output/xyz_files/5lt8_ZN_homo_d2.60_cluster1.xyz,137.79,24.870,,-68.08,32.933,,96.94,25.383,,-102.45,27.357,
5lt8_ZN_homo_d2.60_cluster2,0,#1f77b4,1,5lt8_ZN_homo_d2.60_cluster2,23.9328,Cx1Cx14Cx3C-LLLH,-74.78,0.9934,0.6080,0.1760,0.2160,25.310,/Users/stetef/Documents/SLAC/pdb-scraper/data/large-cys-his-datasets/4cys-large/output/xyz_files/5lt8_ZN_homo_d2.60_cluster2.xyz,-85.84,25.280,,-120.78,31.897,,-165.04,30.067,,72.56,22.353,
5lt8_ZN_homo_d2.60_cluster3,2,#2ca02c,1,5lt8_ZN_homo_d2.60_cluster3,35.4079,Cx12Cx3Cx5C-LLLH,-149.80,0.9659,0.6351,0.1760,0.2160,22.080,/Users/stetef/Documents/SLAC/pdb-scraper/data/large-cys-his-datasets/4cys-large/output/xyz_files/5lt8_ZN_homo_d2.60_cluster3.xyz,-137.27,25.827,,-109.90,22.140,,-176.08,22.353,,-175.98,19.980,
5ly0_ZN_homo_d2.60_cluster1,7,#c7c7c7,1,5ly0_ZN_homo_d2.60_cluster1,29.2172,Cx2Cx6Cx3C-HHLL,-67.61,0.9896,0.6421,0.2020,0.2310,30.750,/Users/stetef/Documents/SLAC/pdb-scraper/data/large-cys-his-datasets/4cys-large/output/xyz_files/5ly0_ZN_homo_d2.60_cluster1.xyz,-112.54,26.933,,-174.21,28.413,,-79.17,28.627,,95.47,26.447,
5ly0_ZN_homo_d2.60_cluster2,5,#c49c94,1,5ly0_ZN_homo_d2.60_cluster2,28.5353,Cx2Cx6Cx3C-HHLL,21.13,0.9481,0.6667,0.2020,0.2310,51.700,/Users/stetef/Documents/SLAC/pdb-scraper/data/large-cys-his-datasets/4cys-large/output/xyz_files/5ly0_ZN_homo_d2.60_cluster2.xyz,-108.08,55.387,,174.37,56.700,,-80.17,63.380,,98.40,48.287,
5m45_ZN_homo_d2.60_cluster1,4,#9467bd,1,5m45_ZN_homo_d2.60_cluster1,7.5737,Cx1Cx47Cx2C-SLLL,131.48,0.9963,0.4542,0.1930,0.2170,28.640,/Users/stetef/Documents/SLAC/pdb-scraper/data/large-cys-his-datasets/4cys-large/output/xyz_files/5m45_ZN_homo_d2.60_cluster1.xyz,90.90,24.027,,154.31,20.367,,109.57,22.223,,171.12,19.737,
5m45_ZN_homo_d2.60_cluster2,7,#c7c7c7,1,5m45_ZN_homo_d2.60_cluster2,7.2964,Cx1Cx47Cx2C-SLLL,131.39,0.9961,0.4522,0.1930,0.2170,28.400,/Users/stetef/Documents/SLAC/pdb-scraper/data/large-cys-his-datasets/4cys-large/output/xyz_files/5m45_ZN_homo_d2.60_cluster2.xyz,155.33,21.150,,172.49,17.210,,88.73,20.940,,109.02,20.550,
5m45_ZN_homo_d2.60_cluster3,5,#c49c94,1,5m45_ZN_homo_d2.60_cluster3,7.4575,Cx1Cx47Cx2C-SLLL,131.82,0.9964,0.4533,0.1930,0.2170,26.650,/Users/stetef/Documents/SLAC/pdb-scraper/data/large-cys-his-datasets/4cys-large/output/xyz_files/5m45_ZN_homo_d2.60_cluster3.xyz,154.97,19.627,,109.47,21.540,,172.29,18.603,,90.57,23.417,
5m45_ZN_homo_d2.60_cluster4,7,#c7c7c7,1,5m45_ZN_homo_d2.60_cluster4,7.5295,Cx1Cx47Cx2C-SLLL,131.69,0.9950,0.4514,0.1930,0.2170,30.740,/Users/stetef/Documents/SLAC/pdb-scraper/data/large-cys-his-datasets/4cys-large/output/xyz_files/5m45_ZN_homo_d2.60_cluster4.xyz,153.86,28.023,,109.55,24.443,,173.00,20.763,,90.33,24.717,
5mar_ZN_homo_d2.60_cluster1,5,#c49c94,1,5mar_ZN_homo_d2.60_cluster1,17.9959,Cx4Cx20Cx2C-SLLL,64.59,0.9117,0.5334,0.1730,0.1940,47.770,/Users/stetef/Documents/SLAC/pdb-scraper/data/large-cys-his-datasets/4cys-large/output/xyz_files/5mar_ZN_homo_d2.60_cluster1.xyz,162.89,53.503,,174.66,52.623,,88.44,56.433,,-167.64,45.973,
5mar_ZN_homo_d2.60_cluster2,5,#c49c94,1,5mar_ZN_homo_d2.60_cluster2,17.4683,Cx4Cx20Cx2C-SLLL,63.76,0.9627,0.5263,0.1730,0.1940,36.900,/Users/stetef/Documents/SLAC/pdb-scraper/data/large-cys-his-datasets/4cys-large/output/xyz_files/5mar_ZN_homo_d2.60_cluster2.xyz,160.81,49.337,,85.28,43.713,,-166.23,36.590,,175.19,41.300,
5mf6_ZN_homo_d2.60_cluster1,0,#1f77b4,1,5mf6_ZN_homo_d2.60_cluster1,13.8605,Cx2Cx21Cx10C-SLLL,-28.13,0.9901,0.4723,0.1910,0.2200,38.490,/Users/stetef/Documents/SLAC/pdb-scraper/data/large-cys-his-datasets/4cys-large/output/xyz_files/5mf6_ZN_homo_d2.60_cluster1.xyz,-177.41,33.610,,-178.54,34.717,,83.71,40.587,,159.71,48.257,
5mf6_ZN_homo_d2.60_cluster2,8,#dbdb8d,1,5mf6_ZN_homo_d2.60_cluster2,16.1463,Cx2Cx21Cx10C-SLLL,64.60,0.9710,0.4989,0.1910,0.2200,51.650,/Users/stetef/Documents/SLAC/pdb-scraper/data/large-cys-his-datasets/4cys-large/output/xyz_files/5mf6_ZN_homo_d2.60_cluster2.xyz,178.16,51.127,,87.98,55.593,,-172.92,46.473,,165.16,57.550,
5mfp_ZN_homo_d2.60_cluster1,8,#dbdb8d,1,5mfp_ZN_homo_d2.60_cluster1,14.0092,Cx2Cx21Cx10C-SLLL,63.32,0.9801,0.4771,0.1590,0.1850,40.950,/Users/stetef/Documents/SLAC/pdb-scraper/data/large-cys-his-datasets/4cys-large/output/xyz_files/5mfp_ZN_homo_d2.60_cluster1.xyz,85.73,41.580,,-172.47,38.737,,177.75,34.603,,162.28,48.723,
5mfp_ZN_homo_d2.60_cluster2,8,#dbdb8d,1,5mfp_ZN_homo_d2.60_cluster2,15.6738,Cx2Cx21Cx10C-SLLL,60.25,0.9916,0.5088,0.1590,0.1850,50.220,/Users/stetef/Documents/SLAC/pdb-scraper/data/large-cys-his-datasets/4cys-large/output/xyz_files/5mfp_ZN_homo_d2.60_cluster2.xyz,173.35,46.993,,90.97,52.533,,-174.17,43.957,,150.85,61.017,
5mkw_ZN_homo_d2.60_cluster1,3,#d62728,1,5mkw_ZN_homo_d2.60_cluster1,17.4756,Cx2Cx72Cx2C-LLSH,61.78,0.9834,0.4681,0.1940,0.2360,21.720,/Users/stetef/Documents/SLAC/pdb-scraper/data/large-cys-his-datasets/4cys-large/output/xyz_files/5mkw_ZN_homo_d2.60_cluster1.xyz,-119.41,22.050,,96.22,24.557,,179.44,20.070,,90.86,19.240,
5mkw_ZN_homo_d2.60_cluster2,5,#c49c94,1,5mkw_ZN_homo_d2.60_cluster2,17.6456,Cx2Cx72Cx2C-LLSH,63.37,0.9771,0.4586,0.1940,0.2360,25.670,/Users/stetef/Documents/SLAC/pdb-scraper/data/large-cys-his-datasets/4cys-large/output/xyz_files/5mkw_ZN_homo_d2.60_cluster2.xyz,98.60,29.137,,-115.96,27.273,,179.92,24.170,,90.92,22.800,
5mr8_ZN_homo_d2.60_cluster2,7,#c7c7c7,1,5mr8_ZN_homo_d2.60_cluster2,12.6626,Cx2Cx22Cx2C-LLLL,0.58,0.9080,0.4703,0.2300,0.2860,64.730,/Users/stetef/Documents/SLAC/pdb-scraper/data/large-cys-his-datasets/4cys-large/output/xyz_files/5mr8_ZN_homo_d2.60_cluster2.xyz,79.78,51.410,,-111.85,69.313,,178.38,69.673,,-143.97,83.223,
5nbc_ZN_homo_d2.60_cluster1,8,#dbdb8d,1,5nbc_ZN_homo_d2.60_cluster1,15.1227,Cx2Cx36Cx2C-SLLL,62.05,0.9927,0.4999,0.2170,0.2440,24.490,/Users/stetef/Documents/SLAC/pdb-scraper/data/large-cys-his-datasets/4cys-large/output/xyz_files/5nbc_ZN_homo_d2.60_cluster1.xyz,96.09,24.330,,-118.54,30.290,,97.22,27.053,,173.43,20.443,
5nbc_ZN_homo_d2.60_cluster2,3,#d62728,1,5nbc_ZN_homo_d2.60_cluster2,14.9702,Cx2Cx36Cx2C-SLHH,62.64,0.9940,0.4715,0.2170,0.2440,26.240,/Users/stetef/Documents/SLAC/pdb-scraper/data/large-cys-his-datasets/4cys-large/output/xyz_files/5nbc_ZN_homo_d2.60_cluster2.xyz,96.62,28.250,,173.80,21.040,,-116.91,31.703,,97.04,29.037,
5nbc_ZN_homo_d2.60_cluster3,3,#d62728,1,5nbc_ZN_homo_d2.60_cluster3,13.2090,Cx2Cx36Cx2C-SLHH,61.75,0.9951,0.4954,0.2170,0.2440,23.110,/Users/stetef/Documents/SLAC/pdb-scraper/data/large-cys-his-datasets/4cys-large/output/xyz_files/5nbc_ZN_homo_d2.60_cluster3.xyz,95.63,20.050,,89.09,19.943,,176.43,17.097,,-114.15,29.640,
5nbc_ZN_homo_d2.60_cluster4,8,#dbdb8d,1,5nbc_ZN_homo_d2.60_cluster4,13.1299,Cx2Cx36Cx2C-SLLH,62.29,0.9940,0.4733,0.2170,0.2440,21.770,/Users/stetef/Documents/SLAC/pdb-scraper/data/large-cys-his-datasets/4cys-large/output/xyz_files/5nbc_ZN_homo_d2.60_cluster4.xyz,95.02,19.697,,96.29,19.907,,-116.52,30.417,,174.37,15.640,
5nhk_ZN_homo_d2.60_cluster1,3,#d62728,1,5nhk_ZN_homo_d2.60_cluster1,16.4467,Cx2Cx36Cx2C-SLLL,60.39,0.9946,0.4883,0.2050,0.2430,22.210,/Users/stetef/Documents/SLAC/pdb-scraper/data/large-cys-his-datasets/4cys-large/output/xyz_files/5nhk_ZN_homo_d2.60_cluster1.xyz,95.80,16.847,,93.45,23.830,,-120.57,25.923,,172.87,16.893,
5nhk_ZN_homo_d2.60_cluster2,5,#c49c94,1,5nhk_ZN_homo_d2.60_cluster2,16.2514,Cx2Cx36Cx2C-SLHH,61.62,0.9937,0.4836,0.2050,0.2430,44.830,/Users/stetef/Documents/SLAC/pdb-scraper/data/large-cys-his-datasets/4cys-large/output/xyz_files/5nhk_ZN_homo_d2.60_cluster2.xyz,98.12,21.650,,96.36,28.990,,-119.53,26.253,,171.54,19.967,
5nhk_ZN_homo_d2.60_cluster3,3,#d62728,1,5nhk_ZN_homo_d2.60_cluster3,12.1820,Cx2Cx36Cx2C-SLHH,64.53,0.9983,0.4716,0.2050,0.2430,18.800,/Users/stetef/Documents/SLAC/pdb-scraper/data/large-cys-his-datasets/4cys-large/output/xyz_files/5nhk_ZN_homo_d2.60_cluster3.xyz,92.41,19.603,,98.93,17.650,,-111.75,25.183,,178.55,14.833,
5nhk_ZN_homo_d2.60_cluster4,5,#c49c94,1,5nhk_ZN_homo_d2.60_cluster4,12.3620,Cx2Cx36Cx2C-SLLL,62.46,0.9989,0.4775,0.2050,0.2430,16.830,/Users/stetef/Documents/SLAC/pdb-scraper/data/large-cys-his-datasets/4cys-large/output/xyz_files/5nhk_ZN_homo_d2.60_cluster4.xyz,90.62,17.913,,-112.75,25.237,,95.92,16.470,,176.06,12.663,
5nse_ZN_homo_d2.60_cluster1,7,#c7c7c7,1,5nse_ZN_homo_d2.60_cluster1,21.1631,Cx4C-Cx4C-LL-LL,40.07,0.9863,0.3041,0.1960,0.2430,42.930,/Users/stetef/Documents/SLAC/pdb-scraper/data/large-cys-his-datasets/4cys-large/output/xyz_files/5nse_ZN_homo_d2.60_cluster1.xyz,147.54,48.890,,-74.45,48.027,,154.94,50.707,,-67.74,48.933,
5o6c_ZN_homo_d2.60_cluster3,3,#d62728,1,5o6c_ZN_homo_d2.60_cluster3,15.3265,Cx2Cx27Cx2C-LLLH,60.72,0.9910,0.5000,0.1720,0.1960,22.100,/Users/stetef/Documents/SLAC/pdb-scraper/data/large-cys-his-datasets/4cys-large/output/xyz_files/5o6c_ZN_homo_d2.60_cluster3.xyz,177.50,18.760,,-122.34,21.670,,93.93,22.190,,93.80,19.613,
5o6c_ZN_homo_d2.60_cluster5,4,#9467bd,1,5o6c_ZN_homo_d2.60_cluster5,19.9143,Cx2Cx14Cx2C-LLHH,59.13,0.9843,0.4487,0.1720,0.1960,23.640,/Users/stetef/Documents/SLAC/pdb-scraper/data/large-cys-his-datasets/4cys-large/output/xyz_files/5o6c_ZN_homo_d2.60_cluster5.xyz,90.78,21.767,,-123.27,22.047,,174.64,20.747,,94.38,20.857,
5o6t_ZN_homo_d2.60_cluster1,1,#ff7f0e,1,5o6t_ZN_homo_d2.60_cluster1,16.9598,Cx2Cx17Cx2C-LLHH,57.49,0.9817,0.5288,0.1580,0.1830,16.940,/Users/stetef/Documents/SLAC/pdb-scraper/data/large-cys-his-datasets/4cys-large/output/xyz_files/5o6t_ZN_homo_d2.60_cluster1.xyz,90.98,17.400,,-126.56,17.573,,169.00,14.783,,96.54,14.520,
5o6t_ZN_homo_d2.60_cluster3,1,#ff7f0e,1,5o6t_ZN_homo_d2.60_cluster3,16.4857,Cx2Cx17Cx2C-LLHH,57.57,0.9822,0.5132,0.1580,0.1830,17.130,/Users/stetef/Documents/SLAC/pdb-scraper/data/large-cys-his-datasets/4cys-large/output/xyz_files/5o6t_ZN_homo_d2.60_cluster3.xyz,92.27,17.883,,-124.92,18.403,,94.01,14.993,,168.93,14.633,
5o8h_ZN_homo_d2.60_cluster1,0,#1f77b4,1,5o8h_ZN_homo_d2.60_cluster1,29.4552,Cx2Cx2Cx7C-LHHH,-11.08,0.9785,0.8053,0.1770,0.2040,25.170,/Users/stetef/Documents/SLAC/pdb-scraper/data/large-cys-his-datasets/4cys-large/output/xyz_files/5o8h_ZN_homo_d2.60_cluster1.xyz,93.27,24.203,,-85.65,25.543,,62.29,25.413,,-114.23,22.313,
5o8h_ZN_homo_d2.60_cluster3,0,#1f77b4,1,5o8h_ZN_homo_d2.60_cluster3,29.6737,Cx2Cx2Cx7C-LHHH,-10.69,0.9785,0.8055,0.1770,0.2040,24.330,/Users/stetef/Documents/SLAC/pdb-scraper/data/large-cys-his-datasets/4cys-large/output/xyz_files/5o8h_ZN_homo_d2.60_cluster3.xyz,93.57,25.250,,-84.94,23.957,,62.70,25.083,,-114.11,23.220,
5o8h_ZN_homo_d2.60_cluster5,0,#1f77b4,1,5o8h_ZN_homo_d2.60_cluster5,29.6744,Cx2Cx2Cx7C-LHHH,-10.54,0.9759,0.8107,0.1770,0.2040,23.280,/Users/stetef/Documents/SLAC/pdb-scraper/data/large-cys-his-datasets/4cys-large/output/xyz_files/5o8h_ZN_homo_d2.60_cluster5.xyz,93.25,23.080,,62.99,25.423,,-84.64,24.407,,-113.76,21.480,
5o8h_ZN_homo_d2.60_cluster7,2,#2ca02c,1,5o8h_ZN_homo_d2.60_cluster7,29.7401,Cx2Cx2Cx7C-LHHH,-11.37,0.9796,0.8118,0.1770,0.2040,24.650,/Users/stetef/Documents/SLAC/pdb-scraper/data/large-cys-his-datasets/4cys-large/output/xyz_files/5o8h_ZN_homo_d2.60_cluster7.xyz,-113.67,23.120,,92.65,23.900,,-86.30,26.520,,61.86,27.340,
5o9d_ZN_homo_d2.60_cluster1,3,#d62728,1,5o9d_ZN_homo_d2.60_cluster1,29.7027,Cx2Cx2Cx7C-LHHH,-12.60,0.9786,0.8033,0.1710,0.1910,15.440,/Users/stetef/Documents/SLAC/pdb-scraper/data/large-cys-his-datasets/4cys-large/output/xyz_files/5o9d_ZN_homo_d2.60_cluster1.xyz,-86.98,17.920,,60.87,18.007,,92.21,17.410,,-116.50,14.847,
5o9d_ZN_homo_d2.60_cluster3,8,#dbdb8d,1,5o9d_ZN_homo_d2.60_cluster3,29.3368,Cx2Cx2Cx7C-LHHH,-12.35,0.9803,0.8087,0.1710,0.1910,16.080,/Users/stetef/Documents/SLAC/pdb-scraper/data/large-cys-his-datasets/4cys-large/output/xyz_files/5o9d_ZN_homo_d2.60_cluster3.xyz,-87.35,18.063,,60.98,18.323,,91.64,18.127,,-114.65,15.197,
5o9d_ZN_homo_d2.60_cluster5,8,#dbdb8d,1,5o9d_ZN_homo_d2.60_cluster5,29.5179,Cx2Cx2Cx7C-LHHH,-12.15,0.9792,0.8091,0.1710,0.1910,14.850,/Users/stetef/Documents/SLAC/pdb-scraper/data/large-cys-his-datasets/4cys-large/output/xyz_files/5o9d_ZN_homo_d2.60_cluster5.xyz,91.73,16.393,,61.11,17.427,,-86.50,17.837,,-114.92,14.020,
5o9d_ZN_homo_d2.60_cluster7,0,#1f77b4,1,5o9d_ZN_homo_d2.60_cluster7,29.8264,Cx2Cx2Cx7C-LHHH,-12.43,0.9769,0.8089,0.1710,0.1910,14.980,/Users/stetef/Documents/SLAC/pdb-scraper/data/large-cys-his-datasets/4cys-large/output/xyz_files/5o9d_ZN_homo_d2.60_cluster7.xyz,92.46,17.130,,60.56,17.843,,-87.70,17.527,,-115.03,15.003,
5o9f_ZN_homo_d2.60_cluster1,0,#1f77b4,1,5o9f_ZN_homo_d2.60_cluster1,29.5951,Cx2Cx2Cx7C-LHHH,-12.86,0.9782,0.8089,0.1690,0.1860,17.910,/Users/stetef/Documents/SLAC/pdb-scraper/data/large-cys-his-datasets/4cys-large/output/xyz_files/5o9f_ZN_homo_d2.60_cluster1.xyz,-87.17,20.893,,91.59,20.477,,58.96,20.720,,-114.80,17.680,
5o9f_ZN_homo_d2.60_cluster3,0,#1f77b4,1,5o9f_ZN_homo_d2.60_cluster3,30.0324,Cx2Cx2Cx7C-LHHH,-13.26,0.9760,0.8065,0.1690,0.1860,17.990,/Users/stetef/Documents/SLAC/pdb-scraper/data/large-cys-his-datasets/4cys-large/output/xyz_files/5o9f_ZN_homo_d2.60_cluster3.xyz,-87.26,19.520,,58.57,20.403,,91.45,19.633,,-115.80,17.360,
5o9f_ZN_homo_d2.60_cluster5,5,#c49c94,1,5o9f_ZN_homo_d2.60_cluster5,29.8159,Cx2Cx2Cx7C-LHHH,-13.41,0.9753,0.8068,0.1690,0.1860,17.920,/Users/stetef/Documents/SLAC/pdb-scraper/data/large-cys-his-datasets/4cys-large/output/xyz_files/5o9f_ZN_homo_d2.60_cluster5.xyz,58.29,20.810,,-89.47,18.593,,91.69,18.137,,-114.15,17.457,
5o9f_ZN_homo_d2.60_cluster7,8,#dbdb8d,1,5o9f_ZN_homo_d2.60_cluster7,29.6976,Cx2Cx2Cx7C-LHHH,-13.35,0.9771,0.8046,0.1690,0.1860,17.410,/Users/stetef/Documents/SLAC/pdb-scraper/data/large-cys-his-datasets/4cys-large/output/xyz_files/5o9f_ZN_homo_d2.60_cluster7.xyz,-88.98,19.100,,58.77,19.927,,91.66,18.083,,-114.83,17.007,
5od3_ZN_homo_d2.60_cluster1,0,#1f77b4,1,5od3_ZN_homo_d2.60_cluster1,28.4500,Cx2Cx2Cx7C-LHHH,-7.24,0.9807,0.7935,0.1690,0.1950,22.850,/Users/stetef/Documents/SLAC/pdb-scraper/data/large-cys-his-datasets/4cys-large/output/xyz_files/5od3_ZN_homo_d2.60_cluster1.xyz,-73.57,22.527,,64.26,24.177,,93.43,22.043,,-113.07,21.180,
5od3_ZN_homo_d2.60_cluster3,3,#d62728,1,5od3_ZN_homo_d2.60_cluster3,28.6028,Cx2Cx2Cx7C-LHHH,-7.77,0.9787,0.8019,0.1690,0.1950,22.540,/Users/stetef/Documents/SLAC/pdb-scraper/data/large-cys-his-datasets/4cys-large/output/xyz_files/5od3_ZN_homo_d2.60_cluster3.xyz,-74.18,21.500,,92.76,22.297,,-114.08,20.940,,64.44,24.503,
5od3_ZN_homo_d2.60_cluster5,0,#1f77b4,1,5od3_ZN_homo_d2.60_cluster5,28.7566,Cx2Cx2Cx7C-LHHH,-8.26,0.9826,0.8026,0.1690,0.1950,21.750,/Users/stetef/Documents/SLAC/pdb-scraper/data/large-cys-his-datasets/4cys-large/output/xyz_files/5od3_ZN_homo_d2.60_cluster5.xyz,-75.79,21.547,,-113.62,21.897,,92.45,23.573,,63.91,23.507,
5od3_ZN_homo_d2.60_cluster7,8,#dbdb8d,1,5od3_ZN_homo_d2.60_cluster7,28.6962,Cx2Cx2Cx7C-LHHH,-7.08,0.9824,0.7995,0.1690,0.1950,21.500,/Users/stetef/Documents/SLAC/pdb-scraper/data/large-cys-his-datasets/4cys-large/output/xyz_files/5od3_ZN_homo_d2.60_cluster7.xyz,-73.28,21.163,,65.06,24.313,,92.69,22.590,,-112.81,20.790,
5of9_ZN_homo_d2.60_cluster1,5,#c49c94,1,5of9_ZN_homo_d2.60_cluster1,6.1675,Cx2Cx22Cx10C-LLHL,59.37,0.9856,0.4937,0.1620,0.1880,35.790,/Users/stetef/Documents/SLAC/pdb-scraper/data/large-cys-his-datasets/4cys-large/output/xyz_files/5of9_ZN_homo_d2.60_cluster1.xyz,61.19,44.307,,-102.78,38.833,,100.13,35.293,,178.95,33.603,
5of9_ZN_homo_d2.60_cluster2,5,#c49c94,1,5of9_ZN_homo_d2.60_cluster2,7.0314,Cx2Cx22Cx10C-LLHL,53.97,0.9780,0.5116,0.1620,0.1880,50.500,/Users/stetef/Documents/SLAC/pdb-scraper/data/large-cys-his-datasets/4cys-large/output/xyz_files/5of9_ZN_homo_d2.60_cluster2.xyz,73.25,62.647,,-98.24,63.500,,174.60,55.360,,66.28,66.073,
5oh1_ZN_homo_d2.60_cluster1,8,#dbdb8d,1,5oh1_ZN_homo_d2.60_cluster1,6.2453,Cx2Cx62Cx2C-SLSL,133.30,0.9890,0.4736,0.1680,0.2100,20.880,/Users/stetef/Documents/SLAC/pdb-scraper/data/large-cys-his-datasets/4cys-large/output/xyz_files/5oh1_ZN_homo_d2.60_cluster1.xyz,167.75,19.153,,93.57,22.043,,93.52,23.013,,178.37,18.300,
5oh1_ZN_homo_d2.60_cluster2,2,#2ca02c,1,5oh1_ZN_homo_d2.60_cluster2,6.9518,Cx2Cx62Cx2C-SLSL,131.40,0.9863,0.4807,0.1680,0.2100,27.220,/Users/stetef/Documents/SLAC/pdb-scraper/data/large-cys-his-datasets/4cys-large/output/xyz_files/5oh1_ZN_homo_d2.60_cluster2.xyz,92.05,29.773,,174.05,24.953,,93.30,28.927,,166.21,25.290,
5oh1_ZN_homo_d2.60_cluster3,8,#dbdb8d,1,5oh1_ZN_homo_d2.60_cluster3,6.5468,Cx2Cx62Cx2C-SLSL,131.82,0.9904,0.4777,0.1680,0.2100,26.060,/Users/stetef/Documents/SLAC/pdb-scraper/data/large-cys-his-datasets/4cys-large/output/xyz_files/5oh1_ZN_homo_d2.60_cluster3.xyz,91.35,28.230,,92.20,29.803,,174.40,23.583,,169.33,26.287,
5oh2_ZN_homo_d2.60_cluster1,3,#d62728,1,5oh2_ZN_homo_d2.60_cluster1,6.5760,Cx2Cx62Cx2C-SLSL,132.17,0.9920,0.4757,0.1790,0.2250,21.880,/Users/stetef/Documents/SLAC/pdb-scraper/data/large-cys-his-datasets/4cys-large/output/xyz_files/5oh2_ZN_homo_d2.60_cluster1.xyz,166.40,20.580,,91.88,23.150,,94.67,23.683,,175.75,20.507,
5oh2_ZN_homo_d2.60_cluster2,3,#d62728,1,5oh2_ZN_homo_d2.60_cluster2,7.2407,Cx2Cx62Cx2C-SLSL,131.38,0.9898,0.4748,0.1790,0.2250,30.480,/Users/stetef/Documents/SLAC/pdb-scraper/data/large-cys-his-datasets/4cys-large/output/xyz_files/5oh2_ZN_homo_d2.60_cluster2.xyz,89.59,34.223,,174.59,27.520,,91.79,34.310,,169.54,29.110,
5oh2_ZN_homo_d2.60_cluster3,3,#d62728,1,5oh2_ZN_homo_d2.60_cluster3,6.3810,Cx2Cx62Cx2C-SLSL,131.92,0.9916,0.4740,0.1790,0.2250,31.060,/Users/stetef/Documents/SLAC/pdb-scraper/data/large-cys-his-datasets/4cys-large/output/xyz_files/5oh2_ZN_homo_d2.60_cluster3.xyz,91.09,35.193,,94.71,37.277,,173.67,31.213,,168.21,32.910,
5oh7_ZN_homo_d2.60_cluster1,3,#d62728,1,5oh7_ZN_homo_d2.60_cluster1,6.9091,Cx2Cx62Cx2C-SLSL,131.09,0.9906,0.4723,0.1640,0.2030,21.070,/Users/stetef/Documents/SLAC/pdb-scraper/data/large-cys-his-datasets/4cys-large/output/xyz_files/5oh7_ZN_homo_d2.60_cluster1.xyz,162.84,18.870,,96.46,25.353,,176.92,17.933,,88.16,21.630,
5oh7_ZN_homo_d2.60_cluster2,5,#c49c94,1,5oh7_ZN_homo_d2.60_cluster2,6.5882,Cx2Cx62Cx2C-SLSL,131.00,0.9919,0.4693,0.1640,0.2030,26.110,/Users/stetef/Documents/SLAC/pdb-scraper/data/large-cys-his-datasets/4cys-large/output/xyz_files/5oh7_ZN_homo_d2.60_cluster2.xyz,91.18,28.103,,176.09,23.673,,88.01,27.210,,168.75,22.777,
5oh7_ZN_homo_d2.60_cluster3,3,#d62728,1,5oh7_ZN_homo_d2.60_cluster3,5.9549,Cx2Cx62Cx2C-SLSL,132.51,0.9815,0.4784,0.1640,0.2030,27.860,/Users/stetef/Documents/SLAC/pdb-scraper/data/large-cys-his-datasets/4cys-large/output/xyz_files/5oh7_ZN_homo_d2.60_cluster3.xyz,93.86,27.340,,95.72,30.737,,174.33,25.367,,166.13,25.453,
5oh8_ZN_homo_d2.60_cluster1,6,#f7b6d2,1,5oh8_ZN_homo_d2.60_cluster1,6.3165,Cx2Cx62Cx2C-SLSL,132.93,0.9913,0.4748,0.1800,0.2200,34.680,/Users/stetef/Documents/SLAC/pdb-scraper/data/large-cys-his-datasets/4cys-large/output/xyz_files/5oh8_ZN_homo_d2.60_cluster1.xyz,168.96,30.250,,91.93,37.497,,176.94,32.287,,93.88,36.683,
5oh8_ZN_homo_d2.60_cluster2,0,#1f77b4,1,5oh8_ZN_homo_d2.60_cluster2,6.8672,Cx2Cx62Cx2C-SLSL,130.52,0.9909,0.4793,0.1800,0.2200,49.560,/Users/stetef/Documents/SLAC/pdb-scraper/data/large-cys-his-datasets/4cys-large/output/xyz_files/5oh8_ZN_homo_d2.60_cluster2.xyz,88.75,54.780,,173.59,44.503,,90.28,56.167,,169.45,42.637,
5oh8_ZN_homo_d2.60_cluster3,6,#f7b6d2,1,5oh8_ZN_homo_d2.60_cluster3,6.3125,Cx2Cx62Cx2C-SLSL,131.57,0.9788,0.4756,0.1800,0.2200,54.080,/Users/stetef/Documents/SLAC/pdb-scraper/data/large-cys-his-datasets/4cys-large/output/xyz_files/5oh8_ZN_homo_d2.60_cluster3.xyz,175.81,58.120,,91.73,55.257,,167.57,58.383,,91.15,57.637,
5oh9_ZN_homo_d2.60_cluster1,3,#d62728,1,5oh9_ZN_homo_d2.60_cluster1,6.0971,Cx2Cx62Cx2C-SLSL,134.38,0.9903,0.4736,0.1740,0.2100,18.570,/Users/stetef/Documents/SLAC/pdb-scraper/data/large-cys-his-datasets/4cys-large/output/xyz_files/5oh9_ZN_homo_d2.60_cluster1.xyz,168.28,17.613,,94.07,19.973,,95.63,20.003,,179.53,17.267,
5oh9_ZN_homo_d2.60_cluster2,3,#d62728,1,5oh9_ZN_homo_d2.60_cluster2,6.5926,Cx2Cx62Cx2C-SLSL,132.25,0.9848,0.4783,0.1740,0.2100,25.090,/Users/stetef/Documents/SLAC/pdb-scraper/data/large-cys-his-datasets/4cys-large/output/xyz_files/5oh9_ZN_homo_d2.60_cluster2.xyz,91.45,27.760,,173.10,22.027,,95.53,28.180,,168.92,23.480,
5oh9_ZN_homo_d2.60_cluster3,9,#9edae5,1,5oh9_ZN_homo_d2.60_cluster3,6.3078,Cx2Cx62Cx2C-SLSL,132.41,0.9898,0.4748,0.1740,0.2100,25.040,/Users/stetef/Documents/SLAC/pdb-scraper/data/large-cys-his-datasets/4cys-large/output/xyz_files/5oh9_ZN_homo_d2.60_cluster3.xyz,91.71,27.697,,92.13,28.113,,171.13,25.890,,174.66,23.593,
5oha_ZN_homo_d2.60_cluster1,1,#ff7f0e,1,5oha_ZN_homo_d2.60_cluster1,6.3357,Cx2Cx62Cx2C-SLSL,132.96,0.9898,0.4741,0.1630,0.1970,16.500,/Users/stetef/Documents/SLAC/pdb-scraper/data/large-cys-his-datasets/4cys-large/output/xyz_files/5oha_ZN_homo_d2.60_cluster1.xyz,94.95,17.673,,167.74,15.473,,93.05,17.943,,176.10,16.300,
5oha_ZN_homo_d2.60_cluster2,5,#c49c94,1,5oha_ZN_homo_d2.60_cluster2,6.9051,Cx2Cx62Cx2C-SLSL,131.90,0.9891,0.4724,0.1630,0.1970,21.180,/Users/stetef/Documents/SLAC/pdb-scraper/data/large-cys-his-datasets/4cys-large/output/xyz_files/5oha_ZN_homo_d2.60_cluster2.xyz,92.73,24.697,,175.48,20.440,,166.47,19.400,,92.92,23.540,
5oha_ZN_homo_d2.60_cluster3,9,#9edae5,1,5oha_ZN_homo_d2.60_cluster3,6.1655,Cx2Cx62Cx2C-SLSL,133.34,0.9900,0.4756,0.1630,0.1970,22.560,/Users/stetef/Documents/SLAC/pdb-scraper/data/large-cys-his-datasets/4cys-large/output/xyz_files/5oha_ZN_homo_d2.60_cluster3.xyz,90.18,23.740,,94.08,24.847,,171.33,23.077,,177.79,21.320,
5ohb_ZN_homo_d2.60_cluster1,3,#d62728,1,5ohb_ZN_homo_d2.60_cluster1,6.0592,Cx2Cx62Cx2C-SLSL,134.17,0.9897,0.4744,0.1710,0.2120,21.350,/Users/stetef/Documents/SLAC/pdb-scraper/data/large-cys-his-datasets/4cys-large/output/xyz_files/5ohb_ZN_homo_d2.60_cluster1.xyz,167.48,19.820,,94.04,22.550,,96.16,22.763,,179.00,20.023,
5ohb_ZN_homo_d2.60_cluster2,2,#2ca02c,1,5ohb_ZN_homo_d2.60_cluster2,7.3399,Cx2Cx62Cx2C-SLSL,130.64,0.9879,0.4781,0.1710,0.2120,28.740,/Users/stetef/Documents/SLAC/pdb-scraper/data/large-cys-his-datasets/4cys-large/output/xyz_files/5ohb_ZN_homo_d2.60_cluster2.xyz,171.47,24.943,,91.96,32.193,,167.16,26.520,,91.98,31.227,
5ohb_ZN_homo_d2.60_cluster3,9,#9edae5,1,5ohb_ZN_homo_d2.60_cluster3,6.1524,Cx2Cx62Cx2C-SLSL,133.34,0.9892,0.4771,0.1710,0.2120,29.290,/Users/stetef/Documents/SLAC/pdb-scraper/data/large-cys-his-datasets/4cys-large/output/xyz_files/5ohb_ZN_homo_d2.60_cluster3.xyz,91.25,32.130,,96.32,32.260,,170.93,30.953,,174.87,28.370,
5oj7_ZN_homo_d2.60_cluster1,8,#dbdb8d,1,5oj7_ZN_homo_d2.60_cluster1,6.9784,Cx2Cx47Cx2C-SLLL,130.56,0.9840,0.4557,0.1540,0.1860,26.160,/Users/stetef/Documents/SLAC/pdb-scraper/data/large-cys-his-datasets/4cys-large/output/xyz_files/5oj7_ZN_homo_d2.60_cluster1.xyz,87.16,27.763,,174.84,23.560,,83.33,26.967,,176.89,23.583,
5ojn_ZN_homo_d2.60_cluster1,8,#dbdb8d,1,5ojn_ZN_homo_d2.60_cluster1,6.7050,Cx2Cx47Cx2C-SLLL,131.67,0.9809,0.4674,0.1580,0.2090,34.050,/Users/stetef/Documents/SLAC/pdb-scraper/data/large-cys-his-datasets/4cys-large/output/xyz_files/5ojn_ZN_homo_d2.60_cluster1.xyz,88.15,37.063,,173.97,33.443,,86.09,37.367,,178.47,31.973,
5ol0_ZN_homo_d2.60_cluster1,5,#c49c94,1,5ol0_ZN_homo_d2.60_cluster1,10.6421,Cx2Cx20Cx2C-SLLL,-43.97,0.9448,0.4586,0.1700,0.2260,53.690,/Users/stetef/Documents/SLAC/pdb-scraper/data/large-cys-his-datasets/4cys-large/output/xyz_files/5ol0_ZN_homo_d2.60_cluster1.xyz,81.02,53.127,,-177.25,40.303,,-171.55,44.823,,91.92,60.173,
5ol0_ZN_homo_d2.60_cluster2,3,#d62728,1,5ol0_ZN_homo_d2.60_cluster2,7.6555,Cx2Cx20Cx2C-SLLL,48.63,0.9367,0.4271,0.1700,0.2260,58.620,/Users/stetef/Documents/SLAC/pdb-scraper/data/large-cys-his-datasets/4cys-large/output/xyz_files/5ol0_ZN_homo_d2.60_cluster2.xyz,93.75,59.640,,-173.12,46.673,,97.20,66.233,,176.69,50.187,
5olm_ZN_homo_d2.60_cluster1,0,#1f77b4,1,5olm_ZN_homo_d2.60_cluster1,17.7101,Cx2Cx16Cx2C-LLSH,5.39,0.9922,0.5427,0.2110,0.2620,35.500,/Users/stetef/Documents/SLAC/pdb-scraper/data/large-cys-his-datasets/4cys-large/output/xyz_files/5olm_ZN_homo_d2.60_cluster1.xyz,-95.56,36.677,,97.92,37.697,,-154.14,33.853,,173.37,32.223,
5olm_ZN_homo_d2.60_cluster5,5,#c49c94,1,5olm_ZN_homo_d2.60_cluster5,16.1241,Cx2Cx16Cx2C-LLSH,4.95,0.9917,0.5287,0.2110,0.2620,32.540,/Users/stetef/Documents/SLAC/pdb-scraper/data/large-cys-his-datasets/4cys-large/output/xyz_files/5olm_ZN_homo_d2.60_cluster5.xyz,-105.51,29.993,,98.09,34.967,,175.52,32.363,,-148.31,30.110,
5pwc_ZN_homo_d2.60_cluster2,2,#2ca02c,1,5pwc_ZN_homo_d2.60_cluster2,8.7321,Cx2Cx21Cx2C-LLHH,-26.24,0.9806,0.4792,0.1810,0.2100,31.280,/Users/stetef/Documents/SLAC/pdb-scraper/data/large-cys-his-datasets/4cys-large/output/xyz_files/5pwc_ZN_homo_d2.60_cluster2.xyz,-171.50,30.917,,79.97,21.807,,-101.17,28.357,,87.74,32.560,
5pwc_ZN_homo_d2.60_cluster4,5,#c49c94,1,5pwc_ZN_homo_d2.60_cluster4,9.0554,Cx2Cx21Cx2C-LLHH,-26.51,0.9853,0.4839,0.1810,0.2100,24.990,/Users/stetef/Documents/SLAC/pdb-scraper/data/large-cys-his-datasets/4cys-large/output/xyz_files/5pwc_ZN_homo_d2.60_cluster4.xyz,80.99,20.000,,-177.87,21.053,,91.31,24.923,,-100.47,23.017,
5pwd_ZN_homo_d2.60_cluster2,2,#2ca02c,1,5pwd_ZN_homo_d2.60_cluster2,8.5799,Cx2Cx21Cx2C-LLHH,-25.14,0.9754,0.4743,0.1810,0.2110,32.550,/Users/stetef/Documents/SLAC/pdb-scraper/data/large-cys-his-datasets/4cys-large/output/xyz_files/5pwd_ZN_homo_d2.60_cluster2.xyz,-166.35,32.133,,76.46,22.383,,90.72,34.100,,-101.41,28.393,
5pwd_ZN_homo_d2.60_cluster4,4,#9467bd,1,5pwd_ZN_homo_d2.60_cluster4,9.0040,Cx2Cx21Cx2C-LLHH,-26.47,0.9861,0.4886,0.1810,0.2110,25.950,/Users/stetef/Documents/SLAC/pdb-scraper/data/large-cys-his-datasets/4cys-large/output/xyz_files/5pwd_ZN_homo_d2.60_cluster4.xyz,-176.14,22.497,,79.60,19.927,,93.83,25.990,,-103.18,21.557,
5pwe_ZN_homo_d2.60_cluster2,3,#d62728,1,5pwe_ZN_homo_d2.60_cluster2,8.5886,Cx2Cx21Cx2C-LLHH,-26.91,0.9872,0.4712,0.1720,0.2010,29.820,/Users/stetef/Documents/SLAC/pdb-scraper/data/large-cys-his-datasets/4cys-large/output/xyz_files/5pwe_ZN_homo_d2.60_cluster2.xyz,89.69,35.577,,-172.47,34.023,,79.16,22.547,,-104.03,29.030,
5pwe_ZN_homo_d2.60_cluster5,4,#9467bd,1,5pwe_ZN_homo_d2.60_cluster5,8.9119,Cx2Cx21Cx2C-LLHH,-27.05,0.9898,0.4841,0.1720,0.2010,23.440,/Users/stetef/Documents/SLAC/pdb-scraper/data/large-cys-his-datasets/4cys-large/output/xyz_files/5pwe_ZN_homo_d2.60_cluster5.xyz,-178.84,23.247,,93.20,26.667,,-103.76,22.603,,81.20,19.430,
5pwf_ZN_homo_d2.60_cluster2,0,#1f77b4,1,5pwf_ZN_homo_d2.60_cluster2,9.5459,Cx2Cx21Cx2C-LLHH,-24.57,0.9869,0.4785,0.1800,0.2060,28.020,/Users/stetef/Documents/SLAC/pdb-scraper/data/large-cys-his-datasets/4cys-large/output/xyz_files/5pwf_ZN_homo_d2.60_cluster2.xyz,-171.48,34.713,,87.97,33.400,,86.55,21.260,,-101.32,26.177,
5pwf_ZN_homo_d2.60_cluster5,4,#9467bd,1,5pwf_ZN_homo_d2.60_cluster5,9.0909,Cx2Cx21Cx2C-LLHH,-26.44,0.9891,0.4893,0.1800,0.2060,21.980,/Users/stetef/Documents/SLAC/pdb-scraper/data/large-cys-his-datasets/4cys-large/output/xyz_files/5pwf_ZN_homo_d2.60_cluster5.xyz,-175.29,21.143,,91.94,23.803,,81.44,18.360,,-103.84,19.790,
5pwg_ZN_homo_d2.60_cluster2,3,#d62728,1,5pwg_ZN_homo_d2.60_cluster2,9.0242,Cx2Cx21Cx2C-LLHH,-25.14,0.9823,0.4759,0.1760,0.2000,27.690,/Users/stetef/Documents/SLAC/pdb-scraper/data/large-cys-his-datasets/4cys-large/output/xyz_files/5pwg_ZN_homo_d2.60_cluster2.xyz,81.35,20.650,,89.28,32.193,,-173.35,29.523,,-97.83,26.300,
5pwg_ZN_homo_d2.60_cluster5,4,#9467bd,1,5pwg_ZN_homo_d2.60_cluster5,9.1594,Cx2Cx21Cx2C-LLHH,-27.11,0.9886,0.4880,0.1760,0.2000,20.650,/Users/stetef/Documents/SLAC/pdb-scraper/data/large-cys-his-datasets/4cys-large/output/xyz_files/5pwg_ZN_homo_d2.60_cluster5.xyz,92.72,23.213,,-175.37,19.747,,77.97,17.473,,-103.78,19.367,
5pwh_ZN_homo_d2.60_cluster2,3,#d62728,1,5pwh_ZN_homo_d2.60_cluster2,8.9970,Cx2Cx21Cx2C-LLHH,-25.45,0.9864,0.4747,0.1740,0.1990,27.070,/Users/stetef/Documents/SLAC/pdb-scraper/data/large-cys-his-datasets/4cys-large/output/xyz_files/5pwh_ZN_homo_d2.60_cluster2.xyz,89.77,32.953,,81.14,19.937,,-170.74,30.283,,-101.96,26.110,
5pwh_ZN_homo_d2.60_cluster5,4,#9467bd,1,5pwh_ZN_homo_d2.60_cluster5,8.8559,Cx2Cx21Cx2C-LLHH,-27.67,0.9879,0.4868,0.1740,0.1990,20.720,/Users/stetef/Documents/SLAC/pdb-scraper/data/large-cys-his-datasets/4cys-large/output/xyz_files/5pwh_ZN_homo_d2.60_cluster5.xyz,-177.25,19.980,,91.12,23.343,,79.39,17.487,,-103.92,20.253,
5pwi_ZN_homo_d2.60_cluster2,7,#c7c7c7,1,5pwi_ZN_homo_d2.60_cluster2,8.9733,Cx2Cx21Cx2C-LLHH,-25.32,0.9846,0.4770,0.1710,0.2000,28.850,/Users/stetef/Documents/SLAC/pdb-scraper/data/large-cys-his-datasets/4cys-large/output/xyz_files/5pwi_ZN_homo_d2.60_cluster2.xyz,88.38,33.780,,83.93,21.957,,-170.75,32.783,,-102.85,27.427,
5pwi_ZN_homo_d2.60_cluster5,5,#c49c94,1,5pwi_ZN_homo_d2.60_cluster5,8.9416,Cx2Cx21Cx2C-LLHH,-27.73,0.9870,0.4878,0.1710,0.2000,22.140,/Users/stetef/Documents/SLAC/pdb-scraper/data/large-cys-his-datasets/4cys-large/output/xyz_files/5pwi_ZN_homo_d2.60_cluster5.xyz,-178.25,21.813,,79.72,18.747,,91.00,24.057,,-103.38,21.300,
5pwj_ZN_homo_d2.60_cluster2,3,#d62728,1,5pwj_ZN_homo_d2.60_cluster2,8.9667,Cx2Cx21Cx2C-LLHH,-27.15,0.9842,0.4764,0.1690,0.2100,30.700,/Users/stetef/Documents/SLAC/pdb-scraper/data/large-cys-his-datasets/4cys-large/output/xyz_files/5pwj_ZN_homo_d2.60_cluster2.xyz,90.21,35.580,,-177.41,38.057,,-101.25,30.610,,79.84,27.123,
5pwj_ZN_homo_d2.60_cluster5,4,#9467bd,1,5pwj_ZN_homo_d2.60_cluster5,8.7845,Cx2Cx21Cx2C-LLHH,-26.03,0.9901,0.4800,0.1690,0.2100,24.490,/Users/stetef/Documents/SLAC/pdb-scraper/data/large-cys-his-datasets/4cys-large/output/xyz_files/5pwj_ZN_homo_d2.60_cluster5.xyz,-178.49,25.793,,-104.93,26.310,,95.92,29.013,,83.38,22.647,
5pwk_ZN_homo_d2.60_cluster2,1,#ff7f0e,1,5pwk_ZN_homo_d2.60_cluster2,9.2339,Cx2Cx21Cx2C-LLHH,-25.67,0.9831,0.4773,0.1720,0.2050,26.740,/Users/stetef/Documents/SLAC/pdb-scraper/data/large-cys-his-datasets/4cys-large/output/xyz_files/5pwk_ZN_homo_d2.60_cluster2.xyz,88.59,31.690,,-171.25,28.810,,80.79,20.377,,-100.82,26.383,
5pwk_ZN_homo_d2.60_cluster5,4,#9467bd,1,5pwk_ZN_homo_d2.60_cluster5,9.1090,Cx2Cx21Cx2C-LLHH,-26.94,0.9893,0.4870,0.1720,0.2050,21.760,/Users/stetef/Documents/SLAC/pdb-scraper/data/large-cys-his-datasets/4cys-large/output/xyz_files/5pwk_ZN_homo_d2.60_cluster5.xyz,-178.43,21.753,,-102.04,20.857,,91.12,23.667,,81.60,18.477,
5pwl_ZN_homo_d2.60_cluster2,5,#c49c94,1,5pwl_ZN_homo_d2.60_cluster2,8.8226,Cx2Cx21Cx2C-LLHH,-26.86,0.9851,0.4709,0.1680,0.2060,29.410,/Users/stetef/Documents/SLAC/pdb-scraper/data/large-cys-his-datasets/4cys-large/output/xyz_files/5pwl_ZN_homo_d2.60_cluster2.xyz,89.80,35.110,,-177.22,34.843,,-101.76,28.840,,81.73,25.103,
5pwl_ZN_homo_d2.60_cluster5,4,#9467bd,1,5pwl_ZN_homo_d2.60_cluster5,8.9717,Cx2Cx21Cx2C-LLHH,-26.40,0.9926,0.4802,0.1680,0.2060,24.020,/Users/stetef/Documents/SLAC/pdb-scraper/data/large-cys-his-datasets/4cys-large/output/xyz_files/5pwl_ZN_homo_d2.60_cluster5.xyz,-178.14,25.703,,-104.27,24.533,,94.86,29.977,,81.93,20.423,
5pwm_ZN_homo_d2.60_cluster2,3,#d62728,1,5pwm_ZN_homo_d2.60_cluster2,9.4105,Cx2Cx21Cx2C-LLHH,-26.49,0.9845,0.4802,0.1760,0.2030,26.560,/Users/stetef/Documents/SLAC/pdb-scraper/data/large-cys-his-datasets/4cys-large/output/xyz_files/5pwm_ZN_homo_d2.60_cluster2.xyz,-173.46,28.180,,87.61,31.457,,80.04,20.463,,-100.15,25.767,
5pwm_ZN_homo_d2.60_cluster5,4,#9467bd,1,5pwm_ZN_homo_d2.60_cluster5,8.9066,Cx2Cx21Cx2C-LLHH,-26.93,0.9905,0.4844,0.1760,0.2030,22.560,/Users/stetef/Documents/SLAC/pdb-scraper/data/large-cys-his-datasets/4cys-large/output/xyz_files/5pwm_ZN_homo_d2.60_cluster5.xyz,-175.66,21.913,,91.92,26.997,,80.65,18.270,,-104.64,20.080,
5pwn_ZN_homo_d2.60_cluster2,1,#ff7f0e,1,5pwn_ZN_homo_d2.60_cluster2,9.1348,Cx2Cx21Cx2C-LLHH,-25.92,0.9841,0.4743,0.1720,0.2010,27.850,/Users/stetef/Documents/SLAC/pdb-scraper/data/large-cys-his-datasets/4cys-large/output/xyz_files/5pwn_ZN_homo_d2.60_cluster2.xyz,88.01,33.210,,-173.42,31.253,,-99.19,27.820,,80.92,21.857,
5pwn_ZN_homo_d2.60_cluster5,4,#9467bd,1,5pwn_ZN_homo_d2.60_cluster5,8.8946,Cx2Cx21Cx2C-LLHH,-27.74,0.9890,0.4825,0.1720,0.2010,22.780,/Users/stetef/Documents/SLAC/pdb-scraper/data/large-cys-his-datasets/4cys-large/output/xyz_files/5pwn_ZN_homo_d2.60_cluster5.xyz,-177.56,22.430,,90.92,26.063,,-103.44,21.267,,79.12,19.240,
5pwo_ZN_homo_d2.60_cluster2,4,#9467bd,1,5pwo_ZN_homo_d2.60_cluster2,9.4137,Cx2Cx21Cx2C-LLHH,-25.65,0.9828,0.4812,0.1660,0.2020,29.540,/Users/stetef/Documents/SLAC/pdb-scraper/data/large-cys-his-datasets/4cys-large/output/xyz_files/5pwo_ZN_homo_d2.60_cluster2.xyz,92.65,35.290,,-174.42,32.870,,-100.34,29.090,,79.50,24.843,
5pwo_ZN_homo_d2.60_cluster5,4,#9467bd,1,5pwo_ZN_homo_d2.60_cluster5,9.3058,Cx2Cx21Cx2C-LLHH,-26.53,0.9917,0.4819,0.1660,0.2020,25.550,/Users/stetef/Documents/SLAC/pdb-scraper/data/large-cys-his-datasets/4cys-large/output/xyz_files/5pwo_ZN_homo_d2.60_cluster5.xyz,-179.23,26.663,,-103.96,26.853,,95.57,30.400,,81.48,21.387,
5pwp_ZN_homo_d2.60_cluster2,3,#d62728,1,5pwp_ZN_homo_d2.60_cluster2,9.0450,Cx2Cx21Cx2C-LLHH,-25.50,0.9834,0.4769,0.1780,0.2050,25.840,/Users/stetef/Documents/SLAC/pdb-scraper/data/large-cys-his-datasets/4cys-large/output/xyz_files/5pwp_ZN_homo_d2.60_cluster2.xyz,89.70,32.120,,-172.37,30.563,,80.85,18.870,,-100.19,23.643,
5pwp_ZN_homo_d2.60_cluster5,4,#9467bd,1,5pwp_ZN_homo_d2.60_cluster5,9.0431,Cx2Cx21Cx2C-LLHH,-25.16,0.9876,0.4897,0.1780,0.2050,19.030,/Users/stetef/Documents/SLAC/pdb-scraper/data/large-cys-his-datasets/4cys-large/output/xyz_files/5pwp_ZN_homo_d2.60_cluster5.xyz,-178.08,17.847,,94.92,21.567,,-102.38,17.483,,84.91,16.270,
5pwq_ZN_homo_d2.60_cluster2,3,#d62728,1,5pwq_ZN_homo_d2.60_cluster2,8.9629,Cx2Cx21Cx2C-LLHH,-25.98,0.9830,0.4788,0.1750,0.2030,27.250,/Users/stetef/Documents/SLAC/pdb-scraper/data/large-cys-his-datasets/4cys-large/output/xyz_files/5pwq_ZN_homo_d2.60_cluster2.xyz,89.77,31.863,,80.24,21.060,,-171.97,32.223,,-101.94,25.290,
5pwq_ZN_homo_d2.60_cluster5,3,#d62728,1,5pwq_ZN_homo_d2.60_cluster5,8.7744,Cx2Cx21Cx2C-LLHH,-28.18,0.9871,0.4846,0.1750,0.2030,20.660,/Users/stetef/Documents/SLAC/pdb-scraper/data/large-cys-his-datasets/4cys-large/output/xyz_files/5pwq_ZN_homo_d2.60_cluster5.xyz,-176.55,19.707,,89.45,22.583,,78.60,17.217,,-104.21,19.853,
5pwr_ZN_homo_d2.60_cluster2,3,#d62728,1,5pwr_ZN_homo_d2.60_cluster2,8.9719,Cx2Cx21Cx2C-LLHH,-24.76,0.9841,0.4747,0.1730,0.1990,25.940,/Users/stetef/Documents/SLAC/pdb-scraper/data/large-cys-his-datasets/4cys-large/output/xyz_files/5pwr_ZN_homo_d2.60_cluster2.xyz,80.78,19.667,,-170.33,28.057,,89.81,32.303,,-99.32,24.423,
5pwr_ZN_homo_d2.60_cluster5,5,#c49c94,1,5pwr_ZN_homo_d2.60_cluster5,9.0296,Cx2Cx21Cx2C-LLHH,-27.34,0.9881,0.4889,0.1730,0.1990,19.640,/Users/stetef/Documents/SLAC/pdb-scraper/data/large-cys-his-datasets/4cys-large/output/xyz_files/5pwr_ZN_homo_d2.60_cluster5.xyz,79.25,16.560,,91.51,21.783,,-176.88,19.207,,-103.26,18.197,
5pws_ZN_homo_d2.60_cluster2,2,#2ca02c,1,5pws_ZN_homo_d2.60_cluster2,9.2210,Cx2Cx21Cx2C-LLHH,-24.44,0.9815,0.4782,0.1780,0.2020,26.410,/Users/stetef/Documents/SLAC/pdb-scraper/data/large-cys-his-datasets/4cys-large/output/xyz_files/5pws_ZN_homo_d2.60_cluster2.xyz,82.47,18.957,,-170.60,28.107,,89.28,30.403,,-98.89,24.537,
5pws_ZN_homo_d2.60_cluster5,5,#c49c94,1,5pws_ZN_homo_d2.60_cluster5,8.9838,Cx2Cx21Cx2C-LLHH,-27.58,0.9872,0.4855,0.1780,0.2020,19.600,/Users/stetef/Documents/SLAC/pdb-scraper/data/large-cys-his-datasets/4cys-large/output/xyz_files/5pws_ZN_homo_d2.60_cluster5.xyz,80.05,16.703,,90.05,22.093,,-176.52,19.060,,-103.90,18.420,
5pwt_ZN_homo_d2.60_cluster2,7,#c7c7c7,1,5pwt_ZN_homo_d2.60_cluster2,8.8811,Cx2Cx21Cx2C-LLHH,-23.55,0.9862,0.4769,0.1720,0.1980,26.760,/Users/stetef/Documents/SLAC/pdb-scraper/data/large-cys-his-datasets/4cys-large/output/xyz_files/5pwt_ZN_homo_d2.60_cluster2.xyz,93.62,32.127,,-169.46,31.457,,82.73,19.980,,-101.08,24.250,
5pwt_ZN_homo_d2.60_cluster5,4,#9467bd,1,5pwt_ZN_homo_d2.60_cluster5,9.2601,Cx2Cx21Cx2C-LLHH,-26.12,0.9916,0.4860,0.1720,0.1980,20.920,/Users/stetef/Documents/SLAC/pdb-scraper/data/large-cys-his-datasets/4cys-large/output/xyz_files/5pwt_ZN_homo_d2.60_cluster5.xyz,-177.55,21.030,,92.26,24.210,,-101.52,19.603,,82.34,17.710,
5pwu_ZN_homo_d2.60_cluster2,7,#c7c7c7,1,5pwu_ZN_homo_d2.60_cluster2,9.1796,Cx2Cx21Cx2C-LLHH,-24.74,0.9842,0.4749,0.1760,0.2030,27.460,/Users/stetef/Documents/SLAC/pdb-scraper/data/large-cys-his-datasets/4cys-large/output/xyz_files/5pwu_ZN_homo_d2.60_cluster2.xyz,81.51,20.253,,89.54,33.110,,-171.87,29.150,,-98.13,27.007,
5pwu_ZN_homo_d2.60_cluster5,3,#d62728,1,5pwu_ZN_homo_d2.60_cluster5,9.1574,Cx2Cx21Cx2C-LLHH,-27.27,0.9881,0.4863,0.1760,0.2030,21.670,/Users/stetef/Documents/SLAC/pdb-scraper/data/large-cys-his-datasets/4cys-large/output/xyz_files/5pwu_ZN_homo_d2.60_cluster5.xyz,80.86,18.813,,90.91,24.283,,-177.80,21.313,,-103.03,20.530,
5pwv_ZN_homo_d2.60_cluster2,5,#c49c94,1,5pwv_ZN_homo_d2.60_cluster2,8.7369,Cx2Cx21Cx2C-LLHH,-25.55,0.9863,0.4750,0.1750,0.2040,27.710,/Users/stetef/Documents/SLAC/pdb-scraper/data/large-cys-his-datasets/4cys-large/output/xyz_files/5pwv_ZN_homo_d2.60_cluster2.xyz,90.09,33.433,,-172.35,32.313,,81.28,21.163,,-101.21,26.243,
5pwv_ZN_homo_d2.60_cluster5,4,#9467bd,1,5pwv_ZN_homo_d2.60_cluster5,8.9234,Cx2Cx21Cx2C-LLHH,-27.27,0.9884,0.4853,0.1750,0.2040,21.940,/Users/stetef/Documents/SLAC/pdb-scraper/data/large-cys-his-datasets/4cys-large/output/xyz_files/5pwv_ZN_homo_d2.60_cluster5.xyz,-176.47,20.853,,79.15,17.657,,91.87,24.940,,-103.62,20.283,
5pww_ZN_homo_d2.60_cluster2,5,#c49c94,1,5pww_ZN_homo_d2.60_cluster2,9.1614,Cx2Cx21Cx2C-LLHH,-24.80,0.9855,0.4780,0.1760,0.2050,29.930,/Users/stetef/Documents/SLAC/pdb-scraper/data/large-cys-his-datasets/4cys-large/output/xyz_files/5pww_ZN_homo_d2.60_cluster2.xyz,91.83,35.480,,-171.04,32.690,,80.70,21.923,,-100.69,27.247,
5pww_ZN_homo_d2.60_cluster5,4,#9467bd,1,5pww_ZN_homo_d2.60_cluster5,8.9270,Cx2Cx21Cx2C-LLHH,-27.58,0.9892,0.4883,0.1760,0.2050,24.150,/Users/stetef/Documents/SLAC/pdb-scraper/data/large-cys-his-datasets/4cys-large/output/xyz_files/5pww_ZN_homo_d2.60_cluster5.xyz,-176.89,22.503,,93.63,27.063,,78.48,19.743,,-105.52,22.097,
5pwx_ZN_homo_d2.60_cluster2,3,#d62728,1,5pwx_ZN_homo_d2.60_cluster2,8.8541,Cx2Cx21Cx2C-LLHH,-26.45,0.9861,0.4783,0.1740,0.2100,28.280,/Users/stetef/Documents/SLAC/pdb-scraper/data/large-cys-his-datasets/4cys-large/output/xyz_files/5pwx_ZN_homo_d2.60_cluster2.xyz,91.37,32.773,,-174.00,32.680,,-102.70,26.240,,79.52,21.513,
5pwx_ZN_homo_d2.60_cluster5,4,#9467bd,1,5pwx_ZN_homo_d2.60_cluster5,9.1607,Cx2Cx21Cx2C-LLHH,-26.94,0.9890,0.4890,0.1740,0.2100,22.120,/Users/stetef/Documents/SLAC/pdb-scraper/data/large-cys-his-datasets/4cys-large/output/xyz_files/5pwx_ZN_homo_d2.60_cluster5.xyz,-178.61,22.427,,94.50,26.907,,-103.45,21.070,,79.79,18.510,
5pwy_ZN_homo_d2.60_cluster2,3,#d62728,1,5pwy_ZN_homo_d2.60_cluster2,9.2436,Cx2Cx21Cx2C-LLHH,-26.98,0.9877,0.4732,0.1700,0.2150,27.310,/Users/stetef/Documents/SLAC/pdb-scraper/data/large-cys-his-datasets/4cys-large/output/xyz_files/5pwy_ZN_homo_d2.60_cluster2.xyz,86.63,32.637,,-175.81,33.623,,-99.48,29.023,,80.75,23.800,
5pwy_ZN_homo_d2.60_cluster5,5,#c49c94,1,5pwy_ZN_homo_d2.60_cluster5,8.9879,Cx2Cx21Cx2C-LLHH,62.74,0.9913,0.4834,0.1700,0.2150,22.060,/Users/stetef/Documents/SLAC/pdb-scraper/data/large-cys-his-datasets/4cys-large/output/xyz_files/5pwy_ZN_homo_d2.60_cluster5.xyz,175.43,24.890,,-105.05,22.313,,84.14,19.780,,96.45,26.217,
5pwz_ZN_homo_d2.60_cluster2,3,#d62728,1,5pwz_ZN_homo_d2.60_cluster2,8.9738,Cx2Cx21Cx2C-LLHH,-25.71,0.9846,0.4751,0.1710,0.1980,27.970,/Users/stetef/Documents/SLAC/pdb-scraper/data/large-cys-his-datasets/4cys-large/output/xyz_files/5pwz_ZN_homo_d2.60_cluster2.xyz,90.33,34.207,,-172.44,31.350,,79.60,21.077,,-100.34,26.163,
5pwz_ZN_homo_d2.60_cluster5,4,#9467bd,1,5pwz_ZN_homo_d2.60_cluster5,9.0357,Cx2Cx21Cx2C-LLHH,-27.31,0.9890,0.4867,0.1710,0.1980,23.010,/Users/stetef/Documents/SLAC/pdb-scraper/data/large-cys-his-datasets/4cys-large/output/xyz_files/5pwz_ZN_homo_d2.60_cluster5.xyz,-177.29,22.323,,93.58,25.907,,78.63,18.703,,-104.17,22.363,
5px0_ZN_homo_d2.60_cluster2,3,#d62728,1,5px0_ZN_homo_d2.60_cluster2,8.9996,Cx2Cx21Cx2C-LLHH,-23.94,0.9873,0.4787,0.1830,0.2100,27.690,/Users/stetef/Documents/SLAC/pdb-scraper/data/large-cys-his-datasets/4cys-large/output/xyz_files/5px0_ZN_homo_d2.60_cluster2.xyz,94.27,32.707,,-171.55,33.637,,83.13,21.817,,-101.59,25.077,
5px0_ZN_homo_d2.60_cluster5,4,#9467bd,1,5px0_ZN_homo_d2.60_cluster5,9.3137,Cx2Cx21Cx2C-LLHH,-24.78,0.9909,0.4904,0.1830,0.2100,21.780,/Users/stetef/Documents/SLAC/pdb-scraper/data/large-cys-his-datasets/4cys-large/output/xyz_files/5px0_ZN_homo_d2.60_cluster5.xyz,-175.64,21.383,,95.62,26.137,,-103.87,19.097,,84.76,18.390,
5px1_ZN_homo_d2.60_cluster2,3,#d62728,1,5px1_ZN_homo_d2.60_cluster2,9.0528,Cx2Cx21Cx2C-LLHH,-24.08,0.9882,0.4749,0.1770,0.2020,28.800,/Users/stetef/Documents/SLAC/pdb-scraper/data/large-cys-his-datasets/4cys-large/output/xyz_files/5px1_ZN_homo_d2.60_cluster2.xyz,91.74,34.360,,-169.48,33.350,,82.55,21.263,,-101.13,26.677,
5px1_ZN_homo_d2.60_cluster5,4,#9467bd,1,5px1_ZN_homo_d2.60_cluster5,9.2719,Cx2Cx21Cx2C-LLHH,-25.33,0.9888,0.4903,0.1770,0.2020,21.600,/Users/stetef/Documents/SLAC/pdb-scraper/data/large-cys-his-datasets/4cys-large/output/xyz_files/5px1_ZN_homo_d2.60_cluster5.xyz,-175.38,20.817,,93.76,24.563,,82.74,19.070,,-102.46,20.250,
5px2_ZN_homo_d2.60_cluster2,0,#1f77b4,1,5px2_ZN_homo_d2.60_cluster2,9.3542,Cx2Cx21Cx2C-LLHH,-25.34,0.9849,0.4784,0.1780,0.2040,26.880,/Users/stetef/Documents/SLAC/pdb-scraper/data/large-cys-his-datasets/4cys-large/output/xyz_files/5px2_ZN_homo_d2.60_cluster2.xyz,83.12,20.143,,-172.02,29.357,,89.30,32.653,,-101.77,25.483,
5px2_ZN_homo_d2.60_cluster5,5,#c49c94,1,5px2_ZN_homo_d2.60_cluster5,9.0942,Cx2Cx21Cx2C-LLHH,-27.38,0.9879,0.4873,0.1780,0.2040,20.150,/Users/stetef/Documents/SLAC/pdb-scraper/data/large-cys-his-datasets/4cys-large/output/xyz_files/5px2_ZN_homo_d2.60_cluster5.xyz,91.04,22.270,,79.33,17.043,,-175.44,19.467,,-104.46,18.910,
5px3_ZN_homo_d2.60_cluster2,3,#d62728,1,5px3_ZN_homo_d2.60_cluster2,9.0975,Cx2Cx21Cx2C-LLHH,-24.78,0.9843,0.4752,0.1760,0.2050,27.720,/Users/stetef/Documents/SLAC/pdb-scraper/data/large-cys-his-datasets/4cys-large/output/xyz_files/5px3_ZN_homo_d2.60_cluster2.xyz,91.25,33.137,,-169.56,33.727,,81.63,20.907,,-102.42,25.957,
5px3_ZN_homo_d2.60_cluster5,4,#9467bd,1,5px3_ZN_homo_d2.60_cluster5,9.0626,Cx2Cx21Cx2C-LLHH,-26.67,0.9897,0.4854,0.1760,0.2050,21.250,/Users/stetef/Documents/SLAC/pdb-scraper/data/large-cys-his-datasets/4cys-large/output/xyz_files/5px3_ZN_homo_d2.60_cluster5.xyz,-175.65,20.430,,92.23,24.383,,78.84,17.767,,-102.12,19.900,
5px4_ZN_homo_d2.60_cluster2,3,#d62728,1,5px4_ZN_homo_d2.60_cluster2,9.4781,Cx2Cx21Cx2C-LLHH,-23.94,0.9842,0.4835,0.1830,0.2080,27.420,/Users/stetef/Documents/SLAC/pdb-scraper/data/large-cys-his-datasets/4cys-large/output/xyz_files/5px4_ZN_homo_d2.60_cluster2.xyz,93.52,32.550,,-171.53,31.067,,82.01,20.757,,-99.77,24.430,
5px4_ZN_homo_d2.60_cluster5,4,#9467bd,1,5px4_ZN_homo_d2.60_cluster5,9.5092,Cx2Cx21Cx2C-LLHH,-24.39,0.9873,0.4873,0.1830,0.2080,20.030,/Users/stetef/Documents/SLAC/pdb-scraper/data/large-cys-his-datasets/4cys-large/output/xyz_files/5px4_ZN_homo_d2.60_cluster5.xyz,-177.20,19.353,,92.78,22.570,,88.27,17.397,,-101.41,19.473,
5px5_ZN_homo_d2.60_cluster2,3,#d62728,1,5px5_ZN_homo_d2.60_cluster2,8.9712,Cx2Cx21Cx2C-LLHH,-26.80,0.9833,0.4751,0.1700,0.2050,30.100,/Users/stetef/Documents/SLAC/pdb-scraper/data/large-cys-his-datasets/4cys-large/output/xyz_files/5px5_ZN_homo_d2.60_cluster2.xyz,89.19,36.663,,-174.36,34.557,,79.35,23.773,,-101.38,28.087,
5px5_ZN_homo_d2.60_cluster5,4,#9467bd,1,5px5_ZN_homo_d2.60_cluster5,8.9668,Cx2Cx21Cx2C-LLHH,-26.44,0.9905,0.4852,0.1700,0.2050,24.740,/Users/stetef/Documents/SLAC/pdb-scraper/data/large-cys-his-datasets/4cys-large/output/xyz_files/5px5_ZN_homo_d2.60_cluster5.xyz,-178.63,24.230,,-102.83,23.410,,95.45,28.617,,80.25,20.657,
5px6_ZN_homo_d2.60_cluster2,2,#2ca02c,1,5px6_ZN_homo_d2.60_cluster2,9.2244,Cx2Cx21Cx2C-LLHH,-23.15,0.9851,0.4744,0.1800,0.2080,26.850,/Users/stetef/Documents/SLAC/pdb-scraper/data/large-cys-his-datasets/4cys-large/output/xyz_files/5px6_ZN_homo_d2.60_cluster2.xyz,83.96,19.143,,-170.32,28.597,,91.91,32.317,,-98.15,26.060,
5px6_ZN_homo_d2.60_cluster5,5,#c49c94,1,5px6_ZN_homo_d2.60_cluster5,8.7668,Cx2Cx21Cx2C-LLHH,-28.27,0.9874,0.4851,0.1800,0.2080,21.340,/Users/stetef/Documents/SLAC/pdb-scraper/data/large-cys-his-datasets/4cys-large/output/xyz_files/5px6_ZN_homo_d2.60_cluster5.xyz,79.48,17.860,,88.80,22.910,,-176.84,20.630,,-104.50,20.103,
5px7_ZN_homo_d2.60_cluster2,3,#d62728,1,5px7_ZN_homo_d2.60_cluster2,8.6604,Cx2Cx21Cx2C-LLHH,-26.63,0.9859,0.4717,0.1710,0.2100,29.690,/Users/stetef/Documents/SLAC/pdb-scraper/data/large-cys-his-datasets/4cys-large/output/xyz_files/5px7_ZN_homo_d2.60_cluster2.xyz,91.24,36.140,,-176.29,35.307,,79.43,23.453,,-100.92,28.490,
5px7_ZN_homo_d2.60_cluster5,3,#d62728,1,5px7_ZN_homo_d2.60_cluster5,9.0564,Cx2Cx21Cx2C-LLHH,62.08,0.9905,0.4849,0.1710,0.2100,24.440,/Users/stetef/Documents/SLAC/pdb-scraper/data/large-cys-his-datasets/4cys-large/output/xyz_files/5px7_ZN_homo_d2.60_cluster5.xyz,179.16,24.737,,-104.43,25.070,,93.38,28.650,,80.21,21.340,
5px8_ZN_homo_d2.60_cluster2,2,#2ca02c,1,5px8_ZN_homo_d2.60_cluster2,8.7467,Cx2Cx21Cx2C-LLHH,-27.12,0.9865,0.4725,0.1710,0.2080,28.840,/Users/stetef/Documents/SLAC/pdb-scraper/data/large-cys-his-datasets/4cys-large/output/xyz_files/5px8_ZN_homo_d2.60_cluster2.xyz,89.91,34.250,,-174.75,33.790,,-102.54,27.273,,78.91,22.683,
5px8_ZN_homo_d2.60_cluster5,4,#9467bd,1,5px8_ZN_homo_d2.60_cluster5,9.0011,Cx2Cx21Cx2C-LLHH,-26.15,0.9890,0.4850,0.1710,0.2080,22.580,/Users/stetef/Documents/SLAC/pdb-scraper/data/large-cys-his-datasets/4cys-large/output/xyz_files/5px8_ZN_homo_d2.60_cluster5.xyz,-177.60,22.480,,82.41,18.760,,93.57,26.093,,-102.96,22.607,
5px9_ZN_homo_d2.60_cluster2,5,#c49c94,1,5px9_ZN_homo_d2.60_cluster2,9.2434,Cx2Cx21Cx2C-LLHH,-26.34,0.9818,0.4803,0.1660,0.2040,30.700,/Users/stetef/Documents/SLAC/pdb-scraper/data/large-cys-his-datasets/4cys-large/output/xyz_files/5px9_ZN_homo_d2.60_cluster2.xyz,91.09,34.200,,-176.83,36.600,,-99.59,30.370,,79.97,26.497,
5px9_ZN_homo_d2.60_cluster5,4,#9467bd,1,5px9_ZN_homo_d2.60_cluster5,9.1922,Cx2Cx21Cx2C-LLHH,63.64,0.9928,0.4823,0.1660,0.2040,25.570,/Users/stetef/Documents/SLAC/pdb-scraper/data/large-cys-his-datasets/4cys-large/output/xyz_files/5px9_ZN_homo_d2.60_cluster5.xyz,179.85,29.027,,-103.98,27.323,,94.71,30.153,,83.98,23.640,
5pxa_ZN_homo_d2.60_cluster2,3,#d62728,1,5pxa_ZN_homo_d2.60_cluster2,9.0917,Cx2Cx21Cx2C-LLHH,-24.71,0.9836,0.4768,0.1750,0.2000,27.360,/Users/stetef/Documents/SLAC/pdb-scraper/data/large-cys-his-datasets/4cys-large/output/xyz_files/5pxa_ZN_homo_d2.60_cluster2.xyz,82.84,20.880,,-171.51,30.747,,90.28,31.593,,-100.45,26.137,
5pxa_ZN_homo_d2.60_cluster5,5,#c49c94,1,5pxa_ZN_homo_d2.60_cluster5,9.0618,Cx2Cx21Cx2C-LLHH,-27.45,0.9885,0.4864,0.1750,0.2000,20.280,/Users/stetef/Documents/SLAC/pdb-scraper/data/large-cys-his-datasets/4cys-large/output/xyz_files/5pxa_ZN_homo_d2.60_cluster5.xyz,79.75,17.007,,91.41,22.040,,-103.42,18.827,,-177.54,19.553,
5pxb_ZN_homo_d2.60_cluster2,5,#c49c94,1,5pxb_ZN_homo_d2.60_cluster2,8.8107,Cx2Cx21Cx2C-LLHH,-23.66,0.9848,0.4725,0.1750,0.2010,27.790,/Users/stetef/Documents/SLAC/pdb-scraper/data/large-cys-his-datasets/4cys-large/output/xyz_files/5pxb_ZN_homo_d2.60_cluster2.xyz,81.65,21.077,,92.93,33.180,,-170.00,30.703,,-99.23,26.247,
5pxb_ZN_homo_d2.60_cluster5,3,#d62728,1,5pxb_ZN_homo_d2.60_cluster5,9.2187,Cx2Cx21Cx2C-LLHH,-27.41,0.9886,0.4875,0.1750,0.2010,21.560,/Users/stetef/Documents/SLAC/pdb-scraper/data/large-cys-his-datasets/4cys-large/output/xyz_files/5pxb_ZN_homo_d2.60_cluster5.xyz,79.98,18.613,,91.41,24.483,,-176.31,20.737,,-104.72,20.520,
5pxc_ZN_homo_d2.60_cluster2,3,#d62728,1,5pxc_ZN_homo_d2.60_cluster2,9.0963,Cx2Cx21Cx2C-LLHH,-26.49,0.9851,0.4776,0.1780,0.2070,29.350,/Users/stetef/Documents/SLAC/pdb-scraper/data/large-cys-his-datasets/4cys-large/output/xyz_files/5pxc_ZN_homo_d2.60_cluster2.xyz,90.42,34.957,,79.80,21.963,,-173.19,33.740,,-103.01,27.493,
5pxc_ZN_homo_d2.60_cluster5,4,#9467bd,1,5pxc_ZN_homo_d2.60_cluster5,9.1520,Cx2Cx21Cx2C-LLHH,-26.62,0.9911,0.4878,0.1780,0.2070,24.340,/Users/stetef/Documents/SLAC/pdb-scraper/data/large-cys-his-datasets/4cys-large/output/xyz_files/5pxc_ZN_homo_d2.60_cluster5.xyz,-176.73,22.880,,95.16,28.930,,78.41,20.587,,-103.31,22.137,
5pxd_ZN_homo_d2.60_cluster2,3,#d62728,1,5pxd_ZN_homo_d2.60_cluster2,8.7937,Cx2Cx21Cx2C-LLHH,-26.41,0.9848,0.4754,0.1740,0.2050,27.900,/Users/stetef/Documents/SLAC/pdb-scraper/data/large-cys-his-datasets/4cys-large/output/xyz_files/5pxd_ZN_homo_d2.60_cluster2.xyz,89.37,34.427,,-170.36,31.640,,77.32,20.670,,-101.99,25.570,
5pxd_ZN_homo_d2.60_cluster5,4,#9467bd,1,5pxd_ZN_homo_d2.60_cluster5,8.9473,Cx2Cx21Cx2C-LLHH,-26.20,0.9902,0.4873,0.1740,0.2050,20.840,/Users/stetef/Documents/SLAC/pdb-scraper/data/large-cys-his-datasets/4cys-large/output/xyz_files/5pxd_ZN_homo_d2.60_cluster5.xyz,-178.22,20.653,,92.88,24.163,,-103.02,19.960,,83.55,18.007,
5pxe_ZN_homo_d2.60_cluster2,3,#d62728,1,5pxe_ZN_homo_d2.60_cluster2,8.7915,Cx2Cx21Cx2C-LLHH,-25.02,0.9836,0.4711,0.1770,0.2050,30.870,/Users/stetef/Documents/SLAC/pdb-scraper/data/large-cys-his-datasets/4cys-large/output/xyz_files/5pxe_ZN_homo_d2.60_cluster2.xyz,91.33,36.667,,-171.05,35.750,,82.66,23.080,,-103.00,27.977,
5pxe_ZN_homo_d2.60_cluster5,5,#c49c94,1,5pxe_ZN_homo_d2.60_cluster5,8.9255,Cx2Cx21Cx2C-LLHH,-27.48,0.9881,0.4868,0.1770,0.2050,23.420,/Users/stetef/Documents/SLAC/pdb-scraper/data/large-cys-his-datasets/4cys-large/output/xyz_files/5pxe_ZN_homo_d2.60_cluster5.xyz,-176.57,22.037,,80.53,19.440,,89.95,25.617,,-103.83,22.067,
5pxf_ZN_homo_d2.60_cluster2,2,#2ca02c,1,5pxf_ZN_homo_d2.60_cluster2,8.7252,Cx2Cx21Cx2C-LLHH,-25.36,0.9834,0.4734,0.1680,0.2030,28.880,/Users/stetef/Documents/SLAC/pdb-scraper/data/large-cys-his-datasets/4cys-large/output/xyz_files/5pxf_ZN_homo_d2.60_cluster2.xyz,91.33,34.053,,-173.11,31.717,,-101.68,27.883,,82.04,23.553,
5pxf_ZN_homo_d2.60_cluster5,4,#9467bd,1,5pxf_ZN_homo_d2.60_cluster5,8.8168,Cx2Cx21Cx2C-LLHH,-27.19,0.9876,0.4816,0.1680,0.2030,23.460,/Users/stetef/Documents/SLAC/pdb-scraper/data/large-cys-his-datasets/4cys-large/output/xyz_files/5pxf_ZN_homo_d2.60_cluster5.xyz,-178.65,24.697,,-103.33,22.283,,92.34,26.567,,80.90,20.103,
5pxg_ZN_homo_d2.60_cluster2,5,#c49c94,1,5pxg_ZN_homo_d2.60_cluster2,9.5683,Cx2Cx21Cx2C-LLHH,-27.78,0.9835,0.4827,0.1630,0.2090,31.590,/Users/stetef/Documents/SLAC/pdb-scraper/data/large-cys-his-datasets/4cys-large/output/xyz_files/5pxg_ZN_homo_d2.60_cluster2.xyz,87.52,35.780,,-178.83,38.940,,-98.74,30.497,,78.92,27.417,
5pxg_ZN_homo_d2.60_cluster5,4,#9467bd,1,5pxg_ZN_homo_d2.60_cluster5,8.8608,Cx2Cx21Cx2C-LLHH,-25.88,0.9918,0.4819,0.1630,0.2090,26.910,/Users/stetef/Documents/SLAC/pdb-scraper/data/large-cys-his-datasets/4cys-large/output/xyz_files/5pxg_ZN_homo_d2.60_cluster5.xyz,-176.07,29.747,,-106.30,28.430,,94.39,31.790,,84.46,22.863,
5pxi_ZN_homo_d2.60_cluster2,1,#ff7f0e,1,5pxi_ZN_homo_d2.60_cluster2,8.8108,Cx2Cx21Cx2C-LLHH,-27.47,0.9870,0.4753,0.1710,0.2110,27.980,/Users/stetef/Documents/SLAC/pdb-scraper/data/large-cys-his-datasets/4cys-large/output/xyz_files/5pxi_ZN_homo_d2.60_cluster2.xyz,88.91,33.657,,-174.86,33.170,,-103.48,27.783,,79.57,23.087,
5pxi_ZN_homo_d2.60_cluster5,4,#9467bd,1,5pxi_ZN_homo_d2.60_cluster5,8.9781,Cx2Cx21Cx2C-LLHH,-26.60,0.9891,0.4834,0.1710,0.2110,22.980,/Users/stetef/Documents/SLAC/pdb-scraper/data/large-cys-his-datasets/4cys-large/output/xyz_files/5pxi_ZN_homo_d2.60_cluster5.xyz,-178.77,23.370,,93.13,27.167,,-104.94,22.493,,84.18,20.180,
5pxj_ZN_homo_d2.60_cluster2,1,#ff7f0e,1,5pxj_ZN_homo_d2.60_cluster2,8.6415,Cx2Cx21Cx2C-LLHH,-26.26,0.9858,0.4724,0.1680,0.1980,28.730,/Users/stetef/Documents/SLAC/pdb-scraper/data/large-cys-his-datasets/4cys-large/output/xyz_files/5pxj_ZN_homo_d2.60_cluster2.xyz,91.89,33.853,,-173.90,33.583,,-102.48,27.330,,79.46,22.590,
5pxj_ZN_homo_d2.60_cluster5,4,#9467bd,1,5pxj_ZN_homo_d2.60_cluster5,9.1911,Cx2Cx21Cx2C-LLHH,-27.55,0.9874,0.4902,0.1680,0.1980,22.690,/Users/stetef/Documents/SLAC/pdb-scraper/data/large-cys-his-datasets/4cys-large/output/xyz_files/5pxj_ZN_homo_d2.60_cluster5.xyz,-176.41,22.737,,92.32,26.487,,79.13,18.747,,-105.22,22.040,
5pxk_ZN_homo_d2.60_cluster2,3,#d62728,1,5pxk_ZN_homo_d2.60_cluster2,8.7643,Cx2Cx21Cx2C-LLHH,-25.18,0.9799,0.4746,0.1840,0.2360,32.560,/Users/stetef/Documents/SLAC/pdb-scraper/data/large-cys-his-datasets/4cys-large/output/xyz_files/5pxk_ZN_homo_d2.60_cluster2.xyz,93.11,37.667,,-176.81,40.160,,-96.39,33.570,,79.38,28.560,
5pxk_ZN_homo_d2.60_cluster5,5,#c49c94,1,5pxk_ZN_homo_d2.60_cluster5,8.4121,Cx2Cx21Cx2C-LLHH,62.21,0.9865,0.4819,0.1840,0.2360,26.340,/Users/stetef/Documents/SLAC/pdb-scraper/data/large-cys-his-datasets/4cys-large/output/xyz_files/5pxk_ZN_homo_d2.60_cluster5.xyz,178.70,30.923,,-104.65,27.520,,81.50,23.297,,93.28,29.733,
5pxl_ZN_homo_d2.60_cluster2,0,#1f77b4,1,5pxl_ZN_homo_d2.60_cluster2,9.4092,Cx2Cx21Cx2C-LLHH,-24.46,0.9838,0.4756,0.1790,0.2020,26.850,/Users/stetef/Documents/SLAC/pdb-scraper/data/large-cys-his-datasets/4cys-large/output/xyz_files/5pxl_ZN_homo_d2.60_cluster2.xyz,82.44,20.123,,89.86,31.513,,-170.84,28.927,,-99.29,25.563,
5pxl_ZN_homo_d2.60_cluster5,5,#c49c94,1,5pxl_ZN_homo_d2.60_cluster5,9.2034,Cx2Cx21Cx2C-LLHH,-27.39,0.9876,0.4858,0.1790,0.2020,19.370,/Users/stetef/Documents/SLAC/pdb-scraper/data/large-cys-his-datasets/4cys-large/output/xyz_files/5pxl_ZN_homo_d2.60_cluster5.xyz,80.31,17.147,,92.32,21.223,,-177.77,18.943,,-104.44,19.077,
5pxm_ZN_homo_d2.60_cluster2,7,#c7c7c7,1,5pxm_ZN_homo_d2.60_cluster2,9.0017,Cx2Cx21Cx2C-LLHH,-24.54,0.9858,0.4777,0.1740,0.2020,29.880,/Users/stetef/Documents/SLAC/pdb-scraper/data/large-cys-his-datasets/4cys-large/output/xyz_files/5pxm_ZN_homo_d2.60_cluster2.xyz,90.46,35.627,,81.71,22.093,,-171.23,34.327,,-99.11,27.810,
5pxm_ZN_homo_d2.60_cluster5,3,#d62728,1,5pxm_ZN_homo_d2.60_cluster5,9.0034,Cx2Cx21Cx2C-LLHH,-26.47,0.9891,0.4873,0.1740,0.2020,23.550,/Users/stetef/Documents/SLAC/pdb-scraper/data/large-cys-his-datasets/4cys-large/output/xyz_files/5pxm_ZN_homo_d2.60_cluster5.xyz,-177.34,22.377,,94.26,26.317,,79.97,19.600,,-102.78,21.583,
5pxn_ZN_homo_d2.60_cluster2,3,#d62728,1,5pxn_ZN_homo_d2.60_cluster2,8.9441,Cx2Cx21Cx2C-LLHH,-24.12,0.9849,0.4751,0.1790,0.2060,29.240,/Users/stetef/Documents/SLAC/pdb-scraper/data/large-cys-his-datasets/4cys-large/output/xyz_files/5pxn_ZN_homo_d2.60_cluster2.xyz,91.05,34.357,,82.25,21.780,,-171.49,33.927,,-98.29,27.423,
5pxn_ZN_homo_d2.60_cluster5,5,#c49c94,1,5pxn_ZN_homo_d2.60_cluster5,8.8863,Cx2Cx21Cx2C-LLHH,-27.74,0.9880,0.4847,0.1790,0.2060,21.450,/Users/stetef/Documents/SLAC/pdb-scraper/data/large-cys-his-datasets/4cys-large/output/xyz_files/5pxn_ZN_homo_d2.60_cluster5.xyz,80.38,18.253,,91.07,24.020,,-179.10,20.247,,-103.31,20.353,
5pxo_ZN_homo_d2.60_cluster2,5,#c49c94,1,5pxo_ZN_homo_d2.60_cluster2,8.7647,Cx2Cx21Cx2C-LLHH,-27.22,0.9815,0.4737,0.1740,0.2140,31.070,/Users/stetef/Documents/SLAC/pdb-scraper/data/large-cys-his-datasets/4cys-large/output/xyz_files/5pxo_ZN_homo_d2.60_cluster2.xyz,89.52,36.300,,-175.86,37.377,,-101.52,29.783,,78.98,25.473,
5pxo_ZN_homo_d2.60_cluster5,4,#9467bd,1,5pxo_ZN_homo_d2.60_cluster5,9.0190,Cx2Cx21Cx2C-LLHH,61.95,0.9912,0.4841,0.1740,0.2140,25.430,/Users/stetef/Documents/SLAC/pdb-scraper/data/large-cys-his-datasets/4cys-large/output/xyz_files/5pxo_ZN_homo_d2.60_cluster5.xyz,178.27,25.050,,-104.31,25.560,,93.26,29.403,,80.57,21.750,
5pxp_ZN_homo_d2.60_cluster2,3,#d62728,1,5pxp_ZN_homo_d2.60_cluster2,8.8789,Cx2Cx21Cx2C-LLHH,-27.16,0.9846,0.4754,0.1700,0.2090,30.740,/Users/stetef/Documents/SLAC/pdb-scraper/data/large-cys-his-datasets/4cys-large/output/xyz_files/5pxp_ZN_homo_d2.60_cluster2.xyz,-176.73,35.870,,89.22,35.310,,-100.53,29.800,,79.40,25.430,
5pxp_ZN_homo_d2.60_cluster5,4,#9467bd,1,5pxp_ZN_homo_d2.60_cluster5,9.3208,Cx2Cx21Cx2C-LLHH,-26.37,0.9887,0.4876,0.1700,0.2090,24.350,/Users/stetef/Documents/SLAC/pdb-scraper/data/large-cys-his-datasets/4cys-large/output/xyz_files/5pxp_ZN_homo_d2.60_cluster5.xyz,-179.57,26.197,,95.32,28.383,,83.34,21.787,,-104.58,24.633,
5pxq_ZN_homo_d2.60_cluster2,5,#c49c94,1,5pxq_ZN_homo_d2.60_cluster2,8.7620,Cx2Cx21Cx2C-LLHH,-26.31,0.9841,0.4668,0.1730,0.2030,29.640,/Users/stetef/Documents/SLAC/pdb-scraper/data/large-cys-his-datasets/4cys-large/output/xyz_files/5pxq_ZN_homo_d2.60_cluster2.xyz,91.11,34.380,,-170.96,33.037,,78.72,21.397,,-104.11,28.957,
5pxq_ZN_homo_d2.60_cluster5,4,#9467bd,1,5pxq_ZN_homo_d2.60_cluster5,8.8855,Cx2Cx21Cx2C-LLHH,-26.89,0.9883,0.4860,0.1730,0.2030,22.970,/Users/stetef/Documents/SLAC/pdb-scraper/data/large-cys-his-datasets/4cys-large/output/xyz_files/5pxq_ZN_homo_d2.60_cluster5.xyz,-174.45,22.173,,-103.22,22.430,,80.26,19.217,,89.83,24.507,
5pxr_ZN_homo_d2.60_cluster2,3,#d62728,1,5pxr_ZN_homo_d2.60_cluster2,9.1493,Cx2Cx21Cx2C-LLHH,-28.17,0.9857,0.4762,0.1680,0.2040,28.560,/Users/stetef/Documents/SLAC/pdb-scraper/data/large-cys-his-datasets/4cys-large/output/xyz_files/5pxr_ZN_homo_d2.60_cluster2.xyz,89.84,32.890,,-179.30,35.857,,-102.22,28.577,,78.98,23.610,
5pxr_ZN_homo_d2.60_cluster5,4,#9467bd,1,5pxr_ZN_homo_d2.60_cluster5,8.9977,Cx2Cx21Cx2C-LLHH,-25.71,0.9922,0.4827,0.1680,0.2040,23.330,/Users/stetef/Documents/SLAC/pdb-scraper/data/large-cys-his-datasets/4cys-large/output/xyz_files/5pxr_ZN_homo_d2.60_cluster5.xyz,-178.70,24.220,,-104.39,23.793,,96.04,27.983,,84.22,19.893,
5pxs_ZN_homo_d2.60_cluster2,0,#1f77b4,1,5pxs_ZN_homo_d2.60_cluster2,9.1240,Cx2Cx21Cx2C-LLHH,-24.12,0.9825,0.4767,0.1760,0.2040,29.000,/Users/stetef/Documents/SLAC/pdb-scraper/data/large-cys-his-datasets/4cys-large/output/xyz_files/5pxs_ZN_homo_d2.60_cluster2.xyz,91.37,34.360,,-171.79,32.490,,83.08,21.183,,-99.15,26.513,
5pxs_ZN_homo_d2.60_cluster5,1,#ff7f0e,1,5pxs_ZN_homo_d2.60_cluster5,8.9701,Cx2Cx21Cx2C-LLHH,-26.05,0.9895,0.4859,0.1760,0.2040,21.370,/Users/stetef/Documents/SLAC/pdb-scraper/data/large-cys-his-datasets/4cys-large/output/xyz_files/5pxs_ZN_homo_d2.60_cluster5.xyz,92.86,23.113,,-177.18,20.453,,82.11,18.610,,-101.99,19.763,
5pxt_ZN_homo_d2.60_cluster2,3,#d62728,1,5pxt_ZN_homo_d2.60_cluster2,8.9975,Cx2Cx21Cx2C-LLHH,-24.61,0.9846,0.4741,0.1780,0.2020,26.990,/Users/stetef/Documents/SLAC/pdb-scraper/data/large-cys-his-datasets/4cys-large/output/xyz_files/5pxt_ZN_homo_d2.60_cluster2.xyz,82.18,19.683,,91.12,31.723,,-171.58,29.347,,-100.16,25.097,
5pxt_ZN_homo_d2.60_cluster5,5,#c49c94,1,5pxt_ZN_homo_d2.60_cluster5,9.2291,Cx2Cx21Cx2C-LLHH,-26.30,0.9882,0.4852,0.1780,0.2020,18.970,/Users/stetef/Documents/SLAC/pdb-scraper/data/large-cys-his-datasets/4cys-large/output/xyz_files/5pxt_ZN_homo_d2.60_cluster5.xyz,91.88,20.860,,80.69,16.430,,-101.52,18.440,,-176.24,18.150,
5pxu_ZN_homo_d2.60_cluster2,2,#2ca02c,1,5pxu_ZN_homo_d2.60_cluster2,8.5532,Cx2Cx21Cx2C-LLHH,-29.45,0.9838,0.4674,0.2400,0.3020,33.270,/Users/stetef/Documents/SLAC/pdb-scraper/data/large-cys-his-datasets/4cys-large/output/xyz_files/5pxu_ZN_homo_d2.60_cluster2.xyz,-177.71,42.363,,88.42,38.220,,-107.22,34.130,,78.72,24.320,
5pxu_ZN_homo_d2.60_cluster5,3,#d62728,1,5pxu_ZN_homo_d2.60_cluster5,8.9823,Cx2Cx21Cx2C-LLHH,-24.51,0.9919,0.4879,0.2400,0.3020,27.160,/Users/stetef/Documents/SLAC/pdb-scraper/data/large-cys-his-datasets/4cys-large/output/xyz_files/5pxu_ZN_homo_d2.60_cluster5.xyz,-95.31,28.233,,80.44,20.847,,-176.39,27.357,,93.21,31.080,
5pxv_ZN_homo_d2.60_cluster2,3,#d62728,1,5pxv_ZN_homo_d2.60_cluster2,8.8239,Cx2Cx21Cx2C-LLHH,-25.95,0.9877,0.4765,0.1730,0.2040,28.950,/Users/stetef/Documents/SLAC/pdb-scraper/data/large-cys-his-datasets/4cys-large/output/xyz_files/5pxv_ZN_homo_d2.60_cluster2.xyz,90.36,35.597,,-174.08,35.203,,81.08,22.260,,-101.18,27.323,
5pxv_ZN_homo_d2.60_cluster5,4,#9467bd,1,5pxv_ZN_homo_d2.60_cluster5,8.9603,Cx2Cx21Cx2C-LLHH,-25.37,0.9909,0.4850,0.1730,0.2040,22.320,/Users/stetef/Documents/SLAC/pdb-scraper/data/large-cys-his-datasets/4cys-large/output/xyz_files/5pxv_ZN_homo_d2.60_cluster5.xyz,-173.85,21.827,,93.90,26.663,,-102.75,21.793,,81.21,19.300,
5pxx_ZN_homo_d2.60_cluster2,5,#c49c94,1,5pxx_ZN_homo_d2.60_cluster2,8.9058,Cx2Cx21Cx2C-LLHH,-26.18,0.9849,0.4749,0.1720,0.2000,28.320,/Users/stetef/Documents/SLAC/pdb-scraper/data/large-cys-his-datasets/4cys-large/output/xyz_files/5pxx_ZN_homo_d2.60_cluster2.xyz,89.65,34.200,,-172.96,30.780,,79.47,21.853,,-100.87,28.257,
5pxx_ZN_homo_d2.60_cluster5,4,#9467bd,1,5pxx_ZN_homo_d2.60_cluster5,9.1209,Cx2Cx21Cx2C-LLHH,-26.77,0.9904,0.4861,0.1720,0.2000,22.540,/Users/stetef/Documents/SLAC/pdb-scraper/data/large-cys-his-datasets/4cys-large/output/xyz_files/5pxx_ZN_homo_d2.60_cluster5.xyz,-176.28,22.123,,92.45,25.887,,-102.95,21.283,,79.71,18.990,
5pxz_ZN_homo_d2.60_cluster2,3,#d62728,1,5pxz_ZN_homo_d2.60_cluster2,8.9547,Cx2Cx21Cx2C-LLHH,-26.23,0.9836,0.4738,0.1760,0.2070,32.300,/Users/stetef/Documents/SLAC/pdb-scraper/data/large-cys-his-datasets/4cys-large/output/xyz_files/5pxz_ZN_homo_d2.60_cluster2.xyz,-175.43,36.783,,91.54,37.467,,-99.94,29.910,,78.91,25.083,
5pxz_ZN_homo_d2.60_cluster5,4,#9467bd,1,5pxz_ZN_homo_d2.60_cluster5,9.2068,Cx2Cx21Cx2C-LLHH,-27.49,0.9893,0.4886,0.1760,0.2070,25.700,/Users/stetef/Documents/SLAC/pdb-scraper/data/large-cys-his-datasets/4cys-large/output/xyz_files/5pxz_ZN_homo_d2.60_cluster5.xyz,-177.59,25.467,,92.16,28.763,,-104.69,25.030,,80.16,22.517,
5py0_ZN_homo_d2.60_cluster2,5,#c49c94,1,5py0_ZN_homo_d2.60_cluster2,8.9030,Cx2Cx21Cx2C-LLHH,-27.61,0.9841,0.4775,0.1690,0.2030,29.550,/Users/stetef/Documents/SLAC/pdb-scraper/data/large-cys-his-datasets/4cys-large/output/xyz_files/5py0_ZN_homo_d2.60_cluster2.xyz,86.33,34.227,,-174.05,30.920,,-102.27,28.567,,79.56,22.973,
5py0_ZN_homo_d2.60_cluster5,4,#9467bd,1,5py0_ZN_homo_d2.60_cluster5,9.3025,Cx2Cx21Cx2C-LLHH,-26.78,0.9903,0.4866,0.1690,0.2030,24.810,/Users/stetef/Documents/SLAC/pdb-scraper/data/large-cys-his-datasets/4cys-large/output/xyz_files/5py0_ZN_homo_d2.60_cluster5.xyz,-178.31,25.153,,93.15,28.950,,-102.31,25.067,,80.35,20.730,
5py1_ZN_homo_d2.60_cluster2,5,#c49c94,1,5py1_ZN_homo_d2.60_cluster2,8.7504,Cx2Cx21Cx2C-LLHH,-26.11,0.9842,0.4748,0.1790,0.2150,29.210,/Users/stetef/Documents/SLAC/pdb-scraper/data/large-cys-his-datasets/4cys-large/output/xyz_files/5py1_ZN_homo_d2.60_cluster2.xyz,92.68,34.300,,-176.60,34.703,,-99.69,26.993,,79.18,21.917,
5py1_ZN_homo_d2.60_cluster5,4,#9467bd,1,5py1_ZN_homo_d2.60_cluster5,9.1803,Cx2Cx21Cx2C-LLHH,62.75,0.9877,0.4858,0.1790,0.2150,24.150,/Users/stetef/Documents/SLAC/pdb-scraper/data/large-cys-his-datasets/4cys-large/output/xyz_files/5py1_ZN_homo_d2.60_cluster5.xyz,179.54,24.780,,-104.54,23.507,,94.70,29.010,,81.31,20.930,
5py2_ZN_homo_d2.60_cluster2,3,#d62728,1,5py2_ZN_homo_d2.60_cluster2,8.8768,Cx2Cx21Cx2C-LLHH,-26.07,0.9857,0.4769,0.1740,0.2050,31.230,/Users/stetef/Documents/SLAC/pdb-scraper/data/large-cys-his-datasets/4cys-large/output/xyz_files/5py2_ZN_homo_d2.60_cluster2.xyz,91.47,37.530,,-171.84,34.823,,78.70,22.043,,-102.59,28.993,
5py2_ZN_homo_d2.60_cluster5,4,#9467bd,1,5py2_ZN_homo_d2.60_cluster5,9.1502,Cx2Cx21Cx2C-LLHH,-26.78,0.9901,0.4886,0.1740,0.2050,25.430,/Users/stetef/Documents/SLAC/pdb-scraper/data/large-cys-his-datasets/4cys-large/output/xyz_files/5py2_ZN_homo_d2.60_cluster5.xyz,-176.10,24.337,,92.83,28.633,,-105.02,23.977,,81.18,21.170,
5py3_ZN_homo_d2.60_cluster2,3,#d62728,1,5py3_ZN_homo_d2.60_cluster2,8.7122,Cx2Cx21Cx2C-LLHH,-27.07,0.9860,0.4753,0.1730,0.2080,30.860,/Users/stetef/Documents/SLAC/pdb-scraper/data/large-cys-his-datasets/4cys-large/output/xyz_files/5py3_ZN_homo_d2.60_cluster2.xyz,91.28,37.280,,-174.54,37.247,,-102.74,31.297,,77.74,25.160,
5py3_ZN_homo_d2.60_cluster5,4,#9467bd,1,5py3_ZN_homo_d2.60_cluster5,9.2190,Cx2Cx21Cx2C-LLHH,-25.63,0.9881,0.4854,0.1730,0.2080,24.950,/Users/stetef/Documents/SLAC/pdb-scraper/data/large-cys-his-datasets/4cys-large/output/xyz_files/5py3_ZN_homo_d2.60_cluster5.xyz,-178.06,25.087,,94.56,29.803,,-103.23,25.240,,84.21,21.577,
5py4_ZN_homo_d2.60_cluster2,1,#ff7f0e,1,5py4_ZN_homo_d2.60_cluster2,8.9085,Cx2Cx21Cx2C-LLHH,-25.81,0.9845,0.4772,0.1700,0.2020,29.010,/Users/stetef/Documents/SLAC/pdb-scraper/data/large-cys-his-datasets/4cys-large/output/xyz_files/5py4_ZN_homo_d2.60_cluster2.xyz,88.37,33.817,,-172.63,29.440,,-99.03,27.407,,80.04,23.010,
5py4_ZN_homo_d2.60_cluster5,4,#9467bd,1,5py4_ZN_homo_d2.60_cluster5,8.9578,Cx2Cx21Cx2C-LLHH,-26.52,0.9864,0.4848,0.1700,0.2020,23.380,/Users/stetef/Documents/SLAC/pdb-scraper/data/large-cys-his-datasets/4cys-large/output/xyz_files/5py4_ZN_homo_d2.60_cluster5.xyz,-175.44,23.537,,92.04,26.090,,81.20,20.107,,-103.86,23.073,
5py5_ZN_homo_d2.60_cluster2,7,#c7c7c7,1,5py5_ZN_homo_d2.60_cluster2,9.0702,Cx2Cx21Cx2C-LLHH,-26.46,0.9822,0.4721,0.1750,0.2000,27.430,/Users/stetef/Documents/SLAC/pdb-scraper/data/large-cys-his-datasets/4cys-large/output/xyz_files/5py5_ZN_homo_d2.60_cluster2.xyz,80.89,20.577,,-97.71,27.050,,86.71,32.723,,-175.74,28.100,
5py5_ZN_homo_d2.60_cluster5,5,#c49c94,1,5py5_ZN_homo_d2.60_cluster5,9.2161,Cx2Cx21Cx2C-LLHH,-27.59,0.9878,0.4849,0.1750,0.2000,21.680,/Users/stetef/Documents/SLAC/pdb-scraper/data/large-cys-his-datasets/4cys-large/output/xyz_files/5py5_ZN_homo_d2.60_cluster5.xyz,89.58,23.423,,80.52,18.240,,-177.15,22.097,,-103.31,21.320,
5py6_ZN_homo_d2.60_cluster2,5,#c49c94,1,5py6_ZN_homo_d2.60_cluster2,8.9039,Cx2Cx21Cx2C-LLHH,-25.82,0.9818,0.4780,0.1710,0.2080,29.570,/Users/stetef/Documents/SLAC/pdb-scraper/data/large-cys-his-datasets/4cys-large/output/xyz_files/5py6_ZN_homo_d2.60_cluster2.xyz,-173.95,33.177,,87.51,34.933,,-99.52,29.047,,82.68,24.190,
5py6_ZN_homo_d2.60_cluster5,4,#9467bd,1,5py6_ZN_homo_d2.60_cluster5,9.3034,Cx2Cx21Cx2C-LLHH,-26.26,0.9896,0.4829,0.1710,0.2080,25.210,/Users/stetef/Documents/SLAC/pdb-scraper/data/large-cys-his-datasets/4cys-large/output/xyz_files/5py6_ZN_homo_d2.60_cluster5.xyz,-179.09,25.563,,-99.37,25.593,,92.69,29.150,,80.71,21.623,
5py7_ZN_homo_d2.60_cluster2,2,#2ca02c,1,5py7_ZN_homo_d2.60_cluster2,9.1537,Cx2Cx21Cx2C-LLHH,-26.88,0.9856,0.4758,0.1750,0.2030,31.980,/Users/stetef/Documents/SLAC/pdb-scraper/data/large-cys-his-datasets/4cys-large/output/xyz_files/5py7_ZN_homo_d2.60_cluster2.xyz,88.11,37.100,,-176.19,37.590,,-99.69,31.237,,80.25,24.943,
5py7_ZN_homo_d2.60_cluster5,4,#9467bd,1,5py7_ZN_homo_d2.60_cluster5,9.2712,Cx2Cx21Cx2C-LLHH,-25.77,0.9913,0.4850,0.1750,0.2030,25.880,/Users/stetef/Documents/SLAC/pdb-scraper/data/large-cys-his-datasets/4cys-large/output/xyz_files/5py7_ZN_homo_d2.60_cluster5.xyz,-178.03,24.970,,93.62,30.800,,-100.96,25.197,,82.30,21.330,
5py8_ZN_homo_d2.60_cluster2,3,#d62728,1,5py8_ZN_homo_d2.60_cluster2,9.2244,Cx2Cx21Cx2C-LLHH,-26.68,0.9841,0.4773,0.2090,0.2520,31.830,/Users/stetef/Documents/SLAC/pdb-scraper/data/large-cys-his-datasets/4cys-large/output/xyz_files/5py8_ZN_homo_d2.60_cluster2.xyz,-177.46,37.000,,88.39,37.293,,78.49,25.533,,-96.15,31.483,
5py8_ZN_homo_d2.60_cluster5,4,#9467bd,1,5py8_ZN_homo_d2.60_cluster5,8.9078,Cx2Cx21Cx2C-LLHH,63.46,0.9894,0.4872,0.2090,0.2520,23.710,/Users/stetef/Documents/SLAC/pdb-scraper/data/large-cys-his-datasets/4cys-large/output/xyz_files/5py8_ZN_homo_d2.60_cluster5.xyz,177.46,23.840,,92.97,24.583,,-101.85,21.200,,85.24,20.967,
5py9_ZN_homo_d2.60_cluster2,3,#d62728,1,5py9_ZN_homo_d2.60_cluster2,9.0634,Cx2Cx21Cx2C-LLHH,-27.45,0.9867,0.4749,0.1780,0.2130,30.020,/Users/stetef/Documents/SLAC/pdb-scraper/data/large-cys-his-datasets/4cys-large/output/xyz_files/5py9_ZN_homo_d2.60_cluster2.xyz,90.04,36.680,,-174.57,34.800,,75.23,23.983,,-100.51,29.053,
5py9_ZN_homo_d2.60_cluster5,4,#9467bd,1,5py9_ZN_homo_d2.60_cluster5,8.9563,Cx2Cx21Cx2C-LLHH,-25.18,0.9862,0.4841,0.1780,0.2130,23.700,/Users/stetef/Documents/SLAC/pdb-scraper/data/large-cys-his-datasets/4cys-large/output/xyz_files/5py9_ZN_homo_d2.60_cluster5.xyz,-177.48,22.773,,95.02,27.550,,85.66,20.107,,-103.91,21.850,
5pya_ZN_homo_d2.60_cluster2,3,#d62728,1,5pya_ZN_homo_d2.60_cluster2,8.9829,Cx2Cx21Cx2C-LLHH,-25.79,0.9841,0.4787,0.1800,0.2090,30.120,/Users/stetef/Documents/SLAC/pdb-scraper/data/large-cys-his-datasets/4cys-large/output/xyz_files/5pya_ZN_homo_d2.60_cluster2.xyz,88.87,35.543,,-170.32,34.367,,80.84,23.080,,-102.53,28.343,
5pya_ZN_homo_d2.60_cluster5,4,#9467bd,1,5pya_ZN_homo_d2.60_cluster5,8.9019,Cx2Cx21Cx2C-LLHH,-26.05,0.9887,0.4854,0.1800,0.2090,22.900,/Users/stetef/Documents/SLAC/pdb-scraper/data/large-cys-his-datasets/4cys-large/output/xyz_files/5pya_ZN_homo_d2.60_cluster5.xyz,-178.70,21.670,,92.98,27.153,,82.89,19.803,,-101.38,21.557,
5pyb_ZN_homo_d2.60_cluster2,3,#d62728,1,5pyb_ZN_homo_d2.60_cluster2,9.1631,Cx2Cx21Cx2C-LLHH,-26.90,0.9846,0.4834,0.1760,0.2110,33.460,/Users/stetef/Documents/SLAC/pdb-scraper/data/large-cys-his-datasets/4cys-large/output/xyz_files/5pyb_ZN_homo_d2.60_cluster2.xyz,88.74,38.127,,-173.14,36.043,,-102.31,31.377,,79.12,25.643,
5pyb_ZN_homo_d2.60_cluster5,4,#9467bd,1,5pyb_ZN_homo_d2.60_cluster5,9.1183,Cx2Cx21Cx2C-LLHH,64.33,0.9936,0.4821,0.1760,0.2110,27.230,/Users/stetef/Documents/SLAC/pdb-scraper/data/large-cys-his-datasets/4cys-large/output/xyz_files/5pyb_ZN_homo_d2.60_cluster5.xyz,179.64,26.777,,95.50,33.350,,-101.58,26.570,,83.75,23.863,
5pyc_ZN_homo_d2.60_cluster2,3,#d62728,1,5pyc_ZN_homo_d2.60_cluster2,9.0071,Cx2Cx21Cx2C-LLHH,-27.76,0.9847,0.4763,0.1700,0.2080,35.520,/Users/stetef/Documents/SLAC/pdb-scraper/data/large-cys-his-datasets/4cys-large/output/xyz_files/5pyc_ZN_homo_d2.60_cluster2.xyz,-177.28,42.933,,87.43,41.073,,-99.83,35.220,,78.64,30.687,
5pyc_ZN_homo_d2.60_cluster5,4,#9467bd,1,5pyc_ZN_homo_d2.60_cluster5,8.9783,Cx2Cx21Cx2C-LLHH,64.13,0.9939,0.4815,0.1700,0.2080,30.140,/Users/stetef/Documents/SLAC/pdb-scraper/data/large-cys-his-datasets/4cys-large/output/xyz_files/5pyc_ZN_homo_d2.60_cluster5.xyz,179.85,30.853,,96.48,35.400,,-103.69,30.947,,83.89,25.653,
5pye_ZN_homo_d2.60_cluster2,3,#d62728,1,5pye_ZN_homo_d2.60_cluster2,8.8552,Cx2Cx21Cx2C-LLHH,-26.29,0.9857,0.4776,0.1700,0.2070,32.050,/Users/stetef/Documents/SLAC/pdb-scraper/data/large-cys-his-datasets/4cys-large/output/xyz_files/5pye_ZN_homo_d2.60_cluster2.xyz,-176.51,35.853,,89.39,37.663,,-100.02,31.243,,81.98,26.440,
5pye_ZN_homo_d2.60_cluster5,4,#9467bd,1,5pye_ZN_homo_d2.60_cluster5,9.2455,Cx2Cx21Cx2C-LLHH,63.73,0.9921,0.4825,0.1700,0.2070,27.500,/Users/stetef/Documents/SLAC/pdb-scraper/data/large-cys-his-datasets/4cys-large/output/xyz_files/5pye_ZN_homo_d2.60_cluster5.xyz,179.92,28.707,,-104.15,27.703,,95.13,31.477,,84.04,23.627,
5pyf_ZN_homo_d2.60_cluster2,3,#d62728,1,5pyf_ZN_homo_d2.60_cluster2,8.9507,Cx2Cx21Cx2C-LLHH,-27.56,0.9845,0.4755,0.1720,0.2130,31.380,/Users/stetef/Documents/SLAC/pdb-scraper/data/large-cys-his-datasets/4cys-large/output/xyz_files/5pyf_ZN_homo_d2.60_cluster2.xyz,90.22,37.117,,-178.25,37.567,,-101.56,31.643,,79.33,26.860,
5pyf_ZN_homo_d2.60_cluster5,4,#9467bd,1,5pyf_ZN_homo_d2.60_cluster5,9.2103,Cx2Cx21Cx2C-LLHH,-25.75,0.9914,0.4849,0.1720,0.2130,26.700,/Users/stetef/Documents/SLAC/pdb-scraper/data/large-cys-his-datasets/4cys-large/output/xyz_files/5pyf_ZN_homo_d2.60_cluster5.xyz,-179.42,27.613,,-104.04,26.983,,95.89,31.267,,84.58,22.710,
5pyg_ZN_homo_d2.60_cluster2,3,#d62728,1,5pyg_ZN_homo_d2.60_cluster2,9.1904,Cx2Cx21Cx2C-LLHH,-27.90,0.9813,0.4761,0.1790,0.2290,35.670,/Users/stetef/Documents/SLAC/pdb-scraper/data/large-cys-his-datasets/4cys-large/output/xyz_files/5pyg_ZN_homo_d2.60_cluster2.xyz,-179.81,44.667,,87.64,36.413,,-99.22,37.767,,79.77,31.217,
5pyg_ZN_homo_d2.60_cluster5,4,#9467bd,1,5pyg_ZN_homo_d2.60_cluster5,9.0666,Cx2Cx21Cx2C-LLHH,64.22,0.9929,0.4769,0.1790,0.2290,32.950,/Users/stetef/Documents/SLAC/pdb-scraper/data/large-cys-his-datasets/4cys-large/output/xyz_files/5pyg_ZN_homo_d2.60_cluster5.xyz,177.01,35.527,,-103.98,31.807,,99.60,36.710,,84.26,27.907,
5pyh_ZN_homo_d2.60_cluster2,8,#dbdb8d,1,5pyh_ZN_homo_d2.60_cluster2,8.8723,Cx2Cx21Cx2C-LLHH,-26.35,0.9839,0.4826,0.1750,0.2100,31.620,/Users/stetef/Documents/SLAC/pdb-scraper/data/large-cys-his-datasets/4cys-large/output/xyz_files/5pyh_ZN_homo_d2.60_cluster2.xyz,-171.68,36.983,,92.24,36.427,,-102.19,30.297,,76.23,23.383,
5pyh_ZN_homo_d2.60_cluster5,4,#9467bd,1,5pyh_ZN_homo_d2.60_cluster5,9.4590,Cx2Cx21Cx2C-LLHH,61.97,0.9888,0.4877,0.1750,0.2100,25.060,/Users/stetef/Documents/SLAC/pdb-scraper/data/large-cys-his-datasets/4cys-large/output/xyz_files/5pyh_ZN_homo_d2.60_cluster5.xyz,179.74,25.857,,91.70,29.460,,82.76,21.317,,-106.31,25.287,
5pyj_ZN_homo_d2.60_cluster2,3,#d62728,1,5pyj_ZN_homo_d2.60_cluster2,8.3746,Cx2Cx21Cx2C-LLHH,-29.43,0.9801,0.4757,0.1950,0.2410,33.640,/Users/stetef/Documents/SLAC/pdb-scraper/data/large-cys-his-datasets/4cys-large/output/xyz_files/5pyj_ZN_homo_d2.60_cluster2.xyz,87.88,36.023,,-177.54,43.197,,-103.58,33.830,,75.50,27.150,
5pyj_ZN_homo_d2.60_cluster5,0,#1f77b4,1,5pyj_ZN_homo_d2.60_cluster5,9.4915,Cx2Cx21Cx2C-LLHH,-28.07,0.9965,0.4885,0.1950,0.2410,28.380,/Users/stetef/Documents/SLAC/pdb-scraper/data/large-cys-his-datasets/4cys-large/output/xyz_files/5pyj_ZN_homo_d2.60_cluster5.xyz,-179.71,31.803,,-107.56,28.153,,82.14,21.957,,92.86,30.503,
5pyk_ZN_homo_d2.60_cluster2,8,#dbdb8d,1,5pyk_ZN_homo_d2.60_cluster2,8.9711,Cx2Cx21Cx2C-LLHH,-28.34,0.9747,0.4739,0.2440,0.2960,36.880,/Users/stetef/Documents/SLAC/pdb-scraper/data/large-cys-his-datasets/4cys-large/output/xyz_files/5pyk_ZN_homo_d2.60_cluster2.xyz,-179.35,43.850,,92.47,40.670,,72.92,35.537,,-99.41,32.580,
5pyk_ZN_homo_d2.60_cluster5,6,#f7b6d2,1,5pyk_ZN_homo_d2.60_cluster5,8.5749,Cx2Cx21Cx2C-LLHH,64.41,0.9896,0.4706,0.2440,0.2960,28.310,/Users/stetef/Documents/SLAC/pdb-scraper/data/large-cys-his-datasets/4cys-large/output/xyz_files/5pyk_ZN_homo_d2.60_cluster5.xyz,174.90,32.583,,102.61,33.133,,-105.64,25.353,,85.79,31.523,
5pyl_ZN_homo_d2.60_cluster2,3,#d62728,1,5pyl_ZN_homo_d2.60_cluster2,8.6005,Cx2Cx21Cx2C-LLHH,-25.55,0.9826,0.4882,0.1790,0.2090,29.660,/Users/stetef/Documents/SLAC/pdb-scraper/data/large-cys-his-datasets/4cys-large/output/xyz_files/5pyl_ZN_homo_d2.60_cluster2.xyz,-169.80,33.833,,80.30,23.840,,90.37,34.493,,-103.09,26.927,
5pyl_ZN_homo_d2.60_cluster5,4,#9467bd,1,5pyl_ZN_homo_d2.60_cluster5,9.1693,Cx2Cx21Cx2C-LLHH,-27.84,0.9897,0.4867,0.1790,0.2090,23.680,/Users/stetef/Documents/SLAC/pdb-scraper/data/large-cys-his-datasets/4cys-large/output/xyz_files/5pyl_ZN_homo_d2.60_cluster5.xyz,-178.39,22.840,,92.05,27.013,,78.41,19.690,,-103.44,22.393,
5pym_ZN_homo_d2.60_cluster2,3,#d62728,1,5pym_ZN_homo_d2.60_cluster2,8.7573,Cx2Cx21Cx2C-LLHH,-24.87,0.9849,0.4881,0.1890,0.2280,31.230,/Users/stetef/Documents/SLAC/pdb-scraper/data/large-cys-his-datasets/4cys-large/output/xyz_files/5pym_ZN_homo_d2.60_cluster2.xyz,90.99,36.093,,-170.92,36.793,,79.59,25.997,,-99.15,29.083,
5pym_ZN_homo_d2.60_cluster5,5,#c49c94,1,5pym_ZN_homo_d2.60_cluster5,9.3791,Cx2Cx21Cx2C-LLHH,-27.88,0.9897,0.4872,0.1890,0.2280,26.970,/Users/stetef/Documents/SLAC/pdb-scraper/data/large-cys-his-datasets/4cys-large/output/xyz_files/5pym_ZN_homo_d2.60_cluster5.xyz,-177.39,26.797,,77.68,21.733,,-103.88,25.823,,92.06,30.150,
5pyn_ZN_homo_d2.60_cluster2,3,#d62728,1,5pyn_ZN_homo_d2.60_cluster2,8.5042,Cx2Cx21Cx2C-LLHH,-27.93,0.9843,0.4761,0.2310,0.2700,28.250,/Users/stetef/Documents/SLAC/pdb-scraper/data/large-cys-his-datasets/4cys-large/output/xyz_files/5pyn_ZN_homo_d2.60_cluster2.xyz,-173.28,37.193,,86.33,32.347,,-101.79,27.583,,77.02,24.840,
5pyn_ZN_homo_d2.60_cluster5,4,#9467bd,1,5pyn_ZN_homo_d2.60_cluster5,9.5636,Cx2Cx21Cx2C-LLHH,63.09,0.9919,0.4880,0.2310,0.2700,22.820,/Users/stetef/Documents/SLAC/pdb-scraper/data/large-cys-his-datasets/4cys-large/output/xyz_files/5pyn_ZN_homo_d2.60_cluster5.xyz,177.01,23.347,,95.12,24.017,,81.58,17.823,,-101.36,21.743,
5pyo_ZN_homo_d2.60_cluster2,5,#c49c94,1,5pyo_ZN_homo_d2.60_cluster2,8.8114,Cx2Cx21Cx2C-LLHH,-26.44,0.9834,0.4765,0.1960,0.2290,31.170,/Users/stetef/Documents/SLAC/pdb-scraper/data/large-cys-his-datasets/4cys-large/output/xyz_files/5pyo_ZN_homo_d2.60_cluster2.xyz,-172.42,37.217,,88.49,36.447,,-102.29,27.863,,80.45,24.873,
5pyo_ZN_homo_d2.60_cluster5,4,#9467bd,1,5pyo_ZN_homo_d2.60_cluster5,9.2266,Cx2Cx21Cx2C-LLHH,-26.71,0.9887,0.4899,0.1960,0.2290,22.420,/Users/stetef/Documents/SLAC/pdb-scraper/data/large-cys-his-datasets/4cys-large/output/xyz_files/5pyo_ZN_homo_d2.60_cluster5.xyz,-177.13,23.003,,93.25,25.937,,-103.68,21.063,,80.72,18.773,
5pyp_ZN_homo_d2.60_cluster2,3,#d62728,1,5pyp_ZN_homo_d2.60_cluster2,8.8697,Cx2Cx21Cx2C-LLHH,-25.75,0.9838,0.4775,0.1780,0.2090,31.930,/Users/stetef/Documents/SLAC/pdb-scraper/data/large-cys-his-datasets/4cys-large/output/xyz_files/5pyp_ZN_homo_d2.60_cluster2.xyz,88.90,37.233,,-171.14,37.907,,81.16,23.710,,-101.92,29.027,
5pyp_ZN_homo_d2.60_cluster5,4,#9467bd,1,5pyp_ZN_homo_d2.60_cluster5,9.0679,Cx2Cx21Cx2C-LLHH,-27.58,0.9911,0.4892,0.1780,0.2090,25.690,/Users/stetef/Documents/SLAC/pdb-scraper/data/large-cys-his-datasets/4cys-large/output/xyz_files/5pyp_ZN_homo_d2.60_cluster5.xyz,-176.40,24.643,,92.76,30.210,,-106.18,24.107,,79.51,21.750,
5pyq_ZN_homo_d2.60_cluster2,2,#2ca02c,1,5pyq_ZN_homo_d2.60_cluster2,8.9719,Cx2Cx21Cx2C-LLHH,-26.89,0.9754,0.4800,0.1820,0.2280,35.300,/Users/stetef/Documents/SLAC/pdb-scraper/data/large-cys-his-datasets/4cys-large/output/xyz_files/5pyq_ZN_homo_d2.60_cluster2.xyz,-172.97,42.793,,86.19,37.837,,-99.36,33.107,,78.56,30.167,
5pyq_ZN_homo_d2.60_cluster5,0,#1f77b4,1,5pyq_ZN_homo_d2.60_cluster5,8.8673,Cx2Cx21Cx2C-LLHH,62.54,0.9940,0.4796,0.1820,0.2280,29.560,/Users/stetef/Documents/SLAC/pdb-scraper/data/large-cys-his-datasets/4cys-large/output/xyz_files/5pyq_ZN_homo_d2.60_cluster5.xyz,177.33,33.013,,-109.29,29.077,,84.03,27.473,,98.10,35.867,
5pyr_ZN_homo_d2.60_cluster2,3,#d62728,1,5pyr_ZN_homo_d2.60_cluster2,9.6195,Cx2Cx21Cx2C-LLHH,-26.96,0.9842,0.4750,0.1670,0.2120,31.690,/Users/stetef/Documents/SLAC/pdb-scraper/data/large-cys-his-datasets/4cys-large/output/xyz_files/5pyr_ZN_homo_d2.60_cluster2.xyz,89.25,35.330,,-179.53,39.730,,-97.34,31.017,,79.80,27.767,
5pyr_ZN_homo_d2.60_cluster5,4,#9467bd,1,5pyr_ZN_homo_d2.60_cluster5,9.0666,Cx2Cx21Cx2C-LLHH,-26.38,0.9912,0.4798,0.1670,0.2120,27.560,/Users/stetef/Documents/SLAC/pdb-scraper/data/large-cys-his-datasets/4cys-large/output/xyz_files/5pyr_ZN_homo_d2.60_cluster5.xyz,-176.98,28.967,,-105.18,28.547,,94.68,32.210,,81.94,23.933,
5pyu_ZN_homo_d2.60_cluster2,3,#d62728,1,5pyu_ZN_homo_d2.60_cluster2,8.5355,Cx2Cx21Cx2C-LLHH,-26.21,0.9860,0.4773,0.1730,0.2040,31.530,/Users/stetef/Documents/SLAC/pdb-scraper/data/large-cys-his-datasets/4cys-large/output/xyz_files/5pyu_ZN_homo_d2.60_cluster2.xyz,90.52,35.427,,-171.32,38.683,,-102.67,30.390,,78.61,24.020,
5pyu_ZN_homo_d2.60_cluster5,4,#9467bd,1,5pyu_ZN_homo_d2.60_cluster5,9.2200,Cx2Cx21Cx2C-LLHH,-26.92,0.9885,0.4876,0.1730,0.2040,24.460,/Users/stetef/Documents/SLAC/pdb-scraper/data/large-cys-his-datasets/4cys-large/output/xyz_files/5pyu_ZN_homo_d2.60_cluster5.xyz,-177.45,24.267,,93.21,29.173,,-104.84,24.273,,81.38,21.383,
5pyv_ZN_homo_d2.60_cluster2,2,#2ca02c,1,5pyv_ZN_homo_d2.60_cluster2,8.0981,Cx2Cx21Cx2C-LLHH,-27.24,0.9790,0.4802,0.2050,0.2610,29.300,/Users/stetef/Documents/SLAC/pdb-scraper/data/large-cys-his-datasets/4cys-large/output/xyz_files/5pyv_ZN_homo_d2.60_cluster2.xyz,-174.46,36.667,,90.17,32.523,,-102.63,26.800,,77.95,25.023,
5pyv_ZN_homo_d2.60_cluster5,5,#c49c94,1,5pyv_ZN_homo_d2.60_cluster5,9.3628,Cx2Cx21Cx2C-LLHH,62.33,0.9903,0.4890,0.2050,0.2610,22.650,/Users/stetef/Documents/SLAC/pdb-scraper/data/large-cys-his-datasets/4cys-large/output/xyz_files/5pyv_ZN_homo_d2.60_cluster5.xyz,179.86,23.143,,91.19,25.080,,-105.03,22.490,,83.31,19.937,
5pyw_ZN_homo_d2.60_cluster2,3,#d62728,1,5pyw_ZN_homo_d2.60_cluster2,8.7427,Cx2Cx21Cx2C-LLHH,-24.73,0.9846,0.4744,0.1750,0.2000,28.210,/Users/stetef/Documents/SLAC/pdb-scraper/data/large-cys-his-datasets/4cys-large/output/xyz_files/5pyw_ZN_homo_d2.60_cluster2.xyz,81.06,21.023,,-171.16,32.240,,92.14,32.910,,-100.96,25.827,
5pyw_ZN_homo_d2.60_cluster5,5,#c49c94,1,5pyw_ZN_homo_d2.60_cluster5,9.0595,Cx2Cx21Cx2C-LLHH,-26.86,0.9892,0.4852,0.1750,0.2000,20.710,/Users/stetef/Documents/SLAC/pdb-scraper/data/large-cys-his-datasets/4cys-large/output/xyz_files/5pyw_ZN_homo_d2.60_cluster5.xyz,80.95,17.543,,91.39,22.203,,-102.13,19.870,,-177.67,20.457,
5pyx_ZN_homo_d2.60_cluster2,3,#d62728,1,5pyx_ZN_homo_d2.60_cluster2,8.9093,Cx2Cx21Cx2C-LLHH,-26.30,0.9859,0.4849,0.2230,0.2530,24.830,/Users/stetef/Documents/SLAC/pdb-scraper/data/large-cys-his-datasets/4cys-large/output/xyz_files/5pyx_ZN_homo_d2.60_cluster2.xyz,90.13,29.933,,-175.44,28.620,,80.64,20.270,,-100.53,22.477,
5pyx_ZN_homo_d2.60_cluster5,3,#d62728,1,5pyx_ZN_homo_d2.60_cluster5,8.9603,Cx2Cx21Cx2C-LLHH,-27.02,0.9914,0.4821,0.2230,0.2530,20.190,/Users/stetef/Documents/SLAC/pdb-scraper/data/large-cys-his-datasets/4cys-large/output/xyz_files/5pyx_ZN_homo_d2.60_cluster5.xyz,-179.51,20.290,,91.50,22.270,,78.96,16.290,,-99.01,17.900,
5pyy_ZN_homo_d2.60_cluster2,3,#d62728,1,5pyy_ZN_homo_d2.60_cluster2,8.8367,Cx2Cx21Cx2C-LLHH,-25.83,0.9843,0.4825,0.1760,0.2050,29.770,/Users/stetef/Documents/SLAC/pdb-scraper/data/large-cys-his-datasets/4cys-large/output/xyz_files/5pyy_ZN_homo_d2.60_cluster2.xyz,89.92,33.900,,-170.00,33.653,,79.99,22.020,,-103.23,27.387,
5pyy_ZN_homo_d2.60_cluster5,4,#9467bd,1,5pyy_ZN_homo_d2.60_cluster5,9.1547,Cx2Cx21Cx2C-LLHH,-26.49,0.9892,0.4873,0.1760,0.2050,22.710,/Users/stetef/Documents/SLAC/pdb-scraper/data/large-cys-his-datasets/4cys-large/output/xyz_files/5pyy_ZN_homo_d2.60_cluster5.xyz,-179.48,23.097,,92.87,26.373,,82.54,19.990,,-101.87,22.437,
5pyz_ZN_homo_d2.60_cluster2,3,#d62728,1,5pyz_ZN_homo_d2.60_cluster2,8.7511,Cx2Cx21Cx2C-LLHH,-25.73,0.9844,0.4818,0.1960,0.2310,29.180,/Users/stetef/Documents/SLAC/pdb-scraper/data/large-cys-his-datasets/4cys-large/output/xyz_files/5pyz_ZN_homo_d2.60_cluster2.xyz,88.96,32.730,,-173.16,35.597,,82.77,23.670,,-101.50,26.100,
5pyz_ZN_homo_d2.60_cluster5,3,#d62728,1,5pyz_ZN_homo_d2.60_cluster5,9.0908,Cx2Cx21Cx2C-LLHH,-27.41,0.9898,0.4823,0.1960,0.2310,21.910,/Users/stetef/Documents/SLAC/pdb-scraper/data/large-cys-his-datasets/4cys-large/output/xyz_files/5pyz_ZN_homo_d2.60_cluster5.xyz,-178.13,21.837,,-102.73,20.180,,92.97,23.993,,78.27,18.090,
5pz2_ZN_homo_d2.60_cluster2,1,#ff7f0e,1,5pz2_ZN_homo_d2.60_cluster2,9.2518,Cx2Cx21Cx2C-LLHH,-26.88,0.9882,0.4807,0.1630,0.1980,32.910,/Users/stetef/Documents/SLAC/pdb-scraper/data/large-cys-his-datasets/4cys-large/output/xyz_files/5pz2_ZN_homo_d2.60_cluster2.xyz,91.17,38.600,,-175.90,39.513,,-100.39,31.777,,77.61,25.887,
5pz2_ZN_homo_d2.60_cluster5,4,#9467bd,1,5pz2_ZN_homo_d2.60_cluster5,9.1745,Cx2Cx21Cx2C-LLHH,62.45,0.9912,0.4831,0.1630,0.1980,27.400,/Users/stetef/Documents/SLAC/pdb-scraper/data/large-cys-his-datasets/4cys-large/output/xyz_files/5pz2_ZN_homo_d2.60_cluster5.xyz,177.92,27.957,,-105.37,29.020,,93.85,33.287,,83.40,23.537,
5pz3_ZN_homo_d2.60_cluster2,3,#d62728,1,5pz3_ZN_homo_d2.60_cluster2,9.4863,Cx2Cx21Cx2C-LLHH,-26.85,0.9820,0.4806,0.1790,0.2260,29.410,/Users/stetef/Documents/SLAC/pdb-scraper/data/large-cys-his-datasets/4cys-large/output/xyz_files/5pz3_ZN_homo_d2.60_cluster2.xyz,-175.71,38.780,,89.30,34.137,,-99.60,31.377,,78.61,26.897,
5pz3_ZN_homo_d2.60_cluster5,3,#d62728,1,5pz3_ZN_homo_d2.60_cluster5,9.4887,Cx2Cx21Cx2C-LLHH,-26.74,0.9910,0.4789,0.1790,0.2260,26.510,/Users/stetef/Documents/SLAC/pdb-scraper/data/large-cys-his-datasets/4cys-large/output/xyz_files/5pz3_ZN_homo_d2.60_cluster5.xyz,-177.84,28.143,,94.35,33.173,,85.07,24.423,,-108.54,28.247,
5pz4_ZN_homo_d2.60_cluster2,5,#c49c94,1,5pz4_ZN_homo_d2.60_cluster2,8.9674,Cx2Cx21Cx2C-LLHH,-27.08,0.9861,0.4787,0.1650,0.2070,35.030,/Users/stetef/Documents/SLAC/pdb-scraper/data/large-cys-his-datasets/4cys-large/output/xyz_files/5pz4_ZN_homo_d2.60_cluster2.xyz,90.58,40.353,,-178.65,42.847,,-99.58,35.380,,79.33,30.003,
5pz4_ZN_homo_d2.60_cluster5,5,#c49c94,1,5pz4_ZN_homo_d2.60_cluster5,8.8770,Cx2Cx21Cx2C-LLHH,-27.82,0.9934,0.4833,0.1650,0.2070,30.520,/Users/stetef/Documents/SLAC/pdb-scraper/data/large-cys-his-datasets/4cys-large/output/xyz_files/5pz4_ZN_homo_d2.60_cluster5.xyz,-179.74,32.687,,94.56,31.377,,-107.07,29.653,,80.97,26.000,
5pz6_ZN_homo_d2.60_cluster2,2,#2ca02c,1,5pz6_ZN_homo_d2.60_cluster2,8.6851,Cx2Cx21Cx2C-LLHH,-27.36,0.9867,0.4750,0.1770,0.2140,33.600,/Users/stetef/Documents/SLAC/pdb-scraper/data/large-cys-his-datasets/4cys-large/output/xyz_files/5pz6_ZN_homo_d2.60_cluster2.xyz,87.74,37.783,,-175.50,38.933,,-101.49,32.060,,79.79,27.200,
5pz6_ZN_homo_d2.60_cluster5,4,#9467bd,1,5pz6_ZN_homo_d2.60_cluster5,9.2975,Cx2Cx21Cx2C-LLHH,62.79,0.9933,0.4847,0.1770,0.2140,27.250,/Users/stetef/Documents/SLAC/pdb-scraper/data/large-cys-his-datasets/4cys-large/output/xyz_files/5pz6_ZN_homo_d2.60_cluster5.xyz,176.45,28.283,,94.92,31.187,,84.36,21.837,,-104.58,25.760,
5pz7_ZN_homo_d2.60_cluster2,3,#d62728,1,5pz7_ZN_homo_d2.60_cluster2,8.9493,Cx2Cx21Cx2C-LLHH,-23.64,0.9817,0.4825,0.1720,0.1990,29.830,/Users/stetef/Documents/SLAC/pdb-scraper/data/large-cys-his-datasets/4cys-large/output/xyz_files/5pz7_ZN_homo_d2.60_cluster2.xyz,92.37,36.080,,-167.91,34.293,,81.05,22.863,,-100.07,27.210,
5pz7_ZN_homo_d2.60_cluster5,4,#9467bd,1,5pz7_ZN_homo_d2.60_cluster5,9.1195,Cx2Cx21Cx2C-LLHH,-27.81,0.9909,0.4856,0.1720,0.1990,23.430,/Users/stetef/Documents/SLAC/pdb-scraper/data/large-cys-his-datasets/4cys-large/output/xyz_files/5pz7_ZN_homo_d2.60_cluster5.xyz,-177.94,22.980,,-103.85,22.353,,90.38,26.967,,80.19,20.150,
5pz8_ZN_homo_d2.60_cluster2,2,#2ca02c,1,5pz8_ZN_homo_d2.60_cluster2,9.2119,Cx2Cx21Cx2C-LLHH,-24.84,0.9827,0.4864,0.1740,0.2030,30.390,/Users/stetef/Documents/SLAC/pdb-scraper/data/large-cys-his-datasets/4cys-large/output/xyz_files/5pz8_ZN_homo_d2.60_cluster2.xyz,80.08,24.393,,-169.66,33.417,,90.86,35.733,,-100.64,27.820,
5pz8_ZN_homo_d2.60_cluster5,3,#d62728,1,5pz8_ZN_homo_d2.60_cluster5,9.4786,Cx2Cx21Cx2C-LLHH,-26.61,0.9891,0.4868,0.1740,0.2030,23.780,/Users/stetef/Documents/SLAC/pdb-scraper/data/large-cys-his-datasets/4cys-large/output/xyz_files/5pz8_ZN_homo_d2.60_cluster5.xyz,-179.25,23.427,,92.75,26.243,,81.36,20.877,,-101.28,23.083,
5pza_ZN_homo_d2.60_cluster2,2,#2ca02c,1,5pza_ZN_homo_d2.60_cluster2,9.0982,Cx2Cx21Cx2C-LLHH,-24.20,0.9835,0.4835,0.1750,0.2070,32.760,/Users/stetef/Documents/SLAC/pdb-scraper/data/large-cys-his-datasets/4cys-large/output/xyz_files/5pza_ZN_homo_d2.60_cluster2.xyz,93.19,36.020,,-171.20,35.830,,82.11,25.910,,-100.90,29.220,
5pza_ZN_homo_d2.60_cluster5,1,#ff7f0e,1,5pza_ZN_homo_d2.60_cluster5,9.1385,Cx2Cx21Cx2C-LLHH,-27.35,0.9902,0.4876,0.1750,0.2070,25.070,/Users/stetef/Documents/SLAC/pdb-scraper/data/large-cys-his-datasets/4cys-large/output/xyz_files/5pza_ZN_homo_d2.60_cluster5.xyz,-178.84,24.173,,79.54,21.307,,-100.85,24.007,,90.75,27.600,
5pzc_ZN_homo_d2.60_cluster2,3,#d62728,1,5pzc_ZN_homo_d2.60_cluster2,8.6658,Cx2Cx21Cx2C-LLHH,-25.02,0.9815,0.4762,0.1730,0.2030,30.030,/Users/stetef/Documents/SLAC/pdb-scraper/data/large-cys-his-datasets/4cys-large/output/xyz_files/5pzc_ZN_homo_d2.60_cluster2.xyz,91.77,37.307,,-168.28,35.000,,79.11,22.087,,-102.70,27.693,
5pzc_ZN_homo_d2.60_cluster5,4,#9467bd,1,5pzc_ZN_homo_d2.60_cluster5,9.2209,Cx2Cx21Cx2C-LLHH,-25.83,0.9896,0.4876,0.1730,0.2030,23.360,/Users/stetef/Documents/SLAC/pdb-scraper/data/large-cys-his-datasets/4cys-large/output/xyz_files/5pzc_ZN_homo_d2.60_cluster5.xyz,-176.50,22.137,,94.53,28.270,,-102.42,22.260,,81.06,20.410,
5pzd_ZN_homo_d2.60_cluster2,3,#d62728,1,5pzd_ZN_homo_d2.60_cluster2,8.8199,Cx2Cx21Cx2C-LLHH,-25.42,0.9878,0.4759,0.1690,0.2030,34.240,/Users/stetef/Documents/SLAC/pdb-scraper/data/large-cys-his-datasets/4cys-large/output/xyz_files/5pzd_ZN_homo_d2.60_cluster2.xyz,-172.52,39.493,,91.52,38.943,,-101.40,32.997,,80.72,26.120,
5pzd_ZN_homo_d2.60_cluster5,4,#9467bd,1,5pzd_ZN_homo_d2.60_cluster5,9.0980,Cx2Cx21Cx2C-LLHH,-26.56,0.9923,0.4841,0.1690,0.2030,27.310,/Users/stetef/Documents/SLAC/pdb-scraper/data/large-cys-his-datasets/4cys-large/output/xyz_files/5pzd_ZN_homo_d2.60_cluster5.xyz,-179.46,27.397,,96.34,32.653,,-105.42,26.297,,82.29,24.017,
5pze_ZN_homo_d2.60_cluster2,3,#d62728,1,5pze_ZN_homo_d2.60_cluster2,9.0698,Cx2Cx21Cx2C-LLHH,-26.49,0.9878,0.4767,0.1710,0.2070,31.970,/Users/stetef/Documents/SLAC/pdb-scraper/data/large-cys-his-datasets/4cys-large/output/xyz_files/5pze_ZN_homo_d2.60_cluster2.xyz,92.40,38.340,,-176.75,37.930,,-102.15,32.000,,80.56,25.907,
5pze_ZN_homo_d2.60_cluster5,4,#9467bd,1,5pze_ZN_homo_d2.60_cluster5,9.0922,Cx2Cx21Cx2C-LLHH,62.32,0.9877,0.4813,0.1710,0.2070,26.040,/Users/stetef/Documents/SLAC/pdb-scraper/data/large-cys-his-datasets/4cys-large/output/xyz_files/5pze_ZN_homo_d2.60_cluster5.xyz,179.95,26.253,,-107.64,26.743,,92.73,31.607,,84.25,22.120,
5pzf_ZN_homo_d2.60_cluster2,3,#d62728,1,5pzf_ZN_homo_d2.60_cluster2,9.3355,Cx2Cx21Cx2C-LLHH,-28.87,0.9858,0.4856,0.1690,0.2070,33.220,/Users/stetef/Documents/SLAC/pdb-scraper/data/large-cys-his-datasets/4cys-large/output/xyz_files/5pzf_ZN_homo_d2.60_cluster2.xyz,85.45,36.620,,-177.18,40.670,,-102.71,32.063,,78.95,27.650,
5pzf_ZN_homo_d2.60_cluster5,4,#9467bd,1,5pzf_ZN_homo_d2.60_cluster5,9.6695,Cx2Cx21Cx2C-LLHH,-25.94,0.9895,0.4888,0.1690,0.2070,28.460,/Users/stetef/Documents/SLAC/pdb-scraper/data/large-cys-his-datasets/4cys-large/output/xyz_files/5pzf_ZN_homo_d2.60_cluster5.xyz,-179.06,28.420,,-102.67,28.780,,95.88,33.210,,82.10,24.463,
5pzg_ZN_homo_d2.60_cluster2,3,#d62728,1,5pzg_ZN_homo_d2.60_cluster2,9.4393,Cx2Cx21Cx2C-LLHH,-26.72,0.9863,0.4820,0.1650,0.1990,35.580,/Users/stetef/Documents/SLAC/pdb-scraper/data/large-cys-his-datasets/4cys-large/output/xyz_files/5pzg_ZN_homo_d2.60_cluster2.xyz,92.02,39.480,,-175.83,41.683,,-101.92,34.770,,78.86,28.823,
5pzg_ZN_homo_d2.60_cluster5,4,#9467bd,1,5pzg_ZN_homo_d2.60_cluster5,9.3064,Cx2Cx21Cx2C-LLHH,62.27,0.9920,0.4843,0.1650,0.1990,30.200,/Users/stetef/Documents/SLAC/pdb-scraper/data/large-cys-his-datasets/4cys-large/output/xyz_files/5pzg_ZN_homo_d2.60_cluster5.xyz,176.88,30.413,,-107.86,31.047,,95.32,35.000,,84.74,26.063,
5pzh_ZN_homo_d2.60_cluster2,5,#c49c94,1,5pzh_ZN_homo_d2.60_cluster2,9.0918,Cx2Cx21Cx2C-LLHH,-24.46,0.9862,0.4770,0.1760,0.2060,34.050,/Users/stetef/Documents/SLAC/pdb-scraper/data/large-cys-his-datasets/4cys-large/output/xyz_files/5pzh_ZN_homo_d2.60_cluster2.xyz,92.16,39.427,,-170.97,39.343,,-99.98,31.567,,80.97,25.280,
5pzh_ZN_homo_d2.60_cluster5,4,#9467bd,1,5pzh_ZN_homo_d2.60_cluster5,9.2158,Cx2Cx21Cx2C-LLHH,-25.45,0.9914,0.4872,0.1760,0.2060,27.110,/Users/stetef/Documents/SLAC/pdb-scraper/data/large-cys-his-datasets/4cys-large/output/xyz_files/5pzh_ZN_homo_d2.60_cluster5.xyz,-176.09,26.277,,95.74,32.543,,82.80,22.693,,-104.24,25.690,
5pzi_ZN_homo_d2.60_cluster2,1,#ff7f0e,1,5pzi_ZN_homo_d2.60_cluster2,9.1862,Cx2Cx21Cx2C-LLHH,-25.94,0.9890,0.4749,0.1730,0.2030,30.220,/Users/stetef/Documents/SLAC/pdb-scraper/data/large-cys-his-datasets/4cys-large/output/xyz_files/5pzi_ZN_homo_d2.60_cluster2.xyz,90.46,35.350,,82.79,22.843,,-173.94,35.643,,-103.08,28.530,
5pzi_ZN_homo_d2.60_cluster5,4,#9467bd,1,5pzi_ZN_homo_d2.60_cluster5,8.8080,Cx2Cx21Cx2C-LLHH,-26.78,0.9914,0.4851,0.1730,0.2030,24.600,/Users/stetef/Documents/SLAC/pdb-scraper/data/large-cys-his-datasets/4cys-large/output/xyz_files/5pzi_ZN_homo_d2.60_cluster5.xyz,-176.81,24.090,,93.34,28.120,,-104.74,23.537,,81.11,20.670,
5pzj_ZN_homo_d2.60_cluster2,5,#c49c94,1,5pzj_ZN_homo_d2.60_cluster2,9.0755,Cx2Cx21Cx2C-LLHH,-25.71,0.9856,0.4836,0.1740,0.2090,33.090,/Users/stetef/Documents/SLAC/pdb-scraper/data/large-cys-his-datasets/4cys-large/output/xyz_files/5pzj_ZN_homo_d2.60_cluster2.xyz,92.45,38.890,,-172.29,38.707,,-104.57,31.860,,81.60,26.617,
5pzj_ZN_homo_d2.60_cluster5,4,#9467bd,1,5pzj_ZN_homo_d2.60_cluster5,9.2255,Cx2Cx21Cx2C-LLHH,-25.78,0.9905,0.4858,0.1740,0.2090,25.380,/Users/stetef/Documents/SLAC/pdb-scraper/data/large-cys-his-datasets/4cys-large/output/xyz_files/5pzj_ZN_homo_d2.60_cluster5.xyz,-179.32,26.157,,94.61,29.823,,-102.61,24.067,,84.22,23.053,
5rl6_ZN_homo_d2.60_cluster3,5,#c49c94,1,5rl6_ZN_homo_d2.60_cluster3,21.0403,Cx2Cx17Cx2C-LLHH,59.21,0.9284,0.4399,0.1820,0.2500,101.790,/Users/stetef/Documents/SLAC/pdb-scraper/data/large-cys-his-datasets/4cys-large/output/xyz_files/5rl6_ZN_homo_d2.60_cluster3.xyz,-122.59,82.800,,86.53,91.787,,166.29,76.493,,106.61,88.760,
5rl6_ZN_homo_d2.60_cluster5,0,#1f77b4,1,5rl6_ZN_homo_d2.60_cluster5,20.7580,Cx2Cx17Cx2C-LLHH,4.00,0.9107,0.4328,0.1820,0.2500,62.050,/Users/stetef/Documents/SLAC/pdb-scraper/data/large-cys-his-datasets/4cys-large/output/xyz_files/5rl6_ZN_homo_d2.60_cluster5.xyz,-119.93,54.657,,173.86,60.757,,90.11,55.293,,-128.04,81.840,
5rl7_ZN_homo_d2.60_cluster2,2,#2ca02c,1,5rl7_ZN_homo_d2.60_cluster2,20.8311,Cx2Cx17Cx2C-LLHH,8.11,0.8351,0.4859,0.2290,0.2690,52.950,/Users/stetef/Documents/SLAC/pdb-scraper/data/large-cys-his-datasets/4cys-large/output/xyz_files/5rl7_ZN_homo_d2.60_cluster2.xyz,-126.70,41.820,,100.59,55.523,,173.63,68.420,,-115.09,78.417,
5rl7_ZN_homo_d2.60_cluster6,3,#d62728,1,5rl7_ZN_homo_d2.60_cluster6,20.3147,Cx2Cx17Cx2C-LLHH,53.48,0.7668,0.5045,0.2290,0.2690,79.650,/Users/stetef/Documents/SLAC/pdb-scraper/data/large-cys-his-datasets/4cys-large/output/xyz_files/5rl7_ZN_homo_d2.60_cluster6.xyz,164.30,89.690,,-132.59,76.477,,101.41,72.113,,80.79,102.157,
5rl9_ZN_homo_d2.60_cluster3,7,#c7c7c7,1,5rl9_ZN_homo_d2.60_cluster3,21.9646,Cx2Cx17Cx2C-LLHH,51.99,0.9576,0.4044,0.1800,0.2310,99.510,/Users/stetef/Documents/SLAC/pdb-scraper/data/large-cys-his-datasets/4cys-large/output/xyz_files/5rl9_ZN_homo_d2.60_cluster3.xyz,-130.77,86.997,,92.69,84.767,,79.62,96.500,,166.43,88.610,
5rl9_ZN_homo_d2.60_cluster5,3,#d62728,1,5rl9_ZN_homo_d2.60_cluster5,21.1312,Cx2Cx17Cx2C-LLHH,4.39,0.9080,0.4346,0.1800,0.2310,74.700,/Users/stetef/Documents/SLAC/pdb-scraper/data/large-cys-his-datasets/4cys-large/output/xyz_files/5rl9_ZN_homo_d2.60_cluster5.xyz,86.57,68.060,,173.99,72.770,,-115.60,64.117,,-127.39,86.293,
5rlb_ZN_homo_d2.60_cluster3,3,#d62728,1,5rlb_ZN_homo_d2.60_cluster3,18.9381,Cx2Cx17Cx2C-LLHH,11.39,0.8531,0.4174,0.2170,0.2620,64.160,/Users/stetef/Documents/SLAC/pdb-scraper/data/large-cys-his-datasets/4cys-large/output/xyz_files/5rlb_ZN_homo_d2.60_cluster3.xyz,173.76,59.003,,-128.36,64.327,,-103.92,77.293,,104.08,64.937,
5rlb_ZN_homo_d2.60_cluster5,2,#2ca02c,1,5rlb_ZN_homo_d2.60_cluster5,19.9079,Cx2Cx17Cx2C-LLHH,5.91,0.8427,0.4684,0.2170,0.2620,73.060,/Users/stetef/Documents/SLAC/pdb-scraper/data/large-cys-his-datasets/4cys-large/output/xyz_files/5rlb_ZN_homo_d2.60_cluster5.xyz,170.17,79.710,,95.64,71.833,,-123.67,58.600,,-118.52,75.510,
5rlc_ZN_homo_d2.60_cluster3,0,#1f77b4,1,5rlc_ZN_homo_d2.60_cluster3,20.1757,Cx2Cx17Cx2C-LLHH,59.46,0.9392,0.4525,0.2080,0.2520,75.750,/Users/stetef/Documents/SLAC/pdb-scraper/data/large-cys-his-datasets/4cys-large/output/xyz_files/5rlc_ZN_homo_d2.60_cluster3.xyz,-125.68,66.433,,166.02,86.143,,99.89,69.617,,97.59,91.173,
5rlg_ZN_homo_d2.60_cluster6,5,#c49c94,1,5rlg_ZN_homo_d2.60_cluster6,19.9958,Cx2Cx17Cx2C-LLHH,57.92,0.7817,0.4083,0.2480,0.2860,96.880,/Users/stetef/Documents/SLAC/pdb-scraper/data/large-cys-his-datasets/4cys-large/output/xyz_files/5rlg_ZN_homo_d2.60_cluster6.xyz,104.83,106.087,,165.41,97.873,,97.95,114.283,,-136.52,85.960,
5rlj_ZN_homo_d2.60_cluster3,7,#c7c7c7,1,5rlj_ZN_homo_d2.60_cluster3,20.4977,Cx2Cx17Cx2C-LLHH,47.68,0.9049,0.3974,0.1760,0.2280,113.070,/Users/stetef/Documents/SLAC/pdb-scraper/data/large-cys-his-datasets/4cys-large/output/xyz_files/5rlj_ZN_homo_d2.60_cluster3.xyz,-138.18,95.327,,161.40,89.750,,91.99,86.697,,75.51,101.733,
5rlk_ZN_homo_d2.60_cluster3,5,#c49c94,1,5rlk_ZN_homo_d2.60_cluster3,22.4842,Cx2Cx17Cx2C-LLHH,51.63,0.9050,0.4709,0.1760,0.2400,93.970,/Users/stetef/Documents/SLAC/pdb-scraper/data/large-cys-his-datasets/4cys-large/output/xyz_files/5rlk_ZN_homo_d2.60_cluster3.xyz,168.44,86.547,,96.90,89.610,,70.77,102.183,,-129.60,92.927,
5rlm_ZN_homo_d2.60_cluster3,5,#c49c94,1,5rlm_ZN_homo_d2.60_cluster3,21.8792,Cx2Cx17Cx2C-LLHH,48.41,0.8791,0.4385,0.1760,0.2370,103.010,/Users/stetef/Documents/SLAC/pdb-scraper/data/large-cys-his-datasets/4cys-large/output/xyz_files/5rlm_ZN_homo_d2.60_cluster3.xyz,167.27,94.317,,-134.67,92.833,,93.29,97.460,,67.76,116.593,
5rlw_ZN_homo_d2.60_cluster3,5,#c49c94,1,5rlw_ZN_homo_d2.60_cluster3,20.6970,Cx2Cx17Cx2C-LLHH,51.43,0.9160,0.4489,0.1750,0.2370,94.340,/Users/stetef/Documents/SLAC/pdb-scraper/data/large-cys-his-datasets/4cys-large/output/xyz_files/5rlw_ZN_homo_d2.60_cluster3.xyz,173.19,82.383,,92.79,83.067,,-132.42,89.147,,72.14,97.057,
5rlz_ZN_homo_d2.60_cluster6,3,#d62728,1,5rlz_ZN_homo_d2.60_cluster6,19.2338,Cx2Cx17Cx2C-LLHH,58.63,0.8776,0.4195,0.2240,0.2730,89.210,/Users/stetef/Documents/SLAC/pdb-scraper/data/large-cys-his-datasets/4cys-large/output/xyz_files/5rlz_ZN_homo_d2.60_cluster6.xyz,163.09,84.747,,-128.65,82.253,,102.51,80.177,,97.59,110.673,
5rm0_ZN_homo_d2.60_cluster3,2,#2ca02c,1,5rm0_ZN_homo_d2.60_cluster3,22.3087,Cx2Cx17Cx2C-LLHH,53.51,0.9550,0.4469,0.1710,0.2390,121.200,/Users/stetef/Documents/SLAC/pdb-scraper/data/large-cys-his-datasets/4cys-large/output/xyz_files/5rm0_ZN_homo_d2.60_cluster3.xyz,92.18,94.363,,166.44,92.297,,79.13,106.163,,-123.70,95.560,
5rm1_ZN_homo_d2.60_cluster3,5,#c49c94,1,5rm1_ZN_homo_d2.60_cluster3,20.7952,Cx2Cx17Cx2C-LLHH,54.68,0.9351,0.4890,0.1790,0.2340,58.970,/Users/stetef/Documents/SLAC/pdb-scraper/data/large-cys-his-datasets/4cys-large/output/xyz_files/5rm1_ZN_homo_d2.60_cluster3.xyz,92.89,60.913,,-124.81,60.227,,77.64,70.517,,172.99,60.057,
5rm1_ZN_homo_d2.60_cluster5,7,#c7c7c7,1,5rm1_ZN_homo_d2.60_cluster5,20.3797,Cx2Cx17Cx2C-LLHH,55.49,0.9639,0.4444,0.1790,0.2340,66.690,/Users/stetef/Documents/SLAC/pdb-scraper/data/large-cys-his-datasets/4cys-large/output/xyz_files/5rm1_ZN_homo_d2.60_cluster5.xyz,167.90,63.457,,-124.00,59.757,,87.85,65.367,,90.23,52.773,
5rm2_ZN_homo_d2.60_cluster3,2,#2ca02c,1,5rm2_ZN_homo_d2.60_cluster3,21.3312,Cx2Cx17Cx2C-LLHH,48.04,0.8489,0.4797,0.2330,0.2730,86.140,/Users/stetef/Documents/SLAC/pdb-scraper/data/large-cys-his-datasets/4cys-large/output/xyz_files/5rm2_ZN_homo_d2.60_cluster3.xyz,63.74,93.810,,156.55,71.527,,-131.61,86.120,,103.48,74.803,
5rm7_ZN_homo_d2.60_cluster3,5,#c49c94,1,5rm7_ZN_homo_d2.60_cluster3,20.2400,Cx2Cx17Cx2C-LLHH,47.76,0.8316,0.3989,0.2240,0.2690,91.950,/Users/stetef/Documents/SLAC/pdb-scraper/data/large-cys-his-datasets/4cys-large/output/xyz_files/5rm7_ZN_homo_d2.60_cluster3.xyz,154.31,74.797,,-135.88,87.113,,78.18,100.517,,94.45,80.397,
5rm7_ZN_homo_d2.60_cluster5,5,#c49c94,1,5rm7_ZN_homo_d2.60_cluster5,21.5675,Cx2Cx17Cx2C-LLHH,4.55,0.9238,0.4114,0.2240,0.2690,53.430,/Users/stetef/Documents/SLAC/pdb-scraper/data/large-cys-his-datasets/4cys-large/output/xyz_files/5rm7_ZN_homo_d2.60_cluster5.xyz,-120.66,46.113,,85.91,51.620,,175.58,57.257,,-122.64,73.833,
5rma_ZN_homo_d2.60_cluster3,5,#c49c94,1,5rma_ZN_homo_d2.60_cluster3,22.4596,Cx2Cx17Cx2C-LLHH,51.55,0.8881,0.4722,0.1790,0.2360,123.100,/Users/stetef/Documents/SLAC/pdb-scraper/data/large-cys-his-datasets/4cys-large/output/xyz_files/5rma_ZN_homo_d2.60_cluster3.xyz,165.40,110.947,,-126.10,99.270,,73.87,119.003,,93.02,100.337,
5rma_ZN_homo_d2.60_cluster5,5,#c49c94,1,5rma_ZN_homo_d2.60_cluster5,21.0859,Cx2Cx17Cx2C-LLHH,3.28,0.9169,0.4222,0.1790,0.2360,63.830,/Users/stetef/Documents/SLAC/pdb-scraper/data/large-cys-his-datasets/4cys-large/output/xyz_files/5rma_ZN_homo_d2.60_cluster5.xyz,173.98,65.923,,-118.41,56.120,,87.44,59.073,,-129.88,85.793,
5rmd_ZN_homo_d2.60_cluster3,3,#d62728,1,5rmd_ZN_homo_d2.60_cluster3,21.0434,Cx2Cx17Cx2C-LLHH,58.67,0.9273,0.4872,0.2200,0.2610,62.450,/Users/stetef/Documents/SLAC/pdb-scraper/data/large-cys-his-datasets/4cys-large/output/xyz_files/5rmd_ZN_homo_d2.60_cluster3.xyz,176.28,63.903,,-129.77,60.283,,87.55,75.523,,100.61,66.367,
5rmd_ZN_homo_d2.60_cluster5,3,#d62728,1,5rmd_ZN_homo_d2.60_cluster5,19.6188,Cx2Cx17Cx2C-LLHH,5.12,0.8527,0.4857,0.2200,0.2610,74.290,/Users/stetef/Documents/SLAC/pdb-scraper/data/large-cys-his-datasets/4cys-large/output/xyz_files/5rmd_ZN_homo_d2.60_cluster5.xyz,97.86,60.283,,168.60,75.063,,-124.43,59.950,,-121.56,82.337,
5rob_ZN_homo_d2.60_cluster2,7,#c7c7c7,1,5rob_ZN_homo_d2.60_cluster2,20.0413,Cx2Cx17Cx2C-LLHH,9.14,0.9674,0.3829,0.2210,0.2540,52.940,/Users/stetef/Documents/SLAC/pdb-scraper/data/large-cys-his-datasets/4cys-large/output/xyz_files/5rob_ZN_homo_d2.60_cluster2.xyz,103.47,54.250,,-125.72,55.750,,167.13,59.660,,-108.30,65.883,
5rob_ZN_homo_d2.60_cluster6,8,#dbdb8d,1,5rob_ZN_homo_d2.60_cluster6,20.7329,Cx2Cx17Cx2C-LLHH,60.59,0.8888,0.4870,0.2210,0.2540,57.600,/Users/stetef/Documents/SLAC/pdb-scraper/data/large-cys-his-datasets/4cys-large/output/xyz_files/5rob_ZN_homo_d2.60_cluster6.xyz,172.86,61.600,,93.19,57.937,,-127.22,56.100,,103.52,65.810,
5sbg_ZN_homo_d2.60_cluster1,3,#d62728,1,5sbg_ZN_homo_d2.60_cluster1,5.6993,Cx2Cx11Cx2C-SLSL,131.85,0.9932,0.4762,0.1330,0.1740,12.910,/Users/stetef/Documents/SLAC/pdb-scraper/data/large-cys-his-datasets/4cys-large/output/xyz_files/5sbg_ZN_homo_d2.60_cluster1.xyz,93.28,11.393,,91.91,12.287,,171.33,11.573,,170.86,10.810,
5svi_ZN_homo_d2.60_cluster1,0,#1f77b4,1,5svi_ZN_homo_d2.60_cluster1,7.6201,Cx2Cx18Cx10C-LLHL,56.62,0.9930,0.5050,0.1870,0.2210,17.870,/Users/stetef/Documents/SLAC/pdb-scraper/data/large-cys-his-datasets/4cys-large/output/xyz_files/5svi_ZN_homo_d2.60_cluster1.xyz,176.88,18.523,,56.21,18.673,,97.92,19.550,,-104.52,19.453,
5svi_ZN_homo_d2.60_cluster2,8,#dbdb8d,1,5svi_ZN_homo_d2.60_cluster2,7.3942,Cx2Cx18Cx10C-LLHL,58.76,0.9943,0.4981,0.1870,0.2210,19.130,/Users/stetef/Documents/SLAC/pdb-scraper/data/large-cys-his-datasets/4cys-large/output/xyz_files/5svi_ZN_homo_d2.60_cluster2.xyz,-98.18,18.640,,98.11,18.833,,55.99,19.150,,179.11,18.810,
5svx_ZN_homo_d2.60_cluster1,5,#c49c94,1,5svx_ZN_homo_d2.60_cluster1,7.0752,Cx2Cx18Cx10C-LLHL,57.96,0.9938,0.5030,0.1450,0.1780,5.560,/Users/stetef/Documents/SLAC/pdb-scraper/data/large-cys-his-datasets/4cys-large/output/xyz_files/5svx_ZN_homo_d2.60_cluster1.xyz,57.52,6.993,,-102.82,5.390,,98.61,6.693,,178.54,5.543,
5svy_ZN_homo_d2.60_cluster1,9,#9edae5,1,5svy_ZN_homo_d2.60_cluster1,6.8167,Cx2Cx18Cx10C-LLHL,58.47,0.9948,0.5018,0.1230,0.1470,4.280,/Users/stetef/Documents/SLAC/pdb-scraper/data/large-cys-his-datasets/4cys-large/output/xyz_files/5svy_ZN_homo_d2.60_cluster1.xyz,57.99,4.930,,96.87,5.330,,-99.76,4.567,,178.79,4.277,
5syb_ZN_homo_d2.60_cluster1,5,#c49c94,1,5syb_ZN_homo_d2.60_cluster1,22.3181,Cx34Cx2Cx35C-LHHL,75.24,0.9828,0.4832,0.1700,0.2030,22.750,/Users/stetef/Documents/SLAC/pdb-scraper/data/large-cys-his-datasets/4cys-large/output/xyz_files/5syb_ZN_homo_d2.60_cluster1.xyz,168.97,22.567,,-119.70,24.137,,160.40,19.863,,91.29,20.567,
5syb_ZN_homo_d2.60_cluster2,7,#c7c7c7,1,5syb_ZN_homo_d2.60_cluster2,13.3184,Cx2Cx38Cx2C-LLSH,59.12,0.9949,0.4534,0.1700,0.2030,23.140,/Users/stetef/Documents/SLAC/pdb-scraper/data/large-cys-his-datasets/4cys-large/output/xyz_files/5syb_ZN_homo_d2.60_cluster2.xyz,-113.70,23.147,,166.82,21.250,,89.06,21.130,,94.29,24.537,
5syb_ZN_homo_d2.60_cluster3,8,#dbdb8d,1,5syb_ZN_homo_d2.60_cluster3,20.2132,Cx2Cx31Cx2C-LLLL,58.95,0.9788,0.4442,0.1700,0.2030,29.270,/Users/stetef/Documents/SLAC/pdb-scraper/data/large-cys-his-datasets/4cys-large/output/xyz_files/5syb_ZN_homo_d2.60_cluster3.xyz,94.88,27.893,,83.66,31.077,,-121.61,30.653,,178.88,24.190,
5syb_ZN_homo_d2.60_cluster4,7,#c7c7c7,1,5syb_ZN_homo_d2.60_cluster4,21.5216,Cx34Cx2Cx35C-LLLL,78.09,0.9903,0.4685,0.1700,0.2030,22.460,/Users/stetef/Documents/SLAC/pdb-scraper/data/large-cys-his-datasets/4cys-large/output/xyz_files/5syb_ZN_homo_d2.60_cluster4.xyz,91.69,19.147,,-118.41,23.207,,173.67,23.683,,165.41,20.797,
5syb_ZN_homo_d2.60_cluster5,3,#d62728,1,5syb_ZN_homo_d2.60_cluster5,13.3212,Cx2Cx38Cx2C-LLSH,62.64,0.9930,0.4566,0.1700,0.2030,29.050,/Users/stetef/Documents/SLAC/pdb-scraper/data/large-cys-his-datasets/4cys-large/output/xyz_files/5syb_ZN_homo_d2.60_cluster5.xyz,90.28,23.303,,173.96,26.810,,-113.38,25.877,,99.69,32.203,
5syb_ZN_homo_d2.60_cluster6,5,#c49c94,1,5syb_ZN_homo_d2.60_cluster6,19.5034,Cx2Cx31Cx2C-LLLL,58.18,0.9793,0.4177,0.1700,0.2030,26.890,/Users/stetef/Documents/SLAC/pdb-scraper/data/large-cys-his-datasets/4cys-large/output/xyz_files/5syb_ZN_homo_d2.60_cluster6.xyz,89.60,27.017,,-124.54,30.303,,88.53,24.727,,179.13,20.413,
5szb_ZN_homo_d2.60_cluster2,8,#dbdb8d,1,5szb_ZN_homo_d2.60_cluster2,15.5008,Cx2Cx25Cx2C-LLLL,-27.63,0.9961,0.4851,0.1390,0.1550,10.480,/Users/stetef/Documents/SLAC/pdb-scraper/data/large-cys-his-datasets/4cys-large/output/xyz_files/5szb_ZN_homo_d2.60_cluster2.xyz,94.12,12.350,,-118.15,11.753,,93.32,9.563,,-179.82,8.500,
5szb_ZN_homo_d2.60_cluster4,8,#dbdb8d,1,5szb_ZN_homo_d2.60_cluster4,10.3113,Cx2Cx22Cx2C-LLHH,61.18,0.9945,0.4779,0.1390,0.1550,9.240,/Users/stetef/Documents/SLAC/pdb-scraper/data/large-cys-his-datasets/4cys-large/output/xyz_files/5szb_ZN_homo_d2.60_cluster4.xyz,-109.51,10.887,,94.03,9.420,,82.91,10.647,,177.28,8.483,
5szc_ZN_homo_d2.60_cluster2,0,#1f77b4,1,5szc_ZN_homo_d2.60_cluster2,15.5370,Cx2Cx25Cx2C-LLLL,62.24,0.9958,0.4868,0.1490,0.1670,11.430,/Users/stetef/Documents/SLAC/pdb-scraper/data/large-cys-his-datasets/4cys-large/output/xyz_files/5szc_ZN_homo_d2.60_cluster2.xyz,94.59,13.407,,-117.92,12.887,,92.50,11.233,,179.79,9.230,
5szc_ZN_homo_d2.60_cluster4,8,#dbdb8d,1,5szc_ZN_homo_d2.60_cluster4,10.2433,Cx2Cx22Cx2C-LLHH,61.18,0.9944,0.4791,0.1490,0.1670,9.920,/Users/stetef/Documents/SLAC/pdb-scraper/data/large-cys-his-datasets/4cys-large/output/xyz_files/5szc_ZN_homo_d2.60_cluster4.xyz,-109.97,11.377,,94.93,10.357,,177.18,9.087,,82.60,11.200,
5t0k_ZN_homo_d2.60_cluster1,3,#d62728,1,5t0k_ZN_homo_d2.60_cluster1,6.3150,Cx12Cx29Cx3C-LHLL,38.22,0.9790,0.5138,0.1660,0.1930,14.480,/Users/stetef/Documents/SLAC/pdb-scraper/data/large-cys-his-datasets/4cys-large/output/xyz_files/5t0k_ZN_homo_d2.60_cluster1.xyz,-143.71,14.540,,136.68,14.473,,69.04,13.990,,90.88,14.400,
5t0k_ZN_homo_d2.60_cluster2,0,#1f77b4,1,5t0k_ZN_homo_d2.60_cluster2,43.5037,Cx36Cx5Cx3C-LLLL,-84.24,0.9944,0.7467,0.1660,0.1930,14.720,/Users/stetef/Documents/SLAC/pdb-scraper/data/large-cys-his-datasets/4cys-large/output/xyz_files/5t0k_ZN_homo_d2.60_cluster2.xyz,-178.75,16.807,,-177.60,15.187,,-160.57,15.443,,179.96,13.990,
5t0k_ZN_homo_d2.60_cluster3,1,#ff7f0e,1,5t0k_ZN_homo_d2.60_cluster3,20.5483,Cx1Cx3Cx4C-LLLH,-72.49,0.9945,0.5601,0.1660,0.1930,15.410,/Users/stetef/Documents/SLAC/pdb-scraper/data/large-cys-his-datasets/4cys-large/output/xyz_files/5t0k_ZN_homo_d2.60_cluster3.xyz,-80.32,17.323,,-161.62,14.400,,-133.10,17.263,,85.07,15.443,
5t0k_ZN_homo_d2.60_cluster4,0,#1f77b4,1,5t0k_ZN_homo_d2.60_cluster4,29.6104,Cx52Cx1Cx4C-LLLL,14.63,0.9894,0.6724,0.1660,0.1930,20.510,/Users/stetef/Documents/SLAC/pdb-scraper/data/large-cys-his-datasets/4cys-large/output/xyz_files/5t0k_ZN_homo_d2.60_cluster4.xyz,140.00,19.243,,-70.92,22.290,,97.66,21.187,,-108.24,20.033,
5t0k_ZN_homo_d2.60_cluster5,5,#c49c94,1,5t0k_ZN_homo_d2.60_cluster5,20.3182,Cx1Cx3Cx4C-LLLH,-70.61,0.9924,0.5838,0.1660,0.1930,20.200,/Users/stetef/Documents/SLAC/pdb-scraper/data/large-cys-his-datasets/4cys-large/output/xyz_files/5t0k_ZN_homo_d2.60_cluster5.xyz,-85.46,26.523,,-161.82,17.847,,-128.84,22.260,,93.67,20.440,
5t0k_ZN_homo_d2.60_cluster6,5,#c49c94,1,5t0k_ZN_homo_d2.60_cluster6,6.0051,Cx12Cx29Cx3C-LHLL,38.72,0.9793,0.5133,0.1660,0.1930,16.440,/Users/stetef/Documents/SLAC/pdb-scraper/data/large-cys-his-datasets/4cys-large/output/xyz_files/5t0k_ZN_homo_d2.60_cluster6.xyz,-144.99,20.110,,71.56,13.773,,139.08,14.500,,89.25,17.847,
5t0k_ZN_homo_d2.60_cluster7,1,#ff7f0e,1,5t0k_ZN_homo_d2.60_cluster7,40.9857,Cx36Cx5Cx3C-LLLL,-168.17,0.9878,0.6635,0.1660,0.1930,16.920,/Users/stetef/Documents/SLAC/pdb-scraper/data/large-cys-his-datasets/4cys-large/output/xyz_files/5t0k_ZN_homo_d2.60_cluster7.xyz,-175.42,17.340,,-173.48,17.173,,-147.40,20.440,,-176.38,13.773,
5t0k_ZN_homo_d2.60_cluster8,0,#1f77b4,1,5t0k_ZN_homo_d2.60_cluster8,29.4076,Cx52Cx1Cx4C-LLLL,13.56,0.9915,0.6673,0.1660,0.1930,18.460,/Users/stetef/Documents/SLAC/pdb-scraper/data/large-cys-his-datasets/4cys-large/output/xyz_files/5t0k_ZN_homo_d2.60_cluster8.xyz,139.99,18.900,,-71.63,18.740,,96.39,20.830,,-110.50,17.087,
5t0m_ZN_homo_d2.60_cluster1,3,#d62728,1,5t0m_ZN_homo_d2.60_cluster1,6.5515,Cx12Cx29Cx3C-LHLL,37.04,0.9781,0.5168,0.1860,0.2240,27.410,/Users/stetef/Documents/SLAC/pdb-scraper/data/large-cys-his-datasets/4cys-large/output/xyz_files/5t0m_ZN_homo_d2.60_cluster1.xyz,133.64,27.573,,-144.95,29.397,,69.81,31.557,,89.67,27.460,
5t0m_ZN_homo_d2.60_cluster2,1,#ff7f0e,1,5t0m_ZN_homo_d2.60_cluster2,43.2350,Cx36Cx5Cx3C-LLLL,-82.60,0.9954,0.7329,0.1860,0.2240,28.690,/Users/stetef/Documents/SLAC/pdb-scraper/data/large-cys-his-datasets/4cys-large/output/xyz_files/5t0m_ZN_homo_d2.60_cluster2.xyz,-176.64,30.127,,179.03,31.557,,-158.78,29.610,,-174.00,31.083,
5t0m_ZN_homo_d2.60_cluster3,2,#2ca02c,1,5t0m_ZN_homo_d2.60_cluster3,21.6478,Cx1Cx3Cx4C-LLLH,-72.73,0.9896,0.5832,0.1860,0.2240,27.620,/Users/stetef/Documents/SLAC/pdb-scraper/data/large-cys-his-datasets/4cys-large/output/xyz_files/5t0m_ZN_homo_d2.60_cluster3.xyz,-86.22,29.460,,88.17,29.610,,-162.65,27.460,,-130.24,28.657,
5t0m_ZN_homo_d2.60_cluster4,0,#1f77b4,1,5t0m_ZN_homo_d2.60_cluster4,29.1776,Cx52Cx1Cx4C-LLLL,12.98,0.9948,0.6939,0.1860,0.2240,39.130,/Users/stetef/Documents/SLAC/pdb-scraper/data/large-cys-his-datasets/4cys-large/output/xyz_files/5t0m_ZN_homo_d2.60_cluster4.xyz,98.08,39.583,,138.54,38.313,,-73.07,39.207,,-111.63,40.857,
5t0m_ZN_homo_d2.60_cluster5,1,#ff7f0e,1,5t0m_ZN_homo_d2.60_cluster5,7.0720,Cx12Cx29Cx3C-LHLL,36.94,0.9651,0.5175,0.1860,0.2240,35.610,/Users/stetef/Documents/SLAC/pdb-scraper/data/large-cys-his-datasets/4cys-large/output/xyz_files/5t0m_ZN_homo_d2.60_cluster5.xyz,138.18,33.557,,-147.21,36.047,,67.70,36.413,,89.10,33.477,
5t0m_ZN_homo_d2.60_cluster6,8,#dbdb8d,1,5t0m_ZN_homo_d2.60_cluster6,43.7755,Cx36Cx5Cx3C-LLLL,-162.81,0.9727,0.7886,0.1860,0.2240,33.820,/Users/stetef/Documents/SLAC/pdb-scraper/data/large-cys-his-datasets/4cys-large/output/xyz_files/5t0m_ZN_homo_d2.60_cluster6.xyz,-144.46,41.767,,-172.78,31.593,,-177.92,36.413,,-156.09,36.897,
5t0m_ZN_homo_d2.60_cluster7,8,#dbdb8d,1,5t0m_ZN_homo_d2.60_cluster7,20.2103,Cx1Cx3Cx4C-LLLH,-74.09,0.9872,0.5516,0.1860,0.2240,36.920,/Users/stetef/Documents/SLAC/pdb-scraper/data/large-cys-his-datasets/4cys-large/output/xyz_files/5t0m_ZN_homo_d2.60_cluster7.xyz,88.23,36.897,,-167.09,33.477,,-82.45,40.327,,-135.06,37.120,
5t0m_ZN_homo_d2.60_cluster8,5,#c49c94,1,5t0m_ZN_homo_d2.60_cluster8,28.9628,Cx52Cx1Cx4C-LLLL,17.96,0.9869,0.6889,0.1860,0.2240,37.680,/Users/stetef/Documents/SLAC/pdb-scraper/data/large-cys-his-datasets/4cys-large/output/xyz_files/5t0m_ZN_homo_d2.60_cluster8.xyz,145.94,35.167,,-65.79,42.067,,102.99,41.760,,-111.31,41.390,
5t64_ZN_homo_d2.60_cluster1,3,#d62728,1,5t64_ZN_homo_d2.60_cluster1,7.4541,Cx2Cx37Cx2C-LLSL,45.42,0.9773,0.4534,0.1830,0.2200,17.620,/Users/stetef/Documents/SLAC/pdb-scraper/data/large-cys-his-datasets/4cys-large/output/xyz_files/5t64_ZN_homo_d2.60_cluster1.xyz,97.36,17.470,,-177.57,16.550,,86.17,19.860,,175.72,17.623,
5t64_ZN_homo_d2.60_cluster2,8,#dbdb8d,1,5t64_ZN_homo_d2.60_cluster2,7.7513,Cx2Cx37Cx2C-LLSL,-44.81,0.9718,0.4555,0.1830,0.2200,17.110,/Users/stetef/Documents/SLAC/pdb-scraper/data/large-cys-his-datasets/4cys-large/output/xyz_files/5t64_ZN_homo_d2.60_cluster2.xyz,88.64,18.417,,87.68,21.013,,-178.04,15.713,,-177.50,17.143,
5t67_ZN_homo_d2.60_cluster1,3,#d62728,1,5t67_ZN_homo_d2.60_cluster1,7.5927,Cx2Cx37Cx2C-LLSL,-42.62,0.9731,0.4508,0.2010,0.2490,17.500,/Users/stetef/Documents/SLAC/pdb-scraper/data/large-cys-his-datasets/4cys-large/output/xyz_files/5t67_ZN_homo_d2.60_cluster1.xyz,98.93,14.847,,-174.79,16.163,,84.49,18.313,,-179.10,17.773,
5t67_ZN_homo_d2.60_cluster2,2,#2ca02c,1,5t67_ZN_homo_d2.60_cluster2,8.1588,Cx2Cx37Cx2C-LLSL,44.39,0.9643,0.4484,0.2010,0.2490,22.080,/Users/stetef/Documents/SLAC/pdb-scraper/data/large-cys-his-datasets/4cys-large/output/xyz_files/5t67_ZN_homo_d2.60_cluster2.xyz,92.71,21.567,,82.42,23.417,,-175.59,21.350,,178.02,20.163,
5t6b_ZN_homo_d2.60_cluster1,8,#dbdb8d,1,5t6b_ZN_homo_d2.60_cluster1,7.6617,Cx2Cx37Cx2C-LLSL,47.26,0.9522,0.4484,0.1790,0.2340,25.110,/Users/stetef/Documents/SLAC/pdb-scraper/data/large-cys-his-datasets/4cys-large/output/xyz_files/5t6b_ZN_homo_d2.60_cluster1.xyz,-171.79,23.210,,88.92,26.003,,92.09,24.137,,179.84,23.500,
5t6b_ZN_homo_d2.60_cluster2,2,#2ca02c,1,5t6b_ZN_homo_d2.60_cluster2,7.7032,Cx2Cx37Cx2C-LLSL,-46.13,0.9549,0.4340,0.1790,0.2340,22.260,/Users/stetef/Documents/SLAC/pdb-scraper/data/large-cys-his-datasets/4cys-large/output/xyz_files/5t6b_ZN_homo_d2.60_cluster2.xyz,86.68,19.613,,86.28,19.770,,-178.69,20.530,,-178.79,20.783,
5t6b_ZN_homo_d2.60_cluster3,2,#2ca02c,1,5t6b_ZN_homo_d2.60_cluster3,6.9684,Cx2Cx37Cx2C-LLSL,-45.23,0.9669,0.4432,0.1790,0.2340,21.450,/Users/stetef/Documents/SLAC/pdb-scraper/data/large-cys-his-datasets/4cys-large/output/xyz_files/5t6b_ZN_homo_d2.60_cluster3.xyz,90.64,22.007,,82.45,22.810,,-179.88,20.367,,-174.11,22.913,
5t6b_ZN_homo_d2.60_cluster4,0,#1f77b4,1,5t6b_ZN_homo_d2.60_cluster4,8.1049,Cx2Cx37Cx2C-LLSL,47.70,0.9575,0.4509,0.1790,0.2340,34.740,/Users/stetef/Documents/SLAC/pdb-scraper/data/large-cys-his-datasets/4cys-large/output/xyz_files/5t6b_ZN_homo_d2.60_cluster4.xyz,88.43,27.760,,179.86,29.460,,-170.19,31.530,,92.68,38.913,
5tab_ZN_homo_d2.60_cluster1,3,#d62728,1,5tab_ZN_homo_d2.60_cluster1,13.8237,Cx2Cx21Cx2C-LLLL,60.57,0.9953,0.5068,0.1210,0.1440,7.740,/Users/stetef/Documents/SLAC/pdb-scraper/data/large-cys-his-datasets/4cys-large/output/xyz_files/5tab_ZN_homo_d2.60_cluster1.xyz,-119.21,9.113,,90.23,8.057,,178.40,7.857,,92.85,10.083,
5tda_ZN_homo_d2.60_cluster1_altlocLIGA,5,#c49c94,1,5tda_ZN_homo_d2.60_cluster1_altlocLIGA,25.0685,Cx24Cx2Cx21C-LSHL,-96.29,0.9687,0.5587,0.1210,0.1280,5.460,/Users/stetef/Documents/SLAC/pdb-scraper/data/large-cys-his-datasets/4cys-large/output/xyz_files/5tda_ZN_homo_d2.60_cluster1_altlocLIGA.xyz,-171.81,6.580,,-179.33,5.323,,92.66,5.997,,-126.68,5.487,
5tda_ZN_homo_d2.60_cluster1_altlocLIGB,5,#c49c94,1,5tda_ZN_homo_d2.60_cluster1_altlocLIGB,25.0685,Cx24Cx2Cx21C-LSHL,-96.29,0.9687,0.5587,0.1210,0.1280,5.460,/Users/stetef/Documents/SLAC/pdb-scraper/data/large-cys-his-datasets/4cys-large/output/xyz_files/5tda_ZN_homo_d2.60_cluster1_altlocLIGB.xyz,-171.81,6.580,,-179.33,5.323,,92.66,5.997,,-126.68,5.487,
5tdb_ZN_homo_d2.60_cluster1,2,#2ca02c,1,5tdb_ZN_homo_d2.60_cluster1,23.7234,Cx24Cx2Cx21C-LHHL,-8.35,0.9742,0.5377,0.1250,0.1340,9.810,/Users/stetef/Documents/SLAC/pdb-scraper/data/large-cys-his-datasets/4cys-large/output/xyz_files/5tdb_ZN_homo_d2.60_cluster1.xyz,-179.49,14.273,,179.34,10.317,,93.18,10.203,,-126.45,9.923,
5tdc_ZN_homo_d2.60_cluster1,3,#d62728,1,5tdc_ZN_homo_d2.60_cluster1,18.4191,Cx24Cx2Cx21C-LSHL,81.04,0.9592,0.4694,0.1510,0.1800,14.600,/Users/stetef/Documents/SLAC/pdb-scraper/data/large-cys-his-datasets/4cys-large/output/xyz_files/5tdc_ZN_homo_d2.60_cluster1.xyz,91.86,13.987,,179.58,18.083,,179.86,11.643,,-127.14,14.960,
5tdc_ZN_homo_d2.60_cluster4,2,#2ca02c,1,5tdc_ZN_homo_d2.60_cluster4,24.0809,Cx24Cx2Cx21C-LHHL,-94.96,0.9707,0.5503,0.1510,0.1800,16.180,/Users/stetef/Documents/SLAC/pdb-scraper/data/large-cys-his-datasets/4cys-large/output/xyz_files/5tdc_ZN_homo_d2.60_cluster4.xyz,-168.00,22.507,,-179.49,13.757,,-126.37,14.980,,94.02,16.377,
5tdd_ZN_homo_d2.60_cluster1,6,#f7b6d2,1,5tdd_ZN_homo_d2.60_cluster1,19.5064,Cx24Cx2Cx21C-LSHL,-9.43,0.9563,0.4929,0.1110,0.1520,11.350,/Users/stetef/Documents/SLAC/pdb-scraper/data/large-cys-his-datasets/4cys-large/output/xyz_files/5tdd_ZN_homo_d2.60_cluster1.xyz,-177.75,14.910,,178.23,11.037,,89.64,12.097,,-127.83,11.587,
5tdr_ZN_homo_d2.60_cluster1,0,#1f77b4,1,5tdr_ZN_homo_d2.60_cluster1,13.7394,Cx2Cx22Cx2C-LLLL,62.29,0.9970,0.5070,0.1550,0.2000,10.450,/Users/stetef/Documents/SLAC/pdb-scraper/data/large-cys-his-datasets/4cys-large/output/xyz_files/5tdr_ZN_homo_d2.60_cluster1.xyz,-112.40,12.227,,178.99,9.837,,88.91,8.703,,93.68,12.730,
5tdw_ZN_homo_d2.60_cluster2,3,#d62728,1,5tdw_ZN_homo_d2.60_cluster2,13.3040,Cx2Cx22Cx2C-LLLL,62.16,0.9967,0.5093,0.1660,0.1990,9.310,/Users/stetef/Documents/SLAC/pdb-scraper/data/large-cys-his-datasets/4cys-large/output/xyz_files/5tdw_ZN_homo_d2.60_cluster2.xyz,178.16,7.570,,93.37,10.923,,-113.30,9.140,,90.42,6.400,
5tnx_ZN_homo_d2.60_cluster1,8,#dbdb8d,1,5tnx_ZN_homo_d2.60_cluster1,27.5973,Cx2Cx2Cx7C-LHHH,-6.30,0.9718,0.7824,0.1490,0.1720,19.740,/Users/stetef/Documents/SLAC/pdb-scraper/data/large-cys-his-datasets/4cys-large/output/xyz_files/5tnx_ZN_homo_d2.60_cluster1.xyz,-67.36,18.277,,63.81,21.630,,-113.83,20.007,,92.19,21.753,
5trb_ZN_homo_d2.60_cluster1,3,#d62728,1,5trb_ZN_homo_d2.60_cluster1,13.9076,Cx2Cx16Cx2C-LLHH,53.65,0.9757,0.5120,0.2170,0.2360,22.530,/Users/stetef/Documents/SLAC/pdb-scraper/data/large-cys-his-datasets/4cys-large/output/xyz_files/5trb_ZN_homo_d2.60_cluster1.xyz,154.62,22.150,,91.22,20.487,,90.65,25.837,,-121.91,23.603,
5tt5_ZN_homo_d2.60_cluster1,0,#1f77b4,1,5tt5_ZN_homo_d2.60_cluster1,8.2322,Cx2Cx14Cx5C-LLSH,-1.45,0.9705,0.4098,0.1780,0.2050,19.510,/Users/stetef/Documents/SLAC/pdb-scraper/data/large-cys-his-datasets/4cys-large/output/xyz_files/5tt5_ZN_homo_d2.60_cluster1.xyz,177.37,19.357,,90.08,20.697,,-161.35,18.377,,-111.90,19.353,
5ttf_ZN_homo_d2.60_cluster1,0,#1f77b4,1,5ttf_ZN_homo_d2.60_cluster1,6.5604,Cx12Cx29Cx3C-LHLL,36.60,0.9726,0.5135,0.2070,0.2470,24.900,/Users/stetef/Documents/SLAC/pdb-scraper/data/large-cys-his-datasets/4cys-large/output/xyz_files/5ttf_ZN_homo_d2.60_cluster1.xyz,-144.09,27.963,,140.67,24.243,,63.41,24.983,,86.41,26.227,
5ttf_ZN_homo_d2.60_cluster10,2,#2ca02c,1,5ttf_ZN_homo_d2.60_cluster10,44.1884,Cx36Cx5Cx3C-LLLL,-82.93,0.9932,0.7640,0.2070,0.2470,20.920,/Users/stetef/Documents/SLAC/pdb-scraper/data/large-cys-his-datasets/4cys-large/output/xyz_files/5ttf_ZN_homo_d2.60_cluster10.xyz,-177.99,20.160,,-157.02,20.650,,-175.85,21.860,,179.13,20.153,
5ttf_ZN_homo_d2.60_cluster11,5,#c49c94,1,5ttf_ZN_homo_d2.60_cluster11,21.8686,Cx1Cx3Cx4C-LLLH,-70.97,0.9881,0.5896,0.2070,0.2470,21.350,/Users/stetef/Documents/SLAC/pdb-scraper/data/large-cys-his-datasets/4cys-large/output/xyz_files/5ttf_ZN_homo_d2.60_cluster11.xyz,-83.36,23.107,,-125.50,22.640,,89.45,20.650,,-164.46,21.657,
5ttf_ZN_homo_d2.60_cluster12,3,#d62728,1,5ttf_ZN_homo_d2.60_cluster12,30.8693,Cx52Cx1Cx4C-LLLL,14.87,0.9949,0.6825,0.2070,0.2470,26.730,/Users/stetef/Documents/SLAC/pdb-scraper/data/large-cys-his-datasets/4cys-large/output/xyz_files/5ttf_ZN_homo_d2.60_cluster12.xyz,96.88,30.223,,-70.70,29.927,,142.93,27.567,,-109.62,28.033,
5ttf_ZN_homo_d2.60_cluster13,2,#2ca02c,1,5ttf_ZN_homo_d2.60_cluster13,7.0174,Cx12Cx29Cx3C-LHLL,35.70,0.9694,0.5113,0.2070,0.2470,27.900,/Users/stetef/Documents/SLAC/pdb-scraper/data/large-cys-his-datasets/4cys-large/output/xyz_files/5ttf_ZN_homo_d2.60_cluster13.xyz,62.19,25.627,,-144.01,30.447,,137.80,26.947,,86.84,28.507,
5ttf_ZN_homo_d2.60_cluster14,2,#2ca02c,1,5ttf_ZN_homo_d2.60_cluster14,44.3305,Cx36Cx5Cx3C-LLLL,6.61,0.9908,0.7504,0.2070,0.2470,25.830,/Users/stetef/Documents/SLAC/pdb-scraper/data/large-cys-his-datasets/4cys-large/output/xyz_files/5ttf_ZN_homo_d2.60_cluster14.xyz,-176.56,26.357,,179.03,30.643,,179.72,25.627,,-155.75,28.280,
5ttf_ZN_homo_d2.60_cluster15,2,#2ca02c,1,5ttf_ZN_homo_d2.60_cluster15,20.9633,Cx1Cx3Cx4C-LLLH,-70.74,0.9849,0.5758,0.2070,0.2470,28.840,/Users/stetef/Documents/SLAC/pdb-scraper/data/large-cys-his-datasets/4cys-large/output/xyz_files/5ttf_ZN_homo_d2.60_cluster15.xyz,-80.81,30.917,,90.48,28.280,,-126.62,30.653,,-166.01,28.507,
5ttf_ZN_homo_d2.60_cluster16,0,#1f77b4,1,5ttf_ZN_homo_d2.60_cluster16,29.7725,Cx52Cx1Cx4C-LLLL,14.06,0.9952,0.6596,0.2070,0.2470,30.970,/Users/stetef/Documents/SLAC/pdb-scraper/data/large-cys-his-datasets/4cys-large/output/xyz_files/5ttf_ZN_homo_d2.60_cluster16.xyz,100.22,31.953,,140.49,29.587,,-110.78,31.617,,-73.69,34.630,
5ttf_ZN_homo_d2.60_cluster2,2,#2ca02c,1,5ttf_ZN_homo_d2.60_cluster2,43.8047,Cx36Cx5Cx3C-LLLL,-83.35,0.9952,0.7478,0.2070,0.2470,24.460,/Users/stetef/Documents/SLAC/pdb-scraper/data/large-cys-his-datasets/4cys-large/output/xyz_files/5ttf_ZN_homo_d2.60_cluster2.xyz,-179.25,24.250,,179.24,27.433,,-179.55,24.983,,-153.84,26.197,
5ttf_ZN_homo_d2.60_cluster3,2,#2ca02c,1,5ttf_ZN_homo_d2.60_cluster3,21.4670,Cx1Cx3Cx4C-LLLH,-71.47,0.9903,0.5832,0.2070,0.2470,26.040,/Users/stetef/Documents/SLAC/pdb-scraper/data/large-cys-his-datasets/4cys-large/output/xyz_files/5ttf_ZN_homo_d2.60_cluster3.xyz,91.09,26.197,,-85.55,28.063,,-125.84,28.073,,-165.57,26.227,
5ttf_ZN_homo_d2.60_cluster4,8,#dbdb8d,1,5ttf_ZN_homo_d2.60_cluster4,30.1137,Cx52Cx1Cx4C-LLLL,15.18,0.9971,0.6917,0.2070,0.2470,30.410,/Users/stetef/Documents/SLAC/pdb-scraper/data/large-cys-his-datasets/4cys-large/output/xyz_files/5ttf_ZN_homo_d2.60_cluster4.xyz,-112.12,31.357,,141.33,27.770,,-69.00,31.400,,100.50,31.657,
5ttf_ZN_homo_d2.60_cluster5,0,#1f77b4,1,5ttf_ZN_homo_d2.60_cluster5,6.4282,Cx12Cx29Cx3C-LHLL,36.55,0.9775,0.5120,0.2070,0.2470,22.480,/Users/stetef/Documents/SLAC/pdb-scraper/data/large-cys-his-datasets/4cys-large/output/xyz_files/5ttf_ZN_homo_d2.60_cluster5.xyz,134.03,20.400,,-144.93,23.477,,68.53,20.290,,88.58,22.403,
5ttf_ZN_homo_d2.60_cluster6,0,#1f77b4,1,5ttf_ZN_homo_d2.60_cluster6,43.9308,Cx36Cx5Cx3C-LLLL,-172.39,0.9914,0.7722,0.2070,0.2470,20.720,/Users/stetef/Documents/SLAC/pdb-scraper/data/large-cys-his-datasets/4cys-large/output/xyz_files/5ttf_ZN_homo_d2.60_cluster6.xyz,-173.89,20.933,,-160.53,22.320,,-177.96,22.530,,-177.18,20.290,
5ttf_ZN_homo_d2.60_cluster7,5,#c49c94,1,5ttf_ZN_homo_d2.60_cluster7,22.2366,Cx1Cx3Cx4C-LLLH,-72.00,0.9901,0.5889,0.2070,0.2470,22.550,/Users/stetef/Documents/SLAC/pdb-scraper/data/large-cys-his-datasets/4cys-large/output/xyz_files/5ttf_ZN_homo_d2.60_cluster7.xyz,-81.90,24.147,,86.01,22.320,,-128.79,22.100,,-163.34,22.403,
5ttf_ZN_homo_d2.60_cluster8,0,#1f77b4,1,5ttf_ZN_homo_d2.60_cluster8,30.0448,Cx52Cx1Cx4C-LLLL,16.21,0.9966,0.6823,0.2070,0.2470,29.150,/Users/stetef/Documents/SLAC/pdb-scraper/data/large-cys-his-datasets/4cys-large/output/xyz_files/5ttf_ZN_homo_d2.60_cluster8.xyz,-66.45,31.327,,142.00,27.387,,99.08,30.080,,-109.80,31.577,
5ttf_ZN_homo_d2.60_cluster9,5,#c49c94,1,5ttf_ZN_homo_d2.60_cluster9,5.6950,Cx12Cx29Cx3C-LHLL,36.43,0.9780,0.5119,0.2070,0.2470,22.700,/Users/stetef/Documents/SLAC/pdb-scraper/data/large-cys-his-datasets/4cys-large/output/xyz_files/5ttf_ZN_homo_d2.60_cluster9.xyz,134.85,21.150,,66.53,20.153,,-144.19,22.753,,88.53,21.657,
5ttg_ZN_homo_d2.60_cluster1,7,#c7c7c7,1,5ttg_ZN_homo_d2.60_cluster1,7.4989,Cx12Cx29Cx3C-LHLL,37.61,0.9725,0.5074,0.1710,0.1920,15.450,/Users/stetef/Documents/SLAC/pdb-scraper/data/large-cys-his-datasets/4cys-large/output/xyz_files/5ttg_ZN_homo_d2.60_cluster1.xyz,138.38,14.590,,-140.40,14.943,,64.75,13.433,,87.70,15.137,
5ttg_ZN_homo_d2.60_cluster2,8,#dbdb8d,1,5ttg_ZN_homo_d2.60_cluster2,43.3770,Cx36Cx5Cx3C-LLLL,-83.87,0.9900,0.7528,0.1710,0.1920,14.030,/Users/stetef/Documents/SLAC/pdb-scraper/data/large-cys-his-datasets/4cys-large/output/xyz_files/5ttg_ZN_homo_d2.60_cluster2.xyz,-173.80,15.123,,175.39,13.433,,-160.46,16.223,,-176.59,14.037,
5ttg_ZN_homo_d2.60_cluster3,5,#c49c94,1,5ttg_ZN_homo_d2.60_cluster3,21.9417,Cx1Cx3Cx4C-LLLH,-71.52,0.9911,0.5717,0.1710,0.1920,15.170,/Users/stetef/Documents/SLAC/pdb-scraper/data/large-cys-his-datasets/4cys-large/output/xyz_files/5ttg_ZN_homo_d2.60_cluster3.xyz,-83.23,16.483,,-127.19,17.903,,87.51,16.223,,-163.18,15.137,
5ttg_ZN_homo_d2.60_cluster4,8,#dbdb8d,1,5ttg_ZN_homo_d2.60_cluster4,29.8081,Cx52Cx1Cx4C-LLLL,15.62,0.9914,0.6907,0.1710,0.1920,20.120,/Users/stetef/Documents/SLAC/pdb-scraper/data/large-cys-his-datasets/4cys-large/output/xyz_files/5ttg_ZN_homo_d2.60_cluster4.xyz,140.41,22.217,,-68.97,22.203,,97.41,20.170,,-106.36,18.697,
5ttg_ZN_homo_d2.60_cluster5,5,#c49c94,1,5ttg_ZN_homo_d2.60_cluster5,6.3342,Cx12Cx29Cx3C-LHLL,38.13,0.9791,0.5079,0.1710,0.1920,15.130,/Users/stetef/Documents/SLAC/pdb-scraper/data/large-cys-his-datasets/4cys-large/output/xyz_files/5ttg_ZN_homo_d2.60_cluster5.xyz,65.65,14.113,,-139.42,15.787,,136.29,13.613,,90.00,14.470,
5ttg_ZN_homo_d2.60_cluster6,2,#2ca02c,1,5ttg_ZN_homo_d2.60_cluster6,43.5138,Cx36Cx5Cx3C-LLLL,-83.92,0.9943,0.7497,0.1710,0.1920,14.430,/Users/stetef/Documents/SLAC/pdb-scraper/data/large-cys-his-datasets/4cys-large/output/xyz_files/5ttg_ZN_homo_d2.60_cluster6.xyz,-174.92,14.657,,-176.87,15.043,,-160.47,14.807,,176.55,14.113,
5ttg_ZN_homo_d2.60_cluster7,3,#d62728,1,5ttg_ZN_homo_d2.60_cluster7,22.5493,Cx1Cx3Cx4C-LLLH,-71.91,0.9900,0.6011,0.1710,0.1920,14.530,/Users/stetef/Documents/SLAC/pdb-scraper/data/large-cys-his-datasets/4cys-large/output/xyz_files/5ttg_ZN_homo_d2.60_cluster7.xyz,-130.25,14.993,,-84.55,15.163,,86.14,14.807,,-158.96,14.470,
5ttg_ZN_homo_d2.60_cluster8,0,#1f77b4,1,5ttg_ZN_homo_d2.60_cluster8,30.3871,Cx52Cx1Cx4C-LLLL,15.78,0.9830,0.6908,0.1710,0.1920,16.070,/Users/stetef/Documents/SLAC/pdb-scraper/data/large-cys-his-datasets/4cys-large/output/xyz_files/5ttg_ZN_homo_d2.60_cluster8.xyz,-72.16,15.513,,142.94,17.593,,97.82,17.203,,-105.48,15.473,
5tuz_ZN_homo_d2.60_cluster1,3,#d62728,1,5tuz_ZN_homo_d2.60_cluster1,6.7090,Cx12Cx29Cx3C-LHLL,39.67,0.9712,0.5126,0.1630,0.2010,16.110,/Users/stetef/Documents/SLAC/pdb-scraper/data/large-cys-his-datasets/4cys-large/output/xyz_files/5tuz_ZN_homo_d2.60_cluster1.xyz,69.01,13.807,,138.66,14.783,,-140.11,15.293,,91.14,16.287,
5tuz_ZN_homo_d2.60_cluster2,3,#d62728,1,5tuz_ZN_homo_d2.60_cluster2,43.3686,Cx36Cx5Cx3C-LLLL,-173.21,0.9951,0.7438,0.1630,0.2010,14.600,/Users/stetef/Documents/SLAC/pdb-scraper/data/large-cys-his-datasets/4cys-large/output/xyz_files/5tuz_ZN_homo_d2.60_cluster2.xyz,-176.67,13.347,,-175.46,15.150,,-179.71,13.807,,-161.01,15.020,
5tuz_ZN_homo_d2.60_cluster3,3,#d62728,1,5tuz_ZN_homo_d2.60_cluster3,22.3149,Cx1Cx3Cx4C-LLLH,-71.34,0.9877,0.5857,0.1630,0.2010,15.210,/Users/stetef/Documents/SLAC/pdb-scraper/data/large-cys-his-datasets/4cys-large/output/xyz_files/5tuz_ZN_homo_d2.60_cluster3.xyz,87.52,15.020,,-83.01,16.927,,-160.35,16.287,,-129.53,16.563,
5tuz_ZN_homo_d2.60_cluster4,3,#d62728,1,5tuz_ZN_homo_d2.60_cluster4,29.6749,Cx52Cx1Cx4C-LLLL,16.78,0.9797,0.6863,0.1630,0.2010,20.240,/Users/stetef/Documents/SLAC/pdb-scraper/data/large-cys-his-datasets/4cys-large/output/xyz_files/5tuz_ZN_homo_d2.60_cluster4.xyz,144.99,22.233,,100.68,18.913,,-104.35,21.323,,-74.21,21.820,
5tuz_ZN_homo_d2.60_cluster5,7,#c7c7c7,1,5tuz_ZN_homo_d2.60_cluster5,7.0749,Cx12Cx29Cx3C-LHLL,40.28,0.9672,0.5106,0.1630,0.2010,17.150,/Users/stetef/Documents/SLAC/pdb-scraper/data/large-cys-his-datasets/4cys-large/output/xyz_files/5tuz_ZN_homo_d2.60_cluster5.xyz,-141.18,14.380,,138.71,16.383,,70.12,14.513,,93.48,17.260,
5tuz_ZN_homo_d2.60_cluster6,3,#d62728,1,5tuz_ZN_homo_d2.60_cluster6,44.2085,Cx36Cx5Cx3C-LLLL,-83.06,0.9923,0.7714,0.1630,0.2010,15.740,/Users/stetef/Documents/SLAC/pdb-scraper/data/large-cys-his-datasets/4cys-large/output/xyz_files/5tuz_ZN_homo_d2.60_cluster6.xyz,-160.98,15.300,,-177.62,14.413,,-172.75,15.590,,179.11,14.513,
5tuz_ZN_homo_d2.60_cluster7,7,#c7c7c7,1,5tuz_ZN_homo_d2.60_cluster7,21.2949,Cx1Cx3Cx4C-LLLH,-73.16,0.9899,0.5686,0.1630,0.2010,17.580,/Users/stetef/Documents/SLAC/pdb-scraper/data/large-cys-his-datasets/4cys-large/output/xyz_files/5tuz_ZN_homo_d2.60_cluster7.xyz,86.31,15.300,,-86.78,17.463,,-161.97,17.260,,-130.22,21.943,
5tuz_ZN_homo_d2.60_cluster8,5,#c49c94,1,5tuz_ZN_homo_d2.60_cluster8,29.9297,Cx52Cx1Cx4C-LLLL,16.72,0.9913,0.6830,0.1630,0.2010,25.190,/Users/stetef/Documents/SLAC/pdb-scraper/data/large-cys-his-datasets/4cys-large/output/xyz_files/5tuz_ZN_homo_d2.60_cluster8.xyz,138.10,28.157,,100.29,23.370,,-100.12,22.023,,-71.40,31.617,
5txk_ZN_homo_d2.60_cluster1,5,#c49c94,1,5txk_ZN_homo_d2.60_cluster1,9.7588,Cx2Cx198Cx2C-SLSL,84.76,0.9948,0.4524,0.1610,0.1830,19.340,/Users/stetef/Documents/SLAC/pdb-scraper/data/large-cys-his-datasets/4cys-large/output/xyz_files/5txk_ZN_homo_d2.60_cluster1.xyz,96.30,17.083,,173.43,14.553,,166.08,14.660,,-96.77,18.397,
5u2j_ZN_homo_d2.60_cluster1,5,#c49c94,1,5u2j_ZN_homo_d2.60_cluster1,9.6211,Cx2Cx22Cx2C-LLLL,62.59,0.9894,0.4699,0.1930,0.2380,18.090,/Users/stetef/Documents/SLAC/pdb-scraper/data/large-cys-his-datasets/4cys-large/output/xyz_files/5u2j_ZN_homo_d2.60_cluster1.xyz,176.17,18.797,,81.65,16.833,,95.01,22.157,,-102.47,20.493,
5u2j_ZN_homo_d2.60_cluster4,0,#1f77b4,1,5u2j_ZN_homo_d2.60_cluster4,15.9911,Cx2Cx25Cx2C-LLLL,61.13,0.9973,0.4956,0.1930,0.2380,19.780,/Users/stetef/Documents/SLAC/pdb-scraper/data/large-cys-his-datasets/4cys-large/output/xyz_files/5u2j_ZN_homo_d2.60_cluster4.xyz,88.58,24.457,,96.74,25.960,,-117.35,27.043,,176.53,21.823,
5u2j_ZN_homo_d2.60_cluster5,0,#1f77b4,1,5u2j_ZN_homo_d2.60_cluster5,9.5274,Cx2Cx22Cx2C-LLLL,62.04,0.9904,0.4637,0.1930,0.2380,17.140,/Users/stetef/Documents/SLAC/pdb-scraper/data/large-cys-his-datasets/4cys-large/output/xyz_files/5u2j_ZN_homo_d2.60_cluster5.xyz,84.52,18.653,,94.59,15.650,,-105.14,17.600,,174.20,17.690,
5u2j_ZN_homo_d2.60_cluster8,0,#1f77b4,1,5u2j_ZN_homo_d2.60_cluster8,16.0707,Cx2Cx25Cx2C-LLLL,61.29,0.9969,0.5041,0.1930,0.2380,20.020,/Users/stetef/Documents/SLAC/pdb-scraper/data/large-cys-his-datasets/4cys-large/output/xyz_files/5u2j_ZN_homo_d2.60_cluster8.xyz,-115.50,23.697,,96.79,23.000,,174.08,18.207,,89.80,20.617,
5um3_ZN_homo_d2.60_cluster1,2,#2ca02c,1,5um3_ZN_homo_d2.60_cluster1,19.1453,Cx24Cx2Cx21C-LHHL,-10.56,0.9577,0.4990,0.1390,0.1580,11.480,/Users/stetef/Documents/SLAC/pdb-scraper/data/large-cys-his-datasets/4cys-large/output/xyz_files/5um3_ZN_homo_d2.60_cluster1.xyz,-179.32,12.730,,176.59,11.673,,91.44,11.180,,-130.97,11.227,
5unr_ZN_homo_d2.60_cluster1,7,#c7c7c7,1,5unr_ZN_homo_d2.60_cluster1,20.5671,Cx4C-Cx4C-LL-LL,43.02,0.9677,0.3342,0.2040,0.2470,46.850,/Users/stetef/Documents/SLAC/pdb-scraper/data/large-cys-his-datasets/4cys-large/output/xyz_files/5unr_ZN_homo_d2.60_cluster1.xyz,-67.55,49.133,,154.34,51.490,,153.14,47.667,,-67.87,50.417,
5uns_ZN_homo_d2.60_cluster1,7,#c7c7c7,1,5uns_ZN_homo_d2.60_cluster1,20.5601,Cx4C-Cx4C-LL-LL,40.75,0.9762,0.3356,0.2000,0.2420,43.290,/Users/stetef/Documents/SLAC/pdb-scraper/data/large-cys-his-datasets/4cys-large/output/xyz_files/5uns_ZN_homo_d2.60_cluster1.xyz,146.33,53.730,,-67.59,48.160,,-66.68,48.787,,150.95,48.313,
5unv_ZN_homo_d2.60_cluster1,7,#c7c7c7,1,5unv_ZN_homo_d2.60_cluster1,19.5391,Cx4C-Cx4C-LL-LL,41.92,0.9723,0.3149,0.1940,0.2450,34.590,/Users/stetef/Documents/SLAC/pdb-scraper/data/large-cys-his-datasets/4cys-large/output/xyz_files/5unv_ZN_homo_d2.60_cluster1.xyz,149.96,36.123,,-71.21,36.800,,158.28,45.087,,-69.34,42.910,
5uny_ZN_homo_d2.60_cluster1,1,#ff7f0e,1,5uny_ZN_homo_d2.60_cluster1,20.8230,Cx4C-Cx4C-LL-LL,40.95,0.9785,0.3233,0.1960,0.2380,42.900,/Users/stetef/Documents/SLAC/pdb-scraper/data/large-cys-his-datasets/4cys-large/output/xyz_files/5uny_ZN_homo_d2.60_cluster1.xyz,152.23,54.400,,-68.18,51.343,,-71.36,49.850,,151.10,51.240,
5unz_ZN_homo_d2.60_cluster1,7,#c7c7c7,1,5unz_ZN_homo_d2.60_cluster1,21.2233,Cx4C-Cx4C-LL-LL,44.05,0.9782,0.3377,0.1950,0.2380,40.180,/Users/stetef/Documents/SLAC/pdb-scraper/data/large-cys-his-datasets/4cys-large/output/xyz_files/5unz_ZN_homo_d2.60_cluster1.xyz,157.09,48.973,,-64.52,42.233,,150.46,52.120,,-66.84,42.137,
5uo0_ZN_homo_d2.60_cluster1,7,#c7c7c7,1,5uo0_ZN_homo_d2.60_cluster1,21.1674,Cx4C-Cx4C-LL-LL,43.35,0.9767,0.3382,0.2100,0.2600,42.930,/Users/stetef/Documents/SLAC/pdb-scraper/data/large-cys-his-datasets/4cys-large/output/xyz_files/5uo0_ZN_homo_d2.60_cluster1.xyz,158.37,47.970,,-71.84,45.317,,150.90,45.120,,-64.05,41.553,
5uo1_ZN_homo_d2.60_cluster1,7,#c7c7c7,1,5uo1_ZN_homo_d2.60_cluster1,19.3740,Cx4C-Cx4C-LL-LL,40.77,0.9562,0.3219,0.1790,0.2170,25.510,/Users/stetef/Documents/SLAC/pdb-scraper/data/large-cys-his-datasets/4cys-large/output/xyz_files/5uo1_ZN_homo_d2.60_cluster1.xyz,-69.34,28.370,,146.50,26.497,,-64.58,25.010,,150.50,28.427,
5uo2_ZN_homo_d2.60_cluster1,2,#2ca02c,1,5uo2_ZN_homo_d2.60_cluster1,18.9707,Cx4C-Cx4C-LL-LL,37.59,0.9681,0.3159,0.1850,0.2350,40.370,/Users/stetef/Documents/SLAC/pdb-scraper/data/large-cys-his-datasets/4cys-large/output/xyz_files/5uo2_ZN_homo_d2.60_cluster1.xyz,-78.27,34.260,,151.11,35.017,,148.29,35.600,,-70.78,35.193,
5uo4_ZN_homo_d2.60_cluster1,5,#c49c94,1,5uo4_ZN_homo_d2.60_cluster1,19.5182,Cx4C-Cx4C-LL-LL,38.56,0.9733,0.3147,0.1920,0.2420,39.520,/Users/stetef/Documents/SLAC/pdb-scraper/data/large-cys-his-datasets/4cys-large/output/xyz_files/5uo4_ZN_homo_d2.60_cluster1.xyz,153.18,39.787,,-75.10,36.727,,150.06,41.543,,-73.91,36.930,
5uo5_ZN_homo_d2.60_cluster1,3,#d62728,1,5uo5_ZN_homo_d2.60_cluster1,19.5121,Cx4C-Cx4C-LL-LL,39.83,0.9611,0.3248,0.1820,0.2270,43.160,/Users/stetef/Documents/SLAC/pdb-scraper/data/large-cys-his-datasets/4cys-large/output/xyz_files/5uo5_ZN_homo_d2.60_cluster1.xyz,148.97,42.530,,-65.87,39.837,,150.40,42.737,,-74.16,37.790,
5uo6_ZN_homo_d2.60_cluster1,7,#c7c7c7,1,5uo6_ZN_homo_d2.60_cluster1,20.6725,Cx4C-Cx4C-LL-LL,40.46,0.9743,0.3245,0.1950,0.2450,39.720,/Users/stetef/Documents/SLAC/pdb-scraper/data/large-cys-his-datasets/4cys-large/output/xyz_files/5uo6_ZN_homo_d2.60_cluster1.xyz,-70.41,39.193,,154.69,42.060,,-72.72,39.787,,150.28,43.280,
5upd_ZN_homo_d2.60_cluster1,3,#d62728,1,5upd_ZN_homo_d2.60_cluster1,23.8161,Cx1Cx7Cx5C-LLLH,-77.51,0.9852,0.6158,0.1860,0.2180,28.120,/Users/stetef/Documents/SLAC/pdb-scraper/data/large-cys-his-datasets/4cys-large/output/xyz_files/5upd_ZN_homo_d2.60_cluster1.xyz,66.99,27.890,,-165.83,29.277,,-120.86,34.767,,-90.35,28.313,
5upd_ZN_homo_d2.60_cluster2,1,#ff7f0e,1,5upd_ZN_homo_d2.60_cluster2,34.3929,Cx14Cx4Cx5C-LLLL,-60.22,0.9847,0.6307,0.1860,0.2180,23.600,/Users/stetef/Documents/SLAC/pdb-scraper/data/large-cys-his-datasets/4cys-large/output/xyz_files/5upd_ZN_homo_d2.60_cluster2.xyz,-100.71,27.277,,176.08,18.837,,-178.23,27.890,,-138.03,25.593,
5upd_ZN_homo_d2.60_cluster3,0,#1f77b4,1,5upd_ZN_homo_d2.60_cluster3,28.5211,Cx46Cx1Cx4C-LLLL,14.18,0.9896,0.6792,0.1860,0.2180,13.760,/Users/stetef/Documents/SLAC/pdb-scraper/data/large-cys-his-datasets/4cys-large/output/xyz_files/5upd_ZN_homo_d2.60_cluster3.xyz,141.71,15.177,,97.02,13.563,,-77.45,15.120,,-104.55,13.033,
5urb_ZN_homo_d2.60_cluster1,3,#d62728,1,5urb_ZN_homo_d2.60_cluster1,3.4679,Cx2Cx9Cx2C-LLLL,132.12,0.9907,0.4875,0.1570,0.1940,28.270,/Users/stetef/Documents/SLAC/pdb-scraper/data/large-cys-his-datasets/4cys-large/output/xyz_files/5urb_ZN_homo_d2.60_cluster1.xyz,168.33,26.767,,175.17,26.950,,92.48,30.340,,92.48,31.573,
5urb_ZN_homo_d2.60_cluster2,1,#ff7f0e,1,5urb_ZN_homo_d2.60_cluster2,2.3925,Cx2Cx9Cx2C-LLLL,132.73,0.9919,0.4824,0.1570,0.1940,30.320,/Users/stetef/Documents/SLAC/pdb-scraper/data/large-cys-his-datasets/4cys-large/output/xyz_files/5urb_ZN_homo_d2.60_cluster2.xyz,170.26,26.947,,174.42,28.733,,90.85,31.467,,95.39,29.357,
5v37_ZN_homo_d2.60_cluster1,8,#dbdb8d,1,5v37_ZN_homo_d2.60_cluster1,24.0490,Cx2Cx18Cx3C-LLLH,47.44,0.9903,0.6170,0.2300,0.2790,13.740,/Users/stetef/Documents/SLAC/pdb-scraper/data/large-cys-his-datasets/4cys-large/output/xyz_files/5v37_ZN_homo_d2.60_cluster1.xyz,-173.59,13.267,,93.79,12.050,,174.67,12.660,,94.90,14.567,
5v37_ZN_homo_d2.60_cluster2,2,#2ca02c,1,5v37_ZN_homo_d2.60_cluster2,33.6090,Cx52Cx1Cx2C-LLHH,1.94,0.9824,0.7027,0.2300,0.2790,13.000,/Users/stetef/Documents/SLAC/pdb-scraper/data/large-cys-his-datasets/4cys-large/output/xyz_files/5v37_ZN_homo_d2.60_cluster2.xyz,138.86,11.160,,-109.50,10.937,,-115.43,10.480,,93.84,13.550,
5v9i_ZN_homo_d2.60_cluster1,0,#1f77b4,1,5v9i_ZN_homo_d2.60_cluster1,7.9932,Cx12Cx29Cx3C-LHLL,35.79,0.9742,0.5124,0.2340,0.2750,30.730,/Users/stetef/Documents/SLAC/pdb-scraper/data/large-cys-his-datasets/4cys-large/output/xyz_files/5v9i_ZN_homo_d2.60_cluster1.xyz,-144.55,35.807,,134.98,28.073,,62.70,29.917,,90.03,31.920,
5v9i_ZN_homo_d2.60_cluster10,2,#2ca02c,1,5v9i_ZN_homo_d2.60_cluster10,41.8494,Cx36Cx5Cx3C-LLLL,-81.06,0.9828,0.7614,0.2340,0.2750,22.110,/Users/stetef/Documents/SLAC/pdb-scraper/data/large-cys-his-datasets/4cys-large/output/xyz_files/5v9i_ZN_homo_d2.60_cluster10.xyz,177.89,22.413,,-173.07,19.830,,-152.35,22.793,,-176.72,20.557,
5v9i_ZN_homo_d2.60_cluster11,2,#2ca02c,1,5v9i_ZN_homo_d2.60_cluster11,20.8006,Cx1Cx3Cx4C-LLLH,-74.57,0.9786,0.5729,0.2340,0.2750,24.890,/Users/stetef/Documents/SLAC/pdb-scraper/data/large-cys-his-datasets/4cys-large/output/xyz_files/5v9i_ZN_homo_d2.60_cluster11.xyz,-86.19,26.020,,90.86,22.793,,-136.33,27.473,,-166.64,21.967,
5v9i_ZN_homo_d2.60_cluster12,5,#c49c94,1,5v9i_ZN_homo_d2.60_cluster12,30.2652,Cx52Cx1Cx4C-LLLL,14.02,0.9956,0.6857,0.2340,0.2750,28.390,/Users/stetef/Documents/SLAC/pdb-scraper/data/large-cys-his-datasets/4cys-large/output/xyz_files/5v9i_ZN_homo_d2.60_cluster12.xyz,138.90,27.373,,99.36,28.950,,-70.93,30.543,,-111.24,28.987,
5v9i_ZN_homo_d2.60_cluster13,0,#1f77b4,1,5v9i_ZN_homo_d2.60_cluster13,6.6459,Cx12Cx29Cx3C-LHLL,38.41,0.9813,0.5109,0.2340,0.2750,19.110,/Users/stetef/Documents/SLAC/pdb-scraper/data/large-cys-his-datasets/4cys-large/output/xyz_files/5v9i_ZN_homo_d2.60_cluster13.xyz,135.87,16.020,,-142.62,19.197,,72.97,15.443,,87.43,17.413,
5v9i_ZN_homo_d2.60_cluster14,0,#1f77b4,1,5v9i_ZN_homo_d2.60_cluster14,43.2175,Cx36Cx5Cx3C-LLLL,-171.67,0.9929,0.7718,0.2340,0.2750,19.240,/Users/stetef/Documents/SLAC/pdb-scraper/data/large-cys-his-datasets/4cys-large/output/xyz_files/5v9i_ZN_homo_d2.60_cluster14.xyz,-174.89,17.990,,-162.69,16.560,,-172.00,17.527,,-177.12,15.443,
5v9i_ZN_homo_d2.60_cluster15,5,#c49c94,1,5v9i_ZN_homo_d2.60_cluster15,21.4113,Cx1Cx3Cx4C-LLLH,-74.20,0.9890,0.5888,0.2340,0.2750,19.450,/Users/stetef/Documents/SLAC/pdb-scraper/data/large-cys-his-datasets/4cys-large/output/xyz_files/5v9i_ZN_homo_d2.60_cluster15.xyz,-82.47,18.847,,-167.54,17.413,,-131.92,20.380,,85.12,16.560,
5v9i_ZN_homo_d2.60_cluster16,0,#1f77b4,1,5v9i_ZN_homo_d2.60_cluster16,30.2151,Cx52Cx1Cx4C-LLLL,13.72,0.9960,0.6943,0.2340,0.2750,27.160,/Users/stetef/Documents/SLAC/pdb-scraper/data/large-cys-his-datasets/4cys-large/output/xyz_files/5v9i_ZN_homo_d2.60_cluster16.xyz,137.59,28.403,,-65.29,29.220,,-114.45,25.337,,97.04,27.997,
5v9i_ZN_homo_d2.60_cluster2,3,#d62728,1,5v9i_ZN_homo_d2.60_cluster2,43.5298,Cx36Cx5Cx3C-LLLL,-170.24,0.9874,0.7597,0.2340,0.2750,32.180,/Users/stetef/Documents/SLAC/pdb-scraper/data/large-cys-his-datasets/4cys-large/output/xyz_files/5v9i_ZN_homo_d2.60_cluster2.xyz,-178.41,32.600,,-171.63,29.530,,-176.81,29.917,,-154.09,33.197,
5v9i_ZN_homo_d2.60_cluster3,2,#2ca02c,1,5v9i_ZN_homo_d2.60_cluster3,20.6252,Cx1Cx3Cx4C-LLLH,-72.76,0.9705,0.5487,0.2340,0.2750,36.010,/Users/stetef/Documents/SLAC/pdb-scraper/data/large-cys-his-datasets/4cys-large/output/xyz_files/5v9i_ZN_homo_d2.60_cluster3.xyz,93.83,33.197,,-81.33,37.177,,-163.85,31.920,,-139.67,38.050,
5v9i_ZN_homo_d2.60_cluster4,0,#1f77b4,1,5v9i_ZN_homo_d2.60_cluster4,30.4479,Cx52Cx1Cx4C-LLLL,17.41,0.9926,0.6899,0.2340,0.2750,40.850,/Users/stetef/Documents/SLAC/pdb-scraper/data/large-cys-his-datasets/4cys-large/output/xyz_files/5v9i_ZN_homo_d2.60_cluster4.xyz,137.11,33.253,,-59.76,39.873,,-106.62,38.513,,98.91,42.123,
5v9i_ZN_homo_d2.60_cluster5,7,#c7c7c7,1,5v9i_ZN_homo_d2.60_cluster5,6.3918,Cx12Cx29Cx3C-LHLL,40.03,0.9806,0.5063,0.2340,0.2750,18.770,/Users/stetef/Documents/SLAC/pdb-scraper/data/large-cys-his-datasets/4cys-large/output/xyz_files/5v9i_ZN_homo_d2.60_cluster5.xyz,136.07,19.783,,-142.58,18.863,,75.65,16.280,,90.99,17.997,
5v9i_ZN_homo_d2.60_cluster6,5,#c49c94,1,5v9i_ZN_homo_d2.60_cluster6,43.3427,Cx36Cx5Cx3C-LLLL,-170.35,0.9884,0.7568,0.2340,0.2750,19.750,/Users/stetef/Documents/SLAC/pdb-scraper/data/large-cys-his-datasets/4cys-large/output/xyz_files/5v9i_ZN_homo_d2.60_cluster6.xyz,-173.95,18.653,,-175.05,18.323,,-174.96,16.280,,-157.44,20.007,
5v9i_ZN_homo_d2.60_cluster7,5,#c49c94,1,5v9i_ZN_homo_d2.60_cluster7,21.9973,Cx1Cx3Cx4C-LLLH,-70.19,0.9847,0.5916,0.2340,0.2750,19.260,/Users/stetef/Documents/SLAC/pdb-scraper/data/large-cys-his-datasets/4cys-large/output/xyz_files/5v9i_ZN_homo_d2.60_cluster7.xyz,92.50,20.007,,-83.76,20.800,,-161.73,17.997,,-127.78,20.610,
5v9i_ZN_homo_d2.60_cluster8,0,#1f77b4,1,5v9i_ZN_homo_d2.60_cluster8,29.8521,Cx52Cx1Cx4C-LLLL,14.83,0.9975,0.6831,0.2340,0.2750,24.910,/Users/stetef/Documents/SLAC/pdb-scraper/data/large-cys-his-datasets/4cys-large/output/xyz_files/5v9i_ZN_homo_d2.60_cluster8.xyz,137.16,23.943,,-71.29,26.947,,98.96,24.513,,-105.51,25.120,
5v9i_ZN_homo_d2.60_cluster9,0,#1f77b4,1,5v9i_ZN_homo_d2.60_cluster9,6.7827,Cx12Cx29Cx3C-LHLL,37.75,0.9712,0.5089,0.2340,0.2750,22.110,/Users/stetef/Documents/SLAC/pdb-scraper/data/large-cys-his-datasets/4cys-large/output/xyz_files/5v9i_ZN_homo_d2.60_cluster9.xyz,136.82,20.153,,-146.43,22.827,,69.32,20.557,,91.29,21.967,
5v9j_ZN_homo_d2.60_cluster1,5,#c49c94,1,5v9j_ZN_homo_d2.60_cluster1,7.0076,Cx12Cx29Cx3C-LHLL,37.54,0.9740,0.5089,0.1740,0.1970,15.990,/Users/stetef/Documents/SLAC/pdb-scraper/data/large-cys-his-datasets/4cys-large/output/xyz_files/5v9j_ZN_homo_d2.60_cluster1.xyz,-140.60,15.323,,64.91,14.043,,136.65,16.077,,89.19,16.300,
5v9j_ZN_homo_d2.60_cluster2,2,#2ca02c,1,5v9j_ZN_homo_d2.60_cluster2,43.6120,Cx36Cx5Cx3C-LLLL,-84.34,0.9935,0.7546,0.1740,0.1970,14.870,/Users/stetef/Documents/SLAC/pdb-scraper/data/large-cys-his-datasets/4cys-large/output/xyz_files/5v9j_ZN_homo_d2.60_cluster2.xyz,-177.42,15.543,,-173.90,16.763,,-161.78,17.153,,175.74,14.043,
5v9j_ZN_homo_d2.60_cluster3,0,#1f77b4,1,5v9j_ZN_homo_d2.60_cluster3,21.8761,Cx1Cx3Cx4C-LLLH,-72.37,0.9906,0.5704,0.1740,0.1970,16.400,/Users/stetef/Documents/SLAC/pdb-scraper/data/large-cys-his-datasets/4cys-large/output/xyz_files/5v9j_ZN_homo_d2.60_cluster3.xyz,-83.70,17.350,,-130.28,19.480,,87.12,17.153,,-162.64,16.300,
5v9j_ZN_homo_d2.60_cluster4,0,#1f77b4,1,5v9j_ZN_homo_d2.60_cluster4,29.7572,Cx52Cx1Cx4C-LLLL,15.68,0.9891,0.6812,0.1740,0.1970,24.230,/Users/stetef/Documents/SLAC/pdb-scraper/data/large-cys-his-datasets/4cys-large/output/xyz_files/5v9j_ZN_homo_d2.60_cluster4.xyz,98.39,24.320,,141.20,29.970,,-70.58,26.597,,-106.30,21.980,
5v9j_ZN_homo_d2.60_cluster5,1,#ff7f0e,1,5v9j_ZN_homo_d2.60_cluster5,6.6293,Cx12Cx29Cx3C-LHLL,36.48,0.9786,0.5084,0.1740,0.1970,15.930,/Users/stetef/Documents/SLAC/pdb-scraper/data/large-cys-his-datasets/4cys-large/output/xyz_files/5v9j_ZN_homo_d2.60_cluster5.xyz,135.89,14.763,,65.08,14.663,,-142.86,16.450,,87.80,15.600,
5v9j_ZN_homo_d2.60_cluster6,2,#2ca02c,1,5v9j_ZN_homo_d2.60_cluster6,43.8287,Cx36Cx5Cx3C-LLLL,-83.02,0.9941,0.7489,0.1740,0.1970,15.780,/Users/stetef/Documents/SLAC/pdb-scraper/data/large-cys-his-datasets/4cys-large/output/xyz_files/5v9j_ZN_homo_d2.60_cluster6.xyz,-174.38,15.980,,-175.56,15.747,,-159.08,15.940,,176.96,14.663,
5v9j_ZN_homo_d2.60_cluster7,0,#1f77b4,1,5v9j_ZN_homo_d2.60_cluster7,22.0990,Cx1Cx3Cx4C-LLLH,-71.75,0.9894,0.5917,0.1740,0.1970,15.960,/Users/stetef/Documents/SLAC/pdb-scraper/data/large-cys-his-datasets/4cys-large/output/xyz_files/5v9j_ZN_homo_d2.60_cluster7.xyz,-128.37,16.150,,-85.58,16.060,,87.50,15.940,,-160.56,15.600,
5v9j_ZN_homo_d2.60_cluster8,3,#d62728,1,5v9j_ZN_homo_d2.60_cluster8,30.4422,Cx52Cx1Cx4C-LLLL,16.92,0.9808,0.6925,0.1740,0.1970,18.300,/Users/stetef/Documents/SLAC/pdb-scraper/data/large-cys-his-datasets/4cys-large/output/xyz_files/5v9j_ZN_homo_d2.60_cluster8.xyz,144.17,19.583,,100.54,19.063,,-72.11,18.033,,-104.93,17.217,
5vab_ZN_homo_d2.60_cluster2,2,#2ca02c,1,5vab_ZN_homo_d2.60_cluster2,16.9862,Cx2Cx22Cx2C-LLLL,57.57,0.9949,0.5452,0.1500,0.1790,14.940,/Users/stetef/Documents/SLAC/pdb-scraper/data/large-cys-his-datasets/4cys-large/output/xyz_files/5vab_ZN_homo_d2.60_cluster2.xyz,-126.18,15.817,,90.16,12.837,,175.78,12.170,,90.51,14.083,
5vdc_ZN_homo_d2.60_cluster2,0,#1f77b4,1,5vdc_ZN_homo_d2.60_cluster2,19.2525,Cx2Cx25Cx2C-LLLL,58.46,0.9938,0.5171,0.1430,0.1910,31.320,/Users/stetef/Documents/SLAC/pdb-scraper/data/large-cys-his-datasets/4cys-large/output/xyz_files/5vdc_ZN_homo_d2.60_cluster2.xyz,87.16,34.330,,88.22,29.513,,177.46,29.887,,-119.01,31.287,
5vdc_ZN_homo_d2.60_cluster3,5,#c49c94,1,5vdc_ZN_homo_d2.60_cluster3,10.4470,Cx2Cx22Cx2C-LLHH,59.87,0.9949,0.4955,0.1430,0.1910,25.310,/Users/stetef/Documents/SLAC/pdb-scraper/data/large-cys-his-datasets/4cys-large/output/xyz_files/5vdc_ZN_homo_d2.60_cluster3.xyz,-114.09,27.617,,172.82,24.253,,95.84,23.457,,84.93,26.513,
5vj5_ZN_homo_d2.60_cluster2,1,#ff7f0e,1,5vj5_ZN_homo_d2.60_cluster2,29.4970,Cx2Cx2Cx7C-LHHL,-5.43,0.9714,0.8150,0.2490,0.2950,32.310,/Users/stetef/Documents/SLAC/pdb-scraper/data/large-cys-his-datasets/4cys-large/output/xyz_files/5vj5_ZN_homo_d2.60_cluster2.xyz,-106.64,28.777,,62.51,32.160,,92.48,37.137,,-70.06,29.510,
5vkr_ZN_homo_d2.60_cluster2,6,#f7b6d2,1,5vkr_ZN_homo_d2.60_cluster2,30.2873,Cx2Cx2Cx7C-LHHL,-1.96,0.9802,0.8123,0.1920,0.2480,44.340,/Users/stetef/Documents/SLAC/pdb-scraper/data/large-cys-his-datasets/4cys-large/output/xyz_files/5vkr_ZN_homo_d2.60_cluster2.xyz,-106.95,41.423,,90.52,48.390,,72.70,46.363,,-64.10,41.913,
5vkt_ZN_homo_d2.60_cluster3,8,#dbdb8d,1,5vkt_ZN_homo_d2.60_cluster3,30.6406,Cx2Cx2Cx7C-LHHH,-11.05,0.9736,0.8132,0.1640,0.1870,22.590,/Users/stetef/Documents/SLAC/pdb-scraper/data/large-cys-his-datasets/4cys-large/output/xyz_files/5vkt_ZN_homo_d2.60_cluster3.xyz,-95.29,20.470,,91.78,28.973,,71.75,26.047,,-112.42,19.627,
5vl0_ZN_homo_d2.60_cluster2,5,#c49c94,1,5vl0_ZN_homo_d2.60_cluster2,28.2356,Cx2Cx2Cx7C-LHHL,-4.08,0.9793,0.7975,0.1590,0.1990,15.370,/Users/stetef/Documents/SLAC/pdb-scraper/data/large-cys-his-datasets/4cys-large/output/xyz_files/5vl0_ZN_homo_d2.60_cluster2.xyz,-65.72,14.443,,-112.02,16.640,,67.36,16.287,,94.05,17.403,
5vl0_ZN_homo_d2.60_cluster4,1,#ff7f0e,1,5vl0_ZN_homo_d2.60_cluster4,29.1527,Cx2Cx2Cx7C-LHHL,-3.85,0.9778,0.8068,0.1590,0.1990,17.200,/Users/stetef/Documents/SLAC/pdb-scraper/data/large-cys-his-datasets/4cys-large/output/xyz_files/5vl0_ZN_homo_d2.60_cluster4.xyz,90.94,18.537,,-66.08,16.307,,69.57,17.727,,-109.84,17.213,
5vl0_ZN_homo_d2.60_cluster6,5,#c49c94,1,5vl0_ZN_homo_d2.60_cluster6,28.5741,Cx2Cx2Cx7C-LHHL,-4.33,0.9781,0.8065,0.1590,0.1990,17.120,/Users/stetef/Documents/SLAC/pdb-scraper/data/large-cys-his-datasets/4cys-large/output/xyz_files/5vl0_ZN_homo_d2.60_cluster6.xyz,-67.13,15.977,,68.25,19.213,,95.00,19.117,,-113.44,17.897,
5vl0_ZN_homo_d2.60_cluster8,6,#f7b6d2,1,5vl0_ZN_homo_d2.60_cluster8,28.8362,Cx2Cx2Cx7C-LHHL,-4.21,0.9776,0.7983,0.1590,0.1990,16.100,/Users/stetef/Documents/SLAC/pdb-scraper/data/large-cys-his-datasets/4cys-large/output/xyz_files/5vl0_ZN_homo_d2.60_cluster8.xyz,-109.58,16.737,,92.99,17.657,,-68.03,15.063,,67.78,16.810,
5vm2_ZN_homo_d2.60_cluster1,1,#ff7f0e,1,5vm2_ZN_homo_d2.60_cluster1,30.6908,Cx2Cx2Cx7C-LHHH,-11.21,0.9831,0.8261,0.1830,0.2250,34.530,/Users/stetef/Documents/SLAC/pdb-scraper/data/large-cys-his-datasets/4cys-large/output/xyz_files/5vm2_ZN_homo_d2.60_cluster1.xyz,-99.01,33.967,,91.46,37.737,,68.88,37.427,,-106.17,35.343,
5vm2_ZN_homo_d2.60_cluster2,5,#c49c94,1,5vm2_ZN_homo_d2.60_cluster2,30.7317,Cx2Cx2Cx7C-LHHH,-12.63,0.9870,0.8200,0.1830,0.2250,36.360,/Users/stetef/Documents/SLAC/pdb-scraper/data/large-cys-his-datasets/4cys-large/output/xyz_files/5vm2_ZN_homo_d2.60_cluster2.xyz,-104.89,33.797,,64.48,39.080,,-105.39,31.953,,95.27,38.780,
5vn1_ZN_homo_d2.60_cluster2,5,#c49c94,1,5vn1_ZN_homo_d2.60_cluster2,28.6840,Cx2Cx2Cx7C-LHHL,-3.72,0.9792,0.8021,0.1520,0.1870,20.110,/Users/stetef/Documents/SLAC/pdb-scraper/data/large-cys-his-datasets/4cys-large/output/xyz_files/5vn1_ZN_homo_d2.60_cluster2.xyz,-67.49,19.163,,70.30,21.230,,-111.66,20.277,,93.96,21.950,
5vn1_ZN_homo_d2.60_cluster4,7,#c7c7c7,1,5vn1_ZN_homo_d2.60_cluster4,28.7925,Cx2Cx2Cx7C-LHHL,-3.54,0.9787,0.8083,0.1520,0.1870,21.860,/Users/stetef/Documents/SLAC/pdb-scraper/data/large-cys-his-datasets/4cys-large/output/xyz_files/5vn1_ZN_homo_d2.60_cluster4.xyz,92.58,24.353,,-65.51,20.943,,-109.37,21.937,,68.15,22.873,
5vn1_ZN_homo_d2.60_cluster6,5,#c49c94,1,5vn1_ZN_homo_d2.60_cluster6,28.7889,Cx2Cx2Cx7C-LHHL,-2.97,0.9790,0.8029,0.1520,0.1870,21.270,/Users/stetef/Documents/SLAC/pdb-scraper/data/large-cys-his-datasets/4cys-large/output/xyz_files/5vn1_ZN_homo_d2.60_cluster6.xyz,-65.28,19.880,,70.58,22.667,,-111.51,21.147,,94.34,23.653,
5vn1_ZN_homo_d2.60_cluster8,7,#c7c7c7,1,5vn1_ZN_homo_d2.60_cluster8,28.4819,Cx2Cx2Cx7C-LHHL,-3.81,0.9780,0.7982,0.1520,0.1870,20.640,/Users/stetef/Documents/SLAC/pdb-scraper/data/large-cys-his-datasets/4cys-large/output/xyz_files/5vn1_ZN_homo_d2.60_cluster8.xyz,92.74,22.420,,-107.07,20.960,,-67.23,19.243,,66.31,22.703,
5vsc_ZN_homo_d2.60_cluster1,0,#1f77b4,1,5vsc_ZN_homo_d2.60_cluster1,43.2794,Cx36Cx5Cx3C-LLLL,5.40,0.9926,0.7515,0.1660,0.1820,17.050,/Users/stetef/Documents/SLAC/pdb-scraper/data/large-cys-his-datasets/4cys-large/output/xyz_files/5vsc_ZN_homo_d2.60_cluster1.xyz,179.00,19.320,,-173.45,19.293,,-161.43,20.897,,177.47,17.697,
5vsc_ZN_homo_d2.60_cluster2,0,#1f77b4,1,5vsc_ZN_homo_d2.60_cluster2,6.8048,Cx12Cx29Cx3C-LHLL,37.79,0.9784,0.5155,0.1660,0.1820,17.660,/Users/stetef/Documents/SLAC/pdb-scraper/data/large-cys-his-datasets/4cys-large/output/xyz_files/5vsc_ZN_homo_d2.60_cluster2.xyz,68.24,17.697,,137.52,17.813,,88.28,19.110,,-142.90,23.827,
5vsc_ZN_homo_d2.60_cluster3,5,#c49c94,1,5vsc_ZN_homo_d2.60_cluster3,22.0561,Cx1Cx3Cx4C-LLLH,-73.19,0.9877,0.6029,0.1660,0.1820,18.320,/Users/stetef/Documents/SLAC/pdb-scraper/data/large-cys-his-datasets/4cys-large/output/xyz_files/5vsc_ZN_homo_d2.60_cluster3.xyz,-132.90,22.417,,-84.01,23.550,,-163.33,19.110,,87.49,20.897,
5vsc_ZN_homo_d2.60_cluster4,0,#1f77b4,1,5vsc_ZN_homo_d2.60_cluster4,29.0166,Cx52Cx1Cx4C-LLLL,16.59,0.9958,0.6806,0.1660,0.1820,25.950,/Users/stetef/Documents/SLAC/pdb-scraper/data/large-cys-his-datasets/4cys-large/output/xyz_files/5vsc_ZN_homo_d2.60_cluster4.xyz,-66.96,31.860,,145.30,28.600,,99.59,31.517,,-111.58,33.357,
5vsc_ZN_homo_d2.60_cluster5,0,#1f77b4,1,5vsc_ZN_homo_d2.60_cluster5,43.5129,Cx36Cx5Cx3C-LLLL,-83.55,0.9933,0.7537,0.1660,0.1820,18.920,/Users/stetef/Documents/SLAC/pdb-scraper/data/large-cys-his-datasets/4cys-large/output/xyz_files/5vsc_ZN_homo_d2.60_cluster5.xyz,-159.12,21.880,,-173.79,20.197,,177.48,18.097,,-178.76,21.467,
5vsc_ZN_homo_d2.60_cluster6,2,#2ca02c,1,5vsc_ZN_homo_d2.60_cluster6,7.0977,Cx12Cx29Cx3C-LHLL,38.01,0.9730,0.5138,0.1660,0.1820,18.870,/Users/stetef/Documents/SLAC/pdb-scraper/data/large-cys-his-datasets/4cys-large/output/xyz_files/5vsc_ZN_homo_d2.60_cluster6.xyz,138.54,19.370,,89.18,20.887,,-143.39,19.813,,67.71,18.097,
5vsc_ZN_homo_d2.60_cluster7,0,#1f77b4,1,5vsc_ZN_homo_d2.60_cluster7,20.9125,Cx1Cx3Cx4C-LLLH,-72.96,0.9910,0.5772,0.1660,0.1820,20.060,/Users/stetef/Documents/SLAC/pdb-scraper/data/large-cys-his-datasets/4cys-large/output/xyz_files/5vsc_ZN_homo_d2.60_cluster7.xyz,-132.45,24.140,,-83.80,24.407,,-163.40,20.887,,87.82,21.880,
5vsc_ZN_homo_d2.60_cluster8,0,#1f77b4,1,5vsc_ZN_homo_d2.60_cluster8,29.7783,Cx52Cx1Cx4C-LLLL,16.38,0.9946,0.6945,0.1660,0.1820,24.730,/Users/stetef/Documents/SLAC/pdb-scraper/data/large-cys-his-datasets/4cys-large/output/xyz_files/5vsc_ZN_homo_d2.60_cluster8.xyz,-70.27,28.010,,145.72,22.400,,99.31,25.987,,-109.22,26.640,
5vsd_ZN_homo_d2.60_cluster1,5,#c49c94,1,5vsd_ZN_homo_d2.60_cluster1,6.0990,Cx12Cx29Cx3C-LHLL,41.93,0.9677,0.5078,0.1940,0.2350,22.340,/Users/stetef/Documents/SLAC/pdb-scraper/data/large-cys-his-datasets/4cys-large/output/xyz_files/5vsd_ZN_homo_d2.60_cluster1.xyz,146.27,16.673,,-140.99,20.877,,72.44,19.913,,90.01,21.780,
5vsd_ZN_homo_d2.60_cluster2,3,#d62728,1,5vsd_ZN_homo_d2.60_cluster2,43.6820,Cx36Cx5Cx3C-LLLL,-171.03,0.9890,0.7490,0.1940,0.2350,22.070,/Users/stetef/Documents/SLAC/pdb-scraper/data/large-cys-his-datasets/4cys-large/output/xyz_files/5vsd_ZN_homo_d2.60_cluster2.xyz,-175.15,21.060,,-174.95,22.220,,-178.91,19.913,,-155.10,21.710,
5vsd_ZN_homo_d2.60_cluster3,5,#c49c94,1,5vsd_ZN_homo_d2.60_cluster3,21.2004,Cx1Cx3Cx4C-LLLH,-73.41,0.9914,0.5722,0.1940,0.2350,21.650,/Users/stetef/Documents/SLAC/pdb-scraper/data/large-cys-his-datasets/4cys-large/output/xyz_files/5vsd_ZN_homo_d2.60_cluster3.xyz,86.77,21.710,,-161.49,21.780,,-130.79,21.037,,-88.13,21.140,
5vsd_ZN_homo_d2.60_cluster4,5,#c49c94,1,5vsd_ZN_homo_d2.60_cluster4,30.6807,Cx52Cx1Cx4C-LLLL,13.99,0.9859,0.6872,0.1940,0.2350,22.830,/Users/stetef/Documents/SLAC/pdb-scraper/data/large-cys-his-datasets/4cys-large/output/xyz_files/5vsd_ZN_homo_d2.60_cluster4.xyz,-106.81,25.033,,100.66,21.430,,-81.28,26.110,,143.38,24.817,
5vsd_ZN_homo_d2.60_cluster5,7,#c7c7c7,1,5vsd_ZN_homo_d2.60_cluster5,6.9133,Cx12Cx29Cx3C-LHLL,41.40,0.9689,0.5060,0.1940,0.2350,23.170,/Users/stetef/Documents/SLAC/pdb-scraper/data/large-cys-his-datasets/4cys-large/output/xyz_files/5vsd_ZN_homo_d2.60_cluster5.xyz,-145.38,24.963,,92.80,21.583,,143.43,22.840,,74.77,21.690,
5vsd_ZN_homo_d2.60_cluster6,8,#dbdb8d,1,5vsd_ZN_homo_d2.60_cluster6,43.4087,Cx36Cx5Cx3C-LLLL,-85.48,0.9901,0.7401,0.1940,0.2350,21.510,/Users/stetef/Documents/SLAC/pdb-scraper/data/large-cys-his-datasets/4cys-large/output/xyz_files/5vsd_ZN_homo_d2.60_cluster6.xyz,-178.49,21.690,,178.88,21.693,,-164.18,22.483,,-178.15,20.970,
5vsd_ZN_homo_d2.60_cluster7,3,#d62728,1,5vsd_ZN_homo_d2.60_cluster7,20.8649,Cx1Cx3Cx4C-LLLH,-74.43,0.9832,0.5561,0.1940,0.2350,23.320,/Users/stetef/Documents/SLAC/pdb-scraper/data/large-cys-his-datasets/4cys-large/output/xyz_files/5vsd_ZN_homo_d2.60_cluster7.xyz,-92.13,24.360,,88.10,22.483,,-132.64,27.867,,-161.06,21.583,
5vsd_ZN_homo_d2.60_cluster8,1,#ff7f0e,1,5vsd_ZN_homo_d2.60_cluster8,29.8499,Cx52Cx1Cx4C-LLLL,15.35,0.9930,0.6869,0.1940,0.2350,30.280,/Users/stetef/Documents/SLAC/pdb-scraper/data/large-cys-his-datasets/4cys-large/output/xyz_files/5vsd_ZN_homo_d2.60_cluster8.xyz,141.34,31.863,,101.65,28.257,,-79.38,33.623,,-102.20,28.090,
5vse_ZN_homo_d2.60_cluster1,1,#ff7f0e,1,5vse_ZN_homo_d2.60_cluster1,43.5242,Cx36Cx5Cx3C-LLLL,-83.28,0.9905,0.7554,0.1690,0.1910,24.860,/Users/stetef/Documents/SLAC/pdb-scraper/data/large-cys-his-datasets/4cys-large/output/xyz_files/5vse_ZN_homo_d2.60_cluster1.xyz,-175.32,25.933,,-162.07,30.283,,-174.01,27.000,,178.26,22.200,
5vse_ZN_homo_d2.60_cluster2,8,#dbdb8d,1,5vse_ZN_homo_d2.60_cluster2,6.6159,Cx12Cx29Cx3C-LHLL,39.70,0.9736,0.5187,0.1690,0.1910,27.170,/Users/stetef/Documents/SLAC/pdb-scraper/data/large-cys-his-datasets/4cys-large/output/xyz_files/5vse_ZN_homo_d2.60_cluster2.xyz,68.43,22.200,,-141.06,46.440,,138.37,26.217,,93.07,28.883,
5vse_ZN_homo_d2.60_cluster3,5,#c49c94,1,5vse_ZN_homo_d2.60_cluster3,21.2803,Cx1Cx3Cx4C-LLLH,-70.94,0.9894,0.6019,0.1690,0.1910,27.740,/Users/stetef/Documents/SLAC/pdb-scraper/data/large-cys-his-datasets/4cys-large/output/xyz_files/5vse_ZN_homo_d2.60_cluster3.xyz,-129.85,29.063,,-161.53,28.883,,-81.74,38.653,,89.35,30.283,
5vse_ZN_homo_d2.60_cluster4,8,#dbdb8d,1,5vse_ZN_homo_d2.60_cluster4,28.3148,Cx52Cx1Cx4C-LLLL,12.69,0.9997,0.6641,0.1690,0.1910,33.510,/Users/stetef/Documents/SLAC/pdb-scraper/data/large-cys-his-datasets/4cys-large/output/xyz_files/5vse_ZN_homo_d2.60_cluster4.xyz,-76.13,44.157,,99.36,39.973,,140.91,36.710,,-113.38,40.907,
5vse_ZN_homo_d2.60_cluster5,0,#1f77b4,1,5vse_ZN_homo_d2.60_cluster5,44.4511,Cx36Cx5Cx3C-LLLL,-82.54,0.9902,0.7580,0.1690,0.1910,27.550,/Users/stetef/Documents/SLAC/pdb-scraper/data/large-cys-his-datasets/4cys-large/output/xyz_files/5vse_ZN_homo_d2.60_cluster5.xyz,177.85,25.763,,-174.74,31.627,,-176.91,31.013,,-156.34,36.133,
5vse_ZN_homo_d2.60_cluster6,5,#c49c94,1,5vse_ZN_homo_d2.60_cluster6,6.9489,Cx12Cx29Cx3C-LHLL,40.06,0.9741,0.5170,0.1690,0.1910,27.880,/Users/stetef/Documents/SLAC/pdb-scraper/data/large-cys-his-datasets/4cys-large/output/xyz_files/5vse_ZN_homo_d2.60_cluster6.xyz,93.28,30.390,,139.35,27.463,,-142.52,31.427,,70.13,25.763,
5vse_ZN_homo_d2.60_cluster7,3,#d62728,1,5vse_ZN_homo_d2.60_cluster7,20.0408,Cx1Cx3Cx4C-LLLH,-72.23,0.9911,0.5713,0.1690,0.1910,29.780,/Users/stetef/Documents/SLAC/pdb-scraper/data/large-cys-his-datasets/4cys-large/output/xyz_files/5vse_ZN_homo_d2.60_cluster7.xyz,-132.24,38.053,,89.83,36.133,,-84.66,34.153,,-161.86,30.390,
5vse_ZN_homo_d2.60_cluster8,0,#1f77b4,1,5vse_ZN_homo_d2.60_cluster8,29.3413,Cx52Cx1Cx4C-LLLL,13.63,0.9942,0.6741,0.1690,0.1910,33.660,/Users/stetef/Documents/SLAC/pdb-scraper/data/large-cys-his-datasets/4cys-large/output/xyz_files/5vse_ZN_homo_d2.60_cluster8.xyz,-80.86,37.360,,143.28,32.827,,101.22,38.723,,-109.13,36.167,
5vsf_ZN_homo_d2.60_cluster1,5,#c49c94,1,5vsf_ZN_homo_d2.60_cluster1,5.9712,Cx12Cx29Cx3C-LHLL,39.44,0.9809,0.5077,0.1620,0.1850,17.150,/Users/stetef/Documents/SLAC/pdb-scraper/data/large-cys-his-datasets/4cys-large/output/xyz_files/5vsf_ZN_homo_d2.60_cluster1.xyz,137.38,15.273,,-138.07,15.880,,89.04,15.320,,69.43,15.753,
5vsf_ZN_homo_d2.60_cluster2,5,#c49c94,1,5vsf_ZN_homo_d2.60_cluster2,43.5567,Cx36Cx5Cx3C-LLLL,-83.93,0.9934,0.7532,0.1620,0.1850,16.540,/Users/stetef/Documents/SLAC/pdb-scraper/data/large-cys-his-datasets/4cys-large/output/xyz_files/5vsf_ZN_homo_d2.60_cluster2.xyz,-176.20,17.190,,-177.62,18.403,,-159.57,16.210,,177.67,15.753,
5vsf_ZN_homo_d2.60_cluster3,2,#2ca02c,1,5vsf_ZN_homo_d2.60_cluster3,22.0620,Cx1Cx3Cx4C-LLLH,-71.37,0.9919,0.5886,0.1620,0.1850,16.930,/Users/stetef/Documents/SLAC/pdb-scraper/data/large-cys-his-datasets/4cys-large/output/xyz_files/5vsf_ZN_homo_d2.60_cluster3.xyz,-130.15,17.923,,85.96,16.210,,-81.67,16.800,,-159.62,15.320,
5vsf_ZN_homo_d2.60_cluster4,3,#d62728,1,5vsf_ZN_homo_d2.60_cluster4,30.4639,Cx52Cx1Cx4C-LLLL,16.55,0.9875,0.6980,0.1620,0.1850,20.070,/Users/stetef/Documents/SLAC/pdb-scraper/data/large-cys-his-datasets/4cys-large/output/xyz_files/5vsf_ZN_homo_d2.60_cluster4.xyz,-68.11,19.547,,98.80,20.797,,141.72,20.543,,-106.21,19.370,
5vsf_ZN_homo_d2.60_cluster5,1,#ff7f0e,1,5vsf_ZN_homo_d2.60_cluster5,7.1046,Cx12Cx29Cx3C-LHLL,39.26,0.9698,0.5106,0.1620,0.1850,17.910,/Users/stetef/Documents/SLAC/pdb-scraper/data/large-cys-his-datasets/4cys-large/output/xyz_files/5vsf_ZN_homo_d2.60_cluster5.xyz,138.23,18.327,,-142.10,16.933,,91.81,19.230,,69.12,16.073,
5vsf_ZN_homo_d2.60_cluster6,3,#d62728,1,5vsf_ZN_homo_d2.60_cluster6,43.6727,Cx36Cx5Cx3C-LLLL,-84.52,0.9930,0.7569,0.1620,0.1850,16.900,/Users/stetef/Documents/SLAC/pdb-scraper/data/large-cys-his-datasets/4cys-large/output/xyz_files/5vsf_ZN_homo_d2.60_cluster6.xyz,-178.06,17.897,,-175.80,18.513,,178.30,16.073,,-162.53,17.277,
5vsf_ZN_homo_d2.60_cluster7,0,#1f77b4,1,5vsf_ZN_homo_d2.60_cluster7,21.3823,Cx1Cx3Cx4C-LLLH,-73.05,0.9884,0.5701,0.1620,0.1850,18.400,/Users/stetef/Documents/SLAC/pdb-scraper/data/large-cys-his-datasets/4cys-large/output/xyz_files/5vsf_ZN_homo_d2.60_cluster7.xyz,-87.37,18.620,,-130.54,21.520,,-160.34,19.230,,86.04,17.277,
5vsf_ZN_homo_d2.60_cluster8,5,#c49c94,1,5vsf_ZN_homo_d2.60_cluster8,29.8535,Cx52Cx1Cx4C-LLLL,15.92,0.9894,0.6871,0.1620,0.1850,24.040,/Users/stetef/Documents/SLAC/pdb-scraper/data/large-cys-his-datasets/4cys-large/output/xyz_files/5vsf_ZN_homo_d2.60_cluster8.xyz,-70.29,28.500,,141.34,24.263,,98.82,22.947,,-106.17,22.700,
5vuj_ZN_homo_d2.60_cluster1,7,#c7c7c7,1,5vuj_ZN_homo_d2.60_cluster1,20.7602,Cx4C-Cx4C-LL-LL,42.33,0.9833,0.3189,0.1790,0.2310,32.710,/Users/stetef/Documents/SLAC/pdb-scraper/data/large-cys-his-datasets/4cys-large/output/xyz_files/5vuj_ZN_homo_d2.60_cluster1.xyz,151.16,38.660,,-63.29,33.987,,-70.57,40.437,,152.04,48.970,
5vuk_ZN_homo_d2.60_cluster1,7,#c7c7c7,1,5vuk_ZN_homo_d2.60_cluster1,19.3626,Cx4C-Cx4C-LL-LL,42.08,0.9533,0.3355,0.1910,0.2410,23.720,/Users/stetef/Documents/SLAC/pdb-scraper/data/large-cys-his-datasets/4cys-large/output/xyz_files/5vuk_ZN_homo_d2.60_cluster1.xyz,151.10,34.983,,-67.59,30.580,,152.42,30.463,,-67.61,30.007,
5vul_ZN_homo_d2.60_cluster1,1,#ff7f0e,1,5vul_ZN_homo_d2.60_cluster1,20.4753,Cx4C-Cx4C-LL-LL,41.48,0.9761,0.3214,0.1750,0.2130,32.680,/Users/stetef/Documents/SLAC/pdb-scraper/data/large-cys-his-datasets/4cys-large/output/xyz_files/5vul_ZN_homo_d2.60_cluster1.xyz,150.30,38.480,,-66.88,33.110,,-68.52,35.907,,151.03,41.390,
5vun_ZN_homo_d2.60_cluster1,7,#c7c7c7,1,5vun_ZN_homo_d2.60_cluster1,20.1399,Cx4C-Cx4C-LL-LL,42.71,0.9605,0.3381,0.1840,0.2170,28.090,/Users/stetef/Documents/SLAC/pdb-scraper/data/large-cys-his-datasets/4cys-large/output/xyz_files/5vun_ZN_homo_d2.60_cluster1.xyz,-65.30,31.880,,-63.79,32.207,,147.98,38.603,,151.93,36.567,
5vuo_ZN_homo_d2.60_cluster1,5,#c49c94,1,5vuo_ZN_homo_d2.60_cluster1,20.2995,Cx4C-Cx4C-LL-LL,43.21,0.9522,0.3446,0.1930,0.2280,31.230,/Users/stetef/Documents/SLAC/pdb-scraper/data/large-cys-his-datasets/4cys-large/output/xyz_files/5vuo_ZN_homo_d2.60_cluster1.xyz,-63.13,35.647,,150.38,37.857,,149.56,41.920,,-63.97,40.150,
5vup_ZN_homo_d2.60_cluster1,7,#c7c7c7,1,5vup_ZN_homo_d2.60_cluster1,20.9349,Cx4C-Cx4C-LL-LL,43.42,0.9741,0.3316,0.1900,0.2290,36.410,/Users/stetef/Documents/SLAC/pdb-scraper/data/large-cys-his-datasets/4cys-large/output/xyz_files/5vup_ZN_homo_d2.60_cluster1.xyz,-62.63,40.020,,151.55,41.877,,-70.36,40.543,,155.11,42.047,
5vur_ZN_homo_d2.60_cluster1,2,#2ca02c,1,5vur_ZN_homo_d2.60_cluster1,20.2331,Cx4C-Cx4C-LL-LL,40.34,0.9716,0.3248,0.1830,0.2390,26.490,/Users/stetef/Documents/SLAC/pdb-scraper/data/large-cys-his-datasets/4cys-large/output/xyz_files/5vur_ZN_homo_d2.60_cluster1.xyz,149.59,31.413,,-70.42,28.680,,152.19,25.520,,-69.99,29.697,
5vus_ZN_homo_d2.60_cluster1,1,#ff7f0e,1,5vus_ZN_homo_d2.60_cluster1,20.8335,Cx4C-Cx4C-LL-LL,41.00,0.9741,0.3224,0.1940,0.2450,46.570,/Users/stetef/Documents/SLAC/pdb-scraper/data/large-cys-his-datasets/4cys-large/output/xyz_files/5vus_ZN_homo_d2.60_cluster1.xyz,149.40,59.017,,-68.47,52.627,,147.73,54.693,,-64.68,50.797,
5vut_ZN_homo_d2.60_cluster1,5,#c49c94,1,5vut_ZN_homo_d2.60_cluster1,20.6361,Cx4C-Cx4C-LL-LL,43.14,0.9675,0.3421,0.2010,0.2380,36.400,/Users/stetef/Documents/SLAC/pdb-scraper/data/large-cys-his-datasets/4cys-large/output/xyz_files/5vut_ZN_homo_d2.60_cluster1.xyz,151.79,41.760,,-66.28,38.773,,-65.47,42.973,,152.52,40.590,
5vuu_ZN_homo_d2.60_cluster1,1,#ff7f0e,1,5vuu_ZN_homo_d2.60_cluster1,20.8828,Cx4C-Cx4C-LL-LL,42.19,0.9599,0.3430,0.1970,0.2440,46.050,/Users/stetef/Documents/SLAC/pdb-scraper/data/large-cys-his-datasets/4cys-large/output/xyz_files/5vuu_ZN_homo_d2.60_cluster1.xyz,146.21,49.313,,149.63,56.343,,-67.93,47.833,,-59.16,48.107,
5vuv_ZN_homo_d2.60_cluster1,7,#c7c7c7,1,5vuv_ZN_homo_d2.60_cluster1,20.3363,Cx4C-Cx4C-LL-LL,40.05,0.9712,0.3407,0.1890,0.2320,35.690,/Users/stetef/Documents/SLAC/pdb-scraper/data/large-cys-his-datasets/4cys-large/output/xyz_files/5vuv_ZN_homo_d2.60_cluster1.xyz,-69.74,34.523,,-68.88,33.923,,148.81,38.423,,149.99,37.987,
5vuz_ZN_homo_d2.60_cluster1,5,#c49c94,1,5vuz_ZN_homo_d2.60_cluster1,20.0958,Cx4C-Cx4C-LL-LL,43.38,0.9675,0.3339,0.1780,0.2140,30.880,/Users/stetef/Documents/SLAC/pdb-scraper/data/large-cys-his-datasets/4cys-large/output/xyz_files/5vuz_ZN_homo_d2.60_cluster1.xyz,-61.07,30.127,,148.75,33.223,,-68.43,32.403,,154.27,31.817,
5vv0_ZN_homo_d2.60_cluster1,5,#c49c94,1,5vv0_ZN_homo_d2.60_cluster1,19.5913,Cx4C-Cx4C-LL-LL,40.34,0.9591,0.3244,0.1800,0.2110,30.650,/Users/stetef/Documents/SLAC/pdb-scraper/data/large-cys-his-datasets/4cys-large/output/xyz_files/5vv0_ZN_homo_d2.60_cluster1.xyz,148.74,34.257,,152.59,32.907,,-66.31,34.320,,-73.66,33.540,
5vv1_ZN_homo_d2.60_cluster1,5,#c49c94,1,5vv1_ZN_homo_d2.60_cluster1,19.2263,Cx4C-Cx4C-LL-LL,39.56,0.9519,0.3314,0.1970,0.2400,33.130,/Users/stetef/Documents/SLAC/pdb-scraper/data/large-cys-his-datasets/4cys-large/output/xyz_files/5vv1_ZN_homo_d2.60_cluster1.xyz,146.74,38.103,,151.06,33.980,,-69.70,31.587,,-69.86,33.543,
5vv2_ZN_homo_d2.60_cluster1,2,#2ca02c,1,5vv2_ZN_homo_d2.60_cluster1,19.2715,Cx4C-Cx4C-LL-LL,41.13,0.9576,0.3229,0.1940,0.2350,35.110,/Users/stetef/Documents/SLAC/pdb-scraper/data/large-cys-his-datasets/4cys-large/output/xyz_files/5vv2_ZN_homo_d2.60_cluster1.xyz,150.18,34.363,,153.57,37.347,,-62.24,32.443,,-76.98,33.280,
5vv6_ZN_homo_d2.60_cluster1,1,#ff7f0e,1,5vv6_ZN_homo_d2.60_cluster1,19.5591,Cx4C-Cx4C-LL-LL,39.74,0.9814,0.2943,0.1730,0.2200,33.430,/Users/stetef/Documents/SLAC/pdb-scraper/data/large-cys-his-datasets/4cys-large/output/xyz_files/5vv6_ZN_homo_d2.60_cluster1.xyz,153.76,34.057,,-73.09,30.790,,152.01,33.147,,-73.70,33.050,
5vzv_ZN_homo_d2.60_cluster1,2,#2ca02c,1,5vzv_ZN_homo_d2.60_cluster1,11.0444,Cx2Cx21Cx2C-LLSH,57.31,0.9809,0.5020,0.1890,0.2210,18.930,/Users/stetef/Documents/SLAC/pdb-scraper/data/large-cys-his-datasets/4cys-large/output/xyz_files/5vzv_ZN_homo_d2.60_cluster1.xyz,-119.53,19.200,,96.29,14.773,,94.61,21.510,,157.87,15.847,
5vzv_ZN_homo_d2.60_cluster3,8,#dbdb8d,1,5vzv_ZN_homo_d2.60_cluster3,11.7384,Cx2Cx21Cx2C-LLSH,57.38,0.9717,0.5017,0.1890,0.2210,23.710,/Users/stetef/Documents/SLAC/pdb-scraper/data/large-cys-his-datasets/4cys-large/output/xyz_files/5vzv_ZN_homo_d2.60_cluster3.xyz,-122.53,21.030,,99.51,17.017,,93.51,33.923,,159.01,20.670,
5vzv_ZN_homo_d2.60_cluster5,8,#dbdb8d,1,5vzv_ZN_homo_d2.60_cluster5,11.6654,Cx2Cx21Cx2C-LLSH,56.92,0.9831,0.5163,0.1890,0.2210,17.840,/Users/stetef/Documents/SLAC/pdb-scraper/data/large-cys-his-datasets/4cys-large/output/xyz_files/5vzv_ZN_homo_d2.60_cluster5.xyz,-120.97,16.463,,159.17,15.567,,96.56,13.713,,92.91,22.577,
5w9q_ZN_homo_d2.60_cluster1,0,#1f77b4,1,5w9q_ZN_homo_d2.60_cluster1,26.5624,Cx2Cx2Cx15C-LHHH,-0.88,0.9705,0.7838,0.2280,0.2530,34.580,/Users/stetef/Documents/SLAC/pdb-scraper/data/large-cys-his-datasets/4cys-large/output/xyz_files/5w9q_ZN_homo_d2.60_cluster1.xyz,96.21,36.893,,-56.82,31.473,,72.16,45.727,,-115.07,33.610,
5w9q_ZN_homo_d2.60_cluster2,3,#d62728,1,5w9q_ZN_homo_d2.60_cluster2,28.5603,Cx2Cx2Cx32C-LHHL,-0.87,0.9777,0.7857,0.2280,0.2530,54.620,/Users/stetef/Documents/SLAC/pdb-scraper/data/large-cys-his-datasets/4cys-large/output/xyz_files/5w9q_ZN_homo_d2.60_cluster2.xyz,74.96,64.387,,-65.37,45.053,,94.71,61.443,,-107.77,54.263,
5w9q_ZN_homo_d2.60_cluster3,0,#1f77b4,1,5w9q_ZN_homo_d2.60_cluster3,25.7518,Cx2Cx2Cx15C-LHHH,-3.62,0.9619,0.7709,0.2280,0.2530,39.630,/Users/stetef/Documents/SLAC/pdb-scraper/data/large-cys-his-datasets/4cys-large/output/xyz_files/5w9q_ZN_homo_d2.60_cluster3.xyz,-62.56,36.067,,90.58,41.970,,70.04,48.407,,-112.52,37.563,
5w9q_ZN_homo_d2.60_cluster4,7,#c7c7c7,1,5w9q_ZN_homo_d2.60_cluster4,27.7256,Cx2Cx2Cx32C-LLHL,-0.26,0.9179,0.7689,0.2280,0.2530,78.670,/Users/stetef/Documents/SLAC/pdb-scraper/data/large-cys-his-datasets/4cys-large/output/xyz_files/5w9q_ZN_homo_d2.60_cluster4.xyz,106.07,86.063,,-62.42,65.970,,67.95,94.580,,-112.63,75.517,
5wau_ZN_homo_d2.60_cluster1,3,#d62728,1,5wau_ZN_homo_d2.60_cluster1,2.6056,Cx1Cx19Cx2C-SLLL,113.11,0.9920,0.4753,0.2190,0.2440,33.390,/Users/stetef/Documents/SLAC/pdb-scraper/data/large-cys-his-datasets/4cys-large/output/xyz_files/5wau_ZN_homo_d2.60_cluster1.xyz,172.59,33.643,,127.45,31.933,,95.11,32.883,,57.29,36.653,
5wau_ZN_homo_d2.60_cluster2,3,#d62728,1,5wau_ZN_homo_d2.60_cluster2,3.1784,Cx1Cx19Cx2C-SLLL,113.51,0.9877,0.4748,0.2190,0.2440,41.880,/Users/stetef/Documents/SLAC/pdb-scraper/data/large-cys-his-datasets/4cys-large/output/xyz_files/5wau_ZN_homo_d2.60_cluster2.xyz,90.96,41.500,,175.84,38.103,,59.53,43.313,,127.71,40.023,
5wfi_ZN_homo_d2.60_cluster1,1,#ff7f0e,1,5wfi_ZN_homo_d2.60_cluster1,27.3830,Cx1Cx31Cx1C-SLSL,3.05,0.9756,0.5407,0.1580,0.1970,27.870,/Users/stetef/Documents/SLAC/pdb-scraper/data/large-cys-his-datasets/4cys-large/output/xyz_files/5wfi_ZN_homo_d2.60_cluster1.xyz,106.39,45.483,,140.02,38.463,,-139.18,40.807,,-95.05,54.463,
5wfi_ZN_homo_d2.60_cluster2,3,#d62728,1,5wfi_ZN_homo_d2.60_cluster2,27.8428,Cx1Cx31Cx1C-SLSL,2.63,0.9946,0.5631,0.1580,0.1970,28.120,/Users/stetef/Documents/SLAC/pdb-scraper/data/large-cys-his-datasets/4cys-large/output/xyz_files/5wfi_ZN_homo_d2.60_cluster2.xyz,138.46,28.860,,-137.38,30.313,,-95.02,38.020,,104.45,32.087,
5wgx_ZN_homo_d2.60_cluster1,5,#c49c94,1,5wgx_ZN_homo_d2.60_cluster1,2.0027,Cx2Cx12Cx2C-LLLL,132.67,0.9911,0.4704,0.1630,0.1990,36.840,/Users/stetef/Documents/SLAC/pdb-scraper/data/large-cys-his-datasets/4cys-large/output/xyz_files/5wgx_ZN_homo_d2.60_cluster1.xyz,91.97,40.223,,173.36,34.827,,94.49,37.367,,170.84,39.133,
5wgy_ZN_homo_d2.60_cluster1,1,#ff7f0e,1,5wgy_ZN_homo_d2.60_cluster1,1.8040,Cx2Cx12Cx2C-LLLL,134.90,0.9911,0.4727,0.1630,0.2060,41.830,/Users/stetef/Documents/SLAC/pdb-scraper/data/large-cys-his-datasets/4cys-large/output/xyz_files/5wgy_ZN_homo_d2.60_cluster1.xyz,174.43,41.293,,97.01,40.807,,91.78,42.660,,176.37,42.917,
5wle_ZN_homo_d2.60_cluster2,5,#c49c94,1,5wle_ZN_homo_d2.60_cluster2,13.7833,Cx2Cx27Cx2C-LLHH,59.85,0.9844,0.5155,0.1490,0.1860,8.980,/Users/stetef/Documents/SLAC/pdb-scraper/data/large-cys-his-datasets/4cys-large/output/xyz_files/5wle_ZN_homo_d2.60_cluster2.xyz,174.30,5.433,,91.47,5.777,,96.29,9.080,,-122.66,9.840,
5wlf_ZN_homo_d2.60_cluster1,3,#d62728,1,5wlf_ZN_homo_d2.60_cluster1,16.8398,Cx2Cx27Cx2C-LLLH,59.78,0.9886,0.5216,0.1380,0.1600,30.000,/Users/stetef/Documents/SLAC/pdb-scraper/data/large-cys-his-datasets/4cys-large/output/xyz_files/5wlf_ZN_homo_d2.60_cluster1.xyz,-121.59,6.107,,169.78,3.857,,92.08,4.770,,98.86,4.393,
5wxg_ZN_homo_d2.60_cluster1,0,#1f77b4,1,5wxg_ZN_homo_d2.60_cluster1,15.7050,Cx2Cx22Cx2C-LLLL,-28.52,0.9970,0.4936,0.1700,0.1950,18.060,/Users/stetef/Documents/SLAC/pdb-scraper/data/large-cys-his-datasets/4cys-large/output/xyz_files/5wxg_ZN_homo_d2.60_cluster1.xyz,88.70,19.970,,94.58,14.517,,-179.89,15.067,,-117.46,18.380,
5wxh_ZN_homo_d2.60_cluster1,0,#1f77b4,1,5wxh_ZN_homo_d2.60_cluster1,14.9553,Cx2Cx22Cx2C-LLHH,62.14,0.9971,0.5091,0.1540,0.1750,16.370,/Users/stetef/Documents/SLAC/pdb-scraper/data/large-cys-his-datasets/4cys-large/output/xyz_files/5wxh_ZN_homo_d2.60_cluster1.xyz,91.81,18.007,,-116.74,19.587,,178.01,14.363,,95.46,16.397,
5wxh_ZN_homo_d2.60_cluster3,3,#d62728,1,5wxh_ZN_homo_d2.60_cluster3,16.2596,Cx2Cx22Cx2C-LLLL,61.07,0.9986,0.5134,0.1540,0.1750,19.080,/Users/stetef/Documents/SLAC/pdb-scraper/data/large-cys-his-datasets/4cys-large/output/xyz_files/5wxh_ZN_homo_d2.60_cluster3.xyz,-116.05,27.160,,91.65,20.463,,90.83,24.570,,177.85,15.403,
5x16_ZN_homo_d2.60_cluster1,0,#1f77b4,1,5x16_ZN_homo_d2.60_cluster1,11.5675,Cx2Cx21Cx10C-SLLL,152.12,0.9873,0.4501,0.1870,0.2320,30.820,/Users/stetef/Documents/SLAC/pdb-scraper/data/large-cys-his-datasets/4cys-large/output/xyz_files/5x16_ZN_homo_d2.60_cluster1.xyz,93.16,28.363,,174.55,29.380,,178.74,28.367,,162.04,30.130,
5x42_ZN_homo_d2.60_cluster1,5,#c49c94,1,5x42_ZN_homo_d2.60_cluster1,18.9273,Cx2Cx28Cx2C-LLHH,-29.95,0.9783,0.5367,0.2120,0.2600,34.180,/Users/stetef/Documents/SLAC/pdb-scraper/data/large-cys-his-datasets/4cys-large/output/xyz_files/5x42_ZN_homo_d2.60_cluster1.xyz,89.55,24.663,,-179.91,24.333,,85.32,20.893,,-114.77,22.393,
5x42_ZN_homo_d2.60_cluster2,7,#c7c7c7,1,5x42_ZN_homo_d2.60_cluster2,18.1947,Cx2Cx28Cx2C-LLHH,60.68,0.9890,0.5139,0.2120,0.2600,37.250,/Users/stetef/Documents/SLAC/pdb-scraper/data/large-cys-his-datasets/4cys-large/output/xyz_files/5x42_ZN_homo_d2.60_cluster2.xyz,178.08,29.750,,85.37,29.410,,93.47,26.613,,-114.18,23.687,
5xdq_ZN_homo_d2.60_cluster1,7,#c7c7c7,1,5xdq_ZN_homo_d2.60_cluster1,1.9294,Cx1Cx19Cx2C-SLLL,111.56,0.9874,0.4738,0.1650,0.1900,35.890,/Users/stetef/Documents/SLAC/pdb-scraper/data/large-cys-his-datasets/4cys-large/output/xyz_files/5xdq_ZN_homo_d2.60_cluster1.xyz,91.31,34.833,,172.92,34.940,,126.28,33.930,,55.74,35.353,
5xdq_ZN_homo_d2.60_cluster2,7,#c7c7c7,1,5xdq_ZN_homo_d2.60_cluster2,2.1602,Cx1Cx19Cx2C-SLLL,111.23,0.9885,0.4754,0.1650,0.1900,37.360,/Users/stetef/Documents/SLAC/pdb-scraper/data/large-cys-his-datasets/4cys-large/output/xyz_files/5xdq_ZN_homo_d2.60_cluster2.xyz,90.09,36.823,,172.49,35.527,,56.51,36.117,,125.85,35.297,
5xdx_ZN_homo_d2.60_cluster1,7,#c7c7c7,1,5xdx_ZN_homo_d2.60_cluster1,1.9035,Cx1Cx19Cx2C-SLLL,111.82,0.9903,0.4705,0.1830,0.2030,39.930,/Users/stetef/Documents/SLAC/pdb-scraper/data/large-cys-his-datasets/4cys-large/output/xyz_files/5xdx_ZN_homo_d2.60_cluster1.xyz,91.25,39.577,,128.51,37.337,,57.53,39.600,,170.00,37.847,
5xdx_ZN_homo_d2.60_cluster2,7,#c7c7c7,1,5xdx_ZN_homo_d2.60_cluster2,2.0840,Cx1Cx19Cx2C-SLLL,111.62,0.9891,0.4767,0.1830,0.2030,46.250,/Users/stetef/Documents/SLAC/pdb-scraper/data/large-cys-his-datasets/4cys-large/output/xyz_files/5xdx_ZN_homo_d2.60_cluster2.xyz,90.23,44.473,,127.61,43.990,,169.48,44.100,,59.16,46.870,
5xfn_ZN_homo_d2.60_cluster1,6,#f7b6d2,1,5xfn_ZN_homo_d2.60_cluster1,12.0791,Cx2Cx25Cx2C-LLHH,60.16,0.9947,0.5117,0.1850,0.2180,18.560,/Users/stetef/Documents/SLAC/pdb-scraper/data/large-cys-his-datasets/4cys-large/output/xyz_files/5xfn_ZN_homo_d2.60_cluster1.xyz,176.15,18.153,,88.26,13.200,,-117.32,16.793,,93.55,21.403,
5xfn_ZN_homo_d2.60_cluster4,7,#c7c7c7,1,5xfn_ZN_homo_d2.60_cluster4,12.9729,Cx2Cx26Cx2C-LLHH,59.10,0.9915,0.5070,0.1850,0.2180,19.510,/Users/stetef/Documents/SLAC/pdb-scraper/data/large-cys-his-datasets/4cys-large/output/xyz_files/5xfn_ZN_homo_d2.60_cluster4.xyz,-115.26,18.887,,88.63,15.220,,170.56,19.347,,92.49,19.843,
5xfo_ZN_homo_d2.60_cluster1,5,#c49c94,1,5xfo_ZN_homo_d2.60_cluster1,9.0597,Cx2Cx25Cx2C-LLHH,58.86,0.9810,0.4907,0.1800,0.2270,27.170,/Users/stetef/Documents/SLAC/pdb-scraper/data/large-cys-his-datasets/4cys-large/output/xyz_files/5xfo_ZN_homo_d2.60_cluster1.xyz,176.58,23.297,,91.48,28.620,,-120.55,22.640,,87.93,18.787,
5xfo_ZN_homo_d2.60_cluster4,2,#2ca02c,1,5xfo_ZN_homo_d2.60_cluster4,12.8922,Cx2Cx26Cx2C-LLHH,60.46,0.9903,0.5075,0.1800,0.2270,17.870,/Users/stetef/Documents/SLAC/pdb-scraper/data/large-cys-his-datasets/4cys-large/output/xyz_files/5xfo_ZN_homo_d2.60_cluster4.xyz,93.51,19.103,,169.89,14.637,,-116.17,20.133,,94.58,14.293,
5xmy_ZN_homo_d2.60_cluster1,5,#c49c94,1,5xmy_ZN_homo_d2.60_cluster1,14.8535,Cx2Cx22Cx2C-LLHH,59.25,0.9991,0.5083,0.1840,0.2210,27.830,/Users/stetef/Documents/SLAC/pdb-scraper/data/large-cys-his-datasets/4cys-large/output/xyz_files/5xmy_ZN_homo_d2.60_cluster1.xyz,-115.34,33.233,,173.05,21.097,,92.09,24.973,,87.20,28.110,
5xmy_ZN_homo_d2.60_cluster3,5,#c49c94,1,5xmy_ZN_homo_d2.60_cluster3,16.2301,Cx2Cx22Cx2C-LLLL,55.61,0.9689,0.4654,0.1840,0.2210,51.150,/Users/stetef/Documents/SLAC/pdb-scraper/data/large-cys-his-datasets/4cys-large/output/xyz_files/5xmy_ZN_homo_d2.60_cluster3.xyz,89.51,51.337,,89.78,58.233,,-129.34,67.867,,172.51,43.980,
5xu8_ZN_homo_d2.60_cluster1,1,#ff7f0e,1,5xu8_ZN_homo_d2.60_cluster1,7.7918,Cx2Cx47Cx2C-SLSL,87.49,0.9894,0.4397,0.1820,0.2380,31.550,/Users/stetef/Documents/SLAC/pdb-scraper/data/large-cys-his-datasets/4cys-large/output/xyz_files/5xu8_ZN_homo_d2.60_cluster1.xyz,171.86,30.030,,95.16,32.003,,-95.23,38.033,,178.16,34.057,
5xve_ZN_homo_d2.60_cluster1,5,#c49c94,1,5xve_ZN_homo_d2.60_cluster1,8.5624,Cx2Cx47Cx2C-SLSL,87.56,0.9980,0.4515,0.1480,0.1640,13.710,/Users/stetef/Documents/SLAC/pdb-scraper/data/large-cys-his-datasets/4cys-large/output/xyz_files/5xve_ZN_homo_d2.60_cluster1.xyz,171.59,17.020,,94.56,12.563,,175.16,11.630,,-91.06,18.097,
5xxj_ZN_homo_d2.60_cluster2,3,#d62728,1,5xxj_ZN_homo_d2.60_cluster2,22.5380,Cx2Cx18Cx3C-LLLH,48.71,0.9801,0.5855,0.2030,0.2270,18.600,/Users/stetef/Documents/SLAC/pdb-scraper/data/large-cys-his-datasets/4cys-large/output/xyz_files/5xxj_ZN_homo_d2.60_cluster2.xyz,-177.42,18.657,,102.08,22.240,,96.43,18.153,,173.74,19.337,
5xxj_ZN_homo_d2.60_cluster3,9,#9edae5,1,5xxj_ZN_homo_d2.60_cluster3,34.3460,Cx52Cx1Cx2C-LLHH,2.83,0.9824,0.6775,0.2030,0.2270,15.560,/Users/stetef/Documents/SLAC/pdb-scraper/data/large-cys-his-datasets/4cys-large/output/xyz_files/5xxj_ZN_homo_d2.60_cluster3.xyz,135.38,17.453,,-120.75,14.713,,-106.06,12.873,,102.73,18.687,
5y0z_ZN_homo_d2.60_cluster1,8,#dbdb8d,1,5y0z_ZN_homo_d2.60_cluster1,19.9481,Cx4Cx20Cx2C-SLLL,64.01,0.9621,0.5413,0.2120,0.2420,20.630,/Users/stetef/Documents/SLAC/pdb-scraper/data/large-cys-his-datasets/4cys-large/output/xyz_files/5y0z_ZN_homo_d2.60_cluster1.xyz,179.90,20.953,,-163.46,19.747,,147.75,19.680,,91.84,21.790,
5y0z_ZN_homo_d2.60_cluster2,8,#dbdb8d,1,5y0z_ZN_homo_d2.60_cluster2,19.8642,Cx4Cx20Cx2C-SLLL,64.08,0.9603,0.5423,0.2120,0.2420,20.880,/Users/stetef/Documents/SLAC/pdb-scraper/data/large-cys-his-datasets/4cys-large/output/xyz_files/5y0z_ZN_homo_d2.60_cluster2.xyz,-163.81,19.417,,148.98,20.587,,178.22,20.597,,92.93,21.173,
5y3e_ZN_homo_d2.60_cluster1,0,#1f77b4,1,5y3e_ZN_homo_d2.60_cluster1,19.9489,Cx2Cx31Cx1C-SLLL,-4.58,0.9950,0.4156,0.1640,0.1990,33.080,/Users/stetef/Documents/SLAC/pdb-scraper/data/large-cys-his-datasets/4cys-large/output/xyz_files/5y3e_ZN_homo_d2.60_cluster1.xyz,-102.26,40.000,,149.30,32.943,,110.56,32.617,,-175.92,29.883,
5y3q_ZN_homo_d2.60_cluster1,0,#1f77b4,1,5y3q_ZN_homo_d2.60_cluster1,20.2888,Cx2Cx31Cx1C-SLLL,-3.63,0.9952,0.4117,0.1490,0.1840,21.640,/Users/stetef/Documents/SLAC/pdb-scraper/data/large-cys-his-datasets/4cys-large/output/xyz_files/5y3q_ZN_homo_d2.60_cluster1.xyz,-101.56,26.707,,150.14,21.460,,111.62,20.600,,-174.70,16.903,
5yat_ZN_homo_d2.60_cluster2,0,#1f77b4,1,5yat_ZN_homo_d2.60_cluster2,30.8507,Cx2Cx2Cx7C-LHHH,-10.04,0.9720,0.8183,0.1840,0.2120,19.930,/Users/stetef/Documents/SLAC/pdb-scraper/data/large-cys-his-datasets/4cys-large/output/xyz_files/5yat_ZN_homo_d2.60_cluster2.xyz,97.47,22.550,,-93.87,17.347,,66.35,20.353,,-110.11,18.420,
5yat_ZN_homo_d2.60_cluster4,0,#1f77b4,1,5yat_ZN_homo_d2.60_cluster4,30.0461,Cx2Cx2Cx7C-LLHH,-10.42,0.9860,0.7944,0.1840,0.2120,21.430,/Users/stetef/Documents/SLAC/pdb-scraper/data/large-cys-his-datasets/4cys-large/output/xyz_files/5yat_ZN_homo_d2.60_cluster4.xyz,67.45,24.353,,-96.76,21.377,,-113.66,20.813,,101.27,22.797,
5yiz_ZN_homo_d2.60_cluster1,0,#1f77b4,1,5yiz_ZN_homo_d2.60_cluster1,7.7150,Cx2Cx64Cx2C-SLSL,129.92,0.9867,0.4975,0.1850,0.2130,30.480,/Users/stetef/Documents/SLAC/pdb-scraper/data/large-cys-his-datasets/4cys-large/output/xyz_files/5yiz_ZN_homo_d2.60_cluster1.xyz,93.97,33.803,,165.20,28.200,,92.54,33.127,,167.99,29.810,
5yiz_ZN_homo_d2.60_cluster10,5,#c49c94,1,5yiz_ZN_homo_d2.60_cluster10,7.8534,Cx2Cx64Cx2C-SLSL,130.88,0.9691,0.4843,0.1850,0.2130,22.420,/Users/stetef/Documents/SLAC/pdb-scraper/data/large-cys-his-datasets/4cys-large/output/xyz_files/5yiz_ZN_homo_d2.60_cluster10.xyz,165.94,20.040,,172.21,21.860,,95.23,20.943,,90.15,23.330,
5yiz_ZN_homo_d2.60_cluster11,3,#d62728,1,5yiz_ZN_homo_d2.60_cluster11,9.3707,Cx2Cx64Cx2C-SLSL,129.58,0.9621,0.4958,0.1850,0.2130,24.550,/Users/stetef/Documents/SLAC/pdb-scraper/data/large-cys-his-datasets/4cys-large/output/xyz_files/5yiz_ZN_homo_d2.60_cluster11.xyz,94.70,26.620,,170.81,25.500,,92.99,25.183,,159.84,22.870,
5yiz_ZN_homo_d2.60_cluster12,2,#2ca02c,1,5yiz_ZN_homo_d2.60_cluster12,9.9687,Cx2Cx64Cx2C-SLSL,131.72,0.9618,0.4995,0.1850,0.2130,19.840,/Users/stetef/Documents/SLAC/pdb-scraper/data/large-cys-his-datasets/4cys-large/output/xyz_files/5yiz_ZN_homo_d2.60_cluster12.xyz,93.52,19.390,,94.68,19.450,,174.52,17.557,,164.17,17.900,
5yiz_ZN_homo_d2.60_cluster13,8,#dbdb8d,1,5yiz_ZN_homo_d2.60_cluster13,9.3467,Cx2Cx64Cx2C-SLSL,129.01,0.9643,0.4976,0.1850,0.2130,24.450,/Users/stetef/Documents/SLAC/pdb-scraper/data/large-cys-his-datasets/4cys-large/output/xyz_files/5yiz_ZN_homo_d2.60_cluster13.xyz,167.50,25.487,,94.34,27.607,,91.41,25.350,,162.80,23.370,
5yiz_ZN_homo_d2.60_cluster14,8,#dbdb8d,1,5yiz_ZN_homo_d2.60_cluster14,9.7822,Cx2Cx64Cx2C-SLSL,132.79,0.9593,0.4998,0.1850,0.2130,19.680,/Users/stetef/Documents/SLAC/pdb-scraper/data/large-cys-his-datasets/4cys-large/output/xyz_files/5yiz_ZN_homo_d2.60_cluster14.xyz,177.24,17.087,,94.86,20.263,,93.88,20.013,,165.19,18.547,
5yiz_ZN_homo_d2.60_cluster15,5,#c49c94,1,5yiz_ZN_homo_d2.60_cluster15,7.8513,Cx2Cx64Cx2C-LLSL,131.18,0.9651,0.4865,0.1850,0.2130,22.550,/Users/stetef/Documents/SLAC/pdb-scraper/data/large-cys-his-datasets/4cys-large/output/xyz_files/5yiz_ZN_homo_d2.60_cluster15.xyz,169.67,21.500,,96.30,21.173,,168.26,20.560,,90.47,23.090,
5yiz_ZN_homo_d2.60_cluster16,3,#d62728,1,5yiz_ZN_homo_d2.60_cluster16,7.4525,Cx2Cx64Cx2C-SLSL,129.18,0.9879,0.4958,0.1850,0.2130,31.070,/Users/stetef/Documents/SLAC/pdb-scraper/data/large-cys-his-datasets/4cys-large/output/xyz_files/5yiz_ZN_homo_d2.60_cluster16.xyz,91.89,32.430,,164.66,28.943,,91.84,33.547,,168.35,28.397,
5yiz_ZN_homo_d2.60_cluster2,0,#1f77b4,1,5yiz_ZN_homo_d2.60_cluster2,7.8082,Cx2Cx64Cx2C-SLSL,129.21,0.9868,0.4940,0.1850,0.2130,30.730,/Users/stetef/Documents/SLAC/pdb-scraper/data/large-cys-his-datasets/4cys-large/output/xyz_files/5yiz_ZN_homo_d2.60_cluster2.xyz,93.88,33.903,,165.92,29.013,,92.33,32.837,,164.71,28.653,
5yiz_ZN_homo_d2.60_cluster3,0,#1f77b4,1,5yiz_ZN_homo_d2.60_cluster3,7.4238,Cx2Cx64Cx2C-SLSL,129.90,0.9860,0.4952,0.1850,0.2130,30.640,/Users/stetef/Documents/SLAC/pdb-scraper/data/large-cys-his-datasets/4cys-large/output/xyz_files/5yiz_ZN_homo_d2.60_cluster3.xyz,93.56,35.633,,165.94,28.470,,91.99,33.470,,168.12,29.770,
5yiz_ZN_homo_d2.60_cluster4,5,#c49c94,1,5yiz_ZN_homo_d2.60_cluster4,9.5297,Cx2Cx64Cx2C-SLSL,132.09,0.9642,0.4969,0.1850,0.2130,19.970,/Users/stetef/Documents/SLAC/pdb-scraper/data/large-cys-his-datasets/4cys-large/output/xyz_files/5yiz_ZN_homo_d2.60_cluster4.xyz,95.53,20.223,,173.83,17.720,,163.92,17.787,,95.08,19.510,
5yiz_ZN_homo_d2.60_cluster5,0,#1f77b4,1,5yiz_ZN_homo_d2.60_cluster5,9.5662,Cx2Cx64Cx2C-SLSL,128.59,0.9645,0.4949,0.1850,0.2130,23.790,/Users/stetef/Documents/SLAC/pdb-scraper/data/large-cys-his-datasets/4cys-large/output/xyz_files/5yiz_ZN_homo_d2.60_cluster5.xyz,93.40,26.943,,166.85,25.990,,92.35,25.583,,161.78,22.330,
5yiz_ZN_homo_d2.60_cluster6,2,#2ca02c,1,5yiz_ZN_homo_d2.60_cluster6,7.7652,Cx2Cx64Cx2C-SLSL,131.35,0.9647,0.4848,0.1850,0.2130,22.230,/Users/stetef/Documents/SLAC/pdb-scraper/data/large-cys-his-datasets/4cys-large/output/xyz_files/5yiz_ZN_homo_d2.60_cluster6.xyz,171.89,22.723,,167.94,20.400,,96.74,20.477,,88.84,23.023,
5yiz_ZN_homo_d2.60_cluster7,2,#2ca02c,1,5yiz_ZN_homo_d2.60_cluster7,7.7365,Cx2Cx64Cx2C-SLSL,131.36,0.9686,0.4872,0.1850,0.2130,22.210,/Users/stetef/Documents/SLAC/pdb-scraper/data/large-cys-his-datasets/4cys-large/output/xyz_files/5yiz_ZN_homo_d2.60_cluster7.xyz,168.24,22.673,,169.69,20.083,,94.59,21.207,,92.91,23.157,
5yiz_ZN_homo_d2.60_cluster8,2,#2ca02c,1,5yiz_ZN_homo_d2.60_cluster8,9.8413,Cx2Cx64Cx2C-SLSL,131.50,0.9608,0.5003,0.1850,0.2130,19.900,/Users/stetef/Documents/SLAC/pdb-scraper/data/large-cys-his-datasets/4cys-large/output/xyz_files/5yiz_ZN_homo_d2.60_cluster8.xyz,176.62,16.963,,93.76,19.330,,92.69,20.150,,162.93,18.040,
5yiz_ZN_homo_d2.60_cluster9,8,#dbdb8d,1,5yiz_ZN_homo_d2.60_cluster9,9.3262,Cx2Cx64Cx2C-SLSL,129.59,0.9675,0.4941,0.1850,0.2130,24.050,/Users/stetef/Documents/SLAC/pdb-scraper/data/large-cys-his-datasets/4cys-large/output/xyz_files/5yiz_ZN_homo_d2.60_cluster9.xyz,168.76,26.377,,94.81,27.087,,93.01,26.177,,161.78,22.827,
5yj0_ZN_homo_d2.60_cluster1,7,#c7c7c7,1,5yj0_ZN_homo_d2.60_cluster1,7.7809,Cx2Cx64Cx2C-SLSL,130.19,0.9859,0.4927,0.1900,0.2040,36.930,/Users/stetef/Documents/SLAC/pdb-scraper/data/large-cys-his-datasets/4cys-large/output/xyz_files/5yj0_ZN_homo_d2.60_cluster1.xyz,96.88,35.093,,167.57,29.177,,162.61,28.570,,93.71,32.947,
5yj0_ZN_homo_d2.60_cluster10,7,#c7c7c7,1,5yj0_ZN_homo_d2.60_cluster10,7.8787,Cx2Cx64Cx2C-SLSL,131.32,0.9759,0.4818,0.1900,0.2040,27.420,/Users/stetef/Documents/SLAC/pdb-scraper/data/large-cys-his-datasets/4cys-large/output/xyz_files/5yj0_ZN_homo_d2.60_cluster10.xyz,171.72,20.767,,95.82,22.470,,166.69,19.970,,91.06,22.640,
5yj0_ZN_homo_d2.60_cluster11,7,#c7c7c7,1,5yj0_ZN_homo_d2.60_cluster11,9.2579,Cx2Cx64Cx2C-SLSL,129.50,0.9679,0.4898,0.1900,0.2040,30.500,/Users/stetef/Documents/SLAC/pdb-scraper/data/large-cys-his-datasets/4cys-large/output/xyz_files/5yj0_ZN_homo_d2.60_cluster11.xyz,171.70,24.077,,92.66,28.923,,159.16,22.273,,94.49,25.457,
5yj0_ZN_homo_d2.60_cluster12,7,#c7c7c7,1,5yj0_ZN_homo_d2.60_cluster12,9.6812,Cx2Cx64Cx2C-SLSL,130.78,0.9671,0.4951,0.1900,0.2040,25.750,/Users/stetef/Documents/SLAC/pdb-scraper/data/large-cys-his-datasets/4cys-large/output/xyz_files/5yj0_ZN_homo_d2.60_cluster12.xyz,95.38,21.303,,173.06,17.467,,93.54,20.400,,161.13,18.023,
5yj0_ZN_homo_d2.60_cluster13,7,#c7c7c7,1,5yj0_ZN_homo_d2.60_cluster13,9.3005,Cx2Cx64Cx2C-SLSL,128.56,0.9710,0.4910,0.1900,0.2040,31.250,/Users/stetef/Documents/SLAC/pdb-scraper/data/large-cys-his-datasets/4cys-large/output/xyz_files/5yj0_ZN_homo_d2.60_cluster13.xyz,92.67,27.807,,169.28,23.810,,93.63,25.923,,158.67,21.917,
5yj0_ZN_homo_d2.60_cluster14,7,#c7c7c7,1,5yj0_ZN_homo_d2.60_cluster14,9.5699,Cx2Cx64Cx2C-SLSL,131.10,0.9644,0.4934,0.1900,0.2040,25.420,/Users/stetef/Documents/SLAC/pdb-scraper/data/large-cys-his-datasets/4cys-large/output/xyz_files/5yj0_ZN_homo_d2.60_cluster14.xyz,96.39,21.637,,172.98,17.637,,160.67,19.293,,94.34,20.640,
5yj0_ZN_homo_d2.60_cluster15,7,#c7c7c7,1,5yj0_ZN_homo_d2.60_cluster15,7.9876,Cx2Cx64Cx2C-SLSL,131.17,0.9759,0.4848,0.1900,0.2040,27.540,/Users/stetef/Documents/SLAC/pdb-scraper/data/large-cys-his-datasets/4cys-large/output/xyz_files/5yj0_ZN_homo_d2.60_cluster15.xyz,169.71,20.507,,96.49,22.140,,167.05,19.937,,91.42,23.093,
5yj0_ZN_homo_d2.60_cluster16,7,#c7c7c7,1,5yj0_ZN_homo_d2.60_cluster16,7.1244,Cx2Cx64Cx2C-SLSL,129.41,0.9905,0.4932,0.1900,0.2040,36.730,/Users/stetef/Documents/SLAC/pdb-scraper/data/large-cys-his-datasets/4cys-large/output/xyz_files/5yj0_ZN_homo_d2.60_cluster16.xyz,94.02,31.543,,167.59,27.367,,161.74,30.187,,94.28,33.540,
5yj0_ZN_homo_d2.60_cluster2,7,#c7c7c7,1,5yj0_ZN_homo_d2.60_cluster2,7.4315,Cx2Cx64Cx2C-SLSL,129.44,0.9881,0.4918,0.1900,0.2040,36.460,/Users/stetef/Documents/SLAC/pdb-scraper/data/large-cys-his-datasets/4cys-large/output/xyz_files/5yj0_ZN_homo_d2.60_cluster2.xyz,166.23,28.870,,163.33,28.680,,94.95,33.690,,93.26,34.440,
5yj0_ZN_homo_d2.60_cluster3,7,#c7c7c7,1,5yj0_ZN_homo_d2.60_cluster3,7.2146,Cx2Cx64Cx2C-SLSL,131.51,0.9880,0.4891,0.1900,0.2040,36.410,/Users/stetef/Documents/SLAC/pdb-scraper/data/large-cys-his-datasets/4cys-large/output/xyz_files/5yj0_ZN_homo_d2.60_cluster3.xyz,95.22,32.160,,169.32,27.817,,167.18,28.767,,94.30,33.203,
5yj0_ZN_homo_d2.60_cluster4,7,#c7c7c7,1,5yj0_ZN_homo_d2.60_cluster4,9.4241,Cx2Cx64Cx2C-SLSL,130.80,0.9647,0.4944,0.1900,0.2040,25.350,/Users/stetef/Documents/SLAC/pdb-scraper/data/large-cys-his-datasets/4cys-large/output/xyz_files/5yj0_ZN_homo_d2.60_cluster4.xyz,94.76,21.373,,172.05,17.707,,94.31,20.420,,162.09,18.957,
5yj0_ZN_homo_d2.60_cluster5,7,#c7c7c7,1,5yj0_ZN_homo_d2.60_cluster5,9.2142,Cx2Cx64Cx2C-SLSL,129.70,0.9705,0.4891,0.1900,0.2040,30.730,/Users/stetef/Documents/SLAC/pdb-scraper/data/large-cys-his-datasets/4cys-large/output/xyz_files/5yj0_ZN_homo_d2.60_cluster5.xyz,170.07,23.743,,93.12,28.420,,94.74,25.020,,160.86,21.993,
5yj0_ZN_homo_d2.60_cluster6,7,#c7c7c7,1,5yj0_ZN_homo_d2.60_cluster6,7.7289,Cx2Cx64Cx2C-SLSL,132.33,0.9749,0.4815,0.1900,0.2040,27.000,/Users/stetef/Documents/SLAC/pdb-scraper/data/large-cys-his-datasets/4cys-large/output/xyz_files/5yj0_ZN_homo_d2.60_cluster6.xyz,171.54,20.550,,166.88,20.047,,99.09,21.473,,91.82,22.397,
5yj0_ZN_homo_d2.60_cluster7,7,#c7c7c7,1,5yj0_ZN_homo_d2.60_cluster7,7.8486,Cx2Cx64Cx2C-SLSL,131.59,0.9753,0.4820,0.1900,0.2040,27.440,/Users/stetef/Documents/SLAC/pdb-scraper/data/large-cys-his-datasets/4cys-large/output/xyz_files/5yj0_ZN_homo_d2.60_cluster7.xyz,97.68,21.857,,170.30,20.803,,167.98,19.390,,90.41,22.353,
5yj0_ZN_homo_d2.60_cluster8,7,#c7c7c7,1,5yj0_ZN_homo_d2.60_cluster8,9.5876,Cx2Cx64Cx2C-SLSL,131.02,0.9644,0.4955,0.1900,0.2040,26.040,/Users/stetef/Documents/SLAC/pdb-scraper/data/large-cys-his-datasets/4cys-large/output/xyz_files/5yj0_ZN_homo_d2.60_cluster8.xyz,94.76,20.133,,174.13,17.007,,93.83,20.900,,161.33,19.330,
5yj0_ZN_homo_d2.60_cluster9,7,#c7c7c7,1,5yj0_ZN_homo_d2.60_cluster9,9.3721,Cx2Cx64Cx2C-SLSL,129.79,0.9671,0.4882,0.1900,0.2040,30.580,/Users/stetef/Documents/SLAC/pdb-scraper/data/large-cys-his-datasets/4cys-large/output/xyz_files/5yj0_ZN_homo_d2.60_cluster9.xyz,92.09,28.487,,172.08,24.500,,94.52,26.023,,160.49,23.670,
5yj1_ZN_homo_d2.60_cluster1,5,#c49c94,1,5yj1_ZN_homo_d2.60_cluster1,8.6418,Cx2Cx64Cx2C-SLSL,128.52,0.9843,0.4946,0.2000,0.2280,46.280,/Users/stetef/Documents/SLAC/pdb-scraper/data/large-cys-his-datasets/4cys-large/output/xyz_files/5yj1_ZN_homo_d2.60_cluster1.xyz,93.58,41.677,,92.64,37.630,,168.11,32.727,,159.74,32.593,
5yj1_ZN_homo_d2.60_cluster10,5,#c49c94,1,5yj1_ZN_homo_d2.60_cluster10,8.2326,Cx2Cx64Cx2C-SLSL,130.33,0.9719,0.4865,0.2000,0.2280,37.490,/Users/stetef/Documents/SLAC/pdb-scraper/data/large-cys-his-datasets/4cys-large/output/xyz_files/5yj1_ZN_homo_d2.60_cluster10.xyz,168.27,25.353,,95.29,25.273,,166.92,23.233,,90.84,26.463,
5yj1_ZN_homo_d2.60_cluster11,5,#c49c94,1,5yj1_ZN_homo_d2.60_cluster11,10.0622,Cx2Cx64Cx2C-SLSL,128.62,0.9692,0.4992,0.2000,0.2280,38.280,/Users/stetef/Documents/SLAC/pdb-scraper/data/large-cys-his-datasets/4cys-large/output/xyz_files/5yj1_ZN_homo_d2.60_cluster11.xyz,172.47,29.020,,92.86,29.223,,92.29,31.023,,156.88,25.880,
5yj1_ZN_homo_d2.60_cluster12,5,#c49c94,1,5yj1_ZN_homo_d2.60_cluster12,10.4498,Cx2Cx64Cx2C-SLSL,129.72,0.9632,0.4998,0.2000,0.2280,33.760,/Users/stetef/Documents/SLAC/pdb-scraper/data/large-cys-his-datasets/4cys-large/output/xyz_files/5yj1_ZN_homo_d2.60_cluster12.xyz,91.60,23.627,,94.42,23.777,,159.32,21.380,,173.54,21.257,
5yj1_ZN_homo_d2.60_cluster13,5,#c49c94,1,5yj1_ZN_homo_d2.60_cluster13,9.9656,Cx2Cx64Cx2C-SLSL,128.24,0.9621,0.4987,0.2000,0.2280,38.290,/Users/stetef/Documents/SLAC/pdb-scraper/data/large-cys-his-datasets/4cys-large/output/xyz_files/5yj1_ZN_homo_d2.60_cluster13.xyz,168.54,30.193,,93.07,30.647,,92.50,31.117,,158.85,26.970,
5yj1_ZN_homo_d2.60_cluster14,7,#c7c7c7,1,5yj1_ZN_homo_d2.60_cluster14,10.2916,Cx2Cx64Cx2C-SLSL,129.92,0.9644,0.5022,0.2000,0.2280,33.590,/Users/stetef/Documents/SLAC/pdb-scraper/data/large-cys-his-datasets/4cys-large/output/xyz_files/5yj1_ZN_homo_d2.60_cluster14.xyz,93.72,23.870,,91.34,24.343,,173.83,21.720,,160.78,20.487,
5yj1_ZN_homo_d2.60_cluster15,5,#c49c94,1,5yj1_ZN_homo_d2.60_cluster15,8.2545,Cx2Cx64Cx2C-SLSL,128.92,0.9748,0.4888,0.2000,0.2280,37.770,/Users/stetef/Documents/SLAC/pdb-scraper/data/large-cys-his-datasets/4cys-large/output/xyz_files/5yj1_ZN_homo_d2.60_cluster15.xyz,166.43,25.503,,94.05,25.323,,163.50,24.223,,91.70,26.837,
5yj1_ZN_homo_d2.60_cluster16,5,#c49c94,1,5yj1_ZN_homo_d2.60_cluster16,7.9285,Cx2Cx64Cx2C-SLSL,129.12,0.9879,0.4956,0.2000,0.2280,47.600,/Users/stetef/Documents/SLAC/pdb-scraper/data/large-cys-his-datasets/4cys-large/output/xyz_files/5yj1_ZN_homo_d2.60_cluster16.xyz,92.77,38.027,,163.51,31.710,,93.78,37.580,,166.41,32.680,
5yj1_ZN_homo_d2.60_cluster2,7,#c7c7c7,1,5yj1_ZN_homo_d2.60_cluster2,10.3112,Cx2Cx64Cx2C-SLSL,128.61,0.8329,0.5129,0.2000,0.2280,45.480,/Users/stetef/Documents/SLAC/pdb-scraper/data/large-cys-his-datasets/4cys-large/output/xyz_files/5yj1_ZN_homo_d2.60_cluster2.xyz,162.91,34.363,,93.21,37.623,,109.13,43.440,,149.18,32.603,
5yj1_ZN_homo_d2.60_cluster3,5,#c49c94,1,5yj1_ZN_homo_d2.60_cluster3,8.2766,Cx2Cx64Cx2C-SLSL,128.77,0.9857,0.4977,0.2000,0.2280,46.390,/Users/stetef/Documents/SLAC/pdb-scraper/data/large-cys-his-datasets/4cys-large/output/xyz_files/5yj1_ZN_homo_d2.60_cluster3.xyz,96.16,37.953,,157.98,32.160,,166.03,32.863,,94.89,36.793,
5yj1_ZN_homo_d2.60_cluster4,7,#c7c7c7,1,5yj1_ZN_homo_d2.60_cluster4,10.3039,Cx2Cx64Cx2C-SLSL,129.18,0.9632,0.5009,0.2000,0.2280,33.760,/Users/stetef/Documents/SLAC/pdb-scraper/data/large-cys-his-datasets/4cys-large/output/xyz_files/5yj1_ZN_homo_d2.60_cluster4.xyz,93.93,24.007,,174.07,21.010,,156.26,21.003,,92.45,21.880,
5yj1_ZN_homo_d2.60_cluster5,5,#c49c94,1,5yj1_ZN_homo_d2.60_cluster5,10.0138,Cx2Cx64Cx2C-SLSL,128.63,0.9697,0.4964,0.2000,0.2280,39.340,/Users/stetef/Documents/SLAC/pdb-scraper/data/large-cys-his-datasets/4cys-large/output/xyz_files/5yj1_ZN_homo_d2.60_cluster5.xyz,169.57,32.973,,92.14,30.907,,92.95,29.050,,159.86,26.363,
5yj1_ZN_homo_d2.60_cluster6,5,#c49c94,1,5yj1_ZN_homo_d2.60_cluster6,8.0025,Cx2Cx64Cx2C-SLSL,129.57,0.9707,0.4872,0.2000,0.2280,36.230,/Users/stetef/Documents/SLAC/pdb-scraper/data/large-cys-his-datasets/4cys-large/output/xyz_files/5yj1_ZN_homo_d2.60_cluster6.xyz,167.47,24.933,,164.72,24.603,,95.44,25.620,,90.66,25.533,
5yj1_ZN_homo_d2.60_cluster7,2,#2ca02c,1,5yj1_ZN_homo_d2.60_cluster7,8.3064,Cx2Cx64Cx2C-SLSL,130.30,0.9713,0.4900,0.2000,0.2280,35.560,/Users/stetef/Documents/SLAC/pdb-scraper/data/large-cys-his-datasets/4cys-large/output/xyz_files/5yj1_ZN_homo_d2.60_cluster7.xyz,170.33,25.953,,164.32,24.840,,94.76,26.153,,91.80,26.613,
5yj1_ZN_homo_d2.60_cluster8,5,#c49c94,1,5yj1_ZN_homo_d2.60_cluster8,10.2816,Cx2Cx64Cx2C-SLSL,128.85,0.9636,0.4993,0.2000,0.2280,34.040,/Users/stetef/Documents/SLAC/pdb-scraper/data/large-cys-his-datasets/4cys-large/output/xyz_files/5yj1_ZN_homo_d2.60_cluster8.xyz,172.05,21.560,,91.84,22.920,,157.71,20.830,,93.80,23.830,
5yj1_ZN_homo_d2.60_cluster9,7,#c7c7c7,1,5yj1_ZN_homo_d2.60_cluster9,10.3679,Cx2Cx64Cx2C-SLSL,127.19,0.9703,0.5006,0.2000,0.2280,38.630,/Users/stetef/Documents/SLAC/pdb-scraper/data/large-cys-his-datasets/4cys-large/output/xyz_files/5yj1_ZN_homo_d2.60_cluster9.xyz,167.27,30.407,,91.63,30.197,,92.54,31.273,,157.32,26.983,
5yn5_ZN_homo_d2.60_cluster2,0,#1f77b4,1,5yn5_ZN_homo_d2.60_cluster2,26.3536,Cx2Cx7Cx1C-LLLL,-51.37,0.9772,0.6871,0.1830,0.2140,73.000,/Users/stetef/Documents/SLAC/pdb-scraper/data/large-cys-his-datasets/4cys-large/output/xyz_files/5yn5_ZN_homo_d2.60_cluster2.xyz,-77.85,67.323,,-111.68,77.523,,-178.86,72.260,,162.92,72.650,
5yn6_ZN_homo_d2.60_cluster2,5,#c49c94,1,5yn6_ZN_homo_d2.60_cluster2,29.4170,Cx2Cx7Cx1C-LLLL,-67.50,0.9889,0.6971,0.1960,0.2270,90.870,/Users/stetef/Documents/SLAC/pdb-scraper/data/large-cys-his-datasets/4cys-large/output/xyz_files/5yn6_ZN_homo_d2.60_cluster2.xyz,112.74,88.533,,-89.00,86.323,,-115.96,99.517,,-177.77,94.343,
5ynb_ZN_homo_d2.60_cluster2,1,#ff7f0e,1,5ynb_ZN_homo_d2.60_cluster2,28.4567,Cx2Cx7Cx1C-LLSL,31.38,0.9913,0.6086,0.1890,0.2310,64.150,/Users/stetef/Documents/SLAC/pdb-scraper/data/large-cys-his-datasets/4cys-large/output/xyz_files/5ynb_ZN_homo_d2.60_cluster2.xyz,-84.08,61.383,,179.61,79.133,,-116.70,92.373,,146.70,87.220,
5ynf_ZN_homo_d2.60_cluster2,0,#1f77b4,1,5ynf_ZN_homo_d2.60_cluster2,29.9862,Cx2Cx7Cx1C-LLLL,16.76,0.9710,0.6965,0.1810,0.2130,70.110,/Users/stetef/Documents/SLAC/pdb-scraper/data/large-cys-his-datasets/4cys-large/output/xyz_files/5ynf_ZN_homo_d2.60_cluster2.xyz,91.07,68.773,,-110.52,76.737,,-86.67,64.103,,173.15,70.983,
5ynm_ZN_homo_d2.60_cluster2,5,#c49c94,1,5ynm_ZN_homo_d2.60_cluster2,29.2828,Cx2Cx7Cx1C-LLLL,21.06,0.9867,0.6983,0.1810,0.1990,66.790,/Users/stetef/Documents/SLAC/pdb-scraper/data/large-cys-his-datasets/4cys-large/output/xyz_files/5ynm_ZN_homo_d2.60_cluster2.xyz,100.34,63.277,,-106.41,69.030,,173.52,68.107,,-83.20,63.917,
5ynn_ZN_homo_d2.60_cluster2,2,#2ca02c,1,5ynn_ZN_homo_d2.60_cluster2,29.5932,Cx2Cx7Cx1C-LLLL,-66.54,0.9872,0.6935,0.1810,0.2120,65.170,/Users/stetef/Documents/SLAC/pdb-scraper/data/large-cys-his-datasets/4cys-large/output/xyz_files/5ynn_ZN_homo_d2.60_cluster2.xyz,-174.46,63.190,,101.67,64.477,,-107.16,75.203,,-86.23,58.240,
5yno_ZN_homo_d2.60_cluster2,7,#c7c7c7,1,5yno_ZN_homo_d2.60_cluster2,27.8777,Cx2Cx7Cx1C-LLLL,-59.97,0.9753,0.7043,0.1940,0.2270,81.490,/Users/stetef/Documents/SLAC/pdb-scraper/data/large-cys-his-datasets/4cys-large/output/xyz_files/5yno_ZN_homo_d2.60_cluster2.xyz,110.27,80.200,,-174.48,80.427,,-105.54,89.293,,-70.14,78.263,
5ynq_ZN_homo_d2.60_cluster2,5,#c49c94,1,5ynq_ZN_homo_d2.60_cluster2,28.8025,Cx2Cx7Cx1C-LLLL,25.92,0.8916,0.6474,0.1880,0.2170,96.160,/Users/stetef/Documents/SLAC/pdb-scraper/data/large-cys-his-datasets/4cys-large/output/xyz_files/5ynq_ZN_homo_d2.60_cluster2.xyz,178.31,88.713,,-76.75,81.890,,-107.55,105.890,,109.66,85.800,
5yp7_ZN_homo_d2.60_cluster1,6,#f7b6d2,1,5yp7_ZN_homo_d2.60_cluster1,14.5943,Cx2Cx19Cx2C-LLHH,59.69,0.9944,0.5183,0.1890,0.2070,19.820,/Users/stetef/Documents/SLAC/pdb-scraper/data/large-cys-his-datasets/4cys-large/output/xyz_files/5yp7_ZN_homo_d2.60_cluster1.xyz,-115.48,20.177,,85.15,18.583,,95.73,20.627,,173.38,17.567,
5yp7_ZN_homo_d2.60_cluster3,6,#f7b6d2,1,5yp7_ZN_homo_d2.60_cluster3,12.5169,Cx2Cx19Cx2C-LLHH,60.91,0.9961,0.4940,0.1890,0.2070,23.430,/Users/stetef/Documents/SLAC/pdb-scraper/data/large-cys-his-datasets/4cys-large/output/xyz_files/5yp7_ZN_homo_d2.60_cluster3.xyz,93.33,26.953,,-109.54,20.763,,84.33,22.600,,175.52,24.707,
5yp8_ZN_homo_d2.60_cluster1,8,#dbdb8d,1,5yp8_ZN_homo_d2.60_cluster1,15.5571,Cx2Cx19Cx2C-LLHH,59.56,0.9947,0.5064,0.1630,0.1940,26.870,/Users/stetef/Documents/SLAC/pdb-scraper/data/large-cys-his-datasets/4cys-large/output/xyz_files/5yp8_ZN_homo_d2.60_cluster1.xyz,85.28,26.990,,-108.75,26.980,,169.20,25.103,,92.49,30.617,
5yp8_ZN_homo_d2.60_cluster3,0,#1f77b4,1,5yp8_ZN_homo_d2.60_cluster3,16.3506,Cx2Cx19Cx2C-LLHH,60.41,0.9874,0.5209,0.1630,0.1940,30.400,/Users/stetef/Documents/SLAC/pdb-scraper/data/large-cys-his-datasets/4cys-large/output/xyz_files/5yp8_ZN_homo_d2.60_cluster3.xyz,93.94,32.457,,-115.75,30.427,,91.02,25.777,,172.42,26.663,
5ypc_ZN_homo_d2.60_cluster1,5,#c49c94,1,5ypc_ZN_homo_d2.60_cluster1,16.8803,Cx2Cx19Cx2C-LLHH,59.13,0.9879,0.5218,0.2040,0.2300,43.880,/Users/stetef/Documents/SLAC/pdb-scraper/data/large-cys-his-datasets/4cys-large/output/xyz_files/5ypc_ZN_homo_d2.60_cluster1.xyz,167.71,41.697,,-116.24,40.607,,89.18,41.613,,95.87,49.207,
5ypc_ZN_homo_d2.60_cluster3,5,#c49c94,1,5ypc_ZN_homo_d2.60_cluster3,17.4062,Cx2Cx19Cx2C-LLHH,58.98,0.9843,0.5246,0.2040,0.2300,51.430,/Users/stetef/Documents/SLAC/pdb-scraper/data/large-cys-his-datasets/4cys-large/output/xyz_files/5ypc_ZN_homo_d2.60_cluster3.xyz,-115.81,47.573,,165.54,41.700,,89.13,40.757,,97.06,50.793,
5ypc_ZN_homo_d2.60_cluster5,2,#2ca02c,1,5ypc_ZN_homo_d2.60_cluster5,17.4773,Cx2Cx19Cx2C-LLHH,56.58,0.9937,0.5330,0.2040,0.2300,33.510,/Users/stetef/Documents/SLAC/pdb-scraper/data/large-cys-his-datasets/4cys-large/output/xyz_files/5ypc_ZN_homo_d2.60_cluster5.xyz,165.31,32.700,,90.67,35.267,,-114.76,32.320,,85.09,32.883,
5ypc_ZN_homo_d2.60_cluster7,0,#1f77b4,1,5ypc_ZN_homo_d2.60_cluster7,15.9512,Cx2Cx19Cx2C-LLHH,60.06,0.9956,0.5241,0.2040,0.2300,36.920,/Users/stetef/Documents/SLAC/pdb-scraper/data/large-cys-his-datasets/4cys-large/output/xyz_files/5ypc_ZN_homo_d2.60_cluster7.xyz,-113.43,34.237,,167.41,36.850,,97.85,38.783,,88.39,36.857,
5yph_ZN_homo_d2.60_cluster1,6,#f7b6d2,1,5yph_ZN_homo_d2.60_cluster1,16.4815,Cx2Cx19Cx2C-LLHH,58.54,0.9942,0.5161,0.1510,0.1870,12.090,/Users/stetef/Documents/SLAC/pdb-scraper/data/large-cys-his-datasets/4cys-large/output/xyz_files/5yph_ZN_homo_d2.60_cluster1.xyz,88.12,11.590,,172.04,8.390,,-117.20,10.800,,91.20,10.027,
5yph_ZN_homo_d2.60_cluster3,4,#9467bd,1,5yph_ZN_homo_d2.60_cluster3,17.5344,Cx2Cx19Cx2C-LLHH,59.88,0.9876,0.5467,0.1510,0.1870,12.820,/Users/stetef/Documents/SLAC/pdb-scraper/data/large-cys-his-datasets/4cys-large/output/xyz_files/5yph_ZN_homo_d2.60_cluster3.xyz,93.72,12.970,,168.67,8.800,,94.12,12.167,,-116.98,11.203,
5yql_ZN_homo_d2.60_cluster1,0,#1f77b4,1,5yql_ZN_homo_d2.60_cluster1,17.5102,Cx4Cx20Cx2C-SLLL,62.97,0.9692,0.5121,0.1590,0.1850,10.040,/Users/stetef/Documents/SLAC/pdb-scraper/data/large-cys-his-datasets/4cys-large/output/xyz_files/5yql_ZN_homo_d2.60_cluster1.xyz,-164.96,9.460,,86.52,10.603,,156.08,11.593,,174.23,9.213,
5yqm_ZN_homo_d2.60_cluster1,2,#2ca02c,1,5yqm_ZN_homo_d2.60_cluster1,17.4460,Cx4Cx20Cx2C-SLLL,61.90,0.9552,0.5180,0.1840,0.2200,15.260,/Users/stetef/Documents/SLAC/pdb-scraper/data/large-cys-his-datasets/4cys-large/output/xyz_files/5yqm_ZN_homo_d2.60_cluster1.xyz,154.74,13.040,,83.34,19.940,,173.85,16.020,,-164.35,14.087,
5yqn_ZN_homo_d2.60_cluster1,8,#dbdb8d,1,5yqn_ZN_homo_d2.60_cluster1,17.3417,Cx4Cx20Cx2C-SLLL,64.40,0.9649,0.5129,0.1750,0.2040,11.160,/Users/stetef/Documents/SLAC/pdb-scraper/data/large-cys-his-datasets/4cys-large/output/xyz_files/5yqn_ZN_homo_d2.60_cluster1.xyz,158.39,10.890,,87.16,11.797,,175.36,11.100,,-163.33,10.490,
5yqo_ZN_homo_d2.60_cluster1,3,#d62728,1,5yqo_ZN_homo_d2.60_cluster1,17.3214,Cx4Cx20Cx2C-SLLL,64.53,0.9588,0.5144,0.1700,0.1930,11.590,/Users/stetef/Documents/SLAC/pdb-scraper/data/large-cys-his-datasets/4cys-large/output/xyz_files/5yqo_ZN_homo_d2.60_cluster1.xyz,88.38,12.473,,157.71,10.677,,176.58,11.180,,-164.56,8.513,
5yuf_ZN_homo_d2.60_cluster1,3,#d62728,1,5yuf_ZN_homo_d2.60_cluster1,15.2013,Cx2Cx16Cx2C-LLHH,60.82,0.9926,0.4635,0.2040,0.2170,47.740,/Users/stetef/Documents/SLAC/pdb-scraper/data/large-cys-his-datasets/4cys-large/output/xyz_files/5yuf_ZN_homo_d2.60_cluster1.xyz,91.13,36.360,,-118.92,36.733,,93.97,43.707,,177.11,34.977,
5yuf_ZN_homo_d2.60_cluster3,8,#dbdb8d,1,5yuf_ZN_homo_d2.60_cluster3,15.3824,Cx2Cx16Cx2C-LLHH,59.60,0.9932,0.4680,0.2040,0.2170,37.460,/Users/stetef/Documents/SLAC/pdb-scraper/data/large-cys-his-datasets/4cys-large/output/xyz_files/5yuf_ZN_homo_d2.60_cluster3.xyz,95.22,35.373,,-120.91,35.303,,88.82,31.450,,175.26,29.133,
5yuf_ZN_homo_d2.60_cluster5,3,#d62728,1,5yuf_ZN_homo_d2.60_cluster5,15.8026,Cx2Cx16Cx2C-LLHH,59.67,0.9940,0.4725,0.2040,0.2170,36.590,/Users/stetef/Documents/SLAC/pdb-scraper/data/large-cys-his-datasets/4cys-large/output/xyz_files/5yuf_ZN_homo_d2.60_cluster5.xyz,90.34,32.773,,177.29,29.807,,88.11,37.890,,-117.07,39.537,
5yuf_ZN_homo_d2.60_cluster7,7,#c7c7c7,1,5yuf_ZN_homo_d2.60_cluster7,15.0008,Cx2Cx16Cx2C-LLHH,60.33,0.9881,0.4545,0.2040,0.2170,51.530,/Users/stetef/Documents/SLAC/pdb-scraper/data/large-cys-his-datasets/4cys-large/output/xyz_files/5yuf_ZN_homo_d2.60_cluster7.xyz,-121.96,43.040,,96.61,44.077,,177.02,36.243,,89.64,40.747,
5yug_ZN_homo_d2.60_cluster11,0,#1f77b4,1,5yug_ZN_homo_d2.60_cluster11,20.9818,Cx2Cx24Cx2C-LLLH,59.76,0.9951,0.5411,0.2220,0.2540,12.340,/Users/stetef/Documents/SLAC/pdb-scraper/data/large-cys-his-datasets/4cys-large/output/xyz_files/5yug_ZN_homo_d2.60_cluster11.xyz,97.34,12.263,,-121.60,14.843,,171.21,11.633,,92.11,11.097,
5yug_ZN_homo_d2.60_cluster12,7,#c7c7c7,1,5yug_ZN_homo_d2.60_cluster12,24.9376,Cx4Cx22Cx2C-LLHH,-11.53,0.9808,0.5286,0.2220,0.2540,15.790,/Users/stetef/Documents/SLAC/pdb-scraper/data/large-cys-his-datasets/4cys-large/output/xyz_files/5yug_ZN_homo_d2.60_cluster12.xyz,-178.16,15.393,,163.10,17.143,,-126.15,14.570,,95.08,17.223,
5yug_ZN_homo_d2.60_cluster2,0,#1f77b4,1,5yug_ZN_homo_d2.60_cluster2,19.0662,Cx2Cx24Cx2C-LLSH,2.18,0.9849,0.4847,0.2220,0.2540,11.560,/Users/stetef/Documents/SLAC/pdb-scraper/data/large-cys-his-datasets/4cys-large/output/xyz_files/5yug_ZN_homo_d2.60_cluster2.xyz,-149.40,13.520,,90.26,10.503,,177.18,10.180,,-109.34,11.667,
5yug_ZN_homo_d2.60_cluster3,5,#c49c94,1,5yug_ZN_homo_d2.60_cluster3,23.4180,Cx4Cx22Cx2C-LLHH,-7.06,0.9834,0.5240,0.2220,0.2540,13.370,/Users/stetef/Documents/SLAC/pdb-scraper/data/large-cys-his-datasets/4cys-large/output/xyz_files/5yug_ZN_homo_d2.60_cluster3.xyz,167.78,13.943,,-170.47,12.093,,94.23,12.273,,-119.79,12.857,
5yug_ZN_homo_d2.60_cluster5,3,#d62728,1,5yug_ZN_homo_d2.60_cluster5,18.9920,Cx2Cx24Cx2C-LLSH,2.58,0.9865,0.4815,0.2220,0.2540,11.600,/Users/stetef/Documents/SLAC/pdb-scraper/data/large-cys-his-datasets/4cys-large/output/xyz_files/5yug_ZN_homo_d2.60_cluster5.xyz,89.64,10.893,,-149.45,13.827,,177.95,10.617,,-107.81,12.093,
5yug_ZN_homo_d2.60_cluster6,2,#2ca02c,1,5yug_ZN_homo_d2.60_cluster6,23.7547,Cx4Cx22Cx2C-LLHH,-6.96,0.9839,0.5273,0.2220,0.2540,13.230,/Users/stetef/Documents/SLAC/pdb-scraper/data/large-cys-his-datasets/4cys-large/output/xyz_files/5yug_ZN_homo_d2.60_cluster6.xyz,168.27,13.290,,-171.74,10.933,,94.43,12.440,,-118.81,12.083,
5yug_ZN_homo_d2.60_cluster8,0,#1f77b4,1,5yug_ZN_homo_d2.60_cluster8,20.9185,Cx2Cx24Cx2C-LLLH,59.70,0.9945,0.5358,0.2220,0.2540,12.370,/Users/stetef/Documents/SLAC/pdb-scraper/data/large-cys-his-datasets/4cys-large/output/xyz_files/5yug_ZN_homo_d2.60_cluster8.xyz,96.88,12.540,,-121.50,14.407,,92.59,10.877,,170.82,10.937,
5yug_ZN_homo_d2.60_cluster9,5,#c49c94,1,5yug_ZN_homo_d2.60_cluster9,25.2416,Cx4Cx22Cx2C-LLHH,-11.87,0.9807,0.5323,0.2220,0.2540,15.810,/Users/stetef/Documents/SLAC/pdb-scraper/data/large-cys-his-datasets/4cys-large/output/xyz_files/5yug_ZN_homo_d2.60_cluster9.xyz,-178.88,15.330,,-126.69,15.037,,162.45,18.000,,95.64,17.650,
5yuh_ZN_homo_d2.60_cluster2,8,#dbdb8d,1,5yuh_ZN_homo_d2.60_cluster2,21.2894,Cx2Cx24Cx2C-LLSH,6.85,0.9686,0.5286,0.2470,0.2780,19.400,/Users/stetef/Documents/SLAC/pdb-scraper/data/large-cys-his-datasets/4cys-large/output/xyz_files/5yuh_ZN_homo_d2.60_cluster2.xyz,-137.25,28.303,,92.88,19.323,,178.88,17.403,,-107.14,26.043,
5yuh_ZN_homo_d2.60_cluster3,5,#c49c94,1,5yuh_ZN_homo_d2.60_cluster3,24.6992,Cx4Cx22Cx2C-LLHH,79.54,0.9824,0.5362,0.2470,0.2780,27.580,/Users/stetef/Documents/SLAC/pdb-scraper/data/large-cys-his-datasets/4cys-large/output/xyz_files/5yuh_ZN_homo_d2.60_cluster3.xyz,95.98,29.267,,164.45,31.220,,179.06,30.567,,-121.32,26.073,
5yvx_ZN_homo_d2.60_cluster1_altlocZnL,3,#d62728,1,5yvx_ZN_homo_d2.60_cluster1_altlocZnL,5.8307,Cx2Cx21Cx10C-LLHL,56.38,0.9870,0.4939,0.1690,0.1850,21.710,/Users/stetef/Documents/SLAC/pdb-scraper/data/large-cys-his-datasets/4cys-large/output/xyz_files/5yvx_ZN_homo_d2.60_cluster1_altlocZnL.xyz,55.07,19.420,,94.61,18.577,,-100.32,18.113,,176.16,16.680,
5z0c_ZN_homo_d2.60_cluster1,9,#9edae5,1,5z0c_ZN_homo_d2.60_cluster1,30.9785,Cx2Cx2Cx7C-LHHH,-9.21,0.9762,0.8178,0.1500,0.1880,18.050,/Users/stetef/Documents/SLAC/pdb-scraper/data/large-cys-his-datasets/4cys-large/output/xyz_files/5z0c_ZN_homo_d2.60_cluster1.xyz,63.73,18.810,,96.40,20.110,,-93.96,16.127,,-103.02,17.440,
5z84_ZN_homo_d2.60_cluster1,9,#9edae5,1,5z84_ZN_homo_d2.60_cluster1,2.5042,Cx1Cx19Cx2C-SLLL,113.90,0.9911,0.4736,0.1650,0.1890,36.010,/Users/stetef/Documents/SLAC/pdb-scraper/data/large-cys-his-datasets/4cys-large/output/xyz_files/5z84_ZN_homo_d2.60_cluster1.xyz,172.76,35.947,,60.84,37.037,,90.23,36.780,,131.78,33.747,
5z84_ZN_homo_d2.60_cluster2,3,#d62728,1,5z84_ZN_homo_d2.60_cluster2,2.4070,Cx1Cx19Cx2C-SLLL,115.77,0.9903,0.4749,0.1650,0.1890,38.490,/Users/stetef/Documents/SLAC/pdb-scraper/data/large-cys-his-datasets/4cys-large/output/xyz_files/5z84_ZN_homo_d2.60_cluster2.xyz,60.23,38.310,,175.37,37.787,,89.87,38.830,,137.61,37.083,
5z85_ZN_homo_d2.60_cluster1,6,#f7b6d2,1,5z85_ZN_homo_d2.60_cluster1,2.1236,Cx1Cx19Cx2C-SLLL,114.14,0.9903,0.4738,0.1650,0.1890,30.950,/Users/stetef/Documents/SLAC/pdb-scraper/data/large-cys-his-datasets/4cys-large/output/xyz_files/5z85_ZN_homo_d2.60_cluster1.xyz,61.85,30.527,,173.00,29.900,,130.76,28.793,,90.95,31.937,
5z85_ZN_homo_d2.60_cluster2,5,#c49c94,1,5z85_ZN_homo_d2.60_cluster2,2.4666,Cx1Cx19Cx2C-SLLL,114.59,0.9911,0.4662,0.1650,0.1890,32.700,/Users/stetef/Documents/SLAC/pdb-scraper/data/large-cys-his-datasets/4cys-large/output/xyz_files/5z85_ZN_homo_d2.60_cluster2.xyz,57.27,33.087,,178.15,32.450,,90.00,34.153,,132.93,31.517,
5z86_ZN_homo_d2.60_cluster1,7,#c7c7c7,1,5z86_ZN_homo_d2.60_cluster1,2.0554,Cx1Cx19Cx2C-SLLL,113.33,0.9907,0.4709,0.1820,0.1960,34.200,/Users/stetef/Documents/SLAC/pdb-scraper/data/large-cys-his-datasets/4cys-large/output/xyz_files/5z86_ZN_homo_d2.60_cluster1.xyz,172.22,33.207,,59.12,34.263,,128.92,32.307,,93.08,34.810,
5z86_ZN_homo_d2.60_cluster2,7,#c7c7c7,1,5z86_ZN_homo_d2.60_cluster2,2.2601,Cx1Cx19Cx2C-SLLL,112.34,0.9899,0.4740,0.1820,0.1960,37.120,/Users/stetef/Documents/SLAC/pdb-scraper/data/large-cys-his-datasets/4cys-large/output/xyz_files/5z86_ZN_homo_d2.60_cluster2.xyz,57.64,37.647,,172.16,36.187,,128.82,34.883,,90.74,38.237,
5z93_ZN_homo_d2.60_cluster1,3,#d62728,1,5z93_ZN_homo_d2.60_cluster1,8.3688,Cx2Cx20Cx2C-SLLL,-44.50,0.9662,0.4721,0.1660,0.2100,26.770,/Users/stetef/Documents/SLAC/pdb-scraper/data/large-cys-his-datasets/4cys-large/output/xyz_files/5z93_ZN_homo_d2.60_cluster1.xyz,83.68,26.957,,91.78,28.350,,-176.86,26.330,,-176.58,22.113,
5z94_ZN_homo_d2.60_cluster1,3,#d62728,1,5z94_ZN_homo_d2.60_cluster1,8.9114,Cx2Cx20Cx2C-SLLL,-44.59,0.9677,0.4736,0.1620,0.1910,20.190,/Users/stetef/Documents/SLAC/pdb-scraper/data/large-cys-his-datasets/4cys-large/output/xyz_files/5z94_ZN_homo_d2.60_cluster1.xyz,84.79,21.937,,91.71,23.020,,-177.10,18.470,,-177.75,18.147,
5z94_ZN_homo_d2.60_cluster2,2,#2ca02c,1,5z94_ZN_homo_d2.60_cluster2,8.8807,Cx2Cx20Cx2C-SLLL,-44.74,0.9647,0.4717,0.1620,0.1910,19.910,/Users/stetef/Documents/SLAC/pdb-scraper/data/large-cys-his-datasets/4cys-large/output/xyz_files/5z94_ZN_homo_d2.60_cluster2.xyz,85.73,20.253,,92.25,23.633,,-178.44,18.363,,-178.48,16.780,
5zco_ZN_homo_d2.60_cluster1,9,#9edae5,1,5zco_ZN_homo_d2.60_cluster1,2.1027,Cx1Cx19Cx2C-SLLL,112.39,0.9893,0.4708,0.1650,0.1890,34.530,/Users/stetef/Documents/SLAC/pdb-scraper/data/large-cys-his-datasets/4cys-large/output/xyz_files/5zco_ZN_homo_d2.60_cluster1.xyz,60.15,33.667,,128.12,33.017,,169.92,34.590,,91.37,34.453,
5zco_ZN_homo_d2.60_cluster2,5,#c49c94,1,5zco_ZN_homo_d2.60_cluster2,2.3720,Cx1Cx19Cx2C-SLLL,114.45,0.9890,0.4713,0.1650,0.1890,36.260,/Users/stetef/Documents/SLAC/pdb-scraper/data/large-cys-his-datasets/4cys-large/output/xyz_files/5zco_ZN_homo_d2.60_cluster2.xyz,57.16,33.870,,91.36,36.860,,174.58,35.593,,134.70,35.123,
5zcp_ZN_homo_d2.60_cluster1,6,#f7b6d2,1,5zcp_ZN_homo_d2.60_cluster1,2.2332,Cx1Cx19Cx2C-SLLL,112.88,0.9921,0.4686,0.1760,0.1970,31.640,/Users/stetef/Documents/SLAC/pdb-scraper/data/large-cys-his-datasets/4cys-large/output/xyz_files/5zcp_ZN_homo_d2.60_cluster1.xyz,173.68,30.823,,127.93,31.540,,88.37,32.557,,61.52,32.770,
5zcp_ZN_homo_d2.60_cluster2,8,#dbdb8d,1,5zcp_ZN_homo_d2.60_cluster2,1.9260,Cx1Cx19Cx2C-SLLL,113.81,0.9929,0.4662,0.1760,0.1970,33.180,/Users/stetef/Documents/SLAC/pdb-scraper/data/large-cys-his-datasets/4cys-large/output/xyz_files/5zcp_ZN_homo_d2.60_cluster2.xyz,176.39,31.467,,130.90,33.460,,60.05,32.837,,87.89,34.477,
5zcq_ZN_homo_d2.60_cluster1,6,#f7b6d2,1,5zcq_ZN_homo_d2.60_cluster1,2.3944,Cx1Cx19Cx2C-SLLL,114.11,0.9928,0.4714,0.1630,0.1820,28.440,/Users/stetef/Documents/SLAC/pdb-scraper/data/large-cys-his-datasets/4cys-large/output/xyz_files/5zcq_ZN_homo_d2.60_cluster1.xyz,58.88,28.437,,131.24,27.967,,91.26,29.170,,175.06,28.043,
5zcq_ZN_homo_d2.60_cluster2,8,#dbdb8d,1,5zcq_ZN_homo_d2.60_cluster2,2.6766,Cx1Cx19Cx2C-SLLL,111.78,0.9937,0.4697,0.1630,0.1820,29.430,/Users/stetef/Documents/SLAC/pdb-scraper/data/large-cys-his-datasets/4cys-large/output/xyz_files/5zcq_ZN_homo_d2.60_cluster2.xyz,173.39,30.153,,128.79,29.893,,59.55,30.030,,85.41,30.897,
5zlq_ZN_homo_d2.60_cluster1,3,#d62728,1,5zlq_ZN_homo_d2.60_cluster1,8.0139,Cx2Cx30Cx2C-SLLL,134.33,0.9775,0.4936,0.1830,0.2330,22.520,/Users/stetef/Documents/SLAC/pdb-scraper/data/large-cys-his-datasets/4cys-large/output/xyz_files/5zlq_ZN_homo_d2.60_cluster1.xyz,96.47,21.613,,165.01,21.803,,175.85,23.053,,100.00,22.203,
5zrt_ZN_homo_d2.60_cluster1,3,#d62728,1,5zrt_ZN_homo_d2.60_cluster1,6.2286,Cx2Cx30Cx2C-SLLL,135.22,0.9860,0.4767,0.1780,0.2200,27.360,/Users/stetef/Documents/SLAC/pdb-scraper/data/large-cys-his-datasets/4cys-large/output/xyz_files/5zrt_ZN_homo_d2.60_cluster1.xyz,177.50,26.350,,94.82,25.760,,91.10,29.307,,177.45,27.683,
5zrt_ZN_homo_d2.60_cluster2,1,#ff7f0e,1,5zrt_ZN_homo_d2.60_cluster2,6.3559,Cx2Cx30Cx2C-SLLL,47.33,0.9757,0.4813,0.1780,0.2200,34.700,/Users/stetef/Documents/SLAC/pdb-scraper/data/large-cys-his-datasets/4cys-large/output/xyz_files/5zrt_ZN_homo_d2.60_cluster2.xyz,168.87,32.353,,94.26,33.637,,-176.26,37.007,,102.43,38.450,
6a5k_ZN_homo_d2.60_cluster1,5,#c49c94,1,6a5k_ZN_homo_d2.60_cluster1,0.9509,Cx15Cx25Cx3C-LHLL,39.72,0.9802,0.5083,0.1860,0.2140,33.280,/Users/stetef/Documents/SLAC/pdb-scraper/data/large-cys-his-datasets/4cys-large/output/xyz_files/6a5k_ZN_homo_d2.60_cluster1.xyz,-149.27,27.187,,129.16,31.977,,102.69,31.220,,76.31,22.863,
6a5k_ZN_homo_d2.60_cluster2,5,#c49c94,1,6a5k_ZN_homo_d2.60_cluster2,42.6473,Cx35Cx5Cx3C-LLLL,-66.84,0.9718,0.7486,0.1860,0.2140,32.520,/Users/stetef/Documents/SLAC/pdb-scraper/data/large-cys-his-datasets/4cys-large/output/xyz_files/6a5k_ZN_homo_d2.60_cluster2.xyz,173.94,30.160,,-108.61,29.227,,-160.06,24.800,,-172.64,22.863,
6a5k_ZN_homo_d2.60_cluster3,3,#d62728,1,6a5k_ZN_homo_d2.60_cluster3,27.9507,Cx1Cx3Cx7C-LLLH,-65.31,0.9770,0.6142,0.1860,0.2140,34.140,/Users/stetef/Documents/SLAC/pdb-scraper/data/large-cys-his-datasets/4cys-large/output/xyz_files/6a5k_ZN_homo_d2.60_cluster3.xyz,-100.64,35.913,,120.99,29.227,,-127.12,37.437,,-154.48,31.220,
6a5k_ZN_homo_d2.60_cluster4,5,#c49c94,1,6a5k_ZN_homo_d2.60_cluster4,29.1729,Cx57Cx1Cx4C-LLLL,16.02,0.9959,0.6864,0.1860,0.2140,20.800,/Users/stetef/Documents/SLAC/pdb-scraper/data/large-cys-his-datasets/4cys-large/output/xyz_files/6a5k_ZN_homo_d2.60_cluster4.xyz,-64.59,19.503,,133.89,13.300,,100.33,13.603,,-105.56,14.853,
6ace_ZN_homo_d2.60_cluster1,2,#2ca02c,1,6ace_ZN_homo_d2.60_cluster1,10.0413,Cx2Cx37Cx4C-SLLL,67.56,0.9831,0.5163,0.2060,0.2660,23.950,/Users/stetef/Documents/SLAC/pdb-scraper/data/large-cys-his-datasets/4cys-large/output/xyz_files/6ace_ZN_homo_d2.60_cluster1.xyz,-170.57,19.627,,179.47,17.677,,171.63,23.950,,89.70,26.337,
6acl_ZN_homo_d2.60_cluster1,5,#c49c94,1,6acl_ZN_homo_d2.60_cluster1,9.7047,Cx2Cx37Cx4C-SLLL,-22.63,0.9858,0.5084,0.1720,0.2220,29.170,/Users/stetef/Documents/SLAC/pdb-scraper/data/large-cys-his-datasets/4cys-large/output/xyz_files/6acl_ZN_homo_d2.60_cluster1.xyz,169.16,27.480,,92.90,30.227,,-173.16,25.133,,-179.41,21.280,
6aco_ZN_homo_d2.60_cluster1_altlocLIGA,5,#c49c94,1,6aco_ZN_homo_d2.60_cluster1_altlocLIGA,11.5776,Cx2Cx37Cx4C-SLLL,-20.16,0.9480,0.5226,0.1640,0.2170,43.970,/Users/stetef/Documents/SLAC/pdb-scraper/data/large-cys-his-datasets/4cys-large/output/xyz_files/6aco_ZN_homo_d2.60_cluster1_altlocLIGA.xyz,87.37,37.537,,-167.87,39.593,,163.90,36.805,,-164.02,33.227,
6asd_ZN_homo_d2.60_cluster1,8,#dbdb8d,1,6asd_ZN_homo_d2.60_cluster1,26.2830,Cx2Cx2Cx26C-LHHH,-8.87,0.9529,0.7019,0.2030,0.2350,35.920,/Users/stetef/Documents/SLAC/pdb-scraper/data/large-cys-his-datasets/4cys-large/output/xyz_files/6asd_ZN_homo_d2.60_cluster1.xyz,93.03,40.623,,-72.75,33.853,,-121.09,40.580,,65.33,41.407,
6asd_ZN_homo_d2.60_cluster2,5,#c49c94,1,6asd_ZN_homo_d2.60_cluster2,27.9907,Cx2Cx2Cx9C-LHHL,-5.05,0.9748,0.7964,0.2030,0.2350,28.830,/Users/stetef/Documents/SLAC/pdb-scraper/data/large-cys-his-datasets/4cys-large/output/xyz_files/6asd_ZN_homo_d2.60_cluster2.xyz,67.49,35.630,,-111.65,29.477,,-65.00,29.010,,88.98,31.760,
6auq_ZN_homo_d2.60_cluster1,3,#d62728,1,6auq_ZN_homo_d2.60_cluster1,20.0687,Cx4C-Cx4C-LL-LL,43.32,0.9667,0.3343,0.1940,0.2560,23.410,/Users/stetef/Documents/SLAC/pdb-scraper/data/large-cys-his-datasets/4cys-large/output/xyz_files/6auq_ZN_homo_d2.60_cluster1.xyz,149.78,25.723,,-68.57,24.987,,154.72,33.417,,-62.66,22.213,
6aur_ZN_homo_d2.60_cluster1,5,#c49c94,1,6aur_ZN_homo_d2.60_cluster1,19.9698,Cx4C-Cx4C-LL-LL,43.09,0.9576,0.3323,0.1830,0.2130,22.990,/Users/stetef/Documents/SLAC/pdb-scraper/data/large-cys-his-datasets/4cys-large/output/xyz_files/6aur_ZN_homo_d2.60_cluster1.xyz,-63.33,22.560,,151.15,26.660,,149.14,28.750,,-64.59,26.457,
6aus_ZN_homo_d2.60_cluster1,7,#c7c7c7,1,6aus_ZN_homo_d2.60_cluster1,19.9070,Cx4C-Cx4C-LL-LL,42.57,0.9580,0.3363,0.1940,0.2280,27.480,/Users/stetef/Documents/SLAC/pdb-scraper/data/large-cys-his-datasets/4cys-large/output/xyz_files/6aus_ZN_homo_d2.60_cluster1.xyz,151.05,37.140,,-64.08,33.607,,-62.81,35.250,,146.12,39.863,
6aut_ZN_homo_d2.60_cluster1,7,#c7c7c7,1,6aut_ZN_homo_d2.60_cluster1,20.4738,Cx4C-Cx4C-LL-LL,44.24,0.9623,0.3425,0.1960,0.2350,29.130,/Users/stetef/Documents/SLAC/pdb-scraper/data/large-cys-his-datasets/4cys-large/output/xyz_files/6aut_ZN_homo_d2.60_cluster1.xyz,149.09,36.070,,-63.47,33.970,,153.37,30.327,,-62.05,30.673,
6auu_ZN_homo_d2.60_cluster1,1,#ff7f0e,1,6auu_ZN_homo_d2.60_cluster1,20.4537,Cx4C-Cx4C-LL-LL,40.96,0.9744,0.3260,0.2010,0.2400,36.880,/Users/stetef/Documents/SLAC/pdb-scraper/data/large-cys-his-datasets/4cys-large/output/xyz_files/6auu_ZN_homo_d2.60_cluster1.xyz,148.17,41.207,,-70.91,40.557,,152.10,46.633,,-65.52,40.943,
6auv_ZN_homo_d2.60_cluster1,7,#c7c7c7,1,6auv_ZN_homo_d2.60_cluster1,20.2910,Cx4C-Cx4C-LL-LL,41.26,0.9712,0.3266,0.1860,0.2220,32.350,/Users/stetef/Documents/SLAC/pdb-scraper/data/large-cys-his-datasets/4cys-large/output/xyz_files/6auv_ZN_homo_d2.60_cluster1.xyz,151.33,35.623,,149.88,38.730,,-69.56,31.883,,-66.61,35.680,
6auw_ZN_homo_d2.60_cluster1,7,#c7c7c7,1,6auw_ZN_homo_d2.60_cluster1,20.0660,Cx4C-Cx4C-LL-LL,40.16,0.9643,0.3291,0.1960,0.2290,37.640,/Users/stetef/Documents/SLAC/pdb-scraper/data/large-cys-his-datasets/4cys-large/output/xyz_files/6auw_ZN_homo_d2.60_cluster1.xyz,150.48,46.443,,-71.70,40.467,,148.18,47.717,,-66.30,41.590,
6aux_ZN_homo_d2.60_cluster1,7,#c7c7c7,1,6aux_ZN_homo_d2.60_cluster1,20.4047,Cx4C-Cx4C-LL-LL,43.04,0.9753,0.3324,0.1750,0.2100,35.620,/Users/stetef/Documents/SLAC/pdb-scraper/data/large-cys-his-datasets/4cys-large/output/xyz_files/6aux_ZN_homo_d2.60_cluster1.xyz,-64.37,37.390,,150.06,45.437,,-69.00,39.713,,155.45,41.717,
6auy_ZN_homo_d2.60_cluster1,7,#c7c7c7,1,6auy_ZN_homo_d2.60_cluster1,19.8288,Cx4C-Cx4C-LL-LL,39.82,0.9698,0.3189,0.1890,0.2360,42.780,/Users/stetef/Documents/SLAC/pdb-scraper/data/large-cys-his-datasets/4cys-large/output/xyz_files/6auy_ZN_homo_d2.60_cluster1.xyz,-77.06,40.067,,-70.59,39.897,,153.87,42.857,,153.05,43.250,
6auz_ZN_homo_d2.60_cluster1,7,#c7c7c7,1,6auz_ZN_homo_d2.60_cluster1,20.1670,Cx4C-Cx4C-LL-LL,42.13,0.9606,0.3375,0.2030,0.2430,40.910,/Users/stetef/Documents/SLAC/pdb-scraper/data/large-cys-his-datasets/4cys-large/output/xyz_files/6auz_ZN_homo_d2.60_cluster1.xyz,-65.70,35.900,,153.15,42.470,,-71.46,39.157,,152.51,40.853,
6av0_ZN_homo_d2.60_cluster1,7,#c7c7c7,1,6av0_ZN_homo_d2.60_cluster1,19.7394,Cx4C-Cx4C-LL-LL,42.93,0.9627,0.3284,0.1800,0.2180,31.940,/Users/stetef/Documents/SLAC/pdb-scraper/data/large-cys-his-datasets/4cys-large/output/xyz_files/6av0_ZN_homo_d2.60_cluster1.xyz,-71.11,30.977,,153.77,36.487,,-64.97,30.853,,154.06,33.993,
6av3_ZN_homo_d2.60_cluster1,5,#c49c94,1,6av3_ZN_homo_d2.60_cluster1,19.7598,Cx4C-Cx4C-LL-LL,39.43,0.9645,0.3202,0.2050,0.2590,42.430,/Users/stetef/Documents/SLAC/pdb-scraper/data/large-cys-his-datasets/4cys-large/output/xyz_files/6av3_ZN_homo_d2.60_cluster1.xyz,157.79,45.160,,-74.36,39.063,,147.21,44.497,,-72.93,38.547,
6av4_ZN_homo_d2.60_cluster1,7,#c7c7c7,1,6av4_ZN_homo_d2.60_cluster1,19.8740,Cx4C-Cx4C-LL-LL,40.41,0.9599,0.3195,0.1860,0.2240,38.200,/Users/stetef/Documents/SLAC/pdb-scraper/data/large-cys-his-datasets/4cys-large/output/xyz_files/6av4_ZN_homo_d2.60_cluster1.xyz,-65.79,36.000,,151.82,40.640,,153.10,41.223,,-77.50,36.977,
6av5_ZN_homo_d2.60_cluster1,7,#c7c7c7,1,6av5_ZN_homo_d2.60_cluster1,19.2811,Cx4C-Cx4C-LL-LL,41.73,0.9641,0.3153,0.1860,0.2190,32.090,/Users/stetef/Documents/SLAC/pdb-scraper/data/large-cys-his-datasets/4cys-large/output/xyz_files/6av5_ZN_homo_d2.60_cluster1.xyz,-65.86,28.727,,153.16,33.163,,152.18,31.590,,-72.54,31.687,
6av7_ZN_homo_d2.60_cluster1,5,#c49c94,1,6av7_ZN_homo_d2.60_cluster1,20.2463,Cx4C-Cx4C-LL-LL,41.11,0.9758,0.2956,0.2070,0.2540,53.500,/Users/stetef/Documents/SLAC/pdb-scraper/data/large-cys-his-datasets/4cys-large/output/xyz_files/6av7_ZN_homo_d2.60_cluster1.xyz,-66.11,53.010,,-79.99,50.763,,153.13,54.887,,157.39,65.393,
6av7_ZN_homo_d2.60_cluster2,5,#c49c94,1,6av7_ZN_homo_d2.60_cluster2,18.9926,Cx4C-Cx4C-LL-LL,39.85,0.9758,0.2669,0.2070,0.2540,46.160,/Users/stetef/Documents/SLAC/pdb-scraper/data/large-cys-his-datasets/4cys-large/output/xyz_files/6av7_ZN_homo_d2.60_cluster2.xyz,-75.23,48.273,,156.37,52.360,,155.23,49.300,,-76.95,49.523,
6c49_ZN_homo_d2.60_cluster1,3,#d62728,1,6c49_ZN_homo_d2.60_cluster1,28.2823,Cx2Cx2Cx7C-LHHH,-7.50,0.9695,0.7664,0.1670,0.2030,17.780,/Users/stetef/Documents/SLAC/pdb-scraper/data/large-cys-his-datasets/4cys-large/output/xyz_files/6c49_ZN_homo_d2.60_cluster1.xyz,64.47,18.403,,90.71,16.787,,-72.04,16.340,,-113.16,14.107,
6cbx_ZN_homo_d2.60_cluster3,5,#c49c94,1,6cbx_ZN_homo_d2.60_cluster3,31.0638,Cx52Cx1Cx2C-LLHH,6.00,0.9686,0.7168,0.1810,0.2230,24.710,/Users/stetef/Documents/SLAC/pdb-scraper/data/large-cys-his-datasets/4cys-large/output/xyz_files/6cbx_ZN_homo_d2.60_cluster3.xyz,142.01,25.233,,-108.50,28.040,,-97.30,20.917,,87.79,25.800,
6cbx_ZN_homo_d2.60_cluster4,5,#c49c94,1,6cbx_ZN_homo_d2.60_cluster4,24.9389,Cx2Cx18Cx3C-LLLH,83.24,0.9816,0.6227,0.1810,0.2230,25.270,/Users/stetef/Documents/SLAC/pdb-scraper/data/large-cys-his-datasets/4cys-large/output/xyz_files/6cbx_ZN_homo_d2.60_cluster4.xyz,165.46,25.960,,-106.18,30.830,,97.19,24.357,,176.50,21.937,
6cbx_ZN_homo_d2.60_cluster6,2,#2ca02c,1,6cbx_ZN_homo_d2.60_cluster6,30.2364,Cx52Cx1Cx2C-LLHH,5.86,0.9813,0.7210,0.1810,0.2230,25.860,/Users/stetef/Documents/SLAC/pdb-scraper/data/large-cys-his-datasets/4cys-large/output/xyz_files/6cbx_ZN_homo_d2.60_cluster6.xyz,-110.34,30.717,,141.50,24.007,,89.55,28.127,,-97.28,25.407,
6cen_ZN_homo_d2.60_cluster1,0,#1f77b4,1,6cen_ZN_homo_d2.60_cluster1,23.7744,Cx1Cx7Cx5C-LLLH,-75.44,0.9876,0.6208,0.1810,0.2150,23.460,/Users/stetef/Documents/SLAC/pdb-scraper/data/large-cys-his-datasets/4cys-large/output/xyz_files/6cen_ZN_homo_d2.60_cluster1.xyz,64.74,24.640,,-163.42,25.863,,-86.44,22.993,,-116.63,31.710,
6cen_ZN_homo_d2.60_cluster2,8,#dbdb8d,1,6cen_ZN_homo_d2.60_cluster2,35.8984,Cx14Cx4Cx5C-LLLH,26.15,0.9753,0.6575,0.1810,0.2150,22.510,/Users/stetef/Documents/SLAC/pdb-scraper/data/large-cys-his-datasets/4cys-large/output/xyz_files/6cen_ZN_homo_d2.60_cluster2.xyz,-142.74,27.247,,-107.33,26.287,,175.72,18.740,,178.96,24.640,
6cen_ZN_homo_d2.60_cluster3,5,#c49c94,1,6cen_ZN_homo_d2.60_cluster3,28.7209,Cx46Cx1Cx4C-LLLL,14.43,0.9921,0.6845,0.1810,0.2150,11.870,/Users/stetef/Documents/SLAC/pdb-scraper/data/large-cys-his-datasets/4cys-large/output/xyz_files/6cen_ZN_homo_d2.60_cluster3.xyz,-71.39,11.690,,-104.47,11.230,,136.62,13.800,,96.96,11.403,
6cic_ZN_homo_d2.60_cluster1,7,#c7c7c7,1,6cic_ZN_homo_d2.60_cluster1,19.7929,Cx4C-Cx4C-LL-LL,40.79,0.9618,0.3290,0.1740,0.2040,35.560,/Users/stetef/Documents/SLAC/pdb-scraper/data/large-cys-his-datasets/4cys-large/output/xyz_files/6cic_ZN_homo_d2.60_cluster1.xyz,150.21,39.237,,149.01,39.657,,-65.29,36.350,,-70.78,36.513,
6cid_ZN_homo_d2.60_cluster1,5,#c49c94,1,6cid_ZN_homo_d2.60_cluster1,20.0204,Cx4C-Cx4C-LL-LL,42.18,0.9669,0.3293,0.1700,0.1990,31.040,/Users/stetef/Documents/SLAC/pdb-scraper/data/large-cys-his-datasets/4cys-large/output/xyz_files/6cid_ZN_homo_d2.60_cluster1.xyz,154.86,34.603,,147.84,33.337,,-63.54,33.680,,-70.44,32.950,
6cie_ZN_homo_d2.60_cluster1,1,#ff7f0e,1,6cie_ZN_homo_d2.60_cluster1,19.7799,Cx4C-Cx4C-LL-LS,43.04,0.9626,0.2888,0.2140,0.2620,48.160,/Users/stetef/Documents/SLAC/pdb-scraper/data/large-cys-his-datasets/4cys-large/output/xyz_files/6cie_ZN_homo_d2.60_cluster1.xyz,-67.92,45.530,,157.24,61.187,,-76.79,40.363,,159.65,56.680,
6cie_ZN_homo_d2.60_cluster2,1,#ff7f0e,1,6cie_ZN_homo_d2.60_cluster2,19.1160,Cx4C-Cx4C-LL-LL,38.32,0.9735,0.2704,0.2140,0.2620,43.470,/Users/stetef/Documents/SLAC/pdb-scraper/data/large-cys-his-datasets/4cys-large/output/xyz_files/6cie_ZN_homo_d2.60_cluster2.xyz,152.68,50.600,,-80.09,44.090,,-78.79,45.007,,159.49,47.170,
6cw3_ZN_homo_d2.60_cluster1,7,#c7c7c7,1,6cw3_ZN_homo_d2.60_cluster1,16.5391,Cx2Cx20Cx2C-LLHH,61.31,0.9852,0.4903,0.2040,0.2270,107.400,/Users/stetef/Documents/SLAC/pdb-scraper/data/large-cys-his-datasets/4cys-large/output/xyz_files/6cw3_ZN_homo_d2.60_cluster1.xyz,176.47,63.213,,97.94,65.410,,96.30,69.583,,-125.46,63.370,
6cw3_ZN_homo_d2.60_cluster3,5,#c49c94,1,6cw3_ZN_homo_d2.60_cluster3,16.5500,Cx2Cx20Cx2C-LLSH,56.55,0.9613,0.4807,0.2040,0.2270,96.450,/Users/stetef/Documents/SLAC/pdb-scraper/data/large-cys-his-datasets/4cys-large/output/xyz_files/6cw3_ZN_homo_d2.60_cluster3.xyz,-136.54,66.057,,105.44,84.433,,85.52,72.640,,171.79,63.757,
6cxx_ZN_homo_d2.60_cluster2,6,#f7b6d2,1,6cxx_ZN_homo_d2.60_cluster2,28.9921,Cx2Cx2Cx7C-LHHL,-4.73,0.9725,0.8068,0.1730,0.2080,13.610,/Users/stetef/Documents/SLAC/pdb-scraper/data/large-cys-his-datasets/4cys-large/output/xyz_files/6cxx_ZN_homo_d2.60_cluster2.xyz,93.16,15.503,,64.74,14.253,,-65.17,12.893,,-111.65,13.730,
6cxx_ZN_homo_d2.60_cluster4,6,#f7b6d2,1,6cxx_ZN_homo_d2.60_cluster4,28.8572,Cx2Cx2Cx7C-LHHL,-2.87,0.9744,0.8078,0.1730,0.2080,14.690,/Users/stetef/Documents/SLAC/pdb-scraper/data/large-cys-his-datasets/4cys-large/output/xyz_files/6cxx_ZN_homo_d2.60_cluster4.xyz,-66.47,13.953,,69.13,14.607,,92.73,16.717,,-106.88,14.567,
6d57_ZN_homo_d2.60_cluster1,2,#2ca02c,1,6d57_ZN_homo_d2.60_cluster1,13.7940,Cx2Cx36Cx2C-SLLL,60.21,0.9935,0.5093,0.1860,0.2290,16.840,/Users/stetef/Documents/SLAC/pdb-scraper/data/large-cys-his-datasets/4cys-large/output/xyz_files/6d57_ZN_homo_d2.60_cluster1.xyz,91.59,15.537,,-116.60,17.263,,92.75,18.877,,173.11,11.747,
6d57_ZN_homo_d2.60_cluster2,0,#1f77b4,1,6d57_ZN_homo_d2.60_cluster2,16.0011,Cx2Cx36Cx2C-SLLL,57.21,0.9950,0.5291,0.1860,0.2290,10.530,/Users/stetef/Documents/SLAC/pdb-scraper/data/large-cys-his-datasets/4cys-large/output/xyz_files/6d57_ZN_homo_d2.60_cluster2.xyz,89.49,14.153,,88.18,18.947,,173.63,11.023,,-122.47,14.903,
6dcr_ZN_homo_d2.60_cluster1,3,#d62728,1,6dcr_ZN_homo_d2.60_cluster1,4.7910,Cx2Cx36Cx2C-SLLL,136.45,0.9827,0.4581,0.1870,0.2150,65.240,/Users/stetef/Documents/SLAC/pdb-scraper/data/large-cys-his-datasets/4cys-large/output/xyz_files/6dcr_ZN_homo_d2.60_cluster1.xyz,93.94,58.213,,175.57,59.967,,176.30,53.583,,100.00,61.093,
6dcr_ZN_homo_d2.60_cluster2,7,#c7c7c7,1,6dcr_ZN_homo_d2.60_cluster2,13.2740,Cx2Cx14Cx2C-LLLL,133.87,0.9482,0.4838,0.1870,0.2150,64.420,/Users/stetef/Documents/SLAC/pdb-scraper/data/large-cys-his-datasets/4cys-large/output/xyz_files/6dcr_ZN_homo_d2.60_cluster2.xyz,93.20,60.530,,94.55,60.537,,172.94,57.340,,174.79,51.813,
6dcr_ZN_homo_d2.60_cluster3,0,#1f77b4,1,6dcr_ZN_homo_d2.60_cluster3,13.8908,Cx2Cx14Cx2C-LLLL,129.11,0.9701,0.5199,0.1870,0.2150,76.980,/Users/stetef/Documents/SLAC/pdb-scraper/data/large-cys-his-datasets/4cys-large/output/xyz_files/6dcr_ZN_homo_d2.60_cluster3.xyz,178.36,80.773,,81.77,81.417,,90.33,85.270,,166.00,72.923,
6dcr_ZN_homo_d2.60_cluster4,3,#d62728,1,6dcr_ZN_homo_d2.60_cluster4,7.5584,Cx2Cx36Cx2C-SLLL,130.78,0.9752,0.4846,0.1870,0.2150,66.180,/Users/stetef/Documents/SLAC/pdb-scraper/data/large-cys-his-datasets/4cys-large/output/xyz_files/6dcr_ZN_homo_d2.60_cluster4.xyz,170.20,71.497,,90.46,70.743,,90.43,71.007,,172.03,74.547,
6ds6_ZN_homo_d2.60_cluster1,1,#ff7f0e,1,6ds6_ZN_homo_d2.60_cluster1,17.7329,Cx2Cx18Cx2C-LLHH,56.54,0.9738,0.5118,0.2120,0.2530,54.910,/Users/stetef/Documents/SLAC/pdb-scraper/data/large-cys-his-datasets/4cys-large/output/xyz_files/6ds6_ZN_homo_d2.60_cluster1.xyz,86.99,41.177,,85.94,50.927,,-122.56,43.803,,175.78,43.417,
6e33_ZN_homo_d2.60_cluster1,5,#c49c94,1,6e33_ZN_homo_d2.60_cluster1,27.3798,Cx15Cx2Cx6C-HHHL,15.85,0.9649,0.6928,0.1890,0.2150,24.160,/Users/stetef/Documents/SLAC/pdb-scraper/data/large-cys-his-datasets/4cys-large/output/xyz_files/6e33_ZN_homo_d2.60_cluster1.xyz,-73.28,25.350,,-123.17,25.583,,173.52,23.283,,86.31,19.770,
6e33_ZN_homo_d2.60_cluster2,7,#c7c7c7,1,6e33_ZN_homo_d2.60_cluster2,26.9878,Cx2Cx6Cx5C-HHLH,16.70,0.9744,0.6887,0.1890,0.2150,24.160,/Users/stetef/Documents/SLAC/pdb-scraper/data/large-cys-his-datasets/4cys-large/output/xyz_files/6e33_ZN_homo_d2.60_cluster2.xyz,-122.54,20.387,,172.98,19.770,,-70.13,17.803,,86.46,23.283,
6ekb_ZN_homo_d2.60_cluster1,7,#c7c7c7,1,6ekb_ZN_homo_d2.60_cluster1,2.0478,Cx2Cx42Cx2C-LLLL,128.52,0.9946,0.4881,0.1900,0.2160,54.950,/Users/stetef/Documents/SLAC/pdb-scraper/data/large-cys-his-datasets/4cys-large/output/xyz_files/6ekb_ZN_homo_d2.60_cluster1.xyz,101.77,48.320,,95.62,41.153,,157.65,45.893,,159.04,47.157,
6ekb_ZN_homo_d2.60_cluster2,1,#ff7f0e,1,6ekb_ZN_homo_d2.60_cluster2,2.9888,Cx2Cx20Cx2C-LLLL,133.04,0.9899,0.4966,0.1900,0.2160,44.650,/Users/stetef/Documents/SLAC/pdb-scraper/data/large-cys-his-datasets/4cys-large/output/xyz_files/6ekb_ZN_homo_d2.60_cluster2.xyz,97.33,36.783,,162.68,35.830,,95.77,34.307,,176.39,33.143,
6enx_ZN_homo_d2.60_cluster1,8,#dbdb8d,1,6enx_ZN_homo_d2.60_cluster1,11.6279,Cx2Cx37Cx4C-SLLL,-18.63,0.9752,0.5190,0.1970,0.2420,29.920,/Users/stetef/Documents/SLAC/pdb-scraper/data/large-cys-his-datasets/4cys-large/output/xyz_files/6enx_ZN_homo_d2.60_cluster1.xyz,-169.49,27.867,,170.54,30.797,,97.98,30.900,,-173.54,27.060,
6eqs_ZN_homo_d2.60_cluster1,3,#d62728,1,6eqs_ZN_homo_d2.60_cluster1,11.5487,Cx2Cx37Cx4C-SLLL,-23.17,0.9808,0.5203,0.1610,0.2090,15.130,/Users/stetef/Documents/SLAC/pdb-scraper/data/large-cys-his-datasets/4cys-large/output/xyz_files/6eqs_ZN_homo_d2.60_cluster1.xyz,-172.44,15.160,,166.00,17.360,,92.09,16.160,,-178.33,12.620,
6eqs_ZN_homo_d2.60_cluster2,0,#1f77b4,1,6eqs_ZN_homo_d2.60_cluster2,12.3171,Cx2Cx37Cx4C-SLLL,-23.39,0.9798,0.5226,0.1610,0.2090,16.010,/Users/stetef/Documents/SLAC/pdb-scraper/data/large-cys-his-datasets/4cys-large/output/xyz_files/6eqs_ZN_homo_d2.60_cluster2.xyz,89.44,16.063,,168.86,16.777,,-174.21,15.143,,-177.64,13.553,
6eqs_ZN_homo_d2.60_cluster3,0,#1f77b4,1,6eqs_ZN_homo_d2.60_cluster3,12.1091,Cx2Cx37Cx4C-SLLL,-21.71,0.9789,0.5212,0.1610,0.2090,19.110,/Users/stetef/Documents/SLAC/pdb-scraper/data/large-cys-his-datasets/4cys-large/output/xyz_files/6eqs_ZN_homo_d2.60_cluster3.xyz,169.04,21.627,,93.59,19.633,,-171.90,18.750,,-177.55,16.237,
6eqs_ZN_homo_d2.60_cluster4,3,#d62728,1,6eqs_ZN_homo_d2.60_cluster4,11.9174,Cx2Cx37Cx4C-SLLL,-22.89,0.9795,0.5257,0.1610,0.2090,17.670,/Users/stetef/Documents/SLAC/pdb-scraper/data/large-cys-his-datasets/4cys-large/output/xyz_files/6eqs_ZN_homo_d2.60_cluster4.xyz,-167.53,17.623,,90.74,18.910,,162.65,20.453,,-177.41,14.493,
6f6d_ZN_homo_d2.60_cluster1,3,#d62728,1,6f6d_ZN_homo_d2.60_cluster1,18.3282,Cx2Cx23Cx2C-LLHH,61.80,0.9839,0.5002,0.1670,0.2140,27.310,/Users/stetef/Documents/SLAC/pdb-scraper/data/large-cys-his-datasets/4cys-large/output/xyz_files/6f6d_ZN_homo_d2.60_cluster1.xyz,-118.89,35.010,,91.12,25.440,,95.75,29.180,,179.21,24.223,
6fbq_ZN_homo_d2.60_cluster1,5,#c49c94,1,6fbq_ZN_homo_d2.60_cluster1,19.4384,Cx2Cx13Cx2C-LLHH,60.54,0.9872,0.4690,0.1640,0.1980,22.370,/Users/stetef/Documents/SLAC/pdb-scraper/data/large-cys-his-datasets/4cys-large/output/xyz_files/6fbq_ZN_homo_d2.60_cluster1.xyz,91.72,16.160,,88.54,14.760,,176.31,15.680,,-114.43,15.207,
6fbq_ZN_homo_d2.60_cluster2,2,#2ca02c,1,6fbq_ZN_homo_d2.60_cluster2,31.4122,Cx5Cx9Cx2C-LLHH,-35.55,0.9918,0.6378,0.1640,0.1980,26.440,/Users/stetef/Documents/SLAC/pdb-scraper/data/large-cys-his-datasets/4cys-large/output/xyz_files/6fbq_ZN_homo_d2.60_cluster2.xyz,-112.10,16.650,,176.68,17.157,,-108.19,20.903,,-98.59,21.257,
6fbq_ZN_homo_d2.60_cluster3,2,#2ca02c,1,6fbq_ZN_homo_d2.60_cluster3,19.5123,Cx2Cx13Cx2C-LLHH,58.70,0.9839,0.4880,0.1640,0.1980,29.940,/Users/stetef/Documents/SLAC/pdb-scraper/data/large-cys-his-datasets/4cys-large/output/xyz_files/6fbq_ZN_homo_d2.60_cluster3.xyz,92.16,27.393,,172.25,25.510,,-115.00,18.663,,85.40,21.527,
6fbq_ZN_homo_d2.60_cluster4_altlocLIGA,5,#c49c94,1,6fbq_ZN_homo_d2.60_cluster4_altlocLIGA,31.2167,Cx5Cx9Cx2C-LLHH,-35.45,0.9821,0.6197,0.1640,0.1980,51.550,/Users/stetef/Documents/SLAC/pdb-scraper/data/large-cys-his-datasets/4cys-large/output/xyz_files/6fbq_ZN_homo_d2.60_cluster4_altlocLIGA.xyz,-116.13,33.520,,-104.65,46.130,,-93.91,43.683,,172.88,37.097,
6fbq_ZN_homo_d2.60_cluster4_altlocLIGB,5,#c49c94,1,6fbq_ZN_homo_d2.60_cluster4_altlocLIGB,31.2167,Cx5Cx9Cx2C-LLHH,-35.45,0.9821,0.6197,0.1640,0.1980,51.550,/Users/stetef/Documents/SLAC/pdb-scraper/data/large-cys-his-datasets/4cys-large/output/xyz_files/6fbq_ZN_homo_d2.60_cluster4_altlocLIGB.xyz,-116.13,33.520,,-104.65,46.130,,-93.91,43.683,,172.88,37.097,
6fbu_ZN_homo_d2.60_cluster1,2,#2ca02c,1,6fbu_ZN_homo_d2.60_cluster1,11.0175,Cx2Cx16Cx2C-LLLL,129.38,0.9586,0.5183,0.2430,0.2810,27.560,/Users/stetef/Documents/SLAC/pdb-scraper/data/large-cys-his-datasets/4cys-large/output/xyz_files/6fbu_ZN_homo_d2.60_cluster1.xyz,161.49,30.537,,174.62,29.783,,89.14,26.867,,92.26,30.043,
6ffz_ZN_homo_d2.60_cluster1,3,#d62728,1,6ffz_ZN_homo_d2.60_cluster1,28.0665,Cx2Cx2Cx7C-LHHH,-10.36,0.9775,0.7910,0.1620,0.1830,21.030,/Users/stetef/Documents/SLAC/pdb-scraper/data/large-cys-his-datasets/4cys-large/output/xyz_files/6ffz_ZN_homo_d2.60_cluster1.xyz,59.05,23.077,,-77.26,20.030,,92.32,20.673,,-115.54,18.970,
6ffz_ZN_homo_d2.60_cluster3,0,#1f77b4,1,6ffz_ZN_homo_d2.60_cluster3,28.3178,Cx2Cx2Cx7C-LHHH,-9.78,0.9758,0.7993,0.1620,0.1830,21.080,/Users/stetef/Documents/SLAC/pdb-scraper/data/large-cys-his-datasets/4cys-large/output/xyz_files/6ffz_ZN_homo_d2.60_cluster3.xyz,91.39,21.837,,59.49,22.277,,-74.73,20.523,,-115.26,19.807,
6ffz_ZN_homo_d2.60_cluster5,0,#1f77b4,1,6ffz_ZN_homo_d2.60_cluster5,28.2561,Cx2Cx2Cx7C-LHHH,-9.39,0.9799,0.7988,0.1620,0.1830,21.630,/Users/stetef/Documents/SLAC/pdb-scraper/data/large-cys-his-datasets/4cys-large/output/xyz_files/6ffz_ZN_homo_d2.60_cluster5.xyz,92.05,20.353,,-75.40,21.603,,60.46,22.640,,-114.66,19.457,
6ffz_ZN_homo_d2.60_cluster7,3,#d62728,1,6ffz_ZN_homo_d2.60_cluster7,28.3082,Cx2Cx2Cx7C-LHHH,-10.79,0.9798,0.7992,0.1620,0.1830,21.920,/Users/stetef/Documents/SLAC/pdb-scraper/data/large-cys-his-datasets/4cys-large/output/xyz_files/6ffz_ZN_homo_d2.60_cluster7.xyz,58.66,23.813,,-115.04,20.467,,-76.96,22.793,,90.16,22.293,
6fg0_ZN_homo_d2.60_cluster1,3,#d62728,1,6fg0_ZN_homo_d2.60_cluster1,28.5476,Cx2Cx2Cx7C-LHHH,-10.02,0.9749,0.7953,0.1640,0.1810,22.360,/Users/stetef/Documents/SLAC/pdb-scraper/data/large-cys-his-datasets/4cys-large/output/xyz_files/6fg0_ZN_homo_d2.60_cluster1.xyz,60.11,24.380,,90.94,23.237,,-116.57,21.000,,-74.55,22.993,
6fg0_ZN_homo_d2.60_cluster3,5,#c49c94,1,6fg0_ZN_homo_d2.60_cluster3,28.2183,Cx2Cx2Cx7C-LHHH,-9.79,0.9769,0.7949,0.1640,0.1810,22.040,/Users/stetef/Documents/SLAC/pdb-scraper/data/large-cys-his-datasets/4cys-large/output/xyz_files/6fg0_ZN_homo_d2.60_cluster3.xyz,59.56,23.670,,-115.68,20.707,,91.75,22.290,,-74.78,22.183,
6fg0_ZN_homo_d2.60_cluster5,0,#1f77b4,1,6fg0_ZN_homo_d2.60_cluster5,28.4373,Cx2Cx2Cx7C-LHHH,-9.67,0.9743,0.7974,0.1640,0.1810,21.790,/Users/stetef/Documents/SLAC/pdb-scraper/data/large-cys-his-datasets/4cys-large/output/xyz_files/6fg0_ZN_homo_d2.60_cluster5.xyz,90.97,21.973,,59.91,24.720,,-115.27,21.357,,-74.27,23.690,
6fg0_ZN_homo_d2.60_cluster7,3,#d62728,1,6fg0_ZN_homo_d2.60_cluster7,28.5248,Cx2Cx2Cx7C-LHHH,-10.52,0.9770,0.7987,0.1640,0.1810,21.780,/Users/stetef/Documents/SLAC/pdb-scraper/data/large-cys-his-datasets/4cys-large/output/xyz_files/6fg0_ZN_homo_d2.60_cluster7.xyz,-114.93,21.303,,58.52,24.940,,90.06,21.870,,-75.73,23.960,
6fhq_ZN_homo_d2.60_cluster2,5,#c49c94,1,6fhq_ZN_homo_d2.60_cluster2,12.8589,Cx2Cx22Cx2C-LLHH,60.63,0.9961,0.4898,0.1870,0.2390,28.250,/Users/stetef/Documents/SLAC/pdb-scraper/data/large-cys-his-datasets/4cys-large/output/xyz_files/6fhq_ZN_homo_d2.60_cluster2.xyz,93.83,33.597,,90.18,28.353,,171.92,27.973,,-113.40,29.413,
6fhq_ZN_homo_d2.60_cluster4,0,#1f77b4,1,6fhq_ZN_homo_d2.60_cluster4,11.7957,Cx2Cx22Cx2C-LLHH,61.52,0.9954,0.4943,0.1870,0.2390,28.660,/Users/stetef/Documents/SLAC/pdb-scraper/data/large-cys-his-datasets/4cys-large/output/xyz_files/6fhq_ZN_homo_d2.60_cluster4.xyz,177.04,29.657,,-110.91,33.363,,86.62,26.803,,93.33,33.533,
6fhu_ZN_homo_d2.60_cluster2,3,#d62728,1,6fhu_ZN_homo_d2.60_cluster2,15.8282,Cx2Cx22Cx2C-LLHH,60.99,0.9811,0.5025,0.1950,0.2350,30.720,/Users/stetef/Documents/SLAC/pdb-scraper/data/large-cys-his-datasets/4cys-large/output/xyz_files/6fhu_ZN_homo_d2.60_cluster2.xyz,173.41,36.360,,88.44,39.260,,-103.33,33.697,,85.45,31.763,
6fhu_ZN_homo_d2.60_cluster4,0,#1f77b4,1,6fhu_ZN_homo_d2.60_cluster4,12.4265,Cx2Cx22Cx2C-LLHH,64.58,0.9862,0.4762,0.1950,0.2350,34.490,/Users/stetef/Documents/SLAC/pdb-scraper/data/large-cys-his-datasets/4cys-large/output/xyz_files/6fhu_ZN_homo_d2.60_cluster4.xyz,95.17,49.287,,-98.43,47.340,,87.53,38.257,,174.05,41.830,
6fhu_ZN_homo_d2.60_cluster6,0,#1f77b4,1,6fhu_ZN_homo_d2.60_cluster6,15.3142,Cx2Cx22Cx2C-LLHH,59.22,0.9916,0.4859,0.1950,0.2350,22.670,/Users/stetef/Documents/SLAC/pdb-scraper/data/large-cys-his-datasets/4cys-large/output/xyz_files/6fhu_ZN_homo_d2.60_cluster6.xyz,85.35,28.197,,-107.79,32.173,,171.60,29.477,,87.72,26.927,
6fhu_ZN_homo_d2.60_cluster8,5,#c49c94,1,6fhu_ZN_homo_d2.60_cluster8,17.2062,Cx2Cx22Cx2C-LLHH,60.74,0.9795,0.4976,0.1950,0.2350,23.660,/Users/stetef/Documents/SLAC/pdb-scraper/data/large-cys-his-datasets/4cys-large/output/xyz_files/6fhu_ZN_homo_d2.60_cluster8.xyz,86.97,30.983,,173.84,29.973,,-107.05,24.930,,89.21,23.880,
6fi0_ZN_homo_d2.60_cluster2,8,#dbdb8d,1,6fi0_ZN_homo_d2.60_cluster2,15.8553,Cx2Cx22Cx2C-LLHH,60.29,0.9850,0.4932,0.1920,0.2310,29.560,/Users/stetef/Documents/SLAC/pdb-scraper/data/large-cys-his-datasets/4cys-large/output/xyz_files/6fi0_ZN_homo_d2.60_cluster2.xyz,174.49,32.357,,85.56,37.223,,87.46,29.007,,-106.37,30.733,
6fi0_ZN_homo_d2.60_cluster4,3,#d62728,1,6fi0_ZN_homo_d2.60_cluster4,12.9619,Cx2Cx22Cx2C-LLHH,66.63,0.9818,0.4739,0.1920,0.2310,43.780,/Users/stetef/Documents/SLAC/pdb-scraper/data/large-cys-his-datasets/4cys-large/output/xyz_files/6fi0_ZN_homo_d2.60_cluster4.xyz,93.03,54.873,,92.80,45.347,,179.71,44.140,,-99.01,57.517,
6fi0_ZN_homo_d2.60_cluster6,3,#d62728,1,6fi0_ZN_homo_d2.60_cluster6,15.9856,Cx2Cx22Cx2C-LLHH,62.10,0.9906,0.4892,0.1920,0.2310,24.530,/Users/stetef/Documents/SLAC/pdb-scraper/data/large-cys-his-datasets/4cys-large/output/xyz_files/6fi0_ZN_homo_d2.60_cluster6.xyz,176.57,27.250,,88.44,25.580,,90.40,27.917,,-107.01,29.693,
6fi0_ZN_homo_d2.60_cluster8,5,#c49c94,1,6fi0_ZN_homo_d2.60_cluster8,17.4878,Cx2Cx22Cx2C-LLHH,59.73,0.9846,0.5051,0.1920,0.2310,24.680,/Users/stetef/Documents/SLAC/pdb-scraper/data/large-cys-his-datasets/4cys-large/output/xyz_files/6fi0_ZN_homo_d2.60_cluster8.xyz,172.51,28.807,,86.23,30.043,,-110.92,24.343,,91.12,23.383,
6fkp_ZN_homo_d2.60_cluster2,2,#2ca02c,1,6fkp_ZN_homo_d2.60_cluster2,15.1772,Cx2Cx22Cx2C-LLHH,60.86,0.9899,0.4959,0.1950,0.2230,32.190,/Users/stetef/Documents/SLAC/pdb-scraper/data/large-cys-his-datasets/4cys-large/output/xyz_files/6fkp_ZN_homo_d2.60_cluster2.xyz,89.23,36.487,,172.07,34.497,,88.50,30.923,,-106.35,32.013,
6fkp_ZN_homo_d2.60_cluster4,7,#c7c7c7,1,6fkp_ZN_homo_d2.60_cluster4,13.2203,Cx2Cx22Cx2C-LLHH,63.07,0.9904,0.4887,0.1950,0.2230,39.950,/Users/stetef/Documents/SLAC/pdb-scraper/data/large-cys-his-datasets/4cys-large/output/xyz_files/6fkp_ZN_homo_d2.60_cluster4.xyz,175.18,38.293,,89.06,43.643,,89.27,37.327,,-101.22,43.637,
6fkp_ZN_homo_d2.60_cluster6,8,#dbdb8d,1,6fkp_ZN_homo_d2.60_cluster6,16.6235,Cx2Cx22Cx2C-LLHH,61.04,0.9893,0.4969,0.1950,0.2230,25.770,/Users/stetef/Documents/SLAC/pdb-scraper/data/large-cys-his-datasets/4cys-large/output/xyz_files/6fkp_ZN_homo_d2.60_cluster6.xyz,172.21,28.467,,-107.48,29.323,,88.67,27.113,,90.79,26.110,
6fkp_ZN_homo_d2.60_cluster8,8,#dbdb8d,1,6fkp_ZN_homo_d2.60_cluster8,16.5777,Cx2Cx22Cx2C-LLHH,60.26,0.9833,0.4959,0.1950,0.2230,26.770,/Users/stetef/Documents/SLAC/pdb-scraper/data/large-cys-his-datasets/4cys-large/output/xyz_files/6fkp_ZN_homo_d2.60_cluster8.xyz,170.43,30.080,,88.54,29.670,,-107.42,25.290,,89.49,25.047,
6fl1_ZN_homo_d2.60_cluster1,3,#d62728,1,6fl1_ZN_homo_d2.60_cluster1,15.9509,Cx2Cx16Cx2C-LLLL,87.48,0.9766,0.4644,0.1640,0.1780,21.400,/Users/stetef/Documents/SLAC/pdb-scraper/data/large-cys-his-datasets/4cys-large/output/xyz_files/6fl1_ZN_homo_d2.60_cluster1.xyz,179.74,20.447,,170.16,20.740,,92.94,26.473,,-92.91,20.170,
6fp5_ZN_homo_d2.60_cluster1,9,#9edae5,1,6fp5_ZN_homo_d2.60_cluster1,15.9840,Cx2Cx48Cx2C-LLHH,60.99,0.9926,0.4869,0.1610,0.1920,24.820,/Users/stetef/Documents/SLAC/pdb-scraper/data/large-cys-his-datasets/4cys-large/output/xyz_files/6fp5_ZN_homo_d2.60_cluster1.xyz,-118.58,21.627,,178.18,22.730,,94.82,25.920,,89.53,22.403,
6fp5_ZN_homo_d2.60_cluster2,3,#d62728,1,6fp5_ZN_homo_d2.60_cluster2,16.2679,Cx2Cx48Cx2C-LLHH,59.90,0.9922,0.4837,0.1610,0.1920,25.870,/Users/stetef/Documents/SLAC/pdb-scraper/data/large-cys-his-datasets/4cys-large/output/xyz_files/6fp5_ZN_homo_d2.60_cluster2.xyz,-121.67,22.997,,91.81,25.403,,179.21,24.563,,90.26,25.303,
6fuk_ZN_homo_d2.60_cluster1,2,#2ca02c,1,6fuk_ZN_homo_d2.60_cluster1,18.9793,Cx2Cx23Cx2C-LLHH,56.62,0.9912,0.5094,0.1880,0.2280,61.010,/Users/stetef/Documents/SLAC/pdb-scraper/data/large-cys-his-datasets/4cys-large/output/xyz_files/6fuk_ZN_homo_d2.60_cluster1.xyz,176.91,60.467,,85.83,62.023,,88.13,53.697,,-124.39,64.923,
6ful_ZN_homo_d2.60_cluster1,7,#c7c7c7,1,6ful_ZN_homo_d2.60_cluster1,17.2811,Cx2Cx23Cx2C-LLHH,58.91,0.9942,0.4979,0.1780,0.2080,32.680,/Users/stetef/Documents/SLAC/pdb-scraper/data/large-cys-his-datasets/4cys-large/output/xyz_files/6ful_ZN_homo_d2.60_cluster1.xyz,93.69,31.103,,175.62,31.767,,-123.08,33.920,,89.40,33.493,
6g5n_ZN_homo_d2.60_cluster2,3,#d62728,1,6g5n_ZN_homo_d2.60_cluster2,9.5595,Cx2Cx21Cx2C-LLHH,-25.96,0.9879,0.4741,0.1770,0.2200,37.510,/Users/stetef/Documents/SLAC/pdb-scraper/data/large-cys-his-datasets/4cys-large/output/xyz_files/6g5n_ZN_homo_d2.60_cluster2.xyz,93.85,41.527,,-177.46,37.427,,-98.79,37.583,,78.55,31.843,
6g5n_ZN_homo_d2.60_cluster4,0,#1f77b4,1,6g5n_ZN_homo_d2.60_cluster4,8.8343,Cx2Cx21Cx2C-LLHH,62.96,0.9879,0.4799,0.1770,0.2200,33.850,/Users/stetef/Documents/SLAC/pdb-scraper/data/large-cys-his-datasets/4cys-large/output/xyz_files/6g5n_ZN_homo_d2.60_cluster4.xyz,92.29,40.337,,81.16,29.353,,178.47,33.253,,-100.10,34.360,
6g5p_ZN_homo_d2.60_cluster2,2,#2ca02c,1,6g5p_ZN_homo_d2.60_cluster2,9.1065,Cx2Cx21Cx2C-LLHH,-26.31,0.9863,0.4794,0.1390,0.1740,30.250,/Users/stetef/Documents/SLAC/pdb-scraper/data/large-cys-his-datasets/4cys-large/output/xyz_files/6g5p_ZN_homo_d2.60_cluster2.xyz,-174.19,32.087,,87.77,33.193,,80.77,24.097,,-99.58,27.073,
6g5p_ZN_homo_d2.60_cluster4,3,#d62728,1,6g5p_ZN_homo_d2.60_cluster4,9.4122,Cx2Cx21Cx2C-LLHH,-27.35,0.9872,0.4861,0.1390,0.1740,23.110,/Users/stetef/Documents/SLAC/pdb-scraper/data/large-cys-his-datasets/4cys-large/output/xyz_files/6g5p_ZN_homo_d2.60_cluster4.xyz,-178.04,23.747,,81.18,19.807,,90.21,27.687,,-102.77,21.660,
6gha_ZN_homo_d2.60_cluster1,1,#ff7f0e,1,6gha_ZN_homo_d2.60_cluster1,8.9797,Cx2Cx357Cx2C-LLSL,35.48,0.9785,0.4469,0.2000,0.2340,60.030,/Users/stetef/Documents/SLAC/pdb-scraper/data/large-cys-his-datasets/4cys-large/output/xyz_files/6gha_ZN_homo_d2.60_cluster1.xyz,98.93,78.487,,168.95,70.773,,-170.46,72.943,,44.48,88.453,
6glc_ZN_homo_d2.60_cluster3,7,#c7c7c7,1,6glc_ZN_homo_d2.60_cluster3,10.5586,Cx2Cx26Cx4C-SLSL,69.09,0.9750,0.5110,0.1810,0.2050,59.760,/Users/stetef/Documents/SLAC/pdb-scraper/data/large-cys-his-datasets/4cys-large/output/xyz_files/6glc_ZN_homo_d2.60_cluster3.xyz,-162.19,55.910,,105.00,59.467,,166.22,54.937,,167.35,63.130,
6glc_ZN_homo_d2.60_cluster4,5,#c49c94,1,6glc_ZN_homo_d2.60_cluster4,13.2196,Cx2Cx18Cx2C-LLSH,60.82,0.9848,0.4996,0.1810,0.2050,31.030,/Users/stetef/Documents/SLAC/pdb-scraper/data/large-cys-his-datasets/4cys-large/output/xyz_files/6glc_ZN_homo_d2.60_cluster4.xyz,96.98,34.380,,90.60,26.547,,-117.97,27.893,,173.65,27.650,
6glc_ZN_homo_d2.60_cluster5,2,#2ca02c,1,6glc_ZN_homo_d2.60_cluster5,11.9424,Cx4Cx14Cx7C-LLLL,152.76,0.9939,0.5199,0.1810,0.2050,35.380,/Users/stetef/Documents/SLAC/pdb-scraper/data/large-cys-his-datasets/4cys-large/output/xyz_files/6glc_ZN_homo_d2.60_cluster5.xyz,89.60,44.513,,170.10,36.900,,173.91,31.133,,177.44,37.877,
6grh_ZN_homo_d2.60_cluster1,8,#dbdb8d,1,6grh_ZN_homo_d2.60_cluster1,7.3237,Cx2Cx94Cx1C-HHLH,71.34,0.9463,0.4782,0.1740,0.2070,26.000,/Users/stetef/Documents/SLAC/pdb-scraper/data/large-cys-his-datasets/4cys-large/output/xyz_files/6grh_ZN_homo_d2.60_cluster1.xyz,161.99,30.377,,115.21,33.037,,77.11,26.457,,-68.94,26.043,
6grh_ZN_homo_d2.60_cluster2,3,#d62728,1,6grh_ZN_homo_d2.60_cluster2,2.6745,Cx2Cx94Cx1C-HHHH,74.60,0.9510,0.4503,0.1740,0.2070,28.020,/Users/stetef/Documents/SLAC/pdb-scraper/data/large-cys-his-datasets/4cys-large/output/xyz_files/6grh_ZN_homo_d2.60_cluster2.xyz,113.07,33.223,,74.29,27.583,,160.12,32.973,,-49.07,27.807,
6h0s_ZN_homo_d2.60_cluster1,3,#d62728,1,6h0s_ZN_homo_d2.60_cluster1,16.1002,Cx2Cx16Cx2C-LLLL,86.42,0.9749,0.4674,0.1580,0.1770,26.410,/Users/stetef/Documents/SLAC/pdb-scraper/data/large-cys-his-datasets/4cys-large/output/xyz_files/6h0s_ZN_homo_d2.60_cluster1.xyz,172.23,25.610,,-93.83,23.957,,88.08,32.390,,179.19,23.930,
6hoy_ZN_homo_d2.60_cluster2,8,#dbdb8d,1,6hoy_ZN_homo_d2.60_cluster2,13.6906,Cx2Cx21Cx10C-SLLL,-30.20,0.9794,0.4909,0.1550,0.1850,52.370,/Users/stetef/Documents/SLAC/pdb-scraper/data/large-cys-his-datasets/4cys-large/output/xyz_files/6hoy_ZN_homo_d2.60_cluster2.xyz,-176.68,51.397,,77.09,52.733,,-174.19,53.387,,153.00,60.033,
6hpr_ZN_homo_d2.60_cluster1,0,#1f77b4,1,6hpr_ZN_homo_d2.60_cluster1,15.3461,Cx2Cx17Cx2C-LLLH,60.06,0.9919,0.5283,0.1720,0.1970,22.720,/Users/stetef/Documents/SLAC/pdb-scraper/data/large-cys-his-datasets/4cys-large/output/xyz_files/6hpr_ZN_homo_d2.60_cluster1.xyz,175.56,17.133,,-113.88,22.543,,84.96,20.217,,93.59,23.523,
6htj_ZN_homo_d2.60_cluster1,5,#c49c94,1,6htj_ZN_homo_d2.60_cluster1,4.1245,Cx2Cx10Cx2C-SLLL,133.91,0.9887,0.4703,0.1920,0.2070,13.290,/Users/stetef/Documents/SLAC/pdb-scraper/data/large-cys-his-datasets/4cys-large/output/xyz_files/6htj_ZN_homo_d2.60_cluster1.xyz,95.93,13.697,,176.31,12.917,,92.01,13.417,,171.39,11.840,
6htj_ZN_homo_d2.60_cluster2,1,#ff7f0e,1,6htj_ZN_homo_d2.60_cluster2,3.5140,Cx2Cx10Cx2C-SLLL,133.41,0.9868,0.4755,0.1920,0.2070,14.250,/Users/stetef/Documents/SLAC/pdb-scraper/data/large-cys-his-datasets/4cys-large/output/xyz_files/6htj_ZN_homo_d2.60_cluster2.xyz,93.09,13.967,,91.78,14.450,,176.84,14.483,,171.94,13.290,
6ieu_ZN_homo_d2.60_cluster2,2,#2ca02c,1,6ieu_ZN_homo_d2.60_cluster2,11.4316,Cx2Cx22Cx2C-LLHH,-28.13,0.9863,0.4950,0.1880,0.2170,29.070,/Users/stetef/Documents/SLAC/pdb-scraper/data/large-cys-his-datasets/4cys-large/output/xyz_files/6ieu_ZN_homo_d2.60_cluster2.xyz,87.24,29.567,,-178.73,28.273,,-110.49,30.657,,89.45,26.837,
6iiw_ZN_homo_d2.60_cluster1,8,#dbdb8d,1,6iiw_ZN_homo_d2.60_cluster1,8.8542,Cx2Cx7Cx2C-LLLL,131.31,0.9754,0.5034,0.1770,0.1890,21.590,/Users/stetef/Documents/SLAC/pdb-scraper/data/large-cys-his-datasets/4cys-large/output/xyz_files/6iiw_ZN_homo_d2.60_cluster1.xyz,161.99,27.873,,173.14,17.587,,89.79,19.683,,100.31,23.340,
6iiw_ZN_homo_d2.60_cluster3,3,#d62728,1,6iiw_ZN_homo_d2.60_cluster3,14.4509,Cx2Cx23Cx2C-LLLL,62.07,0.9975,0.5028,0.1770,0.1890,19.550,/Users/stetef/Documents/SLAC/pdb-scraper/data/large-cys-his-datasets/4cys-large/output/xyz_files/6iiw_ZN_homo_d2.60_cluster3.xyz,-118.31,24.273,,95.13,19.767,,93.83,19.047,,177.63,18.377,
6iwd_ZN_homo_d2.60_cluster1,0,#1f77b4,1,6iwd_ZN_homo_d2.60_cluster1,15.5115,Cx2Cx29Cx2C-LLHH,62.60,0.9980,0.4884,0.1870,0.2130,41.350,/Users/stetef/Documents/SLAC/pdb-scraper/data/large-cys-his-datasets/4cys-large/output/xyz_files/6iwd_ZN_homo_d2.60_cluster1.xyz,91.99,37.183,,106.00,42.583,,-117.70,42.590,,170.12,31.820,
6j8m_ZN_homo_d2.60_cluster1,3,#d62728,1,6j8m_ZN_homo_d2.60_cluster1,2.4671,Cx1Cx19Cx2C-SLLL,112.82,0.9912,0.4744,0.1740,0.1990,33.080,/Users/stetef/Documents/SLAC/pdb-scraper/data/large-cys-his-datasets/4cys-large/output/xyz_files/6j8m_ZN_homo_d2.60_cluster1.xyz,58.29,33.813,,125.78,32.400,,174.55,31.420,,92.66,32.923,
6j8m_ZN_homo_d2.60_cluster2,5,#c49c94,1,6j8m_ZN_homo_d2.60_cluster2,2.9370,Cx1Cx19Cx2C-SLLL,113.95,0.9926,0.4765,0.1740,0.1990,34.300,/Users/stetef/Documents/SLAC/pdb-scraper/data/large-cys-his-datasets/4cys-large/output/xyz_files/6j8m_ZN_homo_d2.60_cluster2.xyz,174.39,32.950,,61.73,34.253,,128.56,31.580,,91.11,33.720,
6j9j_ZN_homo_d2.60_cluster1,1,#ff7f0e,1,6j9j_ZN_homo_d2.60_cluster1,24.0695,Cx1Cx14Cx3C-LLLH,-75.52,0.9868,0.6010,0.1900,0.2060,27.840,/Users/stetef/Documents/SLAC/pdb-scraper/data/large-cys-his-datasets/4cys-large/output/xyz_files/6j9j_ZN_homo_d2.60_cluster1.xyz,-169.64,31.290,,-86.91,26.967,,-120.02,32.273,,74.48,24.727,
6j9j_ZN_homo_d2.60_cluster2,2,#2ca02c,1,6j9j_ZN_homo_d2.60_cluster2,35.3939,Cx12Cx3Cx5C-LLLH,-152.86,0.9585,0.6235,0.1900,0.2060,24.820,/Users/stetef/Documents/SLAC/pdb-scraper/data/large-cys-his-datasets/4cys-large/output/xyz_files/6j9j_ZN_homo_d2.60_cluster2.xyz,-146.20,26.313,,-109.50,23.020,,-178.06,24.727,,-177.67,21.767,
6j9j_ZN_homo_d2.60_cluster3,6,#f7b6d2,1,6j9j_ZN_homo_d2.60_cluster3,29.6604,Cx46Cx1Cx4C-LLLL,14.61,0.9954,0.6894,0.1900,0.2060,22.710,/Users/stetef/Documents/SLAC/pdb-scraper/data/large-cys-his-datasets/4cys-large/output/xyz_files/6j9j_ZN_homo_d2.60_cluster3.xyz,-67.95,27.230,,137.62,21.233,,96.23,23.710,,-107.46,22.610,
6je8_ZN_homo_d2.60_cluster1,1,#ff7f0e,1,6je8_ZN_homo_d2.60_cluster1,6.7193,Cx19Cx40Cx2C-LLHH,-68.61,0.9847,0.3783,0.1450,0.1770,13.360,/Users/stetef/Documents/SLAC/pdb-scraper/data/large-cys-his-datasets/4cys-large/output/xyz_files/6je8_ZN_homo_d2.60_cluster1.xyz,-85.65,11.857,,-179.42,12.053,,78.94,12.543,,-88.31,13.110,
6jeb_ZN_homo_d2.60_cluster1,7,#c7c7c7,1,6jeb_ZN_homo_d2.60_cluster1,7.6978,Cx19Cx40Cx2C-LLHH,22.11,0.9812,0.3893,0.1140,0.1410,16.030,/Users/stetef/Documents/SLAC/pdb-scraper/data/large-cys-his-datasets/4cys-large/output/xyz_files/6jeb_ZN_homo_d2.60_cluster1.xyz,179.95,15.280,,-83.08,14.867,,77.29,15.233,,-85.73,16.323,
6juw_ZN_homo_d2.60_cluster1,7,#c7c7c7,1,6juw_ZN_homo_d2.60_cluster1,2.2938,Cx1Cx19Cx2C-SLLL,103.66,0.9219,0.4848,0.1580,0.1880,55.630,/Users/stetef/Documents/SLAC/pdb-scraper/data/large-cys-his-datasets/4cys-large/output/xyz_files/6juw_ZN_homo_d2.60_cluster1.xyz,86.47,68.433,,48.04,61.027,,116.86,36.197,,163.30,38.257,
6juw_ZN_homo_d2.60_cluster2,1,#ff7f0e,1,6juw_ZN_homo_d2.60_cluster2,3.3676,Cx1Cx19Cx2C-SLLL,101.32,0.8471,0.4900,0.1580,0.1880,55.500,/Users/stetef/Documents/SLAC/pdb-scraper/data/large-cys-his-datasets/4cys-large/output/xyz_files/6juw_ZN_homo_d2.60_cluster2.xyz,78.30,73.407,,42.60,61.923,,120.96,36.797,,163.40,41.213,
6jy3_ZN_homo_d2.60_cluster1,5,#c49c94,1,6jy3_ZN_homo_d2.60_cluster1,0.7167,Cx1Cx19Cx2C-SLLL,113.11,0.9857,0.4724,0.1530,0.1920,43.870,/Users/stetef/Documents/SLAC/pdb-scraper/data/large-cys-his-datasets/4cys-large/output/xyz_files/6jy3_ZN_homo_d2.60_cluster1.xyz,89.99,46.267,,59.36,44.987,,175.97,41.970,,127.11,40.867,
6jy4_ZN_homo_d2.60_cluster1,7,#c7c7c7,1,6jy4_ZN_homo_d2.60_cluster1,1.0977,Cx1Cx19Cx2C-SLLL,115.46,0.9841,0.4762,0.1550,0.2050,47.470,/Users/stetef/Documents/SLAC/pdb-scraper/data/large-cys-his-datasets/4cys-large/output/xyz_files/6jy4_ZN_homo_d2.60_cluster1.xyz,61.84,47.227,,95.67,48.520,,128.90,44.347,,175.44,47.867,
6kc5_ZN_homo_d2.60_cluster1_altlocZnA,8,#dbdb8d,1,6kc5_ZN_homo_d2.60_cluster1_altlocZnA,11.1697,Cx2Cx15Cx2C-LLLL,128.91,0.8760,0.5348,0.1990,0.2170,36.655,/Users/stetef/Documents/SLAC/pdb-scraper/data/large-cys-his-datasets/4cys-large/output/xyz_files/6kc5_ZN_homo_d2.60_cluster1_altlocZnA.xyz,170.24,42.960,,163.34,41.367,,97.16,44.718,,84.90,46.057,
6kc5_ZN_homo_d2.60_cluster1_altlocZnB,0,#1f77b4,1,6kc5_ZN_homo_d2.60_cluster1_altlocZnB,11.2396,Cx2Cx15Cx2C-LLLL,86.90,0.9615,0.4885,0.1990,0.2170,36.655,/Users/stetef/Documents/SLAC/pdb-scraper/data/large-cys-his-datasets/4cys-large/output/xyz_files/6kc5_ZN_homo_d2.60_cluster1_altlocZnB.xyz,-82.19,44.718,,164.73,41.367,,94.31,46.057,,170.74,42.960,
6kgi_ZN_homo_d2.60_cluster1,3,#d62728,1,6kgi_ZN_homo_d2.60_cluster1,16.3338,Cx24Cx2Cx23C-LSLL,-10.00,0.9646,0.4708,0.1900,0.2020,10.080,/Users/stetef/Documents/SLAC/pdb-scraper/data/large-cys-his-datasets/4cys-large/output/xyz_files/6kgi_ZN_homo_d2.60_cluster1.xyz,171.94,11.140,,94.49,9.933,,-178.14,10.667,,-128.29,9.620,
6kqq_ZN_homo_d2.60_cluster1,5,#c49c94,1,6kqq_ZN_homo_d2.60_cluster1,29.9335,Cx46Cx1Cx4C-LLLL,14.95,0.9945,0.6851,0.1650,0.2010,20.470,/Users/stetef/Documents/SLAC/pdb-scraper/data/large-cys-his-datasets/4cys-large/output/xyz_files/6kqq_ZN_homo_d2.60_cluster1.xyz,97.43,23.060,,141.41,18.490,,-72.48,24.557,,-106.54,19.290,
6kqq_ZN_homo_d2.60_cluster2,3,#d62728,1,6kqq_ZN_homo_d2.60_cluster2,35.2943,Cx14Cx4Cx5C-LLLH,24.39,0.9792,0.6394,0.1650,0.2010,19.650,/Users/stetef/Documents/SLAC/pdb-scraper/data/large-cys-his-datasets/4cys-large/output/xyz_files/6kqq_ZN_homo_d2.60_cluster2.xyz,-101.51,21.360,,178.31,19.973,,175.58,21.683,,-154.82,22.737,
6kqq_ZN_homo_d2.60_cluster3,5,#c49c94,1,6kqq_ZN_homo_d2.60_cluster3,21.7022,Cx1Cx7Cx5C-LLLH,-79.20,0.9813,0.6119,0.1650,0.2010,21.990,/Users/stetef/Documents/SLAC/pdb-scraper/data/large-cys-his-datasets/4cys-large/output/xyz_files/6kqq_ZN_homo_d2.60_cluster3.xyz,-166.91,25.327,,-96.51,23.983,,65.69,21.683,,-119.07,22.243,
6kqq_ZN_homo_d2.60_cluster4,8,#dbdb8d,1,6kqq_ZN_homo_d2.60_cluster4,34.3293,Cx14Cx4Cx5C-LLLH,22.84,0.9805,0.6285,0.1650,0.2010,11.490,/Users/stetef/Documents/SLAC/pdb-scraper/data/large-cys-his-datasets/4cys-large/output/xyz_files/6kqq_ZN_homo_d2.60_cluster4.xyz,-153.77,11.360,,171.93,12.687,,-103.49,11.907,,176.71,12.350,
6kqq_ZN_homo_d2.60_cluster5,2,#2ca02c,1,6kqq_ZN_homo_d2.60_cluster5,23.0817,Cx1Cx7Cx5C-LLLH,-85.03,0.9831,0.6129,0.1650,0.2010,11.710,/Users/stetef/Documents/SLAC/pdb-scraper/data/large-cys-his-datasets/4cys-large/output/xyz_files/6kqq_ZN_homo_d2.60_cluster5.xyz,-173.75,11.330,,-106.38,11.227,,62.87,12.350,,-122.85,13.743,
6kqq_ZN_homo_d2.60_cluster6,3,#d62728,1,6kqq_ZN_homo_d2.60_cluster6,29.3529,Cx46Cx1Cx4C-LLLL,15.58,0.9898,0.6663,0.1650,0.2010,33.060,/Users/stetef/Documents/SLAC/pdb-scraper/data/large-cys-his-datasets/4cys-large/output/xyz_files/6kqq_ZN_homo_d2.60_cluster6.xyz,137.69,31.070,,100.73,31.347,,-100.93,28.610,,-75.16,38.290,
6l65_ZN_homo_d2.60_cluster1,0,#1f77b4,1,6l65_ZN_homo_d2.60_cluster1,16.2481,Cx4Cx20Cx2C-SLLL,62.69,0.9721,0.5096,0.1790,0.2180,10.490,/Users/stetef/Documents/SLAC/pdb-scraper/data/large-cys-his-datasets/4cys-large/output/xyz_files/6l65_ZN_homo_d2.60_cluster1.xyz,86.00,8.783,,-163.11,7.883,,154.05,9.817,,173.85,9.203,
6ljh_ZN_homo_d2.60_cluster1,6,#f7b6d2,1,6ljh_ZN_homo_d2.60_cluster1,28.9237,Cx2Cx2Cx7C-LHHL,-4.24,0.9739,0.8104,0.1530,0.1800,16.250,/Users/stetef/Documents/SLAC/pdb-scraper/data/large-cys-his-datasets/4cys-large/output/xyz_files/6ljh_ZN_homo_d2.60_cluster1.xyz,-113.68,15.387,,94.85,14.913,,-63.13,13.597,,65.01,15.860,
6ljk_ZN_homo_d2.60_cluster1,3,#d62728,1,6ljk_ZN_homo_d2.60_cluster1,11.9212,Cx2Cx37Cx4C-SLLL,-22.61,0.9852,0.5294,0.1230,0.1580,11.000,/Users/stetef/Documents/SLAC/pdb-scraper/data/large-cys-his-datasets/4cys-large/output/xyz_files/6ljk_ZN_homo_d2.60_cluster1.xyz,94.45,12.057,,166.51,11.110,,-171.93,10.570,,-179.49,9.493,
6ljm_ZN_homo_d2.60_cluster1,7,#c7c7c7,1,6ljm_ZN_homo_d2.60_cluster1,9.5888,Cx2Cx37Cx4C-SLLL,-23.54,0.9926,0.5013,0.1660,0.1970,16.780,/Users/stetef/Documents/SLAC/pdb-scraper/data/large-cys-his-datasets/4cys-large/output/xyz_files/6ljm_ZN_homo_d2.60_cluster1.xyz,94.11,19.520,,-177.29,13.383,,165.93,17.603,,-176.92,16.687,
6ljn_ZN_homo_d2.60_cluster1,8,#dbdb8d,1,6ljn_ZN_homo_d2.60_cluster1,9.2645,Cx2Cx37Cx4C-SLLL,-22.39,0.9935,0.5046,0.1750,0.2120,16.300,/Users/stetef/Documents/SLAC/pdb-scraper/data/large-cys-his-datasets/4cys-large/output/xyz_files/6ljn_ZN_homo_d2.60_cluster1.xyz,-175.92,15.583,,93.70,18.320,,166.45,16.450,,-173.77,15.253,
6lqe_ZN_homo_d2.60_cluster1,2,#2ca02c,1,6lqe_ZN_homo_d2.60_cluster1,13.7550,Cx2Cx29Cx2C-LLHH,63.81,0.9699,0.5130,0.2030,0.2410,50.550,/Users/stetef/Documents/SLAC/pdb-scraper/data/large-cys-his-datasets/4cys-large/output/xyz_files/6lqe_ZN_homo_d2.60_cluster1.xyz,-122.11,56.813,,97.67,46.530,,100.69,53.557,,179.00,47.987,
6lqf_ZN_homo_d2.60_cluster2,3,#d62728,1,6lqf_ZN_homo_d2.60_cluster2,10.1541,Cx2Cx29Cx2C-LLLL,62.62,0.9878,0.4985,0.1760,0.1920,22.100,/Users/stetef/Documents/SLAC/pdb-scraper/data/large-cys-his-datasets/4cys-large/output/xyz_files/6lqf_ZN_homo_d2.60_cluster2.xyz,-114.21,25.203,,95.71,21.997,,176.72,18.410,,92.27,22.647,
6lsb_ZN_homo_d2.60_cluster2,5,#c49c94,1,6lsb_ZN_homo_d2.60_cluster2,10.4250,Cx2Cx22Cx2C-LLLL,-27.36,0.9921,0.4658,0.1630,0.2050,25.350,/Users/stetef/Documents/SLAC/pdb-scraper/data/large-cys-his-datasets/4cys-large/output/xyz_files/6lsb_ZN_homo_d2.60_cluster2.xyz,-113.15,27.823,,-179.53,24.650,,88.42,24.433,,94.84,26.143,
6lsb_ZN_homo_d2.60_cluster3,5,#c49c94,1,6lsb_ZN_homo_d2.60_cluster3,14.6802,Cx2Cx25Cx2C-LLLL,62.45,0.9897,0.4759,0.1630,0.2050,29.650,/Users/stetef/Documents/SLAC/pdb-scraper/data/large-cys-his-datasets/4cys-large/output/xyz_files/6lsb_ZN_homo_d2.60_cluster3.xyz,-121.65,25.133,,99.06,28.337,,95.67,25.040,,176.73,24.463,
6m2d_ZN_homo_d2.60_cluster1,5,#c49c94,1,6m2d_ZN_homo_d2.60_cluster1,15.2852,Cx2Cx17Cx2C-LLHH,54.78,0.9932,0.5351,0.1740,0.2270,25.400,/Users/stetef/Documents/SLAC/pdb-scraper/data/large-cys-his-datasets/4cys-large/output/xyz_files/6m2d_ZN_homo_d2.60_cluster1.xyz,-125.16,18.317,,87.61,16.287,,163.06,17.383,,93.61,17.490,
6m2d_ZN_homo_d2.60_cluster11,1,#ff7f0e,1,6m2d_ZN_homo_d2.60_cluster11,14.0329,Cx2Cx17Cx2C-LLHH,55.30,0.9794,0.5380,0.1740,0.2270,31.280,/Users/stetef/Documents/SLAC/pdb-scraper/data/large-cys-his-datasets/4cys-large/output/xyz_files/6m2d_ZN_homo_d2.60_cluster11.xyz,162.20,21.440,,-125.89,18.973,,87.15,18.380,,97.75,24.173,
6m2d_ZN_homo_d2.60_cluster3,7,#c7c7c7,1,6m2d_ZN_homo_d2.60_cluster3,16.6135,Cx2Cx17Cx2C-LLHH,55.16,0.9816,0.5517,0.1740,0.2270,26.230,/Users/stetef/Documents/SLAC/pdb-scraper/data/large-cys-his-datasets/4cys-large/output/xyz_files/6m2d_ZN_homo_d2.60_cluster3.xyz,-127.40,17.100,,92.13,15.447,,161.53,14.810,,94.37,19.450,
6m2d_ZN_homo_d2.60_cluster5,5,#c49c94,1,6m2d_ZN_homo_d2.60_cluster5,16.5435,Cx2Cx17Cx2C-LLHH,57.08,0.9742,0.5465,0.1740,0.2270,27.180,/Users/stetef/Documents/SLAC/pdb-scraper/data/large-cys-his-datasets/4cys-large/output/xyz_files/6m2d_ZN_homo_d2.60_cluster5.xyz,-127.95,16.840,,95.93,17.377,,163.98,15.277,,96.35,19.580,
6m2d_ZN_homo_d2.60_cluster7,5,#c49c94,1,6m2d_ZN_homo_d2.60_cluster7,16.1646,Cx2Cx17Cx2C-LLHH,54.28,0.9510,0.5364,0.1740,0.2270,28.690,/Users/stetef/Documents/SLAC/pdb-scraper/data/large-cys-his-datasets/4cys-large/output/xyz_files/6m2d_ZN_homo_d2.60_cluster7.xyz,-131.62,18.270,,96.81,22.457,,160.82,17.420,,91.10,16.770,
6m2d_ZN_homo_d2.60_cluster9,1,#ff7f0e,1,6m2d_ZN_homo_d2.60_cluster9,16.0778,Cx2Cx17Cx2C-LLHH,56.71,0.9930,0.5290,0.1740,0.2270,29.130,/Users/stetef/Documents/SLAC/pdb-scraper/data/large-cys-his-datasets/4cys-large/output/xyz_files/6m2d_ZN_homo_d2.60_cluster9.xyz,-122.54,19.640,,91.19,17.417,,161.64,18.303,,96.53,19.550,
6m6r_ZN_homo_d2.60_cluster1,2,#2ca02c,1,6m6r_ZN_homo_d2.60_cluster1,6.7838,Cx2Cx51Cx2C-SLSL,134.20,0.9844,0.4633,0.1800,0.2210,26.930,/Users/stetef/Documents/SLAC/pdb-scraper/data/large-cys-his-datasets/4cys-large/output/xyz_files/6m6r_ZN_homo_d2.60_cluster1.xyz,93.85,20.980,,96.61,20.427,,173.52,15.977,,172.81,17.857,
6m6s_ZN_homo_d2.60_cluster1,6,#f7b6d2,1,6m6s_ZN_homo_d2.60_cluster1,7.0346,Cx2Cx51Cx2C-SLSL,44.87,0.9799,0.4734,0.1710,0.1990,13.290,/Users/stetef/Documents/SLAC/pdb-scraper/data/large-cys-his-datasets/4cys-large/output/xyz_files/6m6s_ZN_homo_d2.60_cluster1.xyz,93.25,15.237,,173.66,11.170,,92.52,16.630,,-179.95,11.100,
6m6s_ZN_homo_d2.60_cluster2,3,#d62728,1,6m6s_ZN_homo_d2.60_cluster2,6.5547,Cx2Cx51Cx2C-SLSL,133.29,0.9891,0.4627,0.1710,0.1990,23.340,/Users/stetef/Documents/SLAC/pdb-scraper/data/large-cys-his-datasets/4cys-large/output/xyz_files/6m6s_ZN_homo_d2.60_cluster2.xyz,90.25,26.060,,91.76,24.633,,177.03,18.473,,174.13,20.587,
6mbo_ZN_homo_d2.60_cluster1,8,#dbdb8d,1,6mbo_ZN_homo_d2.60_cluster1,43.6121,Cx36Cx5Cx3C-LLLL,-83.48,0.9923,0.7530,0.1810,0.1940,16.090,/Users/stetef/Documents/SLAC/pdb-scraper/data/large-cys-his-datasets/4cys-large/output/xyz_files/6mbo_ZN_homo_d2.60_cluster1.xyz,-176.05,18.110,,-161.32,16.117,,177.54,13.840,,-174.10,16.643,
6mbo_ZN_homo_d2.60_cluster2,5,#c49c94,1,6mbo_ZN_homo_d2.60_cluster2,7.6200,Cx12Cx29Cx3C-LHLL,40.86,0.9652,0.5161,0.1810,0.1940,21.650,/Users/stetef/Documents/SLAC/pdb-scraper/data/large-cys-his-datasets/4cys-large/output/xyz_files/6mbo_ZN_homo_d2.60_cluster2.xyz,-135.49,16.503,,140.47,13.897,,67.21,13.840,,91.26,13.967,
6mbo_ZN_homo_d2.60_cluster3,5,#c49c94,1,6mbo_ZN_homo_d2.60_cluster3,21.6607,Cx1Cx3Cx4C-LLLH,-71.56,0.9884,0.5767,0.1810,0.1940,19.010,/Users/stetef/Documents/SLAC/pdb-scraper/data/large-cys-his-datasets/4cys-large/output/xyz_files/6mbo_ZN_homo_d2.60_cluster3.xyz,83.66,16.117,,-127.25,17.007,,-82.10,17.103,,-160.53,13.967,
6mbo_ZN_homo_d2.60_cluster4,0,#1f77b4,1,6mbo_ZN_homo_d2.60_cluster4,29.9219,Cx52Cx1Cx4C-LLLL,16.25,0.9869,0.6856,0.1810,0.1940,16.370,/Users/stetef/Documents/SLAC/pdb-scraper/data/large-cys-his-datasets/4cys-large/output/xyz_files/6mbo_ZN_homo_d2.60_cluster4.xyz,138.76,15.020,,102.41,18.077,,-70.52,19.827,,-105.64,16.437,
6mbo_ZN_homo_d2.60_cluster5,2,#2ca02c,1,6mbo_ZN_homo_d2.60_cluster5,20.8718,Cx1Cx3Cx4C-LLLH,-71.19,0.9890,0.5710,0.1810,0.1940,19.190,/Users/stetef/Documents/SLAC/pdb-scraper/data/large-cys-his-datasets/4cys-large/output/xyz_files/6mbo_ZN_homo_d2.60_cluster5.xyz,85.54,19.333,,-128.57,23.953,,-81.65,20.677,,-160.10,19.597,
6mbo_ZN_homo_d2.60_cluster6,8,#dbdb8d,1,6mbo_ZN_homo_d2.60_cluster6,44.3130,Cx36Cx5Cx3C-LLLL,-83.66,0.9917,0.7674,0.1810,0.1940,16.890,/Users/stetef/Documents/SLAC/pdb-scraper/data/large-cys-his-datasets/4cys-large/output/xyz_files/6mbo_ZN_homo_d2.60_cluster6.xyz,-177.63,17.303,,178.53,13.777,,-160.33,19.333,,-175.20,17.227,
6mbo_ZN_homo_d2.60_cluster7,5,#c49c94,1,6mbo_ZN_homo_d2.60_cluster7,7.4803,Cx12Cx29Cx3C-LHLL,40.89,0.9662,0.5174,0.1810,0.1940,16.770,/Users/stetef/Documents/SLAC/pdb-scraper/data/large-cys-his-datasets/4cys-large/output/xyz_files/6mbo_ZN_homo_d2.60_cluster7.xyz,-135.41,16.970,,139.69,14.720,,91.82,19.597,,67.48,13.777,
6mbo_ZN_homo_d2.60_cluster8,8,#dbdb8d,1,6mbo_ZN_homo_d2.60_cluster8,29.5481,Cx52Cx1Cx4C-LLLL,16.98,0.9851,0.6838,0.1810,0.1940,21.190,/Users/stetef/Documents/SLAC/pdb-scraper/data/large-cys-his-datasets/4cys-large/output/xyz_files/6mbo_ZN_homo_d2.60_cluster8.xyz,-70.47,23.127,,137.06,21.223,,104.87,21.700,,-103.55,21.710,
6mbp_ZN_homo_d2.60_cluster1,6,#f7b6d2,1,6mbp_ZN_homo_d2.60_cluster1,43.6863,Cx36Cx5Cx3C-LLLL,-84.32,0.9940,0.7404,0.1620,0.1820,24.880,/Users/stetef/Documents/SLAC/pdb-scraper/data/large-cys-his-datasets/4cys-large/output/xyz_files/6mbp_ZN_homo_d2.60_cluster1.xyz,-175.84,23.567,,-175.91,25.673,,178.00,24.727,,-163.52,22.273,
6mbp_ZN_homo_d2.60_cluster2,6,#f7b6d2,1,6mbp_ZN_homo_d2.60_cluster2,7.4004,Cx12Cx29Cx3C-LHLL,41.72,0.9704,0.5151,0.1620,0.1820,26.020,/Users/stetef/Documents/SLAC/pdb-scraper/data/large-cys-his-datasets/4cys-large/output/xyz_files/6mbp_ZN_homo_d2.60_cluster2.xyz,-136.09,25.347,,140.26,23.973,,70.17,24.727,,92.52,25.920,
6mbp_ZN_homo_d2.60_cluster3,3,#d62728,1,6mbp_ZN_homo_d2.60_cluster3,21.5520,Cx1Cx3Cx4C-LLLH,-71.92,0.9857,0.5816,0.1620,0.1820,24.450,/Users/stetef/Documents/SLAC/pdb-scraper/data/large-cys-his-datasets/4cys-large/output/xyz_files/6mbp_ZN_homo_d2.60_cluster3.xyz,-82.24,22.737,,84.29,22.273,,-161.29,25.920,,-128.42,25.900,
6mbp_ZN_homo_d2.60_cluster4,5,#c49c94,1,6mbp_ZN_homo_d2.60_cluster4,29.8558,Cx52Cx1Cx4C-LLLL,15.66,0.9850,0.6939,0.1620,0.1820,34.100,/Users/stetef/Documents/SLAC/pdb-scraper/data/large-cys-his-datasets/4cys-large/output/xyz_files/6mbp_ZN_homo_d2.60_cluster4.xyz,139.46,32.280,,-103.82,36.860,,100.50,32.563,,-73.52,40.310,
6mbp_ZN_homo_d2.60_cluster5,2,#2ca02c,1,6mbp_ZN_homo_d2.60_cluster5,21.4263,Cx1Cx3Cx4C-LLLH,-73.69,0.9886,0.5659,0.1620,0.1820,24.860,/Users/stetef/Documents/SLAC/pdb-scraper/data/large-cys-his-datasets/4cys-large/output/xyz_files/6mbp_ZN_homo_d2.60_cluster5.xyz,83.04,23.040,,-86.79,25.003,,-163.05,25.573,,-127.96,29.227,
6mbp_ZN_homo_d2.60_cluster6,2,#2ca02c,1,6mbp_ZN_homo_d2.60_cluster6,44.5361,Cx36Cx5Cx3C-LLLL,-83.84,0.9951,0.7532,0.1620,0.1820,23.670,/Users/stetef/Documents/SLAC/pdb-scraper/data/large-cys-his-datasets/4cys-large/output/xyz_files/6mbp_ZN_homo_d2.60_cluster6.xyz,-177.18,23.727,,-176.14,23.637,,-161.59,23.040,,179.54,23.193,
6mbp_ZN_homo_d2.60_cluster7,6,#f7b6d2,1,6mbp_ZN_homo_d2.60_cluster7,7.2399,Cx12Cx29Cx3C-LHLL,41.08,0.9661,0.5132,0.1620,0.1820,24.430,/Users/stetef/Documents/SLAC/pdb-scraper/data/large-cys-his-datasets/4cys-large/output/xyz_files/6mbp_ZN_homo_d2.60_cluster7.xyz,69.90,23.193,,-137.93,21.020,,139.71,21.837,,92.62,25.573,
6mbp_ZN_homo_d2.60_cluster8,3,#d62728,1,6mbp_ZN_homo_d2.60_cluster8,29.9346,Cx52Cx1Cx4C-LLLL,16.38,0.9798,0.6879,0.1620,0.1820,54.850,/Users/stetef/Documents/SLAC/pdb-scraper/data/large-cys-his-datasets/4cys-large/output/xyz_files/6mbp_ZN_homo_d2.60_cluster8.xyz,101.58,51.633,,144.53,62.310,,-105.74,52.540,,-74.87,62.970,
6miu_ZN_homo_d2.60_cluster1,1,#ff7f0e,1,6miu_ZN_homo_d2.60_cluster1,16.0548,Cx2Cx19Cx2C-LLHH,56.68,0.9833,0.5326,0.1610,0.2120,22.100,/Users/stetef/Documents/SLAC/pdb-scraper/data/large-cys-his-datasets/4cys-large/output/xyz_files/6miu_ZN_homo_d2.60_cluster1.xyz,82.58,16.063,,170.27,19.010,,-114.06,19.540,,87.91,24.300,
6miu_ZN_homo_d2.60_cluster3,3,#d62728,1,6miu_ZN_homo_d2.60_cluster3,15.1139,Cx2Cx19Cx2C-LLHH,54.96,0.9841,0.5256,0.1610,0.2120,22.990,/Users/stetef/Documents/SLAC/pdb-scraper/data/large-cys-his-datasets/4cys-large/output/xyz_files/6miu_ZN_homo_d2.60_cluster3.xyz,85.51,18.257,,172.11,17.217,,-120.84,19.077,,83.05,21.320,
6mj7_ZN_homo_d2.60_cluster1,0,#1f77b4,1,6mj7_ZN_homo_d2.60_cluster1,17.5916,Cx2Cx19Cx2C-LLHH,59.49,0.9884,0.5449,0.1390,0.1650,7.610,/Users/stetef/Documents/SLAC/pdb-scraper/data/large-cys-his-datasets/4cys-large/output/xyz_files/6mj7_ZN_homo_d2.60_cluster1.xyz,168.87,6.440,,-115.87,6.957,,90.57,6.833,,94.38,8.677,
6ml1_ZN_homo_d2.60_cluster1,7,#c7c7c7,1,6ml1_ZN_homo_d2.60_cluster1,11.2866,Cx2Cx357Cx2C-LLSL,-0.51,0.9909,0.4565,0.1910,0.2200,47.560,/Users/stetef/Documents/SLAC/pdb-scraper/data/large-cys-his-datasets/4cys-large/output/xyz_files/6ml1_ZN_homo_d2.60_cluster1.xyz,98.59,44.670,,171.39,42.817,,-179.68,47.310,,-92.31,57.327,
6ml1_ZN_homo_d2.60_cluster2,5,#c49c94,1,6ml1_ZN_homo_d2.60_cluster2,10.4001,Cx2Cx357Cx2C-LLSL,2.53,0.9836,0.4538,0.1910,0.2200,39.970,/Users/stetef/Documents/SLAC/pdb-scraper/data/large-cys-his-datasets/4cys-large/output/xyz_files/6ml1_ZN_homo_d2.60_cluster2.xyz,-178.64,36.033,,96.18,39.640,,-87.31,44.893,,179.90,40.730,
6mlc_ZN_homo_d2.60_cluster10,3,#d62728,1,6mlc_ZN_homo_d2.60_cluster10,10.4827,Cx2Cx26Cx2C-LLLL,60.01,0.9848,0.5146,0.1950,0.2160,22.850,/Users/stetef/Documents/SLAC/pdb-scraper/data/large-cys-his-datasets/4cys-large/output/xyz_files/6mlc_ZN_homo_d2.60_cluster10.xyz,170.39,20.900,,89.60,23.627,,95.35,21.120,,-115.31,25.313,
6mlc_ZN_homo_d2.60_cluster11,5,#c49c94,1,6mlc_ZN_homo_d2.60_cluster11,2.5490,Cx2C-Cx2C-LL-LL,136.31,0.9890,0.4902,0.1950,0.2160,23.990,/Users/stetef/Documents/SLAC/pdb-scraper/data/large-cys-his-datasets/4cys-large/output/xyz_files/6mlc_ZN_homo_d2.60_cluster11.xyz,168.34,22.290,,107.35,24.463,,166.90,27.030,,102.66,24.873,
6mlc_ZN_homo_d2.60_cluster14,8,#dbdb8d,1,6mlc_ZN_homo_d2.60_cluster14,9.3143,Cx2Cx26Cx2C-LLLL,60.11,0.9827,0.5016,0.1950,0.2160,22.810,/Users/stetef/Documents/SLAC/pdb-scraper/data/large-cys-his-datasets/4cys-large/output/xyz_files/6mlc_ZN_homo_d2.60_cluster14.xyz,87.98,23.623,,171.67,22.243,,-116.23,25.803,,97.03,22.203,
6mlc_ZN_homo_d2.60_cluster3,8,#dbdb8d,1,6mlc_ZN_homo_d2.60_cluster3,10.4729,Cx2Cx26Cx2C-LLLL,60.46,0.9825,0.5137,0.1950,0.2160,23.850,/Users/stetef/Documents/SLAC/pdb-scraper/data/large-cys-his-datasets/4cys-large/output/xyz_files/6mlc_ZN_homo_d2.60_cluster3.xyz,173.06,23.793,,86.05,24.927,,-113.16,27.740,,95.90,22.707,
6mlc_ZN_homo_d2.60_cluster4,5,#c49c94,1,6mlc_ZN_homo_d2.60_cluster4,2.4775,Cx2C-Cx2C-LL-LL,132.79,0.9851,0.4890,0.1950,0.2160,23.910,/Users/stetef/Documents/SLAC/pdb-scraper/data/large-cys-his-datasets/4cys-large/output/xyz_files/6mlc_ZN_homo_d2.60_cluster4.xyz,98.02,25.720,,159.44,26.843,,167.98,24.643,,105.73,24.627,
6mlc_ZN_homo_d2.60_cluster7,5,#c49c94,1,6mlc_ZN_homo_d2.60_cluster7,9.3533,Cx2Cx26Cx2C-LLHH,61.46,0.9856,0.4986,0.1950,0.2160,24.500,/Users/stetef/Documents/SLAC/pdb-scraper/data/large-cys-his-datasets/4cys-large/output/xyz_files/6mlc_ZN_homo_d2.60_cluster7.xyz,88.32,24.177,,175.33,23.023,,96.60,23.033,,-114.41,27.677,
6ng2_ZN_homo_d2.60_cluster1,7,#c7c7c7,1,6ng2_ZN_homo_d2.60_cluster1,19.4225,Cx4C-Cx4C-LL-LL,41.64,0.9620,0.3152,0.1790,0.2180,39.240,/Users/stetef/Documents/SLAC/pdb-scraper/data/large-cys-his-datasets/4cys-large/output/xyz_files/6ng2_ZN_homo_d2.60_cluster1.xyz,152.53,41.913,,-66.77,36.227,,153.53,41.137,,-72.75,38.557,
6ng4_ZN_homo_d2.60_cluster1,7,#c7c7c7,1,6ng4_ZN_homo_d2.60_cluster1,19.5983,Cx4C-Cx4C-LL-LL,41.02,0.9571,0.3295,0.1800,0.2150,41.430,/Users/stetef/Documents/SLAC/pdb-scraper/data/large-cys-his-datasets/4cys-large/output/xyz_files/6ng4_ZN_homo_d2.60_cluster1.xyz,-64.77,38.700,,152.02,41.423,,151.16,43.120,,-74.34,41.923,
6ng5_ZN_homo_d2.60_cluster1,2,#2ca02c,1,6ng5_ZN_homo_d2.60_cluster1,20.0377,Cx4C-Cx4C-LL-LL,43.60,0.9665,0.3342,0.1790,0.2160,41.670,/Users/stetef/Documents/SLAC/pdb-scraper/data/large-cys-his-datasets/4cys-large/output/xyz_files/6ng5_ZN_homo_d2.60_cluster1.xyz,154.72,44.953,,154.33,45.120,,-63.64,39.067,,-71.02,40.283,
6ng7_ZN_homo_d2.60_cluster1,0,#1f77b4,1,6ng7_ZN_homo_d2.60_cluster1,19.4581,Cx4C-Cx4C-LL-LL,41.92,0.9688,0.3156,0.1900,0.2300,37.040,/Users/stetef/Documents/SLAC/pdb-scraper/data/large-cys-his-datasets/4cys-large/output/xyz_files/6ng7_ZN_homo_d2.60_cluster1.xyz,-67.81,35.210,,154.58,39.390,,155.33,39.337,,-74.42,35.627,
6ng8_ZN_homo_d2.60_cluster1,7,#c7c7c7,1,6ng8_ZN_homo_d2.60_cluster1,19.6545,Cx4C-Cx4C-LL-LL,39.78,0.9714,0.3156,0.1910,0.2390,34.280,/Users/stetef/Documents/SLAC/pdb-scraper/data/large-cys-his-datasets/4cys-large/output/xyz_files/6ng8_ZN_homo_d2.60_cluster1.xyz,150.73,35.540,,-69.00,35.350,,-75.82,33.817,,153.20,37.547,
6nga_ZN_homo_d2.60_cluster1,7,#c7c7c7,1,6nga_ZN_homo_d2.60_cluster1,19.3013,Cx4C-Cx4C-LL-LL,40.98,0.9645,0.3097,0.1820,0.2150,44.960,/Users/stetef/Documents/SLAC/pdb-scraper/data/large-cys-his-datasets/4cys-large/output/xyz_files/6nga_ZN_homo_d2.60_cluster1.xyz,153.17,40.833,,153.38,47.080,,-65.70,41.297,,-76.92,41.413,
6ngb_ZN_homo_d2.60_cluster1,5,#c49c94,1,6ngb_ZN_homo_d2.60_cluster1,19.0159,Cx4C-Cx4C-LL-LL,40.96,0.9635,0.3086,0.1790,0.2090,32.940,/Users/stetef/Documents/SLAC/pdb-scraper/data/large-cys-his-datasets/4cys-large/output/xyz_files/6ngb_ZN_homo_d2.60_cluster1.xyz,151.58,32.067,,154.31,34.080,,-69.28,30.967,,-72.75,32.457,
6ngc_ZN_homo_d2.60_cluster1,7,#c7c7c7,1,6ngc_ZN_homo_d2.60_cluster1,19.5562,Cx4C-Cx4C-LL-LL,42.22,0.9649,0.3154,0.1810,0.2130,42.230,/Users/stetef/Documents/SLAC/pdb-scraper/data/large-cys-his-datasets/4cys-large/output/xyz_files/6ngc_ZN_homo_d2.60_cluster1.xyz,152.57,43.080,,156.17,43.990,,-66.46,38.207,,-73.39,40.727,
6ngd_ZN_homo_d2.60_cluster1,7,#c7c7c7,1,6ngd_ZN_homo_d2.60_cluster1,19.9297,Cx4C-Cx4C-LL-LL,43.36,0.9514,0.3341,0.2060,0.2390,33.160,/Users/stetef/Documents/SLAC/pdb-scraper/data/large-cys-his-datasets/4cys-large/output/xyz_files/6ngd_ZN_homo_d2.60_cluster1.xyz,-65.59,35.910,,152.27,35.517,,150.24,34.933,,-63.48,33.767,
6ngf_ZN_homo_d2.60_cluster1,3,#d62728,1,6ngf_ZN_homo_d2.60_cluster1,20.1081,Cx4C-Cx4C-LL-LL,42.34,0.9670,0.3263,0.1880,0.2270,29.470,/Users/stetef/Documents/SLAC/pdb-scraper/data/large-cys-his-datasets/4cys-large/output/xyz_files/6ngf_ZN_homo_d2.60_cluster1.xyz,148.35,34.780,,154.30,30.293,,-71.93,28.283,,-61.38,25.330,
6ngh_ZN_homo_d2.60_cluster1,5,#c49c94,1,6ngh_ZN_homo_d2.60_cluster1,19.5501,Cx4C-Cx4C-LL-LL,40.03,0.9615,0.3341,0.1840,0.2260,28.870,/Users/stetef/Documents/SLAC/pdb-scraper/data/large-cys-his-datasets/4cys-large/output/xyz_files/6ngh_ZN_homo_d2.60_cluster1.xyz,152.09,28.807,,148.57,33.570,,-66.03,26.620,,-74.49,27.300,
6ngi_ZN_homo_d2.60_cluster1,5,#c49c94,1,6ngi_ZN_homo_d2.60_cluster1,19.2421,Cx4C-Cx4C-LL-LL,41.13,0.9678,0.3123,0.1860,0.2210,30.570,/Users/stetef/Documents/SLAC/pdb-scraper/data/large-cys-his-datasets/4cys-large/output/xyz_files/6ngi_ZN_homo_d2.60_cluster1.xyz,-68.47,30.080,,152.57,33.023,,152.07,33.720,,-71.64,31.267,
6ngj_ZN_homo_d2.60_cluster1,7,#c7c7c7,1,6ngj_ZN_homo_d2.60_cluster1,20.7549,Cx4C-Cx4C-LL-LL,42.58,0.9719,0.3291,0.1840,0.2170,38.280,/Users/stetef/Documents/SLAC/pdb-scraper/data/large-cys-his-datasets/4cys-large/output/xyz_files/6ngj_ZN_homo_d2.60_cluster1.xyz,151.61,48.260,,150.16,51.280,,-69.08,41.493,,-62.38,42.423,
6ngk_ZN_homo_d2.60_cluster1,7,#c7c7c7,1,6ngk_ZN_homo_d2.60_cluster1,19.9158,Cx4C-Cx4C-LL-LL,42.20,0.9703,0.3210,0.1920,0.2280,39.440,/Users/stetef/Documents/SLAC/pdb-scraper/data/large-cys-his-datasets/4cys-large/output/xyz_files/6ngk_ZN_homo_d2.60_cluster1.xyz,150.07,55.283,,-69.75,48.373,,152.13,49.480,,-63.63,45.843,
6ngl_ZN_homo_d2.60_cluster1,7,#c7c7c7,1,6ngl_ZN_homo_d2.60_cluster1,20.4044,Cx4C-Cx4C-LL-LL,43.00,0.9805,0.3172,0.1900,0.2280,35.710,/Users/stetef/Documents/SLAC/pdb-scraper/data/large-cys-his-datasets/4cys-large/output/xyz_files/6ngl_ZN_homo_d2.60_cluster1.xyz,-67.29,39.773,,153.48,45.003,,-68.01,37.107,,153.83,42.280,
6ngm_ZN_homo_d2.60_cluster1,7,#c7c7c7,1,6ngm_ZN_homo_d2.60_cluster1,20.3628,Cx4C-Cx4C-LL-LL,41.74,0.9726,0.3282,0.1850,0.2170,42.890,/Users/stetef/Documents/SLAC/pdb-scraper/data/large-cys-his-datasets/4cys-large/output/xyz_files/6ngm_ZN_homo_d2.60_cluster1.xyz,149.05,52.470,,152.13,57.770,,-64.66,50.867,,-69.56,51.373,
6ngn_ZN_homo_d2.60_cluster1,1,#ff7f0e,1,6ngn_ZN_homo_d2.60_cluster1,21.1776,Cx4C-Cx4C-LL-LL,42.59,0.9866,0.3159,0.2020,0.2410,52.100,/Users/stetef/Documents/SLAC/pdb-scraper/data/large-cys-his-datasets/4cys-large/output/xyz_files/6ngn_ZN_homo_d2.60_cluster1.xyz,151.22,60.250,,-65.98,59.887,,156.58,62.990,,-71.47,56.477,
6ngp_ZN_homo_d2.60_cluster1,7,#c7c7c7,1,6ngp_ZN_homo_d2.60_cluster1,20.8885,Cx4C-Cx4C-LL-LL,42.47,0.9873,0.2974,0.2020,0.2480,53.030,/Users/stetef/Documents/SLAC/pdb-scraper/data/large-cys-his-datasets/4cys-large/output/xyz_files/6ngp_ZN_homo_d2.60_cluster1.xyz,-70.97,59.720,,155.30,66.057,,154.81,65.053,,-69.26,61.347,
6ngq_ZN_homo_d2.60_cluster1,1,#ff7f0e,1,6ngq_ZN_homo_d2.60_cluster1,20.4333,Cx4C-Cx4C-LL-LL,43.66,0.9715,0.3307,0.1960,0.2380,41.680,/Users/stetef/Documents/SLAC/pdb-scraper/data/large-cys-his-datasets/4cys-large/output/xyz_files/6ngq_ZN_homo_d2.60_cluster1.xyz,154.41,41.687,,-66.76,44.753,,153.84,52.080,,-66.86,49.507,
6ngr_ZN_homo_d2.60_cluster1,1,#ff7f0e,1,6ngr_ZN_homo_d2.60_cluster1,20.9803,Cx4C-Cx4C-LL-LL,41.63,0.9789,0.3247,0.2030,0.2410,50.610,/Users/stetef/Documents/SLAC/pdb-scraper/data/large-cys-his-datasets/4cys-large/output/xyz_files/6ngr_ZN_homo_d2.60_cluster1.xyz,-72.67,57.810,,153.10,69.460,,154.39,60.447,,-68.32,58.450,
6ngs_ZN_homo_d2.60_cluster1,7,#c7c7c7,1,6ngs_ZN_homo_d2.60_cluster1,19.9085,Cx4C-Cx4C-LL-LL,42.81,0.9707,0.3224,0.1820,0.2200,34.560,/Users/stetef/Documents/SLAC/pdb-scraper/data/large-cys-his-datasets/4cys-large/output/xyz_files/6ngs_ZN_homo_d2.60_cluster1.xyz,150.92,39.677,,-62.08,40.477,,151.96,45.583,,-69.56,40.227,
6ngt_ZN_homo_d2.60_cluster1,5,#c49c94,1,6ngt_ZN_homo_d2.60_cluster1,20.0383,Cx4C-Cx4C-LL-LL,41.65,0.9740,0.3246,0.1870,0.2310,37.430,/Users/stetef/Documents/SLAC/pdb-scraper/data/large-cys-his-datasets/4cys-large/output/xyz_files/6ngt_ZN_homo_d2.60_cluster1.xyz,148.12,48.000,,-67.09,42.030,,154.51,44.437,,-68.95,42.337,
6ngu_ZN_homo_d2.60_cluster1,7,#c7c7c7,1,6ngu_ZN_homo_d2.60_cluster1,20.7648,Cx4C-Cx4C-LL-LL,41.92,0.9864,0.3196,0.2170,0.2610,47.420,/Users/stetef/Documents/SLAC/pdb-scraper/data/large-cys-his-datasets/4cys-large/output/xyz_files/6ngu_ZN_homo_d2.60_cluster1.xyz,156.76,49.807,,-72.34,46.813,,-66.95,53.480,,150.23,52.890,
6ngv_ZN_homo_d2.60_cluster1,1,#ff7f0e,1,6ngv_ZN_homo_d2.60_cluster1,19.8556,Cx4C-Cx4C-LL-LL,42.61,0.9651,0.3214,0.1880,0.2230,35.540,/Users/stetef/Documents/SLAC/pdb-scraper/data/large-cys-his-datasets/4cys-large/output/xyz_files/6ngv_ZN_homo_d2.60_cluster1.xyz,150.00,44.290,,-67.80,43.393,,-65.92,42.097,,154.15,45.527,
6ngw_ZN_homo_d2.60_cluster1,7,#c7c7c7,1,6ngw_ZN_homo_d2.60_cluster1,20.2061,Cx4C-Cx4C-LL-LL,43.40,0.9683,0.3199,0.1760,0.2120,32.280,/Users/stetef/Documents/SLAC/pdb-scraper/data/large-cys-his-datasets/4cys-large/output/xyz_files/6ngw_ZN_homo_d2.60_cluster1.xyz,149.20,43.093,,-63.38,34.043,,-65.93,31.877,,153.71,34.750,
6ngx_ZN_homo_d2.60_cluster1,5,#c49c94,1,6ngx_ZN_homo_d2.60_cluster1,20.4635,Cx4C-Cx4C-LL-LL,43.31,0.9632,0.3322,0.1800,0.2110,37.490,/Users/stetef/Documents/SLAC/pdb-scraper/data/large-cys-his-datasets/4cys-large/output/xyz_files/6ngx_ZN_homo_d2.60_cluster1.xyz,-67.97,42.377,,153.76,46.053,,150.42,48.693,,-62.98,42.173,
6ngy_ZN_homo_d2.60_cluster1,7,#c7c7c7,1,6ngy_ZN_homo_d2.60_cluster1,20.8824,Cx4C-Cx4C-LL-LL,42.02,0.9757,0.3327,0.1900,0.2300,46.040,/Users/stetef/Documents/SLAC/pdb-scraper/data/large-cys-his-datasets/4cys-large/output/xyz_files/6ngy_ZN_homo_d2.60_cluster1.xyz,154.95,56.937,,-69.07,52.763,,-72.86,50.903,,155.07,60.287,
6ngz_ZN_homo_d2.60_cluster1,1,#ff7f0e,1,6ngz_ZN_homo_d2.60_cluster1,21.4854,Cx4C-Cx4C-LL-LL,44.61,0.9868,0.3387,0.2010,0.2440,45.690,/Users/stetef/Documents/SLAC/pdb-scraper/data/large-cys-his-datasets/4cys-large/output/xyz_files/6ngz_ZN_homo_d2.60_cluster1.xyz,-65.07,49.570,,154.70,56.293,,-66.91,46.757,,155.72,45.983,
6nh0_ZN_homo_d2.60_cluster1,1,#ff7f0e,1,6nh0_ZN_homo_d2.60_cluster1,20.6480,Cx4C-Cx4C-LL-LL,42.64,0.9727,0.3286,0.1900,0.2250,36.070,/Users/stetef/Documents/SLAC/pdb-scraper/data/large-cys-his-datasets/4cys-large/output/xyz_files/6nh0_ZN_homo_d2.60_cluster1.xyz,-63.36,36.397,,151.91,47.570,,152.75,41.363,,-70.75,38.437,
6nh5_ZN_homo_d2.60_cluster1,7,#c7c7c7,1,6nh5_ZN_homo_d2.60_cluster1,19.1876,Cx4C-Cx4C-LL-LS,38.39,0.9826,0.2692,0.2000,0.2410,41.620,/Users/stetef/Documents/SLAC/pdb-scraper/data/large-cys-his-datasets/4cys-large/output/xyz_files/6nh5_ZN_homo_d2.60_cluster1.xyz,-79.03,39.507,,-77.81,44.253,,157.82,54.697,,152.58,44.570,
6nh5_ZN_homo_d2.60_cluster3,2,#2ca02c,1,6nh5_ZN_homo_d2.60_cluster3,19.2906,Cx4C-Cx4C-LL-LL,39.44,0.9835,0.2798,0.2000,0.2410,35.600,/Users/stetef/Documents/SLAC/pdb-scraper/data/large-cys-his-datasets/4cys-large/output/xyz_files/6nh5_ZN_homo_d2.60_cluster3.xyz,154.35,42.960,,-77.46,38.063,,-77.03,38.557,,157.91,41.433,
6nh7_ZN_homo_d2.60_cluster1,1,#ff7f0e,1,6nh7_ZN_homo_d2.60_cluster1,19.0676,Cx4C-Cx4C-LL-LL,41.48,0.9689,0.2768,0.2130,0.2580,39.630,/Users/stetef/Documents/SLAC/pdb-scraper/data/large-cys-his-datasets/4cys-large/output/xyz_files/6nh7_ZN_homo_d2.60_cluster1.xyz,-74.30,45.310,,158.99,48.167,,-78.11,44.010,,159.33,56.787,
6nh8_ZN_homo_d2.60_cluster1,1,#ff7f0e,1,6nh8_ZN_homo_d2.60_cluster1,19.5248,Cx4C-Cx4C-LL-LL,40.58,0.9789,0.2850,0.2010,0.2340,32.440,/Users/stetef/Documents/SLAC/pdb-scraper/data/large-cys-his-datasets/4cys-large/output/xyz_files/6nh8_ZN_homo_d2.60_cluster1.xyz,-67.41,37.613,,-79.91,32.307,,154.77,38.797,,154.89,44.033,
6nh8_ZN_homo_d2.60_cluster2,7,#c7c7c7,1,6nh8_ZN_homo_d2.60_cluster2,19.3242,Cx4C-Cx4C-LL-LL,38.59,0.9815,0.2756,0.2010,0.2340,28.470,/Users/stetef/Documents/SLAC/pdb-scraper/data/large-cys-his-datasets/4cys-large/output/xyz_files/6nh8_ZN_homo_d2.60_cluster2.xyz,154.56,38.620,,-82.19,30.500,,-74.71,33.753,,156.70,31.920,
6nhe_ZN_homo_d2.60_cluster1,1,#ff7f0e,1,6nhe_ZN_homo_d2.60_cluster1,21.0906,Cx4C-Cx4C-LL-LL,43.93,0.9770,0.3400,0.1880,0.2320,41.220,/Users/stetef/Documents/SLAC/pdb-scraper/data/large-cys-his-datasets/4cys-large/output/xyz_files/6nhe_ZN_homo_d2.60_cluster1.xyz,154.28,43.973,,-68.98,45.317,,153.64,52.770,,-63.24,45.003,
6nhf_ZN_homo_d2.60_cluster1,7,#c7c7c7,1,6nhf_ZN_homo_d2.60_cluster1,19.4004,Cx4C-Cx4C-LL-LL,39.02,0.9843,0.2688,0.1850,0.2190,43.790,/Users/stetef/Documents/SLAC/pdb-scraper/data/large-cys-his-datasets/4cys-large/output/xyz_files/6nhf_ZN_homo_d2.60_cluster1.xyz,-77.01,44.203,,154.31,54.937,,155.10,48.547,,-76.33,39.640,
6nhf_ZN_homo_d2.60_cluster2,7,#c7c7c7,1,6nhf_ZN_homo_d2.60_cluster2,19.0267,Cx4C-Cx4C-LL-LL,38.51,0.9839,0.2697,0.1850,0.2190,38.230,/Users/stetef/Documents/SLAC/pdb-scraper/data/large-cys-his-datasets/4cys-large/output/xyz_files/6nhf_ZN_homo_d2.60_cluster2.xyz,-75.93,40.633,,154.92,48.360,,-77.41,40.310,,152.46,40.417,
6o19_ZN_homo_d2.60_cluster1,3,#d62728,1,6o19_ZN_homo_d2.60_cluster1,27.3703,Cx15Cx2Cx6C-HHHL,14.42,0.9790,0.6905,0.1820,0.2030,12.340,/Users/stetef/Documents/SLAC/pdb-scraper/data/large-cys-his-datasets/4cys-large/output/xyz_files/6o19_ZN_homo_d2.60_cluster1.xyz,-124.69,13.607,,-79.42,12.210,,174.81,10.433,,86.96,11.043,
6o19_ZN_homo_d2.60_cluster2,6,#f7b6d2,1,6o19_ZN_homo_d2.60_cluster2,27.8376,Cx2Cx6Cx5C-HHLH,17.55,0.9731,0.6988,0.1820,0.2030,12.340,/Users/stetef/Documents/SLAC/pdb-scraper/data/large-cys-his-datasets/4cys-large/output/xyz_files/6o19_ZN_homo_d2.60_cluster2.xyz,-68.90,10.197,,-122.78,10.683,,172.90,11.043,,88.97,10.433,
6o3p_ZN_homo_d2.60_cluster1,3,#d62728,1,6o3p_ZN_homo_d2.60_cluster1,14.9526,Cx2Cx14Cx4C-LLSH,-12.31,0.9770,0.5257,0.1810,0.2190,33.660,/Users/stetef/Documents/SLAC/pdb-scraper/data/large-cys-his-datasets/4cys-large/output/xyz_files/6o3p_ZN_homo_d2.60_cluster1.xyz,-154.56,32.113,,86.43,33.877,,-151.76,36.583,,170.63,29.197,
6o3p_ZN_homo_d2.60_cluster2,2,#2ca02c,1,6o3p_ZN_homo_d2.60_cluster2,15.5875,Cx2Cx14Cx4C-LLSH,-12.51,0.9757,0.5240,0.1810,0.2190,36.550,/Users/stetef/Documents/SLAC/pdb-scraper/data/large-cys-his-datasets/4cys-large/output/xyz_files/6o3p_ZN_homo_d2.60_cluster2.xyz,-154.08,36.420,,-160.46,32.507,,175.09,31.090,,89.39,36.440,
6o5k_ZN_homo_d2.60_cluster1,5,#c49c94,1,6o5k_ZN_homo_d2.60_cluster1,16.1151,Cx2Cx17Cx2C-LLHH,54.63,0.9842,0.4993,0.1820,0.2080,20.830,/Users/stetef/Documents/SLAC/pdb-scraper/data/large-cys-his-datasets/4cys-large/output/xyz_files/6o5k_ZN_homo_d2.60_cluster1.xyz,96.90,26.817,,86.44,19.663,,-118.78,18.820,,153.97,22.560,
6o5k_ZN_homo_d2.60_cluster3,0,#1f77b4,1,6o5k_ZN_homo_d2.60_cluster3,19.5641,Cx2Cx17Cx2C-LLHH,54.86,0.9775,0.5411,0.1820,0.2080,27.950,/Users/stetef/Documents/SLAC/pdb-scraper/data/large-cys-his-datasets/4cys-large/output/xyz_files/6o5k_ZN_homo_d2.60_cluster3.xyz,89.02,27.210,,95.89,37.203,,-120.08,24.373,,154.61,35.210,
6o5w_ZN_homo_d2.60_cluster1,3,#d62728,1,6o5w_ZN_homo_d2.60_cluster1,6.9853,Cx2Cx18Cx10C-LLHL,58.01,0.9930,0.5046,0.1540,0.1690,8.320,/Users/stetef/Documents/SLAC/pdb-scraper/data/large-cys-his-datasets/4cys-large/output/xyz_files/6o5w_ZN_homo_d2.60_cluster1.xyz,97.37,7.373,,56.99,8.120,,-100.62,6.333,,178.32,6.160,
6o91_ZN_homo_d2.60_cluster2,5,#c49c94,1,6o91_ZN_homo_d2.60_cluster2,28.6796,Cx2Cx2Cx7C-LHHL,-5.14,0.9785,0.8043,0.1180,0.1320,11.020,/Users/stetef/Documents/SLAC/pdb-scraper/data/large-cys-his-datasets/4cys-large/output/xyz_files/6o91_ZN_homo_d2.60_cluster2.xyz,-67.39,10.403,,66.20,12.867,,92.87,12.173,,-112.23,10.870,
6o91_ZN_homo_d2.60_cluster4,7,#c7c7c7,1,6o91_ZN_homo_d2.60_cluster4,28.3669,Cx2Cx2Cx7C-LHHL,-4.53,0.9779,0.8059,0.1180,0.1320,12.640,/Users/stetef/Documents/SLAC/pdb-scraper/data/large-cys-his-datasets/4cys-large/output/xyz_files/6o91_ZN_homo_d2.60_cluster4.xyz,-67.17,11.713,,68.13,14.913,,92.19,13.940,,-111.26,12.340,
6o9o_ZN_homo_d2.60_cluster1,3,#d62728,1,6o9o_ZN_homo_d2.60_cluster1,33.3215,Cx52Cx1Cx2C-LLHH,0.00,0.9791,0.7278,0.1740,0.2000,17.460,/Users/stetef/Documents/SLAC/pdb-scraper/data/large-cys-his-datasets/4cys-large/output/xyz_files/6o9o_ZN_homo_d2.60_cluster1.xyz,131.94,18.697,,90.94,19.243,,-107.01,15.290,,-115.86,16.470,
6o9o_ZN_homo_d2.60_cluster3,8,#dbdb8d,1,6o9o_ZN_homo_d2.60_cluster3,23.1403,Cx2Cx18Cx3C-LLLH,47.95,0.9806,0.6003,0.1740,0.2000,23.050,/Users/stetef/Documents/SLAC/pdb-scraper/data/large-cys-his-datasets/4cys-large/output/xyz_files/6o9o_ZN_homo_d2.60_cluster3.xyz,-176.39,24.107,,91.57,21.610,,101.08,22.460,,175.53,21.927,
6oa7_ZN_homo_d2.60_cluster2,5,#c49c94,1,6oa7_ZN_homo_d2.60_cluster2,28.8258,Cx2Cx2Cx7C-LHHL,-4.73,0.9781,0.8093,0.1140,0.1310,10.720,/Users/stetef/Documents/SLAC/pdb-scraper/data/large-cys-his-datasets/4cys-large/output/xyz_files/6oa7_ZN_homo_d2.60_cluster2.xyz,-69.79,10.040,,-110.34,10.733,,93.62,12.267,,67.60,12.360,
6oa7_ZN_homo_d2.60_cluster4,5,#c49c94,1,6oa7_ZN_homo_d2.60_cluster4,28.7106,Cx2Cx2Cx7C-LHHL,-4.27,0.9781,0.8078,0.1140,0.1310,12.570,/Users/stetef/Documents/SLAC/pdb-scraper/data/large-cys-his-datasets/4cys-large/output/xyz_files/6oa7_ZN_homo_d2.60_cluster4.xyz,-65.65,11.770,,65.04,14.557,,-110.35,11.950,,93.89,14.413,
6ok1_ZN_homo_d2.60_cluster1_altlocLIGA,5,#c49c94,1,6ok1_ZN_homo_d2.60_cluster1_altlocLIGA,7.9730,Cx2Cx10Cx2C-SLLL,43.94,0.9727,0.4700,0.1460,0.1680,27.810,/Users/stetef/Documents/SLAC/pdb-scraper/data/large-cys-his-datasets/4cys-large/output/xyz_files/6ok1_ZN_homo_d2.60_cluster1_altlocLIGA.xyz,90.14,27.843,,90.29,30.657,,-179.79,24.067,,175.13,24.100,
6ok1_ZN_homo_d2.60_cluster1_altlocLIGB,5,#c49c94,1,6ok1_ZN_homo_d2.60_cluster1_altlocLIGB,7.9730,Cx2Cx10Cx2C-SLLL,43.94,0.9727,0.4700,0.1460,0.1680,27.810,/Users/stetef/Documents/SLAC/pdb-scraper/data/large-cys-his-datasets/4cys-large/output/xyz_files/6ok1_ZN_homo_d2.60_cluster1_altlocLIGB.xyz,90.14,27.843,,90.29,30.657,,-179.79,24.067,,175.13,24.100,
6ok1_ZN_homo_d2.60_cluster2,5,#c49c94,1,6ok1_ZN_homo_d2.60_cluster2,8.6026,Cx2Cx10Cx2C-SLLL,43.95,0.9658,0.4696,0.1460,0.1680,36.230,/Users/stetef/Documents/SLAC/pdb-scraper/data/large-cys-his-datasets/4cys-large/output/xyz_files/6ok1_ZN_homo_d2.60_cluster2.xyz,91.59,40.203,,89.77,43.433,,-179.09,36.243,,173.52,32.670,
6om4_ZN_homo_d2.60_cluster1,8,#dbdb8d,1,6om4_ZN_homo_d2.60_cluster1,1.0253,Cx2Cx82Cx2C-LLLL,-7.29,0.9391,0.4540,0.1570,0.1990,18.990,/Users/stetef/Documents/SLAC/pdb-scraper/data/large-cys-his-datasets/4cys-large/output/xyz_files/6om4_ZN_homo_d2.60_cluster1.xyz,77.78,17.043,,-172.37,21.150,,-27.07,21.030,,92.49,20.953,
6om4_ZN_homo_d2.60_cluster2,8,#dbdb8d,1,6om4_ZN_homo_d2.60_cluster2,1.7460,Cx2Cx82Cx2C-LLLL,-5.52,0.9489,0.4607,0.1570,0.1990,23.060,/Users/stetef/Documents/SLAC/pdb-scraper/data/large-cys-his-datasets/4cys-large/output/xyz_files/6om4_ZN_homo_d2.60_cluster2.xyz,-21.95,24.200,,-174.87,29.883,,81.06,19.360,,93.68,25.697,
6owm_ZN_homo_d2.60_cluster2,7,#c7c7c7,1,6owm_ZN_homo_d2.60_cluster2,28.8160,Cx2Cx2Cx7C-LHHL,-4.00,0.9790,0.8090,0.1240,0.1410,12.000,/Users/stetef/Documents/SLAC/pdb-scraper/data/large-cys-his-datasets/4cys-large/output/xyz_files/6owm_ZN_homo_d2.60_cluster2.xyz,-67.69,11.147,,93.18,13.570,,69.92,13.880,,-111.43,12.150,
6owm_ZN_homo_d2.60_cluster4,7,#c7c7c7,1,6owm_ZN_homo_d2.60_cluster4,28.7067,Cx2Cx2Cx7C-LHHL,-4.13,0.9768,0.8105,0.1240,0.1410,13.360,/Users/stetef/Documents/SLAC/pdb-scraper/data/large-cys-his-datasets/4cys-large/output/xyz_files/6owm_ZN_homo_d2.60_cluster4.xyz,-67.33,12.550,,67.95,15.380,,93.95,14.777,,-111.10,13.047,
6owp_ZN_homo_d2.60_cluster2,7,#c7c7c7,1,6owp_ZN_homo_d2.60_cluster2,28.4460,Cx2Cx2Cx7C-LHHL,-4.65,0.9792,0.8070,0.1220,0.1420,10.190,/Users/stetef/Documents/SLAC/pdb-scraper/data/large-cys-his-datasets/4cys-large/output/xyz_files/6owp_ZN_homo_d2.60_cluster2.xyz,-67.23,9.130,,66.61,11.600,,93.77,11.417,,-111.75,10.217,
6owp_ZN_homo_d2.60_cluster4,5,#c49c94,1,6owp_ZN_homo_d2.60_cluster4,28.6346,Cx2Cx2Cx7C-LHHL,-3.90,0.9771,0.8117,0.1220,0.1420,12.070,/Users/stetef/Documents/SLAC/pdb-scraper/data/large-cys-his-datasets/4cys-large/output/xyz_files/6owp_ZN_homo_d2.60_cluster4.xyz,-66.06,11.007,,66.97,13.663,,95.18,14.110,,-111.68,11.873,
6p6g_ZN_homo_d2.60_cluster1,3,#d62728,1,6p6g_ZN_homo_d2.60_cluster1,33.3215,Cx52Cx1Cx2C-LLHH,0.00,0.9791,0.7278,0.1740,0.2000,17.460,/Users/stetef/Documents/SLAC/pdb-scraper/data/large-cys-his-datasets/4cys-large/output/xyz_files/6p6g_ZN_homo_d2.60_cluster1.xyz,131.94,18.697,,90.94,19.243,,-107.01,15.290,,-115.86,16.470,
6p6g_ZN_homo_d2.60_cluster3,8,#dbdb8d,1,6p6g_ZN_homo_d2.60_cluster3,23.1403,Cx2Cx18Cx3C-LLLH,47.95,0.9806,0.6003,0.1740,0.2000,23.050,/Users/stetef/Documents/SLAC/pdb-scraper/data/large-cys-his-datasets/4cys-large/output/xyz_files/6p6g_ZN_homo_d2.60_cluster3.xyz,-176.39,24.107,,91.57,21.610,,101.08,22.460,,175.53,21.927,
6p6k_ZN_homo_d2.60_cluster1,3,#d62728,1,6p6k_ZN_homo_d2.60_cluster1,33.6144,Cx52Cx1Cx2C-LLHH,2.74,0.9831,0.7133,0.1800,0.2140,18.920,/Users/stetef/Documents/SLAC/pdb-scraper/data/large-cys-his-datasets/4cys-large/output/xyz_files/6p6k_ZN_homo_d2.60_cluster1.xyz,139.20,20.707,,97.64,24.827,,-106.05,18.280,,-119.83,16.417,
6p6k_ZN_homo_d2.60_cluster3,0,#1f77b4,1,6p6k_ZN_homo_d2.60_cluster3,23.1447,Cx2Cx18Cx3C-LLLH,48.99,0.9721,0.5953,0.1800,0.2140,29.380,/Users/stetef/Documents/SLAC/pdb-scraper/data/large-cys-his-datasets/4cys-large/output/xyz_files/6p6k_ZN_homo_d2.60_cluster3.xyz,98.25,29.647,,-177.29,33.047,,101.38,34.923,,173.61,35.160,
6p7z_ZN_homo_d2.60_cluster1,5,#c49c94,1,6p7z_ZN_homo_d2.60_cluster1,33.7228,Cx52Cx1Cx2C-LLHH,0.85,0.9859,0.7155,0.1820,0.1980,10.830,/Users/stetef/Documents/SLAC/pdb-scraper/data/large-cys-his-datasets/4cys-large/output/xyz_files/6p7z_ZN_homo_d2.60_cluster1.xyz,95.29,14.980,,133.03,12.503,,-106.37,9.310,,-118.55,8.693,
6p7z_ZN_homo_d2.60_cluster3,8,#dbdb8d,1,6p7z_ZN_homo_d2.60_cluster3,23.2851,Cx2Cx18Cx3C-LLLH,46.82,0.9922,0.6116,0.1820,0.1980,66.550,/Users/stetef/Documents/SLAC/pdb-scraper/data/large-cys-his-datasets/4cys-large/output/xyz_files/6p7z_ZN_homo_d2.60_cluster3.xyz,92.79,12.327,,-177.61,11.717,,94.29,15.143,,177.80,12.107,
6paf_ZN_homo_d2.60_cluster1,3,#d62728,1,6paf_ZN_homo_d2.60_cluster1,32.2323,Cx52Cx1Cx2C-LLHH,2.25,0.9730,0.7524,0.1730,0.1880,12.170,/Users/stetef/Documents/SLAC/pdb-scraper/data/large-cys-his-datasets/4cys-large/output/xyz_files/6paf_ZN_homo_d2.60_cluster1.xyz,93.52,14.347,,132.56,14.597,,-105.55,10.823,,-111.52,9.250,
6paf_ZN_homo_d2.60_cluster3,8,#dbdb8d,1,6paf_ZN_homo_d2.60_cluster3,22.7162,Cx2Cx18Cx3C-LLLH,48.02,0.9837,0.5930,0.1730,0.1880,17.010,/Users/stetef/Documents/SLAC/pdb-scraper/data/large-cys-his-datasets/4cys-large/output/xyz_files/6paf_ZN_homo_d2.60_cluster3.xyz,91.55,18.327,,-176.84,18.990,,100.01,23.253,,177.36,18.690,
6pmv_ZN_homo_d2.60_cluster1,7,#c7c7c7,1,6pmv_ZN_homo_d2.60_cluster1,20.3665,Cx4C-Cx4C-LL-LL,38.37,0.9671,0.3294,0.2120,0.2540,45.160,/Users/stetef/Documents/SLAC/pdb-scraper/data/large-cys-his-datasets/4cys-large/output/xyz_files/6pmv_ZN_homo_d2.60_cluster1.xyz,-72.71,53.507,,148.37,53.997,,149.98,59.563,,-72.14,49.110,
6pmw_ZN_homo_d2.60_cluster1,1,#ff7f0e,1,6pmw_ZN_homo_d2.60_cluster1,20.8373,Cx4C-Cx4C-LL-LL,40.11,0.9723,0.3296,0.2040,0.2450,41.070,/Users/stetef/Documents/SLAC/pdb-scraper/data/large-cys-his-datasets/4cys-large/output/xyz_files/6pmw_ZN_homo_d2.60_cluster1.xyz,-73.45,49.803,,149.98,49.010,,-68.51,43.797,,152.43,51.303,
6pmy_ZN_homo_d2.60_cluster1,1,#ff7f0e,1,6pmy_ZN_homo_d2.60_cluster1,20.5865,Cx4C-Cx4C-LL-LL,40.86,0.9872,0.3079,0.2040,0.2470,43.210,/Users/stetef/Documents/SLAC/pdb-scraper/data/large-cys-his-datasets/4cys-large/output/xyz_files/6pmy_ZN_homo_d2.60_cluster1.xyz,155.14,55.217,,-73.73,47.457,,-69.73,48.907,,151.75,47.023,
6pn2_ZN_homo_d2.60_cluster1,7,#c7c7c7,1,6pn2_ZN_homo_d2.60_cluster1,20.5312,Cx4C-Cx4C-LL-LL,41.92,0.9741,0.3251,0.2000,0.2370,41.430,/Users/stetef/Documents/SLAC/pdb-scraper/data/large-cys-his-datasets/4cys-large/output/xyz_files/6pn2_ZN_homo_d2.60_cluster1.xyz,153.30,51.663,,-66.03,45.160,,152.50,50.763,,-72.10,47.117,
6pn3_ZN_homo_d2.60_cluster1,1,#ff7f0e,1,6pn3_ZN_homo_d2.60_cluster1,20.6875,Cx4C-Cx4C-LL-LL,43.47,0.9788,0.3307,0.1830,0.2170,39.870,/Users/stetef/Documents/SLAC/pdb-scraper/data/large-cys-his-datasets/4cys-large/output/xyz_files/6pn3_ZN_homo_d2.60_cluster1.xyz,156.00,47.490,,-67.43,44.913,,151.52,46.070,,-66.20,40.873,
6pn4_ZN_homo_d2.60_cluster1,7,#c7c7c7,1,6pn4_ZN_homo_d2.60_cluster1,20.5529,Cx4C-Cx4C-LL-LL,41.83,0.9836,0.3139,0.2180,0.2620,35.960,/Users/stetef/Documents/SLAC/pdb-scraper/data/large-cys-his-datasets/4cys-large/output/xyz_files/6pn4_ZN_homo_d2.60_cluster1.xyz,149.53,42.387,,155.76,43.290,,-70.88,38.690,,-67.09,36.283,
6pn5_ZN_homo_d2.60_cluster1,7,#c7c7c7,1,6pn5_ZN_homo_d2.60_cluster1,20.4936,Cx4C-Cx4C-LL-LL,41.32,0.9737,0.3360,0.1930,0.2270,37.730,/Users/stetef/Documents/SLAC/pdb-scraper/data/large-cys-his-datasets/4cys-large/output/xyz_files/6pn5_ZN_homo_d2.60_cluster1.xyz,148.88,45.850,,149.69,43.073,,-69.87,45.563,,-63.42,42.830,
6pn6_ZN_homo_d2.60_cluster1,7,#c7c7c7,1,6pn6_ZN_homo_d2.60_cluster1,19.8047,Cx4C-Cx4C-LL-LL,40.27,0.9711,0.3125,0.2080,0.2480,61.300,/Users/stetef/Documents/SLAC/pdb-scraper/data/large-cys-his-datasets/4cys-large/output/xyz_files/6pn6_ZN_homo_d2.60_cluster1.xyz,-71.84,79.290,,153.30,81.550,,155.65,81.773,,-76.03,72.127,
6pn7_ZN_homo_d2.60_cluster1,1,#ff7f0e,1,6pn7_ZN_homo_d2.60_cluster1,20.5945,Cx4C-Cx4C-LL-LL,40.97,0.9793,0.3159,0.2090,0.2500,44.100,/Users/stetef/Documents/SLAC/pdb-scraper/data/large-cys-his-datasets/4cys-large/output/xyz_files/6pn7_ZN_homo_d2.60_cluster1.xyz,-70.80,49.623,,-72.11,52.533,,153.90,54.590,,152.89,52.710,
6pn8_ZN_homo_d2.60_cluster1,5,#c49c94,1,6pn8_ZN_homo_d2.60_cluster1,20.5982,Cx4C-Cx4C-LL-LL,41.38,0.9727,0.3338,0.2110,0.2480,48.280,/Users/stetef/Documents/SLAC/pdb-scraper/data/large-cys-his-datasets/4cys-large/output/xyz_files/6pn8_ZN_homo_d2.60_cluster1.xyz,153.86,55.157,,146.03,56.900,,-63.83,51.620,,-70.54,48.743,
6pn9_ZN_homo_d2.60_cluster1,7,#c7c7c7,1,6pn9_ZN_homo_d2.60_cluster1,21.2879,Cx4C-Cx4C-LL-LL,40.84,0.9781,0.3434,0.2130,0.2530,45.710,/Users/stetef/Documents/SLAC/pdb-scraper/data/large-cys-his-datasets/4cys-large/output/xyz_files/6pn9_ZN_homo_d2.60_cluster1.xyz,152.33,52.620,,149.08,51.677,,-66.92,49.880,,-71.13,47.960,
6pna_ZN_homo_d2.60_cluster1,5,#c49c94,1,6pna_ZN_homo_d2.60_cluster1,19.4455,Cx4C-Cx4C-LL-LL,40.98,0.9538,0.3382,0.1970,0.2440,27.260,/Users/stetef/Documents/SLAC/pdb-scraper/data/large-cys-his-datasets/4cys-large/output/xyz_files/6pna_ZN_homo_d2.60_cluster1.xyz,146.07,33.427,,-65.69,26.260,,154.80,34.500,,-71.28,25.693,
6png_ZN_homo_d2.60_cluster1,7,#c7c7c7,1,6png_ZN_homo_d2.60_cluster1,19.7660,Cx4C-Cx4C-LL-LL,41.80,0.9551,0.3278,0.1870,0.2220,31.690,/Users/stetef/Documents/SLAC/pdb-scraper/data/large-cys-his-datasets/4cys-large/output/xyz_files/6png_ZN_homo_d2.60_cluster1.xyz,153.53,36.680,,-68.42,35.993,,-68.12,32.660,,150.20,33.320,
6pnh_ZN_homo_d2.60_cluster1,7,#c7c7c7,1,6pnh_ZN_homo_d2.60_cluster1,19.1628,Cx4C-Cx4C-LL-LL,39.18,0.9668,0.3096,0.2040,0.2460,31.970,/Users/stetef/Documents/SLAC/pdb-scraper/data/large-cys-his-datasets/4cys-large/output/xyz_files/6pnh_ZN_homo_d2.60_cluster1.xyz,150.90,38.000,,-67.36,37.443,,145.62,32.040,,-72.46,35.000,
6po5_ZN_homo_d2.60_cluster1,7,#c7c7c7,1,6po5_ZN_homo_d2.60_cluster1,19.5761,Cx4C-Cx4C-LL-LL,40.19,0.9679,0.3153,0.1910,0.2280,35.280,/Users/stetef/Documents/SLAC/pdb-scraper/data/large-cys-his-datasets/4cys-large/output/xyz_files/6po5_ZN_homo_d2.60_cluster1.xyz,-71.98,36.910,,150.97,40.583,,-70.33,40.057,,152.12,40.920,
6po7_ZN_homo_d2.60_cluster1,7,#c7c7c7,1,6po7_ZN_homo_d2.60_cluster1,19.4911,Cx4C-Cx4C-LL-LL,40.84,0.9670,0.3157,0.1870,0.2250,39.070,/Users/stetef/Documents/SLAC/pdb-scraper/data/large-cys-his-datasets/4cys-large/output/xyz_files/6po7_ZN_homo_d2.60_cluster1.xyz,151.42,38.550,,-66.27,34.250,,146.84,40.077,,-68.63,36.930,
6po8_ZN_homo_d2.60_cluster1,7,#c7c7c7,1,6po8_ZN_homo_d2.60_cluster1,19.5868,Cx4C-Cx4C-LL-LL,39.96,0.9584,0.3358,0.1770,0.2140,30.640,/Users/stetef/Documents/SLAC/pdb-scraper/data/large-cys-his-datasets/4cys-large/output/xyz_files/6po8_ZN_homo_d2.60_cluster1.xyz,154.26,33.327,,144.13,33.213,,-67.04,31.003,,-71.51,31.137,
6po9_ZN_homo_d2.60_cluster1,7,#c7c7c7,1,6po9_ZN_homo_d2.60_cluster1,19.3927,Cx4C-Cx4C-LL-LL,38.85,0.9621,0.3279,0.1880,0.2240,37.440,/Users/stetef/Documents/SLAC/pdb-scraper/data/large-cys-his-datasets/4cys-large/output/xyz_files/6po9_ZN_homo_d2.60_cluster1.xyz,149.24,40.030,,151.33,40.557,,-70.40,37.143,,-74.78,36.757,
6poa_ZN_homo_d2.60_cluster1,7,#c7c7c7,1,6poa_ZN_homo_d2.60_cluster1,19.7335,Cx4C-Cx4C-LL-LL,39.84,0.9687,0.3196,0.1990,0.2360,43.690,/Users/stetef/Documents/SLAC/pdb-scraper/data/large-cys-his-datasets/4cys-large/output/xyz_files/6poa_ZN_homo_d2.60_cluster1.xyz,-68.49,44.940,,150.80,46.057,,153.16,43.927,,-76.09,43.927,
6pob_ZN_homo_d2.60_cluster1,7,#c7c7c7,1,6pob_ZN_homo_d2.60_cluster1,19.7001,Cx4C-Cx4C-LL-LL,41.00,0.9645,0.3202,0.1820,0.2220,43.280,/Users/stetef/Documents/SLAC/pdb-scraper/data/large-cys-his-datasets/4cys-large/output/xyz_files/6pob_ZN_homo_d2.60_cluster1.xyz,153.21,44.860,,151.03,46.197,,-68.49,40.243,,-71.77,42.200,
6poc_ZN_homo_d2.60_cluster1,7,#c7c7c7,1,6poc_ZN_homo_d2.60_cluster1,19.8934,Cx4C-Cx4C-LL-LL,40.73,0.9712,0.3376,0.1960,0.2410,50.890,/Users/stetef/Documents/SLAC/pdb-scraper/data/large-cys-his-datasets/4cys-large/output/xyz_files/6poc_ZN_homo_d2.60_cluster1.xyz,-69.88,50.130,,157.63,50.580,,-71.73,45.707,,146.91,56.580,
6pp0_ZN_homo_d2.60_cluster1,6,#f7b6d2,1,6pp0_ZN_homo_d2.60_cluster1,20.8730,Cx4C-Cx4C-LL-LL,42.15,0.9745,0.3084,0.2090,0.2610,45.510,/Users/stetef/Documents/SLAC/pdb-scraper/data/large-cys-his-datasets/4cys-large/output/xyz_files/6pp0_ZN_homo_d2.60_cluster1.xyz,154.40,50.567,,-65.86,41.800,,151.48,46.313,,-71.41,42.277,
6pp0_ZN_homo_d2.60_cluster2,6,#f7b6d2,1,6pp0_ZN_homo_d2.60_cluster2,19.8670,Cx4C-Cx4C-LL-LL,42.44,0.9755,0.2868,0.2090,0.2610,40.720,/Users/stetef/Documents/SLAC/pdb-scraper/data/large-cys-his-datasets/4cys-large/output/xyz_files/6pp0_ZN_homo_d2.60_cluster2.xyz,155.75,40.403,,-69.31,37.450,,-75.25,37.217,,158.55,42.173,
6pp1_ZN_homo_d2.60_cluster1,1,#ff7f0e,1,6pp1_ZN_homo_d2.60_cluster1,19.5377,Cx4C-Cx4C-LL-LL,40.10,0.9877,0.2702,0.1820,0.2120,39.220,/Users/stetef/Documents/SLAC/pdb-scraper/data/large-cys-his-datasets/4cys-large/output/xyz_files/6pp1_ZN_homo_d2.60_cluster1.xyz,-74.27,41.737,,153.44,49.173,,-73.64,41.873,,154.88,44.407,
6pp1_ZN_homo_d2.60_cluster2,5,#c49c94,1,6pp1_ZN_homo_d2.60_cluster2,19.7387,Cx4C-Cx4C-LL-LL,41.15,0.9849,0.2825,0.1820,0.2120,33.300,/Users/stetef/Documents/SLAC/pdb-scraper/data/large-cys-his-datasets/4cys-large/output/xyz_files/6pp1_ZN_homo_d2.60_cluster2.xyz,-70.40,34.563,,153.83,40.470,,-72.90,39.947,,154.08,39.050,
6pp3_ZN_homo_d2.60_cluster1,6,#f7b6d2,1,6pp3_ZN_homo_d2.60_cluster1,19.4789,Cx4C-Cx4C-LL-LS,39.25,0.9687,0.2867,0.2130,0.2600,46.120,/Users/stetef/Documents/SLAC/pdb-scraper/data/large-cys-his-datasets/4cys-large/output/xyz_files/6pp3_ZN_homo_d2.60_cluster1.xyz,-80.02,44.347,,153.76,48.857,,-77.57,43.870,,160.83,46.133,
6pp3_ZN_homo_d2.60_cluster2,5,#c49c94,1,6pp3_ZN_homo_d2.60_cluster2,18.8697,Cx4C-Cx4C-LL-LL,37.28,0.9927,0.2539,0.2130,0.2600,36.810,/Users/stetef/Documents/SLAC/pdb-scraper/data/large-cys-his-datasets/4cys-large/output/xyz_files/6pp3_ZN_homo_d2.60_cluster2.xyz,-75.15,40.167,,152.34,43.560,,-83.93,39.487,,155.84,38.423,
6q9v_ZN_homo_d2.60_cluster1,1,#ff7f0e,1,6q9v_ZN_homo_d2.60_cluster1,8.2466,Cx2Cx45Cx2C-SLSL,131.82,0.9870,0.4805,0.1840,0.2260,16.070,/Users/stetef/Documents/SLAC/pdb-scraper/data/large-cys-his-datasets/4cys-large/output/xyz_files/6q9v_ZN_homo_d2.60_cluster1.xyz,91.98,17.787,,171.07,13.200,,92.58,15.967,,171.65,14.923,
6q9v_ZN_homo_d2.60_cluster2,0,#1f77b4,1,6q9v_ZN_homo_d2.60_cluster2,7.3251,Cx2Cx45Cx2C-SLSL,133.16,0.9886,0.4784,0.1840,0.2260,18.090,/Users/stetef/Documents/SLAC/pdb-scraper/data/large-cys-his-datasets/4cys-large/output/xyz_files/6q9v_ZN_homo_d2.60_cluster2.xyz,93.27,17.577,,173.19,13.513,,172.47,17.607,,93.70,16.060,
6qa0_ZN_homo_d2.60_cluster1,5,#c49c94,1,6qa0_ZN_homo_d2.60_cluster1,7.4550,Cx2Cx45Cx2C-SLSL,132.40,0.9858,0.4784,0.1760,0.2220,21.380,/Users/stetef/Documents/SLAC/pdb-scraper/data/large-cys-his-datasets/4cys-large/output/xyz_files/6qa0_ZN_homo_d2.60_cluster1.xyz,95.93,23.670,,91.17,22.457,,170.78,19.950,,171.72,20.413,
6qa0_ZN_homo_d2.60_cluster2,6,#f7b6d2,1,6qa0_ZN_homo_d2.60_cluster2,7.7537,Cx2Cx45Cx2C-SLSL,131.85,0.9801,0.4794,0.1760,0.2220,20.800,/Users/stetef/Documents/SLAC/pdb-scraper/data/large-cys-his-datasets/4cys-large/output/xyz_files/6qa0_ZN_homo_d2.60_cluster2.xyz,92.63,18.470,,91.94,20.040,,169.43,21.260,,173.41,19.147,
6qcd_ZN_homo_d2.60_cluster1,8,#dbdb8d,1,6qcd_ZN_homo_d2.60_cluster1,13.4338,Cx2Cx21Cx10C-SLLL,62.74,0.9796,0.4773,0.1690,0.2020,50.420,/Users/stetef/Documents/SLAC/pdb-scraper/data/large-cys-his-datasets/4cys-large/output/xyz_files/6qcd_ZN_homo_d2.60_cluster1.xyz,84.13,50.260,,-175.56,45.147,,176.96,43.277,,165.42,54.510,
6qcd_ZN_homo_d2.60_cluster2,8,#dbdb8d,1,6qcd_ZN_homo_d2.60_cluster2,14.3626,Cx2Cx21Cx10C-SLLL,-28.76,0.9805,0.4902,0.1690,0.2020,57.240,/Users/stetef/Documents/SLAC/pdb-scraper/data/large-cys-his-datasets/4cys-large/output/xyz_files/6qcd_ZN_homo_d2.60_cluster2.xyz,-177.35,51.997,,82.26,58.530,,-174.05,52.207,,154.09,60.500,
6qce_ZN_homo_d2.60_cluster1,8,#dbdb8d,1,6qce_ZN_homo_d2.60_cluster1,13.2241,Cx2Cx21Cx10C-SLLL,61.75,0.9724,0.4857,0.1530,0.1870,62.030,/Users/stetef/Documents/SLAC/pdb-scraper/data/large-cys-his-datasets/4cys-large/output/xyz_files/6qce_ZN_homo_d2.60_cluster1.xyz,86.71,62.823,,-178.80,48.170,,179.94,52.157,,159.16,66.200,
6r0q_ZN_homo_d2.60_cluster1,4,#9467bd,1,6r0q_ZN_homo_d2.60_cluster1,7.2169,Cx2Cx62Cx2C-SLSL,130.03,0.9895,0.4707,0.1590,0.1900,12.490,/Users/stetef/Documents/SLAC/pdb-scraper/data/large-cys-his-datasets/4cys-large/output/xyz_files/6r0q_ZN_homo_d2.60_cluster1.xyz,88.91,13.603,,171.04,11.320,,87.69,11.920,,172.47,11.117,
6r0q_ZN_homo_d2.60_cluster2,5,#c49c94,1,6r0q_ZN_homo_d2.60_cluster2,7.8537,Cx2Cx62Cx2C-SLSL,132.30,0.9863,0.4749,0.1590,0.1900,14.800,/Users/stetef/Documents/SLAC/pdb-scraper/data/large-cys-his-datasets/4cys-large/output/xyz_files/6r0q_ZN_homo_d2.60_cluster2.xyz,91.09,16.793,,171.72,14.987,,92.23,13.580,,174.14,12.643,
6r0q_ZN_homo_d2.60_cluster3,1,#ff7f0e,1,6r0q_ZN_homo_d2.60_cluster3,7.0547,Cx2Cx62Cx2C-SLSL,131.72,0.9883,0.4697,0.1590,0.1900,12.820,/Users/stetef/Documents/SLAC/pdb-scraper/data/large-cys-his-datasets/4cys-large/output/xyz_files/6r0q_ZN_homo_d2.60_cluster3.xyz,92.46,13.703,,170.32,11.153,,90.05,12.250,,174.05,11.260,
6r0q_ZN_homo_d2.60_cluster4,8,#dbdb8d,1,6r0q_ZN_homo_d2.60_cluster4,7.8800,Cx2Cx62Cx2C-SLSL,133.28,0.9852,0.4705,0.1590,0.1900,14.850,/Users/stetef/Documents/SLAC/pdb-scraper/data/large-cys-his-datasets/4cys-large/output/xyz_files/6r0q_ZN_homo_d2.60_cluster4.xyz,91.97,16.767,,95.54,13.610,,171.79,14.173,,173.83,12.457,
6r0s_ZN_homo_d2.60_cluster1,5,#c49c94,1,6r0s_ZN_homo_d2.60_cluster1,6.9085,Cx2Cx62Cx2C-SLSL,133.34,0.9868,0.4761,0.1880,0.2130,17.280,/Users/stetef/Documents/SLAC/pdb-scraper/data/large-cys-his-datasets/4cys-large/output/xyz_files/6r0s_ZN_homo_d2.60_cluster1.xyz,165.90,16.443,,95.05,18.163,,94.17,17.943,,178.23,16.607,
6r0s_ZN_homo_d2.60_cluster2,3,#d62728,1,6r0s_ZN_homo_d2.60_cluster2,7.0003,Cx2Cx62Cx2C-SLSL,132.09,0.9893,0.4730,0.1880,0.2130,22.490,/Users/stetef/Documents/SLAC/pdb-scraper/data/large-cys-his-datasets/4cys-large/output/xyz_files/6r0s_ZN_homo_d2.60_cluster2.xyz,91.20,24.117,,91.99,24.243,,176.80,21.403,,168.38,20.617,
6r0s_ZN_homo_d2.60_cluster3,8,#dbdb8d,1,6r0s_ZN_homo_d2.60_cluster3,7.5406,Cx2Cx62Cx2C-SLSL,131.54,0.9907,0.4822,0.1880,0.2130,23.110,/Users/stetef/Documents/SLAC/pdb-scraper/data/large-cys-his-datasets/4cys-large/output/xyz_files/6r0s_ZN_homo_d2.60_cluster3.xyz,88.97,23.470,,92.83,25.533,,167.27,24.897,,177.08,21.917,
6r0u_ZN_homo_d2.60_cluster1,4,#9467bd,1,6r0u_ZN_homo_d2.60_cluster1,6.7321,Cx2Cx62Cx2C-SLSL,133.46,0.9897,0.4753,0.1890,0.2270,21.650,/Users/stetef/Documents/SLAC/pdb-scraper/data/large-cys-his-datasets/4cys-large/output/xyz_files/6r0u_ZN_homo_d2.60_cluster1.xyz,169.11,20.787,,92.35,22.713,,92.77,21.957,,179.60,19.423,
6r0u_ZN_homo_d2.60_cluster2,1,#ff7f0e,1,6r0u_ZN_homo_d2.60_cluster2,6.6305,Cx2Cx62Cx2C-SLSL,132.94,0.9917,0.4737,0.1890,0.2270,35.480,/Users/stetef/Documents/SLAC/pdb-scraper/data/large-cys-his-datasets/4cys-large/output/xyz_files/6r0u_ZN_homo_d2.60_cluster2.xyz,179.45,29.647,,92.93,37.117,,172.06,32.273,,87.32,35.863,
6r0u_ZN_homo_d2.60_cluster3,3,#d62728,1,6r0u_ZN_homo_d2.60_cluster3,6.6533,Cx2Cx62Cx2C-SLSL,131.73,0.9892,0.4752,0.1890,0.2270,28.860,/Users/stetef/Documents/SLAC/pdb-scraper/data/large-cys-his-datasets/4cys-large/output/xyz_files/6r0u_ZN_homo_d2.60_cluster3.xyz,89.79,30.937,,89.55,30.457,,177.85,28.583,,169.75,31.633,
6r0v_ZN_homo_d2.60_cluster1,3,#d62728,1,6r0v_ZN_homo_d2.60_cluster1,7.3840,Cx2Cx62Cx2C-SLSL,44.44,0.9866,0.4768,0.1950,0.2190,18.930,/Users/stetef/Documents/SLAC/pdb-scraper/data/large-cys-his-datasets/4cys-large/output/xyz_files/6r0v_ZN_homo_d2.60_cluster1.xyz,168.78,17.360,,93.63,20.033,,-179.88,18.213,,95.22,20.207,
6r0v_ZN_homo_d2.60_cluster2,3,#d62728,1,6r0v_ZN_homo_d2.60_cluster2,7.2182,Cx2Cx62Cx2C-SLSL,133.38,0.9797,0.4710,0.1950,0.2190,35.100,/Users/stetef/Documents/SLAC/pdb-scraper/data/large-cys-his-datasets/4cys-large/output/xyz_files/6r0v_ZN_homo_d2.60_cluster2.xyz,92.61,38.183,,178.28,29.060,,94.26,36.620,,168.38,30.387,
6r0v_ZN_homo_d2.60_cluster3,8,#dbdb8d,1,6r0v_ZN_homo_d2.60_cluster3,7.9293,Cx2Cx62Cx2C-SLSL,132.84,0.9883,0.4799,0.1950,0.2190,28.230,/Users/stetef/Documents/SLAC/pdb-scraper/data/large-cys-his-datasets/4cys-large/output/xyz_files/6r0v_ZN_homo_d2.60_cluster3.xyz,88.98,29.927,,168.90,28.470,,94.64,29.700,,178.82,29.057,
6r11_ZN_homo_d2.60_cluster1,3,#d62728,1,6r11_ZN_homo_d2.60_cluster1,7.3210,Cx2Cx62Cx2C-SLSL,133.53,0.9851,0.4779,0.1900,0.2270,24.670,/Users/stetef/Documents/SLAC/pdb-scraper/data/large-cys-his-datasets/4cys-large/output/xyz_files/6r11_ZN_homo_d2.60_cluster1.xyz,166.14,22.253,,91.78,25.737,,97.18,26.403,,179.01,23.670,
6r11_ZN_homo_d2.60_cluster2,1,#ff7f0e,1,6r11_ZN_homo_d2.60_cluster2,6.6660,Cx2Cx62Cx2C-SLSL,133.18,0.9826,0.4751,0.1900,0.2270,41.060,/Users/stetef/Documents/SLAC/pdb-scraper/data/large-cys-his-datasets/4cys-large/output/xyz_files/6r11_ZN_homo_d2.60_cluster2.xyz,177.89,37.667,,96.87,44.407,,171.65,36.427,,86.32,43.670,
6r11_ZN_homo_d2.60_cluster3,8,#dbdb8d,1,6r11_ZN_homo_d2.60_cluster3,7.8513,Cx2Cx62Cx2C-SLSL,42.51,0.9901,0.4873,0.1900,0.2270,35.590,/Users/stetef/Documents/SLAC/pdb-scraper/data/large-cys-his-datasets/4cys-large/output/xyz_files/6r11_ZN_homo_d2.60_cluster3.xyz,167.11,37.837,,87.60,37.380,,94.93,39.420,,-179.61,35.930,
6r12_ZN_homo_d2.60_cluster1,9,#9edae5,1,6r12_ZN_homo_d2.60_cluster1,6.2117,Cx2Cx62Cx2C-SLSL,131.81,0.9842,0.4698,0.1770,0.2340,20.830,/Users/stetef/Documents/SLAC/pdb-scraper/data/large-cys-his-datasets/4cys-large/output/xyz_files/6r12_ZN_homo_d2.60_cluster1.xyz,87.33,21.307,,166.34,19.437,,98.86,22.237,,174.69,20.670,
6r12_ZN_homo_d2.60_cluster2,3,#d62728,1,6r12_ZN_homo_d2.60_cluster2,6.2954,Cx2Cx62Cx2C-SLSL,132.49,0.9928,0.4730,0.1770,0.2340,27.320,/Users/stetef/Documents/SLAC/pdb-scraper/data/large-cys-his-datasets/4cys-large/output/xyz_files/6r12_ZN_homo_d2.60_cluster2.xyz,87.15,28.220,,174.80,25.300,,171.15,23.707,,96.85,30.713,
6r12_ZN_homo_d2.60_cluster3,5,#c49c94,1,6r12_ZN_homo_d2.60_cluster3,6.8269,Cx2Cx62Cx2C-SLSL,133.78,0.9909,0.4848,0.1770,0.2340,31.070,/Users/stetef/Documents/SLAC/pdb-scraper/data/large-cys-his-datasets/4cys-large/output/xyz_files/6r12_ZN_homo_d2.60_cluster3.xyz,174.09,32.213,,87.23,30.733,,179.15,29.273,,94.66,34.817,
6r13_ZN_homo_d2.60_cluster1,0,#1f77b4,1,6r13_ZN_homo_d2.60_cluster1,7.3176,Cx2Cx62Cx2C-SLSL,133.86,0.9857,0.4770,0.1990,0.2240,19.290,/Users/stetef/Documents/SLAC/pdb-scraper/data/large-cys-his-datasets/4cys-large/output/xyz_files/6r13_ZN_homo_d2.60_cluster1.xyz,94.08,20.113,,167.63,17.480,,176.87,18.167,,96.86,21.077,
6r13_ZN_homo_d2.60_cluster2,3,#d62728,1,6r13_ZN_homo_d2.60_cluster2,6.6708,Cx2Cx62Cx2C-SLSL,132.20,0.9819,0.4732,0.1990,0.2240,40.800,/Users/stetef/Documents/SLAC/pdb-scraper/data/large-cys-his-datasets/4cys-large/output/xyz_files/6r13_ZN_homo_d2.60_cluster2.xyz,178.12,32.763,,93.39,43.390,,168.95,35.350,,88.34,42.017,
6r13_ZN_homo_d2.60_cluster3,8,#dbdb8d,1,6r13_ZN_homo_d2.60_cluster3,5.8002,Cx2Cx62Cx2C-SLSL,130.85,0.9919,0.4899,0.1990,0.2240,35.930,/Users/stetef/Documents/SLAC/pdb-scraper/data/large-cys-his-datasets/4cys-large/output/xyz_files/6r13_ZN_homo_d2.60_cluster3.xyz,169.07,39.800,,88.75,38.003,,92.34,37.233,,173.24,37.793,
6r18_ZN_homo_d2.60_cluster1,2,#2ca02c,1,6r18_ZN_homo_d2.60_cluster1,6.5008,Cx2Cx62Cx2C-SLSL,133.33,0.9888,0.4756,0.1740,0.1970,11.900,/Users/stetef/Documents/SLAC/pdb-scraper/data/large-cys-his-datasets/4cys-large/output/xyz_files/6r18_ZN_homo_d2.60_cluster1.xyz,95.26,13.060,,166.63,11.210,,93.10,12.450,,178.34,11.177,
6r18_ZN_homo_d2.60_cluster2,1,#ff7f0e,1,6r18_ZN_homo_d2.60_cluster2,7.0391,Cx2Cx62Cx2C-SLSL,131.88,0.9870,0.4724,0.1740,0.1970,15.020,/Users/stetef/Documents/SLAC/pdb-scraper/data/large-cys-his-datasets/4cys-large/output/xyz_files/6r18_ZN_homo_d2.60_cluster2.xyz,91.02,16.217,,175.73,13.340,,92.19,16.387,,168.58,13.957,
6r18_ZN_homo_d2.60_cluster3,4,#9467bd,1,6r18_ZN_homo_d2.60_cluster3,6.9624,Cx2Cx62Cx2C-SLSL,131.58,0.9890,0.4813,0.1740,0.1970,15.560,/Users/stetef/Documents/SLAC/pdb-scraper/data/large-cys-his-datasets/4cys-large/output/xyz_files/6r18_ZN_homo_d2.60_cluster3.xyz,168.31,15.693,,89.91,15.780,,93.22,18.163,,174.87,14.953,
6r19_ZN_homo_d2.60_cluster1,4,#9467bd,1,6r19_ZN_homo_d2.60_cluster1,6.5784,Cx2Cx62Cx2C-SLSL,131.90,0.9854,0.4750,0.1730,0.2010,13.570,/Users/stetef/Documents/SLAC/pdb-scraper/data/large-cys-his-datasets/4cys-large/output/xyz_files/6r19_ZN_homo_d2.60_cluster1.xyz,164.52,12.710,,94.74,14.577,,93.28,13.740,,175.05,12.773,
6r19_ZN_homo_d2.60_cluster2,5,#c49c94,1,6r19_ZN_homo_d2.60_cluster2,6.9656,Cx2Cx62Cx2C-SLSL,130.72,0.9892,0.4671,0.1730,0.2010,17.860,/Users/stetef/Documents/SLAC/pdb-scraper/data/large-cys-his-datasets/4cys-large/output/xyz_files/6r19_ZN_homo_d2.60_cluster2.xyz,90.63,19.663,,174.04,16.717,,167.14,15.867,,91.08,19.410,
6r19_ZN_homo_d2.60_cluster3,3,#d62728,1,6r19_ZN_homo_d2.60_cluster3,7.0592,Cx2Cx62Cx2C-SLSL,130.45,0.9898,0.4758,0.1730,0.2010,17.910,/Users/stetef/Documents/SLAC/pdb-scraper/data/large-cys-his-datasets/4cys-large/output/xyz_files/6r19_ZN_homo_d2.60_cluster3.xyz,91.48,20.663,,89.20,18.300,,166.82,18.173,,174.30,16.380,
6r1a_ZN_homo_d2.60_cluster1,3,#d62728,1,6r1a_ZN_homo_d2.60_cluster1,6.6635,Cx2Cx62Cx2C-SLSL,131.73,0.9865,0.4740,0.1810,0.2080,14.780,/Users/stetef/Documents/SLAC/pdb-scraper/data/large-cys-his-datasets/4cys-large/output/xyz_files/6r1a_ZN_homo_d2.60_cluster1.xyz,93.51,15.450,,93.37,15.770,,165.19,13.950,,174.86,13.993,
6r1a_ZN_homo_d2.60_cluster2,3,#d62728,1,6r1a_ZN_homo_d2.60_cluster2,6.9438,Cx2Cx62Cx2C-SLSL,131.51,0.9902,0.4719,0.1810,0.2080,19.180,/Users/stetef/Documents/SLAC/pdb-scraper/data/large-cys-his-datasets/4cys-large/output/xyz_files/6r1a_ZN_homo_d2.60_cluster2.xyz,175.43,17.233,,91.25,20.377,,89.67,20.450,,169.70,18.113,
6r1a_ZN_homo_d2.60_cluster3,8,#dbdb8d,1,6r1a_ZN_homo_d2.60_cluster3,7.3190,Cx2Cx62Cx2C-SLSL,130.75,0.9895,0.4801,0.1810,0.2080,19.940,/Users/stetef/Documents/SLAC/pdb-scraper/data/large-cys-his-datasets/4cys-large/output/xyz_files/6r1a_ZN_homo_d2.60_cluster3.xyz,91.25,22.330,,90.11,20.783,,166.26,20.577,,175.40,18.807,
6r1c_ZN_homo_d2.60_cluster1,3,#d62728,1,6r1c_ZN_homo_d2.60_cluster1,6.6371,Cx2Cx62Cx2C-SLSL,133.23,0.9856,0.4776,0.1950,0.2150,11.180,/Users/stetef/Documents/SLAC/pdb-scraper/data/large-cys-his-datasets/4cys-large/output/xyz_files/6r1c_ZN_homo_d2.60_cluster1.xyz,94.11,12.200,,167.27,10.783,,93.68,11.943,,177.84,10.467,
6r1c_ZN_homo_d2.60_cluster2,3,#d62728,1,6r1c_ZN_homo_d2.60_cluster2,6.8970,Cx2Cx62Cx2C-SLSL,132.58,0.9870,0.4742,0.1950,0.2150,16.510,/Users/stetef/Documents/SLAC/pdb-scraper/data/large-cys-his-datasets/4cys-large/output/xyz_files/6r1c_ZN_homo_d2.60_cluster2.xyz,177.44,14.600,,92.52,18.537,,91.14,18.727,,169.24,15.427,
6r1c_ZN_homo_d2.60_cluster3,8,#dbdb8d,1,6r1c_ZN_homo_d2.60_cluster3,7.1323,Cx2Cx62Cx2C-SLSL,131.35,0.9895,0.4833,0.1950,0.2150,17.810,/Users/stetef/Documents/SLAC/pdb-scraper/data/large-cys-his-datasets/4cys-large/output/xyz_files/6r1c_ZN_homo_d2.60_cluster3.xyz,168.02,21.243,,88.82,18.100,,91.31,19.750,,177.26,17.343,
6r1d_ZN_homo_d2.60_cluster1,2,#2ca02c,1,6r1d_ZN_homo_d2.60_cluster1,7.8115,Cx2Cx62Cx2C-SLSL,132.93,0.9864,0.4763,0.1230,0.1500,13.190,/Users/stetef/Documents/SLAC/pdb-scraper/data/large-cys-his-datasets/4cys-large/output/xyz_files/6r1d_ZN_homo_d2.60_cluster1.xyz,92.30,14.340,,92.13,16.297,,177.60,11.503,,169.69,12.573,
6r1d_ZN_homo_d2.60_cluster2,3,#d62728,1,6r1d_ZN_homo_d2.60_cluster2,8.2622,Cx2Cx62Cx2C-SLSL,133.12,0.9837,0.4771,0.1230,0.1500,12.710,/Users/stetef/Documents/SLAC/pdb-scraper/data/large-cys-his-datasets/4cys-large/output/xyz_files/6r1d_ZN_homo_d2.60_cluster2.xyz,89.27,14.297,,95.33,15.197,,170.03,10.863,,177.84,11.097,
6r1k_ZN_homo_d2.60_cluster1,8,#dbdb8d,1,6r1k_ZN_homo_d2.60_cluster1,6.6682,Cx2Cx62Cx2C-SLSL,132.80,0.9909,0.4795,0.1770,0.2120,30.250,/Users/stetef/Documents/SLAC/pdb-scraper/data/large-cys-his-datasets/4cys-large/output/xyz_files/6r1k_ZN_homo_d2.60_cluster1.xyz,91.50,30.947,,166.73,29.570,,96.61,31.163,,176.35,27.840,
6r1k_ZN_homo_d2.60_cluster2,3,#d62728,1,6r1k_ZN_homo_d2.60_cluster2,7.0186,Cx2Cx62Cx2C-SLSL,133.57,0.9888,0.4724,0.1770,0.2120,37.080,/Users/stetef/Documents/SLAC/pdb-scraper/data/large-cys-his-datasets/4cys-large/output/xyz_files/6r1k_ZN_homo_d2.60_cluster2.xyz,95.37,39.810,,175.84,33.633,,94.48,40.027,,168.57,34.793,
6r1k_ZN_homo_d2.60_cluster3,8,#dbdb8d,1,6r1k_ZN_homo_d2.60_cluster3,7.0987,Cx2Cx62Cx2C-SLSL,132.21,0.9909,0.4797,0.1770,0.2120,36.890,/Users/stetef/Documents/SLAC/pdb-scraper/data/large-cys-his-datasets/4cys-large/output/xyz_files/6r1k_ZN_homo_d2.60_cluster3.xyz,95.12,39.653,,90.81,40.157,,167.69,36.203,,175.23,37.667,
6r1w_ZN_homo_d2.60_cluster1,5,#c49c94,1,6r1w_ZN_homo_d2.60_cluster1,6.9842,Cx2Cx62Cx2C-SLSL,132.55,0.9852,0.4731,0.1680,0.1980,11.830,/Users/stetef/Documents/SLAC/pdb-scraper/data/large-cys-his-datasets/4cys-large/output/xyz_files/6r1w_ZN_homo_d2.60_cluster1.xyz,166.19,10.763,,95.88,13.307,,90.67,12.170,,177.46,10.670,
6r1w_ZN_homo_d2.60_cluster2,1,#ff7f0e,1,6r1w_ZN_homo_d2.60_cluster2,6.9473,Cx2Cx62Cx2C-SLSL,131.14,0.9872,0.4697,0.1680,0.1980,15.420,/Users/stetef/Documents/SLAC/pdb-scraper/data/large-cys-his-datasets/4cys-large/output/xyz_files/6r1w_ZN_homo_d2.60_cluster2.xyz,174.16,13.957,,88.86,16.617,,169.37,13.517,,92.17,16.947,
6r1w_ZN_homo_d2.60_cluster3,3,#d62728,1,6r1w_ZN_homo_d2.60_cluster3,7.0378,Cx2Cx62Cx2C-SLSL,131.87,0.9887,0.4807,0.1680,0.1980,15.730,/Users/stetef/Documents/SLAC/pdb-scraper/data/large-cys-his-datasets/4cys-large/output/xyz_files/6r1w_ZN_homo_d2.60_cluster3.xyz,89.77,15.760,,92.75,18.537,,168.22,15.547,,176.74,14.670,
6r1x_ZN_homo_d2.60_cluster1,8,#dbdb8d,1,6r1x_ZN_homo_d2.60_cluster1,7.4790,Cx2Cx62Cx2C-SLSL,132.24,0.9919,0.4791,0.1730,0.2160,22.400,/Users/stetef/Documents/SLAC/pdb-scraper/data/large-cys-his-datasets/4cys-large/output/xyz_files/6r1x_ZN_homo_d2.60_cluster1.xyz,92.41,23.987,,95.23,23.873,,164.04,22.067,,177.27,21.110,
6r1x_ZN_homo_d2.60_cluster2,3,#d62728,1,6r1x_ZN_homo_d2.60_cluster2,6.9572,Cx2Cx62Cx2C-SLSL,133.09,0.9838,0.4712,0.1730,0.2160,28.380,/Users/stetef/Documents/SLAC/pdb-scraper/data/large-cys-his-datasets/4cys-large/output/xyz_files/6r1x_ZN_homo_d2.60_cluster2.xyz,90.78,29.107,,176.41,25.550,,96.92,30.237,,168.25,26.190,
6r1x_ZN_homo_d2.60_cluster3,8,#dbdb8d,1,6r1x_ZN_homo_d2.60_cluster3,6.7720,Cx2Cx62Cx2C-SLSL,130.25,0.9880,0.4793,0.1730,0.2160,31.310,/Users/stetef/Documents/SLAC/pdb-scraper/data/large-cys-his-datasets/4cys-large/output/xyz_files/6r1x_ZN_homo_d2.60_cluster3.xyz,88.86,32.413,,167.04,35.173,,91.93,32.960,,173.16,31.073,
6r5d_ZN_homo_d2.60_cluster1,5,#c49c94,1,6r5d_ZN_homo_d2.60_cluster1,22.1509,CCx5Cx2C-LLLL,-7.26,0.9700,0.5048,0.1800,0.2150,37.590,/Users/stetef/Documents/SLAC/pdb-scraper/data/large-cys-his-datasets/4cys-large/output/xyz_files/6r5d_ZN_homo_d2.60_cluster1.xyz,-109.49,40.627,,-90.20,42.090,,96.53,35.950,,74.12,38.350,
6r5d_ZN_homo_d2.60_cluster2,2,#2ca02c,1,6r5d_ZN_homo_d2.60_cluster2,22.1168,CCx5Cx2C-LLLL,-7.14,0.9685,0.5150,0.1800,0.2150,40.010,/Users/stetef/Documents/SLAC/pdb-scraper/data/large-cys-his-datasets/4cys-large/output/xyz_files/6r5d_ZN_homo_d2.60_cluster2.xyz,-96.70,51.660,,-106.10,44.737,,76.01,41.720,,98.22,37.157,
6r5e_ZN_homo_d2.60_cluster1,5,#c49c94,1,6r5e_ZN_homo_d2.60_cluster1,22.2286,CCx5Cx2C-LLLL,-7.55,0.9785,0.4947,0.1800,0.2060,38.280,/Users/stetef/Documents/SLAC/pdb-scraper/data/large-cys-his-datasets/4cys-large/output/xyz_files/6r5e_ZN_homo_d2.60_cluster1.xyz,-109.18,40.827,,-93.81,41.627,,95.72,35.367,,77.06,39.443,
6r5e_ZN_homo_d2.60_cluster2,2,#2ca02c,1,6r5e_ZN_homo_d2.60_cluster2,22.1701,CCx5Cx2C-LLLL,-7.72,0.9625,0.4991,0.1800,0.2060,37.810,/Users/stetef/Documents/SLAC/pdb-scraper/data/large-cys-his-datasets/4cys-large/output/xyz_files/6r5e_ZN_homo_d2.60_cluster2.xyz,-105.49,45.410,,-96.37,47.033,,96.93,37.687,,74.06,40.043,
6rb4_ZN_homo_d2.60_cluster1,8,#dbdb8d,1,6rb4_ZN_homo_d2.60_cluster1,21.5445,CCx5Cx2C-LLLH,-10.44,0.9828,0.4911,0.1940,0.2150,19.220,/Users/stetef/Documents/SLAC/pdb-scraper/data/large-cys-his-datasets/4cys-large/output/xyz_files/6rb4_ZN_homo_d2.60_cluster1.xyz,89.50,17.333,,-95.82,20.427,,-113.58,21.353,,78.14,19.820,
6rnm_ZN_homo_d2.60_cluster1,2,#2ca02c,1,6rnm_ZN_homo_d2.60_cluster1,16.3940,Cx2Cx16Cx2C-LLLL,86.02,0.9796,0.4665,0.1700,0.1880,38.630,/Users/stetef/Documents/SLAC/pdb-scraper/data/large-cys-his-datasets/4cys-large/output/xyz_files/6rnm_ZN_homo_d2.60_cluster1.xyz,178.63,32.310,,-99.10,35.183,,92.35,41.997,,172.20,37.327,
6rok_ZN_homo_d2.60_cluster1,6,#f7b6d2,1,6rok_ZN_homo_d2.60_cluster1,15.6046,Cx2Cx16Cx2C-LLLL,-1.52,0.9743,0.4653,0.1690,0.1960,35.730,/Users/stetef/Documents/SLAC/pdb-scraper/data/large-cys-his-datasets/4cys-large/output/xyz_files/6rok_ZN_homo_d2.60_cluster1.xyz,-177.14,30.690,,-97.02,34.957,,96.63,40.017,,171.48,35.363,
6rxj_ZN_homo_d2.60_cluster1,5,#c49c94,1,6rxj_ZN_homo_d2.60_cluster1,20.3767,Cx18Cx1CC-SLLL,-110.44,0.9745,0.3295,0.1740,0.1880,27.630,/Users/stetef/Documents/SLAC/pdb-scraper/data/large-cys-his-datasets/4cys-large/output/xyz_files/6rxj_ZN_homo_d2.60_cluster1.xyz,-86.62,33.990,,-164.80,30.883,,-155.20,32.980,,-35.13,38.737,
6rxj_ZN_homo_d2.60_cluster2,6,#f7b6d2,1,6rxj_ZN_homo_d2.60_cluster2,20.2692,Cx18Cx1CC-SLLL,-110.25,0.9697,0.3314,0.1740,0.1880,32.410,/Users/stetef/Documents/SLAC/pdb-scraper/data/large-cys-his-datasets/4cys-large/output/xyz_files/6rxj_ZN_homo_d2.60_cluster2.xyz,-84.99,32.630,,-164.48,31.390,,-36.22,35.893,,-155.32,30.600,
6rxk_ZN_homo_d2.60_cluster1,8,#dbdb8d,1,6rxk_ZN_homo_d2.60_cluster1,20.0588,Cx18Cx1CC-SLLL,-109.31,0.9766,0.3309,0.1700,0.1880,19.940,/Users/stetef/Documents/SLAC/pdb-scraper/data/large-cys-his-datasets/4cys-large/output/xyz_files/6rxk_ZN_homo_d2.60_cluster1.xyz,-82.78,19.760,,-151.96,17.927,,-162.73,19.097,,-39.79,21.133,
6rxm_ZN_homo_d2.60_cluster1,0,#1f77b4,1,6rxm_ZN_homo_d2.60_cluster1,20.0517,Cx18Cx1CC-SLLL,-112.65,0.9830,0.3119,0.2050,0.2430,51.000,/Users/stetef/Documents/SLAC/pdb-scraper/data/large-cys-his-datasets/4cys-large/output/xyz_files/6rxm_ZN_homo_d2.60_cluster1.xyz,-101.77,85.680,,-34.08,59.857,,-159.53,58.373,,-155.25,42.253,
6rxm_ZN_homo_d2.60_cluster2,3,#d62728,1,6rxm_ZN_homo_d2.60_cluster2,20.5793,Cx1Gx16Cx1CC-SLLLL,-106.17,0.9704,0.3229,0.2050,0.2430,59.710,/Users/stetef/Documents/SLAC/pdb-scraper/data/large-cys-his-datasets/4cys-large/output/xyz_files/6rxm_ZN_homo_d2.60_cluster2.xyz,-160.06,68.010,,-33.22,67.247,,-148.87,49.993,,-82.53,77.847,
6rxm_ZN_homo_d2.60_cluster3,5,#c49c94,1,6rxm_ZN_homo_d2.60_cluster3,19.4947,Cx18Cx1CC-SLLL,-106.95,0.9681,0.3225,0.2050,0.2430,41.600,/Users/stetef/Documents/SLAC/pdb-scraper/data/large-cys-his-datasets/4cys-large/output/xyz_files/6rxm_ZN_homo_d2.60_cluster3.xyz,-155.85,42.560,,-77.79,51.407,,-37.83,45.457,,-156.31,34.897,
6rxm_ZN_homo_d2.60_cluster4,3,#d62728,1,6rxm_ZN_homo_d2.60_cluster4,19.8330,Cx18Cx1CC-SLLL,-107.12,0.9752,0.3428,0.2050,0.2430,40.910,/Users/stetef/Documents/SLAC/pdb-scraper/data/large-cys-his-datasets/4cys-large/output/xyz_files/6rxm_ZN_homo_d2.60_cluster4.xyz,-161.81,42.473,,-153.70,40.627,,-78.71,45.173,,-34.28,44.927,
6rxm_ZN_homo_d2.60_cluster5,1,#ff7f0e,1,6rxm_ZN_homo_d2.60_cluster5,20.1296,Cx18Cx1CC-SLLL,-107.08,0.9655,0.3454,0.2050,0.2430,28.400,/Users/stetef/Documents/SLAC/pdb-scraper/data/large-cys-his-datasets/4cys-large/output/xyz_files/6rxm_ZN_homo_d2.60_cluster5.xyz,-162.84,29.370,,-33.50,28.570,,-76.52,30.710,,-155.46,28.133,
6rxm_ZN_homo_d2.60_cluster6,5,#c49c94,1,6rxm_ZN_homo_d2.60_cluster6,20.5291,Cx18Cx1CC-SLLL,-111.06,0.9857,0.3307,0.2050,0.2430,54.360,/Users/stetef/Documents/SLAC/pdb-scraper/data/large-cys-his-datasets/4cys-large/output/xyz_files/6rxm_ZN_homo_d2.60_cluster6.xyz,-42.45,69.650,,-152.93,62.863,,-160.46,48.093,,-88.39,72.460,
6rxo_ZN_homo_d2.60_cluster1,5,#c49c94,1,6rxo_ZN_homo_d2.60_cluster1,19.6803,Cx18Cx1CC-SLLL,-108.34,0.9778,0.3373,0.1980,0.2150,48.500,/Users/stetef/Documents/SLAC/pdb-scraper/data/large-cys-his-datasets/4cys-large/output/xyz_files/6rxo_ZN_homo_d2.60_cluster1.xyz,-158.27,45.677,,-88.15,49.073,,-153.08,46.360,,-33.87,51.813,
6rxo_ZN_homo_d2.60_cluster2,7,#c7c7c7,1,6rxo_ZN_homo_d2.60_cluster2,20.3129,Cx18Cx1CC-SLLL,-109.69,0.9774,0.2998,0.1980,0.2150,70.420,/Users/stetef/Documents/SLAC/pdb-scraper/data/large-cys-his-datasets/4cys-large/output/xyz_files/6rxo_ZN_homo_d2.60_cluster2.xyz,-37.50,81.090,,-158.29,75.980,,-153.87,65.087,,-89.11,76.900,
6rxp_ZN_homo_d2.60_cluster1,7,#c7c7c7,1,6rxp_ZN_homo_d2.60_cluster1,19.6811,Cx18Cx1CC-SLLL,-111.55,0.9792,0.3122,0.1940,0.2340,43.110,/Users/stetef/Documents/SLAC/pdb-scraper/data/large-cys-his-datasets/4cys-large/output/xyz_files/6rxp_ZN_homo_d2.60_cluster1.xyz,-84.74,48.530,,-47.15,45.997,,-161.52,40.333,,-152.79,36.827,
6rxp_ZN_homo_d2.60_cluster2,5,#c49c94,1,6rxp_ZN_homo_d2.60_cluster2,19.3771,Cx18Cx1CC-SLLL,-111.63,0.9806,0.3281,0.1940,0.2340,41.050,/Users/stetef/Documents/SLAC/pdb-scraper/data/large-cys-his-datasets/4cys-large/output/xyz_files/6rxp_ZN_homo_d2.60_cluster2.xyz,-163.32,37.590,,-46.97,42.900,,-82.71,42.653,,-153.53,35.167,
6rxs_ZN_homo_d2.60_cluster1,5,#c49c94,1,6rxs_ZN_homo_d2.60_cluster1,20.4326,Cx18Cx1CC-SLLL,-109.60,0.9761,0.3377,0.1800,0.2050,15.990,/Users/stetef/Documents/SLAC/pdb-scraper/data/large-cys-his-datasets/4cys-large/output/xyz_files/6rxs_ZN_homo_d2.60_cluster1.xyz,-81.71,16.100,,-155.47,13.477,,-40.18,19.400,,-161.04,15.773,
6s3a_ZN_homo_d2.60_cluster1,0,#1f77b4,1,6s3a_ZN_homo_d2.60_cluster1,32.8111,Cx3Cx7Cx4C-LLLL,62.34,0.9888,0.5978,0.1850,0.2000,18.180,/Users/stetef/Documents/SLAC/pdb-scraper/data/large-cys-his-datasets/4cys-large/output/xyz_files/6s3a_ZN_homo_d2.60_cluster1.xyz,140.84,14.123,,-170.13,20.990,,113.97,17.290,,164.67,20.570,
6siv_ZN_homo_d2.60_cluster1,8,#dbdb8d,1,6siv_ZN_homo_d2.60_cluster1,15.8708,Cx2Cx29Cx2C-SLLH,63.56,0.9937,0.4926,0.1820,0.2200,32.180,/Users/stetef/Documents/SLAC/pdb-scraper/data/large-cys-his-datasets/4cys-large/output/xyz_files/6siv_ZN_homo_d2.60_cluster1.xyz,94.97,35.460,,95.74,31.680,,-115.19,44.173,,178.72,31.090,
6siv_ZN_homo_d2.60_cluster2,0,#1f77b4,1,6siv_ZN_homo_d2.60_cluster2,17.4404,Cx2Cx29Cx2C-LLHH,58.29,0.9971,0.5164,0.1820,0.2200,24.960,/Users/stetef/Documents/SLAC/pdb-scraper/data/large-cys-his-datasets/4cys-large/output/xyz_files/6siv_ZN_homo_d2.60_cluster2.xyz,87.66,23.210,,174.11,21.757,,-122.48,24.413,,93.85,24.763,
6sja_ZN_homo_d2.60_cluster1,5,#c49c94,1,6sja_ZN_homo_d2.60_cluster1,19.1756,Cx2Cx29Cx2C-SLLL,62.40,0.9892,0.5229,0.1610,0.1910,45.750,/Users/stetef/Documents/SLAC/pdb-scraper/data/large-cys-his-datasets/4cys-large/output/xyz_files/6sja_ZN_homo_d2.60_cluster1.xyz,94.81,41.993,,-113.48,64.510,,96.63,49.107,,171.64,38.833,
6sja_ZN_homo_d2.60_cluster2,0,#1f77b4,1,6sja_ZN_homo_d2.60_cluster2,17.0281,Cx2Cx29Cx2C-LLHH,59.90,0.9909,0.5098,0.1610,0.1910,23.080,/Users/stetef/Documents/SLAC/pdb-scraper/data/large-cys-his-datasets/4cys-large/output/xyz_files/6sja_ZN_homo_d2.60_cluster2.xyz,94.07,24.610,,-120.34,24.537,,172.74,19.543,,93.13,21.020,
6spn_ZN_homo_d2.60_cluster1,1,#ff7f0e,1,6spn_ZN_homo_d2.60_cluster1,0.7892,Cx2Cx9Cx2C-LLLL,134.88,0.9969,0.4810,0.9470,0.1260,11.150,/Users/stetef/Documents/SLAC/pdb-scraper/data/large-cys-his-datasets/4cys-large/output/xyz_files/6spn_ZN_homo_d2.60_cluster1.xyz,91.62,11.430,,92.79,12.653,,179.48,9.767,,175.62,11.103,
6spo_ZN_homo_d2.60_cluster1,3,#d62728,1,6spo_ZN_homo_d2.60_cluster1,0.6591,Cx2Cx9Cx2C-LLLL,134.67,0.9961,0.4804,0.1380,0.1670,15.490,/Users/stetef/Documents/SLAC/pdb-scraper/data/large-cys-his-datasets/4cys-large/output/xyz_files/6spo_ZN_homo_d2.60_cluster1.xyz,179.64,14.517,,92.72,17.050,,91.44,15.917,,174.91,15.320,
6spp_ZN_homo_d2.60_cluster1,6,#f7b6d2,1,6spp_ZN_homo_d2.60_cluster1,0.9938,Cx2Cx9Cx2C-LLLL,133.80,0.9970,0.4815,0.1360,0.1770,20.320,/Users/stetef/Documents/SLAC/pdb-scraper/data/large-cys-his-datasets/4cys-large/output/xyz_files/6spp_ZN_homo_d2.60_cluster1.xyz,178.61,18.857,,87.72,20.677,,94.51,20.753,,174.34,20.443,
6spq_ZN_homo_d2.60_cluster1,3,#d62728,1,6spq_ZN_homo_d2.60_cluster1,0.8123,Cx2Cx9Cx2C-LLLL,134.38,0.9972,0.4792,0.1290,0.1620,18.760,/Users/stetef/Documents/SLAC/pdb-scraper/data/large-cys-his-datasets/4cys-large/output/xyz_files/6spq_ZN_homo_d2.60_cluster1.xyz,89.89,19.623,,176.98,18.410,,93.39,18.627,,177.25,18.763,
6spr_ZN_homo_d2.60_cluster1,3,#d62728,1,6spr_ZN_homo_d2.60_cluster1,0.9038,Cx2Cx9Cx2C-LLLL,134.46,0.9974,0.4819,0.1330,0.1680,17.310,/Users/stetef/Documents/SLAC/pdb-scraper/data/large-cys-his-datasets/4cys-large/output/xyz_files/6spr_ZN_homo_d2.60_cluster1.xyz,179.58,15.257,,91.61,17.220,,91.05,18.233,,175.59,16.487,
6sqo_ZN_homo_d2.60_cluster1,5,#c49c94,1,6sqo_ZN_homo_d2.60_cluster1,14.6904,Cx2Cx19Cx2C-LLHH,58.00,0.9869,0.5004,0.1390,0.1730,25.030,/Users/stetef/Documents/SLAC/pdb-scraper/data/large-cys-his-datasets/4cys-large/output/xyz_files/6sqo_ZN_homo_d2.60_cluster1.xyz,88.72,23.993,,94.49,26.163,,-120.95,23.947,,169.72,22.377,
6sqo_ZN_homo_d2.60_cluster3,0,#1f77b4,1,6sqo_ZN_homo_d2.60_cluster3,14.9799,Cx2Cx19Cx2C-LLHH,59.72,0.9884,0.5040,0.1390,0.1730,26.110,/Users/stetef/Documents/SLAC/pdb-scraper/data/large-cys-his-datasets/4cys-large/output/xyz_files/6sqo_ZN_homo_d2.60_cluster3.xyz,-116.62,24.740,,89.71,26.350,,93.63,27.773,,172.15,24.870,
6sqp_ZN_homo_d2.60_cluster1,5,#c49c94,1,6sqp_ZN_homo_d2.60_cluster1,15.3194,Cx2Cx19Cx2C-LLHH,58.72,0.9811,0.4963,0.1710,0.2120,13.200,/Users/stetef/Documents/SLAC/pdb-scraper/data/large-cys-his-datasets/4cys-large/output/xyz_files/6sqp_ZN_homo_d2.60_cluster1.xyz,-123.15,12.340,,91.57,11.833,,97.78,14.253,,168.68,12.310,
6sqp_ZN_homo_d2.60_cluster3,0,#1f77b4,1,6sqp_ZN_homo_d2.60_cluster3,15.5838,Cx2Cx19Cx2C-LLHH,57.20,0.9806,0.5119,0.1710,0.2120,20.400,/Users/stetef/Documents/SLAC/pdb-scraper/data/large-cys-his-datasets/4cys-large/output/xyz_files/6sqp_ZN_homo_d2.60_cluster3.xyz,93.92,21.733,,-123.80,18.543,,91.95,18.767,,166.71,16.740,
6sqp_ZN_homo_d2.60_cluster5,5,#c49c94,1,6sqp_ZN_homo_d2.60_cluster5,14.9415,Cx2Cx19Cx2C-LLHH,58.18,0.9871,0.4952,0.1710,0.2120,9.880,/Users/stetef/Documents/SLAC/pdb-scraper/data/large-cys-his-datasets/4cys-large/output/xyz_files/6sqp_ZN_homo_d2.60_cluster5.xyz,94.92,12.203,,-123.16,10.237,,87.75,8.663,,173.20,8.493,
6sqp_ZN_homo_d2.60_cluster7,2,#2ca02c,1,6sqp_ZN_homo_d2.60_cluster7,15.3483,Cx2Cx19Cx2C-LLHH,57.63,0.9821,0.5109,0.1710,0.2120,13.840,/Users/stetef/Documents/SLAC/pdb-scraper/data/large-cys-his-datasets/4cys-large/output/xyz_files/6sqp_ZN_homo_d2.60_cluster7.xyz,-120.07,14.377,,89.77,13.440,,93.11,14.510,,167.72,12.410,
6sqs_ZN_homo_d2.60_cluster1,2,#2ca02c,1,6sqs_ZN_homo_d2.60_cluster1,16.2196,Cx2Cx19Cx2C-LLHH,59.25,0.9733,0.5185,0.2110,0.2420,31.550,/Users/stetef/Documents/SLAC/pdb-scraper/data/large-cys-his-datasets/4cys-large/output/xyz_files/6sqs_ZN_homo_d2.60_cluster1.xyz,-123.58,30.013,,91.48,30.130,,168.18,30.070,,100.93,32.450,
6sqs_ZN_homo_d2.60_cluster3,5,#c49c94,1,6sqs_ZN_homo_d2.60_cluster3,16.2603,Cx2Cx19Cx2C-LLHH,58.73,0.9687,0.5136,0.2110,0.2420,29.550,/Users/stetef/Documents/SLAC/pdb-scraper/data/large-cys-his-datasets/4cys-large/output/xyz_files/6sqs_ZN_homo_d2.60_cluster3.xyz,169.07,30.187,,-125.47,31.753,,100.13,33.890,,91.18,29.487,
6sym_ZN_homo_d2.60_cluster1,8,#dbdb8d,1,6sym_ZN_homo_d2.60_cluster1,7.0827,Cx2Cx45Cx2C-SLSL,132.66,0.9852,0.4716,,,32.190,/Users/stetef/Documents/SLAC/pdb-scraper/data/large-cys-his-datasets/4cys-large/output/xyz_files/6sym_ZN_homo_d2.60_cluster1.xyz,172.43,24.897,,90.72,27.273,,93.74,28.323,,173.76,25.920,
6sym_ZN_homo_d2.60_cluster2,2,#2ca02c,1,6sym_ZN_homo_d2.60_cluster2,5.9270,Cx2Cx45Cx2C-SLSL,131.91,0.9925,0.4744,,,33.600,/Users/stetef/Documents/SLAC/pdb-scraper/data/large-cys-his-datasets/4cys-large/output/xyz_files/6sym_ZN_homo_d2.60_cluster2.xyz,173.60,24.643,,90.49,28.677,,93.44,29.810,,170.10,27.357,
6t0y_ZN_homo_d2.60_cluster1,3,#d62728,1,6t0y_ZN_homo_d2.60_cluster1,23.6562,CCx58Cx2C-LLLL,-26.96,0.9859,0.3025,0.1490,0.1670,17.150,/Users/stetef/Documents/SLAC/pdb-scraper/data/large-cys-his-datasets/4cys-large/output/xyz_files/6t0y_ZN_homo_d2.60_cluster1.xyz,-74.74,15.353,,169.71,12.677,,-104.24,18.787,,-98.57,16.623,
6t1b_ZN_homo_d2.60_cluster1,3,#d62728,1,6t1b_ZN_homo_d2.60_cluster1,23.5890,CCx58Cx2C-LLLL,-26.48,0.9860,0.2824,0.1540,0.1670,14.470,/Users/stetef/Documents/SLAC/pdb-scraper/data/large-cys-his-datasets/4cys-large/output/xyz_files/6t1b_ZN_homo_d2.60_cluster1.xyz,-76.18,21.337,,173.05,18.147,,-106.68,30.653,,-96.12,29.193,
6tly_ZN_homo_d2.60_cluster2,5,#c49c94,1,6tly_ZN_homo_d2.60_cluster2,13.7962,Cx2Cx23Cx2C-LLSH,62.00,0.9907,0.5025,0.1960,0.2250,24.180,/Users/stetef/Documents/SLAC/pdb-scraper/data/large-cys-his-datasets/4cys-large/output/xyz_files/6tly_ZN_homo_d2.60_cluster2.xyz,-112.78,25.103,,90.32,21.797,,94.10,24.163,,176.34,22.427,
6u9k_ZN_homo_d2.60_cluster1,0,#1f77b4,1,6u9k_ZN_homo_d2.60_cluster1,29.4722,Cx47Cx1Cx4C-LLLL,17.27,0.9975,0.6891,0.2090,0.2440,37.110,/Users/stetef/Documents/SLAC/pdb-scraper/data/large-cys-his-datasets/4cys-large/output/xyz_files/6u9k_ZN_homo_d2.60_cluster1.xyz,-100.96,39.097,,98.03,34.527,,136.66,37.643,,-64.64,38.000,
6u9k_ZN_homo_d2.60_cluster2,0,#1f77b4,1,6u9k_ZN_homo_d2.60_cluster2,30.0166,Cx47Cx1Cx4C-LLLL,14.42,0.9973,0.6946,0.2090,0.2440,37.970,/Users/stetef/Documents/SLAC/pdb-scraper/data/large-cys-his-datasets/4cys-large/output/xyz_files/6u9k_ZN_homo_d2.60_cluster2.xyz,-100.70,42.110,,95.40,35.070,,134.31,40.370,,-71.35,38.950,
6u9n_ZN_homo_d2.60_cluster1,8,#dbdb8d,1,6u9n_ZN_homo_d2.60_cluster1,30.8586,Cx47Cx1Cx4C-LLLL,16.72,0.9941,0.7164,0.2280,0.2480,36.510,/Users/stetef/Documents/SLAC/pdb-scraper/data/large-cys-his-datasets/4cys-large/output/xyz_files/6u9n_ZN_homo_d2.60_cluster1.xyz,-100.53,45.443,,93.69,34.430,,135.39,37.707,,-61.68,38.403,
6u9n_ZN_homo_d2.60_cluster2,0,#1f77b4,1,6u9n_ZN_homo_d2.60_cluster2,30.3691,Cx47Cx1Cx4C-LLLL,15.88,0.9964,0.7102,0.2280,0.2480,37.790,/Users/stetef/Documents/SLAC/pdb-scraper/data/large-cys-his-datasets/4cys-large/output/xyz_files/6u9n_ZN_homo_d2.60_cluster2.xyz,-98.49,49.223,,94.61,34.040,,129.90,35.323,,-62.50,37.790,
6v9p_ZN_homo_d2.60_cluster2,6,#f7b6d2,1,6v9p_ZN_homo_d2.60_cluster2,7.4502,Cx1Cx14Cx2C-LLLL,-12.22,0.5179,0.3863,0.2300,0.2620,90.460,/Users/stetef/Documents/SLAC/pdb-scraper/data/large-cys-his-datasets/4cys-large/output/xyz_files/6v9p_ZN_homo_d2.60_cluster2.xyz,-172.65,85.887,,110.63,96.133,,-120.58,101.970,,133.74,95.857,
6w4h_ZN_homo_d2.60_cluster2,8,#dbdb8d,1,6w4h_ZN_homo_d2.60_cluster2,32.2457,Cx2Cx7Cx1C-LLSL,19.71,0.9873,0.7380,0.1500,0.1630,55.540,/Users/stetef/Documents/SLAC/pdb-scraper/data/large-cys-his-datasets/4cys-large/output/xyz_files/6w4h_ZN_homo_d2.60_cluster2.xyz,173.48,53.807,,-107.07,70.273,,93.76,51.767,,-81.30,51.453,
6w61_ZN_homo_d2.60_cluster1,7,#c7c7c7,1,6w61_ZN_homo_d2.60_cluster1,33.2327,Cx2Cx7Cx1C-LLLL,17.33,0.9829,0.7557,0.1720,0.1930,90.270,/Users/stetef/Documents/SLAC/pdb-scraper/data/large-cys-his-datasets/4cys-large/output/xyz_files/6w61_ZN_homo_d2.60_cluster1.xyz,-80.52,83.090,,91.27,92.510,,-107.88,105.150,,166.45,83.340,
6w75_ZN_homo_d2.60_cluster2,2,#2ca02c,1,6w75_ZN_homo_d2.60_cluster2,30.8459,Cx2Cx7Cx1C-LLLL,19.39,0.9740,0.7369,0.1570,0.1750,44.260,/Users/stetef/Documents/SLAC/pdb-scraper/data/large-cys-his-datasets/4cys-large/output/xyz_files/6w75_ZN_homo_d2.60_cluster2.xyz,-77.36,44.503,,172.33,46.093,,90.73,45.667,,-108.13,58.077,
6w75_ZN_homo_d2.60_cluster4,2,#2ca02c,1,6w75_ZN_homo_d2.60_cluster4,31.4212,Cx2Cx7Cx1C-LLLL,20.87,0.9759,0.7471,0.1570,0.1750,46.800,/Users/stetef/Documents/SLAC/pdb-scraper/data/large-cys-his-datasets/4cys-large/output/xyz_files/6w75_ZN_homo_d2.60_cluster4.xyz,-74.90,49.990,,172.60,50.740,,92.12,49.647,,-106.33,66.570,
6wi7_ZN_homo_d2.60_cluster1,7,#c7c7c7,1,6wi7_ZN_homo_d2.60_cluster1,18.7476,Cx2Cx17Cx2C-LLSH,-2.67,0.9960,0.5562,0.1660,0.1960,16.160,/Users/stetef/Documents/SLAC/pdb-scraper/data/large-cys-his-datasets/4cys-large/output/xyz_files/6wi7_ZN_homo_d2.60_cluster1.xyz,98.02,16.640,,-156.51,16.470,,-106.59,14.767,,154.42,12.787,
6wi7_ZN_homo_d2.60_cluster4,5,#c49c94,1,6wi7_ZN_homo_d2.60_cluster4,17.0684,Cx2Cx17Cx2C-LLSH,-0.01,0.9914,0.5347,0.1660,0.1960,15.630,/Users/stetef/Documents/SLAC/pdb-scraper/data/large-cys-his-datasets/4cys-large/output/xyz_files/6wi7_ZN_homo_d2.60_cluster4.xyz,-154.96,14.493,,98.23,16.017,,170.07,12.793,,-113.38,15.167,
6wjt_ZN_homo_d2.60_cluster2,2,#2ca02c,1,6wjt_ZN_homo_d2.60_cluster2,30.9990,Cx2Cx7Cx1C-LLLL,19.43,0.9727,0.7389,0.1720,0.1910,55.250,/Users/stetef/Documents/SLAC/pdb-scraper/data/large-cys-his-datasets/4cys-large/output/xyz_files/6wjt_ZN_homo_d2.60_cluster2.xyz,-78.85,52.133,,171.42,54.947,,90.83,57.980,,-105.66,65.823,
6wjt_ZN_homo_d2.60_cluster4,2,#2ca02c,1,6wjt_ZN_homo_d2.60_cluster4,31.2094,Cx2Cx7Cx1C-LLLL,22.66,0.9647,0.7378,0.1720,0.1910,57.370,/Users/stetef/Documents/SLAC/pdb-scraper/data/large-cys-his-datasets/4cys-large/output/xyz_files/6wjt_ZN_homo_d2.60_cluster4.xyz,-68.23,57.653,,170.49,66.460,,90.29,65.917,,-101.93,79.333,
6wkq_ZN_homo_d2.60_cluster2,2,#2ca02c,1,6wkq_ZN_homo_d2.60_cluster2,31.2746,Cx2Cx7Cx1C-LLLL,18.79,0.9752,0.7451,0.1620,0.1800,49.400,/Users/stetef/Documents/SLAC/pdb-scraper/data/large-cys-his-datasets/4cys-large/output/xyz_files/6wkq_ZN_homo_d2.60_cluster2.xyz,-78.20,49.303,,170.89,51.907,,88.71,52.597,,-106.23,63.233,
6wkq_ZN_homo_d2.60_cluster4,2,#2ca02c,1,6wkq_ZN_homo_d2.60_cluster4,31.6974,Cx2Cx7Cx1C-LLLL,20.10,0.9741,0.7409,0.1620,0.1800,54.320,/Users/stetef/Documents/SLAC/pdb-scraper/data/large-cys-his-datasets/4cys-large/output/xyz_files/6wkq_ZN_homo_d2.60_cluster4.xyz,-73.13,56.530,,170.15,57.330,,88.57,57.700,,-105.19,78.140,
6wq6_ZN_homo_d2.60_cluster1,5,#c49c94,1,6wq6_ZN_homo_d2.60_cluster1,0.3868,Cx2Cx9Cx2C-LLLL,135.63,0.9902,0.4791,0.1960,0.2310,33.010,/Users/stetef/Documents/SLAC/pdb-scraper/data/large-cys-his-datasets/4cys-large/output/xyz_files/6wq6_ZN_homo_d2.60_cluster1.xyz,90.45,32.357,,176.75,26.647,,101.70,29.977,,173.63,26.103,
6wqi_ZN_homo_d2.60_cluster2,8,#dbdb8d,1,6wqi_ZN_homo_d2.60_cluster2,0.6668,Cx2Cx9Cx2C-LLLL,135.02,0.9913,0.4800,0.1870,0.2300,34.540,/Users/stetef/Documents/SLAC/pdb-scraper/data/large-cys-his-datasets/4cys-large/output/xyz_files/6wqi_ZN_homo_d2.60_cluster2.xyz,176.09,34.900,,95.79,31.830,,176.62,33.250,,91.58,36.343,
6wqs_ZN_homo_d2.60_cluster1,6,#f7b6d2,1,6wqs_ZN_homo_d2.60_cluster1,1.6916,Cx2Cx9Cx2C-LLLL,132.91,0.9752,0.4855,0.2120,0.2550,31.590,/Users/stetef/Documents/SLAC/pdb-scraper/data/large-cys-his-datasets/4cys-large/output/xyz_files/6wqs_ZN_homo_d2.60_cluster1.xyz,91.84,29.527,,167.49,27.777,,92.34,29.010,,179.98,33.720,
6wqt_ZN_homo_d2.60_cluster1,5,#c49c94,1,6wqt_ZN_homo_d2.60_cluster1,1.0976,Cx2Cx9Cx2C-LLLL,137.39,0.9946,0.4829,0.2040,0.2310,31.890,/Users/stetef/Documents/SLAC/pdb-scraper/data/large-cys-his-datasets/4cys-large/output/xyz_files/6wqt_ZN_homo_d2.60_cluster1.xyz,177.00,29.960,,99.63,31.827,,178.85,29.970,,94.06,34.480,
6wrh_ZN_homo_d2.60_cluster1,8,#dbdb8d,1,6wrh_ZN_homo_d2.60_cluster1,18.9129,Cx2Cx31Cx1C-SLLL,85.34,0.9911,0.4123,0.1260,0.1640,29.130,/Users/stetef/Documents/SLAC/pdb-scraper/data/large-cys-his-datasets/4cys-large/output/xyz_files/6wrh_ZN_homo_d2.60_cluster1.xyz,111.82,30.037,,179.49,28.677,,155.83,29.883,,-105.78,34.950,
6wvn_ZN_homo_d2.60_cluster2,7,#c7c7c7,1,6wvn_ZN_homo_d2.60_cluster2,32.3470,Cx2Cx7Cx1C-LLLL,19.72,0.9685,0.7571,0.1630,0.1780,70.270,/Users/stetef/Documents/SLAC/pdb-scraper/data/large-cys-his-datasets/4cys-large/output/xyz_files/6wvn_ZN_homo_d2.60_cluster2.xyz,166.27,92.067,,-79.38,69.210,,-107.14,92.177,,99.12,69.190,
6wx4_ZN_homo_d2.60_cluster1,5,#c49c94,1,6wx4_ZN_homo_d2.60_cluster1,14.1850,Cx2Cx31Cx1C-SLLL,-3.42,0.9819,0.3415,0.1710,0.1960,55.850,/Users/stetef/Documents/SLAC/pdb-scraper/data/large-cys-his-datasets/4cys-large/output/xyz_files/6wx4_ZN_homo_d2.60_cluster1.xyz,112.18,62.537,,-108.94,60.873,,-171.32,42.247,,154.41,57.400,
6wzu_ZN_homo_d2.60_cluster1,8,#dbdb8d,1,6wzu_ZN_homo_d2.60_cluster1,20.0851,Cx2Cx31Cx1C-SLLL,-4.12,0.9890,0.4226,0.1610,0.1740,41.010,/Users/stetef/Documents/SLAC/pdb-scraper/data/large-cys-his-datasets/4cys-large/output/xyz_files/6wzu_ZN_homo_d2.60_cluster1.xyz,-177.72,41.773,,113.94,46.050,,151.00,42.793,,-103.69,49.333,
6wzw_ZN_homo_d2.60_cluster1,2,#2ca02c,1,6wzw_ZN_homo_d2.60_cluster1,21.2600,Cx1Cx10Cx3C-LLLL,-77.21,0.9767,0.5865,0.1670,0.2060,13.470,/Users/stetef/Documents/SLAC/pdb-scraper/data/large-cys-his-datasets/4cys-large/output/xyz_files/6wzw_ZN_homo_d2.60_cluster1.xyz,-87.87,15.273,,-165.52,14.517,,-126.16,12.273,,70.72,13.050,
6wzw_ZN_homo_d2.60_cluster2,0,#1f77b4,1,6wzw_ZN_homo_d2.60_cluster2,37.3445,Cx12Cx4Cx5C-LLLH,-147.25,0.9768,0.6422,0.1670,0.2060,13.910,/Users/stetef/Documents/SLAC/pdb-scraper/data/large-cys-his-datasets/4cys-large/output/xyz_files/6wzw_ZN_homo_d2.60_cluster2.xyz,-128.91,12.353,,-111.10,12.393,,-174.53,13.050,,-174.46,14.807,
6wzw_ZN_homo_d2.60_cluster3,0,#1f77b4,1,6wzw_ZN_homo_d2.60_cluster3,28.4325,Cx47Cx1Cx4C-LLLL,15.86,0.9977,0.7129,0.1670,0.2060,15.910,/Users/stetef/Documents/SLAC/pdb-scraper/data/large-cys-his-datasets/4cys-large/output/xyz_files/6wzw_ZN_homo_d2.60_cluster3.xyz,136.26,15.577,,-69.94,15.040,,101.63,16.203,,-104.50,12.733,
6x0p_ZN_homo_d2.60_cluster1,6,#f7b6d2,1,6x0p_ZN_homo_d2.60_cluster1,19.3916,Cx1Cx10Cx3C-LLLL,-74.77,0.9819,0.5350,0.1790,0.2130,15.810,/Users/stetef/Documents/SLAC/pdb-scraper/data/large-cys-his-datasets/4cys-large/output/xyz_files/6x0p_ZN_homo_d2.60_cluster1.xyz,-163.56,16.327,,-86.82,15.107,,-123.18,19.663,,74.46,14.307,
6x0p_ZN_homo_d2.60_cluster10,5,#c49c94,1,6x0p_ZN_homo_d2.60_cluster10,21.7579,Cx1Cx10Cx3C-LLLL,-76.61,0.9810,0.5926,0.1790,0.2130,13.720,/Users/stetef/Documents/SLAC/pdb-scraper/data/large-cys-his-datasets/4cys-large/output/xyz_files/6x0p_ZN_homo_d2.60_cluster10.xyz,-167.96,16.030,,70.61,14.497,,-82.35,12.077,,-126.75,17.933,
6x0p_ZN_homo_d2.60_cluster11,0,#1f77b4,1,6x0p_ZN_homo_d2.60_cluster11,35.5229,Cx12Cx4Cx5C-LLLH,-146.74,0.9736,0.6305,0.1790,0.2130,13.510,/Users/stetef/Documents/SLAC/pdb-scraper/data/large-cys-his-datasets/4cys-large/output/xyz_files/6x0p_ZN_homo_d2.60_cluster11.xyz,-176.84,9.027,,-109.39,14.317,,-126.24,15.757,,-174.51,14.497,
6x0p_ZN_homo_d2.60_cluster12,0,#1f77b4,1,6x0p_ZN_homo_d2.60_cluster12,29.8317,Cx47Cx1Cx4C-LLLL,15.14,0.9980,0.7263,0.1790,0.2130,10.760,/Users/stetef/Documents/SLAC/pdb-scraper/data/large-cys-his-datasets/4cys-large/output/xyz_files/6x0p_ZN_homo_d2.60_cluster12.xyz,-69.77,14.100,,134.18,10.540,,97.56,11.510,,-101.43,10.670,
6x0p_ZN_homo_d2.60_cluster2,0,#1f77b4,1,6x0p_ZN_homo_d2.60_cluster2,35.9802,Cx12Cx4Cx5C-LLLH,-147.62,0.9665,0.6553,0.1790,0.2130,13.930,/Users/stetef/Documents/SLAC/pdb-scraper/data/large-cys-his-datasets/4cys-large/output/xyz_files/6x0p_ZN_homo_d2.60_cluster2.xyz,-111.34,17.330,,-177.90,10.550,,-131.02,16.487,,-170.21,14.307,
6x0p_ZN_homo_d2.60_cluster3,7,#c7c7c7,1,6x0p_ZN_homo_d2.60_cluster3,29.6330,Cx47Cx1Cx4C-LLLL,14.62,0.9921,0.7346,0.1790,0.2130,11.590,/Users/stetef/Documents/SLAC/pdb-scraper/data/large-cys-his-datasets/4cys-large/output/xyz_files/6x0p_ZN_homo_d2.60_cluster3.xyz,-70.29,13.417,,96.99,10.827,,133.80,10.997,,-101.99,11.757,
6x0p_ZN_homo_d2.60_cluster4,5,#c49c94,1,6x0p_ZN_homo_d2.60_cluster4,21.7996,Cx1Cx10Cx3C-LLLL,-78.19,0.9875,0.6023,0.1790,0.2130,18.590,/Users/stetef/Documents/SLAC/pdb-scraper/data/large-cys-his-datasets/4cys-large/output/xyz_files/6x0p_ZN_homo_d2.60_cluster4.xyz,-165.82,20.670,,-87.49,16.797,,63.85,23.287,,-123.31,25.120,
6x0p_ZN_homo_d2.60_cluster5,3,#d62728,1,6x0p_ZN_homo_d2.60_cluster5,35.8940,Cx12Cx4Cx5C-LLLH,-147.57,0.9771,0.6489,0.1790,0.2130,19.890,/Users/stetef/Documents/SLAC/pdb-scraper/data/large-cys-his-datasets/4cys-large/output/xyz_files/6x0p_ZN_homo_d2.60_cluster5.xyz,-178.48,23.287,,-173.96,13.653,,-109.55,22.370,,-128.28,25.027,
6x0p_ZN_homo_d2.60_cluster6,3,#d62728,1,6x0p_ZN_homo_d2.60_cluster6,29.8363,Cx47Cx1Cx4C-LLLL,16.03,0.9978,0.7207,0.1790,0.2130,11.350,/Users/stetef/Documents/SLAC/pdb-scraper/data/large-cys-his-datasets/4cys-large/output/xyz_files/6x0p_ZN_homo_d2.60_cluster6.xyz,97.18,10.590,,134.70,10.563,,-67.40,13.143,,-100.34,11.440,
6x0p_ZN_homo_d2.60_cluster7,2,#2ca02c,1,6x0p_ZN_homo_d2.60_cluster7,21.0302,Cx1Cx10Cx3C-LLLL,-75.41,0.9796,0.5776,0.1790,0.2130,14.080,/Users/stetef/Documents/SLAC/pdb-scraper/data/large-cys-his-datasets/4cys-large/output/xyz_files/6x0p_ZN_homo_d2.60_cluster7.xyz,-167.63,18.183,,-84.21,15.927,,74.76,15.533,,-124.56,18.550,
6x0p_ZN_homo_d2.60_cluster8,2,#2ca02c,1,6x0p_ZN_homo_d2.60_cluster8,37.3591,Cx12Cx4Cx5C-LLLH,-150.00,0.9726,0.6672,0.1790,0.2130,12.950,/Users/stetef/Documents/SLAC/pdb-scraper/data/large-cys-his-datasets/4cys-large/output/xyz_files/6x0p_ZN_homo_d2.60_cluster8.xyz,-138.26,14.260,,-178.43,10.263,,-109.34,15.600,,-173.96,15.533,
6x0p_ZN_homo_d2.60_cluster9,0,#1f77b4,1,6x0p_ZN_homo_d2.60_cluster9,29.8077,Cx47Cx1Cx4C-LLLL,16.75,0.9945,0.7317,0.1790,0.2130,11.350,/Users/stetef/Documents/SLAC/pdb-scraper/data/large-cys-his-datasets/4cys-large/output/xyz_files/6x0p_ZN_homo_d2.60_cluster9.xyz,-67.54,14.000,,134.74,9.253,,99.52,11.490,,-99.72,10.160,
6x6e_ZN_homo_d2.60_cluster1,1,#ff7f0e,1,6x6e_ZN_homo_d2.60_cluster1,18.6248,Cx2Cx13Cx2C-LLHH,56.41,0.9959,0.4621,0.1830,0.2120,42.920,/Users/stetef/Documents/SLAC/pdb-scraper/data/large-cys-his-datasets/4cys-large/output/xyz_files/6x6e_ZN_homo_d2.60_cluster1.xyz,175.19,46.623,,-123.62,39.293,,87.39,50.587,,86.67,50.160,
6x6e_ZN_homo_d2.60_cluster2,4,#9467bd,1,6x6e_ZN_homo_d2.60_cluster2,31.0869,Cx5Cx9Cx2C-LLHH,-124.58,0.9864,0.6250,0.1830,0.2120,42.650,/Users/stetef/Documents/SLAC/pdb-scraper/data/large-cys-his-datasets/4cys-large/output/xyz_files/6x6e_ZN_homo_d2.60_cluster2.xyz,-93.68,47.517,,-114.78,42.393,,-177.08,42.357,,-112.79,36.653,
6x6e_ZN_homo_d2.60_cluster3,7,#c7c7c7,1,6x6e_ZN_homo_d2.60_cluster3,17.9092,Cx2Cx13Cx2C-LLHH,58.13,0.9873,0.4532,0.1830,0.2120,57.510,/Users/stetef/Documents/SLAC/pdb-scraper/data/large-cys-his-datasets/4cys-large/output/xyz_files/6x6e_ZN_homo_d2.60_cluster3.xyz,85.34,64.377,,176.73,63.623,,91.32,57.817,,-120.85,63.797,
6x6e_ZN_homo_d2.60_cluster4,5,#c49c94,1,6x6e_ZN_homo_d2.60_cluster4,29.9339,Cx5Cx9Cx2C-LLHH,-123.83,0.9874,0.6147,0.1830,0.2120,43.600,/Users/stetef/Documents/SLAC/pdb-scraper/data/large-cys-his-datasets/4cys-large/output/xyz_files/6x6e_ZN_homo_d2.60_cluster4.xyz,-178.98,41.950,,-91.41,41.343,,-110.02,45.887,,-114.90,43.060,
6xog_ZN_homo_d2.60_cluster1,0,#1f77b4,1,6xog_ZN_homo_d2.60_cluster1,3.6653,Cx2Cx279Cx2C-LLLL,0.08,0.9864,0.4733,0.2060,0.2400,41.040,/Users/stetef/Documents/SLAC/pdb-scraper/data/large-cys-his-datasets/4cys-large/output/xyz_files/6xog_ZN_homo_d2.60_cluster1.xyz,-14.50,40.497,,92.08,37.990,,-167.05,42.600,,89.78,32.870,
6xoi_ZN_homo_d2.60_cluster1,2,#2ca02c,1,6xoi_ZN_homo_d2.60_cluster1,4.6702,Cx2Cx279Cx2C-LLLL,-1.82,0.9850,0.4829,0.2390,0.2870,41.040,/Users/stetef/Documents/SLAC/pdb-scraper/data/large-cys-his-datasets/4cys-large/output/xyz_files/6xoi_ZN_homo_d2.60_cluster1.xyz,-24.74,43.767,,-169.69,48.153,,93.63,39.410,,93.54,35.520,
6xt2_ZN_homo_d2.60_cluster2,5,#c49c94,1,6xt2_ZN_homo_d2.60_cluster2,28.6648,Cx2Cx2Cx7C-LHHL,-2.55,0.9798,0.8114,0.1380,0.1920,17.420,/Users/stetef/Documents/SLAC/pdb-scraper/data/large-cys-his-datasets/4cys-large/output/xyz_files/6xt2_ZN_homo_d2.60_cluster2.xyz,-109.52,17.077,,-66.53,15.980,,95.71,19.237,,70.12,16.940,
6xt2_ZN_homo_d2.60_cluster4,0,#1f77b4,1,6xt2_ZN_homo_d2.60_cluster4,28.9597,Cx2Cx2Cx7C-LHHL,-1.76,0.9758,0.8135,0.1380,0.1920,20.200,/Users/stetef/Documents/SLAC/pdb-scraper/data/large-cys-his-datasets/4cys-large/output/xyz_files/6xt2_ZN_homo_d2.60_cluster4.xyz,-61.51,18.207,,-108.14,20.403,,90.06,19.443,,72.54,19.250,
6xt2_ZN_homo_d2.60_cluster6,7,#c7c7c7,1,6xt2_ZN_homo_d2.60_cluster6,28.7967,Cx2Cx2Cx7C-LHHL,-5.41,0.9785,0.8228,0.1380,0.1920,19.840,/Users/stetef/Documents/SLAC/pdb-scraper/data/large-cys-his-datasets/4cys-large/output/xyz_files/6xt2_ZN_homo_d2.60_cluster6.xyz,-112.20,18.010,,91.35,22.077,,69.94,20.610,,-70.73,19.313,
6xt2_ZN_homo_d2.60_cluster8,3,#d62728,1,6xt2_ZN_homo_d2.60_cluster8,28.4536,Cx2Cx2Cx7C-LHHL,-4.21,0.9762,0.8052,0.1380,0.1920,18.000,/Users/stetef/Documents/SLAC/pdb-scraper/data/large-cys-his-datasets/4cys-large/output/xyz_files/6xt2_ZN_homo_d2.60_cluster8.xyz,93.30,19.550,,-112.97,17.907,,-67.51,16.280,,70.33,18.333,
6xv1_ZN_homo_d2.60_cluster1,2,#2ca02c,1,6xv1_ZN_homo_d2.60_cluster1,13.0963,Cx2Cx21Cx10C-SLLL,63.15,0.9797,0.4693,0.1500,0.1650,43.750,/Users/stetef/Documents/SLAC/pdb-scraper/data/large-cys-his-datasets/4cys-large/output/xyz_files/6xv1_ZN_homo_d2.60_cluster1.xyz,91.07,47.593,,178.18,44.787,,-177.57,39.487,,160.94,52.137,
6xv1_ZN_homo_d2.60_cluster2,8,#dbdb8d,1,6xv1_ZN_homo_d2.60_cluster2,13.8869,Cx2Cx21Cx10C-SLLL,60.85,0.9707,0.4893,0.1500,0.1650,50.440,/Users/stetef/Documents/SLAC/pdb-scraper/data/large-cys-his-datasets/4cys-large/output/xyz_files/6xv1_ZN_homo_d2.60_cluster2.xyz,86.35,54.930,,177.58,58.410,,-174.26,44.837,,153.72,57.517,
6xv6_ZN_homo_d2.60_cluster4,2,#2ca02c,1,6xv6_ZN_homo_d2.60_cluster4,13.0119,Cx2Cx21Cx10C-SLLL,-27.93,0.9928,0.4749,0.2010,0.2250,39.180,/Users/stetef/Documents/SLAC/pdb-scraper/data/large-cys-his-datasets/4cys-large/output/xyz_files/6xv6_ZN_homo_d2.60_cluster4.xyz,80.09,37.813,,-177.74,37.430,,162.50,42.483,,-176.59,35.533,
6xv6_ZN_homo_d2.60_cluster6,5,#c49c94,1,6xv6_ZN_homo_d2.60_cluster6,13.7535,Cx2Cx21Cx10C-SLLL,-26.96,0.9882,0.4830,0.2010,0.2250,38.470,/Users/stetef/Documents/SLAC/pdb-scraper/data/large-cys-his-datasets/4cys-large/output/xyz_files/6xv6_ZN_homo_d2.60_cluster6.xyz,83.87,41.230,,-177.46,37.850,,-176.86,33.733,,162.61,42.933,
6ya6_ZN_homo_d2.60_cluster1,0,#1f77b4,1,6ya6_ZN_homo_d2.60_cluster1,29.4810,Cx1Cx6Cx2C-LLHH,-24.61,0.9940,0.7181,0.1680,0.1930,12.980,/Users/stetef/Documents/SLAC/pdb-scraper/data/large-cys-his-datasets/4cys-large/output/xyz_files/6ya6_ZN_homo_d2.60_cluster1.xyz,-115.62,12.930,,-152.68,14.327,,77.05,11.087,,92.81,11.080,
6ya7_ZN_homo_d2.60_cluster1,3,#d62728,1,6ya7_ZN_homo_d2.60_cluster1,30.2365,Cx1Cx6Cx2C-LLHH,-24.74,0.9965,0.7238,0.1580,0.1850,15.650,/Users/stetef/Documents/SLAC/pdb-scraper/data/large-cys-his-datasets/4cys-large/output/xyz_files/6ya7_ZN_homo_d2.60_cluster1.xyz,-117.90,18.150,,78.35,16.327,,-151.38,18.863,,91.97,14.873,
6ya8_ZN_homo_d2.60_cluster1,0,#1f77b4,1,6ya8_ZN_homo_d2.60_cluster1,29.0180,Cx1Cx6Cx2C-LLHH,-24.70,0.9951,0.7072,0.1670,0.1970,20.150,/Users/stetef/Documents/SLAC/pdb-scraper/data/large-cys-his-datasets/4cys-large/output/xyz_files/6ya8_ZN_homo_d2.60_cluster1.xyz,-155.22,21.490,,76.06,18.503,,-115.14,17.440,,95.49,16.993,
6ykq_ZN_homo_d2.60_cluster1,3,#d62728,1,6ykq_ZN_homo_d2.60_cluster1,16.9364,Cx2Cx37Cx2C-SLLL,84.12,0.9951,0.4458,0.1730,0.2090,26.450,/Users/stetef/Documents/SLAC/pdb-scraper/data/large-cys-his-datasets/4cys-large/output/xyz_files/6ykq_ZN_homo_d2.60_cluster1.xyz,-106.84,30.420,,174.08,23.810,,90.81,26.093,,178.41,24.747,
6yks_ZN_homo_d2.60_cluster1,3,#d62728,1,6yks_ZN_homo_d2.60_cluster1,16.1654,Cx2Cx37Cx2C-SLLL,-5.43,0.9943,0.4298,0.1770,0.2170,33.290,/Users/stetef/Documents/SLAC/pdb-scraper/data/large-cys-his-datasets/4cys-large/output/xyz_files/6yks_ZN_homo_d2.60_cluster1.xyz,-109.72,38.227,,174.89,34.603,,92.90,36.137,,-179.80,34.833,
6yuh_ZN_homo_d2.60_cluster1,7,#c7c7c7,1,6yuh_ZN_homo_d2.60_cluster1,32.7796,Cx52Cx1Cx2C-LLHH,5.58,0.9853,0.6966,0.1880,0.2300,22.010,/Users/stetef/Documents/SLAC/pdb-scraper/data/large-cys-his-datasets/4cys-large/output/xyz_files/6yuh_ZN_homo_d2.60_cluster1.xyz,-111.12,19.277,,99.01,22.607,,142.08,24.847,,-107.65,17.987,
6yuh_ZN_homo_d2.60_cluster2,5,#c49c94,1,6yuh_ZN_homo_d2.60_cluster2,23.5264,Cx2Cx18Cx3C-LLLH,45.20,0.9929,0.6179,0.1880,0.2300,23.580,/Users/stetef/Documents/SLAC/pdb-scraper/data/large-cys-his-datasets/4cys-large/output/xyz_files/6yuh_ZN_homo_d2.60_cluster2.xyz,170.45,24.313,,-178.67,25.170,,92.21,23.730,,96.83,26.720,
6zpe_ZN_homo_d2.60_cluster2,3,#d62728,1,6zpe_ZN_homo_d2.60_cluster2,30.8218,Cx2Cx7Cx1C-LLLL,19.21,0.9966,0.7269,0.1520,0.1600,55.910,/Users/stetef/Documents/SLAC/pdb-scraper/data/large-cys-his-datasets/4cys-large/output/xyz_files/6zpe_ZN_homo_d2.60_cluster2.xyz,174.58,45.503,,-110.43,74.163,,-85.60,51.370,,98.28,51.940,
6zrb_ZN_homo_d2.60_cluster1,3,#d62728,1,6zrb_ZN_homo_d2.60_cluster1,32.9319,Cx52Cx1Cx2C-LLHH,2.07,0.9799,0.7095,0.1660,0.1850,16.830,/Users/stetef/Documents/SLAC/pdb-scraper/data/large-cys-his-datasets/4cys-large/output/xyz_files/6zrb_ZN_homo_d2.60_cluster1.xyz,93.77,19.410,,-107.95,15.417,,136.48,18.550,,-114.03,15.557,
6zrb_ZN_homo_d2.60_cluster2,8,#dbdb8d,1,6zrb_ZN_homo_d2.60_cluster2,23.6891,Cx2Cx18Cx3C-LLLH,47.36,0.9862,0.6196,0.1660,0.1850,19.070,/Users/stetef/Documents/SLAC/pdb-scraper/data/large-cys-his-datasets/4cys-large/output/xyz_files/6zrb_ZN_homo_d2.60_cluster2.xyz,92.23,18.847,,98.58,20.667,,-176.36,18.817,,174.96,17.697,
6zsl_ZN_homo_d2.60_cluster2,7,#c7c7c7,1,6zsl_ZN_homo_d2.60_cluster2,20.6645,Cx2Cx17Cx2C-LLHH,10.04,0.9397,0.4079,0.2120,0.2530,66.780,/Users/stetef/Documents/SLAC/pdb-scraper/data/large-cys-his-datasets/4cys-large/output/xyz_files/6zsl_ZN_homo_d2.60_cluster2.xyz,98.86,66.377,,-110.50,75.407,,171.90,73.043,,-120.09,58.513,
6zsl_ZN_homo_d2.60_cluster6,5,#c49c94,1,6zsl_ZN_homo_d2.60_cluster6,20.1373,Cx2Cx17Cx2C-LLHH,57.43,0.8837,0.4407,0.2120,0.2530,70.090,/Users/stetef/Documents/SLAC/pdb-scraper/data/large-cys-his-datasets/4cys-large/output/xyz_files/6zsl_ZN_homo_d2.60_cluster6.xyz,172.54,71.180,,93.70,69.290,,-129.29,69.323,,92.78,80.073,
7aas_ZN_homo_d2.60_cluster10,5,#c49c94,1,7aas_ZN_homo_d2.60_cluster10,28.0923,Cx2Cx2Cx7C-LHHL,-5.10,0.9750,0.7863,0.1750,0.2050,17.520,/Users/stetef/Documents/SLAC/pdb-scraper/data/large-cys-his-datasets/4cys-large/output/xyz_files/7aas_ZN_homo_d2.60_cluster10.xyz,-66.28,16.990,,-112.41,15.633,,69.49,17.553,,88.82,17.790,
7aas_ZN_homo_d2.60_cluster12,5,#c49c94,1,7aas_ZN_homo_d2.60_cluster12,27.8072,Cx2Cx2Cx7C-LHHL,-8.56,0.9770,0.8015,0.1750,0.2050,20.180,/Users/stetef/Documents/SLAC/pdb-scraper/data/large-cys-his-datasets/4cys-large/output/xyz_files/7aas_ZN_homo_d2.60_cluster12.xyz,-69.63,19.103,,-119.83,19.573,,65.64,20.513,,89.58,21.030,
7aas_ZN_homo_d2.60_cluster2,7,#c7c7c7,1,7aas_ZN_homo_d2.60_cluster2,27.4666,Cx2Cx2Cx7C-LLLL,-7.60,0.9731,0.8033,0.1750,0.2050,15.410,/Users/stetef/Documents/SLAC/pdb-scraper/data/large-cys-his-datasets/4cys-large/output/xyz_files/7aas_ZN_homo_d2.60_cluster2.xyz,89.05,16.167,,69.62,16.087,,-116.37,15.880,,-72.72,14.710,
7aas_ZN_homo_d2.60_cluster4,3,#d62728,1,7aas_ZN_homo_d2.60_cluster4,27.2977,Cx2Cx2Cx7C-LHHL,-4.68,0.9771,0.7958,0.1750,0.2050,13.630,/Users/stetef/Documents/SLAC/pdb-scraper/data/large-cys-his-datasets/4cys-large/output/xyz_files/7aas_ZN_homo_d2.60_cluster4.xyz,72.98,12.160,,-117.38,11.993,,93.15,12.670,,-67.47,12.530,
7aas_ZN_homo_d2.60_cluster6,5,#c49c94,1,7aas_ZN_homo_d2.60_cluster6,27.5316,Cx2Cx2Cx7C-LHHL,-4.98,0.9707,0.8012,0.1750,0.2050,15.700,/Users/stetef/Documents/SLAC/pdb-scraper/data/large-cys-his-datasets/4cys-large/output/xyz_files/7aas_ZN_homo_d2.60_cluster6.xyz,-67.41,13.933,,69.78,17.830,,92.62,15.553,,-114.91,14.787,
7aas_ZN_homo_d2.60_cluster8,0,#1f77b4,1,7aas_ZN_homo_d2.60_cluster8,27.2473,Cx2Cx2Cx7C-LHHL,-6.11,0.9751,0.8025,0.1750,0.2050,16.540,/Users/stetef/Documents/SLAC/pdb-scraper/data/large-cys-his-datasets/4cys-large/output/xyz_files/7aas_ZN_homo_d2.60_cluster8.xyz,-66.45,14.543,,-116.20,18.197,,91.48,18.360,,66.73,18.797,
7auc_ZN_homo_d2.60_cluster1,5,#c49c94,1,7auc_ZN_homo_d2.60_cluster1,30.0077,Cx18Cx7Cx2C-HHHH,-61.61,0.9748,0.7177,0.1900,0.2080,26.060,/Users/stetef/Documents/SLAC/pdb-scraper/data/large-cys-his-datasets/4cys-large/output/xyz_files/7auc_ZN_homo_d2.60_cluster1.xyz,-148.55,28.827,,-120.56,30.270,,-69.89,25.087,,92.57,23.553,
7bah_ZN_homo_d2.60_cluster1,8,#dbdb8d,1,7bah_ZN_homo_d2.60_cluster1,13.4623,Cx2Cx50Cx4C-SLSL,62.86,0.9882,0.5163,0.1970,0.2240,33.920,/Users/stetef/Documents/SLAC/pdb-scraper/data/large-cys-his-datasets/4cys-large/output/xyz_files/7bah_ZN_homo_d2.60_cluster1.xyz,166.49,34.330,,93.74,30.923,,-175.27,27.127,,166.46,26.803,
7bah_ZN_homo_d2.60_cluster2,0,#1f77b4,1,7bah_ZN_homo_d2.60_cluster2,12.7348,Cx2Cx50Cx4C-SLSL,64.77,0.9900,0.5032,0.1970,0.2240,35.270,/Users/stetef/Documents/SLAC/pdb-scraper/data/large-cys-his-datasets/4cys-large/output/xyz_files/7bah_ZN_homo_d2.60_cluster2.xyz,95.93,31.917,,166.75,32.543,,-173.65,30.763,,170.08,28.993,
7bj1_ZN_homo_d2.60_cluster1,6,#f7b6d2,1,7bj1_ZN_homo_d2.60_cluster1,33.8945,Cx52Cx1Cx2C-LLHH,0.12,0.9855,0.7095,0.1730,0.2100,22.310,/Users/stetef/Documents/SLAC/pdb-scraper/data/large-cys-his-datasets/4cys-large/output/xyz_files/7bj1_ZN_homo_d2.60_cluster1.xyz,84.44,25.170,,-105.86,18.870,,138.05,22.213,,-116.16,20.763,
7bj1_ZN_homo_d2.60_cluster2,8,#dbdb8d,1,7bj1_ZN_homo_d2.60_cluster2,23.5680,Cx2Cx18Cx3C-LLLH,49.52,0.9897,0.6126,0.1730,0.2100,23.720,/Users/stetef/Documents/SLAC/pdb-scraper/data/large-cys-his-datasets/4cys-large/output/xyz_files/7bj1_ZN_homo_d2.60_cluster2.xyz,-166.25,23.473,,96.88,24.797,,92.04,22.537,,175.42,23.273,
7bos_ZN_homo_d2.60_cluster1,2,#2ca02c,1,7bos_ZN_homo_d2.60_cluster1,22.2831,Cx4Cx20Cx2C-SLLL,66.68,0.9278,0.5579,0.2250,0.2630,48.730,/Users/stetef/Documents/SLAC/pdb-scraper/data/large-cys-his-datasets/4cys-large/output/xyz_files/7bos_ZN_homo_d2.60_cluster1.xyz,-162.46,42.333,,177.75,53.847,,101.29,58.623,,150.13,51.203,
7bot_ZN_homo_d2.60_cluster1,5,#c49c94,1,7bot_ZN_homo_d2.60_cluster1,19.5484,Cx4Cx20Cx2C-SLLL,16.12,0.8842,0.5350,0.2540,0.3200,71.580,/Users/stetef/Documents/SLAC/pdb-scraper/data/large-cys-his-datasets/4cys-large/output/xyz_files/7bot_ZN_homo_d2.60_cluster1.xyz,178.17,81.497,,144.03,72.260,,-168.40,62.900,,-89.34,80.783,
7bqu_ZN_homo_d2.60_cluster1,8,#dbdb8d,1,7bqu_ZN_homo_d2.60_cluster1,9.5449,Cx2Cx64Cx2C-SLSL,0.71,0.9538,0.4470,0.1930,0.2360,24.800,/Users/stetef/Documents/SLAC/pdb-scraper/data/large-cys-his-datasets/4cys-large/output/xyz_files/7bqu_ZN_homo_d2.60_cluster1.xyz,-177.81,23.473,,108.98,31.557,,168.60,22.450,,-96.92,27.063,
7bqv_ZN_homo_d2.60_cluster1,3,#d62728,1,7bqv_ZN_homo_d2.60_cluster1,9.9228,Cx2Cx64Cx2C-SLSL,83.68,0.9801,0.4528,0.1980,0.2230,31.080,/Users/stetef/Documents/SLAC/pdb-scraper/data/large-cys-his-datasets/4cys-large/output/xyz_files/7bqv_ZN_homo_d2.60_cluster1.xyz,171.00,28.970,,166.82,29.530,,93.26,32.353,,-96.37,37.713,
7btv_ZN_homo_d2.60_cluster1,3,#d62728,1,7btv_ZN_homo_d2.60_cluster1,42.5740,Cx36Cx5Cx3C-LLLL,-171.79,0.9962,0.7216,0.1940,0.2450,26.650,/Users/stetef/Documents/SLAC/pdb-scraper/data/large-cys-his-datasets/4cys-large/output/xyz_files/7btv_ZN_homo_d2.60_cluster1.xyz,-177.94,26.690,,-178.69,23.860,,-172.50,26.673,,-158.02,29.230,
7btv_ZN_homo_d2.60_cluster2,0,#1f77b4,1,7btv_ZN_homo_d2.60_cluster2,6.4112,Cx12Cx29Cx3C-LHLL,38.41,0.9725,0.5194,0.1940,0.2450,29.870,/Users/stetef/Documents/SLAC/pdb-scraper/data/large-cys-his-datasets/4cys-large/output/xyz_files/7btv_ZN_homo_d2.60_cluster2.xyz,-143.88,42.883,,141.56,23.820,,69.24,26.690,,86.71,30.207,
7btv_ZN_homo_d2.60_cluster3,0,#1f77b4,1,7btv_ZN_homo_d2.60_cluster3,22.8273,Cx1Cx3Cx4C-LLLH,-69.60,0.9898,0.5929,0.1940,0.2450,29.320,/Users/stetef/Documents/SLAC/pdb-scraper/data/large-cys-his-datasets/4cys-large/output/xyz_files/7btv_ZN_homo_d2.60_cluster3.xyz,-163.84,30.207,,88.93,29.230,,-81.63,37.817,,-121.84,30.133,
7btv_ZN_homo_d2.60_cluster4,0,#1f77b4,1,7btv_ZN_homo_d2.60_cluster4,28.6876,Cx52Cx1Cx4C-LLLL,13.13,0.9859,0.6885,0.1940,0.2450,35.230,/Users/stetef/Documents/SLAC/pdb-scraper/data/large-cys-his-datasets/4cys-large/output/xyz_files/7btv_ZN_homo_d2.60_cluster4.xyz,100.14,36.433,,138.47,35.970,,-108.32,34.813,,-77.77,40.247,
7btv_ZN_homo_d2.60_cluster5,3,#d62728,1,7btv_ZN_homo_d2.60_cluster5,44.2883,Cx36Cx5Cx3C-LLLL,-83.36,0.9776,0.7547,0.1940,0.2450,32.890,/Users/stetef/Documents/SLAC/pdb-scraper/data/large-cys-his-datasets/4cys-large/output/xyz_files/7btv_ZN_homo_d2.60_cluster5.xyz,-179.95,32.523,,179.68,28.320,,-178.72,31.397,,-154.46,32.280,
7btv_ZN_homo_d2.60_cluster6,3,#d62728,1,7btv_ZN_homo_d2.60_cluster6,6.8131,Cx12Cx29Cx3C-LHLL,35.38,0.9562,0.5149,0.1940,0.2450,32.380,/Users/stetef/Documents/SLAC/pdb-scraper/data/large-cys-his-datasets/4cys-large/output/xyz_files/7btv_ZN_homo_d2.60_cluster6.xyz,55.98,28.320,,140.81,31.813,,-147.65,37.347,,92.36,34.447,
7btv_ZN_homo_d2.60_cluster7,0,#1f77b4,1,7btv_ZN_homo_d2.60_cluster7,20.6893,Cx1Cx3Cx4C-LLLH,-71.34,0.9695,0.5392,0.1940,0.2450,37.000,/Users/stetef/Documents/SLAC/pdb-scraper/data/large-cys-his-datasets/4cys-large/output/xyz_files/7btv_ZN_homo_d2.60_cluster7.xyz,90.26,32.280,,-168.51,34.447,,-79.67,38.040,,-127.45,41.990,
7btv_ZN_homo_d2.60_cluster8,0,#1f77b4,1,7btv_ZN_homo_d2.60_cluster8,27.8363,Cx52Cx1Cx4C-LLLL,15.75,0.9839,0.6535,0.1940,0.2450,32.750,/Users/stetef/Documents/SLAC/pdb-scraper/data/large-cys-his-datasets/4cys-large/output/xyz_files/7btv_ZN_homo_d2.60_cluster8.xyz,-103.80,35.353,,141.33,35.940,,105.04,38.873,,-79.57,39.400,
7bu2_ZN_homo_d2.60_cluster2,6,#f7b6d2,1,7bu2_ZN_homo_d2.60_cluster2,26.8230,Cx2Cx2Cx7C-LHHH,-17.08,0.9627,0.7665,0.1620,0.1940,13.270,/Users/stetef/Documents/SLAC/pdb-scraper/data/large-cys-his-datasets/4cys-large/output/xyz_files/7bu2_ZN_homo_d2.60_cluster2.xyz,64.64,13.190,,-117.08,12.247,,-108.04,18.227,,92.15,12.883,
7bu2_ZN_homo_d2.60_cluster3,9,#9edae5,1,7bu2_ZN_homo_d2.60_cluster3,27.5949,Cx2Cx2Cx7C-LHHH,-4.74,0.9677,0.7788,0.1620,0.1940,14.490,/Users/stetef/Documents/SLAC/pdb-scraper/data/large-cys-his-datasets/4cys-large/output/xyz_files/7bu2_ZN_homo_d2.60_cluster3.xyz,67.69,14.700,,-60.92,13.860,,89.98,12.977,,-115.71,13.467,
7bu3_ZN_homo_d2.60_cluster2,7,#c7c7c7,1,7bu3_ZN_homo_d2.60_cluster2,27.8870,Cx2Cx2Cx7C-LHHH,-6.59,0.9688,0.7874,0.1620,0.2000,22.190,/Users/stetef/Documents/SLAC/pdb-scraper/data/large-cys-his-datasets/4cys-large/output/xyz_files/7bu3_ZN_homo_d2.60_cluster2.xyz,91.91,20.853,,63.91,22.143,,-65.72,20.900,,-116.45,17.727,
7bu3_ZN_homo_d2.60_cluster4,0,#1f77b4,1,7bu3_ZN_homo_d2.60_cluster4,27.6786,Cx2Cx2Cx7C-LHHH,-5.06,0.9704,0.7826,0.1620,0.2000,21.590,/Users/stetef/Documents/SLAC/pdb-scraper/data/large-cys-his-datasets/4cys-large/output/xyz_files/7bu3_ZN_homo_d2.60_cluster4.xyz,89.38,20.027,,69.00,31.737,,-65.46,19.820,,-113.17,19.610,
7coh_ZN_homo_d2.60_cluster1,5,#c49c94,1,7coh_ZN_homo_d2.60_cluster1,2.3261,Cx1Cx19Cx2C-SLLL,112.34,0.9912,0.4701,0.1500,0.1700,24.440,/Users/stetef/Documents/SLAC/pdb-scraper/data/large-cys-his-datasets/4cys-large/output/xyz_files/7coh_ZN_homo_d2.60_cluster1.xyz,56.99,24.927,,173.80,24.827,,89.63,25.233,,128.94,23.643,
7coh_ZN_homo_d2.60_cluster2,5,#c49c94,1,7coh_ZN_homo_d2.60_cluster2,2.4692,Cx1Cx19Cx2C-SLLL,114.56,0.9923,0.4700,0.1500,0.1700,25.280,/Users/stetef/Documents/SLAC/pdb-scraper/data/large-cys-his-datasets/4cys-large/output/xyz_files/7coh_ZN_homo_d2.60_cluster2.xyz,60.76,26.243,,173.74,25.470,,91.97,27.137,,131.76,23.660,
7cp5_ZN_homo_d2.60_cluster1,8,#dbdb8d,1,7cp5_ZN_homo_d2.60_cluster1,2.5934,Cx1Cx19Cx2C-SLLL,114.48,0.9916,0.4731,0.1620,0.1890,25.990,/Users/stetef/Documents/SLAC/pdb-scraper/data/large-cys-his-datasets/4cys-large/output/xyz_files/7cp5_ZN_homo_d2.60_cluster1.xyz,131.31,29.180,,61.67,26.897,,175.76,25.043,,89.18,28.907,
7cp5_ZN_homo_d2.60_cluster2,3,#d62728,1,7cp5_ZN_homo_d2.60_cluster2,3.0111,Cx1Cx19Cx2C-SLLL,113.86,0.9938,0.4731,0.1620,0.1890,26.550,/Users/stetef/Documents/SLAC/pdb-scraper/data/large-cys-his-datasets/4cys-large/output/xyz_files/7cp5_ZN_homo_d2.60_cluster2.xyz,130.47,28.303,,175.18,26.170,,61.44,28.393,,88.34,28.380,
7cq3_ZN_homo_d2.60_cluster2,8,#dbdb8d,1,7cq3_ZN_homo_d2.60_cluster2,4.3673,Cx4Cx32Cx2C-LLLL,66.97,0.9950,0.4924,0.1240,0.1570,21.220,/Users/stetef/Documents/SLAC/pdb-scraper/data/large-cys-his-datasets/4cys-large/output/xyz_files/7cq3_ZN_homo_d2.60_cluster2.xyz,-163.46,17.643,,93.40,23.610,,175.69,17.567,,162.26,24.740,
7d2s_ZN_homo_d2.60_cluster1,5,#c49c94,1,7d2s_ZN_homo_d2.60_cluster1,17.3535,Cx2Cx16Cx2C-LLSL,-85.82,0.9917,0.5027,0.1670,0.1850,29.620,/Users/stetef/Documents/SLAC/pdb-scraper/data/large-cys-his-datasets/4cys-large/output/xyz_files/7d2s_ZN_homo_d2.60_cluster1.xyz,96.45,31.550,,-104.72,28.283,,-156.73,29.200,,-178.29,29.710,
7d2s_ZN_homo_d2.60_cluster2,3,#d62728,1,7d2s_ZN_homo_d2.60_cluster2,10.1284,Cx2Cx18Cx2C-LLSH,60.49,0.9819,0.4857,0.1670,0.1850,22.300,/Users/stetef/Documents/SLAC/pdb-scraper/data/large-cys-his-datasets/4cys-large/output/xyz_files/7d2s_ZN_homo_d2.60_cluster2.xyz,91.08,23.443,,-118.94,21.650,,176.47,22.103,,93.34,25.167,
7d47_ZN_homo_d2.60_cluster1,0,#1f77b4,1,7d47_ZN_homo_d2.60_cluster1,14.7407,Cx2Cx31Cx1Cx1L-SLLLL,8.66,0.5906,0.4014,0.1960,0.1970,93.670,/Users/stetef/Documents/SLAC/pdb-scraper/data/large-cys-his-datasets/4cys-large/output/xyz_files/7d47_ZN_homo_d2.60_cluster1.xyz,124.45,73.823,,-149.85,74.347,,-97.27,70.820,,157.33,89.707,
7d5w_ZN_homo_d2.60_cluster1,9,#9edae5,1,7d5w_ZN_homo_d2.60_cluster1,2.3272,Cx1Cx19Cx2C-SLLL,113.46,0.9925,0.4730,0.1560,0.1840,26.180,/Users/stetef/Documents/SLAC/pdb-scraper/data/large-cys-his-datasets/4cys-large/output/xyz_files/7d5w_ZN_homo_d2.60_cluster1.xyz,131.94,28.350,,58.28,28.523,,90.71,30.280,,172.91,26.030,
7d5w_ZN_homo_d2.60_cluster2,8,#dbdb8d,1,7d5w_ZN_homo_d2.60_cluster2,2.8883,Cx1Cx19Cx2C-SLLL,114.97,0.9940,0.4724,0.1560,0.1840,25.800,/Users/stetef/Documents/SLAC/pdb-scraper/data/large-cys-his-datasets/4cys-large/output/xyz_files/7d5w_ZN_homo_d2.60_cluster2.xyz,131.90,26.600,,61.14,27.883,,175.76,27.473,,91.07,28.490,
7d5x_ZN_homo_d2.60_cluster1,3,#d62728,1,7d5x_ZN_homo_d2.60_cluster1,2.4980,Cx1Cx19Cx2C-SLLL,113.21,0.9905,0.4719,0.1570,0.1840,26.470,/Users/stetef/Documents/SLAC/pdb-scraper/data/large-cys-his-datasets/4cys-large/output/xyz_files/7d5x_ZN_homo_d2.60_cluster1.xyz,129.94,28.907,,60.30,28.330,,174.34,26.770,,88.24,28.557,
7d5x_ZN_homo_d2.60_cluster2,3,#d62728,1,7d5x_ZN_homo_d2.60_cluster2,2.9616,Cx1Cx19Cx2C-SLLL,114.05,0.9944,0.4691,0.1570,0.1840,27.100,/Users/stetef/Documents/SLAC/pdb-scraper/data/large-cys-his-datasets/4cys-large/output/xyz_files/7d5x_ZN_homo_d2.60_cluster2.xyz,88.24,29.433,,132.41,27.707,,172.92,28.540,,62.61,28.233,
7d6h_ZN_homo_d2.60_cluster1,7,#c7c7c7,1,7d6h_ZN_homo_d2.60_cluster1,18.9502,Cx2Cx31Cx1C-SLLL,84.56,0.9928,0.4063,0.1620,0.1730,28.940,/Users/stetef/Documents/SLAC/pdb-scraper/data/large-cys-his-datasets/4cys-large/output/xyz_files/7d6h_ZN_homo_d2.60_cluster1.xyz,154.40,27.983,,111.60,29.167,,179.66,27.350,,-107.41,32.543,
7d6l_ZN_homo_d2.60_cluster1,1,#ff7f0e,1,7d6l_ZN_homo_d2.60_cluster1,7.9994,Cx2Cx16Cx2C-LLLL,134.95,0.9764,0.4741,0.1950,0.2270,25.680,/Users/stetef/Documents/SLAC/pdb-scraper/data/large-cys-his-datasets/4cys-large/output/xyz_files/7d6l_ZN_homo_d2.60_cluster1.xyz,92.05,27.530,,91.91,30.697,,178.89,21.623,,176.95,22.107,
7d7k_ZN_homo_d2.60_cluster1,9,#9edae5,1,7d7k_ZN_homo_d2.60_cluster1,20.5597,Cx2Cx31Cx1C-SLLL,-2.36,0.9768,0.4299,0.1840,0.2070,49.330,/Users/stetef/Documents/SLAC/pdb-scraper/data/large-cys-his-datasets/4cys-large/output/xyz_files/7d7k_ZN_homo_d2.60_cluster1.xyz,-102.55,55.323,,155.00,54.297,,-179.21,49.870,,117.31,60.040,
7d7k_ZN_homo_d2.60_cluster2,8,#dbdb8d,1,7d7k_ZN_homo_d2.60_cluster2,22.2905,Cx2Cx31Cx1C-SLLL,1.19,0.9546,0.4787,0.1840,0.2070,45.880,/Users/stetef/Documents/SLAC/pdb-scraper/data/large-cys-his-datasets/4cys-large/output/xyz_files/7d7k_ZN_homo_d2.60_cluster2.xyz,-89.80,54.923,,144.15,60.983,,121.15,74.227,,-170.73,50.753,
7d86_ZN_homo_d2.60_cluster5,5,#c49c94,1,7d86_ZN_homo_d2.60_cluster5,15.8457,Cx2Cx31Cx2C-LLHH,59.94,0.9743,0.4964,0.1790,0.2250,47.190,/Users/stetef/Documents/SLAC/pdb-scraper/data/large-cys-his-datasets/4cys-large/output/xyz_files/7d86_ZN_homo_d2.60_cluster5.xyz,92.75,45.887,,-121.31,46.540,,175.96,41.907,,92.37,35.423,
7d8a_ZN_homo_d2.60_cluster5,0,#1f77b4,1,7d8a_ZN_homo_d2.60_cluster5,18.0225,Cx2Cx31Cx2C-LLHH,61.03,0.9715,0.5354,0.1810,0.2120,39.940,/Users/stetef/Documents/SLAC/pdb-scraper/data/large-cys-his-datasets/4cys-large/output/xyz_files/7d8a_ZN_homo_d2.60_cluster5.xyz,93.60,40.287,,91.79,40.280,,175.83,43.710,,-117.11,43.113,
7dcf_ZN_homo_d2.60_cluster1,5,#c49c94,1,7dcf_ZN_homo_d2.60_cluster1,43.3758,Cx36Cx5Cx3C-LLLL,-171.92,0.9912,0.7130,0.2020,0.2460,18.570,/Users/stetef/Documents/SLAC/pdb-scraper/data/large-cys-his-datasets/4cys-large/output/xyz_files/7dcf_ZN_homo_d2.60_cluster1.xyz,-177.15,15.837,,-177.39,19.640,,-154.37,21.090,,-178.79,17.760,
7dcf_ZN_homo_d2.60_cluster2,8,#dbdb8d,1,7dcf_ZN_homo_d2.60_cluster2,5.0916,Cx12Cx29Cx3C-LLLL,37.05,0.9670,0.5219,0.2020,0.2460,19.020,/Users/stetef/Documents/SLAC/pdb-scraper/data/large-cys-his-datasets/4cys-large/output/xyz_files/7dcf_ZN_homo_d2.60_cluster2.xyz,138.00,17.767,,69.54,17.760,,-140.88,39.537,,81.55,21.063,
7dcf_ZN_homo_d2.60_cluster3,8,#dbdb8d,1,7dcf_ZN_homo_d2.60_cluster3,20.5265,Cx1Cx3Cx4C-LLLL,-71.44,0.9953,0.5843,0.2020,0.2460,20.560,/Users/stetef/Documents/SLAC/pdb-scraper/data/large-cys-his-datasets/4cys-large/output/xyz_files/7dcf_ZN_homo_d2.60_cluster3.xyz,-167.32,21.063,,-78.87,29.063,,88.33,21.090,,-127.91,19.477,
7dcf_ZN_homo_d2.60_cluster4,0,#1f77b4,1,7dcf_ZN_homo_d2.60_cluster4,29.2262,Cx52Cx1Cx4C-LLLL,14.82,0.9863,0.6982,0.2020,0.2460,20.230,/Users/stetef/Documents/SLAC/pdb-scraper/data/large-cys-his-datasets/4cys-large/output/xyz_files/7dcf_ZN_homo_d2.60_cluster4.xyz,145.70,19.347,,105.27,21.103,,-106.70,17.557,,-85.00,22.537,
7dcf_ZN_homo_d2.60_cluster5,0,#1f77b4,1,7dcf_ZN_homo_d2.60_cluster5,42.4134,Cx36Cx5Cx3C-LLLL,4.94,0.9896,0.7319,0.2020,0.2460,17.120,/Users/stetef/Documents/SLAC/pdb-scraper/data/large-cys-his-datasets/4cys-large/output/xyz_files/7dcf_ZN_homo_d2.60_cluster5.xyz,179.39,16.047,,-159.89,18.173,,-179.08,16.863,,179.34,19.273,
7dcf_ZN_homo_d2.60_cluster6,0,#1f77b4,1,7dcf_ZN_homo_d2.60_cluster6,6.4541,Cx12Cx29Cx3C-LHLL,39.18,0.9730,0.5174,0.2020,0.2460,19.090,/Users/stetef/Documents/SLAC/pdb-scraper/data/large-cys-his-datasets/4cys-large/output/xyz_files/7dcf_ZN_homo_d2.60_cluster6.xyz,138.12,17.570,,-139.29,20.790,,65.75,16.047,,92.12,19.910,
7dcf_ZN_homo_d2.60_cluster7,3,#d62728,1,7dcf_ZN_homo_d2.60_cluster7,21.5202,Cx1Cx3Cx4C-LLLH,-70.86,0.9878,0.5955,0.2020,0.2460,18.140,/Users/stetef/Documents/SLAC/pdb-scraper/data/large-cys-his-datasets/4cys-large/output/xyz_files/7dcf_ZN_homo_d2.60_cluster7.xyz,-79.28,22.440,,82.79,18.173,,-126.32,19.227,,-160.62,19.910,
7dcf_ZN_homo_d2.60_cluster8,0,#1f77b4,1,7dcf_ZN_homo_d2.60_cluster8,29.8618,Cx52Cx1Cx4C-LLLL,16.13,0.9926,0.7035,0.2020,0.2460,19.600,/Users/stetef/Documents/SLAC/pdb-scraper/data/large-cys-his-datasets/4cys-large/output/xyz_files/7dcf_ZN_homo_d2.60_cluster8.xyz,142.97,18.247,,103.66,21.560,,-106.72,21.460,,-75.39,24.077,
7dg2_ZN_homo_d2.60_cluster2,0,#1f77b4,1,7dg2_ZN_homo_d2.60_cluster2,3.9804,Cx2Cx20Cx2C-LLLL,45.05,0.9866,0.4602,0.1910,0.2180,27.750,/Users/stetef/Documents/SLAC/pdb-scraper/data/large-cys-his-datasets/4cys-large/output/xyz_files/7dg2_ZN_homo_d2.60_cluster2.xyz,174.33,36.133,,92.82,28.317,,91.61,34.373,,-178.56,27.460,
7dh8_ZN_homo_d2.60_cluster2,6,#f7b6d2,1,7dh8_ZN_homo_d2.60_cluster2,16.5142,Cx2Cx36Cx2C-SLHH,63.73,0.9924,0.5054,0.2170,0.2520,33.450,/Users/stetef/Documents/SLAC/pdb-scraper/data/large-cys-his-datasets/4cys-large/output/xyz_files/7dh8_ZN_homo_d2.60_cluster2.xyz,96.34,33.680,,179.46,28.627,,93.20,30.220,,-114.07,34.020,
7e44_ZN_homo_d2.60_cluster1,8,#dbdb8d,1,7e44_ZN_homo_d2.60_cluster1,9.4481,Cx2Cx14Cx2C-LLSL,-5.96,0.9604,0.4385,0.2350,0.2480,37.270,/Users/stetef/Documents/SLAC/pdb-scraper/data/large-cys-his-datasets/4cys-large/output/xyz_files/7e44_ZN_homo_d2.60_cluster1.xyz,-100.72,50.993,,-174.54,37.090,,91.97,39.203,,159.45,36.173,
7e44_ZN_homo_d2.60_cluster2,8,#dbdb8d,1,7e44_ZN_homo_d2.60_cluster2,9.0657,Cx2Cx14Cx2C-LLSL,45.12,0.9582,0.4461,0.2350,0.2480,41.960,/Users/stetef/Documents/SLAC/pdb-scraper/data/large-cys-his-datasets/4cys-large/output/xyz_files/7e44_ZN_homo_d2.60_cluster2.xyz,97.40,43.023,,-167.00,44.517,,167.26,37.790,,82.81,50.133,
7e44_ZN_homo_d2.60_cluster3,5,#c49c94,1,7e44_ZN_homo_d2.60_cluster3,9.9956,Cx2Cx14Cx2C-LLSL,42.88,0.9428,0.4618,0.2350,0.2480,30.280,/Users/stetef/Documents/SLAC/pdb-scraper/data/large-cys-his-datasets/4cys-large/output/xyz_files/7e44_ZN_homo_d2.60_cluster3.xyz,91.39,28.750,,164.82,26.477,,-167.49,28.010,,82.78,31.523,
7e44_ZN_homo_d2.60_cluster4,5,#c49c94,1,7e44_ZN_homo_d2.60_cluster4,10.2264,Cx2Cx14Cx2C-LLSL,44.56,0.9809,0.4453,0.2350,0.2480,25.130,/Users/stetef/Documents/SLAC/pdb-scraper/data/large-cys-his-datasets/4cys-large/output/xyz_files/7e44_ZN_homo_d2.60_cluster4.xyz,90.88,29.037,,-165.67,24.280,,83.94,26.223,,169.10,23.557,
7e62_ZN_homo_d2.60_cluster1,8,#dbdb8d,1,7e62_ZN_homo_d2.60_cluster1,8.9314,Cx2Cx10Cx2C-LLLL,43.16,0.9644,0.4273,0.2430,0.2640,41.070,/Users/stetef/Documents/SLAC/pdb-scraper/data/large-cys-his-datasets/4cys-large/output/xyz_files/7e62_ZN_homo_d2.60_cluster1.xyz,90.48,39.390,,-177.46,44.453,,83.63,42.520,,175.98,43.447,
7e62_ZN_homo_d2.60_cluster2,8,#dbdb8d,1,7e62_ZN_homo_d2.60_cluster2,9.6912,Cx2Cx10Cx2C-LLLL,42.76,0.9534,0.4357,0.2430,0.2640,41.740,/Users/stetef/Documents/SLAC/pdb-scraper/data/large-cys-his-datasets/4cys-large/output/xyz_files/7e62_ZN_homo_d2.60_cluster2.xyz,89.63,41.977,,82.59,44.717,,-179.22,40.883,,178.06,41.087,
7ebj_ZN_homo_d2.60_cluster2,0,#1f77b4,1,7ebj_ZN_homo_d2.60_cluster2,12.7545,Cx2Cx22Cx2C-LLLL,-26.98,0.9924,0.4969,0.1850,0.2120,23.390,/Users/stetef/Documents/SLAC/pdb-scraper/data/large-cys-his-datasets/4cys-large/output/xyz_files/7ebj_ZN_homo_d2.60_cluster2.xyz,-113.28,26.370,,-178.03,21.907,,96.51,24.123,,86.89,21.797,
7ebk_ZN_homo_d2.60_cluster2,8,#dbdb8d,1,7ebk_ZN_homo_d2.60_cluster2,12.2608,Cx2Cx22Cx2C-LLLL,-30.38,0.9890,0.4927,0.2140,0.2280,32.350,/Users/stetef/Documents/SLAC/pdb-scraper/data/large-cys-his-datasets/4cys-large/output/xyz_files/7ebk_ZN_homo_d2.60_cluster2.xyz,88.30,37.340,,-179.43,30.687,,-114.85,30.217,,84.46,27.673,
7ev7_ZN_homo_d2.60_cluster1,5,#c49c94,1,7ev7_ZN_homo_d2.60_cluster1,2.5387,Cx1Cx19Cx2C-SLLL,113.36,0.9905,0.4719,0.1600,0.1780,27.470,/Users/stetef/Documents/SLAC/pdb-scraper/data/large-cys-his-datasets/4cys-large/output/xyz_files/7ev7_ZN_homo_d2.60_cluster1.xyz,63.40,26.773,,127.51,26.387,,89.30,27.360,,173.22,26.730,
7ev7_ZN_homo_d2.60_cluster2,2,#2ca02c,1,7ev7_ZN_homo_d2.60_cluster2,2.5716,Cx1Cx19Cx2C-SLLL,115.04,0.9937,0.4663,0.1600,0.1780,27.760,/Users/stetef/Documents/SLAC/pdb-scraper/data/large-cys-his-datasets/4cys-large/output/xyz_files/7ev7_ZN_homo_d2.60_cluster2.xyz,63.89,27.123,,131.63,25.210,,91.08,28.867,,173.57,26.067,
7exm_ZN_homo_d2.60_cluster11,2,#2ca02c,1,7exm_ZN_homo_d2.60_cluster11,6.8386,Cx2Cx14Cx2C-LLLL,130.80,0.9840,0.5052,0.2000,0.2260,25.840,/Users/stetef/Documents/SLAC/pdb-scraper/data/large-cys-his-datasets/4cys-large/output/xyz_files/7exm_ZN_homo_d2.60_cluster11.xyz,99.05,29.597,,155.19,27.840,,171.19,28.177,,97.76,28.263,
7exm_ZN_homo_d2.60_cluster2,2,#2ca02c,1,7exm_ZN_homo_d2.60_cluster2,8.6568,Cx2Cx14Cx2C-LLLL,135.21,0.9618,0.5000,0.2000,0.2260,26.930,/Users/stetef/Documents/SLAC/pdb-scraper/data/large-cys-his-datasets/4cys-large/output/xyz_files/7exm_ZN_homo_d2.60_cluster2.xyz,97.55,28.127,,97.04,29.837,,175.17,26.453,,171.08,28.530,
7exm_ZN_homo_d2.60_cluster5,2,#2ca02c,1,7exm_ZN_homo_d2.60_cluster5,9.7676,Cx2Cx14Cx2C-LLLL,130.43,0.9551,0.5123,0.2000,0.2260,23.640,/Users/stetef/Documents/SLAC/pdb-scraper/data/large-cys-his-datasets/4cys-large/output/xyz_files/7exm_ZN_homo_d2.60_cluster5.xyz,94.31,28.393,,97.48,26.340,,162.87,24.207,,167.07,25.260,
7exm_ZN_homo_d2.60_cluster8,5,#c49c94,1,7exm_ZN_homo_d2.60_cluster8,7.8226,Cx2Cx14Cx2C-LLLL,135.95,0.9357,0.4929,0.2000,0.2260,48.440,/Users/stetef/Documents/SLAC/pdb-scraper/data/large-cys-his-datasets/4cys-large/output/xyz_files/7exm_ZN_homo_d2.60_cluster8.xyz,97.16,47.270,,106.18,51.347,,178.96,51.157,,161.50,45.470,
7f4e_ZN_homo_d2.60_cluster1,5,#c49c94,1,7f4e_ZN_homo_d2.60_cluster1,10.8715,Cx2Cx23Cx2C-SLLL,-92.21,0.8810,0.4651,0.1850,0.2160,30.830,/Users/stetef/Documents/SLAC/pdb-scraper/data/large-cys-his-datasets/4cys-large/output/xyz_files/7f4e_ZN_homo_d2.60_cluster1.xyz,-179.07,26.060,,-100.33,48.960,,-177.45,22.763,,87.99,31.953,
7f51_ZN_homo_d2.60_cluster1,8,#dbdb8d,1,7f51_ZN_homo_d2.60_cluster1,7.9602,Cx2Cx23Cx2C-SLLL,45.59,0.9588,0.4579,0.1830,0.2200,34.730,/Users/stetef/Documents/SLAC/pdb-scraper/data/large-cys-his-datasets/4cys-large/output/xyz_files/7f51_ZN_homo_d2.60_cluster1.xyz,178.47,40.943,,87.94,41.767,,-175.04,37.067,,91.00,36.087,
7f98_ZN_homo_d2.60_cluster1,5,#c49c94,1,7f98_ZN_homo_d2.60_cluster1,9.3397,Cx4Cx41Cx1C-LHLL,55.74,0.9722,0.4513,0.1920,0.2350,45.450,/Users/stetef/Documents/SLAC/pdb-scraper/data/large-cys-his-datasets/4cys-large/output/xyz_files/7f98_ZN_homo_d2.60_cluster1.xyz,122.81,56.277,,-164.45,47.880,,104.00,52.970,,160.60,48.850,
7f98_ZN_homo_d2.60_cluster2,7,#c7c7c7,1,7f98_ZN_homo_d2.60_cluster2,7.5479,Cx4Cx41Cx1C-LHLL,51.78,0.9433,0.4216,0.1920,0.2350,71.710,/Users/stetef/Documents/SLAC/pdb-scraper/data/large-cys-his-datasets/4cys-large/output/xyz_files/7f98_ZN_homo_d2.60_cluster2.xyz,-177.00,75.250,,108.40,85.653,,157.09,76.183,,118.64,93.343,
7f99_ZN_homo_d2.60_cluster1,1,#ff7f0e,1,7f99_ZN_homo_d2.60_cluster1,7.9922,Cx4Cx41Cx1C-LHLL,52.98,0.9642,0.4477,0.1840,0.2280,50.410,/Users/stetef/Documents/SLAC/pdb-scraper/data/large-cys-his-datasets/4cys-large/output/xyz_files/7f99_ZN_homo_d2.60_cluster1.xyz,111.40,56.890,,-171.54,53.503,,157.36,52.370,,114.70,69.067,
7f99_ZN_homo_d2.60_cluster2,5,#c49c94,1,7f99_ZN_homo_d2.60_cluster2,7.3112,Cx4Cx41Cx1C-LHLL,53.65,0.9539,0.4380,0.1840,0.2280,54.450,/Users/stetef/Documents/SLAC/pdb-scraper/data/large-cys-his-datasets/4cys-large/output/xyz_files/7f99_ZN_homo_d2.60_cluster2.xyz,-168.23,52.447,,106.18,46.977,,159.73,47.520,,116.92,60.910,
7f9a_ZN_homo_d2.60_cluster1,8,#dbdb8d,1,7f9a_ZN_homo_d2.60_cluster1,9.5546,Cx4Cx41Cx1C-LHLL,51.89,0.9539,0.4564,0.1970,0.2420,48.070,/Users/stetef/Documents/SLAC/pdb-scraper/data/large-cys-his-datasets/4cys-large/output/xyz_files/7f9a_ZN_homo_d2.60_cluster1.xyz,102.24,52.703,,-163.06,60.787,,114.36,62.730,,154.01,59.593,
7f9a_ZN_homo_d2.60_cluster2,2,#2ca02c,1,7f9a_ZN_homo_d2.60_cluster2,7.6584,Cx4Cx41Cx1C-LHLL,50.35,0.9273,0.4419,0.1970,0.2420,79.810,/Users/stetef/Documents/SLAC/pdb-scraper/data/large-cys-his-datasets/4cys-large/output/xyz_files/7f9a_ZN_homo_d2.60_cluster2.xyz,108.26,91.487,,152.00,80.937,,-173.27,82.937,,114.43,119.483,
7f9b_ZN_homo_d2.60_cluster1,1,#ff7f0e,1,7f9b_ZN_homo_d2.60_cluster1,9.7691,Cx4Cx41Cx1C-LHLL,51.81,0.9435,0.4757,0.1910,0.2360,68.620,/Users/stetef/Documents/SLAC/pdb-scraper/data/large-cys-his-datasets/4cys-large/output/xyz_files/7f9b_ZN_homo_d2.60_cluster1.xyz,111.12,56.753,,147.63,52.717,,-163.32,56.907,,111.82,65.773,
7f9b_ZN_homo_d2.60_cluster2,5,#c49c94,1,7f9b_ZN_homo_d2.60_cluster2,8.3360,Cx4Cx41Cx1C-LHLL,54.93,0.9793,0.4406,0.1910,0.2360,43.950,/Users/stetef/Documents/SLAC/pdb-scraper/data/large-cys-his-datasets/4cys-large/output/xyz_files/7f9b_ZN_homo_d2.60_cluster2.xyz,-164.41,51.417,,104.90,46.350,,158.61,45.180,,120.64,52.410,
7fa1_ZN_homo_d2.60_cluster1,3,#d62728,1,7fa1_ZN_homo_d2.60_cluster1,7.6421,Cx2Cx14Cx2C-LLLL,131.61,0.9744,0.4859,0.1900,0.2220,24.480,/Users/stetef/Documents/SLAC/pdb-scraper/data/large-cys-his-datasets/4cys-large/output/xyz_files/7fa1_ZN_homo_d2.60_cluster1.xyz,97.10,16.790,,167.68,14.970,,93.22,16.503,,168.43,18.077,
7fav_ZN_homo_d2.60_cluster2,3,#d62728,1,7fav_ZN_homo_d2.60_cluster2,31.8416,Cx2Cx46Cx1C-HHLL,-34.01,0.9816,0.6094,0.1800,0.1990,27.040,/Users/stetef/Documents/SLAC/pdb-scraper/data/large-cys-his-datasets/4cys-large/output/xyz_files/7fav_ZN_homo_d2.60_cluster2.xyz,-72.64,20.753,,-82.93,19.427,,-148.55,19.983,,168.09,21.567,
7gqu_ZN_homo_d2.60_cluster1,5,#c49c94,1,7gqu_ZN_homo_d2.60_cluster1,18.4317,Cx26CCx2C-HLHH,6.18,0.9656,0.3562,0.1810,0.2090,36.680,/Users/stetef/Documents/SLAC/pdb-scraper/data/large-cys-his-datasets/4cys-large/output/xyz_files/7gqu_ZN_homo_d2.60_cluster1.xyz,87.83,32.087,,111.88,36.020,,-65.24,35.613,,-109.74,40.380,
7jit_ZN_homo_d2.60_cluster1,5,#c49c94,1,7jit_ZN_homo_d2.60_cluster1,21.0213,Cx2Cx31Cx1C-SLLL,89.61,0.8759,0.4313,0.1760,0.1900,91.410,/Users/stetef/Documents/SLAC/pdb-scraper/data/large-cys-his-datasets/4cys-large/output/xyz_files/7jit_ZN_homo_d2.60_cluster1.xyz,154.69,89.003,,-93.20,90.407,,172.34,80.943,,124.60,103.123,
7jn2_ZN_homo_d2.60_cluster1,5,#c49c94,1,7jn2_ZN_homo_d2.60_cluster1,15.3061,Cx2Cx31Cx1C-SLLL,3.45,0.9595,0.3940,0.1870,0.2090,84.640,/Users/stetef/Documents/SLAC/pdb-scraper/data/large-cys-his-datasets/4cys-large/output/xyz_files/7jn2_ZN_homo_d2.60_cluster1.xyz,158.25,84.253,,133.90,108.997,,-178.71,77.450,,-99.62,82.430,
7jqa_ZN_homo_d2.60_cluster2,8,#dbdb8d,1,7jqa_ZN_homo_d2.60_cluster2,28.4339,Cx2Cx2Cx7C-LHHL,-2.87,0.9791,0.8065,0.1490,0.2210,18.090,/Users/stetef/Documents/SLAC/pdb-scraper/data/large-cys-his-datasets/4cys-large/output/xyz_files/7jqa_ZN_homo_d2.60_cluster2.xyz,-110.47,18.650,,66.25,17.087,,-61.12,15.267,,93.87,21.577,
7jqa_ZN_homo_d2.60_cluster4,5,#c49c94,1,7jqa_ZN_homo_d2.60_cluster4,29.2005,Cx2Cx2Cx7C-LHHL,-2.92,0.9752,0.8241,0.1490,0.2210,20.480,/Users/stetef/Documents/SLAC/pdb-scraper/data/large-cys-his-datasets/4cys-large/output/xyz_files/7jqa_ZN_homo_d2.60_cluster4.xyz,-106.48,19.157,,90.38,21.647,,-64.76,19.550,,69.18,20.787,
7jqa_ZN_homo_d2.60_cluster6,5,#c49c94,1,7jqa_ZN_homo_d2.60_cluster6,28.5343,Cx2Cx2Cx7C-LHHL,-4.17,0.9763,0.8139,0.1490,0.2210,20.390,/Users/stetef/Documents/SLAC/pdb-scraper/data/large-cys-his-datasets/4cys-large/output/xyz_files/7jqa_ZN_homo_d2.60_cluster6.xyz,-114.71,18.757,,92.93,23.787,,71.18,20.947,,-66.07,19.203,
7jqa_ZN_homo_d2.60_cluster8,3,#d62728,1,7jqa_ZN_homo_d2.60_cluster8,28.3389,Cx2Cx2Cx7C-LHHL,-2.59,0.9698,0.8040,0.1490,0.2210,18.740,/Users/stetef/Documents/SLAC/pdb-scraper/data/large-cys-his-datasets/4cys-large/output/xyz_files/7jqa_ZN_homo_d2.60_cluster8.xyz,95.83,18.447,,-111.39,19.957,,-64.23,16.737,,69.41,19.760,
7k35_ZN_homo_d2.60_cluster2,6,#f7b6d2,1,7k35_ZN_homo_d2.60_cluster2,27.9914,Cx2Cx2Cx7C-LHHL,-3.89,0.9747,0.7974,0.1760,0.2100,20.620,/Users/stetef/Documents/SLAC/pdb-scraper/data/large-cys-his-datasets/4cys-large/output/xyz_files/7k35_ZN_homo_d2.60_cluster2.xyz,-69.36,20.287,,72.32,22.193,,-108.13,20.707,,89.62,23.450,
7k35_ZN_homo_d2.60_cluster4,1,#ff7f0e,1,7k35_ZN_homo_d2.60_cluster4,28.7895,Cx2Cx2Cx7C-LHHL,-4.43,0.9794,0.8077,0.1760,0.2100,22.700,/Users/stetef/Documents/SLAC/pdb-scraper/data/large-cys-his-datasets/4cys-large/output/xyz_files/7k35_ZN_homo_d2.60_cluster4.xyz,87.46,24.397,,71.69,23.763,,-67.60,22.083,,-109.26,23.253,
7k35_ZN_homo_d2.60_cluster6,0,#1f77b4,1,7k35_ZN_homo_d2.60_cluster6,28.4513,Cx2Cx2Cx7C-LHHL,-2.27,0.9734,0.8092,0.1760,0.2100,22.970,/Users/stetef/Documents/SLAC/pdb-scraper/data/large-cys-his-datasets/4cys-large/output/xyz_files/7k35_ZN_homo_d2.60_cluster6.xyz,73.53,23.633,,-63.67,21.810,,89.82,25.523,,-108.75,22.187,
7k35_ZN_homo_d2.60_cluster8,9,#9edae5,1,7k35_ZN_homo_d2.60_cluster8,28.8383,Cx2Cx2Cx7C-LHHL,-5.30,0.9768,0.8046,0.1760,0.2100,21.440,/Users/stetef/Documents/SLAC/pdb-scraper/data/large-cys-his-datasets/4cys-large/output/xyz_files/7k35_ZN_homo_d2.60_cluster8.xyz,-111.37,23.720,,-69.21,19.500,,91.37,22.310,,68.03,22.360,
7kok_ZN_homo_d2.60_cluster1,6,#f7b6d2,1,7kok_ZN_homo_d2.60_cluster1,19.7081,Cx2Cx31Cx1C-SLLL,88.26,0.7249,0.4435,0.1850,0.2110,112.620,/Users/stetef/Documents/SLAC/pdb-scraper/data/large-cys-his-datasets/4cys-large/output/xyz_files/7kok_ZN_homo_d2.60_cluster1.xyz,-95.35,107.093,,151.43,103.017,,129.40,124.650,,167.58,104.027,
7l6t_ZN_homo_d2.60_cluster2,2,#2ca02c,1,7l6t_ZN_homo_d2.60_cluster2,31.1377,Cx2Cx7Cx1C-LLLL,22.07,0.9609,0.7425,0.1420,0.1620,53.540,/Users/stetef/Documents/SLAC/pdb-scraper/data/large-cys-his-datasets/4cys-large/output/xyz_files/7l6t_ZN_homo_d2.60_cluster2.xyz,-78.64,59.137,,173.56,65.960,,97.43,58.930,,-104.09,82.437,
7lzd_ZN_homo_d2.60_cluster1,5,#c49c94,1,7lzd_ZN_homo_d2.60_cluster1,22.7526,Cx1Cx14Cx3C-LLLH,-74.79,0.9947,0.5909,0.1940,0.2180,34.420,/Users/stetef/Documents/SLAC/pdb-scraper/data/large-cys-his-datasets/4cys-large/output/xyz_files/7lzd_ZN_homo_d2.60_cluster1.xyz,-164.32,39.750,,-120.49,40.773,,-87.94,32.133,,73.59,33.083,
7lzd_ZN_homo_d2.60_cluster2,8,#dbdb8d,1,7lzd_ZN_homo_d2.60_cluster2,36.1088,Cx12Cx3Cx5C-LLLH,-149.79,0.9593,0.6297,0.1940,0.2180,33.970,/Users/stetef/Documents/SLAC/pdb-scraper/data/large-cys-his-datasets/4cys-large/output/xyz_files/7lzd_ZN_homo_d2.60_cluster2.xyz,-138.00,37.123,,-112.23,33.450,,-173.92,30.733,,-175.01,33.083,
7lzd_ZN_homo_d2.60_cluster3,8,#dbdb8d,1,7lzd_ZN_homo_d2.60_cluster3,28.7459,Cx46Cx1Cx4C-LLLL,17.47,0.9905,0.6992,0.1940,0.2180,38.250,/Users/stetef/Documents/SLAC/pdb-scraper/data/large-cys-his-datasets/4cys-large/output/xyz_files/7lzd_ZN_homo_d2.60_cluster3.xyz,-101.35,37.640,,140.27,33.693,,-66.13,39.100,,97.10,37.240,
7m10_ZN_homo_d2.60_cluster1,5,#c49c94,1,7m10_ZN_homo_d2.60_cluster1,13.9590,Cx2Cx23Cx2C-LLHH,59.68,0.9865,0.5052,0.1570,0.1650,13.850,/Users/stetef/Documents/SLAC/pdb-scraper/data/large-cys-his-datasets/4cys-large/output/xyz_files/7m10_ZN_homo_d2.60_cluster1.xyz,-121.98,14.670,,92.25,14.917,,171.97,11.730,,96.48,12.993,
7m56_ZN_homo_d2.60_cluster1,7,#c7c7c7,1,7m56_ZN_homo_d2.60_cluster1,19.7568,Cx4C-Cx4C-LL-LL,39.43,0.9821,0.2941,0.1750,0.2100,28.770,/Users/stetef/Documents/SLAC/pdb-scraper/data/large-cys-his-datasets/4cys-large/output/xyz_files/7m56_ZN_homo_d2.60_cluster1.xyz,-72.99,31.033,,150.72,31.210,,157.33,35.570,,-77.35,30.350,
7mc5_ZN_homo_d2.60_cluster4,6,#f7b6d2,1,7mc5_ZN_homo_d2.60_cluster4,30.6040,Cx2Cx7Cx1C-LLLL,19.69,0.9963,0.7473,0.1680,0.1970,27.020,/Users/stetef/Documents/SLAC/pdb-scraper/data/large-cys-his-datasets/4cys-large/output/xyz_files/7mc5_ZN_homo_d2.60_cluster4.xyz,99.38,27.020,,169.32,22.557,,-82.41,28.477,,-107.54,36.810,
7mk1_ZN_homo_d2.60_cluster1,2,#2ca02c,1,7mk1_ZN_homo_d2.60_cluster1,13.7689,Cx2Cx50Cx4C-SLSL,68.05,0.9881,0.5245,0.1900,0.2200,31.970,/Users/stetef/Documents/SLAC/pdb-scraper/data/large-cys-his-datasets/4cys-large/output/xyz_files/7mk1_ZN_homo_d2.60_cluster1.xyz,169.44,31.413,,-167.48,32.123,,92.34,34.840,,177.90,30.233,
7mk1_ZN_homo_d2.60_cluster2,2,#2ca02c,1,7mk1_ZN_homo_d2.60_cluster2,13.6965,Cx2Cx50Cx4C-SLSL,67.35,0.9723,0.5315,0.1900,0.2200,38.290,/Users/stetef/Documents/SLAC/pdb-scraper/data/large-cys-his-datasets/4cys-large/output/xyz_files/7mk1_ZN_homo_d2.60_cluster2.xyz,173.40,41.603,,94.21,42.597,,-168.46,37.573,,170.27,32.897,
7mnr_ZN_homo_d2.60_cluster1,7,#c7c7c7,1,7mnr_ZN_homo_d2.60_cluster1,9.3634,Cx2Cx10Cx2C-LLLL,134.94,0.9807,0.4638,0.1610,0.1960,41.480,/Users/stetef/Documents/SLAC/pdb-scraper/data/large-cys-his-datasets/4cys-large/output/xyz_files/7mnr_ZN_homo_d2.60_cluster1.xyz,93.10,26.613,,174.92,33.813,,94.02,32.163,,177.71,34.563,
7mnu_ZN_homo_d2.60_cluster1,0,#1f77b4,1,7mnu_ZN_homo_d2.60_cluster1,7.9324,Cx2Cx10Cx2C-LLLL,132.80,0.9685,0.4638,0.2030,0.2240,39.050,/Users/stetef/Documents/SLAC/pdb-scraper/data/large-cys-his-datasets/4cys-large/output/xyz_files/7mnu_ZN_homo_d2.60_cluster1.xyz,89.03,27.413,,177.47,28.707,,92.09,29.017,,172.62,28.333,
7mnv_ZN_homo_d2.60_cluster1,0,#1f77b4,1,7mnv_ZN_homo_d2.60_cluster1,9.4548,Cx2Cx10Cx2C-LLLL,133.06,0.9723,0.4673,0.1610,0.1860,41.030,/Users/stetef/Documents/SLAC/pdb-scraper/data/large-cys-his-datasets/4cys-large/output/xyz_files/7mnv_ZN_homo_d2.60_cluster1.xyz,87.71,29.637,,178.01,33.690,,89.36,32.133,,177.14,33.897,
7mo1_ZN_homo_d2.60_cluster1_altlocLIGA,6,#f7b6d2,1,7mo1_ZN_homo_d2.60_cluster1_altlocLIGA,9.5451,Cx2Cx10Cx2C-LLLL,131.15,0.9726,0.4863,0.1520,0.1750,28.490,/Users/stetef/Documents/SLAC/pdb-scraper/data/large-cys-his-datasets/4cys-large/output/xyz_files/7mo1_ZN_homo_d2.60_cluster1_altlocLIGA.xyz,83.95,27.150,,93.52,32.703,,174.35,38.623,,172.78,33.097,
7mo1_ZN_homo_d2.60_cluster1_altlocLIGB,6,#f7b6d2,1,7mo1_ZN_homo_d2.60_cluster1_altlocLIGB,9.5451,Cx2Cx10Cx2C-LLLL,131.15,0.9726,0.4863,0.1520,0.1750,28.490,/Users/stetef/Documents/SLAC/pdb-scraper/data/large-cys-his-datasets/4cys-large/output/xyz_files/7mo1_ZN_homo_d2.60_cluster1_altlocLIGB.xyz,83.95,27.150,,93.52,32.703,,174.35,38.623,,172.78,33.097,
7mo2_ZN_homo_d2.60_cluster1,5,#c49c94,1,7mo2_ZN_homo_d2.60_cluster1,7.9185,Cx2Cx10Cx2C-LLLL,133.95,0.9729,0.4655,0.2130,0.2410,20.940,/Users/stetef/Documents/SLAC/pdb-scraper/data/large-cys-his-datasets/4cys-large/output/xyz_files/7mo2_ZN_homo_d2.60_cluster1.xyz,87.25,20.763,,179.48,21.927,,93.89,22.923,,175.19,22.857,
7mo2_ZN_homo_d2.60_cluster2,2,#2ca02c,1,7mo2_ZN_homo_d2.60_cluster2,8.3534,Cx2Cx10Cx2C-LLLL,45.84,0.9792,0.4703,0.2130,0.2410,44.280,/Users/stetef/Documents/SLAC/pdb-scraper/data/large-cys-his-datasets/4cys-large/output/xyz_files/7mo2_ZN_homo_d2.60_cluster2.xyz,93.15,37.350,,176.19,47.253,,91.17,52.713,,-177.18,59.913,
7mo5_ZN_homo_d2.60_cluster1,5,#c49c94,1,7mo5_ZN_homo_d2.60_cluster1,8.4629,Cx2Cx10Cx2C-LLLL,134.06,0.9756,0.4708,0.1630,0.1900,25.550,/Users/stetef/Documents/SLAC/pdb-scraper/data/large-cys-his-datasets/4cys-large/output/xyz_files/7mo5_ZN_homo_d2.60_cluster1.xyz,87.55,22.000,,93.49,27.500,,176.85,27.577,,178.34,25.077,
7nu0_ZN_homo_d2.60_cluster1,7,#c7c7c7,1,7nu0_ZN_homo_d2.60_cluster1,15.6565,Cx2Cx37Cx2C-SLLL,-4.23,0.9931,0.4270,0.1800,0.2140,35.200,/Users/stetef/Documents/SLAC/pdb-scraper/data/large-cys-his-datasets/4cys-large/output/xyz_files/7nu0_ZN_homo_d2.60_cluster1.xyz,-175.52,34.043,,173.84,34.193,,-108.83,36.463,,93.61,39.787,
7o2a_ZN_homo_d2.60_cluster1,5,#c49c94,1,7o2a_ZN_homo_d2.60_cluster1,34.3901,Cx52Cx1Cx2C-LLHH,1.33,0.9827,0.6729,0.1900,0.2180,9.900,/Users/stetef/Documents/SLAC/pdb-scraper/data/large-cys-his-datasets/4cys-large/output/xyz_files/7o2a_ZN_homo_d2.60_cluster1.xyz,-99.48,8.157,,139.64,10.500,,96.15,9.270,,-130.99,8.700,
7o2a_ZN_homo_d2.60_cluster3,8,#dbdb8d,1,7o2a_ZN_homo_d2.60_cluster3,22.6513,Cx2Cx18Cx3C-LLLH,46.42,0.9912,0.5983,0.1900,0.2180,13.770,/Users/stetef/Documents/SLAC/pdb-scraper/data/large-cys-his-datasets/4cys-large/output/xyz_files/7o2a_ZN_homo_d2.60_cluster3.xyz,90.81,14.833,,-173.94,12.067,,92.67,13.253,,176.14,13.303,
7o2c_ZN_homo_d2.60_cluster1,7,#c7c7c7,1,7o2c_ZN_homo_d2.60_cluster1,34.6962,Cx52Cx1Cx2C-LLHH,-1.39,0.9819,0.6709,0.1600,0.2250,13.170,/Users/stetef/Documents/SLAC/pdb-scraper/data/large-cys-his-datasets/4cys-large/output/xyz_files/7o2c_ZN_homo_d2.60_cluster1.xyz,135.42,12.913,,-131.15,11.683,,-105.03,11.127,,95.22,15.923,
7o2c_ZN_homo_d2.60_cluster2,8,#dbdb8d,1,7o2c_ZN_homo_d2.60_cluster2,22.6857,Cx2Cx18Cx3C-LLLH,48.10,0.9882,0.6059,0.1600,0.2250,18.930,/Users/stetef/Documents/SLAC/pdb-scraper/data/large-cys-his-datasets/4cys-large/output/xyz_files/7o2c_ZN_homo_d2.60_cluster2.xyz,99.67,21.817,,-173.93,18.253,,91.95,18.547,,174.70,18.653,
7ofs_ZN_homo_d2.60_cluster1,5,#c49c94,1,7ofs_ZN_homo_d2.60_cluster1,20.6183,Cx2Cx31Cx1C-SLLL,-7.02,0.9880,0.3464,0.1860,0.2140,83.150,/Users/stetef/Documents/SLAC/pdb-scraper/data/large-cys-his-datasets/4cys-large/output/xyz_files/7ofs_ZN_homo_d2.60_cluster1.xyz,147.38,97.800,,102.27,107.237,,-174.51,91.430,,-103.20,103.723,
7oft_ZN_homo_d2.60_cluster1,5,#c49c94,1,7oft_ZN_homo_d2.60_cluster1,20.0008,Cx2Cx31Cx1C-SLLL,83.72,0.9843,0.3756,0.1820,0.2120,75.490,/Users/stetef/Documents/SLAC/pdb-scraper/data/large-cys-his-datasets/4cys-large/output/xyz_files/7oft_ZN_homo_d2.60_cluster1.xyz,152.61,76.857,,111.10,79.547,,175.39,75.960,,-104.24,83.227,
7orr_ZN_homo_d2.60_cluster2,0,#1f77b4,1,7orr_ZN_homo_d2.60_cluster2,31.3701,Cx2Cx7Cx1C-LLLL,20.43,0.9949,0.7552,0.1720,0.1840,67.840,/Users/stetef/Documents/SLAC/pdb-scraper/data/large-cys-his-datasets/4cys-large/output/xyz_files/7orr_ZN_homo_d2.60_cluster2.xyz,177.43,59.413,,-81.25,69.060,,95.75,64.743,,-110.21,83.520,
7oru_ZN_homo_d2.60_cluster2,3,#d62728,1,7oru_ZN_homo_d2.60_cluster2,31.6059,Cx2Cx7Cx1C-LLLL,22.22,0.9817,0.7789,0.1610,0.1720,49.580,/Users/stetef/Documents/SLAC/pdb-scraper/data/large-cys-his-datasets/4cys-large/output/xyz_files/7oru_ZN_homo_d2.60_cluster2.xyz,174.43,45.360,,-78.52,51.907,,99.26,45.107,,-106.30,64.777,
7orv_ZN_homo_d2.60_cluster2,2,#2ca02c,1,7orv_ZN_homo_d2.60_cluster2,33.1714,Cx2Cx7Cx1C-LLLL,14.85,0.9676,0.7597,0.1720,0.2020,81.060,/Users/stetef/Documents/SLAC/pdb-scraper/data/large-cys-his-datasets/4cys-large/output/xyz_files/7orv_ZN_homo_d2.60_cluster2.xyz,174.13,71.323,,-84.41,75.540,,85.29,71.550,,-115.62,91.570,
7orw_ZN_homo_d2.60_cluster2,2,#2ca02c,1,7orw_ZN_homo_d2.60_cluster2,31.6226,Cx2Cx7Cx1C-LLLL,17.78,0.9912,0.7610,0.1760,0.2090,71.440,/Users/stetef/Documents/SLAC/pdb-scraper/data/large-cys-his-datasets/4cys-large/output/xyz_files/7orw_ZN_homo_d2.60_cluster2.xyz,-78.99,68.830,,172.28,64.737,,89.29,66.567,,-111.45,84.033,
7oxd_ZN_homo_d2.60_cluster1,8,#dbdb8d,1,7oxd_ZN_homo_d2.60_cluster1,5.7878,Cx2Cx14Cx2C-LLLL,132.92,0.9902,0.4824,0.1890,0.1950,16.550,/Users/stetef/Documents/SLAC/pdb-scraper/data/large-cys-his-datasets/4cys-large/output/xyz_files/7oxd_ZN_homo_d2.60_cluster1.xyz,88.22,17.490,,178.78,16.730,,89.65,17.187,,175.06,14.787,
7p99_ZN_homo_d2.60_cluster1,2,#2ca02c,1,7p99_ZN_homo_d2.60_cluster1,4.2780,Cx2Cx32Cx2C-LLLL,133.37,0.9926,0.4795,0.1760,0.1970,24.220,/Users/stetef/Documents/SLAC/pdb-scraper/data/large-cys-his-datasets/4cys-large/output/xyz_files/7p99_ZN_homo_d2.60_cluster1.xyz,89.81,28.690,,175.80,22.520,,92.37,25.733,,175.52,23.217,
7pjk_ZN_homo_d2.60_cluster1,0,#1f77b4,1,7pjk_ZN_homo_d2.60_cluster1,8.3163,Cx2Cx62Cx2C-SLSL,133.35,0.9893,0.4852,0.2110,0.2540,40.210,/Users/stetef/Documents/SLAC/pdb-scraper/data/large-cys-his-datasets/4cys-large/output/xyz_files/7pjk_ZN_homo_d2.60_cluster1.xyz,94.99,41.817,,162.71,37.623,,97.70,42.007,,178.01,39.877,
7pjk_ZN_homo_d2.60_cluster2,5,#c49c94,1,7pjk_ZN_homo_d2.60_cluster2,8.7239,Cx2Cx62Cx2C-SLSL,133.23,0.9830,0.4851,0.2110,0.2540,60.370,/Users/stetef/Documents/SLAC/pdb-scraper/data/large-cys-his-datasets/4cys-large/output/xyz_files/7pjk_ZN_homo_d2.60_cluster2.xyz,176.81,54.273,,95.66,65.273,,94.64,62.473,,165.81,54.637,
7pjk_ZN_homo_d2.60_cluster3,7,#c7c7c7,1,7pjk_ZN_homo_d2.60_cluster3,9.2430,Cx2Cx62Cx2C-SLSL,130.84,0.9865,0.5011,0.2110,0.2540,60.190,/Users/stetef/Documents/SLAC/pdb-scraper/data/large-cys-his-datasets/4cys-large/output/xyz_files/7pjk_ZN_homo_d2.60_cluster3.xyz,174.21,62.500,,92.85,60.490,,95.29,60.173,,161.01,66.243,
7po9_ZN_homo_d2.60_cluster1,3,#d62728,1,7po9_ZN_homo_d2.60_cluster1,9.3303,Cx2Cx42Cx2C-LLHH,59.20,0.9748,0.4642,0.2430,0.2860,39.630,/Users/stetef/Documents/SLAC/pdb-scraper/data/large-cys-his-datasets/4cys-large/output/xyz_files/7po9_ZN_homo_d2.60_cluster1.xyz,175.80,35.557,,94.23,36.013,,-121.43,39.113,,88.20,46.880,
7po9_ZN_homo_d2.60_cluster2,8,#dbdb8d,1,7po9_ZN_homo_d2.60_cluster2,10.6644,Cx2Cx42Cx2C-LLHH,54.41,0.9381,0.4853,0.2430,0.2860,67.500,/Users/stetef/Documents/SLAC/pdb-scraper/data/large-cys-his-datasets/4cys-large/output/xyz_files/7po9_ZN_homo_d2.60_cluster2.xyz,87.42,65.543,,81.59,63.910,,173.08,75.720,,-124.45,65.933,
7pok_ZN_homo_d2.60_cluster1,3,#d62728,1,7pok_ZN_homo_d2.60_cluster1,18.0564,Cx2Cx44Cx2C-LLSH,58.34,0.9925,0.5090,0.1910,0.2220,30.810,/Users/stetef/Documents/SLAC/pdb-scraper/data/large-cys-his-datasets/4cys-large/output/xyz_files/7pok_ZN_homo_d2.60_cluster1.xyz,88.91,31.943,,174.01,29.563,,-123.58,30.033,,94.03,29.273,
7pok_ZN_homo_d2.60_cluster2,0,#1f77b4,1,7pok_ZN_homo_d2.60_cluster2,18.0359,Cx2Cx44Cx2C-LLSH,60.64,0.9931,0.5082,0.1910,0.2220,47.420,/Users/stetef/Documents/SLAC/pdb-scraper/data/large-cys-his-datasets/4cys-large/output/xyz_files/7pok_ZN_homo_d2.60_cluster2.xyz,94.20,49.900,,-122.24,46.117,,175.00,50.077,,95.60,52.040,
7pok_ZN_homo_d2.60_cluster3,0,#1f77b4,1,7pok_ZN_homo_d2.60_cluster3,17.9432,Cx2Cx44Cx2C-LLSH,61.37,0.9880,0.5027,0.1910,0.2220,40.820,/Users/stetef/Documents/SLAC/pdb-scraper/data/large-cys-his-datasets/4cys-large/output/xyz_files/7pok_ZN_homo_d2.60_cluster3.xyz,173.99,41.203,,-119.18,43.373,,97.20,42.213,,93.47,46.873,
7pok_ZN_homo_d2.60_cluster4,3,#d62728,1,7pok_ZN_homo_d2.60_cluster4,17.9981,Cx2Cx44Cx2C-LLSH,59.18,0.9872,0.5030,0.1910,0.2220,37.910,/Users/stetef/Documents/SLAC/pdb-scraper/data/large-cys-his-datasets/4cys-large/output/xyz_files/7pok_ZN_homo_d2.60_cluster4.xyz,176.26,38.917,,91.77,38.243,,93.80,41.623,,-125.10,34.737,
7ps9_ZN_homo_d2.60_cluster1,8,#dbdb8d,1,7ps9_ZN_homo_d2.60_cluster1,8.0099,Cx2Cx62Cx2C-SLSL,132.71,0.9866,0.4878,0.1960,0.2460,25.150,/Users/stetef/Documents/SLAC/pdb-scraper/data/large-cys-his-datasets/4cys-large/output/xyz_files/7ps9_ZN_homo_d2.60_cluster1.xyz,165.72,25.040,,89.72,25.533,,99.93,27.080,,175.47,23.763,
7ps9_ZN_homo_d2.60_cluster2,2,#2ca02c,1,7ps9_ZN_homo_d2.60_cluster2,7.5253,Cx2Cx62Cx2C-SLSL,133.92,0.9827,0.4813,0.1960,0.2460,31.600,/Users/stetef/Documents/SLAC/pdb-scraper/data/large-cys-his-datasets/4cys-large/output/xyz_files/7ps9_ZN_homo_d2.60_cluster2.xyz,92.55,33.367,,173.13,28.400,,97.38,35.660,,172.63,27.633,
7ps9_ZN_homo_d2.60_cluster3,8,#dbdb8d,1,7ps9_ZN_homo_d2.60_cluster3,7.7105,Cx2Cx62Cx2C-SLSL,132.59,0.9909,0.4902,0.1960,0.2460,35.090,/Users/stetef/Documents/SLAC/pdb-scraper/data/large-cys-his-datasets/4cys-large/output/xyz_files/7ps9_ZN_homo_d2.60_cluster3.xyz,90.21,37.583,,170.97,39.793,,94.71,39.920,,174.47,34.737,
7pso_ZN_homo_d2.60_cluster1,5,#c49c94,1,7pso_ZN_homo_d2.60_cluster1,6.8964,Cx2Cx62Cx2C-SLSL,133.65,0.9868,0.4814,0.1860,0.2170,19.230,/Users/stetef/Documents/SLAC/pdb-scraper/data/large-cys-his-datasets/4cys-large/output/xyz_files/7pso_ZN_homo_d2.60_cluster1.xyz,94.40,20.570,,165.72,17.690,,94.58,19.897,,179.91,18.763,
7pso_ZN_homo_d2.60_cluster2,2,#2ca02c,1,7pso_ZN_homo_d2.60_cluster2,6.9382,Cx2Cx62Cx2C-SLSL,132.45,0.9894,0.4781,0.1860,0.2170,23.580,/Users/stetef/Documents/SLAC/pdb-scraper/data/large-cys-his-datasets/4cys-large/output/xyz_files/7pso_ZN_homo_d2.60_cluster2.xyz,175.42,22.070,,92.49,25.613,,91.65,25.713,,170.22,22.270,
7pso_ZN_homo_d2.60_cluster3,8,#dbdb8d,1,7pso_ZN_homo_d2.60_cluster3,6.7853,Cx2Cx62Cx2C-SLSL,132.88,0.9902,0.4789,0.1860,0.2170,23.040,/Users/stetef/Documents/SLAC/pdb-scraper/data/large-cys-his-datasets/4cys-large/output/xyz_files/7pso_ZN_homo_d2.60_cluster3.xyz,89.50,23.757,,94.40,25.313,,171.06,23.113,,176.55,21.747,
7pxp_ZN_homo_d2.60_cluster1,0,#1f77b4,1,7pxp_ZN_homo_d2.60_cluster1,8.5270,Cx2Cx9Cx2C-SLLL,130.33,0.9760,0.4829,0.2120,0.2330,56.570,/Users/stetef/Documents/SLAC/pdb-scraper/data/large-cys-his-datasets/4cys-large/output/xyz_files/7pxp_ZN_homo_d2.60_cluster1.xyz,173.18,44.997,,91.87,54.097,,170.74,48.720,,85.51,53.533,
7pxp_ZN_homo_d2.60_cluster2,7,#c7c7c7,1,7pxp_ZN_homo_d2.60_cluster2,8.7049,Cx2Cx9Cx2C-SLLL,130.51,0.9748,0.4814,0.2120,0.2330,31.880,/Users/stetef/Documents/SLAC/pdb-scraper/data/large-cys-his-datasets/4cys-large/output/xyz_files/7pxp_ZN_homo_d2.60_cluster2.xyz,171.21,32.600,,171.18,31.943,,93.87,31.627,,85.76,28.640,
7pxp_ZN_homo_d2.60_cluster3,5,#c49c94,1,7pxp_ZN_homo_d2.60_cluster3,7.8347,Cx2Cx9Cx2C-SLLL,132.03,0.9780,0.4765,0.2120,0.2330,36.070,/Users/stetef/Documents/SLAC/pdb-scraper/data/large-cys-his-datasets/4cys-large/output/xyz_files/7pxp_ZN_homo_d2.60_cluster3.xyz,94.70,32.057,,88.99,32.403,,173.36,32.627,,171.06,33.727,
7pxp_ZN_homo_d2.60_cluster4,5,#c49c94,1,7pxp_ZN_homo_d2.60_cluster4,8.5669,Cx2Cx9Cx2C-SLLL,130.39,0.9624,0.4742,0.2120,0.2330,49.110,/Users/stetef/Documents/SLAC/pdb-scraper/data/large-cys-his-datasets/4cys-large/output/xyz_files/7pxp_ZN_homo_d2.60_cluster4.xyz,96.06,51.087,,85.93,42.887,,169.30,39.343,,170.27,44.830,
7pyt_ZN_homo_d2.60_cluster1,3,#d62728,1,7pyt_ZN_homo_d2.60_cluster1,9.3432,Cx2Cx9Cx2C-SLLL,135.01,0.9719,0.4817,0.1600,0.1810,36.860,/Users/stetef/Documents/SLAC/pdb-scraper/data/large-cys-his-datasets/4cys-large/output/xyz_files/7pyt_ZN_homo_d2.60_cluster1.xyz,91.70,37.623,,97.66,38.263,,175.86,37.150,,174.83,32.807,
7pyt_ZN_homo_d2.60_cluster2,5,#c49c94,1,7pyt_ZN_homo_d2.60_cluster2,8.9903,Cx2Cx9Cx2C-SLLL,133.55,0.9794,0.4666,0.1600,0.1810,31.010,/Users/stetef/Documents/SLAC/pdb-scraper/data/large-cys-his-datasets/4cys-large/output/xyz_files/7pyt_ZN_homo_d2.60_cluster2.xyz,94.92,33.820,,91.16,32.107,,173.78,32.077,,174.36,29.200,
7qcg_ZN_homo_d2.60_cluster1,5,#c49c94,1,7qcg_ZN_homo_d2.60_cluster1,22.8010,Cx2Cx31Cx1C-SLLL,85.68,0.9624,0.4337,0.1900,0.1980,75.360,/Users/stetef/Documents/SLAC/pdb-scraper/data/large-cys-his-datasets/4cys-large/output/xyz_files/7qcg_ZN_homo_d2.60_cluster1.xyz,176.77,88.197,,-94.48,106.317,,156.31,76.987,,104.12,96.263,
7qch_ZN_homo_d2.60_cluster1,5,#c49c94,1,7qch_ZN_homo_d2.60_cluster1,23.5148,Cx2Cx31Cx1C-SLLL,87.98,0.7154,0.4023,0.2100,0.2350,127.980,/Users/stetef/Documents/SLAC/pdb-scraper/data/large-cys-his-datasets/4cys-large/output/xyz_files/7qch_ZN_homo_d2.60_cluster1.xyz,130.39,132.927,,159.44,109.473,,-92.30,140.237,,154.40,114.943,
7qci_ZN_homo_d2.60_cluster1,2,#2ca02c,1,7qci_ZN_homo_d2.60_cluster1,23.5073,Cx2Cx31Cx1C-SLLL,84.34,0.9802,0.4358,0.1930,0.2150,84.470,/Users/stetef/Documents/SLAC/pdb-scraper/data/large-cys-his-datasets/4cys-large/output/xyz_files/7qci_ZN_homo_d2.60_cluster1.xyz,-92.44,115.730,,173.21,94.773,,104.56,104.067,,152.04,91.673,
7qcj_ZN_homo_d2.60_cluster1,5,#c49c94,1,7qcj_ZN_homo_d2.60_cluster1,23.3318,Cx2Cx31Cx1C-SLLL,81.00,0.9846,0.4118,0.1770,0.1980,74.200,/Users/stetef/Documents/SLAC/pdb-scraper/data/large-cys-his-datasets/4cys-large/output/xyz_files/7qcj_ZN_homo_d2.60_cluster1.xyz,-101.49,108.430,,175.23,82.577,,154.37,77.383,,95.91,101.163,
7qck_ZN_homo_d2.60_cluster1,1,#ff7f0e,1,7qck_ZN_homo_d2.60_cluster1,25.3433,Cx2Cx31Cx1C-SLLL,81.95,0.9541,0.4285,0.2030,0.2240,98.240,/Users/stetef/Documents/SLAC/pdb-scraper/data/large-cys-his-datasets/4cys-large/output/xyz_files/7qck_ZN_homo_d2.60_cluster1.xyz,-92.20,101.987,,167.05,84.987,,151.06,96.053,,101.87,90.647,
7qcm_ZN_homo_d2.60_cluster1,1,#ff7f0e,1,7qcm_ZN_homo_d2.60_cluster1,24.5396,Cx2Cx31Cx1C-SLLL,79.28,0.9725,0.4134,0.1830,0.2070,85.020,/Users/stetef/Documents/SLAC/pdb-scraper/data/large-cys-his-datasets/4cys-large/output/xyz_files/7qcm_ZN_homo_d2.60_cluster1.xyz,91.82,93.860,,139.60,86.137,,-90.80,110.750,,176.52,79.813,
7qlb_ZN_homo_d2.60_cluster1,1,#ff7f0e,1,7qlb_ZN_homo_d2.60_cluster1,34.7286,Cx52Cx1Cx2C-LLHH,1.76,0.9864,0.7003,0.1520,0.1830,20.130,/Users/stetef/Documents/SLAC/pdb-scraper/data/large-cys-his-datasets/4cys-large/output/xyz_files/7qlb_ZN_homo_d2.60_cluster1.xyz,-119.75,17.767,,138.83,21.073,,94.10,25.027,,-106.14,18.320,
7qlb_ZN_homo_d2.60_cluster2,3,#d62728,1,7qlb_ZN_homo_d2.60_cluster2,23.5220,Cx2Cx18Cx3C-LLLH,46.37,0.9882,0.6095,0.1520,0.1830,22.680,/Users/stetef/Documents/SLAC/pdb-scraper/data/large-cys-his-datasets/4cys-large/output/xyz_files/7qlb_ZN_homo_d2.60_cluster2.xyz,-177.94,23.317,,92.55,22.243,,97.35,26.860,,173.50,23.680,
7qnr_ZN_homo_d2.60_cluster1,3,#d62728,1,7qnr_ZN_homo_d2.60_cluster1,33.7122,Cx52Cx1Cx2C-LLHH,1.93,0.9851,0.7206,0.2040,0.2350,22.570,/Users/stetef/Documents/SLAC/pdb-scraper/data/large-cys-his-datasets/4cys-large/output/xyz_files/7qnr_ZN_homo_d2.60_cluster1.xyz,138.75,24.393,,90.05,27.657,,-105.80,22.673,,-115.30,21.273,
7qnr_ZN_homo_d2.60_cluster2,5,#c49c94,1,7qnr_ZN_homo_d2.60_cluster2,23.0972,Cx2Cx18Cx3C-LLLH,46.82,0.9832,0.6167,0.2040,0.2350,22.100,/Users/stetef/Documents/SLAC/pdb-scraper/data/large-cys-his-datasets/4cys-large/output/xyz_files/7qnr_ZN_homo_d2.60_cluster2.xyz,-178.04,29.133,,95.16,24.390,,171.14,23.990,,99.04,27.723,
7qnu_ZN_homo_d2.60_cluster1,3,#d62728,1,7qnu_ZN_homo_d2.60_cluster1,33.4696,Cx52Cx1Cx2C-LLHH,2.09,0.9814,0.7367,0.1870,0.2300,16.340,/Users/stetef/Documents/SLAC/pdb-scraper/data/large-cys-his-datasets/4cys-large/output/xyz_files/7qnu_ZN_homo_d2.60_cluster1.xyz,89.44,20.410,,-113.29,17.480,,137.22,16.703,,-104.99,13.673,
7qnu_ZN_homo_d2.60_cluster2,3,#d62728,1,7qnu_ZN_homo_d2.60_cluster2,23.5295,Cx2Cx18Cx3C-LLLH,44.92,0.9805,0.6186,0.1870,0.2300,16.790,/Users/stetef/Documents/SLAC/pdb-scraper/data/large-cys-his-datasets/4cys-large/output/xyz_files/7qnu_ZN_homo_d2.60_cluster2.xyz,-179.80,18.797,,96.05,21.693,,169.26,18.333,,94.16,18.793,
7qul_ZN_homo_d2.60_cluster1,0,#1f77b4,1,7qul_ZN_homo_d2.60_cluster1,30.6324,Cx2Cx2Cx7C-LHHL,-13.91,0.9782,0.8373,0.2150,0.2740,16.590,/Users/stetef/Documents/SLAC/pdb-scraper/data/large-cys-his-datasets/4cys-large/output/xyz_files/7qul_ZN_homo_d2.60_cluster1.xyz,87.21,24.457,,70.76,22.773,,-105.86,25.540,,-107.74,18.443,
7r2g_ZN_homo_d2.60_cluster1,2,#2ca02c,1,7r2g_ZN_homo_d2.60_cluster1,14.0278,Cx1GCx357Cx2C-LLLSL,91.52,0.9911,0.5033,0.2060,0.2380,101.970,/Users/stetef/Documents/SLAC/pdb-scraper/data/large-cys-his-datasets/4cys-large/output/xyz_files/7r2g_ZN_homo_d2.60_cluster1.xyz,179.67,101.057,,-98.06,108.490,,177.15,97.790,,107.32,120.507,
7r2g_ZN_homo_d2.60_cluster2,0,#1f77b4,1,7r2g_ZN_homo_d2.60_cluster2,12.3465,Cx2Cx357Cx2C-LLSL,-0.55,0.9894,0.4899,0.2060,0.2380,71.870,/Users/stetef/Documents/SLAC/pdb-scraper/data/large-cys-his-datasets/4cys-large/output/xyz_files/7r2g_ZN_homo_d2.60_cluster2.xyz,-90.31,88.533,,-178.52,81.463,,90.23,90.163,,176.39,79.297,
7rbr_ZN_homo_d2.60_cluster1,3,#d62728,1,7rbr_ZN_homo_d2.60_cluster1,19.1718,Cx2Cx31Cx1C-SLLL,85.67,0.9867,0.4349,0.1890,0.2280,58.170,/Users/stetef/Documents/SLAC/pdb-scraper/data/large-cys-his-datasets/4cys-large/output/xyz_files/7rbr_ZN_homo_d2.60_cluster1.xyz,179.85,45.650,,-107.03,56.557,,152.02,55.303,,117.84,66.723,
7rm6_ZN_homo_d2.60_cluster2,6,#f7b6d2,1,7rm6_ZN_homo_d2.60_cluster2,28.6745,Cx2Cx2Cx7C-LHHL,-3.68,0.9807,0.8037,0.1910,0.2080,22.730,/Users/stetef/Documents/SLAC/pdb-scraper/data/large-cys-his-datasets/4cys-large/output/xyz_files/7rm6_ZN_homo_d2.60_cluster2.xyz,-64.41,20.443,,90.21,25.350,,-109.87,25.307,,69.35,24.193,
7rm6_ZN_homo_d2.60_cluster4,0,#1f77b4,1,7rm6_ZN_homo_d2.60_cluster4,28.7381,Cx2Cx2Cx7C-LHHL,-7.25,0.9821,0.7926,0.1910,0.2080,25.060,/Users/stetef/Documents/SLAC/pdb-scraper/data/large-cys-his-datasets/4cys-large/output/xyz_files/7rm6_ZN_homo_d2.60_cluster4.xyz,-108.62,24.063,,-75.28,23.273,,65.23,26.667,,89.68,27.410,
7s3x_ZN_homo_d2.60_cluster1,7,#c7c7c7,1,7s3x_ZN_homo_d2.60_cluster1,20.7977,Cx4C-Cx4C-LL-LL,38.56,0.9852,0.3144,0.2010,0.2440,41.770,/Users/stetef/Documents/SLAC/pdb-scraper/data/large-cys-his-datasets/4cys-large/output/xyz_files/7s3x_ZN_homo_d2.60_cluster1.xyz,147.74,46.773,,-68.75,44.067,,-73.82,42.640,,149.07,49.990,
7s3z_ZN_homo_d2.60_cluster1,1,#ff7f0e,1,7s3z_ZN_homo_d2.60_cluster1,20.6132,Cx4C-Cx4C-LL-LL,43.34,0.9708,0.3269,0.1980,0.2350,41.070,/Users/stetef/Documents/SLAC/pdb-scraper/data/large-cys-his-datasets/4cys-large/output/xyz_files/7s3z_ZN_homo_d2.60_cluster1.xyz,-65.08,45.490,,156.31,45.770,,-71.88,47.267,,154.02,44.050,
7s40_ZN_homo_d2.60_cluster1,7,#c7c7c7,1,7s40_ZN_homo_d2.60_cluster1,20.6896,Cx4C-Cx4C-LL-LL,42.86,0.9641,0.3369,0.1940,0.2290,44.680,/Users/stetef/Documents/SLAC/pdb-scraper/data/large-cys-his-datasets/4cys-large/output/xyz_files/7s40_ZN_homo_d2.60_cluster1.xyz,152.82,52.653,,-67.77,50.683,,152.00,56.427,,-65.63,46.927,
7sgu_ZN_homo_d2.60_cluster1,8,#dbdb8d,1,7sgu_ZN_homo_d2.60_cluster1,13.3375,Cx2Cx31Cx1C-SLLL,-5.29,0.9880,0.4169,0.1680,0.1880,54.410,/Users/stetef/Documents/SLAC/pdb-scraper/data/large-cys-his-datasets/4cys-large/output/xyz_files/7sgu_ZN_homo_d2.60_cluster1.xyz,-103.48,67.983,,153.11,53.073,,108.71,53.363,,-179.52,54.520,
7sgw_ZN_homo_d2.60_cluster1,6,#f7b6d2,1,7sgw_ZN_homo_d2.60_cluster1,20.2871,Cx2Cx31Cx1C-LLLL,86.41,0.9661,0.3465,0.1780,0.2070,82.160,/Users/stetef/Documents/SLAC/pdb-scraper/data/large-cys-his-datasets/4cys-large/output/xyz_files/7sgw_ZN_homo_d2.60_cluster1.xyz,-103.98,94.827,,153.21,80.193,,176.93,79.583,,119.49,88.177,
7shh_ZN_homo_d2.60_cluster1,2,#2ca02c,1,7shh_ZN_homo_d2.60_cluster1,6.3037,Cx2Cx62Cx2C-SLSL,132.58,0.9893,0.4775,0.1930,0.2160,29.810,/Users/stetef/Documents/SLAC/pdb-scraper/data/large-cys-his-datasets/4cys-large/output/xyz_files/7shh_ZN_homo_d2.60_cluster1.xyz,165.97,28.403,,93.88,31.440,,94.53,32.363,,175.94,26.380,
7shh_ZN_homo_d2.60_cluster2,2,#2ca02c,1,7shh_ZN_homo_d2.60_cluster2,6.1309,Cx2Cx62Cx2C-SLSL,132.68,0.9854,0.4732,0.1930,0.2160,36.570,/Users/stetef/Documents/SLAC/pdb-scraper/data/large-cys-his-datasets/4cys-large/output/xyz_files/7shh_ZN_homo_d2.60_cluster2.xyz,94.04,41.003,,92.87,39.150,,174.57,34.663,,169.25,31.327,
7shh_ZN_homo_d2.60_cluster3,3,#d62728,1,7shh_ZN_homo_d2.60_cluster3,6.5557,Cx2Cx62Cx2C-SLSL,130.36,0.9829,0.4820,0.1930,0.2160,40.590,/Users/stetef/Documents/SLAC/pdb-scraper/data/large-cys-his-datasets/4cys-large/output/xyz_files/7shh_ZN_homo_d2.60_cluster3.xyz,90.08,46.447,,169.13,59.087,,89.87,48.627,,172.38,49.050,
7sqe_ZN_homo_d2.60_cluster1,2,#2ca02c,1,7sqe_ZN_homo_d2.60_cluster1,19.2277,Cx2Cx31Cx1C-SLLL,-3.71,0.9937,0.4178,0.1750,0.2050,48.550,/Users/stetef/Documents/SLAC/pdb-scraper/data/large-cys-his-datasets/4cys-large/output/xyz_files/7sqe_ZN_homo_d2.60_cluster1.xyz,153.04,48.590,,-173.60,46.773,,107.88,49.573,,-102.17,46.447,
7sqe_ZN_homo_d2.60_cluster2,5,#c49c94,1,7sqe_ZN_homo_d2.60_cluster2,20.2577,Cx2Cx31Cx1C-SLLL,0.18,0.9294,0.4488,0.1750,0.2050,110.360,/Users/stetef/Documents/SLAC/pdb-scraper/data/large-cys-his-datasets/4cys-large/output/xyz_files/7sqe_ZN_homo_d2.60_cluster2.xyz,-111.52,98.190,,154.07,100.897,,-158.64,100.887,,116.80,114.097,
7sqe_ZN_homo_d2.60_cluster3,7,#c7c7c7,1,7sqe_ZN_homo_d2.60_cluster3,17.4576,Cx2Cx31Cx1C-SLLL,30.03,0.9757,0.4533,0.1750,0.2050,86.960,/Users/stetef/Documents/SLAC/pdb-scraper/data/large-cys-his-datasets/4cys-large/output/xyz_files/7sqe_ZN_homo_d2.60_cluster3.xyz,-175.81,81.337,,157.92,80.080,,26.96,95.547,,111.06,81.690,
7t1d_ZN_homo_d2.60_cluster1,5,#c49c94,1,7t1d_ZN_homo_d2.60_cluster1,17.3344,Cx4Cx20Cx2C-SLLL,66.31,0.9654,0.5089,0.1630,0.2130,29.370,/Users/stetef/Documents/SLAC/pdb-scraper/data/large-cys-his-datasets/4cys-large/output/xyz_files/7t1d_ZN_homo_d2.60_cluster1.xyz,-161.65,27.067,,95.15,33.323,,179.25,28.713,,152.49,30.850,
7t1d_ZN_homo_d2.60_cluster2,8,#dbdb8d,1,7t1d_ZN_homo_d2.60_cluster2,17.5891,Cx4Cx20Cx2C-SLLL,64.15,0.9707,0.5195,0.1630,0.2130,14.730,/Users/stetef/Documents/SLAC/pdb-scraper/data/large-cys-his-datasets/4cys-large/output/xyz_files/7t1d_ZN_homo_d2.60_cluster2.xyz,152.66,16.680,,88.93,16.047,,-161.33,14.073,,176.35,14.227,
7t9x_ZN_homo_d2.60_cluster1_altlocZnL,7,#c7c7c7,1,7t9x_ZN_homo_d2.60_cluster1_altlocZnL,18.0115,Cx2Cx16Cx2C-LLSH,1.04,0.9972,0.5310,0.1870,0.1970,13.360,/Users/stetef/Documents/SLAC/pdb-scraper/data/large-cys-his-datasets/4cys-large/output/xyz_files/7t9x_ZN_homo_d2.60_cluster1_altlocZnL.xyz,97.46,13.917,,-164.13,12.137,,174.78,12.893,,-103.94,11.943,
7t9x_ZN_homo_d2.60_cluster2_altlocZnL,0,#1f77b4,1,7t9x_ZN_homo_d2.60_cluster2_altlocZnL,17.5564,Cx2Cx16Cx2C-LLSH,0.35,0.9912,0.5247,0.1870,0.1970,13.810,/Users/stetef/Documents/SLAC/pdb-scraper/data/large-cys-his-datasets/4cys-large/output/xyz_files/7t9x_ZN_homo_d2.60_cluster2_altlocZnL.xyz,-162.81,10.820,,97.36,14.393,,-108.24,10.897,,175.07,12.167,
7thu_ZN_homo_d2.60_cluster1,3,#d62728,1,7thu_ZN_homo_d2.60_cluster1,2.3055,Cx1Cx19Cx2C-SLLL,113.64,0.9940,0.4748,0.1840,0.2130,38.180,/Users/stetef/Documents/SLAC/pdb-scraper/data/large-cys-his-datasets/4cys-large/output/xyz_files/7thu_ZN_homo_d2.60_cluster1.xyz,174.79,38.597,,126.78,35.590,,93.17,37.643,,59.83,39.970,
7thu_ZN_homo_d2.60_cluster2,2,#2ca02c,1,7thu_ZN_homo_d2.60_cluster2,3.2648,Cx1Cx19Cx2C-SLLL,115.65,0.9919,0.4748,0.1840,0.2130,42.650,/Users/stetef/Documents/SLAC/pdb-scraper/data/large-cys-his-datasets/4cys-large/output/xyz_files/7thu_ZN_homo_d2.60_cluster2.xyz,91.22,42.503,,178.60,40.747,,60.84,42.870,,131.96,39.563,
7tie_ZN_homo_d2.60_cluster1,2,#2ca02c,1,7tie_ZN_homo_d2.60_cluster1,1.8048,Cx1Cx19Cx2C-SLLL,112.94,0.9919,0.4780,0.1850,0.2150,34.700,/Users/stetef/Documents/SLAC/pdb-scraper/data/large-cys-his-datasets/4cys-large/output/xyz_files/7tie_ZN_homo_d2.60_cluster1.xyz,128.26,32.427,,174.66,35.713,,56.49,35.967,,92.35,34.270,
7tie_ZN_homo_d2.60_cluster2,2,#2ca02c,1,7tie_ZN_homo_d2.60_cluster2,2.5666,Cx1Cx19Cx2C-SLLL,114.41,0.9916,0.4768,0.1850,0.2150,38.520,/Users/stetef/Documents/SLAC/pdb-scraper/data/large-cys-his-datasets/4cys-large/output/xyz_files/7tie_ZN_homo_d2.60_cluster2.xyz,92.20,38.383,,56.98,38.527,,130.51,35.693,,177.94,35.337,
7ts2_ZN_homo_d2.60_cluster1,1,#ff7f0e,1,7ts2_ZN_homo_d2.60_cluster1,20.0916,Cx4C-Cx4C-LL-LL,42.08,0.9750,0.3237,0.1840,0.2300,29.140,/Users/stetef/Documents/SLAC/pdb-scraper/data/large-cys-his-datasets/4cys-large/output/xyz_files/7ts2_ZN_homo_d2.60_cluster1.xyz,-70.00,26.750,,152.02,27.580,,155.84,28.500,,-69.56,26.977,
7ts2_ZN_homo_d2.60_cluster2,5,#c49c94,1,7ts2_ZN_homo_d2.60_cluster2,19.9128,Cx4C-Cx4C-LL-LL,42.91,0.9761,0.3148,0.1840,0.2300,28.690,/Users/stetef/Documents/SLAC/pdb-scraper/data/large-cys-his-datasets/4cys-large/output/xyz_files/7ts2_ZN_homo_d2.60_cluster2.xyz,153.58,29.607,,-65.23,27.803,,152.74,29.683,,-69.45,27.697,
7ts4_ZN_homo_d2.60_cluster1,2,#2ca02c,1,7ts4_ZN_homo_d2.60_cluster1,20.1458,Cx4C-Cx4C-LL-LL,43.07,0.9771,0.3258,0.1800,0.2220,29.320,/Users/stetef/Documents/SLAC/pdb-scraper/data/large-cys-his-datasets/4cys-large/output/xyz_files/7ts4_ZN_homo_d2.60_cluster1.xyz,-63.36,30.547,,154.71,29.777,,149.84,29.083,,-68.92,27.667,
7ts4_ZN_homo_d2.60_cluster2,7,#c7c7c7,1,7ts4_ZN_homo_d2.60_cluster2,20.1527,Cx4C-Cx4C-LL-LL,43.01,0.9754,0.3291,0.1800,0.2220,29.310,/Users/stetef/Documents/SLAC/pdb-scraper/data/large-cys-his-datasets/4cys-large/output/xyz_files/7ts4_ZN_homo_d2.60_cluster2.xyz,-65.66,31.273,,156.73,28.897,,148.56,29.673,,-67.61,28.820,
7ts5_ZN_homo_d2.60_cluster1,5,#c49c94,1,7ts5_ZN_homo_d2.60_cluster1,19.9098,Cx4C-Cx4C-LL-LL,43.96,0.9597,0.3239,0.2150,0.2570,21.770,/Users/stetef/Documents/SLAC/pdb-scraper/data/large-cys-his-datasets/4cys-large/output/xyz_files/7ts5_ZN_homo_d2.60_cluster1.xyz,-60.03,21.873,,151.71,22.030,,151.93,26.617,,-67.79,21.600,
7ts5_ZN_homo_d2.60_cluster2,7,#c7c7c7,1,7ts5_ZN_homo_d2.60_cluster2,19.9266,Cx4C-Cx4C-LL-LL,41.76,0.9683,0.3260,0.2150,0.2570,24.800,/Users/stetef/Documents/SLAC/pdb-scraper/data/large-cys-his-datasets/4cys-large/output/xyz_files/7ts5_ZN_homo_d2.60_cluster2.xyz,152.02,27.273,,-68.12,19.443,,151.88,23.453,,-68.74,21.697,
7ts6_ZN_homo_d2.60_cluster1,0,#1f77b4,1,7ts6_ZN_homo_d2.60_cluster1,20.3644,Cx4C-Cx4C-LL-LL,43.73,0.9660,0.3369,0.1820,0.2220,35.060,/Users/stetef/Documents/SLAC/pdb-scraper/data/large-cys-his-datasets/4cys-large/output/xyz_files/7ts6_ZN_homo_d2.60_cluster1.xyz,-63.30,32.290,,149.48,33.190,,155.90,35.447,,-67.14,30.550,
7ts6_ZN_homo_d2.60_cluster2,2,#2ca02c,1,7ts6_ZN_homo_d2.60_cluster2,20.3266,Cx4C-Cx4C-LL-LL,43.48,0.9713,0.3268,0.1820,0.2220,34.320,/Users/stetef/Documents/SLAC/pdb-scraper/data/large-cys-his-datasets/4cys-large/output/xyz_files/7ts6_ZN_homo_d2.60_cluster2.xyz,-62.13,33.900,,152.84,33.847,,149.98,33.923,,-66.79,34.140,
7ts7_ZN_homo_d2.60_cluster1,3,#d62728,1,7ts7_ZN_homo_d2.60_cluster1,19.9199,Cx4C-Cx4C-LL-LL,43.10,0.9616,0.3363,0.1920,0.2380,32.700,/Users/stetef/Documents/SLAC/pdb-scraper/data/large-cys-his-datasets/4cys-large/output/xyz_files/7ts7_ZN_homo_d2.60_cluster1.xyz,-63.52,30.830,,157.28,32.253,,148.69,32.083,,-70.05,31.623,
7ts7_ZN_homo_d2.60_cluster2,7,#c7c7c7,1,7ts7_ZN_homo_d2.60_cluster2,19.7876,Cx4C-Cx4C-LL-LL,41.78,0.9783,0.3161,0.1920,0.2380,33.990,/Users/stetef/Documents/SLAC/pdb-scraper/data/large-cys-his-datasets/4cys-large/output/xyz_files/7ts7_ZN_homo_d2.60_cluster2.xyz,157.58,34.950,,149.59,34.940,,-67.92,33.610,,-72.14,31.783,
7tsf_ZN_homo_d2.60_cluster1,1,#ff7f0e,1,7tsf_ZN_homo_d2.60_cluster1,20.5685,Cx4C-Cx4C-LL-LL,43.15,0.9644,0.3375,0.1830,0.2150,44.110,/Users/stetef/Documents/SLAC/pdb-scraper/data/large-cys-his-datasets/4cys-large/output/xyz_files/7tsf_ZN_homo_d2.60_cluster1.xyz,154.32,51.777,,-66.31,52.967,,150.15,54.050,,-65.56,49.670,
7tsg_ZN_homo_d2.60_cluster1,1,#ff7f0e,1,7tsg_ZN_homo_d2.60_cluster1,20.2006,Cx4C-Cx4C-LL-LL,43.52,0.9753,0.2992,0.2180,0.2620,42.770,/Users/stetef/Documents/SLAC/pdb-scraper/data/large-cys-his-datasets/4cys-large/output/xyz_files/7tsg_ZN_homo_d2.60_cluster1.xyz,155.63,51.540,,156.05,47.870,,-68.74,41.517,,-68.85,43.653,
7tsg_ZN_homo_d2.60_cluster2,5,#c49c94,1,7tsg_ZN_homo_d2.60_cluster2,19.5063,Cx4C-Cx4C-LL-LL,40.06,0.9826,0.2920,0.2180,0.2620,36.500,/Users/stetef/Documents/SLAC/pdb-scraper/data/large-cys-his-datasets/4cys-large/output/xyz_files/7tsg_ZN_homo_d2.60_cluster2.xyz,153.95,45.053,,-77.60,42.037,,-72.51,39.497,,156.38,40.747,
7tsl_ZN_homo_d2.60_cluster1,5,#c49c94,1,7tsl_ZN_homo_d2.60_cluster1,20.1662,Cx4C-Cx4C-LL-LL,41.63,0.9796,0.2866,0.2060,0.2540,43.540,/Users/stetef/Documents/SLAC/pdb-scraper/data/large-cys-his-datasets/4cys-large/output/xyz_files/7tsl_ZN_homo_d2.60_cluster1.xyz,155.97,48.287,,-73.73,42.970,,157.44,58.317,,-73.14,47.697,
7tsl_ZN_homo_d2.60_cluster2,7,#c7c7c7,1,7tsl_ZN_homo_d2.60_cluster2,19.8434,Cx4C-Cx4C-LL-LL,38.26,0.9792,0.2925,0.2060,0.2540,38.210,/Users/stetef/Documents/SLAC/pdb-scraper/data/large-cys-his-datasets/4cys-large/output/xyz_files/7tsl_ZN_homo_d2.60_cluster2.xyz,156.31,47.073,,-78.07,41.927,,153.09,45.237,,-78.28,42.503,
7tsm_ZN_homo_d2.60_cluster1,5,#c49c94,1,7tsm_ZN_homo_d2.60_cluster1,19.3856,Cx4C-Cx4C-LL-LL,40.54,0.9810,0.2736,0.2010,0.2370,44.380,/Users/stetef/Documents/SLAC/pdb-scraper/data/large-cys-his-datasets/4cys-large/output/xyz_files/7tsm_ZN_homo_d2.60_cluster1.xyz,-74.43,47.050,,157.38,48.993,,-79.16,42.263,,158.38,53.113,
7tsm_ZN_homo_d2.60_cluster2,7,#c7c7c7,1,7tsm_ZN_homo_d2.60_cluster2,19.3204,Cx4C-Cx4C-LL-LL,40.22,0.9859,0.2772,0.2010,0.2370,39.550,/Users/stetef/Documents/SLAC/pdb-scraper/data/large-cys-his-datasets/4cys-large/output/xyz_files/7tsm_ZN_homo_d2.60_cluster2.xyz,-72.05,43.483,,154.25,48.127,,157.87,45.167,,-79.18,45.840,
7tso_ZN_homo_d2.60_cluster1,5,#c49c94,1,7tso_ZN_homo_d2.60_cluster1,20.0589,Cx4C-Cx4C-LL-LL,43.21,0.9704,0.2996,0.2230,0.2730,46.820,/Users/stetef/Documents/SLAC/pdb-scraper/data/large-cys-his-datasets/4cys-large/output/xyz_files/7tso_ZN_homo_d2.60_cluster1.xyz,-68.67,42.910,,154.29,50.250,,161.78,51.800,,-74.56,43.293,
7tso_ZN_homo_d2.60_cluster2,5,#c49c94,1,7tso_ZN_homo_d2.60_cluster2,20.3727,Cx4C-Cx4C-LL-LL,40.92,0.9812,0.3005,0.2230,0.2730,34.360,/Users/stetef/Documents/SLAC/pdb-scraper/data/large-cys-his-datasets/4cys-large/output/xyz_files/7tso_ZN_homo_d2.60_cluster2.xyz,156.85,41.387,,-72.81,38.957,,-78.20,41.290,,157.84,42.900,
7tsp_ZN_homo_d2.60_cluster1,6,#f7b6d2,1,7tsp_ZN_homo_d2.60_cluster1,20.5892,Cx4C-Cx4C-LL-LL,45.63,0.9339,0.3345,0.2180,0.2670,56.550,/Users/stetef/Documents/SLAC/pdb-scraper/data/large-cys-his-datasets/4cys-large/output/xyz_files/7tsp_ZN_homo_d2.60_cluster1.xyz,-68.71,47.277,,160.61,53.117,,164.01,54.180,,-73.39,45.860,
7tsp_ZN_homo_d2.60_cluster2,1,#ff7f0e,1,7tsp_ZN_homo_d2.60_cluster2,20.6632,Cx4C-Cx4C-LL-LL,43.38,0.9838,0.2915,0.2180,0.2670,43.420,/Users/stetef/Documents/SLAC/pdb-scraper/data/large-cys-his-datasets/4cys-large/output/xyz_files/7tsp_ZN_homo_d2.60_cluster2.xyz,158.86,47.340,,-75.75,48.540,,-69.98,48.007,,160.38,49.633,
7ua6_ZN_homo_d2.60_cluster2,7,#c7c7c7,1,7ua6_ZN_homo_d2.60_cluster2,28.7105,Cx2Cx2Cx7C-LHHL,-4.85,0.9791,0.8092,0.1220,0.1400,10.110,/Users/stetef/Documents/SLAC/pdb-scraper/data/large-cys-his-datasets/4cys-large/output/xyz_files/7ua6_ZN_homo_d2.60_cluster2.xyz,93.91,11.497,,-68.31,9.450,,-110.66,9.677,,65.67,11.520,
7ua6_ZN_homo_d2.60_cluster4,7,#c7c7c7,1,7ua6_ZN_homo_d2.60_cluster4,28.7631,Cx2Cx2Cx7C-LHHL,-4.05,0.9792,0.8074,0.1220,0.1400,13.110,/Users/stetef/Documents/SLAC/pdb-scraper/data/large-cys-his-datasets/4cys-large/output/xyz_files/7ua6_ZN_homo_d2.60_cluster4.xyz,-67.47,12.457,,94.58,15.373,,-109.99,12.030,,66.67,15.453,
7uam_ZN_homo_d2.60_cluster1,5,#c49c94,1,7uam_ZN_homo_d2.60_cluster1,20.5466,Cx4C-Cx4C-LL-LL,44.13,0.9689,0.3299,0.1720,0.2070,24.930,/Users/stetef/Documents/SLAC/pdb-scraper/data/large-cys-his-datasets/4cys-large/output/xyz_files/7uam_ZN_homo_d2.60_cluster1.xyz,-60.69,25.630,,154.78,25.770,,-67.80,23.770,,150.21,24.990,
7uam_ZN_homo_d2.60_cluster2,7,#c7c7c7,1,7uam_ZN_homo_d2.60_cluster2,19.9479,Cx4C-Cx4C-LL-LL,42.60,0.9652,0.3187,0.1720,0.2070,24.650,/Users/stetef/Documents/SLAC/pdb-scraper/data/large-cys-his-datasets/4cys-large/output/xyz_files/7uam_ZN_homo_d2.60_cluster2.xyz,-63.52,26.050,,149.07,26.810,,154.52,26.543,,-69.68,24.547,
7uao_ZN_homo_d2.60_cluster1,7,#c7c7c7,1,7uao_ZN_homo_d2.60_cluster1,20.0031,Cx4C-Cx4C-LL-LS,41.05,0.9895,0.2789,0.2030,0.2460,44.010,/Users/stetef/Documents/SLAC/pdb-scraper/data/large-cys-his-datasets/4cys-large/output/xyz_files/7uao_ZN_homo_d2.60_cluster1.xyz,-75.10,43.503,,-73.18,37.427,,156.72,49.117,,155.78,44.507,
7uao_ZN_homo_d2.60_cluster2,5,#c49c94,1,7uao_ZN_homo_d2.60_cluster2,18.9716,Cx4C-Cx4C-LL-LL,38.75,0.9812,0.2655,0.2030,0.2460,36.080,/Users/stetef/Documents/SLAC/pdb-scraper/data/large-cys-his-datasets/4cys-large/output/xyz_files/7uao_ZN_homo_d2.60_cluster2.xyz,155.70,40.767,,-78.65,36.483,,-77.67,33.250,,155.63,44.123,
7uba_ZN_homo_d2.60_cluster1,5,#c49c94,1,7uba_ZN_homo_d2.60_cluster1,8.6282,Cx2Cx19Cx2C-SLHH,62.37,0.9906,0.4619,0.1450,0.1640,12.900,/Users/stetef/Documents/SLAC/pdb-scraper/data/large-cys-his-datasets/4cys-large/output/xyz_files/7uba_ZN_homo_d2.60_cluster1.xyz,90.54,12.340,,-115.49,13.513,,176.45,12.227,,97.97,14.363,
7ubj_ZN_homo_d2.60_cluster1,3,#d62728,1,7ubj_ZN_homo_d2.60_cluster1,0.8078,Cx2Cx22Cx2C-LLLL,129.49,0.9920,0.4960,0.1780,0.2030,15.410,/Users/stetef/Documents/SLAC/pdb-scraper/data/large-cys-his-datasets/4cys-large/output/xyz_files/7ubj_ZN_homo_d2.60_cluster1.xyz,157.66,19.273,,99.78,15.513,,164.20,14.507,,96.32,18.153,
7ubj_ZN_homo_d2.60_cluster2,8,#dbdb8d,1,7ubj_ZN_homo_d2.60_cluster2,2.1269,Cx2Cx22Cx2C-LLLL,130.60,0.9902,0.4899,0.1780,0.2030,12.430,/Users/stetef/Documents/SLAC/pdb-scraper/data/large-cys-his-datasets/4cys-large/output/xyz_files/7ubj_ZN_homo_d2.60_cluster2.xyz,156.60,15.437,,97.26,12.037,,166.94,11.240,,101.62,15.563,
7ubk_ZN_homo_d2.60_cluster1,8,#dbdb8d,1,7ubk_ZN_homo_d2.60_cluster1,2.2079,Cx2Cx22Cx2C-LLLL,128.11,0.9920,0.4901,0.1890,0.2280,21.160,/Users/stetef/Documents/SLAC/pdb-scraper/data/large-cys-his-datasets/4cys-large/output/xyz_files/7ubk_ZN_homo_d2.60_cluster1.xyz,96.12,22.047,,94.32,28.660,,164.56,25.287,,157.43,35.720,
7ubk_ZN_homo_d2.60_cluster2,2,#2ca02c,1,7ubk_ZN_homo_d2.60_cluster2,1.4554,Cx2Cx22Cx2C-LLLL,129.70,0.9908,0.4903,0.1890,0.2280,25.600,/Users/stetef/Documents/SLAC/pdb-scraper/data/large-cys-his-datasets/4cys-large/output/xyz_files/7ubk_ZN_homo_d2.60_cluster2.xyz,100.85,28.493,,162.48,24.800,,94.22,27.213,,161.25,68.767,
7uc9_ZN_homo_d2.60_cluster2,7,#c7c7c7,1,7uc9_ZN_homo_d2.60_cluster2,28.7561,Cx2Cx2Cx7C-LHHL,-4.86,0.9787,0.8091,0.1260,0.1520,10.660,/Users/stetef/Documents/SLAC/pdb-scraper/data/large-cys-his-datasets/4cys-large/output/xyz_files/7uc9_ZN_homo_d2.60_cluster2.xyz,-68.71,9.940,,65.61,12.333,,-110.10,10.590,,93.77,12.473,
7uc9_ZN_homo_d2.60_cluster4,7,#c7c7c7,1,7uc9_ZN_homo_d2.60_cluster4,28.5371,Cx2Cx2Cx7C-LHHL,-4.17,0.9809,0.8066,0.1260,0.1520,13.700,/Users/stetef/Documents/SLAC/pdb-scraper/data/large-cys-his-datasets/4cys-large/output/xyz_files/7uc9_ZN_homo_d2.60_cluster4.xyz,-66.06,12.573,,93.10,15.343,,-110.09,12.737,,66.39,16.467,
7uca_ZN_homo_d2.60_cluster2,5,#c49c94,1,7uca_ZN_homo_d2.60_cluster2,28.4746,Cx2Cx2Cx7C-LHHL,-4.90,0.9784,0.8065,0.1260,0.1460,10.510,/Users/stetef/Documents/SLAC/pdb-scraper/data/large-cys-his-datasets/4cys-large/output/xyz_files/7uca_ZN_homo_d2.60_cluster2.xyz,-67.74,9.937,,66.66,11.903,,93.44,12.393,,-111.98,10.363,
7uca_ZN_homo_d2.60_cluster4,7,#c7c7c7,1,7uca_ZN_homo_d2.60_cluster4,28.5776,Cx2Cx2Cx7C-LHHL,-3.91,0.9799,0.8052,0.1260,0.1460,13.470,/Users/stetef/Documents/SLAC/pdb-scraper/data/large-cys-his-datasets/4cys-large/output/xyz_files/7uca_ZN_homo_d2.60_cluster4.xyz,-65.30,12.427,,94.22,15.290,,-110.47,12.337,,65.92,16.097,
7ucu_ZN_homo_d2.60_cluster2,7,#c7c7c7,1,7ucu_ZN_homo_d2.60_cluster2,28.5953,Cx2Cx2Cx7C-LHHL,-4.06,0.9783,0.8078,0.1240,0.1420,10.310,/Users/stetef/Documents/SLAC/pdb-scraper/data/large-cys-his-datasets/4cys-large/output/xyz_files/7ucu_ZN_homo_d2.60_cluster2.xyz,-67.06,9.640,,94.07,11.810,,67.65,11.693,,-110.91,10.240,
7ucu_ZN_homo_d2.60_cluster4,7,#c7c7c7,1,7ucu_ZN_homo_d2.60_cluster4,28.6209,Cx2Cx2Cx7C-LHHL,-3.35,0.9793,0.8059,0.1240,0.1420,13.400,/Users/stetef/Documents/SLAC/pdb-scraper/data/large-cys-his-datasets/4cys-large/output/xyz_files/7ucu_ZN_homo_d2.60_cluster4.xyz,-65.05,12.223,,94.44,15.493,,-110.40,12.373,,67.60,15.837,
7udd_ZN_homo_d2.60_cluster2,5,#c49c94,1,7udd_ZN_homo_d2.60_cluster2,28.5246,Cx2Cx2Cx7C-LHHL,-3.54,0.9788,0.8045,0.1350,0.1600,12.160,/Users/stetef/Documents/SLAC/pdb-scraper/data/large-cys-his-datasets/4cys-large/output/xyz_files/7udd_ZN_homo_d2.60_cluster2.xyz,-66.66,11.317,,67.24,13.530,,94.58,13.867,,-109.33,12.083,
7udd_ZN_homo_d2.60_cluster4,7,#c7c7c7,1,7udd_ZN_homo_d2.60_cluster4,28.6833,Cx2Cx2Cx7C-LHHL,-3.62,0.9805,0.8081,0.1350,0.1600,15.260,/Users/stetef/Documents/SLAC/pdb-scraper/data/large-cys-his-datasets/4cys-large/output/xyz_files/7udd_ZN_homo_d2.60_cluster4.xyz,-65.47,13.967,,93.94,17.397,,-109.92,14.037,,66.95,17.810,
7ude_ZN_homo_d2.60_cluster2,5,#c49c94,1,7ude_ZN_homo_d2.60_cluster2,28.7689,Cx2Cx2Cx7C-LHHL,-3.72,0.9785,0.8079,0.1340,0.1600,11.290,/Users/stetef/Documents/SLAC/pdb-scraper/data/large-cys-his-datasets/4cys-large/output/xyz_files/7ude_ZN_homo_d2.60_cluster2.xyz,-65.91,10.637,,66.13,12.723,,94.37,13.267,,-109.48,11.077,
7ude_ZN_homo_d2.60_cluster4,7,#c7c7c7,1,7ude_ZN_homo_d2.60_cluster4,28.5973,Cx2Cx2Cx7C-LHHL,-3.61,0.9803,0.8088,0.1340,0.1600,14.130,/Users/stetef/Documents/SLAC/pdb-scraper/data/large-cys-his-datasets/4cys-large/output/xyz_files/7ude_ZN_homo_d2.60_cluster4.xyz,-64.59,12.947,,66.88,16.817,,94.23,16.287,,-110.97,13.323,
7udr_ZN_homo_d2.60_cluster2,7,#c7c7c7,1,7udr_ZN_homo_d2.60_cluster2,28.7039,Cx2Cx2Cx7C-LHHL,-2.57,0.9804,0.8048,0.1240,0.1590,12.550,/Users/stetef/Documents/SLAC/pdb-scraper/data/large-cys-his-datasets/4cys-large/output/xyz_files/7udr_ZN_homo_d2.60_cluster2.xyz,69.21,13.907,,-63.45,11.500,,93.71,13.913,,-109.73,12.780,
7udr_ZN_homo_d2.60_cluster4,1,#ff7f0e,1,7udr_ZN_homo_d2.60_cluster4,28.5251,Cx2Cx2Cx7C-LHHL,-3.15,0.9782,0.8073,0.1240,0.1590,15.300,/Users/stetef/Documents/SLAC/pdb-scraper/data/large-cys-his-datasets/4cys-large/output/xyz_files/7udr_ZN_homo_d2.60_cluster4.xyz,94.55,17.080,,67.83,17.947,,-65.73,13.383,,-109.24,15.030,
7uec_ZN_homo_d2.60_cluster2,7,#c7c7c7,1,7uec_ZN_homo_d2.60_cluster2,29.0299,Cx2Cx2Cx7C-LHHL,-2.61,0.9796,0.8043,0.1250,0.1610,12.160,/Users/stetef/Documents/SLAC/pdb-scraper/data/large-cys-his-datasets/4cys-large/output/xyz_files/7uec_ZN_homo_d2.60_cluster2.xyz,68.20,13.093,,-64.15,11.420,,94.62,13.343,,-109.12,12.133,
7uec_ZN_homo_d2.60_cluster4,7,#c7c7c7,1,7uec_ZN_homo_d2.60_cluster4,28.5419,Cx2Cx2Cx7C-LHHL,-3.66,0.9781,0.8066,0.1250,0.1610,14.790,/Users/stetef/Documents/SLAC/pdb-scraper/data/large-cys-his-datasets/4cys-large/output/xyz_files/7uec_ZN_homo_d2.60_cluster4.xyz,93.65,16.717,,-64.62,13.147,,66.17,16.920,,-109.83,14.310,
7uee_ZN_homo_d2.60_cluster2,7,#c7c7c7,1,7uee_ZN_homo_d2.60_cluster2,28.5245,Cx2Cx2Cx7C-LHHL,-2.84,0.9794,0.8031,0.1230,0.1440,11.670,/Users/stetef/Documents/SLAC/pdb-scraper/data/large-cys-his-datasets/4cys-large/output/xyz_files/7uee_ZN_homo_d2.60_cluster2.xyz,-64.01,10.527,,67.29,12.677,,95.51,13.180,,-110.16,11.263,
7uee_ZN_homo_d2.60_cluster4,7,#c7c7c7,1,7uee_ZN_homo_d2.60_cluster4,28.5338,Cx2Cx2Cx7C-LHHL,-4.14,0.9797,0.8063,0.1230,0.1440,14.290,/Users/stetef/Documents/SLAC/pdb-scraper/data/large-cys-his-datasets/4cys-large/output/xyz_files/7uee_ZN_homo_d2.60_cluster4.xyz,93.82,16.667,,-66.35,13.037,,65.50,16.240,,-109.53,13.607,
7uef_ZN_homo_d2.60_cluster2,7,#c7c7c7,1,7uef_ZN_homo_d2.60_cluster2,28.6982,Cx2Cx2Cx7C-LHHL,-3.95,0.9782,0.8079,0.1240,0.1480,10.750,/Users/stetef/Documents/SLAC/pdb-scraper/data/large-cys-his-datasets/4cys-large/output/xyz_files/7uef_ZN_homo_d2.60_cluster2.xyz,-67.36,9.500,,95.58,12.143,,66.28,12.143,,-110.30,10.427,
7uef_ZN_homo_d2.60_cluster4,5,#c49c94,1,7uef_ZN_homo_d2.60_cluster4,28.6332,Cx2Cx2Cx7C-LHHL,-3.30,0.9778,0.8021,0.1240,0.1480,13.810,/Users/stetef/Documents/SLAC/pdb-scraper/data/large-cys-his-datasets/4cys-large/output/xyz_files/7uef_ZN_homo_d2.60_cluster4.xyz,66.39,16.080,,-65.32,12.403,,95.12,15.857,,-109.38,12.890,
7uei_ZN_homo_d2.60_cluster2,7,#c7c7c7,1,7uei_ZN_homo_d2.60_cluster2,28.7278,Cx2Cx2Cx7C-LHHL,-3.66,0.9788,0.8043,0.1270,0.1500,11.520,/Users/stetef/Documents/SLAC/pdb-scraper/data/large-cys-his-datasets/4cys-large/output/xyz_files/7uei_ZN_homo_d2.60_cluster2.xyz,69.26,13.060,,-65.55,10.127,,92.07,13.323,,-110.41,11.520,
7uei_ZN_homo_d2.60_cluster4,5,#c49c94,1,7uei_ZN_homo_d2.60_cluster4,28.6816,Cx2Cx2Cx7C-LHHL,-2.64,0.9770,0.8098,0.1270,0.1500,14.750,/Users/stetef/Documents/SLAC/pdb-scraper/data/large-cys-his-datasets/4cys-large/output/xyz_files/7uei_ZN_homo_d2.60_cluster4.xyz,-66.01,12.840,,69.81,16.900,,95.61,16.983,,-109.96,13.937,
7uej_ZN_homo_d2.60_cluster2,7,#c7c7c7,1,7uej_ZN_homo_d2.60_cluster2,28.8477,Cx2Cx2Cx7C-LHHL,-4.34,0.9795,0.8067,0.1290,0.1540,12.380,/Users/stetef/Documents/SLAC/pdb-scraper/data/large-cys-his-datasets/4cys-large/output/xyz_files/7uej_ZN_homo_d2.60_cluster2.xyz,66.98,13.917,,-66.92,11.303,,92.73,14.487,,-110.15,12.293,
7uej_ZN_homo_d2.60_cluster4,5,#c49c94,1,7uej_ZN_homo_d2.60_cluster4,28.5235,Cx2Cx2Cx7C-LHHL,-2.90,0.9777,0.8068,0.1290,0.1540,15.510,/Users/stetef/Documents/SLAC/pdb-scraper/data/large-cys-his-datasets/4cys-large/output/xyz_files/7uej_ZN_homo_d2.60_cluster4.xyz,-66.38,13.893,,68.20,17.960,,96.31,17.870,,-109.73,14.977,
7uhv_ZN_homo_d2.60_cluster2,5,#c49c94,1,7uhv_ZN_homo_d2.60_cluster2,28.7378,Cx2Cx2Cx7C-LHHL,-5.33,0.9783,0.8072,0.1300,0.1670,12.330,/Users/stetef/Documents/SLAC/pdb-scraper/data/large-cys-his-datasets/4cys-large/output/xyz_files/7uhv_ZN_homo_d2.60_cluster2.xyz,91.88,13.800,,-111.57,12.367,,66.03,13.480,,-67.65,11.193,
7uhv_ZN_homo_d2.60_cluster4,5,#c49c94,1,7uhv_ZN_homo_d2.60_cluster4,28.5476,Cx2Cx2Cx7C-LHHL,-3.49,0.9788,0.8073,0.1300,0.1670,15.420,/Users/stetef/Documents/SLAC/pdb-scraper/data/large-cys-his-datasets/4cys-large/output/xyz_files/7uhv_ZN_homo_d2.60_cluster4.xyz,-66.16,13.613,,67.87,17.517,,94.71,17.330,,-110.38,14.263,
7uhw_ZN_homo_d2.60_cluster2,5,#c49c94,1,7uhw_ZN_homo_d2.60_cluster2,28.7138,Cx2Cx2Cx7C-LHHL,-3.95,0.9785,0.8049,0.1290,0.1650,11.990,/Users/stetef/Documents/SLAC/pdb-scraper/data/large-cys-his-datasets/4cys-large/output/xyz_files/7uhw_ZN_homo_d2.60_cluster2.xyz,92.80,13.527,,-66.08,10.883,,69.45,13.487,,-111.97,11.447,
7uhw_ZN_homo_d2.60_cluster4,5,#c49c94,1,7uhw_ZN_homo_d2.60_cluster4,28.7290,Cx2Cx2Cx7C-LHHL,-3.17,0.9784,0.8053,0.1290,0.1650,15.100,/Users/stetef/Documents/SLAC/pdb-scraper/data/large-cys-his-datasets/4cys-large/output/xyz_files/7uhw_ZN_homo_d2.60_cluster4.xyz,-65.69,13.433,,95.23,17.100,,67.94,17.310,,-110.15,13.900,
7uhx_ZN_homo_d2.60_cluster2,5,#c49c94,1,7uhx_ZN_homo_d2.60_cluster2,28.8420,Cx2Cx2Cx7C-LHHL,-5.03,0.9802,0.8080,0.1310,0.1660,13.190,/Users/stetef/Documents/SLAC/pdb-scraper/data/large-cys-his-datasets/4cys-large/output/xyz_files/7uhx_ZN_homo_d2.60_cluster2.xyz,93.12,14.453,,-110.97,12.920,,-67.15,11.850,,64.90,14.480,
7uhx_ZN_homo_d2.60_cluster4,5,#c49c94,1,7uhx_ZN_homo_d2.60_cluster4,28.7210,Cx2Cx2Cx7C-LHHL,-3.85,0.9771,0.8060,0.1310,0.1660,16.140,/Users/stetef/Documents/SLAC/pdb-scraper/data/large-cys-his-datasets/4cys-large/output/xyz_files/7uhx_ZN_homo_d2.60_cluster4.xyz,-65.30,14.740,,65.47,18.463,,95.09,18.017,,-110.65,15.010,
7ult_ZN_homo_d2.60_cluster2,2,#2ca02c,1,7ult_ZN_homo_d2.60_cluster2,30.7576,Cx2Cx7Cx1C-LLLL,17.53,0.9787,0.7494,0.1660,0.1880,45.120,/Users/stetef/Documents/SLAC/pdb-scraper/data/large-cys-his-datasets/4cys-large/output/xyz_files/7ult_ZN_homo_d2.60_cluster2.xyz,-80.82,43.613,,168.60,47.680,,90.67,48.467,,-108.34,55.897,
7ult_ZN_homo_d2.60_cluster4,2,#2ca02c,1,7ult_ZN_homo_d2.60_cluster4,30.7708,Cx2Cx7Cx1C-LLLL,20.76,0.9810,0.7367,0.1660,0.1880,46.120,/Users/stetef/Documents/SLAC/pdb-scraper/data/large-cys-his-datasets/4cys-large/output/xyz_files/7ult_ZN_homo_d2.60_cluster4.xyz,-77.61,46.467,,172.69,49.937,,92.38,47.400,,-104.43,63.007,
7uq9_ZN_homo_d2.60_cluster2,6,#f7b6d2,1,7uq9_ZN_homo_d2.60_cluster2,29.1804,Cx2Cx2Cx7C-LHHL,-3.29,0.9770,0.8134,0.1580,0.1830,14.800,/Users/stetef/Documents/SLAC/pdb-scraper/data/large-cys-his-datasets/4cys-large/output/xyz_files/7uq9_ZN_homo_d2.60_cluster2.xyz,92.95,15.770,,66.76,15.440,,-110.56,15.297,,-62.33,13.350,
7uq9_ZN_homo_d2.60_cluster4,7,#c7c7c7,1,7uq9_ZN_homo_d2.60_cluster4,29.0049,Cx2Cx2Cx7C-LHHL,-4.74,0.9803,0.8084,0.1580,0.1830,19.390,/Users/stetef/Documents/SLAC/pdb-scraper/data/large-cys-his-datasets/4cys-large/output/xyz_files/7uq9_ZN_homo_d2.60_cluster4.xyz,89.99,19.030,,-108.99,16.870,,-68.26,17.553,,68.30,20.957,
7us7_ZN_homo_d2.60_cluster1,7,#c7c7c7,1,7us7_ZN_homo_d2.60_cluster1,20.4240,Cx4C-Cx4C-LL-LL,44.53,0.9698,0.3293,0.1770,0.2140,30.700,/Users/stetef/Documents/SLAC/pdb-scraper/data/large-cys-his-datasets/4cys-large/output/xyz_files/7us7_ZN_homo_d2.60_cluster1.xyz,150.44,32.667,,-63.79,33.037,,158.07,34.607,,-66.62,31.200,
7us7_ZN_homo_d2.60_cluster2,6,#f7b6d2,1,7us7_ZN_homo_d2.60_cluster2,19.7889,Cx4C-Cx4C-LL-LL,41.67,0.9734,0.3098,0.1770,0.2140,29.500,/Users/stetef/Documents/SLAC/pdb-scraper/data/large-cys-his-datasets/4cys-large/output/xyz_files/7us7_ZN_homo_d2.60_cluster2.xyz,152.90,33.760,,-65.35,31.380,,148.47,32.533,,-69.33,30.187,
7us8_ZN_homo_d2.60_cluster1,5,#c49c94,1,7us8_ZN_homo_d2.60_cluster1,19.5471,Cx4C-Cx4C-LL-LL,41.21,0.9594,0.3138,0.1930,0.2330,26.530,/Users/stetef/Documents/SLAC/pdb-scraper/data/large-cys-his-datasets/4cys-large/output/xyz_files/7us8_ZN_homo_d2.60_cluster1.xyz,-63.76,30.517,,150.35,29.500,,149.53,29.543,,-71.30,28.157,
7us8_ZN_homo_d2.60_cluster2,5,#c49c94,1,7us8_ZN_homo_d2.60_cluster2,19.3804,Cx4C-Cx4C-LL-LL,39.67,0.9676,0.3034,0.1930,0.2330,27.710,/Users/stetef/Documents/SLAC/pdb-scraper/data/large-cys-his-datasets/4cys-large/output/xyz_files/7us8_ZN_homo_d2.60_cluster2.xyz,-62.79,29.203,,150.14,30.613,,151.57,30.310,,-80.22,28.750,
7utw_ZN_homo_d2.60_cluster1,6,#f7b6d2,1,7utw_ZN_homo_d2.60_cluster1,29.1393,Cx2Cx2Cx7C-LHHL,-4.39,0.9760,0.8056,0.1390,0.1650,11.330,/Users/stetef/Documents/SLAC/pdb-scraper/data/large-cys-his-datasets/4cys-large/output/xyz_files/7utw_ZN_homo_d2.60_cluster1.xyz,90.36,13.377,,68.16,13.817,,-65.31,11.123,,-110.76,12.580,
7utw_ZN_homo_d2.60_cluster2,9,#9edae5,1,7utw_ZN_homo_d2.60_cluster2,29.0392,Cx2Cx2Cx7C-LHHL,-4.33,0.9770,0.8031,0.1390,0.1650,14.520,/Users/stetef/Documents/SLAC/pdb-scraper/data/large-cys-his-datasets/4cys-large/output/xyz_files/7utw_ZN_homo_d2.60_cluster2.xyz,-64.12,14.053,,92.74,16.813,,65.75,17.980,,-111.67,14.917,
7uv5_ZN_homo_d2.60_cluster1,5,#c49c94,1,7uv5_ZN_homo_d2.60_cluster1,18.1728,Cx2Cx31Cx1C-SLLL,-2.91,0.9894,0.4173,0.1390,0.1790,48.390,/Users/stetef/Documents/SLAC/pdb-scraper/data/large-cys-his-datasets/4cys-large/output/xyz_files/7uv5_ZN_homo_d2.60_cluster1.xyz,-178.51,35.827,,-105.72,45.430,,120.65,51.940,,151.95,47.090,
7v8f_ZN_homo_d2.60_cluster1,0,#1f77b4,1,7v8f_ZN_homo_d2.60_cluster1,35.2929,Cx1Cx24Cx2C-LLLL,-91.50,0.9899,0.6786,0.1760,0.1980,23.380,/Users/stetef/Documents/SLAC/pdb-scraper/data/large-cys-his-datasets/4cys-large/output/xyz_files/7v8f_ZN_homo_d2.60_cluster1.xyz,-123.90,25.360,,91.63,23.087,,-178.07,18.803,,-155.68,28.557,
7v8f_ZN_homo_d2.60_cluster2,4,#9467bd,1,7v8f_ZN_homo_d2.60_cluster2,13.1153,Cx2Cx19Cx2C-LLHH,58.33,0.9797,0.4790,0.1760,0.1980,21.230,/Users/stetef/Documents/SLAC/pdb-scraper/data/large-cys-his-datasets/4cys-large/output/xyz_files/7v8f_ZN_homo_d2.60_cluster2.xyz,95.76,20.777,,-128.54,20.887,,173.57,19.227,,92.53,21.890,
7vb3_ZN_homo_d2.60_cluster1,8,#dbdb8d,1,7vb3_ZN_homo_d2.60_cluster1,28.8535,Cx2Cx2Cx7C-LHHL,-4.17,0.9667,0.8171,0.1570,0.1830,12.320,/Users/stetef/Documents/SLAC/pdb-scraper/data/large-cys-his-datasets/4cys-large/output/xyz_files/7vb3_ZN_homo_d2.60_cluster1.xyz,-109.76,11.987,,-65.80,11.250,,65.00,12.730,,93.88,12.323,
7vb3_ZN_homo_d2.60_cluster3,5,#c49c94,1,7vb3_ZN_homo_d2.60_cluster3,28.3876,Cx2Cx2Cx7C-LHHL,-4.43,0.9685,0.8154,0.1570,0.1830,12.790,/Users/stetef/Documents/SLAC/pdb-scraper/data/large-cys-his-datasets/4cys-large/output/xyz_files/7vb3_ZN_homo_d2.60_cluster3.xyz,65.55,12.227,,93.24,12.807,,-113.37,13.330,,-63.16,10.993,
7vb3_ZN_homo_d2.60_cluster5,6,#f7b6d2,1,7vb3_ZN_homo_d2.60_cluster5,28.7315,Cx2Cx2Cx7C-LHHL,-4.46,0.9659,0.8200,0.1570,0.1830,16.980,/Users/stetef/Documents/SLAC/pdb-scraper/data/large-cys-his-datasets/4cys-large/output/xyz_files/7vb3_ZN_homo_d2.60_cluster5.xyz,-112.59,16.920,,63.33,18.817,,94.45,16.477,,-63.03,15.877,
7vb3_ZN_homo_d2.60_cluster7,0,#1f77b4,1,7vb3_ZN_homo_d2.60_cluster7,28.4249,Cx2Cx2Cx7C-LHHL,-3.70,0.9601,0.8184,0.1570,0.1830,14.710,/Users/stetef/Documents/SLAC/pdb-scraper/data/large-cys-his-datasets/4cys-large/output/xyz_files/7vb3_ZN_homo_d2.60_cluster7.xyz,-114.03,18.007,,66.44,16.807,,92.74,17.857,,-59.96,15.643,
7vb5_ZN_homo_d2.60_cluster1,3,#d62728,1,7vb5_ZN_homo_d2.60_cluster1,28.8269,Cx2Cx2Cx7C-LHHL,-3.64,0.9699,0.8202,0.1720,0.2050,17.490,/Users/stetef/Documents/SLAC/pdb-scraper/data/large-cys-his-datasets/4cys-large/output/xyz_files/7vb5_ZN_homo_d2.60_cluster1.xyz,-111.94,17.973,,67.02,17.740,,-62.02,15.903,,92.38,17.267,
7vb5_ZN_homo_d2.60_cluster3,7,#c7c7c7,1,7vb5_ZN_homo_d2.60_cluster3,28.7326,Cx2Cx2Cx7C-LHHL,-4.69,0.9711,0.8203,0.1720,0.2050,16.820,/Users/stetef/Documents/SLAC/pdb-scraper/data/large-cys-his-datasets/4cys-large/output/xyz_files/7vb5_ZN_homo_d2.60_cluster3.xyz,-109.61,17.607,,-62.29,16.320,,89.09,17.163,,64.07,18.267,
7vb5_ZN_homo_d2.60_cluster5,8,#dbdb8d,1,7vb5_ZN_homo_d2.60_cluster5,29.4988,Cx2Cx2Cx7C-LHHL,-0.91,0.9641,0.8275,0.1720,0.2050,24.640,/Users/stetef/Documents/SLAC/pdb-scraper/data/large-cys-his-datasets/4cys-large/output/xyz_files/7vb5_ZN_homo_d2.60_cluster5.xyz,-54.18,21.940,,65.66,28.793,,-110.34,23.603,,95.22,25.877,
7vb5_ZN_homo_d2.60_cluster7,0,#1f77b4,1,7vb5_ZN_homo_d2.60_cluster7,29.2018,Cx2Cx2Cx7C-LHHL,0.54,0.9594,0.8246,0.1720,0.2050,24.190,/Users/stetef/Documents/SLAC/pdb-scraper/data/large-cys-his-datasets/4cys-large/output/xyz_files/7vb5_ZN_homo_d2.60_cluster7.xyz,-103.56,29.517,,-53.05,25.980,,92.97,30.900,,65.80,31.097,
7vb6_ZN_homo_d2.60_cluster1,3,#d62728,1,7vb6_ZN_homo_d2.60_cluster1,29.1934,Cx2Cx2Cx7C-LHHL,-2.74,0.9680,0.8260,0.1650,0.2060,14.690,/Users/stetef/Documents/SLAC/pdb-scraper/data/large-cys-his-datasets/4cys-large/output/xyz_files/7vb6_ZN_homo_d2.60_cluster1.xyz,-112.96,15.117,,94.14,15.407,,65.76,15.707,,-57.90,13.970,
7vb6_ZN_homo_d2.60_cluster3,5,#c49c94,1,7vb6_ZN_homo_d2.60_cluster3,28.6219,Cx2Cx2Cx7C-LHHL,-4.38,0.9684,0.8116,0.1650,0.2060,15.920,/Users/stetef/Documents/SLAC/pdb-scraper/data/large-cys-his-datasets/4cys-large/output/xyz_files/7vb6_ZN_homo_d2.60_cluster3.xyz,63.81,17.647,,-112.03,16.457,,93.94,16.147,,-63.26,15.877,
7vb6_ZN_homo_d2.60_cluster5,8,#dbdb8d,1,7vb6_ZN_homo_d2.60_cluster5,28.6750,Cx2Cx2Cx7C-LHHL,-2.34,0.9609,0.8200,0.1650,0.2060,23.540,/Users/stetef/Documents/SLAC/pdb-scraper/data/large-cys-his-datasets/4cys-large/output/xyz_files/7vb6_ZN_homo_d2.60_cluster5.xyz,-113.12,23.103,,-57.82,22.227,,66.68,28.047,,94.89,23.753,
7vb6_ZN_homo_d2.60_cluster7,0,#1f77b4,1,7vb6_ZN_homo_d2.60_cluster7,28.0548,Cx2Cx2Cx7C-LHHL,-4.14,0.9533,0.8057,0.1650,0.2060,21.900,/Users/stetef/Documents/SLAC/pdb-scraper/data/large-cys-his-datasets/4cys-large/output/xyz_files/7vb6_ZN_homo_d2.60_cluster7.xyz,-114.91,28.043,,-62.83,25.500,,66.56,26.960,,94.61,27.277,
7vhz_ZN_homo_d2.60_cluster2,5,#c49c94,1,7vhz_ZN_homo_d2.60_cluster2,13.7503,Cx2Cx21Cx2C-LLHH,-70.81,0.8968,0.4695,0.1920,0.2190,76.140,/Users/stetef/Documents/SLAC/pdb-scraper/data/large-cys-his-datasets/4cys-large/output/xyz_files/7vhz_ZN_homo_d2.60_cluster2.xyz,-98.30,85.327,,97.07,67.753,,-177.66,69.443,,-104.36,73.143,
7vhz_ZN_homo_d2.60_cluster3,2,#2ca02c,1,7vhz_ZN_homo_d2.60_cluster3,27.4532,Cx5Cx17Cx2C-LLSH,-11.66,0.9454,0.4573,0.1920,0.2190,87.790,/Users/stetef/Documents/SLAC/pdb-scraper/data/large-cys-his-datasets/4cys-large/output/xyz_files/7vhz_ZN_homo_d2.60_cluster3.xyz,-179.56,87.637,,105.31,73.107,,150.29,93.593,,-122.68,88.610,
7vhz_ZN_homo_d2.60_cluster5,3,#d62728,1,7vhz_ZN_homo_d2.60_cluster5,12.4693,Cx2Cx21Cx2C-LLHH,62.07,0.9891,0.4785,0.1920,0.2190,77.300,/Users/stetef/Documents/SLAC/pdb-scraper/data/large-cys-his-datasets/4cys-large/output/xyz_files/7vhz_ZN_homo_d2.60_cluster5.xyz,95.35,71.967,,82.90,66.033,,178.23,67.920,,-108.17,74.537,
7vhz_ZN_homo_d2.60_cluster6,7,#c7c7c7,1,7vhz_ZN_homo_d2.60_cluster6,26.2544,Cx5Cx17Cx2C-LLSH,76.34,0.9911,0.4581,0.1920,0.2190,85.220,/Users/stetef/Documents/SLAC/pdb-scraper/data/large-cys-his-datasets/4cys-large/output/xyz_files/7vhz_ZN_homo_d2.60_cluster6.xyz,102.08,70.517,,-118.84,82.257,,167.67,80.313,,154.47,84.887,
7vuw_ZN_homo_d2.60_cluster1,5,#c49c94,1,7vuw_ZN_homo_d2.60_cluster1,2.5297,Cx1Cx19Cx2C-SLLL,113.53,0.9904,0.4730,0.1550,0.1750,25.400,/Users/stetef/Documents/SLAC/pdb-scraper/data/large-cys-his-datasets/4cys-large/output/xyz_files/7vuw_ZN_homo_d2.60_cluster1.xyz,62.60,26.123,,174.25,24.957,,129.04,27.957,,88.24,27.120,
7vuw_ZN_homo_d2.60_cluster2,3,#d62728,1,7vuw_ZN_homo_d2.60_cluster2,2.9526,Cx1Cx19Cx2C-SLLL,113.90,0.9927,0.4702,0.1550,0.1750,25.400,/Users/stetef/Documents/SLAC/pdb-scraper/data/large-cys-his-datasets/4cys-large/output/xyz_files/7vuw_ZN_homo_d2.60_cluster2.xyz,63.55,27.667,,175.30,27.323,,129.65,26.500,,87.10,28.443,
7vvr_ZN_homo_d2.60_cluster1,5,#c49c94,1,7vvr_ZN_homo_d2.60_cluster1,2.2768,Cx1Cx19Cx2C-SLLL,113.19,0.9868,0.4684,0.1540,0.1760,26.840,/Users/stetef/Documents/SLAC/pdb-scraper/data/large-cys-his-datasets/4cys-large/output/xyz_files/7vvr_ZN_homo_d2.60_cluster1.xyz,62.92,26.713,,174.94,26.280,,127.83,28.033,,87.06,27.130,
7vvr_ZN_homo_d2.60_cluster2,5,#c49c94,1,7vvr_ZN_homo_d2.60_cluster2,2.2696,Cx1Cx19Cx2C-SLLL,113.98,0.9904,0.4699,0.1540,0.1760,28.430,/Users/stetef/Documents/SLAC/pdb-scraper/data/large-cys-his-datasets/4cys-large/output/xyz_files/7vvr_ZN_homo_d2.60_cluster2.xyz,128.69,26.993,,62.81,27.270,,174.77,27.153,,89.65,28.753,
7w3e_ZN_homo_d2.60_cluster1,2,#2ca02c,1,7w3e_ZN_homo_d2.60_cluster1,2.4893,Cx1Cx19Cx2C-SLLL,115.10,0.9909,0.4682,0.1630,0.1820,29.080,/Users/stetef/Documents/SLAC/pdb-scraper/data/large-cys-his-datasets/4cys-large/output/xyz_files/7w3e_ZN_homo_d2.60_cluster1.xyz,62.60,26.880,,89.47,28.253,,179.28,26.740,,129.06,27.487,
7w3e_ZN_homo_d2.60_cluster2,3,#d62728,1,7w3e_ZN_homo_d2.60_cluster2,2.7434,Cx1Cx19Cx2C-SLLL,25.87,0.9940,0.4668,0.1630,0.1820,28.940,/Users/stetef/Documents/SLAC/pdb-scraper/data/large-cys-his-datasets/4cys-large/output/xyz_files/7w3e_ZN_homo_d2.60_cluster2.xyz,-179.36,27.457,,63.16,28.083,,130.28,28.220,,89.41,30.367,
7wfx_ZN_homo_d2.60_cluster1,5,#c49c94,1,7wfx_ZN_homo_d2.60_cluster1,24.5533,Cx2Cx68CC-HLLL,17.76,0.9734,0.4330,0.1640,0.2020,22.030,/Users/stetef/Documents/SLAC/pdb-scraper/data/large-cys-his-datasets/4cys-large/output/xyz_files/7wfx_ZN_homo_d2.60_cluster1.xyz,-83.14,19.673,,92.36,24.073,,174.20,24.067,,-112.38,18.910,
7wfx_ZN_homo_d2.60_cluster2,1,#ff7f0e,1,7wfx_ZN_homo_d2.60_cluster2,24.6083,Cx2Cx68CC-HLLL,18.14,0.9649,0.4447,0.1640,0.2020,34.400,/Users/stetef/Documents/SLAC/pdb-scraper/data/large-cys-his-datasets/4cys-large/output/xyz_files/7wfx_ZN_homo_d2.60_cluster2.xyz,175.66,35.567,,-82.96,32.503,,-111.03,33.040,,90.87,39.957,
7wg2_ZN_homo_d2.60_cluster1,1,#ff7f0e,1,7wg2_ZN_homo_d2.60_cluster1,24.2105,Cx2Cx68CC-HLLL,19.62,0.9617,0.4492,0.1810,0.2120,21.710,/Users/stetef/Documents/SLAC/pdb-scraper/data/large-cys-his-datasets/4cys-large/output/xyz_files/7wg2_ZN_homo_d2.60_cluster1.xyz,95.16,23.510,,-84.96,20.157,,-107.47,21.973,,175.76,22.243,
7wg4_ZN_homo_d2.60_cluster1,3,#d62728,1,7wg4_ZN_homo_d2.60_cluster1,24.1251,Cx2Cx68CC-HLLL,18.47,0.9719,0.4469,0.1870,0.2160,22.110,/Users/stetef/Documents/SLAC/pdb-scraper/data/large-cys-his-datasets/4cys-large/output/xyz_files/7wg4_ZN_homo_d2.60_cluster1.xyz,92.29,22.967,,-108.93,21.720,,176.26,21.047,,-85.75,21.107,
7wuk_ZN_homo_d2.60_cluster2,3,#d62728,1,7wuk_ZN_homo_d2.60_cluster2,17.5489,Cx24Cx2Cx20C-LHHL,-8.25,0.9602,0.4639,0.1880,0.2190,19.450,/Users/stetef/Documents/SLAC/pdb-scraper/data/large-cys-his-datasets/4cys-large/output/xyz_files/7wuk_ZN_homo_d2.60_cluster2.xyz,178.42,15.170,,-172.18,13.103,,91.38,11.767,,-130.63,12.940,
7wul_ZN_homo_d2.60_cluster2,2,#2ca02c,1,7wul_ZN_homo_d2.60_cluster2,16.7296,Cx24Cx2Cx20C-LHHL,-9.51,0.9627,0.4516,0.1630,0.1930,12.580,/Users/stetef/Documents/SLAC/pdb-scraper/data/large-cys-his-datasets/4cys-large/output/xyz_files/7wul_ZN_homo_d2.60_cluster2.xyz,173.49,14.150,,-174.04,12.650,,89.48,11.443,,-126.98,11.673,
7wum_ZN_homo_d2.60_cluster2,0,#1f77b4,1,7wum_ZN_homo_d2.60_cluster2,16.5127,Cx24Cx2Cx20C-LHHL,-9.62,0.9683,0.4424,0.1820,0.2110,21.350,/Users/stetef/Documents/SLAC/pdb-scraper/data/large-cys-his-datasets/4cys-large/output/xyz_files/7wum_ZN_homo_d2.60_cluster2.xyz,177.80,20.403,,-128.05,17.853,,-177.81,20.687,,89.57,20.117,
7wun_ZN_homo_d2.60_cluster2,2,#2ca02c,1,7wun_ZN_homo_d2.60_cluster2,16.7243,Cx24Cx2Cx20C-LHHL,-10.79,0.9630,0.4521,0.1690,0.1860,12.620,/Users/stetef/Documents/SLAC/pdb-scraper/data/large-cys-his-datasets/4cys-large/output/xyz_files/7wun_ZN_homo_d2.60_cluster2.xyz,171.01,11.953,,-175.52,12.957,,89.10,10.703,,-127.76,11.093,
7x09_ZN_homo_d2.60_cluster1,0,#1f77b4,1,7x09_ZN_homo_d2.60_cluster1,6.3924,Cx4Cx41Cx1C-LHLL,56.00,0.9646,0.4383,0.1960,0.2250,52.930,/Users/stetef/Documents/SLAC/pdb-scraper/data/large-cys-his-datasets/4cys-large/output/xyz_files/7x09_ZN_homo_d2.60_cluster1.xyz,108.51,57.967,,-166.61,58.963,,164.72,62.627,,117.37,73.397,
7x09_ZN_homo_d2.60_cluster3,1,#ff7f0e,1,7x09_ZN_homo_d2.60_cluster3,8.2719,Cx4Cx41Cx1C-LHLL,55.40,0.9615,0.4532,0.1960,0.2250,37.750,/Users/stetef/Documents/SLAC/pdb-scraper/data/large-cys-his-datasets/4cys-large/output/xyz_files/7x09_ZN_homo_d2.60_cluster3.xyz,-162.93,37.077,,161.63,37.257,,107.54,39.423,,115.38,45.140,
7x3p_ZN_homo_d2.60_cluster1,3,#d62728,1,7x3p_ZN_homo_d2.60_cluster1,9.9561,Cx2Cx37Cx4C-SLLL,-23.06,0.9930,0.5064,0.1400,0.1630,10.200,/Users/stetef/Documents/SLAC/pdb-scraper/data/large-cys-his-datasets/4cys-large/output/xyz_files/7x3p_ZN_homo_d2.60_cluster1.xyz,163.72,11.510,,-172.62,8.797,,-178.93,9.947,,95.61,11.073,
7x73_ZN_homo_d2.60_cluster1,8,#dbdb8d,1,7x73_ZN_homo_d2.60_cluster1,5.8310,Cx12Cx29Cx3C-LHLL,39.58,0.9804,0.5097,0.1680,0.1930,21.400,/Users/stetef/Documents/SLAC/pdb-scraper/data/large-cys-his-datasets/4cys-large/output/xyz_files/7x73_ZN_homo_d2.60_cluster1.xyz,-138.25,24.840,,140.34,21.517,,85.30,24.633,,70.95,21.537,
7x73_ZN_homo_d2.60_cluster2,1,#ff7f0e,1,7x73_ZN_homo_d2.60_cluster2,43.7694,Cx36Cx5Cx3C-LLLL,-82.95,0.9920,0.7502,0.1680,0.1930,21.630,/Users/stetef/Documents/SLAC/pdb-scraper/data/large-cys-his-datasets/4cys-large/output/xyz_files/7x73_ZN_homo_d2.60_cluster2.xyz,-173.14,23.337,,-179.02,25.730,,179.38,21.537,,-159.00,28.787,
7x73_ZN_homo_d2.60_cluster3,0,#1f77b4,1,7x73_ZN_homo_d2.60_cluster3,21.4666,Cx1Cx3Cx4C-LLLH,-70.82,0.9922,0.5941,0.1680,0.1930,23.660,/Users/stetef/Documents/SLAC/pdb-scraper/data/large-cys-his-datasets/4cys-large/output/xyz_files/7x73_ZN_homo_d2.60_cluster3.xyz,-79.65,30.833,,-127.69,30.140,,-163.95,24.633,,88.00,28.787,
7x73_ZN_homo_d2.60_cluster4,8,#dbdb8d,1,7x73_ZN_homo_d2.60_cluster4,28.9682,Cx52Cx1Cx4C-LLLL,15.11,0.9955,0.7015,0.1680,0.1930,26.240,/Users/stetef/Documents/SLAC/pdb-scraper/data/large-cys-his-datasets/4cys-large/output/xyz_files/7x73_ZN_homo_d2.60_cluster4.xyz,-70.22,30.687,,98.02,31.307,,143.23,27.500,,-110.59,34.443,
7x73_ZN_homo_d2.60_cluster5,3,#d62728,1,7x73_ZN_homo_d2.60_cluster5,6.1722,Cx12Cx29Cx3C-LHLL,37.92,0.9765,0.5107,0.1680,0.1930,16.870,/Users/stetef/Documents/SLAC/pdb-scraper/data/large-cys-his-datasets/4cys-large/output/xyz_files/7x73_ZN_homo_d2.60_cluster5.xyz,-141.93,17.360,,138.02,16.483,,86.83,17.077,,68.76,15.703,
7x73_ZN_homo_d2.60_cluster6,3,#d62728,1,7x73_ZN_homo_d2.60_cluster6,43.0397,Cx36Cx5Cx3C-LLLL,-83.10,0.9930,0.7493,0.1680,0.1930,16.560,/Users/stetef/Documents/SLAC/pdb-scraper/data/large-cys-his-datasets/4cys-large/output/xyz_files/7x73_ZN_homo_d2.60_cluster6.xyz,-173.65,18.253,,-159.05,17.867,,-177.90,18.950,,178.19,15.703,
7x73_ZN_homo_d2.60_cluster7,6,#f7b6d2,1,7x73_ZN_homo_d2.60_cluster7,22.3480,Cx1Cx3Cx4C-LLLH,-72.74,0.9916,0.5934,0.1680,0.1930,17.350,/Users/stetef/Documents/SLAC/pdb-scraper/data/large-cys-his-datasets/4cys-large/output/xyz_files/7x73_ZN_homo_d2.60_cluster7.xyz,-128.35,18.627,,88.14,17.867,,-86.38,18.277,,-164.37,17.077,
7x73_ZN_homo_d2.60_cluster8,0,#1f77b4,1,7x73_ZN_homo_d2.60_cluster8,29.1136,Cx52Cx1Cx4C-LLLL,13.06,0.9957,0.6906,0.1680,0.1930,21.040,/Users/stetef/Documents/SLAC/pdb-scraper/data/large-cys-his-datasets/4cys-large/output/xyz_files/7x73_ZN_homo_d2.60_cluster8.xyz,-66.15,22.957,,134.34,22.707,,95.69,23.570,,-111.64,22.457,
7xua_ZN_homo_d2.60_cluster1,8,#dbdb8d,1,7xua_ZN_homo_d2.60_cluster1,6.9519,Cx12Cx29Cx3C-LHLL,36.27,0.9833,0.5142,0.1890,0.2240,36.550,/Users/stetef/Documents/SLAC/pdb-scraper/data/large-cys-his-datasets/4cys-large/output/xyz_files/7xua_ZN_homo_d2.60_cluster1.xyz,62.67,41.863,,-146.15,51.133,,136.70,37.357,,91.86,49.440,
7xua_ZN_homo_d2.60_cluster2,3,#d62728,1,7xua_ZN_homo_d2.60_cluster2,43.8584,Cx36Cx5Cx3C-LLLL,-83.14,0.9871,0.7653,0.1890,0.2240,38.300,/Users/stetef/Documents/SLAC/pdb-scraper/data/large-cys-his-datasets/4cys-large/output/xyz_files/7xua_ZN_homo_d2.60_cluster2.xyz,178.94,44.670,,-178.12,41.863,,-174.72,37.700,,-158.66,53.807,
7xua_ZN_homo_d2.60_cluster3,5,#c49c94,1,7xua_ZN_homo_d2.60_cluster3,20.1630,Cx1Cx3Cx4C-LLLH,-71.61,0.9937,0.5838,0.1890,0.2240,41.200,/Users/stetef/Documents/SLAC/pdb-scraper/data/large-cys-his-datasets/4cys-large/output/xyz_files/7xua_ZN_homo_d2.60_cluster3.xyz,86.86,53.807,,-163.03,49.440,,-128.63,55.873,,-81.65,55.220,
7xua_ZN_homo_d2.60_cluster4,0,#1f77b4,1,7xua_ZN_homo_d2.60_cluster4,30.4178,Cx52Cx1Cx4C-LLLL,17.84,0.9899,0.6825,0.1890,0.2240,52.880,/Users/stetef/Documents/SLAC/pdb-scraper/data/large-cys-his-datasets/4cys-large/output/xyz_files/7xua_ZN_homo_d2.60_cluster4.xyz,-107.03,69.110,,139.81,66.033,,102.65,64.253,,-64.05,69.630,
7xua_ZN_homo_d2.60_cluster5,3,#d62728,1,7xua_ZN_homo_d2.60_cluster5,6.7113,Cx12Cx29Cx3C-LHLL,38.70,0.9789,0.5175,0.1890,0.2240,21.420,/Users/stetef/Documents/SLAC/pdb-scraper/data/large-cys-his-datasets/4cys-large/output/xyz_files/7xua_ZN_homo_d2.60_cluster5.xyz,-139.59,22.997,,135.97,20.423,,88.19,21.890,,70.21,20.217,
7xua_ZN_homo_d2.60_cluster6,5,#c49c94,1,7xua_ZN_homo_d2.60_cluster6,43.2995,Cx36Cx5Cx3C-LLLL,-83.61,0.9902,0.7585,0.1890,0.2240,22.480,/Users/stetef/Documents/SLAC/pdb-scraper/data/large-cys-his-datasets/4cys-large/output/xyz_files/7xua_ZN_homo_d2.60_cluster6.xyz,-174.93,23.613,,-160.66,24.807,,-176.60,24.450,,177.74,20.217,
7xua_ZN_homo_d2.60_cluster7,3,#d62728,1,7xua_ZN_homo_d2.60_cluster7,21.6743,Cx1Cx3Cx4C-LLLH,-71.64,0.9930,0.5979,0.1890,0.2240,21.860,/Users/stetef/Documents/SLAC/pdb-scraper/data/large-cys-his-datasets/4cys-large/output/xyz_files/7xua_ZN_homo_d2.60_cluster7.xyz,-132.65,21.750,,-79.69,24.870,,-161.90,21.890,,87.68,24.807,
7xua_ZN_homo_d2.60_cluster8,8,#dbdb8d,1,7xua_ZN_homo_d2.60_cluster8,28.4918,Cx52Cx1Cx4C-LLLL,11.73,0.9946,0.6793,0.1890,0.2240,33.930,/Users/stetef/Documents/SLAC/pdb-scraper/data/large-cys-his-datasets/4cys-large/output/xyz_files/7xua_ZN_homo_d2.60_cluster8.xyz,98.77,37.620,,140.11,34.937,,-82.33,39.767,,-109.62,35.157,
7xub_ZN_homo_d2.60_cluster1,3,#d62728,1,7xub_ZN_homo_d2.60_cluster1,7.2549,Cx12Cx29Cx3C-LHLL,39.01,0.9783,0.5171,0.1800,0.2150,36.610,/Users/stetef/Documents/SLAC/pdb-scraper/data/large-cys-his-datasets/4cys-large/output/xyz_files/7xub_ZN_homo_d2.60_cluster1.xyz,-143.08,43.507,,68.17,35.840,,138.84,35.083,,92.11,44.180,
7xub_ZN_homo_d2.60_cluster2,3,#d62728,1,7xub_ZN_homo_d2.60_cluster2,42.8792,Cx36Cx5Cx3C-LLLL,-82.31,0.9893,0.7497,0.1800,0.2150,34.480,/Users/stetef/Documents/SLAC/pdb-scraper/data/large-cys-his-datasets/4cys-large/output/xyz_files/7xub_ZN_homo_d2.60_cluster2.xyz,179.56,41.743,,-173.76,35.700,,-178.34,35.840,,-156.71,47.887,
7xub_ZN_homo_d2.60_cluster3,0,#1f77b4,1,7xub_ZN_homo_d2.60_cluster3,20.5418,Cx1Cx3Cx4C-LLLH,-70.13,0.9867,0.5787,0.1800,0.2150,38.850,/Users/stetef/Documents/SLAC/pdb-scraper/data/large-cys-his-datasets/4cys-large/output/xyz_files/7xub_ZN_homo_d2.60_cluster3.xyz,92.02,47.887,,-163.34,44.180,,-126.04,52.190,,-83.16,50.227,
7xub_ZN_homo_d2.60_cluster4,8,#dbdb8d,1,7xub_ZN_homo_d2.60_cluster4,29.2368,Cx52Cx1Cx4C-LLLL,15.66,0.9949,0.6897,0.1800,0.2150,60.770,/Users/stetef/Documents/SLAC/pdb-scraper/data/large-cys-his-datasets/4cys-large/output/xyz_files/7xub_ZN_homo_d2.60_cluster4.xyz,104.81,62.223,,132.29,57.923,,-110.48,64.207,,-63.97,68.703,
7xub_ZN_homo_d2.60_cluster5,8,#dbdb8d,1,7xub_ZN_homo_d2.60_cluster5,6.2040,Cx12Cx29Cx3C-LHLL,39.75,0.9731,0.5186,0.1800,0.2150,27.170,/Users/stetef/Documents/SLAC/pdb-scraper/data/large-cys-his-datasets/4cys-large/output/xyz_files/7xub_ZN_homo_d2.60_cluster5.xyz,-141.56,30.830,,137.30,28.923,,69.80,29.233,,93.44,28.317,
7xub_ZN_homo_d2.60_cluster6,0,#1f77b4,1,7xub_ZN_homo_d2.60_cluster6,43.2888,Cx36Cx5Cx3C-LLLL,-173.31,0.9893,0.7481,0.1800,0.2150,28.190,/Users/stetef/Documents/SLAC/pdb-scraper/data/large-cys-his-datasets/4cys-large/output/xyz_files/7xub_ZN_homo_d2.60_cluster6.xyz,-177.77,29.233,,-176.89,29.830,,-176.78,31.823,,-161.79,32.653,
7xub_ZN_homo_d2.60_cluster7,5,#c49c94,1,7xub_ZN_homo_d2.60_cluster7,21.5119,Cx1Cx3Cx4C-LLLH,-71.72,0.9810,0.5941,0.1800,0.2150,29.440,/Users/stetef/Documents/SLAC/pdb-scraper/data/large-cys-his-datasets/4cys-large/output/xyz_files/7xub_ZN_homo_d2.60_cluster7.xyz,-84.44,33.690,,-160.40,28.317,,90.22,32.653,,-132.25,30.123,
7xub_ZN_homo_d2.60_cluster8,0,#1f77b4,1,7xub_ZN_homo_d2.60_cluster8,29.5850,Cx52Cx1Cx4C-LLLL,13.97,0.9886,0.6776,0.1800,0.2150,52.340,/Users/stetef/Documents/SLAC/pdb-scraper/data/large-cys-his-datasets/4cys-large/output/xyz_files/7xub_ZN_homo_d2.60_cluster8.xyz,98.44,56.177,,135.04,58.777,,-112.27,55.013,,-65.32,61.047,
7xuc_ZN_homo_d2.60_cluster1,0,#1f77b4,1,7xuc_ZN_homo_d2.60_cluster1,6.9368,Cx12Cx29Cx3C-LHLL,39.58,0.9745,0.5141,0.1600,0.1860,14.720,/Users/stetef/Documents/SLAC/pdb-scraper/data/large-cys-his-datasets/4cys-large/output/xyz_files/7xuc_ZN_homo_d2.60_cluster1.xyz,-142.45,16.103,,139.37,12.373,,70.01,13.653,,91.38,16.507,
7xuc_ZN_homo_d2.60_cluster2,0,#1f77b4,1,7xuc_ZN_homo_d2.60_cluster2,44.6100,Cx36Cx5Cx3C-LLLL,-83.43,0.9931,0.7603,0.1600,0.1860,15.890,/Users/stetef/Documents/SLAC/pdb-scraper/data/large-cys-his-datasets/4cys-large/output/xyz_files/7xuc_ZN_homo_d2.60_cluster2.xyz,-174.39,13.843,,-159.95,18.023,,179.30,15.640,,-178.70,13.653,
7xuc_ZN_homo_d2.60_cluster3,5,#c49c94,1,7xuc_ZN_homo_d2.60_cluster3,20.6479,Cx1Cx3Cx4C-LLLH,-72.11,0.9925,0.5881,0.1600,0.1860,16.630,/Users/stetef/Documents/SLAC/pdb-scraper/data/large-cys-his-datasets/4cys-large/output/xyz_files/7xuc_ZN_homo_d2.60_cluster3.xyz,-126.86,19.410,,86.42,18.023,,-87.03,18.317,,-160.98,16.507,
7xuc_ZN_homo_d2.60_cluster4,5,#c49c94,1,7xuc_ZN_homo_d2.60_cluster4,29.6841,Cx52Cx1Cx4C-LLLL,14.04,0.9949,0.7016,0.1600,0.1860,18.680,/Users/stetef/Documents/SLAC/pdb-scraper/data/large-cys-his-datasets/4cys-large/output/xyz_files/7xuc_ZN_homo_d2.60_cluster4.xyz,137.01,15.517,,99.37,19.890,,-110.03,19.370,,-70.18,21.957,
7xuc_ZN_homo_d2.60_cluster5,3,#d62728,1,7xuc_ZN_homo_d2.60_cluster5,6.4070,Cx12Cx29Cx3C-LHLL,38.43,0.9750,0.5110,0.1600,0.1860,10.380,/Users/stetef/Documents/SLAC/pdb-scraper/data/large-cys-his-datasets/4cys-large/output/xyz_files/7xuc_ZN_homo_d2.60_cluster5.xyz,138.92,7.817,,-141.46,8.960,,68.82,8.007,,87.44,9.647,
7xuc_ZN_homo_d2.60_cluster6,3,#d62728,1,7xuc_ZN_homo_d2.60_cluster6,43.2193,Cx36Cx5Cx3C-LLLL,-83.75,0.9928,0.7584,0.1600,0.1860,10.100,/Users/stetef/Documents/SLAC/pdb-scraper/data/large-cys-his-datasets/4cys-large/output/xyz_files/7xuc_ZN_homo_d2.60_cluster6.xyz,-176.55,10.123,,-174.44,9.893,,-161.79,11.107,,177.78,8.007,
7xuc_ZN_homo_d2.60_cluster7,0,#1f77b4,1,7xuc_ZN_homo_d2.60_cluster7,22.0913,Cx1Cx3Cx4C-LLLH,-72.76,0.9935,0.5934,0.1600,0.1860,10.670,/Users/stetef/Documents/SLAC/pdb-scraper/data/large-cys-his-datasets/4cys-large/output/xyz_files/7xuc_ZN_homo_d2.60_cluster7.xyz,-86.01,11.223,,-126.03,10.170,,-164.73,9.647,,85.74,11.107,
7xuc_ZN_homo_d2.60_cluster8,8,#dbdb8d,1,7xuc_ZN_homo_d2.60_cluster8,28.7055,Cx52Cx1Cx4C-LLLL,12.44,0.9952,0.6764,0.1600,0.1860,19.480,/Users/stetef/Documents/SLAC/pdb-scraper/data/large-cys-his-datasets/4cys-large/output/xyz_files/7xuc_ZN_homo_d2.60_cluster8.xyz,140.08,17.997,,96.02,21.430,,-73.02,24.620,,-113.33,19.537,
7xud_ZN_homo_d2.60_cluster1,0,#1f77b4,1,7xud_ZN_homo_d2.60_cluster1,6.5417,Cx12Cx29Cx3C-LHLL,38.58,0.9754,0.5127,0.1620,0.1770,16.360,/Users/stetef/Documents/SLAC/pdb-scraper/data/large-cys-his-datasets/4cys-large/output/xyz_files/7xud_ZN_homo_d2.60_cluster1.xyz,-143.09,19.897,,139.05,16.623,,89.06,20.487,,69.32,17.387,
7xud_ZN_homo_d2.60_cluster2,0,#1f77b4,1,7xud_ZN_homo_d2.60_cluster2,44.3270,Cx36Cx5Cx3C-LLLL,6.97,0.9935,0.7675,0.1620,0.1770,17.440,/Users/stetef/Documents/SLAC/pdb-scraper/data/large-cys-his-datasets/4cys-large/output/xyz_files/7xud_ZN_homo_d2.60_cluster2.xyz,-155.70,22.693,,-174.79,18.447,,179.27,19.303,,179.11,17.387,
7xud_ZN_homo_d2.60_cluster3,3,#d62728,1,7xud_ZN_homo_d2.60_cluster3,21.0497,Cx1Cx3Cx4C-LLLH,-71.38,0.9931,0.5983,0.1620,0.1770,18.660,/Users/stetef/Documents/SLAC/pdb-scraper/data/large-cys-his-datasets/4cys-large/output/xyz_files/7xud_ZN_homo_d2.60_cluster3.xyz,-127.66,25.460,,-84.36,26.000,,89.02,22.693,,-162.51,20.487,
7xud_ZN_homo_d2.60_cluster4,3,#d62728,1,7xud_ZN_homo_d2.60_cluster4,29.3019,Cx52Cx1Cx4C-LLLL,15.25,0.9933,0.6923,0.1620,0.1770,18.390,/Users/stetef/Documents/SLAC/pdb-scraper/data/large-cys-his-datasets/4cys-large/output/xyz_files/7xud_ZN_homo_d2.60_cluster4.xyz,-67.17,21.200,,140.88,17.053,,100.04,19.740,,-112.73,20.783,
7xud_ZN_homo_d2.60_cluster5,0,#1f77b4,1,7xud_ZN_homo_d2.60_cluster5,6.3579,Cx12Cx29Cx3C-LHLL,38.03,0.9772,0.5108,0.1620,0.1770,11.590,/Users/stetef/Documents/SLAC/pdb-scraper/data/large-cys-his-datasets/4cys-large/output/xyz_files/7xud_ZN_homo_d2.60_cluster5.xyz,-142.49,11.660,,138.23,10.847,,68.32,10.500,,88.08,12.333,
7xud_ZN_homo_d2.60_cluster6,0,#1f77b4,1,7xud_ZN_homo_d2.60_cluster6,43.1641,Cx36Cx5Cx3C-LLLL,-83.66,0.9932,0.7528,0.1620,0.1770,11.530,/Users/stetef/Documents/SLAC/pdb-scraper/data/large-cys-his-datasets/4cys-large/output/xyz_files/7xud_ZN_homo_d2.60_cluster6.xyz,-173.92,12.593,,-160.64,13.277,,-177.29,12.957,,177.22,10.500,
7xud_ZN_homo_d2.60_cluster7,0,#1f77b4,1,7xud_ZN_homo_d2.60_cluster7,22.1754,Cx1Cx3Cx4C-LLLH,-72.71,0.9933,0.5984,0.1620,0.1770,12.340,/Users/stetef/Documents/SLAC/pdb-scraper/data/large-cys-his-datasets/4cys-large/output/xyz_files/7xud_ZN_homo_d2.60_cluster7.xyz,-127.96,13.207,,-86.68,13.477,,-163.95,12.333,,87.76,13.277,
7xud_ZN_homo_d2.60_cluster8,3,#d62728,1,7xud_ZN_homo_d2.60_cluster8,29.7892,Cx52Cx1Cx4C-LLLL,15.12,0.9955,0.6904,0.1620,0.1770,20.390,/Users/stetef/Documents/SLAC/pdb-scraper/data/large-cys-his-datasets/4cys-large/output/xyz_files/7xud_ZN_homo_d2.60_cluster8.xyz,-68.96,25.780,,141.13,20.150,,98.40,23.700,,-110.09,21.647,
7xv9_ZN_homo_d2.60_cluster1,5,#c49c94,1,7xv9_ZN_homo_d2.60_cluster1,19.6218,Cx2Cx13Cx2C-LLHH,58.17,0.9846,0.4838,0.1760,0.1810,10.590,/Users/stetef/Documents/SLAC/pdb-scraper/data/large-cys-his-datasets/4cys-large/output/xyz_files/7xv9_ZN_homo_d2.60_cluster1.xyz,88.61,9.957,,-118.75,9.073,,174.70,10.383,,88.11,10.427,
7xv9_ZN_homo_d2.60_cluster2,8,#dbdb8d,1,7xv9_ZN_homo_d2.60_cluster2,30.7278,Cx5Cx9Cx2C-LLHH,-123.24,0.9898,0.6368,0.1760,0.1810,17.060,/Users/stetef/Documents/SLAC/pdb-scraper/data/large-cys-his-datasets/4cys-large/output/xyz_files/7xv9_ZN_homo_d2.60_cluster2.xyz,-179.37,15.447,,-93.10,15.687,,-108.39,17.237,,-112.11,12.807,
7xv9_ZN_homo_d2.60_cluster3,5,#c49c94,1,7xv9_ZN_homo_d2.60_cluster3,19.8423,Cx2Cx13Cx2C-LLHH,59.23,0.9857,0.4895,0.1760,0.1810,10.430,/Users/stetef/Documents/SLAC/pdb-scraper/data/large-cys-his-datasets/4cys-large/output/xyz_files/7xv9_ZN_homo_d2.60_cluster3.xyz,88.68,9.670,,93.06,10.883,,-118.74,8.843,,173.93,10.420,
7xv9_ZN_homo_d2.60_cluster4,3,#d62728,1,7xv9_ZN_homo_d2.60_cluster4,30.5732,Cx5Cx9Cx2C-LLHH,-123.58,0.9917,0.6418,0.1760,0.1810,16.740,/Users/stetef/Documents/SLAC/pdb-scraper/data/large-cys-his-datasets/4cys-large/output/xyz_files/7xv9_ZN_homo_d2.60_cluster4.xyz,-177.86,15.427,,-92.05,16.393,,-111.61,16.930,,-112.81,12.853,
7xwe_ZN_homo_d2.60_cluster2,3,#d62728,1,7xwe_ZN_homo_d2.60_cluster2,17.9378,Cx24Cx2Cx20C-LHHL,-9.20,0.9592,0.4815,0.1790,0.2000,13.890,/Users/stetef/Documents/SLAC/pdb-scraper/data/large-cys-his-datasets/4cys-large/output/xyz_files/7xwe_ZN_homo_d2.60_cluster2.xyz,-179.45,15.167,,-126.08,13.797,,90.65,14.230,,178.09,14.027,
7xwe_ZN_homo_d2.60_cluster5,2,#2ca02c,1,7xwe_ZN_homo_d2.60_cluster5,16.5098,Cx24Cx2Cx20C-LHHL,78.06,0.9531,0.4423,0.1790,0.2000,14.040,/Users/stetef/Documents/SLAC/pdb-scraper/data/large-cys-his-datasets/4cys-large/output/xyz_files/7xwe_ZN_homo_d2.60_cluster5.xyz,178.18,16.087,,173.73,13.837,,88.46,13.730,,-128.12,13.130,
7xwf_ZN_homo_d2.60_cluster2,3,#d62728,1,7xwf_ZN_homo_d2.60_cluster2,17.3336,Cx24Cx2Cx20C-LHHL,79.10,0.9647,0.4603,0.1910,0.2100,14.480,/Users/stetef/Documents/SLAC/pdb-scraper/data/large-cys-his-datasets/4cys-large/output/xyz_files/7xwf_ZN_homo_d2.60_cluster2.xyz,176.91,14.127,,91.20,13.410,,176.97,18.470,,-128.69,14.070,
7xwg_ZN_homo_d2.60_cluster2,3,#d62728,1,7xwg_ZN_homo_d2.60_cluster2,18.4326,Cx24Cx2Cx20C-LHHL,74.01,0.9547,0.4721,0.2270,0.2520,33.570,/Users/stetef/Documents/SLAC/pdb-scraper/data/large-cys-his-datasets/4cys-large/output/xyz_files/7xwg_ZN_homo_d2.60_cluster2.xyz,178.56,30.653,,85.75,31.527,,-133.44,34.187,,165.17,37.883,
7xwg_ZN_homo_d2.60_cluster5,2,#2ca02c,1,7xwg_ZN_homo_d2.60_cluster5,17.7532,Cx24Cx2Cx20C-LHHL,75.73,0.9560,0.4620,0.2270,0.2520,31.040,/Users/stetef/Documents/SLAC/pdb-scraper/data/large-cys-his-datasets/4cys-large/output/xyz_files/7xwg_ZN_homo_d2.60_cluster5.xyz,179.26,30.637,,84.81,30.527,,-132.28,32.157,,171.15,37.600,
7y1h_ZN_homo_d2.60_cluster1,0,#1f77b4,1,7y1h_ZN_homo_d2.60_cluster1,10.8558,Cx4Cx41Cx1C-LHLL,10.56,0.9497,0.4358,0.2080,0.2430,58.230,/Users/stetef/Documents/SLAC/pdb-scraper/data/large-cys-his-datasets/4cys-large/output/xyz_files/7y1h_ZN_homo_d2.60_cluster1.xyz,154.71,56.580,,80.49,47.913,,-27.25,75.573,,-165.72,49.687,
7y44_ZN_homo_d2.60_cluster1,5,#c49c94,1,7y44_ZN_homo_d2.60_cluster1,2.1066,Cx1Cx19Cx2C-SLLL,113.69,0.9868,0.4691,0.1880,0.2270,22.340,/Users/stetef/Documents/SLAC/pdb-scraper/data/large-cys-his-datasets/4cys-large/output/xyz_files/7y44_ZN_homo_d2.60_cluster1.xyz,60.35,24.100,,125.85,25.400,,94.65,22.283,,173.90,23.557,
7y44_ZN_homo_d2.60_cluster2,8,#dbdb8d,1,7y44_ZN_homo_d2.60_cluster2,2.8468,Cx1Cx19Cx2C-SLLL,114.34,0.9955,0.4697,0.1880,0.2270,22.800,/Users/stetef/Documents/SLAC/pdb-scraper/data/large-cys-his-datasets/4cys-large/output/xyz_files/7y44_ZN_homo_d2.60_cluster2.xyz,172.87,21.923,,88.84,25.067,,65.73,22.290,,129.93,23.103,
7y6w_ZN_homo_d2.60_cluster2,2,#2ca02c,1,7y6w_ZN_homo_d2.60_cluster2,18.1662,Cx24Cx2Cx20C-LHHL,77.60,0.9552,0.4819,0.1960,0.2300,25.930,/Users/stetef/Documents/SLAC/pdb-scraper/data/large-cys-his-datasets/4cys-large/output/xyz_files/7y6w_ZN_homo_d2.60_cluster2.xyz,176.85,30.197,,171.35,27.580,,-125.91,25.587,,88.12,23.677,
7y6y_ZN_homo_d2.60_cluster11,7,#c7c7c7,1,7y6y_ZN_homo_d2.60_cluster11,17.5805,Cx24Cx2Cx20C-LHHL,78.46,0.9593,0.4618,0.2270,0.2430,14.140,/Users/stetef/Documents/SLAC/pdb-scraper/data/large-cys-his-datasets/4cys-large/output/xyz_files/7y6y_ZN_homo_d2.60_cluster11.xyz,176.67,20.947,,173.75,14.240,,-127.31,13.277,,90.73,14.113,
7y6y_ZN_homo_d2.60_cluster2,2,#2ca02c,1,7y6y_ZN_homo_d2.60_cluster2,17.2044,Cx24Cx2Cx20C-LHHL,77.26,0.9666,0.4584,0.2270,0.2430,13.820,/Users/stetef/Documents/SLAC/pdb-scraper/data/large-cys-his-datasets/4cys-large/output/xyz_files/7y6y_ZN_homo_d2.60_cluster2.xyz,178.37,20.643,,87.00,14.013,,174.35,14.060,,-130.67,13.183,
7y6y_ZN_homo_d2.60_cluster5,5,#c49c94,1,7y6y_ZN_homo_d2.60_cluster5,17.4422,Cx24Cx2Cx20C-LHHL,78.81,0.9625,0.4590,0.2270,0.2430,14.750,/Users/stetef/Documents/SLAC/pdb-scraper/data/large-cys-his-datasets/4cys-large/output/xyz_files/7y6y_ZN_homo_d2.60_cluster5.xyz,178.59,21.810,,173.42,13.693,,-129.72,13.453,,92.96,13.570,
7y6y_ZN_homo_d2.60_cluster8,7,#c7c7c7,1,7y6y_ZN_homo_d2.60_cluster8,17.5994,Cx24Cx2Cx20C-LHHL,78.11,0.9616,0.4620,0.2270,0.2430,14.270,/Users/stetef/Documents/SLAC/pdb-scraper/data/large-cys-his-datasets/4cys-large/output/xyz_files/7y6y_ZN_homo_d2.60_cluster8.xyz,174.02,14.433,,177.20,20.743,,89.38,13.667,,-128.14,13.390,
7y6z_ZN_homo_d2.60_cluster2,8,#dbdb8d,1,7y6z_ZN_homo_d2.60_cluster2,17.1082,Cx24Cx2Cx20C-LHHL,78.86,0.9828,0.4719,0.2380,0.2710,31.650,/Users/stetef/Documents/SLAC/pdb-scraper/data/large-cys-his-datasets/4cys-large/output/xyz_files/7y6z_ZN_homo_d2.60_cluster2.xyz,-121.93,23.130,,174.29,26.897,,83.15,23.067,,179.92,27.340,
7y70_ZN_homo_d2.60_cluster1,3,#d62728,1,7y70_ZN_homo_d2.60_cluster1,17.9964,Cx24Cx2Cx20C-LSHL,80.54,0.9609,0.4638,0.2110,0.2230,30.060,/Users/stetef/Documents/SLAC/pdb-scraper/data/large-cys-his-datasets/4cys-large/output/xyz_files/7y70_ZN_homo_d2.60_cluster1.xyz,-128.16,30.337,,178.95,35.440,,179.70,24.847,,91.66,27.003,
7ybg_ZN_homo_d2.60_cluster1,5,#c49c94,1,7ybg_ZN_homo_d2.60_cluster1,21.4464,Cx2Cx31Cx1C-SLLL,-3.33,0.9927,0.4198,0.1740,0.2070,42.440,/Users/stetef/Documents/SLAC/pdb-scraper/data/large-cys-his-datasets/4cys-large/output/xyz_files/7ybg_ZN_homo_d2.60_cluster1.xyz,-171.47,46.907,,148.18,41.317,,113.14,43.917,,-103.18,49.997,
7yh2_ZN_homo_d2.60_cluster1,1,#ff7f0e,1,7yh2_ZN_homo_d2.60_cluster1,37.0569,Cx2Cx13Cx32C-LLHS,150.11,0.9408,0.7443,0.1720,0.2120,24.540,/Users/stetef/Documents/SLAC/pdb-scraper/data/large-cys-his-datasets/4cys-large/output/xyz_files/7yh2_ZN_homo_d2.60_cluster1.xyz,159.84,21.283,,169.90,19.027,,167.32,18.480,,103.39,24.593,
7yh2_ZN_homo_d2.60_cluster2,1,#ff7f0e,1,7yh2_ZN_homo_d2.60_cluster2,36.9923,Cx2Cx13Cx32C-LLHS,147.78,0.9410,0.7437,0.1720,0.2120,27.680,/Users/stetef/Documents/SLAC/pdb-scraper/data/large-cys-his-datasets/4cys-large/output/xyz_files/7yh2_ZN_homo_d2.60_cluster2.xyz,169.73,20.480,,97.83,25.130,,166.18,26.253,,157.38,26.080,
7yh3_ZN_homo_d2.60_cluster1,5,#c49c94,1,7yh3_ZN_homo_d2.60_cluster1,36.8759,Cx2Cx13Cx32C-LLHS,147.60,0.9369,0.7453,0.2190,0.2580,11.640,/Users/stetef/Documents/SLAC/pdb-scraper/data/large-cys-his-datasets/4cys-large/output/xyz_files/7yh3_ZN_homo_d2.60_cluster1.xyz,157.69,13.047,,162.75,16.523,,102.03,12.020,,167.92,56.670,
7yh3_ZN_homo_d2.60_cluster2,7,#c7c7c7,1,7yh3_ZN_homo_d2.60_cluster2,37.7015,Cx2Cx13Cx32C-LLHS,145.82,0.9445,0.7436,0.2190,0.2580,8.080,/Users/stetef/Documents/SLAC/pdb-scraper/data/large-cys-his-datasets/4cys-large/output/xyz_files/7yh3_ZN_homo_d2.60_cluster2.xyz,166.71,7.207,,99.83,9.600,,162.17,10.200,,154.57,13.390,
7yh3_ZN_homo_d2.60_cluster3,7,#c7c7c7,1,7yh3_ZN_homo_d2.60_cluster3,39.0279,Cx2Cx13Cx32C-LLLS,146.58,0.9338,0.7766,0.2190,0.2580,12.600,/Users/stetef/Documents/SLAC/pdb-scraper/data/large-cys-his-datasets/4cys-large/output/xyz_files/7yh3_ZN_homo_d2.60_cluster3.xyz,167.44,16.070,,164.96,14.920,,152.26,11.587,,101.65,12.560,
7yh3_ZN_homo_d2.60_cluster4,7,#c7c7c7,1,7yh3_ZN_homo_d2.60_cluster4,39.1675,Cx2Cx13Cx32C-LLHS,140.95,0.9100,0.7663,0.2190,0.2580,13.690,/Users/stetef/Documents/SLAC/pdb-scraper/data/large-cys-his-datasets/4cys-large/output/xyz_files/7yh3_ZN_homo_d2.60_cluster4.xyz,161.29,13.303,,155.77,19.740,,96.10,17.753,,150.64,14.357,
7ypy_ZN_homo_d2.60_cluster1,5,#c49c94,1,7ypy_ZN_homo_d2.60_cluster1,2.5867,Cx1Cx19Cx2C-SLLL,114.04,0.9928,0.4693,0.1600,0.1770,25.100,/Users/stetef/Documents/SLAC/pdb-scraper/data/large-cys-his-datasets/4cys-large/output/xyz_files/7ypy_ZN_homo_d2.60_cluster1.xyz,62.32,26.403,,88.90,26.563,,175.58,25.207,,129.36,25.753,
7ypy_ZN_homo_d2.60_cluster2,3,#d62728,1,7ypy_ZN_homo_d2.60_cluster2,2.8754,Cx1Cx19Cx2C-SLLL,115.59,0.9929,0.4661,0.1600,0.1770,25.570,/Users/stetef/Documents/SLAC/pdb-scraper/data/large-cys-his-datasets/4cys-large/output/xyz_files/7ypy_ZN_homo_d2.60_cluster2.xyz,62.47,26.033,,177.82,26.143,,88.67,28.320,,133.41,25.177,
7yrb_ZN_homo_d2.60_cluster1,5,#c49c94,1,7yrb_ZN_homo_d2.60_cluster1,20.7832,Cx3Cx17Cx8C-HHLL,-6.66,0.9932,0.5802,0.1690,0.1990,22.700,/Users/stetef/Documents/SLAC/pdb-scraper/data/large-cys-his-datasets/4cys-large/output/xyz_files/7yrb_ZN_homo_d2.60_cluster1.xyz,-60.80,31.140,,113.23,20.407,,92.54,20.913,,-171.61,23.013,
7yrb_ZN_homo_d2.60_cluster2,5,#c49c94,1,7yrb_ZN_homo_d2.60_cluster2,26.5405,Cx29Cx2Cx19C-LHHL,18.05,0.9809,0.6724,0.1690,0.1990,19.530,/Users/stetef/Documents/SLAC/pdb-scraper/data/large-cys-his-datasets/4cys-large/output/xyz_files/7yrb_ZN_homo_d2.60_cluster2.xyz,-71.97,23.587,,178.57,19.057,,90.75,18.573,,-125.16,20.913,
7ysi_ZN_homo_d2.60_cluster1,3,#d62728,1,7ysi_ZN_homo_d2.60_cluster1,7.4101,Cx2Cx16Cx2C-LLLL,132.65,0.9792,0.4747,0.1760,0.1880,12.350,/Users/stetef/Documents/SLAC/pdb-scraper/data/large-cys-his-datasets/4cys-large/output/xyz_files/7ysi_ZN_homo_d2.60_cluster1.xyz,93.08,13.237,,87.59,13.553,,176.46,10.903,,173.49,11.810,
7yuj_ZN_homo_d2.60_cluster1,5,#c49c94,1,7yuj_ZN_homo_d2.60_cluster1,27.9394,Cx19Cx8Cx6C-SLLL,-75.91,0.9657,0.5068,0.1550,0.1870,21.510,/Users/stetef/Documents/SLAC/pdb-scraper/data/large-cys-his-datasets/4cys-large/output/xyz_files/7yuj_ZN_homo_d2.60_cluster1.xyz,-134.86,22.500,,-169.03,21.513,,170.84,23.547,,-170.60,21.250,
7yuj_ZN_homo_d2.60_cluster10,5,#c49c94,1,7yuj_ZN_homo_d2.60_cluster10,17.9680,Cx6Cx3Cx2C-LLLL,-31.79,0.9577,0.4759,0.1550,0.1870,22.420,/Users/stetef/Documents/SLAC/pdb-scraper/data/large-cys-his-datasets/4cys-large/output/xyz_files/7yuj_ZN_homo_d2.60_cluster10.xyz,-167.98,19.783,,-137.08,24.123,,96.17,21.320,,81.72,21.577,
7yuj_ZN_homo_d2.60_cluster2,0,#1f77b4,1,7yuj_ZN_homo_d2.60_cluster2,18.6340,Cx6Cx3Cx2C-LLLL,-30.29,0.9652,0.4672,0.1550,0.1870,21.510,/Users/stetef/Documents/SLAC/pdb-scraper/data/large-cys-his-datasets/4cys-large/output/xyz_files/7yuj_ZN_homo_d2.60_cluster2.xyz,-177.02,22.257,,-135.00,22.557,,86.75,23.547,,104.11,21.250,
7yuj_ZN_homo_d2.60_cluster3,0,#1f77b4,1,7yuj_ZN_homo_d2.60_cluster3,8.7188,Cx2Cx14Cx2C-LLLL,131.80,0.9847,0.4893,0.1550,0.1870,24.270,/Users/stetef/Documents/SLAC/pdb-scraper/data/large-cys-his-datasets/4cys-large/output/xyz_files/7yuj_ZN_homo_d2.60_cluster3.xyz,88.49,25.063,,177.11,25.250,,173.53,23.447,,88.06,28.163,
7yuj_ZN_homo_d2.60_cluster4,3,#d62728,1,7yuj_ZN_homo_d2.60_cluster4,18.8343,Cx4Cx14Cx2C-LLLL,154.92,0.9712,0.5418,0.1550,0.1870,24.350,/Users/stetef/Documents/SLAC/pdb-scraper/data/large-cys-his-datasets/4cys-large/output/xyz_files/7yuj_ZN_homo_d2.60_cluster4.xyz,176.51,25.107,,170.49,27.837,,176.01,24.560,,96.68,25.260,
7yuj_ZN_homo_d2.60_cluster6,2,#2ca02c,1,7yuj_ZN_homo_d2.60_cluster6,19.3015,Cx4Cx14Cx2C-LLLL,154.26,0.9714,0.5484,0.1550,0.1870,27.130,/Users/stetef/Documents/SLAC/pdb-scraper/data/large-cys-his-datasets/4cys-large/output/xyz_files/7yuj_ZN_homo_d2.60_cluster6.xyz,179.42,25.973,,174.77,28.230,,168.51,34.767,,94.33,28.343,
7yuj_ZN_homo_d2.60_cluster8,8,#dbdb8d,1,7yuj_ZN_homo_d2.60_cluster8,9.3035,Cx2Cx14Cx2C-LLLL,131.12,0.9818,0.4878,0.1550,0.1870,24.990,/Users/stetef/Documents/SLAC/pdb-scraper/data/large-cys-his-datasets/4cys-large/output/xyz_files/7yuj_ZN_homo_d2.60_cluster8.xyz,88.49,30.317,,174.05,25.110,,175.62,24.877,,86.33,27.723,
7yuj_ZN_homo_d2.60_cluster9,5,#c49c94,1,7yuj_ZN_homo_d2.60_cluster9,25.9570,Cx19Cx8Cx6C-SLLL,-78.36,0.9745,0.4618,0.1550,0.1870,22.420,/Users/stetef/Documents/SLAC/pdb-scraper/data/large-cys-his-datasets/4cys-large/output/xyz_files/7yuj_ZN_homo_d2.60_cluster9.xyz,-134.10,22.107,,-169.23,20.903,,165.88,21.577,,-175.97,21.320,
7yxm_ZN_homo_d2.60_cluster1,3,#d62728,1,7yxm_ZN_homo_d2.60_cluster1,9.3432,Cx2Cx9Cx2C-SLLL,135.01,0.9719,0.4817,0.1600,0.1810,36.860,/Users/stetef/Documents/SLAC/pdb-scraper/data/large-cys-his-datasets/4cys-large/output/xyz_files/7yxm_ZN_homo_d2.60_cluster1.xyz,91.70,37.623,,97.66,38.263,,175.86,37.150,,174.83,32.807,
7yxm_ZN_homo_d2.60_cluster2,5,#c49c94,1,7yxm_ZN_homo_d2.60_cluster2,8.9903,Cx2Cx9Cx2C-SLLL,133.55,0.9794,0.4666,0.1600,0.1810,31.010,/Users/stetef/Documents/SLAC/pdb-scraper/data/large-cys-his-datasets/4cys-large/output/xyz_files/7yxm_ZN_homo_d2.60_cluster2.xyz,94.92,33.820,,91.16,32.107,,173.78,32.077,,174.36,29.200,
7zc3_ZN_homo_d2.60_cluster1,2,#2ca02c,1,7zc3_ZN_homo_d2.60_cluster1,7.1300,Cx2C-Cx2C-HH-HH,13.64,0.9814,0.4663,0.1660,0.1860,20.780,/Users/stetef/Documents/SLAC/pdb-scraper/data/large-cys-his-datasets/4cys-large/output/xyz_files/7zc3_ZN_homo_d2.60_cluster1.xyz,87.57,25.027,,78.28,23.730,,-49.76,26.420,,-61.54,26.773,
7zdd_ZN_homo_d2.60_cluster1,8,#dbdb8d,1,7zdd_ZN_homo_d2.60_cluster1,12.1529,Cx2Cx22Cx2C-LLLL,-29.14,0.9901,0.5055,0.2100,0.2500,17.560,/Users/stetef/Documents/SLAC/pdb-scraper/data/large-cys-his-datasets/4cys-large/output/xyz_files/7zdd_ZN_homo_d2.60_cluster1.xyz,-173.84,14.353,,-115.10,18.477,,83.59,17.493,,88.81,17.707,
7zmx_ZN_homo_d2.60_cluster2,0,#1f77b4,1,7zmx_ZN_homo_d2.60_cluster2,17.6388,Cx4Cx21Cx2C-LLHH,-75.97,0.9890,0.5543,0.1740,0.2040,25.350,/Users/stetef/Documents/SLAC/pdb-scraper/data/large-cys-his-datasets/4cys-large/output/xyz_files/7zmx_ZN_homo_d2.60_cluster2.xyz,98.89,23.757,,-107.23,28.003,,-122.41,26.277,,-173.12,24.097,
7zmx_ZN_homo_d2.60_cluster4,1,#ff7f0e,1,7zmx_ZN_homo_d2.60_cluster4,18.6363,Cx4Cx21Cx2C-LLHH,-74.25,0.9850,0.5481,0.1740,0.2040,19.810,/Users/stetef/Documents/SLAC/pdb-scraper/data/large-cys-his-datasets/4cys-large/output/xyz_files/7zmx_ZN_homo_d2.60_cluster4.xyz,-123.31,21.743,,97.44,19.480,,-98.28,20.447,,-172.85,18.687,
8a3n_ZN_homo_d2.60_cluster2,0,#1f77b4,1,8a3n_ZN_homo_d2.60_cluster2,30.0780,Cx2Cx2Cx7C-LHHH,-7.83,0.9666,0.8089,0.2070,0.2320,28.520,/Users/stetef/Documents/SLAC/pdb-scraper/data/large-cys-his-datasets/4cys-large/output/xyz_files/8a3n_ZN_homo_d2.60_cluster2.xyz,73.56,33.683,,-86.12,28.833,,-112.12,33.343,,93.37,35.433,
8a3n_ZN_homo_d2.60_cluster4,0,#1f77b4,1,8a3n_ZN_homo_d2.60_cluster4,30.2672,Cx2Cx2Cx7C-LHHH,-8.69,0.9688,0.8119,0.2070,0.2320,34.430,/Users/stetef/Documents/SLAC/pdb-scraper/data/large-cys-his-datasets/4cys-large/output/xyz_files/8a3n_ZN_homo_d2.60_cluster4.xyz,72.53,44.330,,92.48,48.980,,-87.63,39.500,,-112.15,43.957,
8ajq_ZN_homo_d2.60_cluster10_altlocLIGA,1,#ff7f0e,1,8ajq_ZN_homo_d2.60_cluster10_altlocLIGA,21.6323,Cx1Cx55Cx2C-LLLL,49.96,0.9911,0.6121,0.1380,0.1520,10.690,/Users/stetef/Documents/SLAC/pdb-scraper/data/large-cys-his-datasets/4cys-large/output/xyz_files/8ajq_ZN_homo_d2.60_cluster10_altlocLIGA.xyz,67.96,11.760,,95.26,10.723,,174.61,10.143,,-137.98,10.230,
8ajq_ZN_homo_d2.60_cluster10_altlocLIGB,1,#ff7f0e,1,8ajq_ZN_homo_d2.60_cluster10_altlocLIGB,21.6323,Cx1Cx55Cx2C-LLLL,49.96,0.9911,0.6121,0.1380,0.1520,10.690,/Users/stetef/Documents/SLAC/pdb-scraper/data/large-cys-his-datasets/4cys-large/output/xyz_files/8ajq_ZN_homo_d2.60_cluster10_altlocLIGB.xyz,67.96,11.760,,95.26,10.723,,174.61,10.143,,-137.98,10.230,
8ajq_ZN_homo_d2.60_cluster12,5,#c49c94,1,8ajq_ZN_homo_d2.60_cluster12,21.4470,Cx1Cx55Cx2C-LLLL,50.75,0.9918,0.6103,0.1380,0.1520,11.330,/Users/stetef/Documents/SLAC/pdb-scraper/data/large-cys-his-datasets/4cys-large/output/xyz_files/8ajq_ZN_homo_d2.60_cluster12.xyz,68.98,12.893,,96.76,10.560,,-137.57,10.943,,174.81,10.613,
8ajq_ZN_homo_d2.60_cluster14,1,#ff7f0e,1,8ajq_ZN_homo_d2.60_cluster14,21.3752,Cx1Cx55Cx2C-LLLL,49.74,0.9917,0.6108,0.1380,0.1520,10.210,/Users/stetef/Documents/SLAC/pdb-scraper/data/large-cys-his-datasets/4cys-large/output/xyz_files/8ajq_ZN_homo_d2.60_cluster14.xyz,69.21,11.580,,-138.29,9.770,,95.83,10.187,,172.21,10.097,
8ajq_ZN_homo_d2.60_cluster15_altlocLIGA,6,#f7b6d2,1,8ajq_ZN_homo_d2.60_cluster15_altlocLIGA,21.2439,Cx1Cx55Cx2C-LLLL,50.74,0.9916,0.6095,0.1380,0.1520,11.420,/Users/stetef/Documents/SLAC/pdb-scraper/data/large-cys-his-datasets/4cys-large/output/xyz_files/8ajq_ZN_homo_d2.60_cluster15_altlocLIGA.xyz,69.66,13.543,,95.27,11.127,,-137.18,10.790,,175.22,10.673,
8ajq_ZN_homo_d2.60_cluster15_altlocLIGB,6,#f7b6d2,1,8ajq_ZN_homo_d2.60_cluster15_altlocLIGB,21.2439,Cx1Cx55Cx2C-LLLL,50.74,0.9916,0.6095,0.1380,0.1520,11.420,/Users/stetef/Documents/SLAC/pdb-scraper/data/large-cys-his-datasets/4cys-large/output/xyz_files/8ajq_ZN_homo_d2.60_cluster15_altlocLIGB.xyz,69.66,13.543,,95.27,11.127,,-137.18,10.790,,175.22,10.673,
8ajq_ZN_homo_d2.60_cluster15_altlocLIGC,6,#f7b6d2,1,8ajq_ZN_homo_d2.60_cluster15_altlocLIGC,21.2439,Cx1Cx55Cx2C-LLLL,50.74,0.9916,0.6095,0.1380,0.1520,11.420,/Users/stetef/Documents/SLAC/pdb-scraper/data/large-cys-his-datasets/4cys-large/output/xyz_files/8ajq_ZN_homo_d2.60_cluster15_altlocLIGC.xyz,69.66,13.543,,95.27,11.127,,-137.18,10.790,,175.22,10.673,
8ajq_ZN_homo_d2.60_cluster2_altlocLIGA,2,#2ca02c,1,8ajq_ZN_homo_d2.60_cluster2_altlocLIGA,21.4492,Cx1Cx55Cx2C-LLLL,50.05,0.9911,0.6108,0.1380,0.1520,10.060,/Users/stetef/Documents/SLAC/pdb-scraper/data/large-cys-his-datasets/4cys-large/output/xyz_files/8ajq_ZN_homo_d2.60_cluster2_altlocLIGA.xyz,68.04,10.880,,-137.69,9.240,,96.55,9.523,,173.31,9.547,
8ajq_ZN_homo_d2.60_cluster2_altlocLIGB,2,#2ca02c,1,8ajq_ZN_homo_d2.60_cluster2_altlocLIGB,21.4492,Cx1Cx55Cx2C-LLLL,50.05,0.9911,0.6108,0.1380,0.1520,10.060,/Users/stetef/Documents/SLAC/pdb-scraper/data/large-cys-his-datasets/4cys-large/output/xyz_files/8ajq_ZN_homo_d2.60_cluster2_altlocLIGB.xyz,68.04,10.880,,-137.69,9.240,,96.55,9.523,,173.31,9.547,
8ajq_ZN_homo_d2.60_cluster4,5,#c49c94,1,8ajq_ZN_homo_d2.60_cluster4,21.2744,Cx1Cx55Cx2C-LLLL,50.13,0.9913,0.6086,0.1380,0.1520,9.500,/Users/stetef/Documents/SLAC/pdb-scraper/data/large-cys-his-datasets/4cys-large/output/xyz_files/8ajq_ZN_homo_d2.60_cluster4.xyz,68.15,10.360,,96.57,9.387,,173.83,8.830,,-138.02,8.637,
8ajq_ZN_homo_d2.60_cluster6_altlocLIGA,6,#f7b6d2,1,8ajq_ZN_homo_d2.60_cluster6_altlocLIGA,21.3785,Cx1Cx55Cx2C-LLLL,50.93,0.9904,0.6104,0.1380,0.1520,9.510,/Users/stetef/Documents/SLAC/pdb-scraper/data/large-cys-his-datasets/4cys-large/output/xyz_files/8ajq_ZN_homo_d2.60_cluster6_altlocLIGA.xyz,69.93,11.053,,-137.00,9.037,,96.22,9.660,,174.57,8.853,
8ajq_ZN_homo_d2.60_cluster6_altlocLIGB,6,#f7b6d2,1,8ajq_ZN_homo_d2.60_cluster6_altlocLIGB,21.3785,Cx1Cx55Cx2C-LLLL,50.93,0.9904,0.6104,0.1380,0.1520,9.510,/Users/stetef/Documents/SLAC/pdb-scraper/data/large-cys-his-datasets/4cys-large/output/xyz_files/8ajq_ZN_homo_d2.60_cluster6_altlocLIGB.xyz,69.93,11.053,,-137.00,9.037,,96.22,9.660,,174.57,8.853,
8ajq_ZN_homo_d2.60_cluster8,1,#ff7f0e,1,8ajq_ZN_homo_d2.60_cluster8,21.2113,Cx1Cx55Cx2C-LLLL,50.57,0.9918,0.6098,0.1380,0.1520,9.050,/Users/stetef/Documents/SLAC/pdb-scraper/data/large-cys-his-datasets/4cys-large/output/xyz_files/8ajq_ZN_homo_d2.60_cluster8.xyz,69.45,10.453,,-137.22,8.663,,96.20,8.900,,173.84,8.957,
8ak6_ZN_homo_d2.60_cluster2,2,#2ca02c,1,8ak6_ZN_homo_d2.60_cluster2,13.5015,Cx2Cx21Cx10C-SLLL,-29.74,0.9933,0.4651,0.1830,0.2220,75.230,/Users/stetef/Documents/SLAC/pdb-scraper/data/large-cys-his-datasets/4cys-large/output/xyz_files/8ak6_ZN_homo_d2.60_cluster2.xyz,-176.89,92.870,,81.95,92.253,,-178.20,72.553,,154.18,89.417,
8ak7_ZN_homo_d2.60_cluster1,8,#dbdb8d,1,8ak7_ZN_homo_d2.60_cluster1,15.5192,Cx2Cx21Cx10C-SLLL,-24.48,0.9640,0.4965,0.2020,0.2330,60.470,/Users/stetef/Documents/SLAC/pdb-scraper/data/large-cys-his-datasets/4cys-large/output/xyz_files/8ak7_ZN_homo_d2.60_cluster1.xyz,89.45,60.457,,-176.26,59.677,,-176.63,57.153,,165.51,68.620,
8ak7_ZN_homo_d2.60_cluster2,2,#2ca02c,1,8ak7_ZN_homo_d2.60_cluster2,15.5978,Cx2Cx21Cx10C-SLLL,62.03,0.9716,0.5048,0.2020,0.2330,68.510,/Users/stetef/Documents/SLAC/pdb-scraper/data/large-cys-his-datasets/4cys-large/output/xyz_files/8ak7_ZN_homo_d2.60_cluster2.xyz,86.58,64.220,,179.06,69.767,,-173.81,58.887,,156.26,73.363,
8ak8_ZN_homo_d2.60_cluster1,0,#1f77b4,1,8ak8_ZN_homo_d2.60_cluster1,15.4764,Cx2Cx21Cx10C-SLLL,-26.27,0.9742,0.4922,0.1630,0.1930,52.840,/Users/stetef/Documents/SLAC/pdb-scraper/data/large-cys-his-datasets/4cys-large/output/xyz_files/8ak8_ZN_homo_d2.60_cluster1.xyz,87.37,54.217,,-178.98,45.397,,-177.67,47.363,,164.20,56.370,
8ak8_ZN_homo_d2.60_cluster2,2,#2ca02c,1,8ak8_ZN_homo_d2.60_cluster2,15.8557,Cx2Cx21Cx10C-SLLL,-28.06,0.9771,0.4976,0.1630,0.1930,57.650,/Users/stetef/Documents/SLAC/pdb-scraper/data/large-cys-his-datasets/4cys-large/output/xyz_files/8ak8_ZN_homo_d2.60_cluster2.xyz,-176.52,54.247,,88.31,60.897,,-178.26,55.207,,154.22,61.830,
8ak9_ZN_homo_d2.60_cluster1,8,#dbdb8d,1,8ak9_ZN_homo_d2.60_cluster1,16.8582,Cx2Cx21Cx10C-SLLL,-24.59,0.9826,0.5035,0.1880,0.2230,66.150,/Users/stetef/Documents/SLAC/pdb-scraper/data/large-cys-his-datasets/4cys-large/output/xyz_files/8ak9_ZN_homo_d2.60_cluster1.xyz,-174.24,62.810,,86.80,72.423,,-170.68,60.547,,159.75,82.433,
8ak9_ZN_homo_d2.60_cluster2,2,#2ca02c,1,8ak9_ZN_homo_d2.60_cluster2,16.6772,Cx2Cx21Cx10C-SLLL,-24.84,0.9831,0.5041,0.1880,0.2230,79.150,/Users/stetef/Documents/SLAC/pdb-scraper/data/large-cys-his-datasets/4cys-large/output/xyz_files/8ak9_ZN_homo_d2.60_cluster2.xyz,-174.61,75.657,,85.61,79.137,,-170.89,68.937,,160.53,99.273,
8aka_ZN_homo_d2.60_cluster1,0,#1f77b4,1,8aka_ZN_homo_d2.60_cluster1,16.2920,Cx2Cx21Cx10C-SLLL,64.90,0.9390,0.4634,0.1800,0.2070,51.240,/Users/stetef/Documents/SLAC/pdb-scraper/data/large-cys-his-datasets/4cys-large/output/xyz_files/8aka_ZN_homo_d2.60_cluster1.xyz,-174.00,46.173,,86.83,52.350,,176.62,45.663,,170.13,56.697,
8aka_ZN_homo_d2.60_cluster2,8,#dbdb8d,1,8aka_ZN_homo_d2.60_cluster2,16.8520,Cx2Cx21Cx10C-SLLL,61.85,0.9740,0.4809,0.1800,0.2070,60.440,/Users/stetef/Documents/SLAC/pdb-scraper/data/large-cys-his-datasets/4cys-large/output/xyz_files/8aka_ZN_homo_d2.60_cluster2.xyz,87.94,56.630,,-174.83,52.430,,173.06,59.220,,161.22,68.150,
8akc_ZN_homo_d2.60_cluster1,8,#dbdb8d,1,8akc_ZN_homo_d2.60_cluster1,15.0328,Cx2Cx21Cx10C-SLLL,-25.99,0.9668,0.4915,0.1880,0.2060,51.100,/Users/stetef/Documents/SLAC/pdb-scraper/data/large-cys-his-datasets/4cys-large/output/xyz_files/8akc_ZN_homo_d2.60_cluster1.xyz,86.65,55.633,,-175.25,47.127,,-174.97,49.550,,159.60,50.533,
8akd_ZN_homo_d2.60_cluster1,8,#dbdb8d,1,8akd_ZN_homo_d2.60_cluster1,15.1425,Cx2Cx21Cx10C-SLLL,-25.48,0.9612,0.4918,0.1770,0.2020,56.110,/Users/stetef/Documents/SLAC/pdb-scraper/data/large-cys-his-datasets/4cys-large/output/xyz_files/8akd_ZN_homo_d2.60_cluster1.xyz,89.36,58.110,,-176.28,52.453,,-174.25,53.127,,159.25,63.700,
8akd_ZN_homo_d2.60_cluster2,2,#2ca02c,1,8akd_ZN_homo_d2.60_cluster2,14.9946,Cx2Cx21Cx10C-SLLL,-27.00,0.9825,0.4867,0.1770,0.2020,61.540,/Users/stetef/Documents/SLAC/pdb-scraper/data/large-cys-his-datasets/4cys-large/output/xyz_files/8akd_ZN_homo_d2.60_cluster2.xyz,90.13,65.377,,-178.21,69.633,,-173.07,60.833,,153.14,65.400,
8ake_ZN_homo_d2.60_cluster1,2,#2ca02c,1,8ake_ZN_homo_d2.60_cluster1,15.4888,Cx2Cx21Cx10C-SLLL,62.54,0.9809,0.4726,0.1780,0.2240,48.120,/Users/stetef/Documents/SLAC/pdb-scraper/data/large-cys-his-datasets/4cys-large/output/xyz_files/8ake_ZN_homo_d2.60_cluster1.xyz,88.54,45.520,,179.45,45.807,,-176.90,43.417,,159.05,58.963,
8ake_ZN_homo_d2.60_cluster2,2,#2ca02c,1,8ake_ZN_homo_d2.60_cluster2,15.7322,Cx2Cx21Cx10C-SLLL,61.67,0.9628,0.4723,0.1780,0.2240,62.240,/Users/stetef/Documents/SLAC/pdb-scraper/data/large-cys-his-datasets/4cys-large/output/xyz_files/8ake_ZN_homo_d2.60_cluster2.xyz,178.73,58.573,,87.21,53.673,,-175.60,59.067,,156.37,62.763,
8akf_ZN_homo_d2.60_cluster1,0,#1f77b4,1,8akf_ZN_homo_d2.60_cluster1,13.8980,Cx2Cx21Cx10C-SLLL,67.32,0.9593,0.4678,0.1860,0.2250,64.590,/Users/stetef/Documents/SLAC/pdb-scraper/data/large-cys-his-datasets/4cys-large/output/xyz_files/8akf_ZN_homo_d2.60_cluster1.xyz,102.96,65.027,,178.66,55.567,,164.34,66.387,,-176.69,61.720,
8akf_ZN_homo_d2.60_cluster2,8,#dbdb8d,1,8akf_ZN_homo_d2.60_cluster2,14.7735,Cx2Cx21Cx10C-SLLL,-28.38,0.9555,0.4851,0.1860,0.2250,69.760,/Users/stetef/Documents/SLAC/pdb-scraper/data/large-cys-his-datasets/4cys-large/output/xyz_files/8akf_ZN_homo_d2.60_cluster2.xyz,-176.29,76.710,,95.05,68.527,,-178.93,68.907,,146.65,74.543,
8akg_ZN_homo_d2.60_cluster1,8,#dbdb8d,1,8akg_ZN_homo_d2.60_cluster1,15.9795,Cx2Cx21Cx10C-SLLL,64.80,0.9733,0.4789,0.1740,0.1930,48.970,/Users/stetef/Documents/SLAC/pdb-scraper/data/large-cys-his-datasets/4cys-large/output/xyz_files/8akg_ZN_homo_d2.60_cluster1.xyz,92.38,48.033,,-172.05,46.040,,177.44,45.517,,161.43,53.353,
8akg_ZN_homo_d2.60_cluster2,2,#2ca02c,1,8akg_ZN_homo_d2.60_cluster2,16.2860,Cx2Cx21Cx10C-SLLL,63.26,0.9781,0.4769,0.1740,0.1930,59.270,/Users/stetef/Documents/SLAC/pdb-scraper/data/large-cys-his-datasets/4cys-large/output/xyz_files/8akg_ZN_homo_d2.60_cluster2.xyz,85.65,53.903,,176.98,55.073,,-171.43,53.943,,161.81,57.927,
8aop_ZN_homo_d2.60_cluster1,8,#dbdb8d,1,8aop_ZN_homo_d2.60_cluster1,8.1928,Cx2Cx62Cx2C-SLSL,133.56,0.9858,0.4841,0.1970,0.2270,38.860,/Users/stetef/Documents/SLAC/pdb-scraper/data/large-cys-his-datasets/4cys-large/output/xyz_files/8aop_ZN_homo_d2.60_cluster1.xyz,166.14,36.173,,91.63,40.943,,179.29,38.847,,97.18,42.333,
8aop_ZN_homo_d2.60_cluster2,5,#c49c94,1,8aop_ZN_homo_d2.60_cluster2,8.1976,Cx2Cx62Cx2C-SLSL,43.52,0.9890,0.4823,0.1970,0.2270,68.500,/Users/stetef/Documents/SLAC/pdb-scraper/data/large-cys-his-datasets/4cys-large/output/xyz_files/8aop_ZN_homo_d2.60_cluster2.xyz,-179.74,58.780,,167.81,59.317,,97.32,74.410,,88.70,72.683,
8aop_ZN_homo_d2.60_cluster3,7,#c7c7c7,1,8aop_ZN_homo_d2.60_cluster3,8.6787,Cx2Cx62Cx2C-SLSL,130.17,0.9842,0.5012,0.1970,0.2270,58.080,/Users/stetef/Documents/SLAC/pdb-scraper/data/large-cys-his-datasets/4cys-large/output/xyz_files/8aop_ZN_homo_d2.60_cluster3.xyz,165.93,63.633,,169.38,61.297,,95.12,60.223,,90.25,60.357,
8b1v_ZN_homo_d2.60_cluster1,5,#c49c94,1,8b1v_ZN_homo_d2.60_cluster1,32.1540,Cx2Cx2Cx7C-LHHH,-9.73,0.9883,0.8349,0.2030,0.2220,42.950,/Users/stetef/Documents/SLAC/pdb-scraper/data/large-cys-his-datasets/4cys-large/output/xyz_files/8b1v_ZN_homo_d2.60_cluster1.xyz,89.54,41.797,,-104.79,43.403,,70.97,42.277,,-94.62,38.190,
8b1v_ZN_homo_d2.60_cluster2,5,#c49c94,1,8b1v_ZN_homo_d2.60_cluster2,32.5838,Cx2Cx2Cx7C-LHHH,-9.18,0.9898,0.8369,0.2030,0.2220,50.680,/Users/stetef/Documents/SLAC/pdb-scraper/data/large-cys-his-datasets/4cys-large/output/xyz_files/8b1v_ZN_homo_d2.60_cluster2.xyz,-104.03,52.323,,75.25,48.317,,-98.63,44.600,,90.67,53.677,
8b9n_ZN_homo_d2.60_cluster1,3,#d62728,1,8b9n_ZN_homo_d2.60_cluster1,19.5730,Cx2Cx18Cx2C-LLLL,-4.32,0.9769,0.4829,0.2410,0.2780,30.970,/Users/stetef/Documents/SLAC/pdb-scraper/data/large-cys-his-datasets/4cys-large/output/xyz_files/8b9n_ZN_homo_d2.60_cluster1.xyz,-179.18,29.647,,-98.11,30.720,,86.73,35.383,,173.28,35.153,
8b9n_ZN_homo_d2.60_cluster2,8,#dbdb8d,1,8b9n_ZN_homo_d2.60_cluster2,19.2585,Cx2Cx18Cx2C-LLLL,-3.91,0.9812,0.4560,0.2410,0.2780,35.780,/Users/stetef/Documents/SLAC/pdb-scraper/data/large-cys-his-datasets/4cys-large/output/xyz_files/8b9n_ZN_homo_d2.60_cluster2.xyz,-175.32,34.973,,-99.87,35.477,,175.27,41.817,,84.28,39.083,
8ba5_ZN_homo_d2.60_cluster1,8,#dbdb8d,1,8ba5_ZN_homo_d2.60_cluster1,18.2965,Cx2Cx16Cx2C-LLSH,57.03,0.9886,0.5174,0.1880,0.2130,22.280,/Users/stetef/Documents/SLAC/pdb-scraper/data/large-cys-his-datasets/4cys-large/output/xyz_files/8ba5_ZN_homo_d2.60_cluster1.xyz,166.95,22.233,,87.71,24.037,,-118.47,21.907,,91.93,23.077,
8ba5_ZN_homo_d2.60_cluster2,8,#dbdb8d,1,8ba5_ZN_homo_d2.60_cluster2,13.5625,Cx2Cx18Cx2C-LLSH,60.08,0.9922,0.4956,0.1880,0.2130,17.840,/Users/stetef/Documents/SLAC/pdb-scraper/data/large-cys-his-datasets/4cys-large/output/xyz_files/8ba5_ZN_homo_d2.60_cluster2.xyz,90.54,14.723,,-114.49,16.007,,93.46,20.107,,170.82,16.543,
8ba5_ZN_homo_d2.60_cluster3,2,#2ca02c,1,8ba5_ZN_homo_d2.60_cluster3,16.2369,Cx4Cx28Cx2C-LLLL,-3.46,0.9911,0.4774,0.1880,0.2130,22.210,/Users/stetef/Documents/SLAC/pdb-scraper/data/large-cys-his-datasets/4cys-large/output/xyz_files/8ba5_ZN_homo_d2.60_cluster3.xyz,-106.57,27.410,,86.46,22.617,,-161.58,24.097,,167.87,24.553,
8bc6_ZN_homo_d2.60_cluster1,8,#dbdb8d,1,8bc6_ZN_homo_d2.60_cluster1,7.1319,Cx2Cx62Cx2C-SLSL,45.24,0.9876,0.4805,0.1960,0.2230,23.980,/Users/stetef/Documents/SLAC/pdb-scraper/data/large-cys-his-datasets/4cys-large/output/xyz_files/8bc6_ZN_homo_d2.60_cluster1.xyz,167.84,22.860,,99.09,26.243,,93.72,25.313,,-179.67,22.043,
8bc6_ZN_homo_d2.60_cluster2,0,#1f77b4,1,8bc6_ZN_homo_d2.60_cluster2,7.5477,Cx2Cx62Cx2C-SLSL,132.88,0.9853,0.4812,0.1960,0.2230,41.500,/Users/stetef/Documents/SLAC/pdb-scraper/data/large-cys-his-datasets/4cys-large/output/xyz_files/8bc6_ZN_homo_d2.60_cluster2.xyz,93.68,45.703,,178.19,34.300,,168.00,37.240,,91.64,45.147,
8bc6_ZN_homo_d2.60_cluster3,2,#2ca02c,1,8bc6_ZN_homo_d2.60_cluster3,6.7857,Cx2Cx62Cx2C-SLSL,132.55,0.9900,0.4840,0.1960,0.2230,38.900,/Users/stetef/Documents/SLAC/pdb-scraper/data/large-cys-his-datasets/4cys-large/output/xyz_files/8bc6_ZN_homo_d2.60_cluster3.xyz,90.06,40.897,,90.46,41.953,,174.19,43.030,,175.47,39.343,
8bc7_ZN_homo_d2.60_cluster1,5,#c49c94,1,8bc7_ZN_homo_d2.60_cluster1,7.1678,Cx2Cx62Cx2C-SLSL,134.09,0.9908,0.4793,0.1740,0.2110,26.450,/Users/stetef/Documents/SLAC/pdb-scraper/data/large-cys-his-datasets/4cys-large/output/xyz_files/8bc7_ZN_homo_d2.60_cluster1.xyz,167.67,26.020,,92.06,27.597,,98.61,27.647,,178.01,25.230,
8bc7_ZN_homo_d2.60_cluster2,2,#2ca02c,1,8bc7_ZN_homo_d2.60_cluster2,7.4617,Cx2Cx62Cx2C-SLSL,133.59,0.9866,0.4812,0.1740,0.2110,33.800,/Users/stetef/Documents/SLAC/pdb-scraper/data/large-cys-his-datasets/4cys-large/output/xyz_files/8bc7_ZN_homo_d2.60_cluster2.xyz,91.41,37.083,,173.47,30.730,,97.43,38.940,,172.04,32.510,
8bc7_ZN_homo_d2.60_cluster3,3,#d62728,1,8bc7_ZN_homo_d2.60_cluster3,7.2709,Cx2Cx62Cx2C-SLSL,133.96,0.9875,0.4886,0.1740,0.2110,37.660,/Users/stetef/Documents/SLAC/pdb-scraper/data/large-cys-his-datasets/4cys-large/output/xyz_files/8bc7_ZN_homo_d2.60_cluster3.xyz,90.99,39.950,,97.85,42.800,,176.46,36.883,,170.55,39.290,
8bl0_ZN_homo_d2.60_cluster1,8,#dbdb8d,1,8bl0_ZN_homo_d2.60_cluster1,15.5279,Cx2Cx21Cx10C-SLLL,-26.80,0.9673,0.4869,0.2030,0.2390,51.390,/Users/stetef/Documents/SLAC/pdb-scraper/data/large-cys-his-datasets/4cys-large/output/xyz_files/8bl0_ZN_homo_d2.60_cluster1.xyz,87.40,55.447,,-177.85,48.433,,-175.37,49.117,,158.61,54.627,
8bl0_ZN_homo_d2.60_cluster2,8,#dbdb8d,1,8bl0_ZN_homo_d2.60_cluster2,14.9271,Cx2Cx21Cx10C-SLLL,-27.31,0.9788,0.4869,0.2030,0.2390,55.470,/Users/stetef/Documents/SLAC/pdb-scraper/data/large-cys-his-datasets/4cys-large/output/xyz_files/8bl0_ZN_homo_d2.60_cluster2.xyz,84.73,58.550,,-178.58,51.730,,-171.78,49.753,,156.41,59.960,
8bru_ZN_homo_d2.60_cluster1,8,#dbdb8d,1,8bru_ZN_homo_d2.60_cluster1,1.0207,Cx2Cx9Cx2C-LLLL,133.43,0.9969,0.4855,0.1460,0.1810,23.110,/Users/stetef/Documents/SLAC/pdb-scraper/data/large-cys-his-datasets/4cys-large/output/xyz_files/8bru_ZN_homo_d2.60_cluster1.xyz,177.92,21.340,,92.24,23.447,,90.66,24.260,,172.88,23.870,
