# # Once                                                         FEFF 10.0.0 
# # POT  SCF 100  9.0000   0, core-hole, FOLP (folp(0)= 1.150)
# # Abs   Z=30 Rmt= 1.412 Rnm= 1.532 K  shell
# #   RGRID 0.0100
# # Pot 1 Z= 6 Rmt= 0.807 Rnm= 1.035
# # Pot 2 Z= 6 Rmt= 0.799 Rnm= 1.006
# # Pot 3 Z= 6 Rmt= 0.807 Rnm= 1.034
# # Pot 4 Z= 6 Rmt= 0.775 Rnm= 1.001
# # Pot 5 Z= 6 Rmt= 0.901 Rnm= 1.125
# # Pot 6 Z= 6 Rmt= 0.934 Rnm= 1.173
# # Pot 7 Z= 1 Rmt= 0.558 Rnm= 0.967
# # Pot 8 Z= 1 Rmt= 0.496 Rnm= 0.868
# # Pot 9 Z= 7 Rmt= 0.787 Rnm= 0.989
# # Pot10 Z= 7 Rmt= 0.811 Rnm= 0.996
# # Pot11 Z=16 Rmt= 1.244 Rnm= 1.465
# # Gam_ch=1.897E+00 H-L exch Vi= 0.000E+00 Vr= 0.000E+00
# # Mu=-7.670E+00eV kf=2.133E+00 Vint=-1.440E+01eV Rs_int= 1.700
# # PATH  Rmax= 9.000,  Keep_limit= 0.00, Heap_limit 0.00  Pwcrit= 2.50%
#  S02=1.000  Temp=  10.00  Debye_temp= 315.00  Global_sig2= 0.00000
#  Energy zero shift, vr, vi    0.00000E+00   0.00000E+00
#  Curved wave amplitude ratio filter   4.000%
#     file         sig2 tot  cw amp ratio   deg  nlegs   reff  inp sig2
#           1       0.00374    100.00      1.00     2   2.1504
#           2       0.00396     99.98      1.00     2   2.1506
#           3       0.00297     83.79      1.00     2   2.3597
#           4       0.00295     83.73      1.00     2   2.3603
#           5       0.00480     41.40      1.00     2   2.9936
#           6       0.00494     41.53      1.00     2   3.0002
#           7       0.03998     10.30      1.00     2   3.0032
#           8       0.02857      9.79      1.00     2   3.0626
#           9       0.01874      9.63      1.00     2   3.0813
#          10       0.00386     51.34      2.00     3   3.2448
#          11       0.00619     33.75      1.00     2   3.2607
#          12       0.00392     46.61      2.00     3   3.2694
#          13       0.00602     32.22      1.00     2   3.2995
#          14       0.00536     31.68      1.00     2   3.3101
#          15       0.00481     85.13      2.00     3   3.3928
#          16       0.00441     73.68      2.00     3   3.4262
#          17       0.00522     73.30      1.00     4   3.4861
#          18       0.00452     17.81      1.00     4   3.4894
#          19       0.00463     57.06      1.00     4   3.5422
#          20       0.01334      9.13      2.00     3   3.5441
#          21       0.00452     13.33      1.00     4   3.5451
#          22       0.00858      8.86      2.00     3   3.5568
#          23       0.01727     12.50      2.00     2   3.6261
#          24       0.00746     24.97      1.00     2   3.6463
#          25       0.01522      6.50      2.00     3   3.6657
#          26       0.01775     12.39      2.00     3   3.6669
#          27       0.01487      6.24      2.00     3   3.6868
#          28       0.02773      5.91      1.00     2   3.7001
#          29       0.00345     35.05      2.00     3   3.7149
#          30       0.00636      8.32      2.00     3   3.7772
#          31       0.01787      5.51      1.00     2   3.7968
#          32       0.01322     12.13      2.00     4   3.8014
#          33       0.00977     10.48      2.00     4   3.8199
#          34       0.01892      5.38      1.00     2   3.8312
#          35       0.01841      5.75      2.00     3   3.8762
#          36       0.00430     37.24      2.00     3   3.9055
#          37       0.01600      7.71      2.00     3   3.9365
#          38       0.01875      7.01      2.00     3   3.9672
#          39       0.01341      7.62      2.00     3   3.9787
#          40       0.00799      7.39      2.00     3   3.9841
#          41       0.00355      5.81      2.00     3   4.0179
#          42       0.01129     18.89      2.00     4   4.0720
#          43       0.04160      5.91      1.00     4   4.0732
#          44       0.00353     18.10      1.00     2   4.0756
#          45       0.02114      5.86      1.00     4   4.0946
#          46       0.03276     17.12      2.00     4   4.1002
#          47       0.01345      5.76      1.00     4   4.1133
#          48       0.01664      4.42      1.00     2   4.1153
#          51       0.00513      7.51      2.00     3   4.1436
#          52       0.00369      7.87      2.00     3   4.1562
#          53       0.00479      7.86      2.00     3   4.1562
#          54       0.00455     13.22      1.00     4   4.1647
#          55       0.00394     11.19      1.00     4   4.1692
#          56       0.00420     16.14      1.00     2   4.2230
#          57       0.01261     15.06      2.00     3   4.2230
#          58       0.00394     10.73      2.00     3   4.2306
#          59       0.00385     10.61      2.00     3   4.2393
#          60       0.00418     16.06      1.00     2   4.2441
#          62       0.00811      4.72      2.00     3   4.2565
#          63       0.01394      4.97      2.00     3   4.2674
#          64       0.00913      4.73      2.00     3   4.2737
#          65       0.00757      4.04      2.00     5   4.2768
#          66       0.00448     50.42      2.00     3   4.2835
#          67       0.01347      4.98      2.00     3   4.2866
#          68       0.00960      4.81      2.00     4   4.2893
#          69       0.00393     37.16      2.00     3   4.2971
#          70       0.00747     10.74      1.00     4   4.3008
#          71       0.00792     10.74      1.00     4   4.3012
#          73       0.00451     50.53      2.00     3   4.3047
#          75       0.00412      8.12      2.00     3   4.3108
#          76       0.00436     24.43      2.00     4   4.3238
#          77       0.00935      4.17      2.00     4   4.3253
#          78       0.00400     35.97      2.00     3   4.3283
#          79       0.01120     14.21      1.00     4   4.3307
#          81       0.00509     26.03      1.00     4   4.3392
#          83       0.00462     52.19      1.00     4   4.3440
#          84       0.00455     21.30      2.00     4   4.3554
#          85       0.00387     59.87      2.00     4   4.3576
#          86       0.00467     14.65      1.00     2   4.3657
#          87       0.00712     52.28      1.00     4   4.3654
#          88       0.00451     46.27      2.00     3   4.3681
#          89       0.00454     37.21      1.00     4   4.3705
#          90       0.00419     25.80      1.00     4   4.3712
#          91       0.00995     18.52      2.00     5   4.3825
#          92       0.00864      5.72      2.00     5   4.3857
#          93       0.00548     22.56      1.00     4   4.3881
#          94       0.00391     57.22      2.00     4   4.3890
#          95       0.00410     14.59      1.00     2   4.3903
#          96       0.00403     44.17      2.00     3   4.4004
#          97       0.00401     34.57      1.00     4   4.4106
#          98       0.00352      5.25      2.00     3   4.4116
#          99       0.00413     24.38      1.00     4   4.4125
#         100       0.01246      7.63      2.00     3   4.4229
#         101       0.00695     14.66      2.00     5   4.4248
#         102       0.01103      5.86      2.00     3   4.4322
#         104       0.00489     14.17      2.00     3   4.4349
#         105       0.00355      5.03      2.00     3   4.4380
#         106       0.00929     15.46      2.00     5   4.4413
#         107       0.00867      4.44      2.00     5   4.4440
#         108       0.00785     12.52      2.00     5   4.4582
#         109       0.00512     19.21      2.00     4   4.4839
#         110       0.00525     29.19      2.00     3   4.5058
#         111       0.00581     17.07      2.00     4   4.5064
#         112       0.00497     49.52      2.00     4   4.5082
#         113       0.00444      4.23      2.00     4   4.5103
#         115       0.00496      4.22      2.00     4   4.5107
#         117       0.00484     24.52      2.00     4   4.5115
#         118       0.01406      4.11      2.00     4   4.5157
#         119       0.00682     28.74      1.00     6   4.5180
#         120       0.00474     24.29      2.00     4   4.5206
#         121       0.00753     12.54      1.00     6   4.5214
#         122       0.00423     48.39      2.00     4   4.5281
#         123       0.00750      4.14      2.00     4   4.5329
#         124       0.00455     28.84      2.00     3   4.5368
#         125       0.00860     11.18      2.00     4   4.5398
#         126       0.02094      4.64      2.00     4   4.5407
#         127       0.00443     46.47      2.00     4   4.5469
#         128       0.00780     24.34      1.00     6   4.5742
#         129       0.01248      6.25      2.00     5   4.5761
#         130       0.00771      9.77      1.00     6   4.5771
#         131       0.00435     45.03      2.00     4   4.5805
#         132       0.00575     68.16      2.00     5   4.5838
#         133       0.00421     13.01      2.00     3   4.5850
#         134       0.00582    102.10      2.00     5   4.5886
#         135       0.00457     47.22      2.00     4   4.5991
#         136       0.00609     52.84      2.00     5   4.5996
#         137       0.00526     54.40      2.00     5   4.6000
#         138       0.00457     83.64      2.00     5   4.6015
#         139       0.00436     71.49      2.00     5   4.6022
#         140       0.00519     53.18      2.00     5   4.6048
#         141       0.01387      4.81      2.00     3   4.6106
#         144       0.00525     26.34      1.00     4   4.6349
#         145       0.00494     49.13      2.00     5   4.6366
#         146       0.00444     93.68      2.00     5   4.6412
#         147       0.00584     26.55      1.00     4   4.6459
#         149       0.00423     43.99      2.00     4   4.6528
#         150       0.00419     76.13      2.00     5   4.6630
#         151       0.00628     53.27      2.00     5   4.6639
#         153       0.00437     63.68      2.00     5   4.6648
#         154       0.00879      9.50      2.00     4   4.6772
#         155       0.00542     25.61      1.00     4   4.6833
#         156       0.01215     22.46      1.00     4   4.7020
#         157       0.00557      4.55      2.00     3   4.7042
#         158       0.00594      5.87      1.00     4   4.7194
#         160       0.00590      5.86      1.00     4   4.7206
#         161       0.00870      4.69      2.00     3   4.7231
#         163       0.01175    105.40      2.00     5   4.7282
#         165       0.02329      6.49      2.00     5   4.7369
#         166       0.00502     71.78      2.00     5   4.7392
#         168       0.02566      8.33      2.00     4   4.7601
#         169       0.00634     12.72      2.00     4   4.7647
#         170       0.00520     39.08      2.00     5   4.7652
#         172       0.00406      9.32      2.00     3   4.7797
#         173       0.00413     18.13      2.00     4   4.7821
#         174       0.00988      4.63      2.00     4   4.7822
#         175       0.01070     12.86      2.00     4   4.7837
#         176       0.01058     19.80      2.00     5   4.7849
#         177       0.00524     36.35      2.00     5   4.7873
#         178       0.00589      4.83      1.00     4   4.7942
#         179       0.00398     10.19      2.00     3   4.7966
#         180       0.00365     64.56      2.00     5   4.7993
#         181       0.01963      7.51      2.00     4   4.8055
#         182       0.00411     19.09      2.00     4   4.8067
#         184       0.00486     81.50      2.00     5   4.8180
#         185       0.01227    113.70      1.00     6   4.8215
#         186       0.00959     42.67      1.00     6   4.8284
#         187       0.00590     54.21      1.00     6   4.8325
#         188       0.00579     60.36      1.00     6   4.8332
#         189       0.01198      7.97      2.00     6   4.8334
#         190       0.00823     11.17      2.00     4   4.8401
#         191       0.01311      4.47      2.00     4   4.8412
#         193       0.01211      6.92      2.00     6   4.8519
#         194       0.01230     11.59      2.00     4   4.8553
#         195       0.01266      6.53      2.00     4   4.8565
#         196       0.00409      5.77      2.00     3   4.8674
#         198       0.00421      6.31      2.00     3   4.8746
#         199       0.01071     19.95      2.00     5   4.8744
#         201       0.00917    100.60      2.00     6   4.8806
#         202       0.00810    102.00      2.00     6   4.8812
#         204       0.00392      6.64      2.00     4   4.8891
#         205       0.01028      6.09      2.00     4   4.8955
#         206       0.00840     17.81      2.00     5   4.8957
#         207       0.01129      6.27      2.00     3   4.8970
#         208       0.01503     27.73      2.00     5   4.9006
#         209       0.00873     18.67      2.00     5   4.9119
#         210       0.01161     13.04      2.00     5   4.9142
#         211       0.00565     47.10      1.00     6   4.9154
#         212       0.01736     28.51      2.00     5   4.9159
#         213       0.00683     51.49      1.00     6   4.9170
#         214       0.00373      9.83      2.00     4   4.9198
#         215       0.00371     10.38      2.00     4   4.9279
#         216       0.01510      4.20      2.00     4   4.9289
#         217       0.01072     79.87      1.00     6   4.9341
#         218       0.00373     11.28      2.00     4   4.9353
#         219       0.01038     16.18      2.00     5   4.9386
#         220       0.01049     12.38      2.00     5   4.9395
#         221       0.00947     29.93      1.00     6   4.9397
#         222       0.00489     10.07      2.00     4   4.9416
#         223       0.01495      4.12      2.00     4   4.9415
#         225       0.00355     10.81      2.00     4   4.9431
#         226       0.00398      5.99      2.00     4   4.9443
#         229       0.01740      4.17      2.00     3   4.9555
#         230       0.00531     10.46      2.00     4   4.9588
#         231       0.00435     20.24      2.00     4   4.9679
#         232       0.01290      5.35      2.00     5   4.9685
#         233       0.02002      4.51      2.00     4   4.9699
#         234       0.00535     10.24      1.00     2   4.9714
#         237       0.00445     17.66      2.00     4   4.9835
#         240       0.00924      7.55      2.00     5   4.9941
#         241       0.01306      4.92      2.00     5   4.9992
#         242       0.00406     17.95      2.00     4   5.0005
#         243       0.02606     10.58      2.00     5   5.0047
#         244       0.00401     17.81      2.00     4   5.0096
#         245       0.00608     10.97      2.00     5   5.0093
#         246       0.01560      8.44      2.00     3   5.0110
#         247       0.01267      5.38      2.00     5   5.0107
#         248       0.00416     25.65      2.00     5   5.0131
#         249       0.01418      5.27      2.00     5   5.0161
#         251       0.01529     10.35      2.00     5   5.0222
#         253       0.00417     29.56      2.00     5   5.0285
#         254       0.00526     32.92      2.00     3   5.0404
#         255       0.00465     17.87      2.00     4   5.0412
#         256       0.00436     26.58      2.00     5   5.0440
#         257       0.00859      4.25      2.00     4   5.0515
#         258       0.00466     33.18      2.00     5   5.0513
#         259       0.00577     35.02      2.00     5   5.0521
#         260       0.00513     15.10      2.00     4   5.0555
#         261       0.01304      9.66      2.00     5   5.0575
#         262       0.00470     31.95      2.00     5   5.0576
#         263       0.00514     29.00      2.00     5   5.0579
#         264       0.00380     11.82      2.00     4   5.0587
#         265       0.00419     25.33      2.00     5   5.0591
#         266       0.00380     12.78      2.00     4   5.0600
#         267       0.00810      9.93      2.00     5   5.0595
#         268       0.00388     21.25      2.00     5   5.0611
#         269       0.01021      9.98      2.00     5   5.0621
#         271       0.00632      4.91      1.00     4   5.0701
#         272       0.00393     22.96      2.00     5   5.0701
#         273       0.01005      7.49      2.00     3   5.0757
#         274       0.01066      9.68      2.00     5   5.0771
#         275       0.00558     23.48      2.00     3   5.0780
#         276       0.02498      8.72      2.00     5   5.0813
#         277       0.01174      6.02      1.00     4   5.0829
#         278       0.00431     33.69      2.00     5   5.0837
#         279       0.00467     33.30      2.00     5   5.0847
#         283       0.00577      6.39      2.00     3   5.0958
#         284       0.01196     12.79      2.00     6   5.1040
#         285       0.00554     28.73      1.00     4   5.1093
#         286       0.00722      4.92      2.00     5   5.1126
#         287       0.00351      4.23      2.00     4   5.1164
#         288       0.00754      4.18      2.00     5   5.1161
#         289       0.01333     11.62      2.00     6   5.1321
#         290       0.00761      9.02      2.00     3   5.1380
#         291       0.00396     11.97      2.00     4   5.1382
#         292       0.01258      4.20      2.00     3   5.1398
#         293       0.01025      4.19      2.00     4   5.1402
#         294       0.01153     23.31      2.00     6   5.1403
#         295       0.00945      7.76      2.00     4   5.1442
#         296       0.00890     14.60      2.00     4   5.1452
#         297       0.00739      7.21      1.00     4   5.1456
#         299       0.01641     32.69      2.00     6   5.1452
#         300       0.00375     12.05      2.00     4   5.1460
#         301       0.00477     37.47      2.00     4   5.1469
#         302       0.00934      7.82      2.00     4   5.1506
#         304       0.01041     30.88      2.00     6   5.1553
#         305       0.00856     13.21      2.00     5   5.1579
#         309       0.00495     16.03      2.00     5   5.1725
#         310       0.02043      6.73      2.00     4   5.1787
#         311       0.00799     19.82      1.00     4   5.1845
#         312       0.01240      8.38      2.00     4   5.1851
#         313       0.01267     11.87      2.00     5   5.1856
#         314       0.01200     14.46      2.00     5   5.1875
#         315       0.01150      7.73      2.00     4   5.1892
#         316       0.01061      9.00      2.00     5   5.1908
#         317       0.00791      4.71      2.00     3   5.1919
#         318       0.01434     30.04      2.00     6   5.1917
#         319       0.00875     28.53      2.00     6   5.1932
#         321       0.00414      8.41      2.00     3   5.1945
#         322       0.01150      9.17      2.00     5   5.1945
#         324       0.00785     12.20      2.00     4   5.1985
#         325       0.00350     31.39      2.00     5   5.1988
#         326       0.00943      7.54      2.00     4   5.1992
#         327       0.01448      5.30      2.00     5   5.2005
#         329       0.01050      5.03      2.00     4   5.2041
#         330       0.00877     21.03      2.00     5   5.2057
#         331       0.00576      8.48      2.00     3   5.2063
#         332       0.00339     30.97      2.00     5   5.2065
#         333       0.00803      8.85      1.00     4   5.2075
#         334       0.02619      8.55      2.00     4   5.2107
#         335       0.00902     12.67      2.00     4   5.2121
#         336       0.01711     19.51      2.00     6   5.2144
#         338       0.00833     21.35      2.00     5   5.2193
#         340       0.00455     12.47      2.00     5   5.2201
#         341       0.00769     13.88      2.00     5   5.2209
#         342       0.00506     12.55      2.00     5   5.2224
#         343       0.00577      7.62      2.00     4   5.2251
#         344       0.02515      8.06      2.00     3   5.2278
#         345       0.00407     27.59      2.00     5   5.2314
#         349       0.02472      8.37      2.00     3   5.2403
#         350       0.00947      6.25      2.00     5   5.2401
#         352       0.02495      5.99      2.00     4   5.2430
#         354       0.00470      7.44      2.00     5   5.2485
#         355       0.00572      6.86      2.00     4   5.2505
#         357       0.01129      4.63      2.00     4   5.2563
#         358       0.00802      9.44      2.00     4   5.2615
#         359       0.00407     25.80      2.00     5   5.2620
#         361       0.00967      6.34      2.00     5   5.2652
#         362       0.00822     26.74      2.00     5   5.2680
#         363       0.03121     12.37      2.00     5   5.2720
#         364       0.01179      4.10      2.00     4   5.2744
#         365       0.01026      7.34      2.00     4   5.2744
#         366       0.00366     10.38      2.00     4   5.2750
#         367       0.00792     26.93      2.00     5   5.2816
#         368       0.02386      8.07      1.00     4   5.2830
#         369       0.02399      7.48      1.00     4   5.2830
#         370       0.00976      9.70      2.00     5   5.2825
#         371       0.00391     53.81      2.00     6   5.2921
#         372       0.00366      4.10      2.00     3   5.2928
#         373       0.02208      8.73      2.00     5   5.2930
#         374       0.00360      8.74      2.00     4   5.2937
#         376       0.00932      5.78      2.00     3   5.3027
#         377       0.00442     22.82      2.00     5   5.3046
#         378       0.01337      7.08      2.00     5   5.3062
#         380       0.00904      4.03      1.00     4   5.3143
#         381       0.01010     15.12      2.00     5   5.3142
#         382       0.00443     42.80      2.00     6   5.3147
#         384       0.01208      5.04      2.00     5   5.3155
#         385       0.00554     44.14      2.00     6   5.3157
#         387       0.00890      9.04      2.00     3   5.3207
#         388       0.00938      6.75      2.00     4   5.3203
#         390       0.00803     14.13      2.00     5   5.3219
#         391       0.00399     51.04      2.00     6   5.3225
#         392       0.00871     14.63      2.00     4   5.3231
#         393       0.01289     17.67      2.00     5   5.3252
#         394       0.01159     11.82      2.00     5   5.3276
#         395       0.00834     20.90      1.00     6   5.3285
#         396       0.01054      5.91      2.00     4   5.3303
#         397       0.01512      6.45      2.00     5   5.3311
#         398       0.00847     12.61      2.00     4   5.3322
#         399       0.01082     10.98      2.00     5   5.3326
#         403       0.00856     21.53      2.00     5   5.3346
#         404       0.00479     20.53      2.00     5   5.3345
#         405       0.00806     15.70      2.00     5   5.3356
#         406       0.00434     41.96      2.00     6   5.3361
#         407       0.00479     27.14      2.00     4   5.3372
#         408       0.00854      5.28      2.00     5   5.3367
#         409       0.00481     38.49      2.00     6   5.3369
#         410       0.01118      5.75      2.00     3   5.3379
#         411       0.00565      5.91      2.00     4   5.3404
#         412       0.00655      4.68      2.00     3   5.3414
#         413       0.00585      8.74      2.00     5   5.3411
#         414       0.00831     42.66      2.00     6   5.3421
#         416       0.00818      5.54      2.00     5   5.3490
#         417       0.01027      7.95      2.00     4   5.3494
#         418       0.00856     10.05      1.00     4   5.3502
#         419       0.00846     34.45      2.00     5   5.3526
#         420       0.00440      5.96      2.00     4   5.3533
#         421       0.01117      5.97      2.00     4   5.3532
#         422       0.00845     30.71      1.00     6   5.3550
#         423       0.00857      9.83      2.00     6   5.3558
#         424       0.00840      9.44      2.00     6   5.3558
#         425       0.00793     23.51      1.00     6   5.3557
#         426       0.00838     17.78      2.00     5   5.3572
#         428       0.02961      9.99      2.00     5   5.3591
#         430       0.01120     11.25      2.00     5   5.3633
#         431       0.01230      4.85      2.00     5   5.3658
#         432       0.00940     12.81      2.00     4   5.3674
#         433       0.00924     21.52      2.00     5   5.3698
#         434       0.01008      5.79      2.00     4   5.3703
#         435       0.00847      8.56      2.00     6   5.3712
#         436       0.00330      9.07      2.00     4   5.3731
#         437       0.00889     13.51      2.00     5   5.3759
#         438       0.01173     13.90      2.00     6   5.3760
#         440       0.01254      4.14      1.00     4   5.3846
#         441       0.00623      8.78      2.00     4   5.3858
#         442       0.00860      8.57      2.00     6   5.3874
#         443       0.00859      9.35      2.00     6   5.3874
#         444       0.00858     14.33      2.00     5   5.3898
#         445       0.00833      4.71      2.00     6   5.3896
#         446       0.00639     12.77      2.00     4   5.3915
#         447       0.00968      6.57      2.00     5   5.3952
#         448       0.00978      6.16      2.00     5   5.3952
#         449       0.01063      4.43      2.00     4   5.3972
#         450       0.01227     14.27      2.00     6   5.3974
#         452       0.02291      9.52      1.00     6   5.4007
#         454       0.01247      4.50      2.00     5   5.4028
#         455       0.00515      6.17      2.00     4   5.4058
#         456       0.00483     46.27      2.00     5   5.4061
#         457       0.00824      5.27      2.00     5   5.4079
#         458       0.02456     29.04      2.00     6   5.4075
#         459       0.00371      7.28      2.00     4   5.4088
#         460       0.00432     15.48      2.00     5   5.4097
#         461       0.00660      6.08      2.00     4   5.4111
#         462       0.00502      5.76      2.00     4   5.4121
#         463       0.01322     14.77      2.00     7   5.4145
#         464       0.01445      4.41      2.00     7   5.4177
#         465       0.01754     30.61      2.00     6   5.4184
#         467       0.00911      6.03      2.00     5   5.4200
#         468       0.00726      5.55      2.00     5   5.4200
#         469       0.00845      7.69      2.00     6   5.4201
#         470       0.00830      4.32      2.00     6   5.4210
#         472       0.00942      4.98      2.00     5   5.4244
#         474       0.01050      7.65      2.00     4   5.4312
#         475       0.00595      7.78      2.00     4   5.4347
#         476       0.00896     20.97      2.00     6   5.4391
#         477       0.01004     11.23      2.00     5   5.4427
#         478       0.00934     17.27      2.00     5   5.4431
#         479       0.00969      7.71      2.00     5   5.4438
#         480       0.00533     42.16      2.00     5   5.4437
#         481       0.00656     11.95      2.00     4   5.4470
#         482       0.00728     12.97      2.00     5   5.4475
#         483       0.01347      6.64      2.00     4   5.4501
#         484       0.00790      4.89      1.00     4   5.4506
#         485       0.00853     23.16      2.00     6   5.4503
#         486       0.00875     31.77      2.00     6   5.4503
#         487       0.00462     35.05      2.00     6   5.4511
#         488       0.00635     24.55      2.00     5   5.4520
#         491       0.01394     11.54      2.00     7   5.4568
#         493       0.01162      6.53      2.00     4   5.4606
#         494       0.00968      9.45      2.00     4   5.4608
#         495       0.00891     17.97      2.00     5   5.4607
#         496       0.00891     32.26      2.00     6   5.4631
#         497       0.00863     23.08      2.00     6   5.4640
#         498       0.00644     17.47      2.00     5   5.4656
#         500       0.01075     18.75      2.00     6   5.4666
#         502       0.00415      8.05      2.00     4   5.4703
#         505       0.00898     14.12      2.00     5   5.4724
#         506       0.02135     28.20      2.00     6   5.4733
#         507       0.01510     12.43      2.00     7   5.4733
#         508       0.00518     34.63      2.00     6   5.4746
#         511       0.01180     11.89      2.00     5   5.4779
#         512       0.00670     16.42      2.00     5   5.4790
#         513       0.00961      4.86      2.00     5   5.4794
#         516       0.00472     14.72      2.00     5   5.4799
#         517       0.00977      7.76      2.00     6   5.4801
#         518       0.00948      9.67      2.00     6   5.4801
#         519       0.01159      4.05      2.00     5   5.4814
#         521       0.00934     12.01      2.00     6   5.4847
#         522       0.00946     13.78      2.00     6   5.4849
#         523       0.00567      8.10      2.00     5   5.4892
#         524       0.02476      5.60      2.00     5   5.4892
#         526       0.00921     23.22      2.00     5   5.4903
#         527       0.01575      9.90      2.00     7   5.4902
#         528       0.00508      6.25      2.00     5   5.4917
#         529       0.02385     23.44      2.00     6   5.4920
#         532       0.00726     41.45      2.00     6   5.4927
#         533       0.00544      5.02      2.00     4   5.4948
#         534       0.00642     10.06      2.00     5   5.4952
#         535       0.00944      4.62      2.00     5   5.4951
#         537       0.00981      7.53      2.00     5   5.4956
#         538       0.01000     10.43      2.00     6   5.4963
#         539       0.01118     12.83      2.00     6   5.4961
#         540       0.00942      9.09      2.00     6   5.4975
#         541       0.01170     14.57      2.00     6   5.4980
#         543       0.01064     10.34      2.00     6   5.4985
#         544       0.00927      4.36      2.00     6   5.4983
#         545       0.00940      6.33      2.00     6   5.4985
#         546       0.00974     13.18      2.00     6   5.4991
#         547       0.00915      6.55      2.00     5   5.4997
#         548       0.00942     15.23      2.00     6   5.5013
#         549       0.00969     10.18      2.00     6   5.5013
#         550       0.00948      4.87      2.00     6   5.5037
#         551       0.01040      9.95      2.00     5   5.5049
#         552       0.00545      8.78      2.00     5   5.5049
#         553       0.00931      6.00      2.00     5   5.5049
#         554       0.00940     11.20      2.00     5   5.5049
#         555       0.00630     22.26      2.00     5   5.5077
#         556       0.01013     14.51      2.00     5   5.5075
#         557       0.00816     40.17      2.00     6   5.5126
#         558       0.00943      7.39      2.00     6   5.5159
#         559       0.00899     12.48      2.00     6   5.5159
#         560       0.00949      4.44      2.00     4   5.5204
#         563       0.00650      8.66      2.00     5   5.5244
#         565       0.00866      4.94      2.00     5   5.5314
#         566       0.00647     15.55      2.00     5   5.5313
#         567       0.00927      4.80      2.00     6   5.5329
#         568       0.00943     14.27      2.00     6   5.5357
#         569       0.00956      9.56      2.00     6   5.5357
#         570       0.01638      5.74      2.00     4   5.5380
#         571       0.01654      6.07      2.00     4   5.5380
#         572       0.00781      6.20      2.00     5   5.5378
#         573       0.00949     11.77      2.00     6   5.5384
#         574       0.01018      6.29      2.00     6   5.5384
#         575       0.00752     11.53      2.00     6   5.5402
#         576       0.00996     13.26      2.00     6   5.5401
#         577       0.01237      4.33      2.00     4   5.5414
#         578       0.00967     10.29      2.00     6   5.5410
#         580       0.01005      5.90      2.00     5   5.5419
#         581       0.01432     10.77      2.00     5   5.5434
#         582       0.01436     10.68      2.00     5   5.5434
#         583       0.00918      4.30      2.00     6   5.5435
#         584       0.00747      8.50      2.00     6   5.5435
#         585       0.00638      5.97      2.00     5   5.5480
#         586       0.00446     13.36      2.00     5   5.5507
#         587       0.00955      6.97      2.00     5   5.5519
#         588       0.00927      4.18      2.00     5   5.5527
#         589       0.00868      8.30      2.00     6   5.5526
#         590       0.01056      4.37      2.00     4   5.5538
#         591       0.00896     19.58      2.00     5   5.5541
#         592       0.00731      5.85      2.00     4   5.5606
#         593       0.01068     13.19      2.00     6   5.5601
#         594       0.00675     13.28      2.00     5   5.5608
#         595       0.00985     12.88      2.00     6   5.5620
#         596       0.00927      7.30      2.00     6   5.5628
#         597       0.00946      7.48      2.00     6   5.5628
#         599       0.01070     10.44      2.00     6   5.5636
#         600       0.00918      5.62      2.00     6   5.5636
#         601       0.00802      6.12      2.00     3   5.5642
#         604       0.00878     30.62      2.00     6   5.5656
#         605       0.00878      5.92      2.00     5   5.5662
#         606       0.00839     21.98      2.00     6   5.5666
#         607       0.00519     13.45      1.00     4   5.5668
#         608       0.00489     69.24      2.00     7   5.5671
#         609       0.00553     69.56      2.00     7   5.5679
#         610       0.00872      6.04      2.00     5   5.5688
#         611       0.00581      5.20      2.00     4   5.5705
#         612       0.01202      8.68      1.00     6   5.5711
#         613       0.01154      6.23      1.00     6   5.5722
#         614       0.00824     69.02      2.00     7   5.5731
#         615       0.01096      9.46      2.00     5   5.5766
#         616       0.00820      9.31      2.00     5   5.5766
#         617       0.00863     10.49      2.00     6   5.5789
#         618       0.00595      5.78      2.00     4   5.5798
#         619       0.02837     11.04      2.00     6   5.5825
#         620       0.01027      5.64      2.00     5   5.5831
#         621       0.00857     50.24      2.00     6   5.5836
#         624       0.00856     94.13      2.00     7   5.5860
#         625       0.00818     70.31      2.00     7   5.5867
#         626       0.01021      8.28      2.00     6   5.5930
#         627       0.00873      5.19      2.00     6   5.5936
#         628       0.00506     12.07      2.00     5   5.5945
#         630       0.00896     22.60      2.00     6   5.6008
#         631       0.00944     31.94      2.00     6   5.6008
#         632       0.01067      4.37      2.00     5   5.6019
#         635       0.00510      4.09      2.00     5   5.6051
#         636       0.00515      4.13      2.00     5   5.6051
#         638       0.00521      6.36      1.00     4   5.6091
#         639       0.00722     13.22      2.00     4   5.6103
#         640       0.01772      7.52      2.00     6   5.6098
#         641       0.01049     10.71      2.00     6   5.6117
#         642       0.01193     22.84      2.00     5   5.6127
#         643       0.01045     11.47      2.00     6   5.6125
#         644       0.01017      9.72      2.00     6   5.6137
#         645       0.00971     10.96      2.00     6   5.6143
#         646       0.00455      7.18      1.00     2   5.6149
#         647       0.02132      9.52      2.00     5   5.6155
#         648       0.01158     10.52      2.00     6   5.6157
#         649       0.01036     10.52      2.00     6   5.6154
#         650       0.00927      9.97      2.00     6   5.6156
#         651       0.01163      9.91      2.00     7   5.6158
#         652       0.00839     20.43      2.00     7   5.6158
#         653       0.00505     13.76      1.00     4   5.6159
#         654       0.00461     18.96      2.00     3   5.6170
#         656       0.00464     13.23      1.00     4   5.6191
#         659       0.01264     14.50      2.00     7   5.6206
#         660       0.01057     36.03      2.00     7   5.6206
#         663       0.00747     17.17      2.00     5   5.6225
#         664       0.01477      9.24      2.00     6   5.6247
#         665       0.01110     12.89      2.00     6   5.6247
#         666       0.01122     15.41      2.00     6   5.6247
#         668       0.01167     61.78      2.00     5   5.6273
#         669       0.00432      5.78      2.00     5   5.6291
#         670       0.00440      5.87      2.00     5   5.6291
#         671       0.00948     14.31      1.00     6   5.6304
#         672       0.00573      9.49      2.00     5   5.6310
#         673       0.00532      5.15      2.00     5   5.6311
#         674       0.01211     21.55      2.00     6   5.6311
#         675       0.00834     35.11      2.00     7   5.6316
#         676       0.01017     31.43      2.00     7   5.6316
#         677       0.00899     36.38      2.00     7   5.6320
#         678       0.00873     32.56      2.00     7   5.6320
#         679       0.01291      7.21      2.00     5   5.6336
#         680       0.01038      5.83      2.00     5   5.6337
#         682       0.00535      4.94      2.00     5   5.6334
#         683       0.00741     45.83      2.00     7   5.6335
#         684       0.01072     25.65      2.00     7   5.6342
#         685       0.00531     16.30      2.00     5   5.6350
#         686       0.00891      7.47      2.00     6   5.6352
#         687       0.00960     16.28      2.00     6   5.6352
#         688       0.01227     19.57      2.00     5   5.6361
#         689       0.01000     16.89      2.00     6   5.6357
#         690       0.00887     24.25      2.00     6   5.6367
#         692       0.01332     32.37      2.00     7   5.6368
#         693       0.00859     15.82      2.00     7   5.6368
#         694       0.01233      9.63      2.00     5   5.6381
#         695       0.00541     14.49      2.00     5   5.6387
#         696       0.01352      7.43      2.00     6   5.6398
#         697       0.00535     35.36      2.00     5   5.6409
#         698       0.01347      5.98      2.00     6   5.6418
#         699       0.01604      8.07      2.00     6   5.6416
#         700       0.01446      6.01      2.00     6   5.6463
#         701       0.00594      8.89      2.00     5   5.6470
#         702       0.01377      8.23      2.00     6   5.6474
#         703       0.00624     22.69      1.00     6   5.6541
#         704       0.00592      9.84      2.00     5   5.6547
#         705       0.00874      7.79      2.00     5   5.6550
#         706       0.00719     10.91      1.00     6   5.6577
#         707       0.00775     36.65      2.00     6   5.6593
#         709       0.00937      9.41      2.00     6   5.6615
#         710       0.00994      5.89      2.00     6   5.6615
#         712       0.01193      4.01      2.00     4   5.6622
#         713       0.00653     16.78      2.00     5   5.6637
#         714       0.00950      7.14      2.00     6   5.6643
#         715       0.00881     12.59      2.00     6   5.6669
#         716       0.00866     30.55      2.00     7   5.6686
#         717       0.00984     15.63      2.00     7   5.6686
#         718       0.00652      5.54      2.00     5   5.6692
#         720       0.01099     13.07      2.00     7   5.6732
#         721       0.01058     31.57      2.00     7   5.6732
#         722       0.00690     12.31      2.00     4   5.6762
#         724       0.01854     62.44      2.00     5   5.6766
#         725       0.01349     14.62      2.00     6   5.6779
#         726       0.00846     34.70      1.00     6   5.6781
#         729       0.00336     18.90      2.00     3   5.6812
#         730       0.00911      6.95      2.00     6   5.6823
#         731       0.00529     12.30      2.00     5   5.6828
#         732       0.00781     46.62      2.00     6   5.6830
#         733       0.00348     26.82      2.00     4   5.6833
#         734       0.00944      6.77      2.00     6   5.6838
#         735       0.01095     19.68      2.00     6   5.6848
#         736       0.00683     20.31      2.00     5   5.6863
#         737       0.00950      8.47      2.00     6   5.6862
#         738       0.00955      5.63      2.00     6   5.6862
#         739       0.01196     78.43      1.00     6   5.6878
#         740       0.01261      4.16      2.00     4   5.6885
#         742       0.00581     13.95      2.00     5   5.6889
#         743       0.00369      6.43      2.00     5   5.6911
#         744       0.01109     19.36      2.00     6   5.6927
#         745       0.01139     43.62      2.00     6   5.6943
#         746       0.00783     18.17      2.00     6   5.6943
#         747       0.00963     50.13      2.00     7   5.6941
#         748       0.00857     40.80      2.00     7   5.6950
#         749       0.00914     35.94      2.00     7   5.6949
#         750       0.00591     21.35      2.00     6   5.6957
#         751       0.00963      5.47      2.00     6   5.6957
#         752       0.01005      8.61      2.00     7   5.6959
#         753       0.00852     15.68      2.00     7   5.6959
#         754       0.00869     26.71      2.00     6   5.6966
#         755       0.00926     26.11      2.00     6   5.6966
#         756       0.01186     44.52      2.00     6   5.6966
#         757       0.01036     21.34      2.00     7   5.6968
#         758       0.00980     15.58      2.00     6   5.6984
#         759       0.00536     14.50      2.00     5   5.6993
#         760       0.00882     20.04      2.00     6   5.6992
#         761       0.01034      6.53      2.00     6   5.6991
#         762       0.00947     14.53      2.00     6   5.6991
#         763       0.00567     33.75      2.00     5   5.7001
#         764       0.02276      8.17      2.00     6   5.7002
#         765       0.00649      7.74      2.00     4   5.7014
#         766       0.00550     85.97      2.00     6   5.7014
#         768       0.00655     24.37      1.00     6   5.7030
#         769       0.01839     29.55      2.00     5   5.7035
#         771       0.01872     55.28      2.00     6   5.7059
#         772       0.00855     12.46      2.00     5   5.7099
#         773       0.01299     29.85      2.00     6   5.7102
#         775       0.00687      5.64      2.00     6   5.7104
#         776       0.00644     18.62      1.00     6   5.7105
#         777       0.00502     11.60      2.00     6   5.7109
#         778       0.00500     10.10      2.00     6   5.7109
#         779       0.00367     10.44      1.00     4   5.7121
#         780       0.00547     25.78      2.00     6   5.7128
#         781       0.01129      4.23      2.00     4   5.7136
#         782       0.00911      8.28      1.00     6   5.7132
#         783       0.00359     37.50      2.00     5   5.7145
#         784       0.00596     21.49      2.00     6   5.7151
#         785       0.01235     14.21      2.00     6   5.7153
#         786       0.00537     25.15      1.00     6   5.7151
#         787       0.01730      7.09      2.00     6   5.7171
#         788       0.00359     34.79      1.00     6   5.7169
#         789       0.01044     12.52      2.00     6   5.7171
#         790       0.01054     10.52      2.00     6   5.7171
#         791       0.00535      6.46      2.00     5   5.7178
#         792       0.01458     35.51      2.00     7   5.7180
#         793       0.01477     27.79      2.00     7   5.7180
#         794       0.00949     42.18      2.00     6   5.7184
#         795       0.00879     15.73      2.00     6   5.7184
#         796       0.00630     28.49      2.00     6   5.7193
#         797       0.00537     13.03      2.00     6   5.7202
#         798       0.00578      7.24      2.00     6   5.7202
#         799       0.00540     24.55      2.00     6   5.7207
#         800       0.01097     16.40      2.00     5   5.7228
#         801       0.00879     66.40      2.00     7   5.7237
#         802       0.00556     21.22      2.00     6   5.7244
#         803       0.01235     14.22      2.00     7   5.7247
#         804       0.01253      8.97      2.00     7   5.7247
#         805       0.01141      4.21      2.00     4   5.7261
#         806       0.00892      5.17      2.00     5   5.7286
#         807       0.02080     23.62      2.00     7   5.7285
#         808       0.01093     29.27      2.00     7   5.7290
#         809       0.00981     14.32      2.00     7   5.7293
#         810       0.01442     16.29      2.00     7   5.7295
#         811       0.00598      7.44      1.00     6   5.7297
#         813       0.01220      8.22      2.00     5   5.7311
#         814       0.01228      7.58      2.00     5   5.7311
#         815       0.00708      6.45      1.00     6   5.7310
#         816       0.00955     10.81      2.00     6   5.7340
#         817       0.00821      5.17      2.00     4   5.7347
#         818       0.01798     78.23      1.00     6   5.7372
#         819       0.00730     13.00      2.00     5   5.7394
#         820       0.02140      4.18      2.00     3   5.7402
#         821       0.00313     26.41      2.00     4   5.7419
#         823       0.00509      5.35      2.00     6   5.7432
#         824       0.00402     11.55      2.00     6   5.7433
#         825       0.01492      6.54      2.00     5   5.7443
#         826       0.00327     40.22      2.00     5   5.7440
#         829       0.00829      8.09      2.00     5   5.7463
#         830       0.00523      5.09      2.00     5   5.7472
#         831       0.00774     28.41      2.00     6   5.7472
#         832       0.00464     16.97      1.00     4   5.7476
#         833       0.00937     31.77      2.00     6   5.7480
#         835       0.00553      9.91      2.00     6   5.7485
#         836       0.00521      6.39      2.00     6   5.7485
#         837       0.00815      4.58      2.00     4   5.7494
#         838       0.00549     18.98      2.00     6   5.7494
#         840       0.00912     24.54      2.00     6   5.7495
#         841       0.00924      4.54      2.00     6   5.7494
#         842       0.00745     19.14      2.00     5   5.7504
#         843       0.00822      8.35      2.00     5   5.7518
#         844       0.00350     11.02      1.00     6   5.7518
#         845       0.00574      4.12      2.00     5   5.7531
#         846       0.00573      4.56      2.00     5   5.7531
#         847       0.00418     11.22      2.00     3   5.7544
#         848       0.00385     14.51      2.00     5   5.7554
#         850       0.00415     15.69      2.00     4   5.7565
#         851       0.01115      5.94      2.00     5   5.7565
#         852       0.00929      4.53      2.00     5   5.7572
#         853       0.00523      9.53      2.00     6   5.7573
#         854       0.00537      7.58      2.00     6   5.7573
#         855       0.01919      6.80      2.00     5   5.7594
#         856       0.00652     36.99      2.00     6   5.7599
#         857       0.01371     24.76      2.00     7   5.7602
#         858       0.00782     37.27      2.00     7   5.7602
#         859       0.00579     80.88      2.00     6   5.7608
#         860       0.01326      5.36      2.00     6   5.7623
#         862       0.00979     10.43      2.00     5   5.7626
#         863       0.00974     26.99      2.00     6   5.7631
#         865       0.00956      4.54      2.00     6   5.7631
#         866       0.00508     10.52      1.00     4   5.7634
#         867       0.00834     12.77      2.00     5   5.7642
#         868       0.00377     23.81      2.00     4   5.7655
#         869       0.00977     20.23      2.00     6   5.7650
#         870       0.00435      5.15      2.00     4   5.7668
#         872       0.00837     24.12      2.00     6   5.7666
#         873       0.00379     35.63      2.00     5   5.7676
#         875       0.01094      8.01      2.00     5   5.7687
#         876       0.01103      8.20      2.00     5   5.7687
#         877       0.01492      4.99      2.00     6   5.7709
#         878       0.01129     25.31      2.00     7   5.7712
#         879       0.01204     46.42      2.00     7   5.7712
#         880       0.00515     35.76      2.00     5   5.7735
#         881       0.00960      4.67      2.00     5   5.7744
#         882       0.00479      9.67      2.00     6   5.7753
#         884       0.00450      5.73      2.00     5   5.7770
#         886       0.01177     18.21      2.00     7   5.7775
#         887       0.01279     23.68      2.00     7   5.7771
#         888       0.01132     23.45      2.00     7   5.7771
#         889       0.01118     21.42      2.00     7   5.7775
#         891       0.01284     18.42      2.00     7   5.7795
#         892       0.01159     21.21      2.00     7   5.7795
#         893       0.01172     24.48      2.00     7   5.7803
#         894       0.01171     24.33      2.00     7   5.7803
#         895       0.00833      7.78      2.00     5   5.7814
#         897       0.00912     26.26      1.00     6   5.7826
#         899       0.00514     31.47      1.00     6   5.7837
#         900       0.00814     22.14      2.00     6   5.7835
#         901       0.00790     21.79      2.00     6   5.7835
#         902       0.01101     36.09      2.00     6   5.7835
#         903       0.00571     22.29      1.00     6   5.7844
#         904       0.01808      4.72      2.00     3   5.7860
#         905       0.00835      6.23      2.00     5   5.7897
#         906       0.00536      4.18      2.00     5   5.7904
#         907       0.01230     25.04      2.00     5   5.7922
#         909       0.00884      7.46      2.00     5   5.7948
#         910       0.00777      4.15      2.00     4   5.7967
#         911       0.02217      8.52      2.00     6   5.7967
#         912       0.01669      7.12      2.00     5   5.7972
#         913       0.01672      7.50      2.00     5   5.7972
#         914       0.00885     21.95      2.00     7   5.7972
#         915       0.01009     23.12      2.00     7   5.7972
#         916       0.01225     44.91      2.00     6   5.8024
#         917       0.00547      7.68      2.00     5   5.8039
#         919       0.01125     23.58      2.00     6   5.8071
#         920       0.01530      4.97      2.00     7   5.8069
#         921       0.03993      4.95      2.00     7   5.8069
#         923       0.00490     48.92      2.00     5   5.8083
#         924       0.00369      8.30      2.00     5   5.8099
#         925       0.01686      4.65      2.00     6   5.8110
#         926       0.00951      7.49      2.00     5   5.8120
#         928       0.00851      4.45      2.00     6   5.8141
#         929       0.01382     25.08      2.00     7   5.8144
#         930       0.01026     19.56      2.00     7   5.8152
#         931       0.02447      8.64      2.00     6   5.8157
#         932       0.01280     14.19      2.00     7   5.8159
#         933       0.01025     11.53      2.00     7   5.8168
#         934       0.01076     21.52      2.00     7   5.8193
#         935       0.00914     19.97      2.00     7   5.8193
#         936       0.00467     18.75      2.00     4   5.8208
#         937       0.00561      6.83      2.00     5   5.8227
#         938       0.00586     16.83      2.00     5   5.8227
#         939       0.00861     25.90      2.00     6   5.8229
#         940       0.00663      5.95      2.00     4   5.8234
#         941       0.01198      6.12      2.00     6   5.8246
#         942       0.00855      5.48      2.00     5   5.8255
#         945       0.00605      4.22      2.00     4   5.8316
#         946       0.01172     22.48      2.00     7   5.8313
#         947       0.01104     42.37      2.00     7   5.8313
#         948       0.00465     49.24      2.00     5   5.8318
#         949       0.01724     26.52      2.00     7   5.8331
#         950       0.01745     20.38      2.00     7   5.8331
#         952       0.00856      4.71      2.00     6   5.8387
#         953       0.01754      9.82      2.00     7   5.8385
#         954       0.01780      7.09      2.00     7   5.8385
#         956       0.00767     14.92      2.00     5   5.8413
#         957       0.00572     33.57      2.00     6   5.8418
#         958       0.00727     19.61      2.00     6   5.8418
#         959       0.00791     17.58      2.00     6   5.8418
#         960       0.01043     18.09      2.00     7   5.8427
#         961       0.01035     30.44      2.00     6   5.8436
#         962       0.01581     47.92      2.00     6   5.8436
#         963       0.01492     28.83      2.00     6   5.8436
#         964       0.00498      8.00      2.00     6   5.8458
#         965       0.00604      7.28      2.00     6   5.8463
#         966       0.01624      9.65      2.00     6   5.8465
#         967       0.00879     31.84      2.00     6   5.8470
#         968       0.00582      4.89      2.00     6   5.8497
#         969       0.01526     18.91      2.00     7   5.8500
#         970       0.00883     30.16      2.00     7   5.8500
#         971       0.00452      6.32      1.00     2   5.8514
#         972       0.00837      7.73      2.00     5   5.8519
#         973       0.01315     40.15      2.00     5   5.8522
#         974       0.01500      6.25      2.00     6   5.8522
#         975       0.00980     12.48      2.00     6   5.8528
#         976       0.00385     76.99      2.00     6   5.8546
#         978       0.01641     14.66      2.00     7   5.8549
#         980       0.01173     13.44      2.00     6   5.8570
#         981       0.00553     22.86      2.00     6   5.8579
#         984       0.00795      4.01      2.00     5   5.8598
#         985       0.01086     24.96      2.00     6   5.8595
#         986       0.00860      7.05      2.00     5   5.8606
#         987       0.00532     12.43      2.00     6   5.8620
#         988       0.00563      8.16      2.00     6   5.8620
#         989       0.00942      4.45      2.00     5   5.8644
#         990       0.02054     13.81      2.00     6   5.8642
#         992       0.00982      4.79      1.00     6   5.8642
#         994       0.00680     25.20      2.00     6   5.8644
#         995       0.01329     35.12      2.00     6   5.8671
#         996       0.00546     35.25      1.00     6   5.8689
#         998       0.00913     70.92      2.00     6   5.8719
#         999       0.02327      8.44      2.00     6   5.8721
#        1000       0.00519     20.16      2.00     3   5.8738
#        1001       0.00398     14.63      2.00     3   5.8734
#        1002       0.00871     11.61      2.00     6   5.8747
#        1004       0.00823     32.93      2.00     6   5.8757
#        1005       0.00754     16.87      2.00     6   5.8757
#        1006       0.00807     16.05      2.00     6   5.8757
#        1007       0.00563     11.08      2.00     6   5.8780
#        1010       0.01326     16.77      2.00     7   5.8791
#        1012       0.00468     27.27      2.00     5   5.8814
#        1014       0.00963      4.07      2.00     5   5.8826
#        1015       0.00586     23.44      2.00     6   5.8834
#        1016       0.00522     30.45      2.00     4   5.8839
#        1017       0.01210     10.64      2.00     7   5.8851
#        1018       0.00561      9.72      2.00     6   5.8859
#        1020       0.02299      8.71      2.00     6   5.8873
#        1021       0.01877      5.08      2.00     6   5.8885
#        1022       0.00727      4.24      2.00     4   5.8893
#        1023       0.00793      5.50      2.00     5   5.8895
#        1024       0.01484      5.14      2.00     6   5.8901
#        1025       0.00392      4.35      2.00     5   5.8922
#        1026       0.00471     14.06      2.00     4   5.8928
#        1027       0.00521     76.47      2.00     6   5.8925
#        1028       0.00398      6.01      1.00     4   5.8939
#        1029       0.00556     20.61      2.00     6   5.8937
#        1030       0.00399      6.18      2.00     6   5.8946
#        1032       0.00538     21.70      2.00     5   5.8949
#        1033       0.00468     25.40      2.00     4   5.8958
#        1034       0.00570      9.07      1.00     4   5.8954
#        1036       0.00465     18.63      1.00     4   5.8962
#        1037       0.00451     13.83      2.00     3   5.8971
#        1038       0.00790      4.18      2.00     5   5.8976
#        1039       0.01797      8.73      2.00     7   5.8987
#        1040       0.00762      6.80      2.00     5   5.9009
#        1041       0.00996     20.39      2.00     6   5.9009
#        1042       0.00482      5.19      2.00     6   5.9019
#        1043       0.00575      8.67      2.00     6   5.9027
#        1044       0.00569      5.47      2.00     6   5.9025
#        1045       0.01053     16.24      2.00     6   5.9043
#        1046       0.00509      6.53      2.00     6   5.9049
#        1047       0.00491     29.34      2.00     5   5.9050
#        1048       0.00903      4.49      2.00     5   5.9059
#        1049       0.00903     16.07      2.00     6   5.9057
#        1051       0.02074     17.87      2.00     7   5.9064
#        1052       0.02002     15.34      2.00     7   5.9064
#        1053       0.00461     61.43      2.00     5   5.9063
#        1054       0.00473     41.29      2.00     5   5.9059
#        1055       0.01033     21.96      2.00     6   5.9060
#        1057       0.00569      8.81      2.00     6   5.9069
#        1058       0.00517     11.84      2.00     6   5.9065
#        1059       0.00534      5.68      2.00     6   5.9065
#        1061       0.01214     39.58      2.00     5   5.9099
#        1062       0.00935      5.15      2.00     3   5.9102
#        1063       0.00900      4.55      2.00     5   5.9112
#        1064       0.01866      4.50      2.00     6   5.9112
#        1066       0.00836     13.01      2.00     6   5.9124
#        1067       0.00816     27.40      2.00     6   5.9124
#        1068       0.00541     13.16      2.00     6   5.9138
#        1069       0.00791     14.74      2.00     6   5.9160
#        1070       0.00477     40.81      1.00     6   5.9161
#        1071       0.00462     53.51      1.00     6   5.9164
#        1072       0.01135      7.97      2.00     4   5.9172
#        1074       0.00413     16.51      2.00     4   5.9191
#        1075       0.00840     10.31      2.00     5   5.9188
#        1077       0.00395     23.13      2.00     4   5.9195
#        1078       0.00840      4.07      2.00     5   5.9202
#        1079       0.00797     13.29      2.00     6   5.9199
#        1080       0.00555     71.77      2.00     6   5.9200
#        1081       0.00847     19.57      2.00     6   5.9212
#        1083       0.00625      4.53      2.00     5   5.9225
#        1084       0.01350    107.10      2.00     7   5.9227
#        1086       0.01239      5.67      2.00     4   5.9246
#        1089       0.00898     13.80      2.00     6   5.9261
#        1090       0.01280      4.83      2.00     6   5.9263
#        1091       0.02079      4.80      2.00     6   5.9275
#        1092       0.01891     13.75      2.00     7   5.9277
#        1093       0.00962     46.81      2.00     7   5.9276
#        1094       0.01329     94.19      2.00     7   5.9276
#        1095       0.00820     13.08      2.00     5   5.9286
#        1096       0.00395     36.50      2.00     5   5.9296
#        1097       0.00853      6.31      2.00     6   5.9303
#        1098       0.00861     15.55      2.00     6   5.9318
#        1099       0.00722      5.11      2.00     6   5.9326
#        1100       0.02305     22.48      2.00     7   5.9326
#        1101       0.00927    187.30      2.00     7   5.9324
#        1102       0.00891      4.05      2.00     5   5.9338
#        1103       0.01724     42.28      2.00     6   5.9345
#        1104       0.01094     84.80      2.00     7   5.9351
#        1105       0.00758     63.87      2.00     7   5.9351
#        1106       0.00654      5.91      2.00     5   5.9360
#        1108       0.01730     82.76      2.00     7   5.9369
#        1109       0.01720     83.29      2.00     7   5.9369
#        1110       0.00878     25.28      2.00     6   5.9387
#        1111       0.00955     23.97      2.00     6   5.9387
#        1112       0.01252     38.16      2.00     6   5.9387
#        1113       0.01050     76.99      2.00     7   5.9389
#        1114       0.00876     38.54      2.00     7   5.9389
#        1115       0.00595      4.06      2.00     4   5.9402
#        1116       0.00910     83.82      2.00     7   5.9402
#        1117       0.01393     54.71      2.00     7   5.9412
#        1118       0.01351     55.27      2.00     7   5.9412
#        1119       0.00475      8.72      1.00     4   5.9428
#        1120       0.00915      4.92      2.00     5   5.9424
#        1121       0.00947      4.10      2.00     6   5.9431
#        1122       0.01296     16.82      2.00     7   5.9439
#        1123       0.01950     14.37      2.00     7   5.9439
#        1124       0.00650      5.36      2.00     5   5.9439
#        1125       0.00868      7.26      2.00     6   5.9439
#        1126       0.01027     30.27      2.00     7   5.9438
#        1127       0.00915      9.02      2.00     6   5.9448
#        1128       0.01028     64.28      2.00     6   5.9455
#        1129       0.00694     24.13      2.00     7   5.9460
#        1130       0.00928    105.90      2.00     7   5.9460
#        1131       0.01296     10.84      2.00     7   5.9462
#        1132       0.00663      4.14      2.00     3   5.9472
#        1133       0.00970      5.71      2.00     6   5.9476
#        1134       0.40605      5.89      2.00     5   5.9481
#        1135       0.02464     23.13      2.00     7   5.9479
#        1136       0.01026    125.30      2.00     7   5.9479
#        1138       0.00956      9.49      2.00     6   5.9486
#        1139       0.00618     33.21      2.00     7   5.9512
#        1140       0.01042     65.60      2.00     6   5.9524
#        1141       0.00633     31.64      2.00     7   5.9552
#        1142       0.00620     25.03      2.00     7   5.9555
#        1143       0.00568      5.49      2.00     5   5.9565
#        1145       0.00978      8.79      2.00     6   5.9567
#        1146       0.01023      5.28      2.00     6   5.9568
#        1147       0.00343      4.24      2.00     3   5.9573
#        1149       0.00388     24.57      2.00     5   5.9591
#        1150       0.00850      9.17      2.00     6   5.9591
#        1154       0.00695      9.13      2.00     5   5.9606
#        1155       0.00829      7.55      2.00     5   5.9646
#        1158       0.00720     12.43      2.00     6   5.9669
#        1160       0.01080     13.78      2.00     5   5.9684
#        1161       0.00857     20.92      2.00     6   5.9680
#        1163       0.00914      8.09      1.00     6   5.9691
#        1165       0.01038      8.28      2.00     6   5.9697
#        1166       0.00855     37.46      1.00     6   5.9704
#        1168       0.02060     12.51      2.00     7   5.9706
#        1169       0.00978     30.43      2.00     7   5.9715
#        1170       0.01282     10.28      2.00     7   5.9715
#        1172       0.00641     26.16      2.00     7   5.9731
#        1173       0.00899      7.68      2.00     6   5.9736
#        1174       0.00514     26.39      2.00     7   5.9743
#        1175       0.01297     26.87      2.00     6   5.9750
#        1176       0.01288      4.69      2.00     6   5.9753
#        1177       0.01175     63.82      2.00     7   5.9756
#        1178       0.01094     22.85      2.00     7   5.9756
#        1179       0.00612     48.57      2.00     7   5.9766
#        1181       0.00938      9.83      2.00     4   5.9792
#        1184       0.00722     45.76      2.00     7   5.9804
#        1185       0.01065     32.75      2.00     6   5.9814
#        1186       0.00836     12.12      2.00     5   5.9826
#        1187       0.00835     11.77      2.00     6   5.9828
#        1188       0.00824     10.71      2.00     5   5.9840
#        1189       0.00835     22.35      2.00     6   5.9850
#        1191       0.00417     13.65      2.00     6   5.9854
#        1192       0.00990     15.04      2.00     5   5.9862
#        1195       0.01244      7.30      2.00     6   5.9880
#        1196       0.00421     23.02      2.00     7   5.9878
#        1197       0.00591     21.18      2.00     7   5.9879
#        1198       0.00941      7.98      2.00     6   5.9908
#        1199       0.00782      8.73      2.00     6   5.9918
#        1200       0.00973     75.99      2.00     7   5.9918
#        1201       0.00796     52.16      2.00     7   5.9918
#        1202       0.01402     43.43      1.00     6   5.9923
#        1204       0.01060      4.45      2.00     6   5.9931
#        1205       0.00874      6.49      2.00     6   5.9936
#        1206       0.01019      4.49      2.00     7   5.9938
#        1207       0.00829     20.25      2.00     6   5.9941
#        1208       0.01202     66.68      2.00     7   5.9942
#        1209       0.00808     22.81      2.00     7   5.9940
#        1210       0.01070     36.41      2.00     7   5.9940
#        1211       0.00995     29.85      2.00     7   5.9942
#        1212       0.00872     13.13      2.00     7   5.9960
#        1213       0.00977     25.10      2.00     7   5.9960
#        1214       0.01369      5.78      2.00     5   5.9976
#        1215       0.01325     36.11      2.00     7   5.9976
#        1216       0.00856      4.86      2.00     5   5.9983
#        1217       0.01146     59.96      2.00     7   5.9993
#        1218       0.01255     20.87      2.00     7   5.9993
#        1219       0.00862      7.45      2.00     5   5.9998
#        1220       0.00862     12.39      2.00     6   5.9999
#        1221       0.00484     10.85      2.00     6   6.0000
#        1222       0.01350     38.81      2.00     7   6.0002
#        1223       0.00788     25.66      2.00     7   6.0002
#        1224       0.00774     17.15      2.00     7   6.0019
#        1225       0.00869     29.24      2.00     7   6.0019
#        1228       0.00842      7.02      2.00     5   6.0061
#        1229       0.00909      4.88      2.00     6   6.0063
#        1231       0.01442      5.88      2.00     7   6.0069
#        1232       0.01547     13.48      2.00     6   6.0086
#        1233       0.00629     28.16      2.00     7   6.0097
#        1234       0.00410     15.99      2.00     4   6.0131
#        1235       0.01047    170.30      2.00     7   6.0130
#        1237       0.00806      7.58      2.00     5   6.0137
#        1238       0.00852      8.94      2.00     6   6.0137
#        1239       0.00911      6.56      2.00     6   6.0143
#        1240       0.00933      6.55      2.00     6   6.0143
#        1242       0.00857     11.68      2.00     6   6.0155
#        1243       0.00889      5.30      2.00     4   6.0168
#        1244       0.00374     29.80      2.00     5   6.0177
#        1249       0.00632     42.09      2.00     6   6.0198
#        1250       0.00392     50.40      2.00     6   6.0198
#        1251       0.00575     20.63      2.00     4   6.0202
#        1252       0.00875     12.25      2.00     6   6.0219
#        1253       0.01812      8.09      2.00     6   6.0222
#        1254       0.01468      8.14      2.00     6   6.0229
#        1255       0.00850      8.57      2.00     6   6.0229
#        1256       0.00614     26.60      2.00     7   6.0225
#        1257       0.01296      7.53      2.00     6   6.0233
#        1258       0.01240      8.38      2.00     6   6.0233
#        1259       0.01276      8.62      2.00     5   6.0238
#        1260       0.00881      4.02      2.00     5   6.0238
#        1261       0.00907      4.11      2.00     5   6.0238
#        1262       0.00813     12.71      2.00     6   6.0253
#        1263       0.00963     59.02      2.00     6   6.0259
#        1264       0.00918     11.26      2.00     6   6.0276
#        1265       0.00863     10.16      2.00     6   6.0273
#        1266       0.00672     29.15      2.00     7   6.0276
#        1267       0.01081      7.10      2.00     6   6.0280
#        1268       0.01106      7.11      2.00     6   6.0280
#        1270       0.00862     65.91      2.00     7   6.0284
#        1271       0.00895     33.87      2.00     7   6.0285
#        1272       0.00689      9.67      2.00     6   6.0293
#        1275       0.00484     14.50      2.00     5   6.0323
#        1276       0.00369      8.08      1.00     6   6.0323
#        1277       0.00948      6.67      2.00     6   6.0343
#        1278       0.00386     20.83      2.00     5   6.0352
#        1279       0.00803     30.14      2.00     5   6.0355
#        1281       0.00965    109.50      2.00     7   6.0361
#        1282       0.01047     34.27      2.00     7   6.0357
#        1283       0.01413     69.03      2.00     7   6.0357
#        1284       0.00312      8.48      2.00     5   6.0364
#        1285       0.01082     91.87      2.00     7   6.0366
#        1288       0.00548     12.99      2.00     6   6.0385
#        1291       0.00916     20.96      2.00     6   6.0400
#        1292       0.01013      4.41      1.00     4   6.0414
#        1297       0.00524     27.46      2.00     5   6.0423
#        1299       0.00916     39.33      2.00     7   6.0424
#        1300       0.00859     38.26      2.00     7   6.0421
#        1301       0.00515     40.79      2.00     5   6.0426
#        1302       0.00822     19.86      2.00     6   6.0432
#        1303       0.00437     36.77      2.00     6   6.0434
#        1304       0.00996     17.00      2.00     6   6.0445
#        1305       0.01389     33.77      2.00     6   6.0446
#        1306       0.00883     11.86      2.00     7   6.0451
#        1307       0.01487      4.59      2.00     4   6.0452
#        1308       0.00826     39.37      2.00     7   6.0456
#        1309       0.00347     51.56      2.00     6   6.0457
#        1310       0.00840     11.78      2.00     6   6.0481
#        1311       0.00958      6.58      2.00     4   6.0488
#        1312       0.00901     13.59      2.00     6   6.0488
#        1314       0.00560     20.81      2.00     7   6.0486
#        1315       0.00826     16.81      2.00     7   6.0511
#        1316       0.01461      6.39      2.00     7   6.0518
#        1317       0.01467      6.36      2.00     7   6.0518
#        1318       0.01546      7.24      2.00     5   6.0522
#        1320       0.02095      5.41      2.00     5   6.0529
#        1322       0.00732      4.23      2.00     6   6.0526
#        1323       0.00811      4.92      2.00     6   6.0529
#        1324       0.00616     71.11      2.00     6   6.0528
#        1327       0.01450      8.39      2.00     6   6.0540
#        1328       0.02051      6.57      2.00     7   6.0542
#        1329       0.01889      8.36      2.00     7   6.0542
#        1331       0.01013     33.12      2.00     7   6.0546
#        1333       0.01385     63.44      2.00     7   6.0548
#        1334       0.01374     63.69      2.00     7   6.0548
#        1336       0.01276     41.88      1.00     6   6.0564
#        1339       0.01517     12.52      2.00     6   6.0583
#        1340       0.00997     18.36      2.00     6   6.0581
#        1341       0.00468     21.44      2.00     5   6.0589
#        1344       0.01307     72.93      2.00     7   6.0584
#        1345       0.00815     12.52      2.00     6   6.0589
#        1346       0.01308     40.47      2.00     7   6.0593
#        1347       0.01267     41.19      2.00     7   6.0593
#        1348       0.01191      4.03      2.00     5   6.0599
#        1350       0.00707      4.85      2.00     6   6.0599
#        1351       0.00837      4.70      2.00     5   6.0601
#        1352       0.01288      4.90      2.00     5   6.0602
#        1353       0.00817     11.43      2.00     6   6.0604
#        1354       0.00882     14.60      2.00     7   6.0605
#        1356       0.00847      4.75      2.00     5   6.0610
#        1357       0.01881    169.40      2.00     7   6.0637
#        1358       0.00920      4.63      2.00     6   6.0640
#        1360       0.00984      6.70      2.00     6   6.0647
#        1361       0.00358     27.66      2.00     5   6.0660
#        1362       0.00885     22.09      2.00     6   6.0668
#        1363       0.00807     11.47      2.00     6   6.0666
#        1364       0.01278      4.52      1.00     6   6.0674
#        1366       0.00810      8.58      2.00     6   6.0682
#        1367       0.00831     37.25      2.00     7   6.0682
#        1368       0.00575     10.41      1.00     6   6.0689
#        1369       0.00885     41.45      2.00     7   6.0692
#        1370       0.00711      4.44      2.00     4   6.0699
#        1371       0.01042      8.45      2.00     6   6.0712
#        1372       0.00907      6.24      2.00     6   6.0731
#        1373       0.00966      4.09      2.00     6   6.0735
#        1374       0.00943      9.19      2.00     6   6.0732
#        1375       0.01020      5.28      2.00     6   6.0734
#        1376       0.01130     37.80      2.00     7   6.0746
#        1377       0.01810     88.56      2.00     7   6.0746
#        1378       0.01088     25.18      2.00     6   6.0751
#        1379       0.00863     15.54      2.00     7   6.0760
#        1381       0.00558      7.93      2.00     4   6.0799
#        1382       0.00923     14.05      2.00     6   6.0803
#        1383       0.00553      6.22      2.00     4   6.0809
#        1384       0.01427      4.90      2.00     5   6.0810
#        1385       0.01676      7.39      2.00     6   6.0818
#        1386       0.00604      5.29      2.00     5   6.0825
#        1387       0.00957      6.14      2.00     6   6.0825
#        1388       0.00551     10.89      2.00     5   6.0833
#        1389       0.00943     19.10      2.00     7   6.0833
#        1390       0.00510     64.46      2.00     6   6.0840
#        1391       0.00972     13.65      2.00     6   6.0840
#        1392       0.00930     27.00      2.00     7   6.0841
#        1394       0.01089    143.70      2.00     7   6.0856
#        1395       0.00981      8.16      2.00     6   6.0875
#        1396       0.00891      4.49      2.00     6   6.0880
#        1397       0.00919      5.03      2.00     6   6.0880
#        1398       0.01066      5.76      2.00     6   6.0879
#        1400       0.01721      6.19      2.00     7   6.0895
#        1401       0.01878      7.76      2.00     7   6.0895
#        1403       0.00945     25.65      2.00     7   6.0896
#        1404       0.00981     17.32      2.00     7   6.0899
#        1405       0.00563     14.83      2.00     5   6.0900
#        1406       0.00572      7.68      2.00     4   6.0909
#        1407       0.00876     10.44      2.00     7   6.0911
#        1408       0.00868     10.37      2.00     6   6.0915
#        1412       0.01312      5.99      2.00     7   6.0923
#        1413       0.01346      5.92      2.00     7   6.0923
#        1414       0.00574     14.51      2.00     5   6.0933
#        1415       0.00869     11.72      2.00     6   6.0930
#        1416       0.00540      6.11      2.00     4   6.0941
#        1417       0.01982     27.77      1.00     6   6.0938
#        1419       0.00817      6.73      2.00     5   6.0949
#        1422       0.00539     10.56      2.00     5   6.1042
#        1423       0.01889      9.02      2.00     6   6.1039
#        1424       0.00881     46.32      2.00     7   6.1041
#        1427       0.00650     17.72      2.00     6   6.1085
#        1428       0.00679     32.67      2.00     7   6.1090
#        1429       0.00627     10.73      2.00     5   6.1100
#        1430       0.01092     17.46      2.00     5   6.1104
#        1432       0.00628     20.21      2.00     6   6.1124
#        1435       0.00607     13.28      2.00     6   6.1153
#        1437       0.00604     13.85      2.00     6   6.1175
#        1438       0.00963     14.36      2.00     5   6.1178
#        1439       0.01590      5.99      2.00     5   6.1225
#        1440       0.00866      6.71      2.00     6   6.1222
#        1441       0.01027     15.14      2.00     6   6.1227
#        1442       0.01228     59.22      2.00     7   6.1227
#        1443       0.01061     12.84      2.00     7   6.1227
#        1444       0.01754     11.76      2.00     7   6.1250
#        1445       0.00396     27.67      2.00     7   6.1256
#        1447       0.01604      4.72      2.00     5   6.1287
#        1448       0.00775     11.96      2.00     6   6.1285
#        1449       0.01335     11.01      2.00     6   6.1297
#        1450       0.00817     11.06      2.00     6   6.1305
#        1451       0.00732     24.22      2.00     7   6.1337
#        1452       0.00529     35.85      2.00     5   6.1363
#        1454       0.00593     23.58      2.00     7   6.1383
#        1456       0.01165     14.48      2.00     5   6.1404
#        1457       0.01579      4.87      2.00     6   6.1401
#        1458       0.00916      6.43      2.00     6   6.1422
#        1459       0.00534      7.77      2.00     6   6.1440
#        1462       0.00389      4.70      2.00     6   6.1447
#        1463       0.00548    106.40      2.00     7   6.1447
#        1466       0.00976     10.42      2.00     5   6.1480
#        1467       0.00644      4.44      2.00     6   6.1504
#        1468       0.01178     29.78      2.00     6   6.1505
#        1469       0.01021     21.85      2.00     7   6.1505
#        1470       0.00966     19.30      2.00     7   6.1503
#        1471       0.00602     10.08      2.00     5   6.1518
#        1472       0.00720     14.08      2.00     5   6.1516
#        1474       0.01564      5.01      2.00     5   6.1523
#        1475       0.00855     29.17      2.00     7   6.1522
#        1476       0.00717     29.07      2.00     6   6.1539
#        1477       0.01225     10.10      2.00     7   6.1539
#        1478       0.00852     18.50      2.00     7   6.1537
#        1479       0.00572     11.66      2.00     5   6.1540
#        1480       0.00957      7.13      2.00     5   6.1554
#        1481       0.00829     17.76      2.00     6   6.1556
#        1483       0.00533     36.50      2.00     6   6.1572
#        1484       0.00964     55.82      2.00     7   6.1570
#        1485       0.00987     20.75      2.00     7   6.1571
#        1486       0.01098     10.93      2.00     7   6.1570
#        1487       0.00500     78.89      2.00     6   6.1587
#        1488       0.00511     51.71      2.00     6   6.1583
#        1489       0.00771     29.23      2.00     7   6.1591
#        1491       0.00604     18.56      2.00     6   6.1619
#        1495       0.00569     22.40      2.00     6   6.1641
#        1497       0.00528      9.26      2.00     6   6.1647
#        1498       0.00905      6.07      2.00     6   6.1648
#        1499       0.00616     13.25      2.00     5   6.1651
#        1501       0.00621     11.61      2.00     6   6.1657
#        1503       0.00615     24.00      2.00     6   6.1675
#        1504       0.00578     13.13      2.00     5   6.1682
#        1505       0.00916     16.31      2.00     6   6.1685
#        1506       0.00520    110.40      2.00     7   6.1683
#        1507       0.00501    145.00      2.00     7   6.1688
#        1509       0.01653      5.07      2.00     6   6.1696
#        1510       0.00575      5.22      2.00     6   6.1701
#        1512       0.00601     10.32      1.00     6   6.1706
#        1514       0.01009    128.90      2.00     7   6.1724
#        1515       0.01396      9.26      2.00     7   6.1720
#        1518       0.00607     10.94      2.00     5   6.1751
#        1519       0.00496     13.89      1.00     6   6.1749
#        1520       0.00906     11.11      2.00     7   6.1749
#        1522       0.00879     14.26      2.00     7   6.1758
#        1523       0.00977      8.18      2.00     5   6.1764
#        1524       0.00791      4.51      2.00     6   6.1761
#        1525       0.00903     18.70      2.00     7   6.1765
#        1526       0.00855      5.39      2.00     6   6.1767
#        1527       0.00919      5.70      2.00     6   6.1770
#        1528       0.02029      7.55      2.00     6   6.1773
#        1529       0.00608     21.28      2.00     6   6.1775
#        1530       0.00883     22.74      2.00     7   6.1773
#        1531       0.01483      4.07      2.00     7   6.1774
#        1533       0.00574     23.30      2.00     6   6.1783
#        1534       0.00847      5.12      1.00     6   6.1782
#        1535       0.01077     19.60      1.00     6   6.1793
#        1536       0.00650      7.43      2.00     6   6.1791
#        1537       0.00988     10.01      2.00     6   6.1791
#        1539       0.01013     26.86      2.00     7   6.1801
#        1540       0.00883     36.38      2.00     7   6.1818
#        1541       0.00463     41.07      2.00     6   6.1820
#        1542       0.00396     50.92      2.00     6   6.1820
#        1543       0.01618      9.51      2.00     6   6.1830
#        1544       0.00860     10.80      2.00     7   6.1827
#        1545       0.01242      5.87      2.00     5   6.1838
#        1546       0.01362      5.68      2.00     6   6.1837
#        1547       0.01141     25.95      2.00     7   6.1833
#        1549       0.01845     15.41      2.00     6   6.1839
#        1550       0.00873     10.52      2.00     7   6.1842
#        1551       0.00879      7.16      2.00     6   6.1844
#        1552       0.00510     29.62      2.00     7   6.1850
#        1556       0.01508      4.36      2.00     6   6.1879
#        1557       0.00899     13.90      2.00     7   6.1881
#        1558       0.00969      9.33      2.00     7   6.1877
#        1559       0.00764      6.43      2.00     6   6.1885
#        1560       0.00903      4.38      2.00     7   6.1886
#        1561       0.00615     23.09      1.00     6   6.1891
#        1562       0.01321     11.39      2.00     7   6.1899
#        1563       0.01883     10.55      2.00     7   6.1899
#        1564       0.01339     18.11      2.00     7   6.1902
#        1565       0.01507      8.36      2.00     7   6.1903
#        1566       0.01494      4.82      2.00     7   6.1911
#        1567       0.01007     26.76      2.00     7   6.1911
#        1568       0.01470     63.11      2.00     7   6.1911
#        1569       0.00820     19.80      2.00     7   6.1910
#        1570       0.01750      8.48      2.00     6   6.1919
#        1572       0.00731      6.21      2.00     6   6.1924
#        1574       0.01641      6.79      1.00     6   6.1920
#        1575       0.00929      8.34      2.00     6   6.1946
#        1576       0.01564      9.41      2.00     6   6.1966
#        1577       0.00875     14.01      2.00     7   6.1963
#        1578       0.00929     16.18      2.00     7   6.1970
#        1580       0.00615     12.23      2.00     6   6.1985
#        1584       0.01547     17.61      2.00     7   6.2038
#        1585       0.01961      4.67      2.00     4   6.2050
#        1586       0.00880     22.89      2.00     7   6.2046
#        1587       0.00910      8.58      2.00     7   6.2045
#        1589       0.00701      4.40      2.00     6   6.2070
#        1590       0.01184     28.20      2.00     7   6.2069
#        1591       0.01547     26.98      2.00     7   6.2098
#        1592       0.01614    114.00      2.00     7   6.2098
#        1595       0.00816      4.93      2.00     6   6.2118
#        1597       0.01923      6.64      2.00     5   6.2127
#        1601       0.01508      4.82      1.00     6   6.2156
#        1603       0.01157     35.11      2.00     7   6.2160
#        1606       0.00911     20.46      2.00     6   6.2169
#        1607       0.00832      5.40      2.00     6   6.2169
#        1608       0.00828      5.58      2.00     6   6.2169
#        1609       0.01792     10.32      2.00     7   6.2176
#        1610       0.02576      9.49      2.00     7   6.2176
#        1614       0.01266     11.96      2.00     7   6.2195
#        1615       0.01276      8.48      2.00     5   6.2210
#        1619       0.00918     12.45      2.00     7   6.2224
#        1621       0.02298     15.72      2.00     6   6.2271
#        1623       0.01008      4.59      2.00     7   6.2276
#        1627       0.00350      5.56      2.00     5   6.2318
#        1630       0.01003     29.04      2.00     7   6.2347
#        1632       0.00953      8.41      2.00     7   6.2352
#        1640       0.01017     28.95      2.00     7   6.2396
#        1641       0.00966     17.76      2.00     7   6.2396
#        1642       0.01349     10.41      2.00     6   6.2401
#        1643       0.01418      8.33      2.00     5   6.2406
#        1645       0.01822     45.63      2.00     7   6.2444
#        1646       0.00976     16.71      2.00     6   6.2454
#        1647       0.00445      4.82      2.00     3   6.2456
#        1648       0.01257      7.22      2.00     6   6.2460
#        1649       0.00835     14.08      2.00     7   6.2465
#        1650       0.01051      8.91      2.00     6   6.2498
#        1651       0.00967     15.92      2.00     7   6.2509
#        1653       0.01512     13.49      2.00     7   6.2509
#        1655       0.01668     22.73      2.00     7   6.2525
#        1656       0.01431     11.48      2.00     7   6.2529
#        1657       0.01108     15.51      2.00     7   6.2532
#        1660       0.01004      6.21      1.00     6   6.2545
#        1665       0.00990     19.19      2.00     7   6.2580
#        1666       0.00450      4.13      2.00     4   6.2587
#        1667       0.00972     18.07      2.00     7   6.2586
#        1668       0.00928     15.32      2.00     7   6.2583
#        1669       0.00463      4.27      2.00     4   6.2590
#        1671       0.00458      6.47      2.00     5   6.2611
#        1672       0.00857      8.80      2.00     7   6.2634
#        1673       0.01028      4.43      2.00     6   6.2654
#        1676       0.01617     22.65      2.00     7   6.2661
#        1677       0.01087     13.78      2.00     6   6.2662
#        1678       0.00547      4.25      2.00     5   6.2670
#        1679       0.01281      4.49      2.00     7   6.2670
#        1680       0.00481     10.27      2.00     4   6.2679
#        1681       0.00474      6.90      2.00     4   6.2676
#        1682       0.01027      4.64      2.00     6   6.2675
#        1683       0.01479      6.37      2.00     7   6.2675
#        1684       0.01061      9.26      2.00     6   6.2685
#        1685       0.01075     15.58      2.00     7   6.2689
#        1686       0.01399     11.47      2.00     7   6.2689
#        1687       0.01137      6.34      2.00     7   6.2708
#        1689       0.03844      4.96      2.00     7   6.2705
#        1693       0.01170      7.99      2.00     7   6.2741
#        1696       0.01050      7.86      2.00     5   6.2760
#        1697       0.01097      4.26      2.00     5   6.2763
#        1698       0.00491     17.62      2.00     5   6.2781
#        1703       0.00483     10.29      2.00     4   6.2800
#        1704       0.02415      4.51      2.00     7   6.2800
#        1705       0.02170      5.66      2.00     7   6.2800
#        1706       0.00454      4.29      2.00     4   6.2808
#        1709       0.00546      7.50      2.00     6   6.2817
#        1710       0.01018      9.62      2.00     6   6.2830
#        1711       0.00912      4.93      2.00     6   6.2830
#        1712       0.00925      5.01      2.00     6   6.2830
#        1713       0.01057     13.25      2.00     6   6.2830
#        1717       0.01376      4.50      2.00     7   6.2858
#        1720       0.00892      9.71      2.00     7   6.2863
#        1721       0.01033      4.75      2.00     6   6.2873
#        1722       0.01094      8.94      2.00     6   6.2869
#        1723       0.00983      8.22      2.00     7   6.2875
#        1724       0.02131     46.09      2.00     7   6.2878
#        1725       0.01023     28.81      2.00     7   6.2891
#        1727       0.00932      8.05      2.00     6   6.2895
#        1728       0.00429      5.32      2.00     4   6.2913
#        1729       0.01863      5.57      2.00     5   6.2915
#        1730       0.00715      7.56      2.00     6   6.2917
#        1731       0.02139      8.50      2.00     6   6.2919
#        1732       0.01417      4.50      2.00     5   6.2924
#        1733       0.00846      8.07      2.00     7   6.2940
#        1735       0.01468      7.69      2.00     6   6.2945
#        1737       0.00479     55.66      2.00     7   6.2956
#        1739       0.01511      4.61      2.00     6   6.2968
#        1740       0.00997      5.09      2.00     5   6.2973
#        1741       0.02592      4.57      2.00     5   6.2978
#        1743       0.00446     76.98      2.00     7   6.2981
#        1744       0.01943      4.24      2.00     7   6.2984
#        1746       0.01293      4.18      2.00     7   6.2991
#        1748       0.01449      4.31      2.00     6   6.3008
#        1749       0.00849      8.43      2.00     7   6.3005
#        1751       0.00564      7.95      2.00     6   6.3011
#        1752       0.00918     13.34      2.00     7   6.3011
#        1754       0.00495     15.12      2.00     5   6.3021
#        1755       0.01488      4.54      2.00     6   6.3023
#        1756       0.00479     22.93      2.00     5   6.3024
#        1757       0.00909     10.62      2.00     7   6.3023
#        1760       0.01068     22.29      2.00     7   6.3038
#        1761       0.00949      5.76      2.00     7   6.3041
#        1766       0.01344      5.34      2.00     6   6.3048
#        1767       0.01014      4.09      2.00     7   6.3045
#        1768       0.00771      6.87      2.00     7   6.3045
#        1769       0.01736      5.92      2.00     5   6.3052
#        1770       0.01574     21.11      2.00     6   6.3052
#        1771       0.00827      8.59      2.00     7   6.3051
#        1772       0.00578    100.30      2.00     7   6.3052
#        1773       0.00971      4.66      2.00     5   6.3065
#        1774       0.00479      4.64      2.00     6   6.3062
#        1775       0.01219     12.16      2.00     7   6.3065
#        1776       0.01714     10.67      2.00     6   6.3076
#        1777       0.01673      7.24      2.00     7   6.3097
#        1778       0.02444      4.69      2.00     5   6.3103
#        1780       0.00931      4.83      2.00     6   6.3108
#        1781       0.01089     24.75      2.00     7   6.3105
#        1782       0.01053     14.97      2.00     7   6.3105
#        1784       0.00933     20.65      2.00     7   6.3113
#        1785       0.01279     17.80      2.00     7   6.3114
#        1786       0.00402      6.70      2.00     4   6.3118
#        1787       0.01502      5.64      2.00     5   6.3120
#        1788       0.00393      6.21      2.00     6   6.3121
#        1789       0.01332     10.23      2.00     7   6.3121
#        1790       0.00489     41.74      2.00     6   6.3126
#        1791       0.00920      9.98      2.00     7   6.3128
#        1792       0.00403     10.47      2.00     5   6.3138
#        1793       0.01110      8.00      2.00     6   6.3137
#        1794       0.00545      5.15      2.00     6   6.3136
#        1795       0.01256      7.79      2.00     7   6.3139
#        1797       0.00676     15.55      2.00     6   6.3143
#        1798       0.01544      7.12      2.00     6   6.3148
#        1799       0.01592     20.65      2.00     6   6.3147
#        1805       0.01405      4.33      2.00     6   6.3157
#        1806       0.01565     14.20      2.00     7   6.3171
#        1807       0.00528      4.72      2.00     4   6.3170
#        1808       0.01226      9.30      2.00     6   6.3167
#        1812       0.00805      4.42      2.00     7   6.3185
#        1813       0.00885      8.40      2.00     7   6.3185
#        1814       0.01096     10.48      2.00     7   6.3185
#        1816       0.01385     10.43      2.00     7   6.3185
#        1817       0.00901     21.72      2.00     7   6.3190
#        1818       0.01720     17.41      2.00     7   6.3191
#        1820       0.01608     13.10      2.00     7   6.3201
#        1821       0.00892      4.98      2.00     5   6.3208
#        1823       0.00580      5.22      2.00     6   6.3216
#        1824       0.00407      6.42      2.00     4   6.3229
#        1825       0.00564      5.56      2.00     4   6.3234
#        1826       0.00363      8.93      2.00     4   6.3238
#        1827       0.00574     14.54      2.00     6   6.3243
#        1829       0.00407     10.13      2.00     5   6.3253
#        1830       0.00553     12.63      2.00     5   6.3258
#        1832       0.00893      9.28      2.00     6   6.3280
#        1833       0.01237      8.24      1.00     6   6.3277
#        1836       0.01510      5.57      2.00     7   6.3280
#        1838       0.00873      4.61      2.00     7   6.3284
#        1839       0.01946      5.01      1.00     6   6.3287
#        1840       0.00445      5.05      2.00     6   6.3287
#        1843       0.00916      9.19      2.00     6   6.3328
#        1845       0.01242     22.87      2.00     7   6.3332
#        1846       0.00359      4.27      2.00     4   6.3339
#        1847       0.00364     14.90      2.00     5   6.3339
#        1849       0.01171      5.86      2.00     6   6.3339
#        1850       0.00773      4.40      2.00     7   6.3341
#        1851       0.01686     13.08      2.00     7   6.3340
#        1852       0.01756      7.57      1.00     6   6.3347
#        1853       0.00972     10.74      2.00     7   6.3347
#        1855       0.01315      4.13      2.00     7   6.3354
#        1856       0.00989     13.44      2.00     7   6.3362
#        1857       0.01022      9.70      2.00     7   6.3366
#        1859       0.01734     28.37      2.00     7   6.3371
#        1860       0.01742      4.22      2.00     7   6.3382
#        1863       0.00696     22.97      2.00     7   6.3434
#        1864       0.00976      5.31      2.00     5   6.3447
#        1866       0.01668      4.96      2.00     6   6.3444
#        1867       0.00572      6.08      2.00     4   6.3451
#        1868       0.00890      5.36      2.00     5   6.3457
#        1869       0.01722     11.74      2.00     7   6.3462
#        1870       0.01367      4.21      2.00     7   6.3462
#        1875       0.00437      4.13      2.00     4   6.3472
#        1876       0.00682     14.15      2.00     6   6.3469
#        1877       0.00970      9.06      2.00     7   6.3472
#        1879       0.00789     32.79      2.00     7   6.3485
#        1881       0.01404      9.65      2.00     6   6.3519
#        1882       0.01926      4.20      2.00     6   6.3530
#        1883       0.02477      4.71      1.00     6   6.3530
#        1884       0.02649      4.45      1.00     6   6.3530
#        1886       0.00552     18.52      2.00     6   6.3534
#        1887       0.01915     17.67      2.00     7   6.3543
#        1888       0.00775     14.56      2.00     6   6.3566
#        1891       0.03892     14.43      2.00     7   6.3572
#        1893       0.01773     17.21      2.00     7   6.3577
#        1894       0.01029      6.11      2.00     6   6.3580
#        1896       0.01187     12.23      2.00     6   6.3588
#        1898       0.00904     23.30      2.00     7   6.3595
#        1901       0.02184      7.78      2.00     6   6.3603
#        1903       0.00653      4.86      2.00     5   6.3617
#        1904       0.00448      7.42      2.00     4   6.3619
#        1905       0.00585      4.06      2.00     5   6.3635
#        1906       0.00562      6.51      2.00     5   6.3634
#        1908       0.02144      8.31      2.00     7   6.3646
#        1911       0.02067      4.75      2.00     5   6.3663
#        1912       0.01029      8.53      2.00     7   6.3665
#        1915       0.00380      7.17      2.00     5   6.3695
#        1920       0.00602     16.97      2.00     6   6.3723
#        1926       0.00490      9.45      2.00     5   6.3741
#        1927       0.01328      5.03      2.00     4   6.3747
#        1928       0.01049      7.90      2.00     7   6.3744
#        1929       0.01395     12.43      2.00     7   6.3743
#        1930       0.00222      4.79      1.00     2   6.3751
#        1931       0.00679     12.30      2.00     7   6.3749
#        1932       0.00513      5.19      2.00     4   6.3755
#        1934       0.01019      9.71      2.00     6   6.3760
#        1936       0.00568      4.41      2.00     5   6.3770
#        1937       0.00521     14.88      2.00     5   6.3781
#        1938       0.00567      4.10      2.00     4   6.3791
#        1941       0.00985      8.52      2.00     6   6.3816
#        1942       0.00561     11.90      2.00     6   6.3827
#        1943       0.00407      8.52      2.00     5   6.3836
#        1944       0.00382     11.66      2.00     5   6.3839
#        1945       0.00390     19.40      2.00     5   6.3843
#        1946       0.01125     18.78      2.00     6   6.3850
#        1947       0.00710     35.76      2.00     7   6.3849
#        1950       0.00410     13.28      2.00     6   6.3860
#        1951       0.01241     38.48      2.00     7   6.3875
#        1955       0.02129     14.53      2.00     7   6.3892
#        1957       0.00926     11.53      2.00     6   6.3903
#        1958       0.01099     27.88      2.00     7   6.3903
#        1959       0.01475      5.01      2.00     5   6.3909
#        1964       0.00905     24.61      2.00     7   6.3933
#        1965       0.00353      5.21      2.00     4   6.3939
#        1967       0.00357      8.19      2.00     5   6.3946
#        1968       0.00401     34.37      2.00     6   6.3944
#        1969       0.00848      4.25      2.00     7   6.3950
#        1972       0.06707      8.40      2.00     7   6.3953
#        1973       0.01128     39.15      2.00     7   6.3951
#        1977       0.01942      7.77      2.00     7   6.3965
#        1978       0.02263      5.42      2.00     7   6.3965
#        1979       0.00440      4.14      2.00     4   6.3967
#        1980       0.01009      9.29      2.00     6   6.3966
#        1981       0.00585     26.48      2.00     7   6.3966
#        1982       0.00679      7.42      2.00     5   6.3976
#        1983       0.01300      4.03      2.00     4   6.3982
#        1984       0.00957     11.67      2.00     5   6.3979
#        1985       0.00400      5.88      2.00     5   6.3985
#        1986       0.00428      6.00      2.00     5   6.3988
#        1987       0.01291     38.19      2.00     7   6.3985
#        1988       0.00545     11.80      2.00     7   6.3995
#        1989       0.00693      4.25      2.00     7   6.4011
#        1995       0.01153     35.26      2.00     7   6.4029
#        1997       0.01289     21.83      2.00     6   6.4038
#        1998       0.01610      6.79      2.00     6   6.4045
#        1999       0.01588      5.24      2.00     6   6.4045
#        2000       0.00387     17.82      2.00     5   6.4050
#        2001       0.01929     16.45      2.00     6   6.4052
#        2002       0.00511      8.80      2.00     5   6.4058
#        2004       0.00493      7.61      2.00     5   6.4073
#        2005       0.01226      6.61      2.00     5   6.4071
#        2006       0.00443      9.95      2.00     5   6.4072
#        2007       0.00402     28.28      2.00     6   6.4071
#        2008       0.01039     33.35      2.00     7   6.4075
#        2010       0.01014     15.80      2.00     6   6.4072
#        2014       0.00407      7.03      2.00     5   6.4077
#        2015       0.00655     20.47      2.00     6   6.4081
#        2016       0.01878     10.50      2.00     7   6.4079
#        2018       0.00569     21.50      2.00     7   6.4085
#        2023       0.00444     17.70      2.00     6   6.4096
#        2024       0.00582     22.93      2.00     7   6.4093
#        2026       0.00623     21.19      2.00     7   6.4109
#        2029       0.01303     45.69      2.00     7   6.4139
#        2031       0.00464     10.87      2.00     5   6.4144
#        2032       0.00959     11.10      2.00     6   6.4146
#        2033       0.00597     14.34      2.00     7   6.4149
#        2034       0.01337      5.88      2.00     6   6.4157
#        2037       0.01040      5.75      2.00     6   6.4163
#        2038       0.01995      7.37      2.00     7   6.4167
#        2039       0.00584     19.77      2.00     7   6.4169
#        2040       0.02254      4.70      2.00     7   6.4167
#        2042       0.00797     13.19      2.00     7   6.4171
#        2043       0.01513      4.88      2.00     5   6.4180
#        2044       0.01334      7.25      2.00     5   6.4179
#        2047       0.00382      4.86      2.00     5   6.4182
#        2049       0.01541      7.07      2.00     5   6.4195
#        2051       0.01211     20.84      2.00     7   6.4195
#        2052       0.00517      5.99      2.00     5   6.4213
#        2054       0.01430      8.76      2.00     6   6.4219
#        2055       0.01528      6.49      2.00     7   6.4252
#        2057       0.02042     12.73      2.00     6   6.4268
#        2058       0.00724     17.12      2.00     6   6.4273
#        2060       0.00554     29.58      2.00     7   6.4276
#        2061       0.01344      9.35      2.00     7   6.4272
#        2062       0.01572     15.43      2.00     7   6.4276
#        2063       0.01076      4.43      2.00     6   6.4278
#        2064       0.01517      9.13      2.00     6   6.4281
#        2065       0.01620      5.59      2.00     6   6.4280
#        2066       0.01202      5.98      2.00     5   6.4285
#        2067       0.01399      6.54      2.00     7   6.4283
#        2068       0.00707     10.17      2.00     5   6.4293
#        2069       0.01412      8.02      2.00     6   6.4296
#        2070       0.07277     14.30      2.00     7   6.4297
#        2071       0.00727     35.98      2.00     7   6.4297
#        2072       0.01423      5.15      2.00     6   6.4299
#        2073       0.01447      5.83      2.00     6   6.4299
#        2074       0.01175      5.04      2.00     5   6.4307
#        2076       0.00840     19.19      2.00     6   6.4306
#        2077       0.01486     35.69      2.00     7   6.4307
#        2078       0.00581     28.01      2.00     7   6.4311
#        2079       0.01101      4.94      2.00     6   6.4320
#        2080       0.00809     20.58      2.00     7   6.4322
#        2081       0.00581     15.79      2.00     6   6.4331
#        2082       0.00839     41.62      2.00     7   6.4330
#        2083       0.00910      4.17      2.00     6   6.4337
#        2084       0.00910      5.79      2.00     5   6.4339
#        2085       0.00914      5.74      2.00     5   6.4339
#        2086       0.01032     15.78      2.00     7   6.4365
#        2087       0.00412     13.90      2.00     5   6.4373
#        2089       0.00388     15.88      2.00     5   6.4376
#        2090       0.00550     12.86      2.00     5   6.4384
#        2091       0.00535     25.21      2.00     6   6.4388
#        2092       0.00580     11.23      2.00     5   6.4396
#        2093       0.00412     25.64      2.00     6   6.4397
#        2095       0.01368      6.04      2.00     6   6.4404
#        2096       0.01136      5.24      2.00     6   6.4404
#        2097       0.00803      5.22      2.00     7   6.4417
#        2098       0.01309      5.80      2.00     5   6.4415
#        2099       0.00589     17.72      2.00     6   6.4418
#        2100       0.00885      6.23      2.00     6   6.4424
#        2102       0.00830      4.65      2.00     6   6.4431
#        2103       0.00594     30.60      2.00     7   6.4432
#        2104       0.00842     20.89      2.00     7   6.4431
#        2105       0.01079     16.86      2.00     7   6.4430
#        2106       0.00909      6.14      2.00     6   6.4442
#        2107       0.00544     10.01      2.00     6   6.4451
#        2108       0.00561     10.77      2.00     7   6.4448
#        2109       0.01355     15.35      2.00     7   6.4452
#        2110       0.00943      5.26      2.00     7   6.4451
#        2111       0.00906      7.60      2.00     7   6.4451
#        2112       0.01846      7.46      2.00     6   6.4453
#        2113       0.01387      9.46      2.00     6   6.4457
#        2115       0.00558     12.87      2.00     6   6.4467
#        2116       0.00919      4.56      2.00     5   6.4475
#        2117       0.00922      4.55      2.00     5   6.4475
#        2118       0.00547     20.74      2.00     7   6.4475
#        2120       0.01368      9.26      2.00     7   6.4480
#        2122       0.00543     29.73      2.00     6   6.4489
#        2123       0.01512     13.83      2.00     7   6.4493
#        2124       0.01232     31.24      2.00     7   6.4494
#        2126       0.01395     15.48      2.00     7   6.4501
#        2131       0.01055     18.36      2.00     7   6.4508
#        2132       0.00622      8.64      2.00     5   6.4513
#        2134       0.00774     11.63      2.00     7   6.4516
#        2135       0.00565      4.71      2.00     5   6.4533
#        2136       0.00515     12.91      2.00     6   6.4541
#        2137       0.00920     16.89      2.00     7   6.4540
#        2138       0.01264      8.35      2.00     7   6.4549
#        2139       0.00927      5.89      2.00     5   6.4553
#        2140       0.00933      5.84      2.00     5   6.4553
#        2141       0.00889     20.40      2.00     7   6.4558
#        2142       0.00517     25.97      2.00     7   6.4565
#        2143       0.00556     24.73      2.00     7   6.4569
#        2144       0.01275     12.09      2.00     7   6.4569
#        2145       0.00230      8.58      2.00     3   6.4577
#        2146       0.00836     18.36      2.00     7   6.4572
#        2154       0.01428      4.52      2.00     4   6.4618
#        2155       0.00786      7.61      2.00     6   6.4618
#        2156       0.00599     23.47      2.00     7   6.4619
#        2158       0.00610      5.09      2.00     3   6.4625
#        2159       0.00610     24.64      2.00     6   6.4623
#        2161       0.01304     10.17      2.00     7   6.4624
#        2162       0.00412     13.60      2.00     5   6.4630
#        2163       0.00462      6.20      2.00     5   6.4632
#        2164       0.01409      5.61      2.00     5   6.4630
#        2165       0.00419      6.87      2.00     6   6.4628
#        2167       0.01233      5.98      2.00     7   6.4640
#        2169       0.01070     19.10      2.00     7   6.4644
#        2171       0.00907      5.53      2.00     6   6.4671
#  1687/2000 paths used
#  xsedge+50, used to normalize mu           1.0000E+00
#  -----------------------------------------------------------------------
#  omega    e    k    mu    mu0     chi     @#
    9726.073   -205.180  -7.200 -2.00235E-06 -2.45305E-06  3.57250E-06
    9728.807   -202.446  -7.150 -4.94207E-06 -5.48710E-06  3.68358E-06
    9731.521   -199.731  -7.100 -7.88178E-06 -8.52115E-06  3.77801E-06
    9734.217   -197.036  -7.050 -1.08215E-05 -1.15552E-05  3.86427E-06
    9736.893   -194.359  -7.000 -1.37612E-05 -1.45893E-05  3.95779E-06
    9739.551   -191.702  -6.950 -1.67009E-05 -1.76233E-05  4.07089E-06
    9742.189   -189.063  -6.900 -1.96406E-05 -2.06573E-05  4.20437E-06
    9744.809   -186.444  -6.850 -2.23990E-05 -2.36149E-05  4.37323E-06
    9747.409   -183.844  -6.800 -2.49519E-05 -2.64857E-05  4.56802E-06
    9749.990   -181.262  -6.750 -2.75048E-05 -2.93566E-05  4.74913E-06
    9752.552   -178.700  -6.700 -3.00577E-05 -3.22275E-05  4.91650E-06
    9755.095   -176.157  -6.650 -3.26107E-05 -3.50983E-05  5.08071E-06
    9757.620   -173.633  -6.600 -3.51636E-05 -3.79692E-05  5.25682E-06
    9760.125   -171.128  -6.550 -3.77165E-05 -4.08401E-05  5.45523E-06
    9762.611   -168.642  -6.500 -4.02694E-05 -4.37109E-05  5.67500E-06
    9765.078   -166.175  -6.450 -4.20929E-05 -4.64749E-05  5.95955E-06
    9767.526   -163.727  -6.400 -4.34442E-05 -4.91697E-05  6.27817E-06
    9769.954   -161.298  -6.350 -4.47954E-05 -5.18645E-05  6.58614E-06
    9772.364   -158.888  -6.300 -4.61466E-05 -5.45593E-05  6.88332E-06
    9774.755   -156.498  -6.250 -4.74979E-05 -5.72541E-05  7.17970E-06
    9777.127   -154.126  -6.200 -4.88491E-05 -5.99489E-05  7.49033E-06
    9779.479   -151.773  -6.150 -5.02003E-05 -6.26437E-05  7.82715E-06
    9781.813   -149.440  -6.100 -5.15516E-05 -6.53385E-05  8.19213E-06
    9784.128   -147.125  -6.050 -5.10543E-05 -6.79886E-05  8.65550E-06
    9786.423   -144.830  -6.000 -4.45804E-05 -7.04946E-05  9.39313E-06
    9788.700   -142.553  -5.950 -3.81065E-05 -7.30005E-05  1.01422E-05
    9790.957   -140.296  -5.900 -3.16326E-05 -7.55064E-05  1.08968E-05
    9793.195   -138.057  -5.850 -2.51587E-05 -7.80124E-05  1.16613E-05
    9795.415   -135.838  -5.800 -1.86848E-05 -8.05183E-05  1.24490E-05
    9797.615   -133.638  -5.750 -1.22110E-05 -8.30242E-05  1.32762E-05
    9799.796   -131.456  -5.700 -5.73708E-06 -8.55301E-05  1.41541E-05
    9801.958   -129.294  -5.650  7.36802E-07 -8.80361E-05  1.50831E-05
    9804.101   -127.151  -5.600  1.01029E-04 -9.04922E-05  1.72336E-05
    9806.225   -125.027  -5.550  4.93683E-04 -9.27931E-05  2.34757E-05
    9808.330   -122.922  -5.500  8.86337E-04 -9.50941E-05  3.03339E-05
    9810.416   -120.836  -5.450  1.27899E-03 -9.73950E-05  3.77828E-05
    9812.483   -118.769  -5.400  1.67165E-03 -9.96960E-05  4.58094E-05
    9814.531   -116.721  -5.350  2.06430E-03 -1.01997E-04  5.44153E-05
    9816.560   -114.693  -5.300  2.45695E-03 -1.04298E-04  6.36088E-05
    9818.570   -112.683  -5.250  2.84961E-03 -1.06599E-04  7.33936E-05
    9820.561   -110.692  -5.200  3.24226E-03 -1.08900E-04  8.37562E-05
    9822.532   -108.720  -5.150  3.63492E-03 -1.11201E-04  9.46609E-05
    9824.485   -106.768  -5.100  3.76268E-03 -1.13397E-04  9.62939E-05
    9826.418   -104.834  -5.050  3.58360E-03 -1.15472E-04  8.64879E-05
    9828.333   -102.920  -5.000  3.40453E-03 -1.17546E-04  7.63402E-05
    9830.228   -101.024  -4.950  3.22545E-03 -1.19621E-04  6.58706E-05
    9832.105    -99.148  -4.900  3.04638E-03 -1.21695E-04  5.51105E-05
    9833.962    -97.290  -4.850  2.86730E-03 -1.23770E-04  4.41015E-05
    9835.800    -95.452  -4.800  2.68823E-03 -1.25845E-04  3.28916E-05
    9837.620    -93.633  -4.750  2.50915E-03 -1.27919E-04  2.15292E-05
    9839.420    -91.833  -4.700  2.33008E-03 -1.29994E-04  1.00570E-05
    9841.201    -90.051  -4.650  2.15100E-03 -1.32069E-04 -1.49268E-06
    9842.963    -88.289  -4.600  1.97193E-03 -1.34143E-04 -1.30993E-05
    9844.706    -86.546  -4.550  1.83853E-03 -1.36052E-04 -1.68917E-05
    9846.430    -84.822  -4.500  1.73017E-03 -1.37870E-04 -1.60703E-05
    9848.135    -83.117  -4.450  1.62181E-03 -1.39688E-04 -1.49091E-05
    9849.821    -81.431  -4.400  1.51345E-03 -1.41506E-04 -1.34575E-05
    9851.488    -79.765  -4.350  1.40508E-03 -1.43323E-04 -1.17501E-05
    9853.136    -78.117  -4.300  1.29672E-03 -1.45141E-04 -9.79160E-06
    9854.765    -76.488  -4.250  1.18836E-03 -1.46959E-04 -7.54978E-06
    9856.374    -74.878  -4.200  1.08000E-03 -1.48777E-04 -4.96127E-06
    9857.965    -73.288  -4.150  9.71636E-04 -1.50595E-04 -1.94846E-06
    9859.537    -71.716  -4.100  8.63274E-04 -1.52413E-04  1.55660E-06
    9861.089    -70.163  -4.050  7.54912E-04 -1.54230E-04  5.58858E-06
    9862.623    -68.630  -4.000  6.46551E-04 -1.56048E-04  1.01333E-05
    9864.137    -67.115  -3.950  5.76857E-04 -1.57753E-04  7.12747E-05
    9865.633    -65.620  -3.900  5.73644E-04 -1.59265E-04  2.40668E-04
    9867.109    -64.144  -3.850  5.70431E-04 -1.60776E-04  3.96484E-04
    9868.566    -62.686  -3.800  5.67218E-04 -1.62287E-04  4.98527E-04
    9870.005    -61.248  -3.750  5.64005E-04 -1.63798E-04  5.13322E-04
    9871.424    -59.829  -3.700  5.60792E-04 -1.65309E-04  4.23131E-04
    9872.824    -58.429  -3.650  5.57580E-04 -1.66820E-04  2.32133E-04
    9874.205    -57.047  -3.600  5.54367E-04 -1.68331E-04 -3.19014E-05
    9875.567    -55.685  -3.550  5.51154E-04 -1.69843E-04 -3.21223E-04
    9876.910    -54.342  -3.500  5.47941E-04 -1.71354E-04 -5.76619E-04
    9878.234    -53.018  -3.450  5.44728E-04 -1.72865E-04 -7.39307E-04
    9879.539    -51.714  -3.400  5.41515E-04 -1.74376E-04 -7.63841E-04
    9880.825    -50.428  -3.350  5.38302E-04 -1.75887E-04 -6.29261E-04
    9882.092    -49.161  -3.300  5.35090E-04 -1.77398E-04 -3.45894E-04
    9883.340    -47.913  -3.250  5.31877E-04 -1.78910E-04  4.39724E-05
    9884.568    -46.684  -3.200  5.38657E-04 -1.80084E-04  9.12360E-04
    9885.778    -45.475  -3.150  5.47880E-04 -1.81176E-04  2.43386E-03
    9886.969    -44.284  -3.100  5.57104E-04 -1.82269E-04  4.22572E-03
    9888.140    -43.112  -3.050  5.66328E-04 -1.83361E-04  5.85230E-03
    9889.293    -41.960  -3.000  5.75552E-04 -1.84453E-04  6.88613E-03
    9890.426    -40.826  -2.950  5.84775E-04 -1.85545E-04  6.98741E-03
    9891.541    -39.712  -2.900  5.93999E-04 -1.86637E-04  5.95365E-03
    9892.636    -38.617  -2.850  6.03223E-04 -1.87730E-04  3.73990E-03
    9893.712    -37.540  -2.800  6.12446E-04 -1.88822E-04  4.61524E-04
    9894.770    -36.483  -2.750  6.21670E-04 -1.89914E-04 -3.60765E-03
    9895.808    -35.445  -2.700  6.30894E-04 -1.91006E-04 -8.03855E-03
    9896.827    -34.426  -2.650  6.40118E-04 -1.92099E-04 -1.22613E-02
    9897.827    -33.426  -2.600  6.49341E-04 -1.93191E-04 -1.56090E-02
    9898.808    -32.445  -2.550  6.58565E-04 -1.94283E-04 -1.74039E-02
    9899.770    -31.482  -2.500  6.67789E-04 -1.95375E-04 -1.70840E-02
    9900.713    -30.540  -2.450  6.77012E-04 -1.96468E-04 -1.43442E-02
    9901.637    -29.616  -2.400  6.86236E-04 -1.97560E-04 -9.25044E-03
    9902.542    -28.711  -2.350  6.95460E-04 -1.98652E-04 -2.28398E-03
    9903.428    -27.825  -2.300  7.04684E-04 -1.99744E-04  5.70859E-03
    9904.294    -26.958  -2.250  6.81902E-04 -2.00393E-04  8.29970E+00
    9905.142    -26.110  -2.200  6.52236E-04 -2.00946E-04  1.52198E+01
    9905.971    -25.282  -2.150  6.22570E-04 -2.01499E-04  9.99217E+00
    9906.780    -24.472  -2.100  5.92904E-04 -2.02052E-04 -8.27986E+00
    9907.571    -23.682  -2.050  5.63238E-04 -2.02605E-04 -3.06088E+01
    9908.343    -22.910  -2.000  5.33572E-04 -2.03158E-04 -4.34415E+01
    9909.095    -22.158  -1.950  5.03906E-04 -2.03711E-04 -3.73839E+01
    9909.828    -21.424  -1.900  4.74240E-04 -2.04264E-04 -1.37099E+01
    9910.543    -20.710  -1.850  4.44574E-04 -2.04818E-04  1.56917E+01
    9911.238    -20.014  -1.800  4.14908E-04 -2.05371E-04  3.51636E+01
    9911.914    -19.338  -1.750  3.85242E-04 -2.05924E-04  3.47805E+01
    9912.572    -18.681  -1.700  3.55576E-04 -2.06477E-04  1.65304E+01
    9913.210    -18.043  -1.650  3.25910E-04 -2.07030E-04 -6.85806E+00
    9913.829    -17.424  -1.600  2.75954E-04 -2.07442E-04 -3.28040E+01
    9914.429    -16.824  -1.550  1.92305E-04 -2.07594E-04 -7.26588E+01
    9915.010    -16.243  -1.500  1.06868E-04 -2.07671E-04  1.63359E+02
    9915.572    -15.681  -1.450  2.58881E-05 -2.07666E-04  1.50737E+01
    9916.115    -15.138  -1.400 -4.02431E-05 -2.07569E-04 -1.19707E+01
    9916.639    -14.614  -1.350 -7.52703E-05 -2.07372E-04 -1.29075E+01
    9917.144    -14.109  -1.300 -6.10117E-05 -2.07061E-04 -1.51919E+01
    9917.629    -13.623  -1.250  6.67447E-06 -2.06624E-04 -1.77595E+01
    9918.096    -13.156  -1.200  1.17755E-04 -2.06044E-04 -1.90047E+01
    9918.544    -12.709  -1.150  2.61227E-04 -2.05300E-04 -2.00439E+01
    9918.972    -12.280  -1.100  4.26986E-04 -2.04369E-04 -2.16349E+01
    9919.382    -11.871  -1.050  6.06434E-04 -2.03223E-04 -1.97386E+01
    9919.773    -11.480  -1.000  7.91542E-04 -2.01824E-04 -5.28333E+00
    9920.144    -11.109  -0.950  9.75332E-04 -2.00132E-04  2.11242E+01
    9920.496    -10.756  -0.900  1.15259E-03 -1.98100E-04  4.08041E+01
    9920.830    -10.423  -0.850  1.31898E-03 -1.95661E-04  3.77671E+01
    9921.144    -10.108  -0.800  1.47246E-03 -1.92748E-04  1.69723E+01
    9921.439     -9.813  -0.750  1.61157E-03 -1.89275E-04 -6.61892E+00
    9921.716     -9.537  -0.700  1.73626E-03 -1.85150E-04 -2.28189E+01
    9921.973     -9.280  -0.650  1.84702E-03 -1.80279E-04 -2.92768E+01
    9922.211     -9.042  -0.600  1.94459E-03 -1.74543E-04 -2.81448E+01
    9922.430     -8.823  -0.550  2.03037E-03 -1.67897E-04 -2.27594E+01
    9922.630     -8.623  -0.500  2.10559E-03 -1.60340E-04 -1.58395E+01
    9922.811     -8.442  -0.450  2.17141E-03 -1.51975E-04 -9.09626E+00
    9922.973     -8.280  -0.400  2.22876E-03 -1.43041E-04 -3.35682E+00
    9923.116     -8.137  -0.350  2.27772E-03 -1.33927E-04  1.07201E+00
    9923.240     -8.013  -0.300  2.31937E-03 -1.25127E-04  4.32066E+00
    9923.344     -7.908  -0.250  2.35383E-03 -1.17123E-04  6.57814E+00
    9923.430     -7.822  -0.200  2.38112E-03 -1.10373E-04  8.06133E+00
    9923.497     -7.756  -0.150  2.41810E-03 -8.86576E-05  8.99202E+00
    9923.544     -7.708  -0.100  2.49625E-03 -1.75494E-05  9.37723E+00
    9923.573     -7.680  -0.050  2.57440E-03  5.35587E-05  9.72451E+00
    9923.583     -7.670   0.000  2.65254E-03  1.24667E-04  1.00339E+01
    9923.592     -7.661   0.050  2.72838E-03  1.28652E-04  1.02926E+01
    9923.621     -7.632   0.100  2.79543E-03  1.31968E-04  1.05181E+01
    9923.668     -7.584   0.150  2.85439E-03  1.35284E-04  1.07104E+01
    9923.735     -7.518   0.200  2.94988E-03  1.41469E-04  1.10061E+01
    9923.821     -7.432   0.250  3.02458E-03  1.49179E-04  1.11964E+01
    9923.925     -7.327   0.300  3.04338E-03  1.58123E-04  1.11500E+01
    9924.049     -7.203   0.350  2.97223E-03  1.67937E-04  1.07460E+01
    9924.192     -7.060   0.400  2.78563E-03  1.78178E-04  9.90195E+00
    9924.354     -6.899   0.450  2.47035E-03  1.88393E-04  8.58441E+00
    9924.535     -6.718   0.500  2.03420E-03  1.98183E-04  6.84130E+00
    9924.735     -6.518   0.550  1.50512E-03  2.07292E-04  4.79068E+00
    9924.954     -6.299   0.600  9.30206E-04  2.15588E-04  2.61427E+00
    9925.192     -6.060   0.650  3.68987E-04  2.23031E-04  5.29465E-01
    9925.449     -5.803   0.700 -1.19401E-04  2.29607E-04 -1.25649E+00
    9925.726     -5.527   0.750 -4.85722E-04  2.35385E-04 -2.57901E+00
    9926.021     -5.232   0.800 -7.01672E-04  2.40408E-04 -3.35076E+00
    9926.335     -4.917   0.850 -7.62820E-04  2.44721E-04 -3.56829E+00
    9926.669     -4.584   0.900 -6.88006E-04  2.48370E-04 -3.30627E+00
    9927.021     -4.232   0.950 -5.13186E-04  2.51383E-04 -2.69517E+00
    9927.392     -3.860   1.000 -2.82357E-04  2.53811E-04 -1.88948E+00
    9927.783     -3.470   1.050 -3.94644E-05  2.55682E-04 -1.04119E+00
    9928.193     -3.060   1.100  1.80433E-04  2.57023E-04 -2.70828E-01
    9928.621     -2.631   1.150  3.50708E-04  2.57884E-04  3.29430E-01
    9929.069     -2.184   1.200  4.61657E-04  2.58291E-04  7.25233E-01
    9929.536     -1.717   1.250  5.14128E-04  2.58289E-04  9.17815E-01
    9930.021     -1.231   1.300  5.17676E-04  2.57908E-04  9.38449E-01
    9930.526     -0.726   1.350  4.86838E-04  2.57197E-04  8.36224E-01
    9931.050     -0.203   1.400  4.37244E-04  2.56187E-04  6.65115E-01
    9931.593      0.340   1.450  3.83202E-04  2.54916E-04  4.75771E-01
    9932.155      0.902   1.500  3.35149E-04  2.53420E-04  3.06209E-01
    9932.736      1.483   1.550  2.99223E-04  2.51740E-04  1.79820E-01
    9933.336      2.083   1.600  2.77313E-04  2.49901E-04  1.04985E-01
    9933.955      2.703   1.650  2.67938E-04  2.47935E-04  7.75027E-02
    9934.593      3.341   1.700  2.67504E-04  2.45874E-04  8.48078E-02
    9935.251      3.998   1.750  2.71606E-04  2.43738E-04  1.10592E-01
    9935.927      4.674   1.800  2.76208E-04  2.41554E-04  1.39214E-01
    9936.622      5.370   1.850  2.78456E-04  2.39335E-04  1.59104E-01
    9937.337      6.084   1.900  2.77008E-04  2.37103E-04  1.64293E-01
    9938.070      6.817   1.950  2.71920E-04  2.34867E-04  1.54424E-01
    9938.822      7.570   2.000  2.64179E-04  2.32628E-04  1.33084E-01
    9939.594      8.341   2.050  2.55220E-04  2.30334E-04  1.06272E-01
    9940.385      9.132   2.100  2.46438E-04  2.27942E-04  8.00357E-02
    9941.194      9.942   2.150  2.38855E-04  2.25511E-04  5.85414E-02
    9942.023     10.770   2.200  2.33373E-04  2.23558E-04  4.36595E-02
    9942.871     11.618   2.250  2.30337E-04  2.22655E-04  3.45982E-02
    9943.737     12.485   2.300  2.28888E-04  2.22446E-04  2.92731E-02
    9944.623     13.371   2.350  2.28170E-04  2.22664E-04  2.51688E-02
    9945.528     14.275   2.400  2.27613E-04  2.23275E-04  1.98754E-02
    9946.452     15.199   2.450  2.26749E-04  2.24216E-04  1.15973E-02
    9947.395     16.142   2.500  2.25388E-04  2.25405E-04 -7.62901E-05
    9948.357     17.104   2.550  2.23727E-04  2.26713E-04 -1.36169E-02
    9949.338     18.085   2.600  2.21049E-04  2.27065E-04 -2.73816E-02
    9950.338     19.086   2.650  2.17758E-04  2.26863E-04 -4.14458E-02
    9951.357     20.105   2.700  2.14192E-04  2.26380E-04 -5.55618E-02
    9952.396     21.143   2.750  2.10603E-04  2.25771E-04 -6.92999E-02
    9953.453     22.200   2.800  2.07166E-04  2.25107E-04 -8.21605E-02
    9954.529     23.277   2.850  2.04016E-04  2.24421E-04 -9.36595E-02
    9955.624     24.372   2.900  2.01274E-04  2.23739E-04 -1.03324E-01
    9956.739     25.486   2.950  1.99077E-04  2.23113E-04 -1.10723E-01
    9957.872     26.620   3.000  1.97521E-04  2.22555E-04 -1.15434E-01
    9959.025     27.772   3.050  1.96692E-04  2.22070E-04 -1.17079E-01
    9960.196     28.944   3.100  1.96648E-04  2.21629E-04 -1.15264E-01
    9961.387     30.134   3.150  1.97484E-04  2.21243E-04 -1.09608E-01
    9962.597     31.344   3.200  1.99265E-04  2.20913E-04 -9.98300E-02
    9963.825     32.573   3.250  2.02014E-04  2.20643E-04 -8.58427E-02
    9965.073     33.821   3.300  2.05660E-04  2.20424E-04 -6.79718E-02
    9966.340     35.087   3.350  2.10031E-04  2.20266E-04 -4.70668E-02
    9967.626     36.373   3.400  2.14833E-04  2.20162E-04 -2.44739E-02
    9968.931     37.678   3.450  2.19710E-04  2.20107E-04 -1.81964E-03
    9970.255     39.002   3.500  2.24314E-04  2.20107E-04  1.92580E-02
    9971.598     40.345   3.550  2.28327E-04  2.20148E-04  3.73738E-02
    9972.960     41.707   3.600  2.31566E-04  2.20246E-04  5.16224E-02
    9974.341     43.088   3.650  2.33921E-04  2.20374E-04  6.16484E-02
    9975.741     44.489   3.700  2.35446E-04  2.20551E-04  6.76430E-02
    9977.160     45.908   3.750  2.36240E-04  2.20752E-04  7.01813E-02
    9978.599     47.346   3.800  2.36496E-04  2.20995E-04  7.00818E-02
    9980.056     48.803   3.850  2.36366E-04  2.21253E-04  6.81814E-02
    9981.532     50.280   3.900  2.36031E-04  2.21541E-04  6.52211E-02
    9983.028     51.775   3.950  2.35585E-04  2.21841E-04  6.17219E-02
    9984.542     53.290   4.000  2.35094E-04  2.22159E-04  5.79607E-02
    9986.076     54.823   4.050  2.34551E-04  2.22481E-04  5.39734E-02
    9987.628     56.376   4.100  2.33931E-04  2.22812E-04  4.96186E-02
    9989.200     57.947   4.150  2.33164E-04  2.23137E-04  4.46539E-02
    9990.791     59.538   4.200  2.32197E-04  2.23463E-04  3.88193E-02
    9992.400     61.148   4.250  2.30969E-04  2.23779E-04  3.18999E-02
    9994.029     62.777   4.300  2.29454E-04  2.24077E-04  2.38179E-02
    9995.677     64.424   4.350  2.27671E-04  2.24365E-04  1.46198E-02
    9997.344     66.091   4.400  2.25656E-04  2.24629E-04  4.53700E-03
    9999.030     67.777   4.450  2.23504E-04  2.24881E-04 -6.07284E-03
   10000.735     69.482   4.500  2.21300E-04  2.25100E-04 -1.67416E-02
   10002.459     71.206   4.550  2.19177E-04  2.25295E-04 -2.69227E-02
   10004.202     72.949   4.600  2.17252E-04  2.25459E-04 -3.60882E-02
   10005.964     74.711   4.650  2.15640E-04  2.25596E-04 -4.37435E-02
   10007.745     76.492   4.700  2.14431E-04  2.25703E-04 -4.94978E-02
   10009.545     78.293   4.750  2.13686E-04  2.25778E-04 -5.30751E-02
   10011.365     80.112   4.800  2.13434E-04  2.25820E-04 -5.43471E-02
   10013.203     81.950   4.850  2.13679E-04  2.25832E-04 -5.33153E-02
   10015.060     83.808   4.900  2.14386E-04  2.25813E-04 -5.01290E-02
   10016.937     85.684   4.950  2.15505E-04  2.25772E-04 -4.50400E-02
   10018.832     87.580   5.000  2.16941E-04  2.25693E-04 -3.83993E-02
   10020.747     89.494   5.050  2.18615E-04  2.25593E-04 -3.06284E-02
   10022.680     91.428   5.100  2.20418E-04  2.25471E-04 -2.21863E-02
   10024.633     93.380   5.150  2.22237E-04  2.25323E-04 -1.35557E-02
   10026.604     95.352   5.200  2.23979E-04  2.25160E-04 -5.18909E-03
   10028.595     97.343   5.250  2.25544E-04  2.24973E-04  2.50987E-03
   10030.605     99.352   5.300  2.26873E-04  2.24775E-04  9.22891E-03
   10032.634    101.381   5.350  2.27925E-04  2.24570E-04  1.47706E-02
   10034.682    103.429   5.400  2.28679E-04  2.24351E-04  1.90636E-02
   10036.749    105.496   5.450  2.29150E-04  2.24123E-04  2.21604E-02
   10038.835    107.582   5.500  2.29381E-04  2.23894E-04  2.42037E-02
   10040.940    109.687   5.550  2.29418E-04  2.23664E-04  2.54023E-02
   10043.064    111.811   5.600  2.29314E-04  2.23434E-04  2.59746E-02
   10045.207    113.954   5.650  2.29113E-04  2.23207E-04  2.61068E-02
   10047.369    116.116   5.700  2.28847E-04  2.22987E-04  2.59233E-02
   10049.550    118.298   5.750  2.28529E-04  2.22775E-04  2.54657E-02
   10051.750    120.498   5.800  2.28146E-04  2.22568E-04  2.47036E-02
   10053.970    122.717   5.850  2.27690E-04  2.22376E-04  2.35513E-02
   10056.208    124.955   5.900  2.27128E-04  2.22190E-04  2.18963E-02
   10058.465    127.213   5.950  2.26449E-04  2.22020E-04  1.96475E-02
   10060.742    129.489   6.000  2.25636E-04  2.21862E-04  1.67503E-02
   10063.037    131.785   6.050  2.24695E-04  2.21719E-04  1.32102E-02
   10065.352    134.099   6.100  2.23641E-04  2.21591E-04  9.10557E-03
   10067.686    136.433   6.150  2.22508E-04  2.21478E-04  4.57556E-03
   10070.038    138.786   6.200  2.21334E-04  2.21378E-04 -1.93870E-04
   10072.410    141.157   6.250  2.20168E-04  2.21290E-04 -4.98503E-03
   10074.801    143.548   6.300  2.19065E-04  2.21217E-04 -9.57275E-03
   10077.211    145.958   6.350  2.18067E-04  2.21156E-04 -1.37421E-02
   10079.639    148.387   6.400  2.17215E-04  2.21104E-04 -1.73033E-02
   10082.087    150.835   6.450  2.16545E-04  2.21062E-04 -2.01021E-02
   10084.554    153.302   6.500  2.16078E-04  2.21025E-04 -2.20249E-02
   10087.040    155.788   6.550  2.15833E-04  2.21000E-04 -2.30045E-02
   10089.545    158.293   6.600  2.15811E-04  2.20979E-04 -2.30170E-02
   10092.070    160.817   6.650  2.16006E-04  2.20963E-04 -2.20854E-02
   10094.613    163.360   6.700  2.16395E-04  2.20945E-04 -2.02757E-02
   10097.175    165.922   6.750  2.16961E-04  2.20931E-04 -1.76945E-02
   10099.756    168.504   6.800  2.17667E-04  2.20915E-04 -1.44856E-02
   10102.356    171.104   6.850  2.18468E-04  2.20895E-04 -1.08254E-02
   10104.976    173.723   6.900  2.19321E-04  2.20869E-04 -6.91042E-03
   10107.614    176.362   6.950  2.20176E-04  2.20837E-04 -2.95062E-03
   10110.272    179.019   7.000  2.20990E-04  2.20799E-04  8.49239E-04
   10112.948    181.696   7.050  2.21711E-04  2.20748E-04  4.30513E-03
   10115.644    184.391   7.100  2.22315E-04  2.20690E-04  7.26956E-03
   10118.358    187.106   7.150  2.22772E-04  2.20618E-04  9.64507E-03
   10121.092    189.839   7.200  2.23075E-04  2.20532E-04  1.13916E-02
   10123.845    192.592   7.250  2.23229E-04  2.20435E-04  1.25247E-02
   10126.617    195.364   7.300  2.23243E-04  2.20322E-04  1.31075E-02
   10129.407    198.155   7.350  2.23142E-04  2.20196E-04  1.32318E-02
   10132.217    200.965   7.400  2.22944E-04  2.20053E-04  1.29979E-02
   10135.046    203.794   7.450  2.22677E-04  2.19902E-04  1.24935E-02
   10137.894    206.642   7.500  2.22342E-04  2.19729E-04  1.17771E-02
   10140.761    209.509   7.550  2.21953E-04  2.19543E-04  1.08706E-02
   10143.647    212.395   7.600  2.21506E-04  2.19345E-04  9.76098E-03
   10146.552    215.300   7.650  2.20992E-04  2.19132E-04  8.41261E-03
   10149.476    218.224   7.700  2.20412E-04  2.18913E-04  6.78679E-03
   10152.420    221.167   7.750  2.19751E-04  2.18679E-04  4.86203E-03
   10155.382    224.129   7.800  2.19017E-04  2.18433E-04  2.65472E-03
   10158.363    227.111   7.850  2.18228E-04  2.18178E-04  2.28993E-04
   10161.364    230.111   7.900  2.17414E-04  2.17920E-04 -2.30196E-03
   10164.383    233.130   7.950  2.16604E-04  2.17654E-04 -4.78722E-03
   10167.421    236.169   8.000  2.15835E-04  2.17380E-04 -7.05523E-03
   10170.479    239.226   8.050  2.15149E-04  2.17105E-04 -8.94113E-03
   10173.556    242.303   8.100  2.14577E-04  2.16829E-04 -1.03101E-02
   10176.651    245.399   8.150  2.14137E-04  2.16554E-04 -1.10772E-02
   10179.766    248.513   8.200  2.13835E-04  2.16278E-04 -1.12172E-02
   10182.900    251.647   8.250  2.13663E-04  2.16005E-04 -1.07641E-02
   10186.052    254.800   8.300  2.13607E-04  2.15736E-04 -9.80116E-03
   10189.224    257.972   8.350  2.13638E-04  2.15470E-04 -8.44206E-03
   10192.415    261.162   8.400  2.13732E-04  2.15207E-04 -6.81132E-03
   10195.625    264.372   8.450  2.13866E-04  2.14954E-04 -5.02621E-03
   10198.854    267.601   8.500  2.14019E-04  2.14708E-04 -3.18530E-03
   10202.102    270.849   8.550  2.14176E-04  2.14471E-04 -1.36446E-03
   10205.369    274.116   8.600  2.14320E-04  2.14238E-04  3.79623E-04
   10208.655    277.402   8.650  2.14451E-04  2.14020E-04  2.00125E-03
   10211.960    280.708   8.700  2.14548E-04  2.13805E-04  3.45771E-03
   10215.284    284.032   8.750  2.14610E-04  2.13600E-04  4.70124E-03
   10218.628    287.375   8.800  2.14624E-04  2.13404E-04  5.68212E-03
   10221.990    290.737   8.850  2.14579E-04  2.13216E-04  6.35383E-03
   10225.371    294.119   8.900  2.14465E-04  2.13034E-04  6.68180E-03
   10228.772    297.519   8.950  2.14290E-04  2.12865E-04  6.65698E-03
   10232.191    300.939   9.000  2.14046E-04  2.12699E-04  6.30024E-03
   10235.630    304.377   9.050  2.13747E-04  2.12536E-04  5.66522E-03
   10239.087    307.835   9.100  2.13419E-04  2.12388E-04  4.83126E-03
   10242.564    311.311   9.150  2.13070E-04  2.12240E-04  3.88975E-03
   10246.060    314.807   9.200  2.12720E-04  2.12096E-04  2.92788E-03
   10249.574    318.322   9.250  2.12380E-04  2.11951E-04  2.01279E-03
   10253.108    321.855   9.300  2.12064E-04  2.11813E-04  1.18143E-03
   10256.661    325.408   9.350  2.11769E-04  2.11676E-04  4.38751E-04
   10260.233    328.980   9.400  2.11489E-04  2.11539E-04 -2.35790E-04
   10263.824    332.571   9.450  2.11216E-04  2.11401E-04 -8.74875E-04
   10267.434    336.181   9.500  2.10944E-04  2.11263E-04 -1.50738E-03
   10271.063    339.810   9.550  2.10669E-04  2.11123E-04 -2.14423E-03
   10274.711    343.458   9.600  2.10390E-04  2.10976E-04 -2.77054E-03
   10278.378    347.125   9.650  2.10121E-04  2.10827E-04 -3.34571E-03
   10282.064    350.811   9.700  2.09867E-04  2.10671E-04 -3.81169E-03
   10285.769    354.517   9.750  2.09646E-04  2.10512E-04 -4.10764E-03
   10289.493    358.241   9.800  2.09462E-04  2.10343E-04 -4.18396E-03
   10293.237    361.984   9.850  2.09328E-04  2.10172E-04 -4.01650E-03
   10296.999    365.746   9.900  2.09228E-04  2.09987E-04 -3.61324E-03
   10300.780    369.528   9.950  2.09166E-04  2.09798E-04 -3.01369E-03
   10304.581    373.328  10.000  2.09128E-04  2.09606E-04 -2.28115E-03
   10308.400    377.148  10.050  2.09088E-04  2.09399E-04 -1.49010E-03
   10312.239    380.986  10.100  2.09039E-04  2.09188E-04 -7.12512E-04
   10316.097    384.844  10.150  2.08969E-04  2.08970E-04 -5.76290E-06
   10319.973    388.721  10.200  2.08872E-04  2.08748E-04  5.94358E-04
   10323.869    392.616  10.250  2.08736E-04  2.08512E-04  1.07526E-03
   10327.784    396.531  10.300  2.08573E-04  2.08273E-04  1.44339E-03
   10331.718    400.465  10.350  2.08390E-04  2.08034E-04  1.71711E-03
   10335.670    404.418  10.400  2.08184E-04  2.07787E-04  1.91807E-03
   10339.642    408.390  10.450  2.07963E-04  2.07535E-04  2.06404E-03
   10343.633    412.381  10.500  2.07728E-04  2.07280E-04  2.16429E-03
   10347.643    416.391  10.550  2.07487E-04  2.07028E-04  2.21935E-03
   10351.672    420.420  10.600  2.07230E-04  2.06771E-04  2.22254E-03
   10355.720    424.468  10.650  2.06959E-04  2.06513E-04  2.16453E-03
   10359.788    428.535  10.700  2.06682E-04  2.06262E-04  2.03738E-03
   10363.874    432.621  10.750  2.06386E-04  2.06007E-04  1.83808E-03
   10367.979    436.726  10.800  2.06079E-04  2.05756E-04  1.56997E-03
   10372.103    440.851  10.850  2.05764E-04  2.05509E-04  1.24254E-03
   10376.247    444.994  10.900  2.05440E-04  2.05262E-04  8.69492E-04
   10380.409    449.157  10.950  2.05118E-04  2.05022E-04  4.66538E-04
   10384.591    453.338  11.000  2.04796E-04  2.04786E-04  4.94241E-05
   10388.791    457.538  11.050  2.04481E-04  2.04557E-04 -3.67051E-04
   10393.011    461.758  11.100  2.04171E-04  2.04329E-04 -7.68849E-04
   10397.249    465.997  11.150  2.03875E-04  2.04109E-04 -1.14174E-03
   10401.507    470.254  11.200  2.03592E-04  2.03893E-04 -1.47027E-03
   10405.784    474.531  11.250  2.03329E-04  2.03683E-04 -1.73689E-03
   10410.079    478.827  11.300  2.03083E-04  2.03475E-04 -1.92323E-03
   10414.394    483.142  11.350  2.02866E-04  2.03275E-04 -2.01177E-03
   10418.728    487.475  11.400  2.02672E-04  2.03077E-04 -1.98918E-03
   10423.081    491.828  11.450  2.02510E-04  2.02886E-04 -1.85020E-03
   10427.453    496.200  11.500  2.02367E-04  2.02692E-04 -1.60003E-03
   10431.844    500.591  11.550  2.02249E-04  2.02504E-04 -1.25597E-03
   10436.254    505.001  11.600  2.02152E-04  2.02323E-04 -8.46326E-04
   10440.683    509.430  11.650  2.02059E-04  2.02142E-04 -4.06916E-04
   10445.131    513.879  11.700  2.01962E-04  2.01957E-04  2.37237E-05
   10449.598    518.346  11.750  2.01861E-04  2.01778E-04  4.10439E-04
   10454.085    522.832  11.800  2.01746E-04  2.01599E-04  7.26391E-04
   10458.590    527.337  11.850  2.01613E-04  2.01420E-04  9.56914E-04
   10463.114    531.862  11.900  2.01455E-04  2.01233E-04  1.10026E-03
   10467.658    536.405  11.950  2.01288E-04  2.01053E-04  1.16587E-03
   10472.220    540.968  12.000  2.01101E-04  2.00865E-04  1.17077E-03
   10476.802    545.549  12.050  2.00903E-04  2.00674E-04  1.13427E-03
   10481.402    550.150  12.100  2.00700E-04  2.00484E-04  1.07305E-03
   10486.022    554.769  12.150  2.00486E-04  2.00286E-04  9.97549E-04
   10490.661    559.408  12.200  2.00267E-04  2.00085E-04  9.10328E-04
   10495.318    564.066  12.250  2.00038E-04  1.99877E-04  8.06936E-04
   10499.995    568.742  12.300  1.99803E-04  1.99667E-04  6.78872E-04
   10504.691    573.438  12.350  1.99552E-04  1.99449E-04  5.17550E-04
   10509.406    578.153  12.400  1.99285E-04  1.99222E-04  3.18454E-04
   10514.140    582.887  12.450  1.99015E-04  1.98998E-04  8.42746E-05
   10518.893    587.640  12.500  1.98726E-04  1.98761E-04 -1.73872E-04
   10523.665    592.412  12.550  1.98435E-04  1.98522E-04 -4.37365E-04
   10528.456    597.203  12.600  1.98138E-04  1.98274E-04 -6.82940E-04
   10533.266    602.013  12.650  1.97849E-04  1.98025E-04 -8.86574E-04
   10538.095    606.842  12.700  1.97569E-04  1.97773E-04 -1.02787E-03
   10542.943    611.690  12.750  1.97297E-04  1.97514E-04 -1.09372E-03
   10547.810    616.558  12.800  1.97033E-04  1.97247E-04 -1.08007E-03
   10552.697    621.444  12.850  1.96788E-04  1.96984E-04 -9.92599E-04
   10557.602    626.349  12.900  1.96548E-04  1.96715E-04 -8.44719E-04
   10562.526    631.274  12.950  1.96311E-04  1.96440E-04 -6.54994E-04
   10567.470    636.217  13.000  1.96080E-04  1.96167E-04 -4.43535E-04
   10572.432    641.180  13.050  1.95845E-04  1.95890E-04 -2.29173E-04
   10577.414    646.161  13.100  1.95613E-04  1.95618E-04 -2.68266E-05
   10582.414    651.162  13.150  1.95370E-04  1.95340E-04  1.53280E-04
   10587.434    656.182  13.200  1.95122E-04  1.95062E-04  3.05502E-04
   10592.473    661.220  13.250  1.94875E-04  1.94791E-04  4.27674E-04
   10597.531    666.278  13.300  1.94615E-04  1.94514E-04  5.19872E-04
   10602.607    671.355  13.350  1.94357E-04  1.94244E-04  5.82866E-04
   10607.703    676.451  13.400  1.94095E-04  1.93975E-04  6.17524E-04
   10612.818    681.566  13.450  1.93830E-04  1.93708E-04  6.24572E-04
   10617.952    686.700  13.500  1.93563E-04  1.93446E-04  6.04787E-04
   10623.105    691.853  13.550  1.93289E-04  1.93181E-04  5.59808E-04
   10628.277    697.025  13.600  1.93025E-04  1.92930E-04  4.92594E-04
   10633.468    702.216  13.650  1.92753E-04  1.92674E-04  4.07494E-04
   10638.678    707.426  13.700  1.92485E-04  1.92425E-04  3.10131E-04
   10643.908    712.655  13.750  1.92217E-04  1.92177E-04  2.06644E-04
   10649.156    717.903  13.800  1.91956E-04  1.91936E-04  1.02803E-04
   10654.423    723.171  13.850  1.91698E-04  1.91697E-04  3.30893E-06
   10659.710    728.457  13.900  1.91441E-04  1.91458E-04 -8.86851E-05
   10665.015    733.762  13.950  1.91189E-04  1.91222E-04 -1.71471E-04
   10670.339    739.087  14.000  1.90945E-04  1.90992E-04 -2.44407E-04
   10675.683    744.430  14.050  1.90704E-04  1.90763E-04 -3.07206E-04
   10681.045    749.793  14.100  1.90465E-04  1.90534E-04 -3.59059E-04
   10686.427    755.174  14.150  1.90229E-04  1.90305E-04 -3.98166E-04
   10691.828    760.575  14.200  1.90002E-04  1.90082E-04 -4.21911E-04
   10697.247    765.995  14.250  1.89774E-04  1.89856E-04 -4.26878E-04
   10702.686    771.434  14.300  1.89550E-04  1.89628E-04 -4.10166E-04
   10708.144    776.891  14.350  1.89334E-04  1.89404E-04 -3.70097E-04
   10713.621    782.368  14.400  1.89117E-04  1.89176E-04 -3.07338E-04
   10719.117    787.864  14.450  1.88904E-04  1.88946E-04 -2.25299E-04
   10724.632    793.379  14.500  1.88692E-04  1.88716E-04 -1.30141E-04
   10730.166    798.913  14.550  1.88473E-04  1.88479E-04 -3.00406E-05
   10735.719    804.466  14.600  1.88254E-04  1.88242E-04  6.61939E-05
   10741.291    810.038  14.650  1.88030E-04  1.88001E-04  1.50227E-04
   10746.882    815.629  14.700  1.87801E-04  1.87761E-04  2.16006E-04
   10752.492    821.240  14.750  1.87567E-04  1.87518E-04  2.60447E-04
   10758.121    826.869  14.800  1.87317E-04  1.87263E-04  2.83784E-04
   10763.770    832.517  14.850  1.87065E-04  1.87011E-04  2.89135E-04
   10769.437    838.184  14.900  1.86805E-04  1.86752E-04  2.81519E-04
   10775.123    843.871  14.950  1.86542E-04  1.86492E-04  2.66348E-04
   10780.829    849.576  15.000  1.86277E-04  1.86230E-04  2.48229E-04
   10786.553    855.301  15.050  1.86004E-04  1.85961E-04  2.29785E-04
   10792.297    861.044  15.100  1.85730E-04  1.85691E-04  2.11464E-04
   10798.060    866.807  15.150  1.85449E-04  1.85413E-04  1.91464E-04
   10803.841    872.589  15.200  1.85165E-04  1.85134E-04  1.66751E-04
   10809.642    878.389  15.250  1.84879E-04  1.84855E-04  1.33991E-04
   10815.462    884.209  15.300  1.84592E-04  1.84575E-04  9.05779E-05
   10821.300    890.048  15.350  1.84299E-04  1.84293E-04  3.57889E-05
   10827.158    895.906  15.400  1.84001E-04  1.84006E-04 -2.91124E-05
   10833.035    901.783  15.450  1.83700E-04  1.83718E-04 -1.00651E-04
   10838.931    907.679  15.500  1.83403E-04  1.83435E-04 -1.73548E-04
   10844.846    913.594  15.550  1.83103E-04  1.83148E-04 -2.41512E-04
   10850.780    919.528  15.600  1.82805E-04  1.82859E-04 -2.98203E-04
   10856.733    925.481  15.650  1.82509E-04  1.82571E-04 -3.37984E-04
   10862.705    931.453  15.700  1.82224E-04  1.82289E-04 -3.56836E-04
   10868.697    937.444  15.750  1.81937E-04  1.82002E-04 -3.52867E-04
   10874.707    943.454  15.800  1.81662E-04  1.81721E-04 -3.26735E-04
   10880.736    949.484  15.850  1.81390E-04  1.81441E-04 -2.81516E-04
   10886.785    955.532  15.900  1.81122E-04  1.81162E-04 -2.22167E-04
   10892.852    961.599  15.950  1.80855E-04  1.80883E-04 -1.54836E-04
   10898.938    967.686  16.000  1.80597E-04  1.80612E-04 -8.57246E-05
   10905.044    973.791  16.050  1.80333E-04  1.80337E-04 -2.01282E-05
   10911.168    979.916  16.100  1.80074E-04  1.80068E-04  3.86665E-05
   10917.312    986.059  16.150  1.79820E-04  1.79804E-04  8.95182E-05
   10923.475    992.222  16.200  1.79562E-04  1.79538E-04  1.33331E-04
   10929.656    998.404  16.250  1.79309E-04  1.79278E-04  1.72309E-04
   10935.857   1004.605  16.300  1.79056E-04  1.79019E-04  2.08810E-04
   10942.077   1010.824  16.350  1.78803E-04  1.78759E-04  2.43970E-04
   10948.316   1017.063  16.400  1.78550E-04  1.78500E-04  2.76853E-04
   10954.574   1023.321  16.450  1.78298E-04  1.78243E-04  3.04139E-04
   10960.851   1029.598  16.500  1.78048E-04  1.77991E-04  3.20844E-04
   10967.147   1035.894  16.550  1.77792E-04  1.77735E-04  3.21215E-04
   10973.462   1042.209  16.600  1.77536E-04  1.77483E-04  3.00597E-04
   10979.796   1048.543  16.650  1.77278E-04  1.77232E-04  2.56970E-04
   10986.149   1054.896  16.700  1.77011E-04  1.76976E-04  1.91963E-04
   10992.521   1061.269  16.750  1.76744E-04  1.76724E-04  1.11000E-04
   10998.912   1067.660  16.800  1.76478E-04  1.76474E-04  2.24796E-05
   11005.323   1074.070  16.850  1.76204E-04  1.76216E-04 -6.37625E-05
   11011.752   1080.499  16.900  1.75934E-04  1.75959E-04 -1.38469E-04
   11018.200   1086.948  16.950  1.75672E-04  1.75706E-04 -1.94692E-04
   11024.668   1093.415  17.000  1.75404E-04  1.75444E-04 -2.29067E-04
   11031.154   1099.902  17.050  1.75135E-04  1.75178E-04 -2.42123E-04
   11037.660   1106.407  17.100  1.74874E-04  1.74916E-04 -2.37670E-04
   11044.185   1112.932  17.150  1.74610E-04  1.74648E-04 -2.21420E-04
   11050.728   1119.476  17.200  1.74343E-04  1.74378E-04 -1.99477E-04
   11057.291   1126.038  17.250  1.74076E-04  1.74107E-04 -1.76802E-04
   11063.873   1132.620  17.300  1.73801E-04  1.73829E-04 -1.56314E-04
   11070.473   1139.221  17.350  1.73525E-04  1.73549E-04 -1.38498E-04
   11077.093   1145.841  17.400  1.73249E-04  1.73270E-04 -1.21923E-04
   11083.732   1152.480  17.450  1.72972E-04  1.72990E-04 -1.04047E-04
   11090.390   1159.138  17.500  1.72688E-04  1.72702E-04 -8.22708E-05
   11097.067   1165.815  17.550  1.72409E-04  1.72419E-04 -5.48433E-05
   11103.763   1172.511  17.600  1.72125E-04  1.72129E-04 -2.15055E-05
   11110.478   1179.226  17.650  1.71842E-04  1.71839E-04  1.64860E-05
   11117.212   1185.960  17.700  1.71553E-04  1.71544E-04  5.65725E-05
   11123.966   1192.713  17.750  1.71268E-04  1.71251E-04  9.54418E-05
   11130.738   1199.485  17.800  1.70977E-04  1.70955E-04  1.29800E-04
   11137.529   1206.277  17.850  1.70689E-04  1.70662E-04  1.56741E-04
   11144.340   1213.087  17.900  1.70393E-04  1.70364E-04  1.74261E-04
   11151.169   1219.916  17.950  1.70103E-04  1.70073E-04  1.81413E-04
   11158.017   1226.765  18.000  1.69805E-04  1.69775E-04  1.78327E-04
   11164.885   1233.632  18.050  1.69512E-04  1.69484E-04  1.65917E-04
   11171.771   1240.519  18.100  1.69211E-04  1.69186E-04  1.45787E-04
   11178.677   1247.424  18.150  1.68916E-04  1.68895E-04  1.19918E-04
   11185.602   1254.349  18.200  1.68621E-04  1.68606E-04  9.03305E-05
   11192.545   1261.293  18.250  1.68326E-04  1.68316E-04  5.90719E-05
   11199.508   1268.255  18.300  1.68032E-04  1.68027E-04  2.78626E-05
   11206.490   1275.237  18.350  1.67740E-04  1.67740E-04 -1.82871E-06
   11213.491   1282.238  18.400  1.67447E-04  1.67452E-04 -2.89391E-05
   11220.511   1289.258  18.450  1.67163E-04  1.67171E-04 -5.28241E-05
   11227.550   1296.297  18.500  1.66880E-04  1.66892E-04 -7.29778E-05
   11234.608   1303.355  18.550  1.66598E-04  1.66613E-04 -8.91557E-05
   11241.685   1310.432  18.600  1.66317E-04  1.66334E-04 -1.01077E-04
   11248.781   1317.528  18.650  1.66039E-04  1.66057E-04 -1.08516E-04
   11255.896   1324.643  18.700  1.65766E-04  1.65785E-04 -1.11277E-04
   11263.030   1331.777  18.750  1.65496E-04  1.65514E-04 -1.09274E-04
   11270.183   1338.931  18.800  1.65222E-04  1.65239E-04 -1.02705E-04
   11277.356   1346.103  18.850  1.64954E-04  1.64969E-04 -9.21676E-05
   11284.547   1353.294  18.900  1.64687E-04  1.64700E-04 -7.86841E-05
   11291.757   1360.505  18.950  1.64421E-04  1.64431E-04 -6.34547E-05
   11298.987   1367.734  19.000  1.64154E-04  1.64162E-04 -4.77798E-05
   11306.235   1374.983  19.050  1.63887E-04  1.63893E-04 -3.27611E-05
   11313.503   1382.250  19.100  1.63621E-04  1.63624E-04 -1.90018E-05
   11320.789   1389.537  19.150  1.63353E-04  1.63355E-04 -6.43910E-06
   11328.095   1396.842  19.200  1.63086E-04  1.63085E-04  5.50634E-06
   11335.420   1404.167  19.250  1.62817E-04  1.62814E-04  1.76735E-05
   11342.764   1411.511  19.300  1.62549E-04  1.62544E-04  3.07664E-05
   11350.126   1418.874  19.350  1.62276E-04  1.62269E-04  4.49871E-05
   11357.508   1426.256  19.400  1.62006E-04  1.61997E-04  5.98095E-05
   11364.909   1433.656  19.450  1.61730E-04  1.61719E-04  7.38794E-05
   11372.329   1441.076  19.500  1.61454E-04  1.61440E-04  8.52960E-05
   11379.768   1448.515  19.550  1.61176E-04  1.61161E-04  9.21242E-05
   11387.226   1455.973  19.600  1.60898E-04  1.60883E-04  9.29120E-05
   11394.703   1463.451  19.650  1.60618E-04  1.60604E-04  8.70532E-05
   11402.199   1470.947  19.700  1.60329E-04  1.60317E-04  7.51026E-05
   11409.714   1478.462  19.750  1.60039E-04  1.60030E-04  5.85923E-05
   11417.249   1485.996  19.800  1.59755E-04  1.59749E-04  3.96927E-05
   11424.802   1493.549  19.850  1.59465E-04  1.59462E-04  2.06742E-05
   11432.374   1501.122  19.900  1.59171E-04  1.59171E-04  3.36260E-06
   11439.966   1508.713  19.950  1.58885E-04  1.58887E-04 -1.11546E-05
