PDB,CLUSTER,CLUSTER_TYPE,CENTER_IDX,CENTER_ELEM,CENTER_ATOMNAME,CHAIN,RESSEQ,ICODE,RESNAME,ALTLOC,OCC,CN,GEOM,COORD,RMS_theta,MAX_angle_dev,sigma_d,delta_d,RMS_plane,h_max,planar,axial,distorted,JT,OTHER_METALS,ALTLOC_CASE,ALTLOC_LABEL,XYZ_PATH,RESOLUTION_A
13mt,1,homo,1,ZN,ZN,A,401,,ZN,,1.0,4,TD,4S,1.9518789413023552,3.1407939484274294,0.0022976701908815154,0.005877409834189162,1.3068109998970752,1.7983708879328242,No,No,No,No,,,,data/4cys-large/output/xyz_files/13mt_ZN_homo_d2.60_cluster1.xyz,1.94
13ni,1,homo,1,ZN,ZN,A,401,,ZN,,1.0,4,TD,4S,3.01877668348993,4.941440044165049,0.041796228936259845,0.11283132070589241,1.3050492576626613,1.6721885588760204,No,No,No,No,,,,data/4cys-large/output/xyz_files/13ni_ZN_homo_d2.60_cluster1.xyz,1.94
13nz,1,homo,1,ZN,ZN,A,401,,ZN,,1.0,4,TD,4S,3.0582250575515824,4.80130257910929,0.007989880939959792,0.021208515252554516,1.298423827311266,1.5691358727983098,No,No,No,No,,,,data/4cys-large/output/xyz_files/13nz_ZN_homo_d2.60_cluster1.xyz,1.97
13oc,1,homo,1,ZN,ZN,A,401,,ZN,,1.0,4,TD,4S,2.2603039368614044,3.3195577847799314,0.016718210116498378,0.043702921741568534,1.3136765586329084,2.1379359219211582,No,No,No,No,,,,data/4cys-large/output/xyz_files/13oc_ZN_homo_d2.60_cluster1.xyz,1.81
13sb,2,homo,1,ZN,ZN,A,502,,ZN,,1.0,4,TD,4S,3.866123850880972,5.790715649817486,0.024544161029852157,0.06568652073307923,1.2835387907248677,1.830750176182493,No,No,No,No,,,,data/4cys-large/output/xyz_files/13sb_ZN_homo_d2.60_cluster2.xyz,1.48
13sb,4,homo,1,ZN,ZN,B,502,,ZN,,1.0,4,TD,4S,4.040167235846471,6.883224106704404,0.03805573236807839,0.1016030267986836,1.2990326288642724,1.746709392295865,No,No,No,No,,,,data/4cys-large/output/xyz_files/13sb_ZN_homo_d2.60_cluster4.xyz,1.48
13sb,6,homo,1,ZN,ZN,C,502,,ZN,,1.0,4,TD,4S,4.893448211891618,6.05800767606074,0.014164597301223214,0.03191959645561937,1.2735846438595535,1.788819748156174,No,No,No,No,,,,data/4cys-large/output/xyz_files/13sb_ZN_homo_d2.60_cluster6.xyz,1.48
13sb,8,homo,1,ZN,ZN,D,502,,ZN,,1.0,4,TD,4S,3.9883116620754104,6.051972826647074,0.03478296644534737,0.08897977645909849,1.2966220208377879,1.6351951755847827,No,No,No,No,,,,data/4cys-large/output/xyz_files/13sb_ZN_homo_d2.60_cluster8.xyz,1.48
13sc,2,homo,1,ZN,ZN,A,502,,ZN,,1.0,4,TD,4S,3.905141517958656,6.236689655840038,0.014841718978056565,0.03661840724855736,1.2937527370547057,1.7630265967290923,No,No,No,No,,,,data/4cys-large/output/xyz_files/13sc_ZN_homo_d2.60_cluster2.xyz,1.48
13sc,4,homo,1,ZN,ZN,B,502,,ZN,,1.0,4,TD,4S,4.108835638080432,6.397457294484937,0.044026421534172994,0.11690573167265228,1.294259250663748,1.606425594574379,No,No,No,No,,,,data/4cys-large/output/xyz_files/13sc_ZN_homo_d2.60_cluster4.xyz,1.48
13sc,6,homo,1,ZN,ZN,C,502,,ZN,,1.0,4,TD,4S,4.868447414129858,6.686755210524339,0.022823853458499854,0.06083236493674349,1.2754044021921507,1.7852186290638679,No,No,No,No,,,,data/4cys-large/output/xyz_files/13sc_ZN_homo_d2.60_cluster6.xyz,1.48
13sc,8,homo,1,ZN,ZN,D,502,,ZN,,1.0,4,TD,4S,4.02478142034203,6.135704902100727,0.03738155780888729,0.08855661106072743,1.29760462493851,1.6821023356708709,No,No,No,No,,,,data/4cys-large/output/xyz_files/13sc_ZN_homo_d2.60_cluster8.xyz,1.48
13se,2,homo,1,ZN,ZN,A,502,,ZN,,1.0,4,TD,4S,3.924959878811997,5.221734723036221,0.018680107730496727,0.04510579004146775,1.2892851686520417,1.8154300208769718,No,No,No,No,,,,data/4cys-large/output/xyz_files/13se_ZN_homo_d2.60_cluster2.xyz,1.44
13se,4,homo,1,ZN,ZN,B,502,,ZN,,1.0,4,TD,4S,3.4871256831810786,5.761922525038557,0.02696670880401927,0.06609251708794028,1.294780666906069,1.834567636782856,No,No,No,No,,,,data/4cys-large/output/xyz_files/13se_ZN_homo_d2.60_cluster4.xyz,1.44
13se,6,homo,1,ZN,ZN,C,502,,ZN,,1.0,4,TD,4S,4.334799289825322,5.669083888504488,0.014168006578220226,0.03574401289963669,1.281205705008389,1.827242631570456,No,No,No,No,,,,data/4cys-large/output/xyz_files/13se_ZN_homo_d2.60_cluster6.xyz,1.44
13se,8,homo,1,ZN,ZN,D,502,,ZN,,1.0,4,TD,4S,3.3308544189834124,5.363596517345883,0.032509960590198124,0.08428989610498228,1.307584587942648,1.6516936065696357,No,No,No,No,,,,data/4cys-large/output/xyz_files/13se_ZN_homo_d2.60_cluster8.xyz,1.44
13sf,2,homo,1,ZN,ZN,A,502,,ZN,,1.0,4,TD,4S,5.185873182795423,7.5457954284915445,0.044104392762706585,0.11612505668910611,1.2673382238613526,1.6999654512996838,No,No,No,No,,,,data/4cys-large/output/xyz_files/13sf_ZN_homo_d2.60_cluster2.xyz,1.71
13sf,4,homo,1,ZN,ZN,B,503,,ZN,,1.0,4,TD,4S,5.558535322157764,9.565609535083112,0.06411229146193566,0.17503666521932582,1.2429806333341824,1.6395099059238059,No,No,No,No,,,,data/4cys-large/output/xyz_files/13sf_ZN_homo_d2.60_cluster4.xyz,1.71
13sf,6,homo,1,ZN,ZN,C,502,,ZN,,1.0,4,TD,4S,5.661269054963705,7.825089461977626,0.05315075276670888,0.13347899159203225,1.2551729989737683,1.7503958500511734,No,No,No,No,,,,data/4cys-large/output/xyz_files/13sf_ZN_homo_d2.60_cluster6.xyz,1.71
13sf,8,homo,1,ZN,ZN,D,502,,ZN,,1.0,4,TD,4S,4.897655248773999,8.3357840299864,0.03509220706698822,0.08989795483848662,1.2614006273057858,1.518565932198816,No,No,No,No,,,,data/4cys-large/output/xyz_files/13sf_ZN_homo_d2.60_cluster8.xyz,1.71
13si,2,homo,1,ZN,ZN,A,502,,ZN,,1.0,4,TD,4S,4.057815271125604,5.289444261407752,0.01637058625072767,0.04465887630398502,1.2905422399110464,1.955278415606404,No,No,No,No,,,,data/4cys-large/output/xyz_files/13si_ZN_homo_d2.60_cluster2.xyz,1.54
13si,4,homo,1,ZN,ZN,B,502,,ZN,,1.0,4,TD,4S,3.8822898083559525,6.29906249375388,0.04159382155672097,0.10975047994841347,1.2954419169118796,1.6939229044848578,No,No,No,No,,,,data/4cys-large/output/xyz_files/13si_ZN_homo_d2.60_cluster4.xyz,1.54
13si,6,homo,1,ZN,ZN,C,502,,ZN,,1.0,4,TD,4S,4.405958880620094,6.136690369160874,0.02391764100961647,0.06520260097330555,1.2859057628039343,1.8730593937627091,No,No,No,No,,,,data/4cys-large/output/xyz_files/13si_ZN_homo_d2.60_cluster6.xyz,1.54
13si,8,homo,1,ZN,ZN,D,502,,ZN,,1.0,4,TD,4S,3.572737077431881,5.686714043089339,0.04718110708211963,0.1214145608122017,1.3046114763918273,1.6341550817748607,No,No,No,No,,,,data/4cys-large/output/xyz_files/13si_ZN_homo_d2.60_cluster8.xyz,1.54
13sj,2,homo,1,ZN,ZN,A,502,,ZN,,1.0,4,TD,4S,3.855970550163797,4.869976535328533,0.011626817387231035,0.02999981045705047,1.2926271153718392,1.8517687948186081,No,No,No,No,,,,data/4cys-large/output/xyz_files/13sj_ZN_homo_d2.60_cluster2.xyz,1.47
13sj,4,homo,1,ZN,ZN,B,502,,ZN,,1.0,4,TD,4S,3.1341953174671366,5.201271208358904,0.01745272489041839,0.043083674606939404,1.3065865629875146,1.7656296605157002,No,No,No,No,,,,data/4cys-large/output/xyz_files/13sj_ZN_homo_d2.60_cluster4.xyz,1.47
13sj,6,homo,1,ZN,ZN,C,502,,ZN,,1.0,4,TD,4S,4.1325835685082035,5.292622213128979,0.007973021689838667,0.01905169924114114,1.2889772319961978,1.872693951756248,No,No,No,No,,,,data/4cys-large/output/xyz_files/13sj_ZN_homo_d2.60_cluster6.xyz,1.47
13sj,8,homo,1,ZN,ZN,D,502,,ZN,,1.0,4,TD,4S,4.003978387042346,7.02342687266227,0.03705493546950713,0.10084905384652476,1.302478207898387,1.6158583077100765,No,No,No,No,,,,data/4cys-large/output/xyz_files/13sj_ZN_homo_d2.60_cluster8.xyz,1.47
13sk,2,homo,1,ZN,ZN,A,502,,ZN,,1.0,4,TD,4S,3.985726576872688,5.986012517046717,0.011959232413199693,0.03085796109143546,1.3126467967452504,1.7970606404038598,No,No,No,No,,,,data/4cys-large/output/xyz_files/13sk_ZN_homo_d2.60_cluster2.xyz,1.54
13sk,4,homo,1,ZN,ZN,B,502,,ZN,,1.0,4,TD,4S,4.156246203887659,6.402842093594984,0.047194895214626914,0.10827179122719777,1.2986015497076697,1.7515362064586955,No,No,No,No,,,,data/4cys-large/output/xyz_files/13sk_ZN_homo_d2.60_cluster4.xyz,1.54
13sk,6,homo,1,ZN,ZN,C,502,,ZN,,1.0,4,TD,4S,4.47131777996471,6.0320368089574,0.009136458687223079,0.022429429113111077,1.2949332331534946,1.8694481421505524,No,No,No,No,,,,data/4cys-large/output/xyz_files/13sk_ZN_homo_d2.60_cluster6.xyz,1.54
13sk,8,homo,1,ZN,ZN,D,502,,ZN,,1.0,4,TD,4S,3.4484568869088816,6.066592153393003,0.05533538165303845,0.1510214415398785,1.3166902155189253,1.752352127650065,No,No,No,No,,,,data/4cys-large/output/xyz_files/13sk_ZN_homo_d2.60_cluster8.xyz,1.54
13sl,2,homo,1,ZN,ZN,A,502,,ZN,,1.0,4,TD,4S,3.882554789029467,5.443321693898724,0.014745031692129467,0.03916652306523183,1.3006907443487579,1.8748884072377858,No,No,No,No,,,,data/4cys-large/output/xyz_files/13sl_ZN_homo_d2.60_cluster2.xyz,1.34
13sl,4,homo,1,ZN,ZN,B,502,,ZN,,1.0,4,TD,4S,3.8757167097653213,6.241385804619469,0.039232878720370776,0.11082282165239299,1.312936867114632,1.6299432778448284,No,No,No,No,,,,data/4cys-large/output/xyz_files/13sl_ZN_homo_d2.60_cluster4.xyz,1.34
13sl,6,homo,1,ZN,ZN,C,502,,ZN,,1.0,4,TD,4S,4.565256014107573,5.450371207563734,0.02624536477165636,0.0698591429769082,1.3013607320465408,1.7772117631862072,No,No,No,No,,,,data/4cys-large/output/xyz_files/13sl_ZN_homo_d2.60_cluster6.xyz,1.34
13sl,8,homo,1,ZN,ZN,D,502,,ZN,,1.0,4,TD,4S,3.7680208589744235,6.753142232904679,0.051016815311935665,0.1408864375326373,1.3065592513193682,1.5602733144591385,No,No,No,No,,,,data/4cys-large/output/xyz_files/13sl_ZN_homo_d2.60_cluster8.xyz,1.34
13sm,2,homo,1,ZN,ZN,A,502,,ZN,,1.0,4,TD,4S,4.315000751078286,6.07117040233932,0.015477359965734877,0.042168499846042096,1.295810404298244,1.7790554602906337,No,No,No,No,,,,data/4cys-large/output/xyz_files/13sm_ZN_homo_d2.60_cluster2.xyz,1.40
13sm,4,homo,1,ZN,ZN,B,502,,ZN,,1.0,4,TD,4S,3.1806342133923935,4.761032390234121,0.027889452232357222,0.07100798299289446,1.3028426363566397,1.6826086611901307,No,No,No,No,,,,data/4cys-large/output/xyz_files/13sm_ZN_homo_d2.60_cluster4.xyz,1.40
13sm,6,homo,1,ZN,ZN,C,502,,ZN,,1.0,4,TD,4S,4.550399533769506,5.848000741280217,0.011651528456084912,0.027657620136049665,1.2840121389702515,1.8650720934535214,No,No,No,No,,,,data/4cys-large/output/xyz_files/13sm_ZN_homo_d2.60_cluster6.xyz,1.40
13sm,8,homo,1,ZN,ZN,D,502,,ZN,,1.0,4,TD,4S,3.2726779306159104,5.0194477594087346,0.04663304665612722,0.1292417608222589,1.3079235096059523,1.5763418035620405,No,No,No,No,,,,data/4cys-large/output/xyz_files/13sm_ZN_homo_d2.60_cluster8.xyz,1.40
13sn,2,homo,1,ZN,ZN,A,502,,ZN,,1.0,4,TD,4S,3.9120597295964883,5.444092596525849,0.016212734741792603,0.04012383461712643,1.2869185007585087,1.8375169791580512,No,No,No,No,,,,data/4cys-large/output/xyz_files/13sn_ZN_homo_d2.60_cluster2.xyz,1.44
13sn,4,homo,1,ZN,ZN,B,502,,ZN,,1.0,4,TD,4S,3.6462843233115128,5.918316982853753,0.021390677444554574,0.059323634648460466,1.2949057366992192,1.8567518698461485,No,No,No,No,,,,data/4cys-large/output/xyz_files/13sn_ZN_homo_d2.60_cluster4.xyz,1.44
13sn,6,homo,1,ZN,ZN,C,502,,ZN,,1.0,4,TD,4S,4.791450079031397,6.476824940119712,0.009180903319258941,0.025229908318396443,1.277419925004944,1.8267525972894902,No,No,No,No,,,,data/4cys-large/output/xyz_files/13sn_ZN_homo_d2.60_cluster6.xyz,1.44
13sn,8,homo,1,ZN,ZN,D,502,,ZN,,1.0,4,TD,4S,3.911279413949267,6.237062434539283,0.014240019999022769,0.038620351860721325,1.2875748718885403,1.5694105142528998,No,No,No,No,,,,data/4cys-large/output/xyz_files/13sn_ZN_homo_d2.60_cluster8.xyz,1.44
13so,2,homo,1,ZN,ZN,A,502,,ZN,,1.0,4,TD,4S,3.5412205878589695,4.305414241801287,0.03162772798206483,0.08571452690105685,1.3048445688767454,1.751014367663332,No,No,No,No,,,,data/4cys-large/output/xyz_files/13so_ZN_homo_d2.60_cluster2.xyz,1.62
13so,4,homo,1,ZN,ZN,B,502,,ZN,,1.0,4,TD,4S,3.9982043763379918,6.997681563829843,0.03909176485084635,0.09229770983485963,1.2989919440907531,1.6303634183085904,No,No,No,No,,,,data/4cys-large/output/xyz_files/13so_ZN_homo_d2.60_cluster4.xyz,1.62
13so,6,homo,1,ZN,ZN,C,502,,ZN,,1.0,4,TD,4S,5.010287417910544,6.056814492432366,0.021054431791668674,0.0493550996284875,1.2850818492030829,1.58688785057739,No,No,No,No,,,,data/4cys-large/output/xyz_files/13so_ZN_homo_d2.60_cluster6.xyz,1.62
13so,8,homo,1,ZN,ZN,D,502,,ZN,,1.0,4,TD,4S,2.932560137085299,4.559606286197166,0.02082121218318463,0.05146713594155239,1.3100604283466732,1.5129659964690843,No,No,No,No,,,,data/4cys-large/output/xyz_files/13so_ZN_homo_d2.60_cluster8.xyz,1.62
13sq,2,homo,1,ZN,ZN,A,502,,ZN,,1.0,4,TD,4S,4.465943881950448,6.205538664477544,0.02576936189701433,0.06436279855288163,1.2751791518877647,1.8108691036099789,No,No,No,No,,,,data/4cys-large/output/xyz_files/13sq_ZN_homo_d2.60_cluster2.xyz,1.30
13sq,4,homo,1,ZN,ZN,B,502,,ZN,,1.0,4,TD,4S,3.877293177513499,6.497353472669488,0.017837828578582536,0.04170998375776325,1.2843273559850859,1.576744666520162,No,No,No,No,,,,data/4cys-large/output/xyz_files/13sq_ZN_homo_d2.60_cluster4.xyz,1.30
13sq,6,homo,1,ZN,ZN,C,502,,ZN,,1.0,4,TD,4S,4.461119513380691,5.2342010585108625,0.013967156445161935,0.030201663629971787,1.277787545762644,1.7927817784563957,No,No,No,No,,,,data/4cys-large/output/xyz_files/13sq_ZN_homo_d2.60_cluster6.xyz,1.30
13sq,8,homo,1,ZN,ZN,D,502,,ZN,,1.0,4,TD,4S,4.318978733197155,6.545799059355218,0.036051447641542084,0.09263243427433787,1.2723369683162427,1.5215803449310488,No,No,No,No,,,,data/4cys-large/output/xyz_files/13sq_ZN_homo_d2.60_cluster8.xyz,1.30
13ss,2,homo,1,ZN,ZN,A,502,,ZN,,1.0,4,TD,4S,3.668948322589735,4.506412339426035,0.033914778173184286,0.07663489929719036,1.3033416181828423,1.7699584994230904,No,No,No,No,,,,data/4cys-large/output/xyz_files/13ss_ZN_homo_d2.60_cluster2.xyz,1.69
13ss,4,homo,1,ZN,ZN,B,603,,ZN,,1.0,4,TD,4S,3.828892465551488,5.553014156507089,0.04338744560198342,0.10259614986011778,1.28641838394056,1.6093255295030673,No,No,No,No,,,,data/4cys-large/output/xyz_files/13ss_ZN_homo_d2.60_cluster4.xyz,1.69
13ss,6,homo,1,ZN,ZN,C,502,,ZN,,1.0,4,TD,4S,4.361862910055966,6.785763880574507,0.021327663737568916,0.05317085558188017,1.3051876115899457,1.8561836656074464,No,No,No,No,,,,data/4cys-large/output/xyz_files/13ss_ZN_homo_d2.60_cluster6.xyz,1.69
13ss,8,homo,1,ZN,ZN,D,502,,ZN,,1.0,4,TD,4S,3.916343985640638,7.060864362043887,0.026964783139418053,0.06812750452756777,1.2902724592387085,1.6491077976043422,No,No,No,No,,,,data/4cys-large/output/xyz_files/13ss_ZN_homo_d2.60_cluster8.xyz,1.69
13su,2,homo,1,ZN,ZN,A,502,,ZN,,1.0,4,TD,4S,4.249737367780137,5.971299264152421,0.017574152249731394,0.04701534892469583,1.2891509425650916,1.7754402521594617,No,No,No,No,,,,data/4cys-large/output/xyz_files/13su_ZN_homo_d2.60_cluster2.xyz,1.50
13su,4,homo,1,ZN,ZN,B,502,,ZN,,1.0,4,TD,4S,3.729488060836876,6.5230588686523845,0.016738774176544218,0.037351779577607935,1.2987821964341852,1.7645345539879695,No,No,No,No,,,,data/4cys-large/output/xyz_files/13su_ZN_homo_d2.60_cluster4.xyz,1.50
13su,6,homo,1,ZN,ZN,C,502,,ZN,,1.0,4,TD,4S,4.814222692112649,5.6121172706180715,0.017249250401771186,0.04478698873072817,1.272860231268928,1.7713231962035738,No,No,No,No,,,,data/4cys-large/output/xyz_files/13su_ZN_homo_d2.60_cluster6.xyz,1.50
13su,8,homo,1,ZN,ZN,D,502,,ZN,,1.0,4,TD,4S,3.6836250090243317,6.025828945427932,0.0456401207617679,0.11600152468104996,1.295384087940841,1.5653092235436952,No,No,No,No,,,,data/4cys-large/output/xyz_files/13su_ZN_homo_d2.60_cluster8.xyz,1.50
13sv,2,homo,1,ZN,ZN,A,502,,ZN,,1.0,4,TD,4S,4.17509717727144,5.699920138458566,0.019482143581320586,0.05447541199765249,1.2893421748198308,1.7291326186765101,No,No,No,No,,,,data/4cys-large/output/xyz_files/13sv_ZN_homo_d2.60_cluster2.xyz,1.68
13sv,4,homo,1,ZN,ZN,B,502,,ZN,,1.0,4,TD,4S,4.272203587840107,6.877381786713542,0.05968739593845025,0.15809599150140086,1.278680261940962,1.553564261539214,No,No,No,No,,,,data/4cys-large/output/xyz_files/13sv_ZN_homo_d2.60_cluster4.xyz,1.68
13sv,6,homo,1,ZN,ZN,C,502,,ZN,,1.0,4,TD,4S,4.758349139170607,7.3574575015830135,0.020628408193487116,0.04753901997250054,1.277348917014722,1.8869238026150654,No,No,No,No,,,,data/4cys-large/output/xyz_files/13sv_ZN_homo_d2.60_cluster6.xyz,1.68
13sv,8,homo,1,ZN,ZN,D,502,,ZN,,1.0,4,TD,4S,3.621838824839562,6.00136807346334,0.05712223742715196,0.15086179493763074,1.2917155616261111,1.5459202794194318,No,No,No,No,,,,data/4cys-large/output/xyz_files/13sv_ZN_homo_d2.60_cluster8.xyz,1.68
13sy,2,homo,1,ZN,ZN,A,502,,ZN,,1.0,4,TD,4S,4.166199354695814,5.267536778512877,0.024012573109864984,0.05968794867991223,1.272682706265695,1.7690154564386866,No,No,No,No,,,,data/4cys-large/output/xyz_files/13sy_ZN_homo_d2.60_cluster2.xyz,1.29
13sy,4,homo,1,ZN,ZN,B,502,,ZN,,1.0,4,TD,4S,3.8647613180299816,5.929239441050129,0.006013544106138668,0.01631725738826395,1.2820552583027423,1.6443831736168746,No,No,No,No,,,,data/4cys-large/output/xyz_files/13sy_ZN_homo_d2.60_cluster4.xyz,1.29
13sy,6,homo,1,ZN,ZN,C,502,,ZN,,1.0,4,TD,4S,4.8787551800569,6.1401113479395235,0.01775053592589917,0.04496458286964389,1.2607582737751917,1.7427818962565889,No,No,No,No,,,,data/4cys-large/output/xyz_files/13sy_ZN_homo_d2.60_cluster6.xyz,1.29
13sy,8,homo,1,ZN,ZN,D,502,,ZN,,1.0,4,TD,4S,3.595831036927618,5.4968318337038795,0.021098493632606744,0.056286424587001616,1.2845789359512008,1.6264786424859443,No,No,No,No,,,,data/4cys-large/output/xyz_files/13sy_ZN_homo_d2.60_cluster8.xyz,1.29
13ta,2,homo,1,ZN,ZN,A,502,,ZN,,1.0,4,TD,4S,4.221119586086318,5.983760432549417,0.011568081223901181,0.028315165460707892,1.3071467145070947,1.883179911686795,No,No,No,No,,,,data/4cys-large/output/xyz_files/13ta_ZN_homo_d2.60_cluster2.xyz,1.51
13ta,4,homo,1,ZN,ZN,B,502,,ZN,,1.0,4,TD,4S,3.4093579051789105,5.558426279280894,0.021285208801366546,0.05320202836043464,1.3286272078405053,1.605912879757208,No,No,No,No,,,,data/4cys-large/output/xyz_files/13ta_ZN_homo_d2.60_cluster4.xyz,1.51
13ta,6,homo,1,ZN,ZN,C,502,,ZN,,1.0,4,TD,4S,4.3936624322080355,6.363215201751714,0.010539146509667316,0.024289692298676613,1.291897954703639,1.868596042754195,No,No,No,No,,,,data/4cys-large/output/xyz_files/13ta_ZN_homo_d2.60_cluster6.xyz,1.51
13ta,8,homo,1,ZN,ZN,D,502,,ZN,,1.0,4,TD,4S,3.5446785265873273,5.926003974022606,0.023377242335205457,0.055274680688694566,1.319216868946225,1.6699500284476159,No,No,No,No,,,,data/4cys-large/output/xyz_files/13ta_ZN_homo_d2.60_cluster8.xyz,1.51
13tb,2,homo,1,ZN,ZN,A,502,,ZN,,1.0,4,TD,4S,4.358973408638031,6.339203690210439,0.015390076470304584,0.03364697648262149,1.2907465754433929,1.7687507073823103,No,No,No,No,,,,data/4cys-large/output/xyz_files/13tb_ZN_homo_d2.60_cluster2.xyz,1.55
13tb,4,homo,1,ZN,ZN,B,502,,ZN,,1.0,4,TD,4S,4.116917507248195,6.5433118503636365,0.017426357798476393,0.04382784895817027,1.2977445474444633,1.6525153392550997,No,No,No,No,,,,data/4cys-large/output/xyz_files/13tb_ZN_homo_d2.60_cluster4.xyz,1.55
13tb,6,homo,1,ZN,ZN,C,502,,ZN,,1.0,4,TD,4S,4.647086085180748,6.40024030147849,0.022413290940727457,0.05546538616893093,1.2902840451758208,1.7146605400394483,No,No,No,No,,,,data/4cys-large/output/xyz_files/13tb_ZN_homo_d2.60_cluster6.xyz,1.55
13tb,8,homo,1,ZN,ZN,D,502,,ZN,,1.0,4,TD,4S,3.7561379800909407,5.923247046522164,0.03538042597850291,0.08845612039986817,1.2974394589573166,1.6016153822048391,No,No,No,No,,,,data/4cys-large/output/xyz_files/13tb_ZN_homo_d2.60_cluster8.xyz,1.55
1a71,2,homo,1,ZN,ZN,A,402,,ZN,,1.0,4,TD,4S,5.9054701862221215,10.061718955437428,0.031017715381551396,0.08065699376097513,1.163530874033937,1.3615131509120288,No,No,No,No,,,,data/4cys-large/output/xyz_files/1a71_ZN_homo_d2.60_cluster2.xyz,2.00
1a71,4,homo,1,ZN,ZN,B,402,,ZN,,1.0,4,TD,4S,6.39207617347522,9.526745751305285,0.06455172250948837,0.17318490306128753,1.1372402432335522,1.3256668687130189,No,No,No,No,,,,data/4cys-large/output/xyz_files/1a71_ZN_homo_d2.60_cluster4.xyz,2.00
1axe,2,homo,1,ZN,ZN,A,402,,ZN,,1.0,4,TD_d,4S,6.509238964247944,10.431333159679312,0.17141817063941386,0.4831010629424788,1.1673527535954742,1.5209436555540106,No,No,Yes,No,,,,data/4cys-large/output/xyz_files/1axe_ZN_homo_d2.60_cluster2.xyz,2.00
1bto,2,homo,1,ZN,ZN,A,376,,ZN,,1.0,4,TD,4S,5.639045857832164,9.941982522077979,0.05206330446257234,0.1322620697551753,1.2105688360792568,1.4822491250996657,No,No,No,No,,,,data/4cys-large/output/xyz_files/1bto_ZN_homo_d2.60_cluster2.xyz,2.00
1bto,4,homo,1,ZN,ZN,B,376,,ZN,,1.0,4,TD,4S,5.477797276503422,10.4552080363311,0.06374486860214201,0.15674022855578507,1.2240187297696556,1.4815363909189327,No,No,No,No,,,,data/4cys-large/output/xyz_files/1bto_ZN_homo_d2.60_cluster4.xyz,2.00
1bto,6,homo,1,ZN,ZN,C,376,,ZN,,1.0,4,TD,4S,6.258393102358077,8.987778641648063,0.13035744357183457,0.3586846731699538,1.1719615250160949,1.5894370388733527,No,No,No,No,,,,data/4cys-large/output/xyz_files/1bto_ZN_homo_d2.60_cluster6.xyz,2.00
1bto,8,homo,1,ZN,ZN,D,376,,ZN,,1.0,4,TD,4S,5.8927920530002496,10.58568894012366,0.1282519128131541,0.310124717342136,1.2044134785712304,1.7257106364485217,No,No,No,No,,,,data/4cys-large/output/xyz_files/1bto_ZN_homo_d2.60_cluster8.xyz,2.00
1d0c,1,homo,1,ZN,ZN,A,900,,ZN,,1.0,4,TD,4S,5.089660778253345,11.08285937056067,0.04908523224324976,0.11359465560159965,1.2783523680837612,1.7120226216701873,No,No,No,No,,,,data/4cys-large/output/xyz_files/1d0c_ZN_homo_d2.60_cluster1.xyz,1.65
1d0o,1,homo,1,ZN,ZN,A,900,,ZN,,1.0,4,TD,4S,3.5471749819555964,6.052272201143282,0.018807005076101477,0.04633027064610218,1.281410866989731,2.176373545207877,No,No,No,No,,,,data/4cys-large/output/xyz_files/1d0o_ZN_homo_d2.60_cluster1.xyz,1.95
1d1v,1,homo,1,ZN,ZN,A,900,,ZN,,1.0,4,TD,4S,5.352837671265439,10.412489251809518,0.01174229894017424,0.030775868512306293,1.2562333609508791,1.3800334937568182,No,No,No,No,,,,data/4cys-large/output/xyz_files/1d1v_ZN_homo_d2.60_cluster1.xyz,1.93
1d1w,1,homo,1,ZN,ZN,A,900,,ZN,,1.0,4,TD,4S,5.192708725379331,9.440326177150865,0.019423786210971006,0.053487398334189695,1.2706586129428847,1.9349362944325725,No,No,No,No,,,,data/4cys-large/output/xyz_files/1d1w_ZN_homo_d2.60_cluster1.xyz,2.00
1d1x,1,homo,1,ZN,ZN,A,901,,ZN,,1.0,4,TD,4S,4.861445270905287,9.461306371976974,0.01183289174984946,0.03177779676511738,1.2744177145943947,1.9001905524648266,No,No,No,No,,,,data/4cys-large/output/xyz_files/1d1x_ZN_homo_d2.60_cluster1.xyz,2.00
1dm6,1,homo,1,ZN,ZN,A,900,,ZN,,1.0,4,TD,4S,4.870068567613987,9.947256650214044,0.011392137506653976,0.029102428727530327,1.265947041055858,2.0248105967627623,No,No,No,No,,,,data/4cys-large/output/xyz_files/1dm6_ZN_homo_d2.60_cluster1.xyz,1.95
1dmi,1,homo,1,ZN,ZN,A,900,,ZN,,1.0,4,TD,4S,3.9334088056214203,6.310165339809629,0.008401370595853216,0.02359742008386556,1.2710802453852512,1.606734044247406,No,No,No,No,,,,data/4cys-large/output/xyz_files/1dmi_ZN_homo_d2.60_cluster1.xyz,2.00
1dmk,1,homo,1,ZN,ZN,A,900,,ZN,,1.0,4,TD,4S,5.729908022343739,12.342045196713997,0.026870494198059428,0.07268240385166669,1.2642424472006395,1.5159574477638045,No,No,No,No,,,,data/4cys-large/output/xyz_files/1dmk_ZN_homo_d2.60_cluster1.xyz,1.90
1dsz,1,homo,1,ZN,ZN,A,1121,,ZN,,1.0,4,TD,4S,3.8538251379021715,5.918248880470031,0.03731912762939627,0.09673098919404621,1.2636585014317654,1.7132393816882991,No,No,No,No,,,,data/4cys-large/output/xyz_files/1dsz_ZN_homo_d2.60_cluster1.xyz,1.70
1dsz,2,homo,1,ZN,ZN,A,1122,,ZN,,1.0,4,TD,4S,3.690126272373707,6.566116585357648,0.023954527584621268,0.06319480134505406,1.2690913285875143,1.3369049136198734,No,No,No,No,,,,data/4cys-large/output/xyz_files/1dsz_ZN_homo_d2.60_cluster2.xyz,1.70
1dsz,3,homo,1,ZN,ZN,B,1221,,ZN,,1.0,4,TD,4S,3.736697204408259,4.808219609094266,0.006344219768234684,0.01514532548148484,1.2678667173474718,1.5431909049270667,No,No,No,No,,,,data/4cys-large/output/xyz_files/1dsz_ZN_homo_d2.60_cluster3.xyz,1.70
1dsz,4,homo,1,ZN,ZN,B,1222,,ZN,,1.0,4,TD,4S,2.909757224295666,5.443876209119097,0.03622712859983017,0.0877528214252794,1.292046186099661,1.4484497336479605,No,No,No,No,,,,data/4cys-large/output/xyz_files/1dsz_ZN_homo_d2.60_cluster4.xyz,1.70
1dvp,1,homo,1,ZN,ZN,A,401,,ZN,,1.0,4,TD,4S,5.315751669188261,8.390757257094606,0.11569454453919165,0.2970817252201283,1.289942048571546,1.9107428775408626,No,No,No,No,,,,data/4cys-large/output/xyz_files/1dvp_ZN_homo_d2.60_cluster1.xyz,2.00
1dvp,2,homo,1,ZN,ZN,A,402,,ZN,,1.0,4,TD,4S,5.644273282375928,9.335215321310955,0.04149456469205853,0.11620301069377259,1.254555885453269,1.8158369646690344,No,No,No,No,,,,data/4cys-large/output/xyz_files/1dvp_ZN_homo_d2.60_cluster2.xyz,2.00
1e7l,1,homo,1,ZN,ZN,A,1165,,ZN,,1.0,4,TD,4S,4.280250027735833,6.903612621382322,0.014234050268638379,0.033387956751893544,1.2730993635187755,2.1367035874280274,No,No,No,No,,,,data/4cys-large/output/xyz_files/1e7l_ZN_homo_d2.60_cluster1.xyz,1.32
1e7l,2,homo,1,ZN,ZN,B,1165,,ZN,,1.0,4,TD,4S,3.430006025679273,5.331189271848274,0.02177497374046647,0.056992962257613744,1.2958666366074387,2.1743521710452853,No,No,No,No,,,,data/4cys-large/output/xyz_files/1e7l_ZN_homo_d2.60_cluster2.xyz,1.32
1ed4,1,homo,1,ZN,ZN,A,900,,ZN,,1.0,4,TD,4S,5.185831216730545,10.77312830734789,0.0072825480632340844,0.019149668039713408,1.2969193870285647,1.5032063733971188,No,No,No,No,,,,data/4cys-large/output/xyz_files/1ed4_ZN_homo_d2.60_cluster1.xyz,1.86
1ed5,1,homo,1,ZN,ZN,B,900,,ZN,,1.0,4,TD,4S,3.9823213867773606,8.180457294818297,0.012957745280621444,0.03499274125010565,1.2800093343720276,1.6021142301492133,No,No,No,No,,,,data/4cys-large/output/xyz_files/1ed5_ZN_homo_d2.60_cluster1.xyz,1.80
1ee2,2,homo,1,ZN,ZN,A,1301,,ZN,,1.0,4,TD,4S,6.5820474686288355,9.595506915464696,0.02275728718407329,0.06160185860729017,1.207107385396611,1.378075145761993,No,No,No,No,,,,data/4cys-large/output/xyz_files/1ee2_ZN_homo_d2.60_cluster2.xyz,1.54
1ee2,4,homo,1,ZN,ZN,B,1303,,ZN,,1.0,4,TD,4S,5.6387340179622,8.10743175736377,0.02306882992618955,0.059443412783330984,1.222396627260051,1.3731762232500202,No,No,No,No,,,,data/4cys-large/output/xyz_files/1ee2_ZN_homo_d2.60_cluster4.xyz,1.54
1ee8,1,homo,1,ZN,ZN,A,501,,ZN,,1.0,4,TD,4S,5.092483240037229,9.813037716375604,0.024426666509712043,0.05974757488240812,1.2477359685477978,1.8165054444717514,No,No,No,No,,,,data/4cys-large/output/xyz_files/1ee8_ZN_homo_d2.60_cluster1.xyz,1.90
1ee8,2,homo,1,ZN,ZN,B,502,,ZN,,1.0,4,TD,4S,4.237882972151181,8.405961174318946,0.05008607534538212,0.129708805170333,1.2623858349434203,1.9680836221807847,No,No,No,No,,,,data/4cys-large/output/xyz_files/1ee8_ZN_homo_d2.60_cluster2.xyz,1.90
1f4l,1,homo,1,ZN,ZN,A,701,,ZN,,1.0,4,TD,4S,2.941220812784722,4.728232328713972,0.037201986886373994,0.09779737252393383,1.4216975625152233,1.6496252606838593,No,No,No,No,,,,data/4cys-large/output/xyz_files/1f4l_ZN_homo_d2.60_cluster1.xyz,1.85
1foi,1,homo,1,ZN,ZN,A,900,,ZN,,1.0,4,TD,4S,7.909236187792937,15.065365458863624,0.007063795449894576,0.01757636263710305,1.2411460780682084,2.0802383975966237,No,No,No,No,,,,data/4cys-large/output/xyz_files/1foi_ZN_homo_d2.60_cluster1.xyz,1.93
1foo,1,homo,1,ZN,ZN,A,900,,ZN,,1.0,4,TD,4S,4.423954864022735,9.413523363170768,0.012839783487899976,0.036219762892617524,1.2932164054495403,1.653297971414021,No,No,No,No,,,,data/4cys-large/output/xyz_files/1foo_ZN_homo_d2.60_cluster1.xyz,2.00
1h3n,1,homo,1,ZN,ZN,A,1817,,ZN,,1.0,4,TD,4S,1.8280593401608942,2.6731257726990805,0.007796912105645281,0.019191971352222836,1.3210657156844894,2.1681846407604186,No,No,No,No,,,,data/4cys-large/output/xyz_files/1h3n_ZN_homo_d2.60_cluster1.xyz,2.00
1het,2,homo,1,ZN,ZN,A,401,,ZN,,1.0,4,TD,4S,6.272233921316284,10.05555025763934,0.0062279318362663365,0.01658259397895545,1.2556884206164352,1.4194203850596074,No,No,No,No,,,,data/4cys-large/output/xyz_files/1het_ZN_homo_d2.60_cluster2.xyz,1.15
1het,4,homo,1,ZN,ZN,B,401,,ZN,,1.0,4,TD,4S,5.870828070235218,10.000871309438438,0.01951523180670514,0.047241424808339705,1.2679308952041666,1.513355320561141,No,No,No,No,,,,data/4cys-large/output/xyz_files/1het_ZN_homo_d2.60_cluster4.xyz,1.15
1ht0,1,homo,1,ZN,ZN,A,1375,,ZN,,1.0,4,TD,4S,5.145786883590853,8.579793791032813,0.11082646196952994,0.31069276347442143,1.224890031379406,1.4812083560341802,No,No,No,No,,,,data/4cys-large/output/xyz_files/1ht0_ZN_homo_d2.60_cluster1.xyz,2.00
1ht0,3,homo,1,ZN,ZN,B,2375,,ZN,,1.0,4,TD,4S,4.326458418538485,6.72963484476314,0.136342766577051,0.3769464209028959,1.239061406650165,1.7036050950441202,No,No,No,No,,,,data/4cys-large/output/xyz_files/1ht0_ZN_homo_d2.60_cluster3.xyz,2.00
1hxr,1,homo,1,ZN,ZN,A,200,,ZN,,1.0,4,TD,4S,5.938089278601598,10.545509327330294,0.06917901814425209,0.18151865276002033,1.2685922091696122,1.9967748199304443,No,No,No,No,,,,data/4cys-large/output/xyz_files/1hxr_ZN_homo_d2.60_cluster1.xyz,1.65
1hxr,2,homo,1,ZN,ZN,B,201,,ZN,,1.0,4,TD,4S,6.192218291148172,10.500192511336564,0.026874405798403566,0.07265010223706314,1.2271633598950942,1.881997222404656,No,No,No,No,,,,data/4cys-large/output/xyz_files/1hxr_ZN_homo_d2.60_cluster2.xyz,1.65
1i83,1,homo,1,ZN,ZN,A,900,,ZN,,1.0,4,TD,4S,4.970794821925414,9.976722042420448,0.011670324782035273,0.030984808418525134,1.271057434176721,2.190546501602288,No,No,No,No,,,,data/4cys-large/output/xyz_files/1i83_ZN_homo_d2.60_cluster1.xyz,2.00
1irn,1,homo,1,ZN,ZN,A,55,,ZN,,1.0,4,TD,4S,3.7024624333809166,5.3708420343616865,0.023021818952590534,0.05507331544993299,1.302961758828017,1.639599833317797,No,No,No,No,,,,data/4cys-large/output/xyz_files/1irn_ZN_homo_d2.60_cluster1.xyz,1.20
1j8f,1,homo,1,ZN,ZN,A,1001,,ZN,,1.0,4,TD,4S,6.886160647005531,14.970859601224689,0.03986149695512807,0.09884862791099502,1.142689313560395,1.6834935563457498,No,No,No,No,,,,data/4cys-large/output/xyz_files/1j8f_ZN_homo_d2.60_cluster1.xyz,1.70
1j8f,2,homo,1,ZN,ZN,B,2001,,ZN,,1.0,4,TD,4S,7.341308939604626,14.549460615826632,0.05297197318278387,0.13104993291009182,1.1501858404066192,1.6370601302905767,No,No,No,No,,,,data/4cys-large/output/xyz_files/1j8f_ZN_homo_d2.60_cluster2.xyz,1.70
1j8f,3,homo,1,ZN,ZN,C,3001,,ZN,,1.0,4,TD_d,4S,25.261712301982307,47.463072368077036,0.028964537294260444,0.08080720090907612,0.7835412812007629,1.0257296271258527,No,No,Yes,No,,,,data/4cys-large/output/xyz_files/1j8f_ZN_homo_d2.60_cluster3.xyz,1.70
1ju9,2,homo,1,ZN,ZN,A,376,,ZN,,1.0,4,TD,4S,6.378297057645226,10.47245582763739,0.08271143239769162,0.1934648244539905,1.172611141030909,1.3893818809198284,No,No,No,No,,,,data/4cys-large/output/xyz_files/1ju9_ZN_homo_d2.60_cluster2.xyz,2.00
1ju9,4,homo,1,ZN,ZN,B,376,,ZN,,1.0,4,TD,4S,6.9513759202593945,11.115337493151173,0.0869999781395002,0.2421898240309881,1.1749163985736828,1.3610108391494955,No,No,No,No,,,,data/4cys-large/output/xyz_files/1ju9_ZN_homo_d2.60_cluster4.xyz,2.00
1jw9,1,homo,1,ZN,ZN,B,250,,ZN,,1.0,4,TD,4S,9.176567532648548,15.435009954221528,0.07103931483178662,0.193762954880897,1.175145682924248,1.8262743880995234,No,No,No,No,,,,data/4cys-large/output/xyz_files/1jw9_ZN_homo_d2.60_cluster1.xyz,1.70
1k3w,1,homo,1,ZN,ZN,A,501,,ZN,,1.0,4,TD,4S,7.572429332716201,12.287499361411761,0.03147664727792544,0.0840709243665323,1.2207921434371758,1.9023817520348425,No,No,No,No,,,,data/4cys-large/output/xyz_files/1k3w_ZN_homo_d2.60_cluster1.xyz,1.42
1k3x,1,homo,1,ZN,ZN,A,501,,ZN,,1.0,4,TD,4S,7.909249247331946,13.108549104875891,0.022212493846530332,0.05710271555299018,1.2123948771376847,1.8998806907383816,No,No,No,No,,,,data/4cys-large/output/xyz_files/1k3x_ZN_homo_d2.60_cluster1.xyz,1.25
1kjz,1,homo,1,ZN,ZN,A,411,,ZN,,1.0,4,TD,4S,8.789098639915448,16.397658869846268,0.06687866738295108,0.17864038320467657,1.164607595805204,1.7841280376915152,No,No,No,No,,,,data/4cys-large/output/xyz_files/1kjz_ZN_homo_d2.60_cluster1.xyz,1.85
1kk0,1,homo,1,ZN,ZN,A,411,,ZN,,1.0,4,TD,4S,8.80930990986506,14.312962428588904,0.04874089893312773,0.12322012569303853,1.2180964354626818,1.8152496856832057,No,No,No,No,,,,data/4cys-large/output/xyz_files/1kk0_ZN_homo_d2.60_cluster1.xyz,1.95
1kk1,1,homo,1,ZN,ZN,A,411,,ZN,,1.0,4,TD,4S,9.198057561848374,16.336536434692135,0.08053659225756507,0.20654442753713997,1.182687607291912,1.6384124004866634,No,No,No,No,,,,data/4cys-large/output/xyz_files/1kk1_ZN_homo_d2.60_cluster1.xyz,1.80
1kk3,1,homo,1,ZN,ZN,A,411,,ZN,,1.0,4,TD,4S,9.93686727767461,19.524662180123812,0.059947415106175295,0.1488963901012399,1.144525168019403,1.5500767402887363,No,No,No,No,,,,data/4cys-large/output/xyz_files/1kk3_ZN_homo_d2.60_cluster1.xyz,1.90
1kol,2,homo,1,ZN,ZN,A,1002,,ZN,,1.0,4,TD,4S,7.257787900166945,11.398738616606508,0.021983988784784723,0.06168261094655891,1.165727877038948,1.3364887219545176,No,No,No,No,,,,data/4cys-large/output/xyz_files/1kol_ZN_homo_d2.60_cluster2.xyz,1.65
1kol,4,homo,1,ZN,ZN,B,1004,,ZN,,1.0,4,TD,4S,7.202225428551557,10.922471468605437,0.028721484279054653,0.08100185199424015,1.1808685172445195,1.321149795922377,No,No,No,No,,,,data/4cys-large/output/xyz_files/1kol_ZN_homo_d2.60_cluster4.xyz,1.65
1kwg,1,homo,1,ZN,ZN,A,806,,ZN,,1.0,4,TD,4S,7.05440893983493,10.703423393537335,0.016499800954523997,0.03936337951312163,1.201321202243037,1.4878681246853773,No,No,No,No,,,,data/4cys-large/output/xyz_files/1kwg_ZN_homo_d2.60_cluster1.xyz,1.60
1l1t,1,homo,1,ZN,ZN,A,300,,ZN,,1.0,4,TD,4S,5.0970573363987635,10.794763604859654,0.0067823059319619345,0.016942301689754746,1.2846391771981007,1.8872031932609716,No,No,No,No,,,,data/4cys-large/output/xyz_files/1l1t_ZN_homo_d2.60_cluster1.xyz,1.80
1l2d,1,homo,1,ZN,ZN,A,300,,ZN,,1.0,4,TD,4S,6.705248918408571,12.25130186983884,0.06902837034210892,0.19166254638002256,1.2691163269343073,1.8027095250721001,No,No,No,No,,,,data/4cys-large/output/xyz_files/1l2d_ZN_homo_d2.60_cluster1.xyz,2.00
1lat,1,homo,1,ZN,ZN,A,1514,,ZN,,1.0,4,TD,4S,2.948126855192773,4.9295161615626455,0.019545401501097143,0.04852909070588618,1.2827810349988544,1.7023230684869384,No,No,No,No,,,,data/4cys-large/output/xyz_files/1lat_ZN_homo_d2.60_cluster1.xyz,1.90
1lat,2,homo,1,ZN,ZN,A,1515,,ZN,,1.0,4,TD,4S,4.748053326022426,9.340748046854742,0.05562798659878565,0.13490876958586862,1.2242947473994574,1.7535033285317083,No,No,No,No,,,,data/4cys-large/output/xyz_files/1lat_ZN_homo_d2.60_cluster2.xyz,1.90
1lat,3,homo,1,ZN,ZN,B,1514,,ZN,,1.0,4,TD,4S,6.233145371765017,11.211174493407853,0.04523329133832506,0.11489903395551648,1.1975569775693395,1.5740875922347017,No,No,No,No,,,,data/4cys-large/output/xyz_files/1lat_ZN_homo_d2.60_cluster3.xyz,1.90
1lat,4,homo,1,ZN,ZN,B,1515,,ZN,,1.0,4,TD,4S,4.004031994197015,7.999614667924561,0.032322657920384024,0.08719109196611319,1.2731300394639036,1.750293092121405,No,No,No,No,,,,data/4cys-large/output/xyz_files/1lat_ZN_homo_d2.60_cluster4.xyz,1.90
1lzx,1,homo,1,ZN,ZN,A,900,,ZN,,1.0,4,TD,4S,7.922859579485449,14.541927478286809,0.012420689191453763,0.033903868621822486,1.2443312134634021,1.8178659160801343,No,No,No,No,,,,data/4cys-large/output/xyz_files/1lzx_ZN_homo_d2.60_cluster1.xyz,2.00
1m2g,1,homo,1,ZN,ZN,A,999,,ZN,,1.0,4,TD,4S,0.9408363562766804,1.2099825987509973,0.01982389142390773,0.05568090090134081,1.2998758995186988,2.2019562530197123,No,No,No,No,,,,data/4cys-large/output/xyz_files/1m2g_ZN_homo_d2.60_cluster1.xyz,1.70
1m2h,1,homo,1,ZN,ZN,A,999,,ZN,,1.0,4,TD,4S,2.7025964237929347,4.492078621638896,0.009041387123213103,0.0242336452910048,1.2938418203448707,1.945091536411902,No,No,No,No,,,,data/4cys-large/output/xyz_files/1m2h_ZN_homo_d2.60_cluster1.xyz,1.80
1m2j,1,homo,1,ZN,ZN,A,999,,ZN,,1.0,4,TD,4S,2.728025643830296,4.384963312119936,0.009857039209093142,0.027609701848398505,1.292673743452041,1.9572416956806133,No,No,No,No,,,,data/4cys-large/output/xyz_files/1m2j_ZN_homo_d2.60_cluster1.xyz,1.70
1m2k,1,homo,1,ZN,ZN,A,999,,ZN,,1.0,4,TD,4S,1.1634887070453315,1.571935466357644,0.008042708206304013,0.01843134665625623,1.3067463277185447,2.2263128090385136,No,No,No,No,,,,data/4cys-large/output/xyz_files/1m2k_ZN_homo_d2.60_cluster1.xyz,1.47
1m6h,1,homo,1,ZN,ZN,A,1375,,ZN,,1.0,4,TD,4S,6.161519005727096,8.5965094457881,0.03478314841641387,0.0878831639341735,1.1868023356612454,1.426893158796366,No,No,No,No,,,,data/4cys-large/output/xyz_files/1m6h_ZN_homo_d2.60_cluster1.xyz,2.00
1m6h,3,homo,1,ZN,ZN,B,1375,,ZN,,1.0,4,TD,4S,5.66838542995454,9.969844115853604,0.05257801067367244,0.117339258058061,1.2237429014425618,1.5704517137815601,No,No,No,No,,,,data/4cys-large/output/xyz_files/1m6h_ZN_homo_d2.60_cluster3.xyz,2.00
1m9m,1,homo,1,ZN,ZN,A,903,,ZN,,1.0,4,TD,4S,4.67325889872957,9.952125737976246,0.02322026316733891,0.06016289731670588,1.2754711899386384,1.8524959446725084,No,No,No,No,,,,data/4cys-large/output/xyz_files/1m9m_ZN_homo_d2.60_cluster1.xyz,1.96
1ma3,1,homo,1,ZN,ZN,A,1001,,ZN,,1.0,4,TD,4S,6.287923276057173,10.36500796818764,0.059408710696016054,0.150737037911715,1.3132279273786134,1.388691903328691,No,No,No,No,,,,data/4cys-large/output/xyz_files/1ma3_ZN_homo_d2.60_cluster1.xyz,2.00
1mg0,2,homo,1,ZN,ZN,A,376,,ZN,,1.0,4,TD,4S,6.244661968047743,11.2458743507581,0.034670689069769924,0.09294389409578896,1.1996485945967634,1.5096895885181876,No,No,No,No,,,,data/4cys-large/output/xyz_files/1mg0_ZN_homo_d2.60_cluster2.xyz,1.80
1mg0,4,homo,1,ZN,ZN,B,376,,ZN,,1.0,4,TD,4S,6.8391057880753126,10.888664992363147,0.03128648105039979,0.08473124034704949,1.2192454437483873,1.5087266323565771,No,No,No,No,,,,data/4cys-large/output/xyz_files/1mg0_ZN_homo_d2.60_cluster4.xyz,1.80
1mg0,6,homo,1,ZN,ZN,C,376,,ZN,,1.0,4,TD,4S,7.101079197200121,10.943882301332948,0.041859785245888945,0.10430464566988906,1.188757923840972,1.383728125842631,No,No,No,No,,,,data/4cys-large/output/xyz_files/1mg0_ZN_homo_d2.60_cluster6.xyz,1.80
1mg0,8,homo,1,ZN,ZN,D,376,,ZN,,1.0,4,TD,4S,6.184091317402711,10.329956077179673,0.06551389866817177,0.16427344672530175,1.2055839127205004,1.5530629440527992,No,No,No,No,,,,data/4cys-large/output/xyz_files/1mg0_ZN_homo_d2.60_cluster8.xyz,1.80
1mgo,2,homo,1,ZN,ZN,A,376,,ZN,,1.0,4,TD,4S,6.653609978630318,8.899355203619407,0.0473715942896268,0.13196285941828156,1.1897809225561078,1.343897630135278,No,No,No,No,,,,data/4cys-large/output/xyz_files/1mgo_ZN_homo_d2.60_cluster2.xyz,1.20
1mgo,4,homo,1,ZN,ZN,B,376,,ZN,,1.0,4,TD,4S,6.1718078724788015,9.885112641424953,0.033904485221832696,0.08552817419753422,1.2121369923782583,1.3273887055558442,No,No,No,No,,,,data/4cys-large/output/xyz_files/1mgo_ZN_homo_d2.60_cluster4.xyz,1.20
1ml9,1,homo,1,ZN,ZN,A,1,,ZN,,1.0,4,TD,4S,6.27660288196714,11.700915752310465,0.05096057154981564,0.1286161627862361,1.1868209591704995,1.8876219409920638,No,No,No,No,,,,data/4cys-large/output/xyz_files/1ml9_ZN_homo_d2.60_cluster1.xyz,1.98
1ml9,2,homo,1,ZN,ZN,A,2,,ZN,,1.0,4,TD,4S,3.72414118522658,7.832418547878248,0.01964935178144026,0.05414917353220483,1.277390054783813,1.6402643240989134,No,No,No,No,,,,data/4cys-large/output/xyz_files/1ml9_ZN_homo_d2.60_cluster2.xyz,1.98
1ml9,3,homo,1,ZN,ZN,A,3,,ZN,,1.0,4,TD,4S,6.974566951747566,9.912891167299549,0.01838112612528855,0.048105741320710216,1.1903324661905068,1.3760537761401506,No,No,No,No,,,,data/4cys-large/output/xyz_files/1ml9_ZN_homo_d2.60_cluster3.xyz,1.98
1mmv,1,homo,1,ZN,ZN,A,900,,ZN,,1.0,4,TD,4S,7.825490268581714,14.787495818792323,0.014673360583387874,0.041136277328735815,1.2402426033918725,1.9344923229341435,No,No,No,No,,,,data/4cys-large/output/xyz_files/1mmv_ZN_homo_d2.60_cluster1.xyz,2.00
1mmw,1,homo,1,ZN,ZN,A,900,,ZN,,1.0,4,TD,4S,8.072143549875817,13.951730895727323,0.012007749474892469,0.032229937212188364,1.2146707411412274,1.9837493501739467,No,No,No,No,,,,data/4cys-large/output/xyz_files/1mmw_ZN_homo_d2.60_cluster1.xyz,2.00
1n8k,2,homo,1,ZN,ZN,A,376,,ZN,,1.0,4,TD,4S,5.9003207257401735,10.267778711301077,0.02026078953263691,0.051972272784376106,1.216130594773776,1.4049324453475398,No,No,No,No,,,,data/4cys-large/output/xyz_files/1n8k_ZN_homo_d2.60_cluster2.xyz,1.13
1n8k,4,homo,1,ZN,ZN,B,376,,ZN,,1.0,4,TD,4S,6.149336007398073,11.106124794984623,0.025887637984470906,0.06686893861185306,1.211395427745912,1.401969112649972,No,No,No,No,,,,data/4cys-large/output/xyz_files/1n8k_ZN_homo_d2.60_cluster4.xyz,1.13
1n92,2,homo,1,ZN,ZN,A,376,,ZN,,1.0,4,TD,4S,6.733798501638897,10.493955807358986,0.023158678959662077,0.06163691147535211,1.1917671646602235,1.333390233501749,No,No,No,No,,,,data/4cys-large/output/xyz_files/1n92_ZN_homo_d2.60_cluster2.xyz,1.47
1n92,4,homo,1,ZN,ZN,B,376,,ZN,,1.0,4,TD,4S,5.519558767158063,9.340402179835962,0.00730149806427206,0.019423665188698536,1.2232261788933965,1.3710810555792345,No,No,No,No,,,,data/4cys-large/output/xyz_files/1n92_ZN_homo_d2.60_cluster4.xyz,1.47
1nnj,1,homo,1,ZN,ZN,A,300,,ZN,,1.0,4,TD,4S,6.947550223053239,14.162508706265669,0.1109770976923505,0.29390649879198216,1.2018718820666976,1.922110038356372,No,No,No,No,,,,data/4cys-large/output/xyz_files/1nnj_ZN_homo_d2.60_cluster1.xyz,1.90
1nse,1,homo,1,ZN,ZN,A,900,,ZN,,1.0,4,TD,4S,5.701277229089203,12.279513518816273,0.026748294906000124,0.067447639490398,1.2999051372098305,1.7832225044168983,No,No,No,No,,,,data/4cys-large/output/xyz_files/1nse_ZN_homo_d2.60_cluster1.xyz,1.90
1om4,1,homo,1,ZN,ZN,A,900,,ZN,,1.0,4,TD,4S,6.794757584692947,9.610999026299737,0.02523914902259481,0.06818673656098628,1.2359484164858991,1.6126371576116756,No,No,No,No,,,,data/4cys-large/output/xyz_files/1om4_ZN_homo_d2.60_cluster1.xyz,1.75
1oyw,1,homo,1,ZN,ZN,A,801,,ZN,,1.0,4,TD,4S,7.101723166935447,9.711273080445622,0.021811760979792098,0.05340561127069865,1.2160734186094888,1.521499546664971,No,No,No,No,,,,data/4cys-large/output/xyz_files/1oyw_ZN_homo_d2.60_cluster1.xyz,1.80
1p0f,2,homo,1,ZN,ZN,A,2502,,ZN,,1.0,4,TD,4S,6.55319433324804,8.924326648751759,0.03429308326854999,0.086534977228506,1.220302719093803,1.3652595861311854,No,No,No,No,,,,data/4cys-large/output/xyz_files/1p0f_ZN_homo_d2.60_cluster2.xyz,1.80
1p0f,4,homo,1,ZN,ZN,B,2501,,ZN,,1.0,4,TD,4S,5.12735309424313,8.724193504433444,0.011957205698245625,0.02953909402242827,1.2704039906504687,1.3418445044172393,No,No,No,No,,,,data/4cys-large/output/xyz_files/1p0f_ZN_homo_d2.60_cluster4.xyz,1.80
1p1r,2,homo,1,ZN,ZN,A,376,,ZN,,1.0,4,TD,4S,5.756064440708121,9.202967819972372,0.03748225389330924,0.10356121071706559,1.2122729966377621,1.4575451546118126,No,No,No,No,,,,data/4cys-large/output/xyz_files/1p1r_ZN_homo_d2.60_cluster2.xyz,1.57
1p1r,4,homo,1,ZN,ZN,B,376,,ZN,,1.0,4,TD,4S,5.687424258686657,9.079703392758532,0.01072758203423267,0.02953013869005483,1.2214266960697162,1.4188503570724165,No,No,No,No,,,,data/4cys-large/output/xyz_files/1p1r_ZN_homo_d2.60_cluster4.xyz,1.57
1p1r,6,homo,1,ZN,ZN,C,376,,ZN,,1.0,4,TD,4S,5.932555601336135,9.975617510981252,0.015404257125079271,0.04193388532397835,1.2197646007334355,1.4611909376468468,No,No,No,No,,,,data/4cys-large/output/xyz_files/1p1r_ZN_homo_d2.60_cluster6.xyz,1.57
1p1r,8,homo,1,ZN,ZN,D,376,,ZN,,1.0,4,TD,4S,5.703826240827946,9.017389748242678,0.03604033878046705,0.09663999169098814,1.2096764344527893,1.439780308452769,No,No,No,No,,,,data/4cys-large/output/xyz_files/1p1r_ZN_homo_d2.60_cluster8.xyz,1.57
1p6h,1,homo,1,ZN,ZN,A,900,,ZN,,1.0,4,TD,4S,7.432721911085475,13.34982441370667,0.036637399453903506,0.08626662617144465,1.2522399906976733,1.8084633437350872,No,No,No,No,,,,data/4cys-large/output/xyz_files/1p6h_ZN_homo_d2.60_cluster1.xyz,1.98
1p6i,1,homo,1,ZN,ZN,A,900,,ZN,,1.0,4,TD,4S,8.281985508197081,13.053993296864192,0.011641336500339767,0.03215182575424702,1.2070727216474495,1.6295547550402023,No,No,No,No,,,,data/4cys-large/output/xyz_files/1p6i_ZN_homo_d2.60_cluster1.xyz,1.90
1p6j,1,homo,1,ZN,ZN,A,900,,ZN,,1.0,4,TD,4S,7.0325366063419485,12.4309269110894,0.008798105606500982,0.023284077495990818,1.2471068661296567,1.9548112437611904,No,No,No,No,,,,data/4cys-large/output/xyz_files/1p6j_ZN_homo_d2.60_cluster1.xyz,2.00
1p6k,1,homo,1,ZN,ZN,A,900,,ZN,,1.0,4,TD,4S,7.242406214102908,11.943789331024703,0.019376743651981908,0.05260356480410344,1.243511851058361,1.7542887231737292,No,No,No,No,,,,data/4cys-large/output/xyz_files/1p6k_ZN_homo_d2.60_cluster1.xyz,1.78
1p7p,1,homo,1,ZN,ZN,A,552,,ZN,,1.0,4,TD,4S,2.367712424502378,4.3668463124900825,0.0417672034177809,0.10592997614110633,1.296469541494836,1.6077785528563264,No,No,No,No,,,,data/4cys-large/output/xyz_files/1p7p_ZN_homo_d2.60_cluster1.xyz,1.80
1pfu,1,homo,1,ZN,ZN,A,552,,ZN,,1.0,4,TD,4S,3.445227561204562,6.108715615096756,0.08430468166068528,0.2186453012315268,1.3165743751608099,1.5550982682819374,No,No,No,No,,,,data/4cys-large/output/xyz_files/1pfu_ZN_homo_d2.60_cluster1.xyz,1.91
1pfv,1,homo,1,ZN,ZN,A,552,,ZN,,1.0,4,TD,4S,3.458841262984213,5.884470211646388,0.05770929265973803,0.1547837965581813,1.283061191263733,1.5310182014624811,No,No,No,No,,,,data/4cys-large/output/xyz_files/1pfv_ZN_homo_d2.60_cluster1.xyz,1.70
1pfw,1,homo,1,ZN,ZN,A,552,,ZN,,1.0,4,TD,4S,2.819895147106129,4.465994890075152,0.047804579164509614,0.13313348494259092,1.3008565784052175,1.6295197774553416,No,No,No,No,,,,data/4cys-large/output/xyz_files/1pfw_ZN_homo_d2.60_cluster1.xyz,1.78
1pfy,1,homo,1,ZN,ZN,A,552,,ZN,,1.0,4,TD,4S,4.068367986591281,5.980073135462376,0.06275844647286828,0.15526064813112006,1.3208813552821694,1.6978620696082025,No,No,No,No,,,,data/4cys-large/output/xyz_files/1pfy_ZN_homo_d2.60_cluster1.xyz,1.93
1pji,1,homo,1,ZN,ZN,A,300,,ZN,,1.0,4,TD,4S,6.117285180509571,11.792661146370875,0.11779865250251566,0.31539575168533407,1.2290881243093141,1.9820139728506863,No,No,No,No,,,,data/4cys-large/output/xyz_files/1pji_ZN_homo_d2.60_cluster1.xyz,1.90
1pjj,1,homo,1,ZN,ZN,A,300,,ZN,,1.0,4,TD,4S,6.094820402553114,12.708386404465514,0.10158245142659998,0.273991832362372,1.2172603306331151,1.9404558752321763,No,No,No,No,,,,data/4cys-large/output/xyz_files/1pjj_ZN_homo_d2.60_cluster1.xyz,1.90
1pm5,1,homo,1,ZN,ZN,A,300,,ZN,,1.0,4,TD,4S,6.636262017989079,13.914146486067281,0.09277162142475644,0.25716471984112754,1.2174692699806933,1.915650669542261,No,No,No,No,,,,data/4cys-large/output/xyz_files/1pm5_ZN_homo_d2.60_cluster1.xyz,1.95
1pzw,1,homo,1,ZN,ZN,A,100,,ZN,,1.0,4,TD,4S,4.520127778202737,7.1764285886977035,0.10446626202286229,0.2841077875158091,1.2106045972174442,1.6290261928541563,No,No,No,No,,,,data/4cys-large/output/xyz_files/1pzw_ZN_homo_d2.60_cluster1.xyz,2.00
1q1a,1,homo,1,ZN,ZN,A,701,,ZN,,1.0,4,TD,4S,9.717159680617812,18.657421075987074,0.018178687789916867,0.045840960947235665,1.13882385392068,1.6468358355974853,No,No,No,No,,,,data/4cys-large/output/xyz_files/1q1a_ZN_homo_d2.60_cluster1.xyz,1.50
1q2o,1,homo,1,ZN,ZN,A,900,,ZN,,1.0,4,TD,4S,5.07852499475398,10.938696265310753,0.01275167484697622,0.03266867850668209,1.2817726294610483,1.3811382674983421,No,No,No,No,,,,data/4cys-large/output/xyz_files/1q2o_ZN_homo_d2.60_cluster1.xyz,1.74
1qf8,1,homo,1,ZN,ZN,A,216,,ZN,,1.0,4,TD,4S,3.656909300802737,7.22049133274605,0.05849551676908499,0.14244338689145852,1.279279461103157,1.6638609022949873,No,No,No,No,,,,data/4cys-large/output/xyz_files/1qf8_ZN_homo_d2.60_cluster1.xyz,1.74
1qf8,2,homo,1,ZN,ZN,B,216,,ZN,,1.0,4,TD,4S,4.120261556789289,7.720273613635101,0.06006633874383197,0.14874566341213402,1.2782621316013794,1.777288012889438,No,No,No,No,,,,data/4cys-large/output/xyz_files/1qf8_ZN_homo_d2.60_cluster2.xyz,1.74
1qv6,2,homo,1,ZN,ZN,A,376,,ZN,,1.0,4,TD,4S,5.756701230440238,9.003014679705885,0.024912700240037167,0.061704848203337104,1.2116071702481357,1.3290438379365768,No,No,No,No,,,,data/4cys-large/output/xyz_files/1qv6_ZN_homo_d2.60_cluster2.xyz,1.80
1qv6,4,homo,1,ZN,ZN,B,376,,ZN,,1.0,4,TD,4S,5.942912350375753,8.511664993628116,0.01651004450941528,0.04514057305839181,1.2079498801899708,1.3455677416413216,No,No,No,No,,,,data/4cys-large/output/xyz_files/1qv6_ZN_homo_d2.60_cluster4.xyz,1.80
1qv7,2,homo,1,ZN,ZN,A,376,,ZN,,1.0,4,TD,4S,5.226824368289954,9.334599726099654,0.05349241615936587,0.1470693269361485,1.2276003986042654,1.4760885868276625,No,No,No,No,,,,data/4cys-large/output/xyz_files/1qv7_ZN_homo_d2.60_cluster2.xyz,1.80
1qv7,4,homo,1,ZN,ZN,B,376,,ZN,,1.0,4,TD,4S,6.5194407900581615,8.963401384876079,0.03825410181960144,0.08223369858565954,1.194817245216903,1.3237821110296935,No,No,No,No,,,,data/4cys-large/output/xyz_files/1qv7_ZN_homo_d2.60_cluster4.xyz,1.80
1qyb,1,homo,1,ZN,ZN,A,401,,ZN,,1.0,4,TD,4S,3.8349461641010225,5.816048488850598,0.007054672836964392,0.018410252819399897,1.291641155981518,1.9983093879239806,No,No,No,No,,,,data/4cys-large/output/xyz_files/1qyb_ZN_homo_d2.60_cluster1.xyz,1.75
1r2z,1,homo,1,ZN,ZN,A,320,,ZN,,1.0,4,TD,4S,5.6242868754409985,11.490706644304808,0.016645636569537502,0.035485360654665676,1.2493210244702901,1.8780722852205347,No,No,No,No,,,,data/4cys-large/output/xyz_files/1r2z_ZN_homo_d2.60_cluster1.xyz,1.63
1rs6,1,homo,1,ZN,ZN,A,900,,ZN,,1.0,4,TD,4S,7.316642408923874,9.886136917554111,0.016491469395916933,0.04051476557799205,1.2162732606269124,1.7897724710062777,No,No,No,No,,,,data/4cys-large/output/xyz_files/1rs6_ZN_homo_d2.60_cluster1.xyz,1.95
1rs7,1,homo,1,ZN,ZN,A,900,,ZN,,1.0,4,TD,4S,7.36247480636982,11.34702076394666,0.0238839484536966,0.0648740237464378,1.2465886741241339,1.7459712745484084,No,No,No,No,,,,data/4cys-large/output/xyz_files/1rs7_ZN_homo_d2.60_cluster1.xyz,1.95
1ryq,1,homo,1,ZN,ZN,A,101,,ZN,,1.0,4,TD,4S,9.942851693190285,16.016128465706245,0.03897130788708165,0.0857201483408403,1.1975863634349169,1.4474055697417778,No,No,No,No,,,,data/4cys-large/output/xyz_files/1ryq_ZN_homo_d2.60_cluster1.xyz,1.38
1szc,1,homo,1,ZN,ZN,A,701,,ZN,,1.0,4,TD,4S,10.364269277516227,17.83370540210808,0.030956307991454192,0.08143315426480058,1.1614753607453592,1.7043975734543986,No,No,No,No,,,,data/4cys-large/output/xyz_files/1szc_ZN_homo_d2.60_cluster1.xyz,1.75
1szd,1,homo,1,ZN,ZN,A,701,,ZN,,1.0,4,TD,4S,9.747719681084373,16.58451906433666,0.05229231579515215,0.13028412434544911,1.168390814259592,1.7340087582518153,No,No,No,No,,,,data/4cys-large/output/xyz_files/1szd_ZN_homo_d2.60_cluster1.xyz,1.50
1t8h,1,homo,1,ZN,ZN,A,275,,ZN,,1.0,4,TD,4S,6.322222655102275,9.58911296361596,0.05395506550370643,0.1206996153960267,1.2220437854411226,1.9830965745848583,No,No,No,No,,,,data/4cys-large/output/xyz_files/1t8h_ZN_homo_d2.60_cluster1.xyz,1.80
1tdz,1,homo,1,ZN,ZN,A,1001,,ZN,,1.0,4,TD,4S,5.9282351119546295,12.060597536697443,0.05846978653874253,0.14954464479647012,1.2041049878865067,1.862702568280162,No,No,No,No,,,,data/4cys-large/output/xyz_files/1tdz_ZN_homo_d2.60_cluster1.xyz,1.80
1tjl,1,homo,1,ZN,ZN,A,200,,ZN,,1.0,4,TD,4S,2.9126941059283533,6.0094192183476025,0.038477108276179305,0.10806462863918087,1.289536142155916,1.429306239107569,No,No,No,No,,,,data/4cys-large/output/xyz_files/1tjl_ZN_homo_d2.60_cluster1.xyz,2.00
1tjl,2,homo,1,ZN,ZN,B,200,,ZN,,1.0,4,TD,4S,2.876452117846252,6.070547438786619,0.02545315536341334,0.071448960390601,1.2985683325799504,1.9979250951491199,No,No,No,No,,,,data/4cys-large/output/xyz_files/1tjl_ZN_homo_d2.60_cluster2.xyz,2.00
1tjl,3,homo,1,ZN,ZN,C,200,,ZN,,1.0,4,TD,4S,2.2863763049996715,3.4363151504555987,0.011080291793564888,0.029880700071232447,1.3135787328970168,2.21177654496993,No,No,No,No,,,,data/4cys-large/output/xyz_files/1tjl_ZN_homo_d2.60_cluster3.xyz,2.00
1tjl,4,homo,1,ZN,ZN,D,200,,ZN,,1.0,4,TD,4S,1.7377778641545578,2.699623969724101,0.0410186472950321,0.11308076366770159,1.3301812632122594,2.1065335787658794,No,No,No,No,,,,data/4cys-large/output/xyz_files/1tjl_ZN_homo_d2.60_cluster4.xyz,2.00
1tjl,5,homo,1,ZN,ZN,E,200,,ZN,,1.0,4,TD,4S,3.7598298684103026,8.168849893377327,0.0682283886046935,0.1776247595816547,1.3149998290796376,1.882143611599558,No,No,No,No,,,,data/4cys-large/output/xyz_files/1tjl_ZN_homo_d2.60_cluster5.xyz,2.00
1tjl,6,homo,1,ZN,ZN,F,200,,ZN,,1.0,4,TD,4S,5.149692124668804,10.026634483469934,0.03593351355652937,0.09828376826235186,1.275990729493213,1.6800529686913983,No,No,No,No,,,,data/4cys-large/output/xyz_files/1tjl_ZN_homo_d2.60_cluster6.xyz,2.00
1tjl,7,homo,1,ZN,ZN,G,200,,ZN,,1.0,4,TD,4S,3.7324644970089107,6.208340360894397,0.007959881575416897,0.020437935622800385,1.2990123515136611,2.108715544668277,No,No,No,No,,,,data/4cys-large/output/xyz_files/1tjl_ZN_homo_d2.60_cluster7.xyz,2.00
1tjl,8,homo,1,ZN,ZN,H,200,,ZN,,1.0,4,TD,4S,3.2676420929859704,5.5591671492814925,0.013173575641958176,0.03567285452729152,1.295515855872931,2.0526470669535115,No,No,No,No,,,,data/4cys-large/output/xyz_files/1tjl_ZN_homo_d2.60_cluster8.xyz,2.00
1tjl,9,homo,1,ZN,ZN,I,200,,ZN,,1.0,4,TD,4S,1.9165462567451383,2.6692976366119296,0.01929906698756477,0.048158717526358696,1.315893019431015,2.093052157339359,No,No,No,No,,,,data/4cys-large/output/xyz_files/1tjl_ZN_homo_d2.60_cluster9.xyz,2.00
1tjl,10,homo,1,ZN,ZN,J,200,,ZN,,1.0,4,TD,4S,2.420934435472416,4.529357470386003,0.04883364537088528,0.13063324545620736,1.3135084183170944,1.7561697611460367,No,No,No,No,,,,data/4cys-large/output/xyz_files/1tjl_ZN_homo_d2.60_cluster10.xyz,2.00
1u3u,1,homo,1,ZN,ZN,A,375,,ZN,,1.0,4,TD,4S,6.462266362723088,10.866406172030608,0.010254660927289947,0.02527513089100797,1.1937487481037763,1.3594844421032326,No,No,No,No,,,,data/4cys-large/output/xyz_files/1u3u_ZN_homo_d2.60_cluster1.xyz,1.60
1u3u,3,homo,1,ZN,ZN,B,375,,ZN,,1.0,4,TD,4S,6.435956094175731,11.188512438639961,0.027906973634465766,0.07165439158860254,1.2041407268474187,1.3346095581880018,No,No,No,No,,,,data/4cys-large/output/xyz_files/1u3u_ZN_homo_d2.60_cluster3.xyz,1.60
1u3v,1,homo,1,ZN,ZN,A,375,,ZN,,1.0,4,TD,4S,6.245487465057068,10.449545616738789,0.0352935641468996,0.08386799115942978,1.1915696992322433,1.411906949738701,No,No,No,No,,,,data/4cys-large/output/xyz_files/1u3v_ZN_homo_d2.60_cluster1.xyz,1.65
1u3v,3,homo,1,ZN,ZN,B,375,,ZN,,1.0,4,TD,4S,6.319414809578475,10.542921699286055,0.024949693128227347,0.06629595960060009,1.2017042262859943,1.3970538660801337,No,No,No,No,,,,data/4cys-large/output/xyz_files/1u3v_ZN_homo_d2.60_cluster3.xyz,1.65
1u3w,1,homo,1,ZN,ZN,A,375,,ZN,,1.0,4,TD,4S,6.314692621118284,9.949357578773629,0.046991591532276444,0.12883076355070155,1.2067101975389651,1.4218084946707592,No,No,No,No,,,,data/4cys-large/output/xyz_files/1u3w_ZN_homo_d2.60_cluster1.xyz,1.45
1u3w,3,homo,1,ZN,ZN,B,375,,ZN,,1.0,4,TD,4S,5.043926647224497,8.02412603157866,0.06800106126316853,0.1615888340432141,1.2442364122803147,1.2989603335800872,No,No,No,No,,,,data/4cys-large/output/xyz_files/1u3w_ZN_homo_d2.60_cluster3.xyz,1.45
1u5k,1,homo,1,ZN,ZN,A,300,,ZN,,1.0,4,TD,4S,3.219076036802352,6.554576141282695,0.06058346863295195,0.1500336517563361,1.3162916012425405,1.5080056786330835,No,No,No,No,,,,data/4cys-large/output/xyz_files/1u5k_ZN_homo_d2.60_cluster1.xyz,2.00
1u5k,2,homo,1,ZN,ZN,B,300,,ZN,,1.0,4,TD,4S,2.0012187055521027,3.3140544908859084,0.03676749111649252,0.10031477035993985,1.3200414171515953,1.95510064443671,No,No,No,No,,,,data/4cys-large/output/xyz_files/1u5k_ZN_homo_d2.60_cluster2.xyz,2.00
1uuf,1,homo,1,ZN,ZN,A,401,,ZN,,1.0,4,TD,4S,6.926995440952232,9.826734292199461,0.033050443965483636,0.09004506310172555,1.2239164433063559,1.3480311628129618,No,No,No,No,,,,data/4cys-large/output/xyz_files/1uuf_ZN_homo_d2.60_cluster1.xyz,1.76
1uw1,1,homo,1,ZN,ZN,A,1075,,ZN,,1.0,4,TD,4S,5.592801943009005,8.991063676166704,0.026046871948160327,0.05341465513875798,1.3049369249837544,1.8852373668241904,No,No,No,No,,,,data/4cys-large/output/xyz_files/1uw1_ZN_homo_d2.60_cluster1.xyz,1.94
1v54,1,homo,1,ZN,ZN,F,99,,ZN,,1.0,4,TD,4S,4.5084796098208715,8.977682632514146,0.027309213973708914,0.07377828650285156,1.2184778376872427,1.794946506500728,No,No,No,No,,,,data/4cys-large/output/xyz_files/1v54_ZN_homo_d2.60_cluster1.xyz,1.80
1v54,2,homo,1,ZN,ZN,S,99,,ZN,,1.0,4,TD,4S,2.7892009796021466,5.657000833817122,0.02661142576269445,0.07130815364276177,1.255393813996368,1.4580495377769167,No,No,No,No,,,,data/4cys-large/output/xyz_files/1v54_ZN_homo_d2.60_cluster2.xyz,1.80
1v55,1,homo,1,ZN,ZN,F,99,,ZN,,1.0,4,TD,4S,4.494141936167913,9.709894384153301,0.015009153549164808,0.03867171696796312,1.2222294436238368,1.6334685250611096,No,No,No,No,,,,data/4cys-large/output/xyz_files/1v55_ZN_homo_d2.60_cluster1.xyz,1.90
1v55,2,homo,1,ZN,ZN,S,99,,ZN,,1.0,4,TD,4S,3.290728845334637,6.648319609389745,0.020616844751083226,0.0570544890617426,1.2452902696422017,1.2987241223787023,No,No,No,No,,,,data/4cys-large/output/xyz_files/1v55_ZN_homo_d2.60_cluster2.xyz,1.90
1vfy,1,homo,1,ZN,ZN,A,300,,ZN,,1.0,4,TD,4S,5.610839268078985,7.074826119265978,0.01625267379174916,0.038991398105222785,1.263071851945635,1.7501335783728895,No,No,No,No,,,,data/4cys-large/output/xyz_files/1vfy_ZN_homo_d2.60_cluster1.xyz,1.15
1vj0,1,homo,1,ZN,ZN,A,400,,ZN,,1.0,4,TD,4S,6.508795029070257,10.184980851685054,0.02712923958894226,0.06674262630969041,1.2034059877912984,1.2890833187770774,No,No,No,No,,,,data/4cys-large/output/xyz_files/1vj0_ZN_homo_d2.60_cluster1.xyz,2.00
1vj0,3,homo,1,ZN,ZN,B,400,,ZN,,1.0,4,TD,4S,7.136944081203409,10.256745955171723,0.04811508013765798,0.12758110224892816,1.1810678588387213,1.2500738268420386,No,No,No,No,,,,data/4cys-large/output/xyz_files/1vj0_ZN_homo_d2.60_cluster3.xyz,2.00
1vj0,5,homo,1,ZN,ZN,C,400,,ZN,,1.0,4,TD,4S,6.747322674273372,10.31922139952134,0.052987018613596386,0.11130157698819287,1.1914658897557258,1.2172115247541702,No,No,No,No,,,,data/4cys-large/output/xyz_files/1vj0_ZN_homo_d2.60_cluster5.xyz,2.00
1vj0,7,homo,1,ZN,ZN,D,400,,ZN,,1.0,4,TD,4S,6.259946443711777,8.948551078892578,0.041730365644210114,0.10191009977521359,1.2179711876041677,1.2533732952249657,No,No,No,No,,,,data/4cys-large/output/xyz_files/1vj0_ZN_homo_d2.60_cluster7.xyz,2.00
1vzy,1,homo,1,ZN,ZN,A,1291,,ZN,,1.0,4,TD,4S,5.18192432900059,9.8799517992814,0.0851905552202825,0.2186980052772758,1.2355811499476614,1.8073870538607215,No,No,No,No,,,,data/4cys-large/output/xyz_files/1vzy_ZN_homo_d2.60_cluster1.xyz,1.97
1vzy,2,homo,1,ZN,ZN,B,1287,,ZN,,1.0,4,TD,4S,6.81864383348165,12.936109008823706,0.08765010772085183,0.22097117612804507,1.2422677970334028,1.4264222693045516,No,No,No,No,,,,data/4cys-large/output/xyz_files/1vzy_ZN_homo_d2.60_cluster2.xyz,1.97
1w4r,1,homo,1,ZN,ZN,A,400,,ZN,,1.0,4,TD,4S,5.10014582739019,7.2222185250323605,0.030297668741613725,0.08408652775136138,1.2339418293091782,1.5859299775418687,No,No,No,No,,,,data/4cys-large/output/xyz_files/1w4r_ZN_homo_d2.60_cluster1.xyz,1.83
1w4r,2,homo,1,ZN,ZN,B,400,,ZN,,1.0,4,TD,4S,4.951969627289962,7.933691074242006,0.02792027890964676,0.07752875706394091,1.2481654166059906,1.5951428986246508,No,No,No,No,,,,data/4cys-large/output/xyz_files/1w4r_ZN_homo_d2.60_cluster2.xyz,1.83
1w4r,3,homo,1,ZN,ZN,C,400,,ZN,,1.0,4,TD,4S,4.951917939909339,7.232527117088779,0.05357979780736548,0.13661562052655185,1.2352878953399764,1.716396541429439,No,No,No,No,,,,data/4cys-large/output/xyz_files/1w4r_ZN_homo_d2.60_cluster3.xyz,1.83
1w4r,4,homo,1,ZN,ZN,D,400,,ZN,,1.0,4,TD,4S,4.588537498344642,6.536371046885563,0.060975202394570056,0.1530621336191751,1.247396941761536,1.776916036695163,No,No,No,No,,,,data/4cys-large/output/xyz_files/1w4r_ZN_homo_d2.60_cluster4.xyz,1.83
1w4r,5,homo,1,ZN,ZN,E,400,,ZN,,1.0,4,TD,4S,5.824754612283666,8.001125599282034,0.03874230383597239,0.09665545041371448,1.2497020556682592,1.7361324321722391,No,No,No,No,,,,data/4cys-large/output/xyz_files/1w4r_ZN_homo_d2.60_cluster5.xyz,1.83
1w4r,6,homo,1,ZN,ZN,F,400,,ZN,,1.0,4,TD,4S,4.773221888309459,7.700572752916415,0.037285855467024065,0.09140308834671229,1.2401306320148155,1.7714193244906533,No,No,No,No,,,,data/4cys-large/output/xyz_files/1w4r_ZN_homo_d2.60_cluster6.xyz,1.83
1w4r,7,homo,1,ZN,ZN,G,400,,ZN,,1.0,4,TD,4S,5.154229118595888,8.281605001223639,0.043923759344654666,0.10861338760413197,1.2496191733575954,1.5811862083502566,No,No,No,No,,,,data/4cys-large/output/xyz_files/1w4r_ZN_homo_d2.60_cluster7.xyz,1.83
1w4r,8,homo,1,ZN,ZN,H,400,,ZN,,1.0,4,TD,4S,5.494435760845457,8.91621274879158,0.02513145817849062,0.06609413102364226,1.233299114905242,1.5274101739314032,No,No,No,No,,,,data/4cys-large/output/xyz_files/1w4r_ZN_homo_d2.60_cluster8.xyz,1.83
1x0t,1,homo,1,ZN,ZN,A,150,,ZN,,1.0,4,TD,4S,4.408262519942058,5.984738965888766,0.020128796339203264,0.04891745644754408,1.2905366219323104,2.105431016899134,No,No,No,No,,,,data/4cys-large/output/xyz_files/1x0t_ZN_homo_d2.60_cluster1.xyz,1.60
1xx6,1,homo,1,ZN,ZN,A,302,,ZN,,1.0,4,TD,4S,5.604562357093252,9.238060932215532,0.055201251941581875,0.14815921481097494,1.2690454734048882,1.9607948092303633,No,No,No,No,,,,data/4cys-large/output/xyz_files/1xx6_ZN_homo_d2.60_cluster1.xyz,2.00
1xx6,2,homo,1,ZN,ZN,B,402,,ZN,,1.0,4,TD_d,4S,26.547376115524408,61.83958004267187,0.2529215713576181,0.7079305804204519,0.668290420284038,1.0498801283574315,No,No,Yes,No,,,,data/4cys-large/output/xyz_files/1xx6_ZN_homo_d2.60_cluster2.xyz,2.00
1y02,1,homo,1,ZN,ZN,A,161,,ZN,,1.0,4,TD,4S,7.304276822040417,11.19120493358318,0.022563449922733004,0.05465122401681688,1.2662214093886368,1.9397727604340829,No,No,No,No,,,,data/4cys-large/output/xyz_files/1y02_ZN_homo_d2.60_cluster1.xyz,1.80
1y02,2,homo,1,ZN,ZN,A,162,,ZN,,1.0,4,TD,4S,7.275988884625061,13.021223556575208,0.012078322771696251,0.03239498465445001,1.2295264732616549,1.8019498714395557,No,No,No,No,,,,data/4cys-large/output/xyz_files/1y02_ZN_homo_d2.60_cluster2.xyz,1.80
1yc5,1,homo,1,ZN,ZN,A,1001,,ZN,,1.0,4,TD,4S,8.125667197302377,12.978071781802086,0.053830074631127704,0.1448044878686181,1.1899249034918427,1.882123047112646,No,No,No,No,,,,data/4cys-large/output/xyz_files/1yc5_ZN_homo_d2.60_cluster1.xyz,1.40
1ye3,2,homo,1,ZN,ZN,A,376,,ZN,,1.0,4,TD,4S,5.35776844452032,8.03792320071527,0.027251888722599076,0.07304395472885039,1.2288208889131556,1.428105231919034,No,No,No,No,,,,data/4cys-large/output/xyz_files/1ye3_ZN_homo_d2.60_cluster2.xyz,1.59
1yqd,2,homo,1,ZN,ZN,A,2000,,ZN,,1.0,4,TD,4S,6.176831555056567,9.422197086813,0.011915964978904115,0.0322991473142884,1.2208406065938484,1.395487941037943,No,No,No,No,,,,data/4cys-large/output/xyz_files/1yqd_ZN_homo_d2.60_cluster2.xyz,1.65
1yqd,3,homo,1,ZN,ZN,B,3000,,ZN,,1.0,4,TD,4S,6.8361105043182455,10.545124871021812,0.03389375807080186,0.0867271133166847,1.206394173223025,1.3215450882631066,No,No,No,No,,,,data/4cys-large/output/xyz_files/1yqd_ZN_homo_d2.60_cluster3.xyz,1.65
1zin,1,homo,1,ZN,ZN,A,219,,ZN,,1.0,4,TD,4S,6.643686626624469,11.498487259751428,0.01419522318763188,0.03729611270104316,1.2358007340407196,1.8909749899283141,No,No,No,No,,,,data/4cys-large/output/xyz_files/1zin_ZN_homo_d2.60_cluster1.xyz,1.60
1zio,1,homo,1,ZN,ZN,A,219,,ZN,,1.0,4,TD,4S,8.178392770694307,14.35235061129464,0.03747459442364617,0.09886584968439482,1.1987524121299626,1.7758837742406706,No,No,No,No,,,,data/4cys-large/output/xyz_files/1zio_ZN_homo_d2.60_cluster1.xyz,1.96
1zip,1,homo,1,ZN,ZN,A,219,,ZN,,1.0,4,TD,4S,7.194667054127588,10.9617583746884,0.03526290620762152,0.08544541673911521,1.2064776210635042,1.5129490403876076,No,No,No,No,,,,data/4cys-large/output/xyz_files/1zip_ZN_homo_d2.60_cluster1.xyz,1.85
1zud,1,homo,1,ZN,ZN,1,501,,ZN,,1.0,4,TD,4S,11.156539614427821,18.79592531576911,0.056273060548202664,0.1378459271895096,1.1191429489945892,1.3792528544003793,No,No,No,No,,,,data/4cys-large/output/xyz_files/1zud_ZN_homo_d2.60_cluster1.xyz,1.98
1zud,2,homo,1,ZN,ZN,3,502,,ZN,,1.0,4,TD,4S,10.052737286798935,18.08539667023581,0.06701038788239079,0.16787559758521375,1.1746012374323422,1.5836474304605055,No,No,No,No,,,,data/4cys-large/output/xyz_files/1zud_ZN_homo_d2.60_cluster2.xyz,1.98
1zzq,1,homo,1,ZN,ZN,A,900,,ZN,,1.0,4,TD,4S,7.431606794250758,14.225398508373303,0.019144469777463983,0.05177980148597561,1.2569519388434813,1.9536932301542724,No,No,No,No,,,,data/4cys-large/output/xyz_files/1zzq_ZN_homo_d2.60_cluster1.xyz,1.90
1zzs,1,homo,1,ZN,ZN,A,900,,ZN,,1.0,4,TD,4S,5.625300580555052,12.049994061266517,0.02196649074543498,0.05753962740568763,1.2680317741159883,1.3251120817570334,No,No,No,No,,,,data/4cys-large/output/xyz_files/1zzs_ZN_homo_d2.60_cluster1.xyz,1.85
1zzu,1,homo,1,ZN,ZN,A,900,,ZN,,1.0,4,TD,4S,7.170522986972324,11.720235672161309,0.016510337887025998,0.04037789632670741,1.2395218342732848,1.6368692860255611,No,No,No,No,,,,data/4cys-large/output/xyz_files/1zzu_ZN_homo_d2.60_cluster1.xyz,1.90
2air,1,homo,1,ZN,ZN,B,800,,ZN,,1.0,4,TD,4S,6.336561113503378,11.208907034845751,0.010649650303337773,0.02555068350444234,1.2841186025724993,1.7897110738472435,No,No,No,No,,,,data/4cys-large/output/xyz_files/2air_ZN_homo_d2.60_cluster1.xyz,2.00
2air,2,homo,1,ZN,ZN,H,801,,ZN,,1.0,4,TD,4S,3.149564107959512,4.663950512625036,0.08666414942851731,0.2288723341599237,1.2423401035727397,1.8070959564140368,No,No,No,No,,,,data/4cys-large/output/xyz_files/2air_ZN_homo_d2.60_cluster2.xyz,2.00
2apo,1,homo,1,ZN,ZN,B,501,,ZN,,1.0,4,TD_d,4S,13.160202210529352,20.90978749850933,0.2790064968073479,0.6571046757571999,1.2118603265942984,2.009707907028422,No,No,Yes,No,,ALTLOC,,data/4cys-large/output/xyz_files/2apo_ZN_homo_d2.60_cluster1_altlocLIGA.xyz,1.95
2apo,1,homo,1,ZN,ZN,B,501,,ZN,,1.0,4,TD_d,4S,13.160202210529352,20.90978749850933,0.2790064968073479,0.6571046757571999,1.2118603265942984,2.009707907028422,No,No,Yes,No,,ALTLOC,,data/4cys-large/output/xyz_files/2apo_ZN_homo_d2.60_cluster1_altlocLIGB.xyz,1.95
2b4y,1,homo,1,ZN,ZN,A,1001,,ZN,,1.0,4,TD,4S,5.592293407971579,9.071552397699392,0.10078076279639644,0.26674460396850996,1.2507058441029335,1.8780052043257773,No,No,No,No,,,,data/4cys-large/output/xyz_files/2b4y_ZN_homo_d2.60_cluster1.xyz,1.90
2b4y,2,homo,1,ZN,ZN,B,2001,,ZN,,1.0,4,TD,4S,4.712230836982544,5.6993458103130195,0.025967068365257643,0.07210956715439876,1.287452313504775,2.224711767074047,No,No,No,No,,,,data/4cys-large/output/xyz_files/2b4y_ZN_homo_d2.60_cluster2.xyz,1.90
2b4y,3,homo,1,ZN,ZN,C,3001,,ZN,,1.0,4,TD,4S,3.7869974429930613,4.790333718741721,0.02971800707165383,0.07327417173895112,1.2936417205356296,2.1508434686301285,No,No,No,No,,,,data/4cys-large/output/xyz_files/2b4y_ZN_homo_d2.60_cluster3.xyz,1.90
2b4y,4,homo,1,ZN,ZN,D,4001,,ZN,,1.0,4,TD,4S,3.919498937278783,7.12148813776858,0.046579664652206795,0.1257023004146589,1.2986518025947058,1.8178675790839247,No,No,No,No,,,,data/4cys-large/output/xyz_files/2b4y_ZN_homo_d2.60_cluster4.xyz,1.90
2b9d,1,homo,1,ZN,ZN,A,1002,,ZN,,1.0,4,TD,4S,4.09678145208257,9.036697472447656,0.04141561092587553,0.11175815328907301,1.2676891209367922,2.005773115046617,No,No,No,No,,,,data/4cys-large/output/xyz_files/2b9d_ZN_homo_d2.60_cluster1.xyz,1.60
2b9d,2,homo,1,ZN,ZN,B,1001,,ZN,,1.0,4,TD,4S,3.7938694060407805,6.973356269072568,0.04202472624237748,0.10864935195579761,1.282022812574934,2.0524282821651294,No,No,No,No,,,,data/4cys-large/output/xyz_files/2b9d_ZN_homo_d2.60_cluster2.xyz,1.60
2cd9,2,homo,1,ZN,ZN,A,1368,,ZN,,1.0,4,TD,4S,5.541713898411594,7.769146095289102,0.029681517840484496,0.07464983870255004,1.2351438768279774,1.7300702958802159,No,No,No,No,,,,data/4cys-large/output/xyz_files/2cd9_ZN_homo_d2.60_cluster2.xyz,1.80
2cd9,4,homo,1,ZN,ZN,B,1368,,ZN,,1.0,4,TD,4S,4.906557233463543,6.643865088046624,0.0321636709285982,0.07826841714485022,1.2370398307323702,1.7949189522848141,No,No,No,No,,,,data/4cys-large/output/xyz_files/2cd9_ZN_homo_d2.60_cluster4.xyz,1.80
2cdb,2,homo,1,ZN,ZN,A,1371,,ZN,,1.0,4,TD,4S,5.017290034467424,8.141096274196002,0.04081802493409289,0.10682509180261324,1.2669565914970333,1.6780724404556442,No,No,No,No,,,,data/4cys-large/output/xyz_files/2cdb_ZN_homo_d2.60_cluster2.xyz,1.60
2cdb,4,homo,1,ZN,ZN,B,1371,,ZN,,1.0,4,TD,4S,5.594796868747897,8.825720413484476,0.03412707657223682,0.09545388811378075,1.2437961565245215,1.7260717552964564,No,No,No,No,,,,data/4cys-large/output/xyz_files/2cdb_ZN_homo_d2.60_cluster4.xyz,1.60
2cdb,6,homo,1,ZN,ZN,C,1371,,ZN,,1.0,4,TD,4S,4.790606787670408,6.8199126529083856,0.029952250329543424,0.08091249851802429,1.2570365963785923,1.8159877106629017,No,No,No,No,,,,data/4cys-large/output/xyz_files/2cdb_ZN_homo_d2.60_cluster6.xyz,1.60
2cdb,8,homo,1,ZN,ZN,D,1371,,ZN,,1.0,4,TD,4S,5.094356009847716,7.849276635223234,0.03404497743955022,0.0880844358095274,1.2474685784754982,1.558068146904826,No,No,No,No,,,,data/4cys-large/output/xyz_files/2cdb_ZN_homo_d2.60_cluster8.xyz,1.60
2cdc,2,homo,1,ZN,ZN,A,1372,,ZN,,1.0,4,TD,4S,4.952257660360434,8.028468694606318,0.046351381753343454,0.1095330679496378,1.2616538844788892,1.9647214834348263,No,No,No,No,,,,data/4cys-large/output/xyz_files/2cdc_ZN_homo_d2.60_cluster2.xyz,1.50
2cdc,4,homo,1,ZN,ZN,B,1372,,ZN,,1.0,4,TD,4S,4.993103942972528,6.330768588838694,0.054675243088342235,0.15291592146062793,1.2645117327361977,1.6481639717797367,No,No,No,No,,,,data/4cys-large/output/xyz_files/2cdc_ZN_homo_d2.60_cluster4.xyz,1.50
2cdc,6,homo,1,ZN,ZN,C,1372,,ZN,,1.0,4,TD,4S,4.691194190616432,6.786166546242967,0.05285803389013641,0.1292022170495799,1.2706873115209636,1.5946995408531912,No,No,No,No,,,,data/4cys-large/output/xyz_files/2cdc_ZN_homo_d2.60_cluster6.xyz,1.50
2cdc,8,homo,1,ZN,ZN,D,1373,,ZN,,1.0,4,TD,4S,5.149943871721349,7.930961739948188,0.05740890802508571,0.13591431802193643,1.2581775579493264,1.7917176949828533,No,No,No,No,,,,data/4cys-large/output/xyz_files/2cdc_ZN_homo_d2.60_cluster8.xyz,1.50
2cf5,1,homo,1,ZN,ZN,A,401,,ZN,,1.0,4,TD,4S,6.250102250259561,12.297485217385812,0.09051752519305213,0.2308989596988411,1.3366095124016708,1.9238079943372628,No,No,No,No,,,,data/4cys-large/output/xyz_files/2cf5_ZN_homo_d2.60_cluster1.xyz,2.00
2cjs,1,homo,1,ZN,ZN,C,201,,ZN,,1.0,4,TD,4S,2.390150238308499,3.8412255950773613,0.02095364016897087,0.05645385973937955,1.3286919595545228,2.025901487068994,No,No,No,No,,,,data/4cys-large/output/xyz_files/2cjs_ZN_homo_d2.60_cluster1.xyz,1.78
2cjs,2,homo,1,ZN,ZN,C,202,,ZN,,1.0,4,TD,4S,3.2056284894918035,5.605417420013865,0.019465663549122623,0.052604376514545415,1.3018252426345518,2.03917327675798,No,No,No,No,,,,data/4cys-large/output/xyz_files/2cjs_ZN_homo_d2.60_cluster2.xyz,1.78
2ckl,1,homo,1,ZN,ZN,A,1104,,ZN,,1.0,4,TD,4S,3.1196248101382844,4.60922497493867,0.025152884354166623,0.05958097135559548,1.3185098574937213,2.0281522996616705,No,No,No,No,,,,data/4cys-large/output/xyz_files/2ckl_ZN_homo_d2.60_cluster1.xyz,2.00
2ckl,4,homo,1,ZN,ZN,B,1116,,ZN,,1.0,4,TD,4S,2.117315533966397,3.685010165753269,0.09584946310279141,0.2384267880393467,1.296020138955289,1.8375017764981258,No,No,No,No,,,,data/4cys-large/output/xyz_files/2ckl_ZN_homo_d2.60_cluster4.xyz,2.00
2ds5,1,homo,1,ZN,ZN,A,100,,ZN,,1.0,4,TD,4S,2.9449272860750373,4.1106348893878675,0.027275044101669393,0.06859082563569574,1.3168462120365592,2.026756370972027,No,No,No,No,,,,data/4cys-large/output/xyz_files/2ds5_ZN_homo_d2.60_cluster1.xyz,1.50
2ds5,2,homo,1,ZN,ZN,B,100,,ZN,,1.0,4,TD,4S,2.8079839276202403,4.748226113044424,0.017049006612594772,0.047982073371199085,1.338392599906326,2.1371241190000156,No,No,No,No,,,,data/4cys-large/output/xyz_files/2ds5_ZN_homo_d2.60_cluster2.xyz,1.50
2ds6,1,homo,1,ZN,ZN,A,100,,ZN,,1.0,4,TD,4S,4.179727508901426,6.6053320102838455,0.04474581966955508,0.11469017941676762,1.3568259747813665,1.9397957376922128,No,No,No,No,,,,data/4cys-large/output/xyz_files/2ds6_ZN_homo_d2.60_cluster1.xyz,2.00
2ds6,2,homo,1,ZN,ZN,B,100,,ZN,,1.0,4,TD,4S,4.772900055809945,9.751360400776477,0.016867922696533092,0.044414069966598024,1.3366822906315767,1.7765442806679046,No,No,No,No,,,,data/4cys-large/output/xyz_files/2ds6_ZN_homo_d2.60_cluster2.xyz,2.00
2ds8,1,homo,1,ZN,ZN,A,100,,ZN,,1.0,4,TD,4S,2.8606024763230677,4.476109005553184,0.02650940231268595,0.06515697278346133,1.3444716000474295,1.8670278259057644,No,No,No,No,,,,data/4cys-large/output/xyz_files/2ds8_ZN_homo_d2.60_cluster1.xyz,1.60
2ds8,2,homo,1,ZN,ZN,B,100,,ZN,,1.0,4,TD,4S,2.855322863980547,4.81512623279211,0.024826001294750842,0.06289625301343227,1.3392166410274136,1.7699877872843481,No,No,No,No,,,,data/4cys-large/output/xyz_files/2ds8_ZN_homo_d2.60_cluster2.xyz,1.60
2dyr,1,homo,1,ZN,ZN,F,99,,ZN,,1.0,4,TD,4S,4.2591299388047235,8.924298179285898,0.019302793237610017,0.05196714621838128,1.2229931923382087,1.709265307037983,No,No,No,No,,,,data/4cys-large/output/xyz_files/2dyr_ZN_homo_d2.60_cluster1.xyz,1.80
2dyr,2,homo,1,ZN,ZN,S,99,,ZN,,1.0,4,TD,4S,3.2686692583363133,6.9371131506860735,0.024257337164198405,0.06298030979551683,1.2548384907005583,1.495713987835208,No,No,No,No,,,,data/4cys-large/output/xyz_files/2dyr_ZN_homo_d2.60_cluster2.xyz,1.80
2ea0,1,homo,1,ZN,ZN,A,501,,ZN,,1.0,4,TD,4S,7.479044378201643,12.484638913259332,0.030792537246520736,0.07267249987089519,1.2210079512321563,1.913773991656432,No,No,No,No,,,,data/4cys-large/output/xyz_files/2ea0_ZN_homo_d2.60_cluster1.xyz,1.40
2eij,2,homo,1,ZN,ZN,F,99,,ZN,,1.0,4,TD,4S,4.276542169184061,8.985386329780937,0.00926381465841264,0.02393966089512567,1.2292587904155483,1.6297053092652598,No,No,No,No,,,,data/4cys-large/output/xyz_files/2eij_ZN_homo_d2.60_cluster2.xyz,1.90
2eij,4,homo,1,ZN,ZN,S,99,,ZN,,1.0,4,TD,4S,3.1167930545429026,6.616764169117843,0.014745803883807593,0.03963799640644883,1.263787227548862,1.3898140517061646,No,No,No,No,,,,data/4cys-large/output/xyz_files/2eij_ZN_homo_d2.60_cluster4.xyz,1.90
2f4m,1,homo,1,ZN,ZN,A,501,,ZN,,1.0,4,TD,4S,2.3424975890792736,3.2994320934652706,0.06168153340346649,0.13234577757482358,1.3131209803604966,2.0832871867856158,No,No,No,No,,,,data/4cys-large/output/xyz_files/2f4m_ZN_homo_d2.60_cluster1.xyz,1.85
2f5n,1,homo,1,ZN,ZN,A,300,,ZN,,1.0,4,TD_d,4S,14.375833783702237,23.86532799984076,0.27728951641386684,0.6636742465060368,1.197721710032296,1.6995328117270987,No,No,Yes,No,,,,data/4cys-large/output/xyz_files/2f5n_ZN_homo_d2.60_cluster1.xyz,2.00
2f5p,1,homo,1,ZN,ZN,A,300,,ZN,,1.0,4,TD,4S,6.679343509273484,12.83034109079044,0.04369013700612325,0.1177281680891058,1.235894231762863,1.71546650355259,No,No,No,No,,,,data/4cys-large/output/xyz_files/2f5p_ZN_homo_d2.60_cluster1.xyz,2.00
2f6j,2,homo,1,ZN,ZN,A,1002,,ZN,,1.0,4,TD,4S,4.882666264445372,7.53690469600464,0.06128384182408032,0.1528835442881098,1.2427199628540073,1.3236485762435797,No,No,No,No,,,,data/4cys-large/output/xyz_files/2f6j_ZN_homo_d2.60_cluster2.xyz,2.00
2f6j,4,homo,1,ZN,ZN,B,1004,,ZN,,1.0,4,TD,4S,4.092937406155308,6.204230925141346,0.02564623585765507,0.06263869929222077,1.2588749905938523,1.3803163231363025,No,No,No,No,,,,data/4cys-large/output/xyz_files/2f6j_ZN_homo_d2.60_cluster4.xyz,2.00
2f6j,6,homo,1,ZN,ZN,C,1006,,ZN,,1.0,4,TD,4S,4.5215946871494,7.032377485086343,0.060559622164506235,0.15047001636547197,1.270128380746707,1.525226986751469,No,No,No,No,,,,data/4cys-large/output/xyz_files/2f6j_ZN_homo_d2.60_cluster6.xyz,2.00
2f6n,2,homo,1,ZN,ZN,A,1002,,ZN,,1.0,4,TD,4S,3.818713783252764,5.799710346433912,0.058125695785678624,0.15365850615111487,1.2439062584764036,1.5349663099610946,No,No,No,No,,,,data/4cys-large/output/xyz_files/2f6n_ZN_homo_d2.60_cluster2.xyz,2.00
2f6n,4,homo,1,ZN,ZN,B,1004,,ZN,,1.0,4,TD,4S,4.125362945319915,8.22526687597707,0.03028662875009685,0.082572842071436,1.2569782658091804,1.7660098536310136,No,No,No,No,,,,data/4cys-large/output/xyz_files/2f6n_ZN_homo_d2.60_cluster4.xyz,2.00
2f9i,1,homo,1,ZN,ZN,B,601,,ZN,,1.0,4,TD,4S,3.4536586638027376,4.898859494314863,0.08108513949014975,0.18936565968392483,1.2718269784008833,1.96894205979169,No,No,No,No,,,,data/4cys-large/output/xyz_files/2f9i_ZN_homo_d2.60_cluster1.xyz,1.98
2f9i,2,homo,1,ZN,ZN,D,602,,ZN,,1.0,4,TD,4S,3.4575040948531277,6.574601139670634,0.08203080519423912,0.20688752624656503,1.2487677263908366,1.7190593127911973,No,No,No,No,,,,data/4cys-large/output/xyz_files/2f9i_ZN_homo_d2.60_cluster2.xyz,1.98
2fe3,1,homo,1,ZN,ZN,A,201,,ZN,,1.0,4,TD,4S,4.011427939444836,6.886418610815227,0.0207647216459604,0.052050581775691995,1.2668742703486322,1.9859341221802302,No,No,No,No,,,,data/4cys-large/output/xyz_files/2fe3_ZN_homo_d2.60_cluster1.xyz,1.75
2fe3,2,homo,1,ZN,ZN,B,202,,ZN,,1.0,4,TD,4S,4.14786145216813,7.159470975238023,0.017653918939368705,0.0457043526184302,1.2762804970336812,1.7544454867746442,No,No,No,No,,,,data/4cys-large/output/xyz_files/2fe3_ZN_homo_d2.60_cluster2.xyz,1.75
2fe8,1,homo,1,ZN,ZN,A,316,,ZN,,1.0,4,TD,4S,14.58079713753839,23.180733756096572,0.11757982577279023,0.29012375122764,1.217721221353277,1.99655488178517,No,No,No,No,,,,data/4cys-large/output/xyz_files/2fe8_ZN_homo_d2.60_cluster1.xyz,1.85
2fe8,2,homo,1,ZN,ZN,B,316,,ZN,,1.0,4,TD,4S,3.9710347971635143,6.085884017742941,0.03304339285057854,0.08181536670304279,1.3120773977071993,2.172363854347884,No,No,No,No,,,,data/4cys-large/output/xyz_files/2fe8_ZN_homo_d2.60_cluster2.xyz,1.85
2fe8,3,homo,1,ZN,ZN,C,316,,ZN,,1.0,4,TD,4S,3.7972726101376124,7.1896769541777985,0.0421923747486274,0.10299627667389144,1.3205959414871493,1.9176660029596657,No,No,No,No,,,,data/4cys-large/output/xyz_files/2fe8_ZN_homo_d2.60_cluster3.xyz,1.85
2fea,1,homo,1,ZN,ZN,A,1302,,ZN,,1.0,4,TD,4S,4.21605656478091,6.837241465940082,0.0667476364993733,0.17227159476159226,1.2584604710293146,1.621177274635867,No,No,No,No,,,,data/4cys-large/output/xyz_files/2fea_ZN_homo_d2.60_cluster1.xyz,2.00
2fea,2,homo,1,ZN,ZN,B,2302,,ZN,,1.0,4,TD,4S,4.50909392195122,8.416986090013566,0.05333239160425728,0.13866617480672883,1.283287024889332,1.7412774554554034,No,No,No,No,,,,data/4cys-large/output/xyz_files/2fea_ZN_homo_d2.60_cluster2.xyz,2.00
2fsa,2,homo,1,ZN,ZN,A,502,,ZN,,1.0,4,TD,4S,5.3530367211894365,9.703773197278537,0.013521009213470237,0.037772473697494036,1.24323147389836,1.2755642153620388,No,No,No,No,,,,data/4cys-large/output/xyz_files/2fsa_ZN_homo_d2.60_cluster2.xyz,1.90
2fsa,4,homo,1,ZN,ZN,B,504,,ZN,,1.0,4,TD,4S,4.22107414866684,6.664303472925397,0.02729312771776114,0.07333120668003756,1.2482674205260287,1.2842095627905261,No,No,No,No,,,,data/4cys-large/output/xyz_files/2fsa_ZN_homo_d2.60_cluster4.xyz,1.90
2fsa,6,homo,1,ZN,ZN,C,506,,ZN,,1.0,4,TD,4S,4.715396312440402,8.121205781199137,0.043667566523680305,0.11842186636080054,1.2624740504818153,1.5751739826972346,No,No,No,No,,,,data/4cys-large/output/xyz_files/2fsa_ZN_homo_d2.60_cluster6.xyz,1.90
2fu5,1,homo,1,ZN,ZN,A,502,,ZN,,1.0,4,TD,4S,6.980057653202356,9.825619680156876,0.03695738443841978,0.1003600930606452,1.2332387688701563,1.6204016810028348,No,No,No,No,,,,data/4cys-large/output/xyz_files/2fu5_ZN_homo_d2.60_cluster1.xyz,2.00
2fu5,2,homo,1,ZN,ZN,B,501,,ZN,,1.0,4,TD,4S,7.129516609568819,11.192478459704176,0.03791465675492464,0.08896866706659523,1.2482511179304594,1.8647127386712998,No,No,No,No,,,,data/4cys-large/output/xyz_files/2fu5_ZN_homo_d2.60_cluster2.xyz,2.00
2fyg,2,homo,1,ZN,ZN,A,303,,ZN,,1.0,4,TD_d,4S,5.4354105984846415,9.764596855657501,0.16858941184729667,0.40312563060558615,1.201433894852901,1.9407765687782028,No,No,Yes,No,,,,data/4cys-large/output/xyz_files/2fyg_ZN_homo_d2.60_cluster2.xyz,1.80
2fze,1,homo,1,ZN,ZN,A,375,,ZN,,1.0,4,TD,4S,5.482968740650161,9.750242359598587,0.02429885833624066,0.06446744549996186,1.269844210600278,1.6470704598598842,No,No,No,No,,,,data/4cys-large/output/xyz_files/2fze_ZN_homo_d2.60_cluster1.xyz,1.90
2fze,3,homo,1,ZN,ZN,B,375,,ZN,,1.0,4,TD,4S,4.756757751799705,8.151358168404272,0.012075177692184637,0.031030628349004274,1.2750737440197188,1.5213385576925884,No,No,No,No,,,,data/4cys-large/output/xyz_files/2fze_ZN_homo_d2.60_cluster3.xyz,1.90
2fzw,1,homo,1,ZN,ZN,A,375,,ZN,,1.0,4,TD,4S,6.039735415455687,8.579303014071115,0.005511018939699176,0.014970979038121612,1.2303472699759204,1.446739115636128,No,No,No,No,,,,data/4cys-large/output/xyz_files/2fzw_ZN_homo_d2.60_cluster1.xyz,1.84
2fzw,3,homo,1,ZN,ZN,B,375,,ZN,,1.0,4,TD,4S,5.22550153958265,8.344757340285412,0.006455034437024796,0.017670603251407346,1.2526110296700645,1.5168908495049518,No,No,No,No,,,,data/4cys-large/output/xyz_files/2fzw_ZN_homo_d2.60_cluster3.xyz,1.84
2g6h,1,homo,1,ZN,ZN,A,900,,ZN,,1.0,4,TD,4S,6.6275639865285365,10.379248127984297,0.01910034641024399,0.05299034476795983,1.2382669806520445,1.7436180027574664,No,No,No,No,,,,data/4cys-large/output/xyz_files/2g6h_ZN_homo_d2.60_cluster1.xyz,2.00
2g6i,1,homo,1,ZN,ZN,A,900,,ZN,,1.0,4,TD,4S,7.517513486559263,11.650441324683953,0.026581519656044158,0.07436408388710047,1.2241172601610748,1.7390570106842662,No,No,No,No,,,,data/4cys-large/output/xyz_files/2g6i_ZN_homo_d2.60_cluster1.xyz,1.90
2g6k,1,homo,1,ZN,ZN,A,900,,ZN,,1.0,4,TD,4S,8.051123206349061,12.384327897368067,0.03374722717679829,0.0897016409446243,1.2057764134163778,1.6616039273749883,No,No,No,No,,,,data/4cys-large/output/xyz_files/2g6k_ZN_homo_d2.60_cluster1.xyz,2.00
2g6m,1,homo,1,ZN,ZN,A,900,,ZN,,1.0,4,TD,4S,7.19401354102557,11.447601038108886,0.017962326047454062,0.04902090271141235,1.2244197498986058,1.6556360911967172,No,No,No,No,,,,data/4cys-large/output/xyz_files/2g6m_ZN_homo_d2.60_cluster1.xyz,1.85
2g6n,1,homo,1,ZN,ZN,A,900,,ZN,,1.0,4,TD,4S,7.446655127589163,11.63856962507316,0.02407641798560808,0.06077366624671132,1.22450750337948,1.6448733555355448,No,No,No,No,,,,data/4cys-large/output/xyz_files/2g6n_ZN_homo_d2.60_cluster1.xyz,1.90
2g6o,1,homo,1,ZN,ZN,A,900,,ZN,,1.0,4,TD,4S,4.707590393829817,9.706189652142825,0.014210391672919693,0.037258035909817355,1.2876497970194976,2.0060900886318658,No,No,No,No,,,,data/4cys-large/output/xyz_files/2g6o_ZN_homo_d2.60_cluster1.xyz,1.90
2g6q,2,homo,1,ZN,ZN,A,400,,ZN,,1.0,4,TD,4S,3.6489862785987874,6.101602025706143,0.030753278017908073,0.08565432404110673,1.3056233341868486,1.8273870619774684,No,No,No,No,,,,data/4cys-large/output/xyz_files/2g6q_ZN_homo_d2.60_cluster2.xyz,2.00
2gfo,1,homo,1,ZN,ZN,A,1200,,ZN,,1.0,4,TD,4S,3.425280604360944,6.61724733063987,0.06097795686178672,0.14704166404090335,1.3003795118250367,2.154603037422662,No,No,No,No,,,,data/4cys-large/output/xyz_files/2gfo_ZN_homo_d2.60_cluster1.xyz,2.00
2h2d,1,homo,1,ZN,ZN,A,1001,,ZN,,1.0,4,TD,4S,8.305307002097473,15.102839685392283,0.03277679326259883,0.0845845807121206,1.202769718543515,1.8643995849094284,No,No,No,No,,,,data/4cys-large/output/xyz_files/2h2d_ZN_homo_d2.60_cluster1.xyz,1.70
2h2g,1,homo,1,ZN,ZN,A,1001,,ZN,,1.0,4,TD,4S,9.503425019868327,16.2817899712487,0.033304390292565794,0.08925660621416354,1.2135819067889728,1.8982184702285838,No,No,No,No,,,,data/4cys-large/output/xyz_files/2h2g_ZN_homo_d2.60_cluster1.xyz,1.63
2h2i,1,homo,1,ZN,ZN,A,1000,,ZN,,1.0,4,TD,4S,8.258577303740072,14.03631318920192,0.08623963175930761,0.21620936938936497,1.216086594514789,1.8711151674385704,No,No,No,No,,,,data/4cys-large/output/xyz_files/2h2i_ZN_homo_d2.60_cluster1.xyz,1.80
2h4f,1,homo,1,ZN,ZN,A,1001,,ZN,,1.0,4,TD,4S,9.094283382880928,17.571406926192267,0.1056966250714992,0.27489431047098645,1.197106808891774,1.8815161243896172,No,No,No,No,,,,data/4cys-large/output/xyz_files/2h4f_ZN_homo_d2.60_cluster1.xyz,2.00
2h4h,1,homo,1,ZN,ZN,A,1001,,ZN,,1.0,4,TD,4S,8.485632745247246,17.97828871132438,0.12747950178379228,0.3531526333126971,1.1518849442490122,1.8479721550182757,No,No,No,No,,,,data/4cys-large/output/xyz_files/2h4h_ZN_homo_d2.60_cluster1.xyz,1.99
2h59,2,homo,1,ZN,ZN,B,1001,,ZN,,1.0,4,TD_d,4S,16.092010021421615,28.74541313437051,0.18155365395667658,0.46928642903049766,1.199871420679938,1.8115211835511802,No,No,Yes,No,,,,data/4cys-large/output/xyz_files/2h59_ZN_homo_d2.60_cluster2.xyz,1.90
2han,1,homo,1,ZN,ZN,A,351,,ZN,,1.0,4,TD,4S,4.653363928575728,7.060272284220915,0.03699461140507667,0.09849066451245436,1.245863118025119,1.5105863703425633,No,No,No,No,,,,data/4cys-large/output/xyz_files/2han_ZN_homo_d2.60_cluster1.xyz,1.95
2han,2,homo,1,ZN,ZN,A,352,,ZN,,1.0,4,TD,4S,4.712678601254127,9.140038952251672,0.13404956666177759,0.3433525897623295,1.2379729786618558,1.7815513110430161,No,No,No,No,,,,data/4cys-large/output/xyz_files/2han_ZN_homo_d2.60_cluster2.xyz,1.95
2han,3,homo,1,ZN,ZN,B,353,,ZN,,1.0,4,TD,4S,3.9041425017881526,6.483616439862445,0.021696340918490084,0.045372910536952915,1.2598945570441349,1.642586569503141,No,No,No,No,,,,data/4cys-large/output/xyz_files/2han_ZN_homo_d2.60_cluster3.xyz,1.95
2han,4,homo,1,ZN,ZN,B,354,,ZN,,1.0,4,TD,4S,4.099217433086075,5.744978489301218,0.07696486922544242,0.2170634037046959,1.250277684861899,1.6224041851283246,No,No,No,No,,,,data/4cys-large/output/xyz_files/2han_ZN_homo_d2.60_cluster4.xyz,1.95
2hd5,1,homo,1,ZN,ZN,A,201,,ZN,,1.0,4,TD,4S,3.6365030203003528,7.429652092289601,0.05046634731385445,0.1345383661909656,1.2913362414265102,1.9592940475596445,No,No,No,No,,,,data/4cys-large/output/xyz_files/2hd5_ZN_homo_d2.60_cluster1.xyz,1.85
2hjh,1,homo,1,ZN,ZN,A,800,,ZN,,1.0,4,TD,4S,5.288493801428668,10.792529937702398,0.038575995199567246,0.09842429749833403,1.261792943795137,1.345302143051275,No,No,No,No,,,,data/4cys-large/output/xyz_files/2hjh_ZN_homo_d2.60_cluster1.xyz,1.85
2hjh,2,homo,1,ZN,ZN,B,800,,ZN,,1.0,4,TD,4S,5.2386350014111684,10.251879467220164,0.06650851752711948,0.17787168904865158,1.2477716633216773,1.2641475528549653,No,No,No,No,,,,data/4cys-large/output/xyz_files/2hjh_ZN_homo_d2.60_cluster2.xyz,1.85
2hu9,1,homo,1,ZN,ZN,A,132,,ZN,,1.0,4,TD,4S,6.685980989052293,10.350014855962826,0.08096558398683681,0.20438688171603836,1.2386416511112746,1.876519668457005,No,No,No,No,,,,data/4cys-large/output/xyz_files/2hu9_ZN_homo_d2.60_cluster1.xyz,1.78
2hu9,2,homo,1,ZN,ZN,B,132,,ZN,,1.0,4,TD,4S,6.595864377997763,13.200853357910106,0.06063723860566054,0.16349265991562278,1.2433120732303735,1.9676547070006027,No,No,No,No,,,,data/4cys-large/output/xyz_files/2hu9_ZN_homo_d2.60_cluster2.xyz,1.78
2hx2,1,homo,1,ZN,ZN,A,900,,ZN,,1.0,4,TD,4S,5.409968018480978,11.457706358415535,0.017404022483665866,0.04132498794359085,1.279869078900081,1.4606112956738102,No,No,No,No,,,,data/4cys-large/output/xyz_files/2hx2_ZN_homo_d2.60_cluster1.xyz,1.95
2hx3,1,homo,1,ZN,ZN,A,900,,ZN,,1.0,4,TD,4S,7.875344908213095,12.73078031065809,0.04341420405041156,0.11945103701229565,1.2308076057200286,1.691335811172224,No,No,No,No,,,,data/4cys-large/output/xyz_files/2hx3_ZN_homo_d2.60_cluster1.xyz,2.00
2i9w,1,homo,1,ZN,ZN,A,200,,ZN,,1.0,4,TD,4S,9.321308178141594,12.656379288968225,0.021730500118701587,0.05226440446701064,1.1479156287266674,1.1743449368272258,No,No,No,No,,,,data/4cys-large/output/xyz_files/2i9w_ZN_homo_d2.60_cluster1.xyz,1.75
2i9w,2,homo,1,ZN,ZN,A,201,,ZN,,1.0,4,TD,4S,5.910799927565184,11.622543842580797,0.037120270376531796,0.10470813072328955,1.2423462226720818,1.548969278441347,No,No,No,No,,,,data/4cys-large/output/xyz_files/2i9w_ZN_homo_d2.60_cluster2.xyz,1.75
2igq,1,homo,1,ZN,ZN,A,501,,ZN,,1.0,4,TD,4S,8.26137249937005,14.941418889332581,0.07057772412389028,0.19388919966677376,1.172492065257762,1.5880514543341646,No,No,No,No,,,,data/4cys-large/output/xyz_files/2igq_ZN_homo_d2.60_cluster1.xyz,2.00
2igq,2,homo,1,ZN,ZN,A,502,,ZN,,1.0,4,TD,4S,3.9450472032818076,6.681123690798856,0.046031781930702696,0.1278458162649856,1.2284352638040366,1.7292896907984452,No,No,No,No,,,,data/4cys-large/output/xyz_files/2igq_ZN_homo_d2.60_cluster2.xyz,2.00
2igq,3,homo,1,ZN,ZN,A,503,,ZN,,1.0,4,TD,4S,4.966676509031517,9.16626093151477,0.08034980500997456,0.17268518818387246,1.2832771609389784,1.8172478596910921,No,No,No,No,,,,data/4cys-large/output/xyz_files/2igq_ZN_homo_d2.60_cluster3.xyz,2.00
2igq,4,homo,1,ZN,ZN,A,504,,ZN,,1.0,4,TD_d,4S,5.5069380640336725,8.292912036508511,0.15330129864681263,0.4097346219430662,1.2766134757823355,1.7765268404088153,No,No,Yes,No,,,,data/4cys-large/output/xyz_files/2igq_ZN_homo_d2.60_cluster4.xyz,2.00
2igq,5,homo,1,ZN,ZN,B,501,,ZN,,1.0,4,TD,4S,6.9918514241907035,12.223540372873188,0.06234393308983433,0.1472646208195365,1.2197787849764956,1.6129398217519721,No,No,No,No,,,,data/4cys-large/output/xyz_files/2igq_ZN_homo_d2.60_cluster5.xyz,2.00
2igq,6,homo,1,ZN,ZN,B,502,,ZN,,1.0,4,TD,4S,3.2660389726783956,5.546031456026057,0.05976898072089075,0.16391080161701232,1.2774255854642653,1.9374605890661518,No,No,No,No,,,,data/4cys-large/output/xyz_files/2igq_ZN_homo_d2.60_cluster6.xyz,2.00
2igq,7,homo,1,ZN,ZN,B,503,,ZN,,1.0,4,TD,4S,4.078589783469731,7.323727915018452,0.0525133653532473,0.1348950613130473,1.3038780391267644,1.4513641605044285,No,No,No,No,,,,data/4cys-large/output/xyz_files/2igq_ZN_homo_d2.60_cluster7.xyz,2.00
2igq,8,homo,1,ZN,ZN,B,504,,ZN,,1.0,4,TD,4S,7.003937519474982,13.568904959203124,0.09545386041545986,0.2505334843061333,1.2377857523498497,1.3510903294818266,No,No,No,No,,,,data/4cys-large/output/xyz_files/2igq_ZN_homo_d2.60_cluster8.xyz,2.00
2iqj,1,homo,1,ZN,ZN,A,301,,ZN,,1.0,4,TD,4S,3.8607607143281064,5.6441689941238735,0.021937729153455012,0.04689665224562578,1.2820438990174952,1.622369007144269,No,No,No,No,,,,data/4cys-large/output/xyz_files/2iqj_ZN_homo_d2.60_cluster1.xyz,1.90
2iqj,2,homo,1,ZN,ZN,B,301,,ZN,,1.0,4,TD,4S,3.8801351769464234,6.1880939674296656,0.016548098072206436,0.045719343279718494,1.2656037799814752,1.5076531390497723,No,No,No,No,,,,data/4cys-large/output/xyz_files/2iqj_ZN_homo_d2.60_cluster2.xyz,1.90
2j6a,1,homo,1,ZN,ZN,A,1138,,ZN,,1.0,4,TD,4S,4.650717499759378,8.064923204448732,0.03768991747738863,0.10129391295158907,1.2893848389311697,1.7125732721988398,No,No,No,No,,,,data/4cys-large/output/xyz_files/2j6a_ZN_homo_d2.60_cluster1.xyz,1.70
2j9u,1,homo,1,ZN,ZN,B,1162,,ZN,,1.0,4,TD,4S,5.522853496426124,10.941029257064244,0.048393762180978614,0.1160022857621823,1.2669628056324138,1.6260385275152225,No,No,No,No,,,,data/4cys-large/output/xyz_files/2j9u_ZN_homo_d2.60_cluster1.xyz,2.00
2j9u,2,homo,1,ZN,ZN,D,1162,,ZN,,1.0,4,TD,4S,6.671747980276292,12.482927004263871,0.028699792831837677,0.06309168689881517,1.2744631939886946,1.6568520216382923,No,No,No,No,,,,data/4cys-large/output/xyz_files/2j9u_ZN_homo_d2.60_cluster2.xyz,2.00
2jhg,2,homo,1,ZN,ZN,A,402,,ZN,,1.0,4,TD,4S,6.220813653321556,9.841131014939222,0.018944625846195003,0.04647499676898814,1.2001755565684342,1.423350066948734,No,No,No,No,,,,data/4cys-large/output/xyz_files/2jhg_ZN_homo_d2.60_cluster2.xyz,1.20
2jhg,4,homo,1,ZN,ZN,B,402,,ZN,,1.0,4,TD,4S,6.008239539303112,10.043953207638012,0.026805549457617508,0.06659071038428177,1.209011958020669,1.3995400605864923,No,No,No,No,,,,data/4cys-large/output/xyz_files/2jhg_ZN_homo_d2.60_cluster4.xyz,1.20
2nll,1,homo,1,ZN,ZN,A,250,,ZN,,1.0,4,TD,4S,7.182513905525578,11.085283652333956,0.03695337408013387,0.09871507596051776,1.1699312360957923,1.501083554027386,No,No,No,No,,,,data/4cys-large/output/xyz_files/2nll_ZN_homo_d2.60_cluster1.xyz,1.90
2nll,2,homo,1,ZN,ZN,A,251,,ZN,,1.0,4,TD,4S,8.973714166391822,13.697727667888756,0.007710688281867547,0.01986807320577988,1.1551368257069425,1.4938254875837906,No,No,No,No,,,,data/4cys-large/output/xyz_files/2nll_ZN_homo_d2.60_cluster2.xyz,1.90
2nll,3,homo,1,ZN,ZN,B,450,,ZN,,1.0,4,TD,4S,2.7523653612000922,4.247708062123124,0.05089011574805857,0.12834229319175527,1.312582172605041,1.9572694524289376,No,No,No,No,,,,data/4cys-large/output/xyz_files/2nll_ZN_homo_d2.60_cluster3.xyz,1.90
2nll,4,homo,1,ZN,ZN,B,451,,ZN,,1.0,4,TD,4S,3.8883850915037312,7.181049165772009,0.027505118122086253,0.07373574971490626,1.2383714095845737,1.8647739945864308,No,No,No,No,,,,data/4cys-large/output/xyz_files/2nll_ZN_homo_d2.60_cluster4.xyz,1.90
2o8j,1,homo,1,ZN,ZN,A,1501,,ZN,,1.0,4,TD,4S,6.363758471569473,11.7034430088177,0.05391158891848788,0.128864708265922,1.2280286109535525,1.6824752607369808,No,No,No,No,,,,data/4cys-large/output/xyz_files/2o8j_ZN_homo_d2.60_cluster1.xyz,1.80
2o8j,2,homo,1,ZN,ZN,A,1502,,ZN,,1.0,4,TD,4S,3.6643792960481036,4.876178214608743,0.029886457305761113,0.07358546316170145,1.3059835294884647,1.8173583280177046,No,No,No,No,,,,data/4cys-large/output/xyz_files/2o8j_ZN_homo_d2.60_cluster2.xyz,1.80
2o8j,3,homo,1,ZN,ZN,A,1503,,ZN,,1.0,4,TD,4S,3.8397365706733515,7.126202539025741,0.03357696712303171,0.08049891047225488,1.3261638933268272,2.235185384014928,No,No,No,No,,,,data/4cys-large/output/xyz_files/2o8j_ZN_homo_d2.60_cluster3.xyz,1.80
2o8j,4,homo,1,ZN,ZN,A,1504,,ZN,,1.0,4,TD,4S,1.862047198242663,3.1524548108082655,0.08973802039824343,0.25200641038221194,1.2908000095789696,2.1041902931645056,No,No,No,No,,,,data/4cys-large/output/xyz_files/2o8j_ZN_homo_d2.60_cluster4.xyz,1.80
2o8j,5,homo,1,ZN,ZN,B,1505,,ZN,,1.0,4,TD,4S,6.565380575761981,11.863072979348402,0.02847241387726227,0.07865413205366645,1.2397459354647653,1.7128543889724903,No,No,No,No,,,,data/4cys-large/output/xyz_files/2o8j_ZN_homo_d2.60_cluster5.xyz,1.80
2o8j,6,homo,1,ZN,ZN,B,1506,,ZN,,1.0,4,TD,4S,6.500713466290546,10.609562726512209,0.1385496007012557,0.39181617755517006,1.2888945555896851,1.8188030147389922,No,No,No,No,,,,data/4cys-large/output/xyz_files/2o8j_ZN_homo_d2.60_cluster6.xyz,1.80
2o8j,8,homo,1,ZN,ZN,B,1508,,ZN,,1.0,4,TD,4S,2.8085368489029943,3.771218449838841,0.05513623200095609,0.1508432749088584,1.323864380436622,1.4050718874772472,No,No,No,No,,,,data/4cys-large/output/xyz_files/2o8j_ZN_homo_d2.60_cluster8.xyz,1.80
2o8j,9,homo,1,ZN,ZN,C,1509,,ZN,,1.0,4,TD,4S,6.160580182351838,11.063693975457127,0.04222489642289147,0.11305347886049777,1.2177662647668674,1.6697355520181119,No,No,No,No,,,,data/4cys-large/output/xyz_files/2o8j_ZN_homo_d2.60_cluster9.xyz,1.80
2o8j,10,homo,1,ZN,ZN,C,1510,,ZN,,1.0,4,TD,4S,3.808188529122737,5.139403551978347,0.04460473721542791,0.11972763782957152,1.3070017061283854,1.788557464837456,No,No,No,No,,,,data/4cys-large/output/xyz_files/2o8j_ZN_homo_d2.60_cluster10.xyz,1.80
2o8j,11,homo,1,ZN,ZN,C,1511,,ZN,,1.0,4,TD,4S,4.21414446662429,8.187011703439666,0.02632504651690086,0.05718899713263825,1.3152817824249108,1.9568054220587179,No,No,No,No,,,,data/4cys-large/output/xyz_files/2o8j_ZN_homo_d2.60_cluster11.xyz,1.80
2o8j,12,homo,1,ZN,ZN,C,1512,,ZN,,1.0,4,TD,4S,2.0373311082574914,3.7191460741779423,0.05590145405075734,0.13914347070777522,1.2894417114095507,1.867032212001658,No,No,No,No,,,,data/4cys-large/output/xyz_files/2o8j_ZN_homo_d2.60_cluster12.xyz,1.80
2o8j,13,homo,1,ZN,ZN,D,1513,,ZN,,1.0,4,TD,4S,6.538272390233513,11.6315610334035,0.06775397568142145,0.19006065745148026,1.2094406360530505,1.6545502462218096,No,No,No,No,,,,data/4cys-large/output/xyz_files/2o8j_ZN_homo_d2.60_cluster13.xyz,1.80
2o8j,14,homo,1,ZN,ZN,D,1514,,ZN,,1.0,4,TD,4S,3.772543478469345,4.79835188212266,0.026346373891225055,0.06578845066845984,1.3031018034816886,1.7238976255013805,No,No,No,No,,,,data/4cys-large/output/xyz_files/2o8j_ZN_homo_d2.60_cluster14.xyz,1.80
2o8j,15,homo,1,ZN,ZN,D,1515,,ZN,,1.0,4,TD,4S,4.3362054734376105,7.588344955693472,0.03305138254945882,0.0931412124722919,1.323406558589071,2.1572682162526915,No,No,No,No,,,,data/4cys-large/output/xyz_files/2o8j_ZN_homo_d2.60_cluster15.xyz,1.80
2o8j,16,homo,1,ZN,ZN,D,1516,,ZN,,1.0,4,TD,4S,2.4435374373596823,3.6889344324102353,0.08710564925163654,0.2300207514349366,1.2683289183540853,1.8553642543569826,No,No,No,No,,,,data/4cys-large/output/xyz_files/2o8j_ZN_homo_d2.60_cluster16.xyz,1.80
2od2,1,homo,1,ZN,ZN,A,701,,ZN,,1.0,4,TD_d,4S,17.417840365989754,33.6069003513866,0.3254066263450708,0.8071105396174327,1.147113469683407,1.6382831924771102,No,No,Yes,No,,,,data/4cys-large/output/xyz_files/2od2_ZN_homo_d2.60_cluster1.xyz,2.00
2od7,1,homo,1,ZN,ZN,A,701,,ZN,,1.0,4,TD,4S,11.055165864205456,21.60883660531357,0.04650782133372155,0.12738460975981214,1.1638143164478014,1.8125839443065277,No,No,No,No,,,,data/4cys-large/output/xyz_files/2od7_ZN_homo_d2.60_cluster1.xyz,2.00
2ohx,2,homo,1,ZN,ZN,A,402,,ZN,,1.0,4,TD,4S,5.436127327856167,9.4769938086298,0.043948908234537946,0.1201406243932781,1.228528873899257,1.3336850459822864,No,No,No,No,,,,data/4cys-large/output/xyz_files/2ohx_ZN_homo_d2.60_cluster2.xyz,1.80
2ohx,4,homo,1,ZN,ZN,B,402,,ZN,,1.0,4,TD,4S,5.502345962456806,8.28928304517764,0.040738770019712975,0.10548705777556977,1.2276951835984082,1.3262527791042273,No,No,No,No,,,,data/4cys-large/output/xyz_files/2ohx_ZN_homo_d2.60_cluster4.xyz,1.80
2olm,1,homo,1,ZN,ZN,A,201,,ZN,,1.0,4,TD,4S,3.1802200492262034,5.889729833207994,0.040961548505289,0.10511681492126179,1.3020783856697828,1.8559030417216231,No,No,No,No,,,,data/4cys-large/output/xyz_files/2olm_ZN_homo_d2.60_cluster1.xyz,1.48
2opf,1,homo,1,ZN,ZN,A,501,,ZN,,1.0,4,TD,4S,8.919544872096184,13.271923913272445,0.05920996748373464,0.1501106952874407,1.1802802293656982,1.8363999963430742,No,No,No,No,,,,data/4cys-large/output/xyz_files/2opf_ZN_homo_d2.60_cluster1.xyz,1.85
2orw,1,homo,1,ZN,ZN,A,401,,ZN,,1.0,4,TD,4S,8.740464366267366,12.824825110308737,0.028186010405566227,0.0796458315577726,1.2009408652032318,1.6534017347660912,No,No,No,No,,,,data/4cys-large/output/xyz_files/2orw_ZN_homo_d2.60_cluster1.xyz,1.50
2orw,2,homo,1,ZN,ZN,B,402,,ZN,,1.0,4,TD,4S,8.568329003219123,13.766736534578115,0.014462591534344723,0.03971599720442143,1.224308174426117,1.8130184298299101,No,No,No,No,,,,data/4cys-large/output/xyz_files/2orw_ZN_homo_d2.60_cluster2.xyz,1.50
2owa,1,homo,1,ZN,ZN,A,201,,ZN,,1.0,4,TD,4S,4.088039526226447,7.576844447942705,0.06977603159535122,0.1825217914634556,1.2663753090601417,1.711204227598947,No,No,No,No,,,,data/4cys-large/output/xyz_files/2owa_ZN_homo_d2.60_cluster1.xyz,2.00
2owa,2,homo,1,ZN,ZN,B,201,,ZN,,1.0,4,TD,4S,4.219836851582479,5.873886340256789,0.03380671827431143,0.08584322037691461,1.2806066237550642,1.7395144440352708,No,No,No,No,,,,data/4cys-large/output/xyz_files/2owa_ZN_homo_d2.60_cluster2.xyz,2.00
2p09,1,homo,1,ZN,ZN,A,200,,ZN,,1.0,4,TD,4S,5.889411016454856,9.943890540201508,0.028830679455507352,0.07960475271621492,1.2699715839492791,1.939628995503553,No,No,No,No,,,,data/4cys-large/output/xyz_files/2p09_ZN_homo_d2.60_cluster1.xyz,1.65
2p57,1,homo,1,ZN,ZN,A,201,,ZN,,1.0,4,TD,4S,4.908202544124096,6.1427190490257,0.0422717897177613,0.10603821417775228,1.2582642910209878,1.7148827963916486,No,No,No,No,,,,data/4cys-large/output/xyz_files/2p57_ZN_homo_d2.60_cluster1.xyz,1.80
2pnx,2,homo,1,ZN,ZN,A,400,,ZN,,1.0,4,TD,4S,3.7315268466984097,5.9738887731733,0.015110923395266304,0.03599991787586898,1.28949043910322,2.0080937959440543,No,No,No,No,,,,data/4cys-large/output/xyz_files/2pnx_ZN_homo_d2.60_cluster2.xyz,1.80
2pnx,4,homo,1,ZN,ZN,C,400,,ZN,,1.0,4,TD,4S,3.718791571708429,6.30411086953535,0.0316501570126544,0.07600422000843787,1.2743918127087264,2.0444519597002344,No,No,No,No,,,,data/4cys-large/output/xyz_files/2pnx_ZN_homo_d2.60_cluster4.xyz,1.80
2ppt,1,homo,1,ZN,ZN,A,300,,ZN,,0.94,4,TD,4S,4.8282734385142305,8.325407593302245,0.06163987798540405,0.16215232366175192,1.2882641201210172,1.491472902014803,No,No,No,No,,,,data/4cys-large/output/xyz_files/2ppt_ZN_homo_d2.60_cluster1.xyz,1.92
2ppt,2,homo,1,ZN,ZN,B,301,,ZN,,1.0,4,TD,4S,16.651170520015093,28.923702294389358,0.08971823287396255,0.2523236592703748,1.0115271312166576,1.2835270884992478,No,No,No,No,,,,data/4cys-large/output/xyz_files/2ppt_ZN_homo_d2.60_cluster2.xyz,1.92
2puy,2,homo,1,ZN,ZN,A,356,,ZN,,1.0,4,TD,4S,3.4027696894297246,5.737158657615879,0.05555864414155624,0.14903125296106978,1.2710773710056815,1.7517378669022041,No,No,No,No,,,,data/4cys-large/output/xyz_files/2puy_ZN_homo_d2.60_cluster2.xyz,1.43
2puy,4,homo,1,ZN,ZN,B,358,,ZN,,1.0,4,TD,4S,4.0313350177935385,6.319275144758009,0.014801894260895463,0.04130448149715926,1.265563011797554,1.5881908632059607,No,No,No,No,,,,data/4cys-large/output/xyz_files/2puy_ZN_homo_d2.60_cluster4.xyz,1.43
2pve,1,homo,1,ZN,ZN,A,301,,ZN,,1.0,4,TD,4S,6.58204713906576,10.618531098019972,0.0132083346947182,0.032944746897178856,1.253079582051093,1.8009933802485243,No,No,No,No,,,,data/4cys-large/output/xyz_files/2pve_ZN_homo_d2.60_cluster1.xyz,0.79
2pve,2,homo,1,ZN,ZN,B,302,,ZN,,1.0,4,TD,4S,7.414228775974166,10.601177208829853,0.017725600685733544,0.04453551245600851,1.2208950726664147,1.2649886810871946,No,No,No,No,,,,data/4cys-large/output/xyz_files/2pve_ZN_homo_d2.60_cluster2.xyz,0.79
2pve,3,homo,1,ZN,ZN,C,303,,ZN,,1.0,4,TD,4S,4.51161859079844,6.332474490882603,0.018107212168021414,0.04744889807226471,1.2790584157184013,1.4314446117270179,No,No,No,No,,,,data/4cys-large/output/xyz_files/2pve_ZN_homo_d2.60_cluster3.xyz,0.79
2pvx,1,homo,1,ZN,ZN,A,901,,ZN,,1.0,4,TD,4S,5.5143291324675525,8.340984348052558,0.013387539641347956,0.03520551800788496,1.2555349798561941,1.4299496550690978,No,No,No,No,,,,data/4cys-large/output/xyz_files/2pvx_ZN_homo_d2.60_cluster1.xyz,1.04
2pvx,2,homo,1,ZN,ZN,B,902,,ZN,,1.0,4,TD,4S,5.911244775425067,8.971254357349252,0.009648998954423284,0.024694355362345988,1.2409452578911404,1.4165501678539036,No,No,No,No,,,,data/4cys-large/output/xyz_files/2pvx_ZN_homo_d2.60_cluster2.xyz,1.04
2pvx,3,homo,1,ZN,ZN,C,903,,ZN,,1.0,4,TD,4S,6.19678610320284,9.08912489459047,0.026457250788534784,0.07376584874447234,1.2325425668502539,1.3312291791400954,No,No,No,No,,,,data/4cys-large/output/xyz_files/2pvx_ZN_homo_d2.60_cluster3.xyz,1.04
2pvx,4,homo,1,ZN,ZN,D,904,,ZN,,1.0,4,TD,4S,6.260898594752214,9.143302832669292,0.02048739774564719,0.05386841969194034,1.2384954230458856,1.3708471769780808,No,No,No,No,,,,data/4cys-large/output/xyz_files/2pvx_ZN_homo_d2.60_cluster4.xyz,1.04
2pvx,5,homo,1,ZN,ZN,E,905,,ZN,,1.0,4,TD,4S,5.54062886239586,8.864111556173214,0.021133315737883795,0.05299254357639427,1.2475138461698172,1.4725941974352275,No,No,No,No,,,,data/4cys-large/output/xyz_files/2pvx_ZN_homo_d2.60_cluster5.xyz,1.04
2pvx,6,homo,1,ZN,ZN,F,906,,ZN,,1.0,4,TD,4S,5.9655666225220445,9.66884730947639,0.02571346381619906,0.05659287554873016,1.2429159434525878,1.5079848635300266,No,No,No,No,,,,data/4cys-large/output/xyz_files/2pvx_ZN_homo_d2.60_cluster6.xyz,1.04
2pvx,7,homo,1,ZN,ZN,G,907,,ZN,,1.0,4,TD,4S,5.992492140232317,9.16060260466368,0.024335848846108187,0.052968005640069205,1.244911661931905,1.466792808613453,No,No,No,No,,,,data/4cys-large/output/xyz_files/2pvx_ZN_homo_d2.60_cluster7.xyz,1.04
2pvx,8,homo,1,ZN,ZN,H,908,,ZN,,1.0,4,TD,4S,5.74228895199334,9.733696528828688,0.017975073444787732,0.04998840083896239,1.2499989595658114,1.5438796356853828,No,No,No,No,,,,data/4cys-large/output/xyz_files/2pvx_ZN_homo_d2.60_cluster8.xyz,1.04
2qkd,1,homo,1,ZN,ZN,A,501,,ZN,,1.0,4,TD,4S,4.00928387334656,7.111515301396452,0.04174375780904279,0.11401863526322353,1.263528511705585,1.9010719801965257,No,No,No,No,,,,data/4cys-large/output/xyz_files/2qkd_ZN_homo_d2.60_cluster1.xyz,2.00
2qpo,1,homo,1,ZN,ZN,A,201,,ZN,,1.0,4,TD,4S,8.1391400170667,13.682970113669498,0.07285271635349788,0.18377486087160788,1.192144279777706,1.841551592436629,No,No,No,No,,,,data/4cys-large/output/xyz_files/2qpo_ZN_homo_d2.60_cluster1.xyz,1.95
2qpo,2,homo,1,ZN,ZN,B,202,,ZN,,1.0,4,TD,4S,10.420132633854283,15.874283409282796,0.11347785338266843,0.2966545252664927,1.1673299052458015,1.4000796942773315,No,No,No,No,,,,data/4cys-large/output/xyz_files/2qpo_ZN_homo_d2.60_cluster2.xyz,1.95
2qpo,3,homo,1,ZN,ZN,C,204,,ZN,,1.0,4,TD,4S,8.611802386485769,14.635106637589033,0.06754309466108625,0.1664141647732733,1.2261955471821087,1.6692711473510224,No,No,No,No,,,,data/4cys-large/output/xyz_files/2qpo_ZN_homo_d2.60_cluster3.xyz,1.95
2qpo,4,homo,1,ZN,ZN,D,203,,ZN,,1.0,4,TD,4S,7.630973339483092,13.126585117888496,0.07653025440919693,0.16316166869090365,1.22423516314833,1.8149568987646578,No,No,No,No,,,,data/4cys-large/output/xyz_files/2qpo_ZN_homo_d2.60_cluster4.xyz,1.95
2qq0,1,homo,1,ZN,ZN,A,400,,ZN,,1.0,4,TD,4S,8.908468167602761,13.377611227618772,0.07250373483959609,0.19009674936807786,1.2250170974171632,1.5682717979095395,No,No,No,No,,,,data/4cys-large/output/xyz_files/2qq0_ZN_homo_d2.60_cluster1.xyz,1.50
2qq0,2,homo,1,ZN,ZN,B,402,,ZN,,1.0,4,TD,4S,8.869139405224251,12.775278284225053,0.026307189481238055,0.0723266635086155,1.198994254831702,1.6587579177592515,No,No,No,No,,,,data/4cys-large/output/xyz_files/2qq0_ZN_homo_d2.60_cluster2.xyz,1.50
2qqe,1,homo,1,ZN,ZN,A,400,,ZN,,1.0,4,TD,4S,7.632842184058056,11.211270631003075,0.12041519653191367,0.3153619936634575,1.2044985517974292,1.6985036810070295,No,No,No,No,,,,data/4cys-large/output/xyz_files/2qqe_ZN_homo_d2.60_cluster1.xyz,1.90
2qqe,2,homo,1,ZN,ZN,B,402,,ZN,,1.0,4,TD,4S,11.629301773146926,17.219228577558326,0.10444703039256775,0.27512479188143724,1.1193764254074738,1.4925605241455027,No,No,No,No,,,,data/4cys-large/output/xyz_files/2qqe_ZN_homo_d2.60_cluster2.xyz,1.90
2qqf,1,homo,1,ZN,ZN,A,701,,ZN,,1.0,4,TD,4S,12.698532301168372,22.111430686962223,0.040278087272971046,0.1072172877080173,1.1918818749555398,1.8580620298486603,No,No,No,No,,,,data/4cys-large/output/xyz_files/2qqf_ZN_homo_d2.60_cluster1.xyz,2.00
2r3a,1,homo,1,ZN,ZN,A,300,,ZN,,1.0,4,TD,4S,2.604600235832007,3.8651111659911805,0.04085449415379947,0.09706784564110027,1.3265978333452044,1.8918828382859902,No,No,No,No,,,,data/4cys-large/output/xyz_files/2r3a_ZN_homo_d2.60_cluster1.xyz,2.00
2r3a,2,homo,1,ZN,ZN,A,301,,ZN,,1.0,4,TD,4S,3.6675695311819347,6.219260362000838,0.06958395121634531,0.17733182125683866,1.2739596075816093,2.1310811149369697,No,No,No,No,,,,data/4cys-large/output/xyz_files/2r3a_ZN_homo_d2.60_cluster2.xyz,2.00
2r3a,3,homo,1,ZN,ZN,A,302,,ZN,,1.0,4,TD,4S,10.314782939397272,17.265237654239186,0.060664405529148674,0.1583694026167759,1.1499241365400923,1.737885479995841,No,No,No,No,,,,data/4cys-large/output/xyz_files/2r3a_ZN_homo_d2.60_cluster3.xyz,2.00
2r3a,4,homo,1,ZN,ZN,A,303,,ZN,,1.0,4,TD,4S,3.284228511394958,5.614396043434539,0.042209869382576,0.11535561333976352,1.3189688853035686,1.9115711416826418,No,No,No,No,,,,data/4cys-large/output/xyz_files/2r3a_ZN_homo_d2.60_cluster4.xyz,2.00
2rfi,1,homo,1,ZN,ZN,A,501,,ZN,,1.0,4,TD,4S,6.208981945379967,10.398777634444883,0.030904102885822193,0.08650941662977374,1.2351115774873855,1.6828318004585274,No,No,No,No,,,,data/4cys-large/output/xyz_files/2rfi_ZN_homo_d2.60_cluster1.xyz,1.59
2rfi,2,homo,1,ZN,ZN,A,502,,ZN,,1.0,4,TD,4S,4.137432273252081,5.640450783312943,0.04390114836332301,0.11846428986240776,1.2685953414087743,1.5790338682526472,No,No,No,No,,,,data/4cys-large/output/xyz_files/2rfi_ZN_homo_d2.60_cluster2.xyz,1.59
2rfi,3,homo,1,ZN,ZN,A,503,,ZN,,1.0,4,TD,4S,3.7156208236579795,6.393905169945853,0.05492963854799412,0.15215117414506452,1.3016883273517932,2.0275543104916416,No,No,No,No,,,,data/4cys-large/output/xyz_files/2rfi_ZN_homo_d2.60_cluster3.xyz,1.59
2rfi,4,homo,1,ZN,ZN,A,504,,ZN,,1.0,4,TD,4S,3.928831885138357,6.09312567290749,0.042479663203542836,0.11394941709554374,1.2787045871940093,1.5559675827560606,No,No,No,No,,,,data/4cys-large/output/xyz_files/2rfi_ZN_homo_d2.60_cluster4.xyz,1.59
2rfi,5,homo,1,ZN,ZN,B,501,,ZN,,1.0,4,TD,4S,6.3663395102492935,10.368955519916042,0.035645950703514326,0.08441311785479444,1.214109458759701,1.5806269543221951,No,No,No,No,,,,data/4cys-large/output/xyz_files/2rfi_ZN_homo_d2.60_cluster5.xyz,1.59
2rfi,6,homo,1,ZN,ZN,B,502,,ZN,,1.0,4,TD,4S,3.293909069308936,5.0622535238049835,0.04120883837153211,0.10405920829904902,1.2951242724054415,1.5742995353528124,No,No,No,No,,,,data/4cys-large/output/xyz_files/2rfi_ZN_homo_d2.60_cluster6.xyz,1.59
2rfi,7,homo,1,ZN,ZN,B,503,,ZN,,1.0,4,TD,4S,3.53318077444959,7.3403256141504585,0.016057361429563644,0.039214865528630405,1.297919344424606,1.8072053970279733,No,No,No,No,,,,data/4cys-large/output/xyz_files/2rfi_ZN_homo_d2.60_cluster7.xyz,1.59
2rfi,8,homo,1,ZN,ZN,B,504,,ZN,,1.0,4,TD_d,4S,10.325169556233936,18.188236221825093,0.2708185844609883,0.7574666996369581,1.2028237712707,1.5843049734330499,No,No,Yes,No,,,,data/4cys-large/output/xyz_files/2rfi_ZN_homo_d2.60_cluster8.xyz,1.59
2ri7,2,homo,1,ZN,ZN,A,502,,ZN,,1.0,4,TD,4S,3.655188404598842,6.477468984191987,0.021219335803790963,0.05483062494459867,1.2810702745856413,1.6302237430450401,No,No,No,No,,,,data/4cys-large/output/xyz_files/2ri7_ZN_homo_d2.60_cluster2.xyz,1.45
2riq,1,homo,1,ZN,ZN,A,1,,ZN,,1.0,4,TD,4S,7.082840579697068,15.135384205467957,0.023920818760767692,0.06382672017778868,1.2028017935315247,1.7791825647064803,No,No,No,No,,,,data/4cys-large/output/xyz_files/2riq_ZN_homo_d2.60_cluster1.xyz,1.70
2v0c,1,homo,1,ZN,ZN,A,1815,,ZN,,1.0,4,TD,4S,2.4971916433080104,4.714842976959616,0.10177562871687486,0.24431823519261853,1.285043777326474,2.08306649965527,No,No,No,No,,,,data/4cys-large/output/xyz_files/2v0c_ZN_homo_d2.60_cluster1.xyz,1.85
2v1x,1,homo,1,ZN,ZN,A,1595,,ZN,,1.0,4,TD,4S,9.842906958473518,16.027051588501124,0.022887555118097543,0.057052741768057746,1.153376447167579,1.7298422106887337,No,No,No,No,,,,data/4cys-large/output/xyz_files/2v1x_ZN_homo_d2.60_cluster1.xyz,2.00
2v1x,2,homo,1,ZN,ZN,B,1595,,ZN,,1.0,4,TD,4S,9.62616081179778,16.174185073838387,0.015151133197443281,0.042585937393079476,1.1974783249027927,1.8077104129702943,No,No,No,No,,,,data/4cys-large/output/xyz_files/2v1x_ZN_homo_d2.60_cluster2.xyz,2.00
2v9k,1,homo,1,ZN,ZN,A,1533,,ZN,,1.0,4,TD,4S,4.889570943912739,7.693436209101364,0.04156513836490394,0.11346056589311138,1.2422426288676107,1.3990208087680491,No,No,No,No,,,,data/4cys-large/output/xyz_files/2v9k_ZN_homo_d2.60_cluster1.xyz,2.00
2vnf,2,homo,1,ZN,ZN,A,1247,,ZN,,1.0,4,TD,4S,4.198502836518705,6.670535358801445,0.022141935442771057,0.059932506095684346,1.263981632575553,2.0709016670090756,No,No,No,No,,,,data/4cys-large/output/xyz_files/2vnf_ZN_homo_d2.60_cluster2.xyz,1.76
2vnf,4,homo,1,ZN,ZN,C,1248,,ZN,,1.0,4,TD,4S,4.498321044129026,8.384288266911028,0.01969379833414264,0.04985574590945108,1.2528315038274458,1.7057716256515139,No,No,No,No,,,,data/4cys-large/output/xyz_files/2vnf_ZN_homo_d2.60_cluster4.xyz,1.76
2vp7,2,homo,1,ZN,ZN,A,1400,,ZN,,1.0,4,TD_d,4S,12.538188362561728,26.86694340482748,0.15922796181994023,0.4163909511873438,1.0881476649086657,1.6257965352899015,No,No,Yes,No,,,,data/4cys-large/output/xyz_files/2vp7_ZN_homo_d2.60_cluster2.xyz,1.65
2vpb,2,homo,1,ZN,ZN,A,1401,,ZN,,1.0,4,TD,4S,3.233231036247998,4.913431781854825,0.02345334530931701,0.0656829413029607,1.3078201203899065,2.2014894306889916,No,No,No,No,,,,data/4cys-large/output/xyz_files/2vpb_ZN_homo_d2.60_cluster2.xyz,1.59
2vpe,2,homo,1,ZN,ZN,A,1401,,ZN,,1.0,4,TD,4S,5.633037000566653,9.134109821011947,0.04160157275652924,0.10662317080297878,1.2673877497380421,1.9497763067581655,No,No,No,No,,,,data/4cys-large/output/xyz_files/2vpe_ZN_homo_d2.60_cluster2.xyz,1.70
2vpe,4,homo,1,ZN,ZN,C,1399,,ZN,,1.0,4,TD,4S,6.04554002275241,10.873913759760285,0.030889831930167307,0.08431465214221179,1.2651973653348882,1.8062374572207305,No,No,No,No,,,,data/4cys-large/output/xyz_files/2vpe_ZN_homo_d2.60_cluster4.xyz,1.70
2vpg,2,homo,1,ZN,ZN,A,1401,,ZN,,1.0,4,TD,4S,5.844115621091123,10.220222370606294,0.06641198522479774,0.1721989785771849,1.2625808462268164,2.0148265573144717,No,No,No,No,,,,data/4cys-large/output/xyz_files/2vpg_ZN_homo_d2.60_cluster2.xyz,1.60
2vpg,4,homo,1,ZN,ZN,C,1400,,ZN,,1.0,4,TD,4S,6.464743561301954,12.817761922571606,0.0780397227785469,0.20863045169869388,1.2668104537451523,1.8967209286391458,No,No,No,No,,,,data/4cys-large/output/xyz_files/2vpg_ZN_homo_d2.60_cluster4.xyz,1.60
2w5y,1,homo,1,ZN,ZN,A,4970,,ZN,,1.0,4,TD,4S,2.5246070396999585,4.8762474588995275,0.1372066196821683,0.37334073704575665,1.320662122671681,2.259904194961174,No,No,No,No,,,,data/4cys-large/output/xyz_files/2w5y_ZN_homo_d2.60_cluster1.xyz,2.00
2wb0,2,homo,1,ZN,ZN,X,602,,ZN,,1.0,4,TD,4S,5.197904560823058,7.7786331344041315,0.03626006999658169,0.0961108414968832,1.2316065077714944,1.4769563285261447,No,No,No,No,,,,data/4cys-large/output/xyz_files/2wb0_ZN_homo_d2.60_cluster2.xyz,1.95
2woj,1,homo,1,ZN,ZN,A,1353,,ZN,,1.0,4,TD,4S,6.678090742185923,12.126270795025945,0.018356385646407236,0.045275671282843266,1.2499501653394858,1.9577897001544828,No,No,No,No,,,,data/4cys-large/output/xyz_files/2woj_ZN_homo_d2.60_cluster1.xyz,1.99
2woj,2,homo,1,ZN,ZN,C,1352,,ZN,,1.0,4,TD,4S,6.644760987350898,14.131987208378447,0.010052822648881665,0.028030966751478648,1.2340853347930576,1.7498460933753441,No,No,No,No,,,,data/4cys-large/output/xyz_files/2woj_ZN_homo_d2.60_cluster2.xyz,1.99
2wwz,1,homo,1,ZN,ZN,C,1694,,ZN,,1.0,4,TD,4S,8.583470951245554,15.08173972322487,0.025210195875203414,0.061783726085369306,1.2619474219924116,1.864243162858727,No,No,No,No,,,,data/4cys-large/output/xyz_files/2wwz_ZN_homo_d2.60_cluster1.xyz,1.40
2x5r,2,homo,1,ZN,ZN,A,1126,,ZN,,1.0,4,TD,4S,4.024465819347231,6.97216661268493,0.05412145657333216,0.13905722660601016,1.3162107856213794,2.022776057722319,No,No,No,No,,,,data/4cys-large/output/xyz_files/2x5r_ZN_homo_d2.60_cluster2.xyz,2.00
2x7m,2,homo,1,ZN,ZN,A,1175,,ZN,,1.0,4,TD,4S,2.271155149505089,4.817713244573653,0.005995298198111717,0.015882417822408623,1.2733836175722795,1.9307613674556678,No,No,No,No,,,,data/4cys-large/output/xyz_files/2x7m_ZN_homo_d2.60_cluster2.xyz,1.50
2xb1,2,homo,1,ZN,ZN,A,402,,ZN,,1.0,4,TD,4S,4.056228144877212,7.791856764254817,0.03264648179743597,0.07490278957328744,1.2919076447960554,2.110251856628464,No,No,No,No,,,,data/4cys-large/output/xyz_files/2xb1_ZN_homo_d2.60_cluster2.xyz,1.90
2xb1,4,homo,1,ZN,ZN,C,402,,ZN,,1.0,4,TD,4S,3.88567275706018,7.381346393232604,0.039892020238718975,0.09684213115505846,1.2977578668269476,2.137129474710275,No,No,No,No,,,,data/4cys-large/output/xyz_files/2xb1_ZN_homo_d2.60_cluster4.xyz,1.90
2xeu,1,homo,1,ZN,ZN,A,1065,,ZN,,1.0,4,TD,4S,7.731871145778305,14.9347756723093,0.012799551525977735,0.03419364789311352,1.2304064592847836,1.8355575256020755,No,No,No,No,,,,data/4cys-large/output/xyz_files/2xeu_ZN_homo_d2.60_cluster1.xyz,1.50
2xig,3,homo,1,ZN,ZN,A,1151,,ZN,,1.0,4,TD,4S,3.6153575439685426,5.534136400759124,0.027704962546687,0.06911553534046488,1.2834138954144736,1.727244695933611,No,No,No,No,,,,data/4cys-large/output/xyz_files/2xig_ZN_homo_d2.60_cluster3.xyz,1.85
2xig,6,homo,1,ZN,ZN,B,1152,,ZN,,1.0,4,TD,4S,6.493969832318943,9.067745722562918,0.09439938590109202,0.2355847351836169,1.1833439754820136,1.6897839382545485,No,No,No,No,,,,data/4cys-large/output/xyz_files/2xig_ZN_homo_d2.60_cluster6.xyz,1.85
2xig,8,homo,1,ZN,ZN,C,1152,,ZN,,1.0,4,TD,4S,2.7094816342899746,5.18747032622538,0.04188579289472595,0.11777869009723929,1.3052652422664257,1.8814262269529287,No,No,No,No,,,,data/4cys-large/output/xyz_files/2xig_ZN_homo_d2.60_cluster8.xyz,1.85
2xig,10,homo,1,ZN,ZN,D,1149,,ZN,,1.0,4,TD,4S,4.180067338931221,6.663156318916009,0.05303392497216444,0.1417479876890626,1.27435681846974,1.6219383026718517,No,No,No,No,,,,data/4cys-large/output/xyz_files/2xig_ZN_homo_d2.60_cluster10.xyz,1.85
2xoc,2,homo,1,ZN,ZN,A,992,,ZN,,1.0,4,TD,4S,7.2339120857677655,13.00567097569153,0.026922956676291993,0.06026932264541385,1.2451844079747751,1.4723117275201993,No,No,No,No,,,,data/4cys-large/output/xyz_files/2xoc_ZN_homo_d2.60_cluster2.xyz,1.89
2xoc,3,homo,1,ZN,ZN,A,993,,ZN,,1.0,4,TD,4S,3.2481601709378056,4.756415453409943,0.030310781590282627,0.08363959767028861,1.331814168605764,2.032529580293148,No,No,No,No,,,,data/4cys-large/output/xyz_files/2xoc_ZN_homo_d2.60_cluster3.xyz,1.89
2xoc,4,homo,1,ZN,ZN,A,994,,ZN,,1.0,4,TD,4S,3.8799388211715824,6.280568184616115,0.03479384612721089,0.09182382568424252,1.310348103236106,1.9608231044415014,No,No,No,No,,,,data/4cys-large/output/xyz_files/2xoc_ZN_homo_d2.60_cluster4.xyz,1.89
2xoc,7,homo,1,ZN,ZN,B,992,,ZN,,1.0,4,TD,4S,8.024195187611644,14.261370347279083,0.03931124965738719,0.09725362416431738,1.2133895928004985,1.494098134087412,No,No,No,No,,,,data/4cys-large/output/xyz_files/2xoc_ZN_homo_d2.60_cluster7.xyz,1.89
2xoc,8,homo,1,ZN,ZN,B,993,,ZN,,1.0,4,TD,4S,3.3482809305923458,5.930602789548416,0.06930619511472044,0.18169151846399023,1.303648966110951,1.8493086767768983,No,No,No,No,,,,data/4cys-large/output/xyz_files/2xoc_ZN_homo_d2.60_cluster8.xyz,1.89
2xoc,9,homo,1,ZN,ZN,B,994,,ZN,,1.0,4,TD,4S,4.497320588341207,6.6096739605285535,0.02752290823203499,0.0772855904569063,1.2814112238686495,1.6058684879917489,No,No,No,No,,,,data/4cys-large/output/xyz_files/2xoc_ZN_homo_d2.60_cluster9.xyz,1.89
2xp0,2,homo,1,ZN,ZN,A,992,,ZN,,1.0,4,TD,4S,7.211089217015514,12.373196374341333,0.0471224833894614,0.12441586857582632,1.2268905440272184,1.4436027221273295,No,No,No,No,,,,data/4cys-large/output/xyz_files/2xp0_ZN_homo_d2.60_cluster2.xyz,1.98
2xp0,3,homo,1,ZN,ZN,A,993,,ZN,,1.0,4,TD,4S,2.9159628542521943,4.231359879746137,0.04932437596415708,0.13641569150759825,1.3208772304074434,1.942959872230433,No,No,No,No,,,,data/4cys-large/output/xyz_files/2xp0_ZN_homo_d2.60_cluster3.xyz,1.98
2xp0,4,homo,1,ZN,ZN,A,994,,ZN,,1.0,4,TD,4S,4.432999537130624,7.953818521607332,0.03373009214728207,0.09392402262436539,1.2987929925143786,2.10527720787369,No,No,No,No,,,,data/4cys-large/output/xyz_files/2xp0_ZN_homo_d2.60_cluster4.xyz,1.98
2xp0,7,homo,1,ZN,ZN,B,992,,ZN,,1.0,4,TD,4S,7.486867255802281,13.723657012990586,0.03851927599307588,0.09342720598168253,1.2136951010968222,1.3807122906412208,No,No,No,No,,,,data/4cys-large/output/xyz_files/2xp0_ZN_homo_d2.60_cluster7.xyz,1.98
2xp0,8,homo,1,ZN,ZN,B,993,,ZN,,1.0,4,TD,4S,4.236054508597396,8.374686802292103,0.07719967113667138,0.2107950565412513,1.2810716613013264,1.5129338384223674,No,No,No,No,,,,data/4cys-large/output/xyz_files/2xp0_ZN_homo_d2.60_cluster8.xyz,1.98
2xp0,9,homo,1,ZN,ZN,B,994,,ZN,,1.0,4,TD,4S,3.5299325265024475,4.963828528423065,0.020032000156408884,0.05542330229241399,1.2825626486706363,1.6654826156952325,No,No,No,No,,,,data/4cys-large/output/xyz_files/2xp0_ZN_homo_d2.60_cluster9.xyz,1.98
2xue,1,homo,1,ZN,ZN,A,2000,,ZN,,1.0,4,TD,4S,7.454088458426463,9.4930340508011,0.011050696624442078,0.028583975615631196,1.209895898771756,1.6420244966202677,No,No,No,No,,,,data/4cys-large/output/xyz_files/2xue_ZN_homo_d2.60_cluster1.xyz,2.00
2xue,2,homo,1,ZN,ZN,B,2000,,ZN,,1.0,4,TD,4S,6.025977344969489,8.536212232701871,0.007799662133643882,0.019692236436275934,1.2411905923394984,1.7341067160496488,No,No,No,No,,,,data/4cys-large/output/xyz_files/2xue_ZN_homo_d2.60_cluster2.xyz,2.00
2xyq,2,homo,1,ZN,ZN,B,1133,,ZN,,1.0,4,TD,4S,5.067189190602629,8.031976892696406,0.14164899551300753,0.3688797738296974,1.2956734014188953,1.8633696965733932,No,No,No,No,,,,data/4cys-large/output/xyz_files/2xyq_ZN_homo_d2.60_cluster2.xyz,2.00
2xzf,1,homo,1,ZN,ZN,A,300,,ZN,,1.0,4,TD,4S,5.772415239402387,12.108728342675462,0.04446220000753715,0.1097469016181245,1.2136149512576222,1.8609253572554352,No,No,No,No,,,,data/4cys-large/output/xyz_files/2xzf_ZN_homo_d2.60_cluster1.xyz,1.80
2xzu,1,homo,1,ZN,ZN,A,300,,ZN,,1.0,4,TD,4S,5.480728372323742,10.982553975830498,0.07495640326676743,0.18303984388440142,1.1988656238564197,1.8919888324086682,No,No,No,No,,,,data/4cys-large/output/xyz_files/2xzu_ZN_homo_d2.60_cluster1.xyz,1.82
2y1n,1,homo,1,ZN,ZN,A,1436,,ZN,,1.0,4,TD,4S,5.635518445568816,8.153554971356073,0.07153376846761421,0.17553629579661845,1.2459591833738541,1.869183544088485,No,No,No,No,,,,data/4cys-large/output/xyz_files/2y1n_ZN_homo_d2.60_cluster1.xyz,2.00
2y1n,3,homo,1,ZN,ZN,C,1436,,ZN,,1.0,4,TD,4S,4.471243495978414,5.183431055312695,0.07239780614301167,0.1823483171169742,1.2709848422825778,1.6457517785376163,No,No,No,No,,,,data/4cys-large/output/xyz_files/2y1n_ZN_homo_d2.60_cluster3.xyz,2.00
2y43,2,homo,1,ZN,ZN,A,1098,,ZN,,1.0,4,TD,4S,4.115397902539871,7.776901485427047,0.05378797996237165,0.14514458873735014,1.2785378952821267,1.665304549344142,No,No,No,No,,,,data/4cys-large/output/xyz_files/2y43_ZN_homo_d2.60_cluster2.xyz,1.80
2y43,4,homo,1,ZN,ZN,B,1097,,ZN,,1.0,4,TD,4S,5.743339266636931,10.147302360166051,0.04288346204439097,0.10702240805971241,1.2960870193991787,2.0099201102354685,No,No,No,No,,,,data/4cys-large/output/xyz_files/2y43_ZN_homo_d2.60_cluster4.xyz,1.80
2y69,1,homo,1,ZN,ZN,F,1097,,ZN,,1.0,4,TD,4S,3.318407337473063,7.31016029828082,0.02922641206077664,0.07147020737206766,1.291610612584763,1.9037852646588038,No,No,No,No,,,,data/4cys-large/output/xyz_files/2y69_ZN_homo_d2.60_cluster1.xyz,1.95
2y69,2,homo,1,ZN,ZN,S,1097,,ZN,,1.0,4,TD,4S,2.9711555857413705,6.302443863244392,0.02171719405104409,0.0552533810156004,1.296670024555696,1.3156053085157509,No,No,No,No,,,,data/4cys-large/output/xyz_files/2y69_ZN_homo_d2.60_cluster2.xyz,1.95
2yww,2,homo,1,ZN,ZN,A,504,,ZN,,1.0,4,TD,4S,5.634856698028482,10.788816539422115,0.045900342204382896,0.11969456621696617,1.2824278151425066,1.9489767608294086,No,No,No,No,,,,data/4cys-large/output/xyz_files/2yww_ZN_homo_d2.60_cluster2.xyz,2.00
2yww,4,homo,1,ZN,ZN,B,503,,ZN,,1.0,4,TD,4S,3.933940437541818,6.747264029142656,0.033551440198503056,0.09111679143580442,1.2919828837127616,1.8667444124419719,No,No,No,No,,,,data/4cys-large/output/xyz_files/2yww_ZN_homo_d2.60_cluster4.xyz,2.00
3a9j,1,homo,1,ZN,ZN,C,1,,ZN,,1.0,4,TD,4S,8.733229765875803,15.170259401021426,0.03417095108155631,0.07598384720793305,1.2471836293961143,1.750877847228774,No,No,No,No,,,,data/4cys-large/output/xyz_files/3a9j_ZN_homo_d2.60_cluster1.xyz,1.18
3a9k,1,homo,1,ZN,ZN,C,1,,ZN,,1.0,4,TD,4S,9.240563741747929,16.05918842802427,0.0516151037418801,0.11490024330174409,1.2333279892208668,1.7441384202950538,No,No,No,No,,,,data/4cys-large/output/xyz_files/3a9k_ZN_homo_d2.60_cluster1.xyz,1.40
3abk,1,homo,1,ZN,ZN,F,99,,ZN,,1.0,4,TD,4S,3.660948651097966,6.554515514943461,0.053453600449524734,0.13579550063360957,1.2709092287276222,1.791220699828778,No,No,No,No,,,,data/4cys-large/output/xyz_files/3abk_ZN_homo_d2.60_cluster1.xyz,2.00
3abk,2,homo,1,ZN,ZN,S,99,,ZN,,1.0,4,TD,4S,5.121910684279026,10.337955219102213,0.015081711908549018,0.041184026091335646,1.2757379945551028,1.730873452873455,No,No,No,No,,,,data/4cys-large/output/xyz_files/3abk_ZN_homo_d2.60_cluster2.xyz,2.00
3abm,1,homo,1,ZN,ZN,F,99,,ZN,,1.0,4,TD,4S,3.840366077808551,8.260036090831903,0.03521640364056722,0.09022443271074021,1.2877445965637784,1.573527904682836,No,No,No,No,,,,data/4cys-large/output/xyz_files/3abm_ZN_homo_d2.60_cluster1.xyz,1.95
3abm,2,homo,1,ZN,ZN,S,99,,ZN,,1.0,4,TD,4S,3.1639706104393697,6.140533087361476,0.01996804283870101,0.051944184991367326,1.3104386319295271,1.8212682794081536,No,No,No,No,,,,data/4cys-large/output/xyz_files/3abm_ZN_homo_d2.60_cluster2.xyz,1.95
3ag2,1,homo,1,ZN,ZN,F,101,,ZN,,1.0,4,TD,4S,3.8656394870141977,7.64811596427046,0.03605721241013245,0.09876139103431214,1.272050227386115,1.957947785850966,No,No,No,No,,,,data/4cys-large/output/xyz_files/3ag2_ZN_homo_d2.60_cluster1.xyz,1.80
3ag2,2,homo,1,ZN,ZN,S,101,,ZN,,1.0,4,TD,4S,3.6729619051040214,6.897374138575557,0.023348123295275892,0.06323494127311591,1.3125304390640733,1.7915502310517153,No,No,No,No,,,,data/4cys-large/output/xyz_files/3ag2_ZN_homo_d2.60_cluster2.xyz,1.80
3ag3,1,homo,1,ZN,ZN,F,99,,ZN,,1.0,4,TD,4S,3.406067036949984,6.751812195703181,0.02796905236375401,0.07678026136606375,1.2865257694148926,1.7281327754071016,No,No,No,No,,,,data/4cys-large/output/xyz_files/3ag3_ZN_homo_d2.60_cluster1.xyz,1.80
3ag3,2,homo,1,ZN,ZN,S,99,,ZN,,1.0,4,TD,4S,3.924213490085105,7.566782056248869,0.027391266739388995,0.0774366551608372,1.284614611685093,1.5745832103679063,No,No,No,No,,,,data/4cys-large/output/xyz_files/3ag3_ZN_homo_d2.60_cluster2.xyz,1.80
3aii,1,homo,1,ZN,ZN,A,1001,,ZN,,1.0,4,TD,4S,4.36468140297312,6.382558689740847,0.027939627305313474,0.07481041371831099,1.3026241181032203,1.8016319111972927,No,No,No,No,,,,data/4cys-large/output/xyz_files/3aii_ZN_homo_d2.60_cluster1.xyz,1.65
3asl,1,homo,1,ZN,ZN,A,1,,ZN,,1.0,4,TD,4S,4.523300036855669,8.69738853713443,0.021756277649695444,0.05469814494505476,1.262248862641321,1.7857840943477123,No,No,No,No,,,,data/4cys-large/output/xyz_files/3asl_ZN_homo_d2.60_cluster1.xyz,1.41
3asl,3,homo,1,ZN,ZN,A,3,,ZN,,1.0,4,TD,4S,2.8140194542806025,5.075243200126835,0.021517336926505343,0.060083966748814444,1.3073747528175843,1.4346507000424007,No,No,No,No,,,,data/4cys-large/output/xyz_files/3asl_ZN_homo_d2.60_cluster3.xyz,1.41
3avr,1,homo,1,ZN,ZN,A,1502,,ZN,,1.0,4,TD,4S,4.4163017332977015,6.597117087282925,0.06034367528904577,0.16947374075304733,1.2683434167755538,1.5002167586426436,No,No,No,No,,,,data/4cys-large/output/xyz_files/3avr_ZN_homo_d2.60_cluster1.xyz,1.80
3avs,1,homo,1,ZN,ZN,A,1502,,ZN,,1.0,4,TD,4S,3.0022284667926296,5.067767329604422,0.04260866497240626,0.11803100913837383,1.307796843713286,1.8258053847915976,No,No,No,No,,,,data/4cys-large/output/xyz_files/3avs_ZN_homo_d2.60_cluster1.xyz,1.85
3b08,1,homo,1,ZN,ZN,B,1,,ZN,,1.0,4,TD,4S,8.074830040245898,14.24177384425731,0.05149164612949359,0.14378130915729992,1.2562215805731909,1.4845865591419265,No,No,No,No,,,,data/4cys-large/output/xyz_files/3b08_ZN_homo_d2.60_cluster1.xyz,1.70
3b08,2,homo,1,ZN,ZN,E,1,,ZN,,1.0,4,TD,4S,7.985616960340961,13.646372349512717,0.020994801920178396,0.05751336517333927,1.252554910408431,1.2968809924014038,No,No,No,No,,,,data/4cys-large/output/xyz_files/3b08_ZN_homo_d2.60_cluster2.xyz,1.70
3b08,3,homo,1,ZN,ZN,H,1,,ZN,,1.0,4,TD,4S,7.777286507893276,12.373492805402336,0.04088285116788071,0.10282948102976253,1.250015464706907,1.493213363700261,No,No,No,No,,,,data/4cys-large/output/xyz_files/3b08_ZN_homo_d2.60_cluster3.xyz,1.70
3b08,4,homo,1,ZN,ZN,K,1,,ZN,,1.0,4,TD,4S,7.770795194420066,12.63453448033735,0.04037859538439375,0.10724951506298108,1.248971909521743,1.5062666628244086,No,No,No,No,,,,data/4cys-large/output/xyz_files/3b08_ZN_homo_d2.60_cluster4.xyz,1.70
3b0a,1,homo,1,ZN,ZN,B,1,,ZN,,1.0,4,TD,4S,8.633825957849563,13.192975059201203,0.04623197409166512,0.11600149264282456,1.2332487810581878,1.7181028469771853,No,No,No,No,,,,data/4cys-large/output/xyz_files/3b0a_ZN_homo_d2.60_cluster1.xyz,1.90
3b0a,2,homo,1,ZN,ZN,E,1,,ZN,,1.0,4,TD,4S,7.272239528088169,11.809495229097337,0.0484205769943243,0.1285686481548023,1.2607179392464563,1.3912950507210187,No,No,No,No,,,,data/4cys-large/output/xyz_files/3b0a_ZN_homo_d2.60_cluster2.xyz,1.90
3b3m,1,homo,1,ZN,ZN,A,900,,ZN,,1.0,4,TD,4S,7.798608289571077,12.834019713981178,0.011869589362937253,0.027086597600649576,1.2208326376532672,1.8182982660446316,No,No,No,No,,,,data/4cys-large/output/xyz_files/3b3m_ZN_homo_d2.60_cluster1.xyz,1.95
3b3n,1,homo,1,ZN,ZN,A,900,,ZN,,1.0,4,TD,4S,7.311211347394419,11.343396482569943,0.016137758823511747,0.03464831834312676,1.2339272713850602,1.7502141772882946,No,No,No,No,,,,data/4cys-large/output/xyz_files/3b3n_ZN_homo_d2.60_cluster1.xyz,1.98
3bo5,1,homo,1,ZN,ZN,A,301,,ZN,,1.0,4,TD,4S,6.568754249584914,10.289777290827075,0.034091555729450974,0.09118801262683007,1.2240554725936406,1.7319676020403445,No,No,No,No,,,,data/4cys-large/output/xyz_files/3bo5_ZN_homo_d2.60_cluster1.xyz,1.59
3bo5,2,homo,1,ZN,ZN,A,302,,ZN,,1.0,4,TD,4S,2.670658324602883,4.306999242311534,0.03278337840705671,0.06603199228820911,1.299025524374668,1.587598489555339,No,No,No,No,,,,data/4cys-large/output/xyz_files/3bo5_ZN_homo_d2.60_cluster2.xyz,1.59
3bo5,3,homo,1,ZN,ZN,A,303,,ZN,,1.0,4,TD,4S,3.6081339765725673,5.460864808423906,0.04844791750591037,0.13439947645976025,1.3113461704374645,1.917566748988635,No,No,No,No,,,,data/4cys-large/output/xyz_files/3bo5_ZN_homo_d2.60_cluster3.xyz,1.59
3bo5,4,homo,1,ZN,ZN,A,304,,ZN,,1.0,4,TD,4S,3.2040834335522934,4.916298614320894,0.05805847732579117,0.14158459520439592,1.2861702464465155,1.7009695798210895,No,No,No,No,,,,data/4cys-large/output/xyz_files/3bo5_ZN_homo_d2.60_cluster4.xyz,1.59
3bto,2,homo,1,ZN,ZN,A,376,,ZN,,1.0,4,TD,4S,5.916453853665841,9.624030374691756,0.022043998524400178,0.060682973721589484,1.1966071902146656,1.3945797754579083,No,No,No,No,,,,data/4cys-large/output/xyz_files/3bto_ZN_homo_d2.60_cluster2.xyz,1.66
3bto,4,homo,1,ZN,ZN,B,376,,ZN,,1.0,4,TD,4S,5.901130797519746,10.314701019431809,0.02439548183146626,0.06886838794037509,1.2137843655455998,1.4009227615610935,No,No,No,No,,,,data/4cys-large/output/xyz_files/3bto_ZN_homo_d2.60_cluster4.xyz,1.66
3bto,6,homo,1,ZN,ZN,C,376,,ZN,,1.0,4,TD,4S,6.31782009457245,9.715629645836529,0.11975206633768147,0.3248298373379397,1.1463371243467582,1.669968919736097,No,No,No,No,,,,data/4cys-large/output/xyz_files/3bto_ZN_homo_d2.60_cluster6.xyz,1.66
3bto,8,homo,1,ZN,ZN,D,376,,ZN,,1.0,4,TD,4S,6.341307227107059,10.73748821702685,0.04139055871865534,0.10559675227632104,1.1938742326411476,1.4820140608335195,No,No,No,No,,,,data/4cys-large/output/xyz_files/3bto_ZN_homo_d2.60_cluster8.xyz,1.66
3c58,1,homo,1,ZN,ZN,A,401,,ZN,,1.0,4,TD,4S,6.325648623222298,13.05261130800595,0.08508908412321337,0.23746791034411485,1.2049628431790738,1.9059341386570001,No,No,No,No,,,,data/4cys-large/output/xyz_files/3c58_ZN_homo_d2.60_cluster1.xyz,1.90
3c6w,2,homo,1,ZN,ZN,A,2,,ZN,,1.0,4,TD,4S,3.590868401849619,5.01576412611935,0.010712196253592408,0.02984079539605977,1.2743756872988699,2.1448523226423286,No,No,No,No,,,,data/4cys-large/output/xyz_files/3c6w_ZN_homo_d2.60_cluster2.xyz,1.75
3c6w,4,homo,1,ZN,ZN,C,4,,ZN,,1.0,4,TD,4S,3.5625779317026414,4.9666893348088195,0.019206430171541274,0.05192134269251847,1.2705816211268797,2.159164789227101,No,No,No,No,,,,data/4cys-large/output/xyz_files/3c6w_ZN_homo_d2.60_cluster4.xyz,1.75
3cbb,1,homo,1,ZN,ZN,A,1001,,ZN,,1.0,4,TD,4S,3.9402753226193776,6.174251131881036,0.04844309767092277,0.12009863672334076,1.2836419825192797,1.8611957105303056,No,No,No,No,,,,data/4cys-large/output/xyz_files/3cbb_ZN_homo_d2.60_cluster1.xyz,2.00
3cbb,2,homo,1,ZN,ZN,A,1002,,ZN,,1.0,4,TD,4S,7.627167645080168,11.781164265737218,0.021167720943129784,0.05245674668541511,1.267044905126682,1.8184098704181624,No,No,No,No,,,,data/4cys-large/output/xyz_files/3cbb_ZN_homo_d2.60_cluster2.xyz,2.00
3cbb,3,homo,1,ZN,ZN,B,2001,,ZN,,1.0,4,TD,4S,3.334782094837144,5.010408352287939,0.018557468398441853,0.047832576920050496,1.3065636246904722,1.539994829462628,No,No,No,No,,,,data/4cys-large/output/xyz_files/3cbb_ZN_homo_d2.60_cluster3.xyz,2.00
3cbb,4,homo,1,ZN,ZN,B,2002,,ZN,,1.0,4,TD,4S,4.112304898488155,6.370449901949073,0.047831700582941145,0.13206975552864364,1.3123413300807036,1.426973494336017,No,No,No,No,,,,data/4cys-large/output/xyz_files/3cbb_ZN_homo_d2.60_cluster4.xyz,2.00
3cng,1,homo,1,ZN,ZN,A,508,,ZN,,1.0,4,TD,4S,8.344709923590134,14.606452585306116,0.06768846795472691,0.1666863483997103,1.2288756268055694,1.974367128722278,No,No,No,No,,,,data/4cys-large/output/xyz_files/3cng_ZN_homo_d2.60_cluster1.xyz,2.00
3cng,2,homo,1,ZN,ZN,B,509,,ZN,,1.0,4,TD,4S,6.554261265976741,8.752958269845578,0.08159746008573199,0.21604484108528954,1.2323768581164347,1.5453260717313058,No,No,No,No,,,,data/4cys-large/output/xyz_files/3cng_ZN_homo_d2.60_cluster2.xyz,2.00
3cng,3,homo,1,ZN,ZN,C,510,,ZN,,1.0,4,TD,4S,6.9780991177161615,13.587089957969354,0.06320483951061784,0.14609357418964297,1.1962414771781986,1.7794796851592467,No,No,No,No,,,,data/4cys-large/output/xyz_files/3cng_ZN_homo_d2.60_cluster3.xyz,2.00
3cng,4,homo,1,ZN,ZN,D,511,,ZN,,1.0,4,TD,4S,3.1113212475836223,5.062667901379996,0.053470217754327296,0.14380466476722642,1.2790231177629627,1.929733729234803,No,No,No,No,,,,data/4cys-large/output/xyz_files/3cng_ZN_homo_d2.60_cluster4.xyz,2.00
3cxk,1,homo,1,ZN,ZN,A,201,,ZN,,1.0,4,TD,4S,4.521805641245056,7.119711067485184,0.044926944887690556,0.11802041807180697,1.2717153078117038,1.5165425254292317,No,No,No,No,,,,data/4cys-large/output/xyz_files/3cxk_ZN_homo_d2.60_cluster1.xyz,1.70
3cxk,2,homo,1,ZN,ZN,B,201,,ZN,,1.0,4,TD,4S,4.201784375578339,7.156802076456387,0.019316874912907928,0.05366584963788856,1.2727558626471764,1.559838034910259,No,No,No,No,,,,data/4cys-large/output/xyz_files/3cxk_ZN_homo_d2.60_cluster2.xyz,1.70
3d00,1,homo,1,ZN,ZN,A,200,,ZN,,1.0,4,TD,4S,2.2266795332892957,2.998437543341197,0.04725272287215563,0.10610055663771734,1.385197322201313,2.098743905155492,No,No,No,No,,,,data/4cys-large/output/xyz_files/3d00_ZN_homo_d2.60_cluster1.xyz,1.90
3d4b,1,homo,1,ZN,ZN,A,1001,,ZN,,1.0,4,TD,4S,7.995716283599442,14.203997593924854,0.08764240123430334,0.23720707719721457,1.2115670382562211,1.691401672679496,No,No,No,No,,,,data/4cys-large/output/xyz_files/3d4b_ZN_homo_d2.60_cluster1.xyz,1.90
3dgl,1,homo,1,ZN,ZN,A,80,,ZN,,1.0,4,TD,4S,5.045532588772686,8.890786677739044,0.02242608132284387,0.06268982450733818,1.277806081218486,1.948567338236656,No,No,No,No,,,,data/4cys-large/output/xyz_files/3dgl_ZN_homo_d2.60_cluster1.xyz,1.80
3eb5,1,homo,1,ZN,ZN,A,1001,,ZN,,1.0,4,TD,4S,6.40193908743412,9.228191385628264,0.13304101025845233,0.3428930707672606,1.203379325719163,1.8657814021314454,No,No,No,No,,,,data/4cys-large/output/xyz_files/3eb5_ZN_homo_d2.60_cluster1.xyz,2.00
3eh1,1,homo,1,ZN,ZN,A,1269,,ZN,,1.0,4,TD,4S,7.726733575320039,11.443841481004227,0.0306324401740529,0.07984842554442828,1.23370923860268,1.5185624801443243,No,No,No,No,,,,data/4cys-large/output/xyz_files/3eh1_ZN_homo_d2.60_cluster1.xyz,1.80
3eqt,1,homo,1,ZN,ZN,A,1,,ZN,,1.0,4,TD,4S,3.591344288237902,7.726333581190886,0.06495515338631044,0.17768247769684553,1.302703268536401,1.7150839489596315,No,No,No,No,,,,data/4cys-large/output/xyz_files/3eqt_ZN_homo_d2.60_cluster1.xyz,2.00
3eqt,2,homo,1,ZN,ZN,B,2,,ZN,,1.0,4,TD,4S,10.129754621470678,17.29976327152292,0.07978902728129313,0.20974666769913863,1.2585837052046136,1.7251982177180503,No,No,No,No,,,,data/4cys-large/output/xyz_files/3eqt_ZN_homo_d2.60_cluster2.xyz,2.00
3fc3,1,homo,1,ZN,ZN,A,301,,ZN,,0.9,4,TD,4S,4.088824093658777,8.069728608997224,0.026940295215948255,0.06552219879298882,1.2697870847360897,1.3689683396485974,No,No,No,No,,,,data/4cys-large/output/xyz_files/3fc3_ZN_homo_d2.60_cluster1.xyz,1.75
3fc3,2,homo,1,ZN,ZN,A,302,,ZN,,0.9,4,TD,4S,5.135099026125522,6.8062871753760135,0.021651583690818196,0.06093433743125187,1.2684093327265367,1.792577192910155,No,No,No,No,,,,data/4cys-large/output/xyz_files/3fc3_ZN_homo_d2.60_cluster2.xyz,1.75
3fc3,3,homo,1,ZN,ZN,B,303,,ZN,,0.8,4,TD,4S,4.083524140280843,6.741944387216066,0.04084278891146595,0.09925065961929525,1.2700171345844304,1.407112099037063,No,No,No,No,,,,data/4cys-large/output/xyz_files/3fc3_ZN_homo_d2.60_cluster3.xyz,1.75
3fc3,4,homo,1,ZN,ZN,B,304,,ZN,,0.9,4,TD,4S,5.162939104165162,7.089080249214504,0.047173177801699544,0.11847544719781533,1.266860123611282,1.8336331076339774,No,No,No,No,,,,data/4cys-large/output/xyz_files/3fc3_ZN_homo_d2.60_cluster4.xyz,1.75
3feh,1,homo,1,ZN,ZN,A,375,,ZN,,1.0,4,TD,4S,4.8119425723076015,7.062204075258194,0.02223838903732284,0.06001992816696733,1.2366211362848447,1.5281969808207674,No,No,No,No,,,,data/4cys-large/output/xyz_files/3feh_ZN_homo_d2.60_cluster1.xyz,1.90
3fl2,1,homo,1,ZN,ZN,A,1001,,ZN,,1.0,4,TD,4S,4.126566053990994,6.57593621489562,0.017160211538687783,0.04397685933888429,1.3034174204268403,1.8461294022384782,No,No,No,No,,,,data/4cys-large/output/xyz_files/3fl2_ZN_homo_d2.60_cluster1.xyz,1.75
3fqm,1,homo,1,ZN,ZN,A,901,,ZN,,1.0,4,TD,4S,4.534951767002724,7.716842074899148,0.08451949420414606,0.23409908949434888,1.2635916168622965,1.9740703875698518,No,No,No,No,,,,data/4cys-large/output/xyz_files/3fqm_ZN_homo_d2.60_cluster1.xyz,1.90
3fyl,1,homo,1,ZN,ZN,A,526,,ZN,,0.56,4,TD,4S,3.715955966416717,5.710828986647826,0.06360946853585378,0.16636641122392248,1.257103815313106,1.9935213963411698,No,No,No,No,,,,data/4cys-large/output/xyz_files/3fyl_ZN_homo_d2.60_cluster1.xyz,1.63
3fyl,2,homo,1,ZN,ZN,A,527,,ZN,,0.64,4,TD,4S,4.619305684546034,8.092638721694712,0.04916531358394512,0.1380382834314755,1.2343065111832163,1.8247183473602167,No,No,No,No,,,,data/4cys-large/output/xyz_files/3fyl_ZN_homo_d2.60_cluster2.xyz,1.63
3fyl,3,homo,1,ZN,ZN,B,526,,ZN,,1.0,4,TD,4S,2.945240811902635,5.1680576867239125,0.03281823703900971,0.08577875028760218,1.2808625319789644,1.9587781412408116,No,No,No,No,,,,data/4cys-large/output/xyz_files/3fyl_ZN_homo_d2.60_cluster3.xyz,1.63
3fyl,4,homo,1,ZN,ZN,B,527,,ZN,,1.0,4,TD,4S,2.538322944432665,4.423285002691969,0.07147210380639925,0.19900472407512737,1.266826776509501,1.8850210874448468,No,No,No,No,,,,data/4cys-large/output/xyz_files/3fyl_ZN_homo_d2.60_cluster4.xyz,1.63
3g6p,1,homo,1,ZN,ZN,A,1514,,ZN,,1.0,4,TD,4S,5.788175224341981,10.216219688143553,0.03865187803932508,0.09904046621387819,1.24884110185764,1.8548525321981157,No,No,No,No,,,,data/4cys-large/output/xyz_files/3g6p_ZN_homo_d2.60_cluster1.xyz,1.99
3g6p,2,homo,1,ZN,ZN,A,1515,,ZN,,1.0,4,TD,4S,4.360510730799581,6.966491349441057,0.05040979003263796,0.13714135536046346,1.2571591375444418,1.7525272799669351,No,No,No,No,,,,data/4cys-large/output/xyz_files/3g6p_ZN_homo_d2.60_cluster2.xyz,1.99
3g6p,3,homo,1,ZN,ZN,B,1512,,ZN,,1.0,4,TD,4S,7.103391516185252,10.999774879219828,0.05055883342638903,0.13019990280956417,1.2338683157350732,1.7360148315084207,No,No,No,No,,,,data/4cys-large/output/xyz_files/3g6p_ZN_homo_d2.60_cluster3.xyz,1.99
3g6p,4,homo,1,ZN,ZN,B,1513,,ZN,,1.0,4,TD,4S,4.370403219796781,7.845620489696941,0.03211610872567387,0.08631084404466849,1.25299373186169,1.9188999457831306,No,No,No,No,,,,data/4cys-large/output/xyz_files/3g6p_ZN_homo_d2.60_cluster4.xyz,1.99
3g6t,1,homo,1,ZN,ZN,A,527,,ZN,,1.0,4,TD,4S,3.997757369635001,6.829138732893995,0.06039931731925651,0.16650106877795245,1.260955557617996,1.5858404602358434,No,No,No,No,,,,data/4cys-large/output/xyz_files/3g6t_ZN_homo_d2.60_cluster1.xyz,1.90
3g6t,2,homo,1,ZN,ZN,A,528,,ZN,,1.0,4,TD,4S,3.779835113902964,5.801247100276882,0.0643998521443407,0.17413242551222963,1.2830287527144533,1.955093032117877,No,No,No,No,,,,data/4cys-large/output/xyz_files/3g6t_ZN_homo_d2.60_cluster2.xyz,1.90
3g6t,3,homo,1,ZN,ZN,B,527,,ZN,,1.0,4,TD,4S,4.592049376118651,6.968614024133046,0.04983001046451017,0.12509571219808313,1.2899118466041568,1.9179003932164003,No,No,No,No,,,,data/4cys-large/output/xyz_files/3g6t_ZN_homo_d2.60_cluster3.xyz,1.90
3g6t,4,homo,1,ZN,ZN,B,528,,ZN,,1.0,4,TD,4S,4.716509262427277,8.066381524900379,0.04991384066012916,0.13216244794296772,1.2543480045276418,1.7964246504853043,No,No,No,No,,,,data/4cys-large/output/xyz_files/3g6t_ZN_homo_d2.60_cluster4.xyz,1.90
3g6u,1,homo,1,ZN,ZN,A,526,,ZN,,1.0,4,TD,4S,2.7929135507276954,5.878692135677667,0.0320156916585807,0.07938513101877476,1.2734859422820992,1.7343076816896226,No,No,No,No,,,,data/4cys-large/output/xyz_files/3g6u_ZN_homo_d2.60_cluster1.xyz,1.90
3g6u,2,homo,1,ZN,ZN,A,527,,ZN,,1.0,4,TD,4S,3.8780715989649654,5.552034928462987,0.008509887215010142,0.0233517900421516,1.3039171998417276,1.9443347427975488,No,No,No,No,,,,data/4cys-large/output/xyz_files/3g6u_ZN_homo_d2.60_cluster2.xyz,1.90
3g6u,3,homo,1,ZN,ZN,B,526,,ZN,,1.0,4,TD,4S,8.639814650293422,15.647246879921994,0.03600497099478385,0.09129239164968217,1.1919003980126819,1.5940529163162411,No,No,No,No,,,,data/4cys-large/output/xyz_files/3g6u_ZN_homo_d2.60_cluster3.xyz,1.90
3g6u,4,homo,1,ZN,ZN,B,527,,ZN,,1.0,4,TD,4S,3.259997373411475,4.539627682100559,0.04155691776315623,0.11065036970354658,1.2714634660049005,1.8617815905671296,No,No,No,No,,,,data/4cys-large/output/xyz_files/3g6u_ZN_homo_d2.60_cluster4.xyz,1.90
3g8u,1,homo,1,ZN,ZN,A,526,,ZN,,1.0,4,TD,4S,3.19735854673819,5.1593394603509495,0.06181733144872257,0.17472400015566558,1.2852876818371473,1.582904161452058,No,No,No,No,,,,data/4cys-large/output/xyz_files/3g8u_ZN_homo_d2.60_cluster1.xyz,1.90
3g8u,2,homo,1,ZN,ZN,A,527,,ZN,,1.0,4,TD,4S,4.881364479846076,7.719767377515723,0.06917679346035038,0.1891887433381334,1.259335713422657,1.821074204078184,No,No,No,No,,,,data/4cys-large/output/xyz_files/3g8u_ZN_homo_d2.60_cluster2.xyz,1.90
3g8u,3,homo,1,ZN,ZN,B,526,,ZN,,1.0,4,TD,4S,13.864019372235333,24.581781268548582,0.12538490566820734,0.3327895279636621,1.1580049415473892,1.6125940058935884,No,No,No,No,,,,data/4cys-large/output/xyz_files/3g8u_ZN_homo_d2.60_cluster3.xyz,1.90
3g8u,4,homo,1,ZN,ZN,B,527,,ZN,,1.0,4,TD,4S,2.8400167621997183,4.379064368152939,0.06880968025576918,0.15971094668918262,1.2568440414255961,1.8334134751352364,No,No,No,No,,,,data/4cys-large/output/xyz_files/3g8u_ZN_homo_d2.60_cluster4.xyz,1.90
3g99,1,homo,1,ZN,ZN,A,526,,ZN,,1.0,4,TD,4S,3.3458031869137246,5.278713866951662,0.08766947698773965,0.24636777893234063,1.2441841778380773,1.9016950420810947,No,No,No,No,,,,data/4cys-large/output/xyz_files/3g99_ZN_homo_d2.60_cluster1.xyz,1.81
3g99,2,homo,1,ZN,ZN,A,527,,ZN,,1.0,4,TD,4S,4.041073929506818,7.17851911418893,0.08042928422089268,0.2220255054522693,1.22497732477856,1.786016928583443,No,No,No,No,,,,data/4cys-large/output/xyz_files/3g99_ZN_homo_d2.60_cluster2.xyz,1.81
3g99,3,homo,1,ZN,ZN,B,526,,ZN,,1.0,4,TD,4S,5.364047933734413,11.18772188567047,0.04860641548320823,0.11442446645587134,1.1877519726280006,1.6992872850903753,No,No,No,No,,,,data/4cys-large/output/xyz_files/3g99_ZN_homo_d2.60_cluster3.xyz,1.81
3g99,4,homo,1,ZN,ZN,B,527,,ZN,,1.0,4,TD,4S,3.8619324908626527,6.698691252997563,0.11424040538550291,0.2777186819593722,1.248778110941307,2.0017199782510566,No,No,No,No,,,,data/4cys-large/output/xyz_files/3g99_ZN_homo_d2.60_cluster4.xyz,1.81
3g9i,1,homo,1,ZN,ZN,A,526,,ZN,,1.0,4,TD,4S,4.299080869370108,7.05662322087818,0.046889770917104404,0.12258850761934514,1.2416575261930654,1.5562458669399029,No,No,No,No,,,,data/4cys-large/output/xyz_files/3g9i_ZN_homo_d2.60_cluster1.xyz,1.85
3g9i,2,homo,1,ZN,ZN,A,527,,ZN,,1.0,4,TD,4S,4.025176442621709,6.852836420414064,0.05562088048943729,0.1332581860722688,1.2424626898845075,1.824850611365861,No,No,No,No,,,,data/4cys-large/output/xyz_files/3g9i_ZN_homo_d2.60_cluster2.xyz,1.85
3g9i,3,homo,1,ZN,ZN,B,526,,ZN,,1.0,4,TD,4S,3.646200251100401,6.300531771344282,0.03012585184727657,0.07986141513685219,1.2588614642882667,1.625921358336984,No,No,No,No,,,,data/4cys-large/output/xyz_files/3g9i_ZN_homo_d2.60_cluster3.xyz,1.85
3g9i,4,homo,1,ZN,ZN,B,527,,ZN,,1.0,4,TD,4S,4.168700098044458,7.140608463940509,0.0708371728735192,0.19324446783121685,1.2395847663331219,1.8184569966009245,No,No,No,No,,,,data/4cys-large/output/xyz_files/3g9i_ZN_homo_d2.60_cluster4.xyz,1.85
3g9m,1,homo,1,ZN,ZN,A,526,,ZN,,1.0,4,TD,4S,3.360719856860285,5.574989618539746,0.013761125942197024,0.03778249279151025,1.2628156746215418,1.70368176153598,No,No,No,No,,,,data/4cys-large/output/xyz_files/3g9m_ZN_homo_d2.60_cluster1.xyz,1.61
3g9m,2,homo,1,ZN,ZN,A,527,,ZN,,1.0,4,TD,4S,3.7973477602603745,5.701462037576633,0.04144260314569514,0.10522648331889206,1.2800798042787005,1.993655802203528,No,No,No,No,,,,data/4cys-large/output/xyz_files/3g9m_ZN_homo_d2.60_cluster2.xyz,1.61
3g9m,3,homo,1,ZN,ZN,B,526,,ZN,,1.0,4,TD,4S,4.32914612725484,7.278886508347597,0.06990881415868667,0.17170805014452695,1.2684611738427711,1.5618859279013355,No,No,No,No,,,,data/4cys-large/output/xyz_files/3g9m_ZN_homo_d2.60_cluster3.xyz,1.61
3g9m,4,homo,1,ZN,ZN,B,527,,ZN,,1.0,4,TD,4S,3.085202926779055,5.020976906286492,0.03574325761393413,0.09055336533522551,1.2885908977583425,1.8358419773690726,No,No,No,No,,,,data/4cys-large/output/xyz_files/3g9m_ZN_homo_d2.60_cluster4.xyz,1.61
3g9o,1,homo,1,ZN,ZN,B,526,,ZN,,1.0,4,TD,4S,3.2637573504191266,4.883104556486444,0.0458546666217839,0.10466175897494745,1.2595829940355079,1.8790135833430401,No,No,No,No,,,,data/4cys-large/output/xyz_files/3g9o_ZN_homo_d2.60_cluster1.xyz,1.65
3g9o,2,homo,1,ZN,ZN,B,527,,ZN,,1.0,4,TD,4S,3.6784764309447984,6.114338672076556,0.03395798600406461,0.08033970626126319,1.2721663544360018,1.679740914726702,No,No,No,No,,,,data/4cys-large/output/xyz_files/3g9o_ZN_homo_d2.60_cluster2.xyz,1.65
3g9o,3,homo,1,ZN,ZN,A,526,,ZN,,1.0,4,TD,4S,3.83674046510269,6.471180745760492,0.030967271566537488,0.07542722454402062,1.2829850588722422,1.8920207605236428,No,No,No,No,,,,data/4cys-large/output/xyz_files/3g9o_ZN_homo_d2.60_cluster3.xyz,1.65
3g9o,4,homo,1,ZN,ZN,A,527,,ZN,,1.0,4,TD,4S,4.458835422958657,7.677077956524428,0.03680575165074626,0.09742235338171579,1.2608983385782149,1.791156407770455,No,No,No,No,,,,data/4cys-large/output/xyz_files/3g9o_ZN_homo_d2.60_cluster4.xyz,1.65
3g9p,1,homo,1,ZN,ZN,B,526,,ZN,,1.0,4,TD,4S,3.2637573504191266,4.883104556486444,0.0458546666217839,0.10466175897494745,1.2595829940355079,1.8790135833430401,No,No,No,No,,,,data/4cys-large/output/xyz_files/3g9p_ZN_homo_d2.60_cluster1.xyz,1.65
3g9p,2,homo,1,ZN,ZN,B,527,,ZN,,1.0,4,TD,4S,3.6784764309447984,6.114338672076556,0.03395798600406461,0.08033970626126319,1.2721663544360018,1.679740914726702,No,No,No,No,,,,data/4cys-large/output/xyz_files/3g9p_ZN_homo_d2.60_cluster2.xyz,1.65
3g9p,3,homo,1,ZN,ZN,A,526,,ZN,,1.0,4,TD,4S,3.83674046510269,6.471180745760492,0.030967271566537488,0.07542722454402062,1.2829850588722422,1.8920207605236428,No,No,No,No,,,,data/4cys-large/output/xyz_files/3g9p_ZN_homo_d2.60_cluster3.xyz,1.65
3g9p,4,homo,1,ZN,ZN,A,527,,ZN,,1.0,4,TD,4S,4.458835422958657,7.677077956524428,0.03680575165074626,0.09742235338171579,1.2608983385782149,1.791156407770455,No,No,No,No,,,,data/4cys-large/output/xyz_files/3g9p_ZN_homo_d2.60_cluster4.xyz,1.65
3g9y,1,homo,1,ZN,ZN,A,1,,ZN,,1.0,4,TD,4S,6.80719800051682,9.114679552269124,0.04195114971935091,0.10942938369838195,1.2500355875290265,1.5073148899150846,No,No,No,No,,,,data/4cys-large/output/xyz_files/3g9y_ZN_homo_d2.60_cluster1.xyz,1.40
3ga3,1,homo,1,ZN,ZN,A,1,,ZN,,1.0,4,TD,4S,2.180626409009955,3.2826565182756724,0.015237586038067864,0.03831738659832773,1.3118296624322836,1.715552687322187,No,No,No,No,,,,data/4cys-large/output/xyz_files/3ga3_ZN_homo_d2.60_cluster1.xyz,1.45
3ga8,1,homo,1,ZN,ZN,A,121,,ZN,,0.9,4,TD,4S,3.940073437608079,5.510351178952774,0.033685064308123375,0.09442455952825712,1.3014007033855004,1.6255132267422792,No,No,No,No,,,,data/4cys-large/output/xyz_files/3ga8_ZN_homo_d2.60_cluster1.xyz,1.70
3gj3,1,homo,1,ZN,ZN,B,300,,ZN,,1.0,4,TD,4S,6.006864848796469,9.32099752547903,0.04056819981644549,0.10124827012645232,1.2645860442349075,1.8035498128990934,No,No,No,No,,,,data/4cys-large/output/xyz_files/3gj3_ZN_homo_d2.60_cluster1.xyz,1.79
3gj5,1,homo,1,ZN,ZN,B,300,,ZN,,1.0,4,TD,4S,5.6376345761518385,8.215675560538443,0.08496228419734679,0.238130627735611,1.2836556657384706,1.8359943807483226,No,No,No,No,,,,data/4cys-large/output/xyz_files/3gj5_ZN_homo_d2.60_cluster1.xyz,1.79
3gj5,2,homo,1,ZN,ZN,D,300,,ZN,,1.0,4,TD,4S,5.5857011474421965,7.58326071472861,0.04489325020981296,0.12068428211312998,1.305846116649072,1.8906751296351825,No,No,No,No,,,,data/4cys-large/output/xyz_files/3gj5_ZN_homo_d2.60_cluster2.xyz,1.79
3gj7,1,homo,1,ZN,ZN,B,300,,ZN,,1.0,4,TD,4S,5.873244017238111,9.643834727193138,0.05051548733779952,0.11471368069565813,1.3213884624508343,1.8201279503787828,No,No,No,No,,,,data/4cys-large/output/xyz_files/3gj7_ZN_homo_d2.60_cluster1.xyz,1.93
3gj7,2,homo,1,ZN,ZN,D,300,,ZN,,1.0,4,TD,4S,7.554784725147418,13.089440349485741,0.07144846184885906,0.19376730828129807,1.2275704572575277,1.3737094781302095,No,No,No,No,,,,data/4cys-large/output/xyz_files/3gj7_ZN_homo_d2.60_cluster2.xyz,1.93
3gj8,1,homo,1,ZN,ZN,B,300,,ZN,,1.0,4,TD,4S,5.934051771425579,9.593244077133832,0.06258444260979706,0.1709744433396576,1.2881901064427534,1.7548351742156327,No,No,No,No,,,,data/4cys-large/output/xyz_files/3gj8_ZN_homo_d2.60_cluster1.xyz,1.82
3gj8,2,homo,1,ZN,ZN,D,300,,ZN,,1.0,4,TD,4S,6.3177681642415076,9.475159798181096,0.06948257171061574,0.17701402589435755,1.2869747477392608,1.8535755293217187,No,No,No,No,,,,data/4cys-large/output/xyz_files/3gj8_ZN_homo_d2.60_cluster2.xyz,1.82
3gl6,3,homo,1,ZN,ZN,A,3,,ZN,,1.0,4,TD,4S,3.1639893738629405,4.9491734070287094,0.0606330384017182,0.15472650518586972,1.260536262560205,1.6748946209398095,No,No,No,No,,,,data/4cys-large/output/xyz_files/3gl6_ZN_homo_d2.60_cluster3.xyz,1.90
3glr,1,homo,1,ZN,ZN,A,1,,ZN,,1.0,4,TD,4S,7.072050628379279,13.986511934235196,0.018663651991975585,0.04697332717988223,1.2179114884150815,1.8999134221116458,No,No,No,No,,,,data/4cys-large/output/xyz_files/3glr_ZN_homo_d2.60_cluster1.xyz,1.80
3go8,1,homo,1,ZN,ZN,A,300,,ZN,,1.0,4,TD_d,4S,12.381530380889425,20.651288385070814,0.16945996765833465,0.4147109981825472,1.2004030283680898,1.8727618456965072,No,No,Yes,No,,,,data/4cys-large/output/xyz_files/3go8_ZN_homo_d2.60_cluster1.xyz,1.89
3gox,1,homo,1,ZN,ZN,A,301,,ZN,,1.0,4,TD,4S,4.277245431662229,8.144344521667009,0.013124650557947383,0.03305708514303474,1.2706829049059218,1.4963487121123893,No,No,No,No,,,,data/4cys-large/output/xyz_files/3gox_ZN_homo_d2.60_cluster1.xyz,1.50
3gox,2,homo,1,ZN,ZN,A,302,,ZN,,1.0,4,TD,4S,5.103091443305697,6.194577938364276,0.02653410384354925,0.06781768188529025,1.2666137696152522,1.833051793982071,No,No,No,No,,,,data/4cys-large/output/xyz_files/3gox_ZN_homo_d2.60_cluster2.xyz,1.50
3gox,3,homo,1,ZN,ZN,B,303,,ZN,,1.0,4,TD,4S,4.037714312443227,7.540125724337173,0.018325444128716766,0.04637578803162157,1.277255174960101,1.4355492984984914,No,No,No,No,,,,data/4cys-large/output/xyz_files/3gox_ZN_homo_d2.60_cluster3.xyz,1.50
3gox,4,homo,1,ZN,ZN,B,304,,ZN,,1.0,4,TD,4S,4.9149170530350945,6.816312549316308,0.034010491432827854,0.08646649619821867,1.267953351067999,1.8430627161904316,No,No,No,No,,,,data/4cys-large/output/xyz_files/3gox_ZN_homo_d2.60_cluster4.xyz,1.50
3gpu,1,homo,1,ZN,ZN,A,300,,ZN,,1.0,4,TD,4S,5.483196441810911,11.20384595295603,0.005665155987411464,0.015645016462089156,1.2409533959782182,1.8283478445855925,No,No,No,No,,,,data/4cys-large/output/xyz_files/3gpu_ZN_homo_d2.60_cluster1.xyz,1.62
3gpx,1,homo,1,ZN,ZN,A,300,,ZN,,1.0,4,TD,4S,5.124321245614571,10.617859472215514,0.015467412885101728,0.042081132775293906,1.2503978122288517,1.8483276761296157,No,No,No,No,,,,data/4cys-large/output/xyz_files/3gpx_ZN_homo_d2.60_cluster1.xyz,1.78
3gpy,1,homo,1,ZN,ZN,A,300,,ZN,,1.0,4,TD,4S,5.588417057802483,11.075195553816442,0.02523399810770395,0.06741874776760204,1.2358310917504802,1.7748577115458672,No,No,No,No,,,,data/4cys-large/output/xyz_files/3gpy_ZN_homo_d2.60_cluster1.xyz,1.85
3gq3,1,homo,1,ZN,ZN,A,300,,ZN,,1.0,4,TD,4S,5.65827432403609,11.41039030178193,0.034992653252020264,0.08849521677810923,1.2223703236205905,1.7034435750634325,No,No,No,No,,,,data/4cys-large/output/xyz_files/3gq3_ZN_homo_d2.60_cluster1.xyz,1.83
3gq4,1,homo,1,ZN,ZN,A,300,,ZN,,1.0,4,TD,4S,5.3949902199314295,11.207933281166461,0.012460739516899088,0.029286665819007407,1.251339543403635,1.9031380498097623,No,No,No,No,,,,data/4cys-large/output/xyz_files/3gq4_ZN_homo_d2.60_cluster1.xyz,1.70
3gq5,1,homo,1,ZN,ZN,A,300,,ZN,,1.0,4,TD,4S,5.663626785797811,11.712232806240962,0.0391889460164029,0.10903885113349254,1.2248697124657935,1.7425861910371319,No,No,No,No,,,,data/4cys-large/output/xyz_files/3gq5_ZN_homo_d2.60_cluster1.xyz,1.90
3h0n,1,homo,1,ZN,ZN,A,201,,ZN,,1.0,4,TD,4S,1.906663862092576,2.876655679416274,0.014777038387568919,0.0362289531938349,1.3101112207137025,1.9794811252331148,No,No,No,No,,,,data/4cys-large/output/xyz_files/3h0n_ZN_homo_d2.60_cluster1.xyz,1.45
3h5n,1,homo,1,ZN,ZN,A,500,,ZN,,1.0,4,TD,4S,7.873208252032358,11.737515323874177,0.04823252110191396,0.12015308548874648,1.207011963774596,1.81723424114061,No,No,No,No,,,,data/4cys-large/output/xyz_files/3h5n_ZN_homo_d2.60_cluster1.xyz,1.90
3h5n,2,homo,1,ZN,ZN,B,500,,ZN,,1.0,4,TD,4S,9.972811105984366,17.247732606293766,0.0601981667469369,0.16696913865775276,1.149686873175919,1.6330989914243126,No,No,No,No,,,,data/4cys-large/output/xyz_files/3h5n_ZN_homo_d2.60_cluster2.xyz,1.90
3h5n,3,homo,1,ZN,ZN,C,500,,ZN,,1.0,4,TD,4S,7.025360512631937,12.448756332629301,0.07108730421675126,0.199971702051279,1.192080203889255,1.9540058323525913,No,No,No,No,,,,data/4cys-large/output/xyz_files/3h5n_ZN_homo_d2.60_cluster3.xyz,1.90
3h5n,4,homo,1,ZN,ZN,D,500,,ZN,,1.0,4,TD,4S,8.055567940694985,15.735966547326171,0.1337587182113905,0.3501501692762514,1.157139859943487,1.8994097932846081,No,No,No,No,,,,data/4cys-large/output/xyz_files/3h5n_ZN_homo_d2.60_cluster4.xyz,1.90
3h7h,1,homo,1,ZN,ZN,A,119,,ZN,,1.0,4,TD,4S,5.6542411002844695,11.006518874576045,0.014571077118436433,0.03687281312141755,1.2496885009303214,1.9548707097371993,No,No,No,No,,,,data/4cys-large/output/xyz_files/3h7h_ZN_homo_d2.60_cluster1.xyz,1.55
3h8v,1,homo,1,ZN,ZN,A,401,,ZN,,1.0,4,TD,4S,4.214031843202092,6.737352650059165,0.0281035319988305,0.07248209949138218,1.300333717476509,1.805217181255011,No,No,No,No,,,,data/4cys-large/output/xyz_files/3h8v_ZN_homo_d2.60_cluster1.xyz,2.00
3h8v,2,homo,1,ZN,ZN,B,401,,ZN,,1.0,4,TD,4S,3.988959640044426,7.448756993944656,0.04282940759076883,0.10755608342715961,1.289033803401996,1.9629465757003808,No,No,No,No,,,,data/4cys-large/output/xyz_files/3h8v_ZN_homo_d2.60_cluster2.xyz,2.00
3h97,1,homo,1,ZN,ZN,A,601,,ZN,,1.0,4,TD,4S,2.2883269003768936,3.204994791890158,0.023784874338533317,0.06044176509704391,1.321282592604454,1.8791587760323716,No,No,No,No,,,,data/4cys-large/output/xyz_files/3h97_ZN_homo_d2.60_cluster1.xyz,1.70
3h99,1,homo,1,ZN,ZN,A,601,,ZN,,1.0,4,TD,4S,2.202137046132112,3.2708589795656735,0.011298250449911913,0.03050647106310933,1.3077420538028313,1.674537325455715,No,No,No,No,,,,data/4cys-large/output/xyz_files/3h99_ZN_homo_d2.60_cluster1.xyz,1.40
3h9b,1,homo,1,ZN,ZN,A,601,,ZN,,1.0,4,TD,4S,2.323335873482977,3.6567920274467696,0.020627629635983497,0.051958244057817016,1.3145864426330858,1.616273147579173,No,No,No,No,,,,data/4cys-large/output/xyz_files/3h9b_ZN_homo_d2.60_cluster1.xyz,1.50
3h9c,1,homo,1,ZN,ZN,A,601,,ZN,,1.0,4,TD,4S,2.071004989803545,3.0302828217848514,0.020573637133703682,0.05093017036638203,1.3157592655845316,1.6372934654085198,No,No,No,No,,,,data/4cys-large/output/xyz_files/3h9c_ZN_homo_d2.60_cluster1.xyz,1.40
3hcj,1,homo,1,ZN,ZN,A,1000,,ZN,,1.0,4,TD,4S,5.291971962873484,9.189379312954472,0.024887134181311395,0.06844119787209424,1.2664570711184786,1.6775143892033302,No,No,No,No,,,,data/4cys-large/output/xyz_files/3hcj_ZN_homo_d2.60_cluster1.xyz,1.66
3hcj,2,homo,1,ZN,ZN,B,1000,,ZN,,1.0,4,TD,4S,5.9340212826677945,10.068717039410402,0.04179768270117724,0.11193805547048674,1.2674523095778956,1.8274557358497934,No,No,No,No,,,,data/4cys-large/output/xyz_files/3hcj_ZN_homo_d2.60_cluster2.xyz,1.66
3hi2,1,homo,1,ZN,ZN,A,121,,ZN,,1.0,4,TD,4S,5.8986120286044335,9.796683319609457,0.05895227356228517,0.1238371846154247,1.2450061020087935,1.9472979624490607,No,No,No,No,,,,data/4cys-large/output/xyz_files/3hi2_ZN_homo_d2.60_cluster1.xyz,2.00
3hi2,2,homo,1,ZN,ZN,C,121,,ZN,,1.0,4,TD,4S,7.1832728088392,9.654154947955874,0.08040477630874897,0.20488725102990113,1.211098430147522,1.7066889276778634,No,No,No,No,,,,data/4cys-large/output/xyz_files/3hi2_ZN_homo_d2.60_cluster2.xyz,2.00
3hna,1,homo,1,ZN,ZN,A,501,,ZN,,1.0,4,TD,4S,6.4917980936114414,10.620865679438538,0.024740315556068867,0.06567240024606491,1.2082791983925654,1.581820544692738,No,No,No,No,,,,data/4cys-large/output/xyz_files/3hna_ZN_homo_d2.60_cluster1.xyz,1.50
3hna,2,homo,1,ZN,ZN,A,502,,ZN,,1.0,4,TD,4S,2.6215222221332013,4.2447353900880245,0.0184650256973356,0.049162547928819134,1.2994478978398347,1.6550698890143614,No,No,No,No,,,,data/4cys-large/output/xyz_files/3hna_ZN_homo_d2.60_cluster2.xyz,1.50
3hna,3,homo,1,ZN,ZN,A,503,,ZN,,1.0,4,TD,4S,3.4583121651155357,7.168611110964974,0.012581551128613725,0.031823041928163764,1.304593212226644,1.5801556824438403,No,No,No,No,,,,data/4cys-large/output/xyz_files/3hna_ZN_homo_d2.60_cluster3.xyz,1.50
3hna,4,homo,1,ZN,ZN,A,504,,ZN,,1.0,4,TD,4S,4.748723051564004,8.048343664683017,0.06176447735670663,0.17044845557017485,1.2442453714425399,1.489168779318197,No,No,No,No,,,,data/4cys-large/output/xyz_files/3hna_ZN_homo_d2.60_cluster4.xyz,1.50
3hna,5,homo,1,ZN,ZN,B,501,,ZN,,1.0,4,TD,4S,6.194975049611919,11.091932505142879,0.029648100746292774,0.0778741027005525,1.216937440339572,1.6331484156082423,No,No,No,No,,,,data/4cys-large/output/xyz_files/3hna_ZN_homo_d2.60_cluster5.xyz,1.50
3hna,6,homo,1,ZN,ZN,B,502,,ZN,,1.0,4,TD,4S,3.091902394905662,4.81571566866775,0.017056673584852397,0.04407932481609844,1.2903888128251586,1.7772122997551612,No,No,No,No,,,,data/4cys-large/output/xyz_files/3hna_ZN_homo_d2.60_cluster6.xyz,1.50
3hna,7,homo,1,ZN,ZN,B,503,,ZN,,1.0,4,TD,4S,3.9989949335849824,7.726528030948785,0.020581196517422996,0.049329204478860245,1.2946776376270206,1.7444571271285794,No,No,No,No,,,,data/4cys-large/output/xyz_files/3hna_ZN_homo_d2.60_cluster7.xyz,1.50
3hna,8,homo,1,ZN,ZN,B,504,,ZN,,1.0,4,TD,4S,4.993073860491194,7.716006607390298,0.06684447500194746,0.18905129988981573,1.2367045207006642,1.4407522963796153,No,No,No,No,,,,data/4cys-large/output/xyz_files/3hna_ZN_homo_d2.60_cluster8.xyz,1.50
3hsn,1,homo,1,ZN,ZN,A,900,,ZN,,1.0,4,TD,4S,6.763068169359345,9.18312224444415,0.04627059993211376,0.12384984597362969,1.2734979400235427,1.5860976641078868,No,No,No,No,,,,data/4cys-large/output/xyz_files/3hsn_ZN_homo_d2.60_cluster1.xyz,1.91
3irb,1,homo,1,ZN,ZN,A,201,,ZN,,1.0,4,TD,4S,3.4434498390010724,4.952630826953893,0.024083702083796073,0.057459725266892914,1.2696729806783311,1.9689912004550676,No,No,No,No,,,,data/4cys-large/output/xyz_files/3irb_ZN_homo_d2.60_cluster1.xyz,1.80
3irb,2,homo,1,ZN,ZN,B,201,,ZN,,1.0,4,TD,4S,3.3450320916659604,6.117459408761675,0.02562946431209638,0.061751971417633555,1.2862038227222814,1.5965824323709554,No,No,No,No,,,,data/4cys-large/output/xyz_files/3irb_ZN_homo_d2.60_cluster2.xyz,1.80
3jr3,1,homo,1,ZN,ZN,A,1001,,ZN,,1.0,4,TD,4S,9.305786768131366,14.679425730020512,0.008587289378169962,0.02348902147727694,1.201048022681599,1.9201121154863092,No,No,No,No,,,,data/4cys-large/output/xyz_files/3jr3_ZN_homo_d2.60_cluster1.xyz,1.50
3jr5,1,homo,1,ZN,ZN,A,300,,ZN,,1.0,4,TD,4S,5.348174945301373,11.224401765091145,0.02231266835668982,0.05809838325093564,1.256630880291874,1.9153774254648375,No,No,No,No,,,,data/4cys-large/output/xyz_files/3jr5_ZN_homo_d2.60_cluster1.xyz,1.70
3jt4,1,homo,1,ZN,ZN,A,900,,ZN,,1.0,4,TD,4S,6.820148635966378,9.599373603350216,0.01045824991026654,0.029207997518449602,1.2605955963266886,1.6740337550155366,No,No,No,No,,,,data/4cys-large/output/xyz_files/3jt4_ZN_homo_d2.60_cluster1.xyz,1.80
3jt8,1,homo,1,ZN,ZN,A,900,,ZN,,1.0,4,TD,4S,6.502776139826386,10.11690630338991,0.027658466491583295,0.07490123654099579,1.2546773105088715,1.7252776301210855,No,No,No,No,,,,data/4cys-large/output/xyz_files/3jt8_ZN_homo_d2.60_cluster1.xyz,1.95
3jv7,1,homo,1,ZN,ZN,A,501,,ZN,,1.0,4,TD,4S,7.074917182108314,9.932792214494711,0.03056041178456932,0.06813067549350382,1.1888976288315816,1.549068085910386,No,No,No,No,,,,data/4cys-large/output/xyz_files/3jv7_ZN_homo_d2.60_cluster1.xyz,2.00
3jv7,3,homo,1,ZN,ZN,B,501,,ZN,,1.0,4,TD,4S,6.162872424418442,8.94874257670881,0.04215749799778059,0.11259845089424969,1.2265891583449164,1.5174453837014674,No,No,No,No,,,,data/4cys-large/output/xyz_files/3jv7_ZN_homo_d2.60_cluster3.xyz,2.00
3jv7,5,homo,1,ZN,ZN,C,501,,ZN,,1.0,4,TD,4S,4.514637532344592,8.181239386669134,0.07450686083516726,0.1915644081903416,1.2621665424332384,1.742258171201738,No,No,No,No,,,,data/4cys-large/output/xyz_files/3jv7_ZN_homo_d2.60_cluster5.xyz,2.00
3jv7,7,homo,1,ZN,ZN,D,501,,ZN,,1.0,4,TD,4S,5.5610536022244474,8.523423994871848,0.044812775173370595,0.11781489073878548,1.210965856778897,1.5328213716148562,No,No,No,No,,,,data/4cys-large/output/xyz_files/3jv7_ZN_homo_d2.60_cluster7.xyz,2.00
3jws,1,homo,1,ZN,ZN,A,900,,ZN,,1.0,4,TD,4S,7.327051835834819,12.066333394160878,0.04975014717491085,0.11906536015647573,1.2729914721608349,1.6556646182403463,No,No,No,No,,,,data/4cys-large/output/xyz_files/3jws_ZN_homo_d2.60_cluster1.xyz,1.95
3jwu,1,homo,1,ZN,ZN,A,900,,ZN,,1.0,4,TD,4S,6.895910027295534,12.17655206198333,0.05334977703189127,0.13487468742999908,1.2808246104497834,1.9021322070487918,No,No,No,No,,,,data/4cys-large/output/xyz_files/3jwu_ZN_homo_d2.60_cluster1.xyz,1.93
3jwv,1,homo,1,ZN,ZN,A,900,,ZN,,1.0,4,TD,4S,6.7651783553030445,10.822728286879368,0.05114629204359703,0.14376933104357725,1.2723780691015703,1.7449679323134202,No,No,No,No,,,,data/4cys-large/output/xyz_files/3jwv_ZN_homo_d2.60_cluster1.xyz,1.98
3jwx,1,homo,1,ZN,ZN,A,900,,ZN,,1.0,4,TD,4S,5.287393155105455,10.793583821727978,0.027858489080978228,0.0733170849119964,1.2910096523497339,1.9361300359889722,No,No,No,No,,,,data/4cys-large/output/xyz_files/3jwx_ZN_homo_d2.60_cluster1.xyz,2.00
3jx1,1,homo,1,ZN,ZN,A,900,,ZN,,1.0,4,TD,4S,6.542175719340669,10.388319160452184,0.03808718579053646,0.0900700118417399,1.3053781834337848,1.8513114685466565,No,No,No,No,,,,data/4cys-large/output/xyz_files/3jx1_ZN_homo_d2.60_cluster1.xyz,2.00
3jx3,1,homo,1,ZN,ZN,A,900,,ZN,,1.0,4,TD,4S,7.213381934244598,12.293653664060258,0.02744149647537782,0.0607862708380269,1.256083034429573,1.7603011042149532,No,No,No,No,,,,data/4cys-large/output/xyz_files/3jx3_ZN_homo_d2.60_cluster1.xyz,1.95
3k35,3,homo,1,ZN,ZN,C,317,,ZN,,1.0,4,TD,4S,4.065169910759666,7.556287719519787,0.1362529539120578,0.3393347149446475,1.2302326340770608,2.0834300073148904,No,No,No,No,,,,data/4cys-large/output/xyz_files/3k35_ZN_homo_d2.60_cluster3.xyz,2.00
3k35,4,homo,1,ZN,ZN,D,317,,ZN,,1.0,4,TD,4S,3.7862886763592383,6.648178341976731,0.14556773667684264,0.39045444098916793,1.23677181554681,1.664387544350454,No,No,No,No,,,,data/4cys-large/output/xyz_files/3k35_ZN_homo_d2.60_cluster4.xyz,2.00
3k35,5,homo,1,ZN,ZN,E,317,,ZN,,1.0,4,TD,4S,10.335658596417046,17.15633029100735,0.06600203133597331,0.16567270301224868,1.2579032554978549,1.6328003294459341,No,No,No,No,,,,data/4cys-large/output/xyz_files/3k35_ZN_homo_d2.60_cluster5.xyz,2.00
3k35,6,homo,1,ZN,ZN,F,317,,ZN,,1.0,4,TD,4S,2.121064514595653,2.8380101572801664,0.022795950240159582,0.06436594266500517,1.2433595177148289,1.493194169456877,No,No,No,No,,,,data/4cys-large/output/xyz_files/3k35_ZN_homo_d2.60_cluster6.xyz,2.00
3k5k,1,homo,1,ZN,ZN,A,1194,,ZN,,1.0,4,TD,4S,5.012035296321138,7.5696314962408024,0.061857120645684945,0.14920566880060715,1.2288363923811696,1.7616788977205962,No,No,No,No,,,,data/4cys-large/output/xyz_files/3k5k_ZN_homo_d2.60_cluster1.xyz,1.70
3k5k,2,homo,1,ZN,ZN,A,1195,,ZN,,1.0,4,TD_d,4S,5.136246683404613,9.948357425841508,0.1886146910778145,0.5084170992060106,1.237865426054064,1.6964070921397025,No,No,Yes,No,,,,data/4cys-large/output/xyz_files/3k5k_ZN_homo_d2.60_cluster2.xyz,1.70
3k5k,4,homo,1,ZN,ZN,A,1197,,ZN,,1.0,4,TD,4S,4.225866295814639,7.423121227534011,0.07470345977991344,0.20907824618662163,1.2486052613097158,1.902433643299034,No,No,No,No,,,,data/4cys-large/output/xyz_files/3k5k_ZN_homo_d2.60_cluster4.xyz,1.70
3k5k,5,homo,1,ZN,ZN,B,1194,,ZN,,1.0,4,TD,4S,4.430291963778924,7.620676661867918,0.06239750714707737,0.13992310254414386,1.2495346355298333,1.7594488643733524,No,No,No,No,,,,data/4cys-large/output/xyz_files/3k5k_ZN_homo_d2.60_cluster5.xyz,1.70
3k5k,6,homo,1,ZN,ZN,B,1195,,ZN,,1.0,4,TD,4S,2.8709781066082467,4.557653795408967,0.06787540739781922,0.16625088500671792,1.2886321835585612,2.085899417471841,No,No,No,No,,,,data/4cys-large/output/xyz_files/3k5k_ZN_homo_d2.60_cluster6.xyz,1.70
3k5k,7,homo,1,ZN,ZN,B,1196,,ZN,,1.0,4,TD,4S,4.113816081520314,8.315507004315322,0.07014455084739056,0.17923786911474382,1.3021883744447715,1.6358520952412432,No,No,No,No,,,,data/4cys-large/output/xyz_files/3k5k_ZN_homo_d2.60_cluster7.xyz,1.70
3k5k,8,homo,1,ZN,ZN,B,1197,,ZN,,1.0,4,TD,4S,3.1271508597962767,6.4165095277951565,0.12281395878906512,0.33249106637334336,1.2631426280632831,2.0325934963161467,No,No,No,No,,,,data/4cys-large/output/xyz_files/3k5k_ZN_homo_d2.60_cluster8.xyz,1.70
3knv,2,homo,1,ZN,ZN,A,202,,ZN,,1.0,4,TD,4S,5.160485729903946,8.402921479550756,0.0994088868580291,0.24320576724746168,1.3369373962987183,2.105290322174955,No,No,No,No,,,,data/4cys-large/output/xyz_files/3knv_ZN_homo_d2.60_cluster2.xyz,1.90
3kqi,1,homo,1,ZN,ZN,A,71,,ZN,,1.0,4,TD,4S,4.936014506526118,8.825096770345425,0.027650225384478144,0.07232054020113221,1.2818966768295024,1.9804710715675786,No,No,No,No,,,,data/4cys-large/output/xyz_files/3kqi_ZN_homo_d2.60_cluster1.xyz,1.78
3ldy,2,homo,1,ZN,ZN,A,144,,ZN,,1.0,4,TD,4S,2.774072011708607,5.428160501910398,0.0372689071838886,0.09073638911257964,1.3092422189091097,1.892819540583547,No,No,No,No,,,,data/4cys-large/output/xyz_files/3ldy_ZN_homo_d2.60_cluster2.xyz,1.97
3lju,1,homo,1,ZN,ZN,X,401,,ZN,,1.0,4,TD,4S,4.422103409115164,7.775685857735141,0.04141041459846641,0.09838226136619221,1.2390751854334692,1.3404991450925188,No,No,No,No,,,,data/4cys-large/output/xyz_files/3lju_ZN_homo_d2.60_cluster1.xyz,1.70
3lpe,1,homo,1,ZN,ZN,B,60,,ZN,,1.0,4,TD,4S,10.93141782942606,17.81386088035653,0.018178140888232726,0.044987607123903484,1.1812495362001838,1.8319601716972898,No,No,No,No,,,,data/4cys-large/output/xyz_files/3lpe_ZN_homo_d2.60_cluster1.xyz,1.90
3lpe,2,homo,1,ZN,ZN,D,60,,ZN,,1.0,4,TD,4S,10.24904187571121,18.02922126637347,0.007973272879685583,0.022114550796498822,1.1781045121101152,1.7116034418624673,No,No,No,No,,,,data/4cys-large/output/xyz_files/3lpe_ZN_homo_d2.60_cluster2.xyz,1.90
3lpe,3,homo,1,ZN,ZN,F,60,,ZN,,1.0,4,TD,4S,10.271832467309261,17.8281666625646,0.015481048079500842,0.03543749094593407,1.1632736617092512,1.7751034125385912,No,No,No,No,,,,data/4cys-large/output/xyz_files/3lpe_ZN_homo_d2.60_cluster3.xyz,1.90
3lpe,4,homo,1,ZN,ZN,H,60,,ZN,,1.0,4,TD,4S,10.918296106947524,20.132191455393695,0.006262762252891902,0.017054845036199584,1.152869648841596,1.7795291598814054,No,No,No,No,,,,data/4cys-large/output/xyz_files/3lpe_ZN_homo_d2.60_cluster4.xyz,1.90
3lqh,2,homo,1,ZN,ZN,A,1002,,ZN,,1.0,4,TD,4S,2.5775056709478608,4.556699810203128,0.013922285526177313,0.03734502436872278,1.3401318744143405,1.7474613402837982,No,No,No,No,,,,data/4cys-large/output/xyz_files/3lqh_ZN_homo_d2.60_cluster2.xyz,1.72
3lqi,2,homo,1,ZN,ZN,A,2,,ZN,,1.0,4,TD,4S,3.8829985839057426,7.514051659522892,0.021550369517137624,0.055978900084816985,1.3074692206593914,1.999375245090159,No,No,No,No,,,,data/4cys-large/output/xyz_files/3lqi_ZN_homo_d2.60_cluster2.xyz,1.92
3lqi,4,homo,1,ZN,ZN,B,4,,ZN,,1.0,4,TD,4S,5.255787251507385,10.66923729304169,0.019511989200488165,0.05380072551654669,1.2933459868414583,1.9006540421618436,No,No,No,No,,,,data/4cys-large/output/xyz_files/3lqi_ZN_homo_d2.60_cluster4.xyz,1.92
3lqi,6,homo,1,ZN,ZN,C,6,,ZN,,1.0,4,TD,4S,7.943416096339093,12.389290680166752,0.051085635833401734,0.13075855192684838,1.368351968152341,2.065770349851126,No,No,No,No,,,,data/4cys-large/output/xyz_files/3lqi_ZN_homo_d2.60_cluster6.xyz,1.92
3lqj,2,homo,1,ZN,ZN,A,4,,ZN,,1.0,4,TD,4S,4.42031187661229,7.83758936646953,0.056692663355998645,0.14292723782757122,1.3275667537313753,1.9570343249385405,No,No,No,No,,,,data/4cys-large/output/xyz_files/3lqj_ZN_homo_d2.60_cluster2.xyz,1.90
3lqj,4,homo,1,ZN,ZN,B,2,,ZN,,1.0,4,TD,4S,5.863691716724006,9.661792996985596,0.03467600318032879,0.09593767066463155,1.2922399985701278,1.6281538549208014,No,No,No,No,,,,data/4cys-large/output/xyz_files/3lqj_ZN_homo_d2.60_cluster4.xyz,1.90
3ltc,1,homo,1,ZN,ZN,A,80,,ZN,,1.0,4,TD,4S,4.789934388639757,8.067821852328706,0.04119333554074216,0.10493355610479727,1.286371309965714,1.9935761603979867,No,No,No,No,,,,data/4cys-large/output/xyz_files/3ltc_ZN_homo_d2.60_cluster1.xyz,2.00
3m7k,1,homo,1,ZN,ZN,A,143,,ZN,,1.0,4,TD,4S,4.455737566386029,6.116653826227179,0.043938027441316765,0.12346219321981566,1.3015750097771523,1.7158762290667111,No,No,No,No,,,,data/4cys-large/output/xyz_files/3m7k_ZN_homo_d2.60_cluster1.xyz,1.92
3m7k,2,homo,1,ZN,ZN,A,144,,ZN,,1.0,4,TD,4S,3.6814100007628108,5.918999939241729,0.06795192985293401,0.1693932606803008,1.2885014909998294,1.4892048235411781,No,No,No,No,,,,data/4cys-large/output/xyz_files/3m7k_ZN_homo_d2.60_cluster2.xyz,1.92
3meq,2,homo,1,ZN,ZN,A,501,,ZN,,1.0,4,TD,4S,5.82459327060767,9.495870196790833,0.03715992972681617,0.09631245861647253,1.2185965223089827,1.2499074684776381,No,No,No,No,,,,data/4cys-large/output/xyz_files/3meq_ZN_homo_d2.60_cluster2.xyz,2.00
3meq,4,homo,1,ZN,ZN,B,501,,ZN,,1.0,4,TD,4S,6.175941092254753,9.557200830176441,0.016993356295214316,0.04104909396005807,1.203685597285249,1.265252222148829,No,No,No,No,,,,data/4cys-large/output/xyz_files/3meq_ZN_homo_d2.60_cluster4.xyz,2.00
3meq,6,homo,1,ZN,ZN,C,501,,ZN,,1.0,4,TD,4S,5.594976432738413,8.031917967634143,0.044669871869223006,0.11481654173130229,1.2094323461382939,1.4868689138951514,No,No,No,No,,,,data/4cys-large/output/xyz_files/3meq_ZN_homo_d2.60_cluster6.xyz,2.00
3meq,8,homo,1,ZN,ZN,D,501,,ZN,,1.0,4,TD,4S,6.239854380236198,9.141689070951145,0.05025958504064465,0.1216151079627723,1.1933341089075813,1.4461680344225551,No,No,No,No,,,,data/4cys-large/output/xyz_files/3meq_ZN_homo_d2.60_cluster8.xyz,2.00
3mhs,6,homo,1,ZN,ZN,A,477,,ZN,,1.0,4,TD,4S,3.121170355075739,4.646159574118883,0.038850843691442455,0.10589561777195966,1.2754291217203482,1.9821615226312401,No,No,No,No,,,,data/4cys-large/output/xyz_files/3mhs_ZN_homo_d2.60_cluster6.xyz,1.89
3n2r,1,homo,1,ZN,ZN,A,900,,ZN,,1.0,4,TD,4S,6.865964741572905,9.551419764486724,0.024927603036060605,0.07000354443106316,1.2548391647931778,1.6351886856188087,No,No,No,No,,,,data/4cys-large/output/xyz_files/3n2r_ZN_homo_d2.60_cluster1.xyz,1.90
3n5w,1,homo,1,ZN,ZN,A,900,,ZN,,1.0,4,TD,4S,7.581152446353985,11.437907497882918,0.02304010765198091,0.05813466927083466,1.2682033931641845,1.713894454678471,No,No,No,No,,,,data/4cys-large/output/xyz_files/3n5w_ZN_homo_d2.60_cluster1.xyz,1.73
3n5x,1,homo,1,ZN,ZN,A,900,,ZN,,1.0,4,TD,4S,7.900536402836553,11.043932511064597,0.02142612902070262,0.05704753136140717,1.2295419638069476,1.6061692989468463,No,No,No,No,,,,data/4cys-large/output/xyz_files/3n5x_ZN_homo_d2.60_cluster1.xyz,1.80
3n60,1,homo,1,ZN,ZN,A,900,,ZN,,1.0,4,TD,4S,7.006712067179403,10.286889234378677,0.011219809111040565,0.031590875461097845,1.2741570637433617,1.7035483095938975,No,No,No,No,,,,data/4cys-large/output/xyz_files/3n60_ZN_homo_d2.60_cluster1.xyz,1.98
3n61,1,homo,1,ZN,ZN,A,900,,ZN,,1.0,4,TD,4S,8.016622985066412,11.98313788967684,0.040243878640817216,0.09324914104438253,1.2193007114265868,1.6142576023357023,No,No,No,No,,,,data/4cys-large/output/xyz_files/3n61_ZN_homo_d2.60_cluster1.xyz,1.95
3n62,1,homo,1,ZN,ZN,A,900,,ZN,,1.0,4,TD,4S,7.991918898802087,11.044530426636925,0.006497175403231346,0.015686975379149093,1.2260000502841997,1.6025192125578147,No,No,No,No,,,,data/4cys-large/output/xyz_files/3n62_ZN_homo_d2.60_cluster1.xyz,1.95
3n63,1,homo,1,ZN,ZN,A,900,,ZN,,1.0,4,TD,4S,7.531296328005303,12.735221880904348,0.04247724613543676,0.10567349033319395,1.26146512227417,1.981441097599451,No,No,No,No,,,,data/4cys-large/output/xyz_files/3n63_ZN_homo_d2.60_cluster1.xyz,2.00
3n64,1,homo,1,ZN,ZN,A,900,,ZN,,1.0,4,TD,4S,7.746983688292206,11.919047920834203,0.019402298078964864,0.04555800502674412,1.2467616268238348,1.6508537396630316,No,No,No,No,,,,data/4cys-large/output/xyz_files/3n64_ZN_homo_d2.60_cluster1.xyz,1.95
3n65,1,homo,1,ZN,ZN,A,900,,ZN,,1.0,4,TD,4S,7.642811143270015,10.773530156403964,0.026811659000703144,0.06926045046616469,1.2399392437518002,1.6697684176492813,No,No,No,No,,,,data/4cys-large/output/xyz_files/3n65_ZN_homo_d2.60_cluster1.xyz,1.80
3n66,1,homo,1,ZN,ZN,A,900,,ZN,,1.0,4,TD,4S,8.549616617345528,12.15496500150914,0.021765798607137274,0.05639816057893299,1.2423475991452266,1.592919214895044,No,No,No,No,,,,data/4cys-large/output/xyz_files/3n66_ZN_homo_d2.60_cluster1.xyz,1.78
3ndi,1,homo,1,ZN,ZN,A,415,,ZN,,1.0,4,TD,4S,7.287231609721926,11.184918290277878,0.01959281329913671,0.04544488200021357,1.2188794965288763,1.8705725799656374,No,No,No,No,,,,data/4cys-large/output/xyz_files/3ndi_ZN_homo_d2.60_cluster1.xyz,1.50
3ndj,1,homo,1,ZN,ZN,A,416,,ZN,,1.0,4,TD,4S,7.392225370195608,11.65039536269029,0.042324842603020565,0.102621014505337,1.2403106115198996,1.9768078713817179,No,No,No,No,,,,data/4cys-large/output/xyz_files/3ndj_ZN_homo_d2.60_cluster1.xyz,1.50
3ng2,1,homo,1,ZN,ZN,A,1003,,ZN,,1.0,4,TD,4S,4.455548454906637,7.951970799477294,0.024417751179616625,0.06267784973244117,1.2776692154940221,1.957972326602926,No,No,No,No,,,,data/4cys-large/output/xyz_files/3ng2_ZN_homo_d2.60_cluster1.xyz,1.80
3ng2,3,homo,1,ZN,ZN,B,1001,,ZN,,1.0,4,TD,4S,6.122734405522482,12.744430709345764,0.04506813354652534,0.11104206368764524,1.243117245211809,1.9370666730376511,No,No,No,No,,,,data/4cys-large/output/xyz_files/3ng2_ZN_homo_d2.60_cluster3.xyz,1.80
3nhe,1,homo,1,ZN,ZN,A,1,,ZN,,1.0,4,TD,4S,2.5596284619928316,4.963670414824875,0.026615146469190682,0.06541812258587099,1.3010556906587925,1.8133356847857527,No,No,No,No,,,,data/4cys-large/output/xyz_files/3nhe_ZN_homo_d2.60_cluster1.xyz,1.26
3nik,1,homo,1,ZN,ZN,A,1,,ZN,,1.0,4,TD,4S,5.3635644834233265,8.37983203609052,0.07090429854044934,0.19627029033091858,1.258916910328135,1.3053687010871968,No,No,No,No,,,,data/4cys-large/output/xyz_files/3nik_ZN_homo_d2.60_cluster1.xyz,1.85
3nik,4,homo,1,ZN,ZN,B,1,,ZN,,1.0,4,TD,4S,6.192116606419398,9.775351379238245,0.0166740103539511,0.04269381163962427,1.221270547566494,1.6603764561555572,No,No,No,No,,,,data/4cys-large/output/xyz_files/3nik_ZN_homo_d2.60_cluster4.xyz,1.85
3nik,7,homo,1,ZN,ZN,D,1,,ZN,,1.0,4,TD,4S,7.471045865181066,10.633702800263947,0.0450645763794632,0.11914350399303952,1.2232773725392043,1.5466104066330253,No,No,No,No,,,,data/4cys-large/output/xyz_files/3nik_ZN_homo_d2.60_cluster7.xyz,1.85
3nik,10,homo,1,ZN,ZN,F,1,,ZN,,1.0,4,TD,4S,7.991397183082929,12.486456357841377,0.049805721785754556,0.12271254566396728,1.1815759466647477,1.4870470992973535,No,No,No,No,,,,data/4cys-large/output/xyz_files/3nik_ZN_homo_d2.60_cluster10.xyz,1.85
3nil,1,homo,1,ZN,ZN,A,1,,ZN,,1.0,4,TD,4S,7.102369149379595,11.647653713236053,0.06425157050841944,0.1635620017728483,1.2105766794243455,1.3908755057527609,No,No,No,No,,,,data/4cys-large/output/xyz_files/3nil_ZN_homo_d2.60_cluster1.xyz,1.75
3nil,4,homo,1,ZN,ZN,B,1,,ZN,,1.0,4,TD,4S,7.182975771386236,12.083887834612483,0.05955413460968663,0.14619468992674722,1.2013572952507388,1.3553057465215819,No,No,No,No,,,,data/4cys-large/output/xyz_files/3nil_ZN_homo_d2.60_cluster4.xyz,1.75
3nil,7,homo,1,ZN,ZN,D,1,,ZN,,1.0,4,TD,4S,5.939023299209554,9.825287223901299,0.04523164491426912,0.1261987731620895,1.2149232249461084,1.6106401789230531,No,No,No,No,,,,data/4cys-large/output/xyz_files/3nil_ZN_homo_d2.60_cluster7.xyz,1.75
3nil,10,homo,1,ZN,ZN,F,1,,ZN,,1.0,4,TD,4S,7.952325726085602,12.407303669989574,0.033331018169962694,0.08664691480722908,1.2007377216362503,1.45742709556005,No,No,No,No,,,,data/4cys-large/output/xyz_files/3nil_ZN_homo_d2.60_cluster10.xyz,1.75
3nim,1,homo,1,ZN,ZN,A,1,,ZN,,1.0,4,TD,4S,6.862665609644664,13.710955675361149,0.06641783000598842,0.1620448234791363,1.225839087244325,1.441339704986241,No,No,No,No,,,,data/4cys-large/output/xyz_files/3nim_ZN_homo_d2.60_cluster1.xyz,2.00
3nim,4,homo,1,ZN,ZN,B,1,,ZN,,1.0,4,TD,4S,5.793227826437079,7.806631917192803,0.05798750262841841,0.15949015812579326,1.2463631206622197,1.421691566670607,No,No,No,No,,,,data/4cys-large/output/xyz_files/3nim_ZN_homo_d2.60_cluster4.xyz,2.00
3nim,7,homo,1,ZN,ZN,D,1,,ZN,,1.0,4,TD,4S,8.515251308871918,11.838116791784827,0.041963078840326754,0.11247048302397022,1.2054848125974391,1.555905273731984,No,No,No,No,,,,data/4cys-large/output/xyz_files/3nim_ZN_homo_d2.60_cluster7.xyz,2.00
3nim,10,homo,1,ZN,ZN,F,1,,ZN,,1.0,4,TD,4S,8.53219662986974,13.342065913206085,0.046541238684950095,0.1291095320880511,1.1607149842688238,1.4143248166698308,No,No,No,No,,,,data/4cys-large/output/xyz_files/3nim_ZN_homo_d2.60_cluster10.xyz,2.00
3nis,1,homo,1,ZN,ZN,A,1,,ZN,,1.0,4,TD,4S,6.319310294332556,10.552886111517907,0.04511725097674203,0.09869766789169265,1.2282093949994062,1.3437714880732579,No,No,No,No,,,,data/4cys-large/output/xyz_files/3nis_ZN_homo_d2.60_cluster1.xyz,1.68
3nis,4,homo,1,ZN,ZN,B,1,,ZN,,1.0,4,TD,4S,6.16781039159887,9.378911298962535,0.07002219908344405,0.16942776730270825,1.2503604255715222,1.5710150426357465,No,No,No,No,,,,data/4cys-large/output/xyz_files/3nis_ZN_homo_d2.60_cluster4.xyz,1.68
3nis,7,homo,1,ZN,ZN,D,1,,ZN,,1.0,4,TD,4S,7.753083210905126,12.32504719251071,0.020037747373681393,0.05620407487084744,1.191377615878682,1.5487893857656414,No,No,No,No,,,,data/4cys-large/output/xyz_files/3nis_ZN_homo_d2.60_cluster7.xyz,1.68
3nis,10,homo,1,ZN,ZN,F,1,,ZN,,1.0,4,TD,4S,7.145775054510129,11.827396793169271,0.02411149550456377,0.06419127916853551,1.2062570910820403,1.622089411631892,No,No,No,No,,,,data/4cys-large/output/xyz_files/3nis_ZN_homo_d2.60_cluster10.xyz,1.68
3nle,1,homo,1,ZN,ZN,A,900,,ZN,,1.0,4,TD,4S,4.2185446491891145,8.776942778373126,0.04937285056989482,0.1374637127952152,1.3134243735156816,2.02020490780734,No,No,No,No,,,,data/4cys-large/output/xyz_files/3nle_ZN_homo_d2.60_cluster1.xyz,1.95
3nli,1,homo,1,ZN,ZN,A,900,,ZN,,1.0,4,TD,4S,4.076183800850449,8.46067431334366,0.022132106455468824,0.058103227037659355,1.295307498566535,1.642621116828044,No,No,No,No,,,,data/4cys-large/output/xyz_files/3nli_ZN_homo_d2.60_cluster1.xyz,1.98
3nlm,1,homo,1,ZN,ZN,A,900,,ZN,,1.0,4,TD,4S,6.774517878718017,11.1341537623846,0.01725236644365507,0.043199377635600555,1.2792535281848565,1.8942846522085497,No,No,No,No,,,,data/4cys-large/output/xyz_files/3nlm_ZN_homo_d2.60_cluster1.xyz,1.85
3nln,1,homo,1,ZN,ZN,A,900,,ZN,,1.0,4,TD,4S,6.0309643171798974,10.967584423381041,0.06777261053968049,0.16448067442356784,1.2868650302834346,2.0674200492780317,No,No,No,No,,,,data/4cys-large/output/xyz_files/3nln_ZN_homo_d2.60_cluster1.xyz,2.00
3nlx,1,homo,1,ZN,ZN,A,900,,ZN,,1.0,4,TD,4S,6.953143880358371,9.755458154043879,0.012338878676760891,0.0330959365344472,1.2410505872804314,1.7044412157430513,No,No,No,No,,,,data/4cys-large/output/xyz_files/3nlx_ZN_homo_d2.60_cluster1.xyz,1.87
3nly,1,homo,1,ZN,ZN,A,900,,ZN,,1.0,4,TD,4S,6.2330023744931395,11.594905893538936,0.05813889524526925,0.15815101803331721,1.297634012017104,2.207642831158584,No,No,No,No,,,,data/4cys-large/output/xyz_files/3nly_ZN_homo_d2.60_cluster1.xyz,1.99
3nlz,1,homo,1,ZN,ZN,A,900,,ZN,,1.0,4,TD,4S,7.086094763203716,10.847225380949325,0.028293554272441093,0.07309326628334745,1.2568446905655617,1.7793177780058844,No,No,No,No,,,,data/4cys-large/output/xyz_files/3nlz_ZN_homo_d2.60_cluster1.xyz,1.92
3nm0,1,homo,1,ZN,ZN,A,900,,ZN,,1.0,4,TD,4S,7.112330261432455,10.357231061620851,0.02168814130517674,0.05551781839647241,1.2559101913419985,1.774867694893034,No,No,No,No,,,,data/4cys-large/output/xyz_files/3nm0_ZN_homo_d2.60_cluster1.xyz,1.81
3nnz,1,homo,1,ZN,ZN,A,900,,ZN,,1.0,4,TD,4S,7.020684687286463,11.189130778458875,0.027046369732546115,0.07544945502848543,1.2692711542592556,1.6700002357030117,No,No,No,No,,,,data/4cys-large/output/xyz_files/3nnz_ZN_homo_d2.60_cluster1.xyz,1.97
3ny3,1,homo,1,ZN,ZN,A,1,,ZN,,1.0,4,TD,4S,5.931401477601606,12.082752102101423,0.02840001863724838,0.07023765817788563,1.2601170896467033,1.9211229245858235,No,No,No,No,,,,data/4cys-large/output/xyz_files/3ny3_ZN_homo_d2.60_cluster1.xyz,1.60
3o33,2,homo,1,ZN,ZN,A,2,,ZN,,1.0,4,TD_d,4S,3.2586744457752403,5.954484598438327,0.1816995953851138,0.44270713531795236,1.2668519082366088,1.989917488006084,No,No,Yes,No,,,,data/4cys-large/output/xyz_files/3o33_ZN_homo_d2.60_cluster2.xyz,2.00
3o33,4,homo,1,ZN,ZN,B,2,,ZN,,1.0,4,TD,4S,2.0317278552682203,3.1073764491823113,0.11473839025293643,0.3154213704986595,1.2513771358794084,2.133829128243778,No,No,No,No,,,,data/4cys-large/output/xyz_files/3o33_ZN_homo_d2.60_cluster4.xyz,2.00
3o33,5,homo,1,ZN,ZN,C,1,,ZN,,1.0,4,TD,4S,2.806045202375436,5.079284624218232,0.07819827092290088,0.19685626819394564,1.2834304762514055,2.185944183109087,No,No,No,No,,,,data/4cys-large/output/xyz_files/3o33_ZN_homo_d2.60_cluster5.xyz,2.00
3o33,8,homo,1,ZN,ZN,D,2,,ZN,,1.0,4,TD,4S,3.019020720739037,5.440609010667345,0.1454456900350052,0.34451419508090186,1.24913534513187,2.0349374986332114,No,No,No,No,,,,data/4cys-large/output/xyz_files/3o33_ZN_homo_d2.60_cluster8.xyz,2.00
3o34,2,homo,1,ZN,ZN,A,2,,ZN,,1.0,4,TD,4S,2.457493099286372,3.8174155113887736,0.026356792567313343,0.0641199852211205,1.350147013783483,2.0806368230511545,No,No,No,No,,,,data/4cys-large/output/xyz_files/3o34_ZN_homo_d2.60_cluster2.xyz,1.90
3o35,2,homo,1,ZN,ZN,A,2,,ZN,,1.0,4,TD,4S,2.222003961423686,4.010417679584819,0.03513560499521013,0.09640246306398215,1.3199148887547778,1.8355944130360653,No,No,No,No,,,,data/4cys-large/output/xyz_files/3o35_ZN_homo_d2.60_cluster2.xyz,1.76
3o35,4,homo,1,ZN,ZN,B,2,,ZN,,1.0,4,TD,4S,3.5861854358237935,5.381633293223686,0.03793736751982432,0.08554120721096625,1.3157397803367847,1.7152569489243934,No,No,No,No,,,,data/4cys-large/output/xyz_files/3o35_ZN_homo_d2.60_cluster4.xyz,1.76
3o36,2,homo,1,ZN,ZN,A,2,,ZN,,1.0,4,TD,4S,3.450595876920777,6.873635269077695,0.03527625039621551,0.08333441368916539,1.3129648061717862,1.8872157769266025,No,No,No,No,,,,data/4cys-large/output/xyz_files/3o36_ZN_homo_d2.60_cluster2.xyz,1.70
3o36,4,homo,1,ZN,ZN,B,2,,ZN,,1.0,4,TD,4S,3.1410496084313912,6.162140677400572,0.008800695886469069,0.021108478192742197,1.3263600938210371,1.8666252939330008,No,No,No,No,,,,data/4cys-large/output/xyz_files/3o36_ZN_homo_d2.60_cluster4.xyz,1.70
3o37,1,homo,1,ZN,ZN,A,1,,ZN,,1.0,4,TD,4S,5.026736924870052,7.182388396862919,0.10136118293679004,0.2554078093387391,1.3733546194645923,1.948905849478325,No,No,No,No,,,,data/4cys-large/output/xyz_files/3o37_ZN_homo_d2.60_cluster1.xyz,2.00
3o37,4,homo,1,ZN,ZN,B,2,,ZN,,1.0,4,TD,4S,5.7814050413922935,8.466322446083893,0.12363372961374199,0.3251231420253733,1.3340738692322385,1.8279442198791866,No,No,No,No,,,,data/4cys-large/output/xyz_files/3o37_ZN_homo_d2.60_cluster4.xyz,2.00
3o37,6,homo,1,ZN,ZN,C,2,,ZN,,1.0,4,TD,4S,4.755367068278634,7.424147198959076,0.09359624811970216,0.25821233728952286,1.3078135461342695,1.6808762145196428,No,No,No,No,,,,data/4cys-large/output/xyz_files/3o37_ZN_homo_d2.60_cluster6.xyz,2.00
3o37,8,homo,1,ZN,ZN,D,2,,ZN,,1.0,4,TD,4S,6.850820799362271,9.850885222106783,0.10523898719347456,0.2593202816113984,1.3487395660332666,2.1155709654739505,No,No,No,No,,,,data/4cys-large/output/xyz_files/3o37_ZN_homo_d2.60_cluster8.xyz,2.00
3o70,2,homo,1,ZN,ZN,A,501,,ZN,,1.0,4,TD,4S,3.6331786057277324,4.909446767854675,0.061748740175265784,0.14532823069383882,1.2818530343917325,1.928972829137262,No,No,No,No,,,,data/4cys-large/output/xyz_files/3o70_ZN_homo_d2.60_cluster2.xyz,1.85
3o7a,2,homo,1,ZN,ZN,A,303,,ZN,,1.0,4,TD,4S,2.911643184213747,4.837360209979337,0.012593164511283119,0.032292647342766934,1.2914467012228024,1.90384396479271,No,No,No,No,,,,data/4cys-large/output/xyz_files/3o7a_ZN_homo_d2.60_cluster2.xyz,1.67
3ooi,1,homo,1,ZN,ZN,A,232,,ZN,,1.0,4,TD,4S,4.0389066660739745,6.4422975001766645,0.04524662441505939,0.12236492730093085,1.2521515385673152,1.6307308454409761,No,No,No,No,,,,data/4cys-large/output/xyz_files/3ooi_ZN_homo_d2.60_cluster1.xyz,1.75
3ooi,2,homo,1,ZN,ZN,A,233,,ZN,,1.0,4,TD,4S,5.691016818934708,8.581520551605266,0.04904378345550601,0.1371052575160432,1.271708299080893,1.8166390140339437,No,No,No,No,,,,data/4cys-large/output/xyz_files/3ooi_ZN_homo_d2.60_cluster2.xyz,1.75
3ooi,3,homo,1,ZN,ZN,A,234,,ZN,,1.0,4,TD,4S,5.149775794166842,8.105616623998543,0.020110131404129483,0.05649476878269866,1.2877033441470045,1.779196896858786,No,No,No,No,,,,data/4cys-large/output/xyz_files/3ooi_ZN_homo_d2.60_cluster3.xyz,1.75
3oq6,2,homo,1,ZN,ZN,A,376,,ZN,,1.0,4,TD,4S,5.809200719789127,9.831692732269474,0.017062362207671593,0.045800611577599515,1.2125979621279974,1.4020860767030445,No,No,No,No,,,,data/4cys-large/output/xyz_files/3oq6_ZN_homo_d2.60_cluster2.xyz,1.20
3oq6,4,homo,1,ZN,ZN,B,376,,ZN,,1.0,4,TD,4S,5.844008841086682,9.792805799863075,0.011207482513838591,0.028768048392322054,1.215701596907018,1.412750598875998,No,No,No,No,,,,data/4cys-large/output/xyz_files/3oq6_ZN_homo_d2.60_cluster4.xyz,1.20
3p8b,1,homo,1,ZN,ZN,A,101,,ZN,,1.0,4,TD,4S,6.5857530374878515,10.696268350234647,0.08221666560924963,0.21040867037475897,1.217915759923825,1.8888759206768984,No,No,No,No,,,,data/4cys-large/output/xyz_files/3p8b_ZN_homo_d2.60_cluster1.xyz,1.80
3p8b,2,homo,1,ZN,ZN,C,101,,ZN,,1.0,4,TD,4S,6.656052031256875,12.215123326135341,0.06330593781193279,0.1595452987838466,1.2350798244972663,1.931670240005321,No,No,No,No,,,,data/4cys-large/output/xyz_files/3p8b_ZN_homo_d2.60_cluster2.xyz,1.80
3pdh,1,homo,1,ZN,ZN,A,1001,,ZN,,1.0,4,TD,4S,8.099811453185639,12.994640555690182,0.08102112322696417,0.22322829424667168,1.2273808521817862,1.84387171956749,No,No,No,No,,,,data/4cys-large/output/xyz_files/3pdh_ZN_homo_d2.60_cluster1.xyz,1.80
3pdn,2,homo,1,ZN,ZN,A,437,,ZN,,1.0,4,TD,4S,4.86775723641788,9.188283804291373,0.06065267332791264,0.15082740408176987,1.2437009298560089,1.5488668154672032,No,No,No,No,,,,data/4cys-large/output/xyz_files/3pdn_ZN_homo_d2.60_cluster2.xyz,1.70
3pdn,3,homo,1,ZN,ZN,A,438,,ZN,,1.0,4,TD,4S,5.374821939703623,8.05715302909934,0.024698809229733686,0.057751080595918936,1.2758342377726841,1.6768217821905451,No,No,No,No,,,,data/4cys-large/output/xyz_files/3pdn_ZN_homo_d2.60_cluster3.xyz,1.70
3pne,1,homo,1,ZN,ZN,A,900,,ZN,,1.0,4,TD,4S,6.371750936741718,8.805318692059757,0.028532094676271515,0.07943937719374983,1.2744429530052164,1.7993848434281492,No,No,No,No,,,,data/4cys-large/output/xyz_files/3pne_ZN_homo_d2.60_cluster1.xyz,1.97
3pnf,1,homo,1,ZN,ZN,A,900,,ZN,,1.0,4,TD,4S,7.272306064047755,11.939578428078988,0.030051340284952828,0.08085806199831147,1.2704202943738532,1.8460551130166762,No,No,No,No,,,,data/4cys-large/output/xyz_files/3pnf_ZN_homo_d2.60_cluster1.xyz,1.94
3png,1,homo,1,ZN,ZN,A,900,,ZN,,1.0,4,TD,4S,7.9234514590702725,14.965640713863749,0.057740237646674776,0.15502486131213633,1.2458621365879348,2.078638828202859,No,No,No,No,,,,data/4cys-large/output/xyz_files/3png_ZN_homo_d2.60_cluster1.xyz,1.88
3pnh,1,homo,1,ZN,ZN,A,900,,ZN,,1.0,4,TD,4S,4.495619243724657,8.729728364977447,0.013528161427902762,0.035881812094700205,1.3083124276191946,1.9134744922164992,No,No,No,No,,,,data/4cys-large/output/xyz_files/3pnh_ZN_homo_d2.60_cluster1.xyz,1.93
3q87,1,homo,1,ZN,ZN,A,126,,ZN,,1.0,4,TD,4S,3.660224172223246,6.6714615063407905,0.05387092102876891,0.1479628727610125,1.2894047935082362,2.072902825737121,No,No,No,No,,,,data/4cys-large/output/xyz_files/3q87_ZN_homo_d2.60_cluster1.xyz,2.00
3qj5,1,homo,1,ZN,ZN,A,375,,ZN,,1.0,4,TD,4S,5.969923575277811,9.516882881303474,0.035358591201835404,0.09258937111471655,1.1985026343410285,1.398869688299645,No,No,No,No,,,,data/4cys-large/output/xyz_files/3qj5_ZN_homo_d2.60_cluster1.xyz,1.90
3qj5,3,homo,1,ZN,ZN,B,375,,ZN,,1.0,4,TD,4S,5.22072890373489,8.31072561526436,0.037904778509755564,0.09162847146082154,1.2362083450259171,1.4899422878323643,No,No,No,No,,,,data/4cys-large/output/xyz_files/3qj5_ZN_homo_d2.60_cluster3.xyz,1.90
3ql9,1,homo,1,ZN,ZN,A,1,,ZN,,1.0,4,TD,4S,4.589683473783321,7.608627266616807,0.011914072806658588,0.03328784852357458,1.2143047618760403,1.546041400670044,No,No,No,No,,,,data/4cys-large/output/xyz_files/3ql9_ZN_homo_d2.60_cluster1.xyz,0.93
3ql9,2,homo,1,ZN,ZN,A,2,,ZN,,1.0,4,TD,4S,4.271877549185874,6.045117922332409,0.020893066139592187,0.051858376802258466,1.240994682223614,1.6021139315856354,No,No,No,No,,,,data/4cys-large/output/xyz_files/3ql9_ZN_homo_d2.60_cluster2.xyz,0.93
3ql9,3,homo,1,ZN,ZN,A,3,,ZN,,1.0,4,TD,4S,6.394185843848764,12.326101591545395,0.016501627351091477,0.04321923990635357,1.198542121921563,1.5945019370044187,No,No,No,No,,,,data/4cys-large/output/xyz_files/3ql9_ZN_homo_d2.60_cluster3.xyz,0.93
3qla,1,homo,1,ZN,ZN,A,1,,ZN,,1.0,4,TD,4S,3.3281600238678246,5.357009717968296,0.01849449432193382,0.04345343124203316,1.2709672221775699,1.9185290253955811,No,No,No,No,,,,data/4cys-large/output/xyz_files/3qla_ZN_homo_d2.60_cluster1.xyz,1.60
3qla,2,homo,1,ZN,ZN,A,2,,ZN,,1.0,4,TD,4S,4.394672757698891,6.350393787857314,0.017821522790630717,0.04855386089544034,1.235759816340746,1.4750078672235662,No,No,No,No,,,,data/4cys-large/output/xyz_files/3qla_ZN_homo_d2.60_cluster2.xyz,1.60
3qla,3,homo,1,ZN,ZN,A,3,,ZN,,1.0,4,TD,4S,6.48401841908376,12.35633157532267,0.021859097309203622,0.057655119633162055,1.1887438647803708,1.6345692647069443,No,No,No,No,,,,data/4cys-large/output/xyz_files/3qla_ZN_homo_d2.60_cluster3.xyz,1.60
3qla,4,homo,1,ZN,ZN,D,1,,ZN,,1.0,4,TD,4S,2.3005649803264565,3.4886305951072245,0.01419039613054651,0.040028909831689496,1.2740944044038087,1.8196616878677747,No,No,No,No,,,,data/4cys-large/output/xyz_files/3qla_ZN_homo_d2.60_cluster4.xyz,1.60
3qla,5,homo,1,ZN,ZN,D,2,,ZN,,1.0,4,TD,4S,4.147138109528853,6.443284728286386,0.021027509302734133,0.05924836943210865,1.23629625446931,1.5094549808013904,No,No,No,No,,,,data/4cys-large/output/xyz_files/3qla_ZN_homo_d2.60_cluster5.xyz,1.60
3qla,6,homo,1,ZN,ZN,D,3,,ZN,,1.0,4,TD,4S,5.53133386544112,9.300582882603464,0.015547046061391318,0.043542021353985216,1.2175707824281392,1.7454771983898882,No,No,No,No,,,,data/4cys-large/output/xyz_files/3qla_ZN_homo_d2.60_cluster6.xyz,1.60
3qln,1,homo,1,ZN,ZN,A,1,,ZN,,1.0,4,TD,4S,5.20363646029666,7.446517544252146,0.042876077913248295,0.11893552888103898,1.3093252913662856,2.216269190599059,No,No,No,No,,,,data/4cys-large/output/xyz_files/3qln_ZN_homo_d2.60_cluster1.xyz,1.90
3qln,2,homo,1,ZN,ZN,A,2,,ZN,,1.0,4,TD,4S,4.03276389140306,5.487907383796994,0.04610377165711001,0.12491140712344029,1.3152401733864914,1.6328383424623325,No,No,No,No,,,,data/4cys-large/output/xyz_files/3qln_ZN_homo_d2.60_cluster2.xyz,1.90
3qln,3,homo,1,ZN,ZN,A,3,,ZN,,1.0,4,TD,4S,4.954497345549835,8.321950312128521,0.053425969847426306,0.1436148432935087,1.281995684502752,1.6432380840457026,No,No,No,No,,,,data/4cys-large/output/xyz_files/3qln_ZN_homo_d2.60_cluster3.xyz,1.90
3qln,4,homo,1,ZN,ZN,B,1,,ZN,,1.0,4,TD,4S,3.4940853571044443,4.6076255263550365,0.09163992658544765,0.22890253981763742,1.343439585389248,1.996209848030205,No,No,No,No,,,,data/4cys-large/output/xyz_files/3qln_ZN_homo_d2.60_cluster4.xyz,1.90
3qln,5,homo,1,ZN,ZN,B,2,,ZN,,1.0,4,TD,4S,4.216570169633933,5.239033868916238,0.041830418582303616,0.11621687198718789,1.3162234602319047,1.674210874116021,No,No,No,No,,,,data/4cys-large/output/xyz_files/3qln_ZN_homo_d2.60_cluster5.xyz,1.90
3qln,6,homo,1,ZN,ZN,B,3,,ZN,,1.0,4,TD,4S,6.457733993373997,12.525125529412435,0.09912456560641378,0.259922574146906,1.2645460918905083,1.4543251643482202,No,No,No,No,,,,data/4cys-large/output/xyz_files/3qln_ZN_homo_d2.60_cluster6.xyz,1.90
3qmd,1,homo,1,ZN,ZN,A,300,,ZN,,1.0,4,TD,4S,6.377193591562866,9.086027688889686,0.05017844081668859,0.13714170674020387,1.2326869980373396,1.3637816831772946,No,No,No,No,,,,data/4cys-large/output/xyz_files/3qmd_ZN_homo_d2.60_cluster1.xyz,1.90
3qmd,2,homo,1,ZN,ZN,A,301,,ZN,,1.0,4,TD,4S,6.739572879119155,9.679552464126544,0.017252315671352728,0.04228848047678069,1.19454961467206,1.4076404461537573,No,No,No,No,,,,data/4cys-large/output/xyz_files/3qmd_ZN_homo_d2.60_cluster2.xyz,1.90
3qwp,2,homo,1,ZN,ZN,A,501,,ZN,,1.0,4,TD,4S,5.236755443543531,8.48328682641602,0.06194028240000953,0.16558370645295195,1.2108586114448918,1.5354825612522052,No,No,No,No,,,,data/4cys-large/output/xyz_files/3qwp_ZN_homo_d2.60_cluster2.xyz,1.53
3qwp,3,homo,1,ZN,ZN,A,502,,ZN,,1.0,4,TD,4S,9.289918118155516,11.214821239424651,0.10494700898346238,0.29522870240894994,1.2181003300296838,2.0466422623090748,No,No,No,No,,ALTLOC,,data/4cys-large/output/xyz_files/3qwp_ZN_homo_d2.60_cluster3_altlocLIGA.xyz,1.53
3qwp,3,homo,1,ZN,ZN,A,502,,ZN,,1.0,4,TD,4S,9.289918118155516,11.214821239424651,0.10494700898346238,0.29522870240894994,1.2181003300296838,2.0466422623090748,No,No,No,No,,ALTLOC,,data/4cys-large/output/xyz_files/3qwp_ZN_homo_d2.60_cluster3_altlocLIGB.xyz,1.53
3qww,1,homo,1,ZN,ZN,A,435,,ZN,,1.0,4,TD,4S,9.991613494070858,17.623033831526243,0.10294769608136636,0.28752849714687345,1.1966388561684667,1.4426625043862606,No,No,No,No,,,,data/4cys-large/output/xyz_files/3qww_ZN_homo_d2.60_cluster1.xyz,1.80
3qww,3,homo,1,ZN,ZN,A,437,,ZN,,1.0,4,TD,4S,6.383406697431128,12.421564807769684,0.048187810877577925,0.12203464636472283,1.242906982501353,1.7460504076953534,No,No,No,No,,,,data/4cys-large/output/xyz_files/3qww_ZN_homo_d2.60_cluster3.xyz,1.80
3qzv,2,homo,1,ZN,ZN,A,176,,ZN,,1.0,4,TD,4S,2.827301920905339,4.774664406550883,0.009598740179831717,0.02669125918477455,1.2885108543163601,1.8128488828085967,No,No,No,No,,,,data/4cys-large/output/xyz_files/3qzv_ZN_homo_d2.60_cluster2.xyz,2.00
3rig,2,homo,1,ZN,ZN,B,1002,,ZN,,1.0,4,TD,4S,6.619583509271017,10.586686163999502,0.09337099550984031,0.2353431013021372,1.1812109402586555,1.9294980263002726,No,No,No,No,,,,data/4cys-large/output/xyz_files/3rig_ZN_homo_d2.60_cluster2.xyz,2.00
3riy,1,homo,1,ZN,ZN,A,1001,,ZN,,1.0,4,TD,4S,3.775673338529442,7.744302051575161,0.021117389542234064,0.05745282222286807,1.2978766302700622,1.8083897220526233,No,No,No,No,,,,data/4cys-large/output/xyz_files/3riy_ZN_homo_d2.60_cluster1.xyz,1.55
3riy,2,homo,1,ZN,ZN,B,1002,,ZN,,1.0,4,TD,4S,4.317408805766307,7.365556152895877,0.04519987198874342,0.1193083911274484,1.2777279994987134,2.022367726676168,No,No,No,No,,,,data/4cys-large/output/xyz_files/3riy_ZN_homo_d2.60_cluster2.xyz,1.55
3rq4,1,homo,1,ZN,ZN,A,1000,,ZN,,1.0,4,TD,4S,3.9779892780436223,6.643129865592783,0.03676568516384352,0.10136076622006263,1.2605700241383895,1.4175941441294477,No,No,No,No,,,,data/4cys-large/output/xyz_files/3rq4_ZN_homo_d2.60_cluster1.xyz,1.80
3rqj,1,homo,1,ZN,ZN,A,900,,ZN,,1.0,4,TD,4S,7.686205419592004,11.966037159529279,0.048229625182790385,0.11973978586103495,1.2847022780352357,1.7309410726883183,No,No,No,No,,,,data/4cys-large/output/xyz_files/3rqj_ZN_homo_d2.60_cluster1.xyz,1.84
3rql,1,homo,1,ZN,ZN,A,900,,ZN,,1.0,4,TD,4S,7.075093346097274,11.105389640202603,0.03423444935820046,0.09272060974481233,1.270621135498663,1.798686772309979,No,No,No,No,,,,data/4cys-large/output/xyz_files/3rql_ZN_homo_d2.60_cluster1.xyz,1.93
3rqm,1,homo,1,ZN,ZN,A,900,,ZN,,1.0,4,TD,4S,7.26785385719164,10.633382940409362,0.026552171167658522,0.06837715470698313,1.2611211647640261,1.7235035291952199,No,No,No,No,,,,data/4cys-large/output/xyz_files/3rqm_ZN_homo_d2.60_cluster1.xyz,1.95
3rqn,1,homo,1,ZN,ZN,A,900,,ZN,,1.0,4,TD,4S,7.58683748913102,11.29123260575598,0.021663751118021504,0.056888278065415854,1.2496233418850076,1.7007016657864076,No,No,No,No,,,,data/4cys-large/output/xyz_files/3rqn_ZN_homo_d2.60_cluster1.xyz,1.95
3ru0,1,homo,1,ZN,ZN,A,438,,ZN,,0.8,4,TD,4S,5.949768079392016,10.13873420375279,0.06600921029319091,0.16366035690504832,1.2438745202317505,1.6793158466502065,No,No,No,No,,,,data/4cys-large/output/xyz_files/3ru0_ZN_homo_d2.60_cluster1.xyz,1.85
3ru0,3,homo,1,ZN,ZN,A,440,,ZN,,0.8,4,TD,4S,3.161801927755843,5.6576938957843055,0.0813694187060655,0.22620398396135322,1.2865566902484586,1.98261784382739,No,No,No,No,,,,data/4cys-large/output/xyz_files/3ru0_ZN_homo_d2.60_cluster3.xyz,1.85
3ru0,4,homo,1,ZN,ZN,B,438,,ZN,,0.8,4,TD,4S,4.134311176051847,7.0313128347559655,0.02509851175003873,0.06447032512567796,1.279438394812986,1.945577749524818,No,No,No,No,,,,data/4cys-large/output/xyz_files/3ru0_ZN_homo_d2.60_cluster4.xyz,1.85
3ru0,6,homo,1,ZN,ZN,B,440,,ZN,,0.8,4,TD,4S,7.683454408530101,14.1862961996694,0.05117457110120482,0.12739192142657796,1.1993058162935286,1.387579172958981,No,No,No,No,,,,data/4cys-large/output/xyz_files/3ru0_ZN_homo_d2.60_cluster6.xyz,1.85
3rui,1,homo,1,ZN,ZN,A,1,,ZN,,1.0,4,TD,4S,9.064263278310001,13.874017090579741,0.028828546474088442,0.06686777465889815,1.2192501951550971,1.8086865402882486,No,No,No,No,,,,data/4cys-large/output/xyz_files/3rui_ZN_homo_d2.60_cluster1.xyz,1.91
3s1l,1,homo,1,ZN,ZN,A,500,,ZN,,1.0,4,TD,4S,4.890754552548804,7.458058179795927,0.06203289003385845,0.1555611868025215,1.2562253847696807,1.7734785665917525,No,No,No,No,,,,data/4cys-large/output/xyz_files/3s1l_ZN_homo_d2.60_cluster1.xyz,1.90
3s1l,3,homo,1,ZN,ZN,B,500,,ZN,,1.0,4,TD,4S,6.310265745136608,10.82686693686675,0.015853186151330814,0.04219653812855384,1.229573296050304,1.3832363493447695,No,No,No,No,,,,data/4cys-large/output/xyz_files/3s1l_ZN_homo_d2.60_cluster3.xyz,1.90
3s1l,5,homo,1,ZN,ZN,C,500,,ZN,,1.0,4,TD,4S,5.800014251361727,8.430089916648797,0.02872619196025906,0.07112608417846777,1.2427503238883433,1.385291532840614,No,No,No,No,,,,data/4cys-large/output/xyz_files/3s1l_ZN_homo_d2.60_cluster5.xyz,1.90
3s1l,7,homo,1,ZN,ZN,D,500,,ZN,,1.0,4,TD,4S,19.927280457173527,35.9434139009509,0.1496656956346694,0.35257645594302023,0.949021211424138,1.2235765165203218,No,No,No,No,,,,data/4cys-large/output/xyz_files/3s1l_ZN_homo_d2.60_cluster7.xyz,1.90
3s2e,2,homo,1,ZN,ZN,A,501,,ZN,,1.0,4,TD,4S,5.763954622221092,8.418419455144658,0.011308634059367807,0.029816080895315178,1.224913667012585,1.3582304593338814,No,No,No,No,,,,data/4cys-large/output/xyz_files/3s2e_ZN_homo_d2.60_cluster2.xyz,1.76
3s2e,4,homo,1,ZN,ZN,B,501,,ZN,,1.0,4,TD,4S,5.930613460456196,9.879535100840627,0.02256079833372143,0.05474763758357026,1.2268989478957704,1.2764536090203884,No,No,No,No,,,,data/4cys-large/output/xyz_files/3s2e_ZN_homo_d2.60_cluster4.xyz,1.76
3s2e,6,homo,1,ZN,ZN,C,501,,ZN,,1.0,4,TD,4S,5.457242660536987,7.997147378589929,0.03360869744245091,0.08231730460941433,1.2247953661997113,1.2607192010719812,No,No,No,No,,,,data/4cys-large/output/xyz_files/3s2e_ZN_homo_d2.60_cluster6.xyz,1.76
3s2e,8,homo,1,ZN,ZN,D,501,,ZN,,1.0,4,TD,4S,5.227077346062475,7.312522350202002,0.04547730943714792,0.1235255681098395,1.2344309239210982,1.2850833702279885,No,No,No,No,,,,data/4cys-large/output/xyz_files/3s2e_ZN_homo_d2.60_cluster8.xyz,1.76
3s2e,10,homo,1,ZN,ZN,E,501,,ZN,,1.0,4,TD,4S,6.604410523151365,10.779832948354183,0.010125262146168493,0.025110328588944242,1.2051094649181975,1.362956974554655,No,No,No,No,,,,data/4cys-large/output/xyz_files/3s2e_ZN_homo_d2.60_cluster10.xyz,1.76
3s2e,12,homo,1,ZN,ZN,F,501,,ZN,,1.0,4,TD,4S,5.967863954867303,9.06081330409998,0.02017603905681606,0.051150651005978265,1.2259694084155908,1.387697243150283,No,No,No,No,,,,data/4cys-large/output/xyz_files/3s2e_ZN_homo_d2.60_cluster12.xyz,1.76
3s2e,14,homo,1,ZN,ZN,G,501,,ZN,,1.0,4,TD,4S,6.899913619017188,11.140411259047681,0.05868360384310777,0.15953079820422866,1.2282433179847205,1.3843153203270744,No,No,No,No,,,,data/4cys-large/output/xyz_files/3s2e_ZN_homo_d2.60_cluster14.xyz,1.76
3s2e,16,homo,1,ZN,ZN,H,501,,ZN,,1.0,4,TD,4S,6.561277538536487,11.120316433711182,0.01296458826882297,0.028073813587306873,1.2120939934556016,1.281290577051429,No,No,No,No,,,,data/4cys-large/output/xyz_files/3s2e_ZN_homo_d2.60_cluster16.xyz,1.76
3s2f,2,homo,1,ZN,ZN,A,501,,ZN,,1.0,4,TD,4S,5.754526624642267,9.316196427158687,0.02066317198811957,0.046462998205609285,1.303456378839434,1.4570324577841425,No,No,No,No,,,,data/4cys-large/output/xyz_files/3s2f_ZN_homo_d2.60_cluster2.xyz,2.00
3s2f,4,homo,1,ZN,ZN,B,501,,ZN,,1.0,4,TD,4S,6.871216125765144,11.365514024537916,0.03130166994908135,0.08168306230584577,1.2786017402450944,1.6240063870154424,No,No,No,No,,,,data/4cys-large/output/xyz_files/3s2f_ZN_homo_d2.60_cluster4.xyz,2.00
3s2f,6,homo,1,ZN,ZN,C,501,,ZN,,1.0,4,TD,4S,6.162693991206315,10.57395552967273,0.02254721554265906,0.06062907927160843,1.2986565073861602,1.371406193871688,No,No,No,No,,,,data/4cys-large/output/xyz_files/3s2f_ZN_homo_d2.60_cluster6.xyz,2.00
3s2f,8,homo,1,ZN,ZN,D,501,,ZN,,1.0,4,TD,4S,6.25609652788526,11.582333582486143,0.008890614770992913,0.021798004260097148,1.3082076801169698,1.5675897019991738,No,No,No,No,,,,data/4cys-large/output/xyz_files/3s2f_ZN_homo_d2.60_cluster8.xyz,2.00
3s2f,10,homo,1,ZN,ZN,E,501,,ZN,,1.0,4,TD,4S,5.757461418592378,8.33325273763731,0.021519579397979934,0.052228450649501656,1.2998356574078667,1.4601954374332031,No,No,No,No,,,,data/4cys-large/output/xyz_files/3s2f_ZN_homo_d2.60_cluster10.xyz,2.00
3s2f,12,homo,1,ZN,ZN,F,501,,ZN,,1.0,4,TD,4S,5.896841454704949,7.841134289293393,0.01512435716697667,0.04075210971868248,1.2956513683106734,1.5664207593174657,No,No,No,No,,,,data/4cys-large/output/xyz_files/3s2f_ZN_homo_d2.60_cluster12.xyz,2.00
3s2f,14,homo,1,ZN,ZN,G,501,,ZN,,1.0,4,TD,4S,6.664158403684816,9.21403172921866,0.01598148951972932,0.04392870742623334,1.2818384955145548,1.4763466302666588,No,No,No,No,,,,data/4cys-large/output/xyz_files/3s2f_ZN_homo_d2.60_cluster14.xyz,2.00
3s2f,16,homo,1,ZN,ZN,H,501,,ZN,,1.0,4,TD,4S,6.153595688440974,8.89546712901597,0.033263483634972044,0.0824641474325114,1.3037190653195783,1.5622698171608052,No,No,No,No,,,,data/4cys-large/output/xyz_files/3s2f_ZN_homo_d2.60_cluster16.xyz,2.00
3s2i,2,homo,1,ZN,ZN,A,501,,ZN,,1.0,4,TD,4S,3.721925410505504,5.539069716417373,0.07578153647358417,0.209789586958407,1.276220755411543,1.4796926358437186,No,No,No,No,,,,data/4cys-large/output/xyz_files/3s2i_ZN_homo_d2.60_cluster2.xyz,2.00
3s2i,4,homo,1,ZN,ZN,B,501,,ZN,,1.0,4,TD,4S,5.319967485177666,7.957303127330732,0.06987060221028622,0.18287757769300228,1.2717164436912618,1.3797724254903148,No,No,No,No,,,,data/4cys-large/output/xyz_files/3s2i_ZN_homo_d2.60_cluster4.xyz,2.00
3s2i,6,homo,1,ZN,ZN,C,501,,ZN,,1.0,4,TD,4S,11.43986399092706,17.18232129095429,0.042959096420941575,0.1020854530394475,1.1010120499280565,1.5016418593395289,No,No,No,No,,,,data/4cys-large/output/xyz_files/3s2i_ZN_homo_d2.60_cluster6.xyz,2.00
3s2i,8,homo,1,ZN,ZN,D,501,,ZN,,1.0,4,TD,4S,6.7770068132396375,10.866350487906445,0.07016133748454734,0.1953267981637774,1.2291262727668135,1.3576141142905493,No,No,No,No,,,,data/4cys-large/output/xyz_files/3s2i_ZN_homo_d2.60_cluster8.xyz,2.00
3s2i,10,homo,1,ZN,ZN,E,501,,ZN,,1.0,4,TD,4S,9.141260423375874,13.225602889815406,0.037991582965234104,0.1020053313131215,1.1543394759878562,1.390782993331777,No,No,No,No,,,,data/4cys-large/output/xyz_files/3s2i_ZN_homo_d2.60_cluster10.xyz,2.00
3s2i,12,homo,1,ZN,ZN,F,501,,ZN,,1.0,4,TD,4S,7.766053781739474,13.32244784185535,0.07849736172271485,0.1902093065703543,1.170438875897466,1.6986860098334193,No,No,No,No,,,,data/4cys-large/output/xyz_files/3s2i_ZN_homo_d2.60_cluster12.xyz,2.00
3s2i,14,homo,1,ZN,ZN,G,501,,ZN,,1.0,4,TD,4S,8.076813252356281,15.03466171099791,0.04979675303669254,0.12388402930876552,1.225777844826926,1.3462691455040086,No,No,No,No,,,,data/4cys-large/output/xyz_files/3s2i_ZN_homo_d2.60_cluster14.xyz,2.00
3s2i,16,homo,1,ZN,ZN,H,501,,ZN,,1.0,4,TD,4S,7.374217110954797,11.658250787262801,0.05197210516804061,0.14405833600002804,1.211208203973053,1.2887190714041292,No,No,No,No,,,,data/4cys-large/output/xyz_files/3s2i_ZN_homo_d2.60_cluster16.xyz,2.00
3s8p,1,homo,1,ZN,ZN,A,400,,ZN,,1.0,4,TD,4S,3.3694678931046793,5.188311823305753,0.031487917898563186,0.0849685541186953,1.283791338694828,1.5227956673631713,No,No,No,No,,,,data/4cys-large/output/xyz_files/3s8p_ZN_homo_d2.60_cluster1.xyz,1.85
3s8p,2,homo,1,ZN,ZN,B,400,,ZN,,1.0,4,TD,4S,4.112208815242004,6.412358334203887,0.06538648572344044,0.15433000707568434,1.2460575329028756,1.9614991032381355,No,No,No,No,,,,data/4cys-large/output/xyz_files/3s8p_ZN_homo_d2.60_cluster2.xyz,1.85
3sar,1,homo,1,ZN,ZN,A,300,,ZN,,1.0,4,TD,4S,6.030449511959496,11.691132669375477,0.010554589652067582,0.029027338412962678,1.2473471349324008,1.8836975453927745,No,No,No,No,,,,data/4cys-large/output/xyz_files/3sar_ZN_homo_d2.60_cluster1.xyz,1.95
3sau,1,homo,1,ZN,ZN,A,300,,ZN,,1.0,4,TD_d,4S,16.0667693666107,28.77923698287381,0.2798291230871567,0.6614013739775171,1.1475221936228852,1.627888037980123,No,No,Yes,No,,,,data/4cys-large/output/xyz_files/3sau_ZN_homo_d2.60_cluster1.xyz,1.65
3shb,1,homo,1,ZN,ZN,A,1001,,ZN,,0.86,4,TD,4S,6.3095907438523975,13.511905792880441,0.05295644747029339,0.14219845294056865,1.2566523377730343,1.9187480835619801,No,No,No,No,,,,data/4cys-large/output/xyz_files/3shb_ZN_homo_d2.60_cluster1.xyz,1.80
3shb,3,homo,1,ZN,ZN,A,1003,,ZN,,0.81,4,TD,4S,2.0041407885282325,3.69277797941632,0.04314701563386938,0.10927433324885216,1.314175954965552,2.0565903688030267,No,No,No,No,,,,data/4cys-large/output/xyz_files/3shb_ZN_homo_d2.60_cluster3.xyz,1.80
3sou,1,homo,1,ZN,ZN,A,1,,ZN,,1.0,4,TD,4S,5.572972287080059,12.006792340250968,0.035918340514008204,0.09786923319708718,1.267014855106946,1.8268711918210623,No,No,No,No,,,,data/4cys-large/output/xyz_files/3sou_ZN_homo_d2.60_cluster1.xyz,1.80
3sou,3,homo,1,ZN,ZN,A,3,,ZN,,1.0,4,TD,4S,2.620116271184859,5.059086458252239,0.010525343609910595,0.029540885131968952,1.3134189014632096,1.909163864925855,No,No,No,No,,,,data/4cys-large/output/xyz_files/3sou_ZN_homo_d2.60_cluster3.xyz,1.80
3sou,6,homo,1,ZN,ZN,B,5,,ZN,,1.0,4,TD,4S,4.654638614812842,9.784366248652816,0.032185769258767115,0.0899181924050172,1.2610983408350993,1.8471515509311196,No,No,No,No,,,,data/4cys-large/output/xyz_files/3sou_ZN_homo_d2.60_cluster6.xyz,1.80
3sou,7,homo,1,ZN,ZN,B,6,,ZN,,1.0,4,TD,4S,1.8043862830798292,3.3658746359217844,0.005957657625803497,0.01585160960561005,1.3360143587857798,1.995127462471415,No,No,No,No,,,,data/4cys-large/output/xyz_files/3sou_ZN_homo_d2.60_cluster7.xyz,1.80
3sow,1,homo,1,ZN,ZN,A,1,,ZN,,1.0,4,TD,4S,4.384498788854926,9.168448698063429,0.05485827125429211,0.14582660580213114,1.2892752756159855,2.0379475902037543,No,No,No,No,,,,data/4cys-large/output/xyz_files/3sow_ZN_homo_d2.60_cluster1.xyz,1.95
3sow,3,homo,1,ZN,ZN,A,3,,ZN,,1.0,4,TD,4S,2.901675959467282,4.837709822906859,0.030292896268963886,0.07839020190779689,1.353602785586822,1.7272149980592078,No,No,No,No,,,,data/4cys-large/output/xyz_files/3sow_ZN_homo_d2.60_cluster3.xyz,1.95
3sow,6,homo,1,ZN,ZN,B,5,,ZN,,1.0,4,TD,4S,4.6391015871645624,9.522968852067152,0.03459062990403302,0.08727902877018678,1.2679695437993441,1.88367405073078,No,No,No,No,,,,data/4cys-large/output/xyz_files/3sow_ZN_homo_d2.60_cluster6.xyz,1.95
3sow,7,homo,1,ZN,ZN,B,6,,ZN,,1.0,4,TD,4S,3.219996421391238,6.246029570834352,0.06699958825485224,0.17326353096431069,1.3163395802410784,1.5746082070684024,No,No,No,No,,,,data/4cys-large/output/xyz_files/3sow_ZN_homo_d2.60_cluster7.xyz,1.95
3t6p,1,homo,1,ZN,ZN,A,1001,,ZN,,1.0,4,TD,4S,3.6467317352898627,6.518954497779404,0.01374236384710872,0.030995971863136962,1.3216019510674824,1.5175870827643299,No,No,No,No,,,,data/4cys-large/output/xyz_files/3t6p_ZN_homo_d2.60_cluster1.xyz,1.90
3t6r,1,homo,1,ZN,ZN,A,1,,ZN,,1.0,4,TD,4S,3.3484672236421087,6.763879668607117,0.012951210542057912,0.03463084642862224,1.2842638415603147,1.725174830001416,No,No,No,No,,,,data/4cys-large/output/xyz_files/3t6r_ZN_homo_d2.60_cluster1.xyz,1.95
3t6r,3,homo,1,ZN,ZN,A,3,,ZN,,1.0,4,TD,4S,1.906953991983125,2.929723474319829,0.024603267848031456,0.06289541894732453,1.3017271113710907,1.9064930716405641,No,No,No,No,,,,data/4cys-large/output/xyz_files/3t6r_ZN_homo_d2.60_cluster3.xyz,1.95
3t6r,5,homo,1,ZN,ZN,B,4,,ZN,,1.0,4,TD,4S,3.6373843595645305,8.14230705387105,0.007839198661589785,0.021877321910798386,1.2770686046498516,1.85082246557809,No,No,No,No,,,,data/4cys-large/output/xyz_files/3t6r_ZN_homo_d2.60_cluster5.xyz,1.95
3t6r,7,homo,1,ZN,ZN,B,6,,ZN,,1.0,4,TD,4S,1.3171301379174722,2.727294789917039,0.0386520892951662,0.09576514761886123,1.3103436626730347,2.0140743082001067,No,No,No,No,,,,data/4cys-large/output/xyz_files/3t6r_ZN_homo_d2.60_cluster7.xyz,1.95
3t7l,1,homo,1,ZN,ZN,A,1,,ZN,,1.0,4,TD,4S,4.269147211071911,6.256105961828098,0.0184322702271146,0.047521911634711866,1.2796284635607191,1.927798230579558,No,No,No,No,,,,data/4cys-large/output/xyz_files/3t7l_ZN_homo_d2.60_cluster1.xyz,1.09
3t7l,2,homo,1,ZN,ZN,A,2,,ZN,,1.0,4,TD,4S,4.982506719701273,7.83782584921623,0.01921271592210609,0.05198870485022544,1.2879390062265303,1.670768138531821,No,No,No,No,,,,data/4cys-large/output/xyz_files/3t7l_ZN_homo_d2.60_cluster2.xyz,1.09
3tg4,1,homo,1,ZN,ZN,A,435,,ZN,,1.0,4,TD,4S,6.9837613596903525,11.246925840806554,0.014123800078136925,0.03588417222015128,1.2459659608210243,1.8207886558589284,No,No,No,No,,,,data/4cys-large/output/xyz_files/3tg4_ZN_homo_d2.60_cluster1.xyz,2.00
3tg4,3,homo,1,ZN,ZN,A,437,,ZN,,1.0,4,TD,4S,8.988332639728169,18.595754335107117,0.01498416627523153,0.038634881877010585,1.1775097026801953,1.6923254834741615,No,No,No,No,,,,data/4cys-large/output/xyz_files/3tg4_ZN_homo_d2.60_cluster3.xyz,2.00
3tsu,1,homo,1,ZN,ZN,A,1,,ZN,,1.0,4,TD,4S,10.280060619959007,18.753366044923126,0.06080270231377955,0.15732920185500543,1.2210445551772446,1.6892965246253817,No,No,No,No,,,,data/4cys-large/output/xyz_files/3tsu_ZN_homo_d2.60_cluster1.xyz,1.92
3tsu,2,homo,1,ZN,ZN,A,2,,ZN,,1.0,4,TD_d,4S,10.410645862076663,14.322870144669608,0.2946357113917503,0.7347992722756693,1.1481607917465992,1.9179855761816589,No,No,Yes,No,,,,data/4cys-large/output/xyz_files/3tsu_ZN_homo_d2.60_cluster2.xyz,1.92
3ttc,1,homo,1,ZN,ZN,A,1,,ZN,,1.0,4,TD,4S,6.61325820993455,10.927302925810835,0.012555666028182854,0.03038865091880716,1.239721791083214,1.581055029289628,No,No,No,No,,,,data/4cys-large/output/xyz_files/3ttc_ZN_homo_d2.60_cluster1.xyz,1.86
3ttc,2,homo,1,ZN,ZN,A,2,,ZN,,1.0,4,TD,4S,5.903688296351052,8.374562571473689,0.04751365817259028,0.13198017445105048,1.2593207462207991,2.0085187257781176,No,No,No,No,,,,data/4cys-large/output/xyz_files/3ttc_ZN_homo_d2.60_cluster2.xyz,1.86
3ttf,1,homo,1,ZN,ZN,A,1,,ZN,,1.0,4,TD,4S,9.026605795940025,13.597608901311219,0.08526827932692851,0.21568216262579076,1.2167832587326102,1.8988941445638525,No,No,No,No,,,,data/4cys-large/output/xyz_files/3ttf_ZN_homo_d2.60_cluster1.xyz,1.92
3ttf,2,homo,1,ZN,ZN,A,2,,ZN,,1.0,4,TD_d,4S,8.449215307805813,14.91281536657327,0.3483899948702528,0.9609180713067493,1.2164171987197567,1.9005277701405972,No,No,Yes,No,,,,data/4cys-large/output/xyz_files/3ttf_ZN_homo_d2.60_cluster2.xyz,1.92
3tyl,1,homo,1,ZN,ZN,A,900,,ZN,,1.0,4,TD,4S,7.472118917720464,11.137014152823923,0.03332482957499496,0.09167495498497091,1.2455447196755818,1.8242375000091053,No,No,No,No,,,,data/4cys-large/output/xyz_files/3tyl_ZN_homo_d2.60_cluster1.xyz,1.90
3tym,1,homo,1,ZN,ZN,A,900,,ZN,,1.0,4,TD,4S,6.693490550031664,10.009191950725764,0.04842113413533902,0.11289411350798773,1.2652824298379481,1.8065884584906475,No,No,No,No,,,,data/4cys-large/output/xyz_files/3tym_ZN_homo_d2.60_cluster1.xyz,2.00
3tyn,1,homo,1,ZN,ZN,A,900,,ZN,,1.0,4,TD,4S,7.497665440290654,12.192605339899757,0.0234909351610837,0.06306924722232266,1.2695874093335626,1.8206439184153658,No,No,No,No,,,,data/4cys-large/output/xyz_files/3tyn_ZN_homo_d2.60_cluster1.xyz,1.97
3tyo,1,homo,1,ZN,ZN,A,900,,ZN,,1.0,4,TD,4S,7.697091066735319,10.72398478452449,0.025572939000155354,0.05752973215507362,1.2239431593721501,1.6160733182147644,No,No,No,No,,,,data/4cys-large/output/xyz_files/3tyo_ZN_homo_d2.60_cluster1.xyz,1.93
3u52,1,homo,1,ZN,ZN,A,514,,ZN,,1.0,4,TD,4S,3.3927272987647257,5.905067482904187,0.05697354779911258,0.12597001370194283,1.288288596193563,1.7329405447453115,No,No,No,No,,,,data/4cys-large/output/xyz_files/3u52_ZN_homo_d2.60_cluster1.xyz,1.95
3u52,2,homo,1,ZN,ZN,B,514,,ZN,,1.0,4,TD,4S,5.076120629885455,8.796978184700293,0.08190218743343824,0.18637470003551426,1.274626899709377,1.8993850720539118,No,No,No,No,,,,data/4cys-large/output/xyz_files/3u52_ZN_homo_d2.60_cluster2.xyz,1.95
3u5n,2,homo,1,ZN,ZN,A,2,,ZN,,1.0,4,TD,4S,4.435774827315198,8.24137058531717,0.036267492991136824,0.10231972966412517,1.3222878785753054,2.022751710008398,No,No,No,No,,,,data/4cys-large/output/xyz_files/3u5n_ZN_homo_d2.60_cluster2.xyz,1.95
3u5n,4,homo,1,ZN,ZN,B,2,,ZN,,1.0,4,TD,4S,5.327660435010305,8.283573081398288,0.0538623075052929,0.11538738561269968,1.3240645899884607,1.961255974892972,No,No,No,No,,,,data/4cys-large/output/xyz_files/3u5n_ZN_homo_d2.60_cluster4.xyz,1.95
3u6c,1,homo,1,ZN,ZN,A,300,,ZN,,1.0,4,TD,4S,6.28988533618509,12.566352303690607,0.03544524789389526,0.08850801142614362,1.2574414852966158,1.845762924704825,No,No,No,No,,,,data/4cys-large/output/xyz_files/3u6c_ZN_homo_d2.60_cluster1.xyz,1.80
3u6d,1,homo,1,ZN,ZN,A,300,,ZN,,1.0,4,TD,4S,6.113556766503006,11.376745614948177,0.039662428570022785,0.11027052575476004,1.247355390638958,1.8398692106107202,No,No,No,No,,,,data/4cys-large/output/xyz_files/3u6d_ZN_homo_d2.60_cluster1.xyz,1.87
3u6e,1,homo,1,ZN,ZN,A,300,,ZN,,1.0,4,TD,4S,6.037040080322432,11.77299191778765,0.03747668558816127,0.09215492976969397,1.2504024086850993,1.8852206808835708,No,No,No,No,,,,data/4cys-large/output/xyz_files/3u6e_ZN_homo_d2.60_cluster1.xyz,1.70
3u6l,1,homo,1,ZN,ZN,A,300,,ZN,,1.0,4,TD,4S,6.684838875867465,13.353797379053063,0.035349567273319706,0.09447838907933193,1.2207751993415419,1.7777574228480977,No,No,No,No,,,,data/4cys-large/output/xyz_files/3u6l_ZN_homo_d2.60_cluster1.xyz,1.97
3u6o,1,homo,1,ZN,ZN,A,300,,ZN,,1.0,4,TD,4S,6.825952315459853,13.007985313417194,0.0112207228607224,0.028325260888867998,1.2318429001073719,1.8283672755376368,No,No,No,No,,,,data/4cys-large/output/xyz_files/3u6o_ZN_homo_d2.60_cluster1.xyz,1.90
3u6p,1,homo,1,ZN,ZN,A,300,,ZN,,1.0,4,TD,4S,5.9259783663169605,11.127685314779114,0.02444714664112971,0.06234952047326203,1.2498516894652216,1.8404046582064426,No,No,No,No,,,,data/4cys-large/output/xyz_files/3u6p_ZN_homo_d2.60_cluster1.xyz,1.60
3u6q,1,homo,1,ZN,ZN,A,300,,ZN,,1.0,4,TD,4S,7.288558718936645,14.171125429224844,0.03785544612403049,0.09047997153174592,1.2238159071004002,1.7710882194873163,No,No,No,No,,,,data/4cys-large/output/xyz_files/3u6q_ZN_homo_d2.60_cluster1.xyz,1.98
3u6s,1,homo,1,ZN,ZN,A,300,,ZN,,1.0,4,TD,4S,6.2996206879093855,12.326896077136439,0.0365168721722129,0.09259734814227105,1.241054597812057,1.7632958158587795,No,No,No,No,,,,data/4cys-large/output/xyz_files/3u6s_ZN_homo_d2.60_cluster1.xyz,1.77
3ufs,1,homo,1,ZN,ZN,A,900,,ZN,,1.0,4,TD,4S,7.500658984388449,12.44627372841569,0.05804504790093193,0.1576938762728064,1.2609604190865293,1.8884119059338795,No,No,No,No,,,,data/4cys-large/output/xyz_files/3ufs_ZN_homo_d2.60_cluster1.xyz,1.97
3ufu,1,homo,1,ZN,ZN,A,900,,ZN,,1.0,4,TD,4S,7.105180406628532,10.708140127065889,0.019041059898909883,0.04973927215711882,1.2443425601534672,1.7198955794208923,No,No,No,No,,,,data/4cys-large/output/xyz_files/3ufu_ZN_homo_d2.60_cluster1.xyz,1.89
3ufw,1,homo,1,ZN,ZN,A,900,,ZN,,1.0,4,TD,4S,8.516070801863572,14.212027887496092,0.05272699057600747,0.13041412453262335,1.2211991827638196,1.8910444156865198,No,No,No,No,,,,data/4cys-large/output/xyz_files/3ufw_ZN_homo_d2.60_cluster1.xyz,2.00
3uko,1,homo,1,ZN,ZN,A,400,,ZN,,1.0,4,TD,4S,5.226179593388804,7.331035210535177,0.05112995764096839,0.14031896117937936,1.2234604146818342,1.4496294774240877,No,No,No,No,,ALTLOC,,data/4cys-large/output/xyz_files/3uko_ZN_homo_d2.60_cluster1_altlocLIGA.xyz,1.40
3uko,1,homo,1,ZN,ZN,A,400,,ZN,,1.0,4,TD,4S,5.226179593388804,7.331035210535177,0.05112995764096839,0.14031896117937936,1.2234604146818342,1.4496294774240877,No,No,No,No,,ALTLOC,,data/4cys-large/output/xyz_files/3uko_ZN_homo_d2.60_cluster1_altlocLIGB.xyz,1.40
3uko,3,homo,1,ZN,ZN,B,400,,ZN,,1.0,4,TD,4S,4.896345971478461,7.376884536495027,0.024087641811339,0.06015600276114119,1.2241909432242206,1.4438997465741104,No,No,No,No,,ALTLOC,,data/4cys-large/output/xyz_files/3uko_ZN_homo_d2.60_cluster3_altlocLIGA.xyz,1.40
3uko,3,homo,1,ZN,ZN,B,400,,ZN,,1.0,4,TD,4S,4.896345971478461,7.376884536495027,0.024087641811339,0.06015600276114119,1.2241909432242206,1.4438997465741104,No,No,No,No,,ALTLOC,,data/4cys-large/output/xyz_files/3uko_ZN_homo_d2.60_cluster3_altlocLIGB.xyz,1.40
3v43,1,homo,1,ZN,ZN,A,1,,ZN,,1.0,4,TD,4S,3.4987930815965353,6.418120151488637,0.008506835983727838,0.023079013675917803,1.2892637438896453,2.034857096685276,No,No,No,No,,,,data/4cys-large/output/xyz_files/3v43_ZN_homo_d2.60_cluster1.xyz,1.47
3v43,3,homo,1,ZN,ZN,A,3,,ZN,,1.0,4,TD,4S,2.6392793538088632,4.0429147292651635,0.017831234766026903,0.04103516963251064,1.294371556854069,1.9767567136019344,No,No,No,No,,,,data/4cys-large/output/xyz_files/3v43_ZN_homo_d2.60_cluster3.xyz,1.47
3v6c,1,homo,1,ZN,ZN,A,703,,ZN,,1.0,4,TD,4S,2.4193515345673076,4.7277785258015115,0.03290449393892677,0.09019454051830067,1.3197361037139457,1.9431148447151156,No,No,No,No,,,,data/4cys-large/output/xyz_files/3v6c_ZN_homo_d2.60_cluster1.xyz,1.70
3vd6,1,homo,1,ZN,ZN,C,500,,ZN,,1.0,4,TD,4S,5.17200321862608,9.067668174095516,0.03945472628265099,0.10724106867045613,1.2326396290040411,1.7313027020181009,No,No,No,No,,,,data/4cys-large/output/xyz_files/3vd6_ZN_homo_d2.60_cluster1.xyz,1.98
3vd6,2,homo,1,ZN,ZN,C,501,,ZN,,1.0,4,TD,4S,4.601658346506698,6.432211923536016,0.07716201752572766,0.21125048767386279,1.2320307028762176,2.038692898974163,No,No,No,No,,,,data/4cys-large/output/xyz_files/3vd6_ZN_homo_d2.60_cluster2.xyz,1.98
3vh3,1,homo,1,ZN,ZN,A,701,,ZN,,1.0,4,TD,4S,8.69059668046536,11.957880221343828,0.05409138691546197,0.12817628259789826,1.1921692103236023,1.521365961984898,No,No,No,No,,,,data/4cys-large/output/xyz_files/3vh3_ZN_homo_d2.60_cluster1.xyz,2.00
3vk6,2,homo,1,ZN,ZN,A,103,,ZN,,1.0,4,TD,4S,2.7760599471518432,4.975385977308903,0.021498948554943234,0.05283913029677345,1.3079512993354974,1.879868763463151,No,No,No,No,,,,data/4cys-large/output/xyz_files/3vk6_ZN_homo_d2.60_cluster2.xyz,1.90
3vth,1,homo,1,ZN,ZN,A,801,,ZN,,1.0,4,TD,4S,7.95691394026672,12.788569139878291,0.012115302633322937,0.03302188629452818,1.1959084231693284,1.437334231661992,No,No,No,No,,,,data/4cys-large/output/xyz_files/3vth_ZN_homo_d2.60_cluster1.xyz,2.00
3vth,2,homo,1,ZN,ZN,A,802,,ZN,,1.0,4,TD,4S,5.364850555114182,7.904138403036001,0.006778549695794021,0.0174208395330977,1.2744485536954377,1.661428108301791,No,No,No,No,,,,data/4cys-large/output/xyz_files/3vth_ZN_homo_d2.60_cluster2.xyz,2.00
3vth,3,homo,1,ZN,ZN,B,802,,ZN,,1.0,4,TD,4S,7.488318363207087,12.899795689080122,0.0036325086832945316,0.009990138802913329,1.2027733153908158,1.9872297513644988,No,No,No,No,,,,data/4cys-large/output/xyz_files/3vth_ZN_homo_d2.60_cluster3.xyz,2.00
3vuw,1,homo,1,ZN,ZN,E,801,,ZN,,1.0,4,TD,4S,6.311979212372823,14.221035926661557,0.04651702472648774,0.11259775997009314,1.2585904470478289,1.9044196383245202,No,No,No,No,,,,data/4cys-large/output/xyz_files/3vuw_ZN_homo_d2.60_cluster1.xyz,1.95
3vuw,2,homo,1,ZN,ZN,F,801,,ZN,,1.0,4,TD,4S,6.095824670994707,13.015995361059268,0.02579033228933372,0.05743992818789634,1.2708724988720796,1.8286804826789143,No,No,No,No,,,,data/4cys-large/output/xyz_files/3vuw_ZN_homo_d2.60_cluster2.xyz,1.95
3vuw,3,homo,1,ZN,ZN,G,801,,ZN,,1.0,4,TD,4S,3.802167177508186,8.257739945181243,0.029483445024853304,0.07525400818860595,1.3435199610065236,2.020076082650837,No,No,No,No,,,,data/4cys-large/output/xyz_files/3vuw_ZN_homo_d2.60_cluster3.xyz,1.95
3vux,1,homo,1,ZN,ZN,E,801,,ZN,,1.0,4,TD,4S,7.270642646281141,14.3548906416531,0.06569782568886733,0.17756024533323123,1.29369343098175,1.614703635881094,No,No,No,No,,,,data/4cys-large/output/xyz_files/3vux_ZN_homo_d2.60_cluster1.xyz,1.70
3vux,2,homo,1,ZN,ZN,F,801,,ZN,,1.0,4,TD,4S,7.089107210665676,14.956827417592166,0.02503479410582072,0.067978274217944,1.307849616690362,1.898343736842365,No,No,No,No,,,,data/4cys-large/output/xyz_files/3vux_ZN_homo_d2.60_cluster2.xyz,1.70
3vux,3,homo,1,ZN,ZN,G,801,,ZN,,1.0,4,TD,4S,7.709316881436514,14.549177666938746,0.053223651644275595,0.12766095065354666,1.3051574015587686,1.8421406751222855,No,No,No,No,,,,data/4cys-large/output/xyz_files/3vux_ZN_homo_d2.60_cluster3.xyz,1.70
3vuy,1,homo,1,ZN,ZN,D,801,,ZN,,1.0,4,TD,4S,10.339798240002974,18.964039803622924,0.04799593218623018,0.11819061862827018,1.358954091382812,2.109970509671689,No,No,No,No,,,,data/4cys-large/output/xyz_files/3vuy_ZN_homo_d2.60_cluster1.xyz,1.98
3vuy,2,homo,1,ZN,ZN,F,801,,ZN,,1.0,4,TD,4S,10.160258450332416,19.854371936252377,0.04858005643822148,0.10150999124801574,1.3655837566308549,2.1042300731841026,No,No,No,No,,,,data/4cys-large/output/xyz_files/3vuy_ZN_homo_d2.60_cluster2.xyz,1.98
3vuy,3,homo,1,ZN,ZN,E,801,,ZN,,1.0,4,TD,4S,9.512141183561512,17.59621892414384,0.046963231005756174,0.12946356849439544,1.3736021134350767,2.2061081214478087,No,No,No,No,,,,data/4cys-large/output/xyz_files/3vuy_ZN_homo_d2.60_cluster3.xyz,1.98
3w0f,1,homo,1,ZN,ZN,A,301,,ZN,,1.0,4,TD,4S,11.14858022913981,21.387100614664377,0.1298763381799782,0.35226367432079186,1.1349166370291672,1.635710987377497,No,No,No,No,,,,data/4cys-large/output/xyz_files/3w0f_ZN_homo_d2.60_cluster1.xyz,2.00
3wg7,1,homo,1,ZN,ZN,F,101,,ZN,,1.0,4,TD,4S,5.285708444583717,10.947500545336837,0.02917753244289109,0.07251090308055375,1.2700809097954018,1.757072142304628,No,No,No,No,,,,data/4cys-large/output/xyz_files/3wg7_ZN_homo_d2.60_cluster1.xyz,1.90
3wg7,2,homo,1,ZN,ZN,S,101,,ZN,,1.0,4,TD,4S,2.9397286578301065,4.954479020400271,0.013329778755176016,0.034165245569180325,1.2994212778850296,1.4782367063623278,No,No,No,No,,,,data/4cys-large/output/xyz_files/3wg7_ZN_homo_d2.60_cluster2.xyz,1.90
3wwl,1,homo,1,ZN,ZN,A,102,,ZN,,1.0,4,TD,4S,1.1125850778373754,1.3402822935788663,0.007932494848120185,0.02022799747412707,1.3321753141630237,1.7471888616238465,No,No,No,No,,,,data/4cys-large/output/xyz_files/3wwl_ZN_homo_d2.60_cluster1.xyz,1.20
3wwn,1,homo,1,ZN,ZN,B,101,,ZN,,1.0,4,TD,4S,3.011033773212469,4.57884073441538,0.021939818118992437,0.05375558716070916,1.2901625080790655,2.009467341647493,No,No,No,No,,,,data/4cys-large/output/xyz_files/3wwn_ZN_homo_d2.60_cluster1.xyz,1.85
3wx1,1,homo,1,ZN,ZN,A,501,,ZN,,1.0,4,TD,4S,8.847427318698887,15.616162644701248,0.017678121730446708,0.036632247571420695,1.1541861593086298,1.488043577667834,No,No,No,No,,,,data/4cys-large/output/xyz_files/3wx1_ZN_homo_d2.60_cluster1.xyz,1.93
3wx1,2,homo,1,ZN,ZN,B,501,,ZN,,1.0,4,TD,4S,7.416620441917292,13.146463267534102,0.018154143491405966,0.05098527657137142,1.1876407197481065,1.608754873509287,No,No,No,No,,,,data/4cys-large/output/xyz_files/3wx1_ZN_homo_d2.60_cluster2.xyz,1.93
3wx2,1,homo,1,ZN,ZN,A,501,,ZN,,1.0,4,TD,4S,9.172451565040532,16.056216023742138,0.013973504738600727,0.038165177084709345,1.1472603280029008,1.4395556019779627,No,No,No,No,,,,data/4cys-large/output/xyz_files/3wx2_ZN_homo_d2.60_cluster1.xyz,2.00
3wx2,2,homo,1,ZN,ZN,B,501,,ZN,,1.0,4,TD,4S,8.074990065613752,14.520953665642153,0.010253418068338238,0.023746939816602364,1.1863782538936525,1.5803184064540055,No,No,No,No,,,,data/4cys-large/output/xyz_files/3wx2_ZN_homo_d2.60_cluster2.xyz,2.00
3x2q,1,homo,1,ZN,ZN,F,101,,ZN,,1.0,4,TD,4S,3.6625028640022634,7.660723337410289,0.01939378885046713,0.049043728317303525,1.2845032170276967,1.4644249729123746,No,No,No,No,,,,data/4cys-large/output/xyz_files/3x2q_ZN_homo_d2.60_cluster1.xyz,2.00
3x2q,2,homo,1,ZN,ZN,S,101,,ZN,,1.0,4,TD,4S,3.981395372517519,7.9479104128356255,0.025878408640321413,0.06939656306184583,1.2894188798873505,1.7057056689050498,No,No,No,No,,,,data/4cys-large/output/xyz_files/3x2q_ZN_homo_d2.60_cluster2.xyz,2.00
3zgo,1,homo,1,ZN,ZN,A,400,,ZN,,1.0,4,TD,4S,6.363132326753504,13.553278545102415,0.03351046673243841,0.09321409349115539,1.209746717964434,1.685983644672855,No,No,No,No,,,,data/4cys-large/output/xyz_files/3zgo_ZN_homo_d2.60_cluster1.xyz,1.63
3zgo,2,homo,1,ZN,ZN,B,400,,ZN,,1.0,4,TD,4S,6.416956433640999,12.637448891642435,0.06946333750128142,0.16129045413595433,1.2096044022309036,1.7256247866600196,No,No,No,No,,,,data/4cys-large/output/xyz_files/3zgo_ZN_homo_d2.60_cluster2.xyz,1.63
3zgo,3,homo,1,ZN,ZN,C,400,,ZN,,1.0,4,TD,4S,7.1639126664635215,15.228829200866613,0.010318060184511535,0.027888273933057484,1.1983085714286936,1.7024496243150593,No,No,No,No,,,,data/4cys-large/output/xyz_files/3zgo_ZN_homo_d2.60_cluster3.xyz,1.63
3zli,1,homo,1,ZN,ZN,A,4002,,ZN,,1.0,4,TD,4S,3.3792635584641366,6.207368038200215,0.044855425207485575,0.1179355550902228,1.3038958440829016,1.9385389325483735,No,No,No,No,,,,data/4cys-large/output/xyz_files/3zli_ZN_homo_d2.60_cluster1.xyz,1.80
3zli,2,homo,1,ZN,ZN,B,4002,,ZN,,1.0,4,TD,4S,2.8687789447610386,4.925677235279011,0.0492768364870309,0.12173520109152802,1.2970876951188073,1.8501484615245858,No,No,No,No,,,,data/4cys-large/output/xyz_files/3zli_ZN_homo_d2.60_cluster2.xyz,1.80
3zpo,1,homo,1,ZN,ZN,A,1901,,ZN,,1.0,4,TD,4S,2.977163379043587,4.769006976326864,0.0779945916021642,0.19131590756342165,1.2848184569302687,1.9324409820377884,No,No,No,No,,,,data/4cys-large/output/xyz_files/3zpo_ZN_homo_d2.60_cluster1.xyz,2.00
3zpo,2,homo,1,ZN,ZN,B,1902,,ZN,,1.0,4,TD,4S,3.7851621297844167,5.359896953841513,0.05891878495374944,0.15712104050470233,1.2880359501672702,1.737354036882312,No,No,No,No,,,,data/4cys-large/output/xyz_files/3zpo_ZN_homo_d2.60_cluster2.xyz,2.00
3zvs,2,homo,1,ZN,ZN,A,1160,,ZN,,1.0,4,TD,4S,2.006958583129078,3.0531488026653335,0.017521015178362125,0.042545804259880526,1.308936386447202,1.3704583907688637,No,No,No,No,,,,data/4cys-large/output/xyz_files/3zvs_ZN_homo_d2.60_cluster2.xyz,1.40
3zvs,4,homo,1,ZN,ZN,B,1162,,ZN,,1.0,4,TD,4S,1.5888421793480174,2.4470149412268682,0.037200468092252595,0.09051203576736722,1.31263930376662,2.0681617280530986,No,No,No,No,,,,data/4cys-large/output/xyz_files/3zvs_ZN_homo_d2.60_cluster4.xyz,1.40
3zvs,6,homo,1,ZN,ZN,C,1160,,ZN,,1.0,4,TD,4S,2.817697499510662,4.500102360844323,0.02246390811712884,0.05504044264606067,1.304897679218199,1.8418804026753492,No,No,No,No,,,,data/4cys-large/output/xyz_files/3zvs_ZN_homo_d2.60_cluster6.xyz,1.40
3zvy,1,homo,1,ZN,ZN,A,1365,,ZN,,0.9,4,TD,4S,4.4695540596846755,9.616083833692684,0.030700152891139997,0.08311395772596608,1.2746023392313632,1.8163199159498522,No,No,No,No,,ALTLOC,,data/4cys-large/output/xyz_files/3zvy_ZN_homo_d2.60_cluster1_altlocLIGA.xyz,1.95
3zvy,1,homo,1,ZN,ZN,A,1365,,ZN,,0.9,4,TD,4S,4.4695540596846755,9.616083833692684,0.030700152891139997,0.08311395772596608,1.2746023392313632,1.8163199159498522,No,No,No,No,,ALTLOC,,data/4cys-large/output/xyz_files/3zvy_ZN_homo_d2.60_cluster1_altlocLIGB.xyz,1.95
3zvy,3,homo,1,ZN,ZN,A,1367,,ZN,,0.9,4,TD,4S,3.8344130321191594,6.409195694916917,0.07901732616359447,0.21971292698272693,1.3470271751963039,1.9321849649261145,No,No,No,No,,,,data/4cys-large/output/xyz_files/3zvy_ZN_homo_d2.60_cluster3.xyz,1.95
3zvy,5,homo,1,ZN,ZN,B,1366,,ZN,,0.9,4,TD,4S,4.234384001298084,8.857561927224921,0.05964776596668464,0.15822123966630075,1.2668417754806187,1.8407568049957004,No,No,No,No,,,,data/4cys-large/output/xyz_files/3zvy_ZN_homo_d2.60_cluster5.xyz,1.95
3zvy,7,homo,1,ZN,ZN,B,1368,,ZN,,0.9,4,TD,4S,4.513612657950118,7.621585377636862,0.05919687082074268,0.1569283089580238,1.3161632181148597,1.6560508665317348,No,No,No,No,,,,data/4cys-large/output/xyz_files/3zvy_ZN_homo_d2.60_cluster7.xyz,1.95
3zvz,2,homo,1,ZN,ZN,B,434,,ZN,,1.0,4,TD,4S,3.5152436390844164,6.101306942054762,0.01947228411095188,0.05014025848977788,1.295129796941063,2.0007958065995473,No,No,No,No,,,,data/4cys-large/output/xyz_files/3zvz_ZN_homo_d2.60_cluster2.xyz,1.45
3zyq,1,homo,1,ZN,ZN,A,1222,,ZN,,1.0,4,TD,4S,4.169733910713654,5.6788589935561475,0.040157134915323585,0.09709852136840125,1.252779565174929,1.8025187666921232,No,No,No,No,,,,data/4cys-large/output/xyz_files/3zyq_ZN_homo_d2.60_cluster1.xyz,1.48
3zyq,2,homo,1,ZN,ZN,A,1223,,ZN,,1.0,4,TD,4S,7.261002755858899,12.742012118762887,0.03568485398721331,0.09661082557625278,1.246825851646502,1.8681641784131529,No,No,No,No,,,,data/4cys-large/output/xyz_files/3zyq_ZN_homo_d2.60_cluster2.xyz,1.48
4a2c,1,homo,1,ZN,ZN,A,1349,,ZN,,1.0,4,TD,4S,5.9933058167594355,9.386401449107709,0.01579607547913826,0.041763409003879204,1.1989068810478862,1.241444354086329,No,No,No,No,,,,data/4cys-large/output/xyz_files/4a2c_ZN_homo_d2.60_cluster1.xyz,1.87
4a2c,2,homo,1,ZN,ZN,B,1348,,ZN,,1.0,4,TD,4S,6.197040190045678,9.286159066608775,0.05542230355906148,0.14366709305412861,1.1867094562037197,1.478270453163208,No,No,No,No,,,,data/4cys-large/output/xyz_files/4a2c_ZN_homo_d2.60_cluster2.xyz,1.87
4a2v,1,homo,1,ZN,ZN,A,1000,,ZN,,1.0,4,TD,4S,3.780600627296865,6.855484917846269,0.018957671906562126,0.0439412856268766,1.2934723930572487,1.9332859896723318,No,No,No,No,,,,data/4cys-large/output/xyz_files/4a2v_ZN_homo_d2.60_cluster1.xyz,1.44
4a46,1,homo,1,ZN,ZN,A,65,,ZN,,1.0,4,TD,4S,7.383595864663514,11.07775108793814,0.020842098850751844,0.051428125658462776,1.1769110420658317,1.3507805590064654,No,No,No,No,,,,data/4cys-large/output/xyz_files/4a46_ZN_homo_d2.60_cluster1.xyz,1.85
4a46,2,homo,1,ZN,ZN,C,65,,ZN,,1.0,4,TD,4S,7.263571616596476,13.076722769247382,0.07357144823140101,0.19111949593287125,1.1795069930224897,1.4513448603677412,No,No,No,No,,,,data/4cys-large/output/xyz_files/4a46_ZN_homo_d2.60_cluster2.xyz,1.85
4adn,1,homo,1,ZN,ZN,A,1223,,ZN,,1.0,4,TD,4S,6.595109780190246,12.382687440456735,0.04167081463406206,0.1166026002983016,1.2795229065039915,1.8012428075309508,No,No,No,No,,,,data/4cys-large/output/xyz_files/4adn_ZN_homo_d2.60_cluster1.xyz,1.65
4adn,2,homo,1,ZN,ZN,B,1223,,ZN,,1.0,4,TD,4S,6.10981260163866,9.805234127687712,0.040885873157855836,0.09466698225238046,1.291332555231237,2.1046423091096007,No,No,No,No,,,,data/4cys-large/output/xyz_files/4adn_ZN_homo_d2.60_cluster2.xyz,1.65
4ask,1,homo,1,ZN,ZN,A,2000,,ZN,,1.0,4,TD,4S,5.355415429159242,9.402228194550744,0.03172732356610239,0.08605425667322386,1.2476920155887192,1.6482987294297042,No,No,No,No,,,,data/4cys-large/output/xyz_files/4ask_ZN_homo_d2.60_cluster1.xyz,1.86
4ask,2,homo,1,ZN,ZN,B,2000,,ZN,,1.0,4,TD,4S,6.109160886200573,11.050856078681448,0.051146415606203005,0.13957288687050262,1.2246738627764537,1.5761969001948186,No,No,No,No,,,,data/4cys-large/output/xyz_files/4ask_ZN_homo_d2.60_cluster2.xyz,1.86
4avx,1,homo,1,ZN,ZN,A,1225,,ZN,,1.0,4,TD,4S,7.580606684254011,12.552204007014936,0.030857459987967226,0.07679699671013696,1.2231345356194618,1.88829133272598,No,No,No,No,,,,data/4cys-large/output/xyz_files/4avx_ZN_homo_d2.60_cluster1.xyz,1.68
4avx,2,homo,1,ZN,ZN,A,1226,,ZN,,1.0,4,TD,4S,2.8088555105683435,4.711146578266224,0.0627616677771434,0.1454447264993699,1.286482466068145,2.1299004639083217,No,No,No,No,,,,data/4cys-large/output/xyz_files/4avx_ZN_homo_d2.60_cluster2.xyz,1.68
4axq,1,homo,1,ZN,ZN,A,1161,,ZN,,1.0,4,TD,4S,2.957082792595254,4.143682713017171,0.029562870241097914,0.06856800436789534,1.3031224160491732,1.9429011182021902,No,No,No,No,,,,data/4cys-large/output/xyz_files/4axq_ZN_homo_d2.60_cluster1.xyz,1.40
4ayc,2,homo,1,ZN,ZN,A,1485,,ZN,,1.0,4,TD,4S,5.40034327611028,8.369649624138404,0.036607382654364196,0.07904054474932343,1.2772759381133436,1.76976290198778,No,No,No,No,,,,data/4cys-large/output/xyz_files/4ayc_ZN_homo_d2.60_cluster2.xyz,1.90
4ayc,4,homo,1,ZN,ZN,B,1487,,ZN,,1.0,4,TD,4S,6.378545546596509,10.758627075344592,0.02437554569686565,0.06542156012145917,1.2511363093729426,1.7346197246872166,No,No,No,No,,,,data/4cys-large/output/xyz_files/4ayc_ZN_homo_d2.60_cluster4.xyz,1.90
4bn4,1,homo,1,ZN,ZN,A,1393,,ZN,,0.7,4,TD,4S,8.027753267176061,12.38792773419756,0.04911087710617044,0.12960939352918155,1.182427464006472,1.8641245827051969,No,No,No,No,,,,data/4cys-large/output/xyz_files/4bn4_ZN_homo_d2.60_cluster1.xyz,1.30
4buz,1,homo,1,ZN,ZN,A,1250,,ZN,,1.0,4,TD,4S,8.484067664933027,13.850649921292487,0.03758365901748175,0.09335400824679985,1.1949435348602122,1.8420785372736364,No,No,No,No,,,,data/4cys-large/output/xyz_files/4buz_ZN_homo_d2.60_cluster1.xyz,1.90
4bv3,1,homo,1,ZN,ZN,A,1395,,ZN,,1.0,4,TD,4S,7.926363095540401,14.405552798421496,0.04945289426566886,0.12506962137755595,1.215026825851732,1.8491062722074845,No,No,No,No,,,,data/4cys-large/output/xyz_files/4bv3_ZN_homo_d2.60_cluster1.xyz,2.00
4bvb,1,homo,1,ZN,ZN,A,1397,,ZN,,1.0,4,TD,4S,7.381846639374526,13.147966609385506,0.0674898602387648,0.17021985985082155,1.232667031204409,1.7946805610625431,No,No,No,No,,,,data/4cys-large/output/xyz_files/4bvb_ZN_homo_d2.60_cluster1.xyz,2.00
4bvh,1,homo,1,ZN,ZN,A,1395,,ZN,,1.0,4,TD,4S,10.887112196053401,18.82232637658531,0.1185418002788953,0.2614966364228817,1.207714866246829,1.8172844619977202,No,No,No,No,,,,data/4cys-large/output/xyz_files/4bvh_ZN_homo_d2.60_cluster1.xyz,1.90
4bvh,2,homo,1,ZN,ZN,B,1396,,ZN,,1.0,5,TBP_d,1N4S,23.85257549525836,37.43739446177723,0.23977455393530311,0.596877434586855,1.265644924365519,1.7676566609094693,No,No,Yes,No,,,,data/4cys-large/output/xyz_files/4bvh_ZN_homo_d2.60_cluster2.xyz,1.90
4bvh,3,homo,1,ZN,ZN,C,1400,,ZN,,1.0,4,TD,4S,8.0840470628859,16.550371756934595,0.07674729196837954,0.17409646214571506,1.2044480470011905,1.8954028388970456,No,No,No,No,,,,data/4cys-large/output/xyz_files/4bvh_ZN_homo_d2.60_cluster3.xyz,1.90
4c39,1,homo,1,ZN,ZN,A,1717,,ZN,,1.0,4,TD,4S,7.594311909974154,10.438178400882052,0.07015821911152102,0.1949011663906406,1.256090470057862,1.6084541039831595,No,No,No,No,,,,data/4cys-large/output/xyz_files/4c39_ZN_homo_d2.60_cluster1.xyz,1.98
4c78,1,homo,1,ZN,ZN,A,1396,,ZN,,1.0,4,TD,4S,9.989304554131321,16.742845152013587,0.020310000723974993,0.04770521719083565,1.1646587403897242,1.888239096075101,No,No,No,No,,,,data/4cys-large/output/xyz_files/4c78_ZN_homo_d2.60_cluster1.xyz,2.00
4cam,1,homo,1,ZN,ZN,A,1717,,ZN,,1.0,4,TD,4S,6.817013051845215,11.37677838713627,0.03272286164472425,0.07595116492858667,1.2634315600381172,1.7634858705389975,No,No,No,No,,,,data/4cys-large/output/xyz_files/4cam_ZN_homo_d2.60_cluster1.xyz,1.83
4can,1,homo,1,ZN,ZN,A,1717,,ZN,,1.0,4,TD,4S,6.8324189036932585,12.25280025043756,0.03648190468961323,0.09984274530824733,1.2713248478027055,2.0571027664733146,No,No,No,No,,,,data/4cys-large/output/xyz_files/4can_ZN_homo_d2.60_cluster1.xyz,1.91
4cao,1,homo,1,ZN,ZN,A,1717,,ZN,,1.0,4,TD,4S,5.796757389761266,9.323394442451715,0.06686691607987207,0.16343022050659117,1.2838347494434115,1.965299470911969,No,No,No,No,,,,data/4cys-large/output/xyz_files/4cao_ZN_homo_d2.60_cluster1.xyz,1.98
4caq,1,homo,1,ZN,ZN,A,1717,,ZN,,1.0,4,TD,4S,6.233062008264613,10.51446946335949,0.02704875092939606,0.06975201911777607,1.268804549663311,1.955664982807837,No,No,No,No,,,,data/4cys-large/output/xyz_files/4caq_ZN_homo_d2.60_cluster1.xyz,1.95
4cdt,1,homo,1,ZN,ZN,A,1717,,ZN,,1.0,4,TD,4S,5.0165286443372645,7.323464397365498,0.03339978827099975,0.07934467878460705,1.3142750986565086,1.9410509108979643,No,No,No,No,,,,data/4cys-large/output/xyz_files/4cdt_ZN_homo_d2.60_cluster1.xyz,2.00
4cft,1,homo,1,ZN,ZN,A,1483,,ZN,,1.0,4,TD,4S,6.230345215961117,13.28499813111965,0.014284109774217848,0.03185263673239769,1.2868187171938061,1.711779529090673,No,No,No,No,,,,data/4cys-large/output/xyz_files/4cft_ZN_homo_d2.60_cluster1.xyz,1.79
4cn5,1,homo,1,ZN,ZN,A,1210,,ZN,,1.0,4,TD,4S,6.023485106276689,7.565474084347969,0.07319537135990513,0.17838518572030448,1.2587416075539308,1.7350427394257444,No,No,No,No,,,,data/4cys-large/output/xyz_files/4cn5_ZN_homo_d2.60_cluster1.xyz,2.00
4cn5,2,homo,1,ZN,ZN,A,1211,,ZN,,1.0,4,TD,4S,5.229818129852646,7.531201913657625,0.06007591760171392,0.16654282548652022,1.2550715738817935,1.4992804872162595,No,No,No,No,,,,data/4cys-large/output/xyz_files/4cn5_ZN_homo_d2.60_cluster2.xyz,2.00
4cn5,3,homo,1,ZN,ZN,B,1210,,ZN,,1.0,4,TD,4S,2.6203892806901616,5.137067638682296,0.05212454862313721,0.13387677523038866,1.2871339735101928,1.7594119227574812,No,No,No,No,,,,data/4cys-large/output/xyz_files/4cn5_ZN_homo_d2.60_cluster3.xyz,2.00
4cn5,4,homo,1,ZN,ZN,B,1211,,ZN,,1.0,4,TD,4S,4.780593698769912,8.049036590793321,0.06185283783159645,0.17216620453998344,1.2997268854689128,2.1366780232824714,No,No,No,No,,,,data/4cys-large/output/xyz_files/4cn5_ZN_homo_d2.60_cluster4.xyz,2.00
4cos,3,homo,1,ZN,ZN,A,1402,,ZN,,1.0,4,TD,4S,2.754921590032227,5.768935278988522,0.022039004543698507,0.05118705719004302,1.2761543156913404,1.9382504394861673,No,No,No,No,,,,data/4cys-large/output/xyz_files/4cos_ZN_homo_d2.60_cluster3.xyz,1.67
4ctq,1,homo,1,ZN,ZN,A,900,,ZN,,1.0,4,TD,4S,6.6473525581102555,11.220708026186756,0.04114164890929562,0.1032120299101944,1.2648641857281928,2.0221051535163608,No,No,No,No,,,,data/4cys-large/output/xyz_files/4ctq_ZN_homo_d2.60_cluster1.xyz,2.00
4ctv,1,homo,1,ZN,ZN,A,1721,,ZN,,1.0,4,TD,4S,7.673425802587347,14.08371212277872,0.052158075935861296,0.13422257111117153,1.2612265911272877,2.0366526241079357,No,No,No,No,,,,data/4cys-large/output/xyz_files/4ctv_ZN_homo_d2.60_cluster1.xyz,1.78
4ctw,1,homo,1,ZN,ZN,A,1721,,ZN,,1.0,4,TD,4S,6.139372106370864,11.371601404794376,0.05749114365874213,0.14697818686044517,1.3002966500886906,1.9959001595934385,No,No,No,No,,,,data/4cys-large/output/xyz_files/4ctw_ZN_homo_d2.60_cluster1.xyz,1.90
4ctx,1,homo,1,ZN,ZN,A,721,,ZN,,1.0,4,TD,4S,7.071756540514188,10.251277228899582,0.018437370367463846,0.04705514821660728,1.2568438958653345,1.685078751400509,No,No,No,No,,,,data/4cys-large/output/xyz_files/4ctx_ZN_homo_d2.60_cluster1.xyz,1.82
4cu1,1,homo,1,ZN,ZN,B,900,,ZN,,1.0,4,TD,4S,5.219751733795699,11.085646075782847,0.04794128298679063,0.12110516876923505,1.2632981855600147,1.396409168146833,No,No,No,No,,,,data/4cys-large/output/xyz_files/4cu1_ZN_homo_d2.60_cluster1.xyz,1.89
4cx3,1,homo,1,ZN,ZN,B,900,,ZN,,1.0,4,TD,4S,7.0982271940839405,10.404662658244888,0.03227072487327284,0.07682051388501554,1.2503607357304412,1.7158738061518406,No,No,No,No,,,,data/4cys-large/output/xyz_files/4cx3_ZN_homo_d2.60_cluster1.xyz,1.97
4cx4,1,homo,1,ZN,ZN,B,900,,ZN,,1.0,4,TD,4S,6.869810739477436,10.88489601737976,0.03578851813835086,0.08386471690930986,1.246134956796795,1.867631432805467,No,No,No,No,,,,data/4cys-large/output/xyz_files/4cx4_ZN_homo_d2.60_cluster1.xyz,1.98
4cx5,1,homo,1,ZN,ZN,A,1721,,ZN,,1.0,4,TD,4S,6.6175615808003965,9.524528432441357,0.03072829904640182,0.07328971260758177,1.2670760278634816,1.7959947506401703,No,No,No,No,,,,data/4cys-large/output/xyz_files/4cx5_ZN_homo_d2.60_cluster1.xyz,1.80
4cx6,1,homo,1,ZN,ZN,A,1721,,ZN,,1.0,4,TD,4S,7.32779396581919,11.940172531633806,0.05540555027699701,0.1513966347940756,1.2621674418578006,1.878187066983609,No,No,No,No,,,,data/4cys-large/output/xyz_files/4cx6_ZN_homo_d2.60_cluster1.xyz,1.90
4d1o,1,homo,1,ZN,ZN,A,900,,ZN,,1.0,4,TD,4S,5.723366317465192,12.111670667664697,0.030681836563994116,0.08151988199584093,1.278933983274996,1.3126403893465348,No,No,No,No,,,,data/4cys-large/output/xyz_files/4d1o_ZN_homo_d2.60_cluster1.xyz,1.82
4d1p,1,homo,1,ZN,ZN,A,900,,ZN,,1.0,4,TD,4S,4.96140586772525,10.411327731170857,0.03416010772369283,0.09614251642095706,1.2923431120184763,1.5533042676069613,No,No,No,No,,,,data/4cys-large/output/xyz_files/4d1p_ZN_homo_d2.60_cluster1.xyz,1.73
4d2y,1,homo,1,ZN,ZN,A,1717,,ZN,,1.0,4,TD,4S,6.807734935568618,8.862467990718798,0.0160546964779342,0.04207373412026971,1.2573462831698325,1.6099823497488903,No,No,No,No,,,,data/4cys-large/output/xyz_files/4d2y_ZN_homo_d2.60_cluster1.xyz,1.98
4d2z,1,homo,1,ZN,ZN,A,1717,,ZN,,1.0,4,TD,4S,6.889471917281922,11.824316647265675,0.028137204000423185,0.07663688647765099,1.2704475279209733,1.8256031534206865,No,No,No,No,,,,data/4cys-large/output/xyz_files/4d2z_ZN_homo_d2.60_cluster1.xyz,1.89
4d30,1,homo,1,ZN,ZN,A,1717,,ZN,,1.0,4,TD,4S,8.169252524587902,11.440653911671035,0.032442628635888225,0.0859092473885612,1.229404168487877,1.5681854230778884,No,No,No,No,,,,data/4cys-large/output/xyz_files/4d30_ZN_homo_d2.60_cluster1.xyz,1.96
4d31,1,homo,1,ZN,ZN,B,900,,ZN,,1.0,4,TD,4S,7.912106853859904,12.281141107680213,0.03101642651651401,0.08732486467370482,1.2443161077973173,1.6223911906970558,No,No,No,No,,,,data/4cys-large/output/xyz_files/4d31_ZN_homo_d2.60_cluster1.xyz,1.95
4d39,1,homo,1,ZN,ZN,A,1483,,ZN,,1.0,4,TD,4S,5.848531268349911,11.336896434166079,0.019975084766027107,0.04859352233632874,1.280620057607211,2.177772897483996,No,No,No,No,,,,data/4cys-large/output/xyz_files/4d39_ZN_homo_d2.60_cluster1.xyz,2.00
4d3b,1,homo,1,ZN,ZN,A,1717,,ZN,,1.0,4,TD,4S,8.776866426040948,11.27504342672519,0.018549734731071525,0.05036897827613851,1.1782561768026545,1.531562006919171,No,No,No,No,,,,data/4cys-large/output/xyz_files/4d3b_ZN_homo_d2.60_cluster1.xyz,1.80
4d7o,1,homo,1,ZN,ZN,B,900,,ZN,,1.0,4,TD,4S,8.059225697948762,10.547056714428592,0.012193272276128812,0.03289598176103681,1.2214410652181913,1.5546011776721438,No,No,No,No,,,,data/4cys-large/output/xyz_files/4d7o_ZN_homo_d2.60_cluster1.xyz,1.78
4dl9,2,homo,1,ZN,ZN,A,402,,ZN,,1.0,4,TD,4S,6.894887677014295,11.139226645451771,0.07125909656578676,0.18648701192126538,1.1641224250867144,1.3736257465258586,No,No,No,No,,,,data/4cys-large/output/xyz_files/4dl9_ZN_homo_d2.60_cluster2.xyz,1.85
4dl9,4,homo,1,ZN,ZN,B,402,,ZN,,1.0,4,TD,4S,6.420261827538861,10.317206255224605,0.0798592599410021,0.21136964075764464,1.1652099834625196,1.323471042502991,No,No,No,No,,,,data/4cys-large/output/xyz_files/4dl9_ZN_homo_d2.60_cluster4.xyz,1.85
4dwv,2,homo,1,ZN,ZN,A,376,,ZN,,1.0,4,TD,4S,6.18798225436602,10.077326403646538,0.009308306067770774,0.025920960055288766,1.2033711568876087,1.3710019241097524,No,No,No,No,,,,data/4cys-large/output/xyz_files/4dwv_ZN_homo_d2.60_cluster2.xyz,1.14
4dwv,4,homo,1,ZN,ZN,B,376,,ZN,,1.0,4,TD,4S,6.107534477162339,9.629622116057632,0.010748529079481662,0.027336508169570006,1.2039894726240423,1.3995939256582393,No,No,No,No,,,,data/4cys-large/output/xyz_files/4dwv_ZN_homo_d2.60_cluster4.xyz,1.14
4dxh,2,homo,1,ZN,ZN,A,376,,ZN,,1.0,4,TD,4S,6.056970586702232,9.912554819811334,0.008842111067918853,0.02145336927284358,1.2112774929087275,1.413134944940202,No,No,No,No,,,,data/4cys-large/output/xyz_files/4dxh_ZN_homo_d2.60_cluster2.xyz,1.12
4dxh,4,homo,1,ZN,ZN,B,376,,ZN,,1.0,4,TD,4S,5.816583315910941,9.717724541684944,0.011554754724903209,0.03203548459537853,1.220945223898899,1.39768066209353,No,No,No,No,,,,data/4cys-large/output/xyz_files/4dxh_ZN_homo_d2.60_cluster4.xyz,1.12
4e2w,1,homo,1,ZN,ZN,A,501,,ZN,,1.0,4,TD,4S,7.194440100360454,11.054298032981663,0.04014907395191572,0.1023796268437418,1.253722061102761,1.847996098109272,No,No,No,No,,,,data/4cys-large/output/xyz_files/4e2w_ZN_homo_d2.60_cluster1.xyz,1.50
4e2x,1,homo,1,ZN,ZN,A,501,,ZN,,1.0,4,TD,4S,7.661393947906271,12.095439897233717,0.042048988936394686,0.10379836901830686,1.2335275613645944,1.8235985946468207,No,No,No,No,,,,data/4cys-large/output/xyz_files/4e2x_ZN_homo_d2.60_cluster1.xyz,1.40
4e2y,1,homo,1,ZN,ZN,A,501,,ZN,,1.0,4,TD,4S,7.634072877516455,12.403098863638661,0.022234398423834068,0.05340857919881925,1.2079431056850447,1.8985906781658233,No,No,No,No,,,,data/4cys-large/output/xyz_files/4e2y_ZN_homo_d2.60_cluster1.xyz,1.80
4e2z,1,homo,1,ZN,ZN,A,501,,ZN,,1.0,4,TD,4S,8.265066749887188,14.683760236668405,0.04237076637947988,0.11010987735703948,1.2018800885033696,1.8144949432038904,No,No,No,No,,,,data/4cys-large/output/xyz_files/4e2z_ZN_homo_d2.60_cluster1.xyz,1.41
4e30,1,homo,1,ZN,ZN,A,501,,ZN,,1.0,4,TD,4S,8.385637514339278,13.368936427742184,0.06744166591173598,0.17927191463929182,1.1973154093795384,1.7577292630783252,No,No,No,No,,,,data/4cys-large/output/xyz_files/4e30_ZN_homo_d2.60_cluster1.xyz,1.50
4e31,1,homo,1,ZN,ZN,A,501,,ZN,,1.0,4,TD,4S,7.437235737452427,13.298968487157552,0.0389638330033232,0.10019354719550311,1.2073627509360862,1.9602118508712902,No,No,No,No,,,,data/4cys-large/output/xyz_files/4e31_ZN_homo_d2.60_cluster1.xyz,1.75
4e32,1,homo,1,ZN,ZN,A,501,,ZN,,1.0,4,TD,4S,7.116433946152335,11.695319243004917,0.04091479716526756,0.1131918818240032,1.2392327037994717,1.868576893222253,No,No,No,No,,,,data/4cys-large/output/xyz_files/4e32_ZN_homo_d2.60_cluster1.xyz,1.50
4e33,1,homo,1,ZN,ZN,A,501,,ZN,,1.0,4,TD,4S,7.21008984346329,11.819109449323037,0.0595773324683915,0.16279719274726157,1.2449077423119885,1.8627903311264422,No,No,No,No,,,,data/4cys-large/output/xyz_files/4e33_ZN_homo_d2.60_cluster1.xyz,1.60
4eez,1,homo,1,ZN,ZN,A,401,,ZN,,1.0,4,TD,4S,5.352401816723738,7.892798949165737,0.050730660346914244,0.12627012037496277,1.2296196979075331,1.3628800322547336,No,No,No,No,,,,data/4cys-large/output/xyz_files/4eez_ZN_homo_d2.60_cluster1.xyz,1.90
4eez,3,homo,1,ZN,ZN,B,401,,ZN,,1.0,4,TD,4S,5.976398605754865,8.531588981139762,0.01955226991148161,0.05493975893994563,1.2144539121091291,1.3846498282202644,No,No,No,No,,,,data/4cys-large/output/xyz_files/4eez_ZN_homo_d2.60_cluster3.xyz,1.90
4ej6,1,homo,1,ZN,ZN,A,418,,ZN,,1.0,4,TD,4S,7.855442129707054,11.098207775991852,0.018746443318999904,0.049803444681959075,1.157394919240802,1.2357655429602195,No,No,No,No,,,,data/4cys-large/output/xyz_files/4ej6_ZN_homo_d2.60_cluster1.xyz,1.89
4f4u,1,homo,1,ZN,ZN,A,1001,,ZN,,1.0,4,TD_d,4S,21.791615024740352,46.619209508088716,0.12101605089851313,0.3340095330901143,0.8452291424004963,1.2607608680787132,No,No,Yes,No,,,,data/4cys-large/output/xyz_files/4f4u_ZN_homo_d2.60_cluster1.xyz,2.00
4f4u,2,homo,1,ZN,ZN,B,401,,ZN,,1.0,4,TD,4S,10.357051073125094,16.375396792085283,0.059307680853013654,0.15953206678016185,1.1673471607080792,1.732924213001488,No,No,No,No,,,,data/4cys-large/output/xyz_files/4f4u_ZN_homo_d2.60_cluster2.xyz,2.00
4f56,1,homo,1,ZN,ZN,A,401,,ZN,,1.0,4,TD,4S,4.029758885189842,5.811088561226214,0.04987408725622405,0.12511732195177272,1.287196981076986,2.112523932397882,No,No,No,No,,,,data/4cys-large/output/xyz_files/4f56_ZN_homo_d2.60_cluster1.xyz,1.70
4f56,2,homo,1,ZN,ZN,B,401,,ZN,,1.0,4,TD,4S,4.878812659558458,8.715419751237604,0.04882237845674649,0.1346269617206115,1.2614844199665902,2.0623840556653983,No,No,No,No,,,,data/4cys-large/output/xyz_files/4f56_ZN_homo_d2.60_cluster2.xyz,1.70
4fvw,1,homo,1,ZN,ZN,A,805,,ZN,,1.0,4,TD,4S,6.878558752756866,10.072140266355277,0.038465061517471116,0.10683600921357961,1.2582402329283542,1.602932551467068,No,No,No,No,,,,data/4cys-large/output/xyz_files/4fvw_ZN_homo_d2.60_cluster1.xyz,1.81
4fvx,1,homo,1,ZN,ZN,A,805,,ZN,,1.0,4,TD,4S,6.322542371594031,10.340951033794923,0.01917243846659638,0.05039634494175971,1.294745832123436,1.7668539039578555,No,No,No,No,,,,data/4cys-large/output/xyz_files/4fvx_ZN_homo_d2.60_cluster1.xyz,2.00
4fvy,1,homo,1,ZN,ZN,A,805,,ZN,,1.0,4,TD,4S,6.947271102329282,9.881662328760513,0.03905346494092137,0.10776515282607546,1.2441393860766121,1.7210202661326037,No,No,No,No,,,,data/4cys-large/output/xyz_files/4fvy_ZN_homo_d2.60_cluster1.xyz,1.70
4fvz,1,homo,1,ZN,ZN,A,805,,ZN,,1.0,4,TD,4S,7.034554017653725,11.305208663535382,0.07960362172160787,0.19999171786702163,1.2842572468129418,1.8798305705498788,No,No,No,No,,,,data/4cys-large/output/xyz_files/4fvz_ZN_homo_d2.60_cluster1.xyz,1.99
4fw0,1,homo,1,ZN,ZN,A,805,,ZN,,1.0,4,TD,4S,7.356266506644024,11.13461734319283,0.03843620675138896,0.09549412032805105,1.2612600588437117,1.8184881800078008,No,No,No,No,,,,data/4cys-large/output/xyz_files/4fw0_ZN_homo_d2.60_cluster1.xyz,1.95
4fyy,1,homo,1,ZN,ZN,B,201,,ZN,,1.0,4,TD,4S,4.08290924214555,6.434766562370783,0.03912846960566508,0.10812492262326368,1.275973126769664,2.075707585379433,No,No,No,No,,,,data/4cys-large/output/xyz_files/4fyy_ZN_homo_d2.60_cluster1.xyz,1.94
4fyy,2,homo,1,ZN,ZN,D,201,,ZN,,1.0,4,TD,4S,4.528245337849179,6.992609179895183,0.04930615079540241,0.12996847433191716,1.3093225514959002,1.657142488524719,No,No,No,No,,,,data/4cys-large/output/xyz_files/4fyy_ZN_homo_d2.60_cluster2.xyz,1.94
4g1c,1,homo,1,ZN,ZN,A,401,,ZN,,1.0,4,TD,4S,5.685793416834669,11.193208574302034,0.14022341021790466,0.3542703726494141,1.2786592733289546,1.712973740515785,No,No,No,No,,,,data/4cys-large/output/xyz_files/4g1c_ZN_homo_d2.60_cluster1.xyz,1.94
4g1c,2,homo,1,ZN,ZN,B,401,,ZN,,1.0,4,TD,4S,5.050652078303339,8.458250180880839,0.11076246906808974,0.30010585652863897,1.2506549474769713,1.4789233234968864,No,No,No,No,,,,data/4cys-large/output/xyz_files/4g1c_ZN_homo_d2.60_cluster2.xyz,1.94
4g4n,1,homo,1,ZN,ZN,A,300,,ZN,,1.0,4,TD,4S,5.025572692236687,10.06710399534775,0.009539333659212801,0.023766534832248887,1.257528887824111,1.855902004899428,No,No,No,No,,,,data/4cys-large/output/xyz_files/4g4n_ZN_homo_d2.60_cluster1.xyz,1.85
4g4o,1,homo,1,ZN,ZN,A,300,,ZN,,1.0,4,TD,4S,5.1811118558875044,10.387003936700253,0.028749950087442775,0.08122332582372582,1.2323916774905888,1.9210150943262077,No,No,No,No,,,,data/4cys-large/output/xyz_files/4g4o_ZN_homo_d2.60_cluster1.xyz,1.95
4g4q,1,homo,1,ZN,ZN,A,300,,ZN,,1.0,4,TD,4S,6.488405499401193,12.817417424207207,0.039842575407615946,0.10309943692883206,1.232185835367847,1.8676194548992533,No,No,No,No,,,,data/4cys-large/output/xyz_files/4g4q_ZN_homo_d2.60_cluster1.xyz,1.86
4g4r,1,homo,1,ZN,ZN,A,300,,ZN,,1.0,4,TD,4S,6.029242433655813,11.677376711453022,0.012161349523517018,0.030987043336364373,1.2298827807256751,1.784282441057646,No,No,No,No,,,,data/4cys-large/output/xyz_files/4g4r_ZN_homo_d2.60_cluster1.xyz,1.95
4gl4,1,homo,1,ZN,ZN,A,401,,ZN,,1.0,4,TD,4S,5.785566044479194,8.72439853941296,0.042042694433344865,0.10465260405793364,1.2015841788716477,1.3896430619522193,No,No,No,No,,,,data/4cys-large/output/xyz_files/4gl4_ZN_homo_d2.60_cluster1.xyz,1.80
4gl4,3,homo,1,ZN,ZN,B,401,,ZN,,0.7,4,TD,4S,6.661670561385508,11.804719760388252,0.09816018702044361,0.2676396838362223,1.1856021178723186,1.5965817801031865,No,No,No,No,,,,data/4cys-large/output/xyz_files/4gl4_ZN_homo_d2.60_cluster3.xyz,1.80
4glx,1,homo,1,ZN,ZN,A,601,,ZN,,1.0,4,TD,4S,8.6818047979952,16.473901706327965,0.03774345924857373,0.09279946254627802,1.1792744610960726,1.7006488921269431,No,No,No,No,,,,data/4cys-large/output/xyz_files/4glx_ZN_homo_d2.60_cluster1.xyz,1.90
4gqe,1,homo,1,ZN,ZN,A,805,,ZN,,1.0,4,TD,4S,7.366427915366278,9.95833324819209,0.03719276017524488,0.09166459855273912,1.253180435547635,1.6020381447923635,No,No,No,No,,,,data/4cys-large/output/xyz_files/4gqe_ZN_homo_d2.60_cluster1.xyz,1.80
4gut,3,homo,1,ZN,ZN,A,906,,ZN,,1.0,4,TD_d,4S,3.8983794267401275,6.699359093992626,0.15355313479456376,0.37334644173782916,1.259249690371321,2.1314442481103293,No,No,Yes,No,,,,data/4cys-large/output/xyz_files/4gut_ZN_homo_d2.60_cluster3.xyz,2.00
4hc9,1,homo,1,ZN,ZN,A,401,,ZN,,1.0,4,TD,4S,4.320325976413616,6.812785931893188,0.028528620059965253,0.07691226611625401,1.2648289290201427,1.9959181948478277,No,No,No,No,,,,data/4cys-large/output/xyz_files/4hc9_ZN_homo_d2.60_cluster1.xyz,1.60
4hc9,2,homo,1,ZN,ZN,A,402,,ZN,,1.0,4,TD,4S,6.182476303612602,12.672851915625174,0.03585652429827452,0.0858268927676753,1.1944610941115428,1.859468926471397,No,No,No,No,,,,data/4cys-large/output/xyz_files/4hc9_ZN_homo_d2.60_cluster2.xyz,1.60
4hn5,1,homo,1,ZN,ZN,A,601,,ZN,,1.0,4,TD,4S,4.3216357428356815,6.776095240426301,0.06712696859954893,0.16945718728064652,1.2762183861488747,1.5188036120354602,No,No,No,No,,,,data/4cys-large/output/xyz_files/4hn5_ZN_homo_d2.60_cluster1.xyz,1.90
4hn5,2,homo,1,ZN,ZN,A,602,,ZN,,1.0,4,TD,4S,4.3201471710496815,7.399980387089499,0.018631931978594855,0.04714457364888336,1.2777389237255279,1.792915802342653,No,No,No,No,,,,data/4cys-large/output/xyz_files/4hn5_ZN_homo_d2.60_cluster2.xyz,1.90
4hn5,3,homo,1,ZN,ZN,B,601,,ZN,,1.0,4,TD,4S,4.248865477560332,6.928180517189318,0.02002226929690583,0.049138722364458154,1.2703714257443632,1.8015962623482824,No,No,No,No,,,,data/4cys-large/output/xyz_files/4hn5_ZN_homo_d2.60_cluster3.xyz,1.90
4hn5,4,homo,1,ZN,ZN,B,602,,ZN,,1.0,4,TD,4S,4.001893800727861,5.315891001053089,0.0282986680933508,0.07102789733828319,1.286772424276449,1.7707047510567528,No,No,No,No,,,,data/4cys-large/output/xyz_files/4hn5_ZN_homo_d2.60_cluster4.xyz,1.90
4hsu,2,homo,1,ZN,ZN,A,903,,ZN,,1.0,4,TD,4S,6.147701641623318,9.642914929791488,0.09881648330542551,0.23814228601633047,1.2871478301256054,2.1408113766831,No,No,No,No,,,,data/4cys-large/output/xyz_files/4hsu_ZN_homo_d2.60_cluster2.xyz,1.99
4hsu,3,homo,1,ZN,ZN,A,904,,ZN,,1.0,4,TD,4S,3.793385591842463,7.020056086221629,0.059814163665618696,0.157258165344202,1.3153167197228683,2.1684830457380078,No,No,No,No,,,,data/4cys-large/output/xyz_files/4hsu_ZN_homo_d2.60_cluster3.xyz,1.99
4hvc,1,homo,1,ZN,ZN,A,1604,,ZN,,1.0,4,TD_d,4S,19.93142525187355,30.65523961631709,0.39633330801004957,1.0979607637649846,1.167416655525204,1.7847451499115952,No,No,Yes,No,,,,data/4cys-large/output/xyz_files/4hvc_ZN_homo_d2.60_cluster1.xyz,2.00
4i1f,3,homo,1,ZN,ZN,A,503,,ZN,,1.0,4,TD,4S,4.789990740274851,7.818877926440194,0.021859726748173925,0.057722941394874994,1.2744583468959392,2.062983586892223,No,No,No,No,,,,data/4cys-large/output/xyz_files/4i1f_ZN_homo_d2.60_cluster3.xyz,1.58
4i1f,5,homo,1,ZN,ZN,A,505,,ZN,,1.0,4,TD,4S,3.2469048999764127,5.000344515338384,0.07800772083573057,0.20877271915188667,1.2401377830928346,1.9185048685104888,No,No,No,No,,,,data/4cys-large/output/xyz_files/4i1f_ZN_homo_d2.60_cluster5.xyz,1.58
4i1f,7,homo,1,ZN,ZN,A,507,,ZN,,1.0,4,TD,4S,4.04558542384957,5.609601828966248,0.08052458748655554,0.21986669266786718,1.3279154072972352,1.909541453334925,No,No,No,No,,,,data/4cys-large/output/xyz_files/4i1f_ZN_homo_d2.60_cluster7.xyz,1.58
4i1h,2,homo,1,ZN,ZN,A,502,,ZN,,1.0,4,TD_d,4S,2.4923504594248027,3.8271122317693766,0.17197056720663256,0.42355951604209174,1.25311498650729,2.1130731158064426,No,No,Yes,No,,,,data/4cys-large/output/xyz_files/4i1h_ZN_homo_d2.60_cluster2.xyz,2.00
4i1h,3,homo,1,ZN,ZN,A,503,,ZN,,1.0,4,TD,4S,5.032433960764253,8.118688241145506,0.031398135277002304,0.07991588617020007,1.3044712234763087,1.6664755226206038,No,No,No,No,,,,data/4cys-large/output/xyz_files/4i1h_ZN_homo_d2.60_cluster3.xyz,2.00
4i1h,5,homo,1,ZN,ZN,A,505,,ZN,,1.0,4,TD,4S,4.632792785648558,6.915920883998055,0.07544592823124767,0.1960430342870918,1.2714414490572015,1.897895350390689,No,No,No,No,,,,data/4cys-large/output/xyz_files/4i1h_ZN_homo_d2.60_cluster5.xyz,2.00
4i1h,7,homo,1,ZN,ZN,A,507,,ZN,,1.0,4,TD,4S,4.76904354800542,7.320390988737898,0.04571246760672877,0.12818150177487508,1.2737338214135805,1.4463233543939984,No,No,No,No,,,,data/4cys-large/output/xyz_files/4i1h_ZN_homo_d2.60_cluster7.xyz,2.00
4i51,1,homo,1,ZN,ZN,A,3002,,ZN,,1.0,4,TD,4S,6.604568119713624,11.672399769395227,0.04950505914021044,0.12378500939014359,1.2294617893163704,1.7147101198099217,No,No,No,No,,,,data/4cys-large/output/xyz_files/4i51_ZN_homo_d2.60_cluster1.xyz,1.90
4i51,2,homo,1,ZN,ZN,A,3003,,ZN,,1.0,4,TD,4S,2.8283549624703905,4.162630663492493,0.026077912916738034,0.07108644277354914,1.2942042052772484,1.5700923166169223,No,No,No,No,,,,data/4cys-large/output/xyz_files/4i51_ZN_homo_d2.60_cluster2.xyz,1.90
4i51,3,homo,1,ZN,ZN,A,3004,,ZN,,1.0,4,TD,4S,4.742370576674074,9.89599215786987,0.021589839306356755,0.05628970547746315,1.2801569827449795,1.3277469587109625,No,No,No,No,,,,data/4cys-large/output/xyz_files/4i51_ZN_homo_d2.60_cluster3.xyz,1.90
4i51,4,homo,1,ZN,ZN,A,3005,,ZN,,1.0,4,TD,4S,3.7697991165964435,5.1497922501920925,0.04811367687068785,0.13288540259118475,1.265843116379632,1.5804605279328756,No,No,No,No,,,,data/4cys-large/output/xyz_files/4i51_ZN_homo_d2.60_cluster4.xyz,1.90
4i51,5,homo,1,ZN,ZN,B,3002,,ZN,,1.0,4,TD,4S,6.997685424431851,12.247874572526342,0.04361162551809756,0.11503974578205556,1.195663928725347,1.6342203526192205,No,No,No,No,,,,data/4cys-large/output/xyz_files/4i51_ZN_homo_d2.60_cluster5.xyz,1.90
4i51,6,homo,1,ZN,ZN,B,3003,,ZN,,1.0,4,TD,4S,2.93533576331782,4.218986187958805,0.04305823000076151,0.11034399559948627,1.2825303891337374,1.5014880185891504,No,No,No,No,,,,data/4cys-large/output/xyz_files/4i51_ZN_homo_d2.60_cluster6.xyz,1.90
4i51,7,homo,1,ZN,ZN,B,3004,,ZN,,1.0,4,TD,4S,3.6510733016408694,6.345058879419753,0.03900143959789402,0.10632269802808159,1.2869431686336468,2.1209272138573634,No,No,No,No,,,,data/4cys-large/output/xyz_files/4i51_ZN_homo_d2.60_cluster7.xyz,1.90
4i51,8,homo,1,ZN,ZN,B,3005,,ZN,,1.0,4,TD_d,4S,6.052151372648205,8.812691189569463,0.15111792238139873,0.37495476202318345,1.2170347301272235,1.6254825274916145,No,No,Yes,No,,,,data/4cys-large/output/xyz_files/4i51_ZN_homo_d2.60_cluster8.xyz,1.90
4i7h,1,homo,1,ZN,ZN,A,202,,ZN,,1.0,4,TD,4S,5.662505363234926,9.391860730189876,0.08962795437884523,0.24809781363333538,1.4248444639523088,2.058833261655215,No,No,No,No,,,,data/4cys-large/output/xyz_files/4i7h_ZN_homo_d2.60_cluster1.xyz,2.00
4i7h,2,homo,1,ZN,ZN,B,201,,ZN,,1.0,4,TD,4S,3.8494021606445408,6.502295368475515,0.016567084180223908,0.043430334942904825,1.3926457824413168,2.2782676434263727,No,No,No,No,,,,data/4cys-large/output/xyz_files/4i7h_ZN_homo_d2.60_cluster2.xyz,2.00
4ic3,1,homo,1,ZN,ZN,A,1001,,ZN,,1.0,4,TD,4S,4.798146661955078,8.433413257878826,0.015511773250434041,0.03901545478724566,1.2641627573257048,1.8637976870275899,No,No,No,No,,,,data/4cys-large/output/xyz_files/4ic3_ZN_homo_d2.60_cluster1.xyz,1.78
4ic3,3,homo,1,ZN,ZN,B,1001,,ZN,,1.0,4,TD,4S,3.508667092299567,5.433204062324407,0.009603859821326386,0.02690398934441074,1.2958936844916358,1.8533497584708019,No,No,No,No,,,,data/4cys-large/output/xyz_files/4ic3_ZN_homo_d2.60_cluster3.xyz,1.78
4ium,1,homo,1,ZN,ZN,A,501,,ZN,,1.0,4,TD,4S,3.5356957234028283,6.1786520022765785,0.027193620273104617,0.07196207831002166,1.2729101977623791,1.8060392539961194,No,No,No,No,,,,data/4cys-large/output/xyz_files/4ium_ZN_homo_d2.60_cluster1.xyz,1.45
4jbg,1,homo,1,ZN,ZN,A,401,,ZN,,1.0,4,TD,4S,6.197625918367625,9.047445782096844,0.014706032097088243,0.04073823209729799,1.1929958949550794,1.3781514497917242,No,No,No,No,,,,data/4cys-large/output/xyz_files/4jbg_ZN_homo_d2.60_cluster1.xyz,1.75
4jbg,2,homo,1,ZN,ZN,B,402,,ZN,,1.0,4,TD,4S,6.914645899471707,10.984250304143927,0.023728811773224914,0.062589579572089,1.178875542436403,1.39236628844953,No,No,No,No,,,,data/4cys-large/output/xyz_files/4jbg_ZN_homo_d2.60_cluster2.xyz,1.75
4jbg,3,homo,1,ZN,ZN,C,402,,ZN,,1.0,4,TD,4S,6.533533172696412,10.07548316484855,0.027058209677941307,0.06637750528920305,1.1904260943696627,1.4023538191545668,No,No,No,No,,,,data/4cys-large/output/xyz_files/4jbg_ZN_homo_d2.60_cluster3.xyz,1.75
4jbg,4,homo,1,ZN,ZN,D,402,,ZN,,1.0,4,TD,4S,6.646226053607191,11.030897547134629,0.010553219392404884,0.025556829640629886,1.1797864948453125,1.3079254511329992,No,No,No,No,,,,data/4cys-large/output/xyz_files/4jbg_ZN_homo_d2.60_cluster4.xyz,1.75
4jji,1,homo,1,ZN,ZN,A,401,,ZN,,1.0,4,TD,4S,5.725465163637583,8.554421430321327,0.032855172890814896,0.08982802730876971,1.2244352037543527,1.3535435595787064,No,No,No,No,,,,data/4cys-large/output/xyz_files/4jji_ZN_homo_d2.60_cluster1.xyz,1.80
4jji,3,homo,1,ZN,ZN,B,401,,ZN,,0.7,4,TD,4S,6.309408505962102,9.602313615614463,0.03296967345297708,0.08724987058098277,1.2152832887236715,1.3573384577832408,No,No,No,No,,,,data/4cys-large/output/xyz_files/4jji_ZN_homo_d2.60_cluster3.xyz,1.80
4jse,2,homo,1,ZN,ZN,A,809,,ZN,,1.0,4,TD,4S,7.3821271297529645,10.872527785779837,0.023661883223464197,0.058875531935691505,1.2398756604816141,1.635941592728103,No,No,No,No,,,,data/4cys-large/output/xyz_files/4jse_ZN_homo_d2.60_cluster2.xyz,1.97
4jsg,1,homo,1,ZN,ZN,A,805,,ZN,,1.0,4,TD,4S,6.45270733796064,11.014644933871168,0.03260222330910774,0.08849388282445192,1.278563497356766,1.8301392814769222,No,No,No,No,,,,data/4cys-large/output/xyz_files/4jsg_ZN_homo_d2.60_cluster1.xyz,1.94
4jsj,1,homo,1,ZN,ZN,A,805,,ZN,,1.0,4,TD,4S,6.507690668335156,10.990989670694361,0.04325028232510887,0.11121717358353322,1.286837072052269,1.9754954906716666,No,No,No,No,,,,data/4cys-large/output/xyz_files/4jsj_ZN_homo_d2.60_cluster1.xyz,1.92
4jsr,1,homo,1,ZN,ZN,A,401,,ZN,,1.0,4,TD,4S,6.939991868273922,12.735992352488225,0.026982417844213288,0.07336670225283193,1.213550919734964,1.9509738129273035,No,No,No,No,,,,data/4cys-large/output/xyz_files/4jsr_ZN_homo_d2.60_cluster1.xyz,1.70
4k5e,1,homo,1,ZN,ZN,A,805,,ZN,,1.0,4,TD,4S,7.056790413588199,10.49292203768077,0.02332888714181892,0.05666715761292096,1.2440203490882158,1.7837922305761875,No,No,No,No,,,,data/4cys-large/output/xyz_files/4k5e_ZN_homo_d2.60_cluster1.xyz,1.89
4k5g,1,homo,1,ZN,ZN,A,805,,ZN,,1.0,4,TD,4S,7.567476655649287,12.199825568183783,0.039167079193765504,0.09117035582987354,1.252895360943608,1.73892802723804,No,No,No,No,,,,data/4cys-large/output/xyz_files/4k5g_ZN_homo_d2.60_cluster1.xyz,1.85
4k5k,1,homo,1,ZN,ZN,A,507,,ZN,,1.0,4,TD,4S,5.941547070397404,11.40356034007823,0.07646584211076098,0.20093568022119124,1.3137270145735274,2.089519530452882,No,No,No,No,,,,data/4cys-large/output/xyz_files/4k5k_ZN_homo_d2.60_cluster1.xyz,2.00
4kcl,1,homo,1,ZN,ZN,A,805,,ZN,,1.0,4,TD,4S,6.5694672996894825,11.188725333186056,0.05376708749588702,0.13822658192615433,1.2951882449714514,1.974844046212436,No,No,No,No,,,,data/4cys-large/output/xyz_files/4kcl_ZN_homo_d2.60_cluster1.xyz,1.93
4kcn,1,homo,1,ZN,ZN,A,806,,ZN,,1.0,4,TD,4S,7.4609818706418505,12.239100793178238,0.029155602271214765,0.07495637606885319,1.2419478895739924,1.8912855067228298,No,No,No,No,,,,data/4cys-large/output/xyz_files/4kcn_ZN_homo_d2.60_cluster1.xyz,1.85
4kco,1,homo,1,ZN,ZN,A,805,,ZN,,1.0,4,TD,4S,6.786188362758954,10.701017416036663,0.026418448462237627,0.06876215883882164,1.2606388818860728,1.8435600185836734,No,No,No,No,,,,data/4cys-large/output/xyz_files/4kco_ZN_homo_d2.60_cluster1.xyz,1.86
4kxq,1,homo,1,ZN,ZN,A,601,,ZN,,1.0,4,TD,4S,5.38898402326337,9.940427896545202,0.027525075691709845,0.07626719270153792,1.2763551474128836,1.4986657470791505,No,No,No,No,,,,data/4cys-large/output/xyz_files/4kxq_ZN_homo_d2.60_cluster1.xyz,1.85
4l0q,1,homo,1,ZN,ZN,A,401,,ZN,,1.0,4,TD,4S,6.77126708553543,11.785943704171657,0.04118784042885483,0.10916848345652541,1.2011889063408787,1.227323601698098,No,No,No,No,,,,data/4cys-large/output/xyz_files/4l0q_ZN_homo_d2.60_cluster1.xyz,1.95
4l0q,3,homo,1,ZN,ZN,B,401,,ZN,,1.0,4,TD,4S,6.45330073251296,11.307892669010982,0.058775736816837856,0.16065924544878118,1.2615027882742034,1.4506751138771639,No,No,No,No,,,,data/4cys-large/output/xyz_files/4l0q_ZN_homo_d2.60_cluster3.xyz,1.95
4l58,1,homo,1,ZN,ZN,A,101,,ZN,,1.0,4,TD,4S,2.763592678351671,4.408362845255795,0.024166865388450226,0.06136947771800516,1.2743465610827853,1.4951153459176714,No,No,No,No,,,,data/4cys-large/output/xyz_files/4l58_ZN_homo_d2.60_cluster1.xyz,1.48
4l7x,1,homo,1,ZN,ZN,A,101,,ZN,,1.0,4,TD,4S,3.1114882315453443,4.858627303702164,0.012208893183028691,0.030458786454455655,1.2843219009744036,1.5058123964871513,No,No,No,No,,,,data/4cys-large/output/xyz_files/4l7x_ZN_homo_d2.60_cluster1.xyz,1.35
4lik,1,homo,1,ZN,ZN,A,501,,ZN,,1.0,5,TBP_d,1N4S,27.306016684604206,54.34452137732234,0.3985230327603592,1.18499177817962,1.100982941840526,1.7544764806584991,No,Yes,Yes,No,,,,data/4cys-large/output/xyz_files/4lik_ZN_homo_d2.60_cluster1.xyz,1.70
4lim,1,homo,1,ZN,ZN,A,401,,ZN,,1.0,4,TD,4S,7.783183750153099,13.09195330239396,0.029426954563978407,0.06887579516382036,1.1452931520421472,1.3012956646334293,No,No,No,No,,,,data/4cys-large/output/xyz_files/4lim_ZN_homo_d2.60_cluster1.xyz,1.63
4ljo,1,homo,1,ZN,ZN,A,1101,,ZN,,1.0,4,TD,4S,4.177247494202676,5.82885158713006,0.03168717057548628,0.089187221426271,1.2769781934353635,1.9105678441856377,No,No,No,No,,,,data/4cys-large/output/xyz_files/4ljo_ZN_homo_d2.60_cluster1.xyz,1.56
4lk9,1,homo,1,ZN,ZN,A,401,,ZN,,1.0,4,TD,4S,2.6525985126305374,4.10669910376842,0.017631345364673874,0.04190378678006823,1.2992936991059898,2.0279004507594847,No,No,No,No,,,,data/4cys-large/output/xyz_files/4lk9_ZN_homo_d2.60_cluster1.xyz,1.60
4lk9,4,homo,1,ZN,ZN,A,404,,ZN,,1.0,4,TD,4S,3.066459894948373,4.794638001645666,0.035306240816828906,0.09819641714714944,1.2881991977923073,2.155238464271807,No,No,No,No,,,,data/4cys-large/output/xyz_files/4lk9_ZN_homo_d2.60_cluster4.xyz,1.60
4lka,1,homo,1,ZN,ZN,A,401,,ZN,,1.0,4,TD,4S,2.741401667440885,4.008621220412508,0.03258955046072468,0.0833114857740167,1.2798501999083431,2.0998152387526687,No,No,No,No,,,,data/4cys-large/output/xyz_files/4lka_ZN_homo_d2.60_cluster1.xyz,1.61
4lka,4,homo,1,ZN,ZN,A,404,,ZN,,1.0,4,TD,4S,3.4339344478757052,4.8992245020978515,0.045243364793680484,0.12654204642849232,1.281250857849324,2.153589869167212,No,No,No,No,,,,data/4cys-large/output/xyz_files/4lka_ZN_homo_d2.60_cluster4.xyz,1.61
4lmy,2,homo,1,ZN,ZN,A,202,,ZN,,1.0,4,TD,4S,2.5974398609944536,4.323913561825634,0.024200688624851974,0.04947626262174376,1.303567408764576,1.7361902098186355,No,No,No,No,,,,data/4cys-large/output/xyz_files/4lmy_ZN_homo_d2.60_cluster2.xyz,1.60
4lmy,4,homo,1,ZN,ZN,B,202,,ZN,,1.0,4,TD,4S,2.5015357503700293,4.3712755043755465,0.04528688464561549,0.11400459598589263,1.2980000339060012,1.8656360033900787,No,No,No,No,,,,data/4cys-large/output/xyz_files/4lmy_ZN_homo_d2.60_cluster4.xyz,1.60
4lux,1,homo,1,ZN,ZN,A,805,,ZN,,1.0,4,TD,4S,7.902492223202811,12.123812998247985,0.026114670845456982,0.0702473755408004,1.23827974062374,1.7771686981458552,No,No,No,No,,,,data/4cys-large/output/xyz_files/4lux_ZN_homo_d2.60_cluster1.xyz,1.86
4m0w,1,homo,1,ZN,ZN,A,401,,ZN,,1.0,4,TD,4S,3.433473812966829,4.360214772486259,0.04132835858981215,0.11406833734175592,1.2653490034907646,1.9363473555214923,No,No,No,No,,,,data/4cys-large/output/xyz_files/4m0w_ZN_homo_d2.60_cluster1.xyz,1.40
4me3,1,homo,1,ZN,ZN,A,301,,ZN,,1.0,4,TD,4S,5.2193498901762805,9.035688778887334,0.024738238695650394,0.06556024502168034,1.2476234331636753,1.9444640640023652,No,No,No,No,,,,data/4cys-large/output/xyz_files/4me3_ZN_homo_d2.60_cluster1.xyz,1.79
4mi0,1,homo,1,ZN,ZN,A,801,,ZN,,1.0,4,TD,4S,5.768867006415197,10.861338409317895,0.0800908230498046,0.19752362878143126,1.2308245040028145,1.5470821143780003,No,No,No,No,,,,data/4cys-large/output/xyz_files/4mi0_ZN_homo_d2.60_cluster1.xyz,2.00
4mi0,2,homo,1,ZN,ZN,A,802,,ZN,,1.0,4,TD,4S,5.960004845344222,9.180958043545544,0.0960830755878172,0.21978100361722408,1.2254675680794842,1.7929926236262475,No,No,No,No,,,,data/4cys-large/output/xyz_files/4mi0_ZN_homo_d2.60_cluster2.xyz,2.00
4mi0,3,homo,1,ZN,ZN,A,803,,ZN,,1.0,4,TD,4S,4.0852153816689505,6.144708054603555,0.10402982194587315,0.27612421288984024,1.2766532793165,1.9510617063402842,No,No,No,No,,,,data/4cys-large/output/xyz_files/4mi0_ZN_homo_d2.60_cluster3.xyz,2.00
4mi0,4,homo,1,ZN,ZN,A,804,,ZN,,1.0,4,TD,4S,5.540922445823661,8.27214846725272,0.0715637549347483,0.19792022288969324,1.2451946998629781,1.9027715343336191,No,No,No,No,,,,data/4cys-large/output/xyz_files/4mi0_ZN_homo_d2.60_cluster4.xyz,2.00
4mi0,6,homo,1,ZN,ZN,A,806,,ZN,,1.0,4,TD,4S,4.596386325724509,7.502324469331327,0.037610474165413875,0.1033864400110609,1.260491082200172,1.839477547588342,No,No,No,No,,,,data/4cys-large/output/xyz_files/4mi0_ZN_homo_d2.60_cluster6.xyz,2.00
4mi5,1,homo,1,ZN,ZN,A,802,,ZN,,1.0,4,TD,4S,5.291582468110844,7.692549794397991,0.0887070484000133,0.23516300914716348,1.2462571775478193,1.8767821502669677,No,No,No,No,,,,data/4cys-large/output/xyz_files/4mi5_ZN_homo_d2.60_cluster1.xyz,2.00
4mi5,2,homo,1,ZN,ZN,A,803,,ZN,,1.0,4,TD,4S,4.344737107413863,6.039168371193739,0.058015725234029834,0.12559550353029225,1.2909497429753576,1.7353533086943558,No,No,No,No,,,,data/4cys-large/output/xyz_files/4mi5_ZN_homo_d2.60_cluster2.xyz,2.00
4mi5,3,homo,1,ZN,ZN,A,804,,ZN,,1.0,4,TD,4S,6.369110124473709,8.746123141563189,0.06053014839931565,0.14227318106517073,1.242493554680061,1.5197088378386425,No,No,No,No,,,,data/4cys-large/output/xyz_files/4mi5_ZN_homo_d2.60_cluster3.xyz,2.00
4mi5,4,homo,1,ZN,ZN,A,805,,ZN,,1.0,4,TD,4S,4.986804267225013,9.394007834901203,0.04427470636589393,0.11688096152906846,1.275066283098714,1.7773317230135566,No,No,No,No,,,,data/4cys-large/output/xyz_files/4mi5_ZN_homo_d2.60_cluster4.xyz,2.00
4mi5,6,homo,1,ZN,ZN,A,807,,ZN,,1.0,4,TD,4S,3.9316811679622954,5.89395479062668,0.06399119975507546,0.16706168207723993,1.260713802060522,2.097176567993805,No,No,No,No,,,,data/4cys-large/output/xyz_files/4mi5_ZN_homo_d2.60_cluster6.xyz,2.00
4mt2,1,homo,1,ZN,ZN,A,67,,ZN,,1.0,4,TD,4S,7.799347510096307,14.22386771483734,0.06449100058405573,0.17998102338926714,1.2356486932088386,1.6856692064489143,No,No,No,No,,,,data/4cys-large/output/xyz_files/4mt2_ZN_homo_d2.60_cluster1.xyz,2.00
4mt2,2,homo,1,ZN,ZN,A,68,,ZN,,1.0,4,TD,4S,7.063099924602376,13.017514483395829,0.017578829710201308,0.041297017959073035,1.269696320136187,1.960134325216277,No,No,No,No,,,,data/4cys-large/output/xyz_files/4mt2_ZN_homo_d2.60_cluster2.xyz,2.00
4n0n,3,homo,1,ZN,ZN,A,503,,ZN,,1.0,4,TD,4S,6.098044846240902,9.737785629239568,0.07749196456223685,0.19206389558488413,1.2272437285186228,1.5601984189420777,No,No,No,No,,,,data/4cys-large/output/xyz_files/4n0n_ZN_homo_d2.60_cluster3.xyz,2.00
4n3w,2,homo,1,ZN,ZN,A,1402,,ZN,,1.0,4,TD,4S,4.478634614502196,6.348860869653208,0.05002765355476424,0.12433351793474623,1.2447264733318337,1.7808665657613711,No,No,No,No,,,,data/4cys-large/output/xyz_files/4n3w_ZN_homo_d2.60_cluster2.xyz,1.90
4n4f,2,homo,1,ZN,ZN,A,1402,,ZN,,1.0,4,TD,4S,5.725585039881668,8.775072474184299,0.05274138313347305,0.1415968036974431,1.2353645004417118,1.7326595804082001,No,No,No,No,,,,data/4cys-large/output/xyz_files/4n4f_ZN_homo_d2.60_cluster2.xyz,1.83
4nfh,2,homo,1,ZN,ZN,A,376,,ZN,,1.0,4,TD,4S,6.262035166375601,10.767959987326378,0.01024158893436209,0.02870618040239492,1.1995069721380618,1.3638319527268856,No,No,No,No,,,,data/4cys-large/output/xyz_files/4nfh_ZN_homo_d2.60_cluster2.xyz,1.20
4nfh,4,homo,1,ZN,ZN,B,376,,ZN,,1.0,4,TD,4S,6.357080477126062,10.515801133345036,0.017951042395576027,0.04604057477871892,1.2017260116759387,1.3869620520504826,No,No,No,No,,,,data/4cys-large/output/xyz_files/4nfh_ZN_homo_d2.60_cluster4.xyz,1.20
4nfs,2,homo,1,ZN,ZN,A,376,,ZN,,1.0,4,TD,4S,6.060830511601183,10.216689052739241,0.007154819875361409,0.01871597643756351,1.210101276182202,1.3715369096072738,No,No,No,No,,,,data/4cys-large/output/xyz_files/4nfs_ZN_homo_d2.60_cluster2.xyz,1.10
4nfs,4,homo,1,ZN,ZN,B,376,,ZN,,1.0,4,TD,4S,5.81542878687345,9.148436807282593,0.009259009076381384,0.02268687776243672,1.2147949083868708,1.4366694514745058,No,No,No,No,,,,data/4cys-large/output/xyz_files/4nfs_ZN_homo_d2.60_cluster4.xyz,1.10
4ng5,2,homo,1,ZN,ZN,A,376,,ZN,,1.0,4,TD,4S,6.087214689704394,10.153306029007709,0.01306354689749199,0.03532867746811563,1.207055474207657,1.407875964743473,No,No,No,No,,,,data/4cys-large/output/xyz_files/4ng5_ZN_homo_d2.60_cluster2.xyz,1.10
4ng5,4,homo,1,ZN,ZN,B,376,,ZN,,1.0,4,TD,4S,6.109956780574524,10.023421222368569,0.011811018768292894,0.029575380409178287,1.2074117995197424,1.4166701038095681,No,No,No,No,,,,data/4cys-large/output/xyz_files/4ng5_ZN_homo_d2.60_cluster4.xyz,1.10
4nse,1,homo,1,ZN,ZN,B,900,,ZN,,1.0,4,TD,4S,4.537759636823088,7.412912267128661,0.020145249294106136,0.04641476195414329,1.2594300248603723,1.9354075196186566,No,No,No,No,,,,data/4cys-large/output/xyz_files/4nse_ZN_homo_d2.60_cluster1.xyz,1.95
4o62,1,homo,1,ZN,ZN,A,1001,,ZN,,1.0,4,TD,4S,3.0338577049254334,4.875337148670724,0.02077666409319141,0.05587602393419333,1.281390886342808,1.3461041071736124,No,No,No,No,,,,data/4cys-large/output/xyz_files/4o62_ZN_homo_d2.60_cluster1.xyz,1.78
4o62,2,homo,1,ZN,ZN,B,1001,,ZN,,1.0,4,TD,4S,2.4390870833650475,3.558762250624625,0.02227169326240522,0.0626598712361961,1.2958324617566193,1.4393344820774052,No,No,No,No,,,,data/4cys-large/output/xyz_files/4o62_ZN_homo_d2.60_cluster2.xyz,1.78
4o62,3,homo,1,ZN,ZN,C,1001,,ZN,,1.0,4,TD,4S,2.946167092694882,4.2156984917755835,0.01452247581791093,0.04080167222293829,1.2714270095353537,1.3069208911235495,No,No,No,No,,,,data/4cys-large/output/xyz_files/4o62_ZN_homo_d2.60_cluster3.xyz,1.78
4o8z,1,homo,1,ZN,ZN,A,401,,ZN,,1.0,4,TD,4S,8.701637225749856,17.72608846393622,0.05647094988537553,0.13200061057606316,1.1812885721109547,1.7540411037932564,No,No,No,No,,,,data/4cys-large/output/xyz_files/4o8z_ZN_homo_d2.60_cluster1.xyz,2.00
4oaq,1,homo,1,ZN,ZN,A,403,,ZN,,1.0,4,TD,4S,7.443061801288964,11.312410986256452,0.021223083090313656,0.054581839700877044,1.1695969757680125,1.24809922260531,No,No,No,No,,,,data/4cys-large/output/xyz_files/4oaq_ZN_homo_d2.60_cluster1.xyz,1.86
4oaq,3,homo,1,ZN,ZN,B,403,,ZN,,0.9,4,TD,4S,8.851790998775623,15.7089705654857,0.09322789833545288,0.23266586277872037,1.1605330983985578,1.2718449753937313,No,No,No,No,,,,data/4cys-large/output/xyz_files/4oaq_ZN_homo_d2.60_cluster3.xyz,1.86
4oh1,2,homo,1,ZN,ZN,A,402,,ZN,,1.0,4,TD,4S,6.154430491673533,8.679440560568153,0.02981689382521214,0.07251910244855253,1.2460522279302413,1.4845556093386607,No,No,No,No,,,,data/4cys-large/output/xyz_files/4oh1_ZN_homo_d2.60_cluster2.xyz,2.00
4oln,1,homo,1,ZN,ZN,A,101,,ZN,,1.0,4,TD,4S,4.339512982073459,7.012984129361314,0.027066708465901486,0.06547090202786876,1.2556927486588148,1.6479059350931768,No,No,No,No,,,,data/4cys-large/output/xyz_files/4oln_ZN_homo_d2.60_cluster1.xyz,1.70
4oln,2,homo,1,ZN,ZN,A,102,,ZN,,1.0,4,TD,4S,3.9995240012787745,6.216298569572373,0.018884724007996276,0.05018205913304952,1.299273165612041,1.969005744540382,No,No,No,No,,,,data/4cys-large/output/xyz_files/4oln_ZN_homo_d2.60_cluster2.xyz,1.70
4oln,3,homo,1,ZN,ZN,B,101,,ZN,,1.0,4,TD,4S,3.1159220321440784,5.649354207511394,0.016534473524332103,0.04146961754919509,1.2979618563988615,1.7735128962333164,No,No,No,No,,,,data/4cys-large/output/xyz_files/4oln_ZN_homo_d2.60_cluster3.xyz,1.70
4oln,4,homo,1,ZN,ZN,B,102,,ZN,,1.0,4,TD,4S,4.296165442495025,6.894525937718754,0.009417354551699302,0.024590923278064114,1.3140477800702175,1.7666320361608523,No,No,No,No,,,,data/4cys-large/output/xyz_files/4oln_ZN_homo_d2.60_cluster4.xyz,1.70
4owf,1,homo,1,ZN,ZN,G,401,,ZN,,1.0,4,TD,4S,8.766085960120902,13.40382965969276,0.016408326104381064,0.04393967756489081,1.2294885379181462,1.885300939455853,No,No,No,No,,,,data/4cys-large/output/xyz_files/4owf_ZN_homo_d2.60_cluster1.xyz,2.00
4pcz,1,homo,1,ZN,ZN,A,301,,ZN,,1.0,4,TD,4S,5.706895489298116,11.76745796904548,0.030580688956397057,0.08578476386582512,1.2226920577852678,1.730019205414852,No,No,No,No,,,,data/4cys-large/output/xyz_files/4pcz_ZN_homo_d2.60_cluster1.xyz,1.70
4ppe,1,homo,1,ZN,ZN,A,201,,ZN,,1.0,4,TD,4S,6.214984352295647,10.697467707352814,0.050042668144687,0.11718146335193591,1.2553020766951029,1.7117281999075327,No,No,No,No,,,,data/4cys-large/output/xyz_files/4ppe_ZN_homo_d2.60_cluster1.xyz,2.00
4ppe,3,homo,1,ZN,ZN,B,201,,ZN,,1.0,4,TD,4S,6.327372722309645,13.843340334259437,0.03342437505102956,0.08503670652815387,1.2995475392554794,1.8504004309632853,No,No,No,No,,,,data/4cys-large/output/xyz_files/4ppe_ZN_homo_d2.60_cluster3.xyz,2.00
4ptb,2,homo,1,ZN,ZN,A,902,,ZN,,1.0,4,TD,4S,5.4431616187178,7.037120395541123,0.06128953094858947,0.13832882707184435,1.272358060584769,1.6583816083880696,No,No,No,No,,,,data/4cys-large/output/xyz_files/4ptb_ZN_homo_d2.60_cluster2.xyz,1.60
4ptb,4,homo,1,ZN,ZN,B,902,,ZN,,1.0,4,TD,4S,4.099888137643894,7.563070908033254,0.020271824909250443,0.054746942702625034,1.2602896593278452,1.5314809256107087,No,No,No,No,,,,data/4cys-large/output/xyz_files/4ptb_ZN_homo_d2.60_cluster4.xyz,1.60
4pys,1,homo,1,ZN,ZN,A,601,,ZN,,0.35,4,TD_d,4S,20.289848479920614,36.27791222885426,0.20040950865910517,0.5231788013415519,1.1460679485521685,1.551383453706925,No,No,Yes,No,,,,data/4cys-large/output/xyz_files/4pys_ZN_homo_d2.60_cluster1.xyz,1.82
4pys,2,homo,1,ZN,ZN,B,601,,ZN,,0.37,4,TD_d,4S,14.201042679538848,28.920441555492573,0.15036281507265753,0.3656854838052448,1.1953544287674542,1.5959219766678872,No,No,Yes,No,,,,data/4cys-large/output/xyz_files/4pys_ZN_homo_d2.60_cluster2.xyz,1.82
4q6f,2,homo,1,ZN,ZN,A,1802,,ZN,,1.0,4,TD,4S,4.687751046373084,6.9246901155649,0.07377662836289223,0.19067501884735094,1.2412306492930831,1.6003788549467568,No,No,No,No,,,,data/4cys-large/output/xyz_files/4q6f_ZN_homo_d2.60_cluster2.xyz,1.91
4q6f,4,homo,1,ZN,ZN,B,1802,,ZN,,1.0,4,TD,4S,4.302787811080243,6.5272321194064205,0.08862813978726639,0.21418813672455528,1.2572164979151632,1.6941762470933677,No,No,No,No,,,,data/4cys-large/output/xyz_files/4q6f_ZN_homo_d2.60_cluster4.xyz,1.91
4q6f,6,homo,1,ZN,ZN,C,1801,,ZN,,1.0,4,TD,4S,6.600782311908885,9.612516812228378,0.0506358586265233,0.12415718767073569,1.2371656247535547,1.5865228252256025,No,No,No,No,,,,data/4cys-large/output/xyz_files/4q6f_ZN_homo_d2.60_cluster6.xyz,1.91
4q6f,8,homo,1,ZN,ZN,D,1802,,ZN,,1.0,4,TD,4S,4.816144483064274,6.960551551379368,0.011098211396924365,0.027701040160774237,1.264998758057547,1.328084611488289,No,No,No,No,,,,data/4cys-large/output/xyz_files/4q6f_ZN_homo_d2.60_cluster8.xyz,1.91
4qbh,1,homo,1,ZN,ZN,A,302,,ZN,,1.0,4,TD,4S,8.445014572058435,12.376756317645501,0.049025503223455606,0.12177589673132738,1.21227733681944,1.6873763696101836,No,No,No,No,,,,data/4cys-large/output/xyz_files/4qbh_ZN_homo_d2.60_cluster1.xyz,1.67
4qbh,2,homo,1,ZN,ZN,B,302,,ZN,,1.0,4,TD,4S,9.853093193217008,19.28824989994908,0.07031481272161166,0.1634613892968888,1.1632843243279574,1.6729723230400304,No,No,No,No,,,,data/4cys-large/output/xyz_files/4qbh_ZN_homo_d2.60_cluster2.xyz,1.67
4qbi,1,homo,1,ZN,ZN,A,301,,ZN,,1.0,4,TD,4S,7.8760555867661335,12.900461271807146,0.047657297158578645,0.12163498977963627,1.2414596435678702,1.8201565227865029,No,No,No,No,,,,data/4cys-large/output/xyz_files/4qbi_ZN_homo_d2.60_cluster1.xyz,1.67
4qbi,2,homo,1,ZN,ZN,B,301,,ZN,,1.0,4,TD,4S,6.572710751853174,10.691213202380652,0.03808935887327735,0.095434515245024,1.266528561854535,1.915351143692206,No,No,No,No,,,,data/4cys-large/output/xyz_files/4qbi_ZN_homo_d2.60_cluster2.xyz,1.67
4qbr,1,homo,1,ZN,ZN,A,701,,ZN,,1.0,4,TD,4S,4.623035943639289,8.144387187014814,0.050870446254355044,0.13656724720887636,1.2540817785862386,1.4214971123417952,No,No,No,No,,,,data/4cys-large/output/xyz_files/4qbr_ZN_homo_d2.60_cluster1.xyz,1.90
4qbr,2,homo,1,ZN,ZN,A,702,,ZN,,1.0,4,TD,4S,4.482687599909962,6.417582469983714,0.07601309393345695,0.19173868056662213,1.2478408619048211,1.6903153031501477,No,No,No,No,,,,data/4cys-large/output/xyz_files/4qbr_ZN_homo_d2.60_cluster2.xyz,1.90
4qbr,3,homo,1,ZN,ZN,A,703,,ZN,,1.0,4,TD,4S,5.091724002939414,8.418155597890589,0.0693818374913214,0.18883496812158995,1.3113312883249277,1.9453091818559392,No,No,No,No,,,,data/4cys-large/output/xyz_files/4qbr_ZN_homo_d2.60_cluster3.xyz,1.90
4qbr,4,homo,1,ZN,ZN,C,701,,ZN,,1.0,4,TD,4S,5.8726599351702395,9.39485268125216,0.08665903334458847,0.22379971731543424,1.2460409058002293,1.3249943422941808,No,No,No,No,,,,data/4cys-large/output/xyz_files/4qbr_ZN_homo_d2.60_cluster4.xyz,1.90
4qbr,5,homo,1,ZN,ZN,C,702,,ZN,,1.0,4,TD,4S,3.4496824035592453,6.071705342806027,0.03479386783842146,0.09372743737458,1.277726389953622,1.8619470775588134,No,No,No,No,,,,data/4cys-large/output/xyz_files/4qbr_ZN_homo_d2.60_cluster5.xyz,1.90
4qbr,6,homo,1,ZN,ZN,C,703,,ZN,,1.0,4,TD,4S,4.60907572227672,6.23351876865253,0.05881527392617517,0.16626595140423284,1.286606090835254,2.1946758095642673,No,No,No,No,,,,data/4cys-large/output/xyz_files/4qbr_ZN_homo_d2.60_cluster6.xyz,1.90
4qbs,1,homo,1,ZN,ZN,A,701,,ZN,,1.0,4,TD,4S,6.189762142521544,11.073887615631676,0.015792256285626492,0.04000810879682293,1.2283632521976795,1.968795234578425,No,No,No,No,,,,data/4cys-large/output/xyz_files/4qbs_ZN_homo_d2.60_cluster1.xyz,1.80
4qbs,2,homo,1,ZN,ZN,A,702,,ZN,,1.0,4,TD,4S,3.600625215977931,5.5213091334102415,0.04571033762835387,0.11679469139441112,1.2548854723706726,1.797612542892018,No,No,No,No,,,,data/4cys-large/output/xyz_files/4qbs_ZN_homo_d2.60_cluster2.xyz,1.80
4qbs,3,homo,1,ZN,ZN,A,703,,ZN,,1.0,4,TD,4S,4.440932220755532,5.866096357616698,0.034730125373449744,0.09318274527625237,1.289599735728483,1.9692802647126153,No,No,No,No,,,,data/4cys-large/output/xyz_files/4qbs_ZN_homo_d2.60_cluster3.xyz,1.80
4qeo,1,homo,1,ZN,ZN,A,802,,ZN,,1.0,4,TD,4S,4.676968749097043,7.87978283602277,0.12848926944662314,0.3462312182782239,1.2238029765282599,1.7705690896672643,No,No,No,No,,,,data/4cys-large/output/xyz_files/4qeo_ZN_homo_d2.60_cluster1.xyz,2.00
4qeo,2,homo,1,ZN,ZN,A,803,,ZN,,1.0,4,TD,4S,5.254345556349715,7.3283933027574335,0.09833531061373496,0.2286999322946346,1.196960517408129,1.8178219919717142,No,No,No,No,,,,data/4cys-large/output/xyz_files/4qeo_ZN_homo_d2.60_cluster2.xyz,2.00
4qeo,3,homo,1,ZN,ZN,A,804,,ZN,,1.0,4,TD,4S,6.953845835675845,12.989270989264327,0.03823007344378786,0.10087244144872898,1.2128654153874108,1.6164288120923962,No,No,No,No,,,,data/4cys-large/output/xyz_files/4qeo_ZN_homo_d2.60_cluster3.xyz,2.00
4qeo,4,homo,1,ZN,ZN,A,805,,ZN,,1.0,5,TBP_d,1O4S,23.82087774373607,50.53250799772159,0.28706820641908043,0.7540655641751197,1.2089089464362388,1.9727567878677201,No,No,Yes,No,,,,data/4cys-large/output/xyz_files/4qeo_ZN_homo_d2.60_cluster4.xyz,2.00
4qf2,2,homo,1,ZN,ZN,A,1802,,ZN,,1.0,4,TD,4S,4.4830142851478,6.746686398975072,0.061326267741544455,0.15308719989041242,1.2312249936012405,1.6099777127267063,No,No,No,No,,,,data/4cys-large/output/xyz_files/4qf2_ZN_homo_d2.60_cluster2.xyz,1.70
4qf2,4,homo,1,ZN,ZN,B,1802,,ZN,,1.0,4,TD,4S,3.437829166738752,5.842025207475444,0.05281378092196229,0.14799673053243279,1.2588665454993142,1.6806479225874242,No,No,No,No,,,,data/4cys-large/output/xyz_files/4qf2_ZN_homo_d2.60_cluster4.xyz,1.70
4qf2,6,homo,1,ZN,ZN,C,1802,,ZN,,1.0,4,TD,4S,4.730616955309623,6.936523618165367,0.031771548475828845,0.07979158601762304,1.2545958133624893,1.3812421022629715,No,No,No,No,,,,data/4cys-large/output/xyz_files/4qf2_ZN_homo_d2.60_cluster6.xyz,1.70
4qf2,8,homo,1,ZN,ZN,D,1802,,ZN,,1.0,4,TD,4S,5.276827578327607,6.932661289223034,0.05375234623420158,0.15045057138292073,1.2375558917886884,1.532573799535609,No,No,No,No,,,,data/4cys-large/output/xyz_files/4qf2_ZN_homo_d2.60_cluster8.xyz,1.70
4qf3,2,homo,1,ZN,ZN,A,2002,,ZN,,1.0,4,TD,4S,1.7381056167980335,2.898224151536013,0.010181462612592276,0.024729284424608977,1.3164750666931908,1.9564850775124436,No,No,No,No,,,,data/4cys-large/output/xyz_files/4qf3_ZN_homo_d2.60_cluster2.xyz,1.60
4qf3,4,homo,1,ZN,ZN,B,2002,,ZN,,1.0,4,TD,4S,2.0952529037235132,3.4740497881089425,0.0160553040909206,0.039273718548560765,1.3244983030274347,2.060217678663572,No,No,No,No,,,,data/4cys-large/output/xyz_files/4qf3_ZN_homo_d2.60_cluster4.xyz,1.60
4qpl,1,homo,1,ZN,ZN,A,202,,ZN,,1.0,4,TD,4S,2.9963515579657414,4.713042044666736,0.01890058338320254,0.05262377739342439,1.2909842460264458,2.114582137542842,No,No,No,No,,,,data/4cys-large/output/xyz_files/4qpl_ZN_homo_d2.60_cluster1.xyz,1.90
4qpl,3,homo,1,ZN,ZN,C,202,,ZN,,1.0,4,TD,4S,2.5606134530577846,4.577013530852952,0.02137222920475366,0.05295192522018688,1.3138009567776563,1.9517168452152025,No,No,No,No,,,,data/4cys-large/output/xyz_files/4qpl_ZN_homo_d2.60_cluster3.xyz,1.90
4qq4,1,homo,1,ZN,ZN,A,2001,,ZN,,1.0,4,TD,4S,4.292121264787578,9.0519819045834,0.05247059868106538,0.12401962140855449,1.2681952035588275,1.5340525678806647,No,No,No,No,,,,data/4cys-large/output/xyz_files/4qq4_ZN_homo_d2.60_cluster1.xyz,1.75
4qq4,3,homo,1,ZN,ZN,B,2001,,ZN,,1.0,4,TD,4S,4.584455229334643,9.87844689360385,0.010213413417096988,0.026600938971188093,1.2766897042992689,1.4745073347086222,No,No,No,No,,,,data/4cys-large/output/xyz_files/4qq4_ZN_homo_d2.60_cluster3.xyz,1.75
4qtt,1,homo,1,ZN,ZN,A,201,,ZN,,1.0,4,TD,4S,6.528950001746489,8.503020845471184,0.07683934232842912,0.19348281206552054,1.3618625473888286,1.9571835239896327,No,No,No,No,,,,data/4cys-large/output/xyz_files/4qtt_ZN_homo_d2.60_cluster1.xyz,2.00
4qtt,2,homo,1,ZN,ZN,C,201,,ZN,,1.0,4,TD,4S,6.229042133519761,12.79646100832639,0.06244907853343573,0.15931603501139646,1.3567531527081185,1.7748791995863016,No,No,No,No,,,,data/4cys-large/output/xyz_files/4qtt_ZN_homo_d2.60_cluster2.xyz,2.00
4rkh,1,homo,1,ZN,ZN,C,701,,ZN,,1.0,4,TD,4S,4.843162720203066,7.197682792829838,0.0427100213148404,0.1156253830511691,1.2981016973823034,2.1442423494408773,No,No,No,No,,,,data/4cys-large/output/xyz_files/4rkh_ZN_homo_d2.60_cluster1.xyz,2.00
4rkh,2,homo,1,ZN,ZN,C,702,,ZN,,1.0,4,TD,4S,3.6614295585523333,6.417191926067645,0.05131026666616487,0.1158344770943982,1.2624637604453182,2.053228347947047,No,No,No,No,,,,data/4cys-large/output/xyz_files/4rkh_ZN_homo_d2.60_cluster2.xyz,2.00
4rkh,3,homo,1,ZN,ZN,C,703,,ZN,,1.0,4,TD,4S,6.809568430286795,11.687075259764327,0.02232744006443675,0.06129160139265277,1.2449999476862026,1.862783533524651,No,No,No,No,,,,data/4cys-large/output/xyz_files/4rkh_ZN_homo_d2.60_cluster3.xyz,2.00
4rkh,4,homo,1,ZN,ZN,D,701,,ZN,,1.0,4,TD,4S,4.526780848063614,6.656280964760612,0.06761398766001916,0.16520007441301443,1.295624204008274,1.6515192684194988,No,No,No,No,,,,data/4cys-large/output/xyz_files/4rkh_ZN_homo_d2.60_cluster4.xyz,2.00
4rkh,5,homo,1,ZN,ZN,D,702,,ZN,,1.0,4,TD,4S,3.45154576494594,6.615889432494768,0.01992747347919463,0.04365555706239421,1.2807122773783666,1.751185856673353,No,No,No,No,,,,data/4cys-large/output/xyz_files/4rkh_ZN_homo_d2.60_cluster5.xyz,2.00
4rkh,6,homo,1,ZN,ZN,D,703,,ZN,,1.0,4,TD,4S,7.87132695876646,14.843480773794624,0.047082365022593366,0.11276714618636197,1.2218141899640527,1.6441015714656728,No,No,No,No,,,,data/4cys-large/output/xyz_files/4rkh_ZN_homo_d2.60_cluster6.xyz,2.00
4rkh,7,homo,1,ZN,ZN,E,701,,ZN,,1.0,4,TD,4S,4.01741216955183,6.476342605904222,0.04419555062028109,0.11359751918176197,1.3064846819041545,1.784530064525482,No,No,No,No,,,,data/4cys-large/output/xyz_files/4rkh_ZN_homo_d2.60_cluster7.xyz,2.00
4rkh,8,homo,1,ZN,ZN,E,702,,ZN,,1.0,4,TD,4S,5.573846957942542,9.36278495247258,0.020790089339646666,0.05457736547898051,1.2721541910625886,1.746726967270107,No,No,No,No,,,,data/4cys-large/output/xyz_files/4rkh_ZN_homo_d2.60_cluster8.xyz,2.00
4rkh,9,homo,1,ZN,ZN,E,703,,ZN,,1.0,4,TD,4S,7.551547028023586,12.85469925488458,0.04741185956928238,0.12025460812157052,1.203180678883405,1.7344694763242356,No,No,No,No,,,,data/4cys-large/output/xyz_files/4rkh_ZN_homo_d2.60_cluster9.xyz,2.00
4rkh,10,homo,1,ZN,ZN,F,701,,ZN,,1.0,4,TD,4S,4.894805152841609,7.6495634051087364,0.06568958763162412,0.15394219615451998,1.306096414312421,1.6266253256324144,No,No,No,No,,,,data/4cys-large/output/xyz_files/4rkh_ZN_homo_d2.60_cluster10.xyz,2.00
4rkh,11,homo,1,ZN,ZN,F,702,,ZN,,1.0,4,TD,4S,3.7331541468790888,5.390720099274958,0.04203676648932445,0.10447678289897544,1.283457524652236,1.9238783556030297,No,No,No,No,,,,data/4cys-large/output/xyz_files/4rkh_ZN_homo_d2.60_cluster11.xyz,2.00
4rkh,12,homo,1,ZN,ZN,F,703,,ZN,,1.0,4,TD,4S,8.24791882172029,14.681976209599469,0.023683838291658023,0.05611598448494037,1.1886066656292469,1.7840814327900034,No,No,No,No,,,,data/4cys-large/output/xyz_files/4rkh_ZN_homo_d2.60_cluster12.xyz,2.00
4rmg,1,homo,1,ZN,ZN,A,401,,ZN,,1.0,4,TD,4S,7.577796529302273,16.17230586213006,0.04083948164426672,0.10561444816285004,1.1934193866742215,1.6852555588769897,No,No,No,No,,,,data/4cys-large/output/xyz_files/4rmg_ZN_homo_d2.60_cluster1.xyz,1.88
4rmh,1,homo,1,ZN,ZN,A,401,,ZN,,1.0,4,TD,4S,6.476033059259475,13.316343953908799,0.009240499011904687,0.02347829578411087,1.2093461257267821,1.8005630212042658,No,No,No,No,,,,data/4cys-large/output/xyz_files/4rmh_ZN_homo_d2.60_cluster1.xyz,1.42
4rmi,1,homo,1,ZN,ZN,A,401,,ZN,,1.0,4,TD,4S,7.111902193602773,15.200167892464563,0.040346186747615205,0.0984658159834968,1.2089281137438332,1.7090809544432712,No,No,No,No,,,,data/4cys-large/output/xyz_files/4rmi_ZN_homo_d2.60_cluster1.xyz,1.45
4rmj,1,homo,1,ZN,ZN,A,406,,ZN,,1.0,4,TD,4S,9.260898832908875,16.992428858730932,0.026831409985666743,0.06551438664035647,1.19446407867204,1.8178095031891557,No,No,No,No,,,,data/4cys-large/output/xyz_files/4rmj_ZN_homo_d2.60_cluster1.xyz,1.87
4rmj,2,homo,1,ZN,ZN,B,401,,ZN,,1.0,4,TD,4S,8.342025808757539,13.776976150439339,0.03226345458340605,0.0898090776216347,1.2153909128155154,1.8624857224905786,No,No,No,No,,,,data/4cys-large/output/xyz_files/4rmj_ZN_homo_d2.60_cluster2.xyz,1.87
4rna,1,homo,1,ZN,ZN,A,401,,ZN,,1.0,4,TD,4S,1.784925124057654,3.060046804718752,0.07033018913879964,0.18788823939246013,1.320387957759533,1.7008326989237061,No,No,No,No,,,,data/4cys-large/output/xyz_files/4rna_ZN_homo_d2.60_cluster1.xyz,1.79
4s3o,1,homo,1,ZN,ZN,B,200,,ZN,,1.0,4,TD,4S,3.473440481014549,5.254785373753165,0.04359548912754775,0.10359963829948482,1.3352390387479036,1.977454085325105,No,No,No,No,,,,data/4cys-large/output/xyz_files/4s3o_ZN_homo_d2.60_cluster1.xyz,2.00
4s3o,3,homo,1,ZN,ZN,E,201,,ZN,,1.0,4,TD,4S,4.186820674736945,5.705033891410821,0.036182455698734864,0.0990998092200912,1.266406409522566,1.9935467563833833,No,No,No,No,,,,data/4cys-large/output/xyz_files/4s3o_ZN_homo_d2.60_cluster3.xyz,2.00
4s3o,5,homo,1,ZN,ZN,C,201,,ZN,,1.0,4,TD,4S,3.7286643820571963,7.059930368363936,0.09151948244767712,0.2434212760203267,1.2573900128327244,2.1259874264571077,No,No,No,No,,,,data/4cys-large/output/xyz_files/4s3o_ZN_homo_d2.60_cluster5.xyz,2.00
4s3o,7,homo,1,ZN,ZN,F,201,,ZN,,1.0,4,TD,4S,3.2930027719733905,5.254725883604365,0.06681274149944906,0.17327184019166442,1.3108392563430096,2.121183195033606,No,No,No,No,,,,data/4cys-large/output/xyz_files/4s3o_ZN_homo_d2.60_cluster7.xyz,2.00
4twi,1,homo,1,ZN,ZN,A,301,,ZN,,1.0,4,TD,4S,6.427659275617263,11.060694860348264,0.03347580862263967,0.08882072469571911,1.2527225096259673,1.9425445673440713,No,No,No,No,,,,data/4cys-large/output/xyz_files/4twi_ZN_homo_d2.60_cluster1.xyz,1.79
4twj,1,homo,1,ZN,ZN,A,301,,ZN,,1.0,4,TD,4S,4.187941870084133,5.990097275490456,0.008070571350126243,0.02168481948770351,1.2689848141534452,1.8306238568747544,No,No,No,No,,,,data/4cys-large/output/xyz_files/4twj_ZN_homo_d2.60_cluster1.xyz,1.65
4tzc,1,homo,1,ZN,ZN,C,501,,ZN,,1.0,4,TD,4S,7.149180238306645,11.282687758206961,0.02687082616347324,0.06968140694870195,1.200170718442948,1.6979189147141127,No,No,No,No,,,,data/4cys-large/output/xyz_files/4tzc_ZN_homo_d2.60_cluster1.xyz,1.88
4tzc,2,homo,1,ZN,ZN,A,501,,ZN,,1.0,4,TD,4S,8.374024240401454,13.691198253000508,0.028474665131787875,0.06996914434428936,1.1814481345413268,1.4049450324080963,No,No,No,No,,,,data/4cys-large/output/xyz_files/4tzc_ZN_homo_d2.60_cluster2.xyz,1.88
4tzc,3,homo,1,ZN,ZN,B,501,,ZN,,1.0,4,TD,4S,5.298757275065399,10.251966074706317,0.07830236300109597,0.2128593467942772,1.272545254229724,1.510596113438345,No,No,No,No,,,,data/4cys-large/output/xyz_files/4tzc_ZN_homo_d2.60_cluster3.xyz,1.88
4tzc,4,homo,1,ZN,ZN,D,501,,ZN,,1.0,4,TD,4S,8.313940591552237,14.040491381010995,0.06577382713659469,0.1686645289090123,1.1848511032733156,1.3679995710139687,No,No,No,No,,,,data/4cys-large/output/xyz_files/4tzc_ZN_homo_d2.60_cluster4.xyz,1.88
4tzu,1,homo,1,ZN,ZN,A,503,,ZN,,1.0,4,TD,4S,6.548897294820425,10.837790928910579,0.029362801088073945,0.07390395109400671,1.2234726017719417,1.6455628742999362,No,No,No,No,,,,data/4cys-large/output/xyz_files/4tzu_ZN_homo_d2.60_cluster1.xyz,2.00
4tzu,2,homo,1,ZN,ZN,B,504,,ZN,,1.0,4,TD,4S,8.58809568128092,13.764913249867817,0.06048152341984397,0.16957063227416835,1.203733736246218,1.4164431323813784,No,No,No,No,,,,data/4cys-large/output/xyz_files/4tzu_ZN_homo_d2.60_cluster2.xyz,2.00
4tzu,3,homo,1,ZN,ZN,C,503,,ZN,,1.0,4,TD,4S,7.3092901605551415,13.424206064283084,0.13759451214657364,0.35576675994230245,1.2092990463823938,1.669305870134908,No,No,No,No,,,,data/4cys-large/output/xyz_files/4tzu_ZN_homo_d2.60_cluster3.xyz,2.00
4tzu,4,homo,1,ZN,ZN,D,502,,ZN,,1.0,4,TD,4S,8.105067513379833,13.337305286314376,0.029650520126592847,0.07664754906941296,1.1825924581897436,1.4233038522218988,No,No,No,No,,,,data/4cys-large/output/xyz_files/4tzu_ZN_homo_d2.60_cluster4.xyz,2.00
4uej,1,homo,1,ZN,ZN,A,1347,,ZN,,1.0,4,TD,4S,6.776398093027536,11.345555754792017,0.05760098340849,0.14833446623733382,1.1977373747115099,1.305718242663498,No,No,No,No,,,,data/4cys-large/output/xyz_files/4uej_ZN_homo_d2.60_cluster1.xyz,1.74
4uej,4,homo,1,ZN,ZN,B,1347,,ZN,,1.0,4,TD,4S,7.3567287132574695,10.777438474446598,0.026649076748383203,0.07193841246890731,1.1736726687599832,1.2211219146553263,No,No,No,No,,,,data/4cys-large/output/xyz_files/4uej_ZN_homo_d2.60_cluster4.xyz,1.74
4uek,2,homo,1,ZN,ZN,A,1348,,ZN,,1.0,4,TD,4S,7.122307558590166,11.223470413811668,0.031020919426088887,0.07006832066967528,1.2011813873555293,1.2145761672339197,No,No,No,No,,,,data/4cys-large/output/xyz_files/4uek_ZN_homo_d2.60_cluster2.xyz,1.90
4uek,4,homo,1,ZN,ZN,B,1347,,ZN,,1.0,4,TD,4S,6.04355888288847,11.536971477255506,0.05489999277531076,0.13921080872948188,1.2363621121270767,1.4061905147749048,No,No,No,No,,,,data/4cys-large/output/xyz_files/4uek_ZN_homo_d2.60_cluster4.xyz,1.90
4ueo,2,homo,1,ZN,ZN,A,1348,,ZN,,1.0,4,TD,4S,8.126143818645568,14.915785765173666,0.032275557529920035,0.08610304654548262,1.180074117874571,1.363532534999495,No,No,No,No,,,,data/4cys-large/output/xyz_files/4ueo_ZN_homo_d2.60_cluster2.xyz,2.00
4ueo,5,homo,1,ZN,ZN,B,1348,,ZN,,1.0,4,TD,4S,6.513310984237962,9.775897682974147,0.02365268649687891,0.05839622151217627,1.2235005787700677,1.501945997368016,No,No,No,No,,,,data/4cys-large/output/xyz_files/4ueo_ZN_homo_d2.60_cluster5.xyz,2.00
4uf0,1,homo,1,ZN,ZN,A,2269,,ZN,,1.0,4,TD,4S,3.2117136091706344,5.940769539058252,0.0314896938091555,0.08225293792134591,1.2711823334337036,1.890998084234248,No,No,No,No,,,,data/4cys-large/output/xyz_files/4uf0_ZN_homo_d2.60_cluster1.xyz,1.78
4uf0,2,homo,1,ZN,ZN,B,2269,,ZN,,1.0,4,TD,4S,4.4061449769065195,8.165661017347972,0.049562592158869816,0.10756033719158253,1.2661557502161893,1.7829880754254865,No,No,No,No,,,,data/4cys-large/output/xyz_files/4uf0_ZN_homo_d2.60_cluster2.xyz,1.78
4uh1,1,homo,1,ZN,ZN,B,900,,ZN,,1.0,4,TD,4S,6.499148396971873,11.661595803161802,0.03884830994831284,0.10405992552055832,1.297305445858222,2.06431987141374,No,No,No,No,,,,data/4cys-large/output/xyz_files/4uh1_ZN_homo_d2.60_cluster1.xyz,1.80
4uh2,1,homo,1,ZN,ZN,B,900,,ZN,,1.0,4,TD,4S,7.708958209274321,11.545866643007926,0.031030839812288557,0.07915588167973064,1.2189907307510188,1.7050569255923027,No,No,No,No,,,,data/4cys-large/output/xyz_files/4uh2_ZN_homo_d2.60_cluster1.xyz,1.99
4uh4,1,homo,1,ZN,ZN,A,900,,ZN,,1.0,4,TD,4S,6.657255917918859,10.679590956991348,0.02701818050109256,0.0662107997004262,1.2516466880671726,1.6614263583019182,No,No,No,No,,,,data/4cys-large/output/xyz_files/4uh4_ZN_homo_d2.60_cluster1.xyz,1.95
4uh5,1,homo,1,ZN,ZN,A,900,,ZN,,1.0,4,TD,4S,6.908345917994003,12.009273419296449,0.031445241529558236,0.08117488112314764,1.2639286940480523,2.1422528789575344,No,No,No,No,,,,data/4cys-large/output/xyz_files/4uh5_ZN_homo_d2.60_cluster1.xyz,1.98
4uh6,1,homo,1,ZN,ZN,A,900,,ZN,,1.0,4,TD,4S,7.312728198182047,12.770120220234219,0.02054839207626733,0.053643902665749366,1.235995540528621,1.7429567154157466,No,No,No,No,,,,data/4cys-large/output/xyz_files/4uh6_ZN_homo_d2.60_cluster1.xyz,1.98
4up0,2,homo,1,ZN,ZN,A,1384,,ZN,,1.0,4,TD,4S,5.248862349914193,7.49865091691882,0.013686221050372366,0.03665757632369626,1.240855493510125,1.670630922151925,No,No,No,No,,,,data/4cys-large/output/xyz_files/4up0_ZN_homo_d2.60_cluster2.xyz,1.28
4up5,2,homo,1,ZN,ZN,A,1384,,ZN,,1.0,4,TD,4S,2.730429433309378,3.683893380537583,0.03430397564155727,0.094298582271235,1.3062830530697398,2.1262066208681536,No,No,No,No,,,,data/4cys-large/output/xyz_files/4up5_ZN_homo_d2.60_cluster2.xyz,1.65
4upm,1,homo,1,ZN,ZN,A,1717,,ZN,,1.0,4,TD,4S,7.086008721388927,10.614036136986812,0.036423318269386065,0.10214605978422986,1.2659388468417996,1.6774213095847093,No,No,No,No,,,,data/4cys-large/output/xyz_files/4upm_ZN_homo_d2.60_cluster1.xyz,1.90
4upo,1,homo,1,ZN,ZN,A,1717,,ZN,,1.0,4,TD,4S,6.229916653823353,10.041639939736854,0.027568634477652704,0.07789815483750351,1.2532877171899832,1.9280815893028649,No,No,No,No,,,,data/4cys-large/output/xyz_files/4upo_ZN_homo_d2.60_cluster1.xyz,1.95
4upp,1,homo,1,ZN,ZN,A,900,,ZN,,1.0,4,TD,4S,6.870253607655628,11.264131929719738,0.04225588585808899,0.11273864496862585,1.273313315297595,1.6517895523510169,No,No,No,No,,,,data/4cys-large/output/xyz_files/4upp_ZN_homo_d2.60_cluster1.xyz,1.91
4upr,1,homo,1,ZN,ZN,A,1484,,ZN,,1.0,4,TD,4S,5.027673053178131,10.029164757885852,0.0328165344094569,0.0848700084414995,1.338674945608147,1.8821566082306125,No,No,No,No,,,,data/4cys-large/output/xyz_files/4upr_ZN_homo_d2.60_cluster1.xyz,1.93
4ups,1,homo,1,ZN,ZN,A,1483,,ZN,,1.0,4,TD,4S,5.314423413196851,10.22579413417661,0.059375438100031465,0.14255636183059472,1.362323687214448,2.075211935998789,No,No,No,No,,,,data/4cys-large/output/xyz_files/4ups_ZN_homo_d2.60_cluster1.xyz,1.95
4v2y,1,homo,1,ZN,ZN,A,150,,ZN,,1.0,4,TD,4S,4.3295097514730205,8.885183788263916,0.02187277065337154,0.05374566668678238,1.2662335585758262,1.7448991461594847,No,No,No,No,,,,data/4cys-large/output/xyz_files/4v2y_ZN_homo_d2.60_cluster1.xyz,1.40
4v2y,2,homo,1,ZN,ZN,B,150,,ZN,,1.0,4,TD,4S,4.5349479771693355,6.433358636541499,0.01018646674770446,0.024911426359391253,1.2911605780081974,1.6655637432473553,No,No,No,No,,,,data/4cys-large/output/xyz_files/4v2y_ZN_homo_d2.60_cluster2.xyz,1.40
4v2y,3,homo,1,ZN,ZN,C,150,,ZN,,1.0,4,TD,4S,4.168607612935327,7.743352314459202,0.03242581535970101,0.08342806667868174,1.2595500278301828,1.5100175525260682,No,No,No,No,,,,data/4cys-large/output/xyz_files/4v2y_ZN_homo_d2.60_cluster3.xyz,1.40
4v2z,1,homo,1,ZN,ZN,A,150,,ZN,,1.0,4,TD,4S,4.392213814870344,8.940376912471976,0.02523724564595375,0.07076802369744772,1.2656953368143917,1.7569519190482425,No,No,No,No,,,,data/4cys-large/output/xyz_files/4v2z_ZN_homo_d2.60_cluster1.xyz,1.45
4v2z,2,homo,1,ZN,ZN,B,150,,ZN,,1.0,4,TD,4S,4.298703228886202,6.064918217201182,0.03346894133200153,0.08330268921944128,1.2871861586916438,1.570766728937364,No,No,No,No,,,,data/4cys-large/output/xyz_files/4v2z_ZN_homo_d2.60_cluster2.xyz,1.45
4v2z,3,homo,1,ZN,ZN,C,150,,ZN,,1.0,4,TD,4S,4.052508077460193,7.567302019022989,0.024811671917944134,0.07006505746002567,1.265721069091494,1.56877288172043,No,No,No,No,,,,data/4cys-large/output/xyz_files/4v2z_ZN_homo_d2.60_cluster3.xyz,1.45
4v30,1,homo,1,ZN,ZN,A,150,,ZN,,1.0,4,TD,4S,3.6010475180832855,7.681585410390895,0.023111807883082938,0.06140430846642264,1.27459892881073,1.826991748377358,No,No,No,No,,,,data/4cys-large/output/xyz_files/4v30_ZN_homo_d2.60_cluster1.xyz,1.85
4v30,2,homo,1,ZN,ZN,B,150,,ZN,,1.0,4,TD,4S,4.958892211580466,8.826262089543008,0.05431525143447881,0.15195568687813488,1.2615151630536587,1.54638945254292,No,No,No,No,,,,data/4cys-large/output/xyz_files/4v30_ZN_homo_d2.60_cluster2.xyz,1.85
4v30,3,homo,1,ZN,ZN,C,150,,ZN,,1.0,4,TD,4S,3.9189532413986323,7.279860133082451,0.041903634319661695,0.10327862383646469,1.2609042527951242,1.8952571362511559,No,No,No,No,,,,data/4cys-large/output/xyz_files/4v30_ZN_homo_d2.60_cluster3.xyz,1.85
4v31,1,homo,1,ZN,ZN,A,150,,ZN,,1.0,4,TD,4S,4.346875552187612,9.069532393304385,0.022150748450349964,0.058776615324637405,1.269487605821369,1.7900316663770104,No,No,No,No,,,,data/4cys-large/output/xyz_files/4v31_ZN_homo_d2.60_cluster1.xyz,1.80
4v31,2,homo,1,ZN,ZN,B,150,,ZN,,1.0,4,TD,4S,4.717710611131349,6.919816468299899,0.005056038421834167,0.012170382160656246,1.2703336496777446,1.371269611973096,No,No,No,No,,,,data/4cys-large/output/xyz_files/4v31_ZN_homo_d2.60_cluster2.xyz,1.80
4v31,3,homo,1,ZN,ZN,C,150,,ZN,,1.0,4,TD,4S,4.571046604197609,7.510266562724169,0.029655564796838743,0.07537882072577817,1.2471198813141606,1.6588450628033717,No,No,No,No,,,,data/4cys-large/output/xyz_files/4v31_ZN_homo_d2.60_cluster3.xyz,1.80
4v32,1,homo,1,ZN,ZN,A,150,,ZN,,1.0,4,TD,4S,4.06041952657177,8.261036274911717,0.02402389657456966,0.06121133441301785,1.266111641217054,1.865051024731258,No,No,No,No,,,,data/4cys-large/output/xyz_files/4v32_ZN_homo_d2.60_cluster1.xyz,1.90
4v32,2,homo,1,ZN,ZN,B,150,,ZN,,1.0,4,TD,4S,5.730346690422885,7.652239297500728,0.02764493861288908,0.07092293464547206,1.2393529108904702,1.4181552404008535,No,No,No,No,,,,data/4cys-large/output/xyz_files/4v32_ZN_homo_d2.60_cluster2.xyz,1.90
4v32,3,homo,1,ZN,ZN,C,150,,ZN,,1.0,4,TD,4S,4.177930366250385,8.449425846319656,0.05555711291137188,0.15435676174863966,1.2553458485818205,1.7238672426289143,No,No,No,No,,,,data/4cys-large/output/xyz_files/4v32_ZN_homo_d2.60_cluster3.xyz,1.90
4v3x,1,homo,1,ZN,ZN,A,900,,ZN,,1.0,4,TD,4S,6.802891376835324,10.248554701647961,0.051492772142272866,0.12615138584417052,1.2466741974611006,1.5931343920431233,No,No,No,No,,,,data/4cys-large/output/xyz_files/4v3x_ZN_homo_d2.60_cluster1.xyz,1.99
4v3y,1,homo,1,ZN,ZN,A,1717,,ZN,,1.0,4,TD,4S,5.988348887208608,9.769408042890944,0.05924343587136499,0.15997779057557437,1.3227000843998848,1.7478722948779326,No,No,No,No,,,,data/4cys-large/output/xyz_files/4v3y_ZN_homo_d2.60_cluster1.xyz,1.96
4wuy,2,homo,1,ZN,ZN,A,507,,ZN,,1.0,4,TD,4S,6.070956673608639,10.546623988908294,0.0299314119876425,0.08174605139778279,1.248621530167461,1.7298393341358644,No,No,No,No,,,,data/4cys-large/output/xyz_files/4wuy_ZN_homo_d2.60_cluster2.xyz,1.63
4wuy,3,homo,1,ZN,ZN,A,508,,ZN,,1.0,4,TD,4S,7.003178319285382,12.085580651411718,0.022299261542012002,0.05837519466311347,1.251282647814645,1.8241201990616047,No,No,No,No,,,,data/4cys-large/output/xyz_files/4wuy_ZN_homo_d2.60_cluster3.xyz,1.63
4x3o,1,homo,1,ZN,ZN,A,401,,ZN,,1.0,4,TD,4S,7.265494182825355,15.804502042385465,0.019306090525756638,0.050757862381304975,1.1944676312774514,1.7459707324314828,No,No,No,No,,,,data/4cys-large/output/xyz_files/4x3o_ZN_homo_d2.60_cluster1.xyz,1.50
4x3p,1,homo,1,ZN,ZN,A,401,,ZN,,1.0,4,TD,4S,6.581660962673942,13.8146347311489,0.018907458061079043,0.04699186287029322,1.210777137645148,1.8109145222130678,No,No,No,No,,,,data/4cys-large/output/xyz_files/4x3p_ZN_homo_d2.60_cluster1.xyz,1.80
4xb6,2,homo,1,ZN,ZN,D,302,,ZN,,1.0,4,TD,4S,3.938640970840017,5.9012396825256275,0.015108874638578037,0.040990127993030256,1.2818267016437646,1.9712523661456895,No,No,No,No,,,,data/4cys-large/output/xyz_files/4xb6_ZN_homo_d2.60_cluster2.xyz,1.70
4xb6,4,homo,1,ZN,ZN,H,302,,ZN,,1.0,4,TD,4S,5.683863978067903,9.35492012004562,0.07975303213720449,0.2188972432159022,1.2594054028538988,2.040667726513097,No,No,No,No,,,,data/4cys-large/output/xyz_files/4xb6_ZN_homo_d2.60_cluster4.xyz,1.70
4xd2,2,homo,1,ZN,ZN,A,402,,ZN,,1.0,4,TD,4S,5.983241056702288,10.588513189946582,0.008360263949792428,0.021628971055778656,1.208832409571642,1.3625661336633588,No,No,No,No,,,,data/4cys-large/output/xyz_files/4xd2_ZN_homo_d2.60_cluster2.xyz,1.10
4xd2,4,homo,1,ZN,ZN,B,402,,ZN,,1.0,4,TD,4S,6.273481359724416,10.846208722794557,0.02294697619914116,0.06351026037988161,1.1995165335402849,1.3745591055870645,No,No,No,No,,,,data/4cys-large/output/xyz_files/4xd2_ZN_homo_d2.60_cluster4.xyz,1.10
4xlg,2,homo,1,ZN,ZN,A,402,,ZN,,1.0,4,TD,4S,4.036768889505264,7.974064775289193,0.020529485759304997,0.0559778886327269,1.3489040622647417,1.7859195269624675,No,No,No,No,,,,data/4cys-large/output/xyz_files/4xlg_ZN_homo_d2.60_cluster2.xyz,1.78
4y0x,1,homo,1,ZN,ZN,A,502,,ZN,,1.0,4,TD,4S,7.125947203384413,12.531137887968768,0.05880851586153183,0.14735317255895453,1.260030143506441,1.6665871444472709,No,No,No,No,,,,data/4cys-large/output/xyz_files/4y0x_ZN_homo_d2.60_cluster1.xyz,1.74
4y12,1,homo,1,ZN,ZN,A,502,,ZN,,1.0,4,TD,4S,6.301561598614115,10.297823855893498,0.08849610590397451,0.21644819298086793,1.2816887942612496,1.6585023312296172,No,No,No,No,,,,data/4cys-large/output/xyz_files/4y12_ZN_homo_d2.60_cluster1.xyz,1.90
4y6l,1,homo,1,ZN,ZN,A,501,,ZN,,1.0,4,TD,4S,7.72648102471549,15.925771863326702,0.006606051906301689,0.015665573987544423,1.1927595920042802,1.7342709859510164,No,No,No,No,,,,data/4cys-large/output/xyz_files/4y6l_ZN_homo_d2.60_cluster1.xyz,1.60
4y6l,2,homo,1,ZN,ZN,B,501,,ZN,,1.0,4,TD,4S,7.359935741970191,16.23235516425933,0.0024616449396738455,0.006138664132691929,1.1932350077039497,1.7395198491631563,No,No,No,No,,,,data/4cys-large/output/xyz_files/4y6l_ZN_homo_d2.60_cluster2.xyz,1.60
4y6o,1,homo,1,ZN,ZN,A,501,,ZN,,1.0,4,TD,4S,7.492018896548597,15.465591744714672,0.003750787904099905,0.0097921844348825,1.199761084011944,1.735588745246932,No,No,No,No,,,,data/4cys-large/output/xyz_files/4y6o_ZN_homo_d2.60_cluster1.xyz,1.60
4y6o,2,homo,1,ZN,ZN,B,501,,ZN,,1.0,4,TD,4S,7.50731065628871,16.6369675663055,0.004716577360166277,0.012209190978576867,1.1915343259833886,1.7521327318980628,No,No,No,No,,,,data/4cys-large/output/xyz_files/4y6o_ZN_homo_d2.60_cluster2.xyz,1.60
4y6q,1,homo,1,ZN,ZN,A,501,,ZN,,1.0,4,TD,4S,8.658283573496629,18.23678200203524,0.01924642159472559,0.047125522265541786,1.1626951243443624,1.7040017060495243,No,No,No,No,,,,data/4cys-large/output/xyz_files/4y6q_ZN_homo_d2.60_cluster1.xyz,1.90
4y6q,2,homo,1,ZN,ZN,B,501,,ZN,,1.0,4,TD,4S,14.419953227790522,25.215577608662784,0.007913407900649155,0.01998838388357793,1.0857825967952686,1.532916607891569,No,No,No,No,,,,data/4cys-large/output/xyz_files/4y6q_ZN_homo_d2.60_cluster2.xyz,1.90
4y6q,3,homo,1,ZN,ZN,C,501,,ZN,,1.0,4,TD,4S,6.450047817972897,13.958774103317026,0.01984004745097233,0.04745766572109522,1.20862705351078,1.748688220529418,No,No,No,No,,,,data/4cys-large/output/xyz_files/4y6q_ZN_homo_d2.60_cluster3.xyz,1.90
4y6q,4,homo,1,ZN,ZN,D,501,,ZN,,1.0,4,TD,4S,13.395227004039416,24.829227589670168,0.009171122497657919,0.023472671002890078,1.0885999690776142,1.7271615148309203,No,No,No,No,,,,data/4cys-large/output/xyz_files/4y6q_ZN_homo_d2.60_cluster4.xyz,1.90
4yab,2,homo,1,ZN,ZN,A,1102,,ZN,,1.0,4,TD,4S,3.1537255632729955,6.409367404959383,0.0655513790859613,0.18513774136510142,1.2708605073245938,1.924647104852701,No,No,No,No,,,,data/4cys-large/output/xyz_files/4yab_ZN_homo_d2.60_cluster2.xyz,1.90
4yab,4,homo,1,ZN,ZN,B,1102,,ZN,,1.0,4,TD,4S,2.371446933682596,4.522719414291586,0.09749155377128076,0.27378141161217906,1.2742270007707654,2.1530247887904403,No,No,No,No,,,,data/4cys-large/output/xyz_files/4yab_ZN_homo_d2.60_cluster4.xyz,1.90
4yad,2,homo,1,ZN,ZN,A,1102,,ZN,,1.0,4,TD,4S,2.5657640384864484,5.29122085211884,0.06694086149037025,0.1695570980779837,1.2671348456906157,2.0668061547676007,No,No,No,No,,,,data/4cys-large/output/xyz_files/4yad_ZN_homo_d2.60_cluster2.xyz,1.73
4yad,4,homo,1,ZN,ZN,B,1102,,ZN,,1.0,4,TD,4S,3.1499117765315123,6.189865106358042,0.08773661662338732,0.22627206214079676,1.2710956175479455,1.6374367930826086,No,No,No,No,,,,data/4cys-large/output/xyz_files/4yad_ZN_homo_d2.60_cluster4.xyz,1.73
4ybm,2,homo,1,ZN,ZN,A,1102,,ZN,,1.0,4,TD,4S,3.929401738295694,8.402732535861645,0.027791198292040915,0.07623699201845024,1.2888418738348355,1.8974073878840265,No,No,No,No,,,,data/4cys-large/output/xyz_files/4ybm_ZN_homo_d2.60_cluster2.xyz,1.46
4ybm,4,homo,1,ZN,ZN,B,1105,,ZN,,1.0,4,TD,4S,4.18995287037209,8.389549511982395,0.027336423878851067,0.06583518393866505,1.2821080516018044,1.8173858604488258,No,No,No,No,,,,data/4cys-large/output/xyz_files/4ybm_ZN_homo_d2.60_cluster4.xyz,1.46
4ybs,2,homo,1,ZN,ZN,A,1102,,ZN,,1.0,4,TD,4S,2.4455442721579796,4.593756574976183,0.0660022281745497,0.16119175965113453,1.2725583016500381,2.0411121724417196,No,No,No,No,,,,data/4cys-large/output/xyz_files/4ybs_ZN_homo_d2.60_cluster2.xyz,1.83
4ybt,2,homo,1,ZN,ZN,A,1102,,ZN,,1.0,4,TD,4S,3.3025342579353603,6.630046784229378,0.020064191384002047,0.05152179321076433,1.2849286976929055,1.8479288386237593,No,No,No,No,,,,data/4cys-large/output/xyz_files/4ybt_ZN_homo_d2.60_cluster2.xyz,1.82
4yc9,2,homo,1,ZN,ZN,A,1102,,ZN,,1.0,4,TD,4S,3.0513201937522707,5.9248866804879015,0.03617627528559829,0.10010373166686382,1.2981847838571996,1.9180664605344737,No,No,No,No,,,,data/4cys-large/output/xyz_files/4yc9_ZN_homo_d2.60_cluster2.xyz,1.82
4z0o,1,homo,1,ZN,ZN,A,1001,,ZN,,1.0,4,TD,4S,2.0883250307692105,3.54237433675371,0.016823382463422937,0.0456745323907195,1.3067059906498892,1.4828903160638642,No,No,No,No,,,,data/4cys-large/output/xyz_files/4z0o_ZN_homo_d2.60_cluster1.xyz,1.57
4z0r,1,homo,1,ZN,ZN,A,1001,,ZN,,1.0,4,TD,4S,2.878516064714374,4.52668222644634,0.027427708360078955,0.0610734792282539,1.295368452337604,1.5620513915763694,No,No,No,No,,,,data/4cys-large/output/xyz_files/4z0r_ZN_homo_d2.60_cluster1.xyz,1.75
4z0r,2,homo,1,ZN,ZN,B,1001,,ZN,,1.0,4,TD,4S,2.443454258859661,3.3984986994356774,0.018777023170448014,0.05166831549823225,1.2874173171859364,1.5615118355273054,No,No,No,No,,,,data/4cys-large/output/xyz_files/4z0r_ZN_homo_d2.60_cluster2.xyz,1.75
4z0r,3,homo,1,ZN,ZN,C,1001,,ZN,,1.0,4,TD,4S,2.686410811948153,3.6582880248646887,0.011534976059980087,0.03239979476233934,1.2877662547100077,1.3702623517053345,No,No,No,No,,,,data/4cys-large/output/xyz_files/4z0r_ZN_homo_d2.60_cluster3.xyz,1.75
4z3c,1,homo,1,ZN,ZN,C,101,,ZN,,1.0,4,TD,4S,7.513400465125035,9.897734339179394,0.07310597190561223,0.19178038541394615,1.1803574783928779,1.2961783289885314,No,No,No,No,,,,data/4cys-large/output/xyz_files/4z3c_ZN_homo_d2.60_cluster1.xyz,1.57
4z3c,2,homo,1,ZN,ZN,C,102,,ZN,,1.0,4,TD,4S,7.012549592649151,10.63339541654004,0.05973162050069284,0.14933649254414805,1.1795232121000825,1.2188734998798252,No,No,No,No,,,,data/4cys-large/output/xyz_files/4z3c_ZN_homo_d2.60_cluster2.xyz,1.57
4z6k,2,homo,1,ZN,ZN,A,402,,ZN,,1.0,4,TD,4S,5.762926307785219,8.334455200517112,0.06853185954781996,0.1655404868811936,1.2072681481549743,1.2753919658188029,No,No,No,No,,,,data/4cys-large/output/xyz_files/4z6k_ZN_homo_d2.60_cluster2.xyz,1.90
4z6k,4,homo,1,ZN,ZN,B,402,,ZN,,1.0,4,TD,4S,6.518034584582692,10.326699995648298,0.04434654066860874,0.12447586352127527,1.2015421114718356,1.379239289541792,No,No,No,No,,,,data/4cys-large/output/xyz_files/4z6k_ZN_homo_d2.60_cluster4.xyz,1.90
4z6k,7,homo,1,ZN,ZN,C,402,,ZN,,1.0,4,TD,4S,6.835176280119537,10.973193162935715,0.06569467015699489,0.18441372339629636,1.1831870979994104,1.2777811980704192,No,No,No,No,,,,data/4cys-large/output/xyz_files/4z6k_ZN_homo_d2.60_cluster7.xyz,1.90
4z6k,9,homo,1,ZN,ZN,D,402,,ZN,,1.0,4,TD,4S,7.149821665932649,10.14523844501862,0.03545794605096926,0.09700406647185034,1.1867143388481387,1.4140055031084935,No,No,No,No,,,,data/4cys-large/output/xyz_files/4z6k_ZN_homo_d2.60_cluster9.xyz,1.90
4zdt,2,homo,1,ZN,ZN,A,302,,ZN,,1.0,4,TD,4S,3.8438344097484074,7.460094220623546,0.03571922561116085,0.08790442698771539,1.2740570240568103,1.5169997012650889,No,No,No,No,,,,data/4cys-large/output/xyz_files/4zdt_ZN_homo_d2.60_cluster2.xyz,2.00
4zdt,4,homo,1,ZN,ZN,C,302,,ZN,,1.0,4,TD,4S,4.496687356547176,7.959516797242458,0.04491590922072625,0.1143416274698299,1.2674211873144836,1.643407299792872,No,No,No,No,,,,data/4cys-large/output/xyz_files/4zdt_ZN_homo_d2.60_cluster4.xyz,2.00
4zlh,1,homo,1,ZN,ZN,A,401,,ZN,,1.0,4,TD,4S,4.168326609457899,5.522384277234195,0.06682604271185082,0.1616636603407855,1.2837161605067746,1.6573007027738735,No,No,No,No,,,,data/4cys-large/output/xyz_files/4zlh_ZN_homo_d2.60_cluster1.xyz,2.00
4zlh,2,homo,1,ZN,ZN,B,401,,ZN,,1.0,4,TD,4S,6.5541954458796265,13.506921484231768,0.03780211490382541,0.1038994775775608,1.184858840538587,1.242771775806028,No,No,No,No,,,,data/4cys-large/output/xyz_files/4zlh_ZN_homo_d2.60_cluster2.xyz,2.00
4zql,2,homo,1,ZN,ZN,A,1102,,ZN,,1.0,4,TD,4S,3.88069501601668,7.027822994761863,0.06653112085524408,0.15491678283969845,1.2590562185010357,1.6465326648965803,No,No,No,No,,,,data/4cys-large/output/xyz_files/4zql_ZN_homo_d2.60_cluster2.xyz,1.79
4zql,4,homo,1,ZN,ZN,B,1102,,ZN,,1.0,4,TD,4S,3.2050081010715177,6.7750294248511835,0.02019833042162912,0.05203262325489444,1.2913532488236341,1.8316272499464799,No,No,No,No,,,,data/4cys-large/output/xyz_files/4zql_ZN_homo_d2.60_cluster4.xyz,1.79
5a1l,1,homo,1,ZN,ZN,A,4002,,ZN,,1.0,4,TD,4S,4.010156244308312,6.590860849419883,0.09951833627526183,0.23294226893288394,1.2445682261113753,1.460770424161206,No,No,No,No,,,,data/4cys-large/output/xyz_files/5a1l_ZN_homo_d2.60_cluster1.xyz,2.00
5a1l,2,homo,1,ZN,ZN,B,4002,,ZN,,1.0,4,TD,4S,3.5557741233998432,6.6060784814629585,0.07922888910332576,0.20863451793524268,1.2513033807752867,2.035737980505666,No,No,No,No,,,,data/4cys-large/output/xyz_files/5a1l_ZN_homo_d2.60_cluster2.xyz,2.00
5a3a,1,homo,1,ZN,ZN,A,1293,,ZN,,1.0,4,TD,4S,5.425098288178752,9.913011567035667,0.03228104397668791,0.08395279075638173,1.2411371308451742,1.5800469921509035,No,No,No,No,,,,data/4cys-large/output/xyz_files/5a3a_ZN_homo_d2.60_cluster1.xyz,1.54
5a3b,1,homo,1,ZN,ZN,A,1293,,ZN,,1.0,4,TD,4S,6.582107867068592,12.367589177766348,0.07393563224316152,0.20676772384835385,1.1963097013198167,1.5892444533473067,No,No,No,No,,,,data/4cys-large/output/xyz_files/5a3b_ZN_homo_d2.60_cluster1.xyz,1.90
5a3d,1,homo,1,ZN,ZN,A,500,,ZN,,1.0,4,TD,4S,5.329108160839316,8.388180706755321,0.09351669525420844,0.22517489978701022,1.2100616502686035,1.8006963766526551,No,No,No,No,,,,data/4cys-large/output/xyz_files/5a3d_ZN_homo_d2.60_cluster1.xyz,1.80
5a3d,2,homo,1,ZN,ZN,B,500,,ZN,,1.0,4,TD,4S,5.118358768906961,7.884609180576135,0.03852766893633578,0.09126987055427538,1.2325415799431199,1.731632211837924,No,No,No,No,,,,data/4cys-large/output/xyz_files/5a3d_ZN_homo_d2.60_cluster2.xyz,1.80
5a3w,2,homo,1,ZN,ZN,A,1755,,ZN,,1.0,4,TD,4S,6.362255974503811,12.005539699732324,0.12709368821004674,0.31917165241086876,1.276252692640824,1.4530597068698081,No,No,No,No,,,,data/4cys-large/output/xyz_files/5a3w_ZN_homo_d2.60_cluster2.xyz,2.00
5ad4,1,homo,1,ZN,ZN,B,900,,ZN,,1.0,4,TD,4S,7.000295244201901,12.105872918990983,0.024686826376626256,0.06448019875615207,1.2922373430299816,1.9364590852757024,No,No,No,No,,,,data/4cys-large/output/xyz_files/5ad4_ZN_homo_d2.60_cluster1.xyz,1.98
5ad5,1,homo,1,ZN,ZN,A,900,,ZN,,1.0,4,TD,4S,6.76614706505248,10.65729931424498,0.035551053232184354,0.09681118669898758,1.2784868876328825,1.835235299750843,No,No,No,No,,,,data/4cys-large/output/xyz_files/5ad5_ZN_homo_d2.60_cluster1.xyz,1.90
5ad7,1,homo,1,ZN,ZN,B,900,,ZN,,1.0,4,TD,4S,7.352028428675818,11.270228758304299,0.02617483544283502,0.060971378212241856,1.2617239369722586,1.7167572945494616,No,No,No,No,,,,data/4cys-large/output/xyz_files/5ad7_ZN_homo_d2.60_cluster1.xyz,1.95
5ad8,1,homo,1,ZN,ZN,B,900,,ZN,,1.0,4,TD,4S,8.649205345115115,14.120907403165248,0.02738820969036958,0.06811249045131795,1.229462911799214,1.8377990953355878,No,No,No,No,,,,data/4cys-large/output/xyz_files/5ad8_ZN_homo_d2.60_cluster1.xyz,1.91
5ada,1,homo,1,ZN,ZN,A,1717,,ZN,,1.0,4,TD,4S,7.585798823300597,11.96592498101053,0.02376644317929249,0.06457617087934686,1.2500460762154328,1.7329035075694637,No,No,No,No,,,,data/4cys-large/output/xyz_files/5ada_ZN_homo_d2.60_cluster1.xyz,1.98
5adf,1,homo,1,ZN,ZN,A,900,,ZN,,1.0,4,TD,4S,8.870356952446866,14.834951058526826,0.025865841087751595,0.06361057350706112,1.2063062754261524,1.7859522053168806,No,No,No,No,,,,data/4cys-large/output/xyz_files/5adf_ZN_homo_d2.60_cluster1.xyz,1.97
5adg,1,homo,1,ZN,ZN,A,900,,ZN,,1.0,4,TD,4S,8.451790407999844,12.34864962515067,0.012447702187345736,0.031612137620815606,1.1982967897471182,1.598119950775795,No,No,No,No,,,,data/4cys-large/output/xyz_files/5adg_ZN_homo_d2.60_cluster1.xyz,1.98
5adk,1,homo,1,ZN,ZN,A,900,,ZN,,1.0,4,TD,4S,5.445564373712832,11.9928546796976,0.02251406450877874,0.05843874387697223,1.2865437331952114,1.691078100767705,No,No,No,No,,,,data/4cys-large/output/xyz_files/5adk_ZN_homo_d2.60_cluster1.xyz,1.81
5adn,1,homo,1,ZN,ZN,A,900,,ZN,,1.0,4,TD,4S,6.35075141675978,13.505796117817113,0.03119854352652327,0.08464514187672467,1.27134352367787,1.6932520947340912,No,No,No,No,,,,data/4cys-large/output/xyz_files/5adn_ZN_homo_d2.60_cluster1.xyz,2.00
5agk,1,homo,1,ZN,ZN,B,900,,ZN,,1.0,4,TD,4S,5.784305271865062,9.951944611057172,0.04915159808456796,0.12925622352981314,1.3205035578705313,2.00799680346849,No,No,No,No,,,,data/4cys-large/output/xyz_files/5agk_ZN_homo_d2.60_cluster1.xyz,2.00
5agl,1,homo,1,ZN,ZN,B,900,,ZN,,1.0,4,TD,4S,7.068286230253107,11.026534417009188,0.03742965720666299,0.09771642756430277,1.2602482730155398,1.754371852379619,No,No,No,No,,,,data/4cys-large/output/xyz_files/5agl_ZN_homo_d2.60_cluster1.xyz,1.94
5agm,1,homo,1,ZN,ZN,A,1717,,ZN,,1.0,4,TD,4S,6.8501718164007706,11.10556231077446,0.03208289661996755,0.07725576108541565,1.2390732230647499,1.6944080367225989,No,No,No,No,,,,data/4cys-large/output/xyz_files/5agm_ZN_homo_d2.60_cluster1.xyz,1.84
5agn,1,homo,1,ZN,ZN,A,1717,,ZN,,1.0,4,TD,4S,6.811945303141939,10.00187066450765,0.06547111225030015,0.17373562526817432,1.2711843276852812,1.630471766795727,No,No,No,No,,,,data/4cys-large/output/xyz_files/5agn_ZN_homo_d2.60_cluster1.xyz,1.95
5ago,1,homo,1,ZN,ZN,A,1717,,ZN,,1.0,4,TD,4S,6.976729632786277,9.450014221878348,0.01850298085119869,0.045300307441944465,1.257620187342452,1.5828444085631446,No,No,No,No,,,,data/4cys-large/output/xyz_files/5ago_ZN_homo_d2.60_cluster1.xyz,1.90
5amh,1,homo,1,ZN,ZN,A,150,,ZN,,1.0,4,TD,4S,4.1572281896377,5.791808637324067,0.015757129629842454,0.03480284548217982,1.2865128832043782,1.3507813425996207,No,No,No,No,,,,data/4cys-large/output/xyz_files/5amh_ZN_homo_d2.60_cluster1.xyz,1.20
5ami,1,homo,1,ZN,ZN,A,150,,ZN,,1.0,4,TD,4S,3.7832443467755112,7.419945357689301,0.02537450602204078,0.06896905859692115,1.266305715396601,1.9062114541529904,No,No,No,No,,,,data/4cys-large/output/xyz_files/5ami_ZN_homo_d2.60_cluster1.xyz,1.75
5ami,2,homo,1,ZN,ZN,B,150,,ZN,,1.0,4,TD,4S,3.3767191547206776,5.43085102554484,0.05609780649609842,0.15812551093048866,1.2982318677628621,1.8749433219428664,No,No,No,No,,,,data/4cys-large/output/xyz_files/5ami_ZN_homo_d2.60_cluster2.xyz,1.75
5ami,3,homo,1,ZN,ZN,C,150,,ZN,,1.0,4,TD,4S,4.586112820478567,8.028167333531698,0.02038511858533662,0.044946997582898884,1.2618744700680382,1.7564504038729167,No,No,No,No,,,,data/4cys-large/output/xyz_files/5ami_ZN_homo_d2.60_cluster3.xyz,1.75
5amj,1,homo,1,ZN,ZN,A,150,,ZN,,1.0,4,TD,4S,4.145267150163054,8.109787204556667,0.017432215130877046,0.039052299567368554,1.2644011255692837,1.7751402648733952,No,No,No,No,,,,data/4cys-large/output/xyz_files/5amj_ZN_homo_d2.60_cluster1.xyz,1.75
5amj,2,homo,1,ZN,ZN,B,150,,ZN,,1.0,4,TD,4S,3.7953766829852884,5.98450945808419,0.03786392505451707,0.086565354183195,1.28964119384653,1.8303184445945204,No,No,No,No,,,,data/4cys-large/output/xyz_files/5amj_ZN_homo_d2.60_cluster2.xyz,1.75
5amj,3,homo,1,ZN,ZN,C,150,,ZN,,1.0,4,TD,4S,4.328555973553198,7.835763908913719,0.031340331264100726,0.07916476522642846,1.258824470088271,1.5855226370736677,No,No,No,No,,,,data/4cys-large/output/xyz_files/5amj_ZN_homo_d2.60_cluster3.xyz,1.75
5arf,1,homo,1,ZN,ZN,A,1003,,ZN,,0.8,4,TD_d,4S,21.35451858287461,49.27789856005479,0.1368105921505208,0.37859429227279495,0.7948858378555386,1.1962496988019904,No,No,Yes,No,,,,data/4cys-large/output/xyz_files/5arf_ZN_homo_d2.60_cluster1.xyz,1.92
5arf,2,homo,1,ZN,ZN,A,1004,,ZN,,0.8,4,TD_d,4S,13.392601611742219,24.726526874933057,0.16350075092251373,0.34916119926416567,1.1841111251118883,1.784617139459841,No,No,Yes,No,,,,data/4cys-large/output/xyz_files/5arf_ZN_homo_d2.60_cluster2.xyz,1.92
5arg,1,homo,1,ZN,ZN,A,1003,,ZN,,1.0,4,TD_d,4S,21.564414620755414,47.60673657251445,0.061453020375336405,0.1447994924932572,0.8190408417412519,1.209972165752584,No,No,Yes,No,,,,data/4cys-large/output/xyz_files/5arg_ZN_homo_d2.60_cluster1.xyz,1.99
5arg,2,homo,1,ZN,ZN,A,1004,,ZN,,1.0,4,TD,4S,10.677132401693765,17.673716378194314,0.03096346982719328,0.07656370076394481,1.191011321064733,1.8364014510768987,No,No,No,No,,,,data/4cys-large/output/xyz_files/5arg_ZN_homo_d2.60_cluster2.xyz,1.99
5aun,1,homo,1,ZN,ZN,A,201,,ZN,,1.0,4,TD,4S,5.605783789235236,8.748274571525613,0.014503795889299462,0.04069883152902776,1.2623051383910675,1.8570202708557315,No,No,No,No,,,,data/4cys-large/output/xyz_files/5aun_ZN_homo_d2.60_cluster1.xyz,1.63
5auo,1,homo,1,ZN,ZN,A,201,,ZN,,1.0,4,TD,4S,5.489641972873403,9.505134435913405,0.0500289737584228,0.12367823037871073,1.2562750868982187,1.716211610349908,No,No,No,No,,,,data/4cys-large/output/xyz_files/5auo_ZN_homo_d2.60_cluster1.xyz,1.80
5b1a,1,homo,1,ZN,ZN,F,101,,ZN,,1.0,4,TD,4S,3.6011742328284138,7.604884525024005,0.013560458055389564,0.035756850480187286,1.2965642660269705,1.4331232902018558,No,No,No,No,,,,data/4cys-large/output/xyz_files/5b1a_ZN_homo_d2.60_cluster1.xyz,1.50
5b1a,2,homo,1,ZN,ZN,S,101,,ZN,,1.0,4,TD,4S,3.149191247647867,6.7706453537922044,0.01495607268860139,0.03599511463868543,1.296196135514663,1.411383104073827,No,No,No,No,,,,data/4cys-large/output/xyz_files/5b1a_ZN_homo_d2.60_cluster2.xyz,1.50
5b1b,1,homo,1,ZN,ZN,F,101,,ZN,,1.0,4,TD,4S,3.707818992377875,7.88417604197096,0.026606233067158525,0.06399870043757883,1.2901190048695017,1.4307900265241886,No,No,No,No,,,,data/4cys-large/output/xyz_files/5b1b_ZN_homo_d2.60_cluster1.xyz,1.60
5b1b,2,homo,1,ZN,ZN,S,101,,ZN,,1.0,4,TD,4S,3.2345238387762065,6.484326606811052,0.021098654127347776,0.05338444232477624,1.2880721708541,1.5482968250170634,No,No,No,No,,,,data/4cys-large/output/xyz_files/5b1b_ZN_homo_d2.60_cluster2.xyz,1.60
5b2o,1,homo,1,ZN,ZN,A,1701,,ZN,,1.0,4,TD,4S,6.4785323605791465,10.51605073307347,0.02772649379792335,0.07037774628370252,1.2076774505464207,1.2907381353877252,No,No,No,No,,,,data/4cys-large/output/xyz_files/5b2o_ZN_homo_d2.60_cluster1.xyz,1.70
5b2p,1,homo,1,ZN,ZN,A,1701,,ZN,,1.0,4,TD,4S,6.096226538462414,9.775772890608224,0.013889695592231984,0.0365317671212706,1.216273569033731,1.3207153640970721,No,No,No,No,,,,data/4cys-large/output/xyz_files/5b2p_ZN_homo_d2.60_cluster1.xyz,1.70
5b2q,1,homo,1,ZN,ZN,A,1701,,ZN,,1.0,4,TD,4S,6.428963365800957,10.847046603312904,0.023762422772294005,0.06546932315976761,1.2120363760407344,1.3042192185375816,No,No,No,No,,,,data/4cys-large/output/xyz_files/5b2q_ZN_homo_d2.60_cluster1.xyz,1.70
5b3s,1,homo,1,ZN,ZN,F,101,,ZN,,1.0,4,TD,4S,4.2279015952865375,9.030157923911034,0.02114403329548315,0.051994195558847434,1.2771177449662758,1.3451251428505029,No,No,No,No,,,,data/4cys-large/output/xyz_files/5b3s_ZN_homo_d2.60_cluster1.xyz,1.68
5b3s,2,homo,1,ZN,ZN,S,101,,ZN,,1.0,4,TD,4S,3.3989989884203133,6.859496750023624,0.004872007245894905,0.012827375027779642,1.2846238109227681,1.5396465618207262,No,No,No,No,,,,data/4cys-large/output/xyz_files/5b3s_ZN_homo_d2.60_cluster2.xyz,1.68
5b73,3,homo,1,ZN,ZN,A,503,,ZN,,1.0,4,TD,4S,2.0164551257852166,3.073506912670581,0.1040521927597064,0.2733049413136799,1.2729155404239398,2.175728834577151,No,No,No,No,,,,data/4cys-large/output/xyz_files/5b73_ZN_homo_d2.60_cluster3.xyz,1.80
5b75,1,homo,1,ZN,ZN,A,401,,ZN,,1.0,4,TD,4S,2.6586543095865522,3.509596719968627,0.02269320641395998,0.06035017092768458,1.2940630335453063,1.5559969850219817,No,No,No,No,,,,data/4cys-large/output/xyz_files/5b75_ZN_homo_d2.60_cluster1.xyz,1.70
5b75,4,homo,1,ZN,ZN,A,404,,ZN,,1.0,4,TD,4S,5.028831743138535,8.25578077911102,0.021440818204227066,0.059950639926737104,1.2777186446701314,1.873373641735059,No,No,No,No,,,,data/4cys-large/output/xyz_files/5b75_ZN_homo_d2.60_cluster4.xyz,1.70
5b76,1,homo,1,ZN,ZN,A,401,,ZN,,1.0,4,TD,4S,3.3767636245204256,5.0319348807039574,0.02906949119626141,0.07914280298940746,1.2766377988235569,1.7675464404005963,No,No,No,No,,,,data/4cys-large/output/xyz_files/5b76_ZN_homo_d2.60_cluster1.xyz,1.65
5b76,4,homo,1,ZN,ZN,A,404,,ZN,,1.0,4,TD,4S,5.5473474730289105,8.830846318159104,0.02721192136615552,0.06987455870028603,1.240949578462125,1.836074155447387,No,No,No,No,,,,data/4cys-large/output/xyz_files/5b76_ZN_homo_d2.60_cluster4.xyz,1.65
5b77,1,homo,1,ZN,ZN,A,401,,ZN,,1.0,4,TD,4S,2.0298736197016023,2.708956714246767,0.03269227277366832,0.08141984866533125,1.2899137147985207,1.8511894275217884,No,No,No,No,,,,data/4cys-large/output/xyz_files/5b77_ZN_homo_d2.60_cluster1.xyz,1.55
5b77,4,homo,1,ZN,ZN,A,404,,ZN,,1.0,4,TD,4S,5.094166644765145,8.927558747678518,0.01802502844220154,0.04767658909354644,1.231362912223573,1.9167927278265047,No,No,No,No,,,,data/4cys-large/output/xyz_files/5b77_ZN_homo_d2.60_cluster4.xyz,1.55
5b78,1,homo,1,ZN,ZN,A,401,,ZN,,1.0,4,TD,4S,3.4658395280915424,4.5605089412171225,0.04481297150566192,0.11155574110481403,1.2634205882609846,1.649265134327587,No,No,No,No,,,,data/4cys-large/output/xyz_files/5b78_ZN_homo_d2.60_cluster1.xyz,1.40
5b78,4,homo,1,ZN,ZN,A,404,,ZN,,1.0,4,TD,4S,4.802607105112183,6.646444091516656,0.015869651820496412,0.03886406913973417,1.2818906983892722,1.6098523663204256,No,No,No,No,,,,data/4cys-large/output/xyz_files/5b78_ZN_homo_d2.60_cluster4.xyz,1.40
5bwl,1,homo,1,ZN,ZN,A,401,,ZN,,1.0,4,TD,4S,3.931119079548547,6.462113903358954,0.008515052592082356,0.022490542241091482,1.2678845723917689,2.131427538367992,No,No,No,No,,,,data/4cys-large/output/xyz_files/5bwl_ZN_homo_d2.60_cluster1.xyz,1.55
5bwn,1,homo,1,ZN,ZN,A,401,,ZN,,1.0,4,TD,4S,8.15550783692874,14.85445142508668,0.04792202660968781,0.1263546099063313,1.2263805055429473,1.8334674295684206,No,No,No,No,,,,data/4cys-large/output/xyz_files/5bwn_ZN_homo_d2.60_cluster1.xyz,1.94
5c1z,2,homo,1,ZN,ZN,A,502,,ZN,,1.0,4,TD,4S,3.2525386548935344,5.9728965335659865,0.05118670312850734,0.13416111146102416,1.2779935272164853,1.7644799343272348,No,No,No,No,,,,data/4cys-large/output/xyz_files/5c1z_ZN_homo_d2.60_cluster2.xyz,1.79
5c1z,3,homo,1,ZN,ZN,A,503,,ZN,,1.0,4,TD,4S,4.663611675133168,8.004403223258947,0.016615816329717908,0.038213369993838064,1.2635134417389768,2.035704952113336,No,No,No,No,,,,data/4cys-large/output/xyz_files/5c1z_ZN_homo_d2.60_cluster3.xyz,1.79
5c1z,7,homo,1,ZN,ZN,A,507,,ZN,,1.0,4,TD,4S,5.5311098544234785,8.101212182751027,0.03955860157062433,0.09758916659140615,1.261900158258225,2.0581945463111877,No,No,No,No,,,,data/4cys-large/output/xyz_files/5c1z_ZN_homo_d2.60_cluster7.xyz,1.79
5c1z,10,homo,1,ZN,ZN,B,502,,ZN,,1.0,4,TD,4S,3.6284395587280778,7.0183801420335925,0.04178458857507696,0.09753375843200374,1.277920291395369,1.5814883318427841,No,No,No,No,,,,data/4cys-large/output/xyz_files/5c1z_ZN_homo_d2.60_cluster10.xyz,1.79
5c1z,11,homo,1,ZN,ZN,B,503,,ZN,,1.0,4,TD,4S,4.0991432965969885,6.250885177266767,0.042527685664276005,0.11561439553827046,1.252853744254144,2.071249003676988,No,No,No,No,,,,data/4cys-large/output/xyz_files/5c1z_ZN_homo_d2.60_cluster11.xyz,1.79
5c1z,15,homo,1,ZN,ZN,B,507,,ZN,,1.0,4,TD,4S,4.820499243321687,7.050323153478416,0.059302329958789785,0.153418679937265,1.2727193119202174,2.0275087584028606,No,No,No,No,,,,data/4cys-large/output/xyz_files/5c1z_ZN_homo_d2.60_cluster15.xyz,1.79
5cbx,1,homo,1,ZN,ZN,A,501,,ZN,,1.0,4,TD,4S,6.821623748398804,11.344835939641555,0.05086282175153072,0.12631547765536455,1.219011642345967,1.6348641178433698,No,No,No,No,,,,data/4cys-large/output/xyz_files/5cbx_ZN_homo_d2.60_cluster1.xyz,2.00
5cbx,2,homo,1,ZN,ZN,A,502,,ZN,,1.0,4,TD,4S,4.634278475831628,7.521200516257608,0.048859527694166134,0.12123158169660053,1.2548062233067507,1.6754184767382245,No,No,No,No,,,,data/4cys-large/output/xyz_files/5cbx_ZN_homo_d2.60_cluster2.xyz,2.00
5cbx,3,homo,1,ZN,ZN,B,501,,ZN,,1.0,4,TD,4S,5.365279262678949,8.243548087625655,0.03489248902330551,0.09828522496955427,1.2660584387057685,1.743819697601998,No,No,No,No,,,,data/4cys-large/output/xyz_files/5cbx_ZN_homo_d2.60_cluster3.xyz,2.00
5cbx,4,homo,1,ZN,ZN,B,502,,ZN,,1.0,4,TD,4S,4.422146194067808,8.269878684016888,0.025714713259556106,0.06740098696545438,1.262610918121976,1.8838346912078672,No,No,No,No,,,,data/4cys-large/output/xyz_files/5cbx_ZN_homo_d2.60_cluster4.xyz,2.00
5cbx,5,homo,1,ZN,ZN,E,501,,ZN,,1.0,4,TD,4S,4.741783305923996,9.536266287213039,0.051185550401552496,0.13054424530551856,1.2446773905282122,1.9257177784503694,No,No,No,No,,,,data/4cys-large/output/xyz_files/5cbx_ZN_homo_d2.60_cluster5.xyz,2.00
5cbx,6,homo,1,ZN,ZN,E,502,,ZN,,1.0,4,TD,4S,5.30010493290899,9.176841739827509,0.04245273950962899,0.11063445692043894,1.2460811573086876,1.792298955653979,No,No,No,No,,,,data/4cys-large/output/xyz_files/5cbx_ZN_homo_d2.60_cluster6.xyz,2.00
5cbx,7,homo,1,ZN,ZN,F,501,,ZN,,1.0,4,TD,4S,4.386014113762748,7.330446068434114,0.04706394721135498,0.12133140936941444,1.2474851460822427,1.6811501268290692,No,No,No,No,,,,data/4cys-large/output/xyz_files/5cbx_ZN_homo_d2.60_cluster7.xyz,2.00
5cbx,8,homo,1,ZN,ZN,F,502,,ZN,,1.0,4,TD,4S,4.331464598077995,6.196576854005727,0.03967545443551618,0.10455268954631558,1.277919581498651,1.6651704000079945,No,No,No,No,,,,data/4cys-large/output/xyz_files/5cbx_ZN_homo_d2.60_cluster8.xyz,2.00
5cby,1,homo,1,ZN,ZN,A,501,,ZN,,1.0,4,TD,4S,4.408602057366505,7.5513602437947185,0.027415893055678143,0.06679657028101449,1.2572297511053208,1.6329854686380045,No,No,No,No,,,,data/4cys-large/output/xyz_files/5cby_ZN_homo_d2.60_cluster1.xyz,2.00
5cby,2,homo,1,ZN,ZN,A,502,,ZN,,1.0,4,TD,4S,4.883697299032747,9.410473935239068,0.03836478531725272,0.096649137268074,1.2737041943074503,1.7902747889101487,No,No,No,No,,,,data/4cys-large/output/xyz_files/5cby_ZN_homo_d2.60_cluster2.xyz,2.00
5cby,3,homo,1,ZN,ZN,B,501,,ZN,,1.0,4,TD,4S,4.469443290615884,6.845358078025242,0.05189623659100792,0.12740937742638225,1.2516475484835388,1.6123941102703587,No,No,No,No,,,,data/4cys-large/output/xyz_files/5cby_ZN_homo_d2.60_cluster3.xyz,2.00
5cby,4,homo,1,ZN,ZN,B,502,,ZN,,1.0,4,TD,4S,3.8267993128030047,6.659293250718818,0.046710789163410295,0.12466510693391486,1.269163565549433,1.984597207262295,No,No,No,No,,,,data/4cys-large/output/xyz_files/5cby_ZN_homo_d2.60_cluster4.xyz,2.00
5ccl,1,homo,1,ZN,ZN,A,501,,ZN,,1.0,4,TD,4S,3.531408989908688,5.549232065467223,0.011666342352269484,0.03251298103361,1.2658378164879824,1.565600916242774,No,No,No,No,,,,data/4cys-large/output/xyz_files/5ccl_ZN_homo_d2.60_cluster1.xyz,1.50
5ccl,2,homo,1,ZN,ZN,A,502,,ZN,,1.0,4,TD,4S,5.673100546169773,10.64406656065978,0.02758156031296549,0.07000847088740736,1.2513169767096868,1.8098058670723502,No,No,No,No,,,,data/4cys-large/output/xyz_files/5ccl_ZN_homo_d2.60_cluster2.xyz,1.50
5cdg,2,homo,1,ZN,ZN,A,402,,ZN,,1.0,4,TD,4S,6.051081514474713,9.700366685334927,0.009823608260478126,0.025053202048417766,1.2085647879598271,1.3713309267240836,No,No,No,No,,,,data/4cys-large/output/xyz_files/5cdg_ZN_homo_d2.60_cluster2.xyz,1.40
5cdg,4,homo,1,ZN,ZN,B,402,,ZN,,1.0,4,TD,4S,6.312051121676098,10.443648419942875,0.01837177684514863,0.04574054480596512,1.1974244700439605,1.4103890773895909,No,No,No,No,,,,data/4cys-large/output/xyz_files/5cdg_ZN_homo_d2.60_cluster4.xyz,1.40
5cds,2,homo,1,ZN,ZN,A,402,,ZN,,1.0,4,TD,4S,6.403301663107495,10.115973917036001,0.008164723053705147,0.022645707118115865,1.195981061804372,1.3778604997305286,No,No,No,No,,,,data/4cys-large/output/xyz_files/5cds_ZN_homo_d2.60_cluster2.xyz,1.40
5cds,4,homo,1,ZN,ZN,B,402,,ZN,,1.0,4,TD,4S,6.048747862780911,10.162898151188486,0.03548246307846706,0.09347026580000772,1.2107970732230329,1.46894394133739,No,No,No,No,,,,data/4cys-large/output/xyz_files/5cds_ZN_homo_d2.60_cluster4.xyz,1.40
5cdt,2,homo,1,ZN,ZN,A,402,,ZN,,1.0,4,TD,4S,6.813261913060427,11.111773229275983,0.014606895575559541,0.03928431423164458,1.188810163971766,1.383799298456023,No,No,No,No,,,,data/4cys-large/output/xyz_files/5cdt_ZN_homo_d2.60_cluster2.xyz,1.70
5cdt,4,homo,1,ZN,ZN,B,402,,ZN,,1.0,4,TD,4S,6.654334927194296,10.725294625096552,0.028894675814877206,0.07787043335962585,1.1889603426954893,1.3444547930933264,No,No,No,No,,,,data/4cys-large/output/xyz_files/5cdt_ZN_homo_d2.60_cluster4.xyz,1.70
5cdu,2,homo,1,ZN,ZN,A,402,,ZN,,1.0,4,TD,4S,6.551257116923023,10.368209737231751,0.026792224870759662,0.06012730581296877,1.1925892151946316,1.3162280519236722,No,No,No,No,,,,data/4cys-large/output/xyz_files/5cdu_ZN_homo_d2.60_cluster2.xyz,1.60
5cdu,4,homo,1,ZN,ZN,B,402,,ZN,,1.0,4,TD,4S,6.839774490125562,10.739464032347968,0.027410709295600685,0.07413644825459542,1.1804544558621555,1.315493348173635,No,No,No,No,,,,data/4cys-large/output/xyz_files/5cdu_ZN_homo_d2.60_cluster4.xyz,1.60
5cvm,1,homo,1,ZN,ZN,A,1000,,ZN,,1.0,4,TD,4S,4.105145677053084,7.369412280941759,0.033560535363100545,0.08947951814801725,1.263167656087485,1.9606923814556951,No,No,No,No,,,,data/4cys-large/output/xyz_files/5cvm_ZN_homo_d2.60_cluster1.xyz,1.90
5d7n,1,homo,1,ZN,ZN,A,401,,ZN,,1.0,4,TD,4S,8.6121574408773,16.80272342181216,0.014724641168984249,0.03795335194917815,1.1752178436764438,1.8572418584948762,No,No,No,No,,,,data/4cys-large/output/xyz_files/5d7n_ZN_homo_d2.60_cluster1.xyz,1.83
5d7n,2,homo,1,ZN,ZN,B,401,,ZN,,1.0,4,TD,4S,7.697466750377993,13.88296015596049,0.012486709557169878,0.030479525447914657,1.2013058121320856,1.8014695134563214,No,No,No,No,,,,data/4cys-large/output/xyz_files/5d7n_ZN_homo_d2.60_cluster2.xyz,1.83
5d7n,3,homo,1,ZN,ZN,C,401,,ZN,,1.0,4,TD,4S,7.806638235219956,13.848588092918547,0.008024982879230725,0.020996418769896774,1.1981002210030633,1.8565313374025516,No,No,No,No,,,,data/4cys-large/output/xyz_files/5d7n_ZN_homo_d2.60_cluster3.xyz,1.83
5d7n,4,homo,1,ZN,ZN,D,401,,ZN,,1.0,4,TD,4S,7.323458874991154,13.599596507909354,0.01863691862561825,0.044885216495912594,1.2080501974991107,1.9400979841876145,No,No,No,No,,,,data/4cys-large/output/xyz_files/5d7n_ZN_homo_d2.60_cluster4.xyz,1.83
5d7n,5,homo,1,ZN,ZN,E,401,,ZN,,1.0,4,TD,4S,7.28309999301804,13.490885820140022,0.015008937595289422,0.03476819551814625,1.2023977786547506,1.8496828403124297,No,No,No,No,,,,data/4cys-large/output/xyz_files/5d7n_ZN_homo_d2.60_cluster5.xyz,1.83
5d7n,6,homo,1,ZN,ZN,F,401,,ZN,,1.0,4,TD,4S,8.55728198335331,18.035939831957123,0.027001181638096228,0.06907134231670131,1.1689377461277974,1.7699874475930661,No,No,No,No,,,,data/4cys-large/output/xyz_files/5d7n_ZN_homo_d2.60_cluster6.xyz,1.83
5d7o,1,homo,1,ZN,ZN,A,401,,ZN,,1.0,4,TD,4S,7.456538210229052,15.665201071980235,0.0044525841992272995,0.011959367792551134,1.2022919669630645,1.822714572457554,No,No,No,No,,,,data/4cys-large/output/xyz_files/5d7o_ZN_homo_d2.60_cluster1.xyz,1.63
5d7o,2,homo,1,ZN,ZN,B,401,,ZN,,1.0,4,TD,4S,7.56938937316113,15.9955886313154,0.0029387023941087787,0.007343114519144489,1.1975299283021108,1.697430062322507,No,No,No,No,,,,data/4cys-large/output/xyz_files/5d7o_ZN_homo_d2.60_cluster2.xyz,1.63
5d7p,1,homo,1,ZN,ZN,A,401,,ZN,,1.0,4,TD,4S,10.497820069063323,18.68530842629633,0.015587822474093049,0.0433710040686055,1.1506619842666987,1.829706975702219,No,No,No,No,,,,data/4cys-large/output/xyz_files/5d7p_ZN_homo_d2.60_cluster1.xyz,1.76
5d7p,2,homo,1,ZN,ZN,B,401,,ZN,,1.0,4,TD,4S,7.803297508615405,16.9400736577755,0.008431490400355613,0.02300814682482688,1.188372001243132,1.7413404272665145,No,No,No,No,,,,data/4cys-large/output/xyz_files/5d7p_ZN_homo_d2.60_cluster2.xyz,1.76
5dag,5,homo,1,ZN,ZN,A,305,,ZN,,0.72,4,TD,4S,4.719350250223641,6.954918006938897,0.04001378705127315,0.10048344937741538,1.2722104166450048,2.141455248370267,No,No,No,No,,,,data/4cys-large/output/xyz_files/5dag_ZN_homo_d2.60_cluster5.xyz,1.60
5din,1,homo,1,ZN,ZN,A,201,,ZN,,1.0,4,TD,4S,7.184132207132712,13.140885594365344,0.04332721358545253,0.1173936691608164,1.195294207710982,1.3053753403522652,No,No,No,No,,,,data/4cys-large/output/xyz_files/5din_ZN_homo_d2.60_cluster1.xyz,1.86
5din,7,homo,1,ZN,ZN,B,203,,ZN,,1.0,4,TD,4S,6.38184125805057,10.591914074432182,0.04758482960297159,0.12432954125134188,1.232633617215706,1.581157775980669,No,No,No,No,,,,data/4cys-large/output/xyz_files/5din_ZN_homo_d2.60_cluster7.xyz,1.86
5dka,1,homo,1,ZN,ZN,A,301,,ZN,,1.0,4,TD,4S,2.6090846757461126,5.186245201875067,0.04562261438834385,0.12585313162182032,1.310326631765938,1.6774838072527172,No,No,No,No,,,,data/4cys-large/output/xyz_files/5dka_ZN_homo_d2.60_cluster1.xyz,1.55
5dka,4,homo,1,ZN,ZN,B,301,,ZN,,1.0,4,TD,4S,2.8582631234756577,5.12948877088202,0.03389169509434257,0.08165491642448419,1.3069162321888566,1.920260879917402,No,No,No,No,,,,data/4cys-large/output/xyz_files/5dka_ZN_homo_d2.60_cluster4.xyz,1.55
5dy4,1,homo,1,ZN,ZN,A,401,,ZN,,1.0,4,TD,4S,5.815651206606981,11.974180465374161,0.014303739717771404,0.038558386102408804,1.2099259155658482,1.6493886027456197,No,No,No,No,,,,data/4cys-large/output/xyz_files/5dy4_ZN_homo_d2.60_cluster1.xyz,1.77
5dy5,1,homo,1,ZN,ZN,A,401,,ZN,,1.0,4,TD,4S,7.507179337545931,15.047593668298276,0.007736004668990114,0.020140539118515655,1.2007658024612293,1.7948899985814604,No,No,No,No,,,,data/4cys-large/output/xyz_files/5dy5_ZN_homo_d2.60_cluster1.xyz,1.95
5e69,1,homo,1,ZN,ZN,A,601,,ZN,,1.0,4,TD,4S,5.145305056434865,9.69153518262884,0.046598279657486245,0.11382352562147835,1.2685740429580634,1.9292159205635742,No,No,No,No,,,,data/4cys-large/output/xyz_files/5e69_ZN_homo_d2.60_cluster1.xyz,1.85
5e69,2,homo,1,ZN,ZN,A,602,,ZN,,1.0,4,TD,4S,4.122426314381891,7.833969439848872,0.05043560518807339,0.13128660554486826,1.266427594707614,1.9231286876920626,No,No,No,No,,,,data/4cys-large/output/xyz_files/5e69_ZN_homo_d2.60_cluster2.xyz,1.85
5e69,3,homo,1,ZN,ZN,B,601,,ZN,,1.0,4,TD,4S,4.980909994019761,8.17889042833994,0.0414773007211722,0.11072530299373362,1.2791820011786919,1.978657615878781,No,No,No,No,,,,data/4cys-large/output/xyz_files/5e69_ZN_homo_d2.60_cluster3.xyz,1.85
5e69,4,homo,1,ZN,ZN,B,602,,ZN,,1.0,4,TD,4S,4.755504487598166,7.187903411621406,0.05667344322886701,0.13903694100197095,1.2880561489479687,1.9724022469331013,No,No,No,No,,,,data/4cys-large/output/xyz_files/5e69_ZN_homo_d2.60_cluster4.xyz,1.85
5ein,1,homo,1,ZN,ZN,C,101,,ZN,,1.0,4,TD,4S,4.362581192898119,6.38348317636094,0.03291995702590939,0.09138476802619744,1.300158460980082,2.078668047240177,No,No,No,No,,,,data/4cys-large/output/xyz_files/5ein_ZN_homo_d2.60_cluster1.xyz,1.70
5eio,1,homo,1,ZN,ZN,C,101,,ZN,,1.0,4,TD,4S,5.1392554527253855,8.55906942414991,0.046984238205166284,0.11368341376431834,1.2584947993647533,1.9851269517774652,No,No,No,No,,,,data/4cys-large/output/xyz_files/5eio_ZN_homo_d2.60_cluster1.xyz,1.80
5exh,1,homo,1,ZN,ZN,C,201,,ZN,,1.0,4,TD,4S,7.502241085141054,10.257946762657,0.017787165264414123,0.049826627177776306,1.1733035032003303,1.3141728494495721,No,No,No,No,,,,data/4cys-large/output/xyz_files/5exh_ZN_homo_d2.60_cluster1.xyz,1.30
5exh,2,homo,1,ZN,ZN,C,202,,ZN,,1.0,4,TD,4S,5.646629246143946,8.93846724780876,0.024873133270686913,0.06706160846767739,1.214753285264437,1.2944107028700755,No,No,No,No,,,,data/4cys-large/output/xyz_files/5exh_ZN_homo_d2.60_cluster2.xyz,1.30
5f5e,1,homo,1,ZN,ZN,A,4001,,ZN,,1.0,4,TD_d,4S,32.478992932607234,64.77188258571275,0.14536597022842482,0.38722917740332896,0.945929458713368,1.1914255967240766,No,Yes,Yes,No,,,,data/4cys-large/output/xyz_files/5f5e_ZN_homo_d2.60_cluster1.xyz,1.80
5f6l,1,homo,1,ZN,ZN,A,4002,,ZN,,1.0,4,TD,4S,2.62762366996803,3.42483730314666,0.029102260936884564,0.08025692787897665,1.3006850629121232,2.2470799247582733,No,No,No,No,,,,data/4cys-large/output/xyz_files/5f6l_ZN_homo_d2.60_cluster1.xyz,1.90
5fi3,2,homo,1,ZN,ZN,A,403,,ZN,,1.0,4,TD,4S,5.784251208183407,7.923010081636136,0.012990831294902926,0.03564701894430877,1.214057153260556,1.3402634672234877,No,No,No,No,,,,data/4cys-large/output/xyz_files/5fi3_ZN_homo_d2.60_cluster2.xyz,1.05
5fi3,4,homo,1,ZN,ZN,B,403,,ZN,,1.0,4,TD,4S,6.297375551470568,8.558891342110897,0.015899846236177666,0.041748755421935346,1.205805108877497,1.3249857044690336,No,No,No,No,,,,data/4cys-large/output/xyz_files/5fi3_ZN_homo_d2.60_cluster4.xyz,1.05
5fvq,1,homo,1,ZN,ZN,A,1717,,ZN,,1.0,4,TD,4S,7.760817912284877,11.19954134463039,0.02657940476364539,0.06494068143084641,1.2475854933884043,1.7220802984668364,No,No,No,No,,,,data/4cys-large/output/xyz_files/5fvq_ZN_homo_d2.60_cluster1.xyz,1.95
5fvr,1,homo,1,ZN,ZN,A,1717,,ZN,,1.0,4,TD,4S,8.384625962071715,12.042336163521625,0.01743561446562503,0.047215144930767394,1.2070870962712068,1.6161790589279736,No,No,No,No,,,,data/4cys-large/output/xyz_files/5fvr_ZN_homo_d2.60_cluster1.xyz,1.84
5fvs,1,homo,1,ZN,ZN,A,1717,,ZN,,1.0,4,TD,4S,8.467644526263944,14.047161835014535,0.028111171785332338,0.07003719187045032,1.2282166240668981,1.7647509494386633,No,No,No,No,,,,data/4cys-large/output/xyz_files/5fvs_ZN_homo_d2.60_cluster1.xyz,1.95
5fvt,1,homo,1,ZN,ZN,A,1717,,ZN,,1.0,4,TD,4S,8.221245102069364,11.702290341725785,0.013358561502608356,0.034115555414119925,1.21057322419186,1.571449296560214,No,No,No,No,,,,data/4cys-large/output/xyz_files/5fvt_ZN_homo_d2.60_cluster1.xyz,1.83
5fw0,1,homo,1,ZN,ZN,A,900,,ZN,,1.0,4,TD,4S,8.017693831748394,12.37194577813483,0.017773891238139616,0.045458372143787784,1.2393022217968435,1.6808970084948107,No,No,No,No,,,,data/4cys-large/output/xyz_files/5fw0_ZN_homo_d2.60_cluster1.xyz,1.80
5fxv,1,homo,1,ZN,ZN,A,2345,,ZN,,1.0,4,TD,4S,3.7037937846834885,7.616311658347655,0.06193827630778548,0.16449408955264122,1.2815113325493772,1.8525832350102156,No,No,No,No,,,,data/4cys-large/output/xyz_files/5fxv_ZN_homo_d2.60_cluster1.xyz,1.91
5fxv,2,homo,1,ZN,ZN,B,2346,,ZN,,1.0,4,TD,4S,2.4564971402002183,4.213651147402928,0.05090077392441951,0.12974443605126762,1.3205754263929819,2.085599717392305,No,No,No,No,,,,data/4cys-large/output/xyz_files/5fxv_ZN_homo_d2.60_cluster2.xyz,1.91
5fxx,1,homo,1,ZN,ZN,A,4002,,ZN,,1.0,4,TD,4S,3.10215541230411,4.293149267658322,0.09206034849673932,0.24164893514160912,1.2648330245640604,2.1385310304205265,No,No,No,No,,,,data/4cys-large/output/xyz_files/5fxx_ZN_homo_d2.60_cluster1.xyz,1.99
5fxx,2,homo,1,ZN,ZN,B,4002,,ZN,,1.0,4,TD,4S,3.4347077021628505,5.151904096517711,0.059409978049568136,0.1679105664028926,1.3120844290848679,1.714502561257641,No,No,No,No,,,,data/4cys-large/output/xyz_files/5fxx_ZN_homo_d2.60_cluster2.xyz,1.99
5fxz,1,homo,1,ZN,ZN,A,4002,,ZN,,1.0,4,TD,4S,4.142690795551053,7.5991230091023,0.09679993741513032,0.2501977991774811,1.2890004517999003,1.7196686663633718,No,No,No,No,,,,data/4cys-large/output/xyz_files/5fxz_ZN_homo_d2.60_cluster1.xyz,1.98
5fxz,2,homo,1,ZN,ZN,B,4002,,ZN,,1.0,4,TD,4S,4.4597694669008,8.646975480521931,0.07877521410761813,0.1866166989630682,1.273795588373116,1.7846362351013607,No,No,No,No,,,,data/4cys-large/output/xyz_files/5fxz_ZN_homo_d2.60_cluster2.xyz,1.98
5fy1,1,homo,1,ZN,ZN,A,2345,,ZN,,1.0,4,TD,4S,4.1916285101330635,5.380124247861829,0.13750114481311476,0.3370252938569447,1.199068932732593,2.021515600593927,No,No,No,No,,,,data/4cys-large/output/xyz_files/5fy1_ZN_homo_d2.60_cluster1.xyz,1.78
5fy1,2,homo,1,ZN,ZN,B,2352,,ZN,,1.0,4,TD,4S,3.542065627832752,5.78083099659267,0.036791151492350745,0.08367897659920276,1.3369147333534812,2.313733161591288,No,No,No,No,,,,data/4cys-large/output/xyz_files/5fy1_ZN_homo_d2.60_cluster2.xyz,1.78
5fy7,1,homo,1,ZN,ZN,A,4002,,ZN,,1.0,4,TD,4S,2.9544213236182055,5.679128895940124,0.0813038264436753,0.22039250807842636,1.2877831886697073,1.8812556966215408,No,No,No,No,,,,data/4cys-large/output/xyz_files/5fy7_ZN_homo_d2.60_cluster1.xyz,1.86
5fy7,2,homo,1,ZN,ZN,B,4002,,ZN,,1.0,4,TD,4S,3.415006720268643,5.073364555331722,0.05525340367395719,0.13868556778175112,1.305282365220852,1.8859302096526847,No,No,No,No,,,,data/4cys-large/output/xyz_files/5fy7_ZN_homo_d2.60_cluster2.xyz,1.86
5fyb,2,homo,1,ZN,ZN,A,1755,,ZN,,1.0,4,TD,4S,5.056225632080684,10.000976335065644,0.08374294250173185,0.2079874810476814,1.2914663340143424,1.5526631281382794,No,No,No,No,,,,data/4cys-large/output/xyz_files/5fyb_ZN_homo_d2.60_cluster2.xyz,1.87
5fym,1,homo,1,ZN,ZN,A,4002,,ZN,,1.0,4,TD,4S,2.217299088084502,3.556886056083812,0.10660749275713871,0.2691463149092783,1.2535717135050388,1.829713474658198,No,No,No,No,,,,data/4cys-large/output/xyz_files/5fym_ZN_homo_d2.60_cluster1.xyz,2.00
5fym,2,homo,1,ZN,ZN,B,4002,,ZN,,1.0,4,TD,4S,2.8134242325835985,4.100420258922881,0.0691244212163749,0.17072772955107185,1.278437874156686,1.8689596531504875,No,No,No,No,,,,data/4cys-large/output/xyz_files/5fym_ZN_homo_d2.60_cluster2.xyz,2.00
5fys,2,homo,1,ZN,ZN,A,1755,,ZN,,1.0,4,TD,4S,6.1341861438743415,12.086870371921577,0.10630250033470351,0.28270840028577915,1.2669876050900513,1.6114668946701156,No,No,No,No,,,,data/4cys-large/output/xyz_files/5fys_ZN_homo_d2.60_cluster2.xyz,1.89
5fyt,2,homo,1,ZN,ZN,A,1755,,ZN,,0.52,4,TD,4S,9.721519391457528,18.33428976611667,0.1294300421133261,0.36002478074412725,1.2139763003785262,1.4426065313477163,No,No,No,No,,,,data/4cys-large/output/xyz_files/5fyt_ZN_homo_d2.60_cluster2.xyz,1.87
5fyz,2,homo,1,ZN,ZN,A,1755,,ZN,,1.0,4,TD,4S,11.153229262606436,17.771683962747687,0.13844694549886263,0.37279937414144815,1.258096428837262,1.2863099633476553,No,No,No,No,,,,data/4cys-large/output/xyz_files/5fyz_ZN_homo_d2.60_cluster2.xyz,1.75
5fz8,2,homo,1,ZN,ZN,A,1756,,ZN,,1.0,4,TD,4S,7.693124255754532,14.514986046572702,0.14647933532383,0.36202206584686714,1.2479080503427529,1.5312147178255109,No,No,No,No,,,,data/4cys-large/output/xyz_files/5fz8_ZN_homo_d2.60_cluster2.xyz,1.86
5fzf,2,homo,1,ZN,ZN,A,1756,,ZN,,1.0,4,TD,4S,8.674694180077507,17.068218120622944,0.1241102318748799,0.31454156857968796,1.2819510864954433,1.5224837021245303,No,No,No,No,,,,data/4cys-large/output/xyz_files/5fzf_ZN_homo_d2.60_cluster2.xyz,1.97
5fzg,2,homo,1,ZN,ZN,A,1755,,ZN,,1.0,4,TD,4S,6.868282259347501,12.95876019953026,0.0900624342910444,0.22370411402517787,1.2865728838736652,1.4611176076499648,No,No,No,No,,,,data/4cys-large/output/xyz_files/5fzg_ZN_homo_d2.60_cluster2.xyz,1.96
5g0n,1,homo,1,ZN,ZN,A,900,,ZN,,1.0,4,TD,4S,7.885405513250514,10.988098229950921,0.008731724893846425,0.02393610577961125,1.2187320555581294,1.5663319598526357,No,No,No,No,,,,data/4cys-large/output/xyz_files/5g0n_ZN_homo_d2.60_cluster1.xyz,1.94
5g0o,1,homo,1,ZN,ZN,A,900,,ZN,,1.0,4,TD,4S,8.998099260680243,11.378330868657144,0.009016756183721648,0.02125116005147243,1.196531646919439,1.5600311443761046,No,No,No,No,,,,data/4cys-large/output/xyz_files/5g0o_ZN_homo_d2.60_cluster1.xyz,1.85
5g34,1,homo,1,ZN,ZN,A,1302,,ZN,,1.0,4,TD,4S,5.981769124940761,11.047388072633098,0.03228545344727725,0.09004291159925115,1.1934783563307372,1.914610620792979,No,No,No,No,,,,data/4cys-large/output/xyz_files/5g34_ZN_homo_d2.60_cluster1.xyz,1.90
5g34,2,homo,1,ZN,ZN,B,1302,,ZN,,1.0,4,TD,4S,5.765379305102004,9.53684396293167,0.05970339219280743,0.15465696176868127,1.1962282396876478,1.8572697143952648,No,No,No,No,,,,data/4cys-large/output/xyz_files/5g34_ZN_homo_d2.60_cluster2.xyz,1.90
5g35,1,homo,1,ZN,ZN,A,338,,ZN,,1.0,4,TD,4S,7.124871897087934,13.376730164609867,0.09050440407614302,0.24058383690164975,1.1780289486943054,1.8339313255454293,No,No,No,No,,,,data/4cys-large/output/xyz_files/5g35_ZN_homo_d2.60_cluster1.xyz,2.00
5g35,2,homo,1,ZN,ZN,B,338,,ZN,,1.0,4,TD,4S,5.9291568832581625,9.947183907064897,0.10555317462513875,0.25423420051330137,1.1975656736317004,1.6588175242974819,No,No,No,No,,,,data/4cys-large/output/xyz_files/5g35_ZN_homo_d2.60_cluster2.xyz,2.00
5g3y,1,homo,1,ZN,ZN,A,1214,,ZN,,1.0,4,TD,4S,9.68810303780775,17.057212137687372,0.03685580017213177,0.0962880002765818,1.1834840145098655,1.7904335528363455,No,No,No,No,,,,data/4cys-large/output/xyz_files/5g3y_ZN_homo_d2.60_cluster1.xyz,1.18
5g3z,1,homo,1,ZN,ZN,A,1216,,ZN,,1.0,4,TD,4S,11.436712852692557,19.07598170227756,0.09306870087348075,0.19647054673249809,1.1272782363080425,1.7539855466123433,No,No,No,No,,,,data/4cys-large/output/xyz_files/5g3z_ZN_homo_d2.60_cluster1.xyz,1.89
5gvi,1,homo,1,ZN,ZN,A,601,,ZN,,1.0,4,TD,4S,2.063661469734511,2.667441450846354,0.023423718969811082,0.05550837401645348,1.3079266820448388,1.9266171215627104,No,No,No,No,,,,data/4cys-large/output/xyz_files/5gvi_ZN_homo_d2.60_cluster1.xyz,1.87
5h0m,1,homo,1,ZN,ZN,A,800,,ZN,,1.0,4,TD,4S,5.064301331057472,7.755466818780818,0.02385249578460263,0.061100837613838,1.2517328770834228,2.038825412707255,No,No,No,No,,,,data/4cys-large/output/xyz_files/5h0m_ZN_homo_d2.60_cluster1.xyz,1.52
5h1t,2,homo,1,ZN,ZN,A,1102,,ZN,,1.0,4,TD,4S,3.372820996759166,6.714665158725765,0.10490287722004465,0.25674340440022236,1.2731745904307499,2.089353937402851,No,No,No,No,,,,data/4cys-large/output/xyz_files/5h1t_ZN_homo_d2.60_cluster2.xyz,1.95
5h1t,4,homo,1,ZN,ZN,B,1102,,ZN,,1.0,4,TD,4S,2.95151528753827,5.400323479223303,0.0879585913305467,0.2480681990847371,1.2526318282567164,1.957129449994436,No,No,No,No,,,,data/4cys-large/output/xyz_files/5h1t_ZN_homo_d2.60_cluster4.xyz,1.95
5h1t,5,homo,1,ZN,ZN,C,1101,,ZN,,1.0,4,TD,4S,3.4182906244368705,6.197242550126305,0.07180760322289889,0.19490969169389016,1.2636422287157945,1.876091274613289,No,No,No,No,,,,data/4cys-large/output/xyz_files/5h1t_ZN_homo_d2.60_cluster5.xyz,1.95
5h1t,8,homo,1,ZN,ZN,D,1102,,ZN,,1.0,4,TD,4S,3.7244947350313025,7.272512357717943,0.060362274319818277,0.1702679649515848,1.2569716686172248,1.8714290217688165,No,No,No,No,,,,data/4cys-large/output/xyz_files/5h1t_ZN_homo_d2.60_cluster8.xyz,1.95
5h1u,1,homo,1,ZN,ZN,B,1102,,ZN,,1.0,4,TD,4S,3.714037635854039,5.450318955161961,0.09632104405326505,0.24616855448076747,1.2662766819552325,1.6561798744718723,No,No,No,No,,,,data/4cys-large/output/xyz_files/5h1u_ZN_homo_d2.60_cluster1.xyz,1.90
5h1u,3,homo,1,ZN,ZN,A,1102,,ZN,,1.0,4,TD,4S,4.24013866552642,7.11579068259509,0.11710896508284165,0.3184453712164306,1.257765148104075,1.6642661040970501,No,No,No,No,,,,data/4cys-large/output/xyz_files/5h1u_ZN_homo_d2.60_cluster3.xyz,1.90
5h1u,5,homo,1,ZN,ZN,C,1102,,ZN,,1.0,4,TD,4S,5.0510784821154955,8.282377821053487,0.07803488430685598,0.20763973465453267,1.2893814683110836,1.3709233188200862,No,No,No,No,,,,data/4cys-large/output/xyz_files/5h1u_ZN_homo_d2.60_cluster5.xyz,1.90
5h1u,7,homo,1,ZN,ZN,D,1102,,ZN,,1.0,4,TD,4S,4.574873280814323,6.4376535403962265,0.10538687429550495,0.22647197488650583,1.3206201291943926,2.1120069397276247,No,No,No,No,,,,data/4cys-large/output/xyz_files/5h1u_ZN_homo_d2.60_cluster7.xyz,1.90
5h7r,2,homo,1,ZN,ZN,D,202,,ZN,,1.0,4,TD,4S,5.905463203076587,10.62209681482868,0.01095100930272265,0.029980624109692933,1.2177246183660917,1.257132309811602,No,No,No,No,,,,data/4cys-large/output/xyz_files/5h7r_ZN_homo_d2.60_cluster2.xyz,1.70
5hh7,2,homo,1,ZN,ZN,A,401,,ZN,,1.0,4,TD,4S,3.9080104010225964,6.175505931188297,0.03343296140379822,0.0834765901511676,1.4219236822835577,2.3974551127933936,No,No,No,No,,,,data/4cys-large/output/xyz_files/5hh7_ZN_homo_d2.60_cluster2.xyz,1.90
5hkx,2,homo,1,ZN,ZN,A,503,,ZN,,1.0,4,TD,4S,3.8154707545636897,6.014622518245233,0.018235763684403876,0.05082894092999268,1.2883092159140783,1.9142640182029431,No,No,No,No,,,,data/4cys-large/output/xyz_files/5hkx_ZN_homo_d2.60_cluster2.xyz,1.85
5hq8,1,homo,1,ZN,ZN,A,501,,ZN,,1.0,4,TD,4S,5.066074259377609,7.992195282941452,0.02455218862620775,0.06199406777743688,1.2627040223076755,1.6568482692280047,No,No,No,No,,,,data/4cys-large/output/xyz_files/5hq8_ZN_homo_d2.60_cluster1.xyz,1.72
5hq8,3,homo,1,ZN,ZN,A,503,,ZN,,1.0,4,TD,4S,3.9715439592726343,6.592476249660393,0.11194487315410369,0.2984607287838963,1.1860275051428473,1.96071323079603,No,No,No,No,,,,data/4cys-large/output/xyz_files/5hq8_ZN_homo_d2.60_cluster3.xyz,1.72
5hq8,4,homo,1,ZN,ZN,B,501,,ZN,,1.0,4,TD,4S,8.170618492905204,14.726354934637797,0.027231931598820994,0.06964373533596113,1.2086872688414787,1.6909690744358787,No,No,No,No,,,,data/4cys-large/output/xyz_files/5hq8_ZN_homo_d2.60_cluster4.xyz,1.72
5hq8,6,homo,1,ZN,ZN,B,503,,ZN,,1.0,4,TD,4S,4.5826318032072555,8.160578673916007,0.04301127721960568,0.1090034084321907,1.2522118057048126,1.740227831138399,No,No,No,No,,,,data/4cys-large/output/xyz_files/5hq8_ZN_homo_d2.60_cluster6.xyz,1.72
5i3l,2,homo,1,ZN,ZN,A,1002,,ZN,,1.0,4,TD,4S,2.381560922233557,4.278529657998831,0.02155670863223938,0.05355166614140394,1.3170187019351633,2.111783337273396,No,No,No,No,,,,data/4cys-large/output/xyz_files/5i3l_ZN_homo_d2.60_cluster2.xyz,1.85
5i3l,4,homo,1,ZN,ZN,A,1004,,ZN,,1.0,4,TD,4S,3.3592014095312055,4.866246892846263,0.01647887091492634,0.040220672526459555,1.2890764953209837,1.9637563849522526,No,No,No,No,,,,data/4cys-large/output/xyz_files/5i3l_ZN_homo_d2.60_cluster4.xyz,1.85
5i3l,6,homo,1,ZN,ZN,B,1002,,ZN,,1.0,4,TD,4S,2.1942900689749067,3.218410106291401,0.022958729012625655,0.062489456369752894,1.3002069390449045,2.134725397911285,No,No,No,No,,,,data/4cys-large/output/xyz_files/5i3l_ZN_homo_d2.60_cluster6.xyz,1.85
5i3l,8,homo,1,ZN,ZN,B,1004,,ZN,,1.0,4,TD,4S,3.262405652319877,4.560781701212434,0.018805060649335615,0.05074264537694395,1.3055549080349698,1.9385877521913315,No,No,No,No,,,,data/4cys-large/output/xyz_files/5i3l_ZN_homo_d2.60_cluster8.xyz,1.85
5i8b,2,homo,1,ZN,ZN,A,1402,,ZN,,1.0,4,TD,4S,3.828889179726064,6.414804445647704,0.038224891256074416,0.09172574157054347,1.2993953873597062,1.7509823158932891,No,No,No,No,,,,data/4cys-large/output/xyz_files/5i8b_ZN_homo_d2.60_cluster2.xyz,1.52
5i8g,2,homo,1,ZN,ZN,A,1402,,ZN,,1.0,4,TD,4S,4.309591940243575,8.378135951496645,0.031345776788839076,0.07606285239568189,1.2765706452161072,1.8431103657613757,No,No,No,No,,,,data/4cys-large/output/xyz_files/5i8g_ZN_homo_d2.60_cluster2.xyz,1.41
5i8g,3,homo,1,ZN,ZN,A,1403,,ZN,,0.84,4,TD_d,4S,12.464455749020196,21.498975115576556,0.18400434680864963,0.4852410439056247,1.193225491515961,1.9940990216346632,No,No,Yes,No,,,,data/4cys-large/output/xyz_files/5i8g_ZN_homo_d2.60_cluster3.xyz,1.41
5iaa,1,homo,1,ZN,ZN,A,401,,ZN,,1.0,4,TD,4S,5.707370326961522,7.434614772057543,0.05970433752947196,0.1394201239326467,1.230874583186716,1.933536294143969,No,No,No,No,,,,data/4cys-large/output/xyz_files/5iaa_ZN_homo_d2.60_cluster1.xyz,1.85
5iaa,2,homo,1,ZN,ZN,B,401,,ZN,,1.0,4,TD,4S,6.063686725623748,8.636651862365667,0.039715350234490014,0.10816262641789676,1.2363242641285193,1.8772908055795137,No,No,No,No,,,,data/4cys-large/output/xyz_files/5iaa_ZN_homo_d2.60_cluster2.xyz,1.85
5iy5,1,homo,1,ZN,ZN,F,101,,ZN,,1.0,4,TD,4S,2.936620001912044,4.926692116416177,0.019537895419278906,0.051475225278149406,1.295830211536538,1.7419562302235136,No,No,No,No,,,,data/4cys-large/output/xyz_files/5iy5_ZN_homo_d2.60_cluster1.xyz,2.00
5jaj,1,homo,1,ZN,ZN,A,701,,ZN,,1.0,4,TD,4S,2.785235338132695,5.945991675952683,0.025509255912753364,0.06899781111949954,1.2857905444253699,1.9313471274927767,No,No,No,No,,,,data/4cys-large/output/xyz_files/5jaj_ZN_homo_d2.60_cluster1.xyz,1.50
5jbg,1,homo,1,ZN,ZN,A,701,,ZN,,1.0,4,TD,4S,4.448795096606059,7.564464860609519,0.01594925472595286,0.04453140013092227,1.2766357998125737,2.014637739554903,No,No,No,No,,,,data/4cys-large/output/xyz_files/5jbg_ZN_homo_d2.60_cluster1.xyz,2.00
5jhn,1,homo,1,ZN,ZN,A,1201,,ZN,,1.0,4,TD,4S,2.4005311441971084,4.01448266915925,0.06328574114437606,0.16469986528094926,1.304000062971582,1.7695773507987782,No,No,No,No,,,,data/4cys-large/output/xyz_files/5jhn_ZN_homo_d2.60_cluster1.xyz,1.67
5jhn,2,homo,1,ZN,ZN,A,1202,,ZN,,1.0,4,TD,4S,4.6355349806046275,7.8992985924463,0.05690525034431733,0.14893632320087713,1.2798796964393675,2.026637070682425,No,No,No,No,,,,data/4cys-large/output/xyz_files/5jhn_ZN_homo_d2.60_cluster2.xyz,1.67
5jhn,3,homo,1,ZN,ZN,A,1203,,ZN,,1.0,4,TD,4S,6.180743841698242,10.271758908405701,0.05231858096673221,0.13754662477664814,1.2061962758441906,1.6342658157432246,No,No,No,No,,,,data/4cys-large/output/xyz_files/5jhn_ZN_homo_d2.60_cluster3.xyz,1.67
5jhn,4,homo,1,ZN,ZN,A,1204,,ZN,,1.0,4,TD,4S,3.654476992949911,5.921379076583605,0.030317163341400638,0.07547450887860396,1.271914096828229,1.4691514656290001,No,No,No,No,,,,data/4cys-large/output/xyz_files/5jhn_ZN_homo_d2.60_cluster4.xyz,1.67
5jhn,5,homo,1,ZN,ZN,B,1201,,ZN,,1.0,4,TD,4S,5.266429990063058,9.070373626602276,0.053015832401249754,0.12758304381955732,1.219770522256339,1.7140276414084121,No,No,No,No,,,,data/4cys-large/output/xyz_files/5jhn_ZN_homo_d2.60_cluster5.xyz,1.67
5jhn,6,homo,1,ZN,ZN,B,1202,,ZN,,1.0,4,TD,4S,2.601208272334624,3.3970937509546673,0.01771881345664163,0.041526753206313494,1.3034938935604303,1.7423960975718704,No,No,No,No,,,,data/4cys-large/output/xyz_files/5jhn_ZN_homo_d2.60_cluster6.xyz,1.67
5jhn,7,homo,1,ZN,ZN,B,1203,,ZN,,1.0,4,TD,4S,3.5702828867442573,7.002337969044518,0.03149165688354146,0.0820286490469484,1.295086465025199,1.78193932262448,No,No,No,No,,,,data/4cys-large/output/xyz_files/5jhn_ZN_homo_d2.60_cluster7.xyz,1.67
5jhn,8,homo,1,ZN,ZN,B,1204,,ZN,,1.0,4,TD,4S,3.2527988814817745,4.577817100909257,0.03429586282226213,0.08444250834599121,1.2717978921225368,1.4436197912022986,No,No,No,No,,,,data/4cys-large/output/xyz_files/5jhn_ZN_homo_d2.60_cluster8.xyz,1.67
5jin,1,homo,1,ZN,ZN,A,1201,,ZN,,1.0,4,TD,4S,6.367293913098785,11.807468015290041,0.07472707734127852,0.19379041549557652,1.2215569276115716,1.803862229187747,No,No,No,No,,,,data/4cys-large/output/xyz_files/5jin_ZN_homo_d2.60_cluster1.xyz,1.85
5jin,2,homo,1,ZN,ZN,A,1202,,ZN,,1.0,4,TD,4S,5.280350185245656,7.980894309001087,0.14068530794224302,0.39124782556379545,1.2534888326567066,2.0777597803618364,No,No,No,No,,,,data/4cys-large/output/xyz_files/5jin_ZN_homo_d2.60_cluster2.xyz,1.85
5jin,3,homo,1,ZN,ZN,A,1203,,ZN,,1.0,4,TD,4S,4.718080141736535,9.017978524816385,0.11517821956371325,0.3234827796950972,1.2792078747311966,1.6790671352094393,No,No,No,No,,,,data/4cys-large/output/xyz_files/5jin_ZN_homo_d2.60_cluster3.xyz,1.85
5jin,4,homo,1,ZN,ZN,A,1204,,ZN,,1.0,4,TD,4S,4.433488498882244,8.187539298485788,0.059339350326669836,0.15744280382040543,1.259727324315266,1.2853954654396476,No,No,No,No,,,,data/4cys-large/output/xyz_files/5jin_ZN_homo_d2.60_cluster4.xyz,1.85
5jin,5,homo,1,ZN,ZN,B,1201,,ZN,,1.0,4,TD,4S,5.802477062905526,11.614305985475497,0.06408602624547059,0.16124191645339803,1.2030705557085075,1.815213585846623,No,No,No,No,,,,data/4cys-large/output/xyz_files/5jin_ZN_homo_d2.60_cluster5.xyz,1.85
5jin,6,homo,1,ZN,ZN,B,1202,,ZN,,1.0,4,TD,4S,3.7915490845575808,7.96569732481818,0.029639206489212745,0.08075008705073694,1.2902745122062742,2.083923027811833,No,No,No,No,,,,data/4cys-large/output/xyz_files/5jin_ZN_homo_d2.60_cluster6.xyz,1.85
5jin,7,homo,1,ZN,ZN,B,1203,,ZN,,1.0,4,TD,4S,4.23964959248373,8.130568506236258,0.09629415756321853,0.25989401203516405,1.2926880476584268,1.9794730553072273,No,No,No,No,,,,data/4cys-large/output/xyz_files/5jin_ZN_homo_d2.60_cluster7.xyz,1.85
5jin,8,homo,1,ZN,ZN,B,1204,,ZN,,1.0,4,TD,4S,6.601621209084525,12.454109363720448,0.1382986058196967,0.3619566099265725,1.2421917805714031,1.2775752733797117,No,No,No,No,,,,data/4cys-large/output/xyz_files/5jin_ZN_homo_d2.60_cluster8.xyz,1.85
5jiy,1,homo,1,ZN,ZN,A,1201,,ZN,,1.0,4,TD,4S,6.266761194655502,11.16365620688201,0.040200407205548586,0.09771416615029782,1.2145319968662305,1.746093012821115,No,No,No,No,,,,data/4cys-large/output/xyz_files/5jiy_ZN_homo_d2.60_cluster1.xyz,1.48
5jiy,2,homo,1,ZN,ZN,A,1202,,ZN,,1.0,4,TD,4S,3.924076520402218,7.401133060874429,0.041930345101758915,0.09797459063396552,1.303610429219886,2.032794243035436,No,No,No,No,,,,data/4cys-large/output/xyz_files/5jiy_ZN_homo_d2.60_cluster2.xyz,1.48
5jiy,3,homo,1,ZN,ZN,A,1203,,ZN,,1.0,4,TD,4S,2.74135388650688,4.724492479290689,0.03795758893116923,0.09446577945664147,1.284446610016932,1.9619740601395985,No,No,No,No,,,,data/4cys-large/output/xyz_files/5jiy_ZN_homo_d2.60_cluster3.xyz,1.48
5jiy,4,homo,1,ZN,ZN,A,1204,,ZN,,1.0,4,TD,4S,3.5350581074815,4.81328357858834,0.061440323909204626,0.14879032947883086,1.2653934033268384,1.524239901177098,No,No,No,No,,,,data/4cys-large/output/xyz_files/5jiy_ZN_homo_d2.60_cluster4.xyz,1.48
5jiy,5,homo,1,ZN,ZN,B,1201,,ZN,,1.0,4,TD,4S,5.651107259341564,10.201322640829503,0.0350303785161551,0.09841246996115238,1.2321244764264463,1.7621329216184531,No,No,No,No,,,,data/4cys-large/output/xyz_files/5jiy_ZN_homo_d2.60_cluster5.xyz,1.48
5jiy,6,homo,1,ZN,ZN,B,1202,,ZN,,1.0,4,TD,4S,2.7728428361985977,3.7335177371546138,0.042522562318460175,0.10982702214038209,1.30103323698574,1.8624659464076516,No,No,No,No,,,,data/4cys-large/output/xyz_files/5jiy_ZN_homo_d2.60_cluster6.xyz,1.48
5jiy,7,homo,1,ZN,ZN,B,1203,,ZN,,1.0,4,TD,4S,3.824753386434403,7.0232001112348,0.023629042999942066,0.05626261328566384,1.3005347831061422,1.9653997236795648,No,No,No,No,,,,data/4cys-large/output/xyz_files/5jiy_ZN_homo_d2.60_cluster7.xyz,1.48
5jiy,8,homo,1,ZN,ZN,B,1204,,ZN,,1.0,4,TD,4S,3.580057408568174,4.83112466596323,0.07760837881649219,0.19485200535555292,1.2643918480177756,1.5538334302550814,No,No,No,No,,,,data/4cys-large/output/xyz_files/5jiy_ZN_homo_d2.60_cluster8.xyz,1.48
5jj0,1,homo,1,ZN,ZN,A,1201,,ZN,,1.0,4,TD,4S,5.291682042570099,8.574106205119818,0.032534087397660144,0.07787694326565653,1.2167751511512344,1.6433939262349089,No,No,No,No,,,,data/4cys-large/output/xyz_files/5jj0_ZN_homo_d2.60_cluster1.xyz,1.72
5jj0,2,homo,1,ZN,ZN,A,1202,,ZN,,1.0,4,TD,4S,5.107076740109867,10.246426900989263,0.049538627482132905,0.1305159735121766,1.275479039571967,1.5204905068190484,No,No,No,No,,,,data/4cys-large/output/xyz_files/5jj0_ZN_homo_d2.60_cluster2.xyz,1.72
5jj0,3,homo,1,ZN,ZN,A,1203,,ZN,,1.0,4,TD,4S,2.1615551444927266,3.9115446544878125,0.06781194951111119,0.16976766811438093,1.2869907242341199,2.0561010728921683,No,No,No,No,,,,data/4cys-large/output/xyz_files/5jj0_ZN_homo_d2.60_cluster3.xyz,1.72
5jj0,4,homo,1,ZN,ZN,A,1204,,ZN,,1.0,4,TD,4S,4.662542310320525,7.489176953179978,0.021012505174336053,0.047349872044271546,1.2476606197459732,1.5523781809635882,No,No,No,No,,,,data/4cys-large/output/xyz_files/5jj0_ZN_homo_d2.60_cluster4.xyz,1.72
5jj0,5,homo,1,ZN,ZN,B,1201,,ZN,,1.0,4,TD,4S,4.343157279377729,7.331226347693274,0.06174508890609397,0.13971195389902524,1.2367587057769704,1.7743087418449093,No,No,No,No,,,,data/4cys-large/output/xyz_files/5jj0_ZN_homo_d2.60_cluster5.xyz,1.72
5jj0,6,homo,1,ZN,ZN,B,1202,,ZN,,1.0,4,TD,4S,2.7085012354856777,4.448107447864757,0.046162202684430886,0.1187456832629179,1.2943879772707108,2.1829032425194175,No,No,No,No,,,,data/4cys-large/output/xyz_files/5jj0_ZN_homo_d2.60_cluster6.xyz,1.72
5jj0,7,homo,1,ZN,ZN,B,1203,,ZN,,1.0,4,TD,4S,5.2634706775158895,11.257421201155793,0.02780020856187447,0.07069745044841458,1.2648469077056375,1.416743816552398,No,No,No,No,,,,data/4cys-large/output/xyz_files/5jj0_ZN_homo_d2.60_cluster7.xyz,1.72
5jj0,8,homo,1,ZN,ZN,B,1204,,ZN,,1.0,4,TD,4S,5.517369419033312,7.695838370434828,0.01393224370437361,0.038343392656410735,1.2073659896566455,1.3573204246687613,No,No,No,No,,,,data/4cys-large/output/xyz_files/5jj0_ZN_homo_d2.60_cluster8.xyz,1.72
5jlb,1,homo,1,ZN,ZN,A,1807,,ZN,,1.0,4,TD,4S,3.9451169739892955,7.9249626937565125,0.05519637145704534,0.13228770984377114,1.3019410484990883,1.5521645945916955,No,No,No,No,,,,data/4cys-large/output/xyz_files/5jlb_ZN_homo_d2.60_cluster1.xyz,1.50
5jlb,2,homo,1,ZN,ZN,A,1808,,ZN,,1.0,4,TD,4S,7.717002977386549,10.67820891277536,0.06521165477461269,0.16795058720291856,1.2323414405869175,1.741633789614032,No,No,No,No,,,,data/4cys-large/output/xyz_files/5jlb_ZN_homo_d2.60_cluster2.xyz,1.50
5jlb,3,homo,1,ZN,ZN,A,1809,,ZN,,1.0,4,TD,4S,2.9820104774295713,5.185540310849717,0.05559334198202556,0.13753381456396774,1.286372115428791,1.743108478950985,No,No,No,No,,,,data/4cys-large/output/xyz_files/5jlb_ZN_homo_d2.60_cluster3.xyz,1.50
5kcp,2,homo,1,ZN,ZN,A,376,,ZN,,1.0,4,TD,4S,6.155237867460207,10.303856225230973,0.00862391392982239,0.02141205913672861,1.2055273998040776,1.3847916206917483,No,No,No,No,,,,data/4cys-large/output/xyz_files/5kcp_ZN_homo_d2.60_cluster2.xyz,1.10
5kcp,4,homo,1,ZN,ZN,B,376,,ZN,,1.0,4,TD,4S,6.004547525946124,9.463961828538615,0.005547896891193914,0.01484079117016801,1.214085642331947,1.4221979978602266,No,No,No,No,,,,data/4cys-large/output/xyz_files/5kcp_ZN_homo_d2.60_cluster4.xyz,1.10
5kcz,2,homo,1,ZN,ZN,A,376,,ZN,,1.0,4,TD,4S,5.917390237078921,9.86924829943203,0.011998698961484346,0.0318254366604962,1.2109881474253663,1.3856704406916163,No,No,No,No,,,,data/4cys-large/output/xyz_files/5kcz_ZN_homo_d2.60_cluster2.xyz,1.14
5kcz,4,homo,1,ZN,ZN,B,376,,ZN,,1.0,4,TD,4S,6.038443862541719,9.721127492644655,0.013210651652372105,0.036563411856331385,1.2081687538680612,1.4073951922615395,No,No,No,No,,,,data/4cys-large/output/xyz_files/5kcz_ZN_homo_d2.60_cluster4.xyz,1.14
5kj1,2,homo,1,ZN,ZN,A,376,,ZN,,1.0,4,TD,4S,6.1857060640988895,10.305511013383708,0.013934885920322715,0.03858943818081961,1.205400729904945,1.3774666487877716,No,No,No,No,,,,data/4cys-large/output/xyz_files/5kj1_ZN_homo_d2.60_cluster2.xyz,1.20
5kj1,4,homo,1,ZN,ZN,B,376,,ZN,,1.0,4,TD,4S,6.047401656639547,10.14584672262363,0.013289577388480056,0.03665250855395463,1.2101955558200583,1.4134773960233786,No,No,No,No,,,,data/4cys-large/output/xyz_files/5kj1_ZN_homo_d2.60_cluster4.xyz,1.20
5kj6,2,homo,1,ZN,ZN,A,376,,ZN,,1.0,4,TD,4S,5.938737199243323,10.265459994498201,0.005556404526619214,0.014910031474823171,1.215004034204411,1.3764056528911919,No,No,No,No,,,,data/4cys-large/output/xyz_files/5kj6_ZN_homo_d2.60_cluster2.xyz,1.14
5kj6,4,homo,1,ZN,ZN,B,376,,ZN,,1.0,4,TD,4S,6.196753243230918,10.493207347120673,0.023522718747010275,0.060224697464770216,1.2141376955927696,1.3999807540392162,No,No,No,No,,,,data/4cys-large/output/xyz_files/5kj6_ZN_homo_d2.60_cluster4.xyz,1.14
5kjc,2,homo,1,ZN,ZN,A,376,,ZN,,1.0,4,TD,4S,6.003232076326052,10.043285442142448,0.012197326904254508,0.033583200127013324,1.2102253632999118,1.3772158496358924,No,No,No,No,,,,data/4cys-large/output/xyz_files/5kjc_ZN_homo_d2.60_cluster2.xyz,1.20
5kjc,4,homo,1,ZN,ZN,B,376,,ZN,,1.0,4,TD,4S,5.999456252550449,9.71392686477408,0.012802764603465971,0.03397948382983662,1.2069457885714667,1.393840737553742,No,No,No,No,,,,data/4cys-large/output/xyz_files/5kjc_ZN_homo_d2.60_cluster4.xyz,1.20
5kje,2,homo,1,ZN,ZN,A,376,,ZN,,1.0,4,TD,4S,5.86875756465833,9.620548415687153,0.008484909731537649,0.02327150303842629,1.213982289689878,1.4069320942089243,No,No,No,No,,,,data/4cys-large/output/xyz_files/5kje_ZN_homo_d2.60_cluster2.xyz,1.26
5kje,4,homo,1,ZN,ZN,B,376,,ZN,,1.0,4,TD,4S,6.102974301317306,10.008359331561877,0.017592901048678448,0.046973809622467666,1.2072267650134423,1.362505905883937,No,No,No,No,,,,data/4cys-large/output/xyz_files/5kje_ZN_homo_d2.60_cluster4.xyz,1.26
5kjf,2,homo,1,ZN,ZN,A,376,,ZN,,1.0,4,TD,4S,6.017166169836652,10.386834083946496,0.003570591444263554,0.009583839539886174,1.2094011138719531,1.3739089625332557,No,No,No,No,,,,data/4cys-large/output/xyz_files/5kjf_ZN_homo_d2.60_cluster2.xyz,1.20
5kjf,4,homo,1,ZN,ZN,B,376,,ZN,,1.0,4,TD,4S,6.1451421197936655,10.329313355613351,0.022266474510278043,0.06179946686834681,1.207079207978949,1.423447108689977,No,No,No,No,,,,data/4cys-large/output/xyz_files/5kjf_ZN_homo_d2.60_cluster4.xyz,1.20
5kjk,1,homo,1,ZN,ZN,A,507,,ZN,,1.0,4,TD,4S,7.021848453501896,11.847076219235873,0.09514095603972078,0.26746225440384563,1.2885508691761605,1.7858610742181509,No,No,No,No,,,,data/4cys-large/output/xyz_files/5kjk_ZN_homo_d2.60_cluster1.xyz,1.93
5kjk,3,homo,1,ZN,ZN,A,509,,ZN,,1.0,4,TD,4S,8.002460042415047,14.244994239187946,0.10322527905006088,0.27193737066439505,1.1918182907812302,1.7289346046966572,No,No,No,No,,,,data/4cys-large/output/xyz_files/5kjk_ZN_homo_d2.60_cluster3.xyz,1.93
5ko3,1,homo,1,ZN,ZN,A,401,,ZN,,1.0,4,TD,4S,2.4875348113989313,3.25640184629124,0.09583386562265021,0.23266061265990068,1.366055777688597,1.990419623611643,No,No,No,No,,,,data/4cys-large/output/xyz_files/5ko3_ZN_homo_d2.60_cluster1.xyz,1.95
5l8h,1,homo,1,ZN,ZN,A,1000,,ZN,,1.0,4,TD,4S,4.274659748452468,6.985153845115121,0.05378014568310873,0.1322456849980549,1.237889960801084,2.0257755042864973,No,No,No,No,,,,data/4cys-large/output/xyz_files/5l8h_ZN_homo_d2.60_cluster1.xyz,1.85
5lb3,1,homo,1,ZN,ZN,B,501,,ZN,,1.0,4,TD,4S,5.161177925819241,8.932653696844952,0.03990437182987566,0.11022095494038497,1.2573256222786773,2.1339125256982436,No,No,No,No,,,,data/4cys-large/output/xyz_files/5lb3_ZN_homo_d2.60_cluster1.xyz,1.80
5lb3,2,homo,1,ZN,ZN,E,501,,ZN,,1.0,4,TD,4S,4.7739615228398105,7.4070684320912505,0.025604886616620425,0.0701344261674266,1.266744445063552,1.9087421413358858,No,No,No,No,,,,data/4cys-large/output/xyz_files/5lb3_ZN_homo_d2.60_cluster2.xyz,1.80
5lb5,1,homo,1,ZN,ZN,A,501,,ZN,,1.0,4,TD,4S,6.8857774996259895,12.843772827978825,0.07429155014304124,0.19464359134725395,1.3152153716089907,1.5874490098049587,No,No,No,No,,,,data/4cys-large/output/xyz_files/5lb5_ZN_homo_d2.60_cluster1.xyz,2.00
5lb5,2,homo,1,ZN,ZN,B,501,,ZN,,1.0,4,TD,4S,9.385670241332436,17.552152444989375,0.12179346438773864,0.3371277477100505,1.2774719840210071,2.1730145248902186,No,No,No,No,,,,data/4cys-large/output/xyz_files/5lb5_ZN_homo_d2.60_cluster2.xyz,2.00
5lb5,3,homo,1,ZN,ZN,C,501,,ZN,,1.0,4,TD,4S,7.221412356334501,9.317261703718287,0.13579347879053344,0.32241127671945424,1.2486594180834905,1.5892984044663319,No,No,No,No,,,,data/4cys-large/output/xyz_files/5lb5_ZN_homo_d2.60_cluster3.xyz,2.00
5lb5,4,homo,1,ZN,ZN,D,501,,ZN,,1.0,4,TD,4S,7.381298941776687,10.786972329276935,0.11833570865146303,0.2844668293789585,1.2773759549308599,1.675848997539986,No,No,No,No,,,,data/4cys-large/output/xyz_files/5lb5_ZN_homo_d2.60_cluster4.xyz,2.00
5lcm,1,homo,1,ZN,ZN,A,401,,ZN,,1.0,4,TD,4S,6.047845968243086,9.828101435271819,0.012089944706339244,0.0323322881836825,1.2290497720390352,1.7171674434612982,No,No,No,No,,,,data/4cys-large/output/xyz_files/5lcm_ZN_homo_d2.60_cluster1.xyz,1.90
5lcm,2,homo,1,ZN,ZN,B,401,,ZN,,1.0,4,TD,4S,6.033518879431369,10.815498900613548,0.035986088653303716,0.09929411474423144,1.2243781565739849,1.807157847282807,No,No,No,No,,,,data/4cys-large/output/xyz_files/5lcm_ZN_homo_d2.60_cluster2.xyz,1.90
5lss,1,homo,1,ZN,ZN,A,1801,,ZN,,1.0,4,TD,4S,4.489962883094608,7.371304336337985,0.10114879365333881,0.25630180270198855,1.243111793009882,1.9949542025990357,No,No,No,No,,,,data/4cys-large/output/xyz_files/5lss_ZN_homo_d2.60_cluster1.xyz,1.79
5lss,2,homo,1,ZN,ZN,A,1802,,ZN,,1.0,4,TD,4S,7.9064399372092975,13.673243987785526,0.03767522482843715,0.09748811866596618,1.2269467028540408,1.765140236475845,No,No,No,No,,,,data/4cys-large/output/xyz_files/5lss_ZN_homo_d2.60_cluster2.xyz,1.79
5lss,3,homo,1,ZN,ZN,A,1803,,ZN,,1.0,4,TD,4S,1.5563120120781802,2.3705474958571813,0.03357254973769751,0.08370310379732349,1.3320007705365757,1.98491211543337,No,No,No,No,,,,data/4cys-large/output/xyz_files/5lss_ZN_homo_d2.60_cluster3.xyz,1.79
5lsy,1,homo,1,ZN,ZN,A,1801,,ZN,,1.0,4,TD,4S,4.192489315042612,6.779990458548156,0.09111621383000565,0.2504889571623581,1.3076973483844982,2.120637187565072,No,No,No,No,,,,data/4cys-large/output/xyz_files/5lsy_ZN_homo_d2.60_cluster1.xyz,1.62
5lsy,2,homo,1,ZN,ZN,A,1802,,ZN,,1.0,5,TBP_d,5S,26.188278625255382,50.0534175797714,0.095791026983709,0.29061203521628753,1.1150388049384308,1.7516845292494574,No,No,Yes,No,,,,data/4cys-large/output/xyz_files/5lsy_ZN_homo_d2.60_cluster2.xyz,1.62
5lsy,3,homo,1,ZN,ZN,A,1803,,ZN,,1.0,4,TD,4S,1.0271399460647672,1.6742265674811847,0.0025119358852409806,0.006420817095194931,1.3362062682959797,2.141061683199173,No,No,No,No,,,,data/4cys-large/output/xyz_files/5lsy_ZN_homo_d2.60_cluster3.xyz,1.62
5lsz,1,homo,1,ZN,ZN,A,1801,,ZN,,1.0,4,TD,4S,3.9981641762439644,6.310302871552977,0.11851372201971198,0.30079336693083425,1.2968811182376878,1.8581594543725293,No,No,No,No,,,,data/4cys-large/output/xyz_files/5lsz_ZN_homo_d2.60_cluster1.xyz,1.62
5lsz,2,homo,1,ZN,ZN,A,1802,,ZN,,1.0,5,TBP_d,5S,26.11097971124013,53.17097333451186,0.3530326041664363,0.9800151354585322,1.1113545969466283,1.6999346917746387,No,No,Yes,No,,,,data/4cys-large/output/xyz_files/5lsz_ZN_homo_d2.60_cluster2.xyz,1.62
5lsz,3,homo,1,ZN,ZN,A,1803,,ZN,,1.0,4,TD,4S,1.0969739667993237,2.0280540108673932,0.012127849222534319,0.03052249076016178,1.3342490291233773,1.6332516778539796,No,No,No,No,,,,data/4cys-large/output/xyz_files/5lsz_ZN_homo_d2.60_cluster3.xyz,1.62
5lt7,1,homo,1,ZN,ZN,A,1801,,ZN,,1.0,4,TD,4S,3.8710818180092157,6.486090813010691,0.0450779120019326,0.11600041994743249,1.318810528775638,2.264704318047257,No,No,No,No,,,,data/4cys-large/output/xyz_files/5lt7_ZN_homo_d2.60_cluster1.xyz,1.51
5lt7,2,homo,1,ZN,ZN,A,1802,,ZN,,1.0,5,TBP_d,5S,25.732975163399804,51.36578029465929,0.14232888954331976,0.38439929177148047,1.114921855682138,1.8076297503034613,No,No,Yes,No,,,,data/4cys-large/output/xyz_files/5lt7_ZN_homo_d2.60_cluster2.xyz,1.51
5lt7,3,homo,1,ZN,ZN,A,1803,,ZN,,1.0,4,TD,4S,1.2108238088458823,2.2976008704510775,0.01682669411324839,0.03924777099284471,1.3364685264853637,1.756308341673053,No,No,No,No,,,,data/4cys-large/output/xyz_files/5lt7_ZN_homo_d2.60_cluster3.xyz,1.51
5lt8,1,homo,1,ZN,ZN,A,1801,,ZN,,1.0,4,TD,4S,2.895419411005185,4.563450139839944,0.04359991369722453,0.11753938121693475,1.287139049752238,1.8253860479312192,No,No,No,No,,,,data/4cys-large/output/xyz_files/5lt8_ZN_homo_d2.60_cluster1.xyz,1.57
5lt8,2,homo,1,ZN,ZN,A,1802,,ZN,,1.0,4,TD,4S,3.3176990349756443,6.169564013281473,0.04219939540266649,0.11267674197858168,1.3069613220567298,1.6488814894590007,No,No,No,No,,,,data/4cys-large/output/xyz_files/5lt8_ZN_homo_d2.60_cluster2.xyz,1.57
5lt8,3,homo,1,ZN,ZN,A,1803,,ZN,,1.0,4,TD,4S,7.408828178117479,13.100306666166006,0.027987591247158848,0.06097078881439533,1.2153857601405589,1.7579543419189216,No,No,No,No,,,,data/4cys-large/output/xyz_files/5lt8_ZN_homo_d2.60_cluster3.xyz,1.57
5ly0,1,homo,1,ZN,ZN,A,201,,ZN,,1.0,4,TD,4S,4.107415323110481,7.384311604837137,0.020754555278073104,0.04587079911346059,1.2922019351597067,2.0639858686589476,No,No,No,No,,,,data/4cys-large/output/xyz_files/5ly0_ZN_homo_d2.60_cluster1.xyz,1.88
5ly0,2,homo,1,ZN,ZN,B,201,,ZN,,1.0,4,TD,4S,9.05747327367275,18.150491245952864,0.03464514099733567,0.08852940295897804,1.166788319350422,1.8423192296919888,No,No,No,No,,,,data/4cys-large/output/xyz_files/5ly0_ZN_homo_d2.60_cluster2.xyz,1.88
5m45,1,homo,1,ZN,ZN,C,201,,ZN,,1.0,4,TD,4S,2.4744644068836807,3.92583022843921,0.03833553201179667,0.10321834674519126,1.3207951036027268,1.9050082930175443,No,No,No,No,,,,data/4cys-large/output/xyz_files/5m45_ZN_homo_d2.60_cluster1.xyz,1.87
5m45,2,homo,1,ZN,ZN,F,201,,ZN,,1.0,4,TD,4S,2.5345610752389582,4.080401874470283,0.03897392046900968,0.10968270215035547,1.3226156025992948,1.8801711725137824,No,No,No,No,,,,data/4cys-large/output/xyz_files/5m45_ZN_homo_d2.60_cluster2.xyz,1.87
5m45,3,homo,1,ZN,ZN,I,201,,ZN,,1.0,4,TD,4S,2.418421750105894,5.02797721263299,0.031293697540696254,0.08566991142253899,1.3216681375429995,1.9622687573454531,No,No,No,No,,,,data/4cys-large/output/xyz_files/5m45_ZN_homo_d2.60_cluster3.xyz,1.87
5m45,4,homo,1,ZN,ZN,L,201,,ZN,,1.0,4,TD,4S,2.826192620605335,6.05589059549537,0.033380139509733474,0.08395583288378505,1.3248125914294724,1.9357294026462262,No,No,No,No,,,,data/4cys-large/output/xyz_files/5m45_ZN_homo_d2.60_cluster4.xyz,1.87
5mar,1,homo,1,ZN,ZN,A,401,,ZN,,1.0,4,TD,4S,12.045235197057103,20.374310518860597,0.05305320797796249,0.14109761892352912,1.1394431815395571,1.3502342343489255,No,No,No,No,,,,data/4cys-large/output/xyz_files/5mar_ZN_homo_d2.60_cluster1.xyz,1.89
5mar,2,homo,1,ZN,ZN,B,401,,ZN,,1.0,4,TD,4S,7.701662313109923,15.228549317866168,0.0297008651204817,0.07772081585078228,1.207084896046199,1.7268481826756905,No,No,No,No,,,,data/4cys-large/output/xyz_files/5mar_ZN_homo_d2.60_cluster2.xyz,1.89
5mf6,1,homo,1,ZN,ZN,A,402,,ZN,,1.0,4,TD,4S,4.066923552526995,6.881054669184593,0.03133766618064782,0.08717765912056574,1.2845911116445672,2.1926164658088183,No,No,No,No,,,,data/4cys-large/output/xyz_files/5mf6_ZN_homo_d2.60_cluster1.xyz,1.87
5mf6,2,homo,1,ZN,ZN,B,402,,ZN,,1.0,4,TD,4S,6.933233437862465,11.16799973638976,0.04633764731578945,0.11589592571034002,1.1950886532262426,1.720773311992223,No,No,No,No,,,,data/4cys-large/output/xyz_files/5mf6_ZN_homo_d2.60_cluster2.xyz,1.87
5mfp,1,homo,1,ZN,ZN,A,402,,ZN,,1.0,4,TD,4S,5.735224650614374,9.78191756122608,0.04349034892075302,0.10814129408236095,1.2231909081065653,1.6984214723842697,No,No,No,No,,,,data/4cys-large/output/xyz_files/5mfp_ZN_homo_d2.60_cluster1.xyz,1.98
5mfp,2,homo,1,ZN,ZN,B,402,,ZN,,1.0,4,TD,4S,3.733383970032157,5.148370000182226,0.05748188306471036,0.1605449572220361,1.2434986749124606,1.5409542021031641,No,No,No,No,,,,data/4cys-large/output/xyz_files/5mfp_ZN_homo_d2.60_cluster2.xyz,1.98
5mkw,1,homo,1,ZN,ZN,A,201,,ZN,,1.0,4,TD,4S,5.225873746138784,8.416155088487713,0.026237414137058438,0.05660577357907037,1.2297806401793538,1.5593497388592272,No,No,No,No,,,,data/4cys-large/output/xyz_files/5mkw_ZN_homo_d2.60_cluster1.xyz,2.00
5mkw,2,homo,1,ZN,ZN,B,201,,ZN,,1.0,4,TD,4S,6.16377602161739,7.982022703074435,0.015586796449886284,0.04357382381973274,1.2154154212074586,1.4110462661093908,No,No,No,No,,,,data/4cys-large/output/xyz_files/5mkw_ZN_homo_d2.60_cluster2.xyz,2.00
5mr8,2,homo,1,ZN,ZN,A,1102,,ZN,,1.0,4,TD_d,4S,12.151475399130211,23.163258038002823,0.26816204681798017,0.6789284099030293,1.2255198665341134,1.6072541745545292,No,No,Yes,No,,,,data/4cys-large/output/xyz_files/5mr8_ZN_homo_d2.60_cluster2.xyz,1.74
5nbc,1,homo,1,ZN,ZN,A,202,,ZN,,1.0,4,TD,4S,3.442923383275131,6.503983474157494,0.05126560128986441,0.13856766734477688,1.2484092988332596,2.0254979792609538,No,No,No,No,,,,data/4cys-large/output/xyz_files/5nbc_ZN_homo_d2.60_cluster1.xyz,1.70
5nbc,2,homo,1,ZN,ZN,B,202,,ZN,,1.0,4,TD,4S,3.1183753284004565,5.8836157317451665,0.04862739436842915,0.12937908574159263,1.2769142283857267,1.4719182391633785,No,No,No,No,,,,data/4cys-large/output/xyz_files/5nbc_ZN_homo_d2.60_cluster2.xyz,1.70
5nbc,3,homo,1,ZN,ZN,C,202,,ZN,,1.0,4,TD,4S,2.8267891769144455,5.017775512478522,0.0701881869397829,0.18319301759892603,1.2574214386629334,1.9543949918553305,No,No,No,No,,,,data/4cys-large/output/xyz_files/5nbc_ZN_homo_d2.60_cluster3.xyz,1.70
5nbc,4,homo,1,ZN,ZN,D,202,,ZN,,1.0,4,TD,4S,3.1442237796125143,5.123871688923117,0.0281734079617746,0.07948471849586802,1.28143890252807,1.6627436688976145,No,No,No,No,,,,data/4cys-large/output/xyz_files/5nbc_ZN_homo_d2.60_cluster4.xyz,1.70
5nhk,1,homo,1,ZN,ZN,A,202,,ZN,,1.0,4,TD,4S,2.978236753735013,4.674235229920441,0.035506739128566736,0.0883313044283387,1.2886780031307643,1.67186930563187,No,No,No,No,,,,data/4cys-large/output/xyz_files/5nhk_ZN_homo_d2.60_cluster1.xyz,1.80
5nhk,2,homo,1,ZN,ZN,B,202,,ZN,,1.0,4,TD,4S,3.2038355068726596,4.349081358966643,0.05402907830435063,0.15113389138828337,1.3395985843222569,2.283646448775556,No,No,No,No,,,,data/4cys-large/output/xyz_files/5nhk_ZN_homo_d2.60_cluster2.xyz,1.80
5nhk,3,homo,1,ZN,ZN,C,202,,ZN,,1.0,4,TD,4S,1.6944561187716187,2.7134016503423055,0.042506508274837894,0.10767778226014979,1.3028489840209843,2.244568337927419,No,No,No,No,,,,data/4cys-large/output/xyz_files/5nhk_ZN_homo_d2.60_cluster3.xyz,1.80
5nhk,4,homo,1,ZN,ZN,D,202,,ZN,,1.0,4,TD,4S,1.3542735712735552,2.021567501903789,0.042610704126556556,0.11410628168071435,1.3178507742421488,2.1391995325052537,No,No,No,No,,,,data/4cys-large/output/xyz_files/5nhk_ZN_homo_d2.60_cluster4.xyz,1.80
5nse,1,homo,1,ZN,ZN,A,900,,ZN,,1.0,4,TD,4S,4.7778332204129885,8.371928708444827,0.010721689203316745,0.029491656348389572,1.286571630801932,1.4235927161816289,No,No,No,No,,,,data/4cys-large/output/xyz_files/5nse_ZN_homo_d2.60_cluster1.xyz,1.90
5o6c,3,homo,1,ZN,ZN,A,4703,,ZN,,1.0,4,TD,4S,3.807664814023998,7.299939090483264,0.022270002357848897,0.05762249987123047,1.2787708088717378,2.037486453981177,No,No,No,No,,,,data/4cys-large/output/xyz_files/5o6c_ZN_homo_d2.60_cluster3.xyz,1.75
5o6c,5,homo,1,ZN,ZN,A,4705,,ZN,,1.0,4,TD,4S,5.096771176689201,7.320518152224665,0.02041484387385202,0.050881932290813836,1.2687863998048483,1.8774296758399607,No,No,No,No,,,,data/4cys-large/output/xyz_files/5o6c_ZN_homo_d2.60_cluster5.xyz,1.75
5o6t,1,homo,1,ZN,ZN,A,1001,,ZN,,1.0,4,TD,4S,5.42975057644874,10.714515808103258,0.017919540884266175,0.04798111939349203,1.2552159152636668,1.8320484826211878,No,No,No,No,,,,data/4cys-large/output/xyz_files/5o6t_ZN_homo_d2.60_cluster1.xyz,1.57
5o6t,3,homo,1,ZN,ZN,B,501,,ZN,,1.0,4,TD,4S,5.352519912351778,10.257507568941179,0.020285956046224216,0.049999884541152895,1.258097903906813,1.8657335886147668,No,No,No,No,,,,data/4cys-large/output/xyz_files/5o6t_ZN_homo_d2.60_cluster3.xyz,1.57
5o8h,1,homo,1,ZN,ZN,A,501,,ZN,,1.0,4,TD,4S,5.980373880732211,7.87274743951815,0.012171698263496237,0.032230964794453865,1.2088423429631296,1.3971308327453675,No,No,No,No,,,,data/4cys-large/output/xyz_files/5o8h_ZN_homo_d2.60_cluster1.xyz,1.96
5o8h,3,homo,1,ZN,ZN,B,501,,ZN,,1.0,4,TD,4S,5.976646972320365,8.130295895642575,0.026401197842856026,0.06716216030768507,1.2055906751766006,1.4165732147709886,No,No,No,No,,,,data/4cys-large/output/xyz_files/5o8h_ZN_homo_d2.60_cluster3.xyz,1.96
5o8h,5,homo,1,ZN,ZN,C,501,,ZN,,1.0,4,TD,4S,6.323184591806264,8.708415780715967,0.03428832285494994,0.0907577299057194,1.2039141867074494,1.372059890911355,No,No,No,No,,,,data/4cys-large/output/xyz_files/5o8h_ZN_homo_d2.60_cluster5.xyz,1.96
5o8h,7,homo,1,ZN,ZN,D,501,,ZN,,1.0,4,TD,4S,5.843929103585784,8.618050236688205,0.034650099848558207,0.0847270129761819,1.2033814716326539,1.39990391213892,No,No,No,No,,,,data/4cys-large/output/xyz_files/5o8h_ZN_homo_d2.60_cluster7.xyz,1.96
5o9d,1,homo,1,ZN,ZN,A,501,,ZN,,1.0,4,TD,4S,5.971392579963065,8.266663550344546,0.03198615760648499,0.0741257180762025,1.2032620508643155,1.3906996753594585,No,No,No,No,,,,data/4cys-large/output/xyz_files/5o9d_ZN_homo_d2.60_cluster1.xyz,1.79
5o9d,3,homo,1,ZN,ZN,B,501,,ZN,,1.0,4,TD,4S,5.734303207249854,7.674662369288299,0.019728937115963626,0.05478656381596325,1.2069806309106856,1.3843272699074647,No,No,No,No,,,,data/4cys-large/output/xyz_files/5o9d_ZN_homo_d2.60_cluster3.xyz,1.79
5o9d,5,homo,1,ZN,ZN,C,501,,ZN,,1.0,4,TD,4S,5.890232463656755,7.833785332420518,0.015411166147555586,0.042048233430576065,1.2059844648270897,1.3826329082033462,No,No,No,No,,,,data/4cys-large/output/xyz_files/5o9d_ZN_homo_d2.60_cluster5.xyz,1.79
5o9d,7,homo,1,ZN,ZN,D,501,,ZN,,1.0,4,TD,4S,6.220479858551408,8.594363456665533,0.0077607059384525705,0.01950138415176461,1.1956978446499458,1.3393039828151645,No,No,No,No,,,,data/4cys-large/output/xyz_files/5o9d_ZN_homo_d2.60_cluster7.xyz,1.79
5o9f,1,homo,1,ZN,ZN,A,501,,ZN,,1.0,4,TD,4S,6.0312702022601865,8.272979227868348,0.01634226198129223,0.04416884076532401,1.200591840401833,1.3661734152437113,No,No,No,No,,,,data/4cys-large/output/xyz_files/5o9f_ZN_homo_d2.60_cluster1.xyz,1.64
5o9f,3,homo,1,ZN,ZN,B,501,,ZN,,1.0,4,TD,4S,6.325807226412926,8.718180686351829,0.02260851415400994,0.06274726600838054,1.1951013557936259,1.3477072509640842,No,No,No,No,,,,data/4cys-large/output/xyz_files/5o9f_ZN_homo_d2.60_cluster3.xyz,1.64
5o9f,5,homo,1,ZN,ZN,C,501,,ZN,,1.0,4,TD,4S,6.44352385259861,9.595087134543704,0.015591819111168926,0.03814471477398795,1.1956997441538775,1.3353871365051773,No,No,No,No,,,,data/4cys-large/output/xyz_files/5o9f_ZN_homo_d2.60_cluster5.xyz,1.64
5o9f,7,homo,1,ZN,ZN,D,501,,ZN,,1.0,4,TD,4S,6.189707758105078,8.751457468370091,0.021310123394454327,0.0596731882710686,1.1977183937959308,1.3504069043560356,No,No,No,No,,,,data/4cys-large/output/xyz_files/5o9f_ZN_homo_d2.60_cluster7.xyz,1.64
5od3,1,homo,1,ZN,ZN,A,501,,ZN,,1.0,4,TD,4S,5.645164525649799,6.900621133950338,0.023848114421476767,0.06360828214461467,1.2154990086388877,1.4346399733956356,No,No,No,No,,,,data/4cys-large/output/xyz_files/5od3_ZN_homo_d2.60_cluster1.xyz,1.83
5od3,3,homo,1,ZN,ZN,B,501,,ZN,,1.0,4,TD,4S,5.930286749999926,7.880333501400628,0.025858159150787027,0.06643294592530857,1.211980800383869,1.4813210098767962,No,No,No,No,,,,data/4cys-large/output/xyz_files/5od3_ZN_homo_d2.60_cluster3.xyz,1.83
5od3,5,homo,1,ZN,ZN,C,501,,ZN,,1.0,4,TD,4S,5.377056673998766,7.670323327916023,0.015487588653081339,0.042981861344402184,1.2175454255489513,1.442934501761624,No,No,No,No,,,,data/4cys-large/output/xyz_files/5od3_ZN_homo_d2.60_cluster5.xyz,1.83
5od3,7,homo,1,ZN,ZN,D,501,,ZN,,1.0,4,TD,4S,5.396055056528965,7.223236754253648,0.014041626969840794,0.035570819117558106,1.2132112100489918,1.4550072596665895,No,No,No,No,,,,data/4cys-large/output/xyz_files/5od3_ZN_homo_d2.60_cluster7.xyz,1.83
5of9,1,homo,1,ZN,ZN,A,701,,ZN,,1.0,4,TD,4S,4.858291990845489,7.37382532093136,0.036657545477369075,0.10139045463116458,1.2679832141358478,1.801781123274194,No,No,No,No,,,,data/4cys-large/output/xyz_files/5of9_ZN_homo_d2.60_cluster1.xyz,1.81
5of9,2,homo,1,ZN,ZN,B,701,,ZN,,1.0,4,TD,4S,6.0861279757339615,10.50355671036219,0.0651826213187395,0.1476693594046119,1.2126304742907263,1.4793705986174341,No,No,No,No,,,,data/4cys-large/output/xyz_files/5of9_ZN_homo_d2.60_cluster2.xyz,1.81
5oh1,1,homo,1,ZN,ZN,A,201,,ZN,,1.0,4,TD,4S,4.207078322303232,8.596611646694782,0.025516856813343914,0.07120491002489837,1.263902262278775,1.736709799217491,No,No,No,No,,,,data/4cys-large/output/xyz_files/5oh1_ZN_homo_d2.60_cluster1.xyz,1.70
5oh1,2,homo,1,ZN,ZN,B,201,,ZN,,1.0,4,TD,4S,4.714294423107873,7.453979538115334,0.0176880420492875,0.043585628761719786,1.2846261394882668,1.6594598271296563,No,No,No,No,,,,data/4cys-large/output/xyz_files/5oh1_ZN_homo_d2.60_cluster2.xyz,1.70
5oh1,3,homo,1,ZN,ZN,C,201,,ZN,,1.0,4,TD,4S,3.9534984246491987,6.671418522596525,0.02429087474848399,0.05809357042896757,1.2658865102697023,1.6299196652392696,No,No,No,No,,,,data/4cys-large/output/xyz_files/5oh1_ZN_homo_d2.60_cluster3.xyz,1.70
5oh2,1,homo,1,ZN,ZN,A,201,,ZN,,1.0,4,TD,4S,3.560905152437859,7.849932584527181,0.030497073209008053,0.07832693655044087,1.2787860233985917,1.7836096810342341,No,No,No,No,,,,data/4cys-large/output/xyz_files/5oh2_ZN_homo_d2.60_cluster1.xyz,1.90
5oh2,2,homo,1,ZN,ZN,B,201,,ZN,,1.0,4,TD,4S,4.059881559920177,7.546421407969049,0.055043179528251045,0.14513617226278308,1.2866427854471194,1.5594379839511634,No,No,No,No,,,,data/4cys-large/output/xyz_files/5oh2_ZN_homo_d2.60_cluster2.xyz,1.90
5oh2,3,homo,1,ZN,ZN,C,201,,ZN,,1.0,4,TD,4S,3.702421573559477,6.605541422381819,0.05534685980994989,0.15648261480163983,1.279704441461022,1.8960129380911797,No,No,No,No,,,,data/4cys-large/output/xyz_files/5oh2_ZN_homo_d2.60_cluster3.xyz,1.90
5oh7,1,homo,1,ZN,ZN,A,201,,ZN,,1.0,4,TD,4S,3.891148794459065,7.908912126256155,0.014130110602552506,0.03670349716546761,1.2547752017725298,1.8099509472450328,No,No,No,No,,,,data/4cys-large/output/xyz_files/5oh7_ZN_homo_d2.60_cluster1.xyz,1.85
5oh7,2,homo,1,ZN,ZN,B,201,,ZN,,1.0,4,TD,4S,3.619580646810278,6.246538702308186,0.028523913915276672,0.07798959278013617,1.3034822872219936,1.8404418044111486,No,No,No,No,,,,data/4cys-large/output/xyz_files/5oh7_ZN_homo_d2.60_cluster2.xyz,1.85
5oh7,3,homo,1,ZN,ZN,C,201,,ZN,,1.0,4,TD,4S,5.470757636529513,9.808462515037178,0.047878491741534406,0.1253545014720321,1.2317711662024395,1.7646593634807912,No,No,No,No,,,,data/4cys-large/output/xyz_files/5oh7_ZN_homo_d2.60_cluster3.xyz,1.85
5oh8,1,homo,1,ZN,ZN,A,201,,ZN,,1.0,4,TD,4S,3.7273009453161907,7.9469443125911,0.018602413741263105,0.052159962826209494,1.2753687799578528,1.9696800089291324,No,No,No,No,,,,data/4cys-large/output/xyz_files/5oh8_ZN_homo_d2.60_cluster1.xyz,1.95
5oh8,2,homo,1,ZN,ZN,B,201,,ZN,,1.0,4,TD,4S,3.84161186239722,5.4825623468214815,0.09480618257755294,0.24409614527793622,1.248591192358005,1.8606798463525882,No,No,No,No,,,,data/4cys-large/output/xyz_files/5oh8_ZN_homo_d2.60_cluster2.xyz,1.95
5oh8,3,homo,1,ZN,ZN,C,201,,ZN,,1.0,4,TD,4S,5.836388963049042,11.053247690668272,0.04382376220372021,0.12315569938774651,1.2520586469189532,1.8401413740453951,No,No,No,No,,,,data/4cys-large/output/xyz_files/5oh8_ZN_homo_d2.60_cluster3.xyz,1.95
5oh9,1,homo,1,ZN,ZN,A,201,,ZN,,1.0,4,TD,4S,3.939800014450728,8.142568534007339,0.022381821914461558,0.05909312935870714,1.2743413182533883,1.8210671524746438,No,No,No,No,,,,data/4cys-large/output/xyz_files/5oh9_ZN_homo_d2.60_cluster1.xyz,1.65
5oh9,2,homo,1,ZN,ZN,B,201,,ZN,,1.0,4,TD,4S,4.957150352718791,8.078373508491396,0.029747232944609257,0.07611378478352337,1.2879176464553734,1.3787589122353203,No,No,No,No,,,,data/4cys-large/output/xyz_files/5oh9_ZN_homo_d2.60_cluster2.xyz,1.65
5oh9,3,homo,1,ZN,ZN,C,201,,ZN,,1.0,4,TD,4S,4.059768691939472,7.712844089355514,0.034705869307892635,0.08733644046011513,1.263933213498092,1.6450272376088548,No,No,No,No,,,,data/4cys-large/output/xyz_files/5oh9_ZN_homo_d2.60_cluster3.xyz,1.65
5oha,1,homo,1,ZN,ZN,A,201,,ZN,,1.0,4,TD,4S,4.048618208968654,8.172857425588859,0.03891117647022413,0.10104685506274302,1.2761785415513112,1.7481585405722007,No,No,No,No,,,,data/4cys-large/output/xyz_files/5oha_ZN_homo_d2.60_cluster1.xyz,1.55
5oha,2,homo,1,ZN,ZN,B,201,,ZN,,1.0,4,TD,4S,4.203390760252599,6.064196650199037,0.02051284665595711,0.05386130605399897,1.2929799294532829,1.8766479162806156,No,No,No,No,,,,data/4cys-large/output/xyz_files/5oha_ZN_homo_d2.60_cluster2.xyz,1.55
5oha,3,homo,1,ZN,ZN,C,201,,ZN,,1.0,4,TD,4S,4.012781829489584,7.958868146114455,0.04162367108620765,0.10529367782105181,1.2684386698609071,1.7471386915426832,No,No,No,No,,,,data/4cys-large/output/xyz_files/5oha_ZN_homo_d2.60_cluster3.xyz,1.55
5ohb,1,homo,1,ZN,ZN,A,201,,ZN,,1.0,4,TD,4S,4.05921106166083,8.496756094361686,0.018152066406809438,0.050972437453650876,1.2702369240639486,1.8789413327747289,No,No,No,No,,,,data/4cys-large/output/xyz_files/5ohb_ZN_homo_d2.60_cluster1.xyz,1.70
5ohb,2,homo,1,ZN,ZN,B,201,,ZN,,1.0,4,TD,4S,4.433475063762092,6.159541836450259,0.024861186642770813,0.06487081717860432,1.2887907358545518,1.606636095845463,No,No,No,No,,,,data/4cys-large/output/xyz_files/5ohb_ZN_homo_d2.60_cluster2.xyz,1.70
5ohb,3,homo,1,ZN,ZN,C,201,,ZN,,1.0,4,TD,4S,4.165142156318629,8.044307552902382,0.05026716219329804,0.10566702881611878,1.2502674318053595,1.7282809875727445,No,No,No,No,,,,data/4cys-large/output/xyz_files/5ohb_ZN_homo_d2.60_cluster3.xyz,1.70
5oj7,1,homo,1,ZN,ZN,A,402,,ZN,,1.0,4,TD,4S,5.090017326539413,8.035790452669048,0.025959197382185804,0.06997705891633066,1.240186237289383,1.7522057245043978,No,No,No,No,,,,data/4cys-large/output/xyz_files/5oj7_ZN_homo_d2.60_cluster1.xyz,1.58
5ojn,1,homo,1,ZN,ZN,A,401,,ZN,,1.0,4,TD,4S,5.555772357652274,10.21316690032971,0.01609488055435697,0.04542576535048681,1.2273011279721975,1.846990017763289,No,No,No,No,,,,data/4cys-large/output/xyz_files/5ojn_ZN_homo_d2.60_cluster1.xyz,1.80
5ol0,1,homo,1,ZN,ZN,A,1001,,ZN,,1.0,4,TD,4S,9.614552185012174,14.610300003844614,0.02877598144144311,0.07736435191718538,1.2133086692402888,1.6000484711596985,No,No,No,No,,,,data/4cys-large/output/xyz_files/5ol0_ZN_homo_d2.60_cluster1.xyz,1.99
5ol0,2,homo,1,ZN,ZN,B,1001,,ZN,,1.0,4,TD,4S,10.508023631871792,19.48065010332533,0.04597927975172968,0.11153884207227804,1.1741450682884687,1.7702869995031403,No,No,No,No,,,,data/4cys-large/output/xyz_files/5ol0_ZN_homo_d2.60_cluster2.xyz,1.99
5olm,1,homo,1,ZN,ZN,A,501,,ZN,,1.0,4,TD,4S,3.643772287129079,7.731445251771461,0.038257816218463137,0.09269502436732546,1.28388347441592,2.016660049688729,No,No,No,No,,,,data/4cys-large/output/xyz_files/5olm_ZN_homo_d2.60_cluster1.xyz,1.95
5olm,5,homo,1,ZN,ZN,B,501,,ZN,,1.0,4,TD,4S,3.7395891350143207,7.10801638622587,0.023230617248764362,0.06361400066548661,1.2964365503046267,2.003053499156376,No,No,No,No,,,,data/4cys-large/output/xyz_files/5olm_ZN_homo_d2.60_cluster5.xyz,1.95
5pwc,2,homo,1,ZN,ZN,A,902,,ZN,,1.0,4,TD,4S,5.6798428161306305,7.48762971345991,0.0809792017994524,0.18215260389193455,1.272607863007213,1.5108248402214746,No,No,No,No,,,,data/4cys-large/output/xyz_files/5pwc_ZN_homo_d2.60_cluster2.xyz,1.55
5pwc,4,homo,1,ZN,ZN,B,902,,ZN,,1.0,4,TD,4S,4.932285258780322,7.582317606373309,0.027363572505786336,0.06775346604684529,1.2577105601774277,1.4952646739299889,No,No,No,No,,,,data/4cys-large/output/xyz_files/5pwc_ZN_homo_d2.60_cluster4.xyz,1.55
5pwd,2,homo,1,ZN,ZN,A,902,,ZN,,1.0,4,TD,4S,6.421568595841084,8.767576547464046,0.09801006598074101,0.2236147706059768,1.2743737104899633,1.4666301569996425,No,No,No,No,,,,data/4cys-large/output/xyz_files/5pwd_ZN_homo_d2.60_cluster2.xyz,1.57
5pwd,4,homo,1,ZN,ZN,B,902,,ZN,,1.0,4,TD,4S,4.800844874005709,7.672259189927246,0.030652450273934494,0.0804710374021882,1.267775944793981,1.4697134334501145,No,No,No,No,,,,data/4cys-large/output/xyz_files/5pwd_ZN_homo_d2.60_cluster4.xyz,1.57
5pwe,2,homo,1,ZN,ZN,A,902,,ZN,,1.0,4,TD,4S,4.6704909349646835,9.14042006756199,0.07923796287086525,0.19797869398071777,1.2376386550457474,2.0449306299172147,No,No,No,No,,,,data/4cys-large/output/xyz_files/5pwe_ZN_homo_d2.60_cluster2.xyz,1.69
5pwe,5,homo,1,ZN,ZN,B,902,,ZN,,1.0,4,TD,4S,4.105164745695425,6.608440834518518,0.05767735392684244,0.14108732891890297,1.2643295915383579,1.5528415934846507,No,No,No,No,,,,data/4cys-large/output/xyz_files/5pwe_ZN_homo_d2.60_cluster5.xyz,1.69
5pwf,2,homo,1,ZN,ZN,A,902,,ZN,,1.0,4,TD,4S,4.662402117586746,7.348210647655293,0.029709343328457493,0.07813228191584676,1.2634772656120323,1.5054171990366174,No,No,No,No,,,,data/4cys-large/output/xyz_files/5pwf_ZN_homo_d2.60_cluster2.xyz,1.48
5pwf,5,homo,1,ZN,ZN,B,902,,ZN,,1.0,4,TD,4S,4.254465522400692,6.837487370062476,0.03691343631606239,0.10210738704945843,1.263735937042002,1.515583413569292,No,No,No,No,,,,data/4cys-large/output/xyz_files/5pwf_ZN_homo_d2.60_cluster5.xyz,1.48
5pwg,2,homo,1,ZN,ZN,A,902,,ZN,,1.0,4,TD,4S,5.4295382162599495,8.026540419615472,0.03921443359881495,0.10526544486634792,1.2519447496465628,1.677166732666374,No,No,No,No,,,,data/4cys-large/output/xyz_files/5pwg_ZN_homo_d2.60_cluster2.xyz,1.46
5pwg,5,homo,1,ZN,ZN,B,902,,ZN,,1.0,4,TD,4S,4.342595145519866,6.872715108813452,0.01870837732725392,0.050075435794633805,1.2648883376210256,1.6683060326748278,No,No,No,No,,,,data/4cys-large/output/xyz_files/5pwg_ZN_homo_d2.60_cluster5.xyz,1.46
5pwh,2,homo,1,ZN,ZN,A,902,,ZN,,1.0,4,TD,4S,4.731330084041559,7.427597050490974,0.044327004050672754,0.11905658462079671,1.2627375926007598,1.5935844219247972,No,No,No,No,,,,data/4cys-large/output/xyz_files/5pwh_ZN_homo_d2.60_cluster2.xyz,1.50
5pwh,5,homo,1,ZN,ZN,B,902,,ZN,,1.0,4,TD,4S,4.479445214101644,7.263620524763354,0.02879169395013832,0.07468179130168906,1.2618576610482846,1.5196743321546538,No,No,No,No,,,,data/4cys-large/output/xyz_files/5pwh_ZN_homo_d2.60_cluster5.xyz,1.50
5pwi,2,homo,1,ZN,ZN,A,902,,ZN,,1.0,4,TD,4S,5.063566294850334,8.381774343568011,0.04087120596329626,0.10835959622824998,1.2549729637072382,1.7715313291274883,No,No,No,No,,,,data/4cys-large/output/xyz_files/5pwi_ZN_homo_d2.60_cluster2.xyz,1.62
5pwi,5,homo,1,ZN,ZN,B,902,,ZN,,1.0,4,TD,4S,4.63348125249991,7.437202202939787,0.041428928291265786,0.115971372067591,1.256255133627871,1.4878396764683839,No,No,No,No,,,,data/4cys-large/output/xyz_files/5pwi_ZN_homo_d2.60_cluster5.xyz,1.62
5pwj,2,homo,1,ZN,ZN,A,902,,ZN,,1.0,4,TD,4S,5.210343420141202,10.571275370370543,0.0931218625044358,0.24053024175290627,1.2235925449257685,1.3849615046884465,No,No,No,No,,,,data/4cys-large/output/xyz_files/5pwj_ZN_homo_d2.60_cluster2.xyz,1.89
5pwj,5,homo,1,ZN,ZN,B,902,,ZN,,1.0,4,TD,4S,4.061872397122235,6.462581067530394,0.0706071421903051,0.1757068110093205,1.2748728526775848,1.6020511940712434,No,No,No,No,,,,data/4cys-large/output/xyz_files/5pwj_ZN_homo_d2.60_cluster5.xyz,1.89
5pwk,2,homo,1,ZN,ZN,A,902,,ZN,,1.0,4,TD,4S,5.329914712516355,9.365494820733389,0.06731479160373166,0.17748013307323962,1.239805121430075,1.8012213127506702,No,No,No,No,,,,data/4cys-large/output/xyz_files/5pwk_ZN_homo_d2.60_cluster2.xyz,1.62
5pwk,5,homo,1,ZN,ZN,B,902,,ZN,,1.0,4,TD,4S,4.240967005972665,7.654204063089509,0.038655855206752375,0.09832147112516454,1.2567453566966458,1.5783800807737765,No,No,No,No,,,,data/4cys-large/output/xyz_files/5pwk_ZN_homo_d2.60_cluster5.xyz,1.62
5pwl,2,homo,1,ZN,ZN,A,902,,ZN,,1.0,4,TD,4S,5.009755669869357,9.363653619147257,0.12277396854740628,0.3251407770609145,1.2129000817639202,1.9592607250339986,No,No,No,No,,,,data/4cys-large/output/xyz_files/5pwl_ZN_homo_d2.60_cluster2.xyz,1.83
5pwl,5,homo,1,ZN,ZN,B,902,,ZN,,1.0,4,TD,4S,3.5070452482714933,5.685081382455849,0.0927056065529464,0.24705340780242446,1.2632035613799812,1.858688860160232,No,No,No,No,,,,data/4cys-large/output/xyz_files/5pwl_ZN_homo_d2.60_cluster5.xyz,1.83
5pwm,2,homo,1,ZN,ZN,A,902,,ZN,,1.0,4,TD,4S,5.07518807510258,8.488431815489122,0.030002700968498323,0.07026295618437883,1.2524868689803512,1.4931811241483919,No,No,No,No,,,,data/4cys-large/output/xyz_files/5pwm_ZN_homo_d2.60_cluster2.xyz,1.54
5pwm,5,homo,1,ZN,ZN,B,902,,ZN,,1.0,4,TD,4S,3.9785476410667027,6.77041017973346,0.031593811527179376,0.08328124206752774,1.2672256439434295,1.5609922266399237,No,No,No,No,,,,data/4cys-large/output/xyz_files/5pwm_ZN_homo_d2.60_cluster5.xyz,1.54
5pwn,2,homo,1,ZN,ZN,A,902,,ZN,,1.0,4,TD,4S,5.194438163372796,9.913444219226662,0.06560348194716735,0.17658942530848032,1.2434983170391625,1.6888764790945219,No,No,No,No,,,,data/4cys-large/output/xyz_files/5pwn_ZN_homo_d2.60_cluster2.xyz,1.64
5pwn,5,homo,1,ZN,ZN,B,902,,ZN,,1.0,4,TD,4S,4.282656326345625,7.23292690025464,0.052512111760144926,0.12795349859038208,1.2616555925778974,1.5271854202736774,No,No,No,No,,,,data/4cys-large/output/xyz_files/5pwn_ZN_homo_d2.60_cluster5.xyz,1.64
5pwo,2,homo,1,ZN,ZN,A,902,,ZN,,1.0,4,TD,4S,5.41635987308791,10.566304991582399,0.09522697027898612,0.22924787587105122,1.2394530648802515,1.5650011914407491,No,No,No,No,,,,data/4cys-large/output/xyz_files/5pwo_ZN_homo_d2.60_cluster2.xyz,1.85
5pwo,5,homo,1,ZN,ZN,B,902,,ZN,,1.0,4,TD,4S,3.7184762707768284,6.4792522748850985,0.07905214136899197,0.21727125313292106,1.2561199285707576,1.666081805653949,No,No,No,No,,,,data/4cys-large/output/xyz_files/5pwo_ZN_homo_d2.60_cluster5.xyz,1.85
5pwp,2,homo,1,ZN,ZN,A,902,,ZN,,1.0,4,TD,4S,5.261733009631048,8.25832090116893,0.06649380877714088,0.16662995882817677,1.2567799467638636,1.8439456034690576,No,No,No,No,,,,data/4cys-large/output/xyz_files/5pwp_ZN_homo_d2.60_cluster2.xyz,1.51
5pwp,5,homo,1,ZN,ZN,B,902,,ZN,,1.0,4,TD,4S,4.539148129535993,7.162226176843134,0.023757218882114715,0.05824160444059112,1.2613454084573146,1.5103297439056211,No,No,No,No,,,,data/4cys-large/output/xyz_files/5pwp_ZN_homo_d2.60_cluster5.xyz,1.51
5pwq,2,homo,1,ZN,ZN,A,902,,ZN,,1.0,4,TD,4S,5.338956909340244,9.000708348555136,0.03767598348164806,0.10043415932399169,1.244993194675818,1.901937290736298,No,No,No,No,,,,data/4cys-large/output/xyz_files/5pwq_ZN_homo_d2.60_cluster2.xyz,1.52
5pwq,5,homo,1,ZN,ZN,B,902,,ZN,,1.0,4,TD,4S,4.629870335565704,7.770864573748298,0.02054877382230927,0.05382815311363798,1.25243765093699,1.5155662645236583,No,No,No,No,,,,data/4cys-large/output/xyz_files/5pwq_ZN_homo_d2.60_cluster5.xyz,1.52
5pwr,2,homo,1,ZN,ZN,A,902,,ZN,,1.0,4,TD,4S,5.1525308497494064,7.908826755828258,0.026644461767183724,0.06462621104324695,1.2596821474964985,1.4756758947332256,No,No,No,No,,,,data/4cys-large/output/xyz_files/5pwr_ZN_homo_d2.60_cluster2.xyz,1.46
5pwr,5,homo,1,ZN,ZN,B,902,,ZN,,1.0,4,TD,4S,4.439624071157261,6.975795665644426,0.02362765358625441,0.058606794557336084,1.259574328111981,1.659526098699362,No,No,No,No,,,,data/4cys-large/output/xyz_files/5pwr_ZN_homo_d2.60_cluster5.xyz,1.46
5pws,2,homo,1,ZN,ZN,A,902,,ZN,,1.0,4,TD,4S,5.543362997385961,7.703698860539845,0.04589267381851695,0.11621989134293198,1.261404189560138,1.543615248728476,No,No,No,No,,,,data/4cys-large/output/xyz_files/5pws_ZN_homo_d2.60_cluster2.xyz,1.40
5pws,5,homo,1,ZN,ZN,B,902,,ZN,,1.0,4,TD,4S,4.598876713847234,7.310184146140031,0.022932323632825602,0.06131020651067498,1.2581200615916468,1.6597870146896634,No,No,No,No,,,,data/4cys-large/output/xyz_files/5pws_ZN_homo_d2.60_cluster5.xyz,1.40
5pwt,2,homo,1,ZN,ZN,A,902,,ZN,,1.0,4,TD,4S,4.801957335602928,8.171608169257425,0.06591870828931809,0.17558012286585756,1.2489658592008368,1.999790199841101,No,No,No,No,,,,data/4cys-large/output/xyz_files/5pwt_ZN_homo_d2.60_cluster2.xyz,1.58
5pwt,5,homo,1,ZN,ZN,B,902,,ZN,,1.0,4,TD,4S,3.73144842759653,6.486178847700842,0.04849333868634856,0.1343739762609779,1.2679141115197015,1.6038994333239693,No,No,No,No,,,,data/4cys-large/output/xyz_files/5pwt_ZN_homo_d2.60_cluster5.xyz,1.58
5pwu,2,homo,1,ZN,ZN,A,902,,ZN,,1.0,4,TD,4S,5.143587011711963,8.470867782126376,0.02839064881036043,0.0741880537965911,1.2660919531899089,1.5233465494074134,No,No,No,No,,,,data/4cys-large/output/xyz_files/5pwu_ZN_homo_d2.60_cluster2.xyz,1.44
5pwu,5,homo,1,ZN,ZN,B,902,,ZN,,1.0,4,TD,4S,4.444900445468267,7.365487232567659,0.029773740526196264,0.07729924220153084,1.2627399129912071,1.6903667454661768,No,No,No,No,,,,data/4cys-large/output/xyz_files/5pwu_ZN_homo_d2.60_cluster5.xyz,1.44
5pwv,2,homo,1,ZN,ZN,A,902,,ZN,,1.0,4,TD,4S,4.777067736675927,8.190704772290786,0.06429439860391528,0.17531195921052944,1.253884696048624,1.8441901038293653,No,No,No,No,,,,data/4cys-large/output/xyz_files/5pwv_ZN_homo_d2.60_cluster2.xyz,1.58
5pwv,5,homo,1,ZN,ZN,B,902,,ZN,,1.0,4,TD,4S,4.3932194229364,7.628758719699903,0.046926685917797466,0.12304216886627772,1.2590063344042557,1.5092802848251656,No,No,No,No,,,,data/4cys-large/output/xyz_files/5pwv_ZN_homo_d2.60_cluster5.xyz,1.58
5pww,2,homo,1,ZN,ZN,A,902,,ZN,,1.0,4,TD,4S,4.925075767724633,8.27026068830159,0.04543787508638249,0.11920891276393064,1.258562205572124,1.7407460284962364,No,No,No,No,,,,data/4cys-large/output/xyz_files/5pww_ZN_homo_d2.60_cluster2.xyz,1.59
5pww,5,homo,1,ZN,ZN,B,902,,ZN,,1.0,4,TD,4S,4.238113079697027,7.426447865737245,0.045292951406708915,0.11932603564682465,1.2645235048762162,1.5224443100284695,No,No,No,No,,,,data/4cys-large/output/xyz_files/5pww_ZN_homo_d2.60_cluster5.xyz,1.59
5pwx,2,homo,1,ZN,ZN,A,902,,ZN,,1.0,4,TD,4S,4.845143699282733,9.083057120609055,0.0738116283089432,0.1806848191315411,1.2563850964713572,1.8724536697122367,No,No,No,No,,,,data/4cys-large/output/xyz_files/5pwx_ZN_homo_d2.60_cluster2.xyz,1.69
5pwx,5,homo,1,ZN,ZN,B,902,,ZN,,1.0,4,TD,4S,4.293143961113527,7.490275525941172,0.07690921329817073,0.18675249655534776,1.25076355577695,1.6260324008515277,No,No,No,No,,,,data/4cys-large/output/xyz_files/5pwx_ZN_homo_d2.60_cluster5.xyz,1.69
5pwy,2,homo,1,ZN,ZN,A,902,,ZN,,1.0,4,TD,4S,4.559891569845264,8.944647316345183,0.10786687433327109,0.23870496730703472,1.2295245980812874,1.6311931375532556,No,No,No,No,,,,data/4cys-large/output/xyz_files/5pwy_ZN_homo_d2.60_cluster2.xyz,1.98
5pwy,5,homo,1,ZN,ZN,B,902,,ZN,,1.0,4,TD,4S,3.7781429332036076,5.05280136680733,0.07818260452078407,0.19576279928157314,1.276962774814178,1.6308851268598683,No,No,No,No,,,,data/4cys-large/output/xyz_files/5pwy_ZN_homo_d2.60_cluster5.xyz,1.98
5pwz,2,homo,1,ZN,ZN,A,902,,ZN,,1.0,4,TD,4S,5.082654776660868,8.903903826827232,0.07429206364313987,0.19917534869588716,1.2399930050715724,2.053401193207177,No,No,No,No,,,,data/4cys-large/output/xyz_files/5pwz_ZN_homo_d2.60_cluster2.xyz,1.62
5pwz,5,homo,1,ZN,ZN,B,902,,ZN,,1.0,4,TD,4S,4.280631079232908,7.188227213509876,0.05166192585008709,0.13900442451085526,1.2615897657081159,1.4935431358469302,No,No,No,No,,,,data/4cys-large/output/xyz_files/5pwz_ZN_homo_d2.60_cluster5.xyz,1.62
5px0,2,homo,1,ZN,ZN,A,902,,ZN,,1.0,4,TD,4S,4.627970574713769,8.754797259733905,0.08811873021243732,0.224328062641856,1.2503014335027607,2.098464816072055,No,No,No,No,,,,data/4cys-large/output/xyz_files/5px0_ZN_homo_d2.60_cluster2.xyz,1.55
5px0,5,homo,1,ZN,ZN,B,902,,ZN,,1.0,4,TD,4S,3.883353903000016,6.230676532835233,0.048025546009177134,0.1331919565428974,1.2759500926727265,1.6021298024059019,No,No,No,No,,,,data/4cys-large/output/xyz_files/5px0_ZN_homo_d2.60_cluster5.xyz,1.55
5px1,2,homo,1,ZN,ZN,A,902,,ZN,,1.0,4,TD,4S,4.451060619845409,7.73807995042533,0.06766948108399208,0.1839213284805541,1.2500467646697797,2.0792678562975544,No,No,No,No,,,,data/4cys-large/output/xyz_files/5px1_ZN_homo_d2.60_cluster2.xyz,1.55
5px1,5,homo,1,ZN,ZN,B,902,,ZN,,1.0,4,TD,4S,4.306390337382764,6.939443307444861,0.04170635396194846,0.10664888853617338,1.2631021127784514,1.5718328750613872,No,No,No,No,,,,data/4cys-large/output/xyz_files/5px1_ZN_homo_d2.60_cluster5.xyz,1.55
5px2,2,homo,1,ZN,ZN,A,902,,ZN,,1.0,4,TD,4S,5.028282297483042,7.8143255325245775,0.03386452276476783,0.08883386573648888,1.2580912056386773,1.7946324022628017,No,No,No,No,,,,data/4cys-large/output/xyz_files/5px2_ZN_homo_d2.60_cluster2.xyz,1.43
5px2,5,homo,1,ZN,ZN,B,902,,ZN,,1.0,4,TD,4S,4.481634888831943,7.243663337826021,0.02004557810139867,0.04742523268701193,1.2591768046645706,1.69292678469461,No,No,No,No,,,,data/4cys-large/output/xyz_files/5px2_ZN_homo_d2.60_cluster5.xyz,1.43
5px3,2,homo,1,ZN,ZN,A,902,,ZN,,1.0,4,TD,4S,5.121244430060364,8.234023730461516,0.04807664732266263,0.133745463504777,1.2506740142766994,1.9037811676662382,No,No,No,No,,,,data/4cys-large/output/xyz_files/5px3_ZN_homo_d2.60_cluster2.xyz,1.57
5px3,5,homo,1,ZN,ZN,B,902,,ZN,,1.0,4,TD,4S,4.1337154945100325,6.785118103801281,0.045055552830006916,0.12348527159040401,1.2683016474058473,1.4971957980015191,No,No,No,No,,,,data/4cys-large/output/xyz_files/5px3_ZN_homo_d2.60_cluster5.xyz,1.57
5px4,2,homo,1,ZN,ZN,A,902,,ZN,,1.0,4,TD,4S,5.155091828701236,8.82489228616815,0.057273134323937894,0.1561103006943143,1.2478112209409509,1.902014314309115,No,No,No,No,,,,data/4cys-large/output/xyz_files/5px4_ZN_homo_d2.60_cluster2.xyz,1.45
5px4,5,homo,1,ZN,ZN,B,902,,ZN,,1.0,4,TD,4S,4.584507202289112,7.148554714674717,0.02342764686971422,0.059401772842076817,1.262132301930614,1.5445475906725816,No,No,No,No,,,,data/4cys-large/output/xyz_files/5px4_ZN_homo_d2.60_cluster5.xyz,1.45
5px5,2,homo,1,ZN,ZN,A,902,,ZN,,1.0,4,TD,4S,5.315556891683094,9.530324052139079,0.07410413547566722,0.17633151050839624,1.2304561611592224,1.8901498501221123,No,No,No,No,,,,data/4cys-large/output/xyz_files/5px5_ZN_homo_d2.60_cluster2.xyz,1.74
5px5,5,homo,1,ZN,ZN,B,902,,ZN,,1.0,4,TD,4S,3.9816971344181167,6.791697050708265,0.08665773087920507,0.22858546464637808,1.2570344782679435,1.709323957790647,No,No,No,No,,,,data/4cys-large/output/xyz_files/5px5_ZN_homo_d2.60_cluster5.xyz,1.74
5px6,2,homo,1,ZN,ZN,A,902,,ZN,,1.0,4,TD,4S,4.983580827386631,7.043010576685248,0.029779039404704024,0.0832264863425638,1.2752156958278744,1.6221798274761898,No,No,No,No,,,,data/4cys-large/output/xyz_files/5px6_ZN_homo_d2.60_cluster2.xyz,1.43
5px6,5,homo,1,ZN,ZN,B,902,,ZN,,1.0,4,TD,4S,4.559792676568868,6.815315267752553,0.03146944200089272,0.08039611191292506,1.261723618177872,1.6101078662801338,No,No,No,No,,,,data/4cys-large/output/xyz_files/5px6_ZN_homo_d2.60_cluster5.xyz,1.43
5px7,2,homo,1,ZN,ZN,A,902,,ZN,,1.0,4,TD,4S,4.8740133304294195,8.84810319001356,0.08519298479250244,0.2026489014682853,1.2460122944716023,1.8676106291492776,No,No,No,No,,,,data/4cys-large/output/xyz_files/5px7_ZN_homo_d2.60_cluster2.xyz,1.74
5px7,5,homo,1,ZN,ZN,B,902,,ZN,,1.0,4,TD,4S,3.9753523574174077,7.010653030703793,0.0766318511918677,0.21354923451618468,1.2546861958306632,1.573613936021206,No,No,No,No,,,,data/4cys-large/output/xyz_files/5px7_ZN_homo_d2.60_cluster5.xyz,1.74
5px8,2,homo,1,ZN,ZN,A,902,,ZN,,1.0,4,TD,4S,4.759432876748718,8.685864254802269,0.07511786032524292,0.18506986521372015,1.2326899199128871,1.6591376331783436,No,No,No,No,,,,data/4cys-large/output/xyz_files/5px8_ZN_homo_d2.60_cluster2.xyz,1.71
5px8,5,homo,1,ZN,ZN,B,902,,ZN,,1.0,4,TD,4S,4.258507453089152,6.776000300883098,0.05408048272063278,0.1289022076332813,1.2622708787318468,1.5555222143915424,No,No,No,No,,,,data/4cys-large/output/xyz_files/5px8_ZN_homo_d2.60_cluster5.xyz,1.71
5px9,2,homo,1,ZN,ZN,A,902,,ZN,,1.0,4,TD,4S,5.592691896993488,11.368957240483454,0.09737566274614494,0.23349492928371518,1.2294014252033627,1.4168466689714132,No,No,No,No,,,,data/4cys-large/output/xyz_files/5px9_ZN_homo_d2.60_cluster2.xyz,1.89
5px9,5,homo,1,ZN,ZN,B,902,,ZN,,1.0,4,TD,4S,3.4684094318287015,5.93360221172702,0.08470528337839053,0.23423821597399241,1.2516314122207766,1.8966389493629956,No,No,No,No,,,,data/4cys-large/output/xyz_files/5px9_ZN_homo_d2.60_cluster5.xyz,1.89
5pxa,2,homo,1,ZN,ZN,A,902,,ZN,,1.0,4,TD,4S,5.216409668360701,7.884283303393161,0.02517533504864063,0.06987170033809553,1.2553386752312792,1.4478397937548848,No,No,No,No,,,,data/4cys-large/output/xyz_files/5pxa_ZN_homo_d2.60_cluster2.xyz,1.43
5pxa,5,homo,1,ZN,ZN,B,902,,ZN,,1.0,4,TD,4S,4.3856522111817515,7.504284979225403,0.020782467783412827,0.045949045452084114,1.2630732777751246,1.6637984133623123,No,No,No,No,,,,data/4cys-large/output/xyz_files/5pxa_ZN_homo_d2.60_cluster5.xyz,1.43
5pxb,2,homo,1,ZN,ZN,A,902,,ZN,,1.0,4,TD,4S,5.053078927467783,8.079814793067357,0.027860419110730308,0.06916710182310437,1.2664851985239183,1.9455333035964752,No,No,No,No,,,,data/4cys-large/output/xyz_files/5pxb_ZN_homo_d2.60_cluster2.xyz,1.46
5pxb,5,homo,1,ZN,ZN,B,902,,ZN,,1.0,4,TD,4S,4.339941341380883,6.706826128731819,0.025641457599161276,0.062192141511786314,1.26662853223612,1.7394188742422325,No,No,No,No,,,,data/4cys-large/output/xyz_files/5pxb_ZN_homo_d2.60_cluster5.xyz,1.46
5pxc,2,homo,1,ZN,ZN,A,902,,ZN,,1.0,4,TD,4S,4.993528481239926,8.063284306179895,0.04329810854841291,0.12183641641181131,1.256866200783733,1.9290587575239393,No,No,No,No,,,,data/4cys-large/output/xyz_files/5pxc_ZN_homo_d2.60_cluster2.xyz,1.52
5pxc,5,homo,1,ZN,ZN,B,902,,ZN,,1.0,4,TD,4S,3.846351777791736,6.855789119322765,0.05008224221596448,0.12421503773803222,1.2666851958459782,1.552899114830357,No,No,No,No,,,,data/4cys-large/output/xyz_files/5pxc_ZN_homo_d2.60_cluster5.xyz,1.52
5pxd,2,homo,1,ZN,ZN,A,902,,ZN,,1.0,4,TD,4S,5.050207395738354,8.795332068078949,0.08092698218338495,0.19899477758168338,1.2472486713470958,1.9161711182995809,No,No,No,No,,,,data/4cys-large/output/xyz_files/5pxd_ZN_homo_d2.60_cluster2.xyz,1.64
5pxd,5,homo,1,ZN,ZN,B,902,,ZN,,1.0,4,TD,4S,4.05774350773098,7.173693211556014,0.04842133792241873,0.13199614326023035,1.2640675738428302,1.581236489297959,No,No,No,No,,,,data/4cys-large/output/xyz_files/5pxd_ZN_homo_d2.60_cluster5.xyz,1.64
5pxe,2,homo,1,ZN,ZN,A,902,,ZN,,1.0,4,TD,4S,5.234337377724728,8.444807440428576,0.03838741402773164,0.09573657577308214,1.2503698870951436,1.6962587689558883,No,No,No,No,,,,data/4cys-large/output/xyz_files/5pxe_ZN_homo_d2.60_cluster2.xyz,1.55
5pxe,5,homo,1,ZN,ZN,B,902,,ZN,,1.0,4,TD,4S,4.435188178447261,7.089042354096861,0.0400285121362732,0.10623869728839175,1.2633591650550604,1.5190719605762846,No,No,No,No,,,,data/4cys-large/output/xyz_files/5pxe_ZN_homo_d2.60_cluster5.xyz,1.55
5pxf,2,homo,1,ZN,ZN,A,902,,ZN,,1.0,4,TD,4S,5.299844795361997,9.685954071914963,0.05262162668117835,0.13513638098493708,1.2585637765839557,1.7999030001693606,No,No,No,No,,,,data/4cys-large/output/xyz_files/5pxf_ZN_homo_d2.60_cluster2.xyz,1.71
5pxf,5,homo,1,ZN,ZN,B,902,,ZN,,1.0,4,TD,4S,4.5284993677979655,7.055998287900081,0.05983041717301552,0.14869084982031433,1.2532456477267593,1.6139900112129204,No,No,No,No,,,,data/4cys-large/output/xyz_files/5pxf_ZN_homo_d2.60_cluster5.xyz,1.71
5pxg,2,homo,1,ZN,ZN,A,902,,ZN,,1.0,4,TD,4S,5.301238483474439,10.2686861212959,0.11057806598463021,0.2846904356842863,1.217519922804443,1.6786592585907323,No,No,No,No,,,,data/4cys-large/output/xyz_files/5pxg_ZN_homo_d2.60_cluster2.xyz,1.98
5pxg,5,homo,1,ZN,ZN,B,902,,ZN,,1.0,4,TD,4S,3.6877758748150793,5.168042251431515,0.09567992001909723,0.252271728667528,1.2660434020867868,1.91416389143946,No,No,No,No,,,,data/4cys-large/output/xyz_files/5pxg_ZN_homo_d2.60_cluster5.xyz,1.98
5pxi,2,homo,1,ZN,ZN,A,902,,ZN,,1.0,4,TD,4S,4.68692950461109,8.946596935405708,0.10894625744564462,0.2656131073305992,1.218990328505088,2.051412683125492,No,No,No,No,,,,data/4cys-large/output/xyz_files/5pxi_ZN_homo_d2.60_cluster2.xyz,1.76
5pxi,5,homo,1,ZN,ZN,B,902,,ZN,,1.0,4,TD,4S,4.2449043690425565,6.2466001436692835,0.0701302715863228,0.17872603998594716,1.2562508594777775,1.6068377505731497,No,No,No,No,,,,data/4cys-large/output/xyz_files/5pxi_ZN_homo_d2.60_cluster5.xyz,1.76
5pxj,2,homo,1,ZN,ZN,A,902,,ZN,,1.0,4,TD,4S,4.917951292462611,9.59077607114014,0.0702636572161098,0.1649660822135779,1.2511694274245349,1.9603774202400506,No,No,No,No,,,,data/4cys-large/output/xyz_files/5pxj_ZN_homo_d2.60_cluster2.xyz,1.68
5pxj,5,homo,1,ZN,ZN,B,902,,ZN,,1.0,4,TD,4S,4.580370418462131,7.54687990608204,0.05545378854222493,0.13464942483015552,1.261892426063225,1.5548487739874997,No,No,No,No,,,,data/4cys-large/output/xyz_files/5pxj_ZN_homo_d2.60_cluster5.xyz,1.68
5pxk,2,homo,1,ZN,ZN,A,902,,ZN,,1.0,4,TD,4S,5.839482222666815,11.209263295662822,0.0882181320247552,0.2411961503679554,1.2049616389814168,1.67514138219485,No,No,No,No,,,,data/4cys-large/output/xyz_files/5pxk_ZN_homo_d2.60_cluster2.xyz,1.98
5pxk,5,homo,1,ZN,ZN,B,902,,ZN,,1.0,4,TD,4S,4.72883276694354,7.278611970237591,0.0807766613361919,0.20802165925893457,1.2401204108530726,1.5923561178894068,No,No,No,No,,,,data/4cys-large/output/xyz_files/5pxk_ZN_homo_d2.60_cluster5.xyz,1.98
5pxl,2,homo,1,ZN,ZN,A,902,,ZN,,1.0,4,TD,4S,5.195242562113569,8.11764912463164,0.04067979614520759,0.10740028160214266,1.2514607180691597,1.6125846155653116,No,No,No,No,,,,data/4cys-large/output/xyz_files/5pxl_ZN_homo_d2.60_cluster2.xyz,1.35
5pxl,5,homo,1,ZN,ZN,B,902,,ZN,,1.0,4,TD,4S,4.537024222634587,7.370963440502479,0.022707889107322975,0.056293225548643466,1.2595920678243273,1.6886654843291462,No,No,No,No,,,,data/4cys-large/output/xyz_files/5pxl_ZN_homo_d2.60_cluster5.xyz,1.35
5pxm,2,homo,1,ZN,ZN,A,902,,ZN,,1.0,4,TD,4S,4.873585981693056,8.477902567052922,0.046897219596218634,0.1219934707642536,1.24796062564351,1.7792190603661786,No,No,No,No,,,,data/4cys-large/output/xyz_files/5pxm_ZN_homo_d2.60_cluster2.xyz,1.59
5pxm,5,homo,1,ZN,ZN,B,902,,ZN,,1.0,4,TD,4S,4.28337031307495,7.859267697434689,0.025766553417287504,0.07286104194999066,1.259745643750641,1.4441311918463497,No,No,No,No,,,,data/4cys-large/output/xyz_files/5pxm_ZN_homo_d2.60_cluster5.xyz,1.59
5pxn,2,homo,1,ZN,ZN,A,902,,ZN,,1.0,4,TD,4S,5.032104443787642,8.119834408913476,0.037390020122292617,0.09343335781724127,1.2604016116163184,1.89885434707717,No,No,No,No,,,,data/4cys-large/output/xyz_files/5pxn_ZN_homo_d2.60_cluster2.xyz,1.43
5pxn,5,homo,1,ZN,ZN,B,902,,ZN,,1.0,4,TD,4S,4.462937745019436,7.54197345485305,0.012561997058994013,0.029758563106836,1.2561940280187878,1.6235137698928104,No,No,No,No,,,,data/4cys-large/output/xyz_files/5pxn_ZN_homo_d2.60_cluster5.xyz,1.43
5pxo,2,homo,1,ZN,ZN,A,902,,ZN,,1.0,4,TD,4S,5.6734462282319145,11.858838286188998,0.08893622753530128,0.21333009138107561,1.2270550595864358,1.6722527879545033,No,No,No,No,,,,data/4cys-large/output/xyz_files/5pxo_ZN_homo_d2.60_cluster2.xyz,1.78
5pxo,5,homo,1,ZN,ZN,B,902,,ZN,,1.0,4,TD,4S,3.8257676052229384,6.538488473959177,0.0769821145516322,0.20442102430301956,1.2547444567768817,1.5377539683587607,No,No,No,No,,,,data/4cys-large/output/xyz_files/5pxo_ZN_homo_d2.60_cluster5.xyz,1.78
5pxp,2,homo,1,ZN,ZN,A,902,,ZN,,1.0,4,TD,4S,5.141486872313542,10.474854247979934,0.09872860954290077,0.22823004776423783,1.238277297380091,1.4205365334594005,No,No,No,No,,,,data/4cys-large/output/xyz_files/5pxp_ZN_homo_d2.60_cluster2.xyz,1.86
5pxp,5,homo,1,ZN,ZN,B,902,,ZN,,1.0,4,TD,4S,4.318803220591785,6.198606776379606,0.09884201501304592,0.24623757613640773,1.266682808163798,1.6001246808846405,No,No,No,No,,,,data/4cys-large/output/xyz_files/5pxp_ZN_homo_d2.60_cluster5.xyz,1.86
5pxq,2,homo,1,ZN,ZN,A,902,,ZN,,1.0,4,TD,4S,5.1854143950144325,9.460900481475647,0.039136846733779776,0.09139136588306718,1.2502345174669678,1.8002098852527615,No,No,No,No,,,,data/4cys-large/output/xyz_files/5pxq_ZN_homo_d2.60_cluster2.xyz,1.62
5pxq,5,homo,1,ZN,ZN,B,902,,ZN,,1.0,4,TD,4S,4.407805583059282,7.402940440050585,0.013051201117475281,0.03235089816782777,1.2566400768749082,1.6028910813405783,No,No,No,No,,,,data/4cys-large/output/xyz_files/5pxq_ZN_homo_d2.60_cluster5.xyz,1.62
5pxr,2,homo,1,ZN,ZN,A,902,,ZN,,1.0,4,TD,4S,4.94844144111501,9.841223605179039,0.09828256109928495,0.24161549655516934,1.2220954736130352,1.7933961350271372,No,No,No,No,,,,data/4cys-large/output/xyz_files/5pxr_ZN_homo_d2.60_cluster2.xyz,1.81
5pxr,5,homo,1,ZN,ZN,B,902,,ZN,,1.0,4,TD,4S,3.6010877649424216,5.530106511382797,0.08167187055493427,0.20762450994640513,1.2731687791232564,1.7181197273244762,No,No,No,No,,,,data/4cys-large/output/xyz_files/5pxr_ZN_homo_d2.60_cluster5.xyz,1.81
5pxs,2,homo,1,ZN,ZN,A,902,,ZN,,1.0,4,TD,4S,5.388638085357635,7.932116913876257,0.03867392154644897,0.10219496227570835,1.2582967560150937,1.7020406816565332,No,No,No,No,,,,data/4cys-large/output/xyz_files/5pxs_ZN_homo_d2.60_cluster2.xyz,1.49
5pxs,5,homo,1,ZN,ZN,B,902,,ZN,,1.0,4,TD,4S,4.1838319632390295,7.5033436832416385,0.017347680185711787,0.04087227854841302,1.2656810851427958,1.6020540094103568,No,No,No,No,,,,data/4cys-large/output/xyz_files/5pxs_ZN_homo_d2.60_cluster5.xyz,1.49
5pxt,2,homo,1,ZN,ZN,A,902,,ZN,,1.0,4,TD,4S,5.060853438491912,7.724823518286726,0.03278492646542852,0.07815475258296223,1.2556834624506945,1.7293056921984715,No,No,No,No,,,,data/4cys-large/output/xyz_files/5pxt_ZN_homo_d2.60_cluster2.xyz,1.40
5pxt,5,homo,1,ZN,ZN,B,902,,ZN,,1.0,4,TD,4S,4.434694549329254,7.376871136594929,0.01782097780115796,0.040474385254106515,1.2572826300639806,1.6910378100051728,No,No,No,No,,,,data/4cys-large/output/xyz_files/5pxt_ZN_homo_d2.60_cluster5.xyz,1.40
5pxu,2,homo,1,ZN,ZN,A,902,,ZN,,1.0,4,TD,4S,5.171491465904342,8.155061088348617,0.07723437368027854,0.19630014946992613,1.2266176463564906,1.5747109995655222,No,No,No,No,,,,data/4cys-large/output/xyz_files/5pxu_ZN_homo_d2.60_cluster2.xyz,1.76
5pxu,5,homo,1,ZN,ZN,B,902,,ZN,,1.0,4,TD,4S,3.6550627961645437,5.305952896283273,0.0660467260281609,0.1806318774998137,1.2342923489132818,2.0408609485135853,No,No,No,No,,,,data/4cys-large/output/xyz_files/5pxu_ZN_homo_d2.60_cluster5.xyz,1.76
5pxv,2,homo,1,ZN,ZN,A,902,,ZN,,1.0,4,TD,4S,4.542564096454623,7.979471292164035,0.07426477121302709,0.19583255807476663,1.2526936397550854,2.002318484676671,No,No,No,No,,,,data/4cys-large/output/xyz_files/5pxv_ZN_homo_d2.60_cluster2.xyz,1.65
5pxv,5,homo,1,ZN,ZN,B,902,,ZN,,1.0,4,TD,4S,3.907985014693417,7.103482982466659,0.05690507942535852,0.15400876153301724,1.263575540220356,1.5522725215467699,No,No,No,No,,,,data/4cys-large/output/xyz_files/5pxv_ZN_homo_d2.60_cluster5.xyz,1.65
5pxx,2,homo,1,ZN,ZN,A,902,,ZN,,1.0,4,TD,4S,4.999440348313,7.792573136091818,0.04042062469549288,0.10147467743067207,1.2686081199683625,1.4729402879911921,No,No,No,No,,,,data/4cys-large/output/xyz_files/5pxx_ZN_homo_d2.60_cluster2.xyz,1.57
5pxx,5,homo,1,ZN,ZN,B,902,,ZN,,1.0,4,TD,4S,3.9962813745209864,6.622770641395846,0.028944185980264135,0.07134276393292849,1.2640354784934462,1.5309460390020218,No,No,No,No,,,,data/4cys-large/output/xyz_files/5pxx_ZN_homo_d2.60_cluster5.xyz,1.57
5pxz,2,homo,1,ZN,ZN,A,902,,ZN,,1.0,4,TD,4S,5.263696121363032,9.504679863939216,0.025023800178922966,0.058730239491548986,1.251180686660445,1.462431173510626,No,No,No,No,,,,data/4cys-large/output/xyz_files/5pxz_ZN_homo_d2.60_cluster2.xyz,1.65
5pxz,5,homo,1,ZN,ZN,B,902,,ZN,,1.0,4,TD,4S,4.222298662969251,7.547156768076121,0.04416463973953926,0.11902667228274799,1.2573465605515868,1.615950388722782,No,No,No,No,,,,data/4cys-large/output/xyz_files/5pxz_ZN_homo_d2.60_cluster5.xyz,1.65
5py0,2,homo,1,ZN,ZN,A,902,,ZN,,1.0,4,TD,4S,5.149542114932873,8.865580166860624,0.04978665120681396,0.1206555470425279,1.2453126535734764,1.5785179666512934,No,No,No,No,,,,data/4cys-large/output/xyz_files/5py0_ZN_homo_d2.60_cluster2.xyz,1.70
5py0,5,homo,1,ZN,ZN,B,902,,ZN,,1.0,4,TD,4S,4.026042926844822,6.877166053634568,0.06389692750041692,0.15918061837408937,1.2630535464904686,1.5674899803473408,No,No,No,No,,,,data/4cys-large/output/xyz_files/5py0_ZN_homo_d2.60_cluster5.xyz,1.70
5py1,2,homo,1,ZN,ZN,A,902,,ZN,,1.0,4,TD,4S,5.16437254185124,9.572155841038423,0.042629315641866034,0.10130025864052916,1.2404571793966948,1.810841913513305,No,No,No,No,,,,data/4cys-large/output/xyz_files/5py1_ZN_homo_d2.60_cluster2.xyz,1.74
5py1,5,homo,1,ZN,ZN,B,902,,ZN,,1.0,4,TD,4S,4.495462302978221,6.218539493140852,0.06798944685395002,0.17199140630710108,1.2571442550638408,1.72089532344142,No,No,No,No,,,,data/4cys-large/output/xyz_files/5py1_ZN_homo_d2.60_cluster5.xyz,1.74
5py2,2,homo,1,ZN,ZN,A,902,,ZN,,1.0,4,TD,4S,4.89754702548748,7.895814612721821,0.06295289641705694,0.17490679674299203,1.2454735260821155,2.022580463366557,No,No,No,No,,,,data/4cys-large/output/xyz_files/5py2_ZN_homo_d2.60_cluster2.xyz,1.62
5py2,5,homo,1,ZN,ZN,B,902,,ZN,,1.0,4,TD,4S,4.0584305144096575,6.9284064109398,0.049671289916517807,0.12713488320663702,1.2609924744595224,1.5584143680097882,No,No,No,No,,,,data/4cys-large/output/xyz_files/5py2_ZN_homo_d2.60_cluster5.xyz,1.62
5py3,2,homo,1,ZN,ZN,A,902,,ZN,,1.0,4,TD,4S,4.874750372322287,9.534556830623742,0.09144898559913285,0.23216707432971395,1.2368902939968418,1.8699654236585816,No,No,No,No,,,,data/4cys-large/output/xyz_files/5py3_ZN_homo_d2.60_cluster2.xyz,1.78
5py3,5,homo,1,ZN,ZN,B,902,,ZN,,1.0,4,TD,4S,4.435202314902057,6.45306811378822,0.07568211868086344,0.19569933224647684,1.2623127721363416,1.6302842453121142,No,No,No,No,,,,data/4cys-large/output/xyz_files/5py3_ZN_homo_d2.60_cluster5.xyz,1.78
5py4,2,homo,1,ZN,ZN,A,902,,ZN,,1.0,4,TD,4S,5.084637488422653,8.6498864852866,0.0337632462454276,0.09085573373137068,1.2663350850173845,1.6165525610526756,No,No,No,No,,,,data/4cys-large/output/xyz_files/5py4_ZN_homo_d2.60_cluster2.xyz,1.67
5py4,5,homo,1,ZN,ZN,B,902,,ZN,,1.0,4,TD,4S,4.73874740152117,7.4791860268028785,0.06031363839331019,0.15377851340013393,1.256903423193485,1.5350873033652075,No,No,No,No,,,,data/4cys-large/output/xyz_files/5py4_ZN_homo_d2.60_cluster5.xyz,1.67
5py5,2,homo,1,ZN,ZN,A,902,,ZN,,1.0,4,TD,4S,5.42441481005445,7.966233761083899,0.03497570653716122,0.09144238189103193,1.2614466324965274,1.4617641439946976,No,No,No,No,,,,data/4cys-large/output/xyz_files/5py5_ZN_homo_d2.60_cluster2.xyz,1.44
5py5,5,homo,1,ZN,ZN,B,902,,ZN,,1.0,4,TD,4S,4.505325593842706,7.393000014590513,0.02268318948452877,0.05889916327369615,1.2590247188014794,1.694879502580834,No,No,No,No,,,,data/4cys-large/output/xyz_files/5py5_ZN_homo_d2.60_cluster5.xyz,1.44
5py6,2,homo,1,ZN,ZN,A,902,,ZN,,1.0,4,TD,4S,5.546647419362489,10.265932531591176,0.06486559765495842,0.1450837923594368,1.229144674062016,1.4840719528128852,No,No,No,No,,,,data/4cys-large/output/xyz_files/5py6_ZN_homo_d2.60_cluster2.xyz,1.74
5py6,5,homo,1,ZN,ZN,B,902,,ZN,,1.0,4,TD,4S,4.170079580364323,7.054840211215193,0.08682429981048692,0.23505424961706956,1.2432522313565708,1.7432878383619748,No,No,No,No,,,,data/4cys-large/output/xyz_files/5py6_ZN_homo_d2.60_cluster5.xyz,1.74
5py7,2,homo,1,ZN,ZN,A,902,,ZN,,1.0,4,TD,4S,4.9093784205070286,8.433051246045494,0.046962023425807936,0.10811725627774704,1.2517365119366128,1.5358583367339371,No,No,No,No,,,,data/4cys-large/output/xyz_files/5py7_ZN_homo_d2.60_cluster2.xyz,1.68
5py7,5,homo,1,ZN,ZN,B,902,,ZN,,1.0,4,TD,4S,3.817446561250979,6.858188613785302,0.047803835740444764,0.13052149470618213,1.2624264275703354,1.609814737896486,No,No,No,No,,,,data/4cys-large/output/xyz_files/5py7_ZN_homo_d2.60_cluster5.xyz,1.68
5py8,2,homo,1,ZN,ZN,A,902,,ZN,,1.0,4,TD,4S,5.128037844599748,7.031125455326915,0.05666071843706212,0.14584816783431043,1.2344472711634742,1.3773680840245408,No,No,No,No,,,,data/4cys-large/output/xyz_files/5py8_ZN_homo_d2.60_cluster2.xyz,1.66
5py8,5,homo,1,ZN,ZN,B,902,,ZN,,1.0,4,TD,4S,4.189628970316312,6.007245078002327,0.07346355464789384,0.20697527544722005,1.2257346812925296,1.6320837130908696,No,No,No,No,,,,data/4cys-large/output/xyz_files/5py8_ZN_homo_d2.60_cluster5.xyz,1.66
5py9,2,homo,1,ZN,ZN,A,902,,ZN,,1.0,4,TD,4S,4.736674263184448,8.692084093989024,0.08234151229687219,0.19541656746620584,1.2566591803388163,1.9234709618368955,No,No,No,No,,,,data/4cys-large/output/xyz_files/5py9_ZN_homo_d2.60_cluster2.xyz,1.73
5py9,5,homo,1,ZN,ZN,B,902,,ZN,,1.0,4,TD,4S,4.781775018965528,6.598820500006553,0.07374530678490367,0.19419558084658828,1.2671941242390687,1.4700612756140279,No,No,No,No,,,,data/4cys-large/output/xyz_files/5py9_ZN_homo_d2.60_cluster5.xyz,1.73
5pya,2,homo,1,ZN,ZN,A,902,,ZN,,1.0,4,TD,4S,5.1774490037604854,8.71349392753396,0.05741300326175904,0.13680190680293958,1.2512172772293375,2.086449521834379,No,No,No,No,,,,data/4cys-large/output/xyz_files/5pya_ZN_homo_d2.60_cluster2.xyz,1.55
5pya,5,homo,1,ZN,ZN,B,902,,ZN,,1.0,4,TD,4S,4.324548664243061,7.16759643433997,0.04736577720562004,0.12605182585007535,1.25717403717391,1.493054904516262,No,No,No,No,,,,data/4cys-large/output/xyz_files/5pya_ZN_homo_d2.60_cluster5.xyz,1.55
5pyb,2,homo,1,ZN,ZN,A,902,,ZN,,1.0,4,TD,4S,5.099656334873901,9.423209253644757,0.066040495456372,0.1441915973025747,1.255797318548737,1.6107482616404547,No,No,No,No,,,,data/4cys-large/output/xyz_files/5pyb_ZN_homo_d2.60_cluster2.xyz,1.74
5pyb,5,homo,1,ZN,ZN,B,902,,ZN,,1.0,4,TD,4S,3.2542024559303506,5.771602435998588,0.0774338304751071,0.20170902889595865,1.2626663171355077,1.7840664440346174,No,No,No,No,,,,data/4cys-large/output/xyz_files/5pyb_ZN_homo_d2.60_cluster5.xyz,1.74
5pyc,2,homo,1,ZN,ZN,A,902,,ZN,,1.0,4,TD,4S,5.120122428473227,10.32968482627902,0.09733670169034425,0.25497274571818673,1.2226805572629231,1.4260748003867272,No,No,No,No,,,,data/4cys-large/output/xyz_files/5pyc_ZN_homo_d2.60_cluster2.xyz,1.87
5pyc,5,homo,1,ZN,ZN,B,902,,ZN,,1.0,4,TD,4S,3.1782100087647662,5.221420551752715,0.09931041554033433,0.27088235261016624,1.2561497241671369,1.904062002157696,No,No,No,No,,,,data/4cys-large/output/xyz_files/5pyc_ZN_homo_d2.60_cluster5.xyz,1.87
5pye,2,homo,1,ZN,ZN,A,902,,ZN,,1.0,4,TD,4S,4.936535695620822,9.684239167177722,0.08862347135537883,0.21135743940162444,1.240245980428392,1.4575773878611484,No,No,No,No,,,,data/4cys-large/output/xyz_files/5pye_ZN_homo_d2.60_cluster2.xyz,1.81
5pye,5,homo,1,ZN,ZN,B,902,,ZN,,1.0,4,TD,4S,3.630171716718622,6.214356153272277,0.07592734453538821,0.20468088018242225,1.2491412385807632,1.6023766291118726,No,No,No,No,,,,data/4cys-large/output/xyz_files/5pye_ZN_homo_d2.60_cluster5.xyz,1.81
5pyf,2,homo,1,ZN,ZN,A,902,,ZN,,1.0,4,TD,4S,5.133850112271642,9.989221693275098,0.09106892534654833,0.22228401375381468,1.2279369121078025,1.3956327861224609,No,No,No,No,,,,data/4cys-large/output/xyz_files/5pyf_ZN_homo_d2.60_cluster2.xyz,1.83
5pyf,5,homo,1,ZN,ZN,B,902,,ZN,,1.0,4,TD,4S,3.7662718019684442,5.2111823541670645,0.08443964750263537,0.21871670719395997,1.261790384128667,1.6953557455110837,No,No,No,No,,,,data/4cys-large/output/xyz_files/5pyf_ZN_homo_d2.60_cluster5.xyz,1.83
5pyg,2,homo,1,ZN,ZN,A,902,,ZN,,1.0,4,TD,4S,5.64023523480228,10.18667313090576,0.10457154594261518,0.25161560590211396,1.193248683829328,1.3215229401500483,No,No,No,No,,,,data/4cys-large/output/xyz_files/5pyg_ZN_homo_d2.60_cluster2.xyz,1.95
5pyg,5,homo,1,ZN,ZN,B,902,,ZN,,1.0,4,TD,4S,3.419392701452784,5.639495617781932,0.10103411546064749,0.2549310914978711,1.2466775053754018,1.772747366017319,No,No,No,No,,,,data/4cys-large/output/xyz_files/5pyg_ZN_homo_d2.60_cluster5.xyz,1.95
5pyh,2,homo,1,ZN,ZN,A,902,,ZN,,1.0,4,TD,4S,5.223661333364979,9.730348168904598,0.053758183845297576,0.1291516839297988,1.2294554561673192,1.8869275985547262,No,No,No,No,,,,data/4cys-large/output/xyz_files/5pyh_ZN_homo_d2.60_cluster2.xyz,1.74
5pyh,5,homo,1,ZN,ZN,B,902,,ZN,,1.0,4,TD,4S,4.291583078231162,6.593420059286132,0.09686820597930564,0.23870694082013655,1.2451307787011465,1.6920862532569185,No,No,No,No,,,,data/4cys-large/output/xyz_files/5pyh_ZN_homo_d2.60_cluster5.xyz,1.74
5pyj,2,homo,1,ZN,ZN,A,902,,ZN,,1.0,4,TD,4S,5.816931478414428,10.97238361364181,0.09715459079444111,0.24948633814080923,1.234148564307379,1.7570100524815802,No,No,No,No,,,,data/4cys-large/output/xyz_files/5pyj_ZN_homo_d2.60_cluster2.xyz,1.97
5pyj,5,homo,1,ZN,ZN,B,902,,ZN,,1.0,4,TD,4S,2.398973895833207,3.6958517260136716,0.06453335686856243,0.16111033376103068,1.2890027173452503,1.96122597818579,No,No,No,No,,,,data/4cys-large/output/xyz_files/5pyj_ZN_homo_d2.60_cluster5.xyz,1.97
5pyk,2,homo,1,ZN,ZN,A,902,,ZN,,1.0,4,TD,4S,6.71747429034736,14.526255152704081,0.10580799549109564,0.2879450766431302,1.1821646459409763,1.3746689620186379,No,No,No,No,,,,data/4cys-large/output/xyz_files/5pyk_ZN_homo_d2.60_cluster2.xyz,1.88
5pyk,5,homo,1,ZN,ZN,B,902,,ZN,,1.0,4,TD,4S,4.220936221816232,8.909981428218444,0.09267231612217046,0.23136384003102783,1.2115017507712498,2.0864450617120736,No,No,No,No,,,,data/4cys-large/output/xyz_files/5pyk_ZN_homo_d2.60_cluster5.xyz,1.88
5pyl,2,homo,1,ZN,ZN,A,902,,ZN,,1.0,4,TD,4S,5.384659555714224,8.180255580758725,0.05667526629019323,0.1390881189139881,1.2556513903378337,1.732254626363133,No,No,No,No,,,,data/4cys-large/output/xyz_files/5pyl_ZN_homo_d2.60_cluster2.xyz,1.53
5pyl,5,homo,1,ZN,ZN,B,902,,ZN,,1.0,4,TD,4S,4.153577928082486,7.647457925388892,0.023434130318285954,0.059489202049935574,1.2652093937312547,1.5101459618891453,No,No,No,No,,,,data/4cys-large/output/xyz_files/5pyl_ZN_homo_d2.60_cluster5.xyz,1.53
5pym,2,homo,1,ZN,ZN,A,902,,ZN,,1.0,4,TD,4S,5.025890850025317,8.80462536403509,0.06988818230498374,0.15405667493079322,1.243843537053488,1.9044279312403967,No,No,No,No,,,,data/4cys-large/output/xyz_files/5pym_ZN_homo_d2.60_cluster2.xyz,1.70
5pym,5,homo,1,ZN,ZN,B,902,,ZN,,1.0,4,TD,4S,4.140715294355834,7.366468842756163,0.07431896120669548,0.18432656867235808,1.2480590836593106,1.6290113121717247,No,No,No,No,,,,data/4cys-large/output/xyz_files/5pym_ZN_homo_d2.60_cluster5.xyz,1.70
5pyn,2,homo,1,ZN,ZN,A,902,,ZN,,1.0,4,TD,4S,5.120821777194469,9.145183729323307,0.11535948866921544,0.2624032112580599,1.2087107018727683,1.8781805631772173,No,No,No,No,,,,data/4cys-large/output/xyz_files/5pyn_ZN_homo_d2.60_cluster2.xyz,1.89
5pyn,5,homo,1,ZN,ZN,B,902,,ZN,,1.0,4,TD,4S,3.679517912730776,6.401380335552062,0.09509372043846687,0.2335464721603535,1.225925594516436,1.8278854666800288,No,No,No,No,,,,data/4cys-large/output/xyz_files/5pyn_ZN_homo_d2.60_cluster5.xyz,1.89
5pyo,2,homo,1,ZN,ZN,A,902,,ZN,,1.0,4,TD,4S,5.328280174473782,10.445851318186811,0.09019399454297211,0.24105581988066582,1.2282013845384667,1.5586778878830707,No,No,No,No,,,,data/4cys-large/output/xyz_files/5pyo_ZN_homo_d2.60_cluster2.xyz,1.67
5pyo,5,homo,1,ZN,ZN,B,902,,ZN,,1.0,4,TD,4S,4.334021634999521,7.487891443518507,0.09463777579979007,0.22804992557428339,1.2446151421929412,1.7611142706838339,No,No,No,No,,,,data/4cys-large/output/xyz_files/5pyo_ZN_homo_d2.60_cluster5.xyz,1.67
5pyp,2,homo,1,ZN,ZN,A,902,,ZN,,1.0,4,TD,4S,5.213584609664931,8.870366767454101,0.05411359356594951,0.14682178077921293,1.2427268938645895,1.8538285265636334,No,No,No,No,,,,data/4cys-large/output/xyz_files/5pyp_ZN_homo_d2.60_cluster2.xyz,1.63
5pyp,5,homo,1,ZN,ZN,B,902,,ZN,,1.0,4,TD,4S,3.8502283412980733,7.0680487781213515,0.05724830714848013,0.13380093723591635,1.256767588949996,1.498864350109517,No,No,No,No,,,,data/4cys-large/output/xyz_files/5pyp_ZN_homo_d2.60_cluster5.xyz,1.63
5pyq,2,homo,1,ZN,ZN,A,902,,ZN,,1.0,4,TD,4S,6.571213475297006,13.667029313261978,0.08193176728852747,0.18220333554402313,1.2231669308691664,1.8626238063458316,No,No,No,No,,,,data/4cys-large/output/xyz_files/5pyq_ZN_homo_d2.60_cluster2.xyz,1.97
5pyq,5,homo,1,ZN,ZN,B,902,,ZN,,1.0,4,TD,4S,3.137885359448773,5.43448231905009,0.08680811697561817,0.2366558384978883,1.2865161527956677,1.7871873033074874,No,No,No,No,,,,data/4cys-large/output/xyz_files/5pyq_ZN_homo_d2.60_cluster5.xyz,1.97
5pyr,2,homo,1,ZN,ZN,A,902,,ZN,,1.0,4,TD,4S,5.2379521885657745,11.09586067896906,0.11617830633355933,0.2788066020180562,1.2230123217532067,1.629589999532289,No,No,No,No,,,,data/4cys-large/output/xyz_files/5pyr_ZN_homo_d2.60_cluster2.xyz,1.94
5pyr,5,homo,1,ZN,ZN,B,902,,ZN,,1.0,4,TD,4S,3.793895403274488,6.432960590482054,0.07078998724634396,0.1880518918937586,1.2531805453019087,1.7016582151453032,No,No,No,No,,,,data/4cys-large/output/xyz_files/5pyr_ZN_homo_d2.60_cluster5.xyz,1.94
5pyu,2,homo,1,ZN,ZN,A,902,,ZN,,1.0,4,TD,4S,4.8484965195517935,8.21559510916569,0.07714743687553156,0.18039753242535594,1.235807618840002,2.067511084998837,No,No,No,No,,,,data/4cys-large/output/xyz_files/5pyu_ZN_homo_d2.60_cluster2.xyz,1.74
5pyu,5,homo,1,ZN,ZN,B,902,,ZN,,1.0,4,TD,4S,4.349467742004144,6.5652893937991905,0.08324168691888266,0.1975619588292421,1.2561535852190149,1.5314034606645117,No,No,No,No,,,,data/4cys-large/output/xyz_files/5pyu_ZN_homo_d2.60_cluster5.xyz,1.74
5pyv,2,homo,1,ZN,ZN,A,902,,ZN,,1.0,4,TD,4S,6.071694020471562,12.974497228815636,0.11788808699364252,0.2764879871238546,1.195422177356076,1.435849925832092,No,No,No,No,,,,data/4cys-large/output/xyz_files/5pyv_ZN_homo_d2.60_cluster2.xyz,1.94
5pyv,5,homo,1,ZN,ZN,B,902,,ZN,,1.0,4,TD,4S,4.002185067902814,5.877559093133769,0.08507437973283527,0.20630891690593067,1.251653262512169,1.5985802200970571,No,No,No,No,,,,data/4cys-large/output/xyz_files/5pyv_ZN_homo_d2.60_cluster5.xyz,1.94
5pyw,2,homo,1,ZN,ZN,A,902,,ZN,,1.0,4,TD,4S,5.067095822392924,7.839009975950873,0.04021038185020999,0.11199827068913226,1.2556821317730034,1.5751627081149868,No,No,No,No,,,,data/4cys-large/output/xyz_files/5pyw_ZN_homo_d2.60_cluster2.xyz,1.45
5pyw,5,homo,1,ZN,ZN,B,902,,ZN,,1.0,4,TD,4S,4.241415679069968,6.975255865164485,0.017002000346235703,0.03990059810772273,1.2622092269331735,1.6615379064042062,No,No,No,No,,,,data/4cys-large/output/xyz_files/5pyw_ZN_homo_d2.60_cluster5.xyz,1.45
5pyx,2,homo,1,ZN,ZN,A,902,,ZN,,1.0,4,TD,4S,4.862359311796806,8.376584216111766,0.033492592436668904,0.09056523548927631,1.2412547654966435,1.9340349626980968,No,No,No,No,,,,data/4cys-large/output/xyz_files/5pyx_ZN_homo_d2.60_cluster2.xyz,1.57
5pyx,5,homo,1,ZN,ZN,B,902,,ZN,,1.0,4,TD,4S,3.7997339591829506,7.2190752698900695,0.03346224477393525,0.09136104338238571,1.263550120657757,1.4519377206067836,No,No,No,No,,,,data/4cys-large/output/xyz_files/5pyx_ZN_homo_d2.60_cluster5.xyz,1.57
5pyy,2,homo,1,ZN,ZN,A,902,,ZN,,1.0,4,TD,4S,5.1388035463840485,8.542984945475354,0.06224745906654426,0.14383122039842755,1.2443128235203829,1.9413888888808488,No,No,No,No,,,,data/4cys-large/output/xyz_files/5pyy_ZN_homo_d2.60_cluster2.xyz,1.64
5pyy,5,homo,1,ZN,ZN,B,902,,ZN,,1.0,4,TD,4S,4.240544904347192,6.855311273067613,0.05846545025773727,0.14505585069307658,1.256317530240629,1.572909771802994,No,No,No,No,,,,data/4cys-large/output/xyz_files/5pyy_ZN_homo_d2.60_cluster5.xyz,1.64
5pyz,2,homo,1,ZN,ZN,A,902,,ZN,,1.0,4,TD,4S,5.116763464877791,8.853173291874384,0.050443076943596864,0.12242631608149468,1.2309522748330772,1.9577622961495835,No,No,No,No,,,,data/4cys-large/output/xyz_files/5pyz_ZN_homo_d2.60_cluster2.xyz,1.59
5pyz,5,homo,1,ZN,ZN,B,902,,ZN,,1.0,4,TD,4S,4.142372626400512,7.987248655845448,0.03591178537501552,0.08763620292275709,1.251083277722103,1.5070713720369917,No,No,No,No,,,,data/4cys-large/output/xyz_files/5pyz_ZN_homo_d2.60_cluster5.xyz,1.59
5pz2,2,homo,1,ZN,ZN,A,902,,ZN,,1.0,4,TD,4S,4.466867488205092,8.702884963955938,0.12460604750928705,0.3193703804419532,1.2279464173482286,1.91745313950544,No,No,No,No,,,,data/4cys-large/output/xyz_files/5pz2_ZN_homo_d2.60_cluster2.xyz,1.88
5pz2,5,homo,1,ZN,ZN,B,902,,ZN,,1.0,4,TD,4S,3.79335354676566,5.235996047078217,0.10630488276027607,0.2848041480239396,1.247313697421034,1.7536944524690699,No,No,No,No,,,,data/4cys-large/output/xyz_files/5pz2_ZN_homo_d2.60_cluster5.xyz,1.88
5pz3,2,homo,1,ZN,ZN,A,902,,ZN,,1.0,4,TD,4S,5.564460231334892,11.327033300650527,0.07651387771236606,0.19838370968954733,1.2406716052415279,1.4989715035056341,No,No,No,No,,,,data/4cys-large/output/xyz_files/5pz3_ZN_homo_d2.60_cluster2.xyz,1.93
5pz3,5,homo,1,ZN,ZN,B,902,,ZN,,1.0,4,TD,4S,3.8601278384513105,5.601248916802973,0.0704718532345461,0.16676664928067586,1.262440916471439,1.5211753499600493,No,No,No,No,,,,data/4cys-large/output/xyz_files/5pz3_ZN_homo_d2.60_cluster5.xyz,1.93
5pz4,2,homo,1,ZN,ZN,A,902,,ZN,,1.0,4,TD,4S,4.8745112286660435,9.595696586940917,0.098457967273895,0.26656810705825595,1.2229122382427113,1.6640820729138677,No,No,No,No,,,,data/4cys-large/output/xyz_files/5pz4_ZN_homo_d2.60_cluster2.xyz,1.94
5pz4,5,homo,1,ZN,ZN,B,902,,ZN,,1.0,4,TD,4S,3.2952409813752497,4.788313991877018,0.09077332180078679,0.2243141790958174,1.2762598478425733,1.7572229112342457,No,No,No,No,,,,data/4cys-large/output/xyz_files/5pz4_ZN_homo_d2.60_cluster5.xyz,1.94
5pz6,2,homo,1,ZN,ZN,A,902,,ZN,,1.0,4,TD,4S,4.765879028876613,9.651122289822652,0.11703306847068759,0.2931611154911349,1.2189538328158427,1.8802174451542648,No,No,No,No,,,,data/4cys-large/output/xyz_files/5pz6_ZN_homo_d2.60_cluster2.xyz,1.87
5pz6,5,homo,1,ZN,ZN,B,902,,ZN,,1.0,4,TD,4S,3.32078572402023,4.98211837334938,0.0860754162491684,0.20677187869566271,1.2623840229270722,1.726664648999548,No,No,No,No,,,,data/4cys-large/output/xyz_files/5pz6_ZN_homo_d2.60_cluster5.xyz,1.87
5pz7,2,homo,1,ZN,ZN,A,902,,ZN,,1.0,4,TD,4S,5.549175854449765,8.950057150340228,0.04977103217887029,0.13088887485205047,1.2468723718184325,2.0624951520241304,No,No,No,No,,,,data/4cys-large/output/xyz_files/5pz7_ZN_homo_d2.60_cluster2.xyz,1.54
5pz7,5,homo,1,ZN,ZN,B,902,,ZN,,1.0,4,TD,4S,3.894409917619578,6.580248231416945,0.0405446321414712,0.10138006955809198,1.2668929575453505,1.5516031542843685,No,No,No,No,,,,data/4cys-large/output/xyz_files/5pz7_ZN_homo_d2.60_cluster5.xyz,1.54
5pz8,2,homo,1,ZN,ZN,A,902,,ZN,,1.0,4,TD,4S,5.378562465488745,8.740801301398207,0.04140225629599381,0.11097468514991382,1.259190664874343,1.5718913827229841,No,No,No,No,,,,data/4cys-large/output/xyz_files/5pz8_ZN_homo_d2.60_cluster2.xyz,1.52
5pz8,5,homo,1,ZN,ZN,B,902,,ZN,,1.0,4,TD,4S,4.26889938210272,7.6755700310661155,0.02166828706735981,0.06007027094442785,1.2593908232427722,1.5342267364243736,No,No,No,No,,,,data/4cys-large/output/xyz_files/5pz8_ZN_homo_d2.60_cluster5.xyz,1.52
5pza,2,homo,1,ZN,ZN,A,902,,ZN,,1.0,4,TD,4S,5.278839083891908,9.405463984037198,0.021530000859633018,0.05587843280809768,1.257247517287612,1.9077729333724676,No,No,No,No,,,,data/4cys-large/output/xyz_files/5pza_ZN_homo_d2.60_cluster2.xyz,1.59
5pza,5,homo,1,ZN,ZN,B,902,,ZN,,1.0,4,TD,4S,4.049916567752632,7.465882349306327,0.043417595417447365,0.1054236633359471,1.2649217195468239,1.5443134131081333,No,No,No,No,,,,data/4cys-large/output/xyz_files/5pza_ZN_homo_d2.60_cluster5.xyz,1.59
5pzc,2,homo,1,ZN,ZN,A,902,,ZN,,1.0,4,TD,4S,5.597930682008659,10.025221201115201,0.05281713200798727,0.147606671178095,1.2258276579715122,1.978388405310626,No,No,No,No,,,,data/4cys-large/output/xyz_files/5pzc_ZN_homo_d2.60_cluster2.xyz,1.61
5pzc,5,homo,1,ZN,ZN,B,902,,ZN,,1.0,4,TD,4S,4.19165546036302,7.876623665437464,0.04190638954341624,0.11049675926677294,1.2600722765780668,1.5400579098042009,No,No,No,No,,,,data/4cys-large/output/xyz_files/5pzc_ZN_homo_d2.60_cluster5.xyz,1.61
5pzd,2,homo,1,ZN,ZN,A,902,,ZN,,1.0,4,TD,4S,4.539752442173872,8.693990908034806,0.08256521250810019,0.18151852086675158,1.2440190467970504,1.634547571848761,No,No,No,No,,,,data/4cys-large/output/xyz_files/5pzd_ZN_homo_d2.60_cluster2.xyz,1.74
5pzd,5,homo,1,ZN,ZN,B,902,,ZN,,1.0,4,TD,4S,3.564098509179462,5.27895919164294,0.08561781149122917,0.21104194719518254,1.2716972421547548,1.7820680026953521,No,No,No,No,,,,data/4cys-large/output/xyz_files/5pzd_ZN_homo_d2.60_cluster5.xyz,1.74
5pze,2,homo,1,ZN,ZN,A,902,,ZN,,1.0,4,TD,4S,4.535796624720009,8.54913610629643,0.09588004505604296,0.250777429847278,1.2336854846468297,1.9096791204426347,No,No,No,No,,,,data/4cys-large/output/xyz_files/5pze_ZN_homo_d2.60_cluster2.xyz,1.82
5pze,5,homo,1,ZN,ZN,B,902,,ZN,,1.0,4,TD,4S,4.493241281927628,6.893454554319163,0.07621304330067649,0.19045342347478966,1.2504850554641898,1.6273777319938891,No,No,No,No,,,,data/4cys-large/output/xyz_files/5pze_ZN_homo_d2.60_cluster5.xyz,1.82
5pzf,2,homo,1,ZN,ZN,A,902,,ZN,,1.0,4,TD,4S,4.8869720776128265,8.960039944985553,0.08863317311629901,0.2043692236147745,1.2330753091271907,1.79733028732921,No,No,No,No,,,,data/4cys-large/output/xyz_files/5pzf_ZN_homo_d2.60_cluster2.xyz,1.84
5pzf,5,homo,1,ZN,ZN,B,902,,ZN,,1.0,4,TD,4S,4.181287182510044,7.371339238084559,0.0920831081412226,0.2221689561012954,1.246160684893147,1.8352017065861648,No,No,No,No,,,,data/4cys-large/output/xyz_files/5pzf_ZN_homo_d2.60_cluster5.xyz,1.84
5pzg,2,homo,1,ZN,ZN,A,902,,ZN,,1.0,4,TD,4S,4.849663186225493,9.89432507355393,0.0779965817714236,0.19752900526784645,1.2538748161681523,1.6445664750466955,No,No,No,No,,,,data/4cys-large/output/xyz_files/5pzg_ZN_homo_d2.60_cluster2.xyz,1.88
5pzg,5,homo,1,ZN,ZN,B,902,,ZN,,1.0,4,TD,4S,3.619090599524246,5.360452662402096,0.09189347282897387,0.24455155209438573,1.2495231731287908,1.6987691761460306,No,No,No,No,,,,data/4cys-large/output/xyz_files/5pzg_ZN_homo_d2.60_cluster5.xyz,1.88
5pzh,2,homo,1,ZN,ZN,A,902,,ZN,,1.0,4,TD,4S,4.819418541070756,8.904997364062197,0.05673333796733651,0.13022863194087853,1.2681096153689317,1.7393696595930501,No,No,No,No,,,,data/4cys-large/output/xyz_files/5pzh_ZN_homo_d2.60_cluster2.xyz,1.63
5pzh,5,homo,1,ZN,ZN,B,902,,ZN,,1.0,4,TD,4S,3.784757755437268,6.343467509257636,0.06461528661748983,0.15900796960586927,1.273089707283526,1.8065198754888132,No,No,No,No,,,,data/4cys-large/output/xyz_files/5pzh_ZN_homo_d2.60_cluster5.xyz,1.63
5pzi,2,homo,1,ZN,ZN,A,902,,ZN,,1.0,4,TD,4S,4.296883401619469,7.762457010824278,0.06056850451066966,0.14539629916717622,1.2464192244424477,1.8011504586986,No,No,No,No,,,,data/4cys-large/output/xyz_files/5pzi_ZN_homo_d2.60_cluster2.xyz,1.62
5pzi,5,homo,1,ZN,ZN,B,902,,ZN,,1.0,4,TD,4S,3.7948120816676227,6.913680886267244,0.06454037132057922,0.16127117126369894,1.2627062293375877,1.6361017697612308,No,No,No,No,,,,data/4cys-large/output/xyz_files/5pzi_ZN_homo_d2.60_cluster5.xyz,1.62
5pzj,2,homo,1,ZN,ZN,A,902,,ZN,,1.0,4,TD,4S,4.914324187337515,8.092858816189974,0.09741530104769128,0.21473993870946062,1.2326102627410047,2.078887709853777,No,No,No,No,,,,data/4cys-large/output/xyz_files/5pzj_ZN_homo_d2.60_cluster2.xyz,1.72
5pzj,5,homo,1,ZN,ZN,B,902,,ZN,,1.0,4,TD,4S,3.978291593247057,6.6058174862570525,0.06932879178823168,0.1817109093628284,1.2546490864591135,1.62281970707386,No,No,No,No,,,,data/4cys-large/output/xyz_files/5pzj_ZN_homo_d2.60_cluster5.xyz,1.72
5rl6,3,homo,1,ZN,ZN,A,703,,ZN,,1.0,4,TD,4S,10.913956336544997,16.939076243725182,0.12529245240105522,0.317502497175711,1.1858045161122674,1.5375847159405787,No,No,No,No,,,,data/4cys-large/output/xyz_files/5rl6_ZN_homo_d2.60_cluster3.xyz,1.92
5rl6,5,homo,1,ZN,ZN,B,703,,ZN,,1.0,4,TD_d,4S,12.279384430766399,21.872760643540175,0.27435894289143486,0.6745958170090973,1.1474043974137356,1.7480531649806914,No,No,Yes,No,,,,data/4cys-large/output/xyz_files/5rl6_ZN_homo_d2.60_cluster5.xyz,1.92
5rl7,2,homo,1,ZN,ZN,B,703,,ZN,,1.0,4,TD_d,4S,16.53854135996853,28.924864804384725,0.3136914475463193,0.781988839768391,1.0524880461310095,1.8092718661972174,No,No,Yes,No,,,,data/4cys-large/output/xyz_files/5rl7_ZN_homo_d2.60_cluster2.xyz,1.89
5rl7,6,homo,1,ZN,ZN,A,704,,ZN,,1.0,4,TD_d,4S,19.45979416668002,32.11530246336004,0.27424657397370117,0.7072885935920312,1.1415370644137375,1.6328840841004364,No,No,Yes,No,,,,data/4cys-large/output/xyz_files/5rl7_ZN_homo_d2.60_cluster6.xyz,1.89
5rl9,3,homo,1,ZN,ZN,A,703,,ZN,,1.0,4,TD,4S,8.31452026867014,12.025796412442375,0.04347116051122505,0.11396626870167692,1.2286957019912554,2.059611853214041,No,No,No,No,,,,data/4cys-large/output/xyz_files/5rl9_ZN_homo_d2.60_cluster3.xyz,1.79
5rl9,5,homo,1,ZN,ZN,B,703,,ZN,,1.0,4,TD_d,4S,12.131766650769995,23.878521774986908,0.3273843277813649,0.8512457171903827,1.2510480004162805,1.5901640578063354,No,No,Yes,No,,,,data/4cys-large/output/xyz_files/5rl9_ZN_homo_d2.60_cluster5.xyz,1.79
5rlb,3,homo,1,ZN,ZN,A,704,,ZN,,1.0,4,TD,4S,15.675436055309573,22.543992848696718,0.13087328484370012,0.31046479596035503,1.1446166129083366,1.6050770374235188,No,No,No,No,,,,data/4cys-large/output/xyz_files/5rlb_ZN_homo_d2.60_cluster3.xyz,1.98
5rlb,5,homo,1,ZN,ZN,B,702,,ZN,,1.0,4,TD_d,4S,15.84654110867673,28.568110807427132,0.3724017210562342,0.9811140307105695,1.215283999912305,1.551669028089873,No,No,Yes,No,,,,data/4cys-large/output/xyz_files/5rlb_ZN_homo_d2.60_cluster5.xyz,1.98
5rlc,3,homo,1,ZN,ZN,A,703,,ZN,,1.0,4,TD_d,4S,10.126916491837914,15.86099139194532,0.17127485334722325,0.4189978137058783,1.1572038570302317,1.3285482777172217,No,No,Yes,No,,,,data/4cys-large/output/xyz_files/5rlc_ZN_homo_d2.60_cluster3.xyz,1.92
5rlg,6,homo,1,ZN,ZN,A,703,,ZN,,1.0,4,TD,4S,19.586791294947595,30.527698478769395,0.11830726766708553,0.29010495451488616,1.0127322969631163,1.68307315855581,No,No,No,No,,,,data/4cys-large/output/xyz_files/5rlg_ZN_homo_d2.60_cluster6.xyz,1.96
5rlj,3,homo,1,ZN,ZN,A,703,,ZN,,1.0,4,TD,4S,12.452152447706672,17.69063602636524,0.14187498501395998,0.3854327199283918,1.1651470014497196,2.0156638938883216,No,No,No,No,,,,data/4cys-large/output/xyz_files/5rlj_ZN_homo_d2.60_cluster3.xyz,1.88
5rlk,3,homo,1,ZN,ZN,A,703,,ZN,,1.0,4,TD_d,4S,12.43821500143406,18.529460227134663,0.17972962693888478,0.4165513772852343,1.1866193229551603,2.0324193585574633,No,No,Yes,No,,,,data/4cys-large/output/xyz_files/5rlk_ZN_homo_d2.60_cluster3.xyz,1.96
5rlm,3,homo,1,ZN,ZN,A,703,,ZN,,1.0,4,TD,4S,14.041147335364052,20.566642275284536,0.14881300094063654,0.40549686068324053,1.1887627494443627,2.031569271465203,No,No,No,No,,,,data/4cys-large/output/xyz_files/5rlm_ZN_homo_d2.60_cluster3.xyz,1.86
5rlw,3,homo,1,ZN,ZN,A,704,,ZN,,1.0,4,TD_d,4S,11.549509672245447,21.392215689519773,0.16334161379188264,0.40552815846631374,1.2085955900286758,1.9659940543484498,No,No,Yes,No,,,,data/4cys-large/output/xyz_files/5rlw_ZN_homo_d2.60_cluster3.xyz,1.97
5rlz,6,homo,1,ZN,ZN,A,703,,ZN,,1.0,4,TD_d,4S,14.50746883375651,22.564111360123718,0.19465547531927993,0.5223160223497025,1.237011553709388,1.8716959031461902,No,No,Yes,No,,,,data/4cys-large/output/xyz_files/5rlz_ZN_homo_d2.60_cluster6.xyz,1.97
5rm0,3,homo,1,ZN,ZN,A,703,,ZN,,1.0,4,TD,4S,8.537595489001932,14.629861962047343,0.10372752848038833,0.2565613635555355,1.1465906384803297,1.9501784188985085,No,No,No,No,,,,data/4cys-large/output/xyz_files/5rm0_ZN_homo_d2.60_cluster3.xyz,1.91
5rm1,3,homo,1,ZN,ZN,A,703,,ZN,,1.0,4,TD,4S,10.288336331715957,17.980981982795242,0.06607843055893278,0.16675640891310373,1.1796191442172905,1.7895395030799106,No,No,No,No,,,,data/4cys-large/output/xyz_files/5rm1_ZN_homo_d2.60_cluster3.xyz,1.90
5rm1,5,homo,1,ZN,ZN,B,703,,ZN,,1.0,4,TD,4S,7.594224086661772,15.076362371180153,0.06493815334742681,0.16511460078987783,1.3231071030197266,1.9388234107993139,No,No,No,No,,,,data/4cys-large/output/xyz_files/5rm1_ZN_homo_d2.60_cluster5.xyz,1.90
5rm2,3,homo,1,ZN,ZN,A,703,,ZN,,1.0,4,TD_d,4S,15.953903339222396,22.558750519901338,0.20027385140128573,0.5158824615823647,1.229737940509487,1.8260013904157701,No,No,Yes,No,,,,data/4cys-large/output/xyz_files/5rm2_ZN_homo_d2.60_cluster3.xyz,1.82
5rm7,3,homo,1,ZN,ZN,A,703,,ZN,,1.0,4,TD_d,4S,17.202882415952512,28.53339163611699,0.21931154328128238,0.6013539595783319,1.172922258632917,2.017967202555301,No,No,Yes,No,,,,data/4cys-large/output/xyz_files/5rm7_ZN_homo_d2.60_cluster3.xyz,1.84
5rm7,5,homo,1,ZN,ZN,B,703,,ZN,,1.0,4,TD_d,4S,11.28909153401227,18.659582922355597,0.22734492076117468,0.6264378803579551,1.1582705307696863,1.6221863779799914,No,No,Yes,No,,,,data/4cys-large/output/xyz_files/5rm7_ZN_homo_d2.60_cluster5.xyz,1.84
5rma,3,homo,1,ZN,ZN,A,703,,ZN,,1.0,4,TD,4S,13.550999964005518,21.941079652745756,0.13829500305291656,0.3281972959060382,1.1886181149755621,1.9895485747330977,No,No,No,No,,,,data/4cys-large/output/xyz_files/5rma_ZN_homo_d2.60_cluster3.xyz,1.89
5rma,5,homo,1,ZN,ZN,B,703,,ZN,,1.0,4,TD_d,4S,11.713724541295448,20.96860036685804,0.2531891441392378,0.6229046302893435,1.2262681167837974,1.5503568029143662,No,No,Yes,No,,,,data/4cys-large/output/xyz_files/5rma_ZN_homo_d2.60_cluster5.xyz,1.89
5rmd,3,homo,1,ZN,ZN,A,704,,ZN,,1.0,4,TD,4S,10.98896073002782,16.149009736591196,0.11790296191865221,0.28463298704649986,1.1408639184127447,1.446756825664934,No,No,No,No,,,,data/4cys-large/output/xyz_files/5rmd_ZN_homo_d2.60_cluster3.xyz,1.92
5rmd,5,homo,1,ZN,ZN,B,703,,ZN,,1.0,4,TD_d,4S,15.533604502028245,25.19090248334139,0.2838145214518414,0.670816097677223,1.1763069877157961,1.8535061212090385,No,No,Yes,No,,,,data/4cys-large/output/xyz_files/5rmd_ZN_homo_d2.60_cluster5.xyz,1.92
5rob,2,homo,1,ZN,ZN,B,702,,ZN,,1.0,4,TD,4S,7.4423135188828455,13.190547554416227,0.12571713325745942,0.30911583515457597,1.2763918393119151,1.7955439353121143,No,No,No,No,,,,data/4cys-large/output/xyz_files/5rob_ZN_homo_d2.60_cluster2.xyz,1.87
5rob,6,homo,1,ZN,ZN,A,703,,ZN,,1.0,4,TD,4S,13.67864837560465,17.935036970630136,0.12434257591173493,0.3381700127213034,1.0146858406413062,1.2515860000483543,No,No,No,No,,,,data/4cys-large/output/xyz_files/5rob_ZN_homo_d2.60_cluster6.xyz,1.87
5sbg,1,homo,1,ZN,ZN,C,101,,ZN,,1.0,4,TD,4S,3.3231686784316463,5.335187959175897,0.0304052698373632,0.07911634768760623,1.2966409356690018,1.3895067979218743,No,No,No,No,,,,data/4cys-large/output/xyz_files/5sbg_ZN_homo_d2.60_cluster1.xyz,1.34
5svi,1,homo,1,ZN,ZN,A,501,,ZN,,0.69,4,TD,4S,3.4036019096662056,6.28334784442562,0.01603504546635154,0.03326943438471286,1.2961880190636232,2.0246878770280397,No,No,No,No,,,,data/4cys-large/output/xyz_files/5svi_ZN_homo_d2.60_cluster1.xyz,1.61
5svi,2,homo,1,ZN,ZN,B,100,,ZN,,0.73,4,TD,4S,3.0636817608133713,5.205388220803272,0.03604286547086809,0.08981527804611833,1.303234526765891,1.7902618137678161,No,No,No,No,,,,data/4cys-large/output/xyz_files/5svi_ZN_homo_d2.60_cluster2.xyz,1.61
5svx,1,homo,1,ZN,ZN,A,100,,ZN,,1.0,4,TD,4S,3.2001568977941965,5.697696410906147,0.02098584965067564,0.05706878685906158,1.296132027160646,1.8030929216798364,No,No,No,No,,,,data/4cys-large/output/xyz_files/5svx_ZN_homo_d2.60_cluster1.xyz,1.56
5svy,1,homo,1,ZN,ZN,A,502,,ZN,,0.87,4,TD,4S,2.944121181055788,5.568512984806844,0.01966898599902771,0.046917871090451424,1.3023944150603193,1.5115665151711832,No,No,No,No,,,,data/4cys-large/output/xyz_files/5svy_ZN_homo_d2.60_cluster1.xyz,1.05
5syb,1,homo,1,ZN,ZN,A,201,,ZN,,1.0,4,TD,4S,5.290509413454529,7.504280521092937,0.02702399007784332,0.07493568439784903,1.2501397029650156,1.713990634099538,No,No,No,No,,,,data/4cys-large/output/xyz_files/5syb_ZN_homo_d2.60_cluster1.xyz,1.82
5syb,2,homo,1,ZN,ZN,A,202,,ZN,,1.0,4,TD,4S,2.897112277463695,4.772590814260255,0.029597242305146494,0.07644638875225951,1.3001631822076514,1.4294778312533465,No,No,No,No,,,,data/4cys-large/output/xyz_files/5syb_ZN_homo_d2.60_cluster2.xyz,1.82
5syb,3,homo,1,ZN,ZN,A,203,,ZN,,1.0,4,TD,4S,5.92049123004805,8.490163882332837,0.03423274924167214,0.08783100910467923,1.2193820925682615,1.8514053237454653,No,No,No,No,,,,data/4cys-large/output/xyz_files/5syb_ZN_homo_d2.60_cluster3.xyz,1.82
5syb,4,homo,1,ZN,ZN,B,201,,ZN,,1.0,4,TD,4S,3.982790733578741,6.95760042595704,0.026279513061281994,0.07084785954102513,1.2754929592452695,1.7102619923805746,No,No,No,No,,,,data/4cys-large/output/xyz_files/5syb_ZN_homo_d2.60_cluster4.xyz,1.82
5syb,5,homo,1,ZN,ZN,B,202,,ZN,,1.0,4,TD,4S,3.3856110109650794,5.7020249214554894,0.0463440428340974,0.13048863476636496,1.2810518891098657,1.6344240002325647,No,No,No,No,,,,data/4cys-large/output/xyz_files/5syb_ZN_homo_d2.60_cluster5.xyz,1.82
5syb,6,homo,1,ZN,ZN,B,203,,ZN,,1.0,4,TD,4S,5.822889913741854,8.94959835239436,0.045221970407711205,0.1021805244970202,1.2299744533653116,1.7646064638745047,No,No,No,No,,,,data/4cys-large/output/xyz_files/5syb_ZN_homo_d2.60_cluster6.xyz,1.82
5szb,2,homo,1,ZN,ZN,A,402,,ZN,,1.0,4,TD,4S,2.5210454613343085,3.1808574269978322,0.01812234606008103,0.044866258809874715,1.291710023853824,2.013527155321236,No,No,No,No,,,,data/4cys-large/output/xyz_files/5szb_ZN_homo_d2.60_cluster2.xyz,1.20
5szb,4,homo,1,ZN,ZN,A,404,,ZN,,1.0,4,TD,4S,2.9801874875778736,4.560047867306054,0.014589307329368195,0.03724070365380161,1.2817623945591101,1.9521208101051801,No,No,No,No,,,,data/4cys-large/output/xyz_files/5szb_ZN_homo_d2.60_cluster4.xyz,1.20
5szc,2,homo,1,ZN,ZN,A,402,,ZN,,1.0,4,TD,4S,2.620427326734477,3.6565986323843447,0.0132240797601923,0.03399807845446645,1.2877264801504884,1.9884516659190634,No,No,No,No,,,,data/4cys-large/output/xyz_files/5szc_ZN_homo_d2.60_cluster2.xyz,1.19
5szc,4,homo,1,ZN,ZN,A,404,,ZN,,1.0,4,TD,4S,3.011038236827552,4.813916266255703,0.015448626125428943,0.04022948420601624,1.2774004191903197,1.9474769236571654,No,No,No,No,,,,data/4cys-large/output/xyz_files/5szc_ZN_homo_d2.60_cluster4.xyz,1.19
5t0k,1,homo,1,ZN,ZN,A,1300,,ZN,,1.0,4,TD,4S,5.808806845840345,10.895505983436905,0.03800005636582539,0.08722158135326152,1.2214603611826602,1.7488769432603024,No,No,No,No,,,,data/4cys-large/output/xyz_files/5t0k_ZN_homo_d2.60_cluster1.xyz,1.70
5t0k,2,homo,1,ZN,ZN,A,1301,,ZN,,1.0,4,TD,4S,3.0419964757184013,4.2847064418993455,0.0290205252682698,0.07300631809190561,1.2799765459238057,1.7404903468826716,No,No,No,No,,,,data/4cys-large/output/xyz_files/5t0k_ZN_homo_d2.60_cluster2.xyz,1.70
5t0k,3,homo,1,ZN,ZN,A,1302,,ZN,,1.0,4,TD,4S,3.041001664448581,6.0207390622597785,0.036690675059130345,0.09694963803615586,1.3176422988324314,2.115744256961224,No,No,No,No,,,,data/4cys-large/output/xyz_files/5t0k_ZN_homo_d2.60_cluster3.xyz,1.70
5t0k,4,homo,1,ZN,ZN,A,1303,,ZN,,1.0,4,TD,4S,4.20796427125848,6.6538253339292766,0.05627344677078766,0.14363481626005425,1.248038974319497,1.503041042502741,No,No,No,No,,,,data/4cys-large/output/xyz_files/5t0k_ZN_homo_d2.60_cluster4.xyz,1.70
5t0k,5,homo,1,ZN,ZN,B,1300,,ZN,,1.0,4,TD,4S,3.535771294272394,5.571032801453342,0.02313117131890137,0.05494706324291032,1.309459792476204,1.9723083075658618,No,No,No,No,,,,data/4cys-large/output/xyz_files/5t0k_ZN_homo_d2.60_cluster5.xyz,1.70
5t0k,6,homo,1,ZN,ZN,B,1301,,ZN,,1.0,4,TD,4S,5.777223550737689,10.691225042872603,0.04773660919398519,0.13497919571102335,1.2350439538939801,1.7144824684033608,No,No,No,No,,,,data/4cys-large/output/xyz_files/5t0k_ZN_homo_d2.60_cluster6.xyz,1.70
5t0k,7,homo,1,ZN,ZN,B,1302,,ZN,,1.0,4,TD,4S,4.482804666735069,6.972558586679867,0.025310394657626877,0.06591505145121523,1.2643443372400704,1.625756921430426,No,No,No,No,,,,data/4cys-large/output/xyz_files/5t0k_ZN_homo_d2.60_cluster7.xyz,1.70
5t0k,8,homo,1,ZN,ZN,B,1303,,ZN,,1.0,4,TD,4S,3.7593496009226453,5.85591501890957,0.051347512451794426,0.13393461831882725,1.2708155868279083,1.579791959137722,No,No,No,No,,,,data/4cys-large/output/xyz_files/5t0k_ZN_homo_d2.60_cluster8.xyz,1.70
5t0m,1,homo,1,ZN,ZN,A,1201,,ZN,,1.0,4,TD,4S,5.940857475931581,10.957938675260763,0.07524431725301728,0.17180296451070598,1.1940083377364126,1.7747019163223898,No,No,No,No,,,,data/4cys-large/output/xyz_files/5t0m_ZN_homo_d2.60_cluster1.xyz,1.90
5t0m,2,homo,1,ZN,ZN,A,1202,,ZN,,1.0,4,TD,4S,2.739718528876565,4.048081556803993,0.07157913754815462,0.17685678341292332,1.2912137279195934,2.090799941308373,No,No,No,No,,,,data/4cys-large/output/xyz_files/5t0m_ZN_homo_d2.60_cluster2.xyz,1.90
5t0m,3,homo,1,ZN,ZN,A,1203,,ZN,,1.0,4,TD,4S,4.161181426712939,7.63183176046671,0.027517859081438188,0.07134723031248358,1.308426966887442,2.206353210341067,No,No,No,No,,,,data/4cys-large/output/xyz_files/5t0m_ZN_homo_d2.60_cluster3.xyz,1.90
5t0m,4,homo,1,ZN,ZN,A,1204,,ZN,,1.0,4,TD,4S,2.926373571777039,5.128234152428959,0.144087293247465,0.3724448753681857,1.2844649395601246,1.7588027934468897,No,No,No,No,,,,data/4cys-large/output/xyz_files/5t0m_ZN_homo_d2.60_cluster4.xyz,1.90
5t0m,5,homo,1,ZN,ZN,B,1201,,ZN,,1.0,4,TD,4S,7.534991018922019,12.182802276478157,0.07430660217079542,0.1920085977835062,1.185823877655416,1.7651414517152704,No,No,No,No,,,,data/4cys-large/output/xyz_files/5t0m_ZN_homo_d2.60_cluster5.xyz,1.90
5t0m,6,homo,1,ZN,ZN,B,1202,,ZN,,1.0,4,TD,4S,6.952908064687084,14.647621356152257,0.09407081333575006,0.2514468044468092,1.214430246854071,1.5865053295060936,No,No,No,No,,,,data/4cys-large/output/xyz_files/5t0m_ZN_homo_d2.60_cluster6.xyz,1.90
5t0m,7,homo,1,ZN,ZN,B,1203,,ZN,,1.0,4,TD,4S,4.624665967570183,8.02570319672158,0.084149815549564,0.23766753417855213,1.299105028363432,1.904038170947844,No,No,No,No,,,,data/4cys-large/output/xyz_files/5t0m_ZN_homo_d2.60_cluster7.xyz,1.90
5t0m,8,homo,1,ZN,ZN,B,1204,,ZN,,1.0,4,TD,4S,4.724457961108448,9.432606829653395,0.05692569301982129,0.13729705853721397,1.2781951945121888,1.8761618585408966,No,No,No,No,,,,data/4cys-large/output/xyz_files/5t0m_ZN_homo_d2.60_cluster8.xyz,1.90
5t64,1,homo,1,ZN,ZN,A,501,,ZN,,1.0,4,TD,4S,6.1769873160215365,10.952380340167053,0.027144958396743458,0.07152945819182221,1.250999923469029,1.9200976752495564,No,No,No,No,,,,data/4cys-large/output/xyz_files/5t64_ZN_homo_d2.60_cluster1.xyz,1.70
5t64,2,homo,1,ZN,ZN,B,501,,ZN,,1.0,4,TD,4S,6.872376209290004,11.767179839694961,0.03615437400175264,0.09422941981497512,1.2364951868865548,1.7913615247885097,No,No,No,No,,,,data/4cys-large/output/xyz_files/5t64_ZN_homo_d2.60_cluster2.xyz,1.70
5t67,1,homo,1,ZN,ZN,A,501,,ZN,,1.0,4,TD,4S,6.736685595412851,11.785511443259281,0.07777163165939233,0.21204266873021238,1.2347577781132928,1.986171988179737,No,No,No,No,,,,data/4cys-large/output/xyz_files/5t67_ZN_homo_d2.60_cluster1.xyz,1.60
5t67,2,homo,1,ZN,ZN,B,501,,ZN,,1.0,4,TD,4S,7.74929351568382,12.913273151443605,0.09359989249335497,0.20571103278867398,1.2458778573170617,1.9147584243035898,No,No,No,No,,,,data/4cys-large/output/xyz_files/5t67_ZN_homo_d2.60_cluster2.xyz,1.60
5t6b,1,homo,1,ZN,ZN,A,501,,ZN,,1.0,4,TD,4S,9.157850048888886,17.551792667325174,0.03833412523034379,0.10524224681559202,1.1679983213334442,1.9276798969606008,No,No,No,No,,,,data/4cys-large/output/xyz_files/5t6b_ZN_homo_d2.60_cluster1.xyz,2.00
5t6b,2,homo,1,ZN,ZN,B,501,,ZN,,1.0,4,TD,4S,8.830174910977123,16.541406685679945,0.058936092131155665,0.13793073181607607,1.2034287902598608,1.8135439399306301,No,No,No,No,,,,data/4cys-large/output/xyz_files/5t6b_ZN_homo_d2.60_cluster2.xyz,2.00
5t6b,3,homo,1,ZN,ZN,C,501,,ZN,,1.0,4,TD,4S,7.560891232830457,14.24755337183754,0.04339411771294081,0.10992489619153112,1.248425060885907,1.9542580943523487,No,No,No,No,,,,data/4cys-large/output/xyz_files/5t6b_ZN_homo_d2.60_cluster3.xyz,2.00
5t6b,4,homo,1,ZN,ZN,D,501,,ZN,,1.0,4,TD,4S,8.240148137257966,15.272004824249862,0.11713813993515161,0.28759407431822437,1.2194118289515388,1.834916918700432,No,No,No,No,,,,data/4cys-large/output/xyz_files/5t6b_ZN_homo_d2.60_cluster4.xyz,2.00
5tab,1,homo,1,ZN,ZN,A,101,,ZN,,0.86,4,TD,4S,2.7820313216534625,4.364201161901335,0.012592958107474515,0.026727327826256086,1.2952465647883218,1.5761895481819104,No,No,No,No,,,,data/4cys-large/output/xyz_files/5tab_ZN_homo_d2.60_cluster1.xyz,1.25
5tda,1,homo,1,ZN,ZN,A,201,,ZN,,1.0,4,TD,4S,7.024495743540793,14.433102018610413,0.02401267707628035,0.0610652309852413,1.2226325009113963,1.8461364122120336,No,No,No,No,,ALTLOC,,data/4cys-large/output/xyz_files/5tda_ZN_homo_d2.60_cluster1_altlocLIGA.xyz,0.79
5tda,1,homo,1,ZN,ZN,A,201,,ZN,,1.0,4,TD,4S,7.024495743540793,14.433102018610413,0.02401267707628035,0.0610652309852413,1.2226325009113963,1.8461364122120336,No,No,No,No,,ALTLOC,,data/4cys-large/output/xyz_files/5tda_ZN_homo_d2.60_cluster1_altlocLIGB.xyz,0.79
5tdb,1,homo,1,ZN,ZN,A,201,,ZN,,1.0,4,TD,4S,6.384549646591595,12.91717733838334,0.029136979812491588,0.07556828219985334,1.2417557154908347,1.87538200354217,No,No,No,No,,,,data/4cys-large/output/xyz_files/5tdb_ZN_homo_d2.60_cluster1.xyz,1.10
5tdc,1,homo,1,ZN,ZN,A,201,,ZN,,1.0,4,TD,4S,8.166052023851535,14.676109329624609,0.07151459561674525,0.16947632020811865,1.2138246426769106,1.525453834488559,No,No,No,No,,,,data/4cys-large/output/xyz_files/5tdc_ZN_homo_d2.60_cluster1.xyz,1.61
5tdc,4,homo,1,ZN,ZN,C,201,,ZN,,1.0,4,TD,4S,6.789467141344942,14.19605281979895,0.027900779571156834,0.06784773504045294,1.221193589243979,1.833356771655874,No,No,No,No,,,,data/4cys-large/output/xyz_files/5tdc_ZN_homo_d2.60_cluster4.xyz,1.61
5tdd,1,homo,1,ZN,ZN,A,201,,ZN,,1.0,4,TD,4S,8.399085876589309,15.764753404868117,0.027510509608027537,0.07705631572629779,1.2001356748544847,1.7080184868310457,No,No,No,No,,,,data/4cys-large/output/xyz_files/5tdd_ZN_homo_d2.60_cluster1.xyz,1.55
5tdr,1,homo,1,ZN,ZN,A,101,,ZN,,1.0,4,TD,4S,2.217947961164587,2.9575570220566476,0.019574607381521503,0.05042678548120527,1.3041549559197363,1.952741688629198,No,No,No,No,,,,data/4cys-large/output/xyz_files/5tdr_ZN_homo_d2.60_cluster1.xyz,1.42
5tdw,2,homo,1,ZN,ZN,A,102,,ZN,,1.0,4,TD,4S,2.339581210775476,3.4811392462911073,0.015361294766404162,0.04195483094019803,1.3106425541073232,2.0080556906410165,No,No,No,No,,,,data/4cys-large/output/xyz_files/5tdw_ZN_homo_d2.60_cluster2.xyz,1.70
5tnx,1,homo,1,ZN,ZN,A,400,,ZN,,1.0,4,TD,4S,6.904255600906457,10.51719871997021,0.016229683803108963,0.044253183218720515,1.1781081814320264,1.2850641417474302,No,No,No,No,,,,data/4cys-large/output/xyz_files/5tnx_ZN_homo_d2.60_cluster1.xyz,1.70
5trb,1,homo,1,ZN,ZN,A,1001,,ZN,,1.0,4,TD,4S,6.256716040035925,12.224067631299647,0.021903872547755533,0.05589970501122332,1.2247407256057503,1.700184991997272,No,No,No,No,,,,data/4cys-large/output/xyz_files/5trb_ZN_homo_d2.60_cluster1.xyz,1.80
5tt5,1,homo,1,ZN,ZN,A,702,,ZN,,1.0,4,TD,4S,6.866332026783089,13.64325260707247,0.009870583537029173,0.02754381608632883,1.2081568040089017,1.7086279212841857,No,No,No,No,,,,data/4cys-large/output/xyz_files/5tt5_ZN_homo_d2.60_cluster1.xyz,1.55
5ttf,1,homo,1,ZN,ZN,A,1501,,ZN,,1.0,4,TD,4S,6.7023339502513135,10.059083559639149,0.03282875482763349,0.08774585667167445,1.2136695894963685,1.6283816863584328,No,No,No,No,,,,data/4cys-large/output/xyz_files/5ttf_ZN_homo_d2.60_cluster1.xyz,1.72
5ttf,2,homo,1,ZN,ZN,A,1502,,ZN,,1.0,4,TD,4S,2.7972962553793606,4.551516408967629,0.034887804152066895,0.0825855290111166,1.2974592722539837,2.013692699836231,No,No,No,No,,,,data/4cys-large/output/xyz_files/5ttf_ZN_homo_d2.60_cluster2.xyz,1.72
5ttf,3,homo,1,ZN,ZN,A,1503,,ZN,,1.0,4,TD,4S,4.019741145064386,6.699345241477843,0.04433724634128482,0.10718143933022661,1.3023901990914133,2.048655137418803,No,No,No,No,,,,data/4cys-large/output/xyz_files/5ttf_ZN_homo_d2.60_cluster3.xyz,1.72
5ttf,4,homo,1,ZN,ZN,A,1504,,ZN,,1.0,4,TD,4S,2.18435734070593,2.892863439323932,0.015337374283622576,0.03853784775756486,1.3001647248657466,1.591944851887217,No,No,No,No,,,,data/4cys-large/output/xyz_files/5ttf_ZN_homo_d2.60_cluster4.xyz,1.72
5ttf,5,homo,1,ZN,ZN,B,1501,,ZN,,1.0,4,TD,4S,6.028004092689111,10.834571107755536,0.04344694330079435,0.10759709407143525,1.2320564157081657,1.8100926969632927,No,No,No,No,,,,data/4cys-large/output/xyz_files/5ttf_ZN_homo_d2.60_cluster5.xyz,1.72
5ttf,6,homo,1,ZN,ZN,B,1502,,ZN,,1.0,4,TD,4S,3.7542783152737775,4.896016674935964,0.020460849339882948,0.05495224159707268,1.2731094789565292,1.7036354619894043,No,No,No,No,,,,data/4cys-large/output/xyz_files/5ttf_ZN_homo_d2.60_cluster6.xyz,1.72
5ttf,7,homo,1,ZN,ZN,B,1503,,ZN,,1.0,4,TD,4S,4.089326471733975,7.962346344862183,0.02472484600737025,0.06895259759269656,1.293836346463932,2.089059269974091,No,No,No,No,,,,data/4cys-large/output/xyz_files/5ttf_ZN_homo_d2.60_cluster7.xyz,1.72
5ttf,8,homo,1,ZN,ZN,B,1504,,ZN,,1.0,4,TD,4S,2.3614872321076295,4.012879558551845,0.008415366335768107,0.021691749764771284,1.2983037452997923,1.9266850195002472,No,No,No,No,,,,data/4cys-large/output/xyz_files/5ttf_ZN_homo_d2.60_cluster8.xyz,1.72
5ttf,9,homo,1,ZN,ZN,C,1501,,ZN,,1.0,4,TD,4S,5.939082763585862,11.248108428120773,0.03495986454966513,0.09542264875367845,1.2380749376031346,1.8722521287428149,No,No,No,No,,,,data/4cys-large/output/xyz_files/5ttf_ZN_homo_d2.60_cluster9.xyz,1.72
5ttf,10,homo,1,ZN,ZN,C,1502,,ZN,,1.0,4,TD,4S,3.3498837234107164,4.800289292185738,0.0356941659531522,0.0926143191371307,1.2734343638564807,1.9461704148215386,No,No,No,No,,,,data/4cys-large/output/xyz_files/5ttf_ZN_homo_d2.60_cluster10.xyz,1.72
5ttf,11,homo,1,ZN,ZN,C,1503,,ZN,,1.0,4,TD,4S,4.482028021635867,8.366391386903842,0.02963010701350135,0.08229913589887738,1.2936555613576264,2.106718214670139,No,No,No,No,,,,data/4cys-large/output/xyz_files/5ttf_ZN_homo_d2.60_cluster11.xyz,1.72
5ttf,12,homo,1,ZN,ZN,C,1504,,ZN,,1.0,4,TD,4S,2.8698122046514256,5.266808430866192,0.0282011895930288,0.07155631226216386,1.3030209613783679,2.04395053790106,No,No,No,No,,,,data/4cys-large/output/xyz_files/5ttf_ZN_homo_d2.60_cluster12.xyz,1.72
5ttf,13,homo,1,ZN,ZN,D,1501,,ZN,,1.0,4,TD,4S,7.06898390973025,11.191036121007798,0.04612669315901523,0.11112097888057715,1.2167832885656416,1.70105907990993,No,No,No,No,,,,data/4cys-large/output/xyz_files/5ttf_ZN_homo_d2.60_cluster13.xyz,1.72
5ttf,14,homo,1,ZN,ZN,D,1502,,ZN,,1.0,4,TD,4S,3.8796231660116693,6.262618202726287,0.03148935603603201,0.0755278697808981,1.2707539007570086,2.0111756499839832,No,No,No,No,,,,data/4cys-large/output/xyz_files/5ttf_ZN_homo_d2.60_cluster14.xyz,1.72
5ttf,15,homo,1,ZN,ZN,D,1503,,ZN,,1.0,4,TD,4S,5.024540693443209,8.096043318126732,0.027384790096601833,0.06106011825356372,1.2875366869470637,2.222822309814705,No,No,No,No,,,,data/4cys-large/output/xyz_files/5ttf_ZN_homo_d2.60_cluster15.xyz,1.72
5ttf,16,homo,1,ZN,ZN,D,1504,,ZN,,1.0,4,TD,4S,2.7908378037138033,5.081419495578672,0.012665030585216088,0.03260819717944052,1.3014294858506779,1.8842965118169157,No,No,No,No,,,,data/4cys-large/output/xyz_files/5ttf_ZN_homo_d2.60_cluster16.xyz,1.72
5ttg,1,homo,1,ZN,ZN,A,1303,,ZN,,1.0,4,TD,4S,6.6964225515239075,11.640927411969173,0.02298570746217327,0.058739149771411814,1.2100887591148701,1.5948243050420876,No,No,No,No,,,,data/4cys-large/output/xyz_files/5ttg_ZN_homo_d2.60_cluster1.xyz,1.66
5ttg,2,homo,1,ZN,ZN,A,1304,,ZN,,1.0,4,TD,4S,4.055622730584051,5.26892615112483,0.01631467203947175,0.042210482360032664,1.2587152889352138,1.6178103932760974,No,No,No,No,,,,data/4cys-large/output/xyz_files/5ttg_ZN_homo_d2.60_cluster2.xyz,1.66
5ttg,3,homo,1,ZN,ZN,A,1305,,ZN,,1.0,4,TD,4S,3.8921507749064275,8.041723826072499,0.0159905114077118,0.04186937181675976,1.2900416155263636,1.5268180721782971,No,No,No,No,,,,data/4cys-large/output/xyz_files/5ttg_ZN_homo_d2.60_cluster3.xyz,1.66
5ttg,4,homo,1,ZN,ZN,A,1306,,ZN,,1.0,4,TD,4S,3.8080665472885706,6.789585203491896,0.02307604569366604,0.0598039708157132,1.25434120572362,1.3878134539840887,No,No,No,No,,,,data/4cys-large/output/xyz_files/5ttg_ZN_homo_d2.60_cluster4.xyz,1.66
5ttg,5,homo,1,ZN,ZN,B,1303,,ZN,,1.0,4,TD,4S,5.833211395923097,10.35340403497976,0.016073543561091544,0.03995886943259874,1.2344401130507556,1.572742206487159,No,No,No,No,,,,data/4cys-large/output/xyz_files/5ttg_ZN_homo_d2.60_cluster5.xyz,1.66
5ttg,6,homo,1,ZN,ZN,B,1304,,ZN,,1.0,4,TD,4S,3.073740573123466,4.884509433705361,0.03149255299798109,0.08358444019557032,1.2809575246532539,1.6744384206180982,No,No,No,No,,,,data/4cys-large/output/xyz_files/5ttg_ZN_homo_d2.60_cluster6.xyz,1.66
5ttg,7,homo,1,ZN,ZN,B,1305,,ZN,,1.0,4,TD,4S,4.104879998788011,7.929387578253056,0.03283818714719235,0.08197127364151635,1.2737634367485071,1.7297396900389856,No,No,No,No,,,,data/4cys-large/output/xyz_files/5ttg_ZN_homo_d2.60_cluster7.xyz,1.66
5ttg,8,homo,1,ZN,ZN,B,1306,,ZN,,1.0,4,TD,4S,5.342274883451964,8.230282957431513,0.037419185692074586,0.09483383365333564,1.2156245316196184,1.396256556182464,No,No,No,No,,,,data/4cys-large/output/xyz_files/5ttg_ZN_homo_d2.60_cluster8.xyz,1.66
5tuz,1,homo,1,ZN,ZN,A,3002,,ZN,,1.0,4,TD,4S,6.831667628152348,12.477742366621925,0.03772035972436287,0.09889158653598917,1.2133805323875895,1.5842243522168444,No,No,No,No,,,,data/4cys-large/output/xyz_files/5tuz_ZN_homo_d2.60_cluster1.xyz,1.95
5tuz,2,homo,1,ZN,ZN,A,3003,,ZN,,1.0,4,TD,4S,2.8345025115094122,4.229156310786635,0.03463240854849435,0.09390724229128145,1.2980129757568386,1.8626302244945159,No,No,No,No,,,,data/4cys-large/output/xyz_files/5tuz_ZN_homo_d2.60_cluster2.xyz,1.95
5tuz,3,homo,1,ZN,ZN,A,3004,,ZN,,1.0,4,TD,4S,4.586372442936634,9.147489171063583,0.01787786320442505,0.04548599264674813,1.2797089473257608,1.593946053144891,No,No,No,No,,,,data/4cys-large/output/xyz_files/5tuz_ZN_homo_d2.60_cluster3.xyz,1.95
5tuz,4,homo,1,ZN,ZN,A,3005,,ZN,,1.0,4,TD,4S,5.845195023230465,8.320321372559917,0.03564097574154097,0.09471462319620283,1.2067156776471835,1.370097991317091,No,No,No,No,,,,data/4cys-large/output/xyz_files/5tuz_ZN_homo_d2.60_cluster4.xyz,1.95
5tuz,5,homo,1,ZN,ZN,B,3002,,ZN,,1.0,4,TD,4S,7.322932687410133,12.456951593911597,0.04507250408881473,0.12590696416523572,1.1849263677711477,1.5380838700647195,No,No,No,No,,,,data/4cys-large/output/xyz_files/5tuz_ZN_homo_d2.60_cluster5.xyz,1.95
5tuz,6,homo,1,ZN,ZN,B,3003,,ZN,,1.0,4,TD,4S,3.5618567283337246,4.956517660708144,0.03473368598340903,0.09267603753965448,1.2861547090616914,1.6075531827016705,No,No,No,No,,,,data/4cys-large/output/xyz_files/5tuz_ZN_homo_d2.60_cluster6.xyz,1.95
5tuz,7,homo,1,ZN,ZN,B,3004,,ZN,,1.0,4,TD,4S,4.104094091896739,6.874776218244676,0.020471977380833672,0.05401394580104135,1.3029246855345837,2.003001457991245,No,No,No,No,,,,data/4cys-large/output/xyz_files/5tuz_ZN_homo_d2.60_cluster7.xyz,1.95
5tuz,8,homo,1,ZN,ZN,B,3005,,ZN,,1.0,4,TD,4S,3.815333676014635,5.768171102415494,0.049399614744821886,0.12281102359013785,1.260277441524756,1.526587972632856,No,No,No,No,,,,data/4cys-large/output/xyz_files/5tuz_ZN_homo_d2.60_cluster8.xyz,1.95
5txk,1,homo,1,ZN,ZN,A,1006,,ZN,,1.0,4,TD,4S,2.9394596483484547,5.032227543482236,0.01198963346449372,0.03213462473735751,1.3000022429919134,1.9940194678618024,No,No,No,No,,,,data/4cys-large/output/xyz_files/5txk_ZN_homo_d2.60_cluster1.xyz,1.84
5u2j,1,homo,1,ZN,ZN,A,401,,ZN,,0.81,4,TD,4S,4.1597293877880865,7.090586786325645,0.02821825804151141,0.07089584937289706,1.2774741585429625,2.1086265685043877,No,No,No,No,,,,data/4cys-large/output/xyz_files/5u2j_ZN_homo_d2.60_cluster1.xyz,1.60
5u2j,4,homo,1,ZN,ZN,A,404,,ZN,,0.78,4,TD,4S,2.1311701292971934,4.294688265274317,0.04854855792052385,0.131048678650306,1.2915601155360177,1.7366707287556675,No,No,No,No,,,,data/4cys-large/output/xyz_files/5u2j_ZN_homo_d2.60_cluster4.xyz,1.60
5u2j,5,homo,1,ZN,ZN,B,401,,ZN,,0.82,4,TD,4S,3.9611630647451572,6.890158018676132,0.045207411053035405,0.11396692331663827,1.2566635362815035,2.0773976502916485,No,No,No,No,,,,data/4cys-large/output/xyz_files/5u2j_ZN_homo_d2.60_cluster5.xyz,1.60
5u2j,8,homo,1,ZN,ZN,B,404,,ZN,,0.79,4,TD,4S,2.2788112697322456,4.62985892339627,0.0595846957584243,0.1627392360854487,1.2818141689328952,2.083933108123525,No,No,No,No,,,,data/4cys-large/output/xyz_files/5u2j_ZN_homo_d2.60_cluster8.xyz,1.60
5um3,1,homo,1,ZN,ZN,A,201,,ZN,,1.0,4,TD,4S,8.239193802815933,15.922468460020113,0.033119857084726693,0.09186789871966106,1.1880416802259244,1.6880807414062766,No,No,No,No,,,,data/4cys-large/output/xyz_files/5um3_ZN_homo_d2.60_cluster1.xyz,1.20
5unr,1,homo,1,ZN,ZN,A,805,,ZN,,1.0,4,TD,4S,7.267985615494015,12.077159064455785,0.023345847690536558,0.062204812035632884,1.2746583693130176,1.9050466090442004,No,No,No,No,,,,data/4cys-large/output/xyz_files/5unr_ZN_homo_d2.60_cluster1.xyz,1.95
5uns,1,homo,1,ZN,ZN,A,805,,ZN,,1.0,4,TD,4S,6.2513579375700195,9.490616937200784,0.01997771536056325,0.056372277654085146,1.2489262708748952,1.818693098306507,No,No,No,No,,,,data/4cys-large/output/xyz_files/5uns_ZN_homo_d2.60_cluster1.xyz,1.90
5unv,1,homo,1,ZN,ZN,A,805,,ZN,,1.0,4,TD,4S,6.8965809664073605,13.15638730445032,0.01587253770970788,0.03678963539099778,1.2804858864014226,2.128151332287058,No,No,No,No,,,,data/4cys-large/output/xyz_files/5unv_ZN_homo_d2.60_cluster1.xyz,2.00
5uny,1,homo,1,ZN,ZN,A,806,,ZN,,1.0,4,TD,4S,5.915377530851346,9.719913389777716,0.03267858750353569,0.0824422370115836,1.2696405638634498,1.7182374599789285,No,No,No,No,,,,data/4cys-large/output/xyz_files/5uny_ZN_homo_d2.60_cluster1.xyz,1.82
5unz,1,homo,1,ZN,ZN,A,805,,ZN,,1.0,4,TD,4S,5.9860154702346655,9.60172752210704,0.020746344420673603,0.05329633028725045,1.2799128194716658,1.8311969988807784,No,No,No,No,,,,data/4cys-large/output/xyz_files/5unz_ZN_homo_d2.60_cluster1.xyz,1.95
5uo0,1,homo,1,ZN,ZN,B,805,,ZN,,1.0,4,TD,4S,6.169601612211073,10.29902313752548,0.023169911868136068,0.06100684314297222,1.285341346748935,2.1121098320669,No,No,No,No,,,,data/4cys-large/output/xyz_files/5uo0_ZN_homo_d2.60_cluster1.xyz,1.97
5uo1,1,homo,1,ZN,ZN,A,805,,ZN,,1.0,4,TD,4S,8.532925099058803,11.945902281992105,0.005804886417723275,0.016118064495278528,1.2065668400656657,1.5498537978335638,No,No,No,No,,,,data/4cys-large/output/xyz_files/5uo1_ZN_homo_d2.60_cluster1.xyz,1.90
5uo2,1,homo,1,ZN,ZN,A,805,,ZN,,1.0,4,TD,4S,7.31148017514523,12.110108562305498,0.006912443017644025,0.01894642381168632,1.2305715521109404,1.7146411529791563,No,No,No,No,,,,data/4cys-large/output/xyz_files/5uo2_ZN_homo_d2.60_cluster1.xyz,1.95
5uo4,1,homo,1,ZN,ZN,A,807,,ZN,,1.0,4,TD,4S,6.669559843356797,10.645276694750294,0.0187518176574923,0.05195624725941794,1.2485282751835263,1.7952084718743548,No,No,No,No,,,,data/4cys-large/output/xyz_files/5uo4_ZN_homo_d2.60_cluster1.xyz,2.00
5uo5,1,homo,1,ZN,ZN,A,805,,ZN,,1.0,4,TD,4S,8.113177546474475,13.367389235721035,0.03909520623173845,0.09389497407174474,1.2324294769386475,1.6661296474028182,No,No,No,No,,,,data/4cys-large/output/xyz_files/5uo5_ZN_homo_d2.60_cluster1.xyz,2.00
5uo6,1,homo,1,ZN,ZN,A,806,,ZN,,1.0,4,TD,4S,6.566111754742914,11.019149563612814,0.04317862374356375,0.10161469146921531,1.2847744859698096,1.7834162450296405,No,No,No,No,,,,data/4cys-large/output/xyz_files/5uo6_ZN_homo_d2.60_cluster1.xyz,1.96
5upd,1,homo,1,ZN,ZN,A,1319,,ZN,,1.0,4,TD,4S,4.977584129604746,6.842037539150056,0.05895405607276379,0.14993588601828867,1.2741208980764755,2.0436185477582436,No,No,No,No,,,,data/4cys-large/output/xyz_files/5upd_ZN_homo_d2.60_cluster1.xyz,1.80
5upd,2,homo,1,ZN,ZN,A,1320,,ZN,,1.0,4,TD,4S,5.010202261636988,6.821123384428205,0.04904409538339261,0.11931365515667958,1.2538646843015802,1.8450230502098788,No,No,No,No,,,,data/4cys-large/output/xyz_files/5upd_ZN_homo_d2.60_cluster2.xyz,1.80
5upd,3,homo,1,ZN,ZN,A,1321,,ZN,,1.0,4,TD,4S,4.211678373267121,8.577818411539965,0.029460286630392934,0.07878621217341042,1.2630889952424709,1.7539691919266538,No,No,No,No,,,,data/4cys-large/output/xyz_files/5upd_ZN_homo_d2.60_cluster3.xyz,1.80
5urb,1,homo,1,ZN,ZN,A,602,,ZN,,1.0,4,TD,4S,3.8983652408533276,5.538461765453761,0.03472197565929355,0.09478955990311233,1.2952977683125924,2.065220063118711,No,No,No,No,,,,data/4cys-large/output/xyz_files/5urb_ZN_homo_d2.60_cluster1.xyz,1.90
5urb,2,homo,1,ZN,ZN,B,602,,ZN,,1.0,4,TD,4S,3.642520685361632,5.185673427572127,0.03556938419002922,0.0951488240068965,1.2899569048770367,2.0636660862209943,No,No,No,No,,,,data/4cys-large/output/xyz_files/5urb_ZN_homo_d2.60_cluster2.xyz,1.90
5v37,1,homo,1,ZN,ZN,A,501,,ZN,,1.0,4,TD,4S,4.009629223923467,5.8616478731678825,0.0057892805465676045,0.014938939971230969,1.253838024122868,1.505633961072628,No,No,No,No,,,,data/4cys-large/output/xyz_files/5v37_ZN_homo_d2.60_cluster1.xyz,1.42
5v37,2,homo,1,ZN,ZN,A,502,,ZN,,1.0,4,TD,4S,5.329240635908623,9.41469324279258,0.009703897024121505,0.025340197876507986,1.242071368160444,1.829810773386029,No,No,No,No,,,,data/4cys-large/output/xyz_files/5v37_ZN_homo_d2.60_cluster2.xyz,1.42
5v9i,1,homo,1,ZN,ZN,A,1501,,ZN,,1.0,4,TD,4S,6.497375803132272,10.893603682581627,0.1368261390011445,0.3420751091199081,1.2490700870296445,1.713619486224626,No,No,No,No,,,,data/4cys-large/output/xyz_files/5v9i_ZN_homo_d2.60_cluster1.xyz,1.74
5v9i,2,homo,1,ZN,ZN,A,1502,,ZN,,1.0,4,TD,4S,4.5621749357514805,5.951861913558403,0.09863092724661443,0.24538555992642586,1.2637671438502929,2.027807779065024,No,No,No,No,,,,data/4cys-large/output/xyz_files/5v9i_ZN_homo_d2.60_cluster2.xyz,1.74
5v9i,3,homo,1,ZN,ZN,A,1503,,ZN,,1.0,4,TD,4S,6.990188205171392,11.594014492079438,0.14468265282513781,0.34735700381230883,1.3036141344829637,1.7851003920584758,No,No,No,No,,,,data/4cys-large/output/xyz_files/5v9i_ZN_homo_d2.60_cluster3.xyz,1.74
5v9i,4,homo,1,ZN,ZN,A,1504,,ZN,,1.0,4,TD,4S,3.5176561674038602,5.983113848930969,0.09945989776156777,0.2628094978435893,1.2743464646173386,1.4185639565238226,No,No,No,No,,,,data/4cys-large/output/xyz_files/5v9i_ZN_homo_d2.60_cluster4.xyz,1.74
5v9i,5,homo,1,ZN,ZN,B,1501,,ZN,,1.0,4,TD,4S,5.617225631042221,10.19897925047789,0.09894363402093405,0.25938416197797043,1.2119864222689856,1.7998202580178526,No,No,No,No,,,,data/4cys-large/output/xyz_files/5v9i_ZN_homo_d2.60_cluster5.xyz,1.74
5v9i,6,homo,1,ZN,ZN,B,1502,,ZN,,1.0,4,TD,4S,4.378394337680612,5.411576510340794,0.04722580765801745,0.1194741248390403,1.2762001495787267,1.893657694251445,No,No,No,No,,,,data/4cys-large/output/xyz_files/5v9i_ZN_homo_d2.60_cluster6.xyz,1.74
5v9i,7,homo,1,ZN,ZN,B,1503,,ZN,,1.0,4,TD,4S,5.076694048566143,8.893863048472184,0.042842945137506395,0.11150411676344385,1.311642396815438,1.7277339078567848,No,No,No,No,,,,data/4cys-large/output/xyz_files/5v9i_ZN_homo_d2.60_cluster7.xyz,1.74
5v9i,8,homo,1,ZN,ZN,B,1504,,ZN,,1.0,4,TD,4S,2.026949074129693,4.076086233876481,0.05528123726496822,0.1293968375241601,1.3027583419819475,2.1647089158269788,No,No,No,No,,,,data/4cys-large/output/xyz_files/5v9i_ZN_homo_d2.60_cluster8.xyz,1.74
5v9i,9,homo,1,ZN,ZN,C,1501,,ZN,,1.0,4,TD,4S,6.902569613715021,9.08299694112523,0.12977415844844223,0.3254413541486407,1.1915628929437383,1.6770863582329942,No,No,No,No,,,,data/4cys-large/output/xyz_files/5v9i_ZN_homo_d2.60_cluster9.xyz,1.74
5v9i,10,homo,1,ZN,ZN,C,1502,,ZN,,1.0,4,TD,4S,5.360040081818891,8.495581193599833,0.0806357135009632,0.2051184048247352,1.2712505152260483,2.024769278946868,No,No,No,No,,,,data/4cys-large/output/xyz_files/5v9i_ZN_homo_d2.60_cluster10.xyz,1.74
5v9i,11,homo,1,ZN,ZN,C,1503,,ZN,,1.0,4,TD,4S,5.979074885863467,9.312719465856816,0.07643390323120819,0.16173479790238154,1.2954133166554096,1.9318413415900741,No,No,No,No,,,,data/4cys-large/output/xyz_files/5v9i_ZN_homo_d2.60_cluster11.xyz,1.74
5v9i,12,homo,1,ZN,ZN,C,1504,,ZN,,1.0,4,TD,4S,2.687941999828829,4.532317855679764,0.06721929710532858,0.17865673935437565,1.3130814344006756,1.8608795882321851,No,No,No,No,,,,data/4cys-large/output/xyz_files/5v9i_ZN_homo_d2.60_cluster12.xyz,1.74
5v9i,13,homo,1,ZN,ZN,D,1501,,ZN,,1.0,4,TD,4S,5.529979744262355,8.71340723469234,0.09155206143400446,0.22841270282987391,1.2245112045079742,1.73882316298867,No,No,No,No,,,,data/4cys-large/output/xyz_files/5v9i_ZN_homo_d2.60_cluster13.xyz,1.74
5v9i,14,homo,1,ZN,ZN,D,1502,,ZN,,1.0,4,TD,4S,3.396285576306279,5.2542253148995,0.11249185103938723,0.2749790934228633,1.233798431276514,1.7691297345363215,No,No,No,No,,,,data/4cys-large/output/xyz_files/5v9i_ZN_homo_d2.60_cluster14.xyz,1.74
5v9i,15,homo,1,ZN,ZN,D,1503,,ZN,,1.0,4,TD,4S,4.269415803726886,5.97666749786309,0.09454959922721838,0.2575202321506591,1.306759560290265,1.9502098187956685,No,No,No,No,,,,data/4cys-large/output/xyz_files/5v9i_ZN_homo_d2.60_cluster15.xyz,1.74
5v9i,16,homo,1,ZN,ZN,D,1504,,ZN,,1.0,4,TD,4S,2.5449014592753207,3.509328781027932,0.09936924404520106,0.25460724764529585,1.2940121306752133,2.080634263482639,No,No,No,No,,,,data/4cys-large/output/xyz_files/5v9i_ZN_homo_d2.60_cluster16.xyz,1.74
5v9j,1,homo,1,ZN,ZN,A,1303,,ZN,,1.0,4,TD,4S,6.490399272871444,11.85004212834366,0.018143533670664475,0.04846766837482752,1.2064425508226204,1.6071040469280047,No,No,No,No,,,,data/4cys-large/output/xyz_files/5v9j_ZN_homo_d2.60_cluster1.xyz,1.74
5v9j,2,homo,1,ZN,ZN,A,1304,,ZN,,1.0,4,TD,4S,3.2588241950135997,4.134268743958884,0.022165500050047884,0.061738476296766986,1.2769396051594832,1.5846688306802004,No,No,No,No,,,,data/4cys-large/output/xyz_files/5v9j_ZN_homo_d2.60_cluster2.xyz,1.74
5v9j,3,homo,1,ZN,ZN,A,1305,,ZN,,1.0,4,TD,4S,3.9942097449786003,7.76468297453799,0.01446964356324948,0.0371244507477253,1.2903446815258746,1.9892185756270024,No,No,No,No,,,,data/4cys-large/output/xyz_files/5v9j_ZN_homo_d2.60_cluster3.xyz,1.74
5v9j,4,homo,1,ZN,ZN,A,1306,,ZN,,1.0,4,TD,4S,4.287335754553548,7.5569628068671335,0.014952678003626768,0.03716144278712319,1.245233217413873,1.3430430901351489,No,No,No,No,,,,data/4cys-large/output/xyz_files/5v9j_ZN_homo_d2.60_cluster4.xyz,1.74
5v9j,5,homo,1,ZN,ZN,B,1303,,ZN,,1.0,4,TD,4S,5.887490219760595,10.676622040464537,0.01390889373470304,0.03831340754540058,1.2296208435050204,1.639978453466377,No,No,No,No,,,,data/4cys-large/output/xyz_files/5v9j_ZN_homo_d2.60_cluster5.xyz,1.74
5v9j,6,homo,1,ZN,ZN,B,1304,,ZN,,1.0,4,TD,4S,3.104898738934772,4.444891448027661,0.017414613206535288,0.04353008104740619,1.2872168229869032,1.3863938728692848,No,No,No,No,,,,data/4cys-large/output/xyz_files/5v9j_ZN_homo_d2.60_cluster6.xyz,1.74
5v9j,7,homo,1,ZN,ZN,B,1305,,ZN,,1.0,4,TD,4S,4.254940654303333,8.816890104478432,0.006069241247105158,0.01661834054187583,1.2734119495446212,1.4767384206021505,No,No,No,No,,,,data/4cys-large/output/xyz_files/5v9j_ZN_homo_d2.60_cluster7.xyz,1.74
5v9j,8,homo,1,ZN,ZN,B,1306,,ZN,,1.0,4,TD,4S,5.680529637390119,7.920625023178189,0.010772455900239513,0.026514065406022524,1.210883761306326,1.295830624428334,No,No,No,No,,,,data/4cys-large/output/xyz_files/5v9j_ZN_homo_d2.60_cluster8.xyz,1.74
5vab,2,homo,1,ZN,ZN,A,102,,ZN,,1.0,4,TD,4S,2.887898953049413,4.0730169045527305,0.0224179604883774,0.0612858124160609,1.311437097650096,2.2202305542006417,No,No,No,No,,,,data/4cys-large/output/xyz_files/5vab_ZN_homo_d2.60_cluster2.xyz,1.70
5vdc,2,homo,1,ZN,ZN,A,202,,ZN,,1.0,4,TD,4S,3.170918867387218,5.541793172328582,0.028562278795413905,0.07240673091312377,1.3052159951611013,1.971107534135141,No,No,No,No,,,,data/4cys-large/output/xyz_files/5vdc_ZN_homo_d2.60_cluster2.xyz,1.60
5vdc,3,homo,1,ZN,ZN,A,203,,ZN,,1.0,4,TD,4S,2.8720179970608597,4.872250633101558,0.006648843519438616,0.01666969963880849,1.293477738144149,1.906533659798178,No,No,No,No,,,,data/4cys-large/output/xyz_files/5vdc_ZN_homo_d2.60_cluster3.xyz,1.60
5vj5,2,homo,1,ZN,ZN,A,402,,ZN,,1.0,4,TD,4S,6.9488791064515105,10.66888279116462,0.11280747657737189,0.3046548525660433,1.1703788965936746,1.487702899058765,No,No,No,No,,,,data/4cys-large/output/xyz_files/5vj5_ZN_homo_d2.60_cluster2.xyz,1.90
5vkr,2,homo,1,ZN,ZN,A,402,,ZN,,1.0,4,TD,4S,5.811992097593528,11.337427623228564,0.05054608917347343,0.13157187644638135,1.2399490907231105,1.3023265782494415,No,No,No,No,,,,data/4cys-large/output/xyz_files/5vkr_ZN_homo_d2.60_cluster2.xyz,1.80
5vkt,3,homo,1,ZN,ZN,B,401,,ZN,,1.0,4,TD,4S,6.694989949131148,10.570664768398288,0.04096960343457129,0.10226853596300334,1.1789152126079894,1.2493355977795477,No,No,No,No,,,,data/4cys-large/output/xyz_files/5vkt_ZN_homo_d2.60_cluster3.xyz,1.83
5vl0,2,homo,1,ZN,ZN,A,402,,ZN,,1.0,4,TD,4S,5.898150707803278,9.516961017636703,0.012104053432736137,0.028731717711436566,1.2083609974563831,1.4523726169489863,No,No,No,No,,,,data/4cys-large/output/xyz_files/5vl0_ZN_homo_d2.60_cluster2.xyz,1.20
5vl0,4,homo,1,ZN,ZN,B,402,,ZN,,1.0,4,TD,4S,6.117087067130414,10.436776485267458,0.026013587100943102,0.07110803638889918,1.2202593820815744,1.4013270808759943,No,No,No,No,,,,data/4cys-large/output/xyz_files/5vl0_ZN_homo_d2.60_cluster4.xyz,1.20
5vl0,6,homo,1,ZN,ZN,C,402,,ZN,,1.0,4,TD,4S,6.07358821836727,9.878153430511745,0.014901607011902391,0.03973983268303227,1.2095911687241288,1.4548196371612252,No,No,No,No,,,,data/4cys-large/output/xyz_files/5vl0_ZN_homo_d2.60_cluster6.xyz,1.20
5vl0,8,homo,1,ZN,ZN,D,402,,ZN,,1.0,4,TD,4S,6.155392538336267,10.034503269043526,0.00962152047311576,0.02593923771902018,1.2073426160406282,1.3550761785428649,No,No,No,No,,,,data/4cys-large/output/xyz_files/5vl0_ZN_homo_d2.60_cluster8.xyz,1.20
5vm2,1,homo,1,ZN,ZN,A,402,,ZN,,1.0,4,TD,4S,5.339925089758131,9.117419823561022,0.04332973902287951,0.11804917691549344,1.231909132746737,1.5472056847454896,No,No,No,No,,,,data/4cys-large/output/xyz_files/5vm2_ZN_homo_d2.60_cluster1.xyz,1.98
5vm2,2,homo,1,ZN,ZN,B,402,,ZN,,1.0,4,TD,4S,4.615128546035676,7.256852103030582,0.028313832171648737,0.06966008926176315,1.2629693301258798,1.741257645428198,No,No,No,No,,,,data/4cys-large/output/xyz_files/5vm2_ZN_homo_d2.60_cluster2.xyz,1.98
5vn1,2,homo,1,ZN,ZN,A,402,,ZN,,1.0,4,TD,4S,5.930120416117556,9.828682004220255,0.026995175687885245,0.06493021361037377,1.2103726858488364,1.453715631309004,No,No,No,No,,,,data/4cys-large/output/xyz_files/5vn1_ZN_homo_d2.60_cluster2.xyz,1.25
5vn1,4,homo,1,ZN,ZN,B,402,,ZN,,1.0,4,TD,4S,5.995917962442131,10.140364845292481,0.010220740058896028,0.025211078440635415,1.221839740525465,1.4056792437620005,No,No,No,No,,,,data/4cys-large/output/xyz_files/5vn1_ZN_homo_d2.60_cluster4.xyz,1.25
5vn1,6,homo,1,ZN,ZN,C,402,,ZN,,1.0,4,TD,4S,5.963739579524639,9.839019314856827,0.028360707111236838,0.07179083715688916,1.2087871989862373,1.4600637952751359,No,No,No,No,,,,data/4cys-large/output/xyz_files/5vn1_ZN_homo_d2.60_cluster6.xyz,1.25
5vn1,8,homo,1,ZN,ZN,D,402,,ZN,,1.0,4,TD,4S,6.087176237707723,9.916974648229285,0.012559126156676004,0.034066206458441606,1.216242220792424,1.4072324739347906,No,No,No,No,,,,data/4cys-large/output/xyz_files/5vn1_ZN_homo_d2.60_cluster8.xyz,1.25
5vsc,1,homo,1,ZN,ZN,A,1501,,ZN,,1.0,4,TD,4S,3.4889432780802005,4.940842833896511,0.05891167592567758,0.1479560694178379,1.2787920284579184,1.7248494364527633,No,No,No,No,,,,data/4cys-large/output/xyz_files/5vsc_ZN_homo_d2.60_cluster1.xyz,1.40
5vsc,2,homo,1,ZN,ZN,A,1502,,ZN,,1.0,4,TD,4S,5.920320014641204,10.82944245291499,0.022420960392720873,0.05591023480053359,1.2227159351137817,1.6257786409630581,No,No,No,No,,,,data/4cys-large/output/xyz_files/5vsc_ZN_homo_d2.60_cluster2.xyz,1.40
5vsc,3,homo,1,ZN,ZN,A,1503,,ZN,,1.0,4,TD,4S,4.561800044195296,8.69030014505428,0.057621063273846064,0.1518874184366048,1.2937059612687927,1.7696812290955317,No,No,No,No,,,,data/4cys-large/output/xyz_files/5vsc_ZN_homo_d2.60_cluster3.xyz,1.40
5vsc,4,homo,1,ZN,ZN,A,1504,,ZN,,1.0,4,TD,4S,2.6268756972318013,3.5732412589749174,0.09227511667837957,0.2543971154114226,1.2569415658118277,1.9489389846183744,No,No,No,No,,,,data/4cys-large/output/xyz_files/5vsc_ZN_homo_d2.60_cluster4.xyz,1.40
5vsc,5,homo,1,ZN,ZN,B,1501,,ZN,,1.0,4,TD,4S,3.31142759148304,4.3479092282025675,0.028235683411301074,0.07011399771871751,1.2931211099918622,1.8416531353463905,No,No,No,No,,,,data/4cys-large/output/xyz_files/5vsc_ZN_homo_d2.60_cluster5.xyz,1.40
5vsc,6,homo,1,ZN,ZN,B,1502,,ZN,,1.0,4,TD,4S,6.621489821388218,11.54435604045409,0.02378917587724714,0.061859993638336164,1.2101794894592852,1.7011790568740777,No,No,No,No,,,,data/4cys-large/output/xyz_files/5vsc_ZN_homo_d2.60_cluster6.xyz,1.40
5vsc,7,homo,1,ZN,ZN,B,1503,,ZN,,1.0,4,TD,4S,3.883708228569909,7.332507719353359,0.06394358443410203,0.166539765239738,1.2670484340335675,1.9766440606736626,No,No,No,No,,,,data/4cys-large/output/xyz_files/5vsc_ZN_homo_d2.60_cluster7.xyz,1.40
5vsc,8,homo,1,ZN,ZN,B,1504,,ZN,,1.0,4,TD,4S,2.9798929627434547,4.503122482770749,0.07604722671608288,0.20435561371342992,1.2680867526420152,1.8640586016468235,No,No,No,No,,,,data/4cys-large/output/xyz_files/5vsc_ZN_homo_d2.60_cluster8.xyz,1.40
5vsd,1,homo,1,ZN,ZN,A,3002,,ZN,,1.0,4,TD,4S,7.2692794828504645,12.462656359818226,0.02680494750332197,0.06763480949035072,1.2107428449729887,1.6252057173562569,No,No,No,No,,,,data/4cys-large/output/xyz_files/5vsd_ZN_homo_d2.60_cluster1.xyz,1.85
5vsd,2,homo,1,ZN,ZN,A,3003,,ZN,,1.0,4,TD,4S,4.280126797422992,7.281185040213103,0.037764296693931616,0.1051489609563423,1.2666013605430617,1.9828553434148524,No,No,No,No,,,,data/4cys-large/output/xyz_files/5vsd_ZN_homo_d2.60_cluster2.xyz,1.85
5vsd,3,homo,1,ZN,ZN,A,3004,,ZN,,1.0,4,TD,4S,3.816996034099445,7.278049042351185,0.08717231992486431,0.2292056987752069,1.2773200621669099,1.9928669648408648,No,No,No,No,,,,data/4cys-large/output/xyz_files/5vsd_ZN_homo_d2.60_cluster3.xyz,1.85
5vsd,4,homo,1,ZN,ZN,A,3005,,ZN,,1.0,4,TD,4S,4.849227693423254,7.383302603742337,0.03232831609974692,0.08922034797403144,1.2453256716979013,1.3541807377090591,No,No,No,No,,,,data/4cys-large/output/xyz_files/5vsd_ZN_homo_d2.60_cluster4.xyz,1.85
5vsd,5,homo,1,ZN,ZN,B,3002,,ZN,,1.0,4,TD,4S,7.136643420247459,12.16022344770191,0.024489855011433335,0.05919151482574847,1.2037817683101593,1.5601369495077477,No,No,No,No,,,,data/4cys-large/output/xyz_files/5vsd_ZN_homo_d2.60_cluster5.xyz,1.85
5vsd,6,homo,1,ZN,ZN,B,3003,,ZN,,1.0,4,TD,4S,4.036941470310943,5.545885678811487,0.037006670873081904,0.09094682987064884,1.2650053957837168,1.4942377772020792,No,No,No,No,,,,data/4cys-large/output/xyz_files/5vsd_ZN_homo_d2.60_cluster6.xyz,1.85
5vsd,7,homo,1,ZN,ZN,B,3004,,ZN,,1.0,4,TD,4S,5.393291303178406,11.268377125316235,0.0245307029827323,0.05987419952825457,1.28917058658808,1.6391642789602185,No,No,No,No,,,,data/4cys-large/output/xyz_files/5vsd_ZN_homo_d2.60_cluster7.xyz,1.85
5vsd,8,homo,1,ZN,ZN,B,3005,,ZN,,1.0,4,TD,4S,3.3833656788844566,5.6198578202385505,0.05745135942402721,0.15122520119423521,1.2966835995449202,1.612541794892463,No,No,No,No,,,,data/4cys-large/output/xyz_files/5vsd_ZN_homo_d2.60_cluster8.xyz,1.85
5vse,1,homo,1,ZN,ZN,A,1501,,ZN,,1.0,4,TD,4S,3.947677683175614,5.558011364206578,0.03938516632539857,0.0995069993538964,1.2785945973420645,1.740037804993007,No,No,No,No,,,,data/4cys-large/output/xyz_files/5vse_ZN_homo_d2.60_cluster1.xyz,1.60
5vse,2,homo,1,ZN,ZN,A,1502,,ZN,,1.0,4,TD,4S,6.513013378604555,12.440927720791919,0.05499375684488874,0.15056686406563147,1.2000458686702822,1.6095352758940813,No,No,No,No,,,,data/4cys-large/output/xyz_files/5vse_ZN_homo_d2.60_cluster2.xyz,1.60
5vse,3,homo,1,ZN,ZN,A,1503,,ZN,,1.0,4,TD,4S,4.204493116631369,6.807749873581585,0.0754866874901191,0.20399476970308195,1.2821607988373163,2.199047742178517,No,No,No,No,,,,data/4cys-large/output/xyz_files/5vse_ZN_homo_d2.60_cluster3.xyz,1.60
5vse,4,homo,1,ZN,ZN,A,1504,,ZN,,1.0,4,TD,4S,0.7116935282818623,1.3059057382386499,0.09895213351716996,0.27424270671048534,1.2729847267644814,2.1396978821512387,No,No,No,No,,,,data/4cys-large/output/xyz_files/5vse_ZN_homo_d2.60_cluster4.xyz,1.60
5vse,5,homo,1,ZN,ZN,B,1501,,ZN,,1.0,4,TD,4S,4.013278659633367,5.499993958460152,0.026609487960892776,0.06520693106855902,1.290711227192878,1.698342912143818,No,No,No,No,,,,data/4cys-large/output/xyz_files/5vse_ZN_homo_d2.60_cluster5.xyz,1.60
5vse,6,homo,1,ZN,ZN,B,1502,,ZN,,1.0,4,TD,4S,6.470726441643999,10.610627585772704,0.06285579277427525,0.16197097846986885,1.2191637492792695,1.8284058658918063,No,No,No,No,,,,data/4cys-large/output/xyz_files/5vse_ZN_homo_d2.60_cluster6.xyz,1.60
5vse,7,homo,1,ZN,ZN,B,1503,,ZN,,1.0,4,TD,4S,3.875922950614351,7.977616487962848,0.07171645848889747,0.181567143264878,1.2616336653595266,1.9582720082025187,No,No,No,No,,,,data/4cys-large/output/xyz_files/5vse_ZN_homo_d2.60_cluster7.xyz,1.60
5vse,8,homo,1,ZN,ZN,B,1504,,ZN,,1.0,4,TD,4S,3.0750142048890754,4.634217687885183,0.07177967282753747,0.1850928591170864,1.2723111403340988,1.9070477421512626,No,No,No,No,,,,data/4cys-large/output/xyz_files/5vse_ZN_homo_d2.60_cluster8.xyz,1.60
5vsf,1,homo,1,ZN,ZN,A,3002,,ZN,,1.0,4,TD,4S,5.579407249187618,9.757397381681358,0.037525805733891845,0.10073430510160497,1.2328302114374237,1.7028692309275342,No,No,No,No,,,,data/4cys-large/output/xyz_files/5vsf_ZN_homo_d2.60_cluster1.xyz,1.70
5vsf,2,homo,1,ZN,ZN,A,3003,,ZN,,1.0,4,TD,4S,3.2873856353966135,5.555145621043309,0.017326430690846942,0.04571850555718626,1.3027634708103315,1.752823805245238,No,No,No,No,,,,data/4cys-large/output/xyz_files/5vsf_ZN_homo_d2.60_cluster2.xyz,1.70
5vsf,3,homo,1,ZN,ZN,A,3004,,ZN,,1.0,4,TD,4S,3.6843879786759532,6.947269428239025,0.020185166184850185,0.051752263674891275,1.2998195799079726,1.8653761642922149,No,No,No,No,,,,data/4cys-large/output/xyz_files/5vsf_ZN_homo_d2.60_cluster3.xyz,1.70
5vsf,4,homo,1,ZN,ZN,A,3005,,ZN,,1.0,4,TD,4S,4.569729073196206,6.4395512669017165,0.02155470576146156,0.05951377513023193,1.2392271447116778,1.3551922586694236,No,No,No,No,,,,data/4cys-large/output/xyz_files/5vsf_ZN_homo_d2.60_cluster4.xyz,1.70
5vsf,5,homo,1,ZN,ZN,B,3002,,ZN,,1.0,4,TD,4S,7.020970727711058,12.103472387996504,0.019192943500228904,0.04641877926388549,1.2053825453839204,1.625370925090905,No,No,No,No,,,,data/4cys-large/output/xyz_files/5vsf_ZN_homo_d2.60_cluster5.xyz,1.70
5vsf,6,homo,1,ZN,ZN,B,3003,,ZN,,1.0,4,TD,4S,3.3983611353152705,4.611333444558653,0.01386277488735347,0.029963367747552816,1.2835137784285358,1.4740172934798634,No,No,No,No,,,,data/4cys-large/output/xyz_files/5vsf_ZN_homo_d2.60_cluster6.xyz,1.70
5vsf,7,homo,1,ZN,ZN,B,3004,,ZN,,1.0,4,TD,4S,4.452620697883095,9.286327511328892,0.021083623568667786,0.05135240315501122,1.2825606120507587,1.667249998040932,No,No,No,No,,,,data/4cys-large/output/xyz_files/5vsf_ZN_homo_d2.60_cluster7.xyz,1.70
5vsf,8,homo,1,ZN,ZN,B,3005,,ZN,,1.0,4,TD,4S,4.210993328930816,6.628081873909736,0.03477688908625595,0.09463361471235965,1.2512050191127957,1.46351926036262,No,No,No,No,,,,data/4cys-large/output/xyz_files/5vsf_ZN_homo_d2.60_cluster8.xyz,1.70
5vuj,1,homo,1,ZN,ZN,B,805,,ZN,,1.0,4,TD,4S,5.283800352718743,9.10076588392198,0.05198142085250772,0.11775088530219735,1.3171674707431018,2.0552701135267952,No,No,No,No,,,,data/4cys-large/output/xyz_files/5vuj_ZN_homo_d2.60_cluster1.xyz,1.95
5vuk,1,homo,1,ZN,ZN,A,805,,ZN,,1.0,4,TD,4S,9.027507654929373,17.122212028676657,0.03147291904036562,0.08330632885869038,1.248765377136661,1.819513504940458,No,No,No,No,,,,data/4cys-large/output/xyz_files/5vuk_ZN_homo_d2.60_cluster1.xyz,1.95
5vul,1,homo,1,ZN,ZN,A,805,,ZN,,1.0,4,TD,4S,6.329004111315183,10.633362620034674,0.014861499331213855,0.03776560235573534,1.2896427357894042,1.8045391785236609,No,No,No,No,,,,data/4cys-large/output/xyz_files/5vul_ZN_homo_d2.60_cluster1.xyz,2.00
5vun,1,homo,1,ZN,ZN,A,806,,ZN,,1.0,4,TD,4S,8.10879966947719,11.853963374020509,0.003808672627985255,0.0094986337459817,1.2211666355041337,1.601232330934018,No,No,No,No,,,,data/4cys-large/output/xyz_files/5vun_ZN_homo_d2.60_cluster1.xyz,1.75
5vuo,1,homo,1,ZN,ZN,A,805,,ZN,,1.0,4,TD,4S,8.882271026395753,11.450520292152447,0.020342571293828115,0.05315246779567229,1.1901146388869994,1.6239472627486298,No,No,No,No,,,,data/4cys-large/output/xyz_files/5vuo_ZN_homo_d2.60_cluster1.xyz,1.80
5vup,1,homo,1,ZN,ZN,A,805,,ZN,,1.0,4,TD,4S,6.503376270944422,10.624234120492872,0.03618533263551551,0.0983452742546822,1.243720645158012,1.7675655731436009,No,No,No,No,,,,data/4cys-large/output/xyz_files/5vup_ZN_homo_d2.60_cluster1.xyz,1.94
5vur,1,homo,1,ZN,ZN,A,805,,ZN,,1.0,4,TD,4S,6.947828460681209,12.496494399314628,0.05783982594361278,0.1434793319443597,1.2799953574976115,1.8602132427158269,No,No,No,No,,,,data/4cys-large/output/xyz_files/5vur_ZN_homo_d2.60_cluster1.xyz,1.97
5vus,1,homo,1,ZN,ZN,A,805,,ZN,,1.0,4,TD,4S,6.485717538741148,10.118711484947298,0.02474836295004757,0.0625014365505403,1.259523526078029,1.7476257152345334,No,No,No,No,,,,data/4cys-large/output/xyz_files/5vus_ZN_homo_d2.60_cluster1.xyz,1.95
5vut,1,homo,1,ZN,ZN,A,805,,ZN,,1.0,4,TD,4S,7.339110553500035,11.680946948718088,0.039275701575025565,0.09851858537116565,1.2440172102172116,1.8316501181657452,No,No,No,No,,,,data/4cys-large/output/xyz_files/5vut_ZN_homo_d2.60_cluster1.xyz,2.00
5vuu,1,homo,1,ZN,ZN,A,806,,ZN,,1.0,4,TD,4S,8.130812103067512,10.667581099628435,0.04575641181454006,0.10783711564936826,1.2241482027792026,1.4482355804138003,No,No,No,No,,,,data/4cys-large/output/xyz_files/5vuu_ZN_homo_d2.60_cluster1.xyz,1.96
5vuv,1,homo,1,ZN,ZN,A,804,,ZN,,1.0,4,TD,4S,6.992307304692508,12.376718914741147,0.028620363569167095,0.0783961874344472,1.2622621335947801,1.7571697833239561,No,No,No,No,,,,data/4cys-large/output/xyz_files/5vuv_ZN_homo_d2.60_cluster1.xyz,1.98
5vuz,1,homo,1,ZN,ZN,A,804,,ZN,,1.0,4,TD,4S,7.386457394052744,12.380237980710064,0.02361869987284446,0.0655325104445521,1.2256191477432619,1.884856943431065,No,No,No,No,,,,data/4cys-large/output/xyz_files/5vuz_ZN_homo_d2.60_cluster1.xyz,1.97
5vv0,1,homo,1,ZN,ZN,A,804,,ZN,,1.0,4,TD,4S,8.284549637815438,13.33890353624534,0.010831375316892981,0.02978269569032843,1.2225624542811975,1.7475422471113073,No,No,No,No,,,,data/4cys-large/output/xyz_files/5vv0_ZN_homo_d2.60_cluster1.xyz,1.80
5vv1,1,homo,1,ZN,ZN,A,804,,ZN,,1.0,4,TD,4S,8.977129106967853,13.794113039811123,0.028507526886480818,0.07425006411045976,1.2142728310117434,1.637487963073781,No,No,No,No,,,,data/4cys-large/output/xyz_files/5vv1_ZN_homo_d2.60_cluster1.xyz,1.95
5vv2,1,homo,1,ZN,ZN,A,804,,ZN,,1.0,4,TD,4S,8.407920787945596,12.811972408458189,0.019934480224683103,0.05080792881677443,1.2249660741939223,1.743793925724398,No,No,No,No,,,,data/4cys-large/output/xyz_files/5vv2_ZN_homo_d2.60_cluster1.xyz,2.00
5vv6,1,homo,1,ZN,ZN,A,508,,ZN,,1.0,4,TD,4S,5.648691112987602,11.188871027024405,0.015973640920393696,0.036730040250592566,1.296364355264226,1.8325044986621628,No,No,No,No,,,,data/4cys-large/output/xyz_files/5vv6_ZN_homo_d2.60_cluster1.xyz,2.00
5vzv,1,homo,1,ZN,ZN,A,201,,ZN,,1.0,4,TD,4S,5.6231506099165705,9.0815558342359,0.06625583327182857,0.16100833234139023,1.2056295325332667,1.736936362194008,No,No,No,No,,,,data/4cys-large/output/xyz_files/5vzv_ZN_homo_d2.60_cluster1.xyz,1.81
5vzv,3,homo,1,ZN,ZN,B,201,,ZN,,1.0,4,TD,4S,6.780843508142103,11.337721944011776,0.08816349173845328,0.2474267089973612,1.177000833419514,1.7782929953257445,No,No,No,No,,,,data/4cys-large/output/xyz_files/5vzv_ZN_homo_d2.60_cluster3.xyz,1.81
5vzv,5,homo,1,ZN,ZN,C,201,,ZN,,1.0,4,TD,4S,5.255540147574091,7.12753262132631,0.042056942390712344,0.11274036373898122,1.238925043947793,1.8577834401227675,No,No,No,No,,,,data/4cys-large/output/xyz_files/5vzv_ZN_homo_d2.60_cluster5.xyz,1.81
5w9q,1,homo,1,ZN,ZN,A,1001,,ZN,,1.0,4,TD,4S,7.119336625469508,13.20121685041208,0.024307165743744037,0.06101606354041067,1.1734696338479969,1.3618231370033766,No,No,No,No,,,,data/4cys-large/output/xyz_files/5w9q_ZN_homo_d2.60_cluster1.xyz,1.80
5w9q,2,homo,1,ZN,ZN,A,1002,,ZN,,1.0,4,TD,4S,6.11359006083193,10.257115130604873,0.025862911502374308,0.07128893626365684,1.204255399440126,1.4495205731256846,No,No,No,No,,,,data/4cys-large/output/xyz_files/5w9q_ZN_homo_d2.60_cluster2.xyz,1.80
5w9q,3,homo,1,ZN,ZN,B,1001,,ZN,,1.0,4,TD,4S,8.126193892872148,15.070337863311266,0.025068582841406898,0.06614246916378841,1.1483746733915934,1.347183326050863,No,No,No,No,,,,data/4cys-large/output/xyz_files/5w9q_ZN_homo_d2.60_cluster3.xyz,1.80
5w9q,4,homo,1,ZN,ZN,B,1002,,ZN,,1.0,4,TD,4S,11.937272205122985,19.47805425012794,0.02152290190406672,0.058292202627789,1.0719926999820286,1.2626602726104597,No,No,No,No,,,,data/4cys-large/output/xyz_files/5w9q_ZN_homo_d2.60_cluster4.xyz,1.80
5wau,1,homo,1,ZN,ZN,F,101,,ZN,,1.0,4,TD,4S,3.6488289503695506,6.858098879635548,0.02185457977997268,0.04819017095694145,1.2646568338433124,1.8492336312162838,No,No,No,No,,,,data/4cys-large/output/xyz_files/5wau_ZN_homo_d2.60_cluster1.xyz,1.95
5wau,2,homo,1,ZN,ZN,f,101,,ZN,,1.0,4,TD,4S,4.53141134595966,8.025587434897503,0.01648963795652503,0.046098122995644086,1.275915450798368,1.658585125439171,No,No,No,No,,,,data/4cys-large/output/xyz_files/5wau_ZN_homo_d2.60_cluster2.xyz,1.95
5wfi,1,homo,1,ZN,ZN,A,2005,,ZN,,0.69,4,TD,4S,6.386528675204557,10.61636908552326,0.04371515632543127,0.10803975314325553,1.223317055274362,1.4408164276312045,No,No,No,No,,,,data/4cys-large/output/xyz_files/5wfi_ZN_homo_d2.60_cluster1.xyz,1.85
5wfi,2,homo,1,ZN,ZN,B,2005,,ZN,,0.86,4,TD,4S,2.991823712666604,4.988906985786002,0.04039216192715355,0.1092095320250519,1.284962391540536,1.7779986696435919,No,No,No,No,,,,data/4cys-large/output/xyz_files/5wfi_ZN_homo_d2.60_cluster2.xyz,1.85
5wgx,1,homo,1,ZN,ZN,A,706,,ZN,,1.0,4,TD,4S,3.779873897524912,7.06350914190898,0.03218203570695329,0.08192635624916811,1.2864785553128146,1.9143619084468153,No,No,No,No,,,,data/4cys-large/output/xyz_files/5wgx_ZN_homo_d2.60_cluster1.xyz,1.97
5wgy,1,homo,1,ZN,ZN,A,705,,ZN,,1.0,4,TD,4S,3.8441545629635354,6.289761093361648,0.03637605178397956,0.0943089162972588,1.2808785646657463,1.7412888908138813,No,No,No,No,,,,data/4cys-large/output/xyz_files/5wgy_ZN_homo_d2.60_cluster1.xyz,2.00
5wle,2,homo,1,ZN,ZN,A,1002,,ZN,,1.0,4,TD,4S,5.117043278811352,9.018056066505409,0.031206699661175005,0.07381271730139716,1.2930992266161419,2.076687971296083,No,No,No,No,,,,data/4cys-large/output/xyz_files/5wle_ZN_homo_d2.60_cluster2.xyz,1.95
5wlf,1,homo,1,ZN,ZN,A,1002,,ZN,,1.0,4,TD,4S,4.324941841073839,4.798167221169095,0.021339219068645783,0.05417219188834155,1.2594291504014137,1.664127553254044,No,No,No,No,,,,data/4cys-large/output/xyz_files/5wlf_ZN_homo_d2.60_cluster1.xyz,1.40
5wxg,1,homo,1,ZN,ZN,A,1001,,ZN,,1.0,4,TD,4S,2.2108253151743322,4.253040202236718,0.04187250748812188,0.10493457937097928,1.3163363398789694,1.4356493197515887,No,No,No,No,,,,data/4cys-large/output/xyz_files/5wxg_ZN_homo_d2.60_cluster1.xyz,1.70
5wxh,1,homo,1,ZN,ZN,A,1001,,ZN,,1.0,4,TD,4S,2.1816353464154936,3.9843885826394683,0.012689571327295448,0.03307813781084645,1.3144278063981158,2.1271982558040974,No,No,No,No,,,,data/4cys-large/output/xyz_files/5wxh_ZN_homo_d2.60_cluster1.xyz,1.30
5wxh,3,homo,1,ZN,ZN,C,1001,,ZN,,1.0,4,TD,4S,1.500879298705138,2.559416551919071,0.053997006204883284,0.1315039319364093,1.2908875432107052,2.170603168802206,No,No,No,No,,,,data/4cys-large/output/xyz_files/5wxh_ZN_homo_d2.60_cluster3.xyz,1.30
5x16,1,homo,1,ZN,ZN,A,402,,ZN,,1.0,4,TD,4S,4.648762940087859,9.16817950039183,0.027686325613213374,0.07413484531995485,1.2582550833418864,1.59100986100992,No,No,No,No,,,,data/4cys-large/output/xyz_files/5x16_ZN_homo_d2.60_cluster1.xyz,1.97
5x42,1,homo,1,ZN,ZN,A,301,,ZN,,1.0,4,TD,4S,5.962465101919807,10.227155760625323,0.08291585987273536,0.21848359404106654,1.2921402137817446,2.000151932590769,No,No,No,No,,,,data/4cys-large/output/xyz_files/5x42_ZN_homo_d2.60_cluster1.xyz,1.80
5x42,2,homo,1,ZN,ZN,C,301,,ZN,,1.0,4,TD,4S,4.202493381568409,8.23442751657916,0.017349172997674356,0.043599388132063766,1.2901249587200678,1.840900253451058,No,No,No,No,,,,data/4cys-large/output/xyz_files/5x42_ZN_homo_d2.60_cluster2.xyz,1.80
5xdq,1,homo,1,ZN,ZN,F,101,,ZN,,1.0,4,TD,4S,4.6626801653591,10.015832242045946,0.004130405970270122,0.010345653359062457,1.2818764243496616,1.4378883854191795,No,No,No,No,,,,data/4cys-large/output/xyz_files/5xdq_ZN_homo_d2.60_cluster1.xyz,1.77
5xdq,2,homo,1,ZN,ZN,S,101,,ZN,,1.0,4,TD,4S,4.418790305918802,9.052971334736995,0.0017733966779503853,0.004042654552267155,1.2829559158882011,1.4959618622727824,No,No,No,No,,,,data/4cys-large/output/xyz_files/5xdq_ZN_homo_d2.60_cluster2.xyz,1.77
5xdx,1,homo,1,ZN,ZN,F,101,,ZN,,1.0,4,TD,4S,4.086709569658758,8.725172766985622,0.006045850401627406,0.015182939294700937,1.2876814423420169,1.4120616633663237,No,No,No,No,,,,data/4cys-large/output/xyz_files/5xdx_ZN_homo_d2.60_cluster1.xyz,1.99
5xdx,2,homo,1,ZN,ZN,S,101,,ZN,,1.0,4,TD,4S,4.326720346297576,9.042002410366493,0.006711822200112805,0.01747331112966588,1.286051253258296,1.4920833164062168,No,No,No,No,,,,data/4cys-large/output/xyz_files/5xdx_ZN_homo_d2.60_cluster2.xyz,1.99
5xfn,1,homo,1,ZN,ZN,A,401,,ZN,,1.0,4,TD,4S,2.9734792752542005,4.449620973601881,0.049197674069555025,0.13531379073093985,1.319177531412641,2.2650996118004834,No,No,No,No,,,,data/4cys-large/output/xyz_files/5xfn_ZN_homo_d2.60_cluster1.xyz,1.90
5xfn,4,homo,1,ZN,ZN,A,404,,ZN,,1.0,4,TD,4S,3.736255122915914,5.325332043975976,0.02655832644982188,0.07308412340586745,1.2971602863567182,1.8159092540646231,No,No,No,No,,,,data/4cys-large/output/xyz_files/5xfn_ZN_homo_d2.60_cluster4.xyz,1.90
5xfo,1,homo,1,ZN,ZN,A,401,,ZN,,1.0,4,TD,4S,5.586587289224415,7.721482561417133,0.08865712358487172,0.23980729670291678,1.2438669199888512,1.5815502475558572,No,No,No,No,,,,data/4cys-large/output/xyz_files/5xfo_ZN_homo_d2.60_cluster1.xyz,1.90
5xfo,4,homo,1,ZN,ZN,A,404,,ZN,,1.0,4,TD,4S,4.016553519974585,7.0012871105043075,0.05311079956453212,0.14248815739346066,1.274030077556754,1.7044785757622423,No,No,No,No,,,,data/4cys-large/output/xyz_files/5xfo_ZN_homo_d2.60_cluster4.xyz,1.90
5xmy,1,homo,1,ZN,ZN,A,1001,,ZN,,1.0,4,TD,4S,1.232233759431753,1.5869024468902353,0.03466693585446197,0.09361043133823843,1.3169032186338225,2.0538375613087703,No,No,No,No,,,,data/4cys-large/output/xyz_files/5xmy_ZN_homo_d2.60_cluster1.xyz,1.70
5xmy,3,homo,1,ZN,ZN,C,1001,,ZN,,1.0,4,TD,4S,7.090350034642182,11.306152215272135,0.07769312348947674,0.1928799106660648,1.1718813062805848,1.9897272920418079,No,No,No,No,,,,data/4cys-large/output/xyz_files/5xmy_ZN_homo_d2.60_cluster3.xyz,1.70
5xu8,1,homo,1,ZN,ZN,A,702,,ZN,,1.0,4,TD,4S,4.223903747143534,7.982118712014213,0.027376599122071254,0.07093441159707714,1.2953282438065756,1.5961065722372372,No,No,No,No,,,,data/4cys-large/output/xyz_files/5xu8_ZN_homo_d2.60_cluster1.xyz,1.81
5xve,1,homo,1,ZN,ZN,A,701,,ZN,,1.0,4,TD,4S,1.8393553306809267,3.3337732169240013,0.02150052136762628,0.05161379012978706,1.3062700922462624,1.7819764155370035,No,No,No,No,,,,data/4cys-large/output/xyz_files/5xve_ZN_homo_d2.60_cluster1.xyz,1.24
5xxj,2,homo,1,ZN,ZN,A,502,,ZN,,1.0,4,TD,4S,5.875587566318643,12.142217120583254,0.07428323603830611,0.20800263706181354,1.2283552889336073,1.5150786599318655,No,No,No,No,,,,data/4cys-large/output/xyz_files/5xxj_ZN_homo_d2.60_cluster2.xyz,1.69
5xxj,3,homo,1,ZN,ZN,A,503,,ZN,,1.0,4,TD,4S,5.354822494490757,9.297650399133119,0.019442213011708523,0.05154301580176002,1.2807484427874305,1.8468678325446923,No,No,No,No,,,,data/4cys-large/output/xyz_files/5xxj_ZN_homo_d2.60_cluster3.xyz,1.69
5y0z,1,homo,1,ZN,ZN,A,501,,ZN,,1.0,4,TD,4S,7.697703772851207,16.33125720836358,0.01967217554921765,0.048592193506082904,1.197776855728361,1.7323049294885684,No,No,No,No,,,,data/4cys-large/output/xyz_files/5y0z_ZN_homo_d2.60_cluster1.xyz,2.00
5y0z,2,homo,1,ZN,ZN,B,501,,ZN,,1.0,4,TD,4S,7.881754407217017,16.803877255452207,0.03109268579319567,0.07898721497279793,1.1922095975707319,1.7357914547454574,No,No,No,No,,,,data/4cys-large/output/xyz_files/5y0z_ZN_homo_d2.60_cluster2.xyz,2.00
5y3e,1,homo,1,ZN,ZN,A,401,,ZN,,1.0,4,TD,4S,2.8647035352959294,4.2516783968843725,0.0476659830655857,0.13064842089324324,1.287659268864216,1.9388337589554279,No,No,No,No,,,,data/4cys-large/output/xyz_files/5y3e_ZN_homo_d2.60_cluster1.xyz,1.65
5y3q,1,homo,1,ZN,ZN,A,401,,ZN,,1.0,4,TD,4S,2.8078879655270574,3.790145614438984,0.02415612895575366,0.06479669480058625,1.291808638252631,1.7407453458969089,No,No,No,No,,,,data/4cys-large/output/xyz_files/5y3q_ZN_homo_d2.60_cluster1.xyz,1.65
5yat,2,homo,1,ZN,ZN,A,405,,ZN,,1.0,4,TD,4S,6.902413691679625,11.337717368546464,0.02460633028772372,0.0640963413704636,1.1839331261353796,1.2363477421027484,No,No,No,No,,,,data/4cys-large/output/xyz_files/5yat_ZN_homo_d2.60_cluster2.xyz,1.75
5yat,4,homo,1,ZN,ZN,B,405,,ZN,,1.0,4,TD,4S,4.868953551588696,8.8862013548205,0.03938190236751044,0.09772386880013384,1.230602024205585,1.4619380620681142,No,No,No,No,,,,data/4cys-large/output/xyz_files/5yat_ZN_homo_d2.60_cluster4.xyz,1.75
5yiz,1,homo,1,ZN,ZN,A,502,,ZN,,1.0,4,TD,4S,4.600652255536291,9.884943825194895,0.03349991205095629,0.092832992723209,1.2527971158295699,1.803138908430629,No,No,No,No,,,,data/4cys-large/output/xyz_files/5yiz_ZN_homo_d2.60_cluster1.xyz,2.00
5yiz,2,homo,1,ZN,ZN,D,502,,ZN,,1.0,4,TD,4S,4.595335698731421,9.255943480992272,0.02915886744387624,0.07833983671854705,1.256835255605637,1.7882197071155828,No,No,No,No,,,,data/4cys-large/output/xyz_files/5yiz_ZN_homo_d2.60_cluster2.xyz,2.00
5yiz,3,homo,1,ZN,ZN,G,502,,ZN,,1.0,4,TD,4S,4.7076041945275415,10.041055231765583,0.040731829718377285,0.1103460611963829,1.2522953243476587,1.799033761503276,No,No,No,No,,,,data/4cys-large/output/xyz_files/5yiz_ZN_homo_d2.60_cluster3.xyz,2.00
5yiz,4,homo,1,ZN,ZN,J,502,,ZN,,1.0,4,TD,4S,7.818955629389053,13.925592986334365,0.018543357621210645,0.05122981795235759,1.1807822390541074,1.3295568952739127,No,No,No,No,,,,data/4cys-large/output/xyz_files/5yiz_ZN_homo_d2.60_cluster4.xyz,2.00
5yiz,5,homo,1,ZN,ZN,M,502,,ZN,,1.0,4,TD,4S,7.751971795464981,13.481926494274887,0.013478287524401174,0.03593436976227116,1.188052848543476,1.4389554522674777,No,No,No,No,,,,data/4cys-large/output/xyz_files/5yiz_ZN_homo_d2.60_cluster5.xyz,2.00
5yiz,6,homo,1,ZN,ZN,P,502,,ZN,,1.0,4,TD,4S,7.6062367435649225,11.30496653907025,0.0278240042640686,0.06968120306627368,1.1817041894560556,1.596603172287016,No,No,No,No,,,,data/4cys-large/output/xyz_files/5yiz_ZN_homo_d2.60_cluster6.xyz,2.00
5yiz,7,homo,1,ZN,ZN,S,502,,ZN,,1.0,4,TD,4S,7.238463521019905,10.883651997541463,0.059037178946698875,0.14354973128131565,1.1927559075698202,1.4869469369297232,No,No,No,No,,,,data/4cys-large/output/xyz_files/5yiz_ZN_homo_d2.60_cluster7.xyz,2.00
5yiz,8,homo,1,ZN,ZN,V,502,,ZN,,1.0,4,TD,4S,8.09559005134245,12.758015919320144,0.005788156155982396,0.012241774134424066,1.1691394793991823,1.376466863510645,No,No,No,No,,,,data/4cys-large/output/xyz_files/5yiz_ZN_homo_d2.60_cluster8.xyz,2.00
5yiz,9,homo,1,ZN,ZN,Y,502,,ZN,,1.0,4,TD,4S,7.41499921177883,12.95220460318859,0.017678094407894872,0.0469790863809032,1.1935248232868634,1.404569106232917,No,No,No,No,,,,data/4cys-large/output/xyz_files/5yiz_ZN_homo_d2.60_cluster9.xyz,2.00
5yiz,10,homo,1,ZN,ZN,b,502,,ZN,,1.0,4,TD,4S,7.141061099261458,10.089540846350005,0.01923476552097826,0.05309545335068355,1.194796356253554,1.569918847232078,No,No,No,No,,,,data/4cys-large/output/xyz_files/5yiz_ZN_homo_d2.60_cluster10.xyz,2.00
5yiz,11,homo,1,ZN,ZN,e,502,,ZN,,1.0,4,TD,4S,8.035369404692222,14.351994758413241,0.014261253612658176,0.03783627516300392,1.1835200667661145,1.4159723474081147,No,No,No,No,,,,data/4cys-large/output/xyz_files/5yiz_ZN_homo_d2.60_cluster11.xyz,2.00
5yiz,12,homo,1,ZN,ZN,h,502,,ZN,,1.0,4,TD,4S,8.019169116664695,13.489981111875636,0.01165064974388859,0.03235984330467678,1.1730847030246174,1.397917908822652,No,No,No,No,,,,data/4cys-large/output/xyz_files/5yiz_ZN_homo_d2.60_cluster12.xyz,2.00
5yiz,13,homo,1,ZN,ZN,k,502,,ZN,,1.0,4,TD,4S,7.776129357057401,13.685283969872415,0.01999361018124839,0.049216714783737014,1.1936955323126228,1.4447752174035495,No,No,No,No,,,,data/4cys-large/output/xyz_files/5yiz_ZN_homo_d2.60_cluster13.xyz,2.00
5yiz,14,homo,1,ZN,ZN,n,502,,ZN,,1.0,4,TD,4S,8.258250091036576,13.151869895805916,0.0017676320236566716,0.004517749065079624,1.1579793074141551,1.3759947424981656,No,No,No,No,,,,data/4cys-large/output/xyz_files/5yiz_ZN_homo_d2.60_cluster14.xyz,2.00
5yiz,15,homo,1,ZN,ZN,q,502,,ZN,,1.0,4,TD,4S,7.592107412688427,11.20382984086767,0.020824685093942353,0.05763371235041692,1.1892390426028907,1.514079659117254,No,No,No,No,,,,data/4cys-large/output/xyz_files/5yiz_ZN_homo_d2.60_cluster15.xyz,2.00
5yiz,16,homo,1,ZN,ZN,t,502,,ZN,,1.0,4,TD,4S,4.388513453003339,9.244895859931063,0.02778276850149204,0.07299272956414704,1.2591721568792649,1.85966326221858,No,No,No,No,,,,data/4cys-large/output/xyz_files/5yiz_ZN_homo_d2.60_cluster16.xyz,2.00
5yj0,1,homo,1,ZN,ZN,A,502,,ZN,,1.0,4,TD,4S,4.787463808576896,8.847334431822247,0.003155193123627971,0.008202609854656373,1.2655903426361539,1.9735659999126252,No,No,No,No,,,,data/4cys-large/output/xyz_files/5yj0_ZN_homo_d2.60_cluster1.xyz,1.80
5yj0,2,homo,1,ZN,ZN,D,502,,ZN,,1.0,4,TD,4S,4.375480773903819,8.84181818517527,0.00324222957220426,0.007961844270561791,1.270342079041693,1.9109327538362373,No,No,No,No,,,,data/4cys-large/output/xyz_files/5yj0_ZN_homo_d2.60_cluster2.xyz,1.80
5yj0,3,homo,1,ZN,ZN,G,502,,ZN,,1.0,4,TD,4S,4.394928382298719,8.636444545361329,0.0023666969829705176,0.006659728714325741,1.2707048142892798,1.9900543881016688,No,No,No,No,,,,data/4cys-large/output/xyz_files/5yj0_ZN_homo_d2.60_cluster3.xyz,1.80
5yj0,4,homo,1,ZN,ZN,J,502,,ZN,,1.0,4,TD,4S,7.768542387377453,14.270186171421074,0.0012867591847746183,0.0032983334011413845,1.1848485577031098,1.4514063468171905,No,No,No,No,,,,data/4cys-large/output/xyz_files/5yj0_ZN_homo_d2.60_cluster4.xyz,1.80
5yj0,5,homo,1,ZN,ZN,M,502,,ZN,,1.0,4,TD,4S,7.0919933478252695,13.222694499212452,0.0025794772016984086,0.006180263393496421,1.216660485386485,1.6326306188800295,No,No,No,No,,,,data/4cys-large/output/xyz_files/5yj0_ZN_homo_d2.60_cluster5.xyz,1.80
5yj0,6,homo,1,ZN,ZN,P,502,,ZN,,1.0,4,TD,4S,6.441844581054701,9.752861026932564,0.0029284466121814274,0.008228233579061328,1.2146748358771275,1.7004449883919364,No,No,No,No,,,,data/4cys-large/output/xyz_files/5yj0_ZN_homo_d2.60_cluster6.xyz,1.80
5yj0,7,homo,1,ZN,ZN,S,502,,ZN,,1.0,4,TD,4S,6.3860847979245445,9.668105697286421,0.0034534121874816893,0.008806756164740914,1.2158687423382843,1.6966549598011336,No,No,No,No,,,,data/4cys-large/output/xyz_files/5yj0_ZN_homo_d2.60_cluster7.xyz,1.80
5yj0,8,homo,1,ZN,ZN,V,502,,ZN,,1.0,4,TD,4S,7.7663188260195355,13.79011085980352,0.0013047900670940373,0.0033584213418134112,1.1834664552295442,1.473536622583438,No,No,No,No,,,,data/4cys-large/output/xyz_files/5yj0_ZN_homo_d2.60_cluster8.xyz,1.80
5yj0,9,homo,1,ZN,ZN,Y,502,,ZN,,1.0,4,TD,4S,7.493102380005134,13.792135438689925,0.001748164790039338,0.0037146334760937982,1.2030252570791946,1.57019706675993,No,No,No,No,,,,data/4cys-large/output/xyz_files/5yj0_ZN_homo_d2.60_cluster9.xyz,1.80
5yj0,10,homo,1,ZN,ZN,b,502,,ZN,,1.0,4,TD,4S,6.313974906367773,9.571453288949272,0.002930820624591824,0.00718544259272802,1.2171749240860759,1.68341598813603,No,No,No,No,,,,data/4cys-large/output/xyz_files/5yj0_ZN_homo_d2.60_cluster10.xyz,1.80
5yj0,11,homo,1,ZN,ZN,e,502,,ZN,,1.0,4,TD,4S,7.434044098356918,14.282591682893468,0.0018689267857942035,0.004023454320624786,1.2058628701815453,1.5676626677004,No,No,No,No,,,,data/4cys-large/output/xyz_files/5yj0_ZN_homo_d2.60_cluster11.xyz,1.80
5yj0,12,homo,1,ZN,ZN,h,502,,ZN,,1.0,4,TD,4S,7.456382407974667,13.368534886709156,0.0020826385306248795,0.0055205598233785125,1.193761028503308,1.5191491986266101,No,No,No,No,,,,data/4cys-large/output/xyz_files/5yj0_ZN_homo_d2.60_cluster12.xyz,1.80
5yj0,13,homo,1,ZN,ZN,k,502,,ZN,,1.0,4,TD,4S,7.014242827328603,12.794295169019605,0.0023061243678811454,0.0057409629189932865,1.2118741187678304,1.542835293024269,No,No,No,No,,,,data/4cys-large/output/xyz_files/5yj0_ZN_homo_d2.60_cluster13.xyz,1.80
5yj0,14,homo,1,ZN,ZN,n,502,,ZN,,1.0,4,TD,4S,7.815556847495026,14.533546858404605,0.0016001315547079819,0.0036339715475950385,1.184462274826461,1.489903733126491,No,No,No,No,,,,data/4cys-large/output/xyz_files/5yj0_ZN_homo_d2.60_cluster14.xyz,1.80
5yj0,15,homo,1,ZN,ZN,q,502,,ZN,,1.0,4,TD,4S,6.3254464304954885,10.272008982868954,0.0029405815034143513,0.007170624219385413,1.2177122777717395,1.6722617323567839,No,No,No,No,,,,data/4cys-large/output/xyz_files/5yj0_ZN_homo_d2.60_cluster15.xyz,1.80
5yj0,16,homo,1,ZN,ZN,t,502,,ZN,,1.0,4,TD,4S,3.8827090251631207,8.395734033652019,0.0015400162543524002,0.003800364683323121,1.2753829526880338,1.9186109432763678,No,No,No,No,,,,data/4cys-large/output/xyz_files/5yj0_ZN_homo_d2.60_cluster16.xyz,1.80
5yj1,1,homo,1,ZN,ZN,A,502,,ZN,,1.0,4,TD,4S,5.001451993675094,10.08193008310107,0.032219712068357435,0.07593551538299392,1.2421939865375835,1.7337419315246505,No,No,No,No,,,,data/4cys-large/output/xyz_files/5yj1_ZN_homo_d2.60_cluster1.xyz,2.00
5yj1,2,homo,1,ZN,ZN,D,502,,ZN,,1.0,4,TD,4S,17.07752769523782,28.474372320105488,0.08629751515468154,0.21458510852425405,0.9855022491520123,1.2189307866643624,No,No,No,No,,,,data/4cys-large/output/xyz_files/5yj1_ZN_homo_d2.60_cluster2.xyz,2.00
5yj1,3,homo,1,ZN,ZN,G,502,,ZN,,1.0,4,TD,4S,4.782919571503163,9.5033910519725,0.006127943690951823,0.01625276729764691,1.252264761062258,1.79957220705464,No,No,No,No,,,,data/4cys-large/output/xyz_files/5yj1_ZN_homo_d2.60_cluster3.xyz,2.00
5yj1,4,homo,1,ZN,ZN,J,502,,ZN,,1.0,4,TD,4S,7.922100884304493,14.362404258694127,0.0022918481675161264,0.005451089975664569,1.18173594742024,1.4121711735290194,No,No,No,No,,,,data/4cys-large/output/xyz_files/5yj1_ZN_homo_d2.60_cluster4.xyz,2.00
5yj1,5,homo,1,ZN,ZN,M,502,,ZN,,1.0,4,TD,4S,7.181098327811759,12.988651788720617,0.004913078369762791,0.013639328517022875,1.195609074404138,1.403263818994744,No,No,No,No,,,,data/4cys-large/output/xyz_files/5yj1_ZN_homo_d2.60_cluster5.xyz,2.00
5yj1,6,homo,1,ZN,ZN,P,502,,ZN,,1.0,4,TD,4S,6.9807333041757405,10.88535989903906,0.008706059163082217,0.023106817670456525,1.1977891712236772,1.59421170407379,No,No,No,No,,,,data/4cys-large/output/xyz_files/5yj1_ZN_homo_d2.60_cluster6.xyz,2.00
5yj1,7,homo,1,ZN,ZN,S,502,,ZN,,1.0,4,TD,4S,6.8762422965567955,10.025804708961388,0.010009445761183884,0.026764299418053472,1.1992060927318713,1.6059616211848171,No,No,No,No,,,,data/4cys-large/output/xyz_files/5yj1_ZN_homo_d2.60_cluster7.xyz,2.00
5yj1,8,homo,1,ZN,ZN,V,502,,ZN,,1.0,4,TD,4S,7.856449140743559,13.909221713924737,0.001785570836412102,0.004432716079476595,1.1790040454325705,1.4301859594245405,No,No,No,No,,,,data/4cys-large/output/xyz_files/5yj1_ZN_homo_d2.60_cluster8.xyz,2.00
5yj1,9,homo,1,ZN,ZN,Y,502,,ZN,,1.0,4,TD,4S,7.075196037000709,12.335992431034256,0.005530504514632501,0.01449813701556435,1.2123112491767756,1.5154275153560652,No,No,No,No,,,,data/4cys-large/output/xyz_files/5yj1_ZN_homo_d2.60_cluster9.xyz,2.00
5yj1,10,homo,1,ZN,ZN,b,502,,ZN,,1.0,4,TD,4S,6.833870440090085,10.239465933684812,0.009143877878677289,0.02405869469036892,1.1967549602450165,1.5404464736369294,No,No,No,No,,,,data/4cys-large/output/xyz_files/5yj1_ZN_homo_d2.60_cluster10.xyz,2.00
5yj1,11,homo,1,ZN,ZN,e,502,,ZN,,1.0,4,TD,4S,7.250182272859933,13.392868421539688,0.007175539148383713,0.020249703193564894,1.2001177676544075,1.4817815997115626,No,No,No,No,,,,data/4cys-large/output/xyz_files/5yj1_ZN_homo_d2.60_cluster11.xyz,2.00
5yj1,12,homo,1,ZN,ZN,h,502,,ZN,,1.0,4,TD,4S,7.882797999540729,13.600110555044637,0.002360669618060189,0.005684798443949646,1.1739825632191465,1.4579856737656824,No,No,No,No,,,,data/4cys-large/output/xyz_files/5yj1_ZN_homo_d2.60_cluster12.xyz,2.00
5yj1,13,homo,1,ZN,ZN,k,502,,ZN,,1.0,4,TD,4S,8.088492738938283,15.245486167226716,0.006474354251450928,0.01795175508910951,1.1877985581314419,1.4869336955109858,No,No,No,No,,,,data/4cys-large/output/xyz_files/5yj1_ZN_homo_d2.60_cluster13.xyz,2.00
5yj1,14,homo,1,ZN,ZN,n,502,,ZN,,1.0,4,TD,4S,7.769925098084831,13.612266421620063,0.002462228123802367,0.006890321767970775,1.1800635903893422,1.4097553457069025,No,No,No,No,,,,data/4cys-large/output/xyz_files/5yj1_ZN_homo_d2.60_cluster14.xyz,2.00
5yj1,15,homo,1,ZN,ZN,q,502,,ZN,,1.0,4,TD,4S,6.442905737396157,8.62344266875047,0.010506765980115497,0.028431508531090888,1.2054941022986745,1.5475788063899505,No,No,No,No,,,,data/4cys-large/output/xyz_files/5yj1_ZN_homo_d2.60_cluster15.xyz,2.00
5yj1,16,homo,1,ZN,ZN,t,502,,ZN,,1.0,4,TD,4S,4.417015753074714,8.576176455826385,0.00406953742383477,0.0101131428404595,1.2545958682583285,1.765571409644797,No,No,No,No,,,,data/4cys-large/output/xyz_files/5yj1_ZN_homo_d2.60_cluster16.xyz,2.00
5yn5,2,homo,1,ZN,ZN,B,202,,ZN,,1.0,4,TD,4S,6.093157094493439,9.701887558784364,0.07585050660469807,0.20810271042835593,1.2302828798803072,1.638091698840133,No,No,No,No,,,,data/4cys-large/output/xyz_files/5yn5_ZN_homo_d2.60_cluster2.xyz,1.96
5yn6,2,homo,1,ZN,ZN,B,202,,ZN,,1.0,4,TD,4S,4.27995748320282,6.08454874142636,0.05305585604894526,0.1437478518159181,1.2605806311810581,1.7610013197121994,No,No,No,No,,,,data/4cys-large/output/xyz_files/5yn6_ZN_homo_d2.60_cluster2.xyz,1.95
5ynb,2,homo,1,ZN,ZN,B,202,,ZN,,1.0,4,TD_d,4S,3.773876095081428,5.603491936818244,0.1623713967853334,0.4372678861294612,1.2770141299531073,1.9793050330016002,No,No,Yes,No,,,,data/4cys-large/output/xyz_files/5ynb_ZN_homo_d2.60_cluster2.xyz,1.98
5ynf,2,homo,1,ZN,ZN,B,202,,ZN,,1.0,4,TD,4S,6.947398708256653,11.471500708314863,0.03203446420623285,0.07688307851099507,1.2210465180273986,1.9462349364651277,No,No,No,No,,,,data/4cys-large/output/xyz_files/5ynf_ZN_homo_d2.60_cluster2.xyz,1.79
5ynm,2,homo,1,ZN,ZN,B,202,,ZN,,1.0,4,TD,4S,4.659992235532179,8.131482778064921,0.02878577300713279,0.075283364339783,1.2719263611546068,1.85155246324699,No,No,No,No,,,,data/4cys-large/output/xyz_files/5ynm_ZN_homo_d2.60_cluster2.xyz,1.68
5ynn,2,homo,1,ZN,ZN,B,202,,ZN,,1.0,4,TD,4S,4.602654623318605,6.077260844139502,0.01686993233390252,0.04570677143053503,1.2841305363793283,1.9114717260338507,No,No,No,No,,,,data/4cys-large/output/xyz_files/5ynn_ZN_homo_d2.60_cluster2.xyz,1.86
5yno,2,homo,1,ZN,ZN,B,202,,ZN,,1.0,4,TD,4S,6.350553632951843,8.659222596260136,0.023777588276305873,0.0578664626457841,1.2685971441570698,2.123397244315411,No,No,No,No,,,,data/4cys-large/output/xyz_files/5yno_ZN_homo_d2.60_cluster2.xyz,1.96
5ynq,2,homo,1,ZN,ZN,B,202,,ZN,,1.0,4,TD,4S,13.248841726369138,23.825625416965877,0.013540318395727332,0.03164284947502605,1.1158494339871554,1.6017451801565434,No,No,No,No,,,,data/4cys-large/output/xyz_files/5ynq_ZN_homo_d2.60_cluster2.xyz,1.96
5yp7,1,homo,1,ZN,ZN,A,201,,ZN,,1.0,4,TD,4S,3.0252248383288114,3.8730641124147525,0.03320307459824679,0.07187949599648702,1.311250733075224,2.2314765666621614,No,No,No,No,,,,data/4cys-large/output/xyz_files/5yp7_ZN_homo_d2.60_cluster1.xyz,1.42
5yp7,3,homo,1,ZN,ZN,D,201,,ZN,,1.0,4,TD,4S,2.5077784766485625,4.501514080117673,0.05950009892687586,0.12482575777373883,1.280284243070807,1.8635386825369133,No,No,No,No,,,,data/4cys-large/output/xyz_files/5yp7_ZN_homo_d2.60_cluster3.xyz,1.42
5yp8,1,homo,1,ZN,ZN,A,101,,ZN,,1.0,4,TD,4S,2.9276402768089262,5.864150151094989,0.03416165729823343,0.08875004008651288,1.2511897886834993,1.7591869933371382,No,No,No,No,,,,data/4cys-large/output/xyz_files/5yp8_ZN_homo_d2.60_cluster1.xyz,1.45
5yp8,3,homo,1,ZN,ZN,B,101,,ZN,,1.0,4,TD,4S,4.517828869526574,7.077986353314415,0.03829406118427545,0.10033267618406194,1.2762776850756299,1.7404583371482487,No,No,No,No,,,,data/4cys-large/output/xyz_files/5yp8_ZN_homo_d2.60_cluster3.xyz,1.45
5ypc,1,homo,1,ZN,ZN,A,101,,ZN,,1.0,4,TD,4S,4.470484944588186,7.416782175579954,0.0662827074228869,0.1789781664558161,1.274744735813964,1.9627820854844424,No,No,No,No,,,,data/4cys-large/output/xyz_files/5ypc_ZN_homo_d2.60_cluster1.xyz,1.96
5ypc,3,homo,1,ZN,ZN,B,101,,ZN,,1.0,4,TD,4S,5.073453628321399,7.931281905333023,0.13440149373766122,0.3206462774941028,1.2187112580470514,1.945506452970721,No,No,No,No,,,,data/4cys-large/output/xyz_files/5ypc_ZN_homo_d2.60_cluster3.xyz,1.96
5ypc,5,homo,1,ZN,ZN,C,101,,ZN,,1.0,4,TD,4S,3.1831509849526434,6.846055320310498,0.04335186880196423,0.10591907531281608,1.2855130616555255,1.977088991524362,No,No,No,No,,,,data/4cys-large/output/xyz_files/5ypc_ZN_homo_d2.60_cluster5.xyz,1.96
5ypc,7,homo,1,ZN,ZN,D,101,,ZN,,1.0,4,TD,4S,2.686664919920295,5.040178984340855,0.09120963695768276,0.22481677028843094,1.2682903461670434,1.9066048320674587,No,No,No,No,,,,data/4cys-large/output/xyz_files/5ypc_ZN_homo_d2.60_cluster7.xyz,1.96
5yph,1,homo,1,ZN,ZN,A,101,,ZN,,1.0,4,TD,4S,3.0999311589091456,5.877905218215659,0.011006071692913455,0.030129044074390876,1.312750149313962,2.2497127948627687,No,No,No,No,,,,data/4cys-large/output/xyz_files/5yph_ZN_homo_d2.60_cluster1.xyz,1.63
5yph,3,homo,1,ZN,ZN,B,101,,ZN,,1.0,4,TD,4S,4.594563489310651,9.167665598721229,0.025124164860274464,0.06423413672013467,1.296010672186045,2.1723494245147577,No,No,No,No,,,,data/4cys-large/output/xyz_files/5yph_ZN_homo_d2.60_cluster3.xyz,1.63
5yql,1,homo,1,ZN,ZN,A,1002,,ZN,,1.0,4,TD,4S,7.015889335954146,13.856263898342007,0.019641204604686845,0.05383396908447802,1.2083049738079674,1.8003723565386822,No,No,No,No,,,,data/4cys-large/output/xyz_files/5yql_ZN_homo_d2.60_cluster1.xyz,1.60
5yqm,1,homo,1,ZN,ZN,A,401,,ZN,,1.0,4,TD,4S,8.405568838378036,17.46560366778961,0.025163678410190838,0.0672841617147042,1.1797942411269475,1.7250486367874986,No,No,No,No,,,,data/4cys-large/output/xyz_files/5yqm_ZN_homo_d2.60_cluster1.xyz,1.74
5yqn,1,homo,1,ZN,ZN,A,401,,ZN,,1.0,4,TD,4S,7.48606220694194,14.946270241175725,0.01933217070712916,0.047737091974537904,1.2014328925687248,1.716951243965733,No,No,No,No,,,,data/4cys-large/output/xyz_files/5yqn_ZN_homo_d2.60_cluster1.xyz,1.60
5yqo,1,homo,1,ZN,ZN,A,401,,ZN,,1.0,4,TD,4S,8.12482402175555,16.048699795091196,0.021194628674113467,0.053158424029962514,1.189560100536178,1.7283353884748556,No,No,No,No,,,,data/4cys-large/output/xyz_files/5yqo_ZN_homo_d2.60_cluster1.xyz,1.48
5yuf,1,homo,1,ZN,ZN,A,101,,ZN,,1.0,4,TD,4S,3.4931825542147616,5.074692248246947,0.07628051334196101,0.21356397926576864,1.2686651205291,1.8424335705376973,No,No,No,No,,,,data/4cys-large/output/xyz_files/5yuf_ZN_homo_d2.60_cluster1.xyz,1.60
5yuf,3,homo,1,ZN,ZN,B,101,,ZN,,1.0,4,TD,4S,3.3028945368845295,6.760963491021002,0.03396242158008372,0.09500405235577514,1.2804082014287543,1.9605607654538342,No,No,No,No,,,,data/4cys-large/output/xyz_files/5yuf_ZN_homo_d2.60_cluster3.xyz,1.60
5yuf,5,homo,1,ZN,ZN,C,101,,ZN,,1.0,4,TD,4S,3.135827462331152,5.148446720105298,0.044380535789774675,0.10716140690689402,1.2950901896616662,1.7743810462666776,No,No,No,No,,,,data/4cys-large/output/xyz_files/5yuf_ZN_homo_d2.60_cluster5.xyz,1.60
5yuf,7,homo,1,ZN,ZN,D,101,,ZN,,1.0,4,TD,4S,4.349027187438153,9.188477953527013,0.050546766505393685,0.13105476135310745,1.2583579625735026,1.9941114308626688,No,No,No,No,,,,data/4cys-large/output/xyz_files/5yuf_ZN_homo_d2.60_cluster7.xyz,1.60
5yug,2,homo,1,ZN,ZN,A,202,,ZN,,1.0,4,TD,4S,4.958668193369098,7.174158402280511,0.05956057857918095,0.1557576124042872,1.2713493807892033,1.4799722656026462,No,No,No,No,,,,data/4cys-large/output/xyz_files/5yug_ZN_homo_d2.60_cluster2.xyz,1.57
5yug,3,homo,1,ZN,ZN,A,203,,ZN,,1.0,4,TD,4S,5.159704622307705,9.538915801758733,0.03084331923674113,0.07340186761690282,1.2476882286983764,1.841480513642957,No,No,No,No,,,,data/4cys-large/output/xyz_files/5yug_ZN_homo_d2.60_cluster3.xyz,1.57
5yug,5,homo,1,ZN,ZN,B,202,,ZN,,1.0,4,TD,4S,4.7049425341514945,6.204299762506125,0.05527595836932725,0.1468746395035354,1.2713059440307952,1.5517037293987004,No,No,No,No,,,,data/4cys-large/output/xyz_files/5yug_ZN_homo_d2.60_cluster5.xyz,1.57
5yug,6,homo,1,ZN,ZN,B,203,,ZN,,1.0,4,TD,4S,5.092551003932421,9.30830350441154,0.03126529214963074,0.07385738694680333,1.2628538575993153,1.9111302550276452,No,No,No,No,,,,data/4cys-large/output/xyz_files/5yug_ZN_homo_d2.60_cluster6.xyz,1.57
5yug,8,homo,1,ZN,ZN,E,202,,ZN,,1.0,4,TD,4S,2.9944822954505024,4.683962108414818,0.039537810090526225,0.09371128189120226,1.260994374156422,1.9383768907761645,No,No,No,No,,,,data/4cys-large/output/xyz_files/5yug_ZN_homo_d2.60_cluster8.xyz,1.57
5yug,9,homo,1,ZN,ZN,E,203,,ZN,,1.0,4,TD,4S,5.540394635455963,11.260160127175567,0.03624857628193025,0.0913117118561062,1.2459112944872437,1.9142610078871583,No,No,No,No,,,,data/4cys-large/output/xyz_files/5yug_ZN_homo_d2.60_cluster9.xyz,1.57
5yug,11,homo,1,ZN,ZN,G,202,,ZN,,1.0,4,TD,4S,2.8293714593422443,4.143597213428762,0.037016328189160105,0.09861829304513536,1.266589279265788,1.9154238786233284,No,No,No,No,,,,data/4cys-large/output/xyz_files/5yug_ZN_homo_d2.60_cluster11.xyz,1.57
5yug,12,homo,1,ZN,ZN,G,203,,ZN,,1.0,4,TD,4S,5.5396234429974465,10.857304897105621,0.019376437921559554,0.04882168409903054,1.2520158519038551,1.8813829300938303,No,No,No,No,,,,data/4cys-large/output/xyz_files/5yug_ZN_homo_d2.60_cluster12.xyz,1.57
5yuh,2,homo,1,ZN,ZN,A,202,,ZN,,1.0,4,TD,4S,7.252268711268396,12.135748182641876,0.107626428688583,0.26515125691612695,1.2460985282017718,1.31490260335928,No,No,No,No,,,,data/4cys-large/output/xyz_files/5yuh_ZN_homo_d2.60_cluster2.xyz,1.80
5yuh,3,homo,1,ZN,ZN,A,203,,ZN,,1.0,4,TD,4S,5.32899510554175,8.66492403972208,0.0802581503984033,0.2226946962605929,1.2685228314166468,1.6836367908211196,No,No,No,No,,,,data/4cys-large/output/xyz_files/5yuh_ZN_homo_d2.60_cluster3.xyz,1.80
5yvx,1,homo,1,ZN,ZN,A,1001,,ZN,L,0.88,4,TD,4S,4.65266483791357,8.406432340703006,0.021079091409779874,0.0517994369633783,1.2623495382286347,1.5257341744428219,No,No,No,No,,ALTLOC,,data/4cys-large/output/xyz_files/5yvx_ZN_homo_d2.60_cluster1_altlocZnL.xyz,1.59
5z0c,1,homo,1,ZN,ZN,A,401,,ZN,,1.0,4,TD,4S,6.324918676564951,9.916016737996273,0.02091066585807422,0.05182840510117481,1.2072396568510488,1.3585407416100241,No,No,No,No,,,,data/4cys-large/output/xyz_files/5z0c_ZN_homo_d2.60_cluster1.xyz,1.54
5z84,1,homo,1,ZN,ZN,F,101,,ZN,,1.0,4,TD,4S,3.909121303393955,8.46733408960435,0.010881039784923024,0.0261746139290433,1.2829112569825099,1.4854347026232193,No,No,No,No,,,,data/4cys-large/output/xyz_files/5z84_ZN_homo_d2.60_cluster1.xyz,1.85
5z84,2,homo,1,ZN,ZN,S,101,,ZN,,1.0,4,TD,4S,4.053286503578718,8.085736431608453,0.02087066671241162,0.05451143955668858,1.281778759963645,1.4321861622509022,No,No,No,No,,,,data/4cys-large/output/xyz_files/5z84_ZN_homo_d2.60_cluster2.xyz,1.85
5z85,1,homo,1,ZN,ZN,F,101,,ZN,,1.0,4,TD,4S,4.083567756630337,8.897475601614545,0.008959807515793478,0.022491519284580708,1.2809570323846675,1.4353369862909422,No,No,No,No,,,,data/4cys-large/output/xyz_files/5z85_ZN_homo_d2.60_cluster1.xyz,1.85
5z85,2,homo,1,ZN,ZN,S,101,,ZN,,1.0,4,TD,4S,3.8947650011267143,8.26795993145656,0.020399061263155466,0.05153917576223632,1.2834121252735002,1.4264003359183492,No,No,No,No,,,,data/4cys-large/output/xyz_files/5z85_ZN_homo_d2.60_cluster2.xyz,1.85
5z86,1,homo,1,ZN,ZN,F,101,,ZN,,1.0,4,TD,4S,3.9977321900485583,8.704480912807597,0.002663443648670424,0.007292446650144946,1.296028490334866,1.4079662227638676,No,No,No,No,,,,data/4cys-large/output/xyz_files/5z86_ZN_homo_d2.60_cluster1.xyz,1.85
5z86,2,homo,1,ZN,ZN,S,101,,ZN,,1.0,4,TD,4S,4.145968916257482,8.626330675739169,0.007468578245866348,0.02040099392395156,1.2883599752979973,1.4029343994217975,No,No,No,No,,,,data/4cys-large/output/xyz_files/5z86_ZN_homo_d2.60_cluster2.xyz,1.85
5z93,1,homo,1,ZN,ZN,A,401,,ZN,,1.0,4,TD,4S,7.4122848325965975,13.2640087916608,0.05199898269429662,0.14471546649249545,1.2045180576022,1.7756461866920907,No,No,No,No,,,,data/4cys-large/output/xyz_files/5z93_ZN_homo_d2.60_cluster1.xyz,1.95
5z94,1,homo,1,ZN,ZN,A,401,,ZN,,1.0,4,TD,4S,7.182458542023899,14.218018491407449,0.04158632933143022,0.10926650840918306,1.2218220020021093,1.8364728419876477,No,No,No,No,,,,data/4cys-large/output/xyz_files/5z94_ZN_homo_d2.60_cluster1.xyz,1.90
5z94,2,homo,1,ZN,ZN,B,401,,ZN,,1.0,4,TD,4S,7.542884894569731,14.23677057277952,0.056273634712010336,0.1544387235740614,1.2263875808752516,1.8302724762209501,No,No,No,No,,,,data/4cys-large/output/xyz_files/5z94_ZN_homo_d2.60_cluster2.xyz,1.90
5zco,1,homo,1,ZN,ZN,F,101,,ZN,,1.0,4,TD,4S,4.299120900723516,9.262966749491568,0.027296008264081725,0.06848021174379326,1.2768711827612376,1.4329699512037266,No,No,No,No,,,,data/4cys-large/output/xyz_files/5zco_ZN_homo_d2.60_cluster1.xyz,1.90
5zco,2,homo,1,ZN,ZN,S,101,,ZN,,1.0,4,TD,4S,4.33237265975467,8.803004487097013,0.03988577364689406,0.09959542434245794,1.278273318657438,1.440143953483295,No,No,No,No,,,,data/4cys-large/output/xyz_files/5zco_ZN_homo_d2.60_cluster2.xyz,1.90
5zcp,1,homo,1,ZN,ZN,F,101,,ZN,,1.0,4,TD,4S,3.6698268621214023,8.06730512557995,0.014450464754534499,0.039457954952647256,1.286065128006667,1.4434855957317976,No,No,No,No,,,,data/4cys-large/output/xyz_files/5zcp_ZN_homo_d2.60_cluster1.xyz,1.65
5zcp,2,homo,1,ZN,ZN,S,101,,ZN,,1.0,4,TD,4S,3.475865668758878,7.576710280334723,0.017203916274113027,0.04157434821899786,1.2880273542046925,1.4732896353468212,No,No,No,No,,,,data/4cys-large/output/xyz_files/5zcp_ZN_homo_d2.60_cluster2.xyz,1.65
5zcq,1,homo,1,ZN,ZN,F,101,,ZN,,1.0,4,TD,4S,3.498517286480258,7.517794058292168,0.015635578851591246,0.037078839400591423,1.2958804996788802,1.4533299953394796,No,No,No,No,,,,data/4cys-large/output/xyz_files/5zcq_ZN_homo_d2.60_cluster1.xyz,1.65
5zcq,2,homo,1,ZN,ZN,S,101,,ZN,,1.0,4,TD,4S,3.2682401865126667,6.974487546447662,0.012560874996742754,0.03383523148977652,1.291063307964235,1.4906764128041354,No,No,No,No,,,,data/4cys-large/output/xyz_files/5zcq_ZN_homo_d2.60_cluster2.xyz,1.65
5zlq,1,homo,1,ZN,ZN,A,201,,ZN,,1.0,4,TD,4S,6.086202101939161,9.571016708640045,0.09909989820873798,0.24593350342552478,1.221359228929794,1.7084224666370575,No,No,No,No,,,,data/4cys-large/output/xyz_files/5zlq_ZN_homo_d2.60_cluster1.xyz,2.00
5zrt,1,homo,1,ZN,ZN,A,206,,ZN,,1.0,4,TD,4S,4.800420186530625,7.252261610437429,0.033569707905554004,0.08227792731034844,1.2684683100838554,1.8213254350192531,No,No,No,No,,,,data/4cys-large/output/xyz_files/5zrt_ZN_homo_d2.60_cluster1.xyz,1.90
5zrt,2,homo,1,ZN,ZN,B,204,,ZN,,1.0,4,TD,4S,6.317115994858875,8.856243498684918,0.10859552591882712,0.24711124871116885,1.2405069298519449,2.0463269990928112,No,No,No,No,,,,data/4cys-large/output/xyz_files/5zrt_ZN_homo_d2.60_cluster2.xyz,1.90
6a5k,1,homo,1,ZN,ZN,A,801,,ZN,,1.0,4,TD,4S,5.711253347857152,8.915367864883677,0.038481132903410015,0.09559690206476645,1.2444431485482617,1.8935967317991236,No,No,No,No,,,,data/4cys-large/output/xyz_files/6a5k_ZN_homo_d2.60_cluster1.xyz,1.90
6a5k,2,homo,1,ZN,ZN,A,802,,ZN,,1.0,4,TD,4S,6.882346967848262,12.08681520735746,0.03359044191721702,0.08263087116088652,1.2406608223406637,1.3894856587774858,No,No,No,No,,,,data/4cys-large/output/xyz_files/6a5k_ZN_homo_d2.60_cluster2.xyz,1.90
6a5k,3,homo,1,ZN,ZN,A,803,,ZN,,1.0,4,TD,4S,6.203611468340752,9.010421273764223,0.11287120905676493,0.23252398761850257,1.3248525338308177,1.9993993018268523,No,No,No,No,,,,data/4cys-large/output/xyz_files/6a5k_ZN_homo_d2.60_cluster3.xyz,1.90
6a5k,4,homo,1,ZN,ZN,A,804,,ZN,,1.0,4,TD,4S,2.602605622949727,4.477334224531518,0.04177066767616093,0.11767970077196166,1.3263931171607737,2.2073752984039534,No,No,No,No,,,,data/4cys-large/output/xyz_files/6a5k_ZN_homo_d2.60_cluster4.xyz,1.90
6ace,1,homo,1,ZN,ZN,A,401,,ZN,,1.0,4,TD,4S,5.22444251614817,9.447068244863956,0.027962470805399084,0.07379671047036318,1.2461487787885643,2.0698580010819807,No,No,No,No,,,,data/4cys-large/output/xyz_files/6ace_ZN_homo_d2.60_cluster1.xyz,1.98
6acl,1,homo,1,ZN,ZN,A,401,,ZN,,1.0,4,TD,4S,4.8666839247439615,7.764138783177202,0.020596413526105826,0.05647914620960082,1.2792243968942765,2.095206604155318,No,No,No,No,,,,data/4cys-large/output/xyz_files/6acl_ZN_homo_d2.60_cluster1.xyz,1.92
6aco,1,homo,1,ZN,ZN,A,401,,ZN,,1.0,4,TD,4S,9.137756327027645,13.342303602538777,0.10605699928123746,0.29859877613239894,1.2362588482281665,1.971780547884045,No,No,No,No,,ALTLOC,,data/4cys-large/output/xyz_files/6aco_ZN_homo_d2.60_cluster1_altlocLIGA.xyz,1.71
6asd,1,homo,1,ZN,ZN,C,701,,ZN,,1.0,4,TD,4S,8.807778168877656,13.994975396654596,0.0599907889282023,0.14269437003454666,1.090945979493442,1.6362464756167694,No,No,No,No,,,,data/4cys-large/output/xyz_files/6asd_ZN_homo_d2.60_cluster1.xyz,1.85
6asd,2,homo,1,ZN,ZN,C,702,,ZN,,1.0,4,TD,4S,6.512125530006257,9.446227559031854,0.027350144584806387,0.07059801661012122,1.1958368469356342,1.3833286433652658,No,No,No,No,,,,data/4cys-large/output/xyz_files/6asd_ZN_homo_d2.60_cluster2.xyz,1.85
6auq,1,homo,1,ZN,ZN,A,805,,ZN,,1.0,4,TD,4S,7.573267934971679,14.326282705788614,0.05908953381933633,0.14919553618843562,1.2635502849654714,2.1259340341261366,No,No,No,No,,,,data/4cys-large/output/xyz_files/6auq_ZN_homo_d2.60_cluster1.xyz,1.95
6aur,1,homo,1,ZN,ZN,A,805,,ZN,,1.0,4,TD,4S,8.406066360743543,12.609704988102067,0.024341656310396663,0.061028485801956744,1.2154356777329804,1.673531326059469,No,No,No,No,,,,data/4cys-large/output/xyz_files/6aur_ZN_homo_d2.60_cluster1.xyz,1.75
6aus,1,homo,1,ZN,ZN,A,805,,ZN,,1.0,4,TD,4S,8.31233596244907,10.536084576247802,0.01008908947929928,0.026514899613027332,1.1972893895186703,1.5948212560423376,No,No,No,No,,,,data/4cys-large/output/xyz_files/6aus_ZN_homo_d2.60_cluster1.xyz,1.70
6aut,1,homo,1,ZN,ZN,A,805,,ZN,,1.0,4,TD,4S,7.848059636041146,12.510217418015102,0.02084470081397219,0.056970009456214665,1.216744600729611,1.7227881589483662,No,No,No,No,,,,data/4cys-large/output/xyz_files/6aut_ZN_homo_d2.60_cluster1.xyz,1.90
6auu,1,homo,1,ZN,ZN,A,806,,ZN,,1.0,4,TD,4S,6.466465425860214,9.94566691217176,0.016051394476884084,0.04033567287831685,1.2656373031208972,1.735351221438255,No,No,No,No,,,,data/4cys-large/output/xyz_files/6auu_ZN_homo_d2.60_cluster1.xyz,1.85
6auv,1,homo,1,ZN,ZN,A,805,,ZN,,1.0,4,TD,4S,6.900868793272474,9.727544981154196,0.027126103520252645,0.06795812024337389,1.2605765013152566,1.5817152994037855,No,No,No,No,,,,data/4cys-large/output/xyz_files/6auv_ZN_homo_d2.60_cluster1.xyz,1.76
6auw,1,homo,1,ZN,ZN,A,805,,ZN,,1.0,4,TD,4S,7.655315465260295,10.71930369998222,0.021510146023047263,0.06076029952431172,1.2365847955495637,1.5643164391267539,No,No,No,No,,,,data/4cys-large/output/xyz_files/6auw_ZN_homo_d2.60_cluster1.xyz,1.70
6aux,1,homo,1,ZN,ZN,B,805,,ZN,,1.0,4,TD,4S,6.39201740835817,9.490308746055689,0.016170372869344307,0.04443575882335349,1.2551139880593274,1.8190949071203564,No,No,No,No,,,,data/4cys-large/output/xyz_files/6aux_ZN_homo_d2.60_cluster1.xyz,1.90
6auy,1,homo,1,ZN,ZN,A,803,,ZN,,1.0,4,TD,4S,7.241570297910671,13.977373754095296,0.008555981705054866,0.020371067712458224,1.2745629193086754,2.188348012193834,No,No,No,No,,,,data/4cys-large/output/xyz_files/6auy_ZN_homo_d2.60_cluster1.xyz,1.92
6auz,1,homo,1,ZN,ZN,A,804,,ZN,,1.0,4,TD,4S,8.157513309273336,12.39373917496529,0.005052061809763037,0.013750554956151628,1.2343375640919283,1.8672946307450558,No,No,No,No,,,,data/4cys-large/output/xyz_files/6auz_ZN_homo_d2.60_cluster1.xyz,2.00
6av0,1,homo,1,ZN,ZN,A,803,,ZN,,1.0,4,TD,4S,7.963642292286572,13.753721674615164,0.009742676724044422,0.025003606025162828,1.244387350723818,1.8370824659701879,No,No,No,No,,,,data/4cys-large/output/xyz_files/6av0_ZN_homo_d2.60_cluster1.xyz,2.00
6av3,1,homo,1,ZN,ZN,A,804,,ZN,,1.0,4,TD,4S,7.799980076095388,14.128274106931073,0.039031869213813686,0.10772179104169854,1.287453327538613,1.998946113821705,No,No,No,No,,,,data/4cys-large/output/xyz_files/6av3_ZN_homo_d2.60_cluster1.xyz,1.95
6av4,1,homo,1,ZN,ZN,A,806,,ZN,,1.0,4,TD,4S,8.23968174563711,12.839145822933233,0.01945229819844011,0.048233990614707345,1.2482018702106386,1.67000299003544,No,No,No,No,,,,data/4cys-large/output/xyz_files/6av4_ZN_homo_d2.60_cluster1.xyz,1.87
6av5,1,homo,1,ZN,ZN,B,801,,ZN,,1.0,4,TD,4S,7.788836541050887,12.976523807395552,0.014960881384503159,0.04136051930695839,1.2499324207586435,1.8417816041197754,No,No,No,No,,,,data/4cys-large/output/xyz_files/6av5_ZN_homo_d2.60_cluster1.xyz,1.90
6av7,1,homo,1,ZN,ZN,A,506,,ZN,,1.0,4,TD,4S,6.48334044892755,13.003238693680757,0.043538892318172394,0.1126311050601636,1.2658323521022457,1.9888391820758229,No,No,No,No,,,,data/4cys-large/output/xyz_files/6av7_ZN_homo_d2.60_cluster1.xyz,1.92
6av7,2,homo,1,ZN,ZN,C,507,,ZN,,1.0,4,TD,4S,6.535860624558419,13.830474681527349,0.05495978198551935,0.14161807982587016,1.2797410280922468,2.140352903962988,No,No,No,No,,,,data/4cys-large/output/xyz_files/6av7_ZN_homo_d2.60_cluster2.xyz,1.92
6c49,1,homo,1,ZN,ZN,A,401,,ZN,,1.0,4,TD,4S,7.24108343865778,12.551692215920752,0.025331356984861723,0.06203241134090609,1.1730692308518669,1.235935526257344,No,No,No,No,,,,data/4cys-large/output/xyz_files/6c49_ZN_homo_d2.60_cluster1.xyz,1.85
6cbx,3,homo,1,ZN,ZN,A,1003,,ZN,,1.0,4,TD,4S,7.096865695798798,12.793711972275261,0.00798060965549419,0.020622530734525135,1.2321262654968563,1.7483300536682986,No,No,No,No,,,,data/4cys-large/output/xyz_files/6cbx_ZN_homo_d2.60_cluster3.xyz,1.94
6cbx,4,homo,1,ZN,ZN,B,1001,,ZN,,1.0,4,TD,4S,5.540842510385727,8.888580777376092,0.037892546677977396,0.0972115674040337,1.2758884973898161,1.63755717108134,No,No,No,No,,,,data/4cys-large/output/xyz_files/6cbx_ZN_homo_d2.60_cluster4.xyz,1.94
6cbx,6,homo,1,ZN,ZN,B,1003,,ZN,,1.0,4,TD,4S,5.462364880069797,11.022968017693728,0.04741242898348711,0.1147077898230795,1.233725698379019,1.7825413904871934,No,No,No,No,,,,data/4cys-large/output/xyz_files/6cbx_ZN_homo_d2.60_cluster6.xyz,1.94
6cen,1,homo,1,ZN,ZN,A,1302,,ZN,,1.0,4,TD,4S,4.518662660457855,6.582577260119166,0.017059257890653767,0.044860164696667315,1.2784683038779705,1.9794585822296846,No,No,No,No,,,,data/4cys-large/output/xyz_files/6cen_ZN_homo_d2.60_cluster1.xyz,1.61
6cen,2,homo,1,ZN,ZN,A,1303,,ZN,,1.0,4,TD,4S,6.345795913198085,8.330058621374533,0.016685374818124793,0.045627984633560104,1.2306782168731811,1.35100045772118,No,No,No,No,,,,data/4cys-large/output/xyz_files/6cen_ZN_homo_d2.60_cluster2.xyz,1.61
6cen,3,homo,1,ZN,ZN,A,1304,,ZN,,1.0,4,TD,4S,3.6475578824511277,7.380483512132116,0.016030791801732083,0.04160213705330085,1.2744334315670511,1.4006852121876627,No,No,No,No,,,,data/4cys-large/output/xyz_files/6cen_ZN_homo_d2.60_cluster3.xyz,1.61
6cic,1,homo,1,ZN,ZN,A,805,,ZN,,1.0,4,TD,4S,8.016091424636052,12.950764136392891,0.014166936186174657,0.03197061854380001,1.2436169367073133,1.6371263093378947,No,No,No,No,,,,data/4cys-large/output/xyz_files/6cic_ZN_homo_d2.60_cluster1.xyz,1.75
6cid,1,homo,1,ZN,ZN,B,801,,ZN,,1.0,4,TD,4S,7.446333675294123,11.903721259508927,0.025299951126035204,0.06621384424887289,1.252545882673789,1.7498832421001036,No,No,No,No,,,,data/4cys-large/output/xyz_files/6cid_ZN_homo_d2.60_cluster1.xyz,1.75
6cie,1,homo,1,ZN,ZN,A,507,,ZN,,1.0,4,TD,4S,8.078410823934362,15.7048813056185,0.06380380125928918,0.15534092004259215,1.2403394068353237,1.9347754572718265,No,No,No,No,,,,data/4cys-large/output/xyz_files/6cie_ZN_homo_d2.60_cluster1.xyz,1.95
6cie,2,homo,1,ZN,ZN,C,507,,ZN,,1.0,4,TD,4S,6.847785684331662,14.553682697772814,0.11547421342042158,0.3224738920853314,1.2556725829388051,1.6880103411459797,No,No,No,No,,,,data/4cys-large/output/xyz_files/6cie_ZN_homo_d2.60_cluster2.xyz,1.95
6cw3,1,homo,1,ZN,ZN,E,201,,ZN,,1.0,4,TD,4S,4.891208530694721,9.138066471578767,0.027860199118888793,0.07674742605944429,1.3071520081455144,1.8490660074382381,No,No,No,No,,,,data/4cys-large/output/xyz_files/6cw3_ZN_homo_d2.60_cluster1.xyz,1.98
6cw3,3,homo,1,ZN,ZN,G,201,,ZN,,1.0,4,TD,4S,7.890364690419417,15.028993188787226,0.09345571970856931,0.2448929159374007,1.1971286105709276,1.8209721733927486,No,No,No,No,,,,data/4cys-large/output/xyz_files/6cw3_ZN_homo_d2.60_cluster3.xyz,1.98
6cxx,2,homo,1,ZN,ZN,A,402,,ZN,,1.0,4,TD,4S,6.811545072298357,10.746709848821084,0.026952423025430442,0.06576709103819622,1.1892074976244023,1.397623019267415,No,No,No,No,,,,data/4cys-large/output/xyz_files/6cxx_ZN_homo_d2.60_cluster2.xyz,1.26
6cxx,4,homo,1,ZN,ZN,B,403,,ZN,,1.0,4,TD,4S,6.581917168405777,10.665152760716495,0.016316393070631208,0.04156012900409367,1.1866527049167177,1.386679390250041,No,No,No,No,,,,data/4cys-large/output/xyz_files/6cxx_ZN_homo_d2.60_cluster4.xyz,1.26
6d57,1,homo,1,ZN,ZN,A,207,,ZN,,1.0,4,TD,4S,3.2728129256910767,5.008066092434632,0.023019309144329803,0.059619119635105466,1.2833586874906604,1.8385239299560183,No,No,No,No,,,,data/4cys-large/output/xyz_files/6d57_ZN_homo_d2.60_cluster1.xyz,1.81
6d57,2,homo,1,ZN,ZN,B,206,,ZN,,0.75,4,TD,4S,2.866965243155069,4.786221997233952,0.0657097303060854,0.15599981052566791,1.2944777314739417,1.7879616985344102,No,No,No,No,,,,data/4cys-large/output/xyz_files/6d57_ZN_homo_d2.60_cluster2.xyz,1.81
6dcr,1,homo,1,ZN,ZN,A,801,,ZN,,1.0,4,TD,4S,5.297509379921125,7.82380809205381,0.04839133561250085,0.13149523669542695,1.2686817822301972,1.8380667520027727,No,No,No,No,,,,data/4cys-large/output/xyz_files/6dcr_ZN_homo_d2.60_cluster1.xyz,1.98
6dcr,2,homo,1,ZN,ZN,A,802,,ZN,,1.0,4,TD,4S,9.339229948385881,14.7829844705103,0.05247737595853648,0.12635963323459753,1.2751049373310133,1.8797353711687088,No,No,No,No,,,,data/4cys-large/output/xyz_files/6dcr_ZN_homo_d2.60_cluster2.xyz,1.98
6dcr,3,homo,1,ZN,ZN,B,801,,ZN,,1.0,4,TD,4S,6.901185135281026,13.639943250389294,0.11965286692448603,0.25315383040374506,1.1285686879111756,1.6077037328823987,No,No,No,No,,,,data/4cys-large/output/xyz_files/6dcr_ZN_homo_d2.60_cluster3.xyz,1.98
6dcr,4,homo,1,ZN,ZN,B,802,,ZN,,1.0,4,TD,4S,6.442609401583629,10.47139556662978,0.10305460698214805,0.2384851013072753,1.2611085060769687,1.5608963515799474,No,No,No,No,,,,data/4cys-large/output/xyz_files/6dcr_ZN_homo_d2.60_cluster4.xyz,1.98
6ds6,1,homo,1,ZN,ZN,A,5001,,ZN,,1.0,4,TD_d,4S,6.776001955013672,13.991104252699003,0.1550528096443734,0.40661487199987123,1.1914376493614165,1.6671771908401092,No,No,Yes,No,,,,data/4cys-large/output/xyz_files/6ds6_ZN_homo_d2.60_cluster1.xyz,1.95
6e33,1,homo,1,ZN,ZN,A,401,,ZN,,1.0,4,TD,4S,7.521776274375398,13.179334949557997,0.06659128304158134,0.18368364662850034,1.251135480862678,1.806536930368635,No,No,No,No,,,,data/4cys-large/output/xyz_files/6e33_ZN_homo_d2.60_cluster1.xyz,1.71
6e33,2,homo,1,ZN,ZN,A,402,,ZN,,1.0,4,TD,4S,6.384647323632303,12.625060605219701,0.05062854177259014,0.13816545148971304,1.2581874270714033,1.826476629217695,No,No,No,No,,,,data/4cys-large/output/xyz_files/6e33_ZN_homo_d2.60_cluster2.xyz,1.71
6ekb,1,homo,1,ZN,ZN,A,201,,ZN,,1.0,4,TD,4S,2.966164157596712,3.7862600176874537,0.05374826002636012,0.1445447608239503,1.3245576664303862,2.014142407341504,No,No,No,No,,,,data/4cys-large/output/xyz_files/6ekb_ZN_homo_d2.60_cluster1.xyz,1.90
6ekb,2,homo,1,ZN,ZN,A,202,,ZN,,1.0,4,TD,4S,4.097783815025103,5.811940378640941,0.053605095037658305,0.14880903143919788,1.2562912085481988,1.7014844992977796,No,No,No,No,,,,data/4cys-large/output/xyz_files/6ekb_ZN_homo_d2.60_cluster2.xyz,1.90
6enx,1,homo,1,ZN,ZN,A,301,,ZN,,1.0,4,TD,4S,6.422386572252502,8.284237156517321,0.021074947721529548,0.057643491591118146,1.2181609698790699,1.6207085618808783,No,No,No,No,,,,data/4cys-large/output/xyz_files/6enx_ZN_homo_d2.60_cluster1.xyz,1.95
6eqs,1,homo,1,ZN,ZN,A,401,,ZN,,1.0,4,TD,4S,5.600056483303278,9.219441865212701,0.013219045922486612,0.03161711634531894,1.2433180031681468,1.9951358652165048,No,No,No,No,,,,data/4cys-large/output/xyz_files/6eqs_ZN_homo_d2.60_cluster1.xyz,1.32
6eqs,2,homo,1,ZN,ZN,B,401,,ZN,,1.0,4,TD,4S,5.743555789092652,9.893587117053713,0.04602838203147458,0.11316110175117311,1.265476323661567,1.9595235743229398,No,No,No,No,,,,data/4cys-large/output/xyz_files/6eqs_ZN_homo_d2.60_cluster2.xyz,1.32
6eqs,3,homo,1,ZN,ZN,C,401,,ZN,,1.0,4,TD,4S,5.914334197657323,9.382936138753095,0.03492704287930032,0.0806661128292201,1.2606484910869824,2.0133141401948977,No,No,No,No,,,,data/4cys-large/output/xyz_files/6eqs_ZN_homo_d2.60_cluster3.xyz,1.32
6eqs,4,homo,1,ZN,ZN,D,401,,ZN,,1.0,4,TD,4S,5.743343601250099,10.79727916537675,0.037345180203926194,0.09781972320227528,1.242669816949782,1.901131990210286,No,No,No,No,,,,data/4cys-large/output/xyz_files/6eqs_ZN_homo_d2.60_cluster4.xyz,1.32
6f6d,1,homo,1,ZN,ZN,A,1702,,ZN,,1.0,4,TD,4S,5.11148661603836,8.344749787590885,0.027885490431924637,0.06657822876950803,1.2261236956993735,1.837839718563673,No,No,No,No,,,,data/4cys-large/output/xyz_files/6f6d_ZN_homo_d2.60_cluster1.xyz,1.82
6fbq,1,homo,1,ZN,ZN,A,301,,ZN,,1.0,4,TD,4S,4.614736135498985,7.221999756205506,0.03514625207471959,0.09409503454839507,1.2459814049711841,1.5252520699087204,No,No,No,No,,,,data/4cys-large/output/xyz_files/6fbq_ZN_homo_d2.60_cluster1.xyz,1.60
6fbq,2,homo,1,ZN,ZN,A,302,,ZN,,1.0,4,TD,4S,3.6854269860780167,5.717293467081248,0.03430346855305587,0.08458443845640007,1.2874591354382567,1.4508661797690594,No,No,No,No,,,,data/4cys-large/output/xyz_files/6fbq_ZN_homo_d2.60_cluster2.xyz,1.60
6fbq,3,homo,1,ZN,ZN,B,301,,ZN,,1.0,4,TD,4S,5.142137292463641,7.546640440203035,0.029102676706765532,0.07063558980518492,1.2557653074128254,1.5280432347335597,No,No,No,No,,,,data/4cys-large/output/xyz_files/6fbq_ZN_homo_d2.60_cluster3.xyz,1.60
6fbq,4,homo,1,ZN,ZN,B,302,,ZN,,1.0,4,TD,4S,5.448034777760893,8.387144289877185,0.07322458501376415,0.19798039073306928,1.2919402132295232,1.719198770558472,No,No,No,No,,ALTLOC,,data/4cys-large/output/xyz_files/6fbq_ZN_homo_d2.60_cluster4_altlocLIGA.xyz,1.60
6fbq,4,homo,1,ZN,ZN,B,302,,ZN,,1.0,4,TD,4S,5.448034777760893,8.387144289877185,0.07322458501376415,0.19798039073306928,1.2919402132295232,1.719198770558472,No,No,No,No,,ALTLOC,,data/4cys-large/output/xyz_files/6fbq_ZN_homo_d2.60_cluster4_altlocLIGB.xyz,1.60
6fbu,1,homo,1,ZN,ZN,A,304,,ZN,,1.0,4,TD,4S,8.049470617521248,17.09730218387054,0.135195271661944,0.34409887338828415,1.1565143717217696,1.8868369254528607,No,No,No,No,,,,data/4cys-large/output/xyz_files/6fbu_ZN_homo_d2.60_cluster1.xyz,2.00
6ffz,1,homo,1,ZN,ZN,A,501,,ZN,,1.0,4,TD,4S,6.104948660217563,8.47517981430886,0.02511833217367946,0.06666670366950234,1.210224566288613,1.4186859301331716,No,No,No,No,,,,data/4cys-large/output/xyz_files/6ffz_ZN_homo_d2.60_cluster1.xyz,1.71
6ffz,3,homo,1,ZN,ZN,B,501,,ZN,,1.0,4,TD,4S,6.326008156128051,8.174825529159293,0.02345103888217327,0.054370406208548605,1.205030308980631,1.4120439094386825,No,No,No,No,,,,data/4cys-large/output/xyz_files/6ffz_ZN_homo_d2.60_cluster3.xyz,1.71
6ffz,5,homo,1,ZN,ZN,C,501,,ZN,,1.0,4,TD,4S,5.779667480041372,7.71821665807245,0.015349494157468556,0.04102946824055653,1.2084919032489112,1.4285146586849151,No,No,No,No,,,,data/4cys-large/output/xyz_files/6ffz_ZN_homo_d2.60_cluster5.xyz,1.71
6ffz,7,homo,1,ZN,ZN,D,501,,ZN,,1.0,4,TD,4S,5.814950405658584,9.13436506897176,0.022272501853205878,0.05356820997867784,1.206620730913809,1.3837257509171355,No,No,No,No,,,,data/4cys-large/output/xyz_files/6ffz_ZN_homo_d2.60_cluster7.xyz,1.71
6fg0,1,homo,1,ZN,ZN,A,501,,ZN,,1.0,4,TD,4S,6.460906500430122,8.661367666907623,0.02455490250826055,0.0663154489642861,1.1993681613977938,1.4119476493461902,No,No,No,No,,,,data/4cys-large/output/xyz_files/6fg0_ZN_homo_d2.60_cluster1.xyz,1.74
6fg0,3,homo,1,ZN,ZN,B,501,,ZN,,1.0,4,TD,4S,6.196707876557731,8.505848441065183,0.015196526767696688,0.04195283155219087,1.205338948719976,1.4353487131838634,No,No,No,No,,,,data/4cys-large/output/xyz_files/6fg0_ZN_homo_d2.60_cluster3.xyz,1.74
6fg0,5,homo,1,ZN,ZN,C,501,,ZN,,1.0,4,TD,4S,6.516893416477253,8.853356284204068,0.03461743815130073,0.07759129505104045,1.2018155716354897,1.4193466413394524,No,No,No,No,,,,data/4cys-large/output/xyz_files/6fg0_ZN_homo_d2.60_cluster5.xyz,1.74
6fg0,7,homo,1,ZN,ZN,D,501,,ZN,,1.0,4,TD,4S,6.193510632182217,8.467442515383851,0.030327209153005394,0.08050460415098204,1.2047710517343944,1.4580214883680533,No,No,No,No,,,,data/4cys-large/output/xyz_files/6fg0_ZN_homo_d2.60_cluster7.xyz,1.74
6fhq,2,homo,1,ZN,ZN,A,2002,,ZN,,1.0,4,TD,4S,2.545291645725454,4.174620112174523,0.02474915924745783,0.06559851639414438,1.3113640486578317,1.944228299936414,No,No,No,No,,,,data/4cys-large/output/xyz_files/6fhq_ZN_homo_d2.60_cluster2.xyz,1.95
6fhq,4,homo,1,ZN,ZN,B,2002,,ZN,,1.0,4,TD,4S,2.7555299103182196,4.479268821697971,0.041568290650783116,0.10061628885333818,1.2693781848851267,1.9054163787089344,No,No,No,No,,,,data/4cys-large/output/xyz_files/6fhq_ZN_homo_d2.60_cluster4.xyz,1.95
6fhu,2,homo,1,ZN,ZN,A,1802,,ZN,,1.0,4,TD,4S,5.559250228305247,7.979828841422616,0.024809074328701934,0.06082358410019584,1.262035247544936,1.569317000433987,No,No,No,No,,,,data/4cys-large/output/xyz_files/6fhu_ZN_homo_d2.60_cluster2.xyz,2.00
6fhu,4,homo,1,ZN,ZN,B,1802,,ZN,,1.0,4,TD,4S,4.734245447409507,8.135534482974919,0.01259347479139919,0.033453255661108905,1.259922886172351,1.7281365127436796,No,No,No,No,,,,data/4cys-large/output/xyz_files/6fhu_ZN_homo_d2.60_cluster4.xyz,2.00
6fhu,6,homo,1,ZN,ZN,C,1802,,ZN,,1.0,4,TD,4S,3.6952581734772805,5.70984312553648,0.01830441114491725,0.04698274658754675,1.2860291133039776,1.7937370624736257,No,No,No,No,,,,data/4cys-large/output/xyz_files/6fhu_ZN_homo_d2.60_cluster6.xyz,2.00
6fhu,8,homo,1,ZN,ZN,D,1802,,ZN,,1.0,4,TD,4S,5.7608218266883195,9.604601580882587,0.02035013237674362,0.042743943667709505,1.2537795818524013,1.6882570244449404,No,No,No,No,,,,data/4cys-large/output/xyz_files/6fhu_ZN_homo_d2.60_cluster8.xyz,2.00
6fi0,2,homo,1,ZN,ZN,A,1802,,ZN,,1.0,4,TD,4S,4.9390446586058525,7.874613085736243,0.04832501017349437,0.12536093906561696,1.2387060299315036,1.9507886221276345,No,No,No,No,,,,data/4cys-large/output/xyz_files/6fi0_ZN_homo_d2.60_cluster2.xyz,1.90
6fi0,4,homo,1,ZN,ZN,B,1802,,ZN,,1.0,4,TD,4S,5.3485673627783346,11.648423063238695,0.0128504065614967,0.034115542050269454,1.2453186831159846,1.8523420650977793,No,No,No,No,,,,data/4cys-large/output/xyz_files/6fi0_ZN_homo_d2.60_cluster4.xyz,1.90
6fi0,6,homo,1,ZN,ZN,C,1802,,ZN,,1.0,4,TD,4S,3.903769704705961,6.007653469129096,0.015509549736437632,0.038086931418864545,1.2799868837229404,1.4285977083587904,No,No,No,No,,,,data/4cys-large/output/xyz_files/6fi0_ZN_homo_d2.60_cluster6.xyz,1.90
6fi0,8,homo,1,ZN,ZN,D,1802,,ZN,,1.0,4,TD,4S,5.007770207420623,8.161787676897774,0.04832871271427955,0.12172584317729207,1.2353671662610295,1.6010046514120213,No,No,No,No,,,,data/4cys-large/output/xyz_files/6fi0_ZN_homo_d2.60_cluster8.xyz,1.90
6fkp,2,homo,1,ZN,ZN,A,1802,,ZN,,1.0,4,TD,4S,4.055907497623297,5.375311605592628,0.010792597624115868,0.025011755345689224,1.279435810964884,1.416653897589354,No,No,No,No,,,,data/4cys-large/output/xyz_files/6fkp_ZN_homo_d2.60_cluster2.xyz,2.00
6fkp,4,homo,1,ZN,ZN,B,1802,,ZN,,1.0,4,TD,4S,3.940510786052662,7.570886601838666,0.0028872909656477556,0.007443407619990516,1.2763395454105215,1.982997887426813,No,No,No,No,,,,data/4cys-large/output/xyz_files/6fkp_ZN_homo_d2.60_cluster4.xyz,2.00
6fkp,6,homo,1,ZN,ZN,C,1802,,ZN,,1.0,4,TD,4S,4.168186840198501,7.110176439276671,0.008368639012315248,0.02146538269699727,1.2785644539517684,1.866622712735551,No,No,No,No,,,,data/4cys-large/output/xyz_files/6fkp_ZN_homo_d2.60_cluster6.xyz,2.00
6fkp,8,homo,1,ZN,ZN,D,1802,,ZN,,1.0,4,TD,4S,5.19385452515601,9.027869782144478,0.010667930808128933,0.029149776526045112,1.2551444549938453,1.7178786789374516,No,No,No,No,,,,data/4cys-large/output/xyz_files/6fkp_ZN_homo_d2.60_cluster8.xyz,2.00
6fl1,1,homo,1,ZN,ZN,A,5001,,ZN,,1.0,4,TD,4S,6.102191631872472,12.405135587612406,0.01517668995149754,0.03756013081454457,1.2203671847755935,1.8165915578072562,No,No,No,No,,,,data/4cys-large/output/xyz_files/6fl1_ZN_homo_d2.60_cluster1.xyz,1.60
6fp5,1,homo,1,ZN,ZN,A,201,,ZN,,1.0,4,TD,4S,3.499436995122357,5.45171476060888,0.025979222563915386,0.06597309701787202,1.2740086318293937,1.735752702354145,No,No,No,No,,,,data/4cys-large/output/xyz_files/6fp5_ZN_homo_d2.60_cluster1.xyz,2.00
6fp5,2,homo,1,ZN,ZN,B,201,,ZN,,1.0,4,TD,4S,3.5307442442776984,7.286450818381908,0.03662401004940914,0.08638824412098023,1.2636697185644719,1.8755574416236291,No,No,No,No,,,,data/4cys-large/output/xyz_files/6fp5_ZN_homo_d2.60_cluster2.xyz,2.00
6fuk,1,homo,1,ZN,ZN,A,1503,,ZN,,1.0,4,TD,4S,3.790679228567978,6.418175408371866,0.08276189301621205,0.2141817508940136,1.3032543566801096,1.6221097774060347,No,No,No,No,,,,data/4cys-large/output/xyz_files/6fuk_ZN_homo_d2.60_cluster1.xyz,2.00
6ful,1,homo,1,ZN,ZN,A,1503,,ZN,,1.0,4,TD,4S,3.0457958282084974,6.244550828448169,0.050831072866793676,0.12288930284442046,1.2644242417197513,1.9048783810014447,No,No,No,No,,,,data/4cys-large/output/xyz_files/6ful_ZN_homo_d2.60_cluster1.xyz,1.65
6g5n,2,homo,1,ZN,ZN,A,902,,ZN,,1.0,4,TD,4S,4.539030241851677,9.180968678120166,0.07620830487591806,0.18862690425843986,1.2762993832215783,1.820278386622807,No,No,No,No,,,,data/4cys-large/output/xyz_files/6g5n_ZN_homo_d2.60_cluster2.xyz,1.77
6g5n,4,homo,1,ZN,ZN,B,902,,ZN,,1.0,4,TD,4S,4.500004552724614,8.205570458322995,0.026153532918525454,0.07302004269168183,1.2483422921398337,1.5748230570873651,No,No,No,No,,,,data/4cys-large/output/xyz_files/6g5n_ZN_homo_d2.60_cluster4.xyz,1.77
6g5p,2,homo,1,ZN,ZN,A,902,,ZN,,1.0,4,TD,4S,4.780480515676964,8.040843533249912,0.030395728648647865,0.07942349250834324,1.2511521329887356,1.483242694742394,No,No,No,No,,,,data/4cys-large/output/xyz_files/6g5p_ZN_homo_d2.60_cluster2.xyz,1.35
6g5p,4,homo,1,ZN,ZN,B,902,,ZN,,1.0,4,TD,4S,4.5920675084077,6.695814242842616,0.031580833466703546,0.0849371157233958,1.2564587975577453,1.6073786949534647,No,No,No,No,,,,data/4cys-large/output/xyz_files/6g5p_ZN_homo_d2.60_cluster4.xyz,1.35
6gha,1,homo,1,ZN,ZN,A,1001,,ZN,,1.0,4,TD,4S,6.0193645313581605,9.6983270877749,0.1341461125934077,0.37500478540233795,1.2767033572936484,1.8612034931277917,No,No,No,No,,,,data/4cys-large/output/xyz_files/6gha_ZN_homo_d2.60_cluster1.xyz,1.98
6glc,3,homo,1,ZN,ZN,A,503,,ZN,,1.0,4,TD,4S,6.540808240995312,12.64166051169434,0.1259526650432924,0.32758069517419663,1.2330362860460509,2.0173444040704878,No,No,No,No,,,,data/4cys-large/output/xyz_files/6glc_ZN_homo_d2.60_cluster3.xyz,1.80
6glc,4,homo,1,ZN,ZN,A,504,,ZN,,1.0,4,TD,4S,5.00423878780181,7.495004566743802,0.04018133597002271,0.11174969570253879,1.2683859460438718,1.7335386076651833,No,No,No,No,,,,data/4cys-large/output/xyz_files/6glc_ZN_homo_d2.60_cluster4.xyz,1.80
6glc,5,homo,1,ZN,ZN,A,505,,ZN,,1.0,4,TD,4S,3.157095574388891,5.490693259516149,0.03444865434366343,0.08651953183032646,1.2888205888189768,1.5600457128483933,No,No,No,No,,,,data/4cys-large/output/xyz_files/6glc_ZN_homo_d2.60_cluster5.xyz,1.80
6grh,1,homo,1,ZN,ZN,1,401,,ZN,,1.0,4,TD,4S,9.738791372025126,18.444051353881022,0.01260503707810944,0.03413726616287871,1.2060930992963454,1.4229644351903379,No,No,No,No,,,,data/4cys-large/output/xyz_files/6grh_ZN_homo_d2.60_cluster1.xyz,1.85
6grh,2,homo,1,ZN,ZN,2,401,,ZN,,1.0,4,TD,4S,9.10147059465287,14.806418361310392,0.009209447130606294,0.023527815670256746,1.224018433613693,1.567975710724659,No,No,No,No,,,,data/4cys-large/output/xyz_files/6grh_ZN_homo_d2.60_cluster2.xyz,1.85
6h0s,1,homo,1,ZN,ZN,A,5001,,ZN,,1.0,4,TD,4S,6.317088527242326,12.721219708850654,0.004830175493862341,0.011895758073066087,1.2189666657058265,1.739701969849624,No,No,No,No,,,,data/4cys-large/output/xyz_files/6h0s_ZN_homo_d2.60_cluster1.xyz,1.75
6hoy,2,homo,1,ZN,ZN,B,703,,ZN,,1.0,4,TD_d,4S,5.802833249226235,8.620979954737521,0.150332130689248,0.3703053959082876,1.1788743459039595,1.6623666757218292,No,No,Yes,No,,,,data/4cys-large/output/xyz_files/6hoy_ZN_homo_d2.60_cluster2.xyz,1.70
6hpr,1,homo,1,ZN,ZN,A,701,,ZN,,1.0,4,TD,4S,3.6687229348764183,6.375582501076039,0.04540698954710892,0.11115975540389167,1.2826015669834667,1.8582393259265197,No,No,No,No,,,,data/4cys-large/output/xyz_files/6hpr_ZN_homo_d2.60_cluster1.xyz,1.70
6htj,1,homo,1,ZN,ZN,A,201,,ZN,,1.0,4,TD,4S,4.319236919895756,5.622789312246937,0.010053123372063025,0.023067102837509346,1.2537880720384442,1.4614027949335497,No,No,No,No,,,,data/4cys-large/output/xyz_files/6htj_ZN_homo_d2.60_cluster1.xyz,1.65
6htj,2,homo,1,ZN,ZN,B,201,,ZN,,1.0,4,TD,4S,4.633304812078179,8.00575959005937,0.016175368947286495,0.04156480216567804,1.2470238072562025,1.6046633521220945,No,No,No,No,,,,data/4cys-large/output/xyz_files/6htj_ZN_homo_d2.60_cluster2.xyz,1.65
6ieu,2,homo,1,ZN,ZN,A,1202,,ZN,,1.0,4,TD,4S,4.696577798885692,8.988368547351612,0.05719067418011936,0.12541403742198742,1.2633849490745466,1.8363113438234697,No,No,No,No,,,,data/4cys-large/output/xyz_files/6ieu_ZN_homo_d2.60_cluster2.xyz,1.79
6iiw,1,homo,1,ZN,ZN,A,401,,ZN,,1.0,4,TD,4S,6.262046995082356,12.738696609720407,0.03205402829245009,0.08262431718827346,1.2099146180058191,1.635945917601591,No,No,No,No,,,,data/4cys-large/output/xyz_files/6iiw_ZN_homo_d2.60_cluster1.xyz,1.70
6iiw,3,homo,1,ZN,ZN,A,403,,ZN,,1.0,4,TD,4S,2.041453597426908,2.750372825623927,0.044769980640573526,0.11787911328725764,1.3061503544807926,2.173115627680905,No,No,No,No,,,,data/4cys-large/output/xyz_files/6iiw_ZN_homo_d2.60_cluster3.xyz,1.70
6iwd,1,homo,1,ZN,ZN,B,201,,ZN,,1.0,4,TD,4S,1.8083417086772768,2.889940650818019,0.1430545018164174,0.38648042535355875,1.2444155804054542,2.1141404485312814,No,No,No,No,,,,data/4cys-large/output/xyz_files/6iwd_ZN_homo_d2.60_cluster1.xyz,1.80
6j8m,1,homo,1,ZN,ZN,F,101,,ZN,,1.0,4,TD,4S,3.869954382300216,8.158473757250107,0.031350825757727054,0.08662785590933542,1.272738739669995,1.5335360334215427,No,No,No,No,,,,data/4cys-large/output/xyz_files/6j8m_ZN_homo_d2.60_cluster1.xyz,1.90
6j8m,2,homo,1,ZN,ZN,S,101,,ZN,,1.0,4,TD,4S,3.5511672961648673,7.811033890030572,0.019761269255465633,0.05311793310708701,1.2923112454923893,1.5227166621515131,No,No,No,No,,,,data/4cys-large/output/xyz_files/6j8m_ZN_homo_d2.60_cluster2.xyz,1.90
6j9j,1,homo,1,ZN,ZN,A,1801,,ZN,,1.0,4,TD,4S,4.708848088870315,8.554823930911795,0.060109414168518054,0.14162901005268447,1.3096155794218818,1.8603337726998552,No,No,No,No,,,,data/4cys-large/output/xyz_files/6j9j_ZN_homo_d2.60_cluster1.xyz,1.78
6j9j,2,homo,1,ZN,ZN,A,1802,,ZN,,1.0,4,TD,4S,8.186876458877979,12.497881592968511,0.07348387656897165,0.18649261739610656,1.2398165715311742,1.4542938644041212,No,No,No,No,,,,data/4cys-large/output/xyz_files/6j9j_ZN_homo_d2.60_cluster2.xyz,1.78
6j9j,3,homo,1,ZN,ZN,A,1803,,ZN,,1.0,4,TD,4S,2.735714244188009,3.5958460398199605,0.06455656147794878,0.15408211651160553,1.2975703348927585,1.7101498167426008,No,No,No,No,,,,data/4cys-large/output/xyz_files/6j9j_ZN_homo_d2.60_cluster3.xyz,1.78
6je8,1,homo,1,ZN,ZN,A,501,,ZN,,1.0,4,TD,4S,5.050208207615821,6.866312076552504,0.02618898979730518,0.06756047547606103,1.2590136990254217,1.3604537162489567,No,No,No,No,,,,data/4cys-large/output/xyz_files/6je8_ZN_homo_d2.60_cluster1.xyz,1.80
6jeb,1,homo,1,ZN,ZN,A,501,,ZN,,1.0,4,TD,4S,5.595429962341047,7.854589930239072,0.013426342539783373,0.03303821446355881,1.2327753915031567,1.3579321982103458,No,No,No,No,,,,data/4cys-large/output/xyz_files/6jeb_ZN_homo_d2.60_cluster1.xyz,1.50
6juw,1,homo,1,ZN,ZN,F,101,,ZN,,1.0,4,TD,4S,11.455051727848772,17.187301466911507,0.039719299036293454,0.10968931290523676,1.1491198268936287,1.4104765800798016,No,No,No,No,,,,data/4cys-large/output/xyz_files/6juw_ZN_homo_d2.60_cluster1.xyz,1.80
6juw,2,homo,1,ZN,ZN,S,101,,ZN,,1.0,4,TD,4S,15.73987212007051,27.768336413917496,0.03365536694116026,0.08965132599233039,1.0684756780628297,1.5386145279694126,No,No,No,No,,,,data/4cys-large/output/xyz_files/6juw_ZN_homo_d2.60_cluster2.xyz,1.80
6jy3,1,homo,1,ZN,ZN,F,101,,ZN,,1.0,4,TD,4S,4.931238348385107,9.617972851577377,0.021895821631061737,0.059361748697357886,1.2618397644378345,1.4650008370330452,No,No,No,No,,,,data/4cys-large/output/xyz_files/6jy3_ZN_homo_d2.60_cluster1.xyz,1.85
6jy4,1,homo,1,ZN,ZN,F,101,,ZN,,1.0,4,TD,4S,5.185273757071717,9.996455751830638,0.017652455761776827,0.04721595682310786,1.266083972764735,1.5612850425650806,No,No,No,No,,,,data/4cys-large/output/xyz_files/6jy4_ZN_homo_d2.60_cluster1.xyz,1.95
6kc5,1,homo,1,ZN,ZN,B,1101,,ZN,A,0.5,4,TD,4S,13.945947158163284,29.18517687778197,0.0460618400289499,0.11503175583697534,1.033013479297939,1.4741170782385573,No,No,No,No,,ALTLOC,,data/4cys-large/output/xyz_files/6kc5_ZN_homo_d2.60_cluster1_altlocZnA.xyz,1.54
6kc5,1,homo,1,ZN,ZN,B,1101,,ZN,A,0.5,4,TD,4S,13.945947158163284,29.18517687778197,0.0460618400289499,0.11503175583697534,1.033013479297939,1.4741170782385573,No,No,No,No,,ALTLOC,,data/4cys-large/output/xyz_files/6kc5_ZN_homo_d2.60_cluster1_altlocZnB.xyz,1.54
6kgi,1,homo,1,ZN,ZN,B,201,,ZN,,1.0,4,TD,4S,7.638443037746063,12.463099752279248,0.019709966575144382,0.0488006509999277,1.1929468255840139,1.5267803599409722,No,No,No,No,,,,data/4cys-large/output/xyz_files/6kgi_ZN_homo_d2.60_cluster1.xyz,1.04
6kqq,1,homo,1,ZN,ZN,A,2104,,ZN,,1.0,4,TD,4S,3.022461098340008,5.736379533566819,0.04117765543341803,0.10744261511539399,1.2726070643443212,1.739500272740401,No,No,No,No,,,,data/4cys-large/output/xyz_files/6kqq_ZN_homo_d2.60_cluster1.xyz,1.80
6kqq,2,homo,1,ZN,ZN,A,2105,,ZN,,1.0,4,TD,4S,5.79463866563014,10.583866886086568,0.03605669973848873,0.07991929635173944,1.2631612987403837,1.4682030668551784,No,No,No,No,,,,data/4cys-large/output/xyz_files/6kqq_ZN_homo_d2.60_cluster2.xyz,1.80
6kqq,3,homo,1,ZN,ZN,A,2106,,ZN,,1.0,4,TD,4S,5.510242947877714,9.452557947165289,0.09257286913156688,0.24618120242292774,1.274089585883668,2.1644774489492264,No,No,No,No,,,,data/4cys-large/output/xyz_files/6kqq_ZN_homo_d2.60_cluster3.xyz,1.80
6kqq,4,homo,1,ZN,ZN,B,2104,,ZN,,1.0,4,TD,4S,5.627052862331543,7.8523145838259865,0.014497774007431448,0.036716220527508,1.2585778901018443,1.544460607598512,No,No,No,No,,,,data/4cys-large/output/xyz_files/6kqq_ZN_homo_d2.60_cluster4.xyz,1.80
6kqq,5,homo,1,ZN,ZN,B,2105,,ZN,,1.0,4,TD,4S,5.2427182370345395,8.631875203573912,0.03319094710493794,0.07446047326703109,1.2990738864665698,1.9201020702883447,No,No,No,No,,,,data/4cys-large/output/xyz_files/6kqq_ZN_homo_d2.60_cluster5.xyz,1.80
6kqq,6,homo,1,ZN,ZN,B,2106,,ZN,,1.0,4,TD,4S,4.144980661275866,7.849155752926521,0.06618291682784248,0.17052378391870837,1.2472739189067594,1.6258859928047409,No,No,No,No,,,,data/4cys-large/output/xyz_files/6kqq_ZN_homo_d2.60_cluster6.xyz,1.80
6l65,1,homo,1,ZN,ZN,A,401,,ZN,,1.0,4,TD,4S,6.623101421412798,14.15734809953588,0.01321177488781143,0.03590357689498047,1.2071316646910117,1.8376155309615614,No,No,No,No,,,,data/4cys-large/output/xyz_files/6l65_ZN_homo_d2.60_cluster1.xyz,1.80
6ljh,1,homo,1,ZN,ZN,A,402,,ZN,,1.0,4,TD,4S,6.635618515881963,9.337120039805782,0.03428214407189642,0.08610061890421461,1.1979809635763787,1.2357146068616616,No,No,No,No,,,,data/4cys-large/output/xyz_files/6ljh_ZN_homo_d2.60_cluster1.xyz,1.80
6ljk,1,homo,1,ZN,ZN,A,401,,ZN,,1.0,4,TD,4S,4.911171579298217,8.312759689184105,0.03101686254221759,0.06243640133630102,1.2657081133664811,2.0560681588919256,No,No,No,No,,,,data/4cys-large/output/xyz_files/6ljk_ZN_homo_d2.60_cluster1.xyz,1.39
6ljm,1,homo,1,ZN,ZN,A,401,,ZN,,1.0,4,TD,4S,3.488431819049465,5.577528867678765,0.03974377827838401,0.11187601378376,1.290717330969072,2.135939420371135,No,No,No,No,,,,data/4cys-large/output/xyz_files/6ljm_ZN_homo_d2.60_cluster1.xyz,1.78
6ljn,1,homo,1,ZN,ZN,A,401,,ZN,,1.0,4,TD,4S,3.2253567443060605,6.531659474362215,0.02164381563514488,0.05571403141159781,1.2610225136680615,2.0465562232829915,No,No,No,No,,,,data/4cys-large/output/xyz_files/6ljn_ZN_homo_d2.60_cluster1.xyz,1.80
6lqe,1,homo,1,ZN,ZN,A,801,,ZN,,1.0,4,TD,4S,7.007520198860467,12.080945320867002,0.12353212606223664,0.27530692044599014,1.2344087828768013,1.7137709493812776,No,No,No,No,,,,data/4cys-large/output/xyz_files/6lqe_ZN_homo_d2.60_cluster1.xyz,1.90
6lqf,2,homo,1,ZN,ZN,A,802,,ZN,,1.0,4,TD,4S,4.5308297588573385,8.489761034650982,0.0325371678252394,0.08543843402219142,1.2582882998604252,1.4765258950711848,No,No,No,No,,,,data/4cys-large/output/xyz_files/6lqf_ZN_homo_d2.60_cluster2.xyz,1.50
6lsb,2,homo,1,ZN,ZN,A,402,,ZN,,1.0,4,TD,4S,3.6203853445098955,6.390214028266158,0.013630625562598284,0.036381026386355764,1.2833411278283948,1.5431797806087968,No,No,No,No,,,,data/4cys-large/output/xyz_files/6lsb_ZN_homo_d2.60_cluster2.xyz,2.00
6lsb,3,homo,1,ZN,ZN,A,403,,ZN,,1.0,4,TD,4S,4.138496715417811,6.630157957205398,0.07998765736946276,0.21377717439779076,1.2602245743042626,2.093334318388885,No,No,No,No,,,,data/4cys-large/output/xyz_files/6lsb_ZN_homo_d2.60_cluster3.xyz,2.00
6m2d,1,homo,1,ZN,ZN,A,401,,ZN,,1.0,4,TD,4S,3.3497326080213434,5.830989480977394,0.036290147758781,0.09386037194371522,1.2852791244141937,1.9635160500042326,No,No,No,No,,,,data/4cys-large/output/xyz_files/6m2d_ZN_homo_d2.60_cluster1.xyz,1.80
6m2d,3,homo,1,ZN,ZN,B,401,,ZN,,1.0,4,TD,4S,5.459393484236485,10.058163238559857,0.012267890037464547,0.029976266326221968,1.2696591711255678,1.9986557658188753,No,No,No,No,,,,data/4cys-large/output/xyz_files/6m2d_ZN_homo_d2.60_cluster3.xyz,1.80
6m2d,5,homo,1,ZN,ZN,C,401,,ZN,,1.0,4,TD,4S,6.61939941547438,12.407820478732319,0.047682124706217174,0.12565735636266018,1.236108324864029,1.9279346489848084,No,No,No,No,,,,data/4cys-large/output/xyz_files/6m2d_ZN_homo_d2.60_cluster5.xyz,1.80
6m2d,7,homo,1,ZN,ZN,D,401,,ZN,,1.0,4,TD,4S,9.140594062105135,16.476337939895586,0.0444774008978224,0.11226500487741209,1.1942624874981385,1.854335347827319,No,No,No,No,,,,data/4cys-large/output/xyz_files/6m2d_ZN_homo_d2.60_cluster7.xyz,1.80
6m2d,9,homo,1,ZN,ZN,E,401,,ZN,,1.0,4,TD,4S,3.374121862785735,5.852841400974825,0.032860838341873116,0.08740546928864257,1.2907036655514015,2.1012911929980174,No,No,No,No,,,,data/4cys-large/output/xyz_files/6m2d_ZN_homo_d2.60_cluster9.xyz,1.80
6m2d,11,homo,1,ZN,ZN,F,401,,ZN,,1.0,4,TD,4S,5.8648404707205435,10.309215794421249,0.06586156539131034,0.1740846626531427,1.2731457949974188,1.902965938688354,No,No,No,No,,,,data/4cys-large/output/xyz_files/6m2d_ZN_homo_d2.60_cluster11.xyz,1.80
6m6r,1,homo,1,ZN,ZN,A,1201,,ZN,,1.0,4,TD,4S,5.053064708899049,6.8786110519841515,0.041997228617787034,0.10758404871381444,1.2699800358312814,1.5060008526011768,No,No,No,No,,,,data/4cys-large/output/xyz_files/6m6r_ZN_homo_d2.60_cluster1.xyz,1.89
6m6s,1,homo,1,ZN,ZN,A,1201,,ZN,,1.0,4,TD,4S,5.779172603020704,9.296788905901607,0.04394385319110734,0.11472951552957689,1.220364477855389,1.3952813729637437,No,No,No,No,,,,data/4cys-large/output/xyz_files/6m6s_ZN_homo_d2.60_cluster1.xyz,1.60
6m6s,2,homo,1,ZN,ZN,B,1201,,ZN,,1.0,4,TD,4S,4.211107966905157,6.654623894554177,0.06649958632190392,0.18573312992220625,1.2552124760854462,1.768213377213872,No,No,No,No,,,,data/4cys-large/output/xyz_files/6m6s_ZN_homo_d2.60_cluster2.xyz,1.60
6mbo,1,homo,1,ZN,ZN,A,1303,,ZN,,1.0,4,TD,4S,3.5559004017096556,5.256919315923071,0.02366927441259482,0.06194501678964981,1.2692424810944738,1.8991175297297163,No,No,No,No,,,,data/4cys-large/output/xyz_files/6mbo_ZN_homo_d2.60_cluster1.xyz,1.59
6mbo,2,homo,1,ZN,ZN,A,1304,,ZN,,1.0,4,TD,4S,7.526045372451093,13.281330576007747,0.023638250829864368,0.060865867997755174,1.1823320260902246,1.5287154004384675,No,No,No,No,,,,data/4cys-large/output/xyz_files/6mbo_ZN_homo_d2.60_cluster2.xyz,1.59
6mbo,3,homo,1,ZN,ZN,A,1305,,ZN,,1.0,4,TD,4S,4.436850853448744,8.73372464674398,0.016479818580977666,0.046318765471954126,1.2745823207271578,1.4751581533443703,No,No,No,No,,,,data/4cys-large/output/xyz_files/6mbo_ZN_homo_d2.60_cluster3.xyz,1.59
6mbo,4,homo,1,ZN,ZN,A,1306,,ZN,,1.0,4,TD,4S,4.656415969426806,6.204476441073979,0.01866010369002819,0.051402681486938384,1.24190190725761,1.4496299578114185,No,No,No,No,,,,data/4cys-large/output/xyz_files/6mbo_ZN_homo_d2.60_cluster4.xyz,1.59
6mbo,5,homo,1,ZN,ZN,B,1303,,ZN,,1.0,4,TD,4S,4.288670806319228,7.606917431205545,0.021718124149977636,0.05947171873395263,1.27735987761572,1.6351050812722758,No,No,No,No,,,,data/4cys-large/output/xyz_files/6mbo_ZN_homo_d2.60_cluster5.xyz,1.59
6mbo,6,homo,1,ZN,ZN,B,1304,,ZN,,1.0,4,TD,4S,3.7090830553403897,5.9008370120029525,0.019568880802201156,0.0533448050845986,1.2697154133238657,2.0423395615344546,No,No,No,No,,,,data/4cys-large/output/xyz_files/6mbo_ZN_homo_d2.60_cluster6.xyz,1.59
6mbo,7,homo,1,ZN,ZN,B,1305,,ZN,,1.0,4,TD,4S,7.461934075682644,12.068676004477581,0.03421185217057233,0.09439296648783557,1.168395269572173,1.483450633173296,No,No,No,No,,,,data/4cys-large/output/xyz_files/6mbo_ZN_homo_d2.60_cluster7.xyz,1.59
6mbo,8,homo,1,ZN,ZN,B,1306,,ZN,,1.0,4,TD,4S,4.992410843467334,8.341199962514636,0.009296463066626121,0.023447410358913068,1.2338082577748923,1.329187604575374,No,No,No,No,,,,data/4cys-large/output/xyz_files/6mbo_ZN_homo_d2.60_cluster8.xyz,1.59
6mbp,1,homo,1,ZN,ZN,A,2002,,ZN,,1.0,4,TD,4S,3.131438534956146,4.65941921349723,0.04148335287523021,0.11349519425141441,1.276989443771451,1.7256134044587523,No,No,No,No,,,,data/4cys-large/output/xyz_files/6mbp_ZN_homo_d2.60_cluster1.xyz,1.95
6mbp,2,homo,1,ZN,ZN,A,2003,,ZN,,1.0,4,TD,4S,6.940163583670019,12.39127814685662,0.07975457352876458,0.2195067530795103,1.1934001411921127,1.6723774032421614,No,No,No,No,,,,data/4cys-large/output/xyz_files/6mbp_ZN_homo_d2.60_cluster2.xyz,1.95
6mbp,3,homo,1,ZN,ZN,A,2004,,ZN,,1.0,4,TD,4S,4.923948478117792,9.06075036410445,0.04727082133686457,0.12976548636231522,1.2794742536603891,1.484355402306142,No,No,No,No,,,,data/4cys-large/output/xyz_files/6mbp_ZN_homo_d2.60_cluster3.xyz,1.95
6mbp,4,homo,1,ZN,ZN,A,2005,,ZN,,1.0,4,TD,4S,5.019122167606326,7.515576909150241,0.06316404528057908,0.140742857051523,1.2257843065643792,1.2908625005770797,No,No,No,No,,,,data/4cys-large/output/xyz_files/6mbp_ZN_homo_d2.60_cluster4.xyz,1.95
6mbp,5,homo,1,ZN,ZN,B,1302,,ZN,,1.0,4,TD,4S,4.375689767731035,7.774280532687754,0.031981328617695745,0.07557906591178565,1.3088213605942447,1.8254966369402905,No,No,No,No,,,,data/4cys-large/output/xyz_files/6mbp_ZN_homo_d2.60_cluster5.xyz,1.95
6mbp,6,homo,1,ZN,ZN,B,1303,,ZN,,1.0,4,TD,4S,2.8363813167436907,4.113597981773836,0.02245205164420493,0.06183779274879431,1.296855324089228,1.944719965495379,No,No,No,No,,,,data/4cys-large/output/xyz_files/6mbp_ZN_homo_d2.60_cluster6.xyz,1.95
6mbp,7,homo,1,ZN,ZN,B,1304,,ZN,,1.0,4,TD,4S,7.438055057719013,12.80294284934908,0.057730588109977214,0.14475060473830137,1.1918014432568407,1.5134789803238795,No,No,No,No,,,,data/4cys-large/output/xyz_files/6mbp_ZN_homo_d2.60_cluster7.xyz,1.95
6mbp,8,homo,1,ZN,ZN,B,1305,,ZN,,1.0,4,TD,4S,5.938652966985712,12.537227775319565,0.05350486545702266,0.13020802564661116,1.2117101324827204,1.7433403448463578,No,No,No,No,,,,data/4cys-large/output/xyz_files/6mbp_ZN_homo_d2.60_cluster8.xyz,1.95
6miu,1,homo,1,ZN,ZN,A,201,,ZN,,1.0,4,TD,4S,5.219683718548798,7.7655195129681545,0.10834738240795333,0.26359681780804145,1.2779413436671487,1.9134527045314125,No,No,No,No,,,,data/4cys-large/output/xyz_files/6miu_ZN_homo_d2.60_cluster1.xyz,1.90
6miu,3,homo,1,ZN,ZN,B,201,,ZN,,1.0,4,TD,4S,5.090749149692811,8.137323764497026,0.12551263357896206,0.2959127353406088,1.2755401617177518,1.8571619500791081,No,No,No,No,,,,data/4cys-large/output/xyz_files/6miu_ZN_homo_d2.60_cluster3.xyz,1.90
6mj7,1,homo,1,ZN,ZN,A,201,,ZN,,0.75,4,TD,4S,4.359952425084823,5.757201499918807,0.014600107844809732,0.03253371243212433,1.267310859645163,1.7821564222926098,No,No,No,No,,,,data/4cys-large/output/xyz_files/6mj7_ZN_homo_d2.60_cluster1.xyz,1.41
6ml1,1,homo,1,ZN,ZN,A,1003,,ZN,,1.0,4,TD,4S,3.8328130453272866,7.233241526023619,0.05229560035594359,0.1297261461615391,1.322712054362016,2.098086659309221,No,No,No,No,,,,data/4cys-large/output/xyz_files/6ml1_ZN_homo_d2.60_cluster1.xyz,1.90
6ml1,2,homo,1,ZN,ZN,B,1002,,ZN,,1.0,4,TD,4S,5.120207160760663,10.360970904550754,0.0630888832123986,0.17430303811376868,1.2865115239654283,2.1186787223989665,No,No,No,No,,,,data/4cys-large/output/xyz_files/6ml1_ZN_homo_d2.60_cluster2.xyz,1.90
6mlc,3,homo,1,ZN,ZN,A,2003,,ZN,,1.0,4,TD,4S,5.323356638476592,8.07670198454916,0.043816541057273686,0.10915871720462533,1.2304787198105598,1.5384784687509312,No,No,No,No,,,,data/4cys-large/output/xyz_files/6mlc_ZN_homo_d2.60_cluster3.xyz,1.80
6mlc,4,homo,1,ZN,ZN,A,2004,,ZN,,1.0,4,TD,4S,5.019312970271908,9.431260555978113,0.04377505764980215,0.1221260807136626,1.3082776810640302,1.6286688011341672,No,No,No,No,,,,data/4cys-large/output/xyz_files/6mlc_ZN_homo_d2.60_cluster4.xyz,1.80
6mlc,7,homo,1,ZN,ZN,B,1202,,ZN,,1.0,4,TD,4S,4.817639098146938,8.0362879296393,0.030469047086907435,0.07346712798712796,1.2585722190799868,1.792823359514072,No,No,No,No,,,,data/4cys-large/output/xyz_files/6mlc_ZN_homo_d2.60_cluster7.xyz,1.80
6mlc,10,homo,1,ZN,ZN,C,2003,,ZN,,1.0,4,TD,4S,4.972316400750572,7.711288155819645,0.03960404591619649,0.10036959186674954,1.249261113555975,1.6649307021944193,No,No,No,No,,,,data/4cys-large/output/xyz_files/6mlc_ZN_homo_d2.60_cluster10.xyz,1.80
6mlc,11,homo,1,ZN,ZN,C,2004,,ZN,,1.0,4,TD,4S,4.338868276868448,9.247358849946323,0.0720597900328653,0.17009760527361495,1.2881006455490371,1.6283840745921223,No,No,No,No,,,,data/4cys-large/output/xyz_files/6mlc_ZN_homo_d2.60_cluster11.xyz,1.80
6mlc,14,homo,1,ZN,ZN,D,1202,,ZN,,1.0,4,TD,4S,5.319046812336378,7.377747613877645,0.04183963036499225,0.10643597260581261,1.2369962252548374,1.5589298532432305,No,No,No,No,,,,data/4cys-large/output/xyz_files/6mlc_ZN_homo_d2.60_cluster14.xyz,1.80
6ng2,1,homo,1,ZN,ZN,B,801,,ZN,,1.0,4,TD,4S,8.044915880798074,13.88285486777292,0.019255352849204252,0.048487982217872094,1.2520804545122943,1.8704027888231944,No,No,No,No,,,,data/4cys-large/output/xyz_files/6ng2_ZN_homo_d2.60_cluster1.xyz,1.93
6ng4,1,homo,1,ZN,ZN,A,803,,ZN,,1.0,4,TD,4S,8.607660086656495,15.59783073254549,0.013688791891200513,0.033479227687190694,1.253274905587288,1.8114566987955287,No,No,No,No,,,,data/4cys-large/output/xyz_files/6ng4_ZN_homo_d2.60_cluster1.xyz,1.78
6ng5,1,homo,1,ZN,ZN,A,805,,ZN,,1.0,4,TD,4S,7.5298583267310555,13.067905461331208,0.022146874750467036,0.053191622868717925,1.244915272695286,1.954249121887462,No,No,No,No,,,,data/4cys-large/output/xyz_files/6ng5_ZN_homo_d2.60_cluster1.xyz,1.96
6ng7,1,homo,1,ZN,ZN,B,801,,ZN,,1.0,4,TD,4S,7.233104214682029,11.824010473401913,0.0482035570433882,0.10982137094706923,1.2483945192438082,1.895925440459131,No,No,No,No,,,,data/4cys-large/output/xyz_files/6ng7_ZN_homo_d2.60_cluster1.xyz,2.00
6ng8,1,homo,1,ZN,ZN,B,801,,ZN,,1.0,4,TD,4S,6.9107957997849265,11.046429271739967,0.030956017324575147,0.07874031780248947,1.2653843355055334,1.7304703325046353,No,No,No,No,,,,data/4cys-large/output/xyz_files/6ng8_ZN_homo_d2.60_cluster1.xyz,1.90
6nga,1,homo,1,ZN,ZN,B,801,,ZN,,1.0,4,TD,4S,7.726046514027785,12.827310293888829,0.03404624785806153,0.07919995877243613,1.2745669712204533,1.982552555875734,No,No,No,No,,,,data/4cys-large/output/xyz_files/6nga_ZN_homo_d2.60_cluster1.xyz,1.98
6ngb,1,homo,1,ZN,ZN,A,804,,ZN,,1.0,4,TD,4S,7.8057026831629805,11.774569978090582,0.04031588206609564,0.11069824634048508,1.2473881445410848,1.6941180583714877,No,No,No,No,,,,data/4cys-large/output/xyz_files/6ngb_ZN_homo_d2.60_cluster1.xyz,1.90
6ngc,1,homo,1,ZN,ZN,B,801,,ZN,,1.0,4,TD,4S,7.66975409286926,12.268073170200054,0.03589887034239558,0.08586650452153943,1.2742687781149922,1.8982665006187542,No,No,No,No,,,,data/4cys-large/output/xyz_files/6ngc_ZN_homo_d2.60_cluster1.xyz,2.00
6ngd,1,homo,1,ZN,ZN,B,801,,ZN,,1.0,4,TD,4S,9.122961365730067,15.932955295666773,0.0314476767837469,0.08878883845805507,1.2328147478509965,1.884579705429053,No,No,No,No,,,,data/4cys-large/output/xyz_files/6ngd_ZN_homo_d2.60_cluster1.xyz,1.80
6ngf,1,homo,1,ZN,ZN,B,801,,ZN,,1.0,4,TD,4S,7.36448119007232,10.444737876333477,0.022148945251287692,0.05433840664773104,1.2316890323186518,1.7913882959402279,No,No,No,No,,,,data/4cys-large/output/xyz_files/6ngf_ZN_homo_d2.60_cluster1.xyz,1.99
6ngh,1,homo,1,ZN,ZN,A,805,,ZN,,1.0,4,TD,4S,8.020939883442937,12.673491678392011,0.0320931283515408,0.07543762364724271,1.2446539352030512,1.7384434484198248,No,No,No,No,,,,data/4cys-large/output/xyz_files/6ngh_ZN_homo_d2.60_cluster1.xyz,2.00
6ngi,1,homo,1,ZN,ZN,B,801,,ZN,,1.0,4,TD,4S,7.345252608909762,11.665626248197825,0.023976043663368737,0.06001938398015527,1.2457712097525746,1.798824540788677,No,No,No,No,,,,data/4cys-large/output/xyz_files/6ngi_ZN_homo_d2.60_cluster1.xyz,1.80
6ngj,1,homo,1,ZN,ZN,A,805,,ZN,,1.0,4,TD,4S,6.803906871694801,8.817276737048402,0.005120569187613939,0.013823153809889632,1.2475586051777419,1.6332996783100213,No,No,No,No,,,,data/4cys-large/output/xyz_files/6ngj_ZN_homo_d2.60_cluster1.xyz,1.76
6ngk,1,homo,1,ZN,ZN,A,805,,ZN,,1.0,4,TD,4S,6.969521673836533,8.719823273729077,0.023138699395118152,0.06196185854000591,1.238104729612216,1.683934979375628,No,No,No,No,,,,data/4cys-large/output/xyz_files/6ngk_ZN_homo_d2.60_cluster1.xyz,1.83
6ngl,1,homo,1,ZN,ZN,A,805,,ZN,,1.0,4,TD,4S,5.669066901357218,8.313928460534328,0.021538614923923463,0.06007264237936161,1.2692526863639841,1.7367564691545496,No,No,No,No,,,,data/4cys-large/output/xyz_files/6ngl_ZN_homo_d2.60_cluster1.xyz,1.83
6ngm,1,homo,1,ZN,ZN,A,805,,ZN,,1.0,4,TD,4S,6.7058700676913245,9.402611393520758,0.014702398886404906,0.030903020921535518,1.2394039214457564,1.584494100967432,No,No,No,No,,,,data/4cys-large/output/xyz_files/6ngm_ZN_homo_d2.60_cluster1.xyz,1.69
6ngn,1,homo,1,ZN,ZN,B,805,,ZN,,1.0,4,TD,4S,4.702639751334932,7.98274415224509,0.012701703094788176,0.03527614338301177,1.3321546179183905,1.9258757219426343,No,No,No,No,,,,data/4cys-large/output/xyz_files/6ngn_ZN_homo_d2.60_cluster1.xyz,1.90
6ngp,1,homo,1,ZN,ZN,A,805,,ZN,,1.0,4,TD,4S,4.542609252380475,6.295213299060862,0.035505492900780235,0.08814287213448413,1.323607950853862,2.00536672472773,No,No,No,No,,,,data/4cys-large/output/xyz_files/6ngp_ZN_homo_d2.60_cluster1.xyz,1.98
6ngq,1,homo,1,ZN,ZN,B,805,,ZN,,1.0,4,TD,4S,6.851079087966709,10.042835587155125,0.011912143259496601,0.026730356166865032,1.2403009276444352,1.7696255409092725,No,No,No,No,,,,data/4cys-large/output/xyz_files/6ngq_ZN_homo_d2.60_cluster1.xyz,1.95
6ngr,1,homo,1,ZN,ZN,B,805,,ZN,,1.0,4,TD,4S,5.874213686835802,9.9819040117319,0.023163105414109895,0.06492888376077444,1.2974764410945652,1.805497763227803,No,No,No,No,,,,data/4cys-large/output/xyz_files/6ngr_ZN_homo_d2.60_cluster1.xyz,1.82
6ngs,1,homo,1,ZN,ZN,B,805,,ZN,,1.0,4,TD,4S,6.964522375899406,9.578281698243913,0.03080268909502403,0.08271127442295123,1.2589807241493047,1.7140932867117313,No,No,No,No,,,,data/4cys-large/output/xyz_files/6ngs_ZN_homo_d2.60_cluster1.xyz,1.90
6ngt,1,homo,1,ZN,ZN,B,805,,ZN,,1.0,4,TD,4S,6.509414290886867,10.572125391630053,0.03149896988624176,0.08445750203330782,1.2454271178426566,1.7530218043522725,No,No,No,No,,,,data/4cys-large/output/xyz_files/6ngt_ZN_homo_d2.60_cluster1.xyz,1.94
6ngu,1,homo,1,ZN,ZN,A,805,,ZN,,1.0,4,TD,4S,4.706279595050831,7.943323672593493,0.026009445162014193,0.06400832966899195,1.2939160502748523,2.0419385455074406,No,No,No,No,,,,data/4cys-large/output/xyz_files/6ngu_ZN_homo_d2.60_cluster1.xyz,2.00
6ngv,1,homo,1,ZN,ZN,A,805,,ZN,,1.0,4,TD,4S,7.577459727958779,10.125513313471686,0.023828217675628312,0.06279975298015827,1.2093978579972766,1.6272690895440218,No,No,No,No,,,,data/4cys-large/output/xyz_files/6ngv_ZN_homo_d2.60_cluster1.xyz,1.83
6ngw,1,homo,1,ZN,ZN,A,805,,ZN,,1.0,4,TD,4S,7.217195824403737,9.327764989252785,0.01571968192358041,0.03838184886562468,1.2177360308872378,1.5771975554356614,No,No,No,No,,,,data/4cys-large/output/xyz_files/6ngw_ZN_homo_d2.60_cluster1.xyz,1.86
6ngx,1,homo,1,ZN,ZN,A,805,,ZN,,1.0,4,TD,4S,7.771341553807514,10.234909898799103,0.030717857915096018,0.08466711261567239,1.2091781352334923,1.5798735354932394,No,No,No,No,,,,data/4cys-large/output/xyz_files/6ngx_ZN_homo_d2.60_cluster1.xyz,1.77
6ngy,1,homo,1,ZN,ZN,A,805,,ZN,,1.0,4,TD,4S,6.302009391842932,10.83435921077806,0.00907708683296341,0.024688921492162397,1.2911104151830284,1.8635247425300183,No,No,No,No,,,,data/4cys-large/output/xyz_files/6ngy_ZN_homo_d2.60_cluster1.xyz,1.93
6ngz,1,homo,1,ZN,ZN,A,805,,ZN,,1.0,4,TD,4S,4.635512605850904,8.251415751905142,0.04035691897163794,0.09259801844544313,1.3071209099845498,1.9453930556998418,No,No,No,No,,,,data/4cys-large/output/xyz_files/6ngz_ZN_homo_d2.60_cluster1.xyz,2.00
6nh0,1,homo,1,ZN,ZN,A,805,,ZN,,1.0,4,TD,4S,6.720878019263332,10.201401024993189,0.015819192366722263,0.042293676651278034,1.2620282454105187,1.8407747998598187,No,No,No,No,,,,data/4cys-large/output/xyz_files/6nh0_ZN_homo_d2.60_cluster1.xyz,1.90
6nh5,1,homo,1,ZN,ZN,A,507,,ZN,,1.0,4,TD,4S,5.492104064990165,11.320875825462153,0.01145397660014386,0.03183452188809932,1.3176726304469188,1.7027564257249808,No,No,No,No,,,,data/4cys-large/output/xyz_files/6nh5_ZN_homo_d2.60_cluster1.xyz,1.96
6nh5,3,homo,1,ZN,ZN,C,506,,ZN,,1.0,4,TD,4S,5.336757005626659,10.94246259752056,0.08048376403984024,0.20935098112123285,1.27495713920989,1.7944249426836418,No,No,No,No,,,,data/4cys-large/output/xyz_files/6nh5_ZN_homo_d2.60_cluster3.xyz,1.96
6nh7,1,homo,1,ZN,ZN,A,508,,ZN,,1.0,4,TD,4S,7.43840875986769,15.651746115030704,0.05140072119458527,0.13337003426694727,1.2725236154862183,1.6747811449522092,No,No,No,No,,,,data/4cys-large/output/xyz_files/6nh7_ZN_homo_d2.60_cluster1.xyz,1.90
6nh8,1,homo,1,ZN,ZN,A,507,,ZN,,1.0,4,TD,4S,6.076699592937721,12.74007748820317,0.0322704291681386,0.090681697704031,1.285398064639473,2.2027470936178246,No,No,No,No,,,,data/4cys-large/output/xyz_files/6nh8_ZN_homo_d2.60_cluster1.xyz,1.80
6nh8,2,homo,1,ZN,ZN,C,507,,ZN,,1.0,4,TD,4S,5.698246863613672,12.244233575095237,0.03405303716023243,0.07813984929093687,1.298246689800648,1.7396629931566874,No,No,No,No,,,,data/4cys-large/output/xyz_files/6nh8_ZN_homo_d2.60_cluster2.xyz,1.80
6nhe,1,homo,1,ZN,ZN,A,805,,ZN,,1.0,4,TD,4S,6.134800535592386,8.954938896317415,0.02644307963247681,0.07227639638090544,1.277280991804962,1.692149811709346,No,No,No,No,,,,data/4cys-large/output/xyz_files/6nhe_ZN_homo_d2.60_cluster1.xyz,2.00
6nhf,1,homo,1,ZN,ZN,A,507,,ZN,,1.0,4,TD,4S,5.195333584844756,10.501689184677076,0.04836965109466063,0.1315930602956108,1.3137155084573864,1.5385427186960765,No,No,No,No,,,,data/4cys-large/output/xyz_files/6nhf_ZN_homo_d2.60_cluster1.xyz,1.83
6nhf,2,homo,1,ZN,ZN,C,507,,ZN,,1.0,4,TD,4S,5.298268206332352,11.443675465066008,0.028342739895739495,0.06261354066643277,1.2848116093577073,1.701944097141586,No,No,No,No,,,,data/4cys-large/output/xyz_files/6nhf_ZN_homo_d2.60_cluster2.xyz,1.83
6o19,1,homo,1,ZN,ZN,A,401,,ZN,,1.0,4,TD,4S,5.835534288059163,9.720199642171266,0.05881184193551108,0.15197440095036052,1.280497283103279,1.928746176252598,No,No,No,No,,,,data/4cys-large/output/xyz_files/6o19_ZN_homo_d2.60_cluster1.xyz,1.60
6o19,2,homo,1,ZN,ZN,A,402,,ZN,,1.0,4,TD,4S,6.5571446130723094,12.390781505114333,0.07876136627315782,0.19668606412749812,1.2844245798609213,1.9630211052902744,No,No,No,No,,,,data/4cys-large/output/xyz_files/6o19_ZN_homo_d2.60_cluster2.xyz,1.60
6o3p,1,homo,1,ZN,ZN,A,505,,ZN,,1.0,4,TD,4S,6.148734560956388,9.87733400051144,0.04134999324172745,0.11352681813911714,1.2104697890997644,1.5711542035054054,No,No,No,No,,,,data/4cys-large/output/xyz_files/6o3p_ZN_homo_d2.60_cluster1.xyz,1.60
6o3p,2,homo,1,ZN,ZN,B,501,,ZN,,1.0,4,TD,4S,6.271717191733613,11.56450275531094,0.04182089024119119,0.11302216022329592,1.2271417256370674,1.5725727390845667,No,No,No,No,,,,data/4cys-large/output/xyz_files/6o3p_ZN_homo_d2.60_cluster2.xyz,1.60
6o5k,1,homo,1,ZN,ZN,A,301,,ZN,,1.0,4,TD,4S,5.1515736574440485,9.258500888043855,0.023861422048959496,0.06288945805326795,1.2831732884890603,2.2077152773657964,No,No,No,No,,,,data/4cys-large/output/xyz_files/6o5k_ZN_homo_d2.60_cluster1.xyz,1.60
6o5k,3,homo,1,ZN,ZN,B,301,,ZN,,1.0,4,TD,4S,6.17403527253823,10.773762942316367,0.038391388507018905,0.09217077578473543,1.260471538118433,2.1827886654136046,No,No,No,No,,,,data/4cys-large/output/xyz_files/6o5k_ZN_homo_d2.60_cluster3.xyz,1.60
6o5w,1,homo,1,ZN,ZN,A,501,,ZN,,0.79,4,TD,4S,3.43578804949435,6.961388383598049,0.020256165407269457,0.047192812423146435,1.294277012529829,1.4093687569913207,No,No,No,No,,,,data/4cys-large/output/xyz_files/6o5w_ZN_homo_d2.60_cluster1.xyz,1.41
6o91,2,homo,1,ZN,ZN,A,402,,ZN,,1.0,4,TD,4S,6.027263919981352,10.02142674683212,0.01540333651664316,0.039328447253164533,1.2068220236889349,1.4191335363148503,No,No,No,No,,,,data/4cys-large/output/xyz_files/6o91_ZN_homo_d2.60_cluster2.xyz,1.10
6o91,4,homo,1,ZN,ZN,B,402,,ZN,,1.0,4,TD,4S,6.110456796921921,9.985792814860602,0.011160678397325902,0.030741060358695282,1.209170896613498,1.4162309618195934,No,No,No,No,,,,data/4cys-large/output/xyz_files/6o91_ZN_homo_d2.60_cluster4.xyz,1.10
6o9o,1,homo,1,ZN,ZN,A,501,,ZN,,1.0,4,TD,4S,5.775135822175837,11.256039899439543,0.06426815803611327,0.17244297369481565,1.2624980703996096,1.832263749204761,No,No,No,No,,,,data/4cys-large/output/xyz_files/6o9o_ZN_homo_d2.60_cluster1.xyz,1.59
6o9o,3,homo,1,ZN,ZN,A,503,,ZN,,1.0,4,TD,4S,5.654090872060701,8.731858547674534,0.08671927939223038,0.2177948857406471,1.2013869630768976,1.5956020222101912,No,No,No,No,,,,data/4cys-large/output/xyz_files/6o9o_ZN_homo_d2.60_cluster3.xyz,1.59
6oa7,2,homo,1,ZN,ZN,A,402,,ZN,,1.0,4,TD,4S,6.089013868535733,10.123082484046094,0.008905536798073193,0.021900232465717817,1.2083224514843465,1.4033794058454865,No,No,No,No,,,,data/4cys-large/output/xyz_files/6oa7_ZN_homo_d2.60_cluster2.xyz,1.10
6oa7,4,homo,1,ZN,ZN,B,402,,ZN,,1.0,4,TD,4S,6.07936935058401,9.870124440671432,0.00948692649842212,0.023483785828712467,1.2075593304850054,1.4174518270654088,No,No,No,No,,,,data/4cys-large/output/xyz_files/6oa7_ZN_homo_d2.60_cluster4.xyz,1.10
6ok1,1,homo,1,ZN,ZN,B,401,,ZN,,1.0,4,TD,4S,6.759177694876051,10.7743901946166,0.031176897156525784,0.08608490440284289,1.260103630347593,1.9957533939318752,No,No,No,No,,ALTLOC,,data/4cys-large/output/xyz_files/6ok1_ZN_homo_d2.60_cluster1_altlocLIGA.xyz,1.70
6ok1,1,homo,1,ZN,ZN,B,401,,ZN,,1.0,4,TD,4S,6.759177694876051,10.7743901946166,0.031176897156525784,0.08608490440284289,1.260103630347593,1.9957533939318752,No,No,No,No,,ALTLOC,,data/4cys-large/output/xyz_files/6ok1_ZN_homo_d2.60_cluster1_altlocLIGB.xyz,1.70
6ok1,2,homo,1,ZN,ZN,D,401,,ZN,,1.0,4,TD,4S,7.649908622308466,13.508057718540442,0.029646805682425777,0.08076821424986047,1.2641573190607003,2.0534903216911777,No,No,No,No,,,,data/4cys-large/output/xyz_files/6ok1_ZN_homo_d2.60_cluster2.xyz,1.70
6om4,1,homo,1,ZN,ZN,A,401,,ZN,,1.0,4,TD,4S,9.902783608384626,19.397560934385638,0.04238133051990878,0.1184290227238396,1.159032882675423,1.6422255477224241,No,No,No,No,,,,data/4cys-large/output/xyz_files/6om4_ZN_homo_d2.60_cluster1.xyz,1.70
6om4,2,homo,1,ZN,ZN,B,401,,ZN,,1.0,4,TD,4S,8.978686901648977,18.588395893252326,0.0841742999404882,0.22371362267050943,1.1215481279465922,1.689824254777438,No,No,No,No,,,,data/4cys-large/output/xyz_files/6om4_ZN_homo_d2.60_cluster2.xyz,1.70
6owm,2,homo,1,ZN,ZN,A,402,,ZN,,1.0,4,TD,4S,5.961140294932286,10.342746170878485,0.00987580914200456,0.024548752483806613,1.2154825472500772,1.3930767838429823,No,No,No,No,,,,data/4cys-large/output/xyz_files/6owm_ZN_homo_d2.60_cluster2.xyz,1.10
6owm,4,homo,1,ZN,ZN,B,402,,ZN,,1.0,4,TD,4S,6.257359292964526,10.133002541563656,0.010537682723057978,0.029019426396151182,1.2067680769914266,1.4239894376520725,No,No,No,No,,,,data/4cys-large/output/xyz_files/6owm_ZN_homo_d2.60_cluster4.xyz,1.10
6owp,2,homo,1,ZN,ZN,A,402,,ZN,,1.0,4,TD,4S,5.92805778806023,9.767911004538576,0.008432779931726468,0.02229441030142265,1.2104723405670001,1.3996158376356376,No,No,No,No,,,,data/4cys-large/output/xyz_files/6owp_ZN_homo_d2.60_cluster2.xyz,1.14
6owp,4,homo,1,ZN,ZN,B,402,,ZN,,1.0,4,TD,4S,6.222386401600031,9.723034870509935,0.013529817214507654,0.032736502754979746,1.201449925416283,1.4025163581588276,No,No,No,No,,,,data/4cys-large/output/xyz_files/6owp_ZN_homo_d2.60_cluster4.xyz,1.14
6p6g,1,homo,1,ZN,ZN,A,501,,ZN,,1.0,4,TD,4S,5.775135822175837,11.256039899439543,0.06426815803611327,0.17244297369481565,1.2624980703996096,1.832263749204761,No,No,No,No,,,,data/4cys-large/output/xyz_files/6p6g_ZN_homo_d2.60_cluster1.xyz,1.59
6p6g,3,homo,1,ZN,ZN,A,503,,ZN,,1.0,4,TD,4S,5.654090872060701,8.731858547674534,0.08671927939223038,0.2177948857406471,1.2013869630768976,1.5956020222101912,No,No,No,No,,,,data/4cys-large/output/xyz_files/6p6g_ZN_homo_d2.60_cluster3.xyz,1.59
6p6k,1,homo,1,ZN,ZN,A,501,,ZN,,1.0,4,TD,4S,5.220282793463693,10.23359130494643,0.08566097348563834,0.2105748438406465,1.2558668678060978,1.638552981772362,No,No,No,No,,,,data/4cys-large/output/xyz_files/6p6k_ZN_homo_d2.60_cluster1.xyz,1.55
6p6k,3,homo,1,ZN,ZN,A,503,,ZN,,1.0,4,TD,4S,7.029409981485116,14.882333129261326,0.12201251242430484,0.296882082461861,1.2159291605375888,1.5439755500403,No,No,No,No,,,,data/4cys-large/output/xyz_files/6p6k_ZN_homo_d2.60_cluster3.xyz,1.55
6p7z,1,homo,1,ZN,ZN,A,501,,ZN,,1.0,4,TD,4S,4.789629206789831,8.230405042635041,0.02247677655618607,0.058084465354428794,1.2671309008763612,2.0855061363326715,No,No,No,No,,,,data/4cys-large/output/xyz_files/6p7z_ZN_homo_d2.60_cluster1.xyz,1.19
6p7z,3,homo,1,ZN,ZN,A,503,,ZN,,1.0,4,TD,4S,3.6083626863935376,5.425966521536196,0.01758655751307308,0.04556746537835821,1.2495704461145627,1.341635102798926,No,No,No,No,,,,data/4cys-large/output/xyz_files/6p7z_ZN_homo_d2.60_cluster3.xyz,1.19
6paf,1,homo,1,ZN,ZN,A,501,,ZN,,1.0,4,TD,4S,6.653825941417898,9.511227284709165,0.05754645061218434,0.15959319621464507,1.23859187639319,2.109972220649908,No,No,No,No,,,,data/4cys-large/output/xyz_files/6paf_ZN_homo_d2.60_cluster1.xyz,1.24
6paf,3,homo,1,ZN,ZN,A,503,,ZN,,1.0,4,TD,4S,5.2998028220496884,10.839426058088833,0.09328848767415895,0.2534439320560331,1.226291526320456,1.511715727543318,No,No,No,No,,,,data/4cys-large/output/xyz_files/6paf_ZN_homo_d2.60_cluster3.xyz,1.24
6pmv,1,homo,1,ZN,ZN,B,805,,ZN,,1.0,4,TD,4S,7.336329472342592,11.719446585256591,0.01525111584705391,0.04135243804005251,1.2562661232462056,1.6746406175825244,No,No,No,No,,,,data/4cys-large/output/xyz_files/6pmv_ZN_homo_d2.60_cluster1.xyz,1.80
6pmw,1,homo,1,ZN,ZN,B,805,,ZN,,1.0,4,TD,4S,6.695538557048661,11.759349077494562,0.017150350979815675,0.047138339340900615,1.2564758698812277,1.7431179600308422,No,No,No,No,,,,data/4cys-large/output/xyz_files/6pmw_ZN_homo_d2.60_cluster1.xyz,1.75
6pmy,1,homo,1,ZN,ZN,A,805,,ZN,,1.0,4,TD,4S,4.567784383555379,7.739037378495027,0.025465271116040633,0.07158986646217258,1.2945116496726783,1.945865891362069,No,No,No,No,,,,data/4cys-large/output/xyz_files/6pmy_ZN_homo_d2.60_cluster1.xyz,1.95
6pn2,1,homo,1,ZN,ZN,B,805,,ZN,,1.0,4,TD,4S,6.504326891301588,9.882689771099464,0.04674267339941526,0.12273253786522043,1.2777006223330698,1.720740021010986,No,No,No,No,,,,data/4cys-large/output/xyz_files/6pn2_ZN_homo_d2.60_cluster1.xyz,1.88
6pn3,1,homo,1,ZN,ZN,B,807,,ZN,,1.0,4,TD,4S,5.9288900043574015,8.520396971524278,0.02993556131568418,0.08432319296856683,1.2809823281470365,1.836579048281717,No,No,No,No,,,,data/4cys-large/output/xyz_files/6pn3_ZN_homo_d2.60_cluster1.xyz,1.80
6pn4,1,homo,1,ZN,ZN,B,805,,ZN,,1.0,4,TD,4S,5.184482356023709,7.531654571255302,0.029470049468618656,0.07842213291177602,1.306143950978809,1.875913819294245,No,No,No,No,,,,data/4cys-large/output/xyz_files/6pn4_ZN_homo_d2.60_cluster1.xyz,1.90
6pn5,1,homo,1,ZN,ZN,B,808,,ZN,,1.0,4,TD,4S,6.570357987449932,9.472045144063827,0.02648092693264044,0.06642910930036772,1.2588325920158565,1.6211547333762915,No,No,No,No,,,,data/4cys-large/output/xyz_files/6pn5_ZN_homo_d2.60_cluster1.xyz,1.70
6pn6,1,homo,1,ZN,ZN,B,805,,ZN,,1.0,4,TD,4S,7.044286400673421,13.419411544219756,0.02095550697785747,0.05117640952032554,1.3319174676320078,2.220641659807289,No,No,No,No,,,,data/4cys-large/output/xyz_files/6pn6_ZN_homo_d2.60_cluster1.xyz,1.84
6pn7,1,homo,1,ZN,ZN,A,805,,ZN,,1.0,4,TD,4S,5.795681859815537,10.72908089814699,0.032899847433526266,0.07810186167644062,1.2719384074199873,1.8726024699045323,No,No,No,No,,,,data/4cys-large/output/xyz_files/6pn7_ZN_homo_d2.60_cluster1.xyz,1.88
6pn8,1,homo,1,ZN,ZN,A,805,,ZN,,1.0,4,TD,4S,6.666546577384555,10.949304412318938,0.04913226862237845,0.13244541105848606,1.267919072592052,1.7408423455465791,No,No,No,No,,,,data/4cys-large/output/xyz_files/6pn8_ZN_homo_d2.60_cluster1.xyz,1.84
6pn9,1,homo,1,ZN,ZN,B,805,,ZN,,1.0,4,TD,4S,5.951074466924904,10.64373373925116,0.04303591132378169,0.12170628728366939,1.3025407459907858,1.74852959761732,No,No,No,No,,,,data/4cys-large/output/xyz_files/6pn9_ZN_homo_d2.60_cluster1.xyz,1.84
6pna,1,homo,1,ZN,ZN,A,805,,ZN,,1.0,4,TD,4S,8.90389429494469,15.873187487214182,0.03471298907880395,0.09060845813251373,1.236246671591691,1.7387875421301653,No,No,No,No,,,,data/4cys-large/output/xyz_files/6pna_ZN_homo_d2.60_cluster1.xyz,1.95
6png,1,homo,1,ZN,ZN,B,802,,ZN,,1.0,4,TD,4S,8.697877357708974,13.984216009024593,0.02874674822404049,0.07406344553904098,1.2518949078420933,1.7915861464299412,No,No,No,No,,,,data/4cys-large/output/xyz_files/6png_ZN_homo_d2.60_cluster1.xyz,1.78
6pnh,1,homo,1,ZN,ZN,B,802,,ZN,,1.0,4,TD,4S,7.435256302711998,11.12381197654085,0.0430900193405562,0.11836098593373068,1.2639594804426448,1.8467879380987984,No,No,No,No,,,,data/4cys-large/output/xyz_files/6pnh_ZN_homo_d2.60_cluster1.xyz,1.85
6po5,1,homo,1,ZN,ZN,B,801,,ZN,,1.0,4,TD,4S,7.362343618984,12.590732087882074,0.00803968033921347,0.02166085995300282,1.2729802314148906,1.7591103994388857,No,No,No,No,,,,data/4cys-large/output/xyz_files/6po5_ZN_homo_d2.60_cluster1.xyz,1.82
6po7,1,homo,1,ZN,ZN,A,806,,ZN,,1.0,4,TD,4S,7.3679221134371256,9.120864813476643,0.02709106089229041,0.06710828102854327,1.2222890709355483,1.7043972389453115,No,No,No,No,,,,data/4cys-large/output/xyz_files/6po7_ZN_homo_d2.60_cluster1.xyz,1.95
6po8,1,homo,1,ZN,ZN,B,801,,ZN,,1.0,4,TD,4S,8.37840230617474,14.187642177565394,0.01981610975900032,0.043794945357337856,1.2368524905412686,1.9019833216919406,No,No,No,No,,,,data/4cys-large/output/xyz_files/6po8_ZN_homo_d2.60_cluster1.xyz,1.90
6po9,1,homo,1,ZN,ZN,B,801,,ZN,,1.0,4,TD,4S,8.040472722436197,14.259107345454026,0.0406254717655306,0.10659561805542905,1.260387032286908,1.9629912453942397,No,No,No,No,,,,data/4cys-large/output/xyz_files/6po9_ZN_homo_d2.60_cluster1.xyz,1.81
6poa,1,homo,1,ZN,ZN,B,801,,ZN,,1.0,4,TD,4S,7.226404926589676,11.094048443156439,0.030204575625240173,0.07709638670127195,1.246822604918621,1.767292153075621,No,No,No,No,,,,data/4cys-large/output/xyz_files/6poa_ZN_homo_d2.60_cluster1.xyz,1.81
6pob,1,homo,1,ZN,ZN,B,801,,ZN,,1.0,4,TD,4S,7.760310305404681,13.590706100594687,0.028152233557236717,0.07650097939685407,1.2694667277289033,1.763211866636547,No,No,No,No,,,,data/4cys-large/output/xyz_files/6pob_ZN_homo_d2.60_cluster1.xyz,1.95
6poc,1,homo,1,ZN,ZN,B,801,,ZN,,1.0,4,TD,4S,6.888085121345096,10.343375119852752,0.028342956623806592,0.07194272654206602,1.2339448934736512,1.9896578497460968,No,No,No,No,,,,data/4cys-large/output/xyz_files/6poc_ZN_homo_d2.60_cluster1.xyz,2.00
6pp0,1,homo,1,ZN,ZN,A,507,,ZN,,1.0,4,TD,4S,6.571131315882343,11.693389788145097,0.05640986832119585,0.15089691411078965,1.298083333228401,2.1779501818405245,No,No,No,No,,,,data/4cys-large/output/xyz_files/6pp0_ZN_homo_d2.60_cluster1.xyz,1.97
6pp0,2,homo,1,ZN,ZN,C,507,,ZN,,1.0,4,TD,4S,6.546240303514285,13.557660760962662,0.06628590430961048,0.16506433817773258,1.2737668567889346,2.0228641387205566,No,No,No,No,,,,data/4cys-large/output/xyz_files/6pp0_ZN_homo_d2.60_cluster2.xyz,1.97
6pp1,1,homo,1,ZN,ZN,B,501,,ZN,,1.0,4,TD,4S,4.592928174760183,9.541705300721517,0.03556946931861933,0.09053475049787618,1.302140075174088,1.980958871841368,No,No,No,No,,,,data/4cys-large/output/xyz_files/6pp1_ZN_homo_d2.60_cluster1.xyz,1.76
6pp1,2,homo,1,ZN,ZN,D,501,,ZN,,1.0,4,TD,4S,5.076236449850536,9.911866141547023,0.04740988415256241,0.13393926131165035,1.2768249972743493,2.141987197519324,No,No,No,No,,,,data/4cys-large/output/xyz_files/6pp1_ZN_homo_d2.60_cluster2.xyz,1.76
6pp3,1,homo,1,ZN,ZN,A,507,,ZN,,1.0,4,TD,4S,7.330177274270127,13.858722272205739,0.028245517210273217,0.06828832209671809,1.2380915819557532,1.920924388138291,No,No,No,No,,,,data/4cys-large/output/xyz_files/6pp3_ZN_homo_d2.60_cluster1.xyz,1.95
6pp3,2,homo,1,ZN,ZN,C,505,,ZN,,1.0,4,TD,4S,3.492708959488973,6.906024078596104,0.127356123445368,0.27645455008949904,1.2529788596838114,2.135746421046053,No,No,No,No,,,,data/4cys-large/output/xyz_files/6pp3_ZN_homo_d2.60_cluster2.xyz,1.95
6q9v,1,homo,1,ZN,ZN,A,201,,ZN,,1.0,4,TD,4S,4.601767168838259,7.369726348714792,0.015326915114712266,0.03712057770255006,1.2970809828706464,1.804076445248719,No,No,No,No,,,,data/4cys-large/output/xyz_files/6q9v_ZN_homo_d2.60_cluster1.xyz,1.85
6q9v,2,homo,1,ZN,ZN,B,201,,ZN,,1.0,4,TD,4S,4.297674462265345,7.661791693749976,0.03799339855687568,0.1051724369433904,1.2784928135064244,1.335200977990914,No,No,No,No,,,,data/4cys-large/output/xyz_files/6q9v_ZN_homo_d2.60_cluster2.xyz,1.85
6qa0,1,homo,1,ZN,ZN,A,203,,ZN,,1.0,4,TD,4S,4.839425485063906,7.844353508295583,0.03596136520540216,0.09925895029223408,1.271967598451139,1.5188320199544996,No,No,No,No,,,,data/4cys-large/output/xyz_files/6qa0_ZN_homo_d2.60_cluster1.xyz,1.71
6qa0,2,homo,1,ZN,ZN,B,201,,ZN,,1.0,4,TD,4S,5.680240034186882,7.701087765927795,0.02990388792360638,0.0816381456906603,1.2808713100190636,1.4393882268473057,No,No,No,No,,,,data/4cys-large/output/xyz_files/6qa0_ZN_homo_d2.60_cluster2.xyz,1.71
6qcd,1,homo,1,ZN,ZN,A,402,,ZN,,1.0,4,TD,4S,5.817866062736389,9.880552236710386,0.07577748839085126,0.19964385492673742,1.2065911334778119,1.5775412887118085,No,No,No,No,,,,data/4cys-large/output/xyz_files/6qcd_ZN_homo_d2.60_cluster1.xyz,1.84
6qcd,2,homo,1,ZN,ZN,B,402,,ZN,,1.0,4,TD,4S,5.638654825967843,8.195490209530263,0.08124293484680753,0.19382154770907167,1.1939887286795856,1.5060831732845812,No,No,No,No,,,,data/4cys-large/output/xyz_files/6qcd_ZN_homo_d2.60_cluster2.xyz,1.84
6qce,1,homo,1,ZN,ZN,A,402,,ZN,,1.0,4,TD_d,4S,6.942669733813657,14.071465828739463,0.17100058883496305,0.4812804111393785,1.1598704969958893,1.5502123911274572,No,No,Yes,No,,,,data/4cys-large/output/xyz_files/6qce_ZN_homo_d2.60_cluster1.xyz,1.90
6r0q,1,homo,1,ZN,ZN,A,201,,ZN,,1.0,4,TD,4S,4.127998130537729,5.901916160195029,0.024266620691950593,0.06420560208342074,1.2782344182952965,1.3210285261248358,No,No,No,No,,,,data/4cys-large/output/xyz_files/6r0q_ZN_homo_d2.60_cluster1.xyz,1.50
6r0q,2,homo,1,ZN,ZN,B,201,,ZN,,1.0,4,TD,4S,4.704873932706977,7.5489353684696,0.030460766782486104,0.08245742356694308,1.27184046493325,1.7004931721717669,No,No,No,No,,,,data/4cys-large/output/xyz_files/6r0q_ZN_homo_d2.60_cluster2.xyz,1.50
6r0q,3,homo,1,ZN,ZN,C,201,,ZN,,1.0,4,TD,4S,4.363416522741708,6.0456914513117965,0.03678199407289921,0.10131054246866089,1.273674033389103,1.3374434962746662,No,No,No,No,,,,data/4cys-large/output/xyz_files/6r0q_ZN_homo_d2.60_cluster3.xyz,1.50
6r0q,4,homo,1,ZN,ZN,D,201,,ZN,,1.0,4,TD,4S,4.884961737028128,7.940015728176817,0.037432058699062784,0.10545215931132645,1.2674044725876952,1.8530074735693705,No,No,No,No,,,,data/4cys-large/output/xyz_files/6r0q_ZN_homo_d2.60_cluster4.xyz,1.50
6r0s,1,homo,1,ZN,ZN,A,201,,ZN,,1.0,4,TD,4S,4.5744352601223515,9.717814483129672,0.02231720490630669,0.057810170011523,1.254416048799627,1.761297100364239,No,No,No,No,,,,data/4cys-large/output/xyz_files/6r0s_ZN_homo_d2.60_cluster1.xyz,1.55
6r0s,2,homo,1,ZN,ZN,B,201,,ZN,,1.0,4,TD,4S,4.163781277799916,7.331221043536473,0.024571385711569985,0.06056313701573135,1.2827837580637198,1.917064115635671,No,No,No,No,,,,data/4cys-large/output/xyz_files/6r0s_ZN_homo_d2.60_cluster2.xyz,1.55
6r0s,3,homo,1,ZN,ZN,C,201,,ZN,,1.0,4,TD,4S,3.8538096332440652,8.016138554270754,0.02218608518990441,0.06105328514574149,1.2597167177038127,1.7373978338402327,No,No,No,No,,,,data/4cys-large/output/xyz_files/6r0s_ZN_homo_d2.60_cluster3.xyz,1.55
6r0u,1,homo,1,ZN,ZN,A,201,,ZN,,1.0,4,TD,4S,4.049050852109841,8.527490150568298,0.017607307142909725,0.04529060802347695,1.2615925326765338,1.8177339398790346,No,No,No,No,,,,data/4cys-large/output/xyz_files/6r0u_ZN_homo_d2.60_cluster1.xyz,1.70
6r0u,2,homo,1,ZN,ZN,B,201,,ZN,,1.0,4,TD,4S,3.659403841681828,7.111046983064369,0.028896175078912834,0.08007737111600388,1.3064549535373482,1.8492719023021993,No,No,No,No,,,,data/4cys-large/output/xyz_files/6r0u_ZN_homo_d2.60_cluster2.xyz,1.70
6r0u,3,homo,1,ZN,ZN,C,201,,ZN,,1.0,4,TD,4S,4.187025935063447,7.910048094775846,0.03099130673512969,0.07317116699710935,1.2502498220859228,1.7364463956273088,No,No,No,No,,,,data/4cys-large/output/xyz_files/6r0u_ZN_homo_d2.60_cluster3.xyz,1.70
6r0v,1,homo,1,ZN,ZN,A,201,,ZN,,1.0,4,TD,4S,4.612919266365878,9.663713014234261,0.017381447709671774,0.043290639936632846,1.2498092638704341,1.8144541306663626,No,No,No,No,,,,data/4cys-large/output/xyz_files/6r0v_ZN_homo_d2.60_cluster1.xyz,1.60
6r0v,2,homo,1,ZN,ZN,B,201,,ZN,,1.0,4,TD,4S,5.787254075841169,9.208129407174923,0.03569782972436505,0.0980945711450798,1.2804085725854393,1.9719146027527616,No,No,No,No,,,,data/4cys-large/output/xyz_files/6r0v_ZN_homo_d2.60_cluster2.xyz,1.60
6r0v,3,homo,1,ZN,ZN,C,201,,ZN,,1.0,4,TD,4S,4.295045715750736,9.471265735972437,0.02881052923230896,0.07546312463429627,1.2580780477238294,1.9177693358136092,No,No,No,No,,,,data/4cys-large/output/xyz_files/6r0v_ZN_homo_d2.60_cluster3.xyz,1.60
6r11,1,homo,1,ZN,ZN,A,201,,ZN,,1.0,4,TD,4S,4.848598942075148,10.453642476274752,0.03206622244655013,0.08111969424645737,1.2504626335722284,1.772478976915266,No,No,No,No,,,,data/4cys-large/output/xyz_files/6r11_ZN_homo_d2.60_cluster1.xyz,1.75
6r11,2,homo,1,ZN,ZN,B,201,,ZN,,1.0,4,TD,4S,5.2858606530035095,10.163313639544128,0.030957720643241603,0.0729415178235242,1.2558938655624476,1.813321289955036,No,No,No,No,,,,data/4cys-large/output/xyz_files/6r11_ZN_homo_d2.60_cluster2.xyz,1.75
6r11,3,homo,1,ZN,ZN,C,201,,ZN,,1.0,4,TD,4S,3.9767460947516,8.511526696011757,0.015182943780456449,0.03758391797499305,1.2555334652691534,1.7916865721753907,No,No,No,No,,,,data/4cys-large/output/xyz_files/6r11_ZN_homo_d2.60_cluster3.xyz,1.75
6r12,1,homo,1,ZN,ZN,A,201,,ZN,,1.0,4,TD,4S,5.019368643665364,10.219969229601688,0.0475842774835835,0.12732062885544426,1.253509937146211,1.6161192494422205,No,No,No,No,,,,data/4cys-large/output/xyz_files/6r12_ZN_homo_d2.60_cluster1.xyz,1.74
6r12,2,homo,1,ZN,ZN,B,201,,ZN,,1.0,4,TD,4S,3.4122206098762784,5.894212181927557,0.08983887269376208,0.2453526844696703,1.2683099222614584,1.979902992408821,No,No,No,No,,,,data/4cys-large/output/xyz_files/6r12_ZN_homo_d2.60_cluster2.xyz,1.74
6r12,3,homo,1,ZN,ZN,C,201,,ZN,,1.0,4,TD,4S,3.833538603623357,7.545974851588099,0.027892249686072446,0.07000641106293282,1.267122269357788,1.6095002453123382,No,No,No,No,,,,data/4cys-large/output/xyz_files/6r12_ZN_homo_d2.60_cluster3.xyz,1.74
6r13,1,homo,1,ZN,ZN,A,201,,ZN,,1.0,4,TD,4S,4.770812656235387,10.075647496182356,0.025670650811764232,0.05787167981572061,1.2597434512328065,1.8619022395982199,No,No,No,No,,,,data/4cys-large/output/xyz_files/6r13_ZN_homo_d2.60_cluster1.xyz,1.65
6r13,2,homo,1,ZN,ZN,B,201,,ZN,,1.0,4,TD,4S,5.420937200278264,9.864379626490319,0.04039312378997874,0.10410475073254322,1.2551201260632467,1.9769140998504247,No,No,No,No,,,,data/4cys-large/output/xyz_files/6r13_ZN_homo_d2.60_cluster2.xyz,1.65
6r13,3,homo,1,ZN,ZN,C,201,,ZN,,1.0,4,TD,4S,3.6004948632876848,7.663097323180338,0.014615506853350493,0.036639608475203644,1.2703214808006804,1.913499008974175,No,No,No,No,,,,data/4cys-large/output/xyz_files/6r13_ZN_homo_d2.60_cluster3.xyz,1.65
6r18,1,homo,1,ZN,ZN,A,201,,ZN,,1.0,4,TD,4S,4.230643708686211,8.602856620170343,0.012157646352050744,0.03302198373958243,1.2610370429765971,1.8139975899867768,No,No,No,No,,,,data/4cys-large/output/xyz_files/6r18_ZN_homo_d2.60_cluster1.xyz,1.35
6r18,2,homo,1,ZN,ZN,B,201,,ZN,,1.0,4,TD,4S,4.602022205581544,6.529494998211462,0.007878436033264352,0.01960724147437043,1.2930834038792154,1.541916067086187,No,No,No,No,,,,data/4cys-large/output/xyz_files/6r18_ZN_homo_d2.60_cluster2.xyz,1.35
6r18,3,homo,1,ZN,ZN,C,201,,ZN,,1.0,4,TD,4S,4.208110058340108,8.281612942235839,0.022328127978696623,0.05288840979569498,1.2515910293717856,1.6291850680520599,No,No,No,No,,,,data/4cys-large/output/xyz_files/6r18_ZN_homo_d2.60_cluster3.xyz,1.35
6r19,1,homo,1,ZN,ZN,A,201,,ZN,,1.0,4,TD,4S,4.82956300273417,9.84996143840712,0.043409670832286446,0.11582066455370521,1.2597678685171438,1.7419066174805367,No,No,No,No,,,,data/4cys-large/output/xyz_files/6r19_ZN_homo_d2.60_cluster1.xyz,1.45
6r19,2,homo,1,ZN,ZN,B,201,,ZN,,1.0,4,TD,4S,4.181671609493765,5.946712443801033,0.03243598719434194,0.0825969863242988,1.2907089700143495,1.8821058908071873,No,No,No,No,,,,data/4cys-large/output/xyz_files/6r19_ZN_homo_d2.60_cluster2.xyz,1.45
6r19,3,homo,1,ZN,ZN,C,201,,ZN,,1.0,4,TD,4S,4.0557898837635715,7.933651318526415,0.037430598573119825,0.08617016853875858,1.2488741340161256,1.7322602342184386,No,No,No,No,,,,data/4cys-large/output/xyz_files/6r19_ZN_homo_d2.60_cluster3.xyz,1.45
6r1a,1,homo,1,ZN,ZN,A,201,,ZN,,1.0,4,TD,4S,4.640020299387997,9.644356386263425,0.016259943710373637,0.04355354762977415,1.2518602042493767,1.7402378080698755,No,No,No,No,,,,data/4cys-large/output/xyz_files/6r1a_ZN_homo_d2.60_cluster1.xyz,1.54
6r1a,2,homo,1,ZN,ZN,B,201,,ZN,,1.0,4,TD,4S,3.9798221591089264,6.821129221330125,0.022412268957445237,0.06074073975779326,1.2870507523560104,1.6765308006384663,No,No,No,No,,,,data/4cys-large/output/xyz_files/6r1a_ZN_homo_d2.60_cluster2.xyz,1.54
6r1a,3,homo,1,ZN,ZN,C,201,,ZN,,1.0,4,TD,4S,4.109437312414513,8.111793700239687,0.02036918187913253,0.048863489953846706,1.2536960351585633,1.6283991883501896,No,No,No,No,,,,data/4cys-large/output/xyz_files/6r1a_ZN_homo_d2.60_cluster3.xyz,1.54
6r1c,1,homo,1,ZN,ZN,A,202,,ZN,,1.0,4,TD,4S,4.784361597428412,9.902978733215903,0.03800086796402654,0.0954717469916897,1.2573242649145624,1.709823054009656,No,No,No,No,,,,data/4cys-large/output/xyz_files/6r1c_ZN_homo_d2.60_cluster1.xyz,1.50
6r1c,2,homo,1,ZN,ZN,B,201,,ZN,,1.0,4,TD,4S,4.600530269956169,7.256994302638759,0.017419983265869837,0.04602440878391034,1.2898138318868695,1.8516053149021818,No,No,No,No,,,,data/4cys-large/output/xyz_files/6r1c_ZN_homo_d2.60_cluster2.xyz,1.50
6r1c,3,homo,1,ZN,ZN,C,201,,ZN,,1.0,4,TD,4S,4.086641383583516,8.57023451581476,0.012695688471975476,0.03223498547914039,1.2549205846727973,1.74224693980409,No,No,No,No,,,,data/4cys-large/output/xyz_files/6r1c_ZN_homo_d2.60_cluster3.xyz,1.50
6r1d,1,homo,1,ZN,ZN,A,201,,ZN,,1.0,4,TD,4S,4.693703762059404,6.856182778449934,0.019114393773169584,0.04895335444614357,1.276795332638757,1.7221701468703234,No,No,No,No,,,,data/4cys-large/output/xyz_files/6r1d_ZN_homo_d2.60_cluster1.xyz,1.10
6r1d,2,homo,1,ZN,ZN,B,201,,ZN,,1.0,4,TD,4S,5.130798681629358,9.106136391631097,0.012613476365134367,0.02842856228354007,1.2573968316719926,1.7292867818903594,No,No,No,No,,,,data/4cys-large/output/xyz_files/6r1d_ZN_homo_d2.60_cluster2.xyz,1.10
6r1k,1,homo,1,ZN,ZN,A,201,,ZN,,1.0,4,TD,4S,3.8067714161207347,8.046052045055006,0.02153517822054953,0.05899836882487719,1.2705564611746805,1.8109297386378012,No,No,No,No,,,,data/4cys-large/output/xyz_files/6r1k_ZN_homo_d2.60_cluster1.xyz,1.94
6r1k,2,homo,1,ZN,ZN,B,201,,ZN,,1.0,4,TD,4S,4.288295054809663,6.8238389227496015,0.01589509169669582,0.044672212756946106,1.2786222547210526,1.7964752577743859,No,No,No,No,,,,data/4cys-large/output/xyz_files/6r1k_ZN_homo_d2.60_cluster2.xyz,1.94
6r1k,3,homo,1,ZN,ZN,C,201,,ZN,,1.0,4,TD,4S,3.8340593739507676,7.434791999010216,0.02801180890188162,0.07163484262582687,1.2646558238294066,1.7910006823334086,No,No,No,No,,,,data/4cys-large/output/xyz_files/6r1k_ZN_homo_d2.60_cluster3.xyz,1.94
6r1w,1,homo,1,ZN,ZN,A,201,,ZN,,1.0,4,TD,4S,4.8489061731058865,10.07640380560045,0.02887469849595916,0.07521111975579098,1.2512834021573245,1.7623551758996427,No,No,No,No,,,,data/4cys-large/output/xyz_files/6r1w_ZN_homo_d2.60_cluster1.xyz,1.35
6r1w,2,homo,1,ZN,ZN,B,201,,ZN,,1.0,4,TD,4S,4.563155265480035,6.731318271114262,0.016207059199227703,0.043116419509166004,1.290278881598244,1.9797045549998498,No,No,No,No,,,,data/4cys-large/output/xyz_files/6r1w_ZN_homo_d2.60_cluster2.xyz,1.35
6r1w,3,homo,1,ZN,ZN,C,201,,ZN,,1.0,4,TD,4S,4.258135651378927,8.64200373691709,0.018823616926632616,0.04704787707377589,1.2540505661087469,1.6878947179322763,No,No,No,No,,,,data/4cys-large/output/xyz_files/6r1w_ZN_homo_d2.60_cluster3.xyz,1.35
6r1x,1,homo,1,ZN,ZN,A,201,,ZN,,1.0,4,TD,4S,3.587519332841669,7.6626868465318125,0.026451864151108773,0.0650236315629722,1.269266071125257,1.8136825695142182,No,No,No,No,,,,data/4cys-large/output/xyz_files/6r1x_ZN_homo_d2.60_cluster1.xyz,1.80
6r1x,2,homo,1,ZN,ZN,B,201,,ZN,,1.0,4,TD,4S,5.106830634422481,9.253246623873707,0.02416666232976291,0.061920777180672015,1.2624852264125577,1.8945287846371124,No,No,No,No,,,,data/4cys-large/output/xyz_files/6r1x_ZN_homo_d2.60_cluster2.xyz,1.80
6r1x,3,homo,1,ZN,ZN,C,201,,ZN,,1.0,4,TD,4S,4.41846486437887,7.6096794871043585,0.015152620105419918,0.04268947563048897,1.2628655330700511,1.7177079849073456,No,No,No,No,,,,data/4cys-large/output/xyz_files/6r1x_ZN_homo_d2.60_cluster3.xyz,1.80
6r5d,1,homo,1,ZN,ZN,A,501,,ZN,,1.0,4,TD,4S,7.163815547487142,12.596211535271223,0.0592638176199477,0.14469888480141702,1.1912978746910818,1.3042285718166235,No,No,No,No,,,,data/4cys-large/output/xyz_files/6r5d_ZN_homo_d2.60_cluster1.xyz,1.95
6r5d,2,homo,1,ZN,ZN,E,501,,ZN,,1.0,4,TD,4S,7.201713693629489,10.363161517675024,0.039551255826639924,0.09901359480758565,1.1935198769094162,1.5755778357640382,No,No,No,No,,,,data/4cys-large/output/xyz_files/6r5d_ZN_homo_d2.60_cluster2.xyz,1.95
6r5e,1,homo,1,ZN,ZN,A,501,,ZN,,1.0,4,TD,4S,6.016003732027959,9.401165054662599,0.0385043199620427,0.10231757108904338,1.2208170165841374,1.4090251403207745,No,No,No,No,,,,data/4cys-large/output/xyz_files/6r5e_ZN_homo_d2.60_cluster1.xyz,1.85
6r5e,2,homo,1,ZN,ZN,E,501,,ZN,,1.0,4,TD,4S,7.883941073968962,10.793489345193521,0.03887595514751819,0.09307360151735367,1.182061486327607,1.434751434892341,No,No,No,No,,,,data/4cys-large/output/xyz_files/6r5e_ZN_homo_d2.60_cluster2.xyz,1.85
6rb4,1,homo,1,ZN,ZN,A,505,,ZN,,1.0,4,TD,4S,5.3046315683307075,8.460501323122301,0.0371990327909722,0.10366360497526861,1.2398904032287272,1.4208742839919466,No,No,No,No,,,,data/4cys-large/output/xyz_files/6rb4_ZN_homo_d2.60_cluster1.xyz,1.50
6rnm,1,homo,1,ZN,ZN,A,301,,ZN,,1.0,4,TD,4S,5.69016609692684,11.834054468672306,0.045690373553144294,0.1257124315407525,1.2139950417199588,1.8664709139035003,No,No,No,No,,,,data/4cys-large/output/xyz_files/6rnm_ZN_homo_d2.60_cluster1.xyz,1.76
6rok,1,homo,1,ZN,ZN,A,301,,ZN,,1.0,4,TD,4S,6.413908801455328,12.298155008962553,0.11152612498459642,0.27604139215387,1.1751051655877205,1.8842111189671338,No,No,No,No,,,,data/4cys-large/output/xyz_files/6rok_ZN_homo_d2.60_cluster1.xyz,1.95
6rxj,1,homo,1,ZN,ZN,A,301,,ZN,,0.82,4,TD,4S,6.584316954988683,12.355349540983056,0.05175374508989434,0.13406424391208338,1.2627494148582372,1.7386646226142535,No,No,No,No,,,,data/4cys-large/output/xyz_files/6rxj_ZN_homo_d2.60_cluster1.xyz,1.60
6rxj,2,homo,1,ZN,ZN,B,301,,ZN,,1.0,4,TD,4S,7.191934729156132,13.33406455303944,0.03846932484884446,0.10731484402450242,1.2574870591723126,1.6154549675386614,No,No,No,No,,,,data/4cys-large/output/xyz_files/6rxj_ZN_homo_d2.60_cluster2.xyz,1.60
6rxk,1,homo,1,ZN,ZN,A,401,,ZN,,1.0,4,TD,4S,6.348970664248727,12.508923928151162,0.042523069183681206,0.11741462436794237,1.240195254347707,1.5962074281824636,No,No,No,No,,,,data/4cys-large/output/xyz_files/6rxk_ZN_homo_d2.60_cluster1.xyz,1.35
6rxm,1,homo,1,ZN,ZN,A,300,,ZN,,1.0,4,TD,4S,5.3144707599267775,7.018496416987986,0.03557007877662247,0.08505393276876694,1.2308760853637466,1.9881469268446588,No,No,No,No,,,,data/4cys-large/output/xyz_files/6rxm_ZN_homo_d2.60_cluster1.xyz,1.92
6rxm,2,homo,1,ZN,ZN,B,301,,ZN,,1.0,5,TBP_d,1N4S,25.02931126503748,55.99405367525734,0.20609525722312463,0.5880843741602333,1.3041444571951315,2.157971518017251,No,No,Yes,No,,,,data/4cys-large/output/xyz_files/6rxm_ZN_homo_d2.60_cluster2.xyz,1.92
6rxm,3,homo,1,ZN,ZN,C,300,,ZN,,1.0,4,TD,4S,7.275392844873227,11.625745486922156,0.11162266969024198,0.3142663593045554,1.270483701557968,2.076920829730732,No,No,No,No,,,,data/4cys-large/output/xyz_files/6rxm_ZN_homo_d2.60_cluster3.xyz,1.92
6rxm,4,homo,1,ZN,ZN,D,301,,ZN,,1.0,4,TD,4S,6.523459516740943,12.753054263302829,0.06001807372007076,0.14716179947014707,1.2111030365801663,1.451636309142977,No,No,No,No,,,,data/4cys-large/output/xyz_files/6rxm_ZN_homo_d2.60_cluster4.xyz,1.92
6rxm,5,homo,1,ZN,ZN,E,301,,ZN,,1.0,4,TD,4S,7.643966525410819,13.762345522707506,0.043489693735109004,0.12166562071290077,1.2423866945621085,1.7049153944976914,No,No,No,No,,,,data/4cys-large/output/xyz_files/6rxm_ZN_homo_d2.60_cluster5.xyz,1.92
6rxm,6,homo,1,ZN,ZN,F,301,,ZN,,1.0,4,TD,4S,4.789528786870734,9.563477191351922,0.12206169997178168,0.2984777873005289,1.2951465989759074,1.991616602086202,No,No,No,No,,,,data/4cys-large/output/xyz_files/6rxm_ZN_homo_d2.60_cluster6.xyz,1.92
6rxo,1,homo,1,ZN,ZN,A,301,,ZN,,1.0,4,TD,4S,6.098831572928989,10.40405970820153,0.04146264293891829,0.11574711508550006,1.2802871128358098,2.2122414581894887,No,No,No,No,,,,data/4cys-large/output/xyz_files/6rxo_ZN_homo_d2.60_cluster1.xyz,1.95
6rxo,2,homo,1,ZN,ZN,B,301,,ZN,,1.0,4,TD,4S,6.188171301674952,11.324281507648465,0.0710516414090332,0.18763329787843874,1.3054773861971996,2.1527230827560326,No,No,No,No,,,,data/4cys-large/output/xyz_files/6rxo_ZN_homo_d2.60_cluster2.xyz,1.95
6rxp,1,homo,1,ZN,ZN,A,301,,ZN,,1.0,4,TD,4S,5.851306792980025,9.254097329927887,0.03415844459180721,0.08361150898412228,1.325082347845254,1.8846714433025027,No,No,No,No,,,,data/4cys-large/output/xyz_files/6rxp_ZN_homo_d2.60_cluster1.xyz,1.80
6rxp,2,homo,1,ZN,ZN,B,301,,ZN,,1.0,4,TD,4S,5.773605114164809,11.665595274780642,0.06459497496146349,0.1628186055908949,1.2605756760023061,1.5721841716405007,No,No,No,No,,,,data/4cys-large/output/xyz_files/6rxp_ZN_homo_d2.60_cluster2.xyz,1.80
6rxs,1,homo,1,ZN,ZN,A,301,,ZN,,1.0,4,TD,4S,6.446420096535084,13.021159891416218,0.05630725136196229,0.14626609578987182,1.2355658903989795,1.7741912908119848,No,No,No,No,,,,data/4cys-large/output/xyz_files/6rxs_ZN_homo_d2.60_cluster1.xyz,1.60
6s3a,1,homo,1,ZN,ZN,A,402,,ZN,,1.0,4,TD,4S,4.340488405777614,8.058023274865562,0.042073683336522436,0.10537268605323424,1.2943486779888789,2.1195768616076855,No,No,No,No,,,,data/4cys-large/output/xyz_files/6s3a_ZN_homo_d2.60_cluster1.xyz,1.52
6siv,1,homo,1,ZN,ZN,B,1200,,ZN,,1.0,4,TD,4S,3.2003403959985643,5.918298572034857,0.017300982517853766,0.04419512918766655,1.2730187210028456,1.7155061008267463,No,No,No,No,,,,data/4cys-large/output/xyz_files/6siv_ZN_homo_d2.60_cluster1.xyz,1.75
6siv,2,homo,1,ZN,ZN,B,1201,,ZN,,1.0,4,TD,4S,2.15922844880814,3.0771056386992086,0.04375888075317815,0.12180930106742904,1.2922945420597187,1.9387054603701825,No,No,No,No,,,,data/4cys-large/output/xyz_files/6siv_ZN_homo_d2.60_cluster2.xyz,1.75
6sja,1,homo,1,ZN,ZN,B,1200,,ZN,,1.0,4,TD,4S,4.223960979135264,6.711655873630008,0.013803428254609238,0.03821938763617583,1.2578397399909569,1.4401958919264892,No,No,No,No,,,,data/4cys-large/output/xyz_files/6sja_ZN_homo_d2.60_cluster1.xyz,1.50
6sja,2,homo,1,ZN,ZN,B,1201,,ZN,,1.0,4,TD,4S,3.8327210600907775,7.1046636361445366,0.020137284827958454,0.05080594717489406,1.2767261823410252,1.970798832790034,No,No,No,No,,,,data/4cys-large/output/xyz_files/6sja_ZN_homo_d2.60_cluster2.xyz,1.50
6spn,1,homo,1,ZN,ZN,A,601,,ZN,,1.0,4,TD,4S,2.2562754957842115,3.2121103347189575,0.022399396557135152,0.048996406441095264,1.2943909959940019,1.6188493868836915,No,No,No,No,,,,data/4cys-large/output/xyz_files/6spn_ZN_homo_d2.60_cluster1.xyz,1.45
6spo,1,homo,1,ZN,ZN,A,601,,ZN,,1.0,4,TD,4S,2.5238518711532687,4.052950639070076,0.017713361021423974,0.049054712111344934,1.2885816033233464,1.6868740703552216,No,No,No,No,,,,data/4cys-large/output/xyz_files/6spo_ZN_homo_d2.60_cluster1.xyz,1.20
6spp,1,homo,1,ZN,ZN,A,601,,ZN,,1.0,4,TD,4S,2.206668516598978,3.9336984066532494,0.03495332321984029,0.08709349895157414,1.3059664398433657,1.4784190224291525,No,No,No,No,,,,data/4cys-large/output/xyz_files/6spp_ZN_homo_d2.60_cluster1.xyz,1.49
6spq,1,homo,1,ZN,ZN,A,701,,ZN,,1.0,4,TD,4S,2.143858491469277,3.0997236781594353,0.015357469245879716,0.04225721897208068,1.299761225501151,1.5926825580725659,No,No,No,No,,,,data/4cys-large/output/xyz_files/6spq_ZN_homo_d2.60_cluster1.xyz,1.38
6spr,1,homo,1,ZN,ZN,A,701,,ZN,,1.0,4,TD,4S,2.058818020945316,3.520832023781992,0.03265698628982958,0.07639076904308206,1.305872012553343,1.6625887369875179,No,No,No,No,,,,data/4cys-large/output/xyz_files/6spr_ZN_homo_d2.60_cluster1.xyz,1.48
6sqo,1,homo,1,ZN,ZN,A,501,,ZN,,1.0,4,TD,4S,4.609483361917431,8.624382764420162,0.033404634864735,0.09123259799412686,1.2642811346932266,1.8594498309607428,No,No,No,No,,,,data/4cys-large/output/xyz_files/6sqo_ZN_homo_d2.60_cluster1.xyz,1.41
6sqo,3,homo,1,ZN,ZN,D,501,,ZN,,1.0,4,TD,4S,4.327141744822105,8.111588933022674,0.02314502788386494,0.05838699543271275,1.2518853885842582,1.9599184873866355,No,No,No,No,,,,data/4cys-large/output/xyz_files/6sqo_ZN_homo_d2.60_cluster3.xyz,1.41
6sqp,1,homo,1,ZN,ZN,A,501,,ZN,,1.0,4,TD,4S,5.536831238741216,9.629976314690012,0.022335768535880686,0.060090317842956154,1.2574097286632404,1.8956034665182586,No,No,No,No,,,,data/4cys-large/output/xyz_files/6sqp_ZN_homo_d2.60_cluster1.xyz,1.21
6sqp,3,homo,1,ZN,ZN,B,501,,ZN,,1.0,4,TD,4S,5.598710377156161,9.967065132919771,0.01946828956662314,0.04822082430497909,1.2561660398395509,1.9193390419999048,No,No,No,No,,,,data/4cys-large/output/xyz_files/6sqp_ZN_homo_d2.60_cluster3.xyz,1.21
6sqp,5,homo,1,ZN,ZN,C,501,,ZN,,1.0,4,TD,4S,4.567167429516207,7.915085145567076,0.028185665217986794,0.07742143939337831,1.275530824415754,1.8653573203147313,No,No,No,No,,,,data/4cys-large/output/xyz_files/6sqp_ZN_homo_d2.60_cluster5.xyz,1.21
6sqp,7,homo,1,ZN,ZN,D,501,,ZN,,1.0,4,TD,4S,5.412845078961405,9.136146589154606,0.02127152297016254,0.05610291845120274,1.2495337170885872,1.9477438307018637,No,No,No,No,,,,data/4cys-large/output/xyz_files/6sqp_ZN_homo_d2.60_cluster7.xyz,1.21
6sqs,1,homo,1,ZN,ZN,A,501,,ZN,,1.0,4,TD,4S,6.573657853202529,10.631778666747195,0.030009343023481183,0.07515247145440629,1.2295926303140132,1.8467902586639169,No,No,No,No,,,,data/4cys-large/output/xyz_files/6sqs_ZN_homo_d2.60_cluster1.xyz,1.83
6sqs,3,homo,1,ZN,ZN,D,501,,ZN,,1.0,4,TD,4S,7.049691346411996,13.656042942699656,0.04068831833557288,0.10336937233031618,1.241216418526525,1.7772109770608973,No,No,No,No,,,,data/4cys-large/output/xyz_files/6sqs_ZN_homo_d2.60_cluster3.xyz,1.83
6sym,1,homo,1,ZN,ZN,A,201,,ZN,,1.0,4,TD,4S,4.9335996583990305,7.039844016555236,0.04714623588652628,0.11746851378394352,1.275295791572823,1.6098089974041487,No,No,No,No,,,,data/4cys-large/output/xyz_files/6sym_ZN_homo_d2.60_cluster1.xyz,1.63
6sym,2,homo,1,ZN,ZN,B,201,,ZN,,1.0,4,TD,4S,3.5048514045701724,4.808503213046819,0.03338485595691995,0.09059803584669401,1.2855708732559878,1.9819616648507692,No,No,No,No,,,,data/4cys-large/output/xyz_files/6sym_ZN_homo_d2.60_cluster2.xyz,1.63
6t0y,1,homo,1,ZN,ZN,A,301,,ZN,,1.0,4,TD,4S,4.790167501798332,6.832451821578459,0.008157439472321316,0.01807515444397767,1.2648192536448823,1.6554482881162091,No,No,No,No,,,,data/4cys-large/output/xyz_files/6t0y_ZN_homo_d2.60_cluster1.xyz,1.20
6t1b,1,homo,1,ZN,ZN,A,302,,ZN,,0.47,4,TD,4S,4.8073766914486065,6.440550172752339,0.0537061671630014,0.13690409986338015,1.257372089163573,2.034690456122627,No,No,No,No,,,,data/4cys-large/output/xyz_files/6t1b_ZN_homo_d2.60_cluster1.xyz,1.20
6tly,2,homo,1,ZN,ZN,A,702,,ZN,,0.69,4,TD,4S,3.901657609958989,5.513186648605483,0.021350274073272692,0.060008086681661243,1.2725454254875623,1.7085849709609269,No,No,No,No,,,,data/4cys-large/output/xyz_files/6tly_ZN_homo_d2.60_cluster2.xyz,1.80
6u9k,1,homo,1,ZN,ZN,A,4001,,ZN,,1.0,4,TD,4S,2.0227068125054024,3.0056687982168313,0.0700522147044023,0.16470939362609238,1.3162077362093239,1.8930083157737712,No,No,No,No,,,,data/4cys-large/output/xyz_files/6u9k_ZN_homo_d2.60_cluster1.xyz,2.00
6u9k,2,homo,1,ZN,ZN,B,4001,,ZN,,1.0,4,TD,4S,2.10717489016301,3.1367768798123166,0.056129152844432026,0.14680797460125694,1.3012930300921164,1.59976062082414,No,No,No,No,,,,data/4cys-large/output/xyz_files/6u9k_ZN_homo_d2.60_cluster2.xyz,2.00
6u9n,1,homo,1,ZN,ZN,A,4002,,ZN,,1.0,4,TD,4S,3.157068149397993,6.562866682728568,0.09058270797413387,0.23757942688933298,1.298299847655876,1.9863588623253887,No,No,No,No,,,,data/4cys-large/output/xyz_files/6u9n_ZN_homo_d2.60_cluster1.xyz,1.95
6u9n,2,homo,1,ZN,ZN,B,4002,,ZN,,1.0,4,TD,4S,2.453458582636788,4.905237302602259,0.07914717658222964,0.22216805020077723,1.2898416370519559,1.85313906374683,No,No,No,No,,,,data/4cys-large/output/xyz_files/6u9n_ZN_homo_d2.60_cluster2.xyz,1.95
6v9p,2,homo,1,ZN,ZN,A,402,,ZN,,1.0,4,TD_d,4S,31.787274912914945,55.305512080888946,0.22282908371665996,0.5688339381592793,0.8250482729967977,1.1195533937005644,No,Yes,Yes,No,,,,data/4cys-large/output/xyz_files/6v9p_ZN_homo_d2.60_cluster2.xyz,1.93
6w4h,2,homo,1,ZN,ZN,B,4402,,ZN,,1.0,4,TD,4S,4.5981123694049035,7.770305027970323,0.0028456735986285638,0.007757313074903571,1.2736612065651345,1.9396160417304715,No,No,No,No,,,,data/4cys-large/output/xyz_files/6w4h_ZN_homo_d2.60_cluster2.xyz,1.80
6w61,1,homo,1,ZN,ZN,B,4402,,ZN,,1.0,4,TD,4S,5.254722935154824,9.991225097752562,0.014696484351694593,0.0406651188028464,1.2805972912474062,1.9685080855899302,No,No,No,No,,,,data/4cys-large/output/xyz_files/6w61_ZN_homo_d2.60_cluster1.xyz,2.00
6w75,2,homo,1,ZN,ZN,B,4402,,ZN,,1.0,4,TD,4S,6.672390322955825,12.810965413695286,0.020527794857133,0.053114095993494814,1.2382671827351048,2.132954862301674,No,No,No,No,,,,data/4cys-large/output/xyz_files/6w75_ZN_homo_d2.60_cluster2.xyz,1.95
6w75,4,homo,1,ZN,ZN,D,4402,,ZN,,1.0,4,TD,4S,6.395758597193773,12.037526570571927,0.014314348032098806,0.03645051704660318,1.2540652271600263,1.9518343638233113,No,No,No,No,,,,data/4cys-large/output/xyz_files/6w75_ZN_homo_d2.60_cluster4.xyz,1.95
6wi7,1,homo,1,ZN,ZN,A,1201,,ZN,,1.0,4,TD,4S,2.564125702483462,4.723462172971338,0.031138169045096524,0.08272103086991578,1.3007727553799093,1.8532317390420272,No,No,No,No,,,,data/4cys-large/output/xyz_files/6wi7_ZN_homo_d2.60_cluster1.xyz,1.70
6wi7,4,homo,1,ZN,ZN,A,1204,,ZN,,1.0,4,TD,4S,3.7327130799294186,6.80843657452148,0.030372682820607157,0.07378002767918579,1.3070818312119548,1.84555820598075,No,No,No,No,,,,data/4cys-large/output/xyz_files/6wi7_ZN_homo_d2.60_cluster4.xyz,1.70
6wjt,2,homo,1,ZN,ZN,B,4402,,ZN,,1.0,4,TD,4S,6.761331120449658,11.85557286830607,0.014662278695685477,0.03843892932607984,1.2358110319011215,1.951103347146383,No,No,No,No,,,,data/4cys-large/output/xyz_files/6wjt_ZN_homo_d2.60_cluster2.xyz,2.00
6wjt,4,homo,1,ZN,ZN,D,4402,,ZN,,1.0,4,TD,4S,7.4605710195019,15.714246677606226,0.011506763212354654,0.03066711626030072,1.1947703980738047,1.732983361232463,No,No,No,No,,,,data/4cys-large/output/xyz_files/6wjt_ZN_homo_d2.60_cluster4.xyz,2.00
6wkq,2,homo,1,ZN,ZN,B,4402,,ZN,,1.0,4,TD,4S,6.457174735327481,11.718378593364406,0.017863772339298187,0.04858440364473182,1.240632108969112,1.9692029949139005,No,No,No,No,,,,data/4cys-large/output/xyz_files/6wkq_ZN_homo_d2.60_cluster2.xyz,1.98
6wkq,4,homo,1,ZN,ZN,D,4402,,ZN,,1.0,4,TD,4S,6.497673561283401,12.177124536595315,0.008738749932792752,0.023949543905551707,1.2309468044996328,1.8445826291702616,No,No,No,No,,,,data/4cys-large/output/xyz_files/6wkq_ZN_homo_d2.60_cluster4.xyz,1.98
6wq6,1,homo,1,ZN,ZN,A,701,,ZN,,1.0,4,TD,4S,3.9937525048156686,6.900111700132172,0.06693084671066936,0.17688677783798656,1.3141036840248088,1.6280771928431554,No,No,No,No,,,,data/4cys-large/output/xyz_files/6wq6_ZN_homo_d2.60_cluster1.xyz,1.70
6wqi,2,homo,1,ZN,ZN,B,701,,ZN,,1.0,4,TD,4S,3.800238363953434,6.868243912907474,0.05828424121670237,0.1548398683760075,1.2128862326574423,1.9641751581053823,No,No,No,No,,,,data/4cys-large/output/xyz_files/6wqi_ZN_homo_d2.60_cluster2.xyz,2.00
6wqs,1,homo,1,ZN,ZN,A,601,,ZN,,1.0,4,TD,4S,6.4303019051695705,10.098677453531124,0.052479412006092595,0.12732483547506313,1.2450222850473964,1.4611425793991981,No,No,No,No,,,,data/4cys-large/output/xyz_files/6wqs_ZN_homo_d2.60_cluster1.xyz,2.00
6wqt,1,homo,1,ZN,ZN,A,601,,ZN,,1.0,4,TD,4S,3.0280768915136558,6.2046720907423065,0.0372360502828283,0.09582257710660169,1.3025904403567614,1.7550733001477252,No,No,No,No,,,,data/4cys-large/output/xyz_files/6wqt_ZN_homo_d2.60_cluster1.xyz,1.65
6wrh,1,homo,1,ZN,ZN,A,501,,ZN,,0.95,4,TD,4S,3.8555935979108047,6.294559726817539,0.02189987520109778,0.0572631047407528,1.2757436410706413,2.0749180018671867,No,No,No,No,,,,data/4cys-large/output/xyz_files/6wrh_ZN_homo_d2.60_cluster1.xyz,1.60
6wvn,2,homo,1,ZN,ZN,B,4402,,ZN,,1.0,4,TD,4S,7.101870584829485,12.927402844105103,0.004792225489387186,0.012850638541956005,1.2204628369980355,1.820146908141115,No,No,No,No,,,,data/4cys-large/output/xyz_files/6wvn_ZN_homo_d2.60_cluster2.xyz,2.00
6wx4,1,homo,1,ZN,ZN,D,501,,ZN,,1.0,4,TD,4S,5.448782874779648,8.977414681875729,0.04242756718361665,0.1172659129319249,1.2325464380549325,1.5786587321935723,No,No,No,No,,,,data/4cys-large/output/xyz_files/6wx4_ZN_homo_d2.60_cluster1.xyz,1.66
6wzu,1,homo,1,ZN,ZN,A,501,,ZN,,0.9,4,TD,4S,4.254802179902897,6.067165915995361,0.03757941887020513,0.10107520674890225,1.2841835152686778,2.022044447629153,No,No,No,No,,,,data/4cys-large/output/xyz_files/6wzu_ZN_homo_d2.60_cluster1.xyz,1.79
6wzw,1,homo,1,ZN,ZN,A,2303,,ZN,,1.0,4,TD,4S,6.346879655807895,12.601739823481282,0.06568626953279094,0.17222376023379704,1.2867692560568866,1.60780295181976,No,No,No,No,,,,data/4cys-large/output/xyz_files/6wzw_ZN_homo_d2.60_cluster1.xyz,1.69
6wzw,2,homo,1,ZN,ZN,A,2304,,ZN,,1.0,4,TD,4S,6.278084728724052,11.853101151929934,0.051555253747729186,0.1444550814666692,1.229282513791255,1.6572459640469477,No,No,No,No,,,,data/4cys-large/output/xyz_files/6wzw_ZN_homo_d2.60_cluster2.xyz,1.69
6wzw,3,homo,1,ZN,ZN,A,2305,,ZN,,1.0,4,TD,4S,1.9329889829575366,3.3658979560359654,0.045271249841822875,0.09699368441043088,1.3138809340713071,1.9816254987359472,No,No,No,No,,,,data/4cys-large/output/xyz_files/6wzw_ZN_homo_d2.60_cluster3.xyz,1.69
6x0p,1,homo,1,ZN,ZN,A,2302,,ZN,,1.0,4,TD,4S,5.52706910926083,10.198502907656177,0.03063796429824082,0.07673769132421038,1.2896297498226246,2.2283061595676172,No,No,No,No,,,,data/4cys-large/output/xyz_files/6x0p_ZN_homo_d2.60_cluster1.xyz,1.69
6x0p,2,homo,1,ZN,ZN,A,2303,,ZN,,1.0,4,TD,4S,7.436111404549048,11.942470848145177,0.02187272440390228,0.06011990297648584,1.1759889683938953,1.3668426051841902,No,No,No,No,,,,data/4cys-large/output/xyz_files/6x0p_ZN_homo_d2.60_cluster2.xyz,1.69
6x0p,3,homo,1,ZN,ZN,A,2304,,ZN,,1.0,4,TD,4S,3.622496814296868,5.55605495277328,0.013095226731403207,0.03556130408736502,1.2855821753387913,1.632818138255429,No,No,No,No,,,,data/4cys-large/output/xyz_files/6x0p_ZN_homo_d2.60_cluster3.xyz,1.69
6x0p,4,homo,1,ZN,ZN,B,2302,,ZN,,1.0,4,TD,4S,4.599587443144775,8.95717019050224,0.059256034841859186,0.14864456864848963,1.2787563890067217,1.8290080944274987,No,No,No,No,,,,data/4cys-large/output/xyz_files/6x0p_ZN_homo_d2.60_cluster4.xyz,1.69
6x0p,5,homo,1,ZN,ZN,B,2303,,ZN,,1.0,4,TD,4S,6.231208991862498,11.644028000899311,0.040236665080307175,0.1091321073394882,1.2102689018041186,1.4946695416680864,No,No,No,No,,,,data/4cys-large/output/xyz_files/6x0p_ZN_homo_d2.60_cluster5.xyz,1.69
6x0p,6,homo,1,ZN,ZN,B,2304,,ZN,,1.0,4,TD,4S,1.8963745374532088,2.3535707548385716,0.028277118175902734,0.05960462574771963,1.302225899704076,1.8215231907809435,No,No,No,No,,,,data/4cys-large/output/xyz_files/6x0p_ZN_homo_d2.60_cluster6.xyz,1.69
6x0p,7,homo,1,ZN,ZN,C,2302,,ZN,,1.0,4,TD,4S,5.927342315901879,11.855543659425493,0.04269639528223973,0.1019442803846422,1.2975301945905355,1.651820490820369,No,No,No,No,,,,data/4cys-large/output/xyz_files/6x0p_ZN_homo_d2.60_cluster7.xyz,1.69
6x0p,8,homo,1,ZN,ZN,C,2303,,ZN,,1.0,4,TD,4S,6.685738509615062,11.70524748214119,0.028791188985534504,0.06099558463679422,1.2192005656557425,1.6319485722437246,No,No,No,No,,,,data/4cys-large/output/xyz_files/6x0p_ZN_homo_d2.60_cluster8.xyz,1.69
6x0p,9,homo,1,ZN,ZN,C,2304,,ZN,,1.0,4,TD,4S,3.01429313681315,4.901299121936987,0.028598879108917587,0.07360214936891296,1.2862403741169481,1.7261365091709095,No,No,No,No,,,,data/4cys-large/output/xyz_files/6x0p_ZN_homo_d2.60_cluster9.xyz,1.69
6x0p,10,homo,1,ZN,ZN,D,2302,,ZN,,1.0,4,TD,4S,5.649981079998885,10.128741052383106,0.05471559419566653,0.14216907465704276,1.2736750523484037,1.7592351774733008,No,No,No,No,,,,data/4cys-large/output/xyz_files/6x0p_ZN_homo_d2.60_cluster10.xyz,1.69
6x0p,11,homo,1,ZN,ZN,D,2303,,ZN,,1.0,4,TD,4S,6.670856702713136,11.847865147875481,0.023560931128876264,0.06482718686961686,1.2284828508380767,1.464765191763446,No,No,No,No,,,,data/4cys-large/output/xyz_files/6x0p_ZN_homo_d2.60_cluster11.xyz,1.69
6x0p,12,homo,1,ZN,ZN,D,2304,,ZN,,1.0,4,TD,4S,1.816077855969949,2.935889442539562,0.043974592463724524,0.10970275761001735,1.3009203103188067,1.8190654202954186,No,No,No,No,,,,data/4cys-large/output/xyz_files/6x0p_ZN_homo_d2.60_cluster12.xyz,1.69
6x6e,1,homo,1,ZN,ZN,A,501,,ZN,,1.0,4,TD,4S,2.5707432605807883,5.024696778347817,0.0030406378578671767,0.008290946520020714,1.3042934431404964,1.8374089042575186,No,No,No,No,,,,data/4cys-large/output/xyz_files/6x6e_ZN_homo_d2.60_cluster1.xyz,2.00
6x6e,2,homo,1,ZN,ZN,A,502,,ZN,,1.0,4,TD,4S,4.681343604584171,8.741684674841494,0.02367206417364265,0.06273707998893308,1.2670140496497446,1.8472051506132112,No,No,No,No,,,,data/4cys-large/output/xyz_files/6x6e_ZN_homo_d2.60_cluster2.xyz,2.00
6x6e,3,homo,1,ZN,ZN,B,501,,ZN,,1.0,4,TD,4S,4.5704624261134885,5.48662771293624,0.036295913728330666,0.09314904709860938,1.265048611122826,1.7127596455298169,No,No,No,No,,,,data/4cys-large/output/xyz_files/6x6e_ZN_homo_d2.60_cluster3.xyz,2.00
6x6e,4,homo,1,ZN,ZN,B,502,,ZN,,1.0,4,TD,4S,4.51441495623832,8.322929227833953,0.058226199113990705,0.14235759877665055,1.2839963906997829,1.9589031787982871,No,No,No,No,,,,data/4cys-large/output/xyz_files/6x6e_ZN_homo_d2.60_cluster4.xyz,2.00
6xog,1,homo,1,ZN,ZN,B,700,,ZN,,1.0,4,TD,4S,4.78165870822575,8.982016102718788,0.09781590355673582,0.2669593971115347,1.2304753217815623,1.6745240054973587,No,No,No,No,,,,data/4cys-large/output/xyz_files/6xog_ZN_homo_d2.60_cluster1.xyz,1.98
6xoi,1,homo,1,ZN,ZN,B,700,,ZN,,1.0,4,TD,4S,5.00709459888727,8.568529663945526,0.10028250404960594,0.24900112996267554,1.2918816034939116,1.736706187320861,No,No,No,No,,,,data/4cys-large/output/xyz_files/6xoi_ZN_homo_d2.60_cluster1.xyz,2.00
6xt2,2,homo,1,ZN,ZN,A,402,,ZN,,1.0,4,TD,4S,5.815174155945337,9.63547609599857,0.03133147034441944,0.07678103237345635,1.20638219993132,1.4681734859929234,No,No,No,No,,,,data/4cys-large/output/xyz_files/6xt2_ZN_homo_d2.60_cluster2.xyz,1.55
6xt2,4,homo,1,ZN,ZN,B,402,,ZN,,1.0,4,TD,4S,6.409358705679055,11.454391417174875,0.010501807195734375,0.027933335892426747,1.2007107624204558,1.4453886108319347,No,No,No,No,,,,data/4cys-large/output/xyz_files/6xt2_ZN_homo_d2.60_cluster4.xyz,1.55
6xt2,6,homo,1,ZN,ZN,C,402,,ZN,,1.0,4,TD,4S,6.009797858170997,9.202401103001407,0.017153617876344077,0.045039783981818626,1.2123986038806815,1.3687606970639858,No,No,No,No,,,,data/4cys-large/output/xyz_files/6xt2_ZN_homo_d2.60_cluster6.xyz,1.55
6xt2,8,homo,1,ZN,ZN,D,402,,ZN,,1.0,4,TD,4S,6.33519096912021,10.417901361462626,0.03785991706424801,0.09857915777819848,1.1915565656095395,1.4043626529051934,No,No,No,No,,,,data/4cys-large/output/xyz_files/6xt2_ZN_homo_d2.60_cluster8.xyz,1.55
6xv1,1,homo,1,ZN,ZN,A,402,,ZN,,1.0,4,TD,4S,5.945150020947333,12.384354487636458,0.1422881008606827,0.3621058649963249,1.2185320993708668,1.7284933265473132,No,No,No,No,,,,data/4cys-large/output/xyz_files/6xv1_ZN_homo_d2.60_cluster1.xyz,1.95
6xv1,2,homo,1,ZN,ZN,B,402,,ZN,,1.0,4,TD_d,4S,6.888220591927045,10.605972044309027,0.156820732028696,0.43532517832286155,1.145200298016457,1.6216216844503233,No,No,Yes,No,,,,data/4cys-large/output/xyz_files/6xv1_ZN_homo_d2.60_cluster2.xyz,1.95
6xv6,4,homo,1,ZN,ZN,D,402,,ZN,,1.0,4,TD_d,4S,3.4290776976834523,5.871110642933047,0.1616290790323415,0.40572565039495245,1.2351570643435719,1.975894618906434,No,No,Yes,No,,,,data/4cys-large/output/xyz_files/6xv6_ZN_homo_d2.60_cluster4.xyz,1.75
6xv6,6,homo,1,ZN,ZN,F,402,,ZN,,1.0,4,TD_d,4S,4.374004488194551,8.58749942927173,0.1546293607219624,0.39409784138901705,1.236585368755745,1.9568049104094387,No,No,Yes,No,,,,data/4cys-large/output/xyz_files/6xv6_ZN_homo_d2.60_cluster6.xyz,1.75
6ya6,1,homo,1,ZN,ZN,A,602,,ZN,,1.0,4,TD,4S,3.1420451767472284,4.727285513031774,0.03612325758906093,0.09179444374981394,1.2909267022591477,1.6183074862133209,No,No,No,No,,,,data/4cys-large/output/xyz_files/6ya6_ZN_homo_d2.60_cluster1.xyz,1.44
6ya7,1,homo,1,ZN,ZN,A,601,,ZN,,0.92,4,TD,4S,2.409618331825745,4.128173489740007,0.037797946424863976,0.10260581383958423,1.3112015536831692,1.728160507864431,No,No,No,No,,,,data/4cys-large/output/xyz_files/6ya7_ZN_homo_d2.60_cluster1.xyz,1.67
6ya8,1,homo,1,ZN,ZN,A,605,,ZN,,1.0,4,TD,4S,2.816923797460048,4.625928798394455,0.04497704142392113,0.11986487817176528,1.3130125052817603,2.0658269518970402,No,No,No,No,,,,data/4cys-large/output/xyz_files/6ya8_ZN_homo_d2.60_cluster1.xyz,1.79
6ykq,1,homo,1,ZN,ZN,A,1102,,ZN,,1.0,4,TD,4S,2.8201854707869627,5.201938889852272,0.05069848359846781,0.14158682238017084,1.2717950302315006,1.452821599785781,No,No,No,No,,,,data/4cys-large/output/xyz_files/6ykq_ZN_homo_d2.60_cluster1.xyz,1.94
6yks,1,homo,1,ZN,ZN,A,1202,,ZN,,1.0,4,TD,4S,3.025409757267409,6.131805542924042,0.07017732678324504,0.18930660301375202,1.294117423558514,1.6875693584883396,No,No,No,No,,,,data/4cys-large/output/xyz_files/6yks_ZN_homo_d2.60_cluster1.xyz,1.97
6yuh,1,homo,1,ZN,ZN,A,504,,ZN,,1.0,4,TD,4S,4.891222483243302,8.053214710918098,0.04445761285684871,0.1088795976477761,1.2803300852177162,1.796760796965061,No,No,No,No,,,,data/4cys-large/output/xyz_files/6yuh_ZN_homo_d2.60_cluster1.xyz,1.93
6yuh,2,homo,1,ZN,ZN,A,505,,ZN,,1.0,4,TD,4S,3.4158570863706865,5.668602107881625,0.06107890184794061,0.16576039761994776,1.2704817611159207,1.7823570416322208,No,No,No,No,,,,data/4cys-large/output/xyz_files/6yuh_ZN_homo_d2.60_cluster2.xyz,1.93
6zpe,2,homo,1,ZN,ZN,A,202,,ZN,,1.0,4,TD,4S,2.3766698583823374,3.3599690455102547,0.05265767828089012,0.12958972144928094,1.2575513083586178,2.1407317874839658,No,No,No,No,,,,data/4cys-large/output/xyz_files/6zpe_ZN_homo_d2.60_cluster2.xyz,1.58
6zrb,1,homo,1,ZN,ZN,A,504,,ZN,,1.0,4,TD,4S,5.682834584227385,10.592154709337066,0.036540455036322826,0.09571837929859317,1.259663184625789,1.8524468958468951,No,No,No,No,,,,data/4cys-large/output/xyz_files/6zrb_ZN_homo_d2.60_cluster1.xyz,1.55
6zrb,2,homo,1,ZN,ZN,A,505,,ZN,,1.0,4,TD,4S,4.786795861073623,7.4096693701669665,0.03861924669597455,0.0964648388997027,1.2284616746369437,1.5366226478022962,No,No,No,No,,,,data/4cys-large/output/xyz_files/6zrb_ZN_homo_d2.60_cluster2.xyz,1.55
6zsl,2,homo,1,ZN,ZN,B,702,,ZN,,1.0,4,TD,4S,9.738641058401543,19.981347473962984,0.0631251045414542,0.16492535208309222,1.225548532328512,1.7257792210822616,No,No,No,No,,,,data/4cys-large/output/xyz_files/6zsl_ZN_homo_d2.60_cluster2.xyz,1.94
6zsl,6,homo,1,ZN,ZN,A,703,,ZN,,1.0,4,TD,4S,13.693315601227381,22.67394451394513,0.06688062998305462,0.18371264358533423,1.065675833982005,1.4851146904465895,No,No,No,No,,,,data/4cys-large/output/xyz_files/6zsl_ZN_homo_d2.60_cluster6.xyz,1.94
7aas,2,homo,1,ZN,ZN,A,402,,ZN,,1.0,4,TD,4S,6.64613779548969,9.814528461170383,0.01880388039216858,0.04330873481583719,1.221801550645722,1.4617773604555637,No,No,No,No,,,,data/4cys-large/output/xyz_files/7aas_ZN_homo_d2.60_cluster2.xyz,1.80
7aas,4,homo,1,ZN,ZN,B,402,,ZN,,1.0,4,TD,4S,6.137180484353013,9.954863194494664,0.02433450286329393,0.06006192098658225,1.211552816387267,1.5961672823919288,No,No,No,No,,,,data/4cys-large/output/xyz_files/7aas_ZN_homo_d2.60_cluster4.xyz,1.80
7aas,6,homo,1,ZN,ZN,C,402,,ZN,,1.0,4,TD,4S,6.943185238815833,10.082004537509036,0.034013592962862556,0.0888449303726837,1.2001159143437305,1.546524807424625,No,No,No,No,,,,data/4cys-large/output/xyz_files/7aas_ZN_homo_d2.60_cluster6.xyz,1.80
7aas,8,homo,1,ZN,ZN,D,402,,ZN,,1.0,4,TD,4S,6.426544118067248,9.452827081648962,0.023671747276884213,0.05569688831120345,1.195335653254454,1.4697250243280457,No,No,No,No,,,,data/4cys-large/output/xyz_files/7aas_ZN_homo_d2.60_cluster8.xyz,1.80
7aas,10,homo,1,ZN,ZN,E,402,,ZN,,1.0,4,TD,4S,6.41445286330322,9.827203175058898,0.029009314079328906,0.08052464060359554,1.2028132734546604,1.5176132936472577,No,No,No,No,,,,data/4cys-large/output/xyz_files/7aas_ZN_homo_d2.60_cluster10.xyz,1.80
7aas,12,homo,1,ZN,ZN,F,402,,ZN,,1.0,4,TD,4S,6.162446895685903,9.243028038376579,0.019053889887060495,0.04403953816634543,1.2055499904155504,1.4867638041780575,No,No,No,No,,,,data/4cys-large/output/xyz_files/7aas_ZN_homo_d2.60_cluster12.xyz,1.80
7auc,1,homo,1,ZN,ZN,A,1517,,ZN,,1.0,4,TD,4S,6.396918207433681,10.094008828525062,0.050734260862017266,0.13028931203569405,1.252118479888875,1.7822602058537047,No,No,No,No,,,,data/4cys-large/output/xyz_files/7auc_ZN_homo_d2.60_cluster1.xyz,1.53
7bah,1,homo,1,ZN,ZN,A,1001,,ZN,,1.0,4,TD,4S,4.387515242481551,8.099784041562685,0.010827977663358088,0.027439631987729918,1.254370649911833,1.7256171871868047,No,No,No,No,,,,data/4cys-large/output/xyz_files/7bah_ZN_homo_d2.60_cluster1.xyz,1.89
7bah,2,homo,1,ZN,ZN,B,1001,,ZN,,1.0,4,TD,4S,4.045198531230996,7.281384904683421,0.010544333564334209,0.029479654467354344,1.2659984290221227,1.9095076697184352,No,No,No,No,,,,data/4cys-large/output/xyz_files/7bah_ZN_homo_d2.60_cluster2.xyz,1.89
7bj1,1,homo,1,ZN,ZN,A,503,,ZN,,1.0,4,TD,4S,4.8311933802679015,8.840078244609217,0.0256900445102772,0.07226593507959667,1.2688768351509425,1.853772831300297,No,No,No,No,,,,data/4cys-large/output/xyz_files/7bj1_ZN_homo_d2.60_cluster1.xyz,1.61
7bj1,2,homo,1,ZN,ZN,A,504,,ZN,,1.0,4,TD,4S,4.140632287628041,6.133174146906683,0.03509996858226749,0.0862112540585871,1.2403768030326627,1.533542719922309,No,No,No,No,,,,data/4cys-large/output/xyz_files/7bj1_ZN_homo_d2.60_cluster2.xyz,1.61
7bos,1,homo,1,ZN,ZN,A,501,,ZN,,1.0,4,TD,4S,10.653019012014616,22.087312804580847,0.008199922425976119,0.018032629454638904,1.1198938369016698,1.5439284740630912,No,No,No,No,,,,data/4cys-large/output/xyz_files/7bos_ZN_homo_d2.60_cluster1.xyz,1.70
7bot,1,homo,1,ZN,ZN,A,501,,ZN,,1.0,4,TD,4S,13.364747013339901,29.405172804249972,0.10891737159707575,0.2986261829021415,1.1465072559581777,1.6529911066125877,No,No,No,No,,,,data/4cys-large/output/xyz_files/7bot_ZN_homo_d2.60_cluster1.xyz,1.70
7bqu,1,homo,1,ZN,ZN,A,502,,ZN,,1.0,4,TD,4S,8.65533668004253,12.350500588584282,0.05950469293818989,0.15363962930112285,1.1270391976096086,1.658226395039864,No,No,No,No,,,,data/4cys-large/output/xyz_files/7bqu_ZN_homo_d2.60_cluster1.xyz,1.90
7bqv,1,homo,1,ZN,ZN,A,502,,ZN,,1.0,4,TD,4S,5.717998610246104,9.081455769273802,0.023887301204831856,0.0638422973055337,1.2410446536459874,1.7972237841978114,No,No,No,No,,,,data/4cys-large/output/xyz_files/7bqv_ZN_homo_d2.60_cluster1.xyz,1.80
7btv,1,homo,1,ZN,ZN,A,1501,,ZN,,1.0,4,TD,4S,2.495727491045624,4.111297099397774,0.07476782007522191,0.15723961306989365,1.2735724166471662,1.9226332229679506,No,No,No,No,,,,data/4cys-large/output/xyz_files/7btv_ZN_homo_d2.60_cluster1.xyz,2.00
7btv,2,homo,1,ZN,ZN,A,1502,,ZN,,1.0,4,TD,4S,6.696429877757476,11.918967817721821,0.058318650029645334,0.1456366633100883,1.2034329961799128,1.696720253961744,No,No,No,No,,,,data/4cys-large/output/xyz_files/7btv_ZN_homo_d2.60_cluster2.xyz,2.00
7btv,3,homo,1,ZN,ZN,A,1503,,ZN,,1.0,4,TD,4S,4.11775955412612,7.077328953059109,0.06129527660152597,0.1508831144984044,1.3098882070898505,1.800273729159288,No,No,No,No,,,,data/4cys-large/output/xyz_files/7btv_ZN_homo_d2.60_cluster3.xyz,2.00
7btv,4,homo,1,ZN,ZN,A,1504,,ZN,,1.0,4,TD,4S,4.773672463235456,9.236921631854713,0.09422418003365741,0.2588773885548563,1.265168929973983,1.5173034009703532,No,No,No,No,,,,data/4cys-large/output/xyz_files/7btv_ZN_homo_d2.60_cluster4.xyz,2.00
7btv,5,homo,1,ZN,ZN,B,1501,,ZN,,1.0,4,TD_d,4S,6.105064896306165,8.589560089844994,0.18222468525889163,0.5150911257418755,1.2564785911208545,2.024161652131008,No,No,Yes,No,,,,data/4cys-large/output/xyz_files/7btv_ZN_homo_d2.60_cluster5.xyz,2.00
7btv,6,homo,1,ZN,ZN,B,1502,,ZN,,1.0,4,TD,4S,8.520366522488704,10.902108061330694,0.1340197857045448,0.3770822667132636,1.2055695217390268,1.6511852583594464,No,No,No,No,,,,data/4cys-large/output/xyz_files/7btv_ZN_homo_d2.60_cluster6.xyz,2.00
7btv,7,homo,1,ZN,ZN,B,1503,,ZN,,1.0,4,TD,4S,7.10662225941257,9.843889353707695,0.13663807129277325,0.3849817843103942,1.2370193739178719,2.006419023654082,No,No,No,No,,,,data/4cys-large/output/xyz_files/7btv_ZN_homo_d2.60_cluster7.xyz,2.00
7btv,8,homo,1,ZN,ZN,B,1504,,ZN,,1.0,4,TD,4S,5.185392616506613,9.314615431643247,0.09526879238094943,0.2687273439539273,1.2451943799602718,1.7660214734560564,No,No,No,No,,,,data/4cys-large/output/xyz_files/7btv_ZN_homo_d2.60_cluster8.xyz,2.00
7bu2,2,homo,1,ZN,ZN,A,407,,ZN,,1.0,4,TD,4S,8.026918472765338,13.395774830275755,0.013274920806721232,0.033245486975755245,1.147968970812446,1.2044269299181778,No,No,No,No,,,,data/4cys-large/output/xyz_files/7bu2_ZN_homo_d2.60_cluster2.xyz,1.55
7bu2,3,homo,1,ZN,ZN,B,404,,ZN,,1.0,4,TD,4S,7.439046169847524,11.871500342890116,0.016956079480660875,0.046708687905050006,1.1626773585319057,1.249100795190717,No,No,No,No,,,,data/4cys-large/output/xyz_files/7bu2_ZN_homo_d2.60_cluster3.xyz,1.55
7bu3,2,homo,1,ZN,ZN,A,406,,ZN,,1.0,4,TD,4S,7.306488599936818,11.411725174610893,0.009143842932638093,0.019951317249070843,1.1745719350104784,1.2127519844653485,No,No,No,No,,,,data/4cys-large/output/xyz_files/7bu3_ZN_homo_d2.60_cluster2.xyz,2.00
7bu3,4,homo,1,ZN,ZN,B,405,,ZN,,1.0,4,TD,4S,7.097595002697625,11.397117590464802,0.01635121528097118,0.04162691794410733,1.1760007936133343,1.2780104107822063,No,No,No,No,,,,data/4cys-large/output/xyz_files/7bu3_ZN_homo_d2.60_cluster4.xyz,2.00
7coh,1,homo,1,ZN,ZN,F,99,,ZN,,1.0,4,TD,4S,3.878157080864717,8.18001390042987,0.015833235446587535,0.044405160434064506,1.2890292332473077,1.4242248997666007,No,No,No,No,,,,data/4cys-large/output/xyz_files/7coh_ZN_homo_d2.60_cluster1.xyz,1.30
7coh,2,homo,1,ZN,ZN,S,99,,ZN,,1.0,4,TD,4S,3.623751598794337,7.600086234095798,0.015125655599130265,0.039840005910037224,1.2932146694212359,1.4176631151392747,No,No,No,No,,,,data/4cys-large/output/xyz_files/7coh_ZN_homo_d2.60_cluster2.xyz,1.30
7cp5,1,homo,1,ZN,ZN,F,101,,ZN,,1.0,4,TD,4S,3.7804850185576946,7.721617308451869,0.021318643746393317,0.0546134150123021,1.2829290049535698,1.6569419629325517,No,No,No,No,,,,data/4cys-large/output/xyz_files/7cp5_ZN_homo_d2.60_cluster1.xyz,1.76
7cp5,2,homo,1,ZN,ZN,S,101,,ZN,,1.0,4,TD,4S,3.2372281551962345,6.881308976738566,0.014493903163833683,0.03916709617799308,1.2952223781998187,1.6471299838767843,No,No,No,No,,,,data/4cys-large/output/xyz_files/7cp5_ZN_homo_d2.60_cluster2.xyz,1.76
7cq3,2,homo,1,ZN,ZN,A,402,,ZN,,1.0,4,TD,4S,2.9054702007992503,5.98194185250604,0.003384268134939383,0.008074597593613841,1.3075265195124348,2.207632560411668,No,No,No,No,,,,data/4cys-large/output/xyz_files/7cq3_ZN_homo_d2.60_cluster2.xyz,1.45
7d2s,1,homo,1,ZN,ZN,B,401,,ZN,,1.0,4,TD,4S,3.7142640818896573,6.087848453627686,0.01254249555497691,0.033187418366734445,1.305866779707023,2.2557823787137274,No,No,No,No,,,,data/4cys-large/output/xyz_files/7d2s_ZN_homo_d2.60_cluster1.xyz,1.65
7d2s,2,homo,1,ZN,ZN,B,402,,ZN,,1.0,4,TD,4S,5.481951782723661,8.642310573406718,0.02120613958833061,0.046012357272386506,1.228495065291614,1.7408643547276839,No,No,No,No,,,,data/4cys-large/output/xyz_files/7d2s_ZN_homo_d2.60_cluster2.xyz,1.65
7d47,1,homo,1,ZN,ZN,A,501,,ZN,,1.0,5,TBP_d,1N4S,31.876946131334147,60.28027118333341,0.27358477861132785,0.7653332021740815,0.9167874989923007,1.7795949893998486,No,Yes,Yes,No,,,,data/4cys-large/output/xyz_files/7d47_ZN_homo_d2.60_cluster1.xyz,1.97
7d5w,1,homo,1,ZN,ZN,F,101,,ZN,,1.0,4,TD,4S,3.5501132611227666,7.109620311548937,0.010522941487208096,0.028264478579338004,1.2962246337702985,1.588341909314112,No,No,No,No,,,,data/4cys-large/output/xyz_files/7d5w_ZN_homo_d2.60_cluster1.xyz,1.84
7d5w,2,homo,1,ZN,ZN,S,101,,ZN,,1.0,4,TD,4S,3.1719324919883887,6.605482344682926,0.008297010383280404,0.02040622757738042,1.2966901085571263,1.5142960976618873,No,No,No,No,,,,data/4cys-large/output/xyz_files/7d5w_ZN_homo_d2.60_cluster2.xyz,1.84
7d5x,1,homo,1,ZN,ZN,F,101,,ZN,,1.0,4,TD,4S,4.024765244118016,8.530690705846013,0.01749915297658635,0.04271315525250863,1.2727498862924365,1.4724215165587478,No,No,No,No,,,,data/4cys-large/output/xyz_files/7d5x_ZN_homo_d2.60_cluster1.xyz,1.74
7d5x,2,homo,1,ZN,ZN,S,101,,ZN,,1.0,4,TD,4S,3.0746481488238677,6.586196206655217,0.012227926995268978,0.03124956318038663,1.2915416962560193,1.5407546040457092,No,No,No,No,,,,data/4cys-large/output/xyz_files/7d5x_ZN_homo_d2.60_cluster2.xyz,1.74
7d6h,1,homo,1,ZN,ZN,A,401,,ZN,,1.0,4,TD,4S,3.450410777311567,5.7328674326479785,0.02934938886850477,0.08032466754857781,1.3040419759838753,1.4474696292193614,No,No,No,No,,,,data/4cys-large/output/xyz_files/7d6h_ZN_homo_d2.60_cluster1.xyz,1.60
7d6l,1,homo,1,ZN,ZN,A,201,,ZN,,1.0,4,TD,4S,6.26330748504256,9.888627128987778,0.06595275638571432,0.1689147480052995,1.251326550336886,1.8758932979852427,No,No,No,No,,,,data/4cys-large/output/xyz_files/7d6l_ZN_homo_d2.60_cluster1.xyz,1.95
7d7k,1,homo,1,ZN,ZN,A,401,,ZN,,0.78,4,TD,4S,6.127834484549021,11.724893250847344,0.01646211413913186,0.03979796900777588,1.1802778373450766,1.7616537476621432,No,No,No,No,,,,data/4cys-large/output/xyz_files/7d7k_ZN_homo_d2.60_cluster1.xyz,1.90
7d7k,2,homo,1,ZN,ZN,B,401,,ZN,,0.71,4,TD,4S,8.501125747106107,16.08221958224152,0.01269275781867718,0.03351117068081688,1.191700159320591,1.6859295562043897,No,No,No,No,,,,data/4cys-large/output/xyz_files/7d7k_ZN_homo_d2.60_cluster2.xyz,1.90
7d86,5,homo,1,ZN,ZN,A,505,,ZN,,1.0,4,TD,4S,6.446102559880527,11.563609754838524,0.06405795984545372,0.18090963425152307,1.276473593107889,2.037606963298585,No,No,No,No,,,,data/4cys-large/output/xyz_files/7d86_ZN_homo_d2.60_cluster5.xyz,1.84
7d8a,5,homo,1,ZN,ZN,A,505,,ZN,,1.0,4,TD,4S,6.906284383451274,9.067452397138283,0.08648800954822917,0.2400360802552166,1.2568400759706537,1.6153876559717575,No,No,No,No,,,,data/4cys-large/output/xyz_files/7d8a_ZN_homo_d2.60_cluster5.xyz,2.00
7dcf,1,homo,1,ZN,ZN,A,1501,,ZN,,1.0,4,TD,4S,3.7976853818307954,6.59051480878567,0.033822405286649766,0.07511019809928632,1.2966535170804758,1.878378079694276,No,No,No,No,,,,data/4cys-large/output/xyz_files/7dcf_ZN_homo_d2.60_cluster1.xyz,1.80
7dcf,2,homo,1,ZN,ZN,A,1502,,ZN,,1.0,4,TD,4S,7.26635356716949,14.637330436834873,0.08166031793481458,0.21764164325351487,1.174579433299302,1.7306824160675993,No,No,No,No,,,,data/4cys-large/output/xyz_files/7dcf_ZN_homo_d2.60_cluster2.xyz,1.80
7dcf,3,homo,1,ZN,ZN,A,1503,,ZN,,1.0,4,TD,4S,2.781803317489044,4.3607659263089005,0.025297919542389732,0.0710612934621202,1.2994970058423219,1.9431134931374319,No,No,No,No,,,,data/4cys-large/output/xyz_files/7dcf_ZN_homo_d2.60_cluster3.xyz,1.80
7dcf,4,homo,1,ZN,ZN,A,1504,,ZN,,1.0,4,TD,4S,4.7457321907968275,7.415558196473327,0.06009469251475016,0.14587144125710694,1.239338141063705,1.391519700160265,No,No,No,No,,,,data/4cys-large/output/xyz_files/7dcf_ZN_homo_d2.60_cluster4.xyz,1.80
7dcf,5,homo,1,ZN,ZN,B,1501,,ZN,,1.0,4,TD,4S,4.139056178028916,5.484275046847827,0.020265180339886023,0.052409132532606595,1.2629791969633448,1.5845608099872917,No,No,No,No,,,,data/4cys-large/output/xyz_files/7dcf_ZN_homo_d2.60_cluster5.xyz,1.80
7dcf,6,homo,1,ZN,ZN,B,1502,,ZN,,1.0,4,TD,4S,6.638281077834058,10.893394350331263,0.07803817576612611,0.1924743666572506,1.218454597468487,1.8360525723478889,No,No,No,No,,,,data/4cys-large/output/xyz_files/7dcf_ZN_homo_d2.60_cluster6.xyz,1.80
7dcf,7,homo,1,ZN,ZN,B,1503,,ZN,,1.0,4,TD,4S,4.533079917324777,8.496945416142012,0.018961915495122765,0.04086973536070371,1.3040495541852333,2.0236828249111527,No,No,No,No,,,,data/4cys-large/output/xyz_files/7dcf_ZN_homo_d2.60_cluster7.xyz,1.80
7dcf,8,homo,1,ZN,ZN,B,1504,,ZN,,1.0,4,TD,4S,3.4700465566585335,6.338602103132402,0.047678947226402965,0.1296781588497553,1.280965050177112,1.607232446038839,No,No,No,No,,,,data/4cys-large/output/xyz_files/7dcf_ZN_homo_d2.60_cluster8.xyz,1.80
7dg2,2,homo,1,ZN,ZN,A,305,,ZN,,1.0,4,TD,4S,4.690847876713601,8.360099920692917,0.039476955477186465,0.10461986714713456,1.270579363185962,1.6504066529983514,No,No,No,No,,,,data/4cys-large/output/xyz_files/7dg2_ZN_homo_d2.60_cluster2.xyz,1.70
7dh8,2,homo,1,ZN,ZN,A,202,,ZN,,1.0,4,TD,4S,3.547034230895845,5.210360348670179,0.060113269632902186,0.16208441870593404,1.2762343352753043,1.430674721854527,No,No,No,No,,,,data/4cys-large/output/xyz_files/7dh8_ZN_homo_d2.60_cluster2.xyz,1.85
7e44,1,homo,1,ZN,ZN,A,301,,ZN,,1.0,4,TD,4S,8.29143443091064,15.662791725832292,0.05887833408651966,0.16299984077013585,1.1758378275293486,1.387145511824361,No,No,No,No,,,,data/4cys-large/output/xyz_files/7e44_ZN_homo_d2.60_cluster1.xyz,2.00
7e44,2,homo,1,ZN,ZN,B,301,,ZN,,1.0,4,TD,4S,8.467854797478331,15.225248181201607,0.03258801412416298,0.08298732447504076,1.2056158132236563,1.8465468587135299,No,No,No,No,,,,data/4cys-large/output/xyz_files/7e44_ZN_homo_d2.60_cluster2.xyz,2.00
7e44,3,homo,1,ZN,ZN,E,302,,ZN,,1.0,4,TD,4S,9.949940665954513,18.19520751670997,0.03541454473632788,0.08900696676826803,1.1878525934260138,1.8374724374072284,No,No,No,No,,,,data/4cys-large/output/xyz_files/7e44_ZN_homo_d2.60_cluster3.xyz,2.00
7e44,4,homo,1,ZN,ZN,F,302,,ZN,,1.0,4,TD,4S,5.6840039957234785,10.57722942357124,0.02843289331950272,0.0797905218389956,1.256641898363183,1.8772238112679416,No,No,No,No,,,,data/4cys-large/output/xyz_files/7e44_ZN_homo_d2.60_cluster4.xyz,2.00
7e62,1,homo,1,ZN,ZN,C,701,,ZN,,1.0,4,TD,4S,7.707025140196919,12.11888915108625,0.06682869207532245,0.1827876178327008,1.2560937036250577,1.5297452619925394,No,No,No,No,,,,data/4cys-large/output/xyz_files/7e62_ZN_homo_d2.60_cluster1.xyz,1.99
7e62,2,homo,1,ZN,ZN,J,701,,ZN,,1.0,4,TD,4S,8.809574594969288,14.711139241729029,0.07556810483559014,0.18242296357819887,1.2351416587169062,1.6216480993313462,No,No,No,No,,,,data/4cys-large/output/xyz_files/7e62_ZN_homo_d2.60_cluster2.xyz,1.99
7ebj,2,homo,1,ZN,ZN,A,1202,,ZN,,1.0,4,TD,4S,3.4841734689887995,7.139133930806992,0.056518399755563886,0.1591519525494598,1.260098645583313,1.949541659733599,No,No,No,No,,,,data/4cys-large/output/xyz_files/7ebj_ZN_homo_d2.60_cluster2.xyz,1.80
7ebk,2,homo,1,ZN,ZN,A,1202,,ZN,,1.0,4,TD,4S,4.188501109467144,8.650659438973676,0.06593709587693156,0.17269600927546858,1.2107670727327278,1.9638964239069443,No,No,No,No,,,,data/4cys-large/output/xyz_files/7ebk_ZN_homo_d2.60_cluster2.xyz,1.74
7ev7,1,homo,1,ZN,ZN,F,101,,ZN,,1.0,4,TD,4S,4.004625645120054,8.012826951654603,0.015558829651521219,0.03969586231664746,1.2773777499519194,1.4787609327099782,No,No,No,No,,,,data/4cys-large/output/xyz_files/7ev7_ZN_homo_d2.60_cluster1.xyz,1.70
7ev7,2,homo,1,ZN,ZN,S,101,,ZN,,1.0,4,TD,4S,3.2758180048331194,6.892802122460239,0.016820824956096214,0.04236782947060469,1.287914650272367,1.5191973041091282,No,No,No,No,,,,data/4cys-large/output/xyz_files/7ev7_ZN_homo_d2.60_cluster2.xyz,1.70
7exm,2,homo,1,ZN,ZN,A,302,,ZN,,1.0,4,TD,4S,8.112998320103207,15.47876184132727,0.015160675598359041,0.03435407567093973,1.2125105897535673,1.7717924532962943,No,No,No,No,,,,data/4cys-large/output/xyz_files/7exm_ZN_homo_d2.60_cluster2.xyz,1.96
7exm,5,homo,1,ZN,ZN,B,302,,ZN,,1.0,4,TD,4S,8.81597879881383,16.5041282481763,0.012702275486153422,0.030496079627792216,1.1949548684681552,1.7256124499367052,No,No,No,No,,,,data/4cys-large/output/xyz_files/7exm_ZN_homo_d2.60_cluster5.xyz,1.96
7exm,8,homo,1,ZN,ZN,C,302,,ZN,,1.0,4,TD,4S,10.922099197962995,22.612560537552667,0.00840854094552011,0.022680455917242437,1.144856923975634,1.320318833942994,No,No,No,No,,,,data/4cys-large/output/xyz_files/7exm_ZN_homo_d2.60_cluster8.xyz,1.96
7exm,11,homo,1,ZN,ZN,D,302,,ZN,,1.0,4,TD,4S,5.143560014259755,8.297266308559102,0.00825287109970334,0.020496608450052634,1.2574706779597604,1.951872610341184,No,No,No,No,,,,data/4cys-large/output/xyz_files/7exm_ZN_homo_d2.60_cluster11.xyz,1.96
7f4e,1,homo,1,ZN,ZN,A,701,,ZN,,1.0,5,TBP_d,1N4S,27.465937949681347,48.092217219884844,0.3401891732438862,0.8705411938532803,1.0710646137310673,2.111621120737344,No,No,Yes,No,,,,data/4cys-large/output/xyz_files/7f4e_ZN_homo_d2.60_cluster1.xyz,1.78
7f51,1,homo,1,ZN,ZN,A,401,,ZN,,1.0,4,TD,4S,8.121226260252703,14.095431976167134,0.009227144818558766,0.025982028048080696,1.1822360798366025,1.8817699520193545,No,No,No,No,,,,data/4cys-large/output/xyz_files/7f51_ZN_homo_d2.60_cluster1.xyz,1.98
7f98,1,homo,1,ZN,ZN,A,1902,,ZN,,0.84,4,TD,4S,6.704889672994863,12.726431830796542,0.04652677700577101,0.11126237801443128,1.2359279036377917,1.7718774093979157,No,No,No,No,,,,data/4cys-large/output/xyz_files/7f98_ZN_homo_d2.60_cluster1.xyz,2.00
7f98,2,homo,1,ZN,ZN,B,1902,,ZN,,0.68,4,TD,4S,9.458066299858235,19.401870100717744,0.11455322430725073,0.2819398157249422,1.2729908969160901,1.92942149394342,No,No,No,No,,,,data/4cys-large/output/xyz_files/7f98_ZN_homo_d2.60_cluster2.xyz,2.00
7f99,1,homo,1,ZN,ZN,A,1902,,ZN,,0.74,4,TD,4S,7.6058034349797445,14.110093830329205,0.061250688483397826,0.16981535974065753,1.2802467196599752,1.91845936381322,No,No,No,No,,,,data/4cys-large/output/xyz_files/7f99_ZN_homo_d2.60_cluster1.xyz,1.98
7f99,2,homo,1,ZN,ZN,B,1902,,ZN,,0.99,4,TD,4S,8.82826566992593,15.381013063260454,0.09488221801139146,0.20747652811316497,1.2624747813319634,1.377475331756461,No,No,No,No,,,,data/4cys-large/output/xyz_files/7f99_ZN_homo_d2.60_cluster2.xyz,1.98
7f9a,1,homo,1,ZN,ZN,A,1902,,ZN,,0.75,4,TD,4S,8.648814449108306,15.660339924049225,0.062487735330098666,0.1563344878425883,1.1954930566603013,1.8014384673898305,No,No,No,No,,,,data/4cys-large/output/xyz_files/7f9a_ZN_homo_d2.60_cluster1.xyz,2.00
7f9a,2,homo,1,ZN,ZN,B,1902,,ZN,,0.67,4,TD_d,4S,11.189001749151174,17.808767627466864,0.1612004100416888,0.41552890522190866,1.2393781728620576,1.2761127195036683,No,No,Yes,No,,,,data/4cys-large/output/xyz_files/7f9a_ZN_homo_d2.60_cluster2.xyz,2.00
7f9b,1,homo,1,ZN,ZN,A,1902,,ZN,,0.96,4,TD,4S,10.093033710675748,20.186545162333772,0.08606509479151686,0.21290742778649374,1.2440656320512848,1.519049910901765,No,No,No,No,,,,data/4cys-large/output/xyz_files/7f9b_ZN_homo_d2.60_cluster1.xyz,2.00
7f9b,2,homo,1,ZN,ZN,B,1902,,ZN,,0.87,4,TD,4S,5.8122962479734035,10.18675220462417,0.030937439388014125,0.08371876919298549,1.2547372906828793,1.737977926201486,No,No,No,No,,,,data/4cys-large/output/xyz_files/7f9b_ZN_homo_d2.60_cluster2.xyz,2.00
7fa1,1,homo,1,ZN,ZN,A,1001,,ZN,,1.0,4,TD,4S,6.506398707635521,10.993800880202912,0.017223326298942195,0.046382447628213086,1.2498449338517614,1.8889801956735348,No,No,No,No,,,,data/4cys-large/output/xyz_files/7fa1_ZN_homo_d2.60_cluster1.xyz,1.60
7fav,2,homo,1,ZN,ZN,A,1410,,ZN,,1.0,4,TD,4S,5.5594216842738176,9.311803100700146,0.034829339117023385,0.08978466137979568,1.2560608401177487,2.0524643643728786,No,No,No,No,,,,data/4cys-large/output/xyz_files/7fav_ZN_homo_d2.60_cluster2.xyz,1.64
7gqu,1,homo,1,ZN,ZN,A,1000,,ZN,,1.0,4,TD,4S,7.532916149629802,9.694301837646933,0.025811292723860863,0.06670415173171751,1.2241651149016064,1.7016020681145265,No,No,No,No,,,,data/4cys-large/output/xyz_files/7gqu_ZN_homo_d2.60_cluster1.xyz,1.54
7jit,1,homo,1,ZN,ZN,A,502,,ZN,,1.0,4,TD_d,4S,14.856376221192049,26.16075710107512,0.16565843310424008,0.44393454268962396,1.2298347248838002,2.050714171889896,No,No,Yes,No,,,,data/4cys-large/output/xyz_files/7jit_ZN_homo_d2.60_cluster1.xyz,1.95
7jn2,1,homo,1,ZN,ZN,A,502,,ZN,,1.0,4,TD,4S,8.236932818747077,13.788243643218124,0.08368585704315361,0.20408746563799074,1.2079880583078235,1.8568819965988888,No,No,No,No,,,,data/4cys-large/output/xyz_files/7jn2_ZN_homo_d2.60_cluster1.xyz,1.93
7jqa,2,homo,1,ZN,ZN,A,402,,ZN,,1.0,4,TD,4S,5.8932755596893465,8.696365924873632,0.034009119300960206,0.09454999962683175,1.1974228631955057,1.4877406919975193,No,No,No,No,,,,data/4cys-large/output/xyz_files/7jqa_ZN_homo_d2.60_cluster2.xyz,1.53
7jqa,4,homo,1,ZN,ZN,B,402,,ZN,,1.0,4,TD,4S,6.463240131668379,11.389608542001056,0.0315772935050445,0.08127610809467134,1.2051250988633226,1.4434832568738922,No,No,No,No,,,,data/4cys-large/output/xyz_files/7jqa_ZN_homo_d2.60_cluster4.xyz,1.53
7jqa,6,homo,1,ZN,ZN,C,402,,ZN,,1.0,4,TD,4S,6.294441795410945,9.056831872830045,0.017816834457279794,0.04592955889641814,1.201044985808696,1.4076580946338682,No,No,No,No,,,,data/4cys-large/output/xyz_files/7jqa_ZN_homo_d2.60_cluster6.xyz,1.53
7jqa,8,homo,1,ZN,ZN,D,402,,ZN,,1.0,4,TD,4S,7.176466642782367,12.884698302498592,0.053208398759259035,0.1346175625939936,1.1727337932706285,1.4628304396181102,No,No,No,No,,,,data/4cys-large/output/xyz_files/7jqa_ZN_homo_d2.60_cluster8.xyz,1.53
7k35,2,homo,1,ZN,ZN,A,402,,ZN,,1.0,4,TD,4S,6.519453465670883,9.914241253588145,0.008686244534630794,0.02074657338852548,1.1893335198467543,1.4173041201360297,No,No,No,No,,,,data/4cys-large/output/xyz_files/7k35_ZN_homo_d2.60_cluster2.xyz,1.20
7k35,4,homo,1,ZN,ZN,B,402,,ZN,,0.96,4,TD,4S,5.885191973943691,9.939992710328852,0.011926410343320525,0.030235268629415835,1.2242855909563213,1.3983774341233384,No,No,No,No,,,,data/4cys-large/output/xyz_files/7k35_ZN_homo_d2.60_cluster4.xyz,1.20
7k35,6,homo,1,ZN,ZN,C,402,,ZN,,1.0,4,TD,4S,6.698658931883902,11.113226922472165,0.033024393309498155,0.07776151216531302,1.1979056558388397,1.4407691186975244,No,No,No,No,,,,data/4cys-large/output/xyz_files/7k35_ZN_homo_d2.60_cluster6.xyz,1.20
7k35,8,homo,1,ZN,ZN,D,402,,ZN,,1.0,4,TD,4S,6.2402195119248525,9.678706759607238,0.012180372534151298,0.030371554136702006,1.2077958223418166,1.4088167299833352,No,No,No,No,,,,data/4cys-large/output/xyz_files/7k35_ZN_homo_d2.60_cluster8.xyz,1.20
7kok,1,homo,1,ZN,ZN,A,502,,ZN,,1.0,4,TD_d,4S,22.07702266082969,33.94098900032432,0.16707816390005437,0.42867690938404834,1.1671836658480585,1.8982222860383358,No,No,Yes,No,,,,data/4cys-large/output/xyz_files/7kok_ZN_homo_d2.60_cluster1.xyz,2.00
7l6t,2,homo,1,ZN,ZN,B,4402,,ZN,,1.0,4,TD,4S,8.177552927736443,14.981312966641582,0.007142892511602841,0.018024745981863877,1.2314791754299366,1.9823195557427127,No,No,No,No,,,,data/4cys-large/output/xyz_files/7l6t_ZN_homo_d2.60_cluster2.xyz,1.78
7lzd,1,homo,1,ZN,ZN,A,1801,,ZN,,1.0,4,TD,4S,2.999152455851744,6.289174507037714,0.03522755011814031,0.09697844523575183,1.2965119595282786,1.8147744165235749,No,No,No,No,,,,data/4cys-large/output/xyz_files/7lzd_ZN_homo_d2.60_cluster1.xyz,1.80
7lzd,2,homo,1,ZN,ZN,A,1802,,ZN,,1.0,4,TD,4S,8.16020390563216,12.71768586821878,0.005812695549031485,0.01556140583705412,1.2236685977983999,1.7278094258936223,No,No,No,No,,,,data/4cys-large/output/xyz_files/7lzd_ZN_homo_d2.60_cluster2.xyz,1.80
7lzd,3,homo,1,ZN,ZN,A,1803,,ZN,,1.0,4,TD,4S,4.001166575458646,7.529477648527049,0.002615262099664233,0.006251765348641136,1.2644835356306858,1.4384879409246334,No,No,No,No,,,,data/4cys-large/output/xyz_files/7lzd_ZN_homo_d2.60_cluster3.xyz,1.80
7m10,1,homo,1,ZN,ZN,A,101,,ZN,,1.0,4,TD,4S,4.748975750953493,8.411139130397288,0.010951129830668526,0.02873361739750413,1.2798789932419843,1.5908641489004192,No,No,No,No,,,,data/4cys-large/output/xyz_files/7m10_ZN_homo_d2.60_cluster1.xyz,1.15
7m56,1,homo,1,ZN,ZN,A,508,,ZN,,1.0,4,TD,4S,5.6126983755050315,12.187534961694865,0.013104274802144213,0.030065178480720434,1.2970766923520105,1.6199358135931519,No,No,No,No,,,,data/4cys-large/output/xyz_files/7m56_ZN_homo_d2.60_cluster1.xyz,1.96
7mc5,4,homo,1,ZN,ZN,M,203,,ZN,,1.0,4,TD,4S,2.49343330913732,4.7730972081694745,0.016711327110413243,0.04628473781406495,1.3059411494721243,1.6660927100134064,No,No,No,No,,,,data/4cys-large/output/xyz_files/7mc5_ZN_homo_d2.60_cluster4.xyz,1.64
7mk1,1,homo,1,ZN,ZN,A,1001,,ZN,,1.0,4,TD,4S,4.4017229873176635,6.881681192802191,0.05455386347888508,0.14158753123642853,1.2596228834566852,2.0130425028491463,No,No,No,No,,,,data/4cys-large/output/xyz_files/7mk1_ZN_homo_d2.60_cluster1.xyz,1.90
7mk1,2,homo,1,ZN,ZN,B,1001,,ZN,,1.0,4,TD,4S,6.675052027885457,12.707512319643882,0.10039405393910789,0.2511521955000302,1.1939857823695248,1.7889141175034853,No,No,No,No,,,,data/4cys-large/output/xyz_files/7mk1_ZN_homo_d2.60_cluster2.xyz,1.90
7mnr,1,homo,1,ZN,ZN,B,1601,,ZN,,1.0,4,TD,4S,5.634316560295979,7.651581841400713,0.021294933740335493,0.059192504835964055,1.2987277078570745,1.6465979412179594,No,No,No,No,,,,data/4cys-large/output/xyz_files/7mnr_ZN_homo_d2.60_cluster1.xyz,1.80
7mnu,1,homo,1,ZN,ZN,B,1801,,ZN,,1.0,4,TD,4S,7.237121530721883,11.018191830083254,0.02719410089273322,0.06998667806687031,1.2683970438794365,1.8646935100842366,No,No,No,No,,,,data/4cys-large/output/xyz_files/7mnu_ZN_homo_d2.60_cluster1.xyz,2.00
7mnv,1,homo,1,ZN,ZN,B,1901,,ZN,,1.0,4,TD,4S,6.7065059844057595,10.452792769010372,0.046094584000804996,0.1285391605725663,1.2603329771886294,1.6477666895452114,No,No,No,No,,,,data/4cys-large/output/xyz_files/7mnv_ZN_homo_d2.60_cluster1.xyz,1.80
7mo1,1,homo,1,ZN,ZN,B,701,,ZN,,1.0,4,TD,4S,6.720580085026274,9.79992854239569,0.0157431666564352,0.042115345578487506,1.250533868720278,1.90849921717579,No,No,No,No,,ALTLOC,,data/4cys-large/output/xyz_files/7mo1_ZN_homo_d2.60_cluster1_altlocLIGA.xyz,1.60
7mo1,1,homo,1,ZN,ZN,B,701,,ZN,,1.0,4,TD,4S,6.720580085026274,9.79992854239569,0.0157431666564352,0.042115345578487506,1.250533868720278,1.90849921717579,No,No,No,No,,ALTLOC,,data/4cys-large/output/xyz_files/7mo1_ZN_homo_d2.60_cluster1_altlocLIGB.xyz,1.60
7mo2,1,homo,1,ZN,ZN,B,801,,ZN,,1.0,4,TD,4S,6.656484286183614,11.109141394941986,0.07361919406487843,0.17988919350599142,1.2482297613350712,1.5983756308390478,No,No,No,No,,,,data/4cys-large/output/xyz_files/7mo2_ZN_homo_d2.60_cluster1.xyz,1.65
7mo2,2,homo,1,ZN,ZN,D,801,,ZN,,1.0,4,TD,4S,5.833790448874579,9.449440775190567,0.06314672973053394,0.16289174863111144,1.2360397893418624,1.6870191466682285,No,No,No,No,,,,data/4cys-large/output/xyz_files/7mo2_ZN_homo_d2.60_cluster2.xyz,1.65
7mo5,1,homo,1,ZN,ZN,B,901,,ZN,,1.0,4,TD,4S,6.344576722524644,8.914875199130336,0.04033542598684672,0.09376249988212448,1.2586254354172006,1.6648876174784883,No,No,No,No,,,,data/4cys-large/output/xyz_files/7mo5_ZN_homo_d2.60_cluster1.xyz,1.55
7nu0,1,homo,1,ZN,ZN,A,1006,,ZN,,1.0,4,TD,4S,3.360222891034821,5.490716938992946,0.07211286579215165,0.19681245023255478,1.2613064518585997,1.9484138704358411,No,No,No,No,,,,data/4cys-large/output/xyz_files/7nu0_ZN_homo_d2.60_cluster1.xyz,1.89
7o2a,1,homo,1,ZN,ZN,A,1003,,ZN,,1.0,4,TD,4S,5.315410166607929,7.096860675586356,0.0500315300194185,0.1336347301304861,1.2690036952386945,1.371068046696606,No,No,No,No,,,,data/4cys-large/output/xyz_files/7o2a_ZN_homo_d2.60_cluster1.xyz,1.57
7o2a,3,homo,1,ZN,ZN,A,1005,,ZN,,1.0,4,TD,4S,3.855879650193134,7.439034641339816,0.032156765292717486,0.0886312669236502,1.2435670676154607,1.622439705753943,No,No,No,No,,,,data/4cys-large/output/xyz_files/7o2a_ZN_homo_d2.60_cluster3.xyz,1.57
7o2c,1,homo,1,ZN,ZN,A,503,,ZN,,1.0,4,TD,4S,5.489028330303101,8.997523277298143,0.04146000114815688,0.11463137539743462,1.2627497706343853,1.4226769596108033,No,No,No,No,,,,data/4cys-large/output/xyz_files/7o2c_ZN_homo_d2.60_cluster1.xyz,1.52
7o2c,2,homo,1,ZN,ZN,A,504,,ZN,,1.0,4,TD,4S,4.4364322457981755,7.902251579633571,0.05096168115071106,0.1319572014233712,1.2274811167884256,1.685615905291237,No,No,No,No,,,,data/4cys-large/output/xyz_files/7o2c_ZN_homo_d2.60_cluster2.xyz,1.52
7ofs,1,homo,1,ZN,ZN,A,401,,ZN,,0.76,4,TD,4S,4.408958051043379,7.820025492055109,0.10192126300529585,0.278423005983397,1.2807007048314563,1.8873088007827488,No,No,No,No,,,,data/4cys-large/output/xyz_files/7ofs_ZN_homo_d2.60_cluster1.xyz,1.90
7oft,1,homo,1,ZN,ZN,A,401,,ZN,,1.0,4,TD,4S,5.163315210673261,9.8292466007059,0.07193532313842782,0.20224108538498298,1.27547933553156,1.5899207237523252,No,No,No,No,,,,data/4cys-large/output/xyz_files/7oft_ZN_homo_d2.60_cluster1.xyz,1.95
7orr,2,homo,1,ZN,ZN,A,202,,ZN,,1.0,4,TD_d,4S,2.890545714361957,4.6042080011028474,0.22209151228169702,0.5781047130050845,1.1938496208718494,2.0433812360132784,No,No,Yes,No,,,,data/4cys-large/output/xyz_files/7orr_ZN_homo_d2.60_cluster2.xyz,1.79
7oru,2,homo,1,ZN,ZN,A,202,,ZN,,1.0,4,TD,4S,5.412340081461314,10.374634046428952,0.09575819981127623,0.23849809316526205,1.1988657873277608,2.0267843446533242,No,No,No,No,,,,data/4cys-large/output/xyz_files/7oru_ZN_homo_d2.60_cluster2.xyz,1.67
7orv,2,homo,1,ZN,ZN,A,202,,ZN,,1.0,4,TD_d,4S,7.622642225765759,16.16020676726434,0.20163543858529545,0.4949186500581768,1.2055018212852642,1.672698564666314,No,No,Yes,No,,,,data/4cys-large/output/xyz_files/7orv_ZN_homo_d2.60_cluster2.xyz,1.95
7orw,2,homo,1,ZN,ZN,A,202,,ZN,,1.0,4,TD_d,4S,3.852783898226651,7.783264254246845,0.15820718768775313,0.3996721262268439,1.247320344190492,1.6093788638718989,No,No,Yes,No,,,,data/4cys-large/output/xyz_files/7orw_ZN_homo_d2.60_cluster2.xyz,1.95
7oxd,1,homo,1,ZN,ZN,A,201,,ZN,,1.0,4,TD,4S,3.9861028089331927,6.873435569464462,0.018493610033905296,0.050847476467998476,1.2800401373226291,1.9758345282513425,No,No,No,No,,,,data/4cys-large/output/xyz_files/7oxd_ZN_homo_d2.60_cluster1.xyz,1.30
7p99,1,homo,1,ZN,ZN,A,601,,ZN,,1.0,4,TD,4S,3.4828376095880906,4.447284188793034,0.05333778944766479,0.14749383595618193,1.2723267175842519,1.4205534761966774,No,No,No,No,,,,data/4cys-large/output/xyz_files/7p99_ZN_homo_d2.60_cluster1.xyz,1.80
7pjk,1,homo,1,ZN,ZN,A,201,,ZN,,1.0,4,TD,4S,4.172645750745524,7.904135173226919,0.011749344487445709,0.03074930788617669,1.2727901788505473,2.0011645116840766,No,No,No,No,,,,data/4cys-large/output/xyz_files/7pjk_ZN_homo_d2.60_cluster1.xyz,1.99
7pjk,2,homo,1,ZN,ZN,B,201,,ZN,,1.0,4,TD,4S,5.3036283919811025,8.629890336028907,0.010311611433938692,0.026779175010417156,1.2755267475749574,1.7681945823766834,No,No,No,No,,,,data/4cys-large/output/xyz_files/7pjk_ZN_homo_d2.60_cluster2.xyz,1.99
7pjk,3,homo,1,ZN,ZN,C,201,,ZN,,1.0,4,TD,4S,4.69674001462024,7.788475902851232,0.0064717452274394216,0.016785502802000973,1.2700913441481183,2.0401465904082396,No,No,No,No,,,,data/4cys-large/output/xyz_files/7pjk_ZN_homo_d2.60_cluster3.xyz,1.99
7po9,1,homo,1,ZN,ZN,A,101,,ZN,,1.0,4,TD,4S,6.544207921915766,10.900073668838871,0.07158302990827761,0.20195114920718193,1.1870054186273842,1.3111169920698358,No,No,No,No,,,,data/4cys-large/output/xyz_files/7po9_ZN_homo_d2.60_cluster1.xyz,1.90
7po9,2,homo,1,ZN,ZN,B,101,,ZN,,1.0,4,TD,4S,9.96454665928906,18.438295811729688,0.02793371004634649,0.0787324968600358,1.1153835578570042,1.4925227931505738,No,No,No,No,,,,data/4cys-large/output/xyz_files/7po9_ZN_homo_d2.60_cluster2.xyz,1.90
7pok,1,homo,1,ZN,ZN,A,201,,ZN,,1.0,4,TD,4S,3.5020926312846226,5.744383813660335,0.07320908032913943,0.19438737774333914,1.2441933053515826,1.7360829420263786,No,No,No,No,,,,data/4cys-large/output/xyz_files/7pok_ZN_homo_d2.60_cluster1.xyz,1.80
7pok,2,homo,1,ZN,ZN,B,201,,ZN,,1.0,4,TD,4S,3.346386158140414,5.783405881454826,0.019100255952103774,0.04992118342171503,1.2788558099902003,1.893155466638526,No,No,No,No,,,,data/4cys-large/output/xyz_files/7pok_ZN_homo_d2.60_cluster2.xyz,1.80
7pok,3,homo,1,ZN,ZN,C,201,,ZN,,1.0,4,TD,4S,4.480639044981112,7.199385795264675,0.07565268902287076,0.21312491093929253,1.2124925587768922,1.6036605429128763,No,No,No,No,,,,data/4cys-large/output/xyz_files/7pok_ZN_homo_d2.60_cluster3.xyz,1.80
7pok,4,homo,1,ZN,ZN,D,201,,ZN,,1.0,4,TD,4S,4.593621728941044,7.893496316418506,0.08380357377716482,0.21541080853856087,1.2726396787700014,1.4520414178121694,No,No,No,No,,,,data/4cys-large/output/xyz_files/7pok_ZN_homo_d2.60_cluster4.xyz,1.80
7ps9,1,homo,1,ZN,ZN,A,201,,ZN,,1.0,4,TD,4S,4.619117202981244,9.782199906939624,0.023521855794824197,0.06472524159062676,1.26023148627177,1.7853765699518651,No,No,No,No,,,,data/4cys-large/output/xyz_files/7ps9_ZN_homo_d2.60_cluster1.xyz,1.80
7ps9,2,homo,1,ZN,ZN,B,201,,ZN,,1.0,4,TD,4S,5.28584886836895,9.307919355928078,0.038997354150287274,0.10749725036222602,1.2578399999090462,1.8326467183035757,No,No,No,No,,,,data/4cys-large/output/xyz_files/7ps9_ZN_homo_d2.60_cluster2.xyz,1.80
7ps9,3,homo,1,ZN,ZN,C,201,,ZN,,1.0,4,TD,4S,3.8655207109886107,5.820068184400569,0.007695862373443656,0.018866723204130853,1.2641773391691187,1.4801169942466972,No,No,No,No,,,,data/4cys-large/output/xyz_files/7ps9_ZN_homo_d2.60_cluster3.xyz,1.80
7pso,1,homo,1,ZN,ZN,A,201,,ZN,,1.0,4,TD,4S,4.592694318107044,9.365637664163671,0.027442668933172678,0.06858868318875944,1.2575437986955902,1.7498320249680086,No,No,No,No,,,,data/4cys-large/output/xyz_files/7pso_ZN_homo_d2.60_cluster1.xyz,1.52
7pso,2,homo,1,ZN,ZN,B,201,,ZN,,1.0,4,TD,4S,4.149960091834947,6.222093483103777,0.039732267524378924,0.09423262992666626,1.2797329625435792,1.3050132418678257,No,No,No,No,,,,data/4cys-large/output/xyz_files/7pso_ZN_homo_d2.60_cluster2.xyz,1.52
7pso,3,homo,1,ZN,ZN,C,201,,ZN,,1.0,4,TD,4S,3.9928927511715266,7.160011820661197,0.023480769516543633,0.06581064662476344,1.2562650155925656,1.4967095456141881,No,No,No,No,,,,data/4cys-large/output/xyz_files/7pso_ZN_homo_d2.60_cluster3.xyz,1.52
7pxp,1,homo,1,ZN,ZN,A,201,,ZN,,1.0,4,TD,4S,6.22017936395121,10.962672044782522,0.09417788163287642,0.2500405332628288,1.251626687805672,1.6703448380172168,No,No,No,No,,,,data/4cys-large/output/xyz_files/7pxp_ZN_homo_d2.60_cluster1.xyz,2.00
7pxp,2,homo,1,ZN,ZN,B,201,,ZN,,1.0,4,TD,4S,6.4037353057749336,9.106996430176167,0.005719156226884772,0.013180241177844554,1.2676456758833066,1.5269889498347846,No,No,No,No,,,,data/4cys-large/output/xyz_files/7pxp_ZN_homo_d2.60_cluster2.xyz,2.00
7pxp,3,homo,1,ZN,ZN,E,201,,ZN,,1.0,4,TD,4S,5.969711872996773,10.586774068342748,0.0842686293415966,0.21992124776761868,1.2811059219733876,1.4184163641899268,No,No,No,No,,,,data/4cys-large/output/xyz_files/7pxp_ZN_homo_d2.60_cluster3.xyz,2.00
7pxp,4,homo,1,ZN,ZN,F,201,,ZN,,1.0,4,TD,4S,7.8845361169738615,11.86690962617881,0.10878477820984779,0.3056824535947773,1.2650740745466593,1.562331952315273,No,No,No,No,,,,data/4cys-large/output/xyz_files/7pxp_ZN_homo_d2.60_cluster4.xyz,2.00
7pyt,1,homo,1,ZN,ZN,A,201,,ZN,,1.0,4,TD,4S,6.758290851454363,11.785857770904087,0.10454575583102499,0.2580263841426871,1.1888471672358922,1.7643116996182777,No,No,No,No,,,,data/4cys-large/output/xyz_files/7pyt_ZN_homo_d2.60_cluster1.xyz,1.70
7pyt,2,homo,1,ZN,ZN,C,201,,ZN,,1.0,4,TD,4S,5.842166020035544,8.669494897443002,0.0253395365888862,0.07160879056258374,1.2619721871572722,1.7309630464471992,No,No,No,No,,,,data/4cys-large/output/xyz_files/7pyt_ZN_homo_d2.60_cluster2.xyz,1.70
7qcg,1,homo,1,ZN,ZN,A,404,,ZN,,1.0,4,TD,4S,8.06351204633823,15.301391453835564,0.05572716707444617,0.15706012201055275,1.239005684513247,1.5352245073238318,No,No,No,No,,,,data/4cys-large/output/xyz_files/7qcg_ZN_homo_d2.60_cluster1.xyz,1.75
7qch,1,homo,1,ZN,ZN,A,404,,ZN,,1.0,4,TD_d,4S,21.924342620290293,35.30347131383209,0.17906735054194856,0.4889036094707464,0.9601522637834423,1.4162580373877756,No,No,Yes,No,,,,data/4cys-large/output/xyz_files/7qch_ZN_homo_d2.60_cluster1.xyz,1.88
7qci,1,homo,1,ZN,ZN,A,404,,ZN,,1.0,4,TD,4S,5.681065786219883,10.47492126341426,0.039481328568606915,0.10286536503508881,1.2306749847477847,1.6996718551993835,No,No,No,No,,,,data/4cys-large/output/xyz_files/7qci_ZN_homo_d2.60_cluster1.xyz,1.76
7qcj,1,homo,1,ZN,ZN,A,407,,ZN,,1.0,4,TD,4S,4.994820484124891,7.252511662569262,0.04061613871156603,0.10675401751872915,1.2564766071079876,1.7547124020888607,No,No,No,No,,,,data/4cys-large/output/xyz_files/7qcj_ZN_homo_d2.60_cluster1.xyz,1.84
7qck,1,homo,1,ZN,ZN,A,405,,ZN,,1.0,4,TD_d,4S,8.70223247524682,15.150404878550333,0.162539530134409,0.4511709984293981,1.2846754569557837,1.9206796547931189,No,No,Yes,No,,,,data/4cys-large/output/xyz_files/7qck_ZN_homo_d2.60_cluster1.xyz,1.92
7qcm,1,homo,1,ZN,ZN,A,407,,ZN,,1.0,4,TD_d,4S,6.689912924585045,10.020790128134806,0.15743461941038392,0.41599148228128957,1.2886626923671713,1.5687654595285998,No,No,Yes,No,,,,data/4cys-large/output/xyz_files/7qcm_ZN_homo_d2.60_cluster1.xyz,1.77
7qlb,1,homo,1,ZN,ZN,A,501,,ZN,,1.0,4,TD,4S,4.695130936099658,8.582742139140521,0.01501148278230896,0.041944784564660775,1.2693282489484092,1.8490111332354364,No,No,No,No,,,,data/4cys-large/output/xyz_files/7qlb_ZN_homo_d2.60_cluster1.xyz,1.80
7qlb,2,homo,1,ZN,ZN,A,502,,ZN,,1.0,4,TD,4S,4.439888050777407,7.568272500412576,0.05659043069303332,0.1556907323712733,1.2379690888270558,1.5559409918505858,No,No,No,No,,,,data/4cys-large/output/xyz_files/7qlb_ZN_homo_d2.60_cluster2.xyz,1.80
7qnr,1,homo,1,ZN,ZN,A,502,,ZN,,1.0,4,TD,4S,4.933036343690512,7.825876150825991,0.05856369449693786,0.14760739313143167,1.2677820922244691,1.5654835321917302,No,No,No,No,,,,data/4cys-large/output/xyz_files/7qnr_ZN_homo_d2.60_cluster1.xyz,1.57
7qnr,2,homo,1,ZN,ZN,A,503,,ZN,,1.0,4,TD,4S,5.2384083960836945,8.89316533777263,0.05004989603914542,0.12428165802241287,1.2336963143933883,1.8061923757601681,No,No,No,No,,,,data/4cys-large/output/xyz_files/7qnr_ZN_homo_d2.60_cluster2.xyz,1.57
7qnu,1,homo,1,ZN,ZN,A,502,,ZN,,1.0,4,TD,4S,5.503045525548276,9.645647207862893,0.04353808068838419,0.10253609872659863,1.2330238278717478,1.9895540356281929,No,No,No,No,,,,data/4cys-large/output/xyz_files/7qnu_ZN_homo_d2.60_cluster1.xyz,1.64
7qnu,2,homo,1,ZN,ZN,A,503,,ZN,,1.0,4,TD,4S,5.662183023375116,8.783467443715153,0.06024490615864709,0.16474397641578564,1.190047593069456,1.6412985613079805,No,No,No,No,,,,data/4cys-large/output/xyz_files/7qnu_ZN_homo_d2.60_cluster2.xyz,1.64
7qul,1,homo,1,ZN,ZN,A,403,,ZN,,1.0,4,TD,4S,6.050352839963375,9.057646524783877,0.04312064075755233,0.1147117202960306,1.1961192816451605,1.3743096624171778,No,No,No,No,,,,data/4cys-large/output/xyz_files/7qul_ZN_homo_d2.60_cluster1.xyz,1.80
7r2g,1,homo,1,ZN,ZN,A,1001,,ZN,,1.0,5,TBP_d,1O4S,27.246948031408845,51.04328146863765,0.07540250465555362,0.21309733746263415,1.1760679085912933,1.846832645933301,No,No,Yes,No,,,,data/4cys-large/output/xyz_files/7r2g_ZN_homo_d2.60_cluster1.xyz,1.98
7r2g,2,homo,1,ZN,ZN,B,1001,,ZN,,0.33,4,TD,4S,4.209122709378917,7.330987301445035,0.01787736776268374,0.044696062105552326,1.2433443597112326,1.5470404469953483,No,No,No,No,,,,data/4cys-large/output/xyz_files/7r2g_ZN_homo_d2.60_cluster2.xyz,1.98
7rbr,1,homo,1,ZN,ZN,A,501,,ZN,,1.0,4,TD,4S,4.755944825560508,9.398152249712297,0.06712553122585867,0.17096803096350222,1.2394171908256029,1.3050232754617896,No,No,No,No,,,,data/4cys-large/output/xyz_files/7rbr_ZN_homo_d2.60_cluster1.xyz,1.88
7rm6,2,homo,1,ZN,ZN,A,402,,ZN,,1.0,4,TD,4S,5.704785765955783,9.932273533913971,0.01698731602883825,0.042829122587529245,1.2115278859993994,1.4533716313213905,No,No,No,No,,,,data/4cys-large/output/xyz_files/7rm6_ZN_homo_d2.60_cluster2.xyz,1.43
7rm6,4,homo,1,ZN,ZN,B,402,,ZN,,1.0,4,TD,4S,5.479972569291266,9.03437044664632,0.030175600743226505,0.08033832198838287,1.2112961608853239,1.482574591760614,No,No,No,No,,,,data/4cys-large/output/xyz_files/7rm6_ZN_homo_d2.60_cluster4.xyz,1.43
7s3x,1,homo,1,ZN,ZN,A,805,,ZN,,1.0,4,TD,4S,4.935179567593226,6.731255494545863,0.03505697303218275,0.09136835340260108,1.310152590418317,1.758362647699301,No,No,No,No,,,,data/4cys-large/output/xyz_files/7s3x_ZN_homo_d2.60_cluster1.xyz,1.95
7s3z,1,homo,1,ZN,ZN,A,805,,ZN,,1.0,4,TD,4S,6.924162804870808,10.070880964595915,0.012037103300447749,0.03316467813985957,1.2619397836292503,1.7162681870053644,No,No,No,No,,,,data/4cys-large/output/xyz_files/7s3z_ZN_homo_d2.60_cluster1.xyz,1.73
7s40,1,homo,1,ZN,ZN,A,805,,ZN,,1.0,4,TD,4S,7.680707314493679,10.937343181665582,0.03460942316092363,0.08427269123922487,1.2427215222211727,1.7422278549873096,No,No,No,No,,,,data/4cys-large/output/xyz_files/7s40_ZN_homo_d2.60_cluster1.xyz,1.80
7sgu,1,homo,1,ZN,ZN,A,502,,ZN,,1.0,4,TD,4S,4.414174612211662,7.507399398981946,0.05571429797146595,0.14581320055824998,1.2554597932818854,1.9683732937105958,No,No,No,No,,,,data/4cys-large/output/xyz_files/7sgu_ZN_homo_d2.60_cluster1.xyz,1.79
7sgw,1,homo,1,ZN,ZN,A,502,,ZN,,0.75,4,TD_d,4S,7.385456866975255,12.647463762427748,0.195333186076124,0.5369175010629528,1.3165638213257462,1.4673877145626828,No,No,Yes,No,,,,data/4cys-large/output/xyz_files/7sgw_ZN_homo_d2.60_cluster1.xyz,1.95
7shh,1,homo,1,ZN,ZN,A,201,,ZN,,1.0,4,TD,4S,4.152495421534368,8.204357685853182,0.021948619621425507,0.059283246034157244,1.2680937391743177,1.8941651600311387,No,No,No,No,,,,data/4cys-large/output/xyz_files/7shh_ZN_homo_d2.60_cluster1.xyz,1.90
7shh,2,homo,1,ZN,ZN,B,201,,ZN,,1.0,4,TD,4S,4.871691561988691,7.262121053944114,0.030288153182610602,0.06675563081158042,1.2667314508619574,1.5528867705668965,No,No,No,No,,,,data/4cys-large/output/xyz_files/7shh_ZN_homo_d2.60_cluster2.xyz,1.90
7shh,3,homo,1,ZN,ZN,C,201,,ZN,,1.0,4,TD,4S,5.262984403311749,9.029334925250865,0.0256258799839534,0.0626452817211991,1.241179654821291,1.5683812735299418,No,No,No,No,,,,data/4cys-large/output/xyz_files/7shh_ZN_homo_d2.60_cluster3.xyz,1.90
7sqe,1,homo,1,ZN,ZN,A,502,,ZN,,1.0,4,TD,4S,3.217719620865419,5.31798333776473,0.0576691434143144,0.1271939085720062,1.3198240554183394,2.175561131252702,No,No,No,No,,,,data/4cys-large/output/xyz_files/7sqe_ZN_homo_d2.60_cluster1.xyz,2.00
7sqe,2,homo,1,ZN,ZN,B,502,,ZN,,1.0,4,TD,4S,11.23032087623406,21.007449854211046,0.015512880720257584,0.039570904264834006,1.1915597969788645,2.0283080909023483,No,No,No,No,,,,data/4cys-large/output/xyz_files/7sqe_ZN_homo_d2.60_cluster2.xyz,2.00
7sqe,3,homo,1,ZN,ZN,C,502,,ZN,,1.0,4,TD,4S,6.286576100972329,11.960884043721265,0.019314985587799104,0.047249941408086915,1.2433238654005283,1.719891091030275,No,No,No,No,,,,data/4cys-large/output/xyz_files/7sqe_ZN_homo_d2.60_cluster3.xyz,2.00
7t1d,1,homo,1,ZN,ZN,A,1001,,ZN,,1.0,4,TD,4S,7.391366184348364,15.400035994336505,0.014567412044101958,0.03770012175766713,1.1977394166806699,1.718683749412941,No,No,No,No,,,,data/4cys-large/output/xyz_files/7t1d_ZN_homo_d2.60_cluster1.xyz,1.75
7t1d,2,homo,1,ZN,ZN,B,1001,,ZN,,1.0,4,TD,4S,6.840394239658503,13.668569213841081,0.02222346653215828,0.06249952657736735,1.2053068495716293,1.8185188456915806,No,No,No,No,,,,data/4cys-large/output/xyz_files/7t1d_ZN_homo_d2.60_cluster2.xyz,1.75
7t9x,1,homo,1,ZN,ZN,A,101,,ZN,L,0.75,4,TD,4S,2.159517456754013,3.026242980720099,0.015005116583052258,0.04038063578095619,1.3179467457326857,1.6945265456460024,No,No,No,No,,ALTLOC,,data/4cys-large/output/xyz_files/7t9x_ZN_homo_d2.60_cluster1_altlocZnL.xyz,1.52
7t9x,2,homo,1,ZN,ZN,B,101,,ZN,L,0.8,4,TD,4S,3.7670535245648122,6.272382755615737,0.04152859743826957,0.11021103014330835,1.3006004055883464,1.8262701602883176,No,No,No,No,,ALTLOC,,data/4cys-large/output/xyz_files/7t9x_ZN_homo_d2.60_cluster2_altlocZnL.xyz,1.52
7thu,1,homo,1,ZN,ZN,F,703,,ZN,,1.0,4,TD,4S,3.1994339458190564,6.820660041754564,0.04082195272026014,0.09914496957716157,1.2811872853013102,1.7471208300794814,No,No,No,No,,,,data/4cys-large/output/xyz_files/7thu_ZN_homo_d2.60_cluster1.xyz,1.93
7thu,2,homo,1,ZN,ZN,S,2202,,ZN,,1.0,4,TD,4S,3.672201999800746,6.3378100383717,0.040498560256100116,0.10515898162436033,1.266614518799466,1.6864949874009536,No,No,No,No,,,,data/4cys-large/output/xyz_files/7thu_ZN_homo_d2.60_cluster2.xyz,1.93
7tie,1,homo,1,ZN,ZN,F,703,,ZN,,1.0,4,TD,4S,3.725123408862417,8.080651150530784,0.03290063049730674,0.08163305653449004,1.2763538452947425,1.5576415755499164,No,No,No,No,,,,data/4cys-large/output/xyz_files/7tie_ZN_homo_d2.60_cluster1.xyz,1.90
7tie,2,homo,1,ZN,ZN,S,101,,ZN,,1.0,4,TD,4S,3.744544617506093,6.582817320366871,0.021266505647868306,0.054516419703921404,1.2798283458623014,1.5659555027889576,No,No,No,No,,,,data/4cys-large/output/xyz_files/7tie_ZN_homo_d2.60_cluster2.xyz,1.90
7ts2,1,homo,1,ZN,ZN,A,805,,ZN,,1.0,4,TD,4S,6.412870420100579,9.391632045906803,0.02601911275767708,0.07274511226593283,1.2445859946019295,1.7701532107344518,No,No,No,No,,,,data/4cys-large/output/xyz_files/7ts2_ZN_homo_d2.60_cluster1.xyz,1.98
7ts2,2,homo,1,ZN,ZN,C,806,,ZN,,1.0,4,TD,4S,6.2877634100464785,8.174910729498464,0.03994128352561733,0.10221683136902415,1.264467193822471,1.586453246865739,No,No,No,No,,,,data/4cys-large/output/xyz_files/7ts2_ZN_homo_d2.60_cluster2.xyz,1.98
7ts4,1,homo,1,ZN,ZN,A,805,,ZN,,1.0,4,TD,4S,6.1167700695756295,8.963060252497655,0.031504949174644914,0.07312411213469794,1.2304542988572709,1.6578006071658695,No,No,No,No,,,,data/4cys-large/output/xyz_files/7ts4_ZN_homo_d2.60_cluster1.xyz,1.85
7ts4,2,homo,1,ZN,ZN,D,801,,ZN,,1.0,4,TD,4S,6.351619791563141,8.893123564270496,0.022587348322034337,0.05593583694886606,1.232027163050111,1.6543894044350116,No,No,No,No,,,,data/4cys-large/output/xyz_files/7ts4_ZN_homo_d2.60_cluster2.xyz,1.85
7ts5,1,homo,1,ZN,ZN,B,801,,ZN,,1.0,4,TD,4S,8.14146959105443,9.960432138379815,0.05107304036017419,0.13472845364735342,1.194081224618401,1.5839211528109955,No,No,No,No,,,,data/4cys-large/output/xyz_files/7ts5_ZN_homo_d2.60_cluster1.xyz,1.84
7ts5,2,homo,1,ZN,ZN,C,806,,ZN,,1.0,4,TD,4S,7.228546647115647,9.489583269870536,0.027883857127774973,0.07087475670780918,1.239023213770841,1.7377049444254566,No,No,No,No,,,,data/4cys-large/output/xyz_files/7ts5_ZN_homo_d2.60_cluster2.xyz,1.84
7ts6,1,homo,1,ZN,ZN,A,805,,ZN,,1.0,4,TD,4S,7.513836129134627,10.763110205061182,0.06677283364438016,0.18426854541666815,1.2131455834136036,1.8986496350300779,No,No,No,No,,,,data/4cys-large/output/xyz_files/7ts6_ZN_homo_d2.60_cluster1.xyz,1.80
7ts6,2,homo,1,ZN,ZN,D,801,,ZN,,1.0,4,TD,4S,6.867370789182809,7.926986506235053,0.04298259503163765,0.11845357602007756,1.20954502618995,1.65588644228486,No,No,No,No,,,,data/4cys-large/output/xyz_files/7ts6_ZN_homo_d2.60_cluster2.xyz,1.80
7ts7,1,homo,1,ZN,ZN,A,805,,ZN,,1.0,4,TD,4S,7.980575773807399,12.07291595137734,0.05327322038328027,0.14329907592552082,1.2138915361920413,1.856538677699606,No,No,No,No,,,,data/4cys-large/output/xyz_files/7ts7_ZN_homo_d2.60_cluster1.xyz,1.90
7ts7,2,homo,1,ZN,ZN,D,801,,ZN,,1.0,4,TD,4S,5.986627558604087,8.507461655349786,0.016742527315317418,0.044296599578814266,1.2673568995019162,1.7421176528938451,No,No,No,No,,,,data/4cys-large/output/xyz_files/7ts7_ZN_homo_d2.60_cluster2.xyz,1.90
7tsf,1,homo,1,ZN,ZN,A,805,,ZN,,1.0,4,TD,4S,7.630657087956973,11.121219768813717,0.009692120322000902,0.024937495722177072,1.230042067970783,1.633905670703088,No,No,No,No,,,,data/4cys-large/output/xyz_files/7tsf_ZN_homo_d2.60_cluster1.xyz,1.78
7tsg,1,homo,1,ZN,ZN,A,511,,ZN,,1.0,4,TD,4S,6.550016632369549,13.166678034408363,0.028824190659771456,0.07113851128543658,1.3103475077086515,1.7073234087688018,No,No,No,No,,,,data/4cys-large/output/xyz_files/7tsg_ZN_homo_d2.60_cluster1.xyz,1.85
7tsg,2,homo,1,ZN,ZN,C,510,,ZN,,1.0,4,TD,4S,5.467537928913593,10.999437090962005,0.0721848325803883,0.18122699959004018,1.2808165715022428,1.8945585306918666,No,No,No,No,,,,data/4cys-large/output/xyz_files/7tsg_ZN_homo_d2.60_cluster2.xyz,1.85
7tsl,1,homo,1,ZN,ZN,A,511,,ZN,,1.0,4,TD,4S,5.803107837717806,9.35052037210994,0.02469216116672185,0.06966007808629548,1.2799120621085287,1.9904439459401277,No,No,No,No,,,,data/4cys-large/output/xyz_files/7tsl_ZN_homo_d2.60_cluster1.xyz,1.90
7tsl,2,homo,1,ZN,ZN,C,511,,ZN,,1.0,4,TD,4S,5.874315215961137,9.484197586243852,0.06116417082592646,0.1662911996724148,1.291916493026425,2.0993902145872605,No,No,No,No,,,,data/4cys-large/output/xyz_files/7tsl_ZN_homo_d2.60_cluster2.xyz,1.90
7tsm,1,homo,1,ZN,ZN,A,511,,ZN,,1.0,4,TD,4S,5.760149102583807,12.3174381699029,0.04519525664621984,0.1246374172823046,1.2889917338793717,2.0382306230236913,No,No,No,No,,,,data/4cys-large/output/xyz_files/7tsm_ZN_homo_d2.60_cluster1.xyz,1.85
7tsm,2,homo,1,ZN,ZN,C,510,,ZN,,1.0,4,TD,4S,4.939148545537568,10.648189952382268,0.042321718401872016,0.09078980552923,1.3100825529843285,2.077794983961404,No,No,No,No,,,,data/4cys-large/output/xyz_files/7tsm_ZN_homo_d2.60_cluster2.xyz,1.85
7tso,1,homo,1,ZN,ZN,A,511,,ZN,,1.0,4,TD,4S,7.205944819892023,14.600998832640997,0.07577387677308058,0.2125400371117694,1.2829409858707432,2.104867024630804,No,No,No,No,,,,data/4cys-large/output/xyz_files/7tso_ZN_homo_d2.60_cluster1.xyz,2.00
7tso,2,homo,1,ZN,ZN,C,511,,ZN,,1.0,4,TD,4S,5.620202407792102,10.060497761407902,0.08952765039967357,0.2405639874216532,1.2537024336401437,1.8497634161576013,No,No,No,No,,,,data/4cys-large/output/xyz_files/7tso_ZN_homo_d2.60_cluster2.xyz,2.00
7tsp,1,homo,1,ZN,ZN,A,511,,ZN,,1.0,4,TD,4S,10.921396005916042,21.511412880748367,0.08540071469567885,0.17236695261482193,1.1870368759590169,1.921526030411506,No,No,No,No,,,,data/4cys-large/output/xyz_files/7tsp_ZN_homo_d2.60_cluster1.xyz,2.00
7tsp,2,homo,1,ZN,ZN,C,512,,ZN,,1.0,4,TD,4S,5.214890973994339,9.577607849504759,0.09583216519311387,0.25646923906900154,1.2579131245638158,1.8736914000917355,No,No,No,No,,,,data/4cys-large/output/xyz_files/7tsp_ZN_homo_d2.60_cluster2.xyz,2.00
7ua6,2,homo,1,ZN,ZN,A,402,,ZN,,1.0,4,TD,4S,5.940258683035701,9.903525208948778,0.00811281556757081,0.018686106273643865,1.2124276733754586,1.3739730163675992,No,No,No,No,,,,data/4cys-large/output/xyz_files/7ua6_ZN_homo_d2.60_cluster2.xyz,1.10
7ua6,4,homo,1,ZN,ZN,B,402,,ZN,,1.0,4,TD,4S,5.933329978322454,9.912123757400252,0.00913042744190299,0.023227229665296,1.2154446623112216,1.3836977893031888,No,No,No,No,,,,data/4cys-large/output/xyz_files/7ua6_ZN_homo_d2.60_cluster4.xyz,1.10
7uam,1,homo,1,ZN,ZN,A,805,,ZN,,1.0,4,TD,4S,7.172270410804508,8.40065594316249,0.02523931756458541,0.06388852173339021,1.2221724561080634,1.6033814517975065,No,No,No,No,,,,data/4cys-large/output/xyz_files/7uam_ZN_homo_d2.60_cluster1.xyz,1.84
7uam,2,homo,1,ZN,ZN,D,801,,ZN,,1.0,4,TD,4S,7.573174357190319,8.444197891024103,0.023096487611171064,0.06049438552888553,1.2242379339956198,1.610626277622299,No,No,No,No,,,,data/4cys-large/output/xyz_files/7uam_ZN_homo_d2.60_cluster2.xyz,1.84
7uao,1,homo,1,ZN,ZN,A,512,,ZN,,1.0,4,TD,4S,4.223651156160714,8.277683413606255,0.025667983287632406,0.06704960520294012,1.3091451414501398,2.1307000946174885,No,No,No,No,,,,data/4cys-large/output/xyz_files/7uao_ZN_homo_d2.60_cluster1.xyz,1.90
7uao,2,homo,1,ZN,ZN,C,511,,ZN,,1.0,4,TD,4S,5.706265501578489,11.750814511563576,0.047961620557647085,0.12744669717274837,1.2816654844530853,1.667826564825756,No,No,No,No,,,,data/4cys-large/output/xyz_files/7uao_ZN_homo_d2.60_cluster2.xyz,1.90
7uba,1,homo,1,ZN,ZN,A,601,,ZN,,1.0,4,TD,4S,3.935184510954188,5.22442995670194,0.016743120377483645,0.04653491144096389,1.2721344620045933,1.6072778768891771,No,No,No,No,,,,data/4cys-large/output/xyz_files/7uba_ZN_homo_d2.60_cluster1.xyz,1.60
7ubj,1,homo,1,ZN,ZN,A,301,,ZN,,1.0,4,TD,4S,3.633016250606048,4.928249379038519,0.06609830510788857,0.17834848949397797,1.280248056086792,1.8739903017188602,No,No,No,No,,,,data/4cys-large/output/xyz_files/7ubj_ZN_homo_d2.60_cluster1.xyz,1.46
7ubj,2,homo,1,ZN,ZN,B,301,,ZN,,1.0,4,TD,4S,4.0218877741421215,5.607747322395383,0.02997238303952181,0.07892462675375622,1.2646299010111224,1.5558265123254422,No,No,No,No,,,,data/4cys-large/output/xyz_files/7ubj_ZN_homo_d2.60_cluster2.xyz,1.46
7ubk,1,homo,1,ZN,ZN,A,301,,ZN,,1.0,4,TD,4S,3.631480250866024,5.58467336742936,0.02963927120378383,0.07888417256200153,1.2555599566875344,2.0366935673461777,No,No,No,No,,,,data/4cys-large/output/xyz_files/7ubk_ZN_homo_d2.60_cluster1.xyz,1.97
7ubk,2,homo,1,ZN,ZN,B,301,,ZN,,1.0,4,TD,4S,3.889203125456108,5.3632390928158316,0.07621531864731604,0.21026601254268495,1.2431952822658354,1.9536271872425646,No,No,No,No,,,,data/4cys-large/output/xyz_files/7ubk_ZN_homo_d2.60_cluster2.xyz,1.97
7uc9,2,homo,1,ZN,ZN,A,402,,ZN,,1.0,4,TD,4S,5.988849808432961,9.683171766760552,0.00556470893188705,0.014497088780980771,1.2093275648163306,1.4219316909562447,No,No,No,No,,,,data/4cys-large/output/xyz_files/7uc9_ZN_homo_d2.60_cluster2.xyz,1.10
7uc9,4,homo,1,ZN,ZN,B,402,,ZN,,1.0,4,TD,4S,5.670554781936804,9.430403565462399,0.007399941704661979,0.020844409350964543,1.2238346210377047,1.4042148847171867,No,No,No,No,,,,data/4cys-large/output/xyz_files/7uc9_ZN_homo_d2.60_cluster4.xyz,1.10
7uca,2,homo,1,ZN,ZN,A,402,,ZN,,1.0,4,TD,4S,6.04151574998917,10.004304855667655,0.008110761209489984,0.0227287365702864,1.2086234286021404,1.4075977088990883,No,No,No,No,,,,data/4cys-large/output/xyz_files/7uca_ZN_homo_d2.60_cluster2.xyz,1.10
7uca,4,homo,1,ZN,ZN,B,402,,ZN,,1.0,4,TD,4S,5.827767256017375,9.950818101387867,0.008704654768900862,0.022916046892828668,1.2192989771063192,1.388590125612696,No,No,No,No,,,,data/4cys-large/output/xyz_files/7uca_ZN_homo_d2.60_cluster4.xyz,1.10
7ucu,2,homo,1,ZN,ZN,A,402,,ZN,,1.0,4,TD,4S,6.049645327577525,9.993071381229072,0.00919845720585677,0.02448491384363427,1.2097737629242746,1.4016611982783058,No,No,No,No,,,,data/4cys-large/output/xyz_files/7ucu_ZN_homo_d2.60_cluster2.xyz,1.10
7ucu,4,homo,1,ZN,ZN,B,402,,ZN,,1.0,4,TD,4S,5.920700890131629,9.882587914506246,0.00911390646634339,0.02051223532062396,1.215594188841808,1.3673906740713218,No,No,No,No,,,,data/4cys-large/output/xyz_files/7ucu_ZN_homo_d2.60_cluster4.xyz,1.10
7udd,2,homo,1,ZN,ZN,A,402,,ZN,,1.0,4,TD,4S,5.975612716478969,9.643682575565819,0.012159069984373097,0.03230800339099105,1.2106826616885544,1.424732413408331,No,No,No,No,,,,data/4cys-large/output/xyz_files/7udd_ZN_homo_d2.60_cluster2.xyz,1.10
7udd,4,homo,1,ZN,ZN,B,402,,ZN,,1.0,4,TD,4S,5.73690663658658,9.493115192536237,0.008455042666425702,0.0237829062073196,1.21986923252533,1.3987661177128836,No,No,No,No,,,,data/4cys-large/output/xyz_files/7udd_ZN_homo_d2.60_cluster4.xyz,1.10
7ude,2,homo,1,ZN,ZN,A,402,,ZN,,1.0,4,TD,4S,6.027164368257969,10.000275311201236,0.010630727038395548,0.029786385885964606,1.2101988346743233,1.4058254335620641,No,No,No,No,,,,data/4cys-large/output/xyz_files/7ude_ZN_homo_d2.60_cluster2.xyz,1.10
7ude,4,homo,1,ZN,ZN,B,402,,ZN,,1.0,4,TD,4S,5.769551237986529,9.63126795071058,0.0037749020290852313,0.010493737851450025,1.2196654897494728,1.3853266742594534,No,No,No,No,,,,data/4cys-large/output/xyz_files/7ude_ZN_homo_d2.60_cluster4.xyz,1.10
7udr,2,homo,1,ZN,ZN,A,402,,ZN,,1.0,4,TD,4S,5.758753435974193,9.805354647418994,0.014262488484500775,0.036872853576945364,1.2201440427578567,1.4075461111543546,No,No,No,No,,,,data/4cys-large/output/xyz_files/7udr_ZN_homo_d2.60_cluster2.xyz,1.20
7udr,4,homo,1,ZN,ZN,B,402,,ZN,,1.0,4,TD,4S,6.0659966441967414,10.092633769932945,0.009923418675702013,0.02567638259996441,1.2111056508787448,1.3498572554135047,No,No,No,No,,,,data/4cys-large/output/xyz_files/7udr_ZN_homo_d2.60_cluster4.xyz,1.20
7uec,2,homo,1,ZN,ZN,A,402,,ZN,,1.0,4,TD,4S,5.871234815481449,9.842531211829822,0.015653308869078793,0.03883122008217432,1.2158781919912056,1.4066868366131917,No,No,No,No,,,,data/4cys-large/output/xyz_files/7uec_ZN_homo_d2.60_cluster2.xyz,1.20
7uec,4,homo,1,ZN,ZN,B,402,,ZN,,1.0,4,TD,4S,6.085199766710251,10.174510405939571,0.015012068796876003,0.038449366004141616,1.2105025152549096,1.3664681205632152,No,No,No,No,,,,data/4cys-large/output/xyz_files/7uec_ZN_homo_d2.60_cluster4.xyz,1.20
7uee,2,homo,1,ZN,ZN,A,402,,ZN,,1.0,4,TD,4S,5.889070920982333,9.763019852518411,0.015143030667899187,0.03863037368352584,1.2163804750031584,1.4053951514433272,No,No,No,No,,,,data/4cys-large/output/xyz_files/7uee_ZN_homo_d2.60_cluster2.xyz,1.20
7uee,4,homo,1,ZN,ZN,B,402,,ZN,,1.0,4,TD,4S,5.856106059818061,9.789865122184025,0.010642426987045548,0.02870978539449176,1.2174639060438286,1.352251690345201,No,No,No,No,,,,data/4cys-large/output/xyz_files/7uee_ZN_homo_d2.60_cluster4.xyz,1.20
7uef,2,homo,1,ZN,ZN,A,402,,ZN,,1.0,4,TD,4S,6.068153297020083,10.021107422241968,0.0056162958305194625,0.014281659915241995,1.2086355900099273,1.3810535706791576,No,No,No,No,,,,data/4cys-large/output/xyz_files/7uef_ZN_homo_d2.60_cluster2.xyz,1.20
7uef,4,homo,1,ZN,ZN,B,402,,ZN,,1.0,4,TD,4S,6.114292716607195,10.025308332308953,0.018115729131013805,0.04983522676326224,1.210949778336942,1.3822507014929608,No,No,No,No,,,,data/4cys-large/output/xyz_files/7uef_ZN_homo_d2.60_cluster4.xyz,1.20
7uei,2,homo,1,ZN,ZN,A,402,,ZN,,1.0,4,TD,4S,5.983673724030828,9.888298014792625,0.00876148975723354,0.02205845426024533,1.2135076084118392,1.38807764893201,No,No,No,No,,,,data/4cys-large/output/xyz_files/7uei_ZN_homo_d2.60_cluster2.xyz,1.20
7uei,4,homo,1,ZN,ZN,B,402,,ZN,,1.0,4,TD,4S,6.245833422683071,10.592389949042243,0.015645657967769035,0.04226965042208786,1.2036364170740512,1.3874194700263256,No,No,No,No,,,,data/4cys-large/output/xyz_files/7uei_ZN_homo_d2.60_cluster4.xyz,1.20
7uej,2,homo,1,ZN,ZN,A,402,,ZN,,1.0,4,TD,4S,5.874735005555736,9.576647513092965,0.005480741664386429,0.01382369122709548,1.2167894332462084,1.38602280917116,No,No,No,No,,,,data/4cys-large/output/xyz_files/7uej_ZN_homo_d2.60_cluster2.xyz,1.20
7uej,4,homo,1,ZN,ZN,B,402,,ZN,,1.0,4,TD,4S,6.143655777266941,10.27480926756715,0.011469200282386396,0.030804663027859558,1.2061376771963117,1.3853149239604567,No,No,No,No,,,,data/4cys-large/output/xyz_files/7uej_ZN_homo_d2.60_cluster4.xyz,1.20
7uhv,2,homo,1,ZN,ZN,A,402,,ZN,,1.0,4,TD,4S,6.050514505159879,10.100347516498104,0.010549254684306363,0.027930914757238856,1.2095082827775667,1.3447889219693046,No,No,No,No,,,,data/4cys-large/output/xyz_files/7uhv_ZN_homo_d2.60_cluster2.xyz,1.30
7uhv,4,homo,1,ZN,ZN,B,402,,ZN,,1.0,4,TD,4S,5.96912625398338,10.013817683958464,0.013424401308668803,0.03678338932527225,1.2095556586129335,1.4613270679638288,No,No,No,No,,,,data/4cys-large/output/xyz_files/7uhv_ZN_homo_d2.60_cluster4.xyz,1.30
7uhw,2,homo,1,ZN,ZN,A,402,,ZN,,1.0,4,TD,4S,6.0392251641032475,10.259818106253988,0.012225040767342937,0.03225939041625292,1.211894688301777,1.3190364347007346,No,No,No,No,,,,data/4cys-large/output/xyz_files/7uhw_ZN_homo_d2.60_cluster2.xyz,1.30
7uhw,4,homo,1,ZN,ZN,B,402,,ZN,,1.0,4,TD,4S,6.042417370951372,10.280421488519778,0.02396355374773742,0.06519083623118949,1.2120528453609174,1.422413171813575,No,No,No,No,,,,data/4cys-large/output/xyz_files/7uhw_ZN_homo_d2.60_cluster4.xyz,1.30
7uhx,2,homo,1,ZN,ZN,A,402,,ZN,,1.0,4,TD,4S,5.775745460246269,9.69917077362605,0.008978849937802208,0.02354576740518244,1.2167323266810137,1.3452124545957806,No,No,No,No,,,,data/4cys-large/output/xyz_files/7uhx_ZN_homo_d2.60_cluster2.xyz,1.30
7uhx,4,homo,1,ZN,ZN,B,402,,ZN,,1.0,4,TD,4S,6.20479906391062,9.969455893146431,0.02301613296586915,0.06185387299465983,1.2069372159711715,1.4470106484396772,No,No,No,No,,,,data/4cys-large/output/xyz_files/7uhx_ZN_homo_d2.60_cluster4.xyz,1.30
7ult,2,homo,1,ZN,ZN,B,4402,,ZN,,1.0,4,TD,4S,5.8974645884453905,10.47361217315003,0.018198052298679275,0.04379805992978314,1.2314091483738647,1.9619646070953045,No,No,No,No,,,,data/4cys-large/output/xyz_files/7ult_ZN_homo_d2.60_cluster2.xyz,1.90
7ult,4,homo,1,ZN,ZN,D,4402,,ZN,,1.0,4,TD,4S,5.653769458542086,10.403814884411688,0.011247575691813535,0.02914218572823213,1.2631139372302314,1.8712550303805082,No,No,No,No,,,,data/4cys-large/output/xyz_files/7ult_ZN_homo_d2.60_cluster4.xyz,1.90
7uq9,2,homo,1,ZN,ZN,A,402,,ZN,,1.0,4,TD,4S,6.213950438314298,10.09653837747517,0.021632306171125517,0.05413762440854297,1.2129798842887203,1.3681980574686632,No,No,No,No,,,,data/4cys-large/output/xyz_files/7uq9_ZN_homo_d2.60_cluster2.xyz,1.40
7uq9,4,homo,1,ZN,ZN,B,402,,ZN,,1.0,4,TD,4S,5.761607307749988,9.589616305678746,0.022435207471492236,0.059448653923151795,1.2160557661782436,1.3259790649873404,No,No,No,No,,,,data/4cys-large/output/xyz_files/7uq9_ZN_homo_d2.60_cluster4.xyz,1.40
7us7,1,homo,1,ZN,ZN,A,805,,ZN,,1.0,4,TD,4S,7.057333270585968,9.224845501361614,0.023955765238341267,0.06240482422495264,1.2329335656629827,1.7563313986713087,No,No,No,No,,,,data/4cys-large/output/xyz_files/7us7_ZN_homo_d2.60_cluster1.xyz,1.93
7us7,2,homo,1,ZN,ZN,C,807,,ZN,,1.0,4,TD,4S,6.626489046917899,8.255142806620071,0.052245367098477775,0.1360476584366479,1.238776029406725,1.6558498357352507,No,No,No,No,,,,data/4cys-large/output/xyz_files/7us7_ZN_homo_d2.60_cluster2.xyz,1.93
7us8,1,homo,1,ZN,ZN,A,806,,ZN,,1.0,4,TD,4S,8.176655205989512,10.236476811571706,0.039695662486161735,0.10717154953670915,1.2056703532396875,1.6859177188354004,No,No,No,No,,,,data/4cys-large/output/xyz_files/7us8_ZN_homo_d2.60_cluster1.xyz,1.82
7us8,2,homo,1,ZN,ZN,C,806,,ZN,,1.0,4,TD,4S,7.327978729262552,9.542134366391267,0.05150101924130753,0.1410162047316832,1.2343965652611895,1.7557246950386538,No,No,No,No,,,,data/4cys-large/output/xyz_files/7us8_ZN_homo_d2.60_cluster2.xyz,1.82
7utw,1,homo,1,ZN,ZN,A,402,,ZN,,1.0,4,TD,4S,6.3336558002004475,9.604753969321834,0.032359341767419024,0.07902055075558767,1.2298891000089682,1.3887358839665644,No,No,No,No,,,,data/4cys-large/output/xyz_files/7utw_ZN_homo_d2.60_cluster1.xyz,1.33
7utw,2,homo,1,ZN,ZN,B,402,,ZN,,1.0,4,TD,4S,6.200582146962412,9.687996484527588,0.014962888734028353,0.036933963796934144,1.229657305498526,1.4619488322191574,No,No,No,No,,,,data/4cys-large/output/xyz_files/7utw_ZN_homo_d2.60_cluster2.xyz,1.33
7uv5,1,homo,1,ZN,ZN,A,501,,ZN,,1.0,4,TD,4S,4.215818822996649,7.065688184450337,0.05205483614432896,0.14642564127501645,1.2998620241736354,2.1792004541885754,No,No,No,No,,,,data/4cys-large/output/xyz_files/7uv5_ZN_homo_d2.60_cluster1.xyz,1.45
7v8f,1,homo,1,ZN,ZN,B,801,,ZN,,1.0,4,TD,4S,4.147010197775282,8.57584919029226,0.04374681621350397,0.11510246182572148,1.302689151680426,2.0428203619905108,No,No,No,No,,,,data/4cys-large/output/xyz_files/7v8f_ZN_homo_d2.60_cluster1.xyz,1.66
7v8f,2,homo,1,ZN,ZN,B,802,,ZN,,1.0,4,TD,4S,5.768576835892814,9.579421404491882,0.025601230363335132,0.051939482249698354,1.228572642933042,1.5943373549833606,No,No,No,No,,,,data/4cys-large/output/xyz_files/7v8f_ZN_homo_d2.60_cluster2.xyz,1.66
7vb3,1,homo,1,ZN,ZN,A,502,,ZN,,1.0,4,TD,4S,7.512016864334878,10.81004311879002,0.030452183012918764,0.08609174317397317,1.1614900521348501,1.28002724528749,No,No,No,No,,,,data/4cys-large/output/xyz_files/7vb3_ZN_homo_d2.60_cluster1.xyz,1.48
7vb3,3,homo,1,ZN,ZN,B,502,,ZN,,1.0,4,TD,4S,7.308124232045412,10.78225424550972,0.03422792469054465,0.09162922158935549,1.1798231129917478,1.3407963128509595,No,No,No,No,,,,data/4cys-large/output/xyz_files/7vb3_ZN_homo_d2.60_cluster3.xyz,1.48
7vb3,5,homo,1,ZN,ZN,C,502,,ZN,,1.0,4,TD,4S,7.614965328832869,11.41789288460248,0.031869183019141635,0.08714488378360707,1.1598065034215614,1.2369871088401052,No,No,No,No,,,,data/4cys-large/output/xyz_files/7vb3_ZN_homo_d2.60_cluster5.xyz,1.48
7vb3,7,homo,1,ZN,ZN,D,502,,ZN,,0.86,4,TD,4S,8.241741165794306,12.254962517983628,0.051443591785216125,0.12276727830148637,1.1485059639536315,1.24650341250035,No,No,No,No,,,,data/4cys-large/output/xyz_files/7vb3_ZN_homo_d2.60_cluster7.xyz,1.48
7vb5,1,homo,1,ZN,ZN,A,502,,ZN,,1.0,4,TD,4S,7.139728596649844,10.872762673836291,0.05074656053189012,0.13057059286395756,1.1707182244228667,1.2747989115364708,No,No,No,No,,,,data/4cys-large/output/xyz_files/7vb5_ZN_homo_d2.60_cluster1.xyz,1.58
7vb5,3,homo,1,ZN,ZN,B,502,,ZN,,1.0,4,TD,4S,6.977397704965963,10.26886452696607,0.04452552471405349,0.11371013317412837,1.1809929103597705,1.2821806907994255,No,No,No,No,,,,data/4cys-large/output/xyz_files/7vb5_ZN_homo_d2.60_cluster3.xyz,1.58
7vb5,5,homo,1,ZN,ZN,C,502,,ZN,,1.0,4,TD,4S,7.74960416248654,11.320254622516302,0.032580293956217074,0.08918199789569936,1.1572549554065683,1.4274662972788843,No,No,No,No,,,,data/4cys-large/output/xyz_files/7vb5_ZN_homo_d2.60_cluster5.xyz,1.58
7vb5,7,homo,1,ZN,ZN,D,502,,ZN,,0.86,4,TD,4S,8.330641195271827,13.139283874998426,0.10196549067300555,0.21866278652354199,1.1167344237727623,1.3835854740353961,No,No,No,No,,,,data/4cys-large/output/xyz_files/7vb5_ZN_homo_d2.60_cluster7.xyz,1.58
7vb6,1,homo,1,ZN,ZN,A,502,,ZN,,1.0,4,TD,4S,7.369466100074845,10.526506131634505,0.037730226205686994,0.09965981061701568,1.170836407760942,1.1937882806084799,No,No,No,No,,,,data/4cys-large/output/xyz_files/7vb6_ZN_homo_d2.60_cluster1.xyz,1.74
7vb6,3,homo,1,ZN,ZN,B,502,,ZN,,1.0,4,TD,4S,7.345885985340671,10.553115357584588,0.012858898292338388,0.03290048322740802,1.1744467484665522,1.273029530093548,No,No,No,No,,,,data/4cys-large/output/xyz_files/7vb6_ZN_homo_d2.60_cluster3.xyz,1.74
7vb6,5,homo,1,ZN,ZN,C,502,,ZN,,1.0,4,TD,4S,8.160466719611453,11.716182620161149,0.04556157069077091,0.11765157893338207,1.1365038842684672,1.274150200575043,No,No,No,No,,,,data/4cys-large/output/xyz_files/7vb6_ZN_homo_d2.60_cluster5.xyz,1.74
7vb6,7,homo,1,ZN,ZN,D,502,,ZN,,0.85,4,TD,4S,8.942607882318322,13.70209013109131,0.06705928070296645,0.1755783638102577,1.100500331694856,1.2463738297685687,No,No,No,No,,,,data/4cys-large/output/xyz_files/7vb6_ZN_homo_d2.60_cluster7.xyz,1.74
7vhz,2,homo,1,ZN,ZN,A,1702,,ZN,,1.0,4,TD,4S,12.92219267892916,24.90779570372125,0.00888397121507978,0.02433363126755239,1.057807228571793,1.4724406910995966,No,No,No,No,,,,data/4cys-large/output/xyz_files/7vhz_ZN_homo_d2.60_cluster2.xyz,2.00
7vhz,3,homo,1,ZN,ZN,A,1703,,ZN,,1.0,4,TD,4S,9.49044456721087,13.856922375545096,0.015890485620450673,0.043015080059051414,1.1365803036659752,1.4875762794996619,No,No,No,No,,,,data/4cys-large/output/xyz_files/7vhz_ZN_homo_d2.60_cluster3.xyz,2.00
7vhz,5,homo,1,ZN,ZN,B,1702,,ZN,,1.0,4,TD,4S,4.20735851166659,7.4258384217594795,0.010833999173103057,0.030288800428439178,1.269572489569525,1.7674709055165236,No,No,No,No,,,,data/4cys-large/output/xyz_files/7vhz_ZN_homo_d2.60_cluster5.xyz,2.00
7vhz,6,homo,1,ZN,ZN,B,1703,,ZN,,1.0,4,TD,4S,3.824721653635407,5.793272390849253,0.002526255217803792,0.00597221228259448,1.287287093501133,2.004720487771513,No,No,No,No,,,,data/4cys-large/output/xyz_files/7vhz_ZN_homo_d2.60_cluster6.xyz,2.00
7vuw,1,homo,1,ZN,ZN,F,101,,ZN,,1.0,4,TD,4S,4.041014227785913,8.482902002599019,0.03383256502533018,0.09499929739270385,1.287586732147067,1.4278704337306791,No,No,No,No,,,,data/4cys-large/output/xyz_files/7vuw_ZN_homo_d2.60_cluster1.xyz,1.60
7vuw,2,homo,1,ZN,ZN,S,101,,ZN,,1.0,4,TD,4S,3.5270598250736045,7.523873704825576,0.009709152063845757,0.026160224509352403,1.2810830393027293,1.421925284270831,No,No,No,No,,,,data/4cys-large/output/xyz_files/7vuw_ZN_homo_d2.60_cluster2.xyz,1.60
7vvr,1,homo,1,ZN,ZN,F,101,,ZN,,1.0,4,TD,4S,4.740182398975258,9.692061159520492,0.03417582890852918,0.08468608381132192,1.2710825072536815,1.3749472931359545,No,No,No,No,,,,data/4cys-large/output/xyz_files/7vvr_ZN_homo_d2.60_cluster1.xyz,1.65
7vvr,2,homo,1,ZN,ZN,S,101,,ZN,,1.0,4,TD,4S,4.045461090579567,8.549803851432344,0.01747023127632098,0.04260785600096595,1.2723951558162538,1.4721410822204941,No,No,No,No,,,,data/4cys-large/output/xyz_files/7vvr_ZN_homo_d2.60_cluster2.xyz,1.65
7w3e,1,homo,1,ZN,ZN,F,101,,ZN,,1.0,4,TD,4S,3.9395664482250354,8.257263934900237,0.021119263439006202,0.05394192105163276,1.2837345442622135,1.3578315191875479,No,No,No,No,,,,data/4cys-large/output/xyz_files/7w3e_ZN_homo_d2.60_cluster1.xyz,1.45
7w3e,2,homo,1,ZN,ZN,S,101,,ZN,,1.0,4,TD,4S,3.198266587495633,6.929528057003793,0.006652809837356155,0.01852814286321003,1.2916005673740736,1.4372113899092018,No,No,No,No,,,,data/4cys-large/output/xyz_files/7w3e_ZN_homo_d2.60_cluster2.xyz,1.45
7wfx,1,homo,1,ZN,ZN,A,601,,ZN,,1.0,4,TD,4S,6.6699789523882895,11.286260791684015,0.031750235884712964,0.08691840507924953,1.2375986522806182,1.3620262408349137,No,No,No,No,,,,data/4cys-large/output/xyz_files/7wfx_ZN_homo_d2.60_cluster1.xyz,1.95
7wfx,2,homo,1,ZN,ZN,B,601,,ZN,,1.0,4,TD,4S,7.668528547753898,12.800443364404899,0.044205979216489735,0.12208214356543001,1.2355966931990978,1.5651265912338248,No,No,No,No,,,,data/4cys-large/output/xyz_files/7wfx_ZN_homo_d2.60_cluster2.xyz,1.95
7wg2,1,homo,1,ZN,ZN,A,601,,ZN,,1.0,4,TD,4S,8.066588318555468,14.307652666062666,0.03324997262634203,0.09287527308372479,1.221580134361037,1.3966799527534175,No,No,No,No,,,,data/4cys-large/output/xyz_files/7wg2_ZN_homo_d2.60_cluster1.xyz,1.76
7wg4,1,homo,1,ZN,ZN,A,601,,ZN,,1.0,4,TD,4S,6.914188429649277,12.714395315859548,0.045372251009090044,0.12097922593052068,1.2322004312843433,1.42463021550033,No,No,No,No,,,,data/4cys-large/output/xyz_files/7wg4_ZN_homo_d2.60_cluster1.xyz,1.51
7wuk,2,homo,1,ZN,ZN,A,202,,ZN,,1.0,4,TD,4S,7.982939988677907,15.145694957102009,0.03229690046610143,0.09101895882036759,1.179960308103259,1.6499274767984686,No,No,No,No,,,,data/4cys-large/output/xyz_files/7wuk_ZN_homo_d2.60_cluster2.xyz,1.63
7wul,2,homo,1,ZN,ZN,A,202,,ZN,,1.0,4,TD,4S,7.787317347533048,13.552853666654187,0.023695243314207692,0.058980466775511164,1.1990983934423742,1.6447527922416028,No,No,No,No,,,,data/4cys-large/output/xyz_files/7wul_ZN_homo_d2.60_cluster2.xyz,1.58
7wum,2,homo,1,ZN,ZN,A,202,,ZN,,1.0,4,TD,4S,7.150908760313472,13.27989566131339,0.03208695308507538,0.08390799814538452,1.1894482681304324,1.6953918560080823,No,No,No,No,,,,data/4cys-large/output/xyz_files/7wum_ZN_homo_d2.60_cluster2.xyz,1.58
7wun,2,homo,1,ZN,ZN,A,202,,ZN,,1.0,4,TD,4S,7.729474469779369,14.188284231814364,0.03135033477154299,0.08396598621857398,1.2012164553208948,1.7242891470607906,No,No,No,No,,,,data/4cys-large/output/xyz_files/7wun_ZN_homo_d2.60_cluster2.xyz,1.53
7x09,1,homo,1,ZN,ZN,A,1903,,ZN,,0.69,4,TD,4S,7.862875677335787,15.220285849451415,0.04067249451794647,0.09566823443994732,1.169635453112508,1.199091446765187,No,No,No,No,,,,data/4cys-large/output/xyz_files/7x09_ZN_homo_d2.60_cluster1.xyz,1.70
7x09,3,homo,1,ZN,ZN,B,1903,,ZN,,0.91,4,TD,4S,7.990111937189989,13.04253208136599,0.058854396528438484,0.14711068275973904,1.2195642665184732,1.6030310999266606,No,No,No,No,,,,data/4cys-large/output/xyz_files/7x09_ZN_homo_d2.60_cluster3.xyz,1.70
7x3p,1,homo,1,ZN,ZN,A,403,,ZN,,1.0,4,TD,4S,3.3829279002552863,4.7985248677063765,0.036486259930737314,0.09952810493772857,1.284155703966335,2.102433850999222,No,No,No,No,,,,data/4cys-large/output/xyz_files/7x3p_ZN_homo_d2.60_cluster1.xyz,1.56
7x73,1,homo,1,ZN,ZN,A,1201,,ZN,,1.0,4,TD,4S,5.642655430899251,10.055230277436038,0.027117192381511272,0.0655648312842354,1.2228416550037444,1.6241995554025335,No,No,No,No,,,,data/4cys-large/output/xyz_files/7x73_ZN_homo_d2.60_cluster1.xyz,1.49
7x73,2,homo,1,ZN,ZN,A,1202,,ZN,,1.0,4,TD,4S,3.629756097420345,5.362706837367071,0.02790512434482449,0.07635434314903344,1.2894565283223949,1.9112531030330169,No,No,No,No,,,,data/4cys-large/output/xyz_files/7x73_ZN_homo_d2.60_cluster2.xyz,1.49
7x73,3,homo,1,ZN,ZN,A,1203,,ZN,,1.0,4,TD,4S,3.578844674208459,4.70904938941672,0.018650217392381534,0.045291744898726005,1.2845252534157352,1.67445850642879,No,No,No,No,,,,data/4cys-large/output/xyz_files/7x73_ZN_homo_d2.60_cluster3.xyz,1.49
7x73,4,homo,1,ZN,ZN,A,1204,,ZN,,1.0,4,TD,4S,2.7349971277788314,3.8654117370914207,0.03318598010194383,0.09172026541725398,1.2713549465099714,1.5450763393863158,No,No,No,No,,,,data/4cys-large/output/xyz_files/7x73_ZN_homo_d2.60_cluster4.xyz,1.49
7x73,5,homo,1,ZN,ZN,B,1201,,ZN,,1.0,4,TD,4S,6.180506089077968,11.183354972233701,0.008943684540933998,0.019493090238083433,1.2117352161989599,1.616535439416256,No,No,No,No,,,,data/4cys-large/output/xyz_files/7x73_ZN_homo_d2.60_cluster5.xyz,1.49
7x73,6,homo,1,ZN,ZN,B,1202,,ZN,,1.0,4,TD,4S,3.3952158163901336,4.710755909572171,0.03252629861925747,0.07828273497212379,1.2882732394135956,1.8712518625764307,No,No,No,No,,,,data/4cys-large/output/xyz_files/7x73_ZN_homo_d2.60_cluster6.xyz,1.49
7x73,7,homo,1,ZN,ZN,B,1203,,ZN,,1.0,4,TD,4S,3.779936693939638,7.718690168997227,0.02812742273644006,0.07913276904893207,1.291269568052965,2.0031392696483183,No,No,No,No,,,,data/4cys-large/output/xyz_files/7x73_ZN_homo_d2.60_cluster7.xyz,1.49
7x73,8,homo,1,ZN,ZN,B,1204,,ZN,,1.0,4,TD,4S,2.675966590384489,5.110581173673154,0.03404939034499029,0.08882765134370318,1.2792364907683516,1.642881811526983,No,No,No,No,,,,data/4cys-large/output/xyz_files/7x73_ZN_homo_d2.60_cluster8.xyz,1.49
7xua,1,homo,1,ZN,ZN,A,1201,,ZN,,1.0,4,TD,4S,5.247679567312318,7.291527915718177,0.031243185004425834,0.08023481218126838,1.2411411504365515,1.494272395793216,No,No,No,No,,,,data/4cys-large/output/xyz_files/7xua_ZN_homo_d2.60_cluster1.xyz,1.87
7xua,2,homo,1,ZN,ZN,A,1202,,ZN,,1.0,4,TD,4S,4.602845858208129,6.449712843804718,0.06019699855776675,0.16355690997655703,1.2940911461319136,1.841683410916528,No,No,No,No,,,,data/4cys-large/output/xyz_files/7xua_ZN_homo_d2.60_cluster2.xyz,1.87
7xua,3,homo,1,ZN,ZN,A,1203,,ZN,,1.0,4,TD,4S,3.239727271172983,5.498381683167537,0.0448346626188056,0.12532749979698776,1.2982338986792665,1.8574962190010718,No,No,No,No,,,,data/4cys-large/output/xyz_files/7xua_ZN_homo_d2.60_cluster3.xyz,1.87
7xua,4,homo,1,ZN,ZN,A,1204,,ZN,,1.0,4,TD,4S,4.11103246895596,7.595139878032569,0.020068854429961307,0.04976008410591959,1.2737864282646594,1.4909336392879373,No,No,No,No,,,,data/4cys-large/output/xyz_files/7xua_ZN_homo_d2.60_cluster4.xyz,1.87
7xua,5,homo,1,ZN,ZN,B,1201,,ZN,,1.0,4,TD,4S,5.836352596451799,10.95822133957742,0.047065076549337836,0.11742889416743951,1.1975744343412182,1.6630720180381633,No,No,No,No,,,,data/4cys-large/output/xyz_files/7xua_ZN_homo_d2.60_cluster5.xyz,1.87
7xua,6,homo,1,ZN,ZN,B,1202,,ZN,,1.0,4,TD,4S,4.009094228620847,5.3337785762089,0.027439794107304995,0.06455588519909439,1.2922758355949993,1.9400771107119146,No,No,No,No,,,,data/4cys-large/output/xyz_files/7xua_ZN_homo_d2.60_cluster6.xyz,1.87
7xua,7,homo,1,ZN,ZN,B,1203,,ZN,,1.0,4,TD,4S,3.4354948914817416,7.284984052392318,0.015970087948222557,0.039837688072259514,1.294555470490689,1.6785878252896709,No,No,No,No,,,,data/4cys-large/output/xyz_files/7xua_ZN_homo_d2.60_cluster7.xyz,1.87
7xua,8,homo,1,ZN,ZN,B,1204,,ZN,,1.0,4,TD,4S,2.991167463568863,4.996347599393175,0.026853233475912962,0.06483325940748053,1.2706069029568456,1.5039362727951877,No,No,No,No,,,,data/4cys-large/output/xyz_files/7xua_ZN_homo_d2.60_cluster8.xyz,1.87
7xub,1,homo,1,ZN,ZN,A,1201,,ZN,,1.0,4,TD,4S,6.039359406188735,10.908948968316324,0.0518047539809624,0.13501270628969664,1.2180433037702405,1.62990263921119,No,No,No,No,,,,data/4cys-large/output/xyz_files/7xub_ZN_homo_d2.60_cluster1.xyz,2.00
7xub,2,homo,1,ZN,ZN,A,1202,,ZN,,1.0,4,TD,4S,4.1865020046626755,5.291735400320462,0.056851300222085316,0.1404128983128632,1.2866970477350053,2.1151371385415825,No,No,No,No,,,,data/4cys-large/output/xyz_files/7xub_ZN_homo_d2.60_cluster2.xyz,2.00
7xub,3,homo,1,ZN,ZN,A,1203,,ZN,,1.0,4,TD,4S,4.658278311725946,6.9988398583315785,0.03605251370482944,0.08087860126107893,1.2697617790438387,2.0860786772647737,No,No,No,No,,,,data/4cys-large/output/xyz_files/7xub_ZN_homo_d2.60_cluster3.xyz,2.00
7xub,4,homo,1,ZN,ZN,A,1204,,ZN,,1.0,4,TD,4S,2.889287661054356,5.009730542819668,0.023309823896951437,0.05787744906958858,1.297669861288649,1.5754615279909823,No,No,No,No,,,,data/4cys-large/output/xyz_files/7xub_ZN_homo_d2.60_cluster4.xyz,2.00
7xub,5,homo,1,ZN,ZN,B,1201,,ZN,,1.0,4,TD,4S,6.600763843400392,11.166808732777639,0.05782783082469354,0.15592877905042313,1.1780796960779183,1.6807115676692383,No,No,No,No,,,,data/4cys-large/output/xyz_files/7xub_ZN_homo_d2.60_cluster5.xyz,2.00
7xub,6,homo,1,ZN,ZN,B,1202,,ZN,,1.0,4,TD,4S,4.201688202337535,6.417742508573298,0.04085392070762151,0.09713001025061496,1.2600927594273077,2.0308708316518778,No,No,No,No,,,,data/4cys-large/output/xyz_files/7xub_ZN_homo_d2.60_cluster6.xyz,2.00
7xub,7,homo,1,ZN,ZN,B,1203,,ZN,,1.0,4,TD,4S,5.747970775133569,11.897543996216172,0.03199407633867205,0.0900663991554973,1.2552185612072642,1.420762825162747,No,No,No,No,,,,data/4cys-large/output/xyz_files/7xub_ZN_homo_d2.60_cluster7.xyz,2.00
7xub,8,homo,1,ZN,ZN,B,1204,,ZN,,1.0,4,TD,4S,4.32483207377088,5.722556518322648,0.02618299217608076,0.06252024427545155,1.2485585541355313,2.1382439084289033,No,No,No,No,,,,data/4cys-large/output/xyz_files/7xub_ZN_homo_d2.60_cluster8.xyz,2.00
7xuc,1,homo,1,ZN,ZN,A,1201,,ZN,,1.0,4,TD,4S,6.429565703427811,11.572269843524907,0.012967963926160949,0.035743935836485274,1.2137195967842023,1.6719396902367922,No,No,No,No,,,,data/4cys-large/output/xyz_files/7xuc_ZN_homo_d2.60_cluster1.xyz,1.67
7xuc,2,homo,1,ZN,ZN,A,1202,,ZN,,1.0,4,TD,4S,3.3814832001924096,4.992158866247536,0.021297777697513044,0.059233735538786636,1.281330387410922,1.784457298334654,No,No,No,No,,,,data/4cys-large/output/xyz_files/7xuc_ZN_homo_d2.60_cluster2.xyz,1.67
7xuc,3,homo,1,ZN,ZN,A,1203,,ZN,,1.0,4,TD,4S,3.5727640725258865,7.532224718635561,0.014783853852851893,0.039963860672877605,1.3034027669781116,2.0080725221903224,No,No,No,No,,,,data/4cys-large/output/xyz_files/7xuc_ZN_homo_d2.60_cluster3.xyz,1.67
7xuc,4,homo,1,ZN,ZN,A,1204,,ZN,,1.0,4,TD,4S,2.913398504603956,5.376558675982068,0.01241053807609964,0.03004904191539559,1.2832587365986112,1.4575584839927407,No,No,No,No,,,,data/4cys-large/output/xyz_files/7xuc_ZN_homo_d2.60_cluster4.xyz,1.67
7xuc,5,homo,1,ZN,ZN,B,1201,,ZN,,1.0,4,TD,4S,6.3880090231906,10.775099560002843,0.02284034720842514,0.05671497513418755,1.2085366119855425,1.6219295390157404,No,No,No,No,,,,data/4cys-large/output/xyz_files/7xuc_ZN_homo_d2.60_cluster5.xyz,1.67
7xuc,6,homo,1,ZN,ZN,B,1202,,ZN,,1.0,4,TD,4S,3.4374285260145214,4.745195885691402,0.027526849061169433,0.06831672779693543,1.2918845394552743,1.7330367178258523,No,No,No,No,,,,data/4cys-large/output/xyz_files/7xuc_ZN_homo_d2.60_cluster6.xyz,1.67
7xuc,7,homo,1,ZN,ZN,B,1203,,ZN,,1.0,4,TD,4S,3.3098169969618496,7.037753245488716,0.028901303689792504,0.06670741909622624,1.2931829437550242,1.794846353872521,No,No,No,No,,,,data/4cys-large/output/xyz_files/7xuc_ZN_homo_d2.60_cluster7.xyz,1.67
7xuc,8,homo,1,ZN,ZN,B,1204,,ZN,,1.0,4,TD,4S,2.8299534588975512,4.357898528796113,0.012719750107941486,0.03489466373568151,1.2731671159066253,1.5057181334279155,No,No,No,No,,,,data/4cys-large/output/xyz_files/7xuc_ZN_homo_d2.60_cluster8.xyz,1.67
7xud,1,homo,1,ZN,ZN,A,1201,,ZN,,1.0,4,TD,4S,6.3106409042702865,11.310433372229369,0.016375104128224967,0.03943710844926729,1.2114734526111004,1.6474438823216975,No,No,No,No,,,,data/4cys-large/output/xyz_files/7xud_ZN_homo_d2.60_cluster1.xyz,1.45
7xud,2,homo,1,ZN,ZN,A,1202,,ZN,,1.0,4,TD,4S,3.2877627050327702,5.206485750823276,0.03628248929829327,0.08247782979057838,1.2850257720725582,1.8297511364230377,No,No,No,No,,,,data/4cys-large/output/xyz_files/7xud_ZN_homo_d2.60_cluster2.xyz,1.45
7xud,3,homo,1,ZN,ZN,A,1203,,ZN,,1.0,4,TD,4S,3.405872662685103,6.280822418116784,0.03415640123399457,0.08946106574133994,1.2892791678863846,2.145041391911917,No,No,No,No,,,,data/4cys-large/output/xyz_files/7xud_ZN_homo_d2.60_cluster3.xyz,1.45
7xud,4,homo,1,ZN,ZN,A,1204,,ZN,,1.0,4,TD,4S,3.3406549049094236,5.121421610413293,0.025201998007061386,0.0688570206450545,1.2610218225125487,1.488271481605023,No,No,No,No,,,,data/4cys-large/output/xyz_files/7xud_ZN_homo_d2.60_cluster4.xyz,1.45
7xud,5,homo,1,ZN,ZN,B,1201,,ZN,,1.0,4,TD,4S,6.099608367726961,10.338591088952853,0.027306815917669522,0.06085406137152827,1.2092665873432182,1.6247698483335926,No,No,No,No,,,,data/4cys-large/output/xyz_files/7xud_ZN_homo_d2.60_cluster5.xyz,1.45
7xud,6,homo,1,ZN,ZN,B,1202,,ZN,,1.0,4,TD,4S,3.338988208669642,4.539348937114454,0.0254040582949402,0.06962617003600613,1.2885646973382634,1.7650988324432566,No,No,No,No,,,,data/4cys-large/output/xyz_files/7xud_ZN_homo_d2.60_cluster6.xyz,1.45
7xud,7,homo,1,ZN,ZN,B,1203,,ZN,,1.0,4,TD,4S,3.3677472264192323,6.841079868842328,0.03130298471977545,0.06992894335465483,1.2961101175241874,1.8386164659400703,No,No,No,No,,,,data/4cys-large/output/xyz_files/7xud_ZN_homo_d2.60_cluster7.xyz,1.45
7xud,8,homo,1,ZN,ZN,B,1204,,ZN,,1.0,4,TD,4S,2.7184226407244867,3.5380886748949933,0.04093244096798604,0.10299484792861957,1.2730411307625409,1.3577419825221007,No,No,No,No,,,,data/4cys-large/output/xyz_files/7xud_ZN_homo_d2.60_cluster8.xyz,1.45
7xv9,1,homo,1,ZN,ZN,A,201,,ZN,,1.0,4,TD,4S,5.0213295133816755,8.000906633595221,0.039119755327016524,0.10117063440538931,1.2461238289103451,1.576325851753821,No,No,No,No,,,,data/4cys-large/output/xyz_files/7xv9_ZN_homo_d2.60_cluster1.xyz,1.60
7xv9,2,homo,1,ZN,ZN,A,202,,ZN,,1.0,4,TD,4S,4.098542482288345,6.1565450850903005,0.08028574926972205,0.2016352779680206,1.2410214616643727,1.563796042362533,No,No,No,No,,,,data/4cys-large/output/xyz_files/7xv9_ZN_homo_d2.60_cluster2.xyz,1.60
7xv9,3,homo,1,ZN,ZN,B,201,,ZN,,1.0,4,TD,4S,4.822743035886407,8.317939821108325,0.03268835379912392,0.08671574859381037,1.2443043153170856,1.6461175408403264,No,No,No,No,,,,data/4cys-large/output/xyz_files/7xv9_ZN_homo_d2.60_cluster3.xyz,1.60
7xv9,4,homo,1,ZN,ZN,B,202,,ZN,,1.0,4,TD,4S,3.6913162289937205,5.129764546957816,0.06259896215246587,0.1698729573189799,1.2453114749288465,1.5133851405259753,No,No,No,No,,,,data/4cys-large/output/xyz_files/7xv9_ZN_homo_d2.60_cluster4.xyz,1.60
7xwe,2,homo,1,ZN,ZN,A,503,,ZN,,1.0,4,TD,4S,8.09378122434102,15.110130865780263,0.010050059284724275,0.024268274510679255,1.1607006423952873,1.6695085478898064,No,No,No,No,,,,data/4cys-large/output/xyz_files/7xwe_ZN_homo_d2.60_cluster2.xyz,1.60
7xwe,5,homo,1,ZN,ZN,B,202,,ZN,,1.0,4,TD,4S,8.698895960840957,16.102348204692106,0.042245582438349194,0.11479095016792229,1.1716518298440257,1.5797494438465942,No,No,No,No,,,,data/4cys-large/output/xyz_files/7xwe_ZN_homo_d2.60_cluster5.xyz,1.60
7xwf,2,homo,1,ZN,ZN,A,202,,ZN,,1.0,4,TD,4S,7.545159684718856,13.571598608215766,0.028450449078614132,0.07920212859334397,1.1839553979939665,1.6089020879866895,No,No,No,No,,,,data/4cys-large/output/xyz_files/7xwf_ZN_homo_d2.60_cluster2.xyz,1.45
7xwg,2,homo,1,ZN,ZN,A,202,,ZN,,1.0,4,TD,4S,8.580712359357216,15.200779563078669,0.02538795909781481,0.06843648388370704,1.15110356254043,1.5746820547366556,No,No,No,No,,,,data/4cys-large/output/xyz_files/7xwg_ZN_homo_d2.60_cluster2.xyz,1.83
7xwg,5,homo,1,ZN,ZN,B,202,,ZN,,1.0,4,TD,4S,8.394329235069318,14.259988570243934,0.050687433053949064,0.13988834504061032,1.1714060423760049,1.6662267660349384,No,No,No,No,,,,data/4cys-large/output/xyz_files/7xwg_ZN_homo_d2.60_cluster5.xyz,1.83
7y1h,1,homo,1,ZN,ZN,A,2603,,ZN,,1.0,4,TD,4S,8.985467280659412,16.894469870593554,0.014319990444471799,0.03605335148190081,1.1350973214382012,1.5242251572231618,No,No,No,No,,,,data/4cys-large/output/xyz_files/7y1h_ZN_homo_d2.60_cluster1.xyz,1.99
7y44,1,homo,1,ZN,ZN,F,101,,ZN,,1.0,4,TD,4S,4.745612816199531,9.53234320856373,0.02831301769918863,0.07456379176587857,1.2808869450396267,1.8139107876614817,No,No,No,No,,,,data/4cys-large/output/xyz_files/7y44_ZN_homo_d2.60_cluster1.xyz,1.90
7y44,2,homo,1,ZN,ZN,S,101,,ZN,,1.0,4,TD,4S,2.766580889924975,5.809298284714359,0.020375401078929083,0.056581885851025415,1.307064787616654,1.9156196316112564,No,No,No,No,,,,data/4cys-large/output/xyz_files/7y44_ZN_homo_d2.60_cluster2.xyz,1.90
7y6w,2,homo,1,ZN,ZN,A,202,,ZN,,1.0,4,TD,4S,8.47354885582232,15.306180826887399,0.020754833298666772,0.05544047585762657,1.1292335164203173,1.6702220274143764,No,No,No,No,,,,data/4cys-large/output/xyz_files/7y6w_ZN_homo_d2.60_cluster2.xyz,1.95
7y6y,2,homo,1,ZN,ZN,A,202,,ZN,,1.0,4,TD,4S,7.326366001582916,14.060077817901487,0.020857838051998097,0.05290884364422732,1.192880411280495,1.6028055313408398,No,No,No,No,,,,data/4cys-large/output/xyz_files/7y6y_ZN_homo_d2.60_cluster2.xyz,1.54
7y6y,5,homo,1,ZN,ZN,B,202,,ZN,,1.0,4,TD,4S,7.745840488304594,15.101409001872426,0.041945054026650004,0.10794007774260361,1.1940911610491791,1.645159768179705,No,No,No,No,,,,data/4cys-large/output/xyz_files/7y6y_ZN_homo_d2.60_cluster5.xyz,1.54
7y6y,8,homo,1,ZN,ZN,C,202,,ZN,,1.0,4,TD,4S,7.846139373856637,15.03355574260317,0.02018490924480674,0.050022052466530464,1.199413202784865,1.6152908176741676,No,No,No,No,,,,data/4cys-large/output/xyz_files/7y6y_ZN_homo_d2.60_cluster8.xyz,1.54
7y6y,11,homo,1,ZN,ZN,D,202,,ZN,,1.0,4,TD,4S,8.109738366756455,15.21308912619996,0.026783054834298693,0.06442636899065235,1.1873030678966057,1.5981807202987082,No,No,No,No,,,,data/4cys-large/output/xyz_files/7y6y_ZN_homo_d2.60_cluster11.xyz,1.54
7y6z,2,homo,1,ZN,ZN,A,202,,ZN,,1.0,4,TD,4S,5.253715815966795,9.856557629419868,0.05339468743749069,0.14525762223125716,1.2075110062101875,1.8641675926266674,No,No,No,No,,,,data/4cys-large/output/xyz_files/7y6z_ZN_homo_d2.60_cluster2.xyz,1.60
7y70,1,homo,1,ZN,ZN,A,201,,ZN,,1.0,4,TD,4S,7.881745567863638,15.841707895236183,0.03782815597485925,0.10101882306622612,1.1711433134159774,1.757020063970582,No,No,No,No,,,,data/4cys-large/output/xyz_files/7y70_ZN_homo_d2.60_cluster1.xyz,1.80
7ybg,1,homo,1,ZN,ZN,A,403,,ZN,,1.0,4,TD,4S,3.476116013038416,5.81479977307265,0.13371308486339348,0.37390027674136617,1.2739431135492398,1.878234411142329,No,No,No,No,,,,data/4cys-large/output/xyz_files/7ybg_ZN_homo_d2.60_cluster1.xyz,1.90
7yh2,1,homo,1,ZN,ZN,A,201,,ZN,,0.99,4,TD,4S,9.669376555137653,19.021479657862272,0.02522182212708735,0.06593236910644729,1.1496877960341476,1.7118654240667006,No,No,No,No,,,,data/4cys-large/output/xyz_files/7yh2_ZN_homo_d2.60_cluster1.xyz,1.91
7yh2,2,homo,1,ZN,ZN,B,201,,ZN,,0.95,4,TD,4S,9.653283525717372,18.76703229882341,0.04518162644113697,0.11574545907059886,1.1508506156489107,1.75669865769499,No,No,No,No,,,,data/4cys-large/output/xyz_files/7yh2_ZN_homo_d2.60_cluster2.xyz,1.91
7yh3,1,homo,1,ZN,ZN,A,500,,ZN,,1.0,4,TD,4S,9.949293221052272,20.28024812082056,0.05682385196412123,0.13629009295031924,1.1637507410920185,1.714026546386524,No,No,No,No,,,,data/4cys-large/output/xyz_files/7yh3_ZN_homo_d2.60_cluster1.xyz,1.70
7yh3,2,homo,1,ZN,ZN,B,500,,ZN,,1.0,4,TD,4S,9.362994581208158,18.81619633369516,0.06968890467861384,0.18757042732177798,1.166122130367188,1.7955047900007137,No,No,No,No,,,,data/4cys-large/output/xyz_files/7yh3_ZN_homo_d2.60_cluster2.xyz,1.70
7yh3,3,homo,1,ZN,ZN,C,500,,ZN,,1.0,4,TD,4S,10.138421383893023,21.69405889528943,0.041946444043631154,0.10496442598422906,1.1810852915548407,1.7116590565099643,No,No,No,No,,,,data/4cys-large/output/xyz_files/7yh3_ZN_homo_d2.60_cluster3.xyz,1.70
7yh3,4,homo,1,ZN,ZN,D,500,,ZN,,1.0,4,TD,4S,12.00728608730279,22.502994842304503,0.10216146166919195,0.28818294249066545,1.1227006999866214,1.6217832129524528,No,No,No,No,,,,data/4cys-large/output/xyz_files/7yh3_ZN_homo_d2.60_cluster4.xyz,1.70
7ypy,1,homo,1,ZN,ZN,F,101,,ZN,,1.0,4,TD,4S,3.4914258361363,7.0762197621710925,0.027526108242670884,0.07352554911686315,1.2923440435597304,1.3877036371658724,No,No,No,No,,,,data/4cys-large/output/xyz_files/7ypy_ZN_homo_d2.60_cluster1.xyz,1.50
7ypy,2,homo,1,ZN,ZN,S,101,,ZN,,1.0,4,TD,4S,3.4683988165681403,7.366216347454468,0.021931425569513243,0.05525172381603127,1.2820135223103162,1.3834843314185135,No,No,No,No,,,,data/4cys-large/output/xyz_files/7ypy_ZN_homo_d2.60_cluster2.xyz,1.50
7yrb,1,homo,1,ZN,ZN,A,1001,,ZN,,1.0,4,TD,4S,3.3981431596665477,7.305441452174705,0.04484353986244328,0.12673256824370105,1.309709420320398,1.6064093312255034,No,No,No,No,,,,data/4cys-large/output/xyz_files/7yrb_ZN_homo_d2.60_cluster1.xyz,1.51
7yrb,2,homo,1,ZN,ZN,A,1002,,ZN,,1.0,4,TD,4S,5.581601456206441,8.331695242698103,0.023519906884063854,0.061955103723147165,1.239544560080161,1.7463087613355968,No,No,No,No,,,,data/4cys-large/output/xyz_files/7yrb_ZN_homo_d2.60_cluster2.xyz,1.51
7ysi,1,homo,1,ZN,ZN,A,201,,ZN,,1.0,4,TD,4S,5.827776284163412,8.800052613498679,0.0280715571310724,0.07931301721410167,1.257710965358137,1.4961094405066209,No,No,No,No,,,,data/4cys-large/output/xyz_files/7ysi_ZN_homo_d2.60_cluster1.xyz,1.20
7yuj,1,homo,1,ZN,ZN,A,601,,ZN,,1.0,4,TD,4S,7.499378569916542,12.35640918455077,0.08677483919857504,0.1943407885689714,1.2070744660362542,1.3942931056349985,No,No,No,No,,,,data/4cys-large/output/xyz_files/7yuj_ZN_homo_d2.60_cluster1.xyz,1.87
7yuj,2,homo,1,ZN,ZN,A,602,,ZN,,1.0,4,TD,4S,7.671817204934713,13.680248943738732,0.06340507087493757,0.13886578497726765,1.269531782312317,2.0547569435032798,No,No,No,No,,,,data/4cys-large/output/xyz_files/7yuj_ZN_homo_d2.60_cluster2.xyz,1.87
7yuj,3,homo,1,ZN,ZN,A,603,,ZN,,1.0,4,TD,4S,4.984112514648047,8.650293061736036,0.048383709194781986,0.12576373422603293,1.2635054553956442,1.5343627137676492,No,No,No,No,,,,data/4cys-large/output/xyz_files/7yuj_ZN_homo_d2.60_cluster3.xyz,1.87
7yuj,4,homo,1,ZN,ZN,A,604,,ZN,,1.0,4,TD,4S,6.922439466924224,9.677118463784836,0.09358083690786788,0.2565657389925784,1.1885244221300355,1.879299690665111,No,No,No,No,,,,data/4cys-large/output/xyz_files/7yuj_ZN_homo_d2.60_cluster4.xyz,1.87
7yuj,6,homo,1,ZN,ZN,B,601,,ZN,,1.0,4,TD,4S,6.88000196847682,9.29629990687421,0.07374565501910846,0.1838706527730678,1.1918352868666344,1.9341028670397868,No,No,No,No,,,,data/4cys-large/output/xyz_files/7yuj_ZN_homo_d2.60_cluster6.xyz,1.87
7yuj,8,homo,1,ZN,ZN,B,603,,ZN,,1.0,4,TD,4S,5.457822890727782,8.708134397724535,0.04376769217329324,0.10781414481590534,1.2503049810273787,1.7141045092338008,No,No,No,No,,,,data/4cys-large/output/xyz_files/7yuj_ZN_homo_d2.60_cluster8.xyz,1.87
7yuj,9,homo,1,ZN,ZN,B,604,,ZN,,1.0,4,TD,4S,6.426342609775732,11.637061929718769,0.07574662399609253,0.15822690177311793,1.2266426076869013,1.4142704960711596,No,No,No,No,,,,data/4cys-large/output/xyz_files/7yuj_ZN_homo_d2.60_cluster9.xyz,1.87
7yuj,10,homo,1,ZN,ZN,B,606,,ZN,,1.0,4,TD,4S,8.438009580854565,14.37763549996329,0.07499955640766921,0.20887366964784349,1.2429329259540256,2.063224948499443,No,No,No,No,,,,data/4cys-large/output/xyz_files/7yuj_ZN_homo_d2.60_cluster10.xyz,1.87
7yxm,1,homo,1,ZN,ZN,A,201,,ZN,,1.0,4,TD,4S,6.758290851454363,11.785857770904087,0.10454575583102499,0.2580263841426871,1.1888471672358922,1.7643116996182777,No,No,No,No,,,,data/4cys-large/output/xyz_files/7yxm_ZN_homo_d2.60_cluster1.xyz,1.70
7yxm,2,homo,1,ZN,ZN,C,201,,ZN,,1.0,4,TD,4S,5.842166020035544,8.669494897443002,0.0253395365888862,0.07160879056258374,1.2619721871572722,1.7309630464471992,No,No,No,No,,,,data/4cys-large/output/xyz_files/7yxm_ZN_homo_d2.60_cluster2.xyz,1.70
7zc3,1,homo,1,ZN,ZN,A,101,,ZN,,0.58,4,TD,4S,5.573939877848104,8.42198556823773,0.04975688968728675,0.13215415660893592,1.2255399103054025,1.3393386882827572,No,No,No,No,,,,data/4cys-large/output/xyz_files/7zc3_ZN_homo_d2.60_cluster1.xyz,1.90
7zdd,1,homo,1,ZN,ZN,A,1103,,ZN,,1.0,4,TD,4S,3.992655114880411,7.367171775781856,0.017237337791346046,0.04489562182461615,1.256777219672528,1.9410145176161342,No,No,No,No,,,,data/4cys-large/output/xyz_files/7zdd_ZN_homo_d2.60_cluster1.xyz,1.63
7zmx,2,homo,1,ZN,ZN,A,503,,ZN,,1.0,4,TD,4S,4.246190570302278,7.354493119633119,0.0176535888214829,0.044448607066543744,1.2710629283991108,2.0249712257956265,No,No,No,No,,,,data/4cys-large/output/xyz_files/7zmx_ZN_homo_d2.60_cluster2.xyz,1.20
7zmx,4,homo,1,ZN,ZN,B,502,,ZN,,1.0,4,TD,4S,4.922213334476326,8.989978402859379,0.01670821399290671,0.04385920133690302,1.2534704149991371,1.8393256657313146,No,No,No,No,,,,data/4cys-large/output/xyz_files/7zmx_ZN_homo_d2.60_cluster4.xyz,1.20
8a3n,2,homo,1,ZN,ZN,A,1002,,ZN,,1.0,4,TD,4S,7.498468242985621,10.48980144670793,0.012803483778269086,0.03445415180008249,1.1666127944196643,1.3870698817583436,No,No,No,No,,,,data/4cys-large/output/xyz_files/8a3n_ZN_homo_d2.60_cluster2.xyz,2.00
8a3n,4,homo,1,ZN,ZN,B,1002,,ZN,,1.0,4,TD,4S,7.257308534246849,11.295592499646077,0.015929123437358708,0.04370984677854439,1.176074393976389,1.3476536141681668,No,No,No,No,,,,data/4cys-large/output/xyz_files/8a3n_ZN_homo_d2.60_cluster4.xyz,2.00
8ajq,2,homo,1,ZN,ZN,A,206,,ZN,,1.0,4,TD,4S,3.8307434424591396,5.32931448741536,0.024425106851785006,0.06500256342827182,1.2713967042353835,1.7014601720438751,No,No,No,No,,ALTLOC,,data/4cys-large/output/xyz_files/8ajq_ZN_homo_d2.60_cluster2_altlocLIGA.xyz,1.25
8ajq,2,homo,1,ZN,ZN,A,206,,ZN,,1.0,4,TD,4S,3.8307434424591396,5.32931448741536,0.024425106851785006,0.06500256342827182,1.2713967042353835,1.7014601720438751,No,No,No,No,,ALTLOC,,data/4cys-large/output/xyz_files/8ajq_ZN_homo_d2.60_cluster2_altlocLIGB.xyz,1.25
8ajq,4,homo,1,ZN,ZN,B,205,,ZN,,1.0,4,TD,4S,3.7966127616840515,5.519232408540205,0.024998983359987077,0.06330903752729755,1.2776454752412645,1.5298743460416218,No,No,No,No,,,,data/4cys-large/output/xyz_files/8ajq_ZN_homo_d2.60_cluster4.xyz,1.25
8ajq,6,homo,1,ZN,ZN,C,204,,ZN,,1.0,4,TD,4S,3.9779169641795455,5.732953900637668,0.030301311585509638,0.07699428981315704,1.270470750428255,1.6374588634589058,No,No,No,No,,ALTLOC,,data/4cys-large/output/xyz_files/8ajq_ZN_homo_d2.60_cluster6_altlocLIGA.xyz,1.25
8ajq,6,homo,1,ZN,ZN,C,204,,ZN,,1.0,4,TD,4S,3.9779169641795455,5.732953900637668,0.030301311585509638,0.07699428981315704,1.270470750428255,1.6374588634589058,No,No,No,No,,ALTLOC,,data/4cys-large/output/xyz_files/8ajq_ZN_homo_d2.60_cluster6_altlocLIGB.xyz,1.25
8ajq,8,homo,1,ZN,ZN,D,204,,ZN,,1.0,4,TD,4S,3.6732292075605124,5.316026656188072,0.013966219813469596,0.03556274940357218,1.278748139171552,1.6254112444005246,No,No,No,No,,,,data/4cys-large/output/xyz_files/8ajq_ZN_homo_d2.60_cluster8.xyz,1.25
8ajq,10,homo,1,ZN,ZN,E,205,,ZN,,1.0,4,TD,4S,3.8267699332950587,5.43144428204954,0.01772283467878066,0.04423966399983392,1.269669720298874,1.5544026197443657,No,No,No,No,,ALTLOC,,data/4cys-large/output/xyz_files/8ajq_ZN_homo_d2.60_cluster10_altlocLIGA.xyz,1.25
8ajq,10,homo,1,ZN,ZN,E,205,,ZN,,1.0,4,TD,4S,3.8267699332950587,5.43144428204954,0.01772283467878066,0.04423966399983392,1.269669720298874,1.5544026197443657,No,No,No,No,,ALTLOC,,data/4cys-large/output/xyz_files/8ajq_ZN_homo_d2.60_cluster10_altlocLIGB.xyz,1.25
8ajq,12,homo,1,ZN,ZN,F,205,,ZN,,1.0,4,TD,4S,3.664542841589166,5.032504814281239,0.03485045547619022,0.09493209398130498,1.2729924372094898,1.68141702124315,No,No,No,No,,,,data/4cys-large/output/xyz_files/8ajq_ZN_homo_d2.60_cluster12.xyz,1.25
8ajq,14,homo,1,ZN,ZN,G,205,,ZN,,1.0,4,TD,4S,3.691194357221308,5.275932636644924,0.021499218594328427,0.0563733796144974,1.278485381523293,1.6617492170834465,No,No,No,No,,,,data/4cys-large/output/xyz_files/8ajq_ZN_homo_d2.60_cluster14.xyz,1.25
8ajq,15,homo,1,ZN,ZN,H,204,,ZN,,1.0,4,TD,4S,3.723992964642984,5.379110622440777,0.020980090129582882,0.05769355403921583,1.2715038782673367,1.637342015625826,No,No,No,No,,ALTLOC,,data/4cys-large/output/xyz_files/8ajq_ZN_homo_d2.60_cluster15_altlocLIGA.xyz,1.25
8ajq,15,homo,1,ZN,ZN,H,204,,ZN,,1.0,4,TD,4S,3.723992964642984,5.379110622440777,0.020980090129582882,0.05769355403921583,1.2715038782673367,1.637342015625826,No,No,No,No,,ALTLOC,,data/4cys-large/output/xyz_files/8ajq_ZN_homo_d2.60_cluster15_altlocLIGB.xyz,1.25
8ajq,15,homo,1,ZN,ZN,H,204,,ZN,,1.0,4,TD,4S,3.723992964642984,5.379110622440777,0.020980090129582882,0.05769355403921583,1.2715038782673367,1.637342015625826,No,No,No,No,,ALTLOC,,data/4cys-large/output/xyz_files/8ajq_ZN_homo_d2.60_cluster15_altlocLIGC.xyz,1.25
8ak6,2,homo,1,ZN,ZN,B,402,,ZN,,1.0,4,TD,4S,3.349853494336003,5.906777695969737,0.14652955380301688,0.3532695951272924,1.237258654444326,1.6856430529833868,No,No,No,No,,,,data/4cys-large/output/xyz_files/8ak6_ZN_homo_d2.60_cluster2.xyz,1.98
8ak7,1,homo,1,ZN,ZN,A,402,,ZN,,1.0,4,TD,4S,7.738056804611006,13.222071648848711,0.07227391774202692,0.1910932746481997,1.1972973930775415,1.8204215143163205,No,No,No,No,,,,data/4cys-large/output/xyz_files/8ak7_ZN_homo_d2.60_cluster1.xyz,1.81
8ak7,2,homo,1,ZN,ZN,B,403,,ZN,,1.0,4,TD,4S,6.797051615274909,11.414196659597579,0.07753440224652733,0.1965388221499378,1.2111529296269705,1.6759200007384756,No,No,No,No,,,,data/4cys-large/output/xyz_files/8ak7_ZN_homo_d2.60_cluster2.xyz,1.81
8ak8,1,homo,1,ZN,ZN,A,402,,ZN,,1.0,4,TD,4S,6.501136107778177,11.780945358752916,0.06884083099315676,0.1906656160691491,1.2184351020393573,1.8632249350411856,No,No,No,No,,,,data/4cys-large/output/xyz_files/8ak8_ZN_homo_d2.60_cluster1.xyz,1.73
8ak8,2,homo,1,ZN,ZN,B,402,,ZN,,1.0,4,TD,4S,6.2080753262362,10.029958938512948,0.083459223217877,0.19329188927736274,1.1639219528248967,1.46397804851589,No,No,No,No,,,,data/4cys-large/output/xyz_files/8ak8_ZN_homo_d2.60_cluster2.xyz,1.73
8ak9,1,homo,1,ZN,ZN,A,402,,ZN,,1.0,4,TD,4S,5.365948242047328,6.795012993086914,0.060342125120139915,0.14737767140632174,1.232911106674491,1.591051612101593,No,No,No,No,,,,data/4cys-large/output/xyz_files/8ak9_ZN_homo_d2.60_cluster1.xyz,1.95
8ak9,2,homo,1,ZN,ZN,B,403,,ZN,,1.0,4,TD,4S,5.267728387942273,7.74673071508775,0.10085472158905875,0.246536143645125,1.2133634769556592,1.6621203843284142,No,No,No,No,,,,data/4cys-large/output/xyz_files/8ak9_ZN_homo_d2.60_cluster2.xyz,1.95
8aka,1,homo,1,ZN,ZN,A,402,,ZN,,1.0,4,TD,4S,10.5278220624903,21.10315214334196,0.05069988518976894,0.1204462600521059,1.193340323838644,1.8866184825993009,No,No,No,No,,,,data/4cys-large/output/xyz_files/8aka_ZN_homo_d2.60_cluster1.xyz,1.77
8aka,2,homo,1,ZN,ZN,B,403,,ZN,,1.0,4,TD,4S,6.729648510198539,13.714188139969764,0.06555261997872885,0.1656719203745638,1.1951523921066969,1.7354871393752274,No,No,No,No,,,,data/4cys-large/output/xyz_files/8aka_ZN_homo_d2.60_cluster2.xyz,1.77
8akc,1,homo,1,ZN,ZN,A,402,,ZN,,1.0,4,TD_d,4S,7.337456999307492,12.700110839779938,0.16079429955380684,0.3961020906511332,1.1404911614823736,1.4734034945339336,No,No,Yes,No,,,,data/4cys-large/output/xyz_files/8akc_ZN_homo_d2.60_cluster1.xyz,1.83
8akd,1,homo,1,ZN,ZN,A,402,,ZN,,1.0,4,TD,4S,7.988699965825513,12.793270406151507,0.05726985269497285,0.14939897788132095,1.1839396642417224,1.818679369799634,No,No,No,No,,,,data/4cys-large/output/xyz_files/8akd_ZN_homo_d2.60_cluster1.xyz,1.76
8akd,2,homo,1,ZN,ZN,B,403,,ZN,,1.0,4,TD,4S,5.398499976161749,7.792933083292212,0.05453507641317162,0.14858729296304363,1.2379220625747096,1.695737063792285,No,No,No,No,,,,data/4cys-large/output/xyz_files/8akd_ZN_homo_d2.60_cluster2.xyz,1.76
8ake,1,homo,1,ZN,ZN,A,402,,ZN,,1.0,4,TD,4S,5.701267777772045,10.770697223787096,0.12961893871898958,0.3523092443808067,1.2353915718813016,1.8635681024769244,No,No,No,No,,,,data/4cys-large/output/xyz_files/8ake_ZN_homo_d2.60_cluster1.xyz,1.82
8ake,2,homo,1,ZN,ZN,B,403,,ZN,,1.0,4,TD,4S,7.952455834076969,14.00197630632887,0.07337091545368638,0.1812458039388134,1.225417319711597,1.6297638344637102,No,No,No,No,,,,data/4cys-large/output/xyz_files/8ake_ZN_homo_d2.60_cluster2.xyz,1.82
8akf,1,homo,1,ZN,ZN,A,402,,ZN,,1.0,4,TD,4S,8.081430600479772,14.540308968134468,0.08922591596999735,0.24734704528412133,1.1979338387307092,1.672614091265961,No,No,No,No,,,,data/4cys-large/output/xyz_files/8akf_ZN_homo_d2.60_cluster1.xyz,1.97
8akf,2,homo,1,ZN,ZN,B,402,,ZN,,1.0,4,TD,4S,8.666532947288648,14.114729188534497,0.057267887188095695,0.16168605259273905,1.1643404449040549,1.8232718642965926,No,No,No,No,,,,data/4cys-large/output/xyz_files/8akf_ZN_homo_d2.60_cluster2.xyz,1.97
8akg,1,homo,1,ZN,ZN,A,402,,ZN,,1.0,4,TD,4S,6.725740365081773,12.414848626790047,0.05270628652610394,0.13947896246551217,1.2258260524286984,1.5614608356053485,No,No,No,No,,,,data/4cys-large/output/xyz_files/8akg_ZN_homo_d2.60_cluster1.xyz,1.82
8akg,2,homo,1,ZN,ZN,B,403,,ZN,,1.0,4,TD,4S,6.120916994553314,11.732983945051657,0.08561786332730108,0.21570781773481285,1.223002620402501,1.5532038802512091,No,No,No,No,,,,data/4cys-large/output/xyz_files/8akg_ZN_homo_d2.60_cluster2.xyz,1.82
8aop,1,homo,1,ZN,ZN,A,201,,ZN,,1.0,4,TD,4S,4.753047115119435,9.679108544789756,0.02122554713606559,0.05894596125395468,1.2527827627778694,1.921352411293356,No,No,No,No,,,,data/4cys-large/output/xyz_files/8aop_ZN_homo_d2.60_cluster1.xyz,1.94
8aop,2,homo,1,ZN,ZN,B,201,,ZN,,1.0,4,TD,4S,4.238620166505253,6.952437415191696,0.029921825653617503,0.07345494034129985,1.2871213897659781,1.4370145023584204,No,No,No,No,,,,data/4cys-large/output/xyz_files/8aop_ZN_homo_d2.60_cluster2.xyz,1.94
8aop,3,homo,1,ZN,ZN,C,201,,ZN,,1.0,4,TD,4S,5.070443815201412,9.042449832419464,0.005525668517536577,0.01497544550431451,1.2481657775751183,1.6350587894305117,No,No,No,No,,,,data/4cys-large/output/xyz_files/8aop_ZN_homo_d2.60_cluster3.xyz,1.94
8b1v,1,homo,1,ZN,ZN,A,402,,ZN,,1.0,4,TD,4S,4.433012980980167,7.953038208580651,0.005432098307296347,0.013114833497637868,1.245037337051866,1.4980013964453005,No,No,No,No,,,,data/4cys-large/output/xyz_files/8b1v_ZN_homo_d2.60_cluster1.xyz,1.88
8b1v,2,homo,1,ZN,ZN,B,402,,ZN,,1.0,4,TD,4S,4.093255110355215,6.567024972273586,0.007507589708098429,0.01955829924994479,1.2599198071797115,1.7555073350052504,No,No,No,No,,,,data/4cys-large/output/xyz_files/8b1v_ZN_homo_d2.60_cluster2.xyz,1.88
8b9n,1,homo,1,ZN,ZN,A,401,,ZN,,1.0,4,TD,4S,6.041296719883275,12.720675342125219,0.016031099589784163,0.03790411228048596,1.2229291141523801,1.8401804947694362,No,No,No,No,,,,data/4cys-large/output/xyz_files/8b9n_ZN_homo_d2.60_cluster1.xyz,2.00
8b9n,2,homo,1,ZN,ZN,C,401,,ZN,,1.0,4,TD,4S,5.469000883322345,11.43246312766027,0.00992898823660318,0.027751582816641474,1.237127500682767,1.8447070173411841,No,No,No,No,,,,data/4cys-large/output/xyz_files/8b9n_ZN_homo_d2.60_cluster2.xyz,2.00
8ba5,1,homo,1,ZN,ZN,A,703,,ZN,,1.0,4,TD,4S,4.336156410374986,6.751633441310048,0.014114473818529061,0.03432285290155779,1.2698205360408588,2.150363937454563,No,No,No,No,,,,data/4cys-large/output/xyz_files/8ba5_ZN_homo_d2.60_cluster1.xyz,1.45
8ba5,2,homo,1,ZN,ZN,A,704,,ZN,,1.0,4,TD,4S,3.55507851560284,6.122327470148434,0.028894012562210473,0.07197966937729428,1.2668764158729575,1.9078574269555624,No,No,No,No,,,,data/4cys-large/output/xyz_files/8ba5_ZN_homo_d2.60_cluster2.xyz,1.45
8ba5,3,homo,1,ZN,ZN,A,705,,ZN,,1.0,4,TD,4S,3.8831377522094264,8.030364421189844,0.03975796358152553,0.09759041816392022,1.2593799635883933,1.6549054937389094,No,No,No,No,,,,data/4cys-large/output/xyz_files/8ba5_ZN_homo_d2.60_cluster3.xyz,1.45
8bc6,1,homo,1,ZN,ZN,A,201,,ZN,,1.0,4,TD,4S,4.450974490255645,9.152917606057244,0.032641707131922805,0.08782745668212044,1.2626015377285214,1.7671758137700633,No,No,No,No,,,,data/4cys-large/output/xyz_files/8bc6_ZN_homo_d2.60_cluster1.xyz,1.72
8bc6,2,homo,1,ZN,ZN,B,201,,ZN,,1.0,4,TD,4S,4.886231476934433,9.021380366232535,0.07087255351947748,0.1770734444142379,1.2784539575808596,1.3073455639439782,No,No,No,No,,,,data/4cys-large/output/xyz_files/8bc6_ZN_homo_d2.60_cluster2.xyz,1.72
8bc6,3,homo,1,ZN,ZN,C,201,,ZN,,1.0,4,TD,4S,4.034421402628077,7.1863622348127905,0.029558783953936008,0.0692033520093438,1.2760193341945525,1.6301354345177,No,No,No,No,,,,data/4cys-large/output/xyz_files/8bc6_ZN_homo_d2.60_cluster3.xyz,1.72
8bc7,1,homo,1,ZN,ZN,A,201,,ZN,,1.0,4,TD,4S,3.845763526069281,7.840573147601091,0.027376845116692836,0.0754496045987354,1.2784601533248998,1.8271729407735353,No,No,No,No,,,,data/4cys-large/output/xyz_files/8bc7_ZN_homo_d2.60_cluster1.xyz,1.72
8bc7,2,homo,1,ZN,ZN,B,201,,ZN,,1.0,4,TD,4S,4.652429202615599,6.790164843391153,0.028070525564699314,0.06871822831244856,1.287753054409358,1.6731367286589023,No,No,No,No,,,,data/4cys-large/output/xyz_files/8bc7_ZN_homo_d2.60_cluster2.xyz,1.72
8bc7,3,homo,1,ZN,ZN,C,201,,ZN,,1.0,4,TD,4S,4.494477003959979,7.609705837285517,0.031995726043594755,0.07917456329458084,1.2714098047225812,1.7650974227047707,No,No,No,No,,,,data/4cys-large/output/xyz_files/8bc7_ZN_homo_d2.60_cluster3.xyz,1.72
8bl0,1,homo,1,ZN,ZN,A,402,,ZN,,1.0,4,TD,4S,7.436582470177721,13.46535688790344,0.10428117170309385,0.2892339706977105,1.1807884878939978,1.5070731088823526,No,No,No,No,,,,data/4cys-large/output/xyz_files/8bl0_ZN_homo_d2.60_cluster1.xyz,1.82
8bl0,2,homo,1,ZN,ZN,B,403,,ZN,,1.0,4,TD,4S,5.92401346637702,9.554745923947308,0.10566411971432813,0.29673429677077134,1.2332894046994292,1.6308879492350763,No,No,No,No,,,,data/4cys-large/output/xyz_files/8bl0_ZN_homo_d2.60_cluster2.xyz,1.82
8bru,1,homo,1,ZN,ZN,A,601,,ZN,,1.0,4,TD,4S,2.2531396666371837,3.232356527379963,0.0393802568129254,0.10480612160100655,1.29735889234525,1.668357526257789,No,No,No,No,,,,data/4cys-large/output/xyz_files/8bru_ZN_homo_d2.60_cluster1.xyz,1.55
