# PATH  Rmax= 9.000,  Keep_limit= 0.00, Heap_limit 0.00  Pwcrit= 2.50%
 -----------------------------------------------------------------------
  pathindex     sig2   amp ratio    deg    nlegs  r effective
        1     0.00000     0.1000E+03     1.000     2   2.0652
        2     0.00000     0.9947E+02     1.000     2   2.0695
        3     0.00000     0.8125E+02     1.000     2   2.2957
        4     0.00000     0.8109E+02     1.000     2   2.2974
        5     0.00000     0.9556E+01     1.000     2   2.9361
        6     0.00000     0.3888E+02     1.000     2   2.9679
        7     0.00000     0.3866E+02     1.000     2   2.9746
        8     0.00000     0.9073E+01     1.000     2   2.9955
        9     0.00000     0.8129E+01     1.000     2   3.1247
       10     0.00000     0.8072E+01     1.000     2   3.1332
       11     0.00000     0.7965E+01     1.000     2   3.1492
       12     0.00000     0.3302E+02     1.000     2   3.1514
       13     0.00000     0.3259E+02     1.000     2   3.1670
       14     0.00000     0.5384E+02     2.000     3   3.1783
       15     0.00000     0.5482E+02     2.000     3   3.1799
       16     0.00000     0.7743E+01     1.000     2   3.1834
       17     0.00000     0.3206E+02     1.000     2   3.2080
       18     0.00000     0.3148E+02     1.000     2   3.2306
       19     0.00000     0.6367E+02     2.000     3   3.2983
       20     0.00000     0.6461E+02     2.000     3   3.3086
       21     0.00000     0.6950E+01     1.000     2   3.3171
       22     0.00000     0.6681E+01     1.000     2   3.3671
       23     0.00000     0.2439E+02     1.000     4   3.3852
       24     0.00000     0.2302E+02     1.000     4   3.3887
       25     0.00000     0.4127E+02     1.000     4   3.4451
       26     0.00000     0.4297E+02     1.000     4   3.4502
       27     0.00000     0.2407E+02     1.000     2   3.5741
       28     0.00000     0.6721E+01     2.000     3   3.5898
       29     0.00000     0.5625E+01     1.000     2   3.5920
       30     0.00000     0.6655E+01     2.000     3   3.6011
       31     0.00000     0.2353E+02     1.000     2   3.6042
       32     0.00000     0.9749E+01     2.000     3   3.6479
       33     0.00000     0.3183E+02     2.000     3   3.6668
       34     0.00000     0.5556E+01     2.000     3   3.6683
       35     0.00000     0.8177E+01     2.000     3   3.6721
       36     0.00000     0.5569E+01     2.000     3   3.6747
       37     0.00000     0.3186E+02     2.000     3   3.6759
       38     0.00000     0.7799E+01     2.000     3   3.7237
       39     0.00000     0.1091E+02     2.000     4   3.8002
       40     0.00000     0.1450E+02     2.000     3   3.8012
       41     0.00000     0.1112E+02     2.000     4   3.8064
       42     0.00000     0.1992E+02     1.000     2   3.8290
       43     0.00000     0.1905E+02     1.000     2   3.8918
       44     0.00000     0.6226E+01     2.000     3   3.9451
       45     0.00000     0.6164E+01     2.000     3   3.9464
       46     0.00000     0.6380E+01     2.000     3   3.9600
       47     0.00000     0.6510E+01     2.000     3   3.9652
       48     0.00000     0.7135E+01     2.000     3   3.9894
       49     0.00000     0.7783E+01     2.000     3   4.0077
       50     0.00000     0.4949E+01     1.000     4   4.0283
       51     0.00000     0.1243E+02     2.000     3   4.0833
       52     0.00000     0.1335E+02     2.000     3   4.0830
       53     0.00000     0.4271E+01     1.000     4   4.0878
       54     0.00000     0.1335E+02     2.000     3   4.1003
       56     0.00000     0.1498E+02     2.000     3   4.1085
       57     0.00000     0.9671E+01     1.000     4   4.1211
       59     0.00000     0.9855E+01     1.000     4   4.1257
       61     0.00000     0.1469E+02     2.000     3   4.1294
       62     0.00000     0.1116E+02     1.000     4   4.1305
       63     0.00000     0.3188E+01     2.000     4   4.1347
       64     0.00000     0.1104E+02     1.000     4   4.1390
       65     0.00000     0.8773E+01     2.000     3   4.1447
       66     0.00000     0.4291E+01     2.000     3   4.1500
       67     0.00000     0.1562E+02     1.000     2   4.1534
       68     0.00000     0.1562E+02     1.000     2   4.1536
       70     0.00000     0.3747E+01     1.000     2   4.1714
       71     0.00000     0.4096E+02     2.000     3   4.1976
       72     0.00000     0.4036E+02     2.000     3   4.2009
       73     0.00000     0.3712E+01     1.000     4   4.2116
       74     0.00000     0.3757E+01     1.000     4   4.2168
       75     0.00000     0.4314E+02     2.000     3   4.2288
       76     0.00000     0.4233E+02     2.000     3   4.2319
       77     0.00000     0.2994E+02     1.000     4   4.2419
       79     0.00000     0.8882E+01     2.000     3   4.2442
       80     0.00000     0.1364E+02     2.000     3   4.2475
       81     0.00000     0.2929E+02     1.000     4   4.2481
       82     0.00000     0.7360E+01     2.000     4   4.2553
       83     0.00000     0.3720E+01     2.000     5   4.2568
       84     0.00000     0.3911E+01     2.000     5   4.2583
       85     0.00000     0.1455E+02     1.000     2   4.2595
       86     0.00000     0.1446E+02     1.000     2   4.2687
       87     0.00000     0.7169E+01     2.000     4   4.2710
       88     0.00000     0.4348E+02     2.000     3   4.2732
       89     0.00000     0.4072E+01     1.000     4   4.2749
       90     0.00000     0.5666E+02     2.000     4   4.2760
       91     0.00000     0.5649E+02     2.000     4   4.2761
       92     0.00000     0.4351E+02     2.000     3   4.2805
       93     0.00000     0.1249E+02     2.000     3   4.2869
       94     0.00000     0.2464E+02     1.000     4   4.2871
       95     0.00000     0.3369E+02     1.000     4   4.2869
       96     0.00000     0.3382E+02     1.000     4   4.2923
       97     0.00000     0.1908E+02     2.000     4   4.2950
       98     0.00000     0.2468E+02     1.000     4   4.2946
       99     0.00000     0.1901E+02     2.000     4   4.2970
      100     0.00000     0.3442E+01     1.000     2   4.3012
      102     0.00000     0.4139E+02     1.000     4   4.3039
      103     0.00000     0.4038E+02     1.000     4   4.3104
      104     0.00000     0.1349E+02     1.000     4   4.3235
      105     0.00000     0.5750E+01     2.000     5   4.3319
      106     0.00000     0.4017E+01     2.000     4   4.3356
      107     0.00000     0.5489E+01     2.000     5   4.3353
      108     0.00000     0.3338E+01     1.000     2   4.3492
      109     0.00000     0.1933E+02     2.000     4   4.3554
      110     0.00000     0.3136E+01     2.000     4   4.3609
      112     0.00000     0.1915E+02     2.000     4   4.3638
      115     0.00000     0.3265E+01     1.000     2   4.3835
      117     0.00000     0.3016E+02     2.000     3   4.3890
      118     0.00000     0.2957E+02     2.000     3   4.4007
      119     0.00000     0.4633E+02     2.000     4   4.4027
      120     0.00000     0.3638E+01     2.000     4   4.4053
      121     0.00000     0.4583E+02     2.000     4   4.4125
      122     0.00000     0.2339E+02     2.000     4   4.4129
      123     0.00000     0.2326E+02     2.000     4   4.4174
      124     0.00000     0.5963E+01     2.000     3   4.4244
      125     0.00000     0.4572E+02     2.000     4   4.4372
      126     0.00000     0.4563E+02     2.000     4   4.4392
      128     0.00000     0.1145E+02     2.000     3   4.4631
      129     0.00000     0.1143E+02     1.000     6   4.4636
      130     0.00000     0.1104E+02     1.000     6   4.4672
      131     0.00000     0.3641E+01     2.000     3   4.4750
      132     0.00000     0.7167E+02     2.000     5   4.4814
      133     0.00000     0.8920E+01     2.000     5   4.4824
      134     0.00000     0.8253E+01     2.000     3   4.4849
      135     0.00000     0.7083E+02     2.000     5   4.4864
      136     0.00000     0.6788E+02     2.000     5   4.4975
      137     0.00000     0.6894E+02     2.000     5   4.4999
      138     0.00000     0.1196E+02     2.000     4   4.5005
      139     0.00000     0.5093E+02     2.000     5   4.5023
      141     0.00000     0.5067E+02     2.000     5   4.5054
      142     0.00000     0.3341E+01     2.000     3   4.5116
      143     0.00000     0.8509E+02     2.000     5   4.5143
      144     0.00000     0.8416E+02     2.000     5   4.5157
      145     0.00000     0.2560E+02     1.000     4   4.5185
      146     0.00000     0.2126E+02     1.000     4   4.5313
      147     0.00000     0.2500E+02     1.000     4   4.5327
      149     0.00000     0.4111E+02     2.000     4   4.5359
      150     0.00000     0.4100E+02     2.000     4   4.5423
      151     0.00000     0.1233E+02     1.000     2   4.5467
      152     0.00000     0.2113E+02     1.000     4   4.5477
      153     0.00000     0.6908E+02     2.000     5   4.5496
      154     0.00000     0.3418E+01     2.000     3   4.5514
      155     0.00000     0.6914E+02     2.000     5   4.5541
      156     0.00000     0.4370E+02     2.000     5   4.5589
      157     0.00000     0.4347E+02     2.000     5   4.5598
      158     0.00000     0.2876E+01     1.000     2   4.5860
      159     0.00000     0.5394E+01     1.000     4   4.5914
      160     0.00000     0.2739E+01     1.000     4   4.5918
      161     0.00000     0.3396E+01     2.000     4   4.5930
      162     0.00000     0.5373E+01     1.000     4   4.5947
      163     0.00000     0.2785E+01     1.000     4   4.5964
      164     0.00000     0.3247E+01     2.000     4   4.6027
      165     0.00000     0.3685E+01     2.000     4   4.6045
      166     0.00000     0.1188E+02     1.000     2   4.6059
      167     0.00000     0.2832E+01     1.000     2   4.6112
      168     0.00000     0.7288E+01     2.000     3   4.6148
      169     0.00000     0.6485E+01     2.000     4   4.6174
      170     0.00000     0.3945E+02     2.000     5   4.6182
      171     0.00000     0.6305E+01     2.000     4   4.6256
      172     0.00000     0.3886E+02     2.000     5   4.6278
      173     0.00000     0.3012E+02     2.000     3   4.6351
      174     0.00000     0.5248E+01     2.000     3   4.6355
      175     0.00000     0.4623E+01     2.000     3   4.6386
      176     0.00000     0.3301E+01     1.000     4   4.6429
      177     0.00000     0.2763E+01     1.000     2   4.6520
      178     0.00000     0.3124E+01     1.000     4   4.6547
      179     0.00000     0.3340E+01     2.000     3   4.6623
      180     0.00000     0.2741E+01     1.000     2   4.6648
      181     0.00000     0.5983E+02     2.000     5   4.6654
      182     0.00000     0.5483E+01     1.000     4   4.6686
      183     0.00000     0.3121E+01     2.000     3   4.6690
      184     0.00000     0.1198E+02     2.000     3   4.6745
      185     0.00000     0.5898E+02     2.000     5   4.6743
      186     0.00000     0.6295E+01     2.000     5   4.6746
      187     0.00000     0.2710E+01     2.000     4   4.6761
      189     0.00000     0.6819E+02     2.000     5   4.6782
      190     0.00000     0.6878E+02     2.000     5   4.6893
      191     0.00000     0.8072E+01     2.000     4   4.6927
      192     0.00000     0.1396E+02     1.000     4   4.6970
      193     0.00000     0.4773E+02     1.000     6   4.7052
      194     0.00000     0.4611E+02     1.000     6   4.7079
      195     0.00000     0.3542E+01     2.000     3   4.7123
      197     0.00000     0.8334E+01     2.000     3   4.7136
      198     0.00000     0.8499E+01     2.000     3   4.7144
      199     0.00000     0.3481E+01     2.000     3   4.7209
      200     0.00000     0.5259E+02     1.000     6   4.7210
      202     0.00000     0.2542E+02     1.000     4   4.7235
      203     0.00000     0.5254E+02     1.000     6   4.7247
      204     0.00000     0.1629E+02     2.000     4   4.7262
      205     0.00000     0.1599E+02     2.000     4   4.7273
      206     0.00000     0.4594E+01     2.000     4   4.7322
      209     0.00000     0.5936E+01     2.000     3   4.7470
      210     0.00000     0.5850E+01     2.000     3   4.7548
      212     0.00000     0.8770E+01     2.000     5   4.7642
      213     0.00000     0.9387E+02     2.000     6   4.7651
      214     0.00000     0.9328E+01     2.000     5   4.7671
      215     0.00000     0.1750E+02     2.000     5   4.7687
      216     0.00000     0.9330E+02     2.000     6   4.7693
      217     0.00000     0.6866E+01     2.000     4   4.7771
      219     0.00000     0.2759E+01     2.000     3   4.7846
      220     0.00000     0.6571E+01     2.000     3   4.7852
      221     0.00000     0.5036E+01     2.000     4   4.7867
      222     0.00000     0.9655E+01     2.000     4   4.7874
      223     0.00000     0.6823E+01     2.000     4   4.7893
      224     0.00000     0.8252E+01     2.000     5   4.7897
      226     0.00000     0.1113E+02     2.000     4   4.7912
      227     0.00000     0.8717E+01     2.000     5   4.7963
      228     0.00000     0.6806E+01     2.000     3   4.7975
      229     0.00000     0.9493E+01     2.000     4   4.7994
      230     0.00000     0.1087E+02     2.000     4   4.8020
      231     0.00000     0.1568E+02     2.000     3   4.8098
      233     0.00000     0.4205E+02     1.000     6   4.8123
      234     0.00000     0.4176E+02     1.000     6   4.8158
      235     0.00000     0.4201E+01     2.000     5   4.8165
      236     0.00000     0.8717E+01     2.000     3   4.8236
      237     0.00000     0.9036E+01     2.000     4   4.8255
      238     0.00000     0.5810E+02     1.000     6   4.8250
      239     0.00000     0.9081E+01     2.000     4   4.8299
      240     0.00000     0.5966E+02     1.000     6   4.8308
      241     0.00000     0.9430E+01     2.000     4   4.8431
      242     0.00000     0.4446E+01     2.000     4   4.8439
      243     0.00000     0.9461E+01     2.000     4   4.8464
      244     0.00000     0.4646E+01     2.000     3   4.8482
      245     0.00000     0.3463E+01     2.000     3   4.8491
      246     0.00000     0.8458E+01     2.000     4   4.8506
      247     0.00000     0.4973E+01     2.000     3   4.8521
      248     0.00000     0.1350E+02     2.000     3   4.8528
      249     0.00000     0.8418E+01     2.000     4   4.8584
      251     0.00000     0.5485E+01     2.000     6   4.8786
      252     0.00000     0.5596E+01     2.000     6   4.8848
      253     0.00000     0.3629E+01     2.000     4   4.8852
      254     0.00000     0.1653E+02     2.000     4   4.8938
      255     0.00000     0.6243E+01     2.000     5   4.8934
      256     0.00000     0.3173E+01     2.000     5   4.8957
      257     0.00000     0.1654E+02     2.000     4   4.8963
      258     0.00000     0.2233E+02     2.000     4   4.8982
      259     0.00000     0.1058E+02     2.000     5   4.8978
      260     0.00000     0.4815E+01     2.000     4   4.9008
      261     0.00000     0.1070E+02     2.000     5   4.9026
      262     0.00000     0.1756E+02     2.000     4   4.9043
      263     0.00000     0.4754E+01     2.000     4   4.9073
      264     0.00000     0.1746E+02     2.000     4   4.9076
      265     0.00000     0.3409E+01     2.000     4   4.9077
      266     0.00000     0.1432E+02     2.000     5   4.9090
      267     0.00000     0.4643E+01     2.000     3   4.9101
      269     0.00000     0.1365E+02     2.000     5   4.9169
      270     0.00000     0.1740E+02     2.000     4   4.9189
      271     0.00000     0.1426E+02     2.000     5   4.9211
      273     0.00000     0.1348E+02     2.000     5   4.9235
      274     0.00000     0.7832E+01     1.000     4   4.9241
      275     0.00000     0.1728E+02     2.000     4   4.9248
      276     0.00000     0.1957E+02     2.000     5   4.9257
      277     0.00000     0.4149E+01     2.000     4   4.9315
      278     0.00000     0.3232E+02     2.000     5   4.9326
      280     0.00000     0.7787E+01     2.000     4   4.9366
      281     0.00000     0.1936E+02     2.000     5   4.9369
      282     0.00000     0.3207E+02     2.000     5   4.9366
      283     0.00000     0.2681E+02     1.000     6   4.9366
      284     0.00000     0.3102E+02     2.000     5   4.9381
      285     0.00000     0.2766E+02     1.000     6   4.9378
      286     0.00000     0.3088E+02     2.000     5   4.9435
      287     0.00000     0.7778E+01     2.000     5   4.9457
      288     0.00000     0.3395E+02     2.000     5   4.9486
      289     0.00000     0.3362E+02     2.000     5   4.9548
      290     0.00000     0.3619E+01     2.000     3   4.9595
      292     0.00000     0.3808E+01     2.000     4   4.9683
      293     0.00000     0.1096E+02     2.000     4   4.9691
      294     0.00000     0.1103E+02     2.000     4   4.9709
      295     0.00000     0.2043E+02     2.000     5   4.9714
      296     0.00000     0.1992E+02     2.000     5   4.9723
      297     0.00000     0.3305E+01     2.000     4   4.9742
      298     0.00000     0.3394E+01     2.000     3   4.9768
      299     0.00000     0.8570E+01     2.000     4   4.9820
      300     0.00000     0.1838E+02     2.000     5   4.9827
      301     0.00000     0.1796E+02     2.000     5   4.9828
      302     0.00000     0.4519E+01     1.000     4   4.9838
      303     0.00000     0.4158E+01     1.000     4   4.9845
      304     0.00000     0.1968E+02     2.000     5   4.9880
      305     0.00000     0.8876E+01     2.000     5   4.9875
      306     0.00000     0.1931E+02     2.000     5   4.9900
      308     0.00000     0.8585E+01     2.000     5   4.9920
      309     0.00000     0.3400E+01     2.000     4   4.9938
      310     0.00000     0.8910E+01     2.000     5   4.9946
      311     0.00000     0.8562E+01     2.000     5   4.9979
      312     0.00000     0.3700E+01     2.000     3   5.0023
      313     0.00000     0.8530E+01     2.000     5   5.0047
      314     0.00000     0.6119E+01     2.000     3   5.0088
      315     0.00000     0.3141E+01     2.000     3   5.0168
      316     0.00000     0.4250E+01     2.000     4   5.0193
      317     0.00000     0.1066E+02     2.000     4   5.0201
      319     0.00000     0.1065E+02     2.000     4   5.0278
      320     0.00000     0.2672E+01     2.000     4   5.0312
      321     0.00000     0.1550E+02     2.000     5   5.0308
      322     0.00000     0.4190E+01     1.000     4   5.0363
      323     0.00000     0.7679E+01     2.000     4   5.0374
      324     0.00000     0.7143E+01     2.000     5   5.0393
      325     0.00000     0.7133E+01     2.000     5   5.0394
      326     0.00000     0.7695E+01     2.000     4   5.0398
      327     0.00000     0.1526E+02     2.000     5   5.0403
      329     0.00000     0.6411E+01     2.000     3   5.0484
      330     0.00000     0.7651E+01     2.000     5   5.0490
      331     0.00000     0.3232E+01     2.000     5   5.0520
      333     0.00000     0.6367E+01     2.000     3   5.0534
      334     0.00000     0.7588E+01     2.000     5   5.0546
      335     0.00000     0.4212E+01     1.000     4   5.0561
      336     0.00000     0.4935E+01     1.000     4   5.0573
      337     0.00000     0.3190E+01     2.000     3   5.0573
      338     0.00000     0.5301E+01     2.000     4   5.0598
      339     0.00000     0.3429E+01     2.000     4   5.0607
      340     0.00000     0.4882E+01     1.000     4   5.0638
      341     0.00000     0.1231E+02     2.000     5   5.0644
      342     0.00000     0.5601E+01     2.000     4   5.0701
      343     0.00000     0.6026E+01     1.000     4   5.0729
      344     0.00000     0.9199E+01     2.000     4   5.0740
      345     0.00000     0.4709E+01     2.000     4   5.0750
      346     0.00000     0.1205E+02     2.000     5   5.0751
      347     0.00000     0.4234E+01     2.000     4   5.0799
      348     0.00000     0.3213E+01     2.000     4   5.0934
      349     0.00000     0.1677E+02     2.000     4   5.0940
      350     0.00000     0.2661E+02     2.000     5   5.0986
      351     0.00000     0.4751E+01     2.000     4   5.0990
      352     0.00000     0.7949E+01     1.000     4   5.0998
      353     0.00000     0.7916E+01     2.000     3   5.1004
      354     0.00000     0.3989E+01     2.000     5   5.1006
      355     0.00000     0.5553E+01     2.000     4   5.1011
      356     0.00000     0.7946E+01     2.000     3   5.1022
      357     0.00000     0.2658E+02     2.000     5   5.1030
      358     0.00000     0.1226E+02     2.000     4   5.1094
      359     0.00000     0.1225E+02     2.000     4   5.1126
      360     0.00000     0.4597E+01     2.000     4   5.1154
      361     0.00000     0.5718E+01     2.000     5   5.1155
      362     0.00000     0.6262E+01     2.000     5   5.1152
      363     0.00000     0.1894E+02     2.000     6   5.1194
      364     0.00000     0.1352E+02     2.000     5   5.1236
      365     0.00000     0.4658E+01     2.000     3   5.1261
      366     0.00000     0.1904E+02     2.000     6   5.1264
      367     0.00000     0.4598E+01     2.000     3   5.1271
      368     0.00000     0.1017E+02     2.000     3   5.1333
      369     0.00000     0.9262E+01     2.000     3   5.1328
      370     0.00000     0.6963E+01     2.000     4   5.1360
      371     0.00000     0.7015E+01     2.000     4   5.1364
      372     0.00000     0.2359E+02     2.000     6   5.1361
      373     0.00000     0.2364E+02     2.000     6   5.1422
      374     0.00000     0.5937E+01     2.000     3   5.1428
      375     0.00000     0.5573E+01     2.000     3   5.1446
      376     0.00000     0.1189E+02     2.000     4   5.1465
      377     0.00000     0.1176E+02     2.000     4   5.1477
      378     0.00000     0.1871E+02     2.000     5   5.1566
      379     0.00000     0.1882E+02     2.000     5   5.1569
      381     0.00000     0.5905E+01     2.000     4   5.1578
      383     0.00000     0.7681E+01     1.000     4   5.1614
      384     0.00000     0.7609E+01     1.000     4   5.1614
      385     0.00000     0.6075E+01     2.000     3   5.1624
      386     0.00000     0.8973E+01     2.000     5   5.1635
      387     0.00000     0.3744E+01     2.000     5   5.1662
      388     0.00000     0.2176E+02     2.000     5   5.1670
      390     0.00000     0.2185E+02     2.000     5   5.1694
      391     0.00000     0.4643E+01     2.000     4   5.1706
      392     0.00000     0.4997E+01     2.000     3   5.1719
      393     0.00000     0.2113E+02     2.000     5   5.1744
      394     0.00000     0.9748E+01     2.000     4   5.1756
      395     0.00000     0.2826E+01     2.000     5   5.1753
      396     0.00000     0.2718E+01     2.000     5   5.1760
      397     0.00000     0.5208E+01     2.000     5   5.1775
      398     0.00000     0.6399E+01     2.000     5   5.1771
      399     0.00000     0.9675E+01     2.000     4   5.1807
      400     0.00000     0.2004E+02     2.000     6   5.1808
      401     0.00000     0.2094E+02     2.000     5   5.1813
      402     0.00000     0.3033E+02     2.000     5   5.1824
      403     0.00000     0.1603E+02     2.000     5   5.1845
      404     0.00000     0.9123E+01     2.000     4   5.1853
      405     0.00000     0.1985E+02     2.000     6   5.1863
      406     0.00000     0.8970E+01     2.000     4   5.1881
      407     0.00000     0.3824E+02     2.000     6   5.1881
      409     0.00000     0.1585E+02     2.000     5   5.1911
      410     0.00000     0.1188E+02     2.000     5   5.1931
      411     0.00000     0.3802E+02     2.000     6   5.1931
      412     0.00000     0.8718E+01     2.000     4   5.1976
      413     0.00000     0.8993E+01     2.000     4   5.1991
      414     0.00000     0.6410E+01     2.000     5   5.2030
      415     0.00000     0.2468E+02     2.000     5   5.2057
      416     0.00000     0.5746E+01     2.000     3   5.2080
      417     0.00000     0.2888E+01     1.000     4   5.2091
      418     0.00000     0.8728E+01     2.000     4   5.2091
      419     0.00000     0.2429E+02     2.000     5   5.2087
      420     0.00000     0.3683E+02     2.000     6   5.2113
      421     0.00000     0.2827E+01     1.000     4   5.2147
      422     0.00000     0.4217E+01     2.000     3   5.2154
      423     0.00000     0.6939E+01     2.000     4   5.2166
      424     0.00000     0.3669E+02     2.000     6   5.2166
      425     0.00000     0.7106E+01     2.000     4   5.2192
      426     0.00000     0.1037E+02     2.000     4   5.2224
      427     0.00000     0.1437E+02     2.000     5   5.2223
      428     0.00000     0.2980E+01     2.000     3   5.2234
      429     0.00000     0.1551E+02     2.000     5   5.2295
      430     0.00000     0.2801E+01     2.000     4   5.2317
      431     0.00000     0.6271E+01     2.000     4   5.2341
      432     0.00000     0.1521E+02     2.000     5   5.2353
      433     0.00000     0.6840E+01     2.000     4   5.2365
      434     0.00000     0.2082E+02     2.000     5   5.2366
      435     0.00000     0.2904E+01     2.000     5   5.2380
      436     0.00000     0.2077E+02     2.000     5   5.2399
      437     0.00000     0.3222E+01     2.000     5   5.2398
      438     0.00000     0.4894E+01     2.000     4   5.2406
      439     0.00000     0.4566E+01     2.000     5   5.2441
      440     0.00000     0.3851E+02     2.000     6   5.2445
      441     0.00000     0.7297E+01     2.000     5   5.2451
      442     0.00000     0.6951E+01     2.000     5   5.2451
      443     0.00000     0.3792E+02     2.000     6   5.2455
      444     0.00000     0.7124E+01     2.000     5   5.2478
      445     0.00000     0.6775E+01     2.000     5   5.2478
      446     0.00000     0.2190E+02     1.000     6   5.2500
      447     0.00000     0.4550E+01     2.000     5   5.2513
      448     0.00000     0.2150E+02     1.000     6   5.2559
      449     0.00000     0.6003E+01     2.000     4   5.2588
      450     0.00000     0.6034E+01     2.000     4   5.2587
      451     0.00000     0.3243E+01     2.000     4   5.2636
      452     0.00000     0.1201E+02     2.000     5   5.2632
      453     0.00000     0.1207E+02     2.000     5   5.2637
      454     0.00000     0.4735E+01     1.000     4   5.2654
      455     0.00000     0.8514E+01     2.000     5   5.2651
      456     0.00000     0.1000E+02     2.000     5   5.2677
      457     0.00000     0.1001E+02     2.000     5   5.2691
      459     0.00000     0.7307E+01     2.000     4   5.2732
      460     0.00000     0.8382E+01     2.000     4   5.2819
      461     0.00000     0.4719E+01     2.000     4   5.2816
      462     0.00000     0.3453E+02     2.000     6   5.2842
      463     0.00000     0.3440E+02     2.000     6   5.2838
      464     0.00000     0.1342E+02     2.000     5   5.2844
      465     0.00000     0.3581E+01     2.000     4   5.2881
      466     0.00000     0.5839E+01     2.000     4   5.2915
      467     0.00000     0.8256E+01     2.000     4   5.2965
      468     0.00000     0.6303E+01     2.000     4   5.3001
      469     0.00000     0.3157E+02     2.000     6   5.3039
      470     0.00000     0.3685E+01     2.000     5   5.3072
      471     0.00000     0.1256E+02     2.000     4   5.3096
      472     0.00000     0.3714E+01     2.000     5   5.3103
      473     0.00000     0.1480E+02     1.000     6   5.3117
      474     0.00000     0.1261E+02     2.000     4   5.3123
      475     0.00000     0.1208E+02     2.000     5   5.3125
      476     0.00000     0.7028E+01     2.000     4   5.3135
      477     0.00000     0.3112E+02     2.000     6   5.3134
      478     0.00000     0.7966E+01     2.000     3   5.3146
      479     0.00000     0.9476E+01     2.000     4   5.3146
      480     0.00000     0.1182E+02     2.000     4   5.3160
      481     0.00000     0.1256E+02     2.000     5   5.3179
      482     0.00000     0.5978E+01     2.000     4   5.3184
      483     0.00000     0.1461E+02     1.000     6   5.3184
      485     0.00000     0.1244E+02     2.000     5   5.3198
      486     0.00000     0.4728E+01     2.000     3   5.3202
      487     0.00000     0.4445E+01     2.000     5   5.3226
      488     0.00000     0.7929E+01     2.000     3   5.3242
      489     0.00000     0.3162E+01     2.000     5   5.3250
      490     0.00000     0.4463E+01     2.000     5   5.3248
      491     0.00000     0.1202E+02     2.000     5   5.3262
      492     0.00000     0.4996E+01     2.000     5   5.3268
      493     0.00000     0.4734E+01     2.000     3   5.3275
      494     0.00000     0.2989E+01     2.000     4   5.3275
      495     0.00000     0.1264E+02     2.000     4   5.3284
      497     0.00000     0.5046E+01     2.000     3   5.3312
      498     0.00000     0.2982E+01     2.000     4   5.3334
      499     0.00000     0.4256E+01     2.000     4   5.3334
      501     0.00000     0.6608E+01     2.000     4   5.3357
      502     0.00000     0.1263E+02     2.000     4   5.3360
      503     0.00000     0.9024E+01     1.000     4   5.3367
      504     0.00000     0.4422E+01     2.000     4   5.3362
      507     0.00000     0.4778E+01     2.000     3   5.3383
      508     0.00000     0.1173E+02     2.000     4   5.3394
      509     0.00000     0.4377E+01     2.000     4   5.3401
      510     0.00000     0.6388E+01     2.000     5   5.3403
      511     0.00000     0.1374E+02     2.000     5   5.3407
      512     0.00000     0.5331E+01     2.000     4   5.3415
      513     0.00000     0.7417E+01     2.000     5   5.3417
      514     0.00000     0.5500E+01     2.000     5   5.3413
      515     0.00000     0.1053E+02     2.000     4   5.3422
      516     0.00000     0.4407E+01     2.000     6   5.3419
      517     0.00000     0.5296E+01     2.000     4   5.3447
      518     0.00000     0.7836E+01     2.000     4   5.3454
      519     0.00000     0.8991E+01     1.000     4   5.3458
      520     0.00000     0.3250E+01     2.000     5   5.3459
      521     0.00000     0.1439E+02     2.000     4   5.3461
      522     0.00000     0.7294E+01     2.000     5   5.3464
      523     0.00000     0.5650E+01     2.000     5   5.3471
      524     0.00000     0.3175E+01     1.000     4   5.3477
      525     0.00000     0.8817E+01     2.000     5   5.3480
      526     0.00000     0.7555E+01     2.000     6   5.3476
      527     0.00000     0.1054E+02     2.000     4   5.3491
      528     0.00000     0.4732E+01     2.000     3   5.3496
      529     0.00000     0.3478E+01     2.000     3   5.3496
      530     0.00000     0.6285E+01     2.000     6   5.3499
      531     0.00000     0.3024E+02     2.000     5   5.3504
      532     0.00000     0.3188E+01     1.000     4   5.3524
      533     0.00000     0.6489E+01     2.000     4   5.3535
      534     0.00000     0.8808E+01     2.000     5   5.3538
      535     0.00000     0.4225E+01     2.000     6   5.3545
      536     0.00000     0.4064E+01     2.000     6   5.3544
      537     0.00000     0.7836E+01     2.000     4   5.3549
      539     0.00000     0.1784E+02     2.000     5   5.3559
      540     0.00000     0.1825E+02     2.000     5   5.3569
      541     0.00000     0.1852E+02     2.000     5   5.3566
      542     0.00000     0.1425E+02     2.000     5   5.3571
      543     0.00000     0.3022E+02     2.000     5   5.3576
      544     0.00000     0.2200E+02     2.000     5   5.3598
      545     0.00000     0.1075E+02     2.000     4   5.3603
      546     0.00000     0.1787E+02     2.000     5   5.3609
      547     0.00000     0.4882E+01     2.000     4   5.3617
      548     0.00000     0.2107E+02     2.000     6   5.3622
      549     0.00000     0.1427E+02     2.000     4   5.3631
      550     0.00000     0.8602E+01     2.000     5   5.3635
      551     0.00000     0.8401E+01     2.000     5   5.3635
      552     0.00000     0.2669E+02     1.000     6   5.3641
      553     0.00000     0.1459E+02     2.000     6   5.3638
      554     0.00000     0.6820E+01     2.000     6   5.3656
      555     0.00000     0.6145E+01     2.000     4   5.3658
      557     0.00000     0.2075E+02     2.000     6   5.3670
      558     0.00000     0.3593E+01     1.000     4   5.3688
      559     0.00000     0.3817E+01     2.000     6   5.3687
      560     0.00000     0.1514E+02     2.000     5   5.3693
      561     0.00000     0.2668E+02     1.000     6   5.3694
      562     0.00000     0.3105E+01     2.000     4   5.3713
      564     0.00000     0.1066E+02     2.000     4   5.3712
      565     0.00000     0.7297E+01     2.000     6   5.3735
      566     0.00000     0.6908E+01     2.000     6   5.3730
      567     0.00000     0.3583E+01     2.000     4   5.3735
      568     0.00000     0.6128E+01     2.000     4   5.3745
      569     0.00000     0.1747E+02     2.000     5   5.3740
      570     0.00000     0.2208E+02     2.000     5   5.3749
      571     0.00000     0.7400E+01     2.000     6   5.3754
      573     0.00000     0.3238E+01     2.000     5   5.3781
      574     0.00000     0.8670E+01     2.000     5   5.3781
      575     0.00000     0.8483E+01     2.000     5   5.3781
      577     0.00000     0.8952E+01     2.000     5   5.3798
      578     0.00000     0.3200E+01     2.000     5   5.3793
      579     0.00000     0.3276E+01     2.000     5   5.3797
      580     0.00000     0.9527E+01     2.000     5   5.3821
      581     0.00000     0.9708E+01     2.000     6   5.3823
      582     0.00000     0.1739E+02     2.000     5   5.3830
      583     0.00000     0.3266E+01     1.000     4   5.3840
      584     0.00000     0.4090E+01     2.000     5   5.3839
      585     0.00000     0.2149E+02     2.000     5   5.3848
      586     0.00000     0.4403E+01     2.000     5   5.3856
      587     0.00000     0.4023E+01     2.000     5   5.3858
      588     0.00000     0.1463E+02     2.000     5   5.3860
      589     0.00000     0.1453E+02     2.000     5   5.3860
      590     0.00000     0.5596E+01     2.000     4   5.3872
      591     0.00000     0.4648E+01     2.000     4   5.3878
      592     0.00000     0.1245E+02     2.000     5   5.3887
      593     0.00000     0.9755E+01     2.000     6   5.3888
      594     0.00000     0.4634E+01     2.000     4   5.3892
      595     0.00000     0.1231E+02     2.000     5   5.3890
      596     0.00000     0.4900E+01     2.000     4   5.3897
      597     0.00000     0.2131E+02     2.000     5   5.3908
      598     0.00000     0.5496E+01     2.000     4   5.3915
      599     0.00000     0.1821E+02     2.000     6   5.3949
      600     0.00000     0.2527E+02     2.000     6   5.3949
      601     0.00000     0.3223E+01     1.000     4   5.3966
      602     0.00000     0.1820E+02     2.000     6   5.3964
      603     0.00000     0.2533E+02     2.000     6   5.3964
      604     0.00000     0.8392E+01     2.000     5   5.4010
      605     0.00000     0.8458E+01     2.000     5   5.4015
      606     0.00000     0.1686E+02     2.000     5   5.4029
      607     0.00000     0.5408E+01     2.000     5   5.4086
      608     0.00000     0.3459E+01     2.000     7   5.4103
      610     0.00000     0.3292E+01     2.000     7   5.4138
      611     0.00000     0.2812E+01     2.000     5   5.4149
      612     0.00000     0.7263E+01     1.000     6   5.4163
      614     0.00000     0.3101E+01     2.000     3   5.4188
      615     0.00000     0.1653E+02     2.000     5   5.4195
      616     0.00000     0.2902E+01     2.000     5   5.4208
      617     0.00000     0.4205E+01     2.000     6   5.4224
      620     0.00000     0.3255E+01     2.000     6   5.4239
      621     0.00000     0.4075E+01     2.000     6   5.4266
      622     0.00000     0.5831E+01     2.000     6   5.4281
      623     0.00000     0.3782E+01     2.000     4   5.4328
      624     0.00000     0.5593E+01     2.000     6   5.4330
      625     0.00000     0.6322E+01     2.000     6   5.4338
      626     0.00000     0.3016E+01     2.000     4   5.4366
      627     0.00000     0.4754E+01     2.000     4   5.4380
      628     0.00000     0.6277E+01     2.000     6   5.4423
      629     0.00000     0.8446E+01     2.000     4   5.4442
      630     0.00000     0.6617E+01     2.000     6   5.4441
      631     0.00000     0.8381E+01     2.000     6   5.4441
      632     0.00000     0.3316E+02     2.000     6   5.4452
      633     0.00000     0.6719E+01     2.000     6   5.4465
      634     0.00000     0.8543E+01     2.000     6   5.4465
      635     0.00000     0.3106E+01     2.000     4   5.4471
      636     0.00000     0.3278E+02     2.000     6   5.4470
      637     0.00000     0.8408E+01     2.000     6   5.4490
      638     0.00000     0.1006E+02     2.000     6   5.4505
      639     0.00000     0.5692E+02     2.000     7   5.4508
      640     0.00000     0.8310E+01     2.000     6   5.4520
      641     0.00000     0.5320E+01     2.000     4   5.4526
      642     0.00000     0.3876E+01     2.000     3   5.4528
      643     0.00000     0.9962E+01     2.000     6   5.4545
      644     0.00000     0.5674E+02     2.000     7   5.4549
      645     0.00000     0.8336E+01     2.000     4   5.4562
      646     0.00000     0.1010E+02     2.000     6   5.4566
      647     0.00000     0.9515E+01     2.000     6   5.4582
      649     0.00000     0.1028E+02     2.000     6   5.4609
      650     0.00000     0.7959E+01     2.000     5   5.4620
      651     0.00000     0.1038E+02     2.000     6   5.4623
      652     0.00000     0.9488E+01     2.000     5   5.4629
      653     0.00000     0.1514E+02     2.000     5   5.4629
      656     0.00000     0.2097E+02     2.000     5   5.4662
      657     0.00000     0.4827E+01     2.000     3   5.4674
      658     0.00000     0.3222E+01     2.000     5   5.4676
      659     0.00000     0.1976E+02     2.000     6   5.4691
      661     0.00000     0.2881E+01     2.000     5   5.4706
      662     0.00000     0.1189E+02     2.000     5   5.4717
      663     0.00000     0.1003E+02     2.000     5   5.4725
      664     0.00000     0.2910E+01     2.000     3   5.4733
      665     0.00000     0.1943E+02     2.000     6   5.4736
      666     0.00000     0.5464E+01     1.000     6   5.4744
      667     0.00000     0.8396E+01     2.000     5   5.4749
      668     0.00000     0.2955E+02     2.000     5   5.4756
      669     0.00000     0.4243E+01     2.000     5   5.4781
      670     0.00000     0.2072E+02     2.000     5   5.4779
      671     0.00000     0.5407E+01     1.000     6   5.4781
      672     0.00000     0.3640E+02     2.000     6   5.4799
      674     0.00000     0.1018E+02     2.000     5   5.4805
      675     0.00000     0.1530E+02     2.000     5   5.4809
      676     0.00000     0.1180E+02     2.000     5   5.4812
      678     0.00000     0.7545E+01     2.000     5   5.4826
      679     0.00000     0.5192E+01     2.000     4   5.4852
      680     0.00000     0.8372E+01     2.000     5   5.4872
      682     0.00000     0.1071E+02     2.000     5   5.4884
      683     0.00000     0.1176E+02     1.000     4   5.4892
      684     0.00000     0.1183E+02     1.000     4   5.4896
      685     0.00000     0.1231E+02     2.000     5   5.4899
      686     0.00000     0.3608E+02     2.000     6   5.4897
      687     0.00000     0.5966E+02     2.000     7   5.4895
      688     0.00000     0.5213E+01     2.000     4   5.4912
      689     0.00000     0.5872E+02     2.000     7   5.4942
      690     0.00000     0.2909E+02     2.000     5   5.4951
      691     0.00000     0.7490E+01     2.000     5   5.4951
      692     0.00000     0.6823E+01     2.000     5   5.4952
      693     0.00000     0.4277E+01     2.000     5   5.4967
      695     0.00000     0.6958E+01     2.000     5   5.5013
      696     0.00000     0.1211E+02     2.000     5   5.5033
      697     0.00000     0.6956E+01     2.000     4   5.5050
      698     0.00000     0.3035E+01     2.000     4   5.5054
      699     0.00000     0.3788E+01     2.000     4   5.5056
      700     0.00000     0.4197E+01     2.000     6   5.5056
      701     0.00000     0.1173E+02     2.000     4   5.5062
      702     0.00000     0.4290E+01     2.000     6   5.5065
      703     0.00000     0.1248E+02     2.000     5   5.5072
      704     0.00000     0.3711E+01     2.000     5   5.5092
      705     0.00000     0.1077E+02     2.000     5   5.5101
      706     0.00000     0.1528E+02     2.000     6   5.5104
      707     0.00000     0.1253E+02     2.000     5   5.5128
      708     0.00000     0.7190E+01     2.000     5   5.5127
      709     0.00000     0.3796E+01     2.000     5   5.5151
      710     0.00000     0.7255E+01     2.000     5   5.5161
      711     0.00000     0.1115E+02     2.000     6   5.5156
      712     0.00000     0.2032E+02     2.000     5   5.5176
      713     0.00000     0.1087E+02     2.000     6   5.5176
      714     0.00000     0.1169E+02     2.000     4   5.5196
      715     0.00000     0.1996E+02     2.000     5   5.5201
      716     0.00000     0.1870E+02     2.000     5   5.5199
      717     0.00000     0.1568E+02     2.000     6   5.5196
      718     0.00000     0.3897E+01     2.000     6   5.5201
      719     0.00000     0.2169E+02     2.000     6   5.5209
      720     0.00000     0.5073E+02     2.000     7   5.5221
      721     0.00000     0.5075E+02     2.000     7   5.5237
      722     0.00000     0.2184E+02     2.000     6   5.5246
      723     0.00000     0.3224E+01     2.000     3   5.5252
      724     0.00000     0.3011E+01     2.000     4   5.5263
      726     0.00000     0.3366E+01     2.000     4   5.5311
      727     0.00000     0.7619E+01     2.000     5   5.5309
      728     0.00000     0.1875E+02     2.000     5   5.5314
      729     0.00000     0.3375E+02     2.000     5   5.5334
      730     0.00000     0.5791E+01     2.000     5   5.5341
      731     0.00000     0.3350E+02     2.000     5   5.5368
      732     0.00000     0.7622E+01     2.000     5   5.5382
      733     0.00000     0.8789E+01     2.000     5   5.5384
      734     0.00000     0.4620E+01     2.000     6   5.5396
      735     0.00000     0.6548E+01     2.000     5   5.5410
      736     0.00000     0.4599E+01     2.000     5   5.5429
      737     0.00000     0.4942E+01     2.000     3   5.5466
      738     0.00000     0.1445E+02     2.000     5   5.5479
      739     0.00000     0.6072E+01     1.000     6   5.5501
      740     0.00000     0.1434E+02     2.000     5   5.5518
      741     0.00000     0.3987E+01     2.000     5   5.5527
      743     0.00000     0.1299E+02     2.000     5   5.5543
      744     0.00000     0.5417E+01     2.000     4   5.5558
      745     0.00000     0.1300E+02     2.000     5   5.5558
      746     0.00000     0.6522E+01     2.000     5   5.5583
      747     0.00000     0.1163E+02     1.000     6   5.5595
      748     0.00000     0.2168E+02     2.000     7   5.5599
      749     0.00000     0.1131E+02     1.000     6   5.5606
      750     0.00000     0.3325E+02     2.000     6   5.5619
      751     0.00000     0.3810E+01     1.000     6   5.5618
      752     0.00000     0.6597E+01     2.000     5   5.5628
      753     0.00000     0.3648E+01     2.000     5   5.5629
      754     0.00000     0.4996E+02     2.000     5   5.5647
      755     0.00000     0.8714E+01     2.000     6   5.5649
      756     0.00000     0.4936E+01     2.000     6   5.5649
      757     0.00000     0.8407E+01     2.000     6   5.5645
      758     0.00000     0.2102E+02     2.000     7   5.5649
      759     0.00000     0.2951E+01     2.000     5   5.5663
      760     0.00000     0.4931E+02     2.000     5   5.5676
      761     0.00000     0.8336E+01     2.000     6   5.5678
      762     0.00000     0.3233E+02     2.000     6   5.5673
      763     0.00000     0.3272E+01     2.000     3   5.5709
      764     0.00000     0.3186E+01     2.000     5   5.5709
      765     0.00000     0.5084E+01     2.000     5   5.5732
      766     0.00000     0.4826E+01     2.000     6   5.5744
      767     0.00000     0.8508E+01     2.000     6   5.5744
      768     0.00000     0.5318E+01     2.000     7   5.5746
      769     0.00000     0.2321E+02     2.000     6   5.5753
      770     0.00000     0.7681E+01     2.000     7   5.5760
      771     0.00000     0.1742E+02     2.000     7   5.5760
      773     0.00000     0.1235E+02     2.000     5   5.5775
      774     0.00000     0.2570E+02     1.000     6   5.5777
      775     0.00000     0.3338E+01     2.000     4   5.5784
      776     0.00000     0.7849E+01     2.000     7   5.5783
      777     0.00000     0.1785E+02     2.000     7   5.5783
      778     0.00000     0.4019E+01     2.000     5   5.5795
      779     0.00000     0.5286E+01     2.000     6   5.5800
      780     0.00000     0.2511E+02     2.000     7   5.5807
      781     0.00000     0.1238E+02     2.000     5   5.5815
      782     0.00000     0.5191E+01     2.000     6   5.5842
      783     0.00000     0.2522E+02     1.000     6   5.5841
      784     0.00000     0.2491E+02     2.000     7   5.5839
      786     0.00000     0.6568E+01     2.000     6   5.5869
      788     0.00000     0.4161E+01     2.000     5   5.5885
      789     0.00000     0.4856E+01     2.000     4   5.5897
      790     0.00000     0.2302E+02     2.000     6   5.5902
      791     0.00000     0.1442E+02     2.000     5   5.5911
      792     0.00000     0.4066E+01     2.000     5   5.5926
      793     0.00000     0.1269E+02     2.000     5   5.5932
      794     0.00000     0.1067E+02     2.000     7   5.5927
      795     0.00000     0.2667E+02     2.000     7   5.5927
      796     0.00000     0.8358E+01     2.000     5   5.5934
      797     0.00000     0.6488E+01     2.000     6   5.5933
      798     0.00000     0.4002E+01     2.000     5   5.5939
      799     0.00000     0.4504E+01     2.000     5   5.5939
      800     0.00000     0.6014E+01     2.000     5   5.5940
      801     0.00000     0.1092E+02     2.000     7   5.5941
      802     0.00000     0.2711E+02     2.000     7   5.5941
      803     0.00000     0.2485E+02     2.000     6   5.5952
      804     0.00000     0.3978E+02     2.000     6   5.5952
      805     0.00000     0.2379E+02     2.000     6   5.5952
      806     0.00000     0.1305E+02     1.000     6   5.5957
      807     0.00000     0.2502E+02     2.000     6   5.5961
      808     0.00000     0.3991E+02     2.000     6   5.5961
      809     0.00000     0.2389E+02     2.000     6   5.5961
      810     0.00000     0.1443E+02     2.000     5   5.5978
      811     0.00000     0.4597E+01     2.000     5   5.5981
      812     0.00000     0.2346E+02     2.000     6   5.5985
      813     0.00000     0.1253E+02     2.000     5   5.5996
      814     0.00000     0.4568E+01     2.000     5   5.6002
      815     0.00000     0.2975E+02     2.000     7   5.6017
      816     0.00000     0.4276E+01     2.000     5   5.6031
      817     0.00000     0.2341E+02     2.000     6   5.6031
      818     0.00000     0.2939E+02     2.000     7   5.6053
      819     0.00000     0.3689E+01     2.000     5   5.6060
      820     0.00000     0.3198E+02     1.000     6   5.6063
      821     0.00000     0.2319E+02     2.000     6   5.6067
      822     0.00000     0.2421E+02     2.000     6   5.6069
      823     0.00000     0.8046E+01     2.000     5   5.6086
      824     0.00000     0.2298E+02     2.000     6   5.6093
      825     0.00000     0.1100E+02     2.000     6   5.6098
      826     0.00000     0.4421E+01     2.000     5   5.6099
      827     0.00000     0.1280E+02     1.000     6   5.6099
      828     0.00000     0.2386E+02     2.000     6   5.6114
      829     0.00000     0.7452E+02     2.000     6   5.6119
      830     0.00000     0.7448E+02     2.000     6   5.6119
      831     0.00000     0.3748E+02     2.000     6   5.6131
      832     0.00000     0.3374E+01     2.000     5   5.6137
      833     0.00000     0.3807E+02     2.000     6   5.6142
      834     0.00000     0.1688E+02     2.000     6   5.6142
      835     0.00000     0.3204E+02     1.000     6   5.6145
      836     0.00000     0.3863E+01     2.000     5   5.6158
      837     0.00000     0.3782E+02     2.000     6   5.6170
      838     0.00000     0.1700E+02     2.000     6   5.6170
      839     0.00000     0.2138E+02     2.000     6   5.6186
      840     0.00000     0.3751E+02     2.000     6   5.6194
      841     0.00000     0.1432E+02     1.000     6   5.6194
      842     0.00000     0.8385E+01     2.000     6   5.6197
      843     0.00000     0.2419E+02     2.000     6   5.6218
      844     0.00000     0.1466E+02     1.000     6   5.6221
      845     0.00000     0.2147E+02     2.000     6   5.6227
      846     0.00000     0.3871E+02     2.000     6   5.6225
      848     0.00000     0.3439E+02     2.000     6   5.6231
      849     0.00000     0.4434E+01     2.000     6   5.6241
      850     0.00000     0.9924E+01     1.000     4   5.6266
      851     0.00000     0.9528E+01     2.000     6   5.6270
      852     0.00000     0.8029E+01     2.000     6   5.6270
      853     0.00000     0.6849E+02     2.000     7   5.6268
      854     0.00000     0.3393E+01     2.000     5   5.6290
      855     0.00000     0.2419E+02     2.000     6   5.6287
      856     0.00000     0.9552E+01     2.000     6   5.6285
      857     0.00000     0.7877E+01     2.000     6   5.6285
      858     0.00000     0.3371E+02     2.000     6   5.6303
      859     0.00000     0.1616E+02     2.000     6   5.6310
      860     0.00000     0.6865E+02     2.000     7   5.6312
      861     0.00000     0.1593E+02     2.000     6   5.6328
      862     0.00000     0.9842E+01     1.000     4   5.6343
      863     0.00000     0.1023E+02     2.000     5   5.6341
      864     0.00000     0.5116E+01     2.000     5   5.6347
      865     0.00000     0.1580E+02     2.000     5   5.6357
      867     0.00000     0.1044E+02     2.000     6   5.6352
      868     0.00000     0.1587E+02     2.000     6   5.6367
      869     0.00000     0.2197E+02     2.000     6   5.6367
      870     0.00000     0.3867E+02     2.000     6   5.6367
      871     0.00000     0.1213E+02     2.000     7   5.6374
      872     0.00000     0.1238E+02     2.000     7   5.6382
      873     0.00000     0.5813E+02     1.000     6   5.6398
      874     0.00000     0.3186E+02     2.000     5   5.6403
      875     0.00000     0.3350E+01     1.000     4   5.6412
      876     0.00000     0.9319E+01     2.000     6   5.6445
      877     0.00000     0.2191E+02     2.000     6   5.6448
      878     0.00000     0.1580E+02     2.000     6   5.6448
      879     0.00000     0.9516E+01     2.000     6   5.6453
      880     0.00000     0.3187E+02     2.000     5   5.6461
      881     0.00000     0.5700E+02     1.000     6   5.6461
      882     0.00000     0.5345E+01     2.000     6   5.6488
      883     0.00000     0.9345E+01     2.000     6   5.6488
      885     0.00000     0.4650E+01     2.000     6   5.6496
      886     0.00000     0.4339E+01     2.000     5   5.6505
      887     0.00000     0.4312E+01     2.000     5   5.6510
      888     0.00000     0.1560E+02     2.000     5   5.6516
      889     0.00000     0.1074E+02     2.000     6   5.6516
      890     0.00000     0.1353E+02     2.000     7   5.6519
      891     0.00000     0.8278E+01     2.000     7   5.6519
      892     0.00000     0.2125E+02     2.000     5   5.6531
      893     0.00000     0.2648E+02     1.000     6   5.6540
      894     0.00000     0.1306E+02     2.000     7   5.6545
      895     0.00000     0.8010E+01     2.000     7   5.6545
      897     0.00000     0.1377E+02     2.000     6   5.6560
      898     0.00000     0.1415E+02     2.000     6   5.6566
      900     0.00000     0.2669E+02     1.000     6   5.6579
      901     0.00000     0.2145E+02     2.000     5   5.6611
      902     0.00000     0.1206E+02     2.000     7   5.6619
      903     0.00000     0.7212E+01     2.000     5   5.6632
      904     0.00000     0.7104E+01     2.000     6   5.6628
      905     0.00000     0.7042E+01     2.000     6   5.6643
      906     0.00000     0.1182E+02     2.000     7   5.6649
      907     0.00000     0.3714E+02     2.000     6   5.6668
      908     0.00000     0.1285E+02     2.000     7   5.6677
      909     0.00000     0.5636E+01     1.000     6   5.6677
      910     0.00000     0.6468E+01     2.000     5   5.6702
      911     0.00000     0.1256E+02     2.000     7   5.6713
      912     0.00000     0.3763E+02     2.000     6   5.6729
      913     0.00000     0.6737E+01     1.000     6   5.6732
      914     0.00000     0.5589E+01     1.000     6   5.6745
      915     0.00000     0.2352E+02     2.000     6   5.6756
      916     0.00000     0.2516E+02     2.000     6   5.6754
      918     0.00000     0.2340E+02     2.000     6   5.6769
      919     0.00000     0.4605E+01     1.000     6   5.6778
      920     0.00000     0.6539E+01     2.000     5   5.6783
      921     0.00000     0.6911E+01     1.000     6   5.6787
      922     0.00000     0.4662E+01     1.000     6   5.6797
      923     0.00000     0.3880E+01     2.000     6   5.6809
      925     0.00000     0.2486E+02     2.000     6   5.6830
      927     0.00000     0.3170E+01     1.000     6   5.6893
      928     0.00000     0.4949E+01     2.000     6   5.6955
      929     0.00000     0.3141E+01     2.000     4   5.6958
      930     0.00000     0.3869E+01     2.000     5   5.6959
      931     0.00000     0.1767E+02     2.000     7   5.6966
      932     0.00000     0.3706E+01     1.000     4   5.6982
      934     0.00000     0.3339E+01     2.000     4   5.6997
      935     0.00000     0.3100E+01     2.000     4   5.7016
      936     0.00000     0.1419E+02     2.000     6   5.7027
      937     0.00000     0.8184E+01     2.000     5   5.7052
      938     0.00000     0.7987E+01     2.000     5   5.7065
      939     0.00000     0.5203E+01     2.000     5   5.7062
      940     0.00000     0.1734E+02     2.000     7   5.7063
      941     0.00000     0.2704E+01     2.000     4   5.7090
      942     0.00000     0.5965E+01     2.000     6   5.7097
      943     0.00000     0.5163E+01     2.000     5   5.7105
      944     0.00000     0.1419E+02     2.000     7   5.7118
      945     0.00000     0.1765E+02     2.000     7   5.7118
      946     0.00000     0.9754E+01     2.000     6   5.7145
      947     0.00000     0.5593E+01     2.000     5   5.7157
      948     0.00000     0.4507E+01     2.000     6   5.7155
      949     0.00000     0.1398E+02     2.000     7   5.7160
      950     0.00000     0.1744E+02     2.000     7   5.7160
      951     0.00000     0.3197E+01     2.000     4   5.7184
      952     0.00000     0.7726E+01     2.000     6   5.7184
      953     0.00000     0.5010E+01     2.000     4   5.7224
      954     0.00000     0.1271E+02     2.000     6   5.7226
      955     0.00000     0.9757E+01     2.000     6   5.7227
      956     0.00000     0.3028E+01     2.000     6   5.7248
      957     0.00000     0.9742E+01     2.000     6   5.7255
      958     0.00000     0.3017E+01     2.000     6   5.7251
      961     0.00000     0.5171E+01     2.000     5   5.7282
      962     0.00000     0.3432E+01     2.000     6   5.7281
      963     0.00000     0.4288E+01     2.000     6   5.7298
      964     0.00000     0.8726E+01     2.000     5   5.7297
      965     0.00000     0.1249E+02     2.000     6   5.7295
      966     0.00000     0.4606E+01     2.000     4   5.7305
      968     0.00000     0.5878E+01     2.000     5   5.7320
      969     0.00000     0.9505E+01     2.000     6   5.7317
      970     0.00000     0.2443E+02     2.000     6   5.7329
      971     0.00000     0.5944E+01     2.000     5   5.7343
      972     0.00000     0.3349E+01     2.000     6   5.7345
      974     0.00000     0.3179E+02     2.000     6   5.7353
      975     0.00000     0.1531E+02     2.000     6   5.7353
      976     0.00000     0.1418E+02     2.000     6   5.7353
      977     0.00000     0.3991E+01     2.000     6   5.7370
      978     0.00000     0.2413E+02     2.000     6   5.7366
      982     0.00000     0.5797E+01     2.000     6   5.7408
      983     0.00000     0.4988E+02     2.000     7   5.7426
      984     0.00000     0.3133E+02     2.000     6   5.7445
      985     0.00000     0.1525E+02     2.000     6   5.7445
      986     0.00000     0.1415E+02     2.000     6   5.7445
      987     0.00000     0.3474E+01     2.000     6   5.7458
      988     0.00000     0.1345E+02     2.000     6   5.7468
      991     0.00000     0.4944E+01     2.000     6   5.7475
      992     0.00000     0.1203E+02     2.000     5   5.7483
      993     0.00000     0.2049E+02     2.000     6   5.7487
      994     0.00000     0.4951E+02     2.000     7   5.7515
      995     0.00000     0.4168E+01     2.000     5   5.7530
      996     0.00000     0.2060E+02     2.000     6   5.7534
      998     0.00000     0.6758E+01     2.000     5   5.7550
      999     0.00000     0.3648E+02     2.000     5   5.7562
     1000     0.00000     0.4812E+01     2.000     5   5.7571
     1001     0.00000     0.3119E+02     2.000     6   5.7572
     1002     0.00000     0.4136E+01     2.000     5   5.7578
     1003     0.00000     0.4321E+01     2.000     5   5.7574
     1004     0.00000     0.3103E+02     2.000     6   5.7584
     1005     0.00000     0.1406E+02     2.000     6   5.7587
     1006     0.00000     0.9610E+01     2.000     6   5.7606
     1007     0.00000     0.4578E+01     2.000     6   5.7606
     1008     0.00000     0.3735E+01     2.000     5   5.7617
     1009     0.00000     0.3724E+01     2.000     4   5.7628
     1010     0.00000     0.6631E+01     2.000     5   5.7626
     1011     0.00000     0.3776E+01     2.000     4   5.7642
     1012     0.00000     0.1200E+02     2.000     5   5.7644
     1014     0.00000     0.3602E+02     2.000     5   5.7664
     1015     0.00000     0.3845E+01     2.000     5   5.7666
     1017     0.00000     0.5501E+01     2.000     5   5.7674
     1019     0.00000     0.7063E+01     2.000     5   5.7682
     1020     0.00000     0.3894E+01     2.000     4   5.7688
     1021     0.00000     0.1162E+02     2.000     5   5.7689
     1022     0.00000     0.3837E+01     2.000     7   5.7688
     1023     0.00000     0.6202E+02     2.000     6   5.7699
     1024     0.00000     0.3948E+01     2.000     4   5.7699
     1025     0.00000     0.4242E+01     2.000     5   5.7700
     1026     0.00000     0.9607E+01     2.000     6   5.7705
     1027     0.00000     0.4538E+01     2.000     6   5.7705
     1028     0.00000     0.5594E+01     2.000     6   5.7711
     1030     0.00000     0.6003E+02     2.000     6   5.7730
     1032     0.00000     0.5694E+01     2.000     3   5.7755
     1033     0.00000     0.3082E+01     2.000     4   5.7751
     1034     0.00000     0.6004E+02     2.000     6   5.7751
     1035     0.00000     0.6883E+01     2.000     5   5.7760
     1036     0.00000     0.6793E+01     2.000     5   5.7765
     1038     0.00000     0.6181E+02     2.000     6   5.7782
     1039     0.00000     0.4293E+01     2.000     5   5.7788
     1040     0.00000     0.5191E+01     2.000     6   5.7784
     1041     0.00000     0.1620E+02     2.000     6   5.7801
     1043     0.00000     0.1159E+02     2.000     5   5.7814
     1044     0.00000     0.1212E+02     2.000     6   5.7810
     1045     0.00000     0.4478E+01     2.000     5   5.7820
     1046     0.00000     0.5458E+01     2.000     6   5.7818
     1047     0.00000     0.8965E+01     2.000     6   5.7827
     1048     0.00000     0.2183E+02     2.000     6   5.7826
     1049     0.00000     0.3212E+02     2.000     6   5.7826
     1050     0.00000     0.2098E+02     2.000     6   5.7826
     1051     0.00000     0.1619E+02     2.000     6   5.7831
     1052     0.00000     0.4434E+01     2.000     5   5.7840
     1053     0.00000     0.2860E+02     2.000     7   5.7836
     1054     0.00000     0.3536E+01     2.000     5   5.7865
     1055     0.00000     0.2885E+02     2.000     7   5.7864
     1056     0.00000     0.3645E+01     2.000     5   5.7880
     1057     0.00000     0.8698E+01     2.000     6   5.7885
     1058     0.00000     0.4188E+01     2.000     5   5.7892
     1059     0.00000     0.3968E+01     2.000     7   5.7890
     1060     0.00000     0.7285E+01     1.000     6   5.7898
     1061     0.00000     0.3480E+01     2.000     5   5.7900
     1062     0.00000     0.1218E+02     2.000     7   5.7904
     1063     0.00000     0.9763E+01     2.000     5   5.7908
     1064     0.00000     0.7123E+01     2.000     5   5.7907
     1065     0.00000     0.9904E+01     2.000     5   5.7915
     1066     0.00000     0.7200E+01     2.000     5   5.7927
     1067     0.00000     0.2184E+02     2.000     6   5.7932
     1068     0.00000     0.3206E+02     2.000     6   5.7932
     1069     0.00000     0.2096E+02     2.000     6   5.7932
     1070     0.00000     0.2407E+02     2.000     6   5.7928
     1071     0.00000     0.3856E+01     2.000     4   5.7935
     1072     0.00000     0.4315E+01     2.000     5   5.7946
     1073     0.00000     0.4361E+01     2.000     5   5.7942
     1074     0.00000     0.5475E+01     2.000     6   5.7947
     1075     0.00000     0.7149E+01     2.000     5   5.7950
     1076     0.00000     0.5968E+01     2.000     5   5.7948
     1078     0.00000     0.4250E+01     2.000     6   5.7956
     1079     0.00000     0.5871E+01     2.000     5   5.7963
     1080     0.00000     0.7414E+01     2.000     7   5.7965
     1081     0.00000     0.4970E+01     2.000     7   5.7965
     1083     0.00000     0.2403E+02     2.000     6   5.7980
     1084     0.00000     0.1255E+02     2.000     6   5.7993
     1085     0.00000     0.8734E+01     2.000     5   5.8012
     1086     0.00000     0.5288E+02     2.000     7   5.8014
     1087     0.00000     0.5328E+02     2.000     7   5.8014
     1088     0.00000     0.4540E+01     2.000     7   5.8024
     1089     0.00000     0.1849E+02     2.000     6   5.8033
     1090     0.00000     0.6632E+01     2.000     3   5.8048
     1091     0.00000     0.3842E+01     2.000     6   5.8047
     1092     0.00000     0.1822E+02     2.000     6   5.8045
     1093     0.00000     0.8894E+01     2.000     6   5.8047
     1094     0.00000     0.3931E+01     2.000     6   5.8057
     1095     0.00000     0.1134E+02     2.000     6   5.8055
     1096     0.00000     0.5193E+02     2.000     7   5.8056
     1097     0.00000     0.5239E+02     2.000     7   5.8056
     1098     0.00000     0.3380E+01     2.000     6   5.8063
     1101     0.00000     0.1123E+02     2.000     6   5.8085
     1102     0.00000     0.1225E+02     2.000     6   5.8098
     1104     0.00000     0.3710E+01     2.000     5   5.8110
     1105     0.00000     0.4343E+01     2.000     5   5.8131
     1106     0.00000     0.5524E+01     2.000     5   5.8145
     1107     0.00000     0.8766E+01     2.000     5   5.8159
     1108     0.00000     0.5920E+01     2.000     5   5.8162
     1110     0.00000     0.5742E+01     2.000     6   5.8164
     1111     0.00000     0.3761E+01     1.000     6   5.8164
     1112     0.00000     0.4470E+01     1.000     6   5.8166
     1113     0.00000     0.1016E+03     2.000     7   5.8167
     1114     0.00000     0.3557E+01     2.000     4   5.8173
     1115     0.00000     0.3993E+01     2.000     5   5.8170
     1116     0.00000     0.5575E+01     2.000     5   5.8169
     1117     0.00000     0.9528E+01     2.000     6   5.8171
     1118     0.00000     0.9575E+02     2.000     7   5.8172
     1119     0.00000     0.3351E+01     2.000     6   5.8176
     1120     0.00000     0.3477E+01     2.000     5   5.8182
     1121     0.00000     0.5758E+01     1.000     6   5.8181
     1122     0.00000     0.9740E+01     2.000     6   5.8198
     1123     0.00000     0.1030E+03     2.000     7   5.8199
     1124     0.00000     0.1263E+02     2.000     6   5.8214
     1125     0.00000     0.5924E+01     2.000     5   5.8218
     1126     0.00000     0.7017E+02     2.000     7   5.8223
     1127     0.00000     0.3809E+02     2.000     7   5.8223
     1129     0.00000     0.3441E+01     2.000     5   5.8225
     1130     0.00000     0.1296E+02     2.000     6   5.8223
     1131     0.00000     0.9470E+02     2.000     7   5.8224
     1132     0.00000     0.3568E+01     2.000     4   5.8234
     1133     0.00000     0.3141E+01     2.000     4   5.8235
     1134     0.00000     0.6970E+02     2.000     7   5.8246
     1135     0.00000     0.3729E+02     2.000     7   5.8246
     1136     0.00000     0.7355E+01     2.000     5   5.8249
     1137     0.00000     0.3882E+01     2.000     5   5.8254
     1139     0.00000     0.6863E+01     2.000     6   5.8273
     1140     0.00000     0.4690E+01     2.000     4   5.8275
     1141     0.00000     0.4654E+01     2.000     5   5.8277
     1142     0.00000     0.3588E+01     2.000     4   5.8282
     1143     0.00000     0.5414E+01     2.000     5   5.8283
     1144     0.00000     0.5916E+01     2.000     5   5.8301
     1145     0.00000     0.6264E+01     2.000     5   5.8310
     1146     0.00000     0.6622E+01     2.000     6   5.8307
     1147     0.00000     0.1015E+02     2.000     6   5.8335
     1148     0.00000     0.3524E+02     2.000     7   5.8335
     1149     0.00000     0.7269E+02     2.000     7   5.8335
     1150     0.00000     0.2184E+02     2.000     7   5.8338
     1151     0.00000     0.6292E+01     2.000     5   5.8352
     1153     0.00000     0.7464E+01     2.000     5   5.8355
     1154     0.00000     0.3476E+02     2.000     7   5.8356
     1155     0.00000     0.7211E+02     2.000     7   5.8356
     1156     0.00000     0.6508E+01     2.000     6   5.8372
     1157     0.00000     0.9212E+01     2.000     6   5.8378
     1158     0.00000     0.1007E+02     2.000     6   5.8377
     1159     0.00000     0.2162E+02     2.000     7   5.8374
     1160     0.00000     0.2674E+02     2.000     7   5.8381
     1161     0.00000     0.8230E+01     2.000     3   5.8391
     1163     0.00000     0.2671E+02     2.000     7   5.8414
     1164     0.00000     0.2882E+01     2.000     4   5.8431
     1165     0.00000     0.3512E+01     2.000     4   5.8433
     1166     0.00000     0.6568E+01     2.000     5   5.8446
     1168     0.00000     0.1193E+02     2.000     6   5.8469
     1169     0.00000     0.8722E+01     2.000     5   5.8473
     1171     0.00000     0.2848E+01     2.000     4   5.8492
     1172     0.00000     0.6707E+01     2.000     5   5.8496
     1173     0.00000     0.1676E+02     2.000     7   5.8496
     1174     0.00000     0.1833E+02     2.000     7   5.8498
     1175     0.00000     0.1447E+03     2.000     7   5.8503
     1176     0.00000     0.7241E+01     2.000     5   5.8504
     1177     0.00000     0.3393E+01     2.000     5   5.8513
     1178     0.00000     0.3757E+01     1.000     6   5.8513
     1179     0.00000     0.1228E+02     2.000     6   5.8515
     1180     0.00000     0.1437E+03     2.000     7   5.8514
     1182     0.00000     0.1276E+02     2.000     6   5.8520
     1183     0.00000     0.3360E+01     2.000     5   5.8533
     1184     0.00000     0.4486E+01     2.000     5   5.8535
     1185     0.00000     0.1272E+02     2.000     6   5.8531
     1186     0.00000     0.5359E+01     2.000     4   5.8539
     1187     0.00000     0.1064E+02     2.000     5   5.8550
     1188     0.00000     0.8075E+01     2.000     6   5.8559
     1189     0.00000     0.1817E+02     2.000     7   5.8557
     1191     0.00000     0.4464E+01     2.000     5   5.8582
     1192     0.00000     0.3885E+01     2.000     6   5.8584
     1193     0.00000     0.4158E+01     2.000     7   5.8588
     1194     0.00000     0.1084E+02     2.000     5   5.8592
     1195     0.00000     0.8322E+01     2.000     7   5.8600
     1197     0.00000     0.4895E+01     2.000     5   5.8615
     1198     0.00000     0.7957E+01     2.000     6   5.8614
     1199     0.00000     0.1716E+02     2.000     7   5.8613
     1200     0.00000     0.2962E+02     2.000     7   5.8613
     1202     0.00000     0.1051E+02     2.000     7   5.8615
     1203     0.00000     0.7889E+01     2.000     7   5.8623
     1204     0.00000     0.1238E+02     2.000     6   5.8633
     1205     0.00000     0.1240E+02     2.000     6   5.8635
     1206     0.00000     0.7214E+01     2.000     5   5.8647
     1207     0.00000     0.5050E+01     2.000     6   5.8651
     1208     0.00000     0.5072E+01     2.000     6   5.8650
     1209     0.00000     0.1050E+02     2.000     7   5.8664
     1210     0.00000     0.3879E+01     2.000     6   5.8664
     1211     0.00000     0.2989E+01     2.000     5   5.8670
     1212     0.00000     0.3571E+01     1.000     6   5.8669
     1213     0.00000     0.2976E+02     2.000     7   5.8670
     1214     0.00000     0.1731E+02     2.000     7   5.8670
     1216     0.00000     0.1748E+02     2.000     6   5.8687
     1217     0.00000     0.1621E+02     2.000     7   5.8696
     1218     0.00000     0.2696E+02     2.000     7   5.8696
     1219     0.00000     0.2448E+02     2.000     7   5.8694
     1220     0.00000     0.4899E+01     2.000     4   5.8698
     1221     0.00000     0.7940E+01     2.000     5   5.8701
     1222     0.00000     0.4863E+01     2.000     5   5.8706
     1223     0.00000     0.1805E+02     2.000     6   5.8710
     1224     0.00000     0.2424E+02     2.000     7   5.8711
     1225     0.00000     0.1038E+02     2.000     7   5.8720
     1226     0.00000     0.1594E+02     2.000     7   5.8732
     1227     0.00000     0.2662E+02     2.000     7   5.8732
     1228     0.00000     0.3392E+01     2.000     4   5.8737
     1229     0.00000     0.2972E+01     2.000     5   5.8739
     1230     0.00000     0.8913E+01     2.000     6   5.8752
     1232     0.00000     0.1057E+02     2.000     6   5.8759
     1233     0.00000     0.1527E+02     2.000     6   5.8759
     1234     0.00000     0.3407E+01     2.000     4   5.8769
     1235     0.00000     0.5727E+02     2.000     7   5.8781
     1236     0.00000     0.2087E+02     2.000     7   5.8781
     1237     0.00000     0.8092E+01     2.000     5   5.8788
     1238     0.00000     0.1486E+02     2.000     6   5.8789
     1239     0.00000     0.1023E+02     2.000     6   5.8789
     1240     0.00000     0.4911E+01     2.000     6   5.8793
     1241     0.00000     0.5739E+02     2.000     7   5.8798
     1242     0.00000     0.2088E+02     2.000     7   5.8798
     1243     0.00000     0.1083E+02     2.000     5   5.8805
     1244     0.00000     0.3194E+01     2.000     5   5.8807
     1245     0.00000     0.7011E+01     2.000     7   5.8819
     1246     0.00000     0.8850E+01     2.000     6   5.8824
     1247     0.00000     0.6567E+02     2.000     7   5.8822
     1248     0.00000     0.4106E+02     2.000     7   5.8822
     1250     0.00000     0.4805E+01     2.000     6   5.8832
     1252     0.00000     0.2076E+02     2.000     7   5.8836
     1253     0.00000     0.2094E+02     2.000     7   5.8840
     1254     0.00000     0.4538E+01     2.000     7   5.8843
     1255     0.00000     0.2812E+01     2.000     5   5.8852
     1257     0.00000     0.3728E+02     1.000     6   5.8857
     1258     0.00000     0.6549E+02     2.000     7   5.8860
     1259     0.00000     0.4159E+02     2.000     7   5.8860
     1260     0.00000     0.8897E+01     1.000     6   5.8869
     1261     0.00000     0.7015E+01     2.000     5   5.8875
     1262     0.00000     0.1096E+02     2.000     5   5.8884
     1263     0.00000     0.7119E+01     2.000     5   5.8883
     1264     0.00000     0.1002E+02     2.000     7   5.8891
     1266     0.00000     0.3673E+01     2.000     7   5.8905
     1267     0.00000     0.4466E+01     2.000     5   5.8923
     1268     0.00000     0.1610E+02     2.000     6   5.8942
     1270     0.00000     0.3369E+02     2.000     7   5.8949
     1271     0.00000     0.8234E+01     2.000     5   5.8957
     1272     0.00000     0.3171E+01     2.000     5   5.8955
     1273     0.00000     0.3301E+02     2.000     7   5.8956
     1274     0.00000     0.2785E+01     2.000     5   5.8960
     1276     0.00000     0.4494E+01     2.000     5   5.8962
     1277     0.00000     0.6752E+01     2.000     4   5.8985
     1278     0.00000     0.8272E+01     2.000     5   5.8985
     1280     0.00000     0.1999E+02     2.000     6   5.8984
     1281     0.00000     0.3666E+02     1.000     6   5.8984
     1282     0.00000     0.1025E+02     2.000     6   5.8987
     1283     0.00000     0.4697E+01     2.000     6   5.8986
     1284     0.00000     0.2993E+01     2.000     5   5.9004
     1285     0.00000     0.1658E+02     2.000     6   5.9002
     1286     0.00000     0.1054E+02     2.000     6   5.9001
     1287     0.00000     0.3188E+01     2.000     6   5.9001
     1288     0.00000     0.5291E+01     2.000     5   5.9013
     1289     0.00000     0.1020E+02     2.000     6   5.9012
     1290     0.00000     0.3606E+01     2.000     4   5.9015
     1291     0.00000     0.5311E+01     2.000     5   5.9018
     1292     0.00000     0.1718E+02     2.000     6   5.9019
     1293     0.00000     0.6208E+01     2.000     5   5.9023
     1294     0.00000     0.8817E+01     1.000     6   5.9020
     1295     0.00000     0.4971E+02     2.000     6   5.9030
     1296     0.00000     0.1708E+02     2.000     6   5.9041
     1297     0.00000     0.1085E+02     2.000     6   5.9042
     1298     0.00000     0.6862E+01     2.000     5   5.9044
     1299     0.00000     0.6610E+01     2.000     6   5.9044
     1300     0.00000     0.6811E+01     2.000     6   5.9051
     1302     0.00000     0.5785E+01     2.000     7   5.9056
     1303     0.00000     0.4960E+02     2.000     6   5.9079
     1304     0.00000     0.1575E+02     2.000     6   5.9095
     1305     0.00000     0.6106E+01     2.000     5   5.9102
     1306     0.00000     0.1578E+02     2.000     6   5.9103
     1307     0.00000     0.5839E+01     2.000     7   5.9107
     1309     0.00000     0.2483E+02     1.000     6   5.9112
     1310     0.00000     0.5832E+01     2.000     6   5.9115
     1311     0.00000     0.1565E+02     2.000     6   5.9118
     1312     0.00000     0.1076E+02     2.000     6   5.9116
     1313     0.00000     0.1678E+02     2.000     6   5.9124
     1314     0.00000     0.3530E+01     2.000     6   5.9137
     1315     0.00000     0.1979E+02     2.000     6   5.9134
     1316     0.00000     0.1661E+02     2.000     6   5.9154
     1317     0.00000     0.2715E+02     2.000     6   5.9158
     1318     0.00000     0.1576E+02     2.000     6   5.9156
     1319     0.00000     0.8700E+02     2.000     7   5.9167
     1320     0.00000     0.1678E+02     2.000     7   5.9179
     1321     0.00000     0.4079E+01     2.000     5   5.9187
     1322     0.00000     0.4394E+01     2.000     5   5.9194
     1323     0.00000     0.8746E+02     2.000     7   5.9197
     1324     0.00000     0.1243E+02     2.000     6   5.9203
     1325     0.00000     0.5730E+01     2.000     6   5.9209
     1326     0.00000     0.2731E+02     2.000     6   5.9229
     1327     0.00000     0.1249E+02     2.000     6   5.9236
     1328     0.00000     0.1672E+02     2.000     7   5.9234
     1329     0.00000     0.4393E+01     2.000     5   5.9239
     1330     0.00000     0.2071E+02     2.000     7   5.9246
     1331     0.00000     0.1074E+02     2.000     6   5.9257
     1332     0.00000     0.4453E+01     2.000     5   5.9261
     1334     0.00000     0.2067E+02     2.000     7   5.9270
     1335     0.00000     0.2466E+02     1.000     6   5.9284
     1336     0.00000     0.4964E+02     2.000     7   5.9295
     1337     0.00000     0.5025E+02     2.000     7   5.9295
     1339     0.00000     0.9121E+01     2.000     6   5.9309
     1340     0.00000     0.1065E+02     2.000     6   5.9307
     1342     0.00000     0.3541E+01     2.000     5   5.9337
     1343     0.00000     0.6214E+01     2.000     7   5.9335
     1344     0.00000     0.8510E+01     2.000     5   5.9340
     1345     0.00000     0.5010E+02     2.000     7   5.9347
     1346     0.00000     0.5067E+02     2.000     7   5.9347
     1347     0.00000     0.9015E+01     2.000     6   5.9362
     1348     0.00000     0.4371E+01     2.000     5   5.9368
     1349     0.00000     0.1292E+02     2.000     6   5.9373
     1350     0.00000     0.3962E+01     2.000     5   5.9380
     1351     0.00000     0.4794E+02     2.000     7   5.9382
     1352     0.00000     0.5269E+02     2.000     7   5.9396
     1353     0.00000     0.5215E+02     2.000     7   5.9397
     1354     0.00000     0.3244E+01     2.000     6   5.9429
     1355     0.00000     0.1553E+02     2.000     6   5.9429
     1357     0.00000     0.4175E+01     2.000     5   5.9449
     1358     0.00000     0.1289E+02     2.000     6   5.9448
     1359     0.00000     0.6155E+01     2.000     7   5.9449
     1360     0.00000     0.6579E+01     2.000     5   5.9451
     1361     0.00000     0.1256E+02     2.000     6   5.9466
     1362     0.00000     0.3179E+02     2.000     7   5.9462
     1363     0.00000     0.4319E+01     2.000     5   5.9468
     1364     0.00000     0.4675E+02     2.000     7   5.9470
     1365     0.00000     0.4101E+01     2.000     5   5.9474
     1367     0.00000     0.3193E+01     2.000     6   5.9483
     1369     0.00000     0.1532E+02     2.000     6   5.9508
     1370     0.00000     0.7247E+01     2.000     5   5.9510
     1371     0.00000     0.3152E+02     2.000     7   5.9513
     1372     0.00000     0.2633E+02     2.000     7   5.9540
     1373     0.00000     0.4295E+01     2.000     5   5.9554
     1374     0.00000     0.3125E+02     2.000     7   5.9566
     1375     0.00000     0.3861E+01     2.000     5   5.9578
     1376     0.00000     0.1235E+02     2.000     6   5.9574
     1377     0.00000     0.7075E+01     2.000     6   5.9585
     1378     0.00000     0.4454E+01     2.000     5   5.9588
     1379     0.00000     0.6829E+01     2.000     5   5.9607
     1380     0.00000     0.6929E+01     2.000     6   5.9614
     1381     0.00000     0.3074E+02     2.000     7   5.9626
     1382     0.00000     0.1310E+02     2.000     6   5.9631
     1383     0.00000     0.1329E+02     2.000     6   5.9634
     1384     0.00000     0.2639E+02     2.000     7   5.9638
     1385     0.00000     0.4505E+01     2.000     5   5.9639
     1386     0.00000     0.3171E+01     2.000     5   5.9653
     1387     0.00000     0.9857E+01     2.000     5   5.9678
     1388     0.00000     0.4365E+01     2.000     5   5.9693
     1389     0.00000     0.4052E+01     2.000     5   5.9690
     1391     0.00000     0.7077E+01     2.000     4   5.9709
     1392     0.00000     0.1000E+02     2.000     6   5.9717
     1393     0.00000     0.6555E+01     2.000     6   5.9721
     1394     0.00000     0.9838E+01     2.000     5   5.9730
     1397     0.00000     0.3331E+01     2.000     5   5.9743
     1398     0.00000     0.3981E+01     2.000     5   5.9746
     1399     0.00000     0.7110E+01     2.000     4   5.9752
     1400     0.00000     0.5032E+01     2.000     5   5.9750
     1401     0.00000     0.3118E+01     2.000     6   5.9754
     1402     0.00000     0.4040E+01     2.000     5   5.9754
     1403     0.00000     0.1040E+02     2.000     6   5.9771
     1404     0.00000     0.3206E+01     1.000     6   5.9775
     1405     0.00000     0.8430E+01     1.000     6   5.9770
     1406     0.00000     0.1238E+02     2.000     6   5.9771
     1407     0.00000     0.6731E+01     2.000     6   5.9787
     1408     0.00000     0.1241E+02     2.000     6   5.9787
     1409     0.00000     0.6804E+01     2.000     6   5.9794
     1410     0.00000     0.2496E+02     2.000     7   5.9792
     1411     0.00000     0.2484E+02     2.000     7   5.9804
     1412     0.00000     0.4756E+01     2.000     6   5.9806
     1413     0.00000     0.6599E+01     2.000     6   5.9806
     1414     0.00000     0.8905E+01     2.000     6   5.9808
     1415     0.00000     0.1799E+02     2.000     6   5.9815
     1416     0.00000     0.1061E+02     2.000     6   5.9818
     1417     0.00000     0.6777E+01     2.000     6   5.9831
     1418     0.00000     0.6731E+01     2.000     6   5.9836
     1419     0.00000     0.5979E+01     2.000     4   5.9846
     1420     0.00000     0.1395E+02     2.000     5   5.9846
     1421     0.00000     0.1797E+02     2.000     6   5.9848
     1422     0.00000     0.2346E+02     2.000     6   5.9845
     1423     0.00000     0.8879E+01     2.000     6   5.9853
     1424     0.00000     0.2141E+02     2.000     7   5.9854
     1425     0.00000     0.1058E+02     2.000     6   5.9864
     1426     0.00000     0.1392E+02     2.000     5   5.9870
     1429     0.00000     0.3811E+01     2.000     5   5.9882
     1430     0.00000     0.5920E+01     2.000     4   5.9884
     1433     0.00000     0.3599E+01     2.000     4   5.9908
     1435     0.00000     0.4258E+01     2.000     6   5.9907
     1436     0.00000     0.2441E+02     2.000     7   5.9905
     1437     0.00000     0.2439E+02     2.000     7   5.9909
     1438     0.00000     0.6012E+01     2.000     6   5.9911
     1440     0.00000     0.7561E+01     2.000     6   5.9915
     1441     0.00000     0.7799E+01     2.000     6   5.9912
     1442     0.00000     0.2374E+02     2.000     6   5.9913
     1443     0.00000     0.4634E+01     2.000     6   5.9913
     1444     0.00000     0.1001E+02     2.000     6   5.9928
     1445     0.00000     0.4073E+02     2.000     7   5.9931
     1446     0.00000     0.5182E+01     2.000     7   5.9937
     1447     0.00000     0.2087E+02     2.000     7   5.9935
     1448     0.00000     0.4011E+02     2.000     7   5.9938
     1449     0.00000     0.4176E+01     2.000     6   5.9945
     1450     0.00000     0.8144E+01     2.000     7   5.9953
     1451     0.00000     0.6236E+01     2.000     5   5.9954
     1452     0.00000     0.1398E+02     2.000     6   5.9953
     1453     0.00000     0.1970E+02     2.000     6   5.9961
     1454     0.00000     0.9392E+01     2.000     6   5.9973
     1455     0.00000     0.7503E+01     2.000     6   5.9973
     1456     0.00000     0.7891E+01     2.000     6   5.9973
     1457     0.00000     0.1145E+02     2.000     6   5.9973
     1458     0.00000     0.5137E+02     2.000     7   5.9981
     1459     0.00000     0.1423E+02     2.000     7   5.9981
     1460     0.00000     0.1017E+02     2.000     5   5.9983
     1461     0.00000     0.1369E+02     2.000     6   5.9988
     1462     0.00000     0.3801E+01     2.000     5   5.9990
     1463     0.00000     0.3481E+01     2.000     5   5.9993
     1464     0.00000     0.3780E+01     2.000     6   5.9997
     1465     0.00000     0.4066E+01     2.000     6   5.9998
     1466     0.00000     0.1011E+02     2.000     5   6.0002
     1467     0.00000     0.3791E+01     2.000     6   6.0003
     1468     0.00000     0.8055E+01     2.000     7   6.0019
     1469     0.00000     0.1960E+02     2.000     6   6.0019
     1470     0.00000     0.5930E+01     2.000     6   6.0026
     1471     0.00000     0.7390E+01     2.000     6   6.0033
     1472     0.00000     0.1215E+02     2.000     7   6.0042
     1473     0.00000     0.4857E+01     2.000     6   6.0054
     1474     0.00000     0.9457E+01     2.000     6   6.0066
     1475     0.00000     0.9449E+01     2.000     6   6.0062
     1476     0.00000     0.8135E+01     2.000     6   6.0062
     1477     0.00000     0.1183E+02     2.000     6   6.0062
     1478     0.00000     0.4056E+01     2.000     4   6.0071
     1479     0.00000     0.3902E+01     2.000     7   6.0081
     1480     0.00000     0.5079E+02     2.000     7   6.0085
     1481     0.00000     0.1364E+02     2.000     7   6.0085
     1482     0.00000     0.3659E+02     2.000     7   6.0098
     1483     0.00000     0.2610E+02     2.000     6   6.0100
     1484     0.00000     0.4340E+01     2.000     5   6.0106
     1485     0.00000     0.1563E+02     2.000     7   6.0110
     1486     0.00000     0.1877E+02     2.000     6   6.0120
     1487     0.00000     0.3642E+02     2.000     7   6.0137
     1488     0.00000     0.3639E+01     2.000     6   6.0147
     1489     0.00000     0.1108E+02     2.000     5   6.0152
     1490     0.00000     0.1203E+02     2.000     7   6.0153
     1491     0.00000     0.1534E+02     2.000     7   6.0151
     1492     0.00000     0.8494E+01     2.000     6   6.0170
     1493     0.00000     0.2132E+02     2.000     6   6.0170
     1495     0.00000     0.3772E+01     2.000     7   6.0168
     1496     0.00000     0.9290E+01     2.000     6   6.0173
     1497     0.00000     0.1095E+02     2.000     6   6.0176
     1500     0.00000     0.4205E+01     1.000     6   6.0192
     1501     0.00000     0.1866E+02     2.000     6   6.0202
     1502     0.00000     0.3641E+01     2.000     6   6.0200
     1503     0.00000     0.8754E+01     2.000     6   6.0203
     1504     0.00000     0.2632E+02     2.000     6   6.0204
     1505     0.00000     0.2175E+02     2.000     6   6.0203
     1506     0.00000     0.1103E+02     2.000     5   6.0225
     1507     0.00000     0.6808E+01     2.000     6   6.0228
     1508     0.00000     0.3778E+01     2.000     7   6.0229
     1509     0.00000     0.5690E+01     2.000     6   6.0235
     1510     0.00000     0.1090E+02     2.000     6   6.0235
     1511     0.00000     0.5317E+01     2.000     5   6.0243
     1512     0.00000     0.3904E+01     2.000     6   6.0256
     1513     0.00000     0.9814E+01     2.000     6   6.0253
     1514     0.00000     0.3495E+02     2.000     7   6.0258
     1515     0.00000     0.5393E+01     2.000     5   6.0265
     1517     0.00000     0.6564E+01     2.000     6   6.0263
     1518     0.00000     0.2275E+02     2.000     6   6.0274
     1519     0.00000     0.3034E+01     2.000     3   6.0276
     1520     0.00000     0.9284E+01     2.000     6   6.0282
     1521     0.00000     0.1284E+02     2.000     5   6.0289
     1522     0.00000     0.2209E+02     2.000     6   6.0289
     1524     0.00000     0.2746E+01     2.000     6   6.0297
     1525     0.00000     0.2332E+02     2.000     6   6.0299
     1526     0.00000     0.9775E+01     2.000     6   6.0305
     1527     0.00000     0.3755E+01     2.000     6   6.0321
     1528     0.00000     0.3475E+02     2.000     7   6.0320
     1529     0.00000     0.1052E+03     2.000     7   6.0326
     1530     0.00000     0.5558E+01     2.000     6   6.0329
     1531     0.00000     0.2256E+02     2.000     7   6.0338
     1533     0.00000     0.2186E+02     2.000     6   6.0343
     1534     0.00000     0.1274E+02     2.000     5   6.0356
     1535     0.00000     0.9070E+01     2.000     6   6.0356
     1536     0.00000     0.1063E+02     2.000     6   6.0357
     1537     0.00000     0.6940E+01     2.000     6   6.0354
     1538     0.00000     0.8417E+01     2.000     5   6.0360
     1539     0.00000     0.3760E+01     2.000     6   6.0375
     1540     0.00000     0.8232E+01     2.000     6   6.0378
     1541     0.00000     0.3898E+01     2.000     6   6.0382
     1542     0.00000     0.6720E+01     2.000     5   6.0385
     1543     0.00000     0.5287E+01     2.000     6   6.0385
     1544     0.00000     0.5287E+01     2.000     6   6.0385
     1545     0.00000     0.1716E+02     2.000     7   6.0388
     1546     0.00000     0.8106E+01     2.000     6   6.0392
     1547     0.00000     0.1045E+03     2.000     7   6.0400
     1548     0.00000     0.1298E+02     2.000     7   6.0402
     1549     0.00000     0.4307E+02     2.000     7   6.0411
     1550     0.00000     0.8526E+01     2.000     5   6.0415
     1551     0.00000     0.4438E+02     2.000     7   6.0417
     1552     0.00000     0.2208E+02     2.000     6   6.0426
     1553     0.00000     0.4085E+01     2.000     5   6.0432
     1554     0.00000     0.3406E+01     2.000     5   6.0430
     1556     0.00000     0.2251E+02     2.000     7   6.0436
     1557     0.00000     0.2119E+02     2.000     7   6.0453
     1558     0.00000     0.4680E+02     2.000     7   6.0453
     1559     0.00000     0.1053E+02     2.000     6   6.0456
     1560     0.00000     0.1396E+02     2.000     6   6.0463
     1562     0.00000     0.2851E+02     2.000     7   6.0466
     1563     0.00000     0.2200E+02     2.000     6   6.0474
     1564     0.00000     0.6809E+01     2.000     6   6.0473
     1565     0.00000     0.1417E+02     2.000     6   6.0481
     1566     0.00000     0.1682E+02     2.000     7   6.0481
     1567     0.00000     0.3336E+01     2.000     3   6.0485
     1568     0.00000     0.1174E+02     2.000     5   6.0494
     1569     0.00000     0.5457E+01     2.000     6   6.0492
     1571     0.00000     0.5144E+01     2.000     6   6.0497
     1572     0.00000     0.5146E+01     2.000     6   6.0497
     1573     0.00000     0.1579E+02     2.000     6   6.0497
     1574     0.00000     0.1192E+02     2.000     5   6.0504
     1575     0.00000     0.8783E+01     2.000     6   6.0514
     1576     0.00000     0.2786E+02     2.000     7   6.0513
     1577     0.00000     0.8659E+01     2.000     6   6.0518
     1578     0.00000     0.6443E+01     2.000     6   6.0520
     1579     0.00000     0.5392E+01     2.000     6   6.0518
     1580     0.00000     0.5945E+01     2.000     6   6.0523
     1581     0.00000     0.6304E+01     2.000     6   6.0526
     1582     0.00000     0.7215E+01     2.000     6   6.0523
     1583     0.00000     0.1596E+02     2.000     6   6.0533
     1584     0.00000     0.5683E+01     2.000     3   6.0539
     1585     0.00000     0.2104E+02     2.000     7   6.0550
     1586     0.00000     0.4670E+02     2.000     7   6.0550
     1587     0.00000     0.5887E+01     2.000     7   6.0552
     1588     0.00000     0.4012E+01     2.000     5   6.0565
     1589     0.00000     0.5425E+01     2.000     6   6.0566
     1590     0.00000     0.1600E+02     2.000     7   6.0584
     1591     0.00000     0.8986E+02     2.000     7   6.0581
     1592     0.00000     0.5593E+01     2.000     6   6.0588
     1593     0.00000     0.2762E+02     2.000     7   6.0600
     1594     0.00000     0.2798E+02     2.000     7   6.0599
     1595     0.00000     0.6675E+01     1.000     4   6.0622
     1596     0.00000     0.2568E+02     2.000     6   6.0622
     1597     0.00000     0.6284E+01     2.000     6   6.0622
     1598     0.00000     0.1588E+02     2.000     7   6.0625
     1599     0.00000     0.2550E+02     2.000     6   6.0631
     1600     0.00000     0.5299E+01     2.000     6   6.0637
     1601     0.00000     0.6031E+01     2.000     6   6.0654
     1602     0.00000     0.2351E+02     2.000     7   6.0651
     1603     0.00000     0.5967E+01     2.000     6   6.0663
     1604     0.00000     0.2311E+02     2.000     7   6.0672
     1605     0.00000     0.3716E+01     2.000     3   6.0682
     1606     0.00000     0.5515E+01     2.000     6   6.0686
     1607     0.00000     0.1551E+02     2.000     7   6.0688
     1608     0.00000     0.7473E+01     2.000     6   6.0700
     1609     0.00000     0.9046E+02     2.000     7   6.0699
     1610     0.00000     0.2837E+01     2.000     7   6.0705
     1612     0.00000     0.9315E+01     2.000     7   6.0703
     1613     0.00000     0.6133E+01     2.000     6   6.0710
     1614     0.00000     0.6966E+01     2.000     6   6.0728
     1615     0.00000     0.7445E+01     2.000     6   6.0728
     1616     0.00000     0.1945E+02     2.000     7   6.0724
     1617     0.00000     0.3866E+01     2.000     6   6.0730
     1618     0.00000     0.7545E+01     2.000     6   6.0735
     1619     0.00000     0.1533E+02     2.000     7   6.0737
     1620     0.00000     0.2987E+01     2.000     5   6.0751
     1621     0.00000     0.4741E+01     2.000     6   6.0748
     1622     0.00000     0.6561E+01     2.000     6   6.0753
     1623     0.00000     0.9173E+01     2.000     7   6.0755
     1624     0.00000     0.6288E+01     2.000     6   6.0768
     1629     0.00000     0.3819E+01     2.000     6   6.0784
     1630     0.00000     0.2883E+01     2.000     5   6.0790
     1632     0.00000     0.5344E+01     2.000     4   6.0821
     1633     0.00000     0.3749E+01     2.000     4   6.0819
     1634     0.00000     0.5762E+01     2.000     3   6.0825
     1636     0.00000     0.1899E+02     2.000     7   6.0829
     1637     0.00000     0.2548E+02     2.000     7   6.0842
     1638     0.00000     0.2907E+02     2.000     7   6.0842
     1639     0.00000     0.2601E+02     2.000     7   6.0863
     1640     0.00000     0.2956E+02     2.000     7   6.0863
     1641     0.00000     0.2876E+01     2.000     5   6.0873
     1642     0.00000     0.7695E+01     2.000     6   6.0937
     1643     0.00000     0.1134E+02     2.000     7   6.0934
     1644     0.00000     0.6346E+01     2.000     5   6.0957
     1645     0.00000     0.3106E+01     2.000     4   6.0966
     1646     0.00000     0.7744E+01     2.000     6   6.0970
     1647     0.00000     0.1221E+02     2.000     6   6.0973
     1648     0.00000     0.1121E+02     2.000     7   6.0990
     1649     0.00000     0.4545E+01     2.000     6   6.1008
     1650     0.00000     0.7402E+01     2.000     6   6.1011
     1651     0.00000     0.7090E+01     2.000     6   6.1023
     1652     0.00000     0.2818E+01     2.000     5   6.1040
     1653     0.00000     0.3137E+01     2.000     5   6.1050
     1654     0.00000     0.1209E+02     2.000     6   6.1050
     1655     0.00000     0.3910E+01     2.000     6   6.1059
     1656     0.00000     0.4641E+01     2.000     6   6.1066
     1657     0.00000     0.9230E+01     2.000     6   6.1068
     1658     0.00000     0.1456E+02     2.000     7   6.1067
     1659     0.00000     0.8986E+01     2.000     6   6.1072
     1660     0.00000     0.3333E+01     2.000     5   6.1084
     1661     0.00000     0.4322E+01     2.000     5   6.1083
     1662     0.00000     0.5400E+01     2.000     6   6.1088
     1663     0.00000     0.7382E+01     2.000     6   6.1089
     1664     0.00000     0.2009E+02     2.000     7   6.1097
     1665     0.00000     0.4548E+01     2.000     4   6.1102
     1666     0.00000     0.4332E+01     2.000     5   6.1103
     1667     0.00000     0.1447E+02     2.000     7   6.1108
     1668     0.00000     0.6643E+01     2.000     6   6.1112
     1669     0.00000     0.4623E+01     2.000     6   6.1122
     1671     0.00000     0.5892E+01     2.000     6   6.1131
     1672     0.00000     0.5597E+01     2.000     6   6.1132
     1673     0.00000     0.8418E+01     2.000     5   6.1141
     1674     0.00000     0.1439E+02     2.000     7   6.1148
     1675     0.00000     0.2053E+02     2.000     7   6.1155
     1676     0.00000     0.5047E+01     2.000     6   6.1162
     1677     0.00000     0.5159E+01     2.000     6   6.1159
     1678     0.00000     0.7547E+01     2.000     6   6.1172
     1680     0.00000     0.2773E+01     2.000     5   6.1192
     1681     0.00000     0.8267E+01     2.000     5   6.1205
     1682     0.00000     0.4645E+01     2.000     6   6.1211
     1683     0.00000     0.7534E+01     2.000     6   6.1207
     1684     0.00000     0.1431E+02     2.000     7   6.1207
     1685     0.00000     0.3331E+01     2.000     5   6.1218
     1686     0.00000     0.4593E+01     2.000     6   6.1225
     1687     0.00000     0.4120E+01     2.000     7   6.1227
     1688     0.00000     0.1231E+02     2.000     6   6.1234
     1689     0.00000     0.3977E+01     2.000     6   6.1247
     1690     0.00000     0.5744E+01     2.000     6   6.1251
     1691     0.00000     0.8866E+01     2.000     7   6.1251
     1692     0.00000     0.2490E+02     2.000     7   6.1256
     1693     0.00000     0.9030E+01     2.000     7   6.1262
     1694     0.00000     0.7899E+01     2.000     7   6.1269
     1695     0.00000     0.3365E+01     2.000     7   6.1269
     1696     0.00000     0.4015E+01     2.000     7   6.1265
     1697     0.00000     0.7916E+01     2.000     7   6.1277
     1699     0.00000     0.3541E+01     2.000     6   6.1306
     1700     0.00000     0.3196E+02     2.000     7   6.1314
     1701     0.00000     0.4625E+01     1.000     4   6.1316
     1702     0.00000     0.4315E+01     2.000     4   6.1327
     1703     0.00000     0.3282E+02     2.000     7   6.1328
     1704     0.00000     0.4628E+01     2.000     6   6.1341
     1705     0.00000     0.3957E+01     2.000     6   6.1343
     1706     0.00000     0.2461E+02     2.000     7   6.1340
     1707     0.00000     0.3338E+01     2.000     4   6.1350
     1708     0.00000     0.1211E+02     2.000     6   6.1351
     1709     0.00000     0.3212E+01     2.000     7   6.1353
     1710     0.00000     0.1178E+02     2.000     7   6.1379
     1711     0.00000     0.2946E+01     2.000     5   6.1383
     1712     0.00000     0.7408E+01     2.000     6   6.1383
     1713     0.00000     0.7445E+01     2.000     6   6.1399
     1714     0.00000     0.2386E+02     2.000     7   6.1416
     1715     0.00000     0.5656E+01     2.000     6   6.1430
     1717     0.00000     0.4030E+01     2.000     5   6.1438
     1718     0.00000     0.4262E+01     2.000     6   6.1438
     1719     0.00000     0.2067E+02     2.000     7   6.1441
     1720     0.00000     0.8426E+01     2.000     7   6.1441
     1721     0.00000     0.4285E+01     2.000     6   6.1445
     1722     0.00000     0.1173E+02     2.000     7   6.1442
     1723     0.00000     0.3224E+01     2.000     5   6.1462
     1724     0.00000     0.2158E+02     2.000     7   6.1478
     1725     0.00000     0.9267E+01     2.000     7   6.1478
     1726     0.00000     0.3304E+01     2.000     6   6.1489
     1727     0.00000     0.2447E+02     2.000     5   6.1506
     1728     0.00000     0.3398E+01     2.000     5   6.1518
     1729     0.00000     0.3134E+01     2.000     4   6.1525
     1730     0.00000     0.2354E+02     2.000     7   6.1522
     1731     0.00000     0.3240E+01     2.000     5   6.1545
     1733     0.00000     0.7176E+01     2.000     6   6.1546
     1734     0.00000     0.3046E+01     2.000     7   6.1544
     1735     0.00000     0.7107E+01     2.000     6   6.1555
     1736     0.00000     0.4009E+01     2.000     5   6.1560
     1737     0.00000     0.3473E+01     2.000     6   6.1568
     1738     0.00000     0.3404E+02     2.000     7   6.1569
     1739     0.00000     0.5366E+02     2.000     7   6.1569
     1740     0.00000     0.3087E+01     2.000     7   6.1570
     1741     0.00000     0.4772E+01     2.000     5   6.1581
     1742     0.00000     0.2040E+02     2.000     6   6.1584
     1743     0.00000     0.9588E+01     2.000     5   6.1588
     1744     0.00000     0.4999E+01     2.000     4   6.1604
     1745     0.00000     0.3502E+01     2.000     5   6.1615
     1746     0.00000     0.3487E+02     2.000     7   6.1620
     1747     0.00000     0.2627E+02     2.000     7   6.1619
     1748     0.00000     0.5477E+02     2.000     7   6.1620
     1749     0.00000     0.2898E+01     2.000     7   6.1622
     1750     0.00000     0.3098E+01     2.000     6   6.1631
     1751     0.00000     0.2558E+02     2.000     7   6.1639
     1752     0.00000     0.1250E+02     2.000     7   6.1644
     1753     0.00000     0.1256E+02     2.000     7   6.1649
     1754     0.00000     0.1558E+02     2.000     7   6.1667
     1755     0.00000     0.5922E+01     2.000     3   6.1673
     1756     0.00000     0.2010E+02     2.000     6   6.1677
     1757     0.00000     0.3463E+01     2.000     6   6.1677
     1758     0.00000     0.5032E+01     1.000     6   6.1675
     1759     0.00000     0.5330E+01     2.000     6   6.1674
     1760     0.00000     0.2917E+01     2.000     6   6.1679
     1762     0.00000     0.4774E+01     1.000     6   6.1693
     1763     0.00000     0.1563E+02     2.000     7   6.1689
     1764     0.00000     0.3346E+01     2.000     5   6.1700
     1765     0.00000     0.4811E+01     1.000     6   6.1695
     1766     0.00000     0.6972E+01     2.000     6   6.1698
     1767     0.00000     0.6501E+01     2.000     7   6.1696
     1768     0.00000     0.2638E+02     2.000     7   6.1696
     1769     0.00000     0.5770E+01     2.000     5   6.1717
     1770     0.00000     0.1963E+02     2.000     7   6.1721
     1771     0.00000     0.1954E+02     2.000     7   6.1722
     1772     0.00000     0.5222E+01     2.000     6   6.1724
     1773     0.00000     0.1232E+02     2.000     7   6.1751
     1774     0.00000     0.1805E+02     2.000     7   6.1758
     1776     0.00000     0.7002E+01     2.000     7   6.1769
     1777     0.00000     0.1201E+02     2.000     7   6.1772
     1778     0.00000     0.2719E+02     2.000     7   6.1769
     1779     0.00000     0.5737E+01     2.000     5   6.1778
     1780     0.00000     0.8705E+01     2.000     6   6.1788
     1781     0.00000     0.6873E+01     2.000     6   6.1783
     1782     0.00000     0.3340E+01     2.000     4   6.1793
     1783     0.00000     0.3862E+01     2.000     5   6.1795
     1784     0.00000     0.1815E+02     2.000     7   6.1801
     1786     0.00000     0.3506E+01     2.000     4   6.1826
     1787     0.00000     0.3557E+01     2.000     5   6.1828
     1788     0.00000     0.1477E+02     2.000     7   6.1826
     1789     0.00000     0.2208E+02     2.000     7   6.1825
     1790     0.00000     0.6261E+01     2.000     6   6.1834
     1792     0.00000     0.8276E+01     2.000     7   6.1847
     1793     0.00000     0.1673E+02     2.000     7   6.1861
     1794     0.00000     0.1057E+02     2.000     6   6.1866
     1795     0.00000     0.1480E+02     2.000     7   6.1871
     1798     0.00000     0.7178E+01     2.000     6   6.1885
     1799     0.00000     0.4787E+01     2.000     4   6.1892
     1800     0.00000     0.6214E+01     2.000     6   6.1888
     1801     0.00000     0.2185E+02     2.000     7   6.1891
     1802     0.00000     0.3678E+01     2.000     6   6.1920
     1804     0.00000     0.3118E+01     1.000     6   6.1920
     1805     0.00000     0.1131E+02     2.000     7   6.1923
     1807     0.00000     0.6217E+01     2.000     6   6.1926
     1808     0.00000     0.5664E+01     2.000     6   6.1933
     1809     0.00000     0.2803E+01     2.000     7   6.1939
     1810     0.00000     0.4357E+01     2.000     6   6.1938
     1811     0.00000     0.1050E+02     2.000     6   6.1941
     1812     0.00000     0.8109E+01     2.000     7   6.1940
     1813     0.00000     0.6909E+01     2.000     6   6.1943
     1814     0.00000     0.3828E+01     2.000     4   6.1954
     1815     0.00000     0.6305E+01     2.000     6   6.1956
     1816     0.00000     0.1648E+02     2.000     7   6.1958
     1817     0.00000     0.5581E+01     2.000     6   6.1959
     1818     0.00000     0.2714E+01     2.000     4   6.1974
     1819     0.00000     0.3644E+01     2.000     4   6.1985
     1820     0.00000     0.7710E+01     2.000     7   6.1989
     1821     0.00000     0.1118E+02     2.000     7   6.1991
     1822     0.00000     0.4365E+01     2.000     6   6.1992
     1823     0.00000     0.3754E+01     2.000     7   6.1992
     1824     0.00000     0.7492E+01     2.000     7   6.2038
     1825     0.00000     0.5412E+01     2.000     7   6.2056
     1826     0.00000     0.3803E+01     2.000     7   6.2097
     1828     0.00000     0.5365E+01     2.000     7   6.2101
     1829     0.00000     0.4088E+01     2.000     5   6.2111
     1830     0.00000     0.4187E+01     2.000     6   6.2115
     1831     0.00000     0.5334E+01     2.000     6   6.2122
     1832     0.00000     0.4890E+01     2.000     5   6.2129
     1833     0.00000     0.5023E+01     2.000     5   6.2133
     1834     0.00000     0.1681E+02     2.000     7   6.2138
     1835     0.00000     0.3282E+01     2.000     4   6.2151
     1836     0.00000     0.2717E+01     2.000     6   6.2153
     1837     0.00000     0.1032E+02     2.000     7   6.2150
     1838     0.00000     0.4200E+01     2.000     6   6.2157
     1839     0.00000     0.1010E+02     2.000     7   6.2168
     1840     0.00000     0.1658E+02     2.000     7   6.2165
     1841     0.00000     0.7903E+01     2.000     7   6.2164
     1843     0.00000     0.1150E+02     2.000     7   6.2170
     1844     0.00000     0.3299E+01     2.000     4   6.2186
     1845     0.00000     0.3613E+01     2.000     6   6.2196
     1846     0.00000     0.1749E+02     2.000     7   6.2196
     1847     0.00000     0.8925E+01     2.000     7   6.2200
     1848     0.00000     0.6248E+01     2.000     6   6.2216
     1849     0.00000     0.4281E+01     2.000     6   6.2220
     1850     0.00000     0.1150E+02     2.000     7   6.2226
     1851     0.00000     0.3271E+01     2.000     4   6.2231
     1852     0.00000     0.3916E+01     2.000     6   6.2233
     1854     0.00000     0.3954E+01     2.000     6   6.2245
     1855     0.00000     0.3770E+01     2.000     5   6.2256
     1856     0.00000     0.5050E+01     2.000     6   6.2270
     1857     0.00000     0.4186E+01     2.000     6   6.2275
     1858     0.00000     0.2185E+02     2.000     7   6.2281
     1859     0.00000     0.7010E+01     2.000     5   6.2290
     1860     0.00000     0.6640E+01     2.000     6   6.2296
     1861     0.00000     0.9185E+01     2.000     7   6.2306
     1863     0.00000     0.4025E+01     2.000     6   6.2338
     1864     0.00000     0.1417E+02     2.000     7   6.2338
     1866     0.00000     0.1115E+02     2.000     7   6.2360
     1867     0.00000     0.1039E+02     2.000     7   6.2360
     1869     0.00000     0.6656E+01     2.000     6   6.2369
     1870     0.00000     0.5891E+01     2.000     6   6.2372
     1871     0.00000     0.3378E+01     1.000     6   6.2373
     1873     0.00000     0.1045E+02     2.000     7   6.2376
     1874     0.00000     0.3991E+01     2.000     5   6.2384
     1875     0.00000     0.1430E+02     2.000     7   6.2384
     1876     0.00000     0.2464E+02     1.000     6   6.2391
     1877     0.00000     0.1564E+02     2.000     6   6.2401
     1878     0.00000     0.9102E+01     2.000     7   6.2409
     1879     0.00000     0.2172E+02     2.000     7   6.2410
     1880     0.00000     0.5356E+01     2.000     4   6.2416
     1881     0.00000     0.3537E+01     2.000     4   6.2412
     1882     0.00000     0.3842E+01     2.000     6   6.2426
     1884     0.00000     0.1026E+02     2.000     7   6.2431
     1885     0.00000     0.1100E+02     2.000     7   6.2435
     1886     0.00000     0.1570E+02     2.000     6   6.2436
     1887     0.00000     0.1046E+02     2.000     7   6.2435
     1888     0.00000     0.2379E+02     2.000     7   6.2442
     1889     0.00000     0.1407E+02     2.000     7   6.2445
     1890     0.00000     0.1450E+02     2.000     7   6.2444
     1891     0.00000     0.3265E+01     1.000     6   6.2449
     1892     0.00000     0.7510E+01     2.000     7   6.2448
     1893     0.00000     0.1217E+02     2.000     7   6.2449
     1894     0.00000     0.1804E+02     2.000     7   6.2449
     1895     0.00000     0.6032E+01     2.000     5   6.2458
     1896     0.00000     0.2381E+02     2.000     7   6.2466
     1897     0.00000     0.4848E+01     2.000     4   6.2480
     1898     0.00000     0.1446E+02     2.000     7   6.2480
     1899     0.00000     0.4401E+01     2.000     7   6.2483
     1900     0.00000     0.4263E+01     2.000     7   6.2489
     1901     0.00000     0.5321E+01     2.000     6   6.2509
     1903     0.00000     0.4696E+01     2.000     6   6.2515
     1904     0.00000     0.3375E+01     2.000     5   6.2517
     1905     0.00000     0.2887E+01     1.000     6   6.2519
     1906     0.00000     0.1800E+02     2.000     7   6.2516
     1907     0.00000     0.2698E+02     2.000     7   6.2526
     1908     0.00000     0.7004E+01     2.000     7   6.2528
     1909     0.00000     0.7364E+01     2.000     7   6.2535
     1910     0.00000     0.1610E+02     2.000     6   6.2547
     1911     0.00000     0.1584E+02     2.000     7   6.2548
     1912     0.00000     0.4228E+01     2.000     7   6.2550
     1913     0.00000     0.2654E+02     2.000     7   6.2558
     1914     0.00000     0.1473E+02     2.000     7   6.2557
     1915     0.00000     0.5371E+01     2.000     7   6.2558
     1916     0.00000     0.2711E+01     2.000     7   6.2564
     1917     0.00000     0.4557E+01     2.000     7   6.2565
     1920     0.00000     0.1761E+02     2.000     7   6.2568
     1921     0.00000     0.1211E+02     2.000     7   6.2568
     1922     0.00000     0.1051E+02     2.000     7   6.2571
     1923     0.00000     0.1057E+02     2.000     6   6.2572
     1925     0.00000     0.1805E+02     2.000     7   6.2585
     1926     0.00000     0.4584E+01     2.000     4   6.2592
     1927     0.00000     0.3502E+01     2.000     5   6.2596
     1929     0.00000     0.2809E+01     2.000     7   6.2600
     1930     0.00000     0.1086E+02     2.000     6   6.2605
     1931     0.00000     0.1614E+02     2.000     6   6.2608
     1932     0.00000     0.1335E+02     2.000     6   6.2610
     1933     0.00000     0.5308E+01     2.000     6   6.2608
     1934     0.00000     0.1746E+02     2.000     7   6.2610
     1935     0.00000     0.1325E+02     2.000     6   6.2620
     1936     0.00000     0.2911E+02     2.000     7   6.2617
     1937     0.00000     0.1055E+02     2.000     7   6.2618
     1938     0.00000     0.5125E+01     2.000     5   6.2629
     1939     0.00000     0.5069E+01     2.000     5   6.2629
     1940     0.00000     0.2790E+01     2.000     7   6.2633
     1941     0.00000     0.6772E+01     2.000     6   6.2654
     1943     0.00000     0.5054E+01     2.000     5   6.2677
     1944     0.00000     0.3502E+02     2.000     7   6.2684
     1945     0.00000     0.3484E+01     2.000     7   6.2686
     1947     0.00000     0.3497E+01     2.000     7   6.2691
     1950     0.00000     0.5036E+01     2.000     5   6.2704
     1951     0.00000     0.4980E+01     2.000     5   6.2704
     1952     0.00000     0.3499E+01     2.000     6   6.2706
     1953     0.00000     0.8433E+01     2.000     7   6.2710
     1955     0.00000     0.1050E+02     2.000     6   6.2715
     1956     0.00000     0.6787E+01     2.000     6   6.2715
     1957     0.00000     0.5875E+01     2.000     7   6.2716
     1958     0.00000     0.8463E+01     2.000     7   6.2718
     1959     0.00000     0.2877E+02     2.000     7   6.2726
     1960     0.00000     0.3485E+02     2.000     7   6.2726
     1961     0.00000     0.1044E+02     2.000     6   6.2733
     1963     0.00000     0.1008E+02     2.000     7   6.2753
     1964     0.00000     0.4925E+01     2.000     7   6.2753
     1965     0.00000     0.7067E+01     2.000     7   6.2755
     1966     0.00000     0.4217E+01     2.000     7   6.2753
     1967     0.00000     0.4259E+01     2.000     7   6.2755
     1968     0.00000     0.1727E+02     2.000     7   6.2757
     1969     0.00000     0.5891E+01     2.000     7   6.2758
     1970     0.00000     0.1064E+02     2.000     7   6.2769
     1971     0.00000     0.7069E+01     2.000     7   6.2771
     1972     0.00000     0.4099E+01     2.000     4   6.2776
     1973     0.00000     0.4262E+01     2.000     4   6.2795
     1974     0.00000     0.1040E+02     2.000     7   6.2812
     1975     0.00000     0.9524E+01     2.000     6   6.2827
     1976     0.00000     0.6421E+01     2.000     7   6.2830
     1977     0.00000     0.1008E+02     2.000     7   6.2839
     1978     0.00000     0.1136E+02     2.000     7   6.2839
     1979     0.00000     0.5787E+01     2.000     7   6.2847
     1980     0.00000     0.2630E+02     2.000     7   6.2843
     1981     0.00000     0.7306E+01     2.000     7   6.2860
     1982     0.00000     0.2877E+01     2.000     6   6.2884
     1983     0.00000     0.5857E+01     2.000     7   6.2896
     1984     0.00000     0.9770E+01     2.000     6   6.2897
     1985     0.00000     0.8048E+01     2.000     7   6.2899
     1986     0.00000     0.5780E+01     2.000     7   6.2907
     1987     0.00000     0.2627E+02     2.000     7   6.2908
     1989     0.00000     0.2952E+01     2.000     7   6.2917
     1991     0.00000     0.4815E+01     2.000     4   6.2929
     1992     0.00000     0.4252E+01     2.000     6   6.2942
     1993     0.00000     0.6464E+01     2.000     7   6.2950
     1994     0.00000     0.5299E+01     2.000     5   6.2971
     1995     0.00000     0.5269E+01     2.000     5   6.2971
     1996     0.00000     0.6383E+01     2.000     6   6.2972
     1997     0.00000     0.1508E+02     2.000     7   6.2975
     1998     0.00000     0.5339E+01     2.000     5   6.2982
     1999     0.00000     0.5308E+01     2.000     5   6.2982
     2000     0.00000     0.1188E+02     2.000     6   6.3003
     2001     0.00000     0.5801E+01     2.000     7   6.3010
     2002     0.00000     0.1188E+02     2.000     6   6.3020
     2003     0.00000     0.5823E+01     2.000     6   6.3019
     2004     0.00000     0.1487E+02     2.000     7   6.3034
     2005     0.00000     0.3569E+01     2.000     5   6.3030
     2006     0.00000     0.6253E+01     2.000     6   6.3040
     2008     0.00000     0.4937E+01     2.000     6   6.3049
     2009     0.00000     0.1659E+02     2.000     6   6.3049
     2010     0.00000     0.6374E+01     2.000     7   6.3052
     2011     0.00000     0.3199E+02     2.000     7   6.3053
     2012     0.00000     0.1679E+02     2.000     6   6.3069
     2013     0.00000     0.3854E+01     2.000     5   6.3073
     2014     0.00000     0.8802E+01     2.000     6   6.3072
     2015     0.00000     0.1173E+02     2.000     6   6.3087
     2016     0.00000     0.4785E+01     2.000     5   6.3092
     2017     0.00000     0.3185E+02     2.000     7   6.3092
     2018     0.00000     0.5920E+01     2.000     6   6.3114
     2019     0.00000     0.3395E+01     2.000     7   6.3112
     2020     0.00000     0.1340E+02     2.000     7   6.3120
     2021     0.00000     0.1673E+02     2.000     7   6.3125
     2022     0.00000     0.3810E+01     2.000     6   6.3138
     2024     0.00000     0.3239E+01     2.000     6   6.3157
     2025     0.00000     0.9203E+01     2.000     7   6.3154
     2026     0.00000     0.2179E+02     2.000     7   6.3157
     2027     0.00000     0.3268E+01     2.000     6   6.3163
     2029     0.00000     0.1688E+02     2.000     7   6.3172
     2030     0.00000     0.8596E+01     2.000     6   6.3176
     2031     0.00000     0.8372E+01     2.000     6   6.3175
     2032     0.00000     0.2723E+02     2.000     7   6.3180
     2034     0.00000     0.3507E+02     2.000     7   6.3187
     2035     0.00000     0.3463E+02     2.000     7   6.3186
     2036     0.00000     0.8460E+01     2.000     6   6.3204
     2037     0.00000     0.2178E+02     2.000     7   6.3205
     2038     0.00000     0.2831E+01     2.000     7   6.3209
     2040     0.00000     0.2727E+02     2.000     7   6.3242
     2041     0.00000     0.3387E+01     2.000     4   6.3247
     2042     0.00000     0.1035E+02     2.000     5   6.3253
     2043     0.00000     0.8879E+01     2.000     7   6.3260
     2044     0.00000     0.4181E+01     2.000     5   6.3269
     2045     0.00000     0.6032E+01     2.000     5   6.3280
     2046     0.00000     0.7584E+01     2.000     6   6.3280
     2047     0.00000     0.8803E+01     2.000     7   6.3276
     2049     0.00000     0.3234E+01     2.000     7   6.3308
     2050     0.00000     0.2883E+01     2.000     6   6.3340
     2051     0.00000     0.3454E+01     2.000     5   6.3349
     2052     0.00000     0.5475E+01     2.000     6   6.3355
     2053     0.00000     0.1371E+02     2.000     6   6.3366
     2054     0.00000     0.1379E+02     2.000     6   6.3362
     2055     0.00000     0.8810E+01     2.000     7   6.3371
     2056     0.00000     0.7103E+01     2.000     6   6.3374
     2057     0.00000     0.3356E+01     2.000     4   6.3381
     2058     0.00000     0.5546E+01     2.000     5   6.3384
     2059     0.00000     0.5463E+01     2.000     5   6.3384
     2060     0.00000     0.8468E+01     2.000     7   6.3395
     2061     0.00000     0.4565E+01     2.000     5   6.3402
     2062     0.00000     0.7229E+01     2.000     6   6.3402
     2063     0.00000     0.1177E+02     2.000     7   6.3407
     2064     0.00000     0.1162E+02     2.000     7   6.3407
     2065     0.00000     0.2822E+01     2.000     6   6.3416
     2066     0.00000     0.8071E+01     2.000     6   6.3414
     2067     0.00000     0.8155E+01     2.000     6   6.3414
     2069     0.00000     0.6185E+01     2.000     6   6.3442
     2070     0.00000     0.5449E+01     2.000     6   6.3442
     2071     0.00000     0.4888E+01     2.000     6   6.3442
     2072     0.00000     0.5374E+01     2.000     6   6.3441
     2073     0.00000     0.4806E+01     2.000     6   6.3441
     2074     0.00000     0.7483E+01     2.000     5   6.3448
     2075     0.00000     0.8049E+01     2.000     6   6.3455
     2076     0.00000     0.8129E+01     2.000     6   6.3455
     2077     0.00000     0.6918E+01     2.000     6   6.3477
     2079     0.00000     0.5908E+01     2.000     5   6.3486
     2080     0.00000     0.6078E+01     2.000     6   6.3482
     2081     0.00000     0.2509E+02     2.000     7   6.3484
     2082     0.00000     0.3611E+01     2.000     6   6.3496
     2083     0.00000     0.8120E+01     2.000     6   6.3493
     2084     0.00000     0.5513E+01     2.000     5   6.3499
     2085     0.00000     0.5430E+01     2.000     5   6.3499
     2086     0.00000     0.6050E+01     2.000     6   6.3499
     2087     0.00000     0.2505E+02     2.000     7   6.3499
     2088     0.00000     0.5133E+01     2.000     7   6.3498
     2089     0.00000     0.1677E+02     2.000     7   6.3511
     2090     0.00000     0.9675E+01     2.000     6   6.3521
     2091     0.00000     0.1683E+02     2.000     7   6.3520
     2092     0.00000     0.8028E+01     2.000     6   6.3528
     2093     0.00000     0.1578E+02     2.000     7   6.3533
     2094     0.00000     0.5055E+01     2.000     7   6.3542
     2095     0.00000     0.1513E+02     2.000     6   6.3559
     2096     0.00000     0.3215E+01     2.000     6   6.3566
     2097     0.00000     0.6853E+01     2.000     7   6.3573
     2098     0.00000     0.6698E+01     2.000     7   6.3584
     2099     0.00000     0.3334E+01     2.000     6   6.3598
     2100     0.00000     0.3979E+01     2.000     6   6.3603
     2101     0.00000     0.1571E+02     2.000     7   6.3602
     2102     0.00000     0.9627E+01     2.000     6   6.3617
     2103     0.00000     0.1149E+02     2.000     6   6.3627
     2104     0.00000     0.3152E+01     2.000     7   6.3629
     2105     0.00000     0.1723E+02     2.000     7   6.3634
     2106     0.00000     0.1510E+02     2.000     6   6.3638
     2107     0.00000     0.1392E+02     2.000     7   6.3646
     2108     0.00000     0.1370E+02     2.000     7   6.3647
     2109     0.00000     0.5144E+01     2.000     6   6.3654
     2110     0.00000     0.5165E+01     2.000     6   6.3653
     2111     0.00000     0.3545E+01     2.000     6   6.3661
     2112     0.00000     0.2803E+01     2.000     6   6.3660
     2115     0.00000     0.4714E+01     2.000     7   6.3682
     2116     0.00000     0.4578E+01     2.000     5   6.3695
     2117     0.00000     0.4843E+01     2.000     5   6.3699
     2118     0.00000     0.4846E+01     2.000     5   6.3702
     2119     0.00000     0.4512E+01     2.000     5   6.3715
     2120     0.00000     0.3075E+01     2.000     7   6.3712
     2121     0.00000     0.4693E+01     2.000     6   6.3720
     2123     0.00000     0.1046E+02     2.000     7   6.3727
     2124     0.00000     0.1141E+02     2.000     6   6.3734
     2126     0.00000     0.2736E+01     2.000     6   6.3737
     2127     0.00000     0.8899E+01     2.000     5   6.3743
     2128     0.00000     0.5147E+01     2.000     6   6.3749
     2129     0.00000     0.4760E+01     2.000     7   6.3745
     2130     0.00000     0.3923E+01     2.000     6   6.3750
     2131     0.00000     0.5053E+01     2.000     4   6.3758
     2133     0.00000     0.1126E+02     2.000     6   6.3756
     2134     0.00000     0.4720E+01     2.000     6   6.3759
     2135     0.00000     0.3431E+01     2.000     6   6.3764
     2137     0.00000     0.6943E+01     2.000     6   6.3765
     2138     0.00000     0.4697E+01     2.000     6   6.3766
     2139     0.00000     0.4685E+01     2.000     6   6.3784
     2140     0.00000     0.1237E+02     2.000     5   6.3785
     2141     0.00000     0.8774E+01     2.000     5   6.3794
     2142     0.00000     0.8209E+01     2.000     6   6.3798
     2144     0.00000     0.2850E+01     2.000     5   6.3822
     2145     0.00000     0.5268E+01     2.000     6   6.3821
     2146     0.00000     0.3888E+01     2.000     6   6.3835
     2147     0.00000     0.6899E+01     2.000     6   6.3837
     2148     0.00000     0.1367E+02     2.000     6   6.3840
     2149     0.00000     0.3207E+01     2.000     6   6.3837
     2150     0.00000     0.5424E+01     2.000     5   6.3843
     2151     0.00000     0.5014E+01     2.000     6   6.3843
     2152     0.00000     0.3552E+01     2.000     3   6.3854
     2153     0.00000     0.1341E+02     2.000     6   6.3853
     2154     0.00000     0.3876E+01     2.000     6   6.3865
     2156     0.00000     0.5596E+01     2.000     5   6.3868
     2158     0.00000     0.4627E+01     2.000     6   6.3873
     2159     0.00000     0.1167E+02     2.000     6   6.3873
     2160     0.00000     0.3300E+01     2.000     5   6.3879
     2161     0.00000     0.3400E+01     2.000     5   6.3879
     2162     0.00000     0.4796E+01     2.000     6   6.3884
     2163     0.00000     0.5405E+01     2.000     6   6.3885
     2164     0.00000     0.3310E+01     2.000     4   6.3890
     2165     0.00000     0.5553E+01     2.000     6   6.3893
     2166     0.00000     0.4280E+01     2.000     5   6.3893
     2167     0.00000     0.5364E+01     2.000     5   6.3892
     2168     0.00000     0.6011E+01     2.000     6   6.3894
     2169     0.00000     0.5517E+01     2.000     5   6.3897
     2170     0.00000     0.7695E+01     2.000     7   6.3909
     2171     0.00000     0.3864E+01     2.000     5   6.3918
     2173     0.00000     0.4401E+01     2.000     6   6.3930
     2174     0.00000     0.1237E+02     2.000     7   6.3926
     2175     0.00000     0.1270E+02     2.000     6   6.3932
     2176     0.00000     0.9300E+01     2.000     6   6.3933
     2178     0.00000     0.1156E+02     2.000     6   6.3935
     2180     0.00000     0.1056E+02     2.000     7   6.3938
     2181     0.00000     0.1062E+02     2.000     7   6.3941
     2182     0.00000     0.6748E+01     2.000     6   6.3956
     2183     0.00000     0.4008E+01     2.000     6   6.3966
     2185     0.00000     0.1392E+02     2.000     7   6.3965
     2186     0.00000     0.5307E+01     2.000     6   6.3971
     2187     0.00000     0.1385E+02     2.000     7   6.3971
     2188     0.00000     0.3152E+01     2.000     6   6.3978
     2189     0.00000     0.2059E+02     2.000     7   6.3979
     2192     0.00000     0.4672E+01     2.000     6   6.3987
     2193     0.00000     0.5883E+01     2.000     7   6.3991
     2194     0.00000     0.1237E+02     2.000     7   6.3989
     2196     0.00000     0.9168E+01     2.000     6   6.3995
     2197     0.00000     0.2546E+02     2.000     7   6.4002
     2198     0.00000     0.1062E+02     2.000     6   6.4013
     2199     0.00000     0.3846E+01     2.000     5   6.4014
     2200     0.00000     0.3149E+01     2.000     6   6.4030
     2201     0.00000     0.3874E+01     2.000     6   6.4040
     2202     0.00000     0.2870E+01     2.000     6   6.4037
     2203     0.00000     0.1541E+02     2.000     7   6.4045
     2204     0.00000     0.7660E+01     2.000     7   6.4047
     2205     0.00000     0.3182E+01     2.000     6   6.4046
     2208     0.00000     0.6735E+01     2.000     6   6.4055
     2209     0.00000     0.4304E+01     2.000     4   6.4056
     2210     0.00000     0.2030E+02     2.000     7   6.4060
     2211     0.00000     0.3175E+01     2.000     6   6.4066
     2213     0.00000     0.6773E+01     2.000     7   6.4070
     2214     0.00000     0.3525E+01     2.000     6   6.4068
     2215     0.00000     0.8661E+01     2.000     5   6.4073
     2216     0.00000     0.8578E+01     2.000     5   6.4085
     2217     0.00000     0.3391E+01     2.000     5   6.4089
     2218     0.00000     0.5784E+01     2.000     7   6.4096
     2219     0.00000     0.9777E+01     2.000     6   6.4100
     2220     0.00000     0.3170E+01     2.000     6   6.4106
     2222     0.00000     0.2515E+02     2.000     7   6.4110
     2223     0.00000     0.4280E+01     2.000     4   6.4118
     2224     0.00000     0.4612E+01     2.000     6   6.4134
     2225     0.00000     0.6724E+01     2.000     6   6.4132
     2226     0.00000     0.7885E+01     2.000     6   6.4141
     2227     0.00000     0.6832E+01     2.000     6   6.4141
     2228     0.00000     0.4966E+01     1.000     6   6.4138
     2229     0.00000     0.2033E+02     2.000     6   6.4138
     2231     0.00000     0.1501E+02     2.000     7   6.4150
     2232     0.00000     0.9854E+01     2.000     6   6.4157
     2233     0.00000     0.3019E+01     2.000     6   6.4167
     2234     0.00000     0.1003E+02     2.000     6   6.4168
     2235     0.00000     0.4571E+01     2.000     6   6.4173
     2236     0.00000     0.4230E+01     2.000     5   6.4174
     2237     0.00000     0.7846E+01     2.000     6   6.4174
     2238     0.00000     0.6742E+01     2.000     6   6.4174
     2239     0.00000     0.5384E+01     2.000     6   6.4180
     2240     0.00000     0.6537E+01     2.000     6   6.4187
     2241     0.00000     0.7481E+01     1.000     6   6.4186
     2242     0.00000     0.2059E+02     2.000     7   6.4186
     2243     0.00000     0.1071E+02     2.000     7   6.4191
     2245     0.00000     0.7372E+01     2.000     5   6.4193
     2246     0.00000     0.5676E+01     2.000     6   6.4193
     2247     0.00000     0.5203E+01     2.000     6   6.4197
     2248     0.00000     0.4432E+01     2.000     6   6.4198
     2249     0.00000     0.4928E+01     2.000     6   6.4203
     2251     0.00000     0.2813E+01     2.000     6   6.4206
     2252     0.00000     0.6137E+01     2.000     5   6.4210
     2254     0.00000     0.6436E+01     2.000     6   6.4219
     2255     0.00000     0.2781E+01     2.000     7   6.4221
     2256     0.00000     0.2051E+02     2.000     7   6.4221
     2258     0.00000     0.3007E+01     2.000     6   6.4228
     2259     0.00000     0.4947E+01     1.000     6   6.4230
     2260     0.00000     0.2801E+01     2.000     6   6.4232
     2261     0.00000     0.9626E+01     2.000     6   6.4233
     2262     0.00000     0.7331E+01     2.000     5   6.4236
     2263     0.00000     0.3876E+01     2.000     7   6.4243
     2264     0.00000     0.4340E+01     2.000     6   6.4247
     2265     0.00000     0.1183E+02     2.000     7   6.4244
     2266     0.00000     0.9604E+01     2.000     7   6.4252
     2267     0.00000     0.6012E+01     2.000     5   6.4250
     2268     0.00000     0.5678E+01     2.000     6   6.4263
     2269     0.00000     0.7329E+01     1.000     6   6.4266
     2270     0.00000     0.1796E+02     2.000     7   6.4275
     2271     0.00000     0.4764E+01     2.000     6   6.4279
     2272     0.00000     0.4210E+01     2.000     6   6.4284
     2273     0.00000     0.8767E+01     2.000     6   6.4286
     2274     0.00000     0.1008E+02     2.000     7   6.4296
     2275     0.00000     0.4146E+01     2.000     5   6.4293
     2276     0.00000     0.6665E+01     2.000     6   6.4296
     2277     0.00000     0.2920E+02     2.000     7   6.4296
     2278     0.00000     0.9578E+01     2.000     7   6.4310
     2279     0.00000     0.5687E+01     1.000     6   6.4311
     2281     0.00000     0.2978E+02     2.000     7   6.4312
     2282     0.00000     0.1159E+02     2.000     7   6.4313
     2283     0.00000     0.2310E+02     2.000     7   6.4315
     2284     0.00000     0.8622E+01     2.000     6   6.4322
     2285     0.00000     0.8783E+01     2.000     6   6.4326
     2286     0.00000     0.1437E+02     2.000     7   6.4327
     2287     0.00000     0.4313E+01     2.000     7   6.4326
     2288     0.00000     0.1041E+02     2.000     7   6.4330
     2289     0.00000     0.4213E+01     2.000     6   6.4336
     2290     0.00000     0.9997E+01     2.000     7   6.4345
     2291     0.00000     0.3557E+02     2.000     7   6.4344
     2292     0.00000     0.1794E+02     2.000     7   6.4348
     2293     0.00000     0.9141E+01     2.000     7   6.4355
     2294     0.00000     0.8054E+01     2.000     7   6.4352
     2296     0.00000     0.5043E+01     2.000     5   6.4364
     2297     0.00000     0.1608E+02     2.000     7   6.4370
     2298     0.00000     0.5876E+01     2.000     6   6.4375
     2299     0.00000     0.5018E+01     2.000     5   6.4380
     2300     0.00000     0.1042E+02     2.000     7   6.4381
     2301     0.00000     0.3568E+02     2.000     7   6.4389
     2302     0.00000     0.9540E+01     2.000     6   6.4403
     2304     0.00000     0.3621E+01     2.000     6   6.4406
     2305     0.00000     0.2266E+02     2.000     7   6.4407
     2306     0.00000     0.1284E+02     2.000     7   6.4428
     2307     0.00000     0.6848E+01     2.000     6   6.4429
     2309     0.00000     0.1419E+02     2.000     7   6.4444
     2310     0.00000     0.3662E+01     2.000     6   6.4452
     2311     0.00000     0.1174E+02     2.000     6   6.4453
     2312     0.00000     0.6508E+01     2.000     6   6.4453
     2313     0.00000     0.8619E+01     2.000     6   6.4453
     2314     0.00000     0.3814E+01     2.000     5   6.4465
     2315     0.00000     0.6434E+01     2.000     6   6.4484
     2316     0.00000     0.1167E+02     2.000     6   6.4484
     2317     0.00000     0.8544E+01     2.000     6   6.4484
     2318     0.00000     0.5827E+01     2.000     6   6.4484
     2319     0.00000     0.4736E+01     2.000     6   6.4490
     2320     0.00000     0.6554E+01     2.000     7   6.4490
     2321     0.00000     0.3097E+01     2.000     5   6.4496
     2322     0.00000     0.3076E+01     2.000     5   6.4496
     2323     0.00000     0.7246E+01     2.000     5   6.4499
     2324     0.00000     0.4579E+01     2.000     6   6.4502
     2326     0.00000     0.2862E+01     1.000     6   6.4511
     2327     0.00000     0.7382E+01     2.000     6   6.4508
     2328     0.00000     0.1029E+02     2.000     7   6.4512
     2329     0.00000     0.8807E+01     2.000     7   6.4516
     2330     0.00000     0.6574E+01     2.000     7   6.4515
     2331     0.00000     0.6852E+01     2.000     5   6.4520
     2332     0.00000     0.7227E+01     2.000     6   6.4522
     2333     0.00000     0.1606E+02     2.000     7   6.4521
     2334     0.00000     0.1411E+02     2.000     6   6.4528
     2335     0.00000     0.6469E+01     2.000     5   6.4533
     2336     0.00000     0.4270E+01     2.000     5   6.4542
     2337     0.00000     0.4109E+01     2.000     5   6.4542
     2338     0.00000     0.4088E+01     2.000     5   6.4542
     2339     0.00000     0.6174E+01     2.000     7   6.4543
     2340     0.00000     0.2837E+01     1.000     6   6.4548
     2341     0.00000     0.1413E+02     2.000     6   6.4545
     2342     0.00000     0.4761E+01     2.000     6   6.4552
     2343     0.00000     0.5448E+01     2.000     6   6.4559
     2344     0.00000     0.4813E+01     2.000     6   6.4564
     2345     0.00000     0.7950E+01     2.000     7   6.4566
     2346     0.00000     0.4716E+01     2.000     4   6.4576
     2347     0.00000     0.1193E+02     2.000     7   6.4584
     2348     0.00000     0.7165E+01     2.000     5   6.4590
     2349     0.00000     0.1280E+02     2.000     7   6.4591
     2352     0.00000     0.1025E+02     2.000     7   6.4602
     2353     0.00000     0.6181E+01     2.000     5   6.4628
     2354     0.00000     0.3155E+01     2.000     5   6.4634
     2355     0.00000     0.1276E+02     2.000     6   6.4636
     2356     0.00000     0.1206E+02     2.000     7   6.4638
     2357     0.00000     0.2882E+01     2.000     7   6.4644
     2358     0.00000     0.2817E+01     2.000     7   6.4644
     2359     0.00000     0.1173E+02     2.000     7   6.4647
     2360     0.00000     0.1291E+02     2.000     7   6.4659
     2361     0.00000     0.3097E+02     2.000     7   6.4658
     2362     0.00000     0.6490E+01     2.000     5   6.4663
     2363     0.00000     0.4052E+01     2.000     6   6.4664
     2364     0.00000     0.7339E+01     2.000     6   6.4665
     2365     0.00000     0.1278E+02     2.000     7   6.4662
     2366     0.00000     0.7218E+01     2.000     6   6.4669
     2367     0.00000     0.4378E+01     2.000     7   6.4670
     2368     0.00000     0.6749E+01     2.000     6   6.4680
     2369     0.00000     0.6787E+01     2.000     6   6.4680
     2370     0.00000     0.9904E+01     2.000     6   6.4682
     2371     0.00000     0.9821E+01     2.000     7   6.4677
     2372     0.00000     0.3087E+02     2.000     7   6.4686
     2373     0.00000     0.9815E+01     2.000     6   6.4693
     2374     0.00000     0.4023E+01     2.000     5   6.4702
     2375     0.00000     0.4003E+01     2.000     5   6.4702
     2376     0.00000     0.1263E+02     2.000     6   6.4708
     2377     0.00000     0.6711E+01     2.000     6   6.4722
     2378     0.00000     0.6702E+01     2.000     6   6.4720
     2379     0.00000     0.4345E+01     2.000     7   6.4723
     2380     0.00000     0.6518E+01     2.000     5   6.4727
     2381     0.00000     0.3932E+01     2.000     6   6.4724
     2383     0.00000     0.4878E+01     2.000     6   6.4738
     2384     0.00000     0.4647E+01     2.000     4   6.4738
     2385     0.00000     0.3550E+01     2.000     5   6.4746
     2387     0.00000     0.9993E+01     2.000     7   6.4749
     2389     0.00000     0.3083E+01     2.000     5   6.4756
     2390     0.00000     0.3066E+01     2.000     5   6.4756
     2391     0.00000     0.7227E+01     2.000     7   6.4756
     2392     0.00000     0.7051E+01     2.000     7   6.4758
     2393     0.00000     0.1274E+02     2.000     7   6.4758
     2394     0.00000     0.1495E+02     2.000     7   6.4758
     2395     0.00000     0.7140E+01     2.000     7   6.4768
     2396     0.00000     0.1289E+02     2.000     7   6.4768
     2397     0.00000     0.1505E+02     2.000     7   6.4768
     2398     0.00000     0.8793E+01     2.000     7   6.4782
     2399     0.00000     0.8822E+01     2.000     7   6.4787
     2400     0.00000     0.1999E+02     2.000     7   6.4785
     2401     0.00000     0.7116E+01     2.000     7   6.4793
     2402     0.00000     0.6152E+01     1.000     6   6.4800
     2403     0.00000     0.4950E+01     2.000     6   6.4805
     2404     0.00000     0.6527E+01     2.000     7   6.4813
     2405     0.00000     0.6755E+01     2.000     7   6.4815
     2407     0.00000     0.6649E+01     2.000     6   6.4820
     2408     0.00000     0.6685E+01     2.000     6   6.4820
     2409     0.00000     0.7197E+01     2.000     6   6.4817
     2410     0.00000     0.2784E+01     2.000     6   6.4821
     2411     0.00000     0.6924E+01     1.000     6   6.4824
     2412     0.00000     0.4965E+01     2.000     6   6.4824
     2413     0.00000     0.7264E+01     2.000     6   6.4823
     2414     0.00000     0.7961E+01     2.000     7   6.4823
     2415     0.00000     0.8466E+01     2.000     7   6.4830
     2416     0.00000     0.3083E+01     2.000     6   6.4836
     2417     0.00000     0.7193E+01     2.000     6   6.4836
     2418     0.00000     0.7098E+01     2.000     7   6.4837
     2419     0.00000     0.2014E+02     2.000     7   6.4836
     2420     0.00000     0.5670E+01     2.000     5   6.4841
     2421     0.00000     0.2784E+01     2.000     6   6.4843
     2422     0.00000     0.6151E+01     1.000     6   6.4845
     2423     0.00000     0.3526E+01     2.000     5   6.4849
     2424     0.00000     0.7369E+01     2.000     7   6.4862
     2425     0.00000     0.5732E+01     2.000     5   6.4869
     2426     0.00000     0.6745E+01     1.000     6   6.4870
     2427     0.00000     0.8394E+01     2.000     7   6.4870
     2428     0.00000     0.5600E+01     2.000     6   6.4872
     2429     0.00000     0.8409E+01     2.000     7   6.4886
     2430     0.00000     0.1013E+02     2.000     7   6.4893
     2431     0.00000     0.4454E+01     2.000     6   6.4898
     2432     0.00000     0.5442E+01     2.000     6   6.4901
     2433     0.00000     0.3358E+01     2.000     6   6.4898
     2434     0.00000     0.6321E+01     2.000     7   6.4924
     2435     0.00000     0.9709E+01     2.000     7   6.4926
     2436     0.00000     0.1928E+02     2.000     7   6.4926
     2437     0.00000     0.9689E+01     2.000     7   6.4926
     2438     0.00000     0.1927E+02     2.000     7   6.4926
     2439     0.00000     0.1252E+02     2.000     7   6.4926
     2440     0.00000     0.1259E+02     2.000     7   6.4926
     2441     0.00000     0.1101E+02     2.000     7   6.4938
     2442     0.00000     0.9288E+01     2.000     5   6.4948
     2443     0.00000     0.7610E+01     2.000     6   6.4948
     2444     0.00000     0.8418E+01     2.000     7   6.4950
     2445     0.00000     0.9706E+01     2.000     7   6.4951
     2446     0.00000     0.3141E+01     2.000     7   6.4951
     2447     0.00000     0.5062E+01     2.000     7   6.4954
     2448     0.00000     0.3807E+01     2.000     6   6.4959
     2449     0.00000     0.1175E+02     2.000     6   6.4961
     2450     0.00000     0.6559E+01     2.000     7   6.4975
     2451     0.00000     0.1108E+02     2.000     6   6.4974
     2452     0.00000     0.1108E+02     2.000     6   6.4972
     2453     0.00000     0.6399E+01     2.000     7   6.4980
     2454     0.00000     0.6435E+01     2.000     7   6.4978
     2455     0.00000     0.1046E+02     2.000     6   6.4978
     2456     0.00000     0.1058E+02     2.000     6   6.4987
     2457     0.00000     0.3848E+01     2.000     6   6.4992
     2458     0.00000     0.6263E+01     2.000     7   6.4998
     2459     0.00000     0.7618E+01     2.000     6   6.5007
     2460     0.00000     0.1066E+02     2.000     7   6.5004
     2461     0.00000     0.3401E+01     2.000     7   6.5014
     2462     0.00000     0.3104E+01     2.000     7   6.5016
     2463     0.00000     0.7385E+01     2.000     6   6.5024
     2464     0.00000     0.7201E+01     2.000     6   6.5024
     2465     0.00000     0.2856E+02     2.000     7   6.5028
     2466     0.00000     0.9267E+01     2.000     5   6.5032
     2467     0.00000     0.1139E+02     2.000     6   6.5035
     2468     0.00000     0.1296E+02     2.000     7   6.5037
     2469     0.00000     0.1347E+02     2.000     7   6.5037
     2470     0.00000     0.1898E+02     2.000     7   6.5042
     2471     0.00000     0.7039E+01     2.000     6   6.5049
     2472     0.00000     0.6289E+01     2.000     7   6.5054
     2473     0.00000     0.6076E+01     2.000     6   6.5052
     2474     0.00000     0.2879E+02     2.000     7   6.5054
     2475     0.00000     0.2783E+01     2.000     6   6.5062
     2476     0.00000     0.5948E+01     2.000     6   6.5072
     2477     0.00000     0.2750E+01     2.000     6   6.5071
     2478     0.00000     0.3799E+01     2.000     7   6.5076
     2480     0.00000     0.7986E+01     2.000     7   6.5076
     2482     0.00000     0.7326E+01     2.000     6   6.5087
     2483     0.00000     0.7981E+01     1.000     6   6.5085
     2484     0.00000     0.7001E+01     2.000     6   6.5085
     2485     0.00000     0.7916E+01     2.000     7   6.5093
     2486     0.00000     0.1285E+02     2.000     7   6.5111
     2487     0.00000     0.1344E+02     2.000     7   6.5111
     2488     0.00000     0.1243E+02     2.000     6   6.5115
     2489     0.00000     0.3701E+01     2.000     6   6.5114
     2490     0.00000     0.5394E+01     2.000     7   6.5116
     2491     0.00000     0.6354E+01     2.000     5   6.5117
     2492     0.00000     0.2711E+01     2.000     6   6.5119
     2493     0.00000     0.1137E+02     2.000     7   6.5123
     2494     0.00000     0.5406E+01     2.000     5   6.5132
     2495     0.00000     0.4488E+01     2.000     5   6.5135
     2496     0.00000     0.5337E+01     2.000     7   6.5135
     2497     0.00000     0.7976E+01     1.000     6   6.5150
     2498     0.00000     0.5365E+01     2.000     7   6.5150
     2500     0.00000     0.1230E+02     2.000     6   6.5165
     2501     0.00000     0.3827E+01     2.000     6   6.5172
     2503     0.00000     0.7777E+01     2.000     6   6.5200
     2504     0.00000     0.1695E+02     2.000     7   6.5205
     2505     0.00000     0.2235E+02     2.000     7   6.5205
     2506     0.00000     0.4851E+01     2.000     6   6.5214
     2507     0.00000     0.6429E+01     2.000     6   6.5210
     2508     0.00000     0.6431E+01     2.000     5   6.5227
     2509     0.00000     0.6383E+01     2.000     6   6.5240
     2510     0.00000     0.6867E+01     2.000     5   6.5245
     2511     0.00000     0.9941E+01     2.000     7   6.5252
     2512     0.00000     0.3311E+01     2.000     6   6.5256
     2513     0.00000     0.5508E+01     2.000     6   6.5256
     2514     0.00000     0.1651E+02     2.000     7   6.5257
     2515     0.00000     0.9937E+01     2.000     7   6.5259
     2516     0.00000     0.7965E+01     2.000     7   6.5266
     2517     0.00000     0.2834E+01     2.000     6   6.5270
     2518     0.00000     0.5483E+01     2.000     6   6.5269
     2519     0.00000     0.3239E+01     2.000     6   6.5269
     2520     0.00000     0.1669E+02     2.000     7   6.5269
     2521     0.00000     0.2205E+02     2.000     7   6.5269
     2522     0.00000     0.7875E+01     2.000     7   6.5277
     2523     0.00000     0.1614E+02     2.000     7   6.5279
     2524     0.00000     0.5292E+01     2.000     7   6.5288
     2525     0.00000     0.6461E+01     2.000     6   6.5298
     2526     0.00000     0.6447E+01     2.000     6   6.5307
     2527     0.00000     0.3569E+01     2.000     6   6.5310
     2529     0.00000     0.4202E+01     2.000     7   6.5322
     2530     0.00000     0.6023E+01     2.000     7   6.5327
     2531     0.00000     0.4791E+01     2.000     6   6.5334
     2532     0.00000     0.4302E+01     2.000     6   6.5334
     2533     0.00000     0.6197E+01     2.000     7   6.5333
     2534     0.00000     0.1863E+02     2.000     7   6.5342
     2535     0.00000     0.4417E+01     2.000     5   6.5351
     2536     0.00000     0.1853E+02     2.000     7   6.5351
     2537     0.00000     0.3961E+01     2.000     7   6.5354
     2538     0.00000     0.4213E+01     2.000     7   6.5359
     2539     0.00000     0.7792E+01     2.000     6   6.5362
     2540     0.00000     0.5299E+01     2.000     7   6.5367
     2541     0.00000     0.3130E+01     2.000     6   6.5366
     2542     0.00000     0.3536E+01     2.000     6   6.5363
     2543     0.00000     0.1092E+02     2.000     7   6.5372
     2544     0.00000     0.1081E+02     2.000     7   6.5368
     2545     0.00000     0.1371E+02     2.000     7   6.5370
     2547     0.00000     0.3862E+01     2.000     5   6.5376
     2548     0.00000     0.4052E+01     2.000     7   6.5387
     2549     0.00000     0.3933E+01     2.000     7   6.5401
     2551     0.00000     0.1872E+02     2.000     7   6.5415
     2552     0.00000     0.1675E+02     2.000     7   6.5415
     2553     0.00000     0.2444E+02     2.000     7   6.5415
     2554     0.00000     0.4074E+01     2.000     7   6.5435
     2555     0.00000     0.1298E+02     2.000     7   6.5434
     2556     0.00000     0.4355E+01     2.000     5   6.5439
     2557     0.00000     0.5916E+01     2.000     6   6.5449
     2558     0.00000     0.4416E+01     2.000     6   6.5451
     2559     0.00000     0.1859E+02     2.000     7   6.5446
     2560     0.00000     0.1650E+02     2.000     7   6.5446
     2561     0.00000     0.5262E+01     2.000     7   6.5455
     2562     0.00000     0.5173E+01     2.000     7   6.5460
     2563     0.00000     0.6313E+01     2.000     5   6.5460
     2564     0.00000     0.8295E+01     2.000     7   6.5461
     2565     0.00000     0.2414E+02     2.000     7   6.5470
     2566     0.00000     0.1284E+02     2.000     7   6.5467
     2567     0.00000     0.1277E+02     2.000     7   6.5467
     2568     0.00000     0.2289E+02     2.000     7   6.5469
     2569     0.00000     0.5246E+01     2.000     7   6.5468
     2570     0.00000     0.4064E+01     2.000     7   6.5490
     2571     0.00000     0.5845E+01     2.000     6   6.5491
     2572     0.00000     0.7311E+01     2.000     7   6.5489
     2573     0.00000     0.9953E+01     2.000     7   6.5495
     2574     0.00000     0.1091E+02     2.000     7   6.5495
     2575     0.00000     0.2321E+02     2.000     7   6.5501
     2576     0.00000     0.3931E+01     2.000     6   6.5509
     2577     0.00000     0.5373E+01     2.000     6   6.5513
     2578     0.00000     0.6324E+01     2.000     6   6.5519
     2580     0.00000     0.1101E+02     2.000     7   6.5521
     2581     0.00000     0.1362E+02     2.000     7   6.5528
     2582     0.00000     0.1347E+02     2.000     7   6.5525
     2583     0.00000     0.1108E+02     2.000     7   6.5528
     2585     0.00000     0.1097E+02     2.000     7   6.5538
     2586     0.00000     0.9666E+01     2.000     7   6.5545
     2587     0.00000     0.1062E+02     2.000     7   6.5545
     2589     0.00000     0.5711E+01     2.000     7   6.5546
     2590     0.00000     0.5983E+01     2.000     7   6.5551
     2591     0.00000     0.5647E+01     2.000     7   6.5552
     2592     0.00000     0.1282E+02     2.000     7   6.5550
     2593     0.00000     0.2946E+01     2.000     6   6.5557
     2594     0.00000     0.1263E+02     2.000     7   6.5559
     2595     0.00000     0.1256E+02     2.000     7   6.5559
     2596     0.00000     0.7685E+01     2.000     7   6.5556
     2597     0.00000     0.1728E+02     2.000     7   6.5558
     2598     0.00000     0.7329E+01     2.000     7   6.5574
     2600     0.00000     0.7256E+01     2.000     7   6.5583
     2601     0.00000     0.3857E+01     2.000     6   6.5589
     2602     0.00000     0.1082E+02     2.000     7   6.5594
     2603     0.00000     0.1738E+02     2.000     7   6.5599
     2604     0.00000     0.3750E+01     2.000     4   6.5604
     2605     0.00000     0.3096E+01     2.000     6   6.5608
     2606     0.00000     0.1028E+02     2.000     7   6.5608
     2607     0.00000     0.7638E+01     2.000     7   6.5609
     2608     0.00000     0.3571E+01     2.000     6   6.5615
     2609     0.00000     0.6464E+01     2.000     6   6.5614
     2610     0.00000     0.8389E+01     2.000     7   6.5615
     2611     0.00000     0.3648E+01     2.000     7   6.5627
     2613     0.00000     0.3495E+01     2.000     7   6.5628
     2614     0.00000     0.1184E+02     2.000     7   6.5633
     2615     0.00000     0.5924E+01     2.000     6   6.5648
     2616     0.00000     0.8366E+01     2.000     7   6.5646
     2618     0.00000     0.1280E+02     2.000     7   6.5651
     2620     0.00000     0.1019E+02     2.000     7   6.5653
     2621     0.00000     0.1274E+02     2.000     7   6.5651
     2623     0.00000     0.3316E+01     2.000     6   6.5655
     2625     0.00000     0.1254E+02     2.000     7   6.5670
     2627     0.00000     0.7708E+01     2.000     7   6.5670
     2628     0.00000     0.1247E+02     2.000     7   6.5670
     2631     0.00000     0.1107E+02     2.000     7   6.5678
     2632     0.00000     0.8777E+01     2.000     7   6.5675
     2633     0.00000     0.8768E+01     2.000     7   6.5675
     2635     0.00000     0.5883E+01     2.000     5   6.5696
     2636     0.00000     0.1327E+02     2.000     7   6.5697
     2637     0.00000     0.5856E+01     2.000     5   6.5705
     2639     0.00000     0.6963E+01     2.000     7   6.5702
     2640     0.00000     0.5858E+01     2.000     7   6.5706
     2641     0.00000     0.1228E+02     2.000     7   6.5712
     2642     0.00000     0.1176E+02     2.000     7   6.5712
     2643     0.00000     0.1052E+02     2.000     7   6.5711
     2644     0.00000     0.4999E+01     2.000     7   6.5711
     2645     0.00000     0.9997E+01     2.000     7   6.5712
     2646     0.00000     0.3526E+01     2.000     6   6.5718
     2647     0.00000     0.1339E+02     2.000     7   6.5723
     2648     0.00000     0.2864E+02     2.000     7   6.5725
     2649     0.00000     0.1656E+02     2.000     7   6.5725
     2650     0.00000     0.1048E+02     2.000     7   6.5728
     2651     0.00000     0.5031E+01     2.000     7   6.5728
     2652     0.00000     0.1206E+02     2.000     7   6.5737
     2653     0.00000     0.2901E+01     2.000     7   6.5737
     2654     0.00000     0.6356E+01     2.000     6   6.5741
     2655     0.00000     0.1328E+02     2.000     7   6.5740
     2656     0.00000     0.1222E+02     2.000     7   6.5740
     2657     0.00000     0.1440E+02     2.000     7   6.5738
     2658     0.00000     0.8687E+01     2.000     7   6.5749
     2659     0.00000     0.8697E+01     2.000     7   6.5749
     2660     0.00000     0.4491E+01     2.000     5   6.5751
     2662     0.00000     0.6472E+01     2.000     7   6.5752
     2663     0.00000     0.2875E+01     2.000     7   6.5752
     2664     0.00000     0.1182E+02     2.000     7   6.5751
     2665     0.00000     0.5778E+01     2.000     7   6.5758
     2666     0.00000     0.1640E+02     2.000     7   6.5757
     2667     0.00000     0.2849E+02     2.000     7   6.5757
     2668     0.00000     0.1320E+02     2.000     7   6.5770
     2669     0.00000     0.6852E+01     2.000     6   6.5780
     2670     0.00000     0.1316E+02     2.000     7   6.5780
     2671     0.00000     0.1214E+02     2.000     7   6.5780
     2672     0.00000     0.6796E+01     2.000     7   6.5781
     2673     0.00000     0.6916E+01     2.000     6   6.5787
     2674     0.00000     0.7901E+01     2.000     6   6.5794
     2675     0.00000     0.1050E+02     2.000     6   6.5798
     2676     0.00000     0.6796E+01     2.000     7   6.5798
     2677     0.00000     0.1677E+02     2.000     7   6.5800
     2678     0.00000     0.3382E+01     2.000     7   6.5804
     2679     0.00000     0.7585E+01     2.000     7   6.5804
     2680     0.00000     0.1364E+02     2.000     7   6.5809
     2681     0.00000     0.1423E+02     2.000     7   6.5809
     2682     0.00000     0.9228E+01     2.000     7   6.5824
     2683     0.00000     0.9966E+01     2.000     7   6.5824
     2684     0.00000     0.8817E+01     2.000     7   6.5829
     2685     0.00000     0.9372E+01     2.000     6   6.5834
     2686     0.00000     0.6394E+01     2.000     7   6.5836
     2687     0.00000     0.9309E+01     2.000     7   6.5837
     2688     0.00000     0.1008E+02     2.000     7   6.5837
     2689     0.00000     0.7738E+01     2.000     6   6.5838
     2690     0.00000     0.1371E+02     2.000     7   6.5838
     2691     0.00000     0.1429E+02     2.000     7   6.5838
     2692     0.00000     0.7709E+01     2.000     7   6.5844
     2694     0.00000     0.1421E+02     2.000     7   6.5851
     2695     0.00000     0.1473E+02     2.000     7   6.5856
     2696     0.00000     0.1165E+02     2.000     7   6.5859
     2697     0.00000     0.1655E+02     2.000     7   6.5870
     2698     0.00000     0.7993E+01     2.000     7   6.5869
     2699     0.00000     0.1231E+02     2.000     7   6.5869
     2701     0.00000     0.3342E+01     2.000     7   6.5878
     2702     0.00000     0.5602E+01     2.000     5   6.5879
     2703     0.00000     0.8935E+01     2.000     7   6.5880
     2704     0.00000     0.5398E+01     2.000     6   6.5889
     2705     0.00000     0.5270E+01     2.000     6   6.5889
     2706     0.00000     0.1474E+02     2.000     7   6.5893
     2707     0.00000     0.8019E+01     2.000     7   6.5891
     2708     0.00000     0.1237E+02     2.000     7   6.5891
     2709     0.00000     0.6838E+01     2.000     6   6.5896
     2710     0.00000     0.8493E+01     2.000     7   6.5901
     2711     0.00000     0.7738E+01     2.000     7   6.5899
     2712     0.00000     0.4324E+01     2.000     7   6.5899
     2713     0.00000     0.8581E+01     2.000     7   6.5906
     2714     0.00000     0.1750E+02     2.000     7   6.5906
     2715     0.00000     0.7061E+01     2.000     6   6.5913
     2716     0.00000     0.7742E+01     2.000     6   6.5911
     2717     0.00000     0.6117E+01     2.000     6   6.5912
     2719     0.00000     0.3931E+01     2.000     6   6.5932
     2720     0.00000     0.4361E+01     2.000     7   6.5932
     2721     0.00000     0.3703E+01     2.000     7   6.5941
     2722     0.00000     0.3799E+01     2.000     6   6.5945
     2723     0.00000     0.6447E+01     2.000     6   6.5946
     2724     0.00000     0.4930E+01     2.000     5   6.5947
     2725     0.00000     0.7798E+01     2.000     7   6.5952
     2726     0.00000     0.7908E+01     2.000     6   6.5955
     2727     0.00000     0.2734E+01     2.000     6   6.5958
     2728     0.00000     0.6878E+01     2.000     7   6.5960
     2729     0.00000     0.3320E+01     2.000     6   6.5965
     2730     0.00000     0.4383E+01     2.000     6   6.5965
     2731     0.00000     0.9357E+01     2.000     6   6.5967
     2732     0.00000     0.1721E+02     2.000     7   6.5971
     2733     0.00000     0.1610E+02     2.000     7   6.5971
     2734     0.00000     0.4395E+01     2.000     5   6.5980
     2735     0.00000     0.3716E+01     2.000     6   6.5981
     2736     0.00000     0.6722E+01     2.000     7   6.5985
     2737     0.00000     0.3034E+01     2.000     5   6.5994
     2738     0.00000     0.1614E+02     2.000     7   6.5991
     2739     0.00000     0.2740E+01     2.000     6   6.5997
     2740     0.00000     0.6687E+01     2.000     6   6.5995
     2741     0.00000     0.3721E+01     2.000     6   6.5996
     2742     0.00000     0.1617E+02     2.000     7   6.5995
     2743     0.00000     0.5419E+01     2.000     6   6.6000
     2744     0.00000     0.5289E+01     2.000     6   6.6000
     2745     0.00000     0.6488E+01     2.000     7   6.6009
     2746     0.00000     0.1023E+02     2.000     7   6.6007
     2747     0.00000     0.6721E+01     2.000     6   6.6011
     2748     0.00000     0.6564E+01     2.000     6   6.6011
     2749     0.00000     0.9973E+01     2.000     6   6.6018
     2750     0.00000     0.1209E+02     2.000     6   6.6023
     2751     0.00000     0.7562E+01     2.000     6   6.6022
     2752     0.00000     0.1740E+02     2.000     7   6.6029
     2753     0.00000     0.2254E+02     2.000     7   6.6036
     2754     0.00000     0.1092E+02     2.000     7   6.6037
     2755     0.00000     0.1055E+02     2.000     7   6.6037
     2756     0.00000     0.4365E+01     2.000     5   6.6049
     2757     0.00000     0.1088E+02     2.000     7   6.6048
     2758     0.00000     0.1052E+02     2.000     7   6.6048
     2759     0.00000     0.3577E+01     2.000     6   6.6055
     2760     0.00000     0.8672E+01     2.000     7   6.6054
     2761     0.00000     0.1004E+02     2.000     7   6.6054
     2762     0.00000     0.7634E+01     2.000     7   6.6061
     2763     0.00000     0.9480E+01     2.000     7   6.6059
     2764     0.00000     0.1325E+02     2.000     7   6.6059
     2766     0.00000     0.3886E+01     2.000     7   6.6067
     2767     0.00000     0.5791E+01     2.000     6   6.6071
     2768     0.00000     0.4007E+01     2.000     6   6.6077
     2769     0.00000     0.9400E+01     2.000     7   6.6083
     2771     0.00000     0.4704E+01     2.000     7   6.6081
     2772     0.00000     0.1316E+02     2.000     7   6.6083
     2773     0.00000     0.1614E+02     2.000     7   6.6085
     2774     0.00000     0.7033E+01     2.000     7   6.6094
     2775     0.00000     0.1607E+02     2.000     6   6.6095
     2776     0.00000     0.5212E+01     2.000     7   6.6095
     2777     0.00000     0.6571E+01     2.000     5   6.6106
     2778     0.00000     0.8801E+01     2.000     6   6.6114
     2779     0.00000     0.5219E+01     2.000     7   6.6115
     2780     0.00000     0.6543E+01     2.000     7   6.6112
     2781     0.00000     0.6657E+01     2.000     6   6.6117
     2782     0.00000     0.7377E+01     2.000     6   6.6117
     2783     0.00000     0.7100E+01     2.000     6   6.6117
     2784     0.00000     0.6503E+01     2.000     6   6.6117
     2785     0.00000     0.1203E+02     2.000     7   6.6118
     2786     0.00000     0.6910E+01     2.000     6   6.6136
     2788     0.00000     0.1036E+02     2.000     6   6.6139
     2789     0.00000     0.1147E+02     2.000     6   6.6139
     2790     0.00000     0.1020E+02     2.000     6   6.6139
     2791     0.00000     0.3116E+01     2.000     6   6.6149
     2792     0.00000     0.1217E+02     2.000     7   6.6148
     2793     0.00000     0.1224E+02     2.000     7   6.6148
     2794     0.00000     0.1181E+02     2.000     7   6.6153
     2795     0.00000     0.4705E+01     2.000     7   6.6153
     2796     0.00000     0.9791E+01     2.000     6   6.6157
     2797     0.00000     0.7001E+01     2.000     7   6.6159
     2798     0.00000     0.7120E+01     2.000     6   6.6167
     2799     0.00000     0.7342E+01     2.000     6   6.6167
     2800     0.00000     0.4646E+01     2.000     6   6.6169
     2801     0.00000     0.4132E+01     2.000     6   6.6172
     2802     0.00000     0.3395E+01     2.000     6   6.6172
     2803     0.00000     0.4477E+01     2.000     6   6.6172
     2804     0.00000     0.1025E+02     2.000     6   6.6177
     2805     0.00000     0.1138E+02     2.000     6   6.6177
     2806     0.00000     0.1009E+02     2.000     6   6.6177
     2807     0.00000     0.4401E+01     2.000     6   6.6182
     2808     0.00000     0.6917E+01     2.000     6   6.6190
     2809     0.00000     0.6053E+01     2.000     7   6.6189
     2810     0.00000     0.3690E+01     2.000     6   6.6193
     2811     0.00000     0.3202E+01     2.000     7   6.6201
     2812     0.00000     0.8255E+01     2.000     7   6.6204
     2813     0.00000     0.4402E+01     2.000     6   6.6216
     2815     0.00000     0.4021E+01     2.000     7   6.6216
     2816     0.00000     0.5859E+01     2.000     7   6.6218
     2817     0.00000     0.4370E+01     2.000     6   6.6219
     2818     0.00000     0.5760E+01     2.000     6   6.6221
     2819     0.00000     0.3902E+01     2.000     7   6.6230
     2820     0.00000     0.6476E+01     2.000     5   6.6234
     2821     0.00000     0.1209E+02     2.000     7   6.6235
     2822     0.00000     0.1216E+02     2.000     7   6.6235
     2823     0.00000     0.1127E+02     2.000     6   6.6243
     2824     0.00000     0.4684E+01     2.000     5   6.6249
     2825     0.00000     0.9259E+01     1.000     6   6.6254
     2826     0.00000     0.6284E+01     2.000     7   6.6250
     2827     0.00000     0.8484E+01     2.000     7   6.6250
     2828     0.00000     0.8249E+01     2.000     7   6.6250
     2829     0.00000     0.6711E+01     2.000     7   6.6250
     2830     0.00000     0.1243E+02     2.000     7   6.6254
     2832     0.00000     0.3762E+01     2.000     7   6.6262
     2833     0.00000     0.1163E+02     2.000     7   6.6264
     2835     0.00000     0.5083E+01     2.000     7   6.6275
     2836     0.00000     0.6324E+01     2.000     7   6.6284
     2837     0.00000     0.8477E+01     2.000     7   6.6284
     2838     0.00000     0.8240E+01     2.000     7   6.6284
     2839     0.00000     0.6760E+01     2.000     7   6.6284
     2840     0.00000     0.1248E+02     2.000     7   6.6285
     2841     0.00000     0.6456E+01     2.000     7   6.6285
     2842     0.00000     0.1880E+02     2.000     6   6.6288
     2843     0.00000     0.5699E+01     2.000     7   6.6294
     2845     0.00000     0.5882E+01     2.000     7   6.6300
     2846     0.00000     0.6081E+01     2.000     7   6.6304
     2847     0.00000     0.5939E+01     2.000     7   6.6303
     2848     0.00000     0.6312E+01     2.000     7   6.6304
     2849     0.00000     0.2876E+01     2.000     7   6.6306
     2850     0.00000     0.1169E+02     2.000     7   6.6303
     2852     0.00000     0.7301E+01     2.000     7   6.6321
     2853     0.00000     0.1507E+02     2.000     7   6.6325
     2854     0.00000     0.1881E+02     2.000     6   6.6323
     2855     0.00000     0.1321E+02     2.000     7   6.6327
     2856     0.00000     0.7295E+01     2.000     7   6.6325
     2857     0.00000     0.3458E+01     2.000     7   6.6329
     2858     0.00000     0.8514E+01     2.000     7   6.6334
     2860     0.00000     0.1327E+02     2.000     7   6.6343
     2862     0.00000     0.3820E+01     2.000     7   6.6341
     2863     0.00000     0.5662E+01     2.000     7   6.6340
     2865     0.00000     0.7007E+01     2.000     6   6.6346
     2866     0.00000     0.1282E+02     2.000     6   6.6347
     2867     0.00000     0.1114E+02     2.000     6   6.6352
     2868     0.00000     0.3817E+01     2.000     6   6.6356
     2869     0.00000     0.8465E+01     2.000     7   6.6356
     2871     0.00000     0.5922E+01     2.000     6   6.6360
     2872     0.00000     0.1294E+02     2.000     6   6.6367
     2873     0.00000     0.3837E+01     2.000     7   6.6367
     2874     0.00000     0.5657E+01     2.000     7   6.6368
     2875     0.00000     0.1565E+02     2.000     7   6.6379
     2876     0.00000     0.5495E+01     2.000     7   6.6384
     2877     0.00000     0.2681E+01     2.000     6   6.6386
     2878     0.00000     0.7259E+01     2.000     6   6.6386
     2879     0.00000     0.1542E+02     2.000     7   6.6390
     2880     0.00000     0.4824E+01     2.000     7   6.6388
     2882     0.00000     0.4852E+01     2.000     7   6.6389
     2884     0.00000     0.2675E+01     2.000     6   6.6394
     2887     0.00000     0.4070E+01     2.000     7   6.6409
     2889     0.00000     0.6014E+01     2.000     6   6.6428
     2890     0.00000     0.3680E+01     2.000     7   6.6428
     2891     0.00000     0.1810E+02     2.000     7   6.6432
     2893     0.00000     0.5271E+01     2.000     7   6.6450
     2894     0.00000     0.1497E+02     2.000     7   6.6454
     2895     0.00000     0.3239E+01     2.000     7   6.6454
     2896     0.00000     0.8495E+01     2.000     6   6.6456
     2897     0.00000     0.1443E+02     2.000     6   6.6456
     2898     0.00000     0.8646E+01     2.000     6   6.6456
     2899     0.00000     0.3780E+01     2.000     3   6.6459
     2900     0.00000     0.1808E+02     2.000     7   6.6460
     2901     0.00000     0.3860E+01     2.000     7   6.6460
     2902     0.00000     0.2896E+01     2.000     7   6.6466
     2903     0.00000     0.3738E+01     2.000     7   6.6466
     2904     0.00000     0.8358E+01     2.000     6   6.6481
     2905     0.00000     0.1446E+02     2.000     6   6.6481
     2906     0.00000     0.8543E+01     2.000     6   6.6481
     2907     0.00000     0.4554E+01     2.000     7   6.6483
     2908     0.00000     0.8359E+01     2.000     5   6.6488
     2909     0.00000     0.4533E+01     2.000     7   6.6490
     2911     0.00000     0.2717E+01     2.000     7   6.6504
     2914     0.00000     0.3607E+01     2.000     7   6.6529
     2915     0.00000     0.5262E+01     2.000     6   6.6531
     2916     0.00000     0.3253E+01     2.000     7   6.6532
     2917     0.00000     0.5908E+01     2.000     6   6.6540
     2918     0.00000     0.1089E+02     2.000     7   6.6537
     2919     0.00000     0.1007E+02     2.000     7   6.6537
     2920     0.00000     0.1360E+02     2.000     7   6.6537
     2922     0.00000     0.4359E+01     2.000     7   6.6540
     2923     0.00000     0.3287E+01     2.000     6   6.6546
     2924     0.00000     0.9208E+01     2.000     7   6.6551
     2925     0.00000     0.6295E+01     2.000     7   6.6555
     2926     0.00000     0.9062E+01     2.000     7   6.6553
     2927     0.00000     0.5776E+01     2.000     6   6.6558
     2928     0.00000     0.1087E+02     2.000     7   6.6557
     2929     0.00000     0.1005E+02     2.000     7   6.6557
     2930     0.00000     0.1353E+02     2.000     7   6.6557
     2931     0.00000     0.4322E+01     2.000     7   6.6567
     2932     0.00000     0.5926E+01     2.000     6   6.6570
     2933     0.00000     0.8122E+01     2.000     7   6.6571
     2934     0.00000     0.3514E+01     2.000     7   6.6577
     2935     0.00000     0.2074E+02     2.000     7   6.6581
     2936     0.00000     0.1910E+02     2.000     7   6.6581
     2937     0.00000     0.5746E+01     2.000     6   6.6586
     2938     0.00000     0.8621E+01     2.000     6   6.6586
     2939     0.00000     0.8169E+01     2.000     7   6.6585
     2941     0.00000     0.5832E+01     2.000     7   6.6589
     2942     0.00000     0.5897E+01     2.000     6   6.6596
     2943     0.00000     0.6338E+01     2.000     7   6.6594
     2944     0.00000     0.4790E+01     2.000     7   6.6599
     2945     0.00000     0.4985E+01     2.000     7   6.6601
     2946     0.00000     0.8106E+01     2.000     7   6.6605
     2947     0.00000     0.7785E+01     2.000     7   6.6607
     2948     0.00000     0.3489E+01     2.000     7   6.6606
     2949     0.00000     0.7716E+01     2.000     7   6.6611
     2951     0.00000     0.5269E+01     2.000     7   6.6617
     2952     0.00000     0.9384E+01     2.000     7   6.6617
     2953     0.00000     0.4979E+01     2.000     7   6.6615
     2955     0.00000     0.7328E+01     2.000     6   6.6646
     2957     0.00000     0.3176E+01     2.000     7   6.6642
     2958     0.00000     0.6182E+01     2.000     7   6.6650
     2959     0.00000     0.3211E+01     2.000     7   6.6649
     2960     0.00000     0.2046E+02     2.000     7   6.6649
     2961     0.00000     0.1880E+02     2.000     7   6.6649
     2962     0.00000     0.7747E+01     2.000     7   6.6654
     2963     0.00000     0.9182E+01     2.000     7   6.6656
     2964     0.00000     0.5153E+01     2.000     7   6.6656
     2965     0.00000     0.4040E+01     2.000     6   6.6659
     2966     0.00000     0.4442E+01     2.000     7   6.6662
     2967     0.00000     0.1094E+02     2.000     7   6.6658
     2968     0.00000     0.9086E+01     2.000     7   6.6682
     2969     0.00000     0.4933E+01     2.000     7   6.6686
     2970     0.00000     0.1634E+02     2.000     7   6.6694
     2971     0.00000     0.5767E+01     2.000     7   6.6700
     2972     0.00000     0.1071E+02     2.000     7   6.6695
     2973     0.00000     0.1594E+02     2.000     7   6.6703
     2974     0.00000     0.8800E+01     2.000     6   6.6714
     2975     0.00000     0.7559E+01     2.000     7   6.6721
     2976     0.00000     0.5731E+01     2.000     7   6.6728
     2979     0.00000     0.1658E+02     2.000     7   6.6741
     2980     0.00000     0.6535E+01     2.000     7   6.6749
     2981     0.00000     0.9087E+01     2.000     7   6.6750
     2982     0.00000     0.1005E+02     2.000     7   6.6752
     2983     0.00000     0.7709E+01     2.000     7   6.6758
     2984     0.00000     0.1154E+02     2.000     7   6.6761
     2985     0.00000     0.3069E+02     2.000     7   6.6761
     2986     0.00000     0.4210E+01     2.000     7   6.6764
     2987     0.00000     0.1601E+02     2.000     7   6.6765
     2988     0.00000     0.1181E+02     2.000     7   6.6766
     2989     0.00000     0.3099E+02     2.000     7   6.6766
     2990     0.00000     0.1574E+02     2.000     7   6.6768
     2991     0.00000     0.4418E+01     2.000     7   6.6768
     2992     0.00000     0.5418E+01     2.000     6   6.6775
     2993     0.00000     0.5596E+01     2.000     6   6.6775
     2994     0.00000     0.9905E+01     2.000     7   6.6774
     2995     0.00000     0.1599E+02     2.000     7   6.6773
     2996     0.00000     0.8042E+01     2.000     7   6.6775
     2997     0.00000     0.4352E+01     2.000     7   6.6777
     2999     0.00000     0.2326E+02     2.000     7   6.6790
     3000     0.00000     0.1012E+02     2.000     7   6.6790
     3001     0.00000     0.4381E+01     2.000     7   6.6794
     3002     0.00000     0.5284E+01     2.000     6   6.6805
     3003     0.00000     0.5470E+01     2.000     6   6.6805
     3005     0.00000     0.3212E+01     2.000     7   6.6806
     3006     0.00000     0.4894E+01     2.000     6   6.6808
     3007     0.00000     0.4879E+01     2.000     5   6.6818
     3008     0.00000     0.6417E+01     2.000     6   6.6817
     3009     0.00000     0.8047E+01     2.000     7   6.6816
     3011     0.00000     0.8288E+01     2.000     7   6.6820
     3012     0.00000     0.7959E+01     2.000     7   6.6824
     3013     0.00000     0.7083E+01     2.000     6   6.6831
     3014     0.00000     0.5155E+01     2.000     7   6.6835
     3015     0.00000     0.7664E+01     2.000     7   6.6835
     3016     0.00000     0.7483E+01     2.000     7   6.6835
     3017     0.00000     0.5419E+01     2.000     7   6.6835
     3018     0.00000     0.2331E+02     2.000     7   6.6840
     3019     0.00000     0.5098E+01     2.000     6   6.6840
     3020     0.00000     0.8227E+01     2.000     7   6.6845
     3024     0.00000     0.6250E+01     2.000     7   6.6863
     3026     0.00000     0.3167E+01     2.000     6   6.6868
     3030     0.00000     0.3410E+01     2.000     7   6.6875
     3031     0.00000     0.3727E+01     2.000     7   6.6871
     3033     0.00000     0.5099E+01     2.000     7   6.6880
     3036     0.00000     0.6166E+01     2.000     7   6.6893
     3037     0.00000     0.6239E+01     2.000     7   6.6891
     3038     0.00000     0.4834E+01     2.000     5   6.6899
     3039     0.00000     0.4522E+01     2.000     7   6.6911
     3041     0.00000     0.8303E+01     2.000     7   6.6909
     3042     0.00000     0.8320E+01     2.000     7   6.6911
     3044     0.00000     0.1977E+02     2.000     7   6.6923
     3045     0.00000     0.2138E+02     2.000     7   6.6923
     3046     0.00000     0.1620E+02     2.000     7   6.6923
     3047     0.00000     0.1545E+02     2.000     7   6.6923
     3048     0.00000     0.1993E+02     2.000     7   6.6928
     3049     0.00000     0.2107E+02     2.000     7   6.6928
     3050     0.00000     0.1630E+02     2.000     7   6.6928
     3051     0.00000     0.1559E+02     2.000     7   6.6928
     3052     0.00000     0.1022E+02     2.000     7   6.6933
     3053     0.00000     0.5062E+01     2.000     6   6.6945
     3054     0.00000     0.3375E+01     2.000     7   6.6947
     3055     0.00000     0.1009E+02     2.000     7   6.6949
     3057     0.00000     0.8182E+01     2.000     6   6.6955
     3058     0.00000     0.9495E+01     2.000     7   6.6954
     3059     0.00000     0.1166E+02     2.000     6   6.6959
     3061     0.00000     0.5034E+01     2.000     6   6.6976
     3062     0.00000     0.4976E+01     2.000     7   6.6973
     3063     0.00000     0.7498E+01     2.000     7   6.6973
     3064     0.00000     0.5187E+01     2.000     7   6.6973
     3065     0.00000     0.8899E+01     2.000     7   6.6977
     3066     0.00000     0.6625E+01     2.000     7   6.6978
     3067     0.00000     0.3369E+02     2.000     7   6.6979
     3068     0.00000     0.3663E+01     2.000     5   6.7003
     3069     0.00000     0.3733E+01     2.000     5   6.7003
     3071     0.00000     0.9457E+01     2.000     7   6.7000
     3072     0.00000     0.6588E+01     2.000     7   6.7004
     3074     0.00000     0.8188E+01     2.000     6   6.7017
     3077     0.00000     0.7777E+01     2.000     7   6.7033
     3078     0.00000     0.1705E+02     2.000     7   6.7031
     3079     0.00000     0.1526E+02     2.000     7   6.7031
     3081     0.00000     0.1235E+02     2.000     6   6.7038
     3082     0.00000     0.4433E+01     2.000     7   6.7038
     3083     0.00000     0.8446E+01     2.000     7   6.7038
     3084     0.00000     0.3465E+01     2.000     7   6.7038
     3085     0.00000     0.3610E+02     2.000     7   6.7040
     3086     0.00000     0.2902E+01     2.000     6   6.7041
     3087     0.00000     0.4832E+01     2.000     7   6.7041
     3088     0.00000     0.4170E+01     2.000     7   6.7044
     3089     0.00000     0.7668E+01     2.000     7   6.7047
     3090     0.00000     0.8318E+01     2.000     7   6.7050
     3091     0.00000     0.6980E+01     2.000     6   6.7051
     3092     0.00000     0.1480E+02     2.000     7   6.7052
     3093     0.00000     0.1497E+02     2.000     7   6.7060
     3094     0.00000     0.5554E+01     2.000     7   6.7064
     3095     0.00000     0.8103E+01     2.000     7   6.7061
     3096     0.00000     0.1663E+02     2.000     7   6.7065
     3097     0.00000     0.5351E+01     2.000     7   6.7070
     3098     0.00000     0.1160E+02     2.000     7   6.7069
     3099     0.00000     0.3536E+01     2.000     7   6.7074
     3100     0.00000     0.6186E+01     2.000     6   6.7077
     3101     0.00000     0.7876E+01     2.000     6   6.7082
     3102     0.00000     0.1696E+02     2.000     7   6.7091
     3103     0.00000     0.1513E+02     2.000     7   6.7091
     3104     0.00000     0.1638E+02     2.000     7   6.7088
     3105     0.00000     0.6411E+01     2.000     6   6.7097
     3106     0.00000     0.7009E+01     2.000     6   6.7093
     3107     0.00000     0.8832E+01     2.000     7   6.7094
     3108     0.00000     0.1072E+02     2.000     6   6.7102
     3109     0.00000     0.6533E+01     2.000     7   6.7099
     3110     0.00000     0.3568E+02     2.000     7   6.7108
     3111     0.00000     0.1225E+02     2.000     6   6.7115
     3112     0.00000     0.2261E+02     2.000     7   6.7119
     3115     0.00000     0.1215E+02     2.000     7   6.7129
     3116     0.00000     0.1845E+02     2.000     6   6.7132
     3117     0.00000     0.2211E+02     2.000     7   6.7132
     3118     0.00000     0.3422E+01     2.000     6   6.7139
     3119     0.00000     0.6605E+01     2.000     7   6.7139
     3120     0.00000     0.6981E+01     2.000     6   6.7148
     3121     0.00000     0.6490E+01     2.000     7   6.7153
     3122     0.00000     0.7946E+01     2.000     6   6.7167
     3123     0.00000     0.3473E+01     2.000     7   6.7172
     3124     0.00000     0.2179E+02     2.000     7   6.7175
     3125     0.00000     0.2148E+02     2.000     7   6.7175
     3127     0.00000     0.1155E+02     2.000     7   6.7187
     3128     0.00000     0.1160E+02     2.000     6   6.7200
     3129     0.00000     0.3347E+02     2.000     7   6.7207
     3130     0.00000     0.1280E+02     2.000     7   6.7207
     3131     0.00000     0.1903E+02     2.000     7   6.7213
     3132     0.00000     0.6001E+01     2.000     6   6.7216
     3133     0.00000     0.4323E+01     2.000     7   6.7216
     3134     0.00000     0.1561E+02     2.000     7   6.7218
     3135     0.00000     0.6640E+01     2.000     6   6.7221
     3136     0.00000     0.1054E+02     2.000     7   6.7220
     3137     0.00000     0.1559E+02     2.000     7   6.7219
     3138     0.00000     0.2451E+02     2.000     7   6.7229
     3139     0.00000     0.2833E+01     2.000     6   6.7228
     3140     0.00000     0.4869E+01     2.000     6   6.7233
     3141     0.00000     0.2152E+02     2.000     7   6.7233
     3142     0.00000     0.2168E+02     2.000     7   6.7233
     3143     0.00000     0.1238E+02     2.000     7   6.7230
     3144     0.00000     0.2003E+02     2.000     7   6.7239
     3145     0.00000     0.3398E+01     2.000     7   6.7245
     3146     0.00000     0.9680E+01     2.000     7   6.7248
     3147     0.00000     0.9819E+01     2.000     7   6.7247
     3148     0.00000     0.8621E+01     2.000     7   6.7247
     3149     0.00000     0.8492E+01     2.000     7   6.7248
     3150     0.00000     0.3486E+01     2.000     7   6.7253
     3151     0.00000     0.3999E+01     2.000     6   6.7261
     3152     0.00000     0.1541E+02     2.000     7   6.7263
     3153     0.00000     0.1243E+02     2.000     7   6.7266
     3154     0.00000     0.3336E+02     2.000     7   6.7266
     3155     0.00000     0.1226E+02     2.000     7   6.7266
     3156     0.00000     0.4286E+01     2.000     7   6.7270
     3157     0.00000     0.1148E+02     2.000     7   6.7269
     3158     0.00000     0.3005E+02     2.000     7   6.7269
     3159     0.00000     0.5081E+01     2.000     6   6.7275
     3160     0.00000     0.9628E+01     2.000     6   6.7275
     3161     0.00000     0.7333E+01     2.000     6   6.7275
     3162     0.00000     0.3832E+01     2.000     7   6.7277
     3163     0.00000     0.3894E+01     2.000     7   6.7282
     3164     0.00000     0.6241E+01     2.000     7   6.7278
     3165     0.00000     0.1974E+02     2.000     7   6.7281
     3166     0.00000     0.8444E+01     2.000     7   6.7285
     3167     0.00000     0.1829E+02     2.000     6   6.7288
     3168     0.00000     0.1203E+02     2.000     7   6.7288
     3169     0.00000     0.6719E+01     2.000     6   6.7298
     3170     0.00000     0.2064E+02     2.000     7   6.7303
     3171     0.00000     0.8331E+01     2.000     7   6.7309
     3172     0.00000     0.9782E+01     2.000     7   6.7307
     3174     0.00000     0.1025E+02     2.000     7   6.7307
     3176     0.00000     0.3466E+01     2.000     7   6.7317
     3178     0.00000     0.2875E+01     2.000     7   6.7321
     3179     0.00000     0.3901E+01     2.000     7   6.7322
     3180     0.00000     0.1527E+02     2.000     7   6.7326
     3182     0.00000     0.5441E+01     2.000     6   6.7330
     3184     0.00000     0.8258E+01     2.000     7   6.7341
     3185     0.00000     0.1189E+02     2.000     7   6.7358
     3186     0.00000     0.1208E+02     2.000     7   6.7358
     3187     0.00000     0.8572E+01     2.000     7   6.7358
     3188     0.00000     0.3930E+01     2.000     7   6.7360
     3189     0.00000     0.6489E+01     2.000     7   6.7365
     3190     0.00000     0.9542E+01     2.000     6   6.7369
     3191     0.00000     0.5004E+01     2.000     6   6.7369
     3192     0.00000     0.7243E+01     2.000     6   6.7369
     3193     0.00000     0.1273E+02     2.000     7   6.7370
     3194     0.00000     0.1269E+02     2.000     7   6.7373
     3195     0.00000     0.6121E+01     2.000     7   6.7379
     3196     0.00000     0.3127E+01     2.000     6   6.7381
     3197     0.00000     0.2084E+02     2.000     7   6.7383
     3198     0.00000     0.6088E+01     2.000     7   6.7385
     3199     0.00000     0.5707E+01     2.000     7   6.7387
     3200     0.00000     0.2399E+02     2.000     7   6.7387
     3201     0.00000     0.5254E+01     2.000     7   6.7387
     3202     0.00000     0.2863E+01     2.000     7   6.7387
     3203     0.00000     0.7210E+01     2.000     6   6.7402
     3204     0.00000     0.5420E+01     2.000     6   6.7402
     3205     0.00000     0.3040E+01     2.000     7   6.7404
     3206     0.00000     0.3016E+02     2.000     7   6.7406
     3207     0.00000     0.6000E+01     2.000     7   6.7408
     3208     0.00000     0.8741E+01     2.000     7   6.7412
     3209     0.00000     0.1675E+02     2.000     7   6.7412
     3210     0.00000     0.1248E+02     2.000     7   6.7412
     3212     0.00000     0.6942E+01     2.000     6   6.7416
     3213     0.00000     0.1204E+02     2.000     7   6.7416
     3214     0.00000     0.1224E+02     2.000     7   6.7416
     3215     0.00000     0.8548E+01     2.000     7   6.7432
     3216     0.00000     0.3232E+01     2.000     7   6.7436
     3217     0.00000     0.3536E+01     2.000     5   6.7435
     3218     0.00000     0.6393E+01     2.000     7   6.7437
     3219     0.00000     0.1244E+02     2.000     7   6.7434
     3220     0.00000     0.9589E+01     2.000     7   6.7438
     3221     0.00000     0.4708E+01     2.000     7   6.7434
     3222     0.00000     0.1253E+02     2.000     7   6.7434
     3223     0.00000     0.1005E+02     2.000     7   6.7438
     3224     0.00000     0.4913E+01     2.000     7   6.7434
     3225     0.00000     0.6169E+01     2.000     7   6.7456
     3226     0.00000     0.3585E+01     2.000     7   6.7469
     3227     0.00000     0.8449E+01     2.000     7   6.7486
     3228     0.00000     0.1246E+02     2.000     7   6.7487
     3229     0.00000     0.8695E+01     2.000     7   6.7487
     3230     0.00000     0.1666E+02     2.000     7   6.7487
     3231     0.00000     0.2128E+02     2.000     7   6.7492
     3233     0.00000     0.5832E+01     2.000     6   6.7512
     3234     0.00000     0.5437E+01     2.000     7   6.7514
     3235     0.00000     0.7203E+01     2.000     6   6.7519
     3236     0.00000     0.4419E+01     2.000     7   6.7527
     3237     0.00000     0.1038E+02     2.000     7   6.7526
     3238     0.00000     0.9144E+01     2.000     7   6.7526
     3240     0.00000     0.5436E+01     2.000     7   6.7536
     3241     0.00000     0.9266E+01     2.000     6   6.7544
     3242     0.00000     0.2901E+01     2.000     6   6.7541
     3243     0.00000     0.2895E+01     2.000     7   6.7540
     3244     0.00000     0.3679E+01     2.000     7   6.7544
     3245     0.00000     0.6858E+01     2.000     7   6.7539
     3246     0.00000     0.1213E+02     2.000     7   6.7539
     3247     0.00000     0.1277E+02     2.000     7   6.7539
     3248     0.00000     0.3725E+01     2.000     7   6.7553
     3249     0.00000     0.5836E+01     2.000     7   6.7555
     3250     0.00000     0.1300E+02     2.000     7   6.7564
     3251     0.00000     0.4892E+01     2.000     6   6.7561
     3254     0.00000     0.8381E+01     2.000     7   6.7567
     3255     0.00000     0.1013E+02     2.000     6   6.7575
     3256     0.00000     0.1037E+02     2.000     6   6.7575
     3257     0.00000     0.9965E+01     2.000     6   6.7575
     3258     0.00000     0.9115E+01     2.000     6   6.7586
     3259     0.00000     0.1245E+02     2.000     7   6.7588
     3260     0.00000     0.5014E+01     2.000     7   6.7588
     3261     0.00000     0.1008E+02     2.000     7   6.7590
     3262     0.00000     0.8737E+01     2.000     7   6.7590
     3263     0.00000     0.1255E+02     2.000     7   6.7588
     3264     0.00000     0.5215E+01     2.000     7   6.7588
     3265     0.00000     0.2852E+01     2.000     7   6.7599
     3266     0.00000     0.1306E+02     2.000     7   6.7605
     3267     0.00000     0.1291E+02     2.000     7   6.7605
     3268     0.00000     0.4030E+01     2.000     6   6.7615
     3269     0.00000     0.5755E+01     2.000     6   6.7623
     3271     0.00000     0.1219E+02     2.000     7   6.7637
     3272     0.00000     0.6912E+01     2.000     7   6.7637
     3273     0.00000     0.1279E+02     2.000     7   6.7637
     3274     0.00000     0.8501E+01     2.000     7   6.7638
     3275     0.00000     0.2938E+01     2.000     3   6.7646
     3276     0.00000     0.1011E+02     2.000     6   6.7650
     3277     0.00000     0.1035E+02     2.000     6   6.7650
     3278     0.00000     0.9938E+01     2.000     6   6.7650
     3279     0.00000     0.3196E+01     2.000     7   6.7658
     3281     0.00000     0.2809E+01     2.000     7   6.7659
     3283     0.00000     0.4600E+01     2.000     6   6.7664
     3285     0.00000     0.8501E+01     2.000     7   6.7665
     3286     0.00000     0.2777E+01     2.000     7   6.7666
     3287     0.00000     0.7805E+01     2.000     6   6.7671
     3289     0.00000     0.6695E+01     2.000     7   6.7690
     3291     0.00000     0.7030E+01     2.000     6   6.7696
     3292     0.00000     0.3394E+01     2.000     7   6.7701
     3293     0.00000     0.8804E+01     2.000     6   6.7714
     3294     0.00000     0.1872E+02     2.000     7   6.7712
     3295     0.00000     0.1915E+02     2.000     7   6.7712
     3296     0.00000     0.1295E+02     2.000     7   6.7722
     3298     0.00000     0.5392E+01     2.000     7   6.7743
     3299     0.00000     0.1913E+02     2.000     7   6.7768
     3300     0.00000     0.1868E+02     2.000     7   6.7768
     3301     0.00000     0.6605E+01     2.000     6   6.7773
     3302     0.00000     0.1535E+02     2.000     7   6.7814
     3303     0.00000     0.1533E+02     2.000     7   6.7817
     3305     0.00000     0.5129E+01     2.000     7   6.7822
     3306     0.00000     0.5166E+01     2.000     7   6.7820
     3307     0.00000     0.9334E+01     2.000     7   6.7828
     3308     0.00000     0.1198E+02     2.000     7   6.7828
     3309     0.00000     0.4164E+01     2.000     6   6.7829
     3310     0.00000     0.5187E+01     2.000     7   6.7836
     3311     0.00000     0.6509E+01     2.000     7   6.7844
     3312     0.00000     0.7426E+01     2.000     7   6.7853
     3313     0.00000     0.3255E+01     2.000     7   6.7852
     3314     0.00000     0.1308E+02     2.000     7   6.7859
     3315     0.00000     0.7530E+01     2.000     7   6.7861
     3316     0.00000     0.4751E+01     2.000     3   6.7866
     3317     0.00000     0.8928E+01     2.000     6   6.7888
     3318     0.00000     0.4180E+01     2.000     6   6.7887
     3320     0.00000     0.7463E+01     2.000     7   6.7892
     3321     0.00000     0.8400E+01     2.000     7   6.7892
     3322     0.00000     0.3825E+01     2.000     7   6.7900
     3325     0.00000     0.1277E+02     2.000     7   6.7916
     3326     0.00000     0.3168E+01     2.000     5   6.7921
     3327     0.00000     0.3993E+01     2.000     7   6.7922
     3328     0.00000     0.3220E+01     2.000     7   6.7939
     3329     0.00000     0.4633E+01     2.000     7   6.7937
     3330     0.00000     0.1492E+02     2.000     7   6.7949
     3331     0.00000     0.5203E+01     2.000     7   6.7948
     3332     0.00000     0.3307E+01     2.000     7   6.7955
     3334     0.00000     0.3510E+01     2.000     4   6.7968
     3335     0.00000     0.3650E+01     2.000     7   6.7972
     3336     0.00000     0.6073E+01     2.000     7   6.7973
     3338     0.00000     0.5506E+01     2.000     7   6.7980
     3339     0.00000     0.4602E+01     2.000     7   6.7981
     3340     0.00000     0.9267E+01     2.000     7   6.8001
     3341     0.00000     0.3343E+01     2.000     3   6.8003
     3342     0.00000     0.1184E+02     2.000     7   6.8001
     3343     0.00000     0.4755E+01     2.000     7   6.8007
     3344     0.00000     0.3802E+01     2.000     7   6.8007
     3345     0.00000     0.3769E+01     2.000     7   6.8006
     3346     0.00000     0.4983E+01     2.000     7   6.8011
     3348     0.00000     0.3887E+01     2.000     7   6.8031
     3349     0.00000     0.3863E+01     2.000     7   6.8031
     3350     0.00000     0.1706E+02     2.000     7   6.8040
     3352     0.00000     0.1467E+02     2.000     7   6.8064
     3353     0.00000     0.5985E+01     2.000     6   6.8075
     3355     0.00000     0.4935E+01     2.000     7   6.8101
     3356     0.00000     0.6866E+01     2.000     7   6.8099
     3358     0.00000     0.1075E+02     2.000     6   6.8113
     3359     0.00000     0.4300E+01     2.000     6   6.8125
     3360     0.00000     0.5249E+01     2.000     7   6.8126
     3361     0.00000     0.5678E+01     2.000     7   6.8131
     3362     0.00000     0.7075E+01     2.000     7   6.8135
     3363     0.00000     0.4796E+01     2.000     6   6.8142
     3367     0.00000     0.5206E+01     2.000     7   6.8159
     3368     0.00000     0.6662E+01     2.000     7   6.8159
     3369     0.00000     0.6563E+01     2.000     7   6.8160
     3370     0.00000     0.5344E+01     2.000     7   6.8166
     3372     0.00000     0.5721E+01     2.000     6   6.8171
     3374     0.00000     0.2906E+01     2.000     7   6.8178
     3375     0.00000     0.4426E+01     2.000     7   6.8183
     3376     0.00000     0.1089E+02     2.000     7   6.8189
     3377     0.00000     0.4352E+01     2.000     7   6.8210
     3378     0.00000     0.2939E+01     2.000     7   6.8212
     3379     0.00000     0.1063E+02     2.000     6   6.8219
     3380     0.00000     0.4311E+01     2.000     7   6.8230
     3383     0.00000     0.5665E+01     2.000     7   6.8233
     3384     0.00000     0.5168E+01     2.000     7   6.8242
     3385     0.00000     0.1542E+02     1.000     6   6.8249
     3386     0.00000     0.4234E+01     2.000     6   6.8256
     3387     0.00000     0.1551E+02     1.000     6   6.8256
     3388     0.00000     0.4219E+01     2.000     7   6.8263
     3389     0.00000     0.6048E+01     2.000     7   6.8272
     3390     0.00000     0.3415E+01     2.000     7   6.8283
     3392     0.00000     0.3841E+01     2.000     7   6.8290
     3393     0.00000     0.1376E+02     2.000     7   6.8291
     3394     0.00000     0.1074E+02     2.000     7   6.8294
     3395     0.00000     0.6932E+01     2.000     7   6.8296
     3396     0.00000     0.1395E+02     2.000     7   6.8300
     3397     0.00000     0.8176E+01     2.000     6   6.8301
     3398     0.00000     0.3802E+01     2.000     6   6.8301
     3399     0.00000     0.7107E+01     2.000     7   6.8300
     3401     0.00000     0.3501E+01     2.000     7   6.8309
     3402     0.00000     0.2902E+01     2.000     7   6.8315
     3403     0.00000     0.4812E+01     2.000     7   6.8315
     3404     0.00000     0.6035E+01     2.000     7   6.8320
     3405     0.00000     0.3668E+01     2.000     7   6.8327
     3406     0.00000     0.3294E+01     2.000     7   6.8333
     3407     0.00000     0.1602E+02     2.000     7   6.8333
     3408     0.00000     0.2859E+02     2.000     7   6.8333
     3409     0.00000     0.4742E+01     2.000     6   6.8339
     3410     0.00000     0.1378E+02     2.000     7   6.8343
     3411     0.00000     0.4225E+01     2.000     7   6.8348
     3412     0.00000     0.1137E+02     2.000     7   6.8345
     3413     0.00000     0.3657E+01     2.000     7   6.8353
     3414     0.00000     0.4918E+01     2.000     7   6.8357
     3415     0.00000     0.2885E+01     2.000     7   6.8362
     3416     0.00000     0.3088E+02     2.000     7   6.8376
     3417     0.00000     0.8376E+01     2.000     7   6.8379
     3418     0.00000     0.1217E+02     2.000     7   6.8382
     3419     0.00000     0.1593E+02     2.000     7   6.8388
     3420     0.00000     0.2867E+01     2.000     7   6.8390
     3421     0.00000     0.3527E+01     2.000     7   6.8391
     3423     0.00000     0.3047E+02     2.000     7   6.8392
     3424     0.00000     0.4611E+01     2.000     7   6.8400
     3425     0.00000     0.6226E+01     2.000     7   6.8400
     3426     0.00000     0.3450E+01     2.000     7   6.8409
     3427     0.00000     0.4687E+01     2.000     7   6.8415
     3428     0.00000     0.7661E+01     2.000     6   6.8417
     3430     0.00000     0.1032E+02     2.000     7   6.8421
     3431     0.00000     0.4335E+01     2.000     7   6.8429
     3432     0.00000     0.4414E+02     2.000     7   6.8428
     3433     0.00000     0.2859E+01     2.000     7   6.8430
     3434     0.00000     0.1824E+02     2.000     7   6.8428
     3437     0.00000     0.3655E+01     2.000     7   6.8433
     3438     0.00000     0.2828E+02     2.000     7   6.8436
     3439     0.00000     0.1578E+02     2.000     7   6.8436
     3441     0.00000     0.2712E+01     2.000     7   6.8450
     3442     0.00000     0.8264E+01     2.000     7   6.8456
     3444     0.00000     0.1632E+02     2.000     7   6.8461
     3445     0.00000     0.7055E+01     2.000     7   6.8466
     3446     0.00000     0.1584E+02     2.000     7   6.8469
     3447     0.00000     0.1120E+02     2.000     7   6.8472
     3448     0.00000     0.2701E+01     2.000     7   6.8506
     3449     0.00000     0.3108E+01     2.000     7   6.8509
     3450     0.00000     0.6175E+01     2.000     7   6.8505
     3451     0.00000     0.5551E+01     2.000     7   6.8513
     3452     0.00000     0.1682E+02     2.000     7   6.8513
     3453     0.00000     0.8699E+01     2.000     7   6.8516
     3454     0.00000     0.9101E+01     2.000     7   6.8516
     3455     0.00000     0.1679E+02     2.000     7   6.8524
     3456     0.00000     0.1009E+02     2.000     7   6.8529
     3457     0.00000     0.6623E+01     2.000     7   6.8525
     3458     0.00000     0.4258E+01     2.000     7   6.8531
     3459     0.00000     0.2777E+02     2.000     7   6.8534
     3460     0.00000     0.1342E+02     2.000     7   6.8534
     3461     0.00000     0.1011E+02     2.000     7   6.8534
     3462     0.00000     0.1133E+02     2.000     7   6.8534
     3463     0.00000     0.4205E+01     2.000     7   6.8537
     3464     0.00000     0.1201E+02     2.000     7   6.8541
     3465     0.00000     0.3618E+01     2.000     7   6.8549
     3466     0.00000     0.4323E+01     2.000     7   6.8546
     3467     0.00000     0.1127E+02     2.000     7   6.8555
     3468     0.00000     0.2740E+02     2.000     7   6.8560
     3469     0.00000     0.1334E+02     2.000     7   6.8560
     3470     0.00000     0.9920E+01     2.000     7   6.8560
     3471     0.00000     0.1128E+02     2.000     7   6.8560
     3473     0.00000     0.1220E+02     2.000     7   6.8570
     3474     0.00000     0.1720E+02     2.000     7   6.8570
     3475     0.00000     0.6389E+01     2.000     7   6.8572
     3476     0.00000     0.3093E+01     2.000     7   6.8574
     3477     0.00000     0.1219E+02     2.000     7   6.8583
     3478     0.00000     0.2870E+01     2.000     7   6.8585
     3479     0.00000     0.7343E+01     2.000     7   6.8582
     3480     0.00000     0.1629E+02     2.000     7   6.8585
     3481     0.00000     0.5690E+01     2.000     7   6.8588
     3482     0.00000     0.4396E+01     2.000     7   6.8591
     3483     0.00000     0.6607E+01     2.000     7   6.8588
     3484     0.00000     0.6845E+01     2.000     7   6.8588
     3485     0.00000     0.3546E+01     2.000     7   6.8608
     3486     0.00000     0.3772E+01     2.000     5   6.8611
     3487     0.00000     0.4362E+02     2.000     7   6.8608
     3488     0.00000     0.1697E+02     2.000     7   6.8612
     3489     0.00000     0.6253E+01     2.000     6   6.8614
     3490     0.00000     0.5492E+01     2.000     7   6.8612
     3491     0.00000     0.1844E+02     2.000     7   6.8616
     3492     0.00000     0.3911E+01     2.000     5   6.8617
     3493     0.00000     0.8718E+01     2.000     7   6.8618
     3494     0.00000     0.9124E+01     2.000     7   6.8618
     3495     0.00000     0.2873E+01     2.000     7   6.8622
     3496     0.00000     0.5553E+01     2.000     7   6.8624
     3497     0.00000     0.1700E+02     2.000     7   6.8626
     3499     0.00000     0.4100E+01     2.000     7   6.8627
     3500     0.00000     0.2731E+01     2.000     7   6.8637
     3501     0.00000     0.4306E+01     2.000     7   6.8645
     3502     0.00000     0.5615E+01     2.000     6   6.8651
     3503     0.00000     0.5239E+01     2.000     7   6.8650
     3504     0.00000     0.4825E+01     2.000     7   6.8655
     3506     0.00000     0.2732E+01     2.000     7   6.8672
     3507     0.00000     0.2449E+02     2.000     7   6.8671
     3508     0.00000     0.6195E+01     2.000     7   6.8680
     3509     0.00000     0.4248E+01     2.000     5   6.8683
     3510     0.00000     0.6283E+01     2.000     7   6.8687
     3512     0.00000     0.4763E+02     2.000     7   6.8692
     3513     0.00000     0.3723E+01     2.000     7   6.8691
     3514     0.00000     0.1694E+02     2.000     7   6.8689
     3515     0.00000     0.1200E+02     2.000     7   6.8689
     3516     0.00000     0.2889E+01     2.000     7   6.8696
     3517     0.00000     0.3048E+01     2.000     7   6.8699
     3518     0.00000     0.9340E+01     2.000     7   6.8698
     3519     0.00000     0.9776E+01     2.000     7   6.8698
     3520     0.00000     0.3633E+01     2.000     6   6.8704
     3521     0.00000     0.7891E+01     2.000     6   6.8699
     3523     0.00000     0.4916E+01     2.000     7   6.8707
     3524     0.00000     0.4284E+01     2.000     7   6.8714
     3525     0.00000     0.3753E+01     2.000     7   6.8712
     3526     0.00000     0.5677E+01     2.000     6   6.8718
     3527     0.00000     0.6120E+01     2.000     6   6.8718
     3528     0.00000     0.2431E+02     2.000     7   6.8718
     3529     0.00000     0.4730E+02     2.000     7   6.8728
     3530     0.00000     0.3855E+01     2.000     7   6.8730
     3531     0.00000     0.1367E+02     2.000     7   6.8726
     3532     0.00000     0.7212E+01     2.000     7   6.8726
     3533     0.00000     0.5822E+01     2.000     6   6.8733
     3534     0.00000     0.1768E+02     2.000     7   6.8742
     3535     0.00000     0.6714E+01     2.000     7   6.8742
     3536     0.00000     0.9370E+01     2.000     7   6.8744
     3537     0.00000     0.9587E+01     2.000     7   6.8744
     3538     0.00000     0.1248E+02     2.000     7   6.8744
     3539     0.00000     0.5171E+01     2.000     7   6.8744
     3540     0.00000     0.1793E+02     2.000     7   6.8750
     3541     0.00000     0.6546E+01     2.000     7   6.8750
     3542     0.00000     0.1125E+02     2.000     7   6.8758
     3543     0.00000     0.2884E+01     2.000     7   6.8757
     3544     0.00000     0.6178E+01     2.000     7   6.8773
     3545     0.00000     0.5618E+01     2.000     7   6.8773
     3546     0.00000     0.2874E+01     2.000     7   6.8784
     3547     0.00000     0.1247E+02     2.000     7   6.8785
     3548     0.00000     0.9343E+01     2.000     7   6.8785
     3549     0.00000     0.9586E+01     2.000     7   6.8785
     3550     0.00000     0.3054E+01     2.000     7   6.8791
     3552     0.00000     0.6769E+01     2.000     7   6.8797
     3553     0.00000     0.7095E+01     2.000     7   6.8799
     3554     0.00000     0.5589E+01     2.000     6   6.8817
     3555     0.00000     0.7112E+01     2.000     7   6.8818
     3556     0.00000     0.5230E+01     2.000     7   6.8825
     3557     0.00000     0.2717E+01     2.000     7   6.8836
     3558     0.00000     0.9724E+01     2.000     7   6.8839
     3559     0.00000     0.9256E+01     2.000     7   6.8839
     3560     0.00000     0.2632E+02     2.000     7   6.8839
     3561     0.00000     0.4120E+01     2.000     7   6.8839
     3562     0.00000     0.4908E+01     2.000     6   6.8843
     3563     0.00000     0.2768E+01     2.000     7   6.8847
     3564     0.00000     0.5737E+01     2.000     6   6.8852
     3565     0.00000     0.5180E+01     2.000     6   6.8855
     3566     0.00000     0.4821E+01     2.000     7   6.8855
     3567     0.00000     0.4794E+01     2.000     7   6.8854
     3568     0.00000     0.5220E+01     2.000     7   6.8854
     3569     0.00000     0.9902E+01     2.000     7   6.8855
     3570     0.00000     0.1483E+02     2.000     6   6.8861
     3571     0.00000     0.6205E+01     2.000     7   6.8858
     3572     0.00000     0.9577E+01     2.000     7   6.8865
     3573     0.00000     0.5357E+01     2.000     6   6.8873
     3574     0.00000     0.3872E+01     2.000     7   6.8872
     3575     0.00000     0.1472E+02     2.000     7   6.8871
     3577     0.00000     0.1329E+02     2.000     7   6.8871
     3578     0.00000     0.2015E+02     2.000     7   6.8871
     3579     0.00000     0.1190E+02     2.000     7   6.8871
     3580     0.00000     0.1092E+02     2.000     7   6.8871
     3581     0.00000     0.2614E+02     2.000     7   6.8876
     3582     0.00000     0.4207E+01     2.000     7   6.8876
     3583     0.00000     0.6192E+01     2.000     7   6.8879
     3584     0.00000     0.2698E+01     2.000     5   6.8887
     3585     0.00000     0.5098E+01     2.000     7   6.8886
     3586     0.00000     0.3032E+01     2.000     7   6.8896
     3587     0.00000     0.2928E+01     2.000     3   6.8898
     3589     0.00000     0.9524E+01     2.000     7   6.8929
     3590     0.00000     0.4888E+01     2.000     7   6.8926
     3591     0.00000     0.8521E+01     2.000     7   6.8926
     3592     0.00000     0.1489E+02     2.000     7   6.8934
     3593     0.00000     0.2726E+01     2.000     7   6.8942
     3594     0.00000     0.3605E+01     2.000     7   6.8947
     3595     0.00000     0.5477E+01     2.000     7   6.8963
     3596     0.00000     0.3287E+01     2.000     6   6.8966
     3597     0.00000     0.4990E+01     2.000     7   6.8967
     3598     0.00000     0.8650E+01     2.000     7   6.8967
     3599     0.00000     0.1313E+02     2.000     7   6.8970
     3600     0.00000     0.2029E+02     2.000     7   6.8970
     3601     0.00000     0.1174E+02     2.000     7   6.8970
     3602     0.00000     0.1076E+02     2.000     7   6.8970
     3603     0.00000     0.3758E+01     2.000     6   6.8978
     3604     0.00000     0.1961E+02     2.000     7   6.8975
     3605     0.00000     0.3355E+01     2.000     6   6.8985
     3606     0.00000     0.7714E+01     2.000     7   6.8980
     3607     0.00000     0.7477E+01     2.000     7   6.8980
     3609     0.00000     0.3549E+01     2.000     7   6.8995
     3610     0.00000     0.1198E+02     2.000     7   6.8998
     3611     0.00000     0.2612E+02     2.000     7   6.8998
     3612     0.00000     0.1471E+02     2.000     6   6.9002
     3613     0.00000     0.3620E+01     2.000     7   6.9003
     3614     0.00000     0.1962E+02     2.000     7   6.9007
     3615     0.00000     0.7451E+02     2.000     7   6.9007
     3616     0.00000     0.7014E+01     2.000     6   6.9015
     3617     0.00000     0.1356E+02     2.000     7   6.9013
     3619     0.00000     0.9454E+01     2.000     7   6.9018
     3620     0.00000     0.2720E+01     2.000     7   6.9026
     3621     0.00000     0.7361E+02     2.000     7   6.9034
     3622     0.00000     0.2973E+01     2.000     7   6.9036
     3625     0.00000     0.7449E+01     2.000     7   6.9039
     3626     0.00000     0.7710E+01     2.000     7   6.9039
     3627     0.00000     0.7119E+01     2.000     6   6.9054
     3628     0.00000     0.1296E+02     2.000     7   6.9055
     3630     0.00000     0.9248E+01     2.000     7   6.9061
     3632     0.00000     0.5267E+01     2.000     7   6.9073
     3633     0.00000     0.8113E+01     2.000     6   6.9078
     3634     0.00000     0.3849E+01     2.000     7   6.9081
     3635     0.00000     0.2845E+01     2.000     7   6.9091
     3636     0.00000     0.2922E+01     2.000     7   6.9098
     3637     0.00000     0.2950E+01     2.000     7   6.9100
     3638     0.00000     0.5308E+01     2.000     7   6.9102
     3639     0.00000     0.4446E+01     2.000     7   6.9103
     3640     0.00000     0.5609E+01     2.000     7   6.9108
     3641     0.00000     0.8776E+01     2.000     7   6.9108
     3643     0.00000     0.8095E+01     2.000     6   6.9119
     3644     0.00000     0.3865E+01     2.000     7   6.9123
     3645     0.00000     0.1216E+02     2.000     7   6.9120
     3646     0.00000     0.2605E+02     2.000     7   6.9120
     3647     0.00000     0.3391E+01     2.000     7   6.9128
     3648     0.00000     0.4867E+01     2.000     6   6.9129
     3649     0.00000     0.2904E+01     2.000     7   6.9139
     3650     0.00000     0.3061E+01     2.000     7   6.9139
     3651     0.00000     0.1129E+02     2.000     7   6.9140
     3653     0.00000     0.3910E+01     2.000     5   6.9162
     3655     0.00000     0.2682E+01     2.000     7   6.9170
     3656     0.00000     0.6566E+01     2.000     6   6.9172
     3657     0.00000     0.4379E+01     2.000     7   6.9180
     3658     0.00000     0.4864E+01     2.000     6   6.9184
     3659     0.00000     0.1343E+02     2.000     7   6.9183
     3660     0.00000     0.5649E+01     2.000     7   6.9188
     3661     0.00000     0.8836E+01     2.000     7   6.9188
     3663     0.00000     0.4776E+01     2.000     6   6.9205
     3664     0.00000     0.4774E+01     2.000     7   6.9204
     3665     0.00000     0.1489E+02     2.000     7   6.9215
     3666     0.00000     0.5333E+01     2.000     7   6.9222
     3667     0.00000     0.2861E+01     2.000     7   6.9236
     3668     0.00000     0.1491E+02     2.000     7   6.9237
     3669     0.00000     0.2840E+01     2.000     7   6.9242
     3670     0.00000     0.4006E+01     2.000     6   6.9255
     3671     0.00000     0.7981E+01     2.000     6   6.9257
     3672     0.00000     0.3701E+01     2.000     7   6.9270
     3674     0.00000     0.1097E+02     2.000     7   6.9286
     3675     0.00000     0.3737E+01     2.000     7   6.9287
     3677     0.00000     0.9528E+01     2.000     7   6.9286
     3679     0.00000     0.8812E+01     2.000     7   6.9300
     3681     0.00000     0.4119E+01     2.000     7   6.9303
     3682     0.00000     0.4754E+01     2.000     7   6.9312
     3683     0.00000     0.9106E+01     2.000     7   6.9311
     3684     0.00000     0.1357E+02     2.000     7   6.9311
     3685     0.00000     0.4128E+01     2.000     7   6.9316
     3687     0.00000     0.9487E+01     2.000     7   6.9317
     3689     0.00000     0.7732E+01     2.000     7   6.9322
     3691     0.00000     0.4376E+01     2.000     5   6.9342
     3692     0.00000     0.1139E+02     2.000     7   6.9340
     3693     0.00000     0.3265E+01     2.000     7   6.9340
     3694     0.00000     0.4033E+01     2.000     6   6.9346
     3695     0.00000     0.4140E+01     2.000     7   6.9359
     3696     0.00000     0.8754E+01     2.000     7   6.9361
     3697     0.00000     0.1146E+02     2.000     7   6.9360
     3698     0.00000     0.7854E+01     2.000     7   6.9364
     3699     0.00000     0.1367E+02     2.000     7   6.9361
     3700     0.00000     0.3344E+01     2.000     7   6.9360
     3702     0.00000     0.4302E+01     2.000     7   6.9377
     3703     0.00000     0.2803E+01     2.000     7   6.9383
     3704     0.00000     0.3176E+01     2.000     7   6.9383
     3705     0.00000     0.6627E+01     2.000     7   6.9385
     3706     0.00000     0.7052E+01     2.000     7   6.9390
     3707     0.00000     0.4402E+01     2.000     7   6.9397
     3708     0.00000     0.2854E+01     2.000     7   6.9402
     3709     0.00000     0.6451E+01     2.000     7   6.9409
     3711     0.00000     0.6663E+01     2.000     6   6.9430
     3712     0.00000     0.5653E+01     2.000     7   6.9428
     3713     0.00000     0.3180E+01     2.000     7   6.9428
     3714     0.00000     0.5642E+01     2.000     7   6.9438
     3717     0.00000     0.6559E+01     2.000     7   6.9457
     3718     0.00000     0.6012E+01     2.000     6   6.9471
     3719     0.00000     0.4204E+01     2.000     7   6.9469
     3720     0.00000     0.4146E+01     2.000     4   6.9479
     3721     0.00000     0.3121E+01     2.000     7   6.9486
     3722     0.00000     0.4288E+01     2.000     6   6.9489
     3723     0.00000     0.4229E+01     2.000     6   6.9490
     3725     0.00000     0.1430E+02     2.000     7   6.9521
     3726     0.00000     0.3821E+01     2.000     7   6.9521
     3728     0.00000     0.4761E+01     2.000     6   6.9535
     3730     0.00000     0.5741E+01     2.000     6   6.9539
     3731     0.00000     0.3098E+01     2.000     7   6.9543
     3734     0.00000     0.4895E+01     2.000     7   6.9558
     3735     0.00000     0.1033E+02     2.000     7   6.9559
     3736     0.00000     0.1026E+02     2.000     7   6.9575
     3737     0.00000     0.4179E+01     2.000     7   6.9575
     3738     0.00000     0.7506E+01     2.000     7   6.9577
     3739     0.00000     0.9522E+01     2.000     7   6.9583
     3740     0.00000     0.1528E+02     2.000     7   6.9582
     3742     0.00000     0.7086E+01     2.000     7   6.9591
     3743     0.00000     0.6964E+01     2.000     7   6.9594
     3744     0.00000     0.1417E+02     2.000     7   6.9591
     3747     0.00000     0.5415E+01     2.000     7   6.9611
     3748     0.00000     0.2912E+01     2.000     7   6.9611
     3749     0.00000     0.4939E+01     2.000     7   6.9618
     3750     0.00000     0.6752E+01     2.000     6   6.9632
     3751     0.00000     0.3909E+01     2.000     7   6.9632
     3752     0.00000     0.1525E+02     2.000     7   6.9635
     3754     0.00000     0.5500E+01     2.000     7   6.9640
     3755     0.00000     0.6646E+01     2.000     7   6.9637
     3756     0.00000     0.6993E+01     2.000     7   6.9640
     3757     0.00000     0.6379E+01     2.000     7   6.9646
     3758     0.00000     0.3260E+01     2.000     6   6.9650
     3759     0.00000     0.6489E+01     2.000     7   6.9655
     3760     0.00000     0.7542E+01     2.000     7   6.9655
     3762     0.00000     0.4158E+01     2.000     7   6.9661
     3763     0.00000     0.2190E+02     2.000     7   6.9671
     3765     0.00000     0.7440E+01     2.000     7   6.9674
     3766     0.00000     0.6655E+01     2.000     7   6.9674
     3767     0.00000     0.9602E+01     2.000     6   6.9680
     3768     0.00000     0.5848E+01     2.000     7   6.9682
     3769     0.00000     0.7212E+01     2.000     7   6.9682
     3770     0.00000     0.7389E+01     2.000     7   6.9686
     3771     0.00000     0.3777E+01     2.000     7   6.9688
     3772     0.00000     0.3277E+01     2.000     7   6.9686
     3773     0.00000     0.3972E+01     2.000     7   6.9688
     3774     0.00000     0.9621E+01     2.000     6   6.9696
     3775     0.00000     0.2781E+01     2.000     6   6.9695
     3776     0.00000     0.9645E+01     2.000     7   6.9702
     3777     0.00000     0.3708E+01     2.000     7   6.9701
     3778     0.00000     0.3286E+01     2.000     6   6.9707
     3779     0.00000     0.9580E+01     2.000     7   6.9705
     3780     0.00000     0.1368E+02     2.000     7   6.9710
     3782     0.00000     0.2739E+01     2.000     6   6.9728
     3783     0.00000     0.5042E+01     2.000     7   6.9729
     3784     0.00000     0.1367E+02     2.000     7   6.9729
     3785     0.00000     0.8543E+01     2.000     7   6.9729
     3786     0.00000     0.1748E+02     2.000     7   6.9731
     3787     0.00000     0.4664E+01     2.000     7   6.9736
     3788     0.00000     0.4468E+01     2.000     7   6.9751
     3789     0.00000     0.5064E+01     2.000     7   6.9757
     3790     0.00000     0.5252E+01     2.000     7   6.9758
     3791     0.00000     0.3466E+01     2.000     5   6.9761
     3792     0.00000     0.4108E+01     2.000     7   6.9764
     3793     0.00000     0.8529E+01     2.000     7   6.9768
     3794     0.00000     0.7831E+01     2.000     7   6.9775
     3795     0.00000     0.1345E+02     2.000     7   6.9781
     3796     0.00000     0.8707E+01     2.000     7   6.9781
     3797     0.00000     0.1380E+02     2.000     7   6.9785
     3798     0.00000     0.9782E+01     2.000     7   6.9789
     3799     0.00000     0.4962E+01     2.000     7   6.9792
     3800     0.00000     0.1843E+02     2.000     7   6.9798
     3801     0.00000     0.1725E+02     2.000     7   6.9803
     3802     0.00000     0.5244E+01     2.000     7   6.9808
     3803     0.00000     0.5958E+01     2.000     7   6.9809
     3804     0.00000     0.3111E+01     2.000     7   6.9809
     3805     0.00000     0.3107E+01     2.000     7   6.9813
     3806     0.00000     0.5154E+01     2.000     7   6.9813
     3807     0.00000     0.7974E+01     2.000     7   6.9821
     3808     0.00000     0.2180E+02     2.000     7   6.9828
     3809     0.00000     0.6838E+01     2.000     7   6.9827
     3810     0.00000     0.1840E+02     2.000     7   6.9833
     3811     0.00000     0.3106E+01     2.000     7   6.9841
     3812     0.00000     0.1452E+02     2.000     7   6.9847
     3813     0.00000     0.9879E+01     2.000     7   6.9851
     3814     0.00000     0.6026E+01     2.000     7   6.9859
     3815     0.00000     0.4931E+01     2.000     7   6.9859
     3816     0.00000     0.1585E+02     2.000     7   6.9863
     3817     0.00000     0.1595E+02     2.000     7   6.9870
     3818     0.00000     0.1187E+02     2.000     7   6.9885
     3819     0.00000     0.3590E+01     2.000     7   6.9883
     3820     0.00000     0.9531E+01     2.000     7   6.9902
     3821     0.00000     0.6178E+01     2.000     7   6.9899
     3822     0.00000     0.5203E+01     2.000     7   6.9899
     3823     0.00000     0.5954E+01     2.000     7   6.9906
     3824     0.00000     0.2932E+01     2.000     7   6.9911
     3825     0.00000     0.5150E+01     2.000     7   6.9909
     3826     0.00000     0.3640E+01     2.000     7   6.9909
     3827     0.00000     0.2724E+01     2.000     7   6.9918
     3828     0.00000     0.7263E+01     2.000     6   6.9926
     3829     0.00000     0.7547E+01     2.000     7   6.9926
     3830     0.00000     0.4015E+01     2.000     6   6.9936
     3831     0.00000     0.1239E+02     1.000     6   6.9938
     3832     0.00000     0.1450E+02     2.000     7   6.9936
     3833     0.00000     0.3644E+01     2.000     6   6.9944
     3834     0.00000     0.2992E+01     2.000     7   6.9947
     3835     0.00000     0.5858E+01     2.000     7   6.9947
     3836     0.00000     0.7494E+01     2.000     7   6.9949
     3837     0.00000     0.7222E+01     2.000     6   6.9962
     3838     0.00000     0.3921E+01     2.000     4   6.9970
     3839     0.00000     0.4978E+01     2.000     6   6.9974
     3840     0.00000     0.9444E+01     2.000     7   6.9975
     3841     0.00000     0.7714E+01     2.000     7   6.9983
     3842     0.00000     0.3665E+01     2.000     7   6.9981
     3843     0.00000     0.5711E+01     2.000     7   6.9987
     3844     0.00000     0.4147E+01     2.000     7   6.9989
     3845     0.00000     0.5828E+01     2.000     6   6.9996
     3846     0.00000     0.2759E+01     2.000     7   6.9995
     3847     0.00000     0.3306E+01     2.000     7   6.9997
     3848     0.00000     0.2723E+01     2.000     7   6.9995
     3849     0.00000     0.1232E+02     1.000     6   7.0000
     3850     0.00000     0.5843E+01     2.000     7   7.0004
     3851     0.00000     0.2766E+01     2.000     7   7.0005
     3852     0.00000     0.5202E+01     2.000     6   7.0014
     3853     0.00000     0.1202E+02     2.000     7   7.0013
     3854     0.00000     0.7985E+01     2.000     7   7.0023
     3855     0.00000     0.2533E+02     2.000     7   7.0029
     3856     0.00000     0.5076E+01     2.000     7   7.0029
     3857     0.00000     0.7427E+01     2.000     6   7.0033
     3858     0.00000     0.7938E+01     2.000     7   7.0040
     3859     0.00000     0.3425E+01     2.000     7   7.0037
     3860     0.00000     0.9707E+01     2.000     7   7.0040
     3861     0.00000     0.3346E+01     2.000     7   7.0042
     3863     0.00000     0.1327E+02     2.000     7   7.0060
     3864     0.00000     0.9590E+01     2.000     7   7.0056
     3865     0.00000     0.2741E+01     2.000     7   7.0062
     3866     0.00000     0.1383E+02     2.000     7   7.0063
     3867     0.00000     0.3647E+01     2.000     7   7.0064
     3868     0.00000     0.3367E+01     2.000     7   7.0068
     3869     0.00000     0.1273E+02     2.000     7   7.0068
     3870     0.00000     0.2989E+01     2.000     5   7.0072
     3871     0.00000     0.3287E+01     2.000     7   7.0074
     3872     0.00000     0.4232E+02     2.000     7   7.0075
     3873     0.00000     0.2971E+01     2.000     7   7.0074
     3874     0.00000     0.1380E+02     2.000     7   7.0080
     3875     0.00000     0.2850E+01     2.000     7   7.0081
     3876     0.00000     0.7647E+01     2.000     7   7.0083
     3877     0.00000     0.3722E+01     2.000     7   7.0089
     3878     0.00000     0.1270E+02     2.000     7   7.0087
     3880     0.00000     0.6831E+01     2.000     7   7.0107
     3881     0.00000     0.4334E+01     2.000     7   7.0114
     3882     0.00000     0.4246E+02     2.000     7   7.0118
     3883     0.00000     0.3489E+01     2.000     7   7.0124
     3884     0.00000     0.2879E+01     2.000     7   7.0133
     3885     0.00000     0.4025E+01     2.000     6   7.0141
     3886     0.00000     0.1517E+02     2.000     7   7.0140
     3887     0.00000     0.1323E+02     2.000     7   7.0142
     3888     0.00000     0.6078E+01     2.000     7   7.0151
     3889     0.00000     0.2218E+02     2.000     7   7.0156
     3891     0.00000     0.4612E+01     2.000     7   7.0165
     3893     0.00000     0.1152E+02     2.000     7   7.0167
     3895     0.00000     0.8956E+01     2.000     7   7.0168
     3896     0.00000     0.1145E+02     2.000     7   7.0177
     3897     0.00000     0.2518E+02     2.000     7   7.0173
     3898     0.00000     0.4925E+01     2.000     7   7.0173
     3900     0.00000     0.1101E+02     2.000     7   7.0186
     3901     0.00000     0.4595E+01     2.000     7   7.0190
     3902     0.00000     0.7166E+01     2.000     7   7.0197
     3903     0.00000     0.1109E+02     2.000     7   7.0202
     3904     0.00000     0.2535E+02     2.000     7   7.0202
     3905     0.00000     0.9877E+01     2.000     7   7.0202
     3906     0.00000     0.5003E+01     2.000     6   7.0205
     3907     0.00000     0.1126E+02     2.000     7   7.0203
     3908     0.00000     0.3448E+01     2.000     6   7.0209
     3909     0.00000     0.4814E+01     2.000     6   7.0216
     3911     0.00000     0.3190E+01     2.000     7   7.0224
     3912     0.00000     0.7258E+01     2.000     7   7.0233
     3913     0.00000     0.6017E+01     2.000     7   7.0232
     3915     0.00000     0.1144E+02     2.000     7   7.0244
     3916     0.00000     0.1506E+02     2.000     7   7.0244
     3918     0.00000     0.3253E+01     2.000     7   7.0258
     3919     0.00000     0.6530E+01     2.000     7   7.0256
     3920     0.00000     0.6692E+01     2.000     7   7.0260
     3922     0.00000     0.1121E+02     2.000     7   7.0265
     3923     0.00000     0.1106E+02     2.000     7   7.0268
     3924     0.00000     0.2557E+02     2.000     7   7.0268
     3925     0.00000     0.9824E+01     2.000     7   7.0268
     3926     0.00000     0.1528E+02     2.000     7   7.0265
     3927     0.00000     0.4997E+01     2.000     6   7.0271
     3929     0.00000     0.1067E+02     2.000     7   7.0289
     3930     0.00000     0.5984E+01     2.000     7   7.0289
     3931     0.00000     0.6197E+01     2.000     7   7.0298
     3932     0.00000     0.8657E+01     2.000     7   7.0302
     3933     0.00000     0.5999E+01     2.000     7   7.0303
     3934     0.00000     0.4972E+01     2.000     6   7.0313
     3935     0.00000     0.4224E+01     2.000     6   7.0318
     3936     0.00000     0.6166E+01     2.000     7   7.0323
     3937     0.00000     0.2182E+02     2.000     7   7.0323
     3938     0.00000     0.2677E+01     2.000     7   7.0323
     3940     0.00000     0.5362E+01     2.000     7   7.0327
     3941     0.00000     0.2740E+02     2.000     7   7.0330
     3942     0.00000     0.2783E+01     2.000     7   7.0336
     3943     0.00000     0.5504E+01     2.000     6   7.0338
     3944     0.00000     0.1271E+02     2.000     7   7.0342
     3945     0.00000     0.2703E+01     2.000     7   7.0343
     3946     0.00000     0.8612E+01     2.000     7   7.0346
     3947     0.00000     0.8727E+01     2.000     7   7.0353
     3948     0.00000     0.5493E+01     2.000     6   7.0368
     3949     0.00000     0.1364E+02     2.000     7   7.0369
     3950     0.00000     0.1429E+02     2.000     7   7.0374
     3951     0.00000     0.4920E+01     2.000     7   7.0383
     3953     0.00000     0.8680E+01     2.000     7   7.0401
     3954     0.00000     0.4972E+01     2.000     7   7.0412
     3955     0.00000     0.2756E+02     2.000     7   7.0418
     3956     0.00000     0.4744E+01     2.000     7   7.0423
     3958     0.00000     0.2762E+01     2.000     7   7.0424
     3959     0.00000     0.5889E+01     2.000     6   7.0435
     3960     0.00000     0.1562E+02     2.000     7   7.0435
     3961     0.00000     0.1352E+02     2.000     7   7.0434
     3962     0.00000     0.4542E+01     2.000     7   7.0435
     3963     0.00000     0.1423E+02     2.000     7   7.0440
     3964     0.00000     0.1527E+02     2.000     7   7.0457
     3965     0.00000     0.5788E+01     2.000     6   7.0459
     3967     0.00000     0.3617E+01     2.000     7   7.0465
     3968     0.00000     0.8212E+01     2.000     6   7.0481
     3969     0.00000     0.3368E+01     2.000     5   7.0486
     3970     0.00000     0.4932E+01     2.000     6   7.0486
     3972     0.00000     0.5727E+01     2.000     6   7.0504
     3973     0.00000     0.9331E+01     2.000     7   7.0501
     3974     0.00000     0.3188E+01     2.000     7   7.0512
     3976     0.00000     0.8217E+01     2.000     6   7.0524
     3979     0.00000     0.4183E+01     2.000     7   7.0525
     3980     0.00000     0.2996E+01     2.000     7   7.0526
     3981     0.00000     0.3548E+01     2.000     7   7.0530
     3982     0.00000     0.8821E+01     2.000     6   7.0539
     3983     0.00000     0.1391E+02     2.000     7   7.0544
     3984     0.00000     0.3524E+01     2.000     7   7.0541
     3985     0.00000     0.3633E+01     2.000     7   7.0547
     3986     0.00000     0.8692E+01     2.000     6   7.0555
     3987     0.00000     0.4298E+01     2.000     6   7.0559
     3989     0.00000     0.7021E+01     2.000     7   7.0565
     3990     0.00000     0.4861E+01     2.000     7   7.0582
     3991     0.00000     0.9315E+01     2.000     7   7.0589
     3992     0.00000     0.4110E+01     2.000     7   7.0588
     3993     0.00000     0.4173E+01     2.000     6   7.0595
     3994     0.00000     0.3465E+01     2.000     7   7.0598
     3996     0.00000     0.6704E+01     2.000     7   7.0598
     3998     0.00000     0.5755E+01     2.000     6   7.0613
     3999     0.00000     0.1378E+02     2.000     7   7.0614
     4000     0.00000     0.1535E+02     2.000     7   7.0618
     4001     0.00000     0.7334E+01     2.000     6   7.0631
     4002     0.00000     0.4959E+01     2.000     6   7.0631
     4003     0.00000     0.5372E+01     2.000     6   7.0630
     4004     0.00000     0.8597E+01     2.000     7   7.0630
     4006     0.00000     0.1535E+02     2.000     7   7.0642
     4007     0.00000     0.9873E+01     2.000     7   7.0641
     4008     0.00000     0.3957E+01     2.000     6   7.0645
     4009     0.00000     0.8537E+01     2.000     7   7.0655
     4010     0.00000     0.5700E+01     2.000     6   7.0664
     4011     0.00000     0.5335E+01     2.000     6   7.0673
     4012     0.00000     0.1617E+02     2.000     7   7.0673
     4013     0.00000     0.2785E+01     2.000     7   7.0678
     4014     0.00000     0.4886E+01     2.000     6   7.0677
     4015     0.00000     0.1631E+02     2.000     7   7.0676
     4016     0.00000     0.6870E+01     2.000     7   7.0680
     4017     0.00000     0.4160E+01     2.000     7   7.0682
     4018     0.00000     0.4167E+01     2.000     6   7.0696
     4019     0.00000     0.6814E+01     2.000     7   7.0695
     4020     0.00000     0.2807E+01     2.000     7   7.0703
     4021     0.00000     0.2963E+01     2.000     7   7.0699
     4023     0.00000     0.4650E+01     2.000     6   7.0713
     4024     0.00000     0.1025E+02     2.000     7   7.0713
     4025     0.00000     0.1019E+02     2.000     7   7.0711
     4026     0.00000     0.1160E+02     2.000     7   7.0722
     4027     0.00000     0.1088E+02     2.000     7   7.0722
     4028     0.00000     0.9050E+01     2.000     7   7.0733
     4029     0.00000     0.3069E+01     2.000     7   7.0741
     4030     0.00000     0.1757E+02     2.000     7   7.0741
     4031     0.00000     0.3812E+01     2.000     7   7.0745
     4032     0.00000     0.6810E+01     2.000     7   7.0755
     4033     0.00000     0.1740E+02     2.000     7   7.0756
     4034     0.00000     0.9048E+01     2.000     7   7.0762
     4035     0.00000     0.6756E+01     2.000     7   7.0774
     4036     0.00000     0.1134E+02     2.000     7   7.0778
     4038     0.00000     0.1099E+02     2.000     7   7.0778
     4040     0.00000     0.9347E+01     2.000     7   7.0780
     4041     0.00000     0.2734E+01     2.000     7   7.0797
     4042     0.00000     0.8129E+01     2.000     7   7.0802
     4043     0.00000     0.8475E+01     2.000     7   7.0801
     4044     0.00000     0.3225E+01     2.000     6   7.0808
     4045     0.00000     0.4032E+01     2.000     6   7.0809
     4046     0.00000     0.7828E+01     2.000     7   7.0814
     4047     0.00000     0.9135E+01     2.000     7   7.0814
     4048     0.00000     0.5725E+01     2.000     7   7.0825
     4049     0.00000     0.3524E+01     2.000     6   7.0834
     4050     0.00000     0.4152E+01     2.000     6   7.0831
     4052     0.00000     0.3228E+01     2.000     6   7.0836
     4053     0.00000     0.9249E+01     2.000     7   7.0840
     4054     0.00000     0.2141E+02     2.000     7   7.0845
     4056     0.00000     0.2122E+02     2.000     7   7.0852
     4057     0.00000     0.5855E+01     2.000     7   7.0855
     4058     0.00000     0.3003E+01     2.000     7   7.0861
     4059     0.00000     0.1429E+02     2.000     7   7.0859
     4060     0.00000     0.1416E+02     2.000     7   7.0864
     4061     0.00000     0.4542E+01     2.000     7   7.0863
     4062     0.00000     0.2726E+01     2.000     7   7.0875
     4063     0.00000     0.1034E+02     2.000     6   7.0880
     4064     0.00000     0.6866E+01     2.000     7   7.0890
     4065     0.00000     0.7845E+01     2.000     7   7.0889
     4066     0.00000     0.5482E+01     2.000     7   7.0897
     4067     0.00000     0.8483E+01     2.000     7   7.0917
     4068     0.00000     0.1467E+02     2.000     7   7.0923
     4069     0.00000     0.6629E+01     2.000     7   7.0936
     4070     0.00000     0.7017E+01     2.000     7   7.0936
     4071     0.00000     0.8561E+01     2.000     7   7.0978
     4072     0.00000     0.5995E+01     2.000     6   7.0986
     4073     0.00000     0.1027E+02     2.000     6   7.0983
     4074     0.00000     0.1797E+02     2.000     7   7.0992
     4075     0.00000     0.1455E+02     2.000     7   7.0996
     4076     0.00000     0.6039E+01     2.000     6   7.1001
     4077     0.00000     0.1785E+02     2.000     7   7.1000
     4078     0.00000     0.7788E+01     2.000     7   7.1005
     4079     0.00000     0.6944E+01     2.000     7   7.1009
     4080     0.00000     0.1763E+02     2.000     7   7.1017
     4081     0.00000     0.5917E+01     2.000     7   7.1031
     4082     0.00000     0.8506E+01     2.000     7   7.1029
     4083     0.00000     0.3872E+01     2.000     7   7.1031
     4084     0.00000     0.6494E+01     2.000     7   7.1036
     4086     0.00000     0.6466E+01     2.000     7   7.1044
     4087     0.00000     0.6124E+01     2.000     7   7.1041
     4088     0.00000     0.6215E+01     2.000     6   7.1045
     4089     0.00000     0.6459E+01     2.000     7   7.1048
     4090     0.00000     0.4837E+01     2.000     7   7.1046
     4091     0.00000     0.3857E+01     2.000     7   7.1052
     4092     0.00000     0.6275E+01     2.000     6   7.1059
     4093     0.00000     0.9084E+01     2.000     7   7.1060
     4094     0.00000     0.8569E+01     2.000     7   7.1069
     4095     0.00000     0.6899E+01     2.000     6   7.1077
     4096     0.00000     0.1044E+02     2.000     6   7.1077
     4097     0.00000     0.4541E+01     2.000     7   7.1077
     4098     0.00000     0.5301E+01     2.000     7   7.1082
     4099     0.00000     0.4268E+01     2.000     7   7.1082
     4100     0.00000     0.8467E+01     2.000     7   7.1085
     4101     0.00000     0.6470E+01     2.000     7   7.1090
     4102     0.00000     0.7714E+01     2.000     7   7.1090
     4103     0.00000     0.5645E+01     2.000     7   7.1096
     4104     0.00000     0.6313E+01     2.000     7   7.1096
     4105     0.00000     0.1765E+02     2.000     7   7.1101
     4106     0.00000     0.1001E+02     2.000     7   7.1107
     4107     0.00000     0.1111E+02     2.000     7   7.1107
     4108     0.00000     0.4585E+01     2.000     7   7.1112
     4109     0.00000     0.1147E+02     2.000     7   7.1119
     4110     0.00000     0.1009E+02     2.000     7   7.1119
     4111     0.00000     0.5488E+01     2.000     7   7.1119
     4112     0.00000     0.1079E+02     2.000     7   7.1119
     4113     0.00000     0.1227E+02     2.000     7   7.1119
     4114     0.00000     0.6796E+01     2.000     6   7.1124
     4115     0.00000     0.1033E+02     2.000     6   7.1124
     4116     0.00000     0.1140E+02     2.000     7   7.1123
     4117     0.00000     0.9244E+01     2.000     7   7.1124
     4118     0.00000     0.3612E+01     2.000     7   7.1122
     4119     0.00000     0.5521E+01     2.000     7   7.1123
     4120     0.00000     0.9021E+01     2.000     7   7.1128
     4121     0.00000     0.2909E+01     2.000     7   7.1129
     4122     0.00000     0.7702E+01     2.000     7   7.1126
     4123     0.00000     0.8375E+01     2.000     7   7.1132
     4124     0.00000     0.7461E+01     2.000     7   7.1144
     4125     0.00000     0.3173E+01     2.000     5   7.1149
     4126     0.00000     0.1231E+02     2.000     7   7.1150
     4127     0.00000     0.9292E+01     2.000     7   7.1155
     4128     0.00000     0.8320E+01     2.000     7   7.1160
     4129     0.00000     0.5537E+01     2.000     7   7.1157
     4130     0.00000     0.3630E+01     2.000     7   7.1166
     4131     0.00000     0.3865E+01     2.000     7   7.1166
     4132     0.00000     0.6254E+01     1.000     6   7.1181
     4133     0.00000     0.8513E+01     2.000     7   7.1180
     4134     0.00000     0.8457E+01     2.000     7   7.1186
     4135     0.00000     0.4893E+01     2.000     7   7.1187
     4137     0.00000     0.5574E+01     2.000     7   7.1201
     4138     0.00000     0.7571E+01     2.000     7   7.1200
     4140     0.00000     0.5564E+01     2.000     7   7.1211
     4141     0.00000     0.1077E+02     2.000     7   7.1214
     4142     0.00000     0.1776E+02     2.000     7   7.1214
     4143     0.00000     0.1252E+02     2.000     7   7.1222
     4144     0.00000     0.6202E+01     1.000     6   7.1220
     4145     0.00000     0.4949E+01     2.000     7   7.1219
     4146     0.00000     0.5479E+01     2.000     7   7.1223
     4147     0.00000     0.5230E+02     2.000     7   7.1233
     4148     0.00000     0.1078E+02     2.000     7   7.1242
     4149     0.00000     0.1774E+02     2.000     7   7.1242
     4151     0.00000     0.4576E+01     2.000     7   7.1245
     4152     0.00000     0.8227E+01     2.000     7   7.1250
     4153     0.00000     0.7065E+01     2.000     7   7.1256
     4154     0.00000     0.1661E+02     2.000     7   7.1266
     4155     0.00000     0.3366E+01     2.000     7   7.1264
     4156     0.00000     0.1677E+02     2.000     7   7.1275
     4157     0.00000     0.6589E+01     2.000     7   7.1281
     4158     0.00000     0.9052E+01     2.000     7   7.1278
     4159     0.00000     0.1238E+02     2.000     7   7.1283
     4160     0.00000     0.9125E+01     2.000     7   7.1288
     4161     0.00000     0.1235E+02     2.000     7   7.1291
     4163     0.00000     0.7030E+01     2.000     7   7.1299
     4164     0.00000     0.8382E+01     2.000     7   7.1300
     4165     0.00000     0.4417E+01     2.000     7   7.1305
     4166     0.00000     0.1436E+02     2.000     7   7.1310
     4167     0.00000     0.1019E+02     2.000     7   7.1308
     4168     0.00000     0.1233E+02     2.000     7   7.1316
     4170     0.00000     0.1009E+02     2.000     7   7.1321
     4171     0.00000     0.2218E+02     2.000     7   7.1318
     4172     0.00000     0.5185E+02     2.000     7   7.1321
     4173     0.00000     0.2218E+02     2.000     7   7.1338
     4174     0.00000     0.9672E+01     2.000     7   7.1343
     4175     0.00000     0.3828E+01     2.000     7   7.1351
     4176     0.00000     0.4594E+01     2.000     7   7.1357
     4177     0.00000     0.7848E+01     2.000     7   7.1361
     4179     0.00000     0.1877E+02     2.000     7   7.1361
     4180     0.00000     0.5107E+01     2.000     7   7.1361
     4181     0.00000     0.2718E+01     2.000     7   7.1368
     4183     0.00000     0.4772E+01     2.000     7   7.1369
     4184     0.00000     0.1766E+02     2.000     7   7.1387
     4185     0.00000     0.4638E+01     2.000     6   7.1399
     4186     0.00000     0.4920E+01     2.000     7   7.1417
     4187     0.00000     0.1762E+02     2.000     7   7.1420
     4188     0.00000     0.2716E+01     2.000     6   7.1428
     4189     0.00000     0.4595E+01     2.000     6   7.1439
     4190     0.00000     0.4843E+01     2.000     7   7.1437
     4191     0.00000     0.4801E+01     2.000     7   7.1440
     4192     0.00000     0.1358E+02     2.000     7   7.1448
     4193     0.00000     0.1124E+02     2.000     7   7.1445
     4194     0.00000     0.4722E+01     2.000     7   7.1448
     4195     0.00000     0.8315E+01     2.000     7   7.1460
     4196     0.00000     0.3332E+01     2.000     7   7.1469
     4197     0.00000     0.1876E+02     2.000     7   7.1470
     4198     0.00000     0.5032E+01     2.000     7   7.1470
     4199     0.00000     0.8727E+01     2.000     7   7.1483
     4200     0.00000     0.1250E+02     2.000     7   7.1483
     4201     0.00000     0.1152E+02     2.000     7   7.1488
     4202     0.00000     0.1748E+02     2.000     7   7.1488
     4203     0.00000     0.6565E+01     2.000     7   7.1491
     4204     0.00000     0.8455E+01     2.000     7   7.1501
     4205     0.00000     0.8889E+01     2.000     7   7.1502
     4206     0.00000     0.8637E+01     2.000     7   7.1511
     4207     0.00000     0.3190E+01     2.000     7   7.1516
     4208     0.00000     0.5578E+01     2.000     6   7.1530
     4209     0.00000     0.8935E+01     2.000     7   7.1529
     4210     0.00000     0.8546E+01     2.000     7   7.1536
     4211     0.00000     0.6534E+01     2.000     7   7.1545
     4212     0.00000     0.1334E+02     2.000     7   7.1547
     4213     0.00000     0.8191E+01     2.000     7   7.1549
     4214     0.00000     0.4683E+01     2.000     7   7.1547
     4215     0.00000     0.8512E+01     2.000     7   7.1557
     4216     0.00000     0.3368E+01     2.000     7   7.1576
     4217     0.00000     0.7507E+01     2.000     7   7.1572
     4218     0.00000     0.7437E+01     2.000     7   7.1579
     4219     0.00000     0.2795E+01     2.000     7   7.1580
     4220     0.00000     0.5297E+01     2.000     5   7.1583
     4221     0.00000     0.7010E+01     2.000     7   7.1591
     4222     0.00000     0.5559E+01     2.000     6   7.1594
     4223     0.00000     0.2836E+01     2.000     6   7.1601
     4224     0.00000     0.1186E+02     2.000     7   7.1598
     4225     0.00000     0.8505E+01     2.000     7   7.1603
     4226     0.00000     0.7126E+01     2.000     7   7.1608
     4227     0.00000     0.7073E+01     2.000     7   7.1619
     4228     0.00000     0.1734E+02     2.000     7   7.1620
     4229     0.00000     0.2769E+01     2.000     7   7.1641
     4230     0.00000     0.5397E+01     2.000     7   7.1639
     4231     0.00000     0.5429E+01     2.000     7   7.1639
     4232     0.00000     0.1043E+02     2.000     7   7.1646
     4233     0.00000     0.1037E+02     2.000     7   7.1667
     4234     0.00000     0.1025E+02     2.000     7   7.1688
     4235     0.00000     0.4927E+01     2.000     7   7.1690
     4236     0.00000     0.3480E+01     2.000     7   7.1706
     4237     0.00000     0.1241E+02     2.000     7   7.1706
     4238     0.00000     0.4753E+01     2.000     7   7.1706
     4239     0.00000     0.1034E+02     2.000     7   7.1712
     4240     0.00000     0.3227E+01     2.000     6   7.1724
     4241     0.00000     0.4734E+01     2.000     7   7.1722
     4242     0.00000     0.5348E+01     2.000     7   7.1724
     4243     0.00000     0.5383E+01     2.000     7   7.1724
     4244     0.00000     0.1237E+02     2.000     7   7.1733
     4245     0.00000     0.4926E+01     2.000     7   7.1733
     4246     0.00000     0.5218E+01     2.000     7   7.1733
     4248     0.00000     0.4368E+01     2.000     6   7.1749
     4249     0.00000     0.4571E+01     2.000     7   7.1749
     4251     0.00000     0.1695E+02     2.000     7   7.1749
     4252     0.00000     0.5627E+01     2.000     7   7.1754
     4253     0.00000     0.4459E+01     2.000     7   7.1759
     4254     0.00000     0.5132E+01     2.000     7   7.1772
     4255     0.00000     0.5534E+01     2.000     7   7.1774
     4256     0.00000     0.9896E+01     2.000     7   7.1776
     4257     0.00000     0.1670E+02     2.000     7   7.1784
     4258     0.00000     0.3838E+01     2.000     7   7.1795
     4259     0.00000     0.3454E+01     1.000     6   7.1801
     4260     0.00000     0.5495E+01     2.000     7   7.1823
     4261     0.00000     0.1708E+02     2.000     7   7.1834
     4262     0.00000     0.9821E+01     2.000     7   7.1845
     4263     0.00000     0.8614E+01     2.000     7   7.1842
     4264     0.00000     0.6489E+01     2.000     7   7.1854
     4265     0.00000     0.6110E+01     2.000     7   7.1856
     4266     0.00000     0.1677E+02     2.000     7   7.1875
     4267     0.00000     0.8117E+01     2.000     7   7.1875
     4268     0.00000     0.6478E+01     2.000     7   7.1882
     4270     0.00000     0.8207E+01     2.000     7   7.1904
     4271     0.00000     0.8502E+01     2.000     7   7.1911
     4272     0.00000     0.6349E+01     2.000     7   7.1939
     4274     0.00000     0.7086E+01     2.000     7   7.1955
     4275     0.00000     0.1122E+02     2.000     7   7.1961
     4276     0.00000     0.4767E+01     2.000     7   7.1961
     4277     0.00000     0.3189E+01     2.000     7   7.1977
     4278     0.00000     0.8107E+01     2.000     7   7.1973
     4279     0.00000     0.9496E+01     2.000     7   7.1973
     4280     0.00000     0.1153E+02     2.000     7   7.1973
     4281     0.00000     0.3348E+01     2.000     7   7.1982
     4282     0.00000     0.5524E+01     2.000     7   7.1985
     4283     0.00000     0.5967E+01     2.000     7   7.2012
     4284     0.00000     0.9264E+01     2.000     7   7.2016
     4285     0.00000     0.4176E+01     2.000     7   7.2022
     4286     0.00000     0.1112E+02     2.000     7   7.2025
     4287     0.00000     0.5694E+01     2.000     7   7.2028
     4288     0.00000     0.4864E+01     2.000     7   7.2025
     4289     0.00000     0.3346E+01     2.000     5   7.2040
     4290     0.00000     0.1294E+02     2.000     7   7.2048
     4291     0.00000     0.6539E+01     2.000     7   7.2058
     4292     0.00000     0.9373E+01     2.000     7   7.2066
     4294     0.00000     0.9582E+01     2.000     7   7.2082
     4295     0.00000     0.6897E+01     2.000     7   7.2082
     4296     0.00000     0.8794E+01     2.000     7   7.2088
     4297     0.00000     0.5628E+01     2.000     7   7.2099
     4298     0.00000     0.8797E+01     2.000     7   7.2098
     4299     0.00000     0.7777E+01     2.000     7   7.2100
     4300     0.00000     0.1081E+02     2.000     7   7.2100
     4301     0.00000     0.4389E+01     2.000     7   7.2148
     4302     0.00000     0.3452E+01     2.000     7   7.2149
     4304     0.00000     0.1302E+02     2.000     7   7.2162
     4306     0.00000     0.8531E+01     2.000     7   7.2170
     4307     0.00000     0.3191E+01     2.000     7   7.2166
     4308     0.00000     0.8567E+01     2.000     7   7.2172
     4309     0.00000     0.3248E+01     2.000     6   7.2176
     4310     0.00000     0.3182E+01     2.000     4   7.2177
     4311     0.00000     0.2111E+02     2.000     7   7.2175
     4312     0.00000     0.6777E+01     2.000     7   7.2184
     4313     0.00000     0.6790E+01     2.000     7   7.2190
     4314     0.00000     0.6151E+01     2.000     7   7.2186
     4315     0.00000     0.5712E+01     2.000     7   7.2186
     4316     0.00000     0.6061E+01     2.000     7   7.2186
     4317     0.00000     0.6194E+01     2.000     7   7.2194
     4318     0.00000     0.4088E+01     2.000     5   7.2197
     4319     0.00000     0.5341E+01     2.000     7   7.2204
     4320     0.00000     0.9400E+01     2.000     7   7.2203
     4321     0.00000     0.9420E+01     2.000     7   7.2201
     4322     0.00000     0.5484E+01     2.000     7   7.2210
     4323     0.00000     0.6792E+01     2.000     7   7.2210
     4324     0.00000     0.6469E+01     2.000     7   7.2206
     4325     0.00000     0.6977E+01     2.000     7   7.2211
     4326     0.00000     0.1505E+02     2.000     7   7.2221
     4327     0.00000     0.6455E+01     2.000     7   7.2238
     4328     0.00000     0.1530E+02     2.000     7   7.2249
     4329     0.00000     0.3130E+01     2.000     6   7.2278
     4330     0.00000     0.7440E+01     2.000     7   7.2281
     4331     0.00000     0.2900E+01     2.000     6   7.2297
     4332     0.00000     0.3283E+01     2.000     7   7.2294
     4334     0.00000     0.1268E+02     2.000     7   7.2303
     4335     0.00000     0.2084E+02     2.000     7   7.2304
     4336     0.00000     0.3708E+01     1.000     6   7.2312
     4337     0.00000     0.6251E+01     2.000     7   7.2315
     4338     0.00000     0.4643E+01     2.000     7   7.2313
     4339     0.00000     0.1215E+02     2.000     7   7.2315
     4340     0.00000     0.4941E+01     2.000     7   7.2322
     4341     0.00000     0.5395E+01     2.000     7   7.2320
     4342     0.00000     0.7431E+01     2.000     7   7.2322
     4343     0.00000     0.1220E+02     2.000     7   7.2345
     4344     0.00000     0.1793E+02     2.000     7   7.2349
     4345     0.00000     0.5556E+01     2.000     7   7.2349
     4346     0.00000     0.7579E+01     2.000     7   7.2370
     4347     0.00000     0.1243E+02     2.000     7   7.2373
     4348     0.00000     0.2267E+02     2.000     7   7.2373
     4349     0.00000     0.7611E+01     2.000     7   7.2378
     4350     0.00000     0.4763E+01     2.000     7   7.2381
     4352     0.00000     0.3407E+01     2.000     7   7.2385
     4353     0.00000     0.1806E+02     2.000     7   7.2399
     4354     0.00000     0.5675E+01     2.000     7   7.2399
     4355     0.00000     0.2787E+01     2.000     5   7.2414
     4356     0.00000     0.3472E+01     2.000     7   7.2430
     4358     0.00000     0.5577E+01     2.000     7   7.2437
     4359     0.00000     0.3895E+01     2.000     7   7.2435
     4360     0.00000     0.4706E+01     2.000     7   7.2435
     4361     0.00000     0.4180E+01     2.000     7   7.2437
     4363     0.00000     0.1249E+02     2.000     7   7.2442
     4364     0.00000     0.4405E+01     2.000     7   7.2448
     4365     0.00000     0.1269E+02     2.000     7   7.2445
     4366     0.00000     0.2238E+02     2.000     7   7.2445
     4367     0.00000     0.1251E+02     2.000     7   7.2444
     4368     0.00000     0.1266E+02     2.000     7   7.2453
     4369     0.00000     0.4637E+01     2.000     7   7.2452
     4370     0.00000     0.8095E+01     2.000     7   7.2452
     4372     0.00000     0.4910E+01     2.000     7   7.2455
     4373     0.00000     0.3030E+01     2.000     7   7.2464
     4374     0.00000     0.4728E+01     2.000     7   7.2462
     4375     0.00000     0.6254E+01     2.000     7   7.2462
     4376     0.00000     0.5449E+01     2.000     7   7.2465
     4377     0.00000     0.4499E+01     2.000     7   7.2477
     4378     0.00000     0.1585E+02     2.000     7   7.2476
     4379     0.00000     0.2515E+02     2.000     7   7.2476
     4380     0.00000     0.3531E+01     2.000     7   7.2481
     4381     0.00000     0.3522E+01     2.000     4   7.2486
     4382     0.00000     0.5595E+01     2.000     7   7.2502
     4383     0.00000     0.4443E+01     2.000     7   7.2500
     4384     0.00000     0.1678E+02     2.000     7   7.2500
     4385     0.00000     0.4206E+01     2.000     7   7.2509
     4386     0.00000     0.7664E+01     2.000     7   7.2508
     4387     0.00000     0.4241E+01     2.000     7   7.2514
     4388     0.00000     0.3485E+01     2.000     4   7.2521
     4389     0.00000     0.4954E+01     2.000     7   7.2521
     4390     0.00000     0.1289E+02     2.000     7   7.2532
     4391     0.00000     0.4535E+01     2.000     7   7.2531
     4393     0.00000     0.1309E+02     2.000     7   7.2540
     4394     0.00000     0.1483E+02     2.000     7   7.2540
     4395     0.00000     0.4325E+01     2.000     7   7.2539
     4396     0.00000     0.5621E+01     2.000     7   7.2543
     4397     0.00000     0.1605E+02     2.000     7   7.2541
     4398     0.00000     0.2481E+02     2.000     7   7.2541
     4399     0.00000     0.1308E+02     2.000     7   7.2546
     4400     0.00000     0.1449E+02     2.000     7   7.2546
     4401     0.00000     0.6606E+01     2.000     7   7.2552
     4404     0.00000     0.1678E+02     2.000     7   7.2594
     4405     0.00000     0.6020E+01     2.000     7   7.2595
     4406     0.00000     0.3114E+01     2.000     7   7.2599
     4407     0.00000     0.6605E+01     2.000     7   7.2599
     4408     0.00000     0.3222E+01     2.000     6   7.2601
     4409     0.00000     0.2091E+02     2.000     7   7.2604
     4410     0.00000     0.2889E+01     2.000     4   7.2613
     4411     0.00000     0.3211E+01     2.000     6   7.2615
     4412     0.00000     0.6054E+01     2.000     7   7.2619
     4413     0.00000     0.5852E+01     2.000     7   7.2629
     4414     0.00000     0.4536E+01     2.000     7   7.2636
     4415     0.00000     0.4134E+01     2.000     7   7.2641
     4416     0.00000     0.2806E+01     2.000     4   7.2642
     4417     0.00000     0.5850E+01     2.000     7   7.2642
     4418     0.00000     0.3265E+01     2.000     4   7.2649
     4420     0.00000     0.2842E+01     2.000     4   7.2657
     4421     0.00000     0.1154E+02     2.000     7   7.2658
     4422     0.00000     0.6183E+01     2.000     7   7.2671
     4423     0.00000     0.5872E+01     2.000     7   7.2675
     4424     0.00000     0.3514E+01     2.000     7   7.2677
     4425     0.00000     0.4133E+01     2.000     7   7.2678
     4426     0.00000     0.9717E+01     2.000     7   7.2690
     4427     0.00000     0.2091E+02     2.000     7   7.2690
     4428     0.00000     0.8807E+01     2.000     7   7.2694
     4429     0.00000     0.1146E+02     2.000     7   7.2693
     4431     0.00000     0.4056E+01     2.000     7   7.2703
     4432     0.00000     0.4489E+01     2.000     7   7.2709
     4433     0.00000     0.4340E+01     2.000     7   7.2709
     4434     0.00000     0.3185E+01     2.000     7   7.2715
     4435     0.00000     0.5128E+01     2.000     6   7.2717
     4436     0.00000     0.4706E+01     2.000     5   7.2731
     4437     0.00000     0.4100E+01     2.000     7   7.2734
     4438     0.00000     0.7548E+01     2.000     7   7.2740
     4439     0.00000     0.3150E+01     2.000     7   7.2741
     4442     0.00000     0.5124E+01     2.000     7   7.2743
     4443     0.00000     0.4201E+01     2.000     7   7.2755
     4444     0.00000     0.8688E+01     2.000     7   7.2759
     4445     0.00000     0.4446E+01     2.000     7   7.2769
     4446     0.00000     0.4144E+01     2.000     7   7.2769
     4447     0.00000     0.4399E+01     2.000     7   7.2782
     4448     0.00000     0.4255E+01     2.000     7   7.2782
     4449     0.00000     0.3233E+01     2.000     6   7.2788
     4450     0.00000     0.4679E+01     2.000     7   7.2785
     4451     0.00000     0.3477E+01     2.000     5   7.2791
     4452     0.00000     0.4534E+01     2.000     6   7.2791
     4453     0.00000     0.4937E+01     2.000     7   7.2803
     4454     0.00000     0.5999E+01     2.000     7   7.2803
     4455     0.00000     0.3279E+01     2.000     7   7.2810
     4456     0.00000     0.3184E+01     2.000     7   7.2818
     4457     0.00000     0.4287E+01     2.000     7   7.2823
     4458     0.00000     0.6985E+01     2.000     7   7.2826
     4459     0.00000     0.4549E+01     2.000     7   7.2830
     4460     0.00000     0.5566E+01     2.000     7   7.2837
     4461     0.00000     0.3156E+01     2.000     7   7.2842
     4462     0.00000     0.4988E+01     2.000     6   7.2850
     4463     0.00000     0.3068E+01     2.000     7   7.2856
     4464     0.00000     0.3823E+01     2.000     4   7.2864
     4465     0.00000     0.3451E+01     2.000     7   7.2867
     4466     0.00000     0.4342E+01     2.000     7   7.2866
     4467     0.00000     0.3665E+01     2.000     7   7.2882
     4468     0.00000     0.4339E+01     2.000     7   7.2896
     4471     0.00000     0.6907E+01     2.000     7   7.2914
     4472     0.00000     0.6368E+01     2.000     7   7.2912
     4473     0.00000     0.3698E+01     2.000     4   7.2928
     4474     0.00000     0.6030E+01     2.000     7   7.2933
     4475     0.00000     0.6133E+01     2.000     7   7.2930
     4476     0.00000     0.3830E+01     1.000     6   7.2935
     4477     0.00000     0.8082E+01     2.000     7   7.2935
     4479     0.00000     0.3910E+01     2.000     7   7.2947
     4480     0.00000     0.3800E+01     2.000     7   7.2950
     4481     0.00000     0.4958E+01     2.000     7   7.2955
     4482     0.00000     0.5829E+01     2.000     7   7.3000
     4484     0.00000     0.4182E+01     2.000     6   7.3022
     4485     0.00000     0.2756E+01     2.000     7   7.3025
     4486     0.00000     0.3713E+01     2.000     7   7.3025
     4487     0.00000     0.5931E+01     2.000     7   7.3025
     4489     0.00000     0.1343E+02     2.000     7   7.3036
     4490     0.00000     0.5503E+01     2.000     7   7.3040
     4492     0.00000     0.3085E+01     2.000     4   7.3058
     4493     0.00000     0.4905E+01     2.000     7   7.3076
     4494     0.00000     0.4921E+01     2.000     7   7.3071
     4495     0.00000     0.1342E+02     2.000     7   7.3089
     4496     0.00000     0.3922E+01     2.000     7   7.3091
     4497     0.00000     0.4221E+01     2.000     5   7.3100
     4498     0.00000     0.4070E+01     2.000     7   7.3104
     4499     0.00000     0.5045E+01     2.000     7   7.3104
     4500     0.00000     0.2736E+01     2.000     7   7.3109
     4502     0.00000     0.3544E+01     2.000     4   7.3111
     4503     0.00000     0.3985E+01     2.000     5   7.3114
     4504     0.00000     0.4611E+01     2.000     7   7.3120
     4505     0.00000     0.3566E+01     2.000     7   7.3120
     4506     0.00000     0.5854E+01     2.000     7   7.3139
     4507     0.00000     0.6613E+01     2.000     7   7.3146
     4508     0.00000     0.3027E+01     2.000     6   7.3156
     4509     0.00000     0.3375E+01     2.000     6   7.3164
     4510     0.00000     0.4838E+01     2.000     7   7.3164
     4511     0.00000     0.2957E+01     2.000     6   7.3189
     4512     0.00000     0.4878E+01     2.000     5   7.3195
     4513     0.00000     0.3887E+01     2.000     6   7.3196
     4514     0.00000     0.4248E+01     2.000     7   7.3198
     4515     0.00000     0.3300E+01     2.000     6   7.3203
     4516     0.00000     0.1594E+02     2.000     7   7.3204
     4517     0.00000     0.5827E+01     2.000     7   7.3211
     4518     0.00000     0.7473E+01     2.000     7   7.3217
     4519     0.00000     0.4119E+01     2.000     7   7.3216
     4520     0.00000     0.7390E+01     2.000     7   7.3218
     4521     0.00000     0.1594E+02     2.000     7   7.3230
     4522     0.00000     0.5385E+01     2.000     7   7.3246
     4523     0.00000     0.5978E+01     2.000     7   7.3253
     4524     0.00000     0.5245E+01     2.000     7   7.3292
     4525     0.00000     0.4238E+01     2.000     5   7.3298
     4526     0.00000     0.6105E+01     2.000     7   7.3300
     4527     0.00000     0.3303E+01     2.000     5   7.3305
     4528     0.00000     0.3539E+01     2.000     5   7.3306
     4529     0.00000     0.5826E+01     2.000     7   7.3307
     4530     0.00000     0.8617E+01     2.000     7   7.3308
     4531     0.00000     0.5427E+01     2.000     7   7.3335
     4532     0.00000     0.8413E+01     2.000     7   7.3342
     4533     0.00000     0.4923E+01     2.000     7   7.3341
     4534     0.00000     0.2889E+01     2.000     6   7.3344
     4535     0.00000     0.5384E+01     2.000     7   7.3352
     4536     0.00000     0.8908E+01     2.000     7   7.3361
     4537     0.00000     0.4164E+01     2.000     6   7.3381
     4538     0.00000     0.4405E+01     2.000     5   7.3393
     4539     0.00000     0.4129E+01     2.000     6   7.3400
     4540     0.00000     0.8843E+01     2.000     7   7.3403
     4541     0.00000     0.5419E+01     2.000     7   7.3426
     4542     0.00000     0.3251E+01     2.000     4   7.3434
     4543     0.00000     0.4037E+01     2.000     5   7.3438
     4544     0.00000     0.4290E+01     2.000     5   7.3442
     4545     0.00000     0.7341E+01     2.000     7   7.3441
     4547     0.00000     0.4652E+01     2.000     7   7.3454
     4548     0.00000     0.3051E+01     2.000     6   7.3459
     4549     0.00000     0.4347E+01     2.000     7   7.3458
     4550     0.00000     0.9568E+01     2.000     7   7.3464
     4551     0.00000     0.4666E+01     2.000     7   7.3460
     4552     0.00000     0.5619E+01     2.000     7   7.3463
     4553     0.00000     0.9862E+01     2.000     7   7.3469
     4554     0.00000     0.4869E+01     2.000     7   7.3480
     4555     0.00000     0.3000E+01     2.000     6   7.3482
     4557     0.00000     0.4241E+01     2.000     7   7.3519
     4558     0.00000     0.2834E+01     2.000     7   7.3526
     4560     0.00000     0.4583E+01     2.000     7   7.3540
     4561     0.00000     0.4129E+01     2.000     5   7.3549
     4562     0.00000     0.2887E+01     2.000     7   7.3547
     4563     0.00000     0.6047E+01     2.000     7   7.3550
     4564     0.00000     0.7216E+01     2.000     7   7.3549
     4565     0.00000     0.4754E+01     2.000     5   7.3554
     4566     0.00000     0.3710E+01     2.000     5   7.3556
     4567     0.00000     0.6388E+01     2.000     6   7.3556
     4568     0.00000     0.4513E+01     2.000     7   7.3558
     4569     0.00000     0.5357E+01     2.000     7   7.3572
     4570     0.00000     0.1053E+02     2.000     7   7.3600
     4571     0.00000     0.1061E+02     2.000     7   7.3624
     4572     0.00000     0.5906E+01     2.000     7   7.3631
     4573     0.00000     0.2704E+01     2.000     4   7.3645
     4574     0.00000     0.4561E+01     2.000     7   7.3651
     4575     0.00000     0.5815E+01     2.000     7   7.3678
     4576     0.00000     0.1134E+02     2.000     7   7.3693
     4577     0.00000     0.2881E+01     2.000     6   7.3715
     4579     0.00000     0.9996E+01     2.000     7   7.3719
     4580     0.00000     0.1139E+02     2.000     7   7.3719
     4582     0.00000     0.2903E+01     2.000     6   7.3748
     4583     0.00000     0.1025E+02     2.000     7   7.3760
     4584     0.00000     0.6845E+01     2.000     7   7.3766
     4585     0.00000     0.7788E+01     2.000     7   7.3774
     4586     0.00000     0.6715E+01     2.000     7   7.3781
     4587     0.00000     0.4746E+01     2.000     7   7.3785
     4589     0.00000     0.4753E+01     2.000     7   7.3793
     4590     0.00000     0.7648E+01     2.000     7   7.3795
     4591     0.00000     0.3787E+01     2.000     7   7.3799
     4592     0.00000     0.3145E+01     2.000     7   7.3802
     4593     0.00000     0.3926E+01     2.000     7   7.3806
     4594     0.00000     0.7208E+01     2.000     7   7.3824
     4595     0.00000     0.7033E+01     2.000     7   7.3824
     4596     0.00000     0.1550E+02     2.000     7   7.3851
     4597     0.00000     0.2762E+01     2.000     7   7.3854
     4598     0.00000     0.1574E+02     2.000     7   7.3863
     4599     0.00000     0.7085E+01     2.000     7   7.3872
     4600     0.00000     0.6934E+01     2.000     7   7.3872
     4601     0.00000     0.7674E+01     2.000     5   7.3896
     4602     0.00000     0.4221E+01     2.000     5   7.3906
     4603     0.00000     0.3258E+01     2.000     5   7.3918
     4604     0.00000     0.4147E+01     2.000     7   7.3914
     4605     0.00000     0.4120E+01     2.000     7   7.3922
     4606     0.00000     0.5245E+01     2.000     7   7.3925
     4607     0.00000     0.4048E+01     2.000     7   7.3926
     4608     0.00000     0.4477E+01     2.000     5   7.3933
     4609     0.00000     0.5320E+01     2.000     7   7.3932
     4610     0.00000     0.6249E+01     2.000     7   7.3949
     4611     0.00000     0.5027E+01     2.000     7   7.3949
     4612     0.00000     0.2860E+01     2.000     6   7.3954
     4613     0.00000     0.4082E+01     2.000     7   7.3958
     4614     0.00000     0.1391E+02     2.000     7   7.3960
     4615     0.00000     0.3748E+01     2.000     7   7.3978
     4616     0.00000     0.5546E+01     2.000     7   7.3978
     4617     0.00000     0.6173E+01     2.000     7   7.3975
     4618     0.00000     0.4951E+01     2.000     7   7.3975
     4619     0.00000     0.3798E+01     2.000     5   7.3980
     4620     0.00000     0.3373E+01     2.000     5   7.3997
     4621     0.00000     0.5455E+01     2.000     7   7.4007
     4622     0.00000     0.1382E+02     2.000     7   7.4013
     4623     0.00000     0.4273E+01     2.000     6   7.4018
     4624     0.00000     0.4070E+01     2.000     7   7.4019
     4625     0.00000     0.4135E+01     2.000     7   7.4032
     4626     0.00000     0.4578E+01     2.000     7   7.4033
     4628     0.00000     0.4646E+01     2.000     7   7.4040
     4629     0.00000     0.3779E+01     2.000     7   7.4041
     4630     0.00000     0.4378E+01     2.000     7   7.4062
     4631     0.00000     0.4460E+01     2.000     7   7.4062
     4632     0.00000     0.3243E+01     2.000     7   7.4116
     4633     0.00000     0.5983E+01     2.000     6   7.4117
     4635     0.00000     0.4294E+01     2.000     7   7.4138
     4636     0.00000     0.4367E+01     2.000     7   7.4138
     4637     0.00000     0.5926E+01     2.000     7   7.4151
     4638     0.00000     0.7557E+01     2.000     7   7.4151
     4639     0.00000     0.5440E+01     2.000     7   7.4156
     4640     0.00000     0.5245E+01     2.000     7   7.4156
     4641     0.00000     0.3639E+01     2.000     7   7.4158
     4642     0.00000     0.5913E+01     2.000     7   7.4166
     4643     0.00000     0.7508E+01     2.000     7   7.4166
     4644     0.00000     0.3497E+01     2.000     6   7.4169
     4645     0.00000     0.3043E+01     2.000     6   7.4169
     4646     0.00000     0.5479E+01     2.000     6   7.4178
     4647     0.00000     0.7429E+01     2.000     5   7.4185
     4648     0.00000     0.3810E+01     2.000     7   7.4199
     4649     0.00000     0.4422E+01     2.000     7   7.4211
     4650     0.00000     0.3710E+01     2.000     7   7.4238
     4651     0.00000     0.3415E+01     2.000     7   7.4245
     4652     0.00000     0.3370E+01     2.000     7   7.4246
     4653     0.00000     0.3592E+01     2.000     6   7.4257
     4654     0.00000     0.4305E+01     2.000     7   7.4267
     4655     0.00000     0.3690E+01     2.000     7   7.4270
     4656     0.00000     0.5397E+01     2.000     7   7.4271
     4657     0.00000     0.5205E+01     2.000     7   7.4271
     4658     0.00000     0.6359E+01     2.000     7   7.4273
     4659     0.00000     0.3867E+01     2.000     7   7.4301
     4660     0.00000     0.6310E+01     2.000     7   7.4314
     4661     0.00000     0.3316E+01     2.000     5   7.4339
     4662     0.00000     0.5041E+01     2.000     5   7.4353
     4663     0.00000     0.1072E+02     2.000     7   7.4392
     4664     0.00000     0.4195E+01     2.000     7   7.4404
     4665     0.00000     0.4200E+01     2.000     7   7.4417
     4666     0.00000     0.3868E+01     2.000     7   7.4415
     4667     0.00000     0.1082E+02     2.000     7   7.4425
     4668     0.00000     0.3348E+01     2.000     5   7.4456
     4669     0.00000     0.3103E+01     2.000     6   7.4492
     4670     0.00000     0.3036E+01     2.000     6   7.4499
     4671     0.00000     0.6090E+01     2.000     7   7.4500
     4672     0.00000     0.4866E+01     2.000     6   7.4506
     4673     0.00000     0.4601E+01     2.000     6   7.4518
     4674     0.00000     0.3937E+01     2.000     7   7.4553
     4675     0.00000     0.9857E+01     2.000     7   7.4561
     4676     0.00000     0.9692E+01     2.000     7   7.4568
     4678     0.00000     0.5880E+01     2.000     7   7.4579
     4680     0.00000     0.3215E+01     2.000     6   7.4626
     4681     0.00000     0.4439E+01     2.000     7   7.4623
     4683     0.00000     0.3214E+01     2.000     7   7.4668
     4684     0.00000     0.3378E+01     2.000     7   7.4668
     4685     0.00000     0.5816E+01     2.000     7   7.4668
     4686     0.00000     0.4337E+01     2.000     7   7.4674
     4687     0.00000     0.3041E+01     2.000     7   7.4690
     4688     0.00000     0.4519E+01     2.000     6   7.4701
     4689     0.00000     0.7647E+01     2.000     7   7.4700
     4690     0.00000     0.3144E+01     2.000     7   7.4705
     4691     0.00000     0.3310E+01     2.000     7   7.4705
     4692     0.00000     0.4531E+01     2.000     7   7.4708
     4693     0.00000     0.5317E+01     2.000     7   7.4708
     4694     0.00000     0.8105E+01     2.000     7   7.4720
     4695     0.00000     0.5046E+01     2.000     6   7.4729
     4696     0.00000     0.8212E+01     2.000     7   7.4729
     4697     0.00000     0.3482E+01     2.000     7   7.4731
     4698     0.00000     0.6974E+01     2.000     6   7.4759
     4699     0.00000     0.7016E+01     2.000     6   7.4761
     4700     0.00000     0.6973E+01     2.000     6   7.4761
     4701     0.00000     0.6937E+01     2.000     6   7.4785
     4702     0.00000     0.4636E+01     2.000     7   7.4785
     4703     0.00000     0.3176E+01     2.000     7   7.4809
     4704     0.00000     0.4535E+01     2.000     7   7.4814
     4705     0.00000     0.5684E+01     2.000     7   7.4822
     4706     0.00000     0.5645E+01     2.000     7   7.4822
     4708     0.00000     0.1300E+02     2.000     7   7.4879
     4709     0.00000     0.5148E+01     2.000     7   7.4892
     4710     0.00000     0.1300E+02     2.000     7   7.4898
     4711     0.00000     0.1119E+02     2.000     7   7.4902
     4712     0.00000     0.5624E+01     2.000     7   7.4903
     4713     0.00000     0.5595E+01     2.000     7   7.4903
     4714     0.00000     0.4036E+01     2.000     6   7.4913
     4715     0.00000     0.4431E+01     2.000     7   7.4921
     4716     0.00000     0.4451E+01     2.000     7   7.4947
     4717     0.00000     0.3292E+01     2.000     6   7.4949
     4718     0.00000     0.5197E+01     2.000     7   7.4966
     4719     0.00000     0.6540E+01     2.000     7   7.4965
     4720     0.00000     0.1113E+02     2.000     7   7.4996
     4721     0.00000     0.6491E+01     2.000     7   7.5008
     4722     0.00000     0.3342E+01     2.000     7   7.5042
     4723     0.00000     0.2955E+01     2.000     7   7.5043
     4724     0.00000     0.2913E+01     2.000     7   7.5047
     4725     0.00000     0.5138E+01     2.000     7   7.5057
     4726     0.00000     0.5052E+01     2.000     6   7.5065
     4727     0.00000     0.4941E+01     2.000     6   7.5069
     4729     0.00000     0.9929E+01     2.000     7   7.5076
     4730     0.00000     0.3223E+01     2.000     7   7.5080
     4731     0.00000     0.5004E+01     2.000     6   7.5089
     4733     0.00000     0.1259E+02     2.000     7   7.5100
     4734     0.00000     0.3189E+01     2.000     5   7.5109
     4735     0.00000     0.4737E+01     2.000     7   7.5105
     4736     0.00000     0.4875E+01     2.000     7   7.5113
     4737     0.00000     0.4652E+01     2.000     7   7.5128
     4738     0.00000     0.1250E+02     2.000     7   7.5137
     4739     0.00000     0.5428E+01     2.000     6   7.5184
     4740     0.00000     0.1556E+02     2.000     7   7.5203
     4741     0.00000     0.9041E+01     2.000     7   7.5202
     4742     0.00000     0.9010E+01     2.000     7   7.5207
     4743     0.00000     0.2905E+01     2.000     6   7.5229
     4744     0.00000     0.3443E+01     2.000     6   7.5232
     4745     0.00000     0.1547E+02     2.000     7   7.5233
     4746     0.00000     0.3588E+01     2.000     6   7.5240
     4747     0.00000     0.1416E+02     2.000     7   7.5245
     4748     0.00000     0.3712E+01     2.000     6   7.5255
     4749     0.00000     0.7030E+01     2.000     7   7.5270
     4750     0.00000     0.6614E+01     2.000     6   7.5275
     4751     0.00000     0.7346E+01     2.000     7   7.5275
     4753     0.00000     0.4037E+01     2.000     7   7.5292
     4754     0.00000     0.7587E+01     2.000     7   7.5291
     4757     0.00000     0.8893E+01     2.000     7   7.5325
     4758     0.00000     0.3111E+01     2.000     6   7.5328
     4759     0.00000     0.9032E+01     2.000     7   7.5329
     4760     0.00000     0.5655E+01     2.000     6   7.5345
     4761     0.00000     0.4036E+01     2.000     7   7.5343
     4762     0.00000     0.6017E+01     2.000     6   7.5349
     4764     0.00000     0.3821E+01     2.000     6   7.5363
     4765     0.00000     0.6947E+01     2.000     7   7.5362
     4766     0.00000     0.3882E+01     2.000     7   7.5372
     4767     0.00000     0.2967E+01     2.000     6   7.5387
     4769     0.00000     0.3633E+01     2.000     7   7.5402
     4770     0.00000     0.3712E+01     2.000     7   7.5402
     4771     0.00000     0.6917E+01     2.000     6   7.5411
     4772     0.00000     0.6936E+01     2.000     7   7.5435
     4773     0.00000     0.5837E+01     2.000     7   7.5435
     4774     0.00000     0.4389E+01     2.000     7   7.5448
     4775     0.00000     0.5102E+01     2.000     7   7.5447
     4776     0.00000     0.4063E+01     2.000     7   7.5490
     4777     0.00000     0.5353E+01     2.000     6   7.5495
     4778     0.00000     0.6945E+01     2.000     7   7.5498
     4779     0.00000     0.5876E+01     2.000     7   7.5498
     4780     0.00000     0.5114E+01     2.000     7   7.5511
     4781     0.00000     0.6761E+01     2.000     7   7.5512
     4782     0.00000     0.5092E+01     2.000     7   7.5522
     4783     0.00000     0.3452E+01     2.000     6   7.5519
     4784     0.00000     0.4075E+01     2.000     7   7.5531
     4785     0.00000     0.3503E+01     2.000     6   7.5541
     4786     0.00000     0.6578E+01     2.000     7   7.5545
     4787     0.00000     0.3914E+01     2.000     7   7.5548
     4788     0.00000     0.3628E+01     2.000     7   7.5567
     4789     0.00000     0.3699E+01     2.000     7   7.5567
     4790     0.00000     0.7864E+01     2.000     7   7.5585
     4791     0.00000     0.4583E+01     2.000     6   7.5583
     4793     0.00000     0.7760E+01     2.000     6   7.5608
     4795     0.00000     0.5439E+01     2.000     7   7.5613
     4796     0.00000     0.6366E+01     2.000     7   7.5633
     4797     0.00000     0.5492E+01     2.000     7   7.5641
     4798     0.00000     0.4208E+01     2.000     7   7.5639
     4799     0.00000     0.6231E+01     2.000     7   7.5652
     4800     0.00000     0.4240E+01     2.000     7   7.5657
     4801     0.00000     0.3952E+01     2.000     7   7.5672
     4802     0.00000     0.7219E+01     2.000     6   7.5679
     4803     0.00000     0.4554E+01     2.000     6   7.5686
     4804     0.00000     0.4364E+01     2.000     5   7.5694
     4806     0.00000     0.8419E+01     2.000     7   7.5720
     4807     0.00000     0.7963E+01     2.000     7   7.5720
     4808     0.00000     0.3944E+01     2.000     7   7.5752
     4809     0.00000     0.6465E+01     2.000     6   7.5776
     4810     0.00000     0.4680E+01     2.000     7   7.5775
     4811     0.00000     0.4899E+01     2.000     7   7.5775
     4812     0.00000     0.8396E+01     2.000     7   7.5804
     4813     0.00000     0.7933E+01     2.000     7   7.5804
     4814     0.00000     0.9090E+01     2.000     7   7.5816
     4815     0.00000     0.6507E+01     2.000     6   7.5822
     4818     0.00000     0.3183E+01     2.000     5   7.5837
     4819     0.00000     0.6318E+01     2.000     6   7.5837
     4820     0.00000     0.4896E+01     2.000     7   7.5837
     4821     0.00000     0.4675E+01     2.000     7   7.5837
     4822     0.00000     0.3353E+01     2.000     6   7.5852
     4823     0.00000     0.3666E+01     2.000     7   7.5851
     4824     0.00000     0.3638E+01     2.000     7   7.5851
     4825     0.00000     0.3946E+01     2.000     6   7.5924
     4826     0.00000     0.4165E+01     2.000     7   7.5924
     4827     0.00000     0.8077E+01     2.000     6   7.5949
     4828     0.00000     0.4854E+01     2.000     7   7.5957
     4829     0.00000     0.3732E+01     2.000     7   7.6008
     4830     0.00000     0.3708E+01     2.000     7   7.6008
     4831     0.00000     0.3690E+01     2.000     7   7.6020
     4832     0.00000     0.4677E+01     2.000     7   7.6038
     4833     0.00000     0.4824E+01     2.000     7   7.6058
     4834     0.00000     0.1407E+02     2.000     7   7.6056
     4835     0.00000     0.3241E+01     2.000     7   7.6063
     4836     0.00000     0.1394E+02     2.000     7   7.6081
     4837     0.00000     0.3563E+01     2.000     7   7.6125
     4839     0.00000     0.5654E+01     2.000     6   7.6153
     4841     0.00000     0.8607E+01     2.000     7   7.6174
     4842     0.00000     0.9339E+01     2.000     7   7.6183
     4843     0.00000     0.4427E+01     2.000     7   7.6200
     4845     0.00000     0.3870E+01     2.000     7   7.6242
     4846     0.00000     0.7417E+01     2.000     6   7.6289
     4847     0.00000     0.1005E+02     2.000     7   7.6360
     4848     0.00000     0.2688E+01     2.000     7   7.6406
     4849     0.00000     0.3611E+01     2.000     7   7.6404
     4850     0.00000     0.9921E+01     2.000     7   7.6409
     4851     0.00000     0.3612E+01     2.000     7   7.6412
     4852     0.00000     0.3747E+01     2.000     7   7.6428
     4853     0.00000     0.3807E+01     2.000     7   7.6428
     4854     0.00000     0.4231E+01     2.000     6   7.6450
     4855     0.00000     0.3824E+01     2.000     7   7.6510
     4856     0.00000     0.3884E+01     2.000     7   7.6510
     4861     0.00000     0.4046E+01     2.000     7   7.6593
     4862     0.00000     0.4334E+01     2.000     6   7.6607
     4863     0.00000     0.2501E+02     2.000     7   7.6662
     4864     0.00000     0.4128E+01     2.000     7   7.6683
     4867     0.00000     0.4034E+01     2.000     7   7.6701
     4868     0.00000     0.4635E+01     2.000     7   7.6731
     4869     0.00000     0.8322E+01     2.000     7   7.6744
     4870     0.00000     0.3852E+01     2.000     6   7.6759
     4871     0.00000     0.3547E+01     2.000     7   7.6770
     4872     0.00000     0.3579E+01     2.000     7   7.6770
     4873     0.00000     0.4648E+01     2.000     7   7.6775
     4874     0.00000     0.3730E+01     2.000     7   7.6789
     4875     0.00000     0.3764E+01     2.000     7   7.6789
     4876     0.00000     0.1173E+02     2.000     7   7.6808
     4877     0.00000     0.4278E+01     2.000     7   7.6827
     4878     0.00000     0.4326E+01     2.000     7   7.6878
     4879     0.00000     0.5641E+01     2.000     7   7.6878
     4880     0.00000     0.6290E+01     2.000     7   7.6878
     4881     0.00000     0.9078E+01     2.000     7   7.6889
     4882     0.00000     0.3702E+01     2.000     7   7.6951
     4883     0.00000     0.3920E+01     2.000     6   7.6981
     4884     0.00000     0.5561E+01     2.000     7   7.7006
     4885     0.00000     0.6199E+01     2.000     7   7.7006
     4886     0.00000     0.4296E+01     2.000     7   7.7016
     4887     0.00000     0.3331E+01     2.000     7   7.7020
     4889     0.00000     0.5875E+01     2.000     7   7.7052
     4890     0.00000     0.3446E+01     2.000     7   7.7093
     4892     0.00000     0.3246E+01     2.000     6   7.7162
     4893     0.00000     0.3596E+01     2.000     7   7.7183
     4894     0.00000     0.3725E+01     2.000     7   7.7183
     4896     0.00000     0.6035E+01     2.000     7   7.7237
     4897     0.00000     0.5896E+01     2.000     7   7.7237
     4898     0.00000     0.4506E+01     2.000     6   7.7250
     4899     0.00000     0.3348E+01     2.000     6   7.7306
     4900     0.00000     0.3723E+01     2.000     7   7.7306
     4901     0.00000     0.3852E+01     2.000     7   7.7306
     4902     0.00000     0.5982E+01     2.000     7   7.7449
     4903     0.00000     0.5933E+01     2.000     7   7.7449
     4904     0.00000     0.2678E+01     2.000     7   7.7466
     4905     0.00000     0.9152E+01     2.000     7   7.7464
     4906     0.00000     0.3922E+01     2.000     7   7.7483
     4907     0.00000     0.3913E+01     2.000     7   7.7499
     4908     0.00000     0.3278E+01     2.000     7   7.7590
     4909     0.00000     0.4887E+01     2.000     6   7.7635
     4910     0.00000     0.4906E+01     2.000     6   7.7652
     4911     0.00000     0.4984E+01     2.000     7   7.7651
     4912     0.00000     0.7743E+01     2.000     7   7.7657
     4913     0.00000     0.2728E+01     2.000     7   7.7664
     4914     0.00000     0.3244E+01     2.000     7   7.7671
     4916     0.00000     0.1171E+02     2.000     7   7.7712
     4917     0.00000     0.1121E+02     2.000     7   7.7732
     4918     0.00000     0.4428E+01     2.000     6   7.7747
     4919     0.00000     0.4296E+01     2.000     6   7.7776
     4920     0.00000     0.8909E+01     2.000     7   7.7827
     4921     0.00000     0.4415E+01     2.000     7   7.7832
     4922     0.00000     0.7292E+01     2.000     7   7.7880
     4923     0.00000     0.7618E+01     2.000     7   7.7890
     4925     0.00000     0.4215E+01     2.000     7   7.7902
     4926     0.00000     0.3886E+01     2.000     7   7.7925
     4927     0.00000     0.3799E+01     2.000     6   7.7938
     4928     0.00000     0.4046E+01     2.000     6   7.7951
     4930     0.00000     0.4202E+01     2.000     6   7.8058
     4931     0.00000     0.4042E+01     2.000     7   7.8168
     4932     0.00000     0.4066E+01     2.000     7   7.8168
     4933     0.00000     0.4034E+01     2.000     7   7.8174
     4934     0.00000     0.3689E+01     2.000     7   7.8228
     4935     0.00000     0.7450E+01     2.000     7   7.8327
     4936     0.00000     0.6380E+01     2.000     7   7.8332
     4937     0.00000     0.7683E+01     2.000     7   7.8332
     4938     0.00000     0.3192E+01     2.000     7   7.8341
     4940     0.00000     0.1020E+02     2.000     7   7.8409
     4941     0.00000     0.3985E+01     2.000     7   7.8413
     4942     0.00000     0.4009E+01     2.000     7   7.8413
     4943     0.00000     0.4143E+01     2.000     6   7.8474
     4944     0.00000     0.3227E+01     2.000     7   7.8508
     4945     0.00000     0.3230E+01     2.000     7   7.8508
     4946     0.00000     0.2829E+01     2.000     7   7.8516
     4947     0.00000     0.3543E+01     2.000     6   7.8537
     4948     0.00000     0.5307E+01     2.000     7   7.8602
     4949     0.00000     0.7211E+01     2.000     7   7.8660
     4950     0.00000     0.5433E+01     2.000     7   7.8697
     4951     0.00000     0.8509E+01     2.000     7   7.8774
     4952     0.00000     0.8565E+01     2.000     7   7.8783
     4953     0.00000     0.3177E+01     2.000     6   7.8804
     4954     0.00000     0.3013E+01     2.000     6   7.8818
     4955     0.00000     0.7766E+01     2.000     7   7.8931
     4956     0.00000     0.6440E+01     2.000     7   7.8941
     4957     0.00000     0.4305E+01     2.000     7   7.9034
     4958     0.00000     0.4320E+01     2.000     7   7.9034
     4959     0.00000     0.1232E+02     2.000     7   7.9042
     4960     0.00000     0.6939E+01     2.000     7   7.9068
     4961     0.00000     0.4914E+01     2.000     7   7.9087
     4962     0.00000     0.6257E+01     2.000     7   7.9087
     4963     0.00000     0.6195E+01     2.000     7   7.9101
     4964     0.00000     0.4535E+01     2.000     7   7.9259
     4966     0.00000     0.2856E+01     2.000     6   7.9403
     4967     0.00000     0.7041E+01     2.000     7   7.9423
     4968     0.00000     0.5649E+01     2.000     7   7.9448
     4969     0.00000     0.5775E+01     2.000     7   7.9527
     4970     0.00000     0.3617E+01     2.000     6   7.9635
     4971     0.00000     0.3520E+01     2.000     7   7.9675
     4972     0.00000     0.8294E+01     2.000     7   7.9688
     4973     0.00000     0.3113E+01     2.000     7   7.9689
     4974     0.00000     0.2917E+01     2.000     4   7.9725
     4975     0.00000     0.5199E+01     2.000     7   7.9743
     4976     0.00000     0.2989E+01     2.000     7   7.9790
     4977     0.00000     0.2715E+01     2.000     6   7.9975
     4978     0.00000     0.4283E+01     2.000     6   7.9984
     4979     0.00000     0.4462E+01     2.000     7   8.0004
     4980     0.00000     0.3309E+01     2.000     7   8.0012
     4981     0.00000     0.2877E+01     2.000     4   8.0028
     4982     0.00000     0.3629E+01     2.000     7   8.0047
     4984     0.00000     0.4228E+01     2.000     5   8.0101
     4985     0.00000     0.3630E+01     2.000     6   8.0154
     4986     0.00000     0.3374E+01     2.000     5   8.0177
     4987     0.00000     0.3015E+01     2.000     7   8.0218
     4988     0.00000     0.6175E+01     2.000     7   8.0219
     4989     0.00000     0.3136E+01     2.000     7   8.0218
     4990     0.00000     0.2795E+01     2.000     7   8.0275
     4991     0.00000     0.7162E+01     2.000     7   8.0287
     4992     0.00000     0.3197E+01     2.000     4   8.0307
     4993     0.00000     0.3325E+01     2.000     7   8.0367
     4994     0.00000     0.4132E+01     2.000     7   8.0375
     4995     0.00000     0.3547E+01     2.000     5   8.0455
     4996     0.00000     0.5234E+01     2.000     7   8.0461
     4997     0.00000     0.3341E+01     2.000     7   8.0458
     4998     0.00000     0.4577E+01     2.000     7   8.0617
     4999     0.00000     0.3255E+01     2.000     5   8.0618
     5000     0.00000     0.4258E+01     2.000     7   8.0627
     5001     0.00000     0.4193E+01     2.000     6   8.0632
     5002     0.00000     0.5907E+01     2.000     7   8.0666
     5003     0.00000     0.5667E+01     2.000     7   8.0689
     5004     0.00000     0.3949E+01     2.000     7   8.0795
     5005     0.00000     0.2814E+01     2.000     7   8.0802
     5006     0.00000     0.2917E+01     2.000     7   8.0802
     5007     0.00000     0.3796E+01     2.000     7   8.0802
     5009     0.00000     0.3807E+01     2.000     5   8.0947
     5010     0.00000     0.5371E+01     2.000     7   8.0945
     5011     0.00000     0.4843E+01     2.000     7   8.0965
     5012     0.00000     0.4688E+01     2.000     7   8.1076
     5013     0.00000     0.2828E+01     2.000     6   8.1212
     5014     0.00000     0.6326E+01     2.000     5   8.1226
     5015     0.00000     0.3953E+01     2.000     7   8.1279
     5016     0.00000     0.4205E+01     2.000     5   8.1303
     5017     0.00000     0.4847E+01     2.000     6   8.1328
     5019     0.00000     0.4248E+01     2.000     6   8.1429
     5020     0.00000     0.8670E+01     2.000     7   8.1644
     5021     0.00000     0.5305E+01     2.000     7   8.1735
     5022     0.00000     0.3949E+01     2.000     7   8.1802
     5023     0.00000     0.7682E+01     2.000     7   8.1969
     5025     0.00000     0.3026E+01     2.000     7   8.2079
     5026     0.00000     0.2871E+01     2.000     6   8.2152
     5027     0.00000     0.3140E+01     2.000     6   8.2152
     5028     0.00000     0.5153E+01     2.000     7   8.2167
     5030     0.00000     0.6303E+01     2.000     7   8.2424
     5032     0.00000     0.4360E+01     2.000     7   8.2534
     5033     0.00000     0.6636E+01     2.000     7   8.2559
     5035     0.00000     0.2836E+01     2.000     7   8.2624
     5036     0.00000     0.4536E+01     2.000     6   8.2631
     5037     0.00000     0.5630E+01     2.000     6   8.2719
     5039     0.00000     0.3100E+01     2.000     6   8.2816
     5040     0.00000     0.2942E+01     2.000     7   8.2834
     5041     0.00000     0.5107E+01     2.000     6   8.2839
     5042     0.00000     0.6238E+01     2.000     7   8.2937
     5044     0.00000     0.6235E+01     2.000     7   8.2961
     5045     0.00000     0.3860E+01     2.000     7   8.3005
     5047     0.00000     0.3394E+01     2.000     7   8.3149
     5048     0.00000     0.3396E+01     2.000     7   8.3180
     5049     0.00000     0.3173E+01     2.000     7   8.3192
     5050     0.00000     0.2871E+01     2.000     6   8.3258
     5051     0.00000     0.6566E+01     2.000     6   8.3330
     5052     0.00000     0.3004E+01     2.000     7   8.3471
     5053     0.00000     0.3665E+01     2.000     7   8.3502
     5054     0.00000     0.2995E+01     2.000     7   8.3522
     5055     0.00000     0.3670E+01     2.000     7   8.3545
     5056     0.00000     0.5238E+01     2.000     7   8.3568
     5057     0.00000     0.3142E+01     2.000     7   8.3634
     5058     0.00000     0.3858E+01     2.000     7   8.3967
     5059     0.00000     0.2807E+01     2.000     7   8.3977
     5060     0.00000     0.2824E+01     2.000     7   8.3984
     5061     0.00000     0.6004E+01     2.000     7   8.4047
     5062     0.00000     0.3588E+01     2.000     5   8.4053
     5063     0.00000     0.3624E+01     2.000     7   8.4069
     5064     0.00000     0.2789E+01     2.000     7   8.4077
     5065     0.00000     0.3104E+01     2.000     7   8.4078
     5066     0.00000     0.3861E+01     2.000     7   8.4168
     5068     0.00000     0.2704E+01     2.000     7   8.4263
     5069     0.00000     0.5037E+01     2.000     7   8.4285
     5070     0.00000     0.3733E+01     2.000     7   8.4321
     5071     0.00000     0.3365E+01     2.000     7   8.4327
     5072     0.00000     0.3154E+01     2.000     7   8.4414
     5073     0.00000     0.9218E+01     2.000     7   8.4775
     5074     0.00000     0.5536E+01     2.000     7   8.5114
     5075     0.00000     0.6289E+01     2.000     7   8.5389
     5076     0.00000     0.3376E+01     2.000     6   8.5547
     5077     0.00000     0.2674E+01     2.000     7   8.5576
     5078     0.00000     0.3260E+01     2.000     6   8.5611
     5079     0.00000     0.2714E+01     2.000     7   8.5774
     5080     0.00000     0.3254E+01     2.000     6   8.6294
     5081     0.00000     0.5603E+01     2.000     7   8.6431
     5082     0.00000     0.3670E+01     2.000     6   8.6705
     5083     0.00000     0.4510E+01     2.000     6   8.6869
     5084     0.00000     0.3019E+01     2.000     6   8.7005
     5085     0.00000     0.2907E+01     2.000     7   8.7074
     5086     0.00000     0.5044E+01     2.000     7   8.7176
     5087     0.00000     0.3788E+01     2.000     7   8.7227
     5088     0.00000     0.1138E+02     2.000     7   8.7254
     5089     0.00000     0.1104E+02     2.000     7   8.7545
     5090     0.00000     0.3881E+01     2.000     7   8.7569
     5092     0.00000     0.6099E+01     2.000     7   8.7589
     5093     0.00000     0.3502E+01     2.000     6   8.7642
     5094     0.00000     0.3337E+01     2.000     6   8.7677
     5095     0.00000     0.3393E+01     2.000     7   8.7676
     5096     0.00000     0.5014E+01     2.000     7   8.7741
     5097     0.00000     0.5002E+01     2.000     7   8.7840
     5099     0.00000     0.3874E+01     2.000     6   8.8019
     5100     0.00000     0.3555E+01     2.000     6   8.8167
     5101     0.00000     0.4715E+01     2.000     7   8.8174
     5102     0.00000     0.3395E+01     2.000     6   8.8213
     5103     0.00000     0.4989E+01     2.000     7   8.8255
     5104     0.00000     0.3658E+01     2.000     6   8.8267
     5105     0.00000     0.4624E+01     2.000     7   8.8320
     5106     0.00000     0.3047E+01     2.000     7   8.8334
     5107     0.00000     0.6090E+01     2.000     7   8.8350
     5108     0.00000     0.4950E+01     2.000     7   8.8425
     5109     0.00000     0.4411E+01     2.000     7   8.8448
     5110     0.00000     0.4117E+01     2.000     7   8.8453
     5111     0.00000     0.5409E+01     2.000     7   8.8467
     5112     0.00000     0.5186E+01     2.000     7   8.8597
     5113     0.00000     0.4818E+01     2.000     7   8.8705
     5114     0.00000     0.5610E+01     2.000     7   8.8709
     5115     0.00000     0.4413E+01     2.000     7   8.9002
     5116     0.00000     0.9572E+01     2.000     7   8.9052
     5117     0.00000     0.4476E+01     2.000     7   8.9065
     5118     0.00000     0.4234E+01     2.000     7   8.9135
     5119     0.00000     0.3626E+01     2.000     7   8.9152
     5120     0.00000     0.4287E+01     2.000     7   8.9176
     5121     0.00000     0.7097E+01     2.000     7   8.9509
