# # Once                                                         FEFF 10.0.0 
# # POT  SCF 100  9.0000   0, core-hole, FOLP (folp(0)= 1.150)
# # Abs   Z=30 Rmt= 1.341 Rnm= 1.472 K  shell
# #   RGRID 0.0100
# # Pot 1 Z= 6 Rmt= 0.804 Rnm= 1.026
# # Pot 2 Z= 6 Rmt= 0.721 Rnm= 0.977
# # Pot 3 Z= 6 Rmt= 0.740 Rnm= 0.950
# # Pot 4 Z= 6 Rmt= 0.725 Rnm= 0.941
# # Pot 5 Z= 6 Rmt= 0.793 Rnm= 1.000
# # Pot 6 Z= 6 Rmt= 0.871 Rnm= 1.064
# # Pot 7 Z= 6 Rmt= 0.864 Rnm= 1.037
# # Pot 8 Z= 6 Rmt= 0.769 Rnm= 0.994
# # Pot 9 Z= 6 Rmt= 0.730 Rnm= 0.982
# # Pot10 Z= 6 Rmt= 0.919 Rnm= 1.118
# # Pot11 Z= 6 Rmt= 0.874 Rnm= 1.071
# # Pot12 Z= 6 Rmt= 0.850 Rnm= 1.053
# # Pot13 Z= 6 Rmt= 0.935 Rnm= 1.167
# # Pot14 Z= 6 Rmt= 0.746 Rnm= 0.950
# # Pot15 Z= 6 Rmt= 0.750 Rnm= 1.012
# # Pot16 Z= 1 Rmt= 0.551 Rnm= 0.936
# # Pot17 Z= 1 Rmt= 0.496 Rnm= 0.869
# # Pot18 Z= 1 Rmt= 0.482 Rnm= 0.859
# # Pot19 Z= 7 Rmt= 0.889 Rnm= 1.092
# # Pot20 Z= 7 Rmt= 0.886 Rnm= 1.088
# # Pot21 Z= 7 Rmt= 0.763 Rnm= 1.003
# # Pot22 Z= 7 Rmt= 0.783 Rnm= 0.985
# # Pot23 Z= 7 Rmt= 0.799 Rnm= 0.984
# # Pot24 Z= 7 Rmt= 0.783 Rnm= 0.961
# # Pot25 Z= 8 Rmt= 0.776 Rnm= 1.002
# # Pot26 Z=16 Rmt= 1.232 Rnm= 1.450
# # Gam_ch=1.897E+00 H-L exch Vi= 0.000E+00 Vr= 0.000E+00
# # Mu=-7.820E+00eV kf=2.314E+00 Vint=-1.598E+01eV Rs_int= 1.567
# # PATH  Rmax= 9.000,  Keep_limit= 0.00, Heap_limit 0.00  Pwcrit= 2.50%
#  S02=1.000  Temp=  10.00  Debye_temp= 315.00  Global_sig2= 0.00000
#  Energy zero shift, vr, vi    0.00000E+00   0.00000E+00
#  Curved wave amplitude ratio filter   4.000%
#     file         sig2 tot  cw amp ratio   deg  nlegs   reff  inp sig2
#           1       0.00267    100.00      1.00     2   2.0382
#           2       0.00286     97.25      1.00     2   2.0608
#           3       0.00243     81.50      1.00     2   2.2690
#           4       0.00241     80.25      1.00     2   2.2823
#           5       0.02029      8.46      1.00     2   2.9880
#           6       0.00394     37.08      1.00     2   2.9963
#           7       0.00365     36.94      1.00     2   3.0006
#           8       0.00359     34.40      1.00     2   3.0731
#           9       0.00383     33.63      1.00     2   3.1000
#          10       0.00305     58.52      2.00     3   3.1779
#          11       0.00322     54.70      2.00     3   3.1874
#          12       0.01780      7.14      1.00     2   3.1897
#          13       0.00487     31.20      1.00     2   3.2129
#          14       0.01733      6.96      1.00     2   3.2214
#          15       0.01801      6.95      1.00     2   3.2249
#          16       0.00308     57.48      2.00     3   3.2426
#          17       0.01726      6.82      1.00     2   3.2466
#          18       0.00327     56.85      2.00     3   3.2670
#          19       0.01812      6.67      1.00     2   3.2758
#          20       0.01802      6.49      1.00     2   3.3091
#          21       0.00357     31.54      1.00     4   3.3553
#          22       0.00377     27.17      1.00     4   3.3784
#          23       0.00437     26.89      1.00     2   3.4014
#          24       0.00365     32.68      1.00     4   3.4121
#          25       0.00372     32.99      1.00     4   3.4339
#          26       0.00414      9.63      2.00     3   3.5610
#          27       0.00955      5.57      2.00     3   3.6334
#          28       0.00344     30.91      2.00     3   3.6460
#          29       0.01019      8.87      2.00     3   3.6483
#          30       0.00926      5.57      2.00     3   3.6503
#          31       0.01196      5.00      2.00     3   3.6873
#          32       0.00919      5.33      2.00     3   3.6885
#          33       0.01251      5.15      2.00     3   3.6940
#          34       0.01184      5.12      2.00     3   3.6944
#          35       0.00949      5.15      2.00     3   3.7273
#          36       0.01252      5.06      2.00     3   3.7333
#          37       0.00338     30.43      2.00     3   3.7436
#          38       0.00333      5.65      2.00     3   3.8087
#          39       0.01067     18.97      1.00     2   3.8124
#          40       0.00837     10.14      2.00     4   3.8244
#          41       0.00824     10.96      2.00     4   3.8277
#          42       0.00578     19.26      1.00     2   3.8400
#          43       0.00821      9.26      2.00     4   3.8581
#          44       0.00353      5.82      2.00     3   3.8652
#          45       0.00844      9.36      2.00     4   3.8943
#          46       0.00357      5.87      2.00     3   3.9010
#          47       0.01924      4.19      1.00     2   3.9028
#          48       0.00923      5.74      2.00     3   3.9028
#          49       0.01647      4.09      1.00     2   3.9387
#          50       0.00353      7.52      2.00     3   3.9731
#          52       0.00535     10.39      1.00     4   4.0764
#          53       0.00386      8.81      1.00     4   4.0792
#          56       0.00391      7.64      1.00     4   4.0859
#          57       0.00572      9.82      1.00     4   4.1217
#          59       0.00342     15.60      1.00     2   4.1489
#          60       0.00316     15.54      1.00     2   4.1548
#          61       0.00422     15.69      1.00     2   4.1579
#          62       0.01054     10.37      2.00     3   4.1618
#          64       0.00301     41.99      2.00     3   4.1884
#          65       0.00321     39.95      2.00     3   4.1934
#          66       0.00708     14.78      1.00     2   4.2176
#          67       0.01017      6.12      2.00     3   4.2172
#          68       0.00305     14.83      1.00     2   4.2183
#          69       0.00310     30.94      1.00     4   4.2219
#          70       0.00327     14.73      1.00     2   4.2285
#          72       0.00334     28.68      1.00     4   4.2379
#          73       0.00361     37.09      2.00     3   4.2425
#          75       0.00296     40.97      2.00     3   4.2464
#          76       0.00333     37.22      2.00     3   4.2471
#          77       0.00793      4.25      2.00     5   4.2565
#          78       0.00315     39.72      2.00     3   4.2613
#          80       0.00303     30.36      1.00     4   4.2744
#          81       0.00304     51.80      2.00     4   4.2807
#          82       0.00389     17.59      2.00     4   4.2836
#          83       0.00890     12.45      2.00     3   4.2863
#          84       0.00326     49.56      2.00     4   4.2871
#          85       0.00376     19.07      2.00     4   4.2914
#          86       0.00652     14.13      1.00     2   4.2942
#          87       0.00318     29.02      1.00     4   4.2941
#          88       0.00405     17.11      2.00     4   4.2948
#          89       0.00834      6.30      2.00     5   4.3006
#          90       0.00980      7.67      1.00     4   4.3060
#          91       0.00491     22.55      1.00     4   4.3139
#          92       0.00492     23.10      1.00     4   4.3176
#          93       0.01263      4.06      2.00     3   4.3187
#          94       0.00396     18.10      2.00     4   4.3189
#          97       0.00844      5.43      2.00     5   4.3221
#          98       0.00847      5.69      2.00     5   4.3271
#          99       0.00321     32.87      2.00     3   4.3289
#         100       0.00527      5.11      2.00     3   4.3325
#         101       0.00880     13.14      1.00     2   4.3367
#         102       0.00397     32.39      1.00     4   4.3362
#         103       0.00367     32.61      1.00     4   4.3394
#         104       0.01176      4.50      2.00     3   4.3445
#         105       0.00343     31.54      2.00     3   4.3457
#         107       0.00369     12.45      2.00     3   4.3501
#         108       0.00848      5.88      2.00     5   4.3517
#         109       0.00297     46.46      2.00     4   4.3570
#         110       0.00529      4.51      2.00     3   4.3692
#         111       0.00319     44.13      2.00     4   4.3785
#         112       0.00386     20.84      2.00     4   4.3823
#         113       0.00398     20.64      2.00     4   4.3935
#         115       0.00327     42.34      2.00     4   4.4245
#         116       0.00347     40.41      2.00     4   4.4336
#         117       0.00794     11.00      1.00     6   4.4339
#         118       0.00358     27.44      1.00     4   4.4396
#         119       0.00413     14.33      2.00     3   4.4474
#         120       0.00533     19.91      1.00     4   4.4470
#         121       0.00683     13.05      2.00     3   4.4521
#         122       0.00329     67.57      2.00     5   4.4580
#         123       0.00803      9.51      1.00     6   4.4592
#         124       0.00454     47.62      2.00     5   4.4609
#         125       0.00391     26.00      1.00     4   4.4630
#         126       0.00538     19.54      1.00     4   4.4731
#         127       0.00352     63.14      2.00     5   4.4781
#         128       0.00471     44.84      2.00     5   4.4858
#         129       0.00880      6.74      2.00     4   4.4887
#         130       0.00802      8.50      1.00     6   4.4912
#         131       0.00527     67.94      2.00     5   4.4950
#         133       0.00321     38.56      2.00     4   4.4985
#         134       0.00534     63.81      2.00     5   4.5049
#         136       0.00337     37.24      2.00     4   4.5126
#         137       0.00811      8.57      1.00     6   4.5127
#         138       0.00447     69.56      2.00     5   4.5168
#         139       0.00323     61.91      2.00     5   4.5265
#         140       0.00477     67.05      2.00     5   4.5273
#         142       0.00486      4.86      1.00     4   4.5380
#         143       0.00336     59.47      2.00     5   4.5454
#         144       0.00374      5.59      2.00     4   4.5513
#         145       0.00427     36.60      2.00     5   4.5519
#         146       0.00909      4.51      2.00     4   4.5595
#         147       0.00425     36.80      2.00     5   4.5597
#         148       0.00431     36.13      2.00     5   4.5605
#         149       0.00482      4.71      1.00     4   4.5647
#         151       0.00532      8.81      2.00     3   4.5829
#         152       0.00441     35.08      2.00     5   4.5846
#         153       0.00388     11.88      1.00     2   4.5945
#         154       0.00912      6.17      2.00     4   4.5950
#         155       0.00369     11.79      2.00     3   4.5970
#         157       0.00429     58.43      2.00     5   4.6091
#         158       0.00570     58.19      2.00     5   4.6166
#         159       0.00474     55.65      2.00     5   4.6299
#         160       0.00866      4.09      2.00     3   4.6310
#         161       0.00576     57.65      2.00     5   4.6401
#         162       0.00467     11.26      1.00     2   4.6514
#         163       0.00786     51.74      1.00     6   4.6723
#         166       0.00445     44.35      1.00     6   4.6941
#         167       0.00823     46.31      1.00     6   4.6960
#         168       0.00315      6.16      2.00     3   4.7021
#         169       0.00312      7.31      2.00     3   4.7086
#         170       0.00332      5.99      2.00     3   4.7105
#         171       0.00329      7.34      2.00     3   4.7151
#         172       0.00474     41.79      1.00     6   4.7183
#         173       0.00508      8.90      2.00     3   4.7229
#         174       0.00629     82.24      2.00     6   4.7292
#         175       0.00344     11.59      2.00     4   4.7356
#         176       0.00342     13.51      2.00     4   4.7367
#         177       0.00494      6.38      1.00     4   4.7368
#         178       0.01020     10.05      2.00     5   4.7392
#         180       0.00359     13.26      2.00     4   4.7479
#         181       0.00674     78.32      2.00     6   4.7515
#         182       0.00366     10.87      2.00     4   4.7550
#         183       0.00392     19.29      2.00     3   4.7587
#         186       0.00428     37.18      1.00     6   4.7786
#         187       0.00361     19.66      2.00     3   4.7863
#         188       0.00810     45.07      1.00     6   4.7861
#         189       0.00283      8.23      2.00     4   4.7944
#         190       0.00534     10.51      1.00     2   4.7957
#         191       0.00454     35.52      1.00     6   4.7968
#         193       0.01181     10.31      1.00     2   4.8009
#         194       0.00300      8.00      2.00     4   4.8041
#         195       0.00828     45.20      1.00     6   4.8070
#         196       0.01521      5.89      2.00     4   4.8139
#         197       0.00275      8.81      2.00     4   4.8192
#         198       0.00290      8.57      2.00     4   4.8324
#         199       0.01499      5.88      2.00     4   4.8341
#         200       0.00938      4.26      2.00     5   4.8379
#         201       0.00778      7.73      2.00     4   4.8411
#         202       0.00759     10.17      1.00     2   4.8468
#         203       0.00730      7.71      2.00     4   4.8507
#         205       0.00368     15.25      2.00     4   4.8716
#         206       0.01113      4.16      2.00     4   4.8741
#         207       0.00385     14.88      2.00     4   4.8774
#         210       0.00950      7.18      2.00     4   4.8796
#         211       0.00348      7.47      2.00     4   4.8806
#         213       0.00354     16.71      2.00     4   4.8860
#         214       0.00402      6.68      2.00     4   4.8864
#         215       0.01137      7.92      2.00     3   4.8951
#         216       0.00922      6.93      2.00     4   4.8969
#         217       0.01588      5.39      2.00     4   4.8984
#         218       0.00319     16.22      2.00     4   4.9005
#         219       0.00379     28.33      2.00     5   4.9051
#         220       0.01304      4.40      2.00     6   4.9052
#         221       0.00372     15.84      2.00     4   4.9062
#         222       0.01301      4.79      2.00     6   4.9063
#         223       0.00909     10.65      2.00     5   4.9068
#         224       0.00337     15.64      2.00     4   4.9081
#         226       0.00364     30.07      2.00     5   4.9140
#         228       0.01067      4.01      2.00     4   4.9173
#         229       0.01056      4.01      2.00     4   4.9204
#         230       0.00400     27.14      2.00     5   4.9219
#         231       0.00899      4.12      2.00     5   4.9219
#         232       0.00442     13.18      1.00     4   4.9230
#         233       0.00890      9.26      2.00     5   4.9242
#         234       0.00872      9.27      2.00     5   4.9304
#         235       0.00944     10.80      2.00     5   4.9319
#         236       0.00933     10.95      2.00     5   4.9333
#         237       0.00332     31.05      2.00     5   4.9340
#         241       0.00378     28.13      2.00     5   4.9390
#         242       0.01600      5.22      2.00     4   4.9394
#         244       0.00902      7.63      2.00     4   4.9444
#         245       0.00931     10.04      2.00     5   4.9462
#         246       0.00733      6.94      2.00     4   4.9468
#         247       0.00359     19.01      2.00     4   4.9506
#         248       0.00907     11.58      2.00     5   4.9510
#         249       0.00354     29.47      2.00     5   4.9526
#         250       0.00543      5.81      2.00     3   4.9624
#         251       0.00289      9.42      2.00     4   4.9647
#         252       0.00907     11.81      2.00     5   4.9674
#         253       0.00309      9.13      2.00     4   4.9690
#         254       0.00354     14.90      2.00     5   4.9717
#         255       0.00859     10.27      2.00     5   4.9724
#         256       0.00928      7.37      2.00     4   4.9730
#         257       0.00972     15.30      2.00     5   4.9733
#         258       0.01320      4.06      2.00     6   4.9730
#         259       0.00383     10.01      1.00     4   4.9781
#         260       0.00776      6.68      2.00     4   4.9794
#         261       0.00284      9.66      2.00     4   4.9831
#         262       0.00616      6.50      2.00     3   4.9850
#         263       0.00542      6.92      2.00     3   4.9866
#         264       0.00442      5.41      2.00     3   4.9891
#         265       0.00354     15.85      2.00     5   4.9888
#         266       0.00944     14.84      2.00     5   4.9892
#         267       0.00301      9.56      2.00     4   4.9926
#         268       0.00319     13.85      2.00     5   4.9928
#         269       0.00376     13.88      2.00     5   4.9952
#         270       0.00460      5.62      2.00     3   4.9990
#         271       0.00370     15.59      2.00     5   4.9993
#         272       0.00338     13.35      2.00     5   5.0018
#         274       0.00419      9.90      2.00     4   5.0050
#         275       0.01992      7.69      2.00     5   5.0049
#         276       0.00887      9.96      2.00     5   5.0058
#         277       0.01317      6.90      2.00     5   5.0110
#         278       0.01938      7.92      2.00     5   5.0114
#         279       0.01428      4.18      2.00     2   5.0151
#         280       0.00403      7.74      2.00     4   5.0149
#         281       0.00836      5.87      2.00     3   5.0157
#         282       0.00312     12.65      2.00     5   5.0166
#         284       0.00664      4.06      1.00     4   5.0231
#         285       0.00482      9.28      2.00     3   5.0256
#         286       0.00428      9.58      2.00     4   5.0275
#         287       0.00680      7.12      2.00     5   5.0281
#         288       0.00897      5.83      2.00     5   5.0306
#         289       0.00893      5.86      2.00     5   5.0321
#         290       0.00710      6.90      2.00     5   5.0322
#         292       0.00335     11.93      2.00     5   5.0371
#         293       0.00728      7.00      2.00     4   5.0388
#         294       0.00982      4.91      2.00     3   5.0493
#         295       0.00387      7.38      2.00     4   5.0510
#         296       0.01310      6.51      2.00     5   5.0509
#         297       0.01197     15.53      2.00     5   5.0550
#         298       0.00805      6.78      2.00     4   5.0571
#         299       0.01006      5.63      2.00     3   5.0589
#         300       0.01255      6.32      2.00     5   5.0604
#         301       0.01096      9.30      2.00     5   5.0625
#         302       0.01734      7.23      2.00     3   5.0647
#         303       0.01257      6.26      2.00     5   5.0683
#         304       0.01982      7.13      2.00     5   5.0679
#         305       0.00254     22.91      2.00     5   5.0754
#         306       0.00974      5.52      2.00     3   5.0801
#         307       0.01058      4.05      1.00     4   5.0800
#         309       0.00878      4.38      1.00     4   5.0839
#         310       0.00271     22.32      2.00     5   5.0862
#         311       0.01266      5.03      2.00     3   5.0869
#         312       0.01248     14.84      2.00     5   5.0902
#         313       0.00803      7.37      2.00     3   5.0964
#         314       0.01120      9.15      2.00     5   5.1004
#         315       0.00358     15.24      2.00     4   5.1010
#         317       0.00563      8.14      2.00     3   5.1065
#         318       0.01991      6.99      2.00     5   5.1064
#         319       0.00957      8.09      1.00     2   5.1096
#         320       0.00680      6.65      2.00     4   5.1113
#         321       0.01801      6.56      1.00     4   5.1145
#         323       0.00685      6.39      2.00     5   5.1163
#         324       0.00815     10.60      2.00     4   5.1175
#         325       0.00734      8.70      1.00     2   5.1187
#         326       0.00851      4.34      2.00     3   5.1186
#         327       0.00820      7.03      2.00     3   5.1217
#         329       0.00873      4.44      2.00     3   5.1291
#         331       0.00879      6.16      2.00     4   5.1397
#         332       0.00775     10.78      2.00     4   5.1409
#         333       0.00326     18.58      2.00     5   5.1421
#         334       0.01457     15.37      2.00     6   5.1420
#         335       0.00829     10.03      2.00     4   5.1437
#         336       0.01429     16.20      2.00     6   5.1447
#         337       0.00432      6.16      2.00     3   5.1454
#         338       0.00716      6.21      2.00     5   5.1463
#         339       0.00887      6.22      2.00     4   5.1512
#         341       0.00330     18.34      2.00     5   5.1526
#         342       0.00802     10.69      2.00     4   5.1552
#         343       0.00763      6.94      1.00     4   5.1550
#         344       0.00347     17.95      2.00     5   5.1595
#         345       0.00346     17.51      2.00     5   5.1600
#         346       0.00758      6.34      2.00     4   5.1609
#         347       0.00785     16.04      2.00     5   5.1620
#         348       0.01203     18.38      2.00     6   5.1643
#         349       0.00404      7.24      2.00     4   5.1664
#         350       0.01167     18.53      2.00     6   5.1665
#         351       0.00437      8.25      1.00     2   5.1677
#         352       0.00524      8.81      2.00     5   5.1700
#         353       0.00338     32.06      2.00     6   5.1701
#         354       0.00390      5.96      2.00     4   5.1703
#         356       0.00908     15.51      2.00     6   5.1751
#         357       0.00759      8.32      2.00     4   5.1772
#         358       0.00808     15.74      2.00     5   5.1772
#         359       0.00410      9.81      2.00     4   5.1775
#         361       0.00815      4.74      2.00     4   5.1823
#         362       0.00507     14.56      2.00     5   5.1823
#         363       0.00489     12.23      2.00     5   5.1818
#         364       0.00811      6.39      1.00     4   5.1853
#         365       0.00342     31.63      2.00     6   5.1861
#         366       0.00964      4.23      2.00     3   5.1875
#         367       0.00837      8.13      2.00     4   5.1900
#         368       0.00413      7.00      2.00     4   5.1901
#         369       0.00479      5.97      2.00     3   5.1920
#         370       0.00802      8.20      2.00     4   5.1928
#         371       0.00354     29.89      2.00     6   5.1928
#         372       0.00919     15.20      2.00     6   5.1975
#         375       0.00752     21.81      2.00     5   5.1995
#         378       0.00919     15.33      2.00     6   5.2016
#         379       0.00363     30.37      2.00     6   5.2040
#         380       0.00658      4.03      1.00     4   5.2050
#         381       0.00821     12.49      2.00     5   5.2111
#         382       0.00922     14.70      2.00     6   5.2119
#         383       0.00847      7.82      2.00     4   5.2140
#         384       0.00562      6.99      2.00     5   5.2161
#         385       0.00749      7.29      2.00     5   5.2161
#         386       0.00518     13.66      2.00     5   5.2185
#         387       0.00804     20.84      2.00     5   5.2188
#         389       0.00762     13.84      2.00     5   5.2217
#         390       0.01106     18.80      2.00     6   5.2246
#         391       0.00805     14.02      2.00     5   5.2263
#         392       0.01406     12.33      2.00     6   5.2320
#         393       0.00832     11.93      2.00     5   5.2360
#         394       0.00450      5.14      2.00     4   5.2423
#         395       0.00755     18.90      1.00     6   5.2440
#         396       0.00330     29.66      2.00     6   5.2449
#         397       0.00596      6.33      2.00     5   5.2482
#         398       0.00824      6.61      2.00     5   5.2482
#         399       0.00780     17.03      2.00     5   5.2486
#         400       0.00979      5.32      2.00     4   5.2499
#         402       0.00322     28.82      2.00     6   5.2527
#         403       0.00805     18.55      1.00     6   5.2523
#         404       0.00348     28.98      2.00     6   5.2532
#         407       0.01890      4.34      2.00     5   5.2550
#         408       0.00963      5.43      2.00     4   5.2574
#         409       0.01143     18.20      2.00     6   5.2572
#         410       0.01066      7.41      1.00     2   5.2589
#         412       0.00560      5.64      2.00     3   5.2644
#         414       0.00499     21.27      2.00     5   5.2653
#         415       0.01426     12.35      2.00     6   5.2674
#         417       0.00429      9.35      2.00     4   5.2700
#         418       0.00768     12.27      2.00     3   5.2713
#         419       0.00770     10.01      2.00     5   5.2709
#         420       0.01065      8.30      2.00     5   5.2711
#         421       0.00543      6.04      2.00     3   5.2732
#         422       0.00825     15.79      2.00     5   5.2776
#         423       0.00344     27.22      2.00     6   5.2773
#         424       0.01024      8.39      2.00     5   5.2794
#         425       0.00568      7.00      2.00     5   5.2808
#         426       0.00709      7.26      2.00     5   5.2808
#         428       0.00809      9.91      2.00     5   5.2850
#         430       0.00964      4.32      2.00     4   5.2900
#         432       0.00367     17.31      2.00     5   5.2928
#         433       0.00809     27.78      2.00     6   5.2931
#         434       0.00717      7.02      2.00     3   5.2940
#         435       0.00610      6.02      2.00     3   5.2960
#         436       0.00799     10.82      2.00     5   5.3086
#         437       0.01217      4.95      2.00     3   5.3103
#         438       0.00798     26.67      2.00     6   5.3111
#         439       0.00405      7.20      2.00     4   5.3149
#         441       0.00553     11.93      2.00     4   5.3199
#         444       0.00822     10.67      2.00     5   5.3210
#         448       0.00527     12.16      2.00     4   5.3281
#         449       0.00600      6.74      2.00     5   5.3278
#         450       0.00763      6.97      2.00     5   5.3278
#         451       0.00910      6.82      2.00     5   5.3285
#         452       0.00901      6.53      2.00     5   5.3308
#         453       0.00635      8.52      2.00     5   5.3324
#         455       0.01385      5.03      2.00     4   5.3362
#         458       0.00988      4.22      2.00     4   5.3400
#         459       0.00794     10.94      1.00     6   5.3423
#         460       0.00952      5.95      2.00     3   5.3464
#         461       0.00496     13.12      2.00     5   5.3471
#         462       0.00859      4.62      2.00     4   5.3492
#         464       0.00911      7.89      2.00     5   5.3510
#         466       0.00802     17.99      2.00     6   5.3531
#         468       0.00825     18.28      2.00     6   5.3545
#         474       0.00528     18.21      2.00     5   5.3616
#         476       0.00865      6.26      2.00     6   5.3622
#         477       0.00554     17.33      2.00     5   5.3645
#         481       0.00891      5.47      2.00     6   5.3700
#         482       0.00840     10.23      1.00     6   5.3699
#         483       0.00849      5.23      2.00     6   5.3705
#         485       0.00880      5.75      2.00     6   5.3755
#         486       0.00953      7.26      2.00     6   5.3759
#         489       0.00813     12.25      2.00     5   5.3811
#         490       0.00935      7.62      2.00     5   5.3823
#         492       0.00928      7.43      2.00     5   5.3850
#         493       0.00453      4.37      2.00     4   5.3861
#         494       0.00917      7.55      2.00     5   5.3864
#         495       0.00404      9.48      2.00     3   5.3880
#         496       0.00835     12.28      2.00     5   5.3913
#         497       0.00820     11.37      2.00     6   5.3935
#         498       0.00958      5.45      2.00     6   5.3946
#         499       0.00392     10.10      2.00     5   5.3963
#         500       0.00939      5.89      2.00     6   5.3962
#         501       0.00640      8.55      2.00     5   5.3971
#         502       0.00863      5.24      2.00     6   5.3977
#         503       0.00867      4.18      2.00     6   5.3982
#         504       0.00918      5.05      2.00     6   5.3996
#         507       0.00802     14.30      2.00     6   5.4022
#         508       0.00858     19.90      2.00     6   5.4022
#         510       0.00952      7.01      2.00     6   5.4036
#         511       0.00877      5.56      2.00     6   5.4033
#         512       0.00934      4.66      2.00     4   5.4045
#         513       0.00412      9.84      2.00     5   5.4065
#         514       0.00956      7.41      2.00     6   5.4063
#         517       0.00406      8.86      2.00     3   5.4100
#         518       0.00874      4.08      2.00     5   5.4135
#         519       0.00823     14.20      2.00     6   5.4133
#         520       0.00873     19.78      2.00     6   5.4133
#         521       0.00563     18.05      2.00     5   5.4136
#         522       0.00461      7.84      2.00     5   5.4141
#         524       0.01111      7.31      2.00     6   5.4169
#         525       0.01058      7.45      2.00     6   5.4181
#         526       0.00475      7.43      2.00     5   5.4206
#         527       0.00538     18.40      2.00     5   5.4204
#         528       0.00898      5.17      2.00     6   5.4218
#         529       0.00397     45.75      2.00     7   5.4222
#         531       0.01185      4.91      2.00     5   5.4244
#         532       0.00473      7.64      2.00     5   5.4263
#         533       0.00657      8.43      2.00     5   5.4263
#         535       0.00965      6.86      2.00     6   5.4295
#         536       0.00888      4.06      2.00     5   5.4304
#         538       0.00665     10.84      1.00     4   5.4330
#         541       0.00897      9.66      2.00     6   5.4393
#         542       0.00778     27.02      2.00     6   5.4397
#         543       0.01056      7.84      2.00     6   5.4403
#         544       0.01103      6.03      2.00     6   5.4403
#         545       0.00899      6.17      2.00     6   5.4415
#         546       0.00495      7.46      2.00     5   5.4441
#         547       0.00416     43.43      2.00     7   5.4442
#         548       0.01052      7.19      2.00     6   5.4486
#         549       0.01098      5.57      2.00     6   5.4486
#         550       0.00783     11.49      2.00     6   5.4504
#         551       0.00542     11.20      2.00     4   5.4508
#         554       0.00826     26.14      2.00     6   5.4549
#         556       0.00737      6.37      2.00     5   5.4563
#         557       0.01029      4.74      1.00     6   5.4568
#         559       0.00887      8.75      2.00     6   5.4569
#         560       0.00796     16.39      2.00     6   5.4619
#         561       0.00834     16.81      2.00     6   5.4624
#         562       0.01065      4.54      1.00     6   5.4621
#         563       0.00892      8.53      2.00     6   5.4621
#         564       0.00901      6.19      2.00     6   5.4632
#         565       0.00898      7.70      2.00     6   5.4668
#         566       0.00565     11.09      2.00     4   5.4674
#         568       0.00910      8.29      2.00     6   5.4709
#         570       0.00909      7.97      2.00     6   5.4759
#         571       0.00900      7.66      2.00     6   5.4782
#         572       0.00544     16.77      2.00     5   5.4788
#         573       0.01277      5.42      2.00     6   5.4801
#         576       0.00781     47.83      2.00     7   5.4842
#         578       0.00827     47.56      2.00     7   5.4884
#         579       0.00504     10.39      1.00     4   5.4888
#         580       0.00502     10.40      1.00     4   5.4937
#         581       0.00812     11.16      2.00     6   5.4948
#         584       0.00562     16.45      2.00     5   5.5002
#         585       0.00916      7.82      2.00     5   5.5017
#         587       0.00990      9.86      2.00     6   5.5031
#         589       0.00895      7.92      2.00     6   5.5050
#         590       0.00924      4.51      2.00     6   5.5050
#         591       0.00912     20.26      2.00     5   5.5054
#         592       0.00924      6.52      2.00     6   5.5072
#         593       0.01270      5.27      2.00     6   5.5083
#         595       0.00613     12.22      1.00     6   5.5097
#         596       0.01008     19.15      2.00     5   5.5110
#         598       0.01029      9.29      2.00     6   5.5144
#         601       0.01118      7.00      2.00     6   5.5187
#         602       0.00923      7.26      2.00     6   5.5235
#         603       0.01059      9.02      2.00     6   5.5241
#         605       0.00511     30.83      2.00     5   5.5272
#         606       0.00907      7.39      2.00     6   5.5282
#         608       0.01095      6.17      2.00     6   5.5315
#         609       0.01159      4.85      2.00     6   5.5315
#         610       0.00938      6.26      2.00     6   5.5329
#         611       0.00519     29.66      2.00     5   5.5333
#         612       0.00788     37.68      2.00     7   5.5333
#         614       0.00991     19.01      2.00     7   5.5366
#         615       0.00624     10.95      1.00     6   5.5377
#         616       0.00927     33.85      2.00     6   5.5389
#         617       0.00922     20.64      2.00     7   5.5395
#         618       0.00927     16.90      2.00     7   5.5400
#         619       0.00972      5.03      2.00     5   5.5406
#         620       0.01241      4.80      2.00     6   5.5412
#         621       0.01128      6.92      2.00     6   5.5417
#         622       0.00949      4.81      2.00     5   5.5444
#         623       0.00704      7.28      2.00     5   5.5472
#         624       0.01087      8.86      2.00     6   5.5477
#         625       0.00837     36.63      2.00     7   5.5472
#         626       0.00940      6.72      2.00     6   5.5486
#         628       0.01031     31.10      2.00     6   5.5555
#         629       0.01258      4.53      2.00     6   5.5580
#         630       0.01102      6.17      2.00     6   5.5579
#         631       0.01171      4.91      2.00     6   5.5579
#         632       0.01032     17.45      2.00     7   5.5589
#         633       0.00642     12.54      2.00     5   5.5601
#         634       0.00510     24.16      1.00     6   5.5607
#         635       0.00556     15.40      2.00     5   5.5614
#         636       0.00706     10.77      2.00     5   5.5623
#         637       0.00494     12.04      2.00     5   5.5634
#         638       0.00456     19.91      2.00     6   5.5637
#         640       0.00608     12.93      2.00     5   5.5642
#         641       0.00923     16.25      2.00     7   5.5646
#         642       0.00760     10.63      2.00     5   5.5665
#         643       0.00622     11.58      1.00     6   5.5666
#         644       0.00928     18.81      2.00     7   5.5666
#         645       0.00940      4.96      2.00     5   5.5687
#         646       0.01381      7.18      2.00     7   5.5736
#         647       0.00885     15.87      2.00     7   5.5736
#         648       0.00436     20.57      2.00     6   5.5753
#         649       0.00957      9.14      2.00     6   5.5776
#         650       0.00521     22.54      1.00     6   5.5778
#         651       0.00512     11.36      2.00     5   5.5788
#         653       0.00941      6.64      2.00     6   5.5800
#         654       0.00950     39.79      2.00     5   5.5824
#         655       0.00508      9.70      1.00     4   5.5848
#         656       0.00559     14.97      2.00     5   5.5847
#         657       0.00478     19.18      2.00     6   5.5855
#         658       0.01390      6.37      2.00     7   5.5857
#         659       0.00893     14.18      2.00     7   5.5857
#         660       0.00878     39.97      2.00     5   5.5860
#         662       0.00532      6.51      1.00     2   5.5905
#         663       0.00868     24.11      2.00     7   5.5907
#         664       0.00518      9.58      1.00     4   5.5914
#         665       0.00981      9.15      2.00     6   5.5914
#         666       0.00670     22.43      2.00     6   5.5915
#         667       0.00627     11.37      1.00     6   5.5932
#         668       0.00854     23.45      2.00     7   5.5933
#         669       0.01116      8.83      2.00     7   5.5954
#         670       0.00987     21.67      2.00     7   5.5954
#         671       0.01244      4.86      2.00     5   5.5960
#         672       0.00949      6.41      2.00     5   5.5963
#         673       0.00703     20.65      2.00     6   5.5958
#         674       0.00949      6.68      2.00     6   5.5978
#         675       0.00448     19.24      2.00     6   5.5974
#         676       0.00616     22.18      2.00     6   5.5977
#         677       0.00582     35.19      2.00     6   5.5977
#         678       0.00591     21.98      2.00     6   5.5977
#         679       0.00539      6.56      1.00     2   5.5987
#         680       0.00898     32.31      2.00     6   5.6006
#         681       0.00568     15.02      2.00     6   5.6006
#         683       0.00651     21.01      2.00     6   5.6046
#         684       0.00588     33.42      2.00     6   5.6046
#         685       0.00621     20.79      2.00     6   5.6046
#         686       0.00960     17.44      2.00     7   5.6056
#         687       0.00734      6.66      1.00     2   5.6058
#         688       0.00466      9.25      1.00     6   5.6076
#         689       0.01130      8.25      2.00     7   5.6080
#         690       0.01025     20.38      2.00     7   5.6080
#         691       0.00444      6.25      1.00     4   5.6083
#         692       0.00725     23.51      2.00     6   5.6084
#         694       0.00762     20.05      2.00     6   5.6110
#         695       0.00728     20.82      2.00     6   5.6116
#         696       0.00903     31.48      2.00     6   5.6124
#         697       0.00580     14.44      2.00     6   5.6124
#         698       0.00496     28.80      2.00     5   5.6129
#         700       0.01471     13.33      2.00     7   5.6176
#         701       0.01492      8.23      2.00     7   5.6176
#         702       0.00381      6.61      1.00     2   5.6186
#         704       0.00823     62.42      2.00     6   5.6195
#         705       0.00580     18.44      2.00     5   5.6203
#         706       0.00361      6.60      1.00     2   5.6228
#         707       0.00705     12.47      2.00     6   5.6224
#         708       0.00507     28.19      2.00     5   5.6242
#         709       0.00880     17.26      2.00     7   5.6242
#         711       0.00882     59.98      2.00     6   5.6270
#         712       0.00441      5.82      2.00     5   5.6289
#         713       0.00425      7.84      2.00     4   5.6303
#         714       0.00891     10.08      2.00     7   5.6305
#         715       0.00902     13.14      2.00     7   5.6309
#         716       0.00811     27.35      1.00     6   5.6315
#         717       0.00479      7.67      2.00     6   5.6324
#         718       0.00538      6.53      2.00     6   5.6324
#         719       0.00589     18.33      2.00     5   5.6343
#         720       0.00753     12.27      2.00     6   5.6347
#         721       0.00809     28.19      1.00     6   5.6347
#         722       0.00920     10.43      2.00     7   5.6343
#         723       0.00744     22.18      2.00     6   5.6365
#         725       0.00436      4.85      2.00     5   5.6382
#         726       0.00903     14.98      2.00     7   5.6383
#         727       0.00791      4.33      2.00     3   5.6391
#         728       0.00451      4.70      2.00     5   5.6392
#         729       0.00911     13.10      2.00     7   5.6392
#         730       0.00890      8.59      2.00     7   5.6388
#         731       0.00458      5.65      2.00     5   5.6398
#         732       0.01198     10.91      2.00     7   5.6394
#         733       0.01469     11.73      2.00     7   5.6396
#         734       0.01491      7.20      2.00     7   5.6396
#         735       0.00507     22.45      1.00     6   5.6409
#         736       0.00896      9.23      2.00     7   5.6412
#         738       0.00369     15.22      2.00     3   5.6431
#         739       0.01076     12.44      2.00     7   5.6442
#         740       0.00989     14.23      2.00     7   5.6442
#         741       0.00504      7.12      2.00     6   5.6467
#         742       0.00556      6.11      2.00     6   5.6467
#         743       0.00869     30.57      2.00     6   5.6484
#         744       0.00463      4.22      1.00     4   5.6524
#         745       0.00475      7.95      2.00     6   5.6524
#         746       0.00703     25.57      2.00     6   5.6538
#         748       0.00480     10.82      2.00     6   5.6546
#         749       0.00397     14.35      2.00     3   5.6557
#         750       0.00668     26.65      2.00     6   5.6565
#         751       0.00522     21.88      1.00     6   5.6570
#         754       0.00642     11.87      2.00     6   5.6579
#         755       0.00732     19.78      2.00     6   5.6575
#         756       0.00488     10.65      2.00     6   5.6602
#         757       0.00505      7.73      2.00     6   5.6604
#         758       0.01220     10.21      2.00     7   5.6620
#         759       0.00445      9.12      2.00     6   5.6624
#         760       0.00374      9.50      1.00     4   5.6633
#         761       0.00896      8.72      2.00     7   5.6634
#         762       0.00370     17.84      2.00     3   5.6641
#         764       0.00948     29.64      2.00     6   5.6653
#         765       0.00564     13.19      2.00     6   5.6653
#         766       0.00916     13.83      2.00     7   5.6653
#         767       0.00350     17.90      2.00     3   5.6661
#         768       0.00440      7.20      2.00     6   5.6662
#         769       0.00906     30.08      2.00     6   5.6672
#         770       0.00947      9.33      2.00     7   5.6669
#         771       0.00746     19.42      2.00     6   5.6679
#         773       0.01110     12.13      2.00     7   5.6693
#         774       0.01013     13.71      2.00     7   5.6693
#         775       0.00453      6.95      2.00     6   5.6720
#         776       0.00462     10.47      2.00     6   5.6740
#         777       0.01029     14.79      2.00     7   5.6745
#         778       0.01052     12.01      2.00     7   5.6745
#         779       0.00992     41.89      1.00     6   5.6761
#         780       0.00430      7.00      2.00     4   5.6774
#         781       0.00918     42.21      1.00     6   5.6783
#         782       0.00780      4.48      2.00     5   5.6791
#         783       0.00346     13.38      2.00     3   5.6796
#         784       0.00577      5.35      1.00     4   5.6819
#         785       0.00716     11.04      2.00     6   5.6818
#         786       0.00447      9.62      2.00     5   5.6827
#         787       0.00362     12.97      2.00     3   5.6836
#         789       0.00466      8.52      2.00     6   5.6843
#         790       0.01049      4.16      2.00     5   5.6858
#         791       0.00352     21.40      2.00     4   5.6864
#         792       0.00613      4.07      1.00     6   5.6870
#         793       0.01104      7.93      2.00     7   5.6882
#         794       0.00955     18.86      2.00     7   5.6882
#         795       0.00811      4.35      2.00     5   5.6909
#         798       0.00955     28.06      2.00     6   5.6920
#         799       0.00554     11.54      2.00     6   5.6920
#         800       0.00575     12.92      2.00     6   5.6920
#         801       0.00417      8.70      1.00     4   5.6928
#         802       0.01164     11.27      2.00     7   5.6936
#         803       0.00340     25.68      2.00     4   5.6941
#         804       0.00463      4.40      2.00     6   5.6945
#         805       0.00822     35.38      2.00     5   5.6954
#         806       0.01380      4.88      2.00     7   5.6956
#         807       0.01056     13.86      2.00     7   5.6952
#         808       0.01072     11.17      2.00     7   5.6952
#         809       0.00896     10.88      2.00     7   5.6956
#         810       0.00480      9.54      2.00     6   5.6961
#         811       0.00356     25.21      2.00     4   5.6969
#         812       0.00665     21.30      2.00     6   5.6994
#         813       0.00347     15.79      2.00     4   5.6999
#         814       0.00481      7.90      2.00     6   5.6998
#         815       0.00490      4.20      2.00     5   5.7007
#         816       0.01453     10.80      2.00     7   5.7011
#         817       0.01476      6.49      2.00     7   5.7011
#         818       0.00380     20.54      2.00     4   5.7012
#         820       0.00619     11.10      2.00     5   5.7029
#         823       0.00890     34.52      2.00     5   5.7086
#         824       0.01109      8.05      2.00     7   5.7087
#         825       0.00987     18.73      2.00     7   5.7087
#         826       0.00362     14.83      1.00     4   5.7094
#         827       0.00375     14.84      1.00     4   5.7095
#         828       0.00461      5.43      1.00     6   5.7095
#         829       0.00435      5.42      1.00     6   5.7112
#         830       0.00685     20.89      2.00     6   5.7111
#         832       0.00339     31.64      2.00     5   5.7144
#         833       0.01168     11.22      2.00     7   5.7146
#         835       0.00785      6.08      2.00     5   5.7166
#         836       0.00524      4.07      2.00     5   5.7190
#         837       0.00665     10.97      2.00     5   5.7188
#         838       0.01411      5.18      2.00     7   5.7189
#         839       0.00909     11.12      2.00     7   5.7189
#         840       0.00375     14.77      2.00     4   5.7207
#         841       0.00524      7.74      2.00     6   5.7211
#         842       0.00460     16.77      2.00     6   5.7212
#         843       0.00345     20.69      2.00     4   5.7229
#         844       0.00778     55.44      2.00     6   5.7235
#         847       0.01454     10.82      2.00     7   5.7248
#         848       0.01477      6.80      2.00     7   5.7248
#         850       0.00507      6.46      2.00     6   5.7287
#         851       0.00364     20.16      2.00     4   5.7291
#         853       0.00595     28.58      2.00     6   5.7309
#         854       0.00626     18.73      2.00     6   5.7309
#         855       0.00605     18.94      2.00     6   5.7309
#         856       0.00835      5.75      2.00     5   5.7325
#         857       0.00474     16.32      2.00     6   5.7334
#         858       0.00366     30.35      2.00     5   5.7340
#         859       0.00359      7.86      1.00     4   5.7365
#         860       0.00348     46.73      2.00     5   5.7375
#         862       0.01049      4.85      2.00     5   5.7388
#         864       0.01010     28.46      2.00     6   5.7415
#         865       0.00853     53.81      2.00     6   5.7414
#         866       0.00500      4.21      2.00     4   5.7420
#         867       0.00362     46.23      2.00     5   5.7423
#         869       0.00803      4.02      2.00     5   5.7474
#         870       0.00347      4.23      2.00     3   5.7482
#         871       0.00372      7.50      1.00     4   5.7487
#         872       0.00843      4.08      2.00     5   5.7490
#         873       0.00533     14.86      2.00     6   5.7488
#         874       0.01042      8.06      2.00     7   5.7495
#         875       0.00355     33.31      2.00     5   5.7510
#         876       0.01118     26.70      2.00     6   5.7512
#         877       0.00544      6.09      2.00     6   5.7518
#         878       0.00597     27.88      2.00     6   5.7516
#         879       0.00660     18.33      2.00     6   5.7516
#         880       0.00646     18.49      2.00     6   5.7516
#         881       0.00380      5.96      1.00     2   5.7534
#         884       0.00899     19.44      2.00     6   5.7563
#         885       0.00566     14.60      2.00     6   5.7564
#         888       0.00809     11.05      2.00     6   5.7611
#         889       0.00369     32.28      2.00     5   5.7619
#         890       0.00725     49.52      2.00     6   5.7634
#         893       0.01044      8.03      2.00     7   5.7648
#         894       0.00357     39.87      1.00     6   5.7655
#         895       0.00855     10.81      2.00     6   5.7660
#         896       0.00928     19.52      2.00     6   5.7666
#         897       0.00762     47.65      2.00     6   5.7735
#         898       0.00367     39.22      1.00     6   5.7751
#         899       0.01035     47.98      2.00     7   5.7750
#         900       0.01012     49.55      2.00     7   5.7750
#         901       0.00384     19.09      2.00     4   5.7767
#         902       0.00815     62.07      2.00     7   5.7780
#         903       0.00692     35.76      2.00     7   5.7780
#         904       0.00405     18.75      2.00     4   5.7813
#         908       0.00440      8.25      2.00     3   5.7908
#         913       0.01151     44.15      2.00     7   5.7957
#         914       0.01125     45.46      2.00     7   5.7957
#         916       0.00465      9.03      2.00     6   5.7962
#         917       0.00386     25.38      2.00     5   5.7970
#         918       0.00728     81.23      2.00     7   5.7969
#         919       0.00608      7.12      2.00     6   5.7984
#         920       0.00551     21.31      2.00     7   5.7998
#         923       0.00845     58.32      2.00     7   5.8034
#         924       0.00705     32.69      2.00     7   5.8034
#         927       0.00865     35.51      1.00     6   5.8061
#         928       0.00654      7.24      2.00     6   5.8067
#         929       0.00479      8.49      2.00     6   5.8069
#         931       0.00382     12.32      2.00     3   5.8088
#         932       0.01411      4.11      2.00     3   5.8088
#         934       0.00813      8.28      2.00     6   5.8102
#         935       0.00492     17.86      2.00     7   5.8097
#         936       0.00461      6.43      1.00     6   5.8113
#         937       0.01132     94.34      2.00     7   5.8120
#         938       0.00379     14.05      2.00     4   5.8126
#         939       0.00760     19.64      2.00     6   5.8135
#         942       0.00476      6.62      2.00     6   5.8155
#         944       0.00769     76.01      2.00     7   5.8180
#         945       0.00418     24.44      2.00     5   5.8184
#         946       0.00391     32.49      2.00     5   5.8200
#         947       0.00918      4.87      2.00     6   5.8201
#         948       0.00876     21.50      1.00     6   5.8210
#         949       0.01175     88.37      2.00     7   5.8225
#         951       0.00400     13.43      2.00     4   5.8227
#         952       0.00858      7.89      2.00     6   5.8248
#         953       0.00941     34.26      1.00     6   5.8259
#         954       0.00576     20.48      2.00     7   5.8257
#         955       0.00404     32.56      2.00     5   5.8268
#         956       0.00347      4.43      2.00     4   5.8270
#         957       0.00838     20.60      2.00     7   5.8274
#         959       0.01629      7.47      2.00     6   5.8300
#         960       0.00484     14.25      2.00     7   5.8297
#         962       0.00493      6.09      2.00     6   5.8302
#         963       0.00607     12.91      2.00     7   5.8319
#         964       0.00696     23.60      2.00     7   5.8319
#         965       0.01021      4.05      2.00     4   5.8327
#         966       0.00413     18.79      2.00     5   5.8329
#         967       0.00361     22.86      2.00     5   5.8336
#         969       0.00780     27.77      2.00     7   5.8338
#         970       0.01034     58.20      2.00     7   5.8338
#         972       0.00823      5.33      2.00     6   5.8349
#         973       0.00859     56.35      2.00     7   5.8349
#         974       0.00706     32.18      2.00     7   5.8349
#         975       0.00768     19.05      2.00     6   5.8360
#         976       0.00495      6.22      1.00     6   5.8363
#         978       0.00844      5.41      2.00     6   5.8373
#         979       0.00517     16.24      2.00     7   5.8378
#         981       0.00935      4.84      2.00     6   5.8397
#         982       0.00353      5.66      2.00     4   5.8432
#         983       0.00814     24.16      2.00     7   5.8436
#         984       0.00572     12.66      2.00     7   5.8436
#         987       0.00817     26.00      2.00     7   5.8448
#         988       0.01142     54.54      2.00     7   5.8448
#         989       0.00385     22.32      2.00     5   5.8463
#         990       0.00884     21.15      1.00     6   5.8462
#         991       0.00366     53.94      2.00     6   5.8481
#         994       0.01048      5.08      2.00     3   5.8507
#         996       0.00657     12.67      2.00     7   5.8512
#         997       0.00755     22.63      2.00     7   5.8512
#         998       0.00504     13.18      2.00     7   5.8514
#        1000       0.00364     22.99      2.00     5   5.8559
#        1001       0.00749    108.60      2.00     7   5.8556
#        1002       0.00617      8.23      2.00     3   5.8568
#        1004       0.00906     53.68      2.00     7   5.8589
#        1005       0.00729     31.46      2.00     7   5.8589
#        1006       0.00904      4.62      2.00     6   5.8593
#        1007       0.00382     53.82      2.00     6   5.8596
#        1008       0.00462     17.59      2.00     5   5.8598
#        1010       0.00608     11.46      2.00     7   5.8630
#        1011       0.00881     22.37      2.00     7   5.8630
#        1012       0.00449      7.37      2.00     5   5.8641
#        1013       0.00401      7.41      1.00     4   5.8643
#        1015       0.00708     43.56      2.00     6   5.8650
#        1016       0.01038      7.97      2.00     3   5.8665
#        1017       0.00786    104.40      2.00     7   5.8671
#        1018       0.00385     22.35      2.00     5   5.8681
#        1020       0.00881      5.07      2.00     6   5.8683
#        1021       0.00891      8.11      2.00     7   5.8682
#        1022       0.00985     47.39      2.00     7   5.8689
#        1023       0.00826     15.45      2.00     7   5.8689
#        1024       0.00388     16.77      2.00     5   5.8694
#        1025       0.00855      5.03      2.00     6   5.8701
#        1026       0.00489      8.62      2.00     6   5.8702
#        1027       0.00926     23.58      2.00     6   5.8724
#        1028       0.01046      6.33      2.00     4   5.8732
#        1029       0.00782      5.32      2.00     5   5.8748
#        1030       0.00751     42.51      2.00     6   5.8755
#        1031       0.00730     43.58      2.00     7   5.8767
#        1032       0.00708      5.58      1.00     2   5.8773
#        1033       0.00980     46.16      2.00     7   5.8780
#        1034       0.00850     15.62      2.00     7   5.8780
#        1035       0.00953      4.26      2.00     6   5.8826
#        1036       0.00830     13.97      2.00     6   5.8835
#        1038       0.00372     37.48      2.00     6   5.8840
#        1040       0.01006     23.26      2.00     6   5.8857
#        1042       0.00805      5.22      2.00     5   5.8863
#        1043       0.00387      4.73      2.00     5   5.8869
#        1044       0.00405     15.95      2.00     5   5.8877
#        1045       0.00446     15.83      2.00     7   5.8885
#        1047       0.00917      7.63      2.00     7   5.8903
#        1048       0.00627     24.00      2.00     7   5.8907
#        1049       0.00548      6.44      2.00     3   5.8922
#        1051       0.00708     71.31      2.00     7   5.8930
#        1053       0.01048      5.04      1.00     4   5.8945
#        1054       0.00903      7.45      2.00     7   5.8946
#        1057       0.00366     10.09      2.00     3   5.8978
#        1058       0.00465     10.07      2.00     5   5.8977
#        1059       0.00544     21.27      2.00     7   5.8985
#        1060       0.00508     12.82      2.00     7   5.8983
#        1061       0.00638     23.94      2.00     7   5.9003
#        1062       0.00708     39.65      2.00     7   5.9005
#        1063       0.00931     41.21      2.00     7   5.9005
#        1064       0.00621      5.85      2.00     4   5.9008
#        1065       0.00390     36.41      2.00     6   5.9009
#        1066       0.00457     15.01      2.00     7   5.9006
#        1067       0.00883     13.20      2.00     6   5.9021
#        1068       0.00756     41.11      2.00     7   5.9022
#        1070       0.00916      7.51      2.00     7   5.9046
#        1071       0.00752     69.40      2.00     7   5.9084
#        1073       0.00803     13.59      2.00     6   5.9142
#        1074       0.00845      5.66      1.00     2   5.9169
#        1075       0.00532     18.25      2.00     7   5.9183
#        1076       0.00528     12.25      2.00     7   5.9187
#        1077       0.00734     38.87      2.00     7   5.9185
#        1078       0.00999     40.32      2.00     7   5.9185
#        1079       0.00811     10.35      2.00     6   5.9193
#        1081       0.00464      8.41      2.00     5   5.9198
#        1082       0.00827     10.42      2.00     6   5.9198
#        1083       0.00495      7.28      2.00     5   5.9204
#        1084       0.00551     17.69      2.00     7   5.9234
#        1085       0.00565     20.22      2.00     7   5.9245
#        1086       0.00794     12.86      2.00     6   5.9259
#        1087       0.00620     20.33      2.00     7   5.9262
#        1088       0.00735     39.25      2.00     7   5.9258
#        1090       0.00585      5.63      1.00     2   5.9280
#        1091       0.00833     25.24      2.00     7   5.9280
#        1093       0.00512      6.86      2.00     5   5.9293
#        1094       0.01362      4.40      2.00     7   5.9302
#        1095       0.00458     18.58      1.00     6   5.9307
#        1096       0.00850     12.92      2.00     6   5.9309
#        1097       0.01053     43.81      2.00     7   5.9336
#        1098       0.00745     39.53      2.00     7   5.9335
#        1099       0.00867     12.23      2.00     7   5.9336
#        1101       0.00885     24.45      2.00     7   5.9356
#        1102       0.00838     12.27      2.00     6   5.9364
#        1105       0.00588      5.14      2.00     3   5.9398
#        1108       0.00472     18.64      1.00     6   5.9440
#        1109       0.00470      6.50      2.00     5   5.9456
#        1110       0.00470      6.62      2.00     5   5.9464
#        1111       0.00389     26.81      2.00     5   5.9462
#        1112       0.00661     19.01      2.00     7   5.9475
#        1113       0.00403     26.60      2.00     5   5.9483
#        1115       0.00893      5.84      2.00     6   5.9507
#        1117       0.00374     11.77      2.00     4   5.9532
#        1118       0.00505     13.81      2.00     6   5.9539
#        1119       0.00456      6.46      2.00     4   5.9552
#        1120       0.00469      5.78      2.00     4   5.9561
#        1121       0.00905      5.84      2.00     6   5.9562
#        1122       0.01074     42.21      2.00     7   5.9577
#        1123       0.00926     11.97      2.00     7   5.9577
#        1124       0.00450      5.86      2.00     4   5.9579
#        1125       0.00806     24.72      2.00     7   5.9587
#        1126       0.00759      5.62      2.00     6   5.9612
#        1127       0.01410      4.09      2.00     7   5.9608
#        1128       0.00478      6.45      2.00     4   5.9614
#        1129       0.00884      6.77      2.00     6   5.9646
#        1130       0.00851     24.09      2.00     7   5.9645
#        1131       0.00413     30.98      2.00     6   5.9665
#        1132       0.00469     37.76      2.00     6   5.9665
#        1134       0.00759      6.86      2.00     6   5.9684
#        1136       0.00956     12.26      2.00     5   5.9714
#        1138       0.00790      5.53      2.00     6   5.9719
#        1139       0.00526     12.78      2.00     6   5.9738
#        1141       0.00907     90.51      2.00     7   5.9756
#        1143       0.00866     18.51      2.00     7   5.9772
#        1144       0.00786      6.76      2.00     6   5.9786
#        1145       0.01379      4.26      2.00     7   5.9794
#        1146       0.00562     16.98      2.00     7   5.9808
#        1147       0.00656      4.52      2.00     3   5.9816
#        1148       0.01082      5.91      2.00     6   5.9821
#        1149       0.00471     12.59      2.00     5   5.9832
#        1151       0.00736     19.99      2.00     7   5.9830
#        1152       0.00798     42.23      2.00     7   5.9830
#        1153       0.01088      5.61      2.00     6   5.9838
#        1154       0.00895     12.33      2.00     7   5.9842
#        1156       0.00864      4.92      2.00     6   5.9851
#        1157       0.00453     30.21      2.00     6   5.9854
#        1158       0.00518     36.85      2.00     6   5.9854
#        1159       0.01443      6.40      2.00     7   5.9855
#        1160       0.00454      9.43      2.00     5   5.9860
#        1161       0.00902      6.27      2.00     6   5.9870
#        1162       0.00825      4.79      2.00     6   5.9876
#        1163       0.00455     10.24      2.00     5   5.9887
#        1164       0.00471      9.15      2.00     5   5.9889
#        1165       0.00399     51.87      2.00     6   5.9896
#        1167       0.01177     70.97      2.00     7   5.9905
#        1168       0.00478      6.27      1.00     4   5.9910
#        1169       0.00463     12.03      2.00     5   5.9915
#        1170       0.00497      7.26      2.00     5   5.9916
#        1172       0.00651      4.15      2.00     3   5.9930
#        1174       0.00890     13.74      2.00     7   5.9926
#        1175       0.01001     87.59      2.00     7   5.9928
#        1176       0.00492     12.22      2.00     5   5.9942
#        1177       0.00408     52.20      2.00     6   5.9937
#        1178       0.00911     17.59      2.00     7   5.9944
#        1180       0.00774      8.11      2.00     6   5.9987
#        1182       0.00482     11.65      2.00     5   6.0006
#        1183       0.00916     12.13      2.00     7   6.0007
#        1185       0.01445      5.54      2.00     6   6.0015
#        1186       0.00903     14.00      2.00     7   6.0013
#        1187       0.00461     10.26      1.00     6   6.0024
#        1188       0.00935     13.87      2.00     7   6.0022
#        1190       0.00784     19.24      2.00     7   6.0030
#        1191       0.00809     41.03      2.00     7   6.0030
#        1192       0.00400     36.13      2.00     6   6.0031
#        1193       0.00599     16.49      2.00     7   6.0032
#        1195       0.00477      9.90      2.00     5   6.0059
#        1196       0.00957     18.04      2.00     7   6.0079
#        1198       0.01478      5.65      2.00     7   6.0106
#        1199       0.00441      5.24      2.00     5   6.0112
#        1200       0.01369      5.73      2.00     6   6.0113
#        1202       0.01463      5.64      2.00     7   6.0124
#        1203       0.01071      5.52      2.00     6   6.0125
#        1205       0.00821      7.79      2.00     6   6.0135
#        1206       0.00412     35.63      2.00     6   6.0133
#        1207       0.01212     70.46      2.00     7   6.0132
#        1208       0.00513      7.14      2.00     5   6.0136
#        1210       0.00591      4.28      2.00     3   6.0151
#        1211       0.00471     20.28      2.00     6   6.0168
#        1212       0.01505      4.81      2.00     6   6.0173
#        1213       0.00400     92.36      2.00     7   6.0176
#        1214       0.00508     13.28      2.00     6   6.0197
#        1215       0.00462     19.59      2.00     6   6.0195
#        1217       0.00917     12.47      2.00     7   6.0198
#        1218       0.00720      4.13      2.00     3   6.0201
#        1220       0.00793      5.60      2.00     6   6.0209
#        1221       0.00834      5.70      2.00     6   6.0210
#        1222       0.01907      4.68      2.00     5   6.0219
#        1223       0.00696      4.78      2.00     6   6.0221
#        1225       0.00983     17.25      2.00     7   6.0232
#        1226       0.01480      5.89      2.00     7   6.0269
#        1227       0.00496      9.73      1.00     6   6.0267
#        1228       0.00409     92.43      2.00     7   6.0265
#        1229       0.00668      4.58      2.00     6   6.0284
#        1230       0.00335      6.42      2.00     3   6.0314
#        1232       0.00483     18.84      2.00     6   6.0335
#        1233       0.00891     12.59      2.00     7   6.0371
#        1234       0.00915     12.67      2.00     7   6.0378
#        1235       0.00494     19.16      2.00     6   6.0387
#        1238       0.00827      4.29      2.00     6   6.0417
#        1239       0.00408      7.65      1.00     4   6.0422
#        1240       0.00829      4.36      2.00     6   6.0422
#        1241       0.00904      4.64      2.00     7   6.0430
#        1242       0.00797     16.35      2.00     7   6.0432
#        1244       0.00848      4.46      2.00     6   6.0453
#        1245       0.00520     12.84      2.00     6   6.0464
#        1246       0.00876      9.91      2.00     5   6.0475
#        1247       0.00416      7.68      2.00     5   6.0473
#        1248       0.00838     16.14      2.00     7   6.0470
#        1250       0.00922      4.64      2.00     7   6.0498
#        1251       0.01095      6.85      2.00     6   6.0507
#        1253       0.00482      5.19      2.00     3   6.0523
#        1254       0.00520      6.81      2.00     6   6.0526
#        1255       0.01091      5.43      2.00     6   6.0536
#        1256       0.02788      8.24      2.00     7   6.0540
#        1257       0.00962      9.90      2.00     5   6.0550
#        1259       0.00855      4.30      2.00     6   6.0558
#        1260       0.00639      5.21      2.00     3   6.0586
#        1263       0.00412     10.03      2.00     4   6.0621
#        1265       0.00355      5.73      2.00     5   6.0635
#        1268       0.00861     12.31      2.00     7   6.0667
#        1269       0.02618      8.05      2.00     7   6.0678
#        1270       0.00833      8.49      2.00     5   6.0686
#        1271       0.00411      4.46      2.00     5   6.0694
#        1272       0.01070      6.86      2.00     6   6.0701
#        1273       0.00539      6.30      2.00     6   6.0726
#        1274       0.00950      8.22      2.00     5   6.0734
#        1275       0.00857      7.20      2.00     7   6.0734
#        1277       0.00833      6.97      2.00     7   6.0750
#        1278       0.00910     21.39      2.00     6   6.0755
#        1279       0.00893      4.03      2.00     7   6.0752
#        1282       0.00450      4.74      2.00     6   6.0783
#        1285       0.00469      4.57      2.00     6   6.0826
#        1286       0.00408      6.13      2.00     5   6.0856
#        1287       0.00832      8.61      2.00     7   6.0862
#        1288       0.00359      7.88      2.00     4   6.0869
#        1289       0.00993     20.77      2.00     6   6.0878
#        1291       0.00604      5.22      2.00     4   6.0889
#        1293       0.00857      8.77      2.00     7   6.0894
#        1294       0.00333      9.68      2.00     4   6.0896
#        1298       0.00456      5.04      2.00     4   6.0925
#        1299       0.00806     11.39      2.00     7   6.0923
#        1301       0.01304      4.77      2.00     6   6.0943
#        1304       0.00450     65.91      2.00     7   6.1002
#        1306       0.00857     19.36      2.00     6   6.1021
#        1309       0.00846     10.96      2.00     7   6.1058
#        1310       0.00824      4.08      2.00     6   6.1070
#        1311       0.00427      4.64      2.00     5   6.1077
#        1313       0.00547      7.04      2.00     6   6.1106
#        1314       0.00460     66.64      2.00     7   6.1110
#        1317       0.00584      5.16      1.00     4   6.1161
#        1320       0.00421     13.53      2.00     5   6.1175
#        1321       0.00982     18.52      2.00     6   6.1179
#        1323       0.00853      4.09      2.00     6   6.1194
#        1324       0.00907      7.33      2.00     3   6.1208
#        1326       0.00551      7.07      2.00     6   6.1210
#        1327       0.01351      4.03      2.00     3   6.1216
#        1330       0.00600      5.53      2.00     6   6.1230
#        1333       0.01378      5.74      2.00     6   6.1236
#        1335       0.01458      4.18      2.00     5   6.1240
#        1336       0.00594      6.61      2.00     4   6.1263
#        1338       0.00438      4.86      2.00     5   6.1272
#        1339       0.01351      4.71      2.00     6   6.1275
#        1340       0.00835      6.68      2.00     7   6.1281
#        1344       0.02617      8.39      2.00     7   6.1341
#        1345       0.00835      5.67      2.00     7   6.1354
#        1346       0.00455     48.15      2.00     7   6.1361
#        1349       0.00859      6.68      2.00     7   6.1414
#        1351       0.00351     12.70      2.00     5   6.1450
#        1353       0.01496      5.74      2.00     6   6.1470
#        1354       0.00864      5.70      2.00     7   6.1481
#        1355       0.00335      4.18      2.00     4   6.1497
#        1356       0.00856      7.10      2.00     7   6.1493
#        1357       0.00385      6.98      2.00     4   6.1508
#        1358       0.00364      8.29      2.00     4   6.1511
#        1360       0.00831      6.94      2.00     7   6.1522
#        1361       0.00479     47.41      2.00     7   6.1523
#        1364       0.00349      4.07      2.00     4   6.1547
#        1365       0.00370      6.97      2.00     4   6.1564
#        1366       0.00844     13.02      2.00     7   6.1560
#        1370       0.00827     12.75      2.00     7   6.1595
#        1372       0.00796      5.43      2.00     6   6.1609
#        1373       0.00390      6.80      2.00     4   6.1631
#        1376       0.00467      4.47      2.00     4   6.1650
#        1377       0.00812      9.49      2.00     7   6.1656
#        1379       0.00904      5.19      2.00     6   6.1670
#        1380       0.01493      9.43      2.00     7   6.1681
#        1381       0.02843      8.04      2.00     7   6.1690
#        1387       0.00611      4.12      2.00     4   6.1727
#        1388       0.00369      6.72      2.00     4   6.1728
#        1390       0.01438      5.10      2.00     6   6.1741
#        1392       0.00353      7.49      2.00     4   6.1758
#        1393       0.00359      8.97      2.00     5   6.1767
#        1400       0.00796      8.92      2.00     6   6.1810
#        1404       0.00411      4.89      2.00     4   6.1826
#        1406       0.00974      4.21      2.00     5   6.1827
#        1407       0.01306      4.56      2.00     6   6.1833
#        1408       0.00862      9.23      2.00     7   6.1830
#        1409       0.00386      4.49      2.00     4   6.1837
#        1410       0.00410      6.67      2.00     4   6.1847
#        1411       0.01596      5.32      2.00     6   6.1856
#        1412       0.00393      4.94      2.00     4   6.1863
#        1416       0.00569      4.60      1.00     6   6.1872
#        1417       0.00377      8.73      2.00     5   6.1879
#        1418       0.00817      6.03      2.00     7   6.1878
#        1421       0.00788      8.91      2.00     6   6.1896
#        1422       0.00859      6.18      2.00     7   6.1905
#        1423       0.00367      4.53      2.00     4   6.1907
#        1425       0.00736      4.37      2.00     7   6.1916
#        1427       0.00865      6.07      2.00     7   6.1929
#        1431       0.00704      4.14      2.00     7   6.1953
#        1432       0.00413     11.69      2.00     5   6.1959
#        1434       0.00402     14.21      2.00     5   6.1962
#        1435       0.01541      4.62      2.00     6   6.1961
#        1436       0.00471      4.21      2.00     4   6.1970
#        1437       0.01120      5.24      2.00     6   6.1972
#        1439       0.00411      4.91      1.00     2   6.1996
#        1440       0.00390     14.16      2.00     5   6.1997
#        1441       0.00379      6.53      2.00     4   6.2005
#        1442       0.00392     11.72      2.00     5   6.2008
#        1443       0.00395      4.36      2.00     4   6.2042
#        1446       0.01539     13.07      2.00     7   6.2056
#        1447       0.00438     13.47      2.00     5   6.2065
#        1448       0.00421     10.93      2.00     5   6.2065
#        1449       0.01448      8.65      2.00     7   6.2076
#        1451       0.00403      4.27      2.00     5   6.2094
#        1453       0.00360      5.56      2.00     5   6.2110
#        1454       0.00683      6.18      2.00     5   6.2119
#        1456       0.00413     10.00      2.00     5   6.2132
#        1457       0.01089      5.28      2.00     6   6.2139
#        1458       0.00372      4.35      2.00     4   6.2140
#        1460       0.01314      4.02      2.00     5   6.2154
#        1461       0.00430      9.81      2.00     5   6.2158
#        1462       0.00886      5.22      2.00     7   6.2158
#        1463       0.01390      7.79      2.00     7   6.2172
#        1464       0.00411     10.96      2.00     5   6.2175
#        1466       0.01148      8.07      2.00     6   6.2195
#        1467       0.00384      5.33      2.00     5   6.2208
#        1469       0.00900      5.25      2.00     7   6.2211
#        1471       0.01405      4.20      2.00     6   6.2232
#        1472       0.01231     11.69      2.00     7   6.2239
#        1473       0.00608     13.81      2.00     6   6.2248
#        1474       0.00890      5.52      2.00     7   6.2259
#        1475       0.00657      4.91      2.00     5   6.2266
#        1476       0.00659      4.79      2.00     5   6.2266
#        1477       0.00773      6.42      2.00     3   6.2278
#        1478       0.00410     25.32      2.00     6   6.2278
#        1479       0.01533      8.22      2.00     7   6.2278
#        1480       0.00450      4.30      2.00     4   6.2290
#        1481       0.00383     10.89      2.00     5   6.2286
#        1482       0.00424     25.11      2.00     6   6.2290
#        1484       0.00426      9.18      2.00     5   6.2292
#        1486       0.00844     24.42      2.00     7   6.2311
#        1487       0.00883      4.33      2.00     7   6.2317
#        1488       0.00350      5.48      2.00     4   6.2329
#        1489       0.00397      9.27      2.00     5   6.2340
#        1490       0.00390     18.68      2.00     5   6.2340
#        1491       0.00603      5.15      2.00     4   6.2359
#        1492       0.01112      7.78      2.00     6   6.2358
#        1493       0.00844     12.07      2.00     6   6.2381
#        1494       0.00894      4.22      2.00     7   6.2383
#        1495       0.00443      4.70      1.00     2   6.2400
#        1496       0.00947     11.69      2.00     6   6.2403
#        1497       0.01435      8.71      2.00     7   6.2417
#        1498       0.01629      4.16      2.00     6   6.2444
#        1499       0.00522      4.44      2.00     4   6.2459
#        1500       0.00630     13.32      2.00     6   6.2461
#        1502       0.00390      6.41      2.00     5   6.2475
#        1503       0.01406      9.06      2.00     7   6.2475
#        1504       0.00417      6.25      2.00     5   6.2487
#        1505       0.00331      5.30      2.00     4   6.2495
#        1506       0.01643     11.68      2.00     7   6.2492
#        1507       0.01208      8.33      2.00     7   6.2494
#        1508       0.01189      8.64      2.00     7   6.2504
#        1512       0.00878     29.92      2.00     7   6.2529
#        1513       0.00735      4.58      2.00     5   6.2543
#        1515       0.00738      4.47      2.00     5   6.2543
#        1516       0.01581     10.45      2.00     7   6.2547
#        1518       0.00900     22.68      2.00     7   6.2566
#        1519       0.01632      7.77      2.00     7   6.2567
#        1522       0.00663      8.28      2.00     6   6.2601
#        1524       0.01072      7.78      1.00     6   6.2608
#        1526       0.00403     16.29      2.00     6   6.2621
#        1527       0.00434     16.03      2.00     6   6.2620
#        1529       0.01253     10.96      2.00     7   6.2638
#        1530       0.01160     11.23      2.00     7   6.2640
#        1534       0.00668      4.08      2.00     5   6.2662
#        1535       0.01452      6.97      2.00     7   6.2664
#        1536       0.00551      9.41      2.00     6   6.2670
#        1537       0.01073     16.14      2.00     7   6.2686
#        1538       0.00313      5.71      2.00     5   6.2698
#        1539       0.01166     11.23      2.00     7   6.2693
#        1540       0.00330      5.62      2.00     5   6.2700
#        1542       0.00573      9.15      2.00     6   6.2710
#        1543       0.00871     27.44      2.00     7   6.2716
#        1544       0.00536     21.95      2.00     7   6.2729
#        1545       0.00718      5.56      2.00     3   6.2732
#        1547       0.01289      6.20      2.00     7   6.2770
#        1548       0.01375      5.18      2.00     7   6.2772
#        1550       0.00393     13.57      2.00     5   6.2783
#        1551       0.00763      4.39      2.00     4   6.2784
#        1552       0.00877     22.16      2.00     7   6.2791
#        1553       0.00933     28.21      2.00     7   6.2789
#        1554       0.00693      6.58      2.00     5   6.2800
#        1555       0.00381      7.40      2.00     5   6.2803
#        1556       0.00966     15.53      2.00     5   6.2804
#        1557       0.01154      7.88      2.00     7   6.2808
#        1559       0.00363      7.34      2.00     5   6.2834
#        1561       0.00555      4.85      2.00     5   6.2846
#        1562       0.00614      4.99      2.00     5   6.2846
#        1563       0.01071     16.51      2.00     7   6.2844
#        1564       0.00986     26.39      2.00     7   6.2848
#        1565       0.00679      4.47      2.00     5   6.2853
#        1566       0.00682      4.46      2.00     5   6.2853
#        1568       0.01037      5.65      2.00     6   6.2885
#        1570       0.01485      5.63      2.00     6   6.2909
#        1571       0.01096      9.10      2.00     7   6.2909
#        1572       0.01175     12.02      2.00     7   6.2909
#        1573       0.00406      4.74      2.00     5   6.2919
#        1574       0.00597      4.17      2.00     4   6.2927
#        1575       0.00364     13.36      2.00     5   6.2928
#        1576       0.00547     20.75      2.00     7   6.2925
#        1578       0.00957     21.70      2.00     7   6.2950
#        1579       0.00348      9.31      2.00     5   6.2955
#        1580       0.00398      8.84      2.00     5   6.2979
#        1582       0.00747      7.57      2.00     6   6.2988
#        1584       0.00506     19.11      2.00     7   6.3005
#        1586       0.00420      6.75      2.00     5   6.3019
#        1587       0.00759      4.29      2.00     5   6.3034
#        1588       0.00762      4.28      2.00     5   6.3034
#        1589       0.00682      8.34      2.00     5   6.3036
#        1590       0.01246     10.99      2.00     7   6.3050
#        1591       0.00373      8.86      2.00     5   6.3063
#        1592       0.01086      9.19      2.00     7   6.3062
#        1593       0.01143     12.15      2.00     7   6.3062
#        1594       0.01235     11.04      2.00     7   6.3073
#        1595       0.00576     10.47      2.00     5   6.3079
#        1597       0.01672      9.08      2.00     7   6.3080
#        1600       0.01435      4.90      2.00     7   6.3099
#        1601       0.00389     18.15      2.00     6   6.3103
#        1602       0.00412      7.51      2.00     4   6.3110
#        1603       0.00394      6.61      2.00     5   6.3111
#        1604       0.00410     24.27      2.00     6   6.3111
#        1605       0.01108      8.32      2.00     6   6.3109
#        1609       0.00621      8.27      2.00     6   6.3126
#        1610       0.00836      7.93      2.00     6   6.3133
#        1611       0.01165     20.24      2.00     7   6.3132
#        1612       0.00413     18.29      2.00     6   6.3135
#        1613       0.01437      6.74      2.00     7   6.3147
#        1614       0.00515     18.38      2.00     7   6.3155
#        1615       0.01393      5.74      2.00     7   6.3155
#        1618       0.00570      5.41      2.00     5   6.3166
#        1620       0.01054      5.50      2.00     6   6.3169
#        1623       0.00676      6.96      2.00     6   6.3189
#        1624       0.00682      6.92      2.00     6   6.3189
#        1625       0.00418      5.12      2.00     5   6.3193
#        1626       0.01185      7.75      2.00     7   6.3193
#        1627       0.00381     24.30      2.00     6   6.3209
#        1628       0.00433      5.02      2.00     5   6.3216
#        1629       0.00588      4.59      2.00     5   6.3221
#        1630       0.00678      4.72      2.00     5   6.3221
#        1631       0.00563     12.45      2.00     6   6.3219
#        1632       0.00605     11.95      2.00     6   6.3220
#        1634       0.01006      4.84      1.00     4   6.3247
#        1635       0.00976      7.29      2.00     6   6.3260
#        1636       0.00492      4.89      2.00     5   6.3279
#        1637       0.01519      9.45      2.00     7   6.3281
#        1638       0.01129     19.62      2.00     7   6.3281
#        1641       0.00947      4.55      2.00     6   6.3306
#        1642       0.00635      6.58      2.00     7   6.3304
#        1643       0.00547     11.66      2.00     6   6.3312
#        1644       0.00427      8.45      2.00     6   6.3309
#        1645       0.00576     11.47      2.00     6   6.3319
#        1646       0.01001     25.84      2.00     7   6.3317
#        1647       0.00583     12.30      2.00     6   6.3325
#        1648       0.00413     14.44      2.00     5   6.3337
#        1649       0.00668      6.33      2.00     7   6.3340
#        1652       0.01148      8.06      2.00     6   6.3359
#        1653       0.00527      6.64      2.00     6   6.3368
#        1654       0.00837     18.79      2.00     7   6.3382
#        1655       0.00507      5.41      2.00     5   6.3389
#        1656       0.01180     12.07      2.00     7   6.3389
#        1657       0.00391      9.85      2.00     5   6.3405
#        1658       0.00383      8.06      2.00     5   6.3401
#        1659       0.01099     24.98      2.00     7   6.3417
#        1660       0.00429     13.74      2.00     5   6.3418
#        1661       0.00855      7.70      2.00     6   6.3423
#        1662       0.00392      4.58      2.00     5   6.3433
#        1663       0.00545      4.75      2.00     7   6.3435
#        1665       0.00522      7.65      2.00     6   6.3438
#        1666       0.00427      9.62      2.00     6   6.3446
#        1667       0.00571     11.72      2.00     6   6.3451
#        1668       0.00451     10.81      2.00     6   6.3462
#        1669       0.00458      9.56      2.00     6   6.3464
#        1670       0.01355      7.16      2.00     7   6.3464
#        1671       0.00983      4.75      2.00     7   6.3466
#        1672       0.00376      4.63      2.00     5   6.3470
#        1674       0.00758      6.50      2.00     6   6.3479
#        1675       0.00764      6.46      2.00     6   6.3479
#        1676       0.00427      6.99      2.00     3   6.3484
#        1677       0.00410      9.44      2.00     5   6.3481
#        1679       0.00998      4.26      2.00     6   6.3483
#        1680       0.00990      4.75      2.00     6   6.3483
#        1682       0.00915     10.58      2.00     6   6.3496
#        1683       0.00415     11.11      2.00     5   6.3501
#        1686       0.00954      4.31      2.00     6   6.3516
#        1687       0.01497      6.21      2.00     7   6.3515
#        1688       0.01325      5.14      2.00     6   6.3520
#        1690       0.00415      6.58      2.00     6   6.3530
#        1691       0.00410     13.82      2.00     5   6.3537
#        1692       0.00436     10.69      2.00     5   6.3541
#        1693       0.00412     19.30      2.00     6   6.3540
#        1695       0.00469     10.57      2.00     6   6.3548
#        1696       0.00677      7.72      2.00     6   6.3549
#        1697       0.00682      4.79      2.00     6   6.3548
#        1698       0.00425     13.22      2.00     5   6.3555
#        1700       0.01044     10.39      2.00     6   6.3555
#        1702       0.00602     21.34      2.00     7   6.3555
#        1705       0.00583     15.08      2.00     5   6.3564
#        1708       0.00952     17.55      2.00     7   6.3581
#        1709       0.01030      6.90      2.00     6   6.3585
#        1710       0.00580     19.77      2.00     7   6.3593
#        1711       0.01124      4.48      2.00     7   6.3596
#        1714       0.00549      4.69      2.00     7   6.3605
#        1716       0.00959      4.66      2.00     7   6.3609
#        1717       0.00926      5.46      2.00     6   6.3617
#        1720       0.00413     15.26      2.00     5   6.3635
#        1721       0.01102      5.00      2.00     5   6.3633
#        1723       0.01070      4.11      2.00     5   6.3638
#        1726       0.00537      5.56      2.00     5   6.3646
#        1728       0.00612     19.25      2.00     7   6.3647
#        1729       0.00706     13.73      2.00     7   6.3645
#        1730       0.00540      7.22      2.00     5   6.3653
#        1732       0.00547      5.36      2.00     5   6.3654
#        1733       0.00727      4.54      2.00     6   6.3659
#        1736       0.01032      4.79      2.00     6   6.3660
#        1737       0.01040      4.28      2.00     6   6.3660
#        1738       0.00627      4.09      2.00     5   6.3671
#        1739       0.00625      4.10      2.00     5   6.3671
#        1740       0.00546      7.63      2.00     6   6.3674
#        1741       0.00558      4.58      2.00     3   6.3679
#        1742       0.00368     10.50      2.00     5   6.3676
#        1743       0.00899      6.06      2.00     6   6.3681
#        1744       0.01510      8.85      2.00     7   6.3684
#        1745       0.00561      4.33      2.00     7   6.3685
#        1747       0.01205     11.76      2.00     7   6.3687
#        1749       0.00828      8.43      2.00     5   6.3705
#        1750       0.01269     11.77      2.00     7   6.3705
#        1752       0.00533      6.75      1.00     6   6.3708
#        1753       0.00780      8.68      2.00     5   6.3720
#        1754       0.01319      5.00      2.00     5   6.3721
#        1755       0.00557      4.66      2.00     7   6.3726
#        1756       0.00410     18.67      2.00     6   6.3740
#        1760       0.00761     13.51      2.00     7   6.3751
#        1761       0.00435     10.23      2.00     5   6.3760
#        1764       0.00419     10.60      2.00     5   6.3771
#        1765       0.00426     29.58      2.00     6   6.3771
#        1766       0.00638     20.43      2.00     7   6.3770
#        1767       0.00417      7.99      2.00     3   6.3776
#        1768       0.00496      4.87      2.00     6   6.3778
#        1769       0.00712      8.70      2.00     6   6.3776
#        1771       0.00417     19.18      2.00     6   6.3782
#        1774       0.00440     18.09      2.00     6   6.3789
#        1775       0.01377      7.04      2.00     7   6.3789
#        1776       0.00517     12.01      2.00     7   6.3797
#        1778       0.00390      7.62      2.00     6   6.3805
#        1779       0.01425      6.93      2.00     7   6.3815
#        1780       0.00516      4.54      2.00     5   6.3820
#        1781       0.00949     21.79      2.00     7   6.3831
#        1782       0.00494     11.80      2.00     7   6.3846
#        1783       0.01347      5.02      2.00     6   6.3849
#        1786       0.00434     18.38      2.00     6   6.3869
#        1788       0.00436     28.48      2.00     6   6.3873
#        1789       0.00567      8.00      2.00     6   6.3880
#        1790       0.00410      7.40      2.00     6   6.3878
#        1791       0.01385      7.21      2.00     7   6.3884
#        1793       0.00726     11.81      2.00     7   6.3883
#        1794       0.00431     25.83      2.00     6   6.3892
#        1795       0.00430      6.03      2.00     3   6.3907
#        1796       0.00425     20.64      2.00     6   6.3906
#        1801       0.00419     26.36      2.00     6   6.3916
#        1802       0.01028     11.45      2.00     7   6.3920
#        1805       0.00436     17.61      2.00     6   6.3926
#        1807       0.00663     16.79      2.00     7   6.3924
#        1808       0.00942      5.60      2.00     6   6.3932
#        1810       0.00552      4.14      2.00     4   6.3938
#        1811       0.00626      6.35      2.00     6   6.3952
#        1812       0.00559      6.30      2.00     6   6.3952
#        1813       0.00388     13.89      2.00     6   6.3956
#        1814       0.00529      4.16      2.00     4   6.3965
#        1815       0.00423     28.34      2.00     6   6.3971
#        1816       0.00791      8.33      2.00     6   6.3970
#        1817       0.01309      5.45      2.00     6   6.3976
#        1818       0.00527      6.24      2.00     4   6.3982
#        1819       0.01248      5.00      2.00     5   6.3985
#        1820       0.00489     17.38      2.00     6   6.3983
#        1821       0.00552      5.47      1.00     6   6.3981
#        1822       0.00422      6.54      2.00     3   6.3998
#        1823       0.01093     20.89      2.00     7   6.4000
#        1825       0.00434     27.45      2.00     6   6.4009
#        1828       0.00364     13.56      2.00     6   6.4034
#        1829       0.00675     16.03      2.00     7   6.4038
#        1831       0.00398      8.63      2.00     5   6.4046
#        1832       0.00794      7.30      1.00     6   6.4055
#        1833       0.00427     52.94      2.00     7   6.4051
#        1838       0.00438     19.49      2.00     6   6.4068
#        1841       0.00889      6.54      2.00     6   6.4083
#        1842       0.01060      5.81      2.00     6   6.4083
#        1843       0.01292      4.70      2.00     5   6.4093
#        1844       0.00568      5.21      1.00     6   6.4099
#        1845       0.00432     19.72      2.00     6   6.4106
#        1846       0.00673      7.08      2.00     6   6.4104
#        1847       0.00786     11.12      2.00     7   6.4104
#        1849       0.00978      4.25      2.00     6   6.4125
#        1851       0.00382      8.42      2.00     5   6.4125
#        1853       0.01011     10.28      2.00     7   6.4126
#        1855       0.00584     26.68      2.00     7   6.4142
#        1856       0.00849      6.94      1.00     6   6.4150
#        1857       0.00869      5.18      2.00     6   6.4166
#        1859       0.01256      5.46      2.00     6   6.4191
#        1860       0.00546      7.49      2.00     5   6.4196
#        1861       0.00991      9.72      2.00     7   6.4197
#        1862       0.01827      6.79      2.00     6   6.4199
#        1863       0.00437     50.73      2.00     7   6.4201
#        1865       0.00451     18.73      2.00     6   6.4205
#        1866       0.01129     19.94      2.00     7   6.4215
#        1870       0.00934      6.41      2.00     6   6.4238
#        1871       0.01083      5.72      2.00     6   6.4238
#        1873       0.00828      6.85      2.00     5   6.4246
#        1874       0.00551     50.40      2.00     7   6.4251
#        1875       0.00388     13.86      1.00     6   6.4258
#        1877       0.00605     26.21      2.00     7   6.4261
#        1879       0.00918      6.68      2.00     5   6.4266
#        1881       0.00912      9.82      2.00     7   6.4267
#        1884       0.01117      8.29      2.00     7   6.4290
#        1885       0.01150      8.88      2.00     7   6.4290
#        1887       0.00388      6.05      2.00     5   6.4291
#        1889       0.00535      6.94      2.00     5   6.4300
#        1891       0.00547      7.49      2.00     5   6.4308
#        1893       0.00372     10.43      2.00     6   6.4328
#        1897       0.01448      7.66      2.00     7   6.4335
#        1898       0.00434     48.76      2.00     7   6.4337
#        1900       0.01054      5.44      2.00     6   6.4352
#        1901       0.01057      7.20      2.00     6   6.4351
#        1902       0.00972      6.72      2.00     6   6.4355
#        1904       0.01131      4.07      2.00     5   6.4363
#        1906       0.01121     11.31      2.00     7   6.4364
#        1907       0.00401      8.05      2.00     6   6.4369
#        1908       0.01343      4.09      2.00     7   6.4375
#        1909       0.00561      6.73      2.00     5   6.4384
#        1912       0.00383      8.15      2.00     6   6.4393
#        1913       0.00692      5.90      2.00     6   6.4393
#        1914       0.00594      5.86      2.00     6   6.4393
#        1916       0.01656      6.64      2.00     6   6.4410
#        1917       0.00390     10.37      2.00     6   6.4417
#        1918       0.00868     24.47      2.00     7   6.4419
#        1919       0.00887      5.18      2.00     6   6.4425
#        1920       0.01450      7.54      2.00     7   6.4422
#        1921       0.00580      5.86      2.00     5   6.4447
#        1922       0.01037     12.89      1.00     6   6.4447
#        1923       0.01012      4.19      2.00     6   6.4457
#        1926       0.00809      9.92      2.00     5   6.4462
#        1928       0.00377      4.25      2.00     6   6.4471
#        1929       0.00459     12.30      2.00     6   6.4472
#        1932       0.00593     15.54      2.00     7   6.4493
#        1933       0.00987     23.94      2.00     7   6.4491
#        1934       0.00415     19.93      2.00     6   6.4501
#        1935       0.00925      6.75      2.00     7   6.4502
#        1936       0.01046      9.27      2.00     7   6.4508
#        1937       0.01063      9.97      2.00     7   6.4528
#        1938       0.00440     12.17      2.00     6   6.4529
#        1939       0.01171     19.19      2.00     7   6.4531
#        1940       0.01015      6.78      2.00     6   6.4541
#        1941       0.00919      5.24      2.00     7   6.4549
#        1943       0.00402     19.57      2.00     6   6.4558
#        1944       0.00392      5.08      2.00     3   6.4568
#        1945       0.01029      4.01      2.00     6   6.4569
#        1946       0.00974      6.37      2.00     7   6.4567
#        1947       0.00494     11.10      2.00     7   6.4571
#        1948       0.00980      4.96      2.00     6   6.4574
#        1949       0.00944      6.47      2.00     6   6.4574
#        1950       0.01488      9.00      2.00     6   6.4574
#        1951       0.01084     10.07      2.00     7   6.4573
#        1952       0.00828     11.79      2.00     6   6.4581
#        1953       0.01304      6.36      2.00     6   6.4585
#        1955       0.00629     15.46      2.00     7   6.4593
#        1956       0.00388     11.64      2.00     6   6.4598
#        1957       0.00393     12.66      2.00     6   6.4598
#        1960       0.00949      5.51      2.00     7   6.4602
#        1963       0.00439     13.13      2.00     6   6.4608
#        1967       0.01067      7.02      2.00     6   6.4607
#        1968       0.00930      5.44      2.00     7   6.4605
#        1969       0.00415      4.96      2.00     6   6.4615
#        1970       0.00401      4.25      2.00     6   6.4610
#        1971       0.00913      8.04      2.00     7   6.4618
#        1973       0.01131      8.12      2.00     7   6.4633
#        1975       0.01215      8.60      2.00     7   6.4633
#        1976       0.00968     10.71      2.00     7   6.4635
#        1978       0.00550     12.41      2.00     6   6.4643
#        1979       0.00553     12.07      2.00     6   6.4642
#        1980       0.00506      5.68      2.00     4   6.4647
#        1981       0.00583      5.68      2.00     5   6.4668
#        1984       0.01391      4.70      2.00     6   6.4675
#        1986       0.00454     11.22      2.00     6   6.4688
#        1987       0.00423     13.85      2.00     6   6.4694
#        1988       0.00441     13.81      2.00     6   6.4696
#        1989       0.00441     11.23      2.00     6   6.4694
#        1990       0.00602      6.20      2.00     7   6.4697
#        1991       0.00412     11.12      2.00     6   6.4701
#        1993       0.00925     11.28      2.00     6   6.4712
#        1994       0.00463     12.65      2.00     6   6.4714
#        1995       0.01271      6.43      2.00     6   6.4722
#        1996       0.00628     16.79      2.00     6   6.4722
#        1997       0.00575      5.51      1.00     6   6.4728
#        1998       0.00587     19.23      2.00     6   6.4737
#        2000       0.01128     11.19      2.00     7   6.4735
#        2001       0.00932      4.87      2.00     7   6.4737
#        2002       0.00532     19.31      2.00     6   6.4742
#        2004       0.00473      5.01      2.00     3   6.4758
#        2006       0.00494      9.02      2.00     5   6.4762
#        2010       0.00644      6.04      2.00     7   6.4771
#        2011       0.00656      7.48      2.00     6   6.4778
#        2013       0.00902      8.01      2.00     6   6.4790
#        2014       0.00909      5.95      2.00     7   6.4796
#        2015       0.00909     12.08      2.00     7   6.4796
#        2016       0.01317     10.45      2.00     7   6.4796
#        2017       0.00579     12.15      2.00     5   6.4799
#        2018       0.01152      5.26      2.00     6   6.4796
#        2019       0.00526     30.17      2.00     7   6.4799
#        2021       0.00429     11.01      2.00     6   6.4807
#        2022       0.00541     30.39      2.00     7   6.4804
#        2023       0.01109      5.89      2.00     6   6.4808
#        2024       0.00607      8.48      2.00     5   6.4826
#        2025       0.00985      4.74      2.00     6   6.4826
#        2026       0.00956      6.20      2.00     6   6.4826
#        2027       0.01416      8.55      2.00     6   6.4826
#        2028       0.00437     37.54      2.00     7   6.4829
#        2029       0.01285      4.28      2.00     5   6.4829
#        2030       0.00525     10.70      2.00     7   6.4834
#        2031       0.00401      6.70      2.00     6   6.4837
#        2033       0.00421     37.47      2.00     7   6.4839
#        2034       0.00487      4.27      1.00     2   6.4841
#        2036       0.00957      7.49      2.00     7   6.4855
#        2040       0.01456     19.26      2.00     5   6.4867
#        2041       0.00979     10.83      2.00     7   6.4869
#        2042       0.00540      4.95      2.00     5   6.4875
#        2043       0.00362     11.23      2.00     6   6.4873
#        2044       0.00460     37.57      2.00     7   6.4877
#        2046       0.00519      4.98      2.00     5   6.4888
#        2047       0.00420      6.72      2.00     6   6.4889
#        2049       0.00383      7.35      2.00     4   6.4896
#        2051       0.01151      5.32      2.00     6   6.4900
#        2052       0.00924      4.58      2.00     6   6.4919
#        2053       0.00536     21.91      2.00     7   6.4915
#        2054       0.00982      7.76      2.00     6   6.4926
#        2056       0.01128      5.90      2.00     6   6.4941
#        2057       0.00609      8.29      2.00     5   6.4945
#        2058       0.01058     12.14      2.00     7   6.4943
#        2059       0.00939      6.01      2.00     7   6.4943
#        2060       0.01275     10.46      2.00     7   6.4943
#        2061       0.01271      5.35      2.00     6   6.4948
#        2062       0.01148      8.75      2.00     6   6.4949
#        2063       0.00946      4.21      2.00     6   6.4958
#        2064       0.00721     11.01      2.00     7   6.4962
#        2065       0.00721     10.96      2.00     7   6.4962
#        2069       0.00923      4.09      2.00     7   6.4980
#        2070       0.00412     20.89      2.00     7   6.4982
#        2073       0.00697      7.57      2.00     7   6.4991
#        2074       0.00697      7.57      2.00     7   6.4991
#        2075       0.01094     21.79      2.00     7   6.4993
#        2076       0.00579      5.23      1.00     6   6.4996
#        2077       0.00589      5.42      1.00     6   6.4997
#        2079       0.00544     21.56      2.00     7   6.4994
#        2081       0.01075      7.51      2.00     7   6.5019
#        2082       0.00896     14.63      2.00     7   6.5019
#        2083       0.01101      9.58      2.00     7   6.5019
#        2084       0.00436     20.81      2.00     7   6.5022
#        2087       0.00874      4.81      2.00     6   6.5044
#        2088       0.00494     36.51      2.00     7   6.5045
#        2089       0.00515      4.51      2.00     5   6.5071
#        2090       0.00563     37.33      2.00     7   6.5077
#        2091       0.00540     20.97      2.00     7   6.5086
#        2092       0.01258      5.40      2.00     6   6.5098
#        2094       0.00450     12.43      2.00     6   6.5100
#        2095       0.00762      7.03      1.00     6   6.5106
#        2097       0.00536      4.41      2.00     5   6.5111
#        2098       0.00461      5.35      2.00     5   6.5118
#        2099       0.00551      5.26      1.00     6   6.5133
#        2100       0.00475     17.84      2.00     7   6.5134
#        2101       0.00889      5.02      2.00     6   6.5137
#        2102       0.00448     17.89      2.00     7   6.5142
#        2104       0.00467     11.94      2.00     6   6.5150
#        2105       0.00453      6.12      1.00     4   6.5153
#        2107       0.01004      6.83      2.00     7   6.5156
#        2108       0.01274      6.63      2.00     6   6.5157
#        2109       0.01099      7.43      2.00     7   6.5161
#        2110       0.00941     14.37      2.00     7   6.5161
#        2111       0.01121      9.51      2.00     7   6.5161
#        2112       0.00526      8.83      2.00     6   6.5169
#        2113       0.00865      5.15      2.00     6   6.5171
#        2114       0.01248     13.97      2.00     7   6.5171
#        2115       0.00944      4.03      2.00     7   6.5178
#        2116       0.00628     36.50      2.00     7   6.5182
#        2117       0.00618      5.30      2.00     5   6.5193
#        2118       0.00884     15.71      2.00     7   6.5191
#        2119       0.00544      8.62      2.00     6   6.5203
#        2121       0.00548      6.24      2.00     7   6.5212
#        2122       0.00870      5.76      2.00     7   6.5217
#        2124       0.00988     15.28      2.00     7   6.5224
#        2125       0.00697      4.10      2.00     5   6.5232
#        2126       0.00553      5.27      1.00     6   6.5231
#        2127       0.00556     19.95      2.00     7   6.5229
#        2128       0.00745      6.94      2.00     6   6.5238
#        2129       0.00532     25.97      2.00     7   6.5236
#        2130       0.01178      8.15      2.00     6   6.5242
#        2134       0.01034      5.32      2.00     6   6.5262
#        2135       0.00871     16.66      2.00     7   6.5265
#        2136       0.00796      6.78      1.00     6   6.5273
#        2137       0.00950      7.82      2.00     7   6.5286
#        2139       0.01083      9.60      2.00     7   6.5287
#        2140       0.01091     10.27      2.00     7   6.5287
#        2141       0.00902      5.68      2.00     7   6.5289
#        2145       0.01487      9.17      2.00     6   6.5299
#        2146       0.01003      6.47      2.00     7   6.5301
#        2147       0.01040      5.36      2.00     6   6.5311
#        2148       0.00921      5.11      2.00     6   6.5316
#        2151       0.00940     16.76      2.00     7   6.5326
#        2152       0.01349     11.56      2.00     7   6.5332
#        2154       0.01323     11.53      2.00     7   6.5332
#        2158       0.00534      4.67      2.00     4   6.5349
#        2162       0.01109     20.65      2.00     7   6.5361
#        2163       0.01245     13.65      2.00     7   6.5359
#        2165       0.00429      7.30      2.00     4   6.5374
#        2166       0.01053      8.30      2.00     6   6.5378
#        2167       0.01382      4.30      2.00     6   6.5387
#        2168       0.01000     14.51      2.00     7   6.5394
#        2169       0.01144     13.22      2.00     7   6.5394
#        2170       0.00806     10.03      2.00     7   6.5390
#        2171       0.00806      9.98      2.00     7   6.5390
#        2172       0.01284      8.57      2.00     7   6.5393
#        2173       0.01285      9.44      2.00     7   6.5393
#        2174       0.00490      5.60      2.00     4   6.5395
#        2178       0.00523      8.04      2.00     6   6.5407
#        2179       0.00813      4.06      2.00     5   6.5413
#        2180       0.01282      5.63      2.00     6   6.5413
#        2182       0.01161      8.32      2.00     6   6.5417
#  1654/2000 paths used
#  xsedge+50, used to normalize mu           1.0000E+00
#  -----------------------------------------------------------------------
#  omega    e    k    mu    mu0     chi     @#
    9725.850   -205.330  -7.200 -1.00472E-06 -2.25851E-06  3.22854E-06
    9728.583   -202.596  -7.150 -3.58168E-06 -5.07794E-06  3.34710E-06
    9731.298   -199.881  -7.100 -6.15863E-06 -7.89737E-06  3.45539E-06
    9733.994   -197.186  -7.050 -8.73559E-06 -1.07168E-05  3.55784E-06
    9736.670   -194.509  -7.000 -1.13125E-05 -1.35362E-05  3.66443E-06
    9739.328   -191.852  -6.950 -1.38895E-05 -1.63557E-05  3.78399E-06
    9741.966   -189.213  -6.900 -1.64665E-05 -1.91751E-05  3.91811E-06
    9744.585   -186.594  -6.850 -1.87264E-05 -2.19231E-05  4.08991E-06
    9747.186   -183.994  -6.800 -2.06274E-05 -2.45902E-05  4.29480E-06
    9749.767   -181.412  -6.750 -2.25283E-05 -2.72573E-05  4.49169E-06
    9752.329   -178.850  -6.700 -2.44293E-05 -2.99244E-05  4.68016E-06
    9754.872   -176.307  -6.650 -2.63303E-05 -3.25915E-05  4.86784E-06
    9757.396   -173.783  -6.600 -2.82312E-05 -3.52587E-05  5.06601E-06
    9759.902   -171.278  -6.550 -3.01322E-05 -3.79258E-05  5.28275E-06
    9762.388   -168.792  -6.500 -3.20332E-05 -4.05929E-05  5.51764E-06
    9764.855   -166.325  -6.450 -3.24690E-05 -4.31606E-05  5.81936E-06
    9767.302   -163.877  -6.400 -3.19562E-05 -4.56641E-05  6.16019E-06
    9769.731   -161.448  -6.350 -3.14435E-05 -4.81675E-05  6.49570E-06
    9772.141   -159.038  -6.300 -3.09307E-05 -5.06709E-05  6.82536E-06
    9774.532   -156.647  -6.250 -3.04179E-05 -5.31743E-05  7.15700E-06
    9776.904   -154.276  -6.200 -2.99051E-05 -5.56777E-05  7.50298E-06
    9779.256   -151.923  -6.150 -2.93923E-05 -5.81811E-05  7.87343E-06
    9781.590   -149.589  -6.100 -2.88795E-05 -6.06845E-05  8.27029E-06
    9783.904   -147.275  -6.050 -2.46737E-05 -6.31464E-05  8.77612E-06
    9786.200   -144.979  -6.000 -8.52760E-06 -6.54743E-05  9.59646E-06
    9788.476   -142.703  -5.950  7.61847E-06 -6.78021E-05  1.04380E-05
    9790.734   -140.445  -5.900  2.37645E-05 -7.01299E-05  1.12951E-05
    9792.972   -138.207  -5.850  3.99106E-05 -7.24577E-05  1.21713E-05
    9795.192   -135.988  -5.800  5.60567E-05 -7.47855E-05  1.30781E-05
    9797.392   -133.788  -5.750  7.22027E-05 -7.71133E-05  1.40299E-05
    9799.573   -131.606  -5.700  8.83488E-05 -7.94412E-05  1.50371E-05
    9801.735   -129.444  -5.650  1.04495E-04 -8.17690E-05  1.61006E-05
    9803.878   -127.301  -5.600  2.72000E-04 -8.40505E-05  1.85486E-05
    9806.002   -125.177  -5.550  9.11176E-04 -8.61877E-05  2.57702E-05
    9808.107   -123.072  -5.500  1.55035E-03 -8.83249E-05  3.39134E-05
    9810.193   -120.986  -5.450  2.18953E-03 -9.04621E-05  4.29470E-05
    9812.260   -118.919  -5.400  2.82870E-03 -9.25994E-05  5.28529E-05
    9814.308   -116.871  -5.350  3.46788E-03 -9.47366E-05  6.36289E-05
    9816.337   -114.842  -5.300  4.10706E-03 -9.68738E-05  7.52828E-05
    9818.347   -112.833  -5.250  4.74623E-03 -9.90110E-05  8.78184E-05
    9820.337   -110.842  -5.200  5.38541E-03 -1.01148E-04  1.01221E-04
    9822.309   -108.870  -5.150  6.02458E-03 -1.03285E-04  1.15450E-04
    9824.262   -106.918  -5.100  6.28179E-03 -1.05325E-04  1.16733E-04
    9826.195   -104.984  -5.050  6.09653E-03 -1.07252E-04  1.02418E-04
    9828.110   -103.070  -5.000  5.91128E-03 -1.09179E-04  8.82455E-05
    9830.005   -101.174  -4.950  5.72603E-03 -1.11105E-04  7.42548E-05
    9831.882    -99.298  -4.900  5.54077E-03 -1.13032E-04  6.04955E-05
    9833.739    -97.440  -4.850  5.35552E-03 -1.14959E-04  4.70241E-05
    9835.577    -95.602  -4.800  5.17027E-03 -1.16885E-04  3.38989E-05
    9837.397    -93.783  -4.750  4.98502E-03 -1.18812E-04  2.11745E-05
    9839.197    -91.982  -4.700  4.79976E-03 -1.20739E-04  8.89575E-06
    9840.978    -90.201  -4.650  4.61451E-03 -1.22666E-04 -2.90534E-06
    9842.740    -88.439  -4.600  4.42926E-03 -1.24592E-04 -1.42104E-05
    9844.483    -86.696  -4.550  4.19717E-03 -1.26365E-04 -1.80562E-05
    9846.207    -84.972  -4.500  3.93942E-03 -1.28053E-04 -1.76067E-05
    9847.912    -83.267  -4.450  3.68166E-03 -1.29740E-04 -1.67207E-05
    9849.598    -81.581  -4.400  3.42391E-03 -1.31428E-04 -1.54510E-05
    9851.265    -79.914  -4.350  3.16615E-03 -1.33116E-04 -1.38370E-05
    9852.913    -78.267  -4.300  2.90840E-03 -1.34804E-04 -1.18867E-05
    9854.542    -76.638  -4.250  2.65065E-03 -1.36491E-04 -9.56890E-06
    9856.151    -75.028  -4.200  2.39289E-03 -1.38179E-04 -6.81772E-06
    9857.742    -73.437  -4.150  2.13514E-03 -1.39867E-04 -3.55048E-06
    9859.314    -71.866  -4.100  1.87738E-03 -1.41555E-04  3.06733E-07
    9860.866    -70.313  -4.050  1.61963E-03 -1.43242E-04  4.79314E-06
    9862.400    -68.780  -4.000  1.36188E-03 -1.44930E-04  9.89559E-06
    9863.914    -67.265  -3.950  1.19347E-03 -1.46513E-04  7.21586E-05
    9865.410    -65.770  -3.900  1.17869E-03 -1.47915E-04  2.46232E-04
    9866.886    -64.293  -3.850  1.16391E-03 -1.49317E-04  4.09431E-04
    9868.343    -62.836  -3.800  1.14913E-03 -1.50719E-04  5.19050E-04
    9869.781    -61.398  -3.750  1.13434E-03 -1.52121E-04  5.38698E-04
    9871.201    -59.979  -3.700  1.11956E-03 -1.53523E-04  4.48167E-04
    9872.601    -58.578  -3.650  1.10478E-03 -1.54925E-04  2.50389E-04
    9873.982    -57.197  -3.600  1.09000E-03 -1.56327E-04 -2.63805E-05
    9875.344    -55.835  -3.550  1.07522E-03 -1.57730E-04 -3.32089E-04
    9876.687    -54.492  -3.500  1.06044E-03 -1.59132E-04 -6.03776E-04
    9878.011    -53.168  -3.450  1.04565E-03 -1.60534E-04 -7.78262E-04
    9879.316    -51.863  -3.400  1.03087E-03 -1.61936E-04 -8.06075E-04
    9880.602    -50.577  -3.350  1.01609E-03 -1.63338E-04 -6.63649E-04
    9881.869    -49.311  -3.300  1.00131E-03 -1.64740E-04 -3.60934E-04
    9883.116    -48.063  -3.250  9.86525E-04 -1.66142E-04  5.75777E-05
    9884.345    -46.834  -3.200  9.84873E-04 -1.67230E-04  1.23947E-03
    9885.555    -45.624  -3.150  9.86431E-04 -1.68242E-04  3.45959E-03
    9886.745    -44.434  -3.100  9.87990E-04 -1.69253E-04  6.09577E-03
    9887.917    -43.262  -3.050  9.89548E-04 -1.70264E-04  8.46129E-03
    9889.070    -42.110  -3.000  9.91106E-04 -1.71275E-04  9.91446E-03
    9890.203    -40.976  -2.950  9.92665E-04 -1.72287E-04  9.98190E-03
    9891.317    -39.862  -2.900  9.94223E-04 -1.73298E-04  8.41147E-03
    9892.413    -38.767  -2.850  9.95782E-04 -1.74309E-04  5.16795E-03
    9893.489    -37.690  -2.800  9.97340E-04 -1.75320E-04  4.10775E-04
    9894.546    -36.633  -2.750  9.98899E-04 -1.76332E-04 -5.50917E-03
    9895.585    -35.595  -2.700  1.00046E-03 -1.77343E-04 -1.20248E-02
    9896.604    -34.576  -2.650  1.00202E-03 -1.78354E-04 -1.83292E-02
    9897.604    -33.575  -2.600  1.00357E-03 -1.79366E-04 -2.34051E-02
    9898.585    -32.594  -2.550  1.00513E-03 -1.80377E-04 -2.61522E-02
    9899.547    -31.632  -2.500  1.00669E-03 -1.81388E-04 -2.56137E-02
    9900.490    -30.689  -2.450  1.00825E-03 -1.82399E-04 -2.12510E-02
    9901.414    -29.765  -2.400  1.00981E-03 -1.83411E-04 -1.31727E-02
    9902.319    -28.861  -2.350  1.01137E-03 -1.84422E-04 -2.22039E-03
    9903.205    -27.975  -2.300  1.01292E-03 -1.85433E-04  1.01404E-02
    9904.071    -27.108  -2.250  9.58072E-04 -1.86030E-04  5.69376E+01
    9904.919    -26.260  -2.200  8.91086E-04 -1.86538E-04  1.01524E+02
    9905.748    -25.432  -2.150  8.24100E-04 -1.87047E-04  6.83937E+01
    9906.557    -24.622  -2.100  7.57115E-04 -1.87555E-04 -3.99193E+01
    9907.348    -23.831  -2.050  6.90129E-04 -1.88063E-04 -1.62740E+02
    9908.119    -23.060  -2.000  6.23143E-04 -1.88571E-04 -2.23713E+02
    9908.872    -22.307  -1.950  5.56158E-04 -1.89079E-04 -1.86051E+02
    9909.605    -21.574  -1.900  4.89172E-04 -1.89587E-04 -8.07316E+01
    9910.320    -20.860  -1.850  4.22186E-04 -1.90095E-04  1.36954E+01
    9911.015    -20.164  -1.800  3.55200E-04 -1.90603E-04  2.69611E+01
    9911.691    -19.488  -1.750  2.88215E-04 -1.91112E-04 -5.00450E+01
    9912.349    -18.831  -1.700  2.21229E-04 -1.91620E-04 -1.53423E+02
    9912.987    -18.193  -1.650  1.54243E-04 -1.92128E-04 -1.86173E+02
    9913.606    -17.573  -1.600  7.54105E-05 -1.92504E-04  1.58414E+02
    9914.206    -16.973  -1.550 -9.43400E-06 -1.92640E-04  1.90491E+02
    9914.787    -16.392  -1.500 -6.52691E-05 -1.92706E-04 -2.47911E+01
    9915.349    -15.830  -1.450 -7.26552E-05 -1.92695E-04 -3.95491E+01
    9915.892    -15.287  -1.400 -2.27357E-05 -1.92601E-04 -3.20749E+01
    9916.416    -14.764  -1.350  7.30944E-05 -1.92413E-04 -2.41539E+01
    9916.921    -14.259  -1.300  2.01302E-04 -1.92122E-04 -1.80484E+01
    9917.406    -13.773  -1.250  3.51724E-04 -1.91713E-04 -1.50419E+01
    9917.873    -13.306  -1.200  5.16224E-04 -1.91174E-04 -1.55962E+01
    9918.321    -12.859  -1.150  6.88024E-04 -1.90483E-04 -1.57157E+01
    9918.749    -12.430  -1.100  8.61273E-04 -1.89622E-04 -6.67870E+00
    9919.159    -12.020  -1.050  1.03127E-03 -1.88563E-04  1.42420E+01
    9919.549    -11.630  -1.000  1.19456E-03 -1.87273E-04  3.41284E+01
    9919.921    -11.258  -0.950  1.34833E-03 -1.85715E-04  3.78336E+01
    9920.273    -10.906  -0.900  1.49126E-03 -1.83847E-04  2.40779E+01
    9920.607    -10.573  -0.850  1.62238E-03 -1.81607E-04  2.76225E+00
    9920.921    -10.258  -0.800  1.74173E-03 -1.78935E-04 -1.58288E+01
    9921.216     -9.963  -0.750  1.84946E-03 -1.75752E-04 -2.66586E+01
    9921.492     -9.687  -0.700  1.94622E-03 -1.71975E-04 -2.95219E+01
    9921.750     -9.430  -0.650  2.03284E-03 -1.67519E-04 -2.66085E+01
    9921.988     -9.192  -0.600  2.11008E-03 -1.62276E-04 -2.06044E+01
    9922.207     -8.972  -0.550  2.17900E-03 -1.56203E-04 -1.36438E+01
    9922.407     -8.772  -0.500  2.24043E-03 -1.49300E-04 -7.07195E+00
    9922.588     -8.591  -0.450  2.29509E-03 -1.41663E-04 -1.54634E+00
    9922.750     -8.430  -0.400  2.34350E-03 -1.33505E-04  2.75344E+00
    9922.893     -8.287  -0.350  2.38546E-03 -1.25183E-04  5.86989E+00
    9923.016     -8.163  -0.300  2.42169E-03 -1.17144E-04  8.04663E+00
    9923.121     -8.058  -0.250  2.45201E-03 -1.09830E-04  9.48584E+00
    9923.207     -7.972  -0.200  2.47619E-03 -1.03658E-04  1.03844E+01
    9923.274     -7.906  -0.150  2.50987E-03 -8.34585E-05  1.09196E+01
    9923.321     -7.858  -0.100  2.58264E-03 -1.70181E-05  1.11335E+01
    9923.350     -7.829  -0.050  2.65542E-03  4.94223E-05  1.13190E+01
    9923.359     -7.820   0.000  2.72819E-03  1.15863E-04  1.14763E+01
    9923.369     -7.810   0.050  2.76551E-03  1.18971E-04  1.16004E+01
    9923.397     -7.782   0.100  2.79718E-03  1.21888E-04  1.17002E+01
    9923.445     -7.734   0.150  2.82345E-03  1.24806E-04  1.17759E+01
    9923.512     -7.668   0.200  2.86133E-03  1.30319E-04  1.18633E+01
    9923.597     -7.582   0.250  2.87818E-03  1.37232E-04  1.18378E+01
    9923.702     -7.477   0.300  2.85172E-03  1.45304E-04  1.16083E+01
    9923.826     -7.353   0.350  2.76106E-03  1.54184E-04  1.10941E+01
    9923.969     -7.210   0.400  2.58973E-03  1.63466E-04  1.02375E+01
    9924.131     -7.048   0.450  2.32724E-03  1.72750E-04  9.00735E+00
    9924.312     -6.867   0.500  1.97699E-03  1.81675E-04  7.43405E+00
    9924.512     -6.667   0.550  1.55422E-03  1.90024E-04  5.59370E+00
    9924.731     -6.448   0.600  1.08610E-03  1.97685E-04  3.60704E+00
    9924.969     -6.210   0.650  6.08572E-04  2.04636E-04  1.62410E+00
    9925.226     -5.953   0.700  1.60922E-04  2.10879E-04 -1.98974E-01
    9925.502     -5.677   0.750 -2.18944E-04  2.16487E-04 -1.71873E+00
    9925.798     -5.382   0.800 -5.02653E-04  2.21507E-04 -2.83452E+00
    9926.112     -5.067   0.850 -6.74545E-04  2.25986E-04 -3.49779E+00
    9926.445     -4.734   0.900 -7.33574E-04  2.29962E-04 -3.71689E+00
    9926.798     -4.381   0.950 -6.90637E-04  2.33468E-04 -3.54347E+00
    9927.169     -4.010   1.000 -5.70205E-04  2.36535E-04 -3.07787E+00
    9927.560     -3.619   1.050 -3.99320E-04  2.39182E-04 -2.42618E+00
    9927.969     -3.210   1.100 -2.05799E-04  2.41423E-04 -1.69431E+00
    9928.398     -2.781   1.150 -1.40349E-05  2.43279E-04 -9.72939E-01
    9928.846     -2.334   1.200  1.56837E-04  2.44775E-04 -3.32207E-01
    9929.312     -1.867   1.250  2.94591E-04  2.45914E-04  1.83911E-01
    9929.798     -1.381   1.300  3.93540E-04  2.46729E-04  5.55308E-01
    9930.303     -0.876   1.350  4.53721E-04  2.47231E-04  7.82654E-01
    9930.827     -0.352   1.400  4.79234E-04  2.47440E-04  8.81227E-01
    9931.370      0.191   1.450  4.76796E-04  2.47382E-04  8.75563E-01
    9931.932      0.753   1.500  4.54336E-04  2.47071E-04  7.94749E-01
    9932.513      1.334   1.550  4.19784E-04  2.46536E-04  6.67939E-01
    9933.113      1.934   1.600  3.80294E-04  2.45794E-04  5.21741E-01
    9933.732      2.553   1.650  3.41711E-04  2.44871E-04  3.78210E-01
    9934.370      3.191   1.700  3.08231E-04  2.43785E-04  2.53546E-01
    9935.027      3.848   1.750  2.82384E-04  2.42559E-04  1.57919E-01
    9935.704      4.524   1.800  2.65148E-04  2.41210E-04  9.57119E-02
    9936.399      5.220   1.850  2.56103E-04  2.39759E-04  6.59226E-02
    9937.113      5.934   1.900  2.53829E-04  2.38219E-04  6.35311E-02
    9937.847      6.668   1.950  2.56291E-04  2.36608E-04  8.08562E-02
    9938.599      7.420   2.000  2.61207E-04  2.34940E-04  1.08936E-01
    9939.371      8.192   2.050  2.66404E-04  2.33222E-04  1.38949E-01
    9940.161      8.982   2.100  2.70113E-04  2.31463E-04  1.63436E-01
    9940.971      9.792   2.150  2.71072E-04  2.29641E-04  1.76965E-01
    9941.800     10.620   2.200  2.68576E-04  2.27686E-04  1.76579E-01
    9942.647     11.468   2.250  2.62643E-04  2.25619E-04  1.61799E-01
    9943.514     12.335   2.300  2.53909E-04  2.23508E-04  1.34483E-01
    9944.400     13.221   2.350  2.44166E-04  2.22034E-04  9.90631E-02
    9945.305     14.126   2.400  2.34849E-04  2.21267E-04  6.13762E-02
    9946.229     15.050   2.450  2.26868E-04  2.21003E-04  2.66848E-02
    9947.172     15.992   2.500  2.20820E-04  2.21097E-04 -1.26680E-03
    9948.134     16.954   2.550  2.17065E-04  2.21551E-04 -2.05220E-02
    9949.115     17.936   2.600  2.15740E-04  2.22342E-04 -3.01675E-02
    9950.115     18.936   2.650  2.16346E-04  2.23385E-04 -3.20829E-02
    9951.134     19.955   2.700  2.18031E-04  2.24742E-04 -3.05038E-02
    9952.172     20.993   2.750  2.18933E-04  2.25751E-04 -3.08968E-02
    9953.230     22.050   2.800  2.17807E-04  2.26091E-04 -3.74781E-02
    9954.306     23.127   2.850  2.15299E-04  2.26065E-04 -4.87065E-02
    9955.401     24.222   2.900  2.11897E-04  2.25808E-04 -6.29950E-02
    9956.516     25.336   2.950  2.08024E-04  2.25427E-04 -7.89327E-02
    9957.649     26.470   3.000  2.04030E-04  2.24962E-04 -9.51028E-02
    9958.802     27.622   3.050  2.00277E-04  2.24451E-04 -1.10023E-01
    9959.973     28.794   3.100  1.97111E-04  2.23933E-04 -1.22277E-01
    9961.164     29.985   3.150  1.94840E-04  2.23437E-04 -1.30533E-01
    9962.374     31.194   3.200  1.93735E-04  2.22998E-04 -1.33689E-01
    9963.602     32.423   3.250  1.93953E-04  2.22599E-04 -1.30922E-01
    9964.850     33.671   3.300  1.95530E-04  2.22229E-04 -1.22048E-01
    9966.117     34.938   3.350  1.98399E-04  2.21901E-04 -1.07428E-01
    9967.403     36.223   3.400  2.02313E-04  2.21600E-04 -8.81374E-02
    9968.708     37.528   3.450  2.06941E-04  2.21352E-04 -6.58275E-02
    9970.032     38.852   3.500  2.11855E-04  2.21134E-04 -4.23592E-02
    9971.375     40.195   3.550  2.16672E-04  2.20963E-04 -1.95746E-02
    9972.737     41.557   3.600  2.21057E-04  2.20833E-04  1.01878E-03
    9974.118     42.939   3.650  2.24778E-04  2.20743E-04  1.83662E-02
    9975.518     44.339   3.700  2.27734E-04  2.20701E-04  3.19753E-02
    9976.937     45.758   3.750  2.29907E-04  2.20690E-04  4.18488E-02
    9978.376     47.196   3.800  2.31397E-04  2.20722E-04  4.84002E-02
    9979.833     48.654   3.850  2.32337E-04  2.20786E-04  5.22854E-02
    9981.309     50.130   3.900  2.32902E-04  2.20893E-04  5.42638E-02
    9982.805     51.625   3.950  2.33227E-04  2.21022E-04  5.50556E-02
    9984.319     53.140   4.000  2.33458E-04  2.21189E-04  5.52481E-02
    9985.853     54.673   4.050  2.33668E-04  2.21381E-04  5.52324E-02
    9987.405     56.226   4.100  2.33895E-04  2.21595E-04  5.51857E-02
    9988.977     57.798   4.150  2.34134E-04  2.21830E-04  5.50973E-02
    9990.567     59.388   4.200  2.34333E-04  2.22076E-04  5.47889E-02
    9992.177     60.998   4.250  2.34446E-04  2.22343E-04  5.40006E-02
    9993.806     62.627   4.300  2.34383E-04  2.22613E-04  5.24250E-02
    9995.454     64.275   4.350  2.34094E-04  2.22899E-04  4.97736E-02
    9997.121     65.941   4.400  2.33498E-04  2.23175E-04  4.58173E-02
    9998.807     67.627   4.450  2.32585E-04  2.23460E-04  4.04343E-02
   10000.512     69.332   4.500  2.31331E-04  2.23735E-04  3.36082E-02
   10002.236     71.056   4.550  2.29769E-04  2.24008E-04  2.54525E-02
   10003.979     72.799   4.600  2.27937E-04  2.24270E-04  1.61809E-02
   10005.741     74.561   4.650  2.25902E-04  2.24512E-04  6.12445E-03
   10007.522     76.343   4.700  2.23760E-04  2.24743E-04 -4.32544E-03
   10009.322     78.143   4.750  2.21603E-04  2.24950E-04 -1.47198E-02
   10011.141     79.962   4.800  2.19546E-04  2.25143E-04 -2.45894E-02
   10012.980     81.800   4.850  2.17687E-04  2.25313E-04 -3.34777E-02
   10014.837     83.658   4.900  2.16115E-04  2.25454E-04 -4.09702E-02
   10016.714     85.534   4.950  2.14916E-04  2.25575E-04 -4.67362E-02
   10018.609     87.430   5.000  2.14132E-04  2.25664E-04 -5.05448E-02
   10020.523     89.344   5.050  2.13794E-04  2.25726E-04 -5.22857E-02
   10022.457     91.278   5.100  2.13900E-04  2.25763E-04 -5.19752E-02
   10024.410     93.230   5.150  2.14408E-04  2.25765E-04 -4.97576E-02
   10026.381     95.202   5.200  2.15280E-04  2.25751E-04 -4.58784E-02
   10028.372     97.193   5.250  2.16424E-04  2.25702E-04 -4.06615E-02
   10030.382     99.203   5.300  2.17766E-04  2.25630E-04 -3.44756E-02
   10032.411    101.231   5.350  2.19218E-04  2.25532E-04 -2.76912E-02
   10034.459    103.279   5.400  2.20703E-04  2.25410E-04 -2.06547E-02
   10036.525    105.346   5.450  2.22156E-04  2.25268E-04 -1.36651E-02
   10038.611    107.432   5.500  2.23523E-04  2.25105E-04 -6.94941E-03
   10040.716    109.537   5.550  2.24771E-04  2.24924E-04 -6.73842E-04
   10042.840    111.661   5.600  2.25875E-04  2.24725E-04  5.06107E-03
   10044.984    113.804   5.650  2.26830E-04  2.24512E-04  1.02078E-02
   10047.146    115.966   5.700  2.27632E-04  2.24283E-04  1.47552E-02
   10049.327    118.148   5.750  2.28296E-04  2.24052E-04  1.87179E-02
   10051.527    120.348   5.800  2.28821E-04  2.23810E-04  2.21224E-02
   10053.747    122.567   5.850  2.29217E-04  2.23560E-04  2.49920E-02
   10055.985    124.806   5.900  2.29492E-04  2.23310E-04  2.73366E-02
   10058.242    127.063   5.950  2.29643E-04  2.23058E-04  2.91438E-02
   10060.519    129.340   6.000  2.29665E-04  2.22810E-04  3.03705E-02
   10062.814    131.635   6.050  2.29543E-04  2.22565E-04  3.09401E-02
   10065.129    133.950   6.100  2.29254E-04  2.22323E-04  3.07550E-02
   10067.463    136.283   6.150  2.28775E-04  2.22085E-04  2.97106E-02
   10069.815    138.636   6.200  2.28092E-04  2.21856E-04  2.77187E-02
   10072.187    141.008   6.250  2.27197E-04  2.21635E-04  2.47406E-02
   10074.578    143.398   6.300  2.26101E-04  2.21425E-04  2.08094E-02
   10076.987    145.808   6.350  2.24833E-04  2.21231E-04  1.60457E-02
   10079.416    148.237   6.400  2.23433E-04  2.21042E-04  1.06567E-02
   10081.864    150.685   6.450  2.21973E-04  2.20870E-04  4.91996E-03
   10084.331    153.152   6.500  2.20518E-04  2.20709E-04 -8.51253E-04
   10086.817    155.638   6.550  2.19138E-04  2.20559E-04 -6.34759E-03
   10089.322    158.143   6.600  2.17896E-04  2.20426E-04 -1.13009E-02
   10091.846    160.667   6.650  2.16831E-04  2.20303E-04 -1.55166E-02
   10094.390    163.210   6.700  2.15969E-04  2.20192E-04 -1.88799E-02
   10096.952    165.772   6.750  2.15318E-04  2.20092E-04 -2.13520E-02
   10099.533    168.354   6.800  2.14874E-04  2.20002E-04 -2.29505E-02
   10102.133    170.954   6.850  2.14628E-04  2.19927E-04 -2.37222E-02
   10104.753    173.573   6.900  2.14561E-04  2.19857E-04 -2.37179E-02
   10107.391    176.212   6.950  2.14666E-04  2.19794E-04 -2.29747E-02
   10110.049    178.869   7.000  2.14940E-04  2.19740E-04 -2.15161E-02
   10112.725    181.546   7.050  2.15376E-04  2.19694E-04 -1.93622E-02
   10115.421    184.241   7.100  2.15956E-04  2.19646E-04 -1.65500E-02
   10118.135    186.956   7.150  2.16676E-04  2.19607E-04 -1.31532E-02
   10120.869    189.690   7.200  2.17493E-04  2.19564E-04 -9.29798E-03
   10123.622    192.442   7.250  2.18373E-04  2.19523E-04 -5.16381E-03
   10126.393    195.214   7.300  2.19263E-04  2.19479E-04 -9.73967E-04
   10129.184    198.005   7.350  2.20106E-04  2.19433E-04  3.02784E-03
   10131.994    200.815   7.400  2.20848E-04  2.19379E-04  6.60900E-03
   10134.823    203.644   7.450  2.21449E-04  2.19322E-04  9.57759E-03
   10137.671    206.492   7.500  2.21878E-04  2.19257E-04  1.18064E-02
   10140.538    209.359   7.550  2.22121E-04  2.19183E-04  1.32462E-02
   10143.424    212.245   7.600  2.22183E-04  2.19097E-04  1.39245E-02
   10146.329    215.150   7.650  2.22087E-04  2.19002E-04  1.39324E-02
   10149.253    218.074   7.700  2.21861E-04  2.18896E-04  1.34018E-02
   10152.197    221.017   7.750  2.21536E-04  2.18778E-04  1.24802E-02
   10155.159    223.980   7.800  2.21141E-04  2.18645E-04  1.13038E-02
   10158.140    226.961   7.850  2.20707E-04  2.18505E-04  9.98018E-03
   10161.140    229.961   7.900  2.20238E-04  2.18349E-04  8.57786E-03
   10164.160    232.981   7.950  2.19744E-04  2.18176E-04  7.12913E-03
   10167.198    236.019   8.000  2.19235E-04  2.17996E-04  5.63632E-03
   10170.256    239.077   8.050  2.18696E-04  2.17799E-04  4.08805E-03
   10173.332    242.153   8.100  2.18128E-04  2.17586E-04  2.47543E-03
   10176.428    245.249   8.150  2.17543E-04  2.17366E-04  8.06357E-04
   10179.543    248.363   8.200  2.16939E-04  2.17132E-04 -8.86051E-04
   10182.676    251.497   8.250  2.16338E-04  2.16893E-04 -2.54311E-03
   10185.829    254.650   8.300  2.15748E-04  2.16639E-04 -4.08731E-03
   10189.001    257.822   8.350  2.15197E-04  2.16380E-04 -5.43390E-03
   10192.192    261.013   8.400  2.14700E-04  2.16114E-04 -6.50713E-03
   10195.402    264.222   8.450  2.14265E-04  2.15839E-04 -7.25319E-03
   10198.631    267.451   8.500  2.13903E-04  2.15560E-04 -7.64993E-03
   10201.879    270.699   8.550  2.13609E-04  2.15277E-04 -7.70993E-03
   10205.146    273.967   8.600  2.13377E-04  2.14991E-04 -7.47494E-03
   10208.432    277.253   8.650  2.13192E-04  2.14703E-04 -7.00508E-03
   10211.737    280.558   8.700  2.13045E-04  2.14416E-04 -6.36529E-03
   10215.061    283.882   8.750  2.12923E-04  2.14130E-04 -5.61108E-03
   10218.405    287.225   8.800  2.12820E-04  2.13846E-04 -4.77968E-03
   10221.767    290.588   8.850  2.12735E-04  2.13569E-04 -3.88694E-03
   10225.148    293.969   8.900  2.12664E-04  2.13292E-04 -2.93229E-03
   10228.549    297.369   8.950  2.12611E-04  2.13019E-04 -1.90889E-03
   10231.968    300.789   9.000  2.12578E-04  2.12753E-04 -8.17356E-04
   10235.407    304.227   9.050  2.12565E-04  2.12496E-04  3.24179E-04
   10238.864    307.685   9.100  2.12561E-04  2.12247E-04  1.47415E-03
   10242.341    311.161   9.150  2.12550E-04  2.12003E-04  2.56955E-03
   10245.836    314.657   9.200  2.12520E-04  2.11769E-04  3.53589E-03
   10249.351    318.172   9.250  2.12456E-04  2.11543E-04  4.30242E-03
   10252.885    321.706   9.300  2.12349E-04  2.11327E-04  4.81826E-03
   10256.438    325.258   9.350  2.12193E-04  2.11120E-04  5.06433E-03
   10260.010    328.830   9.400  2.11995E-04  2.10925E-04  5.05828E-03
   10263.600    332.421   9.450  2.11762E-04  2.10737E-04  4.84912E-03
   10267.210    336.031   9.500  2.11509E-04  2.10559E-04  4.50400E-03
   10270.839    339.660   9.550  2.11247E-04  2.10385E-04  4.08963E-03
   10274.488    343.308   9.600  2.10993E-04  2.10223E-04  3.65492E-03
   10278.155    346.975   9.650  2.10744E-04  2.10066E-04  3.21858E-03
   10281.841    350.661   9.700  2.10494E-04  2.09912E-04  2.76725E-03
   10285.546    354.367   9.750  2.10241E-04  2.09765E-04  2.26332E-03
   10289.270    358.091   9.800  2.09974E-04  2.09626E-04  1.66097E-03
   10293.014    361.834   9.850  2.09682E-04  2.09488E-04  9.25818E-04
   10296.776    365.597   9.900  2.09368E-04  2.09357E-04  5.18947E-05
   10300.557    369.378   9.950  2.09026E-04  2.09221E-04 -9.29062E-04
   10304.358    373.178  10.000  2.08683E-04  2.09091E-04 -1.94850E-03
   10308.177    376.998  10.050  2.08345E-04  2.08954E-04 -2.91286E-03
   10312.016    380.837  10.100  2.08041E-04  2.08819E-04 -3.72198E-03
   10315.873    384.694  10.150  2.07788E-04  2.08684E-04 -4.29006E-03
   10319.750    388.571  10.200  2.07588E-04  2.08540E-04 -4.56254E-03
   10323.646    392.467  10.250  2.07454E-04  2.08397E-04 -4.52591E-03
   10327.561    396.381  10.300  2.07367E-04  2.08244E-04 -4.20702E-03
   10331.494    400.315  10.350  2.07329E-04  2.08091E-04 -3.66427E-03
   10335.447    404.268  10.400  2.07307E-04  2.07925E-04 -2.97308E-03
   10339.419    408.240  10.450  2.07303E-04  2.07762E-04 -2.21006E-03
   10343.410    412.231  10.500  2.07287E-04  2.07585E-04 -1.43987E-03
   10347.420    416.241  10.550  2.07257E-04  2.07404E-04 -7.08560E-04
   10351.449    420.270  10.600  2.07207E-04  2.07215E-04 -4.22406E-05
   10355.497    424.318  10.650  2.07132E-04  2.07018E-04  5.48167E-04
   10359.564    428.385  10.700  2.07036E-04  2.06817E-04  1.06065E-03
   10363.651    432.471  10.750  2.06916E-04  2.06608E-04  1.49490E-03
   10367.756    436.577  10.800  2.06771E-04  2.06390E-04  1.84848E-03
   10371.880    440.701  10.850  2.06598E-04  2.06163E-04  2.11552E-03
   10376.024    444.844  10.900  2.06405E-04  2.05934E-04  2.28877E-03
   10380.186    449.007  10.950  2.06187E-04  2.05701E-04  2.36268E-03
   10384.367    453.188  11.000  2.05940E-04  2.05460E-04  2.33684E-03
   10388.568    457.389  11.050  2.05667E-04  2.05212E-04  2.21725E-03
   10392.788    461.608  11.100  2.05375E-04  2.04962E-04  2.01612E-03
   10397.026    465.847  11.150  2.05063E-04  2.04705E-04  1.74948E-03
   10401.284    470.104  11.200  2.04739E-04  2.04446E-04  1.43425E-03
   10405.560    474.381  11.250  2.04409E-04  2.04187E-04  1.08589E-03
   10409.856    478.677  11.300  2.04074E-04  2.03928E-04  7.17005E-04
   10414.171    482.992  11.350  2.03730E-04  2.03661E-04  3.37947E-04
   10418.505    487.326  11.400  2.03392E-04  2.03400E-04 -4.15856E-05
   10422.858    491.679  11.450  2.03050E-04  2.03133E-04 -4.10540E-04
   10427.230    496.050  11.500  2.02720E-04  2.02873E-04 -7.54932E-04
   10431.621    500.441  11.550  2.02397E-04  2.02611E-04 -1.05811E-03
   10436.031    504.852  11.600  2.02083E-04  2.02346E-04 -1.30209E-03
   10440.460    509.281  11.650  2.01792E-04  2.02090E-04 -1.47065E-03
   10444.908    513.729  11.700  2.01525E-04  2.01838E-04 -1.55230E-03
   10449.375    518.196  11.750  2.01277E-04  2.01589E-04 -1.54323E-03
   10453.862    522.682  11.800  2.01050E-04  2.01342E-04 -1.44851E-03
   10458.367    527.188  11.850  2.00837E-04  2.01095E-04 -1.28113E-03
   10462.891    531.712  11.900  2.00643E-04  2.00856E-04 -1.06004E-03
   10467.435    536.255  11.950  2.00464E-04  2.00626E-04 -8.06699E-04
   10471.997    540.818  12.000  2.00289E-04  2.00397E-04 -5.41389E-04
   10476.579    545.399  12.050  2.00115E-04  2.00171E-04 -2.80806E-04
   10481.179    550.000  12.100  1.99945E-04  1.99952E-04 -3.65583E-05
   10485.799    554.619  12.150  1.99771E-04  1.99734E-04  1.84543E-04
   10490.437    559.258  12.200  1.99600E-04  1.99524E-04  3.79337E-04
   10495.095    563.916  12.250  1.99425E-04  1.99316E-04  5.46285E-04
   10499.772    568.593  12.300  1.99247E-04  1.99110E-04  6.84068E-04
   10504.468    573.288  12.350  1.99068E-04  1.98910E-04  7.90585E-04
   10509.183    578.003  12.400  1.98884E-04  1.98712E-04  8.63201E-04
   10513.916    582.737  12.450  1.98693E-04  1.98513E-04  8.99449E-04
   10518.669    587.490  12.500  1.98496E-04  1.98317E-04  8.98310E-04
   10523.441    592.262  12.550  1.98296E-04  1.98125E-04  8.60717E-04
   10528.232    597.053  12.600  1.98086E-04  1.97930E-04  7.90094E-04
   10533.043    601.863  12.650  1.97875E-04  1.97737E-04  6.91612E-04
   10537.872    606.692  12.700  1.97652E-04  1.97539E-04  5.71078E-04
   10542.720    611.541  12.750  1.97429E-04  1.97343E-04  4.34066E-04
   10547.587    616.408  12.800  1.97199E-04  1.97142E-04  2.84932E-04
   10552.473    621.294  12.850  1.96968E-04  1.96943E-04  1.27203E-04
   10557.379    626.200  12.900  1.96736E-04  1.96743E-04 -3.58698E-05
   10562.303    631.124  12.950  1.96495E-04  1.96535E-04 -1.99937E-04
   10567.247    636.067  13.000  1.96253E-04  1.96323E-04 -3.58822E-04
   10572.209    641.030  13.050  1.96006E-04  1.96105E-04 -5.03866E-04
   10577.191    646.011  13.100  1.95763E-04  1.95886E-04 -6.24898E-04
   10582.191    651.012  13.150  1.95524E-04  1.95664E-04 -7.11623E-04
   10587.211    656.032  13.200  1.95286E-04  1.95435E-04 -7.56034E-04
   10592.250    661.070  13.250  1.95049E-04  1.95197E-04 -7.54203E-04
   10597.307    666.128  13.300  1.94819E-04  1.94958E-04 -7.07687E-04
   10602.384    671.205  13.350  1.94593E-04  1.94715E-04 -6.23665E-04
   10607.480    676.301  13.400  1.94361E-04  1.94461E-04 -5.13343E-04
   10612.595    681.416  13.450  1.94132E-04  1.94208E-04 -3.90048E-04
   10617.729    686.550  13.500  1.93897E-04  1.93949E-04 -2.66031E-04
   10622.882    691.703  13.550  1.93652E-04  1.93682E-04 -1.50635E-04
   10628.054    696.875  13.600  1.93408E-04  1.93418E-04 -4.85705E-05
   10633.245    702.066  13.650  1.93149E-04  1.93141E-04  3.98162E-05
   10638.455    707.276  13.700  1.92893E-04  1.92870E-04  1.17923E-04
   10643.685    712.505  13.750  1.92628E-04  1.92591E-04  1.90305E-04
   10648.933    717.753  13.800  1.92360E-04  1.92310E-04  2.61036E-04
   10654.200    723.021  13.850  1.92088E-04  1.92024E-04  3.31972E-04
   10659.486    728.307  13.900  1.91821E-04  1.91744E-04  4.01750E-04
   10664.792    733.613  13.950  1.91546E-04  1.91456E-04  4.66039E-04
   10670.116    738.937  14.000  1.91272E-04  1.91173E-04  5.18558E-04
   10675.460    744.280  14.050  1.90992E-04  1.90887E-04  5.52265E-04
   10680.822    749.643  14.100  1.90706E-04  1.90599E-04  5.61217E-04
   10686.204    755.025  14.150  1.90421E-04  1.90318E-04  5.41361E-04
   10691.605    760.425  14.200  1.90132E-04  1.90038E-04  4.91494E-04
   10697.024    765.845  14.250  1.89830E-04  1.89752E-04  4.13359E-04
   10702.463    771.284  14.300  1.89538E-04  1.89479E-04  3.11050E-04
   10707.921    776.742  14.350  1.89238E-04  1.89202E-04  1.90823E-04
   10713.398    782.218  14.400  1.88942E-04  1.88931E-04  6.00085E-05
   10718.894    787.714  14.450  1.88642E-04  1.88656E-04 -7.35595E-05
   10724.409    793.229  14.500  1.88354E-04  1.88393E-04 -2.02096E-04
   10729.943    798.763  14.550  1.88066E-04  1.88127E-04 -3.18316E-04
   10735.496    804.316  14.600  1.87789E-04  1.87867E-04 -4.16191E-04
   10741.068    809.888  14.650  1.87518E-04  1.87610E-04 -4.91095E-04
   10746.659    815.480  14.700  1.87257E-04  1.87359E-04 -5.40170E-04
   10752.269    821.090  14.750  1.87003E-04  1.87109E-04 -5.62719E-04
   10757.898    826.719  14.800  1.86757E-04  1.86862E-04 -5.59615E-04
   10763.547    832.367  14.850  1.86520E-04  1.86619E-04 -5.33393E-04
   10769.214    838.035  14.900  1.86282E-04  1.86374E-04 -4.87345E-04
   10774.900    843.721  14.950  1.86055E-04  1.86134E-04 -4.25005E-04
   10780.606    849.427  15.000  1.85830E-04  1.85895E-04 -3.49573E-04
   10786.330    855.151  15.050  1.85615E-04  1.85664E-04 -2.63363E-04
   10792.074    860.895  15.100  1.85395E-04  1.85427E-04 -1.68165E-04
   10797.836    866.657  15.150  1.85183E-04  1.85195E-04 -6.51009E-05
   10803.618    872.439  15.200  1.84966E-04  1.84958E-04  4.43031E-05
   10809.419    878.240  15.250  1.84756E-04  1.84727E-04  1.57585E-04
   10815.239    884.059  15.300  1.84540E-04  1.84489E-04  2.71108E-04
   10821.077    889.898  15.350  1.84328E-04  1.84258E-04  3.79751E-04
   10826.935    895.756  15.400  1.84108E-04  1.84020E-04  4.77368E-04
   10832.812    901.633  15.450  1.83884E-04  1.83781E-04  5.57429E-04
   10838.708    907.529  15.500  1.83654E-04  1.83541E-04  6.14013E-04
   10844.623    913.444  15.550  1.83417E-04  1.83299E-04  6.42580E-04
   10850.557    919.378  15.600  1.83170E-04  1.83052E-04  6.40809E-04
   10856.510    925.331  15.650  1.82915E-04  1.82804E-04  6.08539E-04
   10862.482    931.303  15.700  1.82652E-04  1.82552E-04  5.47692E-04
   10868.474    937.294  15.750  1.82380E-04  1.82296E-04  4.61400E-04
   10874.484    943.305  15.800  1.82107E-04  1.82042E-04  3.53783E-04
   10880.513    949.334  15.850  1.81817E-04  1.81775E-04  2.29104E-04
   10886.561    955.382  15.900  1.81531E-04  1.81514E-04  9.18830E-05
   10892.629    961.450  15.950  1.81234E-04  1.81243E-04 -5.32593E-05
   10898.715    967.536  16.000  1.80936E-04  1.80973E-04 -2.00872E-04
   10904.821    973.642  16.050  1.80632E-04  1.80694E-04 -3.44373E-04
   10910.945    979.766  16.100  1.80329E-04  1.80415E-04 -4.75996E-04
   10917.089    985.910  16.150  1.80030E-04  1.80135E-04 -5.86820E-04
   10923.252    992.072  16.200  1.79733E-04  1.79853E-04 -6.67891E-04
   10929.433    998.254  16.250  1.79438E-04  1.79566E-04 -7.11354E-04
   10935.634   1004.455  16.300  1.79150E-04  1.79278E-04 -7.11891E-04
   10941.854   1010.675  16.350  1.78868E-04  1.78988E-04 -6.68029E-04
   10948.093   1016.913  16.400  1.78592E-04  1.78696E-04 -5.82836E-04
   10954.351   1023.171  16.450  1.78323E-04  1.78406E-04 -4.63984E-04
   10960.628   1029.448  16.500  1.78050E-04  1.78108E-04 -3.22707E-04
   10966.924   1035.744  16.550  1.77786E-04  1.77817E-04 -1.72354E-04
   10973.239   1042.059  16.600  1.77514E-04  1.77519E-04 -2.64746E-05
   10979.573   1048.393  16.650  1.77246E-04  1.77228E-04  1.03182E-04
   10985.926   1054.747  16.700  1.76969E-04  1.76932E-04  2.08204E-04
   10992.298   1061.119  16.750  1.76691E-04  1.76640E-04  2.84442E-04
   10998.689   1067.510  16.800  1.76409E-04  1.76350E-04  3.31646E-04
   11005.100   1073.920  16.850  1.76123E-04  1.76061E-04  3.53314E-04
   11011.529   1080.350  16.900  1.75836E-04  1.75773E-04  3.55005E-04
   11017.977   1086.798  16.950  1.75546E-04  1.75485E-04  3.43212E-04
   11024.445   1093.265  17.000  1.75261E-04  1.75204E-04  3.23796E-04
   11030.931   1099.752  17.050  1.74969E-04  1.74917E-04  3.01294E-04
   11037.437   1106.258  17.100  1.74685E-04  1.74637E-04  2.78365E-04
   11043.961   1112.782  17.150  1.74410E-04  1.74365E-04  2.55736E-04
   11050.505   1119.326  17.200  1.74128E-04  1.74087E-04  2.32909E-04
   11057.068   1125.888  17.250  1.73853E-04  1.73816E-04  2.08572E-04
   11063.650   1132.470  17.300  1.73573E-04  1.73541E-04  1.81147E-04
   11070.250   1139.071  17.350  1.73304E-04  1.73278E-04  1.49622E-04
   11076.870   1145.691  17.400  1.73030E-04  1.73011E-04  1.13569E-04
   11083.509   1152.330  17.450  1.72756E-04  1.72743E-04  7.32207E-05
   11090.167   1158.988  17.500  1.72487E-04  1.72482E-04  2.95104E-05
   11096.844   1165.665  17.550  1.72217E-04  1.72220E-04 -1.61077E-05
   11103.540   1172.361  17.600  1.71943E-04  1.71954E-04 -6.18100E-05
   11110.255   1179.076  17.650  1.71676E-04  1.71694E-04 -1.05538E-04
   11116.989   1185.810  17.700  1.71410E-04  1.71435E-04 -1.45266E-04
   11123.743   1192.563  17.750  1.71145E-04  1.71175E-04 -1.78829E-04
   11130.515   1199.335  17.800  1.70881E-04  1.70916E-04 -2.04372E-04
   11137.306   1206.127  17.850  1.70619E-04  1.70657E-04 -2.20502E-04
   11144.116   1212.937  17.900  1.70359E-04  1.70397E-04 -2.26380E-04
   11150.946   1219.766  17.950  1.70100E-04  1.70138E-04 -2.22088E-04
   11157.794   1226.615  18.000  1.69842E-04  1.69878E-04 -2.08701E-04
   11164.662   1233.482  18.050  1.69584E-04  1.69616E-04 -1.88119E-04
   11171.548   1240.369  18.100  1.69322E-04  1.69349E-04 -1.63036E-04
   11178.454   1247.275  18.150  1.69058E-04  1.69081E-04 -1.36310E-04
   11185.379   1254.199  18.200  1.68793E-04  1.68811E-04 -1.10706E-04
   11192.322   1261.143  18.250  1.68525E-04  1.68540E-04 -8.81396E-05
   11199.285   1268.106  18.300  1.68257E-04  1.68269E-04 -6.95414E-05
   11206.267   1275.087  18.350  1.67981E-04  1.67991E-04 -5.45084E-05
   11213.268   1282.088  18.400  1.67704E-04  1.67711E-04 -4.14754E-05
   11220.288   1289.108  18.450  1.67427E-04  1.67432E-04 -2.80329E-05
   11227.326   1296.147  18.500  1.67148E-04  1.67150E-04 -1.13061E-05
   11234.384   1303.205  18.550  1.66865E-04  1.66863E-04  1.13157E-05
   11241.461   1310.282  18.600  1.66581E-04  1.66574E-04  4.15983E-05
   11248.558   1317.378  18.650  1.66298E-04  1.66285E-04  7.98296E-05
   11255.673   1324.493  18.700  1.66014E-04  1.65993E-04  1.24792E-04
   11262.807   1331.628  18.750  1.65725E-04  1.65697E-04  1.73341E-04
   11269.960   1338.781  18.800  1.65441E-04  1.65404E-04  2.21012E-04
   11277.132   1345.953  18.850  1.65149E-04  1.65106E-04  2.62230E-04
   11284.324   1353.145  18.900  1.64863E-04  1.64815E-04  2.91229E-04
   11291.534   1360.355  18.950  1.64566E-04  1.64516E-04  3.02773E-04
   11298.764   1367.584  19.000  1.64265E-04  1.64217E-04  2.92996E-04
   11306.012   1374.833  19.050  1.63961E-04  1.63918E-04  2.60333E-04
   11313.280   1382.100  19.100  1.63653E-04  1.63619E-04  2.05727E-04
   11320.566   1389.387  19.150  1.63341E-04  1.63320E-04  1.32852E-04
   11327.872   1396.693  19.200  1.63029E-04  1.63021E-04  4.78944E-05
   11335.197   1404.017  19.250  1.62715E-04  1.62722E-04 -4.12489E-05
   11342.540   1411.361  19.300  1.62405E-04  1.62425E-04 -1.25883E-04
   11349.903   1418.724  19.350  1.62101E-04  1.62133E-04 -1.97756E-04
   11357.285   1426.106  19.400  1.61795E-04  1.61835E-04 -2.50178E-04
   11364.686   1433.507  19.450  1.61500E-04  1.61545E-04 -2.78993E-04
   11372.106   1440.927  19.500  1.61211E-04  1.61256E-04 -2.83098E-04
   11379.545   1448.366  19.550  1.60925E-04  1.60967E-04 -2.64592E-04
   11387.003   1455.824  19.600  1.60642E-04  1.60679E-04 -2.28202E-04
   11394.480   1463.301  19.650  1.60364E-04  1.60393E-04 -1.80429E-04
   11401.976   1470.797  19.700  1.60092E-04  1.60112E-04 -1.28340E-04
   11409.491   1478.312  19.750  1.59815E-04  1.59827E-04 -7.84992E-05
   11417.026   1485.846  19.800  1.59544E-04  1.59550E-04 -3.58310E-05
   11424.579   1493.400  19.850  1.59273E-04  1.59273E-04 -3.11297E-06
   11432.151   1500.972  19.900  1.59001E-04  1.58998E-04  1.92771E-05
   11439.743   1508.563  19.950  1.58734E-04  1.58729E-04  3.29123E-05
