# # Once                                                         FEFF 10.0.0 
# # POT  SCF 100  9.0000   0, core-hole, FOLP (folp(0)= 1.150)
# # Abs   Z=30 Rmt= 1.352 Rnm= 1.480 K  shell
# #   RGRID 0.0100
# # Pot 1 Z= 6 Rmt= 0.807 Rnm= 1.028
# # Pot 2 Z= 6 Rmt= 0.794 Rnm= 1.001
# # Pot 3 Z= 6 Rmt= 0.772 Rnm= 0.993
# # Pot 4 Z= 6 Rmt= 0.905 Rnm= 1.122
# # Pot 5 Z= 6 Rmt= 0.935 Rnm= 1.165
# # Pot 6 Z= 1 Rmt= 0.541 Rnm= 0.905
# # Pot 7 Z= 1 Rmt= 0.494 Rnm= 0.867
# # Pot 8 Z= 7 Rmt= 0.777 Rnm= 0.985
# # Pot 9 Z= 7 Rmt= 0.806 Rnm= 0.986
# # Pot10 Z=16 Rmt= 1.246 Rnm= 1.462
# # Gam_ch=1.897E+00 H-L exch Vi= 0.000E+00 Vr= 0.000E+00
# # Mu=-7.563E+00eV kf=2.221E+00 Vint=-1.563E+01eV Rs_int= 1.633
# # PATH  Rmax= 9.000,  Keep_limit= 0.00, Heap_limit 0.00  Pwcrit= 2.50%
#  S02=1.000  Temp=  10.00  Debye_temp= 315.00  Global_sig2= 0.00000
#  Energy zero shift, vr, vi    0.00000E+00   0.00000E+00
#  Curved wave amplitude ratio filter   4.000%
#     file         sig2 tot  cw amp ratio   deg  nlegs   reff  inp sig2
#           1       0.00296    100.00      1.00     2   2.0652
#           2       0.00298     99.48      1.00     2   2.0695
#           3       0.00253     81.53      1.00     2   2.2957
#           4       0.00255     81.37      1.00     2   2.2974
#           5       0.01932     12.59      1.00     2   2.6166
#           6       0.00399     39.20      1.00     2   2.9679
#           7       0.02142      8.91      1.00     2   2.9955
#           8       0.00362     37.12      1.00     2   3.0217
#           9       0.00411     34.99      1.00     2   3.1005
#          10       0.02833      7.99      1.00     2   3.1247
#          11       0.01794      7.94      1.00     2   3.1332
#          12       0.00388     32.85      1.00     2   3.1670
#          13       0.00334     52.80      2.00     3   3.1783
#          14       0.03215      7.62      1.00     2   3.1834
#          15       0.00546     32.24      1.00     2   3.2080
#          16       0.00553     31.65      1.00     2   3.2306
#          17       0.00324     50.67      2.00     3   3.2334
#          18       0.00348     66.79      2.00     3   3.2429
#          19       0.00343     63.49      2.00     3   3.3086
#          20       0.00542     29.67      1.00     2   3.3117
#          21       0.03162      6.84      1.00     2   3.3171
#          22       0.03416      6.58      1.00     2   3.3671
#          23       0.01763      6.51      1.00     2   3.3794
#          24       0.00367     43.63      1.00     4   3.3852
#          25       0.00369     22.42      1.00     4   3.3887
#          26       0.00366     22.19      1.00     4   3.4451
#          27       0.00372     41.32      1.00     4   3.4502
#          28       0.00928     19.33      2.00     3   3.5103
#          29       0.00960      6.26      2.00     3   3.5898
#          30       0.02279      5.54      1.00     2   3.5920
#          31       0.00617     23.72      1.00     2   3.6042
#          32       0.01062      9.32      2.00     3   3.6479
#          33       0.00373     30.76      2.00     3   3.6668
#          34       0.01212      5.26      2.00     3   3.6683
#          35       0.00425      8.08      2.00     3   3.6721
#          36       0.00379     30.80      2.00     3   3.6759
#          37       0.01500      6.27      1.00     4   3.7088
#          38       0.01345      7.41      2.00     3   3.7237
#          39       0.00985      5.78      2.00     3   3.7791
#          40       0.01238      5.58      2.00     3   3.7898
#          41       0.00846     10.34      2.00     4   3.8002
#          42       0.01039     19.84      1.00     2   3.8290
#          43       0.01198      5.07      2.00     3   3.8712
#          44       0.01120     18.98      1.00     2   3.8918
#          45       0.00418     17.86      2.00     3   3.9125
#          46       0.00883     12.92      2.00     4   3.9215
#          47       0.00393      6.09      2.00     3   3.9451
#          48       0.01248      5.80      2.00     3   3.9464
#          49       0.00407     13.04      2.00     3   3.9518
#          50       0.00392      6.25      2.00     3   3.9600
#          51       0.00390      6.39      2.00     3   3.9652
#          52       0.00392      7.01      2.00     3   3.9894
#          53       0.01451      7.49      2.00     3   4.0077
#          54       0.01992      4.04      1.00     2   4.0417
#          55       0.01805     12.11      2.00     3   4.0833
#          57       0.00447     12.97      2.00     3   4.1003
#          59       0.00710      4.09      2.00     4   4.1110
#          60       0.00413      8.88      1.00     4   4.1211
#          61       0.00350      8.99      2.00     4   4.1242
#          62       0.00413      9.04      1.00     4   4.1257
#          63       0.00463     14.20      2.00     3   4.1294
#          64       0.00592     10.33      1.00     4   4.1305
#          66       0.00597     10.23      1.00     4   4.1390
#          67       0.01867      8.50      2.00     3   4.1447
#          68       0.01399      4.05      2.00     3   4.1500
#          69       0.00353     15.91      1.00     2   4.1536
#          73       0.00335     40.31      2.00     3   4.2009
#          74       0.00342     15.35      1.00     2   4.2016
#          76       0.00352     15.28      1.00     2   4.2125
#          78       0.01265      9.37      2.00     3   4.2240
#          79       0.00339     45.09      2.00     3   4.2272
#          80       0.00374     42.36      2.00     3   4.2288
#          81       0.00339     34.56      1.00     4   4.2419
#          82       0.00337     39.88      2.00     3   4.2442
#          83       0.00375      8.58      2.00     3   4.2442
#          84       0.01065     13.09      2.00     3   4.2475
#          85       0.00342     28.69      1.00     4   4.2481
#          87       0.00351     14.69      1.00     2   4.2687
#          88       0.00390      6.28      2.00     4   4.2710
#          90       0.00335     54.42      2.00     4   4.2760
#          91       0.00346     43.42      2.00     3   4.2805
#          92       0.00589     12.04      2.00     3   4.2869
#          93       0.00446     23.21      1.00     4   4.2871
#          94       0.00348     28.54      1.00     4   4.2869
#          95       0.00384     20.16      2.00     4   4.2906
#          96       0.00348     33.18      1.00     4   4.2923
#          97       0.00352     37.39      2.00     3   4.2952
#          98       0.00412     18.19      2.00     4   4.2950
#         100       0.00420     38.75      1.00     4   4.3039
#         101       0.00771      6.32      2.00     5   4.3213
#         102       0.00646      7.23      2.00     5   4.3227
#         103       0.01077     12.49      1.00     4   4.3235
#         104       0.00377     33.05      2.00     3   4.3244
#         105       0.00833      8.86      2.00     5   4.3319
#         106       0.00825      4.94      2.00     5   4.3353
#         107       0.00702     14.08      1.00     2   4.3371
#         108       0.00328     48.87      2.00     4   4.3379
#         109       0.00352     50.16      2.00     4   4.3391
#         111       0.00441     16.60      2.00     4   4.3599
#         114       0.00415     18.23      2.00     4   4.3638
#         119       0.00388     32.52      1.00     4   4.3889
#         120       0.00366     29.11      2.00     3   4.4007
#         121       0.00486      4.66      2.00     3   4.4009
#         122       0.00487     20.09      1.00     4   4.4016
#         123       0.00789      5.34      1.00     4   4.4039
#         125       0.01017      5.99      1.00     4   4.4063
#         126       0.00411     21.66      2.00     4   4.4110
#         127       0.00348     44.25      2.00     4   4.4125
#         128       0.00414     21.64      2.00     4   4.4174
#         129       0.00459     23.36      1.00     4   4.4205
#         131       0.01148      5.69      2.00     3   4.4244
#         132       0.00442     28.18      1.00     4   4.4363
#         133       0.00364     42.92      2.00     4   4.4392
#         135       0.00546     11.13      2.00     3   4.4631
#         136       0.00763     14.17      1.00     6   4.4636
#         137       0.00362     43.07      2.00     4   4.4667
#         138       0.00771      9.33      1.00     6   4.4672
#         140       0.00357     71.54      2.00     5   4.4814
#         141       0.00363     65.11      2.00     5   4.4864
#         142       0.00496     62.00      2.00     5   4.4975
#         143       0.00904     11.05      2.00     4   4.5005
#         144       0.00474     46.56      2.00     5   4.5023
#         145       0.00450     46.58      2.00     5   4.5054
#         146       0.00364     38.65      2.00     4   4.5069
#         147       0.00391     76.11      2.00     5   4.5143
#         148       0.00416     23.30      1.00     4   4.5327
#         150       0.00365     38.75      2.00     4   4.5423
#         151       0.00548     12.33      1.00     2   4.5467
#         152       0.00514     19.96      1.00     4   4.5477
#         153       0.00366     58.84      2.00     5   4.5496
#         155       0.00434      7.55      2.00     4   4.5525
#         156       0.00427     40.70      2.00     5   4.5534
#         157       0.00382     63.95      2.00     5   4.5541
#         158       0.00860      6.32      2.00     3   4.5579
#         159       0.00436     39.84      2.00     5   4.5589
#         160       0.00775     75.95      2.00     5   4.5628
#         161       0.00405     65.22      2.00     5   4.5786
#         163       0.00528     15.53      2.00     3   4.5872
#         165       0.00506      4.87      1.00     4   4.5914
#         167       0.00509      4.85      1.00     4   4.5947
#         169       0.00480     62.65      2.00     5   4.6006
#         171       0.03622      7.60      2.00     5   4.6025
#         175       0.00537     51.98      2.00     5   4.6133
#         176       0.00778      7.07      2.00     3   4.6148
#         177       0.00445     34.46      2.00     5   4.6227
#         178       0.00439      5.87      2.00     4   4.6256
#         179       0.00444     35.38      2.00     5   4.6278
#         180       0.00519     29.57      2.00     3   4.6351
#         181       0.01927      5.01      2.00     3   4.6355
#         187       0.01144     11.53      2.00     3   4.6745
#         188       0.00479     53.20      2.00     5   4.6743
#         189       0.01087      5.62      2.00     5   4.6746
#         191       0.00546     63.01      2.00     5   4.6893
#         192       0.00914      7.33      2.00     4   4.6927
#         193       0.01104     13.01      1.00     4   4.6970
#         195       0.00829     65.31      1.00     6   4.7052
#         196       0.00796     41.44      1.00     6   4.7079
#         197       0.00333      6.91      2.00     3   4.7117
#         199       0.00354      8.36      2.00     3   4.7144
#         200       0.00500     44.43      1.00     6   4.7210
#         202       0.00589     23.78      1.00     4   4.7235
#         203       0.00457      5.65      2.00     5   4.7249
#         204       0.00510     45.16      1.00     6   4.7247
#         205       0.00376     15.65      2.00     4   4.7262
#         206       0.00349     13.45      2.00     4   4.7264
#         207       0.00497      4.32      2.00     4   4.7322
#         209       0.00353      6.63      2.00     3   4.7476
#         210       0.00341      5.73      2.00     3   4.7548
#         212       0.00458      4.65      2.00     5   4.7642
#         213       0.00698     81.75      2.00     6   4.7651
#         214       0.00461      8.21      2.00     5   4.7671
#         215       0.01157     15.28      2.00     5   4.7687
#         216       0.00653     81.72      2.00     6   4.7693
#         218       0.01540      6.44      2.00     4   4.7771
#         219       0.01923      6.30      2.00     3   4.7852
#         220       0.00901      5.13      2.00     4   4.7858
#         221       0.00763      9.11      2.00     4   4.7874
#         222       0.00400     11.87      2.00     4   4.7903
#         223       0.00456      7.08      2.00     5   4.7963
#         224       0.01750      6.53      2.00     3   4.7975
#         225       0.00378     10.36      2.00     4   4.8020
#         227       0.00994      5.58      2.00     4   4.8081
#         228       0.00457     15.31      2.00     3   4.8098
#         230       0.00487     36.99      1.00     6   4.8123
#         231       0.00479     36.39      1.00     6   4.8158
#         233       0.01495      8.38      2.00     3   4.8236
#         234       0.00306      8.15      2.00     4   4.8236
#         235       0.00792     34.35      1.00     6   4.8250
#         236       0.00313      8.48      2.00     4   4.8299
#         237       0.00843     53.29      1.00     6   4.8308
#         238       0.00580      8.31      1.00     4   4.8374
#         239       0.00313      8.89      2.00     4   4.8412
#         242       0.00313      8.92      2.00     4   4.8464
#         243       0.00845      4.57      2.00     3   4.8482
#         246       0.00964      7.84      2.00     4   4.8506
#         248       0.01258      4.74      2.00     6   4.8786
#         250       0.00388     17.59      2.00     4   4.8900
#         251       0.00396     15.74      2.00     4   4.8963
#         253       0.00897      9.57      2.00     5   4.8978
#         254       0.00429     20.98      2.00     4   4.8982
#         255       0.01088      4.54      2.00     4   4.9008
#         256       0.00344     17.14      2.00     4   4.9059
#         257       0.00355     16.69      2.00     4   4.9076
#         259       0.00883     13.04      2.00     5   4.9090
#         262       0.00951     12.43      2.00     5   4.9169
#         263       0.00466      4.20      2.00     4   4.9211
#         265       0.00411     14.54      2.00     4   4.9234
#         266       0.01310      7.24      1.00     4   4.9241
#         267       0.00406     16.44      2.00     4   4.9248
#         268       0.01000     17.48      2.00     5   4.9257
#         269       0.00402     31.14      2.00     5   4.9326
#         271       0.00879      7.38      2.00     4   4.9366
#         272       0.00411     29.81      2.00     5   4.9366
#         273       0.00438     17.43      1.00     6   4.9366
#         274       0.00414     27.36      2.00     5   4.9381
#         275       0.00431     23.63      1.00     6   4.9378
#         276       0.00408     28.67      2.00     5   4.9435
#         277       0.00499      5.47      2.00     3   4.9453
#         278       0.00916      6.79      2.00     5   4.9457
#         279       0.00370     31.73      2.00     5   4.9486
#         280       0.00367     31.51      2.00     5   4.9548
#         281       0.01760      6.01      2.00     5   4.9558
#         283       0.00359     16.88      2.00     5   4.9659
#         284       0.01574      5.84      2.00     4   4.9674
#         285       0.00330     10.18      2.00     4   4.9709
#         286       0.00392     18.57      2.00     5   4.9714
#         288       0.00805      7.24      2.00     4   4.9774
#         289       0.00986      7.95      2.00     4   4.9820
#         290       0.00352     16.64      2.00     5   4.9827
#         291       0.01233      4.15      1.00     4   4.9838
#         293       0.00892      4.57      2.00     5   4.9840
#         294       0.00313      9.76      2.00     4   4.9849
#         295       0.00384     17.72      2.00     5   4.9880
#         296       0.01893      8.04      2.00     5   4.9875
#         298       0.00519      6.64      2.00     5   4.9920
#         299       0.00702      7.69      2.00     5   4.9979
#         300       0.00329     14.18      2.00     5   4.9996
#         301       0.01298      6.02      2.00     6   4.9999
#         303       0.00325      9.74      2.00     4   5.0031
#         304       0.00978      6.90      2.00     4   5.0030
#         305       0.00945      6.13      2.00     5   5.0070
#         306       0.00496      6.00      2.00     3   5.0088
#         307       0.00579      5.50      2.00     3   5.0083
#         309       0.00938     10.19      2.00     5   5.0177
#         311       0.00317      9.93      2.00     4   5.0278
#         315       0.00923      5.42      2.00     5   5.0359
#         317       0.00824      7.22      2.00     4   5.0374
#         318       0.01001     10.14      2.00     5   5.0386
#         319       0.00919      6.34      2.00     5   5.0393
#         320       0.00391     13.64      2.00     5   5.0403
#         321       0.00496      4.33      2.00     3   5.0434
#         322       0.00373     12.22      2.00     5   5.0457
#         323       0.00925      4.52      2.00     5   5.0463
#         325       0.01017      6.09      2.00     3   5.0484
#         326       0.01276      7.04      2.00     5   5.0490
#         329       0.01069      4.54      1.00     4   5.0573
#         332       0.00942      5.23      2.00     4   5.0701
#         333       0.00499      5.68      1.00     4   5.0729
#         334       0.00457      8.75      2.00     4   5.0740
#         335       0.01142      4.40      2.00     4   5.0750
#         336       0.00356     11.06      2.00     5   5.0751
#         337       0.00730      6.97      2.00     4   5.0870
#         338       0.00935      6.15      2.00     5   5.0897
#         340       0.00440     15.55      2.00     4   5.0940
#         341       0.00286     23.89      2.00     5   5.0967
#         342       0.00907     12.02      2.00     5   5.0991
#         343       0.00814      7.58      2.00     3   5.1004
#         345       0.01009      5.26      2.00     4   5.1011
#         346       0.00290     23.86      2.00     5   5.1030
#         347       0.00829     11.38      2.00     4   5.1094
#         348       0.01972      8.66      2.00     5   5.1097
#         349       0.01026     14.29      2.00     5   5.1149
#         350       0.00453      6.73      2.00     3   5.1186
#         351       0.00748      7.30      2.00     5   5.1198
#         352       0.01344     16.56      2.00     6   5.1194
#         353       0.00639     11.90      2.00     4   5.1200
#         354       0.00469      6.65      2.00     4   5.1227
#         355       0.00913     12.36      2.00     5   5.1236
#         356       0.00863      4.40      2.00     3   5.1271
#         357       0.00477      8.13      2.00     4   5.1294
#         358       0.00613     10.17      2.00     3   5.1333
#         359       0.00626      9.27      2.00     3   5.1328
#         360       0.00886      6.46      2.00     4   5.1360
#         361       0.01201     19.98      2.00     6   5.1361
#         362       0.00489      7.99      2.00     4   5.1397
#         363       0.01236      4.71      2.00     4   5.1447
#         364       0.00353     20.31      2.00     5   5.1454
#         365       0.00788     11.07      2.00     4   5.1477
#         366       0.00451      9.36      2.00     4   5.1507
#         368       0.00797     17.03      2.00     5   5.1566
#         369       0.00434     10.01      2.00     4   5.1576
#         371       0.01125      5.46      2.00     4   5.1578
#         373       0.00756      7.12      1.00     4   5.1614
#         374       0.00988      5.39      2.00     3   5.1627
#         375       0.02127      5.87      2.00     3   5.1624
#         376       0.01401      4.03      2.00     3   5.1634
#         377       0.01170      8.03      2.00     5   5.1635
#         378       0.00888      6.78      2.00     4   5.1657
#         379       0.01290      5.87      2.00     5   5.1697
#         380       0.00363     19.57      2.00     5   5.1694
#         381       0.00978      4.28      2.00     4   5.1706
#         382       0.00459      4.90      2.00     3   5.1719
#         383       0.00852      4.90      2.00     3   5.1724
#         385       0.00848      8.98      2.00     4   5.1756
#         387       0.00500      5.47      2.00     5   5.1771
#         388       0.00806      7.63      2.00     3   5.1781
#         389       0.00932     17.35      2.00     6   5.1808
#         390       0.00425     12.92      2.00     5   5.1813
#         391       0.00374     18.52      2.00     5   5.1813
#         392       0.00695     26.75      2.00     5   5.1824
#         393       0.00846     14.27      2.00     5   5.1845
#         394       0.00450      5.60      2.00     4   5.1858
#         395       0.00456     15.19      2.00     4   5.1859
#         397       0.01206      4.76      2.00     5   5.1874
#         398       0.00775      8.40      2.00     4   5.1881
#         399       0.00491      5.82      2.00     4   5.1880
#         400       0.00371     33.44      2.00     6   5.1881
#         403       0.00790     11.95      2.00     4   5.1928
#         404       0.00950     10.57      2.00     5   5.1931
#         405       0.00380     32.69      2.00     6   5.1931
#         406       0.00525      4.95      2.00     4   5.1955
#         407       0.00379     17.59      2.00     5   5.1966
#         409       0.00449      8.56      2.00     4   5.1991
#         410       0.00898      6.69      2.00     4   5.1994
#         411       0.00832     10.75      2.00     4   5.2051
#         412       0.01146      4.53      2.00     4   5.2083
#         413       0.00748     22.29      2.00     5   5.2087
#         415       0.00501      8.30      2.00     4   5.2091
#         417       0.00383     30.76      2.00     6   5.2113
#         418       0.00778      9.71      2.00     4   5.2148
#         420       0.01529      4.06      2.00     3   5.2154
#         421       0.00878      6.72      2.00     6   5.2164
#         422       0.00376     32.03      2.00     6   5.2166
#         423       0.00893      4.28      2.00     6   5.2187
#         424       0.00445      6.58      2.00     4   5.2192
#         425       0.00811     17.23      2.00     5   5.2198
#         426       0.00760      7.60      1.00     4   5.2206
#         427       0.00983     12.60      2.00     5   5.2223
#         428       0.00466      4.61      2.00     4   5.2273
#         429       0.00421     19.15      2.00     5   5.2286
#         430       0.00775     16.39      2.00     5   5.2295
#         431       0.00985      5.21      2.00     3   5.2317
#         432       0.01053      5.90      2.00     4   5.2341
#         433       0.00753     25.21      2.00     5   5.2353
#         434       0.00770     13.98      2.00     5   5.2353
#         435       0.00790      6.44      2.00     4   5.2365
#         436       0.00770     18.70      2.00     5   5.2366
#         438       0.01257     10.81      2.00     5   5.2383
#         439       0.00339     32.19      2.00     6   5.2391
#         441       0.01091      4.60      2.00     4   5.2406
#         442       0.01415     18.16      2.00     6   5.2415
#         443       0.00838      7.77      2.00     3   5.2439
#         444       0.00960      4.03      2.00     5   5.2441
#         445       0.00360     33.14      2.00     6   5.2445
#         446       0.00812      6.51      2.00     5   5.2478
#         447       0.00815      6.23      2.00     5   5.2478
#         448       0.00752     22.11      1.00     6   5.2500
#         450       0.00749     19.31      1.00     6   5.2559
#         451       0.01261     19.64      2.00     6   5.2573
#         452       0.00995      5.48      2.00     4   5.2588
#         453       0.00470      4.44      2.00     4   5.2585
#         455       0.00782     10.79      2.00     5   5.2632
#         456       0.02386      4.45      1.00     4   5.2654
#         457       0.00509     10.84      2.00     5   5.2651
#         458       0.00856     10.92      2.00     4   5.2665
#         459       0.01041      8.82      2.00     5   5.2677
#         460       0.00518     18.71      2.00     5   5.2718
#         461       0.00643      6.44      2.00     4   5.2732
#         462       0.00852      4.10      1.00     4   5.2747
#         463       0.00865      4.26      2.00     3   5.2783
#         464       0.00814      8.20      1.00     4   5.2787
#         465       0.00865      4.08      1.00     4   5.2789
#         466       0.00493     32.37      2.00     5   5.2796
#         467       0.01216      4.29      2.00     4   5.2816
#         468       0.00770     30.22      2.00     6   5.2838
#         469       0.00522     12.04      2.00     5   5.2844
#         470       0.00828     11.29      2.00     4   5.2865
#         471       0.00845      7.98      2.00     4   5.2900
#         472       0.00612      9.55      2.00     5   5.2923
#         473       0.01180      5.76      2.00     3   5.2957
#         474       0.00501      7.92      2.00     4   5.2965
#         475       0.00741      6.38      2.00     5   5.2987
#         476       0.00741      6.11      2.00     5   5.2987
#         477       0.00667      5.55      2.00     4   5.3001
#         478       0.00889      5.80      2.00     4   5.3010
#         479       0.00955     14.44      2.00     6   5.3014
#         480       0.00965      5.81      2.00     4   5.3050
#         482       0.00870      8.27      2.00     5   5.3081
#         483       0.00871      8.08      2.00     5   5.3081
#         484       0.00385     27.61      2.00     6   5.3084
#         485       0.00837     16.18      2.00     5   5.3092
#         486       0.00569     12.19      2.00     4   5.3096
#         488       0.00784     12.77      1.00     6   5.3117
#         489       0.00439      6.54      2.00     4   5.3135
#         490       0.00821      8.99      2.00     4   5.3132
#         491       0.00368     26.95      2.00     6   5.3134
#         492       0.00513      9.18      2.00     4   5.3146
#         493       0.00882     12.02      2.00     5   5.3170
#         495       0.01577      5.61      2.00     4   5.3184
#         496       0.01930      4.19      2.00     5   5.3185
#         497       0.00817     11.12      2.00     5   5.3198
#         498       0.00816     25.35      2.00     5   5.3214
#         501       0.00843      7.67      2.00     3   5.3242
#         502       0.00475     11.06      2.00     5   5.3262
#         503       0.00797     10.86      2.00     5   5.3267
#         504       0.00866      4.62      2.00     3   5.3275
#         506       0.00440      7.12      2.00     4   5.3303
#         507       0.01461      4.88      2.00     3   5.3312
#         508       0.01049      8.84      2.00     5   5.3320
#         509       0.00993     12.19      2.00     5   5.3317
#         510       0.00780     17.54      2.00     5   5.3324
#         512       0.00835     11.99      2.00     4   5.3360
#         513       0.00908      4.19      2.00     4   5.3362
#         514       0.00861      8.89      2.00     4   5.3375
#         515       0.00764      7.64      2.00     5   5.3383
#         516       0.00707     11.23      2.00     4   5.3394
#         517       0.00502     12.43      2.00     5   5.3407
#         518       0.02153      5.62      2.00     5   5.3403
#         519       0.00453      4.97      2.00     4   5.3415
#         520       0.00902      7.80      2.00     5   5.3417
#         521       0.00939      4.95      2.00     5   5.3413
#         522       0.00507      7.59      2.00     4   5.3454
#         523       0.00826      8.41      1.00     4   5.3458
#         525       0.00904      6.54      2.00     5   5.3464
#         526       0.00790     30.02      2.00     6   5.3471
#         528       0.00815     12.35      2.00     5   5.3475
#         529       0.00942      8.22      2.00     5   5.3480
#         530       0.00829      9.99      2.00     4   5.3491
#         531       0.00974      4.57      2.00     3   5.3496
#         534       0.00449      7.47      2.00     5   5.3514
#         536       0.00536      6.03      2.00     4   5.3535
#         539       0.00822     14.61      2.00     5   5.3559
#         540       0.00443     12.67      2.00     5   5.3571
#         541       0.00562     17.32      2.00     5   5.3569
#         542       0.00823     27.68      2.00     5   5.3576
#         543       0.00885     13.31      2.00     5   5.3602
#         544       0.00829     16.60      2.00     5   5.3609
#         545       0.00812     21.30      2.00     6   5.3622
#         546       0.00489     13.29      2.00     4   5.3631
#         547       0.00817     21.40      1.00     6   5.3641
#         548       0.00910     12.63      2.00     6   5.3638
#         549       0.00879      5.90      2.00     6   5.3656
#         550       0.00814     18.22      2.00     6   5.3670
#         553       0.00508     12.54      2.00     5   5.3693
#         554       0.00876      6.01      2.00     6   5.3690
#         555       0.00822     23.89      1.00     6   5.3694
#         558       0.00871      9.99      2.00     4   5.3712
#         559       0.00823     20.53      2.00     5   5.3724
#         561       0.00884      6.17      2.00     6   5.3735
#         562       0.00909      5.81      2.00     4   5.3745
#         563       0.00465     20.11      2.00     5   5.3749
#         566       0.00800      7.94      2.00     5   5.3781
#         567       0.00799      7.76      2.00     5   5.3781
#         570       0.00728      4.12      2.00     6   5.3799
#         571       0.01149      7.79      2.00     5   5.3798
#         573       0.01060      8.32      2.00     5   5.3821
#         574       0.01143      8.05      2.00     6   5.3823
#         575       0.00856     15.98      2.00     5   5.3830
#         576       0.00765      5.45      2.00     5   5.3845
#         577       0.00591     19.76      2.00     5   5.3848
#         578       0.02391      4.05      2.00     5   5.3856
#         580       0.00829     12.81      2.00     5   5.3860
#         581       0.00839      4.30      2.00     5   5.3878
#         582       0.00426     11.37      2.00     5   5.3887
#         583       0.00498      4.38      2.00     4   5.3892
#         584       0.00825     15.58      2.00     6   5.3949
#         585       0.00844     21.46      2.00     6   5.3949
#         589       0.00504      7.76      2.00     5   5.4010
#         591       0.00580     12.40      2.00     4   5.4048
#         592       0.00820     11.00      2.00     5   5.4069
#         594       0.00463      6.32      2.00     5   5.4072
#         595       0.01268      4.90      2.00     5   5.4086
#         596       0.00487      7.44      2.00     5   5.4101
#         597       0.01480      4.98      2.00     7   5.4103
#         598       0.00576     11.26      2.00     4   5.4124
#         600       0.00917      4.34      2.00     5   5.4134
#         602       0.00844     32.72      2.00     6   5.4151
#         603       0.02210      6.14      1.00     6   5.4163
#         605       0.00545      9.51      2.00     5   5.4171
#         606       0.00844      5.34      2.00     6   5.4175
#         608       0.00568     15.44      2.00     5   5.4195
#         609       0.00574     19.67      2.00     5   5.4195
#         611       0.00500      4.49      2.00     4   5.4218
#         612       0.00897      5.19      2.00     6   5.4224
#         617       0.00732      5.38      2.00     6   5.4272
#         618       0.00894      7.33      2.00     6   5.4281
#         619       0.01220      4.42      1.00     4   5.4293
#         620       0.00824     13.71      2.00     5   5.4324
#         621       0.00911      4.85      2.00     6   5.4330
#         623       0.01095      4.41      2.00     4   5.4380
#         624       0.00525      9.48      2.00     5   5.4381
#         625       0.00904      6.98      2.00     6   5.4383
#         626       0.00920      5.63      2.00     6   5.4423
#         627       0.00986      4.64      2.00     4   5.4434
#         628       0.00471     23.08      2.00     6   5.4441
#         629       0.00947      5.82      2.00     6   5.4441
#         630       0.00912      7.35      2.00     6   5.4441
#         631       0.00799     10.70      1.00     6   5.4443
#         632       0.00777     28.17      2.00     6   5.4470
#         633       0.00939      8.10      2.00     6   5.4490
#         634       0.00872     14.81      2.00     6   5.4505
#         635       0.01299      9.26      2.00     6   5.4501
#         636       0.00416     46.45      2.00     7   5.4508
#         637       0.00445      9.35      2.00     5   5.4520
#         638       0.00961      7.24      2.00     6   5.4520
#         639       0.01137      4.96      2.00     4   5.4526
#         641       0.00927      8.62      2.00     6   5.4545
#         642       0.00404     46.68      2.00     7   5.4549
#         643       0.00577     15.95      2.00     5   5.4551
#         644       0.00871      7.73      2.00     4   5.4562
#         645       0.01051      5.91      2.00     4   5.4568
#         646       0.00829      8.43      2.00     6   5.4582
#         647       0.00829     15.37      2.00     6   5.4594
#         648       0.00853     21.70      2.00     6   5.4594
#         649       0.00935      8.74      2.00     6   5.4609
#         650       0.01297      7.06      2.00     5   5.4620
#         652       0.00515      8.27      2.00     5   5.4645
#         653       0.01084      6.98      2.00     5   5.4661
#         654       0.00839     13.59      1.00     6   5.4660
#         655       0.01096      4.64      2.00     3   5.4674
#         657       0.00989      7.74      2.00     5   5.4689
#         658       0.00805     19.75      2.00     6   5.4691
#         661       0.00804     16.75      2.00     6   5.4736
#         662       0.01077      5.35      1.00     6   5.4744
#         663       0.00777     31.53      2.00     6   5.4748
#         664       0.00841     18.54      2.00     5   5.4779
#         665       0.00504      6.89      2.00     5   5.4775
#         667       0.00865     10.49      2.00     5   5.4783
#         668       0.00793     15.11      2.00     6   5.4782
#         669       0.01079      4.62      1.00     6   5.4781
#         670       0.01811      5.74      2.00     5   5.4790
#         672       0.00578      9.41      2.00     5   5.4805
#         673       0.01149     14.29      2.00     5   5.4809
#         674       0.00840     10.70      2.00     5   5.4812
#         676       0.00504      7.78      2.00     5   5.4872
#         678       0.00469     11.26      1.00     4   5.4896
#         679       0.00870     31.53      2.00     6   5.4897
#         680       0.00776     57.16      2.00     7   5.4895
#         681       0.00966      4.89      2.00     4   5.4912
#         682       0.00900      4.10      2.00     6   5.4909
#         683       0.00616     33.93      2.00     6   5.4913
#         684       0.00777     49.39      2.00     7   5.4942
#         686       0.00544     25.79      2.00     5   5.4951
#         687       0.00717      6.02      2.00     5   5.4952
#         689       0.00893      6.99      2.00     6   5.4989
#         690       0.00904      9.38      2.00     6   5.5001
#         691       0.00917      5.48      2.00     6   5.5001
#         692       0.00725      6.14      2.00     5   5.5013
#         693       0.00908     10.86      2.00     5   5.5033
#         694       0.00928      7.25      2.00     6   5.5041
#         695       0.01036      6.49      2.00     4   5.5050
#         699       0.00514     16.48      2.00     5   5.5061
#         700       0.01321      4.25      2.00     6   5.5095
#         701       0.00966      7.25      2.00     6   5.5095
#         702       0.00934      9.25      2.00     6   5.5095
#         703       0.00668     10.08      2.00     5   5.5101
#         704       0.00771      8.25      2.00     6   5.5104
#         705       0.00869     11.37      2.00     5   5.5128
#         706       0.00919      5.74      2.00     5   5.5127
#         708       0.01165      8.28      2.00     6   5.5147
#         711       0.00922      6.68      2.00     5   5.5161
#         712       0.00615     17.56      2.00     5   5.5167
#         713       0.01040      9.35      2.00     6   5.5176
#         714       0.00599     11.33      2.00     4   5.5196
#         715       0.00989      4.03      2.00     6   5.5195
#         716       0.00932     10.03      2.00     6   5.5195
#         717       0.00984     18.52      2.00     5   5.5201
#         718       0.00822     13.80      2.00     6   5.5196
#         719       0.01684      5.31      2.00     6   5.5201
#         720       0.00867     16.97      2.00     6   5.5209
#         721       0.00786     41.71      2.00     7   5.5221
#         722       0.00862     19.41      2.00     6   5.5246
#         723       0.00941      9.64      2.00     6   5.5253
#         725       0.00858      4.59      2.00     6   5.5301
#         727       0.00597     17.79      2.00     5   5.5314
#         728       0.00487     31.07      2.00     5   5.5368
#         729       0.01061      6.90      2.00     5   5.5382
#         730       0.01108      5.93      2.00     5   5.5410
#         731       0.01610      4.24      2.00     5   5.5429
#         732       0.01058     11.91      2.00     6   5.5452
#         733       0.01078      4.27      2.00     4   5.5459
#         734       0.01046     22.73      2.00     5   5.5472
#         735       0.00466     10.06      1.00     4   5.5483
#         736       0.00691     13.21      2.00     5   5.5479
#         738       0.00866     12.19      2.00     5   5.5492
#         739       0.01265      5.40      1.00     6   5.5501
#         742       0.01116      5.01      2.00     4   5.5558
#         743       0.00490     11.86      2.00     5   5.5558
#         744       0.01035      5.72      2.00     5   5.5583
#         745       0.00554     14.57      1.00     6   5.5595
#         746       0.01048     23.39      2.00     7   5.5599
#         747       0.00590     10.14      1.00     6   5.5606
#         748       0.01039     39.56      2.00     6   5.5619
#         751       0.00467     32.16      2.00     5   5.5630
#         752       0.00471     12.80      2.00     5   5.5641
#         753       0.00507     13.13      2.00     5   5.5642
#         754       0.00950      7.59      2.00     6   5.5645
#         755       0.01033     45.44      2.00     5   5.5647
#         756       0.01026     17.43      2.00     7   5.5649
#         758       0.00929      7.34      2.00     6   5.5678
#         759       0.00979     29.35      2.00     6   5.5673
#         760       0.00464     10.53      1.00     4   5.5687
#         761       0.00917      4.26      2.00     6   5.5694
#         763       0.00621      8.17      2.00     3   5.5720
#         764       0.00862     14.19      2.00     6   5.5719
#         765       0.00881     19.05      2.00     6   5.5719
#         766       0.00913      7.49      2.00     6   5.5744
#         767       0.01207      6.52      2.00     7   5.5760
#         768       0.00862     14.67      2.00     7   5.5760
#         769       0.00463     26.72      1.00     6   5.5777
#         771       0.01220      5.32      2.00     6   5.5800
#         773       0.00901     21.73      2.00     7   5.5807
#         774       0.00514     11.32      2.00     5   5.5815
#         775       0.00844     29.74      2.00     6   5.5841
#         776       0.01235      4.55      2.00     6   5.5842
#         777       0.00487     22.78      1.00     6   5.5841
#         778       0.00918     20.91      2.00     7   5.5839
#         780       0.00791     41.29      2.00     7   5.5867
#         782       0.00512     20.07      2.00     6   5.5902
#         784       0.01073      8.45      2.00     7   5.5927
#         785       0.01057     21.76      2.00     7   5.5927
#         786       0.01077      7.46      2.00     5   5.5934
#         787       0.01825      5.51      2.00     6   5.5933
#         788       0.01100      5.36      2.00     5   5.5940
#         789       0.00739     21.96      2.00     6   5.5952
#         790       0.01016     34.80      2.00     6   5.5952
#         791       0.00755     21.22      2.00     6   5.5952
#         792       0.00867     12.91      2.00     5   5.5978
#         793       0.00478      4.01      2.00     5   5.5981
#         794       0.00494     19.10      2.00     6   5.5985
#         795       0.00517     11.41      2.00     5   5.5996
#         796       0.00877     28.22      2.00     7   5.6017
#         798       0.00488     20.87      2.00     6   5.6031
#         799       0.00877     24.17      2.00     7   5.6053
#         800       0.00737     28.21      1.00     6   5.6063
#         801       0.00809      9.91      2.00     5   5.6071
#         802       0.00472     22.17      2.00     6   5.6067
#         803       0.00813     24.38      2.00     6   5.6069
#         804       0.00634      6.05      2.00     4   5.6074
#         805       0.00479     20.25      2.00     6   5.6093
#         807       0.00863     10.97      1.00     6   5.6099
#         808       0.00637     25.62      2.00     6   5.6106
#         809       0.00473     28.89      2.00     5   5.6114
#         810       0.00792     21.25      2.00     6   5.6114
#         811       0.00503     65.84      2.00     6   5.6119
#         812       0.00711     34.01      2.00     6   5.6142
#         813       0.00642     14.73      2.00     6   5.6142
#         814       0.00691      8.46      2.00     6   5.6156
#         815       0.00421     11.61      2.00     5   5.6171
#         816       0.00854     16.40      2.00     6   5.6186
#         817       0.00847     32.29      2.00     6   5.6194
#         818       0.00615      9.15      1.00     6   5.6194
#         819       0.00907      7.36      2.00     6   5.6197
#         820       0.00803     19.03      2.00     6   5.6218
#         821       0.00589     13.25      1.00     6   5.6221
#         822       0.00857     18.77      2.00     6   5.6227
#         823       0.00748     29.05      2.00     6   5.6231
#         825       0.00928     16.51      2.00     5   5.6241
#         827       0.00845     51.16      2.00     7   5.6268
#         828       0.00445      7.80      2.00     6   5.6270
#         829       0.00458      7.12      2.00     6   5.6270
#         832       0.00811     21.55      2.00     6   5.6287
#         833       0.00820     14.27      2.00     6   5.6310
#         834       0.00846     57.75      2.00     7   5.6312
#         835       0.00877     17.42      2.00     7   5.6318
#         836       0.00468      9.33      1.00     4   5.6343
#         837       0.00458      5.50      2.00     5   5.6349
#         838       0.00684     32.76      2.00     6   5.6367
#         840       0.00874      9.70      2.00     7   5.6374
#         841       0.01069     50.24      1.00     6   5.6398
#         843       0.01213     10.02      2.00     7   5.6412
#         844       0.00863     19.47      2.00     7   5.6412
#         846       0.00684     12.66      2.00     5   5.6443
#         847       0.00893     18.89      2.00     6   5.6448
#         848       0.00869     13.67      2.00     6   5.6448
#         849       0.00400      9.10      2.00     6   5.6453
#         850       0.00469     29.55      2.00     5   5.6461
#         851       0.00922      4.65      2.00     6   5.6488
#         852       0.00884      8.07      2.00     6   5.6488
#         853       0.00458      9.26      2.00     6   5.6496
#         854       0.00483      8.31      2.00     6   5.6498
#         856       0.00477      4.17      2.00     5   5.6510
#         857       0.00536     14.39      2.00     5   5.6516
#         858       0.01056     10.15      2.00     6   5.6516
#         859       0.01305     17.32      2.00     7   5.6519
#         860       0.01324     11.62      2.00     7   5.6519
#         862       0.00472     20.89      1.00     6   5.6540
#         863       0.01276     11.17      2.00     7   5.6545
#         864       0.01295      6.90      2.00     7   5.6545
#         868       0.00494     12.48      2.00     6   5.6566
#         869       0.01084     11.19      2.00     7   5.6570
#         870       0.01084     25.01      2.00     7   5.6570
#         872       0.00706     14.03      2.00     6   5.6577
#         873       0.00476     12.34      2.00     6   5.6578
#         874       0.00464     24.19      1.00     6   5.6579
#         875       0.00773     23.63      2.00     6   5.6591
#         876       0.01100     36.31      2.00     6   5.6591
#         877       0.00811     22.46      2.00     6   5.6591
#         878       0.01029     37.44      2.00     5   5.6601
#         879       0.00993     20.06      2.00     5   5.6611
#         880       0.00980     12.43      2.00     7   5.6619
#         881       0.00912     40.05      2.00     5   5.6624
#         882       0.01685      6.51      2.00     5   5.6632
#         883       0.00480      6.55      2.00     6   5.6628
#         884       0.00478      4.45      2.00     5   5.6636
#         885       0.00970      9.84      2.00     7   5.6649
#         886       0.00937     26.00      2.00     6   5.6668
#         887       0.01192     13.60      2.00     7   5.6677
#         888       0.00619      4.83      1.00     6   5.6677
#         889       0.00755     31.82      2.00     6   5.6705
#         890       0.00680     12.74      2.00     6   5.6705
#         891       0.01166     10.24      2.00     7   5.6713
#         892       0.01058     34.42      2.00     6   5.6729
#         893       0.00454      5.52      1.00     6   5.6732
#         894       0.00671     10.98      2.00     5   5.6751
#         895       0.00496     63.08      2.00     6   5.6748
#         896       0.00692     20.84      2.00     6   5.6756
#         899       0.00857     42.25      2.00     7   5.6778
#         900       0.00471      6.01      2.00     5   5.6783
#         902       0.01056      7.43      2.00     5   5.6795
#         903       0.01089      4.11      1.00     6   5.6797
#         904       0.00687     29.99      2.00     6   5.6799
#         905       0.00620     15.61      2.00     6   5.6799
#         906       0.00654     13.32      2.00     6   5.6799
#         908       0.01068      4.20      2.00     5   5.6818
#         909       0.00687     21.96      2.00     6   5.6830
#         910       0.00483      4.77      2.00     5   5.6845
#         911       0.00893     13.54      2.00     7   5.6899
#         912       0.00447      8.27      2.00     6   5.6915
#         913       0.00469      6.20      2.00     6   5.6915
#         916       0.00822     11.10      2.00     6   5.6957
#         917       0.00436      7.53      2.00     6   5.6958
#         918       0.01278      4.67      2.00     5   5.6965
#         919       0.00997     11.47      2.00     7   5.7012
#         921       0.01106      6.22      2.00     7   5.7026
#         924       0.00785      4.99      2.00     5   5.7043
#         925       0.00564      7.60      2.00     5   5.7052
#         926       0.00492     57.73      2.00     6   5.7050
#         927       0.00397      7.19      2.00     6   5.7062
#         928       0.00898     14.50      2.00     7   5.7063
#         930       0.01078      4.89      2.00     5   5.7070
#         931       0.00407      7.08      2.00     6   5.7074
#         933       0.00795      4.54      2.00     5   5.7105
#         934       0.01082     13.24      2.00     7   5.7118
#         935       0.01083     15.67      2.00     7   5.7118
#         936       0.00797      4.90      2.00     5   5.7140
#         937       0.01190      4.99      2.00     5   5.7157
#         938       0.01106     11.57      2.00     7   5.7160
#         939       0.01022     14.80      2.00     7   5.7160
#         940       0.00720     18.11      2.00     6   5.7178
#         941       0.00926     27.56      2.00     6   5.7178
#         942       0.00716     18.02      2.00     6   5.7178
#         943       0.00788      5.14      2.00     5   5.7192
#         944       0.00499      8.70      2.00     6   5.7190
#         945       0.00775      7.38      2.00     5   5.7198
#         946       0.00609      4.38      1.00     6   5.7216
#         948       0.00476      8.56      2.00     6   5.7255
#         949       0.00491      6.26      2.00     6   5.7272
#         953       0.01232      4.56      2.00     5   5.7282
#         955       0.00940      7.74      2.00     5   5.7297
#         956       0.00707     10.97      2.00     6   5.7295
#         957       0.00964      4.30      2.00     4   5.7305
#         958       0.00692     23.22      2.00     6   5.7310
#         959       0.00489      8.60      2.00     6   5.7317
#         960       0.00504      5.41      2.00     5   5.7343
#         961       0.00788     13.81      2.00     6   5.7345
#         962       0.00815     21.09      2.00     6   5.7366
#         965       0.00721     18.12      2.00     6   5.7398
#         966       0.00632      6.82      2.00     5   5.7404
#         967       0.00753     28.96      1.00     6   5.7404
#         968       0.00773     27.83      2.00     6   5.7445
#         969       0.00667     13.54      2.00     6   5.7445
#         970       0.00684     12.33      2.00     6   5.7445
#         971       0.00482     16.62      2.00     6   5.7468
#         973       0.01237      4.46      2.00     5   5.7496
#         974       0.00514      5.95      2.00     5   5.7514
#         975       0.00865     40.67      2.00     7   5.7515
#         976       0.00527      4.13      2.00     5   5.7530
#         977       0.00587     17.74      2.00     6   5.7534
#         978       0.00950     41.84      1.00     6   5.7560
#         979       0.00761     24.46      2.00     6   5.7562
#         980       0.01213      4.38      2.00     5   5.7571
#         981       0.00447      7.44      1.00     6   5.7572
#         982       0.01167     27.02      2.00     6   5.7584
#         983       0.00737     12.42      2.00     6   5.7587
#         984       0.00786      5.90      2.00     5   5.7626
#         986       0.00470     11.19      2.00     5   5.7644
#         988       0.00932     32.71      2.00     5   5.7664
#         990       0.02261      4.86      2.00     5   5.7674
#         991       0.00524      6.40      2.00     5   5.7680
#         992       0.00951      6.38      2.00     5   5.7682
#         993       0.00711     20.17      2.00     6   5.7688
#         994       0.00581      5.59      2.00     5   5.7695
#         997       0.00445      8.11      2.00     6   5.7705
#         998       0.01086     38.39      1.00     6   5.7720
#        1000       0.00662      5.55      2.00     3   5.7755
#        1001       0.00813     52.18      2.00     6   5.7751
#        1003       0.00859      6.26      2.00     5   5.7760
#        1004       0.00501     54.72      2.00     6   5.7782
#        1005       0.00569     15.00      2.00     6   5.7782
#        1006       0.01170      4.58      2.00     6   5.7784
#        1008       0.00675     10.81      2.00     5   5.7814
#        1009       0.00804     21.56      1.00     6   5.7815
#        1010       0.00417      5.62      2.00     6   5.7818
#        1011       0.00981      4.07      2.00     5   5.7820
#        1012       0.00493      9.03      2.00     6   5.7821
#        1013       0.00530      7.87      2.00     6   5.7827
#        1014       0.00489     13.95      2.00     6   5.7831
#        1015       0.00915     21.02      2.00     7   5.7836
#        1016       0.00918     24.11      2.00     7   5.7864
#        1017       0.00529      9.50      2.00     5   5.7867
#        1018       0.01233     30.16      2.00     6   5.7867
#        1019       0.00817      4.51      2.00     5   5.7881
#        1024       0.02278      6.20      1.00     6   5.7898
#        1026       0.00918     10.40      2.00     7   5.7904
#        1027       0.00652      5.88      2.00     5   5.7907
#        1028       0.00892     19.24      2.00     6   5.7909
#        1029       0.00851      8.82      2.00     5   5.7915
#        1030       0.00639      6.68      2.00     5   5.7927
#        1031       0.00754     19.43      2.00     6   5.7932
#        1032       0.01000     28.39      2.00     6   5.7932
#        1033       0.00781     19.00      2.00     6   5.7932
#        1035       0.01586      4.65      2.00     6   5.7947
#        1036       0.00639      5.77      2.00     5   5.7950
#        1037       0.00868      5.40      2.00     5   5.7948
#        1041       0.00896      4.00      2.00     7   5.7965
#        1042       0.00712     20.96      2.00     6   5.7980
#        1045       0.01035      7.65      2.00     5   5.8012
#        1046       0.01237     54.16      2.00     7   5.8014
#        1047       0.01217     54.91      2.00     7   5.8014
#        1048       0.00833     50.30      2.00     6   5.8025
#        1049       0.00867     16.12      2.00     6   5.8033
#        1051       0.00467      5.83      1.00     6   5.8046
#        1052       0.01767      7.64      2.00     6   5.8047
#        1053       0.01179     43.73      2.00     7   5.8056
#        1054       0.01148     44.62      2.00     7   5.8056
#        1056       0.00462      9.13      2.00     6   5.8085
#        1057       0.00817     10.66      2.00     6   5.8098
#        1059       0.00844      4.57      2.00     5   5.8126
#        1062       0.00570      7.52      2.00     5   5.8159
#        1065       0.01574      4.73      2.00     6   5.8164
#        1067       0.00843      4.98      2.00     5   5.8169
#        1069       0.01139     86.29      2.00     7   5.8167
#        1070       0.00832     87.48      2.00     7   5.8172
#        1072       0.00961      4.91      1.00     6   5.8181
#        1073       0.00691      8.23      2.00     6   5.8198
#        1077       0.00621      9.19      2.00     6   5.8214
#        1078       0.00531      5.41      2.00     5   5.8218
#        1079       0.00850     62.55      2.00     7   5.8223
#        1080       0.00666     40.98      2.00     7   5.8223
#        1082       0.00610     11.51      2.00     6   5.8223
#        1083       0.00820     80.18      2.00     7   5.8224
#        1086       0.00877     59.71      2.00     7   5.8246
#        1087       0.00714     31.53      2.00     7   5.8246
#        1088       0.00855      7.18      2.00     5   5.8248
#        1090       0.00521      8.18      2.00     5   5.8260
#        1092       0.00664      8.13      2.00     6   5.8269
#        1093       0.00777      4.52      2.00     4   5.8275
#        1094       0.00980      5.69      2.00     6   5.8273
#        1095       0.01337      4.15      2.00     5   5.8277
#        1097       0.00514     11.18      2.00     6   5.8293
#        1098       0.00841      6.31      2.00     6   5.8307
#        1100       0.00794      9.42      2.00     6   5.8316
#        1101       0.00864      4.22      2.00     5   5.8326
#        1102       0.00865     28.71      2.00     7   5.8335
#        1103       0.01229     59.24      2.00     7   5.8335
#        1104       0.00549     19.78      2.00     7   5.8338
#        1105       0.00868      5.80      2.00     5   5.8352
#        1106       0.00466      9.58      2.00     6   5.8351
#        1108       0.01031      6.88      2.00     5   5.8355
#        1109       0.00832      5.63      2.00     6   5.8372
#        1110       0.00799      8.57      2.00     6   5.8377
#        1111       0.01824      7.61      2.00     6   5.8378
#        1112       0.00600     20.63      2.00     7   5.8381
#        1113       0.00992      8.25      2.00     3   5.8391
#        1114       0.00883      4.86      2.00     5   5.8394
#        1115       0.01069      4.20      2.00     5   5.8406
#        1116       0.00827     22.84      2.00     7   5.8414
#        1119       0.00837      6.26      2.00     6   5.8467
#        1120       0.00702      5.80      2.00     6   5.8466
#        1121       0.01092      4.38      2.00     5   5.8472
#        1126       0.01056      5.72      2.00     6   5.8494
#        1127       0.00532      6.09      2.00     5   5.8496
#        1129       0.00480     15.18      2.00     7   5.8498
#        1130       0.00830    119.50      2.00     7   5.8503
#        1131       0.00571      7.20      2.00     6   5.8514
#        1132       0.00615      4.12      2.00     5   5.8516
#        1133       0.00508     10.42      2.00     6   5.8515
#        1134       0.00872     11.00      2.00     6   5.8520
#        1136       0.00945      5.13      2.00     4   5.8539
#        1137       0.00494     14.50      2.00     7   5.8557
#        1141       0.00542      6.06      2.00     5   5.8585
#        1144       0.00893      4.20      2.00     5   5.8592
#        1145       0.00516      9.81      2.00     5   5.8592
#        1146       0.00959      7.05      2.00     7   5.8600
#        1147       0.00879      4.75      2.00     5   5.8605
#        1148       0.00727      4.65      2.00     5   5.8613
#        1149       0.00671      6.35      2.00     6   5.8614
#        1150       0.00695     11.20      2.00     7   5.8613
#        1151       0.00792     21.53      2.00     7   5.8613
#        1153       0.00660      5.16      1.00     4   5.8627
#        1154       0.00836      4.29      2.00     6   5.8651
#        1155       0.00923      8.56      2.00     7   5.8664
#        1156       0.00789      6.49      2.00     5   5.8670
#        1159       0.00847     24.98      2.00     7   5.8670
#        1160       0.00685     13.95      2.00     7   5.8670
#        1161       0.00891     12.71      2.00     6   5.8674
#        1163       0.00990      4.36      2.00     6   5.8687
#        1164       0.00514     10.81      2.00     6   5.8687
#        1165       0.00808     22.44      2.00     7   5.8694
#        1166       0.00904     25.68      2.00     7   5.8696
#        1167       0.00666     15.02      2.00     7   5.8696
#        1168       0.00877      4.43      2.00     5   5.8706
#        1169       0.00520     16.00      2.00     6   5.8710
#        1170       0.00569     20.50      2.00     7   5.8711
#        1171       0.00534     12.51      2.00     6   5.8725
#        1172       0.00669     12.42      2.00     7   5.8732
#        1173       0.00759     22.44      2.00     7   5.8732
#        1174       0.00741     51.41      2.00     7   5.8734
#        1176       0.00780     44.96      2.00     6   5.8741
#        1177       0.00880      7.44      2.00     6   5.8752
#        1178       0.00467      8.75      2.00     6   5.8753
#        1180       0.00839      4.90      2.00     5   5.8759
#        1181       0.00531      9.32      2.00     6   5.8759
#        1182       0.00509     13.95      2.00     6   5.8759
#        1184       0.00848     49.00      2.00     7   5.8781
#        1185       0.00886     17.61      2.00     7   5.8781
#        1186       0.00652      7.12      2.00     5   5.8788
#        1188       0.00945      5.55      2.00     6   5.8793
#        1189       0.00754     22.70      2.00     6   5.8803
#        1190       0.00802     12.56      2.00     6   5.8817
#        1191       0.00906     53.93      2.00     7   5.8822
#        1192       0.00750     27.30      2.00     7   5.8822
#        1194       0.00873      7.90      2.00     6   5.8824
#        1195       0.00958      4.30      2.00     6   5.8832
#        1196       0.01238    106.00      2.00     7   5.8828
#        1197       0.00438     16.10      2.00     7   5.8836
#        1199       0.00807     56.00      2.00     7   5.8860
#        1200       0.00711     35.63      2.00     7   5.8860
#        1201       0.01040     21.32      2.00     6   5.8868
#        1202       0.00528      9.69      2.00     5   5.8884
#        1203       0.00544      6.82      2.00     5   5.8883
#        1204       0.00561     21.31      2.00     7   5.8892
#        1205       0.00980      8.28      2.00     7   5.8891
#        1208       0.00662      7.08      2.00     6   5.8931
#        1211       0.00618     27.95      2.00     7   5.8949
#        1214       0.01077      6.02      2.00     4   5.8985
#        1215       0.00848      7.57      2.00     5   5.8985
#        1216       0.01251      8.75      2.00     6   5.8987
#        1217       0.00990     31.63      1.00     6   5.8984
#        1218       0.00903     26.44      2.00     7   5.8986
#        1219       0.01322     57.43      2.00     7   5.8986
#        1221       0.00515     14.42      2.00     6   5.9002
#        1222       0.00552      9.93      2.00     6   5.9001
#        1224       0.00534      6.64      2.00     6   5.9012
#        1226       0.00814      4.93      2.00     5   5.9018
#        1227       0.00481      7.09      1.00     6   5.9020
#        1228       0.00549      5.15      2.00     6   5.9025
#        1229       0.01008      6.12      2.00     5   5.9044
#        1230       0.00829     14.84      2.00     6   5.9041
#        1231       0.00536      5.89      2.00     6   5.9051
#        1232       0.01312      4.78      2.00     7   5.9056
#        1233       0.00799     43.20      2.00     6   5.9079
#        1235       0.00795      5.41      2.00     5   5.9102
#        1236       0.00866     14.10      2.00     6   5.9103
#        1238       0.00757     12.64      2.00     6   5.9118
#        1239       0.00731     16.91      2.00     6   5.9134
#        1241       0.00793     14.65      2.00     6   5.9140
#        1242       0.00867    106.90      2.00     7   5.9144
#        1243       0.00803     14.41      2.00     6   5.9154
#        1244       0.00746     14.14      2.00     6   5.9156
#        1245       0.00782     68.50      2.00     7   5.9167
#        1247       0.00849      9.85      2.00     6   5.9184
#        1248       0.00498     12.40      2.00     7   5.9179
#        1250       0.00539     18.52      2.00     6   5.9197
#        1251       0.00796     37.19      1.00     7   5.9197
#        1252       0.00474      4.68      2.00     5   5.9202
#        1253       0.00796     37.19      1.00     7   5.9197
#        1254       0.00590     24.48      2.00     7   5.9205
#        1255       0.00870      4.91      2.00     6   5.9209
#        1256       0.01103     24.28      2.00     6   5.9229
#        1257       0.00497     13.47      2.00     7   5.9234
#        1258       0.00668      4.05      2.00     5   5.9239
#        1259       0.00875     10.61      2.00     6   5.9236
#        1260       0.00562     17.09      2.00     7   5.9246
#        1261       0.00862      5.53      2.00     6   5.9262
#        1262       0.00859      4.27      2.00     6   5.9279
#        1263       0.00842     21.76      1.00     6   5.9284
#        1266       0.01065     34.53      2.00     7   5.9295
#        1267       0.01038     35.89      2.00     7   5.9295
#        1268       0.00847      6.47      2.00     5   5.9297
#        1272       0.00841     14.72      2.00     6   5.9315
#        1274       0.00975      8.48      2.00     6   5.9324
#        1275       0.01675      6.87      2.00     6   5.9319
#        1276       0.00798      6.21      2.00     6   5.9324
#        1277       0.00755      7.43      2.00     6   5.9324
#        1278       0.00914     45.91      2.00     7   5.9333
#        1279       0.00953     14.60      2.00     7   5.9333
#        1280       0.00985      7.97      2.00     5   5.9340
#        1282       0.01367      5.05      2.00     7   5.9335
#        1283       0.01115     42.72      2.00     7   5.9347
#        1284       0.01099     43.91      2.00     7   5.9347
#        1285       0.00838      7.86      2.00     6   5.9362
#        1288       0.00757     44.57      2.00     7   5.9396
#        1289       0.00523     10.10      2.00     6   5.9418
#        1290       0.00545      6.63      2.00     6   5.9418
#        1291       0.00811     15.12      2.00     6   5.9419
#        1292       0.00807     46.53      2.00     7   5.9427
#        1293       0.00863     15.20      2.00     7   5.9427
#        1295       0.00547     11.38      2.00     6   5.9448
#        1296       0.00840     26.98      2.00     7   5.9462
#        1297       0.00757     39.62      2.00     7   5.9470
#        1298       0.00442     17.05      2.00     7   5.9470
#        1300       0.00771      4.34      2.00     5   5.9505
#        1301       0.00809     13.34      2.00     6   5.9508
#        1302       0.00830     26.74      2.00     7   5.9513
#        1303       0.00584     16.98      2.00     6   5.9521
#        1305       0.00810     27.82      2.00     7   5.9566
#        1307       0.00827     10.67      2.00     6   5.9574
#        1308       0.00913      6.17      2.00     6   5.9585
#        1309       0.00605     20.47      2.00     7   5.9585
#        1310       0.00810      6.24      2.00     6   5.9587
#        1311       0.00479      5.59      2.00     5   5.9599
#        1312       0.01101      6.20      2.00     5   5.9607
#        1313       0.00558      5.14      2.00     4   5.9622
#        1314       0.00969     26.08      2.00     7   5.9626
#        1315       0.00600     11.18      2.00     6   5.9631
#        1317       0.00588     12.16      2.00     6   5.9634
#        1318       0.00590     21.65      2.00     7   5.9638
#        1319       0.00837      4.21      2.00     5   5.9642
#        1320       0.00882     17.28      2.00     6   5.9671
#        1321       0.00801     97.05      2.00     7   5.9677
#        1322       0.00854      8.46      2.00     5   5.9684
#        1323       0.00884      7.69      2.00     6   5.9684
#        1324       0.00436     17.67      2.00     7   5.9689
#        1325       0.00868      9.89      2.00     6   5.9709
#        1326       0.00491      6.22      2.00     4   5.9715
#        1327       0.01045      6.49      2.00     6   5.9717
#        1328       0.01096      5.86      2.00     6   5.9721
#        1330       0.00887     12.21      2.00     6   5.9724
#        1331       0.00855      8.78      2.00     5   5.9730
#        1332       0.00866     17.81      2.00     7   5.9740
#        1334       0.00505      6.92      2.00     4   5.9752
#        1336       0.01153      9.48      2.00     6   5.9771
#        1338       0.00593      4.92      1.00     6   5.9770
#        1339       0.00773      6.49      2.00     6   5.9775
#        1340       0.01405      6.02      2.00     6   5.9787
#        1341       0.00982     10.56      2.00     6   5.9787
#        1342       0.00771      7.81      2.00     6   5.9789
#        1343       0.00886     20.80      2.00     7   5.9792
#        1344       0.00531      8.15      2.00     5   5.9806
#        1345       0.00803     19.25      2.00     7   5.9805
#        1346       0.01066     40.19      2.00     7   5.9805
#        1347       0.00880      8.90      2.00     6   5.9818
#        1348       0.00858     16.00      2.00     6   5.9831
#        1350       0.00779      5.69      2.00     6   5.9836
#        1351       0.00491      6.33      2.00     4   5.9852
#        1352       0.00863     15.70      2.00     6   5.9848
#        1353       0.00774      7.50      2.00     6   5.9853
#        1354       0.00489     10.32      2.00     5   5.9862
#        1355       0.00892      9.29      2.00     6   5.9864
#        1356       0.00972      6.81      2.00     7   5.9871
#        1357       0.00518     13.23      2.00     5   5.9870
#        1358       0.00788      7.06      2.00     6   5.9872
#        1359       0.00487      5.66      2.00     4   5.9884
#        1361       0.00378      4.17      2.00     6   5.9899
#        1362       0.00584     17.73      2.00     7   5.9899
#        1366       0.00907      4.57      2.00     6   5.9907
#        1367       0.01014     20.29      2.00     7   5.9905
#        1369       0.00573      6.89      2.00     6   5.9912
#        1370       0.00547     20.34      2.00     6   5.9913
#        1371       0.00772     10.19      2.00     6   5.9929
#        1372       0.01084      8.54      2.00     6   5.9928
#        1373       0.00577     34.31      2.00     7   5.9931
#        1374       0.01143     63.43      2.00     7   5.9932
#        1375       0.01185      4.25      2.00     7   5.9937
#        1376       0.00592     17.21      2.00     7   5.9935
#        1377       0.00590     32.79      2.00     7   5.9938
#        1378       0.00660      5.65      2.00     6   5.9939
#        1380       0.02173      6.84      2.00     7   5.9953
#        1381       0.01288      5.84      2.00     5   5.9954
#        1382       0.00534     15.45      2.00     6   5.9953
#        1384       0.00660     15.65      2.00     6   5.9984
#        1386       0.00536     12.44      2.00     6   5.9988
#        1387       0.00498     12.64      2.00     5   5.9999
#        1390       0.00491      9.44      2.00     5   6.0002
#        1391       0.00896     16.93      2.00     6   6.0019
#        1392       0.00887      5.19      2.00     6   6.0026
#        1393       0.00760     34.61      2.00     7   6.0026
#        1395       0.00912      6.61      2.00     6   6.0033
#        1396       0.02994     10.02      2.00     7   6.0042
#        1399       0.01131      8.23      2.00     6   6.0066
#        1400       0.01050      8.48      2.00     6   6.0062
#        1401       0.00851      7.41      2.00     6   6.0062
#        1402       0.00820     10.74      2.00     6   6.0062
#        1403       0.00540      6.42      2.00     5   6.0070
#        1405       0.00533      4.38      2.00     6   6.0079
#        1406       0.00785     20.49      2.00     7   6.0076
#        1407       0.00912     43.10      2.00     7   6.0085
#        1408       0.00927     11.89      2.00     7   6.0085
#        1409       0.00883     30.68      2.00     7   6.0098
#        1410       0.00992     14.54      2.00     6   6.0110
#        1411       0.00945     15.83      2.00     7   6.0110
#        1412       0.00975      9.99      2.00     6   6.0111
#        1414       0.00895     30.72      2.00     7   6.0137
#        1415       0.00521     12.58      2.00     5   6.0141
#        1416       0.00951     13.27      2.00     7   6.0151
#        1419       0.00699      4.66      2.00     4   6.0173
#        1420       0.00606      6.47      2.00     5   6.0174
#        1421       0.00595      7.50      2.00     6   6.0203
#        1422       0.00870     16.21      2.00     6   6.0202
#        1423       0.00794     22.00      2.00     6   6.0204
#        1424       0.00602     19.26      2.00     6   6.0203
#        1425       0.00507     10.50      2.00     5   6.0225
#        1426       0.00820      8.36      2.00     6   6.0234
#        1427       0.00941      4.87      2.00     6   6.0243
#        1429       0.00996     28.42      2.00     7   6.0258
#        1430       0.01356      5.00      2.00     7   6.0258
#        1431       0.00835      4.87      2.00     5   6.0265
#        1433       0.00733      5.45      2.00     6   6.0263
#        1435       0.00833      5.74      2.00     6   6.0276
#        1436       0.00503      9.67      2.00     5   6.0278
#        1437       0.00515     21.15      2.00     6   6.0289
#        1439       0.00683     20.78      2.00     6   6.0299
#        1440       0.00823      8.53      2.00     6   6.0305
#        1442       0.00869     29.49      2.00     7   6.0320
#        1443       0.00841      4.69      2.00     6   6.0329
#        1445       0.00512     20.28      2.00     6   6.0343
#        1446       0.00506     11.92      2.00     5   6.0356
#        1447       0.00780      7.75      2.00     6   6.0356
#        1448       0.00687      6.24      2.00     6   6.0354
#        1452       0.00884      7.08      2.00     6   6.0378
#        1454       0.00623      6.20      2.00     5   6.0385
#        1455       0.01037      4.79      2.00     6   6.0385
#        1456       0.00836     86.62      2.00     7   6.0400
#        1458       0.01246     10.53      2.00     7   6.0402
#        1459       0.00969      5.16      2.00     6   6.0412
#        1460       0.00657     25.92      2.00     7   6.0411
#        1461       0.00549      7.97      2.00     5   6.0415
#        1462       0.00495     38.13      2.00     7   6.0417
#        1463       0.00505     19.52      2.00     6   6.0426
#        1466       0.00912     18.52      2.00     7   6.0433
#        1467       0.00452     17.83      2.00     7   6.0436
#        1468       0.00548     15.43      2.00     7   6.0449
#        1470       0.00523      8.33      2.00     6   6.0464
#        1471       0.00523     24.13      2.00     7   6.0466
#        1472       0.00499     20.10      2.00     6   6.0474
#        1474       0.00847     12.32      2.00     6   6.0481
#        1475       0.00897     13.79      2.00     7   6.0481
#        1479       0.00553     11.81      2.00     6   6.0497
#        1480       0.01124     11.33      2.00     5   6.0504
#        1481       0.00859      7.75      2.00     6   6.0514
#        1482       0.00840      4.56      2.00     6   6.0518
#        1483       0.00952      5.02      2.00     6   6.0523
#        1484       0.00553     14.66      2.00     6   6.0533
#        1485       0.01041     18.97      2.00     7   6.0538
#        1486       0.00838     18.01      2.00     7   6.0550
#        1487       0.01143     38.74      2.00     7   6.0550
#        1488       0.01601      4.91      2.00     7   6.0552
#        1489       0.00897     13.78      2.00     7   6.0584
#        1491       0.00862     23.75      2.00     7   6.0599
#        1492       0.00916     23.08      2.00     7   6.0608
#        1493       0.00628      6.29      1.00     4   6.0622
#        1494       0.01166     23.69      2.00     6   6.0622
#        1495       0.00816      5.37      2.00     6   6.0622
#        1496       0.00984     11.14      2.00     6   6.0620
#        1497       0.00890      5.24      2.00     7   6.0620
#        1498       0.00894     13.21      2.00     7   6.0625
#        1500       0.00852      4.43      2.00     6   6.0637
#        1501       0.00730      5.39      2.00     6   6.0654
#        1502       0.00962     19.35      2.00     7   6.0651
#        1503       0.00828      5.89      2.00     6   6.0681
#        1504       0.00690      4.69      2.00     6   6.0686
#        1505       0.00846     13.96      2.00     7   6.0688
#        1506       0.01265     76.99      2.00     7   6.0699
#        1509       0.00846      8.49      2.00     7   6.0703
#        1511       0.00875      5.93      2.00     6   6.0721
#        1513       0.00831      6.59      2.00     6   6.0735
#        1514       0.01660      4.03      2.00     6   6.0748
#        1515       0.00483      5.84      2.00     6   6.0753
#        1516       0.00857      7.46      2.00     7   6.0755
#        1518       0.01008     21.55      2.00     7   6.0767
#        1522       0.00936      9.75      2.00     5   6.0788
#        1523       0.00855      5.18      2.00     6   6.0787
#        1525       0.00848      9.75      2.00     6   6.0803
#        1527       0.00751      5.79      2.00     3   6.0825
#        1528       0.00812     15.83      2.00     7   6.0829
#        1529       0.01103      9.01      2.00     5   6.0834
#        1530       0.00842     17.88      2.00     7   6.0842
#        1531       0.00689     21.90      2.00     7   6.0842
#        1532       0.00824     21.84      2.00     7   6.0863
#        1533       0.00677     25.75      2.00     7   6.0863
#        1537       0.00685     23.54      2.00     7   6.0920
#        1538       0.00685     38.05      2.00     7   6.0920
#        1540       0.00958     21.40      2.00     6   6.0935
#        1541       0.00853     10.14      2.00     7   6.0934
#        1542       0.00519      5.49      2.00     5   6.0957
#        1543       0.01136      6.60      2.00     6   6.0957
#        1545       0.00890      6.75      2.00     6   6.0970
#        1546       0.01485      6.22      2.00     6   6.0982
#        1547       0.00841      9.23      2.00     7   6.0990
#        1549       0.00912      5.49      2.00     6   6.1022
#        1550       0.00982     10.31      2.00     6   6.1050
#        1551       0.00975      7.57      2.00     7   6.1048
#        1552       0.00771     18.05      2.00     7   6.1048
#        1553       0.00790     13.29      2.00     7   6.1048
#        1556       0.00575      8.40      2.00     6   6.1068
#        1559       0.00892      6.52      2.00     6   6.1089
#        1560       0.00587      4.45      2.00     4   6.1102
#        1561       0.00916     11.77      2.00     7   6.1108
#        1562       0.00841      4.14      2.00     6   6.1122
#        1563       0.01165     13.00      2.00     5   6.1129
#        1564       0.01540      4.99      2.00     6   6.1131
#        1565       0.00707      4.78      2.00     6   6.1132
#        1566       0.00543     19.95      2.00     7   6.1142
#        1567       0.00881      6.10      2.00     6   6.1147
#        1568       0.00880     11.49      2.00     7   6.1148
#        1569       0.00557     16.75      2.00     7   6.1155
#        1570       0.00839      4.22      2.00     6   6.1162
#        1571       0.01307      6.30      2.00     6   6.1172
#        1573       0.00824      8.85      2.00     7   6.1198
#        1574       0.00918      7.72      2.00     5   6.1205
#        1575       0.00893     12.32      2.00     7   6.1207
#        1576       0.01229      4.47      2.00     6   6.1217
#        1577       0.00819     15.84      2.00     7   6.1213
#        1579       0.00883     18.88      2.00     7   6.1229
#        1580       0.01420      4.40      2.00     7   6.1228
#        1581       0.00735     10.78      2.00     6   6.1234
#        1582       0.00905      5.55      2.00     6   6.1232
#        1583       0.01395      4.26      2.00     7   6.1230
#        1584       0.00848      7.15      2.00     7   6.1251
#        1585       0.01192     20.39      2.00     6   6.1260
#        1587       0.00844      6.41      2.00     7   6.1269
#        1588       0.00755      4.54      2.00     6   6.1293
#        1591       0.00984     15.24      2.00     7   6.1301
#        1592       0.00702     20.30      2.00     7   6.1314
#        1593       0.00995      8.85      2.00     6   6.1320
#        1594       0.00671      4.20      2.00     4   6.1327
#        1595       0.00734     27.08      2.00     7   6.1328
#        1596       0.00428      4.00      2.00     6   6.1341
#        1598       0.00942     20.35      2.00     7   6.1340
#        1601       0.00907      9.17      2.00     7   6.1379
#        1603       0.01029      5.53      2.00     6   6.1395
#        1605       0.00900      6.47      2.00     6   6.1399
#        1607       0.00620      4.36      2.00     4   6.1432
#        1609       0.00897      9.90      2.00     7   6.1442
#        1610       0.00935     11.23      2.00     7   6.1441
#        1611       0.01004      5.12      2.00     7   6.1441
#        1612       0.01013     18.78      2.00     7   6.1478
#        1613       0.01086      8.54      2.00     7   6.1478
#        1615       0.01414     22.09      2.00     5   6.1506
#        1616       0.01026      5.60      2.00     6   6.1522
#        1617       0.01034     19.53      2.00     7   6.1522
#        1618       0.00863     19.70      2.00     7   6.1535
#        1620       0.01488      6.03      2.00     6   6.1555
#        1623       0.00703      8.66      2.00     5   6.1588
#        1624       0.00510      5.53      2.00     6   6.1597
#        1626       0.00709     28.00      2.00     7   6.1620
#        1627       0.00575     22.50      2.00     7   6.1619
#        1628       0.00722     45.85      2.00     7   6.1620
#        1629       0.00850      4.89      2.00     6   6.1622
#        1631       0.01058      4.33      2.00     6   6.1630
#        1633       0.00574     17.84      2.00     7   6.1639
#        1634       0.01465     10.22      2.00     7   6.1644
#        1636       0.00873      7.76      2.00     7   6.1657
#        1637       0.01131      5.77      2.00     3   6.1673
#        1638       0.00969     18.26      2.00     6   6.1677
#        1639       0.00997      4.32      1.00     6   6.1675
#        1644       0.01173      6.06      2.00     6   6.1698
#        1645       0.00583      5.74      2.00     6   6.1702
#        1646       0.00723      6.68      2.00     5   6.1717
#        1647       0.00465      5.35      2.00     5   6.1717
#        1648       0.00888     16.54      2.00     7   6.1721
#        1649       0.00942     13.64      2.00     7   6.1739
#        1651       0.00764      5.04      2.00     4   6.1765
#        1652       0.01040      5.95      2.00     7   6.1769
#        1653       0.00815      9.79      2.00     7   6.1772
#        1654       0.00811     22.79      2.00     7   6.1769
#        1655       0.00784      5.20      2.00     5   6.1778
#        1656       0.01006      7.66      2.00     6   6.1788
#        1657       0.00880      7.43      2.00     7   6.1800
#        1658       0.00872     15.01      2.00     7   6.1801
#        1660       0.00917     11.65      2.00     7   6.1826
#        1661       0.01524      5.21      2.00     6   6.1834
#        1665       0.01187      9.15      2.00     6   6.1866
#        1666       0.00907     12.49      2.00     7   6.1871
#        1668       0.00872      5.06      2.00     6   6.1878
#        1670       0.01171      4.21      2.00     4   6.1892
#        1671       0.00870      7.90      2.00     7   6.1892
#        1672       0.00887      5.37      2.00     6   6.1907
#        1673       0.00869      6.55      2.00     7   6.1906
#        1676       0.01507      9.06      2.00     7   6.1923
#        1678       0.02934      8.23      2.00     7   6.1933
#        1679       0.00855      6.69      2.00     7   6.1940
#        1680       0.01165      6.48      2.00     6   6.1953
#        1681       0.00487      5.64      2.00     6   6.1956
#        1682       0.01235      4.72      2.00     6   6.1959
#        1683       0.00846     13.34      2.00     7   6.1958
#        1685       0.00839      7.54      2.00     7   6.1989
#        1686       0.00662      4.01      2.00     6   6.1992
#        1688       0.00729      5.47      2.00     3   6.2008
#        1689       0.01514      6.44      2.00     6   6.2009
#        1690       0.00827      6.10      2.00     7   6.2038
#        1691       0.00826     11.81      2.00     7   6.2046
#        1692       0.00711      4.94      2.00     7   6.2057
#        1696       0.00707      4.34      2.00     7   6.2101
#        1697       0.00881      7.86      2.00     7   6.2104
#        1698       0.00461      4.18      2.00     5   6.2111
#        1699       0.00532      4.65      2.00     5   6.2133
#        1700       0.01317      5.95      2.00     6   6.2132
#        1701       0.00537      6.09      2.00     5   6.2142
#        1702       0.00899      8.81      2.00     7   6.2150
#        1705       0.00885      4.06      2.00     7   6.2164
#        1706       0.01530     13.69      2.00     7   6.2165
#        1707       0.01683      6.59      2.00     7   6.2164
#        1708       0.01313      9.65      2.00     7   6.2170
#        1709       0.00548      7.15      2.00     6   6.2179
#        1713       0.00517      8.92      2.00     7   6.2196
#        1714       0.00518      7.54      2.00     7   6.2200
#        1717       0.01222      5.34      2.00     6   6.2229
#        1718       0.00869     12.98      2.00     7   6.2226
#        1720       0.00871      5.82      2.00     7   6.2239
#        1723       0.00634     13.62      2.00     6   6.2257
#        1724       0.00944      4.33      2.00     6   6.2270
#        1727       0.01046     18.32      2.00     7   6.2281
#        1728       0.01485     10.30      2.00     7   6.2279
#        1729       0.00959      4.02      2.00     6   6.2291
#        1730       0.00791      5.42      2.00     5   6.2290
#        1731       0.00572      4.27      2.00     6   6.2303
#        1733       0.01009      5.55      2.00     6   6.2319
#        1735       0.01067     11.97      2.00     7   6.2338
#        1736       0.00699      6.67      2.00     5   6.2353
#        1737       0.00913     14.20      2.00     7   6.2351
#        1739       0.01049      9.37      2.00     7   6.2360
#        1740       0.01242      8.84      2.00     7   6.2360
#        1741       0.00889      5.72      2.00     6   6.2369
#        1742       0.00634      4.98      2.00     6   6.2372
#        1744       0.01529      9.77      2.00     7   6.2376
#        1745       0.01460     21.20      1.00     6   6.2391
#        1746       0.00901      7.72      2.00     7   6.2409
#        1747       0.00675      5.28      2.00     4   6.2416
#        1749       0.01521      8.49      2.00     7   6.2431
#        1750       0.00517     14.03      2.00     6   6.2436
#        1751       0.01542     15.28      2.00     7   6.2433
#        1753       0.01562     11.73      2.00     7   6.2444
#        1755       0.01029     10.08      2.00     7   6.2449
#        1756       0.01226     14.72      2.00     7   6.2449
#        1758       0.00952     19.59      2.00     7   6.2466
#        1761       0.00637      5.37      2.00     7   6.2506
#        1764       0.01036     27.10      2.00     7   6.2526
#        1765       0.00909      5.98      2.00     7   6.2535
#        1766       0.00862     13.38      2.00     7   6.2548
#        1767       0.01006     22.90      2.00     7   6.2558
#        1768       0.00851      5.91      2.00     7   6.2557
#        1769       0.04705      4.39      2.00     7   6.2558
#        1770       0.00558      7.20      2.00     6   6.2572
#        1771       0.00871      7.55      2.00     7   6.2571
#        1772       0.00884     14.91      2.00     7   6.2585
#        1773       0.00944      7.48      2.00     7   6.2597
#        1776       0.00546      9.79      2.00     6   6.2605
#        1777       0.00677     14.66      2.00     6   6.2608
#        1778       0.00450      5.35      2.00     5   6.2621
#        1779       0.00628     11.75      2.00     6   6.2620
#        1780       0.01202     23.92      2.00     7   6.2617
#        1781       0.00885      8.86      2.00     7   6.2618
#        1784       0.01062      6.03      2.00     6   6.2654
#        1786       0.00757      4.58      2.00     5   6.2677
#        1787       0.01053     30.70      2.00     7   6.2684
#        1790       0.00764      4.71      2.00     5   6.2704
#        1791       0.00766      4.61      2.00     5   6.2704
#        1792       0.01233      6.82      2.00     7   6.2710
#        1793       0.00765      4.54      2.00     7   6.2716
#        1795       0.01056     30.75      2.00     7   6.2726
#        1796       0.00500     12.01      2.00     6   6.2731
#        1797       0.00512      9.29      2.00     6   6.2733
#        1798       0.01029     18.11      2.00     7   6.2737
#        1801       0.01305      5.62      2.00     7   6.2755
#        1804       0.02048      8.93      2.00     7   6.2758
#        1805       0.01123      6.45      2.00     7   6.2759
#        1806       0.00488     13.98      2.00     7   6.2757
#        1807       0.00753      5.08      2.00     7   6.2758
#        1808       0.00992      8.48      2.00     7   6.2769
#        1810       0.00925      6.83      2.00     7   6.2798
#        1812       0.01462      5.08      2.00     7   6.2830
#        1813       0.00908      8.36      2.00     7   6.2839
#        1814       0.00911      9.40      2.00     7   6.2839
#        1815       0.00497     22.40      2.00     7   6.2843
#        1816       0.01007      4.70      2.00     7   6.2847
#        1817       0.01924      5.95      2.00     7   6.2860
#        1821       0.00571      8.56      2.00     6   6.2897
#        1822       0.01042      4.96      2.00     7   6.2896
#        1823       0.00598      4.08      2.00     7   6.2899
#        1824       0.00948     12.63      2.00     6   6.2905
#        1825       0.00500     22.81      2.00     7   6.2908
#        1827       0.00791      5.14      2.00     5   6.2924
#        1828       0.00792      5.02      2.00     5   6.2924
#        1829       0.00698      4.71      2.00     4   6.2929
#        1830       0.00983      5.72      2.00     7   6.2950
#        1831       0.00869      5.39      2.00     6   6.2972
#        1832       0.01202     12.82      2.00     7   6.2975
#        1833       0.00792      4.89      2.00     5   6.2982
#        1834       0.00795      4.87      2.00     5   6.2982
#        1835       0.01556      4.66      2.00     6   6.2981
#        1836       0.00799     10.23      2.00     6   6.3003
#        1837       0.01005      5.11      2.00     6   6.3019
#        1839       0.00993      7.48      2.00     7   6.3040
#        1840       0.00953     27.70      2.00     7   6.3053
#        1841       0.00945     12.80      2.00     7   6.3058
#        1842       0.01247     14.50      2.00     6   6.3069
#        1843       0.00785      8.86      2.00     6   6.3072
#        1845       0.00935     27.53      2.00     7   6.3092
#        1846       0.00740      4.87      2.00     5   6.3095
#        1847       0.00741      4.75      2.00     5   6.3095
#        1848       0.00672      6.28      2.00     4   6.3109
#        1850       0.00614      6.72      2.00     5   6.3125
#        1851       0.00975      9.47      2.00     7   6.3120
#        1852       0.00768      8.56      2.00     6   6.3132
#        1854       0.00487     19.47      2.00     7   6.3157
#        1857       0.00748     14.68      2.00     7   6.3172
#        1858       0.00762      7.75      2.00     6   6.3176
#        1859       0.00969      7.52      2.00     6   6.3175
#        1860       0.00971     20.24      2.00     7   6.3180
#        1861       0.01288     29.81      2.00     7   6.3187
#        1862       0.00501     14.89      2.00     7   6.3195
#        1863       0.00537     12.90      2.00     6   6.3206
#        1864       0.00479     18.87      2.00     7   6.3205
#        1867       0.00966      4.74      2.00     7   6.3232
#        1868       0.00987     23.62      2.00     7   6.3242
#        1869       0.00840      6.46      2.00     5   6.3252
#        1870       0.00690      9.40      2.00     5   6.3253
#        1871       0.01531      7.69      2.00     7   6.3251
#        1872       0.01367      7.10      2.00     7   6.3276
#        1873       0.00741      6.51      2.00     5   6.3283
#        1874       0.03358      6.28      2.00     7   6.3305
#        1875       0.00929     21.45      2.00     7   6.3331
#        1877       0.00499      5.56      2.00     7   6.3343
#        1879       0.01241      6.85      2.00     7   6.3348
#        1880       0.00559     23.24      2.00     7   6.3353
#        1881       0.00516     12.05      2.00     6   6.3366
#        1882       0.00634      7.48      2.00     7   6.3371
#        1883       0.01389      9.58      2.00     7   6.3377
#        1885       0.01218     12.30      2.00     6   6.3388
#        1886       0.01201      7.77      2.00     6   6.3388
#        1887       0.01294      5.60      2.00     7   6.3401
#        1888       0.01581     11.03      2.00     7   6.3405
#        1889       0.00681      5.86      2.00     4   6.3432
#        1893       0.01402      5.47      2.00     6   6.3437
#        1894       0.00881      5.38      2.00     6   6.3442
#        1895       0.01269      4.81      2.00     6   6.3441
#        1896       0.01260      4.31      2.00     6   6.3441
#        1897       0.00556      6.66      2.00     5   6.3448
#        1899       0.00780      7.20      2.00     6   6.3455
#        1900       0.00784      7.16      2.00     6   6.3455
#        1901       0.01065      5.92      2.00     6   6.3477
#        1902       0.00536     21.39      2.00     7   6.3484
#        1903       0.00889      6.92      2.00     6   6.3493
#        1904       0.00757      5.17      2.00     5   6.3499
#        1905       0.00757      5.03      2.00     5   6.3499
#        1906       0.01341      4.83      2.00     7   6.3498
#        1907       0.00976      6.54      2.00     7   6.3502
#        1908       0.00752      7.88      2.00     6   6.3521
#        1909       0.01000     11.68      2.00     6   6.3520
#        1910       0.00760     15.12      2.00     7   6.3520
#        1911       0.00694      5.96      2.00     6   6.3532
#        1912       0.00544     13.21      2.00     7   6.3533
#        1913       0.01110     12.39      2.00     7   6.3535
#        1914       0.00898      4.20      2.00     3   6.3554
#        1915       0.01678      4.17      1.00     6   6.3559
#        1916       0.01349      7.81      2.00     7   6.3555
#        1917       0.01128      6.65      2.00     7   6.3564
#        1919       0.00957     13.13      2.00     7   6.3568
#        1920       0.00515      5.42      2.00     7   6.3573
#        1922       0.01283      9.55      2.00     7   6.3585
#        1923       0.00729      4.52      2.00     5   6.3605
#        1924       0.00731      4.48      2.00     5   6.3605
#        1925       0.00760      8.72      2.00     6   6.3617
#        1926       0.01044     10.15      2.00     6   6.3627
#        1928       0.01289      9.12      1.00     6   6.3631
#        1929       0.01657      5.59      2.00     6   6.3637
#        1930       0.00566     13.23      2.00     6   6.3638
#        1931       0.01314      7.38      2.00     7   6.3639
#        1932       0.01200     12.01      2.00     7   6.3647
#        1933       0.01297      4.53      2.00     6   6.3654
#        1934       0.01079      6.47      2.00     7   6.3663
#        1937       0.00808      4.42      2.00     6   6.3662
#        1938       0.01035     24.45      2.00     7   6.3667
#        1941       0.00732     13.70      2.00     7   6.3679
#        1942       0.01872      4.03      2.00     7   6.3682
#        1943       0.00523      4.36      2.00     5   6.3695
#        1945       0.01063      4.42      2.00     5   6.3702
#        1946       0.00525     12.61      2.00     6   6.3702
#        1947       0.00709      4.93      2.00     6   6.3714
#        1948       0.01026      4.13      2.00     6   6.3720
#        1949       0.00894     12.01      2.00     7   6.3718
#        1950       0.00585      9.19      2.00     7   6.3727
#        1951       0.00850      9.90      2.00     6   6.3734
#        1952       0.01203      6.93      2.00     7   6.3742
#        1953       0.01069      4.54      2.00     6   6.3749
#        1956       0.01347      5.89      2.00     6   6.3765
#        1958       0.00848      8.50      2.00     5   6.3794
#        1959       0.01301     24.24      2.00     7   6.3815
#        1960       0.01888      4.80      2.00     5   6.3843
#        1961       0.00522     12.26      2.00     6   6.3840
#        1963       0.01630      8.76      2.00     7   6.3864
#        1964       0.01160      7.73      2.00     7   6.3869
#        1966       0.01673      4.09      2.00     6   6.3873
#        1967       0.01063      5.18      2.00     5   6.3882
#        1968       0.01195      4.16      2.00     6   6.3884
#        1969       0.01192      5.26      2.00     6   6.3894
#        1970       0.01028      4.96      2.00     6   6.3893
#        1971       0.00837      4.10      2.00     5   6.3896
#        1972       0.00838      4.09      2.00     5   6.3896
#        1973       0.00483      5.25      2.00     5   6.3897
#        1974       0.01323      4.54      2.00     6   6.3904
#        1976       0.00984     10.65      2.00     7   6.3926
#        1978       0.00542      4.23      2.00     5   6.3934
#        1979       0.00546     11.28      2.00     6   6.3932
#        1980       0.01964      7.94      2.00     6   6.3933
#        1981       0.00988      9.99      2.00     6   6.3935
#        1982       0.01067     11.63      2.00     7   6.3965
#        1983       0.01082      5.96      2.00     6   6.3974
#        1984       0.00713      4.64      2.00     6   6.3971
#        1986       0.01682     13.97      2.00     7   6.3986
#        1988       0.00731      6.57      2.00     6   6.4031
#        1989       0.00732      6.50      2.00     6   6.4031
#        1990       0.01288      4.82      2.00     7   6.4036
#        1991       0.00880      9.19      2.00     5   6.4039
#        1992       0.01061     12.83      2.00     7   6.4045
#        1994       0.00826      6.75      2.00     6   6.4043
#        1995       0.00827      6.72      2.00     6   6.4043
#        1996       0.01011      6.38      2.00     7   6.4047
#        1998       0.01034      4.41      2.00     7   6.4058
#        1999       0.00573      4.26      2.00     4   6.4062
#        2000       0.00687      4.97      2.00     6   6.4069
#        2001       0.01335      5.49      2.00     6   6.4071
#        2002       0.01323      5.07      2.00     6   6.4071
#        2004       0.00504      8.23      2.00     5   6.4073
#        2005       0.00510     13.14      2.00     7   6.4073
#        2006       0.00546      4.52      2.00     7   6.4096
#        2007       0.00620      8.40      2.00     6   6.4100
#        2009       0.00619     21.49      2.00     7   6.4110
#        2010       0.00578      4.24      2.00     4   6.4118
#        2011       0.00619      4.13      2.00     4   6.4129
#        2012       0.00983      8.22      2.00     6   6.4129
#        2013       0.00573     20.13      2.00     7   6.4129
#        2015       0.01684      5.88      2.00     6   6.4132
#        2016       0.00724     17.60      2.00     6   6.4138
#        2017       0.00790     12.99      2.00     7   6.4141
#        2019       0.00605      4.28      2.00     5   6.4152
#        2020       0.01658      4.67      2.00     6   6.4147
#        2021       0.00561     10.28      2.00     6   6.4149
#        2023       0.00546      7.55      2.00     6   6.4157
#        2025       0.00485      5.89      2.00     5   6.4164
#        2027       0.00539      9.26      2.00     6   6.4168
#        2028       0.01417      6.31      2.00     7   6.4163
#        2029       0.00586     18.48      2.00     7   6.4167
#        2030       0.00961      4.10      2.00     5   6.4174
#        2031       0.00864      7.03      2.00     6   6.4174
#        2032       0.01055      6.03      2.00     6   6.4174
#        2033       0.00768      4.78      2.00     6   6.4180
#        2034       0.00909      7.08      2.00     7   6.4182
#        2035       0.01233      9.99      2.00     7   6.4185
#        2036       0.00885      7.91      1.00     6   6.4186
#        2037       0.01251      8.97      2.00     7   6.4191
#        2038       0.01066     17.01      2.00     7   6.4191
#        2040       0.01098      4.31      2.00     6   6.4203
#        2041       0.00572      7.28      2.00     5   6.4209
#        2042       0.01237      5.65      2.00     5   6.4210
#        2046       0.00603     16.65      2.00     7   6.4221
#        2047       0.01704      4.25      1.00     6   6.4230
#        2049       0.00581      7.11      2.00     5   6.4236
#        2050       0.01059      9.70      2.00     7   6.4244
#        2051       0.01437      8.12      2.00     7   6.4252
#        2054       0.01331      4.95      2.00     6   6.4263
#        2055       0.01274      5.69      2.00     7   6.4262
#        2056       0.00867      6.93      1.00     6   6.4266
#        2057       0.01265     13.95      2.00     7   6.4276
#        2059       0.01308      4.56      2.00     6   6.4283
#        2060       0.01064      4.20      2.00     5   6.4290
#        2061       0.01100      7.52      2.00     6   6.4286
#        2062       0.01475      8.58      2.00     7   6.4296
#        2063       0.00566     21.12      2.00     7   6.4296
#        2064       0.02255     12.29      2.00     7   6.4297
#        2065       0.00495      5.70      1.00     6   6.4311
#        2067       0.00562     25.86      2.00     7   6.4312
#        2068       0.01333      7.56      2.00     6   6.4322
#        2070       0.00564     27.40      2.00     7   6.4325
#        2071       0.01679      7.96      2.00     7   6.4330
#        2072       0.01045      9.56      2.00     7   6.4349
#        2073       0.01248     11.27      2.00     7   6.4349
#        2074       0.01699     15.09      2.00     7   6.4348
#        2075       0.01088      4.52      2.00     5   6.4364
#        2076       0.00520      5.64      2.00     5   6.4374
#        2077       0.01637      7.61      2.00     7   6.4374
#        2078       0.01164      4.28      2.00     6   6.4380
#        2079       0.01692      8.90      2.00     7   6.4381
#        2080       0.01138     29.35      2.00     7   6.4389
#        2081       0.00806      6.22      2.00     6   6.4399
#        2082       0.00966      8.14      2.00     6   6.4403
#        2083       0.01525      8.89      2.00     7   6.4404
#        2084       0.01064     19.50      2.00     7   6.4407
#        2085       0.01008     10.82      2.00     7   6.4428
#        2086       0.00538      8.74      2.00     6   6.4427
#        2087       0.00618      6.22      2.00     6   6.4429
#        2088       0.00848      7.02      2.00     6   6.4437
#        2089       0.01056      6.72      2.00     6   6.4437
#        2090       0.00794     12.01      2.00     7   6.4444
#        2093       0.00901      5.84      2.00     6   6.4453
#        2094       0.01539     10.15      2.00     6   6.4453
#        2095       0.01004      5.71      2.00     6   6.4453
#        2096       0.00977      7.44      2.00     6   6.4453
#        2097       0.00905      4.57      2.00     5   6.4462
#        2099       0.01434      5.02      2.00     6   6.4484
#        2100       0.01024      6.91      2.00     5   6.4488
#        2102       0.00964      5.53      2.00     7   6.4490
#        2104       0.01679     11.62      2.00     7   6.4496
#        2105       0.01473      6.55      2.00     6   6.4508
#        2106       0.01222     19.24      2.00     7   6.4507
#        2110       0.00957      7.09      2.00     7   6.4516
#        2111       0.00730      6.51      2.00     5   6.4520
#        2112       0.00916      4.41      2.00     5   6.4523
#        2113       0.00866      6.30      2.00     6   6.4522
#        2114       0.00986     13.36      2.00     7   6.4521
#        2115       0.00705      9.50      2.00     5   6.4533
#        2116       0.00577      4.15      2.00     5   6.4542
#        2117       0.00757      8.45      2.00     6   6.4541
#        2118       0.00822     13.05      2.00     6   6.4545
#        2119       0.01287      4.73      2.00     6   6.4559
#        2120       0.00522      7.24      2.00     6   6.4568
#        2122       0.00576      4.66      2.00     4   6.4576
#        2123       0.00615      5.13      2.00     6   6.4585
#        2124       0.01055     11.77      2.00     7   6.4584
#        2125       0.00581      6.94      2.00     5   6.4590
#        2126       0.00537     10.64      2.00     7   6.4591
#        2127       0.01659      8.65      2.00     7   6.4602
#        2128       0.01092     10.38      2.00     7   6.4600
#        2129       0.00546      4.77      2.00     5   6.4615
#        2132       0.01013     12.10      2.00     6   6.4636
#        2133       0.00933     27.02      2.00     7   6.4639
#        2134       0.00540      8.03      2.00     6   6.4644
#        2136       0.01056     10.28      2.00     7   6.4647
#        2139       0.00604     21.11      2.00     7   6.4654
#        2140       0.00850      8.48      2.00     5   6.4659
#        2142       0.01280      6.30      2.00     6   6.4669
#        2144       0.00934      6.50      2.00     6   6.4676
#        2145       0.00984      8.25      2.00     7   6.4677
#        2146       0.00551      8.89      2.00     6   6.4682
#        2147       0.00584      4.11      2.00     5   6.4690
#        2148       0.00547     25.11      2.00     7   6.4686
#        2149       0.00816     10.82      2.00     6   6.4706
#        2152       0.00996     11.95      2.00     6   6.4708
#        2153       0.01168      5.80      2.00     6   6.4720
#        2154       0.00533      6.28      2.00     5   6.4727
#        2156       0.00468      4.81      2.00     6   6.4738
#        2157       0.00580      4.56      2.00     4   6.4738
#        2162       0.00558      5.86      2.00     7   6.4756
#        2163       0.00922      6.07      2.00     7   6.4758
#        2164       0.01306     10.70      2.00     7   6.4758
#        2165       0.00899     12.52      2.00     7   6.4758
#        2168       0.00627     14.77      2.00     7   6.4766
#        2169       0.00616      8.48      2.00     6   6.4770
#        2170       0.01101      5.33      2.00     6   6.4774
#        2171       0.00984      7.37      2.00     7   6.4782
#        2172       0.01058      4.10      2.00     7   6.4790
#        2173       0.00947      5.69      2.00     7   6.4793
#        2174       0.00545      5.40      1.00     6   6.4800
#        2175       0.01008      4.30      2.00     6   6.4805
#        2176       0.00656     19.24      2.00     7   6.4812
#        2177       0.00765      6.01      2.00     6   6.4820
#        2178       0.00765      5.95      2.00     6   6.4820
#        2179       0.01534      6.35      2.00     6   6.4817
#        2180       0.00504      6.27      1.00     6   6.4824
#        2182       0.01006      4.40      2.00     7   6.4833
#        2183       0.01073      6.28      2.00     6   6.4836
#        2184       0.00940      5.85      2.00     7   6.4837
#        2185       0.01327      6.24      2.00     7   6.4840
#        2186       0.00616     16.60      2.00     7   6.4836
#        2188       0.00542      5.82      1.00     6   6.4845
#        2189       0.00514      6.20      2.00     5   6.4857
#        2191       0.00659      4.56      2.00     6   6.4857
#        2192       0.00566     11.19      2.00     7   6.4861
#        2193       0.00568      5.51      2.00     5   6.4869
#  1682/2000 paths used
#  xsedge+50, used to normalize mu           1.0000E+00
#  -----------------------------------------------------------------------
#  omega    e    k    mu    mu0     chi     @#
    9726.081   -205.073  -7.200 -1.17293E-06 -2.34656E-06  3.31672E-06
    9728.815   -202.339  -7.150 -3.85708E-06 -5.26136E-06  3.43615E-06
    9731.529   -199.624  -7.100 -6.54123E-06 -8.17616E-06  3.54464E-06
    9734.225   -196.929  -7.050 -9.22537E-06 -1.10910E-05  3.64692E-06
    9736.901   -194.252  -7.000 -1.19095E-05 -1.40058E-05  3.75347E-06
    9739.559   -191.595  -6.950 -1.45937E-05 -1.69206E-05  3.87351E-06
    9742.197   -188.956  -6.900 -1.72778E-05 -1.98354E-05  4.00864E-06
    9744.817   -186.337  -6.850 -1.96497E-05 -2.26764E-05  4.18108E-06
    9747.417   -183.737  -6.800 -2.16679E-05 -2.54339E-05  4.38565E-06
    9749.998   -181.156  -6.750 -2.36861E-05 -2.81914E-05  4.58156E-06
    9752.560   -178.593  -6.700 -2.57044E-05 -3.09489E-05  4.76848E-06
    9755.104   -176.050  -6.650 -2.77226E-05 -3.37064E-05  4.95435E-06
    9757.628   -173.526  -6.600 -2.97408E-05 -3.64639E-05  5.15086E-06
    9760.133   -171.021  -6.550 -3.17591E-05 -3.92214E-05  5.36629E-06
    9762.619   -168.535  -6.500 -3.37773E-05 -4.19789E-05  5.60016E-06
    9765.086   -166.068  -6.450 -3.43451E-05 -4.46337E-05  5.90176E-06
    9767.534   -163.620  -6.400 -3.39737E-05 -4.72220E-05  6.24270E-06
    9769.963   -161.191  -6.350 -3.36024E-05 -4.98103E-05  6.57780E-06
    9772.372   -158.781  -6.300 -3.32310E-05 -5.23986E-05  6.90662E-06
    9774.763   -156.391  -6.250 -3.28597E-05 -5.49869E-05  7.23723E-06
    9777.135   -154.019  -6.200 -3.24883E-05 -5.75752E-05  7.58225E-06
    9779.488   -151.666  -6.150 -3.21170E-05 -6.01635E-05  7.95193E-06
    9781.821   -149.333  -6.100 -3.17456E-05 -6.27518E-05  8.34816E-06
    9784.136   -147.018  -6.050 -2.76424E-05 -6.52973E-05  8.85282E-06
    9786.431   -144.723  -6.000 -1.14738E-05 -6.77041E-05  9.66986E-06
    9788.708   -142.446  -5.950  4.69489E-06 -7.01109E-05  1.05071E-05
    9790.965   -140.189  -5.900  2.08636E-05 -7.25178E-05  1.13591E-05
    9793.203   -137.950  -5.850  3.70322E-05 -7.49246E-05  1.22293E-05
    9795.423   -135.731  -5.800  5.32009E-05 -7.73314E-05  1.31295E-05
    9797.623   -133.531  -5.750  6.93695E-05 -7.97383E-05  1.40741E-05
    9799.804   -131.349  -5.700  8.55382E-05 -8.21451E-05  1.50735E-05
    9801.966   -129.187  -5.650  1.01707E-04 -8.45519E-05  1.61284E-05
    9804.110   -127.044  -5.600  2.87265E-04 -8.69109E-05  1.86279E-05
    9806.234   -124.920  -5.550  1.00068E-03 -8.91208E-05  2.61016E-05
    9808.339   -122.815  -5.500  1.71410E-03 -9.13306E-05  3.45136E-05
    9810.425   -120.729  -5.450  2.42752E-03 -9.35405E-05  4.38313E-05
    9812.492   -118.662  -5.400  3.14094E-03 -9.57504E-05  5.40344E-05
    9814.539   -116.614  -5.350  3.85436E-03 -9.79603E-05  6.51173E-05
    9816.568   -114.586  -5.300  4.56778E-03 -1.00170E-04  7.70832E-05
    9818.578   -112.576  -5.250  5.28120E-03 -1.02380E-04  8.99305E-05
    9820.569   -110.585  -5.200  5.99462E-03 -1.04590E-04  1.03639E-04
    9822.540   -108.613  -5.150  6.70804E-03 -1.06800E-04  1.18162E-04
    9824.493   -106.661  -5.100  6.96120E-03 -1.08909E-04  1.19804E-04
    9826.427   -104.727  -5.050  6.68122E-03 -1.10901E-04  1.05835E-04
    9828.341   -102.813  -5.000  6.40123E-03 -1.12894E-04  9.18681E-05
    9830.237   -100.917  -4.950  6.12125E-03 -1.14886E-04  7.79454E-05
    9832.113    -99.041  -4.900  5.84127E-03 -1.16878E-04  6.41171E-05
    9833.970    -97.183  -4.850  5.56129E-03 -1.18871E-04  5.04419E-05
    9835.809    -95.345  -4.800  5.28131E-03 -1.20863E-04  3.69818E-05
    9837.628    -93.526  -4.750  5.00132E-03 -1.22855E-04  2.37957E-05
    9839.428    -91.726  -4.700  4.72134E-03 -1.24848E-04  1.09336E-05
    9841.209    -89.944  -4.650  4.44136E-03 -1.26840E-04 -1.56787E-06
    9842.971    -88.182  -4.600  4.16138E-03 -1.28833E-04 -1.36862E-05
    9844.714    -86.439  -4.550  3.91101E-03 -1.30666E-04 -1.77522E-05
    9846.438    -84.715  -4.500  3.67687E-03 -1.32411E-04 -1.71722E-05
    9848.143    -83.010  -4.450  3.44274E-03 -1.34157E-04 -1.61759E-05
    9849.829    -81.324  -4.400  3.20860E-03 -1.35902E-04 -1.48180E-05
    9851.496    -79.658  -4.350  2.97446E-03 -1.37648E-04 -1.31386E-05
    9853.144    -78.010  -4.300  2.74033E-03 -1.39393E-04 -1.11456E-05
    9854.773    -76.381  -4.250  2.50619E-03 -1.41139E-04 -8.80604E-06
    9856.383    -74.771  -4.200  2.27205E-03 -1.42884E-04 -6.05152E-06
    9857.973    -73.181  -4.150  2.03792E-03 -1.44630E-04 -2.79647E-06
    9859.545    -71.609  -4.100  1.80378E-03 -1.46375E-04  1.03531E-06
    9861.097    -70.056  -4.050  1.56964E-03 -1.48121E-04  5.48390E-06
    9862.631    -68.523  -4.000  1.33550E-03 -1.49866E-04  1.05353E-05
    9864.145    -67.008  -3.950  1.18295E-03 -1.51504E-04  7.24264E-05
    9865.641    -65.513  -3.900  1.17064E-03 -1.52954E-04  2.45165E-04
    9867.117    -64.037  -3.850  1.15834E-03 -1.54405E-04  4.06705E-04
    9868.575    -62.579  -3.800  1.14604E-03 -1.55856E-04  5.14859E-04
    9870.013    -61.141  -3.750  1.13374E-03 -1.57306E-04  5.33794E-04
    9871.432    -59.722  -3.700  1.12143E-03 -1.58757E-04  4.43736E-04
    9872.832    -58.322  -3.650  1.10913E-03 -1.60208E-04  2.47799E-04
    9874.213    -56.941  -3.600  1.09683E-03 -1.61658E-04 -2.59165E-05
    9875.575    -55.578  -3.550  1.08453E-03 -1.63109E-04 -3.27856E-04
    9876.918    -54.235  -3.500  1.07223E-03 -1.64560E-04 -5.95816E-04
    9878.242    -52.911  -3.450  1.05992E-03 -1.66010E-04 -7.67480E-04
    9879.547    -51.607  -3.400  1.04762E-03 -1.67461E-04 -7.94156E-04
    9880.833    -50.321  -3.350  1.03532E-03 -1.68912E-04 -6.52775E-04
    9882.100    -49.054  -3.300  1.02302E-03 -1.70362E-04 -3.53358E-04
    9883.348    -47.806  -3.250  1.01072E-03 -1.71813E-04  6.00231E-05
    9884.576    -46.577  -3.200  1.01190E-03 -1.72940E-04  1.25294E-03
    9885.786    -45.368  -3.150  1.01638E-03 -1.73988E-04  3.49726E-03
    9886.977    -44.177  -3.100  1.02087E-03 -1.75036E-04  6.15038E-03
    9888.148    -43.005  -3.050  1.02535E-03 -1.76083E-04  8.51091E-03
    9889.301    -41.853  -3.000  1.02983E-03 -1.77131E-04  9.93446E-03
    9890.434    -40.719  -2.950  1.03431E-03 -1.78179E-04  9.95821E-03
    9891.549    -39.605  -2.900  1.03880E-03 -1.79227E-04  8.34706E-03
    9892.644    -38.510  -2.850  1.04328E-03 -1.80275E-04  5.07867E-03
    9893.720    -37.433  -2.800  1.04776E-03 -1.81323E-04  3.12800E-04
    9894.778    -36.376  -2.750  1.05224E-03 -1.82370E-04 -5.61205E-03
    9895.816    -35.338  -2.700  1.05673E-03 -1.83418E-04 -1.21452E-02
    9896.835    -34.319  -2.650  1.06121E-03 -1.84466E-04 -1.84867E-02
    9897.835    -33.319  -2.600  1.06569E-03 -1.85514E-04 -2.36074E-02
    9898.816    -32.338  -2.550  1.07018E-03 -1.86562E-04 -2.63756E-02
    9899.778    -31.376  -2.500  1.07466E-03 -1.87610E-04 -2.57969E-02
    9900.721    -30.433  -2.450  1.07914E-03 -1.88657E-04 -2.13090E-02
    9901.645    -29.509  -2.400  1.08362E-03 -1.89705E-04 -1.30278E-02
    9902.550    -28.604  -2.350  1.08811E-03 -1.90753E-04 -1.83995E-03
    9903.436    -27.718  -2.300  1.09259E-03 -1.91801E-04  1.07189E-02
    9904.303    -26.851  -2.250  1.03663E-03 -1.92423E-04  6.66502E+01
    9905.150    -26.003  -2.200  9.67664E-04 -1.92954E-04  1.21605E+02
    9905.979    -25.175  -2.150  8.98701E-04 -1.93485E-04  8.74261E+01
    9906.789    -24.365  -2.100  8.29738E-04 -1.94015E-04 -3.67883E+01
    9907.579    -23.575  -2.050  7.60775E-04 -1.94546E-04 -1.83662E+02
    9908.351    -22.803  -2.000  6.91812E-04 -1.95077E-04 -2.63949E+02
    9909.103    -22.051  -1.950  6.22848E-04 -1.95608E-04 -2.30413E+02
    9909.837    -21.317  -1.900  5.53885E-04 -1.96138E-04 -1.13522E+02
    9910.551    -20.603  -1.850  4.84922E-04 -1.96669E-04 -2.11968E+00
    9911.246    -19.907  -1.800  4.15959E-04 -1.97200E-04  1.94655E+01
    9911.923    -19.231  -1.750  3.46996E-04 -1.97730E-04 -6.50899E+01
    9912.580    -18.574  -1.700  2.78033E-04 -1.98261E-04 -1.85436E+02
    9913.218    -17.936  -1.650  2.09070E-04 -1.98792E-04 -2.26988E+02
    9913.837    -17.317  -1.600  1.23763E-04 -1.99187E-04  2.00425E+02
    9914.437    -16.717  -1.550  2.50687E-05 -1.99336E-04  1.94995E+02
    9915.018    -16.136  -1.500 -4.45450E-05 -1.99413E-04 -2.86741E+01
    9915.580    -15.574  -1.450 -6.24093E-05 -1.99411E-04 -4.11039E+01
    9916.123    -15.031  -1.400 -1.37603E-05 -1.99324E-04 -3.56265E+01
    9916.647    -14.507  -1.350  9.15360E-05 -1.99140E-04 -3.05144E+01
    9917.152    -14.002  -1.300  2.37649E-04 -1.98850E-04 -2.60001E+01
    9917.638    -13.516  -1.250  4.12123E-04 -1.98440E-04 -2.27667E+01
    9918.104    -13.049  -1.200  6.04876E-04 -1.97894E-04 -2.07290E+01
    9918.552    -12.602  -1.150  8.07343E-04 -1.97194E-04 -1.58875E+01
    9918.981    -12.173  -1.100  1.01207E-03 -1.96318E-04 -1.02250E+00
    9919.390    -11.764  -1.050  1.21303E-03 -1.95238E-04  2.31511E+01
    9919.781    -11.373  -1.000  1.40560E-03 -1.93921E-04  4.13062E+01
    9920.152    -11.002  -0.950  1.58636E-03 -1.92327E-04  3.95060E+01
    9920.505    -10.649  -0.900  1.75349E-03 -1.90414E-04  2.03071E+01
    9920.838    -10.316  -0.850  1.90604E-03 -1.88116E-04 -3.77962E+00
    9921.152    -10.002  -0.800  2.04377E-03 -1.85374E-04 -2.22692E+01
    9921.448     -9.706  -0.750  2.16729E-03 -1.82104E-04 -3.12487E+01
    9921.724     -9.430  -0.700  2.27734E-03 -1.78220E-04 -3.17482E+01
    9921.981     -9.173  -0.650  2.37519E-03 -1.73634E-04 -2.67639E+01
    9922.219     -8.935  -0.600  2.46158E-03 -1.68234E-04 -1.93021E+01
    9922.438     -8.716  -0.550  2.53801E-03 -1.61977E-04 -1.14987E+01
    9922.638     -8.516  -0.500  2.60565E-03 -1.54862E-04 -4.56481E+00
    9922.819     -8.335  -0.450  2.66531E-03 -1.46986E-04  1.00619E+00
    9922.981     -8.173  -0.400  2.71795E-03 -1.38572E-04  5.17039E+00
    9923.124     -8.030  -0.350  2.76317E-03 -1.29986E-04  8.07164E+00
    9923.248     -7.906  -0.300  2.80203E-03 -1.21693E-04  1.00104E+01
    9923.353     -7.801  -0.250  2.83443E-03 -1.14146E-04  1.12322E+01
    9923.438     -7.716  -0.200  2.86018E-03 -1.07777E-04  1.19503E+01
    9923.505     -7.649  -0.150  2.89550E-03 -8.69381E-05  1.23445E+01
    9923.553     -7.601  -0.100  2.97076E-03 -1.84029E-05  1.24901E+01
    9923.581     -7.573  -0.050  3.04602E-03  5.01323E-05  1.26072E+01
    9923.591     -7.563   0.000  3.12128E-03  1.18667E-04  1.26963E+01
    9923.600     -7.554   0.050  3.14567E-03  1.22153E-04  1.27579E+01
    9923.629     -7.525   0.100  3.16390E-03  1.25153E-04  1.27955E+01
    9923.676     -7.477   0.150  3.17656E-03  1.28153E-04  1.28094E+01
    9923.743     -7.411   0.200  3.18665E-03  1.33841E-04  1.27745E+01
    9923.829     -7.325   0.250  3.16677E-03  1.40966E-04  1.25942E+01
    9923.934     -7.220   0.300  3.09524E-03  1.49265E-04  1.21846E+01
    9924.057     -7.096   0.350  2.95350E-03  1.58384E-04  1.14783E+01
    9924.200     -6.954   0.400  2.72777E-03  1.67902E-04  1.04306E+01
    9924.362     -6.792   0.450  2.41011E-03  1.77394E-04  9.02225E+00
    9924.543     -6.611   0.500  2.00816E-03  1.86489E-04  7.29819E+00
    9924.743     -6.411   0.550  1.53997E-03  1.94959E-04  5.34186E+00
    9924.962     -6.192   0.600  1.03524E-03  2.02693E-04  3.27804E+00
    9925.200     -5.953   0.650  5.31794E-04  2.09655E-04  1.25771E+00
    9925.458     -5.696   0.700  6.90989E-05  2.15864E-04 -5.68421E-01
    9925.734     -5.420   0.750 -3.15666E-04  2.21383E-04 -2.06441E+00
    9926.029     -5.125   0.800 -5.95685E-04  2.26273E-04 -3.13801E+00
    9926.343     -4.810   0.850 -7.57336E-04  2.30577E-04 -3.74872E+00
    9926.677     -4.477   0.900 -8.00715E-04  2.34346E-04 -3.90711E+00
    9927.029     -4.125   0.950 -7.40710E-04  2.37609E-04 -3.67708E+00
    9927.401     -3.753   1.000 -6.02030E-04  2.40412E-04 -3.15582E+00
    9927.791     -3.363   1.050 -4.12123E-04  2.42766E-04 -2.44763E+00
    9928.201     -2.953   1.100 -2.02387E-04  2.44705E-04 -1.66885E+00
    9928.629     -2.524   1.150  2.42114E-06  2.46247E-04 -9.09893E-01
    9929.077     -2.077   1.200  1.82402E-04  2.47416E-04 -2.42805E-01
    9929.544     -1.610   1.250  3.25010E-04  2.48235E-04  2.87233E-01
    9930.030     -1.124   1.300  4.24732E-04  2.48723E-04  6.60289E-01
    9930.534     -0.619   1.350  4.82368E-04  2.48910E-04  8.78978E-01
    9931.058     -0.096   1.400  5.03098E-04  2.48813E-04  9.61679E-01
    9931.601      0.447   1.450  4.94805E-04  2.48458E-04  9.36569E-01
    9932.163      1.009   1.500  4.66481E-04  2.47871E-04  8.36113E-01
    9932.744      1.590   1.550  4.26784E-04  2.47075E-04  6.91936E-01
    9933.344      2.190   1.600  3.83225E-04  2.46094E-04  5.31849E-01
    9933.963      2.810   1.650  3.41622E-04  2.44947E-04  3.77894E-01
    9934.602      3.448   1.700  3.05941E-04  2.43665E-04  2.45453E-01
    9935.259      4.105   1.750  2.78408E-04  2.42260E-04  1.43714E-01
    9935.935      4.781   1.800  2.59775E-04  2.40757E-04  7.62958E-02
    9936.630      5.477   1.850  2.49566E-04  2.39168E-04  4.21070E-02
    9937.345      6.191   1.900  2.46454E-04  2.37515E-04  3.65480E-02
    9938.078      6.924   1.950  2.48544E-04  2.35811E-04  5.25619E-02
    9938.831      7.677   2.000  2.53641E-04  2.34069E-04  8.15938E-02
    9939.602      8.448   2.050  2.59569E-04  2.32301E-04  1.14809E-01
    9940.393      9.239   2.100  2.64365E-04  2.30494E-04  1.44027E-01
    9941.202     10.049   2.150  2.66488E-04  2.28605E-04  1.62763E-01
    9942.031     10.877   2.200  2.64986E-04  2.26610E-04  1.66758E-01
    9942.879     11.725   2.250  2.59739E-04  2.24539E-04  1.54787E-01
    9943.745     12.592   2.300  2.51702E-04  2.22777E-04  1.28723E-01
    9944.631     13.478   2.350  2.42667E-04  2.21846E-04  9.36622E-02
    9945.536     14.382   2.400  2.33810E-04  2.21532E-04  5.56858E-02
    9946.460     15.306   2.450  2.26035E-04  2.21669E-04  1.99008E-02
    9947.403     16.249   2.500  2.20165E-04  2.22229E-04 -9.42258E-03
    9948.365     17.211   2.550  2.16753E-04  2.23117E-04 -2.90232E-02
    9949.346     18.192   2.600  2.15851E-04  2.24352E-04 -3.86954E-02
    9950.346     19.193   2.650  2.16807E-04  2.25549E-04 -3.96970E-02
    9951.365     20.212   2.700  2.16663E-04  2.25956E-04 -4.21370E-02
    9952.404     21.250   2.750  2.15292E-04  2.25936E-04 -4.82589E-02
    9953.461     22.307   2.800  2.12947E-04  2.25674E-04 -5.77693E-02
    9954.537     23.383   2.850  2.09892E-04  2.25276E-04 -6.99492E-02
    9955.633     24.479   2.900  2.06386E-04  2.24793E-04 -8.38555E-02
    9956.747     25.593   2.950  2.02734E-04  2.24265E-04 -9.82802E-02
    9957.881     26.727   3.000  1.99277E-04  2.23731E-04 -1.11826E-01
    9959.033     27.879   3.050  1.96361E-04  2.23230E-04 -1.23040E-01
    9960.205     29.051   3.100  1.94298E-04  2.22784E-04 -1.30570E-01
    9961.395     30.241   3.150  1.93336E-04  2.22383E-04 -1.33194E-01
    9962.605     31.451   3.200  1.93634E-04  2.22015E-04 -1.30163E-01
    9963.834     32.680   3.250  1.95262E-04  2.21690E-04 -1.21203E-01
    9965.081     33.928   3.300  1.98153E-04  2.21396E-04 -1.06566E-01
    9966.348     35.194   3.350  2.02117E-04  2.21144E-04 -8.71938E-02
    9967.634     36.480   3.400  2.06833E-04  2.20940E-04 -6.46011E-02
    9968.939     37.785   3.450  2.11897E-04  2.20775E-04 -4.06231E-02
    9970.263     39.109   3.500  2.16905E-04  2.20656E-04 -1.71435E-02
    9971.606     40.452   3.550  2.21492E-04  2.20569E-04  4.21376E-03
    9972.968     41.814   3.600  2.25413E-04  2.20532E-04  2.22499E-02
    9974.349     43.195   3.650  2.28514E-04  2.20534E-04  3.63250E-02
    9975.749     44.596   3.700  2.30770E-04  2.20576E-04  4.63300E-02
    9977.169     46.015   3.750  2.32242E-04  2.20650E-04  5.25928E-02
    9978.607     47.453   3.800  2.33069E-04  2.20761E-04  5.57433E-02
    9980.064     48.910   3.850  2.33417E-04  2.20904E-04  5.65686E-02
    9981.541     50.387   3.900  2.33454E-04  2.21075E-04  5.58525E-02
    9983.036     51.882   3.950  2.33332E-04  2.21270E-04  5.43193E-02
    9984.550     53.397   4.000  2.33183E-04  2.21492E-04  5.25489E-02
    9986.084     54.930   4.050  2.33093E-04  2.21737E-04  5.09379E-02
    9987.637     56.483   4.100  2.33098E-04  2.21996E-04  4.96995E-02
    9989.208     58.054   4.150  2.33198E-04  2.22266E-04  4.88453E-02
    9990.799     59.645   4.200  2.33360E-04  2.22546E-04  4.82257E-02
    9992.409     61.255   4.250  2.33514E-04  2.22833E-04  4.75427E-02
    9994.037     62.883   4.300  2.33568E-04  2.23122E-04  4.64114E-02
    9995.685     64.531   4.350  2.33418E-04  2.23409E-04  4.43926E-02
    9997.352     66.198   4.400  2.32972E-04  2.23694E-04  4.10841E-02
    9999.038     67.884   4.450  2.32149E-04  2.23969E-04  3.61659E-02
   10000.743     69.589   4.500  2.30908E-04  2.24234E-04  2.94642E-02
   10002.467     71.313   4.550  2.29242E-04  2.24486E-04  2.09672E-02
   10004.210     73.056   4.600  2.27194E-04  2.24721E-04  1.08903E-02
   10005.972     74.818   4.650  2.24850E-04  2.24936E-04 -3.78016E-04
   10007.753     76.599   4.700  2.22345E-04  2.25137E-04 -1.22701E-02
   10009.553     78.400   4.750  2.19822E-04  2.25313E-04 -2.41074E-02
   10011.373     80.219   4.800  2.17446E-04  2.25459E-04 -3.51600E-02
   10013.211     82.057   4.850  2.15389E-04  2.25586E-04 -4.47140E-02
   10015.068     83.915   4.900  2.13779E-04  2.25680E-04 -5.21598E-02
   10016.945     85.791   4.950  2.12733E-04  2.25751E-04 -5.70435E-02
   10018.840     87.686   5.000  2.12303E-04  2.25797E-04 -5.91160E-02
   10020.755     89.601   5.050  2.12489E-04  2.25810E-04 -5.83515E-02
   10022.688     91.535   5.100  2.13254E-04  2.25799E-04 -5.49551E-02
   10024.641     93.487   5.150  2.14502E-04  2.25758E-04 -4.93195E-02
   10026.613     95.459   5.200  2.16113E-04  2.25692E-04 -4.19829E-02
   10028.603     97.450   5.250  2.17951E-04  2.25606E-04 -3.35634E-02
   10030.613     99.459   5.300  2.19863E-04  2.25489E-04 -2.46761E-02
   10032.642    101.488   5.350  2.21736E-04  2.25356E-04 -1.58881E-02
   10034.690    103.536   5.400  2.23460E-04  2.25202E-04 -7.65059E-03
   10036.757    105.603   5.450  2.24963E-04  2.25025E-04 -2.72167E-04
   10038.843    107.689   5.500  2.26219E-04  2.24836E-04  6.08297E-03
   10040.948    109.794   5.550  2.27220E-04  2.24633E-04  1.13823E-02
   10043.072    111.918   5.600  2.27980E-04  2.24416E-04  1.56983E-02
   10045.215    114.061   5.650  2.28539E-04  2.24192E-04  1.91644E-02
   10047.377    116.223   5.700  2.28925E-04  2.23954E-04  2.19313E-02
   10049.558    118.404   5.750  2.29187E-04  2.23720E-04  2.41396E-02
   10051.759    120.605   5.800  2.29337E-04  2.23479E-04  2.58923E-02
   10053.978    122.824   5.850  2.29391E-04  2.23232E-04  2.72424E-02
   10056.216    125.062   5.900  2.29360E-04  2.22992E-04  2.81941E-02
   10058.474    127.320   5.950  2.29230E-04  2.22751E-04  2.87086E-02
   10060.750    129.596   6.000  2.28994E-04  2.22519E-04  2.87160E-02
   10063.046    131.892   6.050  2.28628E-04  2.22290E-04  2.81279E-02
   10065.360    134.206   6.100  2.28116E-04  2.22069E-04  2.68566E-02
   10067.694    136.540   6.150  2.27443E-04  2.21858E-04  2.48270E-02
   10070.046    138.893   6.200  2.26601E-04  2.21657E-04  2.19902E-02
   10072.418    141.264   6.250  2.25587E-04  2.21465E-04  1.83447E-02
   10074.809    143.655   6.300  2.24417E-04  2.21286E-04  1.39449E-02
   10077.219    146.065   6.350  2.23117E-04  2.21117E-04  8.90964E-03
   10079.648    148.494   6.400  2.21732E-04  2.20964E-04  3.42502E-03
   10082.096    150.942   6.450  2.20316E-04  2.20824E-04 -2.26399E-03
   10084.563    153.409   6.500  2.18930E-04  2.20694E-04 -7.87090E-03
   10087.049    155.895   6.550  2.17642E-04  2.20574E-04 -1.30941E-02
   10089.554    158.400   6.600  2.16521E-04  2.20471E-04 -1.76448E-02
   10092.078    160.924   6.650  2.15617E-04  2.20378E-04 -2.12762E-02
   10094.621    163.467   6.700  2.14970E-04  2.20296E-04 -2.38088E-02
   10097.183    166.029   6.750  2.14601E-04  2.20224E-04 -2.51444E-02
   10099.764    168.611   6.800  2.14511E-04  2.20160E-04 -2.52696E-02
   10102.365    171.211   6.850  2.14680E-04  2.20100E-04 -2.42538E-02
   10104.984    173.830   6.900  2.15082E-04  2.20049E-04 -2.22337E-02
   10107.622    176.469   6.950  2.15673E-04  2.20005E-04 -1.93970E-02
   10110.280    179.126   7.000  2.16399E-04  2.19963E-04 -1.59640E-02
   10112.956    181.803   7.050  2.17210E-04  2.19925E-04 -1.21669E-02
   10115.652    184.498   7.100  2.18048E-04  2.19885E-04 -8.23520E-03
   10118.367    187.213   7.150  2.18871E-04  2.19848E-04 -4.37972E-03
   10121.100    189.946   7.200  2.19631E-04  2.19805E-04 -7.79905E-04
   10123.853    192.699   7.250  2.20300E-04  2.19760E-04  2.42479E-03
   10126.625    195.471   7.300  2.20853E-04  2.19708E-04  5.14304E-03
   10129.416    198.262   7.350  2.21284E-04  2.19653E-04  7.33263E-03
   10132.225    201.072   7.400  2.21588E-04  2.19587E-04  8.99824E-03
   10135.054    203.901   7.450  2.21776E-04  2.19513E-04  1.01832E-02
   10137.902    206.748   7.500  2.21867E-04  2.19435E-04  1.09552E-02
   10140.769    209.616   7.550  2.21869E-04  2.19341E-04  1.13919E-02
   10143.655    212.502   7.600  2.21799E-04  2.19235E-04  1.15629E-02
   10146.560    215.407   7.650  2.21669E-04  2.19118E-04  1.15184E-02
   10149.485    218.331   7.700  2.21488E-04  2.18992E-04  1.12817E-02
   10152.428    221.274   7.750  2.21245E-04  2.18847E-04  1.08485E-02
   10155.390    224.236   7.800  2.20943E-04  2.18692E-04  1.01932E-02
   10158.371    227.218   7.850  2.20572E-04  2.18525E-04  9.28274E-03
   10161.372    230.218   7.900  2.20123E-04  2.18341E-04  8.08959E-03
   10164.391    233.237   7.950  2.19603E-04  2.18150E-04  6.60574E-03
   10167.430    236.276   8.000  2.19010E-04  2.17944E-04  4.85221E-03
   10170.487    239.333   8.050  2.18353E-04  2.17721E-04  2.87887E-03
   10173.564    242.410   8.100  2.17661E-04  2.17493E-04  7.67602E-04
   10176.659    245.506   8.150  2.16952E-04  2.17254E-04 -1.38002E-03
   10179.774    248.620   8.200  2.16248E-04  2.17003E-04 -3.45213E-03
   10182.908    251.754   8.250  2.15581E-04  2.16746E-04 -5.33888E-03
   10186.060    254.907   8.300  2.14972E-04  2.16485E-04 -6.94342E-03
   10189.232    258.079   8.350  2.14430E-04  2.16211E-04 -8.18909E-03
   10192.423    261.269   8.400  2.13975E-04  2.15935E-04 -9.02420E-03
   10195.633    264.479   8.450  2.13615E-04  2.15658E-04 -9.42312E-03
   10198.862    267.708   8.500  2.13342E-04  2.15374E-04 -9.38505E-03
   10202.110    270.956   8.550  2.13158E-04  2.15089E-04 -8.93153E-03
   10205.377    274.223   8.600  2.13059E-04  2.14808E-04 -8.10392E-03
   10208.663    277.509   8.650  2.13025E-04  2.14525E-04 -6.96008E-03
   10211.968    280.815   8.700  2.13049E-04  2.14248E-04 -5.57185E-03
   10215.293    284.139   8.750  2.13107E-04  2.13971E-04 -4.02183E-03
   10218.636    287.482   8.800  2.13181E-04  2.13696E-04 -2.39878E-03
   10221.998    290.844   8.850  2.13259E-04  2.13429E-04 -7.93595E-04
   10225.380    294.226   8.900  2.13317E-04  2.13165E-04  7.07793E-04
   10228.780    297.626   8.950  2.13345E-04  2.12911E-04  2.03176E-03
   10232.199    301.046   9.000  2.13331E-04  2.12664E-04  3.12199E-03
   10235.638    304.484   9.050  2.13268E-04  2.12426E-04  3.94532E-03
   10239.095    307.942   9.100  2.13150E-04  2.12193E-04  4.49388E-03
   10242.572    311.418   9.150  2.12984E-04  2.11967E-04  4.78371E-03
   10246.068    314.914   9.200  2.12783E-04  2.11752E-04  4.85070E-03
   10249.582    318.429   9.250  2.12557E-04  2.11550E-04  4.74312E-03
   10253.116    321.962   9.300  2.12306E-04  2.11350E-04  4.51291E-03
   10256.669    325.515   9.350  2.12053E-04  2.11162E-04  4.20698E-03
   10260.241    329.087   9.400  2.11800E-04  2.10983E-04  3.86029E-03
   10263.832    332.678   9.450  2.11547E-04  2.10809E-04  3.49164E-03
   10267.442    336.288   9.500  2.11297E-04  2.10642E-04  3.10321E-03
   10271.071    339.917   9.550  2.11050E-04  2.10483E-04  2.68418E-03
   10274.719    343.565   9.600  2.10796E-04  2.10329E-04  2.21600E-03
   10278.386    347.232   9.650  2.10535E-04  2.10181E-04  1.68041E-03
   10282.072    350.918   9.700  2.10265E-04  2.10041E-04  1.06629E-03
   10285.777    354.624   9.750  2.09974E-04  2.09895E-04  3.75329E-04
   10289.502    358.348   9.800  2.09680E-04  2.09759E-04 -3.75266E-04
   10293.245    362.091   9.850  2.09384E-04  2.09626E-04 -1.15299E-03
   10297.007    365.853   9.900  2.09088E-04  2.09489E-04 -1.91344E-03
   10300.789    369.635   9.950  2.08805E-04  2.09351E-04 -2.60595E-03
   10304.589    373.435  10.000  2.08547E-04  2.09213E-04 -3.18011E-03
   10308.409    377.255  10.050  2.08321E-04  2.09073E-04 -3.59292E-03
   10312.247    381.093  10.100  2.08129E-04  2.08926E-04 -3.81378E-03
   10316.105    384.951  10.150  2.07977E-04  2.08776E-04 -3.82844E-03
   10319.981    388.828  10.200  2.07866E-04  2.08626E-04 -3.64014E-03
   10323.877    392.723  10.250  2.07784E-04  2.08466E-04 -3.26902E-03
   10327.792    396.638  10.300  2.07726E-04  2.08298E-04 -2.74893E-03
   10331.726    400.572  10.350  2.07687E-04  2.08129E-04 -2.12336E-03
   10335.679    404.525  10.400  2.07650E-04  2.07949E-04 -1.44092E-03
   10339.650    408.497  10.450  2.07608E-04  2.07764E-04 -7.49754E-04
   10343.641    412.488  10.500  2.07554E-04  2.07573E-04 -9.30649E-05
   10347.651    416.498  10.550  2.07477E-04  2.07375E-04  4.94357E-04
   10351.680    420.527  10.600  2.07372E-04  2.07167E-04  9.88680E-04
   10355.729    424.575  10.650  2.07241E-04  2.06956E-04  1.37792E-03
   10359.796    428.642  10.700  2.07080E-04  2.06737E-04  1.66121E-03
   10363.882    432.728  10.750  2.06891E-04  2.06510E-04  1.84677E-03
   10367.987    436.833  10.800  2.06681E-04  2.06279E-04  1.94868E-03
   10372.112    440.958  10.850  2.06456E-04  2.06048E-04  1.98324E-03
   10376.255    445.101  10.900  2.06206E-04  2.05802E-04  1.96545E-03
   10380.417    449.264  10.950  2.05951E-04  2.05559E-04  1.90617E-03
   10384.599    453.445  11.000  2.05682E-04  2.05311E-04  1.81039E-03
   10388.799    457.645  11.050  2.05405E-04  2.05061E-04  1.67752E-03
   10393.019    461.865  11.100  2.05112E-04  2.04804E-04  1.50243E-03
   10397.257    466.104  11.150  2.04809E-04  2.04548E-04  1.27868E-03
   10401.515    470.361  11.200  2.04500E-04  2.04295E-04  1.00131E-03
   10405.792    474.638  11.250  2.04173E-04  2.04037E-04  6.70168E-04
   10410.088    478.934  11.300  2.03838E-04  2.03778E-04  2.92317E-04
   10414.402    483.249  11.350  2.03495E-04  2.03519E-04 -1.17105E-04
   10418.736    487.582  11.400  2.03152E-04  2.03261E-04 -5.35418E-04
   10423.089    491.935  11.450  2.02815E-04  2.03005E-04 -9.34635E-04
   10427.461    496.307  11.500  2.02493E-04  2.02753E-04 -1.28477E-03
   10431.852    500.698  11.550  2.02188E-04  2.02504E-04 -1.55783E-03
   10436.262    505.108  11.600  2.01907E-04  2.02257E-04 -1.73149E-03
   10440.691    509.537  11.650  2.01648E-04  2.02010E-04 -1.79206E-03
   10445.139    513.986  11.700  2.01420E-04  2.01771E-04 -1.73666E-03
   10449.607    518.453  11.750  2.01223E-04  2.01540E-04 -1.57321E-03
   10454.093    522.939  11.800  2.01040E-04  2.01306E-04 -1.31917E-03
   10458.598    527.444  11.850  2.00876E-04  2.01077E-04 -9.99369E-04
   10463.123    531.969  11.900  2.00728E-04  2.00857E-04 -6.42512E-04
   10467.666    536.512  11.950  2.00583E-04  2.00638E-04 -2.77974E-04
   10472.228    541.075  12.000  2.00434E-04  2.00421E-04  6.75833E-05
   10476.810    545.656  12.050  2.00286E-04  2.00211E-04  3.72625E-04
   10481.410    550.257  12.100  2.00129E-04  2.00004E-04  6.22167E-04
   10486.030    554.876  12.150  1.99959E-04  1.99797E-04  8.08504E-04
   10490.669    559.515  12.200  1.99783E-04  1.99597E-04  9.30728E-04
   10495.326    564.173  12.250  1.99597E-04  1.99398E-04  9.93176E-04
   10500.003    568.849  12.300  1.99401E-04  1.99200E-04  1.00406E-03
   10504.699    573.545  12.350  1.99198E-04  1.99004E-04  9.73321E-04
   10509.414    578.260  12.400  1.98993E-04  1.98812E-04  9.11110E-04
   10514.148    582.994  12.450  1.98781E-04  1.98616E-04  8.26226E-04
   10518.901    587.747  12.500  1.98568E-04  1.98424E-04  7.25488E-04
   10523.673    592.519  12.550  1.98348E-04  1.98226E-04  6.13125E-04
   10528.464    597.310  12.600  1.98125E-04  1.98027E-04  4.91132E-04
   10533.274    602.120  12.650  1.97900E-04  1.97828E-04  3.60217E-04
   10538.103    606.949  12.700  1.97673E-04  1.97629E-04  2.20247E-04
   10542.951    611.797  12.750  1.97442E-04  1.97427E-04  7.15847E-05
   10547.818    616.665  12.800  1.97202E-04  1.97219E-04 -8.42391E-05
   10552.705    621.551  12.850  1.96961E-04  1.97009E-04 -2.43564E-04
   10557.610    626.456  12.900  1.96713E-04  1.96792E-04 -4.00737E-04
   10562.535    631.381  12.950  1.96465E-04  1.96573E-04 -5.48137E-04
   10567.478    636.324  13.000  1.96218E-04  1.96351E-04 -6.76726E-04
   10572.440    641.287  13.050  1.95969E-04  1.96122E-04 -7.77106E-04
   10577.422    646.268  13.100  1.95721E-04  1.95887E-04 -8.40696E-04
   10582.423    651.269  13.150  1.95483E-04  1.95652E-04 -8.60900E-04
   10587.442    656.289  13.200  1.95242E-04  1.95406E-04 -8.34080E-04
   10592.481    661.327  13.250  1.95009E-04  1.95157E-04 -7.60316E-04
   10597.539    666.385  13.300  1.94780E-04  1.94905E-04 -6.43537E-04
   10602.616    671.462  13.350  1.94551E-04  1.94647E-04 -4.91319E-04
   10607.711    676.558  13.400  1.94326E-04  1.94387E-04 -3.14198E-04
   10612.826    681.673  13.450  1.94095E-04  1.94119E-04 -1.24607E-04
   10617.960    686.806  13.500  1.93863E-04  1.93850E-04  6.45003E-05
   10623.113    691.960  13.550  1.93625E-04  1.93579E-04  2.40898E-04
   10628.285    697.132  13.600  1.93384E-04  1.93308E-04  3.94174E-04
   10633.476    702.323  13.650  1.93130E-04  1.93030E-04  5.16626E-04
   10638.687    707.533  13.700  1.92867E-04  1.92750E-04  6.03573E-04
   10643.916    712.762  13.750  1.92595E-04  1.92469E-04  6.53531E-04
   10649.164    718.010  13.800  1.92312E-04  1.92183E-04  6.67767E-04
   10654.431    723.278  13.850  1.92029E-04  1.91904E-04  6.49692E-04
   10659.718    728.564  13.900  1.91740E-04  1.91624E-04  6.03989E-04
   10665.023    733.869  13.950  1.91448E-04  1.91345E-04  5.36087E-04
   10670.348    739.194  14.000  1.91152E-04  1.91065E-04  4.51337E-04
   10675.691    744.537  14.050  1.90854E-04  1.90786E-04  3.54534E-04
   10681.054    749.900  14.100  1.90555E-04  1.90508E-04  2.49831E-04
   10686.435    755.281  14.150  1.90258E-04  1.90231E-04  1.40681E-04
   10691.836    760.682  14.200  1.89965E-04  1.89959E-04  3.00891E-05
   10697.256    766.102  14.250  1.89676E-04  1.89691E-04 -7.92017E-05
   10702.694    771.541  14.300  1.89389E-04  1.89424E-04 -1.84370E-04
   10708.152    776.998  14.350  1.89110E-04  1.89163E-04 -2.82251E-04
   10713.629    782.475  14.400  1.88834E-04  1.88904E-04 -3.69397E-04
   10719.125    787.971  14.450  1.88561E-04  1.88645E-04 -4.42085E-04
   10724.640    793.486  14.500  1.88295E-04  1.88389E-04 -4.96625E-04
   10730.174    799.020  14.550  1.88039E-04  1.88139E-04 -5.29732E-04
   10735.727    804.573  14.600  1.87788E-04  1.87890E-04 -5.39058E-04
   10741.299    810.145  14.650  1.87548E-04  1.87647E-04 -5.23417E-04
   10746.890    815.736  14.700  1.87310E-04  1.87401E-04 -4.83173E-04
   10752.500    821.347  14.750  1.87082E-04  1.87161E-04 -4.20259E-04
   10758.130    826.976  14.800  1.86858E-04  1.86922E-04 -3.38098E-04
   10763.778    832.624  14.850  1.86638E-04  1.86683E-04 -2.41400E-04
   10769.445    838.291  14.900  1.86427E-04  1.86452E-04 -1.35540E-04
   10775.132    843.978  14.950  1.86210E-04  1.86214E-04 -2.61914E-05
   10780.837    849.683  15.000  1.85999E-04  1.85983E-04  8.12271E-05
   10786.562    855.408  15.050  1.85780E-04  1.85746E-04  1.81930E-04
   10792.305    861.151  15.100  1.85566E-04  1.85515E-04  2.71920E-04
   10798.068    866.914  15.150  1.85342E-04  1.85277E-04  3.48418E-04
   10803.849    872.696  15.200  1.85117E-04  1.85041E-04  4.09367E-04
   10809.650    878.496  15.250  1.84892E-04  1.84808E-04  4.53593E-04
   10815.470    884.316  15.300  1.84658E-04  1.84569E-04  4.80394E-04
   10821.309    890.155  15.350  1.84417E-04  1.84327E-04  4.89486E-04
   10827.167    896.013  15.400  1.84169E-04  1.84081E-04  4.80802E-04
   10833.043    901.890  15.450  1.83922E-04  1.83838E-04  4.54482E-04
   10838.939    907.786  15.500  1.83664E-04  1.83588E-04  4.11147E-04
   10844.854    913.701  15.550  1.83398E-04  1.83333E-04  3.51821E-04
   10850.788    919.635  15.600  1.83132E-04  1.83081E-04  2.78259E-04
   10856.742    925.588  15.650  1.82857E-04  1.82821E-04  1.93057E-04
   10862.714    931.560  15.700  1.82578E-04  1.82559E-04  9.95883E-05
   10868.705    937.551  15.750  1.82293E-04  1.82293E-04  2.06642E-06
   10874.715    943.561  15.800  1.82007E-04  1.82024E-04 -9.48255E-05
   10880.744    949.591  15.850  1.81718E-04  1.81752E-04 -1.86370E-04
   10886.793    955.639  15.900  1.81433E-04  1.81481E-04 -2.68164E-04
   10892.860    961.706  15.950  1.81142E-04  1.81203E-04 -3.36463E-04
   10898.947    967.793  16.000  1.80850E-04  1.80921E-04 -3.88575E-04
   10905.052    973.898  16.050  1.80558E-04  1.80635E-04 -4.23030E-04
   10911.177    980.023  16.100  1.80273E-04  1.80352E-04 -4.39657E-04
   10917.320    986.166  16.150  1.79986E-04  1.80065E-04 -4.39128E-04
   10923.483    992.329  16.200  1.79698E-04  1.79774E-04 -4.23092E-04
   10929.665    998.511  16.250  1.79413E-04  1.79484E-04 -3.93557E-04
   10935.865   1004.712  16.300  1.79131E-04  1.79194E-04 -3.52773E-04
   10942.085   1010.931  16.350  1.78850E-04  1.78905E-04 -3.02813E-04
   10948.324   1017.170  16.400  1.78565E-04  1.78609E-04 -2.45601E-04
   10954.582   1023.428  16.450  1.78287E-04  1.78319E-04 -1.82719E-04
   10960.859   1029.705  16.500  1.78007E-04  1.78027E-04 -1.15699E-04
   10967.155   1036.001  16.550  1.77729E-04  1.77737E-04 -4.58820E-05
   10973.470   1042.316  16.600  1.77452E-04  1.77448E-04  2.52675E-05
   10979.804   1048.650  16.650  1.77175E-04  1.77158E-04  9.61316E-05
   10986.157   1055.003  16.700  1.76901E-04  1.76871E-04  1.64738E-04
   10992.529   1061.376  16.750  1.76624E-04  1.76583E-04  2.28974E-04
   10998.921   1067.767  16.800  1.76353E-04  1.76303E-04  2.86486E-04
   11005.331   1074.177  16.850  1.76082E-04  1.76023E-04  3.34902E-04
   11011.760   1080.606  16.900  1.75809E-04  1.75744E-04  3.71939E-04
   11018.209   1087.055  16.950  1.75534E-04  1.75465E-04  3.95662E-04
   11024.676   1093.522  17.000  1.75265E-04  1.75194E-04  4.04583E-04
   11031.163   1100.009  17.050  1.74988E-04  1.74918E-04  3.97714E-04
   11037.668   1106.514  17.100  1.74714E-04  1.74648E-04  3.74857E-04
   11044.193   1113.039  17.150  1.74438E-04  1.74379E-04  3.36387E-04
   11050.736   1119.583  17.200  1.74160E-04  1.74110E-04  2.83645E-04
   11057.299   1126.145  17.250  1.73887E-04  1.73849E-04  2.18495E-04
   11063.881   1132.727  17.300  1.73606E-04  1.73581E-04  1.43739E-04
   11070.482   1139.328  17.350  1.73332E-04  1.73321E-04  6.25958E-05
   11077.101   1145.948  17.400  1.73058E-04  1.73061E-04 -2.10887E-05
   11083.740   1152.587  17.450  1.72784E-04  1.72802E-04 -1.03289E-04
   11090.398   1159.245  17.500  1.72511E-04  1.72542E-04 -1.79875E-04
   11097.075   1165.922  17.550  1.72240E-04  1.72283E-04 -2.47016E-04
   11103.771   1172.618  17.600  1.71972E-04  1.72024E-04 -3.01309E-04
   11110.486   1179.333  17.650  1.71705E-04  1.71764E-04 -3.40173E-04
   11117.221   1186.067  17.700  1.71440E-04  1.71502E-04 -3.61764E-04
   11123.974   1192.820  17.750  1.71173E-04  1.71236E-04 -3.65536E-04
   11130.746   1199.592  17.800  1.70916E-04  1.70976E-04 -3.51898E-04
   11137.537   1206.384  17.850  1.70659E-04  1.70714E-04 -3.22246E-04
   11144.348   1213.194  17.900  1.70400E-04  1.70447E-04 -2.78924E-04
   11151.177   1220.023  17.950  1.70141E-04  1.70179E-04 -2.24935E-04
   11158.026   1226.872  18.000  1.69887E-04  1.69915E-04 -1.63673E-04
   11164.893   1233.739  18.050  1.69623E-04  1.69640E-04 -9.88050E-05
   11171.780   1240.626  18.100  1.69362E-04  1.69368E-04 -3.37592E-05
   11178.685   1247.531  18.150  1.69102E-04  1.69097E-04  2.81818E-05
   11185.610   1254.456  18.200  1.68833E-04  1.68819E-04  8.43717E-05
   11192.554   1261.400  18.250  1.68561E-04  1.68539E-04  1.32627E-04
   11199.516   1268.362  18.300  1.68280E-04  1.68251E-04  1.71446E-04
   11206.498   1275.344  18.350  1.68004E-04  1.67970E-04  1.99936E-04
   11213.499   1282.345  18.400  1.67719E-04  1.67682E-04  2.17822E-04
   11220.519   1289.365  18.450  1.67436E-04  1.67399E-04  2.25297E-04
   11227.558   1296.404  18.500  1.67141E-04  1.67103E-04  2.23057E-04
   11234.616   1303.462  18.550  1.66849E-04  1.66814E-04  2.12153E-04
   11241.693   1310.539  18.600  1.66554E-04  1.66522E-04  1.93753E-04
   11248.789   1317.635  18.650  1.66253E-04  1.66225E-04  1.69424E-04
   11255.904   1324.750  18.700  1.65956E-04  1.65933E-04  1.40613E-04
   11263.038   1331.884  18.750  1.65652E-04  1.65634E-04  1.08947E-04
   11270.191   1339.038  18.800  1.65347E-04  1.65335E-04  7.59414E-05
   11277.364   1346.210  18.850  1.65045E-04  1.65038E-04  4.31151E-05
   11284.555   1353.401  18.900  1.64747E-04  1.64745E-04  1.17625E-05
   11291.766   1360.612  18.950  1.64444E-04  1.64446E-04 -1.69139E-05
   11298.995   1367.841  19.000  1.64141E-04  1.64147E-04 -4.20638E-05
   11306.243   1375.090  19.050  1.63840E-04  1.63851E-04 -6.30210E-05
   11313.511   1382.357  19.100  1.63546E-04  1.63559E-04 -7.94214E-05
   11320.798   1389.644  19.150  1.63247E-04  1.63262E-04 -9.12648E-05
   11328.103   1396.949  19.200  1.62955E-04  1.62971E-04 -9.87365E-05
   11335.428   1404.274  19.250  1.62664E-04  1.62680E-04 -1.02345E-04
   11342.772   1411.618  19.300  1.62369E-04  1.62386E-04 -1.02733E-04
   11350.134   1418.981  19.350  1.62086E-04  1.62102E-04 -1.00624E-04
   11357.516   1426.363  19.400  1.61798E-04  1.61814E-04 -9.67347E-05
   11364.917   1433.763  19.450  1.61513E-04  1.61528E-04 -9.17458E-05
   11372.337   1441.183  19.500  1.61232E-04  1.61246E-04 -8.60071E-05
   11379.776   1448.622  19.550  1.60947E-04  1.60960E-04 -7.98358E-05
   11387.234   1456.080  19.600  1.60670E-04  1.60682E-04 -7.31356E-05
   11394.711   1463.557  19.650  1.60393E-04  1.60403E-04 -6.56975E-05
   11402.207   1471.054  19.700  1.60116E-04  1.60125E-04 -5.71575E-05
   11409.723   1478.569  19.750  1.59842E-04  1.59850E-04 -4.70354E-05
   11417.257   1486.103  19.800  1.59574E-04  1.59580E-04 -3.49437E-05
   11424.810   1493.656  19.850  1.59303E-04  1.59306E-04 -2.06711E-05
   11432.382   1501.229  19.900  1.59037E-04  1.59038E-04 -4.23826E-06
   11439.974   1508.820  19.950  1.58771E-04  1.58769E-04  1.40196E-05
