# # Once                                                         FEFF 10.0.0 
# # POT  SCF 100  9.0000   0, core-hole, FOLP (folp(0)= 1.150)
# # Abs   Z=30 Rmt= 1.353 Rnm= 1.482 K  shell
# #   RGRID 0.0100
# # Pot 1 Z= 6 Rmt= 0.805 Rnm= 1.028
# # Pot 2 Z= 6 Rmt= 0.794 Rnm= 1.002
# # Pot 3 Z= 6 Rmt= 0.770 Rnm= 0.994
# # Pot 4 Z= 6 Rmt= 0.903 Rnm= 1.122
# # Pot 5 Z= 6 Rmt= 0.930 Rnm= 1.165
# # Pot 6 Z= 1 Rmt= 0.537 Rnm= 0.928
# # Pot 7 Z= 1 Rmt= 0.494 Rnm= 0.867
# # Pot 8 Z= 7 Rmt= 0.777 Rnm= 0.985
# # Pot 9 Z= 7 Rmt= 0.806 Rnm= 0.986
# # Pot10 Z=16 Rmt= 1.245 Rnm= 1.462
# # Gam_ch=1.897E+00 H-L exch Vi= 0.000E+00 Vr= 0.000E+00
# # Mu=-7.627E+00eV kf=2.191E+00 Vint=-1.509E+01eV Rs_int= 1.655
# # PATH  Rmax= 9.000,  Keep_limit= 0.00, Heap_limit 0.00  Pwcrit= 2.50%
#  S02=1.000  Temp=  10.00  Debye_temp= 315.00  Global_sig2= 0.00000
#  Energy zero shift, vr, vi    0.00000E+00   0.00000E+00
#  Curved wave amplitude ratio filter   4.000%
#     file         sig2 tot  cw amp ratio   deg  nlegs   reff  inp sig2
#           1       0.00294    100.00      1.00     2   2.0652
#           2       0.00297     99.47      1.00     2   2.0695
#           3       0.00255     81.27      1.00     2   2.2957
#           4       0.00255     81.11      1.00     2   2.2974
#           5       0.02196      9.56      1.00     2   2.9361
#           6       0.00401     38.90      1.00     2   2.9679
#           7       0.00401     38.67      1.00     2   2.9746
#           8       0.02154      9.08      1.00     2   2.9955
#           9       0.02831      8.13      1.00     2   3.1247
#          10       0.01827      8.08      1.00     2   3.1332
#          11       0.01824      7.97      1.00     2   3.1492
#          12       0.00380     33.02      1.00     2   3.1514
#          13       0.00386     32.59      1.00     2   3.1670
#          14       0.00333     53.87      2.00     3   3.1783
#          15       0.00334     54.85      2.00     3   3.1799
#          16       0.03139      7.75      1.00     2   3.1834
#          17       0.00546     32.06      1.00     2   3.2080
#          18       0.00554     31.48      1.00     2   3.2306
#          19       0.00337     63.66      2.00     3   3.2983
#          20       0.00342     64.60      2.00     3   3.3086
#          21       0.03173      6.95      1.00     2   3.3171
#          22       0.03411      6.68      1.00     2   3.3671
#          23       0.00364     24.42      1.00     4   3.3852
#          24       0.00367     23.05      1.00     4   3.3887
#          25       0.00365     41.28      1.00     4   3.4451
#          26       0.00370     42.97      1.00     4   3.4502
#          27       0.00620     24.07      1.00     2   3.5741
#          28       0.00971      6.72      2.00     3   3.5898
#          29       0.02275      5.63      1.00     2   3.5920
#          30       0.00973      6.66      2.00     3   3.6011
#          31       0.00616     23.53      1.00     2   3.6042
#          32       0.01067      9.76      2.00     3   3.6479
#          33       0.00373     31.81      2.00     3   3.6668
#          34       0.01225      5.56      2.00     3   3.6683
#          35       0.00427      8.18      2.00     3   3.6721
#          36       0.01227      5.58      2.00     3   3.6747
#          37       0.00380     31.84      2.00     3   3.6759
#          38       0.01345      7.80      2.00     3   3.7237
#          39       0.00853     10.95      2.00     4   3.8002
#          40       0.01085     14.55      2.00     3   3.8012
#          41       0.00856     11.16      2.00     4   3.8064
#          42       0.01036     19.92      1.00     2   3.8290
#          43       0.01062     19.06      1.00     2   3.8918
#          44       0.00386      6.22      2.00     3   3.9451
#          45       0.01246      6.18      2.00     3   3.9464
#          46       0.00393      6.38      2.00     3   3.9600
#          47       0.00390      6.51      2.00     3   3.9652
#          48       0.00401      7.13      2.00     3   3.9894
#          49       0.01456      7.79      2.00     3   4.0077
#          50       0.01794      4.99      1.00     4   4.0283
#          51       0.01740     12.48      2.00     3   4.0833
#          52       0.00443     13.34      2.00     3   4.0830
#          53       0.01805      4.30      1.00     4   4.0878
#          54       0.00446     13.35      2.00     3   4.1003
#          56       0.00463     14.97      2.00     3   4.1085
#          57       0.00416      9.65      1.00     4   4.1211
#          59       0.00413      9.84      1.00     4   4.1257
#          61       0.00462     14.69      2.00     3   4.1294
#          62       0.00588     11.14      1.00     4   4.1305
#          64       0.00594     11.02      1.00     4   4.1390
#          65       0.01864      8.79      2.00     3   4.1447
#          66       0.01398      4.29      2.00     3   4.1500
#          67       0.00352     15.63      1.00     2   4.1534
#          68       0.00353     15.63      1.00     2   4.1536
#          71       0.00333     40.97      2.00     3   4.1976
#          72       0.00334     40.36      2.00     3   4.2009
#          76       0.00374     43.13      2.00     3   4.2288
#          77       0.00373     42.32      2.00     3   4.2319
#          78       0.00339     29.94      1.00     4   4.2419
#          80       0.00375      8.88      2.00     3   4.2442
#          81       0.01066     13.65      2.00     3   4.2475
#          82       0.00340     29.29      1.00     4   4.2481
#          83       0.00386      7.35      2.00     4   4.2553
#          86       0.00347     14.55      1.00     2   4.2595
#          87       0.00349     14.46      1.00     2   4.2687
#          88       0.00389      7.16      2.00     4   4.2710
#          89       0.00342     43.47      2.00     3   4.2732
#          90       0.02850      4.10      1.00     4   4.2749
#          91       0.00335     56.64      2.00     4   4.2760
#          92       0.00335     56.47      2.00     4   4.2761
#          93       0.00344     43.51      2.00     3   4.2805
#          94       0.00590     12.48      2.00     3   4.2869
#          95       0.00444     24.66      1.00     4   4.2871
#          96       0.00345     33.68      1.00     4   4.2869
#          97       0.00347     33.81      1.00     4   4.2923
#          98       0.00412     19.10      2.00     4   4.2950
#          99       0.00448     24.71      1.00     4   4.2946
#         100       0.00413     19.02      2.00     4   4.2970
#         103       0.00421     41.35      1.00     4   4.3039
#         104       0.00422     40.35      1.00     4   4.3104
#         105       0.01078     13.51      1.00     4   4.3235
#         106       0.00821      5.77      2.00     5   4.3319
#         107       0.00816      4.03      2.00     4   4.3355
#         108       0.00824      5.51      2.00     5   4.3353
#         110       0.00408     19.32      2.00     4   4.3554
#         113       0.00413     19.14      2.00     4   4.3638
#         118       0.00360     30.15      2.00     3   4.3890
#         119       0.00364     29.56      2.00     3   4.4007
#         120       0.00342     46.30      2.00     4   4.4027
#         122       0.00346     45.80      2.00     4   4.4125
#         123       0.00412     23.40      2.00     4   4.4129
#         124       0.00413     23.27      2.00     4   4.4174
#         125       0.01150      5.97      2.00     3   4.4244
#         126       0.00361     45.71      2.00     4   4.4372
#         127       0.00363     45.62      2.00     4   4.4392
#         129       0.00546     11.44      2.00     3   4.4631
#         130       0.00764     11.45      1.00     6   4.4636
#         131       0.00770     11.06      1.00     6   4.4672
#         133       0.00359     71.67      2.00     5   4.4814
#         134       0.00738      8.96      2.00     5   4.4824
#         135       0.01449      8.27      2.00     3   4.4849
#         136       0.00361     70.83      2.00     5   4.4864
#         137       0.00494     67.96      2.00     5   4.4975
#         138       0.00495     69.02      2.00     5   4.4999
#         139       0.00906     11.97      2.00     4   4.5005
#         140       0.00462     50.95      2.00     5   4.5023
#         142       0.00448     50.69      2.00     5   4.5054
#         143       0.00390     85.02      2.00     5   4.5143
#         144       0.00390     84.09      2.00     5   4.5157
#         145       0.00409     25.59      1.00     4   4.5185
#         147       0.00501     21.25      1.00     4   4.5313
#         148       0.00414     24.99      1.00     4   4.5327
#         150       0.00362     41.08      2.00     4   4.5359
#         151       0.00364     40.97      2.00     4   4.5423
#         152       0.00552     12.33      1.00     2   4.5467
#         153       0.00513     21.12      1.00     4   4.5477
#         154       0.00376     69.03      2.00     5   4.5496
#         157       0.00380     69.09      2.00     5   4.5541
#         158       0.00435     43.72      2.00     5   4.5589
#         159       0.00434     43.49      2.00     5   4.5598
#         163       0.00510      5.38      1.00     4   4.5914
#         165       0.00509      5.36      1.00     4   4.5947
#         169       0.00956     11.88      1.00     2   4.6059
#         171       0.00768      7.29      2.00     3   4.6148
#         172       0.00435      6.48      2.00     4   4.6173
#         173       0.00439     39.45      2.00     5   4.6182
#         174       0.00438      6.30      2.00     4   4.6256
#         175       0.00442     38.87      2.00     5   4.6278
#         176       0.00521     30.12      2.00     3   4.6351
#         177       0.01924      5.26      2.00     3   4.6355
#         183       0.00476     59.77      2.00     5   4.6654
#         184       0.01109      5.49      1.00     4   4.6686
#         186       0.01144     11.99      2.00     3   4.6745
#         187       0.00475     58.92      2.00     5   4.6743
#         188       0.01088      6.32      2.00     5   4.6746
#         191       0.00535     68.14      2.00     5   4.6782
#         192       0.00545     68.73      2.00     5   4.6893
#         193       0.00916      8.08      2.00     4   4.6927
#         194       0.01103     13.98      1.00     4   4.6970
#         195       0.00789     47.80      1.00     6   4.7052
#         196       0.00792     46.19      1.00     6   4.7079
#         199       0.00353      8.33      2.00     3   4.7136
#         200       0.00354      8.49      2.00     3   4.7144
#         202       0.00509     52.58      1.00     6   4.7210
#         204       0.00591     25.41      1.00     4   4.7235
#         205       0.00510     52.52      1.00     6   4.7247
#         206       0.00375     16.28      2.00     4   4.7262
#         207       0.00377     15.98      2.00     4   4.7273
#         208       0.00497      4.59      2.00     4   4.7322
#         211       0.00337      5.93      2.00     3   4.7470
#         212       0.00340      5.85      2.00     3   4.7548
#         215       0.00459      8.77      2.00     5   4.7642
#         216       0.00646     93.91      2.00     6   4.7651
#         217       0.00459      9.33      2.00     5   4.7671
#         218       0.01158     17.52      2.00     5   4.7687
#         219       0.00652     93.34      2.00     6   4.7693
#         220       0.01559      6.88      2.00     4   4.7771
#         223       0.01865      6.59      2.00     3   4.7852
#         225       0.00769      9.68      2.00     4   4.7874
#         226       0.01563      6.84      2.00     4   4.7893
#         227       0.00454      8.25      2.00     5   4.7897
#         229       0.00371     11.13      2.00     4   4.7912
#         230       0.00455      8.72      2.00     5   4.7963
#         231       0.01738      6.82      2.00     3   4.7975
#         232       0.00771      9.52      2.00     4   4.7993
#         233       0.00377     10.87      2.00     4   4.8020
#         234       0.00457     15.68      2.00     3   4.8098
#         236       0.00475     41.99      1.00     6   4.8123
#         237       0.00476     41.70      1.00     6   4.8158
#         238       0.01948      4.22      2.00     5   4.8165
#         239       0.01493      8.73      2.00     3   4.8236
#         240       0.00310      9.03      2.00     4   4.8255
#         241       0.00825     58.06      1.00     6   4.8250
#         242       0.00312      9.07      2.00     4   4.8299
#         243       0.00839     59.63      1.00     6   4.8308
#         244       0.00311      9.42      2.00     4   4.8431
#         245       0.00312      9.45      2.00     4   4.8464
#         246       0.00853      4.66      2.00     3   4.8482
#         248       0.00973      8.47      2.00     4   4.8506
#         249       0.00936      4.99      2.00     3   4.8521
#         250       0.00580     13.50      2.00     3   4.8528
#         251       0.00973      8.43      2.00     4   4.8584
#         253       0.01258      5.51      2.00     6   4.8786
#         254       0.01256      5.63      2.00     6   4.8848
#         256       0.00394     16.53      2.00     4   4.8938
#         257       0.04062      6.27      2.00     5   4.8934
#         259       0.00395     16.54      2.00     4   4.8963
#         260       0.00428     22.31      2.00     4   4.8982
#         261       0.00904     10.59      2.00     5   4.8978
#         262       0.01097      4.82      2.00     4   4.9008
#         263       0.00907     10.72      2.00     5   4.9026
#         264       0.00354     17.56      2.00     4   4.9043
#         266       0.01101      4.76      2.00     4   4.9073
#         267       0.00354     17.45      2.00     4   4.9076
#         269       0.00886     14.36      2.00     5   4.9090
#         271       0.00958     13.68      2.00     5   4.9169
#         272       0.00402     17.39      2.00     4   4.9189
#         273       0.00468      4.56      2.00     4   4.9211
#         274       0.00890     14.30      2.00     5   4.9211
#         276       0.00961     13.51      2.00     5   4.9235
#         277       0.01307      7.84      1.00     4   4.9241
#         278       0.00405     17.27      2.00     4   4.9248
#         279       0.01011     19.61      2.00     5   4.9257
#         280       0.01264      4.16      2.00     4   4.9315
#         281       0.00407     32.31      2.00     5   4.9326
#         283       0.00884      7.82      2.00     4   4.9366
#         284       0.01013     19.39      2.00     5   4.9369
#         285       0.00410     32.07      2.00     5   4.9366
#         286       0.00430     26.81      1.00     6   4.9366
#         287       0.00405     31.01      2.00     5   4.9381
#         288       0.00430     27.66      1.00     6   4.9378
#         289       0.00406     30.87      2.00     5   4.9435
#         290       0.00919      7.79      2.00     5   4.9457
#         291       0.00365     33.94      2.00     5   4.9486
#         292       0.00366     33.61      2.00     5   4.9548
#         296       0.00328     10.96      2.00     4   4.9691
#         297       0.00329     11.03      2.00     4   4.9709
#         298       0.00392     20.41      2.00     5   4.9714
#         299       0.00392     19.90      2.00     5   4.9723
#         302       0.00495      5.51      2.00     3   4.9778
#         303       0.00985      8.58      2.00     4   4.9820
#         304       0.00351     18.37      2.00     5   4.9827
#         305       0.00352     17.95      2.00     5   4.9828
#         306       0.01224      4.53      1.00     4   4.9838
#         307       0.01585      4.17      1.00     4   4.9845
#         308       0.00384     19.66      2.00     5   4.9880
#         309       0.01916      8.90      2.00     5   4.9875
#         310       0.00385     19.29      2.00     5   4.9900
#         314       0.01923      8.93      2.00     5   4.9946
#         315       0.00704      8.59      2.00     5   4.9979
#         317       0.00708      8.56      2.00     5   5.0047
#         318       0.00496      6.12      2.00     3   5.0088
#         320       0.01238      4.26      2.00     4   5.0193
#         321       0.00313     10.66      2.00     4   5.0201
#         323       0.00316     10.65      2.00     4   5.0278
#         325       0.00384     15.50      2.00     5   5.0308
#         326       0.00641      4.19      1.00     4   5.0363
#         327       0.00829      7.67      2.00     4   5.0374
#         328       0.00925      7.16      2.00     5   5.0393
#         329       0.00926      7.14      2.00     5   5.0394
#         330       0.00840      7.69      2.00     4   5.0398
#         331       0.00390     15.25      2.00     5   5.0403
#         333       0.01018      6.40      2.00     3   5.0484
#         334       0.01288      7.67      2.00     5   5.0490
#         337       0.01010      6.36      2.00     3   5.0534
#         338       0.01289      7.60      2.00     5   5.0546
#         339       0.00671      4.21      1.00     4   5.0561
#         340       0.01070      4.93      1.00     4   5.0573
#         342       0.00457      8.04      2.00     4   5.0598
#         344       0.01064      4.87      1.00     4   5.0638
#         345       0.00348     12.30      2.00     5   5.0644
#         346       0.00940      5.61      2.00     4   5.0701
#         347       0.00499      6.03      1.00     4   5.0729
#         348       0.00457      9.20      2.00     4   5.0740
#         349       0.01150      4.72      2.00     4   5.0750
#         350       0.00354     12.04      2.00     5   5.0751
#         351       0.00995      4.25      2.00     4   5.0799
#         353       0.00441     16.76      2.00     4   5.0940
#         354       0.00286     26.60      2.00     5   5.0986
#         355       0.01137      4.77      2.00     4   5.0990
#         356       0.00620      7.95      1.00     4   5.0998
#         357       0.00814      7.91      2.00     3   5.1004
#         358       0.02314      4.01      2.00     5   5.1006
#         359       0.01008      5.56      2.00     4   5.1011
#         360       0.00811      7.94      2.00     3   5.1022
#         361       0.00289     26.57      2.00     5   5.1030
#         362       0.00829     12.25      2.00     4   5.1094
#         363       0.00827     12.24      2.00     4   5.1126
#         364       0.01899      5.73      2.00     5   5.1155
#         365       0.00921      6.28      2.00     5   5.1152
#         366       0.01352     19.01      2.00     6   5.1194
#         367       0.00912     13.55      2.00     5   5.1236
#         368       0.00857      4.66      2.00     3   5.1261
#         369       0.01355     19.11      2.00     6   5.1264
#         370       0.00862      4.59      2.00     3   5.1271
#         371       0.00613     10.17      2.00     3   5.1333
#         372       0.00626      9.26      2.00     3   5.1328
#         373       0.00885      6.95      2.00     4   5.1360
#         374       0.00882      7.01      2.00     4   5.1364
#         375       0.01212     23.64      2.00     6   5.1361
#         376       0.01216     23.69      2.00     6   5.1422
#         377       0.00668      5.94      2.00     3   5.1428
#         378       0.00541      5.57      2.00     3   5.1446
#         379       0.00785     11.88      2.00     4   5.1465
#         380       0.00787     11.75      2.00     4   5.1477
#         381       0.00796     18.69      2.00     5   5.1566
#         382       0.00795     18.81      2.00     5   5.1569
#         384       0.01125      5.92      2.00     4   5.1578
#         386       0.00753      7.68      1.00     4   5.1614
#         387       0.00754      7.61      1.00     4   5.1614
#         388       0.02126      6.08      2.00     3   5.1624
#         389       0.01177      9.00      2.00     5   5.1635
#         391       0.00362     21.75      2.00     5   5.1670
#         393       0.00362     21.83      2.00     5   5.1694
#         394       0.00977      4.65      2.00     4   5.1706
#         395       0.00460      5.00      2.00     3   5.1719
#         396       0.00368     21.13      2.00     5   5.1744
#         397       0.00848      9.74      2.00     4   5.1756
#         400       0.00491      6.39      2.00     5   5.1771
#         401       0.00963      5.22      2.00     5   5.1775
#         402       0.00845      9.66      2.00     4   5.1807
#         403       0.00938     20.09      2.00     6   5.1808
#         404       0.00372     20.93      2.00     5   5.1813
#         405       0.00696     30.30      2.00     5   5.1824
#         406       0.00444      6.39      2.00     4   5.1831
#         407       0.00847     16.01      2.00     5   5.1845
#         408       0.00772      9.12      2.00     4   5.1853
#         409       0.00940     19.90      2.00     6   5.1863
#         410       0.00774      8.97      2.00     4   5.1881
#         411       0.00375     38.23      2.00     6   5.1881
#         413       0.00845     15.82      2.00     5   5.1911
#         414       0.00947     11.90      2.00     5   5.1931
#         415       0.00379     38.02      2.00     6   5.1931
#         416       0.00497      8.72      2.00     4   5.1976
#         417       0.00451      8.99      2.00     4   5.1991
#         418       0.00994      6.42      2.00     5   5.2030
#         420       0.00465      5.71      2.00     3   5.2056
#         421       0.00745     24.67      2.00     5   5.2057
#         423       0.00500      8.73      2.00     4   5.2091
#         424       0.00746     24.29      2.00     5   5.2087
#         425       0.00374     36.81      2.00     6   5.2113
#         427       0.01529      4.22      2.00     3   5.2154
#         428       0.00780      6.93      2.00     4   5.2166
#         429       0.00375     36.66      2.00     6   5.2166
#         430       0.00445      7.11      2.00     4   5.2192
#         431       0.00454     10.25      2.00     4   5.2224
#         432       0.00981     14.39      2.00     5   5.2223
#         433       0.00767     15.51      2.00     5   5.2295
#         435       0.01050      6.29      2.00     4   5.2341
#         436       0.00769     15.21      2.00     5   5.2353
#         437       0.00789      6.83      2.00     4   5.2365
#         438       0.00769     20.81      2.00     5   5.2366
#         440       0.00768     20.76      2.00     5   5.2399
#         442       0.01097      4.92      2.00     4   5.2406
#         443       0.00961      4.57      2.00     5   5.2441
#         444       0.00359     38.49      2.00     6   5.2445
#         445       0.00823      7.29      2.00     5   5.2452
#         446       0.00827      6.95      2.00     5   5.2452
#         447       0.00360     37.90      2.00     6   5.2455
#         448       0.00814      7.12      2.00     5   5.2478
#         449       0.00818      6.77      2.00     5   5.2478
#         450       0.00746     21.90      1.00     6   5.2500
#         451       0.00960      4.56      2.00     5   5.2513
#         452       0.00747     21.50      1.00     6   5.2559
#         453       0.00994      5.99      2.00     4   5.2588
#         454       0.00986      6.03      2.00     4   5.2587
#         456       0.00781     12.00      2.00     5   5.2632
#         457       0.00781     12.05      2.00     5   5.2638
#         458       0.02385      4.74      1.00     4   5.2654
#         459       0.00517     12.16      2.00     5   5.2651
#         460       0.01040      9.98      2.00     5   5.2677
#         461       0.01035      9.99      2.00     5   5.2691
#         463       0.00644      7.28      2.00     4   5.2732
#         464       0.00496      8.38      2.00     4   5.2819
#         465       0.01216      4.73      2.00     4   5.2816
#         466       0.00768     34.52      2.00     6   5.2842
#         467       0.00768     34.39      2.00     6   5.2838
#         468       0.00522     13.42      2.00     5   5.2844
#         470       0.00497      5.84      2.00     4   5.2915
#         471       0.00499      8.26      2.00     4   5.2965
#         472       0.00667      6.28      2.00     4   5.3001
#         473       0.00361     31.56      2.00     6   5.3039
#         475       0.00570     12.57      2.00     4   5.3096
#         477       0.00782     14.78      1.00     6   5.3117
#         478       0.00571     12.62      2.00     4   5.3123
#         479       0.00469     12.08      2.00     5   5.3125
#         480       0.00440      7.02      2.00     4   5.3135
#         481       0.00366     31.11      2.00     6   5.3134
#         482       0.00838      7.97      2.00     3   5.3146
#         483       0.00509      9.47      2.00     4   5.3146
#         484       0.00704     11.81      2.00     4   5.3160
#         485       0.00813     12.55      2.00     5   5.3179
#         486       0.01576      5.99      2.00     4   5.3184
#         487       0.00782     14.60      1.00     6   5.3184
#         489       0.00816     12.43      2.00     5   5.3198
#         490       0.00861      4.73      2.00     3   5.3201
#         491       0.00820      4.45      2.00     5   5.3226
#         492       0.00841      7.94      2.00     3   5.3242
#         494       0.00821      4.47      2.00     5   5.3248
#         495       0.00473     12.02      2.00     5   5.3262
#         496       0.01015      5.02      2.00     5   5.3268
#         497       0.00864      4.74      2.00     3   5.3275
#         499       0.00831     12.66      2.00     4   5.3283
#         501       0.01464      5.05      2.00     3   5.3312
#         503       0.01354      4.26      2.00     4   5.3334
#         505       0.00532      6.60      2.00     4   5.3357
#         506       0.00834     12.64      2.00     4   5.3360
#         507       0.00821      9.03      1.00     4   5.3367
#         508       0.00915      4.43      2.00     4   5.3362
#         511       0.00968      4.78      2.00     3   5.3383
#         512       0.00705     11.72      2.00     4   5.3394
#         513       0.00916      4.38      2.00     4   5.3401
#         514       0.02155      6.41      2.00     5   5.3403
#         515       0.00504     13.73      2.00     5   5.3407
#         516       0.00452      5.32      2.00     4   5.3415
#         517       0.00898      7.41      2.00     5   5.3417
#         518       0.00937      5.51      2.00     5   5.3413
#         519       0.00825     10.54      2.00     4   5.3422
#         520       0.00918      4.43      2.00     6   5.3419
#         521       0.00453      5.29      2.00     4   5.3447
#         522       0.00507      7.83      2.00     4   5.3454
#         523       0.00825      9.00      1.00     4   5.3458
#         525       0.00487     14.37      2.00     4   5.3461
#         526       0.00903      7.29      2.00     5   5.3464
#         527       0.01328      5.66      2.00     5   5.3471
#         529       0.00892      7.56      2.00     6   5.3475
#         530       0.00949      8.83      2.00     5   5.3480
#         531       0.00828     10.55      2.00     4   5.3491
#         532       0.00972      4.74      2.00     3   5.3496
#         534       0.00931      6.30      2.00     6   5.3499
#         535       0.00819     30.29      2.00     5   5.3504
#         536       0.00447      7.76      2.00     4   5.3525
#         538       0.00535      6.48      2.00     4   5.3535
#         539       0.00953      8.82      2.00     5   5.3538
#         540       0.00839      4.22      2.00     6   5.3545
#         541       0.00844      4.06      2.00     6   5.3544
#         543       0.00825     17.87      2.00     5   5.3559
#         544       0.00562     18.26      2.00     5   5.3569
#         545       0.00563     18.53      2.00     5   5.3566
#         546       0.00444     14.24      2.00     5   5.3571
#         547       0.00822     30.26      2.00     5   5.3576
#         548       0.00461     21.97      2.00     5   5.3598
#         549       0.00865     10.76      2.00     4   5.3603
#         550       0.00828     17.91      2.00     5   5.3609
#         551       0.00497      4.88      2.00     4   5.3617
#         552       0.00809     21.06      2.00     6   5.3622
#         553       0.00487     14.25      2.00     4   5.3631
#         554       0.00786      8.58      2.00     5   5.3635
#         555       0.00784      8.38      2.00     5   5.3635
#         556       0.00819     26.74      1.00     6   5.3641
#         557       0.00908     14.60      2.00     6   5.3638
#         558       0.00884      6.84      2.00     6   5.3656
#         559       0.00902      6.16      2.00     4   5.3658
#         561       0.00813     20.73      2.00     6   5.3670
#         564       0.00509     14.99      2.00     5   5.3693
#         565       0.00821     26.73      1.00     6   5.3694
#         568       0.00869     10.67      2.00     4   5.3712
#         569       0.00883      7.31      2.00     6   5.3735
#         570       0.00885      6.93      2.00     6   5.3730
#         572       0.00908      6.14      2.00     4   5.3745
#         573       0.00850     17.50      2.00     5   5.3740
#         574       0.00463     22.05      2.00     5   5.3749
#         575       0.00883      7.41      2.00     6   5.3754
#         578       0.00799      8.65      2.00     5   5.3781
#         579       0.00797      8.47      2.00     5   5.3781
#         582       0.01151      8.97      2.00     5   5.3798
#         584       0.01059      9.54      2.00     5   5.3821
#         585       0.01147      9.70      2.00     6   5.3823
#         586       0.00855     17.42      2.00     5   5.3830
#         588       0.00919      4.09      2.00     5   5.3838
#         589       0.00593     21.49      2.00     5   5.3848
#         590       0.02392      4.42      2.00     5   5.3856
#         591       0.00920      4.03      2.00     5   5.3858
#         592       0.00825     14.61      2.00     5   5.3860
#         593       0.00828     14.51      2.00     5   5.3860
#         594       0.00534      5.59      2.00     4   5.3872
#         595       0.00498      4.65      2.00     4   5.3878
#         596       0.00425     12.44      2.00     5   5.3887
#         597       0.01147      9.75      2.00     6   5.3888
#         598       0.00497      4.63      2.00     4   5.3892
#         599       0.00426     12.30      2.00     5   5.3890
#         600       0.00485      4.90      2.00     4   5.3897
#         601       0.00595     21.32      2.00     5   5.3908
#         602       0.00561      5.49      2.00     4   5.3915
#         603       0.00824     18.19      2.00     6   5.3949
#         604       0.00843     25.24      2.00     6   5.3949
#         606       0.00822     18.17      2.00     6   5.3964
#         607       0.00841     25.30      2.00     6   5.3964
#         608       0.00503      8.39      2.00     5   5.4010
#         609       0.00505      8.46      2.00     5   5.4016
#         610       0.00557     16.87      2.00     5   5.4029
#         611       0.01268      5.42      2.00     5   5.4086
#         615       0.02212      7.29      1.00     6   5.4163
#         618       0.00566     16.54      2.00     5   5.4195
#         620       0.00896      4.21      2.00     6   5.4223
#         624       0.00898      4.08      2.00     6   5.4266
#         625       0.00879      5.84      2.00     6   5.4281
#         627       0.00911      5.60      2.00     6   5.4330
#         628       0.00913      6.32      2.00     6   5.4338
#         630       0.01095      4.77      2.00     4   5.4380
#         631       0.00920      6.28      2.00     6   5.4423
#         632       0.00865      8.46      2.00     4   5.4442
#         633       0.00946      6.64      2.00     6   5.4441
#         634       0.00911      8.41      2.00     6   5.4441
#         635       0.00773     33.14      2.00     6   5.4452
#         636       0.00946      6.74      2.00     6   5.4466
#         637       0.00910      8.57      2.00     6   5.4466
#         639       0.00775     32.77      2.00     6   5.4470
#         640       0.00955      8.43      2.00     6   5.4490
#         641       0.00835     10.05      2.00     6   5.4505
#         642       0.00398     56.89      2.00     7   5.4508
#         643       0.00960      8.33      2.00     6   5.4520
#         644       0.01136      5.34      2.00     4   5.4526
#         646       0.00927      9.97      2.00     6   5.4545
#         647       0.00402     56.72      2.00     7   5.4549
#         648       0.00870      8.35      2.00     4   5.4562
#         649       0.00926     10.11      2.00     6   5.4566
#         650       0.00828      9.51      2.00     6   5.4582
#         652       0.00936     10.29      2.00     6   5.4609
#         653       0.01296      7.98      2.00     5   5.4620
#         654       0.00936     10.40      2.00     6   5.4623
#         655       0.01388      9.51      2.00     5   5.4629
#         656       0.01153     15.13      2.00     5   5.4629
#         659       0.00835     21.00      2.00     5   5.4662
#         660       0.01102      4.84      2.00     3   5.4674
#         662       0.00801     19.75      2.00     6   5.4691
#         665       0.00834     11.91      2.00     5   5.4717
#         666       0.00570     10.03      2.00     5   5.4725
#         668       0.00803     19.42      2.00     6   5.4736
#         669       0.01072      5.45      1.00     6   5.4744
#         670       0.00499      8.39      2.00     5   5.4749
#         671       0.00540     29.50      2.00     5   5.4756
#         672       0.00938      4.25      2.00     5   5.4781
#         673       0.00839     20.75      2.00     5   5.4779
#         674       0.01078      5.40      1.00     6   5.4781
#         675       0.00864     36.47      2.00     6   5.4799
#         677       0.00575     10.18      2.00     5   5.4805
#         678       0.01145     15.29      2.00     5   5.4809
#         679       0.00839     11.82      2.00     5   5.4812
#         681       0.00483      7.53      2.00     5   5.4826
#         682       0.00963      5.20      2.00     4   5.4852
#         683       0.00503      8.37      2.00     5   5.4872
#         685       0.00651     10.70      2.00     5   5.4884
#         686       0.00466     11.76      1.00     4   5.4891
#         687       0.00472     11.83      1.00     4   5.4896
#         688       0.00902     12.33      2.00     5   5.4899
#         689       0.00869     36.14      2.00     6   5.4897
#         690       0.00774     59.65      2.00     7   5.4895
#         691       0.00965      5.22      2.00     4   5.4912
#         692       0.00775     58.72      2.00     7   5.4942
#         693       0.00542     29.05      2.00     5   5.4951
#         694       0.00486      7.48      2.00     5   5.4951
#         695       0.00716      6.82      2.00     5   5.4952
#         696       0.01194      4.29      2.00     5   5.4967
#         698       0.00729      6.95      2.00     5   5.5013
#         699       0.00907     12.12      2.00     5   5.5033
#         700       0.01039      6.97      2.00     4   5.5050
#         703       0.00916      4.20      2.00     6   5.5056
#         704       0.00592     11.72      2.00     4   5.5062
#         705       0.00915      4.29      2.00     6   5.5065
#         706       0.00865     12.50      2.00     5   5.5072
#         708       0.00667     10.75      2.00     5   5.5101
#         709       0.00804     15.25      2.00     6   5.5104
#         710       0.00867     12.55      2.00     5   5.5128
#         711       0.00917      7.21      2.00     5   5.5127
#         713       0.00921      7.27      2.00     5   5.5161
#         714       0.01041     11.17      2.00     6   5.5156
#         715       0.00998     20.33      2.00     5   5.5176
#         716       0.01040     10.89      2.00     6   5.5176
#         717       0.00598     11.68      2.00     4   5.5196
#         718       0.00987     19.97      2.00     5   5.5201
#         719       0.00590     18.69      2.00     5   5.5199
#         720       0.00821     15.64      2.00     6   5.5196
#         722       0.00856     21.73      2.00     6   5.5209
#         723       0.00784     50.70      2.00     7   5.5221
#         724       0.00783     50.72      2.00     7   5.5237
#         725       0.00860     21.89      2.00     6   5.5246
#         729       0.01055      7.63      2.00     5   5.5309
#         730       0.00596     18.73      2.00     5   5.5314
#         731       0.00480     33.76      2.00     5   5.5334
#         732       0.00487      5.79      2.00     5   5.5341
#         733       0.00490     33.51      2.00     5   5.5368
#         734       0.01059      7.64      2.00     5   5.5382
#         735       0.00490      8.79      2.00     5   5.5384
#         736       0.00829      4.65      2.00     6   5.5396
#         737       0.01107      6.57      2.00     5   5.5410
#         738       0.01619      4.61      2.00     5   5.5429
#         739       0.01381      4.95      2.00     3   5.5466
#         740       0.00693     14.45      2.00     5   5.5479
#         741       0.01264      6.09      1.00     6   5.5501
#         742       0.00695     14.33      2.00     5   5.5518
#         743       0.01094      4.00      2.00     5   5.5527
#         745       0.00487     12.99      2.00     5   5.5543
#         746       0.01119      5.43      2.00     4   5.5558
#         747       0.00489     13.01      2.00     5   5.5558
#         748       0.01036      6.53      2.00     5   5.5583
#         749       0.00583     11.64      1.00     6   5.5595
#         750       0.01027     21.74      2.00     7   5.5598
#         751       0.00588     11.32      1.00     6   5.5606
#         753       0.00993     33.27      2.00     6   5.5619
#         754       0.00862      6.62      2.00     5   5.5628
#         756       0.00922      8.42      2.00     6   5.5645
#         757       0.01036     49.95      2.00     5   5.5647
#         758       0.00910      8.73      2.00     6   5.5649
#         759       0.00923      4.95      2.00     6   5.5649
#         760       0.01025     21.08      2.00     7   5.5649
#         762       0.01033     49.31      2.00     5   5.5676
#         763       0.00927      8.35      2.00     6   5.5678
#         764       0.00980     32.35      2.00     6   5.5673
#         767       0.00855      5.09      2.00     5   5.5732
#         768       0.00926      4.83      2.00     6   5.5744
#         769       0.00912      8.53      2.00     6   5.5744
#         770       0.01104      5.35      2.00     7   5.5746
#         771       0.00503     23.20      2.00     6   5.5753
#         772       0.01204      7.72      2.00     7   5.5760
#         773       0.00861     17.47      2.00     7   5.5760
#         775       0.00509     12.35      2.00     5   5.5775
#         776       0.00478     25.71      1.00     6   5.5777
#         778       0.01190      7.89      2.00     7   5.5783
#         779       0.00856     17.90      2.00     7   5.5783
#         780       0.02103      4.03      2.00     5   5.5795
#         781       0.01234      5.30      2.00     6   5.5800
#         782       0.00912     25.15      2.00     7   5.5807
#         783       0.00513     12.38      2.00     5   5.5815
#         784       0.01238      5.20      2.00     6   5.5842
#         785       0.00489     25.23      1.00     6   5.5841
#         786       0.00917     24.95      2.00     7   5.5839
#         788       0.00827      6.58      2.00     6   5.5869
#         790       0.01149      4.17      2.00     5   5.5885
#         792       0.00510     23.02      2.00     6   5.5902
#         793       0.00862     14.44      2.00     5   5.5911
#         794       0.01044      4.08      2.00     5   5.5926
#         795       0.00514     12.69      2.00     5   5.5932
#         796       0.01071     10.67      2.00     7   5.5927
#         797       0.01058     26.71      2.00     7   5.5927
#         798       0.01080      8.37      2.00     5   5.5934
#         799       0.01833      6.51      2.00     6   5.5933
#         801       0.00453      4.44      2.00     5   5.5939
#         802       0.01101      6.03      2.00     5   5.5940
#         803       0.01067     10.91      2.00     7   5.5941
#         804       0.01059     27.14      2.00     7   5.5941
#         805       0.00736     24.86      2.00     6   5.5952
#         806       0.01020     39.78      2.00     6   5.5952
#         807       0.00752     23.80      2.00     6   5.5952
#         808       0.00856     13.08      1.00     6   5.5957
#         809       0.00736     25.04      2.00     6   5.5961
#         810       0.01032     39.92      2.00     6   5.5961
#         811       0.00751     23.89      2.00     6   5.5961
#         812       0.00865     14.45      2.00     5   5.5978
#         813       0.00479      4.59      2.00     5   5.5981
#         814       0.00485     23.47      2.00     6   5.5985
#         815       0.00515     12.52      2.00     5   5.5996
#         816       0.00483      4.56      2.00     5   5.6002
#         817       0.00874     29.72      2.00     7   5.6017
#         818       0.01027      4.28      2.00     5   5.6031
#         819       0.00487     23.43      2.00     6   5.6031
#         820       0.00876     29.36      2.00     7   5.6053
#         822       0.00476     23.18      2.00     6   5.6068
#         823       0.00735     32.03      1.00     6   5.6063
#         824       0.00798     24.20      2.00     6   5.6069
#         825       0.00514      8.04      2.00     5   5.6086
#         826       0.00478     22.97      2.00     6   5.6093
#         827       0.01428     11.02      2.00     6   5.6098
#         828       0.01366      4.43      2.00     5   5.6099
#         829       0.00862     12.82      1.00     6   5.6099
#         830       0.00793     23.85      2.00     6   5.6114
#         831       0.00499     74.52      2.00     6   5.6119
#         832       0.00507     74.48      2.00     6   5.6119
#         833       0.00843     37.54      2.00     6   5.6131
#         835       0.00707     38.11      2.00     6   5.6142
#         836       0.00640     16.89      2.00     6   5.6142
#         837       0.00740     32.09      1.00     6   5.6146
#         839       0.00703     37.86      2.00     6   5.6170
#         840       0.00634     17.01      2.00     6   5.6170
#         841       0.00853     21.42      2.00     6   5.6186
#         842       0.00846     37.57      2.00     6   5.6194
#         843       0.00582     14.32      1.00     6   5.6194
#         844       0.00905      8.41      2.00     6   5.6197
#         845       0.00809     24.18      2.00     6   5.6218
#         846       0.00587     14.66      1.00     6   5.6221
#         847       0.00856     21.51      2.00     6   5.6227
#         848       0.00681     38.64      2.00     6   5.6225
#         850       0.00752     34.35      2.00     6   5.6231
#         851       0.00917      4.45      2.00     6   5.6241
#         852       0.00468      9.91      1.00     4   5.6266
#         853       0.00444      9.53      2.00     6   5.6270
#         854       0.00457      8.03      2.00     6   5.6270
#         855       0.00843     68.63      2.00     7   5.6268
#         857       0.00812     24.18      2.00     6   5.6287
#         858       0.00442      9.55      2.00     6   5.6285
#         859       0.00457      7.88      2.00     6   5.6285
#         860       0.00755     33.67      2.00     6   5.6303
#         861       0.00825     16.16      2.00     6   5.6310
#         862       0.00845     68.79      2.00     7   5.6312
#         863       0.00826     15.93      2.00     6   5.6328
#         864       0.00467      9.83      1.00     4   5.6343
#         865       0.00544     10.22      2.00     5   5.6341
#         866       0.00525     15.78      2.00     5   5.6357
#         868       0.01054     10.43      2.00     6   5.6352
#         869       0.00865     15.90      2.00     6   5.6367
#         870       0.00888     22.01      2.00     6   5.6367
#         871       0.00682     38.60      2.00     6   5.6367
#         872       0.00873     12.15      2.00     7   5.6374
#         873       0.00872     12.40      2.00     7   5.6382
#         874       0.01071     58.10      1.00     6   5.6398
#         875       0.00472     31.81      2.00     5   5.6403
#         877       0.00399      9.30      2.00     6   5.6445
#         878       0.00891     21.95      2.00     6   5.6448
#         879       0.00867     15.83      2.00     6   5.6448
#         880       0.00399      9.50      2.00     6   5.6453
#         881       0.00468     31.83      2.00     5   5.6461
#         882       0.01071     56.98      1.00     6   5.6461
#         883       0.00921      5.35      2.00     6   5.6488
#         884       0.00883      9.36      2.00     6   5.6488
#         886       0.00897      4.66      2.00     6   5.6496
#         887       0.00478      4.34      2.00     5   5.6506
#         888       0.00477      4.31      2.00     5   5.6510
#         889       0.00534     15.58      2.00     5   5.6516
#         890       0.01054     10.73      2.00     6   5.6516
#         891       0.01266     13.58      2.00     7   5.6519
#         892       0.01285      8.31      2.00     7   5.6519
#         893       0.00976     21.24      2.00     5   5.6531
#         894       0.00467     26.43      1.00     6   5.6540
#         895       0.01273     13.11      2.00     7   5.6545
#         896       0.01293      8.04      2.00     7   5.6545
#         898       0.00491     13.75      2.00     6   5.6560
#         899       0.00493     14.13      2.00     6   5.6566
#         901       0.00463     26.65      1.00     6   5.6579
#         902       0.00993     21.44      2.00     5   5.6611
#         903       0.00968     12.08      2.00     7   5.6619
#         904       0.01693      7.22      2.00     5   5.6632
#         905       0.00480      7.10      2.00     6   5.6628
#         906       0.00480      7.04      2.00     6   5.6643
#         907       0.00971     11.84      2.00     7   5.6649
#         908       0.01034     37.11      2.00     6   5.6668
#         909       0.01165     12.87      2.00     7   5.6676
#         910       0.00618      5.64      1.00     6   5.6677
#         911       0.00466      6.46      2.00     5   5.6702
#         912       0.01166     12.58      2.00     7   5.6713
#         913       0.01057     37.60      2.00     6   5.6729
#         914       0.00454      6.74      1.00     6   5.6732
#         915       0.00616      5.60      1.00     6   5.6745
#         916       0.00681     25.17      2.00     6   5.6754
#         917       0.00692     23.53      2.00     6   5.6756
#         919       0.00686     23.40      2.00     6   5.6769
#         920       0.01084      4.62      1.00     6   5.6778
#         921       0.00470      6.53      2.00     5   5.6783
#         922       0.00458      6.92      1.00     6   5.6787
#         923       0.01087      4.67      1.00     6   5.6797
#         926       0.00687     24.87      2.00     6   5.6830
#         929       0.01670      4.97      2.00     6   5.6955
#         932       0.00892     17.70      2.00     7   5.6966
#         937       0.00897     14.22      2.00     6   5.7027
#         938       0.00563      8.19      2.00     5   5.7052
#         939       0.00565      7.99      2.00     5   5.7065
#         940       0.00789      5.20      2.00     5   5.7062
#         941       0.00898     17.38      2.00     7   5.7063
#         943       0.00809      5.98      2.00     6   5.7097
#         944       0.00794      5.16      2.00     5   5.7105
#         945       0.01100     14.22      2.00     7   5.7118
#         946       0.01017     17.69      2.00     7   5.7118
#         947       0.00470      9.73      2.00     6   5.7145
#         948       0.00985      4.53      2.00     6   5.7154
#         949       0.01189      5.60      2.00     5   5.7157
#         950       0.01106     14.01      2.00     7   5.7160
#         951       0.01021     17.48      2.00     7   5.7160
#         953       0.01139      7.74      2.00     6   5.7184
#         954       0.01101      5.02      2.00     4   5.7224
#         955       0.00708     12.70      2.00     6   5.7226
#         956       0.00485      9.74      2.00     6   5.7227
#         959       0.00474      9.72      2.00     6   5.7255
#         962       0.01228      5.19      2.00     5   5.7282
#         964       0.01168      4.31      2.00     6   5.7298
#         965       0.00943      8.75      2.00     5   5.7297
#         966       0.00703     12.48      2.00     6   5.7295
#         967       0.00965      4.62      2.00     4   5.7305
#         969       0.00503      5.88      2.00     5   5.7320
#         970       0.00487      9.49      2.00     6   5.7317
#         971       0.00800     24.46      2.00     6   5.7329
#         972       0.00504      5.94      2.00     5   5.7343
#         975       0.00752     31.77      2.00     6   5.7353
#         976       0.00661     15.31      2.00     6   5.7353
#         977       0.00681     14.18      2.00     6   5.7353
#         979       0.00812     24.15      2.00     6   5.7366
#         981       0.01859      4.12      2.00     5   5.7376
#         984       0.00493      5.72      2.00     6   5.7408
#         985       0.00861     49.97      2.00     7   5.7426
#         986       0.00768     31.32      2.00     6   5.7445
#         987       0.00665     15.26      2.00     6   5.7445
#         988       0.00681     14.15      2.00     6   5.7445
#         990       0.00730     13.44      2.00     6   5.7468
#         992       0.00489      4.92      2.00     6   5.7475
#         993       0.00464     12.02      2.00     5   5.7483
#         994       0.00582     20.46      2.00     6   5.7487
#         995       0.00864     49.60      2.00     7   5.7515
#         996       0.00527      4.18      2.00     5   5.7530
#         997       0.00588     20.57      2.00     6   5.7534
#         999       0.00781      6.75      2.00     5   5.7550
#        1000       0.00920     36.42      2.00     5   5.7562
#        1001       0.01215      4.83      2.00     5   5.7571
#        1002       0.00502      4.32      2.00     5   5.7574
#        1003       0.01185     31.19      2.00     6   5.7572
#        1004       0.00528      4.14      2.00     5   5.7578
#        1005       0.01174     31.03      2.00     6   5.7584
#        1006       0.00737     14.04      2.00     6   5.7587
#        1007       0.00438      9.60      2.00     6   5.7606
#        1008       0.00454      4.57      2.00     6   5.7606
#        1011       0.00784      6.63      2.00     5   5.7626
#        1013       0.00469     12.00      2.00     5   5.7644
#        1015       0.00927     35.96      2.00     5   5.7664
#        1018       0.02257      5.52      2.00     5   5.7674
#        1021       0.00950      7.08      2.00     5   5.7682
#        1023       0.00672     11.61      2.00     5   5.7689
#        1025       0.00502     61.90      2.00     6   5.7699
#        1027       0.00514      4.24      2.00     5   5.7700
#        1028       0.00442      9.59      2.00     6   5.7705
#        1029       0.00458      4.53      2.00     6   5.7705
#        1030       0.00409      5.59      2.00     6   5.7711
#        1032       0.00811     60.04      2.00     6   5.7729
#        1034       0.00663      5.69      2.00     3   5.7755
#        1036       0.00812     60.05      2.00     6   5.7751
#        1037       0.00858      6.89      2.00     5   5.7760
#        1038       0.00859      6.80      2.00     5   5.7765
#        1040       0.00500     61.69      2.00     6   5.7782
#        1041       0.00819      4.29      2.00     5   5.7788
#        1042       0.01175      5.20      2.00     6   5.7784
#        1043       0.00488     16.21      2.00     6   5.7801
#        1045       0.00672     11.57      2.00     5   5.7814
#        1046       0.00497     12.11      2.00     6   5.7810
#        1047       0.00989      4.48      2.00     5   5.7820
#        1048       0.00415      5.45      2.00     6   5.7818
#        1049       0.00531      8.98      2.00     6   5.7827
#        1050       0.00744     21.79      2.00     6   5.7826
#        1051       0.00986     32.07      2.00     6   5.7826
#        1052       0.00765     20.95      2.00     6   5.7826
#        1053       0.00487     16.20      2.00     6   5.7831
#        1054       0.00810      4.43      2.00     5   5.7840
#        1055       0.00914     28.65      2.00     7   5.7836
#        1057       0.00916     28.91      2.00     7   5.7864
#        1059       0.00533      8.71      2.00     6   5.7885
#        1060       0.00825      4.18      2.00     5   5.7892
#        1062       0.02275      7.31      1.00     6   5.7898
#        1064       0.00917     12.20      2.00     7   5.7904
#        1065       0.00851      9.77      2.00     5   5.7908
#        1066       0.00634      7.13      2.00     5   5.7907
#        1067       0.00851      9.92      2.00     5   5.7915
#        1068       0.00638      7.20      2.00     5   5.7927
#        1069       0.00752     21.81      2.00     6   5.7932
#        1070       0.00999     32.02      2.00     6   5.7932
#        1071       0.00778     20.93      2.00     6   5.7932
#        1072       0.00707     24.06      2.00     6   5.7928
#        1074       0.00992      4.37      2.00     5   5.7942
#        1075       0.00672      6.49      2.00     3   5.7950
#        1076       0.00661      4.63      2.00     5   5.7950
#        1077       0.00867      5.98      2.00     5   5.7948
#        1078       0.00815      4.31      2.00     5   5.7946
#        1079       0.01556      5.50      2.00     6   5.7947
#        1081       0.00554      4.25      2.00     6   5.7956
#        1082       0.00869      5.88      2.00     5   5.7963
#        1083       0.00923      7.43      2.00     7   5.7965
#        1084       0.00895      4.99      2.00     7   5.7965
#        1086       0.00711     24.02      2.00     6   5.7980
#        1087       0.00810     12.54      2.00     6   5.7993
#        1088       0.01039      8.72      2.00     5   5.8012
#        1089       0.01197     52.91      2.00     7   5.8014
#        1090       0.01166     53.30      2.00     7   5.8014
#        1091       0.00851      4.57      2.00     7   5.8024
#        1092       0.00867     18.53      2.00     6   5.8033
#        1094       0.00868     18.25      2.00     6   5.8045
#        1095       0.01772      8.91      2.00     6   5.8047
#        1097       0.00461     11.34      2.00     6   5.8055
#        1098       0.01185     51.96      2.00     7   5.8056
#        1099       0.01153     52.42      2.00     7   5.8056
#        1103       0.00461     11.23      2.00     6   5.8085
#        1104       0.00816     12.24      2.00     6   5.8098
#        1107       0.00841      5.53      2.00     5   5.8145
#        1108       0.00573      8.76      2.00     5   5.8159
#        1109       0.00525      5.92      2.00     5   5.8162
#        1111       0.01578      5.74      2.00     6   5.8164
#        1113       0.01235      4.49      1.00     6   5.8166
#        1114       0.01134    101.80      2.00     7   5.8167
#        1117       0.00842      5.58      2.00     5   5.8169
#        1118       0.00692      9.53      2.00     6   5.8171
#        1119       0.00818     95.79      2.00     7   5.8172
#        1122       0.00964      5.77      1.00     6   5.8181
#        1123       0.00692      9.74      2.00     6   5.8198
#        1124       0.01135    103.20      2.00     7   5.8199
#        1125       0.00475      4.36      2.00     5   5.8214
#        1126       0.00605     12.64      2.00     6   5.8214
#        1127       0.00529      5.93      2.00     5   5.8218
#        1128       0.00867     70.25      2.00     7   5.8223
#        1129       0.00702     38.12      2.00     7   5.8223
#        1132       0.00609     12.96      2.00     6   5.8223
#        1133       0.00819     94.74      2.00     7   5.8224
#        1136       0.00876     69.78      2.00     7   5.8246
#        1137       0.00711     37.32      2.00     7   5.8246
#        1138       0.01022      7.35      2.00     5   5.8249
#        1141       0.00775      4.69      2.00     4   5.8275
#        1142       0.01337      4.66      2.00     5   5.8277
#        1143       0.00980      6.87      2.00     6   5.8273
#        1145       0.00600      5.41      2.00     5   5.8283
#        1146       0.00593      5.92      2.00     5   5.8301
#        1147       0.00867      6.28      2.00     5   5.8310
#        1148       0.00830      6.62      2.00     6   5.8307
#        1149       0.00791     10.14      2.00     6   5.8335
#        1150       0.00863     35.19      2.00     7   5.8335
#        1151       0.01239     72.63      2.00     7   5.8335
#        1152       0.00557     21.85      2.00     7   5.8338
#        1153       0.00867      6.31      2.00     5   5.8352
#        1155       0.01029      7.46      2.00     5   5.8355
#        1156       0.00864     34.71      2.00     7   5.8356
#        1157       0.01249     72.04      2.00     7   5.8356
#        1158       0.00831      6.50      2.00     6   5.8372
#        1159       0.01822      9.22      2.00     6   5.8378
#        1160       0.00799     10.06      2.00     6   5.8377
#        1161       0.00559     21.62      2.00     7   5.8374
#        1162       0.00812     26.77      2.00     7   5.8381
#        1163       0.00989      8.23      2.00     3   5.8391
#        1165       0.00827     26.75      2.00     7   5.8414
#        1168       0.00525      6.56      2.00     5   5.8446
#        1170       0.00502     11.93      2.00     6   5.8469
#        1172       0.00530      6.70      2.00     5   5.8496
#        1173       0.01014     16.80      2.00     7   5.8496
#        1174       0.00492     18.33      2.00     7   5.8498
#        1175       0.00829    144.70      2.00     7   5.8503
#        1176       0.00622      7.23      2.00     5   5.8504
#        1179       0.00830    143.70      2.00     7   5.8514
#        1180       0.00506     12.28      2.00     6   5.8515
#        1182       0.00872     12.74      2.00     6   5.8520
#        1183       0.00870     12.70      2.00     6   5.8531
#        1185       0.00618      4.48      2.00     5   5.8535
#        1186       0.00932      5.36      2.00     4   5.8539
#        1187       0.00513     10.63      2.00     5   5.8550
#        1188       0.00599      8.61      2.00     5   5.8556
#        1189       0.00669      8.06      2.00     6   5.8559
#        1190       0.00493     18.17      2.00     7   5.8557
#        1192       0.00620      4.46      2.00     5   5.8582
#        1194       0.00974      4.17      2.00     7   5.8588
#        1195       0.00515     10.83      2.00     5   5.8592
#        1196       0.00956      8.34      2.00     7   5.8600
#        1198       0.00872      4.90      2.00     5   5.8615
#        1199       0.00670      7.94      2.00     6   5.8614
#        1200       0.00686     17.17      2.00     7   5.8613
#        1201       0.00833     29.60      2.00     7   5.8613
#        1203       0.01815     10.54      2.00     7   5.8615
#        1204       0.01263      7.93      2.00     7   5.8623
#        1205       0.00835     12.36      2.00     6   5.8633
#        1206       0.00834     12.38      2.00     6   5.8635
#        1207       0.00631      7.20      2.00     5   5.8647
#        1208       0.00836      5.04      2.00     6   5.8651
#        1209       0.00837      5.07      2.00     6   5.8650
#        1210       0.00930     10.52      2.00     7   5.8664
#        1214       0.00846     29.75      2.00     7   5.8670
#        1215       0.00685     17.32      2.00     7   5.8670
#        1217       0.00519     17.46      2.00     6   5.8687
#        1218       0.00707      4.66      2.00     4   5.8698
#        1220       0.00668     16.18      2.00     7   5.8696
#        1221       0.00758     26.93      2.00     7   5.8696
#        1222       0.00567     24.45      2.00     7   5.8695
#        1223       0.00644      7.93      2.00     5   5.8701
#        1224       0.00876      4.87      2.00     5   5.8706
#        1225       0.00518     18.03      2.00     6   5.8710
#        1226       0.00567     24.21      2.00     7   5.8711
#        1227       0.00933     10.40      2.00     7   5.8720
#        1228       0.00669     15.92      2.00     7   5.8732
#        1229       0.00758     26.59      2.00     7   5.8732
#        1232       0.00871      8.93      2.00     6   5.8752
#        1234       0.00530     10.57      2.00     6   5.8759
#        1235       0.00508     15.28      2.00     6   5.8759
#        1237       0.00845     57.34      2.00     7   5.8781
#        1238       0.00884     20.89      2.00     7   5.8781
#        1239       0.00650      8.08      2.00     5   5.8788
#        1240       0.00508     14.87      2.00     6   5.8789
#        1241       0.00531     10.23      2.00     6   5.8789
#        1242       0.00954      4.92      2.00     6   5.8793
#        1243       0.00834     57.47      2.00     7   5.8798
#        1244       0.00875     20.90      2.00     7   5.8798
#        1245       0.00527     10.81      2.00     5   5.8805
#        1247       0.00895      7.03      2.00     7   5.8819
#        1248       0.00872      8.87      2.00     6   5.8824
#        1249       0.00796     65.66      2.00     7   5.8822
#        1250       0.00707     41.07      2.00     7   5.8822
#        1251       0.00957      4.81      2.00     6   5.8832
#        1252       0.00436     20.76      2.00     7   5.8836
#        1253       0.00437     20.94      2.00     7   5.8840
#        1254       0.00987      4.54      2.00     7   5.8843
#        1257       0.00975     37.20      1.00     6   5.8857
#        1259       0.00804     65.48      2.00     7   5.8860
#        1260       0.00709     41.60      2.00     7   5.8860
#        1261       0.00469      8.89      1.00     6   5.8869
#        1262       0.00537      7.01      2.00     5   5.8874
#        1263       0.00527     10.94      2.00     5   5.8884
#        1264       0.00542      7.11      2.00     5   5.8883
#        1265       0.00977     10.03      2.00     7   5.8891
#        1268       0.00812      4.47      2.00     5   5.8923
#        1270       0.00515     16.07      2.00     6   5.8942
#        1272       0.00617     33.67      2.00     7   5.8949
#        1273       0.00847      8.25      2.00     5   5.8957
#        1274       0.00611     32.99      2.00     7   5.8956
#        1277       0.00813      4.50      2.00     5   5.8962
#        1278       0.01076      6.73      2.00     4   5.8985
#        1279       0.00848      8.29      2.00     5   5.8985
#        1281       0.01254     10.27      2.00     6   5.8987
#        1282       0.00727     19.96      2.00     6   5.8984
#        1283       0.00984     36.58      1.00     6   5.8984
#        1284       0.01152      4.71      2.00     6   5.8986
#        1286       0.00515     16.55      2.00     6   5.9002
#        1287       0.00550     10.53      2.00     6   5.9001
#        1290       0.00815      5.30      2.00     5   5.9013
#        1291       0.00543     10.19      2.00     6   5.9012
#        1292       0.00813      5.32      2.00     5   5.9018
#        1293       0.00827     17.16      2.00     6   5.9019
#        1294       0.00480      8.81      1.00     6   5.9020
#        1295       0.00791      6.20      2.00     5   5.9023
#        1296       0.00789     49.60      2.00     6   5.9030
#        1297       0.01008      6.87      2.00     5   5.9044
#        1298       0.00538      6.61      2.00     6   5.9044
#        1299       0.00827     17.06      2.00     6   5.9041
#        1300       0.00474     10.83      2.00     6   5.9042
#        1301       0.00536      6.81      2.00     6   5.9051
#        1303       0.01316      5.80      2.00     7   5.9056
#        1304       0.00794     49.50      2.00     6   5.9079
#        1305       0.00866     15.79      2.00     6   5.9094
#        1306       0.00794      6.10      2.00     5   5.9102
#        1307       0.00865     15.82      2.00     6   5.9103
#        1309       0.01317      5.85      2.00     7   5.9107
#        1310       0.00862      5.82      2.00     6   5.9115
#        1311       0.00821     24.79      1.00     6   5.9112
#        1312       0.00482     10.74      2.00     6   5.9116
#        1313       0.00741     15.66      2.00     6   5.9118
#        1314       0.00800     16.76      2.00     6   5.9124
#        1316       0.00726     19.76      2.00     6   5.9134
#        1317       0.00801     16.59      2.00     6   5.9154
#        1318       0.01090     27.11      2.00     6   5.9158
#        1319       0.00746     15.77      2.00     6   5.9156
#        1320       0.00787     86.81      2.00     7   5.9167
#        1321       0.00489     16.75      2.00     7   5.9179
#        1322       0.02574      4.09      2.00     5   5.9187
#        1323       0.00665      4.41      2.00     5   5.9194
#        1324       0.00792     87.27      2.00     7   5.9197
#        1325       0.00873     12.45      2.00     6   5.9203
#        1326       0.00869      5.72      2.00     6   5.9209
#        1327       0.01101     27.28      2.00     6   5.9229
#        1328       0.00875     12.51      2.00     6   5.9236
#        1329       0.00495     16.68      2.00     7   5.9234
#        1330       0.00667      4.41      2.00     5   5.9239
#        1331       0.00560     20.71      2.00     7   5.9246
#        1332       0.00844     10.73      2.00     6   5.9257
#        1333       0.00746      4.45      2.00     5   5.9261
#        1335       0.00562     20.67      2.00     7   5.9270
#        1336       0.00839     24.62      1.00     6   5.9284
#        1337       0.01102     49.56      2.00     7   5.9295
#        1338       0.01085     50.19      2.00     7   5.9295
#        1340       0.00836      9.11      2.00     6   5.9309
#        1341       0.00846     10.63      2.00     6   5.9307
#        1344       0.01373      6.22      2.00     7   5.9335
#        1345       0.00978      8.52      2.00     5   5.9340
#        1346       0.01113     50.03      2.00     7   5.9347
#        1347       0.01097     50.61      2.00     7   5.9347
#        1348       0.00837      9.01      2.00     6   5.9362
#        1349       0.00751      4.37      2.00     5   5.9368
#        1350       0.00541     12.92      2.00     6   5.9373
#        1352       0.00750     47.99      2.00     7   5.9382
#        1353       0.00756     52.69      2.00     7   5.9396
#        1354       0.00754     52.15      2.00     7   5.9397
#        1356       0.00804     15.51      2.00     6   5.9429
#        1358       0.00545     12.89      2.00     6   5.9448
#        1359       0.00996      4.18      2.00     5   5.9449
#        1360       0.01141      6.59      2.00     5   5.9451
#        1361       0.01373      6.16      2.00     7   5.9449
#        1362       0.00827     31.77      2.00     7   5.9462
#        1363       0.00845      4.33      2.00     5   5.9468
#        1364       0.00820     12.55      2.00     6   5.9466
#        1365       0.00754     46.81      2.00     7   5.9470
#        1366       0.01106      4.11      2.00     5   5.9474
#        1370       0.00807     15.31      2.00     6   5.9508
#        1371       0.00524      7.25      2.00     5   5.9510
#        1372       0.00828     31.50      2.00     7   5.9513
#        1373       0.00584     26.29      2.00     7   5.9540
#        1374       0.00848      4.30      2.00     5   5.9554
#        1375       0.00800     31.22      2.00     7   5.9566
#        1376       0.00826     12.34      2.00     6   5.9574
#        1377       0.00912      7.09      2.00     6   5.9585
#        1378       0.01364      4.46      2.00     5   5.9588
#        1379       0.01101      6.84      2.00     5   5.9607
#        1380       0.00913      6.94      2.00     6   5.9614
#        1381       0.00970     30.71      2.00     7   5.9626
#        1382       0.00585     13.11      2.00     6   5.9631
#        1383       0.00587     13.30      2.00     6   5.9634
#        1384       0.00589     26.35      2.00     7   5.9638
#        1385       0.00948      4.51      2.00     5   5.9639
#        1387       0.00853      9.87      2.00     5   5.9678
#        1390       0.01129      4.37      2.00     5   5.9693
#        1391       0.00775      4.05      2.00     5   5.9690
#        1393       0.00501      7.08      2.00     4   5.9709
#        1394       0.01148      9.99      2.00     6   5.9717
#        1395       0.01101      6.57      2.00     6   5.9721
#        1396       0.00855      9.85      2.00     5   5.9730
#        1400       0.00504      7.11      2.00     4   5.9752
#        1401       0.01117      5.05      2.00     5   5.9750
#        1403       0.00423      4.03      2.00     5   5.9754
#        1404       0.01145     10.39      2.00     6   5.9771
#        1405       0.00578      8.43      1.00     6   5.9770
#        1406       0.00987     12.36      2.00     6   5.9772
#        1408       0.01420      6.75      2.00     6   5.9787
#        1409       0.00984     12.39      2.00     6   5.9787
#        1410       0.00774      6.79      2.00     6   5.9794
#        1411       0.00886     24.93      2.00     7   5.9792
#        1412       0.01099      4.77      2.00     6   5.9806
#        1413       0.01104      6.62      2.00     6   5.9807
#        1414       0.00887     24.82      2.00     7   5.9804
#        1415       0.00772      8.90      2.00     6   5.9808
#        1416       0.00888     10.64      2.00     6   5.9818
#        1417       0.00861     18.02      2.00     6   5.9815
#        1418       0.01431      6.80      2.00     6   5.9831
#        1419       0.00778      6.72      2.00     6   5.9836
#        1420       0.00485      5.97      2.00     4   5.9846
#        1421       0.00515     13.95      2.00     5   5.9846
#        1422       0.00862     18.00      2.00     6   5.9848
#        1423       0.00542     23.43      2.00     6   5.9845
#        1424       0.00773      8.87      2.00     6   5.9853
#        1425       0.00589     21.42      2.00     7   5.9854
#        1426       0.00891     10.61      2.00     6   5.9864
#        1427       0.00517     13.92      2.00     5   5.9870
#        1431       0.00485      5.91      2.00     4   5.9884
#        1437       0.00916      4.26      2.00     6   5.9907
#        1438       0.01017     24.37      2.00     7   5.9905
#        1439       0.01021     24.36      2.00     7   5.9909
#        1440       0.00880      6.03      2.00     6   5.9910
#        1442       0.00568      7.55      2.00     6   5.9915
#        1443       0.00572      7.79      2.00     6   5.9912
#        1444       0.00545     23.70      2.00     6   5.9913
#        1445       0.01062      4.64      2.00     6   5.9913
#        1446       0.01086     10.03      2.00     6   5.9928
#        1447       0.00576     40.76      2.00     7   5.9931
#        1448       0.01186      5.21      2.00     7   5.9937
#        1449       0.00588     20.88      2.00     7   5.9935
#        1450       0.00574     40.14      2.00     7   5.9938
#        1451       0.00919      4.18      2.00     6   5.9945
#        1452       0.02195      8.19      2.00     7   5.9953
#        1453       0.01263      6.23      2.00     5   5.9954
#        1454       0.00533     13.98      2.00     6   5.9953
#        1455       0.00892     19.74      2.00     6   5.9961
#        1456       0.01040      9.38      2.00     6   5.9972
#        1457       0.00906      7.51      2.00     6   5.9973
#        1458       0.00838      7.88      2.00     6   5.9972
#        1459       0.00809     11.44      2.00     6   5.9972
#        1460       0.00901     51.35      2.00     7   5.9981
#        1461       0.00930     14.26      2.00     7   5.9981
#        1462       0.00490     10.16      2.00     5   5.9983
#        1464       0.00535     13.70      2.00     6   5.9988
#        1467       0.00490     10.10      2.00     5   6.0002
#        1468       0.01091      4.07      2.00     6   5.9998
#        1470       0.02189      8.10      2.00     7   6.0019
#        1471       0.00895     19.65      2.00     6   6.0019
#        1472       0.00886      5.94      2.00     6   6.0026
#        1473       0.00912      7.39      2.00     6   6.0033
#        1474       0.03048     12.22      2.00     7   6.0042
#        1476       0.01142      9.48      2.00     6   6.0066
#        1477       0.01046      9.44      2.00     6   6.0062
#        1478       0.00848      8.13      2.00     6   6.0062
#        1479       0.00817     11.83      2.00     6   6.0062
#        1482       0.00909     50.77      2.00     7   6.0085
#        1483       0.00927     13.66      2.00     7   6.0085
#        1484       0.00891     36.69      2.00     7   6.0098
#        1485       0.00782     26.05      2.00     6   6.0100
#        1486       0.01317      4.35      2.00     5   6.0106
#        1487       0.00948     15.65      2.00     7   6.0110
#        1488       0.00865     18.80      2.00     6   6.0120
#        1489       0.00894     36.52      2.00     7   6.0137
#        1491       0.00501     11.08      2.00     5   6.0151
#        1492       0.03049     12.09      2.00     7   6.0153
#        1493       0.00950     15.36      2.00     7   6.0151
#        1494       0.00590      8.48      2.00     6   6.0170
#        1495       0.00595     21.30      2.00     6   6.0170
#        1499       0.01147      9.31      2.00     6   6.0173
#        1500       0.00866     10.97      2.00     6   6.0176
#        1502       0.02675      4.22      1.00     6   6.0192
#        1503       0.00869     18.69      2.00     6   6.0202
#        1505       0.00595      8.74      2.00     6   6.0203
#        1506       0.00791     26.27      2.00     6   6.0204
#        1507       0.00600     21.73      2.00     6   6.0203
#        1508       0.00505     11.03      2.00     5   6.0225
#        1509       0.00679      6.80      2.00     6   6.0227
#        1511       0.00834      5.68      2.00     6   6.0235
#        1512       0.00869     10.93      2.00     6   6.0235
#        1513       0.00833      5.32      2.00     5   6.0243
#        1515       0.00820      9.84      2.00     6   6.0253
#        1516       0.00864     35.03      2.00     7   6.0257
#        1517       0.00835      5.40      2.00     5   6.0265
#        1519       0.00739      6.56      2.00     6   6.0263
#        1521       0.00673     22.73      2.00     6   6.0273
#        1522       0.00776      9.27      2.00     6   6.0282
#        1523       0.00502     12.83      2.00     5   6.0289
#        1524       0.00509     22.09      2.00     6   6.0289
#        1527       0.00682     23.30      2.00     6   6.0299
#        1528       0.00822      9.80      2.00     6   6.0305
#        1530       0.00868     34.83      2.00     7   6.0320
#        1531       0.00839      5.55      2.00     6   6.0329
#        1532       0.00825    104.90      2.00     7   6.0326
#        1534       0.00442     22.54      2.00     7   6.0338
#        1535       0.00511     21.86      2.00     6   6.0343
#        1536       0.00505     12.73      2.00     5   6.0356
#        1537       0.00778      9.06      2.00     6   6.0356
#        1538       0.00886     10.65      2.00     6   6.0357
#        1539       0.00686      6.93      2.00     6   6.0354
#        1540       0.00544      8.41      2.00     5   6.0360
#        1542       0.00883      8.25      2.00     6   6.0378
#        1544       0.00618      6.71      2.00     5   6.0385
#        1545       0.00979      5.30      2.00     6   6.0385
#        1546       0.01047      5.30      2.00     6   6.0385
#        1547       0.00891     17.15      2.00     7   6.0388
#        1548       0.00884      8.12      2.00     6   6.0392
#        1549       0.00832    104.20      2.00     7   6.0400
#        1550       0.01246     13.00      2.00     7   6.0402
#        1551       0.00495     43.04      2.00     7   6.0410
#        1552       0.00548      8.52      2.00     5   6.0415
#        1553       0.00494     44.34      2.00     7   6.0417
#        1554       0.00497     22.06      2.00     6   6.0426
#        1555       0.01118      4.09      2.00     5   6.0432
#        1558       0.00450     22.49      2.00     7   6.0436
#        1559       0.00827     21.15      2.00     7   6.0453
#        1560       0.01133     46.74      2.00     7   6.0453
#        1561       0.00891     10.55      2.00     6   6.0456
#        1562       0.00846     13.97      2.00     6   6.0463
#        1564       0.00523     28.53      2.00     7   6.0466
#        1565       0.00498     21.98      2.00     6   6.0474
#        1566       0.00537      6.81      2.00     6   6.0473
#        1567       0.00847     14.18      2.00     6   6.0481
#        1568       0.00895     16.81      2.00     7   6.0481
#        1570       0.01140     11.73      2.00     5   6.0494
#        1571       0.00839      5.45      2.00     6   6.0492
#        1573       0.01049      5.15      2.00     6   6.0497
#        1574       0.00981      5.15      2.00     6   6.0497
#        1575       0.00549     15.79      2.00     6   6.0497
#        1576       0.01136     11.92      2.00     5   6.0504
#        1577       0.00859      8.80      2.00     6   6.0514
#        1578       0.00526     27.88      2.00     7   6.0513
#        1579       0.00859      8.67      2.00     6   6.0518
#        1580       0.00809      6.43      2.00     6   6.0520
#        1581       0.00839      5.39      2.00     6   6.0518
#        1582       0.00952      5.95      2.00     6   6.0523
#        1583       0.00983      7.22      2.00     6   6.0523
#        1584       0.00552     15.96      2.00     6   6.0533
#        1585       0.00833     21.00      2.00     7   6.0550
#        1586       0.01139     46.63      2.00     7   6.0550
#        1587       0.01602      5.92      2.00     7   6.0552
#        1588       0.00847      5.42      2.00     6   6.0566
#        1589       0.00886     15.98      2.00     7   6.0584
#        1590       0.01233     89.72      2.00     7   6.0581
#        1591       0.00683      5.59      2.00     6   6.0588
#        1592       0.00862     27.66      2.00     7   6.0600
#        1593       0.00861     28.02      2.00     7   6.0599
#        1594       0.00770      6.50      2.00     6   6.0609
#        1595       0.00624      6.67      1.00     4   6.0622
#        1596       0.01179     25.67      2.00     6   6.0622
#        1597       0.00814      6.28      2.00     6   6.0622
#        1598       0.00893     15.86      2.00     7   6.0625
#        1599       0.01192     25.49      2.00     6   6.0631
#        1600       0.00851      5.29      2.00     6   6.0637
#        1601       0.00729      6.05      2.00     6   6.0654
#        1602       0.00963     23.54      2.00     7   6.0651
#        1603       0.00730      5.99      2.00     6   6.0663
#        1604       0.00965     23.15      2.00     7   6.0672
#        1605       0.00689      5.51      2.00     6   6.0686
#        1606       0.00855     15.48      2.00     7   6.0688
#        1607       0.00828      7.48      2.00     6   6.0700
#        1608       0.01260     90.32      2.00     7   6.0699
#        1610       0.00853      9.31      2.00     7   6.0703
#        1611       0.00531      6.13      2.00     6   6.0710
#        1612       0.00518      6.96      2.00     6   6.0728
#        1613       0.00527      7.44      2.00     6   6.0728
#        1614       0.00805     19.44      2.00     7   6.0725
#        1616       0.00830      7.56      2.00     6   6.0735
#        1617       0.00860     15.31      2.00     7   6.0737
#        1620       0.01661      4.76      2.00     6   6.0748
#        1621       0.00483      6.54      2.00     6   6.0753
#        1622       0.00856      9.16      2.00     7   6.0755
#        1623       0.00484      6.27      2.00     6   6.0768
#        1632       0.00721      4.03      2.00     4   6.0821
#        1634       0.00751      5.76      2.00     3   6.0825
#        1636       0.00810     18.97      2.00     7   6.0829
#        1637       0.00507      6.06      2.00     5   6.0844
#        1638       0.00822     25.49      2.00     7   6.0842
#        1639       0.00613     29.09      2.00     7   6.0842
#        1640       0.00824     26.01      2.00     7   6.0863
#        1641       0.00677     29.59      2.00     7   6.0863
#        1642       0.00584      5.09      2.00     4   6.0867
#        1644       0.00888      7.71      2.00     6   6.0937
#        1645       0.00839     11.34      2.00     7   6.0934
#        1646       0.00519      6.34      2.00     5   6.0957
#        1648       0.00889      7.76      2.00     6   6.0970
#        1649       0.00981     12.23      2.00     6   6.0973
#        1650       0.00840     11.21      2.00     7   6.0990
#        1651       0.00887      7.42      2.00     6   6.1010
#        1652       0.01041      7.10      2.00     6   6.1023
#        1654       0.00734      6.24      2.00     3   6.1051
#        1657       0.00979     12.11      2.00     6   6.1050
#        1658       0.00837      4.66      2.00     6   6.1066
#        1659       0.00575      9.22      2.00     6   6.1068
#        1660       0.00785     14.54      2.00     7   6.1067
#        1661       0.00573      8.98      2.00     6   6.1072
#        1662       0.01501      4.31      2.00     5   6.1083
#        1664       0.00699      5.39      2.00     6   6.1088
#        1665       0.00891      7.40      2.00     6   6.1089
#        1666       0.00553     20.08      2.00     7   6.1097
#        1667       0.00587      4.55      2.00     4   6.1102
#        1668       0.01502      4.32      2.00     5   6.1103
#        1669       0.00918     14.45      2.00     7   6.1108
#        1670       0.00533      6.64      2.00     6   6.1112
#        1671       0.00839      4.64      2.00     6   6.1122
#        1673       0.01558      5.90      2.00     6   6.1131
#        1674       0.00704      5.59      2.00     6   6.1132
#        1675       0.00924      8.41      2.00     5   6.1141
#        1676       0.00888     14.43      2.00     7   6.1148
#        1677       0.00556     20.52      2.00     7   6.1155
#        1678       0.00838      5.03      2.00     6   6.1162
#        1679       0.00836      5.15      2.00     6   6.1159
#        1681       0.01306      7.53      2.00     6   6.1172
#        1684       0.00913      8.26      2.00     5   6.1205
#        1685       0.01307      7.52      2.00     6   6.1207
#        1686       0.00892     14.35      2.00     7   6.1207
#        1687       0.00421      4.64      2.00     6   6.1211
#        1689       0.01420      4.12      2.00     7   6.1227
#        1690       0.00737     12.35      2.00     6   6.1234
#        1692       0.01562      5.75      2.00     6   6.1251
#        1693       0.00847      8.84      2.00     7   6.1251
#        1694       0.00937     24.96      2.00     7   6.1256
#        1695       0.00846      9.00      2.00     7   6.1262
#        1696       0.00843      7.89      2.00     7   6.1269
#        1698       0.01425      4.02      2.00     7   6.1265
#        1699       0.00844      7.91      2.00     7   6.1277
#        1701       0.00727     31.91      2.00     7   6.1314
#        1702       0.00736      4.62      1.00     4   6.1316
#        1703       0.00670      4.31      2.00     4   6.1327
#        1704       0.00732     32.76      2.00     7   6.1328
#        1705       0.00427      4.62      2.00     6   6.1341
#        1707       0.00940     24.67      2.00     7   6.1340
#        1709       0.00734     12.15      2.00     6   6.1351
#        1711       0.00894     11.81      2.00     7   6.1379
#        1713       0.00899      7.42      2.00     6   6.1383
#        1714       0.00899      7.46      2.00     6   6.1399
#        1715       0.01030     23.90      2.00     7   6.1416
#        1716       0.00653      5.65      2.00     6   6.1430
#        1718       0.00459      4.03      2.00     5   6.1438
#        1719       0.01174      4.25      2.00     6   6.1438
#        1720       0.00896     11.76      2.00     7   6.1442
#        1721       0.01002     20.66      2.00     7   6.1441
#        1722       0.01075      8.42      2.00     7   6.1441
#        1723       0.01174      4.27      2.00     6   6.1445
#        1724       0.01007     21.57      2.00     7   6.1478
#        1725       0.01080      9.26      2.00     7   6.1478
#        1727       0.01419     24.44      2.00     5   6.1506
#        1729       0.01031     23.59      2.00     7   6.1522
#        1734       0.01483      7.16      2.00     6   6.1546
#        1736       0.01484      7.09      2.00     6   6.1555
#        1737       0.00465      5.08      2.00     5   6.1560
#        1739       0.00699     33.97      2.00     7   6.1569
#        1740       0.00711     53.59      2.00     7   6.1569
#        1742       0.00698      9.58      2.00     5   6.1588
#        1743       0.00972     20.37      2.00     6   6.1584
#        1745       0.00707     34.79      2.00     7   6.1620
#        1746       0.00574     26.24      2.00     7   6.1619
#        1747       0.00720     54.70      2.00     7   6.1620
#        1750       0.00570     25.55      2.00     7   6.1639
#        1751       0.01461     12.48      2.00     7   6.1644
#        1752       0.01460     12.54      2.00     7   6.1649
#        1753       0.00932     15.62      2.00     7   6.1667
#        1754       0.01083      5.92      2.00     3   6.1673
#        1755       0.00964     20.08      2.00     6   6.1677
#        1757       0.00998      5.04      1.00     6   6.1675
#        1760       0.01008      4.08      2.00     5   6.1679
#        1762       0.01542      4.77      1.00     6   6.1693
#        1763       0.00937     15.68      2.00     7   6.1689
#        1764       0.01540      4.80      1.00     6   6.1695
#        1765       0.01186      6.99      2.00     6   6.1698
#        1766       0.01026      6.50      2.00     7   6.1696
#        1767       0.00804     26.36      2.00     7   6.1696
#        1769       0.00466      5.76      2.00     5   6.1717
#        1770       0.00888     19.68      2.00     7   6.1721
#        1771       0.01006      5.24      2.00     6   6.1724
#        1772       0.00888     19.59      2.00     7   6.1722
#        1773       0.00812     12.30      2.00     7   6.1751
#        1774       0.00870     18.07      2.00     7   6.1758
#        1776       0.01038      7.00      2.00     7   6.1769
#        1777       0.00813     11.98      2.00     7   6.1772
#        1778       0.00809     27.17      2.00     7   6.1769
#        1779       0.00792      5.74      2.00     5   6.1778
#        1780       0.01189      6.89      2.00     6   6.1783
#        1782       0.01005      8.73      2.00     6   6.1788
#        1784       0.00873     18.17      2.00     7   6.1801
#        1786       0.00745      4.27      2.00     4   6.1826
#        1787       0.00904     14.80      2.00     7   6.1826
#        1788       0.00987     22.05      2.00     7   6.1825
#        1790       0.01521      6.25      2.00     6   6.1834
#        1792       0.00847      8.26      2.00     7   6.1847
#        1793       0.00840     16.71      2.00     7   6.1861
#        1794       0.01200     10.60      2.00     6   6.1866
#        1795       0.00905     14.84      2.00     7   6.1871
#        1798       0.00976      7.19      2.00     6   6.1885
#        1799       0.01115      4.77      2.00     4   6.1892
#        1800       0.01521      6.20      2.00     6   6.1888
#        1801       0.00990     21.82      2.00     7   6.1891
#        1806       0.01505     11.28      2.00     7   6.1923
#        1808       0.00485      6.20      2.00     6   6.1926
#        1809       0.01233      5.65      2.00     6   6.1933
#        1811       0.00660      4.35      2.00     6   6.1938
#        1812       0.01201     10.52      2.00     6   6.1941
#        1813       0.00854      8.10      2.00     7   6.1940
#        1814       0.01872      6.91      2.00     6   6.1943
#        1815       0.01233      5.57      2.00     6   6.1959
#        1816       0.00485      6.29      2.00     6   6.1956
#        1817       0.00845     16.47      2.00     7   6.1958
#        1820       0.00668      4.36      2.00     6   6.1992
#        1822       0.00825      7.69      2.00     7   6.1989
#        1823       0.01504     11.15      2.00     7   6.1992
#        1824       0.00826      7.47      2.00     7   6.2038
#        1825       0.00700      5.41      2.00     7   6.2057
#        1827       0.00705      5.36      2.00     7   6.2101
#        1829       0.00466      4.11      2.00     5   6.2111
#        1830       0.00427      4.19      2.00     6   6.2115
#        1831       0.00985      5.34      2.00     6   6.2122
#        1832       0.00531      4.89      2.00     5   6.2129
#        1833       0.00532      5.02      2.00     5   6.2133
#        1834       0.01524     16.79      2.00     7   6.2138
#        1836       0.00899     10.34      2.00     7   6.2150
#        1837       0.00430      4.20      2.00     6   6.2157
#        1838       0.00900     10.12      2.00     7   6.2168
#        1839       0.01526     16.55      2.00     7   6.2165
#        1840       0.01684      7.94      2.00     7   6.2164
#        1842       0.01321     11.53      2.00     7   6.2170
#        1845       0.00506     17.48      2.00     7   6.2196
#        1846       0.00517      8.93      2.00     7   6.2200
#        1847       0.01817      6.26      2.00     6   6.2216
#        1848       0.01141      4.29      2.00     6   6.2220
#        1849       0.01324     11.54      2.00     7   6.2226
#        1854       0.00944      5.06      2.00     6   6.2270
#        1855       0.01005      4.20      2.00     6   6.2275
#        1856       0.01050     21.94      2.00     7   6.2281
#        1857       0.00785      5.61      2.00     5   6.2290
#        1858       0.00883      6.65      2.00     6   6.2296
#        1859       0.00895      9.21      2.00     7   6.2306
#        1860       0.00622      5.72      2.00     6   6.2313
#        1863       0.01095      4.03      2.00     6   6.2338
#        1864       0.01069     14.21      2.00     7   6.2338
#        1866       0.01051     11.18      2.00     7   6.2360
#        1867       0.01251     10.42      2.00     7   6.2360
#        1869       0.00887      6.67      2.00     6   6.2369
#        1870       0.00633      5.88      2.00     6   6.2372
#        1873       0.01515     10.43      2.00     7   6.2376
#        1875       0.01062     14.34      2.00     7   6.2384
#        1876       0.01465     24.61      1.00     6   6.2391
#        1877       0.00514     15.63      2.00     6   6.2401
#        1878       0.00900      9.13      2.00     7   6.2409
#        1879       0.01054     21.81      2.00     7   6.2410
#        1880       0.00676      5.36      2.00     4   6.2416
#        1883       0.01517     10.25      2.00     7   6.2431
#        1884       0.01053     11.04      2.00     7   6.2435
#        1885       0.00520     15.69      2.00     6   6.2436
#        1886       0.01255     10.49      2.00     7   6.2435
#        1887       0.00953     23.83      2.00     7   6.2442
#        1888       0.01560     14.47      2.00     7   6.2444
#        1890       0.00904      7.53      2.00     7   6.2448
#        1891       0.01033     12.21      2.00     7   6.2449
#        1892       0.01241     18.07      2.00     7   6.2449
#        1893       0.00908     14.11      2.00     7   6.2445
#        1894       0.00953     23.85      2.00     7   6.2466
#        1895       0.01348      4.41      2.00     7   6.2483
#        1896       0.00665      6.02      2.00     4   6.2480
#        1897       0.01558     14.43      2.00     7   6.2480
#        1898       0.01115      4.27      2.00     7   6.2489
#        1899       0.01013      5.33      2.00     6   6.2509
#        1901       0.01330      4.71      2.00     6   6.2515
#        1904       0.00879     18.03      2.00     7   6.2516
#        1905       0.01012     27.00      2.00     7   6.2526
#        1906       0.01004      7.01      2.00     7   6.2528
#        1907       0.00910      7.38      2.00     7   6.2535
#        1908       0.00667     16.10      2.00     6   6.2547
#        1909       0.00859     15.83      2.00     7   6.2548
#        1910       0.01119      4.24      2.00     7   6.2550
#        1911       0.01009     26.57      2.00     7   6.2558
#        1912       0.00857     14.71      2.00     7   6.2557
#        1913       0.04743      5.40      2.00     7   6.2558
#        1915       0.02069      4.58      2.00     7   6.2565
#        1918       0.01247     17.64      2.00     7   6.2568
#        1919       0.01040     12.15      2.00     7   6.2568
#        1920       0.00880     10.53      2.00     7   6.2571
#        1921       0.00543     10.57      2.00     6   6.2572
#        1923       0.00883     18.08      2.00     7   6.2585
#        1928       0.00544     10.85      2.00     6   6.2605
#        1929       0.00676     16.13      2.00     6   6.2608
#        1930       0.01019      5.32      2.00     6   6.2608
#        1931       0.00482     17.44      2.00     7   6.2610
#        1932       0.00630     13.33      2.00     6   6.2610
#        1933       0.00626     13.23      2.00     6   6.2620
#        1934       0.01215     29.18      2.00     7   6.2617
#        1935       0.00884     10.57      2.00     7   6.2618
#        1936       0.00771      5.12      2.00     5   6.2629
#        1937       0.00774      5.06      2.00     5   6.2629
#        1939       0.01063      6.77      2.00     6   6.2654
#        1941       0.00756      5.05      2.00     5   6.2677
#        1942       0.01056     35.02      2.00     7   6.2684
#        1948       0.00766      5.03      2.00     5   6.2704
#        1949       0.00768      4.97      2.00     5   6.2704
#        1951       0.01233      8.41      2.00     7   6.2710
#        1953       0.00511     10.48      2.00     6   6.2715
#        1954       0.01063      6.78      2.00     6   6.2715
#        1955       0.00746      5.90      2.00     7   6.2716
#        1956       0.01232      8.44      2.00     7   6.2718
#        1957       0.01216     28.84      2.00     7   6.2726
#        1958       0.01063     34.85      2.00     7   6.2726
#        1959       0.00511     10.42      2.00     6   6.2733
#        1961       0.00902     10.10      2.00     7   6.2753
#        1962       0.01060      4.94      2.00     7   6.2753
#        1963       0.01308      4.22      2.00     7   6.2753
#        1964       0.00486     17.25      2.00     7   6.2757
#        1965       0.00751      5.91      2.00     7   6.2758
#        1966       0.01304      7.05      2.00     7   6.2755
#        1967       0.01069      4.28      2.00     7   6.2755
#        1968       0.00996     10.66      2.00     7   6.2769
#        1969       0.01302      7.05      2.00     7   6.2771
#        1970       0.00684      4.10      2.00     4   6.2776
#        1971       0.00905     10.39      2.00     7   6.2812
#        1972       0.00563      9.52      2.00     6   6.2827
#        1973       0.01463      6.43      2.00     7   6.2830
#        1974       0.00907     10.10      2.00     7   6.2839
#        1975       0.00909     11.35      2.00     7   6.2839
#        1976       0.01015      5.80      2.00     7   6.2847
#        1977       0.00511     26.29      2.00     7   6.2843
#        1979       0.01919      7.33      2.00     7   6.2860
#        1981       0.01048      5.87      2.00     7   6.2896
#        1982       0.00569      9.76      2.00     6   6.2897
#        1983       0.00591      8.04      2.00     7   6.2899
#        1984       0.01018      5.79      2.00     7   6.2907
#        1985       0.00498     26.26      2.00     7   6.2908
#        1988       0.00698      4.82      2.00     4   6.2929
#        1989       0.01103      4.27      2.00     6   6.2942
#        1990       0.00991      6.49      2.00     7   6.2950
#        1991       0.01210     15.10      2.00     7   6.2975
#        1992       0.00805      5.29      2.00     5   6.2971
#        1993       0.00808      5.26      2.00     5   6.2971
#        1994       0.00869      6.37      2.00     6   6.2972
#        1995       0.00796      5.33      2.00     5   6.2982
#        1996       0.00799      5.30      2.00     5   6.2982
#        1997       0.00794     11.86      2.00     6   6.3003
#        1998       0.01050      5.82      2.00     7   6.3010
#        1999       0.00501     11.86      2.00     6   6.3020
#        2000       0.01004      5.84      2.00     6   6.3019
#        2002       0.01206     14.89      2.00     7   6.3034
#        2003       0.00868      6.24      2.00     6   6.3040
#        2005       0.01274     16.58      2.00     6   6.3049
#        2006       0.00997      6.40      2.00     7   6.3052
#        2007       0.00943     31.95      2.00     7   6.3053
#        2008       0.01268     16.78      2.00     6   6.3069
#        2009       0.00769      8.79      2.00     6   6.3072
#        2010       0.00499     11.71      2.00     6   6.3087
#        2011       0.01240      4.79      2.00     5   6.3092
#        2012       0.00930     31.80      2.00     7   6.3092
#        2013       0.00683      5.39      2.00     4   6.3104
#        2014       0.01858      5.93      2.00     6   6.3114
#        2016       0.00949      5.64      2.00     7   6.3120
#        2017       0.00744     16.72      2.00     7   6.3125
#        2018       0.00556      6.72      2.00     5   6.3135
#        2022       0.00642      9.19      2.00     7   6.3154
#        2023       0.00497     21.75      2.00     7   6.3157
#        2026       0.00748     16.88      2.00     7   6.3172
#        2027       0.00763      8.58      2.00     6   6.3176
#        2028       0.00968      8.38      2.00     6   6.3175
#        2029       0.00984     27.21      2.00     7   6.3180
#        2031       0.01311     35.05      2.00     7   6.3187
#        2032       0.01317     34.61      2.00     7   6.3186
#        2033       0.00968      8.46      2.00     6   6.3204
#        2034       0.00477     21.75      2.00     7   6.3205
#        2038       0.00984     27.24      2.00     7   6.3242
#        2040       0.00695     10.34      2.00     5   6.3253
#        2041       0.01363      8.86      2.00     7   6.3260
#        2042       0.00474      4.18      2.00     5   6.3269
#        2043       0.01366      8.78      2.00     7   6.3276
#        2044       0.00536      6.04      2.00     5   6.3280
#        2045       0.01136      7.59      2.00     6   6.3280
#        2050       0.01060      5.48      2.00     6   6.3355
#        2051       0.00517     13.77      2.00     6   6.3362
#        2052       0.00515     13.70      2.00     6   6.3366
#        2053       0.00730      7.09      2.00     6   6.3374
#        2054       0.00632      8.78      2.00     7   6.3371
#        2056       0.00754      5.53      2.00     5   6.3384
#        2057       0.00754      5.45      2.00     5   6.3384
#        2058       0.00636      8.44      2.00     7   6.3395
#        2059       0.01130      4.57      2.00     5   6.3402
#        2060       0.00726      7.22      2.00     6   6.3402
#        2061       0.00745     11.75      2.00     7   6.3407
#        2062       0.00743     11.60      2.00     7   6.3407
#        2064       0.00791      8.05      2.00     6   6.3414
#        2065       0.00796      8.13      2.00     6   6.3414
#        2067       0.00881      6.20      2.00     6   6.3442
#        2068       0.01280      5.45      2.00     6   6.3442
#        2069       0.01272      4.89      2.00     6   6.3442
#        2070       0.01272      5.38      2.00     6   6.3441
#        2071       0.01263      4.81      2.00     6   6.3441
#        2072       0.00560      7.47      2.00     5   6.3448
#        2073       0.00782      8.03      2.00     6   6.3455
#        2074       0.00787      8.11      2.00     6   6.3455
#        2075       0.00616      4.33      2.00     4   6.3472
#        2076       0.01063      6.93      2.00     6   6.3477
#        2078       0.01048      6.09      2.00     6   6.3482
#        2079       0.00535     25.06      2.00     7   6.3484
#        2080       0.00586      5.91      2.00     5   6.3486
#        2081       0.00888      8.11      2.00     6   6.3493
#        2083       0.00758      5.50      2.00     5   6.3499
#        2084       0.00757      5.42      2.00     5   6.3499
#        2085       0.00881      6.06      2.00     6   6.3499
#        2086       0.00538     25.02      2.00     7   6.3500
#        2087       0.01360      5.12      2.00     7   6.3498
#        2088       0.00768     16.74      2.00     7   6.3511
#        2089       0.00756      9.65      2.00     6   6.3521
#        2090       0.00762     16.80      2.00     7   6.3520
#        2091       0.00888      8.02      2.00     6   6.3528
#        2092       0.00546     15.81      2.00     7   6.3533
#        2093       0.01365      5.04      2.00     7   6.3542
#        2094       0.00560     15.14      2.00     6   6.3559
#        2096       0.00513      6.83      2.00     7   6.3573
#        2097       0.00512      6.68      2.00     7   6.3584
#        2099       0.00547     15.73      2.00     7   6.3602
#        2101       0.00761      9.60      2.00     6   6.3617
#        2103       0.01043     11.50      2.00     6   6.3627
#        2104       0.00550     17.21      2.00     7   6.3634
#        2105       0.00571     15.11      2.00     6   6.3638
#        2106       0.01212     13.93      2.00     7   6.3646
#        2107       0.01201     13.70      2.00     7   6.3647
#        2108       0.01296      5.14      2.00     6   6.3654
#        2109       0.01291      5.16      2.00     6   6.3653
#        2113       0.01895      4.73      2.00     7   6.3682
#        2114       0.00522      4.58      2.00     5   6.3695
#        2115       0.01058      4.84      2.00     5   6.3699
#        2116       0.01062      4.84      2.00     5   6.3702
#        2117       0.00521      4.51      2.00     5   6.3714
#        2118       0.00572      4.58      2.00     7   6.3712
#        2119       0.01027      4.69      2.00     6   6.3720
#        2120       0.00576      7.73      2.00     7   6.3727
#        2123       0.00856     11.37      2.00     6   6.3734
#        2124       0.00843      8.90      2.00     5   6.3743
#        2125       0.01904      4.78      2.00     7   6.3745
#        2127       0.01077      5.16      2.00     6   6.3749
#        2128       0.00862      5.05      2.00     4   6.3758
#        2129       0.00868     11.23      2.00     6   6.3756
#        2130       0.00889      4.71      2.00     6   6.3759
#        2134       0.01350      6.93      2.00     6   6.3765
#        2135       0.00889      4.69      2.00     6   6.3766
#        2136       0.01251     12.35      2.00     5   6.3785
#        2137       0.01028      4.68      2.00     6   6.3784
#        2138       0.00844      8.78      2.00     5   6.3794
#        2139       0.00540     11.24      2.00     6   6.3798
#        2142       0.00470      5.26      2.00     6   6.3821
#        2144       0.01346      6.89      2.00     6   6.3838
#        2145       0.00522     13.67      2.00     6   6.3840
#        2147       0.01902      5.42      2.00     5   6.3843
#        2148       0.01080      5.03      2.00     6   6.3843
#        2150       0.00524     13.40      2.00     6   6.3853
#        2152       0.00485      5.59      2.00     5   6.3868
#        2154       0.01672      4.63      2.00     6   6.3873
#        2155       0.00990     11.65      2.00     6   6.3873
#        2158       0.00691      4.03      2.00     5   6.3879
#        2159       0.01206      4.81      2.00     6   6.3884
#        2160       0.00700      5.40      2.00     6   6.3885
#        2162       0.01191      6.03      2.00     6   6.3894
#        2163       0.01027      5.57      2.00     6   6.3893
#        2164       0.01892      5.36      2.00     5   6.3892
#        2165       0.00482      5.51      2.00     5   6.3897
#        2166       0.01007      7.70      2.00     7   6.3909
#        2169       0.00982     12.37      2.00     7   6.3926
#        2170       0.01174      4.40      2.00     6   6.3930
#        2171       0.00546     12.71      2.00     6   6.3932
#        2172       0.01979      9.29      2.00     6   6.3933
#        2173       0.00982     11.54      2.00     6   6.3935
#        2175       0.01502     10.54      2.00     7   6.3938
#        2177       0.01501     10.60      2.00     7   6.3941
#        2178       0.00621      8.56      2.00     6   6.3956
#        2180       0.01070     13.91      2.00     7   6.3965
#        2181       0.01020      4.02      2.00     6   6.3966
#        2182       0.01074     13.83      2.00     7   6.3971
#        2183       0.00714      5.30      2.00     6   6.3971
#        2185       0.00944     20.56      2.00     7   6.3979
#        2188       0.01211      4.68      2.00     6   6.3987
#        2189       0.00537      5.88      2.00     7   6.3991
#        2190       0.00983     12.38      2.00     7   6.3989
#        2192       0.01973      9.15      2.00     6   6.3995
#        2193       0.00613     25.48      2.00     7   6.4002
#        2194       0.00639     10.60      2.00     6   6.4013
#        2199       0.01012      7.66      2.00     7   6.4047
#        2200       0.01069     15.45      2.00     7   6.4045
#        2203       0.00576      4.30      2.00     4   6.4056
#        2205       0.01676      6.76      2.00     6   6.4055
#        2206       0.00936     20.28      2.00     7   6.4060
#        2210       0.01230      6.80      2.00     7   6.4070
#        2211       0.00503      8.66      2.00     5   6.4073
#        2212       0.00501      8.57      2.00     5   6.4085
#  1686/2000 paths used
#  xsedge+50, used to normalize mu           1.0000E+00
#  -----------------------------------------------------------------------
#  omega    e    k    mu    mu0     chi     @#
    9725.986   -205.137  -7.200 -1.72603E-06 -2.40463E-06  4.62754E-06
    9728.720   -202.403  -7.150 -4.57044E-06 -5.38366E-06  4.78619E-06
    9731.434   -199.688  -7.100 -7.41484E-06 -8.36269E-06  4.91998E-06
    9734.130   -196.993  -7.050 -1.02593E-05 -1.13417E-05  5.03912E-06
    9736.806   -194.316  -7.000 -1.31037E-05 -1.43207E-05  5.16569E-06
    9739.464   -191.659  -6.950 -1.59481E-05 -1.72998E-05  5.31886E-06
    9742.102   -189.020  -6.900 -1.87925E-05 -2.02788E-05  5.50169E-06
    9744.721   -186.401  -6.850 -2.14209E-05 -2.31826E-05  5.73629E-06
    9747.322   -183.801  -6.800 -2.38046E-05 -2.60011E-05  6.00736E-06
    9749.903   -181.219  -6.750 -2.61884E-05 -2.88196E-05  6.25727E-06
    9752.465   -178.657  -6.700 -2.85721E-05 -3.16381E-05  6.48570E-06
    9755.008   -176.114  -6.650 -3.09559E-05 -3.44566E-05  6.70887E-06
    9757.533   -173.590  -6.600 -3.33396E-05 -3.72751E-05  6.95014E-06
    9760.038   -171.085  -6.550 -3.57234E-05 -4.00936E-05  7.22576E-06
    9762.524   -168.599  -6.500 -3.81071E-05 -4.29121E-05  7.53444E-06
    9764.991   -166.132  -6.450 -3.95840E-05 -4.56257E-05  7.93333E-06
    9767.438   -163.684  -6.400 -4.04737E-05 -4.82713E-05  8.37772E-06
    9769.867   -161.255  -6.350 -4.13633E-05 -5.09169E-05  8.80418E-06
    9772.277   -158.845  -6.300 -4.22530E-05 -5.35625E-05  9.21225E-06
    9774.668   -156.455  -6.250 -4.31426E-05 -5.62082E-05  9.61775E-06
    9777.040   -154.083  -6.200 -4.40323E-05 -5.88538E-05  1.00449E-05
    9779.392   -151.730  -6.150 -4.49220E-05 -6.14994E-05  1.05129E-05
    9781.726   -149.397  -6.100 -4.58116E-05 -6.41450E-05  1.10252E-05
    9784.040   -147.082  -6.050 -4.44393E-05 -6.67468E-05  1.16787E-05
    9786.336   -144.786  -6.000 -3.57536E-05 -6.92070E-05  1.27189E-05
    9788.612   -142.510  -5.950 -2.70679E-05 -7.16672E-05  1.37735E-05
    9790.870   -140.253  -5.900 -1.83822E-05 -7.41273E-05  1.48328E-05
    9793.108   -138.014  -5.850 -9.69644E-06 -7.65875E-05  1.59038E-05
    9795.328   -135.795  -5.800 -1.01073E-06 -7.90477E-05  1.70081E-05
    9797.528   -133.595  -5.750  7.67498E-06 -8.15078E-05  1.81725E-05
    9799.709   -131.413  -5.700  1.63607E-05 -8.39680E-05  1.94153E-05
    9801.871   -129.251  -5.650  2.50464E-05 -8.64282E-05  2.07375E-05
    9804.014   -127.108  -5.600  1.37241E-04 -8.88394E-05  2.38209E-05
    9806.138   -124.984  -5.550  5.71993E-04 -9.10983E-05  3.28713E-05
    9808.243   -122.879  -5.500  1.00674E-03 -9.33572E-05  4.29306E-05
    9810.329   -120.793  -5.450  1.44150E-03 -9.56161E-05  5.39560E-05
    9812.396   -118.726  -5.400  1.87625E-03 -9.78750E-05  6.59271E-05
    9814.444   -116.678  -5.350  2.31100E-03 -1.00134E-04  7.88490E-05
    9816.473   -114.650  -5.300  2.74575E-03 -1.02393E-04  9.27416E-05
    9818.483   -112.640  -5.250  3.18050E-03 -1.04652E-04  1.07617E-04
    9820.473   -110.649  -5.200  3.61526E-03 -1.06911E-04  1.23458E-04
    9822.445   -108.677  -5.150  4.05001E-03 -1.09170E-04  1.40208E-04
    9824.398   -106.725  -5.100  4.20196E-03 -1.11325E-04  1.42123E-04
    9826.331   -104.791  -5.050  4.02634E-03 -1.13362E-04  1.25995E-04
    9828.246   -102.877  -5.000  3.85072E-03 -1.15399E-04  1.09732E-04
    9830.141   -100.981  -4.950  3.67510E-03 -1.17435E-04  9.33750E-05
    9832.018    -99.105  -4.900  3.49947E-03 -1.19472E-04  7.69833E-05
    9833.875    -97.247  -4.850  3.32385E-03 -1.21509E-04  6.06286E-05
    9835.713    -95.409  -4.800  3.14823E-03 -1.23546E-04  4.43891E-05
    9837.533    -93.590  -4.750  2.97261E-03 -1.25582E-04  2.83398E-05
    9839.333    -91.790  -4.700  2.79698E-03 -1.27619E-04  1.25428E-05
    9841.114    -90.008  -4.650  2.62136E-03 -1.29656E-04 -2.95808E-06
    9842.876    -88.246  -4.600  2.44574E-03 -1.31692E-04 -1.81396E-05
    9844.619    -86.503  -4.550  2.29349E-03 -1.33566E-04 -2.31333E-05
    9846.343    -84.779  -4.500  2.15404E-03 -1.35350E-04 -2.22222E-05
    9848.048    -83.074  -4.450  2.01459E-03 -1.37135E-04 -2.08363E-05
    9849.734    -81.388  -4.400  1.87515E-03 -1.38919E-04 -1.90514E-05
    9851.401    -79.721  -4.350  1.73570E-03 -1.40704E-04 -1.69216E-05
    9853.049    -78.074  -4.300  1.59625E-03 -1.42488E-04 -1.44548E-05
    9854.678    -76.445  -4.250  1.45681E-03 -1.44273E-04 -1.16022E-05
    9856.287    -74.835  -4.200  1.31736E-03 -1.46057E-04 -8.26702E-06
    9857.878    -73.245  -4.150  1.17791E-03 -1.47842E-04 -4.32977E-06
    9859.450    -71.673  -4.100  1.03847E-03 -1.49626E-04  3.14575E-07
    9861.002    -70.120  -4.050  8.99020E-04 -1.51411E-04  5.72025E-06
    9862.536    -68.587  -4.000  7.59573E-04 -1.53195E-04  1.18664E-05
    9864.050    -67.072  -3.950  6.68850E-04 -1.54869E-04  8.85388E-05
    9865.546    -65.577  -3.900  6.61896E-04 -1.56352E-04  3.00318E-04
    9867.022    -64.101  -3.850  6.54942E-04 -1.57836E-04  4.95622E-04
    9868.479    -62.643  -3.800  6.47988E-04 -1.59319E-04  6.24206E-04
    9869.918    -61.205  -3.750  6.41034E-04 -1.60802E-04  6.44129E-04
    9871.337    -59.786  -3.700  6.34080E-04 -1.62286E-04  5.33024E-04
    9872.737    -58.386  -3.650  6.27125E-04 -1.63769E-04  2.95876E-04
    9874.118    -57.004  -3.600  6.20171E-04 -1.65252E-04 -3.28414E-05
    9875.480    -55.642  -3.550  6.13217E-04 -1.66736E-04 -3.93626E-04
    9876.823    -54.299  -3.500  6.06263E-04 -1.68219E-04 -7.12540E-04
    9878.147    -52.975  -3.450  5.99309E-04 -1.69702E-04 -9.16059E-04
    9879.452    -51.670  -3.400  5.92355E-04 -1.71185E-04 -9.47200E-04
    9880.738    -50.385  -3.350  5.85401E-04 -1.72669E-04 -7.79487E-04
    9882.005    -49.118  -3.300  5.78447E-04 -1.74152E-04 -4.25515E-04
    9883.252    -47.870  -3.250  5.71493E-04 -1.75635E-04  6.21561E-05
    9884.481    -46.641  -3.200  5.74254E-04 -1.76788E-04  1.31031E-03
    9885.691    -45.432  -3.150  5.79392E-04 -1.77860E-04  3.56753E-03
    9886.881    -44.241  -3.100  5.84530E-04 -1.78932E-04  6.21903E-03
    9888.053    -43.069  -3.050  5.89668E-04 -1.80004E-04  8.58865E-03
    9889.206    -41.917  -3.000  5.94806E-04 -1.81076E-04  1.00414E-02
    9890.339    -40.783  -2.950  5.99944E-04 -1.82148E-04  1.01050E-02
    9891.453    -39.669  -2.900  6.05082E-04 -1.83220E-04  8.52536E-03
    9892.549    -38.574  -2.850  6.10220E-04 -1.84292E-04  5.26796E-03
    9893.625    -37.497  -2.800  6.15358E-04 -1.85364E-04  4.98346E-04
    9894.682    -36.440  -2.750  6.20496E-04 -1.86436E-04 -5.42237E-03
    9895.721    -35.402  -2.700  6.25634E-04 -1.87508E-04 -1.19192E-02
    9896.740    -34.383  -2.650  6.30772E-04 -1.88580E-04 -1.81873E-02
    9897.740    -33.383  -2.600  6.35910E-04 -1.89652E-04 -2.32262E-02
    9898.721    -32.401  -2.550  6.41048E-04 -1.90724E-04 -2.59634E-02
    9899.683    -31.439  -2.500  6.46186E-04 -1.91796E-04 -2.54700E-02
    9900.626    -30.496  -2.450  6.51324E-04 -1.92868E-04 -2.12216E-02
    9901.550    -29.573  -2.400  6.56462E-04 -1.93940E-04 -1.33156E-02
    9902.455    -28.668  -2.350  6.61600E-04 -1.95012E-04 -2.55724E-03
    9903.341    -27.782  -2.300  6.66738E-04 -1.96084E-04  9.63990E-03
    9904.207    -26.915  -2.250  6.35701E-04 -1.96721E-04  3.38783E+01
    9905.055    -26.067  -2.200  5.96884E-04 -1.97265E-04  6.17203E+01
    9905.884    -25.239  -2.150  5.58066E-04 -1.97808E-04  4.14657E+01
    9906.693    -24.429  -2.100  5.19249E-04 -1.98352E-04 -2.89856E+01
    9907.484    -23.639  -2.050  4.80432E-04 -1.98896E-04 -1.13356E+02
    9908.255    -22.867  -2.000  4.41615E-04 -1.99439E-04 -1.59235E+02
    9909.008    -22.115  -1.950  4.02798E-04 -1.99983E-04 -1.32606E+02
    9909.741    -21.381  -1.900  3.63980E-04 -2.00526E-04 -4.20831E+01
    9910.456    -20.667  -1.850  3.25163E-04 -2.01070E-04  6.34672E+01
    9911.151    -19.971  -1.800  2.86346E-04 -2.01614E-04  1.23298E+02
    9911.827    -19.295  -1.750  2.47529E-04 -2.02157E-04  1.01798E+02
    9912.485    -18.638  -1.700  2.08712E-04 -2.02701E-04  1.10202E+01
    9913.123    -18.000  -1.650  1.69894E-04 -2.03245E-04 -9.55126E+01
    9913.742    -17.381  -1.600  1.14930E-04 -2.03650E-04 -2.33460E+02
    9914.342    -16.781  -1.550  3.74296E-05 -2.03802E-04  3.75828E+02
    9914.923    -16.200  -1.500 -3.22452E-05 -2.03881E-04  6.71884E+01
    9915.485    -15.638  -1.450 -8.33122E-05 -2.03880E-04 -3.94762E+01
    9916.028    -15.095  -1.400 -9.95436E-05 -2.03790E-04 -4.04400E+01
    9916.552    -14.571  -1.350 -6.89148E-05 -2.03601E-04 -3.62321E+01
    9917.057    -14.066  -1.300  4.46706E-06 -2.03303E-04 -3.21954E+01
    9917.542    -13.580  -1.250  1.09796E-04 -2.02882E-04 -2.86306E+01
    9918.009    -13.113  -1.200  2.37766E-04 -2.02322E-04 -2.59435E+01
    9918.457    -12.666  -1.150  3.80817E-04 -2.01602E-04 -2.34338E+01
    9918.885    -12.237  -1.100  5.32034E-04 -2.00702E-04 -1.63505E+01
    9919.295    -11.828  -1.050  6.85591E-04 -1.99592E-04  1.92189E+00
    9919.685    -11.437  -1.000  8.36528E-04 -1.98237E-04  2.76602E+01
    9920.057    -11.066  -0.950  9.80981E-04 -1.96598E-04  4.36501E+01
    9920.409    -10.713  -0.900  1.11652E-03 -1.94629E-04  3.81545E+01
    9920.743    -10.380  -0.850  1.24130E-03 -1.92265E-04  1.72106E+01
    9921.057    -10.065  -0.800  1.35481E-03 -1.89442E-04 -5.79208E+00
    9921.352     -9.770  -0.750  1.45690E-03 -1.86077E-04 -2.19082E+01
    9921.629     -9.494  -0.700  1.54811E-03 -1.82078E-04 -2.89312E+01
    9921.886     -9.237  -0.650  1.62932E-03 -1.77356E-04 -2.87041E+01
    9922.124     -8.999  -0.600  1.70108E-03 -1.71795E-04 -2.41960E+01
    9922.343     -8.780  -0.550  1.76469E-03 -1.65352E-04 -1.79339E+01
    9922.543     -8.580  -0.500  1.82109E-03 -1.58023E-04 -1.15674E+01
    9922.724     -8.399  -0.450  1.87103E-03 -1.49912E-04 -5.95950E+00
    9922.886     -8.237  -0.400  1.91504E-03 -1.41246E-04 -1.42657E+00
    9923.029     -8.094  -0.350  1.95314E-03 -1.32405E-04  1.98326E+00
    9923.153     -7.970  -0.300  1.98595E-03 -1.23866E-04  4.45999E+00
    9923.257     -7.865  -0.250  2.01338E-03 -1.16097E-04  6.18380E+00
    9923.343     -7.779  -0.200  2.03519E-03 -1.09542E-04  7.32730E+00
    9923.410     -7.713  -0.150  2.06784E-03 -8.82251E-05  8.05473E+00
    9923.457     -7.665  -0.100  2.14313E-03 -1.82272E-05  8.36093E+00
    9923.486     -7.637  -0.050  2.21841E-03  5.17707E-05  8.63990E+00
    9923.495     -7.627   0.000  2.29370E-03  1.21769E-04  8.89164E+00
    9923.505     -7.618   0.050  2.35473E-03  1.25289E-04  9.10655E+00
    9923.534     -7.589   0.100  2.40983E-03  1.28424E-04  9.29791E+00
    9923.581     -7.541   0.150  2.45940E-03  1.31559E-04  9.46595E+00
    9923.648     -7.475   0.200  2.54451E-03  1.37472E-04  9.74439E+00
    9923.734     -7.389   0.250  2.62159E-03  1.44865E-04  9.96987E+00
    9923.838     -7.284   0.300  2.66580E-03  1.53461E-04  1.00455E+01
    9923.962     -7.160   0.350  2.65225E-03  1.62896E-04  9.87857E+00
    9924.105     -7.017   0.400  2.56142E-03  1.72743E-04  9.40213E+00
    9924.267     -6.856   0.450  2.37992E-03  1.82557E-04  8.57472E+00
    9924.448     -6.675   0.500  2.10554E-03  1.91955E-04  7.40187E+00
    9924.648     -6.475   0.550  1.74962E-03  2.00704E-04  5.93869E+00
    9924.867     -6.255   0.600  1.33574E-03  2.08675E-04  4.28420E+00
    9925.105     -6.017   0.650  8.97113E-04  2.15836E-04  2.56841E+00
    9925.362     -5.760   0.700  4.71062E-04  2.22192E-04  9.31060E-01
    9925.639     -5.484   0.750  9.48701E-05  2.27813E-04 -4.93907E-01
    9925.934     -5.189   0.800 -2.02698E-04  2.32741E-04 -1.60789E+00
    9926.248     -4.874   0.850 -4.04137E-04  2.37034E-04 -2.35537E+00
    9926.582     -4.541   0.900 -5.05122E-04  2.40738E-04 -2.72869E+00
    9926.934     -4.189   0.950 -5.14027E-04  2.43882E-04 -2.76444E+00
    9927.305     -3.817   1.000 -4.47220E-04  2.46506E-04 -2.52559E+00
    9927.696     -3.427   1.050 -3.29135E-04  2.48639E-04 -2.10192E+00
    9928.106     -3.017   1.100 -1.83420E-04  2.50310E-04 -1.57862E+00
    9928.534     -2.588   1.150 -3.26059E-05  2.51542E-04 -1.03580E+00
    9928.982     -2.141   1.200  1.07178E-04  2.52372E-04 -5.30687E-01
    9929.449     -1.674   1.250  2.24734E-04  2.52824E-04 -1.03045E-01
    9929.934     -1.188   1.300  3.14562E-04  2.52925E-04  2.27176E-01
    9930.439     -0.683   1.350  3.75708E-04  2.52708E-04  4.55879E-01
    9930.963     -0.159   1.400  4.10821E-04  2.52205E-04  5.91673E-01
    9931.506      0.383   1.450  4.24404E-04  2.51441E-04  6.49844E-01
    9932.068      0.945   1.500  4.21778E-04  2.50448E-04  6.48794E-01
    9932.649      1.526   1.550  4.08086E-04  2.49256E-04  6.06589E-01
    9933.249      2.126   1.600  3.87771E-04  2.47889E-04  5.39063E-01
    9933.868      2.746   1.650  3.64404E-04  2.46379E-04  4.59160E-01
    9934.506      3.384   1.700  3.40564E-04  2.44749E-04  3.76438E-01
    9935.164      4.041   1.750  3.18139E-04  2.43021E-04  2.98127E-01
    9935.840      4.717   1.800  2.98444E-04  2.41217E-04  2.29490E-01
    9936.535      5.413   1.850  2.82290E-04  2.39355E-04  1.74007E-01
    9937.249      6.127   1.900  2.70078E-04  2.37452E-04  1.33645E-01
    9937.983      6.860   1.950  2.61790E-04  2.35521E-04  1.08763E-01
    9938.735      7.613   2.000  2.56945E-04  2.33579E-04  9.77875E-02
    9939.507      8.384   2.050  2.54720E-04  2.31633E-04  9.76545E-02
    9940.297      9.175   2.100  2.53981E-04  2.29672E-04  1.03913E-01
    9941.107      9.985   2.150  2.53459E-04  2.27645E-04  1.11571E-01
    9941.936     10.813   2.200  2.52027E-04  2.25531E-04  1.15884E-01
    9942.783     11.661   2.250  2.48959E-04  2.23368E-04  1.13307E-01
    9943.650     12.528   2.300  2.44462E-04  2.21651E-04  1.02243E-01
    9944.536     13.414   2.350  2.39245E-04  2.20764E-04  8.37219E-02
    9945.441     14.318   2.400  2.33703E-04  2.20480E-04  6.03684E-02
    9946.365     15.242   2.450  2.28319E-04  2.20706E-04  3.48952E-02
    9947.308     16.185   2.500  2.23713E-04  2.21372E-04  1.07372E-02
    9948.270     17.147   2.550  2.20416E-04  2.22385E-04 -9.01951E-03
    9949.251     18.128   2.600  2.19128E-04  2.23789E-04 -2.13112E-02
    9950.251     19.129   2.650  2.18288E-04  2.24560E-04 -2.86257E-02
    9951.270     20.148   2.700  2.16728E-04  2.24754E-04 -3.66085E-02
    9952.308     21.186   2.750  2.14524E-04  2.24617E-04 -4.60707E-02
    9953.366     22.243   2.800  2.11825E-04  2.24311E-04 -5.70743E-02
    9954.442     23.320   2.850  2.08746E-04  2.23908E-04 -6.94258E-02
    9955.537     24.415   2.900  2.05412E-04  2.23445E-04 -8.27250E-02
    9956.652     25.529   2.950  2.01998E-04  2.22960E-04 -9.63178E-02
    9957.785     26.663   3.000  1.98732E-04  2.22491E-04 -1.09325E-01
    9958.938     27.815   3.050  1.95867E-04  2.22074E-04 -1.20696E-01
    9960.109     28.987   3.100  1.93654E-04  2.21724E-04 -1.29312E-01
    9961.300     30.178   3.150  1.92316E-04  2.21399E-04 -1.33974E-01
    9962.510     31.387   3.200  1.92098E-04  2.21119E-04 -1.33645E-01
    9963.738     32.616   3.250  1.93155E-04  2.20878E-04 -1.27600E-01
    9964.986     33.864   3.300  1.95565E-04  2.20674E-04 -1.15476E-01
    9966.253     35.130   3.350  1.99257E-04  2.20515E-04 -9.76664E-02
    9967.539     36.416   3.400  2.03982E-04  2.20396E-04 -7.53242E-02
    9968.844     37.721   3.450  2.09366E-04  2.20320E-04 -5.01983E-02
    9970.168     39.045   3.500  2.14957E-04  2.20290E-04 -2.44036E-02
    9971.511     40.388   3.550  2.20287E-04  2.20290E-04 -1.20535E-05
    9972.873     41.750   3.600  2.24988E-04  2.20334E-04  2.12232E-02
    9974.254     43.131   3.650  2.28798E-04  2.20416E-04  3.81458E-02
    9975.654     44.532   3.700  2.31605E-04  2.20536E-04  5.02739E-02
    9977.073     45.951   3.750  2.33428E-04  2.20682E-04  5.77716E-02
    9978.512     47.389   3.800  2.34415E-04  2.20863E-04  6.12965E-02
    9979.969     48.846   3.850  2.34767E-04  2.21072E-04  6.18085E-02
    9981.445     50.323   3.900  2.34704E-04  2.21304E-04  6.03431E-02
    9982.941     51.818   3.950  2.34436E-04  2.21556E-04  5.78740E-02
    9984.455     53.333   4.000  2.34134E-04  2.21827E-04  5.51795E-02
    9985.989     54.866   4.050  2.33913E-04  2.22115E-04  5.27761E-02
    9987.541     56.419   4.100  2.33820E-04  2.22413E-04  5.09222E-02
    9989.113     57.990   4.150  2.33851E-04  2.22713E-04  4.96148E-02
    9990.704     59.581   4.200  2.33967E-04  2.23022E-04  4.86550E-02
    9992.313     61.191   4.250  2.34078E-04  2.23330E-04  4.76870E-02
    9993.942     62.820   4.300  2.34084E-04  2.23636E-04  4.62691E-02
    9995.590     64.467   4.350  2.33873E-04  2.23934E-04  4.39403E-02
    9997.257     66.134   4.400  2.33349E-04  2.24225E-04  4.02717E-02
    9998.943     67.820   4.450  2.32434E-04  2.24499E-04  3.49694E-02
   10000.648     69.525   4.500  2.31100E-04  2.24761E-04  2.78982E-02
   10002.372     71.249   4.550  2.29345E-04  2.24998E-04  1.91042E-02
   10004.115     72.992   4.600  2.27238E-04  2.25220E-04  8.85802E-03
   10005.877     74.754   4.650  2.24866E-04  2.25415E-04 -2.40517E-03
   10007.658     76.535   4.700  2.22372E-04  2.25588E-04 -1.40954E-02
   10009.458     78.336   4.750  2.19904E-04  2.25736E-04 -2.55433E-02
   10011.277     80.155   4.800  2.17616E-04  2.25855E-04 -3.60653E-02
   10013.116     81.993   4.850  2.15658E-04  2.25946E-04 -4.50196E-02
   10014.973     83.851   4.900  2.14147E-04  2.26006E-04 -5.18814E-02
   10016.850     85.727   4.950  2.13173E-04  2.26038E-04 -5.62792E-02
   10018.745     87.623   5.000  2.12780E-04  2.26044E-04 -5.80257E-02
   10020.660     89.537   5.050  2.12961E-04  2.26016E-04 -5.71206E-02
   10022.593     91.471   5.100  2.13677E-04  2.25960E-04 -5.37586E-02
   10024.546     93.423   5.150  2.14849E-04  2.25879E-04 -4.82925E-02
   10026.517     95.395   5.200  2.16371E-04  2.25775E-04 -4.11960E-02
   10028.508     97.386   5.250  2.18111E-04  2.25645E-04 -3.30234E-02
   10030.518     99.395   5.300  2.19945E-04  2.25494E-04 -2.43387E-02
   10032.547    101.424   5.350  2.21750E-04  2.25323E-04 -1.56822E-02
   10034.595    103.472   5.400  2.23423E-04  2.25132E-04 -7.50846E-03
   10036.661    105.539   5.450  2.24890E-04  2.24925E-04 -1.52428E-04
   10038.747    107.625   5.500  2.26114E-04  2.24710E-04  6.18091E-03
   10040.852    109.730   5.550  2.27065E-04  2.24474E-04  1.14132E-02
   10042.977    111.854   5.600  2.27770E-04  2.24235E-04  1.55882E-02
   10045.120    113.997   5.650  2.28256E-04  2.23990E-04  1.88303E-02
   10047.282    116.159   5.700  2.28561E-04  2.23738E-04  2.13073E-02
   10049.463    118.341   5.750  2.28730E-04  2.23482E-04  2.32033E-02
   10051.663    120.541   5.800  2.28805E-04  2.23230E-04  2.46752E-02
   10053.883    122.760   5.850  2.28811E-04  2.22979E-04  2.58364E-02
   10056.121    124.998   5.900  2.28763E-04  2.22732E-04  2.67422E-02
   10058.378    127.256   5.950  2.28661E-04  2.22491E-04  2.73863E-02
   10060.655    129.532   6.000  2.28495E-04  2.22259E-04  2.77030E-02
   10062.950    131.828   6.050  2.28236E-04  2.22032E-04  2.75810E-02
   10065.265    134.142   6.100  2.27861E-04  2.21819E-04  2.68800E-02
   10067.599    136.476   6.150  2.27337E-04  2.21619E-04  2.54521E-02
   10069.951    138.829   6.200  2.26628E-04  2.21427E-04  2.31663E-02
   10072.323    141.200   6.250  2.25723E-04  2.21249E-04  1.99408E-02
   10074.714    143.591   6.300  2.24624E-04  2.21088E-04  1.57677E-02
   10077.124    146.001   6.350  2.23344E-04  2.20939E-04  1.07307E-02
   10079.552    148.430   6.400  2.21929E-04  2.20805E-04  5.01677E-03
   10082.000    150.878   6.450  2.20441E-04  2.20686E-04 -1.09214E-03
   10084.467    153.345   6.500  2.18955E-04  2.20576E-04 -7.24197E-03
   10086.953    155.831   6.550  2.17563E-04  2.20483E-04 -1.30431E-02
   10089.458    158.336   6.600  2.16349E-04  2.20402E-04 -1.81153E-02
   10091.982    160.860   6.650  2.15378E-04  2.20330E-04 -2.21343E-02
   10094.526    163.403   6.700  2.14707E-04  2.20269E-04 -2.48689E-02
   10097.088    165.965   6.750  2.14357E-04  2.20217E-04 -2.62057E-02
   10099.669    168.547   6.800  2.14328E-04  2.20175E-04 -2.61549E-02
   10102.269    171.147   6.850  2.14590E-04  2.20141E-04 -2.48373E-02
   10104.889    173.766   6.900  2.15089E-04  2.20109E-04 -2.24646E-02
   10107.527    176.405   6.950  2.15772E-04  2.20084E-04 -1.92984E-02
   10110.185    179.062   7.000  2.16567E-04  2.20055E-04 -1.56203E-02
   10112.861    181.739   7.050  2.17419E-04  2.20031E-04 -1.16995E-02
   10115.557    184.434   7.100  2.18272E-04  2.20007E-04 -7.77280E-03
   10118.271    187.149   7.150  2.19082E-04  2.19981E-04 -4.03077E-03
   10121.005    189.883   7.200  2.19811E-04  2.19948E-04 -6.12716E-04
   10123.758    192.635   7.250  2.20446E-04  2.19913E-04  2.39058E-03
   10126.529    195.407   7.300  2.20967E-04  2.19868E-04  4.93305E-03
   10129.320    198.198   7.350  2.21379E-04  2.19819E-04  7.00468E-03
   10132.130    201.008   7.400  2.21676E-04  2.19756E-04  8.62363E-03
   10134.959    203.837   7.450  2.21869E-04  2.19683E-04  9.82799E-03
   10137.807    206.685   7.500  2.21968E-04  2.19597E-04  1.06668E-02
   10140.674    209.552   7.550  2.21987E-04  2.19502E-04  1.11914E-02
   10143.560    212.438   7.600  2.21932E-04  2.19392E-04  1.14465E-02
   10146.465    215.343   7.650  2.21809E-04  2.19268E-04  1.14646E-02
   10149.389    218.267   7.700  2.21625E-04  2.19131E-04  1.12623E-02
   10152.333    221.210   7.750  2.21375E-04  2.18977E-04  1.08407E-02
   10155.295    224.172   7.800  2.21060E-04  2.18809E-04  1.01858E-02
   10158.276    227.154   7.850  2.20672E-04  2.18624E-04  9.28256E-03
   10161.277    230.154   7.900  2.20218E-04  2.18429E-04  8.11883E-03
   10164.296    233.173   7.950  2.19695E-04  2.18221E-04  6.69558E-03
   10167.334    236.212   8.000  2.19109E-04  2.18002E-04  5.03302E-03
   10170.392    239.269   8.050  2.18464E-04  2.17768E-04  3.17310E-03
   10173.468    242.346   8.100  2.17779E-04  2.17521E-04  1.17852E-03
   10176.564    245.442   8.150  2.17075E-04  2.17266E-04 -8.71447E-04
   10179.679    248.556   8.200  2.16370E-04  2.17001E-04 -2.88740E-03
   10182.812    251.690   8.250  2.15690E-04  2.16732E-04 -4.77693E-03
   10185.965    254.843   8.300  2.15048E-04  2.16454E-04 -6.45258E-03
   10189.137    258.015   8.350  2.14464E-04  2.16168E-04 -7.83653E-03
   10192.328    261.205   8.400  2.13957E-04  2.15882E-04 -8.86518E-03
   10195.538    264.415   8.450  2.13530E-04  2.15588E-04 -9.49192E-03
   10198.767    267.644   8.500  2.13203E-04  2.15300E-04 -9.68906E-03
   10202.015    270.892   8.550  2.12964E-04  2.15006E-04 -9.44929E-03
   10205.282    274.159   8.600  2.12822E-04  2.14718E-04 -8.78739E-03
   10208.568    277.445   8.650  2.12758E-04  2.14426E-04 -7.74085E-03
   10211.873    280.751   8.700  2.12775E-04  2.14145E-04 -6.36968E-03
   10215.197    284.075   8.750  2.12841E-04  2.13862E-04 -4.75475E-03
   10218.541    287.418   8.800  2.12947E-04  2.13589E-04 -2.99303E-03
   10221.903    290.780   8.850  2.13067E-04  2.13322E-04 -1.19120E-03
   10225.284    294.162   8.900  2.13180E-04  2.13064E-04  5.41829E-04
   10228.685    297.562   8.950  2.13259E-04  2.12809E-04  2.10875E-03
   10232.104    300.982   9.000  2.13295E-04  2.12564E-04  3.42783E-03
   10235.543    304.420   9.050  2.13276E-04  2.12330E-04  4.44380E-03
   10239.000    307.878   9.100  2.13196E-04  2.12103E-04  5.13131E-03
   10242.477    311.354   9.150  2.13056E-04  2.11888E-04  5.49502E-03
   10245.972    314.850   9.200  2.12864E-04  2.11682E-04  5.56618E-03
   10249.487    318.365   9.250  2.12631E-04  2.11486E-04  5.39511E-03
   10253.021    321.898   9.300  2.12368E-04  2.11299E-04  5.04213E-03
   10256.574    325.451   9.350  2.12089E-04  2.11122E-04  4.56769E-03
   10260.146    329.023   9.400  2.11804E-04  2.10953E-04  4.02417E-03
   10263.737    332.614   9.450  2.11518E-04  2.10788E-04  3.45000E-03
   10267.347    336.224   9.500  2.11237E-04  2.10632E-04  2.86723E-03
   10270.976    339.853   9.550  2.10967E-04  2.10485E-04  2.28318E-03
   10274.624    343.501   9.600  2.10696E-04  2.10339E-04  1.69406E-03
   10278.291    347.168   9.650  2.10432E-04  2.10203E-04  1.09134E-03
   10281.977    350.854   9.700  2.10170E-04  2.10071E-04  4.67906E-04
   10285.682    354.560   9.750  2.09900E-04  2.09937E-04 -1.76634E-04
   10289.406    358.284   9.800  2.09634E-04  2.09808E-04 -8.32570E-04
   10293.150    362.027   9.850  2.09369E-04  2.09680E-04 -1.47910E-03
   10296.912    365.789   9.900  2.09114E-04  2.09551E-04 -2.08645E-03
   10300.693    369.571   9.950  2.08871E-04  2.09420E-04 -2.61955E-03
   10304.494    373.371  10.000  2.08646E-04  2.09283E-04 -3.04293E-03
   10308.313    377.191  10.050  2.08448E-04  2.09145E-04 -3.32631E-03
   10312.152    381.029  10.100  2.08284E-04  2.09005E-04 -3.44883E-03
   10316.010    384.887  10.150  2.08147E-04  2.08858E-04 -3.40238E-03
   10319.886    388.764  10.200  2.08040E-04  2.08707E-04 -3.19247E-03
   10323.782    392.659  10.250  2.07954E-04  2.08546E-04 -2.83806E-03
   10327.697    396.574  10.300  2.07884E-04  2.08378E-04 -2.36887E-03
   10331.630    400.508  10.350  2.07822E-04  2.08201E-04 -1.82181E-03
   10335.583    404.461  10.400  2.07764E-04  2.08021E-04 -1.23737E-03
   10339.555    408.433  10.450  2.07696E-04  2.07832E-04 -6.54397E-04
   10343.546    412.424  10.500  2.07611E-04  2.07634E-04 -1.07035E-04
   10347.556    416.434  10.550  2.07510E-04  2.07431E-04  3.78573E-04
   10351.585    420.463  10.600  2.07378E-04  2.07215E-04  7.86103E-04
   10355.633    424.511  10.650  2.07225E-04  2.06996E-04  1.10927E-03
   10359.701    428.578  10.700  2.07048E-04  2.06768E-04  1.35089E-03
   10363.787    432.664  10.750  2.06851E-04  2.06537E-04  1.52057E-03
   10367.892    436.769  10.800  2.06635E-04  2.06298E-04  1.63182E-03
   10372.016    440.894  10.850  2.06406E-04  2.06057E-04  1.69836E-03
   10376.160    445.037  10.900  2.06164E-04  2.05808E-04  1.73130E-03
   10380.322    449.200  10.950  2.05910E-04  2.05553E-04  1.73647E-03
   10384.504    453.381  11.000  2.05652E-04  2.05301E-04  1.71344E-03
   10388.704    457.582  11.050  2.05381E-04  2.05042E-04  1.65607E-03
   10392.924    461.801  11.100  2.05099E-04  2.04781E-04  1.55407E-03
   10397.162    466.040  11.150  2.04801E-04  2.04515E-04  1.39627E-03
   10401.420    470.297  11.200  2.04495E-04  2.04255E-04  1.17375E-03
   10405.697    474.574  11.250  2.04169E-04  2.03989E-04  8.83331E-04
   10409.992    478.870  11.300  2.03836E-04  2.03728E-04  5.30077E-04
   10414.307    483.185  11.350  2.03495E-04  2.03469E-04  1.28261E-04
   10418.641    487.518  11.400  2.03149E-04  2.03210E-04 -2.99157E-04
   10422.994    491.871  11.450  2.02805E-04  2.02952E-04 -7.22804E-04
   10427.366    496.243  11.500  2.02471E-04  2.02696E-04 -1.11040E-03
   10431.757    500.634  11.550  2.02157E-04  2.02447E-04 -1.43076E-03
   10436.167    505.044  11.600  2.01863E-04  2.02199E-04 -1.65782E-03
   10440.596    509.474  11.650  2.01600E-04  2.01959E-04 -1.77421E-03
   10445.044    513.922  11.700  2.01363E-04  2.01721E-04 -1.77325E-03
   10449.511    518.389  11.750  2.01156E-04  2.01491E-04 -1.65950E-03
   10453.998    522.875  11.800  2.00970E-04  2.01262E-04 -1.44751E-03
   10458.503    527.380  11.850  2.00803E-04  2.01036E-04 -1.15996E-03
   10463.027    531.905  11.900  2.00652E-04  2.00818E-04 -8.23932E-04
   10467.571    536.448  11.950  2.00513E-04  2.00607E-04 -4.67727E-04
   10472.133    541.011  12.000  2.00370E-04  2.00393E-04 -1.17746E-04
   10476.715    545.592  12.050  2.00234E-04  2.00193E-04  2.04392E-04
   10481.315    550.193  12.100  2.00083E-04  1.99986E-04  4.82836E-04
   10485.935    554.812  12.150  1.99931E-04  1.99789E-04  7.08318E-04
   10490.573    559.451  12.200  1.99772E-04  1.99597E-04  8.77516E-04
   10495.231    564.109  12.250  1.99600E-04  1.99401E-04  9.91722E-04
   10499.908    568.785  12.300  1.99423E-04  1.99212E-04  1.05525E-03
   10504.604    573.481  12.350  1.99238E-04  1.99024E-04  1.07375E-03
   10509.319    578.196  12.400  1.99045E-04  1.98835E-04  1.05305E-03
   10514.052    582.930  12.450  1.98845E-04  1.98646E-04  9.98029E-04
   10518.805    587.683  12.500  1.98636E-04  1.98455E-04  9.12281E-04
   10523.577    592.455  12.550  1.98424E-04  1.98265E-04  7.98119E-04
   10528.369    597.246  12.600  1.98200E-04  1.98070E-04  6.57321E-04
   10533.179    602.056  12.650  1.97975E-04  1.97878E-04  4.91872E-04
   10538.008    606.885  12.700  1.97739E-04  1.97679E-04  3.04665E-04
   10542.856    611.733  12.750  1.97497E-04  1.97477E-04  1.00394E-04
   10547.723    616.601  12.800  1.97246E-04  1.97269E-04 -1.14155E-04
   10552.610    621.487  12.850  1.96994E-04  1.97060E-04 -3.29687E-04
   10557.515    626.392  12.900  1.96736E-04  1.96842E-04 -5.35097E-04
   10562.439    631.317  12.950  1.96481E-04  1.96623E-04 -7.17898E-04
   10567.383    636.260  13.000  1.96230E-04  1.96400E-04 -8.65653E-04
   10572.345    641.223  13.050  1.95976E-04  1.96166E-04 -9.66959E-04
   10577.327    646.204  13.100  1.95734E-04  1.95933E-04 -1.01296E-03
   10582.327    651.205  13.150  1.95496E-04  1.95692E-04 -9.98772E-04
   10587.347    656.225  13.200  1.95262E-04  1.95443E-04 -9.23964E-04
   10592.386    661.263  13.250  1.95038E-04  1.95194E-04 -7.93418E-04
   10597.444    666.321  13.300  1.94815E-04  1.94935E-04 -6.16709E-04
   10602.520    671.398  13.350  1.94594E-04  1.94674E-04 -4.07559E-04
   10607.616    676.494  13.400  1.94370E-04  1.94405E-04 -1.82423E-04
   10612.731    681.609  13.450  1.94143E-04  1.94135E-04  4.12348E-05
   10617.865    686.743  13.500  1.93906E-04  1.93858E-04  2.46860E-04
   10623.018    691.896  13.550  1.93668E-04  1.93586E-04  4.20496E-04
   10628.190    697.068  13.600  1.93408E-04  1.93301E-04  5.52251E-04
   10633.381    702.259  13.650  1.93143E-04  1.93020E-04  6.36854E-04
   10638.591    707.469  13.700  1.92870E-04  1.92740E-04  6.74181E-04
   10643.821    712.698  13.750  1.92582E-04  1.92453E-04  6.68464E-04
   10649.069    717.946  13.800  1.92291E-04  1.92170E-04  6.27338E-04
   10654.336    723.214  13.850  1.91991E-04  1.91883E-04  5.60322E-04
   10659.622    728.500  13.900  1.91687E-04  1.91596E-04  4.77346E-04
   10664.928    733.805  13.950  1.91389E-04  1.91315E-04  3.87409E-04
   10670.252    739.130  14.000  1.91092E-04  1.91035E-04  2.97477E-04
   10675.596    744.473  14.050  1.90797E-04  1.90756E-04  2.11714E-04
   10680.958    749.836  14.100  1.90502E-04  1.90477E-04  1.31841E-04
   10686.340    755.217  14.150  1.90210E-04  1.90199E-04  5.72326E-05
   10691.741    760.618  14.200  1.89926E-04  1.89928E-04 -1.39654E-05
   10697.160    766.038  14.250  1.89643E-04  1.89659E-04 -8.39477E-05
   10702.599    771.477  14.300  1.89364E-04  1.89393E-04 -1.54194E-04
   10708.057    776.934  14.350  1.89090E-04  1.89133E-04 -2.24787E-04
   10713.534    782.411  14.400  1.88818E-04  1.88874E-04 -2.93933E-04
   10719.030    787.907  14.450  1.88550E-04  1.88618E-04 -3.57987E-04
   10724.545    793.422  14.500  1.88290E-04  1.88368E-04 -4.12071E-04
   10730.079    798.956  14.550  1.88034E-04  1.88119E-04 -4.50686E-04
   10735.632    804.509  14.600  1.87788E-04  1.87876E-04 -4.68994E-04
   10741.204    810.081  14.650  1.87543E-04  1.87630E-04 -4.63382E-04
   10746.795    815.672  14.700  1.87309E-04  1.87391E-04 -4.32702E-04
   10752.405    821.283  14.750  1.87083E-04  1.87154E-04 -3.78100E-04
   10758.034    826.912  14.800  1.86865E-04  1.86922E-04 -3.03391E-04
   10763.683    832.560  14.850  1.86651E-04  1.86691E-04 -2.14549E-04
   10769.350    838.228  14.900  1.86434E-04  1.86456E-04 -1.18484E-04
   10775.036    843.914  14.950  1.86222E-04  1.86227E-04 -2.24858E-05
   10780.742    849.619  15.000  1.86008E-04  1.85995E-04  6.71560E-05
   10786.466    855.344  15.050  1.85792E-04  1.85765E-04  1.45853E-04
   10792.210    861.087  15.100  1.85575E-04  1.85535E-04  2.11153E-04
   10797.973    866.850  15.150  1.85354E-04  1.85306E-04  2.62924E-04
   10803.754    872.632  15.200  1.85124E-04  1.85068E-04  3.02897E-04
   10809.555    878.432  15.250  1.84899E-04  1.84837E-04  3.33856E-04
   10815.375    884.252  15.300  1.84665E-04  1.84599E-04  3.58857E-04
   10821.213    890.091  15.350  1.84430E-04  1.84359E-04  3.80029E-04
   10827.071    895.949  15.400  1.84191E-04  1.84117E-04  3.98055E-04
   10832.948    901.826  15.450  1.83944E-04  1.83868E-04  4.11753E-04
   10838.844    907.722  15.500  1.83696E-04  1.83619E-04  4.17923E-04
   10844.759    913.637  15.550  1.83445E-04  1.83369E-04  4.12212E-04
   10850.693    919.571  15.600  1.83182E-04  1.83111E-04  3.89639E-04
   10856.646    925.524  15.650  1.82915E-04  1.82851E-04  3.46001E-04
   10862.618    931.496  15.700  1.82640E-04  1.82589E-04  2.78490E-04
   10868.610    937.487  15.750  1.82354E-04  1.82320E-04  1.87042E-04
   10874.620    943.497  15.800  1.82064E-04  1.82050E-04  7.45769E-05
   10880.649    949.527  15.850  1.81762E-04  1.81772E-04 -5.31096E-05
   10886.698    955.575  15.900  1.81459E-04  1.81493E-04 -1.87575E-04
   10892.765    961.642  15.950  1.81155E-04  1.81213E-04 -3.18781E-04
   10898.851    967.729  16.000  1.80854E-04  1.80933E-04 -4.36238E-04
   10904.957    973.834  16.050  1.80549E-04  1.80645E-04 -5.30101E-04
   10911.081    979.959  16.100  1.80248E-04  1.80356E-04 -5.92862E-04
   10917.225    986.103  16.150  1.79954E-04  1.80066E-04 -6.19523E-04
   10923.388    992.265  16.200  1.79665E-04  1.79774E-04 -6.08675E-04
   10929.569    998.447  16.250  1.79382E-04  1.79483E-04 -5.62385E-04
   10935.770   1004.648  16.300  1.79098E-04  1.79186E-04 -4.85787E-04
   10941.990   1010.867  16.350  1.78825E-04  1.78894E-04 -3.86412E-04
   10948.229   1017.106  16.400  1.78548E-04  1.78597E-04 -2.73174E-04
   10954.487   1023.364  16.450  1.78278E-04  1.78306E-04 -1.55399E-04
   10960.764   1029.641  16.500  1.78003E-04  1.78010E-04 -4.16005E-05
   10967.060   1035.937  16.550  1.77731E-04  1.77720E-04  6.12025E-05
   10973.375   1042.252  16.600  1.77455E-04  1.77429E-04  1.48225E-04
   10979.709   1048.586  16.650  1.77179E-04  1.77141E-04  2.17157E-04
   10986.062   1054.939  16.700  1.76899E-04  1.76852E-04  2.67879E-04
   10992.434   1061.312  16.750  1.76617E-04  1.76563E-04  3.02394E-04
   10998.825   1067.703  16.800  1.76340E-04  1.76283E-04  3.23931E-04
   11005.236   1074.113  16.850  1.76062E-04  1.76003E-04  3.36198E-04
   11011.665   1080.543  16.900  1.75784E-04  1.75724E-04  3.42550E-04
   11018.113   1086.991  16.950  1.75508E-04  1.75447E-04  3.45385E-04
   11024.581   1093.458  17.000  1.75236E-04  1.75175E-04  3.45526E-04
   11031.067   1099.945  17.050  1.74965E-04  1.74905E-04  3.42119E-04
   11037.573   1106.450  17.100  1.74694E-04  1.74635E-04  3.32963E-04
   11044.097   1112.975  17.150  1.74424E-04  1.74369E-04  3.14737E-04
   11050.641   1119.519  17.200  1.74156E-04  1.74106E-04  2.84090E-04
   11057.204   1126.081  17.250  1.73881E-04  1.73840E-04  2.38218E-04
   11063.786   1132.663  17.300  1.73611E-04  1.73580E-04  1.76010E-04
   11070.386   1139.264  17.350  1.73338E-04  1.73320E-04  9.83110E-05
   11077.006   1145.884  17.400  1.73063E-04  1.73061E-04  8.52996E-06
   11083.645   1152.523  17.450  1.72787E-04  1.72802E-04 -8.77220E-05
   11090.303   1159.181  17.500  1.72514E-04  1.72545E-04 -1.83138E-04
   11096.980   1165.858  17.550  1.72246E-04  1.72293E-04 -2.69608E-04
   11103.676   1172.554  17.600  1.71975E-04  1.72034E-04 -3.39386E-04
   11110.391   1179.269  17.650  1.71708E-04  1.71774E-04 -3.86148E-04
   11117.125   1186.003  17.700  1.71445E-04  1.71515E-04 -4.05931E-04
   11123.879   1192.756  17.750  1.71187E-04  1.71256E-04 -3.97771E-04
   11130.651   1199.528  17.800  1.70934E-04  1.70996E-04 -3.63850E-04
   11137.442   1206.320  17.850  1.70683E-04  1.70736E-04 -3.09023E-04
   11144.252   1213.130  17.900  1.70427E-04  1.70468E-04 -2.40202E-04
   11151.082   1219.959  17.950  1.70177E-04  1.70205E-04 -1.65228E-04
   11157.930   1226.808  18.000  1.69920E-04  1.69936E-04 -9.16737E-05
   11164.798   1233.675  18.050  1.69661E-04  1.69666E-04 -2.59811E-05
   11171.684   1240.562  18.100  1.69393E-04  1.69388E-04  2.75807E-05
   11178.590   1247.467  18.150  1.69128E-04  1.69117E-04  6.70631E-05
   11185.515   1254.392  18.200  1.68854E-04  1.68839E-04  9.30259E-05
   11192.458   1261.336  18.250  1.68575E-04  1.68557E-04  1.07903E-04
   11199.421   1268.299  18.300  1.68290E-04  1.68270E-04  1.15463E-04
   11206.403   1275.280  18.350  1.68008E-04  1.67988E-04  1.19658E-04
   11213.404   1282.281  18.400  1.67720E-04  1.67699E-04  1.24098E-04
   11220.424   1289.301  18.450  1.67431E-04  1.67409E-04  1.31109E-04
   11227.463   1296.340  18.500  1.67137E-04  1.67113E-04  1.41422E-04
   11234.521   1303.398  18.550  1.66847E-04  1.66821E-04  1.54212E-04
   11241.598   1310.475  18.600  1.66552E-04  1.66525E-04  1.67170E-04
   11248.694   1317.571  18.650  1.66261E-04  1.66232E-04  1.77173E-04
   11255.809   1324.686  18.700  1.65963E-04  1.65933E-04  1.80839E-04
   11262.943   1331.820  18.750  1.65663E-04  1.65634E-04  1.75304E-04
   11270.096   1338.974  18.800  1.65361E-04  1.65334E-04  1.58785E-04
   11277.269   1346.146  18.850  1.65057E-04  1.65035E-04  1.30988E-04
   11284.460   1353.337  18.900  1.64751E-04  1.64736E-04  9.31967E-05
   11291.670   1360.548  18.950  1.64444E-04  1.64436E-04  4.81112E-05
   11298.900   1367.777  19.000  1.64137E-04  1.64137E-04 -4.61824E-07
   11306.148   1375.026  19.050  1.63831E-04  1.63839E-04 -4.81829E-05
   11313.416   1382.293  19.100  1.63533E-04  1.63548E-04 -9.07712E-05
   11320.702   1389.580  19.150  1.63230E-04  1.63250E-04 -1.24670E-04
   11328.008   1396.885  19.200  1.62935E-04  1.62959E-04 -1.47461E-04
   11335.333   1404.210  19.250  1.62638E-04  1.62664E-04 -1.58144E-04
   11342.676   1411.554  19.300  1.62349E-04  1.62375E-04 -1.57168E-04
   11350.039   1418.917  19.350  1.62062E-04  1.62086E-04 -1.46349E-04
   11357.421   1426.299  19.400  1.61777E-04  1.61797E-04 -1.28488E-04
   11364.822   1433.699  19.450  1.61500E-04  1.61517E-04 -1.06835E-04
   11372.242   1441.119  19.500  1.61222E-04  1.61236E-04 -8.46036E-05
   11379.681   1448.558  19.550  1.60940E-04  1.60950E-04 -6.45625E-05
   11387.139   1456.016  19.600  1.60664E-04  1.60672E-04 -4.85201E-05
   11394.616   1463.494  19.650  1.60390E-04  1.60396E-04 -3.72552E-05
   11402.112   1470.990  19.700  1.60120E-04  1.60125E-04 -3.03899E-05
   11409.627   1478.505  19.750  1.59843E-04  1.59848E-04 -2.66801E-05
   11417.162   1486.039  19.800  1.59575E-04  1.59579E-04 -2.41544E-05
   11424.715   1493.592  19.850  1.59303E-04  1.59306E-04 -2.07055E-05
   11432.287   1501.165  19.900  1.59038E-04  1.59040E-04 -1.43594E-05
   11439.879   1508.756  19.950  1.58775E-04  1.58776E-04 -3.78228E-06
